2661
2685
2672
2685
10704
11136
2061
8161
7229
10079
7580
10200
3139
3156
3137
3156
10005
5652
10039
5652
8499
7304
2387
6113
2397
5412
4672
5412
3587
3588
3586
3588
9606
10178
2016
9376
2015
9376
10328
9376
9765
10357
8944
10357
7986
2553
10714
2553
8769
2553
8785
2553
10802
10782
11237
11937
11941
11937
186
11844
2140
4484
2140
2139
2140
9595
9587
3317
3459
7793
2510
2487
2510
3172
5297
4732
5297
4121
4237
11019
8985
3870
8985
10100
8470
2321
11752
7006
11336
631
540
646
848
10233
11869
9287
11869
9268
11869
8042
9298
8858
9298
8036
9298
8557
3652
3610
3652
6973
3652
10620
3652
533
577
4750
5156
2207
5156
4694
6221
7165
6221
4586
6464
5627
6464
3392
3412
953
954
190
87
11576
9280
10725
9280
6969
5588
2547
5588
328
441
2366
5459
2338
5459
1188
1411
3286
3297
3267
3297
1153
1256
1148
1256
7908
9221
7135
10839
11014
9464
2309
9464
1315
1254
1121
1254
1170
1254
25
321
10068
6280
10071
6280
7953
11452
2356
5475
6130
5475
9170
3522
4522
3522
9161
3522
5177
3522
9171
3522
4483
3522
7190
6298
10085
6298
438
439
1576
1577
11745
2899
2900
2899
3616
3632
3629
3632
3628
3632
7957
3632
1740
1679
1678
1679
1963
1926
242
956
11191
4871
1998
11338
2887
7905
4360
10906
3513
9113
278
1486
10739
2804
7953
2804
11598
2804
11747
2403
4866
2403
2229
6376
10571
6376
3440
3475
3467
3475
11852
8677
8162
8923
11309
8923
11327
8923
11820
7458
2743
5522
7173
5522
2529
2533
2490
2533
2146
7056
3442
10055
2562
2623
1651
1661
1967
1661
4594
5632
4492
5632
2931
2977
9400
10343
10859
10343
9693
10744
210
7589
4219
4263
11821
11138
1013
1099
1257
1099
1391
1099
3017
6587
5231
6587
336
453
4259
7843
4368
4321
11127
4321
8682
4321
2329
11467
7592
10214
11702
8969
9119
8969
3162
8969
3181
7162
1888
1728
7150
7310
4237
10444
10993
9859
2182
9859
3204
7758
4617
6875
11006
6875
11894
8853
4737
5641
3582
5641
11988
3775
9634
3775
2004
3775
3758
3775
7826
4548
2298
4701
8501
2669
7142
2669
7141
2669
7950
5183
10216
5183
7979
5183
7921
2504
11792
2504
4717
2504
6000
2504
1681
1682
1761
1682
7915
11815
8849
5960
4837
5960
4688
5960
1746
1648
1744
1654
2935
2936
2944
2936
4019
8349
8729
8709
8729
8709
1631
1824
3199
8294
8345
7646
10186
10645
11144
7406
4631
10405
2437
10405
752
748
750
748
23
12010
2451
6337
2443
6337
10091
10996
9665
7995
11177
7995
2940
4692
2014
11520
9410
11520
7445
3641
10726
3641
3198
5775
9068
5775
10647
7339
3052
3183
3185
3183
9767
11958
9146
10593
2986
3009
3022
3009
3856
9035
7868
3960
11066
3960
7821
3960
9176
3960
1420
1224
3049
8636
11966
9764
8892
9363
3285
3338
3336
3338
1328
1226
11431
7083
4079
7083
2995
5759
3032
5759
9569
4276
4156
4276
7824
4276
7526
7516
10079
10515
8581
10107
2065
11130
10709
11130
10693
11130
4523
11988
3845
3864
3865
3864
429
607
183
11027
7626
4034
7626
3097
6035
7836
10625
10567
5062
11761
5062
2756
8599
2453
6363
2425
6363
6765
6764
10802
9337
9364
9337
4324
8329
8012
8770
11887
8770
1860
1877
1617
1877
1668
1877
103
7565
3651
10566
3702
4398
8407
4398
2367
4398
7033
4398
3850
4398
4100
4398
4364
4398
3941
4398
8420
4398
3796
4398
8431
4398
8442
4398
3994
4398
3723
4398
2441
4398
4236
4398
3735
4398
3681
4398
11699
4398
4167
4398
8408
4398
3966
4398
8265
4398
10581
4398
2688
4398
10592
4398
11401
4398
3886
4398
3896
4398
2392
4398
11531
4398
2262
4398
3756
4398
3711
4398
8448
4398
8413
4398
8450
4398
4020
4398
8440
4398
3921
4398
3779
4398
8422
4398
10073
4398
11684
4398
2372
4398
11490
4398
4033
4398
8436
4398
8427
4398
2631
4398
3695
4398
3816
4398
3669
4398
3977
4398
4130
4398
3829
4398
10580
4398
8446
4398
4180
4398
7203
4398
8423
4398
2670
4398
4697
4398
4015
4398
8400
4398
3676
4398
3866
4398
8325
6859
9053
6859
7043
4611
7041
4611
7040
4611
1962
1776
1641
1776
11013
5338
8425
5338
10211
3759
8732
3759
3758
3759
3213
7857
2804
2810
8632
2810
4501
2810
11913
11242
8050
11242
11390
8833
9392
8833
11295
8833
2205
10482
4372
4380
9635
4528
10226
4528
4802
4528
2165
11767
11971
11330
9430
11330
2049
11330
2052
11330
11966
11330
2047
11330
9432
11330
7064
11330
9429
11330
1654
1906
1920
1906
8354
5864
9056
5864
7410
4618
5967
4618
11100
3062
4819
3062
10152
3062
6948
3062
9045
9875
4262
9875
10736
2258
10763
2258
7904
4968
4428
4968
11783
4968
5699
6537
4604
6537
4796
3074
11377
3074
801
598
1329
1231
984
1231
7566
5872
1530
1531
2011
7539
4835
10794
9360
10794
3406
10794
11039
10393
4686
10393
2042
11960
9398
11960
11961
11960
4190
7925
8271
10926
4555
10926
307
306
8593
9563
7864
8549
3864
10017
4710
7606
10588
7606
8510
10605
7886
10605
11806
10605
4140
10605
7796
2434
11411
2434
9185
2434
7394
5074
4194
5074
7813
6772
3875
3872
3841
3872
2660
4708
4335
4348
1945
1939
1946
1939
2337
4631
2137
2720
2136
2720
4680
2720
10972
7281
3997
7281
4526
6069
8340
6069
3419
4521
2413
7067
11136
11447
10695
11447
9611
11447
7418
6168
7415
6168
7409
6168
2887
6168
4770
10889
287
1483
10755
11824
8847
11824
11232
11824
3159
3167
5885
9772
1627
1892
1006
1007
7841
10124
10174
7365
8714
4651
3211
4598
10367
10366
4226
4411
2188
4411
4313
4411
3900
4411
10555
4411
5992
4411
11013
4411
2599
4411
11019
4411
4473
4411
10556
4411
10997
4411
3400
4411
10553
4411
11027
4411
11012
4411
4617
4411
6992
4411
10554
4411
11456
4411
5097
4411
3575
4411
5077
4411
11000
4411
11014
4411
2267
4411
3933
4411
2360
4411
11026
4411
10998
4411
10999
4411
11018
4411
2666
4411
11023
4411
3870
4411
11021
4411
2738
4411
11007
4411
3358
4411
7722
4411
11005
4411
4034
4411
11679
4411
11003
4411
3568
4411
2546
4411
2656
4411
4410
4411
11006
4411
11022
4411
11017
4411
11025
4411
11008
4411
5399
4411
8425
4411
11460
4411
11004
4411
3555
4411
4016
4411
7048
4411
11029
4411
2702
4411
3333
4411
6094
4411
2309
4411
2719
4411
11002
4411
7510
8903
9746
8903
2556
5538
2676
5538
6154
9168
59
3317
9069
544
545
2764
4580
4322
4328
1604
1605
1600
1605
2305
2454
11607
11747
9588
11747
5948
11747
9258
11747
9338
2781
9685
2781
11189
2781
11374
2781
2786
2781
11913
7220
5909
7220
10348
7220
12010
11990
10873
8935
10872
8935
4246
4287
11112
4287
8682
4287
11119
4287
8264
11599
223
7312
8399
5236
6563
5217
6563
5168
5167
10601
9537
10097
9537
10598
9537
11404
2190
2903
2919
2813
8529
930
931
9632
10695
7751
7696
7749
7696
10306
10270
1984
10270
10060
3538
6441
3538
11010
3538
4070
8619
5928
7945
2919
10946
2891
10946
1891
1730
739
757
834
757
5943
7316
11277
10315
8072
10315
4206
7174
2577
2635
3028
3227
3243
3227
2969
2973
303
302
8689
7815
8655
7815
9963
6248
9998
6248
11303
10816
10826
10816
11304
10816
2243
4061
7373
4061
5987
4061
4482
4061
958
961
4321
11772
2816
2849
2803
2849
7231
9311
11882
11849
10769
11849
10834
11237
9365
11237
10813
11237
11809
8673
11809
8673
3604
3612
8572
3612
2
11343
5389
5388
4969
9228
4969
9228
140
127
3785
10557
2249
2353
9332
2754
2604
2713
2467
2481
11135
2481
2514
7866
11963
10865
11326
10865
8925
9387
258
226
2902
5227
8268
6085
8266
6085
896
889
891
889
2146
4684
7235
7234
11364
9472
3484
9472
3707
9023
9997
9023
3715
9023
267
274
3397
5612
4675
5612
9700
11143
3192
8282
8268
9013
10492
9013
9190
10130
11779
3388
8622
3388
3383
3388
10165
9576
3922
10150
9623
8686
4265
9085
1931
1773
1519
1773
2171
10543
7399
7389
3692
3691
3684
3691
11865
4642
7461
4642
11841
4642
11558
4642
8556
2420
11784
2420
7354
2420
2411
2420
4702
7254
7701
7254
5703
5702
303
2694
6387
2593
2603
4692
6576
7755
6576
2560
8244
2617
8244
9120
5247
4652
5247
7710
5322
9988
5322
2317
2333
2289
2333
4548
2734
5167
2734
10110
2734
2988
2986
2981
2986
3199
6023
365
1615
3486
6472
11345
6472
2241
9248
173
71
2792
2829
2827
2829
4719
5691
9062
5691
3691
3702
7150
11681
9155
11681
6000
11111
4603
6228
7165
6228
445
446
10534
10494
8362
10494
1264
1261
3151
11472
3237
3247
3314
3322
3320
3322
8404
6311
4294
6311
7925
7893
7925
7893
643
568
567
568
1265
1259
1404
1259
64
315
7222
11645
10569
6230
7745
6230
8672
11113
11467
5425
2373
5425
2064
2065
330
444
300
298
3842
3861
2751
9250
3235
5273
3229
5273
4243
9966
2386
11683
6762
6761
3673
3682
10329
11907
10844
11907
5956
11907
8046
8856
1607
1833
1726
1833
1768
1833
4179
4193
4192
4193
2376
4614
7025
6326
8426
6326
8164
2016
3039
6993
4020
7663
3977
7663
2162
8627
8565
3425
8594
3425
3354
3425
8564
3425
11255
10752
2144
2583
5238
6596
5233
6596
2152
9639
1554
1555
304
400
11579
9346
2869
5861
2814
5861
4786
4785
124
8105
10865
9706
10853
9706
10159
10148
4571
8517
4571
8517
2764
3273
2910
2927
2949
2927
6814
5682
3332
5682
5992
9915
11679
9915
3309
10049
1042
1094
1309
1094
1394
1094
2407
2418
2411
2418
192
333
4032
7637
4560
7637
1327
1096
1189
1096
8053
11141
4788
11141
2493
8302
2128
4723
4325
4324
4298
4324
3635
4166
10221
10211
2734
6639
2699
6639
7416
9596
9604
9596
9256
9596
11587
9596
3988
10029
8152
11971
9434
11971
2886
2947
10157
2947
9594
2947
7680
10441
11366
5286
3161
5286
8823
9326
8823
9326
4708
10128
4761
3390
3382
3390
3980
9993
2853
6915
2881
6915
4316
4469
994
995
4145
8407
3516
5644
7928
8647
7928
8647
3812
4704
3304
3445
10752
10732
11243
10732
11173
10732
7160
6346
4610
6346
688
700
690
700
353
1032
10633
11070
5842
6706
10050
6706
7319
2501
11765
2501
2480
2501
5172
2501
1933
1781
1487
1781
7555
11341
8961
11341
12003
11341
6159
11674
7308
8291
7305
8291
11056
8291
958
959
4069
4115
4119
4115
7852
3286
11597
3286
8633
3286
4996
3286
777
772
519
772
778
772
4076
5390
4046
5390
8663
9230
2253
2367
3640
3644
3646
3644
4723
5445
4581
5445
10985
6250
10531
6250
1582
1897
2934
6966
10887
9761
2471
2492
2472
2492
11470
10268
11224
10268
3416
3540
8864
11229
7894
9224
7894
9224
8768
2792
7434
2792
6014
2792
2780
2792
6113
9461
4072
9461
4
336
199
3149
3153
2414
7033
4108
4226
8064
8057
8061
8057
2962
5745
9529
5745
513
802
508
802
1825
1889
1561
1889
1891
1889
11158
2089
10700
2089
8721
2089
2088
2089
168
49
286
929
7127
10675
5076
7676
6093
7676
2126
2188
11161
4874
3275
8379
2534
2556
2676
5540
2712
5540
8593
9170
9192
4600
8569
4600
7850
4600
414
670
718
670
559
670
1061
1062
2391
5153
2440
5153
1939
1670
1758
1670
2791
2801
7311
2801
88
647
648
647
11254
4769
4323
4330
8883
4578
10302
4578
10808
4578
10297
4578
3737
3745
3744
3745
11624
10432
11625
10432
237
30
2009
8883
9371
8883
2006
8883
5022
6845
6033
6845
8900
7218
9677
10741
2765
2817
8396
9825
7728
9825
11575
11582
10330
11582
2292
4072
2255
11509
8011
4423
150
8164
2145
2718
9992
9845
10036
9845
10012
9845
5219
6170
5003
6170
11053
7301
11844
4485
3167
6825
6026
6825
4191
11809
4335
4350
3719
3725
3708
3725
10047
10452
6416
10452
4301
4710
3217
3219
3242
3219
2103
2122
2121
2122
2287
5133
3130
11700
4218
10987
7403
10659
8688
10659
2319
10659
5948
10659
5932
11104
5932
11104
5024
6224
3129
6224
3564
6461
3581
6461
4684
7292
6387
7292
3682
7292
4704
7292
4710
7292
3694
7292
3795
7292
10579
7292
3830
7292
3773
7292
3934
7292
5941
7292
8403
7292
7055
7292
4371
7292
3726
7292
4725
7292
10567
7292
4203
7292
3701
7292
10560
7292
4649
7292
8433
7292
11736
7292
4073
7292
4131
7292
3667
7292
8416
7292
2391
7292
6139
7292
6981
7292
11761
7292
4569
7292
8417
7292
4585
7292
5488
7292
3788
7292
2733
7292
3738
7292
6364
7292
8443
7292
8402
7292
2440
7292
4402
7292
7045
7292
2077
7292
10587
7292
10563
7292
6802
7292
4044
7292
10577
7292
10573
7292
7046
7292
4630
7292
4592
7292
3712
7292
4551
7292
8445
7292
4292
7292
3675
7292
10588
7292
6806
7292
11687
7292
3754
7292
8437
7292
10578
7292
3815
7292
4673
7292
4935
7292
8411
7292
8057
8043
7296
8355
1106
1108
949
1108
4052
4970
11544
4246
11226
4246
11145
4246
9671
4246
2841
5725
7760
5219
2143
7053
3119
3133
6031
3133
338
1567
953
1229
9135
2442
2166
4620
3461
9895
3505
9895
178
119
4116
4157
4150
4157
3685
3694
3473
11619
2148
2212
7349
2260
10136
2260
10632
2260
4754
2260
9088
7251
3972
7251
1770
1951
3277
3309
3299
3309
8439
5340
8438
5340
11041
10502
8496
10502
4394
4400
4367
4400
8294
3236
7804
2808
8618
2808
3747
8241
4474
4530
4267
4378
4357
4378
8452
2731
7759
2731
727
705
476
705
720
705
11682
5694
5204
5694
999
1000
905
902
911
902
1583
1900
1766
1900
2250
2356
8608
8579
9315
8768
4595
5309
4181
5309
7790
9943
10648
11095
3286
3340
3344
3340
11600
4296
7774
4296
10105
5236
10102
5236
8478
5236
4276
10491
4475
8172
10000
8172
3551
6689
3451
6689
8738
7959
1552
1836
1687
1836
1819
1836
6979
6314
4520
6314
8842
7103
731
552
792
552
4057
6957
3425
7687
3179
3203
3202
3203
802
872
873
872
501
872
2640
10976
4513
7975
11820
7975
9324
7975
7469
7975
8830
7975
6409
5795
6388
5795
4104
4064
2152
4064
4103
4064
7931
4064
3952
3958
3599
3958
3523
4735
308
405
1513
1514
8042
9689
8858
9689
8036
9689
8860
9314
4382
9957
9113
6943
9108
6943
8067
8867
8071
8867
1298
1358
1098
1358
7867
8555
9278
2751
11161
2751
10757
2751
8752
2907
9272
2907
8751
2907
2779
2907
8499
5203
4455
5203
2927
7760
7799
7760
6785
7760
6784
7760
4102
4143
4140
4143
2469
2484
2843
4550
8885
11912
2160
4862
2160
4862
6144
6895
2692
6895
7474
5958
3785
3795
10773
4513
11595
4681
8876
7231
366
1053
11056
7308
11056
7308
654
638
666
638
10129
9546
4159
8317
7006
7005
11991
7005
4350
8252
11707
8252
6192
8252
2853
8252
4747
8252
10995
8252
4644
8252
2963
8252
5237
8252
4475
8252
9967
8252
5651
8252
8318
8252
2881
8252
4438
8252
3514
8252
2621
8252
10544
8252
11462
8252
9043
8252
10523
8252
3334
8252
5173
8252
10993
8252
4671
8252
10519
8252
9977
8252
6977
8252
5249
8252
9516
8252
9975
8252
2430
8252
10992
8252
4539
8252
4731
8252
6891
8252
4258
8252
4593
8252
2273
8252
9044
8252
3260
8252
10550
8252
10982
8252
4627
8252
10994
8252
9972
8252
4636
8252
5220
8252
1434
1101
1415
1101
1320
1413
1763
1920
1942
1739
1864
1739
1715
1637
5251
6616
5254
6616
48
1023
2960
2997
8555
3495
11082
3495
8591
3495
2122
4654
6775
10121
8742
8697
9038
4414
11041
4414
7535
4813
11668
7242
9930
7242
4530
8093
3509
6526
9107
6526
274
12004
665
866
868
866
727
866
867
866
475
866
729
866
2377
2451
2258
2383
2285
2383
5001
2784
2782
2784
11373
2784
4648
2784
7994
2784
4707
10937
3032
10937
9775
7460
2720
6396
10072
6396
2542
6665
4458
6665
164
65
1416
1328
1276
1328
1408
1393
2860
2879
2635
11676
6182
11676
3207
11676
11704
11676
5028
11676
2555
11676
2417
11676
3300
11676
2455
11676
2964
11676
6786
11676
2354
11676
4689
11676
5558
11676
3256
11676
5672
11676
6016
11676
2224
11676
4506
11676
2613
11676
2873
11676
3043
11676
2861
11676
3365
11676
3281
11676
2747
11676
1888
1598
5513
5495
6135
5495
287
375
11120
11106
11120
11106
6773
4435
5725
11665
2220
11665
3472
11665
4597
11665
7010
11665
4552
11665
2586
11665
4492
11665
8329
6278
8364
6278
856
846
804
846
10977
6300
10974
6300
2408
7171
648
875
4202
4205
7336
3071
3068
3071
3272
3277
2777
3277
8079
11577
7511
11577
8811
9665
11953
10791
10812
10791
9395
8066
10331
8066
1501
1504
2483
11108
7766
11678
9139
11678
7763
11678
7162
11654
8399
11654
11665
11654
8468
11654
6413
11654
2565
11654
4572
11654
2282
11654
7200
11654
11718
11654
5193
11654
4694
11654
2976
11654
8456
11654
5639
11654
5250
11654
3363
11654
2950
11654
3069
11654
4512
11654
4545
11654
4525
11654
3087
11654
4480
11654
8394
11654
8466
11654
8457
11654
5699
11654
4845
11654
4546
11654
7158
11654
2896
11654
4541
11654
8300
11654
4493
11654
4594
11654
4690
11654
6017
11654
5197
11654
4568
11654
8385
11654
4479
11654
4664
11654
3507
11654
5842
11654
4604
11654
4601
11654
8386
11654
8462
11654
7012
11654
4533
11654
4603
11654
4557
11654
3089
11654
7165
11654
4491
11654
3251
11654
3103
11654
7167
11654
10050
11654
3004
8468
1564
1872
1937
1872
11814
9300
11209
9300
11743
9300
9686
9300
11507
9300
8812
9300
7513
1985
537
905
910
905
1168
1434
1437
1434
1325
1434
2847
2855
723
675
722
675
11586
9278
2547
5590
3370
5590
2535
2567
4169
5071
9089
5071
2382
2431
3942
8607
2140
2138
2104
2138
11406
5277
3234
5277
9272
9616
9629
9616
10257
8015
5701
6546
8312
6546
11108
2508
2482
2508
2496
2508
10626
11050
3298
4634
3446
10005
7584
10802
9412
2039
11134
2106
2104
2106
10225
2106
4167
7284
4180
7284
2281
4524
4792
10198
10857
9396
9933
8232
3721
10963
11033
9526
1993
9526
3636
10099
2515
2742
3591
3590
4804
3590
7597
10180
2663
7039
3548
3574
11824
8752
7410
10627
5967
10627
3099
6037
7582
11550
7514
7508
5906
7508
10285
9335
2797
9063
11538
7138
9424
11955
11959
11955
3981
9999
11269
7431
105
5878
1397
1294
1052
1294
1135
1294
4306
4313
10604
7742
7119
7742
7118
7742
11925
8049
11746
4982
7451
4840
7449
4840
184
124
11920
5900
11044
10517
11044
10517
108
8148
11062
10105
10720
2284
7052
2284
10712
2284
7050
2284
10702
2284
7107
7106
7108
7106
7109
7106
9547
11608
8525
11608
8512
11608
10129
9144
3392
5574
1626
1779
1929
1779
11090
11077
10042
9514
9314
11845
10220
11845
4676
11845
6130
9877
2230
9877
3008
6182
97
7567
4010
4021
3986
4021
3864
3878
3893
3878
8125
10856
10358
10856
1400
1384
1402
1384
989
1384
7080
7855
2841
11707
6989
6569
5744
6569
10231
6778
10265
6778
5955
6778
7439
6778
9640
6778
11225
11883
3879
3900
9046
6800
8308
6800
422
870
417
870
279
277
3341
6514
8390
6514
2511
3362
388
572
570
572
3318
5206
6114
6877
4056
6877
6001
7879
7386
7879
5998
7879
5169
7879
7396
7879
7900
7879
3776
3777
3768
3777
11770
9182
9438
10291
8888
10291
259
11813
4496
7472
11874
2672
6144
6132
5436
2219
5436
6125
2171
8571
2171
9163
2171
2737
5509
11693
5509
6957
4098
7813
4098
2891
9800
5729
9800
8369
4004
10525
4004
3825
5038
10530
5038
635
900
904
900
3412
11606
11681
11606
11683
11606
4469
11606
9943
11606
4735
11606
11498
11606
11753
11606
4699
11606
8453
11606
11694
11606
8455
11606
4656
11606
7186
11606
6968
11606
10094
11606
11729
11606
10507
11606
7208
11606
11703
11606
7019
11606
7181
11606
10966
11606
10095
11606
4714
11606
3493
11606
6995
11606
8474
11606
8475
11606
7143
11606
10486
11606
11529
11606
6091
11606
4744
11606
2745
11606
4752
11606
7206
11606
11455
11606
11735
11606
4607
11606
4549
11606
7781
4199
4189
4199
4958
4199
11763
4199
2238
4080
2057
9778
4280
9569
7368
5139
9939
6335
11703
6335
10033
5362
4234
5362
10251
7997
7570
8128
4704
6063
8416
6063
3189
3206
2364
5777
2340
5777
11991
11985
4222
8441
2512
6999
4721
8029
11254
8029
3861
8211
3889
8211
11257
10302
9371
10302
11933
10302
1308
1296
1028
1296
1330
1296
4257
9037
3338
3436
2422
2460
2606
7784
2605
7784
4001
7383
11799
7383
8679
7383
3448
3509
5890
7451
11198
7451
3500
6004
3500
6004
10524
4944
7183
4944
59
23
3035
3038
9285
8732
9287
8732
5917
10647
10668
10647
4330
10407
5094
10407
2161
2242
10646
2242
5944
2242
4965
2242
8629
2242
7419
2242
4609
3139
3053
3139
1951
1878
1633
1878
1865
1878
5879
10883
4207
8432
9106
6909
9101
6909
2831
4561
182
352
5912
7484
8860
7484
6761
2760
9269
2760
4589
2760
7952
2760
3608
7907
8494
7751
3807
3809
3808
3809
746
851
749
851
1738
1676
3725
3736
3737
3736
11366
6836
9128
6836
3214
11722
2281
2308
4994
8741
8760
8741
9648
8741
2354
5477
4518
5477
10282
5914
9700
5914
7403
2231
11129
2231
7965
2231
188
340
3118
3112
3110
3112
1486
1489
3528
9478
5182
9478
10105
10057
9183
10057
10102
10057
2932
2975
590
655
639
655
3966
9500
8440
9500
11898
9633
2657
5809
6969
5809
3651
8268
8322
6585
9044
6585
7554
10379
11978
10379
4797
4796
2931
9523
2943
5736
5743
5736
26
9168
3477
6153
3477
6157
3477
8546
3477
4645
3477
3857
8675
3915
3914
3909
3914
3025
9076
2774
6814
2590
6413
168
172
4493
6653
4533
6653
11417
5112
10518
5112
867
602
10881
10355
2034
10355
5202
6500
4599
6500
2471
7356
1643
1644
7163
6633
2701
6633
7862
10043
11727
10043
178
358
9238
9585
3047
8659
3177
8659
10055
6478
10058
6478
7192
5295
7766
4235
8602
4235
3887
8987
3869
8987
8504
5670
7770
5670
7789
5670
4564
2687
6140
2687
3648
6076
8469
6076
10168
2103
10722
2103
8128
9413
3400
9814
10554
9814
4823
4010
3962
4010
9188
4010
11830
9653
1894
1724
2947
2959
2946
2959
3335
6523
3455
6523
11236
11595
9707
11595
10290
11595
1406
1308
1141
1308
6122
2251
2183
2251
11619
9909
9151
9909
3933
7260
11029
7260
3620
7212
1936
1782
1516
1782
5201
3295
3299
3295
2089
10164
8782
7442
3593
7442
4802
7442
271
6747
3670
2002
3670
8658
3670
2846
7731
1002
1003
11469
11900
9353
11900
5960
6010
10241
6010
10770
6010
2786
6010
10737
6010
11622
8452
11775
7808
18
1828
2104
11422
9523
9836
9521
9836
1771
1658
193
1658
3179
3189
3054
3189
8105
10768
3588
10579
9708
9323
9690
9323
2233
2292
2246
2292
9728
9724
9383
9724
8713
3920
10194
3920
3903
3920
11529
6450
4607
6450
7973
11604
7972
11604
3087
3088
9313
4994
10343
4726
10850
4726
1749
1963
1961
1963
1667
1830
1635
1830
6182
5245
3256
5245
4512
6613
7158
6613
3479
3486
869
752
696
752
11432
9703
3613
9087
9435
9430
12001
2053
11812
10172
11811
10172
7941
10172
11561
10172
7805
8491
11360
11361
7105
6385
2715
6385
10174
5189
675
853
7407
5920
11827
11819
1011
1012
2316
2301
7363
2301
4217
4269
4284
5088
3237
3245
3014
7718
11024
5486
4709
5486
3216
6194
8489
7122
6595
9819
4707
9819
9695
10241
10977
4361
8309
4361
7361
8502
11874
11161
10266
11161
6753
11161
2216
2218
4868
2218
2983
3022
11588
3022
7338
7801
2416
11712
11438
3473
9241
3473
3466
3473
8655
3473
10037
5981
10013
5981
4547
5824
2651
5824
11896
4658
10627
3225
3213
3225
7365
11082
4650
7817
4650
7817
11130
3719
7923
3719
9247
3719
11551
3719
9600
9194
10176
9194
10167
9194
5250
6819
6017
6819
1494
1495
4268
9613
3066
4890
5006
8976
3261
8976
2032
2033
3123
5022
11467
5473
2355
5473
3435
6724
3306
6724
5133
6323
11712
6323
3806
3824
3794
3824
4979
7792
6122
7792
3982
3981
3949
3981
4412
9450
4379
9450
4184
10555
12
1158
10381
7556
3338
7188
2028
10867
2121
4746
9193
4746
8596
4746
10139
4746
7557
9385
9390
9385
4780
9385
9059
5225
9067
5225
2849
5719
2663
2676
5667
6703
3499
6703
5576
6430
5175
6430
3656
6087
3648
6087
11380
7089
4838
7367
1107
1209
1230
1209
945
1209
3822
3830
9528
9886
10044
9886
10291
11876
8845
11876
10295
11876
4114
11417
2349
5419
2455
5419
4550
6730
5729
6730
2344
6369
2375
6369
10473
4446
1069
1128
10831
7492
11543
7492
3649
3954
4050
4048
2240
4048
9756
9750
4226
5116
4473
5116
8382
5773
8290
5773
9942
5374
4096
5374
2619
6424
4596
6424
9085
6261
9084
6261
3136
3165
3137
3165
7940
4149
11124
4149
4066
4149
7412
4149
7515
11865
10238
11865
10776
11865
4740
5830
3541
5830
10311
6949
8063
6949
3423
3419
3395
3419
6778
7947
11248
11921
11239
11921
7548
11921
8157
11921
188
84
973
1301
1387
1301
8068
10252
1828
1965
1966
1965
11827
11801
11292
10317
8098
10317
7899
2637
2579
2637
11117
2637
9603
2637
10869
8937
4286
4285
7932
4285
9243
4285
8726
4285
1605
1673
1672
1673
9981
6873
4376
6873
9290
5954
8088
7501
2492
3374
4987
3374
3748
3773
7293
9929
7401
3116
7941
3116
11561
3116
10681
3116
7517
11570
11914
11570
4113
9535
7107
5165
7110
5165
7109
5165
8956
11984
9550
10093
8742
10697
9421
8121
9419
8121
9420
8121
227
7583
8043
8802
4831
8802
4832
8802
11870
11191
8033
11191
5926
11191
4193
4223
4191
4223
2326
11501
4977
11501
4982
2663
4984
2663
4436
2663
4981
2663
2659
2663
7355
2663
3516
10015
7421
7016
4026
9949
8520
10607
11080
10607
11755
10607
2635
5786
4535
5786
5935
5934
6968
5562
4549
5562
5206
6535
3504
6535
5230
8180
7036
8180
5002
7418
122
8099
96
8963
8790
10232
658
650
667
650
2285
7927
10491
8198
10487
8198
9540
9873
6473
9873
5666
5850
4711
5850
9131
6929
6178
6929
8706
11391
3004
10066
4785
7065
1985
7065
8832
7065
4089
4129
9682
8791
4054
4111
7697
11613
9029
11613
9532
11613
3214
11717
11622
6886
3772
3786
3914
3934
11923
9369
10080
4028
10572
4028
11922
9730
3554
3562
2091
4426
7436
6750
4009
10468
3838
3850
8905
11854
11272
11854
10322
11854
11206
11878
11206
11878
9428
9424
8137
9424
10731
9261
6025
6827
5016
6827
3027
9132
3717
3727
790
777
523
777
7097
7829
11826
6748
190
7055
11669
6981
11669
11687
11669
546
740
489
740
601
740
4309
4372
8518
4372
8514
4372
8519
4372
3838
3848
10529
10470
3763
10470
3536
10470
4465
10470
11369
10470
7016
6152
11615
6152
4992
6152
3346
6152
10169
6152
2832
2893
4056
9847
4099
9847
4970
9811
4111
9811
2031
11287
10878
11287
11382
11393
7327
4487
11085
4030
9188
4030
3946
4030
10149
4030
11289
9728
4334
11611
4408
11611
5015
11611
1938
1898
1511
1898
1700
1898
2185
2254
7325
2254
4314
8178
4389
8178
11156
7420
11856
7420
2868
5727
8479
5727
2384
2389
2239
2389
2437
8200
10970
8200
4003
4952
4017
4952
5898
8079
8924
8079
7907
10161
1730
1681
1943
1681
10596
5848
3508
5848
4375
10985
5950
7986
5573
6656
3366
6656
3009
7734
9195
7333
1026
1027
11462
7603
8818
8782
11909
8782
7032
11193
11201
11193
9333
11193
11400
11503
2388
8357
4888
10923
2395
10923
7035
10923
9270
10677
7833
4564
2845
2866
11916
7481
8863
7481
3101
7713
5201
7353
11050
7754
1544
1545
1003
1299
1392
1299
1232
1299
3407
5828
4432
5828
2153
11803
3907
4932
4344
8343
8749
8744
10820
9656
8884
8055
7013
8055
7501
5911
4787
5911
7504
5911
2964
5747
2917
5747
2155
2234
2156
2234
2031
9748
4063
4050
8724
4050
2810
2815
2803
2815
5173
9827
3352
9827
7990
7973
9352
8839
2205
6132
1955
1733
1988
8906
3823
3828
2883
6728
5701
6728
983
1211
1306
1211
6958
9152
6442
9152
7457
3911
3904
3911
3734
3747
5008
7849
4876
7849
5007
7849
6039
6847
7737
6847
10686
6811
8626
2696
2691
2696
11494
2696
4597
6511
4552
6511
3415
6683
3543
6683
1038
1418
1183
1418
9098
6917
4662
6917
866
548
886
548
3683
8405
7963
7919
3637
9046
8686
8645
9252
8645
9605
8645
4278
7190
3441
3447
3316
3447
9728
10294
8875
10294
9718
10294
4590
6428
5174
6428
8643
11099
7590
10709
2661
6141
10865
10349
11962
10349
9760
10349
3941
7635
4033
7635
2381
5992
3165
6026
7452
10636
7985
10636
4192
10636
4827
10636
4978
2174
2116
2174
5991
2316
2257
2316
2313
2316
3608
4001
4858
4001
11428
4001
10691
4001
3092
4888
9224
8593
7894
8593
9215
8593
8686
2945
11817
2945
9252
2945
7955
2945
3351
9448
3401
9448
2784
11780
2941
8996
5742
8996
289
1973
8326
6272
9990
6272
1409
1398
1335
1398
2694
8444
2213
5447
2265
5447
4153
10969
3870
8214
11022
8214
11460
8214
2172
2220
3969
3992
3607
3992
11763
7781
11763
7781
7421
11615
265
8844
7454
5901
7454
8848
7454
6002
6001
3999
4941
4029
4941
8619
4117
4967
4117
4119
4117
8826
11814
10367
10853
2819
4660
2256
2365
1628
1911
1948
1911
1648
1662
1965
1662
548
642
865
642
3474
3571
8526
8482
11617
8482
9162
8482
8779
11163
8923
10833
11301
10833
11824
9272
11824
9272
1056
1057
1052
1057
7834
8566
8013
7434
7856
5918
1970
5918
6892
11514
11203
4822
7476
4822
1667
1770
1717
1770
4551
5427
6806
5427
11026
5090
4410
5090
11995
2067
2280
2281
2206
2281
3126
7720
10
4787
8927
8107
1997
9428
4252
8515
11279
11257
8610
2925
2894
2925
6783
2925
8528
2925
2673
5571
6411
5571
8531
9141
10125
9141
8538
9141
4380
11363
7122
11363
3562
11363
3259
11363
5235
11363
4038
11363
5098
11363
11706
11363
7105
11363
7164
11363
11468
11363
5230
11363
2851
11363
2749
11363
2429
11363
11039
11363
4575
11363
2715
11363
11758
11363
3264
11363
3262
11363
4683
11363
3019
11363
2209
11363
6548
11363
6469
11363
4314
11363
5698
11363
3289
11363
4743
11363
7036
11363
4215
11363
4126
11363
11705
11363
2823
11363
6128
11363
11364
11363
11394
11363
3305
11363
7069
11363
2448
11363
5135
11363
4331
11363
2569
11363
4531
11363
4389
11363
2941
11363
4365
11363
6145
11363
4626
11363
11542
11363
6013
11363
4053
11363
2658
11363
2263
11363
7207
11363
7014
11363
4515
11363
2872
11363
4270
11363
4198
11363
5742
11363
3484
11363
7112
11363
4291
11363
4686
11363
2498
2539
10800
11234
9518
9511
11227
9683
2188
9917
11007
9917
8394
6046
3103
6046
286
1971
3904
3918
3919
3918
4021
4024
10292
10770
10779
10770
11321
10329
9408
10329
3540
6448
4741
6448
9580
2606
2598
2606
10379
11480
6742
11480
7685
9026
8275
9026
8506
10599
11044
10599
10613
10599
8490
10599
10611
10599
2463
8625
3428
3427
8611
3427
744
807
823
807
3086
3090
365
503
9647
11158
3665
3668
3661
3668
3757
4912
10965
4912
7292
4463
7400
11505
7384
6008
2771
6008
8641
6008
9233
6008
7838
7810
2842
2857
1384
1198
1365
1198
11573
5931
187
348
2535
2565
10489
7258
10970
7258
1515
1518
11358
8889
9379
8889
311
310
1171
1396
3277
3275
6960
3275
11110
3275
6959
3275
10254
9667
9673
9667
9672
9667
9396
11358
9743
11358
10121
2516
7808
2516
7816
2516
6774
2516
7806
2516
8536
2516
3449
5668
2018
8926
3964
4008
4069
4114
7837
4114
11075
4114
7825
4114
3098
8393
10262
8794
4195
6096
2082
2083
9322
2083
403
798
408
798
3920
3931
1335
1416
990
1416
3443
6498
8653
8605
8653
8605
4572
5275
3251
5275
8825
8017
168
4622
6480
10059
6480
2609
2626
2530
2626
4284
10007
2420
10549
5880
9421
8734
9264
10301
11225
11268
11225
9224
3497
4994
3497
8760
3497
4995
3497
9215
3497
4804
8695
8941
1989
7773
9096
3743
10529
9228
2406
8516
2406
9231
2406
4969
2406
6017
5259
3251
5259
174
362
2637
2646
7525
4776
11679
10399
5399
10399
2885
7936
2181
10935
2226
10935
1941
1736
8433
9480
4569
9480
3442
8315
3939
3951
3593
3951
11559
8009
1983
8009
619
557
7140
7007
8501
7007
7142
7007
5121
5371
4055
5371
9085
6264
7709
6264
10051
6421
3402
6421
2283
2339
7554
8946
7356
10619
9048
9498
9049
9498
11608
11020
3459
11356
6035
11356
3167
11356
2190
11356
2353
11356
2556
11356
2676
11356
2893
11356
6026
11356
4888
11356
5024
11356
3100
11356
11711
11356
6131
11356
3129
11356
6989
11356
3361
11356
4745
11356
7015
11356
3435
11356
3170
11356
4885
11356
2884
11356
3248
11356
3576
11356
4738
11356
3096
11356
3569
11356
5006
11356
3261
11356
2712
11356
2456
11356
6149
11356
5192
11356
2870
11356
3036
11356
7002
11356
3527
11356
2395
11356
3306
11356
3209
11356
5014
11356
5253
11356
7027
11356
6029
11356
2573
11356
6011
11356
11710
11356
7035
11356
5241
11356
2994
11356
3015
11356
2223
11356
2614
11356
5659
11356
4718
11356
2862
11356
3121
11356
5744
11356
5017
11356
2641
11356
2588
11356
6163
11356
2914
11356
3301
11356
2727
11356
3705
8270
2959
2995
132
12005
2583
5497
4498
5497
6151
4437
4989
4437
6150
4437
3227
3259
2215
2310
2280
2310
10990
11624
4862
2162
6750
2162
2159
2162
2160
2162
4530
11292
2039
11292
8930
11939
7962
11805
2834
2843
2858
2843
4204
4207
4200
4207
5573
6667
3415
6667
9363
5951
11515
5951
8820
5951
8837
5951
11169
5951
10235
5951
2525
3371
8086
7504
615
745
731
745
7045
7669
4728
10903
11427
10903
1863
1941
1949
1941
7501
11156
7446
11156
3891
8366
11446
2758
10208
2758
11480
8124
11920
11186
10873
7533
11331
7533
2422
2458
3030
3040
8606
3040
914
909
913
909
72
11496
249
7782
9955
7949
7403
2804
7804
6010
7804
7516
8865
4321
5984
6412
5821
2679
5821
7860
8557
7422
11798
11974
8130
1507
1508
4282
11013
4790
10282
8936
11942
2030
11942
2028
11942
2549
2589
2551
2589
8768
7977
7434
7977
6014
7977
7925
9191
7893
9191
9223
9191
6037
7623
8077
11262
11915
11262
2055
2056
2732
5797
10069
5797
4060
6979
3522
4737
9942
11386
3827
5040
3817
5040
9274
4179
10256
4179
8814
4179
8838
4179
7492
8816
10298
8816
4060
4100
4359
9798
3436
6721
11698
6721
4561
9780
5220
9780
2298
4078
7853
3821
3820
3821
3950
3984
2871
2905
1529
1532
10476
4476
7961
10673
11454
11649
7086
11649
38
230
3412
6897
4744
6897
2628
7899
3203
4572
3782
3797
3609
9202
1194
1206
1251
1206
11350
11881
3877
3880
3865
3880
11922
9721
1299
1204
1283
1204
6782
6780
8731
4991
3892
3898
8000
3942
3939
3942
10018
6798
8414
6798
473
768
784
768
785
768
2454
9897
2342
9897
4509
4155
4156
4155
9099
6202
3161
6202
8562
8494
4153
11388
155
5880
11819
2304
11603
2304
2378
2304
4685
2304
5871
5898
7548
5898
9208
8543
3050
4838
2780
5002
4992
10686
4993
10686
9614
10686
1999
8150
8681
11796
10659
6955
7705
7685
2227
7685
7843
5942
6192
6191
1593
1594
8092
7510
11964
7510
11304
7510
11972
7510
4147
9979
8857
10244
8827
10244
9358
10244
7141
7140
1535
1839
1731
1839
1935
1839
4282
4364
7174
4763
3574
4763
3848
4763
10529
4763
2636
4763
2432
4763
3862
4763
2543
4763
10974
4763
2394
4763
10534
4763
4643
4763
3819
4763
9982
4763
10552
4763
3559
4763
9969
4763
2559
4763
10979
4763
10537
4763
8335
4763
8369
4763
5176
4763
8327
4763
10525
4763
3985
4763
8309
4763
2746
4763
2651
4763
9978
4763
8364
4763
10521
4763
2390
4763
10524
4763
8361
4763
8350
4763
2447
4763
7183
4763
2498
11498
2151
11188
472
473
8160
7553
2927
2969
2967
2969
177
117
4226
5117
6992
5117
356
1601
3471
5660
3470
5660
5190
5660
1437
1307
5968
6788
4886
6788
3987
5941
11176
5001
2534
11524
3873
3888
3230
6192
2813
2853
11698
9887
9974
9887
8294
7124
3436
7124
3038
7124
9934
7124
5181
7124
3359
7124
2863
7124
2953
7124
7182
7124
8271
7124
8426
7124
4781
10365
7390
7366
9642
10220
9936
4447
7809
8504
8700
8669
9385
9722
11956
9722
2234
2294
2235
2294
7417
3117
7401
3117
11807
3117
11139
3117
2703
2709
11263
11899
4577
11899
7506
11899
2323
2349
10873
8936
9706
3660
4760
3660
4420
3660
3702
7695
2367
7695
7033
7695
3850
7695
4100
7695
4364
7695
3941
7695
8420
7695
3796
7695
8431
7695
8442
7695
3994
7695
3723
7695
2441
7695
4236
7695
3735
7695
3681
7695
11699
7695
4167
7695
8408
7695
3966
7695
10581
7695
2688
7695
10592
7695
11401
7695
3886
7695
3896
7695
2392
7695
11531
7695
2262
7695
3756
7695
3711
7695
8448
7695
8413
7695
8450
7695
4020
7695
8440
7695
3921
7695
3779
7695
8422
7695
10073
7695
11684
7695
2372
7695
11490
7695
4033
7695
8436
7695
8427
7695
2631
7695
3695
7695
3816
7695
3669
7695
3977
7695
4130
7695
3829
7695
10580
7695
8446
7695
4180
7695
7203
7695
8423
7695
2670
7695
4697
7695
4015
7695
8400
7695
3676
7695
3866
7695
7969
10696
4993
4992
4993
4992
3929
3941
44
5888
4390
10945
3264
9019
4215
9019
4198
9019
10227
7946
1637
1790
1753
1790
8283
7270
8298
7270
7738
6201
7719
6201
5213
9118
1096
1408
2577
2636
201
216
11570
10316
3337
9009
3456
9009
2238
7315
10677
10174
10188
10174
10678
10174
9249
10174
456
457
8428
10539
10049
6722
9528
6722
3120
5024
10523
10925
6891
10925
7964
7926
5183
7794
11094
7794
3452
7794
2759
7393
3820
3822
3804
3822
2398
6118
2592
2599
9773
11334
3241
6019
1534
1535
2602
5787
2706
5787
8579
2770
2767
2770
5212
2770
8580
2770
2218
2329
11501
2329
8532
10606
11635
7605
7683
7605
11815
9201
7506
11263
7506
11263
8459
7017
11752
11357
4166
11357
11619
11357
7212
11357
4437
11357
5078
11357
5179
11357
10083
11357
3658
11357
7172
11357
6095
11357
4388
11357
10081
11357
4290
11357
3943
11357
10084
11357
11436
11357
11372
11357
2449
11357
3897
11357
4007
11357
2279
11357
7137
11357
4274
11357
4182
11357
7147
11357
3887
11357
6114
11357
5512
11357
3956
11357
2177
11357
10041
11357
3869
11357
3835
11357
10082
11357
2657
11357
6969
11357
5136
11357
2547
11357
3844
11357
4729
11357
7740
11357
7210
11357
10075
11357
4938
11357
3978
11357
7152
11357
3370
11357
4381
11357
4056
11357
2737
11357
3579
11357
2361
11357
7166
11357
4122
11357
3937
11357
5099
11357
11693
11357
10074
11357
11731
11357
11634
11357
3508
11357
4099
11357
11732
11357
3460
11357
4287
4571
10665
4427
9567
4427
10160
4427
9216
4427
10157
4427
9340
8810
11204
8810
9966
9788
10007
9788
4036
4090
4082
4090
88
1743
867
603
3021
3024
3012
3024
10151
3024
3255
3024
3757
4918
3770
4918
291
2623
5822
2679
5822
7418
2833
7415
2833
7409
2833
2826
2833
4426
11134
1622
1623
7750
10067
1634
1853
1667
1853
9363
10281
11515
10281
9511
8258
4312
8258
8603
9192
3777
3787
3761
3787
7917
7889
5429
6887
6137
6887
7082
11157
1608
1611
112
7543
10773
11187
10669
2161
4185
9086
2491
11497
8711
8685
3477
3487
9189
7150
2885
3030
11114
3030
10684
3030
9344
10254
10154
9559
2641
10389
2727
10389
2889
6575
8368
6575
11889
5952
2060
8140
11983
8140
624
573
3669
4848
3676
4848
2492
3372
3379
3372
3379
8553
557
654
406
654
2987
2985
2981
2985
8623
8510
10252
4727
9705
4727
11539
4727
8887
4727
10738
4727
9370
4727
2975
9488
8311
9488
8923
11293
8926
11293
11298
11293
2356
11387
8317
11387
2975
11387
11386
11387
2557
11387
2892
11387
10018
11387
4096
11387
6130
11387
5560
11387
3044
11387
9986
11387
8312
11387
3544
11387
10077
11387
8388
11387
10038
11387
2435
11387
8414
11387
10828
1979
10543
5487
2264
5487
2466
2470
2464
2470
8397
5030
8398
5030
2303
11721
7971
3952
3962
3952
723
746
8066
7494
7499
7494
7498
7494
4005
6073
3965
6073
11011
6422
4467
6422
9536
5372
4095
5372
1995
10893
235
1209
1205
1217
1205
11422
11421
7406
3932
10194
3932
3928
3932
9254
3932
10831
10815
11723
7816
11060
11549
3557
3564
7510
8899
3937
5050
10074
5050
11974
9422
10593
9073
11535
8804
3961
8403
2520
4747
3735
4911
3756
4911
2896
6559
4541
6559
12007
10866
11754
7865
11550
7557
11893
4828
4987
8533
8645
2923
2894
2923
6783
2923
8528
2923
3135
5932
9330
11797
10566
6086
7008
6086
2663
2677
4038
8977
5135
8977
4619
8623
2603
5564
6143
5564
9663
10234
9060
6488
4677
6488
11601
9575
213
7420
3050
11840
3050
7429
3050
7426
3050
7794
7130
11192
11162
5237
8973
3018
8973
244
3210
6837
9122
6837
6158
7839
4761
7839
3719
3737
3731
3737
2503
5572
8560
9142
502
739
596
739
645
739
3683
9512
11969
11963
10364
11963
8408
9863
8440
9863
5240
6184
7194
6184
11948
11932
5884
11932
11307
11932
2353
5476
6131
5476
8882
8849
1573
1574
4395
5078
10472
10905
4216
10905
7994
7906
7582
11286
4249
5100
2649
2673
11302
9738
2406
4040
3390
5179
2368
6375
10571
6375
11790
11362
2971
5737
2942
5737
8533
8481
3911
8713
292
4797
1166
1425
1448
1425
11553
8754
3650
8353
5195
3572
10597
3572
9649
9271
9344
9271
1639
1665
1764
1665
11699
10458
2670
10458
11275
11952
10823
11952
9731
11952
536
829
907
829
2527
9077
3475
3476
207
138
3116
7343
3142
7343
7774
7744
11080
7744
11755
7744
3147
10056
4684
7055
3795
7055
10579
7055
3773
7055
5941
7055
3701
7055
10560
7055
4649
7055
8433
7055
11736
7055
4131
7055
8416
7055
2391
7055
4569
7055
5488
7055
8402
7055
2440
7055
2077
7055
4044
7055
4292
7055
3675
7055
6806
7055
8437
7055
3815
7055
4708
4984
10577
4821
10578
4821
1972
3078
3077
3078
8899
9359
3008
3013
173
112
3098
3100
11764
2282
3532
10589
9239
3179
4879
3179
3178
3179
10658
3179
2501
7200
5078
6271
4381
6271
7080
7079
8300
5763
8385
5763
4275
5364
4232
5364
33
1746
10020
6077
10526
6077
2648
2686
2531
2686
11582
9375
11968
9375
9402
9375
4058
7178
3960
8420
1456
1455
10817
10304
8901
10304
11581
3155
3141
3155
7383
8603
9991
5838
4734
5838
1756
1933
5143
6359
4696
6359
3989
3991
3772
7782
3783
7782
8270
4898
3703
4898
1625
1626
1621
1626
8310
4942
10010
4942
1508
1856
1700
1856
1512
1856
7376
7357
8730
6002
3900
8986
11019
8986
11773
4880
1340
1127
4405
8333
5929
8734
10669
2244
7380
2244
5945
2244
11932
11569
2523
3364
3749
3763
3330
6512
5674
6512
12008
11993
6097
6863
4417
6863
8585
9184
10856
11288
8107
11288
8106
11288
9404
11288
11096
11081
3890
9837
2541
6142
160
8056
8829
8891
8829
2330
5155
3824
3838
3810
3838
2284
5991
526
741
751
741
724
741
4001
4002
3952
4002
3130
11711
211
8392
6738
2850
6738
200
93
4108
10083
197
7541
11325
10876
11325
3170
6208
5017
6208
1332
1406
1269
1406
8577
7107
2576
10516
6152
6438
11109
6438
8105
7515
4153
4275
2201
6131
1963
1962
1750
1962
7358
6109
3099
6036
3040
10626
7191
11802
1978
11802
3943
7625
3937
7625
160
47
2489
2549
2571
2549
9405
4668
7406
3912
3909
3912
10194
3912
9254
3912
8073
11258
8555
9151
11082
9151
8547
9151
9969
5114
10521
5114
7332
3463
8488
3463
6813
6812
6813
6812
8113
10857
4516
10857
9765
10857
11205
11125
7177
11125
2311
10565
4207
8434
75
7566
125
1157
8054
7482
7488
7482
9716
7482
3825
4931
3814
4931
4635
8720
1979
5912
10820
5912
1980
5912
1541
1542
3112
3114
3105
3114
11441
9876
7287
9876
7227
9876
4618
5008
6133
5463
6129
5463
969
1210
1305
1210
143
96
3130
7214
2015
10843
447
753
10034
4951
10037
4951
11911
7444
9732
7444
10837
7444
9664
7444
9299
7444
10200
10162
10895
10162
8658
10162
11943
10310
10318
10310
8927
11949
9404
11949
10861
11949
3775
3776
11137
3776
2085
3776
3792
3776
1762
1934
7026
6876
4605
6876
2837
2903
2900
2903
7898
5207
11200
10758
8902
11515
9323
8781
2220
5437
4525
5437
4025
8454
3416
4497
8
331
11148
11392
2315
2399
1866
1759
9778
9438
7006
9438
1576
1827
2933
2935
4503
2935
11609
2935
2911
2935
3035
9131
9373
11256
1743
1657
2815
9109
7903
2529
4983
2529
11537
2529
447
448
9967
10406
4593
10406
10849
8919
4507
8919
11147
7405
10213
7405
8626
9208
9583
9208
10158
9208
11126
10646
8467
8190
9954
8190
4369
4371
4350
7645
9043
7645
11950
11929
11944
11929
11958
10339
4773
10339
8101
10339
8123
10339
11308
10339
11497
6151
1682
1849
1572
1849
1767
1849
2497
2619
9072
5776
9070
5776
3191
3207
8847
11820
11232
11820
9312
7996
9308
7996
8835
7996
8966
12013
4970
9812
4076
9812
2948
10995
3340
3437
11518
8635
8722
8635
11814
11502
11743
11502
8812
11502
9989
9036
9040
9036
4041
9036
3332
9036
7723
9036
3539
9036
10768
11192
10285
11192
10776
11192
135
7593
9633
4259
10217
4259
4178
4259
8746
4259
8813
8792
9533
4112
9534
4112
1516
1517
4495
4736
11514
5796
2642
5796
791
841
7584
2057
9326
7976
9319
7976
11756
10975
11998
9440
4669
9440
3554
3561
9772
8089
11307
8089
11931
4809
721
643
11784
8556
11784
8556
71
1058
2402
2379
4976
2379
9271
9262
9249
9210
3917
8188
8373
8188
8816
8801
11480
11479
10959
11612
3738
4914
3754
4914
8261
4477
11858
10760
3782
3796
558
861
793
861
2501
6896
2808
2883
285
9684
8817
2669
5561
2678
5561
10278
10231
1255
1353
1479
1353
10834
10308
1755
1928
2749
9896
2715
9896
11129
2164
4700
2164
11188
8718
11800
8718
7464
8718
8088
10251
3357
11779
1111
1112
933
1112
3225
5010
3203
3235
11291
7502
55
57
4840
11100
9598
11100
2026
8122
3339
11704
5905
2009
1896
1884
1740
1884
2254
2355
2046
4670
7585
2043
1399
1300
1059
1300
1134
1300
8934
7491
10533
6262
10986
6262
2957
5235
11716
6210
5020
6210
4243
4295
1695
1696
1741
1696
4991
10687
11502
10687
3525
6440
9167
10103
11467
10959
8291
10959
10976
10959
5203
10959
3495
10959
3362
10959
9046
10959
8315
10959
5100
10959
2355
10959
10006
10959
8367
10959
9047
10959
8356
10959
8308
10959
3578
10959
3530
10959
6983
10959
11448
10959
3398
10959
2178
10959
2744
10959
10988
10959
8331
10959
8354
10959
8334
10959
8303
10959
11493
10959
9984
10959
9048
10959
4750
10959
9050
10959
8332
10959
10980
10959
8326
10959
8376
10959
2373
10959
9049
10959
7703
10959
8345
10959
8325
10959
10983
10959
4733
10959
4554
10959
9056
10959
3279
10959
4628
10959
3307
10959
9053
10959
2564
10959
7708
10959
2207
10959
9971
10959
9054
10959
10540
10959
2710
10959
2620
10959
11440
10959
8374
10959
9042
10959
9990
10959
2459
10959
4124
10959
2682
10959
10021
10959
10030
10959
8328
10959
8084
11877
1991
11877
3631
11416
8515
11045
3807
3840
3839
3840
6741
6740
6741
6740
1491
1492
7231
3313
9641
3313
9304
3313
9678
3313
8775
3313
4543
3313
1506
1507
3143
5021
11301
8065
4299
7791
2686
11713
2690
11713
10218
3982
3940
3982
9591
3982
9327
9666
4972
11083
3156
11718
159
370
1928
1908
1929
1908
1624
1908
1161
1464
1467
1464
2847
2856
43
129
7884
9204
2410
4574
8802
8016
8017
8016
3714
4900
3700
4900
140
150
3408
5840
3529
5840
11152
9615
11800
9615
2151
9615
843
651
423
651
9080
5313
9084
5313
11774
8583
11791
4878
7364
3021
11724
7802
2765
10006
2660
2627
2513
2627
2820
6545
7059
6545
4006
5982
8469
5982
7514
9395
10381
8927
2842
7198
11723
2517
11775
2517
2550
2517
221
142
10070
9939
4426
2105
8876
10284
11842
10284
4543
10284
4092
7180
3634
8418
7835
7099
3479
9525
4256
6097
2910
7963
3559
6693
10528
6693
163
108
1544
1799
8168
7006
3079
3080
2303
2302
7363
2302
7817
3199
3185
3199
5013
3199
11721
9545
1326
1323
968
1323
1717
1634
3226
6615
5252
6615
5945
5944
254
4427
5004
3058
3098
4841
3098
8130
8947
8951
8947
2648
2647
2581
2647
7545
11974
10375
11974
12003
11974
2244
2407
2240
2407
10022
6525
10061
6525
6745
10242
2978
10242
3150
9097
9343
9693
8872
9693
8890
9693
8026
7121
10677
3496
9210
3496
3521
3496
10678
3496
11436
6395
2177
6395
3954
10460
5897
7937
4801
7937
3919
7937
11862
7937
11512
4362
697
649
83
649
11726
8501
3488
6939
6439
6939
4778
4777
9141
11670
2234
2291
2246
2291
1756
1883
1490
1883
7859
11074
4263
5080
4386
5080
1027
1028
11544
4139
11226
4139
9671
4139
4066
4139
3402
6666
5623
6666
5200
5199
3151
11716
4278
8367
4116
4509
11471
4509
4104
4509
2406
4038
8922
9740
7024
9740
3930
3944
11413
5098
4708
4436
8457
6204
4690
6204
7012
5496
4533
5496
4204
4206
4211
4206
4151
8492
305
241
10894
10171
4766
10171
9244
10171
8666
10171
4411
11418
1698
1840
1524
1840
1818
1840
8677
9595
11805
9595
9245
9595
2415
7211
7955
7029
7343
3149
11589
3149
10527
4165
8361
4165
6122
2252
2183
2252
1763
1785
1744
1785
6759
2317
5990
2317
7888
2317
3462
6490
8338
6490
3157
6027
2514
10637
2458
8997
4046
8997
8009
3048
3046
3048
7082
3048
10240
3048
11078
7128
10628
7128
7827
7128
4600
4954
4006
4954
11929
9325
11346
5285
3197
5285
7138
7441
8896
7441
8790
7441
10821
7441
11183
7441
12006
12001
6004
3446
5186
3446
3310
3446
2929
7732
1965
1960
1746
1960
19
1750
1397
1295
1054
1295
3391
9047
10227
2093
2963
6916
5218
6916
2553
2697
2550
2697
3230
8383
11190
8784
9659
4830
7772
8451
3507
6705
10050
6705
1418
1332
1043
1332
11703
6345
4714
6345
2442
5149
2396
5149
2506
9134
3897
5048
10074
5048
7852
3285
3284
3285
11088
3285
11089
11076
9570
11076
471
472
143
89
10310
8879
11118
4116
5921
4116
2036
4773
10374
4773
4370
4374
11741
5446
4581
5446
6156
6154
7847
11065
197
205
3372
11706
235
20
202
20
21
20
252
20
231
20
270
20
266
20
267
20
251
20
269
20
136
20
253
20
229
20
276
20
268
20
6966
6965
3296
11423
2713
4419
10543
4419
9993
4419
7053
4419
7687
4419
2431
4419
10549
4419
8366
4419
3984
4419
8353
4419
3426
4419
10003
4419
7003
4419
8316
4419
10533
4419
10986
4419
8310
4419
2366
4419
10020
4419
3825
4419
10001
4419
7215
4419
3847
4419
8358
4419
3780
4419
2743
4419
10008
4419
3814
4419
10010
4419
9981
4419
3740
4419
5120
4419
8305
4419
7173
4419
8370
4419
4376
4419
11742
4419
3707
4419
8299
4419
10032
4419
3774
4419
8352
4419
8341
4419
2705
4419
10535
4419
3868
4419
8337
4419
9985
4419
10480
4419
3360
4419
10526
4419
10546
4419
3755
4419
9997
4419
8375
4419
8359
4419
3715
4419
2264
4419
8336
4419
6803
4419
2681
4419
3936
4419
10548
4419
2338
4419
8372
4419
10530
4419
9964
4419
9300
11708
846
744
463
744
732
744
11401
5426
2372
5426
2064
2066
11509
6134
2274
6134
4397
9965
8621
11723
7876
11723
8620
11723
11721
11054
8697
2468
8717
2468
8012
2468
7463
2468
8735
2468
3107
5028
11097
11078
1530
1693
1692
1693
11567
11291
7521
11291
8622
8567
9160
9154
4053
5129
7112
5129
8883
8855
10297
8855
11417
5111
4125
5111
10715
11607
11602
11607
11159
11607
10627
3223
3026
3223
573
656
376
656
380
656
6761
10663
9269
10663
7952
10663
5877
2015
2005
8138
2010
8138
2011
8138
8142
8138
2008
8138
2007
8138
2012
8138
2590
2607
4574
6325
9081
6325
4323
8431
3682
4850
3675
4850
3014
6595
9316
4562
6756
8039
6756
8039
3355
3426
4021
7752
8515
8508
7685
9027
7684
9027
3263
9490
4563
9490
1550
1551
8251
11650
7132
7148
7410
3028
2984
3028
8862
9705
8257
4934
87
4786
10868
8106
8932
8106
7494
9345
8393
6047
4887
6047
2466
8742
3110
3111
4839
3111
3114
3129
9071
9916
10046
9916
7792
7049
8656
2232
2950
5223
4541
5223
7172
6274
5099
6274
5019
9846
11697
9846
4111
5361
8439
5361
4221
8442
3873
11019
4671
8212
3260
8212
10016
8260
7297
4486
11926
10301
11926
10301
8814
7452
3717
3726
3987
3994
6021
5269
3209
5269
8034
8808
2101
8808
11199
8808
5102
9790
4366
9790
4588
4088
11754
4088
5988
4088
10642
4088
6026
6826
5014
6826
8274
4920
3770
4920
11832
4189
4163
4189
751
863
729
863
1101
1103
1414
1103
4621
8731
7978
2241
11602
2241
11159
2241
7992
2241
24
325
3460
7659
2937
6989
2511
3361
8376
6120
2373
6120
11343
11261
9195
9181
4067
7987
2633
6657
4751
6657
8579
2768
8624
2768
2767
2768
3961
8356
11771
2579
2581
2579
11171
9643
8775
9643
10296
10292
4616
5726
2878
5726
4978
2172
2116
2172
11045
4245
8508
4245
4141
4245
8476
4245
2771
3269
7836
3269
7392
5994
4061
11695
1563
1564
861
843
627
843
2838
10053
5560
6643
8324
6643
4089
10033
2774
4719
2331
7268
2273
7268
3297
9989
3024
9120
2961
5746
2972
5746
3008
6181
10778
4225
11226
4225
7932
4225
9243
4225
8726
4225
8772
9657
11846
9657
8025
9657
8317
7675
8321
7675
9610
10676
4010
4022
3986
4022
4091
4473
3653
3658
501
502
2534
2555
1362
1197
1361
1197
2845
2867
242
5890
995
1362
1398
1362
1395
1362
8543
8484
8554
8484
9159
8484
8081
8907
11319
8907
10350
8907
11320
8907
8006
8751
9691
9274
3942
10218
7176
6846
11439
6846
9284
7432
2080
7432
3734
3746
4265
7741
3495
5658
8315
5658
11746
4981
7328
4824
8393
6790
6036
6790
3860
3890
2687
9826
2560
9826
9358
11882
6775
6774
194
2432
6373
2447
6373
9046
5072
8332
5072
2452
5423
2435
5423
2379
2432
1714
1753
1764
1753
3875
3874
3841
3874
9667
8760
8936
10801
11276
10801
309
44
3221
3226
3654
8308
6182
5769
3043
5769
11866
9290
11705
5578
4626
5578
4334
5330
4349
5330
1862
1843
1823
1843
1587
1843
6999
5600
2545
5600
10721
11129
11884
11129
8771
11129
7981
11129
11195
11129
1323
1153
1188
1153
10148
4540
9543
4540
8575
4540
2724
8231
4155
4153
4107
4153
574
676
584
676
2516
2741
8694
11751
8065
10817
11294
10817
2892
8975
10052
8975
3064
3072
7336
3072
11447
3423
6152
3423
6811
3423
8612
3423
7568
5874
4310
6953
10645
9577
11426
2268
2092
10792
2976
5226
2950
5226
9740
9386
2330
4745
9262
10188
3313
10188
9609
10188
8710
10188
3767
3769
3752
3769
7786
3578
7324
3330
3440
7867
182
7120
9933
8441
6869
7741
6869
7133
7555
295
1975
4206
10556
5874
11329
9201
3600
9200
3600
9211
3600
3602
3600
8482
10089
290
1491
2649
2675
1688
1690
1546
1690
4692
6577
9100
6577
1337
1100
1010
1100
1257
1100
4220
4219
4214
4219
139
7579
7085
7768
7085
7768
3072
5970
9219
2987
2982
2987
174
363
3226
5246
7194
5246
3704
3710
3713
3710
2173
4725
3349
3350
8104
11904
7527
11904
7866
2659
10028
9953
1995
8959
123
8103
451
452
10732
8687
11158
8687
3478
3485
6387
6386
6387
6933
5488
6933
8307
9869
7021
9869
4323
7172
4084
4133
1266
1312
7
11
11520
11519
11521
11519
9966
8251
10029
8251
2451
8251
7171
8251
10005
8251
9999
8251
4098
8251
6999
8251
10015
8251
10007
8251
7211
8251
9965
8251
10033
8251
2741
8251
10039
8251
2393
8251
10034
8251
10031
8251
4679
8251
9992
8251
11463
8251
2443
8251
7044
8251
7163
8251
4705
8251
3535
8251
9994
8251
9991
8251
10002
8251
9968
8251
2852
8251
9970
8251
2545
8251
10037
8251
2345
8251
10026
8251
10013
8251
7151
8251
10035
8251
11680
8251
6148
8251
9963
8251
2278
8251
2363
8251
10025
8251
9973
8251
7023
8251
2683
8251
10036
8251
9995
8251
3457
8251
7689
8251
10027
8251
4234
8251
3282
8251
7710
8251
7704
8251
9988
8251
10012
8251
2701
8251
4713
8251
4734
8251
10014
8251
9980
8251
9998
8251
11489
8251
2880
8251
5896
3970
10682
3970
3593
3970
11911
9373
9732
9373
10837
9373
8161
9774
8159
9774
8789
10718
3237
3246
4738
5710
6163
5710
9979
5350
10478
5350
10055
7241
2720
7241
2603
7241
3540
7241
2212
7241
10057
7241
6814
7241
10043
7241
10066
7241
7734
7241
2866
7241
2365
7241
4078
7241
7178
7241
7214
7241
3235
7241
5021
7241
7180
7241
10053
7241
9989
7241
4540
7241
10065
7241
3205
7241
10054
7241
10051
7241
2344
7241
2610
7241
7209
7241
2882
7241
7714
7241
6143
7241
10076
7241
10063
7241
5216
7241
2375
7241
3031
7241
7738
7241
3042
7241
4041
7241
7201
7241
7192
7241
7202
7241
3570
7241
3229
7241
7772
7241
2667
7241
3402
7241
3332
7241
7205
7241
4231
7241
2735
7241
10062
7241
2276
7241
5623
7241
7719
7241
10072
7241
4741
7241
7189
7241
3583
7241
10011
7241
6998
7241
10048
7241
2920
7241
2824
7241
3539
7241
2848
7241
10148
10122
1897
1896
1579
1896
375
376
4666
5485
2261
5485
5914
11451
8032
11451
5087
6290
5094
6290
229
81
2376
2452
143
7988
2752
11864
2752
8759
2752
4589
2752
11937
9319
247
3912
10583
5015
3193
405
406
11153
4861
4860
4861
175
366
4671
6609
5249
6609
8444
5785
2732
5785
4474
4682
7519
4682
11319
4682
2040
4682
6013
7607
5742
7607
2796
7015
9090
10016
11648
10016
7500
7232
8960
2049
2048
2049
9937
9474
9962
9474
4563
10418
3257
10418
9713
9699
2882
6536
2824
6536
10517
8284
9039
8284
3362
5614
3398
5614
11767
2148
9164
2148
2113
2148
3991
10927
7508
11913
8479
7066
2913
10065
3520
5193
3772
3785
3783
3785
2748
6885
2644
6885
4145
4273
7079
11677
8563
11677
7078
11677
7987
4425
8640
11107
5026
9823
4728
9823
1425
1444
1076
1444
11227
11578
5903
11578
11215
11578
3601
3614
3604
3614
11860
7468
11960
11554
8914
11554
211
146
3437
9885
5205
9885
2083
11576
9774
11576
10879
10367
10884
10367
3698
3704
3687
3704
9510
4445
10174
3469
3433
3469
10083
5115
4122
5115
4365
8171
4291
8171
9037
4390
4195
4390
3638
10492
10897
11241
3253
6823
3244
6823
7492
11565
10298
11565
11104
3166
5932
3166
7357
3166
3136
3166
3321
3324
3272
3324
3710
3723
5574
10947
3401
10947
718
706
411
706
611
706
9271
9609
9135
2441
2102
2128
2125
2128
968
1123
11371
7317
7798
7317
9174
7317
1000
1001
10546
6319
8375
6319
9116
5704
9117
5704
10583
7252
9088
7252
2341
5469
10552
5469
7569
2029
2148
2211
2315
4644
8851
11870
3112
3115
3105
3115
4265
10501
4395
8460
9295
4286
9291
4286
7448
4286
9299
4286
3959
7697
3764
8242
7094
7093
3455
6474
3501
6474
2884
5723
2862
5723
2711
2732
10556
5324
6094
5324
2639
5166
4085
9536
10015
6699
10039
6699
8152
10879
9968
6240
10027
6240
8461
5205
7771
5205
3811
3813
3810
3813
3487
6462
3565
6462
3388
3414
2220
5435
4491
5435
3547
4495
4608
11574
3611
3654
11069
3654
7780
3654
7752
7291
10024
7291
2879
6913
4633
6913
4606
11906
8087
11981
1983
11981
1984
11981
747
856
3189
3205
1941
1756
1752
1756
5137
6336
2450
6336
705
701
769
701
3447
10997
4524
5414
7084
5414
2555
5813
2613
5813
8532
3435
7762
3435
8800
8637
9674
8637
7459
8637
10106
7302
3502
5654
3492
5654
63
16
331
996
8752
9629
8751
9629
1234
1132
398
399
2806
9519
3994
10451
4020
10451
1930
1870
1595
1870
1932
1870
9194
2937
2935
2937
8527
2937
10631
2937
1884
1846
1578
1846
1680
1846
230
10383
8879
10784
9362
10784
8861
10784
10983
6649
2710
6649
2119
2121
10168
2121
2708
6409
1270
1403
1320
1403
1312
1095
1036
1095
1263
1095
5921
7407
11952
11924
7495
11924
8412
7647
9082
7647
8828
11850
3655
10508
11027
7627
3933
7627
3475
10039
2693
6629
2706
6629
7408
2802
8358
10431
8372
10431
1577
1578
9212
10138
10155
10138
2741
5524
7163
5524
10209
8663
11580
9336
10824
9336
8911
9336
400
401
11868
9649
2925
2963
4811
9409
9416
9409
9677
10742
2089
2099
4724
2099
4430
2099
2098
2099
3535
5634
7023
5634
993
994
4746
2180
7106
7105
2772
10106
2292
4071
707
699
691
699
2005
7517
8114
7517
10862
7517
2138
2198
2199
2198
3300
6519
5672
6519
4157
4277
4281
4277
2790
2791
2780
2791
2430
9462
10992
9462
628
544
2510
4590
10351
11908
5668
9913
3498
9913
9600
9240
3374
11545
1967
1922
3480
3524
9234
3524
1973
7856
11376
7856
8106
10855
10354
10855
10861
10855
3652
10567
11416
3634
3633
3634
10618
3634
10834
11583
9729
11583
11117
9586
195
1749
3418
3530
2475
3378
10654
3378
7878
3378
9229
3378
11695
8292
6804
8292
10760
7043
9336
7043
10735
7043
3201
9158
8609
7355
175
114
8124
10356
11325
10356
2010
10356
1646
1647
7217
10003
10612
10003
7803
4236
9553
4236
7763
4236
11497
3400
4988
3400
3148
5296
3171
5296
2924
9059
1604
1727
3123
4694
11266
8053
1754
1859
8673
4309
11809
4309
8674
4309
10679
4309
11105
4309
8692
4309
9087
6075
7008
6075
1628
1629
8077
11895
11915
11895
339
1008
11960
9377
8914
9377
7820
3620
3605
3620
9230
2491
11796
2491
7902
2491
2471
2491
10380
9762
3139
3157
3137
3157
2989
8301
11684
5530
11490
5530
4040
5378
10090
5378
10316
10260
10766
10260
10273
10260
4830
10212
7052
10212
7051
10212
2118
10212
7989
10212
7050
10212
553
669
728
669
433
669
7067
5400
7309
5400
2884
10442
2870
10442
151
35
10969
4340
4249
4340
3286
3296
5201
3296
2634
7164
2089
11771
7185
11771
11412
11771
5227
6573
2961
6573
10316
10731
10766
10731
10273
10731
1400
1303
1329
1303
985
1303
4240
11600
2480
2502
2496
2502
3361
5620
6149
5620
2977
9835
4695
9835
9371
10808
11279
10808
2355
5157
4750
5157
10667
7883
9993
8218
3984
8218
7931
11471
1966
1902
1650
1902
9338
10751
6997
10751
9685
10751
2262
10907
7203
10907
3588
10484
32
1162
11127
11112
3443
11682
6028
6835
9122
6835
2876
5862
2869
5862
2640
5513
3289
5681
7207
5681
3724
3735
4164
4958
3062
3064
4842
3064
4613
9573
2380
5143
380
671
377
671
576
671
4199
4203
1551
1552
11524
5550
7054
5550
2502
7003
2932
2976
7956
7057
3828
6059
3851
6059
42
13
5240
6586
5231
6586
3385
6158
3431
6158
8038
8033
2345
6377
2363
6377
3842
3862
7851
3513
9206
3513
11540
3513
10141
3513
2753
6762
7456
6762
3673
3681
2943
5735
2999
5735
4796
4795
11005
5064
11002
5064
10711
7379
9281
7379
6758
7379
3200
7379
3131
3143
3146
3143
3517
9075
5949
8676
3429
3550
11744
3550
2639
2645
2401
2405
8331
6527
10021
6527
1566
1796
1711
1796
1683
1796
8948
7529
2024
7529
2833
9095
5929
8696
4485
11810
7935
11810
7934
11810
9527
10936
9072
10936
5430
6397
2179
6397
3300
5692
3281
5692
11844
7935
2572
11699
3691
3701
3474
3548
9161
3548
5177
3548
4483
3548
7560
4775
11134
7399
2105
7399
8699
7399
2589
2593
2596
2593
10510
8174
8295
8174
3621
8316
9146
11009
8524
9547
4347
6983
2959
2996
4652
6617
3253
6617
3082
7619
7812
6160
10178
3321
9590
3321
5957
3321
7387
3321
4585
6312
4292
6312
7224
8945
8129
8945
10663
11748
8633
11748
4996
11748
3639
4183
9961
4183
2436
2444
2412
11784
11793
4960
5
263
220
1104
1107
1106
1107
3680
3692
3687
3692
6410
5548
2684
5548
2805
5701
2305
4641
2169
2214
4862
10669
7436
10669
4218
10504
1462
1457
1084
1457
444
445
1611
1612
1607
1612
4874
11446
9278
11446
9277
11446
4576
11446
4649
8220
8402
8220
2334
11015
10574
8365
10673
7903
2470
7903
10676
7903
10196
7903
253
75
3572
6471
11345
6471
7174
5321
10987
5321
2198
11473
1264
1260
1317
1260
4625
2482
462
803
804
803
2535
2566
3410
5618
3399
5618
3522
11448
10264
4864
5189
11484
11393
11484
11485
11484
10816
10810
8888
10810
11021
5380
5399
5380
2718
5528
4654
5528
11768
3276
8588
3276
7830
3276
4336
9471
5101
9471
8919
11230
10830
11230
3142
11773
10767
10258
959
960
4712
5611
11719
5611
3872
8281
4245
4338
2460
5398
8357
5398
1448
1427
10335
8067
11290
8067
8918
8067
1736
1927
275
11342
2522
11746
7543
9397
8951
8925
10121
2515
7808
2515
7816
2515
6774
2515
7806
2515
8536
2515
1425
1193
1077
1193
7389
2107
2106
2107
8650
2107
7149
2107
3604
3618
3605
3618
497
498
3192
9527
4208
6095
7884
8539
7986
11510
2243
4062
4049
4062
10049
9983
8379
9983
9526
9983
9523
9983
9076
9983
7718
9983
8444
9983
3090
9983
2905
9983
10067
9983
9077
9983
10589
9983
9525
9983
8383
9983
5970
9983
2732
9983
9519
9983
9527
9983
9071
9983
9522
9983
8381
9983
9074
9983
10582
9983
10570
9983
9528
9983
8382
9983
9521
9983
9072
9983
3573
9983
10568
9983
9524
9983
10044
9983
8396
9983
10046
9983
9079
9983
10576
9983
10069
9983
3081
9983
8395
9983
4891
9983
6039
9983
4844
9983
3102
9983
7721
9983
10045
9983
7728
9983
8397
9983
8377
9983
10047
9983
9520
9983
7735
9983
7726
9983
3079
9983
7737
9983
6416
9983
3258
9983
7727
9983
10064
9983
9070
9983
8398
9983
8380
9983
10078
9983
3083
9983
3422
3528
2527
3380
9240
8606
10662
8606
10176
8606
2885
8606
7970
9617
8399
5276
4572
5276
2491
9160
10795
9312
2000
7549
3609
3611
8572
3611
3376
3398
9165
2625
2609
2625
10115
2625
8159
11142
9273
11142
10699
11142
8958
11142
2815
6547
11484
4759
1423
1421
1234
1421
11467
4459
10976
4459
5203
4459
3495
4459
3362
4459
9046
4459
8315
4459
5100
4459
2355
4459
10006
4459
8367
4459
9047
4459
8356
4459
8308
4459
3578
4459
3530
4459
6983
4459
11448
4459
3398
4459
2178
4459
2744
4459
10988
4459
8331
4459
8354
4459
8334
4459
8303
4459
11493
4459
9984
4459
9048
4459
4750
4459
9050
4459
8332
4459
10980
4459
8326
4459
8376
4459
2373
4459
9049
4459
7703
4459
8345
4459
8325
4459
10983
4459
4733
4459
4554
4459
9056
4459
3279
4459
4628
4459
3307
4459
9053
4459
2564
4459
7708
4459
2207
4459
9971
4459
9054
4459
10540
4459
2710
4459
2620
4459
11440
4459
8374
4459
9042
4459
9990
4459
2459
4459
4124
4459
2682
4459
10021
4459
10030
4459
8328
4459
4876
3237
11791
3237
5007
3237
6768
3237
6767
3237
4609
11581
7929
11581
11251
11927
11246
11927
11951
11927
9202
11069
4116
4156
4150
4156
1637
1638
10317
8893
10320
8893
10690
4588
9620
4588
346
468
10300
11236
598
546
853
546
8709
9238
10688
9238
474
858
747
858
1413
1401
3006
8389
2128
2178
2958
5237
10607
4297
1472
1430
1477
1430
11624
8254
10215
6956
11772
7686
11341
9771
2581
10685
929
930
7533
11947
2025
11947
8658
2079
10199
2079
5139
2200
7370
2200
2141
2200
3574
7244
4401
4412
4147
10510
3221
4652
1694
1699
1864
1699
1592
1597
1596
1597
1601
1602
3468
10553
10482
2357
2250
2357
546
773
849
773
492
773
4648
2782
4648
2782
841
838
511
838
5996
10140
3618
9956
11813
6771
946
1230
903
879
534
879
3247
5263
3249
5263
4266
10533
9035
3871
3813
3871
8891
8866
1470
1460
1378
1460
10819
10804
6891
10403
2632
10403
2337
4632
4024
7282
4029
7282
7458
8013
4513
8013
11187
8013
11354
4522
10997
8234
7722
8234
7587
2055
8585
10623
2325
2343
2515
2744
4277
10977
10767
8815
3025
3263
7593
5871
10301
11238
11247
11238
11926
11238
2788
2839
2787
2839
1489
1876
1705
1876
1485
1876
5211
7673
4248
4475
8148
2005
2907
2906
2787
2906
10555
6238
11018
6238
4339
10899
1655
1907
1958
1907
4702
7677
4937
7677
8906
4612
7499
4612
11988
11137
8732
11137
9286
11137
2065
7923
2066
7923
7967
7923
7317
8458
3531
6679
4583
6679
4461
10754
8840
10754
10368
10353
8143
10353
2538
2557
2330
10481
7481
10713
10772
10713
10277
10713
2807
2865
2773
2865
320
1541
4210
8589
2102
2130
2120
2130
335
999
4730
5684
8390
5684
7449
3061
479
704
720
704
4108
4227
11265
8056
3431
9655
4500
2816
8643
2816
10657
2816
8632
2816
8634
2816
11535
11243
10379
11337
1545
1793
1934
1793
538
539
4254
4388
954
955
8365
10973
8363
10973
3680
3684
3671
3684
10525
5061
10524
5061
10326
8905
11314
10849
10859
10849
10863
10849
279
1971
11049
3076
11049
476
477
1480
1255
1091
1255
11288
10829
11949
10829
9702
7470
7018
7470
7011
7470
257
439
440
2937
4691
3640
3642
3645
3642
11283
11911
630
541
2496
2494
2477
2494
2923
8304
1682
1850
1569
1850
1826
1850
4271
4247
7940
4247
11124
4247
7412
4247
4743
10420
3305
10420
364
1620
4325
4322
4298
4322
4530
2150
10852
2150
8091
2150
11992
7161
8155
7161
2499
2543
11238
9679
1684
1685
1820
1685
156
403
404
1944
1740
7598
10333
11188
10734
11800
10734
7464
10734
3947
4702
1417
1327
1232
1327
7004
5642
3582
5642
7452
7985
7452
7985
3371
6655
5624
6655
8498
10986
10134
10986
2624
10603
3478
9967
7903
7833
2522
7833
7505
11466
4295
6288
4363
6288
1428
1357
1097
1357
4018
10434
6147
8565
11899
8857
281
374
9966
11453
10029
11453
2451
11453
7171
11453
10005
11453
9999
11453
4098
11453
6999
11453
10015
11453
10007
11453
7211
11453
9965
11453
10033
11453
2741
11453
10039
11453
2393
11453
10034
11453
10031
11453
4679
11453
9992
11453
11463
11453
2443
11453
7044
11453
7163
11453
4705
11453
3535
11453
9994
11453
9991
11453
10002
11453
9968
11453
2852
11453
9970
11453
2545
11453
10037
11453
2345
11453
10026
11453
10013
11453
7151
11453
10035
11453
11680
11453
6148
11453
9963
11453
2278
11453
2363
11453
10025
11453
9973
11453
7023
11453
2683
11453
10036
11453
9995
11453
3457
11453
10027
11453
4234
11453
3282
11453
7710
11453
7704
11453
9988
11453
10012
11453
2701
11453
4713
11453
4734
11453
10014
11453
9980
11453
9998
11453
11489
11453
2880
11453
7053
5521
2743
5521
2777
11768
2830
2889
3563
5631
3544
5631
11182
10720
11892
10720
2295
4074
9092
3968
9532
3968
9995
5348
4234
5348
11476
11475
8597
11475
8600
11475
3288
5708
2822
5708
2333
2393
6010
2794
2825
2794
247
100
9227
9222
2910
2926
2949
2926
8916
9707
9384
9707
9382
9707
11607
8516
9588
8516
9258
8516
2236
8516
11916
9347
8863
9347
7196
6045
4886
6045
1547
1890
1800
1890
8165
8083
9224
3521
8637
3521
3480
3521
7894
3521
1296
1202
1285
1202
8165
2017
2500
2605
2598
2605
153
2399
6327
5400
6327
7839
7329
7800
7770
178
10674
3631
3629
3631
3628
3631
7914
3631
3044
6597
3065
5968
502
507
506
507
7320
3348
4467
3348
7901
8626
936
1225
941
1225
949
1225
5667
9025
4566
9025
11184
4872
209
7599
10171
3708
9247
3708
11551
3708
10656
3708
9602
8646
11168
10190
3489
3580
3276
3328
4212
9045
4342
8406
10576
10919
10078
10919
8626
2695
9583
2695
10158
2695
2691
2695
11787
7349
5577
3411
5023
6222
3148
6222
11826
3598
3599
3598
4378
7709
8557
3651
3610
3651
11591
3651
3572
6707
3498
6707
4328
7294
6966
7294
2855
7294
2567
7294
8441
7294
4111
7294
2458
7294
2607
7294
2645
7294
2368
7294
3337
7294
8404
7294
4076
7294
4730
7294
5573
7294
4003
7294
4391
7294
11483
7294
5700
7294
3506
7294
2587
7294
8438
7294
3582
7294
2888
7294
8447
7294
3543
7294
2612
7294
6921
7294
3567
7294
4647
7294
7745
7294
2371
7294
5144
6347
6974
6347
8695
9597
8784
9597
9309
9597
4825
9597
10245
9597
3634
4167
2312
2315
2290
2315
11614
2315
11547
2315
7169
10635
1977
10635
3165
6025
3941
7636
8422
7636
8346
8995
10522
8995
1969
1970
73
12011
9563
11620
9170
11620
4522
11620
7162
5287
11718
5287
2202
2270
10765
9327
8842
9327
321
54
71
54
315
54
298
54
333
54
49
54
30
54
277
54
47
54
331
54
370
54
241
54
89
54
325
54
44
54
363
54
366
54
35
54
323
54
52
54
286
54
283
54
118
54
48
54
359
54
371
54
349
54
313
54
335
54
341
54
31
54
347
54
357
54
32
54
343
54
353
54
317
54
125
54
289
54
329
54
85
54
372
54
51
54
327
54
121
54
45
54
319
54
12
54
373
54
17
54
50
54
14
54
292
54
46
54
339
54
242
54
351
54
355
54
345
54
369
54
361
54
301
54
337
54
280
54
295
54
2945
2946
2886
2946
4176
8339
4025
8310
9043
5328
10984
5328
10741
9288
10742
9288
9318
9288
2569
5580
4626
5580
9550
11024
8964
8162
1567
1568
894
674
531
674
2255
11753
11712
5411
2396
5411
11242
4538
9350
4538
9351
4538
860
553
549
553
5166
6967
11492
6967
3490
5651
7007
5598
2544
5598
8878
8843
136
41
2096
11766
2521
11766
4700
7969
2096
11775
4183
10454
10800
10781
7448
8758
2253
2366
2903
11468
2103
2124
2131
2124
11797
3287
6005
3287
11831
3287
9305
3287
3790
7853
3806
7853
2145
2717
10855
10841
7088
10841
8720
9219
10243
9219
8003
9219
8007
9219
9256
9219
11666
7070
10794
11209
4003
4953
10569
4953
728
437
431
437
9730
9725
9727
9725
2837
2901
7369
2901
7946
2094
11134
2094
2105
2094
10707
2094
8699
2094
7028
2094
1071
1072
7123
7332
1824
1886
1865
1886
7220
6745
11216
6745
8832
6745
3846
3845
3807
3845
3120
8384
2086
8783
9675
8783
11233
8783
9055
7602
4315
7602
7370
4869
2398
10988
3009
9133
763
812
738
812
2307
11409
3613
10020
7562
4774
4333
4373
4350
8175
10000
8175
3278
6540
2820
6540
2832
2892
6155
6153
1601
1604
1312
1287
1142
1287
1033
1287
26
323
134
7591
7181
5845
11226
11544
7009
8159
4756
5825
7694
5825
10787
10267
3989
10081
11269
8058
2198
6133
11596
7972
3104
8456
4241
4290
11688
11094
199
206
1080
1180
1451
1180
296
1498
3468
9540
2130
2187
7322
5170
3322
3461
10627
3224
3028
3224
7599
11251
3466
9153
3803
3825
3901
10922
9607
10664
7017
6725
5671
6725
2521
7352
5021
6219
7192
6219
8405
11690
3797
11690
10583
11690
8401
11690
3827
11690
3728
11690
9088
11690
3771
11690
10585
11690
3700
11690
3739
11690
3789
11690
10080
11690
156
107
3340
7712
4505
4577
8470
7217
8472
7217
3925
4933
4776
9745
10339
9745
10341
9745
4255
4386
2765
2818
3144
3170
1536
1537
2279
5461
2361
5461
9059
5224
9078
5224
1769
1930
5074
8342
970
1333
975
1333
4663
7638
8287
7638
5078
6273
7172
6273
5234
5761
5758
5761
310
410
3104
4885
2945
2948
2886
2948
9203
10127
87
58
226
58
298
58
119
58
124
58
277
58
23
58
172
58
84
58
230
58
117
58
216
58
244
58
138
58
112
58
93
58
96
58
129
58
150
58
142
58
108
58
241
58
205
58
20
58
44
58
11
58
146
58
16
58
114
58
13
58
220
58
100
58
206
58
107
58
101
58
286
58
122
58
283
58
95
58
62
58
233
58
10
58
137
58
155
58
6
58
3
58
73
58
104
58
15
58
210
58
134
58
169
58
145
58
132
58
139
58
92
58
109
58
31
58
167
58
9
58
28
58
232
58
91
58
289
58
170
58
209
58
228
58
1
58
158
58
162
58
234
58
110
58
148
58
245
58
103
58
102
58
106
58
218
58
133
58
180
58
61
58
98
58
115
58
82
58
94
58
243
58
60
58
120
58
29
58
135
58
113
58
292
58
116
58
217
58
97
58
212
58
111
58
242
58
208
58
141
58
189
58
105
58
27
58
171
58
224
58
90
58
86
58
227
58
301
58
123
58
99
58
280
58
295
58
219
58
8346
9445
10514
9445
4221
10560
203
7936
8648
7936
8648
9262
3326
9609
3326
9263
3326
8773
3326
8710
3326
9605
8601
9623
8601
7572
9390
3034
5230
3652
8408
10123
3993
4011
3993
7328
3993
8258
11660
1866
1863
1512
1863
1506
1863
1864
1863
1248
1344
1382
1344
250
101
3396
6425
3359
6425
2197
11741
4474
10852
10350
10852
3325
8331
4528
3596
4527
3596
3591
3596
10189
3596
3924
11027
7710
6861
9998
6861
3135
4609
3049
4609
1458
1452
1178
1452
5622
6682
3356
6682
3751
3761
3760
3761
35
634
7577
9644
4223
11064
355
1038
9310
8756
2253
2368
11601
8592
4179
11833
9297
11833
9292
11833
9307
11833
8441
5326
8434
5326
7583
9286
2381
5993
1322
1269
1136
1269
3225
3230
3218
3230
3223
10054
1613
1614
1411
1389
1318
1389
2800
4536
2564
5596
2620
5596
10282
5915
11128
5915
4791
5915
163
52
4098
8971
10033
8971
4000
10034
2636
6644
9041
6644
4287
4319
7791
4319
11074
4319
2214
9861
2266
9861
7744
5346
4565
5346
9158
3250
11034
3250
11036
3250
4604
5706
4557
5706
3612
3966
8844
9682
9704
9682
8848
9682
251
40
342
462
2591
4699
202
3483
5639
8126
4474
2643
2671
11032
6286
10068
6286
964
969
968
969
2865
8483
4425
8711
8767
8711
8737
8711
10333
10832
4356
8351
3911
3915
3910
3915
1301
1346
1302
1346
1273
1322
1275
1322
174
4495
6445
7329
6445
7943
3346
3454
8628
3699
3706
3688
3706
3220
5250
2083
9273
10733
9273
842
710
418
710
610
710
4591
5966
4591
5966
1261
1185
1260
1185
1025
1185
9217
10147
8586
8518
3970
4823
9947
11441
7544
9425
11104
7341
3117
7341
5932
7341
7357
7341
9596
2928
7919
2928
9232
2928
10665
2928
11070
3639
3642
3639
4859
3639
11071
3639
7
326
2287
2417
1164
1081
2670
6390
4697
6390
2988
3011
11769
3011
2797
8392
9691
10256
10499
7255
10497
7255
2584
5526
2194
5526
2763
3278
1716
1667
1754
1667
924
876
543
876
4826
11826
4825
11826
9599
11826
3591
11826
4245
4336
3268
3300
8913
2082
857
845
804
845
11440
5396
4124
5396
1954
1769
1946
1769
3670
3665
10138
3665
2079
3665
3664
3665
8302
4409
2460
4409
8357
4409
2677
4409
2883
4409
2343
4409
8304
4409
9045
4409
3563
4409
10520
4409
4262
4409
10518
4409
10052
4409
7700
4409
8307
4409
3577
4409
3462
4409
2230
4409
4125
4409
4646
4409
10522
4409
4675
4409
3930
8467
4021
4649
9331
6005
1340
1423
1064
1423
2828
9071
11586
9277
3364
5616
3399
5616
2536
2568
1017
1018
8881
2779
10755
2779
8847
2779
9669
2779
5961
2779
221
11456
6495
11023
6495
2037
10360
11335
10360
3632
4462
1254
1351
1379
1351
3518
3526
3746
4913
3739
4913
3673
8401
7384
8608
8641
8608
9233
8608
7758
5278
4567
5278
6962
2137
9606
9590
2808
2884
7308
2921
9147
2921
9207
2507
7319
2507
4625
2507
6146
2507
5171
2507
1481
1175
121
1175
4166
5300
4182
5300
7136
8531
11556
11916
5927
11916
1570
1571
752
865
437
865
726
865
424
865
429
865
3374
3396
4964
4240
4137
4240
1133
1313
1404
1313
3538
5665
3566
5665
3953
4005
7911
8621
9616
10197
1125
1076
10726
3616
3589
3616
3304
8318
4830
2163
2118
2163
7989
2163
4700
2163
2011
7541
8798
2980
2979
2980
7411
2980
8021
2980
1167
1074
4236
9495
4130
9495
288
286
2834
2842
2844
2842
2960
2998
5232
6590
3016
6590
11767
8551
186
122
7979
8698
10222
8698
9626
8698
9637
8698
8727
8698
1219
1342
1214
1342
11801
8680
8565
3546
3547
3546
11067
3546
8564
3546
9989
10902
10062
10902
2692
10938
7090
10938
535
906
907
906
481
482
7574
1999
8690
2755
6782
2755
7576
2044
10762
4629
11536
4629
3965
6071
11760
6071
9993
7279
8310
7279
8326
6277
8328
6277
721
624
694
624
10258
11828
8815
11828
9320
11828
8034
4519
2101
4519
11199
4519
2564
5546
2682
5546
5984
11055
2071
10891
1457
1453
1463
1453
11078
10104
10628
10104
7827
10104
7209
6340
2375
6340
4823
11085
3683
3689
285
283
10197
7391
7397
7391
5964
7391
11751
3314
7930
3314
11133
3314
7918
3314
3958
3957
3598
3957
1112
1190
1118
1190
454
715
844
715
10215
10672
2306
2455
4213
9958
4261
9203
1989
8868
3636
4573
3657
6236
6995
6236
8066
2908
8906
2908
7491
2908
8078
2908
7536
7532
9970
5689
3282
5689
11745
2831
2827
2831
4170
8584
10555
5314
10556
5314
7945
5957
7972
5957
7990
5957
4870
5957
7993
5957
10710
5957
7960
7402
4835
10283
10520
9795
10522
9795
2577
11012
4976
7307
1518
1866
1513
1866
3542
6694
4758
6694
8019
7964
5930
7964
3127
7622
2295
4075
7744
6309
7739
6309
1567
1825
1826
1825
3552
4586
1959
1655
4582
11840
7446
11840
10708
11840
1278
1063
1059
1063
4225
4158
11118
4158
4285
5943
2907
9236
2913
5003
6156
8542
2242
4059
4050
4059
752
862
864
862
10806
9694
3630
7860
10754
9309
11452
2807
11781
2807
2825
2807
2846
2851
12000
7552
11077
4377
7823
4377
4959
4377
427
428
3910
3895
3893
3895
8316
6795
10020
6795
6811
4762
11738
4762
3347
4762
8612
4762
4345
11032
8017
2479
5952
2479
7455
2479
9276
2479
10703
2479
11513
2479
10839
11535
11906
11535
8069
11535
1050
1368
1258
1368
3924
3943
11231
9340
4139
8767
9744
11271
9099
6203
7747
6203
2127
2176
627
842
647
926
776
733
839
733
11875
4835
412
415
5896
5895
3497
6958
7326
7688
5168
10110
3325
3337
7556
5875
4656
6641
10486
6641
4206
10031
2921
8974
2890
8974
8730
10209
11866
10209
11288
11928
11949
11928
5006
6183
5253
6183
2138
2196
2199
2196
4438
10439
10978
10439
2350
9864
4173
10108
11768
6960
9517
7690
11339
8145
11752
10506
11619
10506
5078
10506
9151
10506
3658
10506
4388
10506
11436
10506
11372
10506
7137
10506
2177
10506
2657
10506
6969
10506
4729
10506
7210
10506
7152
10506
2737
10506
11693
10506
11731
10506
11732
10506
2150
7505
7507
7505
2033
11273
3428
11730
3192
11367
11151
4471
7412
4471
2504
2499
2476
2499
7887
10136
7134
7135
7522
7135
11895
9338
2649
2674
2053
11246
2051
11246
972
973
2784
8714
4667
5337
4349
5337
2799
8354
4871
8753
11831
8753
2753
8753
8788
8753
524
525
3840
3875
3858
3875
4384
4397
4367
4397
299
392
3855
8289
7371
6775
3466
7858
4528
4527
4528
4527
9761
11948
9417
11948
10361
11948
308
1515
3268
9062
10604
4617
7119
4617
7118
4617
7958
4983
4302
4312
8610
7344
6783
7344
11709
7743
3644
4160
11180
11167
8122
9759
9769
9759
10875
9759
10871
9759
8709
2257
10688
2257
8729
2257
11827
2257
3011
3014
3027
3014
3796
5035
3779
5035
9412
11310
11319
11310
1088
1473
1475
1473
3847
6062
3868
6062
3031
5764
3042
5764
4048
4095
4133
5363
5104
5363
7587
10303
777
692
592
692
516
692
7216
9775
10895
9775
2909
2910
7982
2910
3845
3859
3858
3859
2575
7757
2593
4547
7890
6759
8640
8604
6168
7382
2161
2243
10646
2243
5944
2243
4965
2243
4511
2243
8629
2243
2464
8733
3623
8334
11299
11284
8606
9183
10986
6864
8352
6864
8903
11248
8899
11248
556
617
713
617
3029
3035
2992
3035
2416
9960
8277
3764
3734
3764
6809
3363
9551
3363
7322
3363
8889
8870
11171
9641
1227
1407
1143
1407
7209
6338
7205
6338
9109
5859
2867
5859
7558
8125
1623
1909
1928
1909
1168
1273
1274
1273
2506
10051
1313
1092
1397
1092
1055
1092
6021
11430
7238
11430
8584
4956
8584
4956
746
790
3992
10084
2260
2305
2304
2305
1332
1266
1182
1266
2635
7299
5644
7299
3153
7299
6037
7299
6182
7299
6194
7299
2349
7299
3207
7299
5010
7299
11704
7299
5028
7299
2555
7299
7066
7299
2444
7299
6025
7299
2818
7299
2417
7299
3300
7299
2455
7299
3113
7299
5576
7299
5023
7299
2964
7299
6786
7299
2868
7299
4535
7299
2354
7299
5025
7299
4689
7299
5175
7299
3551
7299
4640
7299
3534
7299
2397
7299
5558
7299
3020
7299
3256
7299
5672
7299
6016
7299
2224
7299
4672
7299
2943
7299
3163
7299
4506
7299
5185
7299
2917
7299
5743
7299
2897
7299
4518
7299
2999
7299
2613
7299
2873
7299
3043
7299
3148
7299
6020
7299
3502
7299
2652
7299
5016
7299
2861
7299
3492
7299
3451
7299
3171
7299
3365
7299
3281
7299
2747
7299
3458
7299
8833
9632
9653
9632
9293
9632
5095
6297
10085
6297
572
626
566
626
1226
1410
1096
1410
8289
8216
10498
8216
3122
9522
17
631
6389
6652
4624
6652
4230
5113
7223
5113
3302
3464
3454
3464
2590
6412
4618
3221
3028
3221
963
964
3345
8700
1154
1117
4778
10882
4344
8433
4722
10661
4589
10661
11447
11738
1504
1505
1498
1505
3414
6459
5181
6459
7968
8678
8444
10940
10505
10940
9337
7457
11880
7457
11228
7457
9354
7457
9937
9475
9033
9475
2171
11436
1582
1583
3923
8320
10289
2978
8832
2978
9300
6156
4991
6156
7892
6156
10670
6156
3106
3113
6011
5221
2914
5221
2339
5464
9115
5464
6141
8265
2665
8265
6140
8265
8468
6588
7010
6588
5004
3000
11037
3000
7742
9459
8357
9459
9397
10844
3894
7213
3883
7213
9311
7443
9304
7443
11842
7443
8689
11438
3660
3587
9571
3587
7831
3587
9566
3587
6778
10177
3524
9156
2839
2904
2906
2904
4655
2091
2092
2091
892
887
586
887
7558
10358
1755
1929
1940
1929
8645
8610
8664
9588
3233
5280
3249
5280
10619
3376
3378
3376
8530
3376
9169
3376
59
118
223
118
199
118
259
118
271
118
265
118
249
118
235
118
213
118
244
118
244
118
211
118
197
118
254
118
247
118
257
118
203
118
202
118
221
118
198
118
215
118
236
118
21
118
3
118
3
118
258
118
240
118
252
118
262
118
248
118
231
118
225
118
270
118
263
118
266
118
267
118
131
118
239
118
264
118
255
118
22
118
1
118
1
118
251
118
204
118
269
118
261
118
245
118
245
118
201
118
207
118
222
118
136
118
246
118
38
118
243
118
243
118
214
118
200
118
253
118
256
118
196
118
260
118
250
118
229
118
272
118
273
118
276
118
268
118
9421
11352
9763
11352
3614
11736
10005
6475
3457
6475
147
95
1179
1349
1093
1349
9950
4238
4121
4238
851
583
790
583
588
583
2801
8381
4166
5298
3658
5298
4175
8453
965
966
8529
10042
2603
6632
10076
6632
2791
2799
2798
2799
9661
9297
3440
7805
10818
10806
10313
10806
7564
4771
12
629
2567
5587
2612
5587
2532
2570
2551
2570
9301
9652
1971
1972
70
1631
9418
9412
2776
3280
10770
10739
10722
2102
11115
2102
1196
1264
4040
5376
2438
5376
10744
11152
10756
11152
9660
11152
11523
11152
4807
11152
4806
11152
226
7594
3335
6522
3308
6522
3267
3298
3299
3298
4142
8520
1165
1079
2909
2930
196
62
4580
11443
2734
11443
3445
11443
7188
11443
3371
11443
5660
11443
3487
11443
4040
11443
7198
11443
11423
11443
3226
11443
3246
11443
5143
11443
4691
11443
2998
11443
10104
11443
5141
11443
3413
11443
5633
11443
6022
11443
7197
11443
5666
11443
4132
11443
4272
11443
4667
11443
2404
11443
2962
11443
4337
11443
11442
11443
7159
11443
5240
11443
4616
11443
3331
11443
5733
11443
8280
11443
2438
11443
9529
11443
2208
11443
5624
11443
2699
11443
7194
11443
7228
11443
4334
11443
4408
11443
4711
11443
2633
11443
2194
11443
7170
11443
4696
11443
6971
11443
4687
11443
5252
11443
4637
11443
5015
11443
5741
11443
4751
11443
3198
11443
2548
11443
3017
11443
5231
11443
2878
11443
4093
11443
4709
11443
4349
11443
9068
11443
3565
11443
539
914
915
914
2578
6388
1183
1137
7803
7766
3321
7123
10792
10765
8856
9691
10796
9691
9617
2854
9624
2854
8660
2854
8708
2854
8545
8503
3013
5248
9120
5248
3074
3085
11076
3085
4820
3085
11720
3085
8683
8630
11128
8630
9601
8630
225
233
1883
1787
1720
1787
10214
9247
9266
9247
2520
2749
7882
2293
2246
2293
9173
2293
10111
2293
9777
9322
970
971
10279
11559
11879
11559
5243
6612
5254
6612
2297
4679
2117
7229
8959
2052
2051
2052
3129
6227
3121
6227
797
619
793
619
11250
9702
3215
3248
10560
5085
10588
5085
8451
7715
10685
10173
4986
10716
185
48
5951
9612
7185
9612
8757
9612
11154
9612
5966
3228
4875
3228
4591
3228
11378
3228
7342
8306
7117
8306
7116
8306
5577
5576
231
80
11870
11831
11850
11831
8033
11831
5926
11831
9352
11831
9321
11172
9676
11172
8507
6247
9123
6247
661
621
689
621
2483
7793
8617
7793
10651
7793
8578
7793
11832
7394
4163
7394
3287
3311
3312
3311
11031
6322
2409
6322
3259
7249
5872
2032
3123
5023
1434
1271
6364
5472
4551
5472
46
636
2149
2215
4977
2215
198
1553
1554
4269
8239
6092
8239
215
517
520
8
10
4726
4655
9386
4655
11903
4655
10830
4655
8911
4655
6413
2729
4493
2729
9546
2370
10598
2370
10261
9227
8811
9227
11177
9227
11020
5387
7128
5387
3509
6702
9108
6702
4208
10558
10267
11743
5229
5228
10341
9388
7525
9388
2328
8410
7447
7185
8670
8650
7057
10186
9608
10186
3482
3576
4199
11372
1547
1548
2784
2834
2835
2834
643
563
10094
5311
6091
5311
7872
8581
3022
3023
3012
3023
7753
3472
9136
3472
4481
3472
4380
7640
4314
7640
2294
10489
2924
2950
2466
7961
10041
6691
7210
6691
2197
2266
3394
3387
3383
3387
332
1561
2410
4045
3066
3069
8955
7544
980
1248
1316
1248
7177
11147
2766
2820
10807
10789
3160
3168
8029
10253
10777
10253
348
1586
2288
9167
7056
5537
2192
5537
11098
8554
3745
3772
3761
3772
3295
4597
8432
6872
8435
6872
4324
4327
11271
11950
8137
11950
1996
11950
7315
10092
6115
10092
1383
1282
1218
1282
1739
1936
2382
2429
8517
4288
4961
4288
4570
4288
4239
4288
8418
5069
11016
5069
7588
11253
11676
11347
11653
11347
7226
11347
2550
5168
7310
9538
9155
9538
10098
9538
1082
1083
10363
2041
9418
2041
27
11266
3536
3537
4949
6074
4526
6074
8596
2126
2120
2126
10139
2126
4598
5772
3250
5772
870
608
10817
7493
8901
7493
10325
11275
10356
11930
8116
11930
9415
11930
3387
11039
2150
8060
7507
8060
7175
10894
4241
10101
11702
10416
9126
10416
4968
4967
10014
6538
2880
6538
5002
7415
2892
8195
5728
8195
1883
1880
1721
1880
1482
1880
979
982
2109
2146
2114
2146
5227
10990
11472
10990
3247
10990
2879
10990
3206
10990
4890
10990
6132
10990
8393
10990
10056
10990
5155
10990
6036
10990
6896
10990
6027
10990
7732
10990
6409
10990
4759
10990
8389
10990
8384
10990
8392
10990
4586
10990
3280
10990
6388
10990
8410
10990
3168
10990
4887
10990
2961
10990
2972
10990
4633
10990
2608
10990
2680
10990
5575
10990
7716
10990
3045
10990
7733
10990
4622
10990
5483
10990
8387
10990
3195
10990
3233
10990
8424
10990
4755
10990
5671
10990
10059
10990
2895
10990
5243
10990
2563
10990
3249
10990
10575
10990
2191
10990
10040
10990
5627
10990
3172
10990
3093
10990
5232
10990
3128
10990
5669
10990
3403
10990
10061
10990
2219
10990
3016
10990
4732
10990
5251
10990
2850
10990
4579
10990
6415
10990
5254
10990
2821
10990
8067
11268
8071
11268
9569
10119
11581
11589
3142
11589
3552
3563
300
299
3240
9074
3655
10018
236
2302
2449
4220
4222
7155
4222
6109
4347
11813
4347
5985
4347
11057
4347
11042
4347
4277
8404
11839
8803
215
137
3037
4707
3
7582
2864
2881
10650
2924
9179
2924
2894
2924
10117
2924
947
948
4693
10465
2723
10465
2627
2662
11746
2662
4460
2662
5198
8534
11205
7466
4792
7466
7572
8962
2082
10233
5940
10233
6143
5563
2667
5563
8690
8624
7309
7068
6168
6167
1866
1760
863
795
597
795
11639
9872
4010
4025
4030
4025
6746
7169
4793
7169
8794
2466
11905
2466
4834
2466
8813
2466
4833
2466
3114
5026
4145
6992
10509
7662
3997
7662
1493
1494
4190
7924
4178
7924
9226
7881
7922
2582
11750
2582
8702
2582
9621
2582
8099
10289
21
9762
10354
11214
10753
7995
10714
7995
10714
7102
5511
11048
5511
7321
5511
4552
5683
4557
5683
8551
2169
9562
2169
9164
2169
8559
2169
9163
2169
8550
2169
2759
3272
3284
3272
1261
1428
1424
1428
1021
1428
10198
5917
11205
5917
5933
5917
152
155
2339
5428
2450
5428
11991
2068
1542
1873
1934
1873
1799
1873
2310
5141
10884
9571
9579
9571
11969
9571
563
664
393
664
3659
11763
4861
4201
4164
4201
10649
10145
10383
7146
11588
3026
2984
3026
4789
4788
4614
9090
4600
9090
11678
9090
8452
9090
5088
9090
10599
9090
7752
9090
10603
9090
9540
9090
2674
9090
10092
9090
3656
9090
11035
9090
9112
9090
5703
9090
4006
9090
10594
9090
3648
9090
6963
9090
6804
9090
10595
9090
2400
9090
10600
9090
11041
9090
8469
9090
9123
9090
7759
9090
2029
9427
7533
8108
11317
8108
8118
8108
2857
7001
5968
7001
11367
7001
5026
7001
7196
7001
7176
7001
4886
7001
4728
7001
5019
7001
5208
7001
4563
7001
5239
7001
11714
7001
11424
7001
11697
7001
3257
7001
3196
7001
4433
7001
7168
7001
2877
7001
11344
7001
4843
7001
5935
7001
7193
7001
11439
7001
4889
7001
11427
7001
11406
7001
3174
7001
3234
7001
4118
8439
2855
9918
6165
9918
10586
8209
3889
8209
7493
8031
4833
8031
4342
10974
7034
2415
2413
2415
11451
7449
7466
7449
3510
3511
3684
3683
3672
3683
3895
3917
6022
5272
9068
5272
8145
8136
3578
6447
4554
6447
10182
3428
9253
3428
3431
3428
3073
11089
7433
4192
8814
4192
11772
8506
7822
8506
4609
3141
3053
3141
2963
6918
5220
6918
7430
7041
4105
11414
2037
10870
1307
1215
1074
1215
3441
3448
3316
3448
1631
1632
10753
11180
11857
11180
3414
6427
3396
6427
7212
6090
3956
6090
7997
7429
4582
7429
11856
7429
692
817
771
817
3902
10001
998
1292
1336
1292
1314
1292
11230
11539
10315
8051
4504
8051
3092
4887
2475
2493
2477
2493
10145
10125
1981
3046
8005
3046
8415
7126
10590
7126
6412
9447
2728
9447
10728
4722
5928
4722
7993
4722
10780
11214
8040
11214
2187
5448
2213
5448
4026
8303
69
1608
431
432
4328
11380
6966
11380
2817
11380
4970
11380
2855
11380
2567
11380
8441
11380
4111
11380
2458
11380
4737
11380
10565
11380
8434
11380
2607
11380
7741
11380
2645
11380
8406
11380
2368
11380
3337
11380
8404
11380
8439
11380
7004
11380
6165
11380
4076
11380
4730
11380
4046
11380
8429
11380
5573
11380
4003
11380
4391
11380
3456
11380
10569
11380
11483
11380
5700
11380
6996
11380
3506
11380
8421
11380
2587
11380
8438
11380
10559
11380
3415
11380
3582
11380
10019
11380
2653
11380
5332
11380
2730
11380
7706
11380
3341
11380
2888
11380
10571
11380
8390
11380
10562
11380
2193
11380
2874
11380
8419
11380
8447
11380
3366
11380
3543
11380
2612
11380
4017
11380
6921
11380
3567
11380
4647
11380
8378
11380
7745
11380
4294
11380
2918
11380
2371
11380
3597
7820
3624
7820
2842
9992
2499
2544
7571
10334
4422
10733
5940
10733
4001
4019
3986
4019
2977
6571
2954
6571
2595
11463
1066
1067
7315
10604
4968
4118
10643
4118
8574
4118
4107
4118
1459
1458
1082
1458
3867
5046
3843
5046
2440
5152
6806
5152
8125
8940
5876
8940
2020
8940
3651
3656
3632
7834
9270
10678
2184
2185
5997
2185
1368
1240
1293
1240
8712
8661
2389
11493
5574
10433
3528
10433
8910
8882
7101
8882
10896
11203
1196
1317
1227
1317
9647
10700
7003
5827
3360
5827
2818
7266
2861
7266
9349
10265
2923
2961
8727
7950
2905
5748
10045
5748
1648
1874
1923
1874
10327
10320
2579
2640
2580
2640
2295
4073
9777
4422
11979
4422
10055
5656
10048
5656
3166
3152
11773
3152
4881
3152
4882
3152
11855
7032
10857
9747
4262
9911
9055
9911
842
826
420
826
2186
2249
7325
2249
2337
2394
10241
2793
10739
2793
9303
2793
5959
2793
2786
2793
10737
2793
7512
8084
2971
9828
6012
9828
2129
11403
374
590
7537
11297
3823
3827
7891
7370
3145
7729
7717
6727
9061
6727
466
467
3745
3748
3736
3748
490
491
7784
4575
9522
6848
7737
6848
4343
7215
8761
10216
7738
6828
7201
6828
3718
3728
11929
8806
488
489
11152
4086
4067
4086
7375
11059
4822
6747
4799
6747
11373
4559
6165
6911
5700
6911
10304
8042
2973
7293
2997
7293
2539
7293
6498
7293
11388
7293
3013
7293
3463
7293
9131
7293
9120
7293
4133
7293
2211
7293
2180
7293
11015
7293
4652
7293
4074
7293
2270
7293
4045
7293
6167
7293
5511
7293
2457
7293
3369
7293
9116
7293
3210
7293
3274
7293
6028
7293
2698
7293
2320
7293
3488
7293
2453
7293
9117
7293
3438
7293
9114
7293
3184
7293
6193
7293
3175
7293
2740
7293
9105
7293
3542
7293
2876
7293
2956
7293
6178
7293
3253
7293
2869
7293
5104
7293
9122
7293
5499
7293
4101
7293
11702
7293
9103
7293
2814
7293
5622
7293
2369
7293
4758
7293
3244
7293
6410
7293
6175
7293
3232
7293
2600
7293
6439
7293
9119
7293
2684
7293
9102
7293
9126
7293
2425
7293
7773
7293
3356
7293
3162
7293
3812
3847
3799
3811
3808
3811
6007
7749
2135
2715
3262
9848
7036
9848
9657
8739
10268
7052
10758
7052
11195
7052
3116
3132
3117
3132
2227
2229
11779
4488
350
478
8089
9727
9749
9727
10491
8177
8295
8177
939
940
4368
11793
1615
1618
2796
5728
9734
11221
7959
7930
1959
1763
1958
1763
2613
5811
3365
5811
10997
5847
10553
5847
11566
8844
5166
10453
6399
10453
243
10381
858
783
1324
1149
4998
7854
10208
7854
4997
7854
6765
7854
7351
10610
4706
5132
4605
5132
2103
2123
2131
2123
2755
2766
8523
2766
8522
2766
6779
2766
4243
8358
100
7570
6162
2805
8618
2805
482
487
486
487
7861
7799
8518
4375
8582
4375
4308
4375
3878
3897
7698
6797
7699
6797
1269
1405
1182
1405
10583
5979
8449
5979
4742
8716
11462
8173
9516
8173
4258
8173
3334
9898
9972
9898
2589
2594
2605
2594
7742
9942
8513
11396
178
359
876
819
877
819
5668
9880
5205
9880
2582
7102
3710
3721
3720
3721
5011
6821
6018
6821
11839
6984
10341
11943
8915
11943
9753
11943
898
894
637
894
5950
11788
10184
11788
9251
11788
4698
11788
2434
2443
4201
4184
4161
4184
4688
4837
4688
4837
2169
2213
11562
5897
4248
10520
3949
3979
8541
3979
2112
11486
5134
10630
3100
6040
4885
6040
1561
1562
8824
11196
10532
10503
10611
10503
1107
1220
948
1220
1386
1220
9117
5721
2814
5721
9333
8765
1011
1337
848
837
847
837
485
837
11749
7091
11783
7904
11783
7904
2414
2457
3586
10581
3055
3191
3190
3191
4
6
458
763
782
763
754
763
8623
4142
4137
4142
7886
4142
11806
4142
3276
5202
9236
10650
3898
8186
8473
8186
3221
4512
11388
10410
5104
10410
5888
11198
8921
11488
9687
11488
11411
8558
11828
4863
11828
4863
7457
8000
4801
8000
11562
8000
2720
5780
2735
5780
7995
11786
11510
11786
10714
11786
7998
11786
10236
11786
8769
11786
9181
8489
7332
8489
268
76
7121
7978
4863
7978
11175
7978
10740
7978
8795
7978
10055
9040
2720
9040
2603
9040
3540
9040
2212
9040
10057
9040
6814
9040
10043
9040
10066
9040
7734
9040
2866
9040
2365
9040
7720
9040
4078
9040
7178
9040
7214
9040
3235
9040
5021
9040
7180
9040
10053
9040
4540
9040
10065
9040
3205
9040
10054
9040
10051
9040
7715
9040
2344
9040
2610
9040
7209
9040
2882
9040
7714
9040
6143
9040
10076
9040
10063
9040
5216
9040
2375
9040
3031
9040
7738
9040
3042
9040
7201
9040
7192
9040
7202
9040
3570
9040
3229
9040
2667
9040
3402
9040
7205
9040
4231
9040
2735
9040
10062
9040
2276
9040
5623
9040
7719
9040
10072
9040
4741
9040
7189
9040
3583
9040
6998
9040
10048
9040
2920
9040
2824
9040
2848
9040
2776
4738
2607
5798
2730
5798
10508
3955
3649
3955
177
3326
5191
3283
5191
9679
2299
11196
2299
11208
2299
10763
2299
844
821
455
821
781
821
4047
9797
5388
11631
7124
11631
4879
3202
5009
3202
9147
7305
8070
10306
7444
4271
8719
4271
8726
4271
6113
11398
2454
11398
2919
11398
4330
11398
4072
11398
4550
11398
4634
11398
5574
11398
6144
11398
4269
11398
2995
11398
6595
11398
7049
11398
2214
11398
3528
11398
4412
11398
3580
11398
3461
11398
4336
11398
4160
11398
2266
11398
4707
11398
5667
11398
5076
11398
4693
11398
5182
11398
4154
11398
5087
11398
11664
11398
2971
11398
2342
11398
2433
11398
3327
11398
4387
11398
4665
11398
2891
11398
3351
11398
2615
11398
3401
11398
6093
11398
4602
11398
4123
11398
6549
11398
5101
11398
6012
11398
5094
11398
3499
11398
5729
11398
3032
11398
3505
11398
4392
11398
2723
11398
4623
11398
2692
11398
6092
11398
11534
11398
4566
11398
3434
11398
7090
11398
7038
11398
5138
11398
4379
11398
5242
11398
3292
11398
2942
11398
2297
4077
457
458
4620
6880
5165
6880
11714
9821
3174
9821
8879
10239
10258
10239
9362
10239
8861
10239
9680
10239
3769
3780
4030
9984
6149
6898
7002
6898
4351
4359
1862
1869
1590
1869
1675
1869
495
496
9349
5955
6469
6942
7069
6942
9955
3798
3769
3798
3
3490
3498
1311
1283
1004
1283
1232
1283
9300
3480
6811
3480
11738
3480
7752
9951
10613
9951
2041
8101
11320
8101
10317
8894
10319
8894
6442
10060
2977
11405
2687
11405
3486
11405
5719
11405
5828
11405
2857
11405
5668
11405
3572
11405
3437
11405
5166
11405
5205
11405
3263
11405
5968
11405
2717
11405
2921
11405
11367
11405
3000
11405
5026
11405
3498
11405
7196
11405
7176
11405
7020
11405
4886
11405
4728
11405
5559
11405
5019
11405
5208
11405
11492
11405
4563
11405
2560
11405
3290
11405
5239
11405
11672
11405
6399
11405
2617
11405
5439
11405
11714
11405
11696
11405
11424
11405
3560
11405
3082
11405
11697
11405
3257
11405
3196
11405
4433
11405
7168
11405
4756
11405
2877
11405
11344
11405
4843
11405
5935
11405
11345
11405
7157
11405
2890
11405
7193
11405
6136
11405
11439
11405
4889
11405
4695
11405
11427
11405
11406
11405
2954
11405
3174
11405
5234
11405
3234
11405
5758
11405
3619
7008
3575
9497
11000
9497
240
73
3065
3096
151
767
808
766
808
932
935
5238
6931
6180
6931
258
3389
4438
11453
8253
4498
5498
8271
5498
1442
1426
1126
1426
4052
4109
10757
8789
4345
11756
1748
1645
4084
4131
9965
6275
9963
6275
1579
1580
4661
5480
2277
5480
987
988
1157
1478
1480
1478
8942
9371
550
684
435
684
4204
4208
4200
4208
154
371
9113
11458
7758
11458
4692
11458
6993
11458
3273
11458
3509
11458
9132
11458
4660
11458
2339
11458
9118
11458
4275
11458
2399
11458
9109
11458
9097
11458
9134
11458
2867
11458
2675
11458
3485
11458
11545
11458
5400
11458
9095
11458
9133
11458
4075
11458
7729
11458
7755
11458
4134
11458
2602
11458
9098
11458
9111
11458
11402
11458
9100
11458
2739
11458
11366
11458
2558
11458
9115
11458
2693
11458
3531
11458
9107
11458
9130
11458
9124
11458
2222
11458
4662
11458
4094
11458
9128
11458
9099
11458
9121
11458
2706
11458
11522
11458
9106
11458
5137
11458
4042
11458
2450
11458
3161
11458
9125
11458
2269
11458
4583
11458
9110
11458
4567
11458
9108
11458
9101
11458
7747
11458
2540
11458
3556
11458
4232
11458
2189
11458
3033
11458
11706
6668
11039
6668
1894
1725
10286
11205
7532
4812
7531
4812
4784
4812
8117
4812
7538
4812
7732
7243
3045
7243
10366
8092
510
513
10130
2382
2402
2382
6954
2382
2351
2382
7865
4036
5988
4036
2158
4036
7801
5096
9166
5096
8521
5096
8741
9259
2751
2757
2752
2757
3390
10554
4063
7910
3662
3667
240
3908
10534
7312
8465
2451
6371
2345
6371
8562
6007
293
384
10545
5421
2338
5421
6019
5264
3250
5264
266
2
2794
2858
2854
2858
2282
10404
3087
10404
4491
10404
8884
10803
7013
10803
1740
1766
1163
1456
1459
1456
10722
9275
3309
11456
5952
8014
7455
8014
7462
8014
11942
11302
10858
11302
6142
7257
4458
7257
513
595
10533
6259
8341
6259
252
4509
4151
4156
4151
11093
10624
4146
11758
9327
9668
2515
2743
2324
2344
10978
8233
9057
8233
3801
10962
10608
5667
8545
5667
11052
5667
11786
2690
7922
2690
8665
2690
4556
2690
8598
6951
3964
4007
3101
7196
9653
10195
11848
10195
9293
10195
3223
3264
6438
3421
4762
3421
1748
1961
1964
1961
3854
8416
149
104
3439
6497
5674
6497
7599
1995
10500
7674
8273
7674
8829
8018
8835
8018
1174
1235
2107
2135
2109
2135
10127
9931
7688
9931
9032
9931
10331
7499
10680
2505
2513
2505
8148
8119
8431
8990
8436
8990
3992
10008
7895
4876
724
723
729
723
1611
1894
1606
1894
3576
5836
11710
5836
9692
8020
10269
8020
3339
11035
3689
4896
3703
4896
8315
6477
10021
6477
798
612
7198
6914
4616
6914
8154
11279
3811
3814
3393
3413
3261
8988
5241
8988
3993
10010
11069
3653
3610
3653
7828
3653
8561
3653
6949
7479
152
33
2685
2688
1160
1087
7486
5909
262
3099
7176
3586
3585
2078
3585
12012
10175
118
697
7198
6736
5733
6736
399
661
562
661
402
661
8279
3836
3803
3836
9689
9670
7003
5814
10032
5814
4524
5413
2374
5413
8889
8841
11579
8841
3491
5653
3501
5653
11388
6112
9126
6112
11420
11532
5100
10384
9042
10384
7581
10783
9664
9295
11788
2552
7371
2552
9576
7807
3511
7851
3512
7851
7916
7851
3302
7851
3882
3909
3910
3909
2807
2860
2772
2860
385
386
3366
5585
2612
5585
10126
6809
11747
2402
4866
2402
4545
6670
4594
6670
4186
5076
10180
7831
4760
7831
11555
11890
7490
11890
3318
9112
302
397
10355
9736
2035
9736
9753
9736
2299
8664
7998
2532
2489
2532
10236
2532
8769
2532
2742
5523
4659
5523
10687
11122
2093
7908
7028
7908
7111
7908
8122
8922
2027
8922
8118
8922
4782
8922
64
15
131
210
2137
5500
4680
5500
6961
5500
11322
10342
8943
10342
11312
10342
248
9938
4440
3474
5633
2501
2622
2925
2964
452
686
781
686
696
686
7215
9809
11742
9809
161
2280
2307
2311
2307
1967
1966
1745
1966
6364
5478
7046
5478
11013
6295
5097
6295
409
659
561
659
4192
4210
4860
4210
4222
4262
4402
9477
8437
9477
255
134
7856
3076
1968
3076
9519
9914
10046
9914
2333
2391
3037
7010
7765
10058
7519
8081
6749
8081
8786
11585
9563
3523
3524
3523
7058
3523
11354
3523
422
423
418
423
3449
8267
5883
11322
8646
10159
10173
10159
10666
10159
8669
3500
7913
3500
11691
3500
3632
3633
3617
3633
6155
3478
6157
3478
3453
3478
7350
3478
1402
1380
1329
1380
986
1380
11889
7455
11424
10456
3196
10456
6114
6878
5136
6878
4746
7044
9693
10756
2957
7755
3392
4545
489
494
493
494
3473
3569
3765
3778
1620
1893
1625
1893
4437
6900
5179
6900
1476
1472
1089
1472
3776
3800
3793
3800
11363
10004
790
840
3797
5037
3817
5037
8073
11555
11918
11555
2124
4693
1594
1595
4077
4097
9534
4097
10331
8054
1987
8054
4451
8054
10825
9362
8094
11945
10328
11945
11988
9777
11987
9777
2062
9777
2195
2279
3055
3182
3138
3182
2146
11633
10505
11633
4452
11633
4253
10592
8785
7998
9771
8127
8132
8127
10677
7842
9210
7842
10188
7842
2675
5569
2602
5569
9553
9139
2646
5778
2736
5778
8018
7980
4710
9509
4371
9509
4983
2541
7921
2541
7944
2541
7920
2541
10289
11216
2712
5800
2727
5800
2638
7163
1420
1133
862
860
606
860
8506
9038
8506
9038
3553
4740
7514
10331
11477
8852
2962
6574
5741
6574
3003
3037
2992
3037
11997
9436
1328
1144
2908
11860
7478
11860
2394
10408
4643
10408
9144
10601
11725
9206
3190
10648
11526
11925
11525
11925
4407
8560
3557
5182
9437
11966
9989
6509
3332
6509
8093
7507
8091
7507
10204
7921
8725
7921
3113
6038
2296
10628
8698
7884
7303
7137
9539
7137
11038
7137
975
1122
1333
1146
2254
4666
166
36
9411
10351
9407
10351
2013
10351
5910
8832
8050
8832
10348
8832
2123
6139
7435
10711
7695
10483
10023
10483
3324
3335
2188
5514
2719
5514
104
5877
6746
3063
11472
6206
10056
6206
3992
3999
10284
11218
187
349
5995
9574
7307
5144
7335
5144
361
1045
4861
4204
4164
4204
8497
10518
11043
10518
9541
10518
2053
8147
10893
8147
3363
6436
4601
6436
4091
4615
7218
7082
1981
7082
7219
7082
6128
9900
2263
9900
8
330
3549
7004
3243
5006
5992
9878
11014
9878
7697
10971
7709
10971
11359
10971
10788
8034
2218
2255
2185
2255
165
169
4348
5335
4318
5335
3443
3514
4614
6362
2426
6362
2119
7779
78
7568
4423
3877
8675
3877
4800
3877
8774
3877
10193
3877
9994
5063
10025
5063
4384
4395
4367
4395
8335
4939
3985
4939
10231
6777
10265
6777
5955
6777
7424
6777
8001
6777
9640
6777
2465
5999
2122
4525
3131
3144
3146
3144
4300
10531
3875
3873
3841
3873
959
1375
1388
1375
5155
6374
8424
6374
2106
6773
8306
6116
5124
6116
3245
5261
4567
5261
4614
5424
2348
5424
9555
10608
2723
10401
7090
10401
1557
1558
941
1151
7298
8360
11838
8011
11259
11223
10314
11223
7184
3949
4857
3949
11126
4965
2025
11317
7431
7417
7428
7417
11837
7417
9134
6419
11545
6419
8392
5730
2895
5730
4122
5369
4099
5369
3589
7928
10498
8197
11733
8197
4118
4154
7835
10621
2321
2341
7379
11791
930
1113
935
1113
1111
1113
6955
6954
7571
5873
7120
11626
2687
9850
5559
9850
3010
3261
8565
3424
7881
3424
3354
3424
2811
6165
9574
9562
9033
8256
6151
4490
6150
4490
4988
4490
3995
4027
11427
10392
3174
10392
2088
5949
6027
6830
3168
6830
9603
11117
9603
11117
2631
7671
7358
4345
7375
4345
7871
4345
324
1544
2857
9786
4433
9786
4348
9934
4598
9934
2583
9934
4620
9934
4524
9934
5165
9934
6019
9934
8333
9934
6142
9934
6440
9934
2856
9934
7128
9934
6181
9934
4273
9934
3414
9934
11682
9934
4338
9934
2889
9934
4536
9934
3250
9934
3396
9934
8306
9934
7126
9934
8368
9934
5204
9934
2542
9934
4498
9934
6179
9934
7084
9934
8314
9934
7025
9934
3265
9934
11715
9934
11698
9934
8430
9934
2993
9934
11675
9934
8319
9934
11651
9934
4318
9934
4458
9934
3291
9934
3252
9934
11663
9934
4720
9934
2968
9934
5124
9934
11739
9934
8313
9934
4502
9934
2374
9934
7153
9934
4555
9934
2275
9934
2951
9934
2134
4705
3709
3730
3720
3730
2524
3369
4602
10467
4623
10467
3773
4916
3754
4916
10057
6562
5216
6562
2178
5535
4733
5535
8609
9165
4613
7368
4202
4595
9342
11564
4299
4325
4317
4325
9141
9954
3737
3750
3751
3750
7470
5929
7471
5929
8780
5929
7037
5929
3102
6850
8397
6850
2033
11527
9748
11527
11528
11527
7532
8104
2418
4047
9960
4047
4811
8891
11910
8891
1685
1687
1800
1687
1443
1439
1446
1439
291
290
2323
11401
1588
1589
4438
9830
5173
9830
8256
11628
9962
11628
472
824
785
824
3874
3886
3151
6786
2698
6934
2600
6934
3519
3535
8159
7948
9644
7948
2084
7948
4092
4134
7732
5750
2972
5750
10321
9374
2055
9773
6162
9116
2579
2638
11117
2638
9603
2638
11103
2638
3920
3929
3926
3929
10339
10318
9736
10318
2019
8938
7916
11491
10829
8902
11923
8902
11855
11201
8697
10680
10697
10680
2479
10680
8733
10680
1233
1142
5887
5886
8053
10698
10369
9419
9431
9419
9766
9419
10372
9419
7113
10551
4868
2217
4977
2217
8140
9719
9440
9719
3187
3194
3185
3194
3916
10584
2604
2712
378
379
2299
2352
10715
2352
11166
2352
8685
4120
4070
4120
10202
4120
7398
4120
3378
4989
7220
4657
11219
4657
4350
11461
11707
11461
4561
11461
9979
11461
6192
11461
2853
11461
4747
11461
10995
11461
4486
11461
4644
11461
2963
11461
5237
11461
4475
11461
9967
11461
5651
11461
2568
11461
8318
11461
2881
11461
4438
11461
3514
11461
8360
11461
2331
11461
2621
11461
10544
11461
11462
11461
10978
11461
9043
11461
10523
11461
9057
11461
3334
11461
5173
11461
3018
11461
10993
11461
4671
11461
2461
11461
10519
11461
9977
11461
6977
11461
5249
11461
9516
11461
2182
11461
9975
11461
10989
11461
3352
11461
2430
11461
10992
11461
4539
11461
10984
11461
8322
11461
4731
11461
6891
11461
4258
11461
4593
11461
10000
11461
2632
11461
2273
11461
9044
11461
3260
11461
10550
11461
10982
11461
4627
11461
10994
11461
5218
11461
9972
11461
4636
11461
5220
11461
5400
5385
4042
5385
8675
9225
1722
1860
1755
1860
10520
9473
10518
9473
7700
9022
10038
9022
684
681
685
681
7044
5450
10035
5450
11674
7818
4167
9012
8408
9012
8332
6245
8325
6245
1571
1572
3426
5613
9985
5613
4188
8283
383
388
387
388
5193
6486
5842
6486
2969
2972
1277
1050
1046
1050
319
977
5195
5194
11414
4274
11043
4274
9541
4274
6777
3385
4621
3385
5010
6189
4689
6189
2964
6920
5743
6920
10995
9824
5237
9824
4400
9981
5577
7187
3480
3450
3417
3450
8946
10868
11327
10868
10566
6088
8418
6088
3600
3613
3601
3613
9654
4826
8748
4826
5899
4826
9265
8672
11243
11594
11255
11594
3078
4846
4442
4846
11912
10767
10805
10767
4808
10767
1167
1168
10568
9486
8380
9486
3693
3703
1047
1277
4490
3430
7725
3430
3085
3087
2657
5819
7152
5819
3923
9088
13
4790
8119
8110
4356
11044
2570
2591
2596
2591
636
533
2107
9189
222
145
3725
3724
3713
3724
3320
3323
5196
3323
926
924
628
924
6547
9920
6164
9920
11502
7892
6023
6824
6185
6824
3682
6981
4710
6981
3830
6981
3934
6981
8403
6981
4725
6981
10567
6981
4203
6981
4073
6981
3667
6981
6139
6981
8417
6981
4585
6981
3788
6981
3738
6981
6364
6981
7045
6981
10563
6981
10577
6981
10573
6981
7046
6981
10588
6981
3754
6981
4673
6981
4935
6981
4048
10542
557
666
407
666
561
666
8384
6225
4732
6225
4176
4181
3621
11761
2806
5703
11704
6719
5672
6719
2423
4643
4464
11640
11465
11640
2168
5430
11993
2070
4276
5087
659
679
714
679
10640
7717
11734
7717
175
365
3801
3819
2591
2602
7962
9245
745
688
442
688
3199
6022
6812
6473
5199
6473
375
381
380
381
4263
5323
10558
5323
2317
2332
2290
2332
4713
5724
2117
7094
2553
7901
1389
1374
976
1374
10086
10541
4176
4182
63
3095
3097
3091
3097
2022
8948
3692
3693
3685
3693
4235
9496
4615
9496
2407
2408
2384
2408
1041
1042
11974
11316
8945
11316
8954
11316
10134
11060
8707
2648
10223
2648
11434
2601
853
850
2976
5740
8466
5740
11838
4800
11838
4800
2925
9098
2255
2331
3194
6021
8732
7938
10221
7938
4283
4569
7563
4778
8663
7902
4212
9080
10159
9199
3421
3545
872
665
506
665
1187
1392
1334
1392
858
782
859
782
10353
11935
9419
11935
8949
11935
7083
11627
6037
11627
2417
11627
4672
11627
11667
11664
7096
11664
2904
8368
311
2760
2756
6766
2756
4341
5097
2386
4037
10575
5693
10061
5693
8668
11116
8668
11116
4777
11528
9767
11528
9757
11528
6029
6840
5017
6840
3721
3740
8087
10279
3879
9944
2570
2592
2597
2592
4485
7891
7935
7891
7934
7891
2139
7891
7197
6313
4272
6313
10792
7104
1455
1449
1081
1449
10566
6982
2709
6982
8418
6982
4374
6982
3746
6982
11032
6982
2370
6982
7008
6982
10068
6982
8449
6982
11031
6982
2274
6982
4229
6982
9935
6982
2409
6982
2346
6982
4014
6982
3972
6982
8409
6982
3349
6982
11001
6982
6974
6982
10071
6982
5557
6982
9094
6982
4128
6982
9082
6982
4529
6982
6135
6982
11463
5545
2683
5545
2969
2971
6886
5525
6963
5525
5181
7256
8314
7256
3179
3204
3202
3204
11853
10255
10092
5395
5377
5395
11503
4063
10690
4063
9620
4063
10210
4063
7423
4063
4496
4335
6771
4335
4326
4335
5986
4335
7520
11526
4516
11526
1994
11526
4828
11118
9340
11118
10764
11118
10705
11118
4138
11118
11204
11118
2760
4999
1963
1664
1642
1664
10579
5939
3667
5939
4681
9313
9674
9313
7459
9313
8753
6006
4722
6006
4144
9982
3665
3666
3662
3666
6999
5615
6148
5615
2919
9840
6012
9840
1188
1318
1319
1318
11651
6944
11663
6944
3047
8671
190
344
11725
3525
11353
3525
5177
3525
5178
3525
11028
5204
8461
5204
4481
5204
6955
2351
363
1051
4548
2711
5167
2711
2554
2711
2468
2483
10680
2483
4143
4144
4106
4144
5206
6496
3439
6496
7896
7360
4642
4877
5966
4877
11379
4877
6152
3395
3357
3395
164
2595
4514
1657
1813
1765
1813
7576
11318
10692
2628
10223
2628
11876
3939
11552
3939
11886
3939
8030
3939
1574
1575
8114
8928
4117
7197
3716
9021
3961
4006
8353
6080
8359
6080
11053
5666
9104
5666
11766
2518
7095
2518
4980
2518
3209
6199
5014
6199
1012
1013
9933
9011
4174
8417
3600
3615
3601
3615
960
1376
1390
1376
1388
1376
10531
6098
10979
6098
231
11353
11540
1259
1363
1063
1363
4148
4585
378
380
8733
8717
11799
9235
11985
11179
2068
11179
9759
10860
7528
10860
2022
10860
11253
4653
11873
4653
10833
8901
8065
8901
8908
8901
8164
8094
4400
4413
1990
4814
8353
6796
8316
6796
2244
2384
2352
2384
7458
2783
4513
2783
11187
2783
9316
2783
1745
1651
3878
3896
434
728
7792
10552
1889
1821
1566
1821
2997
6561
2956
6561
3727
4909
10965
4909
10230
11835
11518
11835
8722
11835
1234
1068
1065
1068
432
433
3212
11379
7502
8892
9381
8892
10838
8892
924
923
1094
1239
1291
1239
2125
2175
7748
2175
4434
2175
2225
2175
2121
7110
7144
10688
801
871
488
871
3939
5896
11871
4836
3023
3262
185
66
7076
3210
11096
3210
11225
2159
8026
2159
10774
2159
5924
2159
10188
3440
3326
3440
8595
9561
11092
9561
961
1150
6181
10391
7182
10391
271
132
2057
2058
829
901
906
901
2306
2456
11669
7672
4463
7672
10799
11222
3421
11694
297
938
939
8304
8187
10052
8187
7354
4478
8496
10532
213
139
7750
5210
3246
5262
7228
5262
8308
6235
8334
6235
2191
5440
2219
5440
2452
10402
2343
10402
2811
4633
4501
4500
7870
11090
709
680
683
680
1577
1803
1884
1803
12011
4523
4585
9796
6802
9796
7463
8012
7463
8012
4721
8818
7480
8818
4767
8818
10999
7283
11004
7283
2325
2342
2297
4076
11730
10622
3662
10964
7539
10307
10612
7081
2406
11685
4374
6269
10071
6269
1256
1219
955
1219
1102
1219
8283
7267
10967
7267
3380
5826
2622
5826
4000
10972
520
873
874
873
10259
9658
3235
5274
3205
5274
3969
3989
3976
3989
2370
6361
5144
6361
3111
3120
3119
3120
3653
3657
4184
8455
4179
4194
11832
4194
2845
2868
5719
6726
2877
6726
8349
7664
4937
7664
7786
6994
3334
9890
10982
9890
11294
8908
8705
7922
10191
4613
2139
4613
3803
3826
11172
10217
2144
2584
11593
10712
11565
8831
11509
4450
2718
4450
4654
4450
8432
4450
9087
4450
6979
4450
3888
4450
4295
4450
5513
4450
2566
4450
3380
4450
11690
4450
4312
4450
2622
4450
5144
4450
4363
4450
7289
4450
11016
4450
3714
4450
6976
4450
2221
4450
4520
4450
8412
4450
3817
4450
8435
4450
10572
4450
8937
10352
2021
10352
191
4482
5989
2764
3274
6978
5120
9957
4385
10127
4385
7688
4385
9032
4385
11963
9746
11303
9746
5894
9746
10347
9746
3506
5657
8378
5657
318
1534
11074
4323
4298
4323
7761
4323
8477
4323
4430
4724
4430
4724
9544
10070
7363
7841
2503
2542
7595
9726
3635
9994
545
737
926
737
9280
3790
8783
3790
11867
3790
2087
3790
1548
1816
1819
1816
1798
1816
2587
6890
2193
6890
3583
5643
3539
5643
7043
4430
7041
4430
7042
4430
11499
8807
11499
8807
11555
8851
7490
8851
7865
4087
4588
4087
5988
4087
10642
4087
8922
10332
7024
10332
7552
4703
4653
4703
9442
4703
966
1372
1169
1372
9026
11632
7769
10602
3790
3846
3839
3846
7839
5181
469
660
806
660
785
660
4840
6746
5892
6746
511
512
904
903
7453
7988
42
316
5557
6658
4529
6658
8529
8479
2704
5790
4659
5790
9250
2767
2756
2767
8641
2767
6762
9269
3425
7020
3640
3643
3645
3643
4840
4819
5891
4819
8252
8176
7427
11844
1618
1709
11863
9361
11863
9361
5659
5846
4718
5846
3183
3181
3138
3181
273
92
3532
10591
1591
1592
325
987
1606
1607
2286
7034
2245
7034
11589
3154
3147
3154
11143
5916
10282
5916
8683
5916
7385
9223
2333
2392
3615
3965
3615
4949
10687
11123
7517
8082
11914
8082
6814
5705
2824
5705
6992
5345
8425
5345
553
685
550
685
436
685
448
762
780
762
2573
5490
2588
5490
2468
2467
10706
2467
7235
2467
3108
5027
2752
4873
8329
6285
10974
6285
11186
8779
8816
8779
10161
8568
11789
8568
1021
1022
2045
8137
4736
6446
6460
6446
5180
6446
2594
2608
1045
1046
4429
2401
2335
2401
2324
5154
2838
9111
7798
9129
9174
9129
3915
3916
3895
3916
63
313
7879
7832
7546
11976
11979
11976
12002
11976
2779
5965
2086
11217
8744
2531
11548
2531
8707
2531
9663
2531
7559
11323
2763
4730
5074
8507
10971
9028
4309
4369
4354
4369
3704
3705
3688
3705
10833
8884
8075
8884
10254
3345
8765
3345
11201
3345
7031
3345
9673
3345
9672
3345
11519
8921
2497
2621
3375
6149
11310
10341
8126
10341
8123
10341
8136
9426
982
1145
2424
7147
7842
3490
7873
3490
11086
3490
3029
3027
2984
3027
4887
6048
7716
6048
1128
1381
1401
1381
8673
4261
7924
4261
11835
4261
8636
4424
3091
4886
4701
8980
4080
8980
3127
8980
7870
10638
3156
6028
1032
1033
8664
2318
10712
2318
10228
2318
9258
2318
5947
2318
39
8163
1739
1938
1759
1938
4331
9446
4531
9446
11157
3047
7429
3047
3046
3047
7426
3047
10540
8998
10030
8998
2154
7127
4227
6111
5103
6111
2252
6129
1532
1955
1527
1955
4655
8842
1594
1806
1930
1806
3988
9048
2204
4750
3285
3325
3321
3325
11788
2551
2571
2551
2696
2698
77
7560
3590
3595
9597
3595
7812
9149
10663
7852
11545
6426
4583
6426
1039
1044
1043
1044
2662
2680
2289
5134
194
335
8867
8044
8791
8755
9321
8755
9676
8755
3917
5047
3935
5047
1017
1338
802
594
8946
11301
8162
11301
8940
11301
8384
6223
3128
6223
11987
9285
9050
5325
9053
5325
11729
4929
3833
4929
7000
11533
3362
5595
2620
5595
1720
1719
384
385
2703
4535
2977
11655
2687
11655
5719
11655
5828
11655
5668
11655
3572
11655
3437
11655
5166
11655
5205
11655
3263
11655
2717
11655
5559
11655
11492
11655
3290
11655
6399
11655
2617
11655
3560
11655
11345
11655
2890
11655
6136
11655
4695
11655
7694
11655
2954
11655
5234
11655
5758
11655
1616
1617
3125
3134
6031
3134
2662
7054
4173
8305
3389
5575
6953
6952
1922
1903
1651
1903
7169
3073
1976
3073
6438
3422
3423
3422
642
558
9199
9564
11193
10249
11015
10394
2457
10394
2060
10793
4669
10793
2408
11531
1556
1557
506
596
11399
11397
8278
9932
2231
2216
2164
2216
11315
11303
9402
11303
737
820
925
820
2637
4656
6001
10185
5169
10185
3482
3575
2310
7186
5954
4748
8715
4748
5953
4748
2463
4748
4222
9050
10380
7558
10998
5073
11008
5073
11483
5422
2371
5422
2379
2433
2695
2700
4714
6372
7143
6372
1736
1924
1505
1924
7454
4827
2650
2678
9376
7489
10836
7489
5003
8978
2916
8978
11488
11487
10270
11197
2310
2320
11000
6487
3568
6487
8618
10640
3150
6030
5239
9000
5758
9000
2197
2265
10605
4152
4107
4152
7298
10961
1067
1379
1170
1379
3477
3488
4084
4132
1684
1688
1560
1688
3069
6050
4480
6050
885
884
708
884
1750
1642
10825
9372
3553
3559
11478
11321
2494
2610
11570
10766
3318
7765
8568
10123
7531
8904
7512
8904
9425
4811
8953
4811
9526
4847
3081
4847
7564
8091
2376
2453
1893
1722
2284
11787
2403
2381
10130
2381
6954
2381
3085
3086
3068
3086
3126
4728
7162
9030
5725
9030
4572
9030
7200
9030
5193
9030
4694
9030
2976
9030
3472
9030
4597
9030
4512
9030
7010
9030
4545
9030
4480
9030
8394
9030
4546
9030
4541
9030
4690
9030
6017
9030
5197
9030
4568
9030
4664
9030
4604
9030
4601
9030
8386
9030
7012
9030
4603
9030
4557
9030
10050
9030
10542
9487
9969
9487
370
587
10063
6564
5216
6564
5950
8799
2572
5488
1882
1784
1639
1784
9221
8570
9222
8570
9220
8570
305
7331
9952
11256
11859
11155
11859
7487
11859
11434
5559
2630
5559
2629
5559
7416
11121
8112
8102
9283
10229
3696
10229
2638
7173
7992
10715
3064
7716
1591
1888
1596
1888
11762
5086
5236
6932
6180
6932
3496
5192
1785
1904
1653
1904
2926
2974
2967
2974
5929
7416
7982
7416
3555
10415
7048
10415
7379
3201
4879
3201
295
943
2109
2145
2114
2145
4148
4272
1175
1236
3827
8196
8412
8196
4706
6117
6980
6117
8043
11889
4831
11889
4832
11889
7315
7119
10257
7990
2996
9822
3044
9822
7200
6660
3363
6660
7173
5788
2705
5788
8054
7018
9717
7018
11835
8674
6440
6941
11663
6941
933
934
10625
8499
3425
10582
3055
3192
3190
3192
2318
2289
4971
2289
7404
4428
5135
9787
7014
9787
2249
2354
11191
2753
10661
5201
6006
5201
1965
1923
8510
4141
4137
4141
7886
4141
11391
11757
11392
11757
8676
11757
2604
2714
1525
1526
1521
1526
5904
7465
10786
7465
7477
7465
10981
10466
4515
10466
3781
4917
2325
4683
7419
4511
2773
11734
4320
10068
4644
9024
2430
9024
10506
7233
3956
7233
11671
7233
11658
7233
8263
7233
9614
10169
3766
3788
9027
9014
419
422
3908
8257
4030
4026
4011
4026
360
495
2739
6888
2693
6888
10083
5118
4274
5118
1159
1088
225
2597
11434
1090
1479
1480
1479
2329
10544
2418
4046
3159
5019
6036
6787
7733
6787
8443
7253
10587
7253
3873
3887
11073
7789
11532
11457
665
722
2554
2604
2596
2604
8318
9888
10982
9888
10329
8910
10842
8910
7535
8910
1990
8910
2317
2334
4429
2334
2711
2733
10042
5722
2861
5722
3202
6024
7094
7092
10847
11280
6548
8243
5698
8243
1564
1565
3826
4448
408
613
10172
3118
4839
3118
289
936
2990
3019
5888
5887
2843
2870
1300
1243
1363
1243
3892
10493
2119
2125
11115
2125
10603
9941
7759
9941
1066
1234
3481
7894
143
88
11297
7101
5956
7101
1990
7101
11323
11314
3710
3722
5213
9117
1337
1221
1009
1221
1391
1221
11885
9660
6019
6822
3252
6822
8892
8820
4048
4096
3796
5036
3816
5036
1587
1710
2067
9776
10894
9776
11620
7303
2387
6114
2555
5812
2652
5812
637
532
370
1167
233
10382
3064
4480
2204
11425
11786
2554
2532
2554
8082
10757
10266
10757
8909
10757
7472
10757
6753
10757
10106
5208
8562
5208
2520
4498
6126
5438
1060
1278
4229
5109
4128
5109
11493
5131
10030
5131
11985
9437
9775
9437
9776
9437
2063
9437
8158
9437
3034
3036
10680
11792
4375
8429
938
941
10308
8041
12007
11989
4633
6912
2850
6912
11108
9207
3811
3812
3810
3812
86
11305
3564
6463
3545
6463
9767
8126
3191
3208
1256
1252
1229
1252
951
1252
1338
1216
1181
1216
1015
1216
3343
3438
4459
11639
4468
2060
11500
7051
10172
3131
3132
3131
3111
3109
3060
3109
8947
11959
11430
9912
11429
9912
4880
3151
3166
3151
4883
3151
11855
7031
2434
7209
10056
6207
3172
6207
7556
5876
954
1214
1256
1214
3327
9463
3292
9463
10377
8146
2050
8146
8718
10690
3408
6437
5176
6437
149
128
2070
11202
10896
11202
7110
7108
7757
11492
7229
11492
1294
1241
1360
1241
11421
2195
10140
2195
10116
2195
10133
2195
9177
2195
8866
7439
8056
7439
8869
7439
951
952
7134
7506
7522
7506
10515
10505
10516
10505
6808
10505
3906
8449
4288
4667
3948
7136
9213
10135
8935
10858
10867
10858
11329
10858
2030
10858
9290
6776
2441
5151
2372
5151
2334
2404
11099
2803
2793
2803
10203
2803
7848
2803
6949
3876
11873
3876
10288
3876
3513
9114
843
825
842
825
421
825
7148
2534
2490
2534
8585
2534
8716
8662
161
109
3522
11402
7494
8881
7496
8881
7064
8924
2606
2624
2609
2624
7536
10344
11823
10743
185
1510
1511
977
978
2923
2962
9234
11725
2007
4421
4195
4264
5008
5007
5008
5007
9359
4721
9424
8930
11316
8930
11318
8930
9423
8930
10286
10213
11065
2520
2552
2520
7095
2520
4499
2520
9087
6078
9094
6078
1522
1523
2473
7844
11451
7177
1699
1700
1760
1700
3418
9991
10980
6100
9971
6100
3002
6179
9527
10443
8382
10443
3378
3375
8530
3375
9169
3375
8405
4897
3700
4897
8052
8854
7004
5837
3543
5837
177
354
4247
7358
919
917
1408
1395
1335
1395
11486
9155
10995
6572
5218
6572
11286
11953
11527
11953
7130
5184
7818
5184
10120
5184
2629
2630
2629
2630
1048
1049
2504
2503
2480
2503
3456
6476
3506
6476
8483
8293
7430
7042
188
341
8794
8749
8792
8749
8004
8749
11367
9838
3196
9838
2017
11296
1634
1635
8894
10805
4351
10002
7352
7806
590
589
4096
5375
4125
5375
3241
11462
4279
7739
3809
3837
3824
3837
11583
8052
9726
8052
8897
8052
4868
4979
11794
4979
9063
6737
9058
6737
1231
1415
1328
1415
1327
1415
982
1415
977
1415
498
578
9420
9763
8888
9364
10356
11933
8942
11933
8503
10594
10608
10594
11052
10594
9764
11962
9770
11962
3176
3184
6979
5359
4128
5359
2260
2306
2304
2306
7719
6838
7189
6838
7768
7084
9552
7084
10096
4955
8475
4955
356
490
3389
7002
3730
3738
7484
8032
7485
8032
270
7526
10299
6023
5271
3208
5271
2017
11298
721
567
2254
6364
7393
6763
3510
3512
805
591
4333
5077
3848
3863
3862
3863
12009
11992
3850
8215
3866
8215
3874
8370
2258
8729
4321
11762
7452
4191
7985
4191
4827
4191
9292
4191
9661
4191
7567
9737
9575
2239
2241
2239
8592
2239
5946
2239
3117
3142
7929
3142
2510
3359
7866
2650
10128
2650
4984
2650
2530
2650
4403
6991
9999
7661
9973
7661
2407
2410
2384
2410
2076
4798
8651
7882
2974
9100
8601
9179
2975
5738
8304
5738
11859
7940
5019
10457
11424
10457
7185
2581
11154
2581
11412
2581
10223
2581
11890
8834
2901
9078
11550
4780
7351
3271
7830
3271
7063
5512
9542
5512
3076
3077
2868
5863
2873
5863
8433
9476
8437
9476
299
1501
3622
8266
7781
4202
4201
4202
4957
4202
9771
8950
8962
8950
4780
8950
11980
8950
2302
5142
12009
9572
6156
6155
4223
4221
7155
4221
4763
4464
4466
4464
137
7581
462
463
2939
2940
11084
2940
9180
2940
8527
2940
2805
2882
4875
7410
2981
7410
2686
2661
2522
2661
3990
7650
8340
7650
871
868
493
868
8366
8185
10001
8185
1708
1668
1940
1668
1144
1431
1268
1431
11993
8961
1999
8961
2044
8961
7146
8961
11992
8961
2042
8961
2054
8961
5869
8961
7175
8961
2047
8961
2045
8961
11983
8961
2061
8961
1410
1400
3520
11000
3626
3956
4191
8640
3424
10978
36
1713
4641
9871
2428
9871
3098
8394
8803
8793
5923
8793
4068
4113
11415
4113
7837
4113
11075
4113
520
521
516
521
7682
8249
837
758
835
758
2083
2084
8886
10305
9368
10305
7067
7306
11443
7239
6996
6237
8421
6237
706
620
652
620
1058
1420
1278
1420
9408
5956
4532
9263
798
796
397
796
402
796
797
796
11316
11957
11959
11957
6162
2806
5213
2806
8258
11659
2507
10570
5008
3238
4878
3238
5007
3238
6768
3238
7895
3238
6767
3238
8100
10799
11090
4376
11047
4376
7575
2042
853
787
854
787
8383
5771
9074
5771
10501
6263
10504
6263
4061
4587
2000
11987
7996
8715
8403
8229
10573
8229
9559
10102
8687
9237
2725
2739
518
519
8895
11252
11546
11252
4246
4298
11112
4298
8682
4298
11119
4298
900
898
636
898
2127
2177
3011
5238
2854
2844
2835
2844
10357
7520
11311
7520
1396
1179
1048
1179
1933
1879
1705
1879
1488
1879
4285
4280
4225
4280
9397
7503
5956
7503
3752
3771
8301
7630
8352
6871
8336
6871
10107
10091
11064
10091
11060
10091
1465
1461
1466
1461
2556
10904
2614
10904
2036
8123
2252
2358
1033
1037
1233
1037
10734
8766
1926
1915
1642
1915
4790
11146
2940
8466
113
7534
1322
1270
1272
1270
10095
5983
8475
5983
8825
9276
9047
5617
3398
5617
2153
7404
4967
7803
10643
7803
8574
7803
3470
3471
3470
3471
4215
5312
4270
5312
4353
8582
8804
11173
4620
5160
2275
5160
310
1520
2584
5527
4637
5527
10818
11938
10313
11938
8033
10257
8851
10257
10272
10257
8859
10257
11213
10257
2377
11014
45
635
4389
8169
4270
8169
4742
7962
3527
6692
11710
6692
11493
5397
2459
5397
4245
4337
1505
1703
1737
1703
9738
8068
11285
8068
11530
8068
4888
7624
9610
10196
2421
2439
11146
7195
8683
7195
9632
9611
8966
9398
4322
11742
3157
11346
8650
2108
2113
2108
7149
2108
11091
2108
3982
3983
3950
3983
8921
9380
11872
9380
9394
9380
3340
9528
10602
8415
7073
8415
3616
3617
3595
3617
2167
2209
5873
2031
1996
11267
2349
5471
2354
5471
3141
3160
3164
3160
10549
6321
10546
6321
6005
3312
3345
3312
9330
3312
9305
3312
11895
11373
11374
11373
3912
10499
4066
9618
6962
2136
7957
10674
3422
3527
11573
4875
7983
4875
2979
4875
3373
3397
10109
11689
8487
11689
5644
6701
3492
6701
2809
6548
2482
2506
9207
2506
6146
2506
2486
2506
9107
6528
9110
6528
11509
6380
2346
6380
277
1968
982
983
978
983
9682
9321
4462
4859
3265
6611
3252
6611
2180
6398
5499
6398
1172
1417
1002
1417
1334
1417
2584
11442
9288
3547
9226
3547
10222
3547
12001
2051
9959
7060
3484
7060
7062
7060
10807
9701
2948
9548
11644
11348
9130
6618
9121
6618
8294
11384
364
508
4841
3095
3056
3095
11234
11210
10781
11210
7883
8493
315
970
9981
6276
11742
6276
11603
2303
2378
2303
4685
2303
8642
2303
1224
1397
1265
1397
284
1721
11416
8544
118
1481
1312
1288
1035
1288
10983
5547
2682
5547
8864
9692
644
813
836
813
5930
10243
10581
10910
2631
10910
10580
10910
5949
11148
1640
1641
11341
7554
4489
7554
9332
11184
1974
4764
11376
4764
4276
4363
5096
5095
10746
11410
11825
11410
2158
4035
2157
4035
4308
7870
3276
3327
3421
10041
4540
6631
10076
6631
9597
3597
11826
3597
7573
4772
4747
10429
10993
10429
1859
1809
1636
1809
70
517
11452
11375
5143
6348
2404
6348
4729
6708
3508
6708
3634
4168
11954
9411
5892
9598
5922
11839
10244
9651
263
3156
11366
991
992
11919
2101
2907
2894
7418
2894
7977
2894
11858
9328
3208
5288
3197
5288
9612
9580
2628
9580
7904
4069
4428
4069
11783
4069
4065
4069
2957
3045
7849
7125
7845
10126
11268
11247
3511
11353
11491
11353
8631
11353
7724
6521
10062
6521
465
732
2790
2789
9582
2789
2082
9287
6096
5327
6097
5327
4670
11940
10323
11940
9731
11940
7550
11940
2248
2253
2183
2253
2568
5597
2621
5597
2528
6968
8614
4537
7121
11175
7121
11175
1764
1882
29
10820
9386
2092
11903
2092
8887
2092
10830
2092
9370
2092
7121
11166
11175
11166
10740
11166
3471
7334
8587
7334
3059
7733
2762
3288
11180
8757
10743
8757
11178
8757
3869
5045
3844
5045
3264
7604
8856
11153
9694
11153
7433
11153
10796
11153
368
1716
3211
8382
1037
1367
1263
1367
1492
1497
1496
1497
4747
10924
10523
10924
4775
10881
4172
9968
1501
1502
7029
10662
8817
2465
10716
2465
9670
2465
9645
2465
9650
2465
4985
2465
3115
5025
3140
7714
9301
11168
571
625
565
625
8343
6287
8351
6287
2383
7354
7771
7753
3222
4563
8549
7289
9558
7289
8487
7289
10304
8858
7877
2233
2156
2233
7340
2233
6011
5222
5744
5222
8369
3967
8327
3967
294
3282
5707
10014
5707
4635
8743
3765
8344
9966
5347
9995
5347
1537
1538
10302
9348
10808
9348
10603
7145
2674
7145
3026
3025
3012
3025
9726
9708
2048
9708
9712
9708
10292
8690
9361
8690
2750
8690
11863
8690
10163
10146
4580
11368
2734
11368
3445
11368
7188
11368
3371
11368
5660
11368
3487
11368
4040
11368
7198
11368
11423
11368
3226
11368
3246
11368
5143
11368
4691
11368
2998
11368
5141
11368
3413
11368
5633
11368
6022
11368
7197
11368
5666
11368
2584
11368
4132
11368
4272
11368
4667
11368
2404
11368
2962
11368
4337
11368
7159
11368
5240
11368
4616
11368
3331
11368
5733
11368
2438
11368
9529
11368
2208
11368
5624
11368
2699
11368
7194
11368
7228
11368
11673
11368
4334
11368
4408
11368
4711
11368
2633
11368
2194
11368
7170
11368
4696
11368
6971
11368
4687
11368
5252
11368
4637
11368
5015
11368
5741
11368
4751
11368
3198
11368
2548
11368
3017
11368
5231
11368
2878
11368
4093
11368
4709
11368
4349
11368
9068
11368
3565
11368
2288
2416
2287
2416
11236
7974
11851
7974
8059
7974
7991
7974
282
9646
9631
8147
8135
8146
8135
2047
8135
2888
6580
2918
6580
2399
6328
5137
6328
8963
2018
2645
10449
2730
10449
2934
9521
2928
2990
11769
2990
4875
5967
3212
5967
4618
3222
3026
3222
2537
6411
6956
2119
11437
2119
11794
2119
7755
6598
3033
6598
4514
6651
2704
6651
10626
8505
3688
3707
7016
3347
4990
3347
7943
3347
4621
3347
791
789
852
789
11241
8805
11217
8805
4669
8805
4035
4085
4082
4085
9525
6684
3573
6684
1800
1819
1738
1819
9688
10749
8867
10293
10827
9642
7881
8594
311
31
2135
2716
9116
5679
3274
5679
7779
2173
4434
2173
2116
2173
851
778
591
778
2899
10052
313
965
3923
8443
10605
4248
4239
4248
507
834
788
834
3861
6061
3851
6061
1825
1937
1761
1937
3835
8213
10075
8213
3460
8213
2716
10930
4646
10930
557
714
404
714
613
714
1434
1189
7103
11437
10765
11437
7104
11437
4471
7381
358
483
11874
7453
8855
7453
6747
3679
7551
3679
10895
3679
2069
3679
2755
2765
8523
2765
8522
2765
6779
2765
898
897
6921
7610
1721
1706
84
10854
1630
1945
1885
1945
1509
1512
11460
7678
7510
10834
2052
10834
7511
10834
413
414
3611
3655
11069
3655
7780
3655
8561
3655
3169
8457
3496
7700
5900
7433
8801
7433
11938
7433
9696
7433
11181
7433
345
1017
2538
2558
9595
2186
10655
2186
7875
2186
5997
2186
2808
9061
4008
10950
9742
11272
8855
10266
8317
7265
8414
7265
4658
4311
7444
4311
8762
4311
8787
4311
266
186
347
2503
7320
4173
11737
4113
4228
8794
2489
8792
2489
10761
2489
10237
2489
8004
2489
9688
2489
2420
11031
3717
8299
525
526
4254
4387
2533
10032
4699
6642
8464
6642
3502
5655
3458
5655
14
630
159
167
11235
9684
8878
9684
11001
4023
10080
4023
2991
4472
1421
1265
1320
1265
10734
10729
11339
10370
2100
10215
5869
7216
2754
4576
4872
4576
10728
4576
4457
4576
746
791
873
791
846
767
466
767
5170
4596
6809
4596
9551
4596
10885
10368
8008
11864
7053
5536
10548
5536
10131
9166
9734
9723
8830
9324
8830
9324
4519
11827
7989
11827
7437
11827
5250
6614
4512
6614
726
582
7980
4993
11487
4993
7450
4993
7889
4326
4471
4326
4299
4326
7581
2054
1821
1684
1677
1684
11924
9704
1471
1469
181
357
2432
9469
2394
9469
11049
11033
1992
11033
7369
6785
3832
8279
9985
5609
3360
5609
368
524
3862
3885
8350
3885
1618
1887
1957
1887
10996
10948
8409
10948
10164
2127
2125
2127
9193
2127
8596
2127
3523
3536
8598
7318
1955
1822
1520
1822
2252
9115
4114
4230
3970
8541
7184
8541
1175
1174
85
1174
1829
1652
11397
7680
2812
2852
3215
6193
7832
2560
7080
2560
1768
1788
1609
1788
8647
3609
7928
3609
3592
3609
10183
3609
3621
7698
7146
7551
10177
4761
10182
4761
8691
4761
9592
4761
9253
4761
10179
4761
169
5885
415
416
411
416
2235
6115
1126
1075
7534
7531
2792
2832
2826
2832
2607
5823
2653
5823
1113
1191
1119
1191
8583
3474
8698
3474
11116
3474
8668
3474
7431
7401
7484
7401
3692
3699
3698
3699
9097
7608
9982
4250
10521
4250
1374
1176
1212
1176
4666
10417
2347
10417
7877
4966
844
716
451
716
696
716
10600
11011
8570
2147
2114
2147
9187
2147
5196
3319
3315
3319
7049
10928
2266
10928
7686
7621
5331
7621
8288
7621
10475
7621
10166
9193
11804
9614
11381
9614
10309
9614
316
1529
179
8680
7392
8662
7392
10201
7392
3820
3823
3804
3823
5868
8255
6176
8255
2145
4639
11436
5474
2279
5474
4775
2034
2864
5699
7382
6166
3437
6723
7157
6723
2405
6324
9081
6324
2293
4706
4336
9785
5087
9785
5890
10671
4247
4346
4352
4346
326
1547
1117
1118
934
1118
1111
1118
7470
7467
7471
7467
3762
4915
3753
4915
3499
6704
3505
6704
6095
5319
11732
5319
3518
6469
2019
2020
5409
11635
9517
11635
4844
6769
3083
6769
11031
6330
6974
6330
3000
6578
2954
6578
3856
3869
2414
7767
3084
4845
10057
6600
3031
6600
9219
2988
2982
2988
3045
9485
3016
9485
8383
5774
8290
5774
4071
5373
4095
5373
10095
6072
6995
6072
5875
11309
10358
11309
8938
11309
8302
6423
3397
6423
11261
9710
7965
8688
10299
9350
3958
3953
3598
3953
1769
1932
1674
1932
10379
10892
619
693
579
693
1973
1974
5028
6226
5025
6226
7580
5869
2045
7542
10244
10717
2834
2841
2844
2841
11356
11429
35
1163
3269
9970
3748
3774
2492
3373
4987
3373
8575
8552
527
528
7127
9246
9290
5953
5097
6874
11026
6874
4219
10094
11740
10901
8296
10901
478
727
5911
8860
8900
8860
4193
4224
11833
4224
11229
4461
11251
4461
2051
4461
7782
11729
224
7584
10764
11151
10705
11151
4138
11151
3979
8402
11136
9226
10695
9226
10195
9226
9611
9226
8691
9226
9253
9226
4041
5386
6998
5386
11451
5933
2906
2922
10650
2922
9179
2922
10117
2922
7746
3290
5198
8532
4982
2664
2627
2664
4981
2664
4460
2664
3448
8307
426
427
3382
5577
3405
5577
95
8964
3347
8622
3380
6970
156
70
8150
10818
10832
10818
9733
10818
4517
10818
8507
6246
8509
6246
2454
9874
2433
9874
9264
9600
8739
9600
9622
9600
7304
8391
10625
8391
4455
8391
3631
4170
8657
4170
1385
1350
1253
1350
5193
6485
5639
6485
8121
11351
4432
3386
11714
5290
11697
5290
2204
2267
8839
9330
9681
9330
8828
9330
279
278
4793
9578
8132
9769
3912
3933
8667
2081
11150
2081
11437
10187
3482
3577
3596
7868
9235
7868
7909
7868
8679
7868
1565
1899
1937
1899
1683
1899
392
393
9369
11894
11264
11894
10822
11894
7542
9423
10877
9423
3188
9072
4826
4825
4826
4825
4739
6710
3504
6710
7211
6350
2393
6350
4208
8352
3548
3573
7574
10831
2086
11590
8770
8712
7234
8712
10706
8712
9931
5075
8431
8217
8400
8217
417
418
7122
10908
4743
10908
11569
9735
11449
9735
2766
9064
3224
4689
4958
4957
8627
7342
7882
7342
4307
4314
8367
6296
6983
6296
11501
2283
2206
2283
2988
3012
2983
3012
7335
9143
3372
5573
8593
7058
11376
3075
2196
9550
2856
8972
4536
8972
2819
7159
4738
9862
3301
9862
4044
6620
4592
6620
9983
9513
9352
9681
9377
11885
7505
11885
7350
6157
7350
6157
2365
6378
2344
6378
9106
6530
9110
6530
2647
2672
2660
2672
9114
10455
9102
10455
8834
7456
8035
7456
10274
7456
10976
6400
2744
6400
946
947
1079
1080
10619
3377
8573
3377
3379
3377
9169
3377
3689
4895
8272
4895
3531
5835
3556
5835
9628
9620
4376
6862
8341
6862
3330
6513
5210
6513
3542
6681
5622
6681
3749
3762
10641
9157
2650
6143
10483
10479
2852
6550
4713
6550
3959
4003
9413
9400
2024
9400
10362
9400
7365
8591
1393
1247
1001
1247
1314
1247
7339
3059
11106
3059
3105
3059
11120
3059
4584
2110
4472
11371
7702
11644
9571
3586
3584
3586
9566
3586
11068
3586
7029
10176
10382
7175
9538
9530
10332
9378
11538
9378
540
918
919
918
3139
3158
3140
3158
11685
5377
3832
3835
633
537
2997
5762
6178
5762
5725
6735
4568
6735
10493
6064
8297
6064
873
852
749
852
7309
11040
7508
8070
5908
8070
608
718
627
718
9643
6003
8009
9296
10240
9296
8454
4943
8474
4943
4873
7384
2108
7783
2112
7783
4600
5059
8490
5059
8905
11171
11272
11171
10322
11171
4120
8602
11153
11832
9625
11832
2610
5586
2667
5586
25
320
1338
1172
1422
1172
1514
1810
1936
1810
1751
1810
2268
5158
11433
5158
4174
8332
11953
10807
10812
10807
9405
10851
4639
10921
2181
10921
9434
10884
3984
7628
10535
7628
9549
10507
404
409
408
409
7595
11996
2251
2360
7820
3649
3626
3649
8054
7483
11701
7711
9997
3409
2655
4665
7366
7351
11446
7351
6763
7351
7874
7351
1154
1186
1152
1186
8602
10137
529
711
717
711
8457
6205
8386
6205
795
855
868
855
3006
5240
1264
1181
1339
1181
4304
4300
4260
4300
5191
3336
3284
3336
11752
5462
2361
5462
3403
6435
6415
6435
11930
7518
8110
7518
10862
7518
1303
1345
1380
1345
4157
4278
4281
4278
4301
8341
2138
2197
2199
2197
1980
5913
4676
5913
11762
11026
7338
11026
4278
10082
2813
4616
11619
5649
7137
5649
5410
5409
2185
2256
2248
2256
7442
7971
8747
7971
11818
5005
9286
9634
3515
10568
4960
4396
5943
4396
4384
4396
10614
4396
9361
10779
3243
3240
7797
3240
4667
5336
4337
5336
3041
9524
6004
6813
3500
6813
5186
6813
7333
3462
7123
3462
7807
3462
2592
6414
612
562
560
562
3369
6654
3356
6654
3953
4526
3915
3913
3909
3913
2812
4546
750
794
864
794
1277
1138
7778
7756
11252
10755
3444
10044
11463
6634
2701
6634
352
1591
1425
1442
1125
1442
2742
5519
2585
5519
25
8136
9414
7131
9414
8134
9414
2014
9414
3263
9813
5239
9813
4803
9654
9374
11855
11245
11855
9715
11855
5639
5629
4492
5629
7103
2104
10765
2104
7104
2104
2100
2104
2832
2891
60
7592
7753
11028
11680
6524
9980
6524
11297
10842
3639
10998
10186
10163
11691
8638
3497
3519
3521
3519
439
709
745
709
695
709
4302
10980
9774
9435
9777
9435
12002
9435
2837
2902
2900
2902
1186
1184
927
1184
7204
3629
2935
2938
11084
2938
9180
2938
10631
2938
3932
7331
3948
7331
410
411
1867
1800
1553
1800
7885
9205
9992
7601
5242
7648
9314
11560
9642
11560
11605
7408
11475
7762
1949
1694
5154
6379
4661
6379
7396
7377
1210
1208
1250
1208
7324
4552
927
1129
11163
4860
10190
4860
9652
4860
7433
4860
1687
1837
1798
1837
1549
1837
11810
10653
11276
10814
7033
10413
11531
10413
2636
5783
2746
5783
4078
5384
4041
5384
8482
7059
5930
8003
3828
6057
3818
6057
3023
7158
4319
9043
9714
9355
3152
3175
3892
10585
208
7586
11907
4688
7503
4688
2624
11709
6158
7835
2016
10836
11293
10836
10843
10836
11822
11800
1550
1798
10816
8845
9438
8845
7547
8845
3768
3783
3784
3783
6777
3384
11135
3384
11907
11571
7503
11571
10803
11235
2833
2896
9209
9164
6133
6883
5429
6883
9569
11079
11707
10909
2853
10909
468
469
8481
5175
9154
5175
7776
5175
10736
11500
81
7573
4016
5058
11002
5058
4678
11190
9342
11190
66
471
2268
5159
2364
5159
8853
8825
11240
8825
10785
8825
8852
11822
6986
11822
567
570
396
570
11748
3342
3344
3342
8600
3342
4269
8170
4387
8170
4316
4391
2230
5456
4646
5456
487
547
847
547
7311
6164
8276
9883
11273
7075
10334
7075
8918
7075
2695
10076
3489
4622
9135
2440
7339
3058
11106
3058
3056
3058
11120
3058
4246
4964
4139
4964
4261
4307
4303
4307
11350
11390
7102
10523
11048
10523
7811
10523
9747
9379
9754
9379
3141
3159
3164
3159
2196
2262
2167
2210
3617
10633
8456
6043
4603
6043
4396
4402
10125
10500
7136
10500
8538
10500
4290
5342
10082
5342
7186
6355
7143
6355
4539
8224
2273
8224
9136
8461
64
314
7297
10478
10272
4532
11213
4532
5925
4532
3319
3456
647
755
3450
9057
3733
3756
9346
10778
8049
10778
8870
10778
3618
10569
11737
6856
10561
6856
2329
11483
10742
8761
9302
8761
9662
8761
912
910
1739
1931
1699
1931
1410
1402
1431
1402
4655
10800
7822
5331
11578
9291
3313
11774
2544
5601
3368
5601
8278
11445
9943
5648
4735
5648
2419
11360
4172
11016
2902
4541
2182
8230
4539
8230
4632
5408
2435
5408
4826
3592
4825
3592
9599
3592
3589
3592
10195
10182
2516
2740
11954
9407
9417
9407
2876
5756
6175
5756
10800
9647
10775
9647
2634
2693
2088
2097
7562
7519
4157
4279
4281
4279
499
600
4377
6105
9083
6105
1014
1422
1339
1422
9062
6517
9060
6517
10535
7629
3936
7629
3271
3331
10166
8596
2499
2545
1189
1196
2716
6627
4542
6627
3959
10037
9318
9302
3619
3648
4400
8326
9201
3601
3592
3601
9200
3601
8649
3601
3386
3408
4674
3408
7295
3408
362
501
8167
11160
4235
8993
10510
8993
2666
5592
2546
5592
1716
1636
7596
11995
2332
2395
4347
8346
8601
2939
10650
2939
2911
2939
3627
3628
3296
9105
9091
9517
497
499
11158
8706
10700
8706
8721
8706
11681
6407
7208
6407
3069
5971
4479
5971
11724
2525
6810
2525
2485
2525
2709
6647
5557
6647
1390
1194
962
1194
3705
3711
7099
3483
8542
3483
10621
3483
3453
3483
3836
7649
2526
3351
2035
8915
7977
7409
2974
10063
2508
2615
10635
7336
10152
7336
6948
7336
3067
7336
8095
10335
4019
10999
2985
3006
3007
3006
7927
8639
3464
3518
9206
3518
11540
3518
10141
3518
9191
4255
5942
4255
4196
4255
11266
9627
10082
6302
5099
6302
1
8966
9615
11783
3563
5628
3577
5628
7781
11018
11763
11018
4957
11018
9077
8250
6416
8250
11789
3971
336
1563
7783
5483
3280
5711
2821
5711
4295
5351
6976
5351
6977
9856
4636
9856
5139
2204
4869
2204
2142
2204
5140
2204
2783
11745
5215
11745
11777
11745
5214
11745
1997
10877
7241
7240
8259
7240
4320
10514
14
1159
8741
7913
5088
6291
10101
6291
8031
7462
2537
2666
5500
5518
6138
5518
10649
10144
11473
11474
8950
10873
3418
3531
548
750
3152
8396
2324
2345
11713
2705
11734
8526
8882
7474
4837
7474
3375
3401
3650
7699
3951
3608
9635
3608
10226
3608
4802
3608
7416
9232
4574
5392
4077
5392
4521
6697
11719
6697
4159
6093
2899
2916
2316
8616
10741
9607
9302
9607
9662
9607
9524
10949
8395
10949
5208
9015
2877
9015
7164
9005
6145
9005
10980
6252
9990
6252
11765
7319
11765
7319
3617
3621
3606
3621
2026
2027
7377
2490
7386
2490
7900
2490
2473
2490
10552
5467
2265
5467
5123
6317
5121
6317
2959
8300
3342
11023
879
895
878
895
7382
2965
4684
5531
6139
5531
11588
11778
9932
10424
4716
10261
7473
10261
11857
10261
8766
11754
10729
11754
11795
11754
2360
9468
2309
9468
10239
2154
11175
2154
10747
2154
6975
11465
2460
5401
4632
5401
4346
4341
4252
4341
2539
5608
6410
5608
11368
8278
10638
7823
3381
3392
3405
3392
655
575
672
575
2912
11817
11597
11476
1820
1762
1559
1762
10883
10369
8797
10730
4744
5621
4752
5621
8705
8665
8583
3467
11116
3467
3432
3467
8668
3467
9548
9066
7300
9066
11037
9066
2505
11765
186
346
11239
10750
8836
10750
11480
11478
8138
11478
4469
5318
8471
5318
7086
11454
267
6446
6468
5184
6468
4435
2134
2110
2134
10639
2134
2111
2134
270
39
3274
5680
9103
5680
3896
6066
3921
6066
4771
10886
4494
11776
11438
7885
9241
7885
8655
7885
1137
1309
1405
1309
11744
4638
2860
5698
10032
5551
2681
5551
7578
2047
180
7536
3924
10535
9531
6232
9092
6232
11938
9697
4343
9093
8149
2006
5196
3318
3315
3318
2905
10929
8381
10929
9623
9252
1244
1201
1286
1201
2589
2595
2597
2595
10162
3680
3679
3680
11897
3680
8644
3680
9198
8546
166
11935
11901
9751
11901
9775
9317
5893
9317
8468
6607
7158
6607
2217
2325
2327
2325
11727
6015
152
32
503
506
3549
3551
10584
7609
4560
7609
10171
3698
2081
3698
10656
3698
3697
3698
475
476
184
343
7553
3584
9572
3584
8155
3584
11144
10194
282
281
10214
11551
7432
11551
10229
11551
8419
6241
8447
6241
632
538
4651
2826
11780
2826
2802
2826
11777
2826
7942
2826
6808
7290
5784
7290
8261
11419
2335
4972
7754
5868
8463
5868
8156
2010
2200
2274
1632
1633
3364
5584
2611
5584
3450
8314
1998
8957
3454
8689
7344
6172
9204
9555
10132
9555
10634
9555
4340
10385
8693
7386
9618
7933
9618
7933
8448
9867
4180
9867
4223
4217
4214
4217
11468
6579
11542
6579
7857
6768
3855
3868
3373
4712
2573
10450
2641
10450
1522
1525
146
7577
4271
4352
4353
4352
163
11422
2120
10140
2120
10168
2120
2928
2989
2991
2989
2625
2657
7330
10613
3768
3767
3751
3767
2805
4602
4838
7869
5725
6555
4546
6555
2677
5542
5560
5542
8570
9172
10371
8943
11025
6867
6094
6867
10609
10087
4602
10430
6549
10430
7462
10703
11074
4332
4326
4332
7761
4332
8477
4332
416
652
559
652
1563
1566
9361
7953
2750
7953
11863
7953
10296
7953
800
605
2122
2181
11572
10724
64
9737
10323
8954
9768
9615
4070
4086
4070
8166
9579
2647
2643
10685
2643
8646
2643
10666
2643
1580
1581
894
892
585
892
7594
11244
2781
2790
6010
2790
3020
5767
3043
5767
3420
3542
5931
4591
10724
4591
7983
4591
11945
10819
11495
10819
9257
9241
2803
2846
2836
2846
7910
7373
8520
7774
8904
8895
7509
8895
3387
11719
2405
5145
5993
5145
8342
6853
4595
6853
2762
3289
3740
5974
8299
5974
2129
2192
9750
11289
7524
11289
11984
11568
10370
11568
10368
11568
10369
11568
3706
3714
11109
3354
8611
3354
3743
3753
11289
8875
8037
10272
2785
2788
9582
2788
525
742
724
742
11677
11667
2528
6969
8358
9833
8337
9833
10709
7967
10229
7967
7686
4415
5331
4415
8288
4415
1024
1025
3637
4169
753
707
445
707
780
707
3623
10026
8695
9599
2700
6636
4749
6636
3131
3145
3146
3145
2315
7025
11986
11978
9952
3974
3930
3974
11333
9770
2063
9770
8139
9770
5893
9770
7904
4068
7404
4068
4065
4068
9336
9329
7162
5289
8465
5289
4146
8337
333
1002
4660
5714
9118
5714
10617
2201
2141
2201
9560
2201
9177
2201
2893
5753
2914
5753
4296
5354
7190
5354
3436
10917
5204
10917
8329
4466
7174
4466
10987
4466
3574
4466
3848
4466
10985
4466
10529
4466
2636
4466
3763
4466
2432
4466
3862
4466
10977
4466
2543
4466
8339
4466
2187
4466
4547
4466
8320
4466
10974
4466
2394
4466
2213
4466
10534
4466
10531
4466
2341
4466
10542
4466
4643
4466
3819
4466
9982
4466
10552
4466
2265
4466
3559
4466
8344
4466
3536
4466
3408
4466
9969
4466
2559
4466
10979
4466
10537
4466
8335
4466
8369
4466
10536
4466
3831
4466
5176
4466
10527
4466
10547
4466
8327
4466
10525
4466
3985
4466
3529
4466
8309
4466
2746
4466
11407
4466
8362
4466
2651
4466
10528
4466
9978
4466
8364
4466
10521
4466
9041
4466
3367
4466
2390
4466
10524
4466
8361
4466
8330
4466
8350
4466
2447
4466
8348
4466
7183
4466
10205
10683
4022
10511
371
1126
3240
7707
7504
4582
7219
4582
4158
7347
5719
10428
2857
10428
4364
6294
8436
6294
8349
7222
10017
7222
3538
7222
5206
7222
2308
7222
8343
7222
6096
7222
6118
7222
5572
7222
2673
7222
6097
7222
3330
7222
4590
7222
4227
7222
4702
7222
4373
7222
6133
7222
8342
7222
8351
7222
3917
7222
5500
7222
4595
7222
7187
7222
4181
7222
4037
7222
5210
7222
4949
7222
6446
7222
6129
7222
5184
7222
5142
7222
2439
7222
4168
7222
6411
7222
7698
7222
6414
7222
4526
7222
7699
7222
3439
7222
3990
7222
4417
7222
6138
7222
4739
7222
5102
7222
5674
7222
5429
7222
6389
7222
5123
7222
4624
7222
8373
7222
7701
7222
3935
7222
8340
7222
5211
7222
5121
7222
3566
7222
5625
7222
8371
7222
3504
7222
4055
7222
4366
7222
4937
7222
6137
7222
5103
7222
5174
7222
2427
7222
7205
6349
6998
6349
11725
10141
3476
6709
7730
6709
7126
6329
7025
6329
4843
6770
5935
6770
342
1573
8965
2019
10782
11880
10810
11880
9364
11880
11707
10448
10550
10448
4069
7327
3856
3870
406
407
11890
8035
11160
9636
3000
6599
5234
6599
4519
2118
1413
1124
1128
1124
1403
1124
7711
8363
8014
8764
182
353
62
7597
2133
2722
8783
9294
2797
5733
4338
5334
4318
5334
8866
9349
8056
9349
8869
9349
11871
9709
11498
5604
6968
5604
7135
4544
11580
4544
4606
4544
10824
4544
8911
4544
300
2849
10046
2643
7045
3118
3125
3124
3125
1551
1815
1819
1815
3259
9853
3262
9853
2005
11914
11930
11914
8928
11914
8822
5870
8768
2887
7975
2887
8013
2887
2707
4493
10853
11575
11970
11575
11940
11566
9720
11566
3277
3334
3724
3733
3732
3733
4089
9969
6028
6833
3184
6833
800
474
3594
3604
3602
3604
8864
11553
11951
11553
10269
11553
283
7288
11249
8859
10551
5125
4126
5125
10894
10656
8667
10656
10694
10656
6986
6985
10502
7655
2731
7655
4414
7655
6076
7655
6087
7655
6422
7655
5982
7655
4954
7655
8260
7655
8284
7655
7291
7655
8292
7655
6397
7655
5708
7655
3348
7655
6247
7655
10503
7655
9951
7655
6362
7655
5424
7655
5525
7655
5395
7655
9941
7655
8293
7655
7145
7655
6246
7655
5059
7655
6291
7655
6673
7655
2359
7655
5303
7655
5465
7655
6089
7655
6855
7655
6431
7655
5052
7655
10488
7655
6866
7655
4289
7655
2272
7655
2721
7655
6676
7655
3329
7655
4251
7655
6342
7655
4039
7655
9031
7655
3973
7655
5567
7655
5356
7655
6341
7655
5365
7655
2668
7655
503
504
10485
3678
3663
3678
1211
1199
1249
1199
11771
2575
2521
2575
3691
3700
8919
11903
3326
3433
3432
3433
181
356
3222
3265
10605
4249
11045
4249
8508
4249
8476
4249
301
4793
6952
4394
7346
4394
4393
4394
9568
4394
2043
8113
2936
5216
8826
9677
10787
9677
11015
9923
2425
9923
7883
6161
2234
11097
10178
3320
11604
3320
9590
3320
5957
3320
3063
10152
9578
10152
1407
1311
1334
1311
4571
4961
4580
5678
3331
5678
126
1959
8526
5700
11617
5700
7348
5700
7586
1997
8556
2422
4478
2422
4470
2422
4640
5433
2224
5433
11994
2073
2130
4640
6193
5265
3244
5265
9
10827
376
377
3580
8221
5182
8221
8484
8464
1103
1154
1225
1154
4189
4185
4161
4185
8824
10748
11208
10748
4735
6470
4607
6470
3201
3216
3218
3216
10031
5320
9988
5320
252
79
9347
10728
8834
10728
9348
10728
10277
10728
1110
1156
1222
1156
7175
4766
4085
4123
2018
10847
4544
10811
4617
5381
11021
5381
657
640
673
640
4654
5453
2221
5453
4172
8298
4364
9470
8446
9470
2973
11652
9096
11652
4712
5610
3368
5610
3158
8280
2386
11021
5
9
1589
1805
1862
1805
1054
1055
686
677
716
677
7884
10132
2111
4715
5191
8587
3373
9985
6002
2488
7903
2488
5998
2488
5169
2488
4113
4229
2481
3381
3384
3381
10492
7679
8298
7679
10687
3453
10664
3453
7440
3453
8723
3453
3410
6677
3541
6677
5178
9161
11271
11259
11282
11259
2953
6923
2993
6923
10311
2086
25
28
3609
3610
8572
3610
2311
8376
2528
2559
10539
7238
4497
6673
3411
6673
93
10897
568
668
563
668
394
668
794
857
747
857
30
1161
1946
1758
2744
5520
4733
5520
10855
11923
7088
11923
10962
8248
10512
8248
6963
5503
11692
5503
4586
5630
4622
5630
11801
2184
11805
2184
8662
2184
11852
2184
4109
4443
1132
1304
1065
1304
1170
1304
4629
10721
2788
2837
2787
2837
10208
11781
8584
4213
4956
4213
8537
4213
4211
4213
1568
1848
1826
1848
1767
1848
1492
1854
1924
1854
1718
1854
8065
7013
8083
7013
11280
7013
1623
1624
3419
4594
4328
6282
8406
6282
10694
9244
4255
10979
3497
3520
3521
3520
127
1744
6812
3503
7334
7771
10794
9686
9325
11896
8806
11896
11917
11896
9377
4805
8964
8085
800
869
450
869
730
869
8647
3630
7928
3630
7204
3630
3627
3630
10183
3630
10124
2375
8595
2375
11092
2375
1883
1881
1719
1881
1399
1385
1061
1385
10212
10191
2163
10191
3465
3581
8838
8023
10103
8472
8339
6244
10537
6244
3612
10013
9683
11898
5903
11898
11215
11898
3391
3410
7860
3650
7820
3650
6973
3650
10620
3650
6095
5306
11372
5306
2358
2359
2271
2359
7877
8576
7996
9282
3071
8387
1442
1440
4311
4299
11145
4299
1486
1487
3004
5239
10827
1980
2202
2271
11644
10955
10219
7956
8314
6686
7153
6686
900
899
533
899
2075
2077
1029
1030
2937
8311
2557
5581
2616
5581
344
1576
1231
1306
1431
1306
8711
10202
11689
11672
4007
8228
3956
8228
11015
5410
3294
3306
7137
5650
3579
5650
11868
9673
2725
2738
4508
4457
7443
11481
7891
2142
10653
2142
9218
2142
11101
2142
7797
3239
3242
3239
10811
10780
7793
2512
2486
2512
8935
10798
8936
10798
10814
10798
2859
2863
4311
9619
3812
10498
2816
2812
7360
2812
8615
2812
10652
2812
4774
2036
4378
4382
8518
4382
8514
4382
8519
4382
9537
10480
11336
7547
2058
7547
10234
4757
2809
6549
2421
2438
2013
9399
9401
9399
10091
9935
2106
2131
11421
2131
10140
2131
10116
2131
4777
11980
2032
11980
2031
11980
2034
11980
2036
11980
2037
11980
2038
11980
7389
2109
9222
2109
9220
2109
8670
2109
11091
2109
7405
3060
5915
3060
5916
3060
3057
3060
7847
7095
2901
9529
9549
10096
4160
11610
6093
11610
5242
11610
2167
2208
8589
8537
397
398
2680
5554
2563
5554
49
1060
4683
9903
6128
9903
11343
8168
2921
11647
7001
11647
4846
11647
5438
11647
11696
11647
3082
11647
4453
11647
298
1976
791
645
593
645
4606
8069
1426
1437
1426
1437
4014
5060
9094
5060
7493
11905
10234
11548
11902
11584
10622
3554
11616
3554
3429
3554
9554
3554
8025
8772
8025
8772
11904
11546
7531
11546
7509
11546
3519
3534
276
275
2760
10667
6006
10667
3467
5195
4134
4135
4094
4135
3787
3803
3804
3803
5176
3404
3367
3404
7018
7471
11250
7471
11567
4505
7521
4505
11192
11573
11194
11573
2800
2876
11448
6903
9054
6903
3149
4690
1644
1777
1961
1777
1018
1298
1181
1298
8647
3624
9597
3624
8684
3624
7442
3962
3951
3962
4259
11102
4723
5534
2585
5534
4575
10421
6145
10421
11883
10264
10774
10264
3180
3195
10616
9549
9175
9549
2166
11007
2569
5803
2658
5803
6118
5404
2439
5404
10790
2151
4808
2151
7171
6619
7211
6619
11081
7312
7077
7312
7076
7312
6109
4344
11059
4344
11057
4344
7871
4344
10606
4743
11475
4743
11046
4743
2379
7160
11572
7983
3921
7617
8422
7617
3337
6529
3341
6529
1340
1131
1724
1861
1758
1861
715
698
821
698
4813
7527
11321
7527
8117
7527
10218
4858
2711
6399
329
993
7855
8563
3353
5624
10751
5962
6409
6935
2608
6935
5965
7397
2507
2617
2980
2983
7912
2983
3654
6996
9403
10337
8803
2160
6984
2160
8002
2160
5991
2312
3191
3209
2538
7151
9129
3031
11371
3031
3342
3439
6993
6593
9132
6593
10897
11998
8605
4257
8653
4257
4197
4257
10114
4257
10310
8026
4809
8026
9372
8026
9355
8026
4810
8026
11163
9625
8831
9625
9697
9625
9696
9625
9301
9625
3180
5014
11166
11602
3109
3108
4884
3108
7552
8141
2332
2397
3459
8428
6035
8428
3167
8428
2190
8428
2353
8428
2556
8428
2676
8428
2893
8428
6026
8428
4888
8428
5024
8428
3100
8428
11711
8428
6131
8428
3129
8428
6989
8428
3361
8428
4745
8428
7015
8428
3435
8428
3170
8428
4885
8428
2884
8428
3248
8428
3576
8428
4738
8428
3569
8428
5006
8428
3261
8428
2712
8428
6021
8428
2456
8428
6149
8428
5192
8428
2870
8428
3036
8428
7002
8428
3527
8428
2395
8428
3306
8428
3209
8428
5014
8428
5253
8428
7027
8428
6029
8428
2573
8428
6011
8428
11710
8428
7035
8428
5241
8428
2994
8428
3015
8428
2223
8428
2614
8428
5659
8428
4718
8428
2862
8428
3121
8428
5744
8428
5017
8428
2641
8428
2588
8428
6163
8428
2914
8428
3301
8428
2727
8428
3323
9107
3412
9515
11681
9515
11683
9515
4469
9515
4296
9515
4735
9515
3786
9515
7190
9515
3931
9515
3898
9515
11498
9515
8454
9515
11670
9515
8460
9515
4071
9515
11753
9515
4699
9515
8467
9515
4095
9515
8453
9515
11694
9515
3657
9515
8455
9515
4656
9515
7186
9515
5095
9515
6968
9515
4230
9515
10094
9515
11729
9515
8464
9515
10096
9515
7208
9515
11703
9515
10085
9515
7019
9515
7181
9515
3884
9515
10095
9515
3834
9515
4714
9515
8471
9515
3493
9515
6995
9515
8474
9515
8475
9515
3833
9515
7143
9515
10088
9515
11529
9515
3867
9515
7223
9515
8473
9515
6091
9515
4744
9515
2745
9515
4752
9515
7206
9515
5855
9515
11455
9515
11735
9515
4607
9515
4549
9515
3843
9515
3442
3506
5483
6405
2191
6405
2493
2527
7845
2527
1333
1326
963
1326
4547
6645
9041
6645
8636
3136
7367
3136
3135
3136
8032
8683
4140
8511
9752
8917
7524
8917
7557
10875
8962
10875
11982
10875
11757
7876
131
1968
1969
1009
1010
6964
11073
10209
2471
2473
2471
3778
5031
3762
5031
5210
5209
2096
4499
3407
4674
6126
5439
4065
11415
4129
5108
4228
5108
8534
11046
7215
9482
8372
9482
8462
6214
7167
6214
9774
11867
10733
11867
7546
11867
10725
11867
11522
5506
2189
5506
541
542
7925
4196
7893
4196
4194
4196
9223
4196
5828
6444
7020
6444
2419
5136
9579
9566
9434
9566
3674
8272
297
296
1411
1387
7784
11715
239
11797
3303
3345
3303
9305
3303
3149
11714
9759
10859
9406
10859
7030
11084
11740
9444
10487
9444
6989
6566
2994
6566
7102
11048
7102
11048
9999
5051
10036
5051
10059
6482
10040
6482
160
67
8635
9214
1733
1698
1695
1698
3726
4910
3738
4910
8017
9593
9276
9593
11513
9593
10692
9593
10294
10764
10886
10363
2038
10363
2495
2547
956
1324
961
1324
4684
6625
5488
6625
2148
10035
3005
7036
10099
5303
10108
5303
4199
8448
7842
7812
4240
4243
4141
4243
3293
11680
7330
9996
223
232
9765
9405
11952
8046
7495
8046
9689
9645
1537
1794
1935
1794
2130
7208
1158
1475
1478
1475
11446
11110
649
648
85
648
2091
2095
9289
2095
8797
2095
1714
1639
7110
7109
7110
7109
3050
3051
3047
3051
8955
7131
10372
7131
4373
6107
8371
6107
8391
6515
3291
6515
10260
7438
1941
1737
10887
5882
3159
7738
294
293
10562
9906
4017
9906
6921
9906
3074
3084
4764
3084
4820
3084
7764
3084
4611
4978
4979
4978
11782
4978
4867
4978
4729
5661
1154
1111
11582
5940
8913
5940
11994
8152
10770
5000
179
360
7873
7863
10247
8748
11259
11469
10314
11469
9758
7512
4815
7512
1220
1354
1377
1354
7089
10464
7685
10464
8275
10464
12011
10221
6966
9839
2918
9839
11726
7142
11899
8827
2336
11703
9225
3882
3883
3882
10156
3882
10193
3882
2320
6357
2369
6357
6764
7359
4999
7359
4388
5084
11732
5084
2750
6782
6766
6782
3660
3661
10138
3661
7831
3661
3664
3661
11554
9343
8947
9744
7937
3940
5895
3940
10683
3940
10682
3940
11129
8656
4253
9055
11095
7077
2936
2956
4203
7271
8417
7271
3207
6200
5016
6200
4658
4305
10230
4305
8722
4305
8762
4305
8787
4305
7984
4305
8334
6079
8374
6079
11770
10113
1153
1390
1412
1390
3002
6178
3837
3844
8865
6744
10799
6744
9351
6744
7147
6343
10087
6343
63
312
5920
4102
9618
4102
7933
4102
4619
4102
3830
5042
3815
5042
3819
6055
8348
6055
8070
9357
2566
5806
2622
5806
264
3048
3177
10711
3177
9281
3177
6758
3177
3947
10587
11531
9782
10073
9782
191
338
2510
3358
1441
1435
1436
1435
11995
10376
11202
4799
11207
4799
4352
7375
9067
5739
7736
5739
9196
9178
2752
2771
10661
2771
11815
9200
3176
9079
4963
4570
11882
8811
8857
8811
8827
8811
11252
8847
4088
4091
4036
4091
3727
4904
8270
4904
3526
5844
3491
5844
1100
1356
1221
1356
3039
3042
9724
8728
3793
3806
3791
3806
2879
6906
2821
6906
9575
2238
8592
2238
4966
2238
8576
2238
5946
2238
7374
2238
4638
5177
4131
5358
4673
5358
11341
8132
7747
6839
4962
7837
4836
10280
9711
10280
8880
10280
3730
3739
7937
7184
5895
7184
10683
7184
10682
7184
7441
11852
10815
10298
9733
10298
11543
10298
9219
11769
10160
11769
9216
11769
10157
11769
9433
11973
9395
7488
1987
7488
5907
7488
3850
8979
3829
8979
7882
4052
4054
4052
9173
4052
10111
4052
453
454
1568
1569
2195
6130
858
844
730
844
3750
3765
3767
3765
9095
6557
4662
6557
2593
4749
148
7559
9982
4293
8309
4293
8432
6865
10091
6865
7056
7086
9069
7086
9085
7086
9063
7086
9535
7086
11514
7086
11524
7086
9086
7086
3564
7086
3476
7086
7744
7086
2619
7086
4574
7086
4719
7086
2268
7086
7697
7086
9059
7086
9075
7086
2405
7086
7709
7086
11409
7086
5993
7086
4377
7086
9062
7086
4077
7086
4490
7086
7717
7086
9080
7086
3545
7086
7054
7086
2714
7086
7739
7086
9078
7086
9061
7086
4596
7086
9064
7086
9093
7086
2192
7086
4169
7086
3581
7086
8323
7086
7730
7086
9065
7086
9089
7086
9533
7086
9067
7086
9083
7086
9534
7086
4565
7086
9060
7086
2364
7086
9058
7086
9531
7086
11433
7086
9081
7086
4553
7086
9084
7086
9092
7086
2642
7086
2340
7086
7736
7086
9532
7086
2574
7086
7725
7086
4329
7086
4677
7086
4341
10085
3238
11696
9165
9150
9564
9543
3374
5173
2654
2679
2818
5716
3281
5716
994
1361
1395
1361
5884
11449
8090
11449
3694
4854
3701
4854
2050
8897
2048
8897
4131
9494
6802
9494
548
864
3020
5765
2999
5765
3834
4930
3833
4930
10732
8721
9414
11521
1103
1104
8451
6816
7202
6816
8028
10248
7475
10248
3693
3716
8269
3716
3143
3173
2595
5558
9143
7073
1728
1862
1769
1862
4871
7422
2753
7422
8788
7422
5187
5186
11023
6494
7722
6494
10720
10228
3650
4950
9409
11872
8281
8202
10493
8202
11135
11131
1103
1106
4224
4266
4267
4266
11766
11749
11968
10311
8913
10311
4615
9816
4587
9816
8021
8798
8021
8798
7056
5489
2574
5489
340
1570
7018
8780
1986
8780
11212
8780
8873
4834
337
1005
4213
4215
11730
3558
6141
10576
2665
10576
6140
10576
4642
3186
9296
3186
6758
3186
141
7575
3224
9130
3295
11698
11332
11331
2030
11331
11683
10472
9544
10472
2661
2655
9150
2655
11058
2655
8407
10023
3931
8191
8467
8191
4354
4370
4308
4370
3444
4729
11798
11597
3283
11597
6760
11597
7966
11597
11497
6150
11337
8955
4719
6543
9064
6543
7099
3489
9198
3489
8495
3489
4645
3489
7858
9557
8407
10387
8446
10387
2261
9865
2226
9865
3947
4032
2685
10069
4081
4126
8871
11847
4962
11075
9666
10168
6956
10168
10672
10168
9668
10168
9658
10168
10187
10168
3766
3789
10212
7887
8059
9366
3189
9124
7593
11239
6138
6889
6389
6889
7534
1991
3219
3253
9348
10772
11747
4429
8516
4429
194
91
2383
2288
4971
2288
2488
11724
7815
11053
2512
11705
3095
3092
4842
3092
1896
1895
1573
1895
11334
5894
2054
5894
7547
5894
4146
5101
10143
11066
11087
4041
8485
4041
573
657
379
657
2549
2597
2500
2597
6115
7118
7856
8480
1969
8480
9316
9315
9133
6605
9130
6605
11708
9270
11728
9270
8723
9270
2216
2327
2326
2327
2713
5789
2705
5789
3238
6017
3996
9946
2195
7019
11064
8498
3239
5253
7579
2045
4185
10537
8849
9695
4837
9695
4688
9695
10856
8096
4795
4820
11377
4820
10043
6926
10053
6926
8333
5092
11739
5092
12005
12000
4949
6794
7698
6794
2645
6393
4647
6393
3095
3101
3058
3101
3319
7722
9337
3894
4703
3894
11880
3894
8027
3894
3157
7201
11817
9605
8567
3416
4762
3416
4488
3416
9197
3416
8460
6270
8471
6270
1992
1993
2863
9017
8313
9017
2882
6946
2848
6946
5651
9007
8360
9007
11405
8264
3644
8421
7561
2025
2358
5465
2348
5465
8319
6315
5124
6315
3124
3119
4839
3119
7033
9926
2392
9926
3988
3990
3562
9794
3484
9794
5876
9393
8097
9393
8932
9393
2174
2222
3027
5233
3638
10563
2322
2347
9182
2707
2697
2707
10113
2707
9178
2707
8450
4924
3779
4924
2990
3018
4883
4881
9047
6695
3530
6695
1032
1331
1233
1331
192
2904
4662
11409
5416
2340
5416
11752
6366
2449
6366
9572
11068
8160
11068
2095
6124
5995
6124
3134
7192
4013
9889
2080
8667
7099
3465
10621
3465
8495
3465
11688
3465
7022
3465
2314
4449
4227
5119
5123
5119
3204
3233
2887
2967
2949
2967
10712
5990
9631
5990
10228
5990
8740
5990
11829
5990
5947
5990
3184
5018
1181
1098
1262
1098
1019
1098
3158
11424
8548
7788
42
317
4143
4146
4106
4146
4588
5988
4588
5988
3809
3841
3840
3841
11564
6741
4678
6741
4479
4892
3089
4892
9359
8836
8157
8836
4767
11909
11934
11909
9341
11909
4768
11909
3160
5020
10514
9452
9986
9452
9557
7790
9556
7790
8080
8909
7187
6432
5174
6432
2301
2373
2758
2774
8493
2774
6161
2774
7359
2774
4407
7846
8094
10845
4058
4094
9694
8814
8831
8814
9697
8814
8046
8814
9696
8814
10796
8814
4369
8413
3969
3988
3976
3988
3701
4901
3712
4901
7924
8653
400
402
3544
5841
4675
5841
7187
6675
5625
6675
987
1329
2990
3020
53
1715
2843
2869
11792
4717
11792
4717
8429
6268
5332
6268
4983
8585
7944
8585
7920
8585
3886
7643
3896
7643
3515
7181
7743
9987
10758
9659
11884
9659
11195
9659
2929
2953
10661
3267
3270
3267
2930
2933
8893
5922
10805
5922
4807
5922
4806
5922
8885
5922
9228
2386
9248
2386
2385
2386
3061
4818
11198
4818
10671
4818
3078
3081
4442
3081
3570
5664
3539
5664
8599
8523
996
997
704
702
770
702
11516
9675
8938
8076
2020
8076
8085
8076
428
555
554
555
719
555
4144
6987
3786
7657
11729
7657
3493
7657
5558
6659
2652
6659
9659
7989
8302
7120
2356
7120
8317
7120
7742
7120
2460
7120
2975
7120
7731
7120
11417
7120
8357
7120
2677
7120
2883
7120
2452
7120
8301
7120
2996
7120
5701
7120
4632
7120
2343
7120
2557
7120
8304
7120
9045
7120
2892
7120
2671
7120
3563
7120
10018
7120
5728
7120
10520
7120
5202
7120
4262
7120
10518
7120
4096
7120
3397
7120
2716
7120
10052
7120
7700
7120
8307
7120
3577
7120
3462
7120
8346
7120
10514
7120
8311
7120
9055
7120
6130
7120
5560
7120
2230
7120
2616
7120
3044
7120
10009
7120
9986
7120
8312
7120
3544
7120
4125
7120
10077
7120
4542
7120
8338
7120
4646
7120
8388
7120
10038
7120
2435
7120
7021
7120
10522
7120
4315
7120
4675
7120
8324
7120
8414
7120
8321
7120
4599
7120
9183
8478
11892
10224
3955
10461
9580
2577
2575
2577
11496
9268
188
11666
8500
11132
8633
144
125
10122
11622
9564
11622
8552
11622
3918
3922
8963
11294
2318
2290
4971
2290
3248
5267
6021
5267
2551
7826
9745
10825
9388
10825
9050
5081
9971
5081
3530
6452
4554
6452
9212
3664
11207
3664
7476
3664
4201
4187
4162
4187
11935
9741
9751
9741
11077
11051
7823
11051
9433
9432
750
747
3972
7274
11001
7274
7398
10170
786
770
480
770
720
770
3376
6148
803
800
732
800
4480
6049
3103
6049
1887
1630
8917
9732
7879
2536
2529
2536
1096
1409
1268
1409
7395
7047
3115
3127
2513
2609
2598
2609
5871
11975
8157
11975
4770
9441
11950
11227
11944
11227
3554
3560
2066
11333
10891
11333
2068
11333
2070
11333
2144
10993
3180
9128
9587
7325
5994
7325
8613
7325
10655
7325
4974
7325
7875
7325
10342
10326
10338
10326
7539
6752
7540
6752
8051
8037
4558
8037
4005
5054
3999
5054
4286
4368
4310
4368
9151
10596
11009
9029
219
7595
8649
9211
11923
11264
3813
3852
11595
8800
892
890
529
890
8821
10761
9698
11507
8603
8569
10788
8778
11919
8778
4486
5127
10994
5127
1756
1705
11468
8182
6013
8182
7959
11133
2601
5560
2630
5560
2629
5560
8755
10230
8734
2885
8739
2885
4635
2885
589
672
639
672
4014
4948
10572
4948
8112
7134
8111
7134
8659
3054
3051
3054
6498
5852
9102
5852
1979
11807
10701
11807
2770
2823
9114
5832
6439
5832
3795
4928
3788
4928
3029
3034
2992
3034
4348
7154
4598
7154
8282
7154
2583
7154
4620
7154
4524
7154
3436
7154
3038
7154
5165
7154
11020
7154
6019
7154
8333
7154
6440
7154
2856
7154
7128
7154
6181
7154
4273
7154
3414
7154
11682
7154
4338
7154
2889
7154
4536
7154
3250
7154
3396
7154
8306
7154
7126
7154
8368
7154
5204
7154
2542
7154
5181
7154
4498
7154
6179
7154
7084
7154
3359
7154
11384
7154
7025
7154
3265
7154
2863
7154
11715
7154
11698
7154
2953
7154
2993
7154
11618
7154
7182
7154
8271
7154
8319
7154
11651
7154
4318
7154
9974
7154
3291
7154
3252
7154
11663
7154
4720
7154
2968
7154
5124
7154
11030
7154
11739
7154
8313
7154
8426
7154
4502
7154
2374
7154
7153
7154
4555
7154
2275
7154
2951
7154
11432
10250
7437
7965
5096
10966
4301
4417
8893
11523
3225
5011
11338
8144
8150
8144
6118
5147
2427
5147
291
289
1757
1949
1952
1949
1216
1359
1245
1359
8582
8514
11381
8877
10309
8877
3996
9049
9643
7916
11481
7916
9076
10915
3258
10915
3824
3832
3805
3832
2866
6732
10053
6732
8543
2699
8554
2699
9159
2699
10557
5034
3778
5034
5999
2474
2817
7705
4970
7705
4737
7705
10565
7705
8434
7705
7741
7705
8406
7705
8439
7705
7004
7705
6165
7705
4046
7705
8429
7705
3456
7705
10569
7705
6996
7705
8421
7705
10559
7705
3415
7705
2653
7705
5332
7705
2730
7705
3341
7705
10571
7705
8390
7705
10562
7705
2193
7705
2874
7705
8419
7705
3366
7705
4017
7705
8378
7705
4294
7705
2918
7705
8770
10706
8525
9148
4050
7345
3223
4671
4777
10346
10882
10346
11313
10346
9756
9752
11258
7490
11918
7490
5927
7490
7341
3147
3132
3147
7125
7027
10118
7027
11349
7027
6773
10639
11589
6029
11472
6211
3168
6211
7949
2319
6442
6441
4561
8999
10550
8999
3979
8335
338
456
2251
6128
9440
8063
10726
7204
3024
3256
841
775
512
775
789
775
10540
5360
4124
5360
1966
1875
1649
1875
11519
10278
9403
10278
4051
11126
11400
11126
11149
11126
7984
11518
11764
8424
11459
8261
631
915
919
915
9723
10300
11853
10300
11389
10300
1129
928
2561
7666
7963
10665
10803
2462
10589
9791
10582
9791
2933
2913
2915
2913
7369
2913
11609
2913
3342
5197
1960
1919
1646
1919
4139
4137
4067
4137
3771
4921
3789
4921
11106
4884
10647
4884
3060
4884
11323
4507
10863
4507
9298
8730
9670
8730
9684
8730
9645
8730
4985
8730
3614
8369
7978
2240
8724
2240
7075
11936
8062
11936
10640
11617
3229
5256
7772
5256
2389
2409
10128
2649
4436
2649
2659
2649
2530
2649
2511
3360
10565
6121
2371
6121
4407
9963
11970
11964
9194
9180
7560
7525
3957
10526
3169
9099
10366
11326
9268
7939
11140
7939
11286
4779
8413
10396
8400
10396
3426
6937
2799
4568
549
550
5948
7395
11708
9198
11728
9198
8723
9198
8064
8873
8061
8873
3181
3197
9324
8006
9324
8006
7469
8006
3626
11005
4433
9802
2890
9802
450
451
2157
4082
10642
4082
11340
8949
2288
2336
4973
2336
9986
7615
10077
7615
9192
10616
8569
10616
309
308
8937
8929
2021
8929
1897
1844
1580
1844
1766
1844
9962
9937
448
449
3205
6198
7714
6198
11065
2519
2552
2519
7095
2519
4980
2519
7921
7097
2516
6963
11263
11255
4505
11255
3239
9121
184
342
11668
7693
8166
11994
11724
8535
3002
6180
4386
6099
9127
6099
1753
1754
1715
1754
7544
11328
7131
11328
8953
11328
3880
3902
3905
3902
3218
11701
8957
7545
4517
7545
2389
10546
9598
5891
2518
4755
183
350
4487
5104
7810
5104
2606
2629
3908
3938
9034
3938
4115
6802
2408
4044
5
329
10248
8750
66
1582
164
170
65
1748
9625
4163
3647
4163
3945
7740
1108
1109
940
1109
1223
1109
74
11516
8032
11128
4499
4980
11946
8886
11274
8886
1426
1228
1168
1228
10809
5902
11100
4842
4819
4842
4818
4842
4817
4842
1627
1628
7716
6791
3093
6791
4884
3104
3056
3104
4999
4998
3880
3891
3859
3891
1507
1858
1938
1858
1512
1858
3669
5938
10580
5938
3550
7210
3018
7262
8322
7262
7317
8385
1405
1258
1171
1258
9069
6491
4677
6491
1585
1761
1944
1761
442
443
11488
10689
4681
7440
8800
7440
7459
7440
10484
10957
3585
10957
11271
10314
11957
10314
11278
10314
9157
2075
2074
2075
4975
8613
3210
5283
3232
5283
3665
3672
3671
3672
3728
4908
3739
4908
3479
9976
2922
6012
3748
8450
8048
4831
10610
4455
1757
1677
3328
6502
3278
6502
457
738
783
738
754
738
346
1579
2518
2573
8294
8194
8430
8194
11739
8194
10249
3283
9263
3283
10257
3283
8773
3283
7353
5672
10186
5672
10199
2002
11670
4012
10088
4012
11302
11285
4788
11812
10698
11812
7413
11812
3643
4176
4177
4176
4703
8819
8027
8819
9287
11140
259
209
5001
2835
7906
2835
7970
2835
7388
2835
8708
2835
4024
9502
10564
9502
147
85
3068
4479
11925
11579
11785
11512
542
921
922
921
7146
10895
2804
7896
10633
11071
4230
5110
10028
5110
9627
8703
4378
8430
8060
4807
3681
4851
3676
4851
6
8087
162
11340
2303
2377
2259
2377
2446
10943
272
228
44
958
8881
11232
7854
2762
6161
2762
6009
2762
8389
9491
5243
9491
915
912
632
912
7783
2586
11009
8323
11828
8724
4863
8724
8766
8724
10729
8724
11795
8724
11592
8724
630
919
922
919
11828
2158
4863
2158
8793
2158
10729
2158
11592
2158
3030
3003
2987
3003
1797
1560
4147
6976
522
805
5915
3110
8630
3110
5916
3110
7195
3110
7588
2059
2299
5948
10224
5948
2300
5948
11182
5948
8272
4852
3677
4852
10811
11164
2524
3368
3929
4560
11145
11127
6764
2761
4998
2761
4997
2761
2777
2761
9036
9492
11641
9492
6008
7750
7314
7750
8449
6065
10585
6065
8802
11513
5120
4127
9964
4127
1265
1399
11829
8740
11829
8740
306
1513
11730
11616
1008
1009
2049
9367
8146
9367
10813
9367
2175
2230
11806
7886
11806
7886
5880
10885
4068
4054
2155
4054
7184
3948
4857
3948
9404
8097
8725
8693
3571
10536
5194
10536
10597
10536
9134
6418
2540
6418
7538
7535
4078
5368
7178
5368
3520
11364
11138
7929
11802
7929
11807
7929
11139
7929
9375
11233
10311
11233
10029
9501
9973
9501
11786
11770
7554
11327
748
549
582
549
3038
6927
6179
6927
11803
11601
7402
11601
8701
11601
3464
8545
3036
6583
3015
6583
2549
2596
2500
2596
1421
1419
1051
1419
1420
1419
11083
10609
10630
10609
10112
10609
8355
9947
4525
9947
9030
9947
8300
9947
4493
9947
4492
9947
4491
9947
471
806
11717
6016
7849
6016
2958
2993
10659
2326
2231
2326
11713
2706
3328
6501
3308
6501
120
8939
2322
2346
11432
11470
9548
8395
7300
8395
11037
8395
332
450
3312
7873
3994
9927
4015
9927
7391
2915
2038
9418
9644
10699
11087
8525
3585
10474
3298
5671
427
551
719
551
9519
6947
10064
6947
10224
7949
2300
7949
11182
7949
2881
9016
10519
9016
11085
4011
3962
4011
9188
4011
10149
4011
285
284
4991
3417
7892
3417
3347
3417
10670
3417
7896
8615
11494
9583
3945
4034
10173
2639
2580
2639
9602
2639
8000
3928
3919
3928
8331
9006
3307
9006
10327
10319
6142
11618
8314
11618
4458
11618
11383
11618
2186
2250
7325
2250
7439
7424
4038
7261
4053
7261
6167
2966
7773
2966
3463
6492
3438
6492
4143
4147
4105
4147
7241
8204
11641
8204
9387
10823
7545
10823
3670
3671
10162
3671
2079
3671
3679
3671
3448
7730
2783
7369
7397
7369
10181
7369
5963
7369
2922
6011
10544
6367
10992
6367
6751
11517
7160
5417
4753
5417
2830
9065
8048
4832
4247
11813
2080
8666
3696
8666
8834
5928
8035
5928
10274
5928
1713
1640
3245
6188
9121
6188
1891
1585
9095
6556
9111
6556
9443
10869
10099
6089
3656
6089
2817
5717
4730
5717
2841
7703
4727
7430
2908
7087
7478
7087
8403
10953
11736
10953
9380
11804
1482
1720
5968
6792
4889
6792
4818
4841
3094
4841
4817
4841
4816
4841
4347
5094
1502
1503
9704
5901
3859
3892
3893
3892
7765
7724
8560
7323
9230
11109
11615
11109
11796
11109
3346
11109
7902
11109
4990
11109
3182
9122
7956
7819
3699
3717
3709
3717
5010
6817
6016
6817
8153
2011
11538
8896
9383
9718
4019
4020
7550
10373
10784
10774
2858
2845
2836
2845
255
971
1212
1122
1212
1387
1212
4989
4988
9944
3901
3860
3901
3061
3094
5886
3094
6950
3094
11083
11679
10630
11679
10112
11679
10998
6801
11018
6801
241
5892
7392
6122
2184
6122
4974
6122
9707
11851
7214
9817
7180
9817
4231
9817
645
776
505
776
788
776
3024
7194
10300
10290
5958
2825
9261
2825
10718
2825
7438
2825
8745
2825
8763
2825
9562
2170
4978
2170
8559
2170
9163
2170
3303
5187
2851
9801
2872
9801
4634
6718
3434
6718
11396
11394
7327
11394
11395
11394
11833
4267
4268
4267
4088
4081
4966
4081
8576
4081
7340
4081
3801
3818
629
543
4175
9089
5881
2013
22
3622
8440
2147
8262
2132
8262
2209
10933
10991
10933
8607
9188
4371
8210
4402
8210
1520
1521
4178
7385
5559
10386
6399
10386
9205
9556
11662
9556
5100
9792
8367
9792
2174
2224
2423
2461
3585
10577
3177
3187
3186
3187
8018
7450
10001
7613
3936
7613
3756
4922
8450
4922
9335
11194
10768
11194
2654
4664
11906
11504
2599
5818
2656
5818
521
771
778
771
3822
3831
3998
10573
7015
6731
2870
6731
2416
4672
2134
11522
3881
3908
3905
3908
10283
8826
9360
8826
3406
8826
7124
11385
7757
6808
4154
9484
4123
9484
8120
9751
9420
9751
8483
9907
7655
9907
9140
9907
4936
9907
4690
6212
7167
6212
4373
6260
4417
6260
11490
5455
7203
5455
3524
6442
3766
8274
1785
1905
1652
1905
3485
5831
3556
5831
2686
2689
2690
2689
8606
2957
2944
2957
2307
2314
3805
10075
10142
7076
1
7516
5908
4786
5908
7513
5908
10348
5908
4571
4283
11776
4283
11808
4283
6108
4283
4963
4283
11293
11495
10845
11495
10328
11495
5013
5012
11891
11185
1260
1097
1022
1097
1424
1097
11947
7523
8108
7523
11449
7500
9739
7500
5141
6356
4709
6356
7701
7633
3935
7633
173
1515
1516
251
454
455
9625
8657
7914
8657
3319
3455
237
158
3897
8989
3887
8989
8949
8120
8143
8120
7491
7478
4612
7478
354
1599
166
372
2938
2943
8793
11795
11996
10377
1504
1702
1500
1702
1921
1702
1531
1697
1696
1697
1692
1697
9703
10762
11470
10762
7844
7814
8058
7413
11837
7413
9168
3479
6153
3479
6157
3479
8546
3479
7350
3479
4645
3479
1670
1834
1768
1834
1610
1834
4027
7653
10511
7653
204
4327
8181
4413
8181
3649
11003
2029
11332
3496
10059
787
832
500
832
205
7585
3165
3176
3166
3176
3891
10586
11682
5851
11651
5851
8886
9356
2565
5807
4664
5807
11894
11240
8690
8643
7901
10158
8082
10835
6763
7836
7874
7836
3270
7836
7390
7836
140
1820
1738
11285
8790
7523
8790
4052
4110
9945
4110
9076
9808
7718
9808
2210
5479
2277
5479
541
920
922
920
1304
1203
1366
1203
8144
9731
7545
9731
10336
9731
2833
2895
12000
9442
152
11798
11132
6760
11132
7966
11132
9735
11871
10839
8846
8069
8846
11504
8846
5644
6484
3534
6484
3377
5176
7441
6751
3291
6907
8313
6907
11799
7909
3813
3851
3790
3807
3791
3807
477
769
727
769
786
769
12008
9212
8720
9260
3447
3507
438
799
731
799
2090
8705
3296
9106
3872
3884
2829
8345
3907
3921
6785
6784
6785
6784
11943
11926
10318
11926
2177
6383
11693
6383
7598
1998
2332
2396
10094
5082
11735
5082
11694
6451
11529
6451
9741
8916
2851
10409
6548
10409
3932
10649
7367
3137
4424
3137
7869
3137
3052
3137
7845
2526
2486
2526
9399
9742
10340
9742
11256
11226
11256
11226
7487
11226
10883
9431
11860
7999
11860
7999
554
556
430
556
11877
6997
2778
6997
8945
10336
10345
10336
2402
7335
2737
5779
7166
5779
2673
5568
6414
5568
9158
9138
2508
2616
2691
7063
5980
8490
8605
4256
11102
4256
4197
4256
10081
9508
4938
9508
11253
8027
7479
8027
9442
8027
8704
11750
2985
3005
3007
3005
8506
9039
4506
5507
2747
5507
11466
5921
4805
5921
10312
5921
11231
5921
11204
5921
5885
5884
848
835
484
835
9393
11946
11299
11946
99
8965
10763
2300
11397
11623
7680
11623
7098
11623
5918
3082
8480
3082
4074
9855
4101
9855
8253
11506
2203
2278
9232
9567
2434
5137
106
8154
7893
4197
4194
4197
7385
4197
6132
6879
8424
6879
4812
7514
11478
7514
2157
7877
10279
10240
11197
10240
1983
10240
3765
3779
3473
3568
7437
7144
1964
1925
4351
4360
10968
4360
302
1506
10961
10462
4593
10462
4564
2665
6440
10913
7153
10913
4158
11808
9205
5842
9557
5842
11662
5842
235
77
10108
6855
8509
6855
7407
11806
7933
11806
101
7569
7815
7778
3723
4902
3735
4902
3041
3044
2996
6567
8311
6567
4022
4938
3733
3755
2470
5998
1545
1712
3310
7800
2222
5163
2269
5163
498
880
850
880
4002
5980
9373
11155
8145
8134
10370
8134
2091
11508
8442
9879
8427
9879
7
3010
7182
3809
3842
3845
3842
3834
5044
3843
5044
7075
8047
8062
8047
7383
3998
3607
3998
3071
4891
24
324
2875
5755
2898
5755
4103
4104
4103
4104
9772
6742
10883
6742
11984
6742
10885
6742
11339
6742
10887
6742
4783
6742
10371
6742
8351
6106
8371
6106
3155
3163
4237
9784
4205
9784
3954
9784
3747
9784
4008
9784
3991
9784
3944
9784
3890
9784
4390
9784
4340
9784
4183
9784
2357
9784
3871
9784
3764
9784
4238
9784
3955
9784
4359
9784
3798
9784
4109
9784
9931
9784
3836
9784
4047
9784
3826
9784
4385
9784
8257
9784
4264
9784
7290
9784
4415
9784
3974
9784
7045
9784
3678
9784
2077
9784
3716
9784
3852
9784
3938
9784
10957
9784
10474
9784
3901
9784
2314
9784
4110
9784
4360
9784
9510
9784
10471
9784
4031
9784
9936
9784
4018
9784
3729
9784
4216
9784
3690
9784
2076
9784
2724
9784
4339
9784
4013
9784
4171
9784
7681
9784
10473
9784
10954
9784
2446
9784
2350
9784
10958
9784
9938
9784
4009
9784
3781
9784
10578
9784
3742
9784
7682
9784
11526
9383
11525
9383
3982
3980
3949
3980
4330
9451
4412
9451
9778
11228
11261
11228
9364
11228
2819
10519
1986
7037
8809
7037
7011
7037
3084
11355
3305
6508
7207
6508
2495
2546
9113
11450
7758
11450
4692
11450
6993
11450
3273
11450
3509
11450
3245
11450
9132
11450
4660
11450
2339
11450
9118
11450
4275
11450
2399
11450
9109
11450
9097
11450
9134
11450
2867
11450
2675
11450
3485
11450
11545
11450
5400
11450
9095
11450
9133
11450
4075
11450
7755
11450
4134
11450
2602
11450
9098
11450
9111
11450
11402
11450
9100
11450
2739
11450
11366
11450
2558
11450
9115
11450
2693
11450
3531
11450
9107
11450
9130
11450
9124
11450
2222
11450
4662
11450
4094
11450
9128
11450
9099
11450
9121
11450
2706
11450
11522
11450
9106
11450
5137
11450
4042
11450
2450
11450
3161
11450
9125
11450
2269
11450
4583
11450
9110
11450
4567
11450
9108
11450
9101
11450
7747
11450
2540
11450
3556
11450
4232
11450
2189
11450
3033
11450
8616
8595
9577
10629
10146
10629
3106
6039
9432
11965
3411
6431
10600
6431
176
495
801
499
801
3387
9997
2725
6138
4185
8325
7313
6510
9137
6510
4382
9977
7975
9623
4608
7191
4628
6553
7708
6553
8339
5305
8361
5305
9586
8575
11103
8575
6141
6140
6141
6140
5000
11598
5959
11598
10653
2113
2095
2113
9218
2113
11101
2113
1483
1484
4272
9804
4337
9804
9409
9403
1087
1470
1471
1470
7383
4000
3607
4000
1029
1330
3152
11697
8772
7955
11846
7955
8025
7955
2912
7955
3487
6685
5633
6685
8270
10956
3689
10956
3703
10956
10964
10956
8272
10956
8274
10956
10512
10956
10965
10956
3677
10956
3770
10956
10497
10956
11733
10956
3975
3978
4087
4084
4035
4084
4054
9533
11305
1983
3461
9899
3434
9899
1005
1006
3239
7202
8153
8073
3914
8422
9577
3305
10146
3305
7337
3305
2170
2221
8055
2464
8858
2464
11905
2464
4834
2464
4833
2464
7828
7780
2465
6000
939
1105
1223
1105
10008
4940
10010
4940
4883
4882
7362
7798
2249
4661
3847
5978
3814
5978
10854
10238
7301
3570
9153
3570
7778
3570
4437
6899
3370
6899
4286
4358
7927
7897
269
3800
3799
3784
3799
1604
1954
1956
1954
9555
11052
154
37
2238
2298
2237
2298
8657
4177
3645
4177
11355
4844
4663
5091
8296
5091
11936
5904
11787
2280
10191
2280
7887
2280
1003
1004
11431
11621
3101
3102
3126
7721
573
673
576
673
581
673
10137
9553
367
1627
1596
1729
7783
2587
3895
9140
2675
5570
2558
5570
1489
1857
1933
1857
1484
1857
7333
8488
7807
8488
2075
9510
9940
9510
8761
7979
3468
4739
437
554
860
554
4058
6977
8086
1981
2688
5799
4697
5799
9530
6623
2746
6623
8060
4806
90
8086
10783
10771
11895
9685
10249
11596
4532
11596
8773
11596
1828
1649
34
1747
9069
6533
7730
6533
8011
3904
4800
3904
3894
3904
8774
3904
4842
3091
4841
3091
9148
4042
8485
4042
8524
4042
4090
6804
4525
6403
2586
6403
8571
8559
2304
2376
2259
2376
4244
5102
7178
4136
7180
4136
10049
6504
8379
6504
3412
6669
11694
6669
7387
5196
9606
5196
7918
5196
3561
7667
7467
11846
2800
2875
2133
4506
11607
9258
11607
9258
9375
11873
9719
11873
8413
8192
8423
8192
2175
10471
3294
5674
5120
4439
8375
4439
997
998
2135
5499
7456
8788
9523
9810
7735
9810
1696
1774
1533
1774
4068
4108
7837
4108
7825
4108
4000
4014
3240
3257
9949
4031
3983
4031
8594
11067
8589
4209
4956
4209
4200
4209
547
703
743
703
8019
8007
4504
11918
7540
11918
9044
7264
3260
7264
6776
7421
5953
7421
9282
7421
3181
3196
8167
7009
10133
10617
7731
8201
5728
8201
1770
1865
2289
2337
4973
2337
2594
10983
9377
10312
9594
10160
3654
10527
3668
3674
3672
3674
7070
3499
8500
3499
8548
3499
9315
6014
3248
5257
7027
5257
151
162
1944
1678
1943
1678
4683
10397
2448
10397
5572
6936
6411
6936
1396
1293
1046
1293
1138
1293
265
234
6744
8019
11220
8019
157
368
8931
7498
8131
8118
10872
8118
11324
8118
2292
10547
12004
7480
2256
2363
6960
2764
6781
2764
11072
2764
6959
2764
8522
2764
3611
10009
1478
1476
2034
2035
1824
1953
1586
1953
1888
1953
1887
1953
1954
1953
1823
1953
3023
5243
11107
4303
8604
4303
9214
4303
4305
4303
2418
9936
1570
1826
8755
8722
1655
1656
8865
5910
11328
11910
3615
10095
11709
7096
9639
4051
8068
8887
8429
6258
4391
6258
1057
1360
1313
1360
1160
1467
1471
1467
10958
9504
8039
9669
8871
9669
154
110
1475
1474
1120
1474
248
148
2793
11605
3021
3243
3228
3243
10151
3243
3254
3243
261
306
403
2854
2859
2772
2859
10268
11884
8833
11848
3904
3910
3883
3910
2484
6810
2039
10327
10852
10327
6749
10327
8098
10327
9325
7448
11911
7448
8806
7448
8917
7448
11917
7448
1521
1811
1818
1811
1735
1811
8877
8812
11281
11580
4087
4092
4049
4092
3040
3041
9559
3041
8478
3041
3428
3429
4761
3429
3571
10597
3571
10597
6413
5820
4664
5820
8782
9635
8055
8036
9656
11139
1979
11139
11574
11139
11237
11920
11941
11920
11329
8131
9427
8131
11322
8109
9407
8109
10359
8109
129
4789
7843
4253
4196
4253
11061
4253
11063
4253
4120
8438
2201
7046
3112
3126
3125
3126
2671
9919
8324
9919
7308
10045
7305
10045
11056
10045
7829
2537
7833
2537
7844
2537
9585
9190
8656
9190
9584
9190
8366
8208
8370
8208
6124
2168
6125
2168
3816
5041
3829
5041
3081
4894
3083
4894
7114
4101
7116
4101
2313
11614
2313
11614
10200
2069
2168
5429
7188
6720
11423
6720
4959
11047
3800
3820
3806
3820
2916
9781
2898
9781
11888
11875
6164
9454
2875
9454
5878
11339
8817
11866
10804
11866
9670
11866
7100
11866
8874
11866
2757
2772
8660
2772
6803
5126
9964
5126
5575
6434
3403
6434
956
957
12005
10288
11901
11853
11875
11853
850
774
578
774
787
774
4670
9720
9737
9720
10823
9720
3989
4018
9946
4018
3882
3881
3865
3881
10150
3924
6951
3924
7318
3924
3927
3924
6782
6781
3587
3662
3661
3662
11409
5146
5993
5146
7170
6454
3565
6454
7232
8876
9374
8876
7421
4990
7232
11868
9374
11868
11245
11868
1108
1110
942
1110
8685
4119
4070
4119
10202
4119
10170
4119
7553
9434
11992
9434
1407
1257
1187
1257
10035
5449
2278
5449
8421
7272
8419
7272
4209
10967
8253
4416
441
442
10784
5924
170
5881
7341
3146
3132
3146
2423
7026
3652
10025
2646
6635
2700
6635
3526
5662
3533
5662
4288
11702
1332
1325
1331
1325
1330
1325
1026
1325
1070
1325
1275
1325
237
18
4134
4233
4232
4233
1389
1302
1387
1302
974
1302
110
8151
9098
6919
9100
6919
5011
6190
3266
6190
7690
7683
5410
7683
11975
7511
7179
3449
3316
3449
4763
4465
6975
4465
4271
7917
2490
7141
9655
10222
245
7484
7428
11962
10347
9429
10347
2533
2563
11164
10707
4716
10707
7473
10707
3154
7728
11141
11811
7414
11811
1679
1801
1897
1801
1581
1801
3736
3749
3750
3749
2647
7811
2099
7847
7502
4765
9381
4765
10838
4765
7057
3293
10667
3293
7819
3293
9565
3293
5028
6849
3113
6849
4538
5930
11557
5930
4932
8184
10586
8184
9587
2248
5994
2248
8613
2248
4974
2248
9589
2248
675
854
795
854
11998
11983
3050
3052
9239
3052
3178
3052
10658
3052
7377
7132
8693
7132
2953
9829
2968
9829
1099
1355
1370
1355
10553
5854
3568
5854
11591
6973
11594
8837
9612
9603
3642
4173
4170
4173
10811
4716
8466
5749
8300
5749
4405
9986
1271
1227
1189
1227
3920
3930
3927
3930
9392
9734
11295
9734
6786
5293
3163
5293
9725
9333
11871
9333
11871
9333
2084
2085
11160
2085
1589
1590
11464
10679
9996
5052
7775
5052
11484
6713
5669
6713
3569
6481
5192
6481
1180
1445
1450
1445
6755
6754
6755
6754
5141
6353
4696
6353
2291
8375
3821
3854
3853
3854
9426
9420
8955
9420
9431
9420
3832
3834
468
804
806
804
11523
6986
4806
6986
2717
7656
11492
7656
10209
2472
9265
2472
9589
10655
7559
2023
3763
5032
8344
5032
280
927
8354
6734
7703
6734
2458
6333
10559
6333
2284
11603
10066
6603
7734
6603
3635
8359
7229
2576
5098
9481
4365
9481
9722
9713
7497
9713
11554
11231
8872
11231
3940
3950
4857
3950
7575
9754
10809
9353
4098
5370
4679
5370
2239
2387
2385
2387
2796
5729
10051
6420
2610
6420
3222
3266
10344
8077
9758
8077
4523
2004
11780
5215
11048
8271
7321
8271
7210
5834
3579
5834
8588
11072
2591
7152
2989
3032
341
1011
3944
9849
7349
2311
10136
2311
2312
2311
11614
2311
11547
2311
10632
2311
3390
11511
8839
8738
11850
8738
9681
8738
10719
8738
11836
8738
11211
8738
2227
2228
5872
4489
7557
4489
5874
4489
2029
4489
4775
4489
4774
4489
4771
4489
8962
4489
5873
4489
4778
4489
4772
4489
2023
4489
2026
4489
2021
4489
4781
4489
2022
4489
9443
4489
11346
6829
5020
6829
172
8142
1588
1823
9363
5950
8902
5950
8820
5950
4765
5950
8837
5950
2525
3370
3718
3729
4026
9973
11097
7827
1652
1653
6194
5266
6020
5266
10307
8863
11918
8863
8074
8863
4534
4558
11277
4558
3201
3215
3214
3215
7779
7748
2385
8512
4189
4186
4162
4186
9138
7228
11034
7228
11036
7228
7785
5185
4287
4320
4325
4320
6144
10422
7743
10422
2294
10073
3215
3249
2688
6893
7804
7311
8714
7311
11605
7311
4224
4265
4267
4265
6985
2152
5922
2152
11843
2152
10263
2152
7065
11572
4657
11572
3385
3394
3357
3394
11142
3793
7948
3793
2085
3793
3792
3793
2519
2748
2801
4433
3581
5640
4553
5640
4123
9815
11534
9815
9738
4700
8778
4700
11285
4700
8771
4700
11530
4700
4651
2827
4562
2827
7408
2827
5215
2827
5214
2827
7942
2827
1318
1305
1147
1305
8041
4678
11244
4678
10751
5961
138
7576
8459
10575
8671
3185
3177
3185
11816
3185
7899
11103
9958
4216
4202
4216
3220
5249
7786
7023
7518
7472
4456
7472
2625
2656
156
51
4073
5394
4044
5394
7974
9234
3481
9234
11715
5793
4555
5793
246
103
11340
8956
3641
3640
3616
3640
10175
11897
3686
11897
5919
11897
283
1130
2209
9866
2263
9866
11604
7387
201
1079
1450
1451
1450
4312
6254
8409
6254
9199
6389
8552
6389
6748
3961
11066
3961
3963
3961
9176
3961
459
754
21
74
10975
10488
11044
10488
10527
6234
8327
6234
7056
11359
9069
11359
9085
11359
9063
11359
9535
11359
11514
11359
11524
11359
9086
11359
3564
11359
9073
11359
3476
11359
7744
11359
2619
11359
4574
11359
4719
11359
2268
11359
9059
11359
9075
11359
2405
11359
11409
11359
5993
11359
4377
11359
9062
11359
4077
11359
4490
11359
7717
11359
9080
11359
3545
11359
7054
11359
2714
11359
7739
11359
9078
11359
9061
11359
4596
11359
9064
11359
9066
11359
9093
11359
2192
11359
4169
11359
3581
11359
7730
11359
9065
11359
9089
11359
9533
11359
9067
11359
9083
11359
9534
11359
4565
11359
9060
11359
2364
11359
9058
11359
9531
11359
11433
11359
9081
11359
4553
11359
9084
11359
9092
11359
2642
11359
2340
11359
7736
11359
9532
11359
2574
11359
7725
11359
4329
11359
4677
11359
8939
1986
8540
6866
9123
6866
8470
10559
7081
10559
8472
10559
8713
9254
11908
9389
9399
9389
7862
5229
3111
3123
3119
3123
3761
3766
3750
3766
7696
5715
7302
5715
4629
8771
10609
10086
4
2248
7085
8301
9893
10018
9893
10009
9893
2336
4610
7
327
1060
1061
2810
2811
8615
2811
10660
2811
2844
2847
2836
2847
3486
4453
3000
4453
3498
4453
7020
4453
2560
4453
4756
4453
7157
4453
675
646
868
646
4372
4381
5076
8238
6092
8238
11166
11159
2708
2728
5913
11821
4608
11821
1978
11821
3216
3229
2998
5766
3017
5766
4435
2132
2131
2132
4584
2132
4083
5123
249
102
3706
3715
4598
6815
3888
7248
10585
7248
11990
8160
2766
8312
10089
6945
6547
6945
10570
5582
10078
5582
2461
8983
10989
8983
11801
10201
3388
3415
10185
8617
8738
9606
8368
6174
2951
6174
4129
6316
6980
6316
7561
2026
11741
5466
2362
5466
11262
11189
6754
11189
76
7563
8417
5068
10563
5068
1396
1093
1049
1093
1258
1093
10602
2428
7073
2428
10590
2428
10101
4289
11759
4289
3097
8397
11105
4354
4353
4354
11464
4354
8692
4354
2305
4753
5902
11499
9353
11499
11902
11499
2424
4714
9028
9925
7086
9925
2140
2141
11810
2141
11508
2141
2899
2917
1030
1031
9156
9539
5998
5169
5998
5169
9991
6696
11489
6696
7793
2511
2487
2511
2664
2683
7030
8527
4369
8471
5999
10192
3465
3582
10093
11673
10090
11673
358
1593
2449
6365
7147
6365
2308
5415
6129
5415
2932
9067
10971
11646
11454
11646
5023
6220
5025
6220
11116
3466
11774
3466
3432
3466
9296
9281
11390
11389
11076
3068
10635
3068
11720
3068
3067
3068
4975
4974
5430
2272
2271
2272
4151
4145
4106
4145
7341
3169
3164
3169
11942
10788
10858
10788
7538
1990
8445
6067
8411
6067
3420
3544
7908
9220
2313
11547
9965
6281
7704
6281
4090
4125
1449
1447
1454
1447
7788
7069
11666
7069
7926
11114
11834
11114
207
17
1160
2049
9365
3071
7168
5883
10887
2718
5493
6135
5493
1252
1207
1213
1207
11685
11648
11656
11648
2147
11684
7125
7772
10118
7772
11349
7772
8015
4870
7362
9174
7151
5544
2683
5544
1649
1650
8039
9316
2782
9316
4559
9316
11847
9316
6756
9316
2769
4604
8591
8547
7849
10118
1821
1820
1950
1820
2143
4733
4332
4334
2227
10019
2298
9945
11600
11080
3266
6606
7199
6606
11362
2448
9545
2448
11054
2448
7566
8095
11565
9696
5703
6539
2822
6539
7365
3493
7867
3493
3549
11710
160
106
114
7537
7591
2046
9666
10722
9668
10722
9658
10722
11174
10722
9437
11970
3608
11799
5733
6925
4687
6925
8391
11675
4814
9758
9408
9758
8117
9758
2243
4060
7910
4060
5989
4060
9086
6857
9080
6857
374
574
639
574
5644
11653
3153
11653
6194
11653
7713
11653
2349
11653
5010
11653
2818
11653
3113
11653
2868
11653
4535
11653
5175
11653
3551
11653
3534
11653
2397
11653
2917
11653
5743
11653
4518
11653
3148
11653
2652
11653
3492
11653
3171
11653
2481
3382
3384
3382
7846
8288
10760
9310
9328
9310
9329
9310
1934
1838
1712
1838
1689
1838
7348
9162
2973
6565
2956
6565
3733
3757
4317
7859
7842
11666
577
653
900
653
9613
11105
3351
9843
2615
9843
2436
7035
2587
6626
4647
6626
7331
10036
4685
7363
4754
7363
8642
7363
1974
7764
3075
7764
11111
2480
2467
2480
4717
2480
1023
1024
11748
8597
3546
4554
7829
2498
7814
2498
10615
2498
2476
2498
11939
9339
10848
9339
11527
10812
4779
10812
11956
10812
4152
9995
92
12012
3073
11720
9570
11720
3619
8327
11391
2096
8676
2096
9237
2096
11148
2096
4698
2096
8652
2096
4168
6083
7699
6083
4037
5382
4055
5382
1890
1797
1798
1797
4874
10208
9278
10208
9277
10208
10757
10208
9306
9646
8777
9646
4829
9646
11262
8045
8950
9406
11967
9406
2897
5757
2873
5757
1571
1802
1767
1802
11683
10438
4071
10438
1532
1734
5671
6516
4579
6516
8549
10109
9558
10109
11762
10131
2689
4624
7364
10151
2393
6339
2443
6339
2866
5858
2848
5858
3622
6995
234
12009
7353
7337
1149
1102
1412
1102
8711
4962
10170
4962
2713
11420
10543
11420
9993
11420
7053
11420
2431
11420
10549
11420
8366
11420
3984
11420
8353
11420
3426
11420
10003
11420
7003
11420
8316
11420
10533
11420
10986
11420
8310
11420
2366
11420
10020
11420
3825
11420
10001
11420
7215
11420
3847
11420
8358
11420
3780
11420
2743
11420
10008
11420
3814
11420
10010
11420
9981
11420
3740
11420
5120
11420
8305
11420
7173
11420
8370
11420
4376
11420
11742
11420
3707
11420
8299
11420
10032
11420
3774
11420
8352
11420
8341
11420
2705
11420
10535
11420
3868
11420
8337
11420
9985
11420
3360
11420
10526
11420
10546
11420
3755
11420
9997
11420
8375
11420
8359
11420
3715
11420
2264
11420
10545
11420
8336
11420
6803
11420
2681
11420
3936
11420
10548
11420
2338
11420
8372
11420
10530
11420
9964
11420
372
1125
9655
9626
11469
11902
8028
8025
7475
8025
9512
3690
3674
3690
2198
2264
9435
11968
9217
2421
4470
2421
3030
3007
2987
3007
5199
3505
6813
3505
3503
3505
9979
5344
4475
5344
2970
5743
4257
9516
8853
8707
11585
8707
9651
8707
10717
8707
11240
8707
10785
8707
2623
4404
4631
4404
8268
4404
4235
4404
3727
4404
10492
4404
10501
4404
10510
4404
6412
4404
10489
4404
10962
4404
4666
4404
4615
4404
4027
4404
8283
4404
10972
4404
10493
4404
8266
4404
4587
4404
4639
4404
10500
4404
2347
4404
10956
4404
10967
4404
2748
4404
2261
4404
8297
4404
2437
4404
10509
4404
4663
4404
8295
4404
10970
4404
10487
4404
8287
4404
8020
4803
11553
4803
11450
8347
8349
8222
3990
8222
4401
9083
4504
4534
11845
3135
11802
3135
11560
3135
11821
3135
2709
6646
5513
6646
349
1026
2190
6406
2588
6406
3846
3858
3857
3858
7435
6758
1266
1310
1140
1310
4263
11668
4521
11668
10557
11668
3861
11668
4723
11668
2742
11668
7039
11668
4129
11668
4932
11668
3828
11668
4024
11668
7007
11668
3561
11668
4362
11668
4297
11668
4386
11668
11741
11668
4005
11668
4573
11668
10558
11668
4327
11668
2544
11668
3778
11668
3999
11668
10584
11668
4514
11668
4413
11668
10591
11668
3965
11668
3722
11668
11737
11668
4228
11668
4706
11668
3762
11668
4712
11668
11719
11668
3753
11668
7160
11668
4950
11668
4032
11668
6987
11668
3368
11668
4560
11668
3818
11668
10586
11668
3851
11668
7026
11668
4610
11668
4753
11668
4581
11668
2585
11668
11482
11668
11760
11668
9127
11668
2704
11668
3741
11668
4383
11668
3889
11668
4605
11668
4659
11668
4029
11668
6980
11668
10561
11668
4355
11668
2362
11668
10564
11668
9589
7875
2012
10876
2537
2667
4731
5690
9972
5690
7044
5505
4705
5505
3732
3743
3720
3743
5191
3344
11597
3344
10860
11567
10352
11567
2855
8967
2874
8967
6030
6843
3173
6843
3742
9857
4362
6310
4297
6310
11361
5135
9608
9565
5207
6162
2757
6162
11375
6162
4431
6162
304
1509
5074
4195
4224
4195
5966
3213
4591
3213
11378
3213
3200
3213
10557
6056
3818
6056
1593
1596
7065
2979
6745
2979
2978
2979
4657
2979
133
7587
2566
5805
4529
5805
3311
3443
7179
3443
8458
6589
7010
6589
7929
7376
4670
10375
11854
9304
1467
1465
1085
1465
855
847
646
847
10591
6458
7951
8679
10648
11096
11524
5594
2619
5594
2831
2897
11099
5213
4500
5213
10657
5213
8632
5213
7848
5213
8634
5213
1053
1056
306
55
302
55
336
55
30
55
352
55
340
55
358
55
348
55
310
55
362
55
370
55
35
55
326
55
118
55
299
55
371
55
330
55
290
55
365
55
344
55
66
55
316
55
88
55
354
55
70
55
278
55
320
55
314
55
346
55
32
55
281
55
356
55
296
55
67
55
293
55
360
55
312
55
338
55
125
55
308
55
342
55
350
55
85
55
284
55
372
55
324
55
368
55
287
55
45
55
69
55
367
55
12
55
373
55
17
55
14
55
46
55
332
55
364
55
328
55
304
55
334
55
83
55
322
55
68
55
318
55
6498
6905
3463
6905
4212
4630
3777
3805
3794
3805
7208
5443
11455
5443
656
641
671
641
7391
4503
2179
2721
11692
2721
11283
10837
8454
7280
10088
7280
1734
1812
1528
1812
1692
1812
1109
1155
1105
1155
2291
4520
481
867
486
867
7567
12003
7301
7298
7756
7298
9104
7298
10291
11552
2056
11552
10783
11552
238
121
8687
10184
3590
3594
3596
3594
2429
9905
7014
9905
8862
10738
2367
5457
2262
5457
5139
2202
4869
2202
2141
2202
5140
2202
10219
3299
3270
3299
5009
4650
3782
10512
624
639
381
639
4401
4410
288
287
2794
2798
2790
2798
9406
10863
2169
4581
3054
10142
2781
2780
5962
2780
5961
2780
10246
2780
1053
1054
11822
7464
8343
7221
6118
7221
4227
7221
6133
7221
2439
7221
7222
7221
5715
7221
8340
7221
11435
7221
7063
11098
7063
11098
8943
10359
10361
10359
8680
9589
8716
9589
10201
9589
2129
2191
2871
9056
9257
8655
3323
3457
4425
4239
8767
4239
4964
4239
8737
4239
486
604
11003
5299
11008
5299
222
4261
4306
4304
4306
5651
9458
3514
9458
10288
10271
10797
10271
2948
2955
2939
2955
4370
10077
11758
6304
4291
6304
7115
7113
7114
7113
7116
7113
1514
1519
1518
1519
863
749
723
749
3416
3541
10547
9460
2390
9460
6983
6284
8328
6284
7068
4592
7306
4592
11040
4592
1827
1847
1575
1847
1680
1847
11723
8536
7432
10693
9546
10097
5919
9242
1657
1659
1765
1659
1104
1223
949
1223
726
606
1323
1412
1319
1412
1770
1757
1953
1757
7758
5279
9124
5279
8697
8609
10697
8609
7961
8609
8717
8609
10196
8609
7527
11915
9758
11915
10840
11915
128
1829
2526
4756
9537
10545
8958
7546
10888
7546
4772
2037
7511
11260
1950
1944
8593
9171
2677
5541
2557
5541
4405
4408
3377
4601
6754
4648
8045
4648
6755
4648
540
830
917
830
2791
2800
2798
2800
4319
4331
4510
2778
2536
2569
1023
1424
8907
8885
4682
8885
11466
11477
4805
11477
10312
11477
3048
11816
7109
2182
8577
2182
10747
10740
2763
3279
10511
7278
8273
7278
8854
8823
9708
8823
3254
3255
10716
10204
8014
10204
10727
10204
9650
10204
4985
10204
348
475
1081
1454
1456
1454
2201
4518
10065
6171
10063
6171
5004
7300
887
885
527
885
1487
1488
7926
11818
10684
11818
11834
11818
9602
10666
8318
7665
3514
7665
4496
4351
6771
4351
5985
4351
4356
4351
2108
2144
11750
2144
10206
2144
9621
2144
4638
4483
7805
4711
7812
4711
2865
2877
4562
11777
2479
2514
8654
2514
312
1522
2812
4628
3993
8474
3953
10525
189
7526
10225
8699
6194
5255
6016
5255
8453
6242
8455
6242
164
45
7329
6460
2470
7396
11541
10395
9776
9284
2190
10939
2223
10939
4118
8319
4062
11006
7219
8005
10675
4971
8678
4971
9631
4971
9246
4971
8740
4971
11829
4971
204
218
7590
2063
7097
10615
161
195
10499
7616
8297
7616
2318
2335
7047
2335
7890
2335
7888
2335
2960
2999
886
751
241
953
3643
4175
4177
4175
6996
6231
7745
6231
4772
11335
2835
2836
2785
2836
5102
6308
5103
6308
3859
3860
3842
3860
11594
9251
8837
9251
11169
9251
11824
2909
8006
2909
8750
2909
7999
2909
6757
2909
9357
11879
1984
11879
11831
6760
9970
5688
11680
5688
3879
8373
8819
8774
3427
3552
3558
3552
11616
3552
7787
3552
4877
7895
11993
10896
1611
1726
7314
9103
10337
9687
11872
9687
1677
1943
1950
1943
2626
2653
4380
9959
3562
9959
3259
9959
5235
9959
4038
9959
5098
9959
11706
9959
7164
9959
11468
9959
5230
9959
2851
9959
2749
9959
2429
9959
11039
9959
4575
9959
2715
9959
11758
9959
3264
9959
10551
9959
3262
9959
4683
9959
3019
9959
2209
9959
6548
9959
6469
9959
4314
9959
5698
9959
3289
9959
7707
9959
4743
9959
7036
9959
4215
9959
4126
9959
11705
9959
2823
9959
6128
9959
11364
9959
11394
9959
3305
9959
7069
9959
2448
9959
5135
9959
4331
9959
2569
9959
4531
9959
4389
9959
2941
9959
4365
9959
6145
9959
4626
9959
11542
9959
6013
9959
4053
9959
10981
9959
2658
9959
2263
9959
7207
9959
7014
9959
4515
9959
2872
9959
4270
9959
4198
9959
5742
9959
4291
9959
10991
9959
4686
9959
2383
2413
2286
2413
2809
2814
11265
8869
111
4783
6952
4384
4358
4384
4357
4384
9568
4384
8770
11135
7234
11135
10706
11135
7424
11135
8001
11135
9640
11135
7980
7943
10689
7943
7450
7943
4550
5860
6549
5860
2143
2585
741
882
742
882
1287
1200
1367
1200
1747
1646
3684
3688
3687
3688
504
505
5878
8953
2713
5552
2681
5552
8329
6975
10987
6975
10985
6975
3763
6975
10977
6975
8339
6975
2187
6975
4547
6975
8320
6975
2213
6975
10531
6975
2341
6975
10542
6975
2265
6975
8344
6975
3536
6975
3408
6975
3831
6975
10527
6975
10547
6975
3529
6975
8362
6975
10538
6975
10528
6975
9041
6975
3367
6975
8330
6975
8348
6975
2228
5532
2193
5532
7802
2523
8535
2523
6810
2523
2485
2523
3160
8386
9628
10210
8163
8933
9356
10262
8850
10262
9368
10262
2075
2076
4346
4342
4252
4342
2756
7314
3267
7314
4961
6103
11629
10440
7204
7957
3488
6687
4758
6687
1597
1778
1932
1778
10988
5402
2459
5402
2801
7689
11768
6959
3381
3391
3394
3391
848
743
482
743
604
743
2465
2478
10204
2478
4307
9975
2624
2633
3393
5622
1658
1765
8016
2500
8764
2500
9593
2500
10727
2500
8448
5307
8427
5307
2099
8577
11528
11290
10346
11290
8115
11290
5965
5964
7839
3532
3450
3532
326
438
3837
11022
8365
8290
8363
8290
3231
8290
1945
1674
1954
1674
8119
4456
10862
4456
8829
9308
624
576
3372
3402
8491
11651
6160
11651
9149
11651
1259
1253
1062
1253
1399
1253
7171
5391
4679
5391
9248
9231
3644
4159
4161
4159
3625
3622
3606
3622
9127
6251
4383
6251
43
319
3293
3307
3600
3964
3963
3964
11964
9760
2242
4058
4049
4058
1261
1297
1024
1297
2241
2385
2352
2385
8926
8075
8083
8075
10847
8075
2936
5217
11900
9676
8531
3972
10649
3972
4273
5352
4338
5352
1509
1510
7168
6053
11344
6053
10519
5712
4731
5712
11674
10120
2410
10989
6780
10657
2502
2613
10007
6292
10002
6292
2094
4584
3245
9033
11458
9033
2377
2450
10270
7461
11879
7461
1982
7461
5898
7224
7161
7224
11976
7224
8135
7224
9770
7224
2073
7224
5894
7224
8133
7224
11300
10826
2115
11782
11415
7825
2124
2194
3090
5972
4844
5972
5967
3217
3200
3217
2512
3352
2472
8573
386
571
570
571
564
571
10696
4868
2164
4868
11517
4868
7954
4868
3705
3712
11810
9218
9347
10274
334
447
1317
1262
1339
1262
469
470
4362
6301
4355
6301
3424
7170
4890
3070
6008
2819
2755
2819
237
11912
10790
10805
10790
2283
11482
7391
11609
10795
8835
961
962
957
962
3271
3332
568
569
395
569
391
569
9326
9301
9319
9301
8823
9301
5875
10846
10868
10846
5876
10846
8096
10846
8625
7845
2488
7845
8617
7845
10651
7845
11700
6218
3173
6218
10083
11671
7172
11671
10081
11671
4290
11671
7712
11671
3943
11671
10084
11671
3897
11671
4274
11671
7147
11671
3887
11671
6114
11671
3869
11671
5136
11671
3844
11671
7740
11671
10075
11671
4938
11671
3978
11671
4056
11671
4122
11671
3937
11671
5099
11671
10074
11671
4099
11671
7915
3602
3603
3602
3086
11344
2003
4767
176
69
3371
5591
2548
5591
351
1029
11590
2087
9675
2087
4181
5070
4168
5070
2382
2430
1632
1913
1865
1913
4497
6676
6445
6676
2690
2703
9178
2703
11770
2703
4207
9053
8787
8762
8787
8762
3145
8377
9307
9292
9307
9292
2217
2323
2328
2323
2175
2724
8262
2724
9142
5332
11055
5332
7323
5332
2065
8158
10896
8158
2072
8158
3122
6033
8619
10643
1562
1711
4357
8586
11272
8059
10326
8059
8916
8059
9384
8059
9382
8059
7093
4542
7091
4542
7092
4542
2543
5602
3367
5602
7213
11144
136
8405
9003
8401
9003
3349
9003
4803
3591
8747
3591
5899
3591
9616
10181
1887
1723
11487
4621
11804
4621
7450
4621
10309
4621
8912
4621
2944
10154
11214
11823
10276
11823
3730
10965
6760
7966
6760
7966
1499
1500
2196
2261
2403
2424
7796
2424
9977
7250
10984
7250
8438
5341
4294
5341
9314
4608
1980
4608
841
644
595
644
509
644
7316
4401
4960
4401
4394
4401
10614
4401
11575
8913
3125
8462
1749
1643
3729
8240
3995
11017
9142
4531
11055
4531
7323
4531
7768
2369
7085
2369
9552
2369
1058
1059
2707
2730
3590
8649
10576
10916
10069
10916
4266
8409
2506
4467
4527
7915
9654
7915
8748
7915
9267
7915
5899
7915
2795
2873
8951
10345
4358
7346
277
932
8841
10705
801
599
2931
7706
3297
3341
10501
7639
8287
7639
5512
6637
7166
6637
4188
10027
6113
10490
2454
10490
2919
10490
4330
10490
4072
10490
4550
10490
4634
10490
5574
10490
6144
10490
4269
10490
2995
10490
6595
10490
7049
10490
11677
10490
2214
10490
3528
10490
4412
10490
3580
10490
3461
10490
4336
10490
2266
10490
4707
10490
5667
10490
5076
10490
4693
10490
5182
10490
5087
10490
2971
10490
2342
10490
2433
10490
3327
10490
4387
10490
4665
10490
2891
10490
3351
10490
2615
10490
3401
10490
6093
10490
4602
10490
4123
10490
6549
10490
5101
10490
9987
10490
6012
10490
5094
10490
3499
10490
5729
10490
3032
10490
3505
10490
4392
10490
2723
10490
4623
10490
2692
10490
6092
10490
11534
10490
4566
10490
3434
10490
7090
10490
7038
10490
5138
10490
4379
10490
5242
10490
3292
10490
2942
10490
4316
4392
10281
9663
8821
9663
4187
8336
7975
2949
2912
2949
773
756
831
756
7530
11961
8944
11961
1994
11961
261
133
8586
8519
1005
1232
496
500
499
500
11070
3638
8566
3638
4462
3638
8544
3638
11071
3638
10618
3638
7919
2929
2939
2929
10665
2929
9567
2929
1183
1195
3355
10047
7879
2535
2529
2535
151
34
7591
10325
4303
7326
8015
7993
5572
6663
4590
6663
493
601
12012
11991
10669
8629
10669
8629
220
7596
11674
10595
7130
10595
9288
9637
11508
11101
7453
2750
11864
2750
8909
2750
10835
2750
8080
2750
7859
7761
1962
1914
1640
1914
8687
4698
174
180
2323
4551
4740
5638
6994
5638
203
61
4715
4680
1494
1701
1924
1701
9264
2886
8739
2886
7955
2886
9622
2886
9538
7230
144
98
4283
4318
7872
10134
181
115
45
1164
9251
8652
8016
10727
8016
10727
3838
8412
11711
6216
3170
6216
3433
3470
11955
10848
11318
10848
2274
5161
2221
5161
5942
4254
4196
4254
11061
4254
11063
4254
322
426
3907
8297
1523
1786
1818
1786
5986
5985
4327
7642
4355
7642
163
367
4257
4389
10593
2952
246
586
529
7709
6265
4377
6265
11110
8588
8744
9610
4757
9610
9663
9610
1894
1956
1599
1956
3089
4893
171
8156
147
552
683
440
683
695
683
9581
11087
10841
9381
2888
9453
2874
9453
10016
11636
8286
11636
9948
11636
5874
2030
2356
5470
2343
5470
10185
2487
4748
2487
8578
2487
988
989
3155
3161
2409
6320
4520
6320
3950
3985
513
514
509
514
10606
8459
7762
8459
11046
8459
3540
6678
5623
6678
8049
11893
8870
11893
11579
11893
3495
6700
9054
6700
2301
2372
4545
6433
4601
6433
382
383
5483
6381
4755
6381
10828
1978
3413
6453
7170
6453
3960
8475
3666
3677
8725
11537
6951
3923
7318
3923
3922
3923
3926
3923
10275
9320
9312
9265
11866
9265
9308
9265
8835
9265
10054
6610
7202
6610
4459
11638
1069
1340
11999
2050
7062
7061
15
9700
7532
4815
1230
1217
944
1217
1386
1217
9440
9433
2059
9433
9439
9433
11209
9678
9686
9678
9698
9678
8599
8522
530
531
4580
5677
7159
5677
11121
9216
4809
5923
9355
5923
4810
5923
2926
2932
7799
2932
6784
2932
1939
1672
1725
1672
1960
1964
1747
1964
1064
1065
4115
4234
11
10828
7294
7684
429
430
425
430
2533
2564
6780
8632
2968
10911
2951
10911
10301
10747
11247
10747
11926
10747
799
726
695
726
7403
4866
8688
4866
2319
4866
7897
4866
7400
4866
373
1166
38
10636
4220
11833
4220
89
1173
1174
1173
8312
10447
4599
10447
94
7580
3603
7328
2938
2941
4155
9125
2099
2117
11771
2117
1114
1192
1116
1192
3093
5969
140
12
7057
3294
10667
3294
7819
3294
9565
3294
10242
7411
2648
2660
8654
2660
2526
3349
3082
7651
6136
7651
4282
4365
217
7598
3704
3709
3708
3709
185
82
3633
3636
3659
3636
11996
8960
2672
6145
2921
8183
4695
8183
892
717
3975
11001
4873
8641
7081
6974
10100
6974
3569
5853
5659
5853
1403
1315
1131
1315
8303
9870
9048
9870
1473
1468
1474
1468
9260
9604
1586
1587
8605
4316
8653
4316
4303
4316
10114
4316
239
94
3643
4174
4177
4174
2830
2888
1688
1689
1762
1689
5941
4945
10573
4945
9387
9733
10336
9733
3153
5294
3171
5294
8048
9334
10161
3969
3971
3969
10153
3969
3603
3969
11440
5349
9042
5349
2862
5709
6163
5709
2306
4696
2302
10992
3578
5636
11448
5636
3840
3853
7853
3853
11032
6289
4363
6289
9678
8775
9678
8775
4759
6714
10040
6714
8965
11299
8855
6753
2320
6354
2453
6354
9947
7287
520
592
2023
2024
2867
6733
9111
6733
5136
6334
10086
6334
10343
4606
10850
4606
3805
3833
8909
11863
10835
11863
8080
11863
783
764
460
764
7748
10571
4434
10571
2225
10571
8008
8759
7734
6604
10054
6604
9310
9289
4348
5329
4720
5329
9074
5770
3258
5770
2779
2787
9582
2787
1523
1524
3773
4925
3788
4925
7375
11057
9745
9714
9388
9714
7563
9753
9778
9354
10810
9354
2058
9354
9710
9354
11290
8062
10324
8062
11722
11034
2171
4539
2543
5599
2559
5599
181
243
2247
7968
198
60
5879
2014
11347
11630
11348
11630
10955
11630
2769
2822
3575
5833
3555
5833
8929
7521
8111
7521
8810
4067
4828
4067
10756
4067
11885
4067
3343
8338
2165
6125
5995
6125
4158
4281
4280
4281
8391
9974
3288
3329
7313
3329
3752
3770
3934
7631
8443
7631
3690
10918
10558
6870
10561
6870
11734
7348
11734
7348
10104
10090
3678
10427
2860
7708
7971
3599
7915
3599
10124
9145
9561
9145
8899
8864
11260
8864
314
417
10198
10668
11125
10668
9630
9624
9705
11858
11230
11858
8347
9962
8890
8872
8890
8872
2508
4626
434
435
5699
6554
4546
6554
4266
11025
1467
1466
1086
1466
9929
9803
4275
9803
9097
9803
5409
9803
5410
9803
9125
9803
8125
9404
11989
4516
1419
1070
1056
1070
9714
10275
11931
10275
11757
2114
2113
2114
8620
2114
3445
7276
5660
7276
4059
9534
4087
4083
4035
4083
2600
5549
2684
5549
214
3653
11008
4704
6060
3830
6060
405
408
10542
7618
10547
7618
8156
8074
2621
10931
3352
10931
996
1335
1336
1335
1753
1783
1638
1783
11860
2912
9324
2912
10248
2912
7087
2912
8830
2912
10362
7528
4864
7380
2159
7380
4865
7380
7425
7380
11878
2463
8012
2463
11185
2463
7463
2463
11206
2463
8735
2463
2831
11542
3911
4857
8000
4857
10165
9195
4932
7611
10584
7611
3427
3549
11744
3549
4152
4565
4086
7398
887
708
528
708
165
373
3419
3529
3929
10497
10889
7548
4768
7548
3925
7701
3376
3399
3914
3935
3297
9060
4736
4758
6460
4758
5180
4758
7728
10951
8377
10951
2421
2437
3198
6195
1272
1182
1321
1182
8616
11092
4163
4162
3646
4162
9633
4310
10217
4310
11896
4310
8762
4310
8746
4310
3625
3619
3605
3619
7811
7321
10801
11919
10798
11919
3084
4843
1045
1183
1277
1183
2168
2207
10144
8538
11223
5903
2208
5529
2194
5529
216
8167
1694
1695
1942
1695
10222
9554
9626
9554
9637
9554
11210
10259
10775
10259
4249
4339
11699
6624
11684
6624
2415
5399
2107
6962
5936
5935
11242
11220
8865
11220
11222
11220
7486
11220
2849
7692
206
12007
9313
4995
1614
1831
1860
1831
1709
1831
1324
1148
11035
6534
9112
6534
11606
4406
3657
4406
7156
4406
2124
4646
856
784
857
784
5881
10371
2758
2776
2761
2776
6148
5619
11489
5619
2178
6404
2207
6404
4115
6803
7218
11856
7504
11856
7213
3903
3877
3903
3726
4905
3712
4905
4149
7871
7889
7871
7381
7871
10644
7871
2056
11886
9773
11886
8845
11886
10771
11886
8379
6503
10067
6503
8661
2476
2474
2476
10192
2476
2478
2476
5511
6630
2698
6630
7858
10040
7885
10040
504
839
645
839
11766
2572
2117
2572
936
937
3983
4013
7544
9410
8136
9410
3294
8388
9298
9650
280
1992
4746
2179
11456
5673
7441
2100
9705
2100
11539
2100
10738
2100
10505
11643
9513
11643
8290
11643
2775
3282
718
663
413
663
9228
9581
9231
9581
4969
9581
9157
2078
3584
2078
11068
2078
2074
2078
3457
6520
9980
6520
535
536
794
859
605
859
4578
4589
10728
4589
6977
7263
10994
7263
9772
11922
11948
11922
9749
11922
8356
8227
8374
8227
316
419
2294
4056
10154
11062
1785
1967
1829
1967
5984
10984
8560
10984
2517
2737
10332
10821
8671
9239
2922
6013
2509
4458
153
17
10748
9306
3668
3673
3672
3673
10686
8612
6193
5282
3232
5282
1182
1171
642
721
796
721
6949
10797
7238
7237
5872
10880
437
719
549
719
7995
8702
11510
8702
10714
8702
11920
11181
11016
6239
8435
6239
7854
2763
2761
2763
10365
11967
2027
11967
10874
11967
2256
2364
8377
10898
7726
10898
5203
5686
3307
5686
10582
10942
10047
10942
3034
8322
4689
5244
3256
5244
420
421
9077
8247
10570
8247
8635
4304
8640
4304
4305
4304
11758
6306
11394
6306
2788
2838
2840
2838
4427
3002
2991
3002
1272
1320
8912
11381
11503
2155
11803
2155
4051
2155
11149
2155
8701
2155
7960
2155
1075
1441
1442
1441
1095
1237
1288
1237
7947
8691
4032
9503
10564
9503
9317
3686
4799
3686
10718
9630
10731
9630
8763
9630
2893
6581
7015
6581
3241
3244
3449
9520
9596
2991
8648
2991
11818
2991
2536
6410
4535
6650
5558
6650
534
878
904
878
11352
11888
11306
11888
7565
2021
10549
6331
10003
6331
10996
9518
10566
9518
11509
9518
2718
9518
4654
9518
8432
9518
9087
9518
8405
9518
6979
9518
3797
9518
3888
9518
2709
9518
4295
9518
8418
9518
4374
9518
3746
9518
10583
9518
5513
9518
2566
9518
3380
9518
8401
9518
11032
9518
2370
9518
3827
9518
3728
9518
7008
9518
2622
9518
5144
9518
9088
9518
10068
9518
8449
9518
3771
9518
4363
9518
11031
9518
10585
9518
11016
9518
2274
9518
3714
9518
3700
9518
4229
9518
3739
9518
3789
9518
2409
9518
6976
9518
2346
9518
2221
9518
4014
9518
4520
9518
3972
9518
8409
9518
8412
9518
3349
9518
11001
9518
6974
9518
10071
9518
5557
9518
3817
9518
9094
9518
4128
9518
9082
9518
10080
9518
8435
9518
10572
9518
4529
9518
6135
9518
1421
1404
1270
1404
1161
1085
7976
3627
8823
3627
4248
8425
11701
10574
10976
6648
2710
6648
5235
6601
3019
6601
11620
11345
9156
11345
2187
6408
7230
6408
3298
11460
510
511
985
986
9735
9711
11367
9483
3234
9483
3445
5856
7188
5856
8050
9351
8151
11277
3979
8273
422
610
8430
11383
4619
9628
3060
3105
3110
3105
9204
3517
3464
3517
10132
3517
10634
3517
7515
1984
10854
1984
5990
2313
10242
2982
10243
2982
8003
2982
8798
2982
8007
2982
3422
5627
11256
11145
8728
11145
11155
11145
7448
11145
2794
2840
2785
2840
10866
7524
4668
7524
5233
6592
7199
6592
10119
4284
11079
4284
7347
4284
11808
4284
6108
4284
4494
4284
4255
9971
11877
6756
8898
6756
10500
7634
10497
7634
5873
10878
3821
3856
3853
3856
1636
1666
1754
1666
7721
10900
7726
10900
8808
11183
9619
8682
9535
5105
4565
5105
9372
8861
11012
5517
2738
5517
1215
1432
1433
1432
4614
8286
4600
8286
11678
8286
10099
8286
5088
8286
6886
8286
9152
8286
4497
8286
10975
8286
7752
8286
11695
8286
10603
8286
3411
8286
9540
8286
4933
8286
8483
8286
6445
8286
10108
8286
2674
8286
10092
8286
10101
8286
3656
8286
11035
8286
9112
8286
9038
8286
5703
8286
5430
8286
6473
8286
4006
8286
8507
8286
10594
8286
2358
8286
3288
8286
7320
8286
7767
8286
3648
8286
2271
8286
6963
8286
9140
8286
6804
8286
4467
8286
10595
8286
2822
8286
7692
8286
2179
8286
8540
8286
2426
8286
8509
8286
2400
8286
7313
8286
4936
8286
2348
8286
11692
8286
11041
8286
8496
8286
7139
8286
9137
8286
8469
8286
9123
8286
11759
8286
7759
8286
7775
8286
7355
4460
1622
1625
2023
10362
1411
1169
1146
1169
1927
1855
1503
1855
1921
1855
11131
9592
4769
10777
4721
10777
11934
10777
2945
2944
9240
2944
10662
2944
10167
2944
7746
3291
7345
7813
7345
7813
8058
7414
7428
7414
4240
4242
4142
4242
9994
5302
9968
5302
10999
7654
11017
7654
10752
11174
11234
11174
8804
11174
11243
11174
10781
11174
8846
11174
1896
1680
1678
1680
3980
11004
130
1745
1464
1462
2509
6971
10175
8644
9242
8644
10357
9756
10866
9756
9405
9756
2444
5407
2397
5407
4737
5647
3567
5647
635
534
9275
10206
9313
9648
11146
9601
2334
7205
11478
9408
7304
8390
10625
8390
10610
8390
3639
4171
3623
11760
2097
2098
1532
1533
1528
1533
11218
9331
10280
9331
11211
9331
11716
5291
6030
5291
7233
10436
10477
10436
2140
2199
4613
2199
3306
6518
3301
6518
11841
7435
8010
7435
321
984
11985
2080
5919
2080
7241
11641
7443
3302
11218
3302
6003
3302
10719
3302
11836
3302
9638
3302
6997
11374
508
509
3612
10509
2734
6628
4637
6628
3518
10038
3394
3407
9652
3647
8779
3647
11168
3647
7445
3647
3902
8445
10015
6483
3535
6483
3476
6711
9075
6711
10164
10139
2505
2496
2478
2496
2391
6351
4592
6351
2789
2796
2840
2796
8154
2008
7905
6783
2583
6384
5165
6384
826
759
825
759
182
120
10260
8745
8819
3883
11838
3883
3857
3883
10029
5057
10034
5057
1556
1867
10308
9342
11583
9342
11244
9342
11940
10809
9720
10809
603
786
855
786
2955
7735
10789
10736
5904
10736
9713
10736
10786
10736
7477
10736
11975
7064
4037
5379
2439
5379
2257
4975
5134
10112
2259
11790
175
546
831
491
831
8673
4308
11809
4308
8674
4308
10679
4308
8692
4308
2267
9456
2360
9456
1185
1280
1297
1280
109
5883
10213
3057
7177
3057
5933
3057
167
8153
4117
4231
2829
6175
4256
8540
83
1771
8099
7513
3674
7681
11131
3379
7880
3379
2475
3379
7063
9159
7361
7862
7855
2561
7079
2561
7078
2561
4045
10914
2457
10914
8263
10477
2046
7550
10367
4760
2847
9058
11721
7143
11362
7143
3039
3043
3354
3355
3353
3355
7850
9175
7978
7378
2043
7530
10554
6456
7048
6456
2258
7400
50
1047
979
980
9115
5164
2269
5164
11678
4251
11759
4251
8803
11400
6984
11400
8002
11400
3819
6058
3831
6058
6958
11010
8140
8133
8141
8133
2059
8133
3295
7157
6158
6159
11122
6159
11123
6159
9607
6159
845
823
732
823
464
823
4380
7620
4531
7620
3835
5043
3844
5043
8502
4687
6015
4687
5229
4687
2426
6342
2400
6342
5921
4103
4273
5355
8319
5355
4354
4959
8916
9384
8916
9384
8407
9783
4236
9783
11104
3164
3136
3164
7376
3164
10303
10295
8468
7296
6413
7296
2220
7296
2565
7296
2282
7296
11718
7296
8458
7296
8456
7296
5639
7296
5250
7296
3363
7296
2950
7296
3069
7296
8465
7296
3087
7296
8466
7296
8457
7296
5699
7296
4552
7296
7158
7296
2896
7296
4594
7296
4479
7296
2586
7296
3507
7296
5842
7296
8462
7296
4533
7296
3089
7296
7165
7296
3251
7296
3103
7296
7167
7296
9699
11200
10789
11200
9701
11200
517
518
8731
10670
4034
8219
11004
8219
2123
11490
449
761
779
761
780
761
8016
8725
2489
8725
8764
8725
10727
8725
415
797
725
797
2156
2235
2236
2235
3871
10920
490
493
10870
11319
3489
3579
9267
10189
3744
3768
3760
3768
200
10031
6868
10027
6868
42
2251
2361
4256
7710
3417
7350
3983
10088
8
947
1377
1386
1377
253
494
833
849
833
8053
7485
8058
7485
4789
7485
176
50
8484
10486
269
78
3006
5241
1496
1718
4260
4301
4393
4301
9771
9767
1645
1663
1964
1663
2202
2269
3144
3172
3963
8340
9619
11119
2615
5579
11667
5579
4242
8309
3265
5768
7182
5768
587
527
2293
4053
7973
8694
7972
8694
10710
8694
9977
7246
9975
7246
10754
10245
594
788
852
788
7474
7970
7438
7970
8745
7970
24
29
5230
6584
3019
6584
4242
4292
7857
3241
4878
3241
7797
3241
615
779
792
779
2958
2994
9208
9542
11111
5172
11792
5172
4717
5172
1504
1814
1927
1814
1499
1814
10624
2726
2552
2726
9172
2726
9187
2726
7515
11861
10285
11861
846
766
845
766
467
766
9045
8236
8321
8236
8026
8795
7393
7874
2726
2746
322
1536
859
781
730
781
8860
4676
2401
10473
5670
10022
2608
5555
2680
5555
2817
6542
5700
6542
6037
7226
9514
7226
2444
7226
6025
7226
5576
7226
5023
7226
5025
7226
4640
7226
3020
7226
4672
7226
2943
7226
3163
7226
5185
7226
2897
7226
2999
7226
6020
7226
3502
7226
5016
7226
3451
7226
3458
7226
8756
10225
10730
10225
9289
10225
9524
5867
7727
5867
2829
2890
3945
4033
9238
9584
10284
10719
3546
11529
7009
8958
748
615
5227
7072
11472
7072
3247
7072
2879
7072
3206
7072
4890
7072
6132
7072
8393
7072
7017
7072
10056
7072
5155
7072
6036
7072
6896
7072
6027
7072
7732
7072
6409
7072
11484
7072
8389
7072
8384
7072
8392
7072
4586
7072
3280
7072
6388
7072
8410
7072
3168
7072
4887
7072
2961
7072
2972
7072
4633
7072
2608
7072
2680
7072
5575
7072
7716
7072
3045
7072
7733
7072
4622
7072
5483
7072
3195
7072
3233
7072
8424
7072
4755
7072
5671
7072
10059
7072
2895
7072
5243
7072
2563
7072
3249
7072
2191
7072
10040
7072
5627
7072
3172
7072
10022
7072
3093
7072
5232
7072
3128
7072
3403
7072
10061
7072
2219
7072
3016
7072
4732
7072
5251
7072
2850
7072
4579
7072
6415
7072
5254
7072
2821
7072
7579
11282
9639
7423
8281
8203
8289
8203
4203
9868
4630
9868
8489
10981
4726
10824
7857
6767
4220
4218
4214
4218
3550
3555
3854
3867
7335
7769
3981
7330
145
7578
1157
1090
1736
1921
1737
1921
10476
7600
2625
2658
5958
11176
10260
11176
4864
2285
7465
2285
9306
2285
4865
2285
7425
2285
886
724
9740
10830
7801
7704
9166
7704
8521
7704
3219
5252
1427
1443
1078
1443
7087
7469
6445
6467
10595
6467
9516
5317
9975
5317
2132
10954
532
896
898
896
1893
1708
9367
11941
9729
11941
10276
11165
3314
10165
7351
7324
7830
7324
10058
7723
2637
7166
3459
5697
4718
5697
2728
6392
2644
6392
7093
4637
7092
4637
11749
4637
8333
5093
4720
5093
4797
11376
11377
11376
11999
2048
10126
9551
9389
9698
9384
9698
3974
10419
11150
2001
3220
3252
4540
6621
2735
6621
2163
2149
7427
2149
10275
9680
3314
3317
3315
3317
972
975
8307
6531
3462
6531
10794
9318
11507
9318
1955
1732
5996
10116
8039
10773
11847
10773
6756
10773
4774
10374
7117
7115
1860
1804
1616
1804
4701
11365
2669
11365
6023
11365
5133
11365
11700
11365
5219
11365
2442
11365
5236
11365
4080
11365
11712
11365
5022
11365
2646
11365
3364
11365
11716
11365
10089
11365
6547
11365
3328
11365
3278
11365
3526
11365
5003
11365
2176
11365
2820
11365
4740
11365
3335
11365
6994
11365
5154
11365
2700
11365
2678
11365
6030
11365
3208
11365
5238
11365
11346
11365
6164
11365
2210
11365
2916
11365
2722
11365
3410
11365
4749
11365
3173
11365
5233
11365
5020
11365
3127
11365
5011
11365
3197
11365
6180
11365
3455
11365
2396
11365
4661
11365
2875
11365
3266
11365
3541
11365
5217
11365
6033
11365
3399
11365
3491
11365
7199
11365
2611
11365
6018
11365
11686
11365
3533
11365
3501
11365
2277
11365
2736
11365
3308
11365
6185
11365
2898
11365
2740
6401
5499
6401
10066
6608
3042
6608
2401
2446
2445
2446
8542
8495
8667
3697
8666
3697
2001
3697
3072
3093
10804
11891
7100
11891
3275
7193
9275
9621
3413
6680
5624
6680
8453
5066
7206
5066
2380
2426
3596
3607
9235
3607
7909
3607
7951
3607
3001
3015
515
516
2852
6551
2880
6551
5633
6698
5666
6698
9411
9401
8624
8590
256
6006
9608
3204
3232
990
991
9221
2111
2094
2111
9227
2111
9220
2111
2102
2129
2120
2129
1071
1275
3655
9531
10104
6318
4093
6318
11379
11378
1679
1901
1766
1901
1584
1901
7569
2028
11482
5468
2362
5468
11491
11354
3512
11354
8631
11354
11342
2003
2856
9467
4502
9467
3062
3066
7336
3066
2558
5607
2540
5607
157
3749
8277
318
424
3182
5015
8095
8071
8918
8071
2270
10934
2369
10934
11936
10786
7794
7785
7818
7785
10120
7785
4002
10562
11295
9392
11295
9392
2174
2223
3037
5232
4370
4663
11849
11178
1757
1950
3934
7614
8445
7614
7447
11154
8128
10850
10863
10850
2024
10850
3467
3468
3433
3468
5001
2785
7906
2785
2782
2785
4559
2785
4648
2785
7388
2785
2170
11433
3797
4927
3789
4927
9078
5752
9065
5752
3780
6054
10530
6054
484
485
11532
4418
1654
1660
1763
1660
2431
5148
10480
5148
8932
10861
2502
2614
10205
10682
11981
8900
8070
8900
8603
4016
9175
4016
260
135
3900
5049
11029
5049
9706
11207
10891
11207
2072
11207
8492
7223
8497
7223
1927
1772
1502
1772
11945
8878
11495
8878
3916
9034
3393
4583
5219
6560
5217
6560
8619
8574
3745
3752
3732
3752
2353
10425
4745
10425
10251
7426
4582
7426
1027
1285
1330
1285
1310
1285
943
944
2906
9147
2123
2193
7196
6852
7176
6852
3133
3148
10227
7028
932
933
768
810
824
810
11571
10273
149
14
11011
7129
5377
7129
9996
7129
11636
7129
11845
3049
7420
3049
11840
3049
11560
3049
10707
7111
10355
11313
4773
11313
10360
11313
10363
11313
4701
9832
5133
9832
7230
11407
11471
4065
4104
4065
2152
4065
4103
4065
1151
1222
1223
1222
937
1222
1007
1246
1392
1246
1311
1246
10471
6127
8024
11841
1982
11841
8611
6147
4344
8436
1308
1244
1031
1244
1310
1244
7936
3029
8648
3029
5005
3029
7912
3029
7399
7149
7817
3211
3194
3211
5012
3211
4650
3211
4100
9852
10073
9852
8669
3441
3312
3441
8638
3441
7913
3441
9573
9560
5626
7048
9522
10390
7721
10390
3115
3128
3552
4492
8416
8206
4935
8206
1886
1946
1723
1946
6027
6832
3195
6832
4766
8139
10376
8139
3725
3732
3731
3732
3400
10445
3358
10445
4787
7446
4302
9127
298
946
176
113
10696
2115
4727
2115
6751
2115
8051
8038
4558
8038
1034
1233
4285
4367
6953
4367
7346
4367
4187
8509
1685
1686
1738
1686
3516
9054
7746
5211
5970
5029
8398
5029
2468
2469
2463
2469
11713
2704
2020
11270
4725
5441
7046
5441
7465
8777
7953
4501
3823
11733
7128
5128
8306
5128
1044
1369
1309
1369
3891
8362
16
10286
8402
7285
10587
7285
649
734
8551
2166
6124
2166
9209
2166
8550
2166
6167
5732
6175
5732
2217
2324
2327
2324
2147
2723
7917
10644
6035
6034
11017
4947
4016
4947
6469
9004
11364
9004
4060
10540
294
292
2771
3268
7836
3268
11789
10153
11198
4817
5889
4817
6950
4817
8934
1987
2224
5432
4518
5432
8556
2423
11784
2423
4478
2423
4470
2423
2071
2072
1527
1528
7731
6988
11417
6988
2452
6988
8301
6988
2996
6988
5701
6988
4632
6988
2671
6988
5728
6988
5202
6988
3397
6988
2716
6988
8255
6988
8346
6988
10514
6988
8311
6988
9055
6988
2616
6988
10009
6988
4542
6988
8338
6988
7021
6988
4315
6988
8324
6988
8321
6988
4599
6988
8266
7658
10509
7658
2592
2600
7791
8477
3668
3675
2974
5741
312
412
9396
8914
9398
8914
9755
8914
11862
4801
11862
4801
8747
9267
2575
2578
2580
2578
2218
2330
2328
2330
8579
2769
2767
2769
8590
2769
8580
2769
1018
1019
3194
6020
179
116
281
1482
4429
9081
256
217
371
586
4088
4089
4036
4089
3207
5268
6020
5268
11212
8809
7854
7746
8493
7746
6161
7746
6009
7746
10293
10745
10759
10745
10287
10745
3313
3432
9609
3432
8736
3432
7394
4188
4162
4188
861
559
609
559
2799
2874
8702
4556
9079
6841
9070
6841
31
4792
7565
8112
3906
11029
3273
5675
4660
5675
3721
3741
10507
9922
8474
9922
7052
7890
7051
7890
10702
7890
2173
2226
7032
8736
8765
8736
7031
8736
9325
9664
9339
9664
459
460
4244
8295
7910
5987
2927
2970
2967
2970
11393
5659
7840
5659
10675
2246
2162
2246
9246
2246
7968
2246
8395
6922
7735
6922
3134
7726
665
597
7589
10725
1710
1789
1823
1789
1675
1789
11688
3452
11973
11304
11968
11304
619
561
560
561
11706
6664
11705
6664
6754
7994
8796
7994
6755
7994
9521
9841
10045
9841
3287
10219
8753
10219
7946
8670
2093
8670
7111
8670
4824
3987
10123
3987
3976
3987
7777
3987
1196
1187
1267
1187
3631
3659
3630
3659
10481
2350
2307
2350
2703
2710
2826
7361
4085
4122
569
623
687
623
10985
6267
8364
6267
3561
9020
3722
9020
3741
9020
7770
4718
7809
4718
4573
6081
4950
6081
2211
5452
2180
5452
10567
7269
10563
7269
7891
10133
9112
9010
6473
9010
4218
9988
432
712
728
712
550
712
4748
2485
2469
2485
711
883
890
883
11520
11295
11521
11295
2237
2296
9093
6283
4329
6283
522
588
1539
1731
2519
7012
5698
8245
2823
8245
7596
10694
9380
10309
161
46
11878
7235
11891
7235
11206
7235
8799
10236
383
566
564
566
614
566
3446
3502
4419
11661
1799
1795
1689
1795
1543
1795
6388
5491
4755
5491
798
579
191
339
196
4320
11740
4280
4356
4352
4356
7002
6672
3527
6672
5134
2400
4972
2400
3325
9110
8894
4808
91
8088
236
97
1038
1039
8609
2530
2514
2530
8709
2378
11505
2378
8729
2378
8639
2378
7144
2378
7897
2378
2776
4731
5235
8189
2941
8189
32
633
544
925
926
925
2032
8920
10880
8920
2497
2620
1972
4442
3076
4442
192
332
10351
10340
2739
5502
11522
5502
1327
1268
1271
1268
9615
2157
2153
2157
3469
3491
11107
4260
8604
4260
7924
4260
9214
4260
2260
8486
8584
4212
4956
4212
8537
4212
4211
4212
1372
1177
1373
1177
10293
8824
8047
8824
10017
8981
8373
8981
5211
8981
1681
1683
1825
1683
9617
10203
9624
10203
8708
10203
8757
11412
629
922
924
922
880
815
774
815
9366
9672
7907
3976
8541
3976
3971
3976
10153
3976
4228
6110
6987
6110
3663
10958
899
881
653
881
8299
4907
3715
4907
2655
4751
2092
4484
2108
2143
2112
2143
11788
2550
7371
2550
1039
1290
1139
1290
1394
1290
102
7561
2859
2862
965
968
2479
2513
9593
2513
2662
2681
9683
8022
11223
8022
3902
8473
8103
11212
379
581
9776
9283
8139
9283
3753
5976
3741
5976
10804
10795
7489
10795
8874
10795
3925
10012
9585
7796
2232
7796
4866
7796
9584
7796
479
480
9728
8719
8875
8719
9718
8719
4121
11440
8420
8225
3966
8225
7592
2064
2517
2735
1529
1530
2541
7080
7049
9902
2342
9902
2424
2435
8121
11306
3009
7199
3206
6197
3195
6197
2250
9938
4175
8419
4160
7098
4154
7098
10490
7098
7691
7098
1295
1242
1092
1242
2142
2205
11764
2205
950
951
7499
7496
7499
7496
7498
7496
1961
1916
1643
1916
4745
6360
2456
6360
238
3107
3121
10534
10495
8330
10495
9359
11934
11248
11934
173
364
3614
8374
11193
8773
2008
8116
264
212
3048
4879
3186
4879
3913
3937
144
2627
2654
10637
2654
9150
2654
10115
2654
7034
2414
2413
2414
2816
2813
7360
2813
8615
2813
10652
2813
9153
9104
4205
9891
1464
1463
1084
1463
7958
7944
7440
11728
9345
8830
7496
8830
8906
4451
4375
4383
116
4784
4313
6256
5077
6256
6772
5121
7345
5121
4057
5121
98
8165
11337
11954
8956
11954
8952
11954
11425
11426
921
916
920
916
10579
5937
10577
5937
8144
8954
10373
8954
12003
8954
4999
4997
344
465
9369
8786
11264
8786
10822
8786
4064
4106
4102
4106
4397
10071
117
8934
2484
2524
7802
2524
8535
2524
2485
2524
3951
11428
7481
10277
7481
10277
5189
7840
5189
7840
9280
3791
11142
3791
7948
3791
11867
3791
7468
7982
7467
7982
8772
7982
8750
7982
7999
7982
5077
6104
4410
6104
7324
7313
260
10232
4742
10721
4742
8771
4742
11183
4742
7981
4742
11170
4742
6892
6891
11677
5802
4665
5802
43
11781
4431
11781
4431
11928
8850
7833
11726
166
111
10294
4138
3336
5198
8939
11250
4578
4508
8696
9256
5965
5963
7329
5180
11685
4039
7767
4039
6008
8562
2582
2634
9580
2634
4343
5099
147
193
941
942
937
942
3538
6902
5184
6902
11012
5791
2702
5791
1229
1213
952
1213
1102
1213
3681
4855
3695
4855
11779
9197
3216
4567
10589
6938
9525
6938
3787
3802
3799
3802
9259
11691
5189
7021
5188
7021
11382
7021
3188
3198
1150
1251
957
1251
1388
1251
11901
9360
3952
3963
3602
3963
3183
3180
3138
3180
7307
10590
8127
11308
3059
3099
3058
3099
1145
1249
978
1249
1316
1249
250
10280
11836
159
53
10494
11369
6250
11369
6278
11369
6300
11369
4004
11369
4944
11369
4361
11369
5824
11369
5447
11369
5114
11369
5840
11369
6693
11369
4165
11369
6373
11369
5469
11369
5321
11369
5061
11369
6644
11369
3537
11369
5448
11369
4939
11369
6098
11369
6285
11369
6437
11369
3863
11369
3967
11369
3885
11369
4250
11369
5783
11369
5467
11369
6244
11369
3404
11369
6645
11369
6055
11369
4293
11369
5305
11369
6623
11369
6234
11369
5602
11369
5599
11369
6408
11369
6058
11369
6267
11369
10495
11369
5079
11369
5810
11369
3899
11369
3849
11369
4946
11369
11370
11369
8285
11369
10513
11369
10496
11369
5033
11369
6858
11369
6690
11369
4642
3200
3212
3200
11033
3079
1993
3079
10841
9358
10838
9358
4193
7155
7394
7155
1187
1391
10207
10156
11816
3178
4254
10588
11753
6882
7019
6882
306
0
302
0
127
0
336
0
65
0
352
0
340
0
358
0
348
0
310
0
362
0
326
0
299
0
33
0
36
0
330
0
290
0
365
0
344
0
66
0
316
0
88
0
128
0
354
0
70
0
278
0
320
0
314
0
346
0
281
0
356
0
296
0
67
0
293
0
360
0
312
0
338
0
308
0
342
0
350
0
284
0
324
0
37
0
368
0
18
0
287
0
195
0
69
0
34
0
367
0
332
0
364
0
193
0
53
0
328
0
304
0
19
0
130
0
334
0
83
0
322
0
126
0
68
0
318
0
6777
3357
4748
3357
840
828
588
828
9573
9177
307
242
10300
7991
6896
6661
6415
6661
2133
11693
3783
3782
3767
3782
2433
10459
5138
10459
5098
9844
4331
9844
9075
6940
4553
6940
254
208
3525
4553
11924
8848
11924
8848
3311
5200
1574
1845
1827
1845
1884
1845
4765
11169
5920
4140
4149
4140
9618
4140
7933
4140
10987
5079
10979
5079
1938
1780
1510
1780
8602
7763
9339
11917
2983
7364
4634
10412
3327
10412
9641
8727
9678
8727
8775
8727
11904
4510
7512
4510
1991
4510
10660
10652
1398
1364
992
1364
1276
1364
9234
5178
11601
2237
7378
2237
2236
2237
11932
9739
524
729
389
390
11603
4685
11603
4685
4132
9806
4093
9806
4073
5357
4673
5357
5923
8002
4119
7838
10026
6084
10025
6084
4656
5782
2745
5782
1892
1755
1948
1755
11933
10297
6743
10297
229
4152
9042
3108
7737
8805
3839
9294
3839
2087
3839
8822
3839
2770
4623
11876
11562
8030
11562
7181
6739
5855
6739
2231
4977
2164
4977
11474
2263
11977
11972
1629
1910
1947
1910
1948
1910
444
731
753
731
4279
10522
1068
1366
1315
1366
4290
5343
4274
5343
2970
5744
11921
8747
8818
8747
10750
8747
11909
8747
11281
8911
11787
10632
4885
6042
3121
6042
10084
5055
4007
5055
8754
4804
11927
4804
8020
4804
4461
4804
2623
4403
4631
4403
10491
4403
8268
4403
4235
4403
3727
4403
8270
4403
10492
4403
10501
4403
4641
4403
10504
4403
8281
4403
10510
4403
3689
4403
8289
4403
6412
4403
10489
4403
10962
4403
4666
4403
4615
4403
4027
4403
8283
4403
3703
4403
10964
4403
10972
4403
10493
4403
8266
4403
4587
4403
10499
4403
4639
4403
10500
4403
2181
4403
10511
4403
8298
4403
10498
4403
8272
4403
2679
4403
2347
4403
8274
4403
10967
4403
2748
4403
2728
4403
2428
4403
3757
4403
10512
4403
10965
4403
2261
4403
8297
4403
3677
4403
3770
4403
10497
4403
2437
4403
8273
4403
10509
4403
2561
4403
4663
4403
11733
4403
2226
4403
8295
4403
11740
4403
10970
4403
2644
4403
3997
4403
8296
4403
10487
4403
8287
4403
552
690
745
690
443
690
2301
6806
214
141
2640
4533
4217
9084
3881
3906
3905
3906
8859
8828
8037
8828
4521
5839
10591
5839
11753
6358
7186
6358
3702
4899
3711
4899
40
7572
1230
949
943
949
4760
7476
2072
7476
4332
10475
154
2839
2871
2838
2871
7832
7078
5021
6844
7189
6844
11476
3343
8597
3343
3344
3343
8600
3343
11869
3744
3759
3744
7938
3744
7939
3744
2078
9940
8659
3055
3051
3055
7489
7100
4890
9882
5155
9882
8410
9882
7072
9882
11625
9882
7851
7179
7918
7179
3003
6177
1989
5906
8103
5906
1986
5906
1987
5906
1988
5906
1331
1140
11584
9661
5902
9661
9353
9661
3876
11838
10271
11838
1166
1078
2634
2692
7379
3214
3213
3214
3471
3444
3470
3444
5190
3444
3304
3444
2456
5405
7035
5405
9113
5645
11402
5645
4877
5009
3186
5009
1451
1448
1165
1448
748
792
862
792
3916
4936
5000
9303
5997
5996
309
8846
10775
9160
7776
6971
5593
2548
5593
4154
8992
5101
8992
6956
11115
10672
11115
9668
11115
10187
11115
10259
11115
10070
9051
9515
9051
11780
5214
1051
1052
2695
2701
2495
2548
3290
6506
7193
6506
1015
1016
7019
5444
11455
5444
3385
3405
9592
3405
7880
3405
10179
3405
4468
4669
3641
3645
7914
3645
11479
4504
2132
6136
4184
8447
1305
1373
1169
1373
967
1373
1184
1115
1130
1115
3271
7207
4002
3996
7868
3996
11501
2321
2215
2321
7161
11969
9434
11969
8396
6209
9079
6209
5
328
12010
10641
7343
6031
3124
6031
5941
9001
4649
9001
8795
11592
3525
6439
8029
3593
11552
3593
11886
3593
10777
3593
8684
10183
11965
11315
8133
11315
10250
7437
11470
7437
10736
7437
11536
7437
10973
10960
3231
10960
11808
6108
11808
6108
54
56
8109
10338
3320
9136
2507
2618
4699
5566
4549
5566
7168
6051
4889
6051
2278
5482
2363
5482
10265
11830
10278
11830
3109
3107
4884
3107
3513
3515
7179
3515
4197
4258
8442
9506
10592
9506
2290
2398
2335
2398
1040
1041
9430
10864
9442
9439
2494
2611
11059
11042
3597
3625
3624
3625
11931
4810
7070
9108
7788
9108
8500
9108
4209
8427
11307
8090
2464
7463
343
1014
9184
2528
10623
2528
2488
2528
7132
2528
2403
2380
4976
2380
7964
7912
8798
7912
7411
7912
8021
7912
11834
7912
11528
8918
1670
1671
1612
1671
11782
9209
7372
9209
4867
9209
5088
9031
11756
9031
10851
11525
4516
11525
11311
11525
8503
3566
9555
3566
8044
10759
4724
8571
2098
8571
643
564
396
564
3453
3482
6159
3482
3517
11663
9535
5107
9533
5107
5500
5515
6137
5515
3324
10062
5626
5625
2203
2276
7739
6303
9093
6303
7342
7114
1761
1767
1668
1669
1619
1669
1056
1135
2429
9018
2448
9018
4332
4720
3906
10074
115
8931
5951
2521
9237
2521
10184
2521
8652
2521
288
8517
9119
4570
9119
6103
9119
3918
3926
7937
3926
11418
9008
11419
9008
7846
7822
4333
9990
8567
3393
4488
3393
3381
3393
9197
3393
3793
3794
3784
3794
10592
6101
8423
6101
2623
6894
2225
4434
2225
4434
9182
2708
2697
2708
10113
2708
9196
2708
1035
1036
2322
2348
3595
3605
3594
3605
11328
9416
3001
3017
2601
2631
2630
2631
10671
5889
441
695
8950
10872
9769
10872
10875
10872
4213
6092
8038
5926
6414
5794
4624
5794
9250
9233
4074
5393
4045
5393
4166
11658
7212
11658
4437
11658
5179
11658
6095
11658
2449
11658
4007
11658
2279
11658
10541
11658
4182
11658
5512
11658
10041
11658
3835
11658
10082
11658
2547
11658
3370
11658
4381
11658
3579
11658
2361
11658
7166
11658
3508
11658
3460
11658
7950
8668
10216
8668
7979
8668
7533
7024
2027
7024
8933
7024
7760
2968
3289
9465
2823
9465
4062
11534
6035
6789
3100
6789
2539
5605
3369
5605
7294
8275
3147
5017
10299
11557
9351
11557
3860
3889
4374
6253
4312
6253
9554
7787
1078
1446
1448
1446
3620
9092
7212
6233
3658
6233
9036
8259
37
1714
7029
10167
11151
11124
7395
7888
3472
5695
3507
5695
4538
4635
8780
4635
7037
4635
11557
4635
67
522
392
395
3562
9789
4686
9789
6022
5270
7228
5270
2286
2287
2245
2287
10099
11656
9152
11656
4497
11656
11695
11656
3411
11656
4933
11656
8483
11656
6445
11656
10108
11656
10101
11656
11756
11656
5430
11656
6473
11656
8507
11656
2358
11656
3288
11656
7320
11656
7767
11656
2271
11656
9140
11656
4467
11656
2822
11656
2179
11656
2426
11656
8509
11656
7313
11656
4936
11656
2348
11656
11692
11656
8496
11656
7139
11656
9137
11656
11759
11656
7775
11656
2523
3366
10172
3124
3116
3124
7378
5946
7947
9253
4396
8371
7454
4190
7985
4190
11153
4190
284
584
3746
4919
3771
4919
3534
6465
5185
6465
1292
1348
1429
1348
8434
5315
8447
5315
1020
1021
9593
2598
2571
2598
10565
6119
10559
6119
2626
2651
10491
6990
4641
6990
10504
6990
8281
6990
8289
6990
10499
6990
2181
6990
10511
6990
8298
6990
10498
6990
2679
6990
2728
6990
2428
6990
3757
6990
8273
6990
2561
6990
2226
6990
11740
6990
2618
6990
2644
6990
3997
6990
8296
6990
4938
7660
3978
7660
2244
2411
2412
2411
7314
9101
1732
1818
1741
1818
4623
9894
3292
9894
5989
7117
7373
7117
5987
7117
8703
7941
7413
7941
7414
7941
3238
6018
10874
11324
9612
2580
2628
2580
2216
2328
2326
2328
359
1034
11414
8497
4403
4454
3685
3695
8163
4781
9530
10538
8753
3270
4722
3270
8553
6416
7864
6416
4083
5124
7197
5366
4132
5366
1040
1043
3942
3946
3928
3946
1306
1382
981
1382
1316
1382
11751
3315
5957
3315
7930
3315
11133
3315
11330
8951
9356
8821
8850
8821
9368
8821
8370
8984
3868
8984
2594
5557
8756
10227
10730
10227
9289
10227
11652
5865
8758
7932
3802
3816
764
736
822
736
10044
6716
9520
6716
1536
1539
7736
6173
1892
1940
1947
1940
187
189
10212
4754
4742
4754
7444
4353
9279
4353
4544
8797
4300
11731
2828
4713
7334
4481
7423
11149
1392
1371
1006
1371
153
105
41
7564
4973
10612
2664
2684
4133
5130
4101
5130
6766
6765
10622
3557
3558
3557
3429
3557
7787
3557
3667
4849
3675
4849
9225
3865
3846
3865
10156
3865
10193
3865
11263
8040
4577
8040
7506
8040
9548
11037
9548
11037
2666
5816
2656
5816
9145
11686
3573
9489
8380
9489
11717
11349
6759
4973
5990
4973
7047
4973
7888
4973
11477
11843
7864
9558
4537
9186
7577
2061
4641
10388
2347
10388
11500
7050
3118
3130
6031
3130
805
874
515
874
7585
11311
7343
3150
4880
3150
4881
3150
4882
3150
9724
7487
2911
7030
3420
3543
3438
6489
9105
6489
1928
1832
1621
1832
1707
1832
8696
11587
10218
10691
9424
9765
9422
9765
2044
9765
8129
9765
1703
1704
1497
1704
1088
1120
10664
11688
11122
11688
11123
11688
5227
6558
2895
6558
4611
7372
3246
6186
5252
6186
634
904
907
904
4639
5494
2748
5494
10748
4829
11479
8942
2010
8942
6752
8942
2442
5150
7225
5150
8941
9716
8651
9173
7039
5543
4514
5543
4510
8898
1602
1808
1861
1808
3107
4603
11500
10702
3553
4734
4309
4333
4317
4333
9725
8880
8031
4986
7455
4986
10713
7952
3493
3494
10750
10247
11563
10247
9052
11431
10180
4420
2578
2642
9742
10322
5576
6674
3451
6674
119
8941
5202
6499
8388
6499
1278
1134
330
1553
11550
7497
9390
7497
11527
7497
11223
11215
1067
1121
2751
8660
9261
8660
8789
8660
3913
3936
2128
10548
7537
8117
9656
10701
5913
10701
2741
5504
4705
5504
305
304
10474
4444
2184
2183
11794
2183
9124
6196
9128
6196
5670
5669
2947
2960
2946
2960
9956
4009
3964
4009
7971
7951
1172
1143
10342
10321
9391
10321
10636
4214
4210
4214
2578
2641
272
3523
4593
3931
7259
8473
7259
9540
9910
10594
9910
11575
8888
11304
8888
2398
7014
7741
6257
4391
6257
664
622
668
622
11132
4996
8719
9243
5918
5936
4764
5936
8480
5936
7764
5936
10305
10692
10717
10692
11240
10692
8786
10692
607
713
719
713
425
713
26
27
1727
1835
1861
1835
1600
1835
483
484
6154
4645
9665
7371
8676
7371
8706
7371
10261
7371
11177
7371
6812
3504
6813
3504
5200
3504
3663
3669
7316
4405
11793
4405
4394
4405
1101
1188
1173
1480
7359
6009
7539
11556
7541
11556
8074
11556
1690
1691
1540
1691
2758
2775
2761
2775
9086
6243
9089
6243
412
413
10238
11558
11861
11558
10270
8024
10964
7668
3677
7668
2561
7668
1483
1490
1489
1490
9105
6910
9103
6910
7853
3810
3808
3810
832
735
662
735
2769
10014
2467
4625
7945
2759
6761
2759
10713
2759
4870
2759
7993
2759
8698
9257
4033
7275
3977
7275
11857
10276
10479
11657
157
171
1012
1370
1391
1370
3227
3258
8504
4515
7789
4515
7800
4515
8807
8787
8022
8787
1075
1436
1440
1436
4064
4107
4509
4107
10087
11634
10596
11634
1478
1477
1089
1477
11997
2062
4578
8008
11241
8822
10793
8822
11233
8822
183
351
11608
11030
273
1034
1035
2283
2338
11595
9674
4387
9499
4392
9499
7834
10618
11152
7931
2559
5810
2651
5810
4511
4482
11126
4482
3483
10528
244
10380
11696
5258
11406
5258
11542
10398
2872
10398
7303
4566
9539
4566
11038
4566
8540
10611
2531
9196
2807
2864
2773
2864
1070
1136
11854
11842
7380
2412
2285
2412
2626
2652
10281
10237
10177
7880
8491
9102
6160
9102
9149
9102
395
396
389
396
4268
4357
9279
4357
11605
7942
11605
7942
5203
5685
3279
5685
8933
4782
11781
7898
7583
11997
4640
5510
4506
5510
11900
4178
8791
4178
9274
4178
10256
4178
9321
4178
8023
4178
563
687
390
687
395
687
9063
9799
9065
9799
2233
2297
2237
2297
7054
5553
2714
5553
1975
9570
7368
5140
4701
4079
2669
4079
6023
4079
5133
4079
11700
4079
5219
4079
2442
4079
5236
4079
4080
4079
11712
4079
5022
4079
2646
4079
3364
4079
11716
4079
6547
4079
3328
4079
3278
4079
3526
4079
5003
4079
2176
4079
2820
4079
4740
4079
3335
4079
6994
4079
5027
4079
5154
4079
2700
4079
2678
4079
6030
4079
3208
4079
5238
4079
11346
4079
7059
4079
6164
4079
2210
4079
2916
4079
2722
4079
3410
4079
4749
4079
3173
4079
5233
4079
5020
4079
3127
4079
5011
4079
3197
4079
6180
4079
3455
4079
2396
4079
4661
4079
2875
4079
3266
4079
3541
4079
5217
4079
6033
4079
3399
4079
3491
4079
7199
4079
2611
4079
6018
4079
3533
4079
7225
4079
3501
4079
2277
4079
2736
4079
3308
4079
6185
4079
2898
4079
8337
6305
6803
6305
8145
8952
9431
8952
8143
8952
4861
4200
4190
4200
7402
2156
2154
2156
8701
2156
4171
9904
2973
9091
2997
9091
2539
9091
6498
9091
9096
9091
11388
9091
3013
9091
3463
9091
9131
9091
9120
9091
4133
9091
2211
9091
2180
9091
4652
9091
4074
9091
2270
9091
4045
9091
6167
9091
5511
9091
2457
9091
3369
9091
9116
9091
3210
9091
3274
9091
6028
9091
2698
9091
2320
9091
3488
9091
2453
9091
9117
9091
3438
9091
9114
9091
3184
9091
6193
9091
2740
9091
9105
9091
3542
9091
2876
9091
2956
9091
6178
9091
3253
9091
2869
9091
5104
9091
9122
9091
5499
9091
4101
9091
11702
9091
9103
9091
2814
9091
5622
9091
2369
9091
4758
9091
3244
9091
6410
9091
6175
9091
3232
9091
2600
9091
6439
9091
9119
9091
2684
9091
9102
9091
9126
9091
2425
9091
3356
9091
3162
9091
1159
1471
1475
1471
2336
7000
276
347
1020
7310
2588
11486
2588
10098
2588
1495
1912
1924
1912
1703
1912
11722
11036
3680
3685
3671
3685
8553
8487
10291
8030
10303
8030
4059
6978
6387
11687
4704
11687
3694
11687
4371
11687
3726
11687
11761
11687
8443
11687
4402
11687
10587
11687
6802
11687
4630
11687
4592
11687
3712
11687
4551
11687
8445
11687
10578
11687
8411
11687
7974
3510
2422
2459
5931
11588
2980
11588
10724
11588
7983
11588
4277
8372
22
224
3427
3553
3547
3553
3054
3140
3053
3140
918
908
830
908
28
11269
7430
7040
8712
2475
10192
2475
9265
2475
8131
10871
4781
10871
11184
11586
4508
11586
4025
9978
3519
3533
3728
4906
3714
4906
3472
6904
5197
6904
4209
6091
3777
3804
3794
3804
3377
3403
4283
10000
9156
11038
7508
8050
10247
5899
8630
4839
7195
4839
11812
4839
11811
4839
3975
3977
3625
3623
3606
3623
453
696
8946
8932
11477
10263
10543
5533
10548
5533
10673
2522
10676
2522
10196
2522
8654
2522
8807
7984
11499
7984
8776
7984
159
6748
7821
2567
5804
2653
5804
2404
5403
2438
5403
11097
4055
2296
4055
3375
4744
4346
4343
7871
4343
4388
6102
11731
6102
401
658
693
658
4691
6570
5741
6570
9331
9305
3228
7797
4877
7797
8362
3899
8350
3899
384
387
3780
5977
3774
5977
7784
2632
3388
5623
6147
8564
4169
6799
9531
6799
7484
11837
8511
8476
3708
3713
3698
3713
9611
3481
11851
3481
10290
3481
7991
3481
10704
3481
4092
9950
2491
3353
11109
3353
3743
3754
184
11815
8572
3592
8572
9211
8572
11344
5973
4843
5973
8305
6854
8336
6854
9721
11249
9727
11249
7432
9266
82
8100
8492
11043
3061
4816
5887
4816
7731
8179
2883
8179
3322
10061
8516
2388
2239
2388
357
1040
3938
9834
1988
8078
6179
6930
2993
6930
5660
5849
4711
5849
10882
11982
10881
11982
10886
11982
11335
11982
10880
11982
10878
11982
10374
11982
334
1556
8637
9215
693
667
562
667
580
667
4083
4130
446
691
753
691
779
691
3090
6052
4891
6052
2365
5481
2276
5481
7159
5713
2878
5713
8767
8737
8767
8737
9529
5754
4687
5754
4296
5353
7223
5353
278
378
8079
9729
2052
9729
8147
9729
9746
9729
2173
2227
9378
9370
988
1365
1400
1365
4933
3973
7775
3973
7885
11662
2494
2612
296
389
456
730
754
730
8743
10684
3630
7828
2762
4557
9412
6749
2041
6749
9203
9032
10264
4865
8343
6293
4366
6293
3848
3849
3831
3849
3154
7747
2095
7911
11365
9052
3822
3829
7754
7727
8463
7727
6176
7727
651
678
710
678
7126
6370
2374
6370
9071
6729
8381
6729
2689
2702
2370
5420
2346
5420
8643
7848
5024
6215
11711
6215
4395
8364
8789
8763
390
391
11883
2247
9679
2247
11196
2247
10774
2247
5924
2247
11208
2247
4783
9749
8718
10642
4086
10642
9620
10642
10210
10642
6033
6032
4150
5986
11830
9293
4328
5333
5332
5333
2995
5734
2942
5734
2215
2322
2327
2322
4225
4150
11118
4150
8303
9002
9984
9002
8345
9002
10284
11211
693
689
398
689
402
689
11924
8838
11566
8838
2545
5603
7151
5603
11854
4543
2553
2691
7922
2691
8665
2691
4556
2691
7449
6950
5828
5829
11672
5829
11990
8155
10489
9854
4587
9854
4762
3420
3395
3420
4413
6266
4383
6266
1949
1942
1395
1289
991
1289
1276
1289
7987
4494
8737
4494
11718
6834
8386
6834
4858
3986
3940
3986
10691
3986
9591
3986
740
814
833
814
4263
9930
4521
9930
10557
9930
3861
9930
4723
9930
2742
9930
7039
9930
4129
9930
4932
9930
3828
9930
4024
9930
7007
9930
3561
9930
4362
9930
4297
9930
4386
9930
11741
9930
4005
9930
4573
9930
10558
9930
4327
9930
2544
9930
3778
9930
3999
9930
10584
9930
4514
9930
4413
9930
10591
9930
3965
9930
3722
9930
11737
9930
4228
9930
4706
9930
3762
9930
4712
9930
11719
9930
3753
9930
7160
9930
4950
9930
4032
9930
6987
9930
9976
9930
3368
9930
4560
9930
3818
9930
10586
9930
3851
9930
7026
9930
4610
9930
4753
9930
4581
9930
2585
9930
11482
9930
11760
9930
9127
9930
2704
9930
3741
9930
4383
9930
3889
9930
4605
9930
4659
9930
4029
9930
6980
9930
10561
9930
4355
9930
2362
9930
10564
9930
3736
3734
3724
3734
3275
3333
2378
11411
4528
3603
7442
3603
4527
3603
10189
3603
3852
8991
9306
11593
8777
11593
4829
11593
3996
4017
463
464
79
7571
2388
4605
11921
11563
1548
1549
7072
11625
3339
3434
966
967
2795
2872
8142
8114
1977
4794
4259
4393
4310
4393
8274
4926
10512
4926
314
1527
4288
10968
2357
9881
3719
3720
3713
3720
4264
9924
6018
6820
6185
6820
9677
9662
3108
11439
3066
4889
2172
6126
10641
2074
8149
2007
2222
5434
2189
5434
4114
10521
2568
9449
4627
9449
1186
1114
1129
1114
8505
8463
8456
6041
8394
6041
7030
10631
11881
8912
9392
8912
8738
7918
3302
7918
5175
6429
3365
6429
1331
1141
9118
5720
9109
5720
7501
10708
2929
9146
10252
7427
10232
7427
9378
7427
8887
7427
11183
7427
11170
7427
7091
7090
7092
7090
8100
10348
4155
9126
7457
3919
3894
3919
3588
10580
11301
10328
11296
10328
10847
10328
11174
7447
8659
3190
3187
3190
4741
6449
3583
6449
4382
11739
4090
4124
10185
10651
4284
4366
8486
10598
10957
10411
929
1152
935
1152
1186
1116
928
1116
1930
1842
1592
1842
1729
1842
11878
8001
11185
8001
10801
11224
10798
11224
2134
11692
11977
9429
11108
6146
4319
8437
3633
3635
3659
3635
2635
5781
2747
5781
2192
5454
11433
5454
7829
2538
9184
2538
7148
2538
10623
2538
7814
2538
10615
2538
1014
1015
4935
8207
8411
8207
7549
11979
9436
11979
2004
11979
1491
1752
1505
1752
1496
1752
2696
9041
7460
5919
4822
5919
6124
2167
6125
2167
8587
5190
4307
4315
1172
1267
1444
1438
1193
1438
1583
1584
1083
1178
1459
1178
4217
4270
177
355
9978
4946
7183
4946
2212
6881
10072
6881
10043
6924
2920
6924
7023
5635
4734
5635
4864
7992
10745
7992
2542
6662
3359
6662
4415
9820
3769
3781
7974
3454
6003
3454
11481
3454
9638
3454
7344
4695
6166
4695
1824
1885
1951
1885
8047
10287
30
632
8022
8776
2726
2745
11331
10874
8045
8796
4473
9818
11006
9818
2599
5792
2702
5792
9152
6901
10595
6901
4219
6094
5183
7022
3787
3801
3799
3801
8040
7473
3386
4675
4674
4675
7295
4675
352
481
165
7840
5188
10253
10226
9145
7225
6142
5556
11715
5556
9083
5089
4329
5089
9297
4268
11898
4268
9292
4268
8746
4268
9307
4268
401
580
2247
11829
10568
6717
9520
6717
3169
7719
3802
3817
8338
10423
8388
10423
2127
10072
10696
11794
4727
11794
11517
11794
7954
11794
190
345
532
891
897
891
9273
3792
2084
3792
9636
3792
8778
7981
7347
7824
11093
9187
2498
2540
11514
5801
2714
5801
10258
2153
8815
2153
5922
2153
9320
2153
2697
6892
2554
6892
3546
4741
11300
10330
2078
10578
3183
3188
3140
3188
8857
10769
3383
4432
3550
3556
3085
3089
8481
10600
9154
10600
7776
10600
6971
5817
4751
5817
9202
8561
1123
1250
964
1250
1169
1250
1043
1139
3247
6187
5251
6187
3150
7189
5208
9892
3290
9892
11537
7920
642
793
1743
1958
1765
1958
10006
5718
3279
5718
2531
11494
1762
1935
1546
1935
11893
11204
9762
7088
10861
7088
11958
10350
8126
10350
8115
10350
360
1606
11655
4452
11647
4452
8264
4452
11596
10710
6772
5122
4435
2133
2110
2133
10639
2133
2111
2133
3666
10485
7516
7486
301
950
1076
1077
1886
1947
1885
1947
7700
9901
3577
9901
777
827
518
827
3957
9094
7586
1996
3699
3718
3709
3718
354
488
2388
10970
11403
11404
9669
10246
5253
6818
7027
6818
3898
7245
3884
7245
3120
3122
3109
3122
478
479
1989
9717
2172
2219
2472
4987
10654
4987
7878
4987
9255
4987
465
466
9967
8235
9057
8235
9627
11561
7413
11561
6774
2725
7352
2725
10624
2725
9172
2725
9187
2725
1555
1817
1867
1817
1686
1817
2638
4659
11005
5065
11003
5065
8943
11307
5882
11307
11954
11307
2380
2425
4341
11413
10207
10193
3465
3583
2863
9928
4502
9928
3624
11591
6744
8021
11220
8021
3001
3016
772
816
827
816
7724
10011
10892
9417
11568
9417
6746
6948
9578
6948
1041
1291
1394
1291
3423
3418
3395
3418
11496
2000
2200
2273
3918
3927
3928
3927
3062
3065
3091
3065
2889
8982
4536
8982
11249
11213
4063
4049
8724
4049
2768
8313
2669
5583
2611
5583
1393
1429
997
1429
1336
1429
11094
7786
6159
7786
3452
7786
7022
7786
10778
9671
10305
10785
4151
4148
4105
4148
192
90
4484
7934
3182
5016
11927
8840
165
19
2525
4752
80
7562
1498
1499
4753
5418
11482
5418
9279
11464
5154
6368
9145
6368
7868
7850
11793
10614
3133
11427
2859
2861
2664
2682
10876
5927
8072
5927
7540
5927
2044
8944
9423
8944
9768
8944
7224
8944
5575
6671
5627
6671
11593
5947
7366
7830
3272
7830
6763
7830
2524
3367
8740
2286
9646
2286
7380
2286
2214
10469
4693
10469
1615
1616
1464
1459
1162
1459
3133
4732
10255
10704
11410
10704
2717
5501
6136
5501
2341
11370
2447
11370
11745
11727
10954
4441
3469
3492
4091
4128
385
565
564
565
7969
7954
7549
10723
11987
10723
2033
10324
10334
10324
8920
10324
3114
7165
11115
10166
2206
11764
2165
11764
2639
2644
10636
4211
4210
4211
3993
4029
11928
9368
4862
7419
6750
7419
2160
7419
7573
8098
3932
3947
3946
3947
4075
5367
4094
5367
2387
2390
8868
7011
7488
7011
8302
6417
2616
6417
7518
8080
4456
8080
11051
11041
11047
11041
4392
8199
4379
8199
3013
6928
9131
6928
7117
7116
7117
7116
3446
3501
2158
7374
10637
10115
2965
7773
6172
7773
9186
7773
8808
11170
2642
5492
2574
5492
10517
9948
10024
9948
10127
8496
7326
8496
2436
2445
1676
1792
1558
1792
1686
1792
1861
1807
1672
1807
1603
1807
8568
7777
3864
3879
3880
3879
2928
7362
8677
5997
11805
5997
7962
5997
2100
5997
8320
8285
3985
8285
6781
6779
3980
4937
4691
6568
2998
6568
4120
4121
4082
4121
8672
10654
11600
11755
1942
1741
7578
10813
4575
10414
2658
10414
1072
1383
1228
1383
8137
11944
11957
11944
11267
11944
7542
11944
10262
8004
789
836
514
836
157
369
10515
5784
10516
5784
4075
5383
4042
5383
4950
6082
11760
6082
2212
5451
2276
5451
396
694
387
694
382
694
8843
11206
11235
11206
2462
11206
1676
1851
1554
1851
1867
1851
153
130
3005
9044
1620
1621
2042
9755
158
5879
3960
3997
11946
8048
11274
8048
149
3638
7206
5897
10205
4801
10205
11862
10205
1000
1284
1393
1284
944
945
10239
7436
7164
10435
2749
10435
107
8149
11423
6507
3331
6507
2415
7038
2586
6884
7012
6884
9574
9163
4537
6921
2965
6921
6172
6921
11287
11956
10346
11956
8920
11956
11308
11956
3776
3784
3760
3784
2481
3383
3384
3383
3324
9980
660
809
765
809
5626
3451
4784
7509
6024
11406
11701
11406
6192
9842
5249
9842
2504
2495
2477
2495
7140
7139
11726
7139
2126
6137
4244
8446
4300
9998
1338
1245
1262
1245
1016
1245
2420
8426
142
7574
3447
3508
10382
11150
7154
11408
3040
3039
3003
3039
10255
3431
11848
3431
11830
3431
10746
3431
11825
3431
583
811
828
811
7367
3138
4424
3138
7869
3138
3052
3138
11143
4791
7529
8111
9406
8111
3167
6842
6029
6842
11330
8129
7790
5855
1030
1286
1310
1286
2605
2590
2570
2590
10629
9137
7337
9137
2674
5567
7139
5567
7068
6998
7306
6998
11040
6998
10963
3742
3718
3742
7482
8028
8356
9507
9049
9507
2331
9884
10544
9884
3059
3106
3104
3106
7069
9921
4515
9921
2768
6163
2016
11986
7556
11986
2017
11986
8162
11986
5877
11986
7558
11986
2018
11986
2019
11986
4059
6980
2166
11455
4964
4963
11352
11350
11351
11350
2722
5508
2736
5508
6957
4099
7345
4099
5122
4099
11238
11208
372
585
4174
4180
3795
5039
3815
5039
6131
5431
2223
5431
1976
1977
7597
2071
3998
10524
4186
4198
1602
1603
6953
9568
11533
5138
2203
2277
10989
9779
4636
9779
393
394
3821
3855
3853
3855
7681
8223
8672
7878
10253
4802
8628
10634
7733
6044
3128
6044
1535
1540
1539
1540
3517
3567
8910
6755
7101
6755
2970
5742
1484
1485
4229
5106
6976
5106
3855
9082
8693
7900
3785
10530
2056
10378
10143
9176
3353
3356
11696
5260
3257
5260
8590
5212
1247
1347
1284
1347
2811
4502
3038
10400
6181
10400
5179
6455
10041
6455
4725
5442
6139
5442
3636
8361
7461
8010
4569
9479
4292
9479
2896
5731
4568
5731
894
893
530
893
1645
1917
1925
1917
11591
10620
805
523
268
2321
2340
11200
11195
11121
10157
5188
11485
2565
5808
7200
5808
3706
8269
194
334
5167
2694
10110
2694
2582
2694
7826
2694
2281
2309
2632
9851
4627
9851
2617
9807
4756
9807
11695
5356
10092
5356
11865
3212
11162
3212
11194
3212
11558
3212
3010
3260
4432
7295
179
361
558
560
797
560
10316
10296
11571
10296
6004
3442
3311
3442
3500
3442
5187
3442
2205
4491
4221
11732
7714
6831
7201
6831
838
818
775
818
3559
7670
3529
7670
11869
3731
11130
3731
7923
3731
7939
3731
2154
2236
2247
2236
10067
6908
10064
6908
7810
11395
8758
8726
69
497
4238
8994
460
461
3800
3808
3791
3808
11172
8746
340
459
9722
11432
7497
11432
2789
2795
2840
2795
483
486
3478
3484
6964
7809
3881
3907
3903
3907
3744
3751
3731
3751
6039
6851
3102
6851
5142
6807
2427
6807
1822
1864
1525
1864
10659
4976
2232
4976
9584
4976
2441
9908
2392
9908
11358
8890
9379
8890
7751
10064
7302
10064
7749
10064
11858
10735
2955
7736
4665
9831
7096
9831
7113
7112
6113
9455
7038
9455
1758
1768
2947
2958
2946
2958
10093
5484
2208
5484
2142
2203
10617
2203
9560
2203
9177
2203
2917
5751
2897
5751
8078
5907
6177
6176
362
1613
1526
1775
1698
1775
4421
10862
8942
10862
5905
10862
931
1119
1117
1119
935
1119
4279
11785
7417
10681
8335
10513
9978
10513
4822
8658
3576
6479
5192
6479
3599
10143
2795
10550
10791
7477
9411
11312
5900
7914
8801
7914
11181
7914
7445
7914
2170
7203
6993
5760
3033
5760
537
911
912
911
2532
7958
6446
6688
5625
6688
8541
3975
3948
3975
367
515
8124
8072
11479
8072
4306
8423
2901
2914
4188
10561
327
990
8661
2477
2474
2477
10192
2477
2478
2477
11476
8600
11476
8600
3035
5231
8109
9391
11581
4883
8349
11435
10017
11435
3538
11435
5206
11435
2308
11435
6096
11435
5572
11435
2673
11435
6097
11435
3330
11435
4590
11435
4702
11435
4373
11435
8342
11435
8351
11435
3917
11435
5500
11435
4595
11435
7187
11435
4181
11435
4037
11435
5210
11435
4949
11435
6446
11435
6129
11435
5184
11435
5142
11435
4168
11435
6411
11435
7698
11435
6414
11435
4526
11435
7699
11435
3439
11435
3990
11435
4417
11435
6138
11435
4739
11435
5102
11435
5674
11435
5429
11435
6389
11435
5123
11435
4624
11435
8373
11435
7701
11435
3935
11435
5211
11435
5121
11435
3566
11435
5625
11435
8371
11435
3504
11435
4055
11435
4366
11435
4937
11435
6137
11435
5103
11435
5174
11435
2427
11435
11372
5308
4182
5308
8799
8769
8625
8578
3913
8330
6096
6860
8342
6860
9657
9622
2810
2809
7804
2809
10256
9307
8023
9307
4081
9964
3775
3760
3759
3760
11137
3760
7938
3760
2186
7795
10806
10796
4372
4379
10819
8874
7703
6552
4628
6552
3740
5975
3755
5975
31
963
11976
9402
10864
9402
2094
2112
2090
2112
11397
11629
615
780
6024
3231
2517
2736
3618
9532
3570
8226
10048
8226
2242
4057
3293
3308
3798
8246
4110
8970
7795
9552
125
628
2233
2295
2235
2295
2211
9860
2270
9860
11681
6622
2745
6622
1676
1791
1557
1791
7034
7309
11722
3251
9138
3251
793
627
4297
6307
6987
6307
11689
7694
3441
6964
3459
6532
3435
6532
11594
10235
10049
7236
8379
7236
9526
7236
9523
7236
9076
7236
7718
7236
8444
7236
3090
7236
2905
7236
10067
7236
9077
7236
10589
7236
9525
7236
8383
7236
5970
7236
2732
7236
9519
7236
9527
7236
9071
7236
9522
7236
8381
7236
9074
7236
10582
7236
10505
7236
10570
7236
9528
7236
8382
7236
9521
7236
9072
7236
3573
7236
10568
7236
9524
7236
10044
7236
8396
7236
10046
7236
7288
7236
9079
7236
10576
7236
10069
7236
3081
7236
8395
7236
4891
7236
6039
7236
4844
7236
3102
7236
7721
7236
10045
7236
7728
7236
8397
7236
8290
7236
8377
7236
10047
7236
11643
7236
9520
7236
7735
7236
7726
7236
7737
7236
6416
7236
3258
7236
7727
7236
10064
7236
9070
7236
8398
7236
8380
7236
10078
7236
3083
7236
1406
1263
1266
1263
4342
4355
4148
5103
8426
4043
5389
4043
5511
6402
2740
6402
2643
2670
3280
5687
4579
5687
5960
5959
1525
1735
10281
9688
8736
8710
3872
8350
1542
1543
802
593
3219
5251
10349
11300
1424
1339
1020
1339
7374
7340
4860
4164
3647
4164
4253
11735
238
83
1599
1600
3092
3103
2081
3687
11897
3687
8644
3687
3697
3687
8512
8485
3958
3959
7821
3959
10143
3959
2671
6391
4542
6391
2986
3010
3022
3010
1273
1218
1228
1218
1073
1218
7740
7277
3978
7277
10344
10840
10261
11177
10261
11177
8254
7071
7072
7071
1999
4517
10281
8785
10749
8785
10761
8785
4064
4105
4102
4105
8460
6279
10966
6279
10333
10313
4517
10313
11543
10313
3338
10982
187
10197
2900
2783
2900
5964
2900
5963
2900
6025
5284
3163
5284
7382
8614
290
382
2865
2878
2655
4627
6778
9255
1195
1394
1171
1394
11939
11283
10848
11283
555
616
551
616
1975
11377
3073
11377
993
1276
3323
10021
4385
8193
26
322
3682
4856
3694
4856
2518
2574
8151
2012
10006
6541
7708
6541
973
974
10321
11245
7422
3284
3283
3284
7966
3284
191
86
61
7590
1090
1091
1229
1414
1323
1414
1324
1414
950
1414
10147
2436
8558
2436
7796
2436
9185
2436
10383
10199
4022
10080
10191
2206
2149
2206
9189
10098
971
976
975
976
4241
4291
2163
2139
7427
2139
8320
10496
8330
10496
10823
7495
10325
7495
11284
11274
9393
11274
10846
11274
3021
3242
3228
3242
11778
3242
2505
2509
2483
2509
8492
9541
5172
5171
1437
1274
3322
3460
4771
2038
8127
8115
2090
8704
2572
4647
3613
8469
1074
1433
1426
1433
1274
1433
4368
4407
4393
4407
7792
2362
10962
10944
11733
10944
4576
2777
2759
2777
9295
9279
8807
9279
9291
9279
11499
9279
8776
9279
9299
9279
212
8166
11708
8723
11708
8723
2696
8324
4304
4302
4260
4302
4313
6255
11025
6255
3005
5242
3144
3171
806
765
470
765
784
765
1609
1610
2368
5460
11483
5460
887
886
587
886
669
682
712
682
2985
3004
3007
3004
7767
6341
2400
6341
8607
10149
9376
11265
10836
11265
4187
8435
144
126
8566
3637
4859
3637
8544
3637
10633
3637
10618
3637
7693
11541
1162
1084
3886
8205
3866
8205
980
981
3475
10048
4576
7390
8907
11931
4682
11931
202
72
2411
2419
9217
2419
11937
7445
9326
7445
8781
7445
6740
7445
6741
7445
4631
10446
2428
10446
870
609
1821
1952
1534
1952
1797
1952
1539
1952
1546
1952
7568
11276
7841
2374
8616
2374
2757
2773
8660
2773
9643
9638
4724
2116
4430
2116
2097
2116
7372
2116
4867
2116
6994
5637
3533
5637
8057
8813
9334
8813
3637
8414
4062
4093
2707
4697
8749
8654
8707
8654
9663
8654
9056
7286
10306
10285
2792
2830
2827
2830
47
1069
8903
11951
11577
11951
1369
1238
1290
1238
3162
7644
4149
4252
7889
4252
7381
4252
10644
4252
2149
2165
2115
2165
4311
4317
4305
4317
324
434
2940
2954
262
227
9581
8524
9152
5663
10594
5663
1799
1546
1541
1546
6168
2934
2913
2934
9695
2786
856
785
496
662
850
662
600
662
4117
4232
3998
4015
3693
7682
3483
4607
2930
7861
2915
7861
4503
7861
2846
2850
292
938
10203
8634
2541
2562
2509
2562
11849
10223
10753
10223
11585
10223
9651
10223
10717
10223
11165
10223
1173
1281
3587
3663
3661
3663
11516
4468
11342
11254
415
611
303
301
11282
11278
7480
9341
7399
11091
984
985
10745
7425
2367
10426
11401
10426
8420
7273
4015
7273
68
510
5512
6638
7152
6638
9536
10028
1085
1086
8841
4066
10764
4066
9343
4066
8872
4066
8890
4066
2316
10129
8627
10111
3642
4172
4170
4172
2162
2245
8678
2245
7127
2245
10206
9602
9621
9602
8704
9602
4396
8296
762
760
761
760
3153
5292
6786
5292
7481
9332
10772
9332
10277
9332
3268
3301
1228
1272
1275
1272
373
637
4081
10994
9323
10726
6740
10726
8784
10726
9309
10726
10245
10726
11511
7725
9191
11061
307
3269
4579
2003
4768
3158
9070
11700
6217
5022
6217
670
618
663
618
8900
7219
2308
6352
5142
6352
10008
5053
10526
5053
3567
6712
8378
6712
10371
10361
9328
2088
9329
2088
4544
2088
10735
2088
9226
11744
3481
11744
4397
8400
11428
9591
1333
1147
2774
3292
24
2903
2920
68
1622
2126
2189
8305
5301
8359
5301
8573
8530
3469
8378
1656
1852
1958
1852
4142
4241
4239
4241
12006
10269
9441
8157
4767
8157
7911
8620
538
913
915
913
350
1588
7902
2486
2469
2486
8681
2486
4785
11219
7513
11219
4490
6972
4596
6972
1771
1742
3051
3053
3049
3053
11990
7133
7005
7133
12013
7133
2057
7133
2043
7133
12001
7133
2055
7133
5871
7133
1995
7133
4523
7133
11989
7133
11996
7133
11995
7133
1997
7133
12000
7133
11994
7133
2059
7133
1998
7133
7009
7133
2046
7133
2063
7133
2003
7133
2064
7133
11997
7133
2000
7133
2071
7133
4468
7133
4770
7133
12002
7133
11999
7133
3477
7153
2989
3033
2012
7540
183
123
2770
2824
1562
1871
1937
1871
1566
1871
2979
2981
2982
2981
7760
5218
11024
11444
9132
6591
9133
6591
3666
3676
11767
8550
3269
9972
10885
8143
11816
10658
7838
8513
5954
8681
6776
8681
9282
8681
10135
11382
7863
11382
11086
11382
1101
1319
7138
8862
8896
8862
10821
8862
7026
6332
4610
6332
8730
2473
10204
2473
7570
2022
8344
5033
8348
5033
317
972
1797
1559
2689
4555
3217
3218
5009
3218
2994
6602
3015
6602
11782
4867
11782
4867
9723
10746
11389
10746
3620
7745
10026
6070
10013
6070
11505
9217
2352
9217
8639
9217
7897
9217
3273
5676
9101
5676
2136
2719
4715
2719
6961
2719
9709
9352
9711
9352
8880
9352
10308
9712
11887
8735
8076
8064
10846
8064
2300
11182
2300
11182
11989
1994
4979
2225
5869
10890
3943
6068
7740
6068
9613
8692
11398
11399
1153
1388
2291
4636
783
822
782
822
461
822
1614
1619
1618
1619
11704
5696
3458
5696
10065
6169
2920
6169
3143
7167
2061
10888
67
1717
4242
4294
3036
6582
5241
6582
2159
5945
7768
4709
7085
4709
7795
4709
2523
3365
4335
4349
10077
5316
4315
5316
1047
1048
8533
5174
9160
5174
2419
9544
4
337
3551
6466
5185
6466
3217
3220
3242
3220
9596
2992
7936
2992
8648
2992
5005
2992
3391
11489
11803
8701
11803
8701
9236
10117
10135
8548
7863
8548
11086
8548
3702
4853
3695
4853
2793
10660
11919
11199
1070
1321
238
99
1892
1957
1893
1957
1613
1957
11179
3696
3686
3696
3580
9493
4566
9493
1008
1334
1337
1334
9545
2447
11054
2447
11790
2447
4031
10941
2240
4969
4186
8321
3946
3945
3927
3945
11678
5365
6804
5365
1364
1343
1289
1343
5170
6415
9551
6415
7543
7538
3145
3174
3303
3316
11133
3316
8694
3316
2904
5220
1886
1948
1163
1082
4427
3001
11769
3001
10060
3539
6441
3539
11010
3539
4597
6493
5197
6493
7060
7074
7061
7074
11375
8618
2825
8618
4431
8618
7898
8618
3970
11789
10829
10822
10150
3925
3926
3925
8598
3925
4561
11642
9979
11642
2568
11642
2331
11642
10961
11642
10978
11642
10478
11642
9057
11642
3018
11642
2461
11642
2182
11642
10989
11642
3352
11642
10984
11642
8322
11642
10960
11642
10000
11642
2632
11642
5218
11642
11167
2090
11823
2090
11174
2090
11178
2090
3657
5067
7206
5067
999
1336
2381
2427
11113
8611
4992
8611
10169
8611
4993
8611
9229
8611
3206
5281
3233
5281
3065
8398
2902
2918
7905
8528
3571
8380
5194
8380
10597
8380
2007
9415
3595
3606
3594
3606
8873
4833
7155
7872
2775
4599
7356
9169
7039
5539
7007
5539
634
535
5980
10024
4322
4329
12004
4770
11081
9068
7077
9068
10142
9068
9191
11063
8859
5925
5951
2571
10692
2571
7169
3067
4794
3067
1493
1496
11305
1982
7717
6544
9064
6544
8743
11834
4644
9466
2461
9466
2775
3281
8877
10787
2781
9582
5962
9582
5961
9582
10246
9582
1413
1170
1127
1170
10811
11857
11498
5606
4752
5606
9536
8276
9051
8276
8843
11887
11235
11887
2462
11887
2293
10030
2699
6640
2633
6640
4345
10487
168
68
1608
1609
11778
3254
1456
1451
1164
1451
1625
1707
3382
3389
3405
3389
1741
1692
6962
6961
3025
7691
11549
9123
8581
9123
8498
9123
8134
9766
8621
11093
7876
11093
8620
11093
674
888
893
888
7817
6185
5012
6185
4650
6185
11337
10372
10892
10372
2412
4470
2245
4470
1375
1279
1376
1279
7551
5893
10890
5893
9438
11977
2054
11977
10378
11977
7500
9715
2815
2848
4986
4985
419
420
10560
8237
4630
8237
3224
5254
7299
7702
11030
5389
9255
9229
2708
2727
3361
10952
2614
10952
4144
11759
8657
4161
3646
4161
4381
6249
11731
6249
282
280
3877
3893
3858
3893
2487
7322
5970
6793
4891
6793
2176
6394
2210
6394
3888
7247
9082
7247
7718
5866
7727
5866
602
720
646
720
11654
7227
5026
6229
11439
6229
4739
6715
3566
6715
3802
3815
435
436
11357
8263
11736
10932
11761
10932
2726
2747
2909
2911
7982
2911
9667
9249
4995
9249
9648
9249
3981
10564
369
1071
10337
9394
3486
9793
3560
9793
4472
5234
7362
5234
2858
2828
7311
2828
4226
11459
2188
11459
4313
11459
3900
11459
10555
11459
5992
11459
11013
11459
2599
11459
11019
11459
4473
11459
10556
11459
10997
11459
3400
11459
10553
11459
11027
11459
11012
11459
4617
11459
6992
11459
10554
11459
11456
11459
5097
11459
3575
11459
5077
11459
11000
11459
11014
11459
2267
11459
3933
11459
2360
11459
11026
11459
10998
11459
10999
11459
11018
11459
2666
11459
11023
11459
3870
11459
11021
11459
2738
11459
11007
11459
3358
11459
7722
11459
11005
11459
4034
11459
11679
11459
11003
11459
3568
11459
2546
11459
2656
11459
4410
11459
11006
11459
11022
11459
11017
11459
11025
11459
11008
11459
5399
11459
8425
11459
11460
11459
11004
11459
3555
11459
4016
11459
7048
11459
11029
11459
2702
11459
6094
11459
2309
11459
2719
11459
11002
11459
3774
4923
3755
4923
3343
4677
4933
7612
4936
7612
3854
3866
2431
6123
10003
6123
4159
9961
2754
6766
4872
6766
7988
6766
11864
6766
4457
6766
8759
6766
8895
8871
11546
8871
6896
5815
2563
5815
8001
9640
8001
9640
323
979
3203
3234
11176
7388
3490
10050
10147
9185
10147
9185
8925
11543
11228
11862
9354
11862
46
1165
11189
10737
2768
2821
2980
2984
7912
2984
2366
5458
2264
5458
10860
7522
8102
7522
8111
7522
320
431
3187
5013
10119
4282
11079
4282
11776
4282
6108
4282
7824
4282
7589
12002
6595
6594
10081
5056
10084
5056
7214
7632
51
1066
328
1550
11578
9299
2789
2797
2798
2797
8781
8684
6740
8684
6741
8684
7213
3905
3882
3905
585
530
3358
5589
2546
5589
854
849
599
849
10988
6805
8376
6805
3995
10572
297
295
923
877
543
877
43
318
3317
3458
9213
11086
11461
10476
7483
7475
9716
7475
2039
2040
7221
11637
4061
4673
4694
6213
8462
6213
5917
3056
3094
3056
10668
3056
4816
3056
4072
9457
11534
9457
2562
10078
11947
11538
8108
11538
2008
5905
8085
8061
9393
8061
11270
8061
7020
6443
3560
6443
11131
10179
9309
3589
11190
3589
4804
3589
9167
10100
1158
1089
11224
11536
218
7588
7476
10155
10219
3304
3310
3304
4296
7156
3786
7156
7190
7156
3931
7156
3898
7156
8454
7156
9953
7156
8460
7156
4071
7156
8467
7156
4095
7156
8267
7156
9954
7156
4230
7156
10085
7156
3884
7156
3834
7156
8471
7156
3833
7156
10088
7156
3867
7156
7223
7156
8473
7156
9544
7156
8276
7156
3843
7156
912
907
633
907
293
1493
7106
10991
245
9443
11132
11088
8700
9213
9259
9213
10849
11281
4507
11281
1827
1891
1895
1891
387
614
3545
6457
7725
6457
8059
7459
2073
10364
8152
10364
10791
10763
8044
10763
10293
10763
10786
10763
10287
10763
8502
2898
5228
2898
6015
2898
2938
2942
9260
9594
9256
9594
11587
9594
52
1064
1518
1751
2864
2880
4027
7652
10972
7652
4573
5304
11737
5304
8508
4244
4141
4244
8511
4244
11859
7412
11291
10838
3957
11002
4643
9805
2390
9805
426
429
3424
4686
4487
7297
11396
7297
11395
7297
1517
1841
1936
1841
1931
1841
11819
8642
8406
6299
8404
6299
5936
3083
9061
5857
9058
5857
1598
1675
1674
1675
5086
8521
10147
9135
8558
9135
6954
9135
2351
9135
9190
9135
9185
9135
2678
5565
4749
5565
2926
2931
6785
2931
6784
2931
7861
2931
4326
7338
10504
9505
10967
9505
8539
3516
8628
3516
7851
3516
7523
11530
2986
3008
3011
3008
1690
1868
1538
1868
1935
1868
7782
8348
3598
3626
3597
3626
8052
9690
9630
8708
2493
7864
1246
1341
1371
1341
11035
10912
9137
10912
3510
8631
8389
10463
5232
10463
1408
1314
1409
1314
4469
5083
11735
5083
3876
3857
8805
3857
5870
3857
10271
3857
257
219
6892
7759
2176
6382
2722
6382
8931
1988
3557
3565
2650
4549
7468
6757
11221
11825
11389
11825
7320
2668
7139
2668
2738
5516
2719
5516
9754
9743
11961
9743
9366
9344
10637
11058
10115
11058
6438
5626
3417
5626
10004
7062
4100
8968
4130
8968
1104
1386
2267
9858
11007
9858
1962
1764
1713
1764
870
725
410
725
2200
2275
11102
10114
2006
6743
8116
6743
5905
6743
7038
6344
5138
6344
10744
4619
10756
4619
9660
4619
6985
4619
11843
4619
10263
4619
3837
3843
1087
1378
1469
1378
9389
9382
3287
3310
3303
3310
3485
5646
11402
5646
3155
3162
2257
2259
4754
2259
10870
9757
8123
9757
9418
9757
2035
9757
2444
5406
2455
5406
7331
7775
4398
4399
10479
4399
10306
10776
9357
10776
7174
6858
10537
6858
10002
5339
7704
5339
232
12008
10233
3758
10723
3758
7043
5995
7042
5995
2115
5995
7040
5995
424
425
4306
8287
491
492
2839
11056
10360
11320
10870
11320
3874
4935
2654
4529
9144
2371
10097
2371
8486
2371
7157
6505
7193
6505
1231
1316
1410
1316
1381
1352
1124
1352
3723
4903
3711
4903
3878
8411
3903
8598
10038
5843
7021
5843
2155
8651
1072
1073
7319
2497
11765
2497
2476
2497
5171
2497
2519
6135
7084
5162
2275
5162
8455
5310
6091
5310
3641
3646
3647
3646
8608
8580
4324
8328
11888
3406
3884
7641
3867
7641
3285
3339
3336
3339
7594
11999
4824
3995
10123
3995
4011
3995
7777
3995
10626
5758
6177
5758
228
12006
7405
11120
3057
11120
3839
10207
2924
2951
1960
1918
1647
1918
4126
10437
11394
10437
10239
7960
3574
6690
10528
6690
3987
7183
9699
11892
10789
11892
9701
11892
