file_name,part_a,part_b,part_c
automated_gscl45nm_cookbook_final_fec_rot_7.gml,automated_gscl45nm,cookbook,fec_rot_7
automated_gscl45nm_a-z80_latest_final_alu_cor.gml,automated_gscl45nm,latest,alu_cor
automated_gscl45nm_two_dimensional_fast_hartley_transform_latest_final_signed_mult_const_fpga.gml,automated_gscl45nm,latest,signed_mult_const_fpga
automated_gscl45nm_ca_prng_latest_final_ca_prng.gml,automated_gscl45nm,latest,ca_prng
automated_gscl45nm_edge_latest_final_adder.gml,automated_gscl45nm,latest,adder
automated_gscl45nm_cookbook_final_sboxes.gml,automated_gscl45nm,cookbook,sboxes
automated_gscl45nm_cookbook_final_asc_to_7seg.gml,automated_gscl45nm,cookbook,asc_to_7seg
automated_gscl45nm_openmsp430_latest_final_omsp_frontend.gml,automated_gscl45nm,latest,omsp_frontend
automated_gscl45nm_mem_ctrl_latest_final_mc_timing.gml,automated_gscl45nm,latest,mc_timing
automated_gscl45nm_rs_encoder_decoder_latest_final_GF8Mult175.gml,automated_gscl45nm,latest,GF8Mult175
automated_gscl45nm_rs_encoder_decoder_latest_final_GF8Mult161.gml,automated_gscl45nm,latest,GF8Mult161
automated_gscl45nm_aes-master_final_aes_sbox.gml,automated_gscl45nm,aes-master,aes_sbox
automated_gscl45nm_systemcaes_latest_final_wb_aes_controller.gml,automated_gscl45nm,latest,wb_aes_controller
automated_gscl45nm_rs_encoder_decoder_latest_final_GF8Mult149.gml,automated_gscl45nm,latest,GF8Mult149
automated_gscl45nm_orsoc_graphics_accelerator_final_gfx_transform.gml,automated_gscl45nm,accelerator,gfx_transform
automated_gscl45nm_Lightweight-Threshold-Implementations-master_final_simon2shar.gml,automated_gscl45nm,Lightweight-Threshold-Implementations-master,simon2shar
automated_gscl45nm_turbo8051_latest_final_oc8051_uart.gml,automated_gscl45nm,latest,oc8051_uart
automated_gscl45nm_viterb_encoder_and_decoder_final_mem_disp.gml,automated_gscl45nm,decoder,mem_disp
automated_gscl45nm_cookbook_final_fec_rot_27.gml,automated_gscl45nm,cookbook,fec_rot_27
automated_gscl45nm_ecg_latest_final_f3_sub1.gml,automated_gscl45nm,latest,f3_sub1
automated_gscl45nm_mriscvcore_final_UTILITY.gml,automated_gscl45nm,mriscvcore,UTILITY
automated_gscl45nm_rs_encoder_decoder_latest_final_GF8Add.gml,automated_gscl45nm,latest,GF8Add
automated_gscl45nm_ecg_latest_final_func10.gml,automated_gscl45nm,latest,func10
automated_gscl45nm_m32632_latest_final_ADDR_UNIT.gml,automated_gscl45nm,latest,ADDR_UNIT
automated_gscl45nm_ecg_latest_final_f3_add.gml,automated_gscl45nm,latest,f3_add
automated_gscl45nm_m32632_latest_final_DFPU_MUL.gml,automated_gscl45nm,latest,DFPU_MUL
automated_gscl45nm_iscas_final_c7552.gml,automated_gscl45nm,iscas,c7552
automated_gscl45nm_cookbook_final_ycbcr_to_rg.gml,automated_gscl45nm,cookbook,ycbcr_to_rg
automated_gscl45nm_viterb_encoder_and_decoder_final_ACS.gml,automated_gscl45nm,decoder,ACS
automated_gscl45nm_openmsp430_latest_final_omsp_dbg_hwbrk.gml,automated_gscl45nm,latest,omsp_dbg_hwbrk
automated_gscl45nm_cookbook_final_key_init_perm.gml,automated_gscl45nm,cookbook,key_init_perm
automated_gscl45nm_8bit_vedic_multiplier_latest_final_vedic8x8.gml,automated_gscl45nm,latest,vedic8x8
automated_gscl45nm_m32632_latest_final_BCDADDER.gml,automated_gscl45nm,latest,BCDADDER
automated_gscl45nm_turbo8051_latest_final_oc8051_cy_select.gml,automated_gscl45nm,latest,oc8051_cy_select
automated_gscl45nm_rs_encoder_decoder_latest_final_GF8Mult203.gml,automated_gscl45nm,latest,GF8Mult203
automated_gscl45nm_iscas_final_TX.gml,automated_gscl45nm,iscas,TX
automated_gscl45nm_rs_encoder_decoder_latest_final_GF8Mult49.gml,automated_gscl45nm,latest,GF8Mult49
automated_gscl45nm_RSA-Verilog-master_final_mon_prod_s.gml,automated_gscl45nm,RSA-Verilog-master,mon_prod_s
automated_gscl45nm_rs_encoder_decoder_latest_final_GF8Mult217.gml,automated_gscl45nm,latest,GF8Mult217
automated_gscl45nm_signed_integer_divider_latest_final_shifter_t.gml,automated_gscl45nm,latest,shifter_t
automated_gscl45nm_rs_encoder_decoder_latest_final_GF8Mult75.gml,automated_gscl45nm,latest,GF8Mult75
automated_gscl45nm_rs_encoder_decoder_latest_final_GF8Mult61.gml,automated_gscl45nm,latest,GF8Mult61
automated_gscl45nm_jt51_latest_final_jt51_mmr.gml,automated_gscl45nm,latest,jt51_mmr
automated_gscl45nm_cookbook_final_gf_mult_by_1d.gml,automated_gscl45nm,cookbook,gf_mult_by_1d
automated_gscl45nm_mem_ctrl_latest_final_mc_rd_fifo.gml,automated_gscl45nm,latest,mc_rd_fifo
automated_gscl45nm_m32632_latest_final_RD_ALIGNER.gml,automated_gscl45nm,latest,RD_ALIGNER
automated_gscl45nm_cookbook_final_gf_mult_by_f1.gml,automated_gscl45nm,cookbook,gf_mult_by_f1
automated_gscl45nm_rs_decoder_31_19_6_latest_final_gfadder.gml,automated_gscl45nm,latest,gfadder
automated_gscl45nm_openmsp430_latest_final_omsp_dbg_uart.gml,automated_gscl45nm,latest,omsp_dbg_uart
automated_gscl45nm_ecg_latest_final_f3m_mult.gml,automated_gscl45nm,latest,f3m_mult
automated_gscl45nm_edge_latest_final_mux2.gml,automated_gscl45nm,latest,mux2
automated_gscl45nm_cookbook_final_gf_mult_by_12.gml,automated_gscl45nm,cookbook,gf_mult_by_12
automated_gscl45nm_cookbook_final_gf_mult_by_d9.gml,automated_gscl45nm,cookbook,gf_mult_by_d9
automated_gscl45nm_iscas_final_BU.gml,automated_gscl45nm,iscas,BU
automated_gscl45nm_cookbook_final_crc16_dat24_flat.gml,automated_gscl45nm,cookbook,crc16_dat24_flat
automated_gscl45nm_systemcaes_latest_final_subbytes.gml,automated_gscl45nm,latest,subbytes
automated_gscl45nm_cookbook_final_gf_mult_by_06.gml,automated_gscl45nm,cookbook,gf_mult_by_06
automated_gscl45nm_chacha-master_final_chacha_qr.gml,automated_gscl45nm,chacha-master,chacha_qr
automated_gscl45nm_sha3_latest_final_padder.gml,automated_gscl45nm,latest,padder
automated_gscl45nm_iscas_final_s382.gml,automated_gscl45nm,iscas,s382
automated_gscl45nm_cookbook_final_initial_permut.gml,automated_gscl45nm,cookbook,initial_permut
automated_gscl45nm_m32632_latest_final_SIGNMUL.gml,automated_gscl45nm,latest,SIGNMUL
automated_gscl45nm_cavlc_latest_final_cavlc_read_run_befores.gml,automated_gscl45nm,latest,cavlc_read_run_befores
automated_gscl45nm_turbo8051_latest_final_oc8051_tc2.gml,automated_gscl45nm,latest,oc8051_tc2
automated_gscl45nm_m32632_latest_final_DIVI_PREP.gml,automated_gscl45nm,latest,DIVI_PREP
automated_gscl45nm_cookbook_final_gf_mult_by_4.gml,automated_gscl45nm,cookbook,gf_mult_by_4
automated_gscl45nm_turbo8051_latest_final_g_tx_fsm.gml,automated_gscl45nm,latest,g_tx_fsm
automated_gscl45nm_cookbook_final_gf_mult_by_5.gml,automated_gscl45nm,cookbook,gf_mult_by_5
automated_gscl45nm_8bit_vedic_multiplier_latest_final_vedic4x4.gml,automated_gscl45nm,latest,vedic4x4
automated_gscl45nm_cookbook_final_gf_mult_by_ff.gml,automated_gscl45nm,cookbook,gf_mult_by_ff
automated_gscl45nm_cookbook_final_gf_mult_by_07.gml,automated_gscl45nm,cookbook,gf_mult_by_07
automated_gscl45nm_cookbook_final_gf_mult_by_13.gml,automated_gscl45nm,cookbook,gf_mult_by_13
automated_gscl45nm_cookbook_final_gf_mult_by_d8.gml,automated_gscl45nm,cookbook,gf_mult_by_d8
automated_gscl45nm_cookbook_final_gf_mult_by_f0.gml,automated_gscl45nm,cookbook,gf_mult_by_f0
automated_gscl45nm_cookbook_final_gf_mult_by_0a.gml,automated_gscl45nm,cookbook,gf_mult_by_0a
automated_gscl45nm_csa_latest_final_usb_cnt.gml,automated_gscl45nm,latest,usb_cnt
automated_gscl45nm_orsoc_graphics_accelerator_final_gfx_renderer.gml,automated_gscl45nm,accelerator,gfx_renderer
automated_gscl45nm_iscas_final_Circuit74L85.gml,automated_gscl45nm,iscas,Circuit74L85
automated_gscl45nm_minirisc_latest_final_xilinx_mux8_1.gml,automated_gscl45nm,latest,xilinx_mux8_1
automated_gscl45nm_rs_encoder_decoder_latest_final_GF8Mult60.gml,automated_gscl45nm,latest,GF8Mult60
automated_gscl45nm_fpu_latest_final_pre_norm_fmul.gml,automated_gscl45nm,latest,pre_norm_fmul
automated_gscl45nm_rs_encoder_decoder_latest_final_GF8Mult74.gml,automated_gscl45nm,latest,GF8Mult74
automated_gscl45nm_m32632_latest_final_ex_copro.gml,automated_gscl45nm,latest,ex_copro
automated_gscl45nm_rs_encoder_decoder_latest_final_GF8Mult216.gml,automated_gscl45nm,latest,GF8Mult216
automated_gscl45nm_rs_encoder_decoder_latest_final_GF8Mult202.gml,automated_gscl45nm,latest,GF8Mult202
automated_gscl45nm_rs_encoder_decoder_latest_final_GF8Mult48.gml,automated_gscl45nm,latest,GF8Mult48
automated_gscl45nm_rs_encoder_decoder_latest_final_RS8ErrLocPoly8t.gml,automated_gscl45nm,latest,RS8ErrLocPoly8t
automated_gscl45nm_mriscvcore_final_ALU_add.gml,automated_gscl45nm,mriscvcore,ALU_add
automated_gscl45nm_ft816float_latest_final_fpSqrt.gml,automated_gscl45nm,latest,fpSqrt
automated_gscl45nm_a-z80_latest_final_address_mux.gml,automated_gscl45nm,latest,address_mux
automated_gscl45nm_aes_core_latest_final_aes_sbox.gml,automated_gscl45nm,latest,aes_sbox
automated_gscl45nm_xge_mac_latest_final_meta_sy.gml,automated_gscl45nm,latest,meta_sy
automated_gscl45nm_xge_mac_latest_final_tx_data_fifo.gml,automated_gscl45nm,latest,tx_data_fifo
automated_gscl45nm_turbo8051_latest_final_oc8051_b_register.gml,automated_gscl45nm,latest,oc8051_b_register
automated_gscl45nm_aes_highthroughput_lowarea_latest_final_shift_rows.gml,automated_gscl45nm,latest,shift_rows
automated_gscl45nm_iscas_final_s1488.gml,automated_gscl45nm,iscas,s1488
automated_gscl45nm_rtf8088_latest_final_divr2.gml,automated_gscl45nm,latest,divr2
automated_gscl45nm_mem_ctrl_latest_final_mc_top.gml,automated_gscl45nm,latest,mc_top
automated_gscl45nm_aes_highthroughput_lowarea_latest_final_MUL9.gml,automated_gscl45nm,latest,MUL9
automated_gscl45nm_minirisc_latest_final_cmp8_eq.gml,automated_gscl45nm,latest,cmp8_eq
automated_gscl45nm_mriscv_final_AXI_SP32B1024.gml,automated_gscl45nm,mriscv,AXI_SP32B1024
automated_gscl45nm_ecg_latest_final_func11.gml,automated_gscl45nm,latest,func11
automated_gscl45nm_edge_latest_final_hazard_unit.gml,automated_gscl45nm,latest,hazard_unit
automated_gscl45nm_gost28147-89_latest_final_gost89_.gml,automated_gscl45nm,latest,gost89_
automated_gscl45nm_openmsp430_latest_final_ogfx_backend.gml,automated_gscl45nm,latest,ogfx_backend
automated_gscl45nm_hight_latest_final_WKG.gml,automated_gscl45nm,latest,WKG
automated_gscl45nm_cookbook_final_fec_rot_32.gml,automated_gscl45nm,cookbook,fec_rot_32
automated_gscl45nm_openmsp430_latest_final_DE0_NANO_SOC_QSYS_nios2_qsys_oci_test_.gml,automated_gscl45nm,latest,DE0_NANO_SOC_QSYS_nios2_qsys_oci_test_
automated_gscl45nm_cookbook_final_fec_rot_26.gml,automated_gscl45nm,cookbook,fec_rot_26
automated_gscl45nm_turbo8051_latest_final_clk_ctl.gml,automated_gscl45nm,latest,clk_ctl
automated_gscl45nm_altor32_latest_final_soc_pif8.gml,automated_gscl45nm,latest,soc_pif8
automated_gscl45nm_turbo8051_latest_final_spi_ctl.gml,automated_gscl45nm,latest,spi_ctl
automated_gscl45nm_rs_encoder_decoder_latest_final_GF8Mult148.gml,automated_gscl45nm,latest,GF8Mult148
automated_gscl45nm_reed_solomon_decoder_latest_final_Omega_Phy.gml,automated_gscl45nm,latest,Omega_Phy
automated_gscl45nm_rs_encoder_decoder_latest_final_GF8Mult160.gml,automated_gscl45nm,latest,GF8Mult160
automated_gscl45nm_8bit_vedic_multiplier_latest_final_vedic2x2.gml,automated_gscl45nm,latest,vedic2x2
automated_gscl45nm_rs_encoder_decoder_latest_final_GF8Mult174.gml,automated_gscl45nm,latest,GF8Mult174
automated_gscl45nm_jt51_latest_final_jt51_op.gml,automated_gscl45nm,latest,jt51_op
automated_gscl45nm_16x2_lcd_display_driver_latest_final_lcd_16x2_8bit.gml,automated_gscl45nm,latest,lcd_16x2_8bit
automated_gscl45nm_cookbook_final_fec_rot_6.gml,automated_gscl45nm,cookbook,fec_rot_6
automated_gscl45nm_jt51_latest_final_jt51_lfo_lfsr.gml,automated_gscl45nm,latest,jt51_lfo_lfsr
automated_gscl45nm_turbo8051_latest_final_bit_register.gml,automated_gscl45nm,latest,bit_register
automated_gscl45nm_cookbook_final_chain_delay_rand.gml,automated_gscl45nm,cookbook,chain_delay_rand
automated_gscl45nm_mriscvcore_final_ALU_sXXx.gml,automated_gscl45nm,mriscvcore,ALU_sXXx
automated_gscl45nm_cookbook_final_fec_rot_4.gml,automated_gscl45nm,cookbook,fec_rot_4
automated_gscl45nm_minirisc_latest_final_xilinx_mux2_8.gml,automated_gscl45nm,latest,xilinx_mux2_8
automated_gscl45nm_rs_encoder_decoder_latest_final_GF8Mult189.gml,automated_gscl45nm,latest,GF8Mult189
automated_gscl45nm_rs_encoder_decoder_latest_final_GF8Mult162.gml,automated_gscl45nm,latest,GF8Mult162
automated_gscl45nm_altor32_latest_final_altor32_fet.gml,automated_gscl45nm,latest,altor32_fet
automated_gscl45nm_rs_encoder_decoder_latest_final_GF8Mult176.gml,automated_gscl45nm,latest,GF8Mult176
automated_gscl45nm_turbo8051_latest_final_stat_counter.gml,automated_gscl45nm,latest,stat_counter
automated_gscl45nm_edge_latest_final_shift_unit.gml,automated_gscl45nm,latest,shift_unit
automated_gscl45nm_ft816float_latest_final_cntlo64.gml,automated_gscl45nm,latest,cntlo64
automated_gscl45nm_turbo8051_latest_final_wb_rd_mem2mem.gml,automated_gscl45nm,latest,wb_rd_mem2mem
automated_gscl45nm_AES-T1000_final_S4.gml,automated_gscl45nm,AES-T1000,S4
automated_gscl45nm_cpu8080_latest_final_cpu8080.gml,automated_gscl45nm,latest,cpu8080
automated_gscl45nm_cookbook_final_fec_rot_30.gml,automated_gscl45nm,cookbook,fec_rot_30
automated_gscl45nm_iscas_final_ND2.gml,automated_gscl45nm,iscas,ND2
automated_gscl45nm_xge_mac_latest_final_wishbone_if.gml,automated_gscl45nm,latest,wishbone_if
automated_gscl45nm_cookbook_final_fec_rot_24.gml,automated_gscl45nm,cookbook,fec_rot_24
automated_gscl45nm_sdr_ctrl_latest_final_sdrc_top.gml,automated_gscl45nm,latest,sdrc_top
automated_gscl45nm_jt51_latest_final_jt51_noise_lfsr.gml,automated_gscl45nm,latest,jt51_noise_lfsr
automated_gscl45nm_Lightweight-Threshold-Implementations-master_final_simon_datapath_shiftreg.gml,automated_gscl45nm,Lightweight-Threshold-Implementations-master,simon_datapath_shiftreg
automated_gscl45nm_Lightweight-Threshold-Implementations-master_final_quick_mux_128.gml,automated_gscl45nm,Lightweight-Threshold-Implementations-master,quick_mux_128
automated_gscl45nm_AES-T1000_final_lfsr_counter.gml,automated_gscl45nm,AES-T1000,lfsr_counter
automated_gscl45nm_cookbook_final_fec_rot_18.gml,automated_gscl45nm,cookbook,fec_rot_18
automated_gscl45nm_edge_latest_final_ex_mem_pipereg.gml,automated_gscl45nm,latest,ex_mem_pipereg
automated_gscl45nm_xge_mac_latest_final_sync_clk_xgmii_tx.gml,automated_gscl45nm,latest,sync_clk_xgmii_tx
automated_gscl45nm_sha3_latest_final_rconst.gml,automated_gscl45nm,latest,rconst
automated_gscl45nm_cookbook_final_bin_to_ascii.gml,automated_gscl45nm,cookbook,bin_to_ascii
automated_gscl45nm_tiny_aes_latest_final_expand_key_128.gml,automated_gscl45nm,latest,expand_key_128
automated_gscl45nm_cookbook_final_prio_encod.gml,automated_gscl45nm,cookbook,prio_encod
automated_gscl45nm_rs_encoder_decoder_latest_final_GF8Mult89.gml,automated_gscl45nm,latest,GF8Mult89
automated_gscl45nm_gost28147-89_latest_final_gost89_ecb_encrypt.gml,automated_gscl45nm,latest,gost89_ecb_encrypt
automated_gscl45nm_turbo8051_latest_final_half_dup_byte_reg.gml,automated_gscl45nm,latest,half_dup_byte_reg
automated_gscl45nm_reed_solomon_codec_generator_latest_final_RsDecodeI.gml,automated_gscl45nm,latest,RsDecodeI
automated_gscl45nm_turbo8051_latest_final_g_md_intf.gml,automated_gscl45nm,latest,g_md_intf
automated_gscl45nm_cookbook_final_pipeline_add_ms.gml,automated_gscl45nm,cookbook,pipeline_add_ms
automated_gscl45nm_mips_16_latest_final_mips_16_core_top.gml,automated_gscl45nm,latest,mips_16_core_top
automated_gscl45nm_mesi_isc_final_mesi_isc_broad.gml,automated_gscl45nm,isc,mesi_isc_broad
automated_gscl45nm_iscas_final_s15850.gml,automated_gscl45nm,iscas,s15850
automated_gscl45nm_rs_encoder_decoder_latest_final_GF8Mult214.gml,automated_gscl45nm,latest,GF8Mult214
automated_gscl45nm_cookbook_final_ternary_sum_ni.gml,automated_gscl45nm,cookbook,ternary_sum_ni
automated_gscl45nm_ecg_latest_final_f3m_mux3.gml,automated_gscl45nm,latest,f3m_mux3
automated_gscl45nm_rs_encoder_decoder_latest_final_GF8Mult200.gml,automated_gscl45nm,latest,GF8Mult200
automated_gscl45nm_rs_encoder_decoder_latest_final_GF8Mult228.gml,automated_gscl45nm,latest,GF8Mult228
automated_gscl45nm_cookbook_final_crc32_dat72_flat.gml,automated_gscl45nm,cookbook,crc32_dat72_flat
automated_gscl45nm_cookbook_final_three_two_comp.gml,automated_gscl45nm,cookbook,three_two_comp
automated_gscl45nm_des-master_final_des3.gml,automated_gscl45nm,des-master,des3
automated_gscl45nm_rs_encoder_decoder_latest_final_GF8Mult62.gml,automated_gscl45nm,latest,GF8Mult62
automated_gscl45nm_mriscv_final_latchW_ap.gml,automated_gscl45nm,mriscv,latchW_ap
automated_gscl45nm_rs_encoder_decoder_latest_final_GF8Mult76.gml,automated_gscl45nm,latest,GF8Mult76
automated_gscl45nm_cookbook_final_gf_mult_by_39.gml,automated_gscl45nm,cookbook,gf_mult_by_39
automated_gscl45nm_cookbook_final_gf_mult_by_f2.gml,automated_gscl45nm,cookbook,gf_mult_by_f2
automated_gscl45nm_iscas_final_c6288.gml,automated_gscl45nm,iscas,c6288
automated_gscl45nm_trigonometric_functions_in_double_fpu_latest_final_tangent_lut.gml,automated_gscl45nm,latest,tangent_lut
automated_gscl45nm_edge_latest_final_shifter_right_arithmeti.gml,automated_gscl45nm,latest,shifter_right_arithmeti
automated_gscl45nm_openmsp430_latest_final_omsp_gpio.gml,automated_gscl45nm,latest,omsp_gpio
automated_gscl45nm_openmsp430_latest_final_spartan3a_dmem.gml,automated_gscl45nm,latest,spartan3a_dmem
automated_gscl45nm_siphash-master_final_siphas.gml,automated_gscl45nm,siphash-master,siphas
automated_gscl45nm_cookbook_final_gf_mult_by_05.gml,automated_gscl45nm,cookbook,gf_mult_by_05
automated_gscl45nm_cookbook_final_gf_mult_by_fd.gml,automated_gscl45nm,cookbook,gf_mult_by_fd
automated_gscl45nm_tiny_tate_bilinear_pairing_latest_final_f3_add.gml,automated_gscl45nm,latest,f3_add
automated_gscl45nm_apbtoaes128_latest_final_mix_columns.gml,automated_gscl45nm,latest,mix_columns
automated_gscl45nm_cookbook_final_gf_mult_by_11.gml,automated_gscl45nm,cookbook,gf_mult_by_11
automated_gscl45nm_two_dimensional_fast_hartley_transform_latest_final_dpsram_128x16.gml,automated_gscl45nm,latest,dpsram_128x16
automated_gscl45nm_m32632_latest_final_SP_FPU.gml,automated_gscl45nm,latest,SP_FPU
automated_gscl45nm_gost28147-89_latest_final_gost89_cf.gml,automated_gscl45nm,latest,gost89_cf
automated_gscl45nm_cookbook_final_gf_mult_by_a.gml,automated_gscl45nm,cookbook,gf_mult_by_a
automated_gscl45nm_openmsp430_latest_final_altera_avalon_sc_fifo.gml,automated_gscl45nm,latest,altera_avalon_sc_fifo
automated_gscl45nm_cookbook_final_crc24_zer64_flat.gml,automated_gscl45nm,cookbook,crc24_zer64_flat
automated_gscl45nm_cookbook_final_gf_mult_by_7.gml,automated_gscl45nm,cookbook,gf_mult_by_7
automated_gscl45nm_cookbook_final_gf_mult_by_6.gml,automated_gscl45nm,cookbook,gf_mult_by_6
automated_gscl45nm_iscas_final_DFF.gml,automated_gscl45nm,iscas,DFF
automated_gscl45nm_cookbook_final_gf_mult_by_10.gml,automated_gscl45nm,cookbook,gf_mult_by_10
automated_gscl45nm_cookbook_final_gf_mult_by_04.gml,automated_gscl45nm,cookbook,gf_mult_by_04
automated_gscl45nm_cookbook_final_gf_mult_by_1f.gml,automated_gscl45nm,cookbook,gf_mult_by_1f
automated_gscl45nm_turbo8051_latest_final_oc8051_ports.gml,automated_gscl45nm,latest,oc8051_ports
automated_gscl45nm_cookbook_final_gf_mult_by_38.gml,automated_gscl45nm,cookbook,gf_mult_by_38
automated_gscl45nm_cookbook_final_gf_mult_by_f3.gml,automated_gscl45nm,cookbook,gf_mult_by_f3
automated_gscl45nm_sha3_latest_final_padder1.gml,automated_gscl45nm,latest,padder1
automated_gscl45nm_rs_encoder_decoder_latest_final_GF8Mult77.gml,automated_gscl45nm,latest,GF8Mult77
automated_gscl45nm_simon_core_latest_final_top_modul.gml,automated_gscl45nm,latest,top_modul
automated_gscl45nm_xge_mac_latest_final_tx_hold_fifo.gml,automated_gscl45nm,latest,tx_hold_fifo
automated_gscl45nm_rs_encoder_decoder_latest_final_GF8Mult229.gml,automated_gscl45nm,latest,GF8Mult229
automated_gscl45nm_rs_encoder_decoder_latest_final_GF8Mult63.gml,automated_gscl45nm,latest,GF8Mult63
automated_gscl45nm_cookbook_final_gf_divid.gml,automated_gscl45nm,cookbook,gf_divid
automated_gscl45nm_rs_encoder_decoder_latest_final_GF8Mult201.gml,automated_gscl45nm,latest,GF8Mult201
automated_gscl45nm_rs_encoder_decoder_latest_final_GF8Mult215.gml,automated_gscl45nm,latest,GF8Mult215
automated_gscl45nm_aes_core_latest_final_aes_key_expand_128.gml,automated_gscl45nm,latest,aes_key_expand_128
automated_gscl45nm_cookbook_final_crc32_dat96_flat.gml,automated_gscl45nm,cookbook,crc32_dat96_flat
automated_gscl45nm_reed_solomon_decoder_latest_final_RS_d.gml,automated_gscl45nm,latest,RS_d
automated_gscl45nm_reed_solomon_codec_generator_latest_final_RsDecodeDpRam.gml,automated_gscl45nm,latest,RsDecodeDpRam
automated_gscl45nm_iscas_final_s13207.gml,automated_gscl45nm,iscas,s13207
automated_gscl45nm_rs_encoder_decoder_latest_final_GF8Mult88.gml,automated_gscl45nm,latest,GF8Mult88
automated_gscl45nm_cookbook_final_system_timer.gml,automated_gscl45nm,cookbook,system_timer
automated_gscl45nm_cookbook_final_eight_to_twenty.gml,automated_gscl45nm,cookbook,eight_to_twenty
automated_gscl45nm_ft816float_latest_final_cntlz32Reg.gml,automated_gscl45nm,latest,cntlz32Reg
automated_gscl45nm_minirisc_latest_final_prog_mem.gml,automated_gscl45nm,latest,prog_mem
automated_gscl45nm_turbo8051_latest_final_spi_cor.gml,automated_gscl45nm,latest,spi_cor
automated_gscl45nm_fast_log_latest_final_Log2pipelined.gml,automated_gscl45nm,latest,Log2pipelined
automated_gscl45nm_tiny_tate_bilinear_pairing_latest_final_const.gml,automated_gscl45nm,latest,const
automated_gscl45nm_m32632_latest_final_PREPDATA.gml,automated_gscl45nm,latest,PREPDATA
automated_gscl45nm_cr_div_latest_final_cr_di.gml,automated_gscl45nm,latest,cr_di
automated_gscl45nm_turbo8051_latest_final_g_rx_crc32.gml,automated_gscl45nm,latest,g_rx_crc32
automated_gscl45nm_cookbook_final_fec_rot_19.gml,automated_gscl45nm,cookbook,fec_rot_19
automated_gscl45nm_m32632_latest_final_IO_SWITCH.gml,automated_gscl45nm,latest,IO_SWITCH
automated_gscl45nm_openmsp430_latest_final_altera_reset_synchronizer.gml,automated_gscl45nm,latest,altera_reset_synchronizer
automated_gscl45nm_Aquarius_latest_final_mult.gml,automated_gscl45nm,latest,mult
automated_gscl45nm_cookbook_final_fec_rot_25.gml,automated_gscl45nm,cookbook,fec_rot_25
automated_gscl45nm_xge_mac_latest_final_generic_fifo_ctrl.gml,automated_gscl45nm,latest,generic_fifo_ctrl
automated_gscl45nm_fpga-median_latest_final_dff_3_pip.gml,automated_gscl45nm,latest,dff_3_pip
automated_gscl45nm_mriscvcore_final_ALU_su.gml,automated_gscl45nm,mriscvcore,ALU_su
automated_gscl45nm_openmsp430_latest_final_spartan3a_pmem.gml,automated_gscl45nm,latest,spartan3a_pmem
automated_gscl45nm_iscas_final_ND3.gml,automated_gscl45nm,iscas,ND3
automated_gscl45nm_cookbook_final_fec_rot_31.gml,automated_gscl45nm,cookbook,fec_rot_31
automated_gscl45nm_mriscvcore_final_MULT.gml,automated_gscl45nm,mriscvcore,MULT
automated_gscl45nm_fpu_latest_final_fpu.gml,automated_gscl45nm,latest,fpu
automated_gscl45nm_openmsp430_latest_final_DE0_NANO_SOC_QSYS_nios2_qsys_test_.gml,automated_gscl45nm,latest,DE0_NANO_SOC_QSYS_nios2_qsys_test_
automated_gscl45nm_rs_encoder_decoder_latest_final_GF8Mult177.gml,automated_gscl45nm,latest,GF8Mult177
automated_gscl45nm_minirisc_latest_final_xilinx_inc8.gml,automated_gscl45nm,latest,xilinx_inc8
automated_gscl45nm_cookbook_final_arbiter.gml,automated_gscl45nm,cookbook,arbiter
automated_gscl45nm_aes_core_latest_final_aes_rco.gml,automated_gscl45nm,latest,aes_rco
automated_gscl45nm_rs_encoder_decoder_latest_final_GF8Mult163.gml,automated_gscl45nm,latest,GF8Mult163
automated_gscl45nm_rs_encoder_decoder_latest_final_GF8Mult188.gml,automated_gscl45nm,latest,GF8Mult188
automated_gscl45nm_ft816float_latest_final_fp_decomp.gml,automated_gscl45nm,latest,fp_decomp
automated_gscl45nm_cookbook_final_fec_rot_5.gml,automated_gscl45nm,cookbook,fec_rot_5
automated_gscl45nm_minirisc_latest_final_mux2_11.gml,automated_gscl45nm,latest,mux2_11
automated_gscl45nm_siphash-master_final_siphash_cor.gml,automated_gscl45nm,siphash-master,siphash_cor
automated_gscl45nm_rs_encoder_decoder_latest_final_GF8Mult198.gml,automated_gscl45nm,latest,GF8Mult198
automated_gscl45nm_cookbook_final_crc16_dat32_flat.gml,automated_gscl45nm,cookbook,crc16_dat32_flat
automated_gscl45nm_cavlc_latest_final_cavlc_top.gml,automated_gscl45nm,latest,cavlc_top
automated_gscl45nm_dpll-isdn_latest_final_variableresetrandomwalkfilter.gml,automated_gscl45nm,latest,variableresetrandomwalkfilter
automated_gscl45nm_AES-T100_final_S4.gml,automated_gscl45nm,AES-T100,S4
automated_gscl45nm_cookbook_final_fec_rot_1.gml,automated_gscl45nm,cookbook,fec_rot_1
automated_gscl45nm_iscas_final_TopLevel74283.gml,automated_gscl45nm,iscas,TopLevel74283
automated_gscl45nm_reed_solomon_decoder_latest_final_input_syndromes.gml,automated_gscl45nm,latest,input_syndromes
automated_gscl45nm_rs_encoder_decoder_latest_final_GF8Mult167.gml,automated_gscl45nm,latest,GF8Mult167
automated_gscl45nm_rs_encoder_decoder_latest_final_GF8Mult173.gml,automated_gscl45nm,latest,GF8Mult173
automated_gscl45nm_fpga-median_latest_final_pixel_network.gml,automated_gscl45nm,latest,pixel_network
automated_gscl45nm_cookbook_final_crc32_dat120_flat.gml,automated_gscl45nm,cookbook,crc32_dat120_flat
automated_gscl45nm_cookbook_final_error_value_round.gml,automated_gscl45nm,cookbook,error_value_round
automated_gscl45nm_cookbook_final_fec_rot_21.gml,automated_gscl45nm,cookbook,fec_rot_21
automated_gscl45nm_cookbook_final_priority_mux.gml,automated_gscl45nm,cookbook,priority_mux
automated_gscl45nm_reed_solomon_decoder_latest_final_error_correctio.gml,automated_gscl45nm,latest,error_correctio
automated_gscl45nm_tiny_aes_latest_final_xS.gml,automated_gscl45nm,latest,xS
automated_gscl45nm_turbo8051_latest_final_oc8051_int.gml,automated_gscl45nm,latest,oc8051_int
automated_gscl45nm_gng_latest_final_gng_lzd.gml,automated_gscl45nm,latest,gng_lzd
automated_gscl45nm_pairing_latest_final_f33m_neg.gml,automated_gscl45nm,latest,f33m_neg
automated_gscl45nm_openmsp430_latest_final_omsp_dbg_i2.gml,automated_gscl45nm,latest,omsp_dbg_i2
automated_gscl45nm_openmsp430_latest_final_spartan3adsp_dmem.gml,automated_gscl45nm,latest,spartan3adsp_dmem
automated_gscl45nm_pairing_latest_final_f32m_neg.gml,automated_gscl45nm,latest,f32m_neg
automated_gscl45nm_RSA-Verilog-master_final_mon_exp.gml,automated_gscl45nm,RSA-Verilog-master,mon_exp
automated_gscl45nm_xge_mac_latest_final_rx_data_fifo.gml,automated_gscl45nm,latest,rx_data_fifo
automated_gscl45nm_m1_core_latest_final_ps2_wb_if.gml,automated_gscl45nm,latest,ps2_wb_if
automated_gscl45nm_des-master_final_sbox8.gml,automated_gscl45nm,des-master,sbox8
automated_gscl45nm_rs_encoder_decoder_latest_final_GF8Mult98.gml,automated_gscl45nm,latest,GF8Mult98
automated_gscl45nm_m1_core_latest_final_GrayCounter.gml,automated_gscl45nm,latest,GrayCounter
automated_gscl45nm_mem_ctrl_latest_final_mc_refres.gml,automated_gscl45nm,latest,mc_refres
automated_gscl45nm_mesi_isc_final_mesi_isc_basic_fifo.gml,automated_gscl45nm,isc,mesi_isc_basic_fifo
automated_gscl45nm_minirisc_latest_final_add_sub8_co.gml,automated_gscl45nm,latest,add_sub8_co
automated_gscl45nm_rs_encoder_decoder_latest_final_GF8Mult67.gml,automated_gscl45nm,latest,GF8Mult67
automated_gscl45nm_jt51_latest_final_jt51_phinc_rom.gml,automated_gscl45nm,latest,jt51_phinc_rom
automated_gscl45nm_rs_encoder_decoder_latest_final_GF8Mult239.gml,automated_gscl45nm,latest,GF8Mult239
automated_gscl45nm_rs_encoder_decoder_latest_final_GF8Mult73.gml,automated_gscl45nm,latest,GF8Mult73
automated_gscl45nm_ecg_latest_final_f3m_mux6.gml,automated_gscl45nm,latest,f3m_mux6
automated_gscl45nm_cookbook_final_error_mag_poly_round.gml,automated_gscl45nm,cookbook,error_mag_poly_round
automated_gscl45nm_rs_encoder_decoder_latest_final_GF8Mult211.gml,automated_gscl45nm,latest,GF8Mult211
automated_gscl45nm_rs_encoder_decoder_latest_final_GF8Mult205.gml,automated_gscl45nm,latest,GF8Mult205
automated_gscl45nm_iscas_final_s838.gml,automated_gscl45nm,iscas,s838
automated_gscl45nm_cookbook_final_gf_mult_by_fa.gml,automated_gscl45nm,cookbook,gf_mult_by_fa
automated_gscl45nm_turbo8051_latest_final_g_deferral_rx.gml,automated_gscl45nm,latest,g_deferral_rx
automated_gscl45nm_mod3_calc_latest_final_mod3.gml,automated_gscl45nm,latest,mod3
automated_gscl45nm_double_fpu_latest_final_fpu_add.gml,automated_gscl45nm,latest,fpu_add
automated_gscl45nm_cookbook_final_gf_mult_by_14.gml,automated_gscl45nm,cookbook,gf_mult_by_14
automated_gscl45nm_cookbook_final_gf_mult_by_f7.gml,automated_gscl45nm,cookbook,gf_mult_by_f7
automated_gscl45nm_asynchronous_master_spi_final_spi_master.gml,automated_gscl45nm,spi,spi_master
automated_gscl45nm_cookbook_final_gf_mult_by_0f.gml,automated_gscl45nm,cookbook,gf_mult_by_0f
automated_gscl45nm_cookbook_final_gf_mult_by_28.gml,automated_gscl45nm,cookbook,gf_mult_by_28
automated_gscl45nm_tiny_tate_bilinear_pairing_latest_final_rom.gml,automated_gscl45nm,latest,rom
automated_gscl45nm_AES-T1000_final_table_lookup.gml,automated_gscl45nm,AES-T1000,table_lookup
automated_gscl45nm_minirisc_latest_final_xilinx_mux2_11.gml,automated_gscl45nm,latest,xilinx_mux2_11
automated_gscl45nm_crcahb_latest_final_crc_unit.gml,automated_gscl45nm,latest,crc_unit
automated_gscl45nm_cookbook_final_gf_mult_by_2.gml,automated_gscl45nm,cookbook,gf_mult_by_2
automated_gscl45nm_a-z80_latest_final_reg_control.gml,automated_gscl45nm,latest,reg_control
automated_gscl45nm_cookbook_final_approx_fp_div_lut.gml,automated_gscl45nm,cookbook,approx_fp_div_lut
automated_gscl45nm_cookbook_final_cntr_modulus.gml,automated_gscl45nm,cookbook,cntr_modulus
automated_gscl45nm_cookbook_final_gf_mult_by_d.gml,automated_gscl45nm,cookbook,gf_mult_by_d
automated_gscl45nm_gost28147-89_latest_final_gost89_cfb_encrypt.gml,automated_gscl45nm,latest,gost89_cfb_encrypt
automated_gscl45nm_tiny_aes_latest_final_expand_key_type_D_192.gml,automated_gscl45nm,latest,expand_key_type_D_192
automated_gscl45nm_gng_latest_final_gng_smul_16_18.gml,automated_gscl45nm,latest,gng_smul_16_18
automated_gscl45nm_cookbook_final_seconds_counter.gml,automated_gscl45nm,cookbook,seconds_counter
automated_gscl45nm_openmsp430_latest_final_spartan3adsp_pmem.gml,automated_gscl45nm,latest,spartan3adsp_pmem
automated_gscl45nm_cookbook_final_reed_sol_rx.gml,automated_gscl45nm,cookbook,reed_sol_rx
automated_gscl45nm_cookbook_final_gf_mult_by_3.gml,automated_gscl45nm,cookbook,gf_mult_by_3
automated_gscl45nm_cookbook_final_gf_mult_by_29.gml,automated_gscl45nm,cookbook,gf_mult_by_29
automated_gscl45nm_iscas_final_s420.gml,automated_gscl45nm,iscas,s420
automated_gscl45nm_cookbook_final_gf_mult_by_f6.gml,automated_gscl45nm,cookbook,gf_mult_by_f6
automated_gscl45nm_turbo8051_latest_final_oc8051_decoder.gml,automated_gscl45nm,latest,oc8051_decoder
automated_gscl45nm_cookbook_final_gf_mult_by_15.gml,automated_gscl45nm,cookbook,gf_mult_by_15
automated_gscl45nm_cookbook_final_gf_mult_by_01.gml,automated_gscl45nm,cookbook,gf_mult_by_01
automated_gscl45nm_rs_encoder_decoder_latest_final_GF8Mult204.gml,automated_gscl45nm,latest,GF8Mult204
automated_gscl45nm_rs_encoder_decoder_latest_final_GF8Mult210.gml,automated_gscl45nm,latest,GF8Mult210
automated_gscl45nm_rs_encoder_decoder_latest_final_GF8Mult238.gml,automated_gscl45nm,latest,GF8Mult238
automated_gscl45nm_rs_encoder_decoder_latest_final_GF8Mult72.gml,automated_gscl45nm,latest,GF8Mult72
automated_gscl45nm_rs_encoder_decoder_latest_final_GF8Mult66.gml,automated_gscl45nm,latest,GF8Mult66
automated_gscl45nm_gng_latest_final_gng_interp.gml,automated_gscl45nm,latest,gng_interp
automated_gscl45nm_tiny_tate_bilinear_pairing_latest_final_f3m_add.gml,automated_gscl45nm,latest,f3m_add
automated_gscl45nm_aes_highthroughput_lowarea_latest_final_aes.gml,automated_gscl45nm,latest,aes
automated_gscl45nm_rs_encoder_decoder_latest_final_GF8Mult99.gml,automated_gscl45nm,latest,GF8Mult99
automated_gscl45nm_openmsp430_latest_final_omsp_multiplier.gml,automated_gscl45nm,latest,omsp_multiplier
automated_gscl45nm_aes-encryption_latest_final_aes_key_expand_128.gml,automated_gscl45nm,latest,aes_key_expand_128
automated_gscl45nm_m32632_latest_final_BITMASK.gml,automated_gscl45nm,latest,BITMASK
automated_gscl45nm_openmsp430_latest_final_omsp_execution_unit.gml,automated_gscl45nm,latest,omsp_execution_unit
automated_gscl45nm_turbo8051_latest_final_oc8051_wb_iinterfa.gml,automated_gscl45nm,latest,oc8051_wb_iinterfa
automated_gscl45nm_mesi_isc_final_mesi_isc_broad_cntl.gml,automated_gscl45nm,isc,mesi_isc_broad_cntl
automated_gscl45nm_openmsp430_latest_final_counter_bus_mux.gml,automated_gscl45nm,latest,counter_bus_mux
automated_gscl45nm_rs_5_3_gf256_latest_final_inv_gf256.gml,automated_gscl45nm,latest,inv_gf256
automated_gscl45nm_cookbook_final_fec_rot_20.gml,automated_gscl45nm,cookbook,fec_rot_20
automated_gscl45nm_openmsp430_latest_final_omsp_wakeup_cell.gml,automated_gscl45nm,latest,omsp_wakeup_cell
automated_gscl45nm_iscas_final_Circuit74181.gml,automated_gscl45nm,iscas,Circuit74181
automated_gscl45nm_cookbook_final_crc_flat.gml,automated_gscl45nm,cookbook,crc_flat
automated_gscl45nm_AES-T100_final_aes_128.gml,automated_gscl45nm,AES-T100,aes_128
automated_gscl45nm_aes_highthroughput_lowarea_latest_final_inv_shift_rows.gml,automated_gscl45nm,latest,inv_shift_rows
automated_gscl45nm_configurable_crc_core_latest_final_cfg_cr.gml,automated_gscl45nm,latest,cfg_cr
automated_gscl45nm_mriscv_final_decodificador_axi.gml,automated_gscl45nm,mriscv,decodificador_axi
automated_gscl45nm_mips_16_latest_final_ID_stag.gml,automated_gscl45nm,latest,ID_stag
automated_gscl45nm_ft816float_latest_final_cntlo48.gml,automated_gscl45nm,latest,cntlo48
automated_gscl45nm_rs_encoder_decoder_latest_final_GF8Mult172.gml,automated_gscl45nm,latest,GF8Mult172
automated_gscl45nm_rs_encoder_decoder_latest_final_GF8Mult166.gml,automated_gscl45nm,latest,GF8Mult166
automated_gscl45nm_mod3_calc_latest_final_mod3_adder.gml,automated_gscl45nm,latest,mod3_adder
automated_gscl45nm_systemcaes_latest_final_aes192.gml,automated_gscl45nm,latest,aes192
automated_gscl45nm_cookbook_final_eight_to_o.gml,automated_gscl45nm,cookbook,eight_to_o
automated_gscl45nm_reed_solomon_decoder_latest_final_GF_mult_add_syndromes.gml,automated_gscl45nm,latest,GF_mult_add_syndromes
automated_gscl45nm_openmsp430_latest_final_ogfx_gpu.gml,automated_gscl45nm,latest,ogfx_gpu
automated_gscl45nm_tiny_tate_bilinear_pairing_latest_final_FSM.gml,automated_gscl45nm,latest,FSM
automated_gscl45nm_edge_latest_final_mux_WBResult.gml,automated_gscl45nm,latest,mux_WBResult
automated_gscl45nm_sha256-master_final_sha256_cor.gml,automated_gscl45nm,sha256-master,sha256_cor
automated_gscl45nm_rs_encoder_decoder_latest_final_GF8Mult199.gml,automated_gscl45nm,latest,GF8Mult199
automated_gscl45nm_turbo8051_latest_final_oc8051_ram_64x32_dual_bist.gml,automated_gscl45nm,latest,oc8051_ram_64x32_dual_bist
automated_gscl45nm_m32632_latest_final_FFS_LOGIK.gml,automated_gscl45nm,latest,FFS_LOGIK
automated_gscl45nm_mips_16_latest_final_alu.gml,automated_gscl45nm,latest,alu
automated_gscl45nm_a-z80_latest_final_alu_mux_8.gml,automated_gscl45nm,latest,alu_mux_8
automated_gscl45nm_fixed_point_arithmetic_parameterized_latest_final_qdi.gml,automated_gscl45nm,latest,qdi
automated_gscl45nm_cookbook_final_fec_rot_2.gml,automated_gscl45nm,cookbook,fec_rot_2
automated_gscl45nm_a-z80_latest_final_address_pins.gml,automated_gscl45nm,latest,address_pins
automated_gscl45nm_cookbook_final_gearbox_67_40.gml,automated_gscl45nm,cookbook,gearbox_67_40
automated_gscl45nm_rs_decoder_31_19_6_latest_final_degree1_cell.gml,automated_gscl45nm,latest,degree1_cell
automated_gscl45nm_rs_decoder_31_19_6_latest_final_degree0_cell.gml,automated_gscl45nm,latest,degree0_cell
automated_gscl45nm_mem_ctrl_latest_final_mc_incn_r.gml,automated_gscl45nm,latest,mc_incn_r
automated_gscl45nm_rs_encoder_decoder_latest_final_GF8Mult158.gml,automated_gscl45nm,latest,GF8Mult158
automated_gscl45nm_rs_encoder_decoder_latest_final_GF8Mult170.gml,automated_gscl45nm,latest,GF8Mult170
automated_gscl45nm_verilog_fixed_point_math_library_latest_final_qmults.gml,automated_gscl45nm,latest,qmults
automated_gscl45nm_cookbook_final_key_shift.gml,automated_gscl45nm,cookbook,key_shift
automated_gscl45nm_rs_encoder_decoder_latest_final_GF8Mult164.gml,automated_gscl45nm,latest,GF8Mult164
automated_gscl45nm_pairing_latest_final_f3_mult.gml,automated_gscl45nm,latest,f3_mult
automated_gscl45nm_xge_mac_latest_final_rx_hold_fifo.gml,automated_gscl45nm,latest,rx_hold_fifo
automated_gscl45nm_aes_highthroughput_lowarea_latest_final_word_mix_columns.gml,automated_gscl45nm,latest,word_mix_columns
automated_gscl45nm_aes_highthroughput_lowarea_latest_final_inv_mix_columns.gml,automated_gscl45nm,latest,inv_mix_columns
automated_gscl45nm_cookbook_final_fec_rot_22.gml,automated_gscl45nm,cookbook,fec_rot_22
automated_gscl45nm_cookbook_final_ecc_correction_32bit.gml,automated_gscl45nm,cookbook,ecc_correction_32bit
automated_gscl45nm_AES-T200_final_xS.gml,automated_gscl45nm,AES-T200,xS
automated_gscl45nm_iscas_final_ND4.gml,automated_gscl45nm,iscas,ND4
automated_gscl45nm_cookbook_final_sum_of_3bit_pair.gml,automated_gscl45nm,cookbook,sum_of_3bit_pair
automated_gscl45nm_present_encryptor_latest_final_sub_per.gml,automated_gscl45nm,latest,sub_per
automated_gscl45nm_cookbook_final_crc32_dat64_flat.gml,automated_gscl45nm,cookbook,crc32_dat64_flat
automated_gscl45nm_mips_16_latest_final_data_mem.gml,automated_gscl45nm,latest,data_mem
automated_gscl45nm_Aquarius_latest_final_sasc_fifo4.gml,automated_gscl45nm,latest,sasc_fifo4
automated_gscl45nm_ft816float_latest_final_cntlo8.gml,automated_gscl45nm,latest,cntlo8
automated_gscl45nm_altor32_latest_final_altor32_lfu.gml,automated_gscl45nm,latest,altor32_lfu
automated_gscl45nm_crcahb_latest_final_crc_ip.gml,automated_gscl45nm,latest,crc_ip
automated_gscl45nm_cookbook_final_compress_32.gml,automated_gscl45nm,cookbook,compress_32
automated_gscl45nm_m32632_latest_final_WB_CONTROL.gml,automated_gscl45nm,latest,WB_CONTROL
automated_gscl45nm_sha1-master_final_sha1_cor.gml,automated_gscl45nm,sha1-master,sha1_cor
automated_gscl45nm_rs_encoder_decoder_latest_final_GF8Mult70.gml,automated_gscl45nm,latest,GF8Mult70
automated_gscl45nm_xge_mac_latest_final_tx_stats_fifo.gml,automated_gscl45nm,latest,tx_stats_fifo
automated_gscl45nm_rs_encoder_decoder_latest_final_GF8Mult64.gml,automated_gscl45nm,latest,GF8Mult64
automated_gscl45nm_a-z80_latest_final_execut.gml,automated_gscl45nm,latest,execut
automated_gscl45nm_rs_encoder_decoder_latest_final_GF8Mult206.gml,automated_gscl45nm,latest,GF8Mult206
automated_gscl45nm_minirisc_latest_final_xilinx_cmp8_eq.gml,automated_gscl45nm,latest,xilinx_cmp8_eq
automated_gscl45nm_rs_encoder_decoder_latest_final_GF8Mult212.gml,automated_gscl45nm,latest,GF8Mult212
automated_gscl45nm_rs_encoder_decoder_latest_final_GF8Mult58.gml,automated_gscl45nm,latest,GF8Mult58
automated_gscl45nm_openmsp430_latest_final_rom_8x2k_lo.gml,automated_gscl45nm,latest,rom_8x2k_lo
automated_gscl45nm_pairing_latest_final_f3m_ni.gml,automated_gscl45nm,latest,f3m_ni
automated_gscl45nm_minirisc_latest_final_xilinx_mux4_8.gml,automated_gscl45nm,latest,xilinx_mux4_8
automated_gscl45nm_cookbook_final_gf_mult_by_17.gml,automated_gscl45nm,cookbook,gf_mult_by_17
automated_gscl45nm_cookbook_final_gf_mult_by_03.gml,automated_gscl45nm,cookbook,gf_mult_by_03
automated_gscl45nm_cookbook_final_gf_mult_by_e8.gml,automated_gscl45nm,cookbook,gf_mult_by_e8
automated_gscl45nm_hight_latest_final_SKG.gml,automated_gscl45nm,latest,SKG
automated_gscl45nm_iscas_final_s344.gml,automated_gscl45nm,iscas,s344
automated_gscl45nm_cookbook_final_gf_mult_by_1a.gml,automated_gscl45nm,cookbook,gf_mult_by_1a
automated_gscl45nm_cookbook_final_gf_mult_by_f4.gml,automated_gscl45nm,cookbook,gf_mult_by_f4
automated_gscl45nm_cookbook_final_gf_mult_by_1.gml,automated_gscl45nm,cookbook,gf_mult_by_1
automated_gscl45nm_a-z80_latest_final_uart.gml,automated_gscl45nm,latest,uart
automated_gscl45nm_m32632_latest_final_DFPU_ADDSUB.gml,automated_gscl45nm,latest,DFPU_ADDSUB
automated_gscl45nm_aes-128_pipelined_encryption_latest_final_Round.gml,automated_gscl45nm,latest,Round
automated_gscl45nm_mem_ctrl_latest_final_mc_rf.gml,automated_gscl45nm,latest,mc_rf
automated_gscl45nm_AES-T200_final_one_round.gml,automated_gscl45nm,AES-T200,one_round
automated_gscl45nm_cookbook_final_gf_mult_by_f.gml,automated_gscl45nm,cookbook,gf_mult_by_f
automated_gscl45nm_iscas_final_s386.gml,automated_gscl45nm,iscas,s386
automated_gscl45nm_ecg_latest_final_f3m_cubi.gml,automated_gscl45nm,latest,f3m_cubi
automated_gscl45nm_cookbook_final_gf_mult_by_0.gml,automated_gscl45nm,cookbook,gf_mult_by_0
automated_gscl45nm_ft816float_latest_final_cntlz8.gml,automated_gscl45nm,latest,cntlz8
automated_gscl45nm_altor32_latest_final_altor32_lsu.gml,automated_gscl45nm,latest,altor32_lsu
automated_gscl45nm_mriscvcore_final_FSM.gml,automated_gscl45nm,mriscvcore,FSM
automated_gscl45nm_cookbook_final_gf_mult_by_0d.gml,automated_gscl45nm,cookbook,gf_mult_by_0d
automated_gscl45nm_cookbook_final_gf_mult_by_f5.gml,automated_gscl45nm,cookbook,gf_mult_by_f5
automated_gscl45nm_m1_core_latest_final_BUFG.gml,automated_gscl45nm,latest,BUFG
automated_gscl45nm_RSA-CRYPTOSYSTEM-using-verilog-master_final_mod_exp.gml,automated_gscl45nm,RSA-CRYPTOSYSTEM-using-verilog-master,mod_exp
automated_gscl45nm_cookbook_final_gf_mult_by_02.gml,automated_gscl45nm,cookbook,gf_mult_by_02
automated_gscl45nm_cookbook_final_gf_mult_by_e9.gml,automated_gscl45nm,cookbook,gf_mult_by_e9
automated_gscl45nm_cookbook_final_gf_mult_by_16.gml,automated_gscl45nm,cookbook,gf_mult_by_16
automated_gscl45nm_minirisc_latest_final_presclr_wdt.gml,automated_gscl45nm,latest,presclr_wdt
automated_gscl45nm_rs_encoder_decoder_latest_final_GF8Mult213.gml,automated_gscl45nm,latest,GF8Mult213
automated_gscl45nm_rs_encoder_decoder_latest_final_GF8Mult59.gml,automated_gscl45nm,latest,GF8Mult59
automated_gscl45nm_cookbook_final_ecc_correction_16bit.gml,automated_gscl45nm,cookbook,ecc_correction_16bit
automated_gscl45nm_xge_mac_latest_final_sync_clk_cor.gml,automated_gscl45nm,latest,sync_clk_cor
automated_gscl45nm_rs_encoder_decoder_latest_final_GF8Mult207.gml,automated_gscl45nm,latest,GF8Mult207
automated_gscl45nm_ft816float_latest_final_IntToFloat.gml,automated_gscl45nm,latest,IntToFloat
automated_gscl45nm_rs_encoder_decoder_latest_final_GF8Mult65.gml,automated_gscl45nm,latest,GF8Mult65
automated_gscl45nm_rs_encoder_decoder_latest_final_GF8Mult71.gml,automated_gscl45nm,latest,GF8Mult71
automated_gscl45nm_orsoc_graphics_accelerator_final_gfx_fragment_processor.gml,automated_gscl45nm,accelerator,gfx_fragment_processor
automated_gscl45nm_edge_latest_final_reset_logi.gml,automated_gscl45nm,latest,reset_logi
automated_gscl45nm_ft816float_latest_final_fpRoundReg.gml,automated_gscl45nm,latest,fpRoundReg
automated_gscl45nm_hight_latest_final_CONTROL.gml,automated_gscl45nm,latest,CONTROL
automated_gscl45nm_two_dimensional_fast_hartley_transform_latest_final_fht_bfly_noFF.gml,automated_gscl45nm,latest,fht_bfly_noFF
automated_gscl45nm_signed_integer_divider_latest_final_adder_32bit.gml,automated_gscl45nm,latest,adder_32bit
automated_gscl45nm_des-master_final_key_sel3.gml,automated_gscl45nm,des-master,key_sel3
automated_gscl45nm_a-z80_latest_final_alu.gml,automated_gscl45nm,latest,alu
automated_gscl45nm_cookbook_final_crc32_dat80_flat.gml,automated_gscl45nm,cookbook,crc32_dat80_flat
automated_gscl45nm_cavlc_latest_final_cavlc_read_total_zeros.gml,automated_gscl45nm,latest,cavlc_read_total_zeros
automated_gscl45nm_rtf8088_latest_final_nmi_detector.gml,automated_gscl45nm,latest,nmi_detector
automated_gscl45nm_gcm-aes_latest_final_aes_key_expand_128.gml,automated_gscl45nm,latest,aes_key_expand_128
automated_gscl45nm_Lightweight-Threshold-Implementations-master_final_round.gml,automated_gscl45nm,Lightweight-Threshold-Implementations-master,round
automated_gscl45nm_cookbook_final_syndrome_round.gml,automated_gscl45nm,cookbook,syndrome_round
automated_gscl45nm_iscas_final_Circuit74182.gml,automated_gscl45nm,iscas,Circuit74182
automated_gscl45nm_cookbook_final_fec_rot_23.gml,automated_gscl45nm,cookbook,fec_rot_23
automated_gscl45nm_cookbook_final_word_adder_plai.gml,automated_gscl45nm,cookbook,word_adder_plai
automated_gscl45nm_fpga-median_latest_final_nod.gml,automated_gscl45nm,latest,nod
automated_gscl45nm_mem_ctrl_latest_final_cs_check.gml,automated_gscl45nm,latest,cs_check
automated_gscl45nm_rs_encoder_decoder_latest_final_GF8Mult165.gml,automated_gscl45nm,latest,GF8Mult165
automated_gscl45nm_rs_encoder_decoder_latest_final_GF8Mult171.gml,automated_gscl45nm,latest,GF8Mult171
automated_gscl45nm_rs_encoder_decoder_latest_final_Mux8To1.gml,automated_gscl45nm,latest,Mux8To1
automated_gscl45nm_m1_core_latest_final_ps2_top.gml,automated_gscl45nm,latest,ps2_top
automated_gscl45nm_rs_encoder_decoder_latest_final_GF8Mult159.gml,automated_gscl45nm,latest,GF8Mult159
automated_gscl45nm_AES-T100_final_TSC.gml,automated_gscl45nm,AES-T100,TSC
automated_gscl45nm_cookbook_final_fec_rot_3.gml,automated_gscl45nm,cookbook,fec_rot_3
automated_gscl45nm_orsoc_graphics_accelerator_final_gfx_interp.gml,automated_gscl45nm,accelerator,gfx_interp
automated_gscl45nm_fpu_latest_final_mul_r2.gml,automated_gscl45nm,latest,mul_r2
automated_gscl45nm_openmsp430_latest_final_omsp_sfr.gml,automated_gscl45nm,latest,omsp_sfr
automated_gscl45nm_m32632_latest_final_ex_out_reg.gml,automated_gscl45nm,latest,ex_out_reg
automated_gscl45nm_minirisc_latest_final_mux8_1.gml,automated_gscl45nm,latest,mux8_1
automated_gscl45nm_openmsp430_latest_final_omsp_dbg.gml,automated_gscl45nm,latest,omsp_dbg
automated_gscl45nm_openmsp430_latest_final_ram_8x512_lo.gml,automated_gscl45nm,latest,ram_8x512_lo
automated_gscl45nm_turbo8051_latest_final_half_dup_dble_reg.gml,automated_gscl45nm,latest,half_dup_dble_reg
automated_gscl45nm_SHA_final_SHA256_INTERFACE.gml,automated_gscl45nm,SHA,SHA256_INTERFACE
automated_gscl45nm_rs_encoder_decoder_latest_final_GF8Mult116.gml,automated_gscl45nm,latest,GF8Mult116
automated_gscl45nm_cookbook_final_gearbox_32_33.gml,automated_gscl45nm,cookbook,gearbox_32_33
automated_gscl45nm_a-z80_latest_final_data_swit.gml,automated_gscl45nm,latest,data_swit
automated_gscl45nm_ecg_latest_final_func8.gml,automated_gscl45nm,latest,func8
automated_gscl45nm_rs_encoder_decoder_latest_final_GF8Mult102.gml,automated_gscl45nm,latest,GF8Mult102
automated_gscl45nm_ft816float_latest_final_IntToFloat_t.gml,automated_gscl45nm,latest,IntToFloat_t
automated_gscl45nm_turbo8051_latest_final_oc8051_multiply.gml,automated_gscl45nm,latest,oc8051_multiply
automated_gscl45nm_aes-128_pipelined_encryption_latest_final_MixColumns.gml,automated_gscl45nm,latest,MixColumns
automated_gscl45nm_rs_encoder_decoder_latest_final_GF8Mult6.gml,automated_gscl45nm,latest,GF8Mult6
automated_gscl45nm_cookbook_final_des.gml,automated_gscl45nm,cookbook,des
automated_gscl45nm_tiny_aes_latest_final_T.gml,automated_gscl45nm,latest,T
automated_gscl45nm_sdr_ctrl_latest_final_BUFFER.gml,automated_gscl45nm,latest,BUFFER
automated_gscl45nm_rs_5_3_gf256_latest_final_SYN2ERR.gml,automated_gscl45nm,latest,SYN2ERR
automated_gscl45nm_mriscv_final_bus_sync_sf.gml,automated_gscl45nm,mriscv,bus_sync_sf
automated_gscl45nm_c7552-NS5150_final_c7552.gml,automated_gscl45nm,c7552-NS5150,c7552
automated_gscl45nm_xge_mac_latest_final_meta_sync_singl.gml,automated_gscl45nm,latest,meta_sync_singl
automated_gscl45nm_cookbook_final_equal_const.gml,automated_gscl45nm,cookbook,equal_const
automated_gscl45nm_aes-master_final_aes_cor.gml,automated_gscl45nm,aes-master,aes_cor
automated_gscl45nm_hight_latest_final_CRYPTO_PATH.gml,automated_gscl45nm,latest,CRYPTO_PATH
automated_gscl45nm_xge_mac_latest_final_generic_mem_small.gml,automated_gscl45nm,latest,generic_mem_small
automated_gscl45nm_turbo8051_latest_final_async_fifo.gml,automated_gscl45nm,latest,async_fifo
automated_gscl45nm_cookbook_final_two_to_o.gml,automated_gscl45nm,cookbook,two_to_o
automated_gscl45nm_pairing_latest_final_f33m_mult3.gml,automated_gscl45nm,latest,f33m_mult3
automated_gscl45nm_mriscv_final_axi4_interconnect.gml,automated_gscl45nm,mriscv,axi4_interconnect
automated_gscl45nm_cookbook_final_little_sigma_1_512.gml,automated_gscl45nm,cookbook,little_sigma_1_512
automated_gscl45nm_ft816float_latest_final_f2i_t.gml,automated_gscl45nm,latest,f2i_t
automated_gscl45nm_aes_highthroughput_lowarea_latest_final_mix_columns.gml,automated_gscl45nm,latest,mix_columns
automated_gscl45nm_rs_encoder_decoder_latest_final_GF8GenMultModA.gml,automated_gscl45nm,latest,GF8GenMultModA
automated_gscl45nm_aes-128_pipelined_encryption_latest_final_RoundKeyG.gml,automated_gscl45nm,latest,RoundKeyG
automated_gscl45nm_orsoc_graphics_accelerator_final_gfx_rasterizer.gml,automated_gscl45nm,accelerator,gfx_rasterizer
automated_gscl45nm_apbtoaes128_latest_final_key_expander.gml,automated_gscl45nm,latest,key_expander
automated_gscl45nm_aes-master_final_aes_encipher_block.gml,automated_gscl45nm,aes-master,aes_encipher_block
automated_gscl45nm_cookbook_final_rand_test.gml,automated_gscl45nm,cookbook,rand_test
automated_gscl45nm_rs_encoder_decoder_latest_final_GF8Mult16.gml,automated_gscl45nm,latest,GF8Mult16
automated_gscl45nm_signed_integer_divider_latest_final_operator_A.gml,automated_gscl45nm,latest,operator_A
automated_gscl45nm_rs_encoder_decoder_latest_final_GF8Mult248.gml,automated_gscl45nm,latest,GF8Mult248
automated_gscl45nm_cookbook_final_gf_mult_by_a6.gml,automated_gscl45nm,cookbook,gf_mult_by_a6
automated_gscl45nm_iscas_final_s444.gml,automated_gscl45nm,iscas,s444
automated_gscl45nm_cookbook_final_inv_mix_columns.gml,automated_gscl45nm,cookbook,inv_mix_columns
automated_gscl45nm_cookbook_final_gf_mult_by_59.gml,automated_gscl45nm,cookbook,gf_mult_by_59
automated_gscl45nm_mips_16_latest_final_register_fil.gml,automated_gscl45nm,latest,register_fil
automated_gscl45nm_Lightweight-Threshold-Implementations-master_final_key_schedule_modified1_simon_parallel.gml,automated_gscl45nm,Lightweight-Threshold-Implementations-master,key_schedule_modified1_simon_parallel
automated_gscl45nm_cookbook_final_gf_mult_by_71.gml,automated_gscl45nm,cookbook,gf_mult_by_71
automated_gscl45nm_cookbook_final_gf_mult_by_65.gml,automated_gscl45nm,cookbook,gf_mult_by_65
automated_gscl45nm_fpu_latest_final_except.gml,automated_gscl45nm,latest,except
automated_gscl45nm_gost28147-89_latest_final_gost89_ecb_decrypt.gml,automated_gscl45nm,latest,gost89_ecb_decrypt
automated_gscl45nm_cookbook_final_ring_counter.gml,automated_gscl45nm,cookbook,ring_counter
automated_gscl45nm_rs_encoder_decoder_latest_final_GF8tmmult.gml,automated_gscl45nm,latest,GF8tmmult
automated_gscl45nm_hight_latest_final_KEY_SCHED.gml,automated_gscl45nm,latest,KEY_SCHED
automated_gscl45nm_mem_ctrl_latest_final_mc_obct.gml,automated_gscl45nm,latest,mc_obct
automated_gscl45nm_ft816float_latest_final_fpRound.gml,automated_gscl45nm,latest,fpRound
automated_gscl45nm_ft816float_latest_final_FloatToInt.gml,automated_gscl45nm,latest,FloatToInt
automated_gscl45nm_hight_latest_final_WF.gml,automated_gscl45nm,latest,WF
automated_gscl45nm_cookbook_final_ecc_raw_data_64bit.gml,automated_gscl45nm,cookbook,ecc_raw_data_64bit
automated_gscl45nm_edge_latest_final_zero_extend.gml,automated_gscl45nm,latest,zero_extend
automated_gscl45nm_cookbook_final_gf_mult_by_64.gml,automated_gscl45nm,cookbook,gf_mult_by_64
automated_gscl45nm_cookbook_final_gf_mult_by_aa.gml,automated_gscl45nm,cookbook,gf_mult_by_aa
automated_gscl45nm_cookbook_final_gf_invers.gml,automated_gscl45nm,cookbook,gf_invers
automated_gscl45nm_cookbook_final_gf_mult_by_70.gml,automated_gscl45nm,cookbook,gf_mult_by_70
automated_gscl45nm_cookbook_final_cntr_modulus_la.gml,automated_gscl45nm,cookbook,cntr_modulus_la
automated_gscl45nm_mriscv_final_completogpio.gml,automated_gscl45nm,mriscv,completogpio
automated_gscl45nm_c7552-NS5150_final_AntiSAT.gml,automated_gscl45nm,c7552-NS5150,AntiSAT
automated_gscl45nm_cookbook_final_gf_mult_by_58.gml,automated_gscl45nm,cookbook,gf_mult_by_58
automated_gscl45nm_Lightweight-Threshold-Implementations-master_final_share_roundTI.gml,automated_gscl45nm,Lightweight-Threshold-Implementations-master,share_roundTI
automated_gscl45nm_SHA_final_SHA256_CORE.gml,automated_gscl45nm,SHA,SHA256_CORE
automated_gscl45nm_cookbook_final_gf_mult_by_a7.gml,automated_gscl45nm,cookbook,gf_mult_by_a7
automated_gscl45nm_jt51_latest_final_jt51_phaseg.gml,automated_gscl45nm,latest,jt51_phaseg
automated_gscl45nm_cookbook_final_gf_mult_by_7f.gml,automated_gscl45nm,cookbook,gf_mult_by_7f
automated_gscl45nm_cookbook_final_ready_skid.gml,automated_gscl45nm,cookbook,ready_skid
automated_gscl45nm_rs_encoder_decoder_latest_final_GF8Mult249.gml,automated_gscl45nm,latest,GF8Mult249
automated_gscl45nm_mriscvcore_final_ALU_and.gml,automated_gscl45nm,mriscvcore,ALU_and
automated_gscl45nm_aes_highthroughput_lowarea_latest_final_xtimes.gml,automated_gscl45nm,latest,xtimes
automated_gscl45nm_rs_encoder_decoder_latest_final_GF8Mult17.gml,automated_gscl45nm,latest,GF8Mult17
automated_gscl45nm_ft816float_latest_final_fpMul.gml,automated_gscl45nm,latest,fpMul
automated_gscl45nm_cookbook_final_fn_maj.gml,automated_gscl45nm,cookbook,fn_maj
automated_gscl45nm_cookbook_final_non_carry_add.gml,automated_gscl45nm,cookbook,non_carry_add
automated_gscl45nm_pairing_latest_final_f33m_mult2.gml,automated_gscl45nm,latest,f33m_mult2
automated_gscl45nm_SHA_final_CSA.gml,automated_gscl45nm,SHA,CSA
automated_gscl45nm_cookbook_final_error_loc_poly_round.gml,automated_gscl45nm,cookbook,error_loc_poly_round
automated_gscl45nm_RSA-Verilog-master_final_mon_prod.gml,automated_gscl45nm,RSA-Verilog-master,mon_prod
automated_gscl45nm_cookbook_final_mask_32.gml,automated_gscl45nm,cookbook,mask_32
automated_gscl45nm_minirisc_latest_final_alu.gml,automated_gscl45nm,latest,alu
automated_gscl45nm_pci_express_crc_latest_final_crc32d16.gml,automated_gscl45nm,latest,crc32d16
automated_gscl45nm_epfl_final_mem_ctrl.gml,automated_gscl45nm,epfl,mem_ctrl
automated_gscl45nm_sha3_latest_final_rconst2in1.gml,automated_gscl45nm,latest,rconst2in1
automated_gscl45nm_cookbook_final_word_align_control.gml,automated_gscl45nm,cookbook,word_align_control
automated_gscl45nm_rs_encoder_decoder_latest_final_GF8Mult7.gml,automated_gscl45nm,latest,GF8Mult7
automated_gscl45nm_cookbook_final_gray_cntr.gml,automated_gscl45nm,cookbook,gray_cntr
automated_gscl45nm_edge_latest_final_alu.gml,automated_gscl45nm,latest,alu
automated_gscl45nm_altor32_latest_final_altor32_noica.gml,automated_gscl45nm,latest,altor32_noica
automated_gscl45nm_m32632_latest_final_SCANDIG.gml,automated_gscl45nm,latest,SCANDIG
automated_gscl45nm_a-z80_latest_final_z80_top_direct_.gml,automated_gscl45nm,latest,z80_top_direct_
automated_gscl45nm_ecg_latest_final_func9.gml,automated_gscl45nm,latest,func9
automated_gscl45nm_rs_encoder_decoder_latest_final_GF8Mult103.gml,automated_gscl45nm,latest,GF8Mult103
automated_gscl45nm_rs_encoder_decoder_latest_final_GF8Mult117.gml,automated_gscl45nm,latest,GF8Mult117
automated_gscl45nm_iscas_final_c3540.gml,automated_gscl45nm,iscas,c3540
automated_gscl45nm_AES-T1000_final_xS.gml,automated_gscl45nm,AES-T1000,xS
automated_gscl45nm_cpu8080_latest_final_scnrom.gml,automated_gscl45nm,latest,scnrom
automated_gscl45nm_uart-master_final_uart.gml,automated_gscl45nm,uart-master,uart
automated_gscl45nm_8bit_vedic_multiplier_latest_final_ripple_adder_12bit.gml,automated_gscl45nm,latest,ripple_adder_12bit
automated_gscl45nm_cookbook_final_crc32_dat56_flat.gml,automated_gscl45nm,cookbook,crc32_dat56_flat
automated_gscl45nm_fixed_point_arithmetic_parameterized_latest_final_qadd.gml,automated_gscl45nm,latest,qadd
automated_gscl45nm_apbtoaes128_latest_final_aes_cor.gml,automated_gscl45nm,latest,aes_cor
automated_gscl45nm_sha512-master_final_sha512_h_constants.gml,automated_gscl45nm,sha512-master,sha512_h_constants
automated_gscl45nm_Lightweight-Threshold-Implementations-master_final_sub1.gml,automated_gscl45nm,Lightweight-Threshold-Implementations-master,sub1
automated_gscl45nm_xge_mac_latest_final_sync_clk_w.gml,automated_gscl45nm,latest,sync_clk_w
automated_gscl45nm_iscas_final_TopLevel74L85.gml,automated_gscl45nm,iscas,TopLevel74L85
automated_gscl45nm_aes-encryption_latest_final_aes_cipher_top.gml,automated_gscl45nm,latest,aes_cipher_top
automated_gscl45nm_i2c_latest_final_i2c_master_byte_ctrl.gml,automated_gscl45nm,latest,i2c_master_byte_ctrl
automated_gscl45nm_jt51_latest_final_jt51_exp2li.gml,automated_gscl45nm,latest,jt51_exp2li
automated_gscl45nm_altor32_latest_final_dmem_mux3.gml,automated_gscl45nm,latest,dmem_mux3
automated_gscl45nm_systemcaes_latest_final_aes.gml,automated_gscl45nm,latest,aes
automated_gscl45nm_rs_encoder_decoder_latest_final_GF8Mult101.gml,automated_gscl45nm,latest,GF8Mult101
automated_gscl45nm_iscas_final_c1355.gml,automated_gscl45nm,iscas,c1355
automated_gscl45nm_rs_encoder_decoder_latest_final_GF8Mult115.gml,automated_gscl45nm,latest,GF8Mult115
automated_gscl45nm_pairing_latest_final_f3m_mult3.gml,automated_gscl45nm,latest,f3m_mult3
automated_gscl45nm_fast_antilog_latest_final_AntiLog2.gml,automated_gscl45nm,latest,AntiLog2
automated_gscl45nm_rs_encoder_decoder_latest_final_GF8Mult129.gml,automated_gscl45nm,latest,GF8Mult129
automated_gscl45nm_iscas_final_CLAmodul.gml,automated_gscl45nm,iscas,CLAmodul
automated_gscl45nm_des_latest_final_sbox8.gml,automated_gscl45nm,latest,sbox8
automated_gscl45nm_rs_encoder_decoder_latest_final_GF8Mult5.gml,automated_gscl45nm,latest,GF8Mult5
automated_gscl45nm_reed_solomon_decoder_latest_final_out_stag.gml,automated_gscl45nm,latest,out_stag
automated_gscl45nm_systemcaes_latest_final_keysched.gml,automated_gscl45nm,latest,keysched
automated_gscl45nm_Lightweight-Threshold-Implementations-master_final_bitSpeck128_128_hierarchy_carry_sharing.gml,automated_gscl45nm,Lightweight-Threshold-Implementations-master,bitSpeck128_128_hierarchy_carry_sharing
automated_gscl45nm_rs_decoder_31_19_6_latest_final_degree6_cell.gml,automated_gscl45nm,latest,degree6_cell
automated_gscl45nm_rs_encoder_decoder_latest_final_GF8GenMultBitSer.gml,automated_gscl45nm,latest,GF8GenMultBitSer
automated_gscl45nm_xge_mac_latest_final_fault_sm.gml,automated_gscl45nm,latest,fault_sm
automated_gscl45nm_orsoc_graphics_accelerator_final_color_to_memory.gml,automated_gscl45nm,accelerator,color_to_memory
automated_gscl45nm_iscas_final_s1238.gml,automated_gscl45nm,iscas,s1238
automated_gscl45nm_cookbook_final_iter_addsu.gml,automated_gscl45nm,cookbook,iter_addsu
automated_gscl45nm_aes-master_final_aes.gml,automated_gscl45nm,aes-master,aes
automated_gscl45nm_rs_encoder_decoder_latest_final_GF8GenMultModB.gml,automated_gscl45nm,latest,GF8GenMultModB
automated_gscl45nm_tiny_tate_bilinear_pairing_latest_final_select.gml,automated_gscl45nm,latest,select
automated_gscl45nm_openmsp430_latest_final_virtex6_dmem.gml,automated_gscl45nm,latest,virtex6_dmem
automated_gscl45nm_rs_encoder_decoder_latest_final_GF8Mult29.gml,automated_gscl45nm,latest,GF8Mult29
automated_gscl45nm_aes_highthroughput_lowarea_latest_final_sbox.gml,automated_gscl45nm,latest,sbox
automated_gscl45nm_openmsp430_latest_final_omsp_sync_cell.gml,automated_gscl45nm,latest,omsp_sync_cell
automated_gscl45nm_reed_solomon_decoder_latest_final_transport_in2out.gml,automated_gscl45nm,latest,transport_in2out
automated_gscl45nm_signed_integer_divider_latest_final_operator_B.gml,automated_gscl45nm,latest,operator_B
automated_gscl45nm_rs_encoder_decoder_latest_final_GF8Mult15.gml,automated_gscl45nm,latest,GF8Mult15
automated_gscl45nm_turbo8051_latest_final_oc8051_dptr.gml,automated_gscl45nm,latest,oc8051_dptr
automated_gscl45nm_a-z80_latest_final_reg_lat.gml,automated_gscl45nm,latest,reg_lat
automated_gscl45nm_edge_latest_final_shift_left2.gml,automated_gscl45nm,latest,shift_left2
automated_gscl45nm_mem_ctrl_latest_final_mc_obct_top.gml,automated_gscl45nm,latest,mc_obct_top
automated_gscl45nm_AES-T1000_final_one_round.gml,automated_gscl45nm,AES-T1000,one_round
automated_gscl45nm_cookbook_final_gf_mult_by_7d.gml,automated_gscl45nm,cookbook,gf_mult_by_7d
automated_gscl45nm_cookbook_final_gf_mult_by_a5.gml,automated_gscl45nm,cookbook,gf_mult_by_a5
automated_gscl45nm_iscas_final_foobar.gml,automated_gscl45nm,iscas,foobar
automated_gscl45nm_a-z80_latest_final_inc_dec_2bit.gml,automated_gscl45nm,latest,inc_dec_2bit
automated_gscl45nm_cookbook_final_buf_3to2.gml,automated_gscl45nm,cookbook,buf_3to2
automated_gscl45nm_iscas_final_s38584.gml,automated_gscl45nm,iscas,s38584
automated_gscl45nm_cookbook_final_gf_mult_by_66.gml,automated_gscl45nm,cookbook,gf_mult_by_66
automated_gscl45nm_cookbook_final_gf_mult_by_72.gml,automated_gscl45nm,cookbook,gf_mult_by_72
automated_gscl45nm_m1_core_latest_final_m1_di.gml,automated_gscl45nm,latest,m1_di
automated_gscl45nm_cookbook_final_gf_mult_by_b9.gml,automated_gscl45nm,cookbook,gf_mult_by_b9
automated_gscl45nm_iscas_final_c17.gml,automated_gscl45nm,iscas,c17
automated_gscl45nm_sha512-master_final_sha512.gml,automated_gscl45nm,sha512-master,sha512
automated_gscl45nm_cookbook_final_gf_mult_by_99.gml,automated_gscl45nm,cookbook,gf_mult_by_99
automated_gscl45nm_iscas_final_Dmodul.gml,automated_gscl45nm,iscas,Dmodul
automated_gscl45nm_reed_solomon_codec_generator_latest_final_RsDecodeDegr.gml,automated_gscl45nm,latest,RsDecodeDegr
automated_gscl45nm_pairing_latest_final_func8.gml,automated_gscl45nm,latest,func8
automated_gscl45nm_iscas_final_Emodul.gml,automated_gscl45nm,iscas,Emodul
automated_gscl45nm_ecg_latest_final_f3m_add4.gml,automated_gscl45nm,latest,f3m_add4
automated_gscl45nm_gng_latest_final_gng.gml,automated_gscl45nm,latest,gng
automated_gscl45nm_cookbook_final_gf_mult_by_98.gml,automated_gscl45nm,cookbook,gf_mult_by_98
automated_gscl45nm_cookbook_final_gf_mult_by_73.gml,automated_gscl45nm,cookbook,gf_mult_by_73
automated_gscl45nm_cookbook_final_gf_mult_by_b8.gml,automated_gscl45nm,cookbook,gf_mult_by_b8
automated_gscl45nm_cookbook_final_gf_mult_by_67.gml,automated_gscl45nm,cookbook,gf_mult_by_67
automated_gscl45nm_cookbook_final_des_to_string.gml,automated_gscl45nm,cookbook,des_to_string
automated_gscl45nm_cookbook_final_gf_mult_by_a4.gml,automated_gscl45nm,cookbook,gf_mult_by_a4
automated_gscl45nm_cookbook_final_gf_mult_by_6a.gml,automated_gscl45nm,cookbook,gf_mult_by_6a
automated_gscl45nm_cookbook_final_crc32c_dat32_flat.gml,automated_gscl45nm,cookbook,crc32c_dat32_flat
automated_gscl45nm_rs_encoder_decoder_latest_final_GF8Mult14.gml,automated_gscl45nm,latest,GF8Mult14
automated_gscl45nm_signed_integer_divider_latest_final_operator_C.gml,automated_gscl45nm,latest,operator_C
automated_gscl45nm_minirisc_latest_final_mux2_8.gml,automated_gscl45nm,latest,mux2_8
automated_gscl45nm_rs_encoder_decoder_latest_final_GF8Mult28.gml,automated_gscl45nm,latest,GF8Mult28
automated_gscl45nm_openmsp430_latest_final_omsp_timerA.gml,automated_gscl45nm,latest,omsp_timerA
automated_gscl45nm_gng_latest_final_gng_ctg.gml,automated_gscl45nm,latest,gng_ctg
automated_gscl45nm_cookbook_final_five_to_twenty.gml,automated_gscl45nm,cookbook,five_to_twenty
automated_gscl45nm_m32632_latest_final_FILTCMP.gml,automated_gscl45nm,latest,FILTCMP
automated_gscl45nm_cookbook_final_compress_42.gml,automated_gscl45nm,cookbook,compress_42
automated_gscl45nm_mem_ctrl_latest_final_mc_cs_rf_dummy.gml,automated_gscl45nm,latest,mc_cs_rf_dummy
automated_gscl45nm_epfl_final_d.gml,automated_gscl45nm,epfl,d
automated_gscl45nm_orsoc_graphics_accelerator_final_bresenham_li.gml,automated_gscl45nm,accelerator,bresenham_li
automated_gscl45nm_epfl_final_i2.gml,automated_gscl45nm,epfl,i2
automated_gscl45nm_AES-T200_final_lfsr_counter.gml,automated_gscl45nm,AES-T200,lfsr_counter
automated_gscl45nm_cookbook_final_pipeline_add.gml,automated_gscl45nm,cookbook,pipeline_add
automated_gscl45nm_m32632_latest_final_DECODER.gml,automated_gscl45nm,latest,DECODER
automated_gscl45nm_numbert_sort_device_latest_final_SEG7_LUT.gml,automated_gscl45nm,latest,SEG7_LUT
automated_gscl45nm_mriscv_final_decodificador_apd.gml,automated_gscl45nm,mriscv,decodificador_apd
automated_gscl45nm_cookbook_final_random_delay.gml,automated_gscl45nm,cookbook,random_delay
automated_gscl45nm_rs_encoder_decoder_latest_final_Memmory.gml,automated_gscl45nm,latest,Memmory
automated_gscl45nm_Lightweight-Threshold-Implementations-master_final_p_datapat.gml,automated_gscl45nm,Lightweight-Threshold-Implementations-master,p_datapat
automated_gscl45nm_ft816float_latest_final_fp_cmp_unit.gml,automated_gscl45nm,latest,fp_cmp_unit
automated_gscl45nm_cpu8080_latest_final_SM8080.gml,automated_gscl45nm,latest,SM8080
automated_gscl45nm_RSA-Verilog-master_final_shift_add_mult2.gml,automated_gscl45nm,RSA-Verilog-master,shift_add_mult2
automated_gscl45nm_cookbook_final_bus_mux.gml,automated_gscl45nm,cookbook,bus_mux
automated_gscl45nm_sha3_latest_final_round2in1.gml,automated_gscl45nm,latest,round2in1
automated_gscl45nm_rs_encoder_decoder_latest_final_GF8Mult4.gml,automated_gscl45nm,latest,GF8Mult4
automated_gscl45nm_orsoc_graphics_accelerator_final_gfx_wbm_read.gml,automated_gscl45nm,accelerator,gfx_wbm_read
automated_gscl45nm_fpu_latest_final_post_norm.gml,automated_gscl45nm,latest,post_norm
automated_gscl45nm_rs_encoder_decoder_latest_final_GF8Mult128.gml,automated_gscl45nm,latest,GF8Mult128
automated_gscl45nm_openmsp430_latest_final_omsp_watchdog.gml,automated_gscl45nm,latest,omsp_watchdog
automated_gscl45nm_mem_ctrl_latest_final_mc_adr_sel.gml,automated_gscl45nm,latest,mc_adr_sel
automated_gscl45nm_openmsp430_latest_final_virtex6_pmem.gml,automated_gscl45nm,latest,virtex6_pmem
automated_gscl45nm_cookbook_final_crc32_dat112_flat.gml,automated_gscl45nm,cookbook,crc32_dat112_flat
automated_gscl45nm_BLAKE_final_BLAKE_G_FUNCTION.gml,automated_gscl45nm,BLAKE,BLAKE_G_FUNCTION
automated_gscl45nm_mriscvcore_final_REG_FILE.gml,automated_gscl45nm,mriscvcore,REG_FILE
automated_gscl45nm_sha512-master_final_sha512_w_mem.gml,automated_gscl45nm,sha512-master,sha512_w_mem
automated_gscl45nm_rs_encoder_decoder_latest_final_GF8Mult114.gml,automated_gscl45nm,latest,GF8Mult114
automated_gscl45nm_fast_log_latest_final_Log2higha.gml,automated_gscl45nm,latest,Log2higha
automated_gscl45nm_rs_encoder_decoder_latest_final_GF8Mult100.gml,automated_gscl45nm,latest,GF8Mult100
automated_gscl45nm_turbo8051_latest_final_wb_interfa.gml,automated_gscl45nm,latest,wb_interfa
automated_gscl45nm_gost28147-89_latest_final_gost89_round.gml,automated_gscl45nm,latest,gost89_round
automated_gscl45nm_pairing_latest_final_f3_add1.gml,automated_gscl45nm,latest,f3_add1
automated_gscl45nm_m32632_latest_final_ex_io_bus_ctrl.gml,automated_gscl45nm,latest,ex_io_bus_ctrl
automated_gscl45nm_iscas_final_s526.gml,automated_gscl45nm,iscas,s526
automated_gscl45nm_BLAKE_final_BLAKE_INTERFACE.gml,automated_gscl45nm,BLAKE,BLAKE_INTERFACE
automated_gscl45nm_cookbook_final_bin_to_7seg.gml,automated_gscl45nm,cookbook,bin_to_7seg
automated_gscl45nm_AES-T200_final_expand_key_128.gml,automated_gscl45nm,AES-T200,expand_key_128
automated_gscl45nm_bch_configurable_latest_final_test_bch_bm.gml,automated_gscl45nm,latest,test_bch_bm
automated_gscl45nm_mem_ctrl_latest_final_mc_mem_if.gml,automated_gscl45nm,latest,mc_mem_if
automated_gscl45nm_m32632_latest_final_FP_STAT_REG.gml,automated_gscl45nm,latest,FP_STAT_REG
automated_gscl45nm_mriscvcore_final_ALU_beq.gml,automated_gscl45nm,mriscvcore,ALU_beq
automated_gscl45nm_jt51_latest_final_jt51_envelop.gml,automated_gscl45nm,latest,jt51_envelop
automated_gscl45nm_rs_encoder_decoder_latest_final_GF8Mult138.gml,automated_gscl45nm,latest,GF8Mult138
automated_gscl45nm_cookbook_final_gearbox_67_20.gml,automated_gscl45nm,cookbook,gearbox_67_20
automated_gscl45nm_ft816float_latest_final_cntlo16.gml,automated_gscl45nm,latest,cntlo16
automated_gscl45nm_ecg_latest_final_f3m_i.gml,automated_gscl45nm,latest,f3m_i
automated_gscl45nm_rs_encoder_decoder_latest_final_GF8Mult104.gml,automated_gscl45nm,latest,GF8Mult104
automated_gscl45nm_rs_encoder_decoder_latest_final_GF8Mult110.gml,automated_gscl45nm,latest,GF8Mult110
automated_gscl45nm_reed_solomon_decoder_latest_final_DP_RAM.gml,automated_gscl45nm,latest,DP_RAM
automated_gscl45nm_apbtoaes128_latest_final_aes_ip.gml,automated_gscl45nm,latest,aes_ip
automated_gscl45nm_altor32_latest_final_cpu.gml,automated_gscl45nm,latest,cpu
automated_gscl45nm_cookbook_final_approx_fp_sqrt.gml,automated_gscl45nm,cookbook,approx_fp_sqrt
automated_gscl45nm_numbert_sort_device_latest_final_dbg_7seg.gml,automated_gscl45nm,latest,dbg_7seg
automated_gscl45nm_turbo8051_latest_final_uart_cfg.gml,automated_gscl45nm,latest,uart_cfg
automated_gscl45nm_pairing_latest_final_f32m_su.gml,automated_gscl45nm,latest,f32m_su
automated_gscl45nm_rs_encoder_decoder_latest_final_GF8Mult0.gml,automated_gscl45nm,latest,GF8Mult0
automated_gscl45nm_minirisc_latest_final_inc11.gml,automated_gscl45nm,latest,inc11
automated_gscl45nm_openmsp430_latest_final_ram_16x1k_dp.gml,automated_gscl45nm,latest,ram_16x1k_dp
automated_gscl45nm_Lightweight-Threshold-Implementations-master_final_bitSpeck128_128_unpro.gml,automated_gscl45nm,Lightweight-Threshold-Implementations-master,bitSpeck128_128_unpro
automated_gscl45nm_sha512-master_final_sha512_k_constants.gml,automated_gscl45nm,sha512-master,sha512_k_constants
automated_gscl45nm_mriscvcore_final_Count.gml,automated_gscl45nm,mriscvcore,Count
automated_gscl45nm_Lightweight-Threshold-Implementations-master_final_and4.gml,automated_gscl45nm,Lightweight-Threshold-Implementations-master,and4
automated_gscl45nm_rs_5_3_gf256_latest_final_RS_5_3_GF256.gml,automated_gscl45nm,latest,RS_5_3_GF256
automated_gscl45nm_mriscvcore_final_ALU_xor.gml,automated_gscl45nm,mriscvcore,ALU_xor
automated_gscl45nm_cookbook_final_twelve_four_comp.gml,automated_gscl45nm,cookbook,twelve_four_comp
automated_gscl45nm_iscas_final_TopLevel74182.gml,automated_gscl45nm,iscas,TopLevel74182
automated_gscl45nm_rs_encoder_decoder_latest_final_GF8Mult10.gml,automated_gscl45nm,latest,GF8Mult10
automated_gscl45nm_fpu_latest_final_delay3.gml,automated_gscl45nm,latest,delay3
automated_gscl45nm_cookbook_final_cntr_upd.gml,automated_gscl45nm,cookbook,cntr_upd
automated_gscl45nm_openmsp430_latest_final_omsp_clock_modul.gml,automated_gscl45nm,latest,omsp_clock_modul
automated_gscl45nm_rs_encoder_decoder_latest_final_GF8Mult38.gml,automated_gscl45nm,latest,GF8Mult38
automated_gscl45nm_edge_latest_final_Edge_Cor.gml,automated_gscl45nm,latest,Edge_Cor
automated_gscl45nm_openmsp430_latest_final_ogfx_backend_lut_fifo.gml,automated_gscl45nm,latest,ogfx_backend_lut_fifo
automated_gscl45nm_m32632_latest_final_REGISTER.gml,automated_gscl45nm,latest,REGISTER
automated_gscl45nm_cookbook_final_gf_mult_by_63.gml,automated_gscl45nm,cookbook,gf_mult_by_63
automated_gscl45nm_cookbook_final_gf_mult_by_c8.gml,automated_gscl45nm,cookbook,gf_mult_by_c8
automated_gscl45nm_cookbook_final_gf_mult_by_af.gml,automated_gscl45nm,cookbook,gf_mult_by_af
automated_gscl45nm_cookbook_final_gf_mult_by_77.gml,automated_gscl45nm,cookbook,gf_mult_by_77
automated_gscl45nm_cookbook_final_gf_mult_by_a0.gml,automated_gscl45nm,cookbook,gf_mult_by_a0
automated_gscl45nm_mem_ctrl_latest_final_sync_cs_d.gml,automated_gscl45nm,latest,sync_cs_d
automated_gscl45nm_m32632_latest_final_ex_in_reg.gml,automated_gscl45nm,latest,ex_in_reg
automated_gscl45nm_cookbook_final_gf_mult_by_7a.gml,automated_gscl45nm,cookbook,gf_mult_by_7a
automated_gscl45nm_csa_latest_final_led_cnt.gml,automated_gscl45nm,latest,led_cnt
automated_gscl45nm_openmsp430_latest_final_driver_7segment.gml,automated_gscl45nm,latest,driver_7segment
automated_gscl45nm_edge_latest_final_Coprocessor0.gml,automated_gscl45nm,latest,Coprocessor0
automated_gscl45nm_cookbook_final_gf_mult_by_88.gml,automated_gscl45nm,cookbook,gf_mult_by_88
automated_gscl45nm_cookbook_final_ternary_add.gml,automated_gscl45nm,cookbook,ternary_add
automated_gscl45nm_mesi_isc_final_mesi_isc_breq_fifos_cntl.gml,automated_gscl45nm,isc,mesi_isc_breq_fifos_cntl
automated_gscl45nm_cookbook_final_gf_mult_by_89.gml,automated_gscl45nm,cookbook,gf_mult_by_89
automated_gscl45nm_AES-T200_final_table_lookup.gml,automated_gscl45nm,AES-T200,table_lookup
automated_gscl45nm_openmsp430_latest_final_ogfx_ram_arbiter.gml,automated_gscl45nm,latest,ogfx_ram_arbiter
automated_gscl45nm_rs_encoder_decoder_latest_final_RS8Encoder8t.gml,automated_gscl45nm,latest,RS8Encoder8t
automated_gscl45nm_iscas_final_IV.gml,automated_gscl45nm,iscas,IV
automated_gscl45nm_m32632_latest_final_DCACHE_SM.gml,automated_gscl45nm,latest,DCACHE_SM
automated_gscl45nm_altor32_latest_final_altor32_wb_fet.gml,automated_gscl45nm,latest,altor32_wb_fet
automated_gscl45nm_apbtoaes128_latest_final_sBox_8.gml,automated_gscl45nm,latest,sBox_8
automated_gscl45nm_iscas_final_s35932.gml,automated_gscl45nm,iscas,s35932
automated_gscl45nm_cookbook_final_gf_mult_by_a1.gml,automated_gscl45nm,cookbook,gf_mult_by_a1
automated_gscl45nm_aes_decrypt_fpga_latest_final_MUXF7.gml,automated_gscl45nm,latest,MUXF7
automated_gscl45nm_cookbook_final_crc32_dat40_flat.gml,automated_gscl45nm,cookbook,crc32_dat40_flat
automated_gscl45nm_cookbook_final_gf_mult_by_6d.gml,automated_gscl45nm,cookbook,gf_mult_by_6d
automated_gscl45nm_iscas_final_MUX21H.gml,automated_gscl45nm,iscas,MUX21H
automated_gscl45nm_fast_log_latest_final_Log2flowthru.gml,automated_gscl45nm,latest,Log2flowthru
automated_gscl45nm_sha256-master_final_sha256_w_mem.gml,automated_gscl45nm,sha256-master,sha256_w_mem
automated_gscl45nm_cookbook_final_gf_mult_by_76.gml,automated_gscl45nm,cookbook,gf_mult_by_76
automated_gscl45nm_verilog_fixed_point_math_library_latest_final_qdi.gml,automated_gscl45nm,latest,qdi
automated_gscl45nm_cookbook_final_gf_mult_by_62.gml,automated_gscl45nm,cookbook,gf_mult_by_62
automated_gscl45nm_pairing_latest_final_f3m_add.gml,automated_gscl45nm,latest,f3m_add
automated_gscl45nm_cookbook_final_gf_mult_by_c9.gml,automated_gscl45nm,cookbook,gf_mult_by_c9
automated_gscl45nm_cookbook_final_gf_mult.gml,automated_gscl45nm,cookbook,gf_mult
automated_gscl45nm_turbo8051_latest_final_g_rx_fsm.gml,automated_gscl45nm,latest,g_rx_fsm
automated_gscl45nm_rs_encoder_decoder_latest_final_GF8Mult39.gml,automated_gscl45nm,latest,GF8Mult39
automated_gscl45nm_aes_highthroughput_lowarea_latest_final_inv_byte_mix_columns.gml,automated_gscl45nm,latest,inv_byte_mix_columns
automated_gscl45nm_fpu_latest_final_delay2.gml,automated_gscl45nm,latest,delay2
automated_gscl45nm_rs_encoder_decoder_latest_final_GF8Mult11.gml,automated_gscl45nm,latest,GF8Mult11
automated_gscl45nm_present_encryptor_latest_final_key_updat.gml,automated_gscl45nm,latest,key_updat
automated_gscl45nm_iscas_final_s641.gml,automated_gscl45nm,iscas,s641
automated_gscl45nm_reed_solomon_decoder_latest_final_GF_matrix_ascending_binary.gml,automated_gscl45nm,latest,GF_matrix_ascending_binary
automated_gscl45nm_m1_core_latest_final_wb_int_ctrl.gml,automated_gscl45nm,latest,wb_int_ctrl
automated_gscl45nm_pairing_latest_final_f3m_su.gml,automated_gscl45nm,latest,f3m_su
automated_gscl45nm_cookbook_final_remove_parity.gml,automated_gscl45nm,cookbook,remove_parity
automated_gscl45nm_turbo8051_latest_final_oc8051_alu_src_sel.gml,automated_gscl45nm,latest,oc8051_alu_src_sel
automated_gscl45nm_openmsp430_latest_final_ram.gml,automated_gscl45nm,latest,ram
automated_gscl45nm_AES-T200_final_S4.gml,automated_gscl45nm,AES-T200,S4
automated_gscl45nm_ft816float_latest_final_cntlz24.gml,automated_gscl45nm,latest,cntlz24
automated_gscl45nm_cookbook_final_pn2112_tabl.gml,automated_gscl45nm,cookbook,pn2112_tabl
automated_gscl45nm_orsoc_graphics_accelerator_final_gfx_cuvz.gml,automated_gscl45nm,accelerator,gfx_cuvz
automated_gscl45nm_mriscvcore_final_Alg_Boot.gml,automated_gscl45nm,mriscvcore,Alg_Boot
automated_gscl45nm_edge_latest_final_shifter_decoder.gml,automated_gscl45nm,latest,shifter_decoder
automated_gscl45nm_present_encryptor_latest_final_permutatio.gml,automated_gscl45nm,latest,permutatio
automated_gscl45nm_cookbook_final_uart.gml,automated_gscl45nm,cookbook,uart
automated_gscl45nm_tiny_aes_latest_final_S.gml,automated_gscl45nm,latest,S
automated_gscl45nm_rs_encoder_decoder_latest_final_GF8Mult1.gml,automated_gscl45nm,latest,GF8Mult1
automated_gscl45nm_two_dimensional_fast_hartley_transform_latest_final_signed_mult_const_asi.gml,automated_gscl45nm,latest,signed_mult_const_asi
automated_gscl45nm_turbo8051_latest_final_oc8051_a.gml,automated_gscl45nm,latest,oc8051_a
automated_gscl45nm_des_latest_final_crp.gml,automated_gscl45nm,latest,crp
automated_gscl45nm_rs_encoder_decoder_latest_final_GF8Mult111.gml,automated_gscl45nm,latest,GF8Mult111
automated_gscl45nm_Lightweight-Threshold-Implementations-master_final_sasebo_simo.gml,automated_gscl45nm,Lightweight-Threshold-Implementations-master,sasebo_simo
automated_gscl45nm_BLAKE_final_BLAKE_TOP.gml,automated_gscl45nm,BLAKE,BLAKE_TOP
automated_gscl45nm_cookbook_final_ecc_correction_8bit.gml,automated_gscl45nm,cookbook,ecc_correction_8bit
automated_gscl45nm_xge_mac_latest_final_rx_stats_fifo.gml,automated_gscl45nm,latest,rx_stats_fifo
automated_gscl45nm_aes-master_final_aes_inv_sbox.gml,automated_gscl45nm,aes-master,aes_inv_sbox
automated_gscl45nm_rs_encoder_decoder_latest_final_GF8Mult105.gml,automated_gscl45nm,latest,GF8Mult105
automated_gscl45nm_iscas_final_c2670.gml,automated_gscl45nm,iscas,c2670
automated_gscl45nm_rs_encoder_decoder_latest_final_GF8Mult139.gml,automated_gscl45nm,latest,GF8Mult139
automated_gscl45nm_mriscvcore_final_IRQ.gml,automated_gscl45nm,mriscvcore,IRQ
automated_gscl45nm_turbo8051_latest_final_toggle_sy.gml,automated_gscl45nm,latest,toggle_sy
automated_gscl45nm_viterb_encoder_and_decoder_final_mem.gml,automated_gscl45nm,decoder,mem
automated_gscl45nm_mem_ctrl_latest_final_mc_obct_dummy.gml,automated_gscl45nm,latest,mc_obct_dummy
automated_gscl45nm_iscas_final_c432.gml,automated_gscl45nm,iscas,c432
automated_gscl45nm_openmsp430_latest_final_spartan3_pmem.gml,automated_gscl45nm,latest,spartan3_pmem
automated_gscl45nm_epfl_final_top.gml,automated_gscl45nm,epfl,top
automated_gscl45nm_trigonometric_functions_in_double_fpu_latest_final_cosecant_lut.gml,automated_gscl45nm,latest,cosecant_lut
automated_gscl45nm_cookbook_final_insert_parity.gml,automated_gscl45nm,cookbook,insert_parity
automated_gscl45nm_a-z80_latest_final_pla_decod.gml,automated_gscl45nm,latest,pla_decod
automated_gscl45nm_m1_core_latest_final_ddr_pulse78.gml,automated_gscl45nm,latest,ddr_pulse78
automated_gscl45nm_rs_encoder_decoder_latest_final_GF8Mult113.gml,automated_gscl45nm,latest,GF8Mult113
automated_gscl45nm_rs_encoder_decoder_latest_final_GF8Mult107.gml,automated_gscl45nm,latest,GF8Mult107
automated_gscl45nm_turbo8051_latest_final_g_dpath_ctrl.gml,automated_gscl45nm,latest,g_dpath_ctrl
automated_gscl45nm_cookbook_final_rx_buffer_fifo_2.gml,automated_gscl45nm,cookbook,rx_buffer_fifo_2
automated_gscl45nm_aes-128_pipelined_encryption_latest_final_KeyExpantio.gml,automated_gscl45nm,latest,KeyExpantio
automated_gscl45nm_mriscvcore_final_FSM_Boot.gml,automated_gscl45nm,mriscvcore,FSM_Boot
automated_gscl45nm_turbo8051_latest_final_oc8051_t.gml,automated_gscl45nm,latest,oc8051_t
automated_gscl45nm_rs_encoder_decoder_latest_final_GF8Mult3.gml,automated_gscl45nm,latest,GF8Mult3
automated_gscl45nm_tiny_tate_bilinear_pairing_latest_final_f3_mult.gml,automated_gscl45nm,latest,f3_mult
automated_gscl45nm_ft816float_latest_final_cntlz32.gml,automated_gscl45nm,latest,cntlz32
automated_gscl45nm_systemcaes_latest_final_mixcolum.gml,automated_gscl45nm,latest,mixcolum
automated_gscl45nm_uart-master_final_uart_cor.gml,automated_gscl45nm,uart-master,uart_cor
automated_gscl45nm_orsoc_graphics_accelerator_final_div_uu.gml,automated_gscl45nm,accelerator,div_uu
automated_gscl45nm_gost28147-89_latest_final_gost89_cfb_decrypt.gml,automated_gscl45nm,latest,gost89_cfb_decrypt
automated_gscl45nm_m1_core_latest_final_m1_mul.gml,automated_gscl45nm,latest,m1_mul
automated_gscl45nm_rs_encoder_decoder_latest_final_GF8GenMult.gml,automated_gscl45nm,latest,GF8GenMult
automated_gscl45nm_cookbook_final_gearbox_40_67.gml,automated_gscl45nm,cookbook,gearbox_40_67
automated_gscl45nm_iscas_final_TopLevel74181.gml,automated_gscl45nm,iscas,TopLevel74181
automated_gscl45nm_rs_decoder_31_19_6_latest_final_register5_wl.gml,automated_gscl45nm,latest,register5_wl
automated_gscl45nm_rs_encoder_decoder_latest_final_GF8Mult13.gml,automated_gscl45nm,latest,GF8Mult13
automated_gscl45nm_BLAKE_final_CSA.gml,automated_gscl45nm,BLAKE,CSA
automated_gscl45nm_numbert_sort_device_latest_final_VGA_Ctrl.gml,automated_gscl45nm,latest,VGA_Ctrl
automated_gscl45nm_ecg_latest_final_f3m_neg.gml,automated_gscl45nm,latest,f3m_neg
automated_gscl45nm_cookbook_final_gearbox_20_22.gml,automated_gscl45nm,cookbook,gearbox_20_22
automated_gscl45nm_Aquarius_latest_final_clk_gat.gml,automated_gscl45nm,latest,clk_gat
automated_gscl45nm_openmsp430_latest_final_ogfx_reg_fifo.gml,automated_gscl45nm,latest,ogfx_reg_fifo
automated_gscl45nm_reed_solomon_codec_generator_latest_final_RsDecodeMult.gml,automated_gscl45nm,latest,RsDecodeMult
automated_gscl45nm_cookbook_final_gf_mult_by_74.gml,automated_gscl45nm,cookbook,gf_mult_by_74
automated_gscl45nm_sha3_latest_final_round.gml,automated_gscl45nm,latest,round
automated_gscl45nm_cookbook_final_gf_mult_by_.gml,automated_gscl45nm,cookbook,gf_mult_by_
automated_gscl45nm_cookbook_final_gf_mult_by_60.gml,automated_gscl45nm,cookbook,gf_mult_by_60
automated_gscl45nm_cookbook_final_little_sigma_0_512.gml,automated_gscl45nm,cookbook,little_sigma_0_512
automated_gscl45nm_cookbook_final_gf_mult_by_48.gml,automated_gscl45nm,cookbook,gf_mult_by_48
automated_gscl45nm_cookbook_final_gf_mult_by_a3.gml,automated_gscl45nm,cookbook,gf_mult_by_a3
automated_gscl45nm_ecg_latest_final_point_add.gml,automated_gscl45nm,latest,point_add
automated_gscl45nm_cookbook_final_gf_mult_by_6f.gml,automated_gscl45nm,cookbook,gf_mult_by_6f
automated_gscl45nm_openmsp430_latest_final_in_buf_iobuf_in_v0i.gml,automated_gscl45nm,latest,in_buf_iobuf_in_v0i
automated_gscl45nm_cookbook_final_mix_columns.gml,automated_gscl45nm,cookbook,mix_columns
automated_gscl45nm_ecg_latest_final_f3m_add3.gml,automated_gscl45nm,latest,f3m_add3
automated_gscl45nm_openmsp430_latest_final_ram_16x8k_dp.gml,automated_gscl45nm,latest,ram_16x8k_dp
automated_gscl45nm_minirisc_latest_final_inc8.gml,automated_gscl45nm,latest,inc8
automated_gscl45nm_turbo8051_latest_final_uart_txfsm.gml,automated_gscl45nm,latest,uart_txfsm
automated_gscl45nm_pci_express_crc_latest_final_crc32d16N.gml,automated_gscl45nm,latest,crc32d16N
automated_gscl45nm_pairing_latest_final_f3m_i.gml,automated_gscl45nm,latest,f3m_i
automated_gscl45nm_cookbook_final_crc32_dat104_flat.gml,automated_gscl45nm,cookbook,crc32_dat104_flat
automated_gscl45nm_cookbook_final_enc_64_67.gml,automated_gscl45nm,cookbook,enc_64_67
automated_gscl45nm_csa_latest_final_ledseg_cnt.gml,automated_gscl45nm,latest,ledseg_cnt
automated_gscl45nm_altor32_latest_final_intr_perip.gml,automated_gscl45nm,latest,intr_perip
automated_gscl45nm_pairing_latest_final_f36m_cubi.gml,automated_gscl45nm,latest,f36m_cubi
automated_gscl45nm_cookbook_final_reed_sol_tx.gml,automated_gscl45nm,cookbook,reed_sol_tx
automated_gscl45nm_openmsp430_latest_final_altera_reset_controller.gml,automated_gscl45nm,latest,altera_reset_controller
automated_gscl45nm_cookbook_final_gf_mult_by_49.gml,automated_gscl45nm,cookbook,gf_mult_by_49
automated_gscl45nm_iscas_final_Circuit74283.gml,automated_gscl45nm,iscas,Circuit74283
automated_gscl45nm_cookbook_final_gf_mult_by_a2.gml,automated_gscl45nm,cookbook,gf_mult_by_a2
automated_gscl45nm_cookbook_final_gf_mult_by_61.gml,automated_gscl45nm,cookbook,gf_mult_by_61
automated_gscl45nm_gcm-aes_latest_final_aes_rco.gml,automated_gscl45nm,latest,aes_rco
automated_gscl45nm_cookbook_final_gf_mult_by_75.gml,automated_gscl45nm,cookbook,gf_mult_by_75
automated_gscl45nm_sha_core_latest_final_sha256.gml,automated_gscl45nm,latest,sha256
automated_gscl45nm_cookbook_final_gf_mult_by_ad.gml,automated_gscl45nm,cookbook,gf_mult_by_ad
automated_gscl45nm_cookbook_final_crc16_dat16_flat.gml,automated_gscl45nm,cookbook,crc16_dat16_flat
automated_gscl45nm_m1_core_latest_final_m1_alu.gml,automated_gscl45nm,latest,m1_alu
automated_gscl45nm_minirisc_latest_final_glbl.gml,automated_gscl45nm,latest,glbl
automated_gscl45nm_ft816float_latest_final_fpDecompos.gml,automated_gscl45nm,latest,fpDecompos
automated_gscl45nm_fpu_latest_final_delay1.gml,automated_gscl45nm,latest,delay1
automated_gscl45nm_rs_encoder_decoder_latest_final_GF8Mult12.gml,automated_gscl45nm,latest,GF8Mult12
automated_gscl45nm_cookbook_final_gearbox_40_66.gml,automated_gscl45nm,cookbook,gearbox_40_66
automated_gscl45nm_ft816float_latest_final_fpLOOUnit.gml,automated_gscl45nm,latest,fpLOOUnit
automated_gscl45nm_cookbook_final_bin_to_gray.gml,automated_gscl45nm,cookbook,bin_to_gray
automated_gscl45nm_openmsp430_latest_final_spartan3_dmem.gml,automated_gscl45nm,latest,spartan3_dmem
automated_gscl45nm_mod_mult_exp_latest_final_blockMemory.gml,automated_gscl45nm,latest,blockMemory
automated_gscl45nm_a-z80_latest_final_wait_stat.gml,automated_gscl45nm,latest,wait_stat
automated_gscl45nm_minirisc_latest_final_mux4_8.gml,automated_gscl45nm,latest,mux4_8
automated_gscl45nm_Lightweight-Threshold-Implementations-master_final_key_schedule_modified2_simon_parallel.gml,automated_gscl45nm,Lightweight-Threshold-Implementations-master,key_schedule_modified2_simon_parallel
automated_gscl45nm_crcahb_latest_final_crc_com.gml,automated_gscl45nm,latest,crc_com
automated_gscl45nm_rs_encoder_decoder_latest_final_GF8Mult2.gml,automated_gscl45nm,latest,GF8Mult2
automated_gscl45nm_double_fpu_latest_final_fpu_exceptions.gml,automated_gscl45nm,latest,fpu_exceptions
automated_gscl45nm_m1_core_latest_final_async_fifo.gml,automated_gscl45nm,latest,async_fifo
automated_gscl45nm_RSA-Verilog-master_final_shift_add_mult4.gml,automated_gscl45nm,RSA-Verilog-master,shift_add_mult4
automated_gscl45nm_tiny_aes_latest_final_S4.gml,automated_gscl45nm,latest,S4
automated_gscl45nm_turbo8051_latest_final_wb_crossbar.gml,automated_gscl45nm,latest,wb_crossbar
automated_gscl45nm_mips_16_latest_final_WB_stag.gml,automated_gscl45nm,latest,WB_stag
automated_gscl45nm_jt51_latest_final_ramp_a_to.gml,automated_gscl45nm,latest,ramp_a_to
automated_gscl45nm_rs_encoder_decoder_latest_final_GF8Mult106.gml,automated_gscl45nm,latest,GF8Mult106
automated_gscl45nm_ft816float_latest_final_fpMul_t.gml,automated_gscl45nm,latest,fpMul_t
automated_gscl45nm_AES-T100_final_xS.gml,automated_gscl45nm,AES-T100,xS
automated_gscl45nm_rs_encoder_decoder_latest_final_GF8Mult112.gml,automated_gscl45nm,latest,GF8Mult112
automated_gscl45nm_SHA_final_SHA256.gml,automated_gscl45nm,SHA,SHA256
automated_gscl45nm_cookbook_final_descrambler.gml,automated_gscl45nm,cookbook,descrambler
automated_gscl45nm_openmsp430_latest_final_DE0_NANO_SOC_QSYS_jtag_uart.gml,automated_gscl45nm,latest,DE0_NANO_SOC_QSYS_jtag_uart
automated_gscl45nm_cookbook_final_mix_one_colum.gml,automated_gscl45nm,cookbook,mix_one_colum
automated_gscl45nm_jt51_latest_final_jt51_sum_op.gml,automated_gscl45nm,latest,jt51_sum_op
automated_gscl45nm_rtf8088_latest_final_divr2_t.gml,automated_gscl45nm,latest,divr2_t
automated_gscl45nm_cookbook_final_crc24_dat64_flat.gml,automated_gscl45nm,cookbook,crc24_dat64_flat
automated_gscl45nm_cookbook_final_ecc_decode_2bit.gml,automated_gscl45nm,cookbook,ecc_decode_2bit
automated_gscl45nm_turbo8051_latest_final_oc8051_ram_top.gml,automated_gscl45nm,latest,oc8051_ram_top
automated_gscl45nm_rs_decoder_31_19_6_latest_final_degree2_cell.gml,automated_gscl45nm,latest,degree2_cell
automated_gscl45nm_ft816float_latest_final_f2i.gml,automated_gscl45nm,latest,f2i
automated_gscl45nm_Aquarius_latest_final_sys.gml,automated_gscl45nm,latest,sys
automated_gscl45nm_rs_decoder_31_19_6_latest_final_degree3_cell.gml,automated_gscl45nm,latest,degree3_cell
automated_gscl45nm_a-z80_latest_final_sequencer.gml,automated_gscl45nm,latest,sequencer
automated_gscl45nm_8bit_vedic_multiplier_latest_final_full_adder.gml,automated_gscl45nm,latest,full_adder
automated_gscl45nm_minirisc_latest_final_mux8_8.gml,automated_gscl45nm,latest,mux8_8
automated_gscl45nm_openmsp430_latest_final_DE0_NANO_SOC_QSYS_jtag_uart_scfifo_r.gml,automated_gscl45nm,latest,DE0_NANO_SOC_QSYS_jtag_uart_scfifo_r
automated_gscl45nm_rs_encoder_decoder_latest_final_GF8Mult137.gml,automated_gscl45nm,latest,GF8Mult137
automated_gscl45nm_trigonometric_functions_in_double_fpu_latest_final_secant_lut.gml,automated_gscl45nm,latest,secant_lut
automated_gscl45nm_rs_encoder_decoder_latest_final_GF8Mult123.gml,automated_gscl45nm,latest,GF8Mult123
automated_gscl45nm_signed_integer_divider_latest_final_shift_3.gml,automated_gscl45nm,latest,shift_3
automated_gscl45nm_ecg_latest_final_func1.gml,automated_gscl45nm,latest,func1
automated_gscl45nm_simon_core_latest_final_simon_datapath_shiftreg.gml,automated_gscl45nm,latest,simon_datapath_shiftreg
automated_gscl45nm_edge_latest_final_register.gml,automated_gscl45nm,latest,register
automated_gscl45nm_iscas_final_s713.gml,automated_gscl45nm,iscas,s713
automated_gscl45nm_des_latest_final_sbox2.gml,automated_gscl45nm,latest,sbox2
automated_gscl45nm_aes-master_final_aes_decipher_block.gml,automated_gscl45nm,aes-master,aes_decipher_block
automated_gscl45nm_a-z80_latest_final_resets.gml,automated_gscl45nm,latest,resets
automated_gscl45nm_numbert_sort_device_latest_final_SEG7_LUT_4.gml,automated_gscl45nm,latest,SEG7_LUT_4
automated_gscl45nm_altor32_latest_final_cpu_if.gml,automated_gscl45nm,latest,cpu_if
automated_gscl45nm_tiny_tate_bilinear_pairing_latest_final_PE.gml,automated_gscl45nm,latest,PE
automated_gscl45nm_openmsp430_latest_final_omsp_clock_gat.gml,automated_gscl45nm,latest,omsp_clock_gat
automated_gscl45nm_double_fpu_latest_final_fpu_addsu.gml,automated_gscl45nm,latest,fpu_addsu
automated_gscl45nm_openmsp430_latest_final_omsp_and_gat.gml,automated_gscl45nm,latest,omsp_and_gat
automated_gscl45nm_ft816float_latest_final_delay5.gml,automated_gscl45nm,latest,delay5
automated_gscl45nm_Lightweight-Threshold-Implementations-master_final_key_schedule_1.gml,automated_gscl45nm,Lightweight-Threshold-Implementations-master,key_schedule_1
automated_gscl45nm_cookbook_final_gray_plus_o.gml,automated_gscl45nm,cookbook,gray_plus_o
automated_gscl45nm_gost28147-89_latest_final_gost89_pipelined_ecb_encrypt.gml,automated_gscl45nm,latest,gost89_pipelined_ecb_encrypt
automated_gscl45nm_ft816float_latest_final_cntlz16.gml,automated_gscl45nm,latest,cntlz16
automated_gscl45nm_reed_solomon_codec_generator_latest_final_RsEncodeTop.gml,automated_gscl45nm,latest,RsEncodeTop
automated_gscl45nm_rs_decoder_31_19_6_latest_final_mux2_to_1.gml,automated_gscl45nm,latest,mux2_to_1
automated_gscl45nm_viterb_encoder_and_decoder_final_bmc011.gml,automated_gscl45nm,decoder,bmc011
automated_gscl45nm_des-master_final_key_sel.gml,automated_gscl45nm,des-master,key_sel
automated_gscl45nm_cookbook_final_parallax_gps.gml,automated_gscl45nm,cookbook,parallax_gps
automated_gscl45nm_cookbook_final_crc32_dat128_flat.gml,automated_gscl45nm,cookbook,crc32_dat128_flat
automated_gscl45nm_reed_solomon_codec_generator_latest_final_RsDecodeErasur.gml,automated_gscl45nm,latest,RsDecodeErasur
automated_gscl45nm_m32632_latest_final_SCHALE.gml,automated_gscl45nm,latest,SCHALE
automated_gscl45nm_rs_encoder_decoder_latest_final_GF8Mult241.gml,automated_gscl45nm,latest,GF8Mult241
automated_gscl45nm_cookbook_final_sbox6.gml,automated_gscl45nm,cookbook,sbox6
automated_gscl45nm_gost28147-89_latest_final_gost89_sbox.gml,automated_gscl45nm,latest,gost89_sbox
automated_gscl45nm_rs_encoder_decoder_latest_final_GF8Mult37.gml,automated_gscl45nm,latest,GF8Mult37
automated_gscl45nm_signed_integer_divider_latest_final_shifter.gml,automated_gscl45nm,latest,shifter
automated_gscl45nm_openmsp430_latest_final_DE0_NANO_SOC_QSYS_jtag_uart_sim_scfifo_w.gml,automated_gscl45nm,latest,DE0_NANO_SOC_QSYS_jtag_uart_sim_scfifo_w
automated_gscl45nm_rs_encoder_decoder_latest_final_GF8Mult23.gml,automated_gscl45nm,latest,GF8Mult23
automated_gscl45nm_cookbook_final_gf_mult_by_c7.gml,automated_gscl45nm,cookbook,gf_mult_by_c7
automated_gscl45nm_pairing_latest_final_f3_sub1.gml,automated_gscl45nm,latest,f3_sub1
automated_gscl45nm_cookbook_final_gf_mult_by_5f.gml,automated_gscl45nm,cookbook,gf_mult_by_5f
automated_gscl45nm_cookbook_final_gf_mult_by_78.gml,automated_gscl45nm,cookbook,gf_mult_by_78
automated_gscl45nm_fpu_latest_final_pre_norm.gml,automated_gscl45nm,latest,pre_norm
automated_gscl45nm_cookbook_final_gf_mult_by_b3.gml,automated_gscl45nm,cookbook,gf_mult_by_b3
automated_gscl45nm_tiny_aes_latest_final_expand_key_type_B_192.gml,automated_gscl45nm,latest,expand_key_type_B_192
automated_gscl45nm_xge_mac_latest_final_rx_enqueu.gml,automated_gscl45nm,latest,rx_enqueu
automated_gscl45nm_cookbook_final_gf_mult_by_ca.gml,automated_gscl45nm,cookbook,gf_mult_by_ca
automated_gscl45nm_double_fpu_latest_final_fpu_mul.gml,automated_gscl45nm,latest,fpu_mul
automated_gscl45nm_cookbook_final_gf_mult_by_50.gml,automated_gscl45nm,cookbook,gf_mult_by_50
automated_gscl45nm_cookbook_final_gf_mult_by_44.gml,automated_gscl45nm,cookbook,gf_mult_by_44
automated_gscl45nm_tiny_aes_latest_final_final_round.gml,automated_gscl45nm,latest,final_round
automated_gscl45nm_gng_latest_final_gng_smul_16_18_sadd_37.gml,automated_gscl45nm,latest,gng_smul_16_18_sadd_37
automated_gscl45nm_generic_fifos_latest_final_lfsr.gml,automated_gscl45nm,latest,lfsr
automated_gscl45nm_m32632_latest_final_DFPU_BCD.gml,automated_gscl45nm,latest,DFPU_BCD
automated_gscl45nm_pairing_latest_final_func2.gml,automated_gscl45nm,latest,func2
automated_gscl45nm_cookbook_final_gf_mult_by_8a.gml,automated_gscl45nm,cookbook,gf_mult_by_8a
automated_gscl45nm_Lightweight-Threshold-Implementations-master_final_p_keysch10.gml,automated_gscl45nm,Lightweight-Threshold-Implementations-master,p_keysch10
automated_gscl45nm_cookbook_final_gf_mult_by_93.gml,automated_gscl45nm,cookbook,gf_mult_by_93
automated_gscl45nm_sdr_ctrl_latest_final_sdrc_bank_ctl.gml,automated_gscl45nm,latest,sdrc_bank_ctl
automated_gscl45nm_cookbook_final_gf_mult_by_87.gml,automated_gscl45nm,cookbook,gf_mult_by_87
automated_gscl45nm_turbo8051_latest_final_g_mii_intf.gml,automated_gscl45nm,latest,g_mii_intf
automated_gscl45nm_cookbook_final_gf_mult_by_86.gml,automated_gscl45nm,cookbook,gf_mult_by_86
automated_gscl45nm_apbtoaes128_latest_final_host_interfa.gml,automated_gscl45nm,latest,host_interfa
automated_gscl45nm_m32632_latest_final_DP_FPU.gml,automated_gscl45nm,latest,DP_FPU
automated_gscl45nm_priority_encoder_latest_final_bitsca.gml,automated_gscl45nm,latest,bitsca
automated_gscl45nm_cookbook_final_twenty_to_fiv.gml,automated_gscl45nm,cookbook,twenty_to_fiv
automated_gscl45nm_orsoc_graphics_accelerator_final_basic_fifo.gml,automated_gscl45nm,accelerator,basic_fifo
automated_gscl45nm_cookbook_final_gf_mult_by_92.gml,automated_gscl45nm,cookbook,gf_mult_by_92
automated_gscl45nm_Lightweight-Threshold-Implementations-master_final_p_keysch11.gml,automated_gscl45nm,Lightweight-Threshold-Implementations-master,p_keysch11
automated_gscl45nm_pairing_latest_final_func3.gml,automated_gscl45nm,latest,func3
automated_gscl45nm_mod3_calc_latest_final_type_co.gml,automated_gscl45nm,latest,type_co
automated_gscl45nm_m32632_latest_final_SFPU_MUL.gml,automated_gscl45nm,latest,SFPU_MUL
automated_gscl45nm_apbtoaes128_latest_final_control_unit.gml,automated_gscl45nm,latest,control_unit
automated_gscl45nm_cookbook_final_gf_mult_by_9d.gml,automated_gscl45nm,cookbook,gf_mult_by_9d
automated_gscl45nm_cookbook_final_gf_mult_by_45.gml,automated_gscl45nm,cookbook,gf_mult_by_45
automated_gscl45nm_aes_decrypt_fpga_latest_final_MUXF8.gml,automated_gscl45nm,latest,MUXF8
automated_gscl45nm_cookbook_final_gf_mult_by_bd.gml,automated_gscl45nm,cookbook,gf_mult_by_bd
automated_gscl45nm_openmsp430_latest_final_rom_8x2k_hi.gml,automated_gscl45nm,latest,rom_8x2k_hi
automated_gscl45nm_tiny_tate_bilinear_pairing_latest_final_mod_p.gml,automated_gscl45nm,latest,mod_p
automated_gscl45nm_cookbook_final_gf_mult_by_51.gml,automated_gscl45nm,cookbook,gf_mult_by_51
automated_gscl45nm_turbo8051_latest_final_generic_register.gml,automated_gscl45nm,latest,generic_register
automated_gscl45nm_hamming_latest_final_ham_7_4_.gml,automated_gscl45nm,latest,ham_7_4_
automated_gscl45nm_cookbook_final_gf_mult_by_79.gml,automated_gscl45nm,cookbook,gf_mult_by_79
automated_gscl45nm_viterb_encoder_and_decoder_final_encoder.gml,automated_gscl45nm,decoder,encoder
automated_gscl45nm_rs_decoder_31_19_6_latest_final_CSEEblock.gml,automated_gscl45nm,latest,CSEEblock
automated_gscl45nm_cookbook_final_gf_mult_by_b2.gml,automated_gscl45nm,cookbook,gf_mult_by_b2
automated_gscl45nm_cookbook_final_gf_mult_by_c6.gml,automated_gscl45nm,cookbook,gf_mult_by_c6
automated_gscl45nm_sdr_ctrl_latest_final_sdrc_bank_fsm.gml,automated_gscl45nm,latest,sdrc_bank_fsm
automated_gscl45nm_rs_encoder_decoder_latest_final_GF8Mult22.gml,automated_gscl45nm,latest,GF8Mult22
automated_gscl45nm_rs_encoder_decoder_latest_final_GF8Mult36.gml,automated_gscl45nm,latest,GF8Mult36
automated_gscl45nm_rs_encoder_decoder_latest_final_GF8Mult254.gml,automated_gscl45nm,latest,GF8Mult254
automated_gscl45nm_cookbook_final_sbox7.gml,automated_gscl45nm,cookbook,sbox7
automated_gscl45nm_AES-T100_final_one_round.gml,automated_gscl45nm,AES-T100,one_round
automated_gscl45nm_mriscv_final_flipflopRS.gml,automated_gscl45nm,mriscv,flipflopRS
automated_gscl45nm_rs_encoder_decoder_latest_final_GF8Mult240.gml,automated_gscl45nm,latest,GF8Mult240
automated_gscl45nm_cookbook_final_reg_word_mux.gml,automated_gscl45nm,cookbook,reg_word_mux
automated_gscl45nm_reed_solomon_codec_generator_latest_final_RsDecodeSyndrom.gml,automated_gscl45nm,latest,RsDecodeSyndrom
automated_gscl45nm_fpga-median_latest_final_media.gml,automated_gscl45nm,latest,media
automated_gscl45nm_viterb_encoder_and_decoder_final_bmc010.gml,automated_gscl45nm,decoder,bmc010
automated_gscl45nm_AES-T200_final_T.gml,automated_gscl45nm,AES-T200,T
automated_gscl45nm_openmsp430_latest_final_openGFX430.gml,automated_gscl45nm,latest,openGFX430
automated_gscl45nm_m32632_latest_final_DEBUG_AE.gml,automated_gscl45nm,latest,DEBUG_AE
automated_gscl45nm_cpu8080_latest_final_M8080.gml,automated_gscl45nm,latest,M8080
automated_gscl45nm_sha512-master_final_sha512_cor.gml,automated_gscl45nm,sha512-master,sha512_cor
automated_gscl45nm_openmsp430_latest_final_DE0_NANO_SOC_QSYS_sysid_qsys.gml,automated_gscl45nm,latest,DE0_NANO_SOC_QSYS_sysid_qsys
automated_gscl45nm_m32632_latest_final_OPDEC_REG.gml,automated_gscl45nm,latest,OPDEC_REG
automated_gscl45nm_ft816float_latest_final_delay4.gml,automated_gscl45nm,latest,delay4
automated_gscl45nm_cookbook_final_clock_mux.gml,automated_gscl45nm,cookbook,clock_mux
automated_gscl45nm_pairing_latest_final_f3m_add3.gml,automated_gscl45nm,latest,f3m_add3
automated_gscl45nm_des_latest_final_sbox3.gml,automated_gscl45nm,latest,sbox3
automated_gscl45nm_iscas_final_Summodul.gml,automated_gscl45nm,iscas,Summodul
automated_gscl45nm_cookbook_final_expand.gml,automated_gscl45nm,cookbook,expand
automated_gscl45nm_dpll-isdn_latest_final_freqdivider.gml,automated_gscl45nm,latest,freqdivider
automated_gscl45nm_cookbook_final_fn_.gml,automated_gscl45nm,cookbook,fn_
automated_gscl45nm_rs_encoder_decoder_latest_final_GF8Mult122.gml,automated_gscl45nm,latest,GF8Mult122
automated_gscl45nm_rs_encoder_decoder_latest_final_GF8Mult136.gml,automated_gscl45nm,latest,GF8Mult136
automated_gscl45nm_openmsp430_latest_final_dac_spi_if.gml,automated_gscl45nm,latest,dac_spi_if
automated_gscl45nm_jt51_latest_final_jt51_a.gml,automated_gscl45nm,latest,jt51_a
automated_gscl45nm_rs_encoder_decoder_latest_final_GF8lfsr.gml,automated_gscl45nm,latest,GF8lfsr
automated_gscl45nm_mips_16_latest_final_hazard_detection_unit.gml,automated_gscl45nm,latest,hazard_detection_unit
automated_gscl45nm_a-z80_latest_final_bus_control.gml,automated_gscl45nm,latest,bus_control
automated_gscl45nm_ft816float_latest_final_fpDecompReg.gml,automated_gscl45nm,latest,fpDecompReg
automated_gscl45nm_a-z80_latest_final_alu_sli.gml,automated_gscl45nm,latest,alu_sli
automated_gscl45nm_mriscvcore_final_ALU_or.gml,automated_gscl45nm,mriscvcore,ALU_or
automated_gscl45nm_iscas_final_s510.gml,automated_gscl45nm,iscas,s510
automated_gscl45nm_reed_solomon_codec_generator_latest_final_RsDecodeChi.gml,automated_gscl45nm,latest,RsDecodeChi
automated_gscl45nm_rs_encoder_decoder_latest_final_GF8SigmaAdder8t.gml,automated_gscl45nm,latest,GF8SigmaAdder8t
automated_gscl45nm_cookbook_final_ecc_correction_64bit.gml,automated_gscl45nm,cookbook,ecc_correction_64bit
automated_gscl45nm_m32632_latest_final_STEUERUNG.gml,automated_gscl45nm,latest,STEUERUNG
automated_gscl45nm_cookbook_final_crc32_dat24_flat.gml,automated_gscl45nm,cookbook,crc32_dat24_flat
automated_gscl45nm_turbo8051_latest_final_generic_intr_stat_reg.gml,automated_gscl45nm,latest,generic_intr_stat_reg
automated_gscl45nm_rs_encoder_decoder_latest_final_GF8Mult120.gml,automated_gscl45nm,latest,GF8Mult120
automated_gscl45nm_edge_latest_final_sign_extend.gml,automated_gscl45nm,latest,sign_extend
automated_gscl45nm_Lightweight-Threshold-Implementations-master_final_key_share_roundTI.gml,automated_gscl45nm,Lightweight-Threshold-Implementations-master,key_share_roundTI
automated_gscl45nm_rs_encoder_decoder_latest_final_GF8SyndromBuffer.gml,automated_gscl45nm,latest,GF8SyndromBuffer
automated_gscl45nm_rs_encoder_decoder_latest_final_GF8Mult134.gml,automated_gscl45nm,latest,GF8Mult134
automated_gscl45nm_edge_latest_final_div_unit.gml,automated_gscl45nm,latest,div_unit
automated_gscl45nm_Aquarius_latest_final_register.gml,automated_gscl45nm,latest,register
automated_gscl45nm_ecg_latest_final_func2.gml,automated_gscl45nm,latest,func2
automated_gscl45nm_ft816float_latest_final_cntlo32.gml,automated_gscl45nm,latest,cntlo32
automated_gscl45nm_rs_encoder_decoder_latest_final_GF8Mult108.gml,automated_gscl45nm,latest,GF8Mult108
automated_gscl45nm_sdr_ctrl_latest_final_wb2sdr.gml,automated_gscl45nm,latest,wb2sdr
automated_gscl45nm_cookbook_final_gray_to_bi.gml,automated_gscl45nm,cookbook,gray_to_bi
automated_gscl45nm_rtf8088_latest_final_stkmem.gml,automated_gscl45nm,latest,stkmem
automated_gscl45nm_openmsp430_latest_final_cyclonev_io_obuf.gml,automated_gscl45nm,latest,cyclonev_io_obuf
automated_gscl45nm_hamming_latest_final_ham_7_4_d.gml,automated_gscl45nm,latest,ham_7_4_d
automated_gscl45nm_systemcaes_latest_final_word_mixcolum.gml,automated_gscl45nm,latest,word_mixcolum
automated_gscl45nm_AES-T200_final_TSC.gml,automated_gscl45nm,AES-T200,TSC
automated_gscl45nm_des_latest_final_sbox1.gml,automated_gscl45nm,latest,sbox1
automated_gscl45nm_iscas_final_s1423.gml,automated_gscl45nm,iscas,s1423
automated_gscl45nm_reed_solomon_decoder_latest_final_lamda_roots.gml,automated_gscl45nm,latest,lamda_roots
automated_gscl45nm_cookbook_final_eight_input_rom.gml,automated_gscl45nm,cookbook,eight_input_rom
automated_gscl45nm_jt51_latest_final_jt51_pm.gml,automated_gscl45nm,latest,jt51_pm
automated_gscl45nm_Aquarius_latest_final_mem.gml,automated_gscl45nm,latest,mem
automated_gscl45nm_xge_mac_latest_final_xge_ma.gml,automated_gscl45nm,latest,xge_ma
automated_gscl45nm_cavlc_latest_final_cavlc_len_g.gml,automated_gscl45nm,latest,cavlc_len_g
automated_gscl45nm_Lightweight-Threshold-Implementations-master_final_key_schedule_2.gml,automated_gscl45nm,Lightweight-Threshold-Implementations-master,key_schedule_2
automated_gscl45nm_cookbook_final_ascii_to_bi.gml,automated_gscl45nm,cookbook,ascii_to_bi
automated_gscl45nm_pairing_latest_final_f32m_add3.gml,automated_gscl45nm,latest,f32m_add3
automated_gscl45nm_double_fpu_latest_final_fpu_round.gml,automated_gscl45nm,latest,fpu_round
automated_gscl45nm_edge_latest_final_mem_wb_pipereg.gml,automated_gscl45nm,latest,mem_wb_pipereg
automated_gscl45nm_m32632_latest_final_MAKE_STAT.gml,automated_gscl45nm,latest,MAKE_STAT
automated_gscl45nm_cookbook_final_sbox5.gml,automated_gscl45nm,cookbook,sbox5
automated_gscl45nm_rs_encoder_decoder_latest_final_GF8Mult242.gml,automated_gscl45nm,latest,GF8Mult242
automated_gscl45nm_systemcaes_latest_final_sbox.gml,automated_gscl45nm,latest,sbox
automated_gscl45nm_turbo8051_latest_final_g_rx_top.gml,automated_gscl45nm,latest,g_rx_top
automated_gscl45nm_rs_encoder_decoder_latest_final_GF8Mult20.gml,automated_gscl45nm,latest,GF8Mult20
automated_gscl45nm_Lightweight-Threshold-Implementations-master_final_key_schedule_modified3_simon_parallel.gml,automated_gscl45nm,Lightweight-Threshold-Implementations-master,key_schedule_modified3_simon_parallel
automated_gscl45nm_rs_encoder_decoder_latest_final_GF8Mult34.gml,automated_gscl45nm,latest,GF8Mult34
automated_gscl45nm_cookbook_final_gf_mult_by_b0.gml,automated_gscl45nm,cookbook,gf_mult_by_b0
automated_gscl45nm_8bit_vedic_multiplier_latest_final_half_adder.gml,automated_gscl45nm,latest,half_adder
automated_gscl45nm_cookbook_final_gf_mult_by_4a.gml,automated_gscl45nm,cookbook,gf_mult_by_4a
automated_gscl45nm_cookbook_final_six_three_comp.gml,automated_gscl45nm,cookbook,six_three_comp
automated_gscl45nm_m32632_latest_final_SHIFTER.gml,automated_gscl45nm,latest,SHIFTER
automated_gscl45nm_xtea_latest_final_xtea.gml,automated_gscl45nm,latest,xtea
automated_gscl45nm_cookbook_final_gf_mult_by_c4.gml,automated_gscl45nm,cookbook,gf_mult_by_c4
automated_gscl45nm_iscas_final_EO.gml,automated_gscl45nm,iscas,EO
automated_gscl45nm_cookbook_final_gf_mult_by_bf.gml,automated_gscl45nm,cookbook,gf_mult_by_bf
automated_gscl45nm_cookbook_final_gf_mult_by_47.gml,automated_gscl45nm,cookbook,gf_mult_by_47
automated_gscl45nm_cookbook_final_gf_mult_by_53.gml,automated_gscl45nm,cookbook,gf_mult_by_53
automated_gscl45nm_altor32_latest_final_timer_perip.gml,automated_gscl45nm,latest,timer_perip
automated_gscl45nm_cookbook_final_sum_of_64.gml,automated_gscl45nm,cookbook,sum_of_64
automated_gscl45nm_cookbook_final_cntr.gml,automated_gscl45nm,cookbook,cntr
automated_gscl45nm_mriscv_final_ADC_interface_APB.gml,automated_gscl45nm,mriscv,ADC_interface_APB
automated_gscl45nm_pairing_latest_final_func1.gml,automated_gscl45nm,latest,func1
automated_gscl45nm_cookbook_final_gf_mult_by_9f.gml,automated_gscl45nm,cookbook,gf_mult_by_9f
automated_gscl45nm_AES-T100_final_S.gml,automated_gscl45nm,AES-T100,S
automated_gscl45nm_jt51_latest_final_bus_manager.gml,automated_gscl45nm,latest,bus_manager
automated_gscl45nm_cookbook_final_gf_mult_by_84.gml,automated_gscl45nm,cookbook,gf_mult_by_84
automated_gscl45nm_cookbook_final_gf_mult_by_90.gml,automated_gscl45nm,cookbook,gf_mult_by_90
automated_gscl45nm_m32632_latest_final_MMU_MATCH.gml,automated_gscl45nm,latest,MMU_MATCH
automated_gscl45nm_cookbook_final_gf_mult_by_91.gml,automated_gscl45nm,cookbook,gf_mult_by_91
automated_gscl45nm_present_encryptor_latest_final_present_encryptor_top.gml,automated_gscl45nm,latest,present_encryptor_top
automated_gscl45nm_rs_decoder_31_19_6_latest_final_lcpmult.gml,automated_gscl45nm,latest,lcpmult
automated_gscl45nm_fpu_latest_final_add_sub27.gml,automated_gscl45nm,latest,add_sub27
automated_gscl45nm_cookbook_final_gf_mult_by_85.gml,automated_gscl45nm,cookbook,gf_mult_by_85
automated_gscl45nm_iscas_final_OR4.gml,automated_gscl45nm,iscas,OR4
automated_gscl45nm_rs_decoder_31_19_6_latest_final_MainControl.gml,automated_gscl45nm,latest,MainControl
automated_gscl45nm_openmsp430_latest_final_ogfx_reg_vram_addr.gml,automated_gscl45nm,latest,ogfx_reg_vram_addr
automated_gscl45nm_cookbook_final_gf_mult_by_52.gml,automated_gscl45nm,cookbook,gf_mult_by_52
automated_gscl45nm_trigonometric_functions_in_double_fpu_latest_final_cotangent_lut.gml,automated_gscl45nm,latest,cotangent_lut
automated_gscl45nm_cookbook_final_gf_mult_by_46.gml,automated_gscl45nm,cookbook,gf_mult_by_46
automated_gscl45nm_cookbook_final_gf_mult_by_5d.gml,automated_gscl45nm,cookbook,gf_mult_by_5d
automated_gscl45nm_sdr_ctrl_latest_final_sdrc_xfr_ctl.gml,automated_gscl45nm,latest,sdrc_xfr_ctl
automated_gscl45nm_cookbook_final_gf_mult_by_c5.gml,automated_gscl45nm,cookbook,gf_mult_by_c5
automated_gscl45nm_turbo8051_latest_final_double_sync_hig.gml,automated_gscl45nm,latest,double_sync_hig
automated_gscl45nm_cookbook_final_gf_mult_by_b1.gml,automated_gscl45nm,cookbook,gf_mult_by_b1
automated_gscl45nm_RSA-Verilog-master_final_memtest.gml,automated_gscl45nm,RSA-Verilog-master,memtest
automated_gscl45nm_Lightweight-Threshold-Implementations-master_final_shar.gml,automated_gscl45nm,Lightweight-Threshold-Implementations-master,shar
automated_gscl45nm_rs_encoder_decoder_latest_final_GF8Mult35.gml,automated_gscl45nm,latest,GF8Mult35
automated_gscl45nm_m1_core_latest_final_ddr_init.gml,automated_gscl45nm,latest,ddr_init
automated_gscl45nm_cookbook_final_crc32_dat88_flat.gml,automated_gscl45nm,cookbook,crc32_dat88_flat
automated_gscl45nm_m1_core_latest_final_video_ram.gml,automated_gscl45nm,latest,video_ram
automated_gscl45nm_rs_encoder_decoder_latest_final_GF8Mult21.gml,automated_gscl45nm,latest,GF8Mult21
automated_gscl45nm_a-z80_latest_final_clk_delay.gml,automated_gscl45nm,latest,clk_delay
automated_gscl45nm_rs_encoder_decoder_latest_final_GF8Mult243.gml,automated_gscl45nm,latest,GF8Mult243
automated_gscl45nm_verilog_fixed_point_math_library_latest_final_qadd.gml,automated_gscl45nm,latest,qadd
automated_gscl45nm_cookbook_final_sbox4.gml,automated_gscl45nm,cookbook,sbox4
automated_gscl45nm_cookbook_final_uart_rx.gml,automated_gscl45nm,cookbook,uart_rx
automated_gscl45nm_mriscv_final_latchW_axi.gml,automated_gscl45nm,mriscv,latchW_axi
automated_gscl45nm_rsencoder_latest_final_FF.gml,automated_gscl45nm,latest,FF
automated_gscl45nm_orsoc_graphics_accelerator_final_gfx_triangl.gml,automated_gscl45nm,accelerator,gfx_triangl
automated_gscl45nm_openmsp430_latest_final_omsp_clock_mux.gml,automated_gscl45nm,latest,omsp_clock_mux
automated_gscl45nm_sha256-master_final_sha256.gml,automated_gscl45nm,sha256-master,sha256
automated_gscl45nm_a-z80_latest_final_ir.gml,automated_gscl45nm,latest,ir
automated_gscl45nm_des_latest_final_key_sel3.gml,automated_gscl45nm,latest,key_sel3
automated_gscl45nm_gcm-aes_latest_final_gcm_aes_v0.gml,automated_gscl45nm,latest,gcm_aes_v0
automated_gscl45nm_des_latest_final_key_sel.gml,automated_gscl45nm,latest,key_sel
automated_gscl45nm_reed_solomon_codec_generator_latest_final_RsDecodePolymul.gml,automated_gscl45nm,latest,RsDecodePolymul
automated_gscl45nm_orsoc_graphics_accelerator_final_gfx_wbm_read_arbiter.gml,automated_gscl45nm,accelerator,gfx_wbm_read_arbiter
automated_gscl45nm_mesi_isc_final_mesi_isc_breq_fifos.gml,automated_gscl45nm,isc,mesi_isc_breq_fifos
automated_gscl45nm_AES-T1000_final_final_round.gml,automated_gscl45nm,AES-T1000,final_round
automated_gscl45nm_ecg_latest_final_func3.gml,automated_gscl45nm,latest,func3
automated_gscl45nm_rs_encoder_decoder_latest_final_GF8Mult109.gml,automated_gscl45nm,latest,GF8Mult109
automated_gscl45nm_cookbook_final_clock_mux_t.gml,automated_gscl45nm,cookbook,clock_mux_t
automated_gscl45nm_rs_encoder_decoder_latest_final_GF8Mult135.gml,automated_gscl45nm,latest,GF8Mult135
automated_gscl45nm_a-z80_latest_final_address_lat.gml,automated_gscl45nm,latest,address_lat
automated_gscl45nm_signed_integer_divider_latest_final_shift_1.gml,automated_gscl45nm,latest,shift_1
automated_gscl45nm_edge_latest_final_shifter_left.gml,automated_gscl45nm,latest,shifter_left
automated_gscl45nm_dpll-isdn_latest_final_phasecomparator.gml,automated_gscl45nm,latest,phasecomparator
automated_gscl45nm_rs_encoder_decoder_latest_final_GF8Mult121.gml,automated_gscl45nm,latest,GF8Mult121
automated_gscl45nm_Aquarius_latest_final_cpu.gml,automated_gscl45nm,latest,cpu
automated_gscl45nm_reed_solomon_decoder_latest_final_BM_lamda.gml,automated_gscl45nm,latest,BM_lamda
automated_gscl45nm_altor32_latest_final_so.gml,automated_gscl45nm,latest,so
automated_gscl45nm_systemcaes_latest_final_keysched192.gml,automated_gscl45nm,latest,keysched192
automated_gscl45nm_cookbook_final_k_tabl.gml,automated_gscl45nm,cookbook,k_tabl
automated_gscl45nm_mips_16_latest_final_IF_stag.gml,automated_gscl45nm,latest,IF_stag
automated_gscl45nm_a-z80_latest_final_alu_mux_2z.gml,automated_gscl45nm,latest,alu_mux_2z
automated_gscl45nm_mriscvcore_final_divM.gml,automated_gscl45nm,mriscvcore,divM
automated_gscl45nm_m1_core_latest_final_ps2_translation_tabl.gml,automated_gscl45nm,latest,ps2_translation_tabl
automated_gscl45nm_openmsp430_latest_final_ram_16x1k_sp.gml,automated_gscl45nm,latest,ram_16x1k_sp
automated_gscl45nm_a-z80_latest_final_alu_mux_3z.gml,automated_gscl45nm,latest,alu_mux_3z
automated_gscl45nm_csa_latest_final_key_perm.gml,automated_gscl45nm,latest,key_perm
automated_gscl45nm_tiny_aes_latest_final_one_round.gml,automated_gscl45nm,latest,one_round
automated_gscl45nm_rs_decoder_31_19_6_latest_final_fifo_register.gml,automated_gscl45nm,latest,fifo_register
automated_gscl45nm_iscas_final_s38417.gml,automated_gscl45nm,iscas,s38417
automated_gscl45nm_pairing_latest_final_f33m_mult.gml,automated_gscl45nm,latest,f33m_mult
automated_gscl45nm_rs_encoder_decoder_latest_final_GF8Mult119.gml,automated_gscl45nm,latest,GF8Mult119
automated_gscl45nm_ecg_latest_final_func7.gml,automated_gscl45nm,latest,func7
automated_gscl45nm_rs_encoder_decoder_latest_final_GF8Mult125.gml,automated_gscl45nm,latest,GF8Mult125
automated_gscl45nm_m32632_latest_final_ILL_UNDEF.gml,automated_gscl45nm,latest,ILL_UNDEF
automated_gscl45nm_rs_encoder_decoder_latest_final_GF8Mult131.gml,automated_gscl45nm,latest,GF8Mult131
automated_gscl45nm_ft816float_latest_final_isqrt.gml,automated_gscl45nm,latest,isqrt
automated_gscl45nm_pairing_latest_final_f3m_add4.gml,automated_gscl45nm,latest,f3m_add4
automated_gscl45nm_des_latest_final_sbox4.gml,automated_gscl45nm,latest,sbox4
automated_gscl45nm_rs_encoder_decoder_latest_final_GF8Mult9.gml,automated_gscl45nm,latest,GF8Mult9
automated_gscl45nm_openmsp430_latest_final_ogfx_gpu_reg.gml,automated_gscl45nm,latest,ogfx_gpu_reg
automated_gscl45nm_openmsp430_latest_final_ogfx_gpu_dma_addr.gml,automated_gscl45nm,latest,ogfx_gpu_dma_addr
automated_gscl45nm_cpu8080_latest_final_chrrom.gml,automated_gscl45nm,latest,chrrom
automated_gscl45nm_RSA-Verilog-master_final_and_add.gml,automated_gscl45nm,RSA-Verilog-master,and_add
automated_gscl45nm_openmsp430_latest_final_spartan6_pmem.gml,automated_gscl45nm,latest,spartan6_pmem
automated_gscl45nm_ft816float_latest_final_delay3.gml,automated_gscl45nm,latest,delay3
automated_gscl45nm_iscas_final_c5315.gml,automated_gscl45nm,iscas,c5315
automated_gscl45nm_sha256-master_final_sha256_k_constants.gml,automated_gscl45nm,sha256-master,sha256_k_constants
automated_gscl45nm_bch_configurable_latest_final_test_correct.gml,automated_gscl45nm,latest,test_correct
automated_gscl45nm_rs_encoder_decoder_latest_final_RS8FreqDecod.gml,automated_gscl45nm,latest,RS8FreqDecod
automated_gscl45nm_aes_highthroughput_lowarea_latest_final_inv_word_mix_columns.gml,automated_gscl45nm,latest,inv_word_mix_columns
automated_gscl45nm_AES-T200_final_S.gml,automated_gscl45nm,AES-T200,S
automated_gscl45nm_rs_encoder_decoder_latest_final_GF8Mult25.gml,automated_gscl45nm,latest,GF8Mult25
automated_gscl45nm_rs_encoder_decoder_latest_final_GF8Mult31.gml,automated_gscl45nm,latest,GF8Mult31
automated_gscl45nm_cookbook_final_sbox0.gml,automated_gscl45nm,cookbook,sbox0
automated_gscl45nm_openmsp430_latest_final_ogfx_gpu_dma.gml,automated_gscl45nm,latest,ogfx_gpu_dma
automated_gscl45nm_rs_encoder_decoder_latest_final_GF8Mult253.gml,automated_gscl45nm,latest,GF8Mult253
automated_gscl45nm_two_dimensional_fast_hartley_transform_latest_final_fht_bfly.gml,automated_gscl45nm,latest,fht_bfly
automated_gscl45nm_rs_encoder_decoder_latest_final_GF8Mult19.gml,automated_gscl45nm,latest,GF8Mult19
automated_gscl45nm_rs_encoder_decoder_latest_final_GF8Mult247.gml,automated_gscl45nm,latest,GF8Mult247
automated_gscl45nm_reed_solomon_codec_generator_latest_final_RsDecodeEuclid.gml,automated_gscl45nm,latest,RsDecodeEuclid
automated_gscl45nm_cookbook_final_gf_mult_by_42.gml,automated_gscl45nm,cookbook,gf_mult_by_42
automated_gscl45nm_cookbook_final_gf_mult_by_a9.gml,automated_gscl45nm,cookbook,gf_mult_by_a9
automated_gscl45nm_double_fpu_latest_final_fpu_di.gml,automated_gscl45nm,latest,fpu_di
automated_gscl45nm_tiny_tate_bilinear_pairing_latest_final_PPG.gml,automated_gscl45nm,latest,PPG
automated_gscl45nm_cookbook_final_gf_mult_by_56.gml,automated_gscl45nm,cookbook,gf_mult_by_56
automated_gscl45nm_cookbook_final_gf_mult_by_4d.gml,automated_gscl45nm,cookbook,gf_mult_by_4d
automated_gscl45nm_cookbook_final_gf_mult_by_b5.gml,automated_gscl45nm,cookbook,gf_mult_by_b5
automated_gscl45nm_aes-encryption_latest_final_aes_sbox.gml,automated_gscl45nm,latest,aes_sbox
automated_gscl45nm_cookbook_final_test_patter.gml,automated_gscl45nm,cookbook,test_patter
automated_gscl45nm_cookbook_final_gf_mult_by_c1.gml,automated_gscl45nm,cookbook,gf_mult_by_c1
automated_gscl45nm_cookbook_final_gf_mult_by_81.gml,automated_gscl45nm,cookbook,gf_mult_by_81
automated_gscl45nm_cookbook_final_gf_mult_by_95.gml,automated_gscl45nm,cookbook,gf_mult_by_95
automated_gscl45nm_pairing_latest_final_func4.gml,automated_gscl45nm,latest,func4
automated_gscl45nm_sdr_ctrl_latest_final_sdrc_bs_convert.gml,automated_gscl45nm,latest,sdrc_bs_convert
automated_gscl45nm_openmsp430_latest_final_spartan6_dmem.gml,automated_gscl45nm,latest,spartan6_dmem
automated_gscl45nm_cookbook_final_passwd_crypt.gml,automated_gscl45nm,cookbook,passwd_crypt
automated_gscl45nm_cookbook_final_gf_mult_by_8f.gml,automated_gscl45nm,cookbook,gf_mult_by_8f
automated_gscl45nm_pairing_latest_final_func5.gml,automated_gscl45nm,latest,func5
automated_gscl45nm_openmsp430_latest_final_io_mux.gml,automated_gscl45nm,latest,io_mux
automated_gscl45nm_jt51_latest_final_jt51_timer.gml,automated_gscl45nm,latest,jt51_timer
automated_gscl45nm_cookbook_final_gf_mult_by_94.gml,automated_gscl45nm,cookbook,gf_mult_by_94
automated_gscl45nm_cookbook_final_gf_mult_by_80.gml,automated_gscl45nm,cookbook,gf_mult_by_80
automated_gscl45nm_cookbook_final_gf_mult_by_c0.gml,automated_gscl45nm,cookbook,gf_mult_by_c0
automated_gscl45nm_trigonometric_functions_in_double_fpu_latest_final_cosine_lut.gml,automated_gscl45nm,latest,cosine_lut
automated_gscl45nm_cookbook_final_gf_mult_by_5a.gml,automated_gscl45nm,cookbook,gf_mult_by_5a
automated_gscl45nm_cookbook_final_gf_mult_by_b4.gml,automated_gscl45nm,cookbook,gf_mult_by_b4
automated_gscl45nm_sha_core_latest_final_sha512.gml,automated_gscl45nm,latest,sha512
automated_gscl45nm_cookbook_final_gf_mult_by_cf.gml,automated_gscl45nm,cookbook,gf_mult_by_cf
automated_gscl45nm_cookbook_final_gf_mult_by_57.gml,automated_gscl45nm,cookbook,gf_mult_by_57
automated_gscl45nm_turbo8051_latest_final_s2f_sy.gml,automated_gscl45nm,latest,s2f_sy
automated_gscl45nm_cookbook_final_gf_mult_by_43.gml,automated_gscl45nm,cookbook,gf_mult_by_43
automated_gscl45nm_cookbook_final_gf_mult_by_a8.gml,automated_gscl45nm,cookbook,gf_mult_by_a8
automated_gscl45nm_jt51_latest_final_jt51_nois.gml,automated_gscl45nm,latest,jt51_nois
automated_gscl45nm_rs_encoder_decoder_latest_final_GF8Mult246.gml,automated_gscl45nm,latest,GF8Mult246
automated_gscl45nm_cookbook_final_gearbox_66_40.gml,automated_gscl45nm,cookbook,gearbox_66_40
automated_gscl45nm_rs_encoder_decoder_latest_final_GF8Mult252.gml,automated_gscl45nm,latest,GF8Mult252
automated_gscl45nm_cookbook_final_reg_cam_cell.gml,automated_gscl45nm,cookbook,reg_cam_cell
automated_gscl45nm_RSA-Verilog-master_final_uart.gml,automated_gscl45nm,RSA-Verilog-master,uart
automated_gscl45nm_cookbook_final_sbox1.gml,automated_gscl45nm,cookbook,sbox1
automated_gscl45nm_rs_encoder_decoder_latest_final_GF8Mult18.gml,automated_gscl45nm,latest,GF8Mult18
automated_gscl45nm_cookbook_final_addsu.gml,automated_gscl45nm,cookbook,addsu
automated_gscl45nm_rs_encoder_decoder_latest_final_GF8Mult30.gml,automated_gscl45nm,latest,GF8Mult30
automated_gscl45nm_RSA-Verilog-master_final_parallel_to_serial.gml,automated_gscl45nm,RSA-Verilog-master,parallel_to_serial
automated_gscl45nm_rs_encoder_decoder_latest_final_GF8Mult24.gml,automated_gscl45nm,latest,GF8Mult24
automated_gscl45nm_mesi_isc_final_mesi_is.gml,automated_gscl45nm,isc,mesi_is
automated_gscl45nm_ft816float_latest_final_delay2.gml,automated_gscl45nm,latest,delay2
automated_gscl45nm_cookbook_final_reset_filter.gml,automated_gscl45nm,cookbook,reset_filter
automated_gscl45nm_edge_latest_final_id_ex_pipereg.gml,automated_gscl45nm,latest,id_ex_pipereg
automated_gscl45nm_jt51_latest_final_jt51_reg.gml,automated_gscl45nm,latest,jt51_reg
automated_gscl45nm_edge_latest_final_controller.gml,automated_gscl45nm,latest,controller
automated_gscl45nm_mriscvcore_final_MEMORY_INTERFACE.gml,automated_gscl45nm,mriscvcore,MEMORY_INTERFACE
automated_gscl45nm_des_latest_final_sbox5.gml,automated_gscl45nm,latest,sbox5
automated_gscl45nm_rs_encoder_decoder_latest_final_GF8Mult8.gml,automated_gscl45nm,latest,GF8Mult8
automated_gscl45nm_cookbook_final_font_rom.gml,automated_gscl45nm,cookbook,font_rom
automated_gscl45nm_cookbook_final_frequency_monitor.gml,automated_gscl45nm,cookbook,frequency_monitor
automated_gscl45nm_rs_encoder_decoder_latest_final_GF8Mult130.gml,automated_gscl45nm,latest,GF8Mult130
automated_gscl45nm_rs_encoder_decoder_latest_final_GF8Mult124.gml,automated_gscl45nm,latest,GF8Mult124
automated_gscl45nm_xge_mac_latest_final_stats_sm.gml,automated_gscl45nm,latest,stats_sm
automated_gscl45nm_RSA-CRYPTOSYSTEM-using-verilog-master_final_inverter.gml,automated_gscl45nm,RSA-CRYPTOSYSTEM-using-verilog-master,inverter
automated_gscl45nm_ecg_latest_final_func6.gml,automated_gscl45nm,latest,func6
automated_gscl45nm_cookbook_final_tx_buffer_fifo_8word.gml,automated_gscl45nm,cookbook,tx_buffer_fifo_8word
automated_gscl45nm_cookbook_final_flag_array.gml,automated_gscl45nm,cookbook,flag_array
automated_gscl45nm_rs_encoder_decoder_latest_final_GF8Mult118.gml,automated_gscl45nm,latest,GF8Mult118
automated_gscl45nm_turbo8051_latest_final_oc8051_psw.gml,automated_gscl45nm,latest,oc8051_psw
automated_gscl45nm_mem_ctrl_latest_final_mc_cs_rf.gml,automated_gscl45nm,latest,mc_cs_rf
automated_gscl45nm_mriscv_final_DAC_interface_AXI.gml,automated_gscl45nm,mriscv,DAC_interface_AXI
automated_gscl45nm_AES-T1000_final_Trojan_Trigger.gml,automated_gscl45nm,AES-T1000,Trojan_Trigger
automated_gscl45nm_AES-T1000_final_TSC.gml,automated_gscl45nm,AES-T1000,TSC
automated_gscl45nm_AES-T200_final_final_round.gml,automated_gscl45nm,AES-T200,final_round
automated_gscl45nm_turbo8051_latest_final_oc8051_comp.gml,automated_gscl45nm,latest,oc8051_comp
automated_gscl45nm_edge_latest_final_regfil.gml,automated_gscl45nm,latest,regfil
automated_gscl45nm_configurable_crc_core_latest_final_crc_7.gml,automated_gscl45nm,latest,crc_7
automated_gscl45nm_aes_highthroughput_lowarea_latest_final_xram_16x64.gml,automated_gscl45nm,latest,xram_16x64
automated_gscl45nm_altor32_latest_final_altor32_dcache_mem_if.gml,automated_gscl45nm,latest,altor32_dcache_mem_if
automated_gscl45nm_cookbook_final_tx_4channel_arbiter.gml,automated_gscl45nm,cookbook,tx_4channel_arbiter
automated_gscl45nm_csa_latest_final_hex2seg.gml,automated_gscl45nm,latest,hex2seg
automated_gscl45nm_aes_highthroughput_lowarea_latest_final_ram_16x64.gml,automated_gscl45nm,latest,ram_16x64
automated_gscl45nm_aes-encryption_latest_final_aes_rco.gml,automated_gscl45nm,latest,aes_rco
automated_gscl45nm_ecg_latest_final_func4.gml,automated_gscl45nm,latest,func4
automated_gscl45nm_Aquarius_latest_final_decod.gml,automated_gscl45nm,latest,decod
automated_gscl45nm_trigonometric_functions_in_double_fpu_latest_final_sine_lut.gml,automated_gscl45nm,latest,sine_lut
automated_gscl45nm_iscas_final_s1196.gml,automated_gscl45nm,iscas,s1196
automated_gscl45nm_aes_core_latest_final_aes_inv_sbox.gml,automated_gscl45nm,latest,aes_inv_sbox
automated_gscl45nm_openmsp430_latest_final_DE0_NANO_SOC_QSYS_jtag_uart_scfifo_w.gml,automated_gscl45nm,latest,DE0_NANO_SOC_QSYS_jtag_uart_scfifo_w
automated_gscl45nm_rs_encoder_decoder_latest_final_GF8Mult132.gml,automated_gscl45nm,latest,GF8Mult132
automated_gscl45nm_rs_encoder_decoder_latest_final_GF8Mult126.gml,automated_gscl45nm,latest,GF8Mult126
automated_gscl45nm_cookbook_final_dec_67_64.gml,automated_gscl45nm,cookbook,dec_67_64
automated_gscl45nm_des_latest_final_sbox7.gml,automated_gscl45nm,latest,sbox7
automated_gscl45nm_pairing_latest_final_f33m_mux3.gml,automated_gscl45nm,latest,f33m_mux3
automated_gscl45nm_verilog-trivium-master_final_Trivium.gml,automated_gscl45nm,verilog-trivium-master,Trivium
automated_gscl45nm_turbo8051_latest_final_spi_cfg.gml,automated_gscl45nm,latest,spi_cfg
automated_gscl45nm_fpu_latest_final_div_r2.gml,automated_gscl45nm,latest,div_r2
automated_gscl45nm_m32632_latest_final_CA_MATCH.gml,automated_gscl45nm,latest,CA_MATCH
automated_gscl45nm_Lightweight-Threshold-Implementations-master_final_lut_datapat.gml,automated_gscl45nm,Lightweight-Threshold-Implementations-master,lut_datapat
automated_gscl45nm_signed_integer_divider_latest_final_shift_15.gml,automated_gscl45nm,latest,shift_15
automated_gscl45nm_a-z80_latest_final_alu_select.gml,automated_gscl45nm,latest,alu_select
automated_gscl45nm_cookbook_final_split_add.gml,automated_gscl45nm,cookbook,split_add
automated_gscl45nm_viterb_encoder_and_decoder_final_bmc000.gml,automated_gscl45nm,decoder,bmc000
automated_gscl45nm_cookbook_final_min_max_unsigned.gml,automated_gscl45nm,cookbook,min_max_unsigned
automated_gscl45nm_tiny_aes_latest_final_expand_key_type_C_192.gml,automated_gscl45nm,latest,expand_key_type_C_192
automated_gscl45nm_cookbook_final_chain_delay_ra.gml,automated_gscl45nm,cookbook,chain_delay_ra
automated_gscl45nm_tiny_aes_latest_final_expand_key_type_A_256.gml,automated_gscl45nm,latest,expand_key_type_A_256
automated_gscl45nm_rs_encoder_decoder_latest_final_GF8Mult32.gml,automated_gscl45nm,latest,GF8Mult32
automated_gscl45nm_rs_encoder_decoder_latest_final_GF8Mult26.gml,automated_gscl45nm,latest,GF8Mult26
automated_gscl45nm_openmsp430_latest_final_DE0_NANO_SOC_QSYS_jtag_uart_sim_scfifo_r.gml,automated_gscl45nm,latest,DE0_NANO_SOC_QSYS_jtag_uart_sim_scfifo_r
automated_gscl45nm_rs_encoder_decoder_latest_final_GF8Mult244.gml,automated_gscl45nm,latest,GF8Mult244
automated_gscl45nm_ecg_latest_final_f3_mult.gml,automated_gscl45nm,latest,f3_mult
automated_gscl45nm_two_dimensional_fast_hartley_transform_latest_final_fht_1d_x8.gml,automated_gscl45nm,latest,fht_1d_x8
automated_gscl45nm_cookbook_final_sbox3.gml,automated_gscl45nm,cookbook,sbox3
automated_gscl45nm_rs_encoder_decoder_latest_final_GF8Mult250.gml,automated_gscl45nm,latest,GF8Mult250
automated_gscl45nm_cookbook_final_fec_parity.gml,automated_gscl45nm,cookbook,fec_parity
automated_gscl45nm_cookbook_final_crc32_dat32_flat.gml,automated_gscl45nm,cookbook,crc32_dat32_flat
automated_gscl45nm_cookbook_final_gf_mult_by_55.gml,automated_gscl45nm,cookbook,gf_mult_by_55
automated_gscl45nm_cookbook_final_gf_mult_by_cd.gml,automated_gscl45nm,cookbook,gf_mult_by_cd
automated_gscl45nm_cookbook_final_gf_mult_by_41.gml,automated_gscl45nm,cookbook,gf_mult_by_41
automated_gscl45nm_Lightweight-Threshold-Implementations-master_final_simon_key_expansion_shiftreg.gml,automated_gscl45nm,Lightweight-Threshold-Implementations-master,simon_key_expansion_shiftreg
automated_gscl45nm_cookbook_final_gf_mult_by_69.gml,automated_gscl45nm,cookbook,gf_mult_by_69
automated_gscl45nm_cookbook_final_gf_mult_by_c2.gml,automated_gscl45nm,cookbook,gf_mult_by_c2
automated_gscl45nm_cookbook_final_inv_mix_one_colum.gml,automated_gscl45nm,cookbook,inv_mix_one_colum
automated_gscl45nm_cookbook_final_gf_mult_by_b6.gml,automated_gscl45nm,cookbook,gf_mult_by_b6
automated_gscl45nm_cookbook_final_gf_mult_by_96.gml,automated_gscl45nm,cookbook,gf_mult_by_96
automated_gscl45nm_mriscvcore_final_ALU_bltu.gml,automated_gscl45nm,mriscvcore,ALU_bltu
automated_gscl45nm_mem_ctrl_latest_final_mc_wb_if.gml,automated_gscl45nm,latest,mc_wb_if
automated_gscl45nm_cookbook_final_permut.gml,automated_gscl45nm,cookbook,permut
automated_gscl45nm_cookbook_final_crc32c_zer64_flat.gml,automated_gscl45nm,cookbook,crc32c_zer64_flat
automated_gscl45nm_cookbook_final_gf_mult_by_82.gml,automated_gscl45nm,cookbook,gf_mult_by_82
automated_gscl45nm_turbo8051_latest_final_spi_if.gml,automated_gscl45nm,latest,spi_if
automated_gscl45nm_iscas_final_OR3.gml,automated_gscl45nm,iscas,OR3
automated_gscl45nm_pairing_latest_final_func7.gml,automated_gscl45nm,latest,func7
automated_gscl45nm_cookbook_final_gf_mult_by_8d.gml,automated_gscl45nm,cookbook,gf_mult_by_8d
automated_gscl45nm_orsoc_graphics_accelerator_final_memory_to_color.gml,automated_gscl45nm,accelerator,memory_to_color
automated_gscl45nm_Aquarius_latest_final_pio.gml,automated_gscl45nm,latest,pio
automated_gscl45nm_minirisc_latest_final_sfifo4x11.gml,automated_gscl45nm,latest,sfifo4x11
automated_gscl45nm_pairing_latest_final_func6.gml,automated_gscl45nm,latest,func6
automated_gscl45nm_iscas_final_OR2.gml,automated_gscl45nm,iscas,OR2
automated_gscl45nm_AES-T100_final_T.gml,automated_gscl45nm,AES-T100,T
automated_gscl45nm_cookbook_final_gf_mult_by_9a.gml,automated_gscl45nm,cookbook,gf_mult_by_9a
automated_gscl45nm_m1_core_latest_final_m1_cor.gml,automated_gscl45nm,latest,m1_cor
automated_gscl45nm_cookbook_final_fixed_to_float.gml,automated_gscl45nm,cookbook,fixed_to_float
automated_gscl45nm_m1_core_latest_final_dpram.gml,automated_gscl45nm,latest,dpram
automated_gscl45nm_cookbook_final_gf_mult_by_83.gml,automated_gscl45nm,cookbook,gf_mult_by_83
automated_gscl45nm_fpga-median_latest_final_common_network.gml,automated_gscl45nm,latest,common_network
automated_gscl45nm_cookbook_final_gf_mult_by_97.gml,automated_gscl45nm,cookbook,gf_mult_by_97
automated_gscl45nm_rs_5_3_gf256_latest_final_MULT_BY_ALPHA51.gml,automated_gscl45nm,latest,MULT_BY_ALPHA51
automated_gscl45nm_turbo8051_latest_final_oc8051_sp.gml,automated_gscl45nm,latest,oc8051_sp
automated_gscl45nm_cookbook_final_gf_mult_by_b7.gml,automated_gscl45nm,cookbook,gf_mult_by_b7
automated_gscl45nm_xge_mac_latest_final_generic_mem_medium.gml,automated_gscl45nm,latest,generic_mem_medium
automated_gscl45nm_cookbook_final_gf_mult_by_4f.gml,automated_gscl45nm,cookbook,gf_mult_by_4f
automated_gscl45nm_ft816float_latest_final_cntlz64Reg.gml,automated_gscl45nm,latest,cntlz64Reg
automated_gscl45nm_cookbook_final_gf_mult_by_68.gml,automated_gscl45nm,cookbook,gf_mult_by_68
automated_gscl45nm_edge_latest_final_mult_unit.gml,automated_gscl45nm,latest,mult_unit
automated_gscl45nm_cookbook_final_gf_mult_by_c3.gml,automated_gscl45nm,cookbook,gf_mult_by_c3
automated_gscl45nm_crcahb_latest_final_crc_datapat.gml,automated_gscl45nm,latest,crc_datapat
automated_gscl45nm_cookbook_final_gf_mult_by_ba.gml,automated_gscl45nm,cookbook,gf_mult_by_ba
automated_gscl45nm_cookbook_final_passwd_to_bi.gml,automated_gscl45nm,cookbook,passwd_to_bi
automated_gscl45nm_cookbook_final_gf_mult_by_40.gml,automated_gscl45nm,cookbook,gf_mult_by_40
automated_gscl45nm_cookbook_final_gf_mult_by_54.gml,automated_gscl45nm,cookbook,gf_mult_by_54
automated_gscl45nm_jt51_latest_final_jt51_sintabl.gml,automated_gscl45nm,latest,jt51_sintabl
automated_gscl45nm_RSA-Verilog-master_final_serial_to_parallel.gml,automated_gscl45nm,RSA-Verilog-master,serial_to_parallel
automated_gscl45nm_aes-128_pipelined_encryption_latest_final_SBox.gml,automated_gscl45nm,latest,SBox
automated_gscl45nm_m1_core_latest_final_m1_mmu.gml,automated_gscl45nm,latest,m1_mmu
automated_gscl45nm_turbo8051_latest_final_stat_register.gml,automated_gscl45nm,latest,stat_register
automated_gscl45nm_rs_encoder_decoder_latest_final_RS8CALCR08.gml,automated_gscl45nm,latest,RS8CALCR08
automated_gscl45nm_rs_encoder_decoder_latest_final_GF8Mult251.gml,automated_gscl45nm,latest,GF8Mult251
automated_gscl45nm_cookbook_final_sbox2.gml,automated_gscl45nm,cookbook,sbox2
automated_gscl45nm_rs_encoder_decoder_latest_final_GF8Mult245.gml,automated_gscl45nm,latest,GF8Mult245
automated_gscl45nm_aes-master_final_aes_key_mem.gml,automated_gscl45nm,aes-master,aes_key_mem
automated_gscl45nm_rs_encoder_decoder_latest_final_GF8Mult27.gml,automated_gscl45nm,latest,GF8Mult27
automated_gscl45nm_sha3_latest_final_f_permutatio.gml,automated_gscl45nm,latest,f_permutatio
automated_gscl45nm_minirisc_latest_final_mux2_7.gml,automated_gscl45nm,latest,mux2_7
automated_gscl45nm_md5_pipelined_latest_final_Md5Cor.gml,automated_gscl45nm,latest,Md5Cor
automated_gscl45nm_double_fpu_latest_final_fpu_su.gml,automated_gscl45nm,latest,fpu_su
automated_gscl45nm_rs_encoder_decoder_latest_final_GF8Mult33.gml,automated_gscl45nm,latest,GF8Mult33
automated_gscl45nm_a-z80_latest_final_pin_control.gml,automated_gscl45nm,latest,pin_control
automated_gscl45nm_viterb_encoder_and_decoder_final_bmc001.gml,automated_gscl45nm,decoder,bmc001
automated_gscl45nm_apbtoaes128_latest_final_sBox.gml,automated_gscl45nm,latest,sBox
automated_gscl45nm_pairing_latest_final_f33m_add.gml,automated_gscl45nm,latest,f33m_add
automated_gscl45nm_pairing_latest_final_f32m_add4.gml,automated_gscl45nm,latest,f32m_add4
automated_gscl45nm_pairing_latest_final_f32m_add.gml,automated_gscl45nm,latest,f32m_add
automated_gscl45nm_dpll-isdn_latest_final_dpll.gml,automated_gscl45nm,latest,dpll
automated_gscl45nm_ft816float_latest_final_delay1.gml,automated_gscl45nm,latest,delay1
automated_gscl45nm_turbo8051_latest_final_clkg.gml,automated_gscl45nm,latest,clkg
automated_gscl45nm_cookbook_final_cordi.gml,automated_gscl45nm,cookbook,cordi
automated_gscl45nm_ecg_latest_final_f3m_su.gml,automated_gscl45nm,latest,f3m_su
automated_gscl45nm_m32632_latest_final_MMU_UP.gml,automated_gscl45nm,latest,MMU_UP
automated_gscl45nm_cookbook_final_round.gml,automated_gscl45nm,cookbook,round
automated_gscl45nm_cookbook_final_mask_16.gml,automated_gscl45nm,cookbook,mask_16
automated_gscl45nm_cookbook_final_c_rand.gml,automated_gscl45nm,cookbook,c_rand
automated_gscl45nm_xge_mac_latest_final_tx_dequeu.gml,automated_gscl45nm,latest,tx_dequeu
automated_gscl45nm_a-z80_latest_final_decode_stat.gml,automated_gscl45nm,latest,decode_stat
automated_gscl45nm_openmsp430_latest_final_sync_debouncer_10ms.gml,automated_gscl45nm,latest,sync_debouncer_10ms
automated_gscl45nm_openmsp430_latest_final_omsp_register_fil.gml,automated_gscl45nm,latest,omsp_register_fil
automated_gscl45nm_m1_core_latest_final_fontmap_rom.gml,automated_gscl45nm,latest,fontmap_rom
automated_gscl45nm_pairing_latest_final_f33m_mux2.gml,automated_gscl45nm,latest,f33m_mux2
automated_gscl45nm_openmsp430_latest_final_omsp_uart.gml,automated_gscl45nm,latest,omsp_uart
automated_gscl45nm_m32632_latest_final_NEU_VALID.gml,automated_gscl45nm,latest,NEU_VALID
automated_gscl45nm_des_latest_final_sbox6.gml,automated_gscl45nm,latest,sbox6
automated_gscl45nm_signed_integer_divider_latest_final_shift_7.gml,automated_gscl45nm,latest,shift_7
automated_gscl45nm_rs_encoder_decoder_latest_final_GF8Mult127.gml,automated_gscl45nm,latest,GF8Mult127
automated_gscl45nm_m1_core_latest_final_wb_text_vga.gml,automated_gscl45nm,latest,wb_text_vga
automated_gscl45nm_rs_encoder_decoder_latest_final_GF8Mult133.gml,automated_gscl45nm,latest,GF8Mult133
automated_gscl45nm_Lightweight-Threshold-Implementations-master_final_TI_Simon_Cor.gml,automated_gscl45nm,Lightweight-Threshold-Implementations-master,TI_Simon_Cor
automated_gscl45nm_jt51_latest_final_jt51_s.gml,automated_gscl45nm,latest,jt51_s
automated_gscl45nm_ecg_latest_final_func5.gml,automated_gscl45nm,latest,func5
automated_gscl45nm_mips_16_latest_final_instruction_mem.gml,automated_gscl45nm,latest,instruction_mem
automated_gscl45nm_openmsp430_latest_final_altera_avalon_st_pipeline_bas.gml,automated_gscl45nm,latest,altera_avalon_st_pipeline_bas
automated_gscl45nm_xge_mac_latest_final_generic_fifo.gml,automated_gscl45nm,latest,generic_fifo
automated_gscl45nm_m32632_latest_final_DRAM_SM.gml,automated_gscl45nm,latest,DRAM_SM
automated_gscl45nm_openmsp430_latest_final_omsp_de0_nano_soc_led_key_sw.gml,automated_gscl45nm,latest,omsp_de0_nano_soc_led_key_sw
automated_gscl45nm_m32632_latest_final_DFPU_MISC.gml,automated_gscl45nm,latest,DFPU_MISC
automated_gscl45nm_cookbook_final_bitsca.gml,automated_gscl45nm,cookbook,bitsca
automated_gscl45nm_rs_encoder_decoder_latest_final_GF8Mult197.gml,automated_gscl45nm,latest,GF8Mult197
automated_gscl45nm_rs_encoder_decoder_latest_final_GF8Mult183.gml,automated_gscl45nm,latest,GF8Mult183
automated_gscl45nm_trigonometric_functions_in_double_fpu_latest_final_dividor.gml,automated_gscl45nm,latest,dividor
automated_gscl45nm_i2c_latest_final_i2c_master_top.gml,automated_gscl45nm,latest,i2c_master_top
automated_gscl45nm_a-z80_latest_final_alu_mux_4.gml,automated_gscl45nm,latest,alu_mux_4
automated_gscl45nm_rs_encoder_decoder_latest_final_GF8Mult154.gml,automated_gscl45nm,latest,GF8Mult154
automated_gscl45nm_rs_encoder_decoder_latest_final_GF8Mult140.gml,automated_gscl45nm,latest,GF8Mult140
automated_gscl45nm_des-master_final_crp.gml,automated_gscl45nm,des-master,crp
automated_gscl45nm_rs_encoder_decoder_latest_final_GF8Mult168.gml,automated_gscl45nm,latest,GF8Mult168
automated_gscl45nm_cookbook_final_ecc_encode_2bit.gml,automated_gscl45nm,cookbook,ecc_encode_2bit
automated_gscl45nm_crcahb_latest_final_bit_reversal.gml,automated_gscl45nm,latest,bit_reversal
automated_gscl45nm_cookbook_final_buf_2to3.gml,automated_gscl45nm,cookbook,buf_2to3
automated_gscl45nm_openmsp430_latest_final_DE0_NANO_SOC_Default.gml,automated_gscl45nm,latest,DE0_NANO_SOC_Default
automated_gscl45nm_tiny_tate_bilinear_pairing_latest_final_v0.gml,automated_gscl45nm,latest,v0
automated_gscl45nm_iscas_final_FD1S2.gml,automated_gscl45nm,iscas,FD1S2
automated_gscl45nm_jt51_latest_final_jt51.gml,automated_gscl45nm,latest,jt51
automated_gscl45nm_openmsp430_latest_final_ext_de1_sram.gml,automated_gscl45nm,latest,ext_de1_sram
automated_gscl45nm_a-z80_latest_final_data_pins.gml,automated_gscl45nm,latest,data_pins
automated_gscl45nm_cookbook_final_fec_rot_12.gml,automated_gscl45nm,cookbook,fec_rot_12
automated_gscl45nm_present_encryptor_latest_final_substitutio.gml,automated_gscl45nm,latest,substitutio
automated_gscl45nm_pairing_latest_final_f3m_cubi.gml,automated_gscl45nm,latest,f3m_cubi
automated_gscl45nm_gcm-aes_latest_final_aes_sbox.gml,automated_gscl45nm,latest,aes_sbox
automated_gscl45nm_simon_core_latest_final_simon_key_expansion_shiftreg.gml,automated_gscl45nm,latest,simon_key_expansion_shiftreg
automated_gscl45nm_openmsp430_latest_final_omsp_alu.gml,automated_gscl45nm,latest,omsp_alu
automated_gscl45nm_iscas_final_s1494.gml,automated_gscl45nm,iscas,s1494
automated_gscl45nm_ft816float_latest_final_fpDecomp.gml,automated_gscl45nm,latest,fpDecomp
automated_gscl45nm_des-master_final_sbox7.gml,automated_gscl45nm,des-master,sbox7
automated_gscl45nm_jt51_latest_final_jt51_sh2.gml,automated_gscl45nm,latest,jt51_sh2
automated_gscl45nm_turbo8051_latest_final_oc8051_indi_addr.gml,automated_gscl45nm,latest,oc8051_indi_addr
automated_gscl45nm_mem_ctrl_latest_final_mc_dp.gml,automated_gscl45nm,latest,mc_dp
automated_gscl45nm_rs_encoder_decoder_latest_final_GF8Mult97.gml,automated_gscl45nm,latest,GF8Mult97
automated_gscl45nm_iscas_final_AN4.gml,automated_gscl45nm,iscas,AN4
automated_gscl45nm_rs_encoder_decoder_latest_final_GF8Mult83.gml,automated_gscl45nm,latest,GF8Mult83
automated_gscl45nm_sha_core_latest_final_sha1.gml,automated_gscl45nm,latest,sha1
automated_gscl45nm_rs_encoder_decoder_latest_final_GF8Mult222.gml,automated_gscl45nm,latest,GF8Mult222
automated_gscl45nm_rs_encoder_decoder_latest_final_GF8Mult68.gml,automated_gscl45nm,latest,GF8Mult68
automated_gscl45nm_turbo8051_latest_final_g_tx_crc32.gml,automated_gscl45nm,latest,g_tx_crc32
automated_gscl45nm_rs_encoder_decoder_latest_final_GF8Mult236.gml,automated_gscl45nm,latest,GF8Mult236
automated_gscl45nm_iscas_final_FD1.gml,automated_gscl45nm,iscas,FD1
automated_gscl45nm_rs_encoder_decoder_latest_final_GF8Mult54.gml,automated_gscl45nm,latest,GF8Mult54
automated_gscl45nm_openmsp430_latest_final_spartan3e_dmem.gml,automated_gscl45nm,latest,spartan3e_dmem
automated_gscl45nm_rs_encoder_decoder_latest_final_GF8Mult40.gml,automated_gscl45nm,latest,GF8Mult40
automated_gscl45nm_aes-128_pipelined_encryption_latest_final_SubBytes.gml,automated_gscl45nm,latest,SubBytes
automated_gscl45nm_cookbook_final_gf_mult_by_e4.gml,automated_gscl45nm,cookbook,gf_mult_by_e4
automated_gscl45nm_cookbook_final_gf_mult_by_d0.gml,automated_gscl45nm,cookbook,gf_mult_by_d0
automated_gscl45nm_pairing_latest_final_f32m_mux6.gml,automated_gscl45nm,latest,f32m_mux6
automated_gscl45nm_cookbook_final_gf_mult_by_2a.gml,automated_gscl45nm,cookbook,gf_mult_by_2a
automated_gscl45nm_cookbook_final_gf_mult_by_33.gml,automated_gscl45nm,cookbook,gf_mult_by_33
automated_gscl45nm_mriscv_final_ADC_interface_AXI.gml,automated_gscl45nm,mriscv,ADC_interface_AXI
automated_gscl45nm_cookbook_final_gf_mult_by_f8.gml,automated_gscl45nm,cookbook,gf_mult_by_f8
automated_gscl45nm_cookbook_final_adder_tree_nod.gml,automated_gscl45nm,cookbook,adder_tree_nod
automated_gscl45nm_cookbook_final_gf_mult_by_df.gml,automated_gscl45nm,cookbook,gf_mult_by_df
automated_gscl45nm_cookbook_final_gf_mult_by_27.gml,automated_gscl45nm,cookbook,gf_mult_by_27
automated_gscl45nm_sha256-master_final_sha256_stream.gml,automated_gscl45nm,sha256-master,sha256_stream
automated_gscl45nm_cookbook_final_big_sigma_1_512.gml,automated_gscl45nm,cookbook,big_sigma_1_512
automated_gscl45nm_a-z80_latest_final_alu_bit_select.gml,automated_gscl45nm,latest,alu_bit_select
automated_gscl45nm_crcahb_latest_final_crc_control_unit.gml,automated_gscl45nm,latest,crc_control_unit
automated_gscl45nm_two_dimensional_fast_hartley_transform_latest_final_fht_8x8_cor.gml,automated_gscl45nm,latest,fht_8x8_cor
automated_gscl45nm_16x2_lcd_display_driver_latest_final_lcd_fpga.gml,automated_gscl45nm,latest,lcd_fpga
automated_gscl45nm_m1_core_latest_final_ps2_io_ctrl.gml,automated_gscl45nm,latest,ps2_io_ctrl
automated_gscl45nm_RSA-Verilog-master_final_LED_Verilog.gml,automated_gscl45nm,RSA-Verilog-master,LED_Verilog
automated_gscl45nm_cookbook_final_gf_mult_by_26.gml,automated_gscl45nm,cookbook,gf_mult_by_26
automated_gscl45nm_iscas_final_s349.gml,automated_gscl45nm,iscas,s349
automated_gscl45nm_a-z80_latest_final_alu_control.gml,automated_gscl45nm,latest,alu_control
automated_gscl45nm_cookbook_final_gf_mult_by_32.gml,automated_gscl45nm,cookbook,gf_mult_by_32
automated_gscl45nm_cookbook_final_gf_mult_by_f9.gml,automated_gscl45nm,cookbook,gf_mult_by_f9
automated_gscl45nm_cookbook_final_gf_mult_by_d1.gml,automated_gscl45nm,cookbook,gf_mult_by_d1
automated_gscl45nm_cookbook_final_gf_mult_by_3d.gml,automated_gscl45nm,cookbook,gf_mult_by_3d
automated_gscl45nm_cookbook_final_float_to_fixed.gml,automated_gscl45nm,cookbook,float_to_fixed
automated_gscl45nm_sdr_ctrl_latest_final_sdrc_req_g.gml,automated_gscl45nm,latest,sdrc_req_g
automated_gscl45nm_mriscv_final_spi_axi_master.gml,automated_gscl45nm,mriscv,spi_axi_master
automated_gscl45nm_openmsp430_latest_final_cyclonev_io_ibuf.gml,automated_gscl45nm,latest,cyclonev_io_ibuf
automated_gscl45nm_cookbook_final_gf_mult_by_e5.gml,automated_gscl45nm,cookbook,gf_mult_by_e5
automated_gscl45nm_rs_encoder_decoder_latest_final_GF8Mult41.gml,automated_gscl45nm,latest,GF8Mult41
automated_gscl45nm_edge_latest_final_alu_decoder.gml,automated_gscl45nm,latest,alu_decoder
automated_gscl45nm_rs_encoder_decoder_latest_final_GF8Mult55.gml,automated_gscl45nm,latest,GF8Mult55
automated_gscl45nm_rs_encoder_decoder_latest_final_GF8Mult237.gml,automated_gscl45nm,latest,GF8Mult237
automated_gscl45nm_rs_encoder_decoder_latest_final_GF8Mult223.gml,automated_gscl45nm,latest,GF8Mult223
automated_gscl45nm_orsoc_graphics_accelerator_final_gfx_wbs.gml,automated_gscl45nm,accelerator,gfx_wbs
automated_gscl45nm_rs_encoder_decoder_latest_final_GF8Mult69.gml,automated_gscl45nm,latest,GF8Mult69
automated_gscl45nm_minirisc_latest_final_xilinx_mux8_8.gml,automated_gscl45nm,latest,xilinx_mux8_8
automated_gscl45nm_rs_encoder_decoder_latest_final_GF8Mult82.gml,automated_gscl45nm,latest,GF8Mult82
automated_gscl45nm_ecg_latest_final_f3_su.gml,automated_gscl45nm,latest,f3_su
automated_gscl45nm_sha1-master_final_sha1_w_mem.gml,automated_gscl45nm,sha1-master,sha1_w_mem
automated_gscl45nm_cookbook_final_uart_tx.gml,automated_gscl45nm,cookbook,uart_tx
automated_gscl45nm_rs_encoder_decoder_latest_final_GF8Mult96.gml,automated_gscl45nm,latest,GF8Mult96
automated_gscl45nm_a-z80_latest_final_memory_if.gml,automated_gscl45nm,latest,memory_if
automated_gscl45nm_des-master_final_sbox6.gml,automated_gscl45nm,des-master,sbox6
automated_gscl45nm_cookbook_final_twenty_to_eight.gml,automated_gscl45nm,cookbook,twenty_to_eight
automated_gscl45nm_sha1-master_final_sha1.gml,automated_gscl45nm,sha1-master,sha1
automated_gscl45nm_minirisc_latest_final_xilinx_inc11.gml,automated_gscl45nm,latest,xilinx_inc11
automated_gscl45nm_turbo8051_latest_final_uart_cor.gml,automated_gscl45nm,latest,uart_cor
automated_gscl45nm_ft816float_latest_final_cntlz48.gml,automated_gscl45nm,latest,cntlz48
automated_gscl45nm_a-z80_latest_final_inc_d.gml,automated_gscl45nm,latest,inc_d
automated_gscl45nm_mriscv_final_spi_axi_slav.gml,automated_gscl45nm,mriscv,spi_axi_slav
automated_gscl45nm_cavlc_latest_final_cavlc_read_levels.gml,automated_gscl45nm,latest,cavlc_read_levels
automated_gscl45nm_turbo8051_latest_final_oc8051_divid.gml,automated_gscl45nm,latest,oc8051_divid
automated_gscl45nm_xge_mac_latest_final_tx_enqueu.gml,automated_gscl45nm,latest,tx_enqueu
automated_gscl45nm_fixed_point_arithmetic_parameterized_latest_final_top.gml,automated_gscl45nm,latest,top
automated_gscl45nm_openmsp430_latest_final_omsp_sync_reset.gml,automated_gscl45nm,latest,omsp_sync_reset
automated_gscl45nm_cookbook_final_scrambler.gml,automated_gscl45nm,cookbook,scrambler
automated_gscl45nm_cookbook_final_fec_rot_13.gml,automated_gscl45nm,cookbook,fec_rot_13
automated_gscl45nm_tiny_tate_bilinear_pairing_latest_final_v1.gml,automated_gscl45nm,latest,v1
automated_gscl45nm_m32632_latest_final_CONFIG_REGS.gml,automated_gscl45nm,latest,CONFIG_REGS
automated_gscl45nm_gcm-aes_latest_final_gfm128_16.gml,automated_gscl45nm,latest,gfm128_16
automated_gscl45nm_cookbook_final_h_register.gml,automated_gscl45nm,cookbook,h_register
automated_gscl45nm_rs_encoder_decoder_latest_final_GF8Mult169.gml,automated_gscl45nm,latest,GF8Mult169
automated_gscl45nm_rs_encoder_decoder_latest_final_GF8Mult141.gml,automated_gscl45nm,latest,GF8Mult141
automated_gscl45nm_iscas_final_NR4.gml,automated_gscl45nm,iscas,NR4
automated_gscl45nm_cpu8080_latest_final_scnromu.gml,automated_gscl45nm,latest,scnromu
automated_gscl45nm_ft816float_latest_final_isqrt_t.gml,automated_gscl45nm,latest,isqrt_t
automated_gscl45nm_openmsp430_latest_final_spartan3e_pmem.gml,automated_gscl45nm,latest,spartan3e_pmem
automated_gscl45nm_rs_encoder_decoder_latest_final_GF8Mult155.gml,automated_gscl45nm,latest,GF8Mult155
automated_gscl45nm_cookbook_final_crc32_dat48_flat.gml,automated_gscl45nm,cookbook,crc32_dat48_flat
automated_gscl45nm_rs_encoder_decoder_latest_final_GF8Mult182.gml,automated_gscl45nm,latest,GF8Mult182
automated_gscl45nm_iscas_final_s9234.gml,automated_gscl45nm,iscas,s9234
automated_gscl45nm_rs_encoder_decoder_latest_final_GF8Mult196.gml,automated_gscl45nm,latest,GF8Mult196
automated_gscl45nm_cookbook_final_reed_sol_t.gml,automated_gscl45nm,cookbook,reed_sol_t
automated_gscl45nm_gost28147-89_latest_final_gost89_pipelined_ecb_decrypt.gml,automated_gscl45nm,latest,gost89_pipelined_ecb_decrypt
automated_gscl45nm_rs_encoder_decoder_latest_final_GF8Mult180.gml,automated_gscl45nm,latest,GF8Mult180
automated_gscl45nm_cookbook_final_min_max_signed.gml,automated_gscl45nm,cookbook,min_max_signed
automated_gscl45nm_rs_encoder_decoder_latest_final_GF8Mult194.gml,automated_gscl45nm,latest,GF8Mult194
automated_gscl45nm_cookbook_final_ab_register.gml,automated_gscl45nm,cookbook,ab_register
automated_gscl45nm_cookbook_final_crc24_zer64x3_flat.gml,automated_gscl45nm,cookbook,crc24_zer64x3_flat
automated_gscl45nm_m32632_latest_final_DFPU_DIV.gml,automated_gscl45nm,latest,DFPU_DIV
automated_gscl45nm_cookbook_final_crc24_zer64x2_flat.gml,automated_gscl45nm,cookbook,crc24_zer64x2_flat
automated_gscl45nm_cookbook_final_gearbox_32_66.gml,automated_gscl45nm,cookbook,gearbox_32_66
automated_gscl45nm_rs_encoder_decoder_latest_final_GF8Mult143.gml,automated_gscl45nm,latest,GF8Mult143
automated_gscl45nm_rs_encoder_decoder_latest_final_GF8Mult157.gml,automated_gscl45nm,latest,GF8Mult157
automated_gscl45nm_tiny_aes_latest_final_expand_key_type_A_192.gml,automated_gscl45nm,latest,expand_key_type_A_192
automated_gscl45nm_a-z80_latest_final_alu_flags.gml,automated_gscl45nm,latest,alu_flags
automated_gscl45nm_Lightweight-Threshold-Implementations-master_final_datapath_simon2shar.gml,automated_gscl45nm,Lightweight-Threshold-Implementations-master,datapath_simon2shar
automated_gscl45nm_cookbook_final_fec_rot_11.gml,automated_gscl45nm,cookbook,fec_rot_11
automated_gscl45nm_rs_encoder_decoder_latest_final_GF8Dft_Idft.gml,automated_gscl45nm,latest,GF8Dft_Idft
automated_gscl45nm_viterb_encoder_and_decoder_final_bmc111.gml,automated_gscl45nm,decoder,bmc111
automated_gscl45nm_jt51_latest_final_sh_encod.gml,automated_gscl45nm,latest,sh_encod
automated_gscl45nm_cookbook_final_stream_mux.gml,automated_gscl45nm,cookbook,stream_mux
automated_gscl45nm_aes_highthroughput_lowarea_latest_final_MULD.gml,automated_gscl45nm,latest,MULD
automated_gscl45nm_cookbook_final_encoder.gml,automated_gscl45nm,cookbook,encoder
automated_gscl45nm_jt51_latest_final_jt51_sh1.gml,automated_gscl45nm,latest,jt51_sh1
automated_gscl45nm_des-master_final_sbox4.gml,automated_gscl45nm,des-master,sbox4
automated_gscl45nm_iscas_final_c1908.gml,automated_gscl45nm,iscas,c1908
automated_gscl45nm_jt51_latest_final_jt51_timers.gml,automated_gscl45nm,latest,jt51_timers
automated_gscl45nm_pairing_latest_final_f3_add.gml,automated_gscl45nm,latest,f3_add
automated_gscl45nm_rs_encoder_decoder_latest_final_GF8Mult80.gml,automated_gscl45nm,latest,GF8Mult80
automated_gscl45nm_sdr_ctrl_latest_final_sync_fifo.gml,automated_gscl45nm,latest,sync_fifo
automated_gscl45nm_rs_encoder_decoder_latest_final_GF8Mult94.gml,automated_gscl45nm,latest,GF8Mult94
automated_gscl45nm_m32632_latest_final_DATENPFAD.gml,automated_gscl45nm,latest,DATENPFAD
automated_gscl45nm_rs_encoder_decoder_latest_final_GF8Mult235.gml,automated_gscl45nm,latest,GF8Mult235
automated_gscl45nm_Lightweight-Threshold-Implementations-master_final_serial_simo.gml,automated_gscl45nm,Lightweight-Threshold-Implementations-master,serial_simo
automated_gscl45nm_rs_encoder_decoder_latest_final_GF8Mult221.gml,automated_gscl45nm,latest,GF8Mult221
automated_gscl45nm_cookbook_final_gearbox_20_66.gml,automated_gscl45nm,cookbook,gearbox_20_66
automated_gscl45nm_rs_encoder_decoder_latest_final_GF8Mult209.gml,automated_gscl45nm,latest,GF8Mult209
automated_gscl45nm_jt51_latest_final_jt51_lin2exp.gml,automated_gscl45nm,latest,jt51_lin2exp
automated_gscl45nm_rs_encoder_decoder_latest_final_GF8Mult43.gml,automated_gscl45nm,latest,GF8Mult43
automated_gscl45nm_cookbook_final_gearbox_33_32.gml,automated_gscl45nm,cookbook,gearbox_33_32
automated_gscl45nm_rs_encoder_decoder_latest_final_GF8Mult57.gml,automated_gscl45nm,latest,GF8Mult57
automated_gscl45nm_iscas_final_s820.gml,automated_gscl45nm,iscas,s820
automated_gscl45nm_cookbook_final_gf_mult_by_18.gml,automated_gscl45nm,cookbook,gf_mult_by_18
automated_gscl45nm_rsencoder_latest_final_GFMUL8.gml,automated_gscl45nm,latest,GFMUL8
automated_gscl45nm_cookbook_final_gf_mult_by_d3.gml,automated_gscl45nm,cookbook,gf_mult_by_d3
automated_gscl45nm_ft816float_latest_final_FloatToInt_t.gml,automated_gscl45nm,latest,FloatToInt_t
automated_gscl45nm_cookbook_final_gf_mult_by_e7.gml,automated_gscl45nm,cookbook,gf_mult_by_e7
automated_gscl45nm_iscas_final_FDMASK.gml,automated_gscl45nm,iscas,FDMASK
automated_gscl45nm_cookbook_final_gf_mult_by_3f.gml,automated_gscl45nm,cookbook,gf_mult_by_3f
automated_gscl45nm_cookbook_final_gf_mult_by_24.gml,automated_gscl45nm,cookbook,gf_mult_by_24
automated_gscl45nm_rsencoder_latest_final_rs_encod.gml,automated_gscl45nm,latest,rs_encod
automated_gscl45nm_cookbook_final_gf_mult_by_ea.gml,automated_gscl45nm,cookbook,gf_mult_by_ea
automated_gscl45nm_cookbook_final_gf_mult_by_30.gml,automated_gscl45nm,cookbook,gf_mult_by_30
automated_gscl45nm_Aquarius_latest_final_uart.gml,automated_gscl45nm,latest,uart
automated_gscl45nm_turbo8051_latest_final_g_deferral.gml,automated_gscl45nm,latest,g_deferral
automated_gscl45nm_ft816float_latest_final_i2f.gml,automated_gscl45nm,latest,i2f
automated_gscl45nm_cookbook_final_rgb_to_hu.gml,automated_gscl45nm,cookbook,rgb_to_hu
automated_gscl45nm_dpll-isdn_latest_final_randomwalkfilter.gml,automated_gscl45nm,latest,randomwalkfilter
automated_gscl45nm_cookbook_final_crc32c_dat64_only_flat.gml,automated_gscl45nm,cookbook,crc32c_dat64_only_flat
automated_gscl45nm_openmsp430_latest_final_openMSP430_fpga.gml,automated_gscl45nm,latest,openMSP430_fpga
automated_gscl45nm_reed_solomon_codec_generator_latest_final_RsDecodeShiftOmega.gml,automated_gscl45nm,latest,RsDecodeShiftOmega
automated_gscl45nm_m32632_latest_final_DCA_CONTROL.gml,automated_gscl45nm,latest,DCA_CONTROL
automated_gscl45nm_turbo8051_latest_final_oc8051_sfr.gml,automated_gscl45nm,latest,oc8051_sfr
automated_gscl45nm_8bit_vedic_multiplier_latest_final_ripple_adder_4bit.gml,automated_gscl45nm,latest,ripple_adder_4bit
automated_gscl45nm_openmsp430_latest_final_DE0_NANO_SOC_QSYS_sw.gml,automated_gscl45nm,latest,DE0_NANO_SOC_QSYS_sw
automated_gscl45nm_cookbook_final_unstable_counters.gml,automated_gscl45nm,cookbook,unstable_counters
automated_gscl45nm_cookbook_final_gf_mult_by_31.gml,automated_gscl45nm,cookbook,gf_mult_by_31
automated_gscl45nm_cookbook_final_gf_mult_by_25.gml,automated_gscl45nm,cookbook,gf_mult_by_25
automated_gscl45nm_cookbook_final_rot_word.gml,automated_gscl45nm,cookbook,rot_word
automated_gscl45nm_cookbook_final_gf_mult_by_dd.gml,automated_gscl45nm,cookbook,gf_mult_by_dd
automated_gscl45nm_Lightweight-Threshold-Implementations-master_final_datapath_shar.gml,automated_gscl45nm,Lightweight-Threshold-Implementations-master,datapath_shar
automated_gscl45nm_cookbook_final_gf_mult_by_e6.gml,automated_gscl45nm,cookbook,gf_mult_by_e6
automated_gscl45nm_turbo8051_latest_final_uart_rxfsm.gml,automated_gscl45nm,latest,uart_rxfsm
automated_gscl45nm_cookbook_final_gf_mult_by_19.gml,automated_gscl45nm,cookbook,gf_mult_by_19
automated_gscl45nm_minirisc_latest_final_xilinx_add_sub8_co.gml,automated_gscl45nm,latest,xilinx_add_sub8_co
automated_gscl45nm_cookbook_final_gf_mult_by_d2.gml,automated_gscl45nm,cookbook,gf_mult_by_d2
automated_gscl45nm_turbo8051_latest_final_oc8051_ram_256x8_two_bist.gml,automated_gscl45nm,latest,oc8051_ram_256x8_two_bist
automated_gscl45nm_m1_core_latest_final_ddr_rpat.gml,automated_gscl45nm,latest,ddr_rpat
automated_gscl45nm_reed_solomon_decoder_latest_final_GF_matrix_d.gml,automated_gscl45nm,latest,GF_matrix_d
automated_gscl45nm_altor32_latest_final_altor32_lit.gml,automated_gscl45nm,latest,altor32_lit
automated_gscl45nm_rs_encoder_decoder_latest_final_GF8Mult56.gml,automated_gscl45nm,latest,GF8Mult56
automated_gscl45nm_tiny_tate_bilinear_pairing_latest_final_muxer.gml,automated_gscl45nm,latest,muxer
automated_gscl45nm_rs_encoder_decoder_latest_final_GF8Mult208.gml,automated_gscl45nm,latest,GF8Mult208
automated_gscl45nm_AES-T100_final_table_lookup.gml,automated_gscl45nm,AES-T100,table_lookup
automated_gscl45nm_rs_encoder_decoder_latest_final_GF8Mult42.gml,automated_gscl45nm,latest,GF8Mult42
automated_gscl45nm_AES-T1000_final_S.gml,automated_gscl45nm,AES-T1000,S
automated_gscl45nm_cookbook_final_gearbox_66_32.gml,automated_gscl45nm,cookbook,gearbox_66_32
automated_gscl45nm_cookbook_final_gearbox_20_67.gml,automated_gscl45nm,cookbook,gearbox_20_67
automated_gscl45nm_rs_encoder_decoder_latest_final_GF8Mult220.gml,automated_gscl45nm,latest,GF8Mult220
automated_gscl45nm_m1_core_latest_final_m1_cpu.gml,automated_gscl45nm,latest,m1_cpu
automated_gscl45nm_rs_encoder_decoder_latest_final_GF8Mult234.gml,automated_gscl45nm,latest,GF8Mult234
automated_gscl45nm_rs_encoder_decoder_latest_final_GF8Mult95.gml,automated_gscl45nm,latest,GF8Mult95
automated_gscl45nm_m32632_latest_final_KOLDETECT.gml,automated_gscl45nm,latest,KOLDETECT
automated_gscl45nm_edge_latest_final_shifter_right_logical.gml,automated_gscl45nm,latest,shifter_right_logical
automated_gscl45nm_m32632_latest_final_I_PFAD.gml,automated_gscl45nm,latest,I_PFAD
automated_gscl45nm_pairing_latest_final_f32m_cubi.gml,automated_gscl45nm,latest,f32m_cubi
automated_gscl45nm_rs_encoder_decoder_latest_final_GF8Mult81.gml,automated_gscl45nm,latest,GF8Mult81
automated_gscl45nm_ecg_latest_final_f3_add1.gml,automated_gscl45nm,latest,f3_add1
automated_gscl45nm_rs_decoder_31_19_6_latest_final_inverscom.gml,automated_gscl45nm,latest,inverscom
automated_gscl45nm_ft816float_latest_final_redor64.gml,automated_gscl45nm,latest,redor64
automated_gscl45nm_AES-T1000_final_expand_key_128.gml,automated_gscl45nm,AES-T1000,expand_key_128
automated_gscl45nm_des-master_final_sbox5.gml,automated_gscl45nm,des-master,sbox5
automated_gscl45nm_aes_highthroughput_lowarea_latest_final_MUL3.gml,automated_gscl45nm,latest,MUL3
automated_gscl45nm_rsencoder_latest_final_GFADD.gml,automated_gscl45nm,latest,GFADD
automated_gscl45nm_aes_highthroughput_lowarea_latest_final_MULE.gml,automated_gscl45nm,latest,MULE
automated_gscl45nm_AES-T100_final_final_round.gml,automated_gscl45nm,AES-T100,final_round
automated_gscl45nm_turbo8051_latest_final_double_sync_low.gml,automated_gscl45nm,latest,double_sync_low
automated_gscl45nm_viterb_encoder_and_decoder_final_bmc110.gml,automated_gscl45nm,decoder,bmc110
automated_gscl45nm_tiny_tate_bilinear_pairing_latest_final_v2.gml,automated_gscl45nm,latest,v2
automated_gscl45nm_pairing_latest_final_f3_su.gml,automated_gscl45nm,latest,f3_su
automated_gscl45nm_cookbook_final_fec_rot_10.gml,automated_gscl45nm,cookbook,fec_rot_10
automated_gscl45nm_Aquarius_latest_final_sasc_top.gml,automated_gscl45nm,latest,sasc_top
automated_gscl45nm_8bit_vedic_multiplier_latest_final_ripple_adder_8bit.gml,automated_gscl45nm,latest,ripple_adder_8bit
automated_gscl45nm_cookbook_final_clock_follow.gml,automated_gscl45nm,cookbook,clock_follow
automated_gscl45nm_cookbook_final_synchronizer.gml,automated_gscl45nm,cookbook,synchronizer
automated_gscl45nm_cookbook_final_reference_arbiter.gml,automated_gscl45nm,cookbook,reference_arbiter
automated_gscl45nm_gng_latest_final_gng_coef.gml,automated_gscl45nm,latest,gng_coef
automated_gscl45nm_a-z80_latest_final_bus_swit.gml,automated_gscl45nm,latest,bus_swit
automated_gscl45nm_rs_encoder_decoder_latest_final_GF8Mult156.gml,automated_gscl45nm,latest,GF8Mult156
automated_gscl45nm_RSA-CRYPTOSYSTEM-using-verilog-master_final_mod.gml,automated_gscl45nm,RSA-CRYPTOSYSTEM-using-verilog-master,mod
automated_gscl45nm_rs_encoder_decoder_latest_final_GF8Mult142.gml,automated_gscl45nm,latest,GF8Mult142
automated_gscl45nm_SHA_final_ROM.gml,automated_gscl45nm,SHA,ROM
automated_gscl45nm_cavlc_latest_final_cavlc_fsm.gml,automated_gscl45nm,latest,cavlc_fsm
automated_gscl45nm_cookbook_final_crc32c_dat64_flat.gml,automated_gscl45nm,cookbook,crc32c_dat64_flat
automated_gscl45nm_rs_encoder_decoder_latest_final_RS8Controller.gml,automated_gscl45nm,latest,RS8Controller
automated_gscl45nm_rs_encoder_decoder_latest_final_GF8Mult195.gml,automated_gscl45nm,latest,GF8Mult195
automated_gscl45nm_pairing_latest_final_f3m_mux6.gml,automated_gscl45nm,latest,f3m_mux6
automated_gscl45nm_altor32_latest_final_altor32_alu.gml,automated_gscl45nm,latest,altor32_alu
automated_gscl45nm_openmsp430_latest_final_omsp_scan_mux.gml,automated_gscl45nm,latest,omsp_scan_mux
automated_gscl45nm_rs_encoder_decoder_latest_final_GF8Mult181.gml,automated_gscl45nm,latest,GF8Mult181
automated_gscl45nm_a-z80_latest_final_alu_mux_2.gml,automated_gscl45nm,latest,alu_mux_2
automated_gscl45nm_cookbook_final_fec_rot_8.gml,automated_gscl45nm,cookbook,fec_rot_8
automated_gscl45nm_mriscv_final_macstate2.gml,automated_gscl45nm,mriscv,macstate2
automated_gscl45nm_rs_encoder_decoder_latest_final_GF8Mult185.gml,automated_gscl45nm,latest,GF8Mult185
automated_gscl45nm_rs_encoder_decoder_latest_final_GF8Mult191.gml,automated_gscl45nm,latest,GF8Mult191
automated_gscl45nm_RSA-CRYPTOSYSTEM-using-verilog-master_final_dff.gml,automated_gscl45nm,RSA-CRYPTOSYSTEM-using-verilog-master,dff
automated_gscl45nm_cookbook_final_uart_hw_test.gml,automated_gscl45nm,cookbook,uart_hw_test
automated_gscl45nm_ecg_latest_final_f3m_ni.gml,automated_gscl45nm,latest,f3m_ni
automated_gscl45nm_rs_encoder_decoder_latest_final_GF8Mult146.gml,automated_gscl45nm,latest,GF8Mult146
automated_gscl45nm_iscas_final_NR3.gml,automated_gscl45nm,iscas,NR3
automated_gscl45nm_cookbook_final_inv_shift_rows.gml,automated_gscl45nm,cookbook,inv_shift_rows
automated_gscl45nm_mriscvcore_final_ALU_blt.gml,automated_gscl45nm,mriscvcore,ALU_blt
automated_gscl45nm_rs_encoder_decoder_latest_final_GF8Mult152.gml,automated_gscl45nm,latest,GF8Mult152
automated_gscl45nm_cookbook_final_fec_rot_28.gml,automated_gscl45nm,cookbook,fec_rot_28
automated_gscl45nm_a-z80_latest_final_reg_fil.gml,automated_gscl45nm,latest,reg_fil
automated_gscl45nm_rs_decoder_31_19_6_latest_final_degree5_cell.gml,automated_gscl45nm,latest,degree5_cell
automated_gscl45nm_cookbook_final_scrambler_lfsr.gml,automated_gscl45nm,cookbook,scrambler_lfsr
automated_gscl45nm_rs_decoder_31_19_6_latest_final_degree4_cell.gml,automated_gscl45nm,latest,degree4_cell
automated_gscl45nm_two_dimensional_fast_hartley_transform_latest_final_mtx_trps_8x8_dpsram.gml,automated_gscl45nm,latest,mtx_trps_8x8_dpsram
automated_gscl45nm_cookbook_final_vga_driver.gml,automated_gscl45nm,cookbook,vga_driver
automated_gscl45nm_viterb_encoder_and_decoder_final_bmc100.gml,automated_gscl45nm,decoder,bmc100
automated_gscl45nm_cookbook_final_fec_rot_14.gml,automated_gscl45nm,cookbook,fec_rot_14
automated_gscl45nm_cookbook_final_ecc_raw_data_16bit.gml,automated_gscl45nm,cookbook,ecc_raw_data_16bit
automated_gscl45nm_openmsp430_latest_final_DAC121S101.gml,automated_gscl45nm,latest,DAC121S101
automated_gscl45nm_aes-128_pipelined_encryption_latest_final_ShiftRows.gml,automated_gscl45nm,latest,ShiftRows
automated_gscl45nm_sdr_ctrl_latest_final_async_fifo.gml,automated_gscl45nm,latest,async_fifo
automated_gscl45nm_openmsp430_latest_final_ogfx_reg_vram_if.gml,automated_gscl45nm,latest,ogfx_reg_vram_if
automated_gscl45nm_ft816float_latest_final_fpCompar.gml,automated_gscl45nm,latest,fpCompar
automated_gscl45nm_tiny_aes_latest_final_table_lookup.gml,automated_gscl45nm,latest,table_lookup
automated_gscl45nm_tiny_aes_latest_final_expand_key_type_B_256.gml,automated_gscl45nm,latest,expand_key_type_B_256
automated_gscl45nm_rs_encoder_decoder_latest_final_GF8Mult85.gml,automated_gscl45nm,latest,GF8Mult85
automated_gscl45nm_openmsp430_latest_final_virtex4_dmem.gml,automated_gscl45nm,latest,virtex4_dmem
automated_gscl45nm_present_encryptor_latest_final_sbox.gml,automated_gscl45nm,latest,sbox
automated_gscl45nm_openmsp430_latest_final_virtex5_dmem.gml,automated_gscl45nm,latest,virtex5_dmem
automated_gscl45nm_rs_encoder_decoder_latest_final_GF8Mult91.gml,automated_gscl45nm,latest,GF8Mult91
automated_gscl45nm_iscas_final_AN2.gml,automated_gscl45nm,iscas,AN2
automated_gscl45nm_des-master_final_sbox1.gml,automated_gscl45nm,des-master,sbox1
automated_gscl45nm_rs_encoder_decoder_latest_final_GF8Mult46.gml,automated_gscl45nm,latest,GF8Mult46
automated_gscl45nm_rs_encoder_decoder_latest_final_GF8Mult218.gml,automated_gscl45nm,latest,GF8Mult218
automated_gscl45nm_mriscvcore_final_ALU.gml,automated_gscl45nm,mriscvcore,ALU
automated_gscl45nm_rs_encoder_decoder_latest_final_GF8Mult52.gml,automated_gscl45nm,latest,GF8Mult52
automated_gscl45nm_rs_encoder_decoder_latest_final_GF8Invers.gml,automated_gscl45nm,latest,GF8Invers
automated_gscl45nm_rs_encoder_decoder_latest_final_GF8Mult230.gml,automated_gscl45nm,latest,GF8Mult230
automated_gscl45nm_pairing_latest_final_f32m_mult.gml,automated_gscl45nm,latest,f32m_mult
automated_gscl45nm_rs_encoder_decoder_latest_final_GF8Mult224.gml,automated_gscl45nm,latest,GF8Mult224
automated_gscl45nm_aes_core_latest_final_aes_inv_cipher_top.gml,automated_gscl45nm,latest,aes_inv_cipher_top
automated_gscl45nm_cookbook_final_gf_mult_by_21.gml,automated_gscl45nm,cookbook,gf_mult_by_21
automated_gscl45nm_cookbook_final_gf_mult_by_35.gml,automated_gscl45nm,cookbook,gf_mult_by_35
automated_gscl45nm_sha3_latest_final_keccak.gml,automated_gscl45nm,latest,keccak
automated_gscl45nm_cookbook_final_gf_mult_by_ed.gml,automated_gscl45nm,cookbook,gf_mult_by_ed
automated_gscl45nm_verilog_fixed_point_math_library_latest_final_qmult.gml,automated_gscl45nm,latest,qmult
automated_gscl45nm_cookbook_final_gf_mult_by_d6.gml,automated_gscl45nm,cookbook,gf_mult_by_d6
automated_gscl45nm_cookbook_final_gf_mult_by_09.gml,automated_gscl45nm,cookbook,gf_mult_by_09
automated_gscl45nm_cookbook_final_gf_mult_by_e2.gml,automated_gscl45nm,cookbook,gf_mult_by_e2
automated_gscl45nm_iscas_final_s400.gml,automated_gscl45nm,iscas,s400
automated_gscl45nm_openmsp430_latest_final_chipscope_ico.gml,automated_gscl45nm,latest,chipscope_ico
automated_gscl45nm_gost28147-89_latest_final_gost89_ma.gml,automated_gscl45nm,latest,gost89_ma
automated_gscl45nm_iscas_final_FD1S.gml,automated_gscl45nm,iscas,FD1S
automated_gscl45nm_systemcaes_latest_final_byte_mixcolum.gml,automated_gscl45nm,latest,byte_mixcolum
automated_gscl45nm_fpga-median_latest_final_state_machi.gml,automated_gscl45nm,latest,state_machi
automated_gscl45nm_cookbook_final_tern_nod.gml,automated_gscl45nm,cookbook,tern_nod
automated_gscl45nm_hight_latest_final_RF.gml,automated_gscl45nm,latest,RF
automated_gscl45nm_openmsp430_latest_final_chipscope_ila.gml,automated_gscl45nm,latest,chipscope_ila
automated_gscl45nm_a-z80_latest_final_data_switch_mask.gml,automated_gscl45nm,latest,data_switch_mask
automated_gscl45nm_cookbook_final_gf_mult_by_08.gml,automated_gscl45nm,cookbook,gf_mult_by_08
automated_gscl45nm_cookbook_final_gf_mult_by_e3.gml,automated_gscl45nm,cookbook,gf_mult_by_e3
automated_gscl45nm_cookbook_final_gf_mult_by_d7.gml,automated_gscl45nm,cookbook,gf_mult_by_d7
automated_gscl45nm_turbo8051_latest_final_req_register.gml,automated_gscl45nm,latest,req_register
automated_gscl45nm_rs_5_3_gf256_latest_final_gf256mult.gml,automated_gscl45nm,latest,gf256mult
automated_gscl45nm_cookbook_final_gf_mult_by_2f.gml,automated_gscl45nm,cookbook,gf_mult_by_2f
automated_gscl45nm_cookbook_final_gf_mult_by_34.gml,automated_gscl45nm,cookbook,gf_mult_by_34
automated_gscl45nm_rs_encoder_decoder_latest_final_GF8Reg.gml,automated_gscl45nm,latest,GF8Reg
automated_gscl45nm_cookbook_final_gf_mult_by_da.gml,automated_gscl45nm,cookbook,gf_mult_by_da
automated_gscl45nm_cookbook_final_gf_mult_by_20.gml,automated_gscl45nm,cookbook,gf_mult_by_20
automated_gscl45nm_turbo8051_latest_final_g_eth_parser.gml,automated_gscl45nm,latest,g_eth_parser
automated_gscl45nm_rs_encoder_decoder_latest_final_GF8Mult225.gml,automated_gscl45nm,latest,GF8Mult225
automated_gscl45nm_cookbook_final_ecc_raw_data_32bit.gml,automated_gscl45nm,cookbook,ecc_raw_data_32bit
automated_gscl45nm_Aquarius_latest_final_rom.gml,automated_gscl45nm,latest,rom
automated_gscl45nm_rs_encoder_decoder_latest_final_GF8Mult231.gml,automated_gscl45nm,latest,GF8Mult231
automated_gscl45nm_rs_encoder_decoder_latest_final_GF8Mult219.gml,automated_gscl45nm,latest,GF8Mult219
automated_gscl45nm_rs_encoder_decoder_latest_final_GF8Mult53.gml,automated_gscl45nm,latest,GF8Mult53
automated_gscl45nm_mriscv_final_flipsdataw.gml,automated_gscl45nm,mriscv,flipsdataw
automated_gscl45nm_rs_encoder_decoder_latest_final_GF8Mult47.gml,automated_gscl45nm,latest,GF8Mult47
automated_gscl45nm_cookbook_final_pipe_equal.gml,automated_gscl45nm,cookbook,pipe_equal
automated_gscl45nm_a-z80_latest_final_ila.gml,automated_gscl45nm,latest,ila
automated_gscl45nm_cookbook_final_scale_up.gml,automated_gscl45nm,cookbook,scale_up
automated_gscl45nm_openmsp430_latest_final_ogfx_if_lt24.gml,automated_gscl45nm,latest,ogfx_if_lt24
automated_gscl45nm_mips_16_latest_final_MEM_stag.gml,automated_gscl45nm,latest,MEM_stag
automated_gscl45nm_tiny_tate_bilinear_pairing_latest_final_tiny.gml,automated_gscl45nm,latest,tiny
automated_gscl45nm_rs_encoder_decoder_latest_final_GF8Mult90.gml,automated_gscl45nm,latest,GF8Mult90
automated_gscl45nm_iscas_final_AN3.gml,automated_gscl45nm,iscas,AN3
automated_gscl45nm_rs_encoder_decoder_latest_final_GF8Mult84.gml,automated_gscl45nm,latest,GF8Mult84
automated_gscl45nm_cookbook_final_crc32_dat16_flat.gml,automated_gscl45nm,cookbook,crc32_dat16_flat
automated_gscl45nm_RSA-CRYPTOSYSTEM-using-verilog-master_final_mux.gml,automated_gscl45nm,RSA-CRYPTOSYSTEM-using-verilog-master,mux
automated_gscl45nm_signed_integer_divider_latest_final_divider_dshift.gml,automated_gscl45nm,latest,divider_dshift
automated_gscl45nm_turbo8051_latest_final_oc8051_memory_interfa.gml,automated_gscl45nm,latest,oc8051_memory_interfa
automated_gscl45nm_cookbook_final_fec_rot_15.gml,automated_gscl45nm,cookbook,fec_rot_15
automated_gscl45nm_BLAKE_final_BLAKE_CORE.gml,automated_gscl45nm,BLAKE,BLAKE_CORE
automated_gscl45nm_openmsp430_latest_final_in_buf.gml,automated_gscl45nm,latest,in_buf
automated_gscl45nm_ecg_latest_final_f3m_add.gml,automated_gscl45nm,latest,f3m_add
automated_gscl45nm_viterb_encoder_and_decoder_final_bmc101.gml,automated_gscl45nm,decoder,bmc101
automated_gscl45nm_cookbook_final_fec_rot_29.gml,automated_gscl45nm,cookbook,fec_rot_29
automated_gscl45nm_cookbook_final_error_loc_poly_round_multi_step.gml,automated_gscl45nm,cookbook,error_loc_poly_round_multi_step
automated_gscl45nm_AES-T100_final_lfsr_counter.gml,automated_gscl45nm,AES-T100,lfsr_counter
automated_gscl45nm_turbo8051_latest_final_wb_wr_mem2mem.gml,automated_gscl45nm,latest,wb_wr_mem2mem
automated_gscl45nm_rs_encoder_decoder_latest_final_GF8Mult153.gml,automated_gscl45nm,latest,GF8Mult153
automated_gscl45nm_rs_encoder_decoder_latest_final_GF8Mult147.gml,automated_gscl45nm,latest,GF8Mult147
automated_gscl45nm_cookbook_final_reset_control.gml,automated_gscl45nm,cookbook,reset_control
automated_gscl45nm_iscas_final_NR2.gml,automated_gscl45nm,iscas,NR2
automated_gscl45nm_8bit_vedic_multiplier_latest_final_ripple_adder_6bit.gml,automated_gscl45nm,latest,ripple_adder_6bit
automated_gscl45nm_cookbook_final_final_permut.gml,automated_gscl45nm,cookbook,final_permut
automated_gscl45nm_pairing_latest_final_f3m_mux3.gml,automated_gscl45nm,latest,f3m_mux3
automated_gscl45nm_openmsp430_latest_final_virtex5_pmem.gml,automated_gscl45nm,latest,virtex5_pmem
automated_gscl45nm_ft816float_latest_final_fpCompare_t.gml,automated_gscl45nm,latest,fpCompare_t
automated_gscl45nm_rs_encoder_decoder_latest_final_GF8Mult190.gml,automated_gscl45nm,latest,GF8Mult190
automated_gscl45nm_openmsp430_latest_final_virtex4_pmem.gml,automated_gscl45nm,latest,virtex4_pmem
automated_gscl45nm_rs_encoder_decoder_latest_final_GF8Mult184.gml,automated_gscl45nm,latest,GF8Mult184
automated_gscl45nm_rs_encoder_decoder_latest_final_GF8Fir8t.gml,automated_gscl45nm,latest,GF8Fir8t
automated_gscl45nm_cookbook_final_ecc_raw_data_8bit.gml,automated_gscl45nm,cookbook,ecc_raw_data_8bit
automated_gscl45nm_openmsp430_latest_final_omsp_mem_backbo.gml,automated_gscl45nm,latest,omsp_mem_backbo
automated_gscl45nm_apbtoaes128_latest_final_data_swap.gml,automated_gscl45nm,latest,data_swap
automated_gscl45nm_Lightweight-Threshold-Implementations-master_final_TI_Simon_TopModul.gml,automated_gscl45nm,Lightweight-Threshold-Implementations-master,TI_Simon_TopModul
automated_gscl45nm_aes_highthroughput_lowarea_latest_final_aes_top_exampl.gml,automated_gscl45nm,latest,aes_top_exampl
automated_gscl45nm_orsoc_graphics_accelerator_final_gfx_clip.gml,automated_gscl45nm,accelerator,gfx_clip
automated_gscl45nm_cookbook_final_fec_rot_9.gml,automated_gscl45nm,cookbook,fec_rot_9
automated_gscl45nm_m32632_latest_final_DP_LOGIK.gml,automated_gscl45nm,latest,DP_LOGIK
automated_gscl45nm_cookbook_final_shift_rows.gml,automated_gscl45nm,cookbook,shift_rows
automated_gscl45nm_iscas_final_s5378.gml,automated_gscl45nm,iscas,s5378
automated_gscl45nm_minirisc_latest_final_xilinx_mux2_7.gml,automated_gscl45nm,latest,xilinx_mux2_7
automated_gscl45nm_rs_encoder_decoder_latest_final_GF8Mult192.gml,automated_gscl45nm,latest,GF8Mult192
automated_gscl45nm_edge_latest_final_clock_manager.gml,automated_gscl45nm,latest,clock_manager
automated_gscl45nm_apbtoaes128_latest_final_shift_rows.gml,automated_gscl45nm,latest,shift_rows
automated_gscl45nm_fixed_point_arithmetic_parameterized_latest_final_qmult.gml,automated_gscl45nm,latest,qmult
automated_gscl45nm_rs_encoder_decoder_latest_final_GF8Mult186.gml,automated_gscl45nm,latest,GF8Mult186
automated_gscl45nm_reed_solomon_codec_generator_latest_final_RsDecodeTop.gml,automated_gscl45nm,latest,RsDecodeTop
automated_gscl45nm_openmsp430_latest_final_ogfx_reg.gml,automated_gscl45nm,latest,ogfx_reg
automated_gscl45nm_cookbook_final_thirtysix_six_comp.gml,automated_gscl45nm,cookbook,thirtysix_six_comp
automated_gscl45nm_rs_encoder_decoder_latest_final_GF8Mult179.gml,automated_gscl45nm,latest,GF8Mult179
automated_gscl45nm_cpu8080_latest_final_alu.gml,automated_gscl45nm,latest,alu
automated_gscl45nm_rs_encoder_decoder_latest_final_GF8Mult151.gml,automated_gscl45nm,latest,GF8Mult151
automated_gscl45nm_i2c_latest_final_i2c_master_bit_ctrl.gml,automated_gscl45nm,latest,i2c_master_bit_ctrl
automated_gscl45nm_iscas_final_c499.gml,automated_gscl45nm,iscas,c499
automated_gscl45nm_pairing_latest_final_f3m_neg.gml,automated_gscl45nm,latest,f3m_neg
automated_gscl45nm_rs_encoder_decoder_latest_final_GF8Mult145.gml,automated_gscl45nm,latest,GF8Mult145
automated_gscl45nm_altor32_latest_final_altor32_writeback.gml,automated_gscl45nm,latest,altor32_writeback
automated_gscl45nm_crcahb_latest_final_host_interfa.gml,automated_gscl45nm,latest,host_interfa
automated_gscl45nm_iscas_final_c880.gml,automated_gscl45nm,iscas,c880
automated_gscl45nm_m32632_latest_final_PROG_COUNTER.gml,automated_gscl45nm,latest,PROG_COUNTER
automated_gscl45nm_sdr_ctrl_latest_final_sdrc_cor.gml,automated_gscl45nm,latest,sdrc_cor
automated_gscl45nm_cookbook_final_fec_rot_17.gml,automated_gscl45nm,cookbook,fec_rot_17
automated_gscl45nm_ft816float_latest_final_cntlz64.gml,automated_gscl45nm,latest,cntlz64
automated_gscl45nm_mips_16_latest_final_EX_stag.gml,automated_gscl45nm,latest,EX_stag
automated_gscl45nm_csa_latest_final_key_computer.gml,automated_gscl45nm,latest,key_computer
automated_gscl45nm_a-z80_latest_final_alu_shifter_cor.gml,automated_gscl45nm,latest,alu_shifter_cor
automated_gscl45nm_des_latest_final_des3.gml,automated_gscl45nm,latest,des3
automated_gscl45nm_m32632_latest_final_SFPU_ADDSUB.gml,automated_gscl45nm,latest,SFPU_ADDSUB
automated_gscl45nm_AES-T100_final_expand_key_128.gml,automated_gscl45nm,AES-T100,expand_key_128
automated_gscl45nm_aes_highthroughput_lowarea_latest_final_MULB.gml,automated_gscl45nm,latest,MULB
automated_gscl45nm_altor32_latest_final_altor32_dfu.gml,automated_gscl45nm,latest,altor32_dfu
automated_gscl45nm_m32632_latest_final_ADDSUB.gml,automated_gscl45nm,latest,ADDSUB
automated_gscl45nm_trigonometric_functions_in_double_fpu_latest_final_top.gml,automated_gscl45nm,latest,top
automated_gscl45nm_cookbook_final_error_loc_poly_roots.gml,automated_gscl45nm,cookbook,error_loc_poly_roots
automated_gscl45nm_rs_encoder_decoder_latest_final_GF8Mult92.gml,automated_gscl45nm,latest,GF8Mult92
automated_gscl45nm_rs_encoder_decoder_latest_final_GF8Mult86.gml,automated_gscl45nm,latest,GF8Mult86
automated_gscl45nm_cookbook_final_fec_rot_n2112.gml,automated_gscl45nm,cookbook,fec_rot_n2112
automated_gscl45nm_turbo8051_latest_final_sfifo.gml,automated_gscl45nm,latest,sfifo
automated_gscl45nm_openmsp430_latest_final_adc_data_fifo.gml,automated_gscl45nm,latest,adc_data_fifo
automated_gscl45nm_m32632_latest_final_MULFILTER.gml,automated_gscl45nm,latest,MULFILTER
automated_gscl45nm_des-master_final_sbox2.gml,automated_gscl45nm,des-master,sbox2
automated_gscl45nm_aes-128_pipelined_encryption_latest_final_AddRoundKey.gml,automated_gscl45nm,latest,AddRoundKey
automated_gscl45nm_ecg_latest_final_f3m_mult3.gml,automated_gscl45nm,latest,f3m_mult3
automated_gscl45nm_rs_encoder_decoder_latest_final_GF8Mult51.gml,automated_gscl45nm,latest,GF8Mult51
automated_gscl45nm_openmsp430_latest_final_openMSP430.gml,automated_gscl45nm,latest,openMSP430
automated_gscl45nm_reed_solomon_codec_generator_latest_final_RsDecodeDelay.gml,automated_gscl45nm,latest,RsDecodeDelay
automated_gscl45nm_mriscvcore_final_true_dpram_sclk.gml,automated_gscl45nm,mriscvcore,true_dpram_sclk
automated_gscl45nm_cookbook_final_asc_hex_to_nybbl.gml,automated_gscl45nm,cookbook,asc_hex_to_nybbl
automated_gscl45nm_iscas_final_s832.gml,automated_gscl45nm,iscas,s832
automated_gscl45nm_AES-T1000_final_T.gml,automated_gscl45nm,AES-T1000,T
automated_gscl45nm_rs_encoder_decoder_latest_final_GF8Mult45.gml,automated_gscl45nm,latest,GF8Mult45
automated_gscl45nm_openmsp430_latest_final_ram_sp.gml,automated_gscl45nm,latest,ram_sp
automated_gscl45nm_rs_encoder_decoder_latest_final_GF8Mult227.gml,automated_gscl45nm,latest,GF8Mult227
automated_gscl45nm_rs_encoder_decoder_latest_final_GF8Mult233.gml,automated_gscl45nm,latest,GF8Mult233
automated_gscl45nm_cookbook_final_big_sigma_0_512.gml,automated_gscl45nm,cookbook,big_sigma_0_512
automated_gscl45nm_Aquarius_latest_final_sasc_brg.gml,automated_gscl45nm,latest,sasc_brg
automated_gscl45nm_rs_encoder_decoder_latest_final_GF8Mult79.gml,automated_gscl45nm,latest,GF8Mult79
automated_gscl45nm_apbtoaes128_latest_final_datapat.gml,automated_gscl45nm,latest,datapat
automated_gscl45nm_cookbook_final_gf_mult_by_36.gml,automated_gscl45nm,cookbook,gf_mult_by_36
automated_gscl45nm_a-z80_latest_final_control_pins_.gml,automated_gscl45nm,latest,control_pins_
automated_gscl45nm_orsoc_graphics_accelerator_final_gfx_wbm_writ.gml,automated_gscl45nm,accelerator,gfx_wbm_writ
automated_gscl45nm_cookbook_final_gf_mult_by_22.gml,automated_gscl45nm,cookbook,gf_mult_by_22
automated_gscl45nm_cookbook_final_gf_mult_by_e1.gml,automated_gscl45nm,cookbook,gf_mult_by_e1
automated_gscl45nm_orsoc_graphics_accelerator_final_gfx_blender.gml,automated_gscl45nm,accelerator,gfx_blender
automated_gscl45nm_cookbook_final_gf_mult_by_2d.gml,automated_gscl45nm,cookbook,gf_mult_by_2d
automated_gscl45nm_cookbook_final_gf_mult_by_d5.gml,automated_gscl45nm,cookbook,gf_mult_by_d5
automated_gscl45nm_turbo8051_latest_final_g_tx_top.gml,automated_gscl45nm,latest,g_tx_top
automated_gscl45nm_m1_core_latest_final_ps2_keyboard.gml,automated_gscl45nm,latest,ps2_keyboard
automated_gscl45nm_jt51_latest_final_jt51_exptabl.gml,automated_gscl45nm,latest,jt51_exptabl
automated_gscl45nm_altor32_latest_final_altor32_regfile_sim.gml,automated_gscl45nm,latest,altor32_regfile_sim
automated_gscl45nm_xge_mac_latest_final_rx_dequeu.gml,automated_gscl45nm,latest,rx_dequeu
automated_gscl45nm_m32632_latest_final_ICACHE_SM.gml,automated_gscl45nm,latest,ICACHE_SM
automated_gscl45nm_cookbook_final_gf_mult_by_8.gml,automated_gscl45nm,cookbook,gf_mult_by_8
automated_gscl45nm_cookbook_final_gf_mult_by_9.gml,automated_gscl45nm,cookbook,gf_mult_by_9
automated_gscl45nm_fpu_latest_final_fcmp.gml,automated_gscl45nm,latest,fcmp
automated_gscl45nm_fixed_point_arithmetic_parameterized_latest_final_qtwosComp.gml,automated_gscl45nm,latest,qtwosComp
automated_gscl45nm_tiny_tate_bilinear_pairing_latest_final_ram.gml,automated_gscl45nm,latest,ram
automated_gscl45nm_Lightweight-Threshold-Implementations-master_final_key_shar.gml,automated_gscl45nm,Lightweight-Threshold-Implementations-master,key_shar
automated_gscl45nm_cookbook_final_round_key_select.gml,automated_gscl45nm,cookbook,round_key_select
automated_gscl45nm_cookbook_final_gf_mult_by_d4.gml,automated_gscl45nm,cookbook,gf_mult_by_d4
automated_gscl45nm_cavlc_latest_final_cavlc_read_total_coeffs.gml,automated_gscl45nm,latest,cavlc_read_total_coeffs
automated_gscl45nm_cookbook_final_gf_mult_by_e0.gml,automated_gscl45nm,cookbook,gf_mult_by_e0
automated_gscl45nm_cookbook_final_gf_mult_by_3a.gml,automated_gscl45nm,cookbook,gf_mult_by_3a
automated_gscl45nm_m32632_latest_final_REG_LIST.gml,automated_gscl45nm,latest,REG_LIST
automated_gscl45nm_cookbook_final_gf_mult_by_23.gml,automated_gscl45nm,cookbook,gf_mult_by_23
automated_gscl45nm_m32632_latest_final_WR_ALIGNER.gml,automated_gscl45nm,latest,WR_ALIGNER
automated_gscl45nm_cookbook_final_gf_mult_by_ef.gml,automated_gscl45nm,cookbook,gf_mult_by_ef
automated_gscl45nm_gcm-aes_latest_final_aes_cipher_top.gml,automated_gscl45nm,latest,aes_cipher_top
automated_gscl45nm_cookbook_final_gf_mult_by_37.gml,automated_gscl45nm,cookbook,gf_mult_by_37
automated_gscl45nm_hight_latest_final_HIGHT_CORE_TOP.gml,automated_gscl45nm,latest,HIGHT_CORE_TOP
automated_gscl45nm_cookbook_final_gearbox_66_20.gml,automated_gscl45nm,cookbook,gearbox_66_20
automated_gscl45nm_rs_encoder_decoder_latest_final_GF8Mult232.gml,automated_gscl45nm,latest,GF8Mult232
automated_gscl45nm_rs_encoder_decoder_latest_final_GF8Mult78.gml,automated_gscl45nm,latest,GF8Mult78
automated_gscl45nm_rs_encoder_decoder_latest_final_GF8Mult226.gml,automated_gscl45nm,latest,GF8Mult226
automated_gscl45nm_rs_encoder_decoder_latest_final_GF8Mult44.gml,automated_gscl45nm,latest,GF8Mult44
automated_gscl45nm_rs_encoder_decoder_latest_final_GF8Mult50.gml,automated_gscl45nm,latest,GF8Mult50
automated_gscl45nm_des-master_final_sbox3.gml,automated_gscl45nm,des-master,sbox3
automated_gscl45nm_a-z80_latest_final_interrupts.gml,automated_gscl45nm,latest,interrupts
automated_gscl45nm_mem_ctrl_latest_final_err_check.gml,automated_gscl45nm,latest,err_check
automated_gscl45nm_RSA-CRYPTOSYSTEM-using-verilog-master_final_divider.gml,automated_gscl45nm,RSA-CRYPTOSYSTEM-using-verilog-master,divider
automated_gscl45nm_rs_encoder_decoder_latest_final_GF8Mult87.gml,automated_gscl45nm,latest,GF8Mult87
automated_gscl45nm_rs_encoder_decoder_latest_final_GF8Mult93.gml,automated_gscl45nm,latest,GF8Mult93
automated_gscl45nm_aes_highthroughput_lowarea_latest_final_key_exp.gml,automated_gscl45nm,latest,key_exp
automated_gscl45nm_pairing_latest_final_f3m_mult.gml,automated_gscl45nm,latest,f3m_mult
automated_gscl45nm_aes_highthroughput_lowarea_latest_final_byte_mix_columns.gml,automated_gscl45nm,latest,byte_mix_columns
automated_gscl45nm_a-z80_latest_final_alu_prep_daa.gml,automated_gscl45nm,latest,alu_prep_daa
automated_gscl45nm_m1_core_latest_final_rotary.gml,automated_gscl45nm,latest,rotary
automated_gscl45nm_iscas_final_s953.gml,automated_gscl45nm,iscas,s953
automated_gscl45nm_cookbook_final_crc24_dat64_only_flat.gml,automated_gscl45nm,cookbook,crc24_dat64_only_flat
automated_gscl45nm_m32632_latest_final_GRUPPE_2.gml,automated_gscl45nm,latest,GRUPPE_2
automated_gscl45nm_cookbook_final_fec_rot_16.gml,automated_gscl45nm,cookbook,fec_rot_16
automated_gscl45nm_jt51_latest_final_jt51_lfo.gml,automated_gscl45nm,latest,jt51_lfo
automated_gscl45nm_edge_latest_final_if_id_pipereg.gml,automated_gscl45nm,latest,if_id_pipereg
automated_gscl45nm_cr_div_latest_final_cr_div_t.gml,automated_gscl45nm,latest,cr_div_t
automated_gscl45nm_viterb_encoder_and_decoder_final_tbu.gml,automated_gscl45nm,decoder,tbu
automated_gscl45nm_rs_encoder_decoder_latest_final_GF8Mult144.gml,automated_gscl45nm,latest,GF8Mult144
automated_gscl45nm_cookbook_final_salt_to_bi.gml,automated_gscl45nm,cookbook,salt_to_bi
automated_gscl45nm_aes_core_latest_final_aes_cipher_top.gml,automated_gscl45nm,latest,aes_cipher_top
automated_gscl45nm_rs_encoder_decoder_latest_final_GF8Mult150.gml,automated_gscl45nm,latest,GF8Mult150
automated_gscl45nm_Lightweight-Threshold-Implementations-master_final_data_share2.gml,automated_gscl45nm,Lightweight-Threshold-Implementations-master,data_share2
automated_gscl45nm_mriscv_final_DAC_interface_APB.gml,automated_gscl45nm,mriscv,DAC_interface_APB
automated_gscl45nm_rs_encoder_decoder_latest_final_GF8Mult178.gml,automated_gscl45nm,latest,GF8Mult178
automated_gscl45nm_cookbook_final_chain_delay_adjust.gml,automated_gscl45nm,cookbook,chain_delay_adjust
automated_gscl45nm_rtf8088_latest_final_evaluate_bra.gml,automated_gscl45nm,latest,evaluate_bra
automated_gscl45nm_rs_encoder_decoder_latest_final_GF8Mult187.gml,automated_gscl45nm,latest,GF8Mult187
automated_gscl45nm_rs_encoder_decoder_latest_final_GF8Mult193.gml,automated_gscl45nm,latest,GF8Mult193
automated_gscl45nm_openmsp430_latest_final_ogfx_backend_frame_fifo.gml,automated_gscl45nm,latest,ogfx_backend_frame_fifo
automated_gscl45nm_xge_mac_latest_final_stats.gml,automated_gscl45nm,latest,stats
automated_gscl45nm_turbo8051_latest_final_g_cfg_mgmt.gml,automated_gscl45nm,latest,g_cfg_mgmt
automated_gscl45nm_openmsp430_latest_final_ram_8x512_hi.gml,automated_gscl45nm,latest,ram_8x512_hi
automated_nangate_cookbook_final_gf_mult_by_d1.gml,automated_nangate,cookbook,gf_mult_by_d1
automated_nangate_pairing_latest_final_func2.gml,automated_nangate,latest,func2
automated_nangate_csa_latest_final_led_cnt.gml,automated_nangate,latest,led_cnt
automated_nangate_RSA-Verilog-master_final_memtest.gml,automated_nangate,RSA-Verilog-master,memtest
automated_nangate_fpu_latest_final_except.gml,automated_nangate,latest,except
automated_nangate_iscas_final_NR2.gml,automated_nangate,iscas,NR2
automated_nangate_mriscvcore_final_ALU_xor.gml,automated_nangate,mriscvcore,ALU_xor
automated_nangate_cookbook_final_two_to_o.gml,automated_nangate,cookbook,two_to_o
automated_nangate_rs_encoder_decoder_latest_final_GF8Mult221.gml,automated_nangate,latest,GF8Mult221
automated_nangate_openmsp430_latest_final_io_mux.gml,automated_nangate,latest,io_mux
automated_nangate_turbo8051_latest_final_g_mii_intf.gml,automated_nangate,latest,g_mii_intf
automated_nangate_rs_encoder_decoder_latest_final_GF8Mult209.gml,automated_nangate,latest,GF8Mult209
automated_nangate_iscas_final_AN3.gml,automated_nangate,iscas,AN3
automated_nangate_edge_latest_final_register.gml,automated_nangate,latest,register
automated_nangate_altor32_latest_final_cpu.gml,automated_nangate,latest,cpu
automated_nangate_mem_ctrl_latest_final_mc_cs_rf.gml,automated_nangate,latest,mc_cs_rf
automated_nangate_rs_encoder_decoder_latest_final_GF8Reg.gml,automated_nangate,latest,GF8Reg
automated_nangate_cookbook_final_fec_rot_22.gml,automated_nangate,cookbook,fec_rot_22
automated_nangate_aes_core_latest_final_aes_rco.gml,automated_nangate,latest,aes_rco
automated_nangate_cookbook_final_crc32_dat24_flat.gml,automated_nangate,cookbook,crc32_dat24_flat
automated_nangate_mriscvcore_final_ALU_beq.gml,automated_nangate,mriscvcore,ALU_beq
automated_nangate_rs_encoder_decoder_latest_final_GF8Mult24.gml,automated_nangate,latest,GF8Mult24
automated_nangate_rs_encoder_decoder_latest_final_GF8Mult18.gml,automated_nangate,latest,GF8Mult18
automated_nangate_ft816float_latest_final_delay2.gml,automated_nangate,latest,delay2
automated_nangate_ft816float_latest_final_delay3.gml,automated_nangate,latest,delay3
automated_nangate_rs_encoder_decoder_latest_final_GF8Mult31.gml,automated_nangate,latest,GF8Mult31
automated_nangate_rs_encoder_decoder_latest_final_GF8Mult156.gml,automated_nangate,latest,GF8Mult156
automated_nangate_double_fpu_latest_final_fpu_addsu.gml,automated_nangate,latest,fpu_addsu
automated_nangate_csa_latest_final_ts_sy.gml,automated_nangate,latest,ts_sy
automated_nangate_reed_solomon_codec_generator_latest_final_RsDecodeSyndrom.gml,automated_nangate,latest,RsDecodeSyndrom
automated_nangate_openmsp430_latest_final_altera_avalon_sc_fifo.gml,automated_nangate,latest,altera_avalon_sc_fifo
automated_nangate_pairing_latest_final_f33m_mult.gml,automated_nangate,latest,f33m_mult
automated_nangate_fast_log_latest_final_Log2flowthru.gml,automated_nangate,latest,Log2flowthru
automated_nangate_signed_integer_divider_latest_final_divider_dshift.gml,automated_nangate,latest,divider_dshift
automated_nangate_gcm-aes_latest_final_gcm_aes_v0.gml,automated_nangate,latest,gcm_aes_v0
automated_nangate_two_dimensional_fast_hartley_transform_latest_final_mtx_trps_8x8_dpsram.gml,automated_nangate,latest,mtx_trps_8x8_dpsram
automated_nangate_csa_latest_final_stream_byt.gml,automated_nangate,latest,stream_byt
automated_nangate_tiny_tate_bilinear_pairing_latest_final_v2.gml,automated_nangate,latest,v2
automated_nangate_iscas_final_AN2.gml,automated_nangate,iscas,AN2
automated_nangate_rs_encoder_decoder_latest_final_GF8Mult208.gml,automated_nangate,latest,GF8Mult208
automated_nangate_rs_encoder_decoder_latest_final_GF8Mult220.gml,automated_nangate,latest,GF8Mult220
automated_nangate_cookbook_final_ecc_correction_8bit.gml,automated_nangate,cookbook,ecc_correction_8bit
automated_nangate_xge_mac_latest_final_rx_stats_fifo.gml,automated_nangate,latest,rx_stats_fifo
automated_nangate_double_fpu_latest_final_fpu_di.gml,automated_nangate,latest,fpu_di
automated_nangate_cookbook_final_ternary_sum_ni.gml,automated_nangate,cookbook,ternary_sum_ni
automated_nangate_mips_16_latest_final_instruction_mem.gml,automated_nangate,latest,instruction_mem
automated_nangate_openmsp430_latest_final_ram.gml,automated_nangate,latest,ram
automated_nangate_cookbook_final_gf_mult_by_df.gml,automated_nangate,cookbook,gf_mult_by_df
automated_nangate_mesi_isc_final_mesi_isc_broad.gml,automated_nangate,isc,mesi_isc_broad
automated_nangate_cookbook_final_gf_mult_by_33.gml,automated_nangate,cookbook,gf_mult_by_33
automated_nangate_iscas_final_c7552.gml,automated_nangate,iscas,c7552
automated_nangate_cookbook_final_buf_3to2.gml,automated_nangate,cookbook,buf_3to2
automated_nangate_cookbook_final_gf_mult_by_19.gml,automated_nangate,cookbook,gf_mult_by_19
automated_nangate_cookbook_final_gf_mult_by_d2.gml,automated_nangate,cookbook,gf_mult_by_d2
automated_nangate_double_fpu_latest_final_fpu_mul.gml,automated_nangate,latest,fpu_mul
automated_nangate_sha3_latest_final_f_permutatio.gml,automated_nangate,latest,f_permutatio
automated_nangate_pairing_latest_final_func1.gml,automated_nangate,latest,func1
automated_nangate_signed_integer_divider_latest_final_operator_C.gml,automated_nangate,latest,operator_C
automated_nangate_reed_solomon_codec_generator_latest_final_RsDecodeDpRam.gml,automated_nangate,latest,RsDecodeDpRam
automated_nangate_gost28147-89_latest_final_gost89_cf.gml,automated_nangate,latest,gost89_cf
automated_nangate_cookbook_final_ascii_to_bi.gml,automated_nangate,cookbook,ascii_to_bi
automated_nangate_openmsp430_latest_final_ogfx_gpu_reg.gml,automated_nangate,latest,ogfx_gpu_reg
automated_nangate_cookbook_final_cntr.gml,automated_nangate,cookbook,cntr
automated_nangate_rs_encoder_decoder_latest_final_GF8Mult222.gml,automated_nangate,latest,GF8Mult222
automated_nangate_ecg_latest_final_f3m_neg.gml,automated_nangate,latest,f3m_neg
automated_nangate_cookbook_final_gearbox_66_32.gml,automated_nangate,cookbook,gearbox_66_32
automated_nangate_tiny_tate_bilinear_pairing_latest_final_v0.gml,automated_nangate,latest,v0
automated_nangate_present_encryptor_latest_final_substitutio.gml,automated_nangate,latest,substitutio
automated_nangate_rs_5_3_gf256_latest_final_MULT_BY_ALPHA51.gml,automated_nangate,latest,MULT_BY_ALPHA51
automated_nangate_altor32_latest_final_soc_pif8.gml,automated_nangate,latest,soc_pif8
automated_nangate_ft816float_latest_final_cntlz16.gml,automated_nangate,latest,cntlz16
automated_nangate_rsencoder_latest_final_GFADD.gml,automated_nangate,latest,GFADD
automated_nangate_cavlc_latest_final_cavlc_fsm.gml,automated_nangate,latest,cavlc_fsm
automated_nangate_a-z80_latest_final_decode_stat.gml,automated_nangate,latest,decode_stat
automated_nangate_rs_encoder_decoder_latest_final_GF8Mult33.gml,automated_nangate,latest,GF8Mult33
automated_nangate_rs_encoder_decoder_latest_final_GF8Mult140.gml,automated_nangate,latest,GF8Mult140
automated_nangate_rs_encoder_decoder_latest_final_GF8Mult27.gml,automated_nangate,latest,GF8Mult27
automated_nangate_rs_encoder_decoder_latest_final_GF8Mult154.gml,automated_nangate,latest,GF8Mult154
automated_nangate_minirisc_latest_final_cmp8_eq.gml,automated_nangate,latest,cmp8_eq
automated_nangate_edge_latest_final_div_unit.gml,automated_nangate,latest,div_unit
automated_nangate_rs_encoder_decoder_latest_final_GF8Mult169.gml,automated_nangate,latest,GF8Mult169
automated_nangate_cookbook_final_gearbox_32_66.gml,automated_nangate,cookbook,gearbox_32_66
automated_nangate_rs_encoder_decoder_latest_final_GF8Mult155.gml,automated_nangate,latest,GF8Mult155
automated_nangate_rs_encoder_decoder_latest_final_GF8Mult26.gml,automated_nangate,latest,GF8Mult26
automated_nangate_rs_encoder_decoder_latest_final_GF8Mult141.gml,automated_nangate,latest,GF8Mult141
automated_nangate_rs_encoder_decoder_latest_final_GF8Mult32.gml,automated_nangate,latest,GF8Mult32
automated_nangate_ft816float_latest_final_fpDecompos.gml,automated_nangate,latest,fpDecompos
automated_nangate_m1_core_latest_final_m1_alu.gml,automated_nangate,latest,m1_alu
automated_nangate_rs_encoder_decoder_latest_final_GF8Mult196.gml,automated_nangate,latest,GF8Mult196
automated_nangate_cookbook_final_inv_evolve_key_128.gml,automated_nangate,cookbook,inv_evolve_key_128
automated_nangate_csa_latest_final_ledseg_cnt.gml,automated_nangate,latest,ledseg_cnt
automated_nangate_cookbook_final_initial_permut.gml,automated_nangate,cookbook,initial_permut
automated_nangate_mem_ctrl_latest_final_mc_wb_if.gml,automated_nangate,latest,mc_wb_if
automated_nangate_rs_encoder_decoder_latest_final_GF8Mult223.gml,automated_nangate,latest,GF8Mult223
automated_nangate_cookbook_final_gearbox_33_32.gml,automated_nangate,cookbook,gearbox_33_32
automated_nangate_Lightweight-Threshold-Implementations-master_final_p_keysch11.gml,automated_nangate,Lightweight-Threshold-Implementations-master,p_keysch11
automated_nangate_sha256-master_final_sha256.gml,automated_nangate,sha256-master,sha256
automated_nangate_fpu_latest_final_add_sub27.gml,automated_nangate,latest,add_sub27
automated_nangate_tiny_tate_bilinear_pairing_latest_final_select.gml,automated_nangate,latest,select
automated_nangate_jt51_latest_final_ramp_a_to.gml,automated_nangate,latest,ramp_a_to
automated_nangate_turbo8051_latest_final_wb_crossbar.gml,automated_nangate,latest,wb_crossbar
automated_nangate_cookbook_final_enc_64_67.gml,automated_nangate,cookbook,enc_64_67
automated_nangate_double_fpu_latest_final_fpu_round.gml,automated_nangate,latest,fpu_round
automated_nangate_cookbook_final_gf_mult_by_e7.gml,automated_nangate,cookbook,gf_mult_by_e7
automated_nangate_reed_solomon_codec_generator_latest_final_RsDecodePolymul.gml,automated_nangate,latest,RsDecodePolymul
automated_nangate_rs_encoder_decoder_latest_final_GF8GenMultModB.gml,automated_nangate,latest,GF8GenMultModB
automated_nangate_cookbook_final_gf_mult_by_30.gml,automated_nangate,cookbook,gf_mult_by_30
automated_nangate_cookbook_final_gf_mult_by_24.gml,automated_nangate,cookbook,gf_mult_by_24
automated_nangate_iscas_final_s1488.gml,automated_nangate,iscas,s1488
automated_nangate_crcahb_latest_final_crc_com.gml,automated_nangate,latest,crc_com
automated_nangate_Lightweight-Threshold-Implementations-master_final_lut_datapat.gml,automated_nangate,Lightweight-Threshold-Implementations-master,lut_datapat
automated_nangate_cookbook_final_gf_mult_by_2f.gml,automated_nangate,cookbook,gf_mult_by_2f
automated_nangate_two_dimensional_fast_hartley_transform_latest_final_fht_1d_x8.gml,automated_nangate,latest,fht_1d_x8
automated_nangate_cookbook_final_crc32_dat32_flat.gml,automated_nangate,cookbook,crc32_dat32_flat
automated_nangate_cookbook_final_gf_mult_by_08.gml,automated_nangate,cookbook,gf_mult_by_08
automated_nangate_cookbook_final_gf_mult_by_da.gml,automated_nangate,cookbook,gf_mult_by_da
automated_nangate_cookbook_final_test_patter.gml,automated_nangate,cookbook,test_patter
automated_nangate_cookbook_final_gf_mult_by_20.gml,automated_nangate,cookbook,gf_mult_by_20
automated_nangate_cookbook_final_gf_mult_by_34.gml,automated_nangate,cookbook,gf_mult_by_34
automated_nangate_cookbook_final_error_mag_poly_round.gml,automated_nangate,cookbook,error_mag_poly_round
automated_nangate_fpga-median_latest_final_media.gml,automated_nangate,latest,media
automated_nangate_iscas_final_NR4.gml,automated_nangate,iscas,NR4
automated_nangate_tiny_tate_bilinear_pairing_latest_final_f3m_add.gml,automated_nangate,latest,f3m_add
automated_nangate_turbo8051_latest_final_oc8051_sp.gml,automated_nangate,latest,oc8051_sp
automated_nangate_turbo8051_latest_final_oc8051_b_register.gml,automated_nangate,latest,oc8051_b_register
automated_nangate_ecg_latest_final_f3m_mux3.gml,automated_nangate,latest,f3m_mux3
automated_nangate_aes-128_pipelined_encryption_latest_final_SubBytes.gml,automated_nangate,latest,SubBytes
automated_nangate_fpu_latest_final_delay3.gml,automated_nangate,latest,delay3
automated_nangate_mriscvcore_final_IRQ.gml,automated_nangate,mriscvcore,IRQ
automated_nangate_iscas_final_BU.gml,automated_nangate,iscas,BU
automated_nangate_mriscv_final_bus_sync_sf.gml,automated_nangate,mriscv,bus_sync_sf
automated_nangate_turbo8051_latest_final_oc8051_psw.gml,automated_nangate,latest,oc8051_psw
automated_nangate_aes-master_final_aes_cor.gml,automated_nangate,aes-master,aes_cor
automated_nangate_m1_core_latest_final_fontmap_rom.gml,automated_nangate,latest,fontmap_rom
automated_nangate_cookbook_final_fec_rot_24.gml,automated_nangate,cookbook,fec_rot_24
automated_nangate_reed_solomon_decoder_latest_final_GF_mult_add_syndromes.gml,automated_nangate,latest,GF_mult_add_syndromes
automated_nangate_cookbook_final_syndrome_round.gml,automated_nangate,cookbook,syndrome_round
automated_nangate_mriscvcore_final_MEMORY_INTERFACE.gml,automated_nangate,mriscvcore,MEMORY_INTERFACE
automated_nangate_rs_encoder_decoder_latest_final_GF8Mult186.gml,automated_nangate,latest,GF8Mult186
automated_nangate_rs_encoder_decoder_latest_final_GF8Mult192.gml,automated_nangate,latest,GF8Mult192
automated_nangate_openmsp430_latest_final_omsp_dbg_i2.gml,automated_nangate,latest,omsp_dbg_i2
automated_nangate_des_latest_final_crp.gml,automated_nangate,latest,crp
automated_nangate_ft816float_latest_final_delay4.gml,automated_nangate,latest,delay4
automated_nangate_cookbook_final_reset_control.gml,automated_nangate,cookbook,reset_control
automated_nangate_rs_encoder_decoder_latest_final_GF8Mult145.gml,automated_nangate,latest,GF8Mult145
automated_nangate_rs_encoder_decoder_latest_final_GF8Mult151.gml,automated_nangate,latest,GF8Mult151
automated_nangate_rs_encoder_decoder_latest_final_GF8Mult23.gml,automated_nangate,latest,GF8Mult23
automated_nangate_rs_encoder_decoder_latest_final_GF8Mult37.gml,automated_nangate,latest,GF8Mult37
automated_nangate_mips_16_latest_final_data_mem.gml,automated_nangate,latest,data_mem
automated_nangate_iscas_final_s444.gml,automated_nangate,iscas,s444
automated_nangate_rs_encoder_decoder_latest_final_GF8Mult193.gml,automated_nangate,latest,GF8Mult193
automated_nangate_rs_decoder_31_19_6_latest_final_mux2_to_1.gml,automated_nangate,latest,mux2_to_1
automated_nangate_rs_5_3_gf256_latest_final_inv_gf256.gml,automated_nangate,latest,inv_gf256
automated_nangate_AES-T200_final_final_round.gml,automated_nangate,AES-T200,final_round
automated_nangate_cookbook_final_fec_rot_31.gml,automated_nangate,cookbook,fec_rot_31
automated_nangate_iscas_final_FD1.gml,automated_nangate,iscas,FD1
automated_nangate_apbtoaes128_latest_final_control_unit.gml,automated_nangate,latest,control_unit
automated_nangate_jt51_latest_final_jt51_reg.gml,automated_nangate,latest,jt51_reg
automated_nangate_orsoc_graphics_accelerator_final_div_uu.gml,automated_nangate,accelerator,div_uu
automated_nangate_cr_div_latest_final_cr_di.gml,automated_nangate,latest,cr_di
automated_nangate_tiny_aes_latest_final_S.gml,automated_nangate,latest,S
automated_nangate_mriscvcore_final_ALU_and.gml,automated_nangate,mriscvcore,ALU_and
automated_nangate_rs_encoder_decoder_latest_final_GF8Dft_Idft.gml,automated_nangate,latest,GF8Dft_Idft
automated_nangate_Lightweight-Threshold-Implementations-master_final_bitSpeck128_128_unpro.gml,automated_nangate,Lightweight-Threshold-Implementations-master,bitSpeck128_128_unpro
automated_nangate_xge_mac_latest_final_rx_enqueu.gml,automated_nangate,latest,rx_enqueu
automated_nangate_pairing_latest_final_func5.gml,automated_nangate,latest,func5
automated_nangate_minirisc_latest_final_sfifo4x11.gml,automated_nangate,latest,sfifo4x11
automated_nangate_altor32_latest_final_altor32_noica.gml,automated_nangate,latest,altor32_noica
automated_nangate_tiny_aes_latest_final_expand_key_type_A_192.gml,automated_nangate,latest,expand_key_type_A_192
automated_nangate_cookbook_final_gf_invers.gml,automated_nangate,cookbook,gf_invers
automated_nangate_cookbook_final_gf_mult_by_ed.gml,automated_nangate,cookbook,gf_mult_by_ed
automated_nangate_cavlc_latest_final_cavlc_read_total_coeffs.gml,automated_nangate,latest,cavlc_read_total_coeffs
automated_nangate_cookbook_final_gf_mult_by_21.gml,automated_nangate,cookbook,gf_mult_by_21
automated_nangate_cookbook_final_gf_mult_by_d6.gml,automated_nangate,cookbook,gf_mult_by_d6
automated_nangate_cookbook_final_crc32c_zer64_flat.gml,automated_nangate,cookbook,crc32c_zer64_flat
automated_nangate_cookbook_final_gf_mult_by_e0.gml,automated_nangate,cookbook,gf_mult_by_e0
automated_nangate_systemcaes_latest_final_word_mixcolum.gml,automated_nangate,latest,word_mixcolum
automated_nangate_cookbook_final_k_tabl.gml,automated_nangate,cookbook,k_tabl
automated_nangate_cookbook_final_gf_mult_by_3a.gml,automated_nangate,cookbook,gf_mult_by_3a
automated_nangate_RSA-CRYPTOSYSTEM-using-verilog-master_final_divider.gml,automated_nangate,RSA-CRYPTOSYSTEM-using-verilog-master,divider
automated_nangate_cookbook_final_gf_mult_by_d4.gml,automated_nangate,cookbook,gf_mult_by_d4
automated_nangate_cookbook_final_gf_mult_by_37.gml,automated_nangate,cookbook,gf_mult_by_37
automated_nangate_iscas_final_s526.gml,automated_nangate,iscas,s526
automated_nangate_mriscvcore_final_divM.gml,automated_nangate,mriscvcore,divM
automated_nangate_tiny_tate_bilinear_pairing_latest_final_pairing.gml,automated_nangate,latest,pairing
automated_nangate_iscas_final_s13207.gml,automated_nangate,iscas,s13207
automated_nangate_m1_core_latest_final_video_ram.gml,automated_nangate,latest,video_ram
automated_nangate_turbo8051_latest_final_double_sync_low.gml,automated_nangate,latest,double_sync_low
automated_nangate_m1_core_latest_final_ps2_translation_tabl.gml,automated_nangate,latest,ps2_translation_tabl
automated_nangate_md5_core-master_final_md5_ctl.gml,automated_nangate,core-master,md5_ctl
automated_nangate_fast_antilog_latest_final_AntiLog2.gml,automated_nangate,latest,AntiLog2
automated_nangate_rs_encoder_decoder_latest_final_GF8Mult218.gml,automated_nangate,latest,GF8Mult218
automated_nangate_systemcaes_latest_final_aes.gml,automated_nangate,latest,aes
automated_nangate_rs_encoder_decoder_latest_final_GF8Mult230.gml,automated_nangate,latest,GF8Mult230
automated_nangate_a-z80_latest_final_ir.gml,automated_nangate,latest,ir
automated_nangate_aes_core_latest_final_aes_key_expand_128.gml,automated_nangate,latest,aes_key_expand_128
automated_nangate_xge_mac_latest_final_generic_fifo.gml,automated_nangate,latest,generic_fifo
automated_nangate_edge_latest_final_shifter_left.gml,automated_nangate,latest,shifter_left
automated_nangate_jt51_latest_final_jt51.gml,automated_nangate,latest,jt51
automated_nangate_openmsp430_latest_final_omsp_uart.gml,automated_nangate,latest,omsp_uart
automated_nangate_aes-master_final_aes_sbox.gml,automated_nangate,aes-master,aes_sbox
automated_nangate_tiny_aes_latest_final_one_round.gml,automated_nangate,latest,one_round
automated_nangate_rs_encoder_decoder_latest_final_GF8Mult185.gml,automated_nangate,latest,GF8Mult185
automated_nangate_rs_encoder_decoder_latest_final_GF8Mult152.gml,automated_nangate,latest,GF8Mult152
automated_nangate_rs_encoder_decoder_latest_final_GF8Mult21.gml,automated_nangate,latest,GF8Mult21
automated_nangate_Lightweight-Threshold-Implementations-master_final_quick_mux_128.gml,automated_nangate,Lightweight-Threshold-Implementations-master,quick_mux_128
automated_nangate_mesi_isc_final_mesi_isc_breq_fifos_cntl.gml,automated_nangate,isc,mesi_isc_breq_fifos_cntl
automated_nangate_cookbook_final_ecc_correction_32bit.gml,automated_nangate,cookbook,ecc_correction_32bit
automated_nangate_rs_encoder_decoder_latest_final_GF8Mult146.gml,automated_nangate,latest,GF8Mult146
automated_nangate_cavlc_latest_final_cavlc_len_g.gml,automated_nangate,latest,cavlc_len_g
automated_nangate_rs_encoder_decoder_latest_final_GF8Mult34.gml,automated_nangate,latest,GF8Mult34
automated_nangate_rs_encoder_decoder_latest_final_GF8Mult147.gml,automated_nangate,latest,GF8Mult147
automated_nangate_aes_highthroughput_lowarea_latest_final_inv_mix_columns.gml,automated_nangate,latest,inv_mix_columns
automated_nangate_dpll-isdn_latest_final_variableresetrandomwalkfilter.gml,automated_nangate,latest,variableresetrandomwalkfilter
automated_nangate_jt51_latest_final_jt51_op.gml,automated_nangate,latest,jt51_op
automated_nangate_hamming_latest_final_ham_7_4_d.gml,automated_nangate,latest,ham_7_4_d
automated_nangate_Aquarius_latest_final_register.gml,automated_nangate,latest,register
automated_nangate_mips_16_latest_final_EX_stag.gml,automated_nangate,latest,EX_stag
automated_nangate_turbo8051_latest_final_half_dup_byte_reg.gml,automated_nangate,latest,half_dup_byte_reg
automated_nangate_fpu_latest_final_delay1.gml,automated_nangate,latest,delay1
automated_nangate_cookbook_final_uart_tx.gml,automated_nangate,cookbook,uart_tx
automated_nangate_rs_encoder_decoder_latest_final_GF8Mult219.gml,automated_nangate,latest,GF8Mult219
automated_nangate_aes-128_pipelined_encryption_latest_final_Round.gml,automated_nangate,latest,Round
automated_nangate_turbo8051_latest_final_sfifo.gml,automated_nangate,latest,sfifo
automated_nangate_cookbook_final_fec_rot_n2112.gml,automated_nangate,cookbook,fec_rot_n2112
automated_nangate_sha3_latest_final_round2in1.gml,automated_nangate,latest,round2in1
automated_nangate_cookbook_final_gf_mult_by_22.gml,automated_nangate,cookbook,gf_mult_by_22
automated_nangate_cookbook_final_pipeline_add.gml,automated_nangate,cookbook,pipeline_add
automated_nangate_cookbook_final_gf_mult_by_36.gml,automated_nangate,cookbook,gf_mult_by_36
automated_nangate_cookbook_final_random_delay.gml,automated_nangate,cookbook,random_delay
automated_nangate_cookbook_final_gf_mult_by_e1.gml,automated_nangate,cookbook,gf_mult_by_e1
automated_nangate_md5_core-master_final_md5_fsm.gml,automated_nangate,core-master,md5_fsm
automated_nangate_cookbook_final_five_to_twenty.gml,automated_nangate,cookbook,five_to_twenty
automated_nangate_cookbook_final_gf_mult_by_51.gml,automated_nangate,cookbook,gf_mult_by_51
automated_nangate_cookbook_final_gf_mult_by_bd.gml,automated_nangate,cookbook,gf_mult_by_bd
automated_nangate_cookbook_final_gf_mult_by_79.gml,automated_nangate,cookbook,gf_mult_by_79
automated_nangate_cookbook_final_gf_mult_by_b2.gml,automated_nangate,cookbook,gf_mult_by_b2
automated_nangate_ecg_latest_final_f3m_add3.gml,automated_nangate,latest,f3m_add3
automated_nangate_rsencoder_latest_final_rs_encod.gml,automated_nangate,latest,rs_encod
automated_nangate_cookbook_final_twenty_to_fiv.gml,automated_nangate,cookbook,twenty_to_fiv
automated_nangate_signed_integer_divider_latest_final_shift_7.gml,automated_nangate,latest,shift_7
automated_nangate_cookbook_final_unstable_counters.gml,automated_nangate,cookbook,unstable_counters
automated_nangate_cookbook_final_gf_mult_by_9d.gml,automated_nangate,cookbook,gf_mult_by_9d
automated_nangate_jt51_latest_final_jt51_sh2.gml,automated_nangate,latest,jt51_sh2
automated_nangate_orsoc_graphics_accelerator_final_gfx_clip.gml,automated_nangate,accelerator,gfx_clip
automated_nangate_sha_core_latest_final_sha1.gml,automated_nangate,latest,sha1
automated_nangate_altor32_latest_final_altor32_lit.gml,automated_nangate,latest,altor32_lit
automated_nangate_iscas_final_TopLevel74181.gml,automated_nangate,iscas,TopLevel74181
automated_nangate_rs_encoder_decoder_latest_final_GF8Mult242.gml,automated_nangate,latest,GF8Mult242
automated_nangate_iscas_final_MUX21H.gml,automated_nangate,iscas,MUX21H
automated_nangate_cookbook_final_gf_mult_by_2.gml,automated_nangate,cookbook,gf_mult_by_2
automated_nangate_ecg_latest_final_func10.gml,automated_nangate,latest,func10
automated_nangate_cookbook_final_gf_mult_by_d.gml,automated_nangate,cookbook,gf_mult_by_d
automated_nangate_present_encryptor_latest_final_key_updat.gml,automated_nangate,latest,key_updat
automated_nangate_ecg_latest_final_f3_add.gml,automated_nangate,latest,f3_add
automated_nangate_edge_latest_final_adder.gml,automated_nangate,latest,adder
automated_nangate_cookbook_final_sub_bytes.gml,automated_nangate,cookbook,sub_bytes
automated_nangate_csa_latest_final_sbox1.gml,automated_nangate,latest,sbox1
automated_nangate_rs_encoder_decoder_latest_final_GF8Mult90.gml,automated_nangate,latest,GF8Mult90
automated_nangate_openmsp430_latest_final_in_buf.gml,automated_nangate,latest,in_buf
automated_nangate_ecg_latest_final_func4.gml,automated_nangate,latest,func4
automated_nangate_iscas_final_s1238.gml,automated_nangate,iscas,s1238
automated_nangate_rs_encoder_decoder_latest_final_GF8Mult108.gml,automated_nangate,latest,GF8Mult108
automated_nangate_cookbook_final_crc32c_dat64_flat.gml,automated_nangate,cookbook,crc32c_dat64_flat
automated_nangate_rs_encoder_decoder_latest_final_GF8Invers.gml,automated_nangate,latest,GF8Invers
automated_nangate_rs_encoder_decoder_latest_final_GF8Mult121.gml,automated_nangate,latest,GF8Mult121
automated_nangate_rs_encoder_decoder_latest_final_GF8Mult46.gml,automated_nangate,latest,GF8Mult46
automated_nangate_rs_encoder_decoder_latest_final_GF8Mult135.gml,automated_nangate,latest,GF8Mult135
automated_nangate_xge_mac_latest_final_fault_sm.gml,automated_nangate,latest,fault_sm
automated_nangate_reed_solomon_decoder_latest_final_BM_lamda.gml,automated_nangate,latest,BM_lamda
automated_nangate_iscas_final_s838.gml,automated_nangate,iscas,s838
automated_nangate_tiny_aes_latest_final_expand_key_type_C_192.gml,automated_nangate,latest,expand_key_type_C_192
automated_nangate_cookbook_final_mask_16.gml,automated_nangate,cookbook,mask_16
automated_nangate_openmsp430_latest_final_omsp_clock_modul.gml,automated_nangate,latest,omsp_clock_modul
automated_nangate_ecg_latest_final_func11.gml,automated_nangate,latest,func11
automated_nangate_cookbook_final_gf_mult_by_3.gml,automated_nangate,cookbook,gf_mult_by_3
automated_nangate_csa_latest_final_key_cnt.gml,automated_nangate,latest,key_cnt
automated_nangate_cookbook_final_crc24_dat64_only_flat.gml,automated_nangate,cookbook,crc24_dat64_only_flat
automated_nangate_a-z80_latest_final_alu_bit_select.gml,automated_nangate,latest,alu_bit_select
automated_nangate_rs_encoder_decoder_latest_final_GF8Mult243.gml,automated_nangate,latest,GF8Mult243
automated_nangate_reed_solomon_codec_generator_latest_final_RsDecodeDegr.gml,automated_nangate,latest,RsDecodeDegr
automated_nangate_edge_latest_final_shift_left2.gml,automated_nangate,latest,shift_left2
automated_nangate_ft816float_latest_final_redor64.gml,automated_nangate,latest,redor64
automated_nangate_cookbook_final_gf_mult_by_8a.gml,automated_nangate,cookbook,gf_mult_by_8a
automated_nangate_aes_core_latest_final_aes_cipher_top.gml,automated_nangate,latest,aes_cipher_top
automated_nangate_viterb_encoder_and_decoder_final_tbu.gml,automated_nangate,decoder,tbu
automated_nangate_cookbook_final_gf_mult_by_87.gml,automated_nangate,cookbook,gf_mult_by_87
automated_nangate_openmsp430_latest_final_ogfx_reg_vram_addr.gml,automated_nangate,latest,ogfx_reg_vram_addr
automated_nangate_turbo8051_latest_final_g_tx_crc32.gml,automated_nangate,latest,g_tx_crc32
automated_nangate_mesi_isc_final_mesi_isc_broad_cntl.gml,automated_nangate,isc,mesi_isc_broad_cntl
automated_nangate_cookbook_final_gf_mult_by_c7.gml,automated_nangate,cookbook,gf_mult_by_c7
automated_nangate_pairing_latest_final_f3_sub1.gml,automated_nangate,latest,f3_sub1
automated_nangate_cookbook_final_gf_mult_by_50.gml,automated_nangate,cookbook,gf_mult_by_50
automated_nangate_openmsp430_latest_final_DE0_NANO_SOC_QSYS_jtag_uart_scfifo_r.gml,automated_nangate,latest,DE0_NANO_SOC_QSYS_jtag_uart_scfifo_r
automated_nangate_Aquarius_latest_final_uart.gml,automated_nangate,latest,uart
automated_nangate_m1_core_latest_final_ps2_io_ctrl.gml,automated_nangate,latest,ps2_io_ctrl
automated_nangate_cookbook_final_gf_mult_by_85.gml,automated_nangate,cookbook,gf_mult_by_85
automated_nangate_cookbook_final_gf_mult_by_91.gml,automated_nangate,cookbook,gf_mult_by_91
automated_nangate_sdr_ctrl_latest_final_sdrc_req_g.gml,automated_nangate,latest,sdrc_req_g
automated_nangate_ft816float_latest_final_fpMul.gml,automated_nangate,latest,fpMul
automated_nangate_epfl_final_top.gml,automated_nangate,epfl,top
automated_nangate_turbo8051_latest_final_uart_rxfsm.gml,automated_nangate,latest,uart_rxfsm
automated_nangate_jt51_latest_final_jt51_sh1.gml,automated_nangate,latest,jt51_sh1
automated_nangate_mem_ctrl_latest_final_mc_obct.gml,automated_nangate,latest,mc_obct
automated_nangate_rs_encoder_decoder_latest_final_GF8Mult2.gml,automated_nangate,latest,GF8Mult2
automated_nangate_rs_encoder_decoder_latest_final_GF8Mult241.gml,automated_nangate,latest,GF8Mult241
automated_nangate_turbo8051_latest_final_oc8051_sfr.gml,automated_nangate,latest,oc8051_sfr
automated_nangate_RSA-Verilog-master_final_shift_add_mult4.gml,automated_nangate,RSA-Verilog-master,shift_add_mult4
automated_nangate_edge_latest_final_zero_extend.gml,automated_nangate,latest,zero_extend
automated_nangate_cookbook_final_gf_mult_by_1.gml,automated_nangate,cookbook,gf_mult_by_1
automated_nangate_mem_ctrl_latest_final_mc_rf.gml,automated_nangate,latest,mc_rf
automated_nangate_mriscv_final_DAC_interface_APB.gml,automated_nangate,mriscv,DAC_interface_APB
automated_nangate_RSA-Verilog-master_final_parallel_to_serial.gml,automated_nangate,RSA-Verilog-master,parallel_to_serial
automated_nangate_fpu_latest_final_fpu.gml,automated_nangate,latest,fpu
automated_nangate_rs_encoder_decoder_latest_final_GF8Mult93.gml,automated_nangate,latest,GF8Mult93
automated_nangate_mips_16_latest_final_alu.gml,automated_nangate,latest,alu
automated_nangate_xge_mac_latest_final_tx_stats_fifo.gml,automated_nangate,latest,tx_stats_fifo
automated_nangate_rs_encoder_decoder_latest_final_GF8Mult87.gml,automated_nangate,latest,GF8Mult87
automated_nangate_ecg_latest_final_func7.gml,automated_nangate,latest,func7
automated_nangate_aes_highthroughput_lowarea_latest_final_xram_16x64.gml,automated_nangate,latest,xram_16x64
automated_nangate_rs_encoder_decoder_latest_final_GF8Mult50.gml,automated_nangate,latest,GF8Mult50
automated_nangate_rs_encoder_decoder_latest_final_GF8Mult123.gml,automated_nangate,latest,GF8Mult123
automated_nangate_fpu_latest_final_fcmp.gml,automated_nangate,latest,fcmp
automated_nangate_rs_encoder_decoder_latest_final_GF8Mult78.gml,automated_nangate,latest,GF8Mult78
automated_nangate_iscas_final_OR2.gml,automated_nangate,iscas,OR2
automated_nangate_rs_encoder_decoder_latest_final_GF8Mult79.gml,automated_nangate,latest,GF8Mult79
automated_nangate_ft816float_latest_final_fp_cmp_unit.gml,automated_nangate,latest,fp_cmp_unit
automated_nangate_sdr_ctrl_latest_final_wb2sdr.gml,automated_nangate,latest,wb2sdr
automated_nangate_rs_encoder_decoder_latest_final_GF8Mult122.gml,automated_nangate,latest,GF8Mult122
automated_nangate_rs_encoder_decoder_latest_final_GF8Mult51.gml,automated_nangate,latest,GF8Mult51
automated_nangate_cookbook_final_fec_rot_3.gml,automated_nangate,cookbook,fec_rot_3
automated_nangate_ecg_latest_final_func6.gml,automated_nangate,latest,func6
automated_nangate_sdr_ctrl_latest_final_sdrc_cor.gml,automated_nangate,latest,sdrc_cor
automated_nangate_csa_latest_final_sbox3.gml,automated_nangate,latest,sbox3
automated_nangate_rs_encoder_decoder_latest_final_GF8Mult92.gml,automated_nangate,latest,GF8Mult92
automated_nangate_ft816float_latest_final_IntToFloat.gml,automated_nangate,latest,IntToFloat
automated_nangate_des_latest_final_sbox5.gml,automated_nangate,latest,sbox5
automated_nangate_Lightweight-Threshold-Implementations-master_final_sub1.gml,automated_nangate,Lightweight-Threshold-Implementations-master,sub1
automated_nangate_ft816float_latest_final_cntlz48.gml,automated_nangate,latest,cntlz48
automated_nangate_mriscvcore_final_Alg_Boot.gml,automated_nangate,mriscvcore,Alg_Boot
automated_nangate_cookbook_final_gf_mult_by_f.gml,automated_nangate,cookbook,gf_mult_by_f
automated_nangate_turbo8051_latest_final_oc8051_cy_select.gml,automated_nangate,latest,oc8051_cy_select
automated_nangate_cookbook_final_gf_mult_by_0.gml,automated_nangate,cookbook,gf_mult_by_0
automated_nangate_systemcaes_latest_final_sbox.gml,automated_nangate,latest,sbox
automated_nangate_jt51_latest_final_jt51_exptabl.gml,automated_nangate,latest,jt51_exptabl
automated_nangate_rs_encoder_decoder_latest_final_GF8Mult240.gml,automated_nangate,latest,GF8Mult240
automated_nangate_turbo8051_latest_final_g_deferral.gml,automated_nangate,latest,g_deferral
automated_nangate_rs_encoder_decoder_latest_final_GF8Mult3.gml,automated_nangate,latest,GF8Mult3
automated_nangate_mesi_isc_final_mesi_is.gml,automated_nangate,isc,mesi_is
automated_nangate_fixed_point_arithmetic_parameterized_latest_final_qdi.gml,automated_nangate,latest,qdi
automated_nangate_iscas_final_c3540.gml,automated_nangate,iscas,c3540
automated_nangate_cookbook_final_gf_mult_by_90.gml,automated_nangate,cookbook,gf_mult_by_90
automated_nangate_cookbook_final_gf_mult_by_84.gml,automated_nangate,cookbook,gf_mult_by_84
automated_nangate_cookbook_final_gf_mult_by_53.gml,automated_nangate,cookbook,gf_mult_by_53
automated_nangate_openmsp430_latest_final_omsp_timerA.gml,automated_nangate,latest,omsp_timerA
automated_nangate_cookbook_final_gf_mult_by_bf.gml,automated_nangate,cookbook,gf_mult_by_bf
automated_nangate_cookbook_final_gf_mult_by_47.gml,automated_nangate,cookbook,gf_mult_by_47
automated_nangate_cookbook_final_gf_mult_by_b4.gml,automated_nangate,cookbook,gf_mult_by_b4
automated_nangate_cookbook_final_gf_mult_by_5a.gml,automated_nangate,cookbook,gf_mult_by_5a
automated_nangate_aes-encryption_latest_final_aes_key_expand_128.gml,automated_nangate,latest,aes_key_expand_128
automated_nangate_signed_integer_divider_latest_final_shift_1.gml,automated_nangate,latest,shift_1
automated_nangate_cookbook_final_ecc_raw_data_32bit.gml,automated_nangate,cookbook,ecc_raw_data_32bit
automated_nangate_jt51_latest_final_jt51_timer.gml,automated_nangate,latest,jt51_timer
automated_nangate_two_dimensional_fast_hartley_transform_latest_final_signed_mult_const_fpga.gml,automated_nangate,latest,signed_mult_const_fpga
automated_nangate_rs_encoder_decoder_latest_final_GF8Mult250.gml,automated_nangate,latest,GF8Mult250
automated_nangate_rs_encoder_decoder_latest_final_GF8Mult244.gml,automated_nangate,latest,GF8Mult244
automated_nangate_jt51_latest_final_jt51_sum_op.gml,automated_nangate,latest,jt51_sum_op
automated_nangate_Lightweight-Threshold-Implementations-master_final_key_schedule_2.gml,automated_nangate,Lightweight-Threshold-Implementations-master,key_schedule_2
automated_nangate_cookbook_final_gf_mult_by_4.gml,automated_nangate,cookbook,gf_mult_by_4
automated_nangate_des_latest_final_sbox1.gml,automated_nangate,latest,sbox1
automated_nangate_edge_latest_final_controller.gml,automated_nangate,latest,controller
automated_nangate_altor32_latest_final_altor32_dcache_mem_if.gml,automated_nangate,latest,altor32_dcache_mem_if
automated_nangate_ecg_latest_final_func2.gml,automated_nangate,latest,func2
automated_nangate_gcm-aes_latest_final_gfm128_16.gml,automated_nangate,latest,gfm128_16
automated_nangate_rs_encoder_decoder_latest_final_GF8Mult96.gml,automated_nangate,latest,GF8Mult96
automated_nangate_rs_decoder_31_19_6_latest_final_MainControl.gml,automated_nangate,latest,MainControl
automated_nangate_rs_encoder_decoder_latest_final_GF8Mult69.gml,automated_nangate,latest,GF8Mult69
automated_nangate_cookbook_final_twenty_to_eight.gml,automated_nangate,cookbook,twenty_to_eight
automated_nangate_rs_encoder_decoder_latest_final_GF8Mult126.gml,automated_nangate,latest,GF8Mult126
automated_nangate_rs_encoder_decoder_latest_final_GF8Mult132.gml,automated_nangate,latest,GF8Mult132
automated_nangate_rs_encoder_decoder_latest_final_GF8Mult133.gml,automated_nangate,latest,GF8Mult133
automated_nangate_cookbook_final_des.gml,automated_nangate,cookbook,des
automated_nangate_rs_encoder_decoder_latest_final_GF8Mult68.gml,automated_nangate,latest,GF8Mult68
automated_nangate_rs_encoder_decoder_latest_final_GF8Mult83.gml,automated_nangate,latest,GF8Mult83
automated_nangate_rs_encoder_decoder_latest_final_GF8GenMultBitSer.gml,automated_nangate,latest,GF8GenMultBitSer
automated_nangate_ecg_latest_final_func3.gml,automated_nangate,latest,func3
automated_nangate_crcahb_latest_final_host_interfa.gml,automated_nangate,latest,host_interfa
automated_nangate_cookbook_final_gf_mult_by_5.gml,automated_nangate,cookbook,gf_mult_by_5
automated_nangate_altor32_latest_final_altor32_dfu.gml,automated_nangate,latest,altor32_dfu
automated_nangate_cookbook_final_crc_flat.gml,automated_nangate,cookbook,crc_flat
automated_nangate_rs_encoder_decoder_latest_final_GF8Mult6.gml,automated_nangate,latest,GF8Mult6
automated_nangate_rs_encoder_decoder_latest_final_RS8CALCR08.gml,automated_nangate,latest,RS8CALCR08
automated_nangate_reed_solomon_codec_generator_latest_final_RsDecodeMult.gml,automated_nangate,latest,RsDecodeMult
automated_nangate_mriscvcore_final_true_dpram_sclk.gml,automated_nangate,mriscvcore,true_dpram_sclk
automated_nangate_pairing_latest_final_f32m_mux6.gml,automated_nangate,latest,f32m_mux6
automated_nangate_openmsp430_latest_final_omsp_clock_gat.gml,automated_nangate,latest,omsp_clock_gat
automated_nangate_apbtoaes128_latest_final_datapat.gml,automated_nangate,latest,datapat
automated_nangate_turbo8051_latest_final_half_dup_dble_reg.gml,automated_nangate,latest,half_dup_dble_reg
automated_nangate_Aquarius_latest_final_clk_gat.gml,automated_nangate,latest,clk_gat
automated_nangate_orsoc_graphics_accelerator_final_color_to_memory.gml,automated_nangate,accelerator,color_to_memory
automated_nangate_cookbook_final_gf_mult_by_56.gml,automated_nangate,cookbook,gf_mult_by_56
automated_nangate_cookbook_final_round_key_select.gml,automated_nangate,cookbook,round_key_select
automated_nangate_cookbook_final_gf_mult_by_42.gml,automated_nangate,cookbook,gf_mult_by_42
automated_nangate_cookbook_final_gf_mult_by_c1.gml,automated_nangate,cookbook,gf_mult_by_c1
automated_nangate_iscas_final_Circuit74L85.gml,automated_nangate,iscas,Circuit74L85
automated_nangate_cookbook_final_gf_mult_by_b5.gml,automated_nangate,cookbook,gf_mult_by_b5
automated_nangate_AES-T1000_final_expand_key_128.gml,automated_nangate,AES-T1000,expand_key_128
automated_nangate_Lightweight-Threshold-Implementations-master_final_simon_datapath_shiftreg.gml,automated_nangate,Lightweight-Threshold-Implementations-master,simon_datapath_shiftreg
automated_nangate_ft816float_latest_final_fpNormaliz.gml,automated_nangate,latest,fpNormaliz
automated_nangate_cookbook_final_gf_mult_by_4f.gml,automated_nangate,cookbook,gf_mult_by_4f
automated_nangate_cookbook_final_gf_mult_by_ba.gml,automated_nangate,cookbook,gf_mult_by_ba
automated_nangate_cookbook_final_gf_mult_by_9a.gml,automated_nangate,cookbook,gf_mult_by_9a
automated_nangate_cookbook_final_gf_mult_by_97.gml,automated_nangate,cookbook,gf_mult_by_97
automated_nangate_a-z80_latest_final_uart.gml,automated_nangate,latest,uart
automated_nangate_cookbook_final_gf_mult_by_83.gml,automated_nangate,cookbook,gf_mult_by_83
automated_nangate_hight_latest_final_HIGHT_CORE_TOP.gml,automated_nangate,latest,HIGHT_CORE_TOP
automated_nangate_dpll-isdn_latest_final_phasecomparator.gml,automated_nangate,latest,phasecomparator
automated_nangate_bch_configurable_latest_final_test_correct.gml,automated_nangate,latest,test_correct
automated_nangate_ecg_latest_final_f3m_mult3.gml,automated_nangate,latest,f3m_mult3
automated_nangate_RSA-Verilog-master_final_shift_add_mult2.gml,automated_nangate,RSA-Verilog-master,shift_add_mult2
automated_nangate_rs_encoder_decoder_latest_final_GF8Mult247.gml,automated_nangate,latest,GF8Mult247
automated_nangate_minirisc_latest_final_mux2_7.gml,automated_nangate,latest,mux2_7
automated_nangate_rs_encoder_decoder_latest_final_GF8Mult253.gml,automated_nangate,latest,GF8Mult253
automated_nangate_rs_encoder_decoder_latest_final_GF8Mult4.gml,automated_nangate,latest,GF8Mult4
automated_nangate_turbo8051_latest_final_g_cfg_mgmt.gml,automated_nangate,latest,g_cfg_mgmt
automated_nangate_cookbook_final_gf_mult_by_7.gml,automated_nangate,cookbook,gf_mult_by_7
automated_nangate_rtf8088_latest_final_evaluate_bra.gml,automated_nangate,latest,evaluate_bra
automated_nangate_cookbook_final_chain_delay_adjust.gml,automated_nangate,cookbook,chain_delay_adjust
automated_nangate_turbo8051_latest_final_double_sync_hig.gml,automated_nangate,latest,double_sync_hig
automated_nangate_aes-master_final_aes_inv_sbox.gml,automated_nangate,aes-master,aes_inv_sbox
automated_nangate_sha3_latest_final_rconst.gml,automated_nangate,latest,rconst
automated_nangate_Aquarius_latest_final_sasc_top.gml,automated_nangate,latest,sasc_top
automated_nangate_aes_highthroughput_lowarea_latest_final_inv_word_mix_columns.gml,automated_nangate,latest,inv_word_mix_columns
automated_nangate_cookbook_final_crc32c_dat64_only_flat.gml,automated_nangate,cookbook,crc32c_dat64_only_flat
automated_nangate_md5_core-master_final_sram.gml,automated_nangate,core-master,sram
automated_nangate_siphash-master_final_siphas.gml,automated_nangate,siphash-master,siphas
automated_nangate_rs_decoder_31_19_6_latest_final_degree1_cell.gml,automated_nangate,latest,degree1_cell
automated_nangate_aes_highthroughput_lowarea_latest_final_byte_mix_columns.gml,automated_nangate,latest,byte_mix_columns
automated_nangate_rs_encoder_decoder_latest_final_GF8Mult81.gml,automated_nangate,latest,GF8Mult81
automated_nangate_rs_encoder_decoder_latest_final_GF8Mult95.gml,automated_nangate,latest,GF8Mult95
automated_nangate_iscas_final_OR4.gml,automated_nangate,iscas,OR4
automated_nangate_rs_encoder_decoder_latest_final_GF8Mult119.gml,automated_nangate,latest,GF8Mult119
automated_nangate_rs_encoder_decoder_latest_final_GF8Mult131.gml,automated_nangate,latest,GF8Mult131
automated_nangate_rs_encoder_decoder_latest_final_GF8Mult42.gml,automated_nangate,latest,GF8Mult42
automated_nangate_openmsp430_latest_final_omsp_clock_mux.gml,automated_nangate,latest,omsp_clock_mux
automated_nangate_rs_encoder_decoder_latest_final_GF8Mult57.gml,automated_nangate,latest,GF8Mult57
automated_nangate_rs_encoder_decoder_latest_final_GF8Mult124.gml,automated_nangate,latest,GF8Mult124
automated_nangate_openmsp430_latest_final_ogfx_backend_lut_fifo.gml,automated_nangate,latest,ogfx_backend_lut_fifo
automated_nangate_RSA-Verilog-master_final_LED_Verilog.gml,automated_nangate,RSA-Verilog-master,LED_Verilog
automated_nangate_rs_encoder_decoder_latest_final_GF8Mult43.gml,automated_nangate,latest,GF8Mult43
automated_nangate_rs_encoder_decoder_latest_final_GF8Mult130.gml,automated_nangate,latest,GF8Mult130
automated_nangate_rs_encoder_decoder_latest_final_GF8Mult118.gml,automated_nangate,latest,GF8Mult118
automated_nangate_ft816float_latest_final_cntlz32Reg.gml,automated_nangate,latest,cntlz32Reg
automated_nangate_Lightweight-Threshold-Implementations-master_final_serial_simo.gml,automated_nangate,Lightweight-Threshold-Implementations-master,serial_simo
automated_nangate_tiny_tate_bilinear_pairing_latest_final_f3_mult.gml,automated_nangate,latest,f3_mult
automated_nangate_csa_latest_final_sbox5.gml,automated_nangate,latest,sbox5
automated_nangate_tiny_aes_latest_final_expand_key_type_B_192.gml,automated_nangate,latest,expand_key_type_B_192
automated_nangate_sdr_ctrl_latest_final_async_fifo.gml,automated_nangate,latest,async_fifo
automated_nangate_des_latest_final_sbox3.gml,automated_nangate,latest,sbox3
automated_nangate_cookbook_final_gf_mult_by_6.gml,automated_nangate,cookbook,gf_mult_by_6
automated_nangate_jt51_latest_final_jt51_lfo.gml,automated_nangate,latest,jt51_lfo
automated_nangate_ft816float_latest_final_fpCompar.gml,automated_nangate,latest,fpCompar
automated_nangate_rs_encoder_decoder_latest_final_GF8Mult5.gml,automated_nangate,latest,GF8Mult5
automated_nangate_iscas_final_s38584.gml,automated_nangate,iscas,s38584
automated_nangate_iscas_final_foobar.gml,automated_nangate,iscas,foobar
automated_nangate_m1_core_latest_final_ps2_keyboard.gml,automated_nangate,latest,ps2_keyboard
automated_nangate_iscas_final_Emodul.gml,automated_nangate,iscas,Emodul
automated_nangate_openmsp430_latest_final_omsp_scan_mux.gml,automated_nangate,latest,omsp_scan_mux
automated_nangate_cookbook_final_ready_skid.gml,automated_nangate,cookbook,ready_skid
automated_nangate_cookbook_final_gf_mult_by_82.gml,automated_nangate,cookbook,gf_mult_by_82
automated_nangate_cookbook_final_gf_mult_by_96.gml,automated_nangate,cookbook,gf_mult_by_96
automated_nangate_cookbook_final_gf_mult_by_8d.gml,automated_nangate,cookbook,gf_mult_by_8d
automated_nangate_signed_integer_divider_latest_final_shift_3.gml,automated_nangate,latest,shift_3
automated_nangate_AES-T200_final_S4.gml,automated_nangate,AES-T200,S4
automated_nangate_turbo8051_latest_final_g_mac_top.gml,automated_nangate,latest,g_mac_top
automated_nangate_cookbook_final_gf_mult_by_41.gml,automated_nangate,cookbook,gf_mult_by_41
automated_nangate_viterb_encoder_and_decoder_final_viterbi_tx_rx.gml,automated_nangate,decoder,viterbi_tx_rx
automated_nangate_cookbook_final_gf_mult_by_cd.gml,automated_nangate,cookbook,gf_mult_by_cd
automated_nangate_cookbook_final_gf_mult_by_b6.gml,automated_nangate,cookbook,gf_mult_by_b6
automated_nangate_cookbook_final_gf_mult_by_69.gml,automated_nangate,cookbook,gf_mult_by_69
automated_nangate_configurable_crc_core_latest_final_cfg_cr.gml,automated_nangate,latest,cfg_cr
automated_nangate_cookbook_final_gf_mult_by_aa.gml,automated_nangate,cookbook,gf_mult_by_aa
automated_nangate_sha3_latest_final_keccak.gml,automated_nangate,latest,keccak
automated_nangate_cookbook_final_gf_mult_by_64.gml,automated_nangate,cookbook,gf_mult_by_64
automated_nangate_cookbook_final_gf_mult_by_a7.gml,automated_nangate,cookbook,gf_mult_by_a7
automated_nangate_tiny_aes_latest_final_table_lookup.gml,automated_nangate,latest,table_lookup
automated_nangate_cookbook_final_gf_mult_by_7f.gml,automated_nangate,cookbook,gf_mult_by_7f
automated_nangate_cookbook_final_gf_mult_by_58.gml,automated_nangate,cookbook,gf_mult_by_58
automated_nangate_hight_latest_final_KEY_SCHED.gml,automated_nangate,latest,KEY_SCHED
automated_nangate_csa_latest_final_stream_cypher.gml,automated_nangate,latest,stream_cypher
automated_nangate_minsoc_latest_final_or1200_spram_1024x8.gml,automated_nangate,latest,or1200_spram_1024x8
automated_nangate_rs_encoder_decoder_latest_final_GF8Mult8.gml,automated_nangate,latest,GF8Mult8
automated_nangate_jt51_latest_final_jt51_mmr.gml,automated_nangate,latest,jt51_mmr
automated_nangate_cookbook_final_crc32_dat72_flat.gml,automated_nangate,cookbook,crc32_dat72_flat
automated_nangate_sha256-master_final_sha256_cor.gml,automated_nangate,sha256-master,sha256_cor
automated_nangate_edge_latest_final_mux_WBResult.gml,automated_nangate,latest,mux_WBResult
automated_nangate_sha3_latest_final_rconst2in1.gml,automated_nangate,latest,rconst2in1
automated_nangate_cookbook_final_buf_2to3.gml,automated_nangate,cookbook,buf_2to3
automated_nangate_edge_latest_final_shifter_right_logical.gml,automated_nangate,latest,shifter_right_logical
automated_nangate_cookbook_final_ycbcr_to_rg.gml,automated_nangate,cookbook,ycbcr_to_rg
automated_nangate_mriscv_final_decodificador_axi.gml,automated_nangate,mriscv,decodificador_axi
automated_nangate_a-z80_latest_final_alu_cor.gml,automated_nangate,latest,alu_cor
automated_nangate_cookbook_final_fec_rot_8.gml,automated_nangate,cookbook,fec_rot_8
automated_nangate_rs_encoder_decoder_latest_final_GF8Mult99.gml,automated_nangate,latest,GF8Mult99
automated_nangate_cookbook_final_asc_to_7seg.gml,automated_nangate,cookbook,asc_to_7seg
automated_nangate_rs_encoder_decoder_latest_final_GF8Mult115.gml,automated_nangate,latest,GF8Mult115
automated_nangate_siphash-master_final_siphash_cor.gml,automated_nangate,siphash-master,siphash_cor
automated_nangate_rs_encoder_decoder_latest_final_GF8Mult101.gml,automated_nangate,latest,GF8Mult101
automated_nangate_rs_encoder_decoder_latest_final_GF8Mult72.gml,automated_nangate,latest,GF8Mult72
automated_nangate_xge_mac_latest_final_tx_data_fifo.gml,automated_nangate,latest,tx_data_fifo
automated_nangate_iscas_final_FD1S.gml,automated_nangate,iscas,FD1S
automated_nangate_cookbook_final_gearbox_32_33.gml,automated_nangate,cookbook,gearbox_32_33
automated_nangate_rs_encoder_decoder_latest_final_GF8Mult100.gml,automated_nangate,latest,GF8Mult100
automated_nangate_rs_5_3_gf256_latest_final_RS_5_3_GF256.gml,automated_nangate,latest,RS_5_3_GF256
automated_nangate_rs_encoder_decoder_latest_final_GF8Mult67.gml,automated_nangate,latest,GF8Mult67
automated_nangate_cookbook_final_fec_rot_9.gml,automated_nangate,cookbook,fec_rot_9
automated_nangate_edge_latest_final_sign_extend.gml,automated_nangate,latest,sign_extend
automated_nangate_rtf8088_latest_final_divr2.gml,automated_nangate,latest,divr2
automated_nangate_xge_mac_latest_final_wishbone_if.gml,automated_nangate,latest,wishbone_if
automated_nangate_cookbook_final_sbox.gml,automated_nangate,cookbook,sbox
automated_nangate_mriscv_final_AXI_SP32B1024.gml,automated_nangate,mriscv,AXI_SP32B1024
automated_nangate_ecg_latest_final_f3m_add.gml,automated_nangate,latest,f3m_add
automated_nangate_turbo8051_latest_final_oc8051_decoder.gml,automated_nangate,latest,oc8051_decoder
automated_nangate_8bit_vedic_multiplier_latest_final_half_adder.gml,automated_nangate,latest,half_adder
automated_nangate_rs_encoder_decoder_latest_final_GF8Mult9.gml,automated_nangate,latest,GF8Mult9
automated_nangate_turbo8051_latest_final_oc8051_tc2.gml,automated_nangate,latest,oc8051_tc2
automated_nangate_cookbook_final_crc32_dat96_flat.gml,automated_nangate,cookbook,crc32_dat96_flat
automated_nangate_apbtoaes128_latest_final_data_swap.gml,automated_nangate,latest,data_swap
automated_nangate_orsoc_graphics_accelerator_final_memory_to_color.gml,automated_nangate,accelerator,memory_to_color
automated_nangate_cookbook_final_six_three_comp.gml,automated_nangate,cookbook,six_three_comp
automated_nangate_aes_highthroughput_lowarea_latest_final_mix_columns.gml,automated_nangate,latest,mix_columns
automated_nangate_m1_core_latest_final_ps2_wb_if.gml,automated_nangate,latest,ps2_wb_if
automated_nangate_Aquarius_latest_final_pio.gml,automated_nangate,latest,pio
automated_nangate_a-z80_latest_final_alu_shifter_cor.gml,automated_nangate,latest,alu_shifter_cor
automated_nangate_cookbook_final_gf_mult_by_67.gml,automated_nangate,cookbook,gf_mult_by_67
automated_nangate_cookbook_final_gf_mult_by_73.gml,automated_nangate,cookbook,gf_mult_by_73
automated_nangate_cookbook_final_gf_mult_by_b8.gml,automated_nangate,cookbook,gf_mult_by_b8
automated_nangate_cookbook_final_gf_mult_by_6a.gml,automated_nangate,cookbook,gf_mult_by_6a
automated_nangate_cookbook_final_gf_mult_by_a4.gml,automated_nangate,cookbook,gf_mult_by_a4
automated_nangate_cavlc_latest_final_cavlc_read_total_zeros.gml,automated_nangate,latest,cavlc_read_total_zeros
automated_nangate_xge_mac_latest_final_tx_hold_fifo.gml,automated_nangate,latest,tx_hold_fifo
automated_nangate_simon_core_latest_final_top_modul.gml,automated_nangate,latest,top_modul
automated_nangate_cookbook_final_gf_mult_by_98.gml,automated_nangate,cookbook,gf_mult_by_98
automated_nangate_csa_latest_final_stream_iteratio.gml,automated_nangate,latest,stream_iteratio
automated_nangate_ft816float_latest_final_cntlz8.gml,automated_nangate,latest,cntlz8
automated_nangate_iscas_final_s953.gml,automated_nangate,iscas,s953
automated_nangate_mriscvcore_final_Count.gml,automated_nangate,mriscvcore,Count
automated_nangate_ft816float_latest_final_fp_decomp.gml,automated_nangate,latest,fp_decomp
automated_nangate_cookbook_final_gf_mult_by_8.gml,automated_nangate,cookbook,gf_mult_by_8
automated_nangate_openmsp430_latest_final_DE0_NANO_SOC_QSYS_sysid_qsys.gml,automated_nangate,latest,DE0_NANO_SOC_QSYS_sysid_qsys
automated_nangate_cookbook_final_ecc_correction_64bit.gml,automated_nangate,cookbook,ecc_correction_64bit
automated_nangate_mem_ctrl_latest_final_cs_check.gml,automated_nangate,latest,cs_check
automated_nangate_ecg_latest_final_f3m_i.gml,automated_nangate,latest,f3m_i
automated_nangate_i2c_latest_final_delay.gml,automated_nangate,latest,delay
automated_nangate_priority_encoder_latest_final_test.gml,automated_nangate,latest,test
automated_nangate_cookbook_final_word_adder_plai.gml,automated_nangate,cookbook,word_adder_plai
automated_nangate_md5_core-master_final_fifo.gml,automated_nangate,core-master,fifo
automated_nangate_BLAKE_final_BLAKE_G_FUNCTION.gml,automated_nangate,BLAKE,BLAKE_G_FUNCTION
automated_nangate_rs_encoder_decoder_latest_final_GF8Mult65.gml,automated_nangate,latest,GF8Mult65
automated_nangate_rs_encoder_decoder_latest_final_GF8Mult116.gml,automated_nangate,latest,GF8Mult116
automated_nangate_rs_encoder_decoder_latest_final_GF8Mult58.gml,automated_nangate,latest,GF8Mult58
automated_nangate_trigonometric_functions_in_double_fpu_latest_final_sine_lut.gml,automated_nangate,latest,sine_lut
automated_nangate_rs_encoder_decoder_latest_final_GF8Mult117.gml,automated_nangate,latest,GF8Mult117
automated_nangate_rs_encoder_decoder_latest_final_GF8Mult103.gml,automated_nangate,latest,GF8Mult103
automated_nangate_aes-128_pipelined_encryption_latest_final_AddRoundKey.gml,automated_nangate,latest,AddRoundKey
automated_nangate_gost28147-89_latest_final_gost89_pipelined_ecb_encrypt.gml,automated_nangate,latest,gost89_pipelined_ecb_encrypt
automated_nangate_systemcaes_latest_final_keysched192.gml,automated_nangate,latest,keysched192
automated_nangate_rs_encoder_decoder_latest_final_GF8SigmaAdder8t.gml,automated_nangate,latest,GF8SigmaAdder8t
automated_nangate_csa_latest_final_block_sbox.gml,automated_nangate,latest,block_sbox
automated_nangate_turbo8051_latest_final_oc8051_indi_addr.gml,automated_nangate,latest,oc8051_indi_addr
automated_nangate_cookbook_final_gf_mult_by_9.gml,automated_nangate,cookbook,gf_mult_by_9
automated_nangate_8bit_vedic_multiplier_latest_final_full_adder.gml,automated_nangate,latest,full_adder
automated_nangate_cookbook_final_gf_mult.gml,automated_nangate,cookbook,gf_mult
automated_nangate_openmsp430_latest_final_DE0_NANO_SOC_QSYS_sw.gml,automated_nangate,latest,DE0_NANO_SOC_QSYS_sw
automated_nangate_turbo8051_latest_final_g_tx_fsm.gml,automated_nangate,latest,g_tx_fsm
automated_nangate_iscas_final_c499.gml,automated_nangate,iscas,c499
automated_nangate_cookbook_final_gf_mult_by_7d.gml,automated_nangate,cookbook,gf_mult_by_7d
automated_nangate_cookbook_final_gf_mult_by_b9.gml,automated_nangate,cookbook,gf_mult_by_b9
automated_nangate_ft816float_latest_final_cntlo8.gml,automated_nangate,latest,cntlo8
automated_nangate_cookbook_final_gf_mult_by_66.gml,automated_nangate,cookbook,gf_mult_by_66
automated_nangate_cookbook_final_rot_word.gml,automated_nangate,cookbook,rot_word
automated_nangate_cookbook_final_gf_mult_by_6d.gml,automated_nangate,cookbook,gf_mult_by_6d
automated_nangate_a-z80_latest_final_address_mux.gml,automated_nangate,latest,address_mux
automated_nangate_cookbook_final_gf_mult_by_62.gml,automated_nangate,cookbook,gf_mult_by_62
automated_nangate_apbtoaes128_latest_final_sBox.gml,automated_nangate,latest,sBox
automated_nangate_aes_core_latest_final_aes_sbox.gml,automated_nangate,latest,aes_sbox
automated_nangate_cookbook_final_gf_mult_by_89.gml,automated_nangate,cookbook,gf_mult_by_89
automated_nangate_cmac-master_final_cmac_padding.gml,automated_nangate,cmac-master,cmac_padding
automated_nangate_tiny_aes_latest_final_expand_key_128.gml,automated_nangate,latest,expand_key_128
automated_nangate_cookbook_final_fixed_to_float.gml,automated_nangate,cookbook,fixed_to_float
automated_nangate_Aquarius_latest_final_mem.gml,automated_nangate,latest,mem
automated_nangate_cookbook_final_fn_.gml,automated_nangate,cookbook,fn_
automated_nangate_turbo8051_latest_final_clk_ctl.gml,automated_nangate,latest,clk_ctl
automated_nangate_mod3_calc_latest_final_mod3_adder.gml,automated_nangate,latest,mod3_adder
automated_nangate_des_latest_final_sbox8.gml,automated_nangate,latest,sbox8
automated_nangate_apbtoaes128_latest_final_mix_columns.gml,automated_nangate,latest,mix_columns
automated_nangate_cookbook_final_error_loc_poly_round_multi_step.gml,automated_nangate,cookbook,error_loc_poly_round_multi_step
automated_nangate_ecg_latest_final_f3m_ni.gml,automated_nangate,latest,f3m_ni
automated_nangate_rs_encoder_decoder_latest_final_GF8Mult48.gml,automated_nangate,latest,GF8Mult48
automated_nangate_openmsp430_latest_final_omsp_de0_nano_soc_led_key_sw.gml,automated_nangate,latest,omsp_de0_nano_soc_led_key_sw
automated_nangate_rs_encoder_decoder_latest_final_GF8Mult60.gml,automated_nangate,latest,GF8Mult60
automated_nangate_mem_ctrl_latest_final_mc_dp.gml,automated_nangate,latest,mc_dp
automated_nangate_rs_encoder_decoder_latest_final_GF8Mult106.gml,automated_nangate,latest,GF8Mult106
automated_nangate_rs_encoder_decoder_latest_final_GF8Mult75.gml,automated_nangate,latest,GF8Mult75
automated_nangate_turbo8051_latest_final_oc8051_int.gml,automated_nangate,latest,oc8051_int
automated_nangate_rs_encoder_decoder_latest_final_GF8Mult49.gml,automated_nangate,latest,GF8Mult49
automated_nangate_Aquarius_latest_final_cpu.gml,automated_nangate,latest,cpu
automated_nangate_cookbook_final_crc32_dat80_flat.gml,automated_nangate,cookbook,crc32_dat80_flat
automated_nangate_mriscv_final_spi_axi_master.gml,automated_nangate,mriscv,spi_axi_master
automated_nangate_des_latest_final_key_sel3.gml,automated_nangate,latest,key_sel3
automated_nangate_cookbook_final_scrambler.gml,automated_nangate,cookbook,scrambler
automated_nangate_pairing_latest_final_f32m_su.gml,automated_nangate,latest,f32m_su
automated_nangate_rs_encoder_decoder_latest_final_GF8SyndromBuffer.gml,automated_nangate,latest,GF8SyndromBuffer
automated_nangate_turbo8051_latest_final_oc8051_memory_interfa.gml,automated_nangate,latest,oc8051_memory_interfa
automated_nangate_tiny_tate_bilinear_pairing_latest_final_tiny.gml,automated_nangate,latest,tiny
automated_nangate_Aquarius_latest_final_sasc_fifo4.gml,automated_nangate,latest,sasc_fifo4
automated_nangate_rsencoder_latest_final_FF.gml,automated_nangate,latest,FF
automated_nangate_cookbook_final_scale_up.gml,automated_nangate,cookbook,scale_up
automated_nangate_mriscvcore_final_ALU.gml,automated_nangate,mriscvcore,ALU
automated_nangate_cookbook_final_gf_mult_by_88.gml,automated_nangate,cookbook,gf_mult_by_88
automated_nangate_cookbook_final_reed_sol_rx.gml,automated_nangate,cookbook,reed_sol_rx
automated_nangate_cookbook_final_tern_nod.gml,automated_nangate,cookbook,tern_nod
automated_nangate_cookbook_final_gf_mult_by_63.gml,automated_nangate,cookbook,gf_mult_by_63
automated_nangate_xge_mac_latest_final_generic_mem_small.gml,automated_nangate,latest,generic_mem_small
automated_nangate_cookbook_final_gf_mult_by_c8.gml,automated_nangate,cookbook,gf_mult_by_c8
automated_nangate_a-z80_latest_final_alu_select.gml,automated_nangate,latest,alu_select
automated_nangate_cookbook_final_gf_mult_by_7a.gml,automated_nangate,cookbook,gf_mult_by_7a
automated_nangate_cookbook_final_sboxes.gml,automated_nangate,cookbook,sboxes
automated_nangate_xge_mac_latest_final_rx_data_fifo.gml,automated_nangate,latest,rx_data_fifo
automated_nangate_double_fpu_latest_final_fpu_add.gml,automated_nangate,latest,fpu_add
automated_nangate_cookbook_final_gf_mult_by_a2.gml,automated_nangate,cookbook,gf_mult_by_a2
automated_nangate_minirisc_latest_final_prog_mem.gml,automated_nangate,latest,prog_mem
automated_nangate_sha_core_latest_final_sha256.gml,automated_nangate,latest,sha256
automated_nangate_iscas_final_c5315.gml,automated_nangate,iscas,c5315
automated_nangate_gcm-aes_latest_final_aes_rco.gml,automated_nangate,latest,aes_rco
automated_nangate_cookbook_final_rgb_to_hu.gml,automated_nangate,cookbook,rgb_to_hu
automated_nangate_RSA-Verilog-master_final_uart.gml,automated_nangate,RSA-Verilog-master,uart
automated_nangate_mriscvcore_final_MULT.gml,automated_nangate,mriscvcore,MULT
automated_nangate_fpu_latest_final_pre_norm.gml,automated_nangate,latest,pre_norm
automated_nangate_cookbook_final_gearbox_40_66.gml,automated_nangate,cookbook,gearbox_40_66
automated_nangate_ft816float_latest_final_fpMulnr.gml,automated_nangate,latest,fpMulnr
automated_nangate_a-z80_latest_final_wait_stat.gml,automated_nangate,latest,wait_stat
automated_nangate_turbo8051_latest_final_s2f_sy.gml,automated_nangate,latest,s2f_sy
automated_nangate_viterb_encoder_and_decoder_final_ACS.gml,automated_nangate,decoder,ACS
automated_nangate_reed_solomon_decoder_latest_final_transport_in2out.gml,automated_nangate,latest,transport_in2out
automated_nangate_gost28147-89_latest_final_gost89_round.gml,automated_nangate,latest,gost89_round
automated_nangate_ft816float_latest_final_i2f.gml,automated_nangate,latest,i2f
automated_nangate_iscas_final_EO.gml,automated_nangate,iscas,EO
automated_nangate_openmsp430_latest_final_DE0_NANO_SOC_QSYS_jtag_uart.gml,automated_nangate,latest,DE0_NANO_SOC_QSYS_jtag_uart
automated_nangate_aes-encryption_latest_final_aes_rco.gml,automated_nangate,latest,aes_rco
automated_nangate_xge_mac_latest_final_stats_sm.gml,automated_nangate,latest,stats_sm
automated_nangate_cookbook_final_crc16_dat32_flat.gml,automated_nangate,cookbook,crc16_dat32_flat
automated_nangate_rs_encoder_decoder_latest_final_GF8Mult88.gml,automated_nangate,latest,GF8Mult88
automated_nangate_rs_encoder_decoder_latest_final_GF8Mult138.gml,automated_nangate,latest,GF8Mult138
automated_nangate_rtf8088_latest_final_nmi_detector.gml,automated_nangate,latest,nmi_detector
automated_nangate_Aquarius_latest_final_sys.gml,automated_nangate,latest,sys
automated_nangate_rs_encoder_decoder_latest_final_GF8Mult63.gml,automated_nangate,latest,GF8Mult63
automated_nangate_turbo8051_latest_final_spi_cor.gml,automated_nangate,latest,spi_cor
automated_nangate_rs_encoder_decoder_latest_final_GF8Mult104.gml,automated_nangate,latest,GF8Mult104
automated_nangate_rs_encoder_decoder_latest_final_GF8Mult77.gml,automated_nangate,latest,GF8Mult77
automated_nangate_rs_encoder_decoder_latest_final_GF8Mult105.gml,automated_nangate,latest,GF8Mult105
automated_nangate_AES-T200_final_TSC.gml,automated_nangate,AES-T200,TSC
automated_nangate_ft816float_latest_final_cntlo48.gml,automated_nangate,latest,cntlo48
automated_nangate_rs_encoder_decoder_latest_final_GF8Mult139.gml,automated_nangate,latest,GF8Mult139
automated_nangate_openmsp430_latest_final_omsp_sync_cell.gml,automated_nangate,latest,omsp_sync_cell
automated_nangate_AES-T100_final_table_lookup.gml,automated_nangate,AES-T100,table_lookup
automated_nangate_m1_core_latest_final_m1_cpu.gml,automated_nangate,latest,m1_cpu
automated_nangate_xge_mac_latest_final_rx_hold_fifo.gml,automated_nangate,latest,rx_hold_fifo
automated_nangate_cookbook_final_error_value_round.gml,automated_nangate,cookbook,error_value_round
automated_nangate_cookbook_final_crc32_dat120_flat.gml,automated_nangate,cookbook,crc32_dat120_flat
automated_nangate_Lightweight-Threshold-Implementations-master_final_key_share_roundTI.gml,automated_nangate,Lightweight-Threshold-Implementations-master,key_share_roundTI
automated_nangate_reed_solomon_decoder_latest_final_GF_matrix_ascending_binary.gml,automated_nangate,latest,GF_matrix_ascending_binary
automated_nangate_iscas_final_s820.gml,automated_nangate,iscas,s820
automated_nangate_aes_highthroughput_lowarea_latest_final_inv_byte_mix_columns.gml,automated_nangate,latest,inv_byte_mix_columns
automated_nangate_trigonometric_functions_in_double_fpu_latest_final_cotangent_lut.gml,automated_nangate,latest,cotangent_lut
automated_nangate_sha512-master_final_sha512_h_constants.gml,automated_nangate,sha512-master,sha512_h_constants
automated_nangate_rs_decoder_31_19_6_latest_final_fifo_register.gml,automated_nangate,latest,fifo_register
automated_nangate_openmsp430_latest_final_ogfx_backend.gml,automated_nangate,latest,ogfx_backend
automated_nangate_cookbook_final_synchronizer.gml,automated_nangate,cookbook,synchronizer
automated_nangate_cookbook_final_clock_follow.gml,automated_nangate,cookbook,clock_follow
automated_nangate_a-z80_latest_final_bus_swit.gml,automated_nangate,latest,bus_swit
automated_nangate_viterb_encoder_and_decoder_final_bmc100.gml,automated_nangate,decoder,bmc100
automated_nangate_gng_latest_final_gng_smul_16_18.gml,automated_nangate,latest,gng_smul_16_18
automated_nangate_cookbook_final_gf_mult_by_60.gml,automated_nangate,cookbook,gf_mult_by_60
automated_nangate_cookbook_final_gf_mult_by_74.gml,automated_nangate,cookbook,gf_mult_by_74
automated_nangate_cookbook_final_pipeline_add_ms.gml,automated_nangate,cookbook,pipeline_add_ms
automated_nangate_cookbook_final_gf_mult_by_6f.gml,automated_nangate,cookbook,gf_mult_by_6f
automated_nangate_cookbook_final_gf_mult_by_48.gml,automated_nangate,cookbook,gf_mult_by_48
automated_nangate_orsoc_graphics_accelerator_final_gfx_interp.gml,automated_nangate,accelerator,gfx_interp
automated_nangate_cookbook_final_gf_mult_by_d8.gml,automated_nangate,cookbook,gf_mult_by_d8
automated_nangate_8bit_vedic_multiplier_latest_final_ripple_adder_4bit.gml,automated_nangate,latest,ripple_adder_4bit
automated_nangate_cookbook_final_gf_mult_by_ff.gml,automated_nangate,cookbook,gf_mult_by_ff
automated_nangate_orsoc_graphics_accelerator_final_gfx_cuvz.gml,automated_nangate,accelerator,gfx_cuvz
automated_nangate_BLAKE_final_BLAKE_TOP.gml,automated_nangate,BLAKE,BLAKE_TOP
automated_nangate_m1_core_latest_final_ddr_rpat.gml,automated_nangate,latest,ddr_rpat
automated_nangate_hight_latest_final_SKG.gml,automated_nangate,latest,SKG
automated_nangate_cookbook_final_crc32c_dat32_flat.gml,automated_nangate,cookbook,crc32c_dat32_flat
automated_nangate_cookbook_final_ecc_raw_data_64bit.gml,automated_nangate,cookbook,ecc_raw_data_64bit
automated_nangate_rs_encoder_decoder_latest_final_GF8Mult214.gml,automated_nangate,latest,GF8Mult214
automated_nangate_rs_encoder_decoder_latest_final_GF8Mult228.gml,automated_nangate,latest,GF8Mult228
automated_nangate_Lightweight-Threshold-Implementations-master_final_TI_Simon_TopModul.gml,automated_nangate,Lightweight-Threshold-Implementations-master,TI_Simon_TopModul
automated_nangate_cookbook_final_fec_rot_17.gml,automated_nangate,cookbook,fec_rot_17
automated_nangate_xge_mac_latest_final_meta_sy.gml,automated_nangate,latest,meta_sy
automated_nangate_cookbook_final_equal_const.gml,automated_nangate,cookbook,equal_const
automated_nangate_xge_mac_latest_final_sync_clk_w.gml,automated_nangate,latest,sync_clk_w
automated_nangate_mem_ctrl_latest_final_mc_adr_sel.gml,automated_nangate,latest,mc_adr_sel
automated_nangate_rs_decoder_31_19_6_latest_final_degree2_cell.gml,automated_nangate,latest,degree2_cell
automated_nangate_iscas_final_c1908.gml,automated_nangate,iscas,c1908
automated_nangate_rs_encoder_decoder_latest_final_GF8Mult39.gml,automated_nangate,latest,GF8Mult39
automated_nangate_rs_encoder_decoder_latest_final_GF8Mult163.gml,automated_nangate,latest,GF8Mult163
automated_nangate_epfl_final_mem_ctrl.gml,automated_nangate,epfl,mem_ctrl
automated_nangate_rs_encoder_decoder_latest_final_GF8Mult177.gml,automated_nangate,latest,GF8Mult177
automated_nangate_ca_prng_latest_final_ca_prng.gml,automated_nangate,latest,ca_prng
automated_nangate_jt51_latest_final_jt51_nois.gml,automated_nangate,latest,jt51_nois
automated_nangate_rs_encoder_decoder_latest_final_GF8Mult188.gml,automated_nangate,latest,GF8Mult188
automated_nangate_edge_latest_final_regfil.gml,automated_nangate,latest,regfil
automated_nangate_cookbook_final_salt_to_bi.gml,automated_nangate,cookbook,salt_to_bi
automated_nangate_systemcaes_latest_final_keysched.gml,automated_nangate,latest,keysched
automated_nangate_cookbook_final_key_init_perm.gml,automated_nangate,cookbook,key_init_perm
automated_nangate_cookbook_final_fec_rot_16.gml,automated_nangate,cookbook,fec_rot_16
automated_nangate_cookbook_final_passwd_crypt.gml,automated_nangate,cookbook,passwd_crypt
automated_nangate_cookbook_final_min_max_signed.gml,automated_nangate,cookbook,min_max_signed
automated_nangate_AES-T200_final_S.gml,automated_nangate,AES-T200,S
automated_nangate_aes_core_latest_final_aes_inv_cipher_top.gml,automated_nangate,latest,aes_inv_cipher_top
automated_nangate_mriscv_final_flipflopRS.gml,automated_nangate,mriscv,flipflopRS
automated_nangate_rs_encoder_decoder_latest_final_GF8Mult215.gml,automated_nangate,latest,GF8Mult215
automated_nangate_rs_encoder_decoder_latest_final_GF8Mult201.gml,automated_nangate,latest,GF8Mult201
automated_nangate_two_dimensional_fast_hartley_transform_latest_final_fht_bfly_noFF.gml,automated_nangate,latest,fht_bfly_noFF
automated_nangate_turbo8051_latest_final_oc8051_comp.gml,automated_nangate,latest,oc8051_comp
automated_nangate_rsencoder_latest_final_GFMUL8.gml,automated_nangate,latest,GFMUL8
automated_nangate_mips_16_latest_final_register_fil.gml,automated_nangate,latest,register_fil
automated_nangate_cookbook_final_sbox6.gml,automated_nangate,cookbook,sbox6
automated_nangate_cookbook_final_gf_mult_by_f1.gml,automated_nangate,cookbook,gf_mult_by_f1
automated_nangate_cookbook_final_little_sigma_1_512.gml,automated_nangate,cookbook,little_sigma_1_512
automated_nangate_cookbook_final_gf_mult_by_12.gml,automated_nangate,cookbook,gf_mult_by_12
automated_nangate_cookbook_final_reset_filter.gml,automated_nangate,cookbook,reset_filter
automated_nangate_cookbook_final_gf_mult_by_04.gml,automated_nangate,cookbook,gf_mult_by_04
automated_nangate_cookbook_final_gf_mult_by_10.gml,automated_nangate,cookbook,gf_mult_by_10
automated_nangate_tiny_tate_bilinear_pairing_latest_final_FSM.gml,automated_nangate,latest,FSM
automated_nangate_iscas_final_s1494.gml,automated_nangate,iscas,s1494
automated_nangate_rs_encoder_decoder_latest_final_GF8lfsr.gml,automated_nangate,latest,GF8lfsr
automated_nangate_cookbook_final_gf_mult_by_38.gml,automated_nangate,cookbook,gf_mult_by_38
automated_nangate_cookbook_final_gf_mult_by_f3.gml,automated_nangate,cookbook,gf_mult_by_f3
automated_nangate_sha512-master_final_sha512.gml,automated_nangate,sha512-master,sha512
automated_nangate_iscas_final_FD1S2.gml,automated_nangate,iscas,FD1S2
automated_nangate_cookbook_final_inv_evolve_key_256.gml,automated_nangate,cookbook,inv_evolve_key_256
automated_nangate_pairing_latest_final_func8.gml,automated_nangate,latest,func8
automated_nangate_pairing_latest_final_f33m_mult3.gml,automated_nangate,latest,f33m_mult3
automated_nangate_cookbook_final_split_add.gml,automated_nangate,cookbook,split_add
automated_nangate_aes_core_latest_final_aes_inv_sbox.gml,automated_nangate,latest,aes_inv_sbox
automated_nangate_Aquarius_latest_final_decod.gml,automated_nangate,latest,decod
automated_nangate_cookbook_final_tx_4channel_arbiter.gml,automated_nangate,cookbook,tx_4channel_arbiter
automated_nangate_openmsp430_latest_final_altera_avalon_st_pipeline_bas.gml,automated_nangate,latest,altera_avalon_st_pipeline_bas
automated_nangate_pairing_latest_final_f36m_cubi.gml,automated_nangate,latest,f36m_cubi
automated_nangate_rs_encoder_decoder_latest_final_GF8Mult203.gml,automated_nangate,latest,GF8Mult203
automated_nangate_openmsp430_latest_final_omsp_execution_unit.gml,automated_nangate,latest,omsp_execution_unit
automated_nangate_ecg_latest_final_f3_mult.gml,automated_nangate,latest,f3_mult
automated_nangate_aes_highthroughput_lowarea_latest_final_aes.gml,automated_nangate,latest,aes
automated_nangate_cookbook_final_fec_rot_14.gml,automated_nangate,cookbook,fec_rot_14
automated_nangate_turbo8051_latest_final_generic_register.gml,automated_nangate,latest,generic_register
automated_nangate_apbtoaes128_latest_final_aes_cor.gml,automated_nangate,latest,aes_cor
automated_nangate_rs_encoder_decoder_latest_final_GF8Mult12.gml,automated_nangate,latest,GF8Mult12
automated_nangate_rs_encoder_decoder_latest_final_GF8Mult175.gml,automated_nangate,latest,GF8Mult175
automated_nangate_tiny_aes_latest_final_expand_key_type_D_192.gml,automated_nangate,latest,expand_key_type_D_192
automated_nangate_turbo8051_latest_final_generic_intr_stat_reg.gml,automated_nangate,latest,generic_intr_stat_reg
automated_nangate_rs_encoder_decoder_latest_final_GF8Mult148.gml,automated_nangate,latest,GF8Mult148
automated_nangate_numbert_sort_device_latest_final_VGA_Ctrl.gml,automated_nangate,latest,VGA_Ctrl
automated_nangate_gng_latest_final_gng_smul_16_18_sadd_37.gml,automated_nangate,latest,gng_smul_16_18_sadd_37
automated_nangate_rs_encoder_decoder_latest_final_GF8Mult174.gml,automated_nangate,latest,GF8Mult174
automated_nangate_dpll-isdn_latest_final_dpll.gml,automated_nangate,latest,dpll
automated_nangate_altor32_latest_final_so.gml,automated_nangate,latest,so
automated_nangate_cookbook_final_crc32_dat56_flat.gml,automated_nangate,cookbook,crc32_dat56_flat
automated_nangate_edge_latest_final_mult_unit.gml,automated_nangate,latest,mult_unit
automated_nangate_ft816float_latest_final_cntlz64Reg.gml,automated_nangate,latest,cntlz64Reg
automated_nangate_cookbook_final_fec_rot_15.gml,automated_nangate,cookbook,fec_rot_15
automated_nangate_csa_latest_final_block_perm.gml,automated_nangate,latest,block_perm
automated_nangate_cookbook_final_passwd_to_bi.gml,automated_nangate,cookbook,passwd_to_bi
automated_nangate_m1_core_latest_final_m1_cor.gml,automated_nangate,latest,m1_cor
automated_nangate_AES-T1000_final_lfsr_counter.gml,automated_nangate,AES-T1000,lfsr_counter
automated_nangate_orsoc_graphics_accelerator_final_gfx_triangl.gml,automated_nangate,accelerator,gfx_triangl
automated_nangate_rs_encoder_decoder_latest_final_GF8Mult202.gml,automated_nangate,latest,GF8Mult202
automated_nangate_iscas_final_s9234.gml,automated_nangate,iscas,s9234
automated_nangate_iscas_final_ND4.gml,automated_nangate,iscas,ND4
automated_nangate_turbo8051_latest_final_oc8051_ram_top.gml,automated_nangate,latest,oc8051_ram_top
automated_nangate_mriscv_final_latchW_axi.gml,automated_nangate,mriscv,latchW_axi
automated_nangate_Aquarius_latest_final_rom.gml,automated_nangate,latest,rom
automated_nangate_cookbook_final_adder_tree_nod.gml,automated_nangate,cookbook,adder_tree_nod
automated_nangate_pairing_latest_final_f33m_mult2.gml,automated_nangate,latest,f33m_mult2
automated_nangate_cookbook_final_gf_mult_by_f2.gml,automated_nangate,cookbook,gf_mult_by_f2
automated_nangate_present_encryptor_latest_final_sub_per.gml,automated_nangate,latest,sub_per
automated_nangate_cookbook_final_gf_mult_by_fd.gml,automated_nangate,cookbook,gf_mult_by_fd
automated_nangate_a-z80_latest_final_interrupts.gml,automated_nangate,latest,interrupts
automated_nangate_altor32_latest_final_cpu_if.gml,automated_nangate,latest,cpu_if
automated_nangate_reed_solomon_codec_generator_latest_final_RsDecodeChi.gml,automated_nangate,latest,RsDecodeChi
automated_nangate_mriscv_final_latchW_ap.gml,automated_nangate,mriscv,latchW_ap
automated_nangate_edge_latest_final_alu.gml,automated_nangate,latest,alu
automated_nangate_turbo8051_latest_final_oc8051_ram_256x8_two_bist.gml,automated_nangate,latest,oc8051_ram_256x8_two_bist
automated_nangate_rs_encoder_decoder_latest_final_RS8FreqDecod.gml,automated_nangate,latest,RS8FreqDecod
automated_nangate_gost28147-89_latest_final_gost89_ma.gml,automated_nangate,latest,gost89_ma
automated_nangate_iscas_final_s5378.gml,automated_nangate,iscas,s5378
automated_nangate_turbo8051_latest_final_oc8051_t.gml,automated_nangate,latest,oc8051_t
automated_nangate_cookbook_final_fec_rot_11.gml,automated_nangate,cookbook,fec_rot_11
automated_nangate_AES-T1000_final_T.gml,automated_nangate,AES-T1000,T
automated_nangate_xge_mac_latest_final_generic_mem_medium.gml,automated_nangate,latest,generic_mem_medium
automated_nangate_edge_latest_final_shifter_decoder.gml,automated_nangate,latest,shifter_decoder
automated_nangate_fpga-median_latest_final_common_network.gml,automated_nangate,latest,common_network
automated_nangate_mips_16_latest_final_ID_stag.gml,automated_nangate,latest,ID_stag
automated_nangate_rs_encoder_decoder_latest_final_GF8Mult17.gml,automated_nangate,latest,GF8Mult17
automated_nangate_cookbook_final_rx_buffer_fifo_2.gml,automated_nangate,cookbook,rx_buffer_fifo_2
automated_nangate_openmsp430_latest_final_cyclonev_io_ibuf.gml,automated_nangate,latest,cyclonev_io_ibuf
automated_nangate_AES-T100_final_expand_key_128.gml,automated_nangate,AES-T100,expand_key_128
automated_nangate_cookbook_final_reg_word_mux.gml,automated_nangate,cookbook,reg_word_mux
automated_nangate_cookbook_final_arbiter.gml,automated_nangate,cookbook,arbiter
automated_nangate_trigonometric_functions_in_double_fpu_latest_final_top.gml,automated_nangate,latest,top
automated_nangate_16x2_lcd_display_driver_latest_final_lcd_16x2_8bit.gml,automated_nangate,latest,lcd_16x2_8bit
automated_nangate_m1_core_latest_final_ddr_pulse78.gml,automated_nangate,latest,ddr_pulse78
automated_nangate_reed_solomon_codec_generator_latest_final_RsEncodeTop.gml,automated_nangate,latest,RsEncodeTop
automated_nangate_cookbook_final_fec_rot_10.gml,automated_nangate,cookbook,fec_rot_10
automated_nangate_cookbook_final_pn2112_tabl.gml,automated_nangate,cookbook,pn2112_tabl
automated_nangate_aes_highthroughput_lowarea_latest_final_shift_rows.gml,automated_nangate,latest,shift_rows
automated_nangate_m1_core_latest_final_async_fifo.gml,automated_nangate,latest,async_fifo
automated_nangate_cookbook_final_font_rom.gml,automated_nangate,cookbook,font_rom
automated_nangate_mem_ctrl_latest_final_mc_cs_rf_dummy.gml,automated_nangate,latest,mc_cs_rf_dummy
automated_nangate_viterb_encoder_and_decoder_final_bmc000.gml,automated_nangate,decoder,bmc000
automated_nangate_orsoc_graphics_accelerator_final_gfx_wbm_writ.gml,automated_nangate,accelerator,gfx_wbm_writ
automated_nangate_rs_encoder_decoder_latest_final_GF8Mult207.gml,automated_nangate,latest,GF8Mult207
automated_nangate_iscas_final_s713.gml,automated_nangate,iscas,s713
automated_nangate_cookbook_final_inv_mix_columns.gml,automated_nangate,cookbook,inv_mix_columns
automated_nangate_openmsp430_latest_final_dac_spi_if.gml,automated_nangate,latest,dac_spi_if
automated_nangate_csa_latest_final_group_decrypt.gml,automated_nangate,latest,group_decrypt
automated_nangate_cookbook_final_gf_mult_by_14.gml,automated_nangate,cookbook,gf_mult_by_14
automated_nangate_cookbook_final_gf_mult_by_fa.gml,automated_nangate,cookbook,gf_mult_by_fa
automated_nangate_openmsp430_latest_final_openGFX430.gml,automated_nangate,latest,openGFX430
automated_nangate_AES-T1000_final_table_lookup.gml,automated_nangate,AES-T1000,table_lookup
automated_nangate_cookbook_final_gf_mult_by_.gml,automated_nangate,cookbook,gf_mult_by_
automated_nangate_cookbook_final_gf_mult_by_0d.gml,automated_nangate,cookbook,gf_mult_by_0d
automated_nangate_ecg_latest_final_point_add.gml,automated_nangate,latest,point_add
automated_nangate_ft816float_latest_final_fpLOOUnit.gml,automated_nangate,latest,fpLOOUnit
automated_nangate_cookbook_final_gf_mult_by_02.gml,automated_nangate,cookbook,gf_mult_by_02
automated_nangate_sha256-master_final_sha256_w_mem.gml,automated_nangate,sha256-master,sha256_w_mem
automated_nangate_8bit_vedic_multiplier_latest_final_vedic2x2.gml,automated_nangate,latest,vedic2x2
automated_nangate_edge_latest_final_mux2.gml,automated_nangate,latest,mux2
automated_nangate_cookbook_final_mix_columns.gml,automated_nangate,cookbook,mix_columns
automated_nangate_cookbook_final_sbox2.gml,automated_nangate,cookbook,sbox2
automated_nangate_pairing_latest_final_f3m_i.gml,automated_nangate,latest,f3m_i
automated_nangate_i2c_latest_final_i2c_master_byte_ctrl.gml,automated_nangate,latest,i2c_master_byte_ctrl
automated_nangate_iscas_final_ND3.gml,automated_nangate,iscas,ND3
automated_nangate_aes-128_pipelined_encryption_latest_final_SBox.gml,automated_nangate,latest,SBox
automated_nangate_rs_encoder_decoder_latest_final_GF8Mult239.gml,automated_nangate,latest,GF8Mult239
automated_nangate_csa_latest_final_single_block_decyper.gml,automated_nangate,latest,single_block_decyper
automated_nangate_m1_core_latest_final_wb_int_ctrl.gml,automated_nangate,latest,wb_int_ctrl
automated_nangate_apbtoaes128_latest_final_aes_ip.gml,automated_nangate,latest,aes_ip
automated_nangate_pairing_latest_final_f3m_mux3.gml,automated_nangate,latest,f3m_mux3
automated_nangate_signed_integer_divider_latest_final_shift_15.gml,automated_nangate,latest,shift_15
automated_nangate_openmsp430_latest_final_ogfx_backend_frame_fifo.gml,automated_nangate,latest,ogfx_backend_frame_fifo
automated_nangate_aes_highthroughput_lowarea_latest_final_aes_top_exampl.gml,automated_nangate,latest,aes_top_exampl
automated_nangate_fpu_latest_final_div_r2.gml,automated_nangate,latest,div_r2
automated_nangate_cookbook_final_fec_rot_12.gml,automated_nangate,cookbook,fec_rot_12
automated_nangate_apbtoaes128_latest_final_shift_rows.gml,automated_nangate,latest,shift_rows
automated_nangate_aes_highthroughput_lowarea_latest_final_key_exp.gml,automated_nangate,latest,key_exp
automated_nangate_cookbook_final_error_loc_poly_roots.gml,automated_nangate,cookbook,error_loc_poly_roots
automated_nangate_iscas_final_DFF.gml,automated_nangate,iscas,DFF
automated_nangate_ft816float_latest_final_cntlo16.gml,automated_nangate,latest,cntlo16
automated_nangate_cookbook_final_round.gml,automated_nangate,cookbook,round
automated_nangate_rs_encoder_decoder_latest_final_GF8Mult173.gml,automated_nangate,latest,GF8Mult173
automated_nangate_turbo8051_latest_final_toggle_sy.gml,automated_nangate,latest,toggle_sy
automated_nangate_rs_encoder_decoder_latest_final_GF8Mult14.gml,automated_nangate,latest,GF8Mult14
automated_nangate_rs_encoder_decoder_latest_final_GF8Mult15.gml,automated_nangate,latest,GF8Mult15
automated_nangate_rs_encoder_decoder_latest_final_GF8Mult166.gml,automated_nangate,latest,GF8Mult166
automated_nangate_rs_encoder_decoder_latest_final_GF8Mult172.gml,automated_nangate,latest,GF8Mult172
automated_nangate_AES-T100_final_S.gml,automated_nangate,AES-T100,S
automated_nangate_pairing_latest_final_f3_mult.gml,automated_nangate,latest,f3_mult
automated_nangate_cookbook_final_descrambler.gml,automated_nangate,cookbook,descrambler
automated_nangate_cookbook_final_scrambler_lfsr.gml,automated_nangate,cookbook,scrambler_lfsr
automated_nangate_Lightweight-Threshold-Implementations-master_final_key_schedule_modified3_simon_parallel.gml,automated_nangate,Lightweight-Threshold-Implementations-master,key_schedule_modified3_simon_parallel
automated_nangate_rs_encoder_decoder_latest_final_GF8Mult199.gml,automated_nangate,latest,GF8Mult199
automated_nangate_a-z80_latest_final_alu_mux_8.gml,automated_nangate,latest,alu_mux_8
automated_nangate_fixed_point_arithmetic_parameterized_latest_final_qmult.gml,automated_nangate,latest,qmult
automated_nangate_hight_latest_final_WKG.gml,automated_nangate,latest,WKG
automated_nangate_cookbook_final_fec_rot_13.gml,automated_nangate,cookbook,fec_rot_13
automated_nangate_des_latest_final_key_sel.gml,automated_nangate,latest,key_sel
automated_nangate_turbo8051_latest_final_oc8051_a.gml,automated_nangate,latest,oc8051_a
automated_nangate_8bit_vedic_multiplier_latest_final_vedic8x8.gml,automated_nangate,latest,vedic8x8
automated_nangate_minirisc_latest_final_glbl.gml,automated_nangate,latest,glbl
automated_nangate_rs_encoder_decoder_latest_final_GF8Mult204.gml,automated_nangate,latest,GF8Mult204
automated_nangate_turbo8051_latest_final_g_rx_fsm.gml,automated_nangate,latest,g_rx_fsm
automated_nangate_Lightweight-Threshold-Implementations-master_final_datapath_shar.gml,automated_nangate,Lightweight-Threshold-Implementations-master,datapath_shar
automated_nangate_iscas_final_FDMASK.gml,automated_nangate,iscas,FDMASK
automated_nangate_cookbook_final_little_sigma_0_512.gml,automated_nangate,cookbook,little_sigma_0_512
automated_nangate_cookbook_final_reed_sol_tx.gml,automated_nangate,cookbook,reed_sol_tx
automated_nangate_cookbook_final_sbox3.gml,automated_nangate,cookbook,sbox3
automated_nangate_apbtoaes128_latest_final_sBox_8.gml,automated_nangate,latest,sBox_8
automated_nangate_cookbook_final_gf_mult_by_03.gml,automated_nangate,cookbook,gf_mult_by_03
automated_nangate_cookbook_final_gf_mult_by_e8.gml,automated_nangate,cookbook,gf_mult_by_e8
automated_nangate_cookbook_final_gf_mult_by_17.gml,automated_nangate,cookbook,gf_mult_by_17
automated_nangate_cookbook_final_gf_mult_by_f4.gml,automated_nangate,cookbook,gf_mult_by_f4
automated_nangate_xge_mac_latest_final_sync_clk_xgmii_tx.gml,automated_nangate,latest,sync_clk_xgmii_tx
automated_nangate_cookbook_final_gf_mult_by_1a.gml,automated_nangate,cookbook,gf_mult_by_1a
automated_osu018_rs_encoder_decoder_latest_final_GF8Mult228.gml,automated_osu018,latest,GF8Mult228
automated_osu018_openmsp430_latest_final_omsp_execution_unit.gml,automated_osu018,latest,omsp_execution_unit
automated_osu018_mem_ctrl_latest_final_mc_rd_fifo.gml,automated_osu018,latest,mc_rd_fifo
automated_osu018_sha512-master_final_sha512_h_constants.gml,automated_osu018,sha512-master,sha512_h_constants
automated_osu018_turbo8051_latest_final_generic_register.gml,automated_osu018,latest,generic_register
automated_osu018_AES-T200_final_T.gml,automated_osu018,AES-T200,T
automated_osu018_systemcaes_latest_final_subbytes.gml,automated_osu018,latest,subbytes
automated_osu018_rs_encoder_decoder_latest_final_GF8Mult214.gml,automated_osu018,latest,GF8Mult214
automated_osu018_md5_pipelined_latest_final_Md5Cor.gml,automated_osu018,latest,Md5Cor
automated_osu018_rs_encoder_decoder_latest_final_GF8Mult200.gml,automated_osu018,latest,GF8Mult200
automated_osu018_BLAKE_final_BLAKE_INTERFACE.gml,automated_osu018,BLAKE,BLAKE_INTERFACE
automated_osu018_cookbook_final_gf_mult_by_a2.gml,automated_osu018,cookbook,gf_mult_by_a2
automated_osu018_cookbook_final_gf_mult_by_49.gml,automated_osu018,cookbook,gf_mult_by_49
automated_osu018_pairing_latest_final_f33m_mult2.gml,automated_osu018,latest,f33m_mult2
automated_osu018_turbo8051_latest_final_g_mac_cor.gml,automated_osu018,latest,g_mac_cor
automated_osu018_cookbook_final_gf_mult_by_ad.gml,automated_osu018,cookbook,gf_mult_by_ad
automated_osu018_gcm-aes_latest_final_aes_rco.gml,automated_osu018,latest,aes_rco
automated_osu018_cookbook_final_gf_mult_by_75.gml,automated_osu018,cookbook,gf_mult_by_75
automated_osu018_sha_core_latest_final_sha256.gml,automated_osu018,latest,sha256
automated_osu018_cookbook_final_gf_mult_by_61.gml,automated_osu018,cookbook,gf_mult_by_61
automated_osu018_cookbook_final_seconds_counter.gml,automated_osu018,cookbook,seconds_counter
automated_osu018_iscas_final_Circuit74181.gml,automated_osu018,iscas,Circuit74181
automated_osu018_cookbook_final_random_delay.gml,automated_osu018,cookbook,random_delay
automated_osu018_ft816float_latest_final_fpRound.gml,automated_osu018,latest,fpRound
automated_osu018_viterb_encoder_and_decoder_final_bmc010.gml,automated_osu018,decoder,bmc010
automated_osu018_amber_latest_final_eth_rxstatem.gml,automated_osu018,latest,eth_rxstatem
automated_osu018_crcahb_latest_final_crc_control_unit.gml,automated_osu018,latest,crc_control_unit
automated_osu018_m32632_latest_final_DECODER.gml,automated_osu018,latest,DECODER
automated_osu018_mriscv_final_latchW_ap.gml,automated_osu018,mriscv,latchW_ap
automated_osu018_cookbook_final_pipeline_add.gml,automated_osu018,cookbook,pipeline_add
automated_osu018_edge_latest_final_shift_left2.gml,automated_osu018,latest,shift_left2
automated_osu018_AES-T200_final_lfsr_counter.gml,automated_osu018,AES-T200,lfsr_counter
automated_osu018_tiny_tate_bilinear_pairing_latest_final_FSM.gml,automated_osu018,latest,FSM
automated_osu018_signed_integer_divider_latest_final_shifter_t.gml,automated_osu018,latest,shifter_t
automated_osu018_cookbook_final_gearbox_40_66.gml,automated_osu018,cookbook,gearbox_40_66
automated_osu018_Lightweight-Threshold-Implementations-master_final_p_keysch10.gml,automated_osu018,Lightweight-Threshold-Implementations-master,p_keysch10
automated_osu018_sha3_latest_final_round2in1.gml,automated_osu018,latest,round2in1
automated_osu018_a-z80_latest_final_wait_stat.gml,automated_osu018,latest,wait_stat
automated_osu018_cpu8080_latest_final_SM8080.gml,automated_osu018,latest,SM8080
automated_osu018_ecg_latest_final_func11.gml,automated_osu018,latest,func11
automated_osu018_tiny_aes_latest_final_expand_key_type_D_192.gml,automated_osu018,latest,expand_key_type_D_192
automated_osu018_jt51_latest_final_jt51_exp2li.gml,automated_osu018,latest,jt51_exp2li
automated_osu018_rs_encoder_decoder_latest_final_GF8Mult16.gml,automated_osu018,latest,GF8Mult16
automated_osu018_iscas_final_s510.gml,automated_osu018,iscas,s510
automated_osu018_mriscv_final_decodificador_axi.gml,automated_osu018,mriscv,decodificador_axi
automated_osu018_minirisc_latest_final_mux4_8.gml,automated_osu018,latest,mux4_8
automated_osu018_rs_encoder_decoder_latest_final_GF8Mult162.gml,automated_osu018,latest,GF8Mult162
automated_osu018_rs_encoder_decoder_latest_final_GF8Mult176.gml,automated_osu018,latest,GF8Mult176
automated_osu018_reed_solomon_codec_generator_latest_final_RsDecodeSyndrom.gml,automated_osu018,latest,RsDecodeSyndrom
automated_osu018_xge_mac_latest_final_generic_fifo.gml,automated_osu018,latest,generic_fifo
automated_osu018_trigonometric_functions_in_double_fpu_latest_final_secant_lut.gml,automated_osu018,latest,secant_lut
automated_osu018_cookbook_final_crc32_dat56_flat.gml,automated_osu018,cookbook,crc32_dat56_flat
automated_osu018_rs_encoder_decoder_latest_final_GF8Mult189.gml,automated_osu018,latest,GF8Mult189
automated_osu018_cookbook_final_fec_rot_10.gml,automated_osu018,cookbook,fec_rot_10
automated_osu018_m32632_latest_final_FILTCMP.gml,automated_osu018,latest,FILTCMP
automated_osu018_viterb_encoder_and_decoder_final_encoder.gml,automated_osu018,decoder,encoder
automated_osu018_mips_16_latest_final_WB_stag.gml,automated_osu018,latest,WB_stag
automated_osu018_openmsp430_latest_final_omsp_sync_cell.gml,automated_osu018,latest,omsp_sync_cell
automated_osu018_edge_latest_final_mux_WBResult.gml,automated_osu018,latest,mux_WBResult
automated_osu018_rs_encoder_decoder_latest_final_GF8lfsr.gml,automated_osu018,latest,GF8lfsr
automated_osu018_sha256-master_final_sha256_cor.gml,automated_osu018,sha256-master,sha256_cor
automated_osu018_openmsp430_latest_final_omsp_watchdog.gml,automated_osu018,latest,omsp_watchdog
automated_osu018_cookbook_final_mix_one_colum.gml,automated_osu018,cookbook,mix_one_colum
automated_osu018_gng_latest_final_gng_coef.gml,automated_osu018,latest,gng_coef
automated_osu018_xge_mac_latest_final_fault_sm.gml,automated_osu018,latest,fault_sm
automated_osu018_openmsp430_latest_final_ext_de1_sram.gml,automated_osu018,latest,ext_de1_sram
automated_osu018_aes_highthroughput_lowarea_latest_final_aes.gml,automated_osu018,latest,aes
automated_osu018_systemcaes_latest_final_aes192.gml,automated_osu018,latest,aes192
automated_osu018_chacha-master_final_chacha.gml,automated_osu018,chacha-master,chacha
automated_osu018_aes-encryption_latest_final_aes_rco.gml,automated_osu018,latest,aes_rco
automated_osu018_openmsp430_latest_final_omsp_uart.gml,automated_osu018,latest,omsp_uart
automated_osu018_rtf8088_latest_final_divr2_t.gml,automated_osu018,latest,divr2_t
automated_osu018_fixed_point_arithmetic_parameterized_latest_final_top.gml,automated_osu018,latest,top
automated_osu018_cookbook_final_insert_parity.gml,automated_osu018,cookbook,insert_parity
automated_osu018_i2c_latest_final_i2c_master_byte_ctrl.gml,automated_osu018,latest,i2c_master_byte_ctrl
automated_osu018_a-z80_latest_final_pla_decod.gml,automated_osu018,latest,pla_decod
automated_osu018_RSA-CRYPTOSYSTEM-using-verilog-master_final_mod.gml,automated_osu018,RSA-CRYPTOSYSTEM-using-verilog-master,mod
automated_osu018_iscas_final_s713.gml,automated_osu018,iscas,s713
automated_osu018_rs_encoder_decoder_latest_final_GF8tmmult.gml,automated_osu018,latest,GF8tmmult
automated_osu018_cookbook_final_arbiter.gml,automated_osu018,cookbook,arbiter
automated_osu018_cavlc_latest_final_cavlc_read_levels.gml,automated_osu018,latest,cavlc_read_levels
automated_osu018_pairing_latest_final_duursma_lee_algo.gml,automated_osu018,latest,duursma_lee_algo
automated_osu018_cookbook_final_fec_rot_11.gml,automated_osu018,cookbook,fec_rot_11
automated_osu018_rs_encoder_decoder_latest_final_GF8Mult188.gml,automated_osu018,latest,GF8Mult188
automated_osu018_Lightweight-Threshold-Implementations-master_final_quick_mux_128.gml,automated_osu018,Lightweight-Threshold-Implementations-master,quick_mux_128
automated_osu018_tiny_tate_bilinear_pairing_latest_final_rom.gml,automated_osu018,latest,rom
automated_osu018_rs_encoder_decoder_latest_final_GF8Mult177.gml,automated_osu018,latest,GF8Mult177
automated_osu018_AES-T200_final_expand_key_128.gml,automated_osu018,AES-T200,expand_key_128
automated_osu018_dpll-isdn_latest_final_variableresetrandomwalkfilter.gml,automated_osu018,latest,variableresetrandomwalkfilter
automated_osu018_rs_encoder_decoder_latest_final_GF8Mult163.gml,automated_osu018,latest,GF8Mult163
automated_osu018_cookbook_final_stream_mux.gml,automated_osu018,cookbook,stream_mux
automated_osu018_rs_encoder_decoder_latest_final_GF8Mult17.gml,automated_osu018,latest,GF8Mult17
automated_osu018_iscas_final_s1423.gml,automated_osu018,iscas,s1423
automated_osu018_ecg_latest_final_func10.gml,automated_osu018,latest,func10
automated_osu018_cookbook_final_fec_rot_1.gml,automated_osu018,cookbook,fec_rot_1
automated_osu018_cookbook_final_gearbox_40_67.gml,automated_osu018,cookbook,gearbox_40_67
automated_osu018_Lightweight-Threshold-Implementations-master_final_p_keysch11.gml,automated_osu018,Lightweight-Threshold-Implementations-master,p_keysch11
automated_osu018_trigonometric_functions_in_double_fpu_latest_final_top.gml,automated_osu018,latest,top
automated_osu018_aes-128_pipelined_encryption_latest_final_SubBytes.gml,automated_osu018,latest,SubBytes
automated_osu018_rs_encoder_decoder_latest_final_RS8FreqDecod.gml,automated_osu018,latest,RS8FreqDecod
automated_osu018_RSA-Verilog-master_final_LED_Verilog.gml,automated_osu018,RSA-Verilog-master,LED_Verilog
automated_osu018_cookbook_final_reed_sol_rx.gml,automated_osu018,cookbook,reed_sol_rx
automated_osu018_m1_core_latest_final_ps2_wb_if.gml,automated_osu018,latest,ps2_wb_if
automated_osu018_viterb_encoder_and_decoder_final_bmc011.gml,automated_osu018,decoder,bmc011
automated_osu018_ecg_latest_final_f3_add.gml,automated_osu018,latest,f3_add
automated_osu018_cookbook_final_gearbox_20_22.gml,automated_osu018,cookbook,gearbox_20_22
automated_osu018_cookbook_final_gf_mult_by_60.gml,automated_osu018,cookbook,gf_mult_by_60
automated_osu018_systemcaes_latest_final_aes.gml,automated_osu018,latest,aes
automated_osu018_gng_latest_final_gng_smul_16_18_sadd_37.gml,automated_osu018,latest,gng_smul_16_18_sadd_37
automated_osu018_edge_latest_final_adder.gml,automated_osu018,latest,adder
automated_osu018_cookbook_final_gf_mult_by_74.gml,automated_osu018,cookbook,gf_mult_by_74
automated_osu018_cookbook_final_gf_mult_by_6f.gml,automated_osu018,cookbook,gf_mult_by_6f
automated_osu018_cookbook_final_gf_mult_by_a3.gml,automated_osu018,cookbook,gf_mult_by_a3
automated_osu018_a-z80_latest_final_reg_control.gml,automated_osu018,latest,reg_control
automated_osu018_pairing_latest_final_f33m_mult3.gml,automated_osu018,latest,f33m_mult3
automated_osu018_cookbook_final_gf_mult_by_48.gml,automated_osu018,cookbook,gf_mult_by_48
automated_osu018_iscas_final_FDMASK.gml,automated_osu018,iscas,FDMASK
automated_osu018_rs_encoder_decoder_latest_final_GF8Mult201.gml,automated_osu018,latest,GF8Mult201
automated_osu018_orsoc_graphics_accelerator_final_gfx_renderer.gml,automated_osu018,accelerator,gfx_renderer
automated_osu018_gost28147-89_latest_final_gost89_round.gml,automated_osu018,latest,gost89_round
automated_osu018_rs_encoder_decoder_latest_final_GF8Mult215.gml,automated_osu018,latest,GF8Mult215
automated_osu018_gng_latest_final_gng_lzd.gml,automated_osu018,latest,gng_lzd
automated_osu018_rs_encoder_decoder_latest_final_GF8Mult229.gml,automated_osu018,latest,GF8Mult229
automated_osu018_cookbook_final_five_to_twenty.gml,automated_osu018,cookbook,five_to_twenty
automated_osu018_tiny_aes_latest_final_xS.gml,automated_osu018,latest,xS
automated_osu018_Lightweight-Threshold-Implementations-master_final_round.gml,automated_osu018,Lightweight-Threshold-Implementations-master,round
automated_osu018_cookbook_final_gf_mult_by_89.gml,automated_osu018,cookbook,gf_mult_by_89
automated_osu018_sha1-master_final_sha1_cor.gml,automated_osu018,sha1-master,sha1_cor
automated_osu018_rs_encoder_decoder_latest_final_GF8Mult203.gml,automated_osu018,latest,GF8Mult203
automated_osu018_epfl_final_mem_ctrl.gml,automated_osu018,epfl,mem_ctrl
automated_osu018_aes_highthroughput_lowarea_latest_final_aes_top_exampl.gml,automated_osu018,latest,aes_top_exampl
automated_osu018_ft816float_latest_final_f2i_t.gml,automated_osu018,latest,f2i_t
automated_osu018_rs_encoder_decoder_latest_final_GF8Mult217.gml,automated_osu018,latest,GF8Mult217
automated_osu018_rs_decoder_31_19_6_latest_final_lcpmult.gml,automated_osu018,latest,lcpmult
automated_osu018_crcahb_latest_final_crc_ip.gml,automated_osu018,latest,crc_ip
automated_osu018_cookbook_final_gf_mult_by_6d.gml,automated_osu018,cookbook,gf_mult_by_6d
automated_osu018_openmsp430_latest_final_altera_avalon_sc_fifo.gml,automated_osu018,latest,altera_avalon_sc_fifo
automated_osu018_ft816float_latest_final_cntlz8.gml,automated_osu018,latest,cntlz8
automated_osu018_cookbook_final_compress_32.gml,automated_osu018,cookbook,compress_32
automated_osu018_cookbook_final_gf_mult_by_a1.gml,automated_osu018,cookbook,gf_mult_by_a1
automated_osu018_cookbook_final_gf_mult_by_c9.gml,automated_osu018,cookbook,gf_mult_by_c9
automated_osu018_iscas_final_Circuit74182.gml,automated_osu018,iscas,Circuit74182
automated_osu018_cookbook_final_gf_mult_by_62.gml,automated_osu018,cookbook,gf_mult_by_62
automated_osu018_turbo8051_latest_final_oc8051_multiply.gml,automated_osu018,latest,oc8051_multiply
automated_osu018_edge_latest_final_mux2.gml,automated_osu018,latest,mux2
automated_osu018_pairing_latest_final_f3m_add.gml,automated_osu018,latest,f3m_add
automated_osu018_cpu8080_latest_final_scnrom.gml,automated_osu018,latest,scnrom
automated_osu018_cookbook_final_gf_mult_by_76.gml,automated_osu018,cookbook,gf_mult_by_76
automated_osu018_turbo8051_latest_final_g_md_intf.gml,automated_osu018,latest,g_md_intf
automated_osu018_reed_solomon_codec_generator_latest_final_RsDecodePolymul.gml,automated_osu018,latest,RsDecodePolymul
automated_osu018_8051_latest_final_oc8051_dptr.gml,automated_osu018,latest,oc8051_dptr
automated_osu018_mriscvcore_final_ALU.gml,automated_osu018,mriscvcore,ALU
automated_osu018_m32632_latest_final_SCANDIG.gml,automated_osu018,latest,SCANDIG
automated_osu018_mriscvcore_final_ALU_su.gml,automated_osu018,mriscvcore,ALU_su
automated_osu018_ft816float_latest_final_FloatToInt_t.gml,automated_osu018,latest,FloatToInt_t
automated_osu018_trigonometric_functions_in_double_fpu_latest_final_sine_lut.gml,automated_osu018,latest,sine_lut
automated_osu018_orsoc_graphics_accelerator_final_gfx_interp.gml,automated_osu018,accelerator,gfx_interp
automated_osu018_xge_mac_latest_final_generic_mem_small.gml,automated_osu018,latest,generic_mem_small
automated_osu018_cookbook_final_remove_parity.gml,automated_osu018,cookbook,remove_parity
automated_osu018_cookbook_final_fec_rot_3.gml,automated_osu018,cookbook,fec_rot_3
automated_osu018_pci_express_crc_latest_final_crc32d16.gml,automated_osu018,latest,crc32d16
automated_osu018_rs_encoder_decoder_latest_final_GF8Mult149.gml,automated_osu018,latest,GF8Mult149
automated_osu018_xge_mac_latest_final_wishbone_if.gml,automated_osu018,latest,wishbone_if
automated_osu018_cookbook_final_gf_divid.gml,automated_osu018,cookbook,gf_divid
automated_osu018_rs_encoder_decoder_latest_final_GF8Mult15.gml,automated_osu018,latest,GF8Mult15
automated_osu018_fast_log_latest_final_Log2higha.gml,automated_osu018,latest,Log2higha
automated_osu018_mriscv_final_spi_axi_slav.gml,automated_osu018,mriscv,spi_axi_slav
automated_osu018_rs_encoder_decoder_latest_final_GF8Mult175.gml,automated_osu018,latest,GF8Mult175
automated_osu018_rs_encoder_decoder_latest_final_GF8Mult29.gml,automated_osu018,latest,GF8Mult29
automated_osu018_rs_encoder_decoder_latest_final_GF8Mult161.gml,automated_osu018,latest,GF8Mult161
automated_osu018_cookbook_final_word_adder_plai.gml,automated_osu018,cookbook,word_adder_plai
automated_osu018_turbo8051_latest_final_oc8051_psw.gml,automated_osu018,latest,oc8051_psw
automated_osu018_cookbook_final_fec_rot_13.gml,automated_osu018,cookbook,fec_rot_13
automated_osu018_edge_latest_final_ex_mem_pipereg.gml,automated_osu018,latest,ex_mem_pipereg
automated_osu018_amber_latest_final_eth_spram_256x32.gml,automated_osu018,latest,eth_spram_256x32
automated_osu018_openmsp430_latest_final_DE0_NANO_SOC_QSYS_jtag_uart.gml,automated_osu018,latest,DE0_NANO_SOC_QSYS_jtag_uart
automated_osu018_cookbook_final_h_register.gml,automated_osu018,cookbook,h_register
automated_osu018_cookbook_final_reed_sol_t.gml,automated_osu018,cookbook,reed_sol_t
automated_osu018_altor32_latest_final_altor32_fet.gml,automated_osu018,latest,altor32_fet
automated_osu018_mem_ctrl_latest_final_cs_check.gml,automated_osu018,latest,cs_check
automated_osu018_mriscvcore_final_MEMORY_INTERFACE.gml,automated_osu018,mriscvcore,MEMORY_INTERFACE
automated_osu018_amber_latest_final_eth_transmitcontrol.gml,automated_osu018,latest,eth_transmitcontrol
automated_osu018_amber_latest_final_a25_wishbo.gml,automated_osu018,latest,a25_wishbo
automated_osu018_cookbook_final_gearbox_67_20.gml,automated_osu018,cookbook,gearbox_67_20
automated_osu018_cookbook_final_ring_counter.gml,automated_osu018,cookbook,ring_counter
automated_osu018_cookbook_final_tx_buffer_fifo_8word.gml,automated_osu018,cookbook,tx_buffer_fifo_8word
automated_osu018_siphash-master_final_siphash_cor.gml,automated_osu018,siphash-master,siphash_cor
automated_osu018_mriscv_final_impl_axi.gml,automated_osu018,mriscv,impl_axi
automated_osu018_amber_latest_final_a23_alu.gml,automated_osu018,latest,a23_alu
automated_osu018_pairing_latest_final_f32m_su.gml,automated_osu018,latest,f32m_su
automated_osu018_tiny_aes_latest_final_aes_192.gml,automated_osu018,latest,aes_192
automated_osu018_amber_latest_final_generic_sram_byte_.gml,automated_osu018,latest,generic_sram_byte_
automated_osu018_xge_mac_latest_final_sync_clk_w.gml,automated_osu018,latest,sync_clk_w
automated_osu018_hight_latest_final_WKG.gml,automated_osu018,latest,WKG
automated_osu018_signed_integer_divider_latest_final_shift_15.gml,automated_osu018,latest,shift_15
automated_osu018_cookbook_final_fec_rot_12.gml,automated_osu018,cookbook,fec_rot_12
automated_osu018_tiny_tate_bilinear_pairing_latest_final_const.gml,automated_osu018,latest,const
automated_osu018_8051_latest_final_oc8051_alu.gml,automated_osu018,latest,oc8051_alu
automated_osu018_verilog_fixed_point_math_library_latest_final_qmults.gml,automated_osu018,latest,qmults
automated_osu018_rs_encoder_decoder_latest_final_GF8Mult160.gml,automated_osu018,latest,GF8Mult160
automated_osu018_rs_encoder_decoder_latest_final_GF8Mult28.gml,automated_osu018,latest,GF8Mult28
automated_osu018_rs_encoder_decoder_latest_final_GF8Mult174.gml,automated_osu018,latest,GF8Mult174
automated_osu018_AES-T200_final_one_round.gml,automated_osu018,AES-T200,one_round
automated_osu018_rs_encoder_decoder_latest_final_GF8Mult14.gml,automated_osu018,latest,GF8Mult14
automated_osu018_rs_encoder_decoder_latest_final_GF8Mult148.gml,automated_osu018,latest,GF8Mult148
automated_osu018_minirisc_latest_final_xilinx_inc11.gml,automated_osu018,latest,xilinx_inc11
automated_osu018_cookbook_final_fec_rot_2.gml,automated_osu018,cookbook,fec_rot_2
automated_osu018_a-z80_latest_final_inc_dec_2bit.gml,automated_osu018,latest,inc_dec_2bit
automated_osu018_reed_solomon_decoder_latest_final_GF_matrix_ascending_binary.gml,automated_osu018,latest,GF_matrix_ascending_binary
automated_osu018_edge_latest_final_zero_extend.gml,automated_osu018,latest,zero_extend
automated_osu018_mips_16_latest_final_alu.gml,automated_osu018,latest,alu
automated_osu018_aes-128_pipelined_encryption_latest_final_SBox.gml,automated_osu018,latest,SBox
automated_osu018_mem_ctrl_latest_final_mc_obct.gml,automated_osu018,latest,mc_obct
automated_osu018_AES-T100_final_S.gml,automated_osu018,AES-T100,S
automated_osu018_iscas_final_ND4.gml,automated_osu018,iscas,ND4
automated_osu018_apbtoaes128_latest_final_key_expander.gml,automated_osu018,latest,key_expander
automated_osu018_8051_latest_final_oc8051_int.gml,automated_osu018,latest,oc8051_int
automated_osu018_numbert_sort_device_latest_final_SEG7_LUT.gml,automated_osu018,latest,SEG7_LUT
automated_osu018_epfl_final_d.gml,automated_osu018,epfl,d
automated_osu018_cookbook_final_key_shift.gml,automated_osu018,cookbook,key_shift
automated_osu018_m32632_latest_final_WB_CONTROL.gml,automated_osu018,latest,WB_CONTROL
automated_osu018_jt51_latest_final_jt51_phaseg.gml,automated_osu018,latest,jt51_phaseg
automated_osu018_amber_latest_final_eth_cr.gml,automated_osu018,latest,eth_cr
automated_osu018_aes_highthroughput_lowarea_latest_final_inv_byte_mix_columns.gml,automated_osu018,latest,inv_byte_mix_columns
automated_osu018_turbo8051_latest_final_oc8051_ram_256x8_two_bist.gml,automated_osu018,latest,oc8051_ram_256x8_two_bist
automated_osu018_Lightweight-Threshold-Implementations-master_final_key_schedule_modified1_simon_parallel.gml,automated_osu018,Lightweight-Threshold-Implementations-master,key_schedule_modified1_simon_parallel
automated_osu018_ft816float_latest_final_cntlo8.gml,automated_osu018,latest,cntlo8
automated_osu018_hight_latest_final_CONTROL.gml,automated_osu018,latest,CONTROL
automated_osu018_cookbook_final_gf_mult_by_77.gml,automated_osu018,cookbook,gf_mult_by_77
automated_osu018_ft816float_latest_final_fpMul.gml,automated_osu018,latest,fpMul
automated_osu018_cookbook_final_gf_mult_by_af.gml,automated_osu018,cookbook,gf_mult_by_af
automated_osu018_cookbook_final_gf_mult_by_c8.gml,automated_osu018,cookbook,gf_mult_by_c8
automated_osu018_m32632_latest_final_REGISTER.gml,automated_osu018,latest,REGISTER
automated_osu018_openmsp430_latest_final_cyclonev_io_obuf.gml,automated_osu018,latest,cyclonev_io_obuf
automated_osu018_cookbook_final_gf_mult_by_63.gml,automated_osu018,cookbook,gf_mult_by_63
automated_osu018_cookbook_final_gf_mult_by_7a.gml,automated_osu018,cookbook,gf_mult_by_7a
automated_osu018_cookbook_final_gf_mult_by_a0.gml,automated_osu018,cookbook,gf_mult_by_a0
automated_osu018_rs_encoder_decoder_latest_final_GF8Mult216.gml,automated_osu018,latest,GF8Mult216
automated_osu018_aes_highthroughput_lowarea_latest_final_word_mix_columns.gml,automated_osu018,latest,word_mix_columns
automated_osu018_rs_encoder_decoder_latest_final_GF8Mult202.gml,automated_osu018,latest,GF8Mult202
automated_osu018_cookbook_final_gf_mult_by_88.gml,automated_osu018,cookbook,gf_mult_by_88
automated_osu018_Lightweight-Threshold-Implementations-master_final_datapath_simon2shar.gml,automated_osu018,Lightweight-Threshold-Implementations-master,datapath_simon2shar
automated_osu018_rs_encoder_decoder_latest_final_GF8Mult206.gml,automated_osu018,latest,GF8Mult206
automated_osu018_jt51_latest_final_jt51_mmr.gml,automated_osu018,latest,jt51_mmr
automated_osu018_rs_encoder_decoder_latest_final_GF8Mult212.gml,automated_osu018,latest,GF8Mult212
automated_osu018_turbo8051_latest_final_g_rx_fsm.gml,automated_osu018,latest,g_rx_fsm
automated_osu018_cookbook_final_gf_mult_by_98.gml,automated_osu018,cookbook,gf_mult_by_98
automated_osu018_cookbook_final_gf_mult_by_67.gml,automated_osu018,cookbook,gf_mult_by_67
automated_osu018_Aquarius_latest_final_clk_gat.gml,automated_osu018,latest,clk_gat
automated_osu018_openmsp430_latest_final_virtex4_dmem.gml,automated_osu018,latest,virtex4_dmem
automated_osu018_cookbook_final_gf_mult_by_b8.gml,automated_osu018,cookbook,gf_mult_by_b8
automated_osu018_openmsp430_latest_final_virtex5_dmem.gml,automated_osu018,latest,virtex5_dmem
automated_osu018_cookbook_final_gf_mult_by_73.gml,automated_osu018,cookbook,gf_mult_by_73
automated_osu018_cookbook_final_gf_mult_by_6a.gml,automated_osu018,cookbook,gf_mult_by_6a
automated_osu018_rs_encoder_decoder_latest_final_GF8Mult8.gml,automated_osu018,latest,GF8Mult8
automated_osu018_hight_latest_final_SKG.gml,automated_osu018,latest,SKG
automated_osu018_cookbook_final_gf_mult_by_a4.gml,automated_osu018,cookbook,gf_mult_by_a4
automated_osu018_aes_highthroughput_lowarea_latest_final_ram_16x64.gml,automated_osu018,latest,ram_16x64
automated_osu018_cookbook_final_approx_fp_div_lut.gml,automated_osu018,cookbook,approx_fp_div_lut
automated_osu018_cookbook_final_des_to_string.gml,automated_osu018,cookbook,des_to_string
automated_osu018_apbtoaes128_latest_final_sBox_8.gml,automated_osu018,latest,sBox_8
automated_osu018_crcahb_latest_final_crc_com.gml,automated_osu018,latest,crc_com
automated_osu018_reed_solomon_decoder_latest_final_Omega_Phy.gml,automated_osu018,latest,Omega_Phy
automated_osu018_ft816float_latest_final_fpSqrt.gml,automated_osu018,latest,fpSqrt
automated_osu018_a-z80_latest_final_address_mux.gml,automated_osu018,latest,address_mux
automated_osu018_8bit_vedic_multiplier_latest_final_vedic2x2.gml,automated_osu018,latest,vedic2x2
automated_osu018_aes_core_latest_final_aes_sbox.gml,automated_osu018,latest,aes_sbox
automated_osu018_m1_core_latest_final_GrayCounter.gml,automated_osu018,latest,GrayCounter
automated_osu018_minirisc_latest_final_mux2_8.gml,automated_osu018,latest,mux2_8
automated_osu018_jt51_latest_final_ramp_a_to.gml,automated_osu018,latest,ramp_a_to
automated_osu018_a-z80_latest_final_alu_shifter_cor.gml,automated_osu018,latest,alu_shifter_cor
automated_osu018_openmsp430_latest_final_spartan3_dmem.gml,automated_osu018,latest,spartan3_dmem
automated_osu018_jt51_latest_final_jt51_phinc_rom.gml,automated_osu018,latest,jt51_phinc_rom
automated_osu018_cookbook_final_fec_rot_6.gml,automated_osu018,cookbook,fec_rot_6
automated_osu018_mod_mult_exp_latest_final_blockMemory.gml,automated_osu018,latest,blockMemory
automated_osu018_cookbook_final_crc_flat.gml,automated_osu018,cookbook,crc_flat
automated_osu018_cookbook_final_crc32_dat40_flat.gml,automated_osu018,cookbook,crc32_dat40_flat
automated_osu018_numbert_sort_device_latest_final_dbg_7seg.gml,automated_osu018,latest,dbg_7seg
automated_osu018_fpu_latest_final_pre_norm_fmul.gml,automated_osu018,latest,pre_norm_fmul
automated_osu018_rs_encoder_decoder_latest_final_GF8Mult38.gml,automated_osu018,latest,GF8Mult38
automated_osu018_rs_encoder_decoder_latest_final_GF8Mult170.gml,automated_osu018,latest,GF8Mult170
automated_osu018_rs_encoder_decoder_latest_final_GF8Mult164.gml,automated_osu018,latest,GF8Mult164
automated_osu018_signed_integer_divider_latest_final_divider_dshift.gml,automated_osu018,latest,divider_dshift
automated_osu018_m1_core_latest_final_m1_alu.gml,automated_osu018,latest,m1_alu
automated_osu018_cookbook_final_error_value_round.gml,automated_osu018,cookbook,error_value_round
automated_osu018_cookbook_final_crc32_dat120_flat.gml,automated_osu018,cookbook,crc32_dat120_flat
automated_osu018_8bit_vedic_multiplier_latest_final_vedic4x4.gml,automated_osu018,latest,vedic4x4
automated_osu018_rs_encoder_decoder_latest_final_GF8Mult158.gml,automated_osu018,latest,GF8Mult158
automated_osu018_rs_encoder_decoder_latest_final_GF8Mult10.gml,automated_osu018,latest,GF8Mult10
automated_osu018_csa_latest_final_usb_cnt.gml,automated_osu018,latest,usb_cnt
automated_osu018_iscas_final_Circuit74L85.gml,automated_osu018,iscas,Circuit74L85
automated_osu018_cookbook_final_asc_to_7seg.gml,automated_osu018,cookbook,asc_to_7seg
automated_osu018_openmsp430_latest_final_openMSP430.gml,automated_osu018,latest,openMSP430
automated_osu018_cookbook_final_fec_rot_16.gml,automated_osu018,cookbook,fec_rot_16
automated_osu018_RSA-Verilog-master_final_mon_exp.gml,automated_osu018,RSA-Verilog-master,mon_exp
automated_osu018_a-z80_latest_final_alu_cor.gml,automated_osu018,latest,alu_cor
automated_osu018_BLAKE_final_BLAKE_G_FUNCTION.gml,automated_osu018,BLAKE,BLAKE_G_FUNCTION
automated_osu018_ft816float_latest_final_cntlz24.gml,automated_osu018,latest,cntlz24
automated_osu018_csa_latest_final_ledseg_cnt.gml,automated_osu018,latest,ledseg_cnt
automated_osu018_cookbook_final_salt_to_bi.gml,automated_osu018,cookbook,salt_to_bi
automated_osu018_cookbook_final_ycbcr_to_rg.gml,automated_osu018,cookbook,ycbcr_to_rg
automated_osu018_turbo8051_latest_final_oc8051_a.gml,automated_osu018,latest,oc8051_a
automated_osu018_AES-T200_final_aes_128.gml,automated_osu018,AES-T200,aes_128
automated_osu018_pairing_latest_final_f3_add1.gml,automated_osu018,latest,f3_add1
automated_osu018_Lightweight-Threshold-Implementations-master_final_key_schedule_modified2_simon_parallel.gml,automated_osu018,Lightweight-Threshold-Implementations-master,key_schedule_modified2_simon_parallel
automated_osu018_turbo8051_latest_final_oc8051_ram_top.gml,automated_osu018,latest,oc8051_ram_top
automated_osu018_pci_express_crc_latest_final_crc32d16N.gml,automated_osu018,latest,crc32d16N
automated_osu018_turbo8051_latest_final_clk_ctl.gml,automated_osu018,latest,clk_ctl
automated_osu018_mriscvcore_final_ALU_add.gml,automated_osu018,mriscvcore,ALU_add
automated_osu018_turbo8051_latest_final_spi_ctl.gml,automated_osu018,latest,spi_ctl
automated_osu018_cookbook_final_ecc_correction_64bit.gml,automated_osu018,cookbook,ecc_correction_64bit
automated_osu018_openmsp430_latest_final_spartan3_pmem.gml,automated_osu018,latest,spartan3_pmem
automated_osu018_8bit_vedic_multiplier_latest_final_vedic8x8.gml,automated_osu018,latest,vedic8x8
automated_osu018_mriscv_final_AXI_SP32B1024.gml,automated_osu018,mriscv,AXI_SP32B1024
automated_osu018_apbtoaes128_latest_final_aes_ip.gml,automated_osu018,latest,aes_ip
automated_osu018_openmsp430_latest_final_ogfx_backend_frame_fifo.gml,automated_osu018,latest,ogfx_backend_frame_fifo
automated_osu018_cookbook_final_shift_rows.gml,automated_osu018,cookbook,shift_rows
automated_osu018_systemcaes_latest_final_keysched192.gml,automated_osu018,latest,keysched192
automated_osu018_turbo8051_latest_final_uart_cfg.gml,automated_osu018,latest,uart_cfg
automated_osu018_rtf8088_latest_final_divr2.gml,automated_osu018,latest,divr2
automated_osu018_rs_decoder_31_19_6_latest_final_degree2_cell.gml,automated_osu018,latest,degree2_cell
automated_osu018_rs_decoder_31_19_6_latest_final_degree3_cell.gml,automated_osu018,latest,degree3_cell
automated_osu018_openmsp430_latest_final_ogfx_gpu.gml,automated_osu018,latest,ogfx_gpu
automated_osu018_Lightweight-Threshold-Implementations-master_final_p_datapat.gml,automated_osu018,Lightweight-Threshold-Implementations-master,p_datapat
automated_osu018_turbo8051_latest_final_oc8051_alu_src_sel.gml,automated_osu018,latest,oc8051_alu_src_sel
automated_osu018_openmsp430_latest_final_virtex5_pmem.gml,automated_osu018,latest,virtex5_pmem
automated_osu018_cookbook_final_fec_rot_17.gml,automated_osu018,cookbook,fec_rot_17
automated_osu018_openmsp430_latest_final_virtex4_pmem.gml,automated_osu018,latest,virtex4_pmem
automated_osu018_m1_core_latest_final_m1_mul.gml,automated_osu018,latest,m1_mul
automated_osu018_mem_ctrl_latest_final_mc_mem_if.gml,automated_osu018,latest,mc_mem_if
automated_osu018_Lightweight-Threshold-Implementations-master_final_lut_datapat.gml,automated_osu018,Lightweight-Threshold-Implementations-master,lut_datapat
automated_osu018_cookbook_final_sboxes.gml,automated_osu018,cookbook,sboxes
automated_osu018_m32632_latest_final_FP_STAT_REG.gml,automated_osu018,latest,FP_STAT_REG
automated_osu018_turbo8051_latest_final_wb_wr_mem2mem.gml,automated_osu018,latest,wb_wr_mem2mem
automated_osu018_a-z80_latest_final_alu.gml,automated_osu018,latest,alu
automated_osu018_rs_encoder_decoder_latest_final_GF8Mult11.gml,automated_osu018,latest,GF8Mult11
automated_osu018_rs_encoder_decoder_latest_final_GF8Mult159.gml,automated_osu018,latest,GF8Mult159
automated_osu018_sha3_latest_final_padder.gml,automated_osu018,latest,padder
automated_osu018_rs_encoder_decoder_latest_final_GF8Mult165.gml,automated_osu018,latest,GF8Mult165
automated_osu018_rs_encoder_decoder_latest_final_GF8Mult171.gml,automated_osu018,latest,GF8Mult171
automated_osu018_rs_encoder_decoder_latest_final_GF8Mult39.gml,automated_osu018,latest,GF8Mult39
automated_osu018_ft816float_latest_final_cntlo16.gml,automated_osu018,latest,cntlo16
automated_osu018_jt51_latest_final_jt51_sum_op.gml,automated_osu018,latest,jt51_sum_op
automated_osu018_aes_highthroughput_lowarea_latest_final_key_exp.gml,automated_osu018,latest,key_exp
automated_osu018_mem_ctrl_latest_final_sync_cs_d.gml,automated_osu018,latest,sync_cs_d
automated_osu018_present_encryptor_latest_final_permutatio.gml,automated_osu018,latest,permutatio
automated_osu018_cookbook_final_fec_rot_7.gml,automated_osu018,cookbook,fec_rot_7
automated_osu018_trigonometric_functions_in_double_fpu_latest_final_cosine_lut.gml,automated_osu018,latest,cosine_lut
automated_osu018_fpga-median_latest_final_state_machi.gml,automated_osu018,latest,state_machi
automated_osu018_double_fpu_latest_final_fpu_exceptions.gml,automated_osu018,latest,fpu_exceptions
automated_osu018_orsoc_graphics_accelerator_final_gfx_cuvz.gml,automated_osu018,accelerator,gfx_cuvz
automated_osu018_openmsp430_latest_final_ogfx_reg_fifo.gml,automated_osu018,latest,ogfx_reg_fifo
automated_osu018_cookbook_final_gf_mult_by_a5.gml,automated_osu018,cookbook,gf_mult_by_a5
automated_osu018_mriscvcore_final_UTILITY.gml,automated_osu018,mriscvcore,UTILITY
automated_osu018_cookbook_final_twelve_four_comp.gml,automated_osu018,cookbook,twelve_four_comp
automated_osu018_openmsp430_latest_final_ogfx_if_lt24.gml,automated_osu018,latest,ogfx_if_lt24
automated_osu018_cookbook_final_gf_mult_by_7d.gml,automated_osu018,cookbook,gf_mult_by_7d
automated_osu018_rs_encoder_decoder_latest_final_GF8Mult9.gml,automated_osu018,latest,GF8Mult9
automated_osu018_cookbook_final_gf_mult_by_b9.gml,automated_osu018,cookbook,gf_mult_by_b9
automated_osu018_cookbook_final_gf_mult_by_72.gml,automated_osu018,cookbook,gf_mult_by_72
automated_osu018_ecg_latest_final_point_scalar_mult.gml,automated_osu018,latest,point_scalar_mult
automated_osu018_ecg_latest_final_f3_sub1.gml,automated_osu018,latest,f3_sub1
automated_osu018_cookbook_final_gf_mult_by_66.gml,automated_osu018,cookbook,gf_mult_by_66
automated_osu018_double_fpu_latest_final_fpu_round.gml,automated_osu018,latest,fpu_round
automated_osu018_amber_latest_final_eth_receivecontrol.gml,automated_osu018,latest,eth_receivecontrol
automated_osu018_gost28147-89_latest_final_gost89_pipelined_ecb_decrypt.gml,automated_osu018,latest,gost89_pipelined_ecb_decrypt
automated_osu018_AES-T200_final_S.gml,automated_osu018,AES-T200,S
automated_osu018_cookbook_final_gf_mult_by_99.gml,automated_osu018,cookbook,gf_mult_by_99
automated_osu018_rs_encoder_decoder_latest_final_GF8Mult213.gml,automated_osu018,latest,GF8Mult213
automated_osu018_iscas_final_s1196.gml,automated_osu018,iscas,s1196
automated_osu018_aes_highthroughput_lowarea_latest_final_mix_columns.gml,automated_osu018,latest,mix_columns
automated_osu018_aes-128_pipelined_encryption_latest_final_RoundKeyG.gml,automated_osu018,latest,RoundKeyG
automated_osu018_m32632_latest_final_RD_ALIGNER.gml,automated_osu018,latest,RD_ALIGNER
automated_osu018_rs_encoder_decoder_latest_final_GF8Mult207.gml,automated_osu018,latest,GF8Mult207
automated_osu018_sdr_ctrl_latest_final_sdrc_bank_ctl.gml,automated_osu018,latest,sdrc_bank_ctl
automated_osu018_xge_mac_latest_final_generic_mem_medium.gml,automated_osu018,latest,generic_mem_medium
automated_osu018_rs_encoder_decoder_latest_final_GF8Mult211.gml,automated_osu018,latest,GF8Mult211
automated_osu018_rs_encoder_decoder_latest_final_GF8Mult205.gml,automated_osu018,latest,GF8Mult205
automated_osu018_hight_latest_final_KEY_SCHED.gml,automated_osu018,latest,KEY_SCHED
automated_osu018_aes-128_pipelined_encryption_latest_final_AddRoundKey.gml,automated_osu018,latest,AddRoundKey
automated_osu018_cookbook_final_crc16_dat16_flat.gml,automated_osu018,cookbook,crc16_dat16_flat
automated_osu018_rs_encoder_decoder_latest_final_GF8Mult239.gml,automated_osu018,latest,GF8Mult239
automated_osu018_cookbook_final_uart.gml,automated_osu018,cookbook,uart
automated_osu018_cookbook_final_gf_mult_by_70.gml,automated_osu018,cookbook,gf_mult_by_70
automated_osu018_cookbook_final_gf_mult_by_aa.gml,automated_osu018,cookbook,gf_mult_by_aa
automated_osu018_cookbook_final_gf_mult_by_64.gml,automated_osu018,cookbook,gf_mult_by_64
automated_osu018_fpu_latest_final_mul_r2.gml,automated_osu018,latest,mul_r2
automated_osu018_cookbook_final_gf_mult_by_7f.gml,automated_osu018,cookbook,gf_mult_by_7f
automated_osu018_two_dimensional_fast_hartley_transform_latest_final_fht_1d_x8.gml,automated_osu018,latest,fht_1d_x8
automated_osu018_fpga-median_latest_final_common_network.gml,automated_osu018,latest,common_network
automated_osu018_cookbook_final_gf_mult_by_a7.gml,automated_osu018,cookbook,gf_mult_by_a7
automated_osu018_cookbook_final_gf_mult_by_58.gml,automated_osu018,cookbook,gf_mult_by_58
automated_osu018_iscas_final_ND3.gml,automated_osu018,iscas,ND3
automated_osu018_altor32_latest_final_altor32_lfu.gml,automated_osu018,latest,altor32_lfu
automated_osu018_turbo8051_latest_final_g_mii_intf.gml,automated_osu018,latest,g_mii_intf
automated_osu018_cookbook_final_eight_to_twenty.gml,automated_osu018,cookbook,eight_to_twenty
automated_osu018_m32632_latest_final_ex_in_reg.gml,automated_osu018,latest,ex_in_reg
automated_osu018_Aquarius_latest_final_sasc_fifo4.gml,automated_osu018,latest,sasc_fifo4
automated_osu018_cookbook_final_pipe_equal.gml,automated_osu018,cookbook,pipe_equal
automated_osu018_orsoc_graphics_accelerator_final_gfx_triangl.gml,automated_osu018,accelerator,gfx_triangl
automated_osu018_altor32_latest_final_intr_perip.gml,automated_osu018,latest,intr_perip
automated_osu018_m32632_latest_final_SP_FPU.gml,automated_osu018,latest,SP_FPU
automated_osu018_viterb_encoder_and_decoder_final_bmc001.gml,automated_osu018,decoder,bmc001
automated_osu018_openmsp430_latest_final_DAC121S101.gml,automated_osu018,latest,DAC121S101
automated_osu018_openmsp430_latest_final_ram.gml,automated_osu018,latest,ram
automated_osu018_Aquarius_latest_final_rom.gml,automated_osu018,latest,rom
automated_osu018_cookbook_final_fec_rot_5.gml,automated_osu018,cookbook,fec_rot_5
automated_osu018_amber_latest_final_eth_outputcontrol.gml,automated_osu018,latest,eth_outputcontrol
automated_osu018_cookbook_final_non_carry_add.gml,automated_osu018,cookbook,non_carry_add
automated_osu018_des-master_final_sbox8.gml,automated_osu018,des-master,sbox8
automated_osu018_tiny_aes_latest_final_table_lookup.gml,automated_osu018,latest,table_lookup
automated_osu018_AES-T100_final_T.gml,automated_osu018,AES-T100,T
automated_osu018_sha512-master_final_sha512_k_constants.gml,automated_osu018,sha512-master,sha512_k_constants
automated_osu018_rs_encoder_decoder_latest_final_GF8Mult167.gml,automated_osu018,latest,GF8Mult167
automated_osu018_numbert_sort_device_latest_final_VGA_Ctrl.gml,automated_osu018,latest,VGA_Ctrl
automated_osu018_reed_solomon_codec_generator_latest_final_RsDecodeTop.gml,automated_osu018,latest,RsDecodeTop
automated_osu018_rs_5_3_gf256_latest_final_RS_5_3_GF256.gml,automated_osu018,latest,RS_5_3_GF256
automated_osu018_mriscvcore_final_MULT.gml,automated_osu018,mriscvcore,MULT
automated_osu018_rs_encoder_decoder_latest_final_GF8Mult173.gml,automated_osu018,latest,GF8Mult173
automated_osu018_rs_encoder_decoder_latest_final_GF8Mult13.gml,automated_osu018,latest,GF8Mult13
automated_osu018_i2c_latest_final_i2c_master_bit_ctrl.gml,automated_osu018,latest,i2c_master_bit_ctrl
automated_osu018_ft816float_latest_final_fpMul_t.gml,automated_osu018,latest,fpMul_t
automated_osu018_aes-master_final_aes_decipher_block.gml,automated_osu018,aes-master,aes_decipher_block
automated_osu018_cookbook_final_crc24_dat64_flat.gml,automated_osu018,cookbook,crc24_dat64_flat
automated_osu018_sha3_latest_final_rconst2in1.gml,automated_osu018,latest,rconst2in1
automated_osu018_cookbook_final_fec_rot_29.gml,automated_osu018,cookbook,fec_rot_29
automated_osu018_pairing_latest_final_f3m_su.gml,automated_osu018,latest,f3m_su
automated_osu018_rs_encoder_decoder_latest_final_GF8Mult198.gml,automated_osu018,latest,GF8Mult198
automated_osu018_turbo8051_latest_final_spi_cor.gml,automated_osu018,latest,spi_cor
automated_osu018_cookbook_final_fec_rot_15.gml,automated_osu018,cookbook,fec_rot_15
automated_osu018_des-master_final_crp.gml,automated_osu018,des-master,crp
automated_osu018_cookbook_final_approx_fp_sqrt.gml,automated_osu018,cookbook,approx_fp_sqrt
automated_osu018_AES-T200_final_table_lookup.gml,automated_osu018,AES-T200,table_lookup
automated_osu018_RSA-CRYPTOSYSTEM-using-verilog-master_final_dff.gml,automated_osu018,RSA-CRYPTOSYSTEM-using-verilog-master,dff
automated_osu018_iscas_final_DFF.gml,automated_osu018,iscas,DFF
automated_osu018_m1_core_latest_final_async_fifo.gml,automated_osu018,latest,async_fifo
automated_osu018_ft816float_latest_final_fpDecompReg.gml,automated_osu018,latest,fpDecompReg
automated_osu018_trigonometric_functions_in_double_fpu_latest_final_dividor.gml,automated_osu018,latest,dividor
automated_osu018_m32632_latest_final_ICACHE.gml,automated_osu018,latest,ICACHE
automated_osu018_turbo8051_latest_final_oc8051_t.gml,automated_osu018,latest,oc8051_t
automated_osu018_minirisc_latest_final_mux8_1.gml,automated_osu018,latest,mux8_1
automated_osu018_double_fpu_latest_final_fpu_addsu.gml,automated_osu018,latest,fpu_addsu
automated_osu018_Aquarius_latest_final_mult.gml,automated_osu018,latest,mult
automated_osu018_8051_latest_final_oc8051_tc2.gml,automated_osu018,latest,oc8051_tc2
automated_osu018_amber_latest_final_eth_registers.gml,automated_osu018,latest,eth_registers
automated_osu018_a-z80_latest_final_data_swit.gml,automated_osu018,latest,data_swit
automated_osu018_cookbook_final_gearbox_32_33.gml,automated_osu018,cookbook,gearbox_32_33
automated_osu018_reed_solomon_codec_generator_latest_final_RsDecodeDelay.gml,automated_osu018,latest,RsDecodeDelay
automated_osu018_openmsp430_latest_final_omsp_sfr.gml,automated_osu018,latest,omsp_sfr
automated_osu018_a-z80_latest_final_uart.gml,automated_osu018,latest,uart
automated_osu018_turbo8051_latest_final_generic_intr_stat_reg.gml,automated_osu018,latest,generic_intr_stat_reg
automated_osu018_cookbook_final_crc24_dat64_only_flat.gml,automated_osu018,cookbook,crc24_dat64_only_flat
automated_osu018_ft816float_latest_final_cntlz32.gml,automated_osu018,latest,cntlz32
automated_osu018_sdr_ctrl_latest_final_BUFFER.gml,automated_osu018,latest,BUFFER
automated_osu018_cookbook_final_fec_rot_14.gml,automated_osu018,cookbook,fec_rot_14
automated_osu018_rs_encoder_decoder_latest_final_GF8Mult199.gml,automated_osu018,latest,GF8Mult199
automated_osu018_cookbook_final_fec_rot_28.gml,automated_osu018,cookbook,fec_rot_28
automated_osu018_cookbook_final_vga_driver.gml,automated_osu018,cookbook,vga_driver
automated_osu018_openmsp430_latest_final_ram_8x512_hi.gml,automated_osu018,latest,ram_8x512_hi
automated_osu018_aes-master_final_aes_inv_sbox.gml,automated_osu018,aes-master,aes_inv_sbox
automated_osu018_viterb_encoder_and_decoder_final_tbu.gml,automated_osu018,decoder,tbu
automated_osu018_rs_encoder_decoder_latest_final_GF8Mult12.gml,automated_osu018,latest,GF8Mult12
automated_osu018_cookbook_final_rx_buffer_fifo_2.gml,automated_osu018,cookbook,rx_buffer_fifo_2
automated_osu018_aes_core_latest_final_aes_cipher_top.gml,automated_osu018,latest,aes_cipher_top
automated_osu018_rs_encoder_decoder_latest_final_GF8Mult172.gml,automated_osu018,latest,GF8Mult172
automated_osu018_RSA-CRYPTOSYSTEM-using-verilog-master_final_mux.gml,automated_osu018,RSA-CRYPTOSYSTEM-using-verilog-master,mux
automated_osu018_rs_encoder_decoder_latest_final_GF8Mult166.gml,automated_osu018,latest,GF8Mult166
automated_osu018_sdr_ctrl_latest_final_sdrc_top.gml,automated_osu018,latest,sdrc_top
automated_osu018_configurable_crc_core_latest_final_crc_7.gml,automated_osu018,latest,crc_7
automated_osu018_fixed_point_arithmetic_parameterized_latest_final_qmult.gml,automated_osu018,latest,qmult
automated_osu018_m32632_latest_final_DCACHE_SM.gml,automated_osu018,latest,DCACHE_SM
automated_osu018_minirisc_latest_final_inc11.gml,automated_osu018,latest,inc11
automated_osu018_tiny_aes_latest_final_final_round.gml,automated_osu018,latest,final_round
automated_osu018_iscas_final_TX.gml,automated_osu018,iscas,TX
automated_osu018_cookbook_final_fec_rot_4.gml,automated_osu018,cookbook,fec_rot_4
automated_osu018_iscas_final_c5315.gml,automated_osu018,iscas,c5315
automated_osu018_cookbook_final_pipeline_add_ms.gml,automated_osu018,cookbook,pipeline_add_ms
automated_osu018_viterb_encoder_and_decoder_final_bmc000.gml,automated_osu018,decoder,bmc000
automated_osu018_sdr_ctrl_latest_final_sdrc_bank_fsm.gml,automated_osu018,latest,sdrc_bank_fsm
automated_osu018_iscas_final_ND2.gml,automated_osu018,iscas,ND2
automated_osu018_cookbook_final_gf_mult_by_59.gml,automated_osu018,cookbook,gf_mult_by_59
automated_osu018_cookbook_final_gf_mult_by_a6.gml,automated_osu018,cookbook,gf_mult_by_a6
automated_osu018_aes_decrypt_fpga_latest_final_MUXF8.gml,automated_osu018,latest,MUXF8
automated_osu018_altor32_latest_final_altor32_lsu.gml,automated_osu018,latest,altor32_lsu
automated_osu018_cookbook_final_gf_mult_by_65.gml,automated_osu018,cookbook,gf_mult_by_65
automated_osu018_cookbook_final_gf_mult_by_71.gml,automated_osu018,cookbook,gf_mult_by_71
automated_osu018_openmsp430_latest_final_rom_8x2k_hi.gml,automated_osu018,latest,rom_8x2k_hi
automated_osu018_rs_encoder_decoder_latest_final_GF8Mult238.gml,automated_osu018,latest,GF8Mult238
automated_osu018_iscas_final_BU.gml,automated_osu018,iscas,BU
automated_osu018_rs_encoder_decoder_latest_final_GF8Mult204.gml,automated_osu018,latest,GF8Mult204
automated_osu018_sha3_latest_final_rconst.gml,automated_osu018,latest,rconst
automated_osu018_apbtoaes128_latest_final_data_swap.gml,automated_osu018,latest,data_swap
automated_osu018_rs_encoder_decoder_latest_final_GF8Mult210.gml,automated_osu018,latest,GF8Mult210
automated_osu018_des-master_final_des3.gml,automated_osu018,des-master,des3
automated_osu018_systemcaes_latest_final_wb_aes_controller.gml,automated_osu018,latest,wb_aes_controller
automated_osu018_edge_latest_final_Edge_Cor.gml,automated_osu018,latest,Edge_Cor
automated_osu018_mesi_isc_final_mesi_isc_broad.gml,automated_osu018,isc,mesi_isc_broad
automated_osu018_reed_solomon_codec_generator_latest_final_RsEncodeTop.gml,automated_osu018,latest,RsEncodeTop
automated_osu018_two_dimensional_fast_hartley_transform_latest_final_signed_mult_const_asi.gml,automated_osu018,latest,signed_mult_const_asi
automated_osu018_cookbook_final_three_two_comp.gml,automated_osu018,cookbook,three_two_comp
automated_osu018_cookbook_final_gf_mult_by_f5.gml,automated_osu018,cookbook,gf_mult_by_f5
automated_osu018_cookbook_final_gf_mult_by_0d.gml,automated_osu018,cookbook,gf_mult_by_0d
automated_osu018_8051_latest_final_oc8051_b_register.gml,automated_osu018,latest,oc8051_b_register
automated_osu018_cookbook_final_ternary_sum_ni.gml,automated_osu018,cookbook,ternary_sum_ni
automated_osu018_cookbook_final_gf_mult_by_16.gml,automated_osu018,cookbook,gf_mult_by_16
automated_osu018_cookbook_final_gf_mult_by_e9.gml,automated_osu018,cookbook,gf_mult_by_e9
automated_osu018_cookbook_final_gf_mult_by_02.gml,automated_osu018,cookbook,gf_mult_by_02
automated_osu018_cookbook_final_sbox3.gml,automated_osu018,cookbook,sbox3
automated_osu018_tiny_tate_bilinear_pairing_latest_final_tiny.gml,automated_osu018,latest,tiny
automated_osu018_iscas_final_s349.gml,automated_osu018,iscas,s349
automated_osu018_turbo8051_latest_final_g_tx_fsm.gml,automated_osu018,latest,g_tx_fsm
automated_osu018_xge_mac_latest_final_sync_clk_xgmii_tx.gml,automated_osu018,latest,sync_clk_xgmii_tx
automated_osu018_edge_latest_final_reset_logi.gml,automated_osu018,latest,reset_logi
automated_osu018_viterb_encoder_and_decoder_final_mem_disp.gml,automated_osu018,decoder,mem_disp
automated_osu018_hight_latest_final_HIGHT_CORE_TOP.gml,automated_osu018,latest,HIGHT_CORE_TOP
automated_osu018_rsencoder_latest_final_FF.gml,automated_osu018,latest,FF
automated_osu018_rs_encoder_decoder_latest_final_GF8Mult75.gml,automated_osu018,latest,GF8Mult75
automated_osu018_openmsp430_latest_final_omsp_sync_reset.gml,automated_osu018,latest,omsp_sync_reset
automated_osu018_cookbook_final_error_loc_poly_roots.gml,automated_osu018,cookbook,error_loc_poly_roots
automated_osu018_BLAKE_final_BLAKE_TOP.gml,automated_osu018,BLAKE,BLAKE_TOP
automated_osu018_rs_encoder_decoder_latest_final_GF8Mult129.gml,automated_osu018,latest,GF8Mult129
automated_osu018_rs_encoder_decoder_latest_final_GF8Mult61.gml,automated_osu018,latest,GF8Mult61
automated_osu018_rs_encoder_decoder_latest_final_GF8Mult49.gml,automated_osu018,latest,GF8Mult49
automated_osu018_rs_encoder_decoder_latest_final_GF8Mult101.gml,automated_osu018,latest,GF8Mult101
automated_osu018_AES-T1000_final_S.gml,automated_osu018,AES-T1000,S
automated_osu018_rs_encoder_decoder_latest_final_GF8Mult115.gml,automated_osu018,latest,GF8Mult115
automated_osu018_cookbook_final_chain_delay_adjust.gml,automated_osu018,cookbook,chain_delay_adjust
automated_osu018_des_latest_final_sbox8.gml,automated_osu018,latest,sbox8
automated_osu018_rtf8088_latest_final_evaluate_bra.gml,automated_osu018,latest,evaluate_bra
automated_osu018_turbo8051_latest_final_g_cfg_mgmt.gml,automated_osu018,latest,g_cfg_mgmt
automated_osu018_jt51_latest_final_jt51_lfo_lfsr.gml,automated_osu018,latest,jt51_lfo_lfsr
automated_osu018_cookbook_final_system_timer.gml,automated_osu018,cookbook,system_timer
automated_osu018_turbo8051_latest_final_oc8051_memory_interfa.gml,automated_osu018,latest,oc8051_memory_interfa
automated_osu018_des_latest_final_key_sel3.gml,automated_osu018,latest,key_sel3
automated_osu018_aes-encryption_latest_final_aes_cipher_top.gml,automated_osu018,latest,aes_cipher_top
automated_osu018_openmsp430_latest_final_cyclonev_io_ibuf.gml,automated_osu018,latest,cyclonev_io_ibuf
automated_osu018_openmsp430_latest_final_omsp_dbg.gml,automated_osu018,latest,omsp_dbg
automated_osu018_m1_core_latest_final_ps2_top.gml,automated_osu018,latest,ps2_top
automated_osu018_openmsp430_latest_final_omsp_and_gat.gml,automated_osu018,latest,omsp_and_gat
automated_osu018_Aquarius_latest_final_cpu.gml,automated_osu018,latest,cpu
automated_osu018_8051_latest_final_oc8051_uart.gml,automated_osu018,latest,oc8051_uart
automated_osu018_fpga-median_latest_final_nod.gml,automated_osu018,latest,nod
automated_osu018_8051_latest_final_oc8051_ports.gml,automated_osu018,latest,oc8051_ports
automated_osu018_openmsp430_latest_final_spartan3a_dmem.gml,automated_osu018,latest,spartan3a_dmem
automated_osu018_orsoc_graphics_accelerator_final_gfx_wbs.gml,automated_osu018,accelerator,gfx_wbs
automated_osu018_cookbook_final_gf_mult_by_6.gml,automated_osu018,cookbook,gf_mult_by_6
automated_osu018_cavlc_latest_final_cavlc_read_run_befores.gml,automated_osu018,latest,cavlc_read_run_befores
automated_osu018_minirisc_latest_final_xilinx_mux2_7.gml,automated_osu018,latest,xilinx_mux2_7
automated_osu018_reed_solomon_decoder_latest_final_out_stag.gml,automated_osu018,latest,out_stag
automated_osu018_amber_latest_final_eth_random.gml,automated_osu018,latest,eth_random
automated_osu018_apbtoaes128_latest_final_shift_rows.gml,automated_osu018,latest,shift_rows
automated_osu018_rs_encoder_decoder_latest_final_GF8SigmaAdder8t.gml,automated_osu018,latest,GF8SigmaAdder8t
automated_osu018_siphash-master_final_siphas.gml,automated_osu018,siphash-master,siphas
automated_osu018_mriscvcore_final_ALU_xor.gml,automated_osu018,mriscvcore,ALU_xor
automated_osu018_cookbook_final_error_loc_poly_round_multi_step.gml,automated_osu018,cookbook,error_loc_poly_round_multi_step
automated_osu018_a-z80_latest_final_alu_mux_8.gml,automated_osu018,latest,alu_mux_8
automated_osu018_cookbook_final_pn2112_tabl.gml,automated_osu018,cookbook,pn2112_tabl
automated_osu018_cookbook_final_gf_mult_by_7.gml,automated_osu018,cookbook,gf_mult_by_7
automated_osu018_jt51_latest_final_jt51_envelop.gml,automated_osu018,latest,jt51_envelop
automated_osu018_cookbook_final_gearbox_67_40.gml,automated_osu018,cookbook,gearbox_67_40
automated_osu018_pairing_latest_final_f3_mult.gml,automated_osu018,latest,f3_mult
automated_osu018_epfl_final_top.gml,automated_osu018,epfl,top
automated_osu018_fpu_latest_final_except.gml,automated_osu018,latest,except
automated_osu018_cookbook_final_gf_mult_by_a.gml,automated_osu018,cookbook,gf_mult_by_a
automated_osu018_apbtoaes128_latest_final_aes_cor.gml,automated_osu018,latest,aes_cor
automated_osu018_sdr_ctrl_latest_final_sdrc_xfr_ctl.gml,automated_osu018,latest,sdrc_xfr_ctl
automated_osu018_m32632_latest_final_IO_SWITCH.gml,automated_osu018,latest,IO_SWITCH
automated_osu018_aes_core_latest_final_aes_rco.gml,automated_osu018,latest,aes_rco
automated_osu018_mem_ctrl_latest_final_mc_timing.gml,automated_osu018,latest,mc_timing
automated_osu018_cookbook_final_bus_mux.gml,automated_osu018,cookbook,bus_mux
automated_osu018_reed_solomon_decoder_latest_final_RS_d.gml,automated_osu018,latest,RS_d
automated_osu018_iscas_final_c1908.gml,automated_osu018,iscas,c1908
automated_osu018_cookbook_final_two_to_o.gml,automated_osu018,cookbook,two_to_o
automated_osu018_rs_decoder_31_19_6_latest_final_degree5_cell.gml,automated_osu018,latest,degree5_cell
automated_osu018_minirisc_latest_final_mux2_11.gml,automated_osu018,latest,mux2_11
automated_osu018_Aquarius_latest_final_mem.gml,automated_osu018,latest,mem
automated_osu018_cookbook_final_thirtysix_six_comp.gml,automated_osu018,cookbook,thirtysix_six_comp
automated_osu018_rs_encoder_decoder_latest_final_GF8Mult114.gml,automated_osu018,latest,GF8Mult114
automated_osu018_rs_encoder_decoder_latest_final_GF8Mult100.gml,automated_osu018,latest,GF8Mult100
automated_osu018_rs_encoder_decoder_latest_final_GF8Mult48.gml,automated_osu018,latest,GF8Mult48
automated_osu018_rs_decoder_31_19_6_latest_final_degree4_cell.gml,automated_osu018,latest,degree4_cell
automated_osu018_reed_solomon_codec_generator_latest_final_RsDecodeChi.gml,automated_osu018,latest,RsDecodeChi
automated_osu018_rs_encoder_decoder_latest_final_GF8Mult60.gml,automated_osu018,latest,GF8Mult60
automated_osu018_rs_encoder_decoder_latest_final_GF8Mult128.gml,automated_osu018,latest,GF8Mult128
automated_osu018_AES-T200_final_TSC.gml,automated_osu018,AES-T200,TSC
automated_osu018_cookbook_final_round.gml,automated_osu018,cookbook,round
automated_osu018_csa_latest_final_led_cnt.gml,automated_osu018,latest,led_cnt
automated_osu018_cookbook_final_cordi.gml,automated_osu018,cookbook,cordi
automated_osu018_two_dimensional_fast_hartley_transform_latest_final_dpsram_128x16.gml,automated_osu018,latest,dpsram_128x16
automated_osu018_rs_encoder_decoder_latest_final_GF8Mult74.gml,automated_osu018,latest,GF8Mult74
automated_osu018_jt51_latest_final_jt51_pm.gml,automated_osu018,latest,jt51_pm
automated_osu018_Lightweight-Threshold-Implementations-master_final_serial_simo.gml,automated_osu018,Lightweight-Threshold-Implementations-master,serial_simo
automated_osu018_mriscvcore_final_ALU_beq.gml,automated_osu018,mriscvcore,ALU_beq
automated_osu018_cookbook_final_crc16_dat24_flat.gml,automated_osu018,cookbook,crc16_dat24_flat
automated_osu018_tiny_aes_latest_final_T.gml,automated_osu018,latest,T
automated_osu018_mips_16_latest_final_mips_16_core_top.gml,automated_osu018,latest,mips_16_core_top
automated_osu018_priority_encoder_latest_final_bitsca.gml,automated_osu018,latest,bitsca
automated_osu018_m32632_latest_final_DCACHE.gml,automated_osu018,latest,DCACHE
automated_osu018_m1_core_latest_final_ps2_keyboard.gml,automated_osu018,latest,ps2_keyboard
automated_osu018_cookbook_final_bin_to_ascii.gml,automated_osu018,cookbook,bin_to_ascii
automated_osu018_m32632_latest_final_DRAMIF.gml,automated_osu018,latest,DRAMIF
automated_osu018_openmsp430_latest_final_spartan3a_pmem.gml,automated_osu018,latest,spartan3a_pmem
automated_osu018_cookbook_final_ternary_add.gml,automated_osu018,cookbook,ternary_add
automated_osu018_mesi_isc_final_mesi_isc_breq_fifos.gml,automated_osu018,isc,mesi_isc_breq_fifos
automated_osu018_turbo8051_latest_final_oc8051_indi_addr.gml,automated_osu018,latest,oc8051_indi_addr
automated_osu018_xge_mac_latest_final_generic_fifo_ctrl.gml,automated_osu018,latest,generic_fifo_ctrl
automated_osu018_cookbook_final_sbox2.gml,automated_osu018,cookbook,sbox2
automated_osu018_cookbook_final_gf_mult_by_e8.gml,automated_osu018,cookbook,gf_mult_by_e8
automated_osu018_cookbook_final_gf_mult_by_03.gml,automated_osu018,cookbook,gf_mult_by_03
automated_osu018_cookbook_final_gf_mult_by_17.gml,automated_osu018,cookbook,gf_mult_by_17
automated_osu018_gcm-aes_latest_final_aes_cipher_top.gml,automated_osu018,latest,aes_cipher_top
automated_osu018_cookbook_final_gf_mult_by_f4.gml,automated_osu018,cookbook,gf_mult_by_f4
automated_osu018_altor32_latest_final_cpu.gml,automated_osu018,latest,cpu
automated_osu018_cookbook_final_gf_mult_by_1a.gml,automated_osu018,cookbook,gf_mult_by_1a
automated_osu018_edge_latest_final_Coprocessor0.gml,automated_osu018,latest,Coprocessor0
automated_osu018_cookbook_final_ecc_raw_data_32bit.gml,automated_osu018,cookbook,ecc_raw_data_32bit
automated_osu018_cookbook_final_crc32_dat96_flat.gml,automated_osu018,cookbook,crc32_dat96_flat
automated_osu018_rs_encoder_decoder_latest_final_GF8Mult248.gml,automated_osu018,latest,GF8Mult248
automated_osu018_tiny_aes_latest_final_S4.gml,automated_osu018,latest,S4
automated_osu018_cookbook_final_gf_mult_by_f6.gml,automated_osu018,cookbook,gf_mult_by_f6
automated_osu018_gost28147-89_latest_final_gost89_ma.gml,automated_osu018,latest,gost89_ma
automated_osu018_pairing_latest_final_f36m_cubi.gml,automated_osu018,latest,f36m_cubi
automated_osu018_iscas_final_IV.gml,automated_osu018,iscas,IV
automated_osu018_iscas_final_s9234.gml,automated_osu018,iscas,s9234
automated_osu018_cookbook_final_gf_mult_by_29.gml,automated_osu018,cookbook,gf_mult_by_29
automated_osu018_cookbook_final_gf_mult_by_01.gml,automated_osu018,cookbook,gf_mult_by_01
automated_osu018_Lightweight-Threshold-Implementations-master_final_share_roundTI.gml,automated_osu018,Lightweight-Threshold-Implementations-master,share_roundTI
automated_osu018_cookbook_final_gf_mult_by_15.gml,automated_osu018,cookbook,gf_mult_by_15
automated_osu018_edge_latest_final_shifter_right_logical.gml,automated_osu018,latest,shifter_right_logical
automated_osu018_amber_latest_final_eth_macstatus.gml,automated_osu018,latest,eth_macstatus
automated_osu018_cookbook_final_sbox0.gml,automated_osu018,cookbook,sbox0
automated_osu018_chacha-master_final_chacha_qr.gml,automated_osu018,chacha-master,chacha_qr
automated_osu018_minirisc_latest_final_inc8.gml,automated_osu018,latest,inc8
automated_osu018_verilog_fixed_point_math_library_latest_final_qadd.gml,automated_osu018,latest,qadd
automated_osu018_pairing_latest_final_f3m_i.gml,automated_osu018,latest,f3m_i
automated_osu018_rs_encoder_decoder_latest_final_GF8Add.gml,automated_osu018,latest,GF8Add
automated_osu018_cookbook_final_mix_columns.gml,automated_osu018,cookbook,mix_columns
automated_osu018_m32632_latest_final_DIVI_PREP.gml,automated_osu018,latest,DIVI_PREP
automated_osu018_ecg_latest_final_point_add.gml,automated_osu018,latest,point_add
automated_osu018_present_encryptor_latest_final_sbox.gml,automated_osu018,latest,sbox
automated_osu018_openmsp430_latest_final_omsp_dbg_hwbrk.gml,automated_osu018,latest,omsp_dbg_hwbrk
automated_osu018_cookbook_final_gf_mult_by_.gml,automated_osu018,cookbook,gf_mult_by_
automated_osu018_cookbook_final_initial_permut.gml,automated_osu018,cookbook,initial_permut
automated_osu018_cookbook_final_enc_64_67.gml,automated_osu018,cookbook,enc_64_67
automated_osu018_rs_encoder_decoder_latest_final_GF8Mult62.gml,automated_osu018,latest,GF8Mult62
automated_osu018_viterb_encoder_and_decoder_final_bmc110.gml,automated_osu018,decoder,bmc110
automated_osu018_rs_encoder_decoder_latest_final_GF8Mult76.gml,automated_osu018,latest,GF8Mult76
automated_osu018_8051_latest_final_oc8051_cache_ram.gml,automated_osu018,latest,oc8051_cache_ram
automated_osu018_rs_encoder_decoder_latest_final_GF8Mult116.gml,automated_osu018,latest,GF8Mult116
automated_osu018_systemcaes_latest_final_keysched.gml,automated_osu018,latest,keysched
automated_osu018_rs_encoder_decoder_latest_final_GF8Mult102.gml,automated_osu018,latest,GF8Mult102
automated_osu018_rs_encoder_decoder_latest_final_GF8SyndromBuffer.gml,automated_osu018,latest,GF8SyndromBuffer
automated_osu018_amber_latest_final_boot_mem128.gml,automated_osu018,latest,boot_mem128
automated_osu018_rs_encoder_decoder_latest_final_GF8Mult89.gml,automated_osu018,latest,GF8Mult89
automated_osu018_minirisc_latest_final_xilinx_add_sub8_co.gml,automated_osu018,latest,xilinx_add_sub8_co
automated_osu018_iscas_final_Circuit74283.gml,automated_osu018,iscas,Circuit74283
automated_osu018_uart-master_final_uart_cor.gml,automated_osu018,uart-master,uart_cor
automated_osu018_simon_core_latest_final_simon_datapath_shiftreg.gml,automated_osu018,latest,simon_datapath_shiftreg
automated_osu018_cookbook_final_ecc_decode_2bit.gml,automated_osu018,cookbook,ecc_decode_2bit
automated_osu018_mips_16_latest_final_ID_stag.gml,automated_osu018,latest,ID_stag
automated_osu018_ecg_latest_final_func8.gml,automated_osu018,latest,func8
automated_osu018_cookbook_final_gf_mult_by_5.gml,automated_osu018,cookbook,gf_mult_by_5
automated_osu018_Lightweight-Threshold-Implementations-master_final_shar.gml,automated_osu018,Lightweight-Threshold-Implementations-master,shar
automated_osu018_m32632_latest_final_ADDR_UNIT.gml,automated_osu018,latest,ADDR_UNIT
automated_osu018_edge_latest_final_shifter_right_arithmeti.gml,automated_osu018,latest,shifter_right_arithmeti
automated_osu018_cookbook_final_fn_.gml,automated_osu018,cookbook,fn_
automated_osu018_uart-master_final_uart.gml,automated_osu018,uart-master,uart
automated_osu018_cookbook_final_crc32_dat112_flat.gml,automated_osu018,cookbook,crc32_dat112_flat
automated_osu018_mem_ctrl_latest_final_mc_adr_sel.gml,automated_osu018,latest,mc_adr_sel
automated_osu018_cookbook_final_buf_3to2.gml,automated_osu018,cookbook,buf_3to2
automated_osu018_minirisc_latest_final_cmp8_eq.gml,automated_osu018,latest,cmp8_eq
automated_osu018_cavlc_latest_final_cavlc_top.gml,automated_osu018,latest,cavlc_top
automated_osu018_openmsp430_latest_final_omsp_frontend.gml,automated_osu018,latest,omsp_frontend
automated_osu018_ft816float_latest_final_fpCompare_t.gml,automated_osu018,latest,fpCompare_t
automated_osu018_cookbook_final_ecc_raw_data_16bit.gml,automated_osu018,cookbook,ecc_raw_data_16bit
automated_osu018_orsoc_graphics_accelerator_final_gfx_wbm_read.gml,automated_osu018,accelerator,gfx_wbm_read
automated_osu018_Aquarius_latest_final_sys.gml,automated_osu018,latest,sys
automated_osu018_sha512-master_final_sha512_w_mem.gml,automated_osu018,sha512-master,sha512_w_mem
automated_osu018_orsoc_graphics_accelerator_final_gfx_wbm_read_arbiter.gml,automated_osu018,accelerator,gfx_wbm_read_arbiter
automated_osu018_ecg_latest_final_f3m_neg.gml,automated_osu018,latest,f3m_neg
automated_osu018_cookbook_final_gf_mult_by_4.gml,automated_osu018,cookbook,gf_mult_by_4
automated_osu018_ecg_latest_final_func9.gml,automated_osu018,latest,func9
automated_osu018_m32632_latest_final_SIGNMUL.gml,automated_osu018,latest,SIGNMUL
automated_osu018_edge_latest_final_hazard_unit.gml,automated_osu018,latest,hazard_unit
automated_osu018_fixed_point_arithmetic_parameterized_latest_final_qtwosComp.gml,automated_osu018,latest,qtwosComp
automated_osu018_a-z80_latest_final_resets.gml,automated_osu018,latest,resets
automated_osu018_rs_encoder_decoder_latest_final_GF8Mult88.gml,automated_osu018,latest,GF8Mult88
automated_osu018_aes_highthroughput_lowarea_latest_final_MULB.gml,automated_osu018,latest,MULB
automated_osu018_cookbook_final_chain_delay_rand.gml,automated_osu018,cookbook,chain_delay_rand
automated_osu018_Lightweight-Threshold-Implementations-master_final_key_shar.gml,automated_osu018,Lightweight-Threshold-Implementations-master,key_shar
automated_osu018_BLAKE_final_CSA.gml,automated_osu018,BLAKE,CSA
automated_osu018_altor32_latest_final_soc_pif8.gml,automated_osu018,latest,soc_pif8
automated_osu018_openmsp430_latest_final_in_buf_iobuf_in_v0i.gml,automated_osu018,latest,in_buf_iobuf_in_v0i
automated_osu018_cookbook_final_mask_32.gml,automated_osu018,cookbook,mask_32
automated_osu018_cookbook_final_descrambler.gml,automated_osu018,cookbook,descrambler
automated_osu018_ft816float_latest_final_cntlo64.gml,automated_osu018,latest,cntlo64
automated_osu018_rs_encoder_decoder_latest_final_GF8Mult103.gml,automated_osu018,latest,GF8Mult103
automated_osu018_rs_encoder_decoder_latest_final_GF8Mult117.gml,automated_osu018,latest,GF8Mult117
automated_osu018_viterb_encoder_and_decoder_final_bmc111.gml,automated_osu018,decoder,bmc111
automated_osu018_rs_encoder_decoder_latest_final_GF8Mult77.gml,automated_osu018,latest,GF8Mult77
automated_osu018_rs_encoder_decoder_latest_final_GF8Mult63.gml,automated_osu018,latest,GF8Mult63
automated_osu018_cookbook_final_crc32c_dat32_flat.gml,automated_osu018,cookbook,crc32c_dat32_flat
automated_osu018_openmsp430_latest_final_openGFX430.gml,automated_osu018,latest,openGFX430
automated_osu018_iscas_final_FD1S2.gml,automated_osu018,iscas,FD1S2
automated_osu018_cookbook_final_crc24_zer64_flat.gml,automated_osu018,cookbook,crc24_zer64_flat
automated_osu018_orsoc_graphics_accelerator_final_bresenham_li.gml,automated_osu018,accelerator,bresenham_li
automated_osu018_iscas_final_s1494.gml,automated_osu018,iscas,s1494
automated_osu018_cookbook_final_reed_sol_tx.gml,automated_osu018,cookbook,reed_sol_tx
automated_osu018_cookbook_final_sbox1.gml,automated_osu018,cookbook,sbox1
automated_osu018_cookbook_final_addsu.gml,automated_osu018,cookbook,addsu
automated_osu018_openmsp430_latest_final_omsp_dbg_uart.gml,automated_osu018,latest,omsp_dbg_uart
automated_osu018_dpll-isdn_latest_final_freqdivider.gml,automated_osu018,latest,freqdivider
automated_osu018_cookbook_final_gf_mult_by_14.gml,automated_osu018,cookbook,gf_mult_by_14
automated_osu018_dpll-isdn_latest_final_randomwalkfilter.gml,automated_osu018,latest,randomwalkfilter
automated_osu018_turbo8051_latest_final_g_eth_parser.gml,automated_osu018,latest,g_eth_parser
automated_osu018_iscas_final_s820.gml,automated_osu018,iscas,s820
automated_osu018_cookbook_final_gf_mult_by_fa.gml,automated_osu018,cookbook,gf_mult_by_fa
automated_osu018_AES-T1000_final_table_lookup.gml,automated_osu018,AES-T1000,table_lookup
automated_osu018_openmsp430_latest_final_dac_spi_if.gml,automated_osu018,latest,dac_spi_if
automated_osu018_amber_latest_final_eth_shiftreg.gml,automated_osu018,latest,eth_shiftreg
automated_osu018_cookbook_final_gf_mult_by_28.gml,automated_osu018,cookbook,gf_mult_by_28
automated_osu018_rs_5_3_gf256_latest_final_gf256mult.gml,automated_osu018,latest,gf256mult
automated_osu018_cookbook_final_gf_mult_by_0f.gml,automated_osu018,cookbook,gf_mult_by_0f
automated_osu018_cookbook_final_gf_mult_by_f7.gml,automated_osu018,cookbook,gf_mult_by_f7
automated_osu018_fpu_latest_final_pre_norm.gml,automated_osu018,latest,pre_norm
automated_osu018_turbo8051_latest_final_req_register.gml,automated_osu018,latest,req_register
automated_osu018_cookbook_final_bin_to_gray.gml,automated_osu018,cookbook,bin_to_gray
automated_osu018_openmsp430_latest_final_openMSP430_fpga.gml,automated_osu018,latest,openMSP430_fpga
automated_osu018_a-z80_latest_final_data_switch_mask.gml,automated_osu018,latest,data_switch_mask
automated_osu018_cookbook_final_crc32_dat72_flat.gml,automated_osu018,cookbook,crc32_dat72_flat
automated_osu018_crcahb_latest_final_crc_unit.gml,automated_osu018,latest,crc_unit
automated_osu018_rs_encoder_decoder_latest_final_GF8Mult249.gml,automated_osu018,latest,GF8Mult249
automated_osu018_minirisc_latest_final_glbl.gml,automated_osu018,latest,glbl
automated_osu018_orsoc_graphics_accelerator_final_gfx_blender.gml,automated_osu018,accelerator,gfx_blender
automated_osu018_cookbook_final_tx_4channel_arbiter.gml,automated_osu018,cookbook,tx_4channel_arbiter
automated_osu018_8051_latest_final_disp.gml,automated_osu018,latest,disp
automated_osu018_openmsp430_latest_final_ogfx_gpu_dma.gml,automated_osu018,latest,ogfx_gpu_dma
automated_osu018_Aquarius_latest_final_pio.gml,automated_osu018,latest,pio
automated_osu018_cookbook_final_fn_maj.gml,automated_osu018,cookbook,fn_maj
automated_osu018_cookbook_final_cntr_modulus_la.gml,automated_osu018,cookbook,cntr_modulus_la
automated_osu018_rs_encoder_decoder_latest_final_GF8GenMult.gml,automated_osu018,latest,GF8GenMult
automated_osu018_aes_core_latest_final_aes_inv_sbox.gml,automated_osu018,latest,aes_inv_sbox
automated_osu018_cookbook_final_gf_mult_by_04.gml,automated_osu018,cookbook,gf_mult_by_04
automated_osu018_cookbook_final_gf_mult_by_10.gml,automated_osu018,cookbook,gf_mult_by_10
automated_osu018_8051_latest_final_oc8051_cy_select.gml,automated_osu018,latest,oc8051_cy_select
automated_osu018_cookbook_final_gf_mult_by_f3.gml,automated_osu018,cookbook,gf_mult_by_f3
automated_osu018_cookbook_final_gf_mult_by_38.gml,automated_osu018,cookbook,gf_mult_by_38
automated_osu018_cookbook_final_gf_mult_by_1f.gml,automated_osu018,cookbook,gf_mult_by_1f
automated_osu018_openmsp430_latest_final_spartan3adsp_dmem.gml,automated_osu018,latest,spartan3adsp_dmem
automated_osu018_gng_latest_final_gng_smul_16_18.gml,automated_osu018,latest,gng_smul_16_18
automated_osu018_turbo8051_latest_final_oc8051_sfr.gml,automated_osu018,latest,oc8051_sfr
automated_osu018_hight_latest_final_WF.gml,automated_osu018,latest,WF
automated_osu018_cookbook_final_sbox5.gml,automated_osu018,cookbook,sbox5
automated_osu018_openmsp430_latest_final_ogfx_backend_lut_fifo.gml,automated_osu018,latest,ogfx_backend_lut_fifo
automated_osu018_present_encryptor_latest_final_sub_per.gml,automated_osu018,latest,sub_per
automated_osu018_rs_encoder_decoder_latest_final_GF8Fir8t.gml,automated_osu018,latest,GF8Fir8t
automated_osu018_tiny_aes_latest_final_S.gml,automated_osu018,latest,S
automated_osu018_turbo8051_latest_final_uart_rxfsm.gml,automated_osu018,latest,uart_rxfsm
automated_osu018_SHA_final_SHA256_CORE.gml,automated_osu018,SHA,SHA256_CORE
automated_osu018_aes-encryption_latest_final_aes_sbox.gml,automated_osu018,latest,aes_sbox
automated_osu018_m32632_latest_final_PREPDATA.gml,automated_osu018,latest,PREPDATA
automated_osu018_rs_encoder_decoder_latest_final_GF8Mult113.gml,automated_osu018,latest,GF8Mult113
automated_osu018_fpu_latest_final_delay2.gml,automated_osu018,latest,delay2
automated_osu018_rs_encoder_decoder_latest_final_GF8Mult107.gml,automated_osu018,latest,GF8Mult107
automated_osu018_viterb_encoder_and_decoder_final_bmc101.gml,automated_osu018,decoder,bmc101
automated_osu018_m32632_latest_final_FFS_LOGIK.gml,automated_osu018,latest,FFS_LOGIK
automated_osu018_AES-T100_final_top.gml,automated_osu018,AES-T100,top
automated_osu018_rs_encoder_decoder_latest_final_GF8Mult67.gml,automated_osu018,latest,GF8Mult67
automated_osu018_ft816float_latest_final_cntlo48.gml,automated_osu018,latest,cntlo48
automated_osu018_rs_encoder_decoder_latest_final_GF8Mult73.gml,automated_osu018,latest,GF8Mult73
automated_osu018_rs_encoder_decoder_latest_final_GF8Mult98.gml,automated_osu018,latest,GF8Mult98
automated_osu018_openmsp430_latest_final_ram_16x1k_sp.gml,automated_osu018,latest,ram_16x1k_sp
automated_osu018_SHA_final_SHA256_INTERFACE.gml,automated_osu018,SHA,SHA256_INTERFACE
automated_osu018_cookbook_final_gf_invers.gml,automated_osu018,cookbook,gf_invers
automated_osu018_cookbook_final_gf_mult_by_0.gml,automated_osu018,cookbook,gf_mult_by_0
automated_osu018_mriscvcore_final_ALU_and.gml,automated_osu018,mriscvcore,ALU_and
automated_osu018_openmsp430_latest_final_omsp_mem_backbo.gml,automated_osu018,latest,omsp_mem_backbo
automated_osu018_cookbook_final_equal_const.gml,automated_osu018,cookbook,equal_const
automated_osu018_cookbook_final_gf_mult_by_f.gml,automated_osu018,cookbook,gf_mult_by_f
automated_osu018_amber_latest_final_afifo.gml,automated_osu018,latest,afifo
automated_osu018_8051_latest_final_oc8051_sp.gml,automated_osu018,latest,oc8051_sp
automated_osu018_Lightweight-Threshold-Implementations-master_final_data_share2.gml,automated_osu018,Lightweight-Threshold-Implementations-master,data_share2
automated_osu018_mips_16_latest_final_data_mem.gml,automated_osu018,latest,data_mem
automated_osu018_two_dimensional_fast_hartley_transform_latest_final_fht_bfly_noFF.gml,automated_osu018,latest,fht_bfly_noFF
automated_osu018_openmsp430_latest_final_ogfx_gpu_reg.gml,automated_osu018,latest,ogfx_gpu_reg
automated_osu018_edge_latest_final_alu.gml,automated_osu018,latest,alu
automated_osu018_pairing_latest_final_f3m_ni.gml,automated_osu018,latest,f3m_ni
automated_osu018_aes-128_pipelined_encryption_latest_final_MixColumns.gml,automated_osu018,latest,MixColumns
automated_osu018_edge_latest_final_shift_unit.gml,automated_osu018,latest,shift_unit
automated_osu018_turbo8051_latest_final_toggle_sy.gml,automated_osu018,latest,toggle_sy
automated_osu018_openmsp430_latest_final_spartan3adsp_pmem.gml,automated_osu018,latest,spartan3adsp_pmem
automated_osu018_mem_ctrl_latest_final_mc_rf.gml,automated_osu018,latest,mc_rf
automated_osu018_ft816float_latest_final_cntlz64Reg.gml,automated_osu018,latest,cntlz64Reg
automated_osu018_cookbook_final_syndrome_round.gml,automated_osu018,cookbook,syndrome_round
automated_osu018_m32632_latest_final_ex_out_reg.gml,automated_osu018,latest,ex_out_reg
automated_osu018_cookbook_final_rand_test.gml,automated_osu018,cookbook,rand_test
automated_osu018_cookbook_final_gf_mult_by_1.gml,automated_osu018,cookbook,gf_mult_by_1
automated_osu018_aes_core_latest_final_aes_inv_cipher_top.gml,automated_osu018,latest,aes_inv_cipher_top
automated_osu018_hight_latest_final_CRYPTO_PATH.gml,automated_osu018,latest,CRYPTO_PATH
automated_osu018_cpu8080_latest_final_cpu8080.gml,automated_osu018,latest,cpu8080
automated_osu018_cookbook_final_crc24_zer64x3_flat.gml,automated_osu018,cookbook,crc24_zer64x3_flat
automated_osu018_cookbook_final_crc16_dat32_flat.gml,automated_osu018,cookbook,crc16_dat32_flat
automated_osu018_cookbook_final_crc24_zer64x2_flat.gml,automated_osu018,cookbook,crc24_zer64x2_flat
automated_osu018_AES-T1000_final_lfsr_counter.gml,automated_osu018,AES-T1000,lfsr_counter
automated_osu018_rs_encoder_decoder_latest_final_GF8Mult99.gml,automated_osu018,latest,GF8Mult99
automated_osu018_rs_encoder_decoder_latest_final_GF8Mult72.gml,automated_osu018,latest,GF8Mult72
automated_osu018_amber_latest_final_eth_rxaddrcheck.gml,automated_osu018,latest,eth_rxaddrcheck
automated_osu018_openmsp430_latest_final_DE0_NANO_SOC_Default.gml,automated_osu018,latest,DE0_NANO_SOC_Default
automated_osu018_viterb_encoder_and_decoder_final_bmc100.gml,automated_osu018,decoder,bmc100
automated_osu018_rs_encoder_decoder_latest_final_GF8Mult66.gml,automated_osu018,latest,GF8Mult66
automated_osu018_rs_encoder_decoder_latest_final_GF8Mult106.gml,automated_osu018,latest,GF8Mult106
automated_osu018_fpu_latest_final_delay3.gml,automated_osu018,latest,delay3
automated_osu018_AES-T1000_final_T.gml,automated_osu018,AES-T1000,T
automated_osu018_cookbook_final_cntr_upd.gml,automated_osu018,cookbook,cntr_upd
automated_osu018_rs_encoder_decoder_latest_final_GF8Mult112.gml,automated_osu018,latest,GF8Mult112
automated_osu018_c7552-NS5150_final_AntiSAT.gml,automated_osu018,c7552-NS5150,AntiSAT
automated_osu018_Lightweight-Threshold-Implementations-master_final_bitSpeck128_128_hierarchy_carry_sharing.gml,automated_osu018,Lightweight-Threshold-Implementations-master,bitSpeck128_128_hierarchy_carry_sharing
automated_osu018_amber_latest_final_eth_register.gml,automated_osu018,latest,eth_register
automated_osu018_configurable_crc_core_latest_final_cfg_cr.gml,automated_osu018,latest,cfg_cr
automated_osu018_iscas_final_FD1S.gml,automated_osu018,iscas,FD1S
automated_osu018_double_fpu_latest_final_fpu_add.gml,automated_osu018,latest,fpu_add
automated_osu018_turbo8051_latest_final_g_deferral.gml,automated_osu018,latest,g_deferral
automated_osu018_cookbook_final_sbox4.gml,automated_osu018,cookbook,sbox4
automated_osu018_m1_core_latest_final_wb_int_ctrl.gml,automated_osu018,latest,wb_int_ctrl
automated_osu018_iscas_final_s400.gml,automated_osu018,iscas,s400
automated_osu018_cookbook_final_fec_parity.gml,automated_osu018,cookbook,fec_parity
automated_osu018_trigonometric_functions_in_double_fpu_latest_final_cosecant_lut.gml,automated_osu018,latest,cosecant_lut
automated_osu018_turbo8051_latest_final_oc8051_wb_iinterfa.gml,automated_osu018,latest,oc8051_wb_iinterfa
automated_osu018_mriscv_final_axi4_interconnect.gml,automated_osu018,mriscv,axi4_interconnect
automated_osu018_mem_ctrl_latest_final_mc_refres.gml,automated_osu018,latest,mc_refres
automated_osu018_mriscv_final_bus_sync_sf.gml,automated_osu018,mriscv,bus_sync_sf
automated_osu018_cookbook_final_gf_mult_by_f2.gml,automated_osu018,cookbook,gf_mult_by_f2
automated_osu018_iscas_final_s5378.gml,automated_osu018,iscas,s5378
automated_osu018_cookbook_final_gf_mult_by_39.gml,automated_osu018,cookbook,gf_mult_by_39
automated_osu018_cookbook_final_gf_mult_by_11.gml,automated_osu018,cookbook,gf_mult_by_11
automated_osu018_cookbook_final_gf_mult_by_fd.gml,automated_osu018,cookbook,gf_mult_by_fd
automated_osu018_cookbook_final_gf_mult_by_05.gml,automated_osu018,cookbook,gf_mult_by_05
automated_osu018_openmsp430_latest_final_ogfx_reg_vram_if.gml,automated_osu018,latest,ogfx_reg_vram_if
automated_osu018_mriscvcore_final_ALU_bltu.gml,automated_osu018,mriscvcore,ALU_bltu
automated_osu018_cookbook_final_inv_mix_columns.gml,automated_osu018,cookbook,inv_mix_columns
automated_osu018_c7552-NS5150_final_c7552.gml,automated_osu018,c7552-NS5150,c7552
automated_osu018_pairing_latest_final_f36m_mult.gml,automated_osu018,latest,f36m_mult
automated_osu018_aes-master_final_aes_cor.gml,automated_osu018,aes-master,aes_cor
automated_osu018_sha256-master_final_sha256_w_mem.gml,automated_osu018,sha256-master,sha256_w_mem
automated_osu018_openmsp430_latest_final_DE0_NANO_SOC_QSYS_sw.gml,automated_osu018,latest,DE0_NANO_SOC_QSYS_sw
automated_osu018_cookbook_final_gf_mult_by_d8.gml,automated_osu018,cookbook,gf_mult_by_d8
automated_osu018_turbo8051_latest_final_oc8051_decoder.gml,automated_osu018,latest,oc8051_decoder
automated_osu018_cookbook_final_gf_mult_by_13.gml,automated_osu018,cookbook,gf_mult_by_13
automated_osu018_SHA_final_ROM.gml,automated_osu018,SHA,ROM
automated_osu018_AES-T1000_final_top.gml,automated_osu018,AES-T1000,top
automated_osu018_cookbook_final_gf_mult_by_07.gml,automated_osu018,cookbook,gf_mult_by_07
automated_osu018_cookbook_final_gf_mult_by_ff.gml,automated_osu018,cookbook,gf_mult_by_ff
automated_osu018_cookbook_final_gf_mult_by_0a.gml,automated_osu018,cookbook,gf_mult_by_0a
automated_osu018_cookbook_final_gf_mult_by_f0.gml,automated_osu018,cookbook,gf_mult_by_f0
automated_osu018_pairing_latest_final_func8.gml,automated_osu018,latest,func8
automated_osu018_fpga-median_latest_final_pixel_network.gml,automated_osu018,latest,pixel_network
automated_osu018_cookbook_final_sbox6.gml,automated_osu018,cookbook,sbox6
automated_osu018_sha512-master_final_sha512.gml,automated_osu018,sha512-master,sha512
automated_osu018_m32632_latest_final_ex_copro.gml,automated_osu018,latest,ex_copro
automated_osu018_m1_core_latest_final_m1_di.gml,automated_osu018,latest,m1_di
automated_osu018_a-z80_latest_final_reg_lat.gml,automated_osu018,latest,reg_lat
automated_osu018_orsoc_graphics_accelerator_final_memory_to_color.gml,automated_osu018,accelerator,memory_to_color
automated_osu018_gng_latest_final_gng_interp.gml,automated_osu018,latest,gng_interp
automated_osu018_fpu_latest_final_delay1.gml,automated_osu018,latest,delay1
automated_osu018_rs_encoder_decoder_latest_final_GF8Mult104.gml,automated_osu018,latest,GF8Mult104
automated_osu018_rs_encoder_decoder_latest_final_GF8Mult58.gml,automated_osu018,latest,GF8Mult58
automated_osu018_rs_encoder_decoder_latest_final_GF8Mult110.gml,automated_osu018,latest,GF8Mult110
automated_osu018_xge_mac_latest_final_meta_sy.gml,automated_osu018,latest,meta_sy
automated_osu018_rs_encoder_decoder_latest_final_GF8Mult138.gml,automated_osu018,latest,GF8Mult138
automated_osu018_rs_encoder_decoder_latest_final_GF8Mult70.gml,automated_osu018,latest,GF8Mult70
automated_osu018_rs_encoder_decoder_latest_final_GF8Mult64.gml,automated_osu018,latest,GF8Mult64
automated_osu018_mriscvcore_final_Count.gml,automated_osu018,mriscvcore,Count
automated_osu018_mem_ctrl_latest_final_mc_top.gml,automated_osu018,latest,mc_top
automated_osu018_aes_highthroughput_lowarea_latest_final_MUL3.gml,automated_osu018,latest,MUL3
automated_osu018_mriscv_final_decodificador_apd.gml,automated_osu018,mriscv,decodificador_apd
automated_osu018_m32632_latest_final_BITMASK.gml,automated_osu018,latest,BITMASK
automated_osu018_systemcaes_latest_final_mixcolum.gml,automated_osu018,latest,mixcolum
automated_osu018_aes_highthroughput_lowarea_latest_final_MULE.gml,automated_osu018,latest,MULE
automated_osu018_cookbook_final_gf_mult_by_3.gml,automated_osu018,cookbook,gf_mult_by_3
automated_osu018_i2c_latest_final_delay.gml,automated_osu018,latest,delay
automated_osu018_ecg_latest_final_f3m_i.gml,automated_osu018,latest,f3m_i
automated_osu018_cookbook_final_flag_array.gml,automated_osu018,cookbook,flag_array
automated_osu018_gng_latest_final_gng_ctg.gml,automated_osu018,latest,gng_ctg
automated_osu018_cookbook_final_crc32_dat80_flat.gml,automated_osu018,cookbook,crc32_dat80_flat
automated_osu018_pairing_latest_final_f33m_neg.gml,automated_osu018,latest,f33m_neg
automated_osu018_iscas_final_s953.gml,automated_osu018,iscas,s953
automated_osu018_verilog-trivium-master_final_Trivium.gml,automated_osu018,verilog-trivium-master,Trivium
automated_osu018_pairing_latest_final_f32m_neg.gml,automated_osu018,latest,f32m_neg
automated_osu018_m1_core_latest_final_ddr_pulse78.gml,automated_osu018,latest,ddr_pulse78
automated_osu018_pairing_latest_final_f3m_mult3.gml,automated_osu018,latest,f3m_mult3
automated_osu018_ca_prng_latest_final_ca_prng.gml,automated_osu018,latest,ca_prng
automated_osu018_csa_latest_final_key_perm.gml,automated_osu018,latest,key_perm
automated_osu018_iscas_final_s38417.gml,automated_osu018,iscas,s38417
automated_osu018_aes_highthroughput_lowarea_latest_final_xram_16x64.gml,automated_osu018,latest,xram_16x64
automated_osu018_mod3_calc_latest_final_mod3.gml,automated_osu018,latest,mod3
automated_osu018_sha3_latest_final_round.gml,automated_osu018,latest,round
automated_osu018_iscas_final_c17.gml,automated_osu018,iscas,c17
automated_osu018_cookbook_final_gf_mult_by_d.gml,automated_osu018,cookbook,gf_mult_by_d
automated_osu018_altor32_latest_final_dmem_mux3.gml,automated_osu018,latest,dmem_mux3
automated_osu018_iscas_final_c880.gml,automated_osu018,iscas,c880
automated_osu018_cookbook_final_cntr_modulus.gml,automated_osu018,cookbook,cntr_modulus
automated_osu018_cookbook_final_gf_mult_by_2.gml,automated_osu018,cookbook,gf_mult_by_2
automated_osu018_cookbook_final_sum_of_3bit_pair.gml,automated_osu018,cookbook,sum_of_3bit_pair
automated_osu018_cookbook_final_crc32_dat64_flat.gml,automated_osu018,cookbook,crc32_dat64_flat
automated_osu018_iscas_final_c499.gml,automated_osu018,iscas,c499
automated_osu018_a-z80_latest_final_address_pins.gml,automated_osu018,latest,address_pins
automated_osu018_aes_highthroughput_lowarea_latest_final_MULD.gml,automated_osu018,latest,MULD
automated_osu018_iscas_final_Summodul.gml,automated_osu018,iscas,Summodul
automated_osu018_openmsp430_latest_final_altera_avalon_st_pipeline_bas.gml,automated_osu018,latest,altera_avalon_st_pipeline_bas
automated_osu018_cookbook_final_bin_to_7seg.gml,automated_osu018,cookbook,bin_to_7seg
automated_osu018_rs_encoder_decoder_latest_final_GF8Mult65.gml,automated_osu018,latest,GF8Mult65
automated_osu018_turbo8051_latest_final_oc8051_divid.gml,automated_osu018,latest,oc8051_divid
automated_osu018_m32632_latest_final_DFPU_MUL.gml,automated_osu018,latest,DFPU_MUL
automated_osu018_rs_encoder_decoder_latest_final_GF8Mult71.gml,automated_osu018,latest,GF8Mult71
automated_osu018_rs_encoder_decoder_latest_final_GF8Mult139.gml,automated_osu018,latest,GF8Mult139
automated_osu018_rs_encoder_decoder_latest_final_GF8Mult111.gml,automated_osu018,latest,GF8Mult111
automated_osu018_rs_encoder_decoder_latest_final_GF8Mult59.gml,automated_osu018,latest,GF8Mult59
automated_osu018_cookbook_final_key_init_perm.gml,automated_osu018,cookbook,key_init_perm
automated_osu018_fpu_latest_final_post_norm.gml,automated_osu018,latest,post_norm
automated_osu018_altor32_latest_final_altor32_regfile_sim.gml,automated_osu018,latest,altor32_regfile_sim
automated_osu018_mem_ctrl_latest_final_mc_incn_r.gml,automated_osu018,latest,mc_incn_r
automated_osu018_rs_encoder_decoder_latest_final_GF8Mult105.gml,automated_osu018,latest,GF8Mult105
automated_osu018_mips_16_latest_final_instruction_mem.gml,automated_osu018,latest,instruction_mem
automated_osu018_gost28147-89_latest_final_gost89_pipelined_ecb_encrypt.gml,automated_osu018,latest,gost89_pipelined_ecb_encrypt
automated_osu018_m32632_latest_final_BCDADDER.gml,automated_osu018,latest,BCDADDER
automated_osu018_sha256-master_final_sha256_stream.gml,automated_osu018,sha256-master,sha256_stream
automated_osu018_cookbook_final_gf_mult.gml,automated_osu018,cookbook,gf_mult
automated_osu018_cavlc_latest_final_cavlc_read_total_zeros.gml,automated_osu018,latest,cavlc_read_total_zeros
automated_osu018_minirisc_latest_final_xilinx_mux8_8.gml,automated_osu018,latest,xilinx_mux8_8
automated_osu018_a-z80_latest_final_alu_bit_select.gml,automated_osu018,latest,alu_bit_select
automated_osu018_cookbook_final_sbox7.gml,automated_osu018,cookbook,sbox7
automated_osu018_m32632_latest_final_DFPU_ADDSUB.gml,automated_osu018,latest,DFPU_ADDSUB
automated_osu018_cookbook_final_priority_mux.gml,automated_osu018,cookbook,priority_mux
automated_osu018_cookbook_final_gf_mult_by_f1.gml,automated_osu018,cookbook,gf_mult_by_f1
automated_osu018_cookbook_final_compress_42.gml,automated_osu018,cookbook,compress_42
automated_osu018_cookbook_final_gf_mult_by_1d.gml,automated_osu018,cookbook,gf_mult_by_1d
automated_osu018_cookbook_final_gf_mult_by_06.gml,automated_osu018,cookbook,gf_mult_by_06
automated_osu018_cookbook_final_gf_mult_by_d9.gml,automated_osu018,cookbook,gf_mult_by_d9
automated_osu018_iscas_final_s832.gml,automated_osu018,iscas,s832
automated_osu018_cookbook_final_crc32_dat104_flat.gml,automated_osu018,cookbook,crc32_dat104_flat
automated_osu018_cookbook_final_gf_mult_by_12.gml,automated_osu018,cookbook,gf_mult_by_12
automated_osu018_reed_solomon_codec_generator_latest_final_RsDecodeI.gml,automated_osu018,latest,RsDecodeI
automated_osu018_turbo8051_latest_final_stat_register.gml,automated_osu018,latest,stat_register
automated_osu018_turbo8051_latest_final_g_tx_crc32.gml,automated_osu018,latest,g_tx_crc32
automated_osu018_turbo8051_latest_final_oc8051_comp.gml,automated_osu018,latest,oc8051_comp
automated_osu018_m32632_latest_final_DATENPFAD.gml,automated_osu018,latest,DATENPFAD
automated_osu018_turbo8051_latest_final_oc8051_b_register.gml,automated_osu018,latest,oc8051_b_register
automated_osu018_xge_mac_latest_final_sync_clk_cor.gml,automated_osu018,latest,sync_clk_cor
automated_osu018_a-z80_latest_final_bus_swit.gml,automated_osu018,latest,bus_swit
automated_osu018_cookbook_final_synchronizer.gml,automated_osu018,cookbook,synchronizer
automated_osu018_ecg_latest_final_f3m_add4.gml,automated_osu018,latest,f3m_add4
automated_osu018_cookbook_final_clock_follow.gml,automated_osu018,cookbook,clock_follow
automated_osu018_rs_encoder_decoder_latest_final_GF8Mult242.gml,automated_osu018,latest,GF8Mult242
automated_osu018_jt51_latest_final_jt51_timers.gml,automated_osu018,latest,jt51_timers
automated_osu018_cookbook_final_gf_mult_by_3a.gml,automated_osu018,cookbook,gf_mult_by_3a
automated_osu018_openmsp430_latest_final_io_mux.gml,automated_osu018,latest,io_mux
automated_osu018_m32632_latest_final_REG_LIST.gml,automated_osu018,latest,REG_LIST
automated_osu018_trigonometric_functions_in_double_fpu_latest_final_cotangent_lut.gml,automated_osu018,latest,cotangent_lut
automated_osu018_cookbook_final_gf_mult_by_e0.gml,automated_osu018,cookbook,gf_mult_by_e0
automated_osu018_cookbook_final_gf_mult_by_d4.gml,automated_osu018,cookbook,gf_mult_by_d4
automated_osu018_xtea_latest_final_xtea.gml,automated_osu018,latest,xtea
automated_osu018_mriscvcore_final_ALU_or.gml,automated_osu018,mriscvcore,ALU_or
automated_osu018_minirisc_latest_final_xilinx_mux4_8.gml,automated_osu018,latest,xilinx_mux4_8
automated_osu018_cookbook_final_gf_mult_by_37.gml,automated_osu018,cookbook,gf_mult_by_37
automated_osu018_openmsp430_latest_final_rom_8x2k_lo.gml,automated_osu018,latest,rom_8x2k_lo
automated_osu018_cookbook_final_gf_mult_by_ef.gml,automated_osu018,cookbook,gf_mult_by_ef
automated_osu018_cookbook_final_flat_decoder.gml,automated_osu018,cookbook,flat_decoder
automated_osu018_fast_antilog_latest_final_AntiLog2.gml,automated_osu018,latest,AntiLog2
automated_osu018_cookbook_final_gf_mult_by_23.gml,automated_osu018,cookbook,gf_mult_by_23
automated_osu018_pairing_latest_final_func4.gml,automated_osu018,latest,func4
automated_osu018_pairing_latest_final_f33m_i.gml,automated_osu018,latest,f33m_i
automated_osu018_cookbook_final_gearbox_66_20.gml,automated_osu018,cookbook,gearbox_66_20
automated_osu018_cookbook_final_crc32_dat128_flat.gml,automated_osu018,cookbook,crc32_dat128_flat
automated_osu018_rsencoder_latest_final_GFMUL8.gml,automated_osu018,latest,GFMUL8
automated_osu018_cookbook_final_test_patter.gml,automated_osu018,cookbook,test_patter
automated_osu018_edge_latest_final_regfil.gml,automated_osu018,latest,regfil
automated_osu018_minirisc_latest_final_presclr_wdt.gml,automated_osu018,latest,presclr_wdt
automated_osu018_rs_encoder_decoder_latest_final_GF8Mult54.gml,automated_osu018,latest,GF8Mult54
automated_osu018_m1_core_latest_final_m1_cpu.gml,automated_osu018,latest,m1_cpu
automated_osu018_amber_latest_final_eth_wishbo.gml,automated_osu018,latest,eth_wishbo
automated_osu018_rs_encoder_decoder_latest_final_GF8Mult108.gml,automated_osu018,latest,GF8Mult108
automated_osu018_rs_encoder_decoder_latest_final_GF8Mult40.gml,automated_osu018,latest,GF8Mult40
automated_osu018_mriscv_final_flipflopRS.gml,automated_osu018,mriscv,flipflopRS
automated_osu018_ft816float_latest_final_isqrt_t.gml,automated_osu018,latest,isqrt_t
automated_osu018_rs_encoder_decoder_latest_final_GF8Mult68.gml,automated_osu018,latest,GF8Mult68
automated_osu018_rs_encoder_decoder_latest_final_GF8Mult120.gml,automated_osu018,latest,GF8Mult120
automated_osu018_cookbook_final_min_max_signed.gml,automated_osu018,cookbook,min_max_signed
automated_osu018_AES-T100_final_table_lookup.gml,automated_osu018,AES-T100,table_lookup
automated_osu018_ft816float_latest_final_IntToFloat_t.gml,automated_osu018,latest,IntToFloat_t
automated_osu018_rs_encoder_decoder_latest_final_GF8Mult134.gml,automated_osu018,latest,GF8Mult134
automated_osu018_rs_encoder_decoder_latest_final_GF8Mult97.gml,automated_osu018,latest,GF8Mult97
automated_osu018_cookbook_final_ecc_correction_32bit.gml,automated_osu018,cookbook,ecc_correction_32bit
automated_osu018_m32632_latest_final_GRUPPE_2.gml,automated_osu018,latest,GRUPPE_2
automated_osu018_rs_encoder_decoder_latest_final_GF8Mult83.gml,automated_osu018,latest,GF8Mult83
automated_osu018_Lightweight-Threshold-Implementations-master_final_simon2shar.gml,automated_osu018,Lightweight-Threshold-Implementations-master,simon2shar
automated_osu018_cookbook_final_crc32_dat48_flat.gml,automated_osu018,cookbook,crc32_dat48_flat
automated_osu018_turbo8051_latest_final_oc8051_dptr.gml,automated_osu018,latest,oc8051_dptr
automated_osu018_openmsp430_latest_final_ram_8x512_lo.gml,automated_osu018,latest,ram_8x512_lo
automated_osu018_des_latest_final_sbox1.gml,automated_osu018,latest,sbox1
automated_osu018_ft816float_latest_final_delay2.gml,automated_osu018,latest,delay2
automated_osu018_xge_mac_latest_final_meta_sync_singl.gml,automated_osu018,latest,meta_sync_singl
automated_osu018_8bit_vedic_multiplier_latest_final_full_adder.gml,automated_osu018,latest,full_adder
automated_osu018_turbo8051_latest_final_uart_cor.gml,automated_osu018,latest,uart_cor
automated_osu018_ft816float_latest_final_cntlz48.gml,automated_osu018,latest,cntlz48
automated_osu018_cr_div_latest_final_cr_div_t.gml,automated_osu018,latest,cr_div_t
automated_osu018_mriscv_final_DAC_interface_AXI.gml,automated_osu018,mriscv,DAC_interface_AXI
automated_osu018_rtf8088_latest_final_nmi_detector.gml,automated_osu018,latest,nmi_detector
automated_osu018_mem_ctrl_latest_final_mc_cs_rf.gml,automated_osu018,latest,mc_cs_rf
automated_osu018_mriscvcore_final_REG_FILE.gml,automated_osu018,mriscvcore,REG_FILE
automated_osu018_AES-T1000_final_Trojan_Trigger.gml,automated_osu018,AES-T1000,Trojan_Trigger
automated_osu018_RSA-Verilog-master_final_parallel_to_serial.gml,automated_osu018,RSA-Verilog-master,parallel_to_serial
automated_osu018_ecg_latest_final_func2.gml,automated_osu018,latest,func2
automated_osu018_m32632_latest_final_CONFIG_REGS.gml,automated_osu018,latest,CONFIG_REGS
automated_osu018_openmsp430_latest_final_omsp_scan_mux.gml,automated_osu018,latest,omsp_scan_mux
automated_osu018_xge_mac_latest_final_rx_hold_fifo.gml,automated_osu018,latest,rx_hold_fifo
automated_osu018_m32632_latest_final_DP_LOGIK.gml,automated_osu018,latest,DP_LOGIK
automated_osu018_iscas_final_c6288.gml,automated_osu018,iscas,c6288
automated_osu018_pairing_latest_final_f33m_mult.gml,automated_osu018,latest,f33m_mult
automated_osu018_iscas_final_TopLevel74L85.gml,automated_osu018,iscas,TopLevel74L85
automated_osu018_reed_solomon_codec_generator_latest_final_RsDecodeEuclid.gml,automated_osu018,latest,RsDecodeEuclid
automated_osu018_ecg_latest_final_func3.gml,automated_osu018,latest,func3
automated_osu018_reed_solomon_codec_generator_latest_final_RsDecodeMult.gml,automated_osu018,latest,RsDecodeMult
automated_osu018_jt51_latest_final_jt51_reg.gml,automated_osu018,latest,jt51_reg
automated_osu018_pairing_latest_final_f3m_neg.gml,automated_osu018,latest,f3m_neg
automated_osu018_aes-128_pipelined_encryption_latest_final_ShiftRows.gml,automated_osu018,latest,ShiftRows
automated_osu018_ft816float_latest_final_i2f.gml,automated_osu018,latest,i2f
automated_osu018_i2c_latest_final_i2c_master_top.gml,automated_osu018,latest,i2c_master_top
automated_osu018_AES-T200_final_final_round.gml,automated_osu018,AES-T200,final_round
automated_osu018_ft816float_latest_final_delay3.gml,automated_osu018,latest,delay3
automated_osu018_tiny_tate_bilinear_pairing_latest_final_PPG.gml,automated_osu018,latest,PPG
automated_osu018_pairing_latest_final_f3_add.gml,automated_osu018,latest,f3_add
automated_osu018_reed_solomon_decoder_latest_final_BM_lamda.gml,automated_osu018,latest,BM_lamda
automated_osu018_rs_encoder_decoder_latest_final_GF8Mult82.gml,automated_osu018,latest,GF8Mult82
automated_osu018_rs_encoder_decoder_latest_final_GF8Mult96.gml,automated_osu018,latest,GF8Mult96
automated_osu018_pairing_latest_final_f3m_mux6.gml,automated_osu018,latest,f3m_mux6
automated_osu018_rs_encoder_decoder_latest_final_GF8Mult135.gml,automated_osu018,latest,GF8Mult135
automated_osu018_rs_encoder_decoder_latest_final_GF8Mult121.gml,automated_osu018,latest,GF8Mult121
automated_osu018_rs_encoder_decoder_latest_final_GF8Mult69.gml,automated_osu018,latest,GF8Mult69
automated_osu018_mips_16_latest_final_EX_stag.gml,automated_osu018,latest,EX_stag
automated_osu018_rs_encoder_decoder_latest_final_GF8Mult41.gml,automated_osu018,latest,GF8Mult41
automated_osu018_rs_encoder_decoder_latest_final_GF8Mult109.gml,automated_osu018,latest,GF8Mult109
automated_osu018_rs_encoder_decoder_latest_final_GF8Mult55.gml,automated_osu018,latest,GF8Mult55
automated_osu018_8bit_vedic_multiplier_latest_final_ripple_adder_12bit.gml,automated_osu018,latest,ripple_adder_12bit
automated_osu018_cookbook_final_uart_rx.gml,automated_osu018,cookbook,uart_rx
automated_osu018_openmsp430_latest_final_altera_reset_synchronizer.gml,automated_osu018,latest,altera_reset_synchronizer
automated_osu018_cookbook_final_iter_addsu.gml,automated_osu018,cookbook,iter_addsu
automated_osu018_iscas_final_s382.gml,automated_osu018,iscas,s382
automated_osu018_cookbook_final_fec_rot_n2112.gml,automated_osu018,cookbook,fec_rot_n2112
automated_osu018_turbo8051_latest_final_sfifo.gml,automated_osu018,latest,sfifo
automated_osu018_turbo8051_latest_final_double_sync_low.gml,automated_osu018,latest,double_sync_low
automated_osu018_openmsp430_latest_final_ogfx_reg_vram_addr.gml,automated_osu018,latest,ogfx_reg_vram_addr
automated_osu018_pairing_latest_final_func5.gml,automated_osu018,latest,func5
automated_osu018_verilog_fixed_point_math_library_latest_final_qmult.gml,automated_osu018,latest,qmult
automated_osu018_turbo8051_latest_final_oc8051_cy_select.gml,automated_osu018,latest,oc8051_cy_select
automated_osu018_cookbook_final_ecc_correction_16bit.gml,automated_osu018,cookbook,ecc_correction_16bit
automated_osu018_cookbook_final_gf_mult_by_22.gml,automated_osu018,cookbook,gf_mult_by_22
automated_osu018_cookbook_final_gf_mult_by_36.gml,automated_osu018,cookbook,gf_mult_by_36
automated_osu018_iscas_final_Emodul.gml,automated_osu018,iscas,Emodul
automated_osu018_aes-encryption_latest_final_aes_key_expand_128.gml,automated_osu018,latest,aes_key_expand_128
automated_osu018_cookbook_final_gf_mult_by_d5.gml,automated_osu018,cookbook,gf_mult_by_d5
automated_osu018_cookbook_final_gf_mult_by_2d.gml,automated_osu018,cookbook,gf_mult_by_2d
automated_osu018_m1_core_latest_final_ddr_rpat.gml,automated_osu018,latest,ddr_rpat
automated_osu018_gost28147-89_latest_final_gost89_cfb_encrypt.gml,automated_osu018,latest,gost89_cfb_encrypt
automated_osu018_iscas_final_Dmodul.gml,automated_osu018,iscas,Dmodul
automated_osu018_cookbook_final_gf_mult_by_e1.gml,automated_osu018,cookbook,gf_mult_by_e1
automated_osu018_AES-T1000_final_one_round.gml,automated_osu018,AES-T1000,one_round
automated_osu018_cookbook_final_crc32c_dat64_only_flat.gml,automated_osu018,cookbook,crc32c_dat64_only_flat
automated_osu018_trigonometric_functions_in_double_fpu_latest_final_tangent_lut.gml,automated_osu018,latest,tangent_lut
automated_osu018_iscas_final_foobar.gml,automated_osu018,iscas,foobar
automated_osu018_rs_encoder_decoder_latest_final_GF8Mult243.gml,automated_osu018,latest,GF8Mult243
automated_osu018_rs_decoder_31_19_6_latest_final_gfadder.gml,automated_osu018,latest,gfadder
automated_osu018_tiny_tate_bilinear_pairing_latest_final_mod_p.gml,automated_osu018,latest,mod_p
automated_osu018_m32632_latest_final_KOLDETECT.gml,automated_osu018,latest,KOLDETECT
automated_osu018_iscas_final_s38584.gml,automated_osu018,iscas,s38584
automated_osu018_m32632_latest_final_ex_io_bus_ctrl.gml,automated_osu018,latest,ex_io_bus_ctrl
automated_osu018_double_fpu_latest_final_fpu_di.gml,automated_osu018,latest,fpu_di
automated_osu018_amber_latest_final_a23_multiply.gml,automated_osu018,latest,a23_multiply
automated_osu018_orsoc_graphics_accelerator_final_color_to_memory.gml,automated_osu018,accelerator,color_to_memory
automated_osu018_jt51_latest_final_jt51_sintabl.gml,automated_osu018,latest,jt51_sintabl
automated_osu018_openmsp430_latest_final_virtex6_dmem.gml,automated_osu018,latest,virtex6_dmem
automated_osu018_altor32_latest_final_timer_perip.gml,automated_osu018,latest,timer_perip
automated_osu018_rs_encoder_decoder_latest_final_GF8Mult241.gml,automated_osu018,latest,GF8Mult241
automated_osu018_8bit_vedic_multiplier_latest_final_half_adder.gml,automated_osu018,latest,half_adder
automated_osu018_RSA-CRYPTOSYSTEM-using-verilog-master_final_divider.gml,automated_osu018,RSA-CRYPTOSYSTEM-using-verilog-master,divider
automated_osu018_cookbook_final_gf_mult_by_2f.gml,automated_osu018,cookbook,gf_mult_by_2f
automated_osu018_ft816float_latest_final_redor64.gml,automated_osu018,latest,redor64
automated_osu018_cookbook_final_gf_mult_by_d7.gml,automated_osu018,cookbook,gf_mult_by_d7
automated_osu018_cookbook_final_ready_skid.gml,automated_osu018,cookbook,ready_skid
automated_osu018_cookbook_final_gf_mult_by_e3.gml,automated_osu018,cookbook,gf_mult_by_e3
automated_osu018_openmsp430_latest_final_sync_debouncer_10ms.gml,automated_osu018,latest,sync_debouncer_10ms
automated_osu018_cookbook_final_gf_mult_by_08.gml,automated_osu018,cookbook,gf_mult_by_08
automated_osu018_8051_latest_final_oc8051_psw.gml,automated_osu018,latest,oc8051_psw
automated_osu018_cookbook_final_gf_mult_by_20.gml,automated_osu018,cookbook,gf_mult_by_20
automated_osu018_cookbook_final_gf_mult_by_da.gml,automated_osu018,cookbook,gf_mult_by_da
automated_osu018_mriscv_final_completogpio.gml,automated_osu018,mriscv,completogpio
automated_osu018_altor32_latest_final_so.gml,automated_osu018,latest,so
automated_osu018_cookbook_final_gf_mult_by_34.gml,automated_osu018,cookbook,gf_mult_by_34
automated_osu018_cookbook_final_error_mag_poly_round.gml,automated_osu018,cookbook,error_mag_poly_round
automated_osu018_signed_integer_divider_latest_final_shift_7.gml,automated_osu018,latest,shift_7
automated_osu018_cookbook_final_adder_tree_nod.gml,automated_osu018,cookbook,adder_tree_nod
automated_osu018_m32632_latest_final_DCA_CONTROL.gml,automated_osu018,latest,DCA_CONTROL
automated_osu018_iscas_final_s1488.gml,automated_osu018,iscas,s1488
automated_osu018_pairing_latest_final_f32m_add4.gml,automated_osu018,latest,f32m_add4
automated_osu018_jt51_latest_final_jt51_s.gml,automated_osu018,latest,jt51_s
automated_osu018_pairing_latest_final_func7.gml,automated_osu018,latest,func7
automated_osu018_a-z80_latest_final_pin_control.gml,automated_osu018,latest,pin_control
automated_osu018_mriscvcore_final_ALU_synt.gml,automated_osu018,mriscvcore,ALU_synt
automated_osu018_orsoc_graphics_accelerator_final_gfx_rasterizer.gml,automated_osu018,accelerator,gfx_rasterizer
automated_osu018_sha3_latest_final_f_permutatio.gml,automated_osu018,latest,f_permutatio
automated_osu018_8051_latest_final_oc8051_divid.gml,automated_osu018,latest,oc8051_divid
automated_osu018_double_fpu_latest_final_fpu_su.gml,automated_osu018,latest,fpu_su
automated_osu018_edge_latest_final_mem_wb_pipereg.gml,automated_osu018,latest,mem_wb_pipereg
automated_osu018_rs_encoder_decoder_latest_final_GF8Mult43.gml,automated_osu018,latest,GF8Mult43
automated_osu018_pairing_latest_final_f33m_mux2.gml,automated_osu018,latest,f33m_mux2
automated_osu018_openmsp430_latest_final_omsp_dbg_i2.gml,automated_osu018,latest,omsp_dbg_i2
automated_osu018_mod3_calc_latest_final_mod3_adder.gml,automated_osu018,latest,mod3_adder
automated_osu018_rs_encoder_decoder_latest_final_GF8Mult57.gml,automated_osu018,latest,GF8Mult57
automated_osu018_openmsp430_latest_final_DE0_NANO_SOC_QSYS_nios2_qsys_oci_test_.gml,automated_osu018,latest,DE0_NANO_SOC_QSYS_nios2_qsys_oci_test_
automated_osu018_rs_encoder_decoder_latest_final_GF8Mult137.gml,automated_osu018,latest,GF8Mult137
automated_osu018_m32632_latest_final_DFPU_MISC.gml,automated_osu018,latest,DFPU_MISC
automated_osu018_xge_mac_latest_final_tx_dequeu.gml,automated_osu018,latest,tx_dequeu
automated_osu018_a-z80_latest_final_decode_stat.gml,automated_osu018,latest,decode_stat
automated_osu018_openmsp430_latest_final_omsp_de0_nano_soc_led_key_sw.gml,automated_osu018,latest,omsp_de0_nano_soc_led_key_sw
automated_osu018_rs_encoder_decoder_latest_final_GF8Mult123.gml,automated_osu018,latest,GF8Mult123
automated_osu018_minirisc_latest_final_alu.gml,automated_osu018,latest,alu
automated_osu018_rs_encoder_decoder_latest_final_GF8Mult80.gml,automated_osu018,latest,GF8Mult80
automated_osu018_RSA-CRYPTOSYSTEM-using-verilog-master_final_control.gml,automated_osu018,RSA-CRYPTOSYSTEM-using-verilog-master,control
automated_osu018_rs_encoder_decoder_latest_final_GF8Mult94.gml,automated_osu018,latest,GF8Mult94
automated_osu018_two_dimensional_fast_hartley_transform_latest_final_mtx_trps_8x8_dpsram.gml,automated_osu018,latest,mtx_trps_8x8_dpsram
automated_osu018_ft816float_latest_final_delay1.gml,automated_osu018,latest,delay1
automated_osu018_des_latest_final_sbox2.gml,automated_osu018,latest,sbox2
automated_osu018_reed_solomon_decoder_latest_final_lamda_roots.gml,automated_osu018,latest,lamda_roots
automated_osu018_RSA-Verilog-master_final_serial_to_parallel.gml,automated_osu018,RSA-Verilog-master,serial_to_parallel
automated_osu018_mriscv_final_latchW_axi.gml,automated_osu018,mriscv,latchW_axi
automated_osu018_openmsp430_latest_final_spartan3e_dmem.gml,automated_osu018,latest,spartan3e_dmem
automated_osu018_cookbook_final_reset_control.gml,automated_osu018,cookbook,reset_control
automated_osu018_pairing_latest_final_f3m_cubi.gml,automated_osu018,latest,f3m_cubi
automated_osu018_gcm-aes_latest_final_aes_sbox.gml,automated_osu018,latest,aes_sbox
automated_osu018_AES-T1000_final_xS.gml,automated_osu018,AES-T1000,xS
automated_osu018_ecg_latest_final_func1.gml,automated_osu018,latest,func1
automated_osu018_cookbook_final_c_rand.gml,automated_osu018,cookbook,c_rand
automated_osu018_aes_core_latest_final_aes_key_expand_128.gml,automated_osu018,latest,aes_key_expand_128
automated_osu018_mriscv_final_spi_axi_master.gml,automated_osu018,mriscv,spi_axi_master
automated_osu018_tiny_tate_bilinear_pairing_latest_final_PE.gml,automated_osu018,latest,PE
automated_osu018_iscas_final_OR2.gml,automated_osu018,iscas,OR2
automated_osu018_rs_encoder_decoder_latest_final_GF8GenMultBitSer.gml,automated_osu018,latest,GF8GenMultBitSer
automated_osu018_rs_decoder_31_19_6_latest_final_degree1_cell.gml,automated_osu018,latest,degree1_cell
automated_osu018_turbo8051_latest_final_half_dup_byte_reg.gml,automated_osu018,latest,half_dup_byte_reg
automated_osu018_iscas_final_OR3.gml,automated_osu018,iscas,OR3
automated_osu018_rs_decoder_31_19_6_latest_final_degree0_cell.gml,automated_osu018,latest,degree0_cell
automated_osu018_a-z80_latest_final_alu_mux_2.gml,automated_osu018,latest,alu_mux_2
automated_osu018_tiny_aes_latest_final_expand_key_type_C_192.gml,automated_osu018,latest,expand_key_type_C_192
automated_osu018_mriscvcore_final_IRQ.gml,automated_osu018,mriscvcore,IRQ
automated_osu018_ft816float_latest_final_FloatToInt.gml,automated_osu018,latest,FloatToInt
automated_osu018_tiny_aes_latest_final_expand_key_type_A_256.gml,automated_osu018,latest,expand_key_type_A_256
automated_osu018_cookbook_final_split_add.gml,automated_osu018,cookbook,split_add
automated_osu018_ecg_latest_final_f3_mult.gml,automated_osu018,latest,f3_mult
automated_osu018_turbo8051_latest_final_oc8051_int.gml,automated_osu018,latest,oc8051_int
automated_osu018_Lightweight-Threshold-Implementations-master_final_key_share_roundTI.gml,automated_osu018,Lightweight-Threshold-Implementations-master,key_share_roundTI
automated_osu018_m32632_latest_final_MMU_UP.gml,automated_osu018,latest,MMU_UP
automated_osu018_rs_decoder_31_19_6_latest_final_inverscom.gml,automated_osu018,latest,inverscom
automated_osu018_mem_ctrl_latest_final_mc_dp.gml,automated_osu018,latest,mc_dp
automated_osu018_des_latest_final_sbox3.gml,automated_osu018,latest,sbox3
automated_osu018_des_latest_final_crp.gml,automated_osu018,latest,crp
automated_osu018_mips_16_latest_final_hazard_detection_unit.gml,automated_osu018,latest,hazard_detection_unit
automated_osu018_rs_encoder_decoder_latest_final_GF8Mult95.gml,automated_osu018,latest,GF8Mult95
automated_osu018_rs_encoder_decoder_latest_final_GF8Mult81.gml,automated_osu018,latest,GF8Mult81
automated_osu018_openmsp430_latest_final_virtex6_pmem.gml,automated_osu018,latest,virtex6_pmem
automated_osu018_rs_encoder_decoder_latest_final_GF8Mult122.gml,automated_osu018,latest,GF8Mult122
automated_osu018_cookbook_final_des.gml,automated_osu018,cookbook,des
automated_osu018_rs_5_3_gf256_latest_final_inv_gf256.gml,automated_osu018,latest,inv_gf256
automated_osu018_rs_encoder_decoder_latest_final_GF8Mult136.gml,automated_osu018,latest,GF8Mult136
automated_osu018_turbo8051_latest_final_spi_cfg.gml,automated_osu018,latest,spi_cfg
automated_osu018_rs_encoder_decoder_latest_final_GF8Mult56.gml,automated_osu018,latest,GF8Mult56
automated_osu018_rs_encoder_decoder_latest_final_GF8Mult42.gml,automated_osu018,latest,GF8Mult42
automated_osu018_pairing_latest_final_f33m_mux3.gml,automated_osu018,latest,f33m_mux3
automated_osu018_rsencoder_latest_final_rs_encod.gml,automated_osu018,latest,rs_encod
automated_osu018_csa_latest_final_hex2seg.gml,automated_osu018,latest,hex2seg
automated_osu018_Lightweight-Threshold-Implementations-master_final_sub1.gml,automated_osu018,Lightweight-Threshold-Implementations-master,sub1
automated_osu018_8051_latest_final_oc8051_ram_256x8_two_bist.gml,automated_osu018,latest,oc8051_ram_256x8_two_bist
automated_osu018_cookbook_final_permut.gml,automated_osu018,cookbook,permut
automated_osu018_reed_solomon_decoder_latest_final_transport_in2out.gml,automated_osu018,latest,transport_in2out
automated_osu018_cookbook_final_dec_67_64.gml,automated_osu018,cookbook,dec_67_64
automated_osu018_cookbook_final_float_to_fixed.gml,automated_osu018,cookbook,float_to_fixed
automated_osu018_iscas_final_c7552.gml,automated_osu018,iscas,c7552
automated_osu018_pairing_latest_final_func6.gml,automated_osu018,latest,func6
automated_osu018_openmsp430_latest_final_DE0_NANO_SOC_QSYS_jtag_uart_sim_scfifo_w.gml,automated_osu018,latest,DE0_NANO_SOC_QSYS_jtag_uart_sim_scfifo_w
automated_osu018_altor32_latest_final_altor32_noica.gml,automated_osu018,latest,altor32_noica
automated_osu018_cookbook_final_gf_mult_by_ed.gml,automated_osu018,cookbook,gf_mult_by_ed
automated_osu018_xge_mac_latest_final_rx_data_fifo.gml,automated_osu018,latest,rx_data_fifo
automated_osu018_cookbook_final_gf_mult_by_35.gml,automated_osu018,cookbook,gf_mult_by_35
automated_osu018_a-z80_latest_final_z80_top_direct_.gml,automated_osu018,latest,z80_top_direct_
automated_osu018_cookbook_final_gf_mult_by_21.gml,automated_osu018,cookbook,gf_mult_by_21
automated_osu018_sdr_ctrl_latest_final_sync_fifo.gml,automated_osu018,latest,sync_fifo
automated_osu018_cookbook_final_gf_mult_by_e2.gml,automated_osu018,cookbook,gf_mult_by_e2
automated_osu018_edge_latest_final_alu_decoder.gml,automated_osu018,latest,alu_decoder
automated_osu018_mem_ctrl_latest_final_mc_wb_if.gml,automated_osu018,latest,mc_wb_if
automated_osu018_mem_ctrl_latest_final_mc_cs_rf_dummy.gml,automated_osu018,latest,mc_cs_rf_dummy
automated_osu018_cookbook_final_gf_mult_by_09.gml,automated_osu018,cookbook,gf_mult_by_09
automated_osu018_openmsp430_latest_final_spartan3e_pmem.gml,automated_osu018,latest,spartan3e_pmem
automated_osu018_minirisc_latest_final_add_sub8_co.gml,automated_osu018,latest,add_sub8_co
automated_osu018_cookbook_final_gf_mult_by_d6.gml,automated_osu018,cookbook,gf_mult_by_d6
automated_osu018_rs_encoder_decoder_latest_final_GF8Mult254.gml,automated_osu018,latest,GF8Mult254
automated_osu018_rs_encoder_decoder_latest_final_GF8Mult240.gml,automated_osu018,latest,GF8Mult240
automated_osu018_RSA-Verilog-master_final_memtest.gml,automated_osu018,RSA-Verilog-master,memtest
automated_osu018_rs_encoder_decoder_latest_final_GF8Mult244.gml,automated_osu018,latest,GF8Mult244
automated_osu018_m32632_latest_final_MULFILTER.gml,automated_osu018,latest,MULFILTER
automated_osu018_xge_mac_latest_final_tx_hold_fifo.gml,automated_osu018,latest,tx_hold_fifo
automated_osu018_simon_core_latest_final_top_modul.gml,automated_osu018,latest,top_modul
automated_osu018_cookbook_final_clock_mux.gml,automated_osu018,cookbook,clock_mux
automated_osu018_rs_encoder_decoder_latest_final_GF8Mult250.gml,automated_osu018,latest,GF8Mult250
automated_osu018_m32632_latest_final_SCHALE.gml,automated_osu018,latest,SCHALE
automated_osu018_gost28147-89_latest_final_gost89_cf.gml,automated_osu018,latest,gost89_cf
automated_osu018_turbo8051_latest_final_oc8051_ram_64x32_dual_bist.gml,automated_osu018,latest,oc8051_ram_64x32_dual_bist
automated_osu018_cookbook_final_gf_mult_by_dd.gml,automated_osu018,cookbook,gf_mult_by_dd
automated_osu018_cookbook_final_gf_mult_by_25.gml,automated_osu018,cookbook,gf_mult_by_25
automated_osu018_8051_latest_final_oc8051_indi_addr.gml,automated_osu018,latest,oc8051_indi_addr
automated_osu018_openmsp430_latest_final_omsp_wakeup_cell.gml,automated_osu018,latest,omsp_wakeup_cell
automated_osu018_mod3_calc_latest_final_type_co.gml,automated_osu018,latest,type_co
automated_osu018_cookbook_final_gf_mult_by_31.gml,automated_osu018,cookbook,gf_mult_by_31
automated_osu018_amber_latest_final_generic_sram_line_.gml,automated_osu018,latest,generic_sram_line_
automated_osu018_cookbook_final_gf_mult_by_d2.gml,automated_osu018,cookbook,gf_mult_by_d2
automated_osu018_cookbook_final_gf_mult_by_19.gml,automated_osu018,cookbook,gf_mult_by_19
automated_osu018_cookbook_final_gf_mult_by_e6.gml,automated_osu018,cookbook,gf_mult_by_e6
automated_osu018_m1_core_latest_final_rotary.gml,automated_osu018,latest,rotary
automated_osu018_altor32_latest_final_altor32_writeback.gml,automated_osu018,latest,altor32_writeback
automated_osu018_jt51_latest_final_jt51_a.gml,automated_osu018,latest,jt51_a
automated_osu018_iscas_final_s420.gml,automated_osu018,iscas,s420
automated_osu018_openmsp430_latest_final_omsp_multiplier.gml,automated_osu018,latest,omsp_multiplier
automated_osu018_pairing_latest_final_func2.gml,automated_osu018,latest,func2
automated_osu018_cookbook_final_gearbox_20_67.gml,automated_osu018,cookbook,gearbox_20_67
automated_osu018_cookbook_final_gearbox_66_32.gml,automated_osu018,cookbook,gearbox_66_32
automated_osu018_fpga-median_latest_final_media.gml,automated_osu018,latest,media
automated_osu018_amber_latest_final_eth_top.gml,automated_osu018,latest,eth_top
automated_osu018_Lightweight-Threshold-Implementations-master_final_TI_Simon_Cor.gml,automated_osu018,Lightweight-Threshold-Implementations-master,TI_Simon_Cor
automated_osu018_cookbook_final_font_rom.gml,automated_osu018,cookbook,font_rom
automated_osu018_aes-master_final_aes.gml,automated_osu018,aes-master,aes
automated_osu018_m32632_latest_final_ICACHE_SM.gml,automated_osu018,latest,ICACHE_SM
automated_osu018_rs_encoder_decoder_latest_final_GF8Mult132.gml,automated_osu018,latest,GF8Mult132
automated_osu018_rs_encoder_decoder_latest_final_GF8Mult126.gml,automated_osu018,latest,GF8Mult126
automated_osu018_orsoc_graphics_accelerator_final_basic_fifo.gml,automated_osu018,accelerator,basic_fifo
automated_osu018_rs_encoder_decoder_latest_final_GF8Mult46.gml,automated_osu018,latest,GF8Mult46
automated_osu018_tiny_tate_bilinear_pairing_latest_final_f3_mult.gml,automated_osu018,latest,f3_mult
automated_osu018_rs_encoder_decoder_latest_final_GF8Invers.gml,automated_osu018,latest,GF8Invers
automated_osu018_rs_encoder_decoder_latest_final_GF8Mult52.gml,automated_osu018,latest,GF8Mult52
automated_osu018_rsencoder_latest_final_GFADD.gml,automated_osu018,latest,GFADD
automated_osu018_minirisc_latest_final_xilinx_inc8.gml,automated_osu018,latest,xilinx_inc8
automated_osu018_des_latest_final_sbox7.gml,automated_osu018,latest,sbox7
automated_osu018_ft816float_latest_final_delay4.gml,automated_osu018,latest,delay4
automated_osu018_RSA-Verilog-master_final_and_add.gml,automated_osu018,RSA-Verilog-master,and_add
automated_osu018_aes_highthroughput_lowarea_latest_final_MUL9.gml,automated_osu018,latest,MUL9
automated_osu018_openmsp430_latest_final_counter_bus_mux.gml,automated_osu018,latest,counter_bus_mux
automated_osu018_rs_encoder_decoder_latest_final_GF8Mult85.gml,automated_osu018,latest,GF8Mult85
automated_osu018_ft816float_latest_final_fp_decomp.gml,automated_osu018,latest,fp_decomp
automated_osu018_sha512-master_final_sha512_cor.gml,automated_osu018,sha512-master,sha512_cor
automated_osu018_altor32_latest_final_altor32_dcache_mem_if.gml,automated_osu018,latest,altor32_dcache_mem_if
automated_osu018_rs_encoder_decoder_latest_final_GF8Mult91.gml,automated_osu018,latest,GF8Mult91
automated_osu018_openmsp430_latest_final_ram_16x1k_dp.gml,automated_osu018,latest,ram_16x1k_dp
automated_osu018_AES-T100_final_one_round.gml,automated_osu018,AES-T100,one_round
automated_osu018_ecg_latest_final_func4.gml,automated_osu018,latest,func4
automated_osu018_a-z80_latest_final_bus_control.gml,automated_osu018,latest,bus_control
automated_osu018_iscas_final_CLAmodul.gml,automated_osu018,iscas,CLAmodul
automated_osu018_turbo8051_latest_final_g_rx_crc32.gml,automated_osu018,latest,g_rx_crc32
automated_osu018_cookbook_final_crc32_dat16_flat.gml,automated_osu018,cookbook,crc32_dat16_flat
automated_osu018_turbo8051_latest_final_stat_counter.gml,automated_osu018,latest,stat_counter
automated_osu018_cookbook_final_gf_mult_by_9.gml,automated_osu018,cookbook,gf_mult_by_9
automated_osu018_openmsp430_latest_final_DE0_NANO_SOC_QSYS_sysid_qsys.gml,automated_osu018,latest,DE0_NANO_SOC_QSYS_sysid_qsys
automated_osu018_minirisc_latest_final_xilinx_mux2_8.gml,automated_osu018,latest,xilinx_mux2_8
automated_osu018_cavlc_latest_final_cavlc_fsm.gml,automated_osu018,latest,cavlc_fsm
automated_osu018_edge_latest_final_register.gml,automated_osu018,latest,register
automated_osu018_AES-T100_final_expand_key_128.gml,automated_osu018,AES-T100,expand_key_128
automated_osu018_rs_decoder_31_19_6_latest_final_fifo_register.gml,automated_osu018,latest,fifo_register
automated_osu018_csa_latest_final_key_computer.gml,automated_osu018,latest,key_computer
automated_osu018_cookbook_final_expand.gml,automated_osu018,cookbook,expand
automated_osu018_reed_solomon_codec_generator_latest_final_RsDecodeErasur.gml,automated_osu018,latest,RsDecodeErasur
automated_osu018_des-master_final_key_sel.gml,automated_osu018,des-master,key_sel
automated_osu018_jt51_latest_final_jt51_noise_lfsr.gml,automated_osu018,latest,jt51_noise_lfsr
automated_osu018_m32632_latest_final_DFPU_DIV.gml,automated_osu018,latest,DFPU_DIV
automated_osu018_pairing_latest_final_f3m_mult.gml,automated_osu018,latest,f3m_mult
automated_osu018_reed_solomon_codec_generator_latest_final_RsDecodeDegr.gml,automated_osu018,latest,RsDecodeDegr
automated_osu018_cookbook_final_gf_mult_by_8.gml,automated_osu018,cookbook,gf_mult_by_8
automated_osu018_cookbook_final_gearbox_32_66.gml,automated_osu018,cookbook,gearbox_32_66
automated_osu018_signed_integer_divider_latest_final_shifter.gml,automated_osu018,latest,shifter
automated_osu018_cpu8080_latest_final_M8080.gml,automated_osu018,latest,M8080
automated_osu018_ecg_latest_final_func5.gml,automated_osu018,latest,func5
automated_osu018_rs_encoder_decoder_latest_final_GF8Mult90.gml,automated_osu018,latest,GF8Mult90
automated_osu018_a-z80_latest_final_alu_sli.gml,automated_osu018,latest,alu_sli
automated_osu018_ft816float_latest_final_fpDecompos.gml,automated_osu018,latest,fpDecompos
automated_osu018_tiny_aes_latest_final_expand_key_type_B_192.gml,automated_osu018,latest,expand_key_type_B_192
automated_osu018_rs_encoder_decoder_latest_final_GF8Mult84.gml,automated_osu018,latest,GF8Mult84
automated_osu018_a-z80_latest_final_alu_flags.gml,automated_osu018,latest,alu_flags
automated_osu018_asynchronous_master_spi_final_spi_master.gml,automated_osu018,spi,spi_master
automated_osu018_viterb_encoder_and_decoder_final_mem.gml,automated_osu018,decoder,mem
automated_osu018_des_latest_final_sbox6.gml,automated_osu018,latest,sbox6
automated_osu018_ft816float_latest_final_delay5.gml,automated_osu018,latest,delay5
automated_osu018_mriscvcore_final_FSM_Boot.gml,automated_osu018,mriscvcore,FSM_Boot
automated_osu018_rs_encoder_decoder_latest_final_GF8Mult53.gml,automated_osu018,latest,GF8Mult53
automated_osu018_Lightweight-Threshold-Implementations-master_final_bitSpeck128_128_unpro.gml,automated_osu018,Lightweight-Threshold-Implementations-master,bitSpeck128_128_unpro
automated_osu018_rs_encoder_decoder_latest_final_GF8Mult47.gml,automated_osu018,latest,GF8Mult47
automated_osu018_rs_encoder_decoder_latest_final_GF8Mult127.gml,automated_osu018,latest,GF8Mult127
automated_osu018_cookbook_final_frequency_monitor.gml,automated_osu018,cookbook,frequency_monitor
automated_osu018_cookbook_final_mask_16.gml,automated_osu018,cookbook,mask_16
automated_osu018_fast_log_latest_final_Log2pipelined.gml,automated_osu018,latest,Log2pipelined
automated_osu018_rs_encoder_decoder_latest_final_GF8Mult133.gml,automated_osu018,latest,GF8Mult133
automated_osu018_openmsp430_latest_final_omsp_gpio.gml,automated_osu018,latest,omsp_gpio
automated_osu018_AES-T200_final_xS.gml,automated_osu018,AES-T200,xS
automated_osu018_iscas_final_TopLevel74181.gml,automated_osu018,iscas,TopLevel74181
automated_osu018_openmsp430_latest_final_adc_data_fifo.gml,automated_osu018,latest,adc_data_fifo
automated_osu018_cookbook_final_gearbox_20_66.gml,automated_osu018,cookbook,gearbox_20_66
automated_osu018_pairing_latest_final_func3.gml,automated_osu018,latest,func3
automated_osu018_openmsp430_latest_final_DE0_NANO_SOC_QSYS_jtag_uart_sim_scfifo_r.gml,automated_osu018,latest,DE0_NANO_SOC_QSYS_jtag_uart_sim_scfifo_r
automated_osu018_signed_integer_divider_latest_final_shift_3.gml,automated_osu018,latest,shift_3
automated_osu018_turbo8051_latest_final_wb_crossbar.gml,automated_osu018,latest,wb_crossbar
automated_osu018_m32632_latest_final_DP_FPU.gml,automated_osu018,latest,DP_FPU
automated_osu018_8051_latest_final_oc8051_alu_src_sel.gml,automated_osu018,latest,oc8051_alu_src_sel
automated_osu018_cookbook_final_gearbox_33_32.gml,automated_osu018,cookbook,gearbox_33_32
automated_osu018_orsoc_graphics_accelerator_final_gfx_clip.gml,automated_osu018,accelerator,gfx_clip
automated_osu018_turbo8051_latest_final_oc8051_ports.gml,automated_osu018,latest,oc8051_ports
automated_osu018_cookbook_final_gf_mult_by_3f.gml,automated_osu018,cookbook,gf_mult_by_3f
automated_osu018_cookbook_final_gf_mult_by_e7.gml,automated_osu018,cookbook,gf_mult_by_e7
automated_osu018_cookbook_final_gf_mult_by_d3.gml,automated_osu018,cookbook,gf_mult_by_d3
automated_osu018_cookbook_final_gf_mult_by_18.gml,automated_osu018,cookbook,gf_mult_by_18
automated_osu018_iscas_final_s838.gml,automated_osu018,iscas,s838
automated_osu018_cookbook_final_gf_mult_by_30.gml,automated_osu018,cookbook,gf_mult_by_30
automated_osu018_numbert_sort_device_latest_final_SEG7_LUT_4.gml,automated_osu018,latest,SEG7_LUT_4
automated_osu018_cookbook_final_gf_mult_by_ea.gml,automated_osu018,cookbook,gf_mult_by_ea
automated_osu018_openmsp430_latest_final_altera_reset_controller.gml,automated_osu018,latest,altera_reset_controller
automated_osu018_cookbook_final_gf_mult_by_24.gml,automated_osu018,cookbook,gf_mult_by_24
automated_osu018_8051_latest_final_oc8051_t.gml,automated_osu018,latest,oc8051_t
automated_osu018_gng_latest_final_gng.gml,automated_osu018,latest,gng
automated_osu018_iscas_final_EO.gml,automated_osu018,iscas,EO
automated_osu018_Lightweight-Threshold-Implementations-master_final_and4.gml,automated_osu018,Lightweight-Threshold-Implementations-master,and4
automated_osu018_reed_solomon_codec_generator_latest_final_RsDecodeShiftOmega.gml,automated_osu018,latest,RsDecodeShiftOmega
automated_osu018_rs_encoder_decoder_latest_final_RS8CALCR08.gml,automated_osu018,latest,RS8CALCR08
automated_osu018_a-z80_latest_final_interrupts.gml,automated_osu018,latest,interrupts
automated_osu018_rs_encoder_decoder_latest_final_GF8Mult251.gml,automated_osu018,latest,GF8Mult251
automated_osu018_ecg_latest_final_f3m_add3.gml,automated_osu018,latest,f3m_add3
automated_osu018_rs_encoder_decoder_latest_final_GF8Mult245.gml,automated_osu018,latest,GF8Mult245
automated_osu018_xge_mac_latest_final_rx_enqueu.gml,automated_osu018,latest,rx_enqueu
automated_osu018_rs_encoder_decoder_latest_final_GF8Mult253.gml,automated_osu018,latest,GF8Mult253
automated_osu018_cookbook_final_final_permut.gml,automated_osu018,cookbook,final_permut
automated_osu018_reed_solomon_decoder_latest_final_input_syndromes.gml,automated_osu018,latest,input_syndromes
automated_osu018_rs_encoder_decoder_latest_final_GF8Mult247.gml,automated_osu018,latest,GF8Mult247
automated_osu018_iscas_final_s35932.gml,automated_osu018,iscas,s35932
automated_osu018_fixed_point_arithmetic_parameterized_latest_final_qadd.gml,automated_osu018,latest,qadd
automated_osu018_openmsp430_latest_final_chipscope_ila.gml,automated_osu018,latest,chipscope_ila
automated_osu018_cookbook_final_inv_mix_one_colum.gml,automated_osu018,cookbook,inv_mix_one_colum
automated_osu018_iscas_final_MUX21H.gml,automated_osu018,iscas,MUX21H
automated_osu018_AES-T100_final_lfsr_counter.gml,automated_osu018,AES-T100,lfsr_counter
automated_osu018_cookbook_final_gf_mult_by_f9.gml,automated_osu018,cookbook,gf_mult_by_f9
automated_osu018_cookbook_final_crc32c_zer64_flat.gml,automated_osu018,cookbook,crc32c_zer64_flat
automated_osu018_des_latest_final_key_sel.gml,automated_osu018,latest,key_sel
automated_osu018_cookbook_final_gf_mult_by_32.gml,automated_osu018,cookbook,gf_mult_by_32
automated_osu018_cookbook_final_gf_mult_by_26.gml,automated_osu018,cookbook,gf_mult_by_26
automated_osu018_bch_configurable_latest_final_test_correct.gml,automated_osu018,latest,test_correct
automated_osu018_cookbook_final_gf_mult_by_e5.gml,automated_osu018,cookbook,gf_mult_by_e5
automated_osu018_cookbook_final_gf_mult_by_3d.gml,automated_osu018,cookbook,gf_mult_by_3d
automated_osu018_cookbook_final_ascii_to_bi.gml,automated_osu018,cookbook,ascii_to_bi
automated_osu018_amber_latest_final_eth_maccontrol.gml,automated_osu018,latest,eth_maccontrol
automated_osu018_mem_ctrl_latest_final_err_check.gml,automated_osu018,latest,err_check
automated_osu018_cookbook_final_gf_mult_by_d1.gml,automated_osu018,cookbook,gf_mult_by_d1
automated_osu018_reed_solomon_decoder_latest_final_error_correctio.gml,automated_osu018,latest,error_correctio
automated_osu018_openmsp430_latest_final_ram_16x8k_dp.gml,automated_osu018,latest,ram_16x8k_dp
automated_osu018_RSA-Verilog-master_final_mon_prod_s.gml,automated_osu018,RSA-Verilog-master,mon_prod_s
automated_osu018_pairing_latest_final_func1.gml,automated_osu018,latest,func1
automated_osu018_signed_integer_divider_latest_final_shift_1.gml,automated_osu018,latest,shift_1
automated_osu018_ecg_latest_final_f3m_su.gml,automated_osu018,latest,f3m_su
automated_osu018_sha1-master_final_sha1_w_mem.gml,automated_osu018,sha1-master,sha1_w_mem
automated_osu018_present_encryptor_latest_final_present_encryptor_top.gml,automated_osu018,latest,present_encryptor_top
automated_osu018_cookbook_final_round_key_select.gml,automated_osu018,cookbook,round_key_select
automated_osu018_iscas_final_s386.gml,automated_osu018,iscas,s386
automated_osu018_a-z80_latest_final_memory_if.gml,automated_osu018,latest,memory_if
automated_osu018_tiny_tate_bilinear_pairing_latest_final_f3_add.gml,automated_osu018,latest,f3_add
automated_osu018_edge_latest_final_div_unit.gml,automated_osu018,latest,div_unit
automated_osu018_gcm-aes_latest_final_aes_key_expand_128.gml,automated_osu018,latest,aes_key_expand_128
automated_osu018_rs_encoder_decoder_latest_final_GF8Mult125.gml,automated_osu018,latest,GF8Mult125
automated_osu018_rs_encoder_decoder_latest_final_GF8Mult79.gml,automated_osu018,latest,GF8Mult79
automated_osu018_rs_encoder_decoder_latest_final_GF8Mult131.gml,automated_osu018,latest,GF8Mult131
automated_osu018_rs_decoder_31_19_6_latest_final_MainControl.gml,automated_osu018,latest,MainControl
automated_osu018_altor32_latest_final_altor32_ram_sp.gml,automated_osu018,latest,altor32_ram_sp
automated_osu018_tiny_aes_latest_final_aes_128.gml,automated_osu018,latest,aes_128
automated_osu018_rs_encoder_decoder_latest_final_GF8Mult119.gml,automated_osu018,latest,GF8Mult119
automated_osu018_rs_encoder_decoder_latest_final_GF8Mult51.gml,automated_osu018,latest,GF8Mult51
automated_osu018_rs_encoder_decoder_latest_final_GF8Mult45.gml,automated_osu018,latest,GF8Mult45
automated_osu018_cookbook_final_k_tabl.gml,automated_osu018,cookbook,k_tabl
automated_osu018_aes-128_pipelined_encryption_latest_final_KeyExpantio.gml,automated_osu018,latest,KeyExpantio
automated_osu018_cookbook_final_inv_shift_rows.gml,automated_osu018,cookbook,inv_shift_rows
automated_osu018_des_latest_final_sbox4.gml,automated_osu018,latest,sbox4
automated_osu018_rs_encoder_decoder_latest_final_GF8Mult92.gml,automated_osu018,latest,GF8Mult92
automated_osu018_mriscvcore_final_Alg_Boot.gml,automated_osu018,mriscvcore,Alg_Boot
automated_osu018_mriscvcore_final_divM.gml,automated_osu018,mriscvcore,divM
automated_osu018_Lightweight-Threshold-Implementations-master_final_simon_key_expansion_shiftreg.gml,automated_osu018,Lightweight-Threshold-Implementations-master,simon_key_expansion_shiftreg
automated_osu018_rs_encoder_decoder_latest_final_GF8Mult86.gml,automated_osu018,latest,GF8Mult86
automated_osu018_xge_mac_latest_final_tx_data_fifo.gml,automated_osu018,latest,tx_data_fifo
automated_osu018_ecg_latest_final_func7.gml,automated_osu018,latest,func7
automated_osu018_cpu8080_latest_final_scnromu.gml,automated_osu018,latest,scnromu
automated_osu018_a-z80_latest_final_ir.gml,automated_osu018,latest,ir
automated_osu018_a-z80_latest_final_alu_prep_daa.gml,automated_osu018,latest,alu_prep_daa
automated_osu018_cookbook_final_scrambler_lfsr.gml,automated_osu018,cookbook,scrambler_lfsr
automated_osu018_edge_latest_final_shifter_left.gml,automated_osu018,latest,shifter_left
automated_osu018_rs_encoder_decoder_latest_final_Mux8To1.gml,automated_osu018,latest,Mux8To1
automated_osu018_a-z80_latest_final_address_lat.gml,automated_osu018,latest,address_lat
automated_osu018_gost28147-89_latest_final_gost89_.gml,automated_osu018,latest,gost89_
automated_osu018_edge_latest_final_if_id_pipereg.gml,automated_osu018,latest,if_id_pipereg
automated_osu018_iscas_final_OR4.gml,automated_osu018,iscas,OR4
automated_osu018_amber_latest_final_a25_alu.gml,automated_osu018,latest,a25_alu
automated_osu018_Aquarius_latest_final_register.gml,automated_osu018,latest,register
automated_osu018_turbo8051_latest_final_bit_register.gml,automated_osu018,latest,bit_register
automated_osu018_m1_core_latest_final_wb_text_vga.gml,automated_osu018,latest,wb_text_vga
automated_osu018_a-z80_latest_final_alu_mux_4.gml,automated_osu018,latest,alu_mux_4
automated_osu018_amber_latest_final_a25_multiply.gml,automated_osu018,latest,a25_multiply
automated_osu018_ecg_latest_final_func6.gml,automated_osu018,latest,func6
automated_osu018_ft816float_latest_final_cntlz64.gml,automated_osu018,latest,cntlz64
automated_osu018_fast_log_latest_final_Log2flowthru.gml,automated_osu018,latest,Log2flowthru
automated_osu018_m32632_latest_final_SFPU_ADDSUB.gml,automated_osu018,latest,SFPU_ADDSUB
automated_osu018_rs_encoder_decoder_latest_final_GF8Reg.gml,automated_osu018,latest,GF8Reg
automated_osu018_edge_latest_final_clock_manager.gml,automated_osu018,latest,clock_manager
automated_osu018_rs_encoder_decoder_latest_final_GF8Mult87.gml,automated_osu018,latest,GF8Mult87
automated_osu018_a-z80_latest_final_data_pins.gml,automated_osu018,latest,data_pins
automated_osu018_cavlc_latest_final_cavlc_len_g.gml,automated_osu018,latest,cavlc_len_g
automated_osu018_cookbook_final_sum_of_64.gml,automated_osu018,cookbook,sum_of_64
automated_osu018_rs_encoder_decoder_latest_final_GF8Mult93.gml,automated_osu018,latest,GF8Mult93
automated_osu018_des_latest_final_sbox5.gml,automated_osu018,latest,sbox5
automated_osu018_cookbook_final_eight_input_rom.gml,automated_osu018,cookbook,eight_input_rom
automated_osu018_cookbook_final_clock_mux_t.gml,automated_osu018,cookbook,clock_mux_t
automated_osu018_rs_encoder_decoder_latest_final_GF8Mult44.gml,automated_osu018,latest,GF8Mult44
automated_osu018_hamming_latest_final_ham_7_4_d.gml,automated_osu018,latest,ham_7_4_d
automated_osu018_rs_encoder_decoder_latest_final_GF8Mult50.gml,automated_osu018,latest,GF8Mult50
automated_osu018_rs_encoder_decoder_latest_final_GF8Mult118.gml,automated_osu018,latest,GF8Mult118
automated_osu018_rs_encoder_decoder_latest_final_GF8Mult130.gml,automated_osu018,latest,GF8Mult130
automated_osu018_rs_encoder_decoder_latest_final_GF8Mult78.gml,automated_osu018,latest,GF8Mult78
automated_osu018_pairing_latest_final_f3m_mux3.gml,automated_osu018,latest,f3m_mux3
automated_osu018_m1_core_latest_final_fontmap_rom.gml,automated_osu018,latest,fontmap_rom
automated_osu018_rs_encoder_decoder_latest_final_GF8Mult124.gml,automated_osu018,latest,GF8Mult124
automated_osu018_iscas_final_TopLevel74182.gml,automated_osu018,iscas,TopLevel74182
automated_osu018_mesi_isc_final_mesi_is.gml,automated_osu018,isc,mesi_is
automated_osu018_mriscvcore_final_mriscvcore_synt.gml,automated_osu018,mriscvcore,mriscvcore_synt
automated_osu018_iscas_final_s344.gml,automated_osu018,iscas,s344
automated_osu018_pairing_latest_final_f32m_add3.gml,automated_osu018,latest,f32m_add3
automated_osu018_gost28147-89_latest_final_gost89_ecb_encrypt.gml,automated_osu018,latest,gost89_ecb_encrypt
automated_osu018_turbo8051_latest_final_oc8051_tc2.gml,automated_osu018,latest,oc8051_tc2
automated_osu018_turbo8051_latest_final_g_tx_top.gml,automated_osu018,latest,g_tx_top
automated_osu018_fpu_latest_final_add_sub27.gml,automated_osu018,latest,add_sub27
automated_osu018_minirisc_latest_final_xilinx_mux8_1.gml,automated_osu018,latest,xilinx_mux8_1
automated_osu018_fpu_latest_final_div_r2.gml,automated_osu018,latest,div_r2
automated_osu018_cookbook_final_gf_mult_by_2a.gml,automated_osu018,cookbook,gf_mult_by_2a
automated_osu018_cookbook_final_ecc_correction_8bit.gml,automated_osu018,cookbook,ecc_correction_8bit
automated_osu018_xge_mac_latest_final_rx_stats_fifo.gml,automated_osu018,latest,rx_stats_fifo
automated_osu018_cookbook_final_gf_mult_by_d0.gml,automated_osu018,cookbook,gf_mult_by_d0
automated_osu018_sha256-master_final_sha256.gml,automated_osu018,sha256-master,sha256
automated_osu018_cookbook_final_gf_mult_by_e4.gml,automated_osu018,cookbook,gf_mult_by_e4
automated_osu018_AES-T100_final_S4.gml,automated_osu018,AES-T100,S4
automated_osu018_mriscv_final_ADC_interface_APB.gml,automated_osu018,mriscv,ADC_interface_APB
automated_osu018_openmsp430_latest_final_chipscope_ico.gml,automated_osu018,latest,chipscope_ico
automated_osu018_cookbook_final_gf_mult_by_27.gml,automated_osu018,cookbook,gf_mult_by_27
automated_osu018_cookbook_final_gf_mult_by_df.gml,automated_osu018,cookbook,gf_mult_by_df
automated_osu018_cookbook_final_gf_mult_by_f8.gml,automated_osu018,cookbook,gf_mult_by_f8
automated_osu018_cookbook_final_gf_mult_by_33.gml,automated_osu018,cookbook,gf_mult_by_33
automated_osu018_amber_latest_final_a25_coprocessor.gml,automated_osu018,latest,a25_coprocessor
automated_osu018_amber_latest_final_a25_wishbone_buf.gml,automated_osu018,latest,a25_wishbone_buf
automated_osu018_cookbook_final_uart_hw_test.gml,automated_osu018,cookbook,uart_hw_test
automated_osu018_turbo8051_latest_final_oc8051_sp.gml,automated_osu018,latest,oc8051_sp
automated_osu018_systemcaes_latest_final_byte_mixcolum.gml,automated_osu018,latest,byte_mixcolum
automated_osu018_cookbook_final_asc_hex_to_nybbl.gml,automated_osu018,cookbook,asc_hex_to_nybbl
automated_osu018_rs_encoder_decoder_latest_final_GF8Mult246.gml,automated_osu018,latest,GF8Mult246
automated_osu018_mips_16_latest_final_MEM_stag.gml,automated_osu018,latest,MEM_stag
automated_osu018_rs_encoder_decoder_latest_final_GF8Mult252.gml,automated_osu018,latest,GF8Mult252
automated_osu018_rs_encoder_decoder_latest_final_GF8Mult209.gml,automated_osu018,latest,GF8Mult209
automated_osu018_amber_latest_final_eth_txcounters.gml,automated_osu018,latest,eth_txcounters
automated_osu018_cookbook_final_gf_mult_by_9a.gml,automated_osu018,cookbook,gf_mult_by_9a
automated_osu018_rs_encoder_decoder_latest_final_GF8Mult235.gml,automated_osu018,latest,GF8Mult235
automated_osu018_cookbook_final_gf_mult_by_97.gml,automated_osu018,cookbook,gf_mult_by_97
automated_osu018_cookbook_final_gf_mult_by_83.gml,automated_osu018,cookbook,gf_mult_by_83
automated_osu018_AES-T1000_final_final_round.gml,automated_osu018,AES-T1000,final_round
automated_osu018_rs_encoder_decoder_latest_final_GF8Mult221.gml,automated_osu018,latest,GF8Mult221
automated_osu018_cookbook_final_gf_mult_by_c3.gml,automated_osu018,cookbook,gf_mult_by_c3
automated_osu018_16x2_lcd_display_driver_latest_final_lcd_fpga.gml,automated_osu018,latest,lcd_fpga
automated_osu018_cookbook_final_gf_mult_by_68.gml,automated_osu018,cookbook,gf_mult_by_68
automated_osu018_amber_latest_final_eth_clockg.gml,automated_osu018,latest,eth_clockg
automated_osu018_ecg_latest_final_f3m_add.gml,automated_osu018,latest,f3m_add
automated_osu018_rs_encoder_decoder_latest_final_RS8Encoder8t.gml,automated_osu018,latest,RS8Encoder8t
automated_osu018_ft816float_latest_final_fpLOOUnit.gml,automated_osu018,latest,fpLOOUnit
automated_osu018_cookbook_final_gf_mult_by_4f.gml,automated_osu018,cookbook,gf_mult_by_4f
automated_osu018_cookbook_final_gf_mult_by_b7.gml,automated_osu018,cookbook,gf_mult_by_b7
automated_osu018_Lightweight-Threshold-Implementations-master_final_datapath_shar.gml,automated_osu018,Lightweight-Threshold-Implementations-master,datapath_shar
automated_osu018_rs_encoder_decoder_latest_final_GF8Mult7.gml,automated_osu018,latest,GF8Mult7
automated_osu018_iscas_final_NR2.gml,automated_osu018,iscas,NR2
automated_osu018_cookbook_final_gf_mult_by_54.gml,automated_osu018,cookbook,gf_mult_by_54
automated_osu018_m32632_latest_final_MAKE_STAT.gml,automated_osu018,latest,MAKE_STAT
automated_osu018_amber_latest_final_a23_wishbo.gml,automated_osu018,latest,a23_wishbo
automated_osu018_cookbook_final_gf_mult_by_40.gml,automated_osu018,cookbook,gf_mult_by_40
automated_osu018_cookbook_final_gf_mult_by_ba.gml,automated_osu018,cookbook,gf_mult_by_ba
automated_osu018_ft816float_latest_final_fpDecomp.gml,automated_osu018,latest,fpDecomp
automated_osu018_iscas_final_s13207.gml,automated_osu018,iscas,s13207
automated_osu018_aes-master_final_aes_key_mem.gml,automated_osu018,aes-master,aes_key_mem
automated_osu018_hight_latest_final_RF.gml,automated_osu018,latest,RF
automated_osu018_cookbook_final_six_three_comp.gml,automated_osu018,cookbook,six_three_comp
automated_osu018_sha3_latest_final_padder1.gml,automated_osu018,latest,padder1
automated_osu018_minirisc_latest_final_mux2_7.gml,automated_osu018,latest,mux2_7
automated_osu018_jt51_latest_final_bus_manager.gml,automated_osu018,latest,bus_manager
automated_osu018_des-master_final_sbox4.gml,automated_osu018,des-master,sbox4
automated_osu018_cookbook_final_fec_rot_9.gml,automated_osu018,cookbook,fec_rot_9
automated_osu018_m32632_latest_final_MMU_MATCH.gml,automated_osu018,latest,MMU_MATCH
automated_osu018_rs_encoder_decoder_latest_final_GF8Mult37.gml,automated_osu018,latest,GF8Mult37
automated_osu018_rs_encoder_decoder_latest_final_GF8Mult23.gml,automated_osu018,latest,GF8Mult23
automated_osu018_iscas_final_AN3.gml,automated_osu018,iscas,AN3
automated_osu018_aes_highthroughput_lowarea_latest_final_shift_rows.gml,automated_osu018,latest,shift_rows
automated_osu018_rs_encoder_decoder_latest_final_GF8Mult143.gml,automated_osu018,latest,GF8Mult143
automated_osu018_rs_encoder_decoder_latest_final_GF8Mult157.gml,automated_osu018,latest,GF8Mult157
automated_osu018_m32632_latest_final_STEUERUNG.gml,automated_osu018,latest,STEUERUNG
automated_osu018_cr_div_latest_final_cr_di.gml,automated_osu018,latest,cr_di
automated_osu018_openmsp430_latest_final_in_buf.gml,automated_osu018,latest,in_buf
automated_osu018_cookbook_final_encoder.gml,automated_osu018,cookbook,encoder
automated_osu018_8bit_vedic_multiplier_latest_final_ripple_adder_6bit.gml,automated_osu018,latest,ripple_adder_6bit
automated_osu018_cookbook_final_fec_rot_25.gml,automated_osu018,cookbook,fec_rot_25
automated_osu018_cookbook_final_fec_rot_31.gml,automated_osu018,cookbook,fec_rot_31
automated_osu018_rs_encoder_decoder_latest_final_GF8Mult180.gml,automated_osu018,latest,GF8Mult180
automated_osu018_openmsp430_latest_final_omsp_alu.gml,automated_osu018,latest,omsp_alu
automated_osu018_cookbook_final_fec_rot_19.gml,automated_osu018,cookbook,fec_rot_19
automated_osu018_edge_latest_final_sign_extend.gml,automated_osu018,latest,sign_extend
automated_osu018_rs_encoder_decoder_latest_final_GF8Mult194.gml,automated_osu018,latest,GF8Mult194
automated_osu018_rs_decoder_31_19_6_latest_final_mux2_to_1.gml,automated_osu018,latest,mux2_to_1
automated_osu018_turbo8051_latest_final_g_dpath_ctrl.gml,automated_osu018,latest,g_dpath_ctrl
automated_osu018_viterb_encoder_and_decoder_final_ACS.gml,automated_osu018,decoder,ACS
automated_osu018_openmsp430_latest_final_DE0_NANO_SOC_QSYS_jtag_uart_scfifo_w.gml,automated_osu018,latest,DE0_NANO_SOC_QSYS_jtag_uart_scfifo_w
automated_osu018_16x2_lcd_display_driver_latest_final_lcd_16x2_8bit.gml,automated_osu018,latest,lcd_16x2_8bit
automated_osu018_crcahb_latest_final_bit_reversal.gml,automated_osu018,latest,bit_reversal
automated_osu018_a-z80_latest_final_reg_fil.gml,automated_osu018,latest,reg_fil
automated_osu018_rs_decoder_31_19_6_latest_final_CSEEblock.gml,automated_osu018,latest,CSEEblock
automated_osu018_tiny_tate_bilinear_pairing_latest_final_v2.gml,automated_osu018,latest,v2
automated_osu018_openmsp430_latest_final_ogfx_backend.gml,automated_osu018,latest,ogfx_backend
automated_osu018_AES-T1000_final_S4.gml,automated_osu018,AES-T1000,S4
automated_osu018_m32632_latest_final_SHIFTER.gml,automated_osu018,latest,SHIFTER
automated_osu018_mriscvcore_final_ALU_sXXx.gml,automated_osu018,mriscvcore,ALU_sXXx
automated_osu018_amber_latest_final_eth_miim.gml,automated_osu018,latest,eth_miim
automated_osu018_ft816float_latest_final_cntlz16.gml,automated_osu018,latest,cntlz16
automated_osu018_amber_latest_final_ddr3_afifo.gml,automated_osu018,latest,ddr3_afifo
automated_osu018_turbo8051_latest_final_double_sync_hig.gml,automated_osu018,latest,double_sync_hig
automated_osu018_rs_encoder_decoder_latest_final_GF8Mult195.gml,automated_osu018,latest,GF8Mult195
automated_osu018_cookbook_final_fec_rot_18.gml,automated_osu018,cookbook,fec_rot_18
automated_osu018_rs_encoder_decoder_latest_final_GF8Mult181.gml,automated_osu018,latest,GF8Mult181
automated_osu018_cookbook_final_fec_rot_30.gml,automated_osu018,cookbook,fec_rot_30
automated_osu018_systemcaes_latest_final_word_mixcolum.gml,automated_osu018,latest,word_mixcolum
automated_osu018_cookbook_final_fec_rot_24.gml,automated_osu018,cookbook,fec_rot_24
automated_osu018_iscas_final_s1238.gml,automated_osu018,iscas,s1238
automated_osu018_sha3_latest_final_keccak.gml,automated_osu018,latest,keccak
automated_osu018_rs_encoder_decoder_latest_final_GF8Mult156.gml,automated_osu018,latest,GF8Mult156
automated_osu018_openmsp430_latest_final_omsp_clock_mux.gml,automated_osu018,latest,omsp_clock_mux
automated_osu018_cookbook_final_cntr.gml,automated_osu018,cookbook,cntr
automated_osu018_rs_encoder_decoder_latest_final_GF8Mult142.gml,automated_osu018,latest,GF8Mult142
automated_osu018_iscas_final_AN2.gml,automated_osu018,iscas,AN2
automated_osu018_rs_encoder_decoder_latest_final_GF8Mult22.gml,automated_osu018,latest,GF8Mult22
automated_osu018_ft816float_latest_final_cntlz32Reg.gml,automated_osu018,latest,cntlz32Reg
automated_osu018_a-z80_latest_final_alu_mux_2z.gml,automated_osu018,latest,alu_mux_2z
automated_osu018_m32632_latest_final_CA_MATCH.gml,automated_osu018,latest,CA_MATCH
automated_osu018_rs_encoder_decoder_latest_final_GF8Mult36.gml,automated_osu018,latest,GF8Mult36
automated_osu018_double_fpu_latest_final_fpu_mul.gml,automated_osu018,latest,fpu_mul
automated_osu018_pairing_latest_final_f32m_mult.gml,automated_osu018,latest,f32m_mult
automated_osu018_iscas_final_s15850.gml,automated_osu018,iscas,s15850
automated_osu018_cookbook_final_fec_rot_8.gml,automated_osu018,cookbook,fec_rot_8
automated_osu018_cookbook_final_little_sigma_0_512.gml,automated_osu018,cookbook,little_sigma_0_512
automated_osu018_rtf8088_latest_final_stkmem.gml,automated_osu018,latest,stkmem
automated_osu018_turbo8051_latest_final_half_dup_dble_reg.gml,automated_osu018,latest,half_dup_dble_reg
automated_osu018_cookbook_final_buf_2to3.gml,automated_osu018,cookbook,buf_2to3
automated_osu018_des-master_final_sbox5.gml,automated_osu018,des-master,sbox5
automated_osu018_cookbook_final_prio_encod.gml,automated_osu018,cookbook,prio_encod
automated_osu018_xge_mac_latest_final_xge_ma.gml,automated_osu018,latest,xge_ma
automated_osu018_mriscvcore_final_ALU_blt.gml,automated_osu018,mriscvcore,ALU_blt
automated_osu018_ecg_latest_final_f3m_mux3.gml,automated_osu018,latest,f3m_mux3
automated_osu018_generic_fifos_latest_final_lfsr.gml,automated_osu018,latest,lfsr
automated_osu018_fpga-median_latest_final_dff_3_pip.gml,automated_osu018,latest,dff_3_pip
automated_osu018_iscas_final_s444.gml,automated_osu018,iscas,s444
automated_osu018_turbo8051_latest_final_uart_txfsm.gml,automated_osu018,latest,uart_txfsm
automated_osu018_cookbook_final_gf_mult_by_41.gml,automated_osu018,cookbook,gf_mult_by_41
automated_osu018_cookbook_final_gf_mult_by_cd.gml,automated_osu018,cookbook,gf_mult_by_cd
automated_osu018_iscas_final_NR3.gml,automated_osu018,iscas,NR3
automated_osu018_rs_encoder_decoder_latest_final_GF8Mult6.gml,automated_osu018,latest,GF8Mult6
automated_osu018_m1_core_latest_final_ps2_io_ctrl.gml,automated_osu018,latest,ps2_io_ctrl
automated_osu018_cookbook_final_gf_mult_by_55.gml,automated_osu018,cookbook,gf_mult_by_55
automated_osu018_dpll-isdn_latest_final_phasecomparator.gml,automated_osu018,latest,phasecomparator
automated_osu018_8051_latest_final_oc8051_rom.gml,automated_osu018,latest,oc8051_rom
automated_osu018_cookbook_final_gf_mult_by_b6.gml,automated_osu018,cookbook,gf_mult_by_b6
automated_osu018_Lightweight-Threshold-Implementations-master_final_key_schedule_modified3_simon_parallel.gml,automated_osu018,Lightweight-Threshold-Implementations-master,key_schedule_modified3_simon_parallel
automated_osu018_cookbook_final_gf_mult_by_c2.gml,automated_osu018,cookbook,gf_mult_by_c2
automated_osu018_m1_core_latest_final_ddr_init.gml,automated_osu018,latest,ddr_init
automated_osu018_cookbook_final_gf_mult_by_69.gml,automated_osu018,cookbook,gf_mult_by_69
automated_osu018_Lightweight-Threshold-Implementations-master_final_key_schedule_2.gml,automated_osu018,Lightweight-Threshold-Implementations-master,key_schedule_2
automated_osu018_cookbook_final_gf_mult_by_82.gml,automated_osu018,cookbook,gf_mult_by_82
automated_osu018_mriscvcore_final_FSM.gml,automated_osu018,mriscvcore,FSM
automated_osu018_rs_encoder_decoder_latest_final_GF8Mult220.gml,automated_osu018,latest,GF8Mult220
automated_osu018_rs_encoder_decoder_latest_final_GF8Mult234.gml,automated_osu018,latest,GF8Mult234
automated_osu018_cookbook_final_gf_mult_by_96.gml,automated_osu018,cookbook,gf_mult_by_96
automated_osu018_cookbook_final_gf_mult_by_8d.gml,automated_osu018,cookbook,gf_mult_by_8d
automated_osu018_iscas_final_c1355.gml,automated_osu018,iscas,c1355
automated_osu018_sdr_ctrl_latest_final_sdrc_req_g.gml,automated_osu018,latest,sdrc_req_g
automated_osu018_rs_encoder_decoder_latest_final_GF8Mult208.gml,automated_osu018,latest,GF8Mult208
automated_osu018_tiny_aes_latest_final_expand_key_type_B_256.gml,automated_osu018,latest,expand_key_type_B_256
automated_osu018_m32632_latest_final_WR_ALIGNER.gml,automated_osu018,latest,WR_ALIGNER
automated_osu018_cookbook_final_gf_mult_by_8f.gml,automated_osu018,cookbook,gf_mult_by_8f
automated_osu018_iscas_final_c3540.gml,automated_osu018,iscas,c3540
automated_osu018_8051_latest_final_oc8051_ram_top.gml,automated_osu018,latest,oc8051_ram_top
automated_osu018_apbtoaes128_latest_final_host_interfa.gml,automated_osu018,latest,host_interfa
automated_osu018_apbtoaes128_latest_final_control_unit.gml,automated_osu018,latest,control_unit
automated_osu018_rs_encoder_decoder_latest_final_GF8Mult222.gml,automated_osu018,latest,GF8Mult222
automated_osu018_cookbook_final_gf_mult_by_80.gml,automated_osu018,cookbook,gf_mult_by_80
automated_osu018_jt51_latest_final_jt51_timer.gml,automated_osu018,latest,jt51_timer
automated_osu018_cookbook_final_gf_mult_by_94.gml,automated_osu018,cookbook,gf_mult_by_94
automated_osu018_cookbook_final_crc32_dat88_flat.gml,automated_osu018,cookbook,crc32_dat88_flat
automated_osu018_rs_encoder_decoder_latest_final_GF8Mult236.gml,automated_osu018,latest,GF8Mult236
automated_osu018_cookbook_final_gf_mult_by_b4.gml,automated_osu018,cookbook,gf_mult_by_b4
automated_osu018_amber_latest_final_eth_txethma.gml,automated_osu018,latest,eth_txethma
automated_osu018_RSA-Verilog-master_final_shift_add_mult2.gml,automated_osu018,RSA-Verilog-master,shift_add_mult2
automated_osu018_cookbook_final_gf_mult_by_5a.gml,automated_osu018,cookbook,gf_mult_by_5a
automated_osu018_cookbook_final_gf_mult_by_c0.gml,automated_osu018,cookbook,gf_mult_by_c0
automated_osu018_aes_highthroughput_lowarea_latest_final_byte_mix_columns.gml,automated_osu018,latest,byte_mix_columns
automated_osu018_ecg_latest_final_f3m_mult3.gml,automated_osu018,latest,f3m_mult3
automated_osu018_cookbook_final_gf_mult_by_a8.gml,automated_osu018,cookbook,gf_mult_by_a8
automated_osu018_turbo8051_latest_final_oc8051_uart.gml,automated_osu018,latest,oc8051_uart
automated_osu018_cookbook_final_gf_mult_by_43.gml,automated_osu018,cookbook,gf_mult_by_43
automated_osu018_cookbook_final_gf_mult_by_57.gml,automated_osu018,cookbook,gf_mult_by_57
automated_osu018_sha_core_latest_final_sha512.gml,automated_osu018,latest,sha512
automated_osu018_rs_encoder_decoder_latest_final_GF8Mult4.gml,automated_osu018,latest,GF8Mult4
automated_osu018_cookbook_final_gf_mult_by_cf.gml,automated_osu018,cookbook,gf_mult_by_cf
automated_osu018_fpu_latest_final_fcmp.gml,automated_osu018,latest,fcmp
automated_osu018_cookbook_final_gearbox_66_40.gml,automated_osu018,cookbook,gearbox_66_40
automated_osu018_two_dimensional_fast_hartley_transform_latest_final_fht_bfly.gml,automated_osu018,latest,fht_bfly
automated_osu018_aes_highthroughput_lowarea_latest_final_inv_shift_rows.gml,automated_osu018,latest,inv_shift_rows
automated_osu018_openmsp430_latest_final_omsp_clock_gat.gml,automated_osu018,latest,omsp_clock_gat
automated_osu018_des-master_final_sbox7.gml,automated_osu018,des-master,sbox7
automated_osu018_aes_highthroughput_lowarea_latest_final_inv_word_mix_columns.gml,automated_osu018,latest,inv_word_mix_columns
automated_osu018_apbtoaes128_latest_final_mix_columns.gml,automated_osu018,latest,mix_columns
automated_osu018_rs_encoder_decoder_latest_final_GF8Mult168.gml,automated_osu018,latest,GF8Mult168
automated_osu018_rs_encoder_decoder_latest_final_GF8Mult20.gml,automated_osu018,latest,GF8Mult20
automated_osu018_rs_encoder_decoder_latest_final_GF8Mult34.gml,automated_osu018,latest,GF8Mult34
automated_osu018_iscas_final_s526.gml,automated_osu018,iscas,s526
automated_osu018_rs_encoder_decoder_latest_final_GF8Mult154.gml,automated_osu018,latest,GF8Mult154
automated_osu018_edge_latest_final_controller.gml,automated_osu018,latest,controller
automated_osu018_turbo8051_latest_final_wb_rd_mem2mem.gml,automated_osu018,latest,wb_rd_mem2mem
automated_osu018_rs_encoder_decoder_latest_final_GF8Mult140.gml,automated_osu018,latest,GF8Mult140
automated_osu018_jt51_latest_final_jt51.gml,automated_osu018,latest,jt51
automated_osu018_cookbook_final_fec_rot_32.gml,automated_osu018,cookbook,fec_rot_32
automated_osu018_cookbook_final_fec_rot_26.gml,automated_osu018,cookbook,fec_rot_26
automated_osu018_rs_encoder_decoder_latest_final_GF8Mult197.gml,automated_osu018,latest,GF8Mult197
automated_osu018_rs_encoder_decoder_latest_final_GF8Mult183.gml,automated_osu018,latest,GF8Mult183
automated_osu018_cookbook_final_reg_word_mux.gml,automated_osu018,cookbook,reg_word_mux
automated_osu018_rs_encoder_decoder_latest_final_Memmory.gml,automated_osu018,latest,Memmory
automated_osu018_m32632_latest_final_ADDSUB.gml,automated_osu018,latest,ADDSUB
automated_osu018_jt51_latest_final_jt51_op.gml,automated_osu018,latest,jt51_op
automated_osu018_tiny_aes_latest_final_expand_key_128.gml,automated_osu018,latest,expand_key_128
automated_osu018_edge_latest_final_shifter_decoder.gml,automated_osu018,latest,shifter_decoder
automated_osu018_mriscv_final_DAC_interface_APB.gml,automated_osu018,mriscv,DAC_interface_APB
automated_osu018_present_encryptor_latest_final_substitutio.gml,automated_osu018,latest,substitutio
automated_osu018_tiny_tate_bilinear_pairing_latest_final_v0.gml,automated_osu018,latest,v0
automated_osu018_cookbook_final_rot_word.gml,automated_osu018,cookbook,rot_word
automated_osu018_reed_solomon_codec_generator_latest_final_RsDecodeDpRam.gml,automated_osu018,latest,RsDecodeDpRam
automated_osu018_gcm-aes_latest_final_gcm_aes_v0.gml,automated_osu018,latest,gcm_aes_v0
automated_osu018_mem_ctrl_latest_final_mc_obct_dummy.gml,automated_osu018,latest,mc_obct_dummy
automated_osu018_cookbook_final_reference_arbiter.gml,automated_osu018,cookbook,reference_arbiter
automated_osu018_m32632_latest_final_OPDEC_REG.gml,automated_osu018,latest,OPDEC_REG
automated_osu018_tiny_tate_bilinear_pairing_latest_final_v1.gml,automated_osu018,latest,v1
automated_osu018_jt51_latest_final_jt51_lfo.gml,automated_osu018,latest,jt51_lfo
automated_osu018_des_latest_final_des3.gml,automated_osu018,latest,des3
automated_osu018_cookbook_final_crc32c_dat64_flat.gml,automated_osu018,cookbook,crc32c_dat64_flat
automated_osu018_aes-master_final_aes_sbox.gml,automated_osu018,aes-master,aes_sbox
automated_osu018_rs_encoder_decoder_latest_final_RS8Controller.gml,automated_osu018,latest,RS8Controller
automated_osu018_pairing_latest_final_f3m_add3.gml,automated_osu018,latest,f3m_add3
automated_osu018_altor32_latest_final_altor32_alu.gml,automated_osu018,latest,altor32_alu
automated_osu018_rs_encoder_decoder_latest_final_GF8Mult182.gml,automated_osu018,latest,GF8Mult182
automated_osu018_cookbook_final_parallax_gps.gml,automated_osu018,cookbook,parallax_gps
automated_osu018_cookbook_final_crc32_dat24_flat.gml,automated_osu018,cookbook,crc32_dat24_flat
automated_osu018_rs_encoder_decoder_latest_final_GF8Mult196.gml,automated_osu018,latest,GF8Mult196
automated_osu018_two_dimensional_fast_hartley_transform_latest_final_fht_8x8_cor.gml,automated_osu018,latest,fht_8x8_cor
automated_osu018_cookbook_final_fec_rot_27.gml,automated_osu018,cookbook,fec_rot_27
automated_osu018_xge_mac_latest_final_stats.gml,automated_osu018,latest,stats
automated_osu018_rs_encoder_decoder_latest_final_GF8Mult141.gml,automated_osu018,latest,GF8Mult141
automated_osu018_sha1-master_final_sha1.gml,automated_osu018,sha1-master,sha1
automated_osu018_sdr_ctrl_latest_final_sdrc_cor.gml,automated_osu018,latest,sdrc_cor
automated_osu018_amber_latest_final_eth_txstatem.gml,automated_osu018,latest,eth_txstatem
automated_osu018_rs_encoder_decoder_latest_final_GF8Mult155.gml,automated_osu018,latest,GF8Mult155
automated_osu018_ft816float_latest_final_cntlo32.gml,automated_osu018,latest,cntlo32
automated_osu018_rs_encoder_decoder_latest_final_GF8Mult35.gml,automated_osu018,latest,GF8Mult35
automated_osu018_rs_encoder_decoder_latest_final_GF8Mult21.gml,automated_osu018,latest,GF8Mult21
automated_osu018_rs_encoder_decoder_latest_final_GF8Mult169.gml,automated_osu018,latest,GF8Mult169
automated_osu018_openmsp430_latest_final_ram_sp.gml,automated_osu018,latest,ram_sp
automated_osu018_altor32_latest_final_cpu_if.gml,automated_osu018,latest,cpu_if
automated_osu018_Aquarius_latest_final_sasc_brg.gml,automated_osu018,latest,sasc_brg
automated_osu018_cookbook_final_big_sigma_0_512.gml,automated_osu018,cookbook,big_sigma_0_512
automated_osu018_cookbook_final_uart_tx.gml,automated_osu018,cookbook,uart_tx
automated_osu018_altor32_latest_final_altor32_lit.gml,automated_osu018,latest,altor32_lit
automated_osu018_ecg_latest_final_f3_su.gml,automated_osu018,latest,f3_su
automated_osu018_des-master_final_sbox6.gml,automated_osu018,des-master,sbox6
automated_osu018_tiny_tate_bilinear_pairing_latest_final_muxer.gml,automated_osu018,latest,muxer
automated_osu018_reed_solomon_decoder_latest_final_GF_matrix_d.gml,automated_osu018,latest,GF_matrix_d
automated_osu018_rs_encoder_decoder_latest_final_RS8ErrLocPoly8t.gml,automated_osu018,latest,RS8ErrLocPoly8t
automated_osu018_gost28147-89_latest_final_gost89_cfb_decrypt.gml,automated_osu018,latest,gost89_cfb_decrypt
automated_osu018_cpu8080_latest_final_alu.gml,automated_osu018,latest,alu
automated_osu018_rs_decoder_31_19_6_latest_final_register5_wl.gml,automated_osu018,latest,register5_wl
automated_osu018_hamming_latest_final_ham_7_4_.gml,automated_osu018,latest,ham_7_4_
automated_osu018_gost28147-89_latest_final_gost89_sbox.gml,automated_osu018,latest,gost89_sbox
automated_osu018_jt51_latest_final_jt51_exptabl.gml,automated_osu018,latest,jt51_exptabl
automated_osu018_cookbook_final_gf_mult_by_56.gml,automated_osu018,cookbook,gf_mult_by_56
automated_osu018_rs_encoder_decoder_latest_final_GF8Mult5.gml,automated_osu018,latest,GF8Mult5
automated_osu018_xge_mac_latest_final_rx_dequeu.gml,automated_osu018,latest,rx_dequeu
automated_osu018_m1_core_latest_final_ps2_translation_tabl.gml,automated_osu018,latest,ps2_translation_tabl
automated_osu018_cookbook_final_gf_mult_by_a9.gml,automated_osu018,cookbook,gf_mult_by_a9
automated_osu018_cookbook_final_gf_mult_by_42.gml,automated_osu018,cookbook,gf_mult_by_42
automated_osu018_ft816float_latest_final_f2i.gml,automated_osu018,latest,f2i
automated_osu018_aes_decrypt_fpga_latest_final_MUXF7.gml,automated_osu018,latest,MUXF7
automated_osu018_cookbook_final_gf_mult_by_c1.gml,automated_osu018,cookbook,gf_mult_by_c1
automated_osu018_ecg_latest_final_f3m_mult.gml,automated_osu018,latest,f3m_mult
automated_osu018_cookbook_final_gf_mult_by_b5.gml,automated_osu018,cookbook,gf_mult_by_b5
automated_osu018_cookbook_final_gf_mult_by_4d.gml,automated_osu018,cookbook,gf_mult_by_4d
automated_osu018_cookbook_final_gf_mult_by_95.gml,automated_osu018,cookbook,gf_mult_by_95
automated_osu018_rs_encoder_decoder_latest_final_GF8Mult237.gml,automated_osu018,latest,GF8Mult237
automated_osu018_rs_encoder_decoder_latest_final_GF8Mult223.gml,automated_osu018,latest,GF8Mult223
automated_osu018_Lightweight-Threshold-Implementations-master_final_key_schedule_1.gml,automated_osu018,Lightweight-Threshold-Implementations-master,key_schedule_1
automated_osu018_altor32_latest_final_altor32_wb_fet.gml,automated_osu018,latest,altor32_wb_fet
automated_osu018_cookbook_final_unstable_counters.gml,automated_osu018,cookbook,unstable_counters
automated_osu018_cookbook_final_gf_mult_by_81.gml,automated_osu018,cookbook,gf_mult_by_81
automated_osu018_turbo8051_latest_final_g_rx_top.gml,automated_osu018,latest,g_rx_top
automated_osu018_cookbook_final_gf_mult_by_85.gml,automated_osu018,cookbook,gf_mult_by_85
automated_osu018_ecg_latest_final_f3m_cubi.gml,automated_osu018,latest,f3m_cubi
automated_osu018_rs_encoder_decoder_latest_final_GF8Mult227.gml,automated_osu018,latest,GF8Mult227
automated_osu018_rs_encoder_decoder_latest_final_GF8Mult233.gml,automated_osu018,latest,GF8Mult233
automated_osu018_a-z80_latest_final_inc_d.gml,automated_osu018,latest,inc_d
automated_osu018_cookbook_final_chain_delay_ra.gml,automated_osu018,cookbook,chain_delay_ra
automated_osu018_cookbook_final_gf_mult_by_91.gml,automated_osu018,cookbook,gf_mult_by_91
automated_osu018_iscas_final_s641.gml,automated_osu018,iscas,s641
automated_osu018_AES-T100_final_xS.gml,automated_osu018,AES-T100,xS
automated_osu018_a-z80_latest_final_alu_select.gml,automated_osu018,latest,alu_select
automated_osu018_aes-128_pipelined_encryption_latest_final_Round.gml,automated_osu018,latest,Round
automated_osu018_a-z80_latest_final_alu_control.gml,automated_osu018,latest,alu_control
automated_osu018_signed_integer_divider_latest_final_operator_A.gml,automated_osu018,latest,operator_A
automated_osu018_mesi_isc_final_mesi_isc_breq_fifos_cntl.gml,automated_osu018,isc,mesi_isc_breq_fifos_cntl
automated_osu018_cookbook_final_gf_mult_by_46.gml,automated_osu018,cookbook,gf_mult_by_46
automated_osu018_iscas_final_NR4.gml,automated_osu018,iscas,NR4
automated_osu018_rs_encoder_decoder_latest_final_GF8Mult1.gml,automated_osu018,latest,GF8Mult1
automated_osu018_cookbook_final_gf_mult_by_52.gml,automated_osu018,cookbook,gf_mult_by_52
automated_osu018_sha_core_latest_final_sha1.gml,automated_osu018,latest,sha1
automated_osu018_m32632_latest_final_DRAM_SM.gml,automated_osu018,latest,DRAM_SM
automated_osu018_cookbook_final_gf_mult_by_b1.gml,automated_osu018,cookbook,gf_mult_by_b1
automated_osu018_cookbook_final_scrambler.gml,automated_osu018,cookbook,scrambler
automated_osu018_cookbook_final_gf_mult_by_c5.gml,automated_osu018,cookbook,gf_mult_by_c5
automated_osu018_turbo8051_latest_final_g_mac_top.gml,automated_osu018,latest,g_mac_top
automated_osu018_rs_encoder_decoder_latest_final_GF8GenMultModA.gml,automated_osu018,latest,GF8GenMultModA
automated_osu018_m1_core_latest_final_BUFG.gml,automated_osu018,latest,BUFG
automated_osu018_jt51_latest_final_jt51_sh2.gml,automated_osu018,latest,jt51_sh2
automated_osu018_cookbook_final_gf_mult_by_5d.gml,automated_osu018,cookbook,gf_mult_by_5d
automated_osu018_a-z80_latest_final_clk_delay.gml,automated_osu018,latest,clk_delay
automated_osu018_turbo8051_latest_final_clkg.gml,automated_osu018,latest,clkg
automated_osu018_turbo8051_latest_final_g_deferral_rx.gml,automated_osu018,latest,g_deferral_rx
automated_osu018_turbo8051_latest_final_spi_if.gml,automated_osu018,latest,spi_if
automated_osu018_openmsp430_latest_final_ogfx_gpu_dma_addr.gml,automated_osu018,latest,ogfx_gpu_dma_addr
automated_osu018_des-master_final_key_sel3.gml,automated_osu018,des-master,key_sel3
automated_osu018_reed_solomon_decoder_latest_final_GF_mult_add_syndromes.gml,automated_osu018,latest,GF_mult_add_syndromes
automated_osu018_pairing_latest_final_tate_pairing.gml,automated_osu018,latest,tate_pairing
automated_osu018_minirisc_latest_final_xilinx_mux2_11.gml,automated_osu018,latest,xilinx_mux2_11
automated_osu018_des-master_final_sbox2.gml,automated_osu018,des-master,sbox2
automated_osu018_rs_encoder_decoder_latest_final_GF8Mult19.gml,automated_osu018,latest,GF8Mult19
automated_osu018_rs_encoder_decoder_latest_final_GF8Mult151.gml,automated_osu018,latest,GF8Mult151
automated_osu018_amber_latest_final_a23_coprocessor.gml,automated_osu018,latest,a23_coprocessor
automated_osu018_iscas_final_c432.gml,automated_osu018,iscas,c432
automated_osu018_mriscv_final_flipsdataw.gml,automated_osu018,mriscv,flipsdataw
automated_osu018_openmsp430_latest_final_ogfx_ram_arbiter.gml,automated_osu018,latest,ogfx_ram_arbiter
automated_osu018_gcm-aes_latest_final_gfm128_16.gml,automated_osu018,latest,gfm128_16
automated_osu018_rs_encoder_decoder_latest_final_GF8Mult145.gml,automated_osu018,latest,GF8Mult145
automated_osu018_sdr_ctrl_latest_final_async_fifo.gml,automated_osu018,latest,async_fifo
automated_osu018_rs_encoder_decoder_latest_final_GF8Mult25.gml,automated_osu018,latest,GF8Mult25
automated_osu018_turbo8051_latest_final_wb_interfa.gml,automated_osu018,latest,wb_interfa
automated_osu018_rs_encoder_decoder_latest_final_GF8Mult179.gml,automated_osu018,latest,GF8Mult179
automated_osu018_rs_encoder_decoder_latest_final_GF8Mult31.gml,automated_osu018,latest,GF8Mult31
automated_osu018_dpll-isdn_latest_final_dpll.gml,automated_osu018,latest,dpll
automated_osu018_rs_encoder_decoder_latest_final_GF8Mult192.gml,automated_osu018,latest,GF8Mult192
automated_osu018_ft816float_latest_final_fpCompar.gml,automated_osu018,latest,fpCompar
automated_osu018_8051_latest_final_oc8051_multiply.gml,automated_osu018,latest,oc8051_multiply
automated_osu018_xge_mac_latest_final_tx_enqueu.gml,automated_osu018,latest,tx_enqueu
automated_osu018_rs_encoder_decoder_latest_final_GF8Mult186.gml,automated_osu018,latest,GF8Mult186
automated_osu018_xge_mac_latest_final_tx_stats_fifo.gml,automated_osu018,latest,tx_stats_fifo
automated_osu018_cookbook_final_twenty_to_eight.gml,automated_osu018,cookbook,twenty_to_eight
automated_osu018_SHA_final_CSA.gml,automated_osu018,SHA,CSA
automated_osu018_cookbook_final_scale_up.gml,automated_osu018,cookbook,scale_up
automated_osu018_cookbook_final_fec_rot_23.gml,automated_osu018,cookbook,fec_rot_23
automated_osu018_edge_latest_final_id_ex_pipereg.gml,automated_osu018,latest,id_ex_pipereg
automated_osu018_AES-T100_final_TSC.gml,automated_osu018,AES-T100,TSC
automated_osu018_openmsp430_latest_final_DE0_NANO_SOC_QSYS_nios2_qsys_test_.gml,automated_osu018,latest,DE0_NANO_SOC_QSYS_nios2_qsys_test_
automated_osu018_m1_core_latest_final_m1_cor.gml,automated_osu018,latest,m1_cor
automated_osu018_cookbook_final_tern_nod.gml,automated_osu018,cookbook,tern_nod
automated_osu018_present_encryptor_latest_final_key_updat.gml,automated_osu018,latest,key_updat
automated_osu018_m1_core_latest_final_m1_mmu.gml,automated_osu018,latest,m1_mmu
automated_osu018_mips_16_latest_final_IF_stag.gml,automated_osu018,latest,IF_stag
automated_osu018_cookbook_final_passwd_to_bi.gml,automated_osu018,cookbook,passwd_to_bi
automated_osu018_Lightweight-Threshold-Implementations-master_final_TI_Simon_TopModul.gml,automated_osu018,Lightweight-Threshold-Implementations-master,TI_Simon_TopModul
automated_osu018_edge_latest_final_mult_unit.gml,automated_osu018,latest,mult_unit
automated_osu018_chacha-master_final_chacha_cor.gml,automated_osu018,chacha-master,chacha_cor
automated_osu018_8051_latest_final_oc8051_comp.gml,automated_osu018,latest,oc8051_comp
automated_osu018_cookbook_final_ecc_encode_2bit.gml,automated_osu018,cookbook,ecc_encode_2bit
automated_osu018_simon_core_latest_final_simon_key_expansion_shiftreg.gml,automated_osu018,latest,simon_key_expansion_shiftreg
automated_osu018_cookbook_final_ecc_raw_data_8bit.gml,automated_osu018,cookbook,ecc_raw_data_8bit
automated_osu018_amber_latest_final_eth_rxcounters.gml,automated_osu018,latest,eth_rxcounters
automated_osu018_m32632_latest_final_NEU_VALID.gml,automated_osu018,latest,NEU_VALID
automated_osu018_openmsp430_latest_final_omsp_clock_modul.gml,automated_osu018,latest,omsp_clock_modul
automated_osu018_sdr_ctrl_latest_final_wb2sdr.gml,automated_osu018,latest,wb2sdr
automated_osu018_fpu_latest_final_fpu.gml,automated_osu018,latest,fpu
automated_osu018_8051_latest_final_oc8051_wb_iinterfa.gml,automated_osu018,latest,oc8051_wb_iinterfa
automated_osu018_cookbook_final_fec_rot_22.gml,automated_osu018,cookbook,fec_rot_22
automated_osu018_iscas_final_FD1.gml,automated_osu018,iscas,FD1
automated_osu018_cookbook_final_bitsca.gml,automated_osu018,cookbook,bitsca
automated_osu018_tiny_aes_latest_final_one_round.gml,automated_osu018,latest,one_round
automated_osu018_ft816float_latest_final_fp_cmp_unit.gml,automated_osu018,latest,fp_cmp_unit
automated_osu018_rs_encoder_decoder_latest_final_GF8Mult187.gml,automated_osu018,latest,GF8Mult187
automated_osu018_rs_encoder_decoder_latest_final_GF8Mult193.gml,automated_osu018,latest,GF8Mult193
automated_osu018_ft816float_latest_final_IntToFloat.gml,automated_osu018,latest,IntToFloat
automated_osu018_ft816float_latest_final_fpRoundReg.gml,automated_osu018,latest,fpRoundReg
automated_osu018_rs_encoder_decoder_latest_final_GF8Mult30.gml,automated_osu018,latest,GF8Mult30
automated_osu018_rs_encoder_decoder_latest_final_GF8Mult178.gml,automated_osu018,latest,GF8Mult178
automated_osu018_rs_encoder_decoder_latest_final_GF8Mult24.gml,automated_osu018,latest,GF8Mult24
automated_osu018_iscas_final_AN4.gml,automated_osu018,iscas,AN4
automated_osu018_rs_encoder_decoder_latest_final_GF8Mult144.gml,automated_osu018,latest,GF8Mult144
automated_osu018_rs_encoder_decoder_latest_final_GF8Mult150.gml,automated_osu018,latest,GF8Mult150
automated_osu018_rs_encoder_decoder_latest_final_GF8Mult18.gml,automated_osu018,latest,GF8Mult18
automated_osu018_Lightweight-Threshold-Implementations-master_final_simon_datapath_shiftreg.gml,automated_osu018,Lightweight-Threshold-Implementations-master,simon_datapath_shiftreg
automated_osu018_mem_ctrl_latest_final_mc_obct_top.gml,automated_osu018,latest,mc_obct_top
automated_osu018_cookbook_final_fixed_to_float.gml,automated_osu018,cookbook,fixed_to_float
automated_osu018_des-master_final_sbox3.gml,automated_osu018,des-master,sbox3
automated_osu018_signed_integer_divider_latest_final_adder_32bit.gml,automated_osu018,latest,adder_32bit
automated_osu018_cavlc_latest_final_cavlc_read_total_coeffs.gml,automated_osu018,latest,cavlc_read_total_coeffs
automated_osu018_a-z80_latest_final_execut.gml,automated_osu018,latest,execut
automated_osu018_systemcaes_latest_final_sbox.gml,automated_osu018,latest,sbox
automated_osu018_openmsp430_latest_final_omsp_timerA.gml,automated_osu018,latest,omsp_timerA
automated_osu018_reed_solomon_decoder_latest_final_DP_RAM.gml,automated_osu018,latest,DP_RAM
automated_osu018_cookbook_final_gf_mult_by_c4.gml,automated_osu018,cookbook,gf_mult_by_c4
automated_osu018_openmsp430_latest_final_driver_7segment.gml,automated_osu018,latest,driver_7segment
automated_osu018_cookbook_final_gf_mult_by_4a.gml,automated_osu018,cookbook,gf_mult_by_4a
automated_osu018_cookbook_final_gf_mult_by_b0.gml,automated_osu018,cookbook,gf_mult_by_b0
automated_osu018_rs_encoder_decoder_latest_final_GF8Mult0.gml,automated_osu018,latest,GF8Mult0
automated_osu018_gost28147-89_latest_final_gost89_ecb_decrypt.gml,automated_osu018,latest,gost89_ecb_decrypt
automated_osu018_cookbook_final_big_sigma_1_512.gml,automated_osu018,cookbook,big_sigma_1_512
automated_osu018_cookbook_final_gf_mult_by_53.gml,automated_osu018,cookbook,gf_mult_by_53
automated_osu018_cookbook_final_gf_mult_by_47.gml,automated_osu018,cookbook,gf_mult_by_47
automated_osu018_cookbook_final_gf_mult_by_bf.gml,automated_osu018,cookbook,gf_mult_by_bf
automated_osu018_aes_highthroughput_lowarea_latest_final_xtimes.gml,automated_osu018,latest,xtimes
automated_osu018_apbtoaes128_latest_final_sBox.gml,automated_osu018,latest,sBox
automated_osu018_pairing_latest_final_f33m_add.gml,automated_osu018,latest,f33m_add
automated_osu018_cookbook_final_gf_mult_by_9f.gml,automated_osu018,cookbook,gf_mult_by_9f
automated_osu018_mriscv_final_ADC_interface_AXI.gml,automated_osu018,mriscv,ADC_interface_AXI
automated_osu018_ecg_latest_final_f3m_ni.gml,automated_osu018,latest,f3m_ni
automated_osu018_pairing_latest_final_f32m_add.gml,automated_osu018,latest,f32m_add
automated_osu018_rs_encoder_decoder_latest_final_GF8Mult232.gml,automated_osu018,latest,GF8Mult232
automated_osu018_cookbook_final_gf_mult_by_90.gml,automated_osu018,cookbook,gf_mult_by_90
automated_osu018_pairing_latest_final_f32m_mux6.gml,automated_osu018,latest,f32m_mux6
automated_osu018_cookbook_final_gf_mult_by_84.gml,automated_osu018,cookbook,gf_mult_by_84
automated_osu018_Aquarius_latest_final_decod.gml,automated_osu018,latest,decod
automated_osu018_rs_encoder_decoder_latest_final_GF8Mult226.gml,automated_osu018,latest,GF8Mult226
automated_osu018_iscas_final_c2670.gml,automated_osu018,iscas,c2670
automated_osu018_cookbook_final_gf_mult_by_92.gml,automated_osu018,cookbook,gf_mult_by_92
automated_osu018_cookbook_final_twenty_to_fiv.gml,automated_osu018,cookbook,twenty_to_fiv
automated_osu018_rs_encoder_decoder_latest_final_GF8Mult230.gml,automated_osu018,latest,GF8Mult230
automated_osu018_a-z80_latest_final_control_pins_.gml,automated_osu018,latest,control_pins_
automated_osu018_rs_encoder_decoder_latest_final_GF8Mult224.gml,automated_osu018,latest,GF8Mult224
automated_osu018_tiny_tate_bilinear_pairing_latest_final_select.gml,automated_osu018,latest,select
automated_osu018_cookbook_final_gf_mult_by_86.gml,automated_osu018,cookbook,gf_mult_by_86
automated_osu018_apbtoaes128_latest_final_datapat.gml,automated_osu018,latest,datapat
automated_osu018_openmsp430_latest_final_spartan6_dmem.gml,automated_osu018,latest,spartan6_dmem
automated_osu018_m32632_latest_final_SFPU_MUL.gml,automated_osu018,latest,SFPU_MUL
automated_osu018_cookbook_final_gf_mult_by_9d.gml,automated_osu018,cookbook,gf_mult_by_9d
automated_osu018_signed_integer_divider_latest_final_operator_B.gml,automated_osu018,latest,operator_B
automated_osu018_minirisc_latest_final_xilinx_cmp8_eq.gml,automated_osu018,latest,xilinx_cmp8_eq
automated_osu018_rs_encoder_decoder_latest_final_GF8Mult218.gml,automated_osu018,latest,GF8Mult218
automated_osu018_orsoc_graphics_accelerator_final_gfx_wbm_writ.gml,automated_osu018,accelerator,gfx_wbm_writ
automated_osu018_cookbook_final_gf_mult_by_51.gml,automated_osu018,cookbook,gf_mult_by_51
automated_osu018_rs_encoder_decoder_latest_final_GF8Mult2.gml,automated_osu018,latest,GF8Mult2
automated_osu018_amber_latest_final_eth_fifo.gml,automated_osu018,latest,eth_fifo
automated_osu018_cookbook_final_gf_mult_by_bd.gml,automated_osu018,cookbook,gf_mult_by_bd
automated_osu018_cookbook_final_gf_mult_by_45.gml,automated_osu018,cookbook,gf_mult_by_45
automated_osu018_jt51_latest_final_jt51_sh1.gml,automated_osu018,latest,jt51_sh1
automated_osu018_RSA-Verilog-master_final_shift_add_mult4.gml,automated_osu018,RSA-Verilog-master,shift_add_mult4
automated_osu018_cookbook_final_gf_mult_by_c6.gml,automated_osu018,cookbook,gf_mult_by_c6
automated_osu018_rs_encoder_decoder_latest_final_GF8GenMultModB.gml,automated_osu018,latest,GF8GenMultModB
automated_osu018_cookbook_final_gf_mult_by_b2.gml,automated_osu018,cookbook,gf_mult_by_b2
automated_osu018_cookbook_final_gf_mult_by_79.gml,automated_osu018,cookbook,gf_mult_by_79
automated_osu018_AES-T1000_final_expand_key_128.gml,automated_osu018,AES-T1000,expand_key_128
automated_osu018_cookbook_final_reset_filter.gml,automated_osu018,cookbook,reset_filter
automated_osu018_minirisc_latest_final_sfifo4x11.gml,automated_osu018,latest,sfifo4x11
automated_osu018_AES-T200_final_S4.gml,automated_osu018,AES-T200,S4
automated_osu018_cookbook_final_ecc_raw_data_64bit.gml,automated_osu018,cookbook,ecc_raw_data_64bit
automated_osu018_pairing_latest_final_f32m_cubi.gml,automated_osu018,latest,f32m_cubi
automated_osu018_aes-master_final_aes_encipher_block.gml,automated_osu018,aes-master,aes_encipher_block
automated_osu018_amber_latest_final_wb_ddr3_bridg.gml,automated_osu018,latest,wb_ddr3_bridg
automated_osu018_crcahb_latest_final_crc_datapat.gml,automated_osu018,latest,crc_datapat
automated_osu018_mriscvcore_final_true_dpram_sclk.gml,automated_osu018,mriscvcore,true_dpram_sclk
automated_osu018_Aquarius_latest_final_uart.gml,automated_osu018,latest,uart
automated_osu018_des-master_final_sbox1.gml,automated_osu018,des-master,sbox1
automated_osu018_sha256-master_final_sha256_k_constants.gml,automated_osu018,sha256-master,sha256_k_constants
automated_osu018_AES-T1000_final_TSC.gml,automated_osu018,AES-T1000,TSC
automated_osu018_8bit_vedic_multiplier_latest_final_ripple_adder_4bit.gml,automated_osu018,latest,ripple_adder_4bit
automated_osu018_rs_encoder_decoder_latest_final_GF8Mult146.gml,automated_osu018,latest,GF8Mult146
automated_osu018_fixed_point_arithmetic_parameterized_latest_final_qdi.gml,automated_osu018,latest,qdi
automated_osu018_crcahb_latest_final_host_interfa.gml,automated_osu018,latest,host_interfa
automated_osu018_m32632_latest_final_DEBUG_AE.gml,automated_osu018,latest,DEBUG_AE
automated_osu018_rs_encoder_decoder_latest_final_GF8Mult152.gml,automated_osu018,latest,GF8Mult152
automated_osu018_rs_encoder_decoder_latest_final_GF8Mult32.gml,automated_osu018,latest,GF8Mult32
automated_osu018_mesi_isc_final_mesi_isc_basic_fifo.gml,automated_osu018,isc,mesi_isc_basic_fifo
automated_osu018_cookbook_final_reg_cam_cell.gml,automated_osu018,cookbook,reg_cam_cell
automated_osu018_jt51_latest_final_jt51_nois.gml,automated_osu018,latest,jt51_nois
automated_osu018_a-z80_latest_final_alu_mux_3z.gml,automated_osu018,latest,alu_mux_3z
automated_osu018_m32632_latest_final_PROG_COUNTER.gml,automated_osu018,latest,PROG_COUNTER
automated_osu018_rs_encoder_decoder_latest_final_GF8Mult26.gml,automated_osu018,latest,GF8Mult26
automated_osu018_rs_encoder_decoder_latest_final_GF8Mult185.gml,automated_osu018,latest,GF8Mult185
automated_osu018_ft816float_latest_final_isqrt.gml,automated_osu018,latest,isqrt
automated_osu018_8bit_vedic_multiplier_latest_final_ripple_adder_8bit.gml,automated_osu018,latest,ripple_adder_8bit
automated_osu018_rs_encoder_decoder_latest_final_GF8Mult191.gml,automated_osu018,latest,GF8Mult191
automated_osu018_m32632_latest_final_ILL_UNDEF.gml,automated_osu018,latest,ILL_UNDEF
automated_osu018_cookbook_final_fec_rot_20.gml,automated_osu018,cookbook,fec_rot_20
automated_osu018_altor32_latest_final_altor32_dfu.gml,automated_osu018,latest,altor32_dfu
automated_osu018_SHA_final_SHA256.gml,automated_osu018,SHA,SHA256
automated_osu018_epfl_final_i2.gml,automated_osu018,epfl,i2
automated_osu018_cookbook_final_ab_register.gml,automated_osu018,cookbook,ab_register
automated_osu018_RSA-Verilog-master_final_mon_prod.gml,automated_osu018,RSA-Verilog-master,mon_prod
automated_osu018_openmsp430_latest_final_DE0_NANO_SOC_QSYS_jtag_uart_scfifo_r.gml,automated_osu018,latest,DE0_NANO_SOC_QSYS_jtag_uart_scfifo_r
automated_osu018_orsoc_graphics_accelerator_final_gfx_fragment_processor.gml,automated_osu018,accelerator,gfx_fragment_processor
automated_osu018_pairing_latest_final_f3m_add4.gml,automated_osu018,latest,f3m_add4
automated_osu018_cookbook_final_passwd_crypt.gml,automated_osu018,cookbook,passwd_crypt
automated_osu018_mriscv_final_macstate2.gml,automated_osu018,mriscv,macstate2
automated_osu018_Lightweight-Threshold-Implementations-master_final_sasebo_simo.gml,automated_osu018,Lightweight-Threshold-Implementations-master,sasebo_simo
automated_osu018_openmsp430_latest_final_ogfx_reg.gml,automated_osu018,latest,ogfx_reg
automated_osu018_jt51_latest_final_sh_encod.gml,automated_osu018,latest,sh_encod
automated_osu018_cookbook_final_word_align_control.gml,automated_osu018,cookbook,word_align_control
automated_osu018_Aquarius_latest_final_sasc_top.gml,automated_osu018,latest,sasc_top
automated_osu018_cookbook_final_eight_to_o.gml,automated_osu018,cookbook,eight_to_o
automated_osu018_ecg_latest_final_f3_add1.gml,automated_osu018,latest,f3_add1
automated_osu018_pairing_latest_final_f3_su.gml,automated_osu018,latest,f3_su
automated_osu018_iscas_final_TopLevel74283.gml,automated_osu018,iscas,TopLevel74283
automated_osu018_rs_5_3_gf256_latest_final_SYN2ERR.gml,automated_osu018,latest,SYN2ERR
automated_osu018_minirisc_latest_final_mux8_8.gml,automated_osu018,latest,mux8_8
automated_osu018_a-z80_latest_final_sequencer.gml,automated_osu018,latest,sequencer
automated_osu018_verilog_fixed_point_math_library_latest_final_qdi.gml,automated_osu018,latest,qdi
automated_osu018_two_dimensional_fast_hartley_transform_latest_final_signed_mult_const_fpga.gml,automated_osu018,latest,signed_mult_const_fpga
automated_osu018_rs_5_3_gf256_latest_final_MULT_BY_ALPHA51.gml,automated_osu018,latest,MULT_BY_ALPHA51
automated_osu018_AES-T100_final_final_round.gml,automated_osu018,AES-T100,final_round
automated_osu018_turbo8051_latest_final_async_fifo.gml,automated_osu018,latest,async_fifo
automated_osu018_xge_mac_latest_final_stats_sm.gml,automated_osu018,latest,stats_sm
automated_osu018_rs_decoder_31_19_6_latest_final_degree6_cell.gml,automated_osu018,latest,degree6_cell
automated_osu018_cookbook_final_fec_rot_21.gml,automated_osu018,cookbook,fec_rot_21
automated_osu018_BLAKE_final_BLAKE_CORE.gml,automated_osu018,BLAKE,BLAKE_CORE
automated_osu018_rs_encoder_decoder_latest_final_GF8Mult190.gml,automated_osu018,latest,GF8Mult190
automated_osu018_rs_encoder_decoder_latest_final_GF8Mult184.gml,automated_osu018,latest,GF8Mult184
automated_osu018_rs_encoder_decoder_latest_final_GF8Mult27.gml,automated_osu018,latest,GF8Mult27
automated_osu018_openmsp430_latest_final_spartan6_pmem.gml,automated_osu018,latest,spartan6_pmem
automated_osu018_rs_encoder_decoder_latest_final_GF8Mult33.gml,automated_osu018,latest,GF8Mult33
automated_osu018_amber_latest_final_eth_rxethma.gml,automated_osu018,latest,eth_rxethma
automated_osu018_rs_encoder_decoder_latest_final_GF8Mult153.gml,automated_osu018,latest,GF8Mult153
automated_osu018_rs_encoder_decoder_latest_final_GF8Mult147.gml,automated_osu018,latest,GF8Mult147
automated_osu018_cookbook_final_rgb_to_hu.gml,automated_osu018,cookbook,rgb_to_hu
automated_osu018_cookbook_final_error_loc_poly_round.gml,automated_osu018,cookbook,error_loc_poly_round
automated_osu018_a-z80_latest_final_ila.gml,automated_osu018,latest,ila
automated_osu018_jt51_latest_final_jt51_lin2exp.gml,automated_osu018,latest,jt51_lin2exp
automated_osu018_mesi_isc_final_mesi_isc_broad_cntl.gml,automated_osu018,isc,mesi_isc_broad_cntl
automated_osu018_aes_highthroughput_lowarea_latest_final_sbox.gml,automated_osu018,latest,sbox
automated_osu018_mips_16_latest_final_register_fil.gml,automated_osu018,latest,register_fil
automated_osu018_cookbook_final_crc32_dat32_flat.gml,automated_osu018,cookbook,crc32_dat32_flat
automated_osu018_openmsp430_latest_final_omsp_register_fil.gml,automated_osu018,latest,omsp_register_fil
automated_osu018_tiny_tate_bilinear_pairing_latest_final_f3m_add.gml,automated_osu018,latest,f3m_add
automated_osu018_ecg_latest_final_f3m_mux6.gml,automated_osu018,latest,f3m_mux6
automated_osu018_orsoc_graphics_accelerator_final_div_uu.gml,automated_osu018,accelerator,div_uu
automated_osu018_tiny_aes_latest_final_expand_key_type_A_192.gml,automated_osu018,latest,expand_key_type_A_192
automated_osu018_turbo8051_latest_final_s2f_sy.gml,automated_osu018,latest,s2f_sy
automated_osu018_cpu8080_latest_final_chrrom.gml,automated_osu018,latest,chrrom
automated_osu018_cookbook_final_gf_mult_by_b3.gml,automated_osu018,cookbook,gf_mult_by_b3
automated_osu018_cookbook_final_gf_mult_by_78.gml,automated_osu018,cookbook,gf_mult_by_78
automated_osu018_pairing_latest_final_f3_sub1.gml,automated_osu018,latest,f3_sub1
automated_osu018_cookbook_final_gf_mult_by_5f.gml,automated_osu018,cookbook,gf_mult_by_5f
automated_osu018_cookbook_final_gf_mult_by_c7.gml,automated_osu018,cookbook,gf_mult_by_c7
automated_osu018_cookbook_final_little_sigma_1_512.gml,automated_osu018,cookbook,little_sigma_1_512
automated_osu018_rs_encoder_decoder_latest_final_GF8Dft_Idft.gml,automated_osu018,latest,GF8Dft_Idft
automated_osu018_cookbook_final_gf_mult_by_44.gml,automated_osu018,cookbook,gf_mult_by_44
automated_osu018_amber_latest_final_a25_write_back.gml,automated_osu018,latest,a25_write_back
automated_osu018_m32632_latest_final_I_PFAD.gml,automated_osu018,latest,I_PFAD
automated_osu018_cookbook_final_min_max_unsigned.gml,automated_osu018,cookbook,min_max_unsigned
automated_osu018_aes_highthroughput_lowarea_latest_final_inv_mix_columns.gml,automated_osu018,latest,inv_mix_columns
automated_osu018_cookbook_final_gf_mult_by_50.gml,automated_osu018,cookbook,gf_mult_by_50
automated_osu018_cookbook_final_gf_mult_by_ca.gml,automated_osu018,cookbook,gf_mult_by_ca
automated_osu018_rs_encoder_decoder_latest_final_GF8Mult3.gml,automated_osu018,latest,GF8Mult3
automated_osu018_RSA-Verilog-master_final_uart.gml,automated_osu018,RSA-Verilog-master,uart
automated_osu018_rs_encoder_decoder_latest_final_GF8Mult219.gml,automated_osu018,latest,GF8Mult219
automated_osu018_cookbook_final_gf_mult_by_8a.gml,automated_osu018,cookbook,gf_mult_by_8a
automated_osu018_m32632_latest_final_DFPU_BCD.gml,automated_osu018,latest,DFPU_BCD
automated_osu018_signed_integer_divider_latest_final_operator_C.gml,automated_osu018,latest,operator_C
automated_osu018_rs_encoder_decoder_latest_final_GF8Mult225.gml,automated_osu018,latest,GF8Mult225
automated_osu018_cookbook_final_gf_mult_by_87.gml,automated_osu018,cookbook,gf_mult_by_87
automated_osu018_cookbook_final_gf_mult_by_93.gml,automated_osu018,cookbook,gf_mult_by_93
automated_osu018_sdr_ctrl_latest_final_sdrc_bs_convert.gml,automated_osu018,latest,sdrc_bs_convert
automated_osu018_rs_encoder_decoder_latest_final_GF8Mult231.gml,automated_osu018,latest,GF8Mult231
automated_osu035_iwls_final_eth_cr.gml,automated_osu035,iwls,eth_cr
automated_osu035_cookbook_final_crc32_dat104_flat.gml,automated_osu035,cookbook,crc32_dat104_flat
automated_osu035_cookbook_final_fec_rot_14.gml,automated_osu035,cookbook,fec_rot_14
automated_osu035_xge_mac_latest_final_sync_clk_xgmii_tx.gml,automated_osu035,latest,sync_clk_xgmii_tx
automated_osu035_turbo8051_latest_final_uart_rxfsm.gml,automated_osu035,latest,uart_rxfsm
automated_osu035_m32632_latest_final_DFPU_DIV.gml,automated_osu035,latest,DFPU_DIV
automated_osu035_cookbook_final_encoder.gml,automated_osu035,cookbook,encoder
automated_osu035_des-master_final_crp.gml,automated_osu035,des-master,crp
automated_osu035_ft816float_latest_final_delay1.gml,automated_osu035,latest,delay1
automated_osu035_m1_core_latest_final_m1_cor.gml,automated_osu035,latest,m1_cor
automated_osu035_cookbook_final_vga_driver.gml,automated_osu035,cookbook,vga_driver
automated_osu035_cookbook_final_fec_rot_28.gml,automated_osu035,cookbook,fec_rot_28
automated_osu035_Lightweight-Threshold-Implementations-master_final_quick_mux_128.gml,automated_osu035,Lightweight-Threshold-Implementations-master,quick_mux_128
automated_osu035_pairing_latest_final_f33m_mux2.gml,automated_osu035,latest,f33m_mux2
automated_osu035_mriscvcore_final_NOR4_X4.gml,automated_osu035,mriscvcore,NOR4_X4
automated_osu035_openmsp430_latest_final_cyclonev_io_ibuf.gml,automated_osu035,latest,cyclonev_io_ibuf
automated_osu035_cookbook_final_gearbox_32_66.gml,automated_osu035,cookbook,gearbox_32_66
automated_osu035_rs_encoder_decoder_latest_final_GF8Mult249.gml,automated_osu035,latest,GF8Mult249
automated_osu035_m1_core_latest_final_m1_mmu.gml,automated_osu035,latest,m1_mmu
automated_osu035_sha_core_latest_final_sha1.gml,automated_osu035,latest,sha1
automated_osu035_cookbook_final_passwd_to_bi.gml,automated_osu035,cookbook,passwd_to_bi
automated_osu035_turbo8051_latest_final_oc8051_sfr.gml,automated_osu035,latest,oc8051_sfr
automated_osu035_csa_latest_final_block_perm.gml,automated_osu035,latest,block_perm
automated_osu035_edge_latest_final_alu_decoder.gml,automated_osu035,latest,alu_decoder
automated_osu035_edge_latest_final_mult_unit.gml,automated_osu035,latest,mult_unit
automated_osu035_xge_mac_latest_final_tx_dequeu.gml,automated_osu035,latest,tx_dequeu
automated_osu035_jt51_latest_final_jt51_sh2.gml,automated_osu035,latest,jt51_sh2
automated_osu035_a-z80_latest_final_decode_stat.gml,automated_osu035,latest,decode_stat
automated_osu035_iwls_final_key_sel.gml,automated_osu035,iwls,key_sel
automated_osu035_orsoc_graphics_accelerator_final_gfx_wbs.gml,automated_osu035,accelerator,gfx_wbs
automated_osu035_iwls_final_pci_wb_master.gml,automated_osu035,iwls,pci_wb_master
automated_osu035_a-z80_latest_final_alu_flags.gml,automated_osu035,latest,alu_flags
automated_osu035_openmsp430_latest_final_spartan6_pmem.gml,automated_osu035,latest,spartan6_pmem
automated_osu035_cookbook_final_float_to_fixed.gml,automated_osu035,cookbook,float_to_fixed
automated_osu035_RSA-Verilog-master_final_serial_to_parallel.gml,automated_osu035,RSA-Verilog-master,serial_to_parallel
automated_osu035_cookbook_final_crc32_dat96_flat.gml,automated_osu035,cookbook,crc32_dat96_flat
automated_osu035_generic_fifos_latest_final_generic_fifo_d.gml,automated_osu035,latest,generic_fifo_d
automated_osu035_minsoc_latest_final_or1200_fpu_pre_norm_di.gml,automated_osu035,latest,or1200_fpu_pre_norm_di
automated_osu035_dpll-isdn_latest_final_dpll.gml,automated_osu035,latest,dpll
automated_osu035_mriscvcore_final_AOI22_X2.gml,automated_osu035,mriscvcore,AOI22_X2
automated_osu035_8051_latest_final_oc8051_indi_addr.gml,automated_osu035,latest,oc8051_indi_addr
automated_osu035_mriscvcore_final_OAI211_X2.gml,automated_osu035,mriscvcore,OAI211_X2
automated_osu035_turbo8051_latest_final_clkg.gml,automated_osu035,latest,clkg
automated_osu035_iwls_final_ADDHX1.gml,automated_osu035,iwls,ADDHX1
automated_osu035_ft816float_latest_final_FloatToInt_t.gml,automated_osu035,latest,FloatToInt_t
automated_osu035_signed_integer_divider_latest_final_shift_7.gml,automated_osu035,latest,shift_7
automated_osu035_minsoc_latest_final_or1200_ic_ram.gml,automated_osu035,latest,or1200_ic_ram
automated_osu035_cookbook_final_gearbox_20_66.gml,automated_osu035,cookbook,gearbox_20_66
automated_osu035_mriscvcore_final_OAI22_X4.gml,automated_osu035,mriscvcore,OAI22_X4
automated_osu035_iwls_final_sbox5.gml,automated_osu035,iwls,sbox5
automated_osu035_jt51_latest_final_jt51_sintabl.gml,automated_osu035,latest,jt51_sintabl
automated_osu035_rs_encoder_decoder_latest_final_GF8Mult103.gml,automated_osu035,latest,GF8Mult103
automated_osu035_openmsp430_latest_final_spartan3a_dmem.gml,automated_osu035,latest,spartan3a_dmem
automated_osu035_cookbook_final_gearbox_33_32.gml,automated_osu035,cookbook,gearbox_33_32
automated_osu035_mriscvcore_final_TBUF_X16.gml,automated_osu035,mriscvcore,TBUF_X16
automated_osu035_minsoc_latest_final_or1200_dpram_32x32.gml,automated_osu035,latest,or1200_dpram_32x32
automated_osu035_rs_encoder_decoder_latest_final_GF8Mult117.gml,automated_osu035,latest,GF8Mult117
automated_osu035_reed_solomon_codec_generator_latest_final_RsDecodeDpRam.gml,automated_osu035,latest,RsDecodeDpRam
automated_osu035_cookbook_final_gf_mult_by_d3.gml,automated_osu035,cookbook,gf_mult_by_d3
automated_osu035_8051_latest_final_oc8051_divid.gml,automated_osu035,latest,oc8051_divid
automated_osu035_sha3_latest_final_f_permutatio.gml,automated_osu035,latest,f_permutatio
automated_osu035_cookbook_final_gf_mult_by_18.gml,automated_osu035,cookbook,gf_mult_by_18
automated_osu035_cookbook_final_gf_mult_by_3f.gml,automated_osu035,cookbook,gf_mult_by_3f
automated_osu035_openmsp430_latest_final_sync_debouncer_10ms.gml,automated_osu035,latest,sync_debouncer_10ms
automated_osu035_cookbook_final_gf_mult_by_e7.gml,automated_osu035,cookbook,gf_mult_by_e7
automated_osu035_double_fpu_latest_final_fpu_su.gml,automated_osu035,latest,fpu_su
automated_osu035_sdr_ctrl_latest_final_sdrc_bs_convert.gml,automated_osu035,latest,sdrc_bs_convert
automated_osu035_cookbook_final_gf_mult_by_24.gml,automated_osu035,cookbook,gf_mult_by_24
automated_osu035_cookbook_final_gf_mult_by_30.gml,automated_osu035,cookbook,gf_mult_by_30
automated_osu035_cookbook_final_gf_mult_by_ea.gml,automated_osu035,cookbook,gf_mult_by_ea
automated_osu035_iscas_final_c7552.gml,automated_osu035,iscas,c7552
automated_osu035_iwls_final_pci_wbw_fifo_control.gml,automated_osu035,iwls,pci_wbw_fifo_control
automated_osu035_aes-master_final_aes_encipher_block.gml,automated_osu035,aes-master,aes_encipher_block
automated_osu035_csa_latest_final_ts_serial_out.gml,automated_osu035,latest,ts_serial_out
automated_osu035_minsoc_latest_final_eth_registers.gml,automated_osu035,latest,eth_registers
automated_osu035_rs_encoder_decoder_latest_final_GF8Mult48.gml,automated_osu035,latest,GF8Mult48
automated_osu035_des-master_final_sbox4.gml,automated_osu035,des-master,sbox4
automated_osu035_m32632_latest_final_DRAM_SM.gml,automated_osu035,latest,DRAM_SM
automated_osu035_pairing_latest_final_f32m_add4.gml,automated_osu035,latest,f32m_add4
automated_osu035_aes_highthroughput_lowarea_latest_final_MULD.gml,automated_osu035,latest,MULD
automated_osu035_rs_encoder_decoder_latest_final_GF8Mult74.gml,automated_osu035,latest,GF8Mult74
automated_osu035_a-z80_latest_final_pin_control.gml,automated_osu035,latest,pin_control
automated_osu035_rs_encoder_decoder_latest_final_GF8Mult60.gml,automated_osu035,latest,GF8Mult60
automated_osu035_rs_encoder_decoder_latest_final_GF8Mult61.gml,automated_osu035,latest,GF8Mult61
automated_osu035_cookbook_final_chain_delay_rand.gml,automated_osu035,cookbook,chain_delay_rand
automated_osu035_cookbook_final_error_loc_poly_round.gml,automated_osu035,cookbook,error_loc_poly_round
automated_osu035_cookbook_final_pipe_equal.gml,automated_osu035,cookbook,pipe_equal
automated_osu035_iwls_final_TLATSRX1.gml,automated_osu035,iwls,TLATSRX1
automated_osu035_aes_highthroughput_lowarea_latest_final_MULE.gml,automated_osu035,latest,MULE
automated_osu035_amber_latest_final_wb_xs6_ddr3_bridg.gml,automated_osu035,latest,wb_xs6_ddr3_bridg
automated_osu035_rs_encoder_decoder_latest_final_GF8Mult75.gml,automated_osu035,latest,GF8Mult75
automated_osu035_iwls_final_mc_cs_rf.gml,automated_osu035,iwls,mc_cs_rf
automated_osu035_iwls_final_s1494_.gml,automated_osu035,iwls,s1494_
automated_osu035_des-master_final_sbox5.gml,automated_osu035,des-master,sbox5
automated_osu035_ft816float_latest_final_fpDecompos.gml,automated_osu035,latest,fpDecompos
automated_osu035_Aquarius_latest_final_rom.gml,automated_osu035,latest,rom
automated_osu035_aes_highthroughput_lowarea_latest_final_MUL3.gml,automated_osu035,latest,MUL3
automated_osu035_rs_encoder_decoder_latest_final_GF8Mult49.gml,automated_osu035,latest,GF8Mult49
automated_osu035_mriscvcore_final_NAND4_X1.gml,automated_osu035,mriscvcore,NAND4_X1
automated_osu035_cookbook_final_crc24_zer64x2_flat.gml,automated_osu035,cookbook,crc24_zer64x2_flat
automated_osu035_cookbook_final_gf_mult_by_31.gml,automated_osu035,cookbook,gf_mult_by_31
automated_osu035_pairing_latest_final_f3m_cubi.gml,automated_osu035,latest,f3m_cubi
automated_osu035_gcm-aes_latest_final_aes_sbox.gml,automated_osu035,latest,aes_sbox
automated_osu035_openmsp430_latest_final_spartan6_dmem.gml,automated_osu035,latest,spartan6_dmem
automated_osu035_iscas_final_s1488.gml,automated_osu035,iscas,s1488
automated_osu035_a-z80_latest_final_ir.gml,automated_osu035,latest,ir
automated_osu035_m1_core_latest_final_ddr_pulse78.gml,automated_osu035,latest,ddr_pulse78
automated_osu035_cookbook_final_gf_mult_by_dd.gml,automated_osu035,cookbook,gf_mult_by_dd
automated_osu035_cookbook_final_crc24_zer64x3_flat.gml,automated_osu035,cookbook,crc24_zer64x3_flat
automated_osu035_cookbook_final_two_to_o.gml,automated_osu035,cookbook,two_to_o
automated_osu035_cookbook_final_gf_mult_by_25.gml,automated_osu035,cookbook,gf_mult_by_25
automated_osu035_iwls_final_mc_timing.gml,automated_osu035,iwls,mc_timing
automated_osu035_ft816float_latest_final_cntlo64.gml,automated_osu035,latest,cntlo64
automated_osu035_cookbook_final_gf_mult_by_e6.gml,automated_osu035,cookbook,gf_mult_by_e6
automated_osu035_Aquarius_latest_final_decod.gml,automated_osu035,latest,decod
automated_osu035_cookbook_final_gf_mult_by_d2.gml,automated_osu035,cookbook,gf_mult_by_d2
automated_osu035_cookbook_final_gf_mult_by_19.gml,automated_osu035,cookbook,gf_mult_by_19
automated_osu035_reed_solomon_decoder_latest_final_RS_d.gml,automated_osu035,latest,RS_d
automated_osu035_double_fpu_latest_final_fpu.gml,automated_osu035,latest,fpu
automated_osu035_rs_encoder_decoder_latest_final_GF8Mult116.gml,automated_osu035,latest,GF8Mult116
automated_osu035_fpu_latest_final_except.gml,automated_osu035,latest,except
automated_osu035_mriscvcore_final_divM.gml,automated_osu035,mriscvcore,divM
automated_osu035_rs_encoder_decoder_latest_final_GF8Mult102.gml,automated_osu035,latest,GF8Mult102
automated_osu035_cookbook_final_k_tabl.gml,automated_osu035,cookbook,k_tabl
automated_osu035_cavlc_latest_final_cavlc_read_run_befores.gml,automated_osu035,latest,cavlc_read_run_befores
automated_osu035_cookbook_final_gearbox_20_67.gml,automated_osu035,cookbook,gearbox_20_67
automated_osu035_cookbook_final_gearbox_66_32.gml,automated_osu035,cookbook,gearbox_66_32
automated_osu035_iwls_final_sbox4.gml,automated_osu035,iwls,sbox4
automated_osu035_minsoc_latest_final_or1200_tt.gml,automated_osu035,latest,or1200_tt
automated_osu035_RSA-CRYPTOSYSTEM-using-verilog-master_final_mod.gml,automated_osu035,RSA-CRYPTOSYSTEM-using-verilog-master,mod
automated_osu035_iwls_final_mfa.gml,automated_osu035,iwls,mfa
automated_osu035_Lightweight-Threshold-Implementations-master_final_data_share2.gml,automated_osu035,Lightweight-Threshold-Implementations-master,data_share2
automated_osu035_mem_ctrl_latest_final_mc_wb_if.gml,automated_osu035,latest,mc_wb_if
automated_osu035_iwls_final_mc_rf.gml,automated_osu035,iwls,mc_rf
automated_osu035_systemcaes_latest_final_mixcolum.gml,automated_osu035,latest,mixcolum
automated_osu035_mriscvcore_final_AND3_X4.gml,automated_osu035,mriscvcore,AND3_X4
automated_osu035_m32632_latest_final_DFPU_MISC.gml,automated_osu035,latest,DFPU_MISC
automated_osu035_8051_latest_final_oc8051_ram_256x8_two_bist.gml,automated_osu035,latest,oc8051_ram_256x8_two_bist
automated_osu035_iwls_final_s444_.gml,automated_osu035,iwls,s444_
automated_osu035_amber_latest_final_eth_shiftreg.gml,automated_osu035,latest,eth_shiftreg
automated_osu035_mriscvcore_final_AOI211_X1.gml,automated_osu035,mriscvcore,AOI211_X1
automated_osu035_systemcaes_latest_final_wb_aes_controller.gml,automated_osu035,latest,wb_aes_controller
automated_osu035_16x2_lcd_display_driver_latest_final_lcd_fpga.gml,automated_osu035,latest,lcd_fpga
automated_osu035_edge_latest_final_regfil.gml,automated_osu035,latest,regfil
automated_osu035_rsencoder_latest_final_GFADD.gml,automated_osu035,latest,GFADD
automated_osu035_orsoc_graphics_accelerator_latest_final_gfx_vector_processor.gml,automated_osu035,latest,gfx_vector_processor
automated_osu035_cookbook_final_adder_tree_nod.gml,automated_osu035,cookbook,adder_tree_nod
automated_osu035_two_dimensional_fast_hartley_transform_latest_final_signed_mult_const_fpga.gml,automated_osu035,latest,signed_mult_const_fpga
automated_osu035_orsoc_graphics_accelerator_latest_final_gfx_triangl.gml,automated_osu035,latest,gfx_triangl
automated_osu035_reed_solomon_codec_generator_latest_final_RsDecodePolymul.gml,automated_osu035,latest,RsDecodePolymul
automated_osu035_iwls_final_can_registers.gml,automated_osu035,iwls,can_registers
automated_osu035_iwls_final_can_btl.gml,automated_osu035,iwls,can_btl
automated_osu035_cookbook_final_crc32_dat72_flat.gml,automated_osu035,cookbook,crc32_dat72_flat
automated_osu035_openmsp430_latest_final_DE0_NANO_SOC_QSYS_sw.gml,automated_osu035,latest,DE0_NANO_SOC_QSYS_sw
automated_osu035_turbo8051_latest_final_spi_cfg.gml,automated_osu035,latest,spi_cfg
automated_osu035_iwls_final_pci_pcir_fifo_control.gml,automated_osu035,iwls,pci_pcir_fifo_control
automated_osu035_xge_mac_latest_final_generic_fifo_ctrl.gml,automated_osu035,latest,generic_fifo_ctrl
automated_osu035_pairing_latest_final_f33m_mux3.gml,automated_osu035,latest,f33m_mux3
automated_osu035_mriscvcore_final_MUX2_X1.gml,automated_osu035,mriscvcore,MUX2_X1
automated_osu035_openmsp430_latest_final_spartan3a_pmem.gml,automated_osu035,latest,spartan3a_pmem
automated_osu035_turbo8051_latest_final_g_deferral.gml,automated_osu035,latest,g_deferral
automated_osu035_generic_fifos_latest_final_generic_fifo_dc_gray.gml,automated_osu035,latest,generic_fifo_dc_gray
automated_osu035_epfl_final_mem_ctrl.gml,automated_osu035,epfl,mem_ctrl
automated_osu035_openmsp430_latest_final_simple_counter.gml,automated_osu035,latest,simple_counter
automated_osu035_rs_encoder_decoder_latest_final_GF8Mult248.gml,automated_osu035,latest,GF8Mult248
automated_osu035_cookbook_final_fec_rot_29.gml,automated_osu035,cookbook,fec_rot_29
automated_osu035_turbo8051_latest_final_wb_crossbar.gml,automated_osu035,latest,wb_crossbar
automated_osu035_tiny_aes_latest_final_T.gml,automated_osu035,latest,T
automated_osu035_reed_solomon_codec_generator_latest_final_RsDecodeErasur.gml,automated_osu035,latest,RsDecodeErasur
automated_osu035_aes-128_pipelined_encryption_latest_final_SubBytes.gml,automated_osu035,latest,SubBytes
automated_osu035_cavlc_latest_final_cavlc_fsm.gml,automated_osu035,latest,cavlc_fsm
automated_osu035_tiny_aes_latest_final_expand_key_type_C_192.gml,automated_osu035,latest,expand_key_type_C_192
automated_osu035_cookbook_final_crc24_zer64_flat.gml,automated_osu035,cookbook,crc24_zer64_flat
automated_osu035_cookbook_final_fec_rot_15.gml,automated_osu035,cookbook,fec_rot_15
automated_osu035_trigonometric_functions_in_double_fpu_latest_final_top.gml,automated_osu035,latest,top
automated_osu035_iwls_final_key_g.gml,automated_osu035,iwls,key_g
automated_osu035_tiny_aes_latest_final_expand_key_type_A_256.gml,automated_osu035,latest,expand_key_type_A_256
automated_osu035_viterb_encoder_and_decoder_final_mem_disp.gml,automated_osu035,decoder,mem_disp
automated_osu035_cookbook_final_fec_rot_17.gml,automated_osu035,cookbook,fec_rot_17
automated_osu035_turbo8051_latest_final_g_tx_fsm.gml,automated_osu035,latest,g_tx_fsm
automated_osu035_iwls_final_mc_wb_if.gml,automated_osu035,iwls,mc_wb_if
automated_osu035_iwls_final_pci_mas_ch_state_crit.gml,automated_osu035,iwls,pci_mas_ch_state_crit
automated_osu035_cookbook_final_passwd_crypt.gml,automated_osu035,cookbook,passwd_crypt
automated_osu035_m32632_latest_final_KOLDETECT.gml,automated_osu035,latest,KOLDETECT
automated_osu035_ft816float_latest_final_delay2.gml,automated_osu035,latest,delay2
automated_osu035_aes-128_pipelined_encryption_latest_final_AddRoundKey.gml,automated_osu035,latest,AddRoundKey
automated_osu035_a-z80_latest_final_alu_mux_4.gml,automated_osu035,latest,alu_mux_4
automated_osu035_openmsp430_latest_final_omsp_dbg_hwbrk.gml,automated_osu035,latest,omsp_dbg_hwbrk
automated_osu035_openmsp430_latest_final_ext_de1_sram.gml,automated_osu035,latest,ext_de1_sram
automated_osu035_iwls_final_s526n_.gml,automated_osu035,iwls,s526n_
automated_osu035_iwls_final_simple_spi_top.gml,automated_osu035,iwls,simple_spi_top
automated_osu035_sha256-master_final_sha256_w_mem.gml,automated_osu035,sha256-master,sha256_w_mem
automated_osu035_minsoc_latest_final_eth_rxcounters.gml,automated_osu035,latest,eth_rxcounters
automated_osu035_jt51_latest_final_jt51.gml,automated_osu035,latest,jt51
automated_osu035_trigonometric_functions_in_double_fpu_latest_final_cosecant_lut.gml,automated_osu035,latest,cosecant_lut
automated_osu035_aes-128_pipelined_encryption_latest_final_RoundKeyG.gml,automated_osu035,latest,RoundKeyG
automated_osu035_aes_highthroughput_lowarea_latest_final_mix_columns.gml,automated_osu035,latest,mix_columns
automated_osu035_jt51_latest_final_jt51_sh1.gml,automated_osu035,latest,jt51_sh1
automated_osu035_reed_solomon_decoder_latest_final_GF_matrix_d.gml,automated_osu035,latest,GF_matrix_d
automated_osu035_m1_core_latest_final_ddr_rpat.gml,automated_osu035,latest,ddr_rpat
automated_osu035_rs_encoder_decoder_latest_final_GF8Add.gml,automated_osu035,latest,GF8Add
automated_osu035_iwls_final_clock_ckt.gml,automated_osu035,iwls,clock_ckt
automated_osu035_tiny_tate_bilinear_pairing_latest_final_muxer.gml,automated_osu035,latest,muxer
automated_osu035_RSA-Verilog-master_final_parallel_to_serial.gml,automated_osu035,RSA-Verilog-master,parallel_to_serial
automated_osu035_cpu8080_latest_final_intcontrol.gml,automated_osu035,latest,intcontrol
automated_osu035_iscas_final_NR2.gml,automated_osu035,iscas,NR2
automated_osu035_cookbook_final_dec_67_64.gml,automated_osu035,cookbook,dec_67_64
automated_osu035_viterb_encoder_and_decoder_final_decoder.gml,automated_osu035,decoder,decoder
automated_osu035_cookbook_final_reg_cam_cell.gml,automated_osu035,cookbook,reg_cam_cell
automated_osu035_cookbook_final_shift_rows.gml,automated_osu035,cookbook,shift_rows
automated_osu035_iwls_final_key_sel3.gml,automated_osu035,iwls,key_sel3
automated_osu035_jt51_latest_final_jt51_nois.gml,automated_osu035,latest,jt51_nois
automated_osu035_minsoc_latest_final_or1200_fpu.gml,automated_osu035,latest,or1200_fpu
automated_osu035_csa_latest_final_hex2seg.gml,automated_osu035,latest,hex2seg
automated_osu035_mriscvcore_final_AOI22_X1.gml,automated_osu035,mriscvcore,AOI22_X1
automated_osu035_AES-T1000_final_S4.gml,automated_osu035,AES-T1000,S4
automated_osu035_iwls_final_pci_wb_addr_mux.gml,automated_osu035,iwls,pci_wb_addr_mux
automated_osu035_Aquarius_latest_final_uart.gml,automated_osu035,latest,uart
automated_osu035_mem_ctrl_latest_final_mc_cs_rf.gml,automated_osu035,latest,mc_cs_rf
automated_osu035_m1_core_latest_final_wb_int_ctrl.gml,automated_osu035,latest,wb_int_ctrl
automated_osu035_mriscv_final_DAC_interface_AXI.gml,automated_osu035,mriscv,DAC_interface_AXI
automated_osu035_aes_highthroughput_lowarea_latest_final_aes_top_exampl.gml,automated_osu035,latest,aes_top_exampl
automated_osu035_AES-T1000_final_Trojan_Trigger.gml,automated_osu035,AES-T1000,Trojan_Trigger
automated_osu035_iscas_final_c6288.gml,automated_osu035,iscas,c6288
automated_osu035_iwls_final_eth_maccontrol.gml,automated_osu035,iwls,eth_maccontrol
automated_osu035_pairing_latest_final_f3m_mux6.gml,automated_osu035,latest,f3m_mux6
automated_osu035_mriscvcore_final_OAI211_X1.gml,automated_osu035,mriscvcore,OAI211_X1
automated_osu035_rs_encoder_decoder_latest_final_RS8Controller.gml,automated_osu035,latest,RS8Controller
automated_osu035_iwls_final_s8.gml,automated_osu035,iwls,s8
automated_osu035_openmsp430_latest_final_io_mux.gml,automated_osu035,latest,io_mux
automated_osu035_cookbook_final_reset_filter.gml,automated_osu035,cookbook,reset_filter
automated_osu035_crcahb_latest_final_crc_control_unit.gml,automated_osu035,latest,crc_control_unit
automated_osu035_reed_solomon_decoder_latest_final_GF_matrix_ascending_binary.gml,automated_osu035,latest,GF_matrix_ascending_binary
automated_osu035_iwls_final_ac97_out_fifo.gml,automated_osu035,iwls,ac97_out_fifo
automated_osu035_reed_solomon_codec_generator_latest_final_RsDecodeTop.gml,automated_osu035,latest,RsDecodeTop
automated_osu035_iwls_final_sbox6.gml,automated_osu035,iwls,sbox6
automated_osu035_rs_encoder_decoder_latest_final_GF8Mult128.gml,automated_osu035,latest,GF8Mult128
automated_osu035_mriscvcore_final_OR2_X4.gml,automated_osu035,mriscvcore,OR2_X4
automated_osu035_aes_highthroughput_lowarea_latest_final_inv_byte_mix_columns.gml,automated_osu035,latest,inv_byte_mix_columns
automated_osu035_iwls_final_ac97_top.gml,automated_osu035,iwls,ac97_top
automated_osu035_rs_encoder_decoder_latest_final_GF8Mult114.gml,automated_osu035,latest,GF8Mult114
automated_osu035_cookbook_final_ab_register.gml,automated_osu035,cookbook,ab_register
automated_osu035_rs_encoder_decoder_latest_final_GF8Mult100.gml,automated_osu035,latest,GF8Mult100
automated_osu035_minsoc_latest_final_eth_txethma.gml,automated_osu035,latest,eth_txethma
automated_osu035_cookbook_final_gf_mult_by_e4.gml,automated_osu035,cookbook,gf_mult_by_e4
automated_osu035_ecg_latest_final_f3_mult.gml,automated_osu035,latest,f3_mult
automated_osu035_rs_encoder_decoder_latest_final_GF8Mult88.gml,automated_osu035,latest,GF8Mult88
automated_osu035_cookbook_final_gf_mult_by_2a.gml,automated_osu035,cookbook,gf_mult_by_2a
automated_osu035_cookbook_final_gf_mult_by_d0.gml,automated_osu035,cookbook,gf_mult_by_d0
automated_osu035_cookbook_final_gf_mult_by_f8.gml,automated_osu035,cookbook,gf_mult_by_f8
automated_osu035_amber_latest_final_interrupt_controller.gml,automated_osu035,latest,interrupt_controller
automated_osu035_iwls_final_eth_rxethma.gml,automated_osu035,iwls,eth_rxethma
automated_osu035_Lightweight-Threshold-Implementations-master_final_p_keysch11.gml,automated_osu035,Lightweight-Threshold-Implementations-master,p_keysch11
automated_osu035_cookbook_final_gf_mult_by_33.gml,automated_osu035,cookbook,gf_mult_by_33
automated_osu035_cookbook_final_gf_mult_by_27.gml,automated_osu035,cookbook,gf_mult_by_27
automated_osu035_cookbook_final_gf_mult_by_df.gml,automated_osu035,cookbook,gf_mult_by_df
automated_osu035_openmsp430_latest_final_DE0_NANO_SOC_Default.gml,automated_osu035,latest,DE0_NANO_SOC_Default
automated_osu035_iscas_final_s382.gml,automated_osu035,iscas,s382
automated_osu035_des-master_final_sbox7.gml,automated_osu035,des-master,sbox7
automated_osu035_iwls_final_usbf_mem_ar.gml,automated_osu035,iwls,usbf_mem_ar
automated_osu035_amber_latest_final_eth_fifo.gml,automated_osu035,latest,eth_fifo
automated_osu035_jt51_latest_final_sh_encod.gml,automated_osu035,latest,sh_encod
automated_osu035_iwls_final_ejtag_dclkand2.gml,automated_osu035,iwls,ejtag_dclkand2
automated_osu035_turbo8051_latest_final_toggle_sy.gml,automated_osu035,latest,toggle_sy
automated_osu035_iscas_final_AN3.gml,automated_osu035,iscas,AN3
automated_osu035_rs_encoder_decoder_latest_final_GF8Mult63.gml,automated_osu035,latest,GF8Mult63
automated_osu035_cookbook_final_split_add.gml,automated_osu035,cookbook,split_add
automated_osu035_jt51_latest_final_jt51_lfo_lfsr.gml,automated_osu035,latest,jt51_lfo_lfsr
automated_osu035_rs_encoder_decoder_latest_final_GF8Mult77.gml,automated_osu035,latest,GF8Mult77
automated_osu035_iscas_final_s15850.gml,automated_osu035,iscas,s15850
automated_osu035_minsoc_latest_final_eth_rxaddrcheck.gml,automated_osu035,latest,eth_rxaddrcheck
automated_osu035_suslik_latest_final_datacache_get_write_data.gml,automated_osu035,latest,datacache_get_write_data
automated_osu035_iwls_final_adc_comb_d.gml,automated_osu035,iwls,adc_comb_d
automated_osu035_ecg_latest_final_f3_su.gml,automated_osu035,latest,f3_su
automated_osu035_rs_encoder_decoder_latest_final_GF8Mult76.gml,automated_osu035,latest,GF8Mult76
automated_osu035_cookbook_final_uart_tx.gml,automated_osu035,cookbook,uart_tx
automated_osu035_cookbook_final_expand.gml,automated_osu035,cookbook,expand
automated_osu035_rs_encoder_decoder_latest_final_GF8Mult62.gml,automated_osu035,latest,GF8Mult62
automated_osu035_pairing_latest_final_f3_su.gml,automated_osu035,latest,f3_su
automated_osu035_iscas_final_AN2.gml,automated_osu035,iscas,AN2
automated_osu035_cmac-master_final_cma.gml,automated_osu035,cmac-master,cma
automated_osu035_mriscvcore_final_NAND4_X2.gml,automated_osu035,mriscvcore,NAND4_X2
automated_osu035_mem_ctrl_latest_final_mc_timing.gml,automated_osu035,latest,mc_timing
automated_osu035_des-master_final_sbox6.gml,automated_osu035,des-master,sbox6
automated_osu035_cookbook_final_gf_mult_by_26.gml,automated_osu035,cookbook,gf_mult_by_26
automated_osu035_openmsp430_latest_final_omsp_timerA.gml,automated_osu035,latest,omsp_timerA
automated_osu035_AES-T100_final_final_round.gml,automated_osu035,AES-T100,final_round
automated_osu035_cookbook_final_gf_mult_by_f9.gml,automated_osu035,cookbook,gf_mult_by_f9
automated_osu035_cookbook_final_gf_mult_by_32.gml,automated_osu035,cookbook,gf_mult_by_32
automated_osu035_Lightweight-Threshold-Implementations-master_final_p_keysch10.gml,automated_osu035,Lightweight-Threshold-Implementations-master,p_keysch10
automated_osu035_reed_solomon_decoder_latest_final_out_stag.gml,automated_osu035,latest,out_stag
automated_osu035_rs_encoder_decoder_latest_final_GF8Mult89.gml,automated_osu035,latest,GF8Mult89
automated_osu035_iscas_final_s13207.gml,automated_osu035,iscas,s13207
automated_osu035_cookbook_final_gf_mult_by_d1.gml,automated_osu035,cookbook,gf_mult_by_d1
automated_osu035_iwls_final_spi_shift.gml,automated_osu035,iwls,spi_shift
automated_osu035_cookbook_final_gf_mult_by_e5.gml,automated_osu035,cookbook,gf_mult_by_e5
automated_osu035_cookbook_final_gf_mult_by_3d.gml,automated_osu035,cookbook,gf_mult_by_3d
automated_osu035_rs_encoder_decoder_latest_final_GF8Mult101.gml,automated_osu035,latest,GF8Mult101
automated_osu035_xgate_latest_final_semaphore_bit.gml,automated_osu035,latest,semaphore_bit
automated_osu035_rs_encoder_decoder_latest_final_GF8Mult115.gml,automated_osu035,latest,GF8Mult115
automated_osu035_iwls_final_ac97_dma_req.gml,automated_osu035,iwls,ac97_dma_req
automated_osu035_iwls_final_mc_obct_dummy.gml,automated_osu035,iwls,mc_obct_dummy
automated_osu035_iwls_final_DSP_CORE_vsia_tst_wp_cell_i.gml,automated_osu035,iwls,DSP_CORE_vsia_tst_wp_cell_i
automated_osu035_iwls_final_lmi_alig.gml,automated_osu035,iwls,lmi_alig
automated_osu035_iwls_final_pci_target32_sm.gml,automated_osu035,iwls,pci_target32_sm
automated_osu035_rs_encoder_decoder_latest_final_GF8GenMultBitSer.gml,automated_osu035,latest,GF8GenMultBitSer
automated_osu035_rs_encoder_decoder_latest_final_GF8Mult129.gml,automated_osu035,latest,GF8Mult129
automated_osu035_iwls_final_sbox7.gml,automated_osu035,iwls,sbox7
automated_osu035_double_fpu_latest_final_fpu_di.gml,automated_osu035,latest,fpu_di
automated_osu035_RSA-Verilog-master_final_LED_Verilog.gml,automated_osu035,RSA-Verilog-master,LED_Verilog
automated_osu035_fast_log_latest_final_Log2flowthru.gml,automated_osu035,latest,Log2flowthru
automated_osu035_amber_latest_final_eth_wishbo.gml,automated_osu035,latest,eth_wishbo
automated_osu035_aes-encryption_latest_final_aes_cipher_top.gml,automated_osu035,latest,aes_cipher_top
automated_osu035_orsoc_graphics_accelerator_latest_final_gfx_transform.gml,automated_osu035,latest,gfx_transform
automated_osu035_iwls_final_pci_wb_decoder.gml,automated_osu035,iwls,pci_wb_decoder
automated_osu035_sha1-master_final_sha1_w_mem.gml,automated_osu035,sha1-master,sha1_w_mem
automated_osu035_cookbook_final_min_max_signed.gml,automated_osu035,cookbook,min_max_signed
automated_osu035_edge_latest_final_shifter_right_arithmeti.gml,automated_osu035,latest,shifter_right_arithmeti
automated_osu035_a-z80_latest_final_memory_if.gml,automated_osu035,latest,memory_if
automated_osu035_minsoc_latest_final_eth_shiftreg.gml,automated_osu035,latest,eth_shiftreg
automated_osu035_cpu8080_latest_final_chrrom.gml,automated_osu035,latest,chrrom
automated_osu035_cookbook_final_buf_3to2.gml,automated_osu035,cookbook,buf_3to2
automated_osu035_reed_solomon_codec_generator_latest_final_RsDecodeSyndrom.gml,automated_osu035,latest,RsDecodeSyndrom
automated_osu035_mriscvcore_final_AOI211_X2.gml,automated_osu035,mriscvcore,AOI211_X2
automated_osu035_aes_highthroughput_lowarea_latest_final_ram_16x64.gml,automated_osu035,latest,ram_16x64
automated_osu035_cookbook_final_ecc_correction_8bit.gml,automated_osu035,cookbook,ecc_correction_8bit
automated_osu035_turbo8051_latest_final_g_tx_crc32.gml,automated_osu035,latest,g_tx_crc32
automated_osu035_xge_mac_latest_final_rx_stats_fifo.gml,automated_osu035,latest,rx_stats_fifo
automated_osu035_cookbook_final_salt_to_bi.gml,automated_osu035,cookbook,salt_to_bi
automated_osu035_orsoc_graphics_accelerator_final_color_to_memory.gml,automated_osu035,accelerator,color_to_memory
automated_osu035_jt51_latest_final_jt51_s.gml,automated_osu035,latest,jt51_s
automated_osu035_tiny_tate_bilinear_pairing_latest_final_PPG.gml,automated_osu035,latest,PPG
automated_osu035_iwls_final_FS90B779_DAI.gml,automated_osu035,iwls,FS90B779_DAI
automated_osu035_iwls_final_DFFSRX1.gml,automated_osu035,iwls,DFFSRX1
automated_osu035_turbo8051_latest_final_oc8051_cy_select.gml,automated_osu035,latest,oc8051_cy_select
automated_osu035_pairing_latest_final_f33m_mult.gml,automated_osu035,latest,f33m_mult
automated_osu035_rsencoder_latest_final_GFMUL8.gml,automated_osu035,latest,GFMUL8
automated_osu035_iscas_final_NR3.gml,automated_osu035,iscas,NR3
automated_osu035_orsoc_graphics_accelerator_latest_final_memory_to_color.gml,automated_osu035,latest,memory_to_color
automated_osu035_amber_latest_final_a25_coprocessor.gml,automated_osu035,latest,a25_coprocessor
automated_osu035_iwls_final_pci_pciw_pcir_fifos.gml,automated_osu035,iwls,pci_pciw_pcir_fifos
automated_osu035_iwls_final_except.gml,automated_osu035,iwls,except
automated_osu035_minsoc_latest_final_or1200_fpu_mul.gml,automated_osu035,latest,or1200_fpu_mul
automated_osu035_a-z80_latest_final_alu_bit_select.gml,automated_osu035,latest,alu_bit_select
automated_osu035_m32632_latest_final_I_PFAD.gml,automated_osu035,latest,I_PFAD
automated_osu035_iwls_final_ES_ARRAY.gml,automated_osu035,iwls,ES_ARRAY
automated_osu035_mriscvcore_final_MUX2_X2.gml,automated_osu035,mriscvcore,MUX2_X2
automated_osu035_ft816float_latest_final_fp_cmp_unit.gml,automated_osu035,latest,fp_cmp_unit
automated_osu035_iwls_final_wb_dma_ch_rf.gml,automated_osu035,iwls,wb_dma_ch_rf
automated_osu035_sha256-master_final_sha256_stream.gml,automated_osu035,sha256-master,sha256_stream
automated_osu035_cookbook_final_crc16_dat24_flat.gml,automated_osu035,cookbook,crc16_dat24_flat
automated_osu035_cpu8080_latest_final_scnromu.gml,automated_osu035,latest,scnromu
automated_osu035_rs_decoder_31_19_6_latest_final_gfadder.gml,automated_osu035,latest,gfadder
automated_osu035_ft816float_latest_final_delay3.gml,automated_osu035,latest,delay3
automated_osu035_trigonometric_functions_in_double_fpu_latest_final_secant_lut.gml,automated_osu035,latest,secant_lut
automated_osu035_sha1-master_final_sha1.gml,automated_osu035,sha1-master,sha1
automated_osu035_cavlc_latest_final_cavlc_read_levels.gml,automated_osu035,latest,cavlc_read_levels
automated_osu035_Lightweight-Threshold-Implementations-master_final_simon_datapath_shiftreg.gml,automated_osu035,Lightweight-Threshold-Implementations-master,simon_datapath_shiftreg
automated_osu035_jt51_latest_final_jt51_timers.gml,automated_osu035,latest,jt51_timers
automated_osu035_cookbook_final_fec_rot_16.gml,automated_osu035,cookbook,fec_rot_16
automated_osu035_configurable_crc_core_latest_final_cfg_cr.gml,automated_osu035,latest,cfg_cr
automated_osu035_tiny_aes_latest_final_S.gml,automated_osu035,latest,S
automated_osu035_hight_latest_final_HIGHT_CORE_TOP.gml,automated_osu035,latest,HIGHT_CORE_TOP
automated_osu035_iwls_final_delay1.gml,automated_osu035,iwls,delay1
automated_osu035_present_encryptor_latest_final_sub_per.gml,automated_osu035,latest,sub_per
automated_osu035_m32632_latest_final_DP_LOGIK.gml,automated_osu035,latest,DP_LOGIK
automated_osu035_cookbook_final_fec_rot_12.gml,automated_osu035,cookbook,fec_rot_12
automated_osu035_iwls_final_subbytes.gml,automated_osu035,iwls,subbytes
automated_osu035_Lightweight-Threshold-Implementations-master_final_serial_simo.gml,automated_osu035,Lightweight-Threshold-Implementations-master,serial_simo
automated_osu035_iwls_final_tv80_mcod.gml,automated_osu035,iwls,tv80_mcod
automated_osu035_mips_16_latest_final_MEM_stag.gml,automated_osu035,latest,MEM_stag
automated_osu035_iwls_final_tv80s.gml,automated_osu035,iwls,tv80s
osu035_osu035_automated_osu035_pairing_latest_final_f33m_mux3.gml,osu035_osu035,latest,f33m_mux3
automated_osu035_iwls_final_pci_conf_cyc_addr_d.gml,automated_osu035,iwls,pci_conf_cyc_addr_d
automated_osu035_turbo8051_latest_final_oc8051_wb_iinterfa.gml,automated_osu035,latest,oc8051_wb_iinterfa
automated_osu035_amber_latest_final_a25_register_bank.gml,automated_osu035,latest,a25_register_bank
automated_osu035_iwls_final_eth_macstatus.gml,automated_osu035,iwls,eth_macstatus
automated_osu035_mriscvcore_final_NOR4_X2.gml,automated_osu035,mriscvcore,NOR4_X2
automated_osu035_pairing_latest_final_f3m_neg.gml,automated_osu035,latest,f3m_neg
automated_osu035_orsoc_graphics_accelerator_final_gfx_blender.gml,automated_osu035,accelerator,gfx_blender
automated_osu035_a-z80_latest_final_address_lat.gml,automated_osu035,latest,address_lat
automated_osu035_edge_latest_final_shifter_left.gml,automated_osu035,latest,shifter_left
automated_osu035_i2c_latest_final_i2c_master_bit_ctrl.gml,automated_osu035,latest,i2c_master_bit_ctrl
automated_osu035_cookbook_final_permut.gml,automated_osu035,cookbook,permut
automated_osu035_Lightweight-Threshold-Implementations-master_final_p_datapat.gml,automated_osu035,Lightweight-Threshold-Implementations-master,p_datapat
automated_osu035_cookbook_final_crc32c_dat32_flat.gml,automated_osu035,cookbook,crc32c_dat32_flat
automated_osu035_mips_16_latest_final_EX_stag.gml,automated_osu035,latest,EX_stag
automated_osu035_fast_antilog_latest_final_AntiLog2.gml,automated_osu035,latest,AntiLog2
automated_osu035_mriscvcore_final_AOI22_X4.gml,automated_osu035,mriscvcore,AOI22_X4
automated_osu035_iwls_final_ejtag_datai.gml,automated_osu035,iwls,ejtag_datai
automated_osu035_rs_decoder_31_19_6_latest_final_MainControl.gml,automated_osu035,latest,MainControl
automated_osu035_orsoc_graphics_accelerator_final_gfx_fragment_processor.gml,automated_osu035,accelerator,gfx_fragment_processor
automated_osu035_cookbook_final_crc32_dat80_flat.gml,automated_osu035,cookbook,crc32_dat80_flat
automated_osu035_minsoc_latest_final_or1200_fpu_post_norm_intfloat_co.gml,automated_osu035,latest,or1200_fpu_post_norm_intfloat_co
automated_osu035_gcm-aes_latest_final_aes_key_expand_128.gml,automated_osu035,latest,aes_key_expand_128
automated_osu035_mriscvcore_final_ALU.gml,automated_osu035,mriscvcore,ALU
automated_osu035_turbo8051_latest_final_sfifo.gml,automated_osu035,latest,sfifo
automated_osu035_gost28147-89_latest_final_gost89_sbox.gml,automated_osu035,latest,gost89_sbox
automated_osu035_cookbook_final_fec_rot_n2112.gml,automated_osu035,cookbook,fec_rot_n2112
automated_osu035_mriscvcore_final_OAI211_X4.gml,automated_osu035,mriscvcore,OAI211_X4
automated_osu035_pairing_latest_final_f3m_mux3.gml,automated_osu035,latest,f3m_mux3
automated_osu035_AES-T100_final_S4.gml,automated_osu035,AES-T100,S4
automated_osu035_rs_encoder_decoder_latest_final_GF8Mult111.gml,automated_osu035,latest,GF8Mult111
automated_osu035_amber_latest_final_eth_outputcontrol.gml,automated_osu035,latest,eth_outputcontrol
automated_osu035_rs_encoder_decoder_latest_final_GF8Mult105.gml,automated_osu035,latest,GF8Mult105
automated_osu035_openmsp430_latest_final_spartan3adsp_pmem.gml,automated_osu035,latest,spartan3adsp_pmem
automated_osu035_iwls_final_usbf_pl.gml,automated_osu035,iwls,usbf_pl
automated_osu035_iwls_final_i2c_master_bit_ctrl.gml,automated_osu035,iwls,i2c_master_bit_ctrl
automated_osu035_iwls_final_pci_frame_en_crit.gml,automated_osu035,iwls,pci_frame_en_crit
automated_osu035_mriscvcore_final_OR2_X1.gml,automated_osu035,mriscvcore,OR2_X1
automated_osu035_mriscvcore_final_OAI22_X2.gml,automated_osu035,mriscvcore,OAI22_X2
automated_osu035_iwls_final_spi_top.gml,automated_osu035,iwls,spi_top
automated_osu035_iwls_final_sbox3.gml,automated_osu035,iwls,sbox3
automated_osu035_signed_integer_divider_latest_final_shift_1.gml,automated_osu035,latest,shift_1
automated_osu035_rs_encoder_decoder_latest_final_GF8Mult139.gml,automated_osu035,latest,GF8Mult139
automated_osu035_cookbook_final_gf_mult_by_36.gml,automated_osu035,cookbook,gf_mult_by_36
automated_osu035_sha512-master_final_sha512_w_mem.gml,automated_osu035,sha512-master,sha512_w_mem
automated_osu035_cookbook_final_gf_mult_by_22.gml,automated_osu035,cookbook,gf_mult_by_22
automated_osu035_turbo8051_latest_final_g_cfg_mgmt.gml,automated_osu035,latest,g_cfg_mgmt
automated_osu035_minsoc_latest_final_uart_sync_flops.gml,automated_osu035,latest,uart_sync_flops
automated_osu035_iwls_final_ejtag_edge2toggl.gml,automated_osu035,iwls,ejtag_edge2toggl
automated_osu035_rs_encoder_decoder_latest_final_GF8Mult99.gml,automated_osu035,latest,GF8Mult99
automated_osu035_cookbook_final_crc32_dat112_flat.gml,automated_osu035,cookbook,crc32_dat112_flat
automated_osu035_iwls_final_aes_cipher_top.gml,automated_osu035,iwls,aes_cipher_top
automated_osu035_cookbook_final_gf_mult_by_e1.gml,automated_osu035,cookbook,gf_mult_by_e1
automated_osu035_iscas_final_s344.gml,automated_osu035,iscas,s344
automated_osu035_AES-T1000_final_final_round.gml,automated_osu035,AES-T1000,final_round
automated_osu035_cookbook_final_gf_mult_by_d5.gml,automated_osu035,cookbook,gf_mult_by_d5
automated_osu035_iwls_final_pci_io_mux_ad_load_crit.gml,automated_osu035,iwls,pci_io_mux_ad_load_crit
automated_osu035_signed_integer_divider_latest_final_divider_dshift.gml,automated_osu035,latest,divider_dshift
automated_osu035_mem_ctrl_latest_final_mc_adr_sel.gml,automated_osu035,latest,mc_adr_sel
automated_osu035_rtf8088_latest_final_evaluate_bra.gml,automated_osu035,latest,evaluate_bra
automated_osu035_cookbook_final_gf_mult_by_2d.gml,automated_osu035,cookbook,gf_mult_by_2d
automated_osu035_des-master_final_key_sel.gml,automated_osu035,des-master,key_sel
automated_osu035_iwls_final_wb_dma_pri_enc_su.gml,automated_osu035,iwls,wb_dma_pri_enc_su
automated_osu035_amber_latest_final_eth_cr.gml,automated_osu035,latest,eth_cr
automated_osu035_rs_encoder_decoder_latest_final_GF8Mult66.gml,automated_osu035,latest,GF8Mult66
automated_osu035_turbo8051_latest_final_oc8051_dptr.gml,automated_osu035,latest,oc8051_dptr
automated_osu035_cookbook_final_chain_delay_adjust.gml,automated_osu035,cookbook,chain_delay_adjust
automated_osu035_rs_encoder_decoder_latest_final_Mux8To1.gml,automated_osu035,latest,Mux8To1
automated_osu035_aes_highthroughput_lowarea_latest_final_MULB.gml,automated_osu035,latest,MULB
automated_osu035_iwls_final_tv80_reg.gml,automated_osu035,iwls,tv80_reg
automated_osu035_rs_encoder_decoder_latest_final_GF8Mult72.gml,automated_osu035,latest,GF8Mult72
automated_osu035_jt51_latest_final_fsm_control.gml,automated_osu035,latest,fsm_control
automated_osu035_des-master_final_sbox2.gml,automated_osu035,des-master,sbox2
automated_osu035_rs_encoder_decoder_latest_final_GF8Fir8t.gml,automated_osu035,latest,GF8Fir8t
automated_osu035_aes_highthroughput_lowarea_latest_final_xtimes.gml,automated_osu035,latest,xtimes
automated_osu035_iwls_final_pci_parity_check.gml,automated_osu035,iwls,pci_parity_check
automated_osu035_iwls_final_pci_serr_en_crit.gml,automated_osu035,iwls,pci_serr_en_crit
automated_osu035_minsoc_latest_final_adbg_wb_biu.gml,automated_osu035,latest,adbg_wb_biu
automated_osu035_fpu_latest_final_delay2.gml,automated_osu035,latest,delay2
automated_osu035_cookbook_final_cntr_upd.gml,automated_osu035,cookbook,cntr_upd
automated_osu035_minsoc_latest_final_OutputCell.gml,automated_osu035,latest,OutputCell
automated_osu035_fpu_latest_final_delay3.gml,automated_osu035,latest,delay3
automated_osu035_des-master_final_sbox3.gml,automated_osu035,des-master,sbox3
automated_osu035_signed_integer_divider_latest_final_operator_A.gml,automated_osu035,latest,operator_A
automated_osu035_pairing_latest_final_f32m_add3.gml,automated_osu035,latest,f32m_add3
automated_osu035_aes_highthroughput_lowarea_latest_final_key_exp.gml,automated_osu035,latest,key_exp
automated_osu035_iscas_final_s386.gml,automated_osu035,iscas,s386
automated_osu035_iscas_final_TX.gml,automated_osu035,iscas,TX
automated_osu035_verilog_fixed_point_math_library_latest_final_qmults.gml,automated_osu035,latest,qmults
automated_osu035_iwls_final_aes_rco.gml,automated_osu035,iwls,aes_rco
automated_osu035_rs_encoder_decoder_latest_final_GF8Mult73.gml,automated_osu035,latest,GF8Mult73
automated_osu035_rs_encoder_decoder_latest_final_GF8Mult67.gml,automated_osu035,latest,GF8Mult67
automated_osu035_a-z80_latest_final_address_pins.gml,automated_osu035,latest,address_pins
automated_osu035_fixed_point_arithmetic_parameterized_latest_final_top.gml,automated_osu035,latest,top
automated_osu035_cookbook_final_thirtysix_six_comp.gml,automated_osu035,cookbook,thirtysix_six_comp
automated_osu035_apbtoaes128_latest_final_host_interfa.gml,automated_osu035,latest,host_interfa
automated_osu035_cookbook_final_gf_mult_by_d4.gml,automated_osu035,cookbook,gf_mult_by_d4
automated_osu035_AES-T100_final_one_round.gml,automated_osu035,AES-T100,one_round
automated_osu035_cookbook_final_c_rand.gml,automated_osu035,cookbook,c_rand
automated_osu035_mem_ctrl_latest_final_mc_incn_r.gml,automated_osu035,latest,mc_incn_r
automated_osu035_rs_encoder_decoder_latest_final_GF8Mult98.gml,automated_osu035,latest,GF8Mult98
automated_osu035_minsoc_latest_final_eth_register.gml,automated_osu035,latest,eth_register
automated_osu035_cookbook_final_gf_mult_by_3a.gml,automated_osu035,cookbook,gf_mult_by_3a
automated_osu035_m32632_latest_final_REG_LIST.gml,automated_osu035,latest,REG_LIST
automated_osu035_rs_encoder_decoder_latest_final_GF8GenMultModA.gml,automated_osu035,latest,GF8GenMultModA
automated_osu035_iwls_final_CLKBUFX1.gml,automated_osu035,iwls,CLKBUFX1
automated_osu035_cookbook_final_gf_mult_by_e0.gml,automated_osu035,cookbook,gf_mult_by_e0
automated_osu035_iwls_final_IDEBN.gml,automated_osu035,iwls,IDEBN
automated_osu035_cookbook_final_gf_mult_by_23.gml,automated_osu035,cookbook,gf_mult_by_23
automated_osu035_cookbook_final_gf_mult_by_37.gml,automated_osu035,cookbook,gf_mult_by_37
automated_osu035_cookbook_final_scrambler_lfsr.gml,automated_osu035,cookbook,scrambler_lfsr
automated_osu035_apbtoaes128_latest_final_control_unit.gml,automated_osu035,latest,control_unit
automated_osu035_cookbook_final_gf_mult_by_ef.gml,automated_osu035,cookbook,gf_mult_by_ef
automated_osu035_rs_encoder_decoder_latest_final_GF8Mult138.gml,automated_osu035,latest,GF8Mult138
automated_osu035_iwls_final_s832_.gml,automated_osu035,iwls,s832_
automated_osu035_cookbook_final_gearbox_66_20.gml,automated_osu035,cookbook,gearbox_66_20
automated_osu035_systemcaes_latest_final_keysched.gml,automated_osu035,latest,keysched
automated_osu035_cookbook_final_inv_shift_rows.gml,automated_osu035,cookbook,inv_shift_rows
automated_osu035_iwls_final_sbox2.gml,automated_osu035,iwls,sbox2
automated_osu035_rtf8088_latest_final_stkmem.gml,automated_osu035,latest,stkmem
automated_osu035_aes_decrypt_fpga_latest_final_MUXF7.gml,automated_osu035,latest,MUXF7
automated_osu035_rs_encoder_decoder_latest_final_GF8Mult104.gml,automated_osu035,latest,GF8Mult104
automated_osu035_rs_encoder_decoder_latest_final_GF8Mult110.gml,automated_osu035,latest,GF8Mult110
automated_osu035_iwls_final_spi_clg.gml,automated_osu035,iwls,spi_clg
automated_osu035_openmsp430_latest_final_ogfx_backend_frame_fifo.gml,automated_osu035,latest,ogfx_backend_frame_fifo
automated_osu035_cookbook_final_sum_of_3bit_pair.gml,automated_osu035,cookbook,sum_of_3bit_pair
automated_osu035_iscas_final_BU.gml,automated_osu035,iscas,BU
automated_osu035_altor32_latest_final_altor32_wb_fet.gml,automated_osu035,latest,altor32_wb_fet
automated_osu035_mriscvcore_final_AND3_X2.gml,automated_osu035,mriscvcore,AND3_X2
automated_osu035_cookbook_final_crc32_dat64_flat.gml,automated_osu035,cookbook,crc32_dat64_flat
automated_osu035_xge_mac_latest_final_xge_ma.gml,automated_osu035,latest,xge_ma
automated_osu035_two_dimensional_fast_hartley_transform_latest_final_fht_1d_x8.gml,automated_osu035,latest,fht_1d_x8
automated_osu035_iwls_final_ES_DEC.gml,automated_osu035,iwls,ES_DEC
automated_osu035_openmsp430_latest_final_DE0_NANO_SOC_QSYS_jtag_uart.gml,automated_osu035,latest,DE0_NANO_SOC_QSYS_jtag_uart
automated_osu035_tiny_aes_latest_final_aes_128.gml,automated_osu035,latest,aes_128
automated_osu035_mriscv_final_ADC_interface_APB.gml,automated_osu035,mriscv,ADC_interface_APB
automated_osu035_openmsp430_latest_final_ogfx_reg_vram_if.gml,automated_osu035,latest,ogfx_reg_vram_if
automated_osu035_gost28147-89_latest_final_gost89_pipelined_ecb_decrypt.gml,automated_osu035,latest,gost89_pipelined_ecb_decrypt
automated_osu035_iwls_final_eth_spram_256x32.gml,automated_osu035,iwls,eth_spram_256x32
automated_osu035_mem_ctrl_latest_final_mc_obct_dummy.gml,automated_osu035,latest,mc_obct_dummy
automated_osu035_aes_highthroughput_lowarea_latest_final_inv_mix_columns.gml,automated_osu035,latest,inv_mix_columns
automated_osu035_amber_latest_final_eth_macstatus.gml,automated_osu035,latest,eth_macstatus
automated_osu035_trigonometric_functions_in_double_fpu_latest_final_dividor.gml,automated_osu035,latest,dividor
automated_osu035_cookbook_final_h_register.gml,automated_osu035,cookbook,h_register
automated_osu035_openmsp430_latest_final_ram_8x512_hi.gml,automated_osu035,latest,ram_8x512_hi
automated_osu035_cookbook_final_syndrome_flat.gml,automated_osu035,cookbook,syndrome_flat
automated_osu035_csa_latest_final_ts_sy.gml,automated_osu035,latest,ts_sy
automated_osu035_Aquarius_latest_final_register.gml,automated_osu035,latest,register
automated_osu035_viterb_encoder_and_decoder_final_tbu.gml,automated_osu035,decoder,tbu
automated_osu035_minsoc_latest_final_or1200_ic_top.gml,automated_osu035,latest,or1200_ic_top
automated_osu035_aes_core_latest_final_aes_inv_cipher_top.gml,automated_osu035,latest,aes_inv_cipher_top
automated_osu035_m32632_latest_final_GRUPPE_2.gml,automated_osu035,latest,GRUPPE_2
automated_osu035_m32632_latest_final_ex_io_bus_ctrl.gml,automated_osu035,latest,ex_io_bus_ctrl
automated_osu035_suslik_latest_final_subagu.gml,automated_osu035,latest,subagu
automated_osu035_jt51_latest_final_jt51_a.gml,automated_osu035,latest,jt51_a
automated_osu035_aes_core_latest_final_aes_cipher_top.gml,automated_osu035,latest,aes_cipher_top
automated_osu035_iwls_final_mc_refres.gml,automated_osu035,iwls,mc_refres
automated_osu035_mriscv_final_spi_axi_slav.gml,automated_osu035,mriscv,spi_axi_slav
automated_osu035_openmsp430_latest_final_spartan3adsp_dmem.gml,automated_osu035,latest,spartan3adsp_dmem
automated_osu035_hamming_latest_final_ham_7_4_d.gml,automated_osu035,latest,ham_7_4_d
automated_osu035_orsoc_graphics_accelerator_latest_final_div_uu.gml,automated_osu035,latest,div_uu
automated_osu035_m1_core_latest_final_ps2_keyboard.gml,automated_osu035,latest,ps2_keyboard
automated_osu035_iwls_final_pci_target32_clk_.gml,automated_osu035,iwls,pci_target32_clk_
automated_osu035_m32632_latest_final_SHIFTER.gml,automated_osu035,latest,SHIFTER
automated_osu035_two_dimensional_fast_hartley_transform_latest_final_signed_mult_const_asi.gml,automated_osu035,latest,signed_mult_const_asi
automated_osu035_cavlc_latest_final_cavlc_len_g.gml,automated_osu035,latest,cavlc_len_g
automated_osu035_iwls_final_vga_wb_slav.gml,automated_osu035,iwls,vga_wb_slav
automated_osu035_amber_latest_final_wishbone_arbiter.gml,automated_osu035,latest,wishbone_arbiter
automated_osu035_cookbook_final_fec_rot_13.gml,automated_osu035,cookbook,fec_rot_13
automated_osu035_m32632_latest_final_DFPU_ADDSUB.gml,automated_osu035,latest,DFPU_ADDSUB
automated_osu035_cookbook_final_uart.gml,automated_osu035,cookbook,uart
automated_osu035_amber_latest_final_eth_miim.gml,automated_osu035,latest,eth_miim
automated_osu035_cookbook_final_clock_mux.gml,automated_osu035,cookbook,clock_mux
automated_osu035_cookbook_final_eight_input_rom.gml,automated_osu035,cookbook,eight_input_rom
automated_osu035_iwls_final_s9234_1_.gml,automated_osu035,iwls,s9234_1_
automated_osu035_reed_solomon_codec_generator_latest_final_RsDecodeEuclid.gml,automated_osu035,latest,RsDecodeEuclid
automated_osu035_cookbook_final_crc24_dat64_only_flat.gml,automated_osu035,cookbook,crc24_dat64_only_flat
automated_osu035_ft816float_latest_final_delay4.gml,automated_osu035,latest,delay4
automated_osu035_gng_latest_final_gng_smul_16_18.gml,automated_osu035,latest,gng_smul_16_18
automated_osu035_iwls_final_delay2.gml,automated_osu035,iwls,delay2
automated_osu035_a-z80_latest_final_alu_mux_2.gml,automated_osu035,latest,alu_mux_2
automated_osu035_iwls_final_ac97_int.gml,automated_osu035,iwls,ac97_int
automated_osu035_a-z80_latest_final_interrupts.gml,automated_osu035,latest,interrupts
automated_osu035_cookbook_final_fec_rot_11.gml,automated_osu035,cookbook,fec_rot_11
automated_osu035_sha512-master_final_sha512_cor.gml,automated_osu035,sha512-master,sha512_cor
automated_osu035_fpga-median_latest_final_pixel_network.gml,automated_osu035,latest,pixel_network
automated_osu035_iwls_final_s1196_.gml,automated_osu035,iwls,s1196_
automated_osu035_minsoc_latest_final_or1200_mem2reg.gml,automated_osu035,latest,or1200_mem2reg
automated_osu035_cavlc_latest_final_cavlc_read_total_zeros.gml,automated_osu035,latest,cavlc_read_total_zeros
automated_osu035_ecg_latest_final_f3m_mult3.gml,automated_osu035,latest,f3m_mult3
automated_osu035_mriscvcore_final_NOR4_X1.gml,automated_osu035,mriscvcore,NOR4_X1
automated_osu035_cookbook_final_stream_mux.gml,automated_osu035,cookbook,stream_mux
automated_osu035_reed_solomon_decoder_latest_final_GF_mult_add_syndromes.gml,automated_osu035,latest,GF_mult_add_syndromes
automated_osu035_orsoc_graphics_accelerator_latest_final_gfx_interp.gml,automated_osu035,latest,gfx_interp
automated_osu035_turbo8051_latest_final_g_dpath_ctrl.gml,automated_osu035,latest,g_dpath_ctrl
automated_osu035_iscas_final_NR4.gml,automated_osu035,iscas,NR4
automated_osu035_iwls_final_pci_cur_out_reg.gml,automated_osu035,iwls,pci_cur_out_reg
automated_osu035_openmsp430_latest_final_omsp_multiplier.gml,automated_osu035,latest,omsp_multiplier
automated_osu035_orsoc_graphics_accelerator_final_basic_fifo.gml,automated_osu035,accelerator,basic_fifo
automated_osu035_suslik_latest_final_datacache_data_sel.gml,automated_osu035,latest,datacache_data_sel
automated_osu035_mriscv_final_macstate2.gml,automated_osu035,mriscv,macstate2
automated_osu035_systemcaes_latest_final_word_mixcolum.gml,automated_osu035,latest,word_mixcolum
automated_osu035_cookbook_final_ecc_raw_data_32bit.gml,automated_osu035,cookbook,ecc_raw_data_32bit
automated_osu035_cookbook_final_reg_word_mux.gml,automated_osu035,cookbook,reg_word_mux
automated_osu035_mod3_calc_latest_final_type_co.gml,automated_osu035,latest,type_co
automated_osu035_mriscvcore_final_CLKGATE_X8.gml,automated_osu035,mriscvcore,CLKGATE_X8
automated_osu035_iwls_final_eth_rxstatem.gml,automated_osu035,iwls,eth_rxstatem
automated_osu035_rs_encoder_decoder_latest_final_GF8Mult106.gml,automated_osu035,latest,GF8Mult106
automated_osu035_RSA-CRYPTOSYSTEM-using-verilog-master_final_dff.gml,automated_osu035,RSA-CRYPTOSYSTEM-using-verilog-master,dff
automated_osu035_minsoc_latest_final_adbg_or1k_biu.gml,automated_osu035,latest,adbg_or1k_biu
automated_osu035_rs_encoder_decoder_latest_final_GF8Mult112.gml,automated_osu035,latest,GF8Mult112
automated_osu035_cookbook_final_sum_of_64.gml,automated_osu035,cookbook,sum_of_64
automated_osu035_iscas_final_s838.gml,automated_osu035,iscas,s838
automated_osu035_openmsp430_latest_final_counter_bus_mux.gml,automated_osu035,latest,counter_bus_mux
automated_osu035_mriscvcore_final_OR2_X2.gml,automated_osu035,mriscvcore,OR2_X2
automated_osu035_mriscvcore_final_OAI22_X1.gml,automated_osu035,mriscvcore,OAI22_X1
automated_osu035_cookbook_final_gf_mult_by_21.gml,automated_osu035,cookbook,gf_mult_by_21
automated_osu035_suslik_latest_final_codecacheramtag.gml,automated_osu035,latest,codecacheramtag
automated_osu035_ft816float_latest_final_cntlo48.gml,automated_osu035,latest,cntlo48
automated_osu035_md5_core-master_final_sram.gml,automated_osu035,core-master,sram
automated_osu035_cookbook_final_gf_mult_by_ed.gml,automated_osu035,cookbook,gf_mult_by_ed
automated_osu035_m32632_latest_final_ADDSUB.gml,automated_osu035,latest,ADDSUB
automated_osu035_cookbook_final_gf_mult_by_35.gml,automated_osu035,cookbook,gf_mult_by_35
automated_osu035_rs_decoder_31_19_6_latest_final_degree4_cell.gml,automated_osu035,latest,degree4_cell
automated_osu035_cookbook_final_gf_mult_by_d6.gml,automated_osu035,cookbook,gf_mult_by_d6
automated_osu035_cookbook_final_gf_mult_by_e2.gml,automated_osu035,cookbook,gf_mult_by_e2
automated_osu035_rs_decoder_31_19_6_latest_final_degree5_cell.gml,automated_osu035,latest,degree5_cell
automated_osu035_iwls_final_CLKBUFX3.gml,automated_osu035,iwls,CLKBUFX3
automated_osu035_cookbook_final_gf_mult_by_09.gml,automated_osu035,cookbook,gf_mult_by_09
automated_osu035_ecpu_alu_latest_final_alu_adder.gml,automated_osu035,latest,alu_adder
automated_osu035_AES-T200_final_xS.gml,automated_osu035,AES-T200,xS
automated_osu035_rs_encoder_decoder_latest_final_GF8Mult71.gml,automated_osu035,latest,GF8Mult71
automated_osu035_trigonometric_functions_in_double_fpu_latest_final_cosine_lut.gml,automated_osu035,latest,cosine_lut
automated_osu035_openmsp430_latest_final_virtex4_dmem.gml,automated_osu035,latest,virtex4_dmem
automated_osu035_suslik_latest_final_brpred_ram.gml,automated_osu035,latest,brpred_ram
automated_osu035_iwls_final_aes.gml,automated_osu035,iwls,aes
automated_osu035_rs_encoder_decoder_latest_final_GF8Mult65.gml,automated_osu035,latest,GF8Mult65
automated_osu035_openmsp430_latest_final_virtex5_dmem.gml,automated_osu035,latest,virtex5_dmem
automated_osu035_apbtoaes128_latest_final_aes_cor.gml,automated_osu035,latest,aes_cor
automated_osu035_fpu_latest_final_delay1.gml,automated_osu035,latest,delay1
automated_osu035_iwls_final_word_mixcolum.gml,automated_osu035,iwls,word_mixcolum
automated_osu035_iwls_final_pci_cbe_en_crit.gml,automated_osu035,iwls,pci_cbe_en_crit
automated_osu035_signed_integer_divider_latest_final_operator_C.gml,automated_osu035,latest,operator_C
automated_osu035_fpga-median_latest_final_media.gml,automated_osu035,latest,media
automated_osu035_suslik_latest_final_dataca.gml,automated_osu035,latest,dataca
automated_osu035_des-master_final_sbox1.gml,automated_osu035,des-master,sbox1
automated_osu035_suslik_latest_final_brpred.gml,automated_osu035,latest,brpred
automated_osu035_rs_encoder_decoder_latest_final_GF8Mult59.gml,automated_osu035,latest,GF8Mult59
automated_osu035_pairing_latest_final_f3m_mult.gml,automated_osu035,latest,f3m_mult
automated_osu035_minsoc_latest_final_eth_txcounters.gml,automated_osu035,latest,eth_txcounters
automated_osu035_signed_integer_divider_latest_final_operator_B.gml,automated_osu035,latest,operator_B
automated_osu035_iwls_final_mc_incn_r.gml,automated_osu035,iwls,mc_incn_r
automated_osu035_RSA-CRYPTOSYSTEM-using-verilog-master_final_mux.gml,automated_osu035,RSA-CRYPTOSYSTEM-using-verilog-master,mux
automated_osu035_openmsp430_latest_final_ogfx_if_lt24.gml,automated_osu035,latest,ogfx_if_lt24
automated_osu035_rs_encoder_decoder_latest_final_GF8Mult58.gml,automated_osu035,latest,GF8Mult58
automated_osu035_cookbook_final_crc16_dat32_flat.gml,automated_osu035,cookbook,crc16_dat32_flat
automated_osu035_mriscvcore_final_NAND4_X4.gml,automated_osu035,mriscvcore,NAND4_X4
automated_osu035_minsoc_latest_final_adbg_top.gml,automated_osu035,latest,adbg_top
automated_osu035_turbo8051_latest_final_oc8051_memory_interfa.gml,automated_osu035,latest,oc8051_memory_interfa
automated_osu035_jt51_latest_final_jt51_lfo.gml,automated_osu035,latest,jt51_lfo
automated_osu035_minsoc_latest_final_or1200_lsu.gml,automated_osu035,latest,or1200_lsu
automated_osu035_ft816float_latest_final_f2i.gml,automated_osu035,latest,f2i
automated_osu035_iwls_final_mc_adr_sel.gml,automated_osu035,iwls,mc_adr_sel
automated_osu035_rs_encoder_decoder_latest_final_GF8Mult64.gml,automated_osu035,latest,GF8Mult64
automated_osu035_iscas_final_AN4.gml,automated_osu035,iscas,AN4
automated_osu035_openmsp430_latest_final_omsp_dbg.gml,automated_osu035,latest,omsp_dbg
automated_osu035_AES-T100_final_expand_key_128.gml,automated_osu035,AES-T100,expand_key_128
automated_osu035_rs_encoder_decoder_latest_final_GF8Mult70.gml,automated_osu035,latest,GF8Mult70
automated_osu035_tiny_tate_bilinear_pairing_latest_final_select.gml,automated_osu035,latest,select
automated_osu035_csa_latest_final_key_computer.gml,automated_osu035,latest,key_computer
automated_osu035_dpll-isdn_latest_final_variableresetrandomwalkfilter.gml,automated_osu035,latest,variableresetrandomwalkfilter
automated_osu035_cookbook_final_gf_mult_by_e3.gml,automated_osu035,cookbook,gf_mult_by_e3
automated_osu035_minsoc_latest_final_or1200_rfram_generi.gml,automated_osu035,latest,or1200_rfram_generi
automated_osu035_iwls_final_generic_dpram.gml,automated_osu035,iwls,generic_dpram
automated_osu035_cookbook_final_gf_mult_by_08.gml,automated_osu035,cookbook,gf_mult_by_08
automated_osu035_iscas_final_s420.gml,automated_osu035,iscas,s420
automated_osu035_8051_latest_final_oc8051_psw.gml,automated_osu035,latest,oc8051_psw
automated_osu035_rs_encoder_decoder_latest_final_GF8GenMultModB.gml,automated_osu035,latest,GF8GenMultModB
automated_osu035_cookbook_final_gf_mult_by_2f.gml,automated_osu035,cookbook,gf_mult_by_2f
automated_osu035_cookbook_final_gf_mult_by_d7.gml,automated_osu035,cookbook,gf_mult_by_d7
automated_osu035_iscas_final_FD1.gml,automated_osu035,iscas,FD1
automated_osu035_cookbook_final_gf_mult_by_34.gml,automated_osu035,cookbook,gf_mult_by_34
automated_osu035_numbert_sort_device_latest_final_SEG7_LUT_4.gml,automated_osu035,latest,SEG7_LUT_4
automated_osu035_iwls_final_pci_out_reg.gml,automated_osu035,iwls,pci_out_reg
automated_osu035_cookbook_final_gf_mult_by_20.gml,automated_osu035,cookbook,gf_mult_by_20
automated_osu035_cookbook_final_gf_mult_by_da.gml,automated_osu035,cookbook,gf_mult_by_da
automated_osu035_iwls_final_usbf_rf.gml,automated_osu035,iwls,usbf_rf
automated_osu035_iwls_final_sbox1.gml,automated_osu035,iwls,sbox1
automated_osu035_ft816float_latest_final_FloatToInt.gml,automated_osu035,latest,FloatToInt
automated_osu035_altor32_latest_final_cpu_if.gml,automated_osu035,latest,cpu_if
automated_osu035_signed_integer_divider_latest_final_shift_3.gml,automated_osu035,latest,shift_3
automated_osu035_rs_encoder_decoder_latest_final_GF8Mult113.gml,automated_osu035,latest,GF8Mult113
automated_osu035_minsoc_latest_final_eth_clockg.gml,automated_osu035,latest,eth_clockg
automated_osu035_xge_mac_latest_final_rx_enqueu.gml,automated_osu035,latest,rx_enqueu
automated_osu035_xge_mac_latest_final_stats.gml,automated_osu035,latest,stats
automated_osu035_rs_encoder_decoder_latest_final_GF8Mult107.gml,automated_osu035,latest,GF8Mult107
automated_osu035_cookbook_final_ecc_raw_data_16bit.gml,automated_osu035,cookbook,ecc_raw_data_16bit
automated_osu035_mriscvcore_final_AND3_X1.gml,automated_osu035,mriscvcore,AND3_X1
automated_osu035_fpga-median_latest_final_state_machi.gml,automated_osu035,latest,state_machi
automated_osu035_sha3_latest_final_round.gml,automated_osu035,latest,round
automated_osu035_iwls_final_wb_conmax_rf.gml,automated_osu035,iwls,wb_conmax_rf
automated_osu035_cookbook_final_parallax_gps.gml,automated_osu035,cookbook,parallax_gps
automated_osu035_ft816float_latest_final_fpMulnr.gml,automated_osu035,latest,fpMulnr
automated_osu035_iwls_final_eth_txethma.gml,automated_osu035,iwls,eth_txethma
automated_osu035_trigonometric_functions_in_double_fpu_latest_final_sine_lut.gml,automated_osu035,latest,sine_lut
automated_osu035_openmsp430_latest_final_virtex5_pmem.gml,automated_osu035,latest,virtex5_pmem
automated_osu035_iwls_final_can_cr.gml,automated_osu035,iwls,can_cr
automated_osu035_minsoc_latest_final_eth_top.gml,automated_osu035,latest,eth_top
automated_osu035_openmsp430_latest_final_virtex4_pmem.gml,automated_osu035,latest,virtex4_pmem
automated_osu035_m32632_latest_final_ICACHE_SM.gml,automated_osu035,latest,ICACHE_SM
automated_osu035_mriscvcore_final_AOI211_X4.gml,automated_osu035,mriscvcore,AOI211_X4
automated_osu035_mem_ctrl_latest_final_mc_refres.gml,automated_osu035,latest,mc_refres
automated_osu035_gng_latest_final_gng_coef.gml,automated_osu035,latest,gng_coef
automated_osu035_a-z80_latest_final_z80_top_direct_.gml,automated_osu035,latest,z80_top_direct_
automated_osu035_orsoc_graphics_accelerator_latest_final_gfx_wbm_writ.gml,automated_osu035,latest,gfx_wbm_writ
automated_osu035_suslik_latest_final_get_new_pos.gml,automated_osu035,latest,get_new_pos
automated_osu035_minsoc_latest_final_eth_spram_256x32.gml,automated_osu035,latest,eth_spram_256x32
automated_osu035_iwls_final_eth_random.gml,automated_osu035,iwls,eth_random
automated_osu035_turbo8051_latest_final_wb_wr_mem2mem.gml,automated_osu035,latest,wb_wr_mem2mem
automated_osu035_tiny_aes_latest_final_expand_key_type_B_192.gml,automated_osu035,latest,expand_key_type_B_192
automated_osu035_AES-T100_final_TSC.gml,automated_osu035,AES-T100,TSC
automated_osu035_orsoc_graphics_accelerator_final_gfx_wbm_writ.gml,automated_osu035,accelerator,gfx_wbm_writ
automated_osu035_iwls_final_sasc_fifo4.gml,automated_osu035,iwls,sasc_fifo4
automated_osu035_iwls_final_aes_sbox.gml,automated_osu035,iwls,aes_sbox
automated_osu035_BLAKE_final_BLAKE_CORE.gml,automated_osu035,BLAKE,BLAKE_CORE
automated_osu035_des_latest_final_key_sel.gml,automated_osu035,latest,key_sel
automated_osu035_8051_latest_final_RAMB4_S8_S8.gml,automated_osu035,latest,RAMB4_S8_S8
automated_osu035_suslik_latest_final_datacacheram.gml,automated_osu035,latest,datacacheram
automated_osu035_cookbook_final_reset_control.gml,automated_osu035,cookbook,reset_control
automated_osu035_double_fpu_latest_final_fpu_add.gml,automated_osu035,latest,fpu_add
automated_osu035_signed_integer_divider_latest_final_shifter.gml,automated_osu035,latest,shifter
automated_osu035_amber_latest_final_eth_register.gml,automated_osu035,latest,eth_register
automated_osu035_m32632_latest_final_MULFILTER.gml,automated_osu035,latest,MULFILTER
automated_osu035_orsoc_graphics_accelerator_latest_final_gfx_cuvz.gml,automated_osu035,latest,gfx_cuvz
automated_osu035_cookbook_final_fec_rot_10.gml,automated_osu035,cookbook,fec_rot_10
automated_osu035_minsoc_latest_final_eth_rxethma.gml,automated_osu035,latest,eth_rxethma
automated_osu035_altor32_latest_final_altor32_regfile_sim.gml,automated_osu035,latest,altor32_regfile_sim
automated_osu035_altor32_latest_final_altor32_noica.gml,automated_osu035,latest,altor32_noica
automated_osu035_tiny_tate_bilinear_pairing_latest_final_tiny.gml,automated_osu035,latest,tiny
automated_osu035_rs_encoder_decoder_latest_final_GF8GenMult.gml,automated_osu035,latest,GF8GenMult
automated_osu035_ft816float_latest_final_delay5.gml,automated_osu035,latest,delay5
automated_osu035_iwls_final_delay3.gml,automated_osu035,iwls,delay3
automated_osu035_altor32_latest_final_altor32_lsu.gml,automated_osu035,latest,altor32_lsu
automated_osu035_ecg_latest_final_func11.gml,automated_osu035,latest,func11
automated_osu035_iwls_final_ac97_rf.gml,automated_osu035,iwls,ac97_rf
automated_osu035_altor32_latest_final_altor32_ram_sp.gml,automated_osu035,latest,altor32_ram_sp
automated_osu035_m32632_latest_final_SCHALE.gml,automated_osu035,latest,SCHALE
automated_osu035_cookbook_final_des.gml,automated_osu035,cookbook,des
automated_osu035_cookbook_final_gf_mult_by_9.gml,automated_osu035,cookbook,gf_mult_by_9
automated_osu035_iwls_final_can_register_asy.gml,automated_osu035,iwls,can_register_asy
automated_osu035_reed_solomon_codec_generator_latest_final_RsDecodeI.gml,automated_osu035,latest,RsDecodeI
automated_osu035_csa_latest_final_block_sbox.gml,automated_osu035,latest,block_sbox
automated_osu035_viterb_encoder_and_decoder_final_encoder.gml,automated_osu035,decoder,encoder
automated_osu035_iwls_final_mc_cs_rf_dummy.gml,automated_osu035,iwls,mc_cs_rf_dummy
automated_osu035_rs_encoder_decoder_latest_final_GF8Mult216.gml,automated_osu035,latest,GF8Mult216
automated_osu035_mriscvcore_final_TBUF_X2.gml,automated_osu035,mriscvcore,TBUF_X2
automated_osu035_des_latest_final_sbox1.gml,automated_osu035,latest,sbox1
automated_osu035_sdr_ctrl_latest_final_wb2sdr.gml,automated_osu035,latest,wb2sdr
automated_osu035_rs_encoder_decoder_latest_final_GF8Mult202.gml,automated_osu035,latest,GF8Mult202
automated_osu035_iwls_final_eth_fifo.gml,automated_osu035,iwls,eth_fifo
automated_osu035_mriscv_final_DAC_interface_APB.gml,automated_osu035,mriscv,DAC_interface_APB
automated_osu035_mriscvcore_final_ALU_blt.gml,automated_osu035,mriscvcore,ALU_blt
automated_osu035_csa_latest_final_key_perm.gml,automated_osu035,latest,key_perm
automated_osu035_csa_latest_final_sbox7.gml,automated_osu035,latest,sbox7
automated_osu035_ecg_latest_final_func2.gml,automated_osu035,latest,func2
automated_osu035_hamming_latest_final_ham_7_4_.gml,automated_osu035,latest,ham_7_4_
automated_osu035_pairing_latest_final_func2.gml,automated_osu035,latest,func2
automated_osu035_iwls_final_byte_mixcolum.gml,automated_osu035,iwls,byte_mixcolum
automated_osu035_tiny_tate_bilinear_pairing_latest_final_mod_p.gml,automated_osu035,latest,mod_p
automated_osu035_iwls_final_can_register.gml,automated_osu035,iwls,can_register
automated_osu035_sha512-master_final_sha512_h_constants.gml,automated_osu035,sha512-master,sha512_h_constants
automated_osu035_mriscvcore_final_NAND2_X2.gml,automated_osu035,mriscvcore,NAND2_X2
automated_osu035_mriscvcore_final_OAI221_X1.gml,automated_osu035,mriscvcore,OAI221_X1
automated_osu035_amber_latest_final_eth_top.gml,automated_osu035,latest,eth_top
automated_osu035_cookbook_final_fec_rot_8.gml,automated_osu035,cookbook,fec_rot_8
automated_osu035_minsoc_latest_final_or1200_spram_128x32.gml,automated_osu035,latest,or1200_spram_128x32
automated_osu035_amber_latest_final_eth_txethma.gml,automated_osu035,latest,eth_txethma
automated_osu035_turbo8051_latest_final_generic_intr_stat_reg.gml,automated_osu035,latest,generic_intr_stat_reg
automated_osu035_rs_encoder_decoder_latest_final_GF8SigmaAdder8t.gml,automated_osu035,latest,GF8SigmaAdder8t
automated_osu035_iscas_final_OR2.gml,automated_osu035,iscas,OR2
automated_osu035_m1_core_latest_final_rotary.gml,automated_osu035,latest,rotary
automated_osu035_cookbook_final_sbox6.gml,automated_osu035,cookbook,sbox6
automated_osu035_md5_core-master_final_tlut.gml,automated_osu035,core-master,tlut
automated_osu035_iscas_final_IV.gml,automated_osu035,iscas,IV
automated_osu035_xtea_latest_final_xtea.gml,automated_osu035,latest,xtea
automated_osu035_m32632_latest_final_WR_ALIGNER.gml,automated_osu035,latest,WR_ALIGNER
automated_osu035_rs_encoder_decoder_latest_final_GF8Mult148.gml,automated_osu035,latest,GF8Mult148
automated_osu035_minsoc_latest_final_or1200_pi.gml,automated_osu035,latest,or1200_pi
automated_osu035_systemcaes_latest_final_sbox.gml,automated_osu035,latest,sbox
automated_osu035_rs_encoder_decoder_latest_final_Memmory.gml,automated_osu035,latest,Memmory
automated_osu035_rs_encoder_decoder_latest_final_GF8Mult160.gml,automated_osu035,latest,GF8Mult160
automated_osu035_rs_encoder_decoder_latest_final_GF8Mult174.gml,automated_osu035,latest,GF8Mult174
automated_osu035_sha3_latest_final_keccak.gml,automated_osu035,latest,keccak
automated_osu035_rs_encoder_decoder_latest_final_GF8tmmult.gml,automated_osu035,latest,GF8tmmult
automated_osu035_aes-encryption_latest_final_aes_key_expand_128.gml,automated_osu035,latest,aes_key_expand_128
automated_osu035_cookbook_final_gf_mult_by_4a.gml,automated_osu035,cookbook,gf_mult_by_4a
automated_osu035_iwls_final_DSP_CORE_wpreg.gml,automated_osu035,iwls,DSP_CORE_wpreg
automated_osu035_mriscvcore_final_CLKGATETST_X1.gml,automated_osu035,mriscvcore,CLKGATETST_X1
automated_osu035_cookbook_final_gf_mult_by_b0.gml,automated_osu035,cookbook,gf_mult_by_b0
automated_osu035_cookbook_final_gf_mult_by_c4.gml,automated_osu035,cookbook,gf_mult_by_c4
automated_osu035_amber_latest_final_a25_shifter.gml,automated_osu035,latest,a25_shifter
automated_osu035_Lightweight-Threshold-Implementations-master_final_lut_datapat.gml,automated_osu035,Lightweight-Threshold-Implementations-master,lut_datapat
automated_osu035_cookbook_final_gray_plus_o.gml,automated_osu035,cookbook,gray_plus_o
automated_osu035_pairing_latest_final_f3m_add3.gml,automated_osu035,latest,f3m_add3
automated_osu035_openmsp430_latest_final_omsp_sync_cell.gml,automated_osu035,latest,omsp_sync_cell
automated_osu035_cookbook_final_gf_mult_by_47.gml,automated_osu035,cookbook,gf_mult_by_47
automated_osu035_cookbook_final_gf_mult_by_bf.gml,automated_osu035,cookbook,gf_mult_by_bf
automated_osu035_RSA-Verilog-master_final_mon_prod_s.gml,automated_osu035,RSA-Verilog-master,mon_prod_s
automated_osu035_ft816float_latest_final_fpAddsu.gml,automated_osu035,latest,fpAddsu
automated_osu035_amber_latest_final_a23_coprocessor.gml,automated_osu035,latest,a23_coprocessor
automated_osu035_minsoc_latest_final_or1200_immu_tl.gml,automated_osu035,latest,or1200_immu_tl
automated_osu035_fast_log_latest_final_Log2higha.gml,automated_osu035,latest,Log2higha
automated_osu035_cookbook_final_gf_mult_by_53.gml,automated_osu035,cookbook,gf_mult_by_53
automated_osu035_systemcaes_latest_final_byte_mixcolum.gml,automated_osu035,latest,byte_mixcolum
automated_osu035_openmsp430_latest_final_omsp_sfr.gml,automated_osu035,latest,omsp_sfr
automated_osu035_m32632_latest_final_OPDEC_REG.gml,automated_osu035,latest,OPDEC_REG
automated_osu035_cookbook_final_gf_mult_by_9f.gml,automated_osu035,cookbook,gf_mult_by_9f
automated_osu035_minsoc_latest_final_eth_rxstatem.gml,automated_osu035,latest,eth_rxstatem
automated_osu035_cookbook_final_gf_mult_by_84.gml,automated_osu035,cookbook,gf_mult_by_84
automated_osu035_amber_latest_final_eth_registers.gml,automated_osu035,latest,eth_registers
automated_osu035_rs_encoder_decoder_latest_final_GF8Mult17.gml,automated_osu035,latest,GF8Mult17
automated_osu035_edge_latest_final_register.gml,automated_osu035,latest,register
automated_osu035_cookbook_final_gf_mult_by_90.gml,automated_osu035,cookbook,gf_mult_by_90
automated_osu035_xge_mac_latest_final_tx_stats_fifo.gml,automated_osu035,latest,tx_stats_fifo
automated_osu035_xge_mac_latest_final_sync_clk_w.gml,automated_osu035,latest,sync_clk_w
automated_osu035_iwls_final_DSP_CORE_vsia_tst_wp_cell_out.gml,automated_osu035,iwls,DSP_CORE_vsia_tst_wp_cell_out
automated_osu035_cookbook_final_gf_mult_by_91.gml,automated_osu035,cookbook,gf_mult_by_91
automated_osu035_cookbook_final_uart_rx.gml,automated_osu035,cookbook,uart_rx
automated_osu035_rs_encoder_decoder_latest_final_GF8Mult16.gml,automated_osu035,latest,GF8Mult16
automated_osu035_ft816float_latest_final_IntToFloat.gml,automated_osu035,latest,IntToFloat
automated_osu035_amber_latest_final_a23_ram_register_bank.gml,automated_osu035,latest,a23_ram_register_bank
automated_osu035_cookbook_final_gf_mult_by_85.gml,automated_osu035,cookbook,gf_mult_by_85
automated_osu035_iwls_final_ac97_cra.gml,automated_osu035,iwls,ac97_cra
automated_osu035_openmsp430_latest_final_ram_sp.gml,automated_osu035,latest,ram_sp
automated_osu035_cookbook_final_gf_mult_by_52.gml,automated_osu035,cookbook,gf_mult_by_52
automated_osu035_cookbook_final_gf_mult_by_46.gml,automated_osu035,cookbook,gf_mult_by_46
automated_osu035_cookbook_final_big_sigma_0_512.gml,automated_osu035,cookbook,big_sigma_0_512
automated_osu035_Aquarius_latest_final_sasc_brg.gml,automated_osu035,latest,sasc_brg
automated_osu035_ft816float_latest_final_fpRoundReg.gml,automated_osu035,latest,fpRoundReg
automated_osu035_cookbook_final_gf_mult_by_c5.gml,automated_osu035,cookbook,gf_mult_by_c5
automated_osu035_cpu8080_latest_final_M8080.gml,automated_osu035,latest,M8080
automated_osu035_cookbook_final_gf_mult_by_5d.gml,automated_osu035,cookbook,gf_mult_by_5d
automated_osu035_minsoc_latest_final_eth_maccontrol.gml,automated_osu035,latest,eth_maccontrol
automated_osu035_cookbook_final_gf_mult_by_b1.gml,automated_osu035,cookbook,gf_mult_by_b1
automated_osu035_iwls_final_usbf_ep_rf.gml,automated_osu035,iwls,usbf_ep_rf
automated_osu035_a-z80_latest_final_alu_sli.gml,automated_osu035,latest,alu_sli
automated_osu035_rs_encoder_decoder_latest_final_GF8Mult175.gml,automated_osu035,latest,GF8Mult175
automated_osu035_rs_encoder_decoder_latest_final_GF8Mult161.gml,automated_osu035,latest,GF8Mult161
automated_osu035_rs_encoder_decoder_latest_final_GF8Mult149.gml,automated_osu035,latest,GF8Mult149
automated_osu035_a-z80_latest_final_clk_delay.gml,automated_osu035,latest,clk_delay
automated_osu035_xge_mac_latest_final_rx_dequeu.gml,automated_osu035,latest,rx_dequeu
automated_osu035_jt51_latest_final_jt51_exptabl.gml,automated_osu035,latest,jt51_exptabl
automated_osu035_minsoc_latest_final_or1200_dmmu_top.gml,automated_osu035,latest,or1200_dmmu_top
automated_osu035_amber_latest_final_a25_wishbone_buf.gml,automated_osu035,latest,a25_wishbone_buf
automated_osu035_iscas_final_c3540.gml,automated_osu035,iscas,c3540
automated_osu035_8bit_vedic_multiplier_latest_final_full_adder.gml,automated_osu035,latest,full_adder
automated_osu035_mriscvcore_final_AOI221_X2.gml,automated_osu035,mriscvcore,AOI221_X2
automated_osu035_iscas_final_OR3.gml,automated_osu035,iscas,OR3
automated_osu035_cookbook_final_sbox7.gml,automated_osu035,cookbook,sbox7
automated_osu035_cookbook_final_flag_array.gml,automated_osu035,cookbook,flag_array
automated_osu035_gost28147-89_latest_final_gost89_round.gml,automated_osu035,latest,gost89_round
automated_osu035_cookbook_final_fec_rot_9.gml,automated_osu035,cookbook,fec_rot_9
automated_osu035_turbo8051_latest_final_bit_register.gml,automated_osu035,latest,bit_register
automated_osu035_iwls_final_CSA_d.gml,automated_osu035,iwls,CSA_d
automated_osu035_altor32_latest_final_altor32_lfu.gml,automated_osu035,latest,altor32_lfu
automated_osu035_iscas_final_Summodul.gml,automated_osu035,iscas,Summodul
automated_osu035_mriscvcore_final_BUF_X8.gml,automated_osu035,mriscvcore,BUF_X8
automated_osu035_iwls_final_eth_rxcounters.gml,automated_osu035,iwls,eth_rxcounters
automated_osu035_Aquarius_latest_final_sasc_fifo4.gml,automated_osu035,latest,sasc_fifo4
automated_osu035_double_fpu_latest_final_fpu_round.gml,automated_osu035,latest,fpu_round
automated_osu035_pairing_latest_final_func3.gml,automated_osu035,latest,func3
automated_osu035_ecg_latest_final_func3.gml,automated_osu035,latest,func3
automated_osu035_m32632_latest_final_DP_FPU.gml,automated_osu035,latest,DP_FPU
automated_osu035_csa_latest_final_sbox6.gml,automated_osu035,latest,sbox6
automated_osu035_AES-T1000_final_xS.gml,automated_osu035,AES-T1000,xS
automated_osu035_edge_latest_final_adder.gml,automated_osu035,latest,adder
automated_osu035_ecg_latest_final_f3m_add.gml,automated_osu035,latest,f3m_add
automated_osu035_minsoc_latest_final_ethma.gml,automated_osu035,latest,ethma
automated_osu035_rs_encoder_decoder_latest_final_GF8Mult203.gml,automated_osu035,latest,GF8Mult203
automated_osu035_ecg_latest_final_f3_add.gml,automated_osu035,latest,f3_add
automated_osu035_rs_encoder_decoder_latest_final_GF8Mult217.gml,automated_osu035,latest,GF8Mult217
automated_osu035_sdr_ctrl_latest_final_sdrc_cor.gml,automated_osu035,latest,sdrc_cor
automated_osu035_mriscvcore_final_OR4_X4.gml,automated_osu035,mriscvcore,OR4_X4
automated_osu035_a-z80_latest_final_inc_dec_2bit.gml,automated_osu035,latest,inc_dec_2bit
automated_osu035_Lightweight-Threshold-Implementations-master_final_sub1.gml,automated_osu035,Lightweight-Threshold-Implementations-master,sub1
automated_osu035_minsoc_latest_final_eth_outputcontrol.gml,automated_osu035,latest,eth_outputcontrol
automated_osu035_8051_latest_final_oc8051_t.gml,automated_osu035,latest,oc8051_t
automated_osu035_cookbook_final_gf_mult_by_8.gml,automated_osu035,cookbook,gf_mult_by_8
automated_osu035_mips_16_latest_final_IF_stag.gml,automated_osu035,latest,IF_stag
automated_osu035_ecg_latest_final_func10.gml,automated_osu035,latest,func10
automated_osu035_orsoc_graphics_accelerator_final_gfx_triangl.gml,automated_osu035,accelerator,gfx_triangl
automated_osu035_iwls_final_s1488_.gml,automated_osu035,iwls,s1488_
automated_osu035_iscas_final_s526.gml,automated_osu035,iscas,s526
automated_osu035_openmsp430_latest_final_omsp_and_gat.gml,automated_osu035,latest,omsp_and_gat
automated_osu035_verilog_fixed_point_math_library_latest_final_qadd.gml,automated_osu035,latest,qadd
automated_osu035_minsoc_latest_final_or1200_gmultp2_32x32.gml,automated_osu035,latest,or1200_gmultp2_32x32
automated_osu035_8051_latest_final_oc8051_a.gml,automated_osu035,latest,oc8051_a
automated_osu035_minsoc_latest_final_or1200_fpu_intfloat_co.gml,automated_osu035,latest,or1200_fpu_intfloat_co
automated_osu035_iwls_final_vga_curpro.gml,automated_osu035,iwls,vga_curpro
automated_osu035_mriscvcore_final_ALU_su.gml,automated_osu035,mriscvcore,ALU_su
automated_osu035_iwls_final_eth_outputcontrol.gml,automated_osu035,iwls,eth_outputcontrol
automated_osu035_ft816float_latest_final_fpRound.gml,automated_osu035,latest,fpRound
automated_osu035_xge_mac_latest_final_generic_mem_small.gml,automated_osu035,latest,generic_mem_small
automated_osu035_amber_latest_final_eth_rxstatem.gml,automated_osu035,latest,eth_rxstatem
automated_osu035_a-z80_latest_final_sequencer.gml,automated_osu035,latest,sequencer
automated_osu035_minirisc_latest_final_mux8_8.gml,automated_osu035,latest,mux8_8
automated_osu035_iwls_final_s27_.gml,automated_osu035,iwls,s27_
automated_osu035_numbert_sort_device_latest_final_SEG7_LUT.gml,automated_osu035,latest,SEG7_LUT
automated_osu035_minsoc_latest_final_adbg_jsp_biu.gml,automated_osu035,latest,adbg_jsp_biu
automated_osu035_rs_encoder_decoder_latest_final_GF8Mult229.gml,automated_osu035,latest,GF8Mult229
automated_osu035_iscas_final_s1238.gml,automated_osu035,iscas,s1238
automated_osu035_cookbook_final_ascii_to_bi.gml,automated_osu035,cookbook,ascii_to_bi
automated_osu035_rs_encoder_decoder_latest_final_GF8Mult201.gml,automated_osu035,latest,GF8Mult201
automated_osu035_des_latest_final_sbox2.gml,automated_osu035,latest,sbox2
automated_osu035_turbo8051_latest_final_g_mii_intf.gml,automated_osu035,latest,g_mii_intf
automated_osu035_rs_encoder_decoder_latest_final_GF8Mult215.gml,automated_osu035,latest,GF8Mult215
automated_osu035_m1_core_latest_final_ddr_init.gml,automated_osu035,latest,ddr_init
automated_osu035_mriscvcore_final_TBUF_X1.gml,automated_osu035,mriscvcore,TBUF_X1
automated_osu035_csa_latest_final_sbox4.gml,automated_osu035,latest,sbox4
automated_osu035_cpu8080_latest_final_alu.gml,automated_osu035,latest,alu
automated_osu035_amber_latest_final_a23_register_bank.gml,automated_osu035,latest,a23_register_bank
automated_osu035_iwls_final_desround.gml,automated_osu035,iwls,desround
automated_osu035_pairing_latest_final_func1.gml,automated_osu035,latest,func1
automated_osu035_iwls_final_wb_dma_ch_ar.gml,automated_osu035,iwls,wb_dma_ch_ar
automated_osu035_ecg_latest_final_func1.gml,automated_osu035,latest,func1
automated_osu035_turbo8051_latest_final_oc8051_multiply.gml,automated_osu035,latest,oc8051_multiply
automated_osu035_turbo8051_latest_final_stat_counter.gml,automated_osu035,latest,stat_counter
automated_osu035_minsoc_latest_final_or1200_fpu_pre_norm_addsu.gml,automated_osu035,latest,or1200_fpu_pre_norm_addsu
automated_osu035_suslik_latest_final_regram.gml,automated_osu035,latest,regram
automated_osu035_mriscvcore_final_OAI221_X2.gml,automated_osu035,mriscvcore,OAI221_X2
automated_osu035_mriscvcore_final_NAND2_X1.gml,automated_osu035,mriscvcore,NAND2_X1
automated_osu035_pairing_latest_final_f33m_mult2.gml,automated_osu035,latest,f33m_mult2
automated_osu035_cookbook_final_sbox5.gml,automated_osu035,cookbook,sbox5
automated_osu035_dvb_s2_ldpc_decoder_latest_final_ldpc_ram_beha.gml,automated_osu035,latest,ldpc_ram_beha
automated_osu035_rs_encoder_decoder_latest_final_GF8Mult188.gml,automated_osu035,latest,GF8Mult188
automated_osu035_edge_latest_final_div_unit.gml,automated_osu035,latest,div_unit
automated_osu035_iscas_final_s38584.gml,automated_osu035,iscas,s38584
automated_osu035_iwls_final_pcm_slv_top.gml,automated_osu035,iwls,pcm_slv_top
automated_osu035_iwls_final_vga_pg.gml,automated_osu035,iwls,vga_pg
automated_osu035_iscas_final_foobar.gml,automated_osu035,iscas,foobar
automated_osu035_rs_decoder_31_19_6_latest_final_degree3_cell.gml,automated_osu035,latest,degree3_cell
automated_osu035_rs_decoder_31_19_6_latest_final_degree2_cell.gml,automated_osu035,latest,degree2_cell
automated_osu035_a-z80_latest_final_alu_mux_2z.gml,automated_osu035,latest,alu_mux_2z
automated_osu035_gost28147-89_latest_final_gost89_cf.gml,automated_osu035,latest,gost89_cf
automated_osu035_iscas_final_c1355.gml,automated_osu035,iscas,c1355
automated_osu035_iscas_final_Emodul.gml,automated_osu035,iscas,Emodul
automated_osu035_iwls_final_mixcolum.gml,automated_osu035,iwls,mixcolum
automated_osu035_iwls_final_can_acf.gml,automated_osu035,iwls,can_acf
automated_osu035_iscas_final_Dmodul.gml,automated_osu035,iscas,Dmodul
automated_osu035_simon_core_latest_final_simon_datapath_shiftreg.gml,automated_osu035,latest,simon_datapath_shiftreg
automated_osu035_openmsp430_latest_final_adc_data_fifo.gml,automated_osu035,latest,adc_data_fifo
automated_osu035_rs_encoder_decoder_latest_final_GF8Mult177.gml,automated_osu035,latest,GF8Mult177
automated_osu035_mriscvcore_final_ALU_bltu.gml,automated_osu035,mriscvcore,ALU_bltu
automated_osu035_rs_encoder_decoder_latest_final_GF8Mult163.gml,automated_osu035,latest,GF8Mult163
automated_osu035_cookbook_final_bitsca.gml,automated_osu035,cookbook,bitsca
automated_osu035_minsoc_latest_final_or1200_s.gml,automated_osu035,latest,or1200_s
automated_osu035_iscas_final_s444.gml,automated_osu035,iscas,s444
automated_osu035_pairing_latest_final_f3_sub1.gml,automated_osu035,latest,f3_sub1
automated_osu035_cookbook_final_gf_mult_by_5f.gml,automated_osu035,cookbook,gf_mult_by_5f
automated_osu035_mesi_isc_final_mesi_isc_basic_fifo.gml,automated_osu035,isc,mesi_isc_basic_fifo
automated_osu035_cookbook_final_gf_mult_by_c7.gml,automated_osu035,cookbook,gf_mult_by_c7
automated_osu035_cookbook_final_final_permut.gml,automated_osu035,cookbook,final_permut
automated_osu035_cookbook_final_gf_mult_by_b3.gml,automated_osu035,cookbook,gf_mult_by_b3
automated_osu035_cookbook_final_gf_mult_by_78.gml,automated_osu035,cookbook,gf_mult_by_78
automated_osu035_mriscvcore_final_CLKGATETST_X2.gml,automated_osu035,mriscvcore,CLKGATETST_X2
automated_osu035_cookbook_final_gf_mult_by_50.gml,automated_osu035,cookbook,gf_mult_by_50
automated_osu035_cookbook_final_gf_mult_by_ca.gml,automated_osu035,cookbook,gf_mult_by_ca
automated_osu035_amber_latest_final_ddr3_afifo.gml,automated_osu035,latest,ddr3_afifo
automated_osu035_AES-T100_final_lfsr_counter.gml,automated_osu035,AES-T100,lfsr_counter
automated_osu035_cookbook_final_gf_mult_by_44.gml,automated_osu035,cookbook,gf_mult_by_44
automated_osu035_m32632_latest_final_DFPU_BCD.gml,automated_osu035,latest,DFPU_BCD
automated_osu035_minsoc_latest_final_or1200_dmmu_tl.gml,automated_osu035,latest,or1200_dmmu_tl
automated_osu035_cookbook_final_fec_parity.gml,automated_osu035,cookbook,fec_parity
automated_osu035_rs_encoder_decoder_latest_final_GF8Mult28.gml,automated_osu035,latest,GF8Mult28
automated_osu035_cookbook_final_gf_mult_by_8a.gml,automated_osu035,cookbook,gf_mult_by_8a
automated_osu035_amber_latest_final_a25_alu.gml,automated_osu035,latest,a25_alu
automated_osu035_cookbook_final_gf_mult_by_93.gml,automated_osu035,cookbook,gf_mult_by_93
automated_osu035_cookbook_final_crc32_dat56_flat.gml,automated_osu035,cookbook,crc32_dat56_flat
automated_osu035_openmsp430_latest_final_ogfx_gpu.gml,automated_osu035,latest,ogfx_gpu
automated_osu035_iwls_final_pci_delayed_write_reg.gml,automated_osu035,iwls,pci_delayed_write_reg
automated_osu035_cookbook_final_gf_mult_by_87.gml,automated_osu035,cookbook,gf_mult_by_87
automated_osu035_cookbook_final_gf_divid.gml,automated_osu035,cookbook,gf_divid
automated_osu035_rs_encoder_decoder_latest_final_GF8Mult14.gml,automated_osu035,latest,GF8Mult14
automated_osu035_amber_latest_final_generic_sram_line_.gml,automated_osu035,latest,generic_sram_line_
automated_osu035_rs_encoder_decoder_latest_final_GF8Mult15.gml,automated_osu035,latest,GF8Mult15
automated_osu035_minsoc_latest_final_or1200_dc_top.gml,automated_osu035,latest,or1200_dc_top
automated_osu035_cookbook_final_gf_mult_by_86.gml,automated_osu035,cookbook,gf_mult_by_86
automated_osu035_cookbook_final_gf_mult_by_92.gml,automated_osu035,cookbook,gf_mult_by_92
automated_osu035_iwls_final_TBUFX8.gml,automated_osu035,iwls,TBUFX8
automated_osu035_cookbook_final_twenty_to_fiv.gml,automated_osu035,cookbook,twenty_to_fiv
automated_osu035_rs_encoder_decoder_latest_final_GF8Mult29.gml,automated_osu035,latest,GF8Mult29
automated_osu035_reed_solomon_decoder_latest_final_lamda_roots.gml,automated_osu035,latest,lamda_roots
automated_osu035_tiny_aes_latest_final_expand_key_type_B_256.gml,automated_osu035,latest,expand_key_type_B_256
automated_osu035_m32632_latest_final_SFPU_MUL.gml,automated_osu035,latest,SFPU_MUL
automated_osu035_cookbook_final_gf_mult_by_9d.gml,automated_osu035,cookbook,gf_mult_by_9d
automated_osu035_suslik_latest_final_codecacheram.gml,automated_osu035,latest,codecacheram
automated_osu035_cookbook_final_gf_mult_by_bd.gml,automated_osu035,cookbook,gf_mult_by_bd
automated_osu035_pairing_latest_final_f32m_mult.gml,automated_osu035,latest,f32m_mult
automated_osu035_cookbook_final_gf_mult_by_45.gml,automated_osu035,cookbook,gf_mult_by_45
automated_osu035_iwls_final_generic_spram.gml,automated_osu035,iwls,generic_spram
automated_osu035_cookbook_final_uart_hw_test.gml,automated_osu035,cookbook,uart_hw_test
automated_osu035_cookbook_final_gf_mult_by_51.gml,automated_osu035,cookbook,gf_mult_by_51
automated_osu035_iwls_final_usbf_w.gml,automated_osu035,iwls,usbf_w
automated_osu035_cookbook_final_gf_mult_by_b2.gml,automated_osu035,cookbook,gf_mult_by_b2
automated_osu035_cookbook_final_gf_mult_by_79.gml,automated_osu035,cookbook,gf_mult_by_79
automated_osu035_viterb_encoder_and_decoder_final_viterbi_tx_rx.gml,automated_osu035,decoder,viterbi_tx_rx
automated_osu035_cookbook_final_gf_mult_by_c6.gml,automated_osu035,cookbook,gf_mult_by_c6
automated_osu035_rs_encoder_decoder_latest_final_GF8Mult162.gml,automated_osu035,latest,GF8Mult162
automated_osu035_tiny_tate_bilinear_pairing_latest_final_const_.gml,automated_osu035,latest,const_
automated_osu035_turbo8051_latest_final_oc8051_ports.gml,automated_osu035,latest,oc8051_ports
automated_osu035_cookbook_final_crc32_dat120_flat.gml,automated_osu035,cookbook,crc32_dat120_flat
automated_osu035_cookbook_final_error_value_round.gml,automated_osu035,cookbook,error_value_round
automated_osu035_rs_encoder_decoder_latest_final_GF8Mult176.gml,automated_osu035,latest,GF8Mult176
automated_osu035_minsoc_latest_final_syncreg.gml,automated_osu035,latest,syncreg
automated_osu035_mriscvcore_final_NOR2_X4.gml,automated_osu035,mriscvcore,NOR2_X4
automated_osu035_openmsp430_latest_final_cyclonev_io_obuf.gml,automated_osu035,latest,cyclonev_io_obuf
automated_osu035_edge_latest_final_sign_extend.gml,automated_osu035,latest,sign_extend
automated_osu035_Aquarius_latest_final_pio.gml,automated_osu035,latest,pio
automated_osu035_openmsp430_latest_final_altera_avalon_st_pipeline_bas.gml,automated_osu035,latest,altera_avalon_st_pipeline_bas
automated_osu035_priority_encoder_latest_final_bitsca.gml,automated_osu035,latest,bitsca
automated_osu035_iwls_final_usb_phy.gml,automated_osu035,iwls,usb_phy
automated_osu035_mriscvcore_final_AOI221_X1.gml,automated_osu035,mriscvcore,AOI221_X1
automated_osu035_iwls_final_eth_register.gml,automated_osu035,iwls,eth_register
automated_osu035_double_fpu_latest_final_fpu_addsu.gml,automated_osu035,latest,fpu_addsu
automated_osu035_RSA-Verilog-master_final_mon_exp.gml,automated_osu035,RSA-Verilog-master,mon_exp
automated_osu035_amber_latest_final_eth_transmitcontrol.gml,automated_osu035,latest,eth_transmitcontrol
automated_osu035_csa_latest_final_stream_8bytes.gml,automated_osu035,latest,stream_8bytes
automated_osu035_aes-128_pipelined_encryption_latest_final_MixColumns.gml,automated_osu035,latest,MixColumns
automated_osu035_iwls_final_i2c_master_byte_ctrl.gml,automated_osu035,iwls,i2c_master_byte_ctrl
automated_osu035_m32632_latest_final_STEUERUNG.gml,automated_osu035,latest,STEUERUNG
automated_osu035_cookbook_final_sbox4.gml,automated_osu035,cookbook,sbox4
automated_osu035_Lightweight-Threshold-Implementations-master_final_share_roundTI.gml,automated_osu035,Lightweight-Threshold-Implementations-master,share_roundTI
automated_osu035_rs_encoder_decoder_latest_final_GF8Mult189.gml,automated_osu035,latest,GF8Mult189
automated_osu035_m32632_latest_final_DEBUG_AE.gml,automated_osu035,latest,DEBUG_AE
automated_osu035_jt51_latest_final_bus_manager.gml,automated_osu035,latest,bus_manager
automated_osu035_minsoc_latest_final_or1200_spram_64x22.gml,automated_osu035,latest,or1200_spram_64x22
automated_osu035_m1_core_latest_final_GrayCounter.gml,automated_osu035,latest,GrayCounter
automated_osu035_pairing_latest_final_f33m_mult3.gml,automated_osu035,latest,f33m_mult3
automated_osu035_m32632_latest_final_MMU_MATCH.gml,automated_osu035,latest,MMU_MATCH
automated_osu035_amber_latest_final_a25_barrel_shift.gml,automated_osu035,latest,a25_barrel_shift
automated_osu035_minsoc_latest_final_or1200_immu_top.gml,automated_osu035,latest,or1200_immu_top
automated_osu035_minsoc_latest_final_or1200_cfgr.gml,automated_osu035,latest,or1200_cfgr
automated_osu035_cookbook_final_six_three_comp.gml,automated_osu035,cookbook,six_three_comp
automated_osu035_8bit_vedic_multiplier_latest_final_half_adder.gml,automated_osu035,latest,half_adder
automated_osu035_fpu_latest_final_add_sub27.gml,automated_osu035,latest,add_sub27
automated_osu035_minsoc_latest_final_mux2.gml,automated_osu035,latest,mux2
automated_osu035_epfl_final_top.gml,automated_osu035,epfl,top
automated_osu035_csa_latest_final_sbox5.gml,automated_osu035,latest,sbox5
automated_osu035_jt51_latest_final_jt51_phinc_rom.gml,automated_osu035,latest,jt51_phinc_rom
automated_osu035_iwls_final_pci_synchronizer_flop.gml,automated_osu035,iwls,pci_synchronizer_flop
automated_osu035_sha256-master_final_sha256.gml,automated_osu035,sha256-master,sha256
automated_osu035_des_latest_final_sbox3.gml,automated_osu035,latest,sbox3
automated_osu035_amber_latest_final_eth_clockg.gml,automated_osu035,latest,eth_clockg
automated_osu035_rs_encoder_decoder_latest_final_GF8Mult214.gml,automated_osu035,latest,GF8Mult214
automated_osu035_rs_encoder_decoder_latest_final_GF8Mult200.gml,automated_osu035,latest,GF8Mult200
automated_osu035_minsoc_latest_final_or1200_freez.gml,automated_osu035,latest,or1200_freez
automated_osu035_rs_encoder_decoder_latest_final_GF8Mult228.gml,automated_osu035,latest,GF8Mult228
automated_osu035_m32632_latest_final_MAKE_STAT.gml,automated_osu035,latest,MAKE_STAT
automated_osu035_mesi_isc_final_mesi_isc_broad_cntl.gml,automated_osu035,isc,mesi_isc_broad_cntl
automated_osu035_amber_latest_final_a23_execut.gml,automated_osu035,latest,a23_execut
automated_osu035_amber_latest_final_a23_wishbo.gml,automated_osu035,latest,a23_wishbo
automated_osu035_tiny_aes_latest_final_final_round.gml,automated_osu035,latest,final_round
automated_osu035_iwls_final_ac97_dma_if.gml,automated_osu035,iwls,ac97_dma_if
automated_osu035_cookbook_final_approx_fp_div_lut.gml,automated_osu035,cookbook,approx_fp_div_lut
automated_osu035_fast_log_latest_final_Log2pipelined.gml,automated_osu035,latest,Log2pipelined
automated_osu035_iwls_final_s15850_.gml,automated_osu035,iwls,s15850_
automated_osu035_openmsp430_latest_final_omsp_dbg_i2.gml,automated_osu035,latest,omsp_dbg_i2
automated_osu035_reed_solomon_codec_generator_latest_final_RsEncodeTop.gml,automated_osu035,latest,RsEncodeTop
automated_osu035_cookbook_final_crc_flat.gml,automated_osu035,cookbook,crc_flat
automated_osu035_a-z80_latest_final_resets.gml,automated_osu035,latest,resets
automated_osu035_iwls_final_s382_.gml,automated_osu035,iwls,s382_
automated_osu035_orsoc_graphics_accelerator_latest_final_gfx_blender.gml,automated_osu035,latest,gfx_blender
automated_osu035_csa_latest_final_sboxes.gml,automated_osu035,latest,sboxes
automated_osu035_minsoc_latest_final_or1200_fpu_di.gml,automated_osu035,latest,or1200_fpu_di
automated_osu035_iwls_final_vga_vtim.gml,automated_osu035,iwls,vga_vtim
automated_osu035_present_encryptor_latest_final_permutatio.gml,automated_osu035,latest,permutatio
automated_osu035_iwls_final_mc_rd_fifo.gml,automated_osu035,iwls,mc_rd_fifo
automated_osu035_altor32_latest_final_intr_perip.gml,automated_osu035,latest,intr_perip
automated_osu035_orsoc_graphics_accelerator_final_gfx_cuvz.gml,automated_osu035,accelerator,gfx_cuvz
automated_osu035_iwls_final_sbox.gml,automated_osu035,iwls,sbox
automated_osu035_rs_encoder_decoder_latest_final_GF8Mult204.gml,automated_osu035,latest,GF8Mult204
automated_osu035_rs_encoder_decoder_latest_final_GF8Mult210.gml,automated_osu035,latest,GF8Mult210
automated_osu035_verilog-trivium-master_final_Trivium.gml,automated_osu035,verilog-trivium-master,Trivium
automated_osu035_mriscvcore_final_TBUF_X4.gml,automated_osu035,mriscvcore,TBUF_X4
automated_osu035_des_latest_final_sbox7.gml,automated_osu035,latest,sbox7
automated_osu035_minsoc_latest_final_tap_top.gml,automated_osu035,latest,tap_top
automated_osu035_ft816float_latest_final_fpNormaliz.gml,automated_osu035,latest,fpNormaliz
automated_osu035_rs_encoder_decoder_latest_final_GF8Mult238.gml,automated_osu035,latest,GF8Mult238
automated_osu035_iwls_final_pci_par_crit.gml,automated_osu035,iwls,pci_par_crit
automated_osu035_RSA-Verilog-master_final_uart.gml,automated_osu035,RSA-Verilog-master,uart
automated_osu035_m1_core_latest_final_m1_cpu.gml,automated_osu035,latest,m1_cpu
automated_osu035_pairing_latest_final_func4.gml,automated_osu035,latest,func4
automated_osu035_cookbook_final_crc16_dat16_flat.gml,automated_osu035,cookbook,crc16_dat16_flat
automated_osu035_ecg_latest_final_func4.gml,automated_osu035,latest,func4
automated_osu035_turbo8051_latest_final_s2f_sy.gml,automated_osu035,latest,s2f_sy
automated_osu035_AES-T100_final_table_lookup.gml,automated_osu035,AES-T100,table_lookup
automated_osu035_iwls_final_tv80_alu.gml,automated_osu035,iwls,tv80_alu
automated_osu035_csa_latest_final_sbox1.gml,automated_osu035,latest,sbox1
automated_osu035_Aquarius_latest_final_sasc_top.gml,automated_osu035,latest,sasc_top
automated_osu035_Aquarius_latest_final_sys.gml,automated_osu035,latest,sys
automated_osu035_iwls_final_pci_target32_trdy_crit.gml,automated_osu035,iwls,pci_target32_trdy_crit
automated_osu035_minsoc_latest_final_bytefifo.gml,automated_osu035,latest,bytefifo
automated_osu035_cookbook_final_test_patter.gml,automated_osu035,cookbook,test_patter
automated_osu035_m32632_latest_final_CA_MATCH.gml,automated_osu035,latest,CA_MATCH
automated_osu035_iwls_final_MUX_IO.gml,automated_osu035,iwls,MUX_IO
automated_osu035_iwls_final_usbf_utmi_ls.gml,automated_osu035,iwls,usbf_utmi_ls
automated_osu035_minsoc_latest_final_or1200_except.gml,automated_osu035,latest,or1200_except
automated_osu035_mriscvcore_final_NAND2_X4.gml,automated_osu035,mriscvcore,NAND2_X4
automated_osu035_iwls_final_lbc_mux.gml,automated_osu035,iwls,lbc_mux
automated_osu035_iwls_final_s38417_.gml,automated_osu035,iwls,s38417_
automated_osu035_openmsp430_latest_final_omsp_uart.gml,automated_osu035,latest,omsp_uart
automated_osu035_pairing_latest_final_f33m_i.gml,automated_osu035,latest,f33m_i
automated_osu035_fpu_latest_final_pre_norm.gml,automated_osu035,latest,pre_norm
automated_osu035_iscas_final_OR4.gml,automated_osu035,iscas,OR4
automated_osu035_xgate_latest_final_xgate_tdo_mux.gml,automated_osu035,latest,xgate_tdo_mux
automated_osu035_cookbook_final_sbox0.gml,automated_osu035,cookbook,sbox0
automated_osu035_iwls_final_pci_wb_slave_unit.gml,automated_osu035,iwls,pci_wb_slave_unit
automated_osu035_rs_encoder_decoder_latest_final_GF8Mult199.gml,automated_osu035,latest,GF8Mult199
automated_osu035_pci_express_crc_latest_final_crc32d16N.gml,automated_osu035,latest,crc32d16N
automated_osu035_rs_encoder_decoder_latest_final_GF8Mult172.gml,automated_osu035,latest,GF8Mult172
automated_osu035_iwls_final_mul_r2.gml,automated_osu035,iwls,mul_r2
automated_osu035_xge_mac_latest_final_stats_sm.gml,automated_osu035,latest,stats_sm
automated_osu035_iwls_final_wb_conmax_pri_.gml,automated_osu035,iwls,wb_conmax_pri_
automated_osu035_minsoc_latest_final_adbg_wb_modul.gml,automated_osu035,latest,adbg_wb_modul
automated_osu035_SHA_final_ROM.gml,automated_osu035,SHA,ROM
automated_osu035_m1_core_latest_final_async_fifo.gml,automated_osu035,latest,async_fifo
automated_osu035_rs_encoder_decoder_latest_final_GF8Mult166.gml,automated_osu035,latest,GF8Mult166
automated_osu035_rs_encoder_decoder_latest_final_GF8Mult8.gml,automated_osu035,latest,GF8Mult8
automated_osu035_iwls_final_s510_.gml,automated_osu035,iwls,s510_
automated_osu035_iwls_final_eth_txcounters.gml,automated_osu035,iwls,eth_txcounters
automated_osu035_cookbook_final_gf_mult_by_cd.gml,automated_osu035,cookbook,gf_mult_by_cd
automated_osu035_cookbook_final_error_mag_poly_round.gml,automated_osu035,cookbook,error_mag_poly_round
automated_osu035_cookbook_final_gf_mult_by_55.gml,automated_osu035,cookbook,gf_mult_by_55
automated_osu035_ft816float_latest_final_fpMul_t.gml,automated_osu035,latest,fpMul_t
automated_osu035_a-z80_latest_final_bus_swit.gml,automated_osu035,latest,bus_swit
automated_osu035_cookbook_final_gf_mult_by_41.gml,automated_osu035,cookbook,gf_mult_by_41
automated_osu035_turbo8051_latest_final_oc8051_alu_src_sel.gml,automated_osu035,latest,oc8051_alu_src_sel
automated_osu035_cookbook_final_gf_mult_by_c2.gml,automated_osu035,cookbook,gf_mult_by_c2
automated_osu035_des_latest_final_des3.gml,automated_osu035,latest,des3
automated_osu035_cookbook_final_synchronizer.gml,automated_osu035,cookbook,synchronizer
automated_osu035_cookbook_final_gf_mult_by_69.gml,automated_osu035,cookbook,gf_mult_by_69
automated_osu035_8051_latest_final_oc8051_rom.gml,automated_osu035,latest,oc8051_rom
automated_osu035_xge_mac_latest_final_generic_fifo.gml,automated_osu035,latest,generic_fifo
automated_osu035_cookbook_final_clock_follow.gml,automated_osu035,cookbook,clock_follow
automated_osu035_cookbook_final_gf_mult_by_b6.gml,automated_osu035,cookbook,gf_mult_by_b6
automated_osu035_AES-T1000_final_expand_key_128.gml,automated_osu035,AES-T1000,expand_key_128
automated_osu035_minsoc_latest_final_syncflop.gml,automated_osu035,latest,syncflop
automated_osu035_cookbook_final_gf_mult_by_96.gml,automated_osu035,cookbook,gf_mult_by_96
automated_osu035_siphash-master_final_siphash_cor.gml,automated_osu035,siphash-master,siphash_cor
automated_osu035_signed_integer_divider_latest_final_shift_15.gml,automated_osu035,latest,shift_15
automated_osu035_cookbook_final_gf_mult_by_82.gml,automated_osu035,cookbook,gf_mult_by_82
automated_osu035_rs_encoder_decoder_latest_final_GF8Mult11.gml,automated_osu035,latest,GF8Mult11
automated_osu035_cookbook_final_crc24_dat64_flat.gml,automated_osu035,cookbook,crc24_dat64_flat
automated_osu035_rs_encoder_decoder_latest_final_GF8Mult39.gml,automated_osu035,latest,GF8Mult39
automated_osu035_cookbook_final_gf_mult_by_8d.gml,automated_osu035,cookbook,gf_mult_by_8d
automated_osu035_pairing_latest_final_f32m_cubi.gml,automated_osu035,latest,f32m_cubi
automated_osu035_rs_encoder_decoder_latest_final_GF8Mult38.gml,automated_osu035,latest,GF8Mult38
automated_osu035_cookbook_final_gf_mult_by_9a.gml,automated_osu035,cookbook,gf_mult_by_9a
automated_osu035_rs_encoder_decoder_latest_final_GF8Mult10.gml,automated_osu035,latest,GF8Mult10
automated_osu035_cookbook_final_gf_mult_by_83.gml,automated_osu035,cookbook,gf_mult_by_83
automated_osu035_cookbook_final_gf_mult_by_97.gml,automated_osu035,cookbook,gf_mult_by_97
automated_osu035_jt51_latest_final_jt51_lin2exp.gml,automated_osu035,latest,jt51_lin2exp
automated_osu035_cookbook_final_gf_mult_by_4f.gml,automated_osu035,cookbook,gf_mult_by_4f
automated_osu035_cookbook_final_gf_mult_by_b7.gml,automated_osu035,cookbook,gf_mult_by_b7
automated_osu035_ft816float_latest_final_cntlz32Reg.gml,automated_osu035,latest,cntlz32Reg
automated_osu035_turbo8051_latest_final_stat_register.gml,automated_osu035,latest,stat_register
automated_osu035_csa_latest_final_decrypt.gml,automated_osu035,latest,decrypt
automated_osu035_cookbook_final_gf_mult_by_c3.gml,automated_osu035,cookbook,gf_mult_by_c3
automated_osu035_cookbook_final_gf_mult_by_68.gml,automated_osu035,cookbook,gf_mult_by_68
automated_osu035_iwls_final_mc_mem_if.gml,automated_osu035,iwls,mc_mem_if
automated_osu035_jt51_latest_final_jt51_reg.gml,automated_osu035,latest,jt51_reg
automated_osu035_cookbook_final_gf_mult_by_40.gml,automated_osu035,cookbook,gf_mult_by_40
automated_osu035_pairing_latest_final_f3m_add4.gml,automated_osu035,latest,f3m_add4
automated_osu035_Lightweight-Threshold-Implementations-master_final_key_schedule_modified3_simon_parallel.gml,automated_osu035,Lightweight-Threshold-Implementations-master,key_schedule_modified3_simon_parallel
automated_osu035_rs_encoder_decoder_latest_final_GF8Dft_Idft.gml,automated_osu035,latest,GF8Dft_Idft
automated_osu035_cookbook_final_gf_mult_by_ba.gml,automated_osu035,cookbook,gf_mult_by_ba
automated_osu035_cookbook_final_rx_buffer_fifo_2.gml,automated_osu035,cookbook,rx_buffer_fifo_2
automated_osu035_altor32_latest_final_altor32_fet.gml,automated_osu035,latest,altor32_fet
automated_osu035_AES-T200_final_S4.gml,automated_osu035,AES-T200,S4
automated_osu035_cookbook_final_gf_mult_by_54.gml,automated_osu035,cookbook,gf_mult_by_54
automated_osu035_iwls_final_eth_shiftreg.gml,automated_osu035,iwls,eth_shiftreg
automated_osu035_iwls_final_vga_enh_top.gml,automated_osu035,iwls,vga_enh_top
automated_osu035_AES-T200_final_final_round.gml,automated_osu035,AES-T200,final_round
automated_osu035_mriscvcore_final_NOR2_X1.gml,automated_osu035,mriscvcore,NOR2_X1
automated_osu035_ft816float_latest_final_isqrt.gml,automated_osu035,latest,isqrt
automated_osu035_tiny_aes_latest_final_expand_key_type_A_192.gml,automated_osu035,latest,expand_key_type_A_192
automated_osu035_m32632_latest_final_ILL_UNDEF.gml,automated_osu035,latest,ILL_UNDEF
automated_osu035_aes-master_final_aes_key_mem.gml,automated_osu035,aes-master,aes_key_mem
automated_osu035_xge_mac_latest_final_wishbone_if.gml,automated_osu035,latest,wishbone_if
automated_osu035_minirisc_latest_final_mux2_7.gml,automated_osu035,latest,mux2_7
automated_osu035_minsoc_latest_final_or1200_rf.gml,automated_osu035,latest,or1200_rf
automated_osu035_rs_encoder_decoder_latest_final_GF8Mult9.gml,automated_osu035,latest,GF8Mult9
automated_osu035_rs_encoder_decoder_latest_final_GF8Mult167.gml,automated_osu035,latest,GF8Mult167
automated_osu035_rs_decoder_31_19_6_latest_final_fifo_register.gml,automated_osu035,latest,fifo_register
automated_osu035_turbo8051_latest_final_oc8051_t.gml,automated_osu035,latest,oc8051_t
automated_osu035_rs_encoder_decoder_latest_final_GF8Mult173.gml,automated_osu035,latest,GF8Mult173
automated_osu035_iwls_final_pci_wbw_wbr_fifos.gml,automated_osu035,iwls,pci_wbw_wbr_fifos
automated_osu035_iwls_final_pci_perr_en_crit.gml,automated_osu035,iwls,pci_perr_en_crit
automated_osu035_rs_encoder_decoder_latest_final_GF8Mult198.gml,automated_osu035,latest,GF8Mult198
automated_osu035_mriscvcore_final_BUF_X16.gml,automated_osu035,mriscvcore,BUF_X16
automated_osu035_cookbook_final_addsu.gml,automated_osu035,cookbook,addsu
automated_osu035_iscas_final_MUX21H.gml,automated_osu035,iscas,MUX21H
automated_osu035_iwls_final_noise_shaper.gml,automated_osu035,iwls,noise_shaper
automated_osu035_iscas_final_c2670.gml,automated_osu035,iscas,c2670
automated_osu035_cookbook_final_sbox1.gml,automated_osu035,cookbook,sbox1
automated_osu035_ft816float_latest_final_cntlz32.gml,automated_osu035,latest,cntlz32
automated_osu035_iwls_final_fpu.gml,automated_osu035,iwls,fpu
automated_osu035_iwls_final_ac97_wb_if.gml,automated_osu035,iwls,ac97_wb_if
automated_osu035_mriscvcore_final_AOI221_X4.gml,automated_osu035,mriscvcore,AOI221_X4
automated_osu035_edge_latest_final_ex_mem_pipereg.gml,automated_osu035,latest,ex_mem_pipereg
automated_osu035_reed_solomon_codec_generator_latest_final_RsDecodeChi.gml,automated_osu035,latest,RsDecodeChi
automated_osu035_a-z80_latest_final_alu_mux_3z.gml,automated_osu035,latest,alu_mux_3z
automated_osu035_iscas_final_s35932.gml,automated_osu035,iscas,s35932
automated_osu035_orsoc_graphics_accelerator_final_gfx_transform.gml,automated_osu035,accelerator,gfx_transform
automated_osu035_minsoc_latest_final_eth_macstatus.gml,automated_osu035,latest,eth_macstatus
automated_osu035_pairing_latest_final_f3_add.gml,automated_osu035,latest,f3_add
automated_osu035_turbo8051_latest_final_g_md_intf.gml,automated_osu035,latest,g_md_intf
automated_osu035_minsoc_latest_final_adbg_crc32.gml,automated_osu035,latest,adbg_crc32
automated_osu035_iwls_final_can_ibo.gml,automated_osu035,iwls,can_ibo
automated_osu035_minsoc_latest_final_or1200_dpram.gml,automated_osu035,latest,or1200_dpram
automated_osu035_iwls_final_pci_master32_sm.gml,automated_osu035,iwls,pci_master32_sm
automated_osu035_orsoc_graphics_accelerator_final_div_uu.gml,automated_osu035,accelerator,div_uu
automated_osu035_minsoc_latest_final_or1200_fpu_post_norm_mul.gml,automated_osu035,latest,or1200_fpu_post_norm_mul
automated_osu035_ecg_latest_final_func5.gml,automated_osu035,latest,func5
automated_osu035_fpu_latest_final_fcmp.gml,automated_osu035,latest,fcmp
automated_osu035_bch_configurable_latest_final_test_bch_bm.gml,automated_osu035,latest,test_bch_bm
automated_osu035_mips_16_latest_final_instruction_mem.gml,automated_osu035,latest,instruction_mem
automated_osu035_pairing_latest_final_func5.gml,automated_osu035,latest,func5
automated_osu035_SHA_final_SHA256.gml,automated_osu035,SHA,SHA256
automated_osu035_double_fpu_latest_final_fpu_exceptions.gml,automated_osu035,latest,fpu_exceptions
automated_osu035_mriscvcore_final_OR4_X2.gml,automated_osu035,mriscvcore,OR4_X2
automated_osu035_rs_encoder_decoder_latest_final_GF8Mult239.gml,automated_osu035,latest,GF8Mult239
automated_osu035_rs_encoder_decoder_latest_final_GF8Mult211.gml,automated_osu035,latest,GF8Mult211
automated_osu035_des_latest_final_sbox6.gml,automated_osu035,latest,sbox6
automated_osu035_amber_latest_final_eth_rxethma.gml,automated_osu035,latest,eth_rxethma
automated_osu035_rs_encoder_decoder_latest_final_GF8Mult205.gml,automated_osu035,latest,GF8Mult205
automated_osu035_cookbook_final_scrambler.gml,automated_osu035,cookbook,scrambler
automated_osu035_fpga-median_latest_final_dff_3_pip.gml,automated_osu035,latest,dff_3_pip
automated_osu035_iwls_final_usbf_top.gml,automated_osu035,iwls,usbf_top
automated_osu035_a-z80_latest_final_inc_d.gml,automated_osu035,latest,inc_d
automated_osu035_Lightweight-Threshold-Implementations-master_final_key_schedule_1.gml,automated_osu035,Lightweight-Threshold-Implementations-master,key_schedule_1
automated_osu035_xgate_latest_final_xgate_regs.gml,automated_osu035,latest,xgate_regs
automated_osu035_rs_5_3_gf256_latest_final_inv_gf256.gml,automated_osu035,latest,inv_gf256
automated_osu035_numbert_sort_device_latest_final_dbg_7seg.gml,automated_osu035,latest,dbg_7seg
automated_osu035_csa_latest_final_block_decypher.gml,automated_osu035,latest,block_decypher
automated_osu035_cookbook_final_mask_16.gml,automated_osu035,cookbook,mask_16
automated_osu035_ft816float_latest_final_i2f.gml,automated_osu035,latest,i2f
automated_osu035_iwls_final_mc_obct.gml,automated_osu035,iwls,mc_obct
automated_osu035_minsoc_latest_final_or1200_dc_ram.gml,automated_osu035,latest,or1200_dc_ram
automated_osu035_pairing_latest_final_f33m_add.gml,automated_osu035,latest,f33m_add
automated_osu035_apbtoaes128_latest_final_sBox.gml,automated_osu035,latest,sBox
automated_osu035_xge_mac_latest_final_tx_enqueu.gml,automated_osu035,latest,tx_enqueu
automated_osu035_pairing_latest_final_f32m_add.gml,automated_osu035,latest,f32m_add
automated_osu035_sha512-master_final_sha512_k_constants.gml,automated_osu035,sha512-master,sha512_k_constants
automated_osu035_cookbook_final_twenty_to_eight.gml,automated_osu035,cookbook,twenty_to_eight
automated_osu035_rs_encoder_decoder_latest_final_RS8FreqDecod.gml,automated_osu035,latest,RS8FreqDecod
automated_osu035_apbtoaes128_latest_final_sBox_8.gml,automated_osu035,latest,sBox_8
automated_osu035_cookbook_final_gray_to_bi.gml,automated_osu035,cookbook,gray_to_bi
automated_osu035_des_latest_final_sbox4.gml,automated_osu035,latest,sbox4
automated_osu035_cookbook_final_ecc_correction_32bit.gml,automated_osu035,cookbook,ecc_correction_32bit
automated_osu035_rs_encoder_decoder_latest_final_GF8Mult213.gml,automated_osu035,latest,GF8Mult213
automated_osu035_mriscv_final_spi_axi_master.gml,automated_osu035,mriscv,spi_axi_master
automated_osu035_iwls_final_add_sub27.gml,automated_osu035,iwls,add_sub27
automated_osu035_minsoc_latest_final_or1200_spram_256x21.gml,automated_osu035,latest,or1200_spram_256x21
automated_osu035_Aquarius_latest_final_mem.gml,automated_osu035,latest,mem
automated_osu035_gcm-aes_latest_final_gfm128_16.gml,automated_osu035,latest,gfm128_16
automated_osu035_rs_encoder_decoder_latest_final_GF8Mult207.gml,automated_osu035,latest,GF8Mult207
automated_osu035_cookbook_final_crc32_dat40_flat.gml,automated_osu035,cookbook,crc32_dat40_flat
automated_osu035_mesi_isc_final_mesi_isc_breq_fifos_cntl.gml,automated_osu035,isc,mesi_isc_breq_fifos_cntl
automated_osu035_minsoc_latest_final_or1200_fpu_addsu.gml,automated_osu035,latest,or1200_fpu_addsu
automated_osu035_jt51_latest_final_jt51_pm.gml,automated_osu035,latest,jt51_pm
automated_osu035_openmsp430_latest_final_ogfx_gpu_reg.gml,automated_osu035,latest,ogfx_gpu_reg
automated_osu035_turbo8051_latest_final_g_rx_fsm.gml,automated_osu035,latest,g_rx_fsm
automated_osu035_ecg_latest_final_func7.gml,automated_osu035,latest,func7
automated_osu035_dvb_s2_ldpc_decoder_latest_final_ldpc_.gml,automated_osu035,latest,ldpc_
automated_osu035_pairing_latest_final_func7.gml,automated_osu035,latest,func7
automated_osu035_csa_latest_final_stream_iteratio.gml,automated_osu035,latest,stream_iteratio
automated_osu035_csa_latest_final_sbox2.gml,automated_osu035,latest,sbox2
automated_osu035_fpu_latest_final_mul_r2.gml,automated_osu035,latest,mul_r2
automated_osu035_chacha-master_final_chacha_cor.gml,automated_osu035,chacha-master,chacha_cor
automated_osu035_iwls_final_pci_wbr_fifo_control.gml,automated_osu035,iwls,pci_wbr_fifo_control
automated_osu035_iwls_final_wb_conmax_slave_if.gml,automated_osu035,iwls,wb_conmax_slave_if
automated_osu035_turbo8051_latest_final_oc8051_uart.gml,automated_osu035,latest,oc8051_uart
automated_osu035_cookbook_final_fixed_to_float.gml,automated_osu035,cookbook,fixed_to_float
automated_osu035_openmsp430_latest_final_ram_16x1k_sp.gml,automated_osu035,latest,ram_16x1k_sp
automated_osu035_mriscvcore_final_OAI221_X4.gml,automated_osu035,mriscvcore,OAI221_X4
automated_osu035_mriscvcore_final_LOGIC0_X1.gml,automated_osu035,mriscvcore,LOGIC0_X1
automated_osu035_iwls_final_wb_dma_top.gml,automated_osu035,iwls,wb_dma_top
automated_osu035_mriscvcore_final_MEMORY_INTERFACE.gml,automated_osu035,mriscvcore,MEMORY_INTERFACE
automated_osu035_iwls_final_keysched.gml,automated_osu035,iwls,keysched
automated_osu035_ft816float_latest_final_cntlz24.gml,automated_osu035,latest,cntlz24
automated_osu035_cookbook_final_rgb_to_hu.gml,automated_osu035,cookbook,rgb_to_hu
automated_osu035_cookbook_final_sbox3.gml,automated_osu035,cookbook,sbox3
automated_osu035_rs_encoder_decoder_latest_final_GF8Mult165.gml,automated_osu035,latest,GF8Mult165
automated_osu035_fixed_point_arithmetic_parameterized_latest_final_qtwosComp.gml,automated_osu035,latest,qtwosComp
automated_osu035_rs_encoder_decoder_latest_final_GF8Mult171.gml,automated_osu035,latest,GF8Mult171
automated_osu035_rs_encoder_decoder_latest_final_GF8Mult159.gml,automated_osu035,latest,GF8Mult159
automated_osu035_turbo8051_latest_final_oc8051_a.gml,automated_osu035,latest,oc8051_a
automated_osu035_openmsp430_latest_final_rom_8x2k_lo.gml,automated_osu035,latest,rom_8x2k_lo
automated_osu035_two_dimensional_fast_hartley_transform_latest_final_mtx_trps_8x8_dpsram.gml,automated_osu035,latest,mtx_trps_8x8_dpsram
automated_osu035_iwls_final_pci_sync_modul.gml,automated_osu035,iwls,pci_sync_modul
automated_osu035_a-z80_latest_final_alu_control.gml,automated_osu035,latest,alu_control
automated_osu035_Lightweight-Threshold-Implementations-master_final_key_shar.gml,automated_osu035,Lightweight-Threshold-Implementations-master,key_shar
automated_osu035_iwls_final_wb_dma_ch_pri_.gml,automated_osu035,iwls,wb_dma_ch_pri_
automated_osu035_aes-encryption_latest_final_aes_sbox.gml,automated_osu035,latest,aes_sbox
automated_osu035_cookbook_final_gf_mult_by_a9.gml,automated_osu035,cookbook,gf_mult_by_a9
automated_osu035_iwls_final_adc_.gml,automated_osu035,iwls,adc_
automated_osu035_cookbook_final_gf_mult_by_42.gml,automated_osu035,cookbook,gf_mult_by_42
automated_osu035_aes_highthroughput_lowarea_latest_final_byte_mix_columns.gml,automated_osu035,latest,byte_mix_columns
automated_osu035_cookbook_final_gf_mult_by_56.gml,automated_osu035,cookbook,gf_mult_by_56
automated_osu035_m32632_latest_final_NEU_VALID.gml,automated_osu035,latest,NEU_VALID
automated_osu035_cookbook_final_crc32c_dat64_only_flat.gml,automated_osu035,cookbook,crc32c_dat64_only_flat
automated_osu035_iwls_final_usbf_p.gml,automated_osu035,iwls,usbf_p
automated_osu035_cookbook_final_gf_mult_by_b5.gml,automated_osu035,cookbook,gf_mult_by_b5
automated_osu035_cookbook_final_gf_mult_by_4d.gml,automated_osu035,cookbook,gf_mult_by_4d
automated_osu035_openmsp430_latest_final_ogfx_gpu_dma.gml,automated_osu035,latest,ogfx_gpu_dma
automated_osu035_mriscvcore_final_CLKGATETST_X4.gml,automated_osu035,mriscvcore,CLKGATETST_X4
automated_osu035_turbo8051_latest_final_oc8051_psw.gml,automated_osu035,latest,oc8051_psw
automated_osu035_cookbook_final_gf_mult_by_c1.gml,automated_osu035,cookbook,gf_mult_by_c1
automated_osu035_cookbook_final_gf_mult_by_81.gml,automated_osu035,cookbook,gf_mult_by_81
automated_osu035_8051_latest_final_oc8051_comp.gml,automated_osu035,latest,oc8051_comp
automated_osu035_rs_5_3_gf256_latest_final_RS_5_3_GF256.gml,automated_osu035,latest,RS_5_3_GF256
automated_osu035_rs_encoder_decoder_latest_final_GF8Mult12.gml,automated_osu035,latest,GF8Mult12
automated_osu035_iwls_final_pci_conf_spa.gml,automated_osu035,iwls,pci_conf_spa
automated_osu035_cookbook_final_gf_mult_by_95.gml,automated_osu035,cookbook,gf_mult_by_95
automated_osu035_iwls_final_wb_conmax_ar.gml,automated_osu035,iwls,wb_conmax_ar
automated_osu035_iwls_final_mpcs50.gml,automated_osu035,iwls,mpcs50
automated_osu035_mem_ctrl_latest_final_mc_mem_if.gml,automated_osu035,latest,mc_mem_if
automated_osu035_mesi_isc_final_mesi_is.gml,automated_osu035,isc,mesi_is
automated_osu035_numbert_sort_device_latest_final_VGA_Ctrl.gml,automated_osu035,latest,VGA_Ctrl
automated_osu035_minsoc_latest_final_xilinx_dist_ram_16x32.gml,automated_osu035,latest,xilinx_dist_ram_16x32
automated_osu035_iwls_final_fir_8x.gml,automated_osu035,iwls,fir_8x
automated_osu035_cookbook_final_gf_mult_by_8f.gml,automated_osu035,cookbook,gf_mult_by_8f
automated_osu035_m32632_latest_final_FP_STAT_REG.gml,automated_osu035,latest,FP_STAT_REG
automated_osu035_cookbook_final_gf_mult_by_94.gml,automated_osu035,cookbook,gf_mult_by_94
automated_osu035_jt51_latest_final_jt51_timer.gml,automated_osu035,latest,jt51_timer
automated_osu035_iwls_final_SDFFSRX1.gml,automated_osu035,iwls,SDFFSRX1
automated_osu035_configurable_crc_core_latest_final_crc_7.gml,automated_osu035,latest,crc_7
automated_osu035_rs_encoder_decoder_latest_final_GF8Mult13.gml,automated_osu035,latest,GF8Mult13
automated_osu035_cookbook_final_gf_mult_by_80.gml,automated_osu035,cookbook,gf_mult_by_80
automated_osu035_ecg_latest_final_f3_add1.gml,automated_osu035,latest,f3_add1
automated_osu035_cookbook_final_gf_mult_by_5a.gml,automated_osu035,cookbook,gf_mult_by_5a
automated_osu035_amber_latest_final_ethmac_w.gml,automated_osu035,latest,ethmac_w
automated_osu035_cookbook_final_gf_mult_by_c0.gml,automated_osu035,cookbook,gf_mult_by_c0
automated_osu035_ft816float_latest_final_cntlo16.gml,automated_osu035,latest,cntlo16
automated_osu035_cookbook_final_gf_mult_by_b4.gml,automated_osu035,cookbook,gf_mult_by_b4
automated_osu035_cookbook_final_gf_mult_by_57.gml,automated_osu035,cookbook,gf_mult_by_57
automated_osu035_rsencoder_latest_final_FF.gml,automated_osu035,latest,FF
automated_osu035_orsoc_graphics_accelerator_final_gfx_wbm_read_arbiter.gml,automated_osu035,accelerator,gfx_wbm_read_arbiter
automated_osu035_sha_core_latest_final_sha512.gml,automated_osu035,latest,sha512
automated_osu035_cookbook_final_gf_mult_by_cf.gml,automated_osu035,cookbook,gf_mult_by_cf
automated_osu035_cookbook_final_ecc_correction_16bit.gml,automated_osu035,cookbook,ecc_correction_16bit
automated_osu035_m32632_latest_final_MMU_UP.gml,automated_osu035,latest,MMU_UP
automated_osu035_cookbook_final_gf_mult_by_a8.gml,automated_osu035,cookbook,gf_mult_by_a8
automated_osu035_cookbook_final_gf_mult_by_43.gml,automated_osu035,cookbook,gf_mult_by_43
automated_osu035_iwls_final_eth_miim.gml,automated_osu035,iwls,eth_miim
automated_osu035_mriscv_final_ADC_interface_AXI.gml,automated_osu035,mriscv,ADC_interface_AXI
automated_osu035_dvb_s2_ldpc_decoder_latest_final_ldpc_v.gml,automated_osu035,latest,ldpc_v
automated_osu035_minsoc_latest_final_or1200_pm.gml,automated_osu035,latest,or1200_pm
automated_osu035_apbtoaes128_latest_final_aes_ip.gml,automated_osu035,latest,aes_ip
automated_osu035_minsoc_latest_final_or1200_fpu_pre_norm_mul.gml,automated_osu035,latest,or1200_fpu_pre_norm_mul
automated_osu035_rs_encoder_decoder_latest_final_GF8Mult158.gml,automated_osu035,latest,GF8Mult158
automated_osu035_mriscvcore_final_NOR2_X2.gml,automated_osu035,mriscvcore,NOR2_X2
automated_osu035_cookbook_final_gearbox_66_40.gml,automated_osu035,cookbook,gearbox_66_40
automated_osu035_turbo8051_latest_final_uart_cfg.gml,automated_osu035,latest,uart_cfg
automated_osu035_a-z80_latest_final_uart.gml,automated_osu035,latest,uart
automated_osu035_aes_highthroughput_lowarea_latest_final_xram_16x64.gml,automated_osu035,latest,xram_16x64
automated_osu035_rs_encoder_decoder_latest_final_GF8Mult170.gml,automated_osu035,latest,GF8Mult170
automated_osu035_rs_encoder_decoder_latest_final_GF8Mult164.gml,automated_osu035,latest,GF8Mult164
automated_osu035_iwls_final_ejtag_dclknr3.gml,automated_osu035,iwls,ejtag_dclknr3
automated_osu035_minsoc_latest_final_uart_tfifo.gml,automated_osu035,latest,uart_tfifo
automated_osu035_pairing_latest_final_f32m_mux6.gml,automated_osu035,latest,f32m_mux6
automated_osu035_cookbook_final_sbox2.gml,automated_osu035,cookbook,sbox2
automated_osu035_iwls_final_aes_key_expand_128.gml,automated_osu035,iwls,aes_key_expand_128
automated_osu035_iscas_final_s641.gml,automated_osu035,iscas,s641
automated_osu035_tiny_tate_bilinear_pairing_latest_final_f3_add.gml,automated_osu035,latest,f3_add
automated_osu035_iwls_final_pci_pciw_fifo_control.gml,automated_osu035,iwls,pci_pciw_fifo_control
automated_osu035_cookbook_final_big_sigma_1_512.gml,automated_osu035,cookbook,big_sigma_1_512
automated_osu035_minsoc_latest_final_minsoc_onchip_ram.gml,automated_osu035,latest,minsoc_onchip_ram
automated_osu035_AES-T100_final_xS.gml,automated_osu035,AES-T100,xS
automated_osu035_minsoc_latest_final_or1200_fpu_arit.gml,automated_osu035,latest,or1200_fpu_arit
automated_osu035_Aquarius_latest_final_cpu.gml,automated_osu035,latest,cpu
automated_osu035_turbo8051_latest_final_spi_if.gml,automated_osu035,latest,spi_if
automated_osu035_iwls_final_pci_frame_crit.gml,automated_osu035,iwls,pci_frame_crit
automated_osu035_mem_ctrl_latest_final_mc_dp.gml,automated_osu035,latest,mc_dp
automated_osu035_minsoc_latest_final_or1200_spram_64x24.gml,automated_osu035,latest,or1200_spram_64x24
automated_osu035_cookbook_final_twelve_four_comp.gml,automated_osu035,cookbook,twelve_four_comp
automated_osu035_suslik_latest_final_ioinstr.gml,automated_osu035,latest,ioinstr
automated_osu035_edge_latest_final_controller.gml,automated_osu035,latest,controller
automated_osu035_csa_latest_final_sbox3.gml,automated_osu035,latest,sbox3
automated_osu035_cookbook_final_cordi.gml,automated_osu035,cookbook,cordi
automated_osu035_Lightweight-Threshold-Implementations-master_final_and4.gml,automated_osu035,Lightweight-Threshold-Implementations-master,and4
automated_osu035_cookbook_final_round.gml,automated_osu035,cookbook,round
automated_osu035_cookbook_final_ecc_encode_2bit.gml,automated_osu035,cookbook,ecc_encode_2bit
automated_osu035_pairing_latest_final_func6.gml,automated_osu035,latest,func6
automated_osu035_hight_latest_final_RF.gml,automated_osu035,latest,RF
automated_osu035_ecg_latest_final_func6.gml,automated_osu035,latest,func6
automated_osu035_iwls_final_wb_dma_wb_mast.gml,automated_osu035,iwls,wb_dma_wb_mast
automated_osu035_mriscvcore_final_OR4_X1.gml,automated_osu035,mriscvcore,OR4_X1
automated_osu035_systemcaes_latest_final_subbytes.gml,automated_osu035,latest,subbytes
automated_osu035_iwls_final_s526_.gml,automated_osu035,iwls,s526_
automated_osu035_xgate_latest_final_xgate_barrel_shift.gml,automated_osu035,latest,xgate_barrel_shift
automated_osu035_openmsp430_latest_final_driver_7segment.gml,automated_osu035,latest,driver_7segment
automated_osu035_mem_ctrl_latest_final_mc_rd_fifo.gml,automated_osu035,latest,mc_rd_fifo
automated_osu035_rs_encoder_decoder_latest_final_GF8Mult206.gml,automated_osu035,latest,GF8Mult206
automated_osu035_minsoc_latest_final_or1200_sb_fifo.gml,automated_osu035,latest,or1200_sb_fifo
automated_osu035_des_latest_final_sbox5.gml,automated_osu035,latest,sbox5
automated_osu035_mem_ctrl_latest_final_sync_cs_d.gml,automated_osu035,latest,sync_cs_d
automated_osu035_openmsp430_latest_final_omsp_scan_mux.gml,automated_osu035,latest,omsp_scan_mux
automated_osu035_rs_encoder_decoder_latest_final_GF8Mult212.gml,automated_osu035,latest,GF8Mult212
automated_osu035_Lightweight-Threshold-Implementations-master_final_key_schedule_2.gml,automated_osu035,Lightweight-Threshold-Implementations-master,key_schedule_2
automated_osu035_cookbook_final_chain_delay_ra.gml,automated_osu035,cookbook,chain_delay_ra
automated_osu035_mriscvcore_final_FA_X1.gml,automated_osu035,mriscvcore,FA_X1
automated_osu035_iwls_final_mc_obct_top.gml,automated_osu035,iwls,mc_obct_top
automated_osu035_a-z80_latest_final_alu_select.gml,automated_osu035,latest,alu_select
automated_osu035_des_latest_final_key_sel3.gml,automated_osu035,latest,key_sel3
automated_osu035_turbo8051_latest_final_g_mac_cor.gml,automated_osu035,latest,g_mac_cor
automated_osu035_iscas_final_c432.gml,automated_osu035,iscas,c432
automated_osu035_minsoc_latest_final_eth_wishbo.gml,automated_osu035,latest,eth_wishbo
automated_osu035_gost28147-89_latest_final_gost89_pipelined_ecb_encrypt.gml,automated_osu035,latest,gost89_pipelined_ecb_encrypt
automated_osu035_cookbook_final_gf_mult_by_0.gml,automated_osu035,cookbook,gf_mult_by_0
automated_osu035_iwls_final_mc_top.gml,automated_osu035,iwls,mc_top
automated_osu035_Lightweight-Threshold-Implementations-master_final_key_schedule_modified2_simon_parallel.gml,automated_osu035,Lightweight-Threshold-Implementations-master,key_schedule_modified2_simon_parallel
automated_osu035_cookbook_final_error_loc_poly_round_multi_step.gml,automated_osu035,cookbook,error_loc_poly_round_multi_step
automated_osu035_pairing_latest_final_tate_pairing.gml,automated_osu035,latest,tate_pairing
automated_osu035_des-master_final_des3.gml,automated_osu035,des-master,des3
automated_osu035_cookbook_final_gf_mult_by_f.gml,automated_osu035,cookbook,gf_mult_by_f
automated_osu035_8051_latest_final_oc8051_sp.gml,automated_osu035,latest,oc8051_sp
automated_osu035_tiny_aes_latest_final_xS.gml,automated_osu035,latest,xS
automated_osu035_gng_latest_final_gng_lzd.gml,automated_osu035,latest,gng_lzd
automated_osu035_iwls_final_pci_perr_crit.gml,automated_osu035,iwls,pci_perr_crit
automated_osu035_present_encryptor_latest_final_present_encryptor_top.gml,automated_osu035,latest,present_encryptor_top
automated_osu035_xgate_latest_final_bc_2.gml,automated_osu035,latest,bc_2
automated_osu035_des_latest_final_sbox8.gml,automated_osu035,latest,sbox8
automated_osu035_iwls_final_pci_frame_load_crit.gml,automated_osu035,iwls,pci_frame_load_crit
automated_osu035_rs_decoder_31_19_6_latest_final_lcpmult.gml,automated_osu035,latest,lcpmult
automated_osu035_rs_encoder_decoder_latest_final_GF8Mult237.gml,automated_osu035,latest,GF8Mult237
automated_osu035_a-z80_latest_final_alu_shifter_cor.gml,automated_osu035,latest,alu_shifter_cor
automated_osu035_aes_highthroughput_lowarea_latest_final_sbox.gml,automated_osu035,latest,sbox
automated_osu035_generic_fifos_latest_final_generic_fifo_sc_.gml,automated_osu035,latest,generic_fifo_sc_
automated_osu035_cookbook_final_word_adder_plai.gml,automated_osu035,cookbook,word_adder_plai
automated_osu035_rs_encoder_decoder_latest_final_GF8Mult223.gml,automated_osu035,latest,GF8Mult223
automated_osu035_minsoc_latest_final_eth_transmitcontrol.gml,automated_osu035,latest,eth_transmitcontrol
automated_osu035_iwls_final_ejtag_rsflop.gml,automated_osu035,iwls,ejtag_rsflop
automated_osu035_minsoc_latest_final_or1200_wbmux.gml,automated_osu035,latest,or1200_wbmux
automated_osu035_minsoc_latest_final_InputCell.gml,automated_osu035,latest,InputCell
automated_osu035_jt51_latest_final_jt51_phaseg.gml,automated_osu035,latest,jt51_phaseg
automated_osu035_cookbook_final_crc32_dat88_flat.gml,automated_osu035,cookbook,crc32_dat88_flat
automated_osu035_cookbook_final_fec_rot_1.gml,automated_osu035,cookbook,fec_rot_1
automated_osu035_edge_latest_final_zero_extend.gml,automated_osu035,latest,zero_extend
automated_osu035_mriscv_final_gpioAPB.gml,automated_osu035,mriscv,gpioAPB
automated_osu035_mem_ctrl_latest_final_mc_obct.gml,automated_osu035,latest,mc_obct
automated_osu035_iwls_final_aes_inv_cipher_top.gml,automated_osu035,iwls,aes_inv_cipher_top
automated_osu035_md5_core-master_final_slut.gml,automated_osu035,core-master,slut
automated_osu035_rs_decoder_31_19_6_latest_final_CSEEblock.gml,automated_osu035,latest,CSEEblock
automated_osu035_ft816float_latest_final_cntlz8.gml,automated_osu035,latest,cntlz8
automated_osu035_orsoc_graphics_accelerator_final_gfx_interp.gml,automated_osu035,accelerator,gfx_interp
automated_osu035_rs_encoder_decoder_latest_final_GF8Mult182.gml,automated_osu035,latest,GF8Mult182
automated_osu035_rs_encoder_decoder_latest_final_GF8Mult196.gml,automated_osu035,latest,GF8Mult196
automated_osu035_Lightweight-Threshold-Implementations-master_final_shar.gml,automated_osu035,Lightweight-Threshold-Implementations-master,shar
automated_osu035_rs_encoder_decoder_latest_final_GF8Mult169.gml,automated_osu035,latest,GF8Mult169
automated_osu035_rs_encoder_decoder_latest_final_GF8Mult7.gml,automated_osu035,latest,GF8Mult7
automated_osu035_SHA_final_SHA256_INTERFACE.gml,automated_osu035,SHA,SHA256_INTERFACE
automated_osu035_gcm-aes_latest_final_gcm_aes_v0.gml,automated_osu035,latest,gcm_aes_v0
automated_osu035_rs_encoder_decoder_latest_final_GF8Mult141.gml,automated_osu035,latest,GF8Mult141
automated_osu035_orsoc_graphics_accelerator_latest_final_basic_fifo.gml,automated_osu035,latest,basic_fifo
automated_osu035_rs_encoder_decoder_latest_final_GF8Mult155.gml,automated_osu035,latest,GF8Mult155
automated_osu035_minsoc_latest_final_or1200_dc_tag.gml,automated_osu035,latest,or1200_dc_tag
automated_osu035_cookbook_final_gf_mult_by_a5.gml,automated_osu035,cookbook,gf_mult_by_a5
automated_osu035_openmsp430_latest_final_virtex6_dmem.gml,automated_osu035,latest,virtex6_dmem
automated_osu035_iscas_final_TopLevel74182.gml,automated_osu035,iscas,TopLevel74182
automated_osu035_cookbook_final_gf_mult_by_7d.gml,automated_osu035,cookbook,gf_mult_by_7d
automated_osu035_8051_latest_final_oc8051_multiply.gml,automated_osu035,latest,oc8051_multiply
automated_osu035_cookbook_final_equal_const.gml,automated_osu035,cookbook,equal_const
automated_osu035_cookbook_final_gf_mult_by_66.gml,automated_osu035,cookbook,gf_mult_by_66
automated_osu035_cookbook_final_gf_mult_by_b9.gml,automated_osu035,cookbook,gf_mult_by_b9
automated_osu035_mriscvcore_final_CLKGATETST_X8.gml,automated_osu035,mriscvcore,CLKGATETST_X8
automated_osu035_tiny_tate_bilinear_pairing_latest_final_v1.gml,automated_osu035,latest,v1
automated_osu035_cookbook_final_gf_mult_by_72.gml,automated_osu035,cookbook,gf_mult_by_72
automated_osu035_cookbook_final_gf_mult_by_99.gml,automated_osu035,cookbook,gf_mult_by_99
automated_osu035_turbo8051_latest_final_wb_interfa.gml,automated_osu035,latest,wb_interfa
automated_osu035_priority_encoder_latest_final_test.gml,automated_osu035,latest,test
automated_osu035_rs_decoder_31_19_6_latest_final_RSDecoder.gml,automated_osu035,latest,RSDecoder
automated_osu035_AES-T100_final_S.gml,automated_osu035,AES-T100,S
automated_osu035_rs_encoder_decoder_latest_final_GF8Mult36.gml,automated_osu035,latest,GF8Mult36
automated_osu035_iwls_final_CSA15.gml,automated_osu035,iwls,CSA15
automated_osu035_openmsp430_latest_final_openMSP430.gml,automated_osu035,latest,openMSP430
automated_osu035_amber_latest_final_a25_wishbo.gml,automated_osu035,latest,a25_wishbo
automated_osu035_rs_encoder_decoder_latest_final_GF8Mult22.gml,automated_osu035,latest,GF8Mult22
automated_osu035_amber_latest_final_a25_execut.gml,automated_osu035,latest,a25_execut
automated_osu035_rs_decoder_31_19_6_latest_final_degree6_cell.gml,automated_osu035,latest,degree6_cell
automated_osu035_rs_encoder_decoder_latest_final_GF8Mult23.gml,automated_osu035,latest,GF8Mult23
automated_osu035_rs_encoder_decoder_latest_final_GF8Mult37.gml,automated_osu035,latest,GF8Mult37
automated_osu035_m32632_latest_final_WB_CONTROL.gml,automated_osu035,latest,WB_CONTROL
automated_osu035_mriscvcore_final_OAI21_X2.gml,automated_osu035,mriscvcore,OAI21_X2
automated_osu035_openmsp430_latest_final_omsp_clock_mux.gml,automated_osu035,latest,omsp_clock_mux
automated_osu035_turbo8051_latest_final_half_dup_dble_reg.gml,automated_osu035,latest,half_dup_dble_reg
automated_osu035_turbo8051_latest_final_oc8051_decoder.gml,automated_osu035,latest,oc8051_decoder
automated_osu035_mem_ctrl_latest_final_mc_cs_rf_dummy.gml,automated_osu035,latest,mc_cs_rf_dummy
osu035_osu035_automated_osu035_des_latest_final_sbox4.gml,osu035_osu035,latest,sbox4
automated_osu035_cookbook_final_gf_mult_by_98.gml,automated_osu035,cookbook,gf_mult_by_98
automated_osu035_cookbook_final_crc32_dat24_flat.gml,automated_osu035,cookbook,crc32_dat24_flat
automated_osu035_ft816float_latest_final_cntlo8.gml,automated_osu035,latest,cntlo8
automated_osu035_cookbook_final_gf_mult_by_b8.gml,automated_osu035,cookbook,gf_mult_by_b8
automated_osu035_cookbook_final_gf_mult_by_73.gml,automated_osu035,cookbook,gf_mult_by_73
automated_osu035_iwls_final_TLATX1.gml,automated_osu035,iwls,TLATX1
automated_osu035_tiny_tate_bilinear_pairing_latest_final_v0.gml,automated_osu035,latest,v0
automated_osu035_iwls_final_ejtag_dclknd2.gml,automated_osu035,iwls,ejtag_dclknd2
automated_osu035_BLAKE_final_CSA.gml,automated_osu035,BLAKE,CSA
automated_osu035_cookbook_final_gf_mult_by_67.gml,automated_osu035,cookbook,gf_mult_by_67
automated_osu035_generic_fifos_latest_final_generic_fifo_lfsr.gml,automated_osu035,latest,generic_fifo_lfsr
automated_osu035_cookbook_final_gf_mult_by_a4.gml,automated_osu035,cookbook,gf_mult_by_a4
automated_osu035_rs_decoder_31_19_6_latest_final_mux2_to_1.gml,automated_osu035,latest,mux2_to_1
automated_osu035_cookbook_final_des_to_string.gml,automated_osu035,cookbook,des_to_string
automated_osu035_present_encryptor_latest_final_substitutio.gml,automated_osu035,latest,substitutio
automated_osu035_cookbook_final_gf_mult_by_6a.gml,automated_osu035,cookbook,gf_mult_by_6a
automated_osu035_amber_latest_final_eth_txstatem.gml,automated_osu035,latest,eth_txstatem
automated_osu035_csa_latest_final_key_cnt.gml,automated_osu035,latest,key_cnt
automated_osu035_openmsp430_latest_final_ogfx_reg.gml,automated_osu035,latest,ogfx_reg
automated_osu035_ft816float_latest_final_cntlo32.gml,automated_osu035,latest,cntlo32
automated_osu035_rs_encoder_decoder_latest_final_GF8Mult154.gml,automated_osu035,latest,GF8Mult154
automated_osu035_reed_solomon_codec_generator_latest_final_RsDecodeMult.gml,automated_osu035,latest,RsDecodeMult
automated_osu035_m32632_latest_final_PROG_COUNTER.gml,automated_osu035,latest,PROG_COUNTER
automated_osu035_rs_encoder_decoder_latest_final_GF8Mult140.gml,automated_osu035,latest,GF8Mult140
automated_osu035_crcahb_latest_final_host_interfa.gml,automated_osu035,latest,host_interfa
automated_osu035_rs_encoder_decoder_latest_final_GF8Mult6.gml,automated_osu035,latest,GF8Mult6
automated_osu035_rs_encoder_decoder_latest_final_GF8Mult168.gml,automated_osu035,latest,GF8Mult168
automated_osu035_minirisc_latest_final_mux2_8.gml,automated_osu035,latest,mux2_8
automated_osu035_minsoc_latest_final_or1200_fpu_post_norm_addsu.gml,automated_osu035,latest,or1200_fpu_post_norm_addsu
automated_osu035_minsoc_latest_final_uart_transmitter.gml,automated_osu035,latest,uart_transmitter
automated_osu035_amber_latest_final_eth_rxcounters.gml,automated_osu035,latest,eth_rxcounters
automated_osu035_turbo8051_latest_final_double_sync_hig.gml,automated_osu035,latest,double_sync_hig
automated_osu035_rs_encoder_decoder_latest_final_GF8Mult197.gml,automated_osu035,latest,GF8Mult197
automated_osu035_trigonometric_functions_in_double_fpu_latest_final_cotangent_lut.gml,automated_osu035,latest,cotangent_lut
automated_osu035_rs_encoder_decoder_latest_final_GF8Mult183.gml,automated_osu035,latest,GF8Mult183
automated_osu035_altor32_latest_final_altor32_dfu.gml,automated_osu035,latest,altor32_dfu
automated_osu035_mriscvcore_final_MULT.gml,automated_osu035,mriscvcore,MULT
automated_osu035_c7552-NS5150_final_AntiSAT.gml,automated_osu035,c7552-NS5150,AntiSAT
automated_osu035_ecg_latest_final_point_scalar_mult.gml,automated_osu035,latest,point_scalar_mult
automated_osu035_cookbook_final_fn_.gml,automated_osu035,cookbook,fn_
automated_osu035_amber_latest_final_wb_ddr3_bridg.gml,automated_osu035,latest,wb_ddr3_bridg
automated_osu035_minsoc_latest_final_or1200_spram_64x14.gml,automated_osu035,latest,or1200_spram_64x14
automated_osu035_mriscvcore_final_BUF_X1.gml,automated_osu035,mriscvcore,BUF_X1
automated_osu035_iwls_final_usb_rx_phy.gml,automated_osu035,iwls,usb_rx_phy
automated_osu035_openmsp430_latest_final_virtex6_pmem.gml,automated_osu035,latest,virtex6_pmem
automated_osu035_turbo8051_latest_final_g_rx_top.gml,automated_osu035,latest,g_rx_top
automated_osu035_8051_latest_final_oc8051_dptr.gml,automated_osu035,latest,oc8051_dptr
automated_osu035_dpll-isdn_latest_final_phasecomparator.gml,automated_osu035,latest,phasecomparator
automated_osu035_mriscvcore_final_true_dpram_sclk.gml,automated_osu035,mriscvcore,true_dpram_sclk
automated_osu035_reed_solomon_decoder_latest_final_input_syndromes.gml,automated_osu035,latest,input_syndromes
automated_osu035_minsoc_latest_final_BiDirectionalCell.gml,automated_osu035,latest,BiDirectionalCell
automated_osu035_cookbook_final_bus_mux.gml,automated_osu035,cookbook,bus_mux
automated_osu035_rs_encoder_decoder_latest_final_GF8Mult222.gml,automated_osu035,latest,GF8Mult222
automated_osu035_rs_encoder_decoder_latest_final_GF8Mult236.gml,automated_osu035,latest,GF8Mult236
automated_osu035_mriscvcore_final_AOI21_X4.gml,automated_osu035,mriscvcore,AOI21_X4
automated_osu035_BLAKE_final_BLAKE_G_FUNCTION.gml,automated_osu035,BLAKE,BLAKE_G_FUNCTION
automated_osu035_mriscvcore_final_OR3_X4.gml,automated_osu035,mriscvcore,OR3_X4
automated_osu035_apbtoaes128_latest_final_datapat.gml,automated_osu035,latest,datapat
automated_osu035_iscas_final_Circuit74181.gml,automated_osu035,iscas,Circuit74181
automated_osu035_a-z80_latest_final_control_pins_.gml,automated_osu035,latest,control_pins_
automated_osu035_pairing_latest_final_f3m_ni.gml,automated_osu035,latest,f3m_ni
automated_osu035_pairing_latest_final_f3_add1.gml,automated_osu035,latest,f3_add1
automated_osu035_cookbook_final_buf_2to3.gml,automated_osu035,cookbook,buf_2to3
automated_osu035_mem_ctrl_latest_final_mc_rf.gml,automated_osu035,latest,mc_rf
automated_osu035_turbo8051_latest_final_oc8051_divid.gml,automated_osu035,latest,oc8051_divid
automated_osu035_reed_solomon_decoder_latest_final_error_correctio.gml,automated_osu035,latest,error_correctio
automated_osu035_mem_ctrl_latest_final_mc_obct_top.gml,automated_osu035,latest,mc_obct_top
automated_osu035_ft816float_latest_final_f2i_t.gml,automated_osu035,latest,f2i_t
automated_osu035_cookbook_final_gf_mult_by_1.gml,automated_osu035,cookbook,gf_mult_by_1
automated_osu035_mriscvcore_final_Alg_Boot.gml,automated_osu035,mriscvcore,Alg_Boot
automated_osu035_RS232-T100_final_uart.gml,automated_osu035,RS232-T100,uart
automated_osu035_minirisc_latest_final_mux8_1.gml,automated_osu035,latest,mux8_1
automated_osu035_aes_highthroughput_lowarea_latest_final_aes.gml,automated_osu035,latest,aes
automated_osu035_turbo8051_latest_final_generic_register.gml,automated_osu035,latest,generic_register
automated_osu035_AES-T200_final_TSC.gml,automated_osu035,AES-T200,TSC
automated_osu035_xge_mac_latest_final_meta_sync_singl.gml,automated_osu035,latest,meta_sync_singl
automated_osu035_openmsp430_latest_final_DAC121S101.gml,automated_osu035,latest,DAC121S101
automated_osu035_8051_latest_final_oc8051_top.gml,automated_osu035,latest,oc8051_top
automated_osu035_cookbook_final_gf_mult_by_3.gml,automated_osu035,cookbook,gf_mult_by_3
automated_osu035_orsoc_graphics_accelerator_final_bresenham_li.gml,automated_osu035,accelerator,bresenham_li
automated_osu035_mriscvcore_final_FSM_Boot.gml,automated_osu035,mriscvcore,FSM_Boot
automated_osu035_turbo8051_latest_final_oc8051_ram_256x8_two_bist.gml,automated_osu035,latest,oc8051_ram_256x8_two_bist
automated_osu035_iscas_final_CLAmodul.gml,automated_osu035,iscas,CLAmodul
automated_osu035_mriscvcore_final_AND2_X4.gml,automated_osu035,mriscvcore,AND2_X4
automated_osu035_cookbook_final_five_to_twenty.gml,automated_osu035,cookbook,five_to_twenty
automated_osu035_iwls_final_pci_spoci_ctrl.gml,automated_osu035,iwls,pci_spoci_ctrl
automated_osu035_mriscvcore_final_TBUF_X8.gml,automated_osu035,mriscvcore,TBUF_X8
automated_osu035_tiny_aes_latest_final_table_lookup.gml,automated_osu035,latest,table_lookup
automated_osu035_cookbook_final_ecc_raw_data_64bit.gml,automated_osu035,cookbook,ecc_raw_data_64bit
automated_osu035_cookbook_final_gearbox_32_33.gml,automated_osu035,cookbook,gearbox_32_33
automated_osu035_orsoc_graphics_accelerator_latest_final_bresenham_li.gml,automated_osu035,latest,bresenham_li
automated_osu035_orsoc_graphics_accelerator_final_gfx_rasterizer.gml,automated_osu035,accelerator,gfx_rasterizer
automated_osu035_8051_latest_final_oc8051_tc2.gml,automated_osu035,latest,oc8051_tc2
automated_osu035_mriscv_final_decodificador_axi.gml,automated_osu035,mriscv,decodificador_axi
automated_osu035_rs_encoder_decoder_latest_final_GF8Mult208.gml,automated_osu035,latest,GF8Mult208
automated_osu035_minsoc_latest_final_or1200_sprs.gml,automated_osu035,latest,or1200_sprs
automated_osu035_rs_encoder_decoder_latest_final_GF8Mult220.gml,automated_osu035,latest,GF8Mult220
automated_osu035_openmsp430_latest_final_omsp_clock_gat.gml,automated_osu035,latest,omsp_clock_gat
automated_osu035_rs_encoder_decoder_latest_final_GF8Mult234.gml,automated_osu035,latest,GF8Mult234
automated_osu035_minsoc_latest_final_minsoc_tc_top.gml,automated_osu035,latest,minsoc_tc_top
automated_osu035_systemcaes_latest_final_aes192.gml,automated_osu035,latest,aes192
automated_osu035_viterb_encoder_and_decoder_final_bmc010.gml,automated_osu035,decoder,bmc010
automated_osu035_ecg_latest_final_func8.gml,automated_osu035,latest,func8
automated_osu035_xgate_latest_final_xgate_jtag_sm.gml,automated_osu035,latest,xgate_jtag_sm
automated_osu035_csa_latest_final_key_schedul.gml,automated_osu035,latest,key_schedul
automated_osu035_iscas_final_s713.gml,automated_osu035,iscas,s713
automated_osu035_m1_core_latest_final_ps2_translation_tabl.gml,automated_osu035,latest,ps2_translation_tabl
automated_osu035_gng_latest_final_gng_interp.gml,automated_osu035,latest,gng_interp
automated_osu035_sdr_ctrl_latest_final_BUFFER.gml,automated_osu035,latest,BUFFER
automated_osu035_cookbook_final_key_shift.gml,automated_osu035,cookbook,key_shift
automated_osu035_pairing_latest_final_func8.gml,automated_osu035,latest,func8
automated_osu035_iwls_final_pci_pci_tpram.gml,automated_osu035,iwls,pci_pci_tpram
automated_osu035_sha512-master_final_sha512.gml,automated_osu035,sha512-master,sha512
automated_osu035_ft816float_latest_final_IntToFloat_t.gml,automated_osu035,latest,IntToFloat_t
automated_osu035_iwls_final_lbc_and.gml,automated_osu035,iwls,lbc_and
automated_osu035_sha256-master_final_sha256_cor.gml,automated_osu035,sha256-master,sha256_cor
automated_osu035_tiny_aes_latest_final_expand_key_type_D_192.gml,automated_osu035,latest,expand_key_type_D_192
automated_osu035_iwls_final_s838_1_.gml,automated_osu035,iwls,s838_1_
automated_osu035_cookbook_final_fec_rot_2.gml,automated_osu035,cookbook,fec_rot_2
automated_osu035_m32632_latest_final_BITMASK.gml,automated_osu035,latest,BITMASK
automated_osu035_edge_latest_final_mux_WBResult.gml,automated_osu035,latest,mux_WBResult
automated_osu035_m1_core_latest_final_m1_di.gml,automated_osu035,latest,m1_di
automated_osu035_gost28147-89_latest_final_gost89_ecb_decrypt.gml,automated_osu035,latest,gost89_ecb_decrypt
automated_osu035_openmsp430_latest_final_ram_8x512_lo.gml,automated_osu035,latest,ram_8x512_lo
automated_osu035_mips_16_latest_final_alu.gml,automated_osu035,latest,alu
automated_osu035_cookbook_final_rot_word.gml,automated_osu035,cookbook,rot_word
automated_osu035_tiny_tate_bilinear_pairing_latest_final_FSM.gml,automated_osu035,latest,FSM
automated_osu035_AES-T200_final_expand_key_128.gml,automated_osu035,AES-T200,expand_key_128
automated_osu035_AES-T200_final_one_round.gml,automated_osu035,AES-T200,one_round
automated_osu035_iwls_final_mcsa6.gml,automated_osu035,iwls,mcsa6
automated_osu035_rs_encoder_decoder_latest_final_GF8Mult195.gml,automated_osu035,latest,GF8Mult195
automated_osu035_cookbook_final_word_align_control.gml,automated_osu035,cookbook,word_align_control
automated_osu035_cookbook_final_seconds_counter.gml,automated_osu035,cookbook,seconds_counter
automated_osu035_rs_encoder_decoder_latest_final_GF8Mult181.gml,automated_osu035,latest,GF8Mult181
automated_osu035_orsoc_graphics_accelerator_latest_final_gfx_wbm_read.gml,automated_osu035,latest,gfx_wbm_read
automated_osu035_rs_encoder_decoder_latest_final_GF8Mult4.gml,automated_osu035,latest,GF8Mult4
automated_osu035_cookbook_final_sboxes.gml,automated_osu035,cookbook,sboxes
automated_osu035_openmsp430_latest_final_DE0_NANO_SOC_QSYS_sysid_qsys.gml,automated_osu035,latest,DE0_NANO_SOC_QSYS_sysid_qsys
automated_osu035_RSA-Verilog-master_final_shift_add_mult2.gml,automated_osu035,RSA-Verilog-master,shift_add_mult2
automated_osu035_aes-master_final_aes.gml,automated_osu035,aes-master,aes
automated_osu035_rs_encoder_decoder_latest_final_GF8Mult156.gml,automated_osu035,latest,GF8Mult156
automated_osu035_orsoc_graphics_accelerator_final_gfx_wbm_read.gml,automated_osu035,accelerator,gfx_wbm_read
automated_osu035_iwls_final_pci_target32_interfa.gml,automated_osu035,iwls,pci_target32_interfa
automated_osu035_RSA-Verilog-master_final_mon_prod.gml,automated_osu035,RSA-Verilog-master,mon_prod
automated_osu035_rs_encoder_decoder_latest_final_GF8Mult142.gml,automated_osu035,latest,GF8Mult142
automated_osu035_ecg_latest_final_f3m_add3.gml,automated_osu035,latest,f3m_add3
automated_osu035_aes-128_pipelined_encryption_latest_final_KeyExpantio.gml,automated_osu035,latest,KeyExpantio
automated_osu035_iscas_final_TopLevel74181.gml,automated_osu035,iscas,TopLevel74181
automated_osu035_cookbook_final_gf_mult_by_a6.gml,automated_osu035,cookbook,gf_mult_by_a6
automated_osu035_rs_encoder_decoder_latest_final_GF8lfsr.gml,automated_osu035,latest,GF8lfsr
automated_osu035_cookbook_final_gf_mult_by_59.gml,automated_osu035,cookbook,gf_mult_by_59
automated_osu035_tiny_tate_bilinear_pairing_latest_final_v2.gml,automated_osu035,latest,v2
automated_osu035_cookbook_final_gf_mult_by_71.gml,automated_osu035,cookbook,gf_mult_by_71
automated_osu035_cookbook_final_gf_mult_by_65.gml,automated_osu035,cookbook,gf_mult_by_65
automated_osu035_csa_latest_final_stream_cypher.gml,automated_osu035,latest,stream_cypher
automated_osu035_minsoc_latest_final_or1200_fpu_post_norm_di.gml,automated_osu035,latest,or1200_fpu_post_norm_di
automated_osu035_suslik_latest_final_regfileint0.gml,automated_osu035,latest,regfileint0
automated_osu035_openmsp430_latest_final_omsp_execution_unit.gml,automated_osu035,latest,omsp_execution_unit
automated_osu035_iscas_final_s1423.gml,automated_osu035,iscas,s1423
automated_osu035_rs_encoder_decoder_latest_final_GF8Mult21.gml,automated_osu035,latest,GF8Mult21
automated_osu035_cookbook_final_ecc_raw_data_8bit.gml,automated_osu035,cookbook,ecc_raw_data_8bit
automated_osu035_openmsp430_latest_final_DE0_NANO_SOC_QSYS_jtag_uart_sim_scfifo_w.gml,automated_osu035,latest,DE0_NANO_SOC_QSYS_jtag_uart_sim_scfifo_w
automated_osu035_rs_encoder_decoder_latest_final_GF8Mult35.gml,automated_osu035,latest,GF8Mult35
automated_osu035_xge_mac_latest_final_fault_sm.gml,automated_osu035,latest,fault_sm
automated_osu035_hight_latest_final_KEY_SCHED.gml,automated_osu035,latest,KEY_SCHED
automated_osu035_rs_encoder_decoder_latest_final_GF8Mult34.gml,automated_osu035,latest,GF8Mult34
automated_osu035_iwls_final_s1238_.gml,automated_osu035,iwls,s1238_
automated_osu035_mriscvcore_final_OAI21_X1.gml,automated_osu035,mriscvcore,OAI21_X1
automated_osu035_rs_encoder_decoder_latest_final_GF8Mult20.gml,automated_osu035,latest,GF8Mult20
automated_osu035_m1_core_latest_final_ps2_wb_if.gml,automated_osu035,latest,ps2_wb_if
automated_osu035_minsoc_latest_final_adbg_jsp_modul.gml,automated_osu035,latest,adbg_jsp_modul
automated_osu035_mriscv_final_latchW.gml,automated_osu035,mriscv,latchW
automated_osu035_xgate_latest_final_xgate_bypass_reg.gml,automated_osu035,latest,xgate_bypass_reg
automated_osu035_cookbook_final_gf_mult_by_64.gml,automated_osu035,cookbook,gf_mult_by_64
automated_osu035_cookbook_final_gf_mult_by_70.gml,automated_osu035,cookbook,gf_mult_by_70
automated_osu035_cookbook_final_gf_mult_by_aa.gml,automated_osu035,cookbook,gf_mult_by_aa
automated_osu035_iwls_final_s38584_.gml,automated_osu035,iwls,s38584_
automated_osu035_cookbook_final_gf_mult_by_58.gml,automated_osu035,cookbook,gf_mult_by_58
automated_osu035_gng_latest_final_gng.gml,automated_osu035,latest,gng
automated_osu035_cookbook_final_gf_mult_by_7f.gml,automated_osu035,cookbook,gf_mult_by_7f
automated_osu035_cookbook_final_gf_mult_by_a7.gml,automated_osu035,cookbook,gf_mult_by_a7
automated_osu035_rs_encoder_decoder_latest_final_GF8Mult143.gml,automated_osu035,latest,GF8Mult143
automated_osu035_iwls_final_s641_.gml,automated_osu035,iwls,s641_
automated_osu035_turbo8051_latest_final_async_fifo.gml,automated_osu035,latest,async_fifo
automated_osu035_sdr_ctrl_latest_final_async_fifo.gml,automated_osu035,latest,async_fifo
automated_osu035_cookbook_final_bin_to_7seg.gml,automated_osu035,cookbook,bin_to_7seg
automated_osu035_rs_encoder_decoder_latest_final_GF8Mult157.gml,automated_osu035,latest,GF8Mult157
automated_osu035_rs_encoder_decoder_latest_final_GF8Mult5.gml,automated_osu035,latest,GF8Mult5
automated_osu035_rs_encoder_decoder_latest_final_GF8Mult180.gml,automated_osu035,latest,GF8Mult180
automated_osu035_jt51_latest_final_jt51_exp2li.gml,automated_osu035,latest,jt51_exp2li
automated_osu035_cookbook_final_non_carry_add.gml,automated_osu035,cookbook,non_carry_add
automated_osu035_rs_5_3_gf256_latest_final_SYN2ERR.gml,automated_osu035,latest,SYN2ERR
automated_osu035_iwls_final_wb_dma_wb_sl.gml,automated_osu035,iwls,wb_dma_wb_sl
automated_osu035_rs_encoder_decoder_latest_final_GF8Mult194.gml,automated_osu035,latest,GF8Mult194
automated_osu035_fpu_latest_final_post_norm.gml,automated_osu035,latest,post_norm
automated_osu035_ft816float_latest_final_fpCompar.gml,automated_osu035,latest,fpCompar
automated_osu035_ft816float_latest_final_cntlz16.gml,automated_osu035,latest,cntlz16
automated_osu035_cookbook_final_priority_mux.gml,automated_osu035,cookbook,priority_mux
automated_osu035_a-z80_latest_final_reg_control.gml,automated_osu035,latest,reg_control
automated_osu035_iwls_final_fifo4.gml,automated_osu035,iwls,fifo4
automated_osu035_AES-T200_final_T.gml,automated_osu035,AES-T200,T
automated_osu035_Lightweight-Threshold-Implementations-master_final_sasebo_simo.gml,automated_osu035,Lightweight-Threshold-Implementations-master,sasebo_simo
automated_osu035_mriscvcore_final_BUF_X32.gml,automated_osu035,mriscvcore,BUF_X32
automated_osu035_mriscvcore_final_BUF_X2.gml,automated_osu035,mriscvcore,BUF_X2
automated_osu035_mriscvcore_final_OAI33_X1.gml,automated_osu035,mriscvcore,OAI33_X1
automated_osu035_uart-master_final_uart.gml,automated_osu035,uart-master,uart
automated_osu035_turbo8051_latest_final_oc8051_ram_64x32_dual_bist.gml,automated_osu035,latest,oc8051_ram_64x32_dual_bist
automated_osu035_iwls_final_s35932_.gml,automated_osu035,iwls,s35932_
automated_osu035_cookbook_final_fec_rot_3.gml,automated_osu035,cookbook,fec_rot_3
automated_osu035_sha3_latest_final_rconst2in1.gml,automated_osu035,latest,rconst2in1
automated_osu035_apbtoaes128_latest_final_data_swap.gml,automated_osu035,latest,data_swap
automated_osu035_amber_latest_final_a25_write_back.gml,automated_osu035,latest,a25_write_back
automated_osu035_edge_latest_final_shift_left2.gml,automated_osu035,latest,shift_left2
automated_osu035_cookbook_final_little_sigma_1_512.gml,automated_osu035,cookbook,little_sigma_1_512
automated_osu035_ecg_latest_final_func9.gml,automated_osu035,latest,func9
automated_osu035_tiny_tate_bilinear_pairing_latest_final_rom.gml,automated_osu035,latest,rom
automated_osu035_viterb_encoder_and_decoder_final_bmc011.gml,automated_osu035,decoder,bmc011
automated_osu035_cookbook_final_compress_42.gml,automated_osu035,cookbook,compress_42
automated_osu035_rs_encoder_decoder_latest_final_GF8Mult235.gml,automated_osu035,latest,GF8Mult235
automated_osu035_Lightweight-Threshold-Implementations-master_final_bitSpeck128_128_hierarchy_carry_sharing.gml,automated_osu035,Lightweight-Threshold-Implementations-master,bitSpeck128_128_hierarchy_carry_sharing
automated_osu035_minsoc_latest_final_eth_txstatem.gml,automated_osu035,latest,eth_txstatem
automated_osu035_rs_encoder_decoder_latest_final_GF8Mult221.gml,automated_osu035,latest,GF8Mult221
automated_osu035_gng_latest_final_gng_smul_16_18_sadd_37.gml,automated_osu035,latest,gng_smul_16_18_sadd_37
automated_osu035_double_fpu_latest_final_fpu_mul.gml,automated_osu035,latest,fpu_mul
automated_osu035_iscas_final_Circuit74182.gml,automated_osu035,iscas,Circuit74182
automated_osu035_rs_encoder_decoder_latest_final_GF8Mult209.gml,automated_osu035,latest,GF8Mult209
automated_osu035_mod3_calc_latest_final_mod3.gml,automated_osu035,latest,mod3
automated_osu035_minsoc_latest_final_gpio_top.gml,automated_osu035,latest,gpio_top
automated_osu035_generic_fifos_latest_final_lfsr.gml,automated_osu035,latest,lfsr
automated_osu035_reed_solomon_decoder_latest_final_transport_in2out.gml,automated_osu035,latest,transport_in2out
automated_osu035_cookbook_final_gf_mult_by_d.gml,automated_osu035,cookbook,gf_mult_by_d
automated_osu035_iwls_final_ac97_si.gml,automated_osu035,iwls,ac97_si
automated_osu035_iwls_final_ac97_pr.gml,automated_osu035,iwls,ac97_pr
automated_osu035_cookbook_final_cntr_modulus.gml,automated_osu035,cookbook,cntr_modulus
automated_osu035_turbo8051_latest_final_g_mac_top.gml,automated_osu035,latest,g_mac_top
automated_osu035_cookbook_final_mask_32.gml,automated_osu035,cookbook,mask_32
automated_osu035_Lightweight-Threshold-Implementations-master_final_simon2shar.gml,automated_osu035,Lightweight-Threshold-Implementations-master,simon2shar
automated_osu035_mips_16_latest_final_register_fil.gml,automated_osu035,latest,register_fil
automated_osu035_minsoc_latest_final_or1200_operandmuxes.gml,automated_osu035,latest,or1200_operandmuxes
automated_osu035_cookbook_final_gf_mult_by_2.gml,automated_osu035,cookbook,gf_mult_by_2
automated_osu035_iwls_final_pci_wb_slav.gml,automated_osu035,iwls,pci_wb_slav
automated_osu035_iscas_final_s510.gml,automated_osu035,iscas,s510
automated_osu035_minirisc_latest_final_sfifo4x11.gml,automated_osu035,latest,sfifo4x11
automated_osu035_iwls_final_wb_conmax_pri_d.gml,automated_osu035,iwls,wb_conmax_pri_d
automated_osu035_mriscvcore_final_CLKBUF_X1.gml,automated_osu035,mriscvcore,CLKBUF_X1
automated_osu035_rs_decoder_31_19_6_latest_final_register5_wl.gml,automated_osu035,latest,register5_wl
automated_osu035_xge_mac_latest_final_generic_mem_medium.gml,automated_osu035,latest,generic_mem_medium
automated_osu035_mriscvcore_final_AND2_X1.gml,automated_osu035,mriscvcore,AND2_X1
automated_osu035_edge_latest_final_Edge_Cor.gml,automated_osu035,latest,Edge_Cor
automated_osu035_cookbook_final_insert_parity.gml,automated_osu035,cookbook,insert_parity
automated_osu035_iwls_final_vga_wb_master.gml,automated_osu035,iwls,vga_wb_master
automated_osu035_turbo8051_latest_final_spi_cor.gml,automated_osu035,latest,spi_cor
automated_osu035_openmsp430_latest_final_ogfx_ram_arbiter.gml,automated_osu035,latest,ogfx_ram_arbiter
automated_osu035_cookbook_final_gf_mult_by_6.gml,automated_osu035,cookbook,gf_mult_by_6
automated_osu035_iwls_final_tv80_cor.gml,automated_osu035,iwls,tv80_cor
automated_osu035_gost28147-89_latest_final_gost89_cfb_decrypt.gml,automated_osu035,latest,gost89_cfb_decrypt
automated_osu035_rs_encoder_decoder_latest_final_GF8Mult225.gml,automated_osu035,latest,GF8Mult225
automated_osu035_mriscvcore_final_UTILITY.gml,automated_osu035,mriscvcore,UTILITY
automated_osu035_a-z80_latest_final_pla_decod.gml,automated_osu035,latest,pla_decod
automated_osu035_rs_encoder_decoder_latest_final_GF8Mult231.gml,automated_osu035,latest,GF8Mult231
automated_osu035_crcahb_latest_final_crc_datapat.gml,automated_osu035,latest,crc_datapat
automated_osu035_rs_encoder_decoder_latest_final_GF8Mult219.gml,automated_osu035,latest,GF8Mult219
automated_osu035_cookbook_final_unstable_counters.gml,automated_osu035,cookbook,unstable_counters
automated_osu035_cpu8080_latest_final_selecto.gml,automated_osu035,latest,selecto
automated_osu035_amber_latest_final_a23_barrel_shift_fpga.gml,automated_osu035,latest,a23_barrel_shift_fpga
automated_osu035_xtea_latest_final_cipher_test.gml,automated_osu035,latest,cipher_test
automated_osu035_openmsp430_latest_final_omsp_frontend.gml,automated_osu035,latest,omsp_frontend
automated_osu035_ecg_latest_final_f3_sub1.gml,automated_osu035,latest,f3_sub1
automated_osu035_fpga-median_latest_final_common_network.gml,automated_osu035,latest,common_network
automated_osu035_present_encryptor_latest_final_key_updat.gml,automated_osu035,latest,key_updat
automated_osu035_orsoc_graphics_accelerator_latest_final_gfx_wbm_read_arbiter.gml,automated_osu035,latest,gfx_wbm_read_arbiter
automated_osu035_ft816float_latest_final_fpLOOUnit.gml,automated_osu035,latest,fpLOOUnit
automated_osu035_iwls_final_aes_inv_sbox.gml,automated_osu035,iwls,aes_inv_sbox
automated_osu035_altor32_latest_final_altor32_lit.gml,automated_osu035,latest,altor32_lit
automated_osu035_viterb_encoder_and_decoder_final_bmc001.gml,automated_osu035,decoder,bmc001
automated_osu035_AES-T1000_final_aes_128.gml,automated_osu035,AES-T1000,aes_128
automated_osu035_cookbook_final_system_timer.gml,automated_osu035,cookbook,system_timer
automated_osu035_m32632_latest_final_DCACHE_SM.gml,automated_osu035,latest,DCACHE_SM
automated_osu035_iwls_final_FXADDA162H90A.gml,automated_osu035,iwls,FXADDA162H90A
automated_osu035_cookbook_final_fec_rot_7.gml,automated_osu035,cookbook,fec_rot_7
automated_osu035_iwls_final_s713_.gml,automated_osu035,iwls,s713_
automated_osu035_suslik_latest_final_datacacheramtag.gml,automated_osu035,latest,datacacheramtag
automated_osu035_amber_latest_final_eth_txcounters.gml,automated_osu035,latest,eth_txcounters
automated_osu035_iscas_final_s38417.gml,automated_osu035,iscas,s38417
automated_osu035_8051_latest_final_disp.gml,automated_osu035,latest,disp
automated_osu035_rs_encoder_decoder_latest_final_GF8Mult190.gml,automated_osu035,latest,GF8Mult190
automated_osu035_minsoc_latest_final_uart_debug_if.gml,automated_osu035,latest,uart_debug_if
automated_osu035_openmsp430_latest_final_ram_16x8k_dp.gml,automated_osu035,latest,ram_16x8k_dp
automated_osu035_rs_encoder_decoder_latest_final_GF8Mult184.gml,automated_osu035,latest,GF8Mult184
automated_osu035_sha3_latest_final_padder.gml,automated_osu035,latest,padder
automated_osu035_cookbook_final_gearbox_40_67.gml,automated_osu035,cookbook,gearbox_40_67
automated_osu035_rs_encoder_decoder_latest_final_GF8Mult153.gml,automated_osu035,latest,GF8Mult153
automated_osu035_cookbook_final_tern_nod.gml,automated_osu035,cookbook,tern_nod
automated_osu035_rs_encoder_decoder_latest_final_GF8Mult147.gml,automated_osu035,latest,GF8Mult147
automated_osu035_ft816float_latest_final_fpAddsubnr.gml,automated_osu035,latest,fpAddsubnr
automated_osu035_gost28147-89_latest_final_gost89_ma.gml,automated_osu035,latest,gost89_ma
automated_osu035_rs_encoder_decoder_latest_final_GF8Mult1.gml,automated_osu035,latest,GF8Mult1
automated_osu035_cookbook_final_gearbox_20_22.gml,automated_osu035,cookbook,gearbox_20_22
automated_osu035_aes-master_final_aes_inv_sbox.gml,automated_osu035,aes-master,aes_inv_sbox
automated_osu035_mriscv_final_impl_axi.gml,automated_osu035,mriscv,impl_axi
automated_osu035_cookbook_final_gf_mult_by_74.gml,automated_osu035,cookbook,gf_mult_by_74
automated_osu035_cookbook_final_gf_mult_by_60.gml,automated_osu035,cookbook,gf_mult_by_60
automated_osu035_iscas_final_c5315.gml,automated_osu035,iscas,c5315
automated_osu035_cookbook_final_scale_up.gml,automated_osu035,cookbook,scale_up
automated_osu035_cookbook_final_gf_mult_by_a3.gml,automated_osu035,cookbook,gf_mult_by_a3
automated_osu035_Lightweight-Threshold-Implementations-master_final_TI_Simon_TopModul.gml,automated_osu035,Lightweight-Threshold-Implementations-master,TI_Simon_TopModul
automated_osu035_iwls_final_DSP_CORE_vsia_tst_control_cell.gml,automated_osu035,iwls,DSP_CORE_vsia_tst_control_cell
automated_osu035_cookbook_final_reference_arbiter.gml,automated_osu035,cookbook,reference_arbiter
automated_osu035_cookbook_final_gf_mult_by_48.gml,automated_osu035,cookbook,gf_mult_by_48
automated_osu035_openmsp430_latest_final_omsp_de0_nano_soc_led_key_sw.gml,automated_osu035,latest,omsp_de0_nano_soc_led_key_sw
automated_osu035_two_dimensional_fast_hartley_transform_latest_final_fht_8x8_cor.gml,automated_osu035,latest,fht_8x8_cor
automated_osu035_mriscvcore_final_XNOR2_X2.gml,automated_osu035,mriscvcore,XNOR2_X2
automated_osu035_cookbook_final_gf_mult_by_6f.gml,automated_osu035,cookbook,gf_mult_by_6f
automated_osu035_iwls_final_DFFX1.gml,automated_osu035,iwls,DFFX1
automated_osu035_iwls_final_wb_dma_wb_if.gml,automated_osu035,iwls,wb_dma_wb_if
automated_osu035_openmsp430_latest_final_DE0_NANO_SOC_QSYS_jtag_uart_sim_scfifo_r.gml,automated_osu035,latest,DE0_NANO_SOC_QSYS_jtag_uart_sim_scfifo_r
automated_osu035_iwls_final_eth_rxaddrcheck.gml,automated_osu035,iwls,eth_rxaddrcheck
automated_osu035_rs_encoder_decoder_latest_final_GF8Mult24.gml,automated_osu035,latest,GF8Mult24
automated_osu035_rs_encoder_decoder_latest_final_GF8Mult30.gml,automated_osu035,latest,GF8Mult30
automated_osu035_minsoc_latest_final_or1200_dc_fsm.gml,automated_osu035,latest,or1200_dc_fsm
automated_osu035_openmsp430_latest_final_omsp_dbg_uart.gml,automated_osu035,latest,omsp_dbg_uart
automated_osu035_altor32_latest_final_altor32_alu.gml,automated_osu035,latest,altor32_alu
automated_osu035_tiny_tate_bilinear_pairing_latest_final_f3_mult.gml,automated_osu035,latest,f3_mult
automated_osu035_cookbook_final_eight_to_twenty.gml,automated_osu035,cookbook,eight_to_twenty
automated_osu035_iwls_final_vga_clkg.gml,automated_osu035,iwls,vga_clkg
automated_osu035_reed_solomon_codec_generator_latest_final_RsDecodeShiftOmega.gml,automated_osu035,latest,RsDecodeShiftOmega
automated_osu035_cookbook_final_crc32c_dat64_flat.gml,automated_osu035,cookbook,crc32c_dat64_flat
automated_osu035_present_encryptor_latest_final_sbox.gml,automated_osu035,latest,sbox
automated_osu035_rs_encoder_decoder_latest_final_GF8Mult18.gml,automated_osu035,latest,GF8Mult18
automated_osu035_mriscv_final_flipsdataw.gml,automated_osu035,mriscv,flipsdataw
automated_osu035_AES-T100_final_T.gml,automated_osu035,AES-T100,T
automated_osu035_cookbook_final_pipeline_add_ms.gml,automated_osu035,cookbook,pipeline_add_ms
automated_osu035_rs_encoder_decoder_latest_final_GF8Mult19.gml,automated_osu035,latest,GF8Mult19
automated_osu035_mriscvcore_final_ALU_add.gml,automated_osu035,mriscvcore,ALU_add
automated_osu035_rs_encoder_decoder_latest_final_GF8Mult31.gml,automated_osu035,latest,GF8Mult31
automated_osu035_mriscvcore_final_OAI21_X4.gml,automated_osu035,mriscvcore,OAI21_X4
automated_osu035_iwls_final_s400_.gml,automated_osu035,iwls,s400_
automated_osu035_mriscvcore_final_ALU_synt.gml,automated_osu035,mriscvcore,ALU_synt
automated_osu035_iwls_final_s953_.gml,automated_osu035,iwls,s953_
automated_osu035_rs_encoder_decoder_latest_final_GF8Mult25.gml,automated_osu035,latest,GF8Mult25
automated_osu035_iwls_final_pci_master32_sm_if.gml,automated_osu035,iwls,pci_master32_sm_if
automated_osu035_minsoc_latest_final_or1200_du.gml,automated_osu035,latest,or1200_du
automated_osu035_cookbook_final_pn2112_tabl.gml,automated_osu035,cookbook,pn2112_tabl
automated_osu035_reed_solomon_decoder_latest_final_DP_RAM.gml,automated_osu035,latest,DP_RAM
automated_osu035_cookbook_final_gf_mult_by_a2.gml,automated_osu035,cookbook,gf_mult_by_a2
automated_osu035_cookbook_final_gf_mult_by_49.gml,automated_osu035,cookbook,gf_mult_by_49
automated_osu035_iwls_final_can_top.gml,automated_osu035,iwls,can_top
automated_osu035_cookbook_final_gf_mult_by_61.gml,automated_osu035,cookbook,gf_mult_by_61
automated_osu035_cookbook_final_approx_fp_sqrt.gml,automated_osu035,cookbook,approx_fp_sqrt
automated_osu035_cookbook_final_gf_mult_by_ad.gml,automated_osu035,cookbook,gf_mult_by_ad
automated_osu035_cookbook_final_gf_mult_by_75.gml,automated_osu035,cookbook,gf_mult_by_75
automated_osu035_sha_core_latest_final_sha256.gml,automated_osu035,latest,sha256
automated_osu035_dvb_s2_ldpc_decoder_latest_final_ldpc_muxreg.gml,automated_osu035,latest,ldpc_muxreg
automated_osu035_gcm-aes_latest_final_aes_rco.gml,automated_osu035,latest,aes_rco
automated_osu035_csa_latest_final_usb_cnt.gml,automated_osu035,latest,usb_cnt
automated_osu035_xgate_latest_final_xgate_irq_encod.gml,automated_osu035,latest,xgate_irq_encod
automated_osu035_rs_encoder_decoder_latest_final_GF8Mult0.gml,automated_osu035,latest,GF8Mult0
automated_osu035_turbo8051_latest_final_g_eth_parser.gml,automated_osu035,latest,g_eth_parser
automated_osu035_iwls_final_mux32.gml,automated_osu035,iwls,mux32
automated_osu035_iscas_final_Circuit74L85.gml,automated_osu035,iscas,Circuit74L85
automated_osu035_rs_encoder_decoder_latest_final_GF8Mult146.gml,automated_osu035,latest,GF8Mult146
automated_osu035_rs_encoder_decoder_latest_final_GF8Mult152.gml,automated_osu035,latest,GF8Mult152
automated_osu035_turbo8051_latest_final_req_register.gml,automated_osu035,latest,req_register
automated_osu035_rs_5_3_gf256_latest_final_gf256mult.gml,automated_osu035,latest,gf256mult
automated_osu035_iscas_final_c17.gml,automated_osu035,iscas,c17
automated_osu035_cookbook_final_gearbox_40_66.gml,automated_osu035,cookbook,gearbox_40_66
automated_osu035_cookbook_final_ready_skid.gml,automated_osu035,cookbook,ready_skid
automated_osu035_8bit_vedic_multiplier_latest_final_ripple_adder_12bit.gml,automated_osu035,latest,ripple_adder_12bit
automated_osu035_cookbook_final_bin_to_ascii.gml,automated_osu035,cookbook,bin_to_ascii
automated_osu035_rs_encoder_decoder_latest_final_GF8Mult185.gml,automated_osu035,latest,GF8Mult185
automated_osu035_mriscv_final_completogpio.gml,automated_osu035,mriscv,completogpio
automated_osu035_reed_solomon_codec_generator_latest_final_RsDecodeDegr.gml,automated_osu035,latest,RsDecodeDegr
automated_osu035_a-z80_latest_final_wait_stat.gml,automated_osu035,latest,wait_stat
automated_osu035_rs_encoder_decoder_latest_final_GF8Mult191.gml,automated_osu035,latest,GF8Mult191
automated_osu035_minirisc_latest_final_mux4_8.gml,automated_osu035,latest,mux4_8
automated_osu035_cookbook_final_min_max_unsigned.gml,automated_osu035,cookbook,min_max_unsigned
automated_osu035_cookbook_final_fec_rot_6.gml,automated_osu035,cookbook,fec_rot_6
automated_osu035_Lightweight-Threshold-Implementations-master_final_bitSpeck128_128_unpro.gml,automated_osu035,Lightweight-Threshold-Implementations-master,bitSpeck128_128_unpro
automated_osu035_ft816float_latest_final_fpCompare_t.gml,automated_osu035,latest,fpCompare_t
automated_osu035_des_latest_final_crp.gml,automated_osu035,latest,crp
osu035_osu035_automated_osu035_des_latest_final_key_sel3.gml,osu035_osu035,latest,key_sel3
automated_osu035_ecg_latest_final_f3m_ni.gml,automated_osu035,latest,f3m_ni
automated_osu035_viterb_encoder_and_decoder_final_bmc000.gml,automated_osu035,decoder,bmc000
automated_osu035_openmsp430_latest_final_omsp_clock_modul.gml,automated_osu035,latest,omsp_clock_modul
automated_osu035_m32632_latest_final_DRAMIF.gml,automated_osu035,latest,DRAMIF
automated_osu035_mriscvcore_final_XOR2_X1.gml,automated_osu035,mriscvcore,XOR2_X1
automated_osu035_m32632_latest_final_ex_in_reg.gml,automated_osu035,latest,ex_in_reg
automated_osu035_openmsp430_latest_final_altera_reset_controller.gml,automated_osu035,latest,altera_reset_controller
automated_osu035_cookbook_final_ternary_add.gml,automated_osu035,cookbook,ternary_add
automated_osu035_amber_latest_final_uart.gml,automated_osu035,latest,uart
automated_osu035_mriscvcore_final_TINV_X1.gml,automated_osu035,mriscvcore,TINV_X1
automated_osu035_mips_16_latest_final_WB_stag.gml,automated_osu035,latest,WB_stag
automated_osu035_turbo8051_latest_final_uart_txfsm.gml,automated_osu035,latest,uart_txfsm
automated_osu035_iwls_final_pci_irdy_out_crit.gml,automated_osu035,iwls,pci_irdy_out_crit
automated_osu035_minsoc_latest_final_spi_flash_shift.gml,automated_osu035,latest,spi_flash_shift
automated_osu035_cookbook_final_crc32_dat32_flat.gml,automated_osu035,cookbook,crc32_dat32_flat
automated_osu035_siphash-master_final_siphas.gml,automated_osu035,siphash-master,siphas
automated_osu035_mriscvcore_final_IRQ.gml,automated_osu035,mriscvcore,IRQ
automated_osu035_iwls_final_NAND2X2.gml,automated_osu035,iwls,NAND2X2
automated_osu035_rs_encoder_decoder_latest_final_GF8Mult218.gml,automated_osu035,latest,GF8Mult218
automated_osu035_openmsp430_latest_final_ogfx_backend_lut_fifo.gml,automated_osu035,latest,ogfx_backend_lut_fifo
automated_osu035_rs_encoder_decoder_latest_final_GF8Mult230.gml,automated_osu035,latest,GF8Mult230
automated_osu035_mriscvcore_final_AOI21_X2.gml,automated_osu035,mriscvcore,AOI21_X2
automated_osu035_minirisc_latest_final_alu.gml,automated_osu035,latest,alu
automated_osu035_mriscvcore_final_OR3_X2.gml,automated_osu035,mriscvcore,OR3_X2
automated_osu035_iwls_final_s13207_.gml,automated_osu035,iwls,s13207_
automated_osu035_sdr_ctrl_latest_final_sdrc_top.gml,automated_osu035,latest,sdrc_top
automated_osu035_cookbook_final_mix_one_colum.gml,automated_osu035,cookbook,mix_one_colum
automated_osu035_RSA-CRYPTOSYSTEM-using-verilog-master_final_divider.gml,automated_osu035,RSA-CRYPTOSYSTEM-using-verilog-master,divider
automated_osu035_8051_latest_final_oc8051_ram_top.gml,automated_osu035,latest,oc8051_ram_top
automated_osu035_rs_encoder_decoder_latest_final_GF8Mult224.gml,automated_osu035,latest,GF8Mult224
automated_osu035_openmsp430_latest_final_ogfx_gpu_dma_addr.gml,automated_osu035,latest,ogfx_gpu_dma_addr
automated_osu035_cookbook_final_gf_mult_by_7.gml,automated_osu035,cookbook,gf_mult_by_7
automated_osu035_cookbook_final_little_sigma_0_512.gml,automated_osu035,cookbook,little_sigma_0_512
automated_osu035_cookbook_final_gf_mult_by_a.gml,automated_osu035,cookbook,gf_mult_by_a
automated_osu035_minsoc_latest_final_ControlCell.gml,automated_osu035,latest,ControlCell
automated_osu035_openmsp430_latest_final_ram_16x1k_dp.gml,automated_osu035,latest,ram_16x1k_dp
automated_osu035_mriscvcore_final_AND2_X2.gml,automated_osu035,mriscvcore,AND2_X2
automated_osu035_cookbook_final_error_loc_poly_roots.gml,automated_osu035,cookbook,error_loc_poly_roots
automated_osu035_mriscvcore_final_CLKBUF_X2.gml,automated_osu035,mriscvcore,CLKBUF_X2
automated_osu035_xgate_latest_final_xgate_jtag_ir.gml,automated_osu035,latest,xgate_jtag_ir
automated_osu035_mriscvcore_final_Count.gml,automated_osu035,mriscvcore,Count
automated_osu035_cookbook_final_gf_mult_by_5.gml,automated_osu035,cookbook,gf_mult_by_5
automated_osu035_openmsp430_latest_final_omsp_register_fil.gml,automated_osu035,latest,omsp_register_fil
automated_osu035_RSA-Verilog-master_final_bram.gml,automated_osu035,RSA-Verilog-master,bram
automated_osu035_sha3_latest_final_rconst.gml,automated_osu035,latest,rconst
automated_osu035_m1_core_latest_final_ps2_io_ctrl.gml,automated_osu035,latest,ps2_io_ctrl
automated_osu035_sha256-master_final_sha256_k_constants.gml,automated_osu035,sha256-master,sha256_k_constants
automated_osu035_sdr_ctrl_latest_final_sdrc_req_g.gml,automated_osu035,latest,sdrc_req_g
automated_osu035_rs_encoder_decoder_latest_final_GF8Mult232.gml,automated_osu035,latest,GF8Mult232
automated_osu035_rs_encoder_decoder_latest_final_GF8Mult226.gml,automated_osu035,latest,GF8Mult226
automated_osu035_cookbook_final_gearbox_67_20.gml,automated_osu035,cookbook,gearbox_67_20
automated_osu035_iwls_final_ac97_rst.gml,automated_osu035,iwls,ac97_rst
automated_osu035_openmsp430_latest_final_altera_reset_synchronizer.gml,automated_osu035,latest,altera_reset_synchronizer
automated_osu035_xgate_latest_final_bc_7.gml,automated_osu035,latest,bc_7
automated_osu035_cavlc_latest_final_cavlc_read_total_coeffs.gml,automated_osu035,latest,cavlc_read_total_coeffs
automated_osu035_ecg_latest_final_f3m_i.gml,automated_osu035,latest,f3m_i
automated_osu035_i2c_latest_final_delay.gml,automated_osu035,latest,delay
automated_osu035_pairing_latest_final_f32m_su.gml,automated_osu035,latest,f32m_su
automated_osu035_pairing_latest_final_f3m_i.gml,automated_osu035,latest,f3m_i
automated_osu035_minirisc_latest_final_inc8.gml,automated_osu035,latest,inc8
automated_osu035_turbo8051_latest_final_clk_ctl.gml,automated_osu035,latest,clk_ctl
automated_osu035_8051_latest_final_oc8051_alu.gml,automated_osu035,latest,oc8051_alu
automated_osu035_iscas_final_TopLevel74L85.gml,automated_osu035,iscas,TopLevel74L85
automated_osu035_cookbook_final_mix_columns.gml,automated_osu035,cookbook,mix_columns
automated_osu035_iwls_final_wb_dma_d.gml,automated_osu035,iwls,wb_dma_d
automated_osu035_xgate_latest_final_xgate_wbs_bus.gml,automated_osu035,latest,xgate_wbs_bus
automated_osu035_iwls_final_DSP_CORE_vsia_tst_bypass_reg.gml,automated_osu035,iwls,DSP_CORE_vsia_tst_bypass_reg
automated_osu035_turbo8051_latest_final_spi_ctl.gml,automated_osu035,latest,spi_ctl
automated_osu035_apbtoaes128_latest_final_shift_rows.gml,automated_osu035,latest,shift_rows
automated_osu035_ecg_latest_final_point_add.gml,automated_osu035,latest,point_add
automated_osu035_fixed_point_arithmetic_parameterized_latest_final_qadd.gml,automated_osu035,latest,qadd
automated_osu035_verilog_fixed_point_math_library_latest_final_qmult.gml,automated_osu035,latest,qmult
automated_osu035_cookbook_final_gf_mult_by_.gml,automated_osu035,cookbook,gf_mult_by_
automated_osu035_cookbook_final_fec_rot_4.gml,automated_osu035,cookbook,fec_rot_4
automated_osu035_iwls_final_s820_.gml,automated_osu035,iwls,s820_
automated_osu035_8bit_vedic_multiplier_latest_final_vedic4x4.gml,automated_osu035,latest,vedic4x4
automated_osu035_iwls_final_pci_target_unit.gml,automated_osu035,iwls,pci_target_unit
automated_osu035_rs_encoder_decoder_latest_final_GF8Mult187.gml,automated_osu035,latest,GF8Mult187
automated_osu035_rs_encoder_decoder_latest_final_GF8Mult193.gml,automated_osu035,latest,GF8Mult193
automated_osu035_edge_latest_final_id_ex_pipereg.gml,automated_osu035,latest,id_ex_pipereg
automated_osu035_AES-T1000_final_one_round.gml,automated_osu035,AES-T1000,one_round
automated_osu035_edge_latest_final_shifter_decoder.gml,automated_osu035,latest,shifter_decoder
automated_osu035_jt51_latest_final_jt51_sum_op.gml,automated_osu035,latest,jt51_sum_op
automated_osu035_iscas_final_s1196.gml,automated_osu035,iscas,s1196
automated_osu035_AES-T200_final_S.gml,automated_osu035,AES-T200,S
automated_osu035_rs_encoder_decoder_latest_final_GF8Mult144.gml,automated_osu035,latest,GF8Mult144
automated_osu035_rs_5_3_gf256_latest_final_MULT_BY_ALPHA51.gml,automated_osu035,latest,MULT_BY_ALPHA51
automated_osu035_RSA-Verilog-master_final_shift_add_mult4.gml,automated_osu035,RSA-Verilog-master,shift_add_mult4
automated_osu035_8051_latest_final_oc8051_int.gml,automated_osu035,latest,oc8051_int
automated_osu035_rs_encoder_decoder_latest_final_GF8Mult150.gml,automated_osu035,latest,GF8Mult150
automated_osu035_reed_solomon_decoder_latest_final_Omega_Phy.gml,automated_osu035,latest,Omega_Phy
automated_osu035_cmac-master_final_cmac_padding.gml,automated_osu035,cmac-master,cmac_padding
automated_osu035_rs_encoder_decoder_latest_final_GF8Mult178.gml,automated_osu035,latest,GF8Mult178
automated_osu035_8bit_vedic_multiplier_latest_final_vedic2x2.gml,automated_osu035,latest,vedic2x2
automated_osu035_8051_latest_final_oc8051_b_register.gml,automated_osu035,latest,oc8051_b_register
automated_osu035_mips_16_latest_final_mips_16_core_top.gml,automated_osu035,latest,mips_16_core_top
automated_osu035_rs_encoder_decoder_latest_final_GF8Mult2.gml,automated_osu035,latest,GF8Mult2
automated_osu035_minsoc_latest_final_adbg_or1k_modul.gml,automated_osu035,latest,adbg_or1k_modul
automated_osu035_cookbook_final_gf_mult_by_c8.gml,automated_osu035,cookbook,gf_mult_by_c8
automated_osu035_iwls_final_pci_io_mux_ad_en_crit.gml,automated_osu035,iwls,pci_io_mux_ad_en_crit
automated_osu035_uart-master_final_uart_cor.gml,automated_osu035,uart-master,uart_cor
automated_osu035_cookbook_final_gf_mult_by_63.gml,automated_osu035,cookbook,gf_mult_by_63
automated_osu035_m32632_latest_final_REGISTER.gml,automated_osu035,latest,REGISTER
automated_osu035_cookbook_final_gf_mult_by_77.gml,automated_osu035,cookbook,gf_mult_by_77
automated_osu035_cookbook_final_gf_mult_by_af.gml,automated_osu035,cookbook,gf_mult_by_af
automated_osu035_mriscvcore_final_XNOR2_X1.gml,automated_osu035,mriscvcore,XNOR2_X1
automated_osu035_fpu_latest_final_pre_norm_fmul.gml,automated_osu035,latest,pre_norm_fmul
automated_osu035_cookbook_final_gf_mult_by_7a.gml,automated_osu035,cookbook,gf_mult_by_7a
automated_osu035_cookbook_final_iter_addsu.gml,automated_osu035,cookbook,iter_addsu
automated_osu035_cookbook_final_gf_mult_by_a0.gml,automated_osu035,cookbook,gf_mult_by_a0
automated_osu035_xgate_latest_final_xgate_id_reg.gml,automated_osu035,latest,xgate_id_reg
automated_osu035_iwls_final_post_norm.gml,automated_osu035,iwls,post_norm
automated_osu035_rs_encoder_decoder_latest_final_GF8Mult33.gml,automated_osu035,latest,GF8Mult33
automated_osu035_Lightweight-Threshold-Implementations-master_final_round.gml,automated_osu035,Lightweight-Threshold-Implementations-master,round
automated_osu035_rs_encoder_decoder_latest_final_GF8Mult27.gml,automated_osu035,latest,GF8Mult27
automated_osu035_RSA-CRYPTOSYSTEM-using-verilog-master_final_inverter.gml,automated_osu035,RSA-CRYPTOSYSTEM-using-verilog-master,inverter
automated_osu035_aes-128_pipelined_encryption_latest_final_ShiftRows.gml,automated_osu035,latest,ShiftRows
automated_osu035_a-z80_latest_final_address_mux.gml,automated_osu035,latest,address_mux
automated_osu035_ft816float_latest_final_fpSqrt.gml,automated_osu035,latest,fpSqrt
automated_osu035_cookbook_final_gf_mult_by_88.gml,automated_osu035,cookbook,gf_mult_by_88
automated_osu035_aes_core_latest_final_aes_sbox.gml,automated_osu035,latest,aes_sbox
automated_osu035_cookbook_final_gf_mult_by_89.gml,automated_osu035,cookbook,gf_mult_by_89
automated_osu035_aes_highthroughput_lowarea_latest_final_word_mix_columns.gml,automated_osu035,latest,word_mix_columns
automated_osu035_8051_latest_final_oc8051_ram.gml,automated_osu035,latest,oc8051_ram
automated_osu035_rs_encoder_decoder_latest_final_GF8Mult26.gml,automated_osu035,latest,GF8Mult26
automated_osu035_minsoc_latest_final_or1200_if.gml,automated_osu035,latest,or1200_if
automated_osu035_iwls_final_ad_clock_ckt.gml,automated_osu035,iwls,ad_clock_ckt
automated_osu035_rs_encoder_decoder_latest_final_GF8Mult32.gml,automated_osu035,latest,GF8Mult32
automated_osu035_iwls_final_pci_async_reset_flop.gml,automated_osu035,iwls,pci_async_reset_flop
automated_osu035_tiny_aes_latest_final_one_round.gml,automated_osu035,latest,one_round
automated_osu035_iwls_final_vga_fifo_d.gml,automated_osu035,iwls,vga_fifo_d
automated_osu035_cookbook_final_gf_mult_by_a1.gml,automated_osu035,cookbook,gf_mult_by_a1
automated_osu035_crcahb_latest_final_bit_reversal.gml,automated_osu035,latest,bit_reversal
automated_osu035_iwls_final_vga_colpro.gml,automated_osu035,iwls,vga_colpro
automated_osu035_cookbook_final_gf_mult.gml,automated_osu035,cookbook,gf_mult
automated_osu035_cookbook_final_gf_mult_by_6d.gml,automated_osu035,cookbook,gf_mult_by_6d
automated_osu035_iwls_final_ejtag_edge2puls.gml,automated_osu035,iwls,ejtag_edge2puls
automated_osu035_iwls_final_wb_conmax_msel.gml,automated_osu035,iwls,wb_conmax_msel
automated_osu035_cookbook_final_gf_mult_by_76.gml,automated_osu035,cookbook,gf_mult_by_76
automated_osu035_openmsp430_latest_final_bit_revers.gml,automated_osu035,latest,bit_revers
automated_osu035_cookbook_final_gf_mult_by_c9.gml,automated_osu035,cookbook,gf_mult_by_c9
automated_osu035_pairing_latest_final_f3m_add.gml,automated_osu035,latest,f3m_add
automated_osu035_cookbook_final_gf_mult_by_62.gml,automated_osu035,cookbook,gf_mult_by_62
automated_osu035_minsoc_latest_final_or1200_spram_512x20.gml,automated_osu035,latest,or1200_spram_512x20
automated_osu035_rs_encoder_decoder_latest_final_GF8Mult3.gml,automated_osu035,latest,GF8Mult3
automated_osu035_rs_encoder_decoder_latest_final_GF8Mult179.gml,automated_osu035,latest,GF8Mult179
automated_osu035_gcm-aes_latest_final_aes_cipher_top.gml,automated_osu035,latest,aes_cipher_top
automated_osu035_rs_encoder_decoder_latest_final_GF8Mult151.gml,automated_osu035,latest,GF8Mult151
automated_osu035_ecg_latest_final_f3m_add4.gml,automated_osu035,latest,f3m_add4
automated_osu035_rs_encoder_decoder_latest_final_GF8Mult145.gml,automated_osu035,latest,GF8Mult145
automated_osu035_m32632_latest_final_RD_ALIGNER.gml,automated_osu035,latest,RD_ALIGNER
automated_osu035_Lightweight-Threshold-Implementations-master_final_key_schedule_modified1_simon_parallel.gml,automated_osu035,Lightweight-Threshold-Implementations-master,key_schedule_modified1_simon_parallel
automated_osu035_iscas_final_EO.gml,automated_osu035,iscas,EO
automated_osu035_openmsp430_latest_final_omsp_alu.gml,automated_osu035,latest,omsp_alu
automated_osu035_cookbook_final_descrambler.gml,automated_osu035,cookbook,descrambler
automated_osu035_iwls_final_eth_clockg.gml,automated_osu035,iwls,eth_clockg
automated_osu035_cookbook_final_remove_parity.gml,automated_osu035,cookbook,remove_parity
automated_osu035_rs_encoder_decoder_latest_final_GF8Mult192.gml,automated_osu035,latest,GF8Mult192
automated_osu035_rs_encoder_decoder_latest_final_GF8Mult186.gml,automated_osu035,latest,GF8Mult186
automated_osu035_8051_latest_final_oc8051_alu_src_sel.gml,automated_osu035,latest,oc8051_alu_src_sel
automated_osu035_iwls_final_pre_norm.gml,automated_osu035,iwls,pre_norm
automated_osu035_cookbook_final_fec_rot_5.gml,automated_osu035,cookbook,fec_rot_5
automated_osu035_orsoc_graphics_accelerator_latest_final_gfx_clip.gml,automated_osu035,latest,gfx_clip
automated_osu035_rs_encoder_decoder_latest_final_RS8Encoder8t.gml,automated_osu035,latest,RS8Encoder8t
automated_osu035_ft816float_latest_final_fpDecomp.gml,automated_osu035,latest,fpDecomp
automated_osu035_mriscvcore_final_REG_FILE.gml,automated_osu035,mriscvcore,REG_FILE
automated_osu035_viterb_encoder_and_decoder_final_mem.gml,automated_osu035,decoder,mem
automated_osu035_minsoc_latest_final_eth_random.gml,automated_osu035,latest,eth_random
automated_osu035_mriscvcore_final_BUF_X4.gml,automated_osu035,mriscvcore,BUF_X4
automated_osu035_mriscvcore_final_XOR2_X2.gml,automated_osu035,mriscvcore,XOR2_X2
automated_osu035_cookbook_final_reed_sol_tx.gml,automated_osu035,cookbook,reed_sol_tx
automated_osu035_rtf8088_latest_final_rtf8088.gml,automated_osu035,latest,rtf8088
automated_osu035_iwls_final_pci_in_reg.gml,automated_osu035,iwls,pci_in_reg
automated_osu035_iwls_final_can_bsp.gml,automated_osu035,iwls,can_bsp
automated_osu035_Aquarius_latest_final_clk_gat.gml,automated_osu035,latest,clk_gat
automated_osu035_iwls_final_usbf_crc16.gml,automated_osu035,iwls,usbf_crc16
automated_osu035_rs_encoder_decoder_latest_final_GF8Mult227.gml,automated_osu035,latest,GF8Mult227
automated_osu035_mriscvcore_final_OR3_X1.gml,automated_osu035,mriscvcore,OR3_X1
automated_osu035_cookbook_final_bin_to_gray.gml,automated_osu035,cookbook,bin_to_gray
automated_osu035_rs_encoder_decoder_latest_final_GF8Mult233.gml,automated_osu035,latest,GF8Mult233
automated_osu035_mriscvcore_final_AOI21_X1.gml,automated_osu035,mriscvcore,AOI21_X1
automated_osu035_md5_core-master_final_ilut.gml,automated_osu035,core-master,ilut
automated_osu035_iwls_final_s420_1_.gml,automated_osu035,iwls,s420_1_
automated_osu035_8bit_vedic_multiplier_latest_final_vedic8x8.gml,automated_osu035,latest,vedic8x8
automated_osu035_cookbook_final_gf_mult_by_4.gml,automated_osu035,cookbook,gf_mult_by_4
automated_osu035_iwls_final_ac97_so.gml,automated_osu035,iwls,ac97_so
automated_osu035_m32632_latest_final_SIGNMUL.gml,automated_osu035,latest,SIGNMUL
automated_osu035_mriscvcore_final_CLKBUF_X3.gml,automated_osu035,mriscvcore,CLKBUF_X3
automated_osu035_suslik_latest_final_instr_sel.gml,automated_osu035,latest,instr_sel
automated_osu035_iwls_final_ES_EXP.gml,automated_osu035,iwls,ES_EXP
automated_osu035_amber_latest_final_boot_mem128.gml,automated_osu035,latest,boot_mem128
automated_osu035_csa_latest_final_ledseg_cnt.gml,automated_osu035,latest,ledseg_cnt
automated_osu035_cookbook_final_fec_rot_21.gml,automated_osu035,cookbook,fec_rot_21
automated_osu035_jt51_latest_final_jt51_mmr.gml,automated_osu035,latest,jt51_mmr
automated_osu035_tiny_aes_latest_final_expand_key_128.gml,automated_osu035,latest,expand_key_128
automated_osu035_m32632_latest_final_DCA_CONTROL.gml,automated_osu035,latest,DCA_CONTROL
automated_osu035_gost28147-89_latest_final_gost89_ecb_encrypt.gml,automated_osu035,latest,gost89_ecb_encrypt
automated_osu035_minsoc_latest_final_eth_fifo.gml,automated_osu035,latest,eth_fifo
automated_osu035_aes-master_final_aes_decipher_block.gml,automated_osu035,aes-master,aes_decipher_block
automated_osu035_minsoc_latest_final_eth_receivecontrol.gml,automated_osu035,latest,eth_receivecontrol
automated_osu035_edge_latest_final_shift_unit.gml,automated_osu035,latest,shift_unit
automated_osu035_altor32_latest_final_cpu.gml,automated_osu035,latest,cpu
automated_osu035_rs_encoder_decoder_latest_final_GF8Mult254.gml,automated_osu035,latest,GF8Mult254
automated_osu035_turbo8051_latest_final_oc8051_sp.gml,automated_osu035,latest,oc8051_sp
automated_osu035_rs_encoder_decoder_latest_final_GF8Mult240.gml,automated_osu035,latest,GF8Mult240
automated_osu035_8bit_vedic_multiplier_latest_final_ripple_adder_4bit.gml,automated_osu035,latest,ripple_adder_4bit
automated_osu035_mriscvcore_final_NOR3_X4.gml,automated_osu035,mriscvcore,NOR3_X4
automated_osu035_iscas_final_TopLevel74283.gml,automated_osu035,iscas,TopLevel74283
automated_osu035_cpu8080_latest_final_cpu8080.gml,automated_osu035,latest,cpu8080
automated_osu035_orsoc_graphics_accelerator_final_gfx_renderer.gml,automated_osu035,accelerator,gfx_renderer
automated_osu035_edge_latest_final_shifter_right_logical.gml,automated_osu035,latest,shifter_right_logical
automated_osu035_suslik_latest_final_datacache_write_shift.gml,automated_osu035,latest,datacache_write_shift
automated_osu035_aes-128_pipelined_encryption_latest_final_Top_PipelinedCipher.gml,automated_osu035,latest,Top_PipelinedCipher
automated_osu035_amber_latest_final_a23_multiply.gml,automated_osu035,latest,a23_multiply
automated_osu035_dvb_s2_ldpc_decoder_latest_final_ldpc_iocontrol.gml,automated_osu035,latest,ldpc_iocontrol
automated_osu035_AES-T1000_final_lfsr_counter.gml,automated_osu035,AES-T1000,lfsr_counter
automated_osu035_cookbook_final_tx_4channel_arbiter.gml,automated_osu035,cookbook,tx_4channel_arbiter
automated_osu035_mriscvcore_final_ALU_or.gml,automated_osu035,mriscvcore,ALU_or
automated_osu035_turbo8051_latest_final_wb_rd_mem2mem.gml,automated_osu035,latest,wb_rd_mem2mem
automated_osu035_m1_core_latest_final_m1_alu.gml,automated_osu035,latest,m1_alu
automated_osu035_mriscvcore_final_ALU_beq.gml,automated_osu035,mriscvcore,ALU_beq
automated_osu035_orsoc_graphics_accelerator_latest_final_gfx_renderer.gml,automated_osu035,latest,gfx_renderer
automated_osu035_iwls_final_ad_filter.gml,automated_osu035,iwls,ad_filter
automated_osu035_cookbook_final_ecc_decode_2bit.gml,automated_osu035,cookbook,ecc_decode_2bit
automated_osu035_xge_mac_latest_final_tx_hold_fifo.gml,automated_osu035,latest,tx_hold_fifo
automated_osu035_simon_core_latest_final_top_modul.gml,automated_osu035,latest,top_modul
automated_osu035_aes_core_latest_final_aes_inv_sbox.gml,automated_osu035,latest,aes_inv_sbox
automated_osu035_ft816float_latest_final_redor64.gml,automated_osu035,latest,redor64
automated_osu035_mriscvcore_final_mriscvcore_synt.gml,automated_osu035,mriscvcore,mriscvcore_synt
automated_osu035_c6288-RN320_final_c6288.gml,automated_osu035,c6288-RN320,c6288
automated_osu035_8051_latest_final_oc8051_cy_select.gml,automated_osu035,latest,oc8051_cy_select
automated_osu035_mips_16_latest_final_hazard_detection_unit.gml,automated_osu035,latest,hazard_detection_unit
automated_osu035_sdr_ctrl_latest_final_sdrc_bank_ctl.gml,automated_osu035,latest,sdrc_bank_ctl
automated_osu035_viterb_encoder_and_decoder_final_bmc110.gml,automated_osu035,decoder,bmc110
automated_osu035_minsoc_latest_final_or1200_spram_1024x8.gml,automated_osu035,latest,or1200_spram_1024x8
automated_osu035_pairing_latest_final_f36m_cubi.gml,automated_osu035,latest,f36m_cubi
automated_osu035_crcahb_latest_final_crc_com.gml,automated_osu035,latest,crc_com
automated_osu035_csa_latest_final_led_cnt.gml,automated_osu035,latest,led_cnt
automated_osu035_mriscvcore_final_CLKGATE_X4.gml,automated_osu035,mriscvcore,CLKGATE_X4
automated_osu035_iwls_final_s2.gml,automated_osu035,iwls,s2
automated_osu035_turbo8051_latest_final_oc8051_b_register.gml,automated_osu035,latest,oc8051_b_register
automated_osu035_16x2_lcd_display_driver_latest_final_lcd_16x2_8bit.gml,automated_osu035,latest,lcd_16x2_8bit
automated_osu035_verilog_fixed_point_math_library_latest_final_qdi.gml,automated_osu035,latest,qdi
automated_osu035_jt51_latest_final_ramp_a_to.gml,automated_osu035,latest,ramp_a_to
automated_osu035_iwls_final_wb_conmax_master_if.gml,automated_osu035,iwls,wb_conmax_master_if
automated_osu035_m1_core_latest_final_fontmap_rom.gml,automated_osu035,latest,fontmap_rom
automated_osu035_cookbook_final_asc_to_7seg.gml,automated_osu035,cookbook,asc_to_7seg
automated_osu035_rs_encoder_decoder_latest_final_GF8Mult122.gml,automated_osu035,latest,GF8Mult122
automated_osu035_turbo8051_latest_final_g_rx_crc32.gml,automated_osu035,latest,g_rx_crc32
automated_osu035_minsoc_latest_final_or1200_fpu_fcmp.gml,automated_osu035,latest,or1200_fpu_fcmp
automated_osu035_a-z80_latest_final_alu_cor.gml,automated_osu035,latest,alu_cor
automated_osu035_apbtoaes128_latest_final_mix_columns.gml,automated_osu035,latest,mix_columns
automated_osu035_rs_encoder_decoder_latest_final_GF8Mult136.gml,automated_osu035,latest,GF8Mult136
automated_osu035_iscas_final_s820.gml,automated_osu035,iscas,s820
automated_osu035_altor32_latest_final_soc_pif8.gml,automated_osu035,latest,soc_pif8
automated_osu035_cookbook_final_gf_mult_by_f2.gml,automated_osu035,cookbook,gf_mult_by_f2
automated_osu035_cookbook_final_gf_mult_by_39.gml,automated_osu035,cookbook,gf_mult_by_39
automated_osu035_mriscvcore_final_AOI222_X4.gml,automated_osu035,mriscvcore,AOI222_X4
automated_osu035_iscas_final_s1494.gml,automated_osu035,iscas,s1494
automated_osu035_ft816float_latest_final_fp_decomp.gml,automated_osu035,latest,fp_decomp
automated_osu035_xgate_latest_final_xgate_wbm_bus.gml,automated_osu035,latest,xgate_wbm_bus
automated_osu035_cookbook_final_gf_mult_by_fd.gml,automated_osu035,cookbook,gf_mult_by_fd
automated_osu035_rs_encoder_decoder_latest_final_GF8Mult96.gml,automated_osu035,latest,GF8Mult96
automated_osu035_cookbook_final_gf_mult_by_05.gml,automated_osu035,cookbook,gf_mult_by_05
automated_osu035_aes_highthroughput_lowarea_latest_final_shift_rows.gml,automated_osu035,latest,shift_rows
automated_osu035_cookbook_final_gf_mult_by_11.gml,automated_osu035,cookbook,gf_mult_by_11
automated_osu035_rs_encoder_decoder_latest_final_GF8Mult82.gml,automated_osu035,latest,GF8Mult82
automated_osu035_iwls_final_ADDA162H90A_atop.gml,automated_osu035,iwls,ADDA162H90A_atop
automated_osu035_minsoc_latest_final_uart_w.gml,automated_osu035,latest,uart_w
automated_osu035_m1_core_latest_final_wb_text_vga.gml,automated_osu035,latest,wb_text_vga
automated_osu035_mriscv_final_latchW_ap.gml,automated_osu035,mriscv,latchW_ap
automated_osu035_cookbook_final_ycbcr_to_rg.gml,automated_osu035,cookbook,ycbcr_to_rg
automated_osu035_edge_latest_final_hazard_unit.gml,automated_osu035,latest,hazard_unit
automated_osu035_8bit_vedic_multiplier_latest_final_ripple_adder_8bit.gml,automated_osu035,latest,ripple_adder_8bit
automated_osu035_rs_encoder_decoder_latest_final_GF8Mult69.gml,automated_osu035,latest,GF8Mult69
automated_osu035_Lightweight-Threshold-Implementations-master_final_datapath_simon2shar.gml,automated_osu035,Lightweight-Threshold-Implementations-master,datapath_simon2shar
automated_osu035_ecg_latest_final_f3m_mux6.gml,automated_osu035,latest,f3m_mux6
automated_osu035_minirisc_latest_final_cmp8_eq.gml,automated_osu035,latest,cmp8_eq
automated_osu035_iscas_final_FD1S2.gml,automated_osu035,iscas,FD1S2
automated_osu035_mriscvcore_final_ALU_xor.gml,automated_osu035,mriscvcore,ALU_xor
automated_osu035_rs_encoder_decoder_latest_final_GF8Mult55.gml,automated_osu035,latest,GF8Mult55
automated_osu035_rs_encoder_decoder_latest_final_GF8Mult41.gml,automated_osu035,latest,GF8Mult41
automated_osu035_mriscv_final_flipflopRS.gml,automated_osu035,mriscv,flipflopRS
automated_osu035_minsoc_latest_final_uart_receiver.gml,automated_osu035,latest,uart_receiver
automated_osu035_rs_encoder_decoder_latest_final_GF8Mult40.gml,automated_osu035,latest,GF8Mult40
automated_osu035_mriscvcore_final_NAND3_X1.gml,automated_osu035,mriscvcore,NAND3_X1
automated_osu035_rs_encoder_decoder_latest_final_GF8Mult54.gml,automated_osu035,latest,GF8Mult54
automated_osu035_mriscv_final_AXI_SP32B1024.gml,automated_osu035,mriscv,AXI_SP32B1024
automated_osu035_m32632_latest_final_ADDR_UNIT.gml,automated_osu035,latest,ADDR_UNIT
automated_osu035_rs_encoder_decoder_latest_final_GF8Mult68.gml,automated_osu035,latest,GF8Mult68
automated_osu035_rs_encoder_decoder_latest_final_GF8Mult83.gml,automated_osu035,latest,GF8Mult83
automated_osu035_cookbook_final_gf_mult_by_10.gml,automated_osu035,cookbook,gf_mult_by_10
automated_osu035_rtf8088_latest_final_divr2.gml,automated_osu035,latest,divr2
automated_osu035_cookbook_final_gf_mult_by_04.gml,automated_osu035,cookbook,gf_mult_by_04
automated_osu035_rs_encoder_decoder_latest_final_GF8Mult97.gml,automated_osu035,latest,GF8Mult97
automated_osu035_cookbook_final_gf_mult_by_1f.gml,automated_osu035,cookbook,gf_mult_by_1f
automated_osu035_sdr_ctrl_latest_final_sdrc_bank_fsm.gml,automated_osu035,latest,sdrc_bank_fsm
automated_osu035_tiny_tate_bilinear_pairing_latest_final_PE.gml,automated_osu035,latest,PE
automated_osu035_amber_latest_final_eth_rxaddrcheck.gml,automated_osu035,latest,eth_rxaddrcheck
automated_osu035_cookbook_final_gf_mult_by_f3.gml,automated_osu035,cookbook,gf_mult_by_f3
automated_osu035_cookbook_final_gf_mult_by_38.gml,automated_osu035,cookbook,gf_mult_by_38
automated_osu035_iscas_final_s9234.gml,automated_osu035,iscas,s9234
automated_osu035_rs_encoder_decoder_latest_final_GF8Mult137.gml,automated_osu035,latest,GF8Mult137
automated_osu035_rs_encoder_decoder_latest_final_GF8Mult123.gml,automated_osu035,latest,GF8Mult123
automated_osu035_iwls_final_ac97_sout.gml,automated_osu035,iwls,ac97_sout
automated_osu035_iwls_final_mcst50.gml,automated_osu035,iwls,mcst50
automated_osu035_iwls_final_pci_target32_devs_crit.gml,automated_osu035,iwls,pci_target32_devs_crit
automated_osu035_aes_decrypt_fpga_latest_final_MUXF8.gml,automated_osu035,latest,MUXF8
automated_osu035_iwls_final_pre_norm_fmul.gml,automated_osu035,iwls,pre_norm_fmul
automated_osu035_openmsp430_latest_final_rom_8x2k_hi.gml,automated_osu035,latest,rom_8x2k_hi
automated_osu035_iwls_final_vga_tg.gml,automated_osu035,iwls,vga_tg
automated_osu035_jt51_latest_final_jt51_noise_lfsr.gml,automated_osu035,latest,jt51_noise_lfsr
automated_osu035_mriscvcore_final_AND4_X4.gml,automated_osu035,mriscvcore,AND4_X4
automated_osu035_iwls_final_s3.gml,automated_osu035,iwls,s3
automated_osu035_iwls_final_can_register_sy.gml,automated_osu035,iwls,can_register_sy
automated_osu035_ft816float_latest_final_cntlz64Reg.gml,automated_osu035,latest,cntlz64Reg
automated_osu035_viterb_encoder_and_decoder_final_bmc111.gml,automated_osu035,decoder,bmc111
automated_osu035_Lightweight-Threshold-Implementations-master_final_datapath_shar.gml,automated_osu035,Lightweight-Threshold-Implementations-master,datapath_shar
automated_osu035_ft816float_latest_final_fpDecompReg.gml,automated_osu035,latest,fpDecompReg
automated_osu035_m32632_latest_final_DIVI_PREP.gml,automated_osu035,latest,DIVI_PREP
automated_osu035_tiny_tate_bilinear_pairing_latest_final_f3_su.gml,automated_osu035,latest,f3_su
automated_osu035_iwls_final_DSP_CORE_vsia_tst_capture_cell.gml,automated_osu035,iwls,DSP_CORE_vsia_tst_capture_cell
automated_osu035_m32632_latest_final_PREPDATA.gml,automated_osu035,latest,PREPDATA
automated_osu035_m1_core_latest_final_m1_mul.gml,automated_osu035,latest,m1_mul
automated_osu035_iwls_final_s344_.gml,automated_osu035,iwls,s344_
automated_osu035_sdr_ctrl_latest_final_sync_fifo.gml,automated_osu035,latest,sync_fifo
automated_osu035_cookbook_final_initial_permut.gml,automated_osu035,cookbook,initial_permut
automated_osu035_chacha-master_final_chacha_qr.gml,automated_osu035,chacha-master,chacha_qr
automated_osu035_iwls_final_pci_wb_tpram.gml,automated_osu035,iwls,pci_wb_tpram
automated_osu035_cookbook_final_arbiter.gml,automated_osu035,cookbook,arbiter
automated_osu035_cookbook_final_eight_to_o.gml,automated_osu035,cookbook,eight_to_o
automated_osu035_xgate_latest_final_xgate_instr_decod.gml,automated_osu035,latest,xgate_instr_decod
automated_osu035_rs_encoder_decoder_latest_final_GF8Mult241.gml,automated_osu035,latest,GF8Mult241
automated_osu035_dpll-isdn_latest_final_randomwalkfilter.gml,automated_osu035,latest,randomwalkfilter
automated_osu035_turbo8051_latest_final_double_sync_low.gml,automated_osu035,latest,double_sync_low
automated_osu035_openmsp430_latest_final_DE0_NANO_SOC_QSYS_jtag_uart_scfifo_w.gml,automated_osu035,latest,DE0_NANO_SOC_QSYS_jtag_uart_scfifo_w
automated_osu035_cookbook_final_inv_mix_one_colum.gml,automated_osu035,cookbook,inv_mix_one_colum
automated_osu035_rsencoder_latest_final_rs_encod.gml,automated_osu035,latest,rs_encod
automated_osu035_iscas_final_ND4.gml,automated_osu035,iscas,ND4
automated_osu035_cookbook_final_crc32c_zer64_flat.gml,automated_osu035,cookbook,crc32c_zer64_flat
automated_osu035_openmsp430_latest_final_omsp_gpio.gml,automated_osu035,latest,omsp_gpio
automated_osu035_cookbook_final_fec_rot_20.gml,automated_osu035,cookbook,fec_rot_20
automated_osu035_ca_prng_latest_final_ca_prng.gml,automated_osu035,latest,ca_prng
automated_osu035_cookbook_final_fec_rot_22.gml,automated_osu035,cookbook,fec_rot_22
automated_osu035_iwls_final_SW10200C.gml,automated_osu035,iwls,SW10200C
automated_osu035_viterb_encoder_and_decoder_final_ACS.gml,automated_osu035,decoder,ACS
automated_osu035_iwls_final_pci_delayed_sy.gml,automated_osu035,iwls,pci_delayed_sy
automated_osu035_AES-T200_final_table_lookup.gml,automated_osu035,AES-T200,table_lookup
automated_osu035_iwls_final_usbf_idma.gml,automated_osu035,iwls,usbf_idma
automated_osu035_csa_latest_final_stream_byt.gml,automated_osu035,latest,stream_byt
automated_osu035_openmsp430_latest_final_spartan3_pmem.gml,automated_osu035,latest,spartan3_pmem
automated_osu035_dvb_s2_ldpc_decoder_latest_final_ldpc_edgetabl.gml,automated_osu035,latest,ldpc_edgetabl
automated_osu035_aes_highthroughput_lowarea_latest_final_inv_shift_rows.gml,automated_osu035,latest,inv_shift_rows
automated_osu035_rs_encoder_decoder_latest_final_GF8Mult243.gml,automated_osu035,latest,GF8Mult243
automated_osu035_iscas_final_c1908.gml,automated_osu035,iscas,c1908
automated_osu035_amber_latest_final_a23_decod.gml,automated_osu035,latest,a23_decod
automated_osu035_amber_latest_final_eth_maccontrol.gml,automated_osu035,latest,eth_maccontrol
automated_osu035_minsoc_latest_final_or1200_spram_2048x8.gml,automated_osu035,latest,or1200_spram_2048x8
automated_osu035_aes_core_latest_final_aes_key_expand_128.gml,automated_osu035,latest,aes_key_expand_128
automated_osu035_altor32_latest_final_so.gml,automated_osu035,latest,so
automated_osu035_minsoc_latest_final_or1200_ic_fsm.gml,automated_osu035,latest,or1200_ic_fsm
automated_osu035_m32632_latest_final_SP_FPU.gml,automated_osu035,latest,SP_FPU
automated_osu035_orsoc_graphics_accelerator_latest_final_gfx_fragment_processor.gml,automated_osu035,latest,gfx_fragment_processor
automated_osu035_iwls_final_pci_pci_decoder.gml,automated_osu035,iwls,pci_pci_decoder
automated_osu035_m32632_latest_final_DFPU_MUL.gml,automated_osu035,latest,DFPU_MUL
automated_osu035_iwls_final_s208_1_.gml,automated_osu035,iwls,s208_1_
automated_osu035_pairing_latest_final_f3m_su.gml,automated_osu035,latest,f3m_su
automated_osu035_8051_latest_final_oc8051_ports.gml,automated_osu035,latest,oc8051_ports
automated_osu035_minsoc_latest_final_raminfr.gml,automated_osu035,latest,raminfr
automated_osu035_cookbook_final_key_init_perm.gml,automated_osu035,cookbook,key_init_perm
automated_osu035_cookbook_final_ecc_correction_64bit.gml,automated_osu035,cookbook,ecc_correction_64bit
automated_osu035_openmsp430_latest_final_ogfx_reg_vram_addr.gml,automated_osu035,latest,ogfx_reg_vram_addr
automated_osu035_reed_solomon_decoder_latest_final_BM_lamda.gml,automated_osu035,latest,BM_lamda
automated_osu035_minirisc_latest_final_mux2_11.gml,automated_osu035,latest,mux2_11
automated_osu035_iwls_final_pci_mas_ad_en_crit.gml,automated_osu035,iwls,pci_mas_ad_en_crit
automated_osu035_iwls_final_pci_io_mux.gml,automated_osu035,iwls,pci_io_mux
automated_osu035_openmsp430_latest_final_omsp_sync_reset.gml,automated_osu035,latest,omsp_sync_reset
automated_osu035_aes-128_pipelined_encryption_latest_final_SBox.gml,automated_osu035,latest,SBox
automated_osu035_iscas_final_FDMASK.gml,automated_osu035,iscas,FDMASK
automated_osu035_gost28147-89_latest_final_gost89_.gml,automated_osu035,latest,gost89_
automated_osu035_fixed_point_arithmetic_parameterized_latest_final_qdi.gml,automated_osu035,latest,qdi
automated_osu035_m32632_latest_final_BCDADDER.gml,automated_osu035,latest,BCDADDER
automated_osu035_iwls_final_rounding.gml,automated_osu035,iwls,rounding
automated_osu035_ft816float_latest_final_cntlz48.gml,automated_osu035,latest,cntlz48
automated_osu035_turbo8051_latest_final_uart_cor.gml,automated_osu035,latest,uart_cor
automated_osu035_minsoc_latest_final_uart_rfifo.gml,automated_osu035,latest,uart_rfifo
automated_osu035_openmsp430_latest_final_ogfx_reg_fifo.gml,automated_osu035,latest,ogfx_reg_fifo
automated_osu035_iwls_final_s1.gml,automated_osu035,iwls,s1
automated_osu035_openmsp430_latest_final_ram.gml,automated_osu035,latest,ram
automated_osu035_md5_core-master_final_fifo.gml,automated_osu035,core-master,fifo
automated_osu035_rs_encoder_decoder_latest_final_GF8Mult109.gml,automated_osu035,latest,GF8Mult109
automated_osu035_cookbook_final_frequency_monitor.gml,automated_osu035,cookbook,frequency_monitor
automated_osu035_aes_core_latest_final_aes_rco.gml,automated_osu035,latest,aes_rco
automated_osu035_cookbook_final_cntr.gml,automated_osu035,cookbook,cntr
automated_osu035_xge_mac_latest_final_tx_data_fifo.gml,automated_osu035,latest,tx_data_fifo
automated_osu035_rs_encoder_decoder_latest_final_GF8Mult135.gml,automated_osu035,latest,GF8Mult135
automated_osu035_minsoc_latest_final_or1200_genp.gml,automated_osu035,latest,or1200_genp
automated_osu035_edge_latest_final_mux2.gml,automated_osu035,latest,mux2
automated_osu035_m32632_latest_final_CONFIG_REGS.gml,automated_osu035,latest,CONFIG_REGS
automated_osu035_rs_encoder_decoder_latest_final_GF8Mult121.gml,automated_osu035,latest,GF8Mult121
automated_osu035_ecg_latest_final_f3m_neg.gml,automated_osu035,latest,f3m_neg
automated_osu035_cookbook_final_gf_mult_by_1d.gml,automated_osu035,cookbook,gf_mult_by_1d
automated_osu035_rs_decoder_31_19_6_latest_final_inverscom.gml,automated_osu035,latest,inverscom
automated_osu035_mriscv_final_latchW_axi.gml,automated_osu035,mriscv,latchW_axi
automated_osu035_cookbook_final_gf_mult_by_f1.gml,automated_osu035,cookbook,gf_mult_by_f1
automated_osu035_amber_latest_final_eth_receivecontrol.gml,automated_osu035,latest,eth_receivecontrol
automated_osu035_cookbook_final_gf_mult_by_d9.gml,automated_osu035,cookbook,gf_mult_by_d9
automated_osu035_cookbook_final_gf_mult_by_12.gml,automated_osu035,cookbook,gf_mult_by_12
automated_osu035_rs_encoder_decoder_latest_final_GF8Mult81.gml,automated_osu035,latest,GF8Mult81
automated_osu035_openmsp430_latest_final_spartan3e_dmem.gml,automated_osu035,latest,spartan3e_dmem
automated_osu035_rs_encoder_decoder_latest_final_GF8Mult95.gml,automated_osu035,latest,GF8Mult95
automated_osu035_iwls_final_sasc_top.gml,automated_osu035,iwls,sasc_top
automated_osu035_cookbook_final_gf_mult_by_06.gml,automated_osu035,cookbook,gf_mult_by_06
automated_osu035_m32632_latest_final_IO_SWITCH.gml,automated_osu035,latest,IO_SWITCH
automated_osu035_ft816float_latest_final_isqrt_t.gml,automated_osu035,latest,isqrt_t
automated_osu035_cookbook_final_crc32_dat48_flat.gml,automated_osu035,cookbook,crc32_dat48_flat
automated_osu035_a-z80_latest_final_execut.gml,automated_osu035,latest,execut
automated_osu035_two_dimensional_fast_hartley_transform_latest_final_fht_bfly_noFF.gml,automated_osu035,latest,fht_bfly_noFF
automated_osu035_tiny_tate_bilinear_pairing_latest_final_const.gml,automated_osu035,latest,const
automated_osu035_rs_encoder_decoder_latest_final_GF8Mult42.gml,automated_osu035,latest,GF8Mult42
automated_osu035_rs_encoder_decoder_latest_final_GF8Mult56.gml,automated_osu035,latest,GF8Mult56
automated_osu035_iwls_final_pci_target32_stop_crit.gml,automated_osu035,iwls,pci_target32_stop_crit
automated_osu035_rs_encoder_decoder_latest_final_GF8Mult57.gml,automated_osu035,latest,GF8Mult57
automated_osu035_rs_encoder_decoder_latest_final_GF8SyndromBuffer.gml,automated_osu035,latest,GF8SyndromBuffer
automated_osu035_amber_latest_final_eth_random.gml,automated_osu035,latest,eth_random
automated_osu035_aes_highthroughput_lowarea_latest_final_MUL9.gml,automated_osu035,latest,MUL9
automated_osu035_edge_latest_final_alu.gml,automated_osu035,latest,alu
automated_osu035_iwls_final_ejtag_setclr.gml,automated_osu035,iwls,ejtag_setclr
automated_osu035_mriscvcore_final_NAND3_X2.gml,automated_osu035,mriscvcore,NAND3_X2
automated_osu035_Lightweight-Threshold-Implementations-master_final_key_share_roundTI.gml,automated_osu035,Lightweight-Threshold-Implementations-master,key_share_roundTI
automated_osu035_rs_encoder_decoder_latest_final_GF8Mult43.gml,automated_osu035,latest,GF8Mult43
automated_osu035_iwls_final_pci_wbs_wbb3_2_wbb2.gml,automated_osu035,iwls,pci_wbs_wbb3_2_wbb2
automated_osu035_i2c_latest_final_i2c_master_top.gml,automated_osu035,latest,i2c_master_top
automated_osu035_Aquarius_latest_final_mult.gml,automated_osu035,latest,mult
automated_osu035_cookbook_final_gf_mult_by_07.gml,automated_osu035,cookbook,gf_mult_by_07
automated_osu035_des-master_final_key_sel3.gml,automated_osu035,des-master,key_sel3
automated_osu035_rs_encoder_decoder_latest_final_GF8Mult94.gml,automated_osu035,latest,GF8Mult94
automated_osu035_iscas_final_s349.gml,automated_osu035,iscas,s349
automated_osu035_cookbook_final_gf_mult_by_ff.gml,automated_osu035,cookbook,gf_mult_by_ff
automated_osu035_cookbook_final_gf_mult_by_d8.gml,automated_osu035,cookbook,gf_mult_by_d8
automated_osu035_rs_encoder_decoder_latest_final_GF8Mult80.gml,automated_osu035,latest,GF8Mult80
automated_osu035_8051_latest_final_oc8051_uart.gml,automated_osu035,latest,oc8051_uart
automated_osu035_cookbook_final_gf_mult_by_13.gml,automated_osu035,cookbook,gf_mult_by_13
automated_osu035_cookbook_final_gf_mult_by_0a.gml,automated_osu035,cookbook,gf_mult_by_0a
automated_osu035_cookbook_final_gf_mult_by_f0.gml,automated_osu035,cookbook,gf_mult_by_f0
automated_osu035_rs_encoder_decoder_latest_final_GF8Mult120.gml,automated_osu035,latest,GF8Mult120
automated_osu035_minirisc_latest_final_inc11.gml,automated_osu035,latest,inc11
automated_osu035_ecg_latest_final_f3m_cubi.gml,automated_osu035,latest,f3m_cubi
automated_osu035_two_dimensional_fast_hartley_transform_latest_final_fht_bfly.gml,automated_osu035,latest,fht_bfly
automated_osu035_rs_encoder_decoder_latest_final_GF8Mult134.gml,automated_osu035,latest,GF8Mult134
automated_osu035_openmsp430_latest_final_spartan3_dmem.gml,automated_osu035,latest,spartan3_dmem
automated_osu035_iwls_final_usbf_ep_rf_dummy.gml,automated_osu035,iwls,usbf_ep_rf_dummy
automated_osu035_iwls_final_adc_rom.gml,automated_osu035,iwls,adc_rom
automated_osu035_m32632_latest_final_ex_copro.gml,automated_osu035,latest,ex_copro
automated_osu035_simon_core_latest_final_simon_key_expansion_shiftreg.gml,automated_osu035,latest,simon_key_expansion_shiftreg
automated_osu035_rs_encoder_decoder_latest_final_GF8Mult108.gml,automated_osu035,latest,GF8Mult108
automated_osu035_iwls_final_usbf_pa.gml,automated_osu035,iwls,usbf_pa
automated_osu035_iscas_final_Circuit74283.gml,automated_osu035,iscas,Circuit74283
automated_osu035_iwls_final_des3.gml,automated_osu035,iwls,des3
automated_osu035_mod_mult_exp_latest_final_blockMemory.gml,automated_osu035,latest,blockMemory
osu035_osu035_automated_osu035_amber_latest_final_a25_coprocessor.gml,osu035_osu035,latest,a25_coprocessor
automated_osu035_aes_highthroughput_lowarea_latest_final_inv_word_mix_columns.gml,automated_osu035,latest,inv_word_mix_columns
automated_osu035_cookbook_final_enc_64_67.gml,automated_osu035,cookbook,enc_64_67
automated_osu035_iwls_final_DSP_CORE_t.gml,automated_osu035,iwls,DSP_CORE_t
automated_osu035_m1_core_latest_final_BUFG.gml,automated_osu035,latest,BUFG
automated_osu035_iwls_final_DSP_CORE_vsia_tst_hold_cell.gml,automated_osu035,iwls,DSP_CORE_vsia_tst_hold_cell
automated_osu035_edge_latest_final_Coprocessor0.gml,automated_osu035,latest,Coprocessor0
automated_osu035_RSA-Verilog-master_final_and_add.gml,automated_osu035,RSA-Verilog-master,and_add
automated_osu035_iwls_final_DSP_CORE_vsia_tst_tcb_cell.gml,automated_osu035,iwls,DSP_CORE_vsia_tst_tcb_cell
automated_osu035_iwls_final_usbf_utmi_if.gml,automated_osu035,iwls,usbf_utmi_if
automated_osu035_xge_mac_latest_final_meta_sy.gml,automated_osu035,latest,meta_sy
automated_osu035_openmsp430_latest_final_altera_avalon_sc_fifo.gml,automated_osu035,latest,altera_avalon_sc_fifo
automated_osu035_SHA_final_SHA256_CORE.gml,automated_osu035,SHA,SHA256_CORE
automated_osu035_iwls_final_can_register_asyn_sy.gml,automated_osu035,iwls,can_register_asyn_sy
automated_osu035_jt51_latest_final_jt51_envelop.gml,automated_osu035,latest,jt51_envelop
automated_osu035_turbo8051_latest_final_half_dup_byte_reg.gml,automated_osu035,latest,half_dup_byte_reg
automated_osu035_mem_ctrl_latest_final_mc_top.gml,automated_osu035,latest,mc_top
automated_osu035_systemcaes_latest_final_keysched192.gml,automated_osu035,latest,keysched192
automated_osu035_hight_latest_final_WF.gml,automated_osu035,latest,WF
automated_osu035_iwls_final_vga_cur_cregs.gml,automated_osu035,iwls,vga_cur_cregs
automated_osu035_turbo8051_latest_final_oc8051_comp.gml,automated_osu035,latest,oc8051_comp
automated_osu035_iwls_final_OAI33X1.gml,automated_osu035,iwls,OAI33X1
automated_osu035_iwls_final_vga_fifo.gml,automated_osu035,iwls,vga_fifo
automated_osu035_turbo8051_latest_final_oc8051_indi_addr.gml,automated_osu035,latest,oc8051_indi_addr
automated_osu035_openmsp430_latest_final_spartan3e_pmem.gml,automated_osu035,latest,spartan3e_pmem
automated_osu035_cookbook_final_three_two_comp.gml,automated_osu035,cookbook,three_two_comp
automated_osu035_tiny_aes_latest_final_S4.gml,automated_osu035,latest,S4
automated_osu035_mriscvcore_final_OAI222_X4.gml,automated_osu035,mriscvcore,OAI222_X4
automated_osu035_minsoc_latest_final_or1200_spram_32x24.gml,automated_osu035,latest,or1200_spram_32x24
automated_osu035_openmsp430_latest_final_ogfx_backend.gml,automated_osu035,latest,ogfx_backend
automated_osu035_rs_encoder_decoder_latest_final_GF8Mult242.gml,automated_osu035,latest,GF8Mult242
automated_osu035_cookbook_final_ternary_sum_ni.gml,automated_osu035,cookbook,ternary_sum_ni
automated_osu035_turbo8051_latest_final_oc8051_tc2.gml,automated_osu035,latest,oc8051_tc2
automated_osu035_hight_latest_final_WKG.gml,automated_osu035,latest,WKG
automated_osu035_turbo8051_latest_final_oc8051_ram_top.gml,automated_osu035,latest,oc8051_ram_top
automated_osu035_fpu_latest_final_fpu.gml,automated_osu035,latest,fpu
automated_osu035_minsoc_latest_final_or1200_alu.gml,automated_osu035,latest,or1200_alu
automated_osu035_cookbook_final_fn_maj.gml,automated_osu035,cookbook,fn_maj
automated_osu035_rs_encoder_decoder_latest_final_RS8ErrLocPoly8t.gml,automated_osu035,latest,RS8ErrLocPoly8t
automated_osu035_mesi_isc_final_mesi_isc_broad.gml,automated_osu035,isc,mesi_isc_broad
automated_osu035_Lightweight-Threshold-Implementations-master_final_TI_Simon_Cor.gml,automated_osu035,Lightweight-Threshold-Implementations-master,TI_Simon_Cor
automated_osu035_cookbook_final_fec_rot_23.gml,automated_osu035,cookbook,fec_rot_23
automated_osu035_turbo8051_latest_final_oc8051_top.gml,automated_osu035,latest,oc8051_top
automated_osu035_AES-T1000_final_S.gml,automated_osu035,AES-T1000,S
automated_osu035_minirisc_latest_final_presclr_wdt.gml,automated_osu035,latest,presclr_wdt
automated_osu035_mriscv_final_decodificador_apd.gml,automated_osu035,mriscv,decodificador_apd
automated_osu035_cookbook_final_font_rom.gml,automated_osu035,cookbook,font_rom
automated_osu035_c7552-NS5150_final_c7552.gml,automated_osu035,c7552-NS5150,c7552
automated_osu035_a-z80_latest_final_alu_mux_8.gml,automated_osu035,latest,alu_mux_8
automated_osu035_cookbook_final_fec_rot_27.gml,automated_osu035,cookbook,fec_rot_27
automated_osu035_aes-master_final_aes_cor.gml,automated_osu035,aes-master,aes_cor
automated_osu035_iwls_final_eth_receivecontrol.gml,automated_osu035,iwls,eth_receivecontrol
automated_osu035_altor32_latest_final_altor32_writeback.gml,automated_osu035,latest,altor32_writeback
automated_osu035_rs_encoder_decoder_latest_final_GF8Mult246.gml,automated_osu035,latest,GF8Mult246
automated_osu035_mriscvcore_final_NOR3_X2.gml,automated_osu035,mriscvcore,NOR3_X2
automated_osu035_RSA-Verilog-master_final_memtest.gml,automated_osu035,RSA-Verilog-master,memtest
automated_osu035_cookbook_final_gearbox_67_40.gml,automated_osu035,cookbook,gearbox_67_40
automated_osu035_cookbook_final_round_key_select.gml,automated_osu035,cookbook,round_key_select
automated_osu035_rs_encoder_decoder_latest_final_GF8Mult252.gml,automated_osu035,latest,GF8Mult252
automated_osu035_orsoc_graphics_accelerator_latest_final_gfx_rasterizer.gml,automated_osu035,latest,gfx_rasterizer
automated_osu035_mriscv_final_bus_sync_sf.gml,automated_osu035,mriscv,bus_sync_sf
automated_osu035_iwls_final_wb_dma_inc30r.gml,automated_osu035,iwls,wb_dma_inc30r
automated_osu035_iscas_final_c499.gml,automated_osu035,iscas,c499
automated_osu035_amber_latest_final_eth_spram_256x32.gml,automated_osu035,latest,eth_spram_256x32
automated_osu035_pairing_latest_final_f3_mult.gml,automated_osu035,latest,f3_mult
automated_osu035_epfl_final_i2.gml,automated_osu035,epfl,i2
automated_osu035_iscas_final_ND3.gml,automated_osu035,iscas,ND3
automated_osu035_iwls_final_pci_bridge32.gml,automated_osu035,iwls,pci_bridge32
automated_osu035_orsoc_graphics_accelerator_final_gfx_clip.gml,automated_osu035,accelerator,gfx_clip
automated_osu035_md5_core-master_final_md5_ctl.gml,automated_osu035,core-master,md5_ctl
automated_osu035_iwls_final_s349_.gml,automated_osu035,iwls,s349_
automated_osu035_iscas_final_c880.gml,automated_osu035,iscas,c880
automated_osu035_suslik_latest_final_datacache_get_new_pos.gml,automated_osu035,latest,datacache_get_new_pos
automated_osu035_aes-128_pipelined_encryption_latest_final_Round.gml,automated_osu035,latest,Round
automated_osu035_minsoc_latest_final_or1200_dpram_256x32.gml,automated_osu035,latest,or1200_dpram_256x32
automated_osu035_mriscv_final_decodificador.gml,automated_osu035,mriscv,decodificador
automated_osu035_AES-T200_final_aes_128.gml,automated_osu035,AES-T200,aes_128
automated_osu035_aes-master_final_aes_sbox.gml,automated_osu035,aes-master,aes_sbox
automated_osu035_amber_latest_final_generic_sram_byte_.gml,automated_osu035,latest,generic_sram_byte_
automated_osu035_m32632_latest_final_FILTCMP.gml,automated_osu035,latest,FILTCMP
automated_osu035_trigonometric_functions_in_double_fpu_latest_final_tangent_lut.gml,automated_osu035,latest,tangent_lut
automated_osu035_minsoc_latest_final_minsoc_wb_32_8_bridg.gml,automated_osu035,latest,minsoc_wb_32_8_bridg
automated_osu035_cookbook_final_random_delay.gml,automated_osu035,cookbook,random_delay
automated_osu035_apbtoaes128_latest_final_key_expander.gml,automated_osu035,latest,key_expander
automated_osu035_m32632_latest_final_DECODER.gml,automated_osu035,latest,DECODER
automated_osu035_a-z80_latest_final_alu_prep_daa.gml,automated_osu035,latest,alu_prep_daa
automated_osu035_mriscvcore_final_CLKGATE_X2.gml,automated_osu035,mriscvcore,CLKGATE_X2
automated_osu035_iwls_final_s4.gml,automated_osu035,iwls,s4
automated_osu035_iscas_final_DFF.gml,automated_osu035,iscas,DFF
automated_osu035_ecg_latest_final_f3m_mult.gml,automated_osu035,latest,f3m_mult
automated_osu035_cookbook_final_pipeline_add.gml,automated_osu035,cookbook,pipeline_add
automated_osu035_AES-T200_final_lfsr_counter.gml,automated_osu035,AES-T200,lfsr_counter
automated_osu035_mriscv_final_SP32B1024.gml,automated_osu035,mriscv,SP32B1024
automated_osu035_rs_encoder_decoder_latest_final_GF8Mult130.gml,automated_osu035,latest,GF8Mult130
automated_osu035_iwls_final_usbf_crc5.gml,automated_osu035,iwls,usbf_crc5
automated_osu035_rs_encoder_decoder_latest_final_GF8Mult124.gml,automated_osu035,latest,GF8Mult124
automated_osu035_minsoc_latest_final_uart_regs.gml,automated_osu035,latest,uart_regs
automated_osu035_iscas_final_s832.gml,automated_osu035,iscas,s832
automated_osu035_rtf8088_latest_final_nmi_detector.gml,automated_osu035,latest,nmi_detector
automated_osu035_cpu8080_latest_final_SM8080.gml,automated_osu035,latest,SM8080
automated_osu035_iwls_final_pci_rst_int.gml,automated_osu035,iwls,pci_rst_int
automated_osu035_sha3_latest_final_round2in1.gml,automated_osu035,latest,round2in1
automated_osu035_rs_decoder_31_19_6_latest_final_degree0_cell.gml,automated_osu035,latest,degree0_cell
automated_osu035_pairing_latest_final_second_part.gml,automated_osu035,latest,second_part
automated_osu035_hight_latest_final_SKG.gml,automated_osu035,latest,SKG
automated_osu035_rs_encoder_decoder_latest_final_GF8Mult118.gml,automated_osu035,latest,GF8Mult118
automated_osu035_edge_latest_final_if_id_pipereg.gml,automated_osu035,latest,if_id_pipereg
automated_osu035_rs_decoder_31_19_6_latest_final_degree1_cell.gml,automated_osu035,latest,degree1_cell
automated_osu035_openmsp430_latest_final_omsp_wakeup_cell.gml,automated_osu035,latest,omsp_wakeup_cell
automated_osu035_cookbook_final_gf_mult_by_17.gml,automated_osu035,cookbook,gf_mult_by_17
automated_osu035_rs_encoder_decoder_latest_final_GF8Mult84.gml,automated_osu035,latest,GF8Mult84
automated_osu035_cookbook_final_gf_mult_by_e8.gml,automated_osu035,cookbook,gf_mult_by_e8
automated_osu035_rs_encoder_decoder_latest_final_GF8Mult90.gml,automated_osu035,latest,GF8Mult90
automated_osu035_cookbook_final_gf_mult_by_03.gml,automated_osu035,cookbook,gf_mult_by_03
automated_osu035_cookbook_final_gf_mult_by_1a.gml,automated_osu035,cookbook,gf_mult_by_1a
automated_osu035_mriscvcore_final_AOI222_X2.gml,automated_osu035,mriscvcore,AOI222_X2
automated_osu035_cookbook_final_gf_mult_by_f4.gml,automated_osu035,cookbook,gf_mult_by_f4
automated_osu035_rs_encoder_decoder_latest_final_GF8Mult47.gml,automated_osu035,latest,GF8Mult47
automated_osu035_BLAKE_final_BLAKE_INTERFACE.gml,automated_osu035,BLAKE,BLAKE_INTERFACE
automated_osu035_chacha-master_final_chacha.gml,automated_osu035,chacha-master,chacha
automated_osu035_rs_encoder_decoder_latest_final_GF8Mult53.gml,automated_osu035,latest,GF8Mult53
automated_osu035_systemcaes_latest_final_aes.gml,automated_osu035,latest,aes
automated_osu035_pairing_latest_final_f33m_neg.gml,automated_osu035,latest,f33m_neg
automated_osu035_pairing_latest_final_f32m_neg.gml,automated_osu035,latest,f32m_neg
automated_osu035_edge_latest_final_clock_manager.gml,automated_osu035,latest,clock_manager
automated_osu035_amber_latest_final_boot_mem32.gml,automated_osu035,latest,boot_mem32
automated_osu035_rs_encoder_decoder_latest_final_GF8Mult52.gml,automated_osu035,latest,GF8Mult52
automated_osu035_rs_encoder_decoder_latest_final_GF8Invers.gml,automated_osu035,latest,GF8Invers
automated_osu035_mriscvcore_final_LOGIC1_X1.gml,automated_osu035,mriscvcore,LOGIC1_X1
automated_osu035_rs_encoder_decoder_latest_final_GF8Mult46.gml,automated_osu035,latest,GF8Mult46
automated_osu035_cookbook_final_gf_mult_by_f5.gml,automated_osu035,cookbook,gf_mult_by_f5
automated_osu035_minsoc_latest_final_or1200_fpu_intfloat_conv_except.gml,automated_osu035,latest,or1200_fpu_intfloat_conv_except
automated_osu035_cookbook_final_gf_mult_by_0d.gml,automated_osu035,cookbook,gf_mult_by_0d
automated_osu035_iwls_final_ahb2w.gml,automated_osu035,iwls,ahb2w
automated_osu035_cookbook_final_gf_mult_by_e9.gml,automated_osu035,cookbook,gf_mult_by_e9
automated_osu035_cookbook_final_gf_mult_by_02.gml,automated_osu035,cookbook,gf_mult_by_02
automated_osu035_mriscvcore_final_ALU_and.gml,automated_osu035,mriscvcore,ALU_and
automated_osu035_iwls_final_div_r2.gml,automated_osu035,iwls,div_r2
automated_osu035_rs_encoder_decoder_latest_final_GF8Mult91.gml,automated_osu035,latest,GF8Mult91
automated_osu035_amber_latest_final_afifo.gml,automated_osu035,latest,afifo
automated_osu035_rs_encoder_decoder_latest_final_GF8Mult85.gml,automated_osu035,latest,GF8Mult85
automated_osu035_cookbook_final_gf_mult_by_16.gml,automated_osu035,cookbook,gf_mult_by_16
automated_osu035_rs_encoder_decoder_latest_final_GF8Mult119.gml,automated_osu035,latest,GF8Mult119
automated_osu035_iwls_final_usbf_pd.gml,automated_osu035,iwls,usbf_pd
automated_osu035_rs_encoder_decoder_latest_final_GF8Mult125.gml,automated_osu035,latest,GF8Mult125
automated_osu035_cookbook_final_gf_invers.gml,automated_osu035,cookbook,gf_invers
automated_osu035_rs_encoder_decoder_latest_final_GF8Mult131.gml,automated_osu035,latest,GF8Mult131
automated_osu035_edge_latest_final_reset_logi.gml,automated_osu035,latest,reset_logi
automated_osu035_ft816float_latest_final_cntlz64.gml,automated_osu035,latest,cntlz64
automated_osu035_sdr_ctrl_latest_final_sdrc_xfr_ctl.gml,automated_osu035,latest,sdrc_xfr_ctl
automated_osu035_m32632_latest_final_SFPU_ADDSUB.gml,automated_osu035,latest,SFPU_ADDSUB
automated_osu035_mriscvcore_final_AND4_X2.gml,automated_osu035,mriscvcore,AND4_X2
automated_osu035_iwls_final_s5.gml,automated_osu035,iwls,s5
automated_osu035_iwls_final_s1423_.gml,automated_osu035,iwls,s1423_
automated_osu035_xge_mac_latest_final_rx_hold_fifo.gml,automated_osu035,latest,rx_hold_fifo
automated_osu035_amber_latest_final_a25_multiply.gml,automated_osu035,latest,a25_multiply
automated_osu035_reed_solomon_codec_generator_latest_final_RsDecodeDelay.gml,automated_osu035,latest,RsDecodeDelay
automated_osu035_iwls_final_eth_txstatem.gml,automated_osu035,iwls,eth_txstatem
automated_osu035_altor32_latest_final_dmem_mux3.gml,automated_osu035,latest,dmem_mux3
automated_osu035_iwls_final_s298_.gml,automated_osu035,iwls,s298_
automated_osu035_jt51_latest_final_jt51_op.gml,automated_osu035,latest,jt51_op
automated_osu035_iscas_final_s953.gml,automated_osu035,iscas,s953
automated_osu035_cookbook_final_reed_sol_rx.gml,automated_osu035,cookbook,reed_sol_rx
automated_osu035_cookbook_final_asc_hex_to_nybbl.gml,automated_osu035,cookbook,asc_hex_to_nybbl
automated_osu035_pairing_latest_final_f3m_mult3.gml,automated_osu035,latest,f3m_mult3
automated_osu035_cookbook_final_tx_buffer_fifo_8word.gml,automated_osu035,cookbook,tx_buffer_fifo_8word
automated_osu035_pci_express_crc_latest_final_crc32d16.gml,automated_osu035,latest,crc32d16
automated_osu035_AES-T1000_final_TSC.gml,automated_osu035,AES-T1000,TSC
automated_osu035_edge_latest_final_mem_wb_pipereg.gml,automated_osu035,latest,mem_wb_pipereg
automated_osu035_fixed_point_arithmetic_parameterized_latest_final_qmult.gml,automated_osu035,latest,qmult
automated_osu035_cookbook_final_gray_cntr.gml,automated_osu035,cookbook,gray_cntr
automated_osu035_iscas_final_ND2.gml,automated_osu035,iscas,ND2
automated_osu035_altor32_latest_final_timer_perip.gml,automated_osu035,latest,timer_perip
automated_osu035_fpga-median_latest_final_nod.gml,automated_osu035,latest,nod
automated_osu035_m1_core_latest_final_ps2_top.gml,automated_osu035,latest,ps2_top
automated_osu035_asynchronous_master_spi_final_spi_master.gml,automated_osu035,spi,spi_master
automated_osu035_generic_fifos_latest_final_generic_fifo_sc_a.gml,automated_osu035,latest,generic_fifo_sc_a
automated_osu035_iwls_final_ac97_fifo_ctrl.gml,automated_osu035,iwls,ac97_fifo_ctrl
automated_osu035_iwls_final_usb_tx_phy.gml,automated_osu035,iwls,usb_tx_phy
automated_osu035_rs_encoder_decoder_latest_final_GF8Mult253.gml,automated_osu035,latest,GF8Mult253
automated_osu035_epfl_final_d.gml,automated_osu035,epfl,d
automated_osu035_rs_encoder_decoder_latest_final_GF8Mult247.gml,automated_osu035,latest,GF8Mult247
automated_osu035_iwls_final_dac_rom.gml,automated_osu035,iwls,dac_rom
automated_osu035_mriscvcore_final_OAI222_X1.gml,automated_osu035,mriscvcore,OAI222_X1
automated_osu035_turbo8051_latest_final_g_tx_top.gml,automated_osu035,latest,g_tx_top
automated_osu035_minsoc_latest_final_or1200_wb_biu.gml,automated_osu035,latest,or1200_wb_biu
automated_osu035_mesi_isc_final_mesi_isc_breq_fifos.gml,automated_osu035,isc,mesi_isc_breq_fifos
automated_osu035_iwls_final_ac97_in_fifo.gml,automated_osu035,iwls,ac97_in_fifo
automated_osu035_bch_configurable_latest_final_test_correct.gml,automated_osu035,latest,test_correct
automated_osu035_minsoc_latest_final_or1200_reg2mem.gml,automated_osu035,latest,or1200_reg2mem
automated_osu035_md5_core-master_final_md5_fsm.gml,automated_osu035,core-master,md5_fsm
automated_osu035_cookbook_final_fec_rot_26.gml,automated_osu035,cookbook,fec_rot_26
automated_osu035_tiny_tate_bilinear_pairing_latest_final_pairing.gml,automated_osu035,latest,pairing
automated_osu035_cookbook_final_fec_rot_32.gml,automated_osu035,cookbook,fec_rot_32
automated_osu035_a-z80_latest_final_alu.gml,automated_osu035,latest,alu
automated_osu035_signed_integer_divider_latest_final_adder_32bit.gml,automated_osu035,latest,adder_32bit
automated_osu035_Lightweight-Threshold-Implementations-master_final_simon_key_expansion_shiftreg.gml,automated_osu035,Lightweight-Threshold-Implementations-master,simon_key_expansion_shiftreg
automated_osu035_cookbook_final_fec_rot_18.gml,automated_osu035,cookbook,fec_rot_18
automated_osu035_cavlc_latest_final_cavlc_top.gml,automated_osu035,latest,cavlc_top
automated_osu035_iwls_final_can_fifo.gml,automated_osu035,iwls,can_fifo
automated_osu035_iwls_final_i2c_master_top.gml,automated_osu035,iwls,i2c_master_top
automated_osu035_csa_latest_final_single_block_decyper.gml,automated_osu035,latest,single_block_decyper
automated_osu035_cookbook_final_fec_rot_24.gml,automated_osu035,cookbook,fec_rot_24
automated_osu035_pairing_latest_final_duursma_lee_algo.gml,automated_osu035,latest,duursma_lee_algo
automated_osu035_sha1-master_final_sha1_cor.gml,automated_osu035,sha1-master,sha1_cor
automated_osu035_AES-T1000_final_T.gml,automated_osu035,AES-T1000,T
automated_osu035_md5_core-master_final_md5_cor.gml,automated_osu035,core-master,md5_cor
automated_osu035_cookbook_final_fec_rot_30.gml,automated_osu035,cookbook,fec_rot_30
automated_osu035_iwls_final_SW10201A.gml,automated_osu035,iwls,SW10201A
automated_osu035_rs_encoder_decoder_latest_final_GF8Mult251.gml,automated_osu035,latest,GF8Mult251
automated_osu035_crcahb_latest_final_crc_ip.gml,automated_osu035,latest,crc_ip
automated_osu035_rs_encoder_decoder_latest_final_RS8CALCR08.gml,automated_osu035,latest,RS8CALCR08
automated_osu035_cookbook_final_compress_32.gml,automated_osu035,cookbook,compress_32
automated_osu035_ecg_latest_final_f3m_su.gml,automated_osu035,latest,f3m_su
automated_osu035_rs_encoder_decoder_latest_final_GF8Mult245.gml,automated_osu035,latest,GF8Mult245
automated_osu035_mriscvcore_final_NOR3_X1.gml,automated_osu035,mriscvcore,NOR3_X1
automated_osu035_SHA_final_CSA.gml,automated_osu035,SHA,CSA
automated_osu035_i2c_latest_final_i2c_master_byte_ctrl.gml,automated_osu035,latest,i2c_master_byte_ctrl
automated_osu035_minsoc_latest_final_uart_fifo.gml,automated_osu035,latest,uart_fifo
automated_osu035_minsoc_latest_final_eth_cr.gml,automated_osu035,latest,eth_cr
automated_osu035_mriscvcore_final_ALU_sXXx.gml,automated_osu035,mriscvcore,ALU_sXXx
automated_osu035_openmsp430_latest_final_DE0_NANO_SOC_QSYS_nios2_qsys_test_.gml,automated_osu035,latest,DE0_NANO_SOC_QSYS_nios2_qsys_test_
automated_osu035_minsoc_latest_final_or1200_ic_tag.gml,automated_osu035,latest,or1200_ic_tag
automated_osu035_gost28147-89_latest_final_gost89_cfb_encrypt.gml,automated_osu035,latest,gost89_cfb_encrypt
automated_osu035_minsoc_latest_final_spi_flash_top.gml,automated_osu035,latest,spi_flash_top
automated_osu035_aes-encryption_latest_final_aes_rco.gml,automated_osu035,latest,aes_rco
automated_osu035_iwls_final_s5378_.gml,automated_osu035,iwls,s5378_
automated_osu035_mriscvcore_final_CLKGATE_X1.gml,automated_osu035,mriscvcore,CLKGATE_X1
automated_osu035_iwls_final_s7.gml,automated_osu035,iwls,s7
automated_osu035_cookbook_final_crc32_dat16_flat.gml,automated_osu035,cookbook,crc32_dat16_flat
automated_osu035_iwls_final_DSP_CORE_wrapper.gml,automated_osu035,iwls,DSP_CORE_wrapper
automated_osu035_minsoc_latest_final_or1200_qmem_top.gml,automated_osu035,latest,or1200_qmem_top
automated_osu035_viterb_encoder_and_decoder_final_bmc101.gml,automated_osu035,decoder,bmc101
automated_osu035_turbo8051_latest_final_g_deferral_rx.gml,automated_osu035,latest,g_deferral_rx
automated_osu035_m32632_latest_final_SCANDIG.gml,automated_osu035,latest,SCANDIG
automated_osu035_rs_encoder_decoder_latest_final_GF8Mult127.gml,automated_osu035,latest,GF8Mult127
automated_osu035_iscas_final_s5378.gml,automated_osu035,iscas,s5378
automated_osu035_rs_encoder_decoder_latest_final_GF8Mult133.gml,automated_osu035,latest,GF8Mult133
automated_osu035_8051_latest_final_oc8051_memory_interfa.gml,automated_osu035,latest,oc8051_memory_interfa
automated_osu035_cookbook_final_cntr_modulus_la.gml,automated_osu035,cookbook,cntr_modulus_la
automated_osu035_minsoc_latest_final_or1200_mult_ma.gml,automated_osu035,latest,or1200_mult_ma
automated_osu035_rs_encoder_decoder_latest_final_GF8Mult93.gml,automated_osu035,latest,GF8Mult93
automated_osu035_cookbook_final_gf_mult_by_fa.gml,automated_osu035,cookbook,gf_mult_by_fa
automated_osu035_cookbook_final_gf_mult_by_14.gml,automated_osu035,cookbook,gf_mult_by_14
automated_osu035_rs_encoder_decoder_latest_final_GF8Mult87.gml,automated_osu035,latest,GF8Mult87
automated_osu035_cookbook_final_gf_mult_by_0f.gml,automated_osu035,cookbook,gf_mult_by_0f
automated_osu035_cookbook_final_syndrome_round.gml,automated_osu035,cookbook,syndrome_round
automated_osu035_cookbook_final_prio_encod.gml,automated_osu035,cookbook,prio_encod
automated_osu035_cookbook_final_gf_mult_by_f7.gml,automated_osu035,cookbook,gf_mult_by_f7
automated_osu035_iwls_final_DSP_CORE_vsia_tst_tcb_cell_captur.gml,automated_osu035,iwls,DSP_CORE_vsia_tst_tcb_cell_captur
automated_osu035_AES-T1000_final_table_lookup.gml,automated_osu035,AES-T1000,table_lookup
automated_osu035_mriscvcore_final_AOI222_X1.gml,automated_osu035,mriscvcore,AOI222_X1
automated_osu035_openmsp430_latest_final_omsp_mem_backbo.gml,automated_osu035,latest,omsp_mem_backbo
automated_osu035_8051_latest_final_oc8051_cache_ram.gml,automated_osu035,latest,oc8051_cache_ram
automated_osu035_iscas_final_s400.gml,automated_osu035,iscas,s400
automated_osu035_cookbook_final_gf_mult_by_28.gml,automated_osu035,cookbook,gf_mult_by_28
automated_osu035_des-master_final_sbox8.gml,automated_osu035,des-master,sbox8
automated_osu035_rs_encoder_decoder_latest_final_GF8Mult50.gml,automated_osu035,latest,GF8Mult50
automated_osu035_rc4-prbs_latest_final_rc4.gml,automated_osu035,latest,rc4
automated_osu035_8bit_vedic_multiplier_latest_final_ripple_adder_6bit.gml,automated_osu035,latest,ripple_adder_6bit
automated_osu035_mriscvcore_final_HA_X1.gml,automated_osu035,mriscvcore,HA_X1
automated_osu035_rs_encoder_decoder_latest_final_GF8Mult44.gml,automated_osu035,latest,GF8Mult44
automated_osu035_iscas_final_FD1S.gml,automated_osu035,iscas,FD1S
automated_osu035_crcahb_latest_final_crc_unit.gml,automated_osu035,latest,crc_unit
automated_osu035_iwls_final_eth_transmitcontrol.gml,automated_osu035,iwls,eth_transmitcontrol
automated_osu035_mod3_calc_latest_final_mod3_adder.gml,automated_osu035,latest,mod3_adder
automated_osu035_cpu8080_latest_final_scnrom.gml,automated_osu035,latest,scnrom
automated_osu035_ecg_latest_final_f3m_mux3.gml,automated_osu035,latest,f3m_mux3
automated_osu035_rs_encoder_decoder_latest_final_GF8Mult78.gml,automated_osu035,latest,GF8Mult78
automated_osu035_minsoc_latest_final_adbg_or1k_status_reg.gml,automated_osu035,latest,adbg_or1k_status_reg
automated_osu035_rs_encoder_decoder_latest_final_GF8Mult79.gml,automated_osu035,latest,GF8Mult79
automated_osu035_mips_16_latest_final_data_mem.gml,automated_osu035,latest,data_mem
automated_osu035_8051_latest_final_oc8051_decoder.gml,automated_osu035,latest,oc8051_decoder
automated_osu035_mriscvcore_final_NAND3_X4.gml,automated_osu035,mriscvcore,NAND3_X4
automated_osu035_iwls_final_mc_dp.gml,automated_osu035,iwls,mc_dp
automated_osu035_rs_encoder_decoder_latest_final_GF8Mult45.gml,automated_osu035,latest,GF8Mult45
automated_osu035_minsoc_latest_final_OR1K_startup.gml,automated_osu035,latest,OR1K_startup
automated_osu035_rs_encoder_decoder_latest_final_GF8Mult51.gml,automated_osu035,latest,GF8Mult51
automated_osu035_mriscv_final_axi4_interconnect.gml,automated_osu035,mriscv,axi4_interconnect
automated_osu035_minsoc_latest_final_eth_miim.gml,automated_osu035,latest,eth_miim
automated_osu035_sha3_latest_final_padder1.gml,automated_osu035,latest,padder1
automated_osu035_cookbook_final_gf_mult_by_29.gml,automated_osu035,cookbook,gf_mult_by_29
automated_osu035_gng_latest_final_gng_ctg.gml,automated_osu035,latest,gng_ctg
automated_osu035_cookbook_final_gf_mult_by_f6.gml,automated_osu035,cookbook,gf_mult_by_f6
automated_osu035_csa_latest_final_group_decrypt.gml,automated_osu035,latest,group_decrypt
automated_osu035_rs_encoder_decoder_latest_final_GF8Mult86.gml,automated_osu035,latest,GF8Mult86
automated_osu035_cookbook_final_gf_mult_by_15.gml,automated_osu035,cookbook,gf_mult_by_15
automated_osu035_cookbook_final_gf_mult_by_01.gml,automated_osu035,cookbook,gf_mult_by_01
automated_osu035_mriscvcore_final_FSM.gml,automated_osu035,mriscvcore,FSM
automated_osu035_iwls_final_crp.gml,automated_osu035,iwls,crp
automated_osu035_rs_encoder_decoder_latest_final_GF8Mult92.gml,automated_osu035,latest,GF8Mult92
automated_osu035_iwls_final_ejtag_toggle2puls.gml,automated_osu035,iwls,ejtag_toggle2puls
automated_osu035_amber_latest_final_a23_alu.gml,automated_osu035,latest,a23_alu
automated_osu035_cookbook_final_inv_mix_columns.gml,automated_osu035,cookbook,inv_mix_columns
automated_osu035_pairing_latest_final_f36m_mult.gml,automated_osu035,latest,f36m_mult
automated_osu035_turbo8051_latest_final_oc8051_int.gml,automated_osu035,latest,oc8051_int
automated_osu035_rs_encoder_decoder_latest_final_GF8Mult132.gml,automated_osu035,latest,GF8Mult132
automated_osu035_rs_encoder_decoder_latest_final_GF8Reg.gml,automated_osu035,latest,GF8Reg
automated_osu035_iwls_final_sbox8.gml,automated_osu035,iwls,sbox8
automated_osu035_rs_encoder_decoder_latest_final_GF8Mult126.gml,automated_osu035,latest,GF8Mult126
automated_osu035_viterb_encoder_and_decoder_final_bmc100.gml,automated_osu035,decoder,bmc100
automated_osu035_altor32_latest_final_altor32_dcache_mem_if.gml,automated_osu035,latest,altor32_dcache_mem_if
automated_osu035_amber_latest_final_a25_decod.gml,automated_osu035,latest,a25_decod
automated_osu035_m32632_latest_final_FFS_LOGIK.gml,automated_osu035,latest,FFS_LOGIK
automated_osu035_amber_latest_final_a23_barrel_shift.gml,automated_osu035,latest,a23_barrel_shift
automated_osu035_mriscvcore_final_AND4_X1.gml,automated_osu035,mriscvcore,AND4_X1
automated_osu035_iwls_final_s6.gml,automated_osu035,iwls,s6
automated_osu035_BLAKE_final_BLAKE_TOP.gml,automated_osu035,BLAKE,BLAKE_TOP
automated_osu035_two_dimensional_fast_hartley_transform_latest_final_dpsram_128x16.gml,automated_osu035,latest,dpsram_128x16
automated_osu035_xgate_latest_final_xgate_jtag.gml,automated_osu035,latest,xgate_jtag
automated_osu035_openmsp430_latest_final_dac_spi_if.gml,automated_osu035,latest,dac_spi_if
automated_osu035_8051_latest_final_oc8051_wb_iinterfa.gml,automated_osu035,latest,oc8051_wb_iinterfa
automated_osu035_cookbook_final_crc32_dat128_flat.gml,automated_osu035,cookbook,crc32_dat128_flat
automated_osu035_iwls_final_lmi_lbc_alig.gml,automated_osu035,iwls,lmi_lbc_alig
automated_osu035_dpll-isdn_latest_final_freqdivider.gml,automated_osu035,latest,freqdivider
automated_osu035_iwls_final_pci_serr_crit.gml,automated_osu035,iwls,pci_serr_crit
automated_osu035_m32632_latest_final_ex_out_reg.gml,automated_osu035,latest,ex_out_reg
automated_osu035_iwls_final_wb_dma_ch_rf_dummy.gml,automated_osu035,iwls,wb_dma_ch_rf_dummy
automated_osu035_iwls_final_sasc_brg.gml,automated_osu035,iwls,sasc_brg
automated_osu035_minirisc_latest_final_add_sub8_co.gml,automated_osu035,latest,add_sub8_co
automated_osu035_turbo8051_latest_final_oc8051_alu.gml,automated_osu035,latest,oc8051_alu
automated_osu035_minsoc_latest_final_or1200_top.gml,automated_osu035,latest,or1200_top
automated_osu035_xge_mac_latest_final_rx_data_fifo.gml,automated_osu035,latest,rx_data_fifo
automated_osu035_hight_latest_final_CONTROL.gml,automated_osu035,latest,CONTROL
automated_osu035_orsoc_graphics_accelerator_latest_final_color_to_memory.gml,automated_osu035,latest,color_to_memory
automated_osu035_mips_16_latest_final_ID_stag.gml,automated_osu035,latest,ID_stag
automated_osu035_fpu_latest_final_div_r2.gml,automated_osu035,latest,div_r2
automated_osu035_cr_div_latest_final_cr_di.gml,automated_osu035,latest,cr_di
automated_osu035_mriscvcore_final_OAI222_X2.gml,automated_osu035,mriscvcore,OAI222_X2
automated_osu035_orsoc_graphics_accelerator_final_memory_to_color.gml,automated_osu035,accelerator,memory_to_color
automated_osu035_rs_encoder_decoder_latest_final_GF8Mult244.gml,automated_osu035,latest,GF8Mult244
automated_osu035_openmsp430_latest_final_DE0_NANO_SOC_QSYS_jtag_uart_scfifo_r.gml,automated_osu035,latest,DE0_NANO_SOC_QSYS_jtag_uart_scfifo_r
automated_osu035_openmsp430_latest_final_openGFX430.gml,automated_osu035,latest,openGFX430
automated_osu035_rs_encoder_decoder_latest_final_GF8Mult250.gml,automated_osu035,latest,GF8Mult250
automated_osu035_cookbook_final_ring_counter.gml,automated_osu035,cookbook,ring_counter
automated_osu035_openmsp430_latest_final_omsp_watchdog.gml,automated_osu035,latest,omsp_watchdog
automated_osu035_cookbook_final_fec_rot_31.gml,automated_osu035,cookbook,fec_rot_31
automated_osu035_xgate_latest_final_bus_arbitratio.gml,automated_osu035,latest,bus_arbitratio
automated_osu035_hight_latest_final_CRYPTO_PATH.gml,automated_osu035,latest,CRYPTO_PATH
automated_osu035_cookbook_final_fec_rot_25.gml,automated_osu035,cookbook,fec_rot_25
automated_osu035_tiny_tate_bilinear_pairing_latest_final_f3m_add.gml,automated_osu035,latest,f3m_add
automated_osu035_iwls_final_vga_csm_p.gml,automated_osu035,iwls,vga_csm_p
automated_osu035_iwls_final_pci_mas_ad_load_crit.gml,automated_osu035,iwls,pci_mas_ad_load_crit
automated_osu035_cookbook_final_fec_rot_19.gml,automated_osu035,cookbook,fec_rot_19
automated_osu035_iwls_final_s386_.gml,automated_osu035,iwls,s386_
