6710
841
5799
5798
6398
5640
7850
5640
2538
9925
3832
3194
7165
3194
4530
3194
1614
4944
1605
4944
9801
8171
1654
9847
3999
9721
8983
7356
7720
7356
2195
9050
7622
1847
1846
1847
7959
1847
3868
2966
2889
2966
1849
1942
7993
7978
3570
3611
3996
5318
3004
5318
9377
4398
3267
6447
3355
6447
2010
5092
2042
5092
1523
1602
10040
8913
9398
8498
1231
1251
1232
1251
7725
7712
9700
7712
8602
7712
9648
6983
8355
6983
9734
6983
9271
6983
8783
6983
7008
6983
5937
5936
9910
8841
2413
2428
2431
2428
1545
8237
5309
5596
3892
5596
4313
9298
4313
9298
728
7725
3598
6485
3306
6485
9155
3659
4110
3659
1903
6177
1945
6177
119
200
1043
1050
7382
9774
741
9774
737
9774
738
9774
1227
1230
1198
1230
3465
3456
3451
3456
1864
1885
909
913
897
913
2667
2670
1214
4094
6254
9835
3964
9835
7881
9835
1247
9071
8130
10109
1205
4463
1303
4463
442
571
243
571
368
571
302
303
1266
1270
1256
1270
2551
2590
7159
2590
7974
8363
2987
5625
9224
5625
1477
4658
3736
4965
4739
4965
926
927
921
927
4241
8979
8929
7696
2123
4192
3697
1606
1542
1606
4500
8150
9770
8150
3233
3246
2196
7499
1060
1071
2596
5612
4029
5612
4792
6303
9674
6303
6733
4910
3478
4910
9887
5780
10161
10167
2614
2651
7365
8927
7364
8927
6983
2130
4169
2130
954
979
3861
6861
9611
6861
7330
8480
8503
8480
1807
1808
1707
1808
8296
7540
8201
3399
7664
8000
213
214
2408
7077
8033
4380
7671
4380
9695
1461
9270
1461
1460
1461
2296
6257
7807
6257
9841
3783
722
8331
3208
4841
3227
4841
331
611
617
611
8913
2528
8500
2528
7289
2528
5707
2528
8929
2528
1183
1207
10059
9447
664
9447
926
944
938
944
7
4237
9766
7194
4020
7194
5684
9525
2541
3978
7640
7611
1682
1701
8277
1701
8287
1701
9242
1701
3343
3356
1119
1153
9082
3712
4259
10101
5987
6385
3790
6385
1077
1092
77
2184
6800
4133
6800
2955
6638
3010
6638
4172
4171
9615
3725
2656
2673
9016
8944
6978
8944
8096
8944
391
643
644
643
10264
10145
7291
8398
2642
6347
9623
5050
2002
5050
2529
7659
6923
4913
975
9092
1594
4498
9208
6097
7529
6097
2514
6320
2443
6320
3413
7456
2084
2107
10118
8910
5304
2733
6840
2733
7729
10069
10082
10069
10057
9435
8969
9435
8958
9435
8970
9435
7359
9435
7733
8094
8104
8094
10334
10157
10133
10157
2688
5559
9655
5559
2026
2024
1969
2024
4657
6778
8236
6778
1313
3696
7372
658
4247
658
1616
4927
9742
4927
157
8444
965
964
965
852
965
1363
1361
8029
1361
9948
1361
8458
1361
7561
4480
8283
4480
7535
4480
9715
7246
4547
3499
4548
3499
4414
3499
1230
1273
4305
1273
7219
1273
4307
1273
3690
4331
7684
4331
8041
4331
48
2026
2053
2049
2053
9939
8380
4064
5071
1998
5071
8037
8463
2117
2301
900
910
9779
2552
9846
2897
5620
2897
7921
4363
8265
4363
529
433
521
433
237
433
5241
6576
2795
6576
3729
5711
887
5711
1698
4979
7480
4979
2673
8192
4490
8192
1532
8192
3180
8192
3235
8192
7482
8192
3005
8192
3968
8192
5925
8192
2133
8192
2888
8192
4653
8192
7073
8192
4660
8192
1582
8192
6722
8192
1917
8192
2622
8192
2988
8192
2967
8192
5962
8192
2997
8192
4509
8192
7819
8192
1351
8192
7832
8192
3959
8192
2777
8192
6740
8192
2389
8192
1858
8192
2254
8192
9603
8192
2606
8192
3206
8192
1698
8192
7853
8192
2807
8192
6398
8192
4043
8192
3756
8192
2946
8192
7480
8192
3124
8192
2522
8192
7826
8192
7854
8192
1831
8192
2157
8192
2939
8192
7490
8192
2293
8192
7858
8192
3218
8192
2747
8192
1612
8192
7848
8192
3146
8192
2305
8192
7828
8192
7850
8192
7824
8192
2352
8192
2452
8192
1406
8192
4697
8192
1254
8192
8979
8965
7362
8965
3375
3540
3484
3540
703
7399
6711
7399
10104
7399
9199
5763
934
5763
2282
5197
9562
8658
7759
8658
7403
8658
6934
8658
7407
8658
5679
8658
832
8658
5672
8658
10171
10235
10242
10235
3897
7783
4661
7783
6731
2821
8348
2821
7603
2821
8346
2821
5296
4150
9635
4000
9825
4000
7040
4000
9783
3773
3631
3629
3593
3629
1226
4452
1187
4452
4529
2825
2813
2825
4686
7087
3950
4390
7432
8352
981
989
966
989
8883
8490
2096
9642
7710
9412
2515
6834
2488
6834
1715
1716
9537
7770
680
7770
7533
6919
1110
6919
8270
6919
6928
6919
6927
6919
1815
6919
2349
6919
6926
6919
3688
10044
8589
10044
7717
10044
2015
5790
1438
1434
1410
1434
1511
7555
221
222
1503
1519
1395
1519
54
142
9812
5722
9812
5722
3140
5395
3137
5395
4316
4315
779
4182
1627
4182
780
4182
798
4182
9515
8989
8645
8989
9503
8989
7326
7308
7046
7045
2107
9609
4480
9609
6932
9609
1297
9609
9846
9609
1160
9609
1072
9609
2306
9609
9895
9609
1569
9609
4802
9609
1525
9609
2186
9609
2004
9609
2360
9609
1245
9609
1810
9609
2773
9609
1904
9609
1179
9609
3897
9609
1956
9609
2323
9609
1004
9609
2655
9609
1558
9609
1792
9609
3874
9609
9743
9609
1039
9609
8230
9609
1641
9609
1948
9609
3816
9609
1049
9609
2437
9609
4661
9609
2706
9609
4719
9609
9861
9609
1446
9609
4001
9609
5620
9609
1209
9609
9823
9609
6943
9609
2754
9609
9897
9609
4166
9609
9829
9609
1132
9609
1086
9609
2147
9609
8256
9609
2487
9609
9610
9609
1109
9609
2201
9609
2799
9609
1320
9609
1145
9609
1745
9609
1040
9609
1676
9609
8363
2580
8371
2580
2582
2580
7624
2580
1479
9920
8034
2812
3980
6164
7513
6164
2399
4795
7999
2020
2025
2020
8390
9283
8394
9283
4234
7751
570
638
393
638
7202
4826
3169
4826
2896
6369
393
329
1863
1875
1768
9732
8473
8854
9649
8854
8587
8854
7668
9343
2489
6324
2519
6324
3315
6475
3338
6475
1955
6187
5019
6187
2932
2938
10036
9297
9391
9297
1966
9297
8836
9297
7650
9297
7278
9297
746
3721
1337
1405
1407
1405
3313
5426
6714
7622
2558
2598
6962
6973
10106
6973
9914
5082
2037
5082
7558
4628
4292
854
6696
5655
693
5655
8128
5655
2271
2316
2408
5968
9607
4262
1753
6145
4705
6145
2531
7988
4212
7988
8424
7988
8345
1432
1336
1432
8313
1432
7946
1432
7945
8309
3325
3633
7546
3633
1960
10058
7360
10058
3151
7064
1305
9848
7542
9848
7124
9848
10333
10251
10256
10251
4061
9646
2793
2796
1982
2039
1639
8315
714
7773
8427
7629
3967
2114
4391
2114
1739
1746
10020
10009
10051
10009
7799
5495
4190
5495
1792
4989
1745
4989
9140
8182
9143
8182
6587
6586
8582
3770
4163
6242
4766
6242
6350
5533
2810
5533
3487
3555
3541
3555
7859
5993
3182
5993
259
459
566
459
537
459
1050
6951
2670
6951
3032
6951
3929
6951
1671
6951
1158
6951
2008
6951
2514
6951
7021
6951
6845
6951
8742
6951
8223
6951
8217
6951
1782
6951
1195
6951
4644
6951
4679
6951
2324
6951
3893
6951
1910
6951
3864
6951
9880
6951
4448
6951
4501
6951
4069
6951
2954
6951
1822
6951
2359
6951
2333
6951
1536
6951
4481
6951
1568
6951
1955
6951
9855
6951
4003
6951
2185
6951
8734
6951
4108
6951
1749
6951
2483
6951
4113
6951
5019
6951
1237
8795
8360
2759
2720
2759
7435
8390
5302
2563
9907
2563
8310
2563
4809
2563
4376
1548
4375
1548
6942
1548
1538
1548
7695
8452
8321
1283
1268
1283
8334
1283
7532
1283
8238
4490
2619
5621
2607
5621
1483
9209
7279
4352
9759
4352
3303
3308
10132
10226
3416
5752
3389
5752
7812
6788
7806
6788
1330
1419
4311
1334
4312
1334
1322
1334
9936
1334
80
9520
10114
795
25
638
639
351
639
1456
8262
7438
826
7765
8628
29
1384
9082
3747
3751
244
539
548
539
1485
1532
1142
1139
1125
1139
9675
4309
2665
6932
10051
6970
1216
1214
1188
1214
2589
2683
9760
7721
9012
7721
3618
3622
3589
3622
225
494
369
494
592
591
291
591
5341
6375
4819
6375
4132
1869
9995
1869
1068
1082
1098
1082
3162
6666
3050
6666
8280
4854
1899
2003
9943
8826
9943
8826
9
399
7653
7633
3866
6469
3340
6469
2670
9800
3032
9800
9842
9800
3929
9800
2008
9800
2514
9800
2272
9800
7012
9800
1041
9800
6845
9800
8742
9800
4033
9800
2443
9800
2631
9800
9154
9800
4679
9800
2324
9800
3893
9800
3864
9800
8735
9800
9880
9800
1563
9800
4501
9800
4069
9800
2954
9800
2753
9800
1577
9800
2359
9800
2333
9800
4481
9800
1568
9800
9855
9800
4003
9800
2185
9800
8734
9800
4108
9800
2483
9800
4113
9800
1615
9800
2373
9800
4058
9800
3715
3988
10067
3988
4177
3988
3714
3988
1794
3988
6347
5526
9608
5526
8095
9448
6939
1505
1479
1505
7112
1957
4745
1957
7539
1957
8858
5729
2225
5729
9960
5729
8441
5729
9447
6905
8592
6905
9299
2229
5730
2229
5795
2229
8825
2229
524
435
363
435
276
435
3428
4557
3439
4557
1635
1669
4188
9741
1574
4654
6010
6866
3643
6866
771
772
4487
7833
2436
2442
1449
1466
10146
10245
10297
10245
2883
9155
3040
9155
3977
9155
3905
9155
3109
9155
3637
9155
3994
9155
3316
9155
6346
9155
9892
9155
3652
9155
4009
9155
2381
9155
3597
9155
4021
9155
2184
9155
2361
9155
9908
9155
3004
9155
4071
9155
2708
9155
2775
9155
3204
9155
4133
9155
2064
9155
3142
9155
1044
1056
1898
4098
3446
3450
3940
3450
8538
6705
4355
3392
3388
3392
2166
5929
8767
5929
6726
5929
7902
5929
1275
4603
1242
4603
1796
1804
1734
1804
10108
9565
193
194
2439
7163
2432
7163
1376
7797
7658
9955
10327
10325
6733
6732
2360
5183
3874
5183
7798
6136
4715
6136
2049
8772
8607
7350
9459
7350
899
9056
3094
3180
2881
2883
1591
7492
885
7921
7167
8276
4210
5472
4193
5472
8641
7317
238
239
2961
5977
7285
4199
1198
4199
3907
3949
7050
3949
2439
7974
2884
5314
3007
5314
1965
4394
10150
10334
10134
10334
10328
10334
748
9544
4040
5239
4030
5239
3120
3129
8261
9189
4283
8494
7334
8494
3450
3471
2628
9831
6417
6416
8566
7323
9955
5794
1525
4948
4719
4948
3138
3198
2118
6749
4717
6083
1533
6083
2898
2961
3802
2961
4524
2961
1696
7036
5666
7371
4288
7371
8113
7371
7764
8620
3147
5391
3128
5391
5737
9989
3
7348
8063
4318
8063
8667
8063
805
8063
7932
2269
2246
2269
7587
2269
6728
2269
5100
5099
9889
4791
1594
1589
1587
1589
9139
8156
4369
8156
2812
4080
3240
3260
9953
2424
2421
2424
2422
2424
7989
2424
8909
9753
8937
9753
7242
9252
9278
9252
8001
9965
1056
5855
8211
5855
8482
654
81
286
9901
3833
4060
3833
7577
4772
8621
10060
8996
10060
98
9555
10152
10285
10310
10285
10177
10178
3101
3122
1452
9695
9495
8098
7739
8098
808
4276
9549
4276
1953
5056
1932
5056
3919
10083
3976
10083
8116
10083
3025
5372
2983
5372
2122
2155
5659
7392
6693
7392
10097
7392
5654
7392
10104
7392
1975
2028
3930
2028
7470
6774
7847
6774
3110
8199
8740
7450
9265
2342
8347
2342
8314
2342
7928
2342
8289
2342
1652
1675
304
305
2503
9165
3054
3163
9553
8654
1370
1366
7286
1366
7523
3797
3912
6631
4221
6631
117
8557
3474
3492
3493
3492
4536
3921
3349
3350
9902
7180
9902
7180
9983
9326
8867
9326
8376
7949
7643
7949
1835
8603
7730
8603
7200
3317
3274
3317
77
10330
157
10330
25
10330
29
10330
3
10330
87
10330
51
10330
27
10330
33
10330
159
10330
75
10330
79
10330
85
10330
89
10330
121
10330
0
10330
10
10330
6
10330
94
10330
32
10330
104
10330
115
10330
119
10330
98
10330
108
10330
2
10330
36
10330
11
10330
117
10330
34
10330
102
10330
111
10330
8
10330
17
10330
43
10330
4
10330
96
10330
15
10330
19
10330
106
10330
161
10330
110
10330
100
10330
127
10330
21
10330
125
10330
129
10330
81
10330
103
10330
97
10330
107
10330
53
10330
118
10330
12
10330
1
10330
20
10330
114
10330
105
10330
109
10330
99
10330
31
10330
16
10330
95
10330
123
10330
28
10330
45
10330
49
10330
122
10330
74
10330
47
10330
158
10330
13
10330
78
10330
130
10330
24
10330
88
10330
126
10330
72
10330
113
10330
26
10330
41
10330
124
10330
30
10330
22
10330
90
10330
86
10330
128
10330
156
10330
76
10330
160
10330
80
10330
116
10330
14
10330
5
10330
9
10330
120
10330
23
10330
7
10330
112
10330
101
10330
39
10330
35
10330
18
10330
73
10330
4618
4620
9891
4620
8318
4620
2138
3974
3952
5491
3809
5491
4509
5922
1831
5922
1290
9144
1307
7471
5698
9589
4194
9589
1713
1735
2508
2524
7617
3323
3280
3323
2833
3055
3058
3055
9433
9763
1436
9099
4132
8791
2266
2275
4205
2222
2226
2222
8008
9303
3237
7198
3213
7198
9749
10092
2270
4156
925
948
9119
948
9359
3371
3372
3371
8868
3371
9365
3371
8839
9944
8828
9944
9776
9944
5739
9944
9331
9944
311
522
414
522
5673
8394
2055
4063
1304
4494
7129
9236
1798
1916
3982
6537
2144
6537
7591
6719
9412
9392
8924
9392
9416
9392
7752
791
9702
1099
10008
1099
4270
1099
859
1099
9619
6634
2891
6634
3454
7260
8431
7260
8435
7260
4869
6516
3572
6516
8596
8948
8051
6997
4044
6997
8972
8080
2991
3019
4260
710
2936
2934
2835
2934
2736
5307
2648
5307
2220
4090
1346
9822
7404
9006
2555
2594
8278
2594
1764
1823
9843
5911
4504
5911
2235
4781
2303
4781
1573
1579
1578
1579
7949
2697
2676
2697
8869
8858
9108
2211
2132
2211
2938
5381
2913
5381
3190
3235
2326
6562
2315
6562
5956
5253
2484
5253
2518
6328
7027
6328
4689
6073
4687
6073
7021
7068
1195
7068
4496
8710
4489
8710
2509
2520
7335
8052
989
1006
1007
1006
5965
5964
9142
4727
9148
4727
4065
4624
3743
4624
3194
3896
857
858
8554
858
9023
858
8429
7984
8873
7984
87
6973
9002
768
9002
251
437
530
437
532
437
2635
6838
4818
5987
4527
5987
2856
2873
2857
2873
2846
7482
655
7967
4619
8286
8318
8286
9079
2357
9665
2357
116
8542
9557
743
4826
3190
3200
3190
7918
3925
1411
1438
8005
1438
3079
7859
4129
5173
3702
5173
2247
2403
2405
2403
665
9502
5306
6615
6352
6615
1646
4713
1670
4713
3071
3111
10240
10204
10311
10204
9707
3382
9771
3382
6907
3382
6906
3382
1870
7152
1306
4641
7527
1817
987
1002
7005
8743
1824
6168
1903
6168
2356
5945
8365
1901
1874
1901
1288
1297
4843
5443
7476
5443
7347
7304
3167
7304
10027
7304
7708
7304
3677
6501
3627
6501
2556
3912
1645
4710
1499
4710
7630
2247
2227
2247
7365
8090
7364
8090
381
514
171
514
176
514
8626
781
6997
2420
8917
2420
2917
2851
2826
2851
3897
6070
8230
6070
10089
8624
8643
8624
7374
8624
6037
6767
3529
6767
1950
6193
1905
6193
7983
7235
7628
7235
9719
7235
4063
5151
2106
5151
50
51
1068
8727
3884
6661
5386
6661
4368
1218
1220
1218
9263
1218
4301
1218
1679
1760
8356
2285
1717
5006
1783
5006
9921
8781
4053
4052
1496
1565
1566
1565
8600
727
1541
7896
2778
6609
2672
6609
3868
5330
6370
5330
3646
4858
3654
4858
401
360
413
360
414
360
5679
3984
10094
3984
3937
5481
3578
5481
2846
3040
104
8641
5931
5170
2207
5170
8901
9375
371
500
188
500
9931
7190
1965
7190
7942
7925
3467
3482
8903
3967
3690
3967
9374
3967
1799
4743
2952
5343
5981
5343
5389
6401
5388
6401
7113
6401
2019
2118
2022
2118
9905
3859
9222
7093
2868
2870
2549
2870
2575
3032
3472
6051
3461
6051
2845
9902
8841
1685
1664
1685
9718
1685
710
713
676
713
712
713
9298
1338
1334
1338
4373
1338
4313
1338
8114
7382
8113
7382
4689
6784
5902
6784
7938
2457
9260
2457
9259
2457
2449
2457
1825
5002
1736
5002
6949
3152
8215
3152
304
307
2573
3005
3617
4542
228
440
523
440
559
440
7459
5840
4420
5840
801
4286
4263
4286
8649
4286
1529
1544
1594
1544
1989
2140
2153
2140
2154
2140
4023
2140
8257
1647
8723
8713
6248
8713
1067
8713
983
8713
9833
8713
4696
8713
1567
8713
9836
8713
1752
8713
1037
8713
1187
8713
3317
3304
3271
3304
2434
2503
2497
2503
3494
7912
9989
7993
5736
7993
4173
7993
3663
4857
4315
4373
9369
4373
7296
4373
8345
1431
1336
1431
7947
1431
7946
1431
4097
6566
2353
6566
7508
3790
9529
728
8308
2123
1993
2123
2039
5081
4184
5081
10053
8473
7434
4261
1248
7533
7510
7495
660
9442
10133
10144
27
1500
4969
3734
4969
2466
6310
2512
6310
8625
8975
1883
1954
9877
5629
2948
5629
6951
5773
9800
5773
6952
5773
7021
5773
9824
5773
1782
5773
4644
5773
1285
5773
1822
5773
6913
5773
1536
5773
1749
5773
5129
5773
7912
4903
4892
4903
9138
8143
9152
8143
1107
8728
3469
6768
3477
6768
7761
7752
1216
1217
4300
1217
9263
1217
3365
9414
33
9094
1263
1720
7621
343
612
645
612
2249
2248
2227
2248
8390
8370
9018
8370
8391
8370
7429
8370
5799
2583
724
3395
4269
3395
958
975
973
975
1226
4470
1243
4470
6973
3722
3946
3722
1181
1223
3999
4181
2953
4181
912
920
7221
3426
3380
3426
8257
1648
7164
2663
7208
2663
5720
5721
1314
5721
1016
1043
1031
1043
2459
2458
2394
2458
1338
1337
1333
1337
14
9532
7582
6990
10235
10234
10207
10234
10223
10234
2503
2811
6696
9446
9947
8351
9947
8351
627
316
7375
7729
789
7729
7378
7729
797
7729
4768
2117
9744
2117
8780
2117
8063
8920
10019
8920
7943
7526
1604
9043
1206
4451
1186
4451
3132
5633
3046
5633
4751
1889
117
202
7903
6686
7127
6686
2095
3968
3600
6489
8721
6489
3629
3655
6970
857
4483
7790
4092
7790
9972
4143
4400
4143
8440
4143
7005
3993
2774
5555
2660
5555
1817
4728
3980
4728
1070
1081
1080
1081
9473
10057
3527
3533
7893
5770
9243
5770
10235
10208
408
419
3218
7067
9670
4370
10309
10252
2635
9842
3488
3495
9957
3495
7274
3495
8821
3495
955
969
7324
8470
8892
8470
8509
8470
7337
8470
8513
8470
894
903
1278
1280
5100
2060
8130
8857
8323
6931
9942
8373
2518
6327
2490
6327
2420
9720
1166
8261
7323
3752
8905
3752
8934
3752
1104
9081
1947
6184
1867
6184
1483
1531
1224
4473
1240
4473
3588
3621
3618
3621
2648
5308
9590
5308
7949
2698
2677
2698
8947
8903
8973
8903
3810
8903
2724
2740
8608
7722
3998
7722
7756
7722
8652
7722
7819
4975
1698
4975
8980
8969
8667
7395
8220
4920
1583
4920
2605
5622
2620
5622
2467
6313
2718
6313
101
7426
9352
4351
9162
5043
9167
5043
1288
1298
3939
8451
7527
1818
8225
6389
2948
6389
2578
2680
848
9319
4351
5751
9327
5751
7267
5751
8795
9273
1999
6793
4028
6793
9231
6167
1762
6167
5794
9932
1965
9932
9941
9932
5795
9932
9207
7084
10324
10258
7110
9846
4485
8181
1417
8181
884
3729
7009
9648
3519
3526
5772
1160
2918
5988
3767
6837
3766
6837
4094
6952
9842
6952
7838
6952
2272
6952
7012
6952
1041
6952
4033
6952
1744
6952
2443
6952
2631
6952
9154
6952
8735
6952
7835
6952
1563
6952
1285
6952
2753
6952
6913
6952
1577
6952
9158
6952
9134
6952
1615
6952
2373
6952
4058
6952
5129
6952
1540
1616
248
572
562
572
530
572
1438
1437
1410
1437
8424
2976
10035
7655
8483
7655
4333
7655
8471
7655
10005
7655
8057
7655
8824
7968
2219
2358
4765
6241
6946
6241
4519
2652
9294
2652
7251
2652
2613
2652
5426
6479
3357
6479
159
2892
2894
9636
2894
4109
6365
3013
6365
2880
5611
9778
5611
1060
1072
7973
1879
1853
1879
9290
1879
7965
1879
3132
6676
3166
6676
7200
3318
3274
3318
75
8076
8558
9874
1462
9270
1462
1464
1462
7589
1462
9550
9521
783
9521
3620
3640
3910
3798
2451
3798
4159
3798
9298
1409
4321
1409
4372
1409
9930
8332
755
756
5193
5194
5937
5194
7497
6862
3753
6862
398
323
2083
2104
3310
5456
4850
5456
8632
8097
719
8305
7742
6980
7866
6149
7834
6149
2073
2027
1973
2027
4083
9072
3349
9072
8732
9072
7401
5659
1734
8756
7896
4924
7894
4924
3321
3596
2647
3936
2933
4191
2808
5246
4176
5246
975
985
10055
10035
9297
2013
2012
2013
416
618
3974
6538
5103
6538
7606
2829
8805
2829
2826
2829
7925
2573
8778
2573
2543
2573
9253
2573
8657
6998
8991
6998
754
6998
8633
6998
10081
8947
8986
8947
2110
9801
9809
9801
2726
9801
227
228
3590
3625
8904
8842
7922
7559
7428
9749
8127
9749
5656
9749
1368
1515
6939
1515
2701
6344
2455
6344
2867
6915
113
220
1603
6094
4694
6094
5784
5783
5784
5783
7371
7049
734
7049
733
7049
9177
8172
4496
8172
10119
8985
10298
10219
7414
10115
9187
6736
5779
6736
928
947
841
842
8416
842
3173
5399
3840
5399
4320
4319
7321
1204
8921
1204
8518
1204
7030
1204
5725
7197
9885
7197
5726
7197
7599
7197
286
592
631
592
10091
10076
9496
10076
8103
10076
77
7763
450
484
385
484
166
484
97
4234
79
3992
5091
7875
5091
2414
4799
1518
1601
6965
7711
6965
7711
1237
1252
1232
1252
8068
8483
7573
3780
64
155
6715
1941
1935
1941
9272
1941
3950
1941
3570
3612
9346
4383
1357
4383
4327
4383
8450
4383
1234
4305
9620
2986
2985
2986
903
5712
891
5712
9081
1135
4021
5072
4071
5072
7475
5356
3028
5356
2961
5978
2117
2302
8083
7318
8581
7318
725
7318
8377
2551
7610
2551
9935
2551
3369
7640
1402
7798
9312
2822
2817
2822
8414
2822
8822
2822
8927
8924
1266
9725
8904
9647
7565
4756
9944
9921
8386
9921
2759
7074
8720
8191
7813
8191
1927
2010
8260
6254
2314
4097
230
231
3348
6465
3338
6465
9939
2690
7250
2690
2676
2690
8385
2690
3764
6379
3014
6379
1861
1865
1862
1865
9885
1706
1686
1706
3688
4332
8589
4332
7717
4332
7973
7596
1853
7596
9290
7596
7965
7596
7310
6909
7311
6909
9582
4558
917
924
909
924
8804
5725
1432
6963
5731
9296
5731
9296
9103
1509
1436
1509
7228
7936
9948
1362
7298
1362
7656
1362
8458
1362
6938
4985
1788
4985
3904
10075
9472
10075
3497
4172
7734
9405
9423
9405
2096
2306
2320
5499
2273
5499
51
10116
7259
7625
7914
8234
7924
8234
7913
8234
9447
5696
660
5696
661
5696
2033
2035
7941
8319
1010
9091
8805
8799
1930
6174
1907
6174
1354
4483
2738
2755
3555
3559
7485
9635
5306
9635
4228
9635
4543
9635
7487
9635
2278
9635
8225
9635
8733
9635
2948
9635
2547
2570
2569
2570
4308
8383
372
376
588
376
9788
9784
1273
1290
8771
1290
9261
1290
8316
1290
3829
10089
757
10089
760
10089
4534
6000
9896
6000
5909
4947
7856
4947
6721
3197
9267
3197
9268
3197
9903
3197
3762
3763
3896
4842
3895
4842
3997
10036
2751
5540
2774
5540
1678
3711
1808
1844
1839
1844
1078
1091
9594
799
2839
7612
1699
1702
1640
1702
3783
6444
8222
6444
1466
7780
4083
7780
1329
1415
7731
4073
1598
6787
1555
6787
7198
3253
3240
3253
4806
2454
3118
3125
9562
4226
833
4226
3379
3381
3940
3381
2073
7151
5236
5235
990
1001
1405
4642
4378
1547
4376
1547
4375
1547
1538
1547
2224
3911
8441
3911
3615
6502
3627
6502
7344
8070
7428
8070
1481
1644
3324
3307
3292
3307
972
9237
8228
6090
3742
6090
1799
1902
7037
8613
3055
7481
10123
9385
8082
8541
8082
8541
7841
5896
1350
5896
743
9001
8117
9001
6995
3964
2095
6745
4153
7330
333
338
637
338
9906
9264
9662
3112
2198
2196
2163
2196
77
296
1329
9804
3951
5095
6204
5095
9093
1585
2260
2265
2262
2265
2202
5126
2182
5126
8969
8051
8981
8051
8545
8051
8564
8051
8959
8051
7686
9702
682
9702
8520
9702
1657
1665
1663
1665
7354
7343
3097
3173
1378
1376
4507
1376
7634
2890
2534
2890
7972
2890
2217
2225
7323
1958
10036
1958
10023
1958
9391
1958
8905
1958
1963
1958
9971
9327
9971
9327
1864
5925
126
724
7657
9972
2238
5190
5935
5190
1800
1906
9726
9245
6909
6709
7300
6709
543
531
544
531
1986
3987
4257
9562
7862
6506
3624
6506
2413
7170
6729
2244
2232
2244
3382
3443
3445
3443
1570
5912
7804
5912
2304
4782
2364
4782
9365
9359
9365
9359
638
641
394
641
9144
4610
1258
4610
86
258
430
614
5197
6561
5201
6561
7379
8627
10068
3945
8600
3945
9691
6764
9580
6764
1802
4195
1428
7840
9609
8724
9227
9172
746
4266
7188
5382
4756
2212
4757
2212
3824
2212
3093
3096
3092
3096
7557
4541
7268
7253
1706
1739
1690
1739
1769
1814
102
261
1986
2046
8080
8073
7709
8073
7706
8073
747
7381
10096
7381
752
7381
4067
3151
7109
3151
1824
5001
1737
5001
326
327
7186
7911
7581
7911
85
125
184
2061
4070
5192
2279
7154
2279
1290
1294
6941
7307
4143
3059
4528
3059
5190
9095
6984
9254
532
520
250
520
1581
9740
8736
9740
3613
9740
4220
3481
3467
3481
5985
5984
9896
7964
4081
2354
4016
2354
3314
3330
9507
8642
531
574
257
574
533
574
7897
8226
9222
7088
2567
3031
541
528
540
528
9572
6052
4554
6052
1094
1095
4480
4613
1297
4613
4060
6402
8791
6715
1103
1126
9507
8610
2534
8782
7971
8782
7972
8782
7236
8782
653
4051
9598
4051
6908
4051
4275
9369
1056
5859
3731
5859
1143
1146
1129
1146
3285
3343
7166
3343
4817
7173
3566
5482
2397
5967
1815
4724
3804
4724
2140
2159
7471
8195
1280
8195
3732
8195
4714
8195
3731
8195
1089
8195
3736
8195
3952
8195
8202
8195
3733
8195
2190
8195
8228
8195
1999
8195
1500
8195
1127
8195
871
8195
3822
8195
4154
8195
3740
8195
4158
8195
8204
8195
3761
8195
3734
8195
3738
8195
8214
8195
3809
8195
4804
8195
4065
8195
1812
8195
6747
8195
6744
8195
4028
8195
1022
8195
4027
8195
4013
8195
3739
8195
4740
8195
3742
8195
8211
8195
4628
4627
5778
4627
8273
4627
416
341
332
341
1877
9162
3168
3170
7293
3170
6982
8266
1795
7987
7416
782
1405
9126
9144
7443
4369
7443
7272
2852
9994
2852
1437
1476
1478
1476
2932
2937
2669
5304
2558
2597
2586
9830
9622
2694
1699
1679
4508
1679
2350
6876
2278
6876
89
151
150
3194
3840
3833
6406
3127
6406
3449
9572
1720
7945
4747
6188
1911
6188
2104
5152
2065
5152
9693
9962
5341
6662
2944
6662
3129
5392
5991
5392
2642
6348
2056
3929
8434
8397
8017
8397
6007
5450
9699
5450
2061
9895
1907
5016
4099
5016
8240
6098
1497
6098
9513
7372
4498
4497
8124
10103
7173
2962
2898
2962
3802
2962
4524
2962
9743
6534
2147
6534
7322
9382
7322
9382
7162
8750
2678
6619
5306
6619
3011
6637
2891
6637
8255
7855
674
7855
2401
4792
735
6994
736
6994
3823
6994
4516
5949
2322
5949
7751
9613
756
9613
7374
9613
7900
4720
7118
4720
3449
3472
2084
3977
3238
9579
5700
9328
2205
5180
4163
5180
9435
2410
8883
2410
2865
2880
10098
2527
8114
2527
7548
3183
9555
750
258
594
632
594
4388
1386
5723
1386
4
4238
1183
1208
7762
8657
9672
3794
8797
6731
2281
5198
3754
10112
7436
8554
7196
8771
1461
1575
1549
1575
2992
3015
414
356
3634
5471
4210
5471
62
146
121
3241
3239
7263
3239
1510
7491
8782
2898
8788
2898
4139
8703
9140
8703
2427
2513
3317
3314
3272
3314
9736
7922
2513
5260
2447
5260
7422
771
7832
4928
1612
4928
8398
2441
8806
2441
4162
2441
958
9238
8478
657
1532
6080
7854
6080
10187
10188
9732
1830
1827
1830
3387
3391
6741
2108
10151
10254
10141
10254
7825
6777
7455
6777
10094
703
1405
4083
10322
10300
10155
10300
7499
8720
2442
8720
4620
8720
1817
8720
4720
8720
3009
8720
4750
8720
4657
8720
4445
8720
9178
8720
9177
8720
4036
8720
3025
8720
5915
8720
9187
8720
7502
8720
3980
8720
9170
8720
2102
8720
7873
8720
8236
8720
2797
8720
1148
8720
5301
8720
4496
8720
7513
8720
4121
8720
7880
8720
3863
8720
2343
8720
4706
8720
2983
8720
7874
8720
4012
8720
2178
8720
7877
8720
3992
8720
5779
8720
4489
8720
4075
8720
1302
8720
5979
8720
3703
8720
5985
8720
4006
8720
6839
8720
7519
8720
7875
8720
6300
8720
2325
8720
2704
8720
2630
8720
7879
8720
4684
8720
7509
8720
2981
8720
2608
8720
4688
8720
9181
8720
2756
8720
7871
8720
6817
8720
7882
8720
7512
8720
4057
8720
7511
8720
7872
8720
2410
2510
3733
6178
4013
6178
6905
10013
7332
10013
7937
7929
1014
1016
1015
1016
8919
9979
9313
3372
8419
3372
3368
3372
3828
10063
2128
2133
215
502
374
502
730
9495
1685
1689
9884
1689
2655
6886
2754
6886
3420
5833
3435
5833
44
8333
1486
1489
1486
7141
3855
2413
2427
2369
2427
791
792
1346
8238
3978
7100
2861
2863
7564
5317
2542
5317
2641
7472
9997
4397
8831
7977
2219
9213
2566
3009
8305
720
7594
1848
7959
1848
6713
1848
1852
1848
2849
5350
8520
8497
405
442
9236
9179
3515
9179
3695
9179
2092
5492
3846
5492
10093
9016
8668
9016
1785
5921
1778
5921
3354
6448
3266
6448
4205
2221
2226
2221
7222
7183
2121
7183
1804
4750
3587
8792
3587
8792
8468
5797
8016
5797
8442
5797
9206
5163
2078
5163
5662
10072
9482
10072
8388
1807
7232
1807
9311
1807
1661
1807
6951
3033
6952
3033
1957
7794
2597
7794
2880
7794
2289
7794
3086
7794
2209
7794
9653
7794
3348
7794
8233
7794
1643
7794
2044
7794
1908
7794
4059
7794
3649
7794
9775
7794
1620
7794
3877
7794
2338
7794
1934
7794
3839
7794
3117
7794
5349
7794
6948
7794
2902
7794
5999
7794
4116
7794
3172
7794
2131
7794
3226
7794
6493
7794
3315
7794
9778
7794
2484
7794
2467
7794
2367
7794
3207
7794
3338
7794
2090
7794
3362
7794
9816
7794
3601
7794
9838
7794
2730
7794
3141
7794
2191
7794
1609
7794
3856
7794
9651
7794
3157
7794
4821
7794
7727
8928
7355
8928
9262
2341
8314
2341
7928
2341
2226
2341
397
325
2317
6258
2344
6258
2556
5323
9237
7078
5323
6632
9629
6632
10162
10299
10170
10299
641
620
3833
9815
1916
9815
3559
9815
3173
9815
3840
9815
9853
9815
1742
9815
1953
9815
5102
9815
3673
9815
5341
9815
6005
9815
2481
9815
2634
9815
3955
9815
2444
9815
5930
9815
6332
9815
2040
9815
3635
9815
3013
9815
4516
9815
6826
9815
1819
9815
3975
9815
3041
9815
3127
9815
2158
9815
2758
9815
3713
9815
6010
9815
3941
9815
2255
9815
2322
9815
3850
9815
3935
9815
3899
9815
1932
9815
3340
9815
2944
9815
9819
9815
3474
3491
3493
3491
5976
5974
7320
7314
3923
3922
7001
1753
7004
1753
7217
1753
9944
7239
10251
10332
10274
10332
3441
4554
927
928
918
928
1517
1569
2218
4771
1475
4657
10152
10153
10310
10153
2283
2289
1894
6200
1951
6200
6929
7391
2412
2413
8358
2413
4656
6063
1468
6063
407
362
542
362
1653
4703
3119
3121
3101
3121
10236
10205
10177
10205
7725
8083
8604
8083
4223
8083
2912
5371
3023
5371
6932
6605
2773
6605
7093
9730
9172
9730
7866
9730
9176
9730
8245
9730
7867
9730
9197
9730
7096
9730
7095
9730
8246
9730
7101
9730
8235
9730
8232
9730
8243
9730
7103
9730
8250
9730
8248
9730
9185
9730
8247
9730
9175
9730
9192
9730
8992
8981
10085
8981
2431
4806
2449
4806
1092
5876
8218
5876
10081
1960
8986
1960
3491
9586
2869
2888
9733
7501
4793
6304
2378
6304
2183
5188
9217
5188
1760
6152
1677
6152
120
4255
7964
3784
1300
9069
2044
5075
4116
5075
8639
5662
8993
5662
5929
2176
4022
5406
3123
5406
9894
7168
7814
1425
8196
1425
2440
8364
1362
1656
1633
1656
9358
981
980
981
855
981
996
981
3328
6859
3295
6859
6722
4608
1254
4608
3400
3401
8253
3401
7032
7615
1302
4464
7871
4464
381
513
174
513
383
513
3922
1459
3924
1459
4317
1459
7270
1459
8628
4093
9509
4093
7727
4093
1379
8329
4277
1412
5683
1412
4279
1412
8938
1412
5682
1412
1873
1882
1936
1882
1070
1069
1052
1069
2438
2446
1287
7838
4367
9239
3936
2649
5972
2649
7191
2649
8335
2649
4045
6482
6009
6482
280
469
525
469
7257
6967
7145
2805
3795
2805
6585
2805
7567
3609
3608
3609
4824
9640
6396
9640
9361
9357
2504
4802
2049
6984
1267
1249
1220
1249
3038
3076
3075
3076
3172
5402
3207
5402
836
839
8485
4322
7711
8068
8085
8068
6965
8068
9425
9410
8942
9410
5794
8387
9299
8387
8825
8387
1190
5715
897
914
2237
2256
1530
6088
1600
6088
4658
7052
4655
7052
2796
4175
2740
4175
8756
4175
9748
4175
9223
4175
9206
4175
3605
4175
4553
4175
9216
4175
9229
4175
8757
4175
3354
4175
2661
4175
2320
4175
6733
4175
9228
4175
3884
4175
9691
4175
2001
4175
9203
4175
9204
4175
9201
4175
3202
4175
3175
4175
3554
4175
4082
4175
3654
4175
3505
4175
3616
4175
9224
4175
9214
4175
2451
4175
3843
4175
9212
4175
9756
8169
1343
4487
3609
3661
3098
3193
1602
4943
1562
4943
2287
3767
7605
1396
1381
1396
9679
7562
3945
7328
8071
7328
403
381
453
381
2818
2832
4528
2832
8554
8914
1062
4445
5749
9922
3818
9922
9647
8839
626
217
7016
8345
9579
9578
9453
9329
4238
8608
1459
1512
9933
1512
9489
9424
329
350
570
350
910
4364
903
4364
4386
1359
9938
1359
8381
1359
7238
1359
10126
806
1358
6912
3500
3501
8480
4329
9984
4329
4327
4329
7716
4329
9752
4329
3058
9186
8891
8464
1020
1075
9115
1075
7473
6382
9738
6382
4658
7784
1472
7784
419
495
211
495
7304
3168
7685
3168
8046
3168
376
378
199
378
2663
5561
2679
5561
9199
5764
963
5764
642
605
348
605
2218
2346
1757
4981
1789
4981
4201
2023
1971
2023
136
7401
3692
8806
8061
9986
7728
8093
7603
2819
8809
2819
9958
2819
7249
2819
9815
9802
9810
9802
3583
3615
7836
2734
7484
2734
1353
9075
2046
5069
2145
5069
1492
1525
8787
3838
7936
2054
6974
2054
6987
2054
6986
2054
6985
2054
6975
2054
2379
5506
2331
5506
2089
2299
2298
2299
1230
1274
7219
1274
4307
1274
4304
1274
10259
10152
10140
10152
7887
8255
673
8255
10060
6925
7367
6925
8224
6190
4746
6190
3412
5709
2780
6896
9857
6896
8809
7609
9966
7609
4232
7609
8973
8943
2570
2674
2675
2674
1639
1699
4389
1699
5746
5745
8300
2577
7564
2577
9777
2577
6753
2577
1503
1496
1371
1496
10121
802
8595
9334
2015
2017
8357
2017
2832
4068
5998
4839
3895
4839
3976
9704
9526
9704
7386
9704
8876
8445
8053
8445
8890
8445
1469
4914
1506
4914
3913
9978
7318
4345
9411
4345
9327
7193
8792
7193
4407
7193
9624
7193
7267
7193
802
7767
5102
6235
4760
6235
944
943
931
943
854
7661
8891
7661
9652
7661
856
9367
1045
9367
7971
8802
7972
8802
8845
8802
7236
8802
3304
3328
8349
5787
3567
3562
3376
3562
9577
7090
78
9522
7298
4387
7656
4387
8458
4387
10263
10224
9596
8322
6967
4169
9954
4169
7031
4169
2070
4169
4495
8175
1446
8175
3873
8487
1122
1154
1844
9178
4077
5502
2288
5502
2307
5200
2251
5200
3621
3634
455
282
3588
9577
7164
3719
658
3537
10049
3537
10070
3997
6989
3997
9483
3997
8657
4147
8990
4147
9499
4147
3485
3516
3486
3516
8492
853
852
853
2563
9853
3721
7749
4266
7749
9515
7749
9319
907
706
907
906
907
9002
1626
8115
1626
763
1626
2959
6371
4820
6371
7691
8036
2859
5605
6916
5605
4499
7063
3735
7063
2841
2900
9866
4185
9742
4930
1567
4930
1643
4972
1497
4972
1287
4477
2513
5258
5966
5258
26
7416
9229
6323
2516
6323
3933
6078
7856
6078
3133
5632
3047
5632
10305
10283
10306
10283
8611
9463
4031
8853
5740
8377
9779
8377
3070
3086
7228
6974
1827
1828
6741
2110
10041
8907
8590
8907
8895
9358
712
9358
852
9358
10144
10333
10156
10333
10262
10289
10296
10289
8033
9715
7687
9715
8013
9715
8338
8311
8338
8311
213
215
209
215
9297
9931
1958
9931
2638
6350
4098
5047
1894
5047
6493
6492
9208
6921
1240
6921
1147
6921
1073
6921
9220
6921
2093
6921
8265
6921
5960
6921
7529
6921
6005
5448
3311
5448
7854
6100
4697
6100
4801
6317
2462
6317
1877
1892
1403
1521
1520
1521
4101
8748
4101
8748
3281
3631
3595
3631
1885
6797
1931
6797
1730
6163
1740
6163
9669
7732
2899
7136
988
991
976
991
2113
2186
1374
4718
7982
1935
1838
1935
2005
5085
2037
5085
590
555
560
555
1521
1595
445
526
407
526
9014
7705
9535
7705
2290
2408
2409
2408
2209
5178
2090
5178
7579
3774
2865
2878
8982
8546
7727
8546
8584
8546
9556
748
8946
1433
4105
1433
8576
1433
3926
1433
3784
9841
3785
9841
4533
9841
9209
7866
3
4240
9761
8991
9754
8991
1132
5886
1109
5886
9090
1210
4802
6833
2437
6833
10325
10323
4112
7719
1413
9177
3776
7537
7547
7537
9448
8930
9455
8930
9445
8930
8624
8972
10080
8972
10322
10139
1422
8185
6940
8185
7011
2127
8290
2127
7026
2127
2068
2127
8486
7634
10003
7634
7995
7634
8895
8477
2343
6260
6817
6260
7546
7516
3617
7516
8599
9453
1898
2004
7546
4853
7663
7997
4175
7080
9758
7080
4325
4377
8462
4377
4323
4377
4326
4377
7280
4377
9639
4377
192
193
1878
4036
1264
5777
3535
4907
3505
4907
2546
2545
2535
2545
7492
3749
3198
3749
4772
3749
1760
3749
4370
3749
1601
3749
2302
3749
1814
3749
5323
3749
1421
3749
4748
3749
5385
3749
2205
3749
2751
3749
1618
3749
9629
3749
2621
3749
2794
3749
2391
3749
4682
3749
1560
3749
2774
3749
4086
3749
2970
3749
2082
3749
7033
3749
5959
3749
2915
3749
2701
3749
5718
3749
8745
3749
9676
3749
4767
3749
5325
3749
3147
3749
3185
3749
6390
3749
2009
3749
1299
3749
4722
3749
1738
3749
1884
3749
4491
3749
2695
3749
2455
3749
1677
3749
4492
3749
4163
3749
3128
3749
1219
3749
3106
3749
2660
3749
1260
3749
1318
3749
2329
3749
4215
3749
4766
3749
4700
3749
2947
3749
1501
3749
3960
3749
1469
3749
2989
3749
1506
3749
4651
3749
1909
3749
10258
10290
10212
10290
397
565
596
565
1123
1141
1137
1141
4314
9368
4314
9368
4312
4311
4312
4311
931
930
921
930
3388
3416
956
972
967
972
1216
1213
1188
1213
2574
9863
10227
10243
10155
10243
9455
9977
7655
5731
1892
6198
1946
6198
7491
8147
7852
8147
8848
1871
8832
1871
4847
6471
3600
6471
2592
2587
2554
2587
688
9531
2585
2684
1221
1267
1250
1267
1016
1047
1046
1047
2370
2508
2498
2508
840
8718
1910
6180
5019
6180
2571
2667
2653
2667
4370
1284
5718
1284
8237
6949
6347
6949
1298
6949
8234
6949
2041
6949
2884
6949
2517
6949
2295
6949
1672
6949
4488
6949
9843
6949
2978
6949
4040
6949
1445
6949
1730
6949
8252
6949
4217
6949
2177
6949
1913
6949
3982
6949
1155
6949
8241
6949
1740
6949
8242
6949
1890
6949
2650
6949
3014
6949
1317
6949
3048
6949
8244
6949
2087
6949
1241
6949
2713
6949
10266
10151
1204
1227
1202
1227
10258
10229
10314
10229
1851
9085
8781
2564
7184
2564
5302
2564
3966
2761
1980
2041
8412
7631
3484
4546
1334
1333
4371
1333
3122
3136
5382
3136
9832
4991
1743
4991
1482
8240
1082
3732
419
497
212
497
374
497
3808
7098
8755
7098
6434
7098
1330
1421
1114
9047
1847
1850
7923
1850
127
718
4100
2113
2167
2113
1069
1085
4294
1085
3115
6392
3044
6392
2929
5348
3760
5348
709
7774
9566
7774
3310
6450
4845
6450
2502
3705
9475
9441
3289
3866
289
290
1841
4748
3183
5994
3143
5994
2806
5534
9592
5534
3041
5637
3935
5637
5620
5619
2573
9748
9886
1650
1655
1650
3828
8064
911
918
921
918
9089
2137
2992
3905
4691
6084
1567
6084
7918
2460
9737
2460
2420
2423
3913
2423
7661
995
4207
995
8472
995
8457
995
3370
3375
3376
3375
409
370
9913
7145
2495
5241
3665
3666
3064
3131
2117
6988
8203
5837
7081
5837
5953
5952
10317
10206
4233
9500
3450
3469
195
197
191
197
2297
2271
2261
2271
8042
8493
7182
5101
8938
8918
9642
4789
2236
4789
1588
1591
1586
1591
2726
6622
6751
2867
4816
2867
4096
2867
2550
2867
1845
1946
7969
4393
4217
5313
3007
5313
7987
7973
9925
6751
7658
5793
1967
5793
3955
5167
5930
5167
2957
2959
7409
7369
9000
8995
7754
8995
7549
5389
823
8535
822
8535
1591
3970
9928
3932
7336
7324
7336
7324
2875
7475
0
9721
7187
2855
7187
7215
7187
7218
7187
5977
5327
3014
5327
4497
9820
7520
9820
8759
9820
9536
730
2361
5184
2332
5184
3862
3788
2572
7164
3964
9026
4769
9026
7460
9026
8188
9026
7597
1803
1725
1803
2172
5931
8052
3037
9588
3037
7325
3037
4124
3037
8524
3037
8387
2231
8368
2231
7590
2231
2230
2231
1681
1757
1650
1671
2870
2884
4799
6308
3947
6308
1322
8045
8262
8730
7921
8730
7896
8730
7533
8730
1126
8730
2523
8730
2292
8730
4765
8730
1224
8730
9208
8730
7503
8730
9199
8730
7076
8730
7524
8730
8268
8730
1240
8730
1147
8730
7894
8730
1110
8730
7518
8730
7893
8730
8270
8730
7904
8730
6928
8730
8258
8730
9243
8730
963
8730
6924
8730
1442
8730
2160
8730
1087
8730
6927
8730
3920
8730
9221
8730
1073
8730
1815
8730
9220
8730
1668
8730
6946
8730
3875
8730
2189
8730
2349
8730
9247
8730
9235
8730
4024
8730
7901
8730
1034
8730
3804
8730
7916
8730
8281
8730
1729
8730
6926
8730
2387
8730
7531
8730
1025
8730
3958
8730
2470
8730
2093
8730
5960
8730
2363
8730
1178
8730
7529
8730
934
8730
7895
8730
1377
7834
3234
3242
5815
6770
4552
6770
5698
3586
4194
3586
8331
7919
3395
7919
1576
4653
1007
1026
1013
1026
2279
6555
2236
6555
1969
4201
1967
4201
1980
3951
1297
4604
1276
4604
378
493
553
493
186
493
1648
4707
1490
4707
8387
8368
2249
2250
2228
2250
9475
8087
4655
6067
4687
6067
1245
4468
1276
4468
2432
2417
8358
2417
1304
4493
1332
9101
1582
4918
1612
4918
7612
8789
1986
4064
5801
8393
1283
1300
9118
1300
4017
7905
8111
7375
7041
7375
71
138
3080
3145
1742
4995
1728
4995
1767
1820
8028
7666
4086
5489
7033
5489
2578
2678
112
226
3564
7469
3057
9900
9619
6633
2607
6633
7202
4535
3199
4535
7475
3012
7474
3012
8920
5686
3199
6721
4294
1101
1100
1101
788
789
9523
789
5725
1692
7614
1692
1666
1692
316
449
358
449
1651
3973
2995
3025
1139
1158
7673
3369
9395
3369
3367
3369
8030
3369
9860
5990
3453
3475
3452
3475
3095
3187
9937
7932
7253
7970
5745
7970
3068
7970
9945
7970
3326
3324
3280
3324
2341
2360
2414
2523
224
515
365
515
219
515
1223
7788
8214
7788
1818
4730
1906
4730
8255
8201
674
8201
3061
3164
88
8653
8270
5768
963
5768
1163
4368
8268
8707
7916
8707
2507
2517
726
8604
7187
2996
3700
2996
8764
2996
7556
2996
2976
2536
4521
2536
3693
2536
2531
2536
7683
8468
10011
8468
1557
1572
3742
1572
3343
4045
2276
2292
8785
7586
8350
7586
7939
7586
1267
1278
8321
1278
8769
1278
8334
1278
3829
3919
6972
3919
8785
2058
2066
2058
8350
2058
7939
2058
4232
3834
7288
3834
2533
7242
1916
5026
1932
5026
8420
653
9940
7951
2731
5566
2623
5566
7100
5310
8749
5310
3979
5310
710
9381
2264
4087
3498
6773
3476
6773
2597
6629
9775
6629
4259
707
8007
9317
5286
2700
2749
2738
2675
2738
10
9634
7861
1092
8744
3725
8744
4913
8744
6749
8744
2811
8744
4703
8744
5777
8744
1813
8744
5961
8744
7863
8744
2328
8744
1944
8744
7864
8744
3846
8744
1279
8744
4187
8744
1133
8744
4446
8744
4127
8744
1719
8744
1784
8744
2181
8744
2651
9116
5197
9116
3974
9116
1647
9116
3596
9116
6000
9116
5967
9116
1830
9116
9179
9116
4771
9116
9186
9116
3328
9116
3136
9116
3951
9116
9171
9116
1891
9116
3188
9116
4747
9116
7862
9116
5303
9116
5103
9116
6250
9116
7870
9116
7883
9116
2711
9116
5316
9116
3890
9116
5934
9116
9173
9116
3088
9116
7868
9116
9183
9116
3295
9116
2746
9116
3020
9116
3148
9116
5201
9116
9174
9116
3305
9116
2595
9116
3610
9116
5928
9116
2895
9116
3624
9116
3565
9116
9194
9116
9180
9116
6333
9116
4761
9116
9168
9116
2972
9116
7865
9116
4878
9116
5957
9116
1790
9116
2943
9116
2336
9116
5589
9116
1911
9116
6760
9116
9182
9116
3001
9116
9169
9116
3672
9116
6204
9116
6008
9116
5099
6540
9214
6540
1637
7000
3519
9223
4287
8077
7351
8077
3870
7257
6402
3109
8758
3109
6397
3109
8539
7303
9396
7303
7703
7303
4844
5444
7483
5444
3196
9571
3560
3576
2165
9961
743
744
1081
1116
1100
1116
7778
6696
9023
6696
34
10127
410
583
336
583
4523
2874
2857
2874
1881
1899
1868
1899
3661
6499
7830
6499
8583
10023
4716
4714
7633
9735
9296
9735
9946
8336
9946
8336
1260
4639
1318
4639
8074
9684
1262
4617
7802
4617
10102
10099
2247
2404
2405
2404
4032
5174
6248
5174
8726
3778
2375
3778
4214
3778
9227
9161
979
4436
962
4436
2169
7485
3287
3347
7209
7177
7495
9133
7479
9133
2119
9133
6742
9133
2051
2209
2938
5379
2949
5379
6
528
434
525
434
281
434
94
3279
3320
7617
3320
9695
9874
6919
8216
6921
8216
6922
8216
8739
8216
8746
8216
6920
8216
8560
10006
814
10006
10015
10006
815
10006
3604
5465
3337
5465
2993
3021
32
7996
7983
7996
7983
8955
8560
3622
3638
3801
3800
7228
8765
1384
5909
4480
4623
1320
4623
2303
4779
2105
4779
1565
1581
1721
6725
61
5965
5963
4811
6356
2750
6356
7107
2593
389
635
645
635
7773
6978
694
6978
1764
1824
7275
9933
1453
9933
192
195
2100
9206
885
7447
9474
10071
4112
10071
7361
10071
3384
3385
4354
3385
2835
2933
2920
2933
4111
6712
1620
6074
1562
6074
2520
5254
2477
5254
2430
2435
2429
2435
3471
9825
3815
9825
9893
9825
6352
9825
7473
9825
7842
9825
3498
9825
4849
9825
4551
9825
9738
9825
8715
9747
764
765
36
10131
9194
6399
2943
6399
562
517
247
517
532
517
8008
9318
7128
3861
3882
3861
104
1554
6783
9770
6783
3241
3257
3270
3257
3472
6049
3479
6049
1895
9623
5737
5736
2271
4077
4337
4336
4337
4336
7418
8639
7408
8617
3271
3303
3294
3303
2369
2504
4517
2504
1710
9171
8237
8714
6347
8714
5977
8714
8199
8714
4494
8714
1298
8714
8234
8714
3151
8714
1208
8714
2346
8714
2041
8714
9820
8714
2884
8714
2517
8714
9193
8714
2687
8714
2007
8714
2295
8714
3764
8714
1556
8714
9608
8714
4148
8714
1672
8714
1754
8714
4488
8714
9843
8714
1259
8714
2659
8714
2978
8714
1816
8714
4040
8714
1445
8714
1730
8714
1172
8714
8252
8714
4217
8714
2177
8714
1913
8714
1301
8714
3982
8714
3114
8714
2334
8714
1155
8714
8241
8714
2901
8714
1740
8714
8242
8714
1890
8714
2650
8714
1933
8714
3007
8714
3014
8714
2741
8714
4482
8714
2144
8714
1317
8714
3048
8714
9683
8714
4504
8714
1416
8714
8244
8714
2087
8714
4030
8714
2463
8714
1241
8714
2713
8714
8883
8436
8386
2568
3720
2568
9294
2568
8771
1288
1274
1288
9261
1288
8316
1288
2013
7576
1529
1543
1546
1543
4021
5116
9908
5116
1860
4744
115
2297
2282
2268
2282
3229
5998
6372
3062
5324
3062
29
10123
7456
9701
9165
9701
7074
9701
7481
9701
7855
9701
3661
9701
3767
9701
7475
9701
7469
9701
5310
9701
3402
9701
717
9701
7489
9701
7837
9701
3768
9701
7825
9701
8203
9701
7457
9701
3755
9701
3248
9701
7458
9701
3358
9701
2929
9701
3766
9701
2469
9701
7460
9701
3360
9701
7836
9701
7845
9701
3407
9701
7474
9701
7467
9701
7484
9701
3028
9701
7081
9701
3769
9701
7488
9701
7464
9701
7839
9701
7468
9701
7493
9701
3765
9701
7857
9701
7470
9701
3113
9701
7483
9701
7497
9701
7494
9701
2982
9701
7847
9701
7461
9701
3760
9701
7466
9701
7462
9701
3753
9701
7830
9701
8738
9701
7476
9701
7459
9701
3757
9701
7843
9701
4812
9701
7455
9701
4420
9701
4767
6246
2009
6246
75
310
7501
2215
8251
2215
4755
2215
9856
5538
2801
5538
8910
9390
8533
9390
4056
9390
4224
9971
3366
9971
713
714
696
714
700
714
8761
5915
9210
5915
3515
7094
1710
1742
9461
9649
0
9561
2764
2766
3884
5344
5982
5344
686
7778
3977
5149
2064
5149
10
9533
7611
3485
3371
3485
8816
3485
8353
3485
7269
1856
7302
1856
8971
7347
9458
7347
168
169
1235
9250
3067
3177
3818
3177
7482
6659
2946
6659
7343
7320
9977
7320
9617
6456
3297
6456
9534
9474
2945
5980
7309
7638
1436
7800
4389
1682
1634
1682
2098
2335
210
213
8662
3983
9508
3983
9754
3983
10115
779
2829
2849
7592
2849
1924
2008
119
2915
5365
2989
5365
7873
6611
5301
6611
5677
5676
73
304
3058
3115
7911
9606
7906
9606
7952
4216
8794
4216
3640
5479
6015
5479
2590
2688
9814
3447
684
10111
6688
7385
7758
7385
2139
2162
1054
5862
1074
5862
969
4560
983
4560
7239
8779
7951
8779
9909
8779
107
8623
1946
6194
1912
6194
2130
4765
375
506
207
506
187
553
1217
1245
1647
9044
7870
9044
9182
9044
4408
8816
3290
3605
675
7777
1402
9193
10140
10310
98
8047
9366
2434
2809
7582
2809
2796
5516
3957
5516
8999
8992
8640
8992
2266
4179
5964
8165
2381
8165
3229
5997
3694
8296
4228
5537
6349
5537
4309
5719
8383
5719
9266
5719
1257
5719
4720
4950
7879
4950
9922
3200
3832
3200
3775
5634
9877
5634
8322
835
546
446
452
446
1017
1044
1031
1044
7437
816
662
8618
7368
8618
667
8618
1875
1891
8349
1891
1519
1522
1403
1522
9557
9515
10227
10269
10155
10269
429
485
162
485
402
485
2
388
3719
2664
5299
2664
5300
2664
1273
1287
1268
1287
6493
6491
3601
6491
8985
9993
8664
9993
811
9993
2541
2567
2542
2567
9243
6922
6924
6922
1442
6922
1668
6922
9247
6922
7901
6922
3958
6922
1184
1224
1463
4646
4659
4646
7596
8349
6690
7731
8106
7731
982
992
967
992
4256
10102
3325
3632
3630
3632
1732
4078
8728
4449
1151
4449
2107
9663
4480
9663
6932
9663
1297
9663
9846
9663
1160
9663
1072
9663
2306
9663
9895
9663
1569
9663
4802
9663
1525
9663
2186
9663
2004
9663
2360
9663
1245
9663
1810
9663
2773
9663
1904
9663
1179
9663
3897
9663
1956
9663
2323
9663
1004
9663
2655
9663
7454
9663
1558
9663
1792
9663
3874
9663
9743
9663
1039
9663
8230
9663
1641
9663
1948
9663
1276
9663
3816
9663
4662
9663
1049
9663
2437
9663
2706
9663
4719
9663
9861
9663
1446
9663
4001
9663
5620
9663
1209
9663
9823
9663
6943
9663
2754
9663
9897
9663
4166
9663
9829
9663
1132
9663
1086
9663
2147
9663
8256
9663
2487
9663
9610
9663
1109
9663
2201
9663
2799
9663
1320
9663
1145
9663
1745
9663
1040
9663
1676
9663
8445
8835
3271
3258
3240
3258
10009
9987
8914
9987
9023
9987
685
9987
1643
4971
1673
4971
2941
5631
3044
5631
3735
8144
3872
8144
10327
10225
8367
8312
8786
8312
8342
8312
5722
1429
7619
1429
9812
1429
1335
1429
8810
4100
2070
4100
1447
9065
7610
2584
3920
5079
4024
5079
3438
3448
2590
2687
5719
1264
1256
1264
9597
4259
7553
7534
3073
8325
8814
8325
9974
8325
7220
8325
9295
7619
1251
9187
9968
7637
10012
7637
8044
8474
8191
3886
1440
1455
1454
1455
8308
2124
1993
2124
1924
2007
7937
4374
9718
7994
5996
6855
4845
6855
3170
3178
3169
3178
3482
4904
5815
4904
1222
5774
1239
5774
705
7348
8311
2645
2636
2645
8338
2645
2643
2645
1883
1953
4072
9795
5655
10093
7403
10093
1048
1065
1064
1065
364
366
2928
6372
4619
4618
3114
6391
2291
2326
8484
5749
3938
5749
9633
5749
9713
5749
9386
5749
20
9593
10215
10270
10136
10270
4654
7083
1330
1422
9938
7605
1390
7605
8381
7605
7238
7605
4537
3777
6037
6036
1688
1695
1696
1695
754
8646
2935
9653
7337
4349
8470
7200
7226
7200
8907
950
8911
950
9587
4835
3181
4835
8479
8449
8877
8449
8035
8449
7306
9356
40
7135
4816
10162
10309
9178
5044
4036
5044
3319
9915
2617
2762
8360
2762
4765
9731
1224
9731
7503
9731
7518
9731
8254
9731
1087
9731
3804
9731
1178
9731
3830
6314
2480
6314
4082
6239
4155
6239
9464
646
7500
4165
1890
6794
1933
6794
4485
8179
1350
8179
1821
4992
7803
4992
1060
3731
7216
3066
6718
3066
7220
3066
8965
8950
8960
8950
4331
7258
1981
2042
1313
7632
1157
4296
7642
4296
9330
4296
1835
8078
7730
8078
3204
5416
3223
5416
19
391
9139
4474
1225
4474
8872
5732
8031
5732
4047
5732
1867
6183
5061
6183
7485
5136
2062
5136
351
352
9362
4325
7980
8374
9973
8374
2227
8374
9959
8374
956
971
973
971
7745
1355
9768
1355
108
4847
6472
4849
6472
8125
8100
6710
8100
1630
6977
8931
8904
3903
8904
8936
8904
7233
2030
2029
2030
1855
1872
1837
1872
4293
1079
1046
1079
7180
2836
9902
2836
7573
2836
2820
2836
2663
7448
2279
7448
2159
7448
3184
7448
3132
7448
2065
7448
2949
7448
4820
7448
2800
7448
3423
7448
4149
7448
2462
7448
3046
7448
4763
7448
4072
7448
9817
7448
2000
7448
2378
7448
3135
7448
3433
7448
2913
7448
3622
3637
3276
3619
7230
3619
8291
7886
9241
7886
3527
3534
3196
9587
4080
2815
8838
2815
8840
2815
2816
2815
8969
4144
4047
4144
8545
4144
8564
4144
4902
3994
7560
3994
9517
8971
4174
9641
1087
5866
1073
5866
8800
2166
9942
2166
4510
2166
8571
9411
9427
9411
725
9411
1143
1142
1123
1142
10063
5705
8064
5705
9711
5705
894
904
6987
7178
1704
1726
1684
1726
6955
6929
6954
6929
3288
3348
6980
4312
4274
4312
9480
4312
2274
2295
7543
8259
2253
9079
2004
5065
9897
5065
1494
1529
1527
1529
238
563
567
563
100
4233
1274
7561
76
7764
8291
3406
5671
3406
7705
1203
8075
1203
6841
6840
3609
3662
3095
3188
5722
1440
1439
1440
9295
1440
2
1393
5784
4385
4384
4385
4384
5717
9188
10021
8484
10178
10236
10317
10236
10006
1157
10007
1157
9402
1157
8507
1157
36
2818
2831
4528
2831
9956
3876
8
9530
8402
2677
9975
2677
10335
10150
9252
2574
8777
2574
2543
2574
2042
5089
2148
5089
1518
1599
2511
4801
9612
7709
7169
1939
1929
1939
7537
7506
7534
7506
4743
6170
1825
6170
2013
2014
9931
2014
8223
6093
1536
6093
6953
7051
4683
7051
7524
4917
4685
4917
2456
6343
2719
6343
9369
4321
4277
4321
9419
4321
9360
4321
4316
4321
3201
5401
3224
5401
5688
9988
182
183
279
280
8862
708
9443
4088
10047
4088
9709
4088
4018
4088
4315
1411
9369
1411
1412
1411
7296
1411
981
982
974
982
8078
3715
2022
9904
11
2079
2103
4074
2737
6345
2737
3400
3402
8253
3402
3930
9976
2029
9976
8785
2057
8798
2057
7953
2057
8342
2057
10226
10146
9689
8860
3356
6481
3332
6481
1249
1277
8592
9440
2878
5609
2858
5609
7503
4923
7894
4923
1873
1881
1936
1881
2379
6330
2490
6330
9594
7745
247
248
3837
2518
8249
2518
2876
2893
2892
2893
4681
7070
3741
7070
1116
4367
5967
8708
5957
8708
1139
7502
7522
9176
2576
4189
3036
8982
9765
8982
239
487
442
487
567
487
8061
8467
8352
860
10099
860
9671
860
9170
7787
7874
7787
8270
5767
9243
5767
5936
5193
1754
6151
1730
6151
785
5661
2132
9089
8024
8801
154
7406
3374
3561
3547
3561
2190
5168
3761
5168
2911
3764
1651
6945
3059
7188
3077
7188
8567
7662
9254
2120
7178
2120
6985
2120
2021
2120
8591
8917
4334
8917
4044
8917
4002
6443
6001
6443
2323
5501
3874
5501
4088
9588
4522
2868
9277
2868
9278
2868
7224
2868
2245
9930
1808
1843
1922
1843
8334
8321
8334
8321
9889
7876
1309
1340
1324
1340
9084
3709
1078
1089
800
801
1457
8233
3503
3506
7235
6987
7456
5838
7459
5838
1989
2138
2125
2138
2879
5615
8197
5615
291
292
7636
8384
916
917
911
917
250
251
1354
4484
4748
6173
1909
6173
8608
8088
8612
8088
1669
4708
1648
4708
8389
8367
7623
8367
1551
1556
4200
2418
2419
2418
7813
8189
9833
4982
1752
4982
1206
4467
1244
4467
147
7402
4657
6068
4684
6068
4276
7715
7367
7715
9511
9504
9869
9840
59
134
9128
923
902
923
7345
6964
4282
6964
9615
3745
1191
1220
1215
1220
5973
2549
2538
2549
6912
6911
3504
3502
7203
3502
1702
1758
3801
9576
1512
1511
1458
1511
2481
6307
4797
6307
2000
9722
4123
9722
3433
9722
2663
5562
2776
5562
3963
3787
3862
3787
2610
3787
2206
6253
2087
6253
638
603
352
603
3655
4860
3637
4860
5978
5328
3023
5328
7500
7073
8012
3038
5746
3038
9969
3038
4124
3038
4059
6381
4821
6381
5696
8923
9432
8923
5577
5576
6978
6711
7400
6711
6979
6711
1221
1268
1250
1268
2552
2588
2584
2588
2579
2588
8330
2588
117
641
633
395
633
7645
3444
6907
3444
6906
3444
7264
3444
7587
2243
9937
2243
6728
2243
9883
2243
5797
9316
5797
9316
7915
4660
8284
4660
8282
4660
8928
8049
8546
8049
7385
7736
3993
8723
2215
8723
3918
8723
8737
8723
4680
8723
1620
8148
1609
8148
5814
6763
4870
6763
4750
6197
9178
6197
2296
6559
7817
6559
1841
9849
3097
3174
8298
5778
9691
4908
3478
4908
10261
10286
10154
10286
6978
7344
8100
7344
9872
7915
8628
9484
307
627
593
627
2784
2786
4252
8478
1579
1582
8307
2128
2068
2128
7161
7538
1765
1810
6942
4378
2993
3022
3724
7998
8331
723
3057
9901
1536
4956
1568
4956
3260
3963
2524
3963
1644
3963
4070
3963
7472
3963
3973
3963
9571
3963
1824
3963
3662
3963
4074
3963
2089
3963
2456
3963
4005
3963
2392
3963
3663
3963
3221
3963
3159
3963
1995
3963
4692
3963
2719
3963
4076
3963
2767
3963
1903
3963
3299
3963
4848
3963
6938
3963
2876
3963
3243
3963
1603
3963
2149
3963
2365
3963
1590
3963
2685
3963
2298
3963
9688
3963
3351
3963
4081
3963
2892
3963
6992
3963
4016
3963
3042
3963
3171
3963
9620
3963
1737
3963
6345
3963
4114
3963
2950
3963
3647
3963
9591
3963
2478
3963
3669
3963
2785
3963
9751
3963
1491
3963
9636
3963
4209
3963
9845
3963
1945
3963
4690
3963
2985
3963
3682
3963
4694
3963
1788
3963
4825
3963
1886
3963
4851
3963
1850
4747
7721
3909
8962
3909
8827
5800
3162
5638
3087
5638
362
585
417
585
298
585
7260
3465
7261
3465
6704
3465
3455
3465
122
717
1595
9048
3566
9048
3713
9048
7146
7097
421
372
8531
4400
8469
4400
4346
4400
8874
4400
8898
4400
2883
5320
3004
5320
8436
7980
710
9380
711
9380
3377
3379
9707
3379
9771
3379
3706
3379
7205
7149
2982
5347
3760
5347
5707
8500
5707
8500
990
999
9641
3254
2430
2453
7933
2453
8327
2453
2418
2430
2394
2430
2107
4785
2306
4785
4542
7862
9577
7862
7885
7862
2666
4074
10300
10277
10298
10277
6743
7479
643
619
10126
8614
621
408
5661
10091
7744
10091
7041
10091
2846
5385
861
8717
4246
8539
8787
2507
2409
2507
1016
1048
1051
1048
2866
2955
7369
7365
7743
7365
1401
1643
1230
1228
4199
1228
8654
8999
9001
8999
10052
7676
60
143
2721
9608
2674
2668
2571
2668
2638
2693
10327
10326
9434
8908
8940
8908
7699
8908
2139
2161
1774
1827
9831
6612
2671
6612
2668
5303
902
7444
7829
6780
9149
6780
323
324
121
187
8653
660
1700
3736
3933
6077
1605
6077
1287
4478
2522
5257
2452
5257
7999
4049
8960
8956
5667
8956
9486
8956
557
411
623
411
1050
5861
9880
5861
8400
8378
7630
8378
3177
7174
3289
3344
10253
10246
10148
10246
9593
9449
907
908
915
908
9302
908
849
908
7358
3915
3901
3915
8841
9884
4387
9884
7994
9884
8438
9884
3372
3538
7243
3538
5750
3538
9291
3538
7767
8660
9531
8660
9544
9501
4235
9501
7760
9501
2684
6625
2671
6625
944
956
957
956
1815
4723
7531
4723
7545
1681
7601
1681
7003
1681
1637
1681
2127
4148
7382
3998
9003
3998
227
483
527
483
559
483
9561
747
9860
7909
9860
7909
6838
6596
5298
6596
8752
2877
7235
7963
4046
2530
5229
2353
2267
2281
2268
2281
6981
5983
10323
10317
10323
10317
10327
10317
8917
6936
2832
3061
3053
3061
7963
8785
10198
10199
10187
10199
1375
4717
2507
9674
1718
1741
4540
4539
1714
3980
9233
7465
1298
4614
1259
4614
7316
10008
10026
10008
8523
10008
2146
5485
3902
5485
9895
5177
2186
5177
2403
2407
2290
2407
9704
7379
10078
7379
3082
3149
1737
4999
1788
4999
8224
6798
6205
6798
2996
3029
2906
6640
3050
6640
863
8747
4052
9821
7132
9821
9869
9821
7722
8074
8088
8074
3854
785
1769
1813
3232
7254
4174
7254
3260
3862
2524
3862
1644
3862
4070
3862
7472
3862
3973
3862
9571
3862
1824
3862
4074
3862
2089
3862
2456
3862
4005
3862
2392
3862
3663
3862
3221
3862
3159
3862
1995
3862
4692
3862
2719
3862
4076
3862
2767
3862
1903
3862
3299
3862
4848
3862
6938
3862
2876
3862
3243
3862
1603
3862
2149
3862
2365
3862
1590
3862
2685
3862
2298
3862
9688
3862
3351
3862
4081
3862
2892
3862
6992
3862
4016
3862
3042
3862
3171
3862
9620
3862
1737
3862
6345
3862
4114
3862
2950
3862
3647
3862
9591
3862
2478
3862
3669
3862
2785
3862
9751
3862
1491
3862
9636
3862
4209
3862
9845
3862
1945
3862
4690
3862
2985
3862
3682
3862
4694
3862
1788
3862
2610
3862
4825
3862
1886
3862
4851
3862
10171
10237
10210
10237
8835
8400
7652
8400
8844
8400
8833
8400
4039
8400
3691
8400
3262
5447
3297
5447
3468
3479
1291
1293
1891
5048
6204
5048
1593
4500
1483
9208
658
3365
4073
3365
3671
3676
2454
6318
4800
6318
139
9607
9530
9700
4106
5469
3644
5469
3952
5106
3737
5106
3838
3837
2123
3952
4056
7686
8511
4202
5657
4202
9991
4202
9992
4202
2052
2205
4050
5375
4822
5375
3254
3241
4402
3241
4401
3241
3217
3241
4240
5666
2318
7489
1901
1926
1882
1926
4048
4084
7672
4084
4181
2940
8820
2940
5732
6729
8400
6729
7329
9391
9633
9970
1221
8769
4236
704
4001
5905
6943
5905
2301
4775
2081
4775
3577
6526
3553
6526
7993
2600
9316
2600
7248
2600
1
9560
7802
4630
7818
4630
3387
3389
90
271
7252
5932
2428
5970
8425
7990
8425
7990
8081
8553
7732
3167
8971
3167
9668
3167
4815
3793
3317
3313
3272
3313
2504
2514
1102
9170
7424
769
4494
8704
4488
8704
8433
2439
5734
2439
9520
8607
7655
2232
2233
2232
1650
1672
7990
2636
8425
2636
8405
2636
2637
2636
3068
3105
3077
3105
4386
4388
1358
4388
2725
6621
2619
6621
1201
1236
1234
1236
2265
2272
2656
4206
7307
8488
9394
8488
4280
8488
2197
5102
1588
1592
1586
1592
2624
2776
5200
3931
844
846
9428
846
75
7768
7548
3184
9925
6752
7233
5788
1937
5788
8470
3327
7226
3327
3541
9251
3328
6495
9183
6495
4068
4067
4068
4067
8538
7310
7315
7310
1879
1895
1868
1895
2588
2578
2548
2578
8501
8846
3064
3132
2788
6993
4231
6993
2269
5951
8379
7566
5743
7566
2856
7566
7595
7566
3031
5586
2611
5586
5777
4635
8272
4635
2015
2018
1970
2018
9955
9299
9165
5242
3768
5242
2215
6533
9914
6533
1516
9207
2594
7837
3876
7952
2224
7952
1964
7952
7284
7952
3909
3686
8945
3686
9288
1106
9293
1106
4295
1106
4281
9394
8644
8630
3495
3489
3453
3489
5325
6655
2947
6655
7257
6968
3450
4553
7009
7241
7008
7241
7007
7241
3761
5145
6744
5145
2856
2845
2827
2845
7533
4607
6927
4607
7006
9746
4264
8084
9657
8084
1653
4704
774
775
1470
6064
4196
6064
5189
2339
6748
2339
2371
2414
2498
2414
9226
9160
7763
7389
5778
9106
8273
9106
2842
5324
1120
8202
8070
10007
8906
10007
10015
10007
3635
5475
3626
5475
2200
5187
4085
5187
3059
3119
3102
3119
2425
7167
4483
7793
1415
7793
3022
5369
2914
5369
5773
3034
2974
3990
1731
9832
7156
1754
7004
1754
7217
1754
1326
8775
9882
9570
9904
4769
9153
1571
4693
1571
9892
6426
3142
6426
10013
7313
2250
2291
2311
2291
8377
5973
2532
5973
2886
2887
2862
2887
8869
9960
5725
1691
5726
1691
1666
1691
7599
1691
4549
6045
5817
6045
1289
6722
3115
6395
9879
6395
2863
2864
2604
2864
267
268
1085
1102
1101
1102
2210
5164
2078
5164
2457
3768
3258
4846
184
185
7957
7931
4088
7327
9907
7184
9558
8635
2023
2219
5796
2219
8397
8388
8956
8067
8577
8067
4762
2134
1548
1550
1495
1550
1553
9742
6944
4488
5944
8206
630
312
873
9102
3303
3310
8745
6087
1501
6087
1891
6790
4747
6790
3540
3566
8748
3011
4101
3011
3948
3011
3391
5834
4418
5834
205
206
1814
5919
4722
5919
3763
7025
4102
7025
8634
7025
778
5663
527
482
230
482
9901
8758
8396
4411
3373
4411
7979
4411
4413
4411
3291
3598
7309
3938
9998
7683
8517
8511
2424
2721
4805
2721
2197
5103
10045
9443
8977
9443
2755
6360
4813
6360
6024
6523
3581
6523
1954
5057
2010
5057
4278
4277
3356
5458
3337
5458
3523
5811
1882
1923
1900
1923
5807
4881
5810
4881
10122
8556
7523
3796
7345
1367
4282
1367
7419
758
1157
1189
4118
1189
7542
7012
7515
7012
65
4141
2633
4223
10068
3312
3316
3107
6678
7075
6678
1566
8220
7770
7759
5659
7759
7769
7759
1236
1233
1199
1233
4393
8340
7954
8340
9917
8340
10130
4203
87
9512
1009
4440
83
92
69
10213
10214
10335
10161
1396
1384
1380
1384
1105
1120
1121
1120
4502
6738
9844
6738
9700
6700
10068
6700
9438
6700
7990
2629
7248
2629
8405
2629
2615
2773
2056
4157
34
6993
9781
2935
3825
9305
843
8399
843
2027
2089
1175
4599
1177
4599
1733
1801
1796
1801
1601
4939
1560
4939
6979
9714
3563
3580
396
326
4195
5014
1820
5014
1898
3812
5970
5248
2712
5248
2487
6292
9610
6292
9863
5583
3815
5583
9627
6536
5062
6536
1218
9120
1802
1917
1265
1321
8615
6996
9990
8843
9990
8843
3285
7563
3610
6517
4878
6517
1667
1708
1662
1708
3596
6867
7865
6867
2587
2622
9296
7598
5731
7598
2230
7598
7653
7598
3440
4556
3429
4556
621
409
588
409
3682
3683
1449
1467
1940
1982
1978
1982
2439
7938
102
1085
1103
1116
1103
2334
6271
2087
6271
1339
5680
1020
1057
372
373
621
373
1377
9843
8090
6959
69
136
3466
4220
7203
4220
708
881
9323
881
880
881
2744
2751
10322
10228
8846
8411
8496
8411
8876
8411
8053
8411
8890
8411
8014
8411
9685
7796
10307
10288
10263
10288
4759
4758
9920
9276
9919
4511
9919
4511
1457
9103
4122
6137
4035
6137
9367
9348
8315
8277
8129
10108
2975
2988
3122
7131
888
9057
1848
1860
1862
1860
7883
5358
3001
5358
2963
5976
3921
6460
3777
6460
8603
8881
8569
8881
7344
7316
3117
6423
3141
6423
2544
2555
2553
2555
113
8599
3758
3759
6350
2770
6364
2770
6711
9014
9020
10087
4201
9912
8954
8939
111
3100
6417
2184
5120
2064
5120
10228
10138
3430
7825
5676
9288
7641
9288
7151
6250
7554
6250
296
297
5805
4843
4226
7037
8669
7037
9022
7037
4341
4340
4341
4340
3424
8203
931
939
938
939
1606
7812
8019
8440
8469
8440
8874
8440
995
1014
994
1014
430
355
322
355
9915
7580
9915
7580
4153
9420
183
490
382
490
380
490
7569
2308
5939
2308
4150
6884
4130
6884
3562
3563
3375
3563
4085
6231
4183
6231
4398
5740
10046
5740
10022
5740
9388
5740
8460
5740
9413
5698
10329
10171
1280
8157
1294
8157
4384
1484
4385
1484
1404
1484
4382
1484
7826
6215
7828
6215
2245
2246
2261
2246
1577
7062
8734
7062
1967
1971
8441
1971
4119
6282
2377
6282
2673
5573
2777
5573
3427
5829
3435
5829
8207
4429
942
4429
7486
8726
871
8142
3740
8142
3589
3590
3569
3590
7847
6766
7462
6766
8062
8529
8062
8529
203
204
9113
872
861
872
7570
2079
4512
2079
7574
2079
7910
2079
8304
2079
1026
1030
1011
1030
8263
3094
3092
3094
1602
9790
2316
9790
1957
9790
1735
9790
2597
9790
2880
9790
2289
9790
3086
9790
8240
9790
1757
9790
2209
9790
9653
9790
3348
9790
8233
9790
1643
9790
2044
9790
1908
9790
1789
9790
4059
9790
3649
9790
9775
9790
1497
9790
2768
9790
1620
9790
3877
9790
1673
9790
2338
9790
1934
9790
3839
9790
3117
9790
5349
9790
6948
9790
2902
9790
5999
9790
4116
9790
5956
9790
3172
9790
3226
9790
6493
9790
3315
9790
9865
9790
9778
9790
2484
9790
2467
9790
2367
9790
3207
9790
3338
9790
2090
9790
3362
9790
9816
9790
3601
9790
2718
9790
2806
9790
9838
9790
3141
9790
2191
9790
1562
9790
1609
9790
3856
9790
9651
9790
3157
9790
4821
9790
9592
9790
1465
9790
1255
1259
7741
7733
6687
4264
8632
4264
61
140
2176
5124
6227
5124
1208
4455
8252
4455
2426
2783
4805
2783
1118
7821
15
313
1820
5007
3889
5007
10161
10162
3870
8355
7214
1374
1379
1374
2285
2399
2398
2399
2286
2399
3606
3651
1800
1904
2705
6568
2465
6568
1532
4953
3756
4953
1539
7897
9530
726
3687
7301
8915
7301
8919
7301
1629
7301
8058
7301
3625
6504
7884
6504
268
269
4374
7552
3770
8872
3817
8872
8563
8872
4445
9030
5985
9030
9181
9030
1741
6162
1811
6162
85
4245
3125
5652
3089
5652
5666
6688
5664
6688
5668
6688
8119
6688
8118
6688
5669
6688
9012
6688
4244
6688
4515
7115
5292
3966
2563
2611
4478
5894
4138
5894
8
7405
695
9078
2194
1165
1179
115
210
7907
7528
1763
9042
1842
1950
4806
2456
3664
3670
2533
4522
9994
4522
3937
4891
3543
4891
781
4287
10091
4287
3904
4287
2885
8695
3008
8695
2657
2659
7317
4224
3537
4224
3365
4224
8460
8422
3426
3428
8498
7673
7319
7673
9387
7673
4059
6849
3877
6849
1481
1646
5969
6335
2464
6335
1010
1042
9105
1042
1451
1449
1408
1449
7346
9705
9465
9705
2098
9124
10323
10172
8487
8455
8540
8455
7679
8455
2667
5306
9952
2499
2476
2499
7195
2499
2474
2499
9099
1474
7234
1325
1323
1325
4290
4355
8294
4355
8372
4355
9240
4355
2644
2696
6815
6874
4119
6874
7765
9007
7223
7590
8972
8953
7119
6404
7584
6404
7456
5755
7839
5755
1797
3733
9669
10059
662
10059
666
10059
294
295
1917
5030
1858
5030
3614
4872
3616
4872
4206
5570
2689
5570
8472
9335
4066
7109
3496
3821
7890
3000
1099
1124
4272
1124
4405
9287
1141
1144
7205
1144
7935
1144
9989
2540
7349
2540
6947
2540
10032
2540
8936
2540
412
357
981
1007
997
1007
2166
4142
2115
4142
1456
3897
1251
1312
1311
1312
4400
7651
7698
7651
8086
7651
8072
7651
8854
8429
9142
4726
3891
4726
941
953
7151
8264
4846
3301
6464
3301
8830
4529
2814
4529
8312
2065
7908
2065
9249
2065
3539
3552
9424
8522
4818
5986
4526
5986
7541
5986
8129
8891
2468
2712
1539
1618
9016
6933
6934
6933
4299
6933
7396
6933
5708
4422
7169
8224
2562
5302
2546
5302
2934
2978
3962
6593
2750
6593
2630
5551
2756
5551
5677
9293
1397
4695
2318
2356
7984
7966
7179
8287
7667
9347
9823
1349
4166
1349
3849
6435
3267
6435
8083
9425
8571
9425
8575
9425
4554
5822
3439
5822
3491
3528
4062
1835
8994
1835
7685
7670
1983
2044
1770
1816
9237
8245
884
891
2046
6209
7849
6209
7034
5690
7352
5690
2668
2725
7779
7428
698
7428
4854
3673
4855
3673
8762
3673
1872
1992
1991
1992
1146
1165
1166
1165
3879
5042
1998
5042
1181
7021
4620
1296
4121
1296
7346
8550
8586
8550
8570
8550
8070
9402
814
9402
8955
9402
4494
6734
1317
6734
10129
691
3514
7870
7742
8032
641
353
328
353
8084
4111
10067
4111
10064
4111
3828
4111
5691
4111
1359
1388
7605
1388
2488
6819
2377
6819
4115
5225
2374
5225
1093
5890
4447
5890
2
4236
1150
4592
9136
4592
2079
2102
1182
1206
8274
3403
7888
3403
3794
3873
2411
3873
7498
3357
2170
2190
2851
2925
2828
2925
2472
6299
2416
6299
7028
9875
766
9551
7038
9659
9608
5244
2713
5244
1522
7503
2910
2912
4492
8691
1318
8691
5812
4895
3508
4895
1050
9824
4094
9824
7838
9824
1671
9824
1158
9824
3029
9824
1744
9824
8223
9824
8217
9824
1195
9824
1910
9824
4448
9824
7835
9824
1955
9824
9158
9824
9134
9824
5019
9824
3292
7140
2642
6346
1412
8005
1433
8005
2243
2382
2338
5212
2367
5212
9173
5018
1790
5018
1656
1635
1373
1635
3633
7457
1531
6096
4702
6096
9847
9599
9848
9599
4063
9599
4090
9599
6838
9599
6915
9599
4097
9599
2454
9599
4627
9599
3164
9599
2700
9599
3021
9599
1422
9599
2353
9599
4717
9599
8220
9599
4758
9599
8224
9599
2106
9599
1785
9599
2798
9599
5938
9599
6205
9599
6940
9599
2491
9599
1918
9599
9868
9599
1470
9599
2043
9599
3045
9599
1826
9599
4746
9599
6244
9599
2605
9599
4022
9599
3165
9599
3259
9599
3179
9599
1598
9599
3908
9599
2280
9599
3123
9599
3806
9599
1583
9599
3201
9599
4800
9599
2960
9599
3842
9599
3030
9599
4152
9599
1555
9599
5298
9599
2179
9599
2907
9599
1533
9599
6754
9599
6953
9599
9837
9599
1253
9599
4698
9599
1778
9599
4196
9599
4683
9599
3224
9599
3827
9599
2620
9599
3346
5454
4106
5454
1748
6125
1781
6125
9715
9307
9397
1202
8921
1202
8518
1202
9991
1202
2083
2106
9881
9767
3187
3211
5803
3211
2220
2235
1457
7851
1617
4926
1564
4926
8792
3594
3587
3594
9624
3594
3595
3594
1726
1775
1723
1775
8602
8571
8605
8571
7726
8571
1515
3697
1480
3697
7557
8754
159
7420
9003
4019
3168
3934
7293
3934
8327
9260
3586
7247
3586
7247
3073
3090
3039
3090
9382
1630
8529
1630
8062
1630
8901
1630
9418
1630
6716
9734
2683
9685
3912
9685
4195
9685
7840
9685
2046
9685
2513
9685
5241
9685
1820
9685
5909
9685
1293
9685
3990
9685
6417
9685
2696
9685
2382
9685
9151
9685
1614
9685
4122
9685
5966
9685
7829
9685
1943
9685
3852
9685
7849
9685
3933
9685
2447
9685
2145
9685
9137
9685
2662
9685
7831
9685
2200
9685
1791
9685
3049
9685
3107
9685
2916
9685
9149
9685
4085
9685
4485
9685
9146
9685
3985
9685
2086
9685
4126
9685
1417
9685
4183
9685
4050
9685
7841
9685
5191
9685
4721
9685
1893
9685
5903
9685
4773
9685
7075
9685
2321
9685
1246
9685
1350
9685
4035
9685
2345
9685
3889
9685
6355
9685
4822
9685
8740
9685
2969
9685
4221
9685
7856
9685
3126
9685
2795
9685
1605
9685
9916
9685
596
615
8054
8040
2719
6577
2785
6577
6751
2896
4816
2896
6752
2896
8278
2896
3164
6674
3165
6674
8223
6112
8735
6112
7762
754
7771
754
2274
5196
8899
7285
8884
7285
7754
7285
9992
7285
4156
5265
2480
5265
217
375
373
375
3514
3520
1422
4672
4196
4672
3967
3870
1991
3870
2171
4032
7391
8111
1627
8111
1487
4691
8475
9951
7294
9951
8863
9951
14
317
7775
7403
693
7403
7425
7403
7748
9669
10120
8895
2574
2859
2205
5159
2082
5159
2591
7873
5350
6649
2900
6649
2481
2482
6826
2482
2962
2967
8388
1846
4160
1846
7232
1846
9311
1846
1356
7357
10024
7357
412
364
625
364
9753
9999
7303
9999
9022
9018
3333
6446
3355
6446
8985
9475
8987
9475
9005
9475
1450
9151
1022
5852
8211
5852
6727
2304
3497
3503
7203
3503
2238
5937
7472
6888
2785
6888
3490
4550
260
575
566
575
534
575
9522
8592
879
895
9429
895
10071
5694
3104
3140
168
510
535
510
1493
1488
1394
1488
2605
5597
3030
5597
9872
8236
9852
8236
2056
4005
1902
6176
1944
6176
1006
1018
1015
1018
3451
3457
3466
3457
2124
2152
936
9199
164
444
450
444
3568
7211
7230
7211
1547
1553
1496
1553
4498
1607
7571
1607
9441
7697
9993
7697
10030
7697
10031
7697
9951
926
850
926
8423
926
937
926
3385
3420
4558
3851
6961
3851
4705
3851
3972
1704
1638
1704
7621
7594
7463
6059
8247
6059
9744
7934
3230
3247
9796
8672
8898
8019
7
389
2514
6832
2483
6832
2711
5279
9168
5279
2983
2984
2270
4040
669
9757
9773
9757
370
504
196
504
191
504
10326
10185
2998
5354
6370
5354
2133
6805
4043
6805
1072
4571
1049
4571
7213
9270
7945
1769
9871
1769
1768
1769
8336
3285
3327
3285
7607
3285
1899
4754
9179
6031
6760
6031
2819
3052
3065
3052
8077
8926
1669
9810
3019
9810
1648
9810
1595
9810
3866
9810
3145
9810
3576
9810
1728
9810
4109
9810
1490
9810
6351
9810
3311
9810
3558
9810
4819
9810
6003
9810
2765
9810
3626
9810
3643
9810
9124
6256
7807
6256
8279
7520
2457
7076
8648
672
1680
1747
7233
7222
2029
7222
2121
2198
2165
2198
7516
6015
5686
7275
8843
7275
8485
7275
8893
7275
5685
7275
3692
8813
9705
8055
8550
8055
10335
10132
1579
7524
120
190
2054
4129
8652
741
7161
8293
3833
6684
3935
6684
2470
2471
1387
1400
1385
1400
9913
6587
7012
5898
8742
5898
2746
5513
6333
5513
5997
5441
3223
5441
4531
3080
3081
3080
3417
3424
3422
3424
5932
2260
9878
2260
2263
2260
1974
2260
3116
9892
10122
813
1780
1785
7588
3269
3238
3269
10169
10247
9004
9768
8649
9768
7499
8741
2442
8741
4620
8741
1817
8741
4720
8741
3009
8741
4750
8741
4657
8741
4445
8741
9178
8741
9177
8741
4036
8741
3025
8741
5915
8741
9187
8741
7502
8741
3980
8741
9170
8741
2102
8741
7873
8741
8236
8741
2797
8741
1148
8741
5301
8741
4496
8741
7513
8741
4121
8741
7880
8741
3863
8741
2343
8741
4706
8741
2983
8741
7874
8741
4012
8741
2178
8741
7877
8741
3992
8741
5779
8741
4489
8741
4075
8741
1302
8741
5979
8741
3703
8741
5985
8741
4006
8741
6839
8741
7519
8741
7875
8741
6300
8741
2325
8741
2704
8741
2630
8741
7879
8741
4684
8741
7509
8741
2608
8741
4688
8741
9181
8741
2756
8741
7871
8741
6817
8741
7882
8741
7512
8741
4057
8741
7511
8741
7872
8741
6587
4228
3795
4228
7853
4643
1406
4643
376
377
409
377
5974
3961
8760
3961
7869
3961
8857
9308
9323
9308
10105
9308
5189
6545
5195
6545
313
595
2435
2450
7147
2392
7543
2392
1688
7155
826
827
5235
5962
7562
5962
7920
5962
4267
4268
655
4268
761
8122
9543
8122
7202
3098
3091
3098
4626
9616
1628
1660
1658
1660
1659
1660
9985
1660
3443
3442
7210
3442
9849
9682
8131
10110
3178
3229
3228
3229
1506
8681
4651
8681
3822
6564
3738
6564
8853
8827
3543
6761
3522
6761
10274
10256
5350
6667
3158
6667
1833
1908
2838
2949
3205
5410
3191
5410
4070
2180
4209
2180
1865
3883
3637
6508
9677
6508
3846
5128
2181
5128
1147
4582
8254
4582
287
293
291
293
8217
5880
7835
5880
4811
4810
6346
5527
4104
5527
1366
1378
1381
1378
8588
7342
4014
7342
7112
1956
4745
1956
7539
1956
10118
681
7091
7086
9571
3222
3221
3222
3994
6033
3522
6033
2309
2323
9334
4055
9324
4055
3483
3524
3496
3524
2935
5341
7295
3275
3277
3275
17
1694
4741
1542
1539
1528
1539
1715
1717
93
8129
1540
1614
10167
10329
5099
9758
2358
9758
3112
9758
4828
9758
2987
9758
2516
9758
1920
9758
4025
9758
2273
9758
3646
9758
3614
9758
3478
9758
5982
9758
3329
9758
3535
9758
2376
9758
2882
9758
2210
9758
3266
9758
3150
9758
5924
9758
2599
9758
3641
9758
3957
9758
3579
9758
5386
9758
9580
9758
5808
9758
2707
9758
2078
9758
2781
9758
4155
9758
1486
8228
2940
2974
2964
2974
1923
1999
9506
8643
24
7424
2289
5289
9838
5289
2614
4813
10190
10194
107
249
3983
9492
749
9492
4235
9492
10067
7269
7693
7269
10064
7269
8849
7269
5691
7269
5310
6900
7836
6900
3835
3063
9654
3063
1939
2048
7452
2048
3916
5413
3204
5413
1063
4293
1052
4293
7231
7961
7598
2371
8358
2371
1376
1500
1668
6121
7901
6121
6396
3155
3154
3155
4824
6408
3099
6408
314
315
3200
4827
2703
5510
7027
5510
1653
4122
1944
6186
1866
6186
2094
5133
2063
5133
1976
8810
8836
8810
7650
8810
7278
8810
2819
2833
2818
2833
1158
7442
4448
7442
3084
9216
9704
10070
10078
10070
9492
8582
10079
8582
913
9128
1438
1478
1479
1478
3314
5427
9694
7229
2353
6878
2280
6878
4540
6009
9202
6009
6014
6009
2271
2317
8258
5863
1073
5863
2851
7883
2401
2492
7566
2921
5200
2350
1343
8268
1103
1128
10119
810
2388
5221
2477
5221
7025
10016
3797
3342
3796
3342
7563
3342
3995
2163
2165
2163
2722
2797
1118
1148
42
43
1430
4681
7615
1723
1660
1723
5724
1723
7616
1723
181
182
1979
2047
8879
8850
7439
8421
8326
7570
2688
5590
2603
5590
5740
4521
4046
4521
866
9113
7176
4892
7560
4892
7160
4892
7392
7755
10087
7755
1038
1041
8122
3829
8120
3829
7013
3829
3561
3573
10321
10170
10169
10170
7194
2625
2626
2625
4535
9905
8911
7306
2616
2780
1558
4935
6943
4935
2565
2612
2592
2612
7197
1718
1690
1718
9354
850
8863
850
1741
6161
1793
6161
1083
1113
8269
8227
1192
4595
9136
4595
7151
2085
7487
5651
7842
5651
9255
8284
5655
6693
714
6693
6971
6693
833
6693
10094
6693
9146
9041
3126
9041
960
4433
968
4433
1214
1240
3671
4210
4384
8333
1363
8333
4385
8333
4381
8333
4520
9277
295
480
299
480
417
480
1435
8213
1103
1127
991
1004
5662
9421
9482
9421
1118
1147
1282
7029
2697
2640
2581
2640
2722
2798
2809
7822
4627
4626
2427
3894
3988
7302
8064
7302
9711
7302
8056
7302
2241
2318
2297
2318
5382
7551
2397
5966
8521
8871
718
8267
9976
7986
7526
3652
9899
3652
245
448
549
448
2523
7061
1437
1477
1478
1477
2940
2936
2834
2936
7983
1972
7996
1972
7991
1972
9980
1972
1840
1930
5714
1185
9269
1185
8790
1185
1168
1185
876
9127
10160
10253
10148
10253
2350
6281
2390
6281
4090
6877
2280
6877
6354
6353
7083
6530
8232
6530
7133
5428
5996
5428
8658
9004
7388
9004
5660
9004
7757
9004
286
287
2555
2596
223
224
3200
4828
866
871
10056
7690
3145
6407
3127
6407
3993
5110
4032
5110
9466
5670
7724
5670
8598
5670
4662
8141
1446
8141
9988
8935
9585
8935
7567
3570
3547
3570
1556
6786
8242
6786
7630
5733
4395
5733
8028
5733
4285
4284
2762
3755
2545
2559
2560
2559
893
892
883
892
112
8595
4198
4227
1892
5041
1996
5041
7666
8433
8011
8433
8866
8433
8447
8433
4395
8433
7692
8433
8045
7022
1505
1546
1538
1546
8797
7573
8346
7573
1475
7829
8505
4333
9238
8210
665
9505
7302
1991
4048
1991
4539
3306
9202
3306
6014
3306
2763
6588
3416
4421
5708
4421
3719
5301
5563
5301
6839
5552
2756
5552
9666
6243
2059
6243
925
935
7504
4850
10023
8521
8566
8521
8934
8521
8923
8892
2499
2711
2161
5113
3865
5113
4493
5897
1319
5897
7183
2197
2163
2197
182
492
380
492
2759
2763
411
451
1701
1748
10157
10160
10315
10160
5820
5821
7827
5821
2693
5528
2792
5528
4187
5127
2181
5127
3839
6453
3362
6453
4015
6430
3203
6430
3804
5004
1729
5004
2312
3822
1378
1377
4507
1377
1871
1853
6714
1853
1805
9110
1833
1907
3049
6668
7075
6668
1552
7894
10109
6955
799
6955
802
6955
816
6955
4233
6955
695
6955
813
6955
681
6955
810
6955
702
6955
689
6955
675
6955
4258
6955
5653
6955
686
6955
800
6955
5660
6955
5658
6955
4260
6955
829
6955
821
6955
697
6955
3754
6955
3258
3302
3539
3551
10012
8828
6841
4141
3638
6507
3656
6507
9344
7652
1309
1311
1231
1311
3752
3986
4073
4213
10049
4213
6971
5673
10335
10215
5705
3690
3615
4871
826
828
7416
8626
1097
1110
3093
3097
3091
3097
6961
9780
6247
9780
6709
4267
651
4267
791
7034
9479
7034
3826
7034
5689
7034
697
699
305
306
9442
9432
661
9432
3943
9432
3811
7119
3103
3811
3277
7680
3457
3458
3445
3458
110
4249
1455
9643
1803
1802
1733
1802
1027
1017
1015
1017
7697
1322
7341
1322
5291
6887
9590
6887
6995
5938
8260
5938
7881
5938
211
212
2423
2426
2422
2426
2384
6291
7817
6291
6915
5598
3030
5598
3653
3663
1488
1487
8333
1487
9163
8154
6957
8154
1140
1175
2898
2968
2963
2968
4239
7358
8419
7976
9079
8699
5317
5316
9998
4396
2645
2655
1849
1943
7385
10088
558
285
3659
9794
10113
9017
8536
8496
3166
6414
3135
6414
167
168
2442
6339
6300
6339
1429
1445
10132
10308
7283
9346
5729
5796
5793
5796
2575
9629
4520
9278
2875
6845
3431
5825
3425
5825
1807
1806
1725
1806
10111
9023
4714
6134
3736
6134
4272
9342
6740
6219
7824
6219
1750
4960
1793
4960
9376
9286
1233
1255
1238
1255
8305
8274
3396
8274
1005
9054
10000
8525
8055
9712
8055
9712
795
10107
9550
10107
9545
10107
9552
10107
9546
10107
780
10107
9547
10107
9548
10107
2074
2075
6968
7011
7031
7011
6969
7011
9221
4425
9247
4425
6956
2790
7240
8359
1008
1023
1475
4656
3596
6864
3305
6864
6826
2395
2322
2395
8952
7698
8552
8512
5684
7740
8996
7740
9820
1608
8241
1608
2424
2722
2760
2722
7831
4459
1246
4459
1452
1464
1453
1464
9304
4412
7500
3248
3549
3583
3575
3583
1019
1054
9223
4882
5808
4882
3527
5812
806
9539
8121
9514
9854
5580
2858
5580
1398
4699
1306
7811
7979
8396
7979
8396
1332
4496
3678
3680
3679
3680
7516
7458
1758
5017
7035
5017
1807
1839
1846
1839
5316
6636
2595
6636
1804
1914
4758
6232
2179
6232
10030
5683
10031
5683
1315
1345
1341
1345
8019
7663
7669
7663
8073
10029
3246
6439
3264
6439
67
3612
6514
4870
6514
6972
3976
367
436
634
436
266
436
7498
3358
1939
6205
4518
8249
4518
8249
1359
1387
7605
1387
2768
6600
9592
6600
2525
2526
2128
4154
4150
9791
4098
9791
7859
9791
8743
9791
1818
9791
4083
9791
2684
9791
2162
9791
5986
9791
7851
9791
4129
9791
3341
9791
7852
9791
1535
9791
3162
9791
2257
9791
3134
9791
3296
9791
1755
9791
8732
9791
4164
9791
4145
9791
2906
9791
3336
9791
1761
9791
4798
9791
2288
9791
6001
9791
3208
9791
8221
9791
1951
9791
1561
9791
2480
9791
9317
1169
7981
1169
1137
1169
9333
1169
10259
10268
2485
9229
4794
9229
4796
9229
4074
2729
2685
2729
1347
6940
1968
4512
877
4359
9157
4359
1370
1364
7286
1364
7392
8656
4299
8656
1325
1329
1342
1329
8010
8412
7274
8412
9689
8459
2475
2495
2473
2495
949
960
5738
9939
5799
9939
3885
10067
2528
2533
5741
2533
8541
8882
9684
8882
8917
8882
8082
8882
910
5759
920
5759
170
171
9840
7132
8764
2993
7930
2993
2854
2993
2718
6578
2806
6578
9422
3698
2269
3740
8413
656
1908
5023
9816
5023
1941
1981
1977
1981
6250
6272
2336
6272
5299
5563
5300
5563
2587
2621
8468
7248
8009
7248
8448
7248
8016
7248
8442
7248
9918
7583
2527
8960
9250
7105
2141
9914
8802
4525
3883
5054
2005
5054
3967
2069
3956
2069
1962
2069
4330
2069
881
882
9308
882
889
882
845
882
1213
9139
2744
2752
9964
4274
8455
8425
7654
8425
3448
6776
3459
6776
7177
2239
9930
2239
7585
2239
1009
9150
9952
3898
4
96
9403
856
8568
856
3504
3513
2244
2314
2231
2314
3533
6762
3520
6762
6945
6129
1750
6129
9599
9756
7540
4015
3859
4015
8753
4015
1293
7066
9137
7066
8087
7341
9993
7341
9692
7341
7047
7341
681
682
1726
1779
1687
1779
7502
4581
1148
4581
1545
1623
9122
1623
2793
2794
1006
1008
992
1008
7687
8033
7687
8033
8846
9950
8040
9950
8496
9950
4178
9950
8039
9950
8014
9950
15
2396
5961
7433
8856
7399
8121
524
471
561
471
272
471
3121
4824
3076
3083
3081
3083
9772
2391
8328
2391
3727
2391
23
7413
5959
6326
2455
6326
7492
8682
4651
8682
2444
5269
3899
5269
8664
9008
3198
5424
3147
5424
3686
7289
3443
3441
7210
3441
6694
7427
716
7427
6695
7427
4007
7427
2231
5229
2307
5229
1044
9218
3242
5442
3225
5442
4062
9482
8637
9482
8993
9482
5193
6815
5937
6815
4770
6815
10225
10184
10176
10184
8355
9271
8355
9271
2639
3962
2368
6295
2315
6295
9841
7133
595
593
302
593
630
593
2925
2929
7915
9811
8284
9811
8282
9811
19
1823
6166
4742
6166
2017
7510
1251
8742
8092
10018
6691
10018
9223
4899
3535
4899
30
10124
8617
3880
8660
3880
7388
3880
8974
3880
9264
3527
4409
3527
7199
3527
3820
3527
4051
7221
6708
7221
6707
7221
8811
7221
378
379
189
379
371
379
2168
2183
1130
5883
1111
5883
7197
1714
1691
1714
4388
1639
1638
1639
1539
1617
4012
6836
6300
6836
3409
3410
8037
8009
8951
8543
9553
742
3395
8288
723
8288
7521
7863
2458
2472
2536
2977
2953
2977
1434
1436
1413
1436
1030
9233
4791
2491
7876
2491
7097
2491
1391
7898
1779
7513
4040
6567
9683
6567
8832
8824
2918
2922
782
9550
5349
6664
3157
6664
8317
4856
7667
8015
3797
3341
3796
3341
7525
3341
3959
5275
2807
5275
7467
6055
7843
6055
2797
5524
6839
5524
1430
4682
8078
10062
4128
10062
7501
4033
8251
4033
4755
4033
1717
5008
4099
5008
5954
5222
2374
5222
1288
4121
5798
9766
2583
9766
2540
9766
2561
9766
2103
6809
7024
6809
8857
824
4352
9306
1191
1216
1215
1216
3388
3413
3412
3413
9006
9692
9008
9692
9005
9692
1537
1560
4448
7441
7835
7441
1707
1765
1709
1765
8665
8581
3282
3289
3286
3289
8517
8899
3999
2855
2953
2855
106
3426
3427
2039
9618
4191
9618
3615
9618
2326
9618
3149
9618
3011
9618
3306
9618
2472
9618
2091
9618
1947
9618
2705
9618
2416
9618
9619
9618
3677
9618
3645
9618
2619
9618
2736
9618
1670
9618
8736
9618
2648
9618
1829
9618
1597
9618
3613
9618
3018
9618
3089
9618
3047
9618
2368
9618
7496
9618
5425
9618
2182
9618
2199
9618
844
9323
293
468
443
468
3078
9882
9525
10090
8660
10090
5660
10090
9735
2372
8627
10053
1959
10053
5692
10053
8805
7962
37
132
3064
3133
1333
1336
7017
1336
7018
1336
7020
1336
9405
9395
6702
9395
9173
6122
9174
6122
2915
6645
5325
6645
3502
3510
4854
4543
3857
4543
4855
4543
161
2103
5155
4218
5155
736
4288
9519
4288
738
4288
1739
1744
7190
2116
4768
2116
5980
5342
2906
5342
885
899
9111
899
3215
3221
365
512
221
512
1700
7880
8309
7527
1708
7527
8774
7527
8770
7527
6973
6687
156
7410
9165
6584
3765
6584
1541
3863
4302
9261
1712
4742
2511
4009
1509
9058
2974
2987
2544
8278
8788
8278
2579
7159
7192
7159
7874
5873
7877
5873
4804
4803
637
613
3020
5357
3001
5357
10194
10195
8772
4757
3174
5403
3860
5403
2166
2173
7902
2173
7014
2173
38
3189
3890
3381
9869
3214
3225
1351
4671
7848
4671
1642
6111
4705
6111
4714
6138
3734
6138
10038
10017
1020
1058
6720
3212
9267
3212
9268
3212
3213
3212
9925
4096
8789
2945
2936
2945
8324
2945
8343
2945
1656
1653
1392
1653
1227
1201
4202
1201
3810
7694
7125
1604
7453
1604
1524
1604
9286
7597
8848
7597
7620
7597
4008
7597
7458
6868
7830
6868
1661
1707
1662
1707
3221
3244
3243
3244
2436
2443
1592
7852
1325
7937
2120
9217
10059
9459
10072
8572
1448
1468
2229
2307
5796
2307
5697
8059
8578
8059
2120
5934
7840
4650
9151
4650
7865
6019
3672
6019
9373
7279
7290
7279
1280
8158
8214
8158
8093
5697
8606
5697
5779
8692
4489
8692
2873
2911
7566
2911
118
192
9830
5594
10110
820
2243
2381
2256
5211
2337
5211
2760
7038
4232
3073
7288
3073
3609
4125
8847
3454
9452
3454
1942
2253
9835
2253
4192
2253
1071
2253
910
2253
1675
2253
9144
2253
920
2253
903
2253
6745
2253
9162
2253
5198
2253
839
2253
2356
2253
891
2253
4741
2253
9139
2253
9150
2253
9666
2253
9138
2253
1108
2253
4037
2253
9164
2253
4139
2253
1192
2253
1053
2253
1150
2253
4701
2253
9136
2253
9152
2253
886
2253
9140
2253
9163
2253
9141
2253
2252
2253
1036
2253
9153
2253
2059
2253
4369
2253
1225
2253
9142
2253
993
2253
5927
2253
945
2253
9135
2253
1000
2253
1645
2253
978
2253
9148
2253
4180
2253
1090
2253
1499
2253
9156
2253
4693
2253
877
2253
9157
2253
9167
2253
933
2253
1131
2253
9159
2253
6957
2253
9143
2253
6739
2253
1258
2253
3891
2253
961
2253
2751
5520
2695
5520
8810
2101
7957
2101
3112
6418
9216
6418
1154
4591
1128
4591
9234
1789
1693
1789
1787
1789
4165
3265
3786
3265
10108
692
8777
8300
7736
4112
8043
8031
8890
8031
4384
1393
1363
1393
4381
1393
9767
4946
6720
3196
9923
3196
9903
3196
5199
6549
2277
6549
8782
2964
8802
2964
7265
8820
8845
8820
3878
7354
9478
7354
8620
9485
110
2101
2170
7201
2170
4199
9675
7186
1730
7906
1730
7581
1730
2797
6574
2704
6574
3060
3159
8593
803
6404
6677
5383
6677
284
524
540
524
7412
757
9246
7890
663
9469
7615
7225
9347
7225
8015
7225
7299
7225
8819
7225
7616
7225
8452
1368
1367
1368
4283
1368
4324
1368
4323
1368
2342
2343
9509
671
1057
4572
1066
4572
10188
10198
10220
10198
9179
6032
3565
6032
1108
5870
1090
5870
2850
3051
4168
7212
9714
8096
7037
8096
9019
8096
7356
4278
8079
4278
3358
5457
7493
5457
1954
5058
1949
5058
5728
8803
7265
2840
7983
2026
7996
2026
7991
2026
7628
2026
3256
6005
213
626
208
626
3321
3597
7429
8671
3934
3694
3169
3694
3324
8757
5962
6831
2522
6831
3875
5140
2189
5140
7006
9859
3353
9617
3368
7244
2744
3852
3540
3937
179
180
100
2316
5503
2289
5503
8975
8591
8609
8591
1802
1918
278
283
455
283
3275
3279
7277
3279
1494
1493
1369
1493
7948
650
2994
4059
2463
5247
2713
5247
3573
6518
7884
6518
9150
5851
1036
5851
6925
8946
9538
8946
808
8946
8963
8946
3069
3070
3056
3070
2767
6893
6345
6893
531
573
568
573
254
573
4301
4300
3125
5420
3149
5420
2994
4820
1928
1995
4076
2151
2149
2151
2896
7454
7427
8125
1486
1535
9848
6737
6940
6737
7308
7265
4340
7265
7272
7265
4341
7265
9560
8650
800
8112
9997
4031
3903
4031
8888
4031
8808
7196
4304
7196
6935
4692
2234
4158
928
946
5286
5285
3268
3354
7575
2330
2407
2481
7266
9885
1631
9885
8427
9885
9586
6040
3511
6040
7809
5013
1821
5013
2625
2631
1030
1035
2454
6342
2700
6342
7585
4515
2537
7564
2548
7564
790
7761
7301
7667
8878
8844
651
8415
5688
5687
7889
7508
7120
7508
4139
8702
9159
8702
9846
5584
3816
5584
337
582
410
582
5661
10100
7761
10100
784
10100
788
10100
10131
4204
1897
9035
1270
1319
9490
3878
9498
3878
9357
1234
1202
1234
8021
1234
8956
10046
8577
10046
9444
844
7340
844
7481
5645
3113
5645
1785
6155
3842
6155
115
4252
3405
3408
1279
4601
1239
4601
2027
2091
1776
1799
1834
1799
2615
2774
1613
4941
1561
4941
7415
702
7241
8290
1378
1383
1380
1383
3185
3186
9245
7122
9244
7122
5785
7122
7153
3900
563
529
538
529
3233
9868
2130
9666
3518
5809
3614
4879
3579
4879
7327
8865
7670
8865
8046
8865
6999
7545
2926
2997
1245
4462
1209
4462
2507
2516
9906
4409
4490
8706
1351
8706
3798
9792
3799
9792
9896
8362
2628
2634
202
205
8540
9996
8059
8509
9944
2537
4521
2537
2495
2719
992
1010
1011
1010
7491
8135
7851
8135
4025
5104
9214
5104
5705
7684
9927
7587
2680
5567
2664
5567
7732
9458
1947
5027
1915
5027
4239
5664
8717
865
9353
706
2123
4086
9924
6222
2156
6222
1900
1924
1929
1924
185
186
8272
9196
10124
9010
2091
6275
4774
6275
1607
7055
1584
7055
3554
6524
3579
6524
4250
9363
4296
1191
4298
1191
3814
1191
2132
2136
1138
1172
6712
1985
7258
1985
7677
1985
9995
1985
9757
10045
995
1013
997
1013
59
5304
2732
3892
2732
1162
8204
2008
5035
1955
5035
3664
3667
8261
8252
5717
8252
1488
1483
1393
1483
8982
8601
9484
8601
8648
8601
9509
8601
3562
3564
3375
3564
2055
3761
3503
3508
6332
6883
2765
6883
258
259
7967
4290
4267
4290
8574
8941
7081
5836
4420
5836
3266
6442
3843
6442
3464
5815
3984
9013
703
9013
1806
1842
1839
1842
9361
9341
6752
2866
4096
2866
2550
2866
7135
2866
1845
1947
4183
6229
9916
6229
4017
7878
5805
4844
137
7408
4069
5166
2333
5166
8084
9711
9422
8515
2493
2705
943
941
930
941
7940
7186
1383
4702
3418
4415
5296
5295
1271
1305
8297
7900
4959
7900
9485
9468
6701
9468
9773
9468
457
339
1589
9104
8293
4135
7092
4135
9154
5326
7753
3036
2171
6961
9236
3545
1611
9027
7955
2072
8815
2072
2067
2072
8579
879
9451
879
2677
2749
8375
2749
3172
6424
3141
6424
9597
9353
1681
1756
1830
5010
1911
5010
85
294
4179
6269
2347
6269
1085
1104
1101
1104
4252
9431
3586
3587
7247
3587
8409
3587
945
5762
933
5762
3695
7129
3695
7129
7516
3684
7350
9656
8948
9656
9873
9858
1013
1027
994
1027
3670
4865
3639
4865
4397
8879
8902
8879
8922
8879
4093
8086
8601
8086
9981
8409
1335
1332
1327
1332
1651
4706
8488
8462
1550
1558
1775
4509
132
9596
2371
2416
55
886
4362
877
4362
4653
6066
1582
6066
1442
4648
9220
4648
1166
1181
9280
1181
7736
4223
729
4223
4289
4223
5199
6285
2388
6285
4336
5737
8512
5737
4337
5737
1983
4076
10250
10216
8742
8160
4481
8160
90
9510
3239
3256
3257
3256
9368
9834
8493
9834
9366
9834
9533
9457
816
818
8106
8616
1845
9219
5987
7040
7912
7040
3526
7040
3625
7040
2035
7040
9863
7040
2460
7040
2678
7040
7861
7040
3310
7040
2235
7040
3420
7040
2350
7040
4892
7040
3573
7040
3551
7040
7133
7040
4856
7040
3427
7040
5295
7040
3435
7040
2303
7040
7884
7040
4847
7040
3600
7040
3205
7040
3636
7040
5996
7040
2489
7040
3144
7040
5806
7040
9877
7040
2879
7040
2213
7040
3191
7040
2062
7040
2105
7040
3419
7040
4845
7040
3476
7040
2390
7040
5820
7040
7827
7040
8222
7040
7722
4337
8088
4337
205
207
201
207
1702
9173
2023
7577
9265
7577
8347
7577
5792
7577
1746
3805
1466
3805
9831
3805
4156
3805
1906
3805
3330
3805
3015
3805
7491
3805
3705
3805
4077
3805
5980
3805
3961
3805
3087
3805
1613
3805
2886
3805
3349
3805
5914
3805
1894
3805
2671
3805
2038
3805
3182
3805
5098
3805
4002
3805
4130
3805
3702
3805
4117
3805
3830
3805
2604
3805
4041
3805
3227
3805
1502
3805
3050
3805
7110
2609
4292
7674
700
7674
9340
8437
8443
8437
8454
8437
2794
5518
2695
5518
4191
6851
2922
6851
4478
5893
1275
5893
3840
6420
6003
6420
2159
5117
4134
5117
1409
1451
1452
1451
1271
8298
3067
3832
3818
3832
2054
6247
7715
10019
705
10019
805
10019
8853
8818
285
363
541
363
5809
4889
3701
4889
2658
2661
1252
9867
9746
2193
6961
2193
2766
2767
5292
2767
8852
9973
8208
4431
942
4431
7214
1373
1365
1373
3177
3176
3093
3176
4112
7346
8107
7346
6722
9060
7858
9060
3218
9060
7968
1857
8384
1857
1854
1857
1836
1857
7011
7005
8389
7005
9282
7005
7026
7005
7960
7005
7010
7005
9915
8280
7580
8280
3665
8280
4093
8531
8601
8531
2077
2081
4148
5123
2177
5123
3298
6457
3264
6457
194
503
370
503
377
503
2426
2784
4805
2784
5719
1261
1238
1261
10324
10242
10226
10147
7740
3888
8974
3888
3610
6503
3624
6503
2036
9924
1599
4954
1534
4954
8429
1969
7999
1969
6717
1969
9350
1969
3420
5831
3419
5831
4703
6140
7867
6140
1799
1903
3606
3649
2673
5574
2622
5574
1063
5677
1028
1060
1059
1060
1628
7299
3836
7299
2591
9775
3456
3446
3444
3446
542
443
301
443
2559
4217
799
4263
9489
7734
4148
6870
3982
6870
10134
10322
3972
7032
3066
3093
3067
3093
1652
7819
1448
1470
2285
2401
2406
2401
2400
2401
9745
2401
4245
648
1712
9117
1805
1920
1305
1351
7515
1351
8231
1351
294
631
569
631
7651
3068
8530
3068
7298
9910
3573
6520
3551
6520
5748
7256
5748
7256
4287
8076
7351
8076
3180
5418
3206
5418
8404
4298
1981
2043
8526
8889
7207
4818
127
5317
9619
8973
9434
2665
9857
3671
3674
53
9573
2755
5549
6348
5549
3560
3577
7100
7805
8749
7805
3979
7805
6698
6697
7393
8648
4295
1117
4272
1117
1375
8223
9842
6594
2753
6594
325
354
596
354
7772
6934
4271
6934
5656
6934
9984
9422
7716
9422
9752
9422
9876
7019
8474
4160
8519
4160
7693
4160
8044
4160
10043
4160
8023
4160
1553
7832
7518
4616
6927
4616
9887
8337
57
133
2313
2328
8386
2562
4186
2562
824
889
709
889
10105
889
880
889
2003
6211
4127
6211
8208
4437
977
4437
3482
6038
4550
6038
9486
9467
7362
9467
2167
2168
2115
2168
1695
1728
3524
7176
3287
3346
1124
1143
4297
1143
9314
1143
9330
1143
1082
8217
1124
1123
4295
1123
10305
10282
4329
1370
4379
1370
9320
1370
9325
1370
8364
2501
3898
2501
2476
2501
720
7888
3396
7888
8319
8263
7591
8263
943
954
952
954
795
9524
790
9524
1110
5868
1087
5868
4281
4280
9344
7649
9338
8431
7499
6873
4075
6873
3755
6357
4812
6357
1953
5060
1997
5060
2844
2838
2820
2838
3921
3299
3777
3299
9894
3299
7253
4531
5745
4531
9945
4531
3075
4531
6963
1473
7800
1473
9189
9123
9188
9123
5716
9123
3659
7446
2883
7446
3040
7446
2937
7446
3977
7446
3905
7446
3131
7446
3109
7446
3637
7446
6346
7446
9892
7446
4021
7446
2951
7446
2184
7446
2327
7446
2002
7446
2361
7446
9908
7446
2958
7446
2682
7446
6816
7446
4071
7446
2708
7446
2923
7446
3432
7446
2775
7446
1896
7446
3204
7446
2332
7446
4133
7446
2064
7446
3142
7446
4140
7446
4770
7111
7492
3819
3198
3819
4772
3819
1760
3819
4370
3819
1601
3819
2302
3819
1814
3819
5323
3819
1421
3819
4748
3819
5385
3819
2205
3819
2751
3819
1618
3819
9629
3819
2621
3819
2794
3819
2391
3819
4682
3819
1560
3819
2774
3819
4086
3819
2970
3819
2082
3819
7033
3819
5959
3819
2915
3819
2701
3819
5718
3819
8745
3819
9676
3819
4767
3819
5325
3819
3147
3819
3185
3819
6390
3819
2009
3819
1299
3819
4722
3819
1738
3819
1884
3819
4491
3819
2695
3819
2455
3819
1677
3819
4492
3819
4163
3819
3128
3819
1219
3819
3106
3819
2660
3819
1260
3819
1318
3819
2329
3819
4215
3819
5804
3819
4700
3819
2947
3819
1501
3819
3960
3819
1469
3819
2989
3819
1506
3819
4651
3819
1909
3819
2601
2615
2617
2615
3968
5138
6740
5138
1401
3734
4823
6403
9512
8954
8908
1975
7025
1975
10039
1975
8933
1975
10014
1975
1923
7849
7402
807
3164
6673
3045
6673
1071
4575
1053
4575
10072
8569
2140
4021
9439
7335
4018
7335
4151
2638
2581
2638
8276
2800
9659
2800
7544
2800
2310
2320
2590
9680
58
144
7577
2347
9571
3209
3171
3209
9544
753
7771
753
4265
753
1901
1928
1880
1928
3418
3435
7632
8807
807
9538
7464
6528
3757
6528
3347
5453
3603
5453
3263
5430
3850
5430
3188
4830
3148
4830
7712
10061
10073
10061
2034
7162
3740
2385
1516
3933
2794
5507
2701
5507
10153
10284
10310
10284
8743
5108
5098
5108
699
7688
9404
7688
10026
7688
698
7688
9905
8753
7420
8115
4241
5668
8792
3593
3587
3593
9625
3593
7230
3593
2402
5955
8474
8848
8044
8848
5704
8848
8023
8848
8300
2576
7564
2576
9777
2576
6753
2576
3056
7568
526
584
289
584
6351
6897
2727
6897
7523
7504
7525
7504
7074
5588
3755
5588
4801
6301
4793
6301
4179
6552
2330
6552
7969
2016
7954
2016
8357
2016
3768
5243
2469
5243
635
644
390
644
8297
1497
4959
1497
7118
1497
10117
689
5317
4109
4012
6821
7872
6821
1786
1792
4352
9313
3403
3404
3793
2778
4814
2778
7148
2778
846
848
8537
848
9539
7766
9538
7766
9347
1720
7660
1720
1632
1720
565
430
398
430
1364
5786
3463
6733
3524
9890
8815
9279
3473
9628
2840
7215
7314
4386
3698
4386
8515
4386
8534
4386
9963
4386
8510
4386
1321
8689
4092
8689
10076
8062
10075
8062
1235
1238
1257
1238
327
601
633
601
406
418
10003
8486
10003
8486
9491
4208
8615
4208
4856
6022
4543
6022
2265
3874
6936
7282
1134
5877
1152
5877
2582
4807
6754
5353
3827
5353
7635
9938
3962
5530
9583
5530
313
314
3230
3849
3890
6428
9180
6428
8246
6061
8209
6061
1204
8021
3318
3335
3326
3335
2919
2983
620
640
328
640
2446
5281
2710
5281
2169
9108
3163
6670
5383
6670
10167
10324
364
421
624
421
2812
8830
9410
8830
9364
8830
8859
8830
8514
8830
7684
9374
8041
9374
6729
7209
446
367
406
367
2404
2485
1920
4753
9228
4753
4022
5407
3179
5407
5929
2177
7150
1771
1050
4569
1041
4569
8967
8575
1552
1554
7461
6029
8738
6029
152
7435
1575
9138
9693
1657
5702
1657
6960
1657
5701
1657
829
830
1960
3688
1082
1108
2438
2447
202
203
10300
10244
3054
3162
7938
7933
7254
7593
7212
7593
7256
7593
1640
1703
7363
6966
4042
6966
7575
4115
4224
3568
3364
3568
3707
3568
3366
3568
2335
5161
6746
5161
162
447
9653
6651
2902
6651
8634
5693
295
300
569
300
9500
10028
8099
10028
3489
3504
4410
3504
6727
2303
2237
2257
7391
8109
10095
8109
8839
8386
8827
8386
8828
8386
8818
8386
3845
8386
9776
8386
1606
4689
21
46
3834
3077
3065
3077
1344
4486
940
8208
2577
2861
1386
1397
1388
1397
2408
3766
2776
6590
4149
6590
3312
4848
447
507
429
507
138
7404
4286
9490
10194
10196
10195
10196
1879
9228
3969
1750
4535
3215
3694
3215
1083
7874
8336
3282
9658
3282
9946
3282
8453
3282
4182
4062
8109
4062
5734
8476
7011
2126
8290
2126
2068
2126
7010
2126
2843
3884
10058
7292
5693
7292
8102
7292
4102
7292
10014
7292
4704
6105
4695
6105
4303
7536
1514
4376
3170
3231
7212
3231
7256
3231
5748
3231
1418
4665
1444
4665
7852
8679
1613
8679
1975
7996
9208
4958
7503
4958
9890
7517
2706
5272
2799
5272
2294
6563
2319
6563
7108
9627
643
642
392
642
786
9545
1222
5776
1177
5776
3510
4906
3701
4906
1987
4037
9912
9262
7555
2788
1001
2788
1753
2788
1154
2788
4478
2788
1321
2788
1057
2788
3851
2788
1717
2788
1128
2788
1023
2788
960
2788
1617
2788
1035
2788
1642
2788
1498
2788
1093
2788
4705
2788
4447
2788
968
2788
1564
2788
929
2788
5305
2788
4659
2788
1530
2788
1600
2788
984
2788
1066
2788
1174
2788
1779
1782
9865
1610
1609
1610
7709
7700
8081
7700
5706
7700
7706
7700
8580
7700
730
7738
7221
3417
4354
3417
9806
8146
9888
3250
1520
9881
678
679
1162
1195
6760
6759
7880
6132
4706
6132
3864
5578
9855
5578
2837
2951
408
374
373
374
1228
1266
1257
1266
2244
2242
9883
2242
7159
2586
2554
2586
7729
4131
7034
4131
10082
4131
7352
4131
5747
8012
8118
739
6970
9400
8568
9400
2415
2469
813
814
9343
1046
9348
1046
1014
1046
9349
1046
8036
7678
10052
7678
3441
3460
3386
3423
1184
1226
1398
1642
6749
5205
2092
5205
2242
2375
2674
2666
2572
2666
3473
9691
4054
4547
2842
2905
1435
4644
4772
5940
2302
5940
5310
5600
7837
5600
812
9537
7160
4902
5976
9154
8760
9154
7869
9154
3116
3137
2968
2970
8530
8814
2830
2932
2920
2932
2212
9046
5709
9046
6225
9046
3318
7523
1626
7360
1961
7360
7896
8739
2523
8739
2292
8739
9199
8739
7524
8739
7894
8739
7893
8739
963
8739
3920
8739
3875
8739
2189
8739
1034
8739
2387
8739
7531
8739
934
8739
7895
8739
2500
3959
50
691
9564
1683
8025
3839
5439
5999
5439
2867
3867
274
561
2655
5514
2799
5514
2014
2095
4511
2095
5789
2095
1194
4585
1174
4585
6969
9954
7593
3271
3270
3271
7481
5636
3769
5636
4268
8294
650
8294
2277
5232
2364
5232
3131
6683
3109
6683
3524
3536
3523
3536
631
445
2847
3045
3571
7884
4406
3292
3294
3292
3487
3517
3486
3517
9880
5864
9158
5864
442
486
242
486
9517
665
629
551
8817
7231
939
958
952
958
7397
4146
2556
3996
1660
1724
9286
1724
7620
1724
4008
1724
3873
8037
9996
8037
913
9227
1694
9145
6929
1627
7398
1627
2163
2164
1994
2164
848
906
905
906
2361
6812
6816
6812
3705
6580
4145
6580
7514
5134
2977
3700
193
505
370
505
2281
3738
160
7417
2375
5219
7891
5219
1224
4476
1178
4476
8989
8958
8631
8958
9975
7250
791
9481
1625
9481
5951
6825
2319
6825
3070
3087
6936
8376
8459
8376
4162
8376
1432
4679
15
8665
5745
9945
5745
9945
3336
6011
8556
8906
8791
9272
9710
10027
111
229
3774
2919
2874
2919
6982
2919
7998
9812
9834
9812
7992
9812
8820
2834
2817
2834
5666
10098
8651
10098
9605
4739
8463
9694
8009
9694
8466
9694
1546
1541
1528
1541
91
8131
5952
4012
4011
4012
7116
4012
7849
5046
1893
5046
4815
4814
2143
2145
1926
2001
9618
3678
3668
3678
5190
7460
161
7423
5963
6316
4009
6316
5925
6796
7828
6796
8995
9964
1002
5845
8212
5845
3175
5414
3150
5414
5676
4294
9293
4294
1070
4294
7641
4294
2964
7137
1282
9137
766
9554
2878
5339
2959
5339
901
902
894
902
10225
10179
10174
10179
8091
8585
3059
3064
2831
3064
539
365
556
365
9978
2475
2440
2475
8829
2475
399
322
2113
2187
2197
9743
2309
2324
3485
3523
3483
3523
3353
3360
3528
6034
3532
6034
7621
7959
9735
2369
7598
2369
3699
2369
4117
6119
8221
6119
840
9164
9200
7867
9556
8644
6367
2973
5603
2973
7104
2973
2773
6598
2754
6598
2784
5291
1987
4025
7342
8547
7342
8547
9997
8902
1544
1613
1126
5887
1110
5887
1680
6938
6729
9937
8903
7271
8908
7271
10039
7271
10014
7271
1766
1826
7568
7549
8114
9003
4808
6354
4815
6354
3197
5805
3584
4875
9677
4875
8896
8869
8887
8869
8897
8869
3722
9657
8097
9657
6687
9657
9370
9340
150
9597
7732
9710
9505
9710
9436
9710
2217
8505
4095
5256
5958
5256
2714
2715
1987
3737
25
7418
4690
6076
4694
6076
2404
2402
2400
2402
9745
2402
2286
2402
7324
4405
4349
4405
7336
4405
7257
7031
3070
3088
9461
8957
8587
8957
10040
8532
10048
1628
2077
2082
539
523
448
523
842
869
843
869
868
869
874
869
105
241
1238
1262
8627
8038
1959
8038
5692
8038
991
1003
1212
8214
978
4432
961
4432
872
8139
8226
7059
7095
7059
4415
5832
3421
5832
10238
10281
10156
10281
2391
6279
2329
6279
10144
10218
125
951
957
938
957
4411
3518
9906
3518
3820
3518
2142
3893
1012
1039
4321
1452
8005
1452
10105
6694
825
6694
1233
8283
2153
3831
8752
2876
9457
8548
7346
8548
9437
8548
1065
1114
9125
1114
7246
1390
4329
1390
9307
1390
8430
1390
5298
6597
9837
6597
9560
746
10129
9430
7115
7868
8766
7868
129
3205
6852
8222
6852
1482
6937
1128
5888
4447
5888
9280
8334
2658
2662
6703
8419
8499
8419
2187
2188
9862
2188
1656
4716
1373
4716
947
4434
960
4434
9492
10074
10079
10074
2186
5176
2201
5176
5800
4519
8818
4519
3845
4519
8374
2406
2405
2406
10132
10133
8239
9114
7921
8746
1126
8746
4685
8746
7904
8746
6946
8746
7916
8746
8281
8746
1025
8746
2470
8746
8430
9769
2048
9039
5720
1315
1314
1315
5714
1182
9717
1182
1167
1182
9999
9309
9999
9309
4067
7138
558
284
226
227
3296
5446
4002
5446
7090
3677
8299
3677
9145
6159
1736
6159
8848
1795
7276
1795
4008
1795
1809
5020
1905
5020
7211
3574
7604
3574
3981
5649
9879
5649
2783
9583
2698
2745
2691
2745
2612
5577
4136
4532
3538
3549
3567
3549
7777
5674
715
5674
711
5674
843
875
881
875
845
875
874
875
5285
9634
2519
9634
4416
9634
6349
9634
1331
4139
3111
4214
2060
4214
3612
4214
3031
4214
9213
4214
4064
4214
3347
4214
3638
4214
2335
4214
3174
4214
4206
4214
3825
4214
3651
4214
2611
4214
5196
4214
3140
4214
2152
4214
2450
4214
4827
4214
5812
4214
2183
4214
9217
4214
3051
4214
3508
4214
9219
4214
3674
4214
3849
4214
3137
4214
3868
4214
2506
4214
6037
4214
1727
4214
2998
4214
9215
4214
2808
4214
3860
4214
3917
4214
3500
4214
6370
4214
2889
4214
9231
4214
2739
4214
2486
4214
2689
4214
4091
4214
3480
4214
1762
4214
3603
4214
5814
4214
2723
4214
5807
4214
2908
4214
3879
4214
4176
4214
3267
4214
3333
4214
3656
4214
5810
4214
1919
4214
6746
4214
7891
4214
3355
4214
3529
4214
4870
4214
2772
4214
1998
4214
9756
9785
8688
9785
9453
8432
9336
8432
1339
1309
8428
1309
1313
1309
9205
9197
8641
7737
4354
3418
3422
3418
4773
6265
2345
6265
10162
10321
329
604
616
604
9430
9404
7152
7112
1914
6196
1931
6196
42
2646
4038
7636
1854
1516
9667
3571
4869
7737
8875
9399
8875
7682
8875
1719
5003
1784
5003
8293
7125
7823
6454
3298
6454
2721
2787
613
581
333
581
1403
4505
8541
9997
9684
9997
8082
9997
10321
10241
7530
7518
7535
7518
987
7893
1531
4957
1596
4957
2475
2502
2497
2502
8410
8405
4195
5039
1943
5039
969
9724
9830
9724
959
9724
2961
3868
1850
4746
195
196
4043
5114
2157
5114
1183
7831
8565
9759
7290
9759
5699
9759
2164
6244
108
238
1869
1989
1992
1989
2039
6212
5061
6212
9207
7096
10127
716
7724
9983
9387
9983
8531
10034
5981
5346
2914
5346
5738
2561
9749
9020
2617
2764
2169
6225
5295
6890
6349
6890
1367
4283
1367
4283
4054
4548
3104
3138
9903
3138
1382
1490
8525
5734
9417
5734
2411
5734
9672
5734
7692
5734
9083
1352
3448
5819
5971
5299
3419
4419
7559
2506
9762
2506
4790
2506
2861
8716
4170
8716
4335
4334
7204
7574
7204
7574
10062
8519
2499
2709
1018
1020
1017
1020
3334
9183
6712
7677
6712
7677
5703
8434
7409
10114
3549
3584
1106
1107
1098
1107
7163
2448
2417
2448
10069
3687
1450
1463
2612
7836
8497
4270
682
4270
8533
4270
683
4270
3870
7009
1008
1024
3866
6863
6010
6863
7188
3100
3084
3100
9979
1658
8932
1658
9351
1658
1722
1658
7860
4606
1279
4606
1164
1192
1958
1965
4178
1965
8039
1965
2160
6221
6946
6221
1019
1053
4158
5186
6747
5186
9753
7295
7303
7295
8916
7295
8527
7295
8257
9107
1797
1910
7513
6133
7880
6133
1075
9024
3173
5408
3145
5408
4142
2178
3607
3645
9926
9911
9926
9911
3327
7166
7588
7166
3661
6510
7468
6510
9720
8361
2136
5130
9627
5130
6404
6427
3143
6427
223
225
219
225
1134
5878
1112
5878
7148
4808
634
632
264
632
1179
4461
1209
4461
1366
1380
5723
1380
935
9053
7820
7815
9725
8273
2870
2886
2120
2200
9682
1944
7868
6289
5201
6289
2557
2605
4262
701
1563
4942
1568
4942
3289
4847
7909
7121
1386
1398
1388
1398
57
9911
3809
7153
3809
4250
9466
7820
5900
114
4251
3945
7326
8071
7326
9195
6413
3135
6413
7533
4602
1240
4602
149
148
2088
2092
2625
2632
3105
3078
4531
3078
562
554
628
554
381
516
173
516
5241
6341
2447
6341
7733
8066
8104
8066
2238
2258
1601
6086
8745
6086
6909
9598
2032
7033
918
8207
3666
3664
7580
3664
3594
3664
4501
8153
1577
8153
7607
9658
9822
8701
4493
8701
5751
3567
7243
3567
7604
3567
3526
4885
5806
4885
751
7762
7175
4230
4269
4230
2638
9856
10266
10259
10265
10259
10265
10259
8970
9415
7359
9415
1367
7687
4283
7687
7695
7687
3136
6410
3088
6410
2001
5107
4025
5107
8932
3836
7206
7584
2789
5508
2703
5508
2730
5564
9651
5564
932
5761
922
5761
1829
5024
1915
5024
5668
5667
8826
8808
7255
8808
9943
8808
1368
1480
7262
1480
3728
4361
887
4361
1901
1927
1929
1927
1122
9130
9563
4273
677
4273
1326
1331
1327
1331
2786
6880
4038
6880
5742
8461
3559
6527
3576
6527
568
564
252
564
1995
5053
1886
5053
6929
6962
770
6962
3256
3295
2072
2071
2066
2071
4383
1363
9755
1363
6705
7645
8478
7645
3085
3166
7417
9511
958
8270
7577
2348
9510
8606
6842
2994
2854
2994
1941
1979
9727
1979
1115
1130
807
808
8879
2637
5735
2637
7643
2637
2593
2619
2618
2619
2528
2534
5741
2534
7110
3815
8190
9782
1120
1150
1847
1841
1806
1841
6000
6441
6008
6441
4334
9998
4335
9998
9454
9998
8464
4207
701
4207
8022
4207
9652
4207
1236
1237
1235
1237
1701
4701
930
942
10162
10260
1848
9866
8421
847
9716
847
1798
7809
2624
2777
3880
4153
8597
4153
6347
5545
2741
5545
7200
3326
7277
3326
1511
8230
9669
9668
7368
9668
10242
10209
7328
8885
3052
4066
7019
7015
7018
7015
7020
7015
1138
1171
1119
9198
2666
2731
7873
6898
2608
6898
3574
7567
3548
7567
3577
6513
4868
6513
8083
8942
8967
8942
8504
7664
2024
2050
9254
2050
7178
2050
6986
2050
8567
8847
9929
8251
1374
1498
728
8602
8625
9456
878
885
883
885
4276
5684
6930
5684
9015
5684
1804
1913
1626
3762
1961
3762
2598
5587
2680
5587
81
2174
2184
7974
8338
7958
8338
2313
2327
3481
6037
7172
3776
2930
2931
979
4438
985
4438
1105
1118
1129
1118
1304
7864
799
8647
7593
3272
3274
3272
2058
6740
4087
5231
2362
5231
7710
6698
151
10044
8544
7715
4105
8593
4105
1108
5884
1131
5884
10111
685
1691
1713
1705
1713
9540
10097
811
10097
2890
4817
1399
1641
3563
3578
7702
8011
8824
4132
7636
4132
1836
4132
177
432
383
432
9875
5250
1289
9118
3513
4901
3532
4901
7723
647
9888
7134
7642
4297
6002
5417
3844
5417
4094
8685
7021
8685
10326
10189
8808
7219
7327
3067
7670
3067
6718
3067
8046
3067
7136
8760
96
7414
3875
5137
2093
5137
7557
3600
7139
3600
7719
7339
9474
7339
3072
4823
1150
4579
1131
4579
1779
1781
8325
3084
3069
3084
10134
10298
8092
8565
3382
3940
3444
3940
4227
7845
4532
7845
7099
7845
7422
9491
2650
6358
2741
6358
7174
3205
9860
3205
5796
2241
8401
2241
5728
2241
772
6976
769
6976
8615
6976
3598
5460
3645
5460
3180
5423
3146
5423
3257
9894
2844
2837
2820
2837
9829
6131
1676
6131
2837
2952
10013
3232
8484
3232
9713
3232
9386
3232
8060
3232
71
7387
760
718
7887
3397
7887
3621
3636
2437
5271
2706
5271
2251
2313
2311
2313
4411
3514
4410
3514
1088
5867
1112
5867
8051
7291
4144
7291
3437
3439
7690
8034
8885
8034
4342
8034
3837
5959
8249
5959
4518
5959
1695
1727
4238
8119
7041
1624
8373
2167
8800
2167
2175
2167
4510
2167
2760
2793
2425
2793
5385
6680
6390
6680
4446
8218
2239
2389
10241
10163
4052
9814
9826
9814
9720
8817
76
302
2761
2768
2766
2768
5293
2768
1711
1743
707
7776
9568
7776
8558
8901
8574
8901
5927
5118
6739
5118
7130
5996
2585
3864
2696
5517
2795
5517
7676
7272
9712
7272
8526
7272
9378
7272
7691
7272
2054
6248
5293
5292
5293
5292
2805
6583
2699
6583
2808
5536
2723
5536
7373
8105
5780
4685
9858
4685
8337
4685
8776
8297
626
216
4339
4338
4339
4338
816
817
1926
2002
9910
8438
8778
2566
7942
2566
9253
2566
2541
2566
1505
1542
1527
1542
3906
4011
2030
7578
5788
7578
9080
1286
4180
8132
9159
8132
9251
4544
7569
2310
5939
2310
896
901
890
901
9680
9681
8262
4647
9220
4647
5409
3219
5803
3219
7131
3134
7551
3134
9637
3134
9989
5738
5736
5738
4173
5738
7319
5700
7724
5700
8382
7600
3335
3339
1706
1710
1692
1710
5709
3414
8842
3845
821
823
1232
9891
633
602
326
602
540
525
7956
7940
9889
2489
7146
2489
10172
10173
3814
5678
1129
7205
8757
6012
9201
6012
8312
4218
7908
4218
9249
4218
2685
2686
2610
2686
745
9494
8645
9494
3726
9494
7077
3887
1056
3887
1002
3887
1223
3887
3729
3887
1294
3887
904
3887
4681
3887
4486
3887
8208
3887
8207
3887
942
3887
1557
3887
3730
3887
919
3887
3744
3887
3728
3887
977
3887
4499
3887
887
3887
3735
3887
1173
3887
8212
3887
3872
3887
3741
3887
8434
7636
8834
7636
3689
7636
6977
7232
4762
4760
3553
6025
3546
6025
141
7439
2930
6663
2979
6663
1001
4565
1023
4565
2057
7514
3771
8823
827
8579
828
8579
3320
3291
3283
3291
1925
2006
2308
4119
6815
6811
4079
6811
1851
1858
8730
4034
4685
4034
8731
4034
8254
4034
8265
4034
2975
2990
2990
5360
4222
5360
9842
5523
4113
5523
3847
6458
5425
6458
4383
1394
1369
1394
6748
5209
6914
5209
2314
2379
9726
9244
8642
6690
4246
6690
7746
6690
7376
6690
5674
7407
696
7407
5675
7407
10185
10186
2448
2465
5664
735
8995
9480
10016
8061
8544
8061
8933
8061
10
398
3673
6021
3643
6021
5681
9936
7284
7281
8954
8916
7703
8916
2962
9203
1077
7877
8782
2963
8802
2963
8619
7353
8283
7530
1844
1948
2873
2909
2845
2909
2492
6302
2512
6302
2051
3955
2596
5593
2623
5593
2275
6551
2331
6551
3125
3668
3242
3668
1581
3668
9587
3668
9832
3668
2134
3668
3598
3668
1646
3668
2725
3668
2922
3668
3133
3668
3225
3668
3667
3668
4135
3668
2905
3668
5291
3668
1743
3668
2465
3668
3704
3668
4184
3668
4774
3668
3181
3668
3627
3668
1867
3668
2891
3668
1751
3668
3273
3668
3847
3668
2607
3668
2202
3668
5061
3668
9590
3668
4852
3668
2315
3668
1915
3668
6984
6986
1399
8735
84
93
3506
3507
7252
5933
1140
9136
3380
3430
3422
3430
4055
3453
3488
3453
9957
3453
4229
3453
9951
916
850
916
915
916
9302
916
2234
2254
549
538
548
538
1160
4589
1179
4589
1694
1791
2017
2099
2016
2099
3037
3074
9945
3074
7268
3074
214
496
419
496
209
496
627
552
8913
10003
7696
10003
8532
10003
3246
5435
6002
5435
8504
8029
5955
6822
2384
6822
1550
1557
1455
9152
2822
8366
1392
1654
1655
1654
1415
4669
4103
4669
8233
8675
9865
8675
9847
6109
4698
6109
7871
4466
7882
4466
7193
3588
3593
3588
3234
3243
2436
2444
1489
7161
1026
1028
1027
1028
390
331
1523
1603
10043
7693
10043
7693
8944
10026
7344
10026
5792
9265
5792
9265
3080
4022
8217
5874
9158
5874
2287
4804
10120
675
8376
9952
3800
9805
9576
9805
9575
9805
2444
6306
4797
6306
267
634
528
458
283
458
7776
9384
6695
9384
7098
3786
2460
6570
5285
6570
925
9226
3144
5404
7842
5404
1042
9028
2167
2174
8767
2174
6726
2174
7902
2174
1196
1199
1198
1199
3559
6755
1543
1620
3405
3407
2142
2149
268
461
418
461
8509
9289
8513
9289
5988
2980
5983
2980
1062
9880
539
527
3733
4735
1812
4735
2888
5335
2967
5335
1960
8589
3276
3281
8453
3281
3246
4061
3129
4061
2520
4061
3482
4061
2212
4061
5350
4061
2805
4061
5709
4061
2900
4061
3416
4061
3534
4061
4189
4061
2955
4061
3389
4061
3670
4061
2304
4061
4550
4061
3342
4061
5815
4061
4415
4061
2609
4061
3577
4061
2778
4061
3460
4061
6225
4061
5991
4061
2461
4061
3553
4061
5708
4061
3345
4061
3546
4061
9687
4061
3010
4061
3108
4061
3639
4061
2699
4061
5989
4061
6002
4061
3642
4061
5199
4061
3192
4061
2277
4061
3628
4061
2681
4061
2672
4061
4868
4061
3942
4061
3602
4061
2094
4061
7823
4061
2388
4061
2063
4061
3509
4061
3844
4061
2477
4061
2364
4061
3298
4061
3026
4061
3421
4061
5813
4061
3158
4061
6334
4061
3440
4061
4552
4061
3429
4061
3264
4061
2640
9603
9150
5849
1000
5849
6367
3877
5603
3877
7104
3877
1104
1156
9130
1156
7166
3353
3268
3353
3492
3530
1677
6115
4700
6115
400
320
858
7668
9987
7668
7627
7955
2725
6894
2736
6894
2222
2365
8850
2676
8402
2676
8456
2676
5735
2676
9217
5162
6746
5162
7889
7507
2392
2479
2478
2479
2900
6652
9687
6652
4377
1494
7262
1494
3878
5688
8978
5688
395
328
9114
4916
9149
4916
11
9536
7538
7453
7092
7453
155
7430
2861
2862
2577
4029
777
9552
249
562
1665
8804
7390
669
7528
1772
1771
1772
8335
2736
10215
10255
10318
10255
9852
9255
2849
3049
1249
1276
4089
7588
7226
7588
2317
5504
4115
5504
7244
7243
2053
2056
6974
2056
8765
2056
7157
2056
7809
5028
1949
5028
591
541
449
541
2530
3693
3159
3161
3042
3161
5301
5568
2630
5568
220
223
936
4366
8557
9401
8219
6062
8248
6062
3725
4675
1441
4675
10128
804
8671
8669
8670
8669
8495
8022
4292
8022
2926
2998
2709
5282
2445
5282
2787
6573
5240
6573
5968
6829
4799
6829
7683
8466
4396
8466
8508
8466
2533
2538
2532
2538
2330
5215
2380
5215
103
9170
7786
1148
7786
9774
9690
7358
9690
2525
9690
2909
2915
310
401
3163
9626
1531
9626
2680
9626
4642
9626
2108
9626
2256
9626
6945
9626
4500
9626
2859
9626
2492
9626
9643
9626
4699
9626
2136
9626
1554
9626
9627
9626
2187
9626
2973
9626
2952
9626
2006
9626
5981
9626
2466
9626
1811
9626
3143
9626
9818
9626
3297
9626
2914
9626
5062
9626
2779
9626
2319
9626
2792
9626
3203
9626
3245
9626
1793
9626
2342
2344
9367
9349
8210
5766
9185
5766
4003
8178
4108
8178
3835
3024
1099
1100
5676
1100
7644
1100
1602
9813
2316
9813
1735
9813
8240
9813
1757
9813
1789
9813
3684
9813
1497
9813
2768
9813
1673
9813
5956
9813
9865
9813
2718
9813
2806
9813
1562
9813
9592
9813
1465
9813
6721
6720
6925
8079
7720
8079
8966
8079
4398
9779
8422
9779
2540
9779
9322
9779
9900
3107
4823
3107
2419
7259
1724
1733
1705
1733
2819
3053
3065
3053
3281
3325
3280
3325
3083
5991
2265
2273
3475
3474
3465
3474
7316
8886
9430
8886
698
8886
2341
2361
7988
7971
5099
6238
4082
6238
2777
5546
2747
5546
3272
3312
3294
3312
9468
4348
5695
4348
1883
7904
1851
1897
9131
1897
1697
9100
246
247
1269
4065
1426
7016
1547
1552
1495
1552
8466
8448
7105
1301
7536
1301
9225
1301
451
463
314
463
3676
6497
4862
6497
8660
9487
7740
9487
3228
4534
878
886
9156
4637
9143
4637
1767
1821
7944
4619
757
7374
6972
7374
759
7374
5749
5748
4748
6792
1884
6792
1743
4994
1829
4994
3080
3144
1385
7179
3288
3349
1680
6928
1034
5853
1025
5853
9620
5377
2950
5377
97
2052
2207
7426
8632
2164
9078
1494
1528
1527
1528
7797
3835
8727
3835
1954
3835
8728
3835
5978
3835
7798
3835
2010
3835
6963
3835
2755
3835
6348
3835
5931
3835
7800
3835
2688
3835
2042
3835
7812
3835
9124
3835
2912
3835
1607
3835
4813
3835
1113
3835
7029
3835
1748
3835
7811
3835
5955
3835
1262
3835
2787
3835
7809
3835
1171
3835
1781
3835
1821
3835
2207
3835
5240
3835
7816
3835
2885
3835
4715
3835
7802
3835
7806
3835
1570
3835
3023
3835
7799
3835
3008
3835
9655
3835
1584
3835
5969
3835
4190
3835
1205
3835
2384
3835
2296
3835
7817
3835
7804
3835
2148
3835
1949
3835
2930
3835
2464
3835
7818
3835
7807
3835
1151
3835
7814
3835
2903
3835
1193
3835
1303
3835
8196
3835
7803
3835
2979
3835
7810
3835
2603
3835
3911
7950
1019
8258
7211
3618
3630
3618
547
403
3009
5311
7512
5311
8944
10015
7428
10015
4271
10015
10326
10319
10326
10319
7555
5907
3970
5907
6988
4777
2080
4777
2114
2153
2494
2701
7751
9493
755
9493
10257
10280
10158
10280
9356
7646
8856
7646
1981
3992
3085
3165
1650
1673
1746
4731
1818
4731
3255
3296
4227
7449
4532
7449
7099
7449
7456
8200
9165
8200
7074
8200
7481
8200
7855
8200
3661
8200
3767
8200
7475
8200
7469
8200
8201
8200
5310
8200
3402
8200
7489
8200
7837
8200
3768
8200
7825
8200
8203
8200
7457
8200
3755
8200
3248
8200
7458
8200
3358
8200
2929
8200
3766
8200
2469
8200
7460
8200
3360
8200
7836
8200
7845
8200
3407
8200
7474
8200
7467
8200
7484
8200
3028
8200
7081
8200
3769
8200
7488
8200
7464
8200
7839
8200
7468
8200
7493
8200
3765
8200
7857
8200
7470
8200
3113
8200
7483
8200
7497
8200
7494
8200
2982
8200
7847
8200
7461
8200
3760
8200
7466
8200
7462
8200
3753
8200
7830
8200
8738
8200
7476
8200
7459
8200
3757
8200
7843
8200
4812
8200
7455
8200
4420
8200
1047
1078
1079
1078
220
221
3054
9215
10257
10239
10158
10239
8992
4044
10066
4044
10085
4044
8976
4044
551
543
546
543
2586
3816
726
8605
124
167
7578
5100
2031
5100
1587
1590
9901
6397
2246
2270
8796
2270
107
8797
8348
229
230
3499
6047
9586
6047
3253
3259
2341
4079
9198
4448
10121
8619
8639
8637
2896
7474
8935
8534
7338
7325
2434
6750
114
218
2557
2606
421
621
5663
8994
7747
8994
8997
8994
2996
3971
4718
6085
4691
6085
7700
4178
4254
7312
9886
1651
4508
1651
5661
3904
8111
3904
6699
3904
7366
3904
5690
8065
1218
5718
2493
5240
3513
4886
3525
4886
1458
9887
181
454
3925
2461
9191
2461
9190
2461
3370
3374
3376
3374
2782
2808
9891
7144
9335
994
856
994
1045
994
8457
994
4114
3130
9591
3130
6248
5147
3918
5147
2292
6554
2349
6554
9572
6771
5816
6771
3040
6657
2951
6657
3094
3179
6994
7349
3869
7349
8216
8731
9731
8731
1856
3950
5732
4200
4144
4200
3592
9677
1102
7835
7680
7618
8368
2251
7590
2251
2228
2251
2600
2602
4186
2602
9424
6703
9408
6703
7418
777
5101
9893
3803
9893
8285
2942
4121
4605
7519
4605
10325
10240
7329
1966
2825
2847
2824
2847
4249
9398
9534
731
3607
3646
9834
7992
9834
7992
3792
7165
5722
1428
7619
1428
9812
1428
1335
1428
2257
5185
4041
5185
2170
5930
2629
5972
3634
5477
3658
5477
9595
4258
4275
7296
2160
5078
3920
5078
4641
4632
1316
4632
10316
10293
10168
10293
3446
3449
3940
3449
8529
8044
8062
8044
9418
8044
10159
10279
10149
10279
7552
9615
7917
9615
7550
9615
1635
1670
1462
7816
423
333
7655
2230
5730
2230
2870
2885
10171
10320
10242
10320
10242
10320
5973
8777
4033
2214
5129
2214
1344
9140
3831
2139
1989
2139
9949
2139
7594
7923
1707
7923
7959
7923
6713
7923
5740
2532
4046
2532
4185
4745
1076
1088
5982
5345
9224
5345
9100
3708
4418
5839
3415
5839
7128
9604
4686
7095
2036
3982
8090
1683
6959
1683
8065
1683
6931
5914
4946
5914
8761
5914
4261
715
3456
3467
3466
3467
3195
3860
2306
4787
2360
4787
4521
9940
2134
6226
2182
6226
9748
3003
2599
3003
2868
2869
2549
2869
3825
6642
2908
6642
2209
5169
2191
5169
1939
9088
1591
4502
8629
7367
7173
2957
4525
2957
3802
2957
2899
2957
5968
2505
5950
2505
8722
8715
2131
8715
2730
8715
2847
5387
164
165
5788
7189
7222
7189
769
9476
8860
8402
8459
8402
8882
8402
7282
8402
7389
7384
4245
7384
9007
7384
7393
7384
7390
7384
8262
6782
4685
6782
5977
5329
2884
5329
2664
6610
2779
6610
3055
3114
2742
2746
7579
9230
106
9488
4143
3039
2813
3039
3015
5364
3961
5364
875
876
870
876
1001
4561
984
4561
6712
7233
1856
7233
7258
7233
7677
7233
1636
1759
9129
1759
1913
6195
1933
6195
6983
4764
8306
4764
444
429
415
429
5191
6266
2345
6266
9518
662
3252
7126
555
245
7929
7917
2945
5981
7611
3484
3371
3484
8816
3484
8353
3484
2248
2283
2268
2283
8043
8876
9449
7321
8549
7321
8351
2548
8377
2548
8359
2548
9947
2548
1559
1563
7399
10030
9471
10030
8594
10030
9613
8089
9614
8089
9318
8406
8412
8406
2928
7801
1675
4709
1645
4709
2099
2334
7555
6069
4659
6069
7572
9762
750
8662
5805
8188
8200
8188
8051
2419
4144
2419
1390
4506
1395
4506
2372
8787
8369
8787
2412
8787
3699
8787
810
9540
7174
5802
972
9243
8752
2875
3002
2875
4319
3923
4219
3923
4004
3923
8650
745
9881
1598
4505
1598
3992
5088
4006
5088
9502
7708
9505
7708
9668
7708
7370
7708
8528
8502
7666
2405
8436
2405
8866
2405
4395
2405
9959
2405
3929
5175
2185
5175
7799
5487
2148
5487
7269
7982
4160
7982
2634
6613
2765
6613
2589
9204
2576
5322
3442
7467
4403
4402
7705
9397
4273
9397
8126
9397
8925
9397
1882
1938
7169
1938
4716
4715
2060
6541
2152
6541
8558
10048
8941
10048
8562
10048
5733
2432
2419
2432
786
787
1291
7860
1487
8745
5944
5943
1264
1316
7000
7001
7597
1796
1724
1796
9408
3367
9423
3367
9406
3367
1990
9678
4826
3189
3694
3189
1334
9876
10140
10261
9617
5445
9011
10004
4290
3384
9292
3384
3383
3384
8372
3384
9870
9686
1766
1825
3236
9888
2110
9630
2726
9630
3516
5806
3584
4876
3578
4876
9287
4406
9275
4406
4404
4406
3284
4406
3838
2519
8249
2519
4518
2519
7012
8709
4003
8709
7423
764
3231
3233
7171
3233
2433
2434
2429
2434
9757
10054
8977
10054
9764
10054
8320
9772
6956
4188
2791
4188
8910
8506
9407
8506
2520
5255
2461
5255
2502
2716
173
174
5914
6075
1561
6075
8461
9312
9811
4662
4193
5464
3604
5464
4759
3917
9863
5608
2879
5608
2669
7484
10318
10136
3319
3321
3293
3321
6695
9383
3356
3801
1823
3801
3533
3801
3987
3801
2176
3801
3193
3801
3634
3801
1892
3801
1946
3801
3115
3801
2103
3801
3506
3801
1758
3801
2786
3801
5970
3801
3552
3801
2712
3801
3520
3801
3247
3801
2317
3801
4210
3801
3894
3801
2596
3801
2752
3801
4742
3801
1703
3801
4115
3801
3867
3801
4038
3801
4869
3801
2632
3801
2731
3801
4218
3801
2990
3801
4029
3801
2344
3801
3981
3801
4193
3801
2941
3801
2146
3801
3604
3801
6463
3801
3332
3801
1996
3801
9879
3801
3363
3801
3658
3801
3139
3801
5954
3801
3044
3801
2971
3801
2374
3801
3544
3801
1912
3801
6227
3801
3531
3801
3337
3801
2623
3801
3902
3801
2924
3801
3210
3801
7024
3801
3572
3801
3220
3801
4222
3801
7035
3801
3254
4089
4402
4089
4401
4089
3217
4089
1298
6724
1301
6724
9463
8561
9460
8561
8959
8561
4258
709
2993
3020
3700
8764
3700
8764
2683
6627
3912
6627
1769
1812
569
299
1573
1580
1578
1580
9686
3614
7484
2735
4812
2735
10092
7400
8669
7400
3484
3539
3541
3539
6939
3717
1755
4980
1761
4980
7304
9633
7272
3999
9994
3999
5296
4149
7421
7747
908
909
901
909
6970
9403
940
963
1269
6924
1181
1222
1249
1275
1144
8254
402
335
1918
6191
4746
6191
914
9074
9622
9074
922
9074
7936
2055
8765
2055
8367
2055
8786
2055
7157
2055
8342
2055
1484
1524
1526
1524
9390
8465
1302
4479
7519
4479
8610
9706
8093
9706
9464
9706
2381
5216
2327
5216
4111
4048
3810
4048
618
474
332
474
904
4365
3730
4365
7985
8379
8418
8379
8403
8379
1441
4676
3746
4676
3900
9908
9911
9908
9926
9908
3473
3500
8614
8963
8539
8909
7746
8909
945
5765
961
5765
1061
1074
6709
9292
8415
9292
4913
7785
8227
7785
3622
4862
52
53
2775
5560
9839
5560
4251
9336
2909
2916
10254
10307
10224
10307
7299
7660
3464
3478
2001
5049
5924
5049
7045
9723
9797
9723
9569
9723
118
8616
10050
7728
10050
1814
4736
1909
4736
2491
6319
4800
6319
7397
10096
9971
9352
5103
6234
4761
6234
2996
3028
1058
8174
9642
7091
2279
7091
2159
7091
3676
7091
3184
7091
3132
7091
3580
7091
2065
7091
2949
7091
2800
7091
9628
7091
3339
7091
4149
7091
3623
7091
3928
7091
2000
7091
2378
7091
3135
7091
9854
7091
6007
7091
9827
7091
2913
7091
4763
6799
5926
6799
1122
1155
3021
5336
2960
5336
7357
9984
3831
2122
2154
2122
1993
2122
4023
2122
5987
6383
9738
6383
70
3239
4538
1641
6116
4719
6116
788
7378
3722
3723
765
3723
9017
3723
767
3723
2816
5744
1735
4998
1789
4998
3082
3148
1689
7956
2365
2366
2298
2366
9600
9601
7998
1342
7992
1342
1324
1342
2676
2675
2569
2675
3071
9661
806
9549
10321
10316
10321
10316
6700
4344
10061
4344
7586
7908
6959
9426
4660
4915
7490
4915
8492
8444
9850
9184
8267
3400
3397
3400
7360
7717
9866
7539
8091
8479
1205
4465
1193
4465
7629
7614
7266
7614
7647
7614
8477
980
715
980
964
980
712
980
4070
2129
6992
2129
4380
4379
1871
8365
1795
8365
7292
7999
8479
7999
8877
7999
8035
7999
1467
8676
9643
8676
2646
6332
2595
5623
5589
5623
1312
5779
9628
4909
5816
4909
5196
6558
7891
6558
3749
3747
3819
3747
4766
3747
387
386
9832
4963
1751
4963
9595
8862
175
545
453
545
170
545
2472
6305
2465
6305
9494
8980
10077
8980
8582
8048
8563
8048
8657
9508
3806
7072
3231
7500
7171
7500
763
1961
3858
1961
8120
1961
9516
1961
675
676
7812
8149
1607
8149
4495
1424
9823
1424
10238
10217
10156
10217
3554
6756
5808
6756
2002
5074
4071
5074
2551
2589
2588
2589
10182
10183
10175
10183
10151
10267
10142
10267
8193
862
1266
1269
5720
1269
8362
3785
118
4254
548
405
2453
2466
6692
8538
8567
8538
356
465
401
465
1043
1049
1428
1442
1375
7478
7446
3660
5664
736
8075
10001
8126
10001
3903
6947
2674
2669
2571
2669
4181
6842
2977
6842
9004
8998
8112
8998
8647
8998
4199
1229
8428
1229
1408
8344
3995
9949
1054
4444
1021
4444
4131
8915
4256
9671
779
10095
10100
10095
6984
6985
1914
6172
1811
6172
1566
8736
2340
9049
8903
3956
989
998
997
998
7376
7723
3292
9201
4051
3378
3377
3378
3706
3378
8811
3378
31
10128
8713
2804
2803
2804
2602
7148
6905
4174
5696
4174
9432
4174
7332
4174
10215
10276
10136
10276
3342
6483
7823
6483
9733
3908
9929
3908
5780
9149
8337
9149
9873
9149
9868
5436
3224
5436
1870
1883
1861
1883
5715
5714
10101
915
707
915
906
915
819
915
3111
5639
9215
5639
9585
9584
3961
5617
2886
5617
2055
3846
2021
4768
1970
4768
926
931
916
931
7618
9275
131
139
10035
5730
2225
5730
9960
5730
4333
5730
8864
5730
10005
5730
2586
2685
9528
7388
9527
7388
1846
1870
4132
1870
7189
2032
2034
2032
947
9067
4141
9067
929
9067
3020
5368
2972
5368
3119
3118
3103
3118
3090
7206
3344
6470
3928
6470
3762
8102
3861
6857
5997
6857
3520
6026
3544
6026
2997
6373
2939
6373
8950
8931
8949
8931
1003
4566
1024
4566
1925
2005
1440
1457
1454
1457
7471
8184
4486
8184
3386
7081
9755
7635
2097
2338
2459
8327
5197
6261
4771
6261
1048
1067
1514
1503
1372
1503
2069
6969
7770
4310
3984
4310
6933
4310
10104
4310
2613
2647
3114
6903
3048
6903
1141
1140
1125
1140
9326
3488
9466
3488
9934
2544
2535
2544
7015
8313
1848
1851
7923
1851
8259
3704
8763
3704
7117
3704
1081
1084
1069
1084
1419
1420
9818
1420
683
7775
3323
3607
3630
3607
4063
5493
2179
5493
1816
5918
1740
5918
3332
6451
3363
6451
9120
1247
1185
1247
3792
9860
9898
9860
4530
9860
836
837
7951
9907
9909
9907
9909
9907
944
952
951
952
9603
5535
2807
5535
7748
8106
668
8106
7986
8389
2023
2218
9265
2218
7950
2218
5792
2218
1580
4686
8801
7202
3038
7202
7665
7202
8354
7202
336
337
3184
5995
9195
5995
4545
3553
7142
3553
1345
4489
953
8167
9899
8793
4744
6181
4754
6181
10175
10176
1524
9084
9921
2565
2562
2565
1283
1285
8610
9470
568
518
253
518
533
518
2928
3769
7229
2760
7231
2760
8361
2760
2433
2760
7649
7630
4047
7630
4039
7630
3691
7630
8854
8837
6717
8837
9350
8837
1980
2040
564
530
544
530
9468
8952
5695
8952
66
135
1574
8241
1810
4990
1745
4990
10115
793
4234
793
782
793
771
793
758
793
757
793
10114
793
777
793
10113
793
3854
793
773
793
770
793
762
793
786
793
761
793
766
793
755
793
2417
2438
2431
2438
8953
8566
5706
8566
9612
8566
9209
7846
362
467
300
467
7330
1357
9420
1357
7357
1357
8066
1357
9752
1357
1564
4931
1600
4931
1871
1873
1855
1873
9554
768
767
768
12
242
243
7283
4327
2124
4184
4045
6473
3316
6473
563
521
405
521
8294
3388
4230
3388
9708
3388
9240
3388
2110
2111
5802
3206
5398
3206
1390
1403
1404
1403
3762
4102
1972
6975
8781
8310
7432
5653
8773
8768
4703
6143
1747
6143
2308
5201
9927
6728
9340
2817
8443
2817
8454
2817
5742
2817
259
260
3621
3635
2047
5067
2006
5067
2974
6370
7457
5468
7494
5468
7190
2297
9932
2297
2973
5604
6916
5604
2841
2901
3100
7488
3949
5707
10065
5707
1689
1697
1690
1697
7506
3775
9287
7607
7618
7607
4404
7607
2161
5084
4010
5084
1505
1594
1515
1594
8380
2579
2547
2579
8385
2579
4529
2823
8809
2823
9966
2823
9958
2823
1
4311
7704
1843
1934
8981
9460
10260
10166
4393
2019
7954
2019
1970
2019
9917
2019
3322
4106
9587
4837
3225
4837
3176
3202
4135
4952
7496
4952
89
9507
447
163
7436
686
421
547
622
547
8826
1211
7255
1211
1190
1211
9943
1211
9754
8990
3052
7553
6
4241
66
8262
6920
8268
6920
8258
6920
2160
6920
9221
6920
9235
6920
4024
6920
1729
6920
2363
6920
3556
9870
9541
7769
9542
7769
3129
5393
3108
5393
1322
4313
2565
6351
3697
1520
1395
1520
9788
7043
3813
7043
5790
5789
7819
6101
4697
6101
3972
4389
1638
4389
5989
8686
3026
8686
339
340
3281
3630
3595
3630
8882
8489
550
407
2401
4793
988
990
976
990
1983
4167
2945
5982
2116
2298
7493
5467
7494
5467
8926
7322
3687
7322
1629
7322
7310
3914
3987
5068
2146
5068
205
588
589
588
9604
3839
7114
3839
3881
3839
3412
5708
724
7175
3287
3345
6401
7487
4394
6727
7934
6727
4768
6727
5791
6727
9013
8661
9535
8661
8718
8193
836
8193
2670
6624
3864
6624
7931
8767
5699
9373
4278
9419
1682
1680
1637
1680
1252
7802
2815
2818
6730
2818
2869
9676
2139
2160
4355
3387
3384
3387
2639
9622
6369
7445
5426
7445
5988
7445
3640
7445
4799
7445
5304
7445
6350
7445
3187
7445
6372
7445
6840
7445
5983
7445
9821
7445
3479
7445
3357
7445
6015
7445
4824
7445
3410
7445
3510
7445
4125
7445
3408
7445
3346
7445
5322
7445
4106
7445
5189
7445
5950
7445
3947
7445
2810
7445
6914
7445
4549
7445
3701
7445
5409
7445
6396
7445
6024
7445
3415
7445
3431
7445
5817
7445
4417
7445
3892
7445
3154
7445
3425
7445
3581
7445
5803
7445
184
622
553
622
588
622
587
622
10299
10248
4660
6781
7853
6781
3168
3169
8865
3169
7665
3169
9664
9878
10113
767
9412
1358
8924
1358
8935
1358
6697
1358
9963
1358
7380
8609
9497
8609
3631
7943
9522
661
10016
1976
8544
1976
3956
1976
1962
1976
4330
1976
8933
1976
2428
2437
1003
4562
983
4562
1067
5860
1055
5860
2601
2616
2627
2616
4329
4328
4026
7255
9014
8075
3051
6641
2908
6641
7389
10047
648
10047
9764
10047
783
784
3232
4168
7287
3364
7681
3364
2991
9688
1537
7806
2233
8401
1361
9886
4387
9886
7815
9093
5900
9093
5781
9093
10265
10262
3304
3329
1592
4501
2530
2531
9930
8784
2076
4069
5999
4838
3226
4838
2832
3060
3052
3060
2258
2280
2259
2280
7154
2280
7499
5484
4006
5484
3116
3981
2814
7608
1689
1698
20
1718
1740
1293
4615
3985
4615
3512
7464
1065
1093
457
416
636
416
7622
6713
10046
10022
10046
10022
3409
7839
1069
1068
1051
1068
3323
3322
3293
3322
9258
7914
3097
3175
4131
1663
8026
1663
5701
1663
8619
7345
7718
7345
3374
3487
3373
3487
7005
7006
3936
2648
5972
2648
7191
2648
3911
2223
1971
2223
318
319
1826
5923
1778
5923
1299
4609
1260
4609
1765
1811
3316
6858
9611
6858
4817
3802
2097
2337
9883
8328
8076
8562
1459
1458
1439
1458
8110
6710
8670
6710
923
9068
758
7387
3444
3445
3451
3445
5190
5189
1552
9222
1935
7169
1922
7169
6686
3117
7119
3117
8636
9478
2970
5367
2989
5367
1994
4767
7526
4193
3718
4193
8341
4193
8618
3943
9469
3943
9811
4661
10324
10213
2869
2889
2126
4075
8034
8838
3991
4784
3918
4784
3118
3123
4389
7002
3239
3255
3257
3255
109
232
2356
5233
2252
5233
9895
6542
9743
6542
7625
2431
2418
2431
7600
2431
9284
2431
2349
6286
2387
6286
7130
3806
7369
7364
3826
7364
1625
7364
2866
2954
4242
9486
7138
5384
8585
7329
7714
7329
775
8615
5663
8615
8109
8615
7713
8069
8553
2217
8547
2217
8089
2217
7713
2217
8580
2217
9342
9314
837
838
4477
8168
1277
8168
7659
5801
5739
5801
8018
5801
1498
6089
1530
6089
4511
6743
5789
6743
9919
6743
3594
3608
3574
3608
7648
7981
4403
4401
3005
5321
2888
5321
1579
1583
6205
5093
2043
5093
1267
1248
1220
1248
7342
8501
8547
8501
8069
8501
1644
5917
3973
5917
9950
2263
7281
2263
8003
2263
1964
2263
3457
3464
3445
3464
9663
3035
4495
3035
8190
3035
7094
3546
3545
3546
3695
3546
7753
9765
3639
5474
3628
5474
7234
1306
1272
1306
2096
3991
7340
9305
1916
4732
1819
4732
3076
4136
114
2933
5325
7697
8047
2250
2290
8374
2290
1522
1570
200
201
1681
1755
9219
6199
3879
6199
9871
8774
3749
3748
7749
8631
3726
8631
2325
6557
6817
6557
2110
5144
810
9541
3673
4866
3635
4866
2946
6654
2939
6654
105
9779
7240
2934
9687
2458
2415
2371
2415
2494
2702
4653
6065
7490
6065
7740
7718
6966
8085
1654
4705
773
774
6731
2844
8348
2844
7608
2844
2839
2844
17
423
2682
6603
9839
6603
3009
5312
2608
5312
8927
9693
9988
9693
5687
9693
9584
9693
7710
9693
1841
4749
1547
1551
1495
1551
1212
1302
9760
3907
1942
5036
3891
5036
2970
5618
9676
5618
4763
2135
4134
2135
9727
1986
1952
1986
3303
3311
124
719
2848
9877
8748
3010
3948
3010
109
3391
5835
4417
5835
8930
9963
4028
6791
4013
6791
4198
7099
4198
7099
8332
7147
7177
7147
8784
7147
7139
3853
9321
3377
8417
3377
1767
1822
323
608
565
608
7661
997
4207
997
855
997
996
997
2850
5349
16
9553
2872
2865
2550
2865
9186
6394
3088
6394
1666
1690
1686
1690
8357
9744
3458
5816
7464
6044
7462
6044
9801
9631
4760
9631
3263
9631
2855
7930
7988
7972
4512
7185
2221
2362
10083
8634
7383
8634
1550
9163
9200
7477
10264
10313
2370
2509
2498
2509
7746
9396
3387
4416
2749
5296
2691
5296
7087
8719
7833
8719
7084
8719
8226
8719
7088
8719
7078
8719
9161
8719
7083
8719
7465
8719
9160
8719
8227
8719
8210
8719
8218
8719
7846
8719
7477
8719
7082
8719
7463
8719
9147
8719
9166
8719
8205
8719
8219
8719
8209
8719
822
8537
9552
8997
778
8997
3929
5165
4069
5165
3187
5992
3099
5992
713
8516
7108
6948
2501
2706
7208
5971
8858
9941
2225
9941
8864
9941
8490
8866
9933
1573
1514
1573
1321
4631
4138
4631
1828
1829
1772
1829
3619
7546
3319
7546
5669
732
9719
7991
3002
3013
5915
6079
7879
6079
3770
4047
3817
4047
9473
4047
7359
4047
8563
4047
62
99
5970
5259
3894
5259
31
2504
2515
7811
8705
8196
8705
255
568
7384
7748
7753
7748
2941
5374
2924
5374
4005
2204
4209
2204
861
9141
864
866
863
866
7800
8136
7816
8136
3471
6772
3476
6772
3241
3240
7263
3240
10334
10305
10264
10305
9448
9755
7343
9755
1357
9755
9455
9755
1337
8732
3941
6276
2255
6276
8793
3718
4642
7056
1467
7056
3855
2941
8285
2941
2234
2252
8230
5904
4001
5904
2116
4774
7406
705
4020
2601
4186
2601
2168
4085
275
276
9732
7907
7760
749
1029
1036
1878
1894
2865
2879
4310
10031
8968
10031
16
4852
6494
5425
6494
9401
7311
4253
7311
1392
1652
1655
1652
9573
8416
8329
4719
8295
4719
4538
4537
2269
5950
9491
9477
1316
4634
4120
4634
2210
5179
4155
5179
8374
2409
7613
2409
2241
4516
5250
2462
8751
2462
8229
2462
1431
7853
3083
3147
9171
4997
1790
4997
8646
7377
8662
7377
9761
7377
4265
7377
1522
9153
1180
9036
5988
3027
3971
3027
5303
6620
5589
6620
3979
8749
3979
8749
95
8189
9789
7970
3104
3105
3104
1764
9231
10138
10273
10255
10273
587
198
6005
5449
3263
5449
689
9563
9979
3972
9351
3972
5702
3972
6960
3972
5701
3972
8446
3972
4332
3930
4330
3930
7672
3930
3095
3185
3464
3477
7488
5646
3113
5646
8829
9953
1744
6156
1782
6156
2143
2146
7279
3368
8875
3368
9759
3368
7675
3368
4009
6315
4107
6315
9717
9269
4744
6182
4749
6182
203
498
536
498
4036
5045
7875
5045
1669
9809
3833
9809
1916
9809
3019
9809
1648
9809
3559
9809
3173
9809
3840
9809
9853
9809
1595
9809
3866
9809
3145
9809
3576
9809
1742
9809
1953
9809
2877
9809
5102
9809
3566
9809
3673
9809
5341
9809
6005
9809
2481
9809
2634
9809
1728
9809
4109
9809
1490
9809
4760
9809
3955
9809
2444
9809
5930
9809
6332
9809
2040
9809
3635
9809
6351
9809
3311
9809
3013
9809
4516
9809
6826
9809
1819
9809
3975
9809
3041
9809
3127
9809
2158
9809
2758
9809
4797
9809
3713
9809
6010
9809
3941
9809
4819
9809
6003
9809
2255
9809
3263
9809
2322
9809
2765
9809
3850
9809
3626
9809
1997
9809
3935
9809
3899
9809
1932
9809
3340
9809
2944
9809
9819
9809
3643
9809
900
3730
1524
8242
787
788
7361
8586
8107
8586
7739
8586
2007
6795
1890
6795
6741
4164
1139
1159
7893
5846
1025
5846
10117
8951
4192
5488
2059
5488
9971
7604
3568
7604
8006
7604
1688
1694
1732
1694
6463
6452
3363
6452
2578
2679
7767
7707
3888
7707
687
7707
9528
7707
1521
1597
3812
5087
4010
5087
12
396
7553
6390
7172
6390
1856
1937
7982
1937
2440
2476
4517
2476
7968
1852
8384
1852
1854
1852
6714
1852
3583
7468
222
438
365
438
369
438
3193
4834
3210
4834
7896
4919
7524
4919
2534
8788
2535
8788
5732
7653
965
951
853
951
7646
951
3710
951
1204
4026
8373
7201
8800
7201
7957
7201
2175
7201
9232
7082
9204
6628
2599
6628
9505
666
2757
5553
2775
5553
1872
3995
4391
3995
4771
6262
2336
6262
8276
4145
9659
4145
7544
4145
1400
9200
7176
3535
4902
3535
7560
3535
10074
8970
8077
8932
4131
8932
1629
8932
2812
2814
8838
2814
8840
2814
5742
2814
2848
3046
2724
2739
3893
5064
6913
5064
7294
9354
3900
2059
9911
2059
9926
2059
1248
1279
2281
2294
3475
3493
7199
3493
2084
3918
3867
5607
2971
5607
8535
905
895
905
8558
5704
8529
5704
9421
5704
8941
5704
8562
5704
2270
6826
1278
4369
8402
8375
9953
8375
2421
8375
7989
8375
1340
1354
1311
1354
703
8666
6964
4324
5685
4324
5685
4324
9463
10000
9460
10000
8959
10000
4345
8469
1192
4475
1225
4475
924
932
941
970
9132
970
2061
4187
555
624
554
624
223
624
218
624
556
624
357
358
557
358
4486
7789
3741
7789
8635
8101
8583
8905
993
5769
978
5769
1282
9670
7768
7393
9976
2031
7222
2031
4135
4973
1597
4973
7748
7368
2957
2958
1889
1890
1888
1890
1876
1890
1184
1225
7495
9087
7479
9087
6742
9087
2242
2376
3958
5206
2093
5206
4718
6102
4696
6102
2572
2665
2653
2665
3642
6490
3602
6490
8275
5388
6354
6352
10009
1045
9400
1045
534
427
263
427
537
427
4079
4788
3991
4788
8090
8919
8065
8919
9426
8919
7747
7730
8638
7730
8993
7730
563
590
232
590
8017
8834
10029
9345
312
361
413
361
2836
2906
8581
9427
7372
3707
4213
3707
7287
3707
3290
3604
1076
1087
3446
3468
3467
3468
8327
9259
1649
9045
8984
6989
1217
1244
8204
4586
1173
4586
2018
2096
7934
2096
8780
2096
5791
2096
8322
834
2929
5635
3769
5635
1211
1212
1188
1212
18
4242
912
919
6959
8026
5690
8026
1490
4951
3713
4951
3194
3201
4370
8164
1299
8164
3629
3653
3608
3653
4376
4375
4376
4375
9735
8369
7845
6854
7488
6854
7840
4666
1417
4666
7678
7995
231
441
523
441
527
441
9384
8475
905
8475
1277
4469
1244
4469
8451
9707
7273
9707
2644
9600
2114
2125
1990
2125
4491
8187
4492
8187
1459
1454
1439
1454
4699
6106
4702
6106
7561
7535
7561
7535
7612
8324
9213
5202
2335
5202
2841
2902
4293
1064
1051
1064
3307
7493
7163
7918
8475
9337
9371
9337
8603
9660
70
137
8311
2644
4151
2644
2643
2644
3723
8973
3989
8973
8904
2547
4031
2547
1223
5775
8204
5775
3994
4905
3511
4905
4445
8145
7877
8145
204
501
375
501
536
501
3041
5630
2944
5630
4798
6309
3830
6309
9163
4932
9153
4932
8404
9285
4720
4970
7511
4970
5719
1265
1256
1265
3002
4101
7767
3789
4204
3789
7718
3789
3806
9064
1253
9064
7159
2585
2554
2585
3385
3393
4355
3393
4202
1196
7285
1196
9087
2112
8900
9364
123
957
973
974
973
10116
800
1753
4983
1783
4983
1314
1341
1324
1341
691
7779
2028
7623
2782
2807
2030
2033
5788
2033
642
570
456
570
2743
2753
1344
4485
4128
4177
9443
9433
9450
9433
3229
5999
1146
5717
3356
9574
1823
9574
3533
9574
3987
9574
2176
9574
3193
9574
3634
9574
1892
9574
1946
9574
3115
9574
2103
9574
3506
9574
1758
9574
2786
9574
5970
9574
3552
9574
2712
9574
3520
9574
3247
9574
2317
9574
4210
9574
3894
9574
2596
9574
2752
9574
4742
9574
1703
9574
4115
9574
3867
9574
4038
9574
4869
9574
2632
9574
2731
9574
4218
9574
2990
9574
3530
9574
4029
9574
2344
9574
3981
9574
4193
9574
2941
9574
2146
9574
3604
9574
6463
9574
3332
9574
1996
9574
9879
9574
3363
9574
3658
9574
3139
9574
5954
9574
3044
9574
2971
9574
2374
9574
3544
9574
1912
9574
6227
9574
3531
9574
3337
9574
2623
9574
3902
9574
2924
9574
3210
9574
7024
9574
3572
9574
3220
9574
4222
9574
7035
9574
3852
5539
6355
5539
41
10121
10226
10159
10158
10159
7250
8385
7250
8385
2880
5614
3877
5614
3562
3560
3374
3560
5663
8638
9961
8800
1274
1289
9250
1289
9225
1289
2809
3765
9248
6944
8850
2569
4031
2569
8456
2569
5735
2569
2272
5500
2324
5500
7950
8347
564
532
543
532
4084
2121
7271
2121
7549
6398
7102
6398
8328
8320
8328
8320
1096
4447
7410
9506
8060
3216
7122
7092
1342
1413
1410
1413
8100
10041
8096
10041
3479
6048
5817
6048
1211
4303
9962
6910
1102
1133
3307
3336
7225
9871
8779
8778
1458
1510
1549
1510
255
256
9101
1427
3654
4861
3641
4861
4795
2486
2485
2486
4796
2486
2044
5077
3856
5077
4820
6380
2913
6380
3640
5478
4125
5478
10192
10193
10191
10193
7435
4257
9681
2689
9545
9523
787
9523
7379
7714
5692
7714
3808
6463
8755
6463
6434
6463
7657
7639
3275
7617
9309
7617
4350
7617
7245
7617
8614
8576
808
8576
7720
8576
2829
2848
7592
2848
1927
2009
134
7436
1853
1863
1857
1863
777
778
8984
9461
9483
9461
2952
6658
5387
6658
6998
6965
4147
6965
35
10130
8747
3744
1906
6192
1951
6192
2141
4116
4386
5723
7635
5723
8381
5723
3977
5148
2332
5148
8826
1221
4298
1221
5678
1221
4026
1221
9285
1221
971
983
7984
2015
4049
2015
8810
2015
4392
2015
2511
4800
9156
4638
1258
4638
4742
6171
7035
6171
2543
2575
2542
2575
9763
5747
4348
5747
4347
5747
8726
3779
3590
3623
7275
1513
7270
1513
1881
1898
1868
1898
1786
9833
4348
4347
4348
4347
4243
7050
1979
6913
1640
9174
3638
6498
3674
6498
8561
8447
8918
4320
4277
4320
9419
4320
3179
5400
3201
5400
2602
6841
2626
6841
5786
5785
10160
10287
10148
10287
7402
8983
7176
7560
7176
7560
1428
1441
8599
9338
4154
6237
3809
6237
73
7765
4280
8485
6941
8485
10167
10169
389
342
7175
9708
3394
9708
3745
8177
7101
8177
8814
7216
3483
9906
6403
3108
7505
3108
4137
3108
10144
10264
9002
10081
9511
10081
1369
4385
7651
9974
2815
2830
8379
2830
5743
2830
7595
2830
5198
7071
5697
7336
8578
7336
7401
9471
4332
1962
4813
6363
9655
6363
644
610
346
610
1071
4576
1090
4576
10147
10148
10315
10148
8125
6979
840
861
863
861
553
425
185
425
371
425
7408
5660
3074
9923
1047
1077
1079
1077
7986
9282
1756
6150
9145
6150
9298
1410
1411
1410
4313
1410
4372
1410
3619
3617
7211
3617
6694
9428
3620
3639
7591
8303
8078
3714
3424
3436
261
262
2575
9861
2304
4778
2094
4778
3970
5908
1617
5908
10151
10296
10142
10296
7752
7744
7378
7744
32
10126
3955
2208
2111
2208
8663
8116
2907
5378
3827
5378
1291
6927
2508
5956
7330
8861
9420
8861
8503
8861
4091
6480
3333
6480
5783
8257
5784
8257
9886
8257
1391
8257
5950
2386
5946
2386
4097
6331
2491
6331
4377
1527
1513
1527
1872
1880
1873
1880
5718
9077
3185
9077
1219
9077
7155
9234
5323
6630
2621
6630
2876
3017
9688
3017
2441
2496
8376
2496
3978
5309
8749
5309
1575
1577
10097
8968
7769
8968
9471
8968
1652
1674
5286
2699
10190
10192
9526
8655
987
9232
3284
9946
8332
7181
7209
7181
8784
7181
3288
3351
1982
3920
2032
4043
3611
9807
5968
9807
3472
9807
3391
9807
3401
9807
4165
9807
5324
9807
4846
9807
3403
9807
5809
9807
5134
9807
3786
9807
3971
9807
2716
9807
5309
9807
6748
9807
3557
9807
6364
9807
5195
9807
4418
9807
3461
9807
3644
9807
6843
9807
5946
9807
3099
9807
9727
7106
1952
7106
555
244
1930
6202
1887
6202
9923
9267
125
655
1023
5854
1035
5854
8931
10032
955
968
10017
8426
4343
8426
3782
8426
1817
4729
4750
4729
1138
9146
9949
2154
7467
6775
7455
6775
4527
4526
8750
7451
5101
7451
84
2527
9760
5667
9760
732
9760
188
189
1331
4495
2918
5989
1770
9142
9359
3370
7976
3370
9306
3370
9313
3370
4353
3370
2219
2359
7658
7969
7662
9324
5728
8395
2427
2512
7584
7903
9790
8722
5721
1346
1341
1346
3555
7857
9606
4993
4027
4993
3079
3143
10114
790
873
3728
8649
7373
8588
8081
4014
8081
5316
6635
2895
6635
9338
7261
8435
7261
4534
4533
28
1725
1734
1705
1734
9965
9942
8823
9942
9310
9942
6227
5490
3902
5490
9196
4621
2937
6388
2923
6388
7527
1819
2988
5352
2997
5352
3556
3975
123
722
9219
6206
1919
6206
7113
7102
2995
3023
280
281
3468
7470
9717
8790
9228
4752
5924
4752
127
164
1289
1299
3456
3473
4220
3473
2267
2274
2262
2274
2833
3054
3053
3054
10179
10180
10173
10180
9003
2525
737
2525
740
2525
8411
2249
9950
2249
8344
9257
277
278
3427
5826
5820
5826
1803
1805
1734
1805
2877
9632
3566
9632
9630
9632
4797
9632
1997
9632
7583
7920
3499
6769
3477
6769
1543
9770
8207
4426
919
4426
3094
3181
10091
7351
8626
7351
4171
8729
7517
8729
4893
8729
4309
1256
8383
1256
9266
1256
1200
1256
8001
9310
249
250
7711
8043
6966
8043
8548
8526
8551
8526
7570
2076
2072
2076
7185
2076
172
175
1598
6082
1533
6082
10133
10134
2949
5628
3046
5628
2403
2396
2284
2396
1574
4655
7797
4968
7798
4968
2293
6553
2352
6553
2446
5262
9674
5262
7774
9429
6694
9429
9857
6607
5577
6607
9533
729
771
9546
9329
6704
9336
6704
8435
6704
16
457
9096
1832
7645
3451
6704
3451
7264
3451
3455
3451
8349
1888
8658
8621
8656
8621
9518
7370
2957
2960
5658
9542
3306
6488
4852
6488
6994
3903
3915
3903
9690
3903
3869
3903
3347
5452
4091
5452
1682
3969
8277
3969
8287
3969
9242
3969
3128
5390
3106
5390
7170
4790
972
993
2423
2425
2422
2425
3594
3857
3457
7143
8106
7728
3369
3373
3370
3373
1140
1176
3260
3261
3243
3261
5229
4081
2872
8752
2857
8752
2178
5182
4057
5182
7291
2412
4200
2412
5733
2459
8433
2459
8907
8495
8912
8495
10054
9709
1718
4722
4553
3470
8416
7975
2568
2656
2653
2656
8490
4395
3008
5315
2603
5315
9955
5795
8109
8993
5980
6846
5986
6846
1384
1649
9107
1649
8045
9339
7762
752
8662
752
7760
752
10020
8533
7701
8533
1431
1446
2881
2882
3781
7473
1731
1761
968
4559
984
4559
8411
2227
8852
2227
1553
1564
6909
6908
1665
1667
7032
1667
5724
1667
10145
10306
10313
10306
2248
2284
8378
2284
9303
3483
7640
3483
7631
3483
8816
3483
9304
3483
4394
8780
4019
8612
7756
8612
9152
1508
4180
1508
5979
5331
7512
5331
3096
3172
7089
3985
7049
10065
7048
10065
2100
2333
3905
6378
2923
6378
403
382
404
382
2927
3041
2174
5927
4658
6956
979
6956
1153
6956
2301
6956
2155
6956
2275
6956
4641
6956
4743
6956
985
6956
1091
6956
914
6956
4477
6956
3932
6956
4744
6956
1599
6956
1277
6956
2518
6956
4484
6956
999
6956
4704
6956
4157
6956
4695
6956
1206
6956
4754
6956
2763
6956
1054
6956
946
6956
1756
6956
2081
6956
4689
6956
9145
6956
2348
6956
1130
6956
2379
6956
1316
6956
1825
6956
1074
6956
7478
6956
4167
6956
9622
6956
4749
6956
1159
6956
932
6956
1244
6956
4655
6956
1186
6956
922
6956
1418
6956
6991
6956
4687
6956
5902
6956
1021
6956
1472
6956
2789
6956
962
6956
2703
6956
4120
6956
2490
6956
2331
6956
1534
6956
2192
6956
1111
6956
1032
6956
1736
6956
7027
6956
1444
6956
3580
5480
3550
5480
10193
10197
10190
10197
3019
5363
2877
5363
2196
7799
3763
8091
5693
8091
8102
8091
3110
3113
1644
4711
1491
4711
1583
6071
4683
6071
2829
2850
7592
2850
9978
2421
10115
780
3976
7383
8663
7383
5385
6660
2947
6660
2107
5150
2201
5150
2962
5979
44
45
10018
7319
772
10106
779
10106
785
10106
787
10106
774
10106
778
10106
790
10106
783
10106
4764
4763
3998
8625
4019
8625
7380
8625
4073
4197
2457
3947
1679
3842
1229
7234
4371
7234
9521
798
9524
798
9523
798
6699
798
1523
3756
3894
5237
5954
5237
2573
3004
902
9221
8618
8596
8607
8596
10059
8596
48
49
7349
8936
7349
8936
9161
5841
9176
5841
3121
3127
8237
6785
1556
6785
10331
10297
10312
10297
9923
9268
2125
2141
1988
2141
4539
3305
7140
3305
1529
1545
1546
1545
2938
4072
3308
4072
4554
4072
4853
4072
2959
4072
5998
4072
3428
4072
3528
4072
7086
4072
4820
4072
4862
4072
4793
4072
5816
4072
2462
4072
3046
4072
4763
4072
2236
4072
4134
4072
9828
4072
4061
9808
4157
5171
2192
5171
3517
3558
2119
6747
9710
10021
7708
10021
4266
8640
7381
8640
744
8640
7235
8798
1434
7924
3314
3332
5972
7191
5972
7191
927
936
917
936
4757
2213
7565
2213
3824
2213
7797
5913
7804
5913
1658
1684
1664
1684
7190
2267
2263
2267
10190
10191
4087
5498
2328
5498
9276
1587
1464
1587
1504
1587
7227
1587
2040
5097
1997
5097
6401
6400
9273
8318
3460
6050
4552
6050
2868
2871
8278
2871
5961
2521
5958
2521
2871
2892
4490
8711
1406
8711
3138
7483
342
473
645
473
3605
5463
8757
5463
2831
7172
4258
10105
8437
7985
3781
8197
7518
4625
6924
4625
7543
8763
7404
5658
165
509
450
509
535
509
5235
5965
7562
5965
7920
5965
122
2258
5192
2258
5192
1301
6723
1241
6723
7834
6148
7477
6148
4159
3799
3343
4091
1338
1408
1409
1408
7431
8559
4260
711
2555
2595
1294
4612
3743
4612
2936
2935
2835
2935
6709
3383
652
3383
1168
1186
2254
4780
2305
4780
8242
5910
4504
5910
2051
2210
2937
5380
2951
5380
3358
6478
3360
6478
742
10066
8988
10066
7015
7947
3811
7842
7903
7842
7127
7842
7171
3234
3228
3234
2420
2433
7625
2433
8382
2433
7596
1878
1863
1878
762
763
3279
3319
7617
3319
2453
4798
1319
4640
9867
4640
9772
5944
3727
5944
4513
5944
8059
9621
4174
9621
8513
9621
739
7756
8365
1900
1874
1900
2683
9097
7450
9097
3912
9097
4195
9097
7840
9097
2046
9097
2513
9097
5241
9097
1820
9097
5909
9097
1293
9097
3990
9097
6417
9097
2696
9097
2382
9097
9151
9097
1614
9097
4122
9097
5966
9097
7829
9097
1943
9097
3852
9097
7849
9097
3933
9097
2447
9097
2145
9097
9137
9097
2662
9097
9114
9097
7831
9097
2200
9097
1791
9097
3049
9097
3107
9097
7449
9097
2916
9097
9149
9097
4085
9097
4485
9097
9146
9097
3985
9097
2086
9097
4126
9097
1417
9097
4183
9097
4050
9097
7841
9097
5191
9097
4721
9097
1893
9097
4773
9097
7075
9097
2321
9097
1246
9097
1350
9097
4035
9097
2345
9097
3889
9097
6355
9097
4822
9097
2969
9097
4221
9097
7856
9097
3126
9097
2795
9097
1605
9097
9916
9097
3997
7305
1966
7305
1963
7305
1535
6092
1502
6092
7050
7048
9760
7048
3628
6500
4868
6500
171
177
175
177
8086
8072
8086
8072
2600
2626
2629
2626
5990
5398
7121
5398
10060
4318
4276
4318
7766
4318
1171
4596
1193
4596
8264
2086
2085
2086
7892
2086
1412
3924
9447
7332
9440
7332
3943
7332
9725
7558
3098
3191
1618
4936
1560
4936
4
390
279
455
8873
6717
6948
6539
2131
6539
2768
6614
9651
6614
1064
1097
1098
1097
8344
9258
3090
3110
3057
3110
1634
6999
8799
2828
7962
2828
2830
2828
7606
2828
7049
8945
9012
8945
8962
8945
3591
3627
9666
6801
5927
6801
1233
7089
1237
7089
7022
3724
8481
3724
7023
3724
5744
5743
2071
9862
629
270
973
987
988
987
4150
4170
1746
4170
1466
4170
4098
4170
9831
4170
4156
4170
7859
4170
8743
4170
1818
4170
1906
4170
3330
4170
3015
4170
7491
4170
4083
4170
2684
4170
3705
4170
4077
4170
5980
4170
2162
4170
5986
4170
7851
4170
4129
4170
3961
4170
3341
4170
7852
4170
1535
4170
3162
4170
2257
4170
3087
4170
1613
4170
2886
4170
3134
4170
3349
4170
3296
4170
5914
4170
1755
4170
8732
4170
1894
4170
4164
4170
4145
4170
2906
4170
3336
4170
1761
4170
4798
4170
2671
4170
2288
4170
3182
4170
5098
4170
4002
4170
6001
4170
4130
4170
3702
4170
7844
4170
4117
4170
3208
4170
3830
4170
2604
4170
4041
4170
3227
4170
8221
4170
1951
4170
1561
4170
1502
4170
3050
4170
2480
4170
8027
8443
10112
8126
690
8126
7860
1292
4622
1292
1885
5051
2006
5051
8351
2572
8359
2572
3720
2572
9947
2572
9294
2572
7251
2572
4145
6917
4130
6917
1486
1536
4344
4343
1928
1996
4802
6321
2487
6321
1519
1517
4506
1517
4758
6233
3908
6233
2739
5542
2723
5542
8364
7195
9521
9472
784
9472
9496
9472
10323
10174
3226
4840
3207
4840
936
945
303
477
522
477
308
477
2496
5286
2497
5286
3039
3058
2823
3058
9542
8987
811
8987
7647
7266
7647
7266
3214
6002
2258
2278
7158
2278
7123
2278
3010
6384
3026
6384
4644
7782
8734
7782
8315
1700
8287
1700
7545
1700
7602
1700
7003
1700
1697
1738
8561
9417
9766
7610
1419
8173
4642
8173
9899
9281
908
911
896
911
5144
2300
3941
2300
4064
5070
2152
5070
6368
6367
891
5710
886
5710
1945
6189
1886
6189
8449
2012
1976
2012
7650
2012
3371
3541
3538
3541
1061
1073
1636
1678
9641
7226
8892
7226
9289
7226
4401
7226
1593
4001
7949
4151
2637
4151
2822
2820
7603
2820
10070
8964
1136
7642
2140
2158
7292
2025
7271
2025
208
209
3259
6006
9720
2692
9694
2692
9975
2692
8590
8911
9648
8307
8355
8307
9271
8307
8783
8307
7007
8307
6716
8307
1356
8095
10024
8095
3556
3613
1261
4481
1484
1523
1526
1523
7286
1360
8504
1360
7444
9073
8267
8253
3398
8253
172
173
950
964
9380
964
4328
8381
7914
6923
7913
6923
9851
6923
3956
4330
3956
4330
1057
5858
1035
5858
1716
2803
9822
2803
3993
2803
969
2803
1616
2803
9804
2803
9830
2803
4718
2803
4493
2803
2215
2803
9742
2803
1950
2803
4032
2803
4691
2803
3883
2803
2780
2803
4656
2803
9914
2803
6815
2803
1468
2803
1319
2803
9867
2803
9857
2803
7805
2803
1226
2803
1003
2803
5577
2803
2709
2803
1024
2803
9856
2803
4119
2803
4079
2803
1088
2803
4502
2803
2005
2803
3991
2803
2515
2803
3918
2803
1674
2803
1176
2803
2037
2803
1809
2803
1281
2803
9844
2803
1243
2803
1134
2803
2801
2803
2488
2803
1152
2803
2377
2803
2445
2803
959
2803
5297
2803
4680
2803
1112
2803
1905
2803
1055
2803
8859
8840
1984
2037
4249
7724
9297
7627
10316
10164
8606
9462
1746
4987
1761
4987
1014
1051
1052
1051
3729
5713
904
5713
2881
4126
1864
1884
10320
10211
2667
2671
3330
6484
3341
6484
2738
2757
1199
1231
8428
1231
6947
4173
835
840
860
840
834
840
9274
840
1434
9872
1614
4945
5903
4945
3177
3195
7165
3195
9898
3195
4530
3195
4477
8170
4120
8170
3112
5641
9212
5641
9578
3266
3250
3266
7134
3266
60
1328
1417
3571
3610
1021
4443
1032
4443
2211
9051
4344
3782
9357
1250
1227
1250
9341
1250
4306
1250
9626
9788
3361
9788
8366
8343
5782
5781
3152
4911
4148
4911
9343
1070
9348
1070
9349
1070
1063
1070
1124
1137
1136
1137
9968
9776
8808
4307
2614
2650
7207
7541
119
4253
3295
6860
6008
6860
8045
8481
2126
2131
2159
5073
4123
5073
7610
8330
3632
3642
3922
1460
3924
1460
4317
1460
1453
1460
8268
1423
6926
1423
4382
4381
3212
3226
4084
8001
7312
6708
6908
6708
8413
6708
1860
1867
2843
2946
2523
9070
9235
9070
8265
9070
2551
2591
2588
2591
2839
6982
3345
6467
3602
6467
2410
7613
7980
7613
9973
7613
9959
7613
1228
1271
1229
1271
3925
4095
9191
4095
9190
4095
63
8815
5727
1670
4964
1751
4964
10083
1959
7383
1959
4126
5624
2969
5624
7492
8151
1618
8151
6997
9689
8110
8391
8873
9350
2594
5620
2852
2856
8437
2856
8403
2856
1346
4491
1554
4922
1596
4922
1312
9083
2905
6646
3047
6646
2566
3008
1847
1849
7923
1849
56
792
10082
1624
10082
7378
10082
7750
10082
2102
5156
4057
5156
793
794
454
453
178
453
3315
6449
3362
6449
2589
2682
1333
1335
7019
1335
7017
1335
7020
1335
1142
1162
1163
1162
1685
1688
9884
1688
4184
5494
2199
5494
4497
8239
7520
8239
8759
8239
2020
2115
4510
2115
1084
1083
1068
1083
2098
3703
9912
8314
7531
6179
7895
6179
3111
3657
2060
3657
4064
3657
3347
3657
3638
3657
2335
3657
3174
3657
4206
3657
3825
3657
3651
3657
2611
3657
5196
3657
4827
3657
5812
3657
2183
3657
3051
3657
2375
3657
2506
3657
6370
3657
2889
3657
1762
3657
2723
3657
5807
3657
3879
3657
4176
3657
3267
3657
3333
3657
3656
3657
1919
3657
6746
3657
3529
3657
4870
3657
2772
3657
8835
8794
9950
8794
8844
8794
8833
8794
8340
7928
4544
3554
4545
3554
7142
3554
7271
3771
7796
6950
9097
6950
9239
5772
1142
5772
7149
5772
7935
5772
3851
8183
10304
10295
2657
9655
9421
9418
3825
6374
2998
6374
8280
4855
4641
7792
4484
7792
2537
2543
2548
2543
6417
6904
3107
6904
2283
2288
9385
8472
8495
8472
5675
8472
700
8472
1517
1568
7763
8977
918
929
8468
8016
8468
8016
0
334
387
334
148
9595
9920
1504
2707
5276
2451
5276
9821
6056
3461
6056
4223
10073
7726
10073
4373
4372
3253
7497
305
475
522
475
9357
1215
1189
1215
9341
1215
4306
1215
828
3750
818
3750
823
3750
831
3750
10099
6971
5653
6971
2057
2062
4328
7238
8321
1282
1268
1282
7532
1282
2425
9913
954
977
5694
8929
7339
8929
719
3397
3396
3397
1773
1766
1709
1766
7367
7720
2698
2742
2690
2742
1716
7079
9822
7079
969
7079
1616
7079
9804
7079
9830
7079
4718
7079
4493
7079
9742
7079
1950
7079
4032
7079
4691
7079
3883
7079
2780
7079
4656
7079
9914
7079
6815
7079
1468
7079
1319
7079
9867
7079
9857
7079
1226
7079
1003
7079
5577
7079
2709
7079
1024
7079
9856
7079
6248
7079
4119
7079
4079
7079
1088
7079
4502
7079
2005
7079
1067
7079
3991
7079
2515
7079
983
7079
9833
7079
1674
7079
1176
7079
2037
7079
4696
7079
1809
7079
1567
7079
1281
7079
9844
7079
1243
7079
1134
7079
2801
7079
2488
7079
1152
7079
9836
7079
2377
7079
1752
7079
2445
7079
959
7079
1037
7079
5297
7079
1187
7079
1112
7079
1905
7079
1055
7079
3071
9879
2344
6259
7024
6259
6725
9290
5936
6816
7111
6816
7448
7044
315
464
451
464
359
464
1185
1209
7704
4314
5681
4314
3981
5394
3139
5394
3246
9644
3129
9644
2520
9644
3482
9644
2212
9644
5350
9644
2805
9644
5709
9644
2900
9644
3416
9644
3534
9644
4189
9644
2955
9644
3389
9644
3670
9644
2304
9644
4550
9644
3342
9644
5815
9644
4415
9644
2609
9644
3577
9644
2778
9644
3460
9644
6225
9644
5991
9644
2461
9644
3553
9644
5708
9644
3345
9644
3546
9644
9687
9644
3010
9644
3108
9644
3639
9644
2699
9644
5989
9644
6002
9644
3642
9644
5199
9644
3192
9644
2277
9644
3628
9644
2681
9644
2672
9644
4868
9644
3942
9644
3602
9644
2094
9644
7823
9644
2388
9644
2063
9644
3509
9644
3844
9644
2477
9644
2364
9644
3298
9644
3026
9644
3421
9644
5813
9644
3158
9644
6334
9644
3440
9644
3411
9644
4552
9644
3429
9644
3264
9644
913
922
19
4239
1791
6165
3889
6165
3949
10042
10065
10042
2399
4794
2032
6992
8363
2581
8371
2581
2582
2581
7958
2581
4516
5948
2255
5948
340
586
636
586
2292
6296
2363
6296
2020
2021
1969
2021
4048
4391
1837
4391
9853
6618
4109
6618
61
74
65
74
69
74
67
74
59
74
55
74
57
74
151
74
71
74
70
74
66
74
62
74
84
74
60
74
63
74
56
74
58
74
82
74
149
74
54
74
131
74
68
74
37
74
83
74
64
74
1843
1933
3778
9793
3779
9793
8894
8491
8642
7703
646
7703
7728
7703
2162
5083
2038
5083
1588
1593
1586
1593
4529
2824
2826
2824
4336
8922
8552
8922
39
10122
7570
7554
7185
7554
8304
7554
751
7771
8020
7657
1451
1435
1413
1435
3291
3928
2641
6349
334
410
5959
6835
3960
6835
1581
6099
1597
6099
9744
5791
521
489
233
489
560
489
2108
2109
9862
2109
7796
9787
2662
5557
6355
5557
9847
6144
3842
6144
3074
3792
854
855
8894
855
7427
5654
67
154
6368
5603
7832
4929
3756
4929
6750
6312
2466
6312
3079
9195
3489
3497
4410
3497
270
544
452
544
2282
4016
4501
7065
1615
7065
8038
10033
4848
6474
4851
6474
4759
4183
7411
7750
2460
6325
2519
6325
1855
1874
1838
1874
2890
2899
8788
2899
8463
8855
10258
10212
10314
10212
1942
9665
9835
9665
4192
9665
1071
9665
910
9665
1675
9665
9144
9665
920
9665
903
9665
6745
9665
9162
9665
5198
9665
839
9665
2356
9665
891
9665
4741
9665
9139
9665
9150
9665
9666
9665
9138
9665
1108
9665
4037
9665
9164
9665
4139
9665
1192
9665
1053
9665
1150
9665
4701
9665
9136
9665
9152
9665
886
9665
9140
9665
9163
9665
9141
9665
2252
9665
1036
9665
9153
9665
2059
9665
4369
9665
1225
9665
9142
9665
993
9665
5927
9665
945
9665
9135
9665
1000
9665
1645
9665
978
9665
9148
9665
4180
9665
1090
9665
1499
9665
9156
9665
4693
9665
877
9665
9157
9665
9167
9665
933
9665
1131
9665
9112
9665
9159
9665
6957
9665
9143
9665
6739
9665
1258
9665
3891
9665
961
9665
4089
3238
7263
3238
4094
4472
1285
4472
6955
7397
794
7397
6954
7397
4519
3720
1672
4977
1754
4977
2312
5199
86
9513
7246
1404
9307
1404
9769
1404
1480
1404
7967
8372
8812
8372
7413
9479
7426
10113
547
404
7302
9995
1836
9995
4182
3927
8997
3927
776
3927
3468
3480
10029
7658
7700
7658
8555
7658
8870
7658
9766
7192
2539
7192
7489
2355
7466
2355
1397
4696
33
10129
6725
7965
7438
8399
4818
5985
4526
5985
7541
5985
8654
10085
8640
10085
5931
5172
4190
5172
10318
10135
9678
8783
5427
3331
1593
4499
8434
6714
8834
6714
3689
6714
1632
6714
6711
9535
6933
9535
3988
1836
8519
1836
7693
1836
10043
1836
2609
6617
2681
6617
4189
6639
2955
6639
4522
2872
2538
2872
2567
3030
9501
10079
7377
10079
4440
7463
1065
1094
7088
5483
8235
5483
6003
6436
3850
6436
2231
5947
2241
5947
9172
5842
9160
5842
2565
3979
3283
4540
782
783
1770
1815
1735
5000
9816
5000
3082
3150
4237
7380
9233
8246
10022
2529
10042
2529
1261
9094
7106
4071
7576
7910
1281
1295
9836
1295
79
288
3914
9771
7273
9771
3939
9771
2668
2726
8308
2142
1988
2142
3269
3363
6977
9311
1169
1166
1149
1166
345
346
3863
6072
4688
6072
9601
2695
3408
4356
9010
8659
8661
8659
9009
8659
261
566
2412
2422
3913
2422
1755
4978
4117
4978
6955
7398
6954
7398
8489
8456
2669
5305
9834
1326
7992
1326
3724
1326
1323
1326
7731
8092
659
8092
1646
4712
7496
4712
8716
3841
2038
3841
3758
3841
5749
3237
3232
3237
3568
9625
8795
7944
3854
9547
3410
5756
3415
5756
2837
4050
265
266
8989
8611
8631
8611
658
659
8623
659
7737
659
1712
1762
9852
9256
6997
3913
7291
3913
7143
3498
4054
3498
2927
3042
8389
2066
9282
2066
7960
2066
2067
2066
9106
8194
1261
8194
7558
8194
2987
5332
9203
5332
2670
6623
2631
6623
4656
6779
9844
6779
2687
5558
2659
5558
3096
3171
1816
4725
1913
4725
5953
7116
3098
3192
3966
3965
2095
6744
4334
8540
4335
8540
9454
8540
7208
7927
10123
696
1731
7480
3592
3658
102
4246
9513
7331
8659
9000
178
179
9884
1687
1704
1687
3443
3463
3458
3463
1592
9135
4216
2264
2260
2264
10172
10181
10180
10181
46
47
10058
10039
5782
1584
7820
1584
2040
5094
2158
5094
4146
9761
10096
9761
158
7625
2429
2418
2429
7600
2429
9284
2429
3369
7979
4034
8696
8851
4399
9748
5319
2882
5319
9477
10086
3927
10086
2416
5234
3704
5234
2566
3007
990
1000
3968
4783
2305
4783
4806
2455
3118
3124
1345
9823
8522
8499
9408
8499
6702
8499
9732
7150
3379
3380
3378
3380
727
8071
10068
8071
10073
8071
7559
6336
9762
6336
2796
3910
5099
3910
2740
3910
2358
3910
8756
3910
3112
3910
9748
3910
9223
3910
9206
3910
3605
3910
4553
3910
9216
3910
4828
3910
9229
3910
2987
3910
8757
3910
3354
3910
2516
3910
2661
3910
1920
3910
2320
3910
6733
3910
9228
3910
3884
3910
9691
3910
2001
3910
4025
3910
9203
3910
2273
3910
3646
3910
9204
3910
3614
3910
3478
3910
9201
3910
3202
3910
5982
3910
3329
3910
3175
3910
3535
3910
2376
3910
2882
3910
2210
3910
3266
3910
3554
3910
3150
3910
5924
3910
4082
3910
2599
3910
3654
3910
3641
3910
3505
3910
3957
3910
3579
3910
5386
3910
9580
3910
3462
3910
5808
3910
3616
3910
9224
3910
2707
3910
9214
3910
3843
3910
9212
3910
2078
3910
2781
3910
4155
3910
45
10119
3085
5383
2552
9935
3983
7363
8630
7363
7377
7363
1481
1645
2976
2953
8486
2953
10003
2953
3693
2953
7995
2953
4212
2953
408
536
216
536
226
556
559
556
8016
5799
10010
5799
1535
6091
5914
6091
1765
1809
4308
9266
9867
4611
9836
4611
3397
3398
954
978
9650
9806
1308
4092
1999
6216
3737
6216
8400
2245
2233
2245
4261
712
1269
7841
2295
6560
9683
6560
104
252
4303
9225
1092
8725
2003
8725
6749
8725
2811
8725
1902
8725
4703
8725
5777
8725
7834
8725
4087
8725
1813
8725
8206
8725
7821
8725
1747
8725
7822
8725
1175
8725
5961
8725
7863
8725
9924
8725
2328
8725
1944
8725
2092
8725
7864
8725
7860
8725
1222
8725
3846
8725
2362
8725
1279
8725
4187
8725
1133
8725
1441
8725
4621
8725
4095
8725
5958
8725
2714
8725
1239
8725
4127
8725
1866
8725
1719
8725
1784
8725
2181
8725
898
8725
1177
8725
2156
8725
7522
9147
6730
7237
288
291
3528
6765
9628
6765
7331
4194
9409
4194
2003
3944
1902
3944
9730
3944
7834
3944
4087
3944
8744
3944
7821
3944
1747
3944
1175
3944
9924
3944
2092
3944
7860
3944
5943
3944
1222
3944
2362
3944
1441
3944
4095
3944
8272
3944
5958
3944
2714
3944
1239
3944
1866
3944
898
3944
1177
3944
2156
3944
8871
2224
2217
2224
10037
2224
8897
2224
8636
8978
1517
1567
7183
9733
2248
8356
8025
1664
1663
1664
6910
1664
7297
1664
7356
8050
8079
8050
13
2283
2287
2290
2287
1477
4659
2509
2522
9257
7913
3285
7498
7166
7498
3783
8712
3471
8712
5987
8712
7912
8712
3790
8712
3526
8712
3625
8712
2035
8712
9863
8712
2460
8712
2678
8712
3310
8712
5306
8712
2235
8712
4228
8712
2350
8712
4892
8712
3573
8712
6353
8712
4850
8712
3551
8712
3427
8712
4543
8712
5285
8712
5295
8712
2303
8712
7884
8712
4847
8712
3815
8712
3600
8712
3636
8712
5996
8712
2489
8712
3144
8712
9893
8712
5806
8712
2519
8712
3775
8712
9877
8712
4416
8712
2879
8712
2213
8712
8197
8712
7842
8712
3191
8712
2278
8712
2062
8712
6349
8712
8721
8712
2105
8712
3419
8712
7808
8712
4845
8712
3476
8712
2390
8712
9738
8712
5820
8712
7827
8712
8222
8712
78
2871
2891
1208
4456
1241
4456
2266
5191
9922
7171
3832
7171
2547
9947
8067
10025
9532
725
1895
5924
129
721
3508
6043
3529
6043
4487
7101
5915
6789
7509
6789
1328
1418
2544
2556
2560
2556
4509
5920
7480
5920
9196
4622
9186
6393
9194
6393
3021
5351
6754
5351
1513
1549
1460
1549
5787
4751
1994
7826
2223
2220
4205
2220
3308
3309
9581
3309
9499
8633
773
9548
2369
2511
8787
2511
8317
8721
2720
2758
1975
7628
3930
7628
9456
8082
8609
8082
8494
7262
4325
7262
4284
7262
8502
7262
9379
7262
7411
3854
1984
2038
1744
4988
1822
4988
456
348
2261
4770
2978
6653
2901
6653
4164
5143
4041
5143
3436
4555
614
606
322
606
1950
6201
3883
6201
5729
5728
9775
6604
2730
6604
7106
7452
2821
2843
2844
2843
1857
1868
8365
1868
656
6707
9598
6707
7312
6707
7421
773
7764
7390
6687
3989
764
3989
767
3989
3022
5370
2973
5370
3344
6468
3339
6468
403
380
3119
3120
3101
3120
52
7878
9620
7507
9620
7120
9620
6015
5473
3644
5473
9602
7795
9133
2340
2071
2340
7755
8629
7198
8773
2963
5975
8542
7315
9431
7315
2033
7182
1201
4308
3351
3352
4851
3352
1141
1138
1125
1138
7239
9909
7239
9909
3474
3490
3493
3490
3068
3103
3102
3103
1713
1737
1679
4721
9755
9948
10000
2411
2091
5181
2202
5181
9558
751
7375
3826
1624
3826
2549
2881
2872
2881
2264
2277
10189
10190
9001
8988
704
8988
3039
3057
2823
3057
8052
7309
7325
7309
8524
7309
3633
6493
1710
9148
2800
6918
2654
6918
3357
5451
3346
5451
1878
1893
394
351
7373
8622
4506
1518
1520
1518
3
392
2019
6995
3251
3262
1374
7854
3591
3628
7028
8751
7028
8751
4764
4082
989
988
974
988
1259
4633
1317
4633
4033
6535
3893
6535
7478
6081
1534
6081
8433
2440
4162
2440
7424
770
2517
5261
2463
5261
7773
10020
10041
10020
8668
10020
8258
5857
1034
5857
7241
7026
2089
2203
4005
2203
7883
5373
2943
5373
7170
5969
9736
5969
4416
3390
7811
4629
7818
4629
8239
5903
1777
1831
2099
4773
7260
3452
4055
3452
7261
3452
4229
3452
2122
2157
9978
7989
2114
8308
1992
8308
2992
3014
9871
8770
1450
9220
2933
2939
8426
6730
8020
6730
8414
6730
8957
8555
10225
10182
10176
10182
1461
1574
1549
1574
2558
2599
6990
3795
1636
1677
2899
6368
3312
3315
3651
5470
3674
5470
7393
9509
1476
7490
7548
3182
9481
7352
9479
7352
2003
6185
1866
6185
7406
6930
6962
6972
10106
6972
7394
6972
3311
6477
3340
6477
4169
2061
2034
2061
8488
4323
1278
1281
10214
10303
10320
10303
6372
3156
3154
3156
1312
1353
9109
1353
1487
1530
7596
1877
1863
1877
1283
9080
4769
8260
649
7948
1674
4974
1752
4974
763
7394
8123
7394
1338
1407
1426
1407
9858
9844
9887
9844
3588
3620
3618
3620
10132
10331
10159
10331
10139
10227
105
9489
2724
2741
8777
9777
7997
2813
8830
2813
4399
2813
8439
2813
4484
7791
1418
7791
4286
8099
695
8099
6928
6147
1668
6147
2661
5554
2781
5554
993
5771
1000
5771
9397
5657
10321
10165
4154
8198
9702
1080
4270
1080
8506
1080
8465
1080
4331
2029
7677
2029
7672
2029
5704
5703
635
617
4311
4371
4312
4371
9936
4371
1197
4371
3475
3494
7199
3494
2276
2293
8048
8471
9897
5063
2147
5063
9446
4056
10051
4056
5961
8180
5943
8180
1081
1098
4293
1098
9589
3276
9999
3276
7295
3276
4088
6718
8530
6718
2351
7085
7265
2827
2816
2827
9098
1161
271
272
7155
1693
8979
8949
8960
8949
9312
7603
8020
7603
8414
7603
8822
7603
3293
7557
10322
10137
8476
7654
9908
6240
4133
6240
8095
9455
10228
10275
10273
10275
3182
4833
3208
4833
9786
3772
9332
4350
9006
7047
9514
7047
9184
4492
5772
9098
8220
4921
1555
4921
8480
8450
3193
5397
3139
5397
3924
4317
3924
4317
927
949
939
949
7637
8392
130
307
308
619
609
330
609
3453
7199
3496
7199
1510
9865
2591
2681
2458
4797
4142
4163
10209
10210
5751
5750
10323
10175
630
311
3084
4198
5975
3948
7000
7156
951
974
966
974
7974
8371
1
424
827
9444
7276
7620
10329
10327
4269
3394
7838
4471
1285
4471
1169
9280
4298
9280
5678
9280
9285
9280
2284
9889
7447
9063
9881
8323
1766
4099
2830
3791
4319
1453
4322
1453
8843
1453
4219
1453
9990
1453
4004
1453
1336
1430
7016
1430
8313
1430
7947
1430
7433
4260
5929
5928
7845
6853
7483
6853
296
569
4127
5080
2156
5080
3015
6377
5986
6377
4716
1668
6705
6907
9431
6907
8482
6907
423
636
637
636
10330
10335
8411
2228
8852
2228
5684
8974
8621
8974
809
8974
7152
1955
4185
1955
4807
2643
8213
1507
3872
1507
3705
6311
4798
6311
858
1063
9390
1063
9987
1063
8506
1063
3322
7494
1217
1243
3670
6016
3642
6016
7434
8492
10112
8921
8951
8921
8549
8921
1630
7276
7108
5098
1515
1588
9276
1588
3717
1588
1504
1588
2329
5497
4215
5497
10063
8056
7963
8350
2263
2268
2249
2268
4049
4392
4049
4392
3290
3603
7943
8317
3718
8317
8341
8317
8728
4450
1113
4450
7029
8163
1303
8163
2827
8797
3629
3654
2118
6748
5793
5792
3517
3557
815
7772
4257
833
6698
9416
10226
10315
2564
9855
1687
1786
1732
1786
2404
9679
908
921
916
921
1435
4180
1569
4949
1525
4949
7689
9713
3037
3199
7638
3199
9970
3199
3938
3199
8383
5720
9675
5720
1200
5720
418
577
634
577
265
577
2517
5238
4030
5238
9536
9465
2256
6546
2294
6546
4201
2022
2021
2022
7750
797
5689
797
2809
2810
8878
8833
7654
2582
8407
2582
9315
2582
7643
2582
2128
6991
3120
3128
1861
1864
1862
1864
3655
4859
3652
4859
2681
6608
2672
6608
7098
6464
6998
7713
4147
7713
7140
9202
713
8912
5674
8912
8380
2691
2677
2691
7250
2691
8385
2691
5734
8382
24
1462
4482
7561
3743
7530
3743
7535
3743
9193
4967
1672
4967
8819
5724
917
925
909
925
3990
5627
2969
5627
6991
6806
2192
6806
5973
2550
9277
2550
9278
2550
7224
2550
4338
10002
10025
10002
4339
10002
1104
1134
911
912
897
912
3745
9786
8719
9786
8725
9786
3944
9786
3746
9786
4368
1219
4300
1219
9263
1219
4305
4304
2343
6255
3703
6255
9604
4002
7114
4002
3881
4002
2656
4152
3060
7075
7644
7641
200
589
626
589
409
371
198
371
8336
3286
3327
3286
9658
3286
9946
3286
9088
2011
8738
3542
3757
3542
4044
9672
8724
8190
1276
8190
4495
8190
7415
8925
235
236
1544
6943
8521
8896
3784
6001
3785
6001
4533
6001
2752
5541
2632
5541
7251
9294
7251
9294
9822
1414
9804
1414
1078
1090
950
3710
7306
3710
8856
3710
3354
6445
3329
6445
7341
1339
4682
7781
1469
7781
1808
1845
1839
1845
2577
9778
3036
7727
907
896
847
896
849
896
9982
896
2030
2034
9976
2034
768
3858
3946
3858
9543
3858
7654
7624
8407
7624
9315
7624
7897
8235
8340
2119
9262
2119
2022
2119
8289
2119
623
597
318
597
5928
6802
4761
6802
1747
4984
1784
4984
297
479
417
479
2597
5613
9778
5613
2515
6322
2445
6322
88
1865
1887
1185
9090
1273
1291
7196
1291
8316
1291
2143
4006
2009
5052
1884
5052
4743
6175
4749
6175
8351
2571
2570
2571
7240
2571
2743
2754
9183
6487
3305
6487
8266
6981
3774
6981
8789
6981
8366
6981
9230
6981
8324
6981
7194
2592
7192
2592
7316
859
8559
859
1228
1272
1229
1272
2220
2236
7538
3713
7122
3713
7125
3713
1748
6126
4715
6126
8326
8304
2673
9602
4490
9602
1532
9602
3180
9602
3235
9602
7482
9602
3005
9602
3968
9602
5925
9602
2133
9602
2888
9602
4653
9602
4660
9602
1582
9602
6722
9602
1917
9602
2622
9602
2988
9602
2967
9602
5962
9602
2997
9602
4509
9602
7819
9602
1351
9602
7832
9602
3959
9602
2777
9602
6740
9602
2389
9602
1858
9602
2254
9602
9603
9602
2606
9602
3206
9602
1698
9602
7853
9602
2807
9602
6398
9602
4043
9602
3756
9602
2946
9602
7480
9602
3124
9602
2522
9602
7826
9602
7854
9602
1831
9602
2157
9602
2939
9602
7490
9602
2293
9602
7858
9602
3218
9602
2747
9602
1612
9602
7848
9602
3146
9602
2305
9602
7828
9602
7850
9602
7824
9602
2352
9602
2452
9602
1406
9602
4697
9602
1254
9602
2083
2105
9861
7069
9661
9662
4500
8152
4652
8152
957
967
966
967
1599
4925
5902
4925
2127
4190
1723
1776
1724
1776
1625
7743
2762
6364
2871
2895
4344
8859
10038
8859
7848
4912
1254
4912
1578
5782
2506
6329
2486
6329
8915
9351
2598
5610
2859
5610
8623
9399
3620
3641
2484
5266
9838
5266
4383
4382
2991
3018
7664
8002
1305
7542
1305
7542
2276
5195
8542
8482
9532
8967
9933
1578
1460
1578
7314
7286
3698
7286
8515
7286
1357
7286
6983
2132
8306
2132
2483
5226
2373
5226
9561
4235
1182
1205
3108
5642
3158
5642
8624
8984
10080
8984
538
368
405
368
10028
7710
9703
7710
2043
5090
6244
5090
1518
1600
3764
6387
2978
6387
55
141
126
1910
6169
1822
6169
5751
9291
4390
1940
8791
1940
1935
1940
2035
9052
6022
9052
9893
9052
4416
9052
5974
3781
8760
3781
8760
3781
7187
2926
2917
2926
3590
3624
3533
4896
3531
4896
7181
3727
7105
7858
7536
7858
9225
7858
971
984
1373
1636
4508
1636
2635
6839
2665
2672
1602
6095
8240
6095
400
412
422
412
7510
6914
6743
6914
1236
1232
1199
1232
9348
1052
7668
1052
994
1052
1411
1439
3923
1439
4317
1439
8335
6345
8875
8006
7675
8006
7275
1514
1368
1514
8094
7716
8309
1770
8774
1770
8770
1770
1768
1770
9643
8677
4652
8677
144
7434
679
10104
9559
10104
10076
8574
10075
8574
1248
7519
1551
1555
3120
4114
6923
3746
8872
4039
10042
9388
829
831
3570
4868
10252
10292
10299
10292
10309
10292
3318
3334
3326
3334
8861
9320
3393
3419
7074
5531
3765
5531
9583
5280
2710
5280
10017
8020
4343
8020
3782
8020
8514
8020
8900
8020
3754
677
2232
9883
8803
9883
8395
9883
9673
9883
2134
6803
2199
6803
7465
6060
8243
6060
4011
2484
5953
2484
3546
6757
5813
6757
4406
3283
8453
3283
9345
8831
8555
8831
8870
8831
3368
3548
7604
3548
7482
6671
7850
6671
1272
1308
1310
1308
1252
4138
1979
9897
8119
737
2919
2982
6353
6591
5295
6591
3392
4418
2743
5298
2453
2467
135
7405
10112
8518
1203
8518
8543
8518
677
8518
6964
8893
9086
1622
2036
6946
2500
2708
3494
3532
1700
1751
8401
9673
3492
4549
1924
7875
4535
3214
3213
3214
3471
5818
7827
5818
3104
3139
9986
9719
8467
9719
10033
9719
3503
3505
2901
6650
3048
6650
1343
9248
7079
8737
6247
5160
2080
5160
10048
9376
1659
9376
9985
9376
10325
10311
10317
10311
882
893
890
893
2644
3957
9868
5437
3259
5437
1345
4003
526
426
290
426
443
426
1943
5038
1893
5038
2526
3869
735
3869
5665
3869
140
7432
2895
5616
2972
5616
9636
2860
2610
2860
1869
1988
1992
1988
4792
6278
2380
6278
1675
6123
4701
6123
3944
3716
8234
7058
4482
7058
3247
5431
3220
5431
9264
3519
4411
3519
3821
3519
4409
3519
272
273
8445
2233
8844
2233
2224
2233
3433
3434
1794
10064
8054
8039
2402
5954
7758
8114
9512
7746
841
868
7975
868
867
868
3896
4831
3184
4831
10069
1629
7225
1773
1720
1773
4644
8138
4679
8138
303
309
307
309
9642
9817
2938
9817
3308
9817
3896
9817
2104
9817
9572
9817
4554
9817
2878
9817
4853
9817
2959
9817
5998
9817
4801
9817
3344
9817
3676
9817
2776
9817
3931
9817
5811
9817
3580
9817
3428
9817
3528
9817
3513
9817
9628
9817
3166
9817
3439
9817
3339
9817
4862
9817
4793
9817
2702
9817
5816
9817
2679
9817
3623
9817
3436
9817
3928
9817
9195
9817
2236
9817
3532
9817
4134
9817
4123
9817
9854
9817
3585
9817
6007
9817
3525
9817
5926
9817
9699
9817
2858
9817
3550
9817
3895
9817
2654
9817
7115
2384
4514
2384
2383
2384
158
7419
7707
7334
3789
7334
8206
5217
2328
5217
5389
3089
5388
3089
7102
3089
10070
9483
6586
2801
6990
2801
7145
2801
1088
4574
1067
4574
72
10159
10233
10149
10233
8234
4677
1445
4677
5798
4020
2583
4020
7248
4020
2561
4020
4353
8868
4284
7283
8502
7283
9379
7283
6719
7548
8319
7548
8303
7548
3091
7548
2310
2321
2516
5263
2451
5263
5744
2917
4523
2917
7595
2917
2461
6572
2699
6572
9347
1721
8015
1721
7660
1721
1632
1721
1902
4737
1813
4737
11
397
4019
9497
3111
5648
3137
5648
2324
5223
2373
5223
9453
6692
4251
6692
9452
6692
4741
6158
9148
6158
7886
3405
3406
3405
8274
3405
7888
3405
8727
9038
1113
9038
2903
9038
2058
3875
2911
2923
8769
7532
3320
7139
63
152
1364
7214
1360
7214
3905
5337
2958
5337
2170
2189
8845
8418
10261
10143
10260
10271
10301
10271
9900
7505
2370
4518
2222
2367
9890
4893
9965
7957
9310
7957
2025
7957
3771
7957
4790
6300
6336
6300
1641
6117
1676
6117
5967
6820
7868
6820
7136
7869
103
255
1012
1038
1031
1038
129
170
8075
8549
9956
8003
6912
1633
1657
1633
8002
1633
3430
3432
3732
5889
1127
5889
2536
7942
1355
1356
801
1356
8112
1356
8121
8664
9211
9166
8714
3153
4911
3153
2206
3153
3481
7847
7395
809
7766
809
6930
809
4172
3701
9890
3701
8534
9393
9963
9393
5670
8567
10018
8567
5951
6824
2492
6824
1985
1978
1937
1978
2062
5135
2105
5135
2569
7251
9864
2618
9864
2618
1692
1712
1708
1712
6999
7602
9362
4326
2822
2835
2834
2835
68
147
3321
6010
4380
9325
5200
2349
912
9247
58
3195
3207
448
369
556
369
1091
5865
1074
5865
663
664
9958
8809
9958
8809
7249
9966
7247
7230
9309
7230
9332
7230
9981
7230
7245
7230
8307
4762
8306
4762
8299
7885
2927
3044
7690
2816
9340
2816
8885
2816
8027
2816
4342
2816
72
9556
2702
5509
2462
5509
9092
9696
9082
9696
9099
9696
948
9696
2211
9696
9081
9696
1509
9696
9091
9696
9095
9696
5198
9696
839
9696
1075
9696
9085
9696
9101
9696
1300
9696
7447
9696
9089
9696
923
9696
8717
9696
7444
9696
9102
9696
872
9696
1042
9696
953
9696
2048
9696
935
9696
1623
9696
899
9696
1058
9696
1604
9696
9164
9696
1114
9696
1156
9696
1897
9696
9100
9696
9078
9696
9088
9696
1759
9696
1247
9696
837
9696
9084
9696
8193
9696
9093
9696
970
9696
9087
9696
1649
9696
1678
9696
9083
9696
1094
9696
9094
9696
8194
9696
2340
9696
1353
9696
9080
9696
9098
9696
9090
9696
1611
9696
1921
9696
1180
9696
9086
9696
1763
9696
888
9696
1447
9696
9096
9696
2195
9696
1005
9696
2074
9696
2274
2296
2922
5362
3018
5362
2008
5066
6913
5066
595
413
359
413
2700
6581
2798
6581
6842
2992
2853
2992
4084
2165
4391
2165
8972
5706
7970
9898
1660
1725
1661
1725
1885
3361
2598
3361
1419
3361
3183
3361
2664
3361
3022
3361
2693
3361
1741
3361
5951
3361
1467
3361
6404
3361
5427
3361
2047
3361
1914
3361
4015
3361
9617
3361
4702
3361
1750
3361
6750
3361
5387
3361
2337
3361
2294
3361
2512
3361
9770
3361
9862
3361
5383
3361
3262
3361
2748
3361
1596
3361
4652
3361
6916
3361
1348
3361
1931
3361
5322
6899
5309
6899
7237
7606
7912
6035
4551
6035
1685
1696
1684
1696
3380
4053
2291
2325
1376
1499
8364
2474
7130
3273
4204
687
870
9235
7731
10049
2326
5290
3704
5290
3210
4836
3220
4836
8271
4107
7028
4107
1925
4024
7307
7270
9394
7270
4280
7270
4004
7270
3871
7270
7381
8645
92
8130
1542
1540
1528
1540
3392
7808
113
2138
2144
10018
9387
3517
7461
1926
2000
2627
4815
526
481
292
481
287
481
7355
8584
9972
3065
4400
3065
7639
3065
9301
3065
9392
5702
1160
8687
1145
8687
1099
4295
1080
4295
3202
5415
3175
5415
9166
5844
9192
5844
2307
2312
2251
2312
3256
9611
1307
4166
6696
7701
7425
7701
9104
1611
7815
1611
5900
1611
5781
1611
10109
9566
7821
5879
1133
5879
8781
4809
2745
3942
361
478
309
478
13
395
7168
3847
4536
3847
2031
7153
3252
3251
3236
3251
1958
9956
4541
3602
8754
3602
3853
3602
3857
8762
5427
9066
9818
9066
1348
9066
2838
2950
167
450
3605
5462
3646
5462
2874
7207
1164
1194
3189
5409
4142
2179
1024
4567
1037
4567
3836
1659
233
234
9011
9750
3273
6856
3847
6856
3552
6027
3544
6027
4679
4664
4108
4664
4695
6104
7478
6104
7417
762
9279
8326
7955
8326
5727
8326
3178
3230
3231
3230
1270
9156
1440
1456
1478
1456
6996
3885
4208
3885
10086
3885
1048
1066
256
257
2432
2449
2394
2449
3040
6682
3131
6682
7405
9498
9678
7008
2697
2646
8311
2646
4807
2646
8338
2646
3323
3606
3631
3606
7736
7361
10088
7361
2968
2971
8557
7273
9201
6013
3329
6013
1218
1246
7342
8053
8547
8053
8069
8053
2012
8815
7214
8295
1580
4687
731
8107
7123
2259
3105
3079
4531
3079
8202
4584
1173
4584
2088
2094
835
836
834
836
2805
5515
6334
5515
6924
8166
7916
8166
8541
10011
8074
10011
6743
6742
6718
8024
7254
3270
9621
3270
2240
2374
2359
5204
2333
5204
1386
1399
1388
1399
7126
3808
1347
9818
2645
4130
813
815
1780
1783
3442
3461
2301
5941
2348
5941
8449
8836
9151
4645
7829
4645
9893
6543
2213
6543
2524
5252
2478
5252
941
9211
3032
5601
2954
5601
2389
6288
2352
6288
2903
2904
7192
2553
9934
2553
3110
6396
10002
5739
21
9594
3189
3218
3498
6046
4551
6046
3487
5814
8269
8232
6750
5294
2792
5294
7143
4414
7797
9654
8727
9654
1954
9654
8728
9654
5978
9654
7798
9654
2010
9654
6963
9654
2755
9654
6348
9654
5931
9654
7800
9654
2688
9654
2042
9654
7812
9654
9124
9654
2912
9654
1607
9654
4813
9654
1113
9654
7029
9654
1748
9654
7811
9654
5955
9654
1262
9654
2787
9654
7809
9654
1171
9654
1781
9654
1821
9654
2207
9654
5240
9654
7816
9654
2885
9654
7801
9654
4715
9654
7802
9654
7806
9654
1570
9654
3023
9654
7799
9654
3008
9654
9655
9654
1584
9654
5969
9654
4190
9654
1205
9654
2384
9654
2296
9654
7817
9654
7804
9654
2148
9654
1949
9654
2930
9654
2464
9654
7818
9654
7807
9654
1151
9654
7814
9654
2903
9654
1193
9654
1303
9654
8196
9654
7803
9654
2979
9654
7810
9654
2603
9654
8950
4339
8949
4339
4286
8636
8998
8636
9498
8636
195
587
190
587
9410
8514
9410
8514
3313
7823
9737
9191
2940
7579
252
253
2493
2704
8851
8439
3969
9829
3269
4845
930
940
939
940
2557
2607
4366
8205
1956
5034
1948
5034
2065
5119
5926
5119
9835
6249
6745
6249
10306
10221
1940
1984
1978
1984
6981
3760
9529
8600
5812
4887
5810
4887
2024
2052
2053
2052
3540
3565
8943
8940
9164
4291
9141
4291
10001
9991
8925
9991
8055
9370
9712
9370
8889
9370
6840
2769
6364
2769
9085
1859
3049
6656
4050
6656
3667
4864
3645
4864
10006
4118
9402
4118
7321
4118
7030
4118
529
579
234
579
560
579
6747
5146
6744
5146
3299
6459
4848
6459
7457
3685
7458
3685
3087
6412
3134
6412
1106
1105
4294
1105
6332
6882
2758
6882
26
8233
9739
3649
9739
1465
9739
40
41
8093
8578
10050
8578
9462
8578
2825
2846
2824
2846
3752
1967
9980
1967
9967
1967
955
9132
446
534
632
534
1393
1482
1489
1482
142
7438
774
776
9548
776
8286
8272
7144
8272
274
275
3606
3647
9679
2488
9918
2488
1400
7901
702
5679
4273
5679
7094
3544
7129
3544
8750
4134
5101
4134
7182
4134
1038
9105
9962
7297
1271
1304
1310
1304
3625
5476
3636
5476
3871
4219
8026
6960
1119
1152
2291
7817
3335
3338
591
625
627
625
271
625
561
625
557
625
558
625
1823
5011
1912
5011
126
178
8329
8776
3916
6425
3142
6425
1115
1132
1234
1235
1215
1235
928
9119
87
264
1971
4205
1973
4205
9623
9034
9814
9034
1896
9034
9721
7218
9721
7218
6403
3106
7505
3106
4137
3106
2833
9194
2050
2202
4056
9407
8553
8887
8089
8887
8580
8887
1172
4600
8252
4600
2027
2090
130
181
5382
9637
8918
9360
1551
5902
124
6402
9591
8758
9591
6397
9591
9603
5547
2747
5547
1791
6154
4721
6154
407
417
2624
2775
9323
845
8862
845
3133
5644
3089
5644
9774
3823
5665
3823
3563
3579
721
8291
1563
4940
1615
4940
785
6699
9547
6699
1030
1034
1879
1896
1105
1119
1121
1119
4853
6496
3676
6496
2625
2630
2528
9994
8036
9994
7676
9994
9378
9994
9876
7017
2611
5585
2689
5585
7956
8339
3985
4636
7841
4636
748
7760
876
887
8461
8414
8049
4232
7663
4232
10034
4232
4399
4232
4346
4232
8055
8845
9712
8845
8889
8845
8486
8845
7678
8845
3876
9664
8003
9664
8004
9664
977
4439
8212
4439
4515
4514
2198
7565
4237
8118
2916
5376
4822
5376
2052
2206
4240
5665
9283
864
8370
864
842
864
868
864
5683
7023
4279
7023
5682
7023
288
289
4143
3102
7651
3102
2509
5958
10008
4272
7688
4272
8886
4272
859
4272
9205
8219
2239
2388
4192
5105
4037
5105
1466
8134
7851
8134
7335
7685
7338
7685
10101
9302
9319
9302
9355
9302
3565
6525
4878
6525
7816
7054
1584
7054
9835
6274
2252
6274
4296
1190
1189
1190
3381
3438
3437
3438
635
344
331
344
1881
1925
1900
1925
4390
9727
6715
9727
1985
9727
9272
9727
9014
9011
8666
9011
9644
9645
2302
4776
2082
4776
1616
5906
4502
5906
2525
3901
4869
6512
3658
6512
7167
7544
2651
6359
2746
6359
8869
8864
1663
7647
1801
1912
3255
3297
7363
3817
4042
3817
7347
7338
3167
7338
9245
1382
1380
1382
9244
1382
5785
1382
2580
2635
2629
2635
982
1011
998
1011
6225
5132
2063
5132
1072
4578
1086
4578
7899
6935
8798
8786
282
470
525
470
278
470
2190
4161
8198
4161
2631
6595
2753
6595
1888
4028
4751
4028
1876
4028
6937
4693
6948
5486
4116
5486
6971
9022
5672
9022
10259
10154
10143
10154
8595
9452
4828
6433
3843
6433
4345
7669
2407
2478
7752
5689
796
5689
5947
7466
1774
1833
1834
1833
4754
6210
4167
6210
7413
786
1308
1350
9110
1921
1777
1921
8991
8588
8990
8588
8101
8588
78
277
4440
8243
1484
1492
5786
1492
9726
1492
1264
1317
7469
6521
7468
6521
7078
5848
8250
5848
7412
9526
2780
6892
5297
6892
2640
2723
1396
7804
2142
2148
82
4296
1163
1143
1163
1009
1022
1796
1797
1776
1797
7317
3366
9414
3366
3612
3675
3031
3675
9213
3675
3140
3675
2152
3675
2450
3675
9217
3675
3508
3675
9219
3675
3674
3675
3849
3675
3137
3675
3868
3675
6037
3675
1727
3675
2998
3675
9215
3675
2808
3675
3860
3675
3917
3675
3500
3675
9231
3675
2739
3675
2486
3675
2689
3675
4091
3675
3603
3675
5814
3675
2908
3675
5810
3675
7891
3675
3355
3675
1998
3675
1928
5061
7680
8453
7295
8453
4404
8453
9346
8430
4327
8430
8450
8430
4105
4281
3926
4281
9368
1323
9366
1323
4371
1323
8042
1323
3516
5807
3580
4877
3585
4877
9898
4530
9898
4530
9395
4353
3367
4353
4266
9503
10167
10222
10165
10222
7430
8955
7252
1974
5956
6828
2467
6828
7187
2999
10133
10328
3407
5753
7839
5753
714
8668
7407
8668
9352
4407
7184
7110
5302
7110
8310
7110
4809
7110
2647
2614
2601
2614
7191
2614
1575
3735
4826
9180
4398
2539
8422
2539
2540
2539
9322
2539
2716
2717
3947
2717
8070
8507
8556
8507
7213
7589
3096
3916
7370
9436
4206
5569
2772
5569
18
393
5925
5029
1858
5029
3996
6626
2682
6626
8653
668
665
668
662
668
661
668
663
668
943
955
956
955
3898
2500
2476
2500
7195
2500
2474
2500
4379
1371
9320
1371
9325
1371
1372
1371
2849
3048
2057
2063
8473
9980
9986
9980
9649
9980
8467
9980
10033
9980
8587
9980
4827
6421
3860
6421
2018
2098
2016
2098
1154
4588
1174
4588
5
4243
9687
6850
5989
6850
9435
8028
1361
1392
1362
1392
3072
7113
10125
693
9874
1450
9270
1450
1408
1450
7589
1450
1407
9852
3664
3669
3465
3466
3452
3466
2658
2660
9642
4786
2104
4786
9123
1180
5772
1180
1727
9728
3500
9728
1762
9728
1844
1949
10150
10266
10134
10266
7795
8693
9229
6284
2376
6284
2836
2908
2033
9926
9137
8161
1246
8161
2127
6227
7837
2956
7474
2956
789
7366
796
7366
7391
7041
7737
7675
8880
7675
3958
5208
2363
5208
2314
2378
1917
5022
1831
5022
348
349
1714
3804
2646
6333
2847
5386
1028
1061
1059
1061
2041
6213
2144
6213
4202
1198
1202
1198
7970
9903
3074
9903
870
877
1041
9029
9154
9029
9134
9029
9853
5575
6351
5575
2742
2747
6244
6871
3908
6871
2398
2400
3490
9580
4681
1471
8213
1471
4772
6267
4215
6267
9488
7735
545
415
547
415
7193
3589
3593
3589
1307
7916
1290
9836
892
8281
10147
10257
8194
9061
2784
2785
8301
7127
946
4430
932
4430
1176
4453
1187
4453
7002
7004
7602
7004
7601
7004
1255
1260
8091
8877
1026
1029
1011
1029
2077
2080
4911
9638
7698
8530
8086
8530
9433
8530
4347
8530
8072
8530
30
4408
8353
7735
9408
5699
9408
1445
4668
1416
4668
8455
8407
8228
4955
1500
4955
4122
6141
4721
6141
3389
5830
3421
5830
1364
4507
1360
4507
10304
10294
10250
10294
4717
6108
4698
6108
3492
7462
4181
2853
7215
2853
7218
2853
6749
5207
2362
5207
2242
2377
1545
9086
95
7409
1984
4010
7131
3135
7551
3135
9637
3135
901
900
893
900
9932
2311
8387
2311
8368
2311
7223
2311
10110
9568
9392
5701
2060
6228
3917
6228
3045
6643
2907
6643
1492
7879
2836
2907
8830
9958
2207
5153
7810
5153
4546
4545
22
1076
1086
9401
3706
3914
3706
8417
3706
3269
3362
7414
9496
3502
3509
8622
8104
8108
8104
1511
4684
7318
8900
9411
8900
8254
4587
1178
4587
2018
2097
2019
2097
1077
9158
9928
3865
4340
8027
7326
8027
999
4564
1032
4564
7124
7515
4762
4761
1548
1559
1496
1559
8837
8408
9804
4667
4680
4667
4546
6024
4544
6024
7142
6024
3320
3290
3283
3290
6945
6107
4699
6107
1633
4508
1365
4508
1421
8186
4491
8186
2708
5273
4104
5273
3252
7128
4228
6582
5285
6582
6842
2991
2853
2991
7671
8013
2131
6810
2191
6810
3469
6053
3459
6053
1402
4035
8393
2546
7637
2546
8392
2546
2539
2546
8496
8878
8501
8878
2924
5361
4222
5361
1968
7252
1706
1711
1692
1711
5990
3844
7121
3844
5802
3844
6999
7601
3413
3415
8801
7941
7665
7941
8354
7941
2275
6268
2348
6268
2171
3702
72
387
1828
9816
7528
9816
1771
9816
2742
2748
4100
7204
210
211
8032
1197
7285
1197
9964
1197
869
878
875
878
9117
1763
1697
1763
7919
3409
7886
3409
3406
3409
8288
3409
1639
1640
1385
1640
1803
1798
1776
1798
3442
3462
2141
2147
9401
9321
3939
9321
2200
6813
2086
6813
7349
9377
10032
9377
8936
9377
9363
8010
9983
8010
5700
8010
116
208
10053
8587
320
599
422
599
3531
4900
5957
5251
9169
5251
2890
7135
9213
6293
5196
6293
1499
8684
4693
8684
2720
9168
6845
5602
2954
5602
6988
5942
2347
5942
1002
5847
1022
5847
1270
1318
1877
3879
4098
5086
2038
5086
1521
1596
8972
7706
3403
9698
6914
9698
10265
10263
1537
7509
3178
9896
2925
2930
7137
2972
6368
2972
7371
7362
2527
7362
2113
2185
7982
1936
1837
1936
2396
2477
146
684
1132
5885
1145
5885
9647
9968
5790
6741
2014
6741
4511
6741
9919
6741
2316
5230
2367
5230
2721
4104
123
172
65
145
1711
4027
8980
8545
99
9558
3632
7865
2443
5270
4058
5270
7420
761
90
149
9502
667
3486
3515
2848
3047
9488
7290
565
607
324
607
1849
4013
1624
1625
7714
8035
3867
5606
4029
5606
6390
6681
3106
6681
804
8667
9359
4408
8868
4408
9365
4408
4089
3252
3237
3252
3322
7844
4541
3601
8754
3601
3853
3601
5955
6827
5969
6827
8958
8564
3053
3085
3069
3085
4505
8761
7978
4186
8842
4186
5797
4186
9316
4186
8827
4186
10011
8508
9435
7702
2495
2718
1544
1612
145
7415
2116
3941
1726
1780
1687
1780
3651
5461
3603
5461
2244
2240
7585
2240
1782
6130
1749
6130
3176
3204
3560
4878
3516
5808
4378
1495
4375
1495
1371
1495
3291
9751
9127
888
873
888
10241
10272
10302
10272
2313
2329
7472
6895
2767
6895
2221
2364
9625
9624
4550
6039
3509
6039
9917
7954
9917
7954
9763
5746
4348
5746
4347
5746
7288
5746
4700
6114
1501
6114
8656
8649
10090
8649
133
7431
1880
1993
1990
1993
8049
4346
8049
4346
9876
7018
768
8123
761
8123
8919
8446
1485
1533
546
406
3788
9799
3787
9799
3934
7263
3217
7263
1812
4734
4027
4734
8922
8888
8237
1621
9820
1621
9246
4819
3807
4819
3932
6236
6991
6236
2711
5283
9169
5283
2778
6592
3942
6592
6981
2981
2693
5548
2748
5548
4488
8176
1416
8176
3072
4060
130
649
521
488
236
488
3275
3280
7277
3280
415
385
3512
3531
10092
4299
3235
5419
3206
5419
7001
1752
7156
1752
7004
1752
420
546
317
557
7609
3069
3834
3069
2988
5334
2967
5334
7000
7217
12
9534
6745
5139
6739
5139
8118
9519
2382
5214
2321
5214
866
9157
3037
3818
7638
3818
9970
3818
3938
3818
9706
7337
3278
7337
3731
4577
1089
4577
7822
5532
9494
9473
10077
9473
804
805
6963
4674
7814
4674
1157
7648
5730
7223
2218
2345
3255
3298
6931
9210
4946
9210
2910
2914
8474
8832
3715
8832
8881
8832
4177
8832
3714
8832
1047
1076
1079
1076
5386
6672
9212
6672
8820
2839
2817
2839
644
466
345
466
366
549
554
549
9328
9957
9466
9957
8867
9957
3575
3616
7905
7889
1086
5869
1109
5869
686
9567
2815
8805
7540
6003
3859
6003
8753
6003
3378
3437
7210
3437
7036
1729
7956
1729
2508
5957
1331
6926
8772
2169
2115
2169
3824
2169
3721
8117
4211
8117
2714
9076
898
9076
3697
1526
1404
1526
3159
3160
9591
3160
4156
5505
2288
5505
4336
10010
8512
10010
4337
10010
2239
2387
976
8256
86
7774
832
716
832
7776
832
3750
832
10021
9386
10146
10312
7301
8819
5811
4888
3525
4888
5191
6550
2321
6550
7179
9242
1477
8734
2909
9224
2782
2806
7471
3954
3729
3954
3732
3954
3731
3954
3736
3954
8202
3954
3733
3954
8228
3954
8213
3954
3740
3954
8204
3954
3761
3954
3734
3954
8208
3954
3738
3954
3737
3954
8214
3954
8207
3954
4804
3954
3730
3954
3744
3954
3728
3954
6747
3954
7085
3954
3743
3954
4028
3954
3735
3954
4027
3954
3739
3954
3742
3954
8212
3954
8211
3954
3741
3954
3248
5434
7476
5434
772
10084
9476
10084
9546
10084
3927
10084
4078
1790
7155
1790
2468
4176
2696
5519
3852
5519
3430
3431
3834
3075
5746
3075
4542
8299
4542
8299
229
559
5717
5716
7106
4123
2237
2255
7734
6691
7735
6691
4248
6691
5668
734
3251
3263
2448
2464
9355
819
8446
1722
2564
2608
7745
10024
801
10024
8105
10024
9307
1395
9769
1395
1480
1395
8494
7280
7862
6020
3672
6020
5229
9683
1463
4649
4103
4649
7608
8346
9656
8060
9656
8060
7313
3217
9656
3217
8060
3217
7293
3217
1797
7531
1097
4446
424
336
1012
9134
8723
2802
1265
7818
3324
3337
241
567
4100
9919
17
9557
1512
9873
9999
9332
1092
5875
9197
5875
2423
4805
7961
4805
7229
4805
8361
4805
673
674
7305
9967
7305
9967
2811
6571
4095
6571
9961
2175
3144
5405
3191
5405
4795
2487
2485
2487
4794
2487
2926
6754
3647
3648
9751
3648
3215
3223
4321
1426
7022
1426
9339
1426
7023
1426
1590
9697
9845
9697
3682
9697
2240
9610
366
452
420
452
9596
4256
128
9693
7298
9393
7298
8510
7298
454
491
179
491
380
491
2155
5076
4167
5076
2309
2322
7032
7616
3247
5432
6463
5432
1715
3889
7637
9934
5801
9934
8392
9934
2539
9934
1362
1655
1633
1655
3855
2943
2942
2943
8302
2943
7039
8674
153
7437
1923
9167
3986
1968
7305
1968
9980
1968
9967
1968
9467
8577
5667
8577
734
8577
10052
9378
1635
4117
2999
9246
2999
9246
2438
2445
10240
10291
10203
10291
3183
4832
3203
4832
3497
7160
1097
1109
3330
6455
3296
6455
1311
7124
5703
3689
4248
9423
4262
9652
9678
7007
7269
1855
8832
1855
8396
3486
8406
3486
3373
3486
7979
3486
4345
8874
7648
8404
9333
8404
3557
6028
6024
6028
1049
4568
1040
4568
1455
6953
1396
4504
1426
9295
2097
2336
4325
1372
8033
1372
7687
1372
4326
1372
8013
1372
7280
1372
8572
10043
8569
10043
9660
10043
2264
4215
190
191
758
7386
1347
9109
2990
5366
2971
5366
2138
5062
8399
874
7340
874
9451
874
9565
5675
701
5675
2698
2744
2691
2744
7188
3116
3103
3116
2652
7208
3888
4282
7353
4282
7718
4282
3235
6429
3678
3848
1394
9726
2130
4766
4118
9361
2640
9590
2346
6264
2334
6264
2198
9928
7189
9928
10044
8933
7469
6522
7857
6522
9856
6891
5297
6891
8489
5735
3258
3753
5962
6287
2389
6287
10128
8593
5102
6224
2158
6224
7597
1922
1838
1922
1382
1491
8007
9333
7662
8435
9452
8435
7504
4849
9500
9703
695
9703
8998
9703
2921
3807
2250
7575
2311
7575
54
5694
10052
7339
10052
10066
4335
8976
4335
1018
1021
3794
4162
8525
4162
8011
4162
8447
4162
2411
4162
7692
4162
4086
6245
4767
6245
3653
7830
9924
2216
4187
2216
7734
9406
10116
8108
10324
10314
10320
10314
924
933
1580
4688
2155
5115
3932
5115
9218
8209
2764
2765
3965
2765
5293
2765
80
279
7193
3569
3548
3569
8259
9838
8763
9838
7117
9838
5654
9021
1647
5916
9174
5916
2576
9636
2562
2560
2546
2560
9859
5109
3865
5109
7350
7689
8596
7689
5977
8215
4494
8215
3151
8215
1208
8215
2346
8215
9820
8215
9193
8215
2687
8215
2007
8215
3764
8215
1556
8215
9608
8215
1754
8215
1259
8215
2659
8215
1816
8215
1172
8215
1301
8215
3114
8215
2334
8215
2901
8215
1933
8215
3007
8215
2741
8215
4482
8215
2144
8215
2206
8215
9683
8215
4504
8215
1416
8215
4030
8215
2463
8215
3652
5466
3597
5466
3657
7486
3675
7486
9256
8282
1004
9062
9861
9062
8256
9062
4242
5669
4704
6142
1756
6142
7932
8766
6728
8766
1874
1929
1936
1929
7014
6726
156
1433
9990
10127
9371
7087
6529
7103
6529
165
166
5715
1183
9269
1183
8790
1183
1167
1183
3417
3386
3384
3386
28
10125
1028
1062
1059
1062
2616
6355
3195
3208
3197
5804
3623
4874
3585
4874
1985
1977
1937
1977
684
8568
2417
2436
2429
2436
9258
1472
9851
1472
4405
4404
9725
7848
8298
7848
7423
766
802
9528
1203
7030
8549
7030
7333
7030
7485
6872
2213
6872
2692
2617
4020
2617
4151
2639
2581
2639
7320
8504
9988
8504
5687
8504
8515
8504
9584
8504
9737
9190
2502
2714
9847
8688
9848
8688
4063
8688
4090
8688
6838
8688
6915
8688
4097
8688
2454
8688
3164
8688
2700
8688
3021
8688
1422
8688
2353
8688
4717
8688
8220
8688
4758
8688
8224
8688
2106
8688
1785
8688
9616
8688
2798
8688
3302
8688
5938
8688
6205
8688
6940
8688
2491
8688
1918
8688
9868
8688
1470
8688
2043
8688
3045
8688
1826
8688
4746
8688
6244
8688
2605
8688
4022
8688
3165
8688
3259
8688
3179
8688
1598
8688
3908
8688
2280
8688
3123
8688
3806
8688
1583
8688
3201
8688
4800
8688
2960
8688
3842
8688
3030
8688
4152
8688
1555
8688
5298
8688
2179
8688
2907
8688
1533
8688
6754
8688
6953
8688
9837
8688
1253
8688
4698
8688
1778
8688
4196
8688
4683
8688
3224
8688
3827
8688
2620
8688
106
246
10189
10220
7029
8162
1262
8162
3696
1314
7632
1314
5680
1314
1200
1314
2173
4209
187
188
7385
7753
6689
7753
1214
1239
1062
9115
9319
849
9353
849
2342
7807
3574
3575
3567
3575
2587
2623
3793
2779
4814
2779
4808
2779
6976
1794
10084
1794
7794
7042
9813
7042
8715
7042
1810
5021
1904
5021
76
1328
4108
10144
10274
1361
1391
2414
3830
10131
688
1557
4933
3739
4933
3171
6422
4825
6422
7576
2083
7574
2083
7204
2083
4225
2083
1101
1115
1084
1115
1171
4593
1151
4593
633
596
396
596
10101
6695
820
6695
2229
7569
2228
7569
7725
9438
10062
8849
946
4435
962
4435
2618
5589
9864
5589
7107
5589
2675
8335
2579
8335
7172
7547
8598
8867
2069
2070
1976
2070
1080
7644
8591
9454
7163
8271
2628
9837
7931
7902
3270
3294
3284
3294
2496
2493
2473
2493
2874
2918
7566
2918
2320
5218
2376
5218
9231
5012
1919
5012
412
623
8393
2535
8392
2535
5741
2535
4118
3814
8500
4046
3686
4046
10046
4046
10022
4046
9388
4046
1115
1131
1541
3739
1120
1151
1472
4678
1444
4678
8611
8959
3700
2995
8764
2995
2854
2995
7556
2995
2592
9864
8613
867
6710
867
1908
5025
1934
5025
2632
5565
2731
5565
7859
6411
3134
6411
8803
7585
2230
7585
8395
7585
9673
7585
160
3730
5760
919
5760
4692
8137
1491
8137
4654
7103
410
637
424
637
1895
9131
5783
1481
7898
1481
1389
1481
871
4360
3728
4360
2852
4523
7985
4523
8418
4523
8403
4523
3126
7057
4774
6277
2368
6277
949
959
8067
8460
4338
8460
6333
6881
9168
6881
817
8423
9371
8423
851
8423
1326
1330
1327
1330
1029
1037
2232
9927
1589
9845
7036
7906
2748
6599
2779
6599
2666
2730
4322
6939
8843
6939
8462
6939
4323
6939
9990
6939
9639
6939
524
472
275
472
9317
1170
7981
1170
1137
1170
9333
1170
2020
7014
2024
2051
2053
2051
8516
4292
8911
4292
4538
4536
8920
5685
878
884
883
884
4253
8417
8221
6118
1502
6118
9510
7376
3083
3146
1830
4996
9171
4996
80
8024
7665
1340
1343
1315
1343
2222
2368
7624
7958
9238
8250
8806
4517
8813
4517
7613
4517
7626
4517
2995
3026
7904
6203
7895
6203
1806
1840
1922
1840
1759
9037
6915
5338
2960
5338
594
629
566
629
169
508
385
508
535
508
6000
6440
3890
6440
3458
3476
262
576
537
576
8659
8884
1813
4738
1719
4738
1399
4700
7542
8231
2740
5544
2781
5544
1781
6157
7803
6157
2039
3679
4191
3679
3125
3679
3615
3679
3242
3679
1581
3679
2326
3679
9587
3679
3149
3679
9832
3679
2134
3679
3011
3679
3598
3679
1646
3679
2725
3679
3306
3679
2472
3679
2922
3679
3133
3679
3225
3679
2091
3679
3667
3679
1947
3679
2705
3679
4135
3679
2416
3679
9619
3679
2905
3679
5291
3679
3677
3679
3645
3679
2619
3679
1743
3679
2465
3679
2736
3679
1670
3679
8736
3679
3704
3679
4184
3679
2648
3679
1829
3679
4774
3679
1597
3679
3181
3679
3627
3679
3613
3679
1867
3679
2891
3679
3018
3679
1751
3679
3089
3679
3273
3679
3847
3679
2607
3679
2202
3679
5061
3679
3047
3679
9590
3679
2368
3679
7496
3679
4852
3679
5425
3679
2182
3679
2315
3679
1915
3679
3582
3679
2199
3679
7168
9581
6460
9581
3086
5647
3117
5647
3460
5823
3440
5823
1801
1911
3032
5579
9855
5579
3607
3644
1623
9025
3372
3547
3548
3547
180
511
454
511
382
511
5809
6758
3557
6758
9928
3902
3612
6511
3656
6511
848
7294
9383
7294
9900
4137
2564
9854
1272
1307
1310
1307
7738
9437
982
1012
998
1012
731
7739
7089
1253
2013
2073
2067
2073
2136
5131
2187
5131
8775
7814
7552
7814
7917
7814
8559
8523
8375
8360
2692
8360
7327
8046
7327
8046
10130
678
7921
4423
8281
4423
7831
4460
8740
4460
1370
1381
1371
1381
2392
2393
4081
2393
4543
4867
3636
4867
1008
1025
7376
9464
2279
6556
3931
6556
10240
10203
10311
10203
2783
2789
7216
3101
9974
3101
3102
3101
7220
3101
3549
3585
699
4271
9564
4271
570
616
4243
9012
10150
10155
10137
10155
10318
10155
7926
4959
2133
6220
7824
6220
9956
1964
4499
8678
3739
8678
7354
9445
2403
3906
1942
5037
9162
5037
2450
6340
2506
6340
3262
5438
3245
5438
688
9527
1977
1987
1952
1987
3025
8700
5979
8700
3536
8738
3551
4884
5806
4884
2118
3958
3364
9981
3707
9981
854
996
8022
996
8491
996
453
383
404
383
1144
1173
1207
4231
947
4231
4483
4231
1415
4231
4792
4231
2446
4231
6988
4231
3970
4231
4179
4231
2161
4231
9674
4231
3812
4231
1930
4231
1907
4231
4141
4231
3962
4231
9859
4231
2330
4231
6961
4231
6247
4231
2347
4231
9583
4231
1463
4231
1275
4231
4092
4231
4099
4231
1887
4231
4138
4231
1194
4231
1783
4231
2080
4231
4010
4231
3865
4231
4811
4231
2750
4231
1242
4231
4103
4231
2380
4231
2710
4231
7976
3376
9306
3376
7244
3376
9313
3376
5750
3376
9291
3376
2406
7146
3619
3665
2050
2201
1850
1945
2570
2653
2613
2653
4547
5817
4548
5817
4414
5817
9260
2468
7933
2468
2475
2468
9259
2468
7700
8536
3386
4417
2745
5297
3791
7120
3190
7476
692
700
9652
700
1442
1443
6926
1443
8119
738
8773
8292
2500
2707
4203
8517
8661
8517
9011
8517
109
4250
7833
5901
7864
5901
2559
2604
8748
6843
4101
6843
5975
6843
1043
9181
7755
8996
3873
7679
1211
4302
3124
5422
3146
5422
8398
7626
3491
4551
3969
1749
8620
5695
9773
5695
882
894
890
894
7609
3072
3073
3072
7183
2036
7578
2036
6928
4986
1729
4986
3078
3141
8415
652
6727
2305
1982
4127
4150
6589
9831
6589
131
2738
2756
8779
9253
4320
4004
7878
4822
3791
4822
7889
4822
9607
8894
1899
7828
1543
4690
5673
8110
1433
3871
739
8652
9519
8652
9578
3267
3250
3267
7134
3267
7659
9331
8018
9331
3505
6042
9580
6042
1329
1416
3934
3213
3199
3213
2545
2558
2553
2558
2100
2332
3028
5355
2982
5355
4760
6804
5930
6804
2119
4041
9573
829
9606
9605
1704
1732
1684
1732
8021
4306
2101
2172
7201
2172
8266
2985
3774
2985
9230
2985
7711
10055
8085
10055
6965
10055
3313
3333
116
10007
1136
7688
1136
8886
1136
8507
1136
1091
5872
1111
5872
7857
6030
7461
6030
1053
4570
1036
4570
3212
3227
884
7521
7554
7892
9929
4755
7324
3284
4349
3284
7336
3284
9621
3284
5952
2483
7116
2483
3906
2483
9495
8573
9457
8573
7738
8573
8860
8829
8459
8829
7282
8829
5671
9241
2843
2947
1860
1866
3163
6669
5387
6669
2821
2842
7180
2842
9902
2842
3780
2842
143
7433
3348
6466
3601
6466
3382
7210
3379
7210
3230
3850
3385
3421
4367
7935
2763
5529
2789
5529
9885
1705
1686
1705
2108
5142
2337
5142
8379
7595
8379
7595
2722
4113
8804
5726
7471
8690
4065
8690
3534
4894
3509
4894
3591
3626
411
359
358
359
2786
5245
2712
5245
9092
986
2824
7141
1576
4652
14
1548
1537
1493
1537
1714
1719
2867
6916
2409
9736
8000
1634
6911
1634
1657
1634
8002
1634
814
8127
7281
8004
1519
1516
4506
1516
1938
1997
821
822
2811
5287
3499
4110
3655
4110
2937
4110
9586
4110
3131
4110
3469
4110
4045
4110
5963
4110
3861
4110
9623
4110
5997
4110
3448
4110
6009
4110
3937
4110
2951
4110
3996
4110
3584
4110
2327
4110
3578
4110
9814
4110
2002
4110
9677
4110
3477
4110
2958
4110
2757
4110
2682
4110
6816
4110
2923
4110
4107
4110
9611
4110
1896
4110
3916
4110
4104
4110
3223
4110
2332
4110
9839
4110
3459
4110
3543
4110
3511
4110
3522
4110
1182
7871
689
690
8789
8302
8343
8302
2323
5224
9610
5224
8586
8551
8573
8551
6976
3828
10084
3828
5
9002
8986
9504
8986
3858
8986
6838
5522
2798
5522
8006
7267
1153
5891
1159
5891
5777
6735
7864
6735
2172
2191
4368
9263
4368
9263
1409
7213
8712
9803
2851
2924
8426
8822
5
394
7694
8041
2877
6366
3013
6366
3165
6675
3123
6675
1093
4573
1066
4573
3188
4829
9180
4829
9375
1631
9382
1631
7322
1631
8932
1631
1061
9205
9449
7333
9
2470
5264
5960
5264
3242
5429
3273
5429
7870
3521
2585
3892
7132
9826
9869
9826
522
439
306
439
361
439
8040
7284
4178
7284
8039
7284
3717
7227
7410
755
8094
9752
6700
10056
10061
10056
110
235
3251
6007
3418
3433
2223
2234
5935
2234
2308
2319
3196
3210
4741
6124
4701
6124
3342
5455
3345
5455
8505
10005
9734
8306
9271
8306
2070
8306
27
7421
4068
3935
7109
3935
5384
3935
8766
2383
9465
8570
3061
7850
7038
2799
7544
2799
8325
3091
3066
3091
2430
7028
1723
1774
1721
1774
206
499
201
499
536
499
7758
8113
10319
10202
10201
10202
8292
8755
8796
5953
3586
3595
7247
3595
8409
3595
3276
3595
8650
10077
8645
10077
8908
10014
8908
10014
5194
6817
7111
6817
239
240
2125
2143
1988
2143
6622
2728
2634
2728
685
7425
9567
7425
1170
1168
1149
1168
7498
3359
3504
3512
3494
3512
6369
6901
6843
6901
8205
5843
9175
5843
3767
6297
7466
6297
7901
6120
7529
6120
9218
8248
1383
1501
7598
2370
7613
2370
6989
8583
8964
8583
9483
8583
7623
7960
2124
9214
1162
7882
7254
3274
9621
3274
2441
2473
2459
2473
8397
1838
4160
1838
9311
1838
2657
9839
3518
3525
4220
4054
262
263
2883
5340
2958
5340
4015
6438
3245
6438
2964
2975
2853
2975
8029
7656
9605
4740
1398
4698
9949
4023
3392
7459
1540
1615
157
7412
3042
3043
2950
3043
2028
2068
6967
2068
6968
2068
9954
2068
9520
663
1056
2351
1002
2351
1223
2351
1280
2351
1294
2351
4714
2351
9606
2351
904
2351
1089
2351
3952
2351
2190
2351
1999
2351
1500
2351
4681
2351
1127
2351
871
2351
3822
2351
4158
2351
4486
2351
3809
2351
942
2351
1557
2351
4065
2351
1812
2351
919
2351
977
2351
4499
2351
6744
2351
887
2351
1022
2351
4013
2351
1173
2351
3872
2351
2834
2920
4523
2920
2621
5556
2660
5556
2387
5220
5960
5220
5658
811
2510
3699
1432
4680
2920
4017
7997
7249
4399
7249
8439
7249
9303
3496
3495
3496
7631
3496
4412
3496
2716
5511
2810
5511
9377
9322
7489
6823
7460
6823
2800
6579
2702
6579
10147
10278
10239
10278
7419
8663
7189
9929
4068
3154
7138
3154
4066
3154
9147
5758
898
5758
9141
4358
9157
4358
1757
4976
1673
4976
342
343
6908
8811
8420
8811
363
578
561
578
273
578
4226
7396
9018
7396
9020
7396
9019
7396
9948
8458
9948
8458
1559
1562
1325
1328
1342
1328
2442
6338
2704
6338
7952
2261
8794
2261
3077
3081
3075
3081
8887
10037
1780
1784
5998
5440
6007
5440
10186
10201
10200
10201
3417
3425
2852
2857
4522
2857
2240
2373
2358
5203
9206
5203
9629
8698
9676
8698
2866
7512
9189
8740
9188
8740
5716
8740
2842
2903
2178
6544
4075
6544
2102
5157
3703
5157
10074
7359
2968
2969
4191
6647
2905
6647
2397
3960
10047
9439
10089
9614
9493
9614
7563
7525
8073
8054
8555
8054
2229
5939
9932
5939
49
10117
7140
6014
3236
3882
236
237
9363
7274
9372
7274
4126
5599
4221
5599
1387
1401
1389
1401
8295
7118
8881
8023
2415
2470
697
698
7756
740
3592
3656
253
254
108
4248
7919
3412
8288
3412
4230
3412
9708
3412
1126
4583
1147
4583
2088
2093
3441
3459
3109
6685
9892
6685
3536
6760
1674
6103
4696
6103
9177
4663
8236
4663
3931
6565
2378
6565
10322
10318
3192
5411
3844
5411
2173
2181
704
8976
742
8976
8640
8976
8947
7699
2649
4811
1133
5881
4446
5881
1589
1609
68
7633
8358
9296
8358
5731
8358
4200
8358
678
680
8192
3249
7795
3249
1382
7496
9821
6057
3431
6057
3959
5277
2452
5277
1207
4458
1242
4458
8572
8017
8569
8017
9660
8017
2435
2451
10218
10238
9
9529
7158
7154
10326
10187
1164
1193
721
3396
5671
3396
1773
1767
1709
1767
1630
1661
1631
1661
120
952
976
967
976
543
533
3993
6218
2215
6218
9135
8680
6957
8680
940
962
1212
1303
4764
4133
8009
8410
8448
8410
8855
8410
232
233
3523
3543
3282
3288
3286
3288
3428
5827
3436
5827
10223
10207
8823
4510
2025
4510
8001
4510
7987
1861
1852
1861
7965
1861
81
9518
7198
7130
7593
7130
9247
4427
934
4427
4765
6808
2189
6808
3537
8880
9399
8880
5426
6461
4846
6461
2072
2077
4225
2077
8939
8527
7703
8527
8937
8527
5783
9182
5784
9182
7898
9182
1201
1257
1250
1257
10133
10140
4244
8962
2086
6270
4773
6270
1716
5009
1809
5009
2406
2397
2284
2397
3647
4863
3669
4863
9667
3742
1482
7899
6932
6606
3816
6606
7341
5681
846
9982
895
9982
8421
9982
2745
2750
844
880
879
880
2567
4221
995
1015
1007
1015
1940
1983
1977
1983
4542
3682
7090
3682
3681
3682
8548
4341
8551
4341
9376
4008
8339
7581
9646
9798
9645
9798
8871
8441
3986
8441
7305
8441
8896
8441
9967
8441
10037
8441
2004
5033
1956
5033
10054
9450
892
898
1165
1177
1927
3856
1488
1485
8333
1485
388
645
416
645
10334
10156
10264
10156
632
537
406
537
3942
6885
6334
6885
8500
5741
7289
5741
5707
5741
2529
5741
8018
5741
8352
9274
10102
9274
2183
6230
3917
6230
3519
5813
805
9015
317
318
2652
2657
2568
2657
7738
4289
8107
4289
10213
10230
10303
10230
2584
2554
8330
2554
9935
2554
9934
2554
2762
2771
1372
6942
5983
6847
5324
6847
392
330
8928
8898
8546
8898
2177
5121
2206
5121
2494
2703
8923
8513
2066
7824
9126
1447
1332
1447
2106
6251
5938
6251
8406
4413
8360
5293
2683
6602
2662
6602
1792
4962
9829
4962
2441
2497
4517
2497
2758
5268
3899
5268
9688
3016
2985
3016
89
267
7437
8863
679
9009
680
9009
320
321
2246
7543
8049
7288
10034
7288
8952
7288
8072
7288
4346
7288
1461
1576
1512
1576
2783
2792
8796
9918
1400
8221
595
414
451
414
846
9716
1207
9582
7555
9582
947
9582
4483
9582
1415
9582
1001
9582
4792
9582
1753
9582
2446
9582
1154
9582
6988
9582
3970
9582
4179
9582
2161
9582
4478
9582
9674
9582
9746
9582
3812
9582
1321
9582
1057
9582
1717
9582
1128
9582
1930
9582
1907
9582
4141
9582
1023
9582
960
9582
3962
9582
1617
9582
2330
9582
1035
9582
6247
9582
2347
9582
1642
9582
9583
9582
1463
9582
1498
9582
1275
9582
1093
9582
4447
9582
968
9582
1564
9582
929
9582
4092
9582
4659
9582
1530
9582
4099
9582
1887
9582
1600
9582
984
9582
4138
9582
1194
9582
1066
9582
1783
9582
2080
9582
4010
9582
3865
9582
4811
9582
2750
9582
1242
9582
4103
9582
2380
9582
2710
9582
1174
9582
4285
9379
3495
4410
8396
4410
4413
4410
9102
8133
2553
7107
1006
1009
992
1009
2424
2720
8375
2720
8930
8510
269
460
418
460
367
460
9692
7742
7047
7742
9283
863
8370
863
860
863
9274
863
1775
1778
2099
7024
4213
9413
4197
9413
7331
9413
2501
3899
2651
6361
5303
6361
7301
8427
3911
2238
5933
2238
9878
2238
1974
2238
1669
6128
9819
6128
4090
6273
5938
6273
2678
5582
3815
5582
3518
5810
3975
4880
3626
4880
2917
4527
1470
7053
6953
7053
1683
1638
1358
1638
6910
1638
1918
5015
1826
5015
1733
1800
1834
1800
3365
7682
3564
3581
7673
8008
8030
8008
9912
8289
9091
1033
991
9121
3526
4898
4892
4898
8328
4513
1308
9850
1492
7856
8
400
5721
1347
1341
1347
643
347
330
347
4255
8413
1265
1320
9281
8341
1004
4441
1039
4441
2047
6207
5062
6207
3506
9033
1758
9033
1703
9033
2831
2928
2828
2928
9007
6701
672
6701
9765
6701
2272
5228
2359
5228
6400
5643
8733
5643
7565
3824
1106
1121
1117
1121
1760
6153
1738
6153
591
540
550
540
4388
1385
5723
1385
7773
10051
8590
10051
2921
3001
7890
3001
2999
3001
9239
1145
7149
1145
7935
1145
3821
3820
587
199
1116
1125
1123
1125
3836
9985
4827
6432
3849
6432
9921
2541
7239
2541
9940
2541
9909
2541
7904
5059
4024
5059
7586
2064
9249
2064
7278
7650
7278
7650
876
8265
10170
10301
10166
10301
8050
4279
3260
3300
3299
3300
5947
9112
1354
8196
415
535
9292
4354
3383
4354
6708
4354
6707
4354
88
274
2235
6875
2278
6875
4379
1369
8861
1369
7262
1369
3696
1324
5680
1324
8807
1324
8047
1324
4314
1324
1168
1187
1083
9125
9370
8454
9211
9185
1437
1475
1454
1475
7445
9797
9807
9797
3038
7591
7978
2613
5797
2613
9316
2613
2637
2613
4152
5571
9837
5571
1096
1112
4114
6405
4825
6405
3060
3158
3410
5754
3408
5754
1957
5031
1934
5031
1972
1973
1968
1973
2410
3692
7015
7946
9308
890
889
890
847
890
9982
890
809
7757
7046
9569
4284
7671
8528
7671
1107
8244
3885
5691
3561
3572
9973
9959
9973
9959
1995
2045
4076
2045
971
8212
1777
9096
7080
4159
2600
2627
2692
2627
9339
7020
8481
7020
7023
7020
1146
1164
1163
1164
37
1711
7803
8195
9783
8213
9783
3737
9783
3887
9783
8198
9783
3743
9783
3954
9783
2697
2724
2690
2724
1565
4694
8053
8890
7508
8225
1158
4597
1195
4597
8264
2087
2085
2087
7892
2087
3334
4852
1430
9159
3863
4937
7509
4937
6346
5550
2757
5550
79
9517
1795
1834
1721
1834
2501
4058
1084
1096
1064
1096
1805
1919
2069
6716
10050
3278
7723
3278
9470
3278
9464
3278
8768
6434
5700
9372
702
10094
8126
10094
3552
6519
3572
6519
23
1462
7820
8841
1666
1665
1666
7994
1666
8438
1666
8865
8354
2580
2642
2636
2642
7093
6869
7084
6869
4507
1375
1379
1375
5729
2226
5793
2226
7002
7003
2176
5125
4218
5125
1159
4454
1186
4454
1448
1469
8837
9300
1027
1059
1046
1059
4862
6505
3623
6505
3649
3650
3151
9031
1155
9031
8244
9031
1606
6957
2174
5926
1800
1905
391
345
4255
7300
7312
7300
2145
6532
9916
6532
4706
6139
7511
6139
10028
9585
9703
9585
3974
6214
3951
6214
1843
1932
7977
1970
4049
1970
7966
1970
4392
1970
8408
1970
3589
3591
3569
3591
7571
8279
750
4265
970
9059
6719
3095
8303
3095
7941
3095
3092
3095
9671
5672
5653
5672
2162
5112
5098
5112
7702
7692
6962
3946
10106
3946
7013
3946
1431
4196
1013
1031
998
1031
4216
7158
8617
8597
9487
8597
9931
4225
9279
4225
7627
4225
5727
4225
5811
4890
3550
4890
264
265
9918
5236
3666
3671
9915
3671
7580
3671
3617
3671
2375
6283
2486
6283
7838
8694
4481
8694
4171
3757
7517
3757
4893
3757
2622
5592
2606
5592
2428
9169
2254
6548
2293
6548
9736
7572
3121
3126
8483
8852
8471
8852
10055
8852
10005
8852
8057
8852
8642
8937
8616
8937
647
8937
9234
1788
1693
1788
1787
1788
3198
6419
2645
6334
5686
9362
8893
9362
5685
9362
7162
3803
4166
5895
1320
5895
5655
694
9635
7039
7485
7039
9825
7039
3420
7039
7040
7039
3435
7039
3205
7039
6400
7039
3498
7039
4551
7039
2948
7039
9588
9969
2076
6746
3882
7114
368
580
567
580
240
580
9381
852
7306
852
6841
9651
812
9559
818
937
817
937
9337
937
7977
9917
8408
9917
9300
9917
2563
2610
13
4244
2426
2782
7582
2782
2530
4212
3667
6018
3677
6018
2041
5096
2007
5096
7292
7278
9920
1586
1464
1586
7227
1586
8926
8058
1213
1242
9581
9699
2260
2266
2262
2266
1842
1951
1281
8159
1243
8159
399
422
430
422
2164
2195
7451
2195
7182
2195
2975
2989
10242
10223
7144
4120
7944
4120
2752
5512
4038
5512
10109
825
6975
7157
3234
3843
10325
10177
3019
5359
4819
5359
1708
1764
1773
1764
1559
1561
4169
4759
8307
4759
3489
7203
3452
7203
8089
8580
8089
8580
3061
9212
4267
8812
3613
7440
2312
2352
4791
2490
7876
2490
7097
2490
3011
6376
3018
6376
3051
6665
9215
6665
3576
6023
3975
6023
8731
6958
9941
8825
985
4563
999
4563
2663
9827
9572
9827
2878
9827
5811
9827
3513
9827
3439
9827
3436
9827
3532
9827
9581
9827
3585
9827
3433
9827
3895
9827
1667
1709
1662
1709
8356
9745
3334
3340
7614
7599
654
6906
9431
6906
6706
6906
4338
10012
10025
10012
4339
10012
6348
5525
2787
5525
7953
7939
7470
6054
7843
6054
10124
812
235
560
8536
8014
2796
5274
2707
5274
1476
1506
8068
8057
4077
5496
2257
5496
7569
2309
5939
2309
8470
7277
3277
7277
1306
9143
3663
6017
3669
6017
47
10118
8092
5699
9904
7881
4302
8316
3215
3220
1739
1745
3538
3556
3575
3556
6701
9764
670
9764
8378
8796
2245
8796
94
7411
83
6586
6585
9318
9304
7646
938
3710
938
8423
938
937
938
1510
4683
784
8103
564
628
246
628
629
628
1189
9943
9425
10038
8942
10038
4078
1787
9721
2854
2855
2854
2840
2854
7218
2854
429
384
163
384
4158
6547
3738
6547
7761
796
9524
796
9124
5154
7810
5154
9791
3758
3805
3758
2861
3758
2912
6644
2979
6644
1383
1502
111
8598
8946
8938
8576
8938
2449
9737
6369
6902
5322
6902
3502
3511
762
8120
3308
6476
3339
6476
2396
5960
9342
9330
8320
2390
7181
2390
3817
8563
3817
8563
3078
4825
1875
1876
3086
6679
3157
6679
2435
2452
3463
7843
7534
3157
3776
3157
7547
3157
1337
1406
7386
759
3176
3203
3304
5425
1190
1188
1170
1188
3437
3440
9613
9612
9614
9612
7629
1662
7266
1662
7647
1662
1631
1662
3341
5459
3336
5459
4197
9409
5991
5412
3192
5412
2173
2182
2282
2315
7430
5656
3973
6146
6938
6146
841
7340
830
7340
3351
3599
9751
3599
2793
2795
4503
8759
8635
4014
8990
4014
1153
5882
1130
5882
2649
4812
4324
9639
7310
3939
7821
4580
1175
4580
4268
9240
7948
9240
8916
3277
9706
3277
8527
3277
3278
3277
411
550
552
550
339
476
636
476
2450
5249
4176
5249
9551
9543
9017
9543
2050
4057
9974
7220
9974
7220
2814
2826
2827
2826
3882
3881
3409
3411
2014
2088
2073
2088
7502
4598
7882
4598
7930
7556
1387
1402
1389
1402
1429
4103
681
683
7197
1715
1691
1715
7806
4938
1570
4938
3919
10078
7387
10078
8655
10078
7386
10078
2058
6739
3611
7046
6369
7046
5426
7046
5968
7046
5988
7046
3640
7046
4799
7046
5304
7046
3472
7046
3391
7046
6350
7046
3187
7046
6372
7046
4165
7046
6840
7046
5983
7046
9821
7046
3479
7046
5324
7046
4846
7046
3403
7046
3357
7046
6015
7046
4824
7046
3410
7046
3510
7046
4125
7046
3408
7046
5809
7046
3346
7046
5134
7046
3971
7046
5322
7046
2716
7046
4106
7046
5189
7046
5950
7046
5309
7046
3947
7046
6748
7046
3557
7046
2810
7046
6464
7046
6364
7046
5195
7046
6914
7046
4418
7046
4549
7046
3701
7046
5409
7046
3461
7046
6396
7046
6024
7046
3415
7046
3431
7046
3644
7046
5817
7046
4417
7046
6843
7046
3892
7046
3154
7046
3425
7046
3581
7046
5946
7046
5803
7046
3099
7046
6250
6814
5934
6814
7952
2262
8794
2262
2602
2628
2626
2628
3076
3082
3081
3082
3174
5396
3140
5396
8050
4316
5682
4316
2399
4796
8756
9729
4553
9729
1920
9729
10103
7758
7397
7758
9138
8683
9135
8683
2365
6294
4016
6294
1401
7511
10096
9754
6980
8428
9964
8428
9480
8428
1196
8428
6001
6004
3227
6004
2223
2237
5935
2237
7
2994
9738
9972
4528
7639
4528
6730
4528
9301
4528
1728
6127
9819
6127
2821
2841
7180
2841
3780
2841
4129
5141
4164
5141
2524
6830
2456
6830
9589
7245
833
8670
10334
10304
128
162
7578
7108
2031
7108
3485
3695
1775
1777
1774
1777
10313
10250
7221
3422
3378
3422
965
966
853
966
9358
966
980
966
1421
4673
4682
4673
1699
1731
1696
1731
2705
6575
5291
6575
2101
2171
7201
2171
2382
5213
5966
5213
3983
4042
8644
4042
7390
670
325
600
615
600
4113
5267
4058
5267
900
7522
2910
2913
2310
7891
2510
2498
8806
2498
8813
2498
2372
2498
8369
2498
7626
2498
2850
3050
4247
7287
8983
8966
3732
5871
1089
5871
7242
7224
739
8651
735
8651
737
8651
6971
7429
2709
5284
2801
5284
2358
5227
2273
5227
241
242
1742
4733
1819
4733
3896
9828
2104
9828
4801
9828
3344
9828
2776
9828
3931
9828
3166
9828
2702
9828
2679
9828
9195
9828
4123
9828
3525
9828
5926
9828
2858
9828
3550
9828
2654
9828
2402
4030
1456
3872
6705
7264
657
7264
6706
7264
9203
5333
2882
5333
9653
6386
4821
6386
7575
2331
2825
2927
2828
2927
3510
6041
4549
6041
2407
2480
3987
6208
1996
6208
3268
3355
5721
1348
1671
6113
8735
6113
7381
3726
4211
3726
121
651
9570
3142
8100
8590
2221
2363
3534
4897
5813
4897
1972
7953
3490
3529
1191
4301
3149
5421
3181
5421
3449
4552
3090
3071
3056
3071
8245
5850
7082
5850
10319
10200
2149
2150
6992
2150
1485
1534
3438
7455
743
8124
750
8124
748
8124
747
8124
4236
8124
742
8124
746
8124
751
8124
9845
1619
4690
1619
1634
1637
1365
1637
2911
4821
1136
8007
3995
1994
1880
1994
2934
2979
5240
6569
2464
6569
4692
8673
1603
8673
2942
2944
7141
2944
8302
2944
1196
1200
1197
1200
8325
3092
3066
3092
256
519
533
519
3233
3245
3990
5626
2916
5626
22
7422
2247
2398
5909
4966
4035
4966
7334
7695
1526
1605
128
673
7033
6807
4766
6807
920
4428
933
4428
1255
1258
4314
8042
3880
8528
8597
8528
9375
1632
9382
1632
7322
1632
5704
1632
2076
2078
3514
3522
10170
10249
9848
4670
4627
4670
8476
9315
1801
3891
3214
3224
4415
5828
3429
5828
9252
6753
3282
3287
3286
3287
1642
6110
1498
6110
8521
8897
8202
4590
1127
4590
2017
2100
2016
2100
3971
6848
6843
6848
2740
5521
3957
5521
3426
3429
1176
5892
1152
5892
9398
8030
7319
8030
7115
7872
4514
7872
2383
7872
7126
3264
8773
3264
2448
2463
7206
8301
1451
1448
1407
1448
5669
733
3915
8552
9690
8552
8010
8821
7768
7355
2172
2192
5978
2965
2885
2965
2652
2658
2568
2658
9251
7142
2684
5595
2604
5595
8198
3953
3954
3953
1576
4651
1165
1178
896
897
893
897
8098
7726
10088
7726
729
7726
2873
2910
2845
2910
7506
8733
5932
5935
5933
5935
9664
5935
1973
5935
1377
7529
1865
1886
5747
4124
3454
3455
8432
3455
728
6689
730
6689
726
6689
8665
6689
731
6689
729
6689
725
6689
2338
5210
2090
5210
2243
2380
7439
821
4853
6486
3928
6486
3248
5433
7497
5433
827
4007
830
4007
817
4007
822
4007
3335
4851
7431
697
8329
7926
112
3393
4420
7927
5300
7147
7117
924
934
1018
1019
1017
1019
2499
2710
10125
8520
103
4247
1658
1686
1664
1686
4149
6889
2654
6889
9840
5820
4053
5820
1493
1489
1394
1489
5349
6648
2902
6648
3005
3006
2606
3006
10097
8594
1959
5692
1959
5692
7826
6223
2157
6223
4157
5158
2081
5158
7567
3571
3547
3571
3031
8697
2889
8697
9593
3754
7707
4285
3789
4285
832
9019
9021
9019
8583
8934
7694
7672
7684
7672
9434
7672
7699
7672
9389
7672
388
332
1904
5040
1948
5040
3822
6337
4804
6337
1991
1990
9995
1990
2574
2858
1029
8211
2690
2743
2749
2743
869
873
864
873
101
7225
1768
1667
1768
9574
9575
10157
10158
4037
6217
9167
6217
2346
6263
2295
6263
4152
5572
2620
5572
1096
1111
554
548
420
548
6
456
3561
4870
1957
5032
3856
5032
8031
3691
7634
7236
8799
7592
7962
7592
7237
7592
2813
7592
4828
6431
3202
6431
9986
8873
8038
8873
8356
2286
7966
8357
4392
8357
8831
8357
8408
8357
9300
8357
2536
2542
2537
2542
1716
5005
9833
5005
1503
1566
1573
1566
10002
8018
2708
5278
4107
5278
5192
7123
7925
3002
2977
3002
8778
3002
1207
4457
1194
4457
218
219
7825
6058
8203
6058
3325
9899
7924
9851
3539
3550
1170
9717
892
9111
7571
4503
4262
6954
826
6954
4261
6954
5659
6954
806
6954
10111
6954
4259
6954
10108
6954
691
6954
10110
6954
807
6954
716
6954
804
6954
4257
6954
696
6954
6930
6954
693
6954
4256
6954
688
6954
678
6954
812
6954
5656
6954
1840
7895
1309
1310
1231
1310
8418
8403
8418
8403
3499
4140
5964
4140
3655
4140
9586
4140
3469
4140
4045
4140
3861
4140
9623
4140
5997
4140
3448
4140
3994
4140
3316
4140
6009
4140
3652
4140
4009
4140
2381
4140
3597
4140
3937
4140
3996
4140
3584
4140
3578
4140
9814
4140
9677
4140
3477
4140
3004
4140
2757
4140
4107
4140
9611
4140
3916
4140
4104
4140
3223
4140
9839
4140
3459
4140
3543
4140
3511
4140
3522
4140
7294
851
8302
8285
8302
8285
10308
10149
1397
4697
10171
10231
82
91
2616
2781
7574
2084
7910
2084
7204
2084
4225
2084
7715
3926
803
3926
4318
3926
1172
4594
1155
4594
1569
4934
1558
4934
38
39
6398
5650
3124
5650
1842
5019
4722
6160
1738
6160
1869
1952
1870
1952
4189
6616
2609
6616
3988
1837
4111
1837
1921
9040
122
402
747
4211
753
4211
4146
4211
4165
6437
5409
6437
1213
1241
64
1587
7571
9010
7754
679
7754
9750
7754
4254
8420
9410
8851
9364
8851
8514
8851
1197
1313
5947
5946
9232
8247
4855
3672
8762
3672
2532
4520
5195
6298
5946
6298
2687
5591
4217
5591
455
558
277
558
2391
6818
3960
6818
1359
1389
4387
1389
1701
9819
449
542
550
542
1038
1040
7194
2624
2627
2624
1169
1167
1149
1167
1786
1793
9007
9773
671
9773
3036
9773
2726
2727
2489
6280
2390
6280
7399
9005
4310
9005
1840
1931
3197
5803
3641
4873
3616
4873
7855
4357
3402
4357
4684
7060
4688
7060
9226
9175
7234
1327
1323
1327
10265
10141
7096
6531
7846
6531
9385
8457
7674
8457
9280
1184
1167
1184
310
630
8743
5111
3702
5111
2468
2713
8066
8503
9705
7691
8550
7691
1010
1032
869
870
864
870
3608
3592
3569
3592
3402
5757
3407
5757
1468
8140
4680
8140
7313
4403
9656
4403
3216
4403
9922
3236
3237
3236
3395
5671
722
5671
975
1005
9121
1005
10164
10168
10222
10168
9555
9499
357
462
319
462
623
462
2580
2641
2636
2641
648
4018
8961
4018
4397
9975
8882
9975
8902
9975
8888
9975
1156
9032
10163
10302
10169
10302
8957
8870
2028
2067
2012
2067
35
830
9451
831
9451
867
9451
8775
7550
3212
3895
2121
2049
7628
2049
5100
9916
8131
9355
10140
10265
1713
1736
7374
10080
9506
10080
2615
2772
1938
6204
297
298
8025
9718
6910
9718
7297
9718
2932
3827
2739
5543
2772
5543
2185
6252
5129
6252
2168
4155
3766
5288
2469
5288
2661
6601
9204
6601
8063
6941
10019
6941
7609
3056
2823
3056
8012
7268
9969
7268
4124
7268
10057
8883
9415
8883
8048
8883
8057
8883
5934
5122
5928
5122
4216
2276
2267
2276
7990
7582
8425
7582
2433
7582
8410
7582
682
8128
10107
7013
7398
7013
770
7013
2079
7810
10010
8442
4377
1538
1513
1538
1938
1998
8271
8229
7885
3681
7328
4342
8440
9301
3611
6515
3581
6515
8312
9249
8312
9249
7308
5742
4340
5742
10056
5742
4341
5742
4342
5742
1340
1344
1315
1344
1798
1915
882
883
875
883
175
176
7137
7104
1941
1980
1978
1980
1117
1129
1100
1129
8943
9389
7937
3741
7550
3741
197
431
377
431
1117
1149
4297
1149
9314
1149
9330
1149
7389
8961
9757
8961
2651
9650
5197
9650
3974
9650
1647
9650
3596
9650
6000
9650
5967
9650
1830
9650
9179
9650
4771
9650
9186
9650
3328
9650
3136
9650
3951
9650
9171
9650
1891
9650
3188
9650
4747
9650
7862
9650
5303
9650
5103
9650
6250
9650
7870
9650
7883
9650
2711
9650
5316
9650
3890
9650
5934
9650
9173
9650
3088
9650
7868
9650
9183
9650
3295
9650
2746
9650
3020
9650
3148
9650
5201
9650
9174
9650
3305
9650
2595
9650
3610
9650
5928
9650
2895
9650
3624
9650
3565
9650
9194
9650
9180
9650
6333
9650
4761
9650
9168
9650
2972
9650
7865
9650
4878
9650
5957
9650
1790
9650
2943
9650
2336
9650
5589
9650
1911
9650
6760
9650
9182
9650
3001
9650
9169
9650
3672
9650
6204
9650
6008
9650
2593
2620
2618
2620
9864
2620
9875
7027
8751
7027
8229
7027
1037
5856
1055
5856
2122
2156
3000
4222
2999
4222
3807
4222
8913
8424
7696
8424
8532
8424
9579
6008
9888
6008
1476
8269
7697
4275
3812
5055
1887
5055
4525
4524
5683
5682
5683
5682
1702
9129
8005
1479
7270
1479
2496
2494
2473
2494
3279
3293
4406
3293
2026
7228
949
961
1654
1676
2327
6879
6816
6879
8487
7643
7683
7643
4396
7643
9996
7643
8508
7643
7679
7643
8000
1365
6911
1365
1360
1365
8002
1365
3360
6462
3753
6462
3136
6409
3148
6409
1857
1862
1852
1862
2639
9592
1885
3813
2598
3813
1419
3813
3163
3813
1531
3813
2680
3813
4642
3813
3183
3813
2108
3813
2256
3813
2664
3813
6945
3813
3022
3813
2693
3813
1741
3813
4500
3813
5951
3813
1467
3813
6404
3813
2859
3813
5427
3813
2492
3813
2047
3813
9643
3813
4699
3813
1914
3813
4015
3813
9617
3813
2136
3813
4702
3813
1554
3813
1750
3813
9627
3813
2187
3813
2973
3813
2952
3813
2006
3813
6750
3813
5387
3813
5981
3813
2466
3813
1811
3813
2337
3813
2294
3813
2512
3813
3143
3813
9770
3813
9862
3813
5383
3813
3262
3813
9818
3813
3297
3813
2748
3813
1596
3813
2914
3813
5062
3813
2779
3813
4652
3813
6916
3813
2319
3813
3359
3813
2792
3813
3203
3813
1348
3813
3245
3813
1793
3813
1931
3813
1039
4442
1040
4442
8115
9516
3909
10040
8945
10040
8367
8342
8367
8342
2641
2654
9334
4229
7662
4229
8847
4229
2545
2557
2560
2557
6845
6844
2559
2603
3381
7827
1429
1444
8565
6702
7735
6702
1107
1122
1121
1122
9216
6415
3150
6415
7588
3268
3238
3268
4264
3810
9657
3810
3723
3810
3989
3810
321
598
422
598
43
10120
3564
3582
6996
4128
4208
4128
10086
4128
4620
5899
9187
5899
1695
7035
642
428
349
428
6703
9365
8499
9365
7372
7681
4197
7681
8241
8155
4482
8155
10262
10142
1144
1174
2196
2199
1565
9122
5814
4883
5807
4883
2325
6290
7872
6290
7259
9284
56
153
364
420
9768
7741
7373
7741
8108
7741
2126
5129
1449
1465
18
73
8031
9344
8378
2394
5733
2394
6009
6865
3597
6865
1366
1379
1381
1379
1833
1909
2679
5581
9854
5581
8538
6706
2838
2948
7329
1963
3611
6509
4125
6509
9116
9796
8729
9796
9806
9796
4203
9992
10004
9992
2659
6362
2650
6362
1044
1055
631
301
9193
6135
9843
6135
7304
7293
9386
7293
7689
7293
1671
4961
1749
4961
3170
3228
7256
3228
5748
3228
4168
3228
4417
5824
3425
5824
3632
3643
8296
8222
9905
8222
9221
4424
8281
4424
4366
9192
8741
7813
10237
10232
10209
10232
7335
8524
948
9055
4136
3099
4198
3099
4658
2791
979
2791
1153
2791
2301
2791
2155
2791
2275
2791
4641
2791
4743
2791
985
2791
1091
2791
914
2791
4477
2791
3932
2791
4744
2791
1599
2791
1277
2791
2518
2791
4484
2791
999
2791
4704
2791
4157
2791
4695
2791
1206
2791
4754
2791
2763
2791
1054
2791
946
2791
1756
2791
2081
2791
4689
2791
9145
2791
2348
2791
1130
2791
2379
2791
1316
2791
1825
2791
1074
2791
7478
2791
4167
2791
9622
2791
4749
2791
1159
2791
932
2791
1244
2791
4655
2791
1186
2791
922
2791
1418
2791
6991
2791
4687
2791
5902
2791
1021
2791
1472
2791
2789
2791
962
2791
2771
2791
2703
2791
4120
2791
2490
2791
2331
2791
1534
2791
2192
2791
1111
2791
1032
2791
1736
2791
7027
2791
1444
2791
2071
2074
7089
1254
7568
8275
7241
7010
4268
4269
649
4269
