3380
6139
5759
6139
4095
5680
1386
5680
3654
7163
3654
7163
8954
7891
6532
7891
549
7891
3277
3361
3830
3257
3928
3257
3929
3257
9655
3257
8438
3257
2592
5483
2025
6859
9273
6859
1500
1507
2496
2503
1684
1800
9062
3637
1088
3637
1105
3637
1840
3637
2980
3637
8182
3637
9053
3637
2027
3637
8725
3637
1059
3637
8169
3637
4714
3637
8152
3637
8195
3637
8156
3637
8198
3637
2845
3637
8745
3637
8699
3637
8696
3637
3629
3637
8740
3637
9052
3637
9060
3637
9054
3637
8710
3637
2039
3637
8197
3637
8178
3637
2032
3637
8686
3637
8154
3637
8692
3637
8105
3637
8716
3637
1258
3637
8724
3637
8712
3637
8167
3637
1219
3637
8701
3637
8682
3637
8741
3637
9056
3637
8702
3637
9058
3637
9055
3637
8168
3637
8695
3637
9046
3637
8698
3637
8749
3637
9048
3637
8200
3637
1867
3637
8663
3637
2720
3637
3385
3637
8209
3637
8206
3637
8697
3637
4614
3637
9064
3637
1115
3637
8190
3637
8765
3637
1175
9067
7863
3575
9593
3575
3444
3575
3012
3074
1482
8776
8339
2570
3977
2570
3876
2570
7996
8221
6774
5788
6774
9341
1621
1618
1621
619
9729
612
9729
2990
9404
1020
1046
6888
5067
3027
5067
1724
6415
1645
8300
9514
2734
9508
2734
8803
2734
8343
2734
7725
2396
2397
2396
9085
2396
7719
2396
4092
1350
2705
7355
2216
5979
4224
5979
2357
2358
5257
2358
5258
2358
8350
2358
2204
3623
2831
2912
3972
7581
815
814
806
814
6589
6588
2251
9259
3953
7283
9235
603
3271
4487
645
7958
941
959
3153
4962
8129
4962
2962
3034
2273
3868
3645
3868
1097
4063
9371
6946
8877
6946
8882
6946
8380
7689
7037
7689
3312
7689
7038
7689
3201
9350
16
17
1719
1724
1723
1724
3168
4965
3158
4965
168
376
353
376
7143
9251
565
7372
9251
9396
1887
9396
2614
9396
2439
9396
1839
9396
2722
9396
2793
9396
5351
9396
2128
9396
2984
9396
6595
9396
2238
9396
1834
9396
2672
9396
1809
9396
5357
9396
1919
9396
7010
9396
2506
9396
5455
9396
2875
9396
8127
9396
2751
9396
2219
9396
4274
9396
2157
9396
2112
9396
2042
9396
1756
9396
9494
9396
2502
9396
3999
9396
6947
9396
1797
9396
4717
9396
2019
9396
4226
9396
2865
9396
5787
9396
2647
9396
3157
9396
2586
9396
2940
9396
5353
9396
6190
9396
5835
9396
3685
9396
9472
9396
3983
9396
3111
9396
5350
9396
3174
9396
3388
9396
4262
9396
5430
9396
3695
9396
4223
9396
2549
9396
2596
9396
8106
6486
3647
6486
446
433
371
433
101
433
9716
8540
7629
8661
6983
8661
8667
8661
1007
8661
4391
8661
8201
8661
960
8661
1856
8661
7630
8661
3106
8661
8728
8661
8717
8661
2866
8661
8673
8661
8166
8661
9503
8661
1505
8661
1815
8661
2913
8661
8757
8661
7644
8661
8732
8661
2683
8661
4512
8661
7665
8661
8205
8661
7638
8661
8709
8661
8694
8661
2794
8661
7649
8661
8758
8661
7646
8661
8755
8661
8115
8661
884
8661
8690
8661
911
8661
974
8661
2985
8661
8233
8661
1086
8661
8666
8661
1823
8661
8760
8661
8135
8661
8730
8661
8754
8661
3063
8661
9299
8661
8711
8661
1257
8661
1801
8661
8762
8661
1125
8661
8199
8661
937
8661
6954
8661
8753
8661
7632
8661
7648
8661
2639
8661
895
8661
8143
8661
1445
8661
1766
8661
4716
5919
1999
5919
555
2372
6942
2372
179
180
7808
7783
7219
1946
5338
1946
7049
1946
7277
1946
2694
2689
2645
2689
3866
3865
3866
3865
276
2
9189
9155
1576
1712
1575
1712
1450
5709
7976
7972
3095
4968
3158
4968
2284
2283
3870
2283
178
355
364
355
8693
6084
1389
6084
8462
3862
7843
3862
9626
3862
6590
6585
2239
6585
2547
2581
4682
6433
4662
6433
3207
3230
3803
5303
3804
5303
1362
1391
9232
7955
8279
1287
8793
1287
8292
1287
8452
7358
5231
7358
8495
7358
5232
7358
7813
9122
8428
2355
5215
2355
2929
2924
2893
2924
4091
5671
1331
5671
7677
5436
3965
5436
5403
4369
8180
4369
7411
9652
7411
9652
3643
4720
2045
4720
9113
7734
1149
7734
1171
7734
8399
7734
8148
5694
6893
5694
3476
8817
9095
4596
6306
2786
6306
8931
9629
1453
8216
8653
4550
7622
4550
3539
7396
3540
7396
8540
8947
631
9735
640
9735
3057
3100
3835
3100
7835
3100
7052
6242
8177
6242
1772
1774
1659
1774
7142
4692
8488
9679
8727
4426
8248
4426
8253
6418
5838
6418
2159
6010
4237
6010
2540
4307
2524
4307
1472
4840
8141
4840
1337
4411
1310
4411
1855
1859
1361
7570
7679
3578
8772
3578
8308
3578
4580
6800
2918
6800
716
7503
3462
8057
6584
8057
3675
8057
2680
6331
2711
6331
2147
2163
1768
6427
1778
6427
8879
3830
200
305
5280
2989
7354
2989
3938
2989
1507
8274
3034
8274
4063
8274
4599
8274
9338
8274
977
8274
1013
8274
8791
8274
1338
8274
4572
8274
7178
8274
4075
8274
1049
8274
4173
8274
978
8274
2612
8274
1875
8274
2721
8274
3216
8274
988
8274
2958
8274
6908
8274
1392
8274
4892
8274
1512
8274
1524
8274
6920
8274
1911
8274
4511
8274
1852
8274
921
8274
4042
8274
4438
8274
5794
8274
3235
8274
4089
8274
5782
8274
4536
8274
4500
8274
3056
8274
4504
8274
5750
8274
3912
8274
4665
8274
1211
8274
1748
8274
2756
8274
2798
8274
4073
8274
1027
8274
4518
8274
9400
8274
6194
8274
1068
8274
2874
8274
4068
8274
3688
8274
4643
8274
5778
8274
5632
8274
1473
8274
2682
8274
1802
8274
1146
1167
3
3952
1584
1557
1584
7807
1584
26
27
3827
3826
8805
2462
7727
2462
2359
2462
8804
2462
1734
5818
9337
9336
590
9336
584
9336
1056
1085
3121
7629
2408
4007
6923
6887
6924
6887
9457
6887
5244
9673
583
9673
8508
9673
3250
9038
6942
2374
554
2374
2137
7566
4300
6717
5485
6717
3522
7974
9008
7974
3377
3289
8320
3289
4115
3289
8329
3289
2918
6796
4578
6796
1690
4648
502
2055
2061
2059
2061
677
3769
672
3769
9392
6547
2312
6031
4261
6031
3217
4836
3234
4836
1595
4599
4414
4430
1365
4430
9745
9738
1073
8192
9489
3683
2942
5188
2836
5188
2156
6006
2212
6006
1669
7205
581
7914
3044
3096
3972
2208
2236
2208
5102
5827
4160
5827
3480
3726
7468
7208
2465
2361
2465
7713
2465
7754
2465
4595
6310
2795
6310
7993
9202
1663
8220
5244
7400
588
7400
167
168
5781
4546
5419
4546
4486
6728
5711
6728
2051
5440
4194
5440
1989
4716
7548
3811
7078
3811
1533
4459
5416
4459
8779
5003
562
981
987
3120
3169
3202
8255
1522
4105
1976
1983
1980
1983
8864
8828
8975
9215
736
9215
2699
4604
2761
2853
3621
2853
2529
8635
1251
8383
5200
8577
2593
8134
2137
9492
3005
3058
7826
3058
6072
2602
3981
2602
3596
2602
7350
9130
3225
3226
5334
1772
1658
1772
3715
3211
1247
9062
1885
1950
8414
1950
9575
1950
3613
6758
9419
6758
1741
1755
1647
1755
8468
791
8925
791
1129
5268
565
8796
8272
4228
2244
5347
2244
4229
2244
1774
5833
4165
5833
4171
5833
4170
5833
2023
7657
3378
6121
7425
9601
3769
8536
8553
8536
9223
8536
673
8536
7284
7244
2370
7244
1090
5265
1636
1653
1656
1653
566
568
6540
1414
7060
1414
3471
6973
2657
5329
2657
7737
2657
6975
2657
1704
4161
9319
2125
6490
4732
6490
9064
6752
8190
6752
9334
697
3015
3072
4523
6755
5768
6755
8152
6673
8198
6673
2615
6522
8705
6522
1742
1758
1647
1758
1672
6950
3555
3554
9715
8992
1292
5642
9476
5642
1622
1639
3560
1639
8304
8638
2624
8794
3011
3055
2791
6279
8196
6279
3096
6772
3126
6772
3690
7602
9069
7602
7162
7602
3711
3509
3187
3334
7244
5262
5222
5262
2405
5262
3437
5262
1224
1259
1440
8258
4152
4632
3223
4108
7480
529
525
529
1732
6983
3904
3903
8866
1346
3722
7465
2369
2400
2471
2468
2453
2468
8540
9686
2762
8296
1428
6725
1503
6725
3770
9374
1021
1050
4142
2761
2701
2761
2913
5185
8233
5185
1088
8613
1059
8613
8745
8613
5259
7208
3309
8000
2415
8000
3175
8000
2235
2205
2066
2205
2750
4144
1685
1796
2903
2957
2279
2566
2565
2566
1791
4645
2567
7061
861
883
876
883
3525
7462
658
7462
1058
1088
5309
8806
8823
8806
2377
8089
1729
5815
8223
4907
3363
4907
7503
9723
695
9723
9732
9723
7506
9723
9733
9723
724
9723
9008
9723
7975
9723
531
7374
3951
9538
3843
9538
3844
9538
3949
9538
1589
2629
2625
2629
6683
3494
2533
3494
9265
3494
5829
3494
5763
3494
8248
5676
8124
5676
1674
1887
7661
5941
8138
5941
4612
6347
4642
6347
7882
9565
7389
9565
8923
9565
3272
8595
3254
8595
5354
8595
2835
2916
3087
8094
1053
7765
7649
6451
1801
6451
7881
2642
9150
2642
2503
9292
2244
9292
1860
9292
2655
9292
2031
9292
9253
9292
2257
9292
9279
9292
1858
9292
1899
9292
3037
9292
2102
9292
2155
9292
2945
9292
2838
9292
2288
9292
8116
9292
1959
9292
6987
9292
9293
9292
1627
1645
1628
1645
8932
3489
1143
1144
7799
1144
7264
1144
7669
4088
3865
2262
2250
2262
3866
2262
3973
2262
2835
7003
2377
3883
9062
5657
8209
5657
3886
9019
3117
9019
7628
9019
7024
7268
8425
3280
8916
3280
8875
3280
8448
3280
5360
6563
8056
6563
2231
2265
466
315
211
315
348
315
2945
6510
2838
6510
1011
4346
1028
4346
8799
5793
1577
7762
4759
4758
9321
678
3945
2976
2921
2976
9742
9740
9175
9579
977
4050
978
4050
7286
9110
4640
6836
5819
6836
541
542
179
5483
4796
5480
4796
1049
5566
1027
5566
8151
4639
883
903
1203
5629
8146
5629
9512
8808
9671
1108
7433
1108
9354
1108
9192
1108
1731
8109
3361
4887
3268
4887
8450
1632
3843
2676
7351
2676
7830
2676
3634
4259
6558
4259
3160
9536
7901
8455
3442
8455
1645
1907
1903
1907
1135
1161
3817
1161
203
343
270
343
9696
7440
8072
4414
7100
4414
1702
4653
9401
5400
9401
5400
8133
5468
7656
5468
9185
8472
7441
8472
7942
7930
9223
7930
3568
7930
3320
8224
8255
8071
8094
8071
6938
8071
8727
8071
1335
8071
2611
8071
8241
8071
6895
8071
9068
8071
8104
8071
1225
8071
8202
8071
7641
8071
1087
8071
7643
8071
4579
8071
1749
8071
7637
8071
1312
8071
1091
8071
1069
8071
1469
8071
8208
8071
1783
8071
1803
8071
1269
8071
8185
8071
8679
8071
8747
8071
9061
8071
9057
8071
1048
8071
8719
8071
8123
8071
8137
8071
8095
8071
1031
8071
8113
8071
979
8071
976
8071
1871
8071
8669
8071
989
8071
8221
8071
1764
8071
1152
8071
1015
8071
8248
8071
1933
8071
7647
8071
7631
8071
8746
8071
7645
8071
1862
8071
9047
8071
8685
8071
8171
8071
8124
8071
7639
8071
7636
8071
1956
8071
2797
8071
7640
8071
5788
8071
2038
8071
3066
8071
653
5205
3134
3136
3059
3136
6976
7188
3131
6181
4953
6181
9623
2185
7875
2185
7367
2185
7381
2185
9063
6322
2640
6322
2138
3703
3321
8212
4225
5986
8262
5986
610
5208
1267
8040
3974
7185
2176
2188
7008
2188
3476
8556
7175
3271
6577
3271
6576
3271
8783
3271
6574
3271
6573
3271
2437
2440
2424
2440
3296
3367
7154
6290
7155
6290
721
723
7008
8336
6560
5465
4241
5465
2273
3791
7477
3791
1573
1604
4603
1604
6953
8915
7685
7676
628
9703
625
9703
9713
9703
9380
9590
7385
9590
3618
9590
8089
5374
3885
5374
1071
1105
1516
9338
2514
3987
172
384
72
384
174
384
1173
6907
3661
3534
9233
3534
3976
5462
6995
5462
2018
5901
4194
5901
868
9036
8718
9036
802
9036
956
9036
2999
9036
782
9036
8230
9036
8662
9036
1107
9036
8668
9036
906
9036
8721
9036
5800
9036
2848
9036
7132
9036
886
9036
5752
9036
1012
9036
8267
9036
8680
9036
3380
9036
8265
9036
3073
9036
1029
9036
932
9036
760
9036
3263
9036
768
9036
3610
9036
2861
9036
3173
9036
817
9036
825
9036
1047
9036
1534
9036
3604
9036
3648
9036
8691
9036
8714
9036
1447
9036
993
9036
8239
9036
1213
9036
923
9036
854
9036
5759
9036
8738
9036
6654
9036
4602
9036
3155
9036
1067
9036
8708
9036
3114
9036
3236
9036
1154
9036
6324
9036
973
9036
839
9036
1460
1459
1372
1459
9579
8458
7052
5061
2872
5061
6683
6479
2026
6479
4167
1836
1723
1836
351
404
293
404
118
404
3143
3309
6
7
2967
9413
3303
3191
3142
3191
3332
4950
3520
4950
8205
6170
8694
6170
7977
675
671
675
661
675
667
675
2210
4755
2155
4755
6980
737
8778
8080
2391
8080
1424
1430
1610
1716
805
811
9371
9597
7450
9597
1976
9519
9690
8496
568
8902
3635
1546
8965
1546
3622
1546
8523
1546
8406
7265
7819
7265
4186
5864
1952
5864
2262
2268
7950
5244
3848
5244
3239
8667
8724
4983
8712
4983
986
1007
3178
3294
3256
3294
57
3696
4085
7607
4085
9404
7262
1939
2003
2001
2003
814
826
7267
8826
8386
8826
8848
8826
2985
4584
8233
4584
6938
5602
1152
5602
9152
8403
2703
8403
8881
8403
5323
8403
979
8598
976
8598
1956
8598
1572
1599
1598
1599
514
7768
2365
7768
7311
7768
765
769
758
769
2334
4772
2308
4772
8857
1648
1630
1648
1000
8649
2939
7642
197
198
2306
2303
2281
2303
3199
6104
3232
6104
1718
6962
7588
6605
8085
6605
5284
5283
5827
9459
4621
9459
3331
9459
1799
9459
1513
9459
1218
9459
4078
9459
8121
9459
3000
9459
1780
9459
3154
9459
4081
9459
2140
9459
8262
9459
8118
9459
1999
9459
5417
9459
8223
9459
2812
9459
9500
9459
8097
9459
5816
9459
1921
9459
8098
9459
8225
9459
4588
9459
1177
9459
1390
9459
8687
9459
3069
9459
8141
9459
9390
1411
8846
1411
7751
1411
9499
1411
3923
1411
8407
1411
4064
5581
1153
5581
1305
1307
1290
1307
9496
2994
9496
2994
8345
4167
9530
4167
7821
4167
1697
4167
5343
3457
829
830
810
830
2630
2671
2446
5355
731
9247
1549
1550
7346
1550
341
423
344
423
162
423
2980
6229
8698
6229
3706
8500
9575
7803
1705
1720
1704
1720
8070
5372
3885
5372
9138
1369
3825
1369
7388
8368
6873
8368
6965
465
281
282
281
1691
8076
2706
2709
7827
2709
505
9089
9135
9550
3856
9550
9556
1968
9558
1968
1383
1426
1421
1426
1673
1692
1694
1692
6121
4946
8224
4946
9467
5689
1333
5689
2890
9424
5774
6166
3695
6166
2573
4287
183
325
347
325
1206
4391
1725
1840
8786
9071
595
9071
4286
3597
861
862
851
862
610
7483
2766
2767
3237
4859
8225
4859
3268
6099
4479
6099
3665
5882
2007
5882
2089
3668
1903
7680
5878
5163
2024
5163
8791
6148
4518
6148
3649
5943
2097
5943
2948
3009
3014
3009
615
9743
7989
9743
610
9743
612
9743
616
9743
608
9743
607
9743
613
9743
8352
2694
6582
2694
7744
2694
5324
2694
9484
8340
9129
9353
8870
9353
2431
2436
2444
2436
8673
6286
8199
6286
4238
6022
1021
8036
5436
7067
3471
8560
1993
4712
7230
2971
8816
2971
2975
2971
2970
2971
3904
8855
852
865
866
865
4236
5990
4230
5990
652
654
5470
4774
2349
4774
7958
9709
2920
9709
8561
9709
3138
3140
3081
3140
2033
4724
9277
4724
4557
6202
3067
6202
3592
2067
2056
2067
3814
1063
3816
1063
7767
1063
1061
1063
9306
7869
7904
7869
858
868
1107
5396
8731
5396
7965
7926
1344
7694
3589
5734
4468
5734
8560
3662
8551
3662
3525
3662
1188
8153
7964
7436
9693
8951
8506
7911
6525
7911
7913
7911
2013
3665
8747
6145
8095
6145
3221
6644
2631
2680
1189
9080
5482
4800
2586
4800
7127
5503
2550
5503
6912
3959
8863
1487
1406
1487
7805
1487
1066
5570
4058
5570
2467
2483
2477
2483
3815
3814
2389
8778
8784
8778
5827
6840
5836
6840
3013
9050
2932
2980
7518
6968
7447
6968
9705
6968
943
4046
4637
7709
4637
7709
8800
1965
9523
1965
8307
1965
6900
1965
8797
1965
2632
4621
7232
3276
7099
6506
7575
6506
3493
9398
6894
9398
3871
9609
528
9609
8435
9609
1048
4350
1031
4350
1763
5851
3677
5851
4140
8365
1401
3214
3213
3214
8285
7671
9328
8474
7408
6531
7401
6531
4282
6047
2331
6047
2440
5358
2878
2892
3705
2892
8393
8362
286
443
275
342
361
342
1869
6393
5351
6608
2502
6608
3707
7303
4505
6132
3399
6132
1930
1962
1982
1962
582
583
3327
4507
8968
8959
8566
2920
7491
2920
655
2920
8896
7866
2772
2815
8800
1973
9523
1973
7191
1973
3631
1973
7691
1973
8797
1973
3659
9216
2898
2941
2142
6494
2126
6494
7804
1035
1003
1035
1973
2052
945
977
9705
7439
7469
7439
8976
7439
2089
2127
2037
5957
9679
8452
8917
8452
9694
8452
9194
8452
7391
8452
1662
4664
2076
5448
9373
7929
7956
7929
8573
7929
927
928
8905
928
7876
928
8387
8373
7526
8587
494
8587
5400
5399
3496
1402
1373
1402
1280
1402
1101
1123
1122
1123
2634
8110
1188
5630
295
411
349
411
127
411
3135
5761
9310
705
2192
4260
918
917
900
917
7051
9716
698
9716
8564
9716
2067
2118
2113
2118
769
781
779
781
1200
9074
475
337
1515
7614
1735
4640
1667
7115
3725
7212
1913
1635
1913
3957
3956
2130
2133
2725
6334
7102
6334
2708
6935
9275
6877
9272
3998
1940
1938
1889
1938
3802
2384
2381
2384
932
4049
923
4049
1556
1574
1570
1574
3438
8918
3438
8918
4605
6821
5802
6821
9604
8425
2587
7706
5405
5404
1119
1137
1076
1075
1061
1075
9335
5755
4895
5751
4895
2569
6055
2023
2025
4057
9044
6571
9044
1079
9044
4333
9044
6555
6554
9287
7028
9286
7028
9285
7028
8061
6509
2954
6509
3255
3279
3295
3279
487
7984
2271
4215
2245
4215
4285
6072
8263
4701
8204
4701
7974
3752
7496
3752
1245
8243
2189
2197
2183
2197
7249
1193
1157
1193
8853
1193
3907
1193
9246
3522
686
3522
2590
3673
1426
8182
8751
5178
8227
5178
3123
7731
3058
3121
3133
3121
3684
3490
9449
3490
4695
6471
1893
6471
7016
7017
763
770
2675
2731
2730
2731
1572
1600
4603
1600
999
1013
2236
4227
6982
744
3701
2833
2829
2833
1962
2017
513
514
676
9239
7981
9239
2302
8650
6976
7197
9384
8417
4183
8321
3071
6211
3026
6211
8242
5175
8742
5175
7933
9362
8941
9362
9692
5237
1513
4442
1506
4442
4278
6058
4274
6058
2175
9544
1348
1366
7760
1366
2020
2028
227
228
3627
7025
1781
5853
4178
5853
9398
9430
3579
6226
3026
6226
2268
4218
6936
4218
7878
7384
9359
7384
2452
3995
1142
6938
7641
6169
8746
6169
3418
4949
8121
4949
2344
7133
3616
5686
8155
5686
9665
1877
3583
1877
7392
1877
7889
1877
939
952
949
952
7755
1935
1929
1935
7187
5093
861
873
847
873
1654
5432
1424
1429
7453
8428
7349
8428
9716
7902
7921
7902
7562
4898
7606
4898
8824
8805
1075
1078
8289
1078
5308
1078
7682
1078
62
63
2703
2706
8889
2706
5323
2706
2333
8079
1571
1821
1807
1821
4322
3310
8229
4856
3270
4856
4707
6480
2067
2115
5448
2115
5447
2115
2114
2115
8276
6913
3728
1017
7118
7257
5223
557
5223
2370
5223
1714
2614
8934
3006
9197
3006
8498
3006
3833
3006
3772
3006
2014
6683
2115
4233
1373
1460
1465
1460
2828
2827
2800
2827
1648
1741
1682
1741
7612
6096
9463
6096
707
708
12
13
4604
6289
2846
6289
2516
7127
2423
2439
2581
3717
3578
3717
8089
3717
8076
3717
4664
3717
8650
3717
8079
3717
4298
3717
5352
3717
2882
3717
2404
3717
3452
3717
2684
3717
2620
3717
8058
3717
3886
3717
2752
3717
2047
3717
2132
3717
8065
3717
8061
3717
7613
3717
4189
3717
1955
3717
2598
3717
3117
3717
2021
3717
8063
3717
2269
3717
2311
3717
7628
3717
7617
3717
2209
3717
8088
3717
3984
3717
2449
3717
2843
3717
2997
3717
2101
3717
5360
3717
2654
3717
8078
3717
2954
3717
8056
3717
8060
3717
9042
3717
7615
3717
4195
3717
7609
3717
1918
3717
5475
3717
8070
3717
8081
3717
3885
3717
8069
3717
2162
3717
8091
3717
1753
3717
7610
3717
8092
3717
2050
3717
5837
3717
2538
3717
8082
3717
1873
3717
7600
3717
8706
5445
6685
5445
9620
925
9638
925
794
925
7850
925
8898
9568
7949
3547
598
3547
2969
3031
7703
4097
7772
2818
7774
2818
7812
2818
7798
2818
9535
6973
2851
7052
975
8039
1037
1038
1025
1038
9641
1558
1391
3427
1859
3427
2916
3427
1430
3427
7642
3427
4233
3427
4558
3427
1898
3427
4537
3427
3425
3427
5765
3427
5431
3427
3332
3427
1288
3427
5828
3427
2768
3427
3384
3427
4264
3427
7084
3427
2100
3427
2796
3427
9480
3427
9297
3427
2888
3427
1314
3427
9479
3427
2164
3427
2718
3427
9466
3427
3386
3427
6557
3427
1932
3427
6590
3427
1795
3427
1504
3427
3589
3427
6966
3427
2247
3427
2239
3427
3218
3427
2041
3427
3035
3427
5749
3427
1271
3427
1844
3427
4480
3427
6193
3427
1334
3427
4191
3427
1997
3427
2813
3427
3266
3427
1736
3427
4658
3427
4601
3427
1824
3427
3112
3427
4103
3427
1268
3427
4468
3427
2287
3427
2350
3427
3520
3427
4197
3427
4439
3427
5785
3427
4747
3427
3474
663
3641
8559
9711
8559
3184
3331
3996
5525
3994
5525
4231
5989
2215
5989
8973
8504
5418
4535
7634
4535
9066
4477
1525
4477
3099
7352
239
240
3177
8791
1317
1338
2565
8339
1848
7591
7013
6578
359
295
369
295
5261
7273
1371
1456
1461
1456
9565
8893
8455
8893
1294
8733
3224
3242
3926
3242
5319
3242
4692
5154
9415
5154
8763
6100
8174
6100
2950
3010
3019
3010
3323
3418
61
62
8781
7679
9601
9584
7318
9584
8868
9584
3263
4860
3236
4860
3144
3306
3216
4845
1473
4845
9104
9395
7745
9395
2064
9395
8820
9395
2011
6476
5879
6476
1731
1839
5234
7881
9674
7881
5236
7881
5233
7881
9681
7881
4146
2710
9531
2710
1176
9422
8626
9422
6880
9422
2309
2328
7834
7817
1786
5151
1893
5151
9466
5690
1334
5690
9143
7325
528
7325
3608
5924
5435
5924
8122
6230
8103
6230
7085
3433
1605
3585
9392
3084
3553
3084
9133
3084
9539
3084
7013
3084
3582
1549
7023
1549
66
5205
8548
8559
8548
648
8548
655
8548
9486
8775
994
5552
8101
5552
1275
1370
5318
1370
2575
5473
5476
4295
5349
4295
1197
8718
1707
1719
9528
1719
9649
8499
7614
5722
7590
5722
1396
1498
3781
7828
2318
2317
2307
2317
822
829
809
829
7608
4832
9417
4832
2417
2421
1728
8769
5793
6784
2955
6784
1298
1313
342
435
165
435
273
435
12
1375
8727
2656
8646
759
766
765
766
9643
3842
7558
8021
1566
1596
1602
1596
9193
3486
9614
3486
3771
3486
9488
9096
2818
2919
2804
2919
2124
4743
2161
4743
8959
9671
9685
9671
731
9671
7988
9671
9374
7421
8499
7421
9635
7421
1418
8201
9163
7825
9651
7825
9173
7825
7346
7825
517
8858
2937
7317
2553
4804
7583
4804
8340
4513
1222
1251
1238
1251
1664
1784
1788
4682
9321
3588
252
415
334
415
1014
4349
1030
4349
485
8545
2560
4298
2328
6034
9477
8715
9749
491
1491
1495
8334
7710
2935
2979
8333
8284
6925
8284
2295
2325
3647
5912
3615
5912
9157
7328
3601
7328
7856
7328
8937
7328
4005
6623
5364
6623
1050
5569
1060
5569
5292
7773
5292
7773
4150
4636
1568
1572
1553
1572
3962
3960
780
802
5482
4799
2596
4799
4652
6839
9465
6839
217
218
128
218
9471
4848
1452
4848
3006
7852
2489
5517
8826
9104
8683
4256
2260
4256
5635
5626
9493
5626
3195
5747
7095
5747
3414
3415
2149
8106
2678
2679
2627
2679
9603
9156
3763
9156
1133
9156
3306
4538
3173
4538
1368
1381
7060
1381
6895
5611
8719
5611
3823
1277
7867
1277
3822
1277
9570
1277
1828
8164
9371
2352
1483
8131
1301
1335
7952
2273
3673
6074
8085
6074
5707
6637
5416
6637
2577
2591
2313
2591
9712
9367
606
9367
7482
9367
3295
6575
2251
9283
1561
1555
1548
1555
5309
1054
1042
1054
8819
1054
8823
1054
3142
3139
3081
3139
7006
6257
2889
6257
8127
5528
3999
5528
9308
8532
703
7870
9072
6361
2648
6361
1991
3608
2200
7722
3390
3393
3172
3393
3092
3132
640
7473
3544
7473
2000
5920
8676
5920
959
4335
971
4335
2305
4277
9259
7552
5003
7552
8134
7552
4645
7552
4653
7552
2025
7552
1495
7552
3608
7552
6832
7552
4596
7552
9410
7552
3347
7552
2156
7552
9273
7552
1463
7552
9282
7552
4519
7552
3028
7552
4102
7552
6710
7552
1924
7552
2271
7552
5476
7552
2885
7552
3267
7552
2212
7552
2336
7552
2786
7552
6580
7552
6594
7552
5801
7552
5469
7552
3168
7552
5435
7552
3095
7552
2141
7552
4299
7552
4607
7552
8228
7552
4522
7552
3233
7552
6879
7552
2245
7552
2769
7552
1894
7552
3369
7552
4276
7552
2987
7552
6120
7552
1493
7552
5756
7552
1700
7552
9249
7552
4159
7552
2285
7552
5085
7552
3158
7552
3196
7552
2584
7552
2947
7552
1960
7552
9339
7552
1781
7552
4178
7552
3070
7552
5349
7552
1210
4381
1212
4381
511
3544
1538
1536
8539
7953
8539
3460
7690
8393
5325
627
628
3023
6214
7621
6214
7717
8304
8313
8304
8312
8304
8270
7151
6922
5892
1952
5892
7695
4054
8297
4054
4556
4555
2912
3531
3072
3531
2028
3531
4263
3531
1757
3531
8665
3531
8684
3531
4567
3531
4749
3531
3115
3531
4301
3531
8235
3531
8213
3531
2290
3531
2510
3531
8674
3531
8261
3531
8187
3531
5854
3531
4652
3531
9465
3531
6655
3531
8706
3531
2243
3531
2790
3531
5359
3531
4000
3531
4296
3531
2753
3531
9278
3531
3634
3531
1777
3531
4004
3531
5470
3531
9478
3531
8252
3531
3338
3531
8670
3531
8263
3531
8203
3531
2615
3531
6558
3531
5363
3531
2478
3531
2217
3531
8232
3531
8204
3531
6685
3531
8677
3531
5478
3531
2488
3531
8707
3531
8236
3531
4205
3531
3130
3531
8705
3531
2692
3531
4003
3531
1842
3531
2535
3531
2349
3531
6126
3531
8210
3531
8247
3531
8678
3531
8675
3531
8788
3047
9495
3047
2988
3047
1904
9098
5855
3506
2753
6276
2692
6276
2376
3802
2375
3802
9086
3802
8801
3802
941
960
2856
2851
2759
2851
2930
4572
9537
1636
9533
1636
1637
1636
8852
1636
526
8810
8800
22
23
516
8856
4232
5980
2259
5980
8193
4784
8111
4784
616
617
1239
1256
1238
1256
1691
1804
7709
6832
5814
6832
7823
5273
3197
4495
8222
4495
9082
5591
6906
5591
8319
8299
1253
1298
1299
1298
9089
8787
9087
8787
1344
1349
1712
2611
747
8348
9116
8348
2484
5352
2362
2528
2530
2528
488
7525
497
7525
700
7525
5237
9380
8510
9380
9166
9380
9232
8983
3074
3644
2943
3644
8219
3644
8122
3644
8170
3644
8096
3644
8100
3644
8191
3644
8246
3644
7140
3644
8103
3644
1892
3644
5403
3644
8244
3644
8093
3644
2792
3644
2652
3644
1846
3644
5708
3644
2053
3644
8218
3644
8227
3644
1838
3644
5398
3644
8254
3644
1476
3644
8142
3644
8126
3644
2714
3644
5838
3644
8157
3644
8176
3644
8180
3644
2837
3644
4123
3145
6579
3145
4122
3145
3101
3145
2765
6665
5832
6845
4655
6845
4165
1848
9524
1848
4170
1848
4708
6860
2320
2569
2594
2569
1684
1799
2986
6662
3032
6662
7009
2626
1613
2626
8533
2747
8991
2747
7470
2747
3617
2747
1633
1682
1696
1682
6892
5679
8720
5679
2290
4251
2243
4251
1411
3202
3209
3202
1325
8693
4507
6140
3379
6140
1425
1513
2522
2517
2359
2517
7678
7154
8767
7154
7165
7154
6126
8086
704
9158
703
9158
7956
9701
8985
9701
477
35
34
35
4153
1743
1706
1743
7126
4313
8064
4313
3119
7626
7034
7747
2989
2990
2922
2990
2073
2154
495
7517
7523
7517
9139
3829
7147
5971
2253
5971
1732
1860
2778
4596
5839
6848
5834
6848
3239
9053
831
842
1750
1845
292
390
174
390
9682
3766
3740
3766
3739
3766
7898
3766
8755
4839
8754
4839
3945
3022
7778
3022
3260
3286
3259
3286
8034
6799
2814
6799
2002
7569
2494
2525
140
141
1494
7528
2881
2882
7164
2882
5049
2882
3489
3099
9650
3099
3082
3099
9159
3099
2898
2943
6930
6009
4748
6009
3940
3148
3939
3148
3162
3148
3098
3148
7920
8484
9662
8484
5817
6668
1827
6668
3134
9483
3195
4498
1474
4498
7415
573
6682
4719
2046
4719
1252
1295
1290
1295
8662
4370
8680
4370
1594
7611
3317
5767
5421
4549
5780
4549
7833
8345
7927
9371
8193
6597
3476
652
2623
8241
7742
9389
1278
5317
9601
9124
8878
9124
2882
6804
8078
6804
3100
3166
8845
3166
8380
3166
7038
3166
31
32
478
32
1812
1832
8520
9193
3118
5421
9485
4456
7175
3229
3220
3229
8783
3229
7206
3229
27
474
333
474
1932
6457
6966
6457
9531
5328
3436
625
2678
8332
2106
2151
2107
2151
2688
2690
2645
2690
4105
5710
1506
5710
3017
4558
2433
2473
2476
2473
1287
3605
2680
3605
8106
3605
8693
3605
2739
3605
5748
3605
6122
3605
1501
3605
4750
3605
4091
3605
4236
3605
4663
3605
3969
3605
1176
3605
3068
3605
1529
3605
9440
3605
4080
3605
3606
3605
3217
3605
3497
3605
8217
3605
1331
3605
3498
3605
6880
3605
1471
3605
3269
3605
1389
3605
5420
3605
2007
3605
6656
3605
2621
3605
1747
3605
3041
3104
2663
2722
7040
5994
2218
5994
243
425
450
425
972
4338
957
4338
2528
2552
1403
1477
1465
1477
1419
1535
1277
3925
1399
3925
1836
8032
3037
5028
2998
5028
7255
2432
5216
2432
2443
2432
7259
2432
2083
2093
2077
2093
6968
7404
889
4038
902
4038
8362
9535
5325
9535
7791
9535
8211
6294
5004
6294
1200
6895
1232
8147
1488
5706
8075
4821
7599
4821
1675
1898
1950
1949
1883
1949
5765
4935
3386
4935
5740
4877
3370
4877
207
208
2633
2686
1080
1097
1099
1097
6885
5017
3068
5017
8144
5731
7659
5731
48
51
50
51
2854
2864
8372
3170
9572
3170
3935
3170
7835
3170
3044
7178
1968
4741
2079
4741
2190
2237
2170
2175
2171
2175
3458
6191
8740
4460
8692
4460
7776
1233
1132
1233
8953
9643
8962
9643
8963
9643
1164
1218
2768
6309
2796
6309
8946
7399
789
7399
1296
8219
200
258
283
258
3479
8418
9113
1539
7448
6964
7448
9146
9566
2051
5439
3523
5439
8166
4366
1257
4366
2435
2445
2444
2445
5314
1442
1427
1442
6913
4078
7160
4078
1229
4078
1340
4429
1365
4429
1281
8045
5255
3873
3798
3873
2275
3873
3799
3873
2877
2901
2897
2901
3953
3952
33
3645
6534
982
995
8236
6367
8705
6367
9336
8939
9706
8939
4116
3290
3377
3290
8320
3290
8329
3290
5820
5115
1842
5115
8202
6271
2797
6271
2181
2223
2180
2223
4391
5614
8717
5614
5399
1227
7551
1227
1184
1227
811
4013
827
4013
2636
4600
1853
1856
9670
3770
9698
3770
2936
2986
3181
3322
3397
3322
6055
6703
4289
6703
1516
7630
6955
688
1317
8090
2035
4193
3376
8751
8384
3181
3179
3181
3836
3181
9516
3181
1589
2630
2624
2630
3399
6136
4893
6136
1692
1701
684
685
797
8521
73
74
1749
5118
1862
5118
2782
7223
4555
8122
4991
8122
8768
8122
8246
4913
8126
4913
7448
9654
7432
9654
9669
9654
5859
6856
4668
6856
1170
4075
22
4138
4137
6916
5052
4581
5052
6957
9218
9574
8825
1490
8048
2833
4574
1034
1049
3305
4973
3167
4973
963
998
984
998
3003
7999
1209
1215
2093
9410
2396
2399
88
7591
5127
1793
5127
2533
8607
1452
8607
1527
8607
585
7445
2447
2448
8333
1260
7221
1260
8337
1260
1261
1260
9391
7175
8842
7237
559
7237
3445
2178
530
2615
5197
1842
5197
2219
5976
4223
5976
942
956
1625
1640
1624
1640
1878
3781
7019
3510
238
239
2733
2793
8058
6280
2752
6280
1549
3563
1564
3563
9128
3917
1228
6898
3978
3977
903
4035
877
4035
3093
7093
7442
7432
754
9035
7859
1895
8408
1895
7298
1895
3856
1895
2385
2404
8496
8916
8940
8916
9678
8916
8488
8916
9189
8916
1797
5133
5835
5133
7043
6949
7709
7686
673
7942
8814
5384
7200
5384
5382
5384
6118
4938
5766
4938
1947
3451
1964
3451
3166
4123
6570
4402
5631
4402
8684
5916
8674
5916
3325
3347
3930
3928
145
7633
6489
9293
6489
7214
1664
9488
1664
1657
1664
3094
5025
3061
5025
4144
9344
5473
9344
3131
9344
2551
9344
1786
9344
9254
9344
2641
9344
3649
9344
4606
9344
7006
9344
4695
9344
6118
9344
4654
9344
2026
9344
4613
9344
1849
9344
5753
9344
1452
9344
2270
9344
2142
9344
4290
9344
8773
9344
2240
9344
4534
9344
1699
9344
3678
9344
1987
9344
2982
9344
3264
9344
2218
9344
2600
9344
3199
9344
2335
9344
1341
8004
1751
4173
1741
1681
1644
1681
7145
4252
6903
4252
1464
3201
8054
3201
2800
2825
3700
2825
1108
1113
7854
1113
3760
1113
9648
1113
8480
6540
8920
6540
8469
6540
3821
6540
7646
6661
2985
6661
8522
7919
9661
7919
8526
7919
909
918
892
918
9607
9596
3630
8486
7435
8486
5448
2117
5447
2117
7733
2117
2066
2117
8864
8827
2734
4594
7032
7033
1397
4095
8909
3764
147
319
365
319
250
319
975
978
3294
3284
3259
3284
696
7979
3094
4993
5780
4993
4075
5620
9400
5620
7151
1923
6878
1923
7635
1923
5448
5447
5448
5447
2413
7125
3802
2379
2373
2379
9549
3715
9151
3715
6926
5958
4207
5958
2484
5351
3040
7624
2089
2128
1712
2612
134
310
294
310
214
310
9239
3545
9718
3545
699
8588
2074
2156
1217
9023
1584
1589
3563
1589
7101
5592
7593
5592
7399
927
7883
927
2189
2198
2183
2198
3852
8415
5815
6831
7686
6831
4637
6831
6976
7195
6649
3106
3046
3106
3491
3106
6734
5177
8234
5177
5236
5235
4234
5996
4237
5996
2221
2249
2105
2249
3442
9604
3193
9604
8912
9604
188
463
175
2248
4225
2274
3801
7316
3801
2856
2852
2759
2852
2840
4571
2845
6300
4614
6300
7015
7018
8501
7410
1981
2015
2776
2773
2707
2773
2009
5891
6987
5891
3165
9037
1831
1875
1886
1937
1917
1937
6022
7073
8106
7073
3605
7073
5748
7073
9409
7073
9460
7073
3595
7073
1501
7073
3710
7073
4750
7073
9267
7073
3969
7073
3068
7073
3624
7073
1270
7073
3647
7073
3508
7073
3714
7073
4532
7073
3217
7073
1890
7073
3429
7073
4644
7073
2651
7073
6880
7073
1471
7073
4238
7073
3269
7073
5420
7073
2844
7073
2007
7073
9455
7073
1865
7073
3615
7073
3024
7073
1747
7073
7680
6878
8302
3532
2468
3997
3948
2870
4141
2870
2868
2870
9241
8954
2593
8139
1123
1138
8818
8811
221
360
301
360
2378
7152
919
933
1983
7027
9401
7551
4079
7551
1606
4609
185
186
4390
4382
5402
4382
512
9387
7721
2844
6806
6656
6806
3103
3164
3162
3164
3092
3131
1507
4443
1512
4443
1497
4454
8659
4454
7347
8833
524
9243
9240
7981
9240
155
156
8134
4786
5476
4786
2528
2551
2020
2027
4275
6057
4279
6057
2226
4217
7618
4217
9448
3339
8625
3339
1255
1254
1250
1254
7804
1023
1009
1023
2016
9303
1818
1806
1695
1806
2663
2721
9676
1878
9665
1878
7392
1878
6963
1878
9416
9454
5208
3504
81
9338
6937
4075
6937
6914
6937
4438
6937
6571
6937
4089
6937
3912
6937
4073
6937
1802
6937
1621
9537
8202
6274
8669
6274
7386
6875
6535
6875
9395
2073
2065
2073
1113
1135
1134
1135
8447
9341
5241
9341
9647
9341
3851
9341
9631
9341
2677
8331
2070
2152
4905
4897
3513
4897
8806
1077
1074
1077
5308
1077
7345
8427
9548
3559
9537
1634
3850
1634
3849
1634
4179
1634
9542
1634
8852
1634
4229
4228
4229
4228
8336
8306
3902
5390
9078
5390
3500
9429
8696
6216
9054
6216
7051
9715
7875
7015
9645
7015
9617
7015
7381
7015
1064
4056
8652
4056
1962
2018
3637
9452
2367
2410
2366
2410
8341
9084
9100
9084
7185
2195
2187
2195
5297
2195
8790
2195
1806
1831
1819
1831
3960
1670
9566
1670
8872
1670
7054
1670
1382
1419
1514
1419
9574
7198
7242
7198
1114
8418
896
8010
9495
5422
5240
5238
3733
3298
8242
5268
7249
541
5213
7490
5213
7489
5213
8570
5213
7488
5213
1583
2624
4145
2624
9421
3499
4466
7612
7001
3718
2408
7128
649
651
3608
5955
9282
5955
7581
6923
8057
6923
3703
6923
7127
6923
4252
6923
7612
6923
4297
6923
5740
6923
7104
6923
9419
6923
5474
6923
5484
6923
2092
6923
4241
6923
9464
6923
4623
6923
7627
6923
9463
6923
3026
6923
1988
6923
1830
6923
2046
6923
7123
6923
4690
6923
2094
2125
7887
7379
7886
7379
7238
9523
2309
7156
8266
8084
284
124
8023
3548
637
8585
8887
8433
7924
9657
5233
9657
801
3893
783
3893
1998
2033
9652
2817
9157
2817
7856
2817
8937
2817
7411
2817
7402
2817
1403
4098
1026
1037
1036
1037
945
975
967
975
285
106
8794
4149
2856
2881
3078
5783
2963
3021
3020
3021
901
915
1726
7117
3727
3670
3646
2901
4580
831
841
7616
5972
3518
5972
9322
707
171
172
2822
2828
2823
2828
8635
5515
3989
5515
3390
3321
3171
3321
8216
3417
8220
3417
7657
3417
8258
3417
2052
3417
8110
3417
8164
3417
8139
3417
2152
3417
8242
3417
8181
3417
8099
3417
8683
3417
8211
3417
7658
3417
8257
3417
8703
3417
3109
3417
8739
3417
7139
3417
8128
3417
8761
3417
8704
3417
8748
3417
8763
3417
8700
3417
7668
3417
7661
3417
8689
3417
8163
3417
7667
3417
8028
3417
8133
3417
5004
3417
7650
3417
8722
3417
7663
3417
8144
3417
8743
3417
8193
3417
8149
3417
8742
3417
7656
3417
8729
3417
1717
3417
8138
3417
7020
3417
8183
3417
7659
3417
8165
3417
8245
3417
7666
3417
3413
3417
8174
3417
8130
3417
1380
3417
8111
3417
8158
3417
8750
3417
8114
3417
8189
3417
8688
3417
8231
3417
2260
3417
8179
3417
7664
3417
8723
3417
2695
2739
9040
5745
7589
5745
1678
3650
5334
7833
2834
4576
206
207
3034
6779
3056
6779
2756
6272
2798
6272
4132
3079
3085
3079
2877
2902
2906
2902
7351
3951
4758
3428
3427
3428
7860
1557
7848
1557
7344
1557
7849
1557
2532
2553
5003
6255
2947
6255
6394
6854
4662
6854
8430
1275
3825
1275
9376
1275
1320
1337
8284
7160
5314
1441
1427
1441
9052
4478
8692
4478
591
593
1512
6635
4438
6635
1875
6383
4643
6383
9402
6577
4511
6134
4504
6134
2297
2333
2298
2333
2101
5914
4195
5914
2351
7315
9145
7315
92
329
352
329
258
257
457
257
3873
2318
2278
2318
9152
7827
8881
7827
5323
7827
1614
7827
8331
9514
5965
4742
4204
4742
9532
1666
6679
1666
1665
1666
9363
9718
9243
9718
644
9718
3458
6192
980
8006
1082
4060
7122
4060
4106
5732
1448
5732
3343
8728
1563
1729
7248
1729
5262
2406
5263
2406
3879
7684
7740
8310
1081
5386
3901
5386
2995
6220
5005
6220
952
954
951
954
6961
1323
1306
1323
3767
1323
5227
1323
3594
3039
3887
3039
7738
8770
2037
9273
170
173
2434
2431
5219
2431
5221
2431
7251
2431
8208
4822
7647
4822
275
471
163
471
2294
2327
7315
7818
9598
7818
9158
819
808
819
7484
8547
626
8547
7485
8547
7678
8031
8767
8031
1094
9068
2462
2493
2463
2493
1821
1810
1805
1810
1396
1497
1197
8717
5481
4790
2579
4790
9259
5974
2212
5974
2721
6810
2756
6810
8308
8781
728
7493
3300
3373
9723
3587
681
3587
7962
3587
7963
3587
2821
2929
2878
2929
2469
3452
5630
4401
6569
4401
4000
5533
2478
5533
2560
4297
3769
7941
7954
7941
3186
4523
9651
9163
9651
9163
7048
7327
2850
2866
1369
7815
7944
7431
7946
7431
8562
7431
8709
6089
9299
6089
9613
8948
8952
8948
133
134
5003
6296
2885
6296
3844
3843
3844
3843
5230
7406
5203
7406
1120
8725
7280
9574
9114
9574
7281
9574
7561
5704
7571
5704
3783
3782
2629
2684
86
87
7425
7318
2143
6000
2155
6000
5517
6613
3991
6613
2314
2315
2307
2315
5737
9014
7005
9014
3049
3110
8311
8279
2931
2984
8341
8785
504
8785
3826
1278
1369
1278
8389
1278
7780
1278
3136
4537
7592
4475
7103
4475
3510
5293
3510
5293
8745
2160
7355
7333
9567
7333
2802
7333
9581
7333
8736
6638
8713
6638
3422
3425
1212
5616
1201
5616
1847
1854
2973
7553
6665
5051
2887
5051
5800
6258
6654
6258
3995
5527
2505
5527
9603
8490
1655
1779
3378
8121
3216
4847
3235
4847
3903
9401
8855
9401
3910
9401
7237
6536
7241
6536
5222
6536
3437
6536
744
9246
2664
8673
3181
3182
3138
3182
491
8522
490
8522
1350
5699
8659
5699
2490
5518
3993
5518
1682
1702
9102
1702
9526
7739
4390
4364
1198
4364
2315
8752
8425
3243
8875
3243
8448
3243
8402
3243
8420
3243
8424
3243
3275
5748
7525
8946
514
7386
512
7386
4196
5930
4748
5930
8249
6472
1892
6472
7055
5684
1390
5684
2386
7732
3058
3122
3133
3122
8926
2704
8922
2704
2606
2704
116
1260
3521
7840
1364
1329
1364
9314
1908
8181
5840
4702
7675
4702
370
114
113
114
8668
3751
8672
3751
4580
6224
4570
6224
7116
6071
7596
6071
4130
3090
8325
3090
3085
3090
3212
5315
9522
5315
8389
5315
7780
5315
7296
5315
3827
5315
8562
618
6192
6790
4573
6790
7364
3607
2516
2533
1459
1475
8556
1537
1536
1537
2304
4278
2768
6822
2718
6822
2926
2999
1922
6455
8634
6455
3522
746
3482
627
3052
3048
2992
3048
3097
9473
354
338
298
338
9097
8799
9498
8799
7738
8799
5739
6109
5736
6109
516
3475
659
5472
4779
7652
4779
3545
8563
640
8563
7497
8563
9524
1847
1837
1847
769
782
7935
8510
163
164
7299
7793
816
843
8630
843
3556
9248
9553
7745
9553
7745
9724
9720
9727
9720
9657
9379
5283
2748
2745
2748
2949
2748
3601
2748
3733
7515
3145
5762
7188
2699
7195
2699
2644
2699
9408
2699
2511
2518
1253
1297
1299
1297
3010
3004
3947
3004
6549
3004
7215
3004
5315
1401
7250
1401
1279
1401
4099
1401
3481
633
3814
8347
7767
8347
7763
8347
2292
6595
7471
9365
9700
9365
8255
6094
9047
6094
3316
5765
7893
8451
5859
5160
2012
5160
2181
2293
2321
2293
8759
4854
3236
4854
2898
2942
9521
8863
9521
8863
2517
2527
2464
2527
1973
2051
1526
1523
1438
1523
1714
2616
9541
3819
1007
5553
8143
5553
9736
7051
9719
7051
8574
7051
8573
7051
3511
7527
2637
6667
2252
7616
3141
3147
3102
3147
3955
3954
911
4323
895
4323
7262
6649
5423
6649
3464
6649
9149
5333
7585
4497
9040
4497
2968
3032
2578
6598
1859
6403
5828
6403
3792
7293
3797
7293
2172
7293
3321
5768
3871
9143
202
203
2583
6080
2600
6080
226
227
1381
7748
1908
4666
362
359
209
359
8334
5739
6572
5739
1682
1742
9529
1742
5287
2745
3239
7699
3735
7518
2775
8170
2517
2515
2461
2515
194
5238
7864
8479
7864
7903
7864
5239
7864
9633
7864
4656
6847
1864
6847
3566
9397
3649
6496
2126
6496
7010
4729
6947
4729
1045
1060
1654
5431
1810
1822
7930
7901
8511
7901
3951
5327
3843
5327
3844
5327
4705
6458
1958
6458
2988
3045
2969
4557
3194
9390
963
951
949
951
8577
8973
788
8973
4063
7533
4057
7533
8780
8777
1515
9066
9217
9613
9207
9613
6551
1790
3846
1790
3847
1790
3618
1790
7404
8479
8935
8479
3917
1478
8836
1478
6538
1478
1434
1478
1498
4441
1513
4441
956
4337
973
4337
5633
4810
5631
4810
3715
3219
3212
3219
9522
3219
7296
3219
7335
3219
3985
5493
3989
5493
2319
4275
2310
6040
2332
6040
338
320
149
320
9525
6556
12
481
482
481
3282
8322
7624
6212
7621
6212
3828
5318
8896
5318
9557
5318
9154
5318
3723
615
723
7986
2725
6336
2687
6336
2380
2386
551
2386
7022
1576
1554
1576
2675
2732
2730
2732
222
309
215
309
1489
7704
7716
8290
9540
5406
9197
3841
8498
3841
3772
3841
1555
1580
1581
1580
1811
8286
6908
5410
3912
5410
3028
5018
3070
5018
1379
8022
8673
6340
2683
6340
9582
3915
2123
9553
8726
2390
2190
2238
3293
7177
8365
7235
7260
7235
9407
7235
3485
7990
5706
4831
4457
4831
4274
6036
4262
6036
2655
5195
2622
5195
2195
6560
3881
2422
2424
2422
3325
3345
2554
4806
7153
4806
7589
5721
7590
5721
719
9003
373
291
2997
5027
8082
5027
1663
1786
969
5551
994
5551
4187
1897
1680
1897
1679
1897
6949
5152
1858
5152
6072
9041
3596
9041
1320
8148
7079
3484
8020
3484
8418
1149
305
202
269
202
618
7943
1541
7943
7499
7943
3976
3975
8642
4037
902
4037
7696
4878
3360
4878
7746
8807
1080
1098
1099
1098
3087
8099
8507
7882
8514
7882
882
893
892
893
2842
5073
2741
5073
4730
6500
9500
6500
2723
5803
1042
1056
1057
1056
7693
6368
1193
1228
9512
1228
7698
1228
3207
8229
7428
9624
1192
8166
3706
687
1311
4419
9043
4419
9291
6076
2557
6076
3927
3241
3224
3241
9383
3241
5319
3241
1777
4670
8204
4670
1455
7592
850
4023
864
4023
2270
4254
2228
4254
125
126
1199
1217
8051
1217
8737
2213
7881
7351
6907
5624
4077
5624
2935
8104
3736
7447
3368
8605
2479
8605
5754
8605
9189
8940
3624
5125
1865
5125
2581
6993
3578
6993
8089
6993
8076
6993
4664
6993
8650
6993
8079
6993
4298
6993
5352
6993
2882
6993
2404
6993
3452
6993
2684
6993
2620
6993
8058
6993
3886
6993
2752
6993
2047
6993
2132
6993
8065
6993
8061
6993
7613
6993
4189
6993
1955
6993
7094
6993
2598
6993
3117
6993
2021
6993
8063
6993
2269
6993
2311
6993
7628
6993
7617
6993
2209
6993
8088
6993
3984
6993
2449
6993
2843
6993
2997
6993
2101
6993
5360
6993
2654
6993
8078
6993
2954
6993
8056
6993
8060
6993
9042
6993
7615
6993
4195
6993
7609
6993
1918
6993
5475
6993
8070
6993
8081
6993
3885
6993
8069
6993
2162
6993
8091
6993
1753
6993
7610
6993
8092
6993
2050
6993
5837
6993
2538
6993
8082
6993
1873
6993
7600
6993
2907
7620
4635
4634
746
8831
6917
4077
4136
4135
3184
3332
6188
5033
2995
5033
3934
3933
614
8531
1098
8047
7201
2620
1710
2620
1967
1993
1966
1993
2742
4138
2652
6362
2685
6362
453
446
954
997
3147
3304
2016
6474
220
330
2606
3539
3603
1454
8397
1454
1371
1454
7788
1454
5878
5156
1931
5156
9323
3925
1443
5314
1443
2591
2592
2587
2592
3916
1382
1351
1382
2430
2447
6122
4923
3429
4923
164
414
448
414
273
414
977
5379
4042
5379
2642
8393
884
8608
895
8608
1766
8608
3871
2351
7480
2351
6982
7213
1579
1609
1578
1609
3049
8132
4072
5612
1803
5128
1862
5128
5242
7851
8900
7851
6530
7851
2649
6365
2681
6365
1852
5117
1748
5117
5331
1571
1553
1571
9335
8506
7480
9598
9145
9598
8435
9598
2087
9409
1172
1225
780
801
4712
5911
2030
5911
1191
8145
8432
9541
8429
9541
9296
8644
7161
8644
1262
6897
2279
3978
520
8834
764
9179
764
7413
764
5764
4937
3356
4937
9308
9337
8643
4875
3513
4875
1076
1095
1090
1095
216
217
743
750
751
750
1565
1594
1598
1594
2291
9254
1033
9503
3243
3927
2690
4589
3351
3348
3341
3348
9317
492
6575
3299
6577
3299
6576
3299
3248
3299
4571
6786
8140
6786
7801
2235
5248
2235
7312
2235
9578
2235
3911
1252
1250
1252
2185
2177
3628
2177
7015
5249
3590
5869
3691
5869
1880
7238
7285
7238
7288
7238
7777
7238
7649
4681
3060
3086
3020
3086
8769
5198
6414
5198
7721
3693
7011
3693
2043
3693
4704
3693
2697
8202
7428
7422
1165
1173
1160
1173
3425
6153
3384
6153
9050
5015
8140
5015
6927
3918
7412
7390
2157
5926
2112
5926
4114
4113
360
222
124
222
1812
1834
4537
6182
3520
6182
4087
8072
6888
5068
2944
5068
2860
6243
3512
6243
8108
4863
8107
4863
1573
1606
9563
1606
7735
1606
8281
7674
495
8471
494
8471
3883
5376
2382
5376
1923
5159
1897
5159
1143
1162
3817
1162
3644
3536
8751
3536
8764
3536
8136
3536
8249
3536
8246
3536
8671
3536
8093
3536
2053
3536
6904
3536
8664
3536
1148
3536
8173
3536
1775
3536
6910
3536
8142
3536
8180
3536
8194
3536
8818
9101
4664
6425
1753
6425
3830
3258
3928
3258
3243
3258
3929
3258
4108
8334
1159
9512
2644
2700
2688
2700
1162
1165
1163
1165
5333
1631
8421
1631
9621
1631
5288
1631
6541
1631
9131
1631
52
274
53
274
7926
8509
1488
1508
541
5475
4780
8092
4780
2257
5984
2210
5984
659
660
2552
4305
2539
4305
1829
8055
3163
3638
485
8554
8557
8554
7396
9161
6533
3867
7324
3867
3188
3613
2926
3000
3267
6110
3233
6110
8371
7761
6576
3296
6574
3296
3247
3296
7620
6789
9324
6789
2145
9260
9247
9736
688
9736
5226
9736
814
824
6192
4586
6997
4586
1576
1714
1575
1714
2355
2357
7289
2357
7282
2357
8398
2357
543
8494
2252
2261
3717
9349
1955
5866
1918
5866
3021
3089
3077
3089
9231
1544
7482
1544
607
1544
1302
1353
8037
1353
9332
5214
5246
7918
5246
9409
5929
4750
5929
8286
6373
1843
6373
1594
2641
6589
6587
38
39
476
39
1256
1285
7781
1285
658
7957
8169
6452
8710
6452
3271
4488
7486
9368
599
9368
7464
9368
3393
7641
8347
8289
8816
2974
8835
2974
2975
2974
502
8786
2388
8786
5310
1288
8311
1288
6938
5601
8719
5601
251
2336
4771
6594
4771
7655
4485
8681
4485
511
7261
2331
6039
2312
6039
7373
7357
996
4344
1006
4344
1695
1789
1658
1789
689
9245
5630
4809
5635
4809
3226
3220
7752
3220
8390
3220
9510
3220
8397
3220
805
812
8485
8480
2827
2914
2073
8096
201
448
275
448
3157
4967
3111
4967
9697
9688
7457
9688
9704
9688
3257
3192
3707
3192
2201
8683
7
8
286
8
1144
1146
1110
1146
1489
1505
5310
8226
3716
8226
9129
9630
9144
9630
7350
9630
2510
4308
8252
4308
2667
8058
7715
8058
1045
1059
2791
5062
2872
5062
2093
4730
7246
3134
3123
3134
4128
3134
4117
3134
7468
3635
3503
3635
3289
3383
5966
3577
9579
7853
9588
7853
7906
7853
8920
7853
7414
7853
3253
5740
8716
6428
8697
6428
2042
5902
2019
5902
2586
6079
2549
6079
8235
5461
6558
5461
7644
4416
7648
4416
3243
3255
3219
3255
1123
1168
8043
1168
1667
8169
8314
7700
8038
9012
57
58
3793
3792
3793
3792
2626
2674
2673
2674
3047
6650
3253
3272
1648
3963
6552
3963
3849
3963
3819
3820
8410
3820
1240
3820
8400
9562
2620
6834
7617
6834
197
232
233
9614
8934
8520
8934
7124
6417
2618
6417
2798
5065
2874
5065
7130
4794
7149
4794
5333
8857
8422
8857
8421
8857
3669
8857
1739
8857
9131
8857
7118
5564
8074
5564
7120
6321
7603
6321
2852
8211
2941
5187
3660
5187
2971
2972
2820
2972
1119
7619
3554
1203
5612
1203
7170
1203
4632
5828
4160
5828
7163
2207
3683
2207
293
401
122
401
1993
4711
1037
3816
145
354
365
354
6022
6021
1538
7467
9001
7467
8365
2783
7794
2783
2296
4263
8136
6727
5708
6727
4514
6646
5419
6646
1105
5394
1115
5394
1727
5817
7672
4905
7137
4905
3292
7696
1542
7924
7932
7924
9690
8917
7828
1885
1879
1885
7364
1885
3780
1885
2041
5881
4191
5881
1909
4669
4111
5736
7157
5736
9041
7083
3981
7083
8770
6888
7231
6888
9187
9622
797
7434
3604
4420
8738
4420
5300
4008
5299
4008
2015
4726
2030
4726
4648
4647
2900
2955
9225
8982
9226
8982
8635
6718
2582
6718
9410
6499
2141
6499
852
861
860
861
2907
8230
96
7784
6548
1219
4392
8663
4392
9688
9682
8942
9682
7907
9682
484
695
7498
695
1673
1691
1690
1691
1117
1150
4184
4183
6122
6757
5769
6757
3291
6733
1963
8100
7929
9685
5226
9685
3757
9685
9320
9129
1483
3216
1130
5267
3762
5267
7880
5267
8934
9595
9654
8476
4007
5371
2411
5371
9172
9384
5279
9384
3840
9384
2305
7658
9161
9152
8931
9152
1601
2655
981
988
3255
3274
3295
3274
7989
4733
6504
2129
6504
232
2201
6559
2630
2672
1370
1412
7751
1412
9499
1412
3923
1412
9595
3057
3833
3057
3082
3057
9586
3057
9475
5409
8647
5409
656
8578
905
4044
913
4044
1555
1579
7022
1579
1150
5582
8119
5582
8147
5643
6918
5643
7028
6961
8961
6961
2388
2389
4608
6339
4624
6339
9320
1021
8074
766
8637
3522
8575
9728
8575
9730
8575
717
8575
9731
8575
7355
9567
7355
9567
1383
1424
1421
1424
8224
4944
3336
4944
1928
1961
4512
6164
8694
6164
3961
8872
4505
6131
4516
6131
9599
7389
2136
8257
9336
6532
7923
6532
8958
6532
221
223
459
223
8220
5870
8163
5870
984
985
950
985
5251
5250
9592
8361
8392
8361
7795
8361
2868
2891
2906
2891
7177
7672
9232
9221
8304
4107
566
567
2697
4590
4174
5852
4663
5852
157
371
1515
7655
3340
5773
6124
5773
2665
2658
1611
2658
3281
3300
3248
3300
8589
698
490
698
518
519
3233
6106
3196
6106
2632
4622
750
753
1755
1757
9246
749
3466
749
8342
749
2925
2996
9103
9482
7766
9482
7759
9482
2853
8034
2899
2958
4297
6715
2580
6715
3718
9732
3753
9732
7983
9732
8665
4776
8677
4776
8437
6545
3471
656
8246
4908
8671
4908
1055
1087
2694
2696
2643
2696
3775
7912
7945
7912
9492
8623
8237
8623
8150
8623
1817
5103
6985
5103
83
300
7279
2434
9120
2434
1674
1888
2423
4005
6886
6885
6664
6284
4592
6284
48
449
257
235
7211
2083
2075
2083
2433
2467
2474
2467
7492
3661
9298
3540
9298
3540
7222
1610
7735
1610
1578
1610
7743
1610
1453
1463
955
5380
4051
5380
148
149
1580
2619
7587
5825
3031
6201
3061
6201
4148
7207
7704
4463
1422
4463
1606
4610
1292
5658
1310
5658
1230
8662
3091
3153
2938
2926
2880
2926
8918
7371
5235
7371
1586
7371
9674
7371
9168
7371
7811
7267
8096
4757
2254
4757
671
677
7501
677
734
735
2764
2869
8265
6086
1534
6086
5469
6693
4276
6693
2972
8140
7773
1944
8409
1944
7049
1944
3252
7643
3153
4961
3167
4961
5081
6348
4612
6348
1116
9020
1094
7582
8195
6299
2845
6299
7449
7409
8927
9580
1004
1005
986
1005
4134
2911
4136
2911
2910
2911
2568
8665
202
452
362
452
2235
2250
2062
2250
8825
4087
1364
4087
7242
4087
8353
4087
3364
3365
2374
2380
553
2380
2323
5467
6561
5467
9121
9109
3563
1590
1229
8276
1229
8276
7524
3753
683
3753
9341
1622
1618
1622
4077
5619
4076
5619
7201
7187
637
7980
685
7920
735
7920
9287
7920
3841
9172
1652
1776
355
447
7060
6539
1315
4424
1333
4424
17
18
481
18
3361
4888
8087
4888
3277
3362
1073
1107
3966
5434
7180
5434
7677
5434
7919
7892
7417
7892
7755
7736
2717
5083
2741
5083
8957
8921
9183
8921
1418
5696
1651
1908
1903
1908
3474
91
92
3135
8214
2493
3985
7408
7394
7401
7394
2811
6304
3526
6304
8282
6905
1993
2103
7235
2736
9414
2736
8803
2736
8330
2736
3362
4885
5757
4885
3755
8457
1628
1905
5336
1905
8847
1905
3808
2394
9072
6332
7681
6332
1451
7103
1264
6908
30
262
478
262
2495
3988
2865
6776
5787
6776
7994
543
7483
9712
3572
9712
7969
9712
9315
713
2849
4579
1036
1044
5225
1044
2145
9282
8682
4412
8209
4412
615
5207
1171
1183
5266
1183
8444
1183
8466
1183
2860
6241
9502
6241
2176
2187
7008
2187
2704
9589
4152
4150
1936
4691
7553
3076
3017
3076
3296
3368
1108
7380
1134
7380
40
8649
3500
6644
3500
8646
3500
2686
3500
8644
3500
4589
3500
6650
3500
4905
3500
1081
3500
2860
3500
8658
3500
889
3500
8641
3500
8643
3500
855
3500
8642
3500
4101
3500
4064
3500
6929
3500
3620
3500
803
3500
1428
3500
827
3500
2811
3500
9470
3500
767
3500
8647
3500
8656
3500
3356
3500
8660
3500
4390
3500
8651
3500
961
3500
8659
3500
3651
3500
8652
3500
2894
2803
9385
2803
1382
1420
1417
1420
990
1008
1009
1008
1070
8009
7055
5672
1339
5672
4716
6484
9500
6484
743
8668
3560
1669
1660
1669
3469
9217
7815
7250
247
455
304
455
245
455
1356
1392
8821
2643
7744
2643
8370
2643
3815
7767
3902
5389
7695
5389
211
212
2069
9571
7838
9571
4609
6345
2646
6345
600
6944
8986
6944
9237
6944
9235
6944
2766
8597
761
8597
755
8597
3862
3861
5263
2409
2366
2409
1915
9520
2546
2582
9528
1726
1733
1726
1648
1647
1629
1647
7213
738
1609
1711
807
816
815
816
5207
7971
5206
7971
7978
7971
4204
4203
3509
3560
8415
3560
9341
3560
3456
3560
2976
3036
3022
3036
3097
8764
6901
5655
1309
5655
1234
1263
1261
1263
43
266
45
266
3865
2267
2205
2267
3866
2267
3973
2267
6942
2371
9108
2371
3191
3340
1746
1809
3189
3336
27
28
479
28
1287
9460
3665
9460
2739
9460
3638
9460
2955
9460
4091
9460
1444
9460
1176
9460
1529
9460
1496
9460
4080
9460
3497
9460
9415
9460
3366
9460
1331
9460
3498
9460
2711
9460
2582
4789
2579
4789
1275
8367
791
792
9148
792
4625
8271
1950
1967
8310
1967
8307
1967
6900
1967
7191
3556
3631
3556
1975
3556
7691
3556
8938
9157
3036
3040
2977
3040
3482
9234
819
820
786
820
302
299
364
299
9576
3212
1978
8703
20
263
336
263
925
963
947
963
2576
2601
8533
9366
3617
9366
1733
1730
1587
1730
1651
1771
1650
1771
8735
4059
8172
4059
9544
8309
1294
1308
4129
8788
6189
6219
4566
6219
3343
4505
167
2808
3458
2910
3458
1623
9532
7465
8534
4118
7246
4169
4168
6540
1416
1384
1416
9482
9090
9154
9549
149
150
561
2323
6045
4265
6045
213
8672
3812
760
3812
8288
7159
9613
8945
8952
8945
7394
7376
7231
9097
7815
3496
8093
5674
8142
5674
4147
4146
4147
4146
4714
6863
8765
6863
1687
1794
2064
2065
2056
2065
2565
2564
2544
2564
9450
9443
3086
3080
4132
3080
6962
7068
2689
8191
1405
1485
7186
1485
5316
1485
8301
1485
4260
6032
2325
6032
2055
2062
7801
2062
499
501
2573
4288
4741
3649
7178
6780
3056
6780
2699
2768
7375
3598
9276
3403
1345
1344
1303
1344
9312
2695
2740
9403
8294
8185
6147
9057
6147
8805
2461
7727
2461
2359
2461
8804
2461
8314
3667
1392
5700
6920
5700
1046
4353
1028
4353
2099
5942
4718
5942
3169
4544
5779
4544
6873
8842
9367
7461
7047
7461
7771
7740
1992
4714
709
8489
1433
1488
1468
1488
1800
7062
3623
7062
8635
7062
4287
7062
4712
7062
2815
7062
2127
7062
4227
7062
2017
7062
2237
7062
2015
7062
3997
7062
4609
7062
4580
7062
2327
7062
3110
7062
5762
7062
5817
7062
3985
7062
3988
7062
3368
7062
2582
7062
1827
7062
8027
7062
1851
7062
4232
7062
2479
7062
5522
7062
3992
7062
4520
7062
4240
7062
8629
7062
5806
7062
4209
7062
3159
7062
2646
7062
5428
7062
2348
7062
8632
7062
2030
7062
6666
7062
1787
7062
2342
7062
2918
7062
5481
7062
1922
7062
4506
7062
3335
7062
8634
7062
6664
7062
2158
7062
4578
7062
3989
7062
8631
7062
4280
7062
6123
7062
4592
7062
5760
7062
2165
7062
2579
7062
1769
7062
2487
7062
4570
7062
8026
7062
5754
7062
2259
7062
2346
7062
3703
6004
7104
6004
4286
4285
3040
3094
9218
7916
3674
7916
7223
2765
2783
2765
8318
2765
6583
2765
2733
9065
2196
3595
1653
1780
3121
9079
1969
7564
9702
9690
9364
9690
7838
2068
3656
1863
4602
7065
734
7976
9294
6794
9077
6794
3217
4834
1471
4834
858
867
2760
2762
2701
2762
7016
8861
1542
1586
7932
1586
2138
2159
7406
3824
9618
3824
3906
8280
2374
2376
9107
2376
9126
3455
4632
4631
4166
4165
2154
5999
2140
5999
9511
2246
2105
2246
8290
9032
8294
9032
8293
9032
3053
3109
2440
5357
1755
9049
8722
6048
8231
6048
6941
5261
7178
6771
5782
6771
5352
6607
7615
6607
2633
7601
452
346
270
346
7280
1305
7781
1305
7252
1305
9611
1305
6919
5641
6921
5641
7892
9610
3328
4508
1450
8136
7514
6967
3549
6967
9230
6967
3704
6521
2648
6521
92
93
3616
6090
1393
6090
7796
3224
9515
3224
3016
3071
9076
6751
9081
6751
2924
2930
2841
2930
3472
8525
8960
7928
8960
4590
6809
5805
6809
4163
4162
103
104
3378
6122
1607
4606
7152
6566
5299
6566
1408
7717
3090
3127
45
46
2773
5796
1013
4343
988
4343
2301
4282
2561
7031
3421
7547
2820
2973
2978
2973
1743
1815
2718
6818
4601
6818
8361
8821
8361
8821
1288
6629
1271
6629
4192
5887
8024
5887
1895
1941
1915
1941
2437
4001
3051
3052
2991
3052
1921
6468
1954
6468
1977
8684
8033
6400
1874
6400
513
7310
9213
8974
3747
3797
3748
3797
3134
3118
3942
3118
7726
3118
7950
590
7454
590
2189
7728
2199
7728
2827
2913
2994
4567
2928
4567
2660
2725
7931
9614
8121
5181
3363
5181
2131
4749
8779
7006
2379
3886
3721
622
8339
8315
3074
6205
8122
6205
3391
4519
4609
6827
5817
6827
1887
4698
1919
4698
8792
3025
1836
4656
919
931
5274
9392
3831
9392
3832
9392
819
9144
8885
9144
235
237
236
237
8160
5451
6936
5451
2232
8160
2276
2279
3872
2279
9274
5347
3123
3133
4118
3133
4127
3133
3947
2938
6550
2938
2904
2938
7215
2938
3376
3384
3761
7854
1041
1070
3673
4793
3666
4793
3988
5510
3992
5510
777
778
798
778
7254
778
9111
778
7118
5563
7598
5563
7799
7779
2058
2121
2057
2121
9115
3964
5337
3964
7844
3964
9127
3964
2483
2490
8104
6657
8137
6657
1861
6833
4630
6833
1580
1735
1592
1735
6554
1677
1642
1677
9088
1677
2689
2752
1486
3197
879
906
2360
2522
2513
2522
4114
5758
8302
5758
7827
2673
1613
2673
2778
8739
7360
1738
9330
711
9510
7752
9510
7752
2127
5170
2165
5170
7188
7673
7197
7673
9408
7673
2645
7673
3288
5755
691
7522
8676
5950
2161
5950
1425
7121
3731
2861
6244
6654
6244
1613
8864
6644
4864
8643
4864
830
837
774
775
3018
3017
2953
3017
1832
1833
5838
1833
543
7490
1038
1041
1024
1041
2764
2877
2805
2877
7761
2935
2933
2935
9405
2935
2934
2935
3472
669
3534
8553
9714
8553
3706
7328
2821
2921
2821
7613
5983
2209
5983
2964
3028
7758
8333
7424
7279
5260
7279
3340
5772
5774
5772
7588
6602
7110
6602
646
647
725
726
2003
2006
815
823
822
823
3006
5322
3057
5322
4559
6208
3116
6208
1284
1319
1322
1319
8132
4986
5784
4986
7223
8318
7223
8318
1808
1827
1886
4695
8710
6465
8197
6465
2291
2310
448
328
155
328
507
7725
2387
7725
7824
8406
3048
3115
3607
5290
3780
5290
7672
3614
8285
3614
2422
9474
2723
2728
2670
2728
1934
6462
1959
6462
7253
8327
9590
1818
5331
1818
3383
4901
3370
4901
1054
1081
562
8431
2656
6815
7484
9713
3541
9438
4655
6374
4630
6374
7425
6941
7426
6941
9729
1543
1540
1543
5345
4221
4224
4221
9313
1327
1354
3528
3439
7053
3439
2668
2717
1576
1713
1575
1713
8516
8493
5238
7810
5289
7810
5239
7810
9633
7810
6541
7810
2545
5479
3979
5479
7196
5479
7183
5479
7658
6061
8245
6061
1400
1482
1404
1482
2545
2547
9518
2547
1998
2031
1248
8721
9326
485
1276
7806
1499
1501
1937
5859
7000
9186
661
8551
2446
8027
2425
2427
2435
2427
1835
7139
3334
4943
7132
4943
2329
2331
1746
8152
1699
5148
6677
5148
7629
6163
4512
6163
2119
8073
1844
5099
1824
5099
865
879
876
879
8494
7878
8483
7878
1383
1423
1417
1423
3760
1102
9646
1102
3761
1102
4892
4882
5750
4882
8046
8018
9541
8410
984
1019
1003
1019
7309
5286
3000
5022
2959
5022
2283
2306
7192
2306
7061
9253
3883
9253
3998
9253
9474
9253
5486
9253
4593
9253
2539
9253
1759
9253
2713
9253
9270
9253
2337
9253
2412
9253
6985
9253
9536
8845
2826
2839
752
754
751
754
4502
5774
9412
5774
3112
4990
5785
4990
9726
9719
2230
2242
1207
9504
1244
1245
1273
1245
9520
2010
1940
2010
7239
2010
8356
2010
6535
2418
572
7415
2772
8195
2060
7831
3148
6581
7255
2433
9552
2433
5216
2433
7256
2433
2584
2585
2794
6283
8199
6283
7000
730
2572
7588
2096
2084
7211
2084
1167
5605
1137
5605
7385
8888
1302
1341
3324
8125
739
8624
9031
8624
1366
1375
1377
1375
1441
1437
1409
1437
1856
5104
1815
5104
4622
6355
2653
6355
9304
6979
1389
3710
1703
8033
7317
3947
3285
3328
3319
3328
1549
1561
1557
1561
1822
6372
4656
6372
2923
9496
7512
7486
271
340
356
340
8808
1232
1194
1232
3519
1232
8809
1232
9618
5229
194
195
1247
6919
2862
9324
342
413
156
413
448
413
6474
5166
2012
5166
3166
3317
3396
3317
2106
4239
7575
5946
3561
5946
1402
1464
1477
1464
3323
3421
8041
3421
8073
6689
2110
6689
2295
4264
909
910
900
910
135
136
2783
2784
643
8996
5354
2486
8216
4851
8763
4851
1034
8117
8060
5506
2538
5506
8527
9298
9200
9298
7446
9298
1906
1919
1199
1204
2650
6358
4624
6358
7321
4142
7830
4142
1052
1066
2956
5047
8029
5047
9478
5531
2478
5531
1947
1979
1964
1979
3286
3325
3341
3325
2570
2588
2558
2588
8459
9623
7871
9623
2854
8156
2339
7084
678
7433
3639
7433
3221
7585
5199
4660
1689
4660
1796
5132
8253
5132
8760
5608
8730
5608
1111
5393
1104
5393
3240
8128
9156
1129
3764
1129
8439
1129
3765
1129
1293
8612
593
7923
3157
4541
3174
4541
141
318
330
318
139
318
7355
8379
9567
8379
9581
8379
1367
1378
8324
1378
3913
1378
8571
9004
7258
7242
9095
1248
8815
1248
1243
1248
9094
1248
1907
8249
2403
2415
1650
3679
2188
8761
4158
8198
4627
8198
7423
7418
515
7418
7424
7418
1983
7010
770
3890
783
3890
7734
1199
9103
1199
7766
1199
7759
1199
8463
5202
585
586
3964
4184
5336
4184
8363
4184
9386
4184
1016
8015
3292
6734
4647
6396
7336
7306
563
7306
1407
3922
9316
7331
8664
5644
8173
5644
2499
3982
3581
2139
9555
2139
8838
2139
9558
2139
9710
7427
7939
7427
4660
5145
1761
5145
486
8942
7293
9554
3795
9554
7308
9554
3794
9554
571
7875
7412
7875
9663
7875
8539
9637
1537
9637
906
4043
923
4043
7450
7937
7453
7937
522
7937
9751
488
1258
4397
9058
4397
3261
3352
3312
3352
2531
4301
9033
3273
3222
3273
1230
6570
2128
6503
9494
6503
4143
5800
4597
5800
3591
713
714
1044
1043
1026
1043
0
544
646
9242
7993
7140
8620
1148
8620
8737
8620
2530
2531
2363
2531
951
982
967
982
3693
2047
3074
4979
3108
4979
1590
8351
9089
2393
7236
2393
8369
2608
8354
2608
1611
2608
2130
2132
2074
7104
182
9248
5962
2044
5962
2085
7605
1617
8447
8494
9359
5246
9359
5247
9359
8718
5588
8714
5588
1291
1301
1322
1301
8624
8592
4087
1397
1398
1397
9162
890
9167
890
2052
4199
8743
4199
5966
5965
9268
9450
9269
9450
2241
4248
4261
4248
2894
2804
9385
2804
8857
9524
7821
9524
8859
9524
8295
7166
632
8998
893
922
910
922
2468
2506
7577
4919
8087
4919
2459
7229
1350
9296
9413
9296
811
9296
1497
9296
4107
9296
1308
9296
867
9296
3127
9296
837
9296
934
9296
992
9296
5383
9296
970
9296
1064
9296
1153
9296
5764
9296
9475
9296
9469
9296
902
9296
3513
9296
3901
9296
1198
9296
5401
9296
3526
9296
3512
9296
9502
9296
1503
9296
5402
9296
6928
9296
784
9296
1850
1851
2546
5486
1166
1184
1181
1184
3689
7099
9507
7099
2196
6882
3653
3528
8542
3528
8361
2644
8821
2644
7744
2644
9106
2644
1597
9083
4181
6680
9071
7148
596
7148
1107
4066
1084
4066
3483
631
1730
6943
9042
5139
5837
5139
1144
1142
1126
1142
6877
2145
3559
2145
2139
2145
6876
2145
8660
4378
5401
4378
508
1540
1541
2991
4129
3509
1660
8415
1660
1670
1660
3456
1660
2102
6483
7633
6483
7400
3611
3557
3611
8650
6067
8069
6067
9481
5415
9481
5415
3782
3626
3607
3626
8442
3626
8441
3626
3780
3626
6534
3747
7373
3747
534
3747
2205
2202
2200
2202
7724
2202
3516
3517
3102
9304
6991
6990
2220
8235
2833
8177
1157
3910
1234
1264
1265
1264
8999
606
4722
4204
3501
4204
4716
9453
4105
9453
3418
9453
1498
9453
2154
9453
1845
9453
4594
9453
4225
9453
9248
9453
2616
9453
4488
9453
4730
9453
1888
9453
2839
9453
3237
9453
5836
9453
7055
9453
2693
9453
3107
9453
1472
9453
1216
9453
1339
9453
4090
9453
4084
9453
1506
9453
2959
9453
9340
9453
1954
9453
2044
9453
5424
9453
3363
9453
1826
9453
4372
9453
9255
9453
2886
9453
2738
2848
70
71
9728
3569
8865
7286
8419
7286
8412
7286
2732
2799
7825
7022
1548
7022
3603
8390
8528
8953
6940
5306
7097
5306
2833
2860
5472
6694
4279
6694
2116
4232
2737
2845
2193
2286
2008
2022
1888
6436
1780
6436
7692
5418
3570
5010
8062
5010
6649
7202
3045
7202
3491
7202
3672
8422
1949
1990
1948
1990
7630
4464
1505
4464
9318
8834
1222
1239
9607
1239
3207
8238
7220
8757
3900
8757
7200
8757
3091
3154
5243
5242
1375
4437
505
748
7786
1236
4375
1210
4375
978
4341
988
4341
182
464
588
9188
164
165
9208
9603
8972
9603
1642
5840
5424
4561
3069
4561
3661
3525
7977
3525
7475
3525
1970
2099
3782
1882
8442
1882
8441
1882
3698
1882
926
947
929
947
1947
1943
7019
1943
8351
5427
8772
7145
7406
7897
1318
7644
9164
9641
9180
9641
8930
9641
7327
5331
9612
5331
3846
5331
5332
5331
7329
5331
3847
5331
1968
2148
2079
2148
53
54
7527
3754
7991
3754
2182
2229
3971
2229
2923
9498
737
7506
7511
7506
7508
7506
7507
7506
6415
6851
4657
6851
837
4019
855
4019
6882
5968
5463
5968
6710
6709
2264
4245
2288
4245
4135
2832
4138
2832
7683
2832
3460
2832
4133
2832
6996
2166
536
2166
5359
9024
3338
9024
4288
2605
3473
3320
7132
2780
6303
7573
6303
9327
7393
3137
8213
1450
7608
3722
2109
2104
2059
2104
9532
5433
6960
8886
8725
5585
1115
5585
1466
3552
4502
4501
2740
5084
7681
5084
1521
4102
1314
4423
1334
4423
7093
3151
7090
3151
3149
3151
7091
3151
6832
6671
4159
6671
2477
3879
9507
3690
7482
7047
8999
7047
997
7531
3326
3432
3036
3093
2897
2898
2807
2898
1254
4081
1976
3686
9625
2949
2156
6003
2141
6003
8259
4482
1447
4482
1062
7347
579
1992
4713
8567
7451
5383
4354
8652
4354
1140
1221
7626
4543
8654
4543
3785
2170
3789
2170
2168
2170
1790
1695
9146
1695
7837
1695
8974
8515
679
8515
680
8515
9212
8515
9332
691
3206
3237
7106
4319
7604
4319
3137
3175
3824
3823
4741
8745
202
358
303
358
9052
4833
8168
4833
2786
7563
2769
7563
9339
7563
2693
6268
4588
6268
5833
1864
8217
6793
4575
6793
7990
7510
2748
9573
1226
8817
458
144
786
7822
1905
1901
1646
1901
9443
9436
8144
4818
8165
4818
907
4041
887
4041
2452
2479
4567
5031
8707
5031
1847
5836
993
5547
973
5547
4579
9013
5788
9013
6971
7790
3628
3445
1469
5717
8679
5717
7293
2322
9559
2322
7647
4827
7631
4827
1979
1986
7219
1986
5291
1986
5338
1986
2965
6188
3029
5006
2982
5006
295
308
218
308
3703
4738
2092
4738
5415
7181
2195
2290
3224
3223
8390
3223
8397
3223
7788
3223
1376
8732
1783
6440
7645
6440
1444
5728
1471
5728
2868
2856
2760
2856
3776
3775
7811
8386
8292
5310
9374
3837
8499
3837
9635
3837
9616
3837
8932
3837
8492
9164
182
183
2198
9274
3148
8704
963
964
962
964
1470
5725
8771
5725
515
7290
3726
610
8966
3778
9333
7322
6986
1163
3906
8518
3630
8970
3630
9210
3630
3685
6185
3111
6185
2174
2181
2173
2181
9381
2181
7227
2181
3590
4677
1763
4677
8281
4735
3480
7479
3330
3399
3933
3931
8563
8533
634
8533
7973
8533
8544
8533
235
339
3876
3448
3875
3448
1661
1656
1637
1656
1406
9513
3336
4941
3308
4941
5431
6676
4658
6676
8730
4070
1125
4070
2031
5907
2102
5907
8161
4815
8254
4815
1321
6901
4124
9419
7194
9419
3712
9419
1551
1567
1564
1567
3982
5490
2501
5490
9715
797
8552
797
2757
6265
8059
6265
2100
6864
2164
6864
2484
2510
1687
1793
1698
5121
3874
2563
2544
2563
7860
7847
8316
1698
1262
8699
2457
5522
8314
1519
5313
1519
718
8518
8452
3178
8916
3178
9482
7170
1338
5673
6920
5673
873
886
3289
5752
3011
8748
1720
1749
2429
2451
9403
8293
7912
5279
2338
2347
1254
1282
1345
1343
1303
1343
1504
6642
4103
6642
2197
8772
998
1001
964
1001
4288
8616
1332
8616
1352
8616
7343
9135
7885
2895
9683
2895
7877
2895
7873
2895
7874
2895
3403
3404
4593
6262
2873
6262
8979
8527
1209
8051
7516
7961
5081
6352
2687
6352
1632
1633
7340
1633
9342
1633
7054
1633
3915
1385
3918
1385
1358
1385
1384
1385
2624
2637
8351
2637
9526
2637
8262
6591
8541
8967
2591
2575
2564
2575
1543
3503
8403
2800
2824
2800
4590
6273
2789
6273
9190
9181
8770
3570
9097
3570
9498
3570
2379
7578
9395
2074
2065
2074
3911
1253
1250
1253
9062
5665
8699
5665
1009
1024
1025
1024
1439
8763
1975
9280
2358
2361
2356
2361
523
2182
6989
3910
3909
2248
2257
276
3176
8658
8415
1659
3711
1659
1658
1659
8243
5662
4083
5662
4131
4130
3734
85
3170
3396
3397
3396
565
7476
3051
9495
1414
7757
1413
7757
7660
7100
1756
5140
1797
5140
7234
6679
7369
3871
8835
7230
8068
4920
7577
4920
536
537
803
3894
784
3894
4078
4405
4372
4405
2036
2034
5341
2034
576
9185
2770
8083
7841
9522
7476
8434
7861
8434
862
889
2047
4200
2050
4200
3601
7888
3375
4892
8317
1746
9491
1746
1704
1746
4154
1746
7689
3358
3381
3358
1619
1627
1629
1627
8570
5214
547
5214
8530
5214
2628
2623
1581
2623
3096
6924
4535
6924
2864
6924
1701
6924
2518
6924
6560
6924
7564
6924
2006
6924
3679
6924
2758
6924
2214
6924
3655
6924
7124
6924
3579
6924
2915
6924
5824
6924
3370
6924
6682
6924
6596
6924
2618
6924
2520
6924
2571
6924
2795
6924
2308
6924
3663
6924
2550
6924
4604
6325
3681
6325
3025
8696
4992
8696
4553
8696
29
30
1487
1516
1492
1516
3583
8899
7889
8899
1911
1912
8407
8846
8407
8846
148
9605
5276
7911
8467
3078
5784
3104
4980
5783
4980
5238
1618
5241
1618
9647
1618
9656
1618
9631
1618
9503
8619
8757
8619
8167
6421
1867
6421
2078
3689
2891
2946
4623
6317
7123
6317
7204
3880
5405
8207
1108
1114
1102
1114
1538
9289
639
9289
635
9289
201
205
361
205
3671
1615
3287
3372
3301
3372
576
4175
4174
2556
6710
753
9022
5287
7885
9625
7885
3352
3355
7036
3355
8323
3355
7753
3355
2507
4316
8064
4316
1908
1924
2504
3992
9163
6912
7879
6912
2930
7623
4607
6328
9339
6328
7581
5457
2207
5457
7927
8877
3238
3283
3256
3283
7515
9742
7518
9742
3736
9742
7514
9742
7519
9742
7512
9742
7516
9742
7520
9742
2229
2230
9266
2230
7184
2230
6542
2230
8094
4994
7636
4994
3859
3581
1323
9582
1270
4408
4080
4408
3359
7034
2734
4593
850
4020
838
4020
9355
3763
7437
3763
3113
4971
8654
4971
1990
2100
7926
9689
8299
2774
2708
2774
6253
2774
739
742
3189
8655
201
255
2474
2476
2459
2476
625
8995
4633
5839
4169
5839
7172
5839
8165
4444
8723
4444
7731
3163
3103
3163
4122
3163
750
8672
8243
5668
6918
5668
999
1012
1497
4453
1428
4453
3678
5009
3029
5009
8945
9170
509
7257
9596
1240
557
7361
509
7361
1949
1989
1948
1989
1220
5597
1201
5597
2441
9271
2870
2859
2762
2859
2339
4767
9561
8389
916
934
4088
1388
1354
1388
3465
1388
3979
2578
7196
2578
7183
2578
2574
2578
3493
7074
4741
7575
1326
9467
3277
7637
1787
6439
8634
6439
6957
2195
2289
3008
3061
8364
5309
1298
1312
9412
4524
8401
8840
7448
8931
7432
8931
9669
8931
1191
1236
1818
4172
5334
4172
1762
3462
4000
5534
4003
5534
487
7494
5229
9138
7897
9138
8890
9138
8924
9138
8898
9138
3373
3374
2747
9683
9731
9726
2479
2480
1708
4155
3461
4155
5330
4155
7171
3465
463
431
195
431
445
431
9
7286
5271
3990
6614
9270
6614
8985
788
2421
5367
2438
5367
7423
7789
4487
6115
4893
6115
3305
6761
8186
6761
19
20
2623
2683
9555
2096
1884
2096
3859
2096
1672
1687
1686
1687
9150
3844
1412
3208
3209
3208
3640
5703
7561
5703
8983
9697
1343
7055
5474
4292
2571
4292
1773
1853
1837
1853
826
4016
838
4016
3867
2058
8861
2058
7339
2058
7332
2058
2238
6028
2345
6028
3334
7554
9036
7554
3306
7554
742
7554
8672
7554
8736
7554
8731
7554
3505
7554
8259
7554
8759
7554
1084
7554
8713
7554
692
7509
1809
4651
5835
4651
1454
3602
845
857
8299
2772
9509
2772
2707
2772
6253
2772
8781
2226
7145
2226
8216
9030
8220
9030
7657
9030
8258
9030
2052
9030
8110
9030
8164
9030
8139
9030
2152
9030
8242
9030
8181
9030
8099
9030
8683
9030
8211
9030
7658
9030
8257
9030
8703
9030
3109
9030
8739
9030
7139
9030
8128
9030
8761
9030
8704
9030
8748
9030
8763
9030
8700
9030
7668
9030
7661
9030
8689
9030
8163
9030
7667
9030
8133
9030
5004
9030
7650
9030
8722
9030
7663
9030
8144
9030
8743
9030
8193
9030
8149
9030
8742
9030
7656
9030
8729
9030
1717
9030
8138
9030
7020
9030
8183
9030
7659
9030
8165
9030
8245
9030
7666
9030
3413
9030
8174
9030
8130
9030
1380
9030
8111
9030
8158
9030
8750
9030
8114
9030
8189
9030
8688
9030
8231
9030
2260
9030
8179
9030
7664
9030
8723
9030
1784
5877
4188
5877
5355
4320
5523
4320
9634
9612
3670
7334
2099
5935
4198
5935
8902
2169
9659
2169
9171
8907
9171
8907
2931
2983
5480
6706
2599
6706
4627
5821
4157
5821
4628
5821
2200
5294
579
580
8787
3808
9084
3808
8785
3808
2393
3808
7335
3244
7593
4363
1214
4363
4500
6731
5750
6731
1989
8674
2920
7471
647
7471
8996
7471
9242
7471
2132
6017
7610
6017
5003
7072
4645
7072
4653
7072
1495
7072
6832
7072
4596
7072
3347
7072
1463
7072
4519
7072
4102
7072
1924
7072
3267
7072
3410
7072
5801
7072
3168
7072
4607
7072
8228
7072
4522
7072
3233
7072
3369
7072
2987
7072
6120
7072
1493
7072
5756
7072
1700
7072
4159
7072
5085
7072
3158
7072
3196
7072
2584
7072
2947
7072
1781
7072
4178
7072
2555
7072
2117
2211
1985
4707
274
59
58
59
9573
2950
7770
2950
2896
2950
9366
8962
2614
5191
2647
5191
2690
2755
3874
3876
2543
3876
4535
4976
3126
4976
4558
6197
3035
6197
9395
2072
2063
2072
7773
7211
7792
7211
5292
7211
1883
7211
2700
2758
7009
7834
3230
9462
1167
9462
3169
9462
5630
9462
1137
9462
8769
9462
2979
9462
1349
9462
4523
9462
2942
9462
5768
9462
2740
9462
5796
9462
1066
9462
2836
9462
1292
9462
6569
9462
5779
9462
5635
9462
3152
9462
4562
9462
3704
9462
4577
9462
9072
9462
9476
9462
3382
9462
8275
9462
6414
9462
3430
9462
4074
9462
7681
9462
7113
9462
7005
9462
3030
9462
2648
9462
4503
9462
2788
9462
9493
9462
2395
3805
5282
5280
2473
2471
2454
2471
7812
3657
1994
7169
7564
5938
7605
5938
2612
6384
4643
6384
8728
6133
8753
6133
1519
1520
2330
2334
2935
8700
1072
1091
3963
1750
1762
1750
2087
4196
622
9227
624
9227
7923
594
7058
9444
3361
7058
987
7058
7115
7058
7118
7058
7591
7058
7569
7058
7611
7058
8090
7058
7624
7058
9037
7058
9303
7058
7117
7058
7592
7058
8055
7058
7619
7058
8074
7058
7582
7058
7103
7058
7608
7058
1793
7058
8083
7058
7623
7058
8655
7058
3642
7058
8068
7058
3268
7058
7577
7058
7057
7058
2757
7058
3696
7058
7595
7058
7598
7058
7559
7058
3699
7058
1082
7058
7607
7058
7122
7058
7120
7058
8653
7058
7603
7058
1760
7058
7101
7058
7565
7058
3023
7058
9417
7058
7119
7058
3640
7058
4479
7058
2917
7058
7561
7058
7593
7058
1214
7058
8087
7058
8059
7058
1782
7058
7580
7058
7594
7058
5634
7058
7571
7058
6915
7058
8066
7058
7107
7058
7622
7058
9045
7058
7621
7058
1722
7058
2532
2554
8807
9092
2535
5489
8675
5489
3575
2055
7039
2055
3574
2055
3863
2055
8863
1492
1478
1492
8869
1492
9521
1492
8076
6853
1753
6853
3623
6025
2237
6025
8859
9530
1623
7226
2470
2509
8751
4916
8126
4916
1137
4069
1124
4069
3506
5136
8203
5136
4134
7683
4134
7683
1754
1761
2410
7096
3211
3205
5318
3205
3244
3205
8411
3205
9295
3400
9445
3400
1806
4158
592
9676
7416
9676
1204
3468
527
7480
176
177
94
177
7826
4126
570
571
1996
5913
4715
5913
9311
6118
8637
785
763
785
7701
4111
8532
9211
9337
9211
8114
5973
2260
5973
2341
6052
2337
6052
2850
8261
2859
2887
37
38
7974
8357
746
8357
8841
8357
4708
3629
4210
3629
2464
2494
2463
2494
2731
2796
9597
7289
7832
7289
7349
7289
9240
9233
7492
9233
8149
6127
8750
6127
9292
3566
3609
3566
1956
1957
9304
4512
9484
4512
952
953
951
953
1305
1324
1328
1324
7468
609
1484
8641
9310
9446
9435
9346
9435
560
7294
5958
5895
2022
5895
4654
6404
5829
6404
3755
8911
1096
1111
3240
3262
9590
5334
7360
5334
242
243
9561
7780
2527
5509
1585
3953
894
4324
912
4324
1425
1512
1904
1916
1925
1916
3693
3642
995
5554
1011
5554
7665
5055
2794
5055
3547
8933
8936
8933
2483
2489
2472
2489
3379
6178
4521
6178
1974
7191
9369
7863
1979
1976
1943
1976
2739
5072
2844
5072
3358
8068
1039
1069
2574
5471
8405
8376
3787
3785
8426
9119
1109
1126
1103
1126
3872
2280
2282
2280
9156
1158
1155
1158
2136
8159
3251
3265
9622
8927
8493
8927
9182
8927
1161
1196
1158
1196
2134
4750
8539
9649
1537
9649
1297
4091
599
3676
9224
3676
8981
3676
3985
5494
3988
5494
3344
8246
7402
9632
3391
4520
857
7534
2808
2907
2910
2907
1874
6399
1841
6399
2746
7309
732
9010
8238
4492
8744
4492
4667
6448
5879
6448
587
589
214
215
133
215
6650
4957
3127
4957
1467
7703
2122
2136
2135
2136
6587
4761
6592
4761
6957
681
3140
3185
3183
3185
1287
6630
4091
6630
7415
7367
574
7367
7871
7367
9663
7367
237
421
339
421
231
421
5265
7271
806
805
779
805
7853
9560
1274
9560
8532
9706
584
9706
8529
9706
2267
2271
6944
3440
9205
3440
4571
6223
7662
6223
6536
2367
2419
2367
8825
1363
3915
1363
3918
1363
7258
1363
8353
1363
1358
1363
2589
5480
8913
808
772
808
257
298
455
298
6527
7809
6526
7809
7872
7809
1919
5856
1953
5856
1832
5096
1838
5096
29
866
876
875
876
2704
2703
7370
2703
7276
1707
1562
1707
3139
3188
3190
3188
2317
7136
608
7967
8218
5683
8142
5683
2825
2836
9515
9510
7376
3857
1914
3857
3443
3857
7377
3857
5245
3857
2306
2309
2319
2309
1634
1651
1635
1651
7828
7771
5290
7771
1880
7771
4666
6445
4690
6445
954
1016
8044
1016
5241
5289
8914
5289
1245
1292
9181
9667
9010
9667
9691
9667
3738
9667
7154
8601
2834
8601
8541
9207
9389
1320
1284
1320
9540
1320
7992
9136
2533
2534
451
441
67
441
3789
3788
1134
1155
1133
1155
3250
3268
7056
7280
669
670
2987
6237
2947
6237
2251
9262
3333
6175
4521
6175
8306
2191
8309
2191
2186
2191
7723
2191
823
844
835
844
4176
4687
3624
4687
306
284
120
284
9730
8564
9211
5211
7950
5211
7458
5211
2676
7794
6583
6976
2437
8065
1451
1524
5351
4312
5353
4312
7164
6916
8796
6916
9330
8591
5226
3738
5226
576
7489
4850
4853
3199
4853
2787
5058
9077
5058
2967
8062
9168
8461
9479
5898
2041
5898
1759
6432
1785
6432
3218
6093
4468
6093
1499
8740
2223
2294
2293
2294
2163
5949
4711
5949
2939
3003
7088
3003
3595
6686
9267
6686
1160
1172
1159
1172
9265
5169
1987
5169
633
634
7989
9231
2118
4236
8214
4924
3308
4924
4733
6690
4235
6690
9185
7905
2445
2457
2455
2457
6529
3671
7813
8394
7226
7214
2106
4240
7350
8870
4510
6151
4517
6151
9322
824
4012
812
4012
1402
1453
1443
1453
1359
6892
1517
8736
1435
1444
3192
3303
7319
3303
8416
3303
8727
6722
8208
6722
9303
6473
8695
4388
8663
4388
4092
6920
9595
3934
5276
3934
3838
3934
3833
3934
9586
3934
5277
3934
496
497
1621
6552
706
5230
7002
5230
9222
5230
1950
1994
7721
1994
7011
1994
4704
1994
8893
3709
2919
2968
2966
2968
6980
2589
8187
8557
8989
665
666
5833
5832
9325
729
3959
7276
7825
7276
8927
7276
3958
7276
235
450
304
450
223
225
144
225
184
381
296
381
347
381
7933
6525
556
557
953
992
8045
1316
1249
1316
5781
4989
6651
4989
1604
9480
2658
2668
2610
2668
2770
7665
2002
2009
1111
5578
1136
5578
752
763
758
763
696
8582
1882
8409
1035
1020
1008
1020
3922
1408
5272
1408
3919
1408
3920
1408
8395
1408
4603
1593
1565
1593
9219
8971
2588
2597
2924
2840
3658
2840
9186
9177
3240
8643
1766
1767
2685
4615
2714
4615
3318
4114
1147
7140
3425
6154
3386
6154
5818
5100
1822
5100
865
880
881
880
1965
1971
9275
1971
9548
1971
4661
5845
7653
5845
4487
9295
2328
9295
1804
9295
6665
9295
5706
9295
1923
9295
7027
9295
6192
9295
1779
9295
5739
9295
1897
9295
5803
9295
5736
9295
2103
9295
4505
9295
2159
9295
2725
9295
7121
9295
2242
9295
4437
9295
3399
9295
1282
9295
9467
9295
2226
9295
2887
9295
4516
9295
2258
9295
4234
9295
1387
9295
5831
9295
4705
9295
1958
9295
4573
9295
3065
9295
1765
9295
3033
9295
4281
9295
2029
9295
3337
9295
3215
9295
5081
9295
7102
9295
4104
9295
1876
9295
7618
9295
4457
9295
2091
9295
2687
9295
1745
9295
4612
9295
6997
9295
4893
9295
1315
9295
4533
9295
6652
9295
1333
9295
2323
9295
4467
9295
5939
9295
5777
9295
2604
9295
6561
9295
4265
9295
4642
9295
2049
9295
4237
9295
3129
9295
2576
5476
2892
8371
645
3694
8561
3694
4695
5860
8734
5860
1179
8267
1165
1174
1160
1174
3436
2902
7662
4173
5848
1802
5848
242
5800
5799
2658
2662
2609
2662
1230
6569
4622
4618
2712
4618
2134
2140
4057
6626
1079
6626
8773
6747
5763
6747
9319
702
3007
3067
2641
6517
2613
6517
1612
6971
7582
5575
7119
5575
4228
9267
9274
9267
4229
9267
7511
8885
6960
8885
7057
5637
7595
5637
492
9620
9639
9620
3755
9620
1278
1405
8846
1405
3194
1405
2740
5074
2788
5074
880
894
3997
6611
2487
6611
3483
7629
6767
8115
6767
1410
7597
1453
9471
1541
7944
9329
9199
3393
4516
1812
8250
2449
5361
8056
5361
9117
5257
7417
6528
7910
6528
3686
4746
4629
4627
4629
4627
8887
7009
7857
7009
7855
7009
57
60
274
60
760
3889
768
3889
7734
1200
1195
1200
7817
2665
2673
2665
8864
2665
614
8980
611
8980
7978
8980
3219
9383
7938
3680
620
3680
8562
3680
1569
3680
1596
7668
5250
2276
9112
2276
3798
2276
3800
2276
5256
2276
2068
8848
9536
8380
8490
1130
1681
4659
848
871
3451
1980
1982
1980
5234
9150
5233
9150
9681
9150
7370
9150
7722
9489
5294
9489
7724
9489
2971
2965
2819
2965
2668
5804
8889
8881
6191
5034
2982
5034
9
10
2971
2962
2909
2962
8109
6994
2018
6994
2125
6994
2051
6994
1961
6994
1776
6994
3336
6994
9065
6994
9049
6994
6734
6994
4713
6994
8250
6994
1920
6994
4194
6994
2715
6994
8260
6994
3523
6994
9063
6994
1798
6994
7141
6994
1715
6994
4732
6994
3270
6994
7146
6994
2876
6994
9051
6994
4689
6994
1814
6994
2640
6994
2754
6994
8464
7776
1128
7776
4634
4633
1216
4385
1177
4385
1906
1920
9070
9059
7140
5623
5398
5623
2119
2214
7955
7457
330
405
136
405
2932
8103
928
909
7359
909
793
909
908
909
500
7908
3345
4912
3350
4912
19
3578
4253
2269
4253
864
4024
888
4024
1676
1892
9084
8657
8785
8657
3146
5779
7816
7272
3479
9001
3875
2536
2513
2536
8278
4762
7527
682
7527
682
3701
2834
2829
2834
1223
7758
752
759
758
759
513
6967
9710
7965
9710
2590
9279
1000
1014
749
743
738
743
745
743
8798
743
2327
4765
2346
4765
2671
5094
9083
5094
9701
874
788
874
9057
6160
7639
6160
8641
4491
8656
4491
7619
5595
7101
5595
1981
9265
8918
8887
8461
8887
3438
8887
3330
7577
511
7383
7388
7383
8300
7635
3060
4120
6974
9592
2413
7134
5426
2638
1591
2638
3658
3700
2823
3700
2249
2258
1132
1180
1156
1180
1307
4092
1345
4092
5855
5854
7273
7255
7294
7255
255
374
152
374
1427
1450
1433
1450
2223
2296
7192
2296
1457
1469
497
8468
5937
6684
4201
6684
8213
4930
3130
4930
2568
5472
2115
4234
9629
8400
9161
8400
7004
8400
3899
7220
635
636
5243
8900
7757
1526
1514
1526
1507
6914
3034
6914
4063
6914
4599
6914
977
6914
1013
6914
8791
6914
1338
6914
4572
6914
7178
6914
1049
6914
4173
6914
978
6914
2612
6914
1875
6914
2721
6914
4669
6914
3216
6914
988
6914
2958
6914
6908
6914
1392
6914
4892
6914
1512
6914
1524
6914
6920
6914
1911
6914
4511
6914
1852
6914
921
6914
4042
6914
5794
6914
3235
6914
4057
6914
5782
6914
4536
6914
4500
6914
3056
6914
4504
6914
1079
6914
5750
6914
4665
6914
1211
6914
1748
6914
2756
6914
2798
6914
1027
6914
4518
6914
9400
6914
6194
6914
1068
6914
2874
6914
4068
6914
3688
6914
4643
6914
5778
6914
5632
6914
1473
6914
2682
6914
4610
6315
4598
6315
9505
3940
1017
8756
3393
8205
7003
5071
2884
5071
9719
5224
1995
2000
1712
2613
8332
9414
9368
1617
3676
1617
5209
1617
3652
1617
131
403
294
403
2284
7192
2179
7192
8587
9728
687
9728
9011
9728
675
3641
657
3641
7492
3641
9353
846
9630
846
9125
846
859
846
651
8566
650
8566
1379
1511
9549
7796
7839
7796
3828
7796
8420
7796
8424
7796
9557
7796
7368
6974
535
538
9122
1628
8394
1628
9545
1628
1619
1628
7689
3357
3353
3357
1926
8629
1094
1112
9666
7887
241
322
249
322
8188
5109
1838
5109
3258
3261
3302
3261
2225
5455
2083
2089
2078
2089
5483
9290
4007
9290
3987
9290
3309
9290
2268
9290
3995
9290
2421
9290
1784
9290
3132
9290
4277
9290
4193
9290
1854
9290
9260
9290
2914
9290
1711
9290
1794
9290
4001
9290
8160
9290
2490
9290
2310
9290
2717
9290
2415
9290
3982
9290
6943
9290
2286
9290
3175
9290
6188
9290
2451
9290
4196
9290
5480
9290
6916
9290
4659
9290
1996
9290
1744
9290
6930
9290
2649
9290
4231
9290
3970
9290
4186
9290
2332
9290
6936
9290
9291
9290
1872
9290
2603
9290
4284
9290
4715
9290
4559
9290
2438
9290
2842
9290
6922
9290
2995
9290
2501
9290
2681
9290
3993
9290
4748
9290
2557
9290
3116
9290
2505
9290
5005
9290
2599
9290
2411
9290
4581
9290
4188
9290
2215
9290
1952
9290
2741
9290
688
9733
9007
9733
3757
9733
1622
1625
3612
1625
3753
9638
3754
9638
7883
9638
8443
9638
8383
8374
8383
8374
1101
1124
7380
1171
1155
1171
7398
8462
9672
8462
6557
5458
2247
5458
4608
6327
4605
6327
479
333
299
297
84
297
1653
4663
1666
7089
8167
6431
8697
6431
8257
6493
8158
6493
2715
5810
9063
5810
2826
8061
8983
9191
7292
1974
7285
1974
1925
1974
7777
1974
2510
4311
2488
4311
535
4403
4407
4080
4407
7445
5212
9211
5212
3848
5212
168
169
114
169
90
169
2248
7613
1418
8208
7000
2618
6318
7123
6318
1196
1209
1164
1209
3611
1914
935
4326
913
4326
6978
9678
8306
2192
8309
2192
2186
2192
7723
2192
1012
5556
993
5556
2866
5040
7665
5040
5839
6406
5830
6406
7190
2789
7866
7296
868
4030
886
4030
3813
8465
3813
8465
2121
2220
2221
2220
9386
5336
9386
5336
2287
4269
2350
4269
1269
5667
9061
5667
8588
7983
498
7983
489
7983
2254
2255
5251
9112
1329
7258
7741
6553
4088
1387
7176
1387
9254
4768
2335
4768
1574
1573
1553
1573
7302
7772
7302
7772
1285
1291
1273
1291
8057
8602
3679
8602
1179
5403
7654
5598
8112
5598
2104
2134
2135
2134
1173
7638
2684
6333
8058
6333
9196
9175
8955
9175
4081
5649
4084
5649
9526
2635
3886
2383
1634
1652
1656
1652
2276
2577
3874
2577
5336
7755
1635
7755
8363
7755
9386
7755
586
7950
8948
9169
8212
6739
8240
6739
5806
5080
6666
5080
1675
4189
892
900
875
900
7249
1194
1157
1194
8853
1194
3907
1194
3768
3674
8538
3674
2071
9297
2502
5496
3983
5496
219
351
7764
9501
3164
8244
3151
7536
7372
2272
3790
2272
3164
4514
878
7540
7284
8839
1970
7661
1664
1783
356
444
453
444
9377
8372
3605
4744
6020
4744
9474
5368
3882
5368
7822
787
9136
787
2552
4803
5486
4803
2503
5500
2521
5500
9546
1972
8810
1972
7691
1972
8797
1972
6665
5076
5803
5076
863
896
8053
896
274
332
1412
3207
3210
3207
3723
7946
1672
1688
6376
8689
5814
8689
4637
8689
1935
1955
8086
6125
7125
6624
7096
6624
601
6958
605
6958
7487
6958
8993
6958
1120
9082
669
8581
8338
8283
1544
9692
1547
9692
2311
6033
8091
6033
600
9205
9687
9205
9527
8355
2852
2885
925
991
983
991
4487
9029
2328
9029
1804
9029
6665
9029
5706
9029
1923
9029
7027
9029
6192
9029
1779
9029
5739
9029
1897
9029
5803
9029
5736
9029
2103
9029
4505
9029
2159
9029
2725
9029
7121
9029
2242
9029
4437
9029
3399
9029
1282
9029
9467
9029
2226
9029
2887
9029
4516
9029
2258
9029
4234
9029
1387
9029
5831
9029
4705
9029
1958
9029
4573
9029
3065
9029
1765
9029
3033
9029
4281
9029
2029
9029
3337
9029
3215
9029
5081
9029
7102
9029
4104
9029
1876
9029
7618
9029
4457
9029
2091
9029
2687
9029
1745
9029
4612
9029
6997
9029
4893
9029
1315
9029
4533
9029
6652
9029
1333
9029
2323
9029
4467
9029
5939
9029
5777
9029
6561
9029
4265
9029
4642
9029
2049
9029
4237
9029
3129
9029
2120
2216
7409
9675
9691
9675
8491
9675
9394
5340
6940
3807
1477
9052
7139
6410
8179
6410
4750
6018
4238
6018
7048
7300
870
4026
853
4026
8715
3655
6392
3655
3593
3655
8303
5560
1006
5560
4710
4708
4710
4708
1972
3969
2864
5036
2915
5036
3034
6195
4572
6195
1857
5831
9126
7774
569
6996
7375
6996
9743
9739
931
4330
914
4330
276
254
8888
6551
4252
6027
4241
6027
3867
2057
5342
2057
1887
3389
2614
3389
1839
3389
2722
3389
2793
3389
5351
3389
2128
3389
2984
3389
4278
3389
6595
3389
2238
3389
2447
3389
1834
3389
2672
3389
3340
3389
1809
3389
5357
3389
5774
3389
1919
3389
7010
3389
2506
3389
5471
3389
5455
3389
2875
3389
8127
3389
2751
3389
2219
3389
2345
3389
4274
3389
2157
3389
2112
3389
2042
3389
1756
3389
9494
3389
2502
3389
3999
3389
2541
3389
6947
3389
1797
3389
4717
3389
5482
3389
2019
3389
4226
3389
2865
3389
1953
3389
5787
3389
6124
3389
2647
3389
3157
3389
2586
3389
2940
3389
5353
3389
6190
3389
5835
3389
3685
3389
3983
3389
3111
3389
5350
3389
3174
3389
3388
3389
4262
3389
5430
3389
3695
3389
4223
3389
2549
3389
2596
3389
2663
5806
9504
6721
8175
6721
7376
7859
3611
7859
5242
7859
8900
7859
6530
7859
835
858
847
858
1044
1053
3756
1053
811
4011
803
4011
1929
6891
3791
2274
8434
2274
2602
6073
6598
6073
1928
5878
4510
6152
4515
6152
1643
3672
1677
8163
8968
9354
9695
9354
731
9354
3932
7274
3567
9437
3688
1891
1898
5875
1932
5875
2082
5937
8830
8816
5767
4911
3350
4911
578
8570
7439
8503
5210
8503
9652
7800
1264
7057
844
855
663
664
836
850
2960
2961
2020
4705
259
200
368
200
7642
6198
3035
6198
3937
3936
3937
3936
8227
4869
8107
4869
1523
1530
9034
872
845
872
2700
2757
477
335
1978
1996
2836
6249
4577
6249
5761
4926
5783
4926
1631
9529
8857
9529
8866
8396
7234
7216
8585
640
639
640
9728
9725
724
9725
2133
6015
2153
6015
1923
5153
1958
5153
2280
2300
2299
2300
1917
8734
8858
9552
519
9552
8391
9552
7333
3658
2816
3658
1437
1446
2575
5474
1249
3696
1175
1176
789
8925
7198
1359
1363
1359
7203
1359
9485
8358
7074
3434
2859
2888
5363
5362
180
424
341
424
372
424
3486
3083
3837
3083
3832
3083
1935
1958
3413
6128
8750
6128
2506
6612
5353
6612
5434
5923
5964
5923
6955
3283
4116
1860
6379
6985
6379
3538
9423
4892
6156
4511
6156
371
271
100
271
282
323
110
323
80
323
2204
3619
9535
6972
9328
701
1669
1685
1686
1685
6190
6783
3685
6783
9309
3075
3467
2657
2661
2608
2661
4158
4157
2515
2540
1281
1314
9684
9664
2421
5365
2411
5365
7643
6117
7637
6117
5432
4685
1761
4685
1740
1869
7623
6235
3023
6235
7624
4996
8653
4996
4520
6177
6123
6177
7035
7036
1056
8067
3320
7560
100
101
2384
5300
2070
2153
3662
9694
9699
9694
7129
4314
7135
4314
9602
7340
1913
1926
4184
1926
1129
1157
1158
1157
1192
8680
1771
1911
1085
4359
1060
4359
172
386
291
386
82
386
1441
8818
3729
9225
4177
4176
572
574
3263
4891
8239
4891
3214
3250
3241
3250
7688
2944
5247
8483
1078
1116
8047
1116
7290
9120
7423
9120
5250
3872
9112
3872
3870
3872
3800
3872
8764
4530
3156
4530
916
936
3153
7076
6899
7076
604
7965
7514
7965
6529
7965
9194
9650
9198
9650
8512
9650
1707
1705
4164
1705
7567
6803
7572
6803
8182
4446
8206
4446
491
7500
7987
7500
6535
2365
3357
3380
7371
7368
9164
7368
9180
7368
8930
7368
1308
5661
3651
5661
659
9009
2451
5540
2438
5540
146
147
4232
5993
4240
5993
5358
6620
4005
6620
2358
2362
2364
2362
7265
2474
9552
2474
2475
2474
7256
2474
2896
2908
2894
2908
90
170
470
170
5321
3103
7816
3103
5320
3103
3042
3103
2170
9559
2172
9559
1631
3850
2208
6592
6909
3855
2709
2776
2869
2776
3948
2776
3459
2776
8241
6351
8113
6351
3115
4958
3130
4958
736
7962
1910
6447
4668
6447
1046
4053
1065
4053
1951
3858
170
366
6652
4955
3129
4955
1005
8303
7636
6213
3066
6213
240
434
237
434
367
434
3736
7399
7362
3754
7362
2806
2905
2909
2905
7076
3394
7080
3394
3321
8671
677
7474
668
7474
999
1011
343
312
186
312
7768
2368
7237
2368
5220
2368
7241
2368
1002
1026
5225
1026
2476
2500
2460
2500
1691
1803
7372
7365
778
807
799
807
5473
4783
2597
4783
2782
9509
1300
1330
3767
1330
5228
1330
3714
4972
4532
4972
627
7968
966
969
3139
3187
3190
3187
108
465
740
741
9551
1708
9571
2076
5342
2076
1355
8709
3381
9403
2014
3643
1330
7840
8473
7840
8477
7840
1347
7840
9443
3409
7062
3409
2911
5786
9065
5057
2876
5057
9641
3582
1545
3582
3636
3582
2504
3991
9580
6911
6912
6911
2047
5897
2021
5897
4077
9441
9059
9441
3486
5274
8919
8905
2527
7153
3435
9352
3730
600
2166
3787
6992
3787
7455
8436
1721
1744
9329
1870
6390
4644
6390
5217
5216
3250
3267
6967
9705
7472
9705
8988
9705
3185
8694
3298
3371
2322
2340
2186
2340
7676
6926
7159
6926
1414
1514
1381
1514
1700
4688
4178
4688
2914
6869
5005
6869
2887
6238
4573
6238
801
3896
818
3896
7033
2560
9092
2560
2559
2560
8795
2560
1794
6422
4659
6422
1916
2036
7243
2036
7026
2036
7266
2036
269
362
204
362
8188
5192
2652
5192
8547
9708
622
9708
9356
9708
1609
8188
2919
2967
2966
2967
8814
3900
2548
2556
2537
2556
1182
1189
1181
1189
5958
2040
9277
2040
1413
8869
2118
2212
8018
7071
4148
7224
8640
4914
3329
4914
514
5220
2418
5220
8850
5220
6943
6386
1872
6386
2765
2809
2330
2336
7515
7472
2071
6930
5749
6732
3266
6732
595
596
2034
4194
8453
8440
4645
5822
4159
5822
5245
9636
2432
2458
2467
2458
8990
7455
7952
7455
526
8990
7476
8990
7477
8990
9725
9373
8572
9373
2004
7109
1703
4652
3778
3601
3777
3601
9288
3601
7951
3601
9684
3601
6929
4974
6928
4974
7646
5790
3063
5790
217
313
349
313
129
313
8891
8875
548
549
2776
2771
2707
2771
5473
4291
5348
4291
9314
719
1300
7836
1286
7836
2862
4573
496
498
9058
4387
8695
4387
2731
2794
3004
3065
8791
6745
5778
6745
8311
8793
1944
2080
2123
2080
694
9730
484
9730
8431
3564
3670
3564
2512
3564
1983
9479
1307
1326
1324
1326
476
475
36
475
7611
6515
3699
6515
4523
6762
5779
6762
2013
4209
1264
1269
3593
8268
5273
5272
5273
5272
1018
1030
2465
2496
2498
2496
695
8997
9730
8997
5256
5255
558
9096
1663
7226
1663
6678
1663
1657
1663
1353
8003
7984
3740
9688
3740
7494
3740
8943
3740
4172
4171
4125
4124
198
199
9551
3461
2666
2667
305
363
204
363
4626
4625
1798
5134
7141
5134
7823
1407
3008
3062
1296
1311
1600
2649
1086
5577
8711
5577
8940
8891
6978
8891
5384
5383
1174
5635
1758
1768
5821
9465
1224
7595
3304
6765
9079
6765
2384
7094
2588
2598
2406
2403
5264
2403
1788
7649
3422
4511
898
8642
3521
5638
6570
5638
2084
2094
2077
2094
1752
1765
8211
6293
8739
6293
7385
3846
7923
7403
580
7403
8505
7403
1001
7598
2728
2780
8094
6768
7639
6768
8139
2595
7943
8965
8531
8965
611
8965
2208
8262
7247
5258
6528
6527
9108
555
8650
6051
8079
6051
2737
7667
9478
6616
2488
6616
6578
4112
3553
4112
7829
4112
8416
4112
9547
4112
9539
4112
4629
4628
1375
8265
1233
1234
1180
1234
570
572
3089
3159
245
246
9300
9301
8065
5536
7609
5536
4173
5847
4665
5847
8754
4469
1445
4469
4414
4450
1510
4450
8474
9619
8471
9619
9639
9619
2870
9497
7503
7496
717
7496
3293
3376
3281
3376
808
9680
8862
9680
7382
9680
8192
7080
3055
7080
903
7080
8212
7080
6962
7080
8153
7080
7052
7080
8733
7080
6898
7080
841
7080
1475
7080
8148
7080
6897
7080
824
7080
812
7080
6888
7080
1150
7080
7655
7080
4622
7080
3153
7080
3614
7080
9504
7080
8125
7080
8117
7080
8177
7080
8238
7080
3262
7080
6892
7080
8756
7080
2944
7080
936
7080
969
7080
3027
7080
8175
7080
8151
7080
1502
7080
8720
7080
869
7080
3305
7080
958
7080
6896
7080
7082
7080
7654
7080
8681
7080
994
7080
924
7080
3167
7080
8162
7080
2791
7080
6893
7080
8129
7080
8735
7080
8196
7080
8172
7080
2872
7080
8240
7080
8120
7080
8744
7080
2712
7080
800
7080
2653
7080
8112
7080
8101
7080
856
7080
877
7080
8119
7080
8186
7080
3013
3068
8658
6748
5764
6748
3742
8979
8543
8979
2854
2863
8646
4617
9469
4617
7156
6699
7136
6699
9524
1762
9529
1762
5085
6518
9339
6518
909
940
929
940
8977
9200
6581
4526
3333
4526
1122
1120
1100
1120
7878
6533
9359
6533
9645
6533
9617
6533
8982
9187
9204
9187
1478
1491
1398
1491
7818
3874
5255
3874
3798
3874
5253
3874
3799
3874
493
495
1072
1092
9191
7907
2458
2455
2444
2455
1716
5089
1861
5089
4182
4180
8925
9132
3205
3246
3245
3246
586
7458
1989
8676
3861
2109
3581
2109
9555
2109
8838
2109
9118
2109
5343
2109
1643
9149
1487
9490
469
178
94
178
2832
9060
7342
7336
2512
7336
2473
2472
2454
2472
3964
1930
7212
1930
36
37
8665
6704
8670
6704
5297
5296
8550
9661
6537
9661
1247
8758
837
4014
827
4014
3177
8185
2072
7040
9261
7556
9646
3759
9343
7212
9115
7212
5337
7212
1620
7212
8717
5613
8760
5613
2863
5000
8260
5000
2180
2224
2233
2224
2108
2071
2063
2071
3415
7021
3417
7021
8035
6467
4696
6467
3850
3849
3850
3849
2
286
3
286
7179
4568
2968
7646
7749
7727
3799
3798
3799
3798
3054
3117
2802
7784
7106
6619
4002
6619
7151
4697
6878
4697
7635
4697
6831
6828
4610
6828
37
260
476
260
2205
2201
7722
2201
5294
2201
3515
2201
7113
1825
3357
3379
2669
2715
3947
2923
8404
2923
2893
2923
475
42
41
42
3090
3128
7864
3612
7810
3612
7741
7718
615
7499
3448
2545
3877
2545
7465
1542
7944
1542
4004
5539
4003
5539
1401
4466
3213
4466
9209
9194
3505
7548
7550
7548
3088
3156
8856
9123
3804
5304
5801
6817
2769
6817
5417
4529
9340
4529
1144
1141
1126
1141
3022
8325
5470
6696
8670
6696
3481
632
8476
8908
8475
8908
152
153
3792
2284
3793
2284
2174
2284
9257
2284
3796
2284
3595
6881
1388
6083
1352
6083
19
473
480
473
8169
6434
8716
6434
7569
5888
7565
5888
829
835
834
835
7786
777
773
777
776
777
1850
1852
210
8104
6658
8221
6658
3161
9484
130
131
904
921
8345
1773
1659
1773
7821
1773
8346
1773
3018
3015
2953
3015
9043
5693
7576
5693
1084
4360
1067
4360
1486
3198
1640
1678
1642
1678
1436
8679
2061
2106
2108
2106
3205
3249
3238
3249
301
219
2057
7733
3290
5757
2671
5086
5804
5086
9389
1302
5406
1302
1291
1302
5407
1302
9746
8591
2385
5299
7705
8273
2567
5348
3470
645
8098
5961
2044
5961
2081
2164
8829
8352
2104
2131
2144
2131
7018
7339
9667
3756
9675
3756
8929
3756
796
3756
2771
2875
9147
9137
2895
2937
2922
2937
3008
9054
666
7504
8584
7504
1829
1870
2530
2532
2363
2532
967
981
950
981
9696
9206
1901
7559
177
389
297
389
2473
2504
2498
2504
2817
2878
2895
2878
1089
7532
2882
6870
8061
6870
3012
3073
2593
5484
8152
6672
1867
6672
1517
4101
3091
3152
8527
8926
8977
8926
2563
2559
7746
2559
1184
1186
7512
599
3552
3551
473
25
24
25
2964
3027
3141
4502
2262
5345
3477
648
2340
2339
2298
2339
1605
7131
2611
6389
7640
6389
8296
7164
3721
2803
2806
2801
2806
2446
7106
1485
3195
7690
2831
4137
2831
4135
2831
7683
2831
6653
2831
9348
2831
3956
1737
7207
1737
1818
1737
7224
1737
6554
1675
3463
1675
8789
1675
1641
1675
2675
2733
2730
2733
6986
716
9565
7839
830
838
6394
6852
4657
6852
4574
6773
5786
6773
545
546
8807
8802
2770
6655
6948
8984
7552
3410
2951
3018
3019
3018
1242
8815
8569
9228
6876
4206
599
604
602
604
601
604
1330
1329
1306
1329
1743
1817
9246
8328
2968
3033
8888
5332
8300
8710
7680
8710
3009
4562
781
813
8636
813
556
7284
1877
1881
3783
1881
8442
1881
2006
5885
4690
5885
966
970
2668
2718
2399
9382
3037
9382
3038
9382
1684
3624
2462
2499
2460
2499
2710
7715
2710
7715
3931
3125
3454
3125
4121
3125
3124
3125
3448
2548
2536
2548
9734
9722
1235
1266
1265
1266
1259
7545
979
4342
989
4342
9647
5241
9647
5241
9149
8421
2721
6825
2682
6825
2619
7201
2619
7201
4155
8317
88
90
1806
1828
1820
1828
3072
6207
3115
6207
2008
2021
1707
1723
1697
1723
8775
2727
4149
2727
7167
2727
1593
2646
3105
4565
3064
4565
2246
4231
3747
3795
3748
3795
1097
4064
663
9744
652
9744
627
9744
659
9744
633
9744
656
9744
669
9744
631
9744
3721
9744
626
9744
624
9744
637
9744
665
9744
644
9744
646
9744
638
9744
649
9744
7653
6674
5429
6674
1604
2650
1138
8017
1096
8731
9568
1413
7853
1413
8890
1413
3449
1413
7223
7182
8318
7182
2784
7182
95
388
176
388
352
388
7024
7243
7293
2321
9559
2321
7859
9343
1482
8755
1636
1654
1649
1654
7984
3739
9199
3739
7907
3739
5262
2417
3881
2417
213
461
284
461
120
121
1183
3904
1267
1270
1225
4395
8123
4395
8021
6984
895
6984
3423
6984
4567
5032
8232
5032
3187
3333
5479
8028
1018
1029
229
1859
5147
1795
5147
1905
1902
1646
1902
7937
7425
7927
7425
1972
8706
7833
7821
1944
2079
2123
2079
920
4042
178
357
302
357
5359
2428
944
966
962
966
6546
3553
7899
7877
9280
4210
3191
9412
8982
7935
7948
7935
4264
8614
1271
8614
1268
8614
550
4850
3406
3495
3406
2832
5789
3080
8115
719
720
8327
3318
3260
3318
7240
3318
3180
3318
9331
692
2317
7110
3122
6929
5827
7587
530
7373
8071
3493
7290
5219
7789
5219
5218
5219
2765
2810
9362
1222
9682
1222
7898
1222
7395
1222
6955
8968
7757
1438
1407
1438
3919
1438
3920
1438
873
884
9610
8439
96
307
8216
4481
8258
4481
589
7452
9534
9266
7676
2039
7159
2039
4207
2039
2810
5045
5795
5045
1149
1190
1171
1190
7313
1190
985
3899
1246
4082
83
84
2750
4143
842
3431
9462
3431
1124
3431
4058
3431
8627
3431
7156
6866
4767
6866
3284
3327
3319
3327
2869
3948
2869
3948
920
8052
2839
6261
2886
6261
2917
5048
9045
5048
7314
7039
2655
6357
4620
6357
2957
4999
5789
4999
9648
3760
9648
3760
795
1002
5201
1002
7363
1002
8463
1002
1857
1866
633
7973
8417
3945
3936
3945
2746
3945
3937
3945
4144
9468
6683
9468
5473
9468
6191
9468
3131
9468
2551
9468
2533
9468
9254
9468
3649
9468
4606
9468
7006
9468
2799
9468
2289
9468
5509
9468
2597
9468
9265
9468
8734
9468
7040
9468
5348
9468
4654
9468
4613
9468
1452
9468
2270
9468
2142
9468
4290
9468
2126
9468
4953
9468
2240
9468
3678
9468
3029
9468
2726
9468
4283
9468
2889
9468
1987
9468
2982
9468
2256
9468
2097
9468
2218
9468
2600
9468
2335
9468
8504
9176
3964
1929
7212
1929
4100
6641
5711
6641
2372
2373
2371
2373
2376
2373
2375
2373
3876
2587
2577
2587
1381
1377
1348
1377
2455
2452
2435
2452
1441
1435
1409
1435
1557
1583
1577
1583
1254
1281
1283
1281
2452
8127
8256
5607
8251
5607
3296
5751
7668
5090
1717
5090
6552
4179
3163
3315
8042
3315
5522
5521
151
152
1049
4356
1068
4356
7697
2110
8281
2110
9611
9114
40
43
475
43
9686
7913
708
7913
710
7913
1593
8118
1122
1119
1100
1119
5831
5122
1745
5122
6588
3684
1498
3684
1513
3684
1218
3684
4078
3684
4594
3684
3000
3684
2839
3684
3154
3684
4081
3684
7055
3684
5417
3684
2693
3684
2812
3684
1339
3684
4090
3684
4084
3684
1506
3684
2959
3684
1177
3684
1390
3684
5424
3684
3524
3684
3069
3684
4372
3684
2886
3684
3547
7428
9668
7428
9093
6902
2957
7079
3668
7079
4507
7079
5761
7079
4260
7079
2325
7079
5517
7079
3104
7079
4600
7079
6831
7079
5783
7079
4702
7079
4275
7079
3272
7079
6559
7079
4590
7079
4610
7079
5755
7079
6581
7079
4239
7079
2099
7079
2347
7079
5839
7079
2211
7079
2509
7079
9262
7079
5472
7079
2789
7079
5878
7079
3619
7079
3643
7079
3991
7079
3062
7079
3379
7079
3333
7079
5789
7079
2810
7079
5751
7079
5834
7079
2045
7079
4661
7079
4300
7079
4598
7079
7652
7079
4718
7079
3254
7079
2266
7079
4521
7079
5830
7079
4279
7079
2519
7079
5354
7079
3986
7079
1931
7079
2024
7079
9281
7079
6189
7079
4198
7079
6562
7079
5795
7079
5485
7079
7144
7079
4566
7079
7653
7079
5805
7079
5429
7079
5477
7079
7768
2425
5220
2425
5221
2425
7251
2425
8671
4942
8194
4942
2761
2854
2857
2854
7946
7938
918
939
940
939
7303
8384
7303
8384
2296
8133
8245
6700
8111
6700
7630
4470
1445
4470
3934
3932
9519
1984
7358
3160
8440
3160
8894
3160
8438
3160
1567
4603
1603
4603
6898
4398
6897
4398
9312
487
8500
9644
8960
9644
8513
9644
6939
5004
520
8878
8215
4449
1393
4449
7674
8025
4735
8025
5346
8025
2178
2182
6990
2182
2184
2182
3446
2182
1244
1247
1273
1247
1848
5834
1926
8197
7434
7417
490
7417
8526
7417
2230
2243
9589
7321
9141
7321
9600
7321
2743
7321
1751
7650
2728
2779
15
7807
8851
2492
2521
2614
5110
1839
5110
831
8630
2696
2751
2088
2090
2241
4247
2227
4247
7517
724
7986
724
687
724
726
9360
714
9360
703
9360
500
9360
1609
3704
2109
2122
5342
2122
1995
1999
88
89
2864
6246
4595
6246
3367
9432
1786
9432
2641
9432
4695
9432
6118
9432
9471
9432
2613
9432
1866
9432
2026
9432
4850
9432
2526
9432
3401
9432
1849
9432
5753
9432
3495
9432
5766
9432
5829
9432
8773
9432
4534
9432
1699
9432
1527
9432
1893
9432
6677
9432
5763
9432
3264
9432
3199
9432
3232
9432
9505
3939
9038
4866
7585
4866
4716
9449
4105
9449
4621
9449
3331
9449
3418
9449
1799
9449
2154
9449
1845
9449
4225
9449
8121
9449
9248
9449
2616
9449
4488
9449
4730
9449
1888
9449
5825
9449
1780
9449
3237
9449
5836
9449
2140
9449
8262
9449
8118
9449
1999
9449
8223
9449
3107
9449
1472
9449
9500
9449
1216
9449
8097
9449
5816
9449
1921
9449
8098
9449
8225
9449
4588
9449
9340
9449
1954
9449
2044
9449
8687
9449
3363
9449
1826
9449
9255
9449
8141
9449
3642
2048
1633
7045
1630
7045
2289
5452
2240
5452
1442
1449
1443
1449
1325
9466
5209
9178
9604
8448
8302
3533
9227
2607
8546
2607
7313
8399
5339
7219
3917
1398
1364
1398
8836
1398
6538
1398
5329
1603
1570
1603
8213
4929
8247
4929
8714
5587
1154
5587
919
932
1457
1470
3884
5373
2412
5373
8734
5863
2026
5863
620
621
1327
1356
1357
1356
3868
3748
7357
3748
534
3748
7404
5243
8935
5243
4290
6068
4283
6068
8393
9543
7791
9543
9464
5182
3663
5182
8777
8178
5418
8178
8273
8178
8280
1179
8283
1179
1166
1179
3905
1179
7163
3518
9489
3518
3654
3518
238
1608
3699
2738
2847
8701
6159
8190
6159
7686
6376
4120
4119
910
945
930
945
5211
1942
9358
1942
2456
4002
9368
3527
3676
3527
2989
3051
7826
3051
754
760
5214
7895
7905
7895
7441
7895
9649
9635
2879
8404
2252
7147
1342
3616
2763
5425
3877
7032
1939
2004
2005
2004
2301
4281
2979
4583
2942
4583
1391
4435
4439
4435
5401
4377
5402
4377
8349
507
6650
4984
9470
4984
3087
5780
9144
8876
7845
8876
3283
3293
3287
3293
1400
1481
1404
1481
1998
2032
2403
3884
1374
4438
7396
7004
4277
6062
2603
6062
5345
4222
2227
4222
268
209
1616
7949
925
948
926
948
2630
8686
7361
6942
2369
6942
459
220
301
220
1113
1143
7380
1143
5752
4902
8239
4902
1054
1082
6877
2147
3559
2147
4206
2147
2079
2147
7559
6461
7565
6461
2646
5079
6666
5079
6891
4190
900
899
882
899
9191
7898
486
7898
9569
8432
9569
8432
1318
8093
5768
6740
4503
6740
1746
5428
1313
5650
4082
5650
9550
8847
9127
8847
5360
6564
8070
6564
1301
9043
7787
5321
2169
3745
538
3745
7356
3745
2850
5794
4287
6065
4280
6065
3097
5417
1071
8237
1174
8175
5295
3515
869
4029
877
4029
9419
5771
1291
7607
8472
8445
7895
8445
219
294
123
294
2736
2790
7467
8966
2744
8966
5348
6601
4290
6601
1394
1395
6879
4270
2285
4270
893
904
876
904
2116
2219
1800
9268
3623
9268
8635
9268
4287
9268
4712
9268
2815
9268
2127
9268
4227
9268
2017
9268
2237
9268
3997
9268
4609
9268
4580
9268
2327
9268
3110
9268
5762
9268
5817
9268
3985
9268
3988
9268
3368
9268
2582
9268
1827
9268
1851
9268
4232
9268
2479
9268
5522
9268
3992
9268
4520
9268
4240
9268
8629
9268
5806
9268
4209
9268
3159
9268
2646
9268
5428
9268
2348
9268
8632
9268
2030
9268
6666
9268
1787
9268
2342
9268
2918
9268
5481
9268
1922
9268
4506
9268
3335
9268
8634
9268
6664
9268
2158
9268
4578
9268
3989
9268
8631
9268
4280
9268
6123
9268
4592
9268
5760
9268
2165
9268
2579
9268
1769
9268
2487
9268
4570
9268
8026
9268
5754
9268
2259
9268
2346
9268
447
327
97
327
268
303
1599
6999
1178
1210
76
259
69
259
6548
2822
2804
2822
9393
2822
1946
3966
5794
5039
2874
5039
1043
1042
1025
1042
228
395
225
395
442
395
1994
2045
7218
9073
7046
7048
3845
7048
3358
3386
8191
5809
2714
5809
7917
7856
1039
7122
3732
3351
8223
3435
9747
1719
4654
8063
5967
8091
5967
690
7521
9116
712
9473
7090
3924
7751
8090
4413
7607
4413
1486
8154
8258
5733
7659
5733
8775
7086
4149
7086
7167
7086
3829
3238
3709
3238
7796
3238
7775
3238
4626
7693
3285
3422
3397
3422
1040
1064
8808
1231
1194
1231
7698
1231
8809
1231
8465
795
8478
795
9283
9284
1567
1565
1552
1565
2045
4723
4718
4723
6980
7845
5828
6371
1824
6371
9666
7860
4589
6267
3526
6267
3170
3390
3359
3390
3879
2484
3880
2484
2500
2484
1972
3970
2904
2897
2805
2897
9589
9141
9589
9141
8587
3813
8504
3813
1550
1562
7825
1562
1007
5559
8757
5559
3987
5504
9291
5504
933
4329
912
4329
8577
8525
9701
8525
8572
8525
9330
8928
1195
1206
1205
1206
4
5
2191
2345
1324
1342
1303
1342
7803
5339
8414
5339
7307
5339
6560
4266
6596
4266
7046
7348
1508
6643
4106
6643
8360
9103
9543
6582
8033
6409
1868
6409
2729
2786
9332
7299
173
302
256
302
1507
4828
9338
4828
7453
7832
3650
4675
3679
4675
2159
4737
2091
4737
2230
2241
4558
6187
3112
6187
4078
5646
4084
5646
1444
5727
1529
5727
2999
5021
8230
5021
191
3839
3838
1900
4186
1615
9226
582
584
4507
6736
5755
6736
1103
1101
1083
1101
8135
4881
8762
4881
1266
8690
2033
5905
4711
5905
7334
7304
7342
7304
563
7304
1509
4817
6959
4817
1740
6394
2329
2332
1735
8151
974
5548
8143
5548
54
55
8564
8552
968
7539
4097
1502
5415
1502
8679
5718
7631
5718
2329
8722
7127
5499
2520
5499
5315
3213
3219
3213
8484
8473
8704
5776
8189
5776
4046
5545
931
5545
2515
2539
7017
3592
7018
3592
3867
3592
8861
3592
4102
5715
8228
5715
9554
3447
2321
3447
3274
3351
3261
3351
2518
4302
2520
4302
3775
5284
7934
5284
3774
5284
7393
8906
2926
3620
2937
2993
2991
2993
7706
3981
2314
2304
2281
2304
227
392
442
392
7095
6103
9456
6103
7016
7332
2031
5908
9264
5908
7960
756
8994
756
4640
6380
7131
6380
9560
3921
1434
3921
8966
3777
160
161
3837
3835
1010
7804
5225
7804
9619
5201
1534
4825
8713
4825
6874
7241
559
7241
6873
7241
1783
4678
1764
4678
142
317
224
317
76
7198
1360
9503
8611
8711
8611
2338
2348
1852
5131
1802
5131
638
639
8100
5164
8184
5164
3917
1466
6539
1466
1434
1466
9655
8894
1987
5944
2097
5944
1239
7345
3173
4542
3155
4542
93
387
297
387
352
387
2322
2299
2282
2299
2974
9420
9239
7484
641
7484
1274
9583
8535
9208
8170
6250
8157
6250
2706
4141
1519
1529
7168
1529
3742
8528
8543
8528
4002
5532
2507
5532
8667
4870
8135
4870
7793
798
773
798
8590
798
3737
798
1114
7799
652
653
2336
4773
5469
4773
1551
1568
1570
1568
9723
8569
9004
8569
7887
7848
836
849
1463
4852
3196
4852
3208
3235
280
111
370
111
3182
3177
3125
3177
578
8517
7248
1697
1683
1697
2076
2086
9525
2086
7729
2086
2664
2693
229
230
3328
8747
6084
8626
5671
8626
4836
8626
5882
8626
5154
8626
6784
8626
5017
8626
6806
8626
5125
8626
4923
8626
6757
8626
5852
8626
4834
8626
6793
8626
5728
8626
8207
8626
4408
8626
6630
8626
4687
8626
4744
8626
4972
8626
5727
8626
6807
8626
5116
8626
5705
8626
4452
8626
5675
8626
4548
8626
6631
8626
4906
8626
5883
8626
4451
8626
4880
8626
6456
8626
6785
8626
6157
8626
4551
8626
6511
8626
6206
8626
2263
8626
4461
8626
6438
8626
4867
8626
4862
8626
6158
8626
1869
5106
1816
5106
9629
7830
9379
7830
9161
7830
8476
7830
7004
7830
8475
7830
2004
2011
2319
4274
9420
4991
4576
9440
8766
9440
4404
9440
3036
3044
2988
3044
1078
4057
3113
6217
8077
6217
8335
8307
3715
8411
3715
8411
1944
1969
9556
1969
1127
8426
9483
7705
7842
1076
1062
1076
8741
4896
8749
4896
3954
2708
8355
2708
7750
2708
2702
2708
2203
6936
3447
2330
2297
2330
1350
5688
3651
5688
1523
8692
3303
3183
3138
3183
1790
1807
5331
1807
2980
6228
8696
6228
613
614
8564
8550
8997
8550
9001
9229
9259
4216
2271
4216
5226
9695
7449
9695
2023
2026
1330
1368
7014
1368
6598
4787
7130
4787
7326
8369
7301
8369
3697
8369
2569
6056
1397
8720
3340
9252
5774
9252
5471
9252
2345
9252
5482
9252
9442
9252
781
803
1433
1500
1467
1500
4193
5893
6922
5893
631
9005
7497
9005
705
706
4480
6098
3266
6098
3419
3420
3010
3008
2948
3008
4514
6149
4509
6149
1738
3669
1612
3955
3726
1990
3647
2339
7116
3396
3392
3172
3392
8667
4858
8666
4858
7391
7862
2842
5053
4581
5053
7368
1560
1559
1560
3514
1560
7366
1560
2066
3972
2199
3972
9675
1036
9361
1036
7896
1036
796
1036
7340
3711
9342
3711
5335
3711
3657
2816
7772
2816
7302
2816
2802
2816
682
7865
8928
7865
7876
7865
8838
9555
8838
9555
7891
3783
3743
3783
2517
2514
2461
2514
3602
7157
3602
7157
1302
1340
730
731
3148
6580
1538
2744
9229
2744
3543
2744
3251
3263
2074
2157
3174
4540
3695
4540
3732
7514
9638
926
7865
926
946
926
7850
926
1688
4661
8316
4661
8951
9651
7461
9651
8502
9651
8362
7744
5325
7744
7802
7744
1585
7744
3969
5446
3615
5446
1121
1153
8068
6173
8066
6173
7699
4872
3360
4872
3452
5530
7609
5530
9306
7868
3779
7868
8470
7868
858
869
2224
8063
2815
6252
4578
6252
7925
8487
5447
2116
2121
2116
2114
2116
6912
3958
8238
4855
3262
4855
9471
4850
7836
8844
2292
6594
3084
9505
8131
6095
1476
6095
3316
5764
7274
3005
5281
3005
3938
3005
897
911
2638
5801
3579
6225
7627
6225
69
78
77
78
1666
3590
9355
8909
7437
8909
8217
6807
6656
6807
1415
5314
7823
5314
1231
6571
2529
4300
1336
1365
8569
9704
7025
7026
7292
7026
7288
7026
7736
7708
8980
3622
9214
3622
9652
2705
8527
2705
9632
2705
9200
2705
7446
2705
9394
6969
2468
3996
7755
1936
1930
1936
7847
7330
7848
7330
7849
7330
1391
5685
9466
5685
5352
6609
8088
6609
1711
6382
6943
6382
3650
6443
4666
6443
7115
6454
7559
6454
782
3891
768
3891
7012
7011
1455
1474
6930
5997
2215
5997
9325
3382
5176
7005
5176
136
137
3053
3107
1360
1362
5311
1362
1357
1362
7203
1362
2410
5359
7309
9121
7814
9121
7029
6523
1841
6523
654
9363
651
9363
8578
9363
9242
9363
8581
9363
9009
9363
8584
9363
7513
9363
0
1
2891
7663
3347
5180
6120
5180
1297
4089
764
765
777
765
8344
765
9111
765
8242
4874
8128
4874
1075
1094
1095
1094
9697
9287
7982
9287
7345
8865
7739
1595
5427
1595
2635
1595
1566
1595
591
8358
3488
9501
9491
1490
8144
512
7311
3655
6401
5824
6401
9344
8645
7525
7407
7983
7407
8739
6297
7667
6297
3588
679
7584
4759
9035
762
750
762
3705
2867
2743
2867
2691
4613
2441
4000
1245
9061
1895
1940
1915
1940
7344
7326
9679
8879
8917
8879
7862
8879
8548
9670
3073
5014
3114
5014
1845
5843
1780
5843
2537
4296
257
236
3586
7030
7510
3586
9737
3586
7801
2234
5248
2234
7312
2234
9578
2234
3080
5782
7822
7269
7322
7269
9741
7269
3013
8632
1113
1109
1090
1109
3222
8108
1202
5628
1185
5628
1875
5112
1748
5112
8503
7903
1371
1455
1461
1455
2088
2092
6559
4258
9262
4258
3146
3305
9002
6537
9236
6537
2465
2491
2477
2491
2025
6475
1960
6475
1469
4846
9047
4846
2121
2120
2113
2120
1262
9475
1844
4638
1736
4638
2490
5511
2501
5511
3995
5526
4001
5526
5709
9300
5436
9300
1085
9300
1050
9300
4414
9300
3031
9300
1313
9300
5421
9300
1535
9300
3521
9300
6667
9300
1060
9300
3577
9300
8034
9300
3362
9300
3094
9300
4508
9300
8033
9300
6570
9300
4204
9300
1221
9300
3061
9300
1111
9300
3265
9300
1768
9300
3198
9300
5757
9300
4082
9300
5780
9300
6999
9300
1340
9300
1365
9300
4192
9300
1874
9300
4587
9300
8035
9300
7029
9300
1022
9300
1104
9300
4486
9300
1202
9300
1510
9300
2956
9300
4510
9300
1778
9300
1136
9300
5633
9300
3550
9300
4100
9300
2814
9300
3231
9300
1841
9300
2981
9300
4515
9300
5631
9300
1792
9300
2146
9300
6119
9300
8024
9300
5711
9300
8030
9300
1185
9300
1868
9300
2785
9300
8029
9300
4517
9300
2719
9300
1063
1071
1074
1071
1172
1224
7758
1224
7221
1224
8337
1224
2659
9469
4075
5617
4073
5617
2727
6364
2779
6364
7199
7189
70
8160
5450
2286
5450
1376
8161
1456
1472
918
930
929
930
2303
5469
3136
4536
678
9201
46
47
43
47
8638
9446
8649
9446
6644
9446
8646
9446
3499
9446
6650
9446
4905
9446
3127
9446
837
9446
1081
9446
2860
9446
8658
9446
889
9446
934
9446
8641
9446
4101
9446
4064
9446
5764
9446
3901
9446
2811
9446
8647
9446
5401
9446
8659
9446
3651
9446
1503
9446
8652
9446
784
9446
2736
2792
9402
6576
5312
1336
7760
1336
2310
4272
2286
4272
7230
2820
2816
2820
8830
2820
2970
2820
7926
5209
9710
5209
597
5209
685
8969
1206
1212
2748
2963
3945
2963
7348
1556
7326
1556
7301
1556
3697
1556
3450
1556
3845
1556
2177
2189
8376
2189
3864
2189
7263
2189
1024
1040
3815
1040
7763
1040
3144
3308
9240
7491
8578
7491
657
7491
7495
7491
7657
6478
8743
6478
4151
4635
9067
4383
8146
4383
2855
4577
3730
2822
4134
2637
7120
9228
8975
9722
8975
1599
8105
3415
3416
6895
5625
8685
5625
9375
8890
2101
5951
2162
5951
1866
5124
1699
5124
5937
5171
2129
5171
567
9615
3598
9615
1446
8604
6636
8604
1460
1458
1372
1458
7415
8459
7412
8459
8683
4255
8688
4255
707
710
8072
7092
7658
6060
8231
6060
525
9145
6970
2030
2620
5194
2654
5194
1396
1496
8948
8897
2069
7811
1655
8716
2202
2269
7422
9602
7419
9602
7420
9602
1639
7234
626
8546
629
8546
8568
8546
2258
4220
7618
4220
94
95
3808
6940
2294
2326
1351
3914
4905
6742
5758
6742
8437
8430
648
9698
1536
9698
8549
9698
2035
4192
3401
4900
5753
4900
7765
1080
5309
1080
1076
1080
8819
1080
8067
5387
1106
5387
7345
7769
9627
7769
1092
5573
4058
5573
759
768
5771
8599
9028
8599
1568
1598
1591
1598
1369
1403
1406
1403
7277
5291
697
3485
737
3485
705
3485
744
3485
3588
3485
688
3485
3718
3485
707
3485
687
3485
713
3485
711
3485
485
3485
730
3485
691
3485
681
3485
729
3485
702
3485
701
3485
719
3485
716
3485
692
3485
487
3485
9747
3485
690
3485
686
3485
9748
3485
689
3485
734
3485
9750
3485
696
3485
3719
3485
721
3485
493
3485
3720
3485
732
3485
699
3485
9746
3485
728
3485
725
3485
9749
3485
3511
3485
499
3485
484
3485
9751
3485
496
3485
2378
2407
7473
8991
8563
8991
8998
8991
8733
5652
6896
5652
9529
1649
3850
1649
3849
1649
4179
1649
2176
3974
2291
2311
2402
8648
1316
8007
5433
1667
6679
1667
7216
1667
1638
1667
3311
3344
3341
3344
2658
2663
2609
2663
5322
7826
7354
7826
3944
7826
3043
7826
3284
3288
8320
3288
4115
3288
965
974
1851
4649
5428
4649
7521
7511
8586
7511
126
406
349
406
8822
552
9556
9275
2132
6497
7600
6497
1595
4598
5404
4403
1864
6846
3677
6846
7493
3768
720
3768
721
722
7706
8085
4286
8085
1734
5819
665
8584
1909
4667
305
454
449
265
50
265
1583
2625
5426
2625
2177
2171
2168
2171
2094
2124
3052
7628
9480
6323
4601
6323
2423
7112
9260
5954
4715
5954
9333
690
1140
1220
2774
2812
7961
7469
7965
7469
7959
7469
9365
9197
8229
4496
3197
4496
523
7450
7612
6729
5740
6729
8284
4080
8276
4080
1229
4080
2943
5189
2837
5189
3903
1192
8855
1192
3909
1192
1182
1192
8978
9668
2637
6666
3141
3146
3102
3146
1732
7617
2117
2209
2015
9269
901
914
701
7526
2149
9500
7246
3059
3005
3059
4117
3059
4127
3059
7433
1134
8515
1134
9192
1134
8956
1134
9540
5407
1596
2652
7009
1577
7344
1577
9533
1635
1620
1635
8852
1635
2531
9291
1385
1383
1351
1383
5312
5311
3125
9487
3334
3505
868
3505
3306
3505
8718
3505
802
3505
956
3505
2999
3505
782
3505
8230
3505
8662
3505
1107
3505
8668
3505
906
3505
8721
3505
5800
3505
7132
3505
886
3505
5752
3505
742
3505
8672
3505
1012
3505
8736
3505
8267
3505
8680
3505
3380
3505
8265
3505
3073
3505
8731
3505
1029
3505
932
3505
760
3505
3263
3505
768
3505
8259
3505
3610
3505
2861
3505
3173
3505
817
3505
825
3505
8759
3505
1047
3505
1084
3505
1534
3505
3604
3505
3648
3505
8691
3505
8714
3505
1447
3505
993
3505
8239
3505
1213
3505
923
3505
854
3505
5759
3505
8738
3505
8713
3505
6654
3505
3155
3505
1067
3505
8708
3505
3114
3505
3236
3505
1154
3505
973
3505
839
3505
2566
2573
2318
2573
7115
6441
1782
6441
2386
2387
508
2387
8110
6337
7664
6337
6875
6874
2787
6275
4591
6275
7192
2291
2222
2291
8758
5663
7648
5663
1256
1255
3818
1255
697
7987
3122
3168
5340
7180
6969
7180
3968
7180
8182
4458
8740
4458
525
2202
6557
7994
9190
8040
1272
1224
1272
1256
5269
8427
5269
8865
5269
8419
5269
970
4336
961
4336
7802
7791
2957
5030
4566
5030
7185
2194
2187
2194
5296
2194
8790
2194
203
341
8486
7014
6961
7014
8473
7014
3767
7014
5227
7014
905
4040
888
4040
9148
9134
3165
9057
2820
4556
6553
1900
7718
1900
1646
1900
9091
1900
5327
5326
5327
5326
2257
4212
5344
4212
6119
6759
4517
6759
517
7740
6900
2005
2014
6988
2014
1754
1759
8069
6702
8092
6702
2249
4224
1124
4071
1092
4071
3436
626
8994
747
3334
4940
3306
4940
7272
3162
4112
3162
5321
3162
5320
3162
3078
8653
9708
5234
2607
5234
568
569
3641
1536
8921
8901
8891
3930
8448
3930
1524
4472
1473
4472
2267
3606
9577
8414
7218
7194
9391
8783
1228
1258
1458
8259
3103
3165
3161
3165
9546
3631
4456
4455
2173
2180
2183
2180
527
528
259
282
4110
4109
4110
4109
2592
7652
1623
1638
1624
1638
9067
8639
9492
8639
6121
8639
8109
8639
8224
8639
9050
8639
8243
8639
8147
8639
4571
8639
2018
8639
2125
8639
2051
8639
9066
8639
8229
8639
8132
8639
8145
8639
1203
8639
1961
8639
8140
8639
1776
8639
5696
8639
8214
8639
3336
8639
9065
8639
9049
8639
3197
8639
6734
8639
4713
8639
5784
8639
7662
8639
8250
8639
1920
8639
4194
8639
2863
8639
2715
8639
3616
8639
8237
8639
3308
8639
8215
8639
8260
8639
3523
8639
9063
8639
8256
8639
1798
8639
7141
8639
8251
8639
1715
8639
1393
8639
8150
8639
8146
8639
8264
8639
6918
8639
4732
8639
3270
8639
4083
8639
8155
8639
7146
8639
2876
8639
8234
8639
9051
8639
4689
8639
1814
8639
1525
8639
2640
8639
8222
8639
2754
8639
3725
611
8799
3508
3825
7291
4627
1874
4157
1874
4629
1874
9715
8987
6537
8987
3439
7387
8487
7387
3573
7387
9693
7387
8502
7387
9065
6278
2754
6278
2734
7573
1713
2617
647
9700
643
9700
8561
9700
1058
8050
714
9179
756
9179
715
9179
650
9000
2494
2526
7371
1613
1614
1613
998
1000
964
1000
4126
7209
3763
3762
2471
2469
2453
2469
6548
2824
8400
2824
8832
2824
8375
2824
9406
2824
9530
8346
1253
1296
1299
1296
2429
2450
2028
9448
3506
9448
4263
9448
1757
9448
8665
9448
4301
9448
2290
9448
2510
9448
8187
9448
4652
9448
2243
9448
5359
9448
4000
9448
4296
9448
2753
9448
5820
9448
3634
9448
1777
9448
4004
9448
5470
9448
9478
9448
8252
9448
8670
9448
8203
9448
6558
9448
5363
9448
2478
9448
2217
9448
8204
9448
8677
9448
5478
9448
2488
9448
8236
9448
8705
9448
4003
9448
1842
9448
2535
9448
2349
9448
8675
9448
1041
1089
8050
1089
9239
3544
2472
8088
8109
5092
1715
5092
3372
3353
3312
3353
874
7883
7407
7883
1719
7124
7202
3714
7176
7171
2086
2112
1584
2628
5426
2628
3188
7625
1870
5120
1747
5120
3294
3285
3259
3285
2500
2511
2499
2511
3813
9165
2778
4595
1385
4094
8909
3765
8252
5491
8675
5491
1750
1846
7443
8507
7940
8507
1774
1855
1837
1855
3504
7053
3503
7053
3502
7053
4167
1850
1773
1850
2028
6858
6685
6858
2629
9072
1865
5116
1747
5116
9044
3424
8106
5933
9409
5933
9504
4362
7654
4362
9046
6138
8749
6138
2936
2985
3455
8835
7774
8835
8385
8835
7103
4474
9417
4474
791
891
890
891
9134
891
2445
2446
2427
2446
5633
4365
1185
4365
7028
1300
3740
1300
3739
1300
8961
1300
1888
5157
1921
5157
9117
8350
7462
9209
8537
9209
1828
1872
2536
2530
2364
2530
3535
8621
954
996
355
345
357
345
1046
8046
7570
8046
9038
8046
826
8046
7614
8046
770
8046
7626
8046
995
8046
7620
8046
801
8046
9324
8046
7585
8046
3570
8046
1236
8046
8062
8046
1112
8046
850
8046
8067
8046
7560
8046
1011
8046
1311
8046
2780
8046
838
8046
9043
8046
1210
8046
1212
8046
1220
8046
7573
8046
7625
8046
972
8046
783
8046
8640
8046
7562
8046
7568
8046
1201
8046
3113
8046
1106
8046
8075
8046
864
8046
818
8046
8077
8046
2766
8046
3307
8046
761
8046
957
8046
1289
8046
7576
8046
9040
8046
3329
8046
7589
8046
905
8046
7590
8046
1065
8046
7586
8046
7606
8046
7579
8046
888
8046
7599
8046
755
8046
1151
8046
9039
8046
8654
8046
7574
8046
935
8046
1028
8046
913
8046
269
283
268
283
128
283
216
283
369
283
2698
2753
7605
5927
2092
5927
2198
6589
3625
6589
8871
7814
7515
7959
942
958
1251
3911
3818
3911
2168
6991
2357
2359
2360
2359
4226
5978
4223
5978
3021
3087
3086
3087
2170
2176
2171
2176
762
9025
8840
4153
1708
4153
3461
4153
4164
4153
2965
3610
1586
9674
1586
9674
9088
3463
8631
6787
4570
6787
9479
5918
1997
5918
29
477
478
477
3560
1661
1659
1661
3873
2314
2277
2314
3927
3926
4488
6113
8223
6113
3586
1540
2808
7688
2906
7688
3483
630
4703
6681
4185
6681
2629
2685
3785
3869
3788
3869
3786
3869
5765
4936
3332
4936
1246
6896
3047
8724
2
288
4
288
1496
5705
1389
5705
1790
5330
7720
7685
8352
2688
6582
2688
5324
2688
2627
2688
903
4036
924
4036
3155
4969
3114
4969
965
972
3488
5708
4455
5708
4096
5708
3000
4560
5424
4560
7376
1896
1914
1896
3443
1896
6909
1896
1411
3203
3220
3203
3079
8712
1663
1787
2998
5026
2945
5026
1846
5841
1775
5841
9736
9724
4713
5915
3523
5915
6533
7314
2554
4807
7149
4807
996
4340
971
4340
766
783
1967
1991
1966
1991
8235
5975
2217
5975
8133
6037
8722
6037
791
7359
488
7359
7393
7359
1354
7176
1354
7176
2075
9525
8748
5011
8130
5011
2353
9117
9591
9117
3208
8287
952
955
7824
8391
66
69
65
69
2834
2861
6474
6872
6481
6872
1032
7530
1677
3691
1170
4076
1701
6419
3655
6419
8019
3150
1827
6670
5428
6670
8979
7446
3252
4500
2381
3803
8967
8952
7936
8952
8154
5744
9055
5744
8664
4368
8180
4368
8939
9665
7403
9665
9178
9647
3652
9647
1209
1216
7409
8929
9190
8929
3738
8929
3991
5514
6562
5514
7121
6634
4437
6634
9309
686
4301
6077
4296
6077
4504
6135
4518
6135
7916
1274
7915
1274
7922
1274
7430
1274
4181
8167
3507
8167
2990
2988
2821
2988
2384
9305
1855
1858
7141
6850
1814
6850
1779
6855
1897
6855
4239
6023
9281
6023
5004
6254
7663
6254
3556
2053
243
244
1043
1057
1053
1057
8018
3412
9027
3412
2840
3579
1677
1899
1110
1147
1145
1147
1969
2082
2085
2082
870
4039
887
4039
3110
4966
3159
4966
2118
8097
1884
1948
1883
1948
4519
6760
6120
6760
2136
2143
9290
6945
1840
6344
9048
6344
1260
9476
8964
9168
9195
9168
7769
5270
7620
5029
3570
5029
1005
1032
2483
2481
2458
2481
9494
6485
4717
6485
8721
5413
8738
5413
2994
7179
9199
8943
7374
7356
575
9659
2167
9659
540
9659
1289
5654
7586
5654
2899
8233
9234
3742
9713
3742
104
105
307
105
774
9748
3931
3060
7274
3060
3454
3060
3943
3060
7275
3060
9517
3060
9029
9445
1035
1045
1043
1045
2034
2042
8682
4428
8702
4428
1077
3902
9109
2951
7770
2951
9564
2951
2896
2951
2616
5190
8118
5190
2613
6416
4654
6416
7730
4079
198
380
464
380
347
380
7995
2117
2210
7473
7470
632
7470
3478
5818
6932
7566
6932
4604
6932
2265
6932
5462
6932
8080
6932
5957
6932
3673
6932
3585
6932
4574
6932
7125
6932
2553
6932
7616
6932
1822
6932
2996
6932
5434
6932
7601
6932
4656
6932
8073
6932
7588
6932
7099
6932
1864
6932
7578
6932
7575
6932
7096
6932
8657
6932
2540
6932
5786
6932
7106
6932
7110
6932
2110
6932
3518
6932
4002
6932
2011
6932
7116
6932
3590
6932
6940
6932
2326
6932
8648
6932
8085
6932
4667
6932
7112
6932
3691
6932
9305
6932
3681
6932
3666
6932
7583
6932
7567
6932
7126
6932
7111
6932
3599
6932
2524
6932
1763
6932
7098
6932
2846
6932
7108
6932
7604
6932
5964
6932
5879
6932
2507
6932
8064
6932
7097
6932
3677
6932
7596
6932
4611
6932
7572
6932
3561
6932
9122
1904
8394
1904
1896
1904
9545
1904
8787
2395
7725
2395
2393
2395
9085
2395
7261
5222
6874
5222
7388
5222
1164
1219
2796
6308
2813
6308
3779
7398
7459
7398
545
7398
8944
7398
1362
8218
2661
7603
8899
8442
4195
5438
2050
5438
3369
6730
5756
6730
7637
4884
8095
4884
8985
7449
8573
7449
7836
8866
330
409
137
409
224
409
579
581
4705
5963
2049
5963
5821
5820
9335
689
1335
4417
1312
4417
5355
4321
5358
4321
154
155
3410
3576
3032
5792
3064
5792
1834
4650
1809
4650
9176
9639
8525
9639
3300
8227
1109
1122
1103
1122
1749
5119
1871
5119
8892
9146
1742
1751
3963
1751
1686
4182
7854
1090
3760
1090
7842
1090
9648
1090
185
7700
1521
3667
1521
1518
1521
5313
1521
3165
8701
3348
3364
3619
4243
2266
4243
3717
3537
6993
3537
3475
2396
2398
2381
2398
175
176
2594
2603
1902
1932
2471
2470
2453
2470
2493
3984
1378
8215
9686
7395
8489
7395
8497
7395
3074
6904
1796
6904
8131
6904
2943
6904
1832
6904
8219
6904
8122
6904
1215
6904
8170
6904
2261
6904
8096
6904
8226
6904
8100
6904
8191
6904
8159
6904
7140
6904
8103
6904
1892
6904
2000
6904
5403
6904
8244
6904
8188
6904
8676
6904
3156
6904
8108
6904
8161
6904
2792
6904
2124
6904
2652
6904
1846
6904
2685
6904
5708
6904
8218
6904
8227
6904
1838
6904
5398
6904
8254
6904
3108
6904
8107
6904
1476
6904
8184
6904
8102
6904
2254
6904
8126
6904
2714
6904
8253
6904
5838
6904
2161
6904
8157
6904
8176
6904
2837
6904
8737
6904
2814
6305
2785
6305
2430
2449
7152
5377
7128
5377
7180
5435
7677
5435
3965
5435
4063
5583
4068
5583
1574
1607
1603
1607
5282
5281
3288
8049
1020
1048
8265
4425
3648
4425
61
1323
7042
8156
5002
9060
5002
998
999
964
999
2996
7998
8657
7998
5786
7998
9525
7210
3354
8640
2735
2843
5224
7956
7960
7956
9727
7956
8403
2782
4139
2782
6965
734
2244
6586
2264
6586
2174
2179
2173
2179
9381
2179
7227
2179
9644
9361
7441
5247
577
5247
4189
5867
1918
5867
2832
8260
247
248
3204
4110
2355
2356
9584
2356
9124
2356
7289
2356
3930
3929
503
8147
4373
8145
4373
2700
4587
570
3735
8976
990
1004
1003
1004
3279
3297
3247
3297
9231
7481
1501
4452
3497
4452
1232
8664
10
11
3330
3401
8159
6488
2124
6488
2095
9278
1977
3523
6890
6899
9461
6899
1734
7082
2235
3866
6124
7143
3385
4939
9064
4939
922
942
939
942
1943
1945
7049
1945
2636
9063
1754
1760
9650
9616
9650
9616
6948
7836
1304
7781
1304
2925
2997
3792
3870
3793
3870
5252
3870
3794
3870
3796
3870
9473
4532
3093
4532
1755
1756
9740
9308
9006
9308
9049
5141
1798
5141
7968
629
4513
9421
6979
9421
7714
9421
1140
7101
9739
9006
3586
9006
3235
6107
4500
6107
3291
3382
2552
3609
2399
3609
8752
3609
2601
3609
7031
3609
2755
3609
2009
3609
1817
3609
2521
3609
3884
3609
3996
3609
2450
3609
3803
3609
2143
3609
2210
3609
2264
3609
2998
3609
9264
3609
2873
3609
3038
3609
3882
3609
2341
3609
3990
3609
3994
3609
7633
3609
1934
3609
1785
3609
2883
3609
2382
3609
3529
3609
4620
3609
2622
3609
5344
3609
3804
3609
710
7502
7985
7502
8547
1539
7479
1539
9221
8538
9734
8538
7270
3454
7112
5542
7604
5542
7276
4164
1683
4164
7394
3443
2963
4131
566
1522
4106
5257
2360
7247
2360
2354
2360
3510
9556
5293
9556
7771
9556
9388
9556
7096
6622
7112
6622
1147
8256
7555
3571
4228
6590
5347
6590
2704
2801
9385
2801
7796
3225
351
408
117
408
7054
3852
9709
3773
3694
3773
805
8636
3752
7960
8574
7960
3040
3095
1562
9528
4156
9528
9383
7206
3926
7206
5319
7206
9589
2764
9141
2764
9600
2764
2743
2764
3104
4981
3062
4981
2362
2529
9518
2529
2244
3594
1860
3594
2399
3594
2655
3594
2257
3594
4593
3594
2755
3594
3566
3594
1759
3594
2143
3594
2210
3594
3037
3594
2264
3594
2998
3594
2873
3594
2713
3594
3038
3594
2102
3594
2155
3594
7633
3594
2883
3594
2945
3594
3806
3594
2838
3594
4620
3594
2337
3594
2622
3594
2288
3594
5344
3594
1959
3594
6987
3594
3290
7562
7104
6005
2214
6005
2302
4284
1456
8298
8383
1299
8374
1299
3911
1299
5270
1299
2398
5302
1991
4715
8396
1348
1368
1348
7042
1348
2974
8792
506
8349
8099
4545
8183
4545
7318
2466
521
2466
8574
8994
524
7342
723
8513
722
8513
1673
1693
1694
1693
7570
5678
7576
5678
58
277
332
277
1320
8682
3119
3173
3214
3252
3242
3252
1985
8743
3824
3825
9170
3825
3822
3825
9587
3825
9608
3825
1971
4201
1055
1086
2643
2697
2688
2697
8298
4835
7687
4835
656
657
8187
4777
8677
4777
1835
1849
7696
4921
3432
4921
1685
1798
1927
7565
9492
7064
5796
6795
4577
6795
9498
7231
2566
2568
2320
2568
8776
4838
1470
4838
3756
7842
9646
7842
841
4021
856
4021
1856
6849
1801
6849
1687
1795
7184
2231
9534
2231
6542
2231
2233
2231
7267
2064
2068
2064
3863
2064
3531
3580
2777
7568
4587
6263
2785
6263
2875
6798
2865
6798
9248
4727
1999
4727
4648
4646
2276
2565
5253
2565
5254
2565
8377
2565
5738
5737
8693
5675
1331
5675
9151
3828
2065
7697
4297
6711
5484
6711
1727
5816
9037
6647
7622
6647
1502
6726
8162
6726
5425
8295
5425
8295
7520
602
9519
4718
7199
4718
7592
4499
7580
4499
2149
9494
2300
2342
9233
7466
7474
7466
7977
7466
5204
7466
1346
1345
8396
1345
1304
1345
7041
1345
3638
4548
5420
4548
9477
6392
7778
3098
7380
3817
1133
3817
2399
7529
9255
2206
9464
9028
2878
2893
3705
2893
5816
6669
1826
6669
6536
3881
2368
3881
9473
3149
5317
1484
1401
1484
8301
1484
9326
9297
6008
4747
6008
1792
6420
1868
6420
2914
5186
6916
5186
8802
2562
7032
2562
3980
2562
8795
2562
7183
2562
4105
5723
8687
5723
3227
3228
9313
9184
3011
3056
3440
7360
8456
7360
8460
7360
3618
7360
9596
1241
8410
1241
7776
1241
3107
6183
3069
6183
2111
4733
2496
2502
7116
6044
2326
6044
1617
9140
8984
8535
8987
8535
694
8535
7498
8535
8486
8477
5267
5266
1481
3217
969
4339
958
4339
7560
6756
7625
6756
3860
8838
3343
4504
1319
1332
7790
5329
9592
5329
1560
5329
7795
5329
8540
9653
6525
9653
7921
9653
8201
4813
8732
4813
1170
9506
197
368
464
368
170
368
465
368
178
368
285
368
3015
4559
1991
2101
3156
4970
3108
4970
1317
1339
1131
8338
4466
3254
4555
3023
4991
3023
8768
3023
7831
5342
7324
5342
7785
5342
7731
6579
7328
7302
4653
6412
1700
6412
9505
3077
7228
3077
3946
3077
4120
3135
3059
3135
7702
3135
9445
9026
1558
1559
2175
2186
9559
2186
7484
8558
8568
8558
2203
3634
1031
5562
1015
5562
1033
6981
956
4332
932
4332
4097
1504
9481
1504
5414
1504
2256
5988
2218
5988
9328
616
5206
8171
5064
2797
5064
3666
4795
7583
4795
5232
5231
5232
5231
1260
6921
1030
5565
6981
5565
8907
8884
1731
1838
1860
6835
2622
6835
7662
6777
8260
6777
7224
1733
7248
1733
3957
1733
7384
9593
8933
8456
9075
7678
2190
4241
529
3670
7369
3670
3499
6150
8658
6150
2626
2675
2677
2675
2238
6691
5455
6691
3323
3419
2679
2737
8331
2737
9508
2737
8343
2737
20
21
480
21
7348
1548
7387
1548
3450
1548
3845
1548
5205
8549
1012
4345
1029
4345
915
7542
2231
2266
3773
8498
3551
1499
1467
1499
4093
1499
7657
5861
8729
5861
1199
8719
4301
5502
2535
5502
1580
1718
7222
1718
7735
1718
7743
1718
8874
8370
9585
8370
9606
8370
4634
1813
2976
2975
3455
2975
7774
2975
8385
2975
2973
3037
9128
8836
1475
4484
8681
4484
1965
1970
1948
1970
866
881
882
881
1815
5101
1823
5101
1520
9417
7138
9417
1528
9417
2749
9508
1853
7141
807
817
3447
2329
2297
2329
1627
1646
1626
1646
1737
1727
1588
1727
183
184
2892
2841
7333
2841
987
8596
3642
8596
7598
8596
1023
1021
1008
1021
2665
2723
2724
2723
1118
7766
2835
2915
3160
7829
816
828
4562
6203
3030
6203
9101
8313
8794
3681
9486
3681
7057
4086
3696
4086
280
379
86
379
5293
9558
9388
9558
3860
9558
9750
9741
1197
1201
814
825
1120
8251
2410
5360
8321
4693
7708
4693
6889
4693
2027
6463
8197
6463
3992
6610
2487
6610
3048
3113
8336
7723
2830
2918
1255
1284
5269
1284
2929
2978
2977
2978
5340
6970
6969
6970
1945
6970
3967
6970
7451
9306
2722
6813
2751
6813
7048
7329
686
9008
3466
9008
8580
676
644
676
2253
4756
4235
4756
8075
6087
9039
6087
2134
2141
458
143
2522
2542
2548
2542
7024
7266
3635
1545
3528
1545
7053
1545
8523
1545
8313
3589
7158
3589
8312
3589
48
52
49
52
8649
4348
3546
4348
2880
2927
9637
8495
1610
1715
2561
4299
1388
5697
1511
5697
9535
7737
3289
5753
3463
7675
6555
7675
8789
7675
1077
1106
2676
2678
5327
2678
5326
2678
9594
2678
7652
4798
7144
4798
1907
1921
1612
7802
9732
8572
8576
8572
748
773
772
773
1066
5568
6981
5568
846
852
834
852
1652
1777
4167
1835
1723
1835
1463
4849
8228
4849
8164
6838
8689
6838
8364
8819
7303
3138
3083
3138
8384
3138
3834
3138
1591
9526
4098
7186
114
115
89
115
111
115
3692
8054
9234
8555
2892
2933
2929
2933
4225
5985
8097
5985
1980
1981
1975
1981
848
870
1523
1532
7549
1532
2521
4304
2539
4304
2506
5529
8127
5529
6415
9372
5355
9372
4640
9372
7133
9372
2525
9372
7156
9372
6598
9372
4005
9372
2394
9372
6815
9372
6882
9372
7148
9372
2554
9372
6592
9372
5299
9372
2779
9372
6394
9372
6056
9372
5302
9372
4201
9372
2129
9372
7129
9372
7155
9372
7130
9372
8726
9372
4668
9372
2012
9372
2253
9372
4235
9372
6481
9372
2508
9372
7150
9372
4657
9372
9156
1131
1127
1131
3510
8335
5293
8335
7295
8335
1162
1164
1139
1164
9497
8277
638
642
7809
8381
2855
9294
4263
5466
2290
5466
7626
4539
3307
4539
1784
6424
4659
6424
2280
2302
2299
2302
2239
5449
2287
5449
2542
2583
2431
2435
2442
2435
1449
1452
2373
2377
5264
2377
3720
7438
1439
8759
2422
4004
2793
6285
2751
6285
7655
6884
1502
6884
2283
2281
3872
2281
7160
8123
8276
8123
9565
8402
7233
7222
1153
5603
8651
5603
3554
5398
9090
5398
4534
4932
5763
4932
2303
5470
1563
1587
4156
1587
1277
1373
1399
1373
8587
7928
7517
7928
928
929
7865
929
793
929
946
929
1939
2002
2001
2002
3585
6353
7601
6353
3005
3942
7108
6544
7097
6544
846
866
860
866
664
7977
8332
7190
7235
7190
2674
7190
8330
7190
1926
8035
2581
6714
4298
6714
4161
5824
4636
5824
4631
5824
53
9664
7917
9677
7917
7444
7917
7996
9148
2067
2119
2113
2119
1239
7781
1286
7781
1095
1110
7779
1110
7271
1110
7264
1110
7311
8850
141
142
138
142
1608
7029
1607
4607
6958
8978
1616
8978
598
8978
3083
7270
3276
3278
3279
3278
4109
3278
4110
3278
948
984
983
984
7133
6508
4767
6508
2163
9276
7003
9276
1716
9276
2133
9276
6055
9276
5432
9276
1429
9276
5767
9276
5958
9276
2033
9276
4557
9276
3345
9276
1508
9276
4711
9276
6733
9276
4691
9276
4288
9276
4282
9276
2331
9276
4660
9276
2022
9276
2946
9276
1388
9276
2983
9276
1761
9276
5832
9276
3067
9276
1511
9276
4514
9276
2216
9276
2153
9276
3371
9276
2809
9276
5345
9276
3195
9276
2650
9276
2090
9276
2241
9276
1474
9276
4224
9276
4106
9276
1332
9276
4608
9276
4605
9276
4289
9276
4509
9276
9277
9276
3350
9276
5802
9276
5781
9276
2312
9276
4703
9276
5419
9276
7095
9276
4624
9276
2884
9276
4655
9276
4261
9276
1861
9276
4185
9276
9456
9276
1448
9276
6651
9276
2227
9276
4630
9276
1352
9276
1941
1939
1889
1939
7560
4945
8640
4945
1287
6631
1270
6631
8244
6165
8194
6165
30
31
2441
3999
3588
680
8761
4760
8688
4760
1423
8075
2962
8137
1936
6966
3914
1425
8324
1425
3913
1425
1421
1425
934
4048
8642
4048
7922
9618
7430
9618
746
8574
8579
8574
7625
6162
3307
6162
4123
4122
4123
4122
7126
6606
7111
6606
7992
9750
1169
7654
3820
1243
1242
1243
3453
1243
8387
1243
3391
4521
5357
5356
1297
4090
3345
5179
6733
5179
2220
2247
1132
1182
1156
1182
2578
8193
3646
3702
8431
3702
714
7413
747
7413
6879
4751
2245
4751
1284
1321
5312
1321
7518
9357
7469
9357
9442
9434
1416
1417
3916
1417
1601
2654
125
226
460
2406
2413
2366
2413
7282
7247
8398
7247
813
8013
2686
8600
767
8600
784
8600
9121
7770
1634
1650
1649
1650
593
9745
586
9745
589
9745
549
9745
584
9745
581
9745
9241
9745
679
694
693
694
7964
7952
7478
7952
3331
4948
3418
4948
1793
5143
1760
5143
8779
6939
3413
6168
8189
6168
3383
4899
3663
4899
8289
1079
5308
1079
7682
1079
5425
8078
8774
8078
2871
8078
2739
5082
2711
5082
883
902
5244
3557
9188
3557
5211
3557
1423
1428
8310
1966
6900
1966
8335
1966
1884
1966
7858
8429
914
4045
907
4045
7888
7873
2469
9478
9692
9166
6970
2029
8844
8366
2589
5481
4275
6059
2347
6059
3189
3337
3274
3275
4109
3275
4110
3275
7232
3275
2268
4219
4231
4219
205
412
472
412
75
412
7400
3441
3557
3441
2202
2270
7566
6505
7099
6505
7641
6146
8185
6146
5479
3666
7510
9243
708
709
9245
709
3299
8741
8481
8460
2755
5812
2713
5812
3729
1072
7119
351
407
121
407
119
407
9220
7002
7463
7002
2818
2819
2816
2819
8976
5210
7460
5210
8261
5042
6655
5042
3322
3323
3182
3323
2900
2954
8084
8038
5796
8038
7113
8038
1038
1039
1024
1039
670
671
2665
4147
9544
2190
8306
2190
2229
2190
1491
3497
871
4032
885
4032
7056
7281
3626
1884
1882
1884
2422
2438
7567
6288
2846
6288
3441
7377
3441
7377
2546
7583
8970
7435
718
7435
1086
5395
7632
5395
7562
4904
3329
4904
8878
8868
2180
2222
2179
2222
9367
7925
7047
7925
991
990
948
990
5265
7264
4186
5865
4188
5865
9202
9355
797
9355
9661
9355
9673
5245
1942
5245
2232
2239
1008
1022
3095
5019
3070
5019
3766
1286
1222
1286
660
8580
647
8580
670
8580
666
8580
664
8580
653
8580
657
8580
650
8580
5268
8853
2211
4754
9262
4754
673
674
2735
2842
463
269
462
269
4693
7142
922
943
944
943
3327
8149
8815
8812
1110
1148
7903
7893
3051
5423
4636
5102
4631
5102
875
882
860
882
1879
1947
3627
1947
3558
1099
1083
1099
3614
4879
8120
4879
1963
8098
2519
5501
3986
5501
1266
4084
8181
5862
8729
5862
8200
4433
8206
4433
2941
4585
2986
4585
1336
7660
3076
7541
3280
3295
3245
3295
1162
1166
1183
1166
9618
8924
2265
4242
3599
4242
2328
6692
4265
6692
3975
5464
5173
5464
1787
6426
1769
6426
8192
6890
3055
6890
903
6890
8212
6890
7052
6890
8733
6890
6898
6890
841
6890
6897
6890
812
6890
6888
6890
1150
6890
8125
6890
8756
6890
2944
6890
936
6890
969
6890
8175
6890
1502
6890
8720
6890
869
6890
3305
6890
7654
6890
8681
6890
2791
6890
6893
6890
8735
6890
8120
6890
8744
6890
2712
6890
2653
6890
8101
6890
9305
4010
7108
4010
8219
4418
8093
4418
6989
7184
8250
6369
1814
6369
2367
8056
4391
6720
7638
6720
44
1193
1229
1449
8228
3662
5232
9699
5232
2553
4306
2540
4306
8404
6550
2008
6922
959
4331
933
4331
6982
7570
4427
9039
4427
6368
5830
8271
5830
4163
5830
6396
7043
7044
7043
3530
7043
1013
5561
1027
5561
532
7397
8272
8217
8296
8217
2881
8217
2786
6307
2769
6307
3671
8986
8993
8986
7326
7301
7326
7301
7020
6411
8179
6411
3536
3535
3477
185
468
9215
9640
9218
9640
3768
9640
7963
9640
7268
5341
7803
5341
7026
5341
7266
5341
9577
5341
7307
5341
1573
1605
1602
1605
9289
9288
6998
9288
3883
5375
3884
5375
2052
5437
8703
5437
1071
1104
2280
2301
2299
2301
7001
8443
7882
8454
2386
2397
8326
2397
2670
9486
6937
3538
9431
3538
9735
641
634
641
5834
5129
4661
5129
1128
1132
1127
1132
921
8609
4042
8609
3688
8609
1579
1608
1578
1608
1355
1393
7578
5378
7098
5378
8871
8382
2703
4139
2801
4139
2793
5066
2875
5066
1020
1047
1940
1982
1964
1982
1530
1531
1916
2043
1974
2043
6934
7997
6933
7997
81
83
373
83
852
851
840
851
2911
2960
7320
2184
7312
2184
3628
2184
1546
3636
7015
7801
7314
7801
3574
7801
3248
8225
1274
8898
1907
1922
1489
1506
664
5204
7513
5204
8575
8571
698
8571
729
8571
9724
8571
709
8571
9721
8571
3432
4910
3349
4910
3829
3256
3928
3256
3709
3256
9137
3256
8879
3256
7948
9204
1668
1890
1141
9056
1313
4415
1340
4415
2690
4588
3344
3349
2515
2541
2143
6487
9293
6487
2608
2660
2670
2660
3279
3298
3247
3298
699
700
7045
1644
1629
1644
3980
3979
7779
1145
7271
1145
1143
1145
7264
1145
8447
9342
2137
2142
1995
6947
6962
8594
812
8594
800
8594
3375
8095
9566
7764
8872
7764
7276
7764
8388
7764
3637
9451
9216
9196
720
9196
8970
9196
1458
4486
3920
3919
3920
3919
4691
5868
4185
5868
3858
7239
4277
6063
4284
6063
5249
5248
549
3743
7405
3743
3687
3743
2491
8252
2231
2264
7979
3682
7494
3682
1266
8173
7170
1202
3555
1202
4072
1202
5121
5199
7670
5199
3299
3513
1183
1181
1156
1181
3658
3701
7782
3701
7797
3701
1037
8364
3578
4752
8063
4752
617
619
7499
619
614
619
1776
4673
9049
4673
3186
4522
81
82
9517
4121
175
469
83
469
9667
9646
8929
9646
7894
9646
7884
9646
100
1951
1964
7844
1964
9037
6161
8655
6161
1475
4490
8744
4490
2925
2998
8219
6632
8226
6632
3264
6108
3232
6108
9329
696
5422
3049
4129
3049
2992
3049
4552
3049
7010
5903
2042
5903
2638
2656
1607
2656
1484
3215
2304
4279
358
349
369
349
7957
8537
3525
8537
7466
8537
9654
8475
9538
2749
4142
2749
4107
5735
8656
5735
1638
1886
1889
1886
3648
5677
8691
5677
3257
3260
3258
3260
2492
2519
3366
4906
3429
4906
2694
2698
2644
2698
1058
7695
7876
793
8919
793
233
393
460
393
442
393
1378
1510
7808
7782
1550
1563
8843
1563
3475
658
5471
4778
2596
4778
3977
2567
8315
2567
2320
2567
7193
2567
2903
2956
8445
7843
7027
4725
2029
4725
9689
9174
7959
9174
7939
9174
1423
3640
1685
1797
9315
9116
1562
9563
364
171
7804
3815
1941
2001
3858
2001
8356
2001
2809
5070
2884
5070
3503
8523
609
8523
3653
8523
3942
3941
6734
6144
9051
6144
5330
8401
6925
7221
4281
2343
6368
3664
8271
3664
3132
4931
3175
4931
8764
6645
8244
6645
1040
8297
1443
1451
1438
1451
8484
1347
2284
2282
3870
2282
1990
4717
7864
7343
2058
2221
2234
2221
5421
6648
4515
6648
9597
7282
8867
7282
3169
4547
3152
4547
7194
5769
4125
5769
867
4031
889
4031
7061
6599
8752
6599
7587
5826
2866
5041
2913
5041
8432
3818
8429
3818
1238
3818
9569
3818
3022
3097
3940
3097
3939
3097
7228
3097
671
672
4236
6007
6020
6007
7001
6860
9264
9280
9264
4710
9264
851
864
2525
4310
5488
4310
8287
4837
7687
4837
5274
6546
3831
6546
3832
6546
3246
9402
2348
4775
2342
4775
654
655
653
655
2529
8060
2000
4728
2053
4728
4579
6797
8171
6797
2774
7567
4589
5811
9469
5811
7031
6716
5486
6716
3602
3233
4111
3233
7157
3233
3291
8742
1768
6430
1792
6430
4108
5738
7710
5738
7707
5738
2356
7749
7202
6886
4007
4006
60
65
61
65
2679
2695
2643
2695
1190
1170
1145
1170
3730
7519
3519
7698
8896
3827
6953
8913
7508
8913
7128
5543
7134
5543
2193
7656
735
9662
7976
9662
8969
9662
9285
9662
3193
3442
3193
3442
2482
5354
1481
3218
8638
5713
4101
5713
2548
5482
2763
8782
9323
8478
1464
1479
1604
5081
2028
6459
8210
6459
883
901
899
901
9496
2995
2928
2995
4569
2995
8259
6105
8759
6105
8991
7951
7470
7951
1902
9415
154
4278
6604
5350
6604
3222
3227
8547
6964
8546
6964
623
6964
9155
9139
8940
9139
9678
9139
8373
1290
3820
1290
8374
1290
7769
1290
3453
1290
9721
8576
7421
3833
357
296
107
296
5696
4823
8264
4823
990
986
950
986
9383
5319
9383
5319
5271
1322
5269
1322
8366
1322
820
833
9741
833
8586
833
8413
833
2316
4290
7943
8964
7947
8964
6583
2770
2763
2770
9060
6778
8698
6778
2952
3013
3014
3013
6415
3600
2602
3600
5355
3600
9424
3600
5358
3600
4640
3600
7133
3600
4682
3600
7154
3600
2525
3600
7152
3600
7128
3600
7156
3600
6598
3600
6474
3600
6587
3600
4005
3600
2394
3600
6815
3600
5859
3600
6882
3600
7148
3600
4767
3600
3805
3600
2554
3600
7136
3600
7134
3600
5937
3600
5300
3600
6592
3600
7153
3600
5299
3600
7131
3600
2727
3600
550
3600
2779
3600
2847
3600
7147
3600
6394
3600
6056
3600
5819
3600
5302
3600
4201
3600
4733
3600
4202
3600
1910
3600
2129
3600
7129
3600
7155
3600
7130
3600
4668
3600
2012
3600
2253
3600
4662
3600
7149
3600
4235
3600
7135
3600
5364
3600
5523
3600
5463
3600
6481
3600
3809
3600
5488
3600
2508
3600
7150
3600
4657
3600
3065
5791
3033
5791
1652
1775
1772
1837
1697
1837
1349
5695
1337
5695
6945
4322
1141
6906
2514
3986
2679
2738
2750
2738
7233
7735
7180
7677
7180
7677
3203
4479
8899
8441
582
6925
8337
3041
8275
7881
6931
3478
643
3351
3366
2418
5221
2365
5221
8849
5221
9331
9213
2775
2873
7970
8557
3326
3429
3086
3078
4132
3078
771
7070
3623
5987
4227
5987
2035
2041
1077
3901
2950
2952
2908
2952
33
476
477
476
1917
8729
1729
1728
1588
1728
1295
1310
8405
3864
816
827
2824
3460
3447
2319
2278
2319
3568
3741
7940
3741
4171
4170
4171
4170
986
1006
3206
8666
1810
1823
2923
2925
2880
2925
2659
2713
1017
1031
9712
1547
7481
1547
607
1547
7684
2482
3880
2482
2458
2482
3878
2482
7315
2543
9598
2543
3702
2543
7305
2543
1610
1717
7306
2354
7304
2354
2353
2354
9591
2354
9325
8497
2978
3038
7034
8323
3474
7954
518
7819
2080
2081
1969
2081
4437
6085
1387
6085
807
818
7972
736
3682
736
3719
736
3462
6584
3462
6584
922
941
939
941
2976
2977
2821
2977
2962
3035
809
815
799
815
1392
6088
4438
6088
2485
7081
4693
5883
2007
5883
2927
2928
5208
7482
1543
7482
7967
7482
8756
4347
8101
4347
36
1496
4451
3497
4451
3100
3123
5322
3123
9447
3402
7059
3402
7229
7713
5278
7354
938
7543
6919
5656
1309
5656
3099
7319
270
467
206
467
2717
6823
2681
6823
454
201
4283
6050
2335
6050
2780
2781
7341
8874
3152
4964
8275
4964
1729
1725
9528
1725
82
292
373
292
7894
9648
7884
9648
3106
4563
3063
4563
2830
2917
3176
4510
3746
3793
3749
3793
8105
6346
9048
6346
7831
9118
3575
3574
3575
3574
2108
2070
2063
2070
5789
5001
5795
5001
3017
3075
4119
3137
3059
3137
9487
3137
7702
3137
7568
6259
7574
6259
7042
7041
179
270
372
270
9553
8820
3775
5282
5276
5282
7934
5282
3774
5282
3839
5282
6995
8278
3826
1279
9561
1279
7831
5343
5709
6639
4100
6639
247
1902
1931
1336
8702
3993
5519
2505
5519
8507
3193
8514
3193
7694
5698
6959
5698
1645
1906
9098
1906
6553
1906
1526
1522
1438
1522
7045
1673
1671
1673
3278
5749
1742
1752
3963
1752
2676
2677
5326
2677
3950
2677
3362
4886
3265
4886
9514
2735
8803
2735
8343
2735
4182
4181
4182
4181
7761
7738
7225
7738
2934
7738
1491
1490
1468
1490
8303
5567
8291
5567
151
472
1724
6414
5481
4797
8026
4797
4133
6653
4644
6837
2621
6837
5787
6775
2940
6775
3357
9464
1100
1121
1118
1121
1655
1778
7489
7918
917
919
904
919
3382
4922
3430
4922
2198
2204
7728
2204
1594
8113
3255
7232
1146
8760
1405
1486
7186
1486
5316
1486
8301
1486
8921
8896
9170
8896
9169
8896
9587
8896
9608
8896
2958
5184
6194
5184
3367
4890
3264
4890
1430
6724
1504
6724
3214
3251
3242
3251
7169
4202
3501
4202
7929
9691
7449
9691
1771
1910
145
146
1188
9058
6958
7464
9224
7464
8818
8681
7158
8681
3690
2129
9069
2129
7162
2129
7436
7375
573
7375
540
7375
9202
7437
8521
7437
2017
5959
4209
5959
2373
2378
2402
2378
1558
7341
3514
7341
7366
7341
360
293
219
293
1639
9488
3494
3495
2289
3495
5509
3495
5348
3495
8645
3495
2583
3495
4953
3495
1527
3495
4283
3495
6677
3495
9458
3495
3803
5301
2382
5301
7455
7927
564
7927
697
8589
1563
1588
4156
1588
8192
5397
8119
5397
5815
5814
208
396
346
396
468
396
1397
7561
8034
5043
8029
5043
7310
8849
238
304
367
304
3592
2066
2056
2066
8828
4145
7817
4145
8827
4145
1577
4145
975
979
1726
4644
8379
8832
8379
8832
613
7978
3055
4982
8129
4982
8212
6754
8186
6754
3327
4506
9209
9198
2683
6350
2639
6350
7971
3572
7030
3572
612
3572
3842
2802
8884
2802
9153
2802
9171
2802
8449
2802
9602
3851
1877
7019
1879
7019
6540
1415
9560
1415
2325
6046
2347
6046
8376
2199
3592
2199
3864
2199
7263
2199
8928
8904
7267
7245
8386
7245
8848
7245
4004
6621
5363
6621
2221
2248
2105
2248
2372
5264
5223
5264
2371
5264
2401
5264
9474
5541
2450
5541
54
278
52
278
1225
4393
8685
4393
2661
4608
4083
5660
8155
5660
2963
4132
3946
4132
3629
6507
2039
6507
3372
3381
3359
3381
670
7501
8581
7501
3187
3335
3276
3277
3274
3277
4109
3277
516
7423
2691
7102
2224
6879
698
7933
7500
7933
8997
7933
9002
7933
3154
4531
5417
4531
936
4047
924
4047
7734
3555
1757
5142
5854
5142
1855
9042
3052
3054
2993
3054
2148
8138
1135
1139
1109
1139
739
740
6126
6167
8247
6167
1992
2102
7132
4947
3380
4947
3881
2423
2424
2423
1878
1879
3584
1879
1668
8634
3853
9542
8873
9542
8423
9542
1102
3558
3759
3558
7338
3558
1416
1427
1415
1427
3009
8077
3278
8135
1318
1331
1436
4104
7673
4605
2495
2501
1420
8254
3096
8023
7612
8023
6923
8023
3383
8023
3071
8023
2006
8023
3679
8023
6924
8023
2758
8023
7597
8023
7124
8023
4595
8023
3579
8023
7081
8023
3370
8023
3313
8023
7627
8023
2795
8023
3026
8023
3663
8023
9457
8023
3126
8023
3200
8023
1830
8023
2046
8023
3191
3338
1002
1010
983
1010
1382
1418
1417
1418
9627
8419
1949
7199
2316
8670
9590
7248
8843
7248
1146
9093
3852
3456
2225
2245
3819
1242
8410
1242
1240
1242
1237
1242
529
564
524
564
563
564
5240
5239
3732
9224
1772
4166
7058
9447
3766
1306
1300
1306
1741
1754
1647
1754
3625
4229
1962
2019
3496
4099
2417
3882
7033
2561
9092
2561
2559
2561
8802
2561
1552
4148
5281
3943
729
7975
7500
7975
7502
7975
3314
7066
1326
8037
2300
2341
3082
7378
3298
3370
2847
6287
7155
6287
7516
8988
2436
2437
2426
2437
684
3719
7117
6391
8055
6391
2485
7129
9105
2375
9107
2375
4123
3498
6579
3498
4122
3498
307
99
7519
601
733
9286
1385
1433
1466
1433
8433
1585
6931
1585
7857
1585
7855
1585
1056
1084
9006
3549
8134
6712
4299
6712
3145
3313
2742
2829
2823
2829
1796
6910
8131
6910
1832
6910
8751
6910
1215
6910
8226
6910
8764
6910
8136
6910
8249
6910
8159
6910
2000
6910
8671
6910
8188
6910
8676
6910
3156
6910
8108
6910
8161
6910
2124
6910
2685
6910
8664
6910
1148
6910
8173
6910
1775
6910
3108
6910
8107
6910
8184
6910
8102
6910
2254
6910
8253
6910
2161
6910
8194
6910
8737
6910
2504
3990
2361
2464
2362
2464
2467
7204
2699
2766
9640
7915
359
350
358
350
2229
2232
6989
2232
9266
2232
8910
9153
3597
3596
7866
7841
2594
4286
229
367
842
4022
853
4022
3954
2707
8355
2707
7750
2707
2702
2707
2244
4211
5344
4211
62
324
60
324
9003
7963
7966
7963
1831
1876
7694
5687
6901
5687
1705
1703
9102
1703
8426
7820
497
9162
498
9162
116
306
2358
2363
2364
2363
2843
6805
8078
6805
2956
6227
2981
6227
1821
1808
9501
1808
4154
1808
1267
1271
8409
7792
8187
4788
5478
4788
6887
9439
7597
9439
7114
9439
9463
9439
339
398
230
398
1348
1367
7760
1367
7431
5236
3680
5236
9331
2219
5995
2157
5995
1706
4169
1419
1534
4141
3459
2279
2320
2278
2320
2
440
5
440
9550
9115
1301
3604
3041
3105
7827
9527
7829
8416
7829
8416
2564
7196
1055
4058
1911
6442
4665
6442
1121
8730
7951
9677
2293
2292
2222
2292
160
372
2043
2016
1985
2016
3854
3853
3480
624
7486
9230
9238
9230
7487
9230
2236
4226
9110
5312
5271
5312
8844
5312
5269
5312
7728
8308
1596
2651
1295
1309
2997
6218
2954
6218
828
7069
1887
4683
5430
4683
3326
3430
2984
6233
2940
6233
3903
1191
3909
1191
1180
1191
9490
4096
363
356
166
356
1728
1844
5384
3546
1670
9102
7764
9102
7717
7158
189
190
3203
4480
2073
2155
8279
3716
8793
3716
2774
2811
2485
7126
542
9645
5246
9645
7490
9645
8128
6097
8174
6097
2800
2826
3700
2826
2495
7111
3745
2172
3744
2172
3746
2172
3749
2172
2058
9511
2234
9511
8834
8344
8837
8344
7076
9307
3010
3007
2948
3007
1252
1294
1290
1294
2315
4289
1361
3648
9542
9533
9196
8485
8955
8485
9323
721
3731
7512
6589
3599
2494
2524
7673
2769
551
3230
4857
3492
4857
7952
3645
447
375
104
375
99
375
8843
3957
3987
5492
3982
5492
2733
6664
252
253
7462
8488
8537
8488
3161
3144
3101
3144
3253
9033
3551
1489
4094
1489
1468
1489
4093
1489
529
2512
8436
2512
917
916
899
916
711
7524
2086
2111
2144
2111
722
9011
4151
7172
3452
5520
8088
5520
9468
9416
9263
9416
1715
5091
2640
5091
7413
8837
8154
4494
8168
4494
1456
8754
3278
5750
1279
1280
7970
9696
7182
7155
4143
7155
160
9750
8586
2131
2158
4101
6640
1503
6640
2095
2126
8674
5956
4205
5956
945
976
1882
2069
3565
2069
9671
3761
9354
3761
1866
6844
1849
6844
9570
9561
9583
7867
2812
6260
2886
6260
7323
7292
1081
4055
1064
4055
7506
9727
9731
9727
6533
7016
2819
4554
7765
8823
3177
4509
1693
7651
3044
4953
8829
5324
8953
8910
8962
8910
8963
8910
3725
612
3062
6215
6189
6215
8316
8305
960
4334
974
4334
2185
7320
4233
5998
9297
5998
2332
6049
4284
6049
2877
2903
2905
2903
2188
2196
2233
2196
1046
9027
7570
9027
9038
9027
826
9027
7614
9027
770
9027
7626
9027
995
9027
7620
9027
801
9027
9324
9027
7585
9027
3570
9027
1236
9027
8062
9027
1112
9027
850
9027
8067
9027
7560
9027
1011
9027
1311
9027
2780
9027
838
9027
9043
9027
1210
9027
7086
9027
1212
9027
1220
9027
7573
9027
7625
9027
972
9027
783
9027
8640
9027
7562
9027
7568
9027
1201
9027
3113
9027
1106
9027
8075
9027
864
9027
818
9027
8077
9027
2766
9027
3307
9027
761
9027
957
9027
1289
9027
7576
9027
9040
9027
3329
9027
7589
9027
905
9027
7590
9027
1065
9027
7586
9027
7606
9027
7579
9027
888
9027
7599
9027
755
9027
1151
9027
9039
9027
8654
9027
7574
9027
935
9027
1028
9027
913
9027
690
3632
3053
3108
4587
6808
2719
6808
8474
7363
8911
7363
494
7363
343
420
346
420
187
420
306
119
1695
1805
8401
1805
9551
1805
7272
3161
4112
3161
7787
3161
1446
4471
8298
4471
2601
4785
9279
4785
9090
4072
4287
6701
8026
6701
1119
1136
230
231
3241
7707
109
110
9275
6876
4508
6743
6119
6743
3004
3063
2224
6880
2867
2868
2764
2868
6954
6513
2639
6513
1126
1140
1139
1140
2014
6682
9096
1662
7214
1662
6678
1662
1657
1662
8733
5659
8148
5659
251
252
9169
9151
8897
9151
8901
9151
9519
7174
1639
1665
1661
1665
2199
2200
7642
5024
6193
5024
5254
5253
5254
5253
872
8005
8451
8880
8895
8880
9628
8880
7861
7316
3790
7316
7846
7316
1248
3912
537
6992
2169
6992
6996
6992
2634
4623
3585
6349
4611
6349
8297
5385
8291
5385
1173
5633
7667
6298
7666
6298
1169
7593
906
4034
886
4034
7445
7408
8950
7408
5121
7020
7670
7020
1689
7020
9726
8985
8994
8985
1678
1894
2400
2405
8839
2405
2370
2405
9418
3487
3304
6763
9076
6763
2888
6256
2813
6256
1019
8814
8039
980
943
980
1829
1871
1167
5618
4074
5618
624
9356
1051
8622
9418
6636
2015
5960
4209
5960
684
2104
2130
2078
2130
1277
1276
6545
1276
8430
1276
9142
1276
9748
8590
9684
7444
9684
7444
1617
9621
561
7453
4479
5746
7580
5746
1215
5627
5398
5627
792
892
891
892
7359
892
908
892
3229
8107
9038
4889
7606
4889
6559
4257
3619
4257
3012
9470
1208
1214
1342
9299
1079
4361
1068
4361
5517
5516
298
334
1905
1909
1651
1909
6539
6538
372
399
181
399
344
399
917
920
904
920
1616
8981
9506
4074
1588
4637
338
287
150
287
874
9167
789
9167
4576
4575
1981
9277
6941
6535
7418
6535
2027
6477
2039
6477
7072
3411
3571
3411
3144
3307
982
994
9317
493
2849
4578
3552
9481
4094
9481
4093
9481
1001
8044
128
129
2454
2453
2442
2453
2432
2444
2442
2444
6531
6909
5242
6909
8895
6909
9160
6909
9628
6909
2464
3989
8538
8970
7690
2830
4137
2830
2828
2830
9348
2830
1461
1457
1372
1457
258
221
65
451
3469
3720
5479
7130
70
373
3271
3369
4697
3550
1525
4476
8222
4476
7943
9195
9214
9195
9203
9195
3120
8183
1411
3692
1410
3692
1517
4100
5837
5114
1873
5114
9379
8889
8908
8889
8718
5615
1213
5615
6832
6871
5085
6871
4758
3426
2246
4230
1598
1597
1566
1597
5282
8871
759
767
4535
4934
3313
4934
1112
5388
1106
5388
3701
2862
3621
2862
6971
8392
9071
8726
596
8726
1248
8647
8954
7405
4596
6295
2885
6295
8255
6894
8094
6894
6938
6894
8727
6894
1335
6894
2611
6894
8241
6894
6895
6894
9068
6894
8104
6894
1225
6894
8202
6894
7641
6894
1087
6894
7643
6894
4579
6894
1749
6894
7637
6894
1312
6894
1091
6894
1069
6894
1469
6894
8208
6894
1783
6894
1803
6894
7109
6894
1269
6894
8185
6894
8679
6894
8747
6894
9061
6894
9057
6894
1048
6894
8719
6894
8123
6894
8137
6894
8095
6894
1031
6894
8113
6894
979
6894
976
6894
1871
6894
8669
6894
989
6894
8221
6894
1764
6894
1152
6894
1015
6894
8248
6894
1933
6894
7647
6894
7631
6894
8746
6894
7645
6894
1862
6894
9047
6894
8685
6894
8171
6894
8124
6894
7639
6894
7636
6894
1956
6894
2797
6894
7640
6894
5788
6894
2038
6894
3066
6894
1752
1763
2587
2593
2558
2593
1938
2020
2010
2020
2406
2408
2402
2408
1518
9485
2661
8669
553
1640
1668
5433
1668
6679
1668
7216
1668
991
1009
1010
1009
1093
8008
705
9222
8455
8420
7217
7200
3055
5012
3027
5012
9174
5240
9660
5240
2307
2316
2313
2316
5273
3924
5272
3924
8395
3924
1967
1992
1966
1992
1906
8263
1796
5842
1846
5842
3869
2174
966
971
1878
1880
3627
1880
3202
9055
6547
7816
7337
7816
9133
7816
1041
8711
2849
2865
738
739
8798
739
2292
6596
9313
732
3317
5766
1847
8203
7218
3712
2262
7618
4599
6313
2682
6313
7733
2114
1714
2615
4162
5829
7693
5829
2234
3971
2184
3971
4730
6498
2140
6498
526
7861
2581
6719
8060
6719
3396
3391
3172
3391
286
483
6
483
3178
3287
3256
3287
6983
6370
1823
6370
120
9703
8977
9707
8977
6550
6549
6961
3767
6961
3767
8937
9171
8938
9171
7182
4597
1194
1230
1226
1230
542
9617
2054
9617
3734
7516
8367
9499
898
924
3176
8773
2481
9270
108
109
2240
5453
2228
5453
2523
7746
2544
7746
2902
7627
9643
8922
7736
6889
5300
4009
5302
4009
4193
5444
3970
5444
1909
4668
8503
8895
1462
1476
6733
5174
3371
5174
8893
9147
1522
7659
7930
9189
8524
9189
1098
8150
1325
8691
515
3558
1100
1083
1100
5748
4880
3366
4880
9567
9393
3562
9393
8328
745
8342
745
1890
6456
9415
6456
717
8579
1574
1578
1555
1578
6593
4763
1221
5593
1136
5593
2999
5020
3610
5020
1308
5408
8647
5408
8427
8412
2445
3994
2148
7633
7387
7385
158
159
8241
6338
8669
6338
503
2388
8341
2388
1901
1934
1520
4457
7138
4457
1528
4457
2232
2240
981
989
3122
3167
5317
5316
730
7988
8792
4992
9516
7253
1925
7024
2201
6558
2004
2012
1363
1361
1360
1361
5311
1361
7203
1361
689
7985
3606
4214
4230
4214
9516
7240
9516
7240
3722
616
1228
1257
1963
2024
7525
5200
3718
5200
3754
5200
2151
2253
802
3892
782
3892
1974
7012
281
364
366
364
6055
6054
527
1626
6555
9565
8424
561
8867
7457
9285
9228
9285
3682
9285
7982
9285
1554
1575
1581
1575
1621
1637
1631
1637
222
402
294
402
132
402
9401
5405
7730
5405
8813
5405
3367
4894
5753
4894
8833
1074
3758
1074
1061
1074
7338
1074
7358
9572
3178
9572
1415
3920
3567
6934
4613
6335
2726
6335
558
7388
2790
6277
2753
6277
3802
2385
2377
2385
8151
6381
2653
6381
2638
2633
1582
2633
7205
3507
188
189
7034
7753
3045
3046
518
3448
3980
9327
699
7783
3621
7782
3621
2742
3621
7278
3621
7908
748
7413
748
3344
3350
2305
4276
2723
5802
5328
2659
4146
2659
2608
2659
4147
2659
7707
6572
1622
1623
3612
1623
450
316
244
316
241
316
2461
2516
2363
2516
3728
8999
897
912
3349
4909
9081
4909
7671
8087
8322
8087
7177
8087
76
77
8964
9180
9195
9180
7912
2746
3778
2746
3777
2746
3840
2746
7429
2746
5327
2627
5326
2627
1585
2627
3950
2627
225
397
460
397
234
397
1895
1889
1624
1889
1662
4665
2131
9281
8138
6495
8158
6495
2907
2959
446
314
158
314
1035
1034
1004
1034
2772
2814
1791
9477
7397
533
2496
7615
9053
4871
8741
4871
8157
6251
2837
6251
1713
2618
2491
7114
8403
4140
3724
583
9358
7452
9358
7454
9358
5200
9721
135
138
702
704
8960
8463
9165
8463
8478
8463
8057
8610
1701
8610
1693
4662
1800
5130
1851
5130
9030
3414
1457
1471
4660
5126
5832
5126
871
8606
849
8606
3656
8606
1543
3653
3572
3653
1420
8162
8249
5158
8184
5158
335
261
34
261
3458
6193
2824
4136
2779
5069
2847
5069
1063
1072
1075
1072
1933
6857
2038
6857
9215
9210
8538
9210
7111
5512
2524
5512
7454
8508
1376
1509
1556
1554
1548
1554
8992
3639
2462
2492
2463
2492
1042
1055
1057
1055
9333
7031
6075
9279
6075
2088
2091
9046
6137
3385
6137
3488
9418
4455
9418
4096
9418
9543
2750
2749
2750
5324
2750
2084
9507
6575
6574
1876
5111
1745
5111
2972
8631
3355
9311
1424
8165
1319
1334
3258
3259
3238
3259
2492
2520
3028
6788
2987
6788
130
1662
1785
3080
5781
2163
3346
7003
3346
1716
3346
2133
3346
6055
3346
5432
3346
1429
3346
5958
3346
2033
3346
4557
3346
3345
3346
1508
3346
4711
3346
7083
3346
6733
3346
4691
3346
4288
3346
4282
3346
2331
3346
4660
3346
2022
3346
2946
3346
1388
3346
2983
3346
1761
3346
5832
3346
3067
3346
1511
3346
4514
3346
2216
3346
2153
3346
3371
3346
2809
3346
5345
3346
3195
3346
2650
3346
2090
3346
2241
3346
1474
3346
4224
3346
4106
3346
1332
3346
4608
3346
4605
3346
4289
3346
4509
3346
9277
3346
3350
3346
5802
3346
5781
3346
2312
3346
4703
3346
5419
3346
7095
3346
4624
3346
2884
3346
4655
3346
4261
3346
1861
3346
4185
3346
9456
3346
1448
3346
6651
3346
2227
3346
4630
3346
1352
3346
191
466
9601
7824
521
7824
1546
9666
210
211
2304
4280
2100
5917
1997
5917
2551
4805
5509
4805
1481
7687
754
761
5422
3050
8788
3050
2992
3050
4552
3050
2222
3976
9403
6123
7716
6123
5249
7312
5824
6402
1830
6402
1927
1953
4264
2324
3915
3916
6927
3916
1384
3916
4197
5928
4747
5928
6644
4489
8641
4489
942
957
591
592
8322
8285
4233
5977
2247
5977
9327
8769
5196
3704
5196
6595
6035
4262
6035
1426
1494
8048
1494
1141
8714
43
48
44
48
2851
2883
9574
8353
2387
7236
506
7236
5329
9531
630
8544
617
620
5206
620
3021
3088
3077
3088
4263
6038
2349
6038
5471
4294
5350
4294
9673
3584
9676
3584
1942
3584
6963
3584
743
9031
9511
2236
3971
2236
3060
3085
3020
3085
7787
5320
2296
2312
1311
5651
1289
5651
7384
7324
8462
7324
7843
7324
7353
7324
3444
7324
3737
6953
3633
6953
5435
5925
9249
5925
3626
5292
628
9707
8995
9707
7968
9707
8558
9707
7720
8288
8632
5016
8631
5016
1246
1289
1095
1096
1080
1096
2633
2687
3272
4876
5751
4876
8125
6741
8240
6741
1933
6460
7645
6460
2003
4191
1207
8146
447
326
345
326
98
326
9490
5707
9485
5707
3959
1683
9580
1683
3958
1683
8892
1683
3508
6785
3024
6785
1762
1788
1665
1788
2420
5363
1479
1480
8907
7812
9153
7812
9171
7812
8153
4808
8175
4808
340
430
190
430
445
430
2557
6078
2599
6078
7988
9007
9527
7750
1800
6429
1769
6429
3054
7091
1899
5873
1934
5873
9278
5952
4205
5952
3729
7520
9483
4534
7692
4534
6986
8841
2930
2987
1190
1169
1145
1169
1459
8168
5957
5172
5964
5172
2525
4309
7153
4309
172
385
71
385
3998
5524
3994
5524
8853
1226
3908
1226
1237
1226
9180
8930
9180
8930
1774
1857
4171
1857
4170
1857
4166
1857
593
8505
7981
7492
844
853
2680
6366
2651
6366
2729
8059
1057
1058
1045
1058
2626
8803
2678
8803
9319
8862
4187
4703
1680
4703
1679
4703
91
8131
4844
8108
4844
1178
1211
9151
9557
7387
9634
8166
4367
7638
4367
6594
4271
2285
4271
2736
2791
2571
6600
7105
6600
2217
6013
8678
6013
5771
5770
4702
5155
1931
5155
578
3198
4493
3231
4493
5276
5275
7148
3810
3809
3810
9550
5337
3665
5441
3969
5441
3213
9391
2901
8221
5212
7401
2799
6311
4613
6311
3481
8867
7297
7124
6407
1830
6407
3770
3082
9637
3082
9635
3082
5231
3082
5232
3082
2905
2899
2807
2899
701
7523
8649
5557
992
5557
2950
2948
2879
2948
957
4327
935
4327
3692
9463
3033
6663
6997
6663
8702
4431
8200
4431
3162
3143
3101
3143
8807
8795
1269
4406
8123
4406
4652
6843
8203
6843
3565
2060
3698
2060
3518
6030
3599
6030
3072
6782
8707
6782
4594
6269
4588
6269
7135
4318
2508
4318
1487
1515
1492
1515
1179
8695
7666
6326
7664
6326
281
280
1721
1745
9562
2742
8379
2742
7830
2742
8832
2742
2803
2904
2879
2904
3644
3395
6910
3395
2456
2478
672
7475
8565
7475
804
7537
3984
5497
2538
5497
8274
4333
8480
9375
8920
9375
8469
9375
7331
790
9132
790
9152
5323
9152
5323
3127
4954
6929
4954
8417
3042
5322
3042
3936
3042
3937
3042
146
416
334
416
365
416
8880
8873
3857
1951
3584
1951
551
8822
3226
3210
1370
3210
7752
3210
1429
4819
1508
4819
787
822
7269
822
833
822
821
822
4554
4553
1476
5729
8176
5729
1737
1732
1587
1732
2591
2576
2564
2576
1359
1386
3451
9546
8472
9369
7895
9369
2091
4739
5939
4739
1312
5666
9061
5666
26
8792
6189
4554
6189
1877
7364
5257
2364
5258
2364
8350
2364
2513
2364
5213
7964
8567
7964
3460
9348
7764
1704
1696
1704
4092
7576
23
436
473
436
3532
9046
4113
9046
3533
9046
7451
3779
8530
3779
6952
6951
7479
623
358
348
3218
6092
4480
6092
1618
3854
3300
3398
8049
3398
9515
3603
2522
2537
2536
2537
2125
6491
7146
6491
4161
4160
2466
2475
7819
2475
7824
2475
568
7478
538
7478
572
7478
531
7478
540
7478
2841
2932
2933
2932
3470
1459
8656
9375
3449
1419
1533
3355
6120
3707
3179
7564
5940
1988
5940
7129
4315
5488
4315
8863
1518
1514
1518
9521
1518
7805
1518
4095
5702
1533
5702
9216
8519
1692
1699
2902
8698
1304
7742
5207
9214
7499
9214
621
9214
3750
9214
3376
8749
1720
1748
3354
3356
1545
7886
8458
7060
7014
7060
9588
7060
7414
7060
7321
7797
9738
8567
9308
8567
1728
1843
846
847
840
847
1664
1782
5432
4684
4703
4684
4572
6234
2958
6234
7306
2523
7304
2523
3702
2523
7305
2523
603
1616
3671
1616
601
1616
2447
8001
3388
8001
7688
2945
307
285
103
285
7321
2760
3949
2760
8036
1051
1005
1051
1521
1527
9366
8963
2900
8282
3591
637
574
575
8277
8767
3006
5278
1249
1293
3185
9076
2181
2297
2321
2297
2400
2401
557
2401
510
2401
9508
8343
9508
8343
1285
9540
2379
2382
1440
1447
13
14
482
14
7762
2609
8354
2609
8359
2609
1611
2609
1346
1351
8396
1351
1368
1351
7041
1351
2432
2454
2433
2454
3899
7217
7806
8397
3956
1592
7207
1592
7224
1592
1565
1592
3159
4927
5760
4927
4098
8301
7279
2443
9123
2443
5218
2443
1219
5589
9056
5589
15
16
1977
1997
8454
9154
8923
9154
2543
3875
2523
3875
602
9237
9238
9237
1147
8043
3838
3937
5275
3937
5277
3937
89
377
112
377
493
494
2697
2756
8099
4978
3109
4978
7984
7982
8582
7982
953
993
8370
9106
3853
1620
6909
1620
8873
1620
8423
1620
3098
7228
2567
2571
1744
5113
1872
5113
2197
2225
3625
2225
4646
1801
7044
1801
6118
4918
3401
4918
7440
7922
9219
7922
825
4015
839
4015
1928
8184
1286
7056
7439
9656
5210
9656
4296
6705
5478
6705
2085
4198
7902
7890
9653
7890
3275
3360
8765
5936
6892
5681
6893
5681
26
478
479
478
2242
4249
6561
4249
1231
8660
7354
4128
3944
4128
3043
4128
1718
4612
3924
3923
8554
8541
706
8541
1211
4379
9400
4379
3267
6116
3369
6116
509
554
3473
9223
1550
4156
3563
4156
744
3466
8817
9094
1343
6893
2084
2095
2077
2095
1752
1764
2577
2594
2313
2594
7043
3529
2378
7098
63
64
60
64
1343
8142
1799
5138
5836
5138
2556
7149
5762
4933
3335
4933
2749
2849
2857
2849
3638
6157
3498
6157
2732
2798
4118
4117
9714
3568
1485
7580
2178
2173
3785
2173
3788
2173
6991
2173
3786
2173
1526
8264
1175
1177
2250
2252
2107
2252
1233
1235
1180
1235
7330
3697
3292
8762
9412
7173
1339
5670
4090
5670
1420
1422
3120
5419
468
268
467
268
8464
1238
9607
1238
3297
8239
7056
7252
9083
6514
2617
6514
1362
1390
2547
2580
6121
6744
9051
6744
2731
2795
3221
3231
3004
3064
7869
3565
7868
3565
7398
3565
9672
3565
1172
7594
2867
9405
894
4033
885
4033
3724
7947
8703
2098
7661
2098
1678
1893
7840
9128
4533
6764
5777
6764
1412
3206
3209
3206
3202
7095
1968
2149
2080
2149
1854
5135
1794
5135
7502
8941
709
8941
8497
8941
899
897
881
897
2809
5077
5802
5077
3540
3562
9298
3562
9642
3562
1174
5634
3171
4125
2634
4624
3657
8830
7772
8830
7302
8830
7870
786
7382
786
3352
3342
3311
3342
3620
5023
9502
5023
9609
5254
7325
5254
8926
8903
2597
6708
2600
6708
7616
5969
8073
5969
7378
3831
1978
4195
2641
6330
4606
6330
3511
683
7003
6801
2946
6801
9405
7225
3614
4915
8125
4915
2758
5807
2716
5807
2204
2228
1356
7571
6908
4410
6571
4410
854
4018
839
4018
2237
6026
2346
6026
8755
4841
8666
4841
3575
2056
7039
2056
3574
2056
3863
2056
2152
6011
8114
6011
6902
4073
3879
3878
2936
6997
2863
5037
2876
5037
8178
4975
8712
4975
3084
3101
3042
3101
4153
4152
4532
4551
5420
4551
868
4027
854
4027
3727
3502
1206
1213
2456
7609
1485
9040
8915
7382
748
7382
481
480
15
480
3568
7443
2395
3806
1988
4721
2046
4721
2120
2217
589
7454
7421
9586
8076
5149
9042
5149
6932
6933
9571
2077
2075
2077
1117
1152
2139
2135
2109
2135
2625
2634
1582
2634
3140
3186
3182
3186
2921
9126
7168
7138
2034
8102
3854
8423
863
878
1839
5098
1834
5098
9173
7879
3375
4893
1063
1073
1074
1073
2151
2254
1938
2023
2010
2023
7133
6053
5463
6053
2038
5858
548
8501
778
806
799
806
1705
1721
1706
1721
9267
4213
3606
4213
3900
1027
7217
1027
3582
1551
7023
1551
2573
8245
2674
2670
4145
2670
823
831
810
831
1161
1195
1158
1195
1770
3675
9748
3737
2368
2419
2425
2419
8731
5580
1154
5580
7093
8019
7090
8019
3149
8019
8367
1410
1408
1410
3924
1410
985
1018
1019
1018
5259
7754
2826
2838
3451
1975
1943
1975
2209
5991
7610
5991
2043
2037
6988
2037
97
98
2777
2813
9702
6978
9364
6978
532
534
817
3897
825
3897
8835
2970
9241
5205
8561
3641
8561
9000
8561
3324
3329
1023
1033
1004
1033
7840
6927
7947
9203
1458
7589
3252
3266
5261
5217
7294
5217
5260
5217
9570
8437
3787
3786
7784
8375
7851
1624
3612
1624
8408
1624
7298
1624
1101
1125
3146
9340
505
8341
7236
8341
7414
9588
7414
9588
22
479
473
479
7566
6688
2110
6688
7911
8464
7902
8464
9653
8464
8482
8464
2072
4238
2710
7681
2667
7681
7715
7681
1955
5896
2021
5896
7644
4422
9299
4422
702
703
2831
5787
1725
1841
73
8083
5056
8059
5056
1207
4390
1263
6918
7920
5228
9662
5228
3857
1915
1896
1915
3723
2899
8232
1811
7113
6831
6841
5830
6841
1099
1117
1118
1117
3661
9714
1342
6915
4599
6314
2612
6314
1674
8204
2057
2113
2076
2113
8074
5571
7122
5571
1900
1918
5202
5225
9644
5225
795
5225
7896
5225
2551
4801
2583
4801
4208
6685
7720
6685
2631
2681
7674
4235
4735
4235
5346
4235
7919
7910
3462
4177
6584
4177
1770
4177
3433
3542
6994
3542
3708
3542
2265
5454
5462
5454
8684
5443
8706
5443
1913
1927
4184
1927
2570
2589
2559
2589
9599
8923
1129
1156
5266
1156
8444
1156
8466
1156
8862
8378
8854
8378
7748
1379
3914
1379
1367
1379
3913
1379
7220
5382
898
923
7371
1612
1614
1612
3047
8129
3764
1128
9610
1128
3765
1128
7890
1128
6526
1128
7771
8810
9068
5609
1152
5609
1986
1978
1945
1978
3392
8066
9536
7037
7790
6975
6974
6975
8392
6975
8110
6359
7668
6359
4520
6176
3335
6176
9351
9425
2912
4997
8232
4997
4112
3141
3081
3141
554
9108
33
34
1924
6446
1960
6446
2746
2921
7874
2921
7899
2921
1001
1015
9509
2777
8319
2777
2724
2777
6253
2777
2828
2835
2829
2835
9095
1249
1252
1249
8812
1249
9094
1249
1361
8248
2272
5252
8883
5252
6531
6530
4667
5872
3691
5872
3527
7419
2696
8199
1169
1198
4762
5173
4763
5173
3016
3678
8305
7670
1779
5850
1765
5850
2696
4592
6680
5855
4180
5855
3507
5855
7786
7254
7299
7254
3737
7254
1545
7023
7925
7023
3573
7023
9751
489
8117
4351
8756
4351
3280
3302
8440
3302
8894
3302
8438
3302
5696
4447
8215
4447
3539
9642
8777
7634
8273
7634
2632
4620
2472
3993
2122
2138
2144
2138
1901
1933
2489
7135
5483
7077
4007
7077
3987
7077
3309
7077
2268
7077
3995
7077
2421
7077
1784
7077
3132
7077
4277
7077
4193
7077
1854
7077
9260
7077
2914
7077
1711
7077
1794
7077
4001
7077
8160
7077
2490
7077
2310
7077
2717
7077
2415
7077
3982
7077
6943
7077
2286
7077
3175
7077
6188
7077
2451
7077
4196
7077
5480
7077
6916
7077
4659
7077
1996
7077
1744
7077
6930
7077
2649
7077
4231
7077
3970
7077
4186
7077
2332
7077
6936
7077
2407
7077
9291
7077
1872
7077
2603
7077
4284
7077
4715
7077
4559
7077
2438
7077
2842
7077
6922
7077
2995
7077
2501
7077
2681
7077
3993
7077
4748
7077
2557
7077
3116
7077
2505
7077
5005
7077
2599
7077
2411
7077
4581
7077
4188
7077
2215
7077
1952
7077
2741
7077
11
279
483
279
920
937
2350
4764
7917
8937
792
875
891
875
790
875
9658
875
2672
5095
2647
5095
1221
5594
1202
5594
7382
8854
2932
2981
4600
6819
5805
6819
5761
4527
6581
4527
3001
3002
953
4051
4623
4616
2716
4616
161
426
341
426
7844
7323
1713
6954
4487
6112
5739
6112
1288
6628
1314
6628
7410
3583
6532
3583
3687
3583
3435
3287
3377
3301
3377
2955
6511
6245
6511
3249
3281
3301
3281
7980
7497
642
7497
8220
5846
7650
5846
2575
5475
7061
4293
2601
4293
4001
5537
2451
5537
2420
5364
2138
4748
7673
7666
9174
8914
9660
8914
3997
6617
5522
6617
1961
4699
1920
4699
3392
4518
1281
1315
6528
6526
1208
9400
1350
9346
9413
9346
811
9346
2686
9346
4589
9346
1308
9346
867
9346
992
9346
8643
9346
855
9346
8642
9346
970
9346
6929
9346
1064
9346
3620
9346
803
9346
9475
9346
9469
9346
902
9346
1428
9346
3513
9346
3546
9346
9470
9346
767
9346
8656
9346
3356
9346
8660
9346
4390
9346
1198
9346
8651
9346
3526
9346
961
9346
3512
9346
9502
9346
8628
9346
5402
9346
1669
1684
1690
1684
9380
3847
8098
6469
1954
6469
1606
9048
4682
6450
7150
6450
4119
3119
9487
3119
7209
3119
3941
3119
7702
3119
7726
3119
7245
7729
844
854
3473
665
9079
6180
3128
6180
2938
2939
2897
2939
9483
8780
2583
9263
2228
9263
2457
5523
7660
7557
2409
8070
74
75
2179
5297
9670
7931
9698
7931
3121
4533
1096
9078
1191
5401
7238
9387
9554
2278
2275
2278
7451
7441
8570
7441
546
7441
1131
1160
1163
1160
1899
5874
1785
5874
3932
7275
9392
7337
4749
6014
8678
6014
2574
8677
1039
8735
3246
3247
3204
3247
3532
5759
4113
5759
3533
5759
2642
2702
2706
2702
7916
7906
7915
7906
8560
662
7505
662
661
662
5474
4782
5484
4782
778
779
765
779
6547
7778
7852
7778
9384
7778
3936
7778
7337
7778
7012
4704
8776
4843
3230
4843
8267
4386
1213
4386
9147
7775
3961
7837
3962
7837
9573
9564
7994
9746
2111
4732
180
181
2873
5060
2883
5060
2827
6194
2053
5900
8102
5900
3215
5742
4467
5742
3972
3654
1296
8738
1738
1739
4124
3413
9073
3413
7194
3413
9487
7702
9487
7702
55
56
52
56
3050
6652
1435
8771
3645
3790
7477
3790
3733
597
1319
1333
2967
3029
2333
2337
2883
6291
2838
6291
3801
2275
5250
2275
3795
2275
7308
2275
3794
2275
2436
2441
2426
2441
7206
6573
7117
6387
3699
6387
7797
7278
3229
3270
9612
1553
7300
1553
1556
1553
7329
1553
7504
668
667
668
9583
3822
4501
8041
4524
8041
7173
8041
348
394
192
394
8510
9173
9692
9173
2818
2966
2975
2966
2537
2557
6
2674
2729
9414
2729
8330
2729
1087
5576
1069
5576
9138
1406
1413
1406
9558
9548
2610
2666
9568
7823
3823
7823
8890
7823
7867
7823
3449
7823
3822
7823
7027
4745
2049
4745
23
24
3164
4515
1322
1318
1283
1318
9088
8789
4953
6209
3678
6209
2709
8319
2852
2884
7431
3438
3680
3438
7762
8354
7762
8354
7114
2497
71
72
9713
8543
8558
8543
8555
8543
8947
8482
708
8482
8506
8482
2562
5478
806
810
809
810
1490
1493
1454
3222
3220
3222
1500
8713
1426
1431
1571
1819
1807
1819
2978
8081
1305
1327
1328
1327
4516
6171
3337
6171
8290
6124
8294
6124
8293
6124
2295
2323
167
470
370
470
1927
1954
3303
3190
3142
3190
7134
6625
5364
6625
3331
4951
9340
4951
2013
2044
7699
4861
8287
4861
7459
547
2127
6502
2158
6502
716
717
1215
4389
5403
4389
8945
9570
5229
9570
7897
9570
8924
9570
9587
9570
7092
1394
7557
1394
4432
1394
879
905
9317
2993
3011
2952
3011
1414
9521
8466
8444
8466
8444
125
128
1776
4672
4689
4672
9053
6101
9055
6101
1592
1736
8916
8453
2853
7107
49
50
4139
2807
2805
2807
3659
728
1436
7590
1835
4655
3025
3026
4992
3026
4553
3026
66
67
1186
1187
2919
2969
2966
2969
9206
5203
706
5203
9220
5203
9067
3708
9492
3708
6121
3708
8224
3708
9050
3708
8243
3708
8147
3708
4571
3708
9066
3708
8229
3708
8132
3708
8145
3708
1203
3708
8140
3708
5696
3708
8214
3708
3197
3708
5784
3708
7662
3708
2863
3708
8025
3708
3616
3708
8237
3708
3308
3708
8215
3708
8256
3708
8251
3708
1393
3708
8150
3708
8146
3708
8264
3708
6918
3708
4083
3708
8155
3708
8234
3708
1525
3708
8222
3708
3118
7622
3284
3330
3318
3330
2178
2183
6990
2183
2184
2183
3446
2183
450
428
246
428
248
428
7343
8408
9187
9182
8139
8593
1380
8593
8723
8593
7556
8020
5273
1409
3922
1409
5272
1409
7291
1409
3919
1409
8721
5412
8708
5412
2660
2726
1584
1582
1561
1582
1593
2647
3816
7763
9082
5579
9078
5579
9624
1643
7422
1643
3440
1643
3527
1643
8456
1643
8481
1643
8657
2392
674
9702
7954
9702
9714
9702
8565
9702
4621
6342
2693
6342
9050
4988
8132
4988
3580
9428
3068
6206
3024
6206
1694
8316
7992
2374
9105
1938
2008
2001
2008
2367
2420
2417
2420
2491
6562
5328
2669
4146
2669
4147
2669
2610
2669
2403
3885
3297
7005
1235
1267
1265
1267
3203
8174
3925
1371
1276
1371
3636
3514
8089
6565
2404
6565
2853
5795
2943
6231
8103
6231
2342
6064
4280
6064
7374
3744
538
3744
6996
3744
6880
2263
1335
5691
8124
5691
1786
5150
6677
5150
1743
1816
2710
2711
7715
2711
2666
2711
9603
7880
9603
7880
4208
4207
522
672
673
6587
4753
6882
4753
2713
4619
4620
4619
5483
6697
2603
6697
8348
752
8357
752
757
752
7756
752
8325
7711
5801
6816
4607
6816
9749
490
3089
3157
1462
4467
7650
5849
7020
5849
3784
7263
1232
6568
4144
5798
2799
5798
9054
4985
8724
4985
9006
6529
4697
4696
3818
1250
1237
1250
9520
2005
1941
2005
7239
2005
8356
2005
1363
7669
1294
4083
7428
7420
1359
8200
1498
4434
1390
4434
2171
7008
5295
7008
770
3888
761
3888
3054
3116
9685
7894
9177
7894
9695
7894
7017
8405
7339
8405
7332
8405
4126
7726
1488
7647
8485
8920
2938
5424
9606
9585
9606
9585
910
944
930
944
5341
9394
2017
6466
8629
6466
9271
9272
580
7392
594
7392
7416
7392
2684
6360
2654
6360
5093
2622
2619
2622
1710
2622
2817
3705
2705
3705
539
7871
7196
7183
7196
7183
9010
3757
8583
3757
2924
2936
8371
2936
7225
2936
2570
2590
2558
2590
6935
8774
9320
725
1681
4658
1112
5610
1151
5610
2964
8130
3975
5463
4762
5463
4763
5463
1367
1380
3290
5756
488
908
890
908
8906
908
489
908
8686
5087
2720
5087
501
7909
500
7909
8833
1103
1102
1103
3758
1103
7338
1103
3
4
9393
9406
2061
2107
2062
2107
6571
9021
5632
9021
3562
9581
6950
7044
6911
3961
775
776
9694
8512
9169
9376
8897
9376
8901
9376
5509
5508
769
780
779
780
9480
4641
1736
4641
2481
2488
9656
9633
628
7485
2192
4261
1069
4357
1048
4357
9273
5165
9249
5165
3135
5760
2576
8111
1306
9611
1189
5631
1546
7344
7857
7344
4201
5945
4202
5945
3324
8126
7619
5606
7582
5606
1366
1376
1377
1376
3855
9545
220
442
143
442
3208
3234
3643
5162
2024
5162
2542
2586
9119
1159
1131
1159
8381
1159
7820
1159
2095
8158
8268
1867
9477
1867
2901
2940
4533
6179
3129
6179
9287
8961
733
8961
2315
8069
8824
8804
1052
1068
4621
6356
8118
6356
865
863
851
863
480
336
2019
6470
1953
6470
9260
5932
4196
5932
2314
2305
2281
2305
6649
3491
1840
6398
8198
6398
4276
6603
5349
6603
5252
7308
7888
5285
587
588
3133
3120
7209
3120
3941
3120
7726
3120
1193
7730
1910
6449
7150
6449
4102
5714
1493
5714
592
8949
9336
7416
3766
9627
2689
8196
371
429
444
429
102
429
4131
3092
3085
3092
7711
3092
7712
3092
911
5544
937
5544
5231
8932
8495
8932
1243
1246
1244
1246
2482
5353
8263
4700
8210
4700
8230
6792
2861
6792
9136
8860
2881
8796
2881
8796
8869
7805
9312
486
5709
4824
1535
4824
8939
6963
8949
6963
7416
6963
117
118
3836
3834
5803
6820
7102
6820
481
437
16
437
9507
9069
1571
1820
1807
1820
2010
1963
1930
1963
7399
7876
947
967
930
967
3139
3189
3190
3189
1759
5146
3529
5146
2965
8707
7205
1792
6680
1792
4182
1792
1757
4674
1777
4674
1214
4812
5634
4812
787
809
9680
809
8378
809
821
809
7333
7808
8847
8363
2415
2416
5462
6042
2326
6042
3096
6210
3071
6210
8329
8320
8329
8320
8992
9212
8987
9212
140
1142
8651
2303
2308
205
417
255
417
153
417
8100
5904
8102
5904
3564
7305
4645
6395
4653
6395
9744
9737
1572
1601
1602
1601
1243
8292
1168
8016
5289
5288
585
9497
9075
763
771
8365
2730
2677
2730
7260
2730
9407
2730
3285
3326
3319
3326
7859
7844
9636
7844
3441
7844
7377
7844
6962
9461
8153
9461
1475
9461
8148
9461
824
9461
7655
9461
4622
9461
3614
9461
9504
9461
8117
9461
8177
9461
8238
9461
3262
9461
6892
9461
3027
9461
8151
9461
958
9461
6896
9461
994
9461
924
9461
3167
9461
8162
9461
8129
9461
8196
9461
8172
9461
2872
9461
8240
9461
800
9461
8112
9461
856
9461
877
9461
8119
9461
8186
9461
2839
6867
2959
6867
9334
1040
1065
492
794
8457
794
2172
9257
3582
1564
8874
1564
9585
1564
2969
3030
2903
9045
3745
3789
3744
3789
3229
3269
1321
8155
1263
7586
1702
1740
1791
1740
1373
1461
1465
1461
3577
5899
4192
5899
9467
6082
1387
6082
6683
5168
9265
5168
8747
6143
8746
6143
1054
8172
2191
2344
2340
2344
3325
3663
343
422
207
422
468
422
2162
5948
7600
5948
4300
5505
3986
5505
8536
8524
3756
1062
1036
1062
9454
3407
9432
3407
5796
5059
2788
5059
6480
6481
4746
6481
4706
6481
7684
2485
2500
2485
7204
2485
3878
2485
3192
3311
7829
3311
8416
3311
9547
3311
9098
9091
544
7488
9626
7353
8914
9631
3315
7544
2631
8236
9511
3625
3971
3625
2972
6190
1501
4461
1529
4461
1499
5416
74
419
255
419
472
419
9099
7714
3181
3171
3124
3171
2163
4740
2090
4740
3057
3124
8372
3124
3935
3124
7835
3124
2194
2288
2006
5884
6682
5884
7025
7285
1082
4062
7119
4062
4663
6438
1890
6438
5708
5730
8176
5730
8081
6222
8082
6222
8811
8312
8347
5308
9237
605
236
241
304
241
3065
4564
6652
4564
2357
8824
1971
2146
3795
3794
3795
3794
1085
4065
1104
4065
1370
3209
7752
3209
9510
3209
3225
3209
7608
4820
3640
4820
3154
4963
3107
4963
1435
8687
1805
1812
1819
1812
2720
6824
4614
6824
7144
4792
5477
4792
788
789
7806
7788
3517
2168
2166
2168
9615
2168
6992
2168
2267
5344
1516
7631
7901
8912
8782
7165
6860
5966
4210
5966
4709
5966
9362
9607
8467
9607
7395
9607
8482
9607
4252
6029
2207
6029
7931
3771
3457
2059
3861
2059
9118
2059
7324
2059
2547
5485
8509
3652
597
3652
2636
4601
3439
3573
3439
3573
3348
3387
9032
3387
4593
6270
2755
6270
2469
2505
8918
7857
8461
7857
8930
7857
3438
7857
8492
7857
3372
3291
3282
3291
7522
7508
8590
7508
848
9034
2858
6654
2905
2900
2807
2900
3968
3967
9352
8957
3720
8957
9717
8957
251
365
6414
6413
3689
7162
8778
3809
2391
3809
5318
3194
7073
9345
4576
9345
8207
9345
7142
9345
4177
9345
3422
8753
1638
1674
1641
1674
7993
9749
3299
7606
2147
2162
4076
5586
6906
5586
7893
9160
9703
2606
1539
2606
6964
2606
9707
2606
3650
9457
4666
9457
3613
9457
3383
9457
2207
9457
3071
9457
7605
9457
2334
9457
7597
9457
4595
9457
3313
9457
7114
9457
2580
9457
2716
9457
3126
9457
7105
9457
2175
9534
2951
3014
3019
3014
9353
834
9630
834
7269
834
833
834
5748
4867
3269
4867
9538
2759
4142
2759
8195
6247
8156
6247
2957
9261
3668
9261
4507
9261
5761
9261
4260
9261
2325
9261
5517
9261
3104
9261
4600
9261
6831
9261
5783
9261
4702
9261
4275
9261
3272
9261
6559
9261
4590
9261
4610
9261
5755
9261
6581
9261
4239
9261
2099
9261
2347
9261
5839
9261
2211
9261
9262
9261
5472
9261
2789
9261
5878
9261
3619
9261
3643
9261
3991
9261
3062
9261
3379
9261
3333
9261
5789
9261
2810
9261
5751
9261
5834
9261
2045
9261
4661
9261
4300
9261
4598
9261
7652
9261
4718
9261
3254
9261
2266
9261
4521
9261
5830
9261
4279
9261
2519
9261
5354
9261
3986
9261
1931
9261
2024
9261
9281
9261
6189
9261
4198
9261
6562
9261
5795
9261
5485
9261
7144
9261
4566
9261
7653
9261
5805
9261
5429
9261
5477
9261
8965
8492
3622
8492
2511
5488
9683
9378
3361
7059
987
7059
7115
7059
7118
7059
7591
7059
7569
7059
7611
7059
8090
7059
7624
7059
9037
7059
9303
7059
7117
7059
7592
7059
8055
7059
7619
7059
8074
7059
7582
7059
7103
7059
7608
7059
1793
7059
8083
7059
7623
7059
8655
7059
3642
7059
8068
7059
3268
7059
7577
7059
7057
7059
2757
7059
3696
7059
7595
7059
7598
7059
7559
7059
3699
7059
1082
7059
7607
7059
7122
7059
7120
7059
8653
7059
7603
7059
1760
7059
7101
7059
7565
7059
3023
7059
9417
7059
7119
7059
3640
7059
4479
7059
2917
7059
7561
7059
7593
7059
1214
7059
8087
7059
8059
7059
1782
7059
7580
7059
7594
7059
5634
7059
7571
7059
6915
7059
8066
7059
7107
7059
7622
7059
9045
7059
7087
7059
7621
7059
1722
7059
2771
2874
2470
2508
660
7505
9009
7505
7236
9087
446
432
444
432
159
432
2081
2165
1692
1700
3478
644
9709
8520
3694
8520
8571
9232
2243
4246
3634
4246
3179
3180
1518
7168
2081
5939
1589
2631
2628
2631
3556
9249
3342
8750
2192
8091
7
439
443
439
3469
5806
6812
4592
6812
1808
4159
1810
1824
7213
8798
3355
6119
3862
7785
506
1236
4376
7579
4376
7379
3450
7863
3863
9593
3863
3444
3863
7838
3863
7473
3617
634
3617
630
3617
2148
7146
1123
4068
2735
3526
503
9100
87
382
280
382
113
382
2193
2285
2752
6281
2843
6281
7995
3511
3955
6583
9527
6583
2702
6583
1778
6435
8030
6435
6983
6377
6954
6377
7323
7288
1625
1641
1644
1641
3727
608
2394
5305
3805
5305
3781
3780
2738
2846
7748
8324
463
427
340
427
196
427
8556
7953
8559
7953
49
2543
2544
5253
2544
5254
2544
8377
2544
2154
6002
8097
6002
531
2352
2353
8882
2353
3050
3112
9623
3628
3517
3628
9615
3628
9370
3628
1364
1357
1328
1357
2669
2714
1241
1261
1223
1261
6905
5005
2002
8024
1850
8253
1979
1985
1982
1985
2258
5981
4234
5981
188
1521
4103
7268
6988
7238
6988
7243
6988
7026
6988
7809
3908
7820
3908
7798
8385
959
8633
6907
8633
2671
8633
7694
8633
9080
8633
2941
8633
2986
8633
933
8633
3032
8633
7699
8633
7704
8633
8286
8633
4077
8633
3304
8633
7696
8633
9079
8633
6919
8633
9083
8633
3432
8633
6901
8633
894
8633
871
8633
5804
8633
9082
8633
1869
8633
8303
8633
3128
8633
849
8633
2617
8633
996
8633
8287
8633
4076
8633
3902
8633
8298
8633
6921
8633
9294
8633
3349
8633
7695
8633
8297
8633
6906
8633
1006
8633
3105
8633
1309
8633
7651
8633
971
8633
912
8633
1509
8633
7687
8633
1843
8633
9076
8633
3360
8633
1422
8633
3064
8633
9078
8633
1816
8633
6568
8633
2787
8633
885
8633
9081
8633
6959
8633
9077
8633
8291
8633
4591
8633
3660
8633
3656
8633
7471
3776
9700
3776
2761
2855
2857
2855
8984
8972
7456
8972
941
961
3621
2850
2759
2850
1231
7579
2368
2424
2426
2424
7436
7412
7573
6302
7568
6302
712
757
756
757
747
757
4646
3530
2775
2872
9488
6678
1666
7150
1681
1753
7191
7691
7191
7691
7257
510
1211
4380
5632
4380
6947
5921
4717
5921
1355
8659
3445
3446
7360
1658
1643
1658
562
563
3147
5777
1853
5835
3354
8746
8776
8627
4046
8627
8032
8627
4095
8627
1337
8627
931
8627
1014
8627
1030
8627
1092
8627
1470
8627
914
8627
955
8627
6981
8627
870
8627
8038
8627
1310
8627
5707
8627
853
8627
1386
8627
1533
8627
4051
8627
8771
8627
5416
8627
907
8627
3492
8627
887
8627
832
8627
9572
3359
3302
3359
862
888
6532
7889
8501
7889
2616
5107
5816
5107
7853
1434
3821
1434
1053
1083
7842
1083
9321
6977
9408
7270
9517
8957
9599
9183
9599
242
245
6944
8516
9205
8516
2242
4250
2226
4250
6556
2087
2080
2087
7210
2087
7245
2087
1738
1696
3672
1696
1683
1696
8149
6141
8742
6141
345
383
105
383
9130
9125
726
9125
7845
9125
3125
3176
3183
3176
5280
3944
6989
6542
2103
6861
5939
6861
9326
9220
3015
3685
138
139
338
418
0
418
148
418
7864
1619
7810
1619
5311
7203
5311
7203
1227
8618
1203
5622
8256
5622
7762
2610
4145
2610
8354
2610
8359
2610
9289
9684
6998
9684
7208
2463
2361
2463
7713
2463
7754
2463
3921
1467
1466
1467
8725
5590
9056
5590
3163
3314
3587
7463
8989
7463
7190
2787
203
344
452
344
2072
7610
1430
6723
4439
6723
8267
4371
8680
4371
9254
4267
2289
4267
1195
1207
1205
1207
2916
5183
6193
5183
1676
3688
1218
8615
1216
8615
9255
8615
2197
2203
7728
2203
239
400
339
400
367
400
2748
2896
7873
2896
5285
2896
9378
2896
2120
8114
5399
8813
108
2758
6266
2795
6266
8517
9672
9306
9672
545
9672
1880
9577
1730
4643
2917
5044
7107
5044
10
438
483
438
8700
4582
8130
4582
1727
1861
9475
4409
8660
4409
523
8882
6592
5970
7147
5970
873
885
8196
5813
2712
5813
2989
2991
2922
2991
4606
6329
2726
6329
1272
9017
6480
7087
4707
7087
4746
7087
1636
1655
1656
1655
7244
5263
5223
5263
2405
5263
2401
5263
4168
5838
4635
5838
8732
4816
8709
4816
1477
5711
1898
6675
5431
6675
2657
2691
7197
2691
7195
2691
6977
2691
8178
6753
8701
6753
4506
6737
5754
6737
7675
4187
8820
2150
3961
8388
4278
9472
2447
9472
2541
9472
1953
9472
1354
1389
7171
1389
7669
1389
7945
7934
2870
2858
2762
2858
1088
5392
1105
5392
7262
3053
2993
3053
5423
3053
3464
3053
560
7424
2409
2412
7586
5647
7579
5647
1472
5726
8687
5726
2562
2579
3067
6186
6651
6186
9441
9426
3118
5420
9413
5008
9470
5008
785
8012
2133
4736
2090
4736
1338
5669
4089
5669
1660
1672
7045
1672
1984
1988
7189
1988
7174
1988
3906
3905
7594
4394
5634
4394
3342
8240
1831
6985
157
158
4260
4244
2266
4244
3470
646
725
727
3348
3363
2806
2808
4139
2808
1442
1440
1408
1440
5758
7161
3489
3707
8452
3707
9650
3707
9616
3707
3185
8189
1182
1188
1181
1188
2773
2876
8973
3755
6527
9569
6526
9569
7872
9569
9594
3950
282
290
109
290
548
1951
9575
3014
3016
2953
3016
1615
9687
9235
9687
3293
3292
3282
3292
9318
499
829
836
840
836
9314
718
3773
3772
1321
3651
2777
4602
8251
5584
8150
5584
8978
8936
7265
2459
9584
2459
9124
2459
2475
2459
3322
3320
3171
3320
1608
5085
2398
7108
1073
7632
3387
9015
2317
2604
2061
2105
2062
2105
465
256
80
256
7679
6903
8308
6903
2493
3983
7704
4465
3487
4465
3752
9002
9720
9002
9733
9002
9373
9002
2545
2546
9518
2546
5485
4791
5477
4791
3088
3155
471
272
273
272
502
8784
1235
1268
4694
8269
4694
8269
2669
2716
1821
1811
1805
1811
1667
8030
6965
733
2427
2430
2419
2430
6988
4208
2737
2844
2308
6695
7105
6695
508
8326
2588
7144
6946
9591
3117
6221
8081
6221
206
1600
2648
8817
8311
8812
8311
1676
7645
1275
8407
2560
2599
9459
3524
9453
3524
8192
4061
8172
4061
1758
1769
991
1003
1002
1003
8201
4462
1505
4462
1208
8663
3170
3172
3124
3172
223
224
220
224
558
559
1808
1826
3110
4987
8632
4987
1544
9693
1547
9693
7520
9238
9100
504
9067
4374
8145
4374
2003
2007
775
9111
7786
9111
3049
3111
8689
6826
1717
6826
2356
5259
1234
1262
1261
1262
482
331
1820
4629
2503
3887
7061
3887
3883
3887
3998
3887
2552
3887
6949
3887
8752
3887
2601
3887
7031
3887
9474
3887
2031
3887
5486
3887
2009
3887
9279
3887
1817
3887
2521
3887
3884
3887
2539
3887
3996
3887
2450
3887
3803
3887
1858
3887
1899
3887
9264
3887
3882
3887
2341
3887
3990
3887
9270
3887
3994
3887
1934
3887
1785
3887
2382
3887
2412
3887
6985
3887
8116
3887
9293
3887
3804
3887
5295
7007
532
8096
6001
8159
6001
6569
5639
9476
5639
9496
4566
4568
4566
2927
4566
8361
2645
8821
2645
6972
2645
7737
2645
9106
2645
6975
2645
1625
1642
1644
1642
7852
9133
8826
2144
9553
2144
2139
2144
1298
7648
3797
3796
1716
6343
2650
6343
8191
6282
2792
6282
4537
6769
5785
6769
1500
7599
2851
3512
8971
7430
9696
7430
7463
7430
5766
6749
8773
6749
3009
3069
8035
5886
8024
5886
3472
7940
2145
4205
6999
6519
7029
6519
7136
6698
6056
6698
1462
4468
3089
3158
7688
9502
3297
8234
9080
4400
6568
4400
1532
7546
1233
1265
1241
1265
6897
5653
6896
5653
4144
5797
2889
5797
7181
5414
7995
8919
7578
6567
9305
6567
3079
3126
5804
6811
4591
6811
7747
7716
7753
7716
7035
7716
7488
7459
3384
4883
5749
4883
2722
5088
2672
5088
879
907
2568
8092
9343
9127
1439
3196
2316
7105
85
86
1904
1903
1626
1903
1640
1676
1641
1676
2625
2632
1582
2632
9104
2108
7745
2108
2059
2108
2150
2108
2429
7604
6545
9515
8430
9515
7841
9515
9576
9515
9142
9515
7488
545
6935
6656
7166
6656
5425
6656
9201
9192
3639
9192
9212
9192
3275
8120
713
715
9184
8491
2916
5050
2888
5050
1166
1185
3759
3758
472
275
73
275
454
453
456
453
7697
5346
2803
2805
2801
2805
90
353
111
353
6480
5964
3686
5964
2147
2161
1836
4657
3328
9051
2572
5350
2855
8157
186
187
2055
2063
2064
2063
4074
5621
9493
5621
9264
6865
6987
6865
2757
6264
7603
6264
2680
9455
8693
9455
6122
9455
4236
9455
4663
9455
1870
9455
3606
9455
5464
9455
8217
9455
5769
9455
4230
9455
3234
9455
6656
9455
2621
9455
8715
1868
8268
1868
6392
1868
8083
5046
7107
5046
1052
1067
233
234
4712
6862
2165
6862
1400
1483
1404
1483
2541
5507
2549
5507
2979
6660
3030
6660
2387
9085
8349
9085
9621
6541
9621
6541
2482
2487
9632
2894
7800
2894
7873
2894
5285
2894
9378
2894
7411
2894
2294
8116
5767
3405
3403
3405
3346
3405
4506
6142
6123
6142
1047
4358
1067
4358
7581
3200
8057
3200
3703
3200
7127
3200
4535
3200
2864
3200
1701
3200
4252
3200
3650
3200
4297
3200
2518
3200
4666
3200
6560
3200
3613
3200
5740
3200
2207
3200
7564
3200
7104
3200
7605
3200
2334
3200
2214
3200
3655
3200
5474
3200
5484
3200
2092
3200
4241
3200
2915
3200
5824
3200
9464
3200
6682
3200
4623
3200
6596
3200
2618
3200
7114
3200
2520
3200
5770
3200
9463
3200
2571
3200
2580
3200
2308
3200
1988
3200
2716
3200
7105
3200
2550
3200
7123
3200
4690
3200
5840
1680
7455
7369
4562
6184
8275
6184
3092
3130
2036
7720
2128
4734
2112
4734
4602
7550
8153
4396
6898
4396
5434
5922
3561
5922
9217
7936
9717
7936
77
79
3058
7692
1600
8705
519
7426
517
7426
521
7426
7166
2871
3848
8950
944
965
962
965
5707
5724
8771
5724
2009
5890
1959
5890
1509
4814
1422
4814
9575
7307
8164
6397
7139
6397
2747
7411
4594
6301
2812
6301
300
352
171
352
8422
8859
3669
8859
1739
8859
3316
9081
2840
4570
947
962
940
962
3342
4503
587
3801
3800
3132
4959
3116
4959
4227
5982
2259
5982
8686
6830
8105
6830
2337
6043
8116
6043
2804
2909
2908
2909
3820
3453
3820
3453
9369
3444
8317
4163
9491
4163
4154
4163
3433
8011
1670
1671
1633
1671
4162
1830
3664
1830
959
9070
6907
9070
2671
9070
7694
9070
9080
9070
2941
9070
2986
9070
933
9070
3032
9070
7699
9070
7704
9070
8286
9070
3304
9070
7696
9070
9079
9070
6919
9070
9083
9070
3432
9070
6901
9070
894
9070
871
9070
5804
9070
9082
9070
1446
9070
1869
9070
8303
9070
3128
9070
849
9070
2617
9070
996
9070
8287
9070
4076
9070
3902
9070
8298
9070
6921
9070
9294
9070
3349
9070
7695
9070
8297
9070
6906
9070
1006
9070
3105
9070
1309
9070
6636
9070
971
9070
912
9070
1509
9070
7687
9070
1843
9070
9076
9070
3360
9070
1422
9070
3064
9070
9078
9070
1816
9070
6568
9070
2787
9070
885
9070
9081
9070
6959
9070
9077
9070
8291
9070
4591
9070
3660
9070
3656
9070
2409
2411
2060
3859
2283
2307
2277
2307
1620
9386
4064
5391
3901
5391
1285
1303
1304
1303
8966
5287
7429
5287
9420
8768
3776
3774
2664
2692
7466
9699
662
9699
7235
8330
7235
8330
285
107
1579
1709
1263
8708
8736
5712
1447
5712
608
7969
943
968
2431
2426
2425
2426
2662
2720
2592
8026
6875
2369
7383
2369
2528
2550
7341
7807
9585
7807
9606
7807
8117
4355
8735
4355
9193
9605
9614
9605
3771
9605
4202
5947
6481
5947
2990
2992
2937
2992
3166
3316
3390
3316
5957
5167
2011
5167
8295
4581
8774
4581
822
840
834
840
2302
4283
154
273
1848
1862
7519
7487
2869
2763
3948
2763
3459
2763
2701
2763
7556
3408
5286
3020
7814
3020
8382
3020
7778
3020
1773
3593
9003
8955
720
8955
9210
8955
8519
8955
6191
6868
7006
6868
9324
6239
7574
6239
2867
2880
2893
2880
5286
3946
7274
3946
7814
3946
8382
3946
3943
3946
7275
3946
2686
7063
1668
4689
1857
1865
253
321
334
321
250
321
5400
4372
4079
4372
7022
9551
1484
8744
1442
1436
1409
1436
8553
8514
3741
8514
157
649
650
9102
1694
1671
1694
1497
9347
3500
9347
5758
9347
1153
9347
827
9347
3119
3174
3515
7724
3048
3114
8500
7896
3813
7896
722
7896
2659
2712
7283
5426
3952
5426
8851
5426
2627
5426
6970
3615
1688
1689
2225
8688
8629
6464
1922
6464
3604
5692
8691
5692
927
946
7527
946
8904
946
683
946
91
94
992
5550
970
5550
1886
4694
2946
6232
2983
6232
4104
5720
4467
5720
3100
7787
8648
5369
7098
5369
8161
4436
8218
4436
103
126
127
3925
1372
1276
1372
2194
6561
9066
4830
8264
4830
711
7991
65
68
67
68
1327
1355
1357
1355
1894
6437
1781
6437
8286
6375
1816
6375
2388
2391
8784
2391
1356
6959
8236
6341
2692
6341
2194
2287
7295
9388
4089
5411
3912
5411
2773
9077
8383
1283
8374
1283
1255
1283
5270
1283
3841
3840
8646
6814
2394
5307
3809
5307
5793
8766
3665
8766
9409
8766
3638
8766
2955
8766
3595
8766
1444
8766
9267
8766
1870
8766
3624
8766
1270
8766
3647
8766
1496
8766
4532
8766
4693
8766
1890
8766
5769
8766
9415
8766
3366
8766
3429
8766
4644
8766
2651
8766
4230
8766
2711
8766
3234
8766
2844
8766
1865
8766
3615
8766
3024
8766
1561
1581
1583
1581
5291
3968
5338
3968
3439
7046
8487
7046
3573
7046
4710
4709
4576
6245
7163
9255
3683
9255
3654
9255
9163
8843
9651
8843
7879
8843
7346
8843
3007
7621
7448
9669
7448
9669
3265
4865
3231
4865
774
3288
5754
8886
7350
786
7350
1483
9047
9
482
483
482
7040
6019
2142
6019
8255
6102
7643
6102
1795
6423
4658
6423
6891
5879
8269
5879
4694
5879
1892
4671
1775
4671
3242
3240
3223
3240
7964
2167
5267
1163
3817
1163
8444
1163
3018
3012
2952
3012
2519
4303
6562
4303
501
7507
704
7507
727
7507
715
7507
880
8053
8464
7858
3668
6501
9281
6501
726
859
8876
859
727
859
3234
4862
3269
4862
3381
3388
8371
2934
780
800
7181
1503
7703
1503
9481
1503
6911
3962
1560
1570
7330
1570
7301
1570
2518
5487
9616
9159
7362
7850
8443
7850
6931
7855
6931
7855
2470
2507
691
3633
3358
3385
9486
7167
3389
9442
4466
3253
9391
3253
6573
3253
9420
3024
4556
3024
7319
9547
2344
2350
4087
1396
1398
1396
213
214
3659
7370
8446
1737
1734
1592
1734
1446
9351
9441
9351
3487
9351
8633
9351
1994
2046
216
3031
6199
2981
6199
3966
3965
9396
9250
2619
2621
7187
2621
1709
2621
9294
6248
3660
6248
8170
5063
2792
5063
7890
7872
8567
8530
3270
4868
8234
4868
8858
7287
2466
7287
7617
6378
1873
6378
3430
6129
4503
6129
8496
7391
4190
1959
8269
1959
4168
1814
1813
1814
7172
1814
1474
4483
1448
4483
3728
607
5284
9625
1437
8176
9484
9099
567
3516
9659
3516
7375
3516
1803
4680
1764
4680
4282
6066
4289
6066
2859
2889
9582
1358
9636
3627
3441
3627
7377
3627
3584
3627
6534
3746
7397
3746
8369
8359
7757
8314
8062
6204
8077
6204
69
289
79
289
3719
9734
7982
9734
9244
9734
749
751
8357
751
745
751
7756
751
1125
4067
7632
4067
2709
2724
2673
2724
5237
3618
9622
3618
7935
3618
9166
3618
8516
3618
8325
7712
520
521
1184
8685
13
264
331
264
2103
5910
2029
5910
692
693
7766
7759
7766
7759
8348
758
764
758
8344
758
757
758
4714
5906
2032
5906
843
8014
1900
4185
1665
6677
5752
6735
5759
6735
1661
1657
1637
1657
2413
2414
3147
5778
1601
2653
4574
6791
7572
6791
4130
3091
3077
3091
7711
3091
7712
3091
4702
4676
5429
4676
7030
3750
1540
3750
8752
6070
2341
6070
1192
8180
3908
3907
2037
6987
2249
2259
4513
3520
6979
3520
7714
3520
9608
9587
9608
9587
7885
7874
7885
7874
1597
2639
272
456
9622
8892
8493
8892
8933
8892
9182
8892
8481
8892
2164
5931
4197
5931
8662
5645
8708
5645
1760
5144
1782
5144
189
311
445
311
5738
3492
1161
1205
1139
1205
8446
9600
9334
8526
1973
2050
1282
8617
4281
8617
1315
8617
3851
8450
9310
9219
2018
5161
1961
5161
2729
2785
2333
4265
5315
1400
7250
1400
4099
1400
1280
1400
2191
2346
1478
1468
3921
1468
7906
8469
363
361
454
361
3347
4903
5756
4903
6415
5108
5819
5108
862
887
1189
5632
7810
1629
1630
1629
1142
8112
1605
8628
2306
4262
8639
7085
1885
1883
3626
1883
6556
2088
2083
2088
7210
2088
7729
2088
1391
7584
1859
7584
2916
7584
1430
7584
7642
7584
4233
7584
4558
7584
1898
7584
4537
7584
3425
7584
5765
7584
5431
7584
3332
7584
1288
7584
5828
7584
2768
7584
3384
7584
4264
7584
2100
7584
2796
7584
9480
7584
9297
7584
2888
7584
1314
7584
9479
7584
2164
7584
2718
7584
9466
7584
3386
7584
6557
7584
1932
7584
6590
7584
1795
7584
1504
7584
3589
7584
6966
7584
2247
7584
2239
7584
3218
7584
2041
7584
3035
7584
5749
7584
1271
7584
1844
7584
4480
7584
6193
7584
1334
7584
4191
7584
1997
7584
2813
7584
3266
7584
1736
7584
4658
7584
4601
7584
1824
7584
3112
7584
4103
7584
1268
7584
4468
7584
2287
7584
2350
7584
3520
7584
4197
7584
4439
7584
5785
7584
4747
7584
3286
3324
3318
3324
2908
2953
2951
2953
7476
7846
116
117
7409
796
9184
796
539
8536
8511
1730
4642
1567
1566
1552
1566
4713
6482
7146
6482
1044
1061
1062
1061
2602
6713
6056
6713
3160
3312
3302
3312
7601
6354
3681
6354
101
102
3805
6543
5302
6543
2771
8171
1344
8124
4073
5604
4068
5604
9315
1366
1374
1377
1374
2747
8938
1817
5105
1858
5105
7436
9663
2167
9663
2912
8625
3072
8625
8684
8625
4567
8625
4749
8625
3115
8625
8235
8625
8213
8625
8674
8625
8261
8625
6125
8625
6655
8625
8706
8625
2790
8625
9278
8625
3580
8625
3338
8625
8263
8625
2615
8625
8232
8625
6685
8625
8707
8625
4205
8625
3130
8625
2692
8625
2414
8625
8210
8625
8247
8625
8678
8625
2911
7088
2862
7088
9140
9131
3206
3236
259
80
2542
2584
2096
2085
7211
2085
6710
6081
4299
6081
7613
5459
2269
5459
6557
6883
6590
6883
2430
4003
1402
1462
1460
1462
7190
2788
2288
4268
8116
4268
8951
7346
7461
7346
7023
7346
8502
7346
3921
1465
1399
1465
7914
3687
9706
3687
8505
3687
1295
8209
6667
6319
6999
6319
1196
1208
1205
1208
5826
5823
1826
5823
9062
7050
7602
7050
1088
7050
1105
7050
1840
7050
2980
7050
8182
7050
9053
7050
2027
7050
8725
7050
1059
7050
8169
7050
4714
7050
8152
7050
8195
7050
8156
7050
8198
7050
2845
7050
8745
7050
8699
7050
8696
7050
3629
7050
8740
7050
9052
7050
9060
7050
9054
7050
8710
7050
2039
7050
8197
7050
8178
7050
2032
7050
8686
7050
8154
7050
8692
7050
8105
7050
8716
7050
1258
7050
8724
7050
8712
7050
8167
7050
1219
7050
8701
7050
8682
7050
8741
7050
9056
7050
8702
7050
9058
7050
9055
7050
8168
7050
8695
7050
9046
7050
8698
7050
8749
7050
9048
7050
8200
7050
1867
7050
8663
7050
2720
7050
3385
7050
8209
7050
8206
7050
8697
7050
4614
7050
9064
7050
1115
7050
8190
7050
8765
7050
1198
5599
8651
5599
1603
1602
1568
1602
1033
8291
9179
772
7909
772
7783
2857
7782
2857
2760
2857
7278
2857
3837
3836
8577
8573
3569
8573
1251
8387
2327
4769
2348
4769
1034
8652
4081
5648
4090
5648
3136
7639
553
9107
9620
983
9619
983
7363
983
794
983
9413
5007
3620
5007
8856
7259
5218
7259
7051
9236
6948
484
226
1984
1987
7189
1987
7174
1987
8079
6041
2311
6041
8136
4826
8254
4826
3589
5716
4103
5716
6907
4811
9080
4811
5706
4440
7121
4440
3184
8194
3630
7414
7435
7414
6952
9302
6580
5775
4522
5775
960
5546
937
5546
1789
1791
4172
1791
1721
5837
1750
7653
3534
9364
7941
9364
668
9364
8565
9364
1242
1244
1226
1244
948
950
949
950
751
755
1675
4188
9664
7900
4508
6738
5757
6738
1654
5430
350
391
348
391
193
391
667
8565
6971
7795
2301
8231
2481
8064
4519
6174
4522
6174
138
458
140
458
790
860
9125
860
859
860
9658
860
823
845
835
845
1725
1842
2094
9293
7581
5456
2214
5456
8090
4421
6915
4421
9563
7743
5523
4317
2508
4317
3241
3239
3223
3239
6966
5880
4191
5880
1121
1154
663
7513
8806
7682
522
7349
3591
635
5339
5338
7489
577
9309
8342
8055
6408
1722
6408
6995
6593
6021
6020
7343
7298
2223
2295
2293
2295
3145
5763
1014
5558
4051
5558
1980
4710
617
8562
151
1378
8206
8479
9628
4600
6316
4598
6316
4239
5992
2211
5992
1451
1525
934
4328
961
4328
2891
2947
3046
7636
3491
7636
9741
6960
3632
6960
96
97
130
133
9365
3839
3772
3839
6595
4766
2345
4766
1220
5596
1151
5596
810
832
7331
9658
8925
9658
9167
9658
7614
4829
7599
4829
519
7256
7287
7256
4108
9456
7710
9456
6572
9456
9513
5313
3273
7538
2380
9086
8822
9086
2516
2535
7229
2477
2474
2477
7754
2477
7327
1552
7300
1552
9634
1552
1551
1552
995
5549
972
5549
7125
5370
8648
5370
1455
1473
1703
1722
210
369
466
369
2541
5498
3983
5498
4104
5719
4457
5719
7461
8502
7461
8502
1924
6444
1894
6444
1000
8101
3550
6453
8030
6453
1117
1151
7367
9370
1789
1690
1671
1690
7368
9606
2931
2982
8831
7756
8841
7756
5278
3043
3629
5909
2032
5909
299
174
171
174
530
7477
534
7477
1259
7535
1227
7535
3201
7535
1138
7535
915
7535
3373
7535
843
7535
1217
7535
997
7535
1353
7535
1168
7535
753
7535
3076
7535
8668
7535
1070
7535
1341
7535
8624
7535
3421
7535
1204
7535
3273
7535
3151
7535
742
7535
857
7535
785
7535
1016
7535
3003
7535
1316
7535
896
7535
1530
7535
872
7535
1116
7535
1186
7535
813
7535
3315
7535
762
7535
1272
7535
1089
7535
1032
7535
3364
7535
3419
7535
828
7535
1532
7535
2960
7535
1479
7535
3227
7535
3075
7535
740
7535
980
7535
1494
7535
3398
7535
1051
7535
1293
7535
878
7535
8019
7535
1431
7535
1394
7535
771
7535
3387
7535
3314
7535
968
7535
804
7535
3001
7535
1093
7535
7075
7535
938
7535
1029
4352
1047
4352
3280
3301
3245
3301
2514
2538
3294
3397
9572
3397
2698
4591
8761
4273
7656
4273
9257
9381
3984
5495
7615
5495
9259
9258
8134
9258
2025
9258
3608
9258
9410
9258
2156
9258
9273
9258
9282
9258
3028
9258
6710
9258
2271
9258
5476
9258
2885
9258
2212
9258
2336
9258
6580
9258
6594
9258
5469
9258
5435
9258
3095
9258
2141
9258
4299
9258
6879
9258
2245
9258
1894
9258
4276
9258
9249
9258
2285
9258
1960
9258
3070
9258
5349
9258
2246
2256
7491
9711
781
804
2272
5251
8883
5251
679
8956
9213
8956
3639
8956
9113
8360
1149
8360
8399
8360
9372
2890
9256
2890
3724
613
8181
5871
8163
5871
1804
4679
1765
4679
4190
1960
8269
1960
4694
1960
8728
6130
8205
6130
7739
2636
1590
2636
2635
2636
2628
2636
3140
3184
3183
3184
7885
2922
7877
2922
7874
2922
3938
2922
121
122
306
122
989
5555
1015
5555
3791
8883
7365
8883
3790
8883
4557
6200
2983
6200
6655
5054
2790
5054
7303
3142
7352
3142
8384
3142
6546
3142
3834
3142
7168
1528
7458
8529
7452
8529
936
4325
958
4325
4046
5381
955
5381
1155
8466
8433
9594
6931
9594
7855
9594
9605
5277
3479
638
8450
5335
8828
1611
8827
1611
7834
1611
1560
1611
2338
2349
4691
5894
2022
5894
1881
7295
1849
6405
5829
6405
9452
3541
7050
3541
2322
2298
2282
2298
2825
3660
3842
9385
8907
9385
8910
9385
8922
9385
8903
9385
1758
8697
7700
1517
3667
1517
9513
1517
1492
1517
3540
2743
9298
2743
2705
2743
9642
2743
3251
3264
2185
3784
44
45
2623
2682
9122
1626
3855
1626
1619
1626
1720
1747
2354
2513
2523
2513
1087
5572
1091
5572
1541
1569
3750
1569
9718
8568
7973
8568
9005
8568
9680
799
798
799
8378
799
7254
799
535
536
2380
8801
552
8801
7328
7798
2580
4802
2550
4802
7591
6842
1722
6842
7886
7849
847
848
836
848
2662
5805
3356
4917
7161
4917
3869
7227
2598
4781
5475
4781
660
661
7352
9539
7352
9539
2974
2964
2819
2964
539
540
8421
1630
9140
1630
9621
1630
5288
1630
6541
1630
2087
4197
2642
2701
3949
2701
735
9244
9708
7442
2607
7442
1440
1448
5833
3656
8922
8449
8903
8449
869
4025
856
4025
7904
8470
8534
7932
7944
7932
1569
7932
2115
2215
8214
4928
5784
4928
1178
5402
284
123
1804
5123
5831
5123
842
8603
7113
8603
832
8603
3322
7218
9597
8398
7297
8398
5215
8398
9138
1399
9560
1399
5283
3938
2745
3938
9172
3938
5279
3938
3840
3938
9625
3938
2188
6995
1177
4384
4372
4384
4134
4133
1946
1998
9394
1998
3967
1998
3693
2049
8137
6196
3066
6196
8021
9427
2984
5035
6190
5035
3109
4977
8748
4977
5769
6158
3498
6158
4501
6126
4524
6126
7173
6126
5818
3567
7566
3567
4604
3567
2265
3567
5462
3567
5957
3567
3673
3567
3585
3567
4574
3567
7125
3567
2553
3567
7616
3567
1822
3567
2996
3567
5434
3567
7601
3567
4656
3567
8073
3567
7588
3567
7099
3567
1864
3567
7578
3567
7575
3567
7096
3567
8657
3567
2540
3567
5786
3567
7106
3567
7110
3567
2110
3567
3518
3567
4002
3567
2011
3567
7116
3567
3590
3567
6940
3567
2326
3567
8648
3567
8085
3567
4667
3567
7112
3567
3691
3567
9305
3567
3681
3567
3666
3567
7583
3567
7567
3567
7126
3567
7111
3567
3599
3567
2524
3567
1763
3567
7098
3567
2846
3567
7108
3567
7604
3567
5964
3567
5879
3567
2507
3567
8064
3567
7097
3567
3677
3567
7596
3567
4611
3567
7572
3567
3561
3567
1935
1956
3914
3913
3914
3913
2732
2797
3933
4118
7270
4118
1597
2640
248
249
245
249
7110
6069
7596
6069
2858
2886
3868
3749
6534
3749
533
3749
9520
8356
9520
8356
1554
7233
7891
3698
7869
3698
7868
3698
3743
3698
9284
2260
1223
3519
2651
5193
2621
5193
1702
8179
1196
1178
8338
1178
3905
1178
135
461
459
133
459
3353
3343
3311
3343
2657
2664
2609
2664
3524
9433
4128
4127
6815
6512
7131
6512
7389
9576
8454
9576
8923
9576
3283
3282
3249
3282
2395
7097
9110
7760
5271
7760
1329
7760
8366
7760
3398
9016
3371
6111
9456
6111
1495
9411
1493
9411
2584
9411
7007
3973
7467
7945
2744
7945
2939
3001
8067
4052
1065
4052
9068
5574
1091
5574
9318
1854
5137
1744
5137
1278
1404
1403
1404
2789
5075
2810
5075
7447
8935
9357
8935
880
895
982
8143
8655
6172
8066
6172
195
196
1789
1686
1660
1686
3337
4952
5777
4952
1970
2097
1615
7948
9225
7948
8986
7948
3257
9516
940
949
926
949
1650
5429
3262
4873
8120
4873
1078
1093
1431
1432
6667
5078
2719
5078
893
898
881
898
9677
7899
7444
7899
7900
7899
2973
8082
3882
5366
2412
5366
1374
4439
3440
8481
3440
8481
2660
7664
1454
3221
3210
3221
2617
6524
1843
6524
3865
2233
2182
2233
7007
2233
3143
3695
1799
5844
1845
5844
1165
1175
8280
1175
8283
1175
3905
1175
8432
1237
1128
1237
9569
1237
7858
1237
4140
7260
2334
4770
6596
4770
9537
8852
9537
8852
8762
6155
8753
6155
1150
5600
8112
5600
3073
5013
3610
5013
9194
9655
9198
9655
8512
9655
2691
4614
1726
7640
9538
8829
40
41
4116
4115
4322
6956
7077
6956
2354
3877
3875
3877
4183
8210
7736
8210
636
6998
639
6998
642
6998
3543
6998
7611
6320
7120
6320
3835
3935
1946
1995
1986
1995
1881
7049
7019
7049
9175
3821
8473
3821
8477
3821
1347
3821
9588
3821
4707
4706
3137
8042
5794
5038
6194
5038
8545
9717
3587
9717
9222
9717
2811
6292
3512
6292
2152
6016
8257
6016
131
132
2434
2442
5219
2442
2443
2442
7259
2442
1437
1445
867
4028
855
4028
5762
4925
5760
4925
3050
6651
2116
2218
544
7904
7291
8395
7317
7215
3210
7701
4298
6707
2598
6707
2270
5460
2256
5460
5736
5741
3215
5741
4664
5876
4189
5876
845
856
2203
2227
2715
5808
2754
5808
6815
6363
2727
6363
4732
4731
1374
9039
9119
1223
7776
1223
8381
1223
7820
1223
841
4017
824
4017
560
7322
8413
3978
7193
732
3738
5234
5233
5234
5233
3088
8654
985
1017
1019
1017
2220
4223
7996
9751
1733
1731
1587
1731
1649
1770
3317
9064
2776
2775
2708
2775
2825
2837
7851
3856
2561
2600
7011
2013
9387
2013
2005
2013
728
7966
7671
7137
8322
7137
8031
7075
7165
7075
2427
2429
2419
2429
1828
1873
4164
1706
1696
1706
820
821
7822
821
8860
821
9571
2078
2096
2078
7794
9407
2858
7574
2360
9518
3877
9518
9404
3041
2977
3041
3464
3041
916
935
863
877
8321
1952
7708
1952
6889
1952
8109
5097
8250
5097
8300
8270
8300
8270
1920
5857
4689
5857
161
162
2830
8029
1018
1028
5262
2366
6536
2366
1429
4445
1511
4445
2071
4237
4177
4175
4177
4175
3260
3319
7253
3319
7240
3319
3180
3319
7749
2460
8804
2460
2459
2460
5455
6687
4226
6687
2695
2741
272
166
9562
2823
6548
2823
8379
2823
8832
2823
8375
2823
9406
2823
1098
1115
1599
9339
2831
5788
5235
1614
9657
1614
1586
1614
9674
1614
8475
1614
6188
6781
4559
6781
5228
5227
9074
6917
499
500
3188
8190
8845
7035
7037
7035
7038
7035
826
3898
818
3898
6973
6977
6972
6977
6975
6977
7100
4432
4094
4093
4094
4093
1937
2038
9150
3949
9141
3949
8446
3949
3934
3081
3083
3081
1756
4686
5430
4686
111
112
9044
9431
3106
4995
8115
4995
7623
6236
9045
6236
8962
7402
8528
7402
1464
8222
8022
3713
7092
3713
7557
3713
4432
3713
1595
7123
2815
6312
6664
6312
271
445
453
445
5261
5218
7424
5218
3857
1925
1896
1925
9421
6928
3482
3545
3543
3544
3543
7689
3354
3352
3354
1996
5442
3970
5442
1405
1439
1410
1439
9186
7884
9695
7884
8453
8438
1913
1928
1929
1928
8877
5215
7450
5215
2060
2123
3860
2123
5264
2402
5263
2402
1159
6925
9410
5953
9282
5953
4602
6324
194
462
271
462
272
462
3764
1127
8490
1127
7892
1127
3762
1127
7880
1127
2086
8281
9746
8583
8436
8435
7369
8435
7818
8377
602
9235
802
3895
817
3895
3099
7038
5404
4404
6886
4404
4175
4404
8272
5049
1038
1052
1023
1052
1986
1977
1945
1977
2036
2035
5341
2035
965
973
6921
8002
6568
8002
2912
4998
8261
4998
85
370
3079
5785
1097
8119
1653
1781
9512
8809
1114
1118
3558
1118
897
913
1916
1917
6553
1917
7718
1917
9091
1917
355
347
106
347
6584
4178
3675
4178
1628
7741
212
410
350
410
466
410
7469
7460
8720
5701
8162
5701
8699
4399
1258
4399
191
192
8758
5664
8690
5664
1026
1025
1010
1025
4749
6492
9278
6492
7320
9578
1535
4448
1510
4448
9641
7366
9641
7366
2841
2931
2933
2931
8517
8944
3016
3070
7554
7078
3537
9018
3613
6750
3313
6750
2566
2574
2563
2574
9288
7429
7571
6091
6915
6091
7773
2075
7792
2075
2069
2075
5292
2075
2122
2137
2135
2137
6875
6873
5709
6952
5436
6952
1085
6952
1050
6952
4414
6952
3031
6952
1313
6952
5421
6952
1535
6952
3521
6952
6667
6952
1060
6952
8034
6952
3362
6952
3094
6952
4508
6952
8033
6952
6570
6952
5965
6952
4204
6952
1221
6952
3061
6952
1111
6952
3265
6952
1768
6952
3198
6952
5757
6952
4082
6952
5780
6952
6999
6952
1340
6952
1365
6952
4192
6952
1874
6952
4587
6952
8035
6952
7029
6952
1022
6952
1104
6952
4486
6952
1202
6952
1510
6952
2956
6952
4510
6952
1778
6952
1136
6952
5633
6952
4100
6952
2814
6952
3231
6952
1841
6952
2981
6952
4515
6952
4696
6952
5631
6952
1792
6952
6119
6952
8024
6952
5711
6952
8030
6952
1185
6952
1868
6952
2785
6952
8029
6952
4517
6952
2719
6952
232
457
460
457
458
457
459
457
8515
1133
8535
1133
8972
1133
8956
1133
9316
1711
6520
2649
6520
7014
1384
3821
1384
3734
7939
8052
938
901
938
258
301
3128
4956
3105
4956
3521
5640
4082
5640
7352
7013
2093
7600
5782
6770
4536
6770
8318
2778
2784
2778
2724
2778
2806
2906
2904
2906
6941
5260
2187
2193
5296
2193
8790
2193
3143
8247
1693
3677
3735
1190
1197
7759
1197
8360
1197
1811
4630
2250
2251
2107
2251
2602
9256
5358
9256
4682
9256
7154
9256
7152
9256
7128
9256
6474
9256
6587
9256
5859
9256
4767
9256
3805
9256
7136
9256
7134
9256
5937
9256
5300
9256
7153
9256
7131
9256
2727
9256
2847
9256
7147
9256
5819
9256
4733
9256
4202
9256
1910
9256
4662
9256
7149
9256
7135
9256
5364
9256
5523
9256
5463
9256
3809
9256
5488
9256
1135
7313
5357
6618
3999
6618
2130
4747
1819
4626
766
784
9609
5256
7325
5256
581
8958
7924
9681
2822
2910
2909
2910
3392
4517
5818
6829
4611
6829
9337
3848
2300
7596
464
378
199
378
296
378
9390
3204
8846
3204
3205
3204
8407
3204
4536
6766
5778
6766
3131
4960
4534
4960
2274
3799
7316
3799
8690
5636
1257
5636
7179
4569
5230
9608
5203
9608
2611
6516
8113
6516
5436
9399
1050
9399
1022
9399
1482
8141
1307
1325
1324
1325
8704
4528
8183
4528
5767
6746
4509
6746
7595
6627
7594
6627
3007
3066
7569
5889
9303
5889
8967
9183
9352
9183
7438
9183
7509
7498
680
7498
3090
3129
7732
7719
8326
7719
2465
2495
2498
2495
2606
7370
9669
7370
7442
7370
7747
3378
7036
3378
3353
3378
8323
3378
1718
4611
1449
7549
8065
5538
2449
5538
5208
8542
7483
8542
3502
8542
5840
1679
2070
8678
1349
5682
1386
5682
3692
3199
2503
5513
3990
5513
200
204
3700
8779
2782
8779
2396
3804
7427
9660
7472
9660
7959
9660
1200
9493
8992
7456
694
7456
3198
5743
4486
5743
3246
3248
3204
3248
7323
7777
9377
7835
192
193
3977
2572
2318
2572
8315
2572
7193
2572
9322
7921
6950
1802
6396
1802
3530
1802
8700
6659
7663
6659
7510
7981
2532
2555
8661
7558
4240
6024
2158
6024
9509
6253
9509
6253
7490
2054
5247
2054
9376
9142
8373
1273
1241
1273
3453
1273
2082
8765
595
2404
5298
7283
1591
3952
1591
8851
1591
1564
1591
3286
8302
7347
7338
1876
6385
4642
6385
8226
6633
8173
6633
2397
2381
9086
2381
8801
2381
7719
2381
2330
2335
1326
1352
9554
2277
2275
2277
2572
5349
298
250
7169
4722
2177
5295
8376
5295
3784
5295
9338
4473
1524
4473
3731
598
1871
6388
7640
6388
1885
7277
3442
7335
3193
7335
8912
7335
3668
5934
4198
5934
9495
4552
1965
3501
7390
7381
571
7381
2340
2338
2298
2338
337
267
41
267
3477
649
1936
4690
2817
2879
2895
2879
8177
6240
2944
6240
3084
3102
3042
3102
7629
3423
6983
3423
8667
3423
1007
3423
4391
3423
8201
3423
960
3423
1856
3423
7630
3423
3106
3423
8728
3423
8717
3423
2866
3423
8673
3423
8166
3423
9503
3423
1505
3423
1815
3423
2913
3423
8757
3423
7644
3423
8732
3423
2683
3423
4512
3423
7665
3423
8205
3423
7089
3423
7638
3423
8709
3423
8694
3423
2794
3423
7649
3423
8758
3423
7646
3423
8755
3423
8115
3423
884
3423
8690
3423
911
3423
974
3423
2985
3423
8233
3423
1086
3423
8666
3423
1823
3423
8760
3423
8135
3423
8730
3423
8754
3423
3063
3423
9299
3423
8711
3423
1257
3423
1801
3423
8762
3423
1125
3423
8199
3423
937
3423
6954
3423
8753
3423
7632
3423
7648
3423
2639
3423
8143
3423
1445
3423
1766
3423
4153
4151
666
667
8462
9626
8462
9626
3186
8186
2563
2558
7746
2558
2216
6012
2153
6012
9624
7054
7419
7054
7420
7054
8892
7054
7563
7555
9258
7555
163
8445
7838
3565
7838
9626
7838
9523
8797
9523
8797
9316
496
830
839
3237
4842
8141
4842
2698
2754
9109
3019
7770
3019
9564
3019
3946
3019
2915
6802
7627
6802
9497
7572
8782
7572
2499
8675
2119
8737
2436
2456
2455
2456
3549
8993
6529
8993
3211
3245
3244
3245
3709
3245
8411
3245
9139
3245
7378
3832
7504
7495
5204
7495
7501
7495
7505
7495
1627
9088
3192
3341
3261
3341
2369
2370
2476
2498
2460
2498
2662
2719
8368
3437
7261
3437
3377
3375
3281
3375
8776
8266
3230
8266
1167
8266
3169
8266
4046
8266
5630
8266
1137
8266
8769
8266
2979
8266
1349
8266
842
8266
4095
8266
1337
8266
4523
8266
2942
8266
5768
8266
2740
8266
931
8266
1066
8266
2836
8266
1292
8266
6569
8266
5779
8266
1014
8266
1124
8266
1030
8266
5635
8266
1092
8266
3152
8266
4562
8266
3704
8266
1470
8266
4577
8266
914
8266
9072
8266
955
8266
9476
8266
3382
8266
5737
8266
6981
8266
870
8266
8275
8266
1310
8266
6414
8266
4058
8266
3430
8266
4074
8266
5707
8266
853
8266
1386
8266
1533
8266
7681
8266
4051
8266
8771
8266
7005
8266
3030
8266
5416
8266
2648
8266
907
8266
4503
8266
887
8266
2788
8266
832
8266
9493
8266
2562
5477
7358
9377
3998
5535
2450
5535
2531
2549
1323
1328
9114
1328
7281
1328
7252
1328
3974
8790
3249
8329
6580
4525
3168
4525
1971
3561
9004
7970
681
7970
9722
7970
3768
7970
3853
7813
8880
7813
1709
1710
3602
3232
7157
3232
7701
3232
1379
8723
7379
3845
1751
1766
1881
3860
3698
3860
2590
2596
3996
6615
9270
6615
7310
7251
2365
7251
3873
2313
2277
2313
4488
6114
8225
6114
4155
4154
556
4172
1829
1820
1829
5406
1317
5407
1317
7742
1317
1283
1317
5423
3464
5423
3464
3367
9458
6191
9458
2799
9458
2597
9458
2613
9458
8734
9458
7040
9458
1866
9458
3401
9458
2126
9458
5766
9458
1893
9458
2228
9458
3029
9458
2726
9458
2889
9458
2256
9458
2097
9458
3232
9458
281
113
256
113
1416
1421
3916
1421
737
9731
9360
9731
6953
9731
6960
9731
