2790
4947
7840
4947
8470
8974
1942
8974
1896
8974
3060
6493
4214
6493
8422
6807
9936
6807
9019
6807
9982
4562
6695
4562
3073
3107
982
3449
385
317
10108
8050
3451
3501
318
332
654
332
9422
5853
1862
5853
2505
8578
8753
9133
9468
1989
8647
1989
6993
1989
9737
9698
7048
1798
9918
4691
2031
4691
1635
1690
1639
1690
7481
6866
8869
6391
5188
6391
2448
7665
3962
1332
3497
1332
8326
3565
9711
3565
8927
3565
7823
6550
5629
6550
6468
5973
4386
5973
4146
1548
3407
1548
7966
1548
6805
3527
4424
2921
3603
2921
8744
7993
1632
7993
7166
7993
1631
7993
131
8371
3166
7627
6707
8854
10374
8266
5199
8266
2928
6134
2904
6134
9603
7172
7201
7172
2914
2943
7618
2943
2144
2188
2137
2188
3726
5103
2549
5103
1423
4269
989
4269
7442
9319
7440
9319
2433
9467
138
9750
1914
1944
1915
1944
3285
3856
8771
1695
1637
1695
1655
1695
7171
1695
8275
9782
657
9782
10138
2964
2958
2964
10160
2964
3565
8911
8322
8911
8917
8911
3882
1963
1916
1963
27
3887
8349
683
6394
10051
8093
8055
2292
2296
2290
2296
2505
2568
3308
3309
6900
6459
1606
6459
2156
10109
10174
10136
9462
6537
8609
6537
10402
9726
3879
9726
6868
9726
8847
10191
8332
8314
178
179
9300
8831
8485
6151
4429
6151
10118
8037
10118
8037
10219
3976
3230
6199
3215
6199
1222
1233
2267
6555
3547
6555
8310
3560
121
1768
7768
5244
10059
5243
10059
9581
10059
9541
7959
1491
1502
3159
7660
9338
7406
2347
4411
4035
1410
1522
1410
8420
1788
1778
1788
9230
960
6788
960
7227
960
3417
960
8749
1979
9578
1979
8748
1979
1976
1979
17
659
7140
6772
5219
6772
7082
6772
7987
6772
1686
1680
4154
1680
7819
4681
4613
4681
5547
5734
4314
5734
3074
3072
3058
3072
9977
6483
8456
6483
8621
5467
7752
5467
1390
5425
10020
5425
2569
6042
3632
6042
2569
6613
9493
6613
1482
5529
6786
5529
3409
2198
2160
2198
7995
2198
398
370
8037
2026
10118
2026
10105
2026
10120
2026
8079
2026
9818
2026
8276
7345
5201
7345
9298
7345
1713
8733
1714
8733
8785
8733
8736
9534
1885
9466
5187
6381
9325
6381
7424
6381
2097
2230
2174
2230
3419
4013
9068
4013
9797
5231
9620
7207
10024
7983
363
423
426
423
8743
8652
9163
8652
9825
8652
936
8652
8720
8652
9567
8652
435
405
393
405
2097
2286
2231
2286
6711
9935
10306
8168
3165
8447
4202
4474
6710
4474
4104
5420
1399
5420
7724
5799
7704
5799
8213
10137
8293
10137
6952
9062
9454
9062
3770
6008
7911
6008
2235
2257
2258
2257
481
298
4340
5751
7754
5751
281
530
8364
9727
738
9727
1543
1685
1686
1685
9644
9632
6071
5078
9478
5078
962
965
961
965
7206
9573
5214
927
3926
927
3925
927
8151
927
9248
927
13
3897
7420
693
1826
5604
8508
5604
7963
1415
7056
1415
6984
1415
461
444
327
444
2367
6016
2357
6016
8713
2235
2169
2235
8722
2235
9829
2235
61
44
10116
5254
103
2254
2358
1077
1101
2388
10323
9201
1477
9594
1477
10097
1477
8802
1477
9211
1477
1627
1636
6649
7340
8310
7340
6730
9905
7691
9905
1806
8603
1029
1049
1554
9742
8363
9270
7510
9270
3351
6478
9484
6478
1612
4320
7874
4320
10371
7386
7414
7386
3300
10040
2498
2569
6900
5744
4339
5744
1470
1482
10347
9670
3953
9670
8236
2666
7347
2666
8237
2666
6855
2666
3988
2666
1559
1612
7397
7357
10331
7357
7610
6179
5663
6179
4411
6032
9975
6032
2864
8593
2765
2774
1481
5539
1503
5539
3907
10388
7479
10388
7474
10388
1089
1091
1080
1091
7093
7074
3188
3227
3191
3227
3242
3265
1091
1117
1763
1773
1752
1773
1221
7858
7781
5998
2301
5998
10175
10138
8830
10138
6674
5789
1728
5789
9176
8743
5177
9728
3952
3766
8313
3766
3658
5223
3965
5223
7338
5223
3312
3328
3326
3328
9139
7978
3987
7335
1362
7769
9756
3907
2521
8450
8226
7258
9751
703
4343
5594
6407
5594
6729
8721
2455
7574
8814
5241
1170
1175
7015
3674
85
2147
2240
6077
5083
2600
5083
260
261
1694
8559
3241
3260
7491
9318
366
637
9542
8676
2758
8437
2179
5622
2096
5622
2148
2208
1892
4367
2173
8764
7040
7011
3484
2711
5655
2711
3482
2711
8193
9631
1908
7197
7243
7197
9214
7197
8152
7197
10392
9275
7503
9275
5578
4325
3786
4325
1167
1170
1152
1170
8323
9696
230
592
550
592
372
592
7190
2245
2232
2245
370
491
482
491
426
356
8828
10269
8584
4268
3519
4268
3112
8455
7345
7330
1562
6787
8737
5322
1672
5763
9957
5763
6409
1646
8072
1646
6723
1646
3402
1646
3083
3087
9935
9741
9742
9741
1841
9741
5601
9741
1879
9741
6776
9741
1214
9741
4116
9741
4312
9741
1043
9741
3516
9741
9990
9741
1005
9741
1294
9741
1783
9741
1176
9741
1673
9741
1419
9741
1020
9741
1341
9741
5623
9741
4141
9741
4384
9741
1123
9741
1100
9741
1250
9741
1066
9741
923
9741
4399
9741
1401
9741
3729
9741
1605
9741
3482
3481
9608
3611
3036
3056
10242
9217
8297
6756
3950
6756
56
7511
1075
1081
1062
1081
1795
1814
1703
1814
2624
8583
0
775
3689
5059
6712
5059
10396
3952
804
3952
1243
9121
1248
1264
1260
1264
2723
4937
2798
2813
3995
8169
7281
8169
10188
8169
7286
8169
8202
8169
232
233
8119
1492
1479
1492
136
8911
7396
6384
7396
10025
4166
9440
4875
2628
4875
9558
9143
7620
6189
8487
6189
9227
2173
9618
2173
9229
2173
2172
2173
2209
2173
7222
2173
8056
1538
5226
1538
1522
1538
8564
5584
9069
5584
8963
717
4024
1342
4023
1342
6394
1342
942
1342
7788
5861
7734
5861
6475
4955
2787
4955
1714
1705
8807
1705
1654
1705
181
187
185
187
2181
9819
3163
3174
7153
3174
1816
5779
1726
5779
7863
5988
7873
5988
806
3872
9718
3872
7924
1934
7049
2306
2298
2306
1871
2933
3644
2933
9422
2933
3530
2933
3795
2933
6846
2933
9391
2933
7588
2933
6673
2933
8486
2933
9420
2933
1380
2933
1581
2933
9419
2933
3866
2933
9404
2933
9394
2933
9389
2933
987
2933
5894
2933
2334
2933
1615
2933
9408
2933
2801
2933
9060
2933
3767
2933
3648
2933
1784
2933
4316
2933
2324
2933
8507
2933
3566
2933
9410
2933
9402
2933
1300
2933
1862
2933
9981
2933
3604
2933
6581
2933
8491
2933
1266
2933
9413
2933
1354
2933
4894
2933
8438
2933
8483
2933
9396
2933
8478
2933
3753
2933
5613
2933
8439
2933
9416
2933
8474
2933
3758
2933
8499
2933
9400
2933
2562
2933
9385
2933
3645
2933
4863
2933
3675
2933
2279
2933
8536
2933
9397
2933
9387
2933
4354
2933
1318
2933
2929
6144
6953
6144
9578
10080
2358
4817
4837
4817
9572
8003
7167
7156
6474
4870
2238
4870
9464
5824
9081
5824
5325
10052
1843
1871
8252
9781
691
9781
7420
9781
5204
9781
4001
6401
4432
6163
3322
6163
3151
7187
2763
6349
4939
6349
393
309
1280
1316
214
581
627
581
209
581
4414
6547
5627
6547
8604
5093
7740
5093
8655
9468
6989
6962
7445
678
8335
678
769
770
3100
3097
3070
3097
7914
6797
7290
8823
9854
3491
1223
1221
1188
1221
3085
3111
8823
10192
8163
10192
9619
10192
927
9164
9463
6503
7808
6503
1799
1808
7479
9697
9703
9697
5888
1999
9949
1999
7783
4649
1966
4649
1647
1700
8698
1700
3411
4950
9390
4950
800
7462
4166
1951
5325
1951
8686
1951
4369
1951
7047
1951
3832
4701
7775
4701
7335
8841
3423
8841
8269
8841
50
2130
8047
156
3912
1243
5190
1243
1242
1243
8706
7063
2759
2763
3464
6087
7067
6087
7067
6087
1129
1140
2281
2275
8730
2275
6057
6056
8431
4992
3263
4992
1711
1764
7984
1764
9545
1764
3873
1764
7425
3722
627
580
522
580
212
580
10022
9996
3491
9901
2066
9901
6674
9901
2480
9901
6694
9901
3720
9901
4972
9901
4893
9901
4133
9901
1674
9901
2268
9901
1503
9901
1756
9901
3714
9901
3863
9901
1905
9901
2802
9901
2385
9901
1965
9901
10154
9208
10141
9208
1425
1437
1547
1676
9179
1009
8107
1009
1008
1009
3847
8102
10044
1559
1552
1559
7952
1559
2270
2318
2317
2318
2316
2318
3680
5214
3680
5214
7995
2217
5652
4906
2680
4906
7530
825
8224
3995
8616
5711
7837
5711
8636
7563
9486
7563
6932
7563
9899
7563
3597
7563
2205
7563
6402
7563
3814
7563
9495
7563
3719
7563
5463
7563
1423
7563
8648
7563
989
7563
9970
9931
6418
9931
7893
9931
4423
9931
6912
9931
2109
9931
3232
9931
7863
9931
9993
9931
3691
9931
7873
9931
3463
9931
6473
9931
2071
9931
8633
9931
7882
9931
2259
9931
7906
9931
7870
9931
5624
9931
7865
9931
2937
9931
7905
9931
8639
9931
1927
9931
7907
9931
3240
4434
8653
8646
259
644
436
644
8367
867
2900
3663
6916
4767
3727
4767
3123
6602
4490
6602
660
9569
1431
1455
2113
6260
2341
6260
10214
9245
79
157
5696
5038
3126
5038
4726
4725
7523
806
2646
9424
7011
2622
3410
2622
7077
2622
3896
8184
6930
5366
9086
5366
8803
8773
2578
2594
2546
2594
10136
1407
2141
7948
1442
7739
1589
1593
1590
1593
9532
2998
8707
2998
8034
7089
9474
8612
2762
2789
84
137
1130
1145
8560
6328
8546
6328
9260
5271
7271
5271
8202
5271
2183
2270
1488
3644
4054
4053
7894
7544
6976
7544
2177
8482
5348
3032
2106
4720
2340
4720
10027
2539
2418
2539
1673
5774
1725
5774
1204
6732
1718
1721
1669
1721
8554
6448
3412
6448
1941
4628
1903
4628
6481
6227
4485
6227
9252
9240
8460
6265
2560
6265
7126
1450
5219
1450
4028
1450
7082
1450
7987
1450
5220
1450
3
197
3383
4451
6476
4451
1509
7794
5342
4499
5343
4499
1633
6653
9973
5569
7717
5569
3812
2744
3876
2744
1289
1308
1307
1308
6525
9970
10016
9970
2695
7044
1739
1743
1740
1743
2895
7589
3319
5666
7603
5666
7362
3990
3574
3990
21
225
819
820
2595
3689
3174
3179
7099
3179
7083
3179
5277
3179
202
203
9786
8354
8356
8354
2671
5125
2740
5125
9810
9997
1205
1206
1193
1206
40
250
1982
7819
357
595
275
595
2829
10195
3837
5167
2787
5167
7848
4304
8571
4304
9439
6097
7773
6097
6851
6097
2127
10063
8573
6515
9073
6515
7743
4982
3743
4982
2788
6111
5659
6111
1258
1273
9606
8077
8887
3936
9778
8871
8755
10055
9413
4840
3758
4840
1839
1841
901
7219
3538
7219
9646
7219
297
481
1352
8999
1353
8999
9053
8999
1891
3816
4044
8808
721
8951
7125
8700
955
4122
2131
2164
2132
2164
2626
6577
9479
6577
2393
3985
10321
3985
2831
2824
2697
2824
1720
1823
10187
3401
739
740
6821
8015
6821
8015
8184
10113
8155
10113
10153
10113
8095
3163
8094
3163
8088
3163
2945
3163
3297
3349
8692
2779
10009
2779
796
8331
3508
8331
793
8331
3958
7426
8925
7426
1837
7079
2986
2988
8753
2143
2123
2143
4409
2143
3415
5933
2073
5933
3121
3144
7153
3144
2421
8492
6897
9764
8432
9764
9897
9764
1368
1372
4360
6510
1850
6510
1595
3842
6745
8194
9660
8194
8110
2584
10096
2584
2463
2584
9175
2584
1288
4229
1275
4229
1538
1583
1568
1583
2854
2861
2860
2861
7254
8814
3877
2121
8826
2121
7267
2121
9643
2121
7143
7132
7598
6174
7616
6174
2612
5120
3757
5120
2192
3409
9315
9306
9315
9306
7136
8010
7504
745
10316
3980
7373
3980
6928
7579
9148
3189
10070
3189
4091
6926
3885
8934
3561
3679
2056
8705
1479
8139
651
339
338
339
10148
9173
10148
9173
1446
8538
2636
4845
5649
4845
6737
5813
4364
5813
2197
7784
9783
3151
10173
3151
10207
3151
10184
3151
2892
3199
7307
8222
10285
9296
1270
1288
162
8963
8589
4479
7732
4479
8891
3946
6720
4609
1938
4609
6467
8695
3582
1911
10216
1911
9467
4910
5652
4910
611
500
192
500
3842
5568
1557
5568
4927
6309
3704
6309
8210
9785
8213
9785
1934
8502
1886
8502
9469
8502
410
328
319
328
1832
1831
1745
1831
10063
6822
121
93
2215
4830
5633
4830
7143
7116
10406
730
1376
1387
1312
1387
4383
5964
2110
5964
391
347
404
347
3616
8204
3616
8204
4255
1356
201
475
549
475
6989
4526
8824
8798
1059
9823
8676
3134
3133
3134
9486
8989
1190
8989
3719
8989
7063
5943
7053
5943
9077
4915
2555
4915
9528
8690
7050
9500
785
786
6715
6582
9948
6582
6688
8341
6689
8341
6687
8341
6685
8341
10391
8341
883
8341
3541
8341
6686
8341
1560
1578
2134
2133
7155
2133
9580
2133
8051
2133
3892
757
7328
3391
7313
3391
347
435
392
435
10382
8323
7434
8323
2565
4857
2471
4857
2974
2973
10094
2973
7181
2973
2970
2973
3052
7142
8766
7142
8767
7142
3744
5921
3714
5921
3596
1974
8791
1974
5242
1974
8167
1974
6998
3832
7946
3832
8638
3832
1303
4239
1399
4239
3773
4886
4415
4886
9215
8082
2315
2319
3203
4977
10395
8944
7151
2853
10092
2853
7149
2853
8938
10357
8346
10357
10381
10357
9326
10357
1159
1196
2396
9998
1830
1854
263
609
367
609
1039
1028
8075
1028
896
1028
10265
1028
10152
9188
6686
735
3913
3912
3115
8548
126
149
3530
4835
8491
4835
1467
4294
6405
4294
2767
6107
2796
6107
8787
8129
8295
10273
8901
10273
6938
8415
3142
4489
1887
7804
10011
8685
1347
4024
1127
1130
1115
1130
2055
2062
9126
2062
9318
6716
8299
6716
3151
4000
8225
9257
3015
3016
2223
7599
2778
3651
1424
7551
10302
3699
141
9745
877
9286
878
9286
9997
3428
9257
1447
6751
1447
8219
1447
9264
1447
3570
9902
6658
9902
7568
9902
1262
1298
7465
7370
1539
1603
1541
1603
1395
1397
875
10393
881
10393
869
10393
878
10393
1595
8636
1482
9932
1420
9932
3198
9932
6712
9932
2080
9932
2839
9932
9976
9932
1878
9932
2333
9932
2543
9932
6715
9932
1608
9932
3320
9932
2907
9932
9949
9932
9961
9932
4426
9932
3771
9932
9960
9932
1582
9932
3724
9932
3707
9932
4437
9932
3380
9932
2782
9932
5906
9932
6969
9932
2213
9932
10000
9932
2629
9932
2892
8477
3282
4444
3351
4444
2610
6624
6274
6624
188
189
1964
9358
5906
9358
2517
2604
9492
5048
7876
5048
8201
9235
152
3917
9635
7157
2420
2418
2420
2795
2799
2703
2799
5274
7099
5205
3008
9582
3008
7173
3008
2688
2751
1524
7051
10039
7729
6871
7375
3107
3381
4474
3381
3265
3381
3087
3381
1808
3381
4489
3381
6072
3381
5612
3381
9857
3381
2032
3381
3143
3381
1988
3381
3306
3381
3698
3381
2636
3381
6826
3381
2771
3381
5662
3381
4431
3381
5873
3381
5697
3381
6832
3381
3348
3381
3613
3381
5342
3381
2368
3381
3237
3381
6837
3381
2561
3381
6810
3381
3333
3381
1859
3381
3777
3381
3118
3381
2919
3381
1868
3381
6830
3381
3290
3381
3810
3381
2729
3381
1785
3381
2491
3381
3763
3381
3284
3381
2382
3381
2752
3381
5343
3381
2325
3381
3108
3381
2880
3381
5614
3381
2876
3381
4778
3381
2797
3381
1895
3381
2214
3381
2658
3381
3336
3381
2542
3381
3223
3381
2104
3381
2253
3381
1737
3381
5649
3381
1760
3381
2810
3381
1796
3381
9108
7938
7811
4896
7789
4896
10177
4005
8172
4005
9466
6661
8568
6661
7803
6661
1165
6661
9446
6661
9425
6661
3826
6661
7828
6661
4108
6661
7848
6661
1400
6661
8558
6661
8554
6661
8571
6661
9443
6661
2216
6661
9459
6661
9440
6661
1197
6661
9452
6661
8561
6661
3576
6661
9450
6661
9465
6661
7799
6661
9444
6661
3669
6661
1392
6661
7813
6661
8570
6661
1178
6661
1800
6661
8557
6661
3751
6661
9438
6661
9436
6661
7796
6661
2557
6661
2586
6661
1232
6661
9979
6661
2074
6661
7830
6661
1321
6661
1297
6661
8567
6661
1096
6661
7797
6661
7756
6661
3412
6661
8628
6661
1255
6661
9430
6661
2628
6661
7836
6661
6083
6661
1210
6661
1277
6661
7790
6661
1144
6661
7776
6661
1107
6661
3803
6661
9434
6661
8576
6661
3769
6661
1121
6661
7303
3634
1086
8979
7219
1135
8140
1135
10251
1135
7232
1135
8156
8788
132
7534
274
553
3290
4463
3284
4463
3882
8680
7457
796
132
7247
7218
9628
7218
316
414
514
414
8415
8410
8428
8410
8642
6592
8649
6592
1657
1652
1634
1652
3235
5002
3267
5002
2991
4061
8297
7317
8282
7317
3948
7317
2187
2467
7264
6742
6767
6742
10238
6742
10247
6742
1419
4284
7805
4284
3051
3042
3038
3042
2403
2425
2426
2425
2417
2529
2520
2529
5310
6438
9433
6438
10086
9230
8702
1157
9543
1157
7087
1157
3959
1157
1666
1733
3633
10234
1624
8092
3149
7818
477
302
8781
1186
9610
1186
9193
1186
10242
1186
2530
9026
7060
7034
2674
2734
2736
2734
7324
9198
3521
9198
9243
9198
2588
6072
8240
7301
7909
5137
2727
5137
2953
7249
4136
4293
9082
4293
1571
4152
8339
8921
6756
3966
7646
5690
3150
5690
7850
5989
7826
5989
8945
8943
798
8943
7884
5798
1857
5798
8036
2854
2820
2854
7088
7969
1372
3570
6916
3570
2076
3570
1723
3570
9052
3570
2371
3570
1579
3570
3775
3570
1968
3570
9054
3570
1236
3570
7595
3570
9963
3570
1840
3570
8421
3570
6657
3570
3738
3570
2028
3570
1829
1853
1558
7778
3256
3319
9596
10110
3340
7670
2773
5155
2722
5155
7456
8324
7430
8324
4139
5548
2971
2974
9592
2974
7223
2974
402
617
630
617
1693
7849
1894
1973
1972
1973
2976
7901
6399
2391
6416
2391
9122
9107
1231
5390
1217
5390
7991
3133
2465
2578
2545
2578
7207
10060
3427
10060
5328
10060
2053
5944
2063
6469
7844
6188
3259
6188
2121
2134
2130
2134
10320
10298
9290
10298
2358
9761
9032
9761
2612
9761
3230
9761
8518
9761
9393
9761
2714
9761
4837
9761
3215
9761
4142
9761
2035
9761
3827
9761
5839
9761
2909
9761
3262
9761
7731
9761
9398
9761
3411
9761
6757
9761
6735
9761
4120
9761
990
9761
3757
9761
7721
9761
2077
9761
2675
9761
4439
9761
4942
9761
1355
9761
3194
9761
2212
9761
1939
9761
6464
9761
7727
9761
9041
9761
6061
9761
8535
9761
2570
9761
8501
9761
2304
9761
2229
9761
1856
9761
2942
9761
2525
9761
4123
9761
1732
9761
2468
9761
4383
9761
1439
9761
2550
9761
1609
9761
2002
9761
3839
9761
2241
9761
2110
9761
9395
9761
9390
9761
3859
9761
9029
9761
7726
9761
1421
9761
8488
9761
3696
9761
5605
9761
7699
9761
8512
9761
2189
7675
8532
5963
8522
5963
3609
6987
2020
3575
10234
8203
2375
6956
820
8361
6872
8361
3817
5695
10090
7162
10090
7162
7382
8276
9141
2831
2828
2831
5335
2831
7094
2831
975
4259
7771
4259
2296
4392
3125
9488
2614
6296
8493
6296
397
322
8688
3517
2913
2911
9155
2911
7470
7456
7468
7456
150
8964
3367
7617
8520
4572
3834
4572
3887
7487
986
5502
7806
5502
11
9309
8612
5395
6926
5395
1952
8568
134
9749
297
555
2160
2199
2196
2199
2774
5150
2813
5150
2092
6876
2144
2151
8004
2151
4486
5680
4203
5680
3755
1734
1719
1734
3754
5788
4353
5788
8959
855
206
520
531
520
6956
5979
3844
5979
7106
7033
6950
5410
1276
5410
2674
2733
2735
2733
10386
917
9510
917
7113
917
914
917
9596
1529
1506
1529
2003
2042
4169
2042
1422
1425
972
1425
407
473
408
473
7707
4283
9406
4283
3571
9904
1458
1467
2416
2652
2661
2652
2287
4755
6875
4755
8272
3633
7362
3633
10339
3633
3574
3633
7660
4464
3622
4464
1958
9934
7319
8178
143
7533
831
837
3510
9072
3441
9072
4276
9072
7587
6198
8424
6198
2327
6026
9955
6026
10042
3752
7104
3752
9126
3752
8005
3752
6973
9421
958
975
8599
5068
6059
5068
3183
6230
4475
6230
4612
4737
2049
4737
4095
5380
1237
5380
2355
2381
5322
1751
5321
1751
10035
1751
1717
1751
3720
4750
2385
4750
1763
1799
1775
1799
9919
4658
1930
4658
1869
6257
3823
6257
1978
2008
2006
2008
2834
4421
2689
4421
8478
6641
8474
6641
2642
5336
25
387
967
1420
9549
9535
4890
6286
2609
6286
2018
4382
1529
1604
8056
1604
5226
1604
8006
1604
3283
4443
3352
4443
2538
6623
2607
6623
9076
5415
1295
5415
1554
9973
1331
6997
9700
850
556
294
641
294
2583
2603
2511
2603
5686
5685
3304
9448
4083
5385
4092
5385
2408
2447
2409
2447
8851
4041
4489
6235
3613
6235
7145
970
971
970
3054
3062
14
669
984
6762
8050
2016
10080
2016
7228
2016
8749
2016
8748
2016
8772
2016
3790
4607
6873
4607
644
433
558
433
7425
10363
5232
10363
764
10363
2368
5636
3763
5636
7315
10232
4115
5477
5313
5477
2061
7803
3901
7497
370
464
643
464
242
464
2841
6358
2791
6358
9500
9858
8656
9858
4024
4023
4024
4023
6741
6654
1157
1160
1158
1160
2180
2179
9229
2179
10128
2179
2663
2743
1784
4597
9402
4597
7014
5612
3552
5612
7046
7043
4117
5482
7755
5482
1739
1744
1678
1744
9089
9447
695
9447
535
379
1439
4278
1421
4278
8934
9328
791
9328
9954
5773
6759
5773
7043
9857
9498
9857
1825
9857
8955
7507
7515
7507
2437
2450
2457
2450
1510
4315
1410
1539
1538
1539
1838
7793
3271
7021
2011
2032
2764
2721
2718
2721
8880
10270
3326
8569
7032
9486
3252
3270
3271
3270
4365
3643
4366
3643
7092
3643
3071
4054
8958
847
5889
1998
5615
1998
9133
8666
1664
1789
1616
7543
111
874
8183
1984
4377
4007
3621
10139
3621
4004
3621
4488
6240
9409
6240
10178
9227
9645
9227
10228
9227
114
7521
2591
2593
9231
8774
8162
8774
10154
8774
2285
4747
2372
4747
1766
9422
1604
1594
5317
1594
1344
5312
5186
3458
7391
3458
10327
3458
8846
9265
7084
7007
6756
1622
8863
1622
9678
1622
10211
1622
10291
1622
9655
1622
7616
6208
3382
6208
7642
6631
4924
6631
7901
5346
6977
5346
1843
3776
9270
10296
8838
10296
2457
2455
2441
2455
7808
4310
6967
4310
7881
7759
2042
10039
1736
7968
8271
9669
1112
1127
1128
1127
2153
9087
9849
7881
3326
4433
7590
7564
9997
3664
9997
3664
3211
3217
1145
9056
1288
9056
3575
9056
8622
9056
8594
9056
8584
9056
4136
9056
9080
9056
9085
9056
8591
9056
3756
9056
8601
9056
9460
9056
2524
9056
5647
9056
2677
9056
1801
9056
2364
9056
1396
9056
9455
9056
2625
9056
8615
9056
5554
9056
9464
9056
1304
9056
9082
9056
9077
9056
9442
9056
9441
9056
9851
9056
1818
9056
1180
9056
9449
9056
1252
9056
2611
9056
6697
9056
8596
9056
9437
9056
2320
9056
9079
9056
1613
9056
1216
9056
2044
9056
3519
9056
9088
9056
1379
9056
1671
9056
2537
9056
2555
9056
1191
9056
1181
9056
9064
9056
9083
9056
1131
9056
9078
9056
3524
9056
3495
9056
8607
9056
8618
9056
8629
9056
8590
9056
1230
9056
8600
9056
1757
9056
9081
9056
1275
9056
1149
1165
3256
3318
3363
3318
8835
9260
2062
6468
2428
2559
2463
2559
2436
2676
9758
2437
3650
2437
935
5213
1496
4031
8076
4031
3406
4031
3405
4031
8650
6245
6994
6245
8105
8711
3631
7064
3631
7064
3652
2764
2735
2764
8217
3275
3999
3275
3254
3275
8224
7281
8700
5646
2164
5646
10033
5646
7086
5646
10296
10231
8201
10231
9768
10231
1711
1763
10048
1763
9813
1763
18
244
8690
9856
7073
9856
9519
9856
927
9174
2740
5147
6091
5147
2762
6852
7768
5814
1809
5814
256
642
1982
7783
2164
2189
2137
2189
1871
4587
9404
4587
8357
7472
8355
7472
2347
9446
1299
5405
4096
5405
943
1326
933
1326
5313
5492
974
5492
1813
4556
1872
4556
8341
8933
3138
3121
8805
3121
8820
3121
7412
8193
3108
5705
5601
1861
5815
1861
5185
8252
2544
2583
8110
2583
3598
2583
9175
2583
9436
4860
9434
4860
1575
1584
8817
8813
8817
8813
9032
5538
9041
5538
7757
6173
7745
6173
1192
1211
1212
1211
76
7813
4402
7790
4402
2612
6306
6735
6306
9098
9487
2123
2144
2127
2144
4382
5934
2031
5934
5189
668
3129
3143
3314
6972
1778
1779
3889
760
1923
1988
2132
2163
2165
2163
2343
2349
2697
2823
4420
2823
1272
5400
1250
5400
2984
7891
7395
2401
8186
2401
7943
9097
7923
1824
9985
1824
1048
1058
1904
5871
1782
5871
8366
9762
3154
3164
1668
9111
911
10297
9686
10297
8171
3862
8
223
549
205
2757
2841
7487
765
3597
4303
8648
4303
7637
5069
2476
5069
7240
9820
5665
9503
7319
7291
1258
1274
8962
727
779
8353
2691
10079
7265
8159
3526
4827
6004
4827
6693
5700
2066
5951
2051
5951
3706
4176
2616
4865
8540
5808
7712
5808
2367
5999
2301
5999
6787
5764
7741
5764
9559
2056
2064
2056
9192
2056
8914
8295
759
8295
7429
8295
5214
930
925
930
3680
930
9223
930
2626
6275
2571
6275
456
629
483
629
7964
2087
4171
2087
2084
2087
5329
2087
9128
2646
9855
2646
7986
2646
8742
2646
2711
6318
2730
6318
8159
3596
45
7794
5559
4144
5559
1690
7696
1345
8622
8709
4200
9389
5437
9385
5437
7660
5676
7676
5676
3556
9596
3400
9596
9602
9596
9623
9596
3206
3245
3244
3245
6748
3746
10381
3746
3141
4488
9827
9531
9225
8763
9216
8763
4035
8763
8180
8763
1175
5376
1164
5376
6899
6895
3623
4710
9096
4710
275
276
1713
1711
1714
1711
8785
1711
1654
1711
3337
6217
3375
6217
5919
4618
7694
4618
50
235
2477
5084
2518
5084
7526
810
8169
3208
10092
3208
2248
2260
3452
5455
1358
5455
5194
1279
5193
1279
3918
1279
8098
1279
8246
5261
3986
5261
8261
5261
9116
9969
9521
9969
3239
3240
3190
3240
4206
4205
7014
8539
4162
8539
7810
8539
6408
5593
8508
5593
1485
9032
703
704
876
877
7432
10309
858
10309
10335
10309
3013
7573
9234
8138
2171
3673
2209
3673
7222
3673
8136
8744
7877
4777
9492
4777
8509
4347
8505
4347
2276
2328
8787
5224
2568
6270
2633
6270
4051
3712
9588
9179
7279
935
8189
935
928
935
3497
935
3528
8290
7903
9425
1018
1019
8075
1019
10265
1019
7163
1019
1505
8594
2766
2773
53
645
7988
7073
2246
2265
2182
2265
4107
5450
4105
5450
5180
5202
1991
5202
8507
4248
3604
4248
2173
2227
2096
2227
7147
1774
6910
5721
7678
5721
813
815
977
986
77
10043
1666
9520
1666
1668
1666
7030
1666
7809
4715
2099
4715
8813
8789
9805
8789
10196
8789
10210
8789
9650
8789
3414
6890
9459
5743
9452
5743
2450
2612
1006
8998
8071
2482
2461
2482
954
957
941
957
1518
1569
6383
1569
5225
1569
10142
1569
4037
9570
7178
3586
947
7686
5697
5039
3118
5039
1581
4532
9394
4532
9935
6520
1926
6520
2684
2700
2760
2700
8921
7416
8919
7416
9327
7416
9720
3557
3618
3557
7230
2951
9121
1244
7058
1244
1229
1244
7973
1244
2706
2808
2894
7657
7233
9597
10098
7108
2998
2999
9765
10371
10383
10371
8221
8824
6838
6836
825
8285
8905
8285
2087
2111
3782
5110
8574
5110
9890
9349
9174
9163
2430
9401
2100
2097
10038
2097
2068
2097
2101
2097
6963
6504
6921
6504
4147
4146
155
9753
8811
10108
9629
10108
9241
10108
2832
3708
2608
5094
2533
5094
6866
3800
6865
3800
7765
6916
7001
6916
2897
7608
9995
3535
9506
3419
9093
3419
10071
1289
1285
1289
2732
7635
777
9765
10059
8020
9507
1362
1360
1362
1337
1362
5235
1362
7704
5841
8516
5841
8045
8004
2142
8004
8745
8004
6758
8004
5342
4498
3118
4498
1856
5823
8512
5823
213
214
3641
2871
6992
2871
2222
6885
3374
6164
4432
6164
7354
8236
9707
10345
3490
10345
7130
10054
2020
7809
7924
1933
10006
1933
423
594
512
594
3281
3306
6806
8280
7409
8280
2823
2934
9191
9189
9828
9189
9613
9189
8593
6143
6718
6143
44
389
2476
5115
5087
5115
901
902
9644
902
7618
6121
7653
6121
2179
2174
9151
2174
9556
2174
2696
2705
2694
2705
7692
5583
3615
5583
76
90
2579
6567
7585
6567
3494
4802
7889
4802
4377
6525
1402
6429
3452
6429
2529
2538
2803
6942
2768
6942
6714
6942
3844
6942
7787
6942
2725
6942
7800
6942
3145
3173
1456
3826
922
996
1108
8988
953
4112
3812
8779
6881
6880
2188
2492
8062
9144
8208
10194
9749
5177
6742
7209
2947
7209
7100
1813
1812
1813
3072
7630
10143
8025
754
7442
968
8584
1363
7738
6671
3530
3529
3530
6670
3530
3003
7929
1264
1263
1247
1263
7574
3805
2240
3805
2711
3805
7589
3805
2988
3805
2467
3805
9026
3805
2260
3805
7573
3805
8425
3805
9381
3805
3046
3805
7571
3805
2113
3805
5616
3805
2311
3805
3607
3805
2070
3805
3119
3805
9374
3805
9373
3805
3745
3805
6906
3805
7593
3805
7583
3805
3413
3805
2341
3805
7578
3805
3341
3805
7594
3805
2579
3805
3837
3805
5699
3805
6475
3805
5679
3805
8418
3805
3024
3805
3788
3805
7585
3805
3360
3805
9375
3805
2218
3805
3064
3805
5661
3805
7597
3805
3386
3805
7587
3805
2787
3805
1992
3805
2597
3805
2556
3805
7592
3805
3182
3805
7577
3805
9376
3805
4212
3805
8414
3805
3288
3805
2730
3805
7586
3805
8431
3805
2902
3805
3263
3805
6904
3805
8424
3805
8413
3805
3723
2814
8178
8067
2392
8067
8795
8067
8280
8861
2159
2502
2503
2502
2880
4967
6809
4967
1222
1234
1
397
2424
4925
999
1006
964
9499
3348
5029
3284
5029
8543
4542
7722
4542
767
5182
4376
5911
7710
5911
2148
3795
4137
4136
7758
6846
7184
10083
6857
8313
8342
8313
539
425
540
425
283
284
389
403
438
403
3897
9199
2351
3545
10398
1018
9180
1018
3899
1018
1008
1018
10062
9151
9070
5831
4358
5831
262
558
3923
3922
2822
7645
8234
892
7318
892
2265
2309
1569
1568
1535
1568
8065
3296
3300
3296
8032
3296
8732
3296
8
2964
2963
2960
2963
10273
8246
1950
1964
2240
4792
2218
4792
2484
4185
8349
684
3587
2695
2644
2695
1265
1299
7657
6133
7638
6133
1567
5578
9677
8853
6742
2944
2946
2944
1225
1251
10229
9784
2906
3698
2611
5104
2537
5104
6399
10107
9148
3188
7164
3188
7144
3188
5338
3188
1651
3790
3269
7598
10279
8212
1702
1943
8429
1943
8544
6439
8517
6439
1964
4619
9949
4619
9124
1921
9105
1921
4167
1921
8678
1921
2425
2548
9856
6932
9420
5974
3648
5974
3789
4920
2552
4920
3090
4508
3106
4508
8741
7994
3746
6812
715
6812
844
6812
3507
6812
7980
4180
2643
2690
3456
2690
3163
7098
9226
9598
2126
9598
8782
9598
8786
9598
4059
2989
8728
9134
1434
7126
8016
2798
2703
2798
9035
5854
1869
5854
384
318
8476
6319
3818
6319
9943
8973
3060
6494
3079
6494
1720
9391
8571
4516
7796
4516
2082
2107
3543
7432
2350
7640
9810
7939
1553
7748
7739
3540
7778
3540
2107
3540
3654
3540
1366
3540
6946
3540
4345
3540
8549
3540
3747
3540
7811
3540
9075
3540
6704
3540
3782
3540
7834
3540
7753
3540
9463
3540
7808
3540
2929
3540
8579
3540
8574
3540
8627
3540
9428
3540
8588
3540
6967
3540
3522
3540
7763
3540
8573
3540
7789
3540
3668
3540
3539
3540
6914
3540
2816
3540
7815
3540
7770
3540
8611
3540
6953
3540
7825
3540
7845
3540
8613
3540
3741
3540
7802
3540
9073
3540
3713
3540
8623
3540
7827
3540
7772
3540
7807
3540
6959
3540
7822
3540
4119
3540
7852
3540
3749
3540
8587
3540
6778
3540
8619
3540
3709
3540
7812
3540
3667
3540
7785
3540
3608
3540
5600
3540
7832
3540
9946
3540
8605
3540
7842
3540
7766
3540
1106
4071
1097
4071
1610
3785
7497
5192
722
5192
5643
2636
3661
10333
852
10333
8904
10333
853
10333
2475
2477
6074
2477
6983
2477
2145
5253
2452
8604
3315
3358
8003
940
929
940
9540
940
8059
940
1688
8420
2005
7228
8289
10235
682
10235
7364
10235
1386
5447
1341
5447
3192
3235
10183
8751
10183
8751
2239
6062
2508
6062
4145
9008
4041
8799
8818
8799
8822
8799
1555
6900
10326
7365
8894
7365
1584
4350
7854
4350
2396
2415
2397
2415
699
9673
10066
10043
7398
3736
6812
7327
10319
7327
1803
5603
2258
6671
2642
2685
3731
2685
7486
694
4196
4195
3486
4195
7174
4195
5265
4195
9569
9532
9149
9532
2328
4782
6682
4782
8305
8300
9735
882
1310
9016
3712
3257
8133
3257
8130
3257
3228
3257
6418
4473
4475
4473
2951
3286
3276
3286
3301
3286
9608
3286
2594
7828
3026
8467
3876
8148
5685
6905
9969
6905
9453
6905
4201
6905
2997
4014
8471
4014
3226
3230
10048
7984
981
8529
2778
8425
2230
9042
3023
5352
8468
5352
8035
945
10093
945
9767
9634
7660
3418
8477
3418
3319
3418
7670
3418
9401
3418
7645
3418
3785
3418
7667
3418
8506
3418
4940
3418
8440
3418
8445
3418
2338
3418
8435
3418
8475
3418
8509
3418
3716
3418
8460
3418
7697
3418
7724
3418
4376
3418
7632
3418
7723
3418
8476
3418
8505
3418
2027
3418
7680
3418
3796
3418
7700
3418
7705
3418
3693
3418
7676
3418
7603
3418
7622
3418
8543
3418
2660
3418
2560
3418
9392
3418
3622
3418
7684
3418
7704
3418
7693
3418
3841
3418
6924
3418
7725
3418
7609
3418
6680
3418
2623
3418
2079
3418
7710
3418
8494
3418
3687
3418
7624
3418
3791
3418
8443
3418
7671
3418
8516
3418
2479
3418
3748
3418
7708
3418
7664
3418
2299
3418
3778
3418
3818
3418
7644
3418
7722
3418
2894
3198
4172
8734
9830
8734
10078
8734
10135
10106
10018
6726
3027
3026
4058
3026
1829
3688
84
10007
7588
1599
4337
3781
3780
3555
4238
1294
4238
7652
6484
8456
6484
3498
9381
7765
9381
7001
9381
370
450
422
450
245
450
4865
6614
6073
6614
10375
8305
7427
8305
2430
5652
2443
2680
2023
2072
7291
4190
2761
2788
2407
7088
7205
2979
3390
2979
2430
3606
130
9744
7399
7360
7801
7706
1798
4355
3408
4355
1812
4355
72
2394
2410
2413
2410
7764
5733
7800
5733
2266
7667
241
432
643
432
4052
2961
9202
2961
2960
2961
4003
2961
7370
3567
7360
3567
657
3567
757
8914
8924
8914
7367
3525
7372
3525
7387
3525
8264
3525
3951
3525
7240
3429
2178
7625
3944
3942
2349
8030
2194
8030
9830
8030
10078
8030
159
9754
1802
8518
8883
9292
7368
9292
3426
9292
8542
5833
1865
5833
10126
9153
3752
9359
7668
9359
9793
9359
528
417
320
417
7316
8226
3454
8226
7324
8226
2868
2888
2842
2888
1346
1352
9030
4945
3760
4945
8551
5913
8575
5913
3516
4522
1500
4522
2035
6530
2002
6530
6806
6805
7409
6805
856
8311
859
8311
7418
8311
3601
3105
3599
3105
7932
6826
7327
8834
4971
6154
3196
6154
7729
3880
6911
3880
7716
3880
2093
3880
9058
3880
8038
7112
7134
7112
2089
8506
3100
4209
3529
3836
6670
3836
10379
10341
9699
10341
4059
8971
5918
8971
1927
8971
3808
4882
6655
4882
802
10380
3500
10380
8320
10380
2755
9393
3760
6339
7600
6339
7178
7146
8750
10053
3505
3504
3274
7620
10147
10115
3393
8035
3963
8035
9209
8035
924
8035
9375
6586
5661
6586
3318
3369
1721
7728
3537
3520
3469
7919
7970
7919
2275
6557
2307
6557
1370
4108
1145
9917
1288
9917
3575
9917
8622
9917
8594
9917
8584
9917
4136
9917
9080
9917
9085
9917
8591
9917
3756
9917
8601
9917
9460
9917
2524
9917
5647
9917
2677
9917
1801
9917
2364
9917
1396
9917
9455
9917
2625
9917
8615
9917
5554
9917
9464
9917
1304
9917
9082
9917
9077
9917
9442
9917
9441
9917
9851
9917
1818
9917
1180
9917
9449
9917
1252
9917
6954
9917
2611
9917
6697
9917
8596
9917
9437
9917
2320
9917
9079
9917
1613
9917
1216
9917
2044
9917
3519
9917
9088
9917
1379
9917
1671
9917
2537
9917
2555
9917
1191
9917
1181
9917
9064
9917
9083
9917
1131
9917
9078
9917
3524
9917
3495
9917
8607
9917
8618
9917
8629
9917
8590
9917
1230
9917
8600
9917
1757
9917
9081
9917
1275
9917
2027
4694
3687
4694
781
782
3822
6394
1641
1697
1703
1697
5231
10193
8804
10193
9269
10193
1983
1923
1922
1923
2923
2924
6684
2924
425
472
116
3885
7565
8374
8337
10375
2117
10375
9323
10332
9704
10332
6710
6708
6709
6708
7075
6708
3966
8851
8863
8851
3198
6131
4422
6131
927
8057
117
7248
9808
1155
1192
1193
1192
9698
8899
10332
8899
9856
6800
9635
3916
1240
1253
3065
3100
3078
3100
5944
6535
4384
6535
3162
6419
9252
8086
7921
4639
2710
10065
6811
4940
7114
4940
3697
4940
2519
2528
2417
2528
1884
1941
8294
9282
553
607
619
607
273
607
9551
9530
1465
1470
3444
1470
3460
1470
1469
1470
10322
7347
8273
7347
6708
4471
3289
4471
3005
3012
2521
6712
4380
2066
6998
2066
8638
2066
2885
2898
2845
2898
8524
5754
1730
5754
1463
7848
3898
7205
3459
5549
6918
5549
1734
5601
947
6673
915
920
30
3890
59
305
8085
8753
10126
8753
463
323
1099
4073
1118
4073
1140
5299
1134
5299
433
270
8784
5251
7719
5465
9386
5465
2235
2250
2225
2250
8149
1104
1103
1104
899
1104
7212
1104
9985
8632
2750
8440
2017
7248
3971
7248
3563
7248
9817
7248
1372
5427
1404
5427
9854
4414
2568
9929
1316
9929
3663
9929
8482
9929
8538
9929
3643
9929
8539
9929
5578
9929
8529
9929
8519
9929
2873
9929
8528
9929
4927
9929
8531
9929
8541
9929
6119
9929
2495
9929
2256
9929
3725
9929
3840
9929
2939
9929
3740
9929
8534
9929
3786
9929
3735
9929
1367
9929
2361
9929
3704
9929
2534
9929
6003
9929
3684
9929
8517
9929
3711
9929
8530
9929
4391
9929
2633
9929
8515
9929
2207
9929
3864
9929
8504
9929
8520
9929
8525
9929
2033
9929
9959
9929
3692
9929
4232
9929
8451
9929
9956
9929
8433
9929
1618
9929
8542
9929
3838
9929
2312
9929
8532
9929
1865
9929
2806
9929
8522
9929
9947
9929
3123
6596
8650
6596
9095
2237
7895
2237
7897
2237
3976
7200
3488
7200
6652
7200
2125
7200
7518
792
3805
9916
3832
4684
7824
4684
6960
5731
6943
5731
9697
10336
3798
10336
3347
5018
3342
5018
890
9383
2587
4892
9173
1475
10148
1475
8084
1475
1451
1475
934
9571
369
398
1179
1182
2539
6076
2482
8445
1226
9022
110
3882
8096
2252
2255
7760
5460
7767
5460
8144
8128
7213
8128
205
575
613
575
201
575
825
1687
7426
1687
835
1687
8308
1687
3025
3046
5182
6384
8917
6384
968
6746
4746
2338
9490
2338
1020
5234
1015
5234
961
967
963
967
315
344
438
344
10
3895
3237
5006
3223
5006
7239
925
3925
925
8174
925
9627
925
8852
925
7993
1656
1696
1656
2569
9899
1612
9899
3651
9899
6785
9899
9848
9899
7909
9899
2267
9899
3807
9899
3547
9899
4390
9899
5884
9899
7874
9899
9850
9899
3770
9899
7911
9899
3789
9899
6071
9899
3646
9899
2034
9899
9478
9899
2370
9899
3632
9899
1997
9899
9493
9899
2103
9899
2532
9899
2489
9899
2552
9899
2727
9899
1028
1029
1025
1029
7108
1417
6751
1417
7119
1417
7118
1417
9815
8106
9815
8106
3980
2509
3355
3368
3372
3368
9603
9210
3158
6418
730
6688
3572
6688
733
6688
10202
5263
9671
9806
2526
3726
7370
7337
5184
8879
1599
1672
1689
6780
3057
3080
3358
4996
3323
4996
9752
3905
2240
6052
2467
6052
9205
8761
4372
7014
2712
2714
10123
1713
1169
1177
1772
7838
8784
7190
2156
7190
1196
4088
1218
4088
2617
2626
7527
802
1583
7709
457
222
1545
10044
7982
7918
9381
6606
2341
6606
8962
9674
7376
7355
10316
7355
1792
4360
6927
8430
3595
7238
3595
7238
3298
8642
3208
3225
7185
3225
5338
3225
2416
3484
1688
3614
3246
3267
1089
1115
1105
1115
6282
4902
5650
4902
740
7514
8954
7514
742
7514
9458
9378
2226
2247
9829
2247
1216
4228
1230
4228
2435
8486
7878
5741
8412
5741
3057
8616
9747
3900
3097
8457
2770
6785
169
10404
2721
2771
8091
9572
402
627
221
627
4053
3085
3102
3085
4056
3085
4055
3085
1088
1094
1075
1094
9988
7071
534
361
533
361
395
361
1083
5289
1070
5289
709
9633
707
9633
10232
9215
7259
9215
10203
9215
7255
9215
2990
5362
4060
5362
3045
5723
4214
5723
3273
5662
1093
1110
1105
1110
2877
2908
2918
3220
1463
8519
2869
8435
8306
10275
9769
10275
639
456
213
456
4367
4365
678
7350
10283
7350
1572
9743
8100
1039
9178
1039
10208
1039
1531
5591
1576
5591
7152
8724
4036
8724
1716
8724
1662
6736
3298
7571
7122
3036
3030
3036
3501
9277
9287
9277
9628
7195
7193
5244
2282
2348
2344
2348
10014
3671
1578
4327
5318
4327
877
10394
880
10394
868
10394
874
10394
3883
10394
3883
10394
7012
3439
5654
3439
9988
3439
2929
4986
8588
4986
714
715
1854
5821
7701
5821
8053
8040
1846
1874
10244
3932
1706
1707
1649
1707
2803
4957
2768
4957
1445
6404
7866
2873
10095
10084
1625
8109
9669
9807
9295
9807
9667
9807
1168
1202
1201
1202
7579
6698
3082
3090
10324
8889
8908
8889
7405
8889
913
8889
6791
6790
9982
5843
1847
5843
2322
4815
2356
4815
1534
1558
1517
1558
87
777
6860
2113
6861
2113
7050
2113
2162
3494
1213
1224
3913
1224
3066
3114
3116
3114
6832
4935
2658
4935
14
194
8158
9161
8144
9161
8176
9161
8042
9825
1692
9403
7625
6540
3728
6540
3341
5019
3386
5019
10233
3812
8237
3812
10250
3812
6854
3812
10206
3812
3783
7180
977
4126
1948
1954
1945
1954
7974
9918
8644
9918
7922
9918
1267
4098
1296
4098
4727
4704
7857
4704
747
10349
5184
10349
9688
10349
7595
4877
7393
8844
8301
8844
8217
2953
10209
2953
2952
2953
3998
2953
1776
1811
1064
1084
3067
3095
3068
3095
2299
4810
7644
4810
6892
6795
6796
6795
3283
6795
10002
9124
1744
7136
2988
5279
9373
5279
10282
3846
7256
9783
10071
1261
1247
1261
3692
6329
3838
6329
10291
8863
10291
8863
8039
1376
8061
1376
3309
8496
5665
8496
5665
8496
369
409
635
409
6758
8045
6758
8045
9334
7422
7532
710
8435
6123
3791
6123
104
4315
5581
4150
5581
43
8523
5864
6925
5864
3149
3171
5270
7185
7204
7185
7194
7185
5626
6545
7666
6545
7696
4629
7695
4629
6968
1931
7869
6922
9967
4930
2659
4930
3903
9302
112
4431
6141
2919
6141
2019
3623
2190
2215
7295
8181
109
7523
10221
3997
826
827
2577
2591
2546
2591
864
865
10318
10272
7384
10272
7910
6036
5639
6036
1611
1616
3727
4765
2366
4765
1060
1069
2415
2662
2651
2662
2088
9420
1432
1457
1459
1457
5612
5908
5873
5908
9929
9903
9448
6220
3385
6220
8184
9247
7390
9247
3152
5274
217
218
2351
2378
7951
3641
3642
3641
425
526
373
526
9969
4727
9173
1486
10081
1486
4029
1486
10148
1486
8084
1486
4030
1486
1733
7541
8907
7382
8906
7382
750
10401
7495
10401
746
10401
752
10401
754
10401
753
10401
744
10401
1673
5771
10005
5771
6087
6085
4346
1724
9973
9348
4341
9348
9321
10324
10356
10324
2203
2277
9526
9933
7065
9933
3364
4454
3389
4454
3502
7023
1890
7791
2717
2723
2669
2723
1313
1400
6729
9575
2662
2741
2577
7041
10357
1519
1422
1435
5219
1435
8019
1435
5220
1435
7637
5058
7641
5058
6664
3762
3392
3762
2852
3762
2830
3762
71
94
10109
8713
2639
9887
7676
6225
7671
6225
2571
6267
4839
6267
1989
4668
9918
4668
3525
7283
9806
7283
10255
7283
10308
7283
2380
4760
2332
4760
7085
1761
1710
1761
2202
5626
3905
860
1972
8672
1772
1879
2705
9974
8030
2210
2195
2210
1506
4033
3916
5211
8134
5211
3921
5211
1286
5211
8260
6752
3933
6752
8872
6752
3934
6752
9
3051
3052
3039
3052
7937
7883
5345
5714
4211
5714
10083
1642
7146
1642
6870
1642
8018
1642
6781
1642
6835
9846
8919
1405
3799
1405
2895
4431
1916
5326
183
184
8723
1430
9123
1430
9826
1430
5218
1430
5217
1430
8717
1430
8425
6633
7597
6633
5620
9456
5620
9456
9419
5509
9981
5509
7628
6368
2870
6368
1148
1147
1128
1147
2448
6080
1888
4162
61
8334
8841
10189
10257
7259
3120
3141
3140
3141
7464
7392
9265
1496
6747
1496
9640
1496
8207
1496
3114
3123
6833
8191
2949
10061
10323
3987
7381
3987
2500
2581
1827
1863
7585
6575
9376
6575
2868
2864
2847
2864
8062
8017
10194
8811
9208
2124
9153
2124
9546
2124
10149
2124
3266
6171
3325
6171
1186
1213
1205
1213
671
3956
3390
3956
2297
2302
2293
2302
2672
5127
8490
5127
8141
10049
8783
10049
8135
10049
9501
7859
9339
8931
7452
8931
3548
8931
9034
5165
2807
5165
10233
3876
9258
3876
8840
3876
8825
3876
8437
6095
7648
6095
1780
6517
1905
6517
1349
1346
943
1346
3311
3329
3312
3329
9183
8075
9586
8075
2176
7781
7195
10111
7247
10111
7188
10111
7476
8351
7502
8351
9730
8351
2705
6966
7238
1889
4043
1889
3595
1889
7245
1889
5240
1889
1200
8399
746
747
7258
9618
4046
9618
7270
9618
4839
6570
4415
6570
3310
9822
4389
5953
6702
5953
1293
1312
8039
1312
1483
4301
6406
4301
9149
8707
661
8707
5309
4249
3635
4249
7576
9886
9435
6114
8546
6114
3715
7293
2636
4847
2561
4847
8280
8874
8279
8874
8108
7152
5210
8070
7886
9457
1789
9760
1787
9760
5348
9760
264
439
367
439
424
439
7061
1844
7076
1844
1846
1844
5609
1844
8010
3469
697
8954
6726
6090
6725
6090
6728
6090
2818
2843
2817
2843
8946
7466
853
7466
8718
2161
6777
2161
10104
2161
5331
2161
9393
5160
3839
5160
7234
2821
8847
2821
3993
2821
2391
2403
2404
2403
9995
7893
5638
7893
1449
9847
2699
3404
4365
5873
3829
5873
956
8558
9138
9113
2966
3131
3130
3131
472
572
257
572
6863
6862
7612
6100
7613
6100
7465
8344
9107
9458
9122
9458
4374
9458
6757
5528
9041
5528
1558
9848
1382
1385
10156
3394
10156
3394
1833
4566
6947
4566
2873
4970
6119
4970
3845
10062
1988
5924
5873
5924
1949
1971
3851
2393
761
2393
7458
2393
4180
7903
6980
7903
9442
4669
9078
4669
9703
10362
10364
9779
642
447
526
447
255
447
7865
6369
2937
6369
716
8941
930
7176
2635
4850
2589
4850
1709
1851
678
8262
9677
8262
9261
9617
1898
1899
8664
1899
1146
8389
552
428
431
428
7508
750
7357
7303
3936
7303
9296
7303
8876
7303
6666
7303
9210
10112
9194
10112
7201
10112
71
2954
3339
3313
3339
120
100
1
658
8007
8697
5211
1336
8061
1336
3597
4291
9495
4291
8925
8923
3139
3154
3157
3154
8797
9821
7605
4975
3588
4975
653
335
334
335
1051
1068
1062
1068
8020
2292
2291
2292
9167
2292
5247
2292
3556
1518
6747
1518
9756
737
7917
2359
1310
1380
2138
2153
4183
2153
2856
2913
2845
2913
5637
4837
7855
4837
8081
3852
642
468
472
468
254
468
6085
6105
7870
6105
175
176
1907
1914
3783
1914
2553
4917
7607
4917
10041
2833
2835
2833
9334
7402
3500
7402
8129
1506
8119
1506
7233
1506
1791
1834
1835
1834
7290
3972
2460
9504
7437
755
8316
755
1959
5888
4382
5961
4386
5961
8578
4855
2472
4855
7292
8201
9795
8201
3679
8149
9634
8149
742
8149
1102
8149
8957
8363
711
8363
2205
6046
3632
6046
8285
10271
1687
10271
2765
8475
1313
1395
1348
1395
3307
3384
1147
1150
1132
1150
7214
6664
2374
2383
7142
3631
5223
9237
95
7531
3040
3076
3078
3076
2022
6776
683
7310
3869
7310
2439
2460
2461
2460
100
9739
8338
10366
6713
10366
763
10366
6860
8656
6861
8656
1070
4064
1056
4064
6938
8417
3453
4281
7806
4281
8705
8687
7460
9338
10397
9338
8502
9888
2753
9888
7637
9888
6408
9888
9912
9888
1826
9888
3382
9888
9924
9888
10399
9255
9263
9629
10284
3468
116
2292
7031
1852
8379
2026
2022
1994
2022
1417
1445
7054
1445
4026
1445
5237
1445
9261
9616
4937
2731
9967
2731
7983
7958
1498
7749
6750
7315
6749
7315
8052
2465
2449
2465
10143
2465
6667
7801
2404
2427
2429
2427
900
4021
4020
4021
313
314
1135
1155
3911
1155
8645
9066
1566
3654
7308
4043
9657
4043
3969
4043
1328
7554
10054
2282
8734
2282
2193
2282
8715
2282
9292
10230
4050
7278
1387
1390
3006
8470
9010
1440
969
1440
4040
1632
7740
6621
7820
6621
842
7377
3365
4441
3352
4441
2425
2549
3749
6458
7832
6458
9727
9250
872
9250
7275
4007
6650
4007
2596
2601
633
402
1705
1753
1741
1753
4149
7878
10010
7878
7219
1137
902
1137
1136
1137
8140
1137
2859
4423
2779
6643
7651
6643
2378
6012
8454
6012
2690
2754
2688
2754
1933
5898
1899
5898
4027
7054
7821
5157
3850
5157
6843
6842
7238
7229
3595
7229
7245
7229
8350
5186
8681
9105
870
8364
1413
4132
60
256
995
1002
1197
4079
1210
4079
1864
4546
9961
4546
5337
2834
2830
2834
225
548
8951
7480
732
7480
3314
7610
1807
1833
8700
2506
2158
2506
9547
2506
6755
3510
1389
7718
2710
10064
5656
7909
3483
7909
2905
2914
62
3704
5135
3711
5135
140
8961
2309
4796
5625
4796
2862
7829
1907
1913
3783
1913
8870
8242
3315
3359
3152
3153
3137
3153
8109
6409
1148
10114
6477
3292
4203
3292
2482
2518
10307
8888
7971
6980
7972
6980
3927
3926
3750
6679
8100
896
9195
896
2138
2154
4183
2154
7116
3515
1029
1048
1041
1048
3982
7304
8263
7304
3981
7304
6895
9763
8417
9763
8428
9763
3240
7615
9728
10392
10398
10392
398
422
375
422
719
7485
7488
7485
2349
2339
3673
2339
4172
2339
10125
2339
7431
8924
7438
8924
7880
6936
1647
9517
9108
9100
1253
5397
1271
5397
2898
2899
2881
2899
7320
8216
8248
8216
3398
2851
3392
2851
2830
2851
7913
8528
4160
8528
7010
8528
10140
3393
49
8321
18
7436
3161
7677
2015
3577
6391
2971
7916
6985
4376
5923
3687
5923
1838
7904
9066
4512
4511
4512
5334
2394
2392
2394
8795
2394
8145
2394
10030
9502
3114
5697
1142
5298
1133
5298
163
9755
7116
5941
9019
9369
1144
4219
1121
4219
8354
8343
7472
8343
6689
8343
10390
8343
9719
8343
674
6816
8251
6816
8086
2131
9580
2131
2120
2131
2977
7122
3028
7122
2548
5130
2673
5130
1705
1754
1741
1754
1194
4089
1217
4089
3889
7490
2637
6066
2580
6066
834
835
4114
5470
7755
5470
6092
6644
2780
6644
6080
9930
6282
9930
4458
9930
4922
9930
5650
9930
6086
9930
4059
9930
5918
9930
2620
9930
3183
9930
5645
9930
4905
9930
6092
9930
3813
9930
2780
9930
4412
9930
5653
9930
6994
9930
2840
9930
6081
9930
7862
9930
4475
9930
2911
4424
3404
2753
3701
2753
2749
2753
3852
7053
6412
7053
8013
7053
1539
1601
4155
1601
3448
4600
6720
4600
952
977
978
977
7051
1549
4146
1549
4154
1549
7966
1549
10343
10317
10263
5196
8642
5028
4458
5028
2439
2440
2411
2440
2080
4735
2115
4735
2619
2632
1593
3653
7228
8118
9266
4044
9754
857
613
574
518
574
204
574
1356
7553
7939
3282
5276
3282
7947
6990
7415
8898
1048
9012
885
886
9524
886
727
6689
5192
6689
865
6689
1957
3732
2655
9423
9431
9423
122
917
915
890
915
2220
4786
6802
4786
8513
9900
9453
9900
5610
3448
1430
1427
973
1427
208
209
9173
1465
7126
1465
4028
1465
10167
1465
7987
1465
3119
6250
5699
6250
9042
4757
9039
4757
3020
3022
2976
3022
2409
2445
2406
2445
2370
4730
2103
4730
1236
5387
6948
5387
7858
6722
6097
6722
6997
6722
4112
6722
1813
6722
3448
6722
5308
6722
4103
6722
1758
6722
6720
6722
4101
6722
1938
6722
1190
6722
1985
6722
1872
6722
3723
6722
9954
6722
6721
6722
6759
6722
5309
6722
4106
6722
1292
6722
1302
6722
3635
6722
7912
6722
1770
6722
1685
1731
9530
9516
7115
9516
8447
6237
3171
6237
7804
4638
6463
4638
58
394
7573
5356
9374
5356
9154
9529
3695
4605
5905
4605
1055
4063
1066
4063
9080
5475
9088
5475
9072
9046
8066
9971
23
7495
7506
830
828
830
95
286
287
7078
3602
3291
4461
6480
4461
559
333
1600
7702
4576
6255
8521
6255
3592
1460
8641
1460
2022
2076
3797
910
7332
910
3307
3383
1298
5417
1303
5417
8676
6995
3133
6995
4205
6995
9128
5656
9159
5656
9568
5656
9762
10396
802
10396
4942
6338
3696
6338
1058
5288
1069
5288
3173
5687
8566
5687
9928
2384
1016
2384
6893
2384
3872
6663
8931
6663
7470
6663
3383
5672
3374
5672
3037
8626
2811
6634
2784
6634
1448
3592
1122
4218
1141
4218
8368
845
9306
10274
8300
10274
9315
10274
1573
7692
10075
4375
1912
4375
9796
9225
3605
7884
4158
7884
2640
2642
3620
2642
7626
5713
8463
5713
7969
2430
2427
2430
9518
2430
4417
2430
8482
4745
3735
4745
1398
7561
9331
3661
9703
3661
47
279
7022
7005
3572
9267
3972
2052
8163
2052
8227
2052
3974
2052
9619
2052
8810
2052
3205
3210
2910
3210
998
9368
9404
4595
1784
4595
1586
8509
1326
9080
8439
2879
1520
4034
7169
4034
1112
1120
1119
1120
8736
8714
8699
7061
8699
7061
59
7505
2685
2761
2760
2761
4319
4317
127
3557
3742
3520
3742
6689
3742
3617
3742
3458
7284
8315
3438
1163
5372
1143
5372
9320
8908
3543
8908
854
8908
6816
6651
6815
6651
8235
6651
1489
3716
2026
7000
7580
6699
1712
1741
1704
1741
10293
9675
10293
9675
2406
2435
2405
2435
2176
4740
7993
10045
10026
2519
2412
2519
8071
2519
9965
4370
544
541
1939
4648
6464
4648
1386
6428
1401
6428
8452
6247
7658
6247
10227
9220
8373
840
1684
1723
8302
10334
7617
4453
3384
4453
3161
3277
7070
7024
820
10400
837
10400
815
10400
817
10400
812
10400
9723
10400
829
10400
824
10400
3504
9972
3503
9972
7008
9972
2861
9036
2649
2724
2717
2724
953
7719
20
232
7997
7928
2466
2486
2464
2486
6896
3378
9920
3378
946
982
979
982
1256
4099
1267
4099
8099
5273
2559
2457
2439
2457
3997
4051
7244
4051
7276
4051
2584
2616
2511
2616
861
7500
7090
1662
1661
1662
3849
1662
2710
3624
2735
3624
7159
5206
666
5206
1113
1125
4937
6348
2784
6348
106
7524
1369
9085
8127
8771
3790
4590
1847
4590
11
217
1589
1591
1590
1591
7347
10233
3213
3215
1148
1167
1154
1167
7896
5707
7004
5707
1350
5308
1498
4142
1811
7894
3408
7894
7048
7894
2399
2404
6416
2404
1727
1821
1820
1821
7930
6832
8559
5874
7839
5874
2325
4820
2253
4820
3848
3403
3156
3161
3186
3161
3903
7239
9299
7239
7097
9114
8710
9114
8967
720
21
7412
1698
1843
1846
1843
9617
3582
6879
3582
7265
3582
718
8953
6962
4536
1579
4536
2360
7682
2821
2844
1883
7839
3736
8232
8265
8232
3426
8232
8475
5145
8476
5145
6706
7294
1245
1271
2769
6113
3801
6113
124
67
5186
8873
1531
5558
4143
5558
1337
1366
9443
4585
7776
4585
1273
5407
1298
5407
2843
2889
2842
2889
4191
9518
3211
9090
553
506
357
506
272
506
6859
5954
6702
5954
2991
6912
197
198
53
767
2276
2329
1961
6946
9188
9171
1027
1038
8185
1038
4360
5811
1809
5811
2366
4806
3738
4806
8960
725
1265
9824
2323
4825
2213
4825
9235
906
9768
906
2237
4867
2211
4867
2953
3302
8758
3302
7299
8119
8846
8119
9640
8119
9604
8119
3116
3124
3069
3124
2290
9501
1831
1864
10029
9095
3232
5009
3691
5009
2854
2863
2864
2863
7454
7446
1563
1581
9517
4580
7967
4580
7200
2123
10149
2123
1202
1214
2490
2496
2487
2496
805
8333
9718
8333
10385
8333
3712
10085
8133
10085
8130
10085
2722
5140
2742
5140
8045
2141
8731
2141
9172
2141
8033
2141
8735
2141
6758
2141
4381
5931
4378
5931
616
586
624
586
227
586
9307
992
3513
992
935
3822
934
3822
1326
4116
3299
3348
8739
950
10093
950
6878
950
9145
950
9379
2036
1959
2036
2
10407
700
701
971
8723
6909
6897
3802
6215
5667
6215
7193
5243
4126
5486
4118
5486
8061
8741
2198
2220
3932
5221
8260
5221
3964
5221
7338
5221
7461
6378
7463
6378
7464
6378
7459
6378
3894
6378
4110
5457
4113
5457
7858
8398
9486
8398
9669
1908
9616
1908
9295
1908
6879
1908
8175
1908
9667
1908
363
619
282
619
6525
5616
7687
5616
5926
5616
10047
10027
3804
10027
983
5316
1685
8591
1081
1093
1094
1093
148
9819
9533
5250
9533
6795
9868
9874
9868
8913
8297
4342
4340
760
10364
10366
10364
3593
10364
2524
6277
2625
6277
3725
4678
9947
4678
10365
9672
10288
9672
1754
1771
1752
1771
2037
10042
8466
5724
7673
5724
5330
2085
7964
2085
4171
2085
2083
2085
7774
4770
2337
4770
9738
870
673
10177
8251
10177
7955
8662
2306
9975
7769
5435
7767
5435
1437
5519
7750
5519
547
376
366
376
9535
3247
4428
3247
3239
3247
4427
3247
4337
5761
1731
5761
39
247
2262
2267
956
9052
3484
3483
3484
3483
2226
2225
2195
2225
2666
8158
3154
3613
3879
7513
6868
7513
816
817
548
228
6972
6210
5010
6210
3720
4717
2098
4717
9205
9574
637
536
546
536
3093
5342
940
955
8029
955
8744
1626
1632
1626
4039
1626
7254
1626
8539
5879
7715
5879
1426
9419
1662
3772
8667
7013
5643
5642
3069
4207
2650
2713
2717
2713
7769
5430
4104
5430
873
875
1713
1714
1713
1714
127
66
2445
2672
2601
5081
2480
5081
2380
4775
6682
4775
9996
2080
7002
2080
9012
1059
1035
1059
556
511
1666
4345
2331
2368
8035
937
8042
937
8720
937
10269
5264
7293
5264
4049
5264
3420
5264
10256
5264
10073
1509
1494
1509
8558
5496
8628
5496
2702
8060
1332
1322
934
1322
1473
3459
6740
4552
3665
4552
1357
8388
8593
2931
7829
2931
3541
3537
827
7476
6856
7476
6872
7476
822
7476
832
7476
811
7476
808
7476
814
7476
2592
7637
3804
10026
13
202
3708
5170
2875
5170
816
6856
7645
6124
8435
6124
3820
10082
7236
2171
7696
5863
6925
5863
3380
6887
791
9329
149
9751
1771
6976
8856
10176
676
10176
2998
9759
3168
9759
2059
9759
2069
9759
9064
6560
8600
6560
3830
3555
5336
9141
4922
6302
4905
6302
2359
4406
2385
4406
3094
7655
1073
1083
1473
8581
7464
8287
9131
9123
9151
2095
10062
2095
8080
2095
7143
2095
2798
2811
8282
8256
3947
8256
3948
8256
10271
8864
2119
10190
475
583
518
583
1095
7869
7857
4703
2049
4703
9965
1953
5324
1953
1892
1953
1957
5889
7330
8843
9292
8843
3973
8843
83
9144
2954
7209
2954
8017
2954
10131
2954
1206
1241
1224
1241
9489
5175
3214
5175
2761
3866
8842
8821
891
8027
9583
8027
7299
3493
7299
3493
2053
2114
1206
1223
1187
1223
2964
3113
9590
3113
9800
3113
9197
3113
7841
6449
8547
6449
2020
3807
2539
2558
2433
2558
5608
9404
7111
9404
9127
9404
7713
6501
7800
6501
288
289
2948
8065
2343
4172
10270
10218
7353
10218
8865
10218
2041
2090
2091
2090
7665
5091
8497
5091
3689
5117
3724
5117
10277
7269
7342
7269
3940
7269
3941
7269
7363
7269
386
650
651
650
1848
5844
1782
5844
8043
10050
6743
8001
6557
7650
2174
7949
2695
2707
2747
2707
1834
1873
8419
1873
6996
7758
9833
7758
2467
6565
2579
6565
10087
3550
2869
2874
5889
6527
2030
6527
1418
6403
991
6403
301
459
3691
6161
8639
6161
126
105
1527
1528
2832
2941
2203
3547
1239
1254
2713
7647
3726
5101
2610
5101
555
303
554
303
10259
10217
10259
10217
3922
3962
3920
3962
928
3962
10220
3962
3919
3962
28
384
3510
9505
7170
2100
4725
5049
7876
5049
320
325
462
325
668
6393
9732
6393
811
9339
10351
10322
8309
10322
72
131
1918
1924
1922
1924
4155
4156
8073
4156
9462
5971
7775
5971
147
9752
2857
2923
9548
7991
8769
10081
10026
4187
99
8373
2682
2697
4196
2697
34
297
8502
5899
1902
5899
1067
1078
1080
1078
433
552
247
552
434
552
6788
9131
2880
4965
2876
4965
1769
5851
1860
5851
3439
4927
4613
4693
2029
4693
2060
2369
9740
3797
1603
9394
4210
6491
8464
6491
558
467
367
467
260
467
7026
3503
2788
6359
3683
6359
4429
6153
2930
6153
7386
8833
8861
8833
6805
8833
7380
8833
8279
8833
2589
6292
9475
6292
2250
4396
1220
1231
6405
5518
4129
5518
9689
8272
10351
8272
751
8272
4040
7166
1926
5914
7747
5914
2082
2105
7000
6952
3487
9866
8092
1888
1889
1888
6409
1888
6723
1888
3820
9154
9035
5834
9037
5834
819
6872
10312
9780
3449
5506
6789
5506
1777
4576
8916
8913
10367
8913
8680
1961
7918
1961
5326
1961
4370
1961
8660
1961
4371
1961
152
151
814
7452
2805
4960
3707
4960
527
418
319
418
1995
4659
1986
4659
8352
681
8298
7367
238
239
10222
6383
10049
2417
4187
2417
2398
2417
4188
2417
2655
2656
1021
5233
1014
5233
3000
4011
3706
7981
3706
7981
3330
3338
8124
2687
8123
2687
2691
2687
7226
2687
5888
2046
2045
2046
5198
7325
8794
4197
7938
7868
6381
10229
7411
10229
3257
3255
10024
3255
8756
8731
9669
10216
9806
10216
9681
10216
10255
10216
10308
10216
3730
4330
8606
4330
7014
3787
3552
3787
7810
3787
3175
6481
9141
10041
2682
10041
5335
10041
7094
10041
9467
9384
9488
9384
1933
9384
6905
9384
5652
9384
2680
9384
6708
9384
3494
9384
1899
9384
7878
9384
7904
9384
3282
9384
6995
9384
7884
9384
7894
9384
6976
9384
2928
9384
7889
9384
2363
9384
2904
9384
7899
9384
3817
9384
3681
9384
3351
9384
2838
9384
7898
9384
2635
9384
3361
9384
2589
9384
9484
9384
7902
9384
7877
9384
9492
9384
7857
9384
7915
9384
2469
9384
9476
9384
9477
9384
2327
9384
9489
9384
9955
9384
2478
9384
1857
9384
4343
9384
4612
9384
9472
9384
7876
9384
1607
9384
2767
9384
3214
9384
9475
9384
2796
9384
3233
9384
2775
9384
3264
9384
6407
9384
9496
9384
3289
9384
3534
9384
2049
9384
9473
9384
6981
9384
7856
9384
3127
9384
9504
2475
7367
9671
7374
9671
10313
9671
2061
3756
6060
6611
4869
6611
760
10326
3531
10326
7718
5445
1367
5445
2321
6022
2278
6022
2583
4413
1282
9076
3227
3237
5198
7268
2155
8460
3725
4683
2033
4683
1116
4074
1100
4074
8778
1103
1102
1103
898
1103
1464
8601
3193
3250
7509
8307
6850
9867
8409
9867
983
8549
615
599
510
599
43
7320
2288
5332
9158
3478
9158
3478
2088
4386
93
9740
2595
6282
8764
8754
1830
4357
8843
10178
2487
8465
949
4258
2655
6907
3569
6907
8632
6674
9092
6674
7975
6674
7627
8427
8447
8427
3111
8427
9424
8427
7599
8427
2604
8427
7675
8427
7608
8427
7635
8427
8467
8427
7620
8427
3220
8427
3171
8427
7682
8427
7650
8427
2647
8427
7656
8427
7672
8427
8466
8427
9040
8427
9045
8427
9057
8427
2878
8427
7601
8427
7626
8427
8480
8427
8495
8427
7636
8427
3354
8427
3331
8427
2574
8427
8487
8427
7668
8427
2481
8427
8458
8427
3294
8427
7629
8427
7659
8427
9034
8427
3033
8427
2997
8427
3249
8427
7681
8427
7619
8427
9415
8427
8469
8427
2807
8427
9412
8427
7661
8427
8463
8427
9038
8427
7654
8427
9405
8427
7623
8427
8473
8427
2590
8427
7606
8427
7673
8427
8471
8427
7621
8427
8441
8427
8453
8427
9407
8427
7663
8427
7611
8427
7461
691
4111
5440
1403
5440
2269
5632
9074
8408
8652
947
938
947
9509
1898
6413
6766
1977
2012
2009
2012
2963
3066
2962
3066
8757
10028
2186
2470
7532
9630
9465
5753
8570
5753
405
350
307
350
3653
4335
1618
4335
7891
6423
3007
6423
1940
4643
1965
4643
9939
5615
7599
5054
8458
5054
26
386
9824
1301
1246
1301
124
1241
1249
1248
1249
7831
5485
7752
5485
3480
8903
9710
8903
7433
10320
3568
6216
3335
6216
6755
4312
6754
4312
4459
4458
2010
2035
6377
9344
3541
9344
1989
4621
7698
4621
5312
6441
4115
6441
1166
5377
1174
5377
8330
1620
1619
1620
823
1620
9537
9515
1910
1919
4045
1919
2759
3747
1680
1728
10273
10212
10237
10212
8261
10212
3984
10212
3983
10212
2743
6321
2726
6321
9445
5677
8589
5677
3007
5278
1394
5436
1403
5436
2227
2374
3515
2374
5941
2374
8689
2374
529
620
533
620
1547
7697
7224
9593
3303
3373
3372
3373
7954
5904
9986
5904
1456
3597
2987
2991
7107
2991
7975
7923
2541
2647
10068
2086
2084
2086
5329
2086
2698
7941
153
9757
1591
9460
7516
9262
711
9262
2054
2057
3489
5315
7925
5315
4124
5315
7845
6343
3713
6343
1363
9389
2014
2030
3602
4213
3600
4213
3601
4213
940
956
951
956
3294
5031
7681
5031
7254
1625
4040
1625
8136
1625
2838
6364
9476
6364
10056
1667
7066
1667
9520
1667
980
987
2437
2452
2453
2452
986
5480
7831
5480
8775
10088
2173
2226
7196
2226
7186
2226
3787
5909
3627
5909
1150
1162
5345
5718
3061
5718
3431
5610
1661
5610
3430
5610
3849
5610
2265
2311
1342
5310
8139
9201
4489
6242
3143
6242
10043
4346
7066
4346
9520
4346
7030
4346
2363
4776
7877
4776
9169
9149
662
9149
1866
5829
4363
5829
1044
9363
1054
9363
1888
3433
3644
9914
9391
9914
8486
9914
9404
9914
9394
9914
9389
9914
3648
9914
2324
9914
9402
9914
9981
9914
3604
9914
8491
9914
1266
9914
1354
9914
8438
9914
8483
9914
9396
9914
8478
9914
3753
9914
5613
9914
8439
9914
9416
9914
8474
9914
3758
9914
8499
9914
9400
9914
2562
9914
9385
9914
3675
9914
9397
9914
9387
9914
1318
9914
5613
4664
3645
4664
9736
876
3229
3272
10074
3272
41
9672
8237
1456
8531
1034
1033
1025
1033
8255
6855
3946
3860
3945
3860
6871
3860
10252
3860
8886
3860
3996
10171
34
7475
7887
6917
122
64
4095
5402
4096
5402
4120
5495
4123
5495
9780
8255
10365
8255
4207
5702
9409
5702
1542
4147
8774
2128
8729
2128
5331
2128
2052
2096
3845
2096
2851
2868
10133
2868
7158
2868
166
9756
381
321
0
321
6525
9379
7687
9379
5926
9379
6838
6837
3096
7656
3855
4405
2284
4405
3468
3556
3493
3556
7299
3556
3935
3556
1527
3556
687
7417
1561
10021
10016
7687
3898
2981
3390
2981
766
8338
8138
3587
9612
3587
7208
3587
8137
3587
3514
3587
9221
3587
7933
6975
8114
8066
3637
8066
1917
8066
8757
8066
8529
5490
8541
5490
966
8554
1763
3408
1084
4069
1099
4069
4022
5303
4092
5303
883
9720
2686
10130
10385
7470
161
8958
1955
3865
9816
8749
6787
6850
2789
6850
7804
6850
1853
6850
6956
6850
7793
6850
7783
6850
986
6850
2808
6850
2538
6850
2548
6850
7838
6850
7709
6850
2741
6850
5632
6850
3865
6850
7713
6850
7761
6850
7741
6850
1317
6850
6463
6850
7798
6850
3453
6850
6915
6850
4387
6850
7764
6850
7841
6850
7831
6850
2803
6850
7853
6850
2563
6850
7744
6850
2067
6850
2768
6850
1402
6850
7847
6850
8621
6850
3774
6850
6971
6850
1966
6850
1816
6850
2673
6850
6714
6850
7806
6850
2335
6850
7835
6850
1256
6850
8547
6850
7792
6850
3844
6850
1726
6850
3452
6850
7787
6850
2607
6850
1339
6850
1267
6850
1393
6850
2725
6850
6059
6850
7800
6850
1227
6850
7752
6850
1358
6850
1296
6850
7816
6850
4864
6850
3250
5176
3216
5176
1623
8801
1700
1848
922
997
2859
3827
746
8878
6406
5553
7575
5553
3856
6970
1578
6970
4925
6970
2359
6970
2601
6970
2632
6970
3277
6970
1728
6970
3792
6970
2531
6970
3374
6970
3683
6970
5627
6970
2739
6970
1780
6970
4436
6970
1481
6970
2922
6970
6798
6970
1866
6970
2051
6970
3457
6970
1614
6970
2866
6970
2098
6970
3322
6970
5628
6970
1532
6970
5659
6970
1940
6970
6476
6970
1453
6970
9372
9862
2245
6669
6119
6118
3888
762
10211
9678
10211
9678
5645
6566
4412
6566
1795
10048
2331
4400
3286
3307
3310
3307
656
8250
2508
4862
9820
10047
3429
10047
2544
10047
9832
10047
125
130
8325
9677
2375
4390
1477
7160
8763
4155
1409
4155
3942
8247
3943
8247
8875
8247
1033
1043
959
8541
3185
3297
2955
3297
8367
9181
4577
8523
1012
1021
8867
10172
1083
5293
1098
5293
3546
5928
3672
5928
2800
5152
2772
5152
3056
5719
3061
5719
9833
6847
9052
5500
8527
5500
1435
4137
1459
4137
8204
10086
9639
10086
6664
3398
2852
3398
472
374
526
374
258
374
1570
1571
1516
1571
8518
4570
5838
4570
3826
5524
8576
5524
4375
10022
1996
10022
45
8348
9286
1007
8238
1007
8472
4966
7605
4966
4041
8791
1622
8791
8818
8791
8228
8791
3679
3572
698
3572
10399
3572
10013
9439
2558
7672
2082
2106
8504
4517
1618
4517
9488
5692
5686
5692
1452
7713
9852
5884
294
363
634
363
1573
4150
7198
7165
1699
1838
8699
1838
1836
1838
4037
7127
459
534
400
534
2360
4395
1598
9849
7851
5561
7846
5561
10075
1918
1917
1918
8698
1709
1649
1709
302
562
541
562
400
562
3440
9861
6721
4575
1770
4575
1284
1281
1269
1281
7304
5259
7398
8883
8529
5505
8515
5505
287
440
614
440
355
440
1232
5392
1255
5392
1495
1514
1511
1514
2514
2513
9166
2513
8147
2513
8044
2513
1063
1064
1053
1064
4200
3158
7098
3158
3155
3158
851
852
9613
9191
9613
9191
3159
3287
531
613
7849
4633
3614
4633
3257
3256
10024
3256
1024
9017
2624
7811
7103
3464
10353
9676
2015
2045
960
1422
10102
1422
5217
1422
10125
10046
2091
10046
9731
9334
691
7326
5185
7326
3991
7326
6997
6431
5309
6431
70
8833
3737
8199
3737
7946
4380
10311
10289
10373
10289
2444
2655
2897
6119
9853
4752
6858
4752
1079
4068
1100
4068
10138
7211
2198
9075
384
653
654
653
10338
10211
10239
10211
8915
10211
7718
5446
4232
5446
905
8781
9638
8781
7516
8781
7929
5283
3002
5283
970
972
9131
972
8717
972
924
9804
729
6668
10378
6668
8327
6668
3050
3060
6798
6333
2802
6333
38
9297
8859
10310
8859
9301
8859
4155
3755
8073
3755
8277
6760
6705
6760
8572
2637
3686
2637
5639
2637
2475
2476
6074
2476
6983
2476
9483
3388
9484
3388
9112
7931
3697
7931
3677
10087
2687
2758
2704
2758
1934
5894
8577
5894
1429
7707
7996
7058
7249
2949
2944
2949
7230
2949
8721
2650
8128
2650
9187
2650
8041
2650
8602
3607
5275
3607
3573
3607
7112
3001
5207
3001
5208
3001
3878
3001
7053
4385
3126
5041
6719
5041
1560
7874
10055
2040
3550
2040
6864
2040
1996
2040
7851
9351
3662
9351
7709
6454
7841
6454
629
515
207
515
9204
9758
7192
9758
9203
9758
8089
9758
6962
9399
8612
9399
5548
9399
9457
9399
9066
9399
6957
9399
9086
9399
6960
9399
6965
9399
7843
9399
8610
9399
6950
9399
6955
9399
5738
9399
5291
9399
6961
9399
6963
9399
7742
9399
3446
9399
6948
9399
9432
9399
6958
9399
4314
9399
6949
9399
1292
5412
7912
5412
6825
5023
3336
5023
3173
5682
9445
5682
58
2086
2109
3183
6232
6994
6232
3422
3421
7717
4336
6933
4336
1261
1291
10270
7274
3581
7274
7353
7274
8865
7274
3029
3027
2977
3027
1234
5382
1251
5382
10018
6727
8909
8893
3824
8893
9940
5839
4005
3065
4006
3065
2962
3065
4004
3065
1978
3750
8260
6765
3583
6765
1397
7558
10130
10103
7196
8113
10333
3658
10336
3658
3443
3658
3906
3658
1771
9070
8012
2869
8043
2869
2850
2869
286
600
355
600
10347
9690
5651
9479
9697
3443
10355
3443
7383
3443
9138
7954
3054
8466
2158
2505
2507
2505
1708
7761
1818
4545
9081
4545
7721
5513
1439
5513
4922
6629
6092
6629
7886
6930
4431
6158
3223
6158
9287
8838
6701
8838
8356
8838
2652
4922
6863
9106
6863
9106
1794
3792
7475
5185
9662
8210
7323
8210
10010
7879
7522
7430
6727
7642
6725
7642
6728
7642
8183
895
894
895
3927
3925
2827
2884
10151
4029
8788
3542
5238
3542
3676
3542
1960
8514
3968
3967
2502
2561
1645
1883
1882
1883
10220
7279
615
601
291
601
618
601
2181
4182
2280
4182
8032
8709
10077
8709
7931
6810
2311
4795
2218
4795
5181
8918
2643
2692
2681
2692
2675
5136
2550
5136
9324
10369
9701
10369
6077
6877
9984
6877
2494
6877
2221
6877
6682
6877
2488
2524
8934
5180
9329
5180
3638
5180
10147
2181
2170
2181
7349
8215
3938
8215
645
410
461
410
7866
6704
1521
1523
1408
1523
1520
1523
10144
1523
8635
6935
1617
8378
73
32
7486
2859
2928
7062
7019
1410
1541
3542
1541
6726
2719
6727
2719
6728
2719
1893
10025
5606
4540
1732
4540
8700
2500
2159
2500
10033
2500
7086
2500
3316
7616
10107
6398
795
7457
1513
3516
6836
6297
2542
6297
9522
4698
1388
4104
7893
4790
5624
4790
9784
6815
674
6815
1814
1791
1655
1791
1063
1073
1052
1073
1799
7724
1491
8571
2678
9884
7478
8277
3910
10384
9716
10384
6853
10384
3909
10384
3097
9977
7462
3508
8943
3508
6867
3508
7869
6957
6058
6986
6058
6986
9935
3619
9742
3619
1841
3619
5944
3619
3545
3619
7706
3619
5601
3619
1879
3619
6776
3619
1214
3619
4116
3619
4312
3619
997
3619
1043
3619
3516
3619
9990
3619
3473
3619
1386
3619
7771
3619
1079
3619
1116
3619
1005
3619
1294
3619
1783
3619
3765
3619
1673
3619
1020
3619
4151
3619
1037
3619
1055
3619
1341
3619
1015
3619
7720
3619
5623
3619
1272
3619
1926
3619
4384
3619
7747
3619
1123
3619
1100
3619
9433
3619
1066
3619
923
3619
4399
3619
10005
3619
1401
3619
7805
3619
3564
3619
1810
3619
3729
3619
1198
3619
1605
3619
1143
3619
115
7519
39
7435
7300
10175
885
890
9510
890
914
890
9524
890
9641
3920
7705
5869
8516
5869
6469
4736
6466
4736
509
565
183
565
1078
1108
9011
1108
7276
7244
7276
7244
6557
9990
909
5195
6779
5195
7992
9109
6842
3782
6840
3782
6839
3782
6910
5350
3023
5350
2283
2351
2345
2351
2152
7889
10212
2399
2400
2399
7023
3232
7016
3232
7025
3232
3836
6027
4398
6027
2985
9040
2755
2839
8928
10311
8932
10311
2581
6065
6037
6065
835
836
9964
3473
9674
7289
7332
7289
864
7289
5222
1466
1479
1466
7138
1466
8031
1466
6814
7362
749
7362
10352
7362
10049
2412
3272
7844
8776
2682
2644
2682
7220
2682
10165
2682
6060
5071
2523
5071
6679
9508
2224
4785
5629
4785
2021
2070
9994
4192
890
916
1338
4253
1391
4253
1672
5758
1582
5758
9527
885
2887
2894
2855
2894
4387
5949
2067
5949
5651
5650
356
504
513
504
278
504
7682
6001
7629
6001
430
616
632
616
10146
8161
1022
8403
1016
8403
8077
1893
8791
1893
8793
1893
9738
9589
2603
6060
3327
3333
8361
7496
7506
7496
9729
7496
7501
7496
7660
6902
8477
6902
3319
6902
7670
6902
9401
6902
7645
6902
3785
6902
7667
6902
8506
6902
4940
6902
8440
6902
8445
6902
2338
6902
8435
6902
8475
6902
8509
6902
3716
6902
8460
6902
7697
6902
7724
6902
4376
6902
7632
6902
7723
6902
8476
6902
8505
6902
2027
6902
8436
6902
7680
6902
3796
6902
7700
6902
7705
6902
3693
6902
7676
6902
7603
6902
7622
6902
8543
6902
2660
6902
2560
6902
3622
6902
7684
6902
7704
6902
7693
6902
3841
6902
6924
6902
7725
6902
7609
6902
6680
6902
2623
6902
2079
6902
7710
6902
8494
6902
3687
6902
7624
6902
7631
6902
3791
6902
8443
6902
7671
6902
8516
6902
2479
6902
3748
6902
7708
6902
7664
6902
2299
6902
3778
6902
3818
6902
7644
6902
7722
6902
7013
9454
8640
9454
8603
8422
1140
8422
1274
8422
1234
8422
1251
8422
920
8422
1177
8422
3592
8422
3772
8422
8581
8422
9076
8422
4395
8422
9070
8422
916
8422
3649
8422
9065
8422
3628
8422
8551
8422
8563
8422
3730
8422
1729
8422
1675
8422
1195
8422
8608
8422
3414
8422
9067
8422
8564
8422
8575
8422
6672
8422
5311
8422
5887
8422
4381
8422
8606
8422
1295
8422
9071
8422
4358
8422
8624
8422
9983
8422
4378
8422
8614
8422
9958
8422
10001
8422
8597
8422
9069
8422
1338
8422
889
8422
1215
8422
1391
8422
1815
8422
8595
8422
8585
8422
9439
9045
7773
9045
6851
9045
2300
2334
5638
5637
5239
5238
5239
5238
4116
5476
7720
5476
9318
6388
7494
6388
6387
6388
6873
4606
1935
4606
8276
2017
8257
2017
3512
2017
7385
2017
10314
2017
1366
9844
6959
9844
6778
9844
8468
5355
3019
5355
930
942
3822
942
4048
8124
9598
2191
8730
2191
8762
5190
4174
7863
8701
7863
7017
7863
2409
2446
8034
2446
2414
2446
8683
2446
2257
9976
46
277
1189
1209
5656
5655
3094
3119
7426
8302
8923
8302
9702
8302
7941
6996
303
545
879
880
1746
1859
3331
5014
7623
5014
6775
7263
2080
4688
2045
4688
8604
6287
8545
6287
4054
9511
4055
9511
1795
1781
10122
1781
5264
5337
7216
5337
2256
4780
2312
4780
2019
2075
1614
4352
1585
4352
1841
6256
3765
6256
8016
4418
105
7518
9811
7006
9811
7006
2318
3710
6469
3710
3062
3710
2743
3710
2593
3710
4433
3710
3217
3710
2676
3710
4488
3710
3708
3710
7630
3710
3606
3710
3080
3710
8457
3710
6736
3710
2277
3710
2581
3710
7677
3710
4424
3710
4207
3710
3787
3710
6481
3710
6740
3710
4936
3710
3585
3710
3546
3710
1858
3710
5630
3710
5340
3710
1901
3710
1759
3710
1929
3710
3266
3710
3568
3710
3325
3710
6417
3710
5344
3710
3603
3710
9409
3710
5621
3710
3347
3710
4485
3710
5664
3710
3808
3710
4505
3710
1797
3710
5641
3710
2726
3710
2614
3710
6733
3710
8493
3710
3672
3710
3335
3710
2792
3710
4410
3710
5658
3710
3202
3710
2875
3710
5886
3710
2336
3710
3759
3710
3342
3710
6466
3710
6655
3710
3627
3710
3665
3710
9696
8292
8312
8292
3739
8292
2958
9614
2004
8153
10204
8153
9271
8153
6685
3618
815
8359
814
8359
2390
10099
7039
4746
7037
4746
10219
3488
8806
9226
9781
7234
7326
7234
6760
7234
7314
7234
1924
4376
6036
6272
8565
6272
8696
8667
845
846
9503
9483
7020
9483
3308
9483
3519
4261
3495
4261
9933
7914
1214
4084
1198
4084
170
169
3190
3242
3243
3242
3049
8625
8168
2829
3992
2829
10295
2829
9626
2829
10303
2829
253
254
2745
9030
2456
2480
1658
7834
479
269
10031
7018
2899
2909
2709
2718
9555
2718
9554
2718
9140
2718
827
7506
829
7506
4434
6892
3816
6892
4977
6892
1789
6892
3164
6892
4865
6892
2111
6892
2072
6892
6419
6892
4892
6892
2255
6892
3090
6892
2383
6892
5889
6892
2874
6892
2923
6892
2369
6892
5332
6892
2030
6892
3060
6892
6684
6892
4491
6892
2883
6892
3017
6892
3526
6892
3106
6892
3045
6892
4214
6892
2608
6892
2564
6892
6004
6892
3324
6892
2533
6892
2236
6892
3831
6892
5698
6892
3200
6892
3146
6892
2800
6892
3337
6892
3238
6892
1897
6892
1787
6892
2671
6892
3365
6892
6073
6892
3079
6892
3099
6892
3375
6892
3034
6892
2772
6892
2547
6892
6462
6892
3476
6892
3352
6892
2473
6892
2740
6892
6091
6892
4941
6892
5348
6892
3117
6892
3362
6892
4204
6892
2815
6892
3794
6892
2837
6892
6082
2610
10353
5200
2136
2201
6470
2201
2906
6684
2346
2363
8731
2149
6766
2149
4179
2149
8725
2149
8033
2149
8735
2149
3346
3364
1783
4596
3765
4596
737
9311
2125
6414
8806
6414
8786
6414
3559
5452
4109
5452
2270
8620
2319
8620
2317
8620
10100
9507
2190
5647
8240
10215
5187
10215
7075
4202
2180
5248
1834
9035
10054
2344
2339
2344
8715
2344
10063
8728
9171
8728
8339
8919
8936
8919
6750
7299
6749
7299
8824
7251
3340
3343
4393
7971
2447
2677
2408
2436
2405
2436
3273
3321
727
10390
7480
10390
8947
10390
2081
8393
1690
1903
3217
6373
3202
6373
2900
2904
7336
3715
10325
3715
6734
3715
9772
3715
7643
5991
6884
5991
9571
932
926
932
9157
932
2245
2262
2182
2262
4145
7851
2783
9057
3210
3216
2487
7899
10189
2389
8821
2389
4189
2389
7319
2389
2002
4673
9029
4673
810
812
4019
9086
1127
1126
1111
1126
2978
5205
1087
1098
2074
4712
7830
4712
2466
2615
2463
2615
9306
10293
8300
10293
9315
10293
2023
3777
3006
9374
3014
5347
4390
6471
3646
6471
2462
2485
6783
2485
945
9512
937
9512
1165
4224
1178
4224
1578
4535
1674
4535
2719
6639
2782
6639
10064
4419
10103
4419
3731
4419
8112
4419
7396
8848
3977
8848
6828
9865
7871
6940
1744
1749
1750
1749
2670
6307
7820
6307
2111
4708
2072
4708
1225
4094
29
1948
1958
1946
1958
1762
1801
5626
4800
7604
4800
2432
2553
3950
8282
3094
3118
9267
900
897
900
7466
10355
9331
10355
7479
10355
7867
9978
10013
9978
7942
3498
1224
1228
1212
1228
7961
1554
1544
1554
10037
1554
115
1813
4557
1770
4557
7205
671
1333
1327
933
1327
1807
6694
3179
7632
1851
4586
1867
4586
753
7440
1337
1365
1361
1365
1793
9443
7166
4039
1281
3532
6822
2490
2465
2490
9171
2490
8726
2490
7902
5146
2775
5146
1549
6408
2092
9853
1346
7753
1766
1878
1343
4110
4132
6882
2372
6882
191
638
2169
4177
8440
8383
8436
8383
172
396
2322
4826
2211
4826
904
905
6282
5112
6081
5112
8607
5981
8618
5981
2744
2702
7235
2702
8137
2702
9149
9506
660
9506
7815
4805
8619
4805
6687
726
3823
5868
9049
5868
8664
6945
9079
4530
1671
4530
1513
1531
3705
6522
3554
6522
1326
4115
402
621
2155
2495
8055
2379
8754
2379
9560
2379
1359
1360
8096
8022
7449
7445
9158
9096
9132
9096
9522
9096
2664
9128
1103
1088
9579
1088
899
1088
10266
1088
3339
3802
1475
1485
1486
1485
8341
8339
9341
8339
8346
8339
5179
8339
7523
807
766
10360
7425
10360
9251
9612
3669
8991
1096
8991
1107
8991
10192
9828
2987
9373
9381
4766
8414
4766
1611
1615
1165
4223
1144
4223
4639
5919
4640
5919
6968
5919
8467
5728
7673
5728
1317
4241
1339
4241
863
866
2619
6035
239
240
9378
4674
7688
4674
3418
9915
8672
8647
9139
5620
7080
5620
3309
3389
7020
3389
3387
3389
9401
4907
2660
4907
7202
10117
7202
10117
3248
3262
2190
2216
2147
9993
1689
1904
1257
8394
5192
7332
3960
7332
1676
1677
3662
1677
1425
1436
2273
2321
1596
5320
4425
2903
2896
2903
3199
6374
4972
6374
2052
2343
3396
8131
5260
8131
3848
8131
6058
6057
1412
10067
1411
10067
1151
1172
6087
6086
3343
3344
2346
2364
6862
9451
9482
9451
3384
6683
7581
6683
3109
6683
6910
6683
5663
6683
6662
6683
10191
5268
8195
5268
3993
5268
10040
5667
3609
5667
120
9840
6030
4399
6030
10074
3363
3356
3363
2200
5625
3496
6413
3122
3149
3145
3149
2923
3201
3200
3201
7761
4611
7853
4611
17
174
2645
7833
1530
1610
1552
1610
8159
1909
7283
1909
5242
1909
8724
1718
1670
1718
10349
9272
656
9272
744
9272
9079
4322
1613
4322
7627
6226
7681
6226
8082
1480
1496
1480
8076
1480
2313
9841
7732
4481
7746
4481
1828
1829
1745
1829
9497
7913
2150
2242
1221
4083
309
349
435
349
3128
8452
7833
6311
4921
6311
1561
9459
9279
8154
5229
1406
1916
5325
1642
9514
9457
5367
6919
5367
8834
7233
1528
7233
3935
7233
7880
6960
10137
3955
9631
3955
10153
3955
9344
9719
8881
8868
2569
6659
1612
6659
7858
6659
6997
6659
1813
6659
6800
6659
6785
6659
9848
6659
2267
6659
3597
6659
4390
6659
4103
6659
5883
6659
6720
6659
3770
6659
2205
6659
3789
6659
6071
6659
1872
6659
6402
6659
2034
6659
9954
6659
6721
6659
1997
6659
3719
6659
2103
6659
2532
6659
6759
6659
1302
6659
3635
6659
7912
6659
989
6659
2727
6659
771
772
8779
10129
1571
7731
10149
10116
7999
3379
9551
3379
8500
6576
7649
6576
4031
1495
1466
1495
3124
3817
1219
8981
2581
4872
3808
4872
10111
8076
2530
2531
8887
3937
1412
10066
3820
10066
2986
4059
8477
6128
7684
6128
1642
1702
3424
1702
6846
4952
2801
4952
7481
7460
10403
7460
10051
1345
4024
1345
4023
1345
943
1345
8437
6096
2753
6096
9341
3875
3871
3875
3767
5166
8439
5166
1876
8384
1206
1207
1192
1207
387
316
2833
2878
96
9849
7754
3671
4491
7927
4491
7035
4491
410
655
383
655
1477
1490
1487
1490
9310
10278
10327
10278
107
2774
6927
7819
6927
7818
6927
2871
6927
6036
6927
1833
6927
2518
6927
7839
6927
3364
6927
3280
6927
7823
6927
4613
6927
3222
6927
7734
6927
7774
6927
3169
6927
3259
6927
8565
6927
3743
6927
3700
6927
3180
6927
5010
6927
7840
6927
4938
6927
8582
6927
2099
6927
3662
6927
6763
6927
2029
6927
4921
6927
7846
6927
1727
6927
2244
6927
3819
6927
9444
5848
7776
5848
9811
6693
2770
7601
9074
3649
4338
6965
7472
9307
3557
9307
7402
3950
8304
3950
5883
7549
1985
7549
2751
3701
655
331
330
331
2151
9408
2432
2554
8432
9881
9897
9881
376
633
3979
2118
2899
3870
1544
1553
1546
1553
19
7465
1308
1340
2799
2801
3631
7101
7019
2749
2339
7049
10046
7049
10175
2958
8839
2958
9254
2958
8830
2958
1240
4093
9333
7427
9335
7427
2117
7427
4526
4527
7843
4527
1603
7741
9014
1357
4255
1357
2354
9398
8521
4565
7712
4565
1382
1386
2506
9440
7123
7117
548
524
224
524
1388
4103
7167
5269
1734
9850
96
10406
9819
7091
1694
7723
868
1074
869
1074
9196
1074
2700
2791
9914
3562
3815
3562
3305
4449
7746
4449
1490
1500
6668
10277
8303
10277
3346
7662
6906
4501
7583
4501
7994
1335
939
1335
8679
1335
5212
1335
8297
3947
9124
1928
1919
1928
8681
1928
7986
2541
2421
2541
8724
1719
1670
1719
3246
7591
2488
2523
3210
3691
7632
3181
10348
9297
9291
7175
1228
1258
8673
1258
7996
1258
7731
5571
1609
5571
7431
6703
1523
1524
5238
1524
5239
1524
8156
1524
114
9477
6106
2767
6106
1642
1692
1644
1692
638
543
188
543
32
290
1879
4560
1810
4560
10066
1561
1565
1561
2827
2883
8103
8052
7199
8052
3793
8052
1185
1197
9940
5838
2042
9158
3203
4976
102
9467
8513
9488
8513
1933
8513
5652
8513
2680
8513
6708
8513
3494
8513
1899
8513
7878
8513
7904
8513
3282
8513
6995
8513
7884
8513
7894
8513
6976
8513
2928
8513
7889
8513
9483
8513
2363
8513
2904
8513
7899
8513
3817
8513
3681
8513
3351
8513
2838
8513
7898
8513
6982
8513
2635
8513
5686
8513
3361
8513
4726
8513
2589
8513
9484
8513
7902
8513
7877
8513
9492
8513
7857
8513
7915
8513
2469
8513
9476
8513
9477
8513
2327
8513
9489
8513
9955
8513
2478
8513
1857
8513
4343
8513
4612
8513
9472
8513
7876
8513
1607
8513
2767
8513
3214
8513
9475
8513
2796
8513
3233
8513
2775
8513
3264
8513
6407
8513
9496
8513
3289
8513
3534
8513
2049
8513
9473
8513
6981
8513
1000
1011
1010
1011
1881
1884
1645
1884
279
478
2216
4887
9436
4887
185
186
2564
4856
2473
4856
6411
7170
3551
9882
7029
5918
7921
5918
268
460
3105
5709
3109
5709
3893
756
10102
9826
1511
1505
1493
1505
8576
5514
3769
5514
932
1330
1324
1330
7482
787
9446
6552
9425
6552
9276
7264
9656
7264
7305
7264
3658
6775
3933
6775
8872
6775
3934
6775
10405
9611
2734
2781
2776
2781
3076
3075
3059
3075
7498
8329
3664
7081
8708
2859
2860
2859
8691
2859
3466
2859
2425
9060
616
492
524
492
2509
2119
2118
2119
3536
2119
8245
2119
9663
2119
9466
9388
8568
9388
7803
9388
1165
9388
9446
9388
3826
9388
7828
9388
7848
9388
1400
9388
8558
9388
8554
9388
8571
9388
9443
9388
2216
9388
9459
9388
9440
9388
1197
9388
9452
9388
8561
9388
3576
9388
9450
9388
9465
9388
7799
9388
9444
9388
3669
9388
1392
9388
7813
9388
8570
9388
1178
9388
1800
9388
8557
9388
3751
9388
9438
9388
9436
9388
7796
9388
2586
9388
1232
9388
9979
9388
5631
9388
2074
9388
7830
9388
1321
9388
1297
9388
8567
9388
1096
9388
7797
9388
7756
9388
3412
9388
8628
9388
1255
9388
9430
9388
2628
9388
7836
9388
6083
9388
1210
9388
1277
9388
7790
9388
1144
9388
7776
9388
1107
9388
3803
9388
9434
9388
8576
9388
3769
9388
1121
9388
1551
8637
2738
8476
1395
1396
3361
5013
6981
5013
1274
4231
1295
4231
1320
5422
1377
5422
7798
6045
3774
6045
10334
7342
9693
7342
9456
7581
7003
7581
7762
7581
1417
1446
1443
1446
3451
9287
10377
9287
3208
3191
10070
3191
3128
3681
4048
8123
2700
3411
530
357
426
357
3015
3017
740
9256
10399
9256
2227
7864
6716
6717
8270
6717
965
9480
3311
3334
3310
3334
10
262
5202
10276
7393
10276
8284
10276
2305
2333
8166
8141
7440
9689
1919
8655
2889
2893
2887
2893
7669
6040
5644
6040
2755
7821
1130
9027
1186
1187
1155
1187
1893
1894
1638
1894
2058
8404
1155
1156
10114
1156
7139
1156
1562
9065
1555
9452
2792
6109
5658
6109
3474
6678
3977
10290
6691
10290
3978
10290
8028
962
954
962
10260
9805
6820
9842
7052
9842
9110
9842
6382
8869
8281
8869
9788
6770
3733
1682
3676
1682
3621
3070
7128
3070
10116
2466
2514
2466
10135
2466
7009
7843
8276
7316
5201
7316
9298
7316
8760
1412
10150
1412
1390
4254
1378
4254
2003
10068
997
9001
1005
9001
3129
8650
861
8949
3712
8758
8217
8758
10209
8758
3998
8758
8150
8758
1913
9827
7519
797
1698
1839
1836
1839
8171
7221
8113
2232
7186
2232
2156
2232
8104
2232
2006
3474
1911
10118
9571
3399
2633
4897
8451
4897
3296
3351
8208
7243
1196
4078
1161
4078
5223
8225
2128
2158
2129
2158
1283
3830
1270
3830
7395
8884
1495
1513
1507
1513
1765
8561
1057
1063
1062
1063
2119
2514
3581
2514
9911
9885
8286
8267
3512
8267
7195
7140
7247
7140
7188
7140
4905
6580
5653
6580
3063
7626
2263
3526
7322
10174
5230
10174
9288
10174
8704
8692
1593
7009
154
153
2911
2918
2912
2918
8144
2709
7213
2709
10146
2709
8176
2709
10400
6867
7513
6867
9730
6867
7861
7714
9852
5883
1514
8505
3549
2838
9999
2838
7932
6825
3186
3609
88
8368
3228
10024
7164
10024
7144
10024
5338
10024
3602
3106
3601
3106
3599
3106
57
7509
784
3910
782
6806
787
6806
3610
6806
9618
8080
9229
8080
10128
8080
7346
3479
7379
3479
2813
4946
7840
4946
20
7407
4131
5523
8580
5523
3788
4912
2556
4912
7898
6181
3361
6181
3762
8036
2819
8036
2504
2571
9692
3977
5661
6585
2902
6585
7423
10347
6883
10347
8841
2398
8821
2398
8141
2398
8783
2398
4189
2398
8135
2398
7031
7908
1101
5294
1114
5294
8204
7145
3393
7145
10134
7145
8768
7145
3963
7145
3616
7145
244
482
8538
5541
8531
5541
1081
1089
1088
1089
2252
3835
6816
8220
5885
6536
3868
6536
1598
8524
9208
8085
981
7771
3901
732
807
9723
7822
5791
5600
5791
10292
3915
908
3915
2846
10133
10046
2297
2294
2297
6821
6820
8766
8719
640
513
7452
8928
8359
8928
809
8928
3836
4832
2326
4832
1521
5239
1408
5239
10144
5239
775
3886
117
133
123
65
1035
1044
2038
3857
460
454
623
454
267
454
2587
8500
9289
7308
8148
9577
9453
8412
8191
6399
10261
6399
7282
6399
9253
6399
9792
6399
8598
6590
8552
6590
92
257
258
4941
6351
2837
6351
7320
7206
478
280
10101
9590
3445
3444
8699
7953
3639
8682
7883
1869
7916
1869
3860
7273
10172
7273
10200
7273
8249
7273
3852
2065
8706
2065
6412
2065
8013
2065
10364
8894
2012
2027
7261
4048
1510
9463
8777
8114
3075
3109
5319
6453
1576
6453
218
488
621
488
8495
5024
3331
5024
195
196
3491
6070
3457
6070
7719
5466
9426
5466
1652
9455
10398
8090
10398
8090
4025
3489
1160
1219
9028
1219
1799
6740
677
8839
9281
8839
9666
8839
8502
5893
7698
5893
9761
9845
9785
3040
10121
3040
3626
3040
7266
3040
3220
6648
8480
6648
3204
4428
1001
9802
8850
9232
1633
1650
1634
1650
3455
5000
4437
5000
9934
2001
9952
2001
3636
4651
9084
4651
7949
7873
5620
7873
1708
1758
10052
1949
6653
1949
10025
1949
8686
1949
4368
1949
2107
4699
8623
4699
2997
5284
9412
5284
19
756
2388
8317
2388
6387
2388
2805
6334
2782
6334
1636
1637
1475
1476
1452
1476
3766
7372
10380
7372
2056
2060
2054
2060
7211
4002
1067
1079
2567
5061
2629
5061
6744
9119
323
564
487
564
1747
9989
3232
6191
8633
6191
1120
1132
1105
1132
8823
8171
3972
8171
10300
8171
2368
6017
2253
6017
3143
6595
5697
6595
7703
5859
1902
5859
8337
9333
8
3896
925
926
924
926
3233
5005
3264
5005
7177
1655
10122
1655
7179
1655
10159
1655
125
10124
9576
10297
6745
701
6745
7488
6745
9668
6745
3025
3045
2426
2422
2402
2422
276
365
619
365
357
365
2252
2256
7187
8095
3158
8446
9371
9911
7849
4634
7791
4634
8528
5781
9959
5781
6076
6075
6076
6075
5943
3463
2286
2287
3710
3434
6037
3434
3685
3434
2263
2272
1988
4663
5614
4663
6769
7288
3219
8480
7871
8610
23
301
8047
8718
3369
4995
3321
4995
847
3906
10362
3906
852
3906
9335
8909
9771
8909
78
97
10124
4038
106
1954
3725
2756
3767
9598
8105
8017
3311
3302
3311
8752
3311
1709
6461
1502
9364
1175
9364
1823
9364
4392
9364
4315
9364
1299
9364
6900
9364
4337
9364
4126
9364
1731
9364
4740
9364
2105
9364
4357
9364
4258
9364
1848
9364
4400
9364
4150
9364
1209
9364
2075
9364
4110
9364
6035
9364
1904
9364
2321
9364
1340
9364
3835
9364
2050
9364
1122
9364
2598
9364
4130
9364
9015
9364
6737
9364
4127
9364
2565
9364
1606
9364
4111
9364
2278
9364
1995
9364
1936
9364
1483
9364
4095
9364
4339
9364
1065
9364
4359
9364
1106
9364
6406
9364
4113
9364
1141
9364
1394
9364
4364
9364
1085
9364
4118
9364
1237
9364
1782
9364
1403
9364
4096
9364
1970
9364
1199
9364
2638
9364
2605
9364
8423
9364
7575
9364
1097
9364
1986
9364
2471
9364
3858
9364
1164
9364
2206
9364
3391
3992
3391
3992
8242
10214
6817
10214
10250
10214
821
822
1091
1116
3272
7888
3225
3226
3191
3226
41
210
189
588
638
588
611
588
9228
1452
1443
1452
8802
1452
7485
7356
911
7356
9125
7961
2114
6605
2342
6605
8236
2667
6855
2667
3988
2667
3037
4214
7770
4722
7825
4722
3840
6363
2939
6363
3042
3030
3028
3030
10214
8829
2617
2625
9843
6730
7423
7387
6883
7387
2941
6149
4426
6149
922
9801
8820
9242
7642
6638
3843
6638
9090
6201
4435
6201
895
8100
3537
3451
3513
3451
1448
6757
8180
9216
8180
9216
7142
3057
3042
3057
7983
3499
2062
3720
101
7528
3083
3086
1640
1647
1628
1647
1890
3628
1336
10100
7744
6344
2725
6344
1448
6786
8331
1991
9328
1991
3220
4990
8473
4990
2249
8615
3734
9693
9702
9693
2032
4689
3777
4689
2064
2373
797
10382
801
10382
3949
10382
3189
8485
9851
5903
9078
5903
3368
3374
1126
1142
1882
7924
7077
7028
2911
2919
3737
7196
2716
2728
94
8369
3034
3035
8201
9615
6056
6735
6986
6735
7872
6735
7028
2620
7040
2620
786
9343
8250
6389
10346
6389
744
6389
7646
6600
7652
6600
4367
4366
3547
6262
2205
6262
8549
4271
3741
4271
10347
10330
5197
9321
7484
9321
854
9321
1989
9912
1548
9912
4411
9912
8437
9912
8455
9912
4382
9912
6468
9912
7598
9912
9918
9912
8496
9912
5626
9912
9975
9912
5642
9912
7655
9912
4386
9912
8465
9912
2470
9912
2476
9912
7616
9912
8452
9912
7662
9912
8485
9912
4429
9912
8442
9912
8521
9912
7666
9912
8472
9912
2031
9912
8540
9912
8449
9912
7683
9912
7648
9912
6908
9912
3843
9912
8459
9912
7658
9912
7602
9912
5087
9912
8508
9912
7712
9912
7633
9912
7674
9912
7999
8677
8592
8436
9040
6424
7606
6424
7839
4644
7751
4644
4837
5053
2212
5053
847
8904
3668
5801
9946
5801
2357
4816
2308
4816
9459
5749
8570
5749
2194
7130
2077
5958
2110
5958
7902
5122
9496
5122
4182
2307
2298
2307
2756
3840
1490
5554
2423
8490
8811
9578
9599
9578
8854
7298
10317
7298
9294
7298
9778
7298
6706
7298
1375
1370
1334
1370
8530
6512
7715
6512
9755
716
9036
4985
3870
4985
4421
2848
2847
2848
10075
4167
4045
4167
3659
7397
9327
7397
977
4125
81
7395
3982
1077
1099
8009
9118
2720
4936
7150
1051
10186
1051
1050
1051
8048
1051
2522
8553
3564
5878
3729
5878
1191
5304
1181
5304
2394
2408
10069
2408
7021
7898
8674
7898
3544
7898
7154
8012
7154
8012
3215
4980
3194
4980
1973
1981
4639
1981
1931
1981
4640
1981
9569
661
10085
8046
3636
4679
5890
4679
7994
1375
1376
1375
8679
1375
5212
1375
8105
4409
3330
8495
1203
1218
4133
5531
1481
5531
7258
3845
7248
3845
7297
3845
4000
7135
7162
7135
7165
7135
3666
7135
7203
7135
1842
1868
456
636
194
636
455
636
427
636
3130
3128
2965
3128
9051
6796
3069
3096
3068
3096
3561
742
3779
9864
3618
10386
8357
10386
9557
10386
7667
6546
7622
6546
1280
1317
5248
7186
10114
8702
10114
8702
1028
1034
1019
1034
8646
4120
9487
4120
9485
4120
2593
4842
5641
4842
404
346
312
346
2399
7157
6416
7157
684
6379
7453
6379
682
6379
687
6379
685
6379
3936
5229
3937
5229
3939
5229
9535
3246
3243
3246
4427
3246
6744
7963
3182
5675
3288
5675
7592
5034
6904
5034
1883
7695
8964
842
3840
6361
3740
6361
3966
3595
10291
3595
8223
3595
4977
6203
3238
6203
1212
1229
3961
1229
7986
2645
2651
2645
285
286
7803
4742
7813
4742
2379
9536
2379
9536
2625
6276
9064
6276
1877
9464
4439
4438
1650
4372
8283
9222
8895
8296
10053
2055
3612
2055
4169
2055
4168
2055
2040
7002
9143
9509
10084
9509
6870
9509
8018
9509
9147
9509
4033
5317
4032
5317
10073
5317
8014
5317
2313
2314
6736
4592
1759
4592
6788
5218
5618
5617
7753
5456
8611
5456
10119
9204
9744
9591
8627
5487
4119
5487
9144
3313
8017
3313
3302
3313
10131
3313
6739
6463
633
630
483
630
946
980
978
980
1944
1959
1946
1959
1751
1768
1753
1768
3566
4661
5613
4661
7451
679
3879
7502
6868
7502
4013
6896
4937
6896
6876
6896
6852
6896
2328
6896
3235
6896
3369
6896
3267
6896
3321
6896
5667
6896
2242
6896
2287
6896
5660
6896
2784
6896
6077
6896
2627
6896
6874
6896
3377
6896
9962
6896
2494
6896
2582
6896
4425
6896
2380
6896
2069
6896
4971
6896
3196
6896
2221
6896
6682
6896
2332
6896
1657
1660
7055
1660
7045
1660
8668
1660
6936
5375
6955
5375
8118
2037
3861
2037
8772
2037
189
190
2861
3745
2480
5099
2531
5099
990
4273
1421
4273
735
9323
9342
9323
6003
5051
2312
5051
9164
936
2008
2050
1287
1304
2699
2748
2746
2748
7100
7048
2822
2939
3715
2640
8828
2640
10256
2640
2427
2432
9518
2432
4417
2432
2154
7798
7990
3590
2068
7989
1373
7690
3291
5670
8444
5670
8549
6444
4119
6444
9009
9910
10388
9341
1971
4624
1937
4624
3066
4206
4345
5778
5600
5778
3853
5969
2284
5969
1911
1993
10145
1993
8015
3740
6820
3740
7052
3740
4355
7548
4362
7548
4926
6324
3838
6324
6752
10102
1123
5370
1143
5370
2092
2371
8705
3648
8009
3648
9115
3648
5231
1627
3860
1627
8804
1627
9269
1627
10180
1665
1411
1665
7183
1665
2337
4716
2099
4716
7727
5901
7726
5901
9512
985
2993
2994
665
2994
9160
9129
1879
5849
6667
5849
1441
9082
7525
816
1429
3453
9113
7944
1109
1122
3204
3212
3209
3212
2596
2598
2275
2266
2182
2266
897
8188
4211
6489
3089
6489
10082
4145
9513
4145
7945
4145
7950
4145
6660
4145
9125
4145
4156
9537
10345
8257
7933
8599
1057
1053
1046
1053
3639
8551
3477
8551
7976
8551
2949
3300
2956
3300
2829
2828
2641
2828
8907
8286
8906
8286
2133
2168
2146
2168
9448
6835
2841
6835
2773
6835
3836
6835
2626
6835
9423
6835
2610
6835
3343
6835
3379
6835
7854
6835
4362
6835
3855
6835
4839
6835
2742
6835
4388
6835
1937
6835
4344
6835
4435
6835
9968
6835
4430
6835
2867
6835
3809
6835
1414
6835
1930
6835
6274
6835
8580
6835
1786
6835
1867
6835
2359
4407
5634
4407
10205
10173
8845
10173
762
7415
766
7415
5232
7415
5183
7415
8836
8804
8559
7685
2208
7685
2813
7685
1676
7685
3349
7685
6972
7685
7809
7685
2477
7685
7749
7685
3287
7685
2884
7685
7844
7685
7851
7685
3389
7685
7833
7685
7788
7685
7743
7685
6947
7685
7751
7685
2551
7685
3184
7685
2337
7685
2790
7685
7817
7685
8631
7685
1845
7685
2224
7685
3231
7685
1587
7685
7736
7685
1820
7685
5629
7685
3537
10377
9344
10377
9307
10377
3037
6977
2785
3585
8319
8235
1535
3820
8760
3820
984
990
7417
689
2789
6886
2549
5142
2657
5142
6967
4308
7842
4308
8351
6857
7763
5803
9946
5803
1790
4582
7777
4582
3910
10383
2116
10383
788
10383
3091
7636
31
7477
284
499
511
499
355
499
10361
3536
10361
3536
8599
6915
3163
10023
8032
10023
8732
10023
10077
10023
882
8358
432
421
375
421
6673
5497
9396
5497
8007
7979
6901
3580
6791
3580
1660
7788
5887
6526
4378
6526
3489
8534
7925
8534
4124
8534
3218
7680
721
722
8346
7410
6748
7410
2758
2706
2694
2706
7594
4009
9099
6830
9231
8729
10154
8729
10185
8729
8615
4822
2320
4822
8941
8938
844
8938
7574
5116
2597
5116
3281
3305
1472
4140
256
257
6771
5533
8580
5533
8450
6609
2637
6609
9985
9092
9639
10134
7615
6178
5663
6178
3025
6910
9819
3806
7502
9724
8851
8818
10027
2588
6055
2588
7123
2588
7105
2588
3121
8026
2958
8026
3384
6479
3345
6479
10176
8198
8832
8198
3528
3867
728
3867
10378
3867
1974
1983
1910
1983
5
663
3132
3148
2980
2984
4008
2984
994
995
919
995
1508
3825
7361
8230
10329
8230
9670
8208
9806
8208
9694
8208
8312
8208
3739
8208
7758
6845
9840
5968
4384
5968
10006
9102
4137
4135
4337
5759
4339
5759
2527
3796
9403
5881
4578
5881
999
1005
3439
4926
248
249
123
9848
5564
3814
5564
2682
2696
4196
2696
8819
4186
2466
7120
37
274
7909
5132
3789
5132
8254
8245
86
4158
4157
1268
1284
1285
1284
3856
3295
1304
4510
1379
4510
1480
1511
1512
1511
981
8563
2523
5079
2602
5079
3131
7646
1041
1061
1052
1061
2013
3546
2707
7612
3176
9445
10345
3512
262
263
6792
4298
4134
4298
1009
1000
8738
1000
893
1000
10340
1000
7868
4577
9094
4577
7936
4577
1344
8544
9757
699
786
7482
9589
9184
8554
5507
3769
5507
1011
1024
1025
1024
7867
7773
1426
4130
1746
1858
5192
10328
7480
10328
3533
10328
857
8948
9568
9855
8557
5793
3751
5793
10161
8739
6843
6840
5220
5219
5220
5219
353
493
395
493
4580
6982
650
340
316
340
1767
1769
1976
1978
1975
1978
3162
8589
8536
5543
9387
5543
4317
4515
3825
4515
9206
9538
6834
9863
3177
3290
1570
1574
1517
1574
1420
5521
4132
5521
520
507
198
507
2818
7167
7411
8240
3359
6183
3320
6183
2131
7125
2248
4397
10176
3138
10173
3138
7329
3138
9249
3138
2490
2573
2577
2573
2817
8794
1933
5891
3534
5891
136
135
831
832
1228
1239
1207
1239
7593
3004
1929
4653
3627
4653
3235
3236
4971
3236
7197
2003
1915
2003
9958
5044
8597
5044
2541
9077
1078
7871
85
63
136
63
156
63
152
63
77
63
84
63
72
63
117
63
148
63
83
63
126
63
70
63
73
63
125
63
81
63
86
63
80
63
82
63
75
63
160
63
154
63
118
63
79
63
146
63
139
63
142
63
129
63
164
63
170
63
119
63
167
63
101
2451
2608
9877
9354
9742
6451
1605
6451
3047
6499
3031
6499
6076
3757
6075
3757
2540
3757
230
231
4058
3020
2972
3020
2108
4732
7614
4732
3847
8819
1692
6720
5643
2635
9614
9800
1559
3786
8479
6628
7651
6628
9272
10295
6389
10295
3306
4448
3348
4448
7378
9592
1647
3424
3402
3424
10023
3285
9810
3285
1263
1294
7286
7271
2574
5089
2590
5089
2459
9015
8859
10213
8154
10213
9653
10213
10259
10213
9648
10213
8776
4196
7220
4196
2641
4196
10165
4196
9934
2047
4389
2047
284
508
556
508
9245
2686
8203
2686
8829
2686
7261
2686
7140
4028
7589
6159
7587
6159
215
216
8687
3735
8011
3735
911
912
8579
6353
7812
6353
3303
7999
177
542
2655
2657
1491
7808
3058
3600
8697
7951
3421
2416
2396
2416
2395
2416
7191
2416
1768
7700
7386
7366
1450
1462
1474
1462
1639
7038
2861
2929
8869
9194
2661
2738
2737
2738
3027
3025
4058
3025
7089
2442
9998
2442
2410
2442
2619
2630
10018
6725
1823
5783
1731
5783
2963
3067
2962
3067
4180
7814
7971
7814
10298
6767
7305
6767
7333
6767
5611
4602
9044
4602
7071
3461
7012
3461
945
946
937
946
1352
5472
9055
5472
8567
6434
9430
6434
8933
9331
8930
9331
1773
8426
1436
4288
9432
4288
8323
9694
10213
2169
3891
7492
3082
6906
4490
6252
3103
6252
1659
7705
10017
4356
9151
9139
10062
9139
9556
9139
3260
6193
4435
6193
7234
7214
1718
3605
7257
8173
7257
8173
1592
3730
2007
4387
1875
7538
156
155
8345
3638
8935
3638
10217
8784
8859
8784
8154
8784
9236
8784
8816
8784
2135
8784
9242
10101
8198
10101
8805
10101
3640
6992
8324
8306
1621
8306
2808
2809
1413
9010
6035
5063
2565
5063
2826
8579
9994
7934
9994
7934
9098
9485
3160
3280
4010
7593
1682
1739
1712
1739
9346
10398
3501
897
1913
1948
1915
1948
3902
3927
8862
3927
2486
2521
2485
2521
7935
3693
3647
3693
2572
3693
8651
3183
7015
3183
9713
6649
6414
2184
8730
2184
4423
6138
8639
6138
6688
6701
7344
8858
9460
5573
9441
5573
4093
6950
3933
3965
10299
3965
6388
8270
4034
1544
1523
1544
5343
4503
3108
4503
966
9427
2424
2543
2272
4797
2219
4797
2613
6290
4891
6290
1226
4101
2871
4962
2884
4962
9726
7450
4050
4049
9468
9442
8647
9442
6993
9442
8025
2507
2131
2507
6415
2507
8000
2507
1695
1794
1791
1794
3156
7093
1442
7721
2422
8574
7965
2793
2795
2793
8021
2793
7956
2793
3688
4547
3754
4547
10298
10238
9278
10238
4033
1589
4032
1589
1499
1589
8014
1589
2890
7743
7435
5187
5884
8978
1938
8978
7647
5156
8119
8769
6781
6870
7042
9852
3829
9852
3688
9880
9378
9880
9941
9880
3559
9880
4225
9880
2538
6295
2548
6295
6854
6817
1488
7764
80
8344
8275
86
91
3115
5696
2165
10019
1455
7559
7887
6955
3451
3960
3617
3960
7170
2102
8921
3659
9707
8318
3490
8318
1925
3576
392
310
3161
7676
753
7437
9529
1563
1564
1563
8712
1563
9137
1563
4195
2881
2885
2881
6876
6875
10209
8217
10209
8217
9944
8511
9834
8511
1252
5396
1275
5396
2497
2564
1011
1013
1004
1013
4153
6937
7627
9766
8447
9766
3111
9766
9424
9766
7599
9766
2604
9766
7675
9766
7608
9766
7635
9766
8467
9766
7620
9766
3220
9766
3171
9766
658
9766
7682
9766
7650
9766
2647
9766
7656
9766
7672
9766
8466
9766
9040
9766
9045
9766
9057
9766
2878
9766
7601
9766
7626
9766
8480
9766
8495
9766
7636
9766
3354
9766
3331
9766
2574
9766
8487
9766
7668
9766
2481
9766
8458
9766
3294
9766
7629
9766
7659
9766
9034
9766
3033
9766
2997
9766
3249
9766
7681
9766
7619
9766
9415
9766
8469
9766
2807
9766
9412
9766
7661
9766
8463
9766
7654
9766
9405
9766
7623
9766
8473
9766
2590
9766
7606
9766
7673
9766
8471
9766
7621
9766
8441
9766
8453
9766
9407
9766
7663
9766
7611
9766
8097
10169
7223
2968
1993
7059
10072
7059
200
201
2685
2759
4419
2759
8353
7455
9343
7455
3909
7455
640
512
278
512
7581
4756
7614
4756
2994
9169
663
9169
4255
9426
6694
5809
4363
5809
7349
7322
1422
1426
972
1426
2353
2331
2281
2331
428
538
546
538
2041
5330
2220
4787
2308
4787
429
246
3394
8143
8157
8143
9239
8143
4865
6280
2564
6280
886
887
3209
3252
3253
3252
3104
7583
3189
3193
3212
3193
8142
8121
2757
3683
543
537
180
537
185
537
2171
2194
2172
2194
2209
2194
5245
2194
10225
2194
2351
3413
9754
856
9106
9482
2185
2472
1563
1579
376
483
7499
5197
859
5197
952
976
953
976
2747
9994
2016
2010
1977
2010
1292
4233
1302
4233
3358
5011
3379
5011
2033
5929
8532
5929
6973
5738
1663
1784
1339
5442
1393
5442
3773
6025
4398
6025
7971
5630
7972
5630
7980
5630
2734
2783
2777
2783
7675
6067
9405
6067
5274
7083
8097
2139
2126
2139
5252
2139
5601
1819
1725
1819
7947
5686
8684
5686
7243
9595
9214
9595
8152
9595
4200
3159
7962
3159
3155
3159
10036
3159
3581
7241
3298
3353
5259
5258
7934
5657
2210
2354
2345
2354
1321
5416
1297
5416
1049
9003
1058
9003
2630
9003
2524
6285
9437
6285
2022
2077
5336
5335
6391
7223
9517
5608
1268
1269
1259
1269
2504
8462
8961
9767
2008
9450
1592
7841
7814
6020
7850
6020
3693
5074
2623
5074
2663
9047
3763
5635
2382
5635
87
1979
2015
2003
2015
2888
2891
2855
2891
376
377
636
377
2330
7823
8643
5357
6979
5357
10044
9513
2199
6004
7846
4332
1587
4332
6419
4478
3283
4478
907
10292
3558
10292
9658
10292
7293
8164
4488
6236
4485
6236
6920
5386
1236
5386
2230
9840
3083
5340
10132
10105
4385
2341
6964
2341
4379
2341
7264
3678
10238
3678
10184
3678
7256
3678
3050
7578
8150
8133
2330
3770
1515
4316
7620
6212
7623
6212
7697
5598
3841
5598
9678
7254
10172
7254
10211
7254
10200
7254
9655
7254
8249
7254
9746
9768
1945
7974
2905
9481
3270
3324
2273
2323
2881
2901
2886
2901
2361
5994
4391
5994
2163
9050
4421
2849
2872
2849
1505
7854
7308
9266
9657
9266
3969
9266
1378
4243
1319
4243
2445
2670
9630
9610
9622
9610
2040
2082
2084
2082
50
8319
2734
2778
2776
2778
7223
2969
7339
2969
3074
7078
8696
8665
637
369
428
369
8774
2129
2120
2129
9048
5748
3615
5748
1316
8993
3663
8993
4232
8993
2027
5939
2079
5939
948
8627
1415
9371
8450
9371
2763
9371
4122
9371
9042
9371
1352
9371
2378
9371
7692
9371
9036
9371
5316
9371
2672
9371
2114
9371
3250
9371
2637
9371
8514
9371
9030
9371
9035
9371
3216
9371
3870
9371
8524
9371
3857
9371
1869
9371
2272
9371
2728
9371
8490
9371
9047
9371
9050
9371
9055
9371
9037
9371
3760
9371
8533
9371
1353
9371
9031
9371
5611
9371
3823
9371
4121
9371
9053
9371
3705
9371
7600
9371
7628
9371
8510
9371
9063
9371
9044
9371
1438
9371
8537
9371
2219
9371
8503
9371
1468
9371
4939
9371
2613
9371
9033
9371
4891
9371
9043
9371
9048
9371
3615
9371
2039
9371
2870
9371
3554
9371
2474
9371
9039
9371
2580
9371
2585
9371
8454
9371
2342
9371
9049
9371
1730
9371
2164
6474
4185
5640
7120
5640
1172
4221
1139
4221
9085
5432
9083
5432
1325
9055
1149
1166
74
10235
10209
10243
10209
10275
10236
8193
7231
10153
7231
2994
5207
9186
5207
2201
2222
2584
2617
2510
2617
1415
4264
5316
4264
2460
2456
2441
2456
2250
7911
1232
4081
1210
4081
1932
3775
458
529
2551
6313
4921
6313
6822
2487
9188
2487
8726
2487
2157
2487
7064
5345
6731
5345
7072
5345
950
952
931
952
2506
5645
7974
4613
8644
4613
7922
4613
957
7831
1835
9037
7249
3276
82
228
587
624
587
224
587
9209
8768
158
8959
8365
872
871
872
7982
8660
6477
4483
3279
4483
9529
4342
8712
4342
1565
4342
9137
4342
3171
6246
8453
6246
9676
10291
5200
10291
8296
10291
2161
2204
2196
2204
10277
6681
2436
2675
7624
4772
3778
4772
3316
3361
7258
6411
7248
6411
4046
6411
7270
6411
6668
9314
7337
3717
6827
3717
657
3717
7369
3717
2889
3203
3205
3203
9910
9859
1859
4555
1796
4555
2907
6148
4426
6148
1324
1325
933
1325
1294
5406
1272
5406
1887
1938
1365
1367
1683
1729
2304
5984
2229
5984
2528
2533
3174
3178
10023
3178
18
4316
5588
9400
5588
7169
1534
1512
1534
1722
4537
7795
4537
1036
8983
1042
8983
3114
7652
2660
6305
3818
6305
7074
4459
3428
4459
7081
4459
1574
9441
4162
3552
3433
9851
7944
9851
4373
9851
8098
1268
9566
1268
4108
7733
1993
4170
10120
4170
8079
4170
9818
4170
7104
2092
9126
2092
8005
2092
3109
5706
3092
5706
1735
1818
2794
2803
957
4117
2704
7103
7735
5172
6718
5172
1203
4091
7984
1804
1781
1804
9545
1804
3873
1804
2503
2497
2157
2497
305
551
295
296
7451
7447
7206
9168
7173
9168
8248
9168
1540
1599
1537
1599
10272
10237
1282
1320
2957
8062
1542
1551
1546
1551
1808
4550
1796
4550
6004
4866
2236
4866
4176
4175
8321
674
7396
6691
3960
907
3314
7603
7081
3703
292
631
7899
6562
2469
6562
2309
4807
3738
4807
4925
6300
2654
6300
460
466
525
466
266
466
8540
5828
7689
5828
1772
6947
3086
4493
8617
4493
2447
9428
765
766
16
180
2161
2203
2191
2203
2348
2361
7891
5360
6979
5360
1547
1675
8921
9313
2586
5088
2843
3204
3207
3204
3816
4614
6462
4614
7691
9909
7780
9909
7352
3902
9992
6055
2275
2276
2191
2276
7571
4484
3607
4484
1117
9936
2381
9936
996
9936
7738
9936
1083
9936
1162
9936
1021
9936
1098
9936
1014
9936
1003
9936
7786
9936
1070
9936
1036
9936
1042
9936
1134
9936
1056
9936
1492
1487
8139
1487
9561
1487
8078
1487
1415
4263
1438
4263
6774
9906
7524
805
9969
4726
7424
9246
7260
9246
2434
9991
7485
7352
9684
7352
7483
7352
9686
7352
617
579
523
579
6772
1456
1432
1456
9428
6314
8587
6314
9008
1617
1611
1617
8861
8199
8844
8199
8227
8199
7380
8199
8279
8199
3218
3222
7239
8151
5640
6037
8572
6037
3686
6037
980
8645
7530
826
7310
3996
7284
3996
9773
3996
10279
3996
2446
4905
10007
5660
2076
5959
2112
5959
1104
1112
1088
1112
3821
5768
1580
5768
9027
1146
1113
1146
4145
9453
3120
3129
2965
3129
42
1005
8994
1015
8994
8462
6050
8461
6050
2350
6473
1651
7853
1761
1778
1657
1778
1949
1969
9544
9510
3657
9510
113
5308
4244
3635
4244
9609
1670
7215
1670
1411
1670
7183
1670
9313
6782
3799
6782
841
6782
6464
4671
9029
4671
8808
5327
8719
3082
9538
3082
3084
3082
8767
3082
4061
5365
7929
5365
2107
9843
3654
9843
4345
9843
8549
9843
7811
9843
9075
9843
6704
9843
3782
9843
7834
9843
7753
9843
9463
9843
7808
9843
2929
9843
8627
9843
9428
9843
3522
9843
8573
9843
2816
9843
7825
9843
7845
9843
8613
9843
7802
9843
3713
9843
7827
9843
7807
9843
7822
9843
3749
9843
6778
9843
8619
9843
7812
9843
3667
9843
9946
9843
7842
9843
3212
8598
2640
9212
7996
7973
1700
1849
3270
3323
7799
4900
2628
4900
6945
1901
1900
1901
1701
1901
7392
10315
6390
10315
3881
8391
9822
5665
7685
8432
2269
2324
8665
8640
8480
6371
3249
6371
2202
5627
5229
5228
6971
5993
2335
5993
9726
8939
9816
8748
1436
4289
3447
4289
1683
9465
2568
6266
2495
6266
3917
8134
3917
8134
1877
4362
2401
7192
8246
7192
3986
7192
10226
7192
8261
7192
707
708
471
449
368
449
252
449
7521
800
3339
3341
3970
7253
3395
7253
3968
7253
7461
7420
3764
10135
9745
712
8569
6168
3682
6168
7327
3935
828
9725
8362
9725
833
9725
823
9725
1033
4019
59
1962
7751
935
1347
8070
1347
5209
1347
8054
1347
10087
8008
7913
9937
7010
9937
4159
9937
1780
6516
1756
6516
5340
4494
5344
4494
2515
7799
8900
10339
9312
10339
8244
3877
9653
3877
8902
3877
9279
3877
8892
3877
8321
673
2274
7604
5634
4812
5628
4812
2671
5126
2547
5126
9217
1205
10231
1205
906
1205
8781
1205
373
471
434
471
7574
5098
9026
5098
2436
3704
3668
6508
3667
6508
10372
9300
7388
9300
920
3957
916
3957
2423
2551
2708
8016
2737
8016
2598
2599
3274
4439
4892
6619
2608
6619
3670
3986
4093
6920
9272
8828
6389
8828
2714
4932
9395
4932
3805
9907
3376
9907
2794
2804
5190
1248
5191
1248
8068
1248
9566
1248
7132
7104
1518
1497
4029
1497
8769
1497
4030
1497
1871
3815
9422
3815
3530
3815
3795
3815
6673
3815
9420
3815
1380
3815
1581
3815
9419
3815
3866
3815
987
3815
5894
3815
2334
3815
1615
3815
9408
3815
2801
3815
9060
3815
3767
3815
6845
3815
1784
3815
4316
3815
8507
3815
3566
3815
9410
3815
1300
3815
1862
3815
6581
3815
9413
3815
4894
3815
3645
3815
4863
3815
2279
3815
8536
3815
4354
3815
1764
1803
1775
1803
2821
2818
3761
2818
1160
1200
3084
3092
1463
6792
1707
7734
2918
8588
7156
9148
4197
9148
8125
9148
8064
9148
8770
9148
3910
7467
7482
7467
780
7467
315
416
516
416
2116
3629
6853
3629
1043
8984
1037
8984
655
654
560
654
171
7529
6713
7425
8091
8042
3931
3930
39
9082
4279
8596
4279
5642
4846
7641
4846
2528
2534
6850
9883
7569
9883
2456
3810
7203
7182
9584
8706
10125
8706
9559
8706
8765
8706
8055
2178
2095
2178
8754
2178
9560
2178
1515
1533
1660
6925
1801
8381
9464
8381
2826
2938
1918
7029
628
623
399
623
5632
6542
7787
6542
2724
2729
250
431
7504
746
1470
6967
6676
9305
9398
5983
2304
5983
235
485
432
485
7419
688
1960
1968
1336
1337
1307
1337
1707
1759
779
780
7990
8696
2202
7622
8891
3945
653
652
559
652
1924
3522
1568
1564
1526
1564
9200
7177
8271
9295
5210
5209
7599
4880
9405
4880
2497
2563
1004
1014
1889
1881
1629
1881
1556
4525
1580
4525
2891
4429
1659
9444
2781
4942
1325
1355
481
603
620
603
1184
1190
3776
4567
5602
4567
9095
6802
7895
6802
7897
6802
3065
3102
3078
3102
9551
7115
1766
7763
7024
9854
7018
9854
3492
9854
4128
5511
4129
5511
1208
1238
2238
4885
2213
4885
2778
7744
10212
8179
6977
6498
6974
6498
7369
9290
7448
9290
249
568
471
568
431
568
7041
2589
7935
2589
404
610
9980
3639
9980
3639
8230
3940
755
10368
752
10368
3480
10368
1788
7539
1455
7539
1356
7539
1397
7539
1733
7539
1779
7539
1006
7539
1943
7539
1616
7539
1440
7539
1125
7539
2036
7539
1059
7539
1873
7539
1301
7539
1108
7539
916
7539
1357
7539
1219
7539
1981
7539
887
7539
1617
7539
1146
7539
1200
7539
1533
7539
1238
7539
3414
7539
1023
7539
1588
7539
1278
7539
1183
7539
1305
7539
2000
7539
1980
7539
1679
7539
9370
7539
1398
7539
1852
7539
1045
7539
1876
7539
1086
7539
1484
7539
1017
7539
1504
7539
1329
7539
1906
7539
1384
7539
1090
7539
1875
7539
1383
7539
1597
7539
889
7539
2058
7539
998
7539
1032
7539
1381
7539
1072
7539
3881
7539
921
7539
1328
7539
6894
7539
1173
7539
2081
7539
1257
7539
1424
7539
1461
7539
7565
7539
1695
1793
1837
1793
10061
8032
1480
1507
1512
1507
7137
7094
1060
1071
9741
9908
4576
5858
7703
5858
1894
8573
112
785
7965
2794
2795
2794
8021
2794
7956
2794
1646
9138
7665
4916
2554
4916
57
390
1524
1543
1525
1543
2516
7789
5273
7998
8046
7998
8746
7998
1953
9938
4505
4504
2363
4836
9955
4836
7442
10351
8920
10351
4344
5769
10003
5769
7274
2544
7241
2544
3793
2544
6956
5978
2335
5978
5241
3882
5327
3882
4042
3882
9607
3882
5240
3882
10127
3882
7133
7110
4010
7594
10407
736
2613
5108
2585
5108
10030
3694
7007
3184
6990
3184
5678
3184
1159
1195
1347
1350
1351
1350
6414
2183
7091
2183
3806
2183
5250
2183
9979
5574
7836
5574
2652
2739
8594
4520
5554
4520
8694
7039
2944
2948
3678
2948
3634
1521
2114
6532
3857
6532
2013
7824
9674
9285
2204
6003
48
8349
7290
8163
3784
9613
1888
1891
1650
1891
3009
3015
2975
3015
1943
8401
9539
6715
9120
6715
7096
6715
2594
4890
697
698
1627
7202
9345
790
6653
8686
6653
8686
2622
5073
8462
5073
4312
4299
4135
4299
9996
8416
9996
8416
5312
4251
1371
4251
7034
9484
9502
9484
3694
9484
9995
8657
9995
8657
1032
9004
354
362
634
362
75
5253
6777
10169
6777
5252
6777
2130
6777
10121
3077
3626
3077
7275
3077
6650
3077
2583
9992
895
7224
9794
7224
10259
9236
1233
3471
975
3471
3555
3471
5310
3471
997
3471
1386
3471
1500
3471
1079
3471
1116
3471
4135
3471
9908
3471
3765
3471
4151
3471
1037
3471
1055
3471
1015
3471
1926
3471
1163
3471
6667
3471
1810
3471
1198
3471
9921
3471
1143
3471
8621
5462
1358
5462
6987
3354
4199
3354
6988
3354
2230
8608
1153
1180
2128
2159
2129
2159
1620
9695
818
9695
8030
2353
2339
2353
1073
8635
10191
2819
7214
2819
2852
2819
8195
2819
3993
2819
215
457
557
457
9087
6047
6802
6047
984
9020
47
3633
7261
3989
7261
10304
7261
8026
3139
3137
3139
1663
1783
7520
795
2783
2784
3153
7084
9632
1136
4021
1136
901
1136
2985
3010
4007
4006
6072
4895
5649
4895
8819
8809
6709
6710
6709
6710
3846
9799
10253
9799
8233
9799
5257
9799
10248
9799
8569
6169
7757
6169
2611
6618
9437
6618
10301
9280
6906
6488
4212
6488
3924
8189
2506
2579
10363
7376
3445
1472
1474
1472
1471
1472
457
221
1291
4234
1319
4234
3050
8630
1346
9025
10041
8442
2573
7584
9564
8738
9165
8738
2890
3194
1157
1185
1171
1185
4192
3684
5657
3684
6991
3684
7452
8929
2305
3414
10147
2193
2170
2193
957
9067
1457
7861
2235
2252
2247
2252
1486
7988
2404
2426
2429
2426
3328
3331
3095
7779
1012
4018
7371
10294
8176
8144
8176
8144
25
3892
917
922
919
922
1577
1573
1516
1573
7481
6865
2759
3850
160
2124
2138
2142
2138
1345
8507
46
3263
6184
8424
6184
9891
9879
8801
8793
8801
8793
2496
2574
3644
5739
4316
5739
10320
6827
7399
6827
2106
5948
2078
5948
2102
2290
2294
2290
10038
2290
2101
2290
9812
5291
1376
1382
1311
1382
9745
9638
1364
10020
2748
2769
1467
5544
4140
5544
7120
7069
6391
2978
7331
2978
396
606
626
606
860
8328
859
8328
894
9183
8232
8227
1842
8521
10342
10338
2175
7774
1013
1023
2913
2858
10034
2858
8691
2858
3466
2858
9391
5794
1862
5794
7368
8265
7306
3970
8792
10170
6850
7569
2527
3669
151
9748
2011
3566
1034
1041
1040
1041
2167
7666
8311
7400
10249
7400
1615
5589
9400
5589
1748
8543
3211
4972
1279
1283
1268
1283
8120
8087
5202
8881
7393
8881
8284
8881
1574
8564
2513
2511
2140
2511
910
3917
10286
3917
2290
2295
2293
2295
81
168
10110
8056
7262
10196
8775
8759
7917
3855
7121
6860
1636
1696
8771
1696
1655
1696
3740
6102
3684
6102
3716
8968
7632
8968
7708
8968
1344
7711
850
7405
10362
7405
3661
7405
9990
6556
7511
752
8363
9721
725
9721
8360
9721
545
354
544
354
83
140
2873
6587
2939
6587
10302
3975
8752
10131
7778
5563
9463
5563
9050
4852
2474
4852
8889
8260
8888
8260
7400
8260
10181
8260
10122
7147
10067
10056
2756
3837
3000
5281
3002
5281
10088
2280
8759
2280
10168
2280
2170
2280
1243
1259
1224
1259
1385
5426
1404
5426
7648
6331
3843
6331
1387
1392
2835
8472
10309
9788
7358
9788
1802
1809
2632
5064
4893
5064
2483
7933
406
358
407
611
8158
7213
4434
6194
3238
6194
8446
4468
7633
4468
1153
9461
8194
8174
381
380
8166
8783
4400
6010
3835
6010
8622
6433
9085
6433
3125
3169
9228
9594
1689
9449
1615
5579
9397
5579
10246
9193
2928
6139
9489
6139
2025
2067
3488
9252
8211
9252
6690
9252
8254
9252
9663
9252
7055
9839
1447
1442
1416
1442
2024
2025
7990
2025
6780
4631
1937
4631
7463
7346
7371
7346
1729
5784
1815
5784
8789
1630
7273
1630
2374
7813
1920
1929
7152
1738
4036
1738
1716
1738
10091
1738
7108
1416
8001
1416
9826
1416
5218
1416
5217
1416
7119
1416
6769
7312
186
495
181
495
509
495
8751
2462
10152
2462
8074
2462
10183
2462
7993
1657
7085
1657
7322
10197
8253
10197
5230
10197
7680
5007
3748
5007
2839
6354
6818
6354
2246
9995
962
966
991
966
6754
3441
10232
6747
7259
6747
3493
6747
10203
6747
10284
6747
8528
5819
1865
5819
3026
3047
1665
1686
1525
1686
8269
3423
8269
3423
410
527
1260
1293
1286
1293
1120
1152
1138
1152
10369
8891
3553
8891
10213
8097
2573
6077
8909
9692
3824
9692
28
2228
2285
2819
8111
9403
9353
5904
9353
2664
9159
7059
2020
2024
2020
3802
5021
9962
5021
1626
1635
8049
1635
38
265
10065
10057
10065
10057
1594
1608
2987
3003
4010
3003
7948
2236
10029
2236
8292
2004
7819
4654
7751
4654
2358
9913
9032
9913
4837
9913
7731
9913
9398
9913
6757
9913
4120
9913
990
9913
7721
9913
2077
9913
1939
9913
9041
9913
2570
9913
2304
9913
2229
9913
4383
9913
1439
9913
1609
9913
2002
9913
2241
9913
2110
9913
9029
9913
1421
9913
3696
9913
7699
9913
9925
9913
2260
6015
2311
6015
9857
5043
1859
5043
7654
6597
8453
6597
5243
10058
4173
10058
7189
10058
10201
3454
2199
2212
2296
7943
3242
3266
1540
1598
1537
1598
154
5616
8969
7593
8969
1992
8969
741
8778
2771
6341
2729
6341
10260
10210
8949
862
705
862
1944
8670
4375
1994
1993
1994
555
519
296
519
2973
4058
2977
4058
2060
9462
4778
6607
2214
6607
2741
6323
2725
6323
2376
4762
3625
4762
3876
2665
9821
2665
6398
2665
6397
2665
7413
7385
3442
7385
354
401
3363
3371
3303
3371
2618
2627
9732
2993
667
2993
9971
7921
1169
1176
2440
6082
2457
6082
1936
4623
1970
4623
4112
6443
5463
6443
5187
10198
8239
10198
3324
4997
3362
4997
1627
1640
1641
1640
6402
4274
1423
4274
1418
1432
1433
1432
10349
7336
7359
7336
10346
7336
8361
9324
8362
9324
7428
9324
7693
4641
7710
4641
7901
6421
5347
6421
2295
3727
1832
1748
1742
1748
1887
1939
7860
3765
10287
8849
7321
8849
3746
6750
7377
6750
3591
6750
3199
6129
2922
6129
1281
1303
3043
3050
3029
3050
1854
6658
7696
6658
7686
6658
2492
6658
2309
6658
7728
6658
5625
6658
7695
6658
6925
6658
7711
6658
3727
6658
2112
6658
2239
6658
1990
6658
7701
6658
2366
6658
3655
6658
2508
6658
757
8901
759
8901
8910
8901
892
8107
9543
9803
7087
9803
3354
6222
7663
6222
145
9746
7090
3431
9065
4326
8606
4326
7447
9276
7122
3037
3030
3037
1802
6737
8922
7380
10376
7380
2442
2660
3188
7068
9246
2959
10198
2959
6847
2768
6996
2768
6848
2768
4182
2313
6753
8675
3953
9691
10119
9203
3255
3314
3317
3314
1305
9361
1973
6464
10180
9609
1794
3668
7512
8309
8729
10104
119
134
3571
7568
2785
3760
6753
6755
8626
3055
1350
1402
8109
1645
8072
1645
3402
1645
910
9787
10286
9787
8960
9636
3101
8456
10068
7964
3671
8617
7927
8617
7035
8617
5685
5033
6708
5033
3073
4211
3246
8487
7190
2246
4182
2246
4976
6204
4437
6204
1983
1984
10072
1984
2034
5938
1997
5938
9186
664
3033
5729
8469
5729
9589
7150
8100
7150
8365
7150
2620
4876
5645
4876
8808
4165
9779
7395
10326
7395
2141
2148
2146
2148
6675
4127
2981
2983
670
2983
7789
6572
7827
6572
4134
5534
7750
5534
1289
1310
1311
1310
6
177
1515
1588
8434
1588
775
776
2297
2305
2298
2305
2838
5162
9477
5162
9037
5818
8537
5818
2713
6092
9195
9178
1470
8533
2808
4956
2768
4956
1024
1031
9576
1706
4038
1706
9185
1706
1710
1706
8092
8072
3743
4987
7817
4987
9422
5804
3753
5804
7596
9860
535
626
532
626
6418
4469
9091
4469
1279
1315
1314
1315
8581
5551
7786
5551
133
9747
1246
1278
7412
7390
7697
5599
7725
5599
1736
4160
5333
7155
730
9722
7507
9722
7514
9722
10145
10132
8884
8803
3982
8803
8186
8803
2454
8497
1309
1377
347
446
310
446
5083
3168
5038
3168
5002
3168
4755
3168
4782
3168
6154
3168
4930
3168
5714
3168
2731
3168
6634
3168
6348
3168
4775
3168
5041
3168
2903
3168
6489
3168
2936
3168
6238
3168
6913
3168
5119
3168
6283
3168
2812
3168
6583
3168
4881
3168
6569
3168
5062
3168
6068
3168
3110
3168
6598
3168
6241
3168
6738
3168
4496
3168
2825
3168
4889
3168
2536
3168
2935
3168
1047
1054
10270
3847
7365
3847
3846
3847
8233
3847
10248
3847
1738
1828
1740
1828
1180
5301
1181
5301
5337
7137
2292
2300
2297
2300
2180
5249
10406
9637
9721
9786
6687
9786
1186
1193
3911
1193
2868
2887
2842
2887
1240
1252
3965
3964
1325
8517
2143
2185
8688
2185
10290
8211
3762
2856
2828
2856
10359
9682
10359
9682
10295
9626
10295
9626
1520
1545
7169
1545
8247
10187
10028
1922
8114
1922
4045
1922
9494
6931
8533
4309
1468
4309
2286
7668
1669
9985
1343
7760
3373
3568
8315
10249
1716
1795
8187
1795
3549
6811
9153
2136
8085
2136
2139
2136
9546
2136
6717
10261
9062
5946
9417
5946
782
783
1961
8575
8840
9259
2502
2560
8592
9392
2561
4883
2491
4883
254
255
771
8326
2666
10146
8242
10146
6817
10146
10250
10146
6866
7431
3954
7431
7493
7431
2973
2976
7122
2976
6037
6558
5641
6558
7864
7765
2159
2501
2503
2501
10257
10203
1382
4107
9060
6294
4894
6294
9799
2449
3847
2449
9152
7113
9557
7113
55
391
8289
8274
9063
4541
8537
4541
1410
1540
1538
1540
3424
7727
1157
1159
1158
1159
8868
2180
10276
2180
8177
2180
8796
2180
9233
2180
774
5181
6946
5912
3522
5912
1349
1353
8199
9798
2646
6954
1501
4523
10000
4523
7592
6239
7586
6239
10344
9293
6877
6874
9978
6874
6923
6874
2069
6874
10264
3921
3513
891
2419
2527
2520
2527
3618
9152
7768
5832
9989
5832
654
647
2501
2565
3496
8058
10374
6707
5199
6707
7375
9650
10236
9650
3432
9650
1598
8570
9192
9584
3499
3269
3252
3269
7057
3269
36
7454
1697
1698
1640
1698
157
8966
1664
1790
3944
3943
9993
4791
5624
4791
8194
9627
9181
10186
7224
10186
8780
10186
2085
7847
1462
9041
2283
2350
2345
2350
7573
5351
3024
5351
9024
1183
1151
1183
1825
9023
4094
5399
4097
5399
2864
2897
2882
2897
8798
10122
8187
10122
10305
10122
8724
1736
8073
1736
7360
7348
8291
7348
2194
2195
2145
2195
669
9732
2981
9732
7263
7247
3559
5428
4102
5428
3450
8160
7935
4893
3647
4893
2572
4893
7901
9945
7891
9945
8642
9945
3123
9945
4213
9945
5347
9945
8650
9945
7888
9945
6977
9945
8643
9945
7892
9945
4490
9945
6979
9945
7896
9945
6974
9945
3007
9945
8649
9945
3103
9945
7004
9945
9388
9382
7733
9382
3699
10147
5246
10147
5245
10147
9791
10147
7287
10147
5700
5699
7006
5699
4208
5699
7682
6000
7668
6000
7959
5651
9134
5651
7957
5651
8002
5651
7133
5651
10032
5651
9273
9642
2021
2071
1911
10072
1910
10072
7784
6024
8620
6024
1662
1785
6061
5070
2525
5070
3287
4466
3280
4466
7518
793
8762
5191
8666
2190
8711
2190
4409
2190
2196
2190
1117
4072
1098
4072
1596
1606
7571
5017
3341
5017
8369
9544
557
220
3241
8633
2210
2355
9536
2355
7997
2355
9621
5334
7018
2238
3492
2238
7070
2238
6735
6284
2525
6284
396
173
2947
8752
9911
9889
3268
9889
2603
6061
5221
1418
6765
1418
1635
1688
1664
1688
3070
9811
2255
4781
3526
4781
2307
5634
961
968
963
968
1652
1780
948
6672
2575
5075
2566
5075
7492
759
9490
2337
8694
2337
1641
8127
4411
6005
4396
6005
699
9283
912
9283
2471
4859
2206
4859
1979
2014
2009
2014
879
881
6866
6713
7124
3013
2975
3013
10174
8165
10174
8165
3072
7837
1561
9031
652
648
1169
1178
118
975
4260
5314
4260
3658
7255
10245
7255
8866
7255
1743
1746
1742
1746
8220
10121
675
10121
8241
10121
4198
5663
10012
5663
725
6687
708
6687
7510
6687
3269
3325
92
9731
1719
7975
10244
7338
729
6656
3528
6656
4392
5995
4740
5995
2422
3711
3177
6417
3363
3367
3355
3367
685
9310
1415
3268
8450
3268
2763
3268
4122
3268
9042
3268
1352
3268
2378
3268
7692
3268
9036
3268
5316
3268
2672
3268
2114
3268
3250
3268
2637
3268
8514
3268
9030
3268
9035
3268
3216
3268
3870
3268
7591
3268
8524
3268
3857
3268
1869
3268
2272
3268
2728
3268
8490
3268
9047
3268
9050
3268
9055
3268
9037
3268
3760
3268
8533
3268
1353
3268
9031
3268
5611
3268
3823
3268
4121
3268
9053
3268
3705
3268
7600
3268
7628
3268
8510
3268
9063
3268
9044
3268
1438
3268
8537
3268
2219
3268
8503
3268
1468
3268
4939
3268
2613
3268
9033
3268
4891
3268
9043
3268
9048
3268
3615
3268
2039
3268
2870
3268
3554
3268
2474
3268
9039
3268
2580
3268
2585
3268
8454
3268
2342
3268
9049
3268
1730
3268
5317
1596
1590
1596
3535
7855
4803
7855
326
563
461
563
2217
2200
3409
2200
2136
2200
4178
2200
7273
7237
10155
7237
7382
5201
3056
5722
3047
5722
9040
5363
7661
5363
9282
9796
7268
9796
7334
9796
7220
8776
7220
8776
2796
5149
2775
5149
7981
7917
7049
7917
4175
7917
9831
7917
2455
2611
4057
4056
3424
8664
1243
10071
1260
10071
7289
9641
10281
9641
2459
2481
7941
6475
6847
6475
6848
6475
1195
4087
1215
4087
1233
7566
975
7566
2329
7566
3555
7566
5310
7566
3619
7566
1500
7566
4135
7566
9840
7566
3471
7566
1176
7566
1419
7566
4141
7566
1725
7566
1250
7566
1163
7566
3013
8643
3146
5689
4204
5689
7246
10148
7198
3666
1331
9054
2364
5990
8618
5990
3260
3569
6797
3569
3842
3569
9448
3569
1584
3569
1824
3569
2773
3569
3358
3569
4355
3569
3836
3569
3726
3569
6780
3569
2626
3569
3623
3569
1863
3569
1971
3569
1851
3569
2549
3569
9090
3569
9479
3569
2610
3569
3343
3569
9096
3569
3379
3569
2791
3569
2571
3569
9481
3569
7854
3569
3323
3569
4362
3569
2769
3569
3855
3569
1557
3569
2722
3569
3853
3569
2284
3569
3773
3569
6771
3569
4839
3569
4131
3569
2742
3569
4398
3569
3385
3569
4388
3569
2925
3569
4415
3569
1937
3569
4344
3569
3801
3569
9919
3569
4435
3569
2326
3569
4430
3569
2867
3569
4138
3569
3809
3569
1414
3569
1930
3569
10003
3569
6274
3569
5668
3569
8580
3569
2940
3569
1786
3569
1867
3569
7467
9770
776
9770
8703
7970
2162
7669
8674
3320
4198
3320
3544
3320
5650
4903
2620
4903
271
272
7278
7250
4049
7250
8164
7250
6746
4265
988
4265
2276
8458
7527
803
1233
4227
1214
4227
2225
2248
2234
2248
3449
9377
9062
9377
9973
9377
5603
9377
3688
9377
7625
9377
1182
9377
9403
9377
2215
9377
3577
9377
9046
9377
7702
9377
4317
9377
7719
9377
3459
9377
7647
9377
5904
9377
7707
9377
6060
9377
4094
9377
2553
9377
3532
9377
4083
9377
2523
9377
6461
9377
3825
9377
9426
9377
9938
9377
4107
9377
7669
9377
5644
9377
4097
9377
7717
9377
4869
9377
3559
9377
2535
9377
9061
9377
5633
9377
4100
9377
4105
9377
4579
9377
3754
9377
9892
9377
9386
9377
4022
9377
2602
9377
6789
9377
7607
9377
9411
9377
6933
9377
6978
9377
4578
9377
9417
9377
6768
9377
4109
9377
3728
9377
6918
9377
7688
9377
7643
9377
4923
9377
4353
9377
4361
9377
4341
9377
4092
9377
6884
9377
4102
9377
1330
8621
3104
5344
2148
3774
9993
6053
4412
6053
1614
4328
5318
4328
2282
2347
2344
2347
6777
6470
8023
6470
1061
9812
3313
10030
7447
9278
9656
9278
9109
5644
3721
5644
3733
1712
10123
1712
1665
7066
1525
7066
8243
9628
10245
9628
7341
9628
2733
2766
2764
2766
10069
2674
2668
2674
2162
2205
7291
5262
2348
7850
7858
5389
4101
5389
2877
2907
10379
9315
9699
9315
1602
1673
1322
1324
3399
1324
1323
1324
9157
1324
1793
6697
9696
9681
9694
9681
8318
9681
4355
4554
1867
4554
6875
6923
7875
6923
6696
6923
7640
5985
2303
5985
745
9303
5184
9303
7408
9303
534
470
300
470
848
849
10349
10325
743
10325
900
901
939
9176
6468
4749
7683
4749
3850
4958
9435
4958
187
505
378
505
2904
6122
9473
6122
1706
1708
1649
1708
2208
4801
2244
4801
1826
5816
7689
5816
216
523
557
523
1762
1800
965
1419
6383
1535
8146
1535
5225
1535
10142
1535
8578
6941
8593
6941
7784
6941
3832
6941
8548
6941
7849
6941
8569
6941
3173
6941
8604
6941
8616
6941
1874
6941
8626
6941
8625
6941
8620
6941
3086
6941
8553
6941
8589
6941
2670
6941
3850
6941
9462
6941
1790
6941
7850
6941
7735
6941
7745
6941
8550
6941
8555
6941
5890
6941
7737
6941
3366
6941
9084
6941
7746
6941
6692
6941
8546
6941
8552
6941
8770
9565
8882
10262
2035
5936
2077
5936
2574
4878
9415
4878
1369
4111
2151
2491
9708
7423
6764
7423
3949
7423
1244
4097
2543
6304
9948
6304
9562
9553
8750
9553
6777
2146
8756
2146
8033
2146
1577
1586
1498
1586
8939
7441
9770
7441
9765
778
972
969
963
969
1554
1557
669
670
7356
8862
9684
8862
1445
9410
8871
9797
9293
9797
9294
9797
3334
3813
435
612
1529
1530
10073
1530
8591
4531
1671
4531
3567
2952
3717
2952
7348
2952
10268
2952
1804
1805
1776
1805
551
544
484
544
7968
1826
9537
1826
7007
5679
6990
5679
9101
5679
2382
5980
6829
5980
3162
3166
3157
3166
9500
2112
7121
2112
1276
5409
1290
5409
1692
9402
550
430
229
430
8319
675
2293
4174
1168
1203
1201
1203
4474
6229
3613
6229
1332
1361
1336
1361
1840
5842
8421
5842
1176
5379
1163
5379
9508
9964
6678
9964
7926
9964
1244
1276
9683
3933
2851
2872
2836
2872
8849
10188
7566
2377
3548
1621
3817
5035
3681
5035
8492
6632
5087
6632
7677
5674
6417
5674
8801
9815
8793
9815
9606
9815
8194
9248
8205
9248
9416
4620
3645
4620
7711
6440
9054
6440
2553
4919
2535
4919
6830
4728
2104
4728
4000
3594
544
400
360
400
7944
5907
4373
5907
9986
5907
1951
7694
1432
1458
1459
1458
3042
3053
3052
3053
239
566
371
566
1265
1300
6403
6753
538
375
369
375
7402
10350
8304
10350
2701
7882
8138
2644
7278
2644
9612
2644
4049
2644
8164
2644
9221
2644
9934
9928
5312
9928
3790
9928
1253
9928
1724
9928
1390
9928
1271
9928
1231
9928
9853
9928
4115
9928
1769
9928
4397
9928
2222
9928
1969
9928
10020
9928
2310
9928
9982
9928
3854
9928
6741
9928
1371
9928
6873
9928
3690
9928
6695
9928
3821
9928
9952
9928
5319
9928
2376
9928
4389
9928
3625
9928
1860
9928
1378
9928
988
9928
1847
9928
6859
9928
1935
9928
6702
9928
1319
9928
1217
9928
1580
9928
7741
5766
1726
5766
3586
1643
10083
1643
7146
1643
8049
1643
827
828
3999
3998
9189
2054
9584
2054
8765
2054
4169
2054
2435
3789
7650
5057
8458
5057
9121
8673
9533
2315
9841
2315
2314
2315
3213
7639
8445
5086
3693
5086
4033
4032
4033
4032
1958
3539
9523
7940
362
615
401
615
8222
9205
9605
9205
6787
9893
6942
9893
7709
9893
7713
9893
9926
9893
6824
9893
5337
2689
3456
2689
8115
4179
9154
8712
2986
2990
1921
3744
5261
7282
2197
2278
7833
6320
4938
6320
128
9347
1140
5374
1162
5374
1894
5611
9973
9941
5603
9941
5904
9941
4094
9941
4083
9941
6461
9941
4107
9941
4097
9941
4100
9941
4105
9941
4579
9941
3754
9941
4022
9941
6978
9941
4578
9941
4109
9941
4353
9941
4361
9941
4341
9941
4092
9941
4102
9941
8099
8746
8099
8746
4125
5481
4117
5481
7917
3763
1287
1305
5227
5226
7811
6268
7852
6268
7915
4667
4612
4667
79
3349
5030
3364
5030
2713
2722
9746
706
2083
7022
5316
6445
4121
6445
1970
4625
1986
4625
2011
2031
2415
2663
2651
2663
1137
1148
1119
1148
19
268
4936
6325
3585
6325
9506
2995
9512
984
979
984
3798
7383
1696
1664
9814
1664
7635
6367
9057
6367
7298
9200
3166
3622
10037
7945
1774
1776
8040
1776
1781
1776
6724
1776
103
7522
1428
8596
1342
5311
2265
2310
537
535
377
535
7435
9664
8069
8018
7793
6506
7835
6506
3631
7892
3630
7892
2391
2402
7157
2402
7073
4144
9519
4144
7723
5872
7705
5872
2841
6834
6907
6834
6835
6834
9273
8826
3381
3779
3780
3779
6811
9112
7114
9112
7354
3988
8198
8805
8198
8805
10384
7414
10383
7414
778
7414
2005
3861
3784
3861
7058
1246
1229
1246
7973
1246
8673
1246
8411
3584
3225
3229
3253
3229
2857
7684
2844
2842
2818
2842
7141
2842
6400
2842
5610
8530
8842
4189
2677
2679
2979
2980
3956
2980
2983
2980
2982
2980
7862
6166
7907
6166
877
8234
1905
6518
1940
6518
10110
8006
3501
7292
6701
7292
2394
2409
2413
2409
7187
7153
3138
7153
8088
7153
8227
10199
3974
10199
8810
10199
743
7359
1293
1313
1315
1313
8486
5128
6581
5128
3857
5952
2039
5952
2534
5096
2609
5096
3219
6914
1844
8419
4342
8535
894
10265
1027
10265
9586
10265
7899
4848
2635
4848
7151
8708
8747
8708
7149
8708
10013
6851
5622
2176
2095
2176
10285
8800
8190
8800
8578
6899
8593
6899
8583
6899
7784
6899
3832
6899
8548
6899
7849
6899
8569
6899
3173
6899
8604
6899
3614
6899
8616
6899
1874
6899
7791
6899
7829
6899
8626
6899
8625
6899
8620
6899
7821
6899
3086
6899
8553
6899
3305
6899
9445
6899
8589
6899
7814
6899
3461
6899
2472
6899
2670
6899
8598
6899
7824
6899
8630
6899
7779
6899
3850
6899
9462
6899
8617
6899
1790
6899
7837
6899
7850
6899
8545
6899
8560
6899
7775
6899
7735
6899
7757
6899
7740
6899
7745
6899
3636
6899
7820
6899
8550
6899
8555
6899
5890
6899
7777
6899
7737
6899
8562
6899
8609
6899
3682
6899
7732
6899
3048
6899
3366
6899
9084
6899
9435
6899
7746
6899
7826
6899
8566
6899
6692
6899
8546
6899
6718
6899
8552
6899
6951
2303
7977
2303
2934
2936
9974
2936
9762
10395
803
10395
7487
7471
9088
5491
3495
5491
3350
3304
3281
3304
7508
748
5214
939
3962
939
3680
939
9223
939
1720
8557
3113
3122
3136
3122
8317
8299
7494
8299
2745
2816
10229
8251
3469
1862
4356
1862
7970
1862
7015
8586
1213
1212
1193
1212
4164
4163
3825
4349
6933
4349
8196
10253
8196
10253
966
9981
9185
9146
2383
4401
5332
4401
650
514
2330
6971
770
3824
8918
3824
2117
3824
8027
994
8738
994
993
994
10340
994
2980
2985
3005
2985
10060
9562
261
453
558
453
424
453
5202
7393
5202
7393
7038
9950
9761
6844
9913
6844
360
634
304
634
8578
6269
8583
6269
7453
8289
9587
9180
1012
1020
6872
8362
1
4137
4134
3245
3239
3187
3239
164
163
9573
7161
5205
7161
8248
7161
1000
1004
994
1004
1771
8540
22
7403
3592
5527
8581
5527
2831
2832
10041
2832
8636
5565
9848
5565
7345
3973
35
2296
4391
1221
1236
1953
1966
2853
2912
9155
2912
9570
8698
7127
8698
9576
8698
4038
8698
9146
8698
8727
8698
645
326
8488
6889
8215
8790
8348
686
7838
4571
7835
4571
2093
3853
1569
1570
1497
1570
7446
657
8893
8244
6812
10284
10319
10284
4126
5501
4127
5501
8098
1285
1286
1285
3285
3294
3532
5449
4105
5449
8020
2293
5249
2293
2291
2293
9167
2293
6766
2152
4179
2152
2142
2152
8725
2152
677
7302
3961
7996
6800
5560
3814
5560
3209
9549
2594
8545
10040
4199
3629
8922
8926
8922
3610
8922
3545
4838
9990
4838
3714
5976
2051
5976
7988
9494
9528
9494
9519
9494
1574
4151
3669
5106
1019
1025
1010
1025
4031
1517
1497
1517
9804
929
8091
929
10161
929
8789
9185
5178
738
2393
8263
10321
8263
3567
2946
6767
2946
3717
2946
10247
2946
1068
1067
1057
1067
7804
9926
1853
9926
7793
9926
7783
9926
986
9926
6966
9926
7761
9926
1317
9926
4387
9926
7831
9926
7853
9926
1402
9926
8621
9926
1966
9926
1816
9926
7835
9926
3452
9926
1339
9926
3436
9926
1267
9926
1393
9926
6059
9926
1227
9926
7752
9926
1358
9926
1296
9926
7526
809
2251
2259
8291
9685
1269
1280
1283
1280
8504
4514
3511
4514
2738
7902
7892
6496
6974
6496
7192
2392
7282
2392
3397
2392
8122
2392
10097
9561
1958
5887
1517
1575
1577
1575
55
2040
6863
2532
4918
2552
4918
9621
8795
2108
4709
2073
4709
3772
5856
9071
5856
4167
9136
1839
9982
3008
7124
9168
7124
7161
7124
7148
7124
23
7124
3005
4008
3005
5322
1752
5321
1752
10035
1752
1717
1752
8826
9238
7267
9238
9643
9238
9433
6430
1401
6430
87
381
4397
6013
2376
6013
3834
5045
9956
5045
2714
6642
4942
6642
2858
4422
2038
4381
8889
10244
4372
7810
5241
1633
1625
1633
4042
1633
5240
1633
1550
8606
6995
9355
9881
9355
1607
9355
7224
9190
7380
8279
7380
8279
7120
2634
2355
7629
9120
7930
8693
7930
1263
1295
7074
3284
3664
3284
8257
3425
3512
3425
8229
3425
4043
4042
6669
3529
8030
2283
2193
2283
7580
3467
955
9014
7718
6761
3653
6761
7690
6761
9910
6761
8544
6761
4890
6761
7715
6761
3834
6761
2609
6761
3511
6761
3054
3061
5254
8688
10106
8688
2123
8688
5255
8688
8923
3734
695
696
9250
8780
1038
8780
9649
6879
839
9337
3036
8418
7330
7210
10230
7210
3454
7210
3523
7210
3521
7210
9243
7210
7794
9942
4152
9942
1254
9942
4104
9942
1903
9942
9989
9942
1218
9942
1303
9942
4144
9942
1722
9942
9414
9942
4114
9942
1235
9942
7147
6724
4161
8736
10015
8736
3020
3024
8490
5109
2585
5109
10303
7277
7529
9195
836
10374
7401
10374
9714
10374
8925
10374
3841
9350
6924
9350
624
589
226
589
2251
7815
4170
2023
1994
2023
7274
2428
5258
2428
8214
2428
4047
2428
2402
7986
8041
7986
4116
6435
5310
6435
8843
9645
3865
6519
4387
6519
9198
2041
9595
2041
3677
2041
9177
2041
8455
5040
7655
5040
7229
10075
3582
10075
10170
10075
10089
10075
9541
7957
10103
2699
8112
2699
2683
2699
4012
3000
996
4016
1003
4016
3421
2651
2665
2651
2395
2651
7191
2651
1327
3604
10180
7215
1792
7704
1899
5897
9472
5897
1137
1138
1128
1138
8807
8785
1691
9071
7928
7877
2379
7877
9536
7877
10384
10379
9330
10379
1831
3751
7768
9927
1049
9927
7769
9927
1273
9927
1196
9927
1298
9927
1467
9927
9087
9927
1058
9927
7748
9927
1941
9927
4360
9927
1084
9927
1069
9927
7781
9927
2220
9927
4340
9927
2106
9927
5320
9927
1172
9927
4125
9927
1099
9927
4140
9927
2630
9927
4117
9927
6802
9927
7584
9927
1809
9927
7760
9927
9942
9927
2575
9927
2367
9927
1139
9927
7767
9927
2357
9927
1118
9927
2340
9927
5885
9927
1987
9927
2301
9927
7782
9927
7755
9927
1399
9927
3868
9927
2078
9927
6405
9927
1967
9927
1161
9927
1124
9927
4128
9927
7795
9927
1850
9927
4129
9927
2566
9927
2308
9927
4892
6616
6073
6616
9739
3799
2979
4008
3956
4008
9168
4008
7161
4008
7748
6457
5320
6457
1261
1290
41
7378
2572
7935
2572
7935
67
9735
7336
3420
10325
3420
2375
2382
7630
6486
5340
6486
1434
8019
3862
10125
7221
10125
10199
10125
7210
10125
3230
6185
3262
6185
10087
6864
1591
7717
2662
6581
2496
2575
8351
8342
6867
8342
10297
9661
9673
9661
912
9661
2545
7123
5266
3392
2720
8560
10133
7141
9222
9585
672
9585
7201
9585
3247
3259
8410
8976
1874
8976
8626
8976
7777
8976
2352
3831
2941
5158
2839
5158
3643
5922
9947
5922
4140
5545
4144
5545
7714
4513
3446
4513
6862
7775
7005
7775
9482
7775
7350
7329
8262
7329
676
7329
2037
8081
7397
8887
10331
8887
268
479
1914
1946
8022
1946
4161
1946
10015
1946
4423
6136
7905
6136
2386
10282
6385
10282
10350
8264
8262
8856
2482
2517
4413
2517
4416
2517
8671
2517
9610
3911
10251
3911
10246
3911
7232
3911
9989
5795
7795
5795
1167
1169
1152
1169
10272
10226
3983
10226
3525
9649
129
128
6401
3152
8095
3152
8120
3152
8094
3152
8088
3152
8645
8527
7914
5540
4138
5540
8864
8221
6707
8221
10343
8221
9790
8221
8855
8221
3178
3293
2228
9492
1274
5398
1251
5398
5244
2294
10088
2294
9798
2294
4173
2294
9581
2294
4413
8565
4416
8565
8671
8565
9129
4319
7102
4319
7065
4319
9797
9269
2498
2570
8870
10250
2650
10018
1029
1047
1046
1047
3498
3854
7864
3854
7001
3854
7898
6180
3264
6180
2961
2966
2967
2966
8866
8243
3582
1912
10216
1912
3142
8449
995
1003
10366
7404
1599
8501
8430
9877
8432
9877
8232
3974
1738
1832
1740
1832
4419
6821
2147
2239
2539
6843
9961
5790
9957
5790
754
8316
9798
10168
1117
5297
1134
5297
3134
5698
4205
5698
388
341
3036
7678
2459
9984
1449
4133
2065
7770
4193
3578
229
230
3856
5027
3353
5027
3371
3382
1362
9438
476
306
379
597
176
597
542
597
7665
6662
2622
6662
7617
6662
7657
6662
7640
6662
3384
6662
8470
6662
7610
6662
3732
6662
9972
6662
5919
6662
8500
6662
3109
6662
6910
6662
8456
6662
7694
6662
7639
6662
2303
6662
7678
6662
3023
6662
7618
6662
4210
6662
1942
6662
8468
6662
8479
6662
7653
6662
8464
6662
8498
6662
7634
6662
8461
6662
6480
6662
2604
5065
2590
5065
51
769
950
978
6396
978
5215
978
2906
3603
4436
6195
3261
6195
8417
9890
8428
9890
1663
7703
2498
4869
9262
10242
9638
10242
10280
10242
7764
5736
7816
5736
146
3217
6591
5664
6591
3747
6350
7812
6350
60
9649
8175
1959
2000
9373
4062
7594
4062
9938
4650
7688
4650
1656
1651
1634
1651
538
632
246
632
7609
5001
3748
5001
9791
10227
2378
4758
9039
4758
1640
1699
9390
4949
3696
4949
10137
3041
9247
3041
9813
9545
9813
9545
2223
6741
1430
1428
973
1428
6404
3447
685
8897
758
10318
6386
10318
925
8091
3930
8091
9665
8091
3929
8091
8109
6723
3020
3023
8128
8117
2588
6071
9752
858
9465
5785
8557
5785
91
10405
8037
2024
10105
2024
3861
2024
2841
6355
2940
6355
10215
8170
8206
8170
3942
3733
7269
3733
3943
3733
8875
3733
9937
5606
7901
9944
7891
9944
6418
9944
3123
9944
4423
9944
6282
9944
4213
9944
4922
9944
3232
9944
5650
9944
7863
9944
5347
9944
4059
9944
3691
9944
8650
9944
7888
9944
2620
9944
6977
9944
3183
9944
5645
9944
4905
9944
6473
9944
6092
9944
2071
9944
8643
9944
3813
9944
7892
9944
2259
9944
4490
9944
2780
9944
4412
9944
7906
9944
6979
9944
7896
9944
6974
9944
5942
9944
3007
9944
5624
9944
5653
9944
2937
9944
3103
9944
7905
9944
6994
9944
7004
9944
2840
9944
8639
9944
7862
9944
1927
9944
7907
9944
7888
6190
8633
6190
10129
3652
9577
3652
8173
3652
7225
3652
7257
3652
8126
3652
6712
5060
2629
5060
2055
2061
8706
2061
68
9997
3283
7093
3283
3703
3283
1278
7552
2228
2284
4094
5388
4083
5388
1064
9013
3622
4476
3167
6238
4486
6238
7853
4637
3436
4637
1625
1634
1630
1634
7845
6337
7785
6337
6937
5780
5738
5780
3164
5688
4204
5688
1043
5287
1055
5287
3532
5418
4100
5418
2624
2633
9809
5256
2933
9876
3562
9876
40
4397
6014
2310
6014
3628
4655
8575
4655
7109
7052
8208
2005
2004
2005
10204
2005
9271
2005
3701
2752
7062
2752
7430
9769
1621
9769
4151
6460
1605
6460
3248
3455
7514
9268
3572
9268
3301
3310
3357
3310
3652
2776
2736
2776
1699
7076
2667
10166
2397
2664
1122
4217
1106
4217
1373
8611
1956
1995
9260
5272
7271
5272
8202
5272
9512
983
979
983
3431
1663
6410
1663
1661
1663
3430
1663
10296
10241
9633
10241
9636
10241
6703
7384
10358
7384
3224
8481
7748
5746
4340
5746
7101
6731
2016
10016
1684
1722
3014
3031
9059
7576
4972
6200
4436
6200
9142
3437
1407
3676
7269
3676
8160
3676
8165
3676
8721
7960
9575
7960
2709
7960
8117
7960
4
191
7670
4452
7664
4452
1374
3559
4319
4318
2165
10029
1729
5596
1675
5596
3112
7659
347
348
311
348
7
9325
6402
4275
9495
4275
9370
9367
10253
3764
8196
3764
8162
3764
7242
3764
3277
3278
3265
4991
5662
4991
2862
3743
1928
1990
1635
1689
1639
1689
3039
8766
6917
5373
6957
5373
10276
10228
3517
3721
10012
8674
5308
6427
4103
6427
7804
4647
1966
4647
5698
6248
3146
6248
200
455
549
455
8230
3450
6681
3450
10046
6465
3255
3315
3317
3315
7457
8907
9322
8907
9336
8907
7469
8907
9593
8101
9611
8101
868
8101
8761
8049
8771
8049
10117
8049
1637
8049
7202
8049
7171
8049
3030
3054
3053
3054
1447
6754
3105
5712
4210
5712
1167
1168
3959
1168
5264
2643
7216
2643
8425
6347
2730
6347
2591
9437
5197
9320
3586
1644
7146
1644
8049
1644
7184
1644
5463
4270
989
4270
2042
2053
2090
2053
2440
2458
8548
6601
7779
6601
4201
5673
6981
5673
8060
7965
2272
6549
8454
6549
6972
6205
7844
6205
10014
7927
3800
3593
8937
3593
8340
3593
763
3593
7011
2621
3373
3377
1884
7693
4165
4164
9607
4164
10127
4164
7517
8332
15
665
8307
10365
8903
10365
8920
10365
1982
1985
7403
9662
992
993
891
993
9170
993
1778
3823
9886
9878
2354
8491
9697
7394
1368
1371
8106
9965
9815
9965
4163
9965
1249
1266
7879
3841
6999
3841
4148
3841
4135
5535
4141
5535
54
1400
5419
1321
5419
4157
1816
7900
1816
7885
1816
7724
5800
7700
5800
2854
2862
2860
2862
9215
10167
5254
2122
4213
5708
7896
5708
1175
5307
1199
5307
9596
7131
6951
2304
8701
2304
2289
2304
866
10281
10328
10281
9285
10281
864
10281
2938
6146
2866
6146
2526
9953
1297
5408
1277
5408
7378
7339
333
420
653
420
3301
3303
3357
3303
1885
1936
9184
1050
738
1050
8365
1050
10208
1050
1743
10017
270
373
536
373
7099
3176
7083
3176
5277
3176
3768
3176
8503
5557
9033
5557
3516
5586
4151
5586
3795
4868
9408
4868
9501
9491
8603
5805
9070
5805
3917
1314
10264
1314
5194
1314
5193
1314
3918
1314
6786
5530
6969
5530
6852
6913
9978
6913
1026
1037
4035
1409
1522
1409
7355
8233
423
364
356
364
280
364
941
959
951
959
1973
1980
3707
6112
6819
6112
767
768
7743
4981
3222
4981
1864
5826
1878
5826
541
533
459
533
2689
7154
6
660
1567
1679
9018
1679
10299
8872
1698
1842
1837
1842
8314
7413
8331
7413
3638
7413
9456
2229
5619
2229
7762
2229
321
487
10307
3583
944
3583
10181
3583
2177
7683
9487
4121
9485
4121
8653
4121
803
8952
10190
9166
1047
1055
3129
9409
1485
4143
7237
3402
1628
3402
10323
6833
7381
6833
2168
9436
9736
9564
34
9616
1907
6879
1907
8175
1907
3811
1907
2000
8397
266
267
7760
5458
4114
5458
2435
2673
10093
5216
2843
3205
3207
3205
2178
5621
9727
6377
10393
6377
7503
6377
3883
6377
1400
4240
1392
4240
1602
1674
1125
8990
2570
6054
2468
6054
3001
6898
9150
9528
2650
2712
7960
2712
2373
8689
160
159
7069
5643
2634
5643
2484
5643
2510
5643
7036
7012
1755
1766
1750
1766
6462
4615
3476
4615
3299
3347
3154
4485
484
352
476
352
8366
804
4428
3248
9549
3248
3243
3248
4427
3248
618
497
480
497
7607
6315
4923
6315
3104
5343
2201
3773
4051
8130
2562
6278
4863
6278
8670
8644
8737
5321
1929
4677
5886
4677
3224
4436
203
503
613
503
2270
2320
2319
2320
2316
2320
3483
3482
399
525
3192
9053
10060
3612
3766
8298
10380
8298
2622
4904
7649
4904
55
7512
2288
3646
8448
4480
7633
4480
7955
8663
2464
9541
8561
7546
1800
7546
1462
1481
1530
1611
1552
1611
1868
4610
1760
4610
2676
4909
3606
4909
1002
8995
2222
8995
1016
8995
7443
10376
3610
10376
8506
4718
2338
4718
1093
1092
1080
1092
2333
6031
2285
6031
10223
8157
1396
4245
1379
4245
7534
818
2892
3200
8263
8186
7619
5364
7621
5364
7117
2596
6055
2596
7105
2596
7106
2596
2262
2268
8761
9814
10117
9814
1631
9814
3212
5664
8035
938
9825
938
936
938
8720
938
2331
2367
9753
729
362
614
293
614
10065
2746
3624
2746
10057
2746
6849
2746
2269
2325
9537
7046
8179
8135
1508
7796
8489
6310
4924
6310
1824
5776
4344
5776
5647
4829
2320
4829
10109
8722
139
8799
5242
4209
4208
3663
6888
3277
8980
4133
8980
1453
8980
1843
1872
8741
8679
9683
3934
6403
6402
8519
4306
3511
4306
3111
4495
7659
4495
9893
8409
1384
8387
3900
3538
9474
7730
7193
4173
2858
7638
1924
3705
6688
8356
9722
8356
9470
6961
1168
1204
1201
1204
2848
7605
1223
1222
1188
1222
7289
10264
10281
10264
10019
3492
2133
2166
2149
2166
3102
3112
3101
3112
2696
2826
4420
2826
8308
8288
7401
8288
1513
3814
1963
1952
1892
1952
9992
7105
2066
4702
2098
4702
2794
2805
7477
7461
2519
2530
2417
2530
10212
8842
9618
9229
9618
9229
2721
7600
2151
3808
9653
8816
1073
1082
7348
3999
10268
3999
9534
9122
9531
9122
8714
9122
1827
3700
232
550
10350
3951
4434
6176
3324
6176
2434
2557
9230
8028
7145
8028
7227
8028
3417
8028
13
8831
8196
9682
8196
10359
8196
7446
7369
2558
2586
2824
7735
3131
3146
8859
9653
8859
9653
1477
1491
1487
1491
3095
4490
142
7436
7424
1127
1129
1115
1129
2653
6303
8479
6303
1355
8985
4123
8985
8488
8985
3732
6528
3415
6528
8259
9665
2526
2535
4187
2419
2412
2419
7157
2419
4188
2419
8860
10200
7160
7786
7095
7786
3408
7100
3408
7100
180
181
1903
5862
7782
5862
1306
1341
2799
2800
3269
7757
2744
2708
7208
2708
8137
2708
3514
2708
9571
1323
3565
10372
768
10372
9316
10372
2711
5118
3788
5118
3543
10335
10356
10335
6740
4553
1797
4553
3907
3871
7466
3871
7473
3871
8938
8936
3871
8936
6813
8936
5179
8936
3330
9962
1550
6924
7189
9581
1620
9304
9317
9304
9701
9304
2762
2790
9814
7090
10057
2698
6849
2698
2683
2698
9338
8912
10026
4188
2314
2269
2183
2269
4181
2269
2264
2269
8965
9684
37
7453
2416
9550
9693
3944
3908
3944
10344
9294
1568
1565
1526
1565
9950
6873
8663
6873
6856
3548
9724
3548
9725
3548
1519
1527
9777
1527
1001
1015
2528
7740
2786
7648
2592
9413
7436
8206
1349
1354
457
639
208
639
2901
6953
9743
5570
1608
5570
8637
4524
1582
4524
7534
819
3990
3989
7665
7590
2622
7590
2779
7590
7617
7590
7657
7590
7640
7590
3105
7590
2237
7590
8470
7590
7610
7590
2914
7590
7615
7590
3732
7590
9972
7590
9977
7590
5919
7590
2554
7590
8500
7590
7646
7590
7612
7590
8462
7590
7652
7590
2804
7590
3092
7590
3010
7590
8456
7590
8497
7590
7694
7590
7639
7590
2303
7590
7678
7590
3023
7590
8481
7590
7638
7590
3415
7590
3291
7590
7649
7590
7618
7590
2653
7590
4210
7590
3345
7590
1942
7590
2108
7590
2073
7590
8468
7590
3150
7590
7613
7590
1896
7590
8479
7590
8444
7590
2322
7590
7653
7590
8464
7590
7614
7590
8498
7590
2211
7590
7634
7590
3019
7590
7651
7590
8461
7590
6480
7590
2356
7590
8368
3798
3179
3180
2229
5966
4383
5966
1441
9495
1721
3690
9424
4928
7635
4928
7329
8832
8485
6152
8484
6152
2107
4719
7770
4719
6078
2540
9999
7114
9999
7114
4925
6293
2531
6293
8197
9239
6772
1449
1435
1449
10351
8273
8900
8273
8896
8273
4491
4500
3099
4500
1490
1501
1067
1077
1076
1077
1974
1976
1909
1976
3247
7745
1009
1010
1018
1010
7163
1010
893
1010
9408
4884
2562
4884
1921
9949
10066
1560
1565
1560
1871
4561
3753
4561
310
311
1519
10285
9777
10285
3191
3502
429
635
1129
1139
3121
3136
9614
3136
10101
3136
9419
5517
9410
5517
2702
2795
2737
2795
148
147
781
784
7809
4692
2029
4692
1487
7095
932
1331
1324
1331
3063
4505
9732
6392
5189
6392
7713
4296
6714
4296
9042
6259
2342
6259
2857
2922
43
200
9129
9526
7102
9526
90
8372
2544
2545
2428
2545
317
336
652
336
8127
7171
2949
3185
2948
3185
1159
1194
9199
9582
8662
3695
7038
3695
8663
3695
1830
1856
174
175
5646
7595
1646
1887
1881
1887
10140
3963
9452
5575
7836
5575
848
8946
1735
9961
3797
9284
1288
4230
1304
4230
2176
7825
1979
2013
2016
2013
2732
9061
1431
6714
2699
7867
2976
3014
2975
3014
9991
5119
2659
5119
7881
5752
1722
5752
7989
7080
3329
3337
7097
2780
8710
2780
8704
2780
7021
4198
4027
4026
2687
2688
3456
2688
9347
9734
2399
2418
3804
2418
5180
7368
1991
7368
61
253
3792
6509
1756
6509
2262
5633
1653
10124
965
7806
2121
5333
9984
6283
2600
6283
4021
8140
3538
8140
7515
8140
9244
8140
8848
7267
1021
9005
1036
9005
7252
7225
3227
3238
3356
3355
2957
3355
2511
3410
9156
8009
2605
2606
3245
10074
3258
10074
9747
9644
2442
3788
9901
7580
3199
7580
2788
7580
2908
7580
6090
7580
3383
7580
3353
7580
2938
7580
5634
7580
3744
7580
2654
7580
4432
7580
5318
7580
3261
7580
4363
7580
9922
7580
1585
7580
8658
8634
9448
4446
2586
6626
6083
6626
9256
1102
9647
1102
10361
3979
7279
3680
8189
3680
928
3680
9148
3190
3187
3190
2187
4412
2318
6023
2277
6023
35
259
9547
10033
1747
4358
9695
10343
9304
10343
9980
3477
1920
3636
3546
4682
5886
4682
7147
7085
1631
7085
8053
7085
1173
7536
9548
9542
3040
3071
3077
3071
7520
794
2777
2785
2704
2785
1449
6771
2529
4894
838
8308
834
8308
8582
6041
7736
6041
2424
7820
1299
4235
8423
4235
2318
3685
6469
3685
2743
3685
2593
3685
4433
3685
3217
3685
2676
3685
4488
3685
3708
3685
7630
3685
3606
3685
3080
3685
8457
3685
6736
3685
2277
3685
2581
3685
7677
3685
4424
3685
4207
3685
3787
3685
6481
3685
6740
3685
4936
3685
3585
3685
3546
3685
1858
3685
5630
3685
5340
3685
6037
3685
1901
3685
1759
3685
1929
3685
3266
3685
3568
3685
3325
3685
6417
3685
5344
3685
3603
3685
9409
3685
5621
3685
3347
3685
4485
3685
5664
3685
3808
3685
4505
3685
1797
3685
5641
3685
2726
3685
2614
3685
6733
3685
8493
3685
3672
3685
3335
3685
2792
3685
4410
3685
5658
3685
3202
3685
2875
3685
5886
3685
2336
3685
3759
3685
3342
3685
6466
3685
6655
3685
3627
3685
3665
3685
6959
3195
1156
1184
1171
1184
2617
7585
2661
7036
1179
9024
479
489
525
489
10129
2736
9577
2736
8126
2736
2668
2736
683
9773
7340
9773
7417
9773
7419
9773
9744
739
938
948
8029
948
1693
1897
1030
8407
1022
8407
3355
3350
2956
3350
2014
3415
3741
4286
7807
4286
3896
6382
7390
6382
8293
6382
7341
10245
7341
10245
2188
4839
3800
5232
6713
5232
3620
7220
6941
8428
3085
6908
3139
8651
921
9000
6673
4257
3604
4257
8178
8145
9552
8699
8727
8699
9347
9527
1773
1797
2158
2504
2507
2504
9739
839
1220
1232
8500
6291
8497
6291
9690
8271
10330
8271
9691
8271
7416
10331
10195
2836
2643
2836
7174
2836
1886
8577
9469
8577
1824
4544
1863
4544
1489
1503
10010
6999
3091
3108
750
5184
1482
6808
1420
6808
2080
6808
9976
6808
2333
6808
1608
6808
1582
6808
6969
6808
2213
6808
10000
6808
4174
6951
9499
6700
9731
8366
6469
4739
5621
4739
2418
2520
8071
2520
9671
10255
2800
4948
2815
4948
1573
9979
10231
9219
8106
4369
4163
4369
6663
10342
10370
10342
10311
6871
10373
6871
892
894
9274
894
9283
3924
9661
3924
2846
2885
3486
2885
7174
2885
5265
2885
9570
9552
10217
2156
3737
2156
9236
2156
2135
2156
909
10263
6779
10263
964
8515
1758
4589
1872
4589
2137
2187
4183
2187
8339
3528
9337
3528
841
3528
4146
1547
1541
1547
3407
1547
5315
7720
2824
7628
38
7451
3698
2916
2876
2916
1262
4100
7918
1962
4370
1962
5324
1962
9104
1962
4371
1962
857
7499
8352
682
9050
4794
2219
4794
799
9708
8609
6538
7826
6538
2978
7173
2865
2942
2488
2525
9758
2429
5648
2429
8267
10201
8278
10201
2501
2567
1213
3961
5190
3961
5191
3961
8068
3961
2535
5102
6768
5102
7406
6705
692
6705
7459
6705
10218
8214
8743
1333
9174
1333
1322
1333
28
3888
9417
5972
3728
5972
7443
8926
9470
6934
5333
9580
2143
7992
247
248
3951
7306
7343
7306
8266
9654
10271
9654
285
556
480
291
10368
6814
9688
6814
1369
7767
2090
9132
7763
5852
7822
5852
1306
4105
9169
8038
1681
7725
3207
3209
3206
3209
2389
2396
2398
2396
7636
6492
8463
6492
1984
7906
1441
8510
2835
2880
382
461
462
461
1560
9079
7462
7434
6764
7434
801
7434
9715
7434
8603
4563
8597
4563
902
1119
8149
1119
1136
1119
7212
1119
7253
7245
5195
5194
7939
8602
3138
8120
4258
5468
4113
5468
2937
6646
2840
6646
2865
4426
8047
5331
1688
1787
2353
2330
2281
2330
2560
6281
2623
6281
5608
1756
9987
1756
8878
10346
10368
10346
7408
10346
3774
6064
7792
6064
8682
9939
3477
9939
7976
9939
2728
5139
9047
5139
7235
7208
7903
5631
2224
4784
2244
4784
691
692
2721
7845
3371
5010
1977
2011
2009
2011
2887
2895
10070
2895
8369
884
1839
4579
1744
9063
8226
4046
2191
2197
2160
2197
3
3898
3924
928
718
719
9532
4012
7112
4012
8707
4012
3878
4012
952
8653
1638
7982
520
578
515
578
199
578
2300
2335
6071
5077
2489
5077
1690
9044
2232
2258
3706
2258
8740
2258
8794
8125
6971
6007
7787
6007
3016
5354
3012
5354
9411
4819
7643
4819
10061
8732
7274
7240
9932
9895
4132
9895
6474
9895
8526
9895
2372
9895
8799
8167
3674
8448
8586
8448
4487
8448
9201
1478
9594
1478
9561
1478
8078
1478
8802
1478
9211
1478
3099
6482
3117
6482
7176
9540
762
2386
10360
2386
3353
5015
6476
5015
6061
6612
2570
6612
659
9089
9506
9089
7798
6043
2563
6043
2888
2890
2855
2890
2254
2357
7071
5654
1715
9813
2019
2074
8620
6021
7814
6021
2745
7840
543
509
407
509
3074
3073
3058
3073
4474
6773
3265
6773
3087
6773
1808
6773
4489
6773
6072
6773
5612
6773
9857
6773
2032
6773
3143
6773
1988
6773
6836
6773
3306
6773
3698
6773
2636
6773
2771
6773
5662
6773
4431
6773
5873
6773
5697
6773
3348
6773
3613
6773
5342
6773
2368
6773
3237
6773
2561
6773
3333
6773
1859
6773
3777
6773
3118
6773
6825
6773
2919
6773
1868
6773
3290
6773
3810
6773
2729
6773
1785
6773
2491
6773
3763
6773
3284
6773
2382
6773
2752
6773
5343
6773
2325
6773
3108
6773
2880
6773
5614
6773
6831
6773
2876
6773
4778
6773
2797
6773
1895
6773
2214
6773
2658
6773
3336
6773
2542
6773
3223
6773
2104
6773
2253
6773
1737
6773
6809
6773
5649
6773
1760
6773
2810
6773
6829
6773
1796
6773
2881
2900
2886
2900
8501
5762
1732
5762
6724
5323
1091
1118
8687
9099
9118
9099
9115
9099
7
241
3590
7857
3589
7857
8556
9051
8203
7235
10214
7235
8829
7235
1048
7886
3997
3228
10171
3228
7244
3228
5270
3228
7276
3228
8672
7915
8655
7915
8864
10123
10156
10123
9790
10123
10223
10123
8855
10123
858
7358
3660
7358
129
3137
9733
2065
2340
3085
5341
8929
10373
1621
10373
809
10373
1327
8624
3651
6636
6785
6636
3178
6477
3328
3771
1197
4085
1178
4085
7310
7286
9773
7286
1139
4220
1124
4220
1803
7835
9383
9370
886
9370
2522
5641
3812
7257
8036
8716
8302
3908
174
532
542
532
2741
5129
2673
5129
2445
2671
7958
3327
3499
3327
7998
3327
8024
3327
2601
5082
4893
5082
884
6685
3657
6685
555
517
7483
10387
734
10387
8701
7977
8701
7977
10091
4036
10091
4036
9273
9643
1492
10073
1506
10073
8482
5997
4391
5997
2257
5623
10143
6415
10143
6415
3346
3365
15
1209
4080
1237
4080
8764
2345
8734
2345
7130
2345
9560
2345
8715
2345
2705
9034
2692
7026
852
7479
849
7479
9751
702
7209
7198
409
372
7498
9706
2715
2726
4369
4368
8708
10034
3247
7609
2512
7910
3780
3509
2664
8742
2168
2207
9237
5222
2946
7230
2823
8438
9107
3714
9122
3714
4374
3714
818
9317
2886
2905
2882
2905
1626
6410
10188
9218
4192
8592
5657
8592
6991
8592
7823
6033
8631
6033
3315
3360
7350
9774
7302
9774
9666
9774
3087
3088
3006
6979
6815
3626
675
3626
9652
3626
8889
6788
3583
6788
7406
5204
8912
5204
111
7526
2166
6680
1754
1772
1752
1772
2450
2614
7771
4267
1419
4267
1464
1483
2559
8661
2087
7830
1559
1613
3449
4225
9062
4225
7625
4225
1182
4225
9403
4225
2215
4225
3577
4225
7702
4225
7719
4225
3459
4225
7647
4225
7707
4225
6060
4225
2553
4225
3532
4225
2523
4225
3825
4225
9426
4225
9938
4225
7669
4225
5644
4225
7717
4225
4869
4225
4318
4225
2535
4225
9061
4225
5633
4225
9406
4225
9386
4225
2602
4225
6789
4225
7607
4225
9411
4225
6933
4225
9417
4225
6768
4225
3728
4225
6918
4225
7688
4225
7643
4225
4923
4225
6884
4225
2462
2484
2822
9375
69
7234
2846
2829
2846
7486
7463
7405
9683
913
9683
7874
4534
6759
4534
826
829
1239
4095
10292
1242
9775
1242
908
1242
9213
1242
7754
9414
2723
4938
8228
8822
7847
4729
3844
4729
7723
5876
7693
5876
9132
9116
9189
9559
1544
1555
1546
1555
8067
2406
10069
2406
1502
6502
4315
6502
3075
7896
3724
5092
6079
5092
1806
6695
2075
5956
2050
5956
10068
4171
2364
4818
8615
4818
7863
5987
6473
5987
473
569
638
569
190
569
4153
6963
3372
9551
1360
1364
10100
1364
1351
1364
7323
7296
8728
8002
5222
1459
1433
1459
7138
1459
8031
1459
8763
1537
1409
1537
7497
909
720
909
907
909
8963
718
6826
6162
3333
6162
1282
1321
8334
677
8530
4599
9956
4599
1808
4551
1868
4551
7961
1550
7945
1550
7950
1550
1542
1550
9813
3873
7889
6548
2327
6548
8438
2932
10261
10202
6833
10202
9792
10202
2438
2439
7168
2439
7292
904
1177
4090
1195
4090
7236
2172
6473
4804
2259
4804
3702
9707
9712
9707
9336
9707
7263
7188
3888
7489
8628
5469
9430
5469
942
1343
1335
1343
1658
9960
4338
6944
9181
8048
9190
8048
1331
4114
1492
1493
1466
1493
7655
6249
7658
6249
2188
2494
1791
1807
1804
1807
2658
6301
2542
6301
1643
9142
7471
7444
8937
7444
7458
7444
2154
8582
289
498
521
498
618
498
455
206
1202
1216
10382
3953
7434
3953
329
330
3096
3126
8654
6798
8459
3098
1551
6989
1748
1866
3977
6690
6691
6690
3978
6690
2811
2812
9978
2812
6690
6652
274
275
2495
5055
2207
5055
2119
9809
1955
5614
164
2315
2317
9067
5484
6672
5484
8511
9836
1739
1742
1678
1742
223
547
428
547
548
547
430
547
429
547
1428
1438
3678
9207
2757
6733
3022
3033
6733
6360
2792
6360
3719
6088
235
236
458
300
142
141
786
9345
10407
9345
776
9345
768
9345
784
9345
771
9345
779
9345
774
9345
2010
2034
462
528
3119
5037
6904
5037
5622
2375
5941
2375
8689
2375
2094
2375
2010
8613
2791
4959
2769
4959
2334
4768
8491
4768
946
981
978
981
5907
5905
2177
8483
1696
1661
9814
1661
2032
4660
5614
4660
7211
4052
867
868
3540
9891
6730
9891
9909
9891
10108
8772
1646
10006
3045
5726
3034
5726
1604
1592
1589
1592
5315
5314
210
211
2200
2218
8256
1624
7308
1624
10155
1624
8560
6327
8555
6327
8457
6603
3759
6603
8494
5671
7664
5671
10395
9340
2779
9943
3105
9943
2237
9943
2914
9943
7615
9943
9977
9943
2554
9943
7581
9943
7646
9943
7612
9943
8462
9943
7652
9943
2804
9943
3092
9943
8497
9943
5663
9943
8481
9943
7638
9943
3415
9943
3291
9943
7649
9943
2653
9943
3345
9943
2108
9943
2073
9943
3150
9943
7613
9943
1896
9943
8444
9943
2322
9943
7614
9943
2211
9943
3019
9943
7651
9943
2356
9943
3419
2997
9068
2997
6748
3591
7028
2623
2621
2623
3410
2623
4940
6365
8443
6365
7739
7691
7778
7691
1366
7691
6946
7691
3747
7691
8579
7691
8574
7691
8588
7691
6967
7691
7763
7691
7789
7691
3668
7691
3539
7691
7815
7691
7770
7691
8611
7691
6953
7691
3741
7691
9073
7691
8623
7691
7772
7691
6959
7691
4119
7691
7852
7691
8587
7691
3709
7691
7780
7691
7785
7691
3608
7691
5600
7691
7832
7691
8605
7691
7766
7691
3139
7947
10197
1408
8168
2641
2640
2641
10295
2641
9626
2641
2089
2099
1383
7562
2007
2051
7879
3662
6999
3662
4148
3662
6003
5050
2207
5050
3391
5266
3992
5266
7277
5266
6659
3723
3828
3723
5256
8103
810
10402
3885
10402
807
10402
816
10402
826
10402
800
10402
795
10402
793
10402
803
10402
819
10402
8366
10402
791
10402
9730
10402
821
10402
813
10402
798
10402
831
10402
5211
1307
1285
1307
2685
2762
2760
2762
3787
5900
1901
5900
1968
4665
1990
4665
3404
7062
3404
7062
3394
1716
10187
1716
8157
1716
8197
1716
8815
1716
10224
1716
425
368
434
368
967
3741
3360
4993
8431
4993
2454
9478
2063
2370
8558
6447
3412
6447
1969
4627
9952
4627
3164
6228
3794
6228
1142
5371
1166
5371
7335
7319
6717
7319
3423
7319
9792
7319
8269
7319
10097
8078
7684
6126
3791
6126
8272
6854
10339
6854
812
9718
8942
9718
811
9718
8440
6098
8475
6098
9252
9172
8518
5812
8512
5812
24
3866
5168
3767
5168
3506
7474
3193
3249
3449
5494
9386
5494
1300
9837
1266
9837
8438
9837
2163
8550
2953
3301
8758
3301
2781
3843
10050
10007
8012
10007
2872
10007
7154
10007
10337
8866
8877
8866
9300
8254
9682
8254
8853
10205
7445
10205
3517
2469
7920
2469
6034
2469
1566
1582
717
9660
912
9660
7488
9660
2464
7133
9479
6578
6274
6578
8187
8807
7200
2142
3496
2142
9446
4404
7790
4404
3044
6974
1601
3821
960
991
5216
991
6395
991
5215
991
2072
5932
2030
5932
1335
1373
1375
1373
2529
8493
7738
5439
8614
5439
397
604
626
604
172
604
626
502
173
502
2716
8555
8833
10259
9072
9406
1473
4141
9850
1822
9954
1822
7930
6831
8939
2116
3152
3162
3156
3162
2947
2956
2957
2956
6380
7411
8325
7411
1603
3864
2509
3581
3536
3581
10282
3581
3979
3581
10248
3581
5206
2987
6393
2987
6392
2987
10004
2987
955
4123
3178
7681
1827
8537
2849
2876
8874
8231
8868
8231
1245
1272
9036
4983
9043
4983
533
353
3093
8459
3785
4329
6924
4329
6461
5846
4579
5846
7507
10251
9637
10251
4020
10251
733
10251
3752
9983
2057
6911
8838
10280
7292
10280
7603
6209
8494
6209
2823
9476
5894
5880
9402
5880
9136
1926
9980
1926
170
3542
4154
1524
4154
409
624
430
624
4001
8083
5266
2852
1284
1287
1270
1287
906
3913
10241
3913
9219
3913
9775
3913
1226
1256
6952
2079
8696
2079
1041
1060
1052
1060
5182
8322
3008
2972
7148
2972
10094
2972
2970
2972
3845
7143
3861
7143
9364
3833
2639
3833
1312
1388
1348
1388
139
138
1681
9954
1507
1510
1494
1510
9480
4511
956
9396
5943
5942
294
426
354
426
6757
5525
7721
5525
10020
5429
1371
5429
9742
5567
10005
5567
5660
6583
4425
6583
2134
2132
7155
2132
9580
2132
8051
2132
7129
7121
6842
6841
8924
10358
758
10358
77
158
10099
9555
2200
2219
2050
5916
1995
5916
1413
4131
2746
10008
9440
4858
9434
4858
5339
7164
995
1001
1000
1001
3891
758
1505
8503
6711
5885
8652
949
938
949
1569
1577
1499
1577
6975
6823
5263
8797
9259
8797
9258
8797
4395
4394
840
9717
3585
6108
5658
6108
168
8962
6465
9490
867
869
1558
8547
1853
4574
7838
4574
8538
5520
8525
5520
251
252
5200
9679
8895
9679
7407
8241
1495
1515
1511
1515
9275
1027
1007
1027
2981
9563
959
9838
987
5504
9981
5504
8863
8223
3177
3291
6729
9187
10021
4339
10372
10361
7388
10361
1053
1065
10275
10252
7793
5836
7761
5836
2054
9156
2334
4769
8483
4769
2908
4978
2866
4978
2096
8093
1829
6721
1685
1732
9194
3021
9601
3021
672
3021
1262
1297
6772
1448
1435
1448
2005
3427
10202
9258
7778
6450
3749
6450
4418
3465
2483
6073
8487
5003
3249
5003
9805
1653
10196
1653
10210
1653
1654
1653
7441
9335
9711
9335
2015
2044
2751
9477
3404
9477
7019
9477
7044
7870
9994
7870
3052
3043
3038
3043
971
6743
1957
5890
30
2444
2654
277
281
640
281
5651
7649
2992
3007
7078
3601
1767
7701
2690
3549
10037
7950
4474
4462
3290
4462
3813
6593
8649
6593
8641
9074
7873
5047
5942
5047
1735
3754
7129
2089
2068
2089
5904
9357
9938
9357
2715
8478
9458
9892
7297
7270
1395
1398
9021
1398
8646
9386
9485
9386
694
10240
10294
10240
2121
8756
2790
5169
3819
5169
10215
7217
8812
7217
7260
7217
9455
5895
9449
5895
6747
8787
8353
9330
3886
9330
780
9330
2328
7875
7929
7875
3235
7875
9974
7875
2811
7875
3321
7875
3802
7875
2287
7875
9991
7875
2784
7875
2627
7875
3061
7875
3031
7875
3377
7875
5341
7875
6477
7875
3126
7875
2582
7875
3147
7875
4425
7875
2380
7875
9967
7875
3196
7875
3279
7875
2332
7875
2093
4384
637
539
7176
8059
4190
10069
5334
10069
5262
10069
8795
10069
10166
10069
8145
10069
1539
1602
1541
1602
944
9639
4152
6455
5320
6455
3445
3460
7061
7937
7953
7937
7076
7937
1118
4076
1124
4076
2630
2631
2056
2063
2055
2063
8235
7275
8837
7275
10101
9197
3286
3281
2950
3281
1147
1158
8702
1158
9803
1158
1092
9011
2899
7817
8944
6764
8342
6764
8945
6764
3053
3064
8124
3731
7250
3731
2691
3731
789
9716
7733
6437
8567
6437
9705
6676
6677
6676
8590
6559
8600
6559
8809
10119
8803
10119
1644
7955
822
9729
824
9729
2187
2468
880
7318
891
7318
1844
7777
8285
8885
1687
8885
4125
5503
4128
5503
3479
8224
8858
8224
1071
5290
1082
5290
10059
2291
1853
5797
1816
5797
7959
2515
2486
2515
7957
2515
10032
2515
10290
9663
9591
9579
9600
9579
3713
5138
8587
5138
6947
4573
3700
4573
9670
10308
3593
3851
7421
3851
8931
8916
805
8916
808
8916
9346
3899
3259
6187
3231
6187
7361
7349
10329
7349
8090
7163
8107
7163
9587
7163
1508
8504
7531
7401
1039
1040
896
1040
7150
1040
1050
1040
62
172
1691
7715
3198
6156
4976
6156
2465
2577
10047
2577
9807
3971
855
10391
5197
10391
3656
10391
3945
8836
8890
8836
1928
9952
2789
6824
6956
6824
2808
6824
2538
6824
2548
6824
7838
6824
2741
6824
5632
6824
3865
6824
7741
6824
7798
6824
3453
6824
7764
6824
7841
6824
2563
6824
7744
6824
2067
6824
7847
6824
3774
6824
6971
6824
2673
6824
7806
6824
2335
6824
1256
6824
6823
6824
8547
6824
7792
6824
1726
6824
2607
6824
7816
6824
4864
6824
2247
4393
1093
1109
1111
1109
3672
5962
6466
5962
8698
9108
8835
8202
2912
3219
3221
3219
1803
8520
9679
9655
4139
5547
2966
3132
3130
3132
5616
4696
2070
4696
7121
6861
6704
6584
6953
6584
2513
2510
2140
2510
10162
9209
8066
9980
1114
5295
1133
5295
7185
7144
845
3506
6985
3834
8634
3834
7937
3834
1974
1972
1893
1972
7064
3079
7101
3079
7072
3079
10040
6988
8898
8880
2386
8880
7497
6779
732
6779
3558
6779
9659
6779
119
10167
8084
1891
8429
1425
8525
610
441
312
441
8359
8942
3670
8261
1834
1852
3915
3914
3915
3914
1342
8567
9481
2926
2925
2926
700
7488
7221
7189
10199
7189
9224
7189
1779
8376
25
8510
4292
1468
4292
10086
6396
10158
6396
1953
7710
1035
1045
9677
10254
10283
10254
6034
3518
1794
4359
1572
4153
2865
7618
53
1457
1468
2153
7802
884
918
3416
918
706
709
1443
3445
1184
4022
7893
4809
2259
4809
8916
8895
10367
8895
10192
2064
2052
2064
9191
2064
405
406
394
406
7702
5756
4353
5756
2193
2281
2280
2281
7190
8115
9412
5280
7611
5280
6075
6763
2540
6763
3692
6330
2806
6330
7142
3063
3053
3063
9391
5787
4354
5787
8813
1631
10193
1631
7177
1631
7179
1631
8817
1631
9625
1631
4894
6622
8499
6622
3379
5025
3385
5025
1092
1106
7662
4442
7674
4442
1904
4630
1936
4630
9424
4929
2647
4929
5621
4738
2336
4738
2607
5067
6059
5067
9550
9539
2588
2602
3222
6197
3231
6197
409
622
632
622
2260
6011
3413
6011
833
838
7501
838
3752
4383
8874
8177
3434
9894
3435
9894
1806
3753
2803
6335
7744
6335
10076
8110
1031
5285
6929
5285
8306
8890
9769
8890
964
6789
3589
6998
3082
3089
7563
3440
6722
3440
2154
3632
135
7532
1279
8039
1314
8039
3575
4686
2044
4686
8661
4416
3345
6594
8498
6594
9523
9073
7027
9073
1978
2007
2006
2007
3576
4657
3803
4657
6982
6258
9472
6258
9200
7179
3683
6357
2938
6357
7298
1654
8221
1654
3265
5004
3237
5004
3892
7498
75
165
3577
2043
9892
2043
3043
3044
3029
3044
7883
9940
6985
9940
8634
9940
970
6744
33
6703
6386
3453
4282
6714
4282
2446
2653
5237
5236
6672
5478
8624
5478
9207
8094
9466
4608
7797
4608
2519
2448
2413
2448
2738
2732
2669
2732
3335
5020
3342
5020
9504
6074
3816
4635
1897
4635
6732
7032
4170
2021
1994
2021
7625
6539
6884
6539
3318
3370
2991
7619
7992
7920
9615
9775
9636
9775
707
9775
3685
3435
982
3519
3267
4994
3321
4994
54
7508
1764
1762
1710
1762
3502
7016
7960
2716
2649
2716
2454
3724
9695
10344
9304
10344
6086
6340
2780
6340
4413
8671
4413
8671
8373
9327
8510
4277
1438
4277
6807
9365
9369
9365
5248
8104
5213
5212
3448
4598
1758
4598
10278
10243
8274
10243
682
10243
10113
3051
3955
3051
7231
3051
3041
3051
6770
3616
7312
3616
7311
3616
6752
6751
6765
6751
710
7516
3505
7008
3505
7008
3093
3099
2155
3457
8654
6799
7442
8900
8903
8900
8316
8900
8733
10035
7246
9228
8625
6420
7890
4640
2014
4378
8798
1641
7251
1641
10210
1641
7262
1641
10267
1641
3327
4432
2115
4748
2372
4748
10157
3486
2754
4939
3019
4215
8222
1623
10155
1623
8850
1623
3732
6604
5919
6604
9107
1997
8669
1997
8958
848
372
448
622
448
234
448
2615
2624
2510
2624
673
8182
4107
9360
4102
9360
8661
2592
8671
2592
2546
2592
2912
3218
3221
3218
4025
5313
10011
5313
1104
1128
1119
1128
3651
6345
2727
6345
1087
1096
631
355
401
355
949
9088
2665
2661
2397
2661
1370
8614
7111
7967
9127
7967
9525
7925
3375
6207
3362
6207
7979
3642
7090
3430
1533
7542
3368
3375
756
7381
2387
7381
3192
8484
8743
8029
9163
8029
9572
8029
8059
8029
9567
8029
9303
6734
6814
6734
7328
10306
7313
10306
10063
8726
3022
3034
1728
5772
1674
5772
8231
5246
867
3879
730
3879
855
3879
727
3879
710
3879
845
3879
840
3879
725
3879
884
3879
718
3879
848
3879
5178
3879
843
3879
3561
3879
873
3879
9346
3879
697
3879
5179
3879
879
3879
734
3879
3901
3879
721
3879
222
522
630
522
298
602
620
602
470
602
3057
4210
2013
2033
2203
7792
8773
2438
8751
2438
4186
2438
8809
2438
8074
2438
4365
7042
4366
7042
7619
6425
7606
6425
7695
4645
1968
4645
3539
6529
8613
6529
1955
5613
2662
2742
3852
6467
9553
6467
8923
8905
835
8905
3257
3317
3356
3317
8563
5483
9067
5483
3479
3761
9280
3761
10240
3761
7344
3761
46
8352
1293
1311
8039
1311
6
3776
4588
1849
4588
1502
4302
1483
4302
3461
5148
8555
5148
1458
6406
1684
9959
9032
5555
4142
5555
7241
7199
3216
4984
9043
4984
8111
7151
1749
1876
8426
1876
8325
10283
272
273
7315
8846
10203
8846
1437
9951
6746
9951
4134
9951
4143
9951
1082
9951
1194
9951
5313
9951
1556
9951
1576
9951
4
667
2500
3863
1923
1987
1024
1030
8685
4124
2109
4706
2071
4706
9534
1956
4375
1956
8714
1956
9827
1956
2963
3116
3113
3116
2146
2162
2132
2162
6790
5537
4143
5537
2697
2822
4420
2822
4110
5459
4111
5459
8784
3496
2125
3496
382
320
1182
5305
4022
5305
1211
1226
1228
1226
2603
9493
8096
4161
263
264
5332
4403
3831
4403
1510
6973
3120
3142
3140
3142
3459
5550
4318
5550
684
7391
688
7391
8310
7391
3368
8494
1335
1374
1375
1374
8093
9560
8206
8192
1051
1057
1040
1057
2063
3844
9789
8253
5646
2582
1451
1469
1061
1086
9013
1086
7424
8812
7598
6172
7602
6172
940
9098
662
7134
10053
9126
3612
9126
2064
9126
4168
9126
9097
2301
1145
5300
1180
5300
620
494
296
494
517
494
846
7473
2225
2249
2233
2249
10341
10310
3792
5807
6694
5807
2833
8439
4122
5493
4121
5493
7456
8932
2216
4828
7756
4828
1034
1035
1026
1035
3695
5866
9960
5866
5646
9415
10324
10307
8908
10307
29
3889
8027
919
10386
919
7113
919
993
919
9753
728
7450
6853
8939
6853
27
560
1660
7782
7738
5438
1391
5438
7135
5276
2450
2613
3654
5742
7832
5742
1476
1484
1610
1614
422
452
243
452
643
452
9061
6317
4923
6317
9134
2483
7110
2483
8002
2483
2461
2483
3630
7072
3775
4675
1990
4675
9109
6034
2766
2772
7129
2088
2083
2088
436
367
399
367
6805
5203
4061
5361
2990
5361
7928
2360
2379
2360
7049
2360
9536
2360
1309
1379
7866
5661
1238
8395
9514
1905
7940
1905
9142
1905
406
484
8169
3207
10092
3207
2724
3713
4977
6375
3200
6375
3254
8150
8496
4456
7662
4456
1485
9033
7878
5592
6407
5592
8495
6218
7663
6218
7694
4617
1942
4617
8651
4487
7034
3345
9502
3345
3694
3345
7002
7572
4346
1726
1622
9606
655
561
329
561
2018
3672
2255
2365
3831
2365
10114
9543
2167
4778
7608
4969
8441
4969
7
9442
4670
3524
4670
7985
10032
2198
5624
7165
9810
7182
9810
3666
9810
2950
9810
3785
4348
8509
4348
1600
1671
2266
2327
8161
8137
7802
6051
7852
6051
225
226
876
878
2816
6099
7785
6099
629
518
531
518
1205
8762
745
9772
8879
9772
10352
9772
748
749
941
958
951
958
800
801
2954
3340
3313
3340
2025
8623
2789
8997
1256
8997
1227
8997
5326
5324
9505
8641
3441
8641
8675
8641
3870
6370
2870
6370
2097
2228
2174
2228
8507
4247
1354
4247
7390
8155
5642
4849
8465
4849
1898
1900
1981
8390
3106
5716
3079
5716
6035
4901
2638
4901
785
7443
2848
2866
1811
1812
8181
2126
9675
2126
10293
2126
10262
2126
8827
2126
7280
2126
2089
2098
6765
10098
765
3954
761
3954
763
3954
1264
1262
1247
1262
7298
10260
269
605
623
605
525
605
1312
1389
1348
1389
3015
8469
3960
3558
3533
3558
1446
7750
6393
7107
2983
7107
6392
7107
2982
7107
1466
1494
1480
1494
4206
7658
9548
7658
1330
4113
2706
2807
4012
9412
2492
2493
3890
7421
839
8336
8657
4803
7692
5582
8503
5582
8888
10158
7400
10158
10181
10158
9266
9607
10051
1344
4023
1344
942
1344
3111
4497
7636
4497
9471
6943
7818
3172
1428
1439
1183
8385
5618
3874
1918
1932
1948
1932
7009
6921
4424
6142
3202
6142
2748
3707
10348
9301
2423
2550
2447
7607
900
903
733
903
10207
9249
2753
6116
8442
6116
10285
8876
9302
3931
9299
3931
2527
2537
4357
5822
4364
5822
2460
2459
2440
2459
8278
10204
5203
7309
947
7755
7675
6568
9415
6568
3990
9651
20
7053
6964
1187
1201
3959
1201
9507
1363
1351
1363
5235
1363
1359
1363
1147
1149
1132
1149
8082
3406
720
9659
3912
8068
2431
2555
522
577
474
577
1412
9162
1873
8380
2893
7737
3525
3811
3967
3811
3970
3811
3395
3811
5177
8956
3864
4533
9959
4533
7478
7464
7529
5178
8372
9583
9570
1846
1753
1846
7127
1846
8063
1846
1090
8987
4377
5926
3690
8972
1860
8972
3905
859
7238
1880
7253
1880
1624
1880
2242
4881
2221
4881
2401
3396
1769
4564
6695
4564
6379
7433
9713
7433
78
8868
2209
8177
2209
8796
2209
8940
8346
3507
8346
305
476
10390
6813
8358
6813
9721
6813
9722
6813
6377
6813
10387
6813
918
6813
9776
6813
2249
9411
104
781
2878
4968
8441
4968
1074
1075
8101
1075
9579
1075
10266
1075
2287
4759
2332
4759
7707
5510
6789
5510
5213
1334
7994
1334
939
1334
10099
9554
7477
9680
1575
6933
2893
9489
2448
6079
10157
7174
1184
1191
3902
8852
8862
8852
2925
6132
4430
6132
1583
1567
1536
1567
1430
1429
973
1429
9802
1017
999
1017
8788
1525
5238
1525
5239
1525
3676
1525
1891
1942
8281
8213
3090
4507
4491
4507
2641
10157
1060
1070
7249
9608
8791
1916
3811
1916
10139
2962
2960
2962
3377
6219
9962
6219
8873
10279
7391
10279
6671
9955
6669
9955
6670
9955
8230
3941
5625
4793
2239
4793
2422
2547
4197
3187
8125
3187
5270
3187
7204
3187
7194
3187
8064
3187
12
9291
9999
3697
9283
3923
9661
3923
8107
893
9588
893
2798
7597
1645
1885
1882
1885
535
625
1581
5577
9397
5577
621
411
216
411
220
411
7162
3156
7165
3156
7182
3156
3594
3156
10090
3156
8241
9652
8070
1351
5209
1351
1315
1351
8054
1351
765
5183
7471
5183
7303
1520
3400
1520
9602
1520
9623
1520
1961
7747
1313
1399
9933
4521
7854
4521
8318
8312
7218
10097
5222
10097
2086
2108
1814
1836
1697
1836
7404
10321
7421
10321
761
10321
2129
2503
6415
2503
2499
2503
8000
2503
9987
7111
460
436
265
436
2786
2797
6674
4543
1866
4543
7739
5515
7807
5515
10009
7097
1476
1504
9380
1504
1385
9963
1436
9963
1320
9963
1031
9963
1377
9963
1276
9963
1290
9963
1404
9963
6939
9963
2023
2073
1020
9007
1037
9007
5311
4250
8624
4250
7367
7265
7306
7265
7374
7265
3968
7265
10313
7265
4106
5448
1302
5448
10158
7227
6934
5732
6958
5732
3076
3074
3059
3074
7517
791
3418
6774
6902
6774
3275
3357
3258
3357
2587
4891
1650
1890
1881
1890
1906
8400
6782
6666
9687
6666
7156
10070
5269
10070
9565
10070
2820
10070
2208
6044
8582
6044
8207
9640
3334
3386
2494
6569
2582
6569
2431
5653
9504
2478
2458
2478
7821
5159
7735
5159
1179
1181
3012
5353
4060
5353
2591
7827
1365
9021
7951
7865
3642
7865
3640
7865
3254
3258
3244
3258
10145
10120
1622
8069
3329
3335
7570
3470
7524
9730
5204
7328
3991
7328
690
7328
9114
8654
8692
8654
1079
4066
1066
4066
6785
6089
2890
9043
1932
3687
8262
9281
2896
3197
3196
3197
8446
4472
7679
4472
3210
7587
1601
4338
2
8004
10031
882
883
2504
9064
1947
6711
1945
6711
1044
8405
1030
8405
704
3656
7500
3656
3005
3011
3009
3011
1694
1895
10086
3417
1301
7556
9282
10156
7325
10156
7334
10156
358
359
306
359
484
359
3013
8468
9240
8147
9325
7260
8652
4255
1333
4255
9976
4783
2323
4783
14
1762
5602
2692
2756
2693
2756
8001
7056
10098
7056
7118
7056
3750
3475
770
9771
5181
9771
8927
9771
7139
7087
3795
6063
2279
6063
3311
3330
3312
3330
2761
2787
5195
5193
10289
10239
1761
7860
1648
7860
5253
5252
5253
5252
1317
4237
1296
4237
2306
8631
3598
10096
1373
3452
7701
4559
3655
4559
1362
9083
1550
5318
1109
1123
2204
2214
3204
3213
2910
3213
863
864
9222
9601
7016
4437
7025
4437
3744
4676
1965
4676
7269
10180
1984
1992
8619
4764
3709
4764
5276
5275
209
474
213
474
1129
1141
10022
2038
4170
2038
4346
1725
2554
6084
2653
6084
3350
3346
2955
3346
976
1329
9020
1329
1751
1767
1755
1767
9382
9869
3389
4455
5010
4455
2277
6261
6655
6261
3932
1434
6775
1434
3964
1434
7338
1434
792
9322
7737
6376
8552
6376
1420
4272
6762
4272
4258
5488
4118
5488
8129
7169
5224
7169
9597
7169
10222
7169
10142
7169
9970
5618
5218
5217
5218
5217
2429
2433
2407
2433
3064
5710
4212
5710
2036
8396
1702
1906
5631
2271
7756
2271
3995
10092
7281
10092
9218
10092
8142
10092
5267
10092
7677
6224
3347
6224
5271
5270
3899
7503
8956
7503
7884
5777
4343
5777
8662
7797
9950
7797
8663
7797
394
307
10025
7047
1785
4593
1760
4593
10065
2747
10057
2747
2708
2747
3485
2747
8603
9418
1117
9418
1140
9418
1274
9418
996
9418
7738
9418
1234
9418
1251
9418
920
9418
1177
9418
3592
9418
3772
9418
1083
9418
8581
9418
9076
9418
1162
9418
1021
9418
4395
9418
9070
9418
916
9418
1098
9418
9065
9418
3628
9418
8551
9418
8563
9418
3730
9418
1729
9418
1675
9418
1014
9418
1195
9418
8608
9418
3414
9418
9067
9418
8564
9418
8575
9418
6672
9418
5311
9418
5887
9418
4381
9418
8606
9418
1295
9418
9071
9418
1003
9418
7786
9418
4358
9418
8624
9418
9983
9418
4378
9418
8614
9418
8641
9418
1070
9418
9958
9418
1036
9418
10001
9418
8597
9418
9069
9418
1338
9418
889
9418
1215
9418
1042
9418
1391
9418
1134
9418
1815
9418
1056
9418
8595
9418
8585
9418
292
293
433
540
1951
6462
2352
2366
3302
3312
8024
3312
7630
5715
4505
5715
6876
4743
2059
4743
7406
3991
7531
821
2595
2597
9248
9223
7954
4373
8854
8187
10317
8187
7294
8187
10187
8187
9654
8187
5620
7003
9799
10152
3764
10152
10150
8156
1364
1404
3306
4450
3336
4450
8709
7962
1434
1451
7246
1451
9289
9657
642
434
253
434
1518
1499
10081
1499
10151
1499
1878
7547
5602
7547
1719
1720
1669
1720
2105
4721
3858
4721
8964
843
52
463
8789
1628
7273
1628
7639
6202
8481
6202
7041
3647
9263
9241
1983
1982
1972
1982
341
342
2802
6110
5659
6110
60
8335
9461
6978
7128
3069
2965
3069
16
662
3784
9620
3928
6769
3904
6769
10322
8870
8273
8870
10058
10038
3855
4408
2326
4408
307
308
5644
6039
4869
6039
659
9093
6771
5532
4138
5532
7828
6574
7799
6574
4195
2827
2696
2827
2133
2167
2161
2167
3560
8258
8181
2125
10274
2125
9675
2125
8882
2125
2831
2865
2847
2865
2325
4823
2214
4823
7272
3400
8371
741
987
5498
9396
5498
10369
9778
3553
9778
6685
8357
918
8357
9045
5164
2807
5164
33
7478
1182
8386
7647
8386
3930
10140
9665
10140
3929
10140
10030
8649
7060
8649
2231
8701
9858
6858
739
10399
2797
6094
2810
6094
7513
8950
7502
8950
8519
4307
8531
4307
1792
1840
8102
8074
8936
10378
9717
10378
8336
10378
9750
723
8553
4841
8545
4841
7768
9059
1049
9059
7769
9059
7794
9059
1273
9059
1196
9059
1298
9059
4152
9059
1467
9059
7759
9059
9087
9059
1058
9059
7748
9059
1941
9059
4360
9059
1084
9059
1069
9059
7781
9059
2220
9059
4340
9059
1254
9059
2106
9059
4104
9059
1903
9059
5320
9059
1172
9059
9989
9059
4125
9059
1099
9059
1218
9059
4140
9059
2630
9059
4117
9059
6802
9059
1809
9059
1303
9059
7760
9059
4144
9059
2575
9059
1722
9059
2367
9059
1139
9059
7767
9059
2357
9059
1118
9059
2340
9059
4114
9059
5885
9059
1987
9059
2301
9059
7782
9059
7755
9059
1399
9059
3868
9059
2078
9059
6405
9059
1967
9059
1161
9059
1124
9059
4128
9059
7795
9059
1850
9059
4129
9059
1235
9059
2566
9059
2308
9059
3614
4583
1790
4583
1840
5802
3655
5802
8036
2860
2856
2860
9061
5121
10253
2120
8196
2120
8162
2120
7242
2120
7489
8937
2263
7756
7782
6511
1850
6511
2250
7787
9714
8330
834
8330
8885
8875
2551
5143
6763
5143
8442
6115
8472
6115
1838
1845
3895
9656
2007
3868
9675
10219
10293
10219
10262
10219
723
8955
3132
3147
2578
2587
10027
2587
8884
3981
10156
8197
1051
1052
1046
1052
2431
2556
3261
6177
3322
6177
341
415
649
415
9156
8011
10111
3405
9269
8817
8836
8817
109
1068
1076
1075
1076
1595
1609
3320
6182
3455
6182
6080
4911
5653
4911
242
243
3596
1910
7283
1910
5242
1910
8167
1910
652
651
385
651
8351
8345
801
8345
10389
8345
2490
2572
9265
1479
7255
1479
9640
1479
8207
1479
2458
6983
9096
5967
3853
5967
7317
3395
9025
1384
1374
1384
3122
3150
2333
6029
2362
6029
8533
5542
9033
5542
8243
8207
10245
8207
7341
8207
5918
5925
7906
5925
421
593
486
593
237
593
3689
9429
6762
9429
3776
9429
1964
9429
1672
9429
9743
9429
5888
9429
3359
9429
1864
9429
2941
9429
2045
9429
2719
9429
4976
9429
8637
9429
6786
9429
985
9429
2323
9429
1849
9429
2285
9429
2238
9429
4422
9429
3455
9429
2805
9429
1501
9429
3695
9429
2567
9429
6079
9429
5602
9429
6818
9429
9957
9429
2115
9429
2362
9429
9948
9429
2166
7772
1535
1526
8760
1526
1823
5792
4357
5792
238
486
16
1950
9416
7533
731
177
178
2310
4831
6741
4831
1828
1830
1745
1830
2701
7613
3755
4158
3557
3513
8953
7483
701
7483
3588
4974
2930
4974
866
8947
8514
5920
3705
5920
6401
3155
7162
3155
8087
3155
3594
3155
8083
3155
10090
3155
7003
5619
8659
1886
8216
3390
2978
3390
3131
8562
1746
1857
7410
9777
9326
9777
4130
5508
4127
5508
5183
8340
2647
5133
9407
5133
1652
4578
9142
9523
9142
9523
1908
1915
1907
1915
4136
4297
8601
4297
7882
6104
7870
6104
223
224
8716
8691
2266
4398
4130
5516
7575
5516
1534
10037
6401
3137
9242
3137
8198
3137
8087
3137
8805
3137
8083
3137
7509
754
8773
7168
3403
7168
4186
7168
8809
7168
3396
7168
5260
7168
1814
1835
1828
1835
2474
4854
2580
4854
1592
5319
9111
9103
10080
1977
1976
1977
9816
1977
684
10327
689
10327
6649
10327
8672
6993
3334
3385
1389
1394
2766
8474
8287
7371
6705
7371
2680
6627
9496
6627
3305
4447
3366
4447
8800
9602
6077
5062
2627
5062
9838
6665
9204
3650
9203
3650
2438
3650
8089
3650
2451
2607
3151
4001
1440
7550
2522
3758
31
299
6857
3949
9340
3949
8617
6253
6692
6253
1115
1131
8484
6192
7602
6192
1952
9078
9662
7266
7296
7266
9784
8172
8251
8172
8182
8172
1478
1489
1493
1489
731
9658
1427
7807
2444
2658
1308
1339
4122
5473
9055
5473
2090
7050
1071
4065
1054
4065
10064
2750
3624
2750
10130
2750
8112
2750
1418
4027
9935
2048
3473
2048
0
2420
2421
2402
2421
3329
3336
3890
7493
2410
2443
2408
2443
10050
7866
8012
7866
7154
7866
2850
7866
9774
9254
8871
10305
9293
10305
9294
10305
8514
4603
5611
4603
7005
9417
9451
9417
8266
9790
1447
1444
1417
1444
1723
5782
6965
5782
3560
3869
7419
3869
2449
2464
10152
2464
6705
7314
6390
7314
7351
7314
6903
8411
7628
6352
4939
6352
7753
4256
7780
4256
10362
913
9700
913
9225
10091
9216
10091
8180
10091
1450
1463
1465
1463
1917
8681
8595
4287
8585
4287
6082
6768
1329
7555
3621
3068
7128
3068
2891
6959
10193
10159
1805
3655
2492
8406
1031
8406
10044
6660
1693
1896
1135
1154
1137
1154
2744
2737
2665
2737
9530
3380
8677
3380
7115
3380
8695
7037
855
9776
862
9776
7484
9776
191
192
9215
10151
7803
4733
7830
4733
832
833
7098
10036
1679
7537
2008
4388
9238
9231
8777
3637
9939
3476
1954
2002
1626
7055
7791
4652
9084
4652
2985
4060
2690
2755
2688
2755
8343
9704
3742
9704
2733
10009
7475
7459
10289
8915
7608
4989
8473
4989
3942
10223
8885
10223
7622
4798
6680
4798
9509
1691
1644
1691
3566
4690
3675
4690
2175
7624
1932
3524
1564
1562
8712
1562
9162
1562
3228
8099
2486
2516
7957
2516
7985
2516
6857
3500
681
8857
3827
6137
3194
6137
8086
8051
1913
1947
1912
1947
704
3928
8899
3928
705
3928
9255
898
8188
898
7103
3719
3465
3719
7067
3719
356
596
478
596
8890
8886
1011
1012
1004
1012
5
182
2085
2103
10401
10397
3747
4944
2816
4944
1548
8977
6408
8977
8459
8977
3100
3104
3076
3104
6662
6804
9943
6804
672
5188
8283
5188
9850
4548
6721
4548
3698
2920
2919
2920
9090
6155
4430
6155
2615
2619
2512
2619
10287
8835
7321
8835
97
8370
9996
7716
693
6390
8912
6390
7459
6390
8548
6599
8562
6599
2189
2508
7667
6551
2299
6551
210
213
8635
7742
3722
10316
764
10316
6865
7438
7444
7438
7493
7438
2693
3505
6922
5296
8610
5296
7431
8317
759
8317
9706
8317
2884
4963
3819
4963
2395
8034
3422
8034
2652
8479
2700
2792
1963
7092
3775
4695
2028
4695
2178
8609
6703
8910
9842
6818
8371
3561
9590
2967
4002
2967
9800
2967
9197
2967
9202
2967
4003
2967
560
329
8457
4502
5344
4502
1028
1046
1040
1046
3011
7661
6396
6395
7301
8830
9664
8830
2390
6729
2942
6150
3839
6150
3038
3029
3028
3029
8583
6938
3614
6938
7791
6938
7829
6938
7821
6938
3305
6938
9445
6938
7814
6938
3461
6938
2472
6938
8598
6938
7824
6938
8630
6938
7779
6938
8617
6938
7837
6938
8545
6938
8560
6938
7775
6938
7757
6938
7740
6938
3636
6938
7820
6938
7777
6938
8562
6938
8609
6938
3682
6938
7732
6938
9435
6938
7826
6938
8566
6938
6718
6938
2421
2542
1788
8375
2858
2925
113
3884
10304
8218
3128
7592
3176
3182
10
2720
3692
9983
6534
10001
6534
9429
8526
1609
5572
7699
5572
1749
7822
8121
8116
8132
8116
5267
8116
8637
4333
1608
4333
887
888
7702
5755
4341
5755
2993
10004
666
10004
8309
8896
9075
4788
7772
4788
960
961
8028
961
10171
7204
2867
4979
2940
4979
6404
3446
5885
4680
1987
4680
3073
8463
4154
1681
1668
1681
9216
1411
9796
1411
10150
1411
2348
4410
2242
6068
2494
6068
997
9002
5623
9002
923
9002
959
4119
7786
5737
9069
5737
678
6380
677
6380
7439
6380
3938
5230
7236
7222
2179
2231
2100
2231
2102
2231
10058
2231
8642
9834
6085
9834
6080
9834
7893
9834
2109
9834
9993
9834
5918
9834
7873
9834
8633
9834
7882
9834
7870
9834
3874
9834
7865
9834
8649
9834
6081
9834
4475
9834
9091
9834
6997
5464
4112
5464
3296
3352
7363
5198
1104
1105
1094
1105
3813
5026
7862
5026
7569
9873
9893
9873
2443
8489
4103
5443
4106
5443
10019
4415
10031
4415
1361
1369
1334
1369
8019
7082
7824
4685
5890
4685
2781
2782
7000
2078
7013
2078
8640
2078
265
266
3980
5257
10361
5257
3578
5658
3579
5658
4194
5658
2185
2473
8524
5750
9031
5750
2041
7129
1996
7129
1042
5286
1056
5286
2824
3839
1310
4232
3527
10302
7366
10302
5203
10302
2779
6336
2804
6336
9076
5421
1338
5421
8076
1474
3406
1474
1451
1474
3405
1474
6419
4477
3794
4477
6663
10353
10370
10353
10023
8444
10336
7341
3443
7341
1939
4636
7726
4636
3206
3253
3244
3253
8511
7582
1077
1100
9232
9605
9624
9605
3371
3682
3189
3192
3188
3192
519
496
470
496
405
351
308
351
983
3412
17
2210
2254
2233
2254
15
188
536
628
539
628
2988
5358
7577
5358
7860
9958
10100
5235
1553
9048
7415
6385
7936
5607
8307
10312
10354
10312
8281
7323
9
3894
3926
924
3925
924
8151
924
3929
924
8259
924
3761
8142
1667
4343
7774
4773
8631
4773
1681
9957
1023
9366
1078
1090
9676
10155
5200
10155
8296
10155
8860
10155
8249
10155
2893
3202
6752
8219
7960
2715
2649
2715
1676
5597
1727
5597
3153
7015
8670
4612
7922
4612
2750
10013
9698
3904
704
3904
9308
3904
1908
3677
8153
3677
9214
3677
1612
4321
8636
4321
6739
3436
8267
9271
3349
4482
3280
4482
2984
7577
8370
873
68
99
8535
5747
7699
5747
9164
8720
9842
6819
2166
2241
8814
5240
1623
10095
948
8628
2516
8451
6716
7354
8268
7354
2451
8499
1107
4216
1121
4216
932
953
931
953
8492
6312
8489
6312
2686
3485
3225
3224
3221
3224
2584
7077
3652
2777
2736
2777
8818
10163
8822
10163
3900
7515
1095
1114
6470
2223
2152
2223
1610
3615
7574
3376
2240
3376
2711
3376
7589
3376
2988
3376
2467
3376
9026
3376
2260
3376
7573
3376
8425
3376
9381
3376
3046
3376
7571
3376
2113
3376
5616
3376
2311
3376
3607
3376
2070
3376
3119
3376
9374
3376
9373
3376
3745
3376
6906
3376
7593
3376
7583
3376
3413
3376
2341
3376
7578
3376
3341
3376
7594
3376
2579
3376
3837
3376
5699
3376
6475
3376
5679
3376
8418
3376
3024
3376
6898
3376
3788
3376
7585
3376
3360
3376
9375
3376
2218
3376
3064
3376
5661
3376
7597
3376
3386
3376
7587
3376
2787
3376
1992
3376
2597
3376
2556
3376
7592
3376
3182
3376
7577
3376
9376
3376
4212
3376
8414
3376
3288
3376
2730
3376
7586
3376
8431
3376
2902
3376
3263
3376
6904
3376
8424
3376
8413
3376
3606
6579
8493
6579
2485
2488
7110
2488
8002
2488
3475
7926
3343
8992
4131
8992
1414
8992
828
9714
2615
2618
2512
2618
1396
5433
9083
5433
8173
2710
10146
2710
7252
2710
9103
7010
7092
3829
1089
1095
1076
1095
3071
3084
4057
3084
2994
5208
664
5208
1340
4242
8423
4242
5258
6784
8214
6784
4047
6784
694
10301
10315
10301
7371
10301
2774
6346
4938
6346
3550
2083
6411
2083
6864
2083
9135
2083
7243
9214
7243
9214
1135
7139
3240
3261
289
510
437
510
2116
3610
784
3909
792
8906
3702
8906
7469
8906
10278
3718
8857
3718
7364
3718
12
7516
7510
713
7510
7339
7331
9291
7331
1586
8434
10120
8079
10120
8079
1402
6426
1393
6426
9466
4646
8568
4646
2273
2322
7460
3480
9206
8767
5268
8132
1765
4364
70
143
9447
9038
696
9038
3369
6213
3377
6213
1138
1171
1154
1171
8231
5245
5271
7194
4
8115
8725
1749
1875
7802
6563
7772
6563
7794
5587
4152
5587
9755
714
3174
3177
4200
3177
7962
3177
10036
3177
4142
5556
7731
5556
1445
6405
9977
4492
3092
4492
1361
1368
1334
1368
1885
1937
74
88
7860
9956
3241
7602
2358
4814
9398
4814
403
404
390
404
10039
2059
2057
2059
48
283
1081
1080
1068
1080
9130
9120
2909
6147
2942
6147
8345
3702
386
337
1211
1225
1241
1225
1194
5306
1174
5306
958
3495
7725
1817
7722
1817
1653
8063
2675
4934
9395
4934
1249
1267
3066
3115
3116
3115
2113
4705
2070
4705
7160
7102
9534
1955
9531
1955
1947
1955
1783
5860
3564
5860
2799
2802
337
338
9150
9519
391
312
7728
4538
1723
4538
2871
5173
7817
5173
1185
9474
8335
8845
1545
9125
29
559
7449
6794
309
445
612
445
769
771
3067
3094
3068
3094
1064
1085
7132
2093
3515
2093
10042
2093
2373
2093
2094
2093
8005
2093
3160
7732
8344
7448
10088
9167
3737
9167
8759
9167
10168
9167
1370
9433
10133
6400
5662
6589
3333
6589
2507
2498
2157
2498
6665
4118
2827
7653
2598
8982
1065
8982
1085
8982
6872
3553
1620
3553
7428
3553
5839
1870
3859
1870
6474
4871
2567
4871
9240
8044
4091
6948
9785
3039
3955
3039
7231
3039
7266
3039
2530
2532
7940
6739
3437
6739
7027
6739
8236
8840
8255
8840
3688
5827
4361
5827
1623
7184
7815
4808
3608
4808
1630
1649
9146
1649
10124
1649
8598
4999
7745
4999
1963
1950
6653
1950
8686
1950
4368
1950
2067
4700
7847
4700
8664
1701
8559
5865
7788
5865
7612
4951
2804
4951
1026
1036
907
908
731
908
5341
3110
6719
3110
2491
6069
4778
6069
3056
9920
2998
9920
3016
9920
4061
9920
2934
9920
7929
9920
3012
9920
9974
9920
2811
9920
9978
9920
3802
9920
5696
9920
5345
9920
9991
9920
3047
9920
4211
9920
2990
9920
3061
9920
3000
9920
9984
9920
3031
9920
9953
9920
5341
9920
6477
9920
3126
9920
3089
9920
3147
9920
4060
9920
2059
9920
3002
9920
2896
9920
3167
9920
4486
9920
9967
9920
2600
9920
2659
9920
4203
9920
3279
9920
6719
9920
9976
6544
2362
6544
8131
8089
1223
1220
1188
1220
794
3490
3702
3490
10404
9346
2053
10001
9483
4201
1768
4363
3580
9896
1536
4149
7210
7193
3682
6214
3366
6214
3633
7252
4393
7972
3270
3322
6076
5087
6075
5087
6078
5087
2863
8433
8460
5056
6680
5056
926
931
8739
931
6878
931
9145
931
4410
5992
2336
5992
10226
5260
2505
7852
2258
2261
2234
2261
4053
3083
8719
3083
9538
3083
4056
3083
8767
3083
4055
3083
3809
5767
10003
5767
9820
6783
2449
6783
6784
6783
810
811
10055
2084
8008
2084
2091
2084
8466
5725
7626
5725
10241
9213
2470
6038
7666
6038
1711
1710
1653
1710
5907
5906
2105
4711
2075
4711
1530
1618
45
285
1478
1488
1493
1488
4108
5434
9438
5434
8740
9831
3770
6472
3646
6472
436
424
628
424
2350
2376
7454
8291
551
360
358
360
3218
3223
1842
8597
1761
1777
1648
1777
1095
1113
1111
1113
6036
6271
7736
6271
3427
5328
543
378
408
378
6470
2224
794
9712
7645
6366
4940
6366
625
571
178
571
988
4262
974
4262
10337
10257
8877
10257
6679
4389
6678
4389
3239
3241
3190
3241
7365
7353
2993
7159
3556
10179
7145
954
929
954
1801
4569
6697
4569
26
706
707
3562
9870
10332
3903
702
3903
6676
3903
487
443
324
443
1987
4666
1967
4666
8143
1715
9609
1715
7215
1715
10123
1715
873
874
5623
6891
2261
5628
2217
2202
2136
2202
2192
2202
4178
2202
8146
5227
1667
4344
3046
5720
8418
5720
7650
4774
7629
4774
8111
8747
7440
9312
7437
9312
751
9312
7686
5499
9052
5499
10195
5265
1385
5451
1377
5451
2534
5097
3711
5097
2267
6543
7911
6543
1571
9400
9169
3878
7134
3878
184
567
509
567
378
567
2383
5982
2369
5982
3782
5111
8605
5111
2086
2110
3611
2950
2951
2950
2944
2950
3276
2950
4419
2701
2684
2701
6927
9897
9476
6125
9473
6125
4421
8007
10099
2649
8041
2649
9140
2649
5209
1348
1315
1348
10164
1348
8143
7183
4433
6167
3568
6167
1514
1532
8551
6521
5887
6521
10022
2039
7979
2870
6992
2870
6745
10220
9660
10220
1509
9069
3124
7654
1486
1498
1499
1498
1248
1247
3961
1247
6711
3554
2836
8043
7295
8827
1848
5840
4359
5840
8060
8021
6698
6793
6699
6793
3467
6793
3070
3093
4057
3093
1596
3749
1651
9472
8880
8865
48
1619
3958
6801
3958
7116
2094
5603
6507
4361
6507
3464
3801
3465
3801
7067
3801
56
392
3420
10256
3420
10256
7063
4379
9558
9147
7865
5174
7905
5174
3548
7468
2883
6120
2837
6120
7209
2955
2956
2955
10300
9619
1764
1802
1775
1802
4698
2115
9158
2115
9116
2115
10229
8281
7389
8281
2663
8587
5272
8064
7281
2817
8849
2817
3761
2817
2150
9405
2719
4933
6715
4933
4434
8556
3816
8556
4977
8556
1789
8556
3164
8556
4865
8556
2111
8556
2072
8556
6419
8556
4892
8556
2255
8556
3090
8556
2383
8556
5889
8556
2874
8556
2923
8556
2369
8556
5332
8556
5615
8556
2030
8556
3060
8556
6684
8556
4491
8556
2883
8556
3526
8556
3106
8556
3045
8556
4214
8556
2608
8556
2564
8556
6004
8556
3324
8556
2533
8556
2236
8556
3831
8556
5698
8556
3283
8556
3200
8556
3146
8556
2800
8556
3337
8556
3238
8556
1897
8556
1787
8556
2671
8556
3365
8556
6073
8556
3079
8556
3099
8556
3375
8556
3034
8556
2772
8556
2547
8556
6462
8556
3352
8556
2473
8556
2740
8556
6091
8556
4941
8556
5348
8556
3117
8556
3362
8556
4204
8556
2815
8556
3794
8556
2837
8556
10177
10139
2959
10139
7217
10139
8172
10139
9309
672
1602
6759
10289
8860
10342
8860
7029
6968
3040
3059
3039
3059
1849
5845
9960
5845
7640
4813
2356
4813
3165
7631
10366
3531
2826
2937
2468
6564
2241
6564
712
713
167
166
5622
2177
2095
2177
1964
6881
1672
6881
9743
6881
3338
6881
2045
6881
2719
6881
6882
6881
8637
6881
6786
6881
2323
6881
1849
6881
2285
6881
2238
6881
1501
6881
6808
6881
2567
6881
9895
6881
9923
6881
2362
6881
2849
2875
8627
5479
7780
5479
1239
1255
5251
2182
6414
2182
7091
2182
3806
2182
3643
5910
8539
5910
7953
5609
5944
6533
6776
6533
1628
7178
7495
656
1919
1925
1922
1925
233
234
4034
1542
1523
1542
2012
2029
8348
687
1308
1338
10405
3883
1960
1967
9972
4964
7653
4964
1208
1237
8058
8033
1695
1792
1836
1792
7910
8572
7739
5526
7842
5526
9550
9395
9130
9395
1345
5309
1150
9471
9443
4568
1800
4568
1475
9150
7700
5830
8543
5830
9162
9137
6736
5857
1901
5857
1507
1508
1494
1508
7949
7762
9724
1619
1954
5886
2443
4921
9124
1920
9105
1920
4167
1920
8678
1920
2085
2104
7678
6497
8464
6497
3689
9923
6762
9923
3776
9923
3198
9923
6712
9923
5888
9923
3359
9923
1864
9923
2941
9923
2839
9923
1878
9923
4976
9923
985
9923
2543
9923
6474
9923
6715
9923
3320
9923
2907
9923
4422
9923
3455
9923
2805
9923
9949
9923
3695
9923
9961
9923
4426
9923
3771
9923
9960
9923
5905
9923
3724
9923
3707
9923
6079
9923
5602
9923
4437
9923
3380
9923
2782
9923
9957
9923
6819
9923
2115
9923
2629
9923
9948
9923
2901
3791
2763
4943
9030
4943
4388
5915
9919
5915
4209
3103
9811
3103
1225
1250
9927
6803
7576
6803
2521
7641
7734
5835
1845
5835
1053
1066
7151
9155
8116
9155
8747
9155
2845
9155
10394
3541
10392
3541
872
3541
2952
2947
2946
2947
2497
2562
1330
9430
2707
9390
6837
5107
3810
5107
4031
1516
1497
1516
4390
5977
2370
5977
8333
10367
9723
10367
808
10367
9612
2691
8173
2691
7225
2691
7257
2691
9234
2691
2313
4181
3318
7623
7564
9898
6683
9898
2226
7997
7345
3523
3485
6849
9191
8750
9828
8750
9613
8750
7079
8658
1101
6901
1437
6901
9934
6901
5312
6901
3790
6901
1253
6901
6746
6901
1724
6901
1390
6901
1002
6901
1271
6901
1231
6901
1291
6901
9853
6901
1531
6901
4115
6901
1044
6901
1142
6901
1769
6901
4397
6901
1166
6901
2222
6901
1969
6901
1071
6901
10020
6901
1054
6901
2310
6901
4134
6901
9982
6901
3854
6901
6741
6901
1371
6901
4143
6901
1082
6901
6873
6901
3690
6901
1194
6901
6695
6901
3821
6901
9952
6901
5313
6901
1030
6901
7750
6901
6858
6901
5319
6901
1114
6901
2376
6901
4389
6901
1022
6901
3625
6901
1556
6901
1860
6901
1378
6901
988
6901
1847
6901
1016
6901
1174
6901
1935
6901
6702
6901
1576
6901
1319
6901
1133
6901
974
6901
1217
6901
1580
6901
4577
8421
10028
10002
8114
10002
3637
10002
3508
9336
8345
9336
10201
7324
8961
697
24
3893
917
923
31
10235
3254
10243
3254
3718
3254
7285
3254
2701
8443
8541
5489
8534
5489
8716
3466
8003
941
929
941
9540
941
8059
941
9598
2192
8170
10160
10182
10160
1085
4070
1097
4070
42
215
2249
2253
795
7469
5
735
9705
2185
2474
1389
9385
36
271
2237
6048
8461
6048
8922
8301
10376
8301
2374
8607
3444
1473
3460
1473
1474
1473
1471
1473
8867
8249
1444
6969
4005
3078
3077
3078
4006
3078
4004
3078
1365
6778
6671
6670
6671
6670
1659
1782
9513
10010
6660
10010
7952
10010
1380
5444
9385
5444
6784
9832
10301
10258
1532
4351
1585
4351
2305
4399
976
5463
7583
6487
5699
6487
7450
9711
7455
9711
776
9711
6773
3781
1116
4075
1123
4075
4150
6456
1606
6456
2353
2352
2283
2352
7828
6617
6083
6617
244
643
3226
3231
7039
7876
6465
7876
7037
7876
9851
5896
9449
5896
6734
10304
9772
10304
1777
3859
9595
8755
9182
8755
9177
8755
2945
7203
1014
4017
1003
4017
8141
2411
8179
2411
7168
2411
51
10079
7956
3044
8464
8290
7361
728
7361
8067
4191
9212
2681
8776
2681
2644
2681
9493
5072
2489
5072
9427
6675
7126
7987
7126
7987
6782
9789
9687
9789
4395
6002
8608
6002
2995
9068
9093
9068
3842
4334
1584
4334
8831
8162
8848
8162
9682
8162
9642
8162
10359
8162
8212
7276
7284
7276
1489
9380
1715
8737
1372
3571
1854
3571
7696
3571
7686
3571
6916
3571
2492
3571
2309
3571
7728
3571
1385
3571
2076
3571
1723
3571
9052
3571
8523
3571
9399
3571
1436
3571
5625
3571
7695
3571
2371
3571
1579
3571
3775
3571
1320
3571
6925
3571
1968
3571
7711
3571
3727
3571
1031
3571
1377
3571
9054
3571
2112
3571
1276
3571
1236
3571
1290
3571
2239
3571
1990
3571
7701
3571
2366
3571
1404
3571
1840
3571
3655
3571
2508
3571
6939
3571
3738
3571
2028
3571
2974
2977
9585
2977
3021
2977
7181
2977
2472
4853
8550
4853
846
10337
9311
10337
10355
10337
3506
10337
3884
8327
3297
7671
3150
5691
7634
5691
5178
8365
8680
9104
2120
10143
2352
8619
2689
2835
2836
2835
9710
8920
8506
5947
2079
5947
9384
6828
7596
6828
8240
7300
9664
7300
8239
7300
4156
8508
7512
753
9133
2137
8711
2137
2124
2137
4409
2137
8547
5562
7816
5562
7272
9623
2743
5134
2676
5134
3603
2915
2875
2915
383
319
3684
6103
2806
6103
22
2913
2857
8716
2857
10034
2857
9481
4973
2867
4973
1269
1282
1283
1282
1777
8516
1252
5391
1230
5391
3605
7900
5263
2390
6399
2390
9259
2390
9258
2390
8264
8228
3951
8228
7343
8228
2144
2155
2138
2155
7141
2886
2885
2886
6400
2886
7158
2886
2061
7614
137
8967
9782
7305
7399
7305
8161
3514
1619
8925
1765
8542
1925
9029
860
7484
8948
7484
3391
2830
3992
2830
7277
2830
7216
2830
9787
3918
2295
3709
9198
9182
1013
1022
709
8360
6707
6706
2419
2526
2520
2526
9207
8088
6744
6984
830
5199
8288
5199
9714
5199
3958
5199
2724
3838
8004
2150
2149
2150
1374
1383
2801
5151
8474
5151
9199
7148
7173
7148
7191
2395
7191
2395
2877
7905
9672
10206
1702
7726
2456
2479
1570
1572
1516
1572
6704
6588
8579
6588
1306
4106
2853
2910
9155
2910
2452
2609
7265
8792
3468
9604
3493
9604
833
834
3607
4467
3288
4467
3001
3002
8733
1755
5322
1755
1705
1755
7882
6645
2840
6645
2900
4425
7656
5042
7659
5042
3654
4529
7766
4529
5603
9352
4579
9352
4097
5411
4100
5411
5679
5681
3182
5681
3756
4734
8629
4734
6775
7246
7255
7246
1261
1292
7627
6231
8447
6231
10107
3422
9821
3422
7229
4045
1880
4045
8792
4045
10089
4045
2355
2380
4156
1737
482
245
1332
1359
1120
1153
1138
1153
1218
5381
1235
5381
2863
2896
9808
2068
6411
2068
8079
2068
9799
10183
8102
2463
8751
2463
2514
2463
10183
2463
1594
7846
9680
7313
3991
7313
9544
914
3416
914
3657
914
1450
1464
1465
1464
73
162
7207
9192
3427
9192
5328
9192
2420
6078
9748
851
3987
9253
3423
9253
741
899
898
899
7089
2444
2410
2444
2414
2444
8683
2444
2754
7812
6946
4604
8573
4604
8225
1443
6751
1443
9264
1443
10263
8098
1242
8098
3914
8098
8148
8126
967
1421
2300
2336
8622
6432
9080
6432
8534
5474
8517
5474
3087
9835
9857
9835
1737
9835
2828
4420
5335
4420
7137
4420
6090
6640
6799
6640
3026
3048
4018
6939
10388
6748
8933
6748
2371
4751
2112
4751
1741
1750
1717
1750
5627
4799
2268
4799
3214
5008
3233
5008
3893
7494
1656
1658
10045
1658
9839
1658
3103
6254
7004
6254
2483
2489
9574
9558
10117
9558
7202
9558
7445
10207
10254
10207
8845
10207
5696
6598
3147
6598
3679
7212
9767
7212
898
7212
10115
8782
1343
4109
1562
10005
8204
971
10134
971
3583
971
3616
971
3142
6994
553
646
294
646
303
646
551
646
281
646
271
646
2863
8473
1388
1393
1594
1607
7670
5016
7671
5016
40
7439
203
204
2175
2385
7528
9702
9516
7932
8677
7932
8813
4040
8817
4040
9625
4040
2618
2628
1176
4086
1198
4086
2773
6635
3801
6635
3624
2720
2718
2720
7634
5032
6480
5032
8591
4539
1818
4539
9822
7020
9735
9557
1038
10208
895
10208
3621
4057
3077
4057
8025
2499
843
844
8450
6608
4891
6608
7079
7916
2437
2451
2453
2451
1629
8777
3648
4744
8483
4744
4158
7885
4158
7885
8171
9224
10178
7236
9645
7236
10228
7236
8669
4374
8427
9793
1158
1161
9511
7004
10014
7004
8966
5179
1567
1597
1363
1403
3350
3366
2274
2312
7192
6416
7282
6416
3397
6416
8122
6416
3772
4594
9958
4594
3733
8108
6926
6657
4526
6657
9421
6657
6922
6657
6936
6657
6917
6657
6930
6657
6935
6657
6940
6657
7714
6657
6937
6657
6920
6657
6931
6657
8527
6657
3447
6657
7730
6657
6934
6657
6944
6657
4511
6657
5547
6657
6943
6657
6921
6657
6929
6657
6919
6657
3147
6241
3167
6241
10136
4035
1406
4035
5228
4035
8160
4035
8165
4035
8790
4035
10160
9202
797
9715
3715
3620
7261
3620
7485
6686
734
6686
886
889
9641
3919
108
7520
1832
1747
1742
1747
2060
3728
3354
6223
3294
6223
58
7504
3266
4998
5664
4998
9075
4789
3608
4789
8734
8715
8734
8715
167
3875
10381
8930
10381
1591
7836
681
7285
7364
7285
10085
3271
8746
3271
3253
3271
9564
10340
7318
10340
8238
10340
5223
1433
5221
1433
2898
2906
2882
2906
8853
8209
2971
10094
7175
10094
7339
10094
1281
1302
2433
2434
2405
2434
1126
7880
1482
4311
1501
4311
459
554
295
554
458
554
2455
6083
10008
2767
4193
2767
4418
7067
6090
6630
2739
6630
2715
2725
2282
2346
2344
2346
7068
7025
7690
6442
8544
6442
1969
4622
1935
4622
9991
6738
9953
6738
651
413
337
413
4019
6929
7172
3038
10113
3038
10112
3038
3041
3038
3272
8488
10274
7280
2515
9376
6581
6322
8478
6322
3413
4763
8414
4763
1234
4226
1215
4226
7931
6809
10009
8710
10185
10154
7859
8618
7031
8618
9491
8618
2984
2992
7107
2992
9729
9701
6801
9701
9709
9701
823
9701
1962
9084
7492
7429
107
7525
10151
4030
1113
1124
7978
7942
7080
7942
9117
7942
2302
3625
2204
2213
9690
9261
10330
9261
9691
9261
7868
3667
5607
3667
9094
3667
3213
3214
9740
863
51
382
2783
7567
8067
2405
2407
2405
7948
7895
1551
1556
8011
9115
667
5189
5612
5875
1895
5875
179
608
379
608
625
608
24
388
1586
1587
2141
2147
2149
2147
6700
4128
368
570
251
570
1245
4096
9257
8802
8219
8802
9264
8802
2592
6059
2821
2845
2846
2845
8080
9556
3807
5937
2034
5937
27
2321
4779
3835
4779
7829
4988
7737
4988
7490
761
1863
5817
4362
5817
9595
9177
3757
5144
2550
5144
3699
7295
3975
7295
10227
7295
6697
4584
1757
4584
1189
1210
2964
3120
8026
3120
3623
5955
4388
5955
8465
4861
2470
4861
3056
6696
4937
6696
2998
6696
3016
6696
4061
6696
6852
6696
2934
6696
3369
6696
3012
6696
3267
6696
5667
6696
2242
6696
5696
6696
5345
6696
5660
6696
3047
6696
4211
6696
2990
6696
3000
6696
9953
6696
9962
6696
3089
6696
4060
6696
2059
6696
3002
6696
2896
6696
3167
6696
4486
6696
4971
6696
2600
6696
2659
6696
4203
6696
6719
6696
1956
9919
8372
879
7136
1860
10017
1860
7026
2840
3505
2840
2018
8532
2302
9039
2752
6093
2810
6093
723
724
8763
8073
4036
8073
10091
8073
8108
8073
8286
10314
1246
1277
9444
5870
7797
5870
3530
4824
2324
4824
8015
9110
6810
5163
2752
5163
3046
5349
3024
5349
9971
7890
7033
9475
6058
9475
5259
2400
10237
2400
8214
2400
3984
2400
3983
2400
1273
5401
1254
5401
236
465
486
465
371
465
9100
9094
9420
5950
3675
5950
9237
7138
1747
1865
4207
5701
3759
5701
4890
6573
8451
6573
3113
3125
3145
3125
2516
5649
1202
1215
3141
3167
326
327
1743
1827
1736
1827
2401
3848
1309
1378
2017
7290
3297
8498
2021
2069
33
295
10043
9520
10043
9520
670
2982
9563
2982
2184
2274
2246
2274
2850
3640
3386
6221
8413
6221
1177
5378
1162
5378
10252
3432
1597
7540
1667
1727
3227
3748
6666
3939
3165
4486
7915
4616
3534
4616
1751
1765
1755
1765
3229
3273
3271
3273
8496
4457
3382
4457
9309
9603
8169
3206
3996
3206
5216
5215
5216
5215
8452
6243
8449
6243
9678
9289
9679
9289
10174
8180
3450
8180
1072
9362
2573
2590
7729
2058
6911
2058
9058
2058
6760
3994
7314
3994
821
824
1150
1163
1322
1349
1347
1349
9077
2648
3410
7040
3410
7040
9895
9875
7036
2740
5654
2740
9988
2740
3224
4435
1350
1401
1503
4519
1532
4519
8408
1454
8595
1454
1950
7698
3842
9968
2549
9968
3323
9968
2769
9968
3853
9968
3773
9968
4138
9968
8574
6316
9428
6316
3072
4212
5256
3598
7199
3598
3793
3598
2288
7790
7781
4724
2340
4724
1724
5770
3821
5770
8920
10354
2559
2453
3650
2453
2684
7109
9101
5678
6794
10184
8209
10184
9646
9244
9733
5277
2578
2595
7106
2595
4213
5717
7892
5717
5211
5210
875
8185
874
8185
2199
2211
7283
9263
2728
6342
7600
6342
9737
861
54
393
1340
4246
1394
4246
2627
4879
2582
4879
10067
1668
1665
1668
1017
8996
1707
1760
777
779
980
988
3854
4761
3625
4761
10074
3372
3357
3372
8520
7545
8542
7545
377
407
9749
9587
1928
3645
7974
7922
7974
7922
1130
1144
9046
4313
6918
4313
333
334
6082
6081
1579
5775
6944
5775
8632
7795
7923
7795
9092
7795
2278
6264
2206
6264
8222
8136
9232
8136
8200
8136
2307
2326
10126
9546
6403
1431
4026
1431
5236
1431
10045
7045
1941
4642
1967
4642
5347
6422
8643
6422
2894
4430
2698
2745
2747
2745
1192
1189
1156
1189
520
576
195
576
427
576
10375
8902
7427
8902
3634
10144
3768
6709
8844
8810
2992
7606
7124
3009
2972
3009
1458
6918
4433
6170
3325
6170
3461
5124
2670
5124
10059
3706
5247
3706
8358
8355
883
8355
7357
8190
9306
9279
8305
9279
2616
4863
2500
2580
3144
3140
8026
3140
1500
5552
4141
5552
7834
6514
9073
6514
5341
4496
3089
4496
7489
763
3826
4305
7848
4305
403
442
313
442
992
8238
880
8238
881
8238
377
408
1925
7688
1327
7780
773
8337
2905
3588
57
2793
2806
8200
9624
2545
7106
5648
7106
7432
7418
2087
8629
3985
3984
6852
2825
9974
2825
8341
8930
6813
8930
6840
6838
6841
6838
6839
6838
2134
2165
6413
2165
4179
2165
1216
5302
1191
5302
4149
4148
8774
2127
3764
2127
7131
8014
2848
2867
1145
8986
2677
8986
1131
8986
915
998
9801
998
3651
3828
8636
3828
9486
3828
4112
3828
7909
3828
3448
3828
5308
3828
3807
3828
3547
3828
7874
3828
9850
3828
1758
3828
4101
3828
7911
3828
1938
3828
1190
3828
1985
3828
3646
3828
3814
3828
9495
3828
9478
3828
2370
3828
3632
3828
9493
3828
5309
3828
5463
3828
4106
3828
1292
3828
2489
3828
1423
3828
2552
3828
8648
3828
1770
3828
1700
1847
9343
789
7482
789
8601
4300
5554
4300
712
8957
3144
3145
3136
3145
8370
9586
37
3478
9522
2502
7736
8455
5703
5647
6571
8590
6571
6840
2585
9966
2585
3994
8195
3260
6175
3323
6175
47
8350
7051
3407
8247
8815
2328
4889
2221
4889
7505
744
3286
3308
10096
9547
10076
9547
9393
5161
3411
5161
793
8935
8347
8935
1171
1179
1153
1179
389
315
8718
2160
2139
2160
10104
2160
5331
2160
9418
9019
8121
2820
2819
2820
8132
2820
5267
2820
7287
10225
1255
5403
1277
5403
2776
8704
9017
1032
1013
1032
2712
6091
2793
7785
7168
8071
6783
8071
9984
2536
9953
2536
8944
10389
798
10389
737
8877
7394
8877
3506
8877
8583
4844
8553
4844
9392
6117
8443
6117
1949
1970
3219
4971
1253
5393
1231
5393
1001
1016
8893
8882
8892
8882
10067
1669
1670
1669
2513
2512
2140
2512
2966
9548
1564
1566
1536
1566
3300
3298
3185
3298
3897
8248
9087
6049
2566
6049
3136
3130
2967
3130
4941
6101
2815
6101
6467
8694
279
640
1437
4290
6746
4290
1807
7712
2748
9435
617
584
621
584
219
584
7511
751
7521
799
892
1008
1007
1008
7469
8347
52
1462
4138
7938
1850
5607
1850
7939
3573
8608
5965
9983
5965
2236
4851
2473
4851
3049
7673
5261
3397
2597
4899
9376
4899
2895
8639
8562
5693
8566
5693
9833
6848
716
8940
8852
8205
1985
5927
1997
5927
9550
7096
2961
7128
10139
7128
2786
2796
2537
4914
2555
4914
32
6995
3135
2419
9966
1697
1837
1753
1837
182
185
1101
5292
1082
5292
3716
4518
8505
4518
9374
5359
7577
5359
9045
5153
7601
5153
9016
1381
1287
1381
3299
7746
3478
9521
10194
1975
9629
1975
1909
1975
7307
8200
8952
8945
804
8945
6787
5576
7709
5576
3144
3157
3155
3157
2088
8522
3578
5659
3579
5659
4194
5659
9900
7596
8965
734
2785
3696
1854
1855
7728
1855
6776
5960
3472
5960
2948
3186
2950
3186
10047
2546
5648
2546
9975
4834
7683
4834
10170
1917
1880
1917
10089
1917
9410
4295
9387
4295
7578
4506
3064
4506
1033
1042
2462
2461
2438
2461
1427
7805
2295
8414
6769
7311
1084
4067
1069
4067
3638
3442
8332
3442
937
4025
3043
3630
7084
8684
3931
3929
98
7530
2251
3738
1549
9018
5679
6233
7586
6233
1160
1199
437
521
8902
8892
8902
8892
1254
5383
1235
5383
1132
1151
1152
1151
872
9794
3159
3288
539
399
7859
7826
7908
7826
9491
7826
10064
8112
10064
8112
2515
2638
2478
6625
9475
6625
3337
5022
3365
5022
7679
4445
7674
4445
2723
2730
5665
3387
4101
5413
7912
5413
10056
7030
7919
6667
4356
6667
2517
2605
3184
5683
3180
5683
3275
3356
3258
3356
8584
4280
8596
4280
7250
7226
3989
9234
9651
9234
8218
9234
10404
9588
1566
3809
6762
9006
985
9006
3380
9006
10333
10299
3906
10299
970
973
8723
973
9123
973
8717
973
7621
5282
7611
5282
1387
1391
817
10385
6856
10385
7496
10385
8950
10385
8298
7374
9447
8471
696
8471
2771
6332
2797
6332
1300
4236
1318
4236
3963
10093
10162
10093
944
10093
4005
4004
4005
4004
2777
2786
2703
2786
9748
9700
687
7419
7125
7086
1484
7535
9277
4020
9268
4020
9212
10165
1110
1134
1368
3635
7998
7057
1478
7708
2646
9967
2692
2757
2693
2757
2274
3608
1476
7800
969
1423
7323
10153
8293
10153
3936
8146
3937
8146
8800
8146
9623
8146
3939
8146
6916
4753
2371
4753
806
10370
8931
10370
2420
2424
2403
2424
49
4312
4285
7805
4285
1381
7557
9734
3416
851
853
9305
9299
702
9299
9734
3657
2596
2600
10234
9251
8829
9251
7180
10015
2543
6620
6079
6620
3319
4440
7609
4440
8779
2735
8126
2735
2668
2735
3141
7586
7054
1441
1416
1441
4026
1441
5236
1441
1897
4632
1787
4632
9511
7035
2891
3196
2718
6728
9812
6919
7172
3028
10112
3028
9585
3028
3021
3028
7910
3686
3644
5546
8536
5546
3718
10221
7285
10221
3080
8975
1858
8975
1797
8975
6816
8837
3894
7379
7218
8031
7657
6157
7639
6157
2575
2576
2442
2659
1061
1072
2959
2960
8170
2960
7217
2960
10182
2960
431
469
248
469
368
469
3262
6186
4439
6186
772
8917
5181
8917
7441
8917
1691
3564
3307
7664
3880
3881
8416
3881
7572
3881
9713
8310
4358
5796
1815
5796
7317
3968
3827
6135
2909
6135
3095
3759
10271
8855
7180
1945
1914
1945
8022
1945
4161
1945
7439
9666
10197
1522
10144
1522
8146
1522
4381
6531
10001
6531
1709
7776
2961
2965
2967
2965
1643
1694
1638
1694
7490
7458
10107
6397
9480
9432
2687
2693
2681
2693
1588
8377
3003
7621
10106
4183
2124
4183
2122
4183
5255
4183
2914
2927
7638
2927
10201
3521
3125
8566
2346
7643
7355
10248
735
3543
3742
3543
3656
3543
10164
8054
9804
6878
7749
8970
3169
8970
1587
8970
1889
1882
1629
1882
1947
8669
9143
1639
10084
1639
6870
1639
8069
1639
9147
1639
6781
1639
1884
1940
6821
4941
7109
4941
9809
3793
9471
6958
3027
3049
3044
3049
3
843
3507
10338
8850
10239
8850
8915
8850
842
6749
3591
6749
2907
6130
4422
6130
80
144
3065
3101
3067
3101
856
8315
8328
8315
10335
8315
9724
6801
8950
6801
485
429
486
429
82
161
8292
8278
8515
5512
8525
5512
5617
4697
2071
4697
7672
6298
2481
6298
3481
4923
3484
4923
5655
4923
5632
6554
7792
6554
4190
8176
2667
8176
3946
7262
3945
7262
8886
7262
7407
7389
674
7389
675
7389
9103
5600
4159
5600
4160
4159
5548
5735
6931
5735
1680
4353
9515
9498
7615
6196
8481
6196
3545
6028
4399
6028
194
195
9413
5066
8499
5066
6656
8303
8327
8303
3282
4470
3289
4470
3252
10012
2343
9830
226
227
3555
5424
1341
5424
1092
1107
1469
1471
1514
10000
9063
5786
1730
5786
10007
8441
10315
7344
7463
7344
7379
7344
930
943
3822
943
9681
9667
2261
2299
4345
5757
7766
5757
2247
2251
2234
2251
3367
7862
5251
5250
7288
10162
9788
10162
7311
10162
1989
6903
1548
6903
4411
6903
8437
6903
8455
6903
8492
6903
8502
6903
4382
6903
6468
6903
7598
6903
9918
6903
8496
6903
5626
6903
2753
6903
9975
6903
5642
6903
7637
6903
7655
6903
4396
6903
4576
6903
4386
6903
8465
6903
2470
6903
2476
6903
7642
6903
7616
6903
6408
6903
8452
6903
7662
6903
8446
6903
8485
6903
7604
6903
4429
6903
8442
6903
8521
6903
7666
6903
8472
6903
1826
6903
2031
6903
8540
6903
8449
6903
3382
6903
7703
6903
7683
6903
7605
6903
7648
6903
8448
6903
3843
6903
8459
6903
8484
6903
7658
6903
8489
6903
7602
6903
5087
6903
7641
6903
8508
6903
7698
6903
3588
6903
7712
6903
1902
6903
7633
6903
2930
6903
7689
6903
4924
6903
7679
6903
7674
6903
3771
3332
3830
8423
26
3891
915
921
4202
4475
6710
4475
6709
4475
1289
1309
1311
1309
8411
9871
2037
2018
7059
2018
8106
1892
9815
1892
1633
1892
4164
1892
1045
8402
2184
5638
962
964
991
964
1433
5237
8869
7201
8469
5730
7661
5730
8116
7149
2398
2413
2411
2413
8329
6387
7438
6387
7429
6387
8294
7363
1543
1684
7066
1684
406
366
646
366
2698
4193
9119
1414
7056
1414
6984
1414
9937
5605
2686
2683
3620
2683
283
641
292
641
1372
4252
7711
4252
3708
6356
6733
6356
7747
4656
3729
4656
7197
2006
1975
2006
7023
3233
7068
3233
7016
3233
21
9629
9599
9241
9599
7088
4417
2044
4687
3524
4687
7827
6288
8605
6288
10312
10288
9964
3472
5339
5338
8713
2234
4177
2234
2232
2234
8722
2234
9426
5461
4109
5461
10116
5255
10116
5255
4044
3783
3811
3783
10163
3783
401
618
240
451
421
451
371
451
3807
4713
2103
4713
9031
5745
9048
5745
3560
10287
7340
10287
686
10287
1912
1996
3677
1996
10045
8668
36
7303
8760
1406
8760
5228
8760
8790
8760
9858
6859
3976
10149
3488
10149
8245
10149
8211
10149
6652
10149
9663
10149
6661
3487
9382
3487
2245
2263
2183
2263
7083
7075
9733
7075
8568
4672
3576
4672
3080
3081
2765
2775
7237
6781
8029
10011
7522
813
5264
3456
8124
3456
8123
3456
7226
3456
102
7517
8802
9211
726
3617
6701
3617
3242
3264
3928
8259
3904
8259
7229
10089
7229
10089
6945
1902
1900
1902
1701
1902
1980
8392
8675
4276
8477
6372
7680
6372
8966
9326
9630
10246
904
10246
10280
10246
508
598
614
598
3273
8431
7342
7334
8057
933
3399
933
926
933
1323
933
9065
5595
1675
5595
9161
2717
2709
2717
9555
2717
9554
2717
3176
4203
7977
7017
1877
4361
2025
3675
1170
1174
6770
10161
7288
10161
7312
10161
2389
7191
1446
7575
3339
3342
542
573
175
573
625
573
7017
2289
717
9668
3255
3316
3317
3316
2347
2362
7022
6466
6863
6466
3471
9872
10019
7070
10019
7070
8016
2770
2750
2770
7690
5453
1367
5453
9056
2678
9192
8765
6410
3849
9781
10303
7326
10303
7533
3901
3653
4324
3786
4324
10392
9274
8131
5648
2428
5648
10119
5648
5249
5247
9421
5740
6949
5740
1101
6893
1002
6893
1291
6893
1531
6893
1044
6893
1142
6893
3580
6893
1166
6893
6792
6893
1071
6893
1054
6893
9951
6893
1030
6893
7750
6893
1114
6893
1022
6893
1174
6893
2243
6893
1133
6893
974
6893
8063
8727
218
219
56
2306
3778
9931
7570
9930
7570
9945
7570
7582
7570
8256
3969
10318
3670
7384
3670
85
150
2152
2244
7460
9710
9111
9497
3360
6206
8413
6206
3014
5348
2248
8454
8277
7351
3245
3243
3187
3243
4147
7966
387
649
650
649
7433
7399
9743
5590
10000
5590
7403
8293
2853
3221
3208
3221
1087
1097
8153
8152
10039
9058
2604
6273
2481
6273
1094
1111
1112
1111
1211
1227
9635
3497
8134
3497
3921
3497
3923
3497
3919
3497
6792
6791
5253
8023
10169
8023
2195
8023
5252
8023
773
774
3075
3091
3084
3091
4157
1815
7900
1815
7885
1815
9296
10222
8876
10222
8190
10222
6932
5536
8648
5536
1264
1265
1249
1265
2
383
1956
3803
3101
3117
303
304
1944
1957
1946
1957
3777
4707
2104
4707
7672
6308
9407
6308
1170
9470
7332
10286
10328
10286
9284
10286
1923
1986
665
666
10240
8847
10258
8847
3457
4874
3863
4874
2391
8041
2390
8041
1856
5820
5605
5820
1754
1877
1750
1877
3591
10319
714
10319
3507
10319
3587
2703
2702
2703
8594
5585
9441
5585
388
438
649
438
9592
7181
2968
7181
3153
3175
3768
3175
1549
6407
3522
6523
3539
6523
317
412
648
412
3401
1704
8221
1704
8815
1704
10224
1704
6475
4954
7597
4954
7160
9160
1883
1935
10011
9525
290
437
1504
8382
2026
2019
7059
2019
7825
6541
3709
6541
1841
4558
1810
4558
679
10247
7305
10247
3745
6145
2902
6145
976
1328
9467
5113
2478
5113
8561
5825
3751
5825
710
711
949
7752
3260
9431
1584
9431
1824
9431
3358
9431
4355
9431
3726
9431
6780
9431
3623
9431
9933
9431
1863
9431
1971
9431
1851
9431
9090
9431
9479
9431
9096
9431
2791
9431
2571
9431
9481
9431
1557
9431
2722
9431
2284
9431
6771
9431
4131
9431
4398
9431
3385
9431
2925
9431
4415
9431
3801
9431
9919
9431
2326
9431
10003
9431
2940
9431
3949
6883
799
6883
9044
5867
9049
5867
2197
2279
5196
1260
3915
1260
3914
1260
9566
1260
403
345
314
345
2268
4811
5628
4811
1833
5806
1845
5806
8492
9924
4396
9924
4576
9924
7642
9924
8446
9924
7604
9924
7703
9924
7605
9924
8448
9924
8484
9924
8489
9924
7641
9924
7698
9924
3588
9924
1902
9924
2930
9924
7689
9924
4924
9924
7679
9924
3179
7633
1805
1810
301
477
8354
3533
10377
3533
3617
3533
7995
4178
9987
9127
8588
6140
2432
2552
42
8283
1063
1087
1076
1087
7237
1629
1624
1629
7318
9165
2729
4931
6831
4931
1047
1056
1921
1930
2256
6009
2361
6009
3169
3170
2669
9496
7796
5580
9979
5580
9314
8294
8303
8294
1601
10003
9401
4908
3796
4908
9394
5765
4354
5765
118
171
1426
4129
8467
5727
3033
5727
9167
8740
9966
6839
5221
5220
1464
8648
6986
6274
6057
6274
7872
6274
9637
7232
903
7232
2201
2221
2150
2243
1244
7912
7244
3244
3996
3244
10221
3244
3132
8453
807
808
994
999
919
999
1209
4082
1199
4082
9757
700
7656
5036
7654
5036
950
951
931
951
1555
7832
7411
8239
323
324
9460
4323
1613
4323
8244
9273
8902
9273
8892
9273
7117
6058
9992
6058
870
871
30
385
2286
6894
3071
9206
3542
1678
1682
1678
4342
4341
2338
4771
7624
4771
2257
6682
8445
5085
2479
5085
1767
1770
9553
6412
2315
2316
2167
8590
3316
3362
3158
3289
9575
9568
8117
9568
9187
9568
8611
5454
6778
5454
2746
9833
703
705
4120
6446
990
6446
1971
4626
1930
4626
4385
2342
6964
2342
4379
2342
3122
4204
7617
6211
7610
6211
1151
1173
1682
1717
1715
1717
6796
9874
1706
9987
10179
5225
1284
1306
1307
1306
9172
8745
259
260
277
278
2901
2902
8535
5760
8501
5760
679
7333
3877
10185
3962
934
8174
934
9627
934
8205
934
6987
5668
4199
5668
6988
5668
5268
5267
6935
5368
5291
5368
9533
2264
8625
4509
8630
4509
1427
8595
8416
2081
7572
2081
7716
2081
813
814
2602
5080
6768
5080
1774
1775
8040
1775
1781
1775
5323
1775
3590
7946
3248
3263
342
343
649
343
233
490
372
490
3575
4714
8629
4714
9038
2996
6743
7119
1141
4222
1164
4222
1805
9946
1392
5431
9438
5431
4936
6326
2726
6326
9377
9372
1204
4092
8833
2170
8199
2170
2878
5171
9034
5171
1229
1245
1259
1245
9654
10224
2645
3818
487
462
463
462
146
145
8181
8806
8827
8806
7280
8806
217
557
8301
8284
2862
2930
8237
8825
10206
8825
2618
2629
3922
8061
3920
8061
1314
8061
3919
8061
7375
8867
10236
8867
10252
8867
7904
6505
7894
6505
1529
1552
4034
1552
2568
9009
1316
9009
3663
9009
8482
9009
8538
9009
3643
9009
8539
9009
5578
9009
8529
9009
8519
9009
2873
9009
7718
9009
8528
9009
3653
9009
8531
9009
8541
9009
6119
9009
2495
9009
2256
9009
3725
9009
3840
9009
2939
9009
7690
9009
3740
9009
8534
9009
4926
9009
8544
9009
3786
9009
3735
9009
1367
9009
2361
9009
3704
9009
2534
9009
6003
9009
4890
9009
3684
9009
8517
9009
3711
9009
8530
9009
4391
9009
2633
9009
8515
9009
2207
9009
3864
9009
8504
9009
7715
9009
8520
9009
3834
9009
8525
9009
2033
9009
9959
9009
3692
9009
4232
9009
8451
9009
9956
9009
1618
9009
8542
9009
3838
9009
2609
9009
2312
9009
8532
9009
1865
9009
2806
9009
8522
9009
9947
9009
3511
9009
2533
5095
2547
5095
7006
6692
6693
6692
4208
6692
2758
2810
1207
1208
1189
1208
1444
8580
3674
7634
8586
7634
4487
7634
437
292
288
292
3160
3279
1951
3534
3494
6561
2469
6561
9161
9140
10042
8005
10042
8005
2908
6127
2922
6127
9789
3938
1890
3729
7888
6165
7907
6165
9501
6884
7908
6884
3433
9986
6676
9308
3016
6500
3031
6500
8839
8820
9774
8820
9650
9625
3097
6719
6461
5847
4578
5847
3011
3019
3856
6928
3199
6928
1578
6928
4925
6928
2788
6928
2066
6928
4414
6928
2908
6928
6090
6928
2359
6928
2601
6928
2632
6928
3383
6928
3277
6928
6674
6928
1728
6928
3792
6928
2480
6928
6694
6928
2531
6928
3720
6928
3374
6928
3683
6928
3353
6928
5627
6928
2938
6928
2739
6928
4972
6928
4893
6928
5634
6928
1780
6928
3744
6928
3293
6928
4133
6928
1674
6928
4436
6928
1481
6928
2268
6928
2922
6928
1503
6928
1756
6928
3714
6928
1866
6928
2051
6928
2654
6928
3457
6928
6799
6928
4432
6928
3863
6928
1614
6928
1905
6928
2866
6928
2098
6928
5318
6928
3261
6928
2802
6928
4363
6928
3322
6928
5628
6928
1532
6928
2385
6928
5659
6928
1940
6928
1965
6928
6476
6928
1453
6928
1585
6928
2477
5114
6763
5114
2934
2935
5660
2935
3587
2704
2708
2704
7978
2175
2227
2175
7080
2175
9117
2175
1241
1240
1207
1240
3867
10329
2898
2877
2872
2877
9970
6524
7906
6524
6970
9922
1472
8536
3866
4953
6845
4953
8798
1703
7251
1703
1704
1703
10267
1703
10216
10145
3971
10145
3563
10145
9817
10145
7589
6160
3745
6160
2980
2986
7107
2986
7525
7428
2712
7651
3600
3599
8052
8000
9804
9145
9804
9145
1553
7699
3275
2957
2952
2957
9917
3551
2678
3551
1920
9947
2632
4873
3863
4873
7441
2117
52
773
968
8585
8758
8024
8046
8024
8746
8024
8099
8024
6080
5090
6081
5090
198
199
7210
2091
9182
2091
9177
2091
2434
9407
2707
2815
9820
3804
3429
3804
9832
3804
2400
3804
8037
7990
10118
7990
10132
7990
10072
7990
1222
1235
2024
3589
2446
9948
1748
7689
1557
5566
3809
5566
8444
5669
8498
5669
6743
7118
9688
10352
2111
5970
2369
5970
2645
4924
2324
6553
2279
6553
7387
10313
1583
9397
7170
2101
9478
5100
2532
5100
9508
2049
3474
2049
3475
2049
3175
3794
2832
2940
5578
4528
3864
4528
1502
2639
1175
2639
1823
2639
4392
2639
4315
2639
1299
2639
6900
2639
4337
2639
4126
2639
1731
2639
4740
2639
2105
2639
4357
2639
4258
2639
1848
2639
4400
2639
4150
2639
1209
2639
2075
2639
4110
2639
6035
2639
1904
2639
2321
2639
1340
2639
3835
2639
2050
2639
1122
2639
2598
2639
4130
2639
6737
2639
4127
2639
2565
2639
1606
2639
4111
2639
2278
2639
1995
2639
1936
2639
1483
2639
4095
2639
4339
2639
1065
2639
4359
2639
1106
2639
6406
2639
4113
2639
1141
2639
1394
2639
4364
2639
1085
2639
4118
2639
1237
2639
1782
2639
1403
2639
4096
2639
1970
2639
1199
2639
2638
2639
2605
2639
8423
2639
7575
2639
1097
2639
1986
2639
2471
2639
3858
2639
1164
2639
2206
2639
1333
1358
2354
7644
4195
2882
2856
2882
9022
1257
1208
1257
10012
3544
7179
8053
10159
8053
5196
1286
3915
1286
9787
1286
3914
1286
5193
1286
192
193
7385
9298
8616
6490
8630
6490
1835
8512
8323
3739
2869
9473
8913
3948
8066
1927
9509
1693
1643
1693
6940
5369
7742
5369
8350
685
2695
2694
2681
2694
455
207
4185
4184
9855
9130
9159
9130
8742
9130
6976
5850
1857
5850
1952
1965
2186
9434
2485
2522
7069
2522
2634
2522
4184
2522
8057
9157
7904
5837
7856
5837
6742
2945
3678
2945
1242
9566
3913
9566
663
9186
1185
1198
3796
5105
2479
5105
2038
6702
1019
1026
1010
1026
3735
5975
8522
5975
202
549
3425
3563
3304
7663
5944
9921
3545
9921
7771
9921
9840
9921
5314
9921
1272
9921
7747
9921
1725
9921
9433
9921
10005
9921
7805
9921
3564
9921
3472
9921
2793
8546
1220
1230
8023
7995
1785
5855
1895
5855
787
788
2874
4961
2883
4961
8755
9135
1364
4102
945
979
5216
979
6395
979
5215
979
4166
1960
10052
1960
7918
1960
8660
1960
7047
1960
9104
1960
8881
8796
3895
680
7446
680
7447
680
7448
680
1656
1659
9839
1659
7045
1659
8668
1659
1572
1576
1721
7722
515
585
196
585
427
585
7578
6495
8418
6495
9450
5917
3803
5917
2215
4888
7669
4888
1452
9387
2181
8730
9226
8730
8782
8730
8786
8730
9099
6829
5257
7242
2017
3784
3425
3784
9817
3784
3590
8638
1724
9356
3690
9356
2452
8605
1472
4139
10008
3579
9053
3234
2233
7980
2039
5046
3554
5046
8602
7679
5275
7679
3573
7679
3886
9699
10383
9699
9332
9699
3102
10014
787
7409
3629
7409
783
7409
789
7409
5206
4010
5207
4010
10004
4010
5208
4010
4177
2233
8722
2233
9829
2233
4008
3006
3009
3006
8028
963
954
963
9998
2414
1543
1683
1686
1683
8897
7364
7391
7364
2153
8461
108
9119
1413
7963
1413
1416
1413
7056
1413
10008
4194
1457
7842
2642
2684
2683
2684
62
695
10314
8229
2518
6610
8565
6610
2888
2892
2889
2892
432
371
398
371
2849
6718
8343
10356
862
10356
3656
10356
9342
10356
2774
6909
8559
6909
2208
6909
2813
6909
1676
6909
7819
6909
3349
6909
7818
6909
6972
6909
2871
6909
7809
6909
2477
6909
6036
6909
7749
6909
1833
6909
2518
6909
7839
6909
3287
6909
2884
6909
7844
6909
3364
6909
7851
6909
3389
6909
7833
6909
7788
6909
3148
6909
3280
6909
7743
6909
7823
6909
4613
6909
6947
6909
3222
6909
7751
6909
2551
6909
7734
6909
3184
6909
7774
6909
3169
6909
2337
6909
3259
6909
8565
6909
3743
6909
3700
6909
2790
6909
3180
6909
5010
6909
7840
6909
4938
6909
8582
6909
2099
6909
3662
6909
7817
6909
6763
6909
8631
6909
1845
6909
2224
6909
2029
6909
4921
6909
3231
6909
7846
6909
1587
6909
1727
6909
7736
6909
2244
6909
3819
6909
1820
6909
5629
6909
8470
3018
3497
10164
5319
4331
1556
4331
7398
3426
1263
1296
2415
9988
3175
6480
8253
9288
996
4015
920
4015
3115
6904
9338
9713
6378
9713
5311
6436
8614
6436
3226
8424
686
7321
8258
7321
3742
6677
2302
2332
6783
7985
3721
8600
3518
8600
7920
8600
3250
3251
7372
7343
1509
7816
3185
3299
2955
3299
9176
9567
9253
8122
10309
944
8311
944
3438
944
7358
944
456
531
633
531
1204
9028
9611
9196
8780
9196
8058
8735
1187
1188
1156
1188
2186
2471
3086
6485
7837
6485
1648
7936
1172
4077
1161
4077
2638
4898
2605
4898
8313
8304
7422
8304
3500
8304
1380
5423
1318
5423
3359
5012
3771
5012
6975
6615
4864
6615
3504
3819
3503
3819
7008
3819
231
590
550
590
622
590
982
989
7519
798
7510
9795
3736
10300
8883
10300
8265
10300
241
242
10115
8786
9389
5441
1354
5441
9680
690
1680
4354
438
516
10269
7216
9626
7216
3420
7216
10306
7216
10256
7216
1880
8757
12
208
3778
4833
7644
4833
3001
7611
1488
3511
2874
2917
6684
2917
9238
10141
10185
10141
1534
1546
1545
1546
9726
7481
790
7481
7156
2855
5269
2855
9565
2855
2820
2855
2143
2186
8688
2186
6388
8268
2128
2157
2127
2157
3538
733
724
733
9591
10266
8188
10266
9647
10266
3367
6981
2973
2975
2972
2975
7433
8325
680
8325
2772
5154
6091
5154
10189
9621
8821
9621
89
8367
4132
5522
6969
5522
473
591
611
591
193
591
1442
8576
2754
2837
541
501
477
501
3868
5945
2078
5945
9026
4913
2556
4913
165
8960
9648
2135
3907
6868
703
6868
5177
6868
882
6868
3905
6868
3900
6868
857
6868
870
6868
876
6868
716
6868
712
6868
706
6868
729
6868
9734
6868
739
6868
839
6868
723
6868
3884
6868
3883
6868
851
6868
863
6868
861
6868
700
6868
1773
1796
318
419
647
419
10006
8659
748
3574
10352
3574
3296
7674
9807
9817
9488
5694
3681
5694
3327
7907
8684
9101
6398
2397
2389
2397
8797
2397
6397
2397
2834
2850
2851
2850
1658
9049
9455
5882
1757
5882
5272
5339
8125
5339
1429
3769
9692
3978
750
7408
64
9738
1600
7766
9227
10128
3860
7307
144
8965
8486
5131
9060
5131
10213
2130
3877
2130
2065
3858
774
8927
10371
10348
7414
10348
2076
5940
2028
5940
9539
8693
7096
8693
5640
5639
7730
5394
6961
5394
9297
9648
10310
9648
9301
9648
8129
1512
5224
1512
9597
1512
1496
1512
3673
10078
2280
2298
2294
2298
98
2501
2566
8366
8320
1074
1062
10186
1062
8101
1062
8048
1062
2674
2669
2406
2669
7175
2970
2969
2970
2139
2196
8023
2196
10218
4047
2012
2028
627
582
211
582
8959
854
3755
1735
1718
1735
3650
2441
2411
2441
3830
1319
6780
4601
1786
4601
1540
1600
1537
1600
3700
4549
1820
4549
6874
3462
10305
10267
6833
9792
969
1424
780
9332
7686
5471
9054
5471
9853
4754
3854
4754
2403
2423
2426
2423
44
7491
7779
6251
6692
6251
3287
4465
3180
4465
2739
6299
2654
6299
1110
1133
1708
1757
8188
9600
5610
1786
9972
6647
7613
6647
4428
4427
4428
4427
958
974
7400
10181
7400
10181
7044
6991
10363
7373
10138
4003
10138
4003
7528
831
69
89
366
546
5894
5892
9416
5892
8843
9233
49
238
5630
6018
4410
6018
9319
9688
752
9688
9710
9688
211
212
7033
7872
2254
2356
3730
6452
8564
6452
1320
5414
1290
5414
8113
9829
7186
9829
8104
9829
2145
9829
236
237
1593
1605
8317
2387
1683
1730
5667
5684
3279
5684
1909
9816
2109
4731
3463
4731
8077
1638
8801
1638
8793
1638
10095
1638
9147
1638
8834
7272
1528
7272
3935
7272
2400
8166
7818
6234
3184
6234
4176
2288
7981
2288
2231
2288
9831
2288
1233
5384
1250
5384
2694
9999
7197
4169
9620
4169
5328
4169
182
183
4396
6006
7604
6006
6072
5076
3810
5076
3373
8413
6677
911
9998
8683
9847
1461
1431
1461
10082
7952
6481
4460
6417
4460
3911
3959
1154
3959
7135
3768
7153
3768
1461
7560
4392
5996
4400
5996
2163
6655
2212
5052
2241
5052
7432
3660
1703
4037
9136
7976
7958
3326
3499
3326
7057
3326
8024
3326
9750
9646
7969
2431
2427
2431
4191
2431
4417
2431
1738
1745
1678
1745
10190
10076
8147
10076
7861
4314
22
229
8723
8717
8723
8717
8853
7256
10254
7256
6794
7256
10341
9791
9301
9791
10387
9342
6686
9342
3527
7287
7366
7287
7309
7287
7784
6263
8550
6263
736
7388
768
7388
8917
7388
1405
9687
9717
9687
841
9687
66
9736
2062
2372
3340
6476
9057
6637
7601
6637
2126
10126
7727
5902
3859
5902
10079
2760
3731
2760
8021
2760
2954
7060
4056
4055
4056
4055
830
9709
838
9709
2666
2668
4190
2668
5262
2668
10166
2668
1126
1143
3862
8775
10199
8775
9224
8775
1831
9081
1110
7887
1109
1121
8219
9264
10215
10182
10198
10182
8192
10182
4580
7856
3205
3211
2910
3211
1604
1595
5317
1595
8295
8269
8901
8269
1444
1453
7487
10403
7490
10403
7492
10403
7489
10403
7498
10403
7493
10403
7494
10403
7491
10403
8215
10150
6681
10150
5228
10150
3940
10150
3941
10150
390
313
8563
4266
8585
4266
4740
4723
3858
4723
3837
6362
9375
6362
840
841
7316
9243
2593
6289
2614
6289
2453
2454
2441
2454
3756
4741
8607
4741
3994
3993
822
823
110
7527
1712
1740
1704
1740
9251
9221
1630
1648
7085
1648
9965
4371
1962
3627
1149
1164
7942
7001
1844
3665
6651
6650
3051
3058
3059
3058
9494
6949
7043
7565
1666
7565
9023
7565
9498
7565
7200
6758
8056
1590
4032
1590
8006
1590
7131
1590
5227
1590
1851
4591
1786
4591
736
9316
7360
10268
6827
10268
9685
10268
2945
10090
8449
6244
8448
6244
10002
8678
281
282
2168
2206
9880
6869
7567
6869
9372
6869
2817
8770
35
7449
9841
2273
2184
2273
4181
2273
2264
2273
8933
9703
2733
2765
2764
2765
837
7501
832
7501
3989
4050
9651
4050
8218
4050
7095
7065
7783
4662
3865
4662
2716
2727
9514
7027
3256
3274
3229
3274
7136
8703
1409
1536
1526
1536
10179
10142
3758
4843
4863
4843
8967
721
7801
5815
10230
7297
3973
7297
3523
7297
10076
9175
7505
743
5633
4821
9411
4821
1734
1820
7135
3160
3186
3160
7581
5986
2303
5986
9
288
8065
10077
3535
2308
5637
2308
4803
2308
9450
5957
2074
5957
1271
5404
1291
5404
9277
9647
897
9647
250
251
10029
7897
9758
2407
2392
2407
4459
9091
5698
5704
3117
5704
9808
9818
7989
9117
3628
5877
9071
5877
8911
10359
6384
10359
11
904
9622
1575
1585
65
9737
290
480
3699
2145
9220
2145
3975
2145
5246
2145
5245
2145
10225
2145
9704
9686
6677
9686
7413
7398
3442
7398
1259
1270
10071
1270
10163
10127
2612
9925
3230
9925
8518
9925
9393
9925
2714
9925
3215
9925
4142
9925
2035
9925
3827
9925
2909
9925
3262
9925
5838
9925
3411
9925
6735
9925
3757
9925
2675
9925
4439
9925
4942
9925
1355
9925
3194
9925
2212
9925
6464
9925
7727
9925
6061
9925
8535
9925
8501
9925
5606
9925
1856
9925
2942
9925
2525
9925
4123
9925
1732
9925
2468
9925
3370
9925
2550
9925
3839
9925
9395
9925
9390
9925
3859
9925
7726
9925
8488
9925
8512
9925
3762
2847
2834
2847
2318
6019
5630
6019
10060
4168
8613
5935
8623
5935
299
458
3985
3983
1793
1867
3203
8552
3096
3127
1203
1217
3140
3165
3157
3165
8081
8013
7968
1825
9583
9170
1804
1806
1776
1806
6737
5810
4359
5810
9527
9524
5330
5329
9102
9469
2563
6279
4864
6279
2844
7158
9062
5930
3577
5930
7834
6513
3667
6513
2261
5629
3887
764
8045
2140
9166
2140
8147
2140
8044
2140
8745
2140
1258
1275
299
395
2656
5141
2742
5141
1759
4581
3665
4581
1563
1580
2672
5123
9047
5123
1280
1318
2616
4864
197
427
8050
2009
8118
2009
8772
2009
1975
2009
8334
676
