1 0 0 0 1 0 0 0 0 0 0 2 0 2 0 0 0 0 0 0 2 2 0 0 0 0 0 0 0 0 0 0 0 0
1 0 0 0 0 0 0 0 0 1 0 3 0 2 0 0 0 1 0 0 1 3 0 0 0 0 0 0 0 0 0 0 0 0
1 0 0 0 1 0 0 0 0 0 0 2 0 2 0 0 0 0 0 0 2 2 0 0 0 0 0 0 0 0 0 0 0 0
1 0 0 1 0 1 0 0 1 3 2 0 0 64 0 0 0 1 0 0 2 3 0 0 0 0 0 0 0 0 0 0 0 0
1 0 0 0 1 0 0 0 0 0 0 2 0 2 0 0 0 0 0 0 2 2 0 0 0 0 0 0 0 0 0 0 0 0
1 0 0 1 0 0 0 0 1 0 1 3 0 0 0 0 0 0 0 0 2 1 0 0 0 0 0 0 0 0 0 0 0 0
0 0 0 0 2 0 0 0 1 2 1 3 0 1 0 0 0 0 0 0 4 1 0 0 0 0 0 0 0 0 0 0 0 0
0 0 0 0 1 0 1 2 0 0 0 0 0 0 0 0 0 0 0 0 2 1 0 0 0 0 0 0 0 0 0 1 0 0
0 0 0 1 1 0 0 3 0 0 0 7 0 1 0 0 0 0 0 0 2 1 0 0 0 0 0 0 0 0 0 0 0 0
0 0 0 0 0 0 0 4 1 0 0 0 7 3 0 0 0 0 0 0 3 1 0 0 0 0 0 0 0 0 0 0 0 0
1 0 0 1 1 0 1 1 0 0 0 0 1 1 0 0 0 0 0 0 2 2 0 0 0 0 0 0 0 0 0 0 0 0
1 0 0 1 1 0 0 1 1 0 0 1 0 2 0 0 0 0 0 0 2 2 0 0 0 0 0 0 0 0 0 0 0 0
0 0 0 1 2 0 0 0 0 1 1 3 0 2 0 0 0 0 0 0 4 1 0 0 0 0 0 0 0 0 0 0 0 0
0 0 0 2 1 0 0 0 0 1 0 4 0 0 0 0 0 0 0 1 2 1 0 0 0 0 0 0 0 0 0 0 0 1
0 0 0 2 3 0 0 1 2 1 1 0 0 1 0 0 0 0 0 2 4 3 0 0 0 0 0 0 0 0 0 0 0 0
0 0 0 1 1 0 0 4 1 1 0 0 0 0 0 0 0 0 0 0 2 1 0 0 0 0 0 0 0 0 0 0 0 0
0 0 0 0 2 0 0 2 0 3 0 0 0 1 0 0 0 0 0 0 1 1 0 0 0 0 0 0 0 0 0 0 0 0
1 0 0 1 1 0 0 0 0 0 0 1 0 3 0 0 0 1 0 0 2 2 0 0 0 0 0 0 0 0 0 0 0 0
0 0 0 2 7 0 0 2 0 2 2 5 0 5 0 1 0 0 0 0 3 2 0 0 0 0 0 0 0 0 0 0 0 0
0 0 0 0 0 0 0 4 1 0 1 0 5 3 0 0 1 0 0 0 3 1 0 0 0 0 0 0 0 0 0 0 0 0
0 0 0 1 0 0 3 1 1 4 0 0 3 5 0 0 0 0 0 0 3 2 0 0 0 0 0 0 0 0 0 0 0 0
0 0 0 3 2 0 0 1 0 0 1 3 0 1 0 0 0 0 0 0 4 1 0 0 0 0 0 0 0 0 0 0 0 0
0 0 0 4 2 0 0 3 0 0 0 12 0 3 0 0 0 0 0 0 3 2 0 0 0 0 0 0 0 0 0 0 0 0
0 0 0 2 0 0 0 2 4 2 0 0 0 3 0 0 0 2 0 0 2 3 0 0 0 0 0 0 0 0 0 0 0 0
1 0 0 0 1 0 0 0 0 0 0 2 0 2 0 0 0 0 0 0 2 2 0 0 0 0 0 0 0 0 0 0 0 0
1 0 0 0 1 0 0 0 0 0 0 2 0 2 0 0 0 0 0 0 2 2 0 0 0 0 0 0 0 0 0 0 0 0
0 0 0 2 1 0 0 3 1 2 1 0 0 1 0 0 0 1 0 0 3 3 0 0 0 0 0 0 0 0 0 0 0 0
0 0 0 0 2 0 0 4 1 0 0 1 0 1 0 1 0 0 0 0 2 1 0 0 0 0 0 0 0 0 0 0 0 0
1 0 0 0 1 0 0 0 0 0 0 2 0 2 0 0 0 0 0 0 2 2 0 0 0 0 0 0 0 0 0 0 0 0
0 0 0 2 2 0 0 4 1 0 0 11 0 2 0 2 0 1 0 1 3 4 0 0 0 0 0 0 0 0 0 0 0 0
0 0 0 1 0 0 0 2 2 2 0 0 1 2 0 0 0 0 0 0 2 1 0 0 0 0 0 0 0 0 0 0 0 0
0 0 0 0 2 0 0 0 1 2 0 2 0 1 0 0 0 0 0 0 4 1 0 0 0 0 0 0 0 0 0 0 0 1
0 0 0 1 0 0 0 4 1 0 0 5 0 0 0 1 0 0 0 0 2 1 0 0 0 0 0 0 0 0 0 0 0 0
0 0 0 4 0 0 0 2 3 2 0 3 0 3 0 0 0 0 0 0 2 2 0 0 0 0 0 0 0 0 0 0 0 0
1 0 0 0 1 0 0 0 0 0 0 2 0 2 0 0 0 0 0 0 2 2 0 0 0 0 0 0 0 0 0 0 0 0
0 0 0 0 1 0 0 2 0 0 0 8 1 1 0 0 0 0 0 0 2 2 0 0 0 0 0 0 0 0 0 0 0 0
1 0 0 0 1 0 0 0 0 0 0 2 0 2 0 0 0 0 0 0 2 2 0 0 0 0 0 0 0 0 0 0 0 0
0 0 0 2 4 0 0 4 0 2 2 6 0 4 0 0 0 0 0 0 3 2 0 0 0 0 0 0 0 0 0 0 0 0
1 0 0 0 1 0 0 0 0 0 0 2 0 2 0 0 0 0 0 0 2 2 0 0 0 0 0 0 0 0 0 0 0 0
1 0 0 0 1 0 0 0 0 0 0 2 0 2 0 0 0 0 0 0 2 2 0 0 0 0 0 0 0 0 0 0 0 0
0 0 0 0 0 0 0 0 1 1 0 0 3 4 0 0 0 0 0 0 1 2 0 0 0 0 0 0 0 0 0 0 0 0
0 0 0 0 3 0 0 0 0 3 0 3 0 1 0 0 0 0 0 0 4 1 0 0 0 0 0 0 0 0 0 0 0 0
0 0 0 1 0 0 0 2 1 4 0 0 1 1 0 0 0 0 0 0 2 1 0 0 0 0 0 0 0 0 0 0 0 0
0 0 0 2 0 0 0 0 2 0 0 9 0 5 0 0 0 0 0 0 3 2 0 0 0 0 0 0 0 0 0 0 0 0
0 0 0 0 2 0 0 0 0 4 0 2 0 1 0 0 0 0 0 0 4 1 0 0 0 0 0 0 0 0 0 0 0 1
0 0 0 3 0 0 0 4 0 0 0 6 0 11 0 0 0 0 0 0 3 4 0 0 0 0 0 0 0 0 0 0 0 0
0 0 0 0 0 0 0 2 2 2 0 0 1 2 0 0 0 0 0 0 1 2 0 0 0 0 0 0 0 0 0 0 0 0
0 0 0 1 0 0 0 4 3 1 0 14 0 0 0 0 0 1 0 0 3 3 0 0 0 0 0 0 0 0 0 0 0 0
0 0 0 3 0 0 0 3 2 3 0 1 2 3 0 0 0 2 0 0 2 3 0 0 0 0 0 0 0 0 0 0 0 0
0 0 0 3 1 0 0 2 0 1 0 7 0 8 0 0 0 0 0 0 3 2 0 0 0 0 0 0 0 0 0 0 0 0
0 0 0 1 0 0 0 3 1 1 0 0 1 1 0 0 0 0 0 0 2 1 0 0 0 0 0 0 0 0 0 1 0 0
0 0 0 2 1 0 1 2 0 0 0 2 0 0 0 0 0 0 0 0 2 1 0 0 0 0 0 0 0 0 0 1 0 0
0 0 0 2 0 0 0 0 0 0 0 3 0 6 0 0 0 0 0 0 2 1 0 0 0 0 0 0 0 0 0 0 0 0
0 0 0 0 0 0 0 2 0 0 0 2 0 6 0 0 0 1 0 0 2 1 0 0 0 0 0 0 0 0 0 0 0 1
0 0 0 2 4 0 0 4 1 3 2 5 0 2 0 0 0 0 0 0 3 2 0 0 0 0 0 0 0 0 0 0 0 0
0 0 0 0 3 1 0 0 0 1 1 3 0 1 0 0 0 0 0 0 4 1 0 0 0 0 0 0 0 0 0 0 0 0
0 0 0 2 4 0 0 0 0 2 2 1 0 2 0 0 0 0 0 0 2 1 0 0 0 0 0 0 0 0 0 0 0 0
1 0 0 0 1 0 0 0 0 0 0 2 0 2 0 0 0 0 0 0 2 2 0 0 0 0 0 0 0 0 0 0 0 0
0 0 0 1 0 0 1 3 0 0 0 7 0 1 0 0 0 0 0 0 2 1 0 0 0 0 0 0 0 0 0 0 0 0
0 0 0 1 0 0 0 2 0 2 0 5 1 0 0 0 0 0 0 0 2 1 0 0 0 0 0 0 0 0 0 0 0 0
1 0 0 0 1 0 0 0 0 0 0 2 0 2 0 0 0 0 0 0 2 2 0 0 0 0 0 0 0 0 0 0 0 0
0 0 0 0 2 0 0 4 1 1 0 0 65 4 0 0 0 0 0 0 3 3 0 0 0 0 0 0 0 0 0 0 0 0
0 0 0 2 0 0 0 4 0 1 0 3 0 1 0 0 0 0 0 0 2 1 0 0 0 0 0 0 0 0 0 0 0 0
0 0 0 2 0 0 0 2 1 1 0 0 0 0 0 0 0 0 0 0 1 1 0 0 0 0 0 0 0 0 0 0 0 0
0 0 0 0 1 0 0 1 1 1 0 0 0 0 0 0 0 0 0 0 1 1 0 0 0 0 0 0 0 0 0 0 0 0
0 0 0 2 0 0 0 1 1 0 0 6 0 2 0 0 0 1 0 0 2 1 0 0 0 0 0 0 0 0 0 0 0 0
1 0 0 0 1 0 0 0 0 0 0 2 0 2 0 0 0 0 0 0 2 2 0 0 0 0 0 0 0 0 0 0 0 0
0 0 0 2 0 0 0 0 0 0 0 10 0 1 0 1 0 2 0 1 3 2 0 0 0 0 0 0 0 0 0 0 0 0
0 0 0 1 0 0 0 2 0 0 0 6 0 1 0 0 0 3 0 0 2 1 0 0 0 0 0 0 0 0 0 0 0 0
1 0 0 0 1 0 0 0 0 0 0 2 0 2 0 0 0 0 0 0 2 2 0 0 0 0 0 0 0 0 0 0 0 0
0 0 0 1 3 0 0 1 0 0 2 3 0 1 0 0 0 0 0 0 4 1 0 0 0 0 0 0 0 0 0 0 0 0
1 0 0 0 1 0 0 0 0 0 0 2 0 2 0 0 0 0 0 0 2 2 0 0 0 0 0 0 0 0 0 0 0 0
0 0 0 0 1 0 1 3 0 2 0 0 2 1 0 0 0 0 0 0 3 1 0 0 0 0 0 0 0 0 0 0 0 0
0 1 0 1 0 0 0 1 0 1 0 0 0 0 0 0 0 0 0 0 1 1 0 0 0 0 0 0 0 0 0 0 0 0
0 0 0 1 2 0 0 0 1 2 0 3 0 1 0 0 0 0 0 0 4 1 0 0 0 0 0 0 0 0 0 0 0 0
0 0 0 2 0 0 0 8 1 0 0 5 0 0 0 0 0 1 0 1 3 3 0 0 0 0 0 0 0 0 0 0 0 0
0 0 0 0 0 0 0 2 0 0 0 3 0 6 0 0 0 0 0 0 2 1 0 0 0 0 0 0 0 0 0 0 0 0
0 0 0 1 4 0 0 1 0 0 1 3 0 1 0 0 0 0 0 0 4 1 0 0 0 0 0 0 0 0 0 0 0 0
0 0 0 3 3 0 0 2 0 0 1 2 0 2 0 0 0 0 0 0 4 1 0 0 0 0 0 0 0 0 0 0 0 0
0 0 0 0 0 0 0 3 5 0 1 0 3 3 0 0 0 0 0 0 3 1 0 0 0 0 0 0 0 0 0 0 0 0
0 0 0 0 3 0 0 0 1 1 1 3 0 1 0 0 0 0 0 0 4 1 0 0 0 0 0 0 0 0 0 0 0 0
0 0 0 3 0 0 0 3 0 0 0 16 0 2 0 0 0 0 0 0 3 2 0 0 0 0 0 0 0 0 0 0 0 0
0 0 0 0 0 0 0 0 1 3 0 4 0 0 0 0 0 0 0 0 2 2 0 0 0 0 0 0 0 0 0 0 0 0
0 0 0 2 0 0 0 1 1 0 0 16 0 0 0 0 0 0 0 2 3 4 0 0 0 0 0 0 0 0 0 0 0 0
0 0 0 0 2 0 0 1 1 1 0 7 0 9 0 0 0 0 0 2 3 4 0 0 0 0 0 0 0 0 0 0 0 0
0 0 0 0 1 0 1 3 0 1 0 0 0 0 0 0 0 0 0 0 2 1 0 0 0 0 0 0 0 0 0 1 0 0
0 0 0 4 0 0 0 1 0 1 0 4 0 11 0 0 0 4 0 0 3 4 0 0 0 0 0 0 0 0 0 0 0 0
0 0 0 0 6 0 0 0 0 4 2 7 0 3 0 0 0 0 0 0 3 2 0 0 0 0 0 0 0 0 0 0 0 0
1 0 0 1 1 0 0 0 0 0 0 1 0 3 0 0 0 1 0 0 2 2 0 0 0 0 0 0 0 0 0 0 0 0
1 0 0 0 1 0 0 4 0 0 0 0 0 0 0 0 0 0 0 0 2 2 0 0 0 0 0 0 0 0 0 0 0 0
0 0 0 0 6 0 0 3 0 0 3 7 0 3 0 0 0 0 0 0 3 2 0 0 0 0 0 0 0 0 0 0 0 0
1 0 0 0 1 0 0 0 0 0 0 2 0 2 0 0 0 0 0 0 2 2 0 0 0 0 0 0 0 0 0 0 0 0
1 0 0 0 1 0 0 0 0 0 0 2 0 2 0 0 0 0 0 0 2 2 0 0 0 0 0 0 0 0 0 0 0 0
1 0 0 0 1 0 0 0 0 0 0 2 0 2 0 0 0 0 0 0 2 2 0 0 0 0 0 0 0 0 0 0 0 0
1 0 0 0 1 0 0 0 0 0 0 2 0 2 0 0 0 0 0 0 2 2 0 0 0 0 0 0 0 0 0 0 0 0
1 0 0 0 1 0 0 0 0 0 0 2 0 2 0 0 0 0 0 0 2 2 0 0 0 0 0 0 0 0 0 0 0 0
1 0 0 0 1 0 0 0 0 0 0 2 0 2 0 0 0 0 0 0 2 2 0 0 0 0 0 0 0 0 0 0 0 0
0 0 0 1 8 0 0 1 0 4 2 4 0 4 0 0 0 0 0 1 3 3 0 0 0 0 0 0 0 0 0 0 0 0
0 0 0 0 0 0 0 2 1 0 0 0 1 2 0 0 0 0 0 0 3 1 0 0 0 0 0 0 0 0 0 0 0 0
0 0 0 6 0 0 0 0 0 0 0 5 0 9 0 0 0 6 0 0 3 6 0 0 0 0 0 0 0 0 0 0 0 0
0 0 0 4 0 0 0 7 0 0 0 2 2 1 0 0 0 0 0 0 3 3 0 0 0 0 0 0 0 0 0 0 0 0
0 0 0 4 0 0 0 0 0 0 0 7 0 1 0 0 0 3 0 0 2 3 0 0 0 0 0 0 0 0 0 0 0 0
0 0 0 1 0 0 0 1 1 0 0 2 0 9 0 0 0 0 0 2 3 1 0 0 0 0 0 0 0 0 0 0 0 0
0 0 0 0 3 0 0 0 1 2 0 3 0 1 0 0 0 0 0 0 4 1 0 0 0 0 0 0 0 0 0 0 0 0
0 0 0 2 1 0 0 0 1 1 0 0 3 2 0 0 0 0 0 0 1 3 0 0 0 0 0 0 0 0 0 1 0 0
0 0 0 2 6 0 0 2 0 2 4 5 0 3 0 0 0 0 0 1 3 2 0 0 0 0 0 0 0 0 0 0 0 0
1 0 0 0 1 0 1 3 1 1 1 0 1 0 0 0 0 0 0 0 2 2 0 0 0 0 0 0 0 0 0 0 0 0
0 0 0 4 0 0 0 3 0 0 0 3 0 1 0 0 0 1 0 0 2 1 0 0 0 0 0 0 0 0 0 0 0 0
0 0 0 2 0 0 0 2 2 1 0 2 0 1 0 0 0 0 0 1 2 1 0 0 0 0 0 0 0 0 0 0 0 0
0 0 0 1 0 0 0 3 0 0 0 7 0 2 0 0 0 0 0 0 2 1 0 0 0 0 0 0 0 0 0 0 0 0
0 0 0 0 0 0 0 1 4 0 0 0 1 3 0 0 0 0 0 0 2 2 0 0 0 0 0 0 0 0 0 0 0 0
0 0 0 2 2 0 0 6 2 0 0 4 0 9 0 0 0 0 0 0 3 6 0 0 0 0 0 0 0 0 0 0 0 0
0 0 0 1 1 0 0 1 2 0 0 0 2 4 0 0 0 0 0 0 3 2 0 0 0 0 0 0 0 0 0 1 0 0
0 0 0 2 3 0 0 4 1 5 1 5 0 2 0 0 0 0 0 0 3 2 0 0 0 0 0 0 0 0 0 0 0 0
0 0 0 0 2 0 0 0 0 2 2 3 0 1 0 0 0 0 0 0 4 1 0 0 0 0 0 0 0 0 0 0 0 0
0 0 0 3 0 0 0 2 1 0 0 6 0 0 0 0 0 0 0 0 2 1 0 0 0 0 0 0 0 0 0 0 0 0
0 0 0 0 2 0 0 0 1 2 0 3 0 1 0 0 0 0 0 0 4 1 0 0 0 0 0 0 0 0 0 0 0 0
0 0 0 3 2 0 0 0 0 2 1 0 0 2 0 0 0 2 0 0 4 2 0 0 0 0 0 0 0 0 0 0 0 0
1 0 0 0 1 0 0 0 0 0 0 2 0 2 0 0 0 0 0 0 2 2 0 0 0 0 0 0 0 0 0 0 0 0
1 0 0 0 1 0 0 0 0 0 0 2 0 2 0 0 0 0 0 0 2 2 0 0 0 0 0 0 0 0 0 0 0 0
0 0 0 1 0 0 0 1 3 0 0 4 1 1 0 0 0 0 0 0 2 2 0 0 0 0 0 0 0 0 0 0 0 0
0 0 0 2 2 0 0 1 2 3 1 0 0 1 0 0 0 0 0 0 4 2 0 0 0 0 0 0 0 0 0 0 0 0
1 0 0 0 1 0 0 0 0 0 0 2 0 2 0 0 0 0 0 0 2 2 0 0 0 0 0 0 0 0 0 0 0 0
0 0 0 2 4 0 0 2 0 2 5 5 0 4 0 0 0 1 0 0 3 2 0 0 0 0 0 0 0 0 0 0 0 0
0 0 0 1 0 0 0 1 1 1 0 0 0 0 0 0 0 0 0 0 1 1 0 0 0 0 0 0 0 0 0 0 0 0
1 0 0 0 1 0 0 2 0 0 0 1 0 1 0 0 0 0 0 0 2 2 0 0 0 0 0 0 0 0 0 0 0 0
0 0 0 0 1 0 0 2 1 1 0 0 1 2 0 0 0 0 0 0 1 1 0 0 0 0 0 0 0 0 0 0 0 0
0 0 0 0 0 0 0 4 2 2 0 0 2 0 0 0 0 0 0 0 2 2 0 0 0 0 0 0 0 0 0 0 0 0
0 0 0 0 6 0 1 1 0 1 3 7 0 3 0 0 0 0 0 0 3 2 0 0 0 0 0 0 0 0 0 0 0 0
0 0 0 1 0 0 0 1 1 1 0 2 0 0 0 0 0 0 0 0 1 1 0 0 0 0 0 0 0 0 0 0 0 0
1 0 0 0 1 0 0 0 0 0 0 2 0 2 0 0 0 0 0 0 2 2 0 0 0 0 0 0 0 0 0 0 0 0
0 0 0 0 4 0 0 3 0 1 2 7 0 3 0 0 0 0 0 0 3 2 0 0 0 0 0 0 0 0 0 0 0 0
0 0 0 1 0 0 0 1 1 1 0 2 0 0 0 0 0 0 0 0 1 1 0 0 0 0 0 0 0 0 0 0 0 0
0 0 0 7 1 0 0 5 0 0 0 3 0 4 0 0 0 2 0 0 3 5 0 0 0 0 0 0 0 0 0 0 0 0
0 0 0 0 1 0 0 3 1 2 0 0 0 1 0 0 0 0 0 0 2 1 0 0 0 0 0 0 0 0 0 1 0 0
0 0 0 0 0 0 0 1 3 1 0 0 1 0 0 0 0 0 0 0 1 1 0 0 0 0 0 0 0 0 0 0 0 0
1 0 0 1 1 0 0 0 0 0 0 1 0 2 0 0 0 0 0 1 2 2 0 0 0 0 0 0 0 0 0 0 0 0
0 0 0 2 3 1 0 6 0 1 1 0 0 1 0 0 0 0 0 0 4 3 0 0 0 0 0 0 0 0 0 0 0 0
1 0 0 0 1 0 0 1 1 1 0 0 1 1 0 0 0 0 0 0 2 2 0 0 0 0 0 0 0 0 0 0 0 0
1 0 0 0 1 0 0 0 0 0 0 2 0 2 0 0 0 0 0 0 2 2 0 0 0 0 0 0 0 0 0 0 0 0
0 0 0 1 1 0 0 4 0 0 0 7 0 11 0 0 0 0 0 0 3 4 0 0 0 0 0 0 0 0 0 0 0 0
1 1 0 1 1 0 0 2 0 0 0 0 1 1 0 0 0 0 0 0 3 1 0 0 0 0 0 0 0 0 0 1 0 0
1 1 0 0 2 0 0 2 0 1 0 0 0 1 0 0 0 0 0 0 3 1 0 0 0 0 0 0 0 0 0 1 0 0
0 0 0 1 0 0 0 1 0 1 0 5 0 0 0 0 0 1 0 0 2 1 0 0 0 0 0 0 0 0 0 0 0 0
1 1 0 1 0 1 0 1 0 0 0 0 1 0 0 0 0 0 0 0 2 1 0 0 0 0 0 0 0 0 0 0 0 0
0 0 0 2 3 0 1 0 0 1 0 3 0 1 0 0 0 0 0 0 4 1 0 0 0 0 0 0 0 0 0 0 0 0
0 0 0 0 3 1 0 0 0 1 1 3 0 1 0 0 0 0 0 0 4 1 0 0 0 0 0 0 0 0 0 0 0 0
0 0 0 3 0 0 0 3 1 2 0 0 1 1 0 0 0 0 0 1 2 1 0 0 0 0 0 0 0 0 0 0 0 0
0 0 0 5 1 1 1 0 0 1 0 3 2 8 0 0 0 0 0 4 3 5 0 0 0 0 0 0 0 0 0 0 0 0
0 0 0 3 0 0 0 1 0 0 0 8 0 1 0 0 0 0 0 0 2 1 0 0 0 0 0 0 0 0 0 0 0 0
0 0 0 1 1 0 2 2 1 0 0 1 2 1 0 0 0 0 0 0 2 2 0 0 0 0 0 0 0 0 0 0 0 0
1 0 0 1 0 1 0 1 0 1 0 0 0 32 0 0 0 1 0 0 2 2 0 0 0 0 0 0 0 0 0 0 0 0
0 0 0 1 2 1 0 0 0 1 1 3 0 1 0 0 0 0 0 0 4 1 0 0 0 0 0 0 0 0 0 0 0 0
0 0 0 1 0 0 0 0 1 3 0 3 0 0 0 0 0 1 0 0 3 1 0 0 0 0 0 0 0 0 0 0 0 0
0 0 0 1 2 0 0 0 0 2 2 2 0 1 0 0 0 0 0 1 4 1 0 0 0 0 0 0 0 0 0 0 0 0
0 0 0 0 0 0 0 4 1 3 0 0 1 1 0 0 0 0 0 0 1 2 0 0 0 0 0 0 0 0 0 0 0 0
1 0 0 1 1 0 0 1 1 0 0 1 0 2 0 0 0 0 0 0 2 2 0 0 0 0 0 0 0 0 0 0 0 0
1 0 0 0 1 0 0 0 0 0 0 2 0 2 0 0 0 0 0 0 2 2 0 0 0 0 0 0 0 0 0 0 0 0
0 0 0 2 1 0 0 3 2 1 0 3 0 2 0 0 0 1 0 0 2 2 0 0 0 0 0 0 0 0 0 0 0 0
0 0 0 0 2 0 0 1 3 1 1 3 0 3 0 0 0 0 0 1 3 1 0 0 0 0 0 0 0 0 0 0 0 0
0 0 0 0 2 1 0 0 0 1 2 3 0 1 0 0 0 0 0 0 4 1 0 0 0 0 0 0 0 0 0 0 0 0
1 0 0 0 1 0 0 0 0 0 1 1 0 2 0 0 0 0 0 0 2 2 0 0 0 0 0 0 0 0 0 0 0 0
0 0 0 1 2 0 0 2 1 1 2 2 0 1 0 0 0 0 0 0 4 1 0 0 0 0 0 0 0 0 0 0 0 0
0 0 0 4 0 0 0 2 2 0 0 4 0 0 0 0 0 1 0 1 2 2 0 0 0 0 0 0 0 0 0 0 0 0
0 0 0 5 1 0 0 5 2 0 0 8 0 1 0 0 0 0 1 0 3 5 0 0 0 0 0 0 0 0 0 0 0 0
0 0 0 1 2 1 0 0 0 1 2 2 0 1 0 0 0 0 0 1 4 1 0 0 0 0 0 0 0 0 0 0 0 0
0 0 0 3 1 0 0 3 1 2 0 3 0 0 0 0 0 0 0 0 2 2 0 0 0 0 0 0 0 0 0 0 0 0
1 0 0 1 1 0 0 0 0 0 0 1 0 2 0 0 0 0 0 1 2 2 0 0 0 0 0 0 0 0 0 0 0 0
1 0 0 0 1 0 0 0 0 0 0 2 0 2 0 0 0 0 0 0 2 2 0 0 0 0 0 0 0 0 0 0 0 0
0 0 0 1 2 0 0 0 0 1 1 3 0 2 0 0 0 0 0 0 4 1 0 0 0 0 0 0 0 0 0 0 0 0
0 0 0 1 2 0 0 3 0 0 1 3 0 1 0 0 0 0 0 0 4 1 0 0 0 0 0 0 0 0 0 0 0 0
1 0 0 0 1 0 0 0 0 0 0 2 0 2 0 0 0 0 0 0 2 2 0 0 0 0 0 0 0 0 0 0 0 0
0 0 0 1 0 0 0 2 1 4 0 0 3 4 0 0 0 0 0 0 2 3 0 0 0 0 0 0 0 0 0 0 0 0
0 0 0 0 6 0 0 1 0 3 2 7 0 3 0 0 0 0 0 0 3 2 0 0 0 0 0 0 0 0 0 0 0 0
0 0 0 1 3 0 0 0 3 1 1 1 0 1 0 0 0 0 0 0 2 1 0 0 0 0 0 0 0 0 0 0 0 0
0 0 0 1 6 0 0 2 0 2 3 6 0 4 0 0 0 0 0 0 3 2 0 0 0 0 0 0 0 0 0 0 0 0
0 0 0 1 2 0 0 0 0 2 1 3 0 1 0 0 0 0 0 0 4 1 0 0 0 0 0 0 0 0 0 0 0 0
0 0 0 1 2 1 0 0 0 1 1 3 0 1 0 0 0 0 0 0 4 1 0 0 0 0 0 0 0 0 0 0 0 0
0 0 0 1 4 0 0 2 1 3 2 5 0 3 0 0 0 1 0 0 3 2 0 0 0 0 0 0 0 0 0 0 0 0
0 0 0 1 2 1 0 0 0 1 1 3 0 1 0 0 0 0 0 0 4 1 0 0 0 0 0 0 0 0 0 0 0 0
1 0 0 0 1 0 0 0 0 1 0 1 0 2 0 0 0 0 0 0 2 2 0 0 0 0 0 0 0 0 0 0 0 0
0 0 0 0 0 0 0 5 1 4 0 8 0 0 0 0 0 1 0 0 4 2 0 0 0 0 0 0 0 0 0 0 0 0
1 0 0 0 2 0 0 1 1 0 0 1 0 2 0 0 0 0 0 0 2 2 0 0 0 0 0 0 0 0 0 0 0 0
0 0 0 0 0 0 0 1 0 0 0 11 0 2 0 0 0 0 0 1 3 1 0 0 0 0 0 0 0 0 0 0 0 0
0 0 0 1 0 0 0 0 0 3 0 0 2 1 0 0 0 0 0 0 1 1 0 0 0 0 0 0 0 0 0 0 0 0
0 0 0 0 2 0 0 3 3 1 1 1 1 1 0 0 0 0 0 0 2 2 0 0 0 0 0 0 0 0 0 0 0 0
0 0 0 4 1 0 0 5 2 0 0 6 0 3 0 0 0 0 0 0 3 3 0 0 0 0 0 0 0 0 0 0 0 0
0 0 0 1 4 0 0 1 0 2 2 5 0 3 0 0 0 0 0 0 2 2 0 0 0 0 0 0 0 0 0 0 0 1
0 0 0 2 1 0 0 2 0 0 0 1 0 4 0 0 0 0 0 2 2 1 0 0 0 0 0 0 0 0 0 0 0 0
0 0 0 5 0 0 0 2 1 0 0 3 0 0 0 0 0 0 0 0 2 1 0 0 0 0 0 0 0 0 0 0 0 0
0 0 0 1 3 0 0 1 2 2 0 2 0 1 0 0 0 0 0 0 4 1 0 0 0 0 0 0 0 0 0 0 0 0
0 0 0 1 0 1 0 3 1 2 0 0 4 1 0 0 0 0 0 0 3 1 0 0 0 0 0 0 0 0 0 0 0 0
0 0 0 0 3 1 0 0 0 1 1 3 0 1 0 0 0 0 0 0 4 1 0 0 0 0 0 0 0 0 0 0 0 0
0 0 0 1 1 0 0 4 0 0 0 7 0 3 0 0 0 1 0 1 3 1 0 0 0 0 0 0 0 0 0 0 0 0
0 0 0 1 0 0 0 3 3 1 0 0 4 2 0 0 0 0 0 0 3 1 0 0 0 0 0 0 0 0 0 0 0 0
1 0 0 0 1 0 0 0 0 0 0 2 0 2 0 0 0 0 0 0 2 2 0 0 0 0 0 0 0 0 0 0 0 0
0 0 0 0 0 0 0 3 0 0 0 8 0 0 0 0 0 0 0 0 2 1 0 0 0 0 0 0 0 0 0 0 0 0
0 0 0 1 4 0 0 1 0 0 1 3 0 1 0 0 0 0 0 0 4 1 0 0 0 0 0 0 0 0 0 0 0 0
0 0 0 1 0 0 0 3 0 0 0 6 0 0 0 0 0 1 0 0 2 1 0 0 0 0 0 0 0 0 0 0 0 0
0 0 0 1 4 0 0 1 0 0 1 3 0 1 0 0 0 0 0 0 4 1 0 0 0 0 0 0 0 0 0 0 0 0
0 0 0 0 4 0 0 1 1 1 2 1 0 2 0 0 0 0 0 1 2 1 0 0 0 0 0 0 0 0 0 0 0 0
0 1 0 1 0 0 0 0 1 2 0 0 0 0 0 0 0 0 0 0 2 1 0 0 0 0 0 0 0 0 0 0 0 0
0 0 0 1 4 0 0 1 0 0 1 3 0 1 0 0 0 0 0 0 4 1 0 0 0 0 0 0 0 0 0 0 0 0
1 0 0 0 1 0 0 0 0 2 0 2 0 2 0 0 0 0 0 0 2 2 0 0 0 0 0 0 0 0 0 0 0 0
0 0 0 0 1 0 0 1 1 1 0 0 0 0 0 0 0 0 0 0 1 1 0 0 0 0 0 0 0 0 0 0 0 0
0 0 0 1 2 0 0 0 0 1 1 3 0 2 0 0 0 0 0 0 4 1 0 0 0 0 0 0 0 0 0 0 0 0
0 0 0 0 2 0 0 0 0 4 0 3 0 1 0 0 0 0 0 0 4 1 0 0 0 0 0 0 0 0 0 0 0 0
0 0 0 1 1 0 0 4 0 2 0 0 0 0 0 0 0 0 0 0 2 1 0 0 0 0 0 0 0 0 0 1 0 0
0 0 0 0 0 0 0 4 1 1 0 0 6 3 0 0 0 0 0 0 3 1 0 0 0 0 0 0 0 0 0 0 0 0
0 0 0 0 0 0 0 1 1 5 0 0 0 2 0 0 0 0 0 1 2 1 0 0 0 0 0 0 0 0 0 0 0 0
0 0 0 0 3 0 0 0 1 1 1 3 0 1 0 0 0 0 0 0 4 1 0 0 0 0 0 0 0 0 0 0 0 0
0 0 0 0 1 0 0 0 0 0 0 9 0 10 0 0 0 0 0 0 3 2 0 0 0 0 0 0 0 0 0 0 0 0
0 0 0 1 2 0 0 0 0 1 1 3 0 2 0 0 0 0 0 0 4 1 0 0 0 0 0 0 0 0 0 0 0 0
0 0 0 1 0 0 0 2 0 2 0 2 0 5 0 0 0 1 0 0 2 1 0 0 0 0 0 0 0 0 0 0 0 0
0 0 0 1 3 0 0 2 0 0 0 6 0 1 0 0 0 2 0 0 2 1 0 0 0 0 0 0 0 0 0 0 0 0
0 0 0 0 2 0 0 3 0 1 1 0 0 2 0 0 0 2 0 0 2 1 0 0 0 0 0 0 0 0 0 0 0 0
0 0 0 3 4 0 0 3 0 0 1 1 0 1 0 0 0 1 0 0 4 3 0 0 0 0 0 0 0 0 0 0 0 0
0 0 0 1 0 0 0 1 1 1 0 2 0 0 0 0 0 0 0 0 1 1 0 0 0 0 0 0 0 0 0 0 0 0
0 0 0 3 2 0 0 2 0 0 0 13 0 3 0 0 0 3 0 1 3 4 0 0 0 0 0 0 0 0 0 0 0 0
0 0 0 0 0 0 1 2 2 3 0 0 1 1 0 0 0 0 0 0 1 2 0 0 0 0 0 0 0 0 0 0 0 0
1 0 0 0 1 0 0 0 0 0 0 2 0 2 0 0 0 0 0 0 2 2 0 0 0 0 0 0 0 0 0 0 0 0
0 0 0 0 4 0 0 4 0 1 2 7 0 2 0 0 0 0 0 0 3 2 0 0 0 0 0 0 0 0 0 0 0 0
0 0 0 0 2 0 0 6 1 0 0 1 0 0 0 0 0 0 0 0 2 1 0 0 0 0 0 0 0 0 0 0 0 0
1 0 0 1 1 0 0 2 0 0 0 0 1 2 0 0 0 0 0 0 2 3 0 0 0 0 0 0 0 0 0 0 0 0
0 0 0 0 3 0 0 1 0 0 0 8 0 8 0 0 0 0 0 0 3 2 0 0 0 0 0 0 0 0 0 0 0 0
1 0 0 0 1 0 0 2 0 0 0 0 1 1 0 0 0 0 0 0 2 2 0 0 0 0 0 0 0 0 0 0 0 0
0 0 0 0 0 0 0 2 1 0 0 0 1 3 0 0 0 0 0 0 3 1 0 0 0 0 0 0 0 0 0 0 0 0
0 0 0 2 0 0 0 1 1 0 0 8 0 0 0 0 0 0 0 0 2 1 0 0 0 0 0 0 0 0 0 0 0 0
1 0 0 0 1 0 0 0 0 0 0 2 0 2 0 0 0 0 0 0 2 2 0 0 0 0 0 0 0 0 0 0 0 0
0 0 0 0 3 0 0 0 1 1 1 2 0 1 0 0 0 0 0 0 4 1 0 0 0 0 0 0 0 0 0 0 0 1
0 0 0 1 0 0 0 5 1 1 0 3 1 1 0 0 0 0 0 0 2 1 0 0 0 0 0 0 0 0 0 0 0 0
0 0 0 0 3 0 0 3 1 2 0 2 0 3 0 0 0 0 0 0 4 1 0 0 0 0 0 0 0 0 0 0 0 0
0 0 0 0 0 0 0 1 0 0 0 13 0 1 0 0 0 0 0 0 3 1 0 0 0 0 0 0 0 0 0 0 0 0
1 0 0 0 1 0 0 0 0 0 0 2 0 2 0 0 0 0 0 0 2 2 0 0 0 0 0 0 0 0 0 0 0 0
0 0 0 2 0 0 0 3 1 3 0 5 0 4 0 0 0 0 0 3 3 4 0 0 0 0 0 0 0 0 0 0 0 0
0 0 0 3 0 0 0 2 0 3 1 1 0 3 0 0 0 1 0 0 4 1 0 0 0 0 0 0 0 0 0 0 0 0
0 0 0 0 1 0 0 2 0 2 0 30 0 31 0 0 0 1 0 0 1 32 0 0 0 0 0 0 0 0 0 0 0 1
0 0 0 0 2 0 0 2 0 2 1 0 0 1 0 0 0 0 0 0 1 1 0 0 0 0 0 0 0 0 0 0 0 0
0 0 0 0 0 0 0 1 0 1 0 4 0 0 0 1 0 0 0 0 1 1 0 0 0 0 0 0 0 0 0 0 0 0
0 0 0 0 3 0 0 0 0 2 1 3 0 1 0 0 0 0 0 0 4 1 0 0 0 0 0 0 0 0 0 0 0 0
0 0 0 0 0 0 0 4 0 2 0 3 0 0 0 0 0 0 0 0 1 1 0 0 0 0 0 0 0 0 0 0 0 0
0 0 0 2 3 0 0 3 1 0 0 2 0 0 0 0 0 1 0 1 2 2 0 0 0 0 0 0 0 0 0 0 0 0
0 0 0 0 1 0 0 3 0 2 0 0 1 1 0 0 0 0 0 0 2 1 0 0 0 0 0 0 0 0 0 1 0 0
0 0 0 0 0 0 2 4 2 0 0 15 0 0 0 0 0 0 0 0 3 2 0 0 0 0 0 0 0 0 0 0 0 0
0 0 0 1 0 0 0 1 0 0 0 16 0 3 0 0 0 0 0 0 3 2 0 0 0 0 0 0 0 0 0 0 0 0
0 0 0 1 2 0 0 3 0 0 1 3 0 1 0 0 0 0 0 0 4 1 0 0 0 0 0 0 0 0 0 0 0 0
0 0 0 0 1 0 0 3 0 2 1 0 0 1 0 0 0 0 0 0 2 1 0 0 0 0 0 0 0 0 0 1 0 0
1 0 0 0 1 0 0 0 0 0 0 2 0 2 0 0 0 0 0 0 2 2 0 0 0 0 0 0 0 0 0 0 0 0
0 0 0 0 1 1 0 2 2 1 1 0 1 0 0 0 0 0 0 0 1 2 0 0 0 0 0 0 0 0 0 0 0 0
0 0 0 3 0 0 0 0 0 0 0 5 0 4 0 0 0 0 0 0 2 1 0 0 0 0 0 0 0 0 0 0 0 0
0 0 0 2 0 0 0 1 0 1 0 8 0 10 0 0 0 1 0 0 3 2 0 0 0 0 0 0 0 0 0 0 0 0
0 0 0 0 3 0 0 0 0 4 1 3 0 1 0 0 0 0 0 0 4 1 0 0 0 0 0 0 0 0 0 0 0 0
0 0 0 1 2 0 0 0 0 1 1 3 0 2 0 0 0 0 0 0 4 1 0 0 0 0 0 0 0 0 0 0 0 0
0 0 0 2 1 0 1 5 0 0 0 13 0 2 0 0 0 0 0 0 3 5 0 0 0 0 0 0 0 0 0 0 0 0
0 0 0 0 1 0 0 2 1 1 0 0 0 0 0 0 0 0 0 0 2 1 0 0 0 0 0 0 0 0 0 1 0 0
0 0 0 2 1 0 0 0 0 1 0 15 0 2 0 1 0 1 0 0 3 2 0 0 0 0 0 0 0 0 0 0 0 0
0 1 0 1 0 0 0 0 1 2 0 0 0 0 0 0 0 0 0 0 2 1 0 0 0 0 0 0 0 0 0 0 0 0
0 0 0 4 1 0 0 3 2 1 0 1 0 2 0 0 0 0 0 0 2 2 0 0 0 0 0 0 0 0 0 0 0 0
0 0 0 0 0 0 0 0 1 0 0 3 0 6 0 0 0 0 0 1 2 1 0 0 0 0 0 0 0 0 0 0 0 0
1 0 0 0 1 0 0 0 0 0 0 2 0 2 0 0 0 0 0 0 2 2 0 0 0 0 0 0 0 0 0 0 0 0
0 0 0 2 0 0 0 2 0 1 0 6 0 1 0 0 0 1 0 0 2 1 0 0 0 0 0 0 0 0 0 0 0 0
1 0 0 0 1 0 0 0 0 0 0 1 0 2 0 0 0 0 0 0 2 2 0 0 0 0 0 0 0 0 0 0 0 1
0 0 0 5 4 0 0 7 1 0 0 8 0 3 0 0 0 3 0 0 3 6 0 0 0 0 0 0 0 0 0 0 0 0
0 0 0 1 2 0 0 1 0 0 0 13 0 4 0 0 0 0 0 0 3 3 0 0 0 0 0 0 0 0 0 0 0 0
1 0 0 0 1 0 0 0 0 0 0 2 0 2 0 0 0 0 0 0 2 2 0 0 0 0 0 0 0 0 0 0 0 0
0 0 0 2 0 0 0 2 1 2 0 0 0 1 0 0 0 0 0 0 2 1 0 0 0 0 0 0 0 0 0 0 0 0
0 0 0 1 6 0 0 1 0 3 2 6 0 4 0 0 0 3 0 0 3 4 0 0 0 0 0 0 0 0 0 0 0 0
1 0 0 0 1 0 0 0 0 0 0 2 0 2 0 0 0 0 0 0 2 2 0 0 0 0 0 0 0 0 0 0 0 0
1 0 0 0 2 0 0 1 1 0 0 1 0 2 0 0 0 0 0 0 2 2 0 0 0 0 0 0 0 0 0 0 0 0
0 0 0 1 0 0 0 0 0 0 0 17 0 1 0 0 0 2 0 0 3 3 0 0 0 0 0 0 0 0 0 0 0 0
0 0 0 1 1 0 0 1 1 1 0 0 1 0 0 0 0 0 0 0 1 2 0 0 0 0 0 0 0 0 0 0 0 0
0 0 0 2 0 0 0 2 1 0 0 7 0 0 0 0 0 0 0 1 3 1 0 0 0 0 0 0 0 0 0 0 0 0
0 0 0 2 0 0 0 1 1 0 0 8 0 10 0 0 0 0 0 0 3 2 0 0 0 0 0 0 0 0 0 0 0 0
1 0 0 1 1 0 1 1 0 0 0 1 0 2 0 0 0 0 0 0 2 2 0 0 0 0 0 0 0 0 0 0 0 0
1 0 0 2 1 0 0 1 0 0 0 0 0 2 0 0 0 2 0 0 2 2 0 0 0 0 0 0 0 0 0 0 0 0
0 0 0 2 0 0 0 3 2 2 0 0 0 1 0 0 0 0 0 0 1 2 0 0 0 0 0 0 0 0 0 0 0 0
0 0 0 2 5 0 0 0 0 2 1 1 0 2 0 0 0 0 0 0 2 1 0 0 0 0 0 0 0 0 0 0 0 0
0 0 0 0 6 0 0 1 0 2 3 7 0 3 0 0 0 0 0 0 3 2 0 0 0 0 0 0 0 0 0 0 0 0
0 0 0 3 3 0 0 4 5 1 1 60 0 65 0 0 0 2 0 0 1 67 0 0 0 0 0 0 0 0 0 0 0 1
1 0 0 0 1 0 0 0 0 0 0 2 0 2 0 0 0 0 0 0 2 2 0 0 0 0 0 0 0 0 0 0 0 0
0 0 0 2 2 0 0 0 0 1 0 7 0 0 0 0 0 0 0 0 2 1 0 0 0 0 0 0 0 0 0 0 0 0
1 0 0 1 1 0 0 0 0 1 0 1 0 2 0 0 0 0 0 0 2 2 0 0 0 0 0 0 0 0 0 0 0 0
0 0 0 2 0 0 0 1 0 0 0 8 0 0 0 0 0 0 0 0 2 1 0 0 0 0 0 0 0 0 0 0 0 0
0 0 0 0 0 0 0 1 0 0 0 13 0 1 0 0 0 0 0 0 3 1 0 0 0 0 0 0 0 0 0 0 0 0
1 0 0 1 1 0 0 2 0 0 0 1 0 2 0 0 0 0 0 0 2 2 0 0 0 0 0 0 0 0 0 0 0 0
1 0 0 0 1 0 0 0 0 0 0 2 0 2 0 0 0 0 0 0 2 2 0 0 0 0 0 0 0 0 0 0 0 0
0 0 0 2 0 0 0 0 0 0 0 3 0 6 0 0 0 0 0 0 2 1 0 0 0 0 0 0 0 0 0 0 0 0
0 0 0 0 3 1 0 0 0 1 1 3 0 1 0 0 0 0 0 0 4 1 0 0 0 0 0 0 0 0 0 0 0 0
0 0 0 2 1 0 0 2 3 1 0 4 3 1 0 0 0 0 0 0 2 4 0 0 0 0 0 0 0 0 0 0 0 0
0 0 0 0 1 0 0 2 0 0 0 11 0 1 0 0 0 0 0 0 3 1 0 0 0 0 0 0 0 0 0 0 0 0
1 0 0 0 1 0 0 0 0 0 0 2 0 2 0 0 0 0 0 0 2 2 0 0 0 0 0 0 0 0 0 0 0 0
0 0 0 2 0 0 0 3 0 1 0 7 0 0 0 0 0 0 0 0 2 1 0 0 0 0 0 0 0 0 0 0 0 0
1 0 0 0 1 0 0 0 0 0 0 2 0 2 0 0 0 0 0 0 2 2 0 0 0 0 0 0 0 0 0 0 0 0
0 0 0 0 1 0 1 2 0 0 0 0 0 0 0 0 0 0 0 0 2 1 0 0 0 0 0 0 0 0 0 1 0 0
0 0 0 0 1 1 0 0 0 2 1 3 0 0 0 0 0 1 0 0 3 1 0 0 0 0 0 0 0 0 0 0 0 0
1 0 0 1 0 0 0 2 0 2 0 0 2 1 0 0 0 0 0 0 2 3 0 0 0 0 0 0 0 0 0 0 0 0
1 0 0 0 1 0 0 0 2 0 0 1 0 1 0 0 0 0 0 0 2 2 0 0 0 0 0 0 0 0 0 0 0 0
1 0 0 0 1 0 0 0 0 0 0 2 0 2 0 0 0 0 0 0 2 2 0 0 0 0 0 0 0 0 0 0 0 0
0 0 0 2 4 0 0 0 0 2 2 1 0 2 0 0 0 0 0 0 2 1 0 0 0 0 0 0 0 0 0 0 0 0
0 0 0 0 1 0 0 3 0 1 0 1 0 0 0 0 0 0 0 0 2 1 0 0 0 0 0 0 0 0 0 0 0 0
0 0 0 1 1 0 0 4 0 3 0 0 2 2 0 0 0 0 0 0 3 2 0 0 0 0 0 0 0 0 0 1 0 0
0 0 0 1 1 0 0 3 1 1 0 0 0 0 0 0 0 0 0 0 2 1 0 0 0 0 0 0 0 0 0 1 0 0
0 0 0 0 6 0 0 2 0 1 3 7 0 3 0 0 0 0 0 0 3 2 0 0 0 0 0 0 0 0 0 0 0 0
0 0 0 0 0 0 0 1 0 3 0 0 0 1 0 0 0 0 0 0 1 1 0 0 0 0 0 0 0 0 0 0 0 0
0 0 0 2 0 0 0 6 0 0 0 2 0 0 0 0 0 0 0 0 2 1 0 0 0 0 0 0 0 0 0 0 0 0
0 0 0 1 1 0 0 2 2 1 1 0 0 0 0 0 0 0 0 0 2 1 0 0 0 0 0 0 0 0 0 0 0 0
0 0 0 1 6 0 0 1 0 2 2 7 0 3 0 0 0 0 0 0 3 2 0 0 0 0 0 0 0 0 0 0 0 0
0 0 0 1 2 0 0 0 1 2 0 2 0 2 0 0 0 1 0 0 4 1 0 0 0 0 0 0 0 0 0 0 0 0
0 0 0 6 1 0 0 4 0 0 0 3 0 0 0 0 0 0 0 0 2 3 0 0 0 0 0 0 0 0 0 0 0 0
0 0 0 1 1 0 0 3 0 0 0 6 0 3 0 0 0 0 0 0 2 1 0 0 0 0 0 0 0 0 0 0 0 0
1 0 0 0 1 0 0 0 0 0 0 2 0 2 0 0 0 0 0 0 2 2 0 0 0 0 0 0 0 0 0 0 0 0
0 0 0 1 2 0 0 0 0 2 1 3 0 1 0 0 0 0 0 0 4 1 0 0 0 0 0 0 0 0 0 0 0 0
0 0 0 0 0 0 0 2 1 2 0 2 2 2 0 0 0 2 0 1 3 2 0 0 0 0 0 0 0 0 0 0 0 0
1 0 0 0 1 0 0 0 0 0 0 2 0 2 0 0 0 0 0 0 2 2 0 0 0 0 0 0 0 0 0 0 0 0
1 0 0 0 1 0 0 0 0 0 0 2 0 2 0 0 0 0 0 0 2 2 0 0 0 0 0 0 0 0 0 0 0 0
0 0 0 0 8 0 0 3 1 3 2 5 0 4 0 0 0 0 0 0 3 2 0 0 0 0 0 0 0 0 0 0 0 0
1 0 0 0 1 0 0 0 0 0 0 2 0 2 0 0 0 0 0 0 2 2 0 0 0 0 0 0 0 0 0 0 0 0
0 0 0 2 0 0 0 2 4 0 0 0 1 0 0 0 0 0 0 0 2 1 0 0 0 0 0 0 0 0 0 0 0 0
0 0 0 3 6 0 0 2 1 3 2 2 0 5 0 0 0 2 0 2 3 5 0 0 0 0 0 0 0 0 0 0 0 0
1 0 0 2 1 0 0 3 1 0 0 0 0 2 0 0 0 0 0 0 2 2 0 0 0 0 0 0 0 0 0 0 0 0
0 0 0 4 0 0 0 2 1 0 0 5 0 1 0 0 0 3 0 0 2 3 0 0 0 0 0 0 0 0 0 0 0 0
1 1 0 0 2 0 0 2 0 1 0 0 0 1 0 0 0 0 0 0 3 1 0 0 0 0 0 0 0 0 0 1 0 0
0 0 0 0 0 0 0 2 0 0 0 8 0 1 0 0 0 0 0 0 2 1 0 0 0 0 0 0 0 0 0 0 0 0
0 1 0 1 0 0 0 0 1 2 0 0 0 0 0 0 0 0 0 0 2 1 0 0 0 0 0 0 0 0 0 0 0 0
0 0 0 3 0 0 0 3 1 1 0 12 0 1 0 0 0 0 0 0 3 3 0 0 0 0 0 0 0 0 0 0 0 0
0 0 0 1 2 0 0 1 4 0 0 2 0 2 0 0 0 0 0 0 2 1 0 0 0 0 0 0 0 0 0 0 0 0
0 0 0 0 3 1 0 0 0 1 1 3 0 1 0 0 0 0 0 0 4 1 0 0 0 0 0 0 0 0 0 0 0 0
0 0 0 1 3 0 0 2 3 1 1 0 0 2 0 0 0 0 0 0 2 3 0 0 0 0 0 0 0 0 0 0 0 0
0 0 0 1 2 1 0 0 0 1 1 3 0 1 0 0 0 0 0 0 4 1 0 0 0 0 0 0 0 0 0 0 0 0
0 0 0 0 1 0 0 1 1 0 0 8 0 8 0 0 0 0 0 0 3 2 0 0 0 0 0 0 0 0 0 0 0 1
0 0 0 0 2 0 1 1 0 1 1 0 0 1 0 0 0 1 0 0 1 1 0 0 0 0 0 0 0 0 0 0 0 0
1 0 0 0 1 0 0 0 0 0 0 2 0 2 0 0 0 0 0 0 2 2 0 0 0 0 0 0 0 0 0 0 0 0
0 0 0 1 2 0 1 1 0 0 0 6 0 10 0 0 0 4 0 0 3 4 0 0 0 0 0 0 0 0 0 0 0 0
0 0 0 1 0 0 0 2 0 1 0 0 1 1 0 0 0 0 0 0 1 1 0 0 0 0 0 0 0 0 0 0 0 0
1 0 0 0 0 0 0 2 2 3 0 0 1 1 0 0 0 0 0 0 2 3 0 0 0 0 0 0 0 0 0 0 0 0
0 0 0 0 2 0 0 3 5 1 2 3 0 1 0 0 0 1 0 0 4 1 0 0 0 0 0 0 0 0 0 0 0 0
0 0 0 5 3 0 0 4 3 1 1 12 0 19 0 0 0 2 0 3 1 19 0 0 0 0 0 0 0 0 0 0 0 0
0 0 0 1 3 0 0 0 0 0 1 5 0 0 0 0 0 0 0 3 2 2 0 0 0 0 0 0 0 0 0 0 0 0
0 0 0 0 2 1 0 0 0 1 2 3 0 1 0 0 0 0 0 0 4 1 0 0 0 0 0 0 0 0 0 0 0 0
0 0 0 2 2 0 0 0 0 1 1 2 0 3 0 0 0 0 0 0 4 1 0 0 0 0 0 0 0 0 0 0 0 0
0 0 0 0 0 0 1 1 2 1 0 8 0 2 0 0 0 0 1 0 2 3 0 0 0 0 0 0 0 0 0 0 0 0
0 0 0 3 1 0 0 1 0 0 0 7 0 2 0 0 0 0 0 0 2 1 0 0 0 0 0 0 0 0 0 0 0 0
0 0 0 2 6 0 0 0 0 3 3 5 0 3 0 0 0 0 0 1 3 3 0 0 0 0 0 0 0 0 0 0 0 0
0 0 0 3 3 0 0 5 0 0 1 1 0 1 0 0 0 0 0 0 4 3 0 0 0 0 0 0 0 0 0 0 0 0
0 0 0 4 0 0 0 5 0 0 0 7 0 3 0 0 0 2 0 0 3 2 0 0 0 0 0 0 0 0 0 0 0 0
0 0 0 0 0 0 0 1 0 0 0 3 0 6 0 0 0 0 0 1 2 1 0 0 0 0 0 0 0 0 0 0 0 0
1 0 0 0 1 0 0 0 0 0 0 2 0 2 0 0 0 0 0 0 2 2 0 0 0 0 0 0 0 0 0 0 0 0
0 0 0 1 2 1 1 2 0 0 0 0 0 0 0 0 0 0 0 2 2 1 0 0 0 0 0 0 0 0 0 0 0 0
0 0 0 0 0 0 0 3 0 1 0 8 0 0 0 0 0 0 0 0 2 1 0 0 0 0 0 0 0 0 0 0 0 0
1 0 0 0 1 0 0 0 0 0 0 2 0 2 0 0 0 0 0 0 2 2 0 0 0 0 0 0 0 0 0 0 0 0
0 0 0 1 1 0 0 1 3 2 2 10 0 41 0 0 0 0 0 0 1 14 0 0 0 0 0 0 0 0 0 0 0 0
0 0 0 6 2 0 0 3 4 1 1 18 0 25 0 0 0 5 0 0 1 26 0 0 0 0 0 0 0 0 0 0 0 0
0 0 0 1 2 0 0 0 0 2 1 3 0 1 0 0 0 0 0 0 4 1 0 0 0 0 0 0 0 0 0 0 0 0
0 0 0 2 4 0 1 0 0 2 1 1 0 2 0 0 0 0 0 0 2 1 0 0 0 0 0 0 0 0 0 0 0 0
0 0 0 1 1 0 0 0 0 4 0 0 2 1 0 0 0 0 0 0 1 2 0 0 0 0 0 0 0 0 0 1 0 0
0 0 0 1 0 0 0 3 3 2 0 0 3 2 0 0 0 0 0 0 3 1 0 0 0 0 0 0 0 0 0 0 0 0
0 0 0 0 1 1 0 1 0 2 1 3 0 1 0 0 0 0 0 0 4 1 0 0 0 0 0 0 0 0 0 0 0 0
1 0 0 1 1 0 0 0 0 0 0 1 0 3 0 0 0 0 0 0 2 2 0 0 0 0 0 0 0 0 0 0 0 0
1 0 0 0 1 0 0 0 0 0 0 2 0 2 0 0 0 0 0 0 2 2 0 0 0 0 0 0 0 0 0 0 0 0
0 0 0 1 0 0 0 2 1 1 0 0 0 1 0 0 0 0 0 0 2 1 0 0 0 0 0 0 0 0 0 1 0 1
0 0 0 1 0 0 0 0 1 2 0 2 0 1 0 0 0 0 0 0 2 1 0 0 0 0 0 0 0 0 0 0 0 0
1 0 0 1 2 0 0 2 2 0 0 0 0 2 0 0 0 0 0 0 2 2 0 0 0 0 0 0 0 0 0 0 0 0
0 0 0 3 0 0 0 1 0 1 0 2 0 1 0 0 0 0 0 1 1 1 0 0 0 0 0 0 0 0 0 0 0 0
0 0 0 1 0 0 0 1 1 1 0 0 1 0 0 0 0 0 0 0 1 1 0 0 0 0 0 0 0 0 0 0 0 0
1 0 0 0 1 0 0 0 0 2 0 2 0 2 0 0 0 0 0 0 2 2 0 0 0 0 0 0 0 0 0 0 0 0
0 0 0 0 1 0 0 0 1 1 0 0 1 0 0 0 0 0 0 0 1 1 0 0 0 0 0 0 0 0 0 0 0 0
0 0 0 2 0 1 0 3 1 1 0 0 0 0 0 0 0 0 0 0 2 1 0 0 0 0 0 0 0 0 0 0 0 0
0 0 0 1 2 0 0 2 1 2 0 2 0 1 0 0 0 0 0 0 4 1 0 0 0 0 0 0 0 0 0 0 0 0
0 0 0 4 2 0 0 3 0 0 1 2 0 1 0 0 0 1 0 0 4 3 0 0 0 0 0 0 0 0 0 0 0 0
0 0 0 0 1 0 0 2 1 1 0 2 0 0 0 0 0 0 0 0 2 1 0 0 0 0 0 0 0 0 0 1 0 0
1 0 0 0 1 0 0 4 0 0 0 0 0 0 0 0 0 0 0 0 2 2 0 0 0 0 0 0 0 0 0 0 0 0
0 0 0 3 0 0 0 2 0 0 0 8 0 0 0 0 0 0 0 0 2 1 0 0 0 0 0 0 0 0 0 0 0 0
0 0 0 0 7 0 0 1 0 3 1 7 0 3 0 0 0 0 0 0 3 2 0 0 0 0 0 0 0 0 0 0 0 0
0 0 0 0 0 0 0 1 0 1 0 4 1 0 0 0 0 0 0 0 1 1 0 0 0 0 0 0 0 0 0 0 0 0
0 0 0 4 2 0 0 1 0 1 1 1 0 5 0 0 0 1 0 0 2 1 0 0 0 0 0 0 0 0 0 0 0 0
0 0 0 2 2 0 0 1 0 0 2 3 0 1 0 0 0 0 0 0 4 1 0 0 0 0 0 0 0 0 0 0 0 0
0 0 0 2 6 0 0 4 0 2 1 4 0 5 0 0 0 1 0 0 3 2 0 0 0 0 0 0 0 0 0 0 0 0
0 0 0 0 1 0 0 3 1 4 1 0 0 3 0 0 0 0 0 0 4 2 0 0 0 0 0 0 0 0 0 0 0 0
0 0 0 1 2 0 0 0 0 0 0 2 0 6 0 0 0 1 0 0 2 1 0 0 0 0 0 0 0 0 0 0 0 0
0 0 0 0 1 0 0 3 0 1 0 1 0 0 0 0 0 0 0 0 2 1 0 0 0 0 0 0 0 0 0 0 0 0
0 0 0 0 0 0 0 3 1 2 1 3 0 2 0 0 0 0 0 0 4 1 0 0 0 0 0 0 0 0 0 0 0 0
0 0 0 1 0 0 0 1 1 1 0 0 1 0 0 0 0 0 0 0 1 1 0 0 0 0 0 0 0 0 0 0 0 0
0 0 0 1 1 1 0 0 0 2 1 3 0 1 0 0 0 0 0 0 4 1 0 0 0 0 0 0 0 0 0 0 0 0
1 0 0 0 1 0 0 0 0 0 0 2 0 2 0 0 0 0 0 0 2 2 0 0 0 0 0 0 0 0 0 0 0 0
0 0 0 4 0 0 0 5 0 0 0 3 0 2 0 0 0 0 0 0 2 3 0 0 0 0 0 0 0 0 0 0 0 0
0 0 0 2 6 0 0 2 1 2 3 2 0 3 0 0 0 0 0 0 3 1 0 0 0 0 0 0 0 0 0 0 0 0
0 0 0 0 3 1 0 0 0 1 1 3 0 1 0 0 0 0 0 0 4 1 0 0 0 0 0 0 0 0 0 0 0 0
0 0 0 2 0 0 0 0 1 0 0 3 0 5 0 0 0 0 0 0 2 1 0 0 0 0 0 0 0 0 0 0 0 0
1 0 0 1 1 0 0 1 0 0 0 1 0 2 0 0 0 1 0 0 2 2 0 0 0 0 0 0 0 0 0 0 0 0
0 0 0 0 3 1 0 0 0 1 1 3 0 1 0 0 0 0 0 0 4 1 0 0 0 0 0 0 0 0 0 0 0 0
1 0 0 0 0 0 0 1 0 0 0 1 0 1 0 0 0 0 0 0 2 1 0 0 0 0 0 0 0 0 0 0 0 0
1 0 0 0 1 0 0 0 0 0 0 2 0 2 0 0 0 0 0 0 2 2 0 0 0 0 0 0 0 0 0 0 0 0
0 0 0 0 0 0 0 2 0 0 0 7 0 6 0 0 0 1 0 1 3 2 0 0 0 0 0 0 0 0 0 0 0 1
1 0 0 0 1 0 0 0 0 0 0 2 0 2 0 0 0 0 0 0 2 2 0 0 0 0 0 0 0 0 0 0 0 0
0 0 0 0 0 0 0 0 0 2 0 3 0 1 0 0 0 0 0 0 1 1 0 0 0 0 0 0 0 0 0 0 0 0
0 0 0 1 6 0 0 2 0 1 2 7 0 3 0 0 0 0 0 0 3 2 0 0 0 0 0 0 0 0 0 0 0 0
1 0 0 0 1 0 0 0 0 0 0 2 0 2 0 0 0 0 0 0 2 2 0 0 0 0 0 0 0 0 0 0 0 0
1 0 0 0 1 0 0 0 0 0 0 2 0 2 0 0 0 0 0 0 2 2 0 0 0 0 0 0 0 0 0 0 0 0
1 0 0 0 1 0 0 0 0 0 0 2 0 2 0 0 0 0 0 0 2 2 0 0 0 0 0 0 0 0 0 0 0 0
0 0 0 1 1 0 0 3 0 0 0 5 0 3 0 0 0 0 0 1 2 1 0 0 0 0 0 0 0 0 0 0 0 0
1 0 0 0 1 0 0 0 0 0 0 2 0 2 0 0 0 0 0 0 2 2 0 0 0 0 0 0 0 0 0 0 0 0
0 0 0 4 0 0 0 0 0 0 0 6 0 11 0 0 0 6 0 0 3 6 0 0 0 0 0 0 0 0 0 0 0 0
0 0 0 0 1 0 0 3 1 2 0 0 0 1 0 0 0 0 0 0 2 1 0 0 0 0 0 0 0 0 0 1 0 0
1 0 0 0 1 0 0 0 0 0 0 2 0 2 0 0 0 0 0 0 2 2 0 0 0 0 0 0 0 0 0 0 0 0
0 0 0 0 2 0 0 0 1 2 1 3 0 1 0 0 0 0 0 0 4 1 0 0 0 0 0 0 0 0 0 0 0 0
1 0 0 0 1 0 0 0 0 0 0 2 0 2 0 0 0 0 0 0 2 2 0 0 0 0 0 0 0 0 0 0 0 0
0 0 0 1 0 0 0 1 0 0 0 10 0 9 0 0 0 1 0 0 4 1 0 0 0 0 0 0 0 0 0 0 0 0
1 0 0 0 1 0 0 0 0 0 0 2 0 2 0 0 0 0 0 0 2 2 0 0 0 0 0 0 0 0 0 0 0 0
0 0 0 4 0 1 0 1 0 0 1 14 0 2 0 0 0 0 1 0 3 2 0 0 0 0 0 0 0 0 0 0 0 0
0 0 0 0 6 0 0 1 0 1 3 7 0 4 0 0 0 0 0 0 3 2 0 0 0 0 0 0 0 0 0 0 0 0
0 0 0 1 1 0 0 2 0 3 1 1 0 2 0 0 0 0 0 0 3 2 0 0 0 0 0 0 0 0 0 0 0 0
0 0 0 1 3 0 0 0 1 1 1 3 0 2 0 0 0 0 0 0 2 1 0 0 0 0 0 0 0 0 0 0 0 0
0 0 0 2 0 0 0 0 0 0 0 9 0 6 0 0 0 1 0 0 3 2 0 0 0 0 0 0 0 0 0 0 0 0
0 0 0 1 4 0 0 1 0 0 1 3 0 1 0 0 0 0 0 0 4 1 0 0 0 0 0 0 0 0 0 0 0 0
1 0 0 0 1 0 0 0 0 0 0 2 0 2 0 0 0 0 0 0 2 2 0 0 0 0 0 0 0 0 0 0 0 0
0 0 0 2 0 0 0 6 2 1 0 1 0 3 0 0 0 0 0 0 2 2 0 0 0 0 0 0 0 0 0 0 0 0
0 0 0 1 0 0 0 2 0 4 0 0 1 0 0 0 0 0 0 0 2 1 0 0 0 0 0 0 0 0 0 1 0 0
0 0 0 1 0 0 0 1 2 3 0 0 1 0 0 0 0 0 0 0 2 1 0 0 0 0 0 0 0 0 0 0 0 0
0 0 0 0 2 0 0 0 0 3 1 3 0 1 0 0 0 0 0 0 4 1 0 0 0 0 0 0 0 0 0 0 0 0
0 0 0 0 6 0 0 6 0 2 3 4 0 4 0 0 0 0 0 0 3 4 0 0 0 0 0 0 0 0 0 0 0 0
0 0 0 1 0 0 0 2 1 1 0 0 0 0 0 0 0 0 0 0 2 1 0 0 0 0 0 0 0 0 0 1 0 0
0 0 0 0 0 0 0 3 7 1 0 0 0 2 0 0 0 0 0 0 2 2 0 0 0 0 0 0 0 0 0 0 0 0
1 0 0 0 2 0 0 1 0 0 0 1 0 2 0 0 0 0 0 1 2 2 0 0 0 0 0 0 0 0 0 0 0 0
0 0 0 2 2 0 0 5 1 2 0 2 0 4 0 0 0 1 0 0 4 1 0 0 0 0 0 0 0 0 0 0 0 0
0 0 0 0 0 0 0 3 0 1 0 17 0 0 0 0 0 0 0 0 3 2 0 0 0 0 0 0 0 0 0 0 0 0
0 0 0 0 1 0 0 3 1 1 0 0 1 1 0 0 0 0 0 0 2 1 0 0 0 0 0 0 0 0 0 1 0 0
0 0 0 1 2 0 0 3 0 0 1 3 0 1 0 0 0 0 0 0 4 1 0 0 0 0 0 0 0 0 0 0 0 0
1 0 0 0 1 0 0 2 0 1 0 0 1 1 0 0 0 0 0 0 2 2 0 0 0 0 0 0 0 0 0 0 0 0
0 0 0 5 0 0 0 0 0 0 0 6 0 2 0 0 0 1 0 0 2 1 0 0 0 0 0 0 0 0 0 0 0 0
1 0 0 0 1 0 0 0 0 0 0 2 0 2 0 0 0 0 0 0 2 2 0 0 0 0 0 0 0 0 0 0 0 0
1 0 0 0 1 0 0 0 0 0 0 2 0 2 0 0 0 0 0 0 2 2 0 0 0 0 0 0 0 0 0 0 0 0
1 0 0 3 0 0 0 1 2 0 1 0 0 0 0 0 0 0 0 2 2 3 0 0 0 0 0 0 0 0 0 0 0 0
0 0 0 0 0 0 0 3 1 0 0 7 0 1 0 0 0 0 0 1 3 1 0 0 0 0 0 0 0 0 0 0 0 0
1 0 0 1 1 0 0 1 0 0 0 1 0 2 0 0 0 0 0 0 2 2 0 0 0 0 0 0 0 0 0 0 0 0
1 0 0 0 1 0 0 0 0 0 0 2 0 2 0 0 0 0 0 0 2 2 0 0 0 0 0 0 0 0 0 0 0 0
1 0 0 0 2 0 0 1 1 0 0 1 0 2 0 0 0 0 0 0 2 2 0 0 0 0 0 0 0 0 0 0 0 0
0 0 0 2 2 0 0 0 1 2 0 2 0 1 0 0 0 0 0 1 4 1 0 0 0 0 0 0 0 0 0 0 0 0
0 0 0 0 2 0 0 1 0 0 0 7 0 0 0 0 0 0 0 1 2 1 0 0 0 0 0 0 0 0 0 0 0 0
0 0 0 0 1 0 0 5 1 0 0 6 0 2 0 0 0 0 0 0 3 1 0 0 0 0 0 0 0 0 0 0 0 0
0 0 0 4 0 0 0 3 1 0 0 1 0 1 0 0 0 0 0 0 2 1 0 0 0 0 0 0 0 0 0 0 0 0
0 0 0 3 1 0 0 0 0 0 0 6 0 1 0 1 0 1 0 0 2 1 0 0 0 0 0 0 0 0 0 0 0 0
1 0 0 0 1 0 0 0 0 0 0 2 0 2 0 0 0 0 0 0 2 2 0 0 0 0 0 0 0 0 0 0 0 0
0 0 0 0 2 0 0 0 0 2 2 3 0 1 0 0 0 0 0 0 4 1 0 0 0 0 0 0 0 0 0 0 0 0
0 0 0 1 1 0 0 2 0 0 0 7 2 2 0 0 0 0 0 0 2 3 0 0 0 0 0 0 0 0 0 0 0 0
0 0 0 1 0 0 0 2 1 1 0 0 0 0 0 0 0 0 0 0 2 1 0 0 0 0 0 0 0 0 0 1 0 0
1 0 0 0 0 0 0 0 0 1 0 3 0 2 0 0 0 1 0 0 1 3 0 0 0 0 0 0 0 0 0 0 0 0
0 0 0 1 2 0 0 0 0 2 1 3 0 1 0 0 0 0 0 0 4 1 0 0 0 0 0 0 0 0 0 0 0 0
0 0 0 1 0 0 0 3 0 2 0 1 0 0 0 0 0 0 0 0 2 1 0 0 0 0 0 0 0 0 0 0 0 0
0 0 0 1 0 0 0 1 2 1 0 0 1 0 0 0 0 0 0 0 1 1 0 0 0 0 0 0 0 0 0 0 0 0
0 0 0 0 0 0 0 1 1 0 0 4 0 9 0 0 0 0 0 0 3 1 0 0 0 0 0 0 0 0 0 0 0 0
0 0 0 0 3 1 0 0 0 1 1 3 0 1 0 0 0 0 0 0 4 1 0 0 0 0 0 0 0 0 0 0 0 0
0 0 0 0 4 0 0 2 1 0 1 6 0 7 0 0 0 0 0 0 3 2 0 0 0 0 0 0 0 0 0 0 0 1
1 0 0 0 1 0 0 0 0 0 0 2 0 2 0 0 0 0 0 0 2 2 0 0 0 0 0 0 0 0 0 0 0 0
0 0 0 1 0 0 0 4 2 2 0 4 0 3 0 0 0 0 0 0 2 2 0 0 0 0 0 0 0 0 0 0 0 0
0 0 0 0 7 0 1 1 0 2 3 6 0 4 0 0 0 0 0 0 3 2 0 0 0 0 0 0 0 0 0 0 0 0
0 0 0 1 4 0 0 1 0 0 1 3 0 1 0 0 0 0 0 0 4 1 0 0 0 0 0 0 0 0 0 0 0 0
0 0 0 0 0 0 0 1 0 1 0 4 0 0 0 0 0 0 0 1 1 1 0 0 0 0 0 0 0 0 0 0 0 0
0 0 0 1 0 0 0 1 3 2 0 0 1 0 0 0 0 0 0 0 2 1 0 0 0 0 0 0 0 0 0 0 0 0
0 0 0 0 2 0 0 1 1 2 1 2 0 1 0 0 0 2 0 0 2 2 0 0 0 0 0 0 0 0 0 0 0 0
0 0 0 0 1 0 0 2 0 1 0 8 3 1 0 0 0 0 0 0 2 3 0 0 0 0 0 0 0 0 0 0 0 0
0 0 0 2 2 0 0 3 0 0 0 11 0 2 0 0 0 0 0 0 3 4 0 0 0 0 0 0 0 0 0 0 0 1
0 0 0 1 2 0 0 0 0 1 1 3 0 2 0 0 0 0 0 0 4 1 0 0 0 0 0 0 0 0 0 0 0 0
0 0 0 3 4 0 0 1 0 0 1 1 0 1 0 0 0 0 0 1 4 2 0 0 0 0 0 0 0 0 0 0 0 0
0 0 0 3 0 0 0 2 6 2 0 0 1 0 0 0 0 1 0 0 2 3 0 0 0 0 0 0 0 0 0 0 0 0
0 0 0 0 1 0 1 3 1 2 0 0 2 1 0 0 0 0 0 1 2 2 0 0 0 0 0 0 0 0 0 0 0 0
0 0 0 0 0 0 0 3 1 1 0 3 0 1 0 0 0 0 0 0 2 1 0 0 0 0 0 0 0 0 0 0 0 0
0 0 0 1 4 0 0 1 0 0 1 3 0 1 0 0 0 0 0 0 4 1 0 0 0 0 0 0 0 0 0 0 0 0
0 0 0 1 1 0 0 4 0 0 0 6 0 7 0 0 0 0 0 1 3 3 0 0 0 0 0 0 0 0 0 0 0 0
1 0 0 0 1 0 0 0 0 0 0 2 0 2 0 0 0 0 0 0 2 2 0 0 0 0 0 0 0 0 0 0 0 0
0 0 0 2 0 0 0 0 0 0 0 14 0 3 0 0 0 0 0 0 3 2 0 0 0 0 0 0 0 0 0 0 0 2
0 0 0 0 3 0 0 0 1 1 1 3 0 1 0 0 0 0 0 0 4 1 0 0 0 0 0 0 0 0 0 0 0 0
1 0 0 1 0 0 0 2 0 2 1 0 0 1 0 0 0 0 0 0 1 3 0 0 0 0 0 0 0 0 0 0 0 0
0 0 0 3 2 0 0 1 0 1 0 3 0 1 0 0 0 0 0 0 4 1 0 0 0 0 0 0 0 0 0 0 0 0
1 0 0 0 2 0 0 1 0 0 0 1 0 2 0 0 0 0 0 0 2 2 0 0 0 0 0 0 0 0 0 0 0 0
0 0 0 0 2 0 0 1 0 2 1 3 0 1 0 0 0 0 0 0 4 1 0 0 0 0 0 0 0 0 0 0 0 0
0 0 0 1 1 0 0 3 4 1 0 5 0 4 0 0 0 0 0 0 3 2 0 0 0 0 0 0 0 0 0 0 0 0
0 0 0 3 2 0 0 1 1 0 0 5 0 8 0 0 0 1 0 2 3 4 0 0 0 0 0 0 0 0 0 0 0 0
1 0 0 0 1 0 0 0 0 0 0 2 0 2 0 0 0 0 0 0 2 2 0 0 0 0 0 0 0 0 0 0 0 0
0 0 0 0 5 0 0 1 2 1 1 7 0 5 0 0 0 0 0 0 3 2 0 0 0 0 0 0 0 0 0 0 0 0
0 0 0 0 6 0 0 1 0 2 3 7 0 3 0 0 0 0 0 0 3 2 0 0 0 0 0 0 0 0 0 0 0 0
0 0 0 1 1 0 0 3 0 0 0 6 0 3 0 0 0 1 0 0 2 1 0 0 0 0 0 0 0 0 0 0 0 0
0 0 0 6 0 0 0 3 1 0 0 7 0 4 0 0 0 1 0 1 3 4 0 0 0 0 0 0 0 0 0 0 0 0
0 0 0 2 0 0 0 0 0 1 0 6 0 2 0 0 0 0 0 0 2 1 0 0 0 0 0 0 0 0 0 0 0 0
1 0 0 0 1 0 0 0 0 0 0 2 0 2 0 0 0 0 0 0 2 2 0 0 0 0 0 0 0 0 0 0 0 0
1 0 0 1 1 0 0 0 0 0 0 1 0 3 0 0 0 1 0 0 2 2 0 0 0 0 0 0 0 0 0 0 0 0
0 0 0 0 2 0 0 0 0 0 0 3 0 6 0 0 0 0 0 0 2 1 0 0 0 0 0 0 0 0 0 0 0 0
0 0 0 4 0 0 0 3 2 0 0 3 0 3 0 0 0 3 0 0 3 2 0 0 0 0 0 0 0 0 0 0 0 0
0 0 0 0 0 0 0 1 0 2 0 1 0 1 0 0 0 0 0 1 1 1 0 0 0 0 0 0 0 0 0 0 0 0
0 0 0 1 1 0 0 2 1 1 0 1 0 0 0 0 0 0 0 0 2 1 0 0 0 0 0 0 0 0 0 1 0 0
0 0 0 4 0 0 0 3 0 2 0 3 0 0 0 0 0 0 0 0 2 2 0 0 0 0 0 0 0 0 0 0 0 0
0 0 0 1 0 0 0 0 3 3 0 0 0 63 0 0 0 1 0 0 1 1 0 0 0 0 0 0 0 0 0 0 0 0
0 0 0 1 4 0 0 2 0 1 1 5 0 9 0 0 0 0 0 0 3 2 0 0 0 0 0 0 0 0 0 0 0 1
0 0 0 1 1 0 0 2 0 1 0 1 0 0 0 0 0 0 0 0 2 1 0 0 0 0 0 0 0 0 0 0 0 0
0 0 0 1 1 1 0 2 1 1 0 0 0 0 0 0 0 1 0 0 2 1 0 0 0 0 0 0 0 0 0 0 0 0
0 0 0 1 0 0 0 1 1 2 0 4 2 2 0 0 0 0 0 0 3 1 0 0 0 0 0 0 0 0 0 0 0 0
0 0 0 1 4 0 0 0 1 1 1 2 0 2 0 0 0 0 0 1 2 1 0 0 0 0 0 0 0 0 0 0 0 0
0 0 0 3 1 0 0 0 0 0 0 7 0 1 0 1 0 0 0 0 2 1 0 0 0 0 0 0 0 0 0 0 0 0
1 0 0 0 1 0 0 1 1 1 0 0 1 1 0 0 0 0 0 0 2 2 0 0 0 0 0 0 0 0 0 0 0 0
0 0 0 1 0 0 0 1 0 0 0 12 0 1 0 0 0 2 0 0 3 2 0 0 0 0 0 0 0 0 0 0 0 0
0 0 0 0 3 1 0 0 0 1 1 3 0 1 0 0 0 0 0 0 4 1 0 0 0 0 0 0 0 0 0 0 0 0
1 0 0 0 1 0 0 0 0 0 0 2 0 2 0 0 0 0 0 0 2 2 0 0 0 0 0 0 0 0 0 0 0 0
1 0 0 0 1 0 0 0 0 0 0 2 0 2 0 0 0 0 0 0 2 2 0 0 0 0 0 0 0 0 0 0 0 0
0 0 0 1 2 0 0 0 0 1 1 3 0 2 0 0 0 0 0 0 4 1 0 0 0 0 0 0 0 0 0 0 0 0
0 0 0 4 0 0 0 10 0 3 0 3 1 1 0 0 0 0 0 0 3 4 0 0 0 0 0 0 0 0 0 0 0 0
0 0 0 1 3 0 0 1 0 2 0 3 0 1 0 0 0 0 0 0 4 1 0 0 0 0 0 0 0 0 0 0 0 0
0 0 0 2 4 0 0 1 0 1 0 3 0 1 0 0 0 1 0 0 3 1 0 0 0 0 0 0 0 0 0 0 0 0
0 0 0 2 0 0 0 2 2 0 0 4 0 0 0 0 0 0 0 1 2 1 0 0 0 0 0 0 0 0 0 0 0 0
0 0 0 1 2 1 0 0 0 1 1 3 0 1 0 0 0 0 0 0 4 1 0 0 0 0 0 0 0 0 0 0 0 0
0 0 0 1 0 0 0 2 1 4 0 0 1 1 0 0 0 0 0 0 2 1 0 0 0 0 0 0 0 0 0 0 0 0
1 0 0 0 1 0 0 0 0 0 0 2 0 2 0 0 0 0 0 0 2 2 0 0 0 0 0 0 0 0 0 0 0 0
0 0 0 2 0 0 0 4 1 0 0 4 0 0 0 0 0 0 0 0 2 1 0 0 0 0 0 0 0 0 0 0 0 0
1 0 0 0 1 0 0 0 0 0 0 2 0 2 0 0 0 0 0 0 2 2 0 0 0 0 0 0 0 0 0 0 0 0
0 0 0 0 1 0 0 1 1 2 0 0 0 2 0 0 0 0 0 0 1 1 0 0 0 0 0 0 0 0 0 0 0 0
0 0 0 1 1 0 0 1 0 0 1 14 0 5 0 0 0 1 0 0 3 2 0 0 0 0 0 0 0 0 0 0 0 0
1 0 0 0 1 0 0 0 0 0 0 2 0 2 0 0 0 0 0 0 2 2 0 0 0 0 0 0 0 0 0 0 0 0
1 0 0 0 1 0 0 2 0 0 0 0 1 1 0 0 0 0 0 0 2 2 0 0 0 0 0 0 0 0 0 0 0 0
1 0 0 0 1 0 0 0 0 0 0 2 0 2 0 0 0 0 0 0 2 2 0 0 0 0 0 0 0 0 0 0 0 0
1 0 0 0 1 0 0 0 2 0 0 1 0 1 0 0 0 0 0 0 2 2 0 0 0 0 0 0 0 0 0 0 0 0
0 0 0 1 0 0 0 2 1 1 0 7 1 1 0 0 0 0 0 0 2 2 0 0 0 0 0 0 0 0 0 0 0 0
0 0 0 2 3 0 0 1 2 3 0 0 0 1 0 0 0 0 0 0 4 3 0 0 0 0 0 0 0 0 0 0 0 0
1 0 0 1 1 0 1 1 0 0 0 0 1 1 0 0 0 0 0 0 2 2 0 0 0 0 0 0 0 0 0 0 0 0
0 0 0 0 6 0 0 0 0 4 2 7 0 3 0 0 0 0 0 0 3 2 0 0 0 0 0 0 0 0 0 0 0 0
0 0 0 0 0 0 0 0 1 0 0 4 0 2 0 0 0 1 0 1 2 1 0 0 0 0 0 0 0 0 0 0 0 2
1 0 0 1 0 0 0 2 0 1 0 0 1 0 0 0 0 0 0 0 2 1 0 0 0 0 0 0 0 0 0 0 0 0
1 0 0 0 1 0 0 0 0 0 0 2 0 2 0 0 0 0 0 0 2 2 0 0 0 0 0 0 0 0 0 0 0 0
0 0 0 0 0 0 0 4 0 0 0 9 0 0 0 0 0 0 0 0 3 1 0 0 0 0 0 0 0 0 0 0 0 0
0 0 0 1 0 1 0 4 1 0 0 0 5 2 0 0 0 0 0 0 3 1 0 0 0 0 0 0 0 0 0 0 0 0
0 0 0 0 6 0 0 0 0 4 2 7 0 3 0 0 0 0 0 0 3 2 0 0 0 0 0 0 0 0 0 0 0 0
1 0 0 0 1 0 0 0 0 0 0 2 0 2 0 0 0 0 0 0 2 2 0 0 0 0 0 0 0 0 0 0 0 0
0 0 0 1 1 0 1 1 1 1 0 0 2 3 0 0 0 0 0 0 3 2 0 0 0 0 0 0 0 0 0 1 0 0
0 0 0 3 0 0 0 6 1 0 0 6 0 1 0 0 0 3 0 1 3 2 0 0 0 0 0 0 0 0 0 0 0 0
0 0 0 0 0 0 0 0 1 2 0 3 0 0 0 0 0 0 0 0 2 1 0 0 0 0 0 0 0 0 0 0 0 0
0 0 0 1 1 0 0 1 1 1 0 0 1 0 0 0 0 0 0 0 1 2 0 0 0 0 0 0 0 0 0 0 0 0
0 0 0 1 1 0 0 2 0 1 0 1 0 0 0 0 0 0 0 0 2 1 0 0 0 0 0 0 0 0 0 0 0 0
0 0 0 0 0 0 0 3 0 0 0 10 0 1 0 1 0 0 0 0 3 1 0 0 0 0 0 0 0 0 0 0 0 0
1 0 0 0 0 0 0 0 1 2 0 1 0 0 0 0 0 0 0 0 1 1 0 0 0 0 0 0 0 0 0 0 0 0
0 0 0 0 2 0 0 1 1 4 1 0 0 1 0 0 0 0 0 0 1 2 0 0 0 0 0 0 0 0 0 0 0 0
1 0 0 0 1 0 0 1 0 2 0 1 0 3 0 0 0 1 0 0 1 3 0 0 0 0 0 0 0 0 0 0 0 0
0 0 0 0 4 0 0 1 3 1 1 1 0 2 0 0 0 0 0 0 2 2 0 0 0 0 0 0 0 0 0 0 0 0
1 0 0 0 1 0 0 0 0 0 0 1 0 2 0 0 0 0 0 0 2 2 0 0 0 0 0 0 0 0 0 0 0 1
0 0 0 0 0 0 0 2 3 1 0 0 0 0 0 0 0 0 0 0 1 1 0 0 0 0 0 0 0 0 0 0 0 0
0 0 0 2 3 0 0 1 3 0 0 1 0 1 0 0 0 0 0 0 2 1 0 0 0 0 0 0 0 0 0 0 0 0
0 0 0 0 1 1 0 1 2 3 1 0 1 2 0 0 0 0 0 0 3 1 0 0 0 0 0 0 0 0 0 0 0 0
1 0 0 1 1 0 0 1 1 0 0 1 0 2 0 0 0 0 0 0 2 2 0 0 0 0 0 0 0 0 0 0 0 0
0 0 0 0 0 0 0 4 1 4 0 0 21 9 0 1 0 0 0 0 3 8 0 0 0 0 0 0 0 0 0 0 0 0
0 0 0 0 2 0 0 0 0 4 0 3 0 1 0 0 0 0 0 0 4 1 0 0 0 0 0 0 0 0 0 0 0 0
0 0 0 0 2 0 0 3 0 0 0 7 0 10 0 0 0 0 0 0 3 4 0 0 0 0 0 0 0 0 0 0 0 0
0 0 0 2 0 0 0 2 1 1 0 0 0 0 0 0 0 1 0 0 2 1 0 0 0 0 0 0 0 0 0 1 0 0
0 0 0 0 0 0 0 6 2 1 0 8 0 4 0 0 0 1 0 1 4 2 0 0 0 0 0 0 0 0 0 0 0 0
0 0 0 1 1 0 1 2 1 1 0 0 3 2 0 0 0 0 0 0 3 2 0 0 0 0 0 0 0 0 0 1 0 0
0 0 0 0 2 0 0 8 3 1 0 2 0 3 0 0 0 0 0 0 3 2 0 0 0 0 0 0 0 0 0 0 0 0
1 0 0 0 1 0 0 0 0 0 0 2 0 2 0 0 0 0 0 0 2 2 0 0 0 0 0 0 0 0 0 0 0 0
0 0 0 0 0 0 2 8 0 2 0 11 2 1 0 0 0 0 0 0 3 4 0 0 0 0 0 0 0 0 0 0 0 1
0 0 0 1 0 0 0 4 0 0 0 6 0 7 0 0 0 1 0 0 3 3 0 0 0 0 0 0 0 0 0 0 0 1
1 0 0 1 1 0 0 0 0 0 0 1 0 2 0 0 0 0 0 2 2 2 0 0 0 0 0 0 0 0 0 0 0 0
0 0 0 3 0 0 0 4 0 0 0 14 0 2 0 0 0 0 0 1 3 4 0 0 0 0 0 0 0 0 0 0 0 0
0 0 0 3 2 0 0 2 0 1 1 0 0 2 0 2 0 0 0 0 4 3 0 0 0 0 0 0 0 0 0 0 0 0
1 0 0 0 1 0 0 0 0 0 0 2 0 2 0 0 0 0 0 0 2 2 0 0 0 0 0 0 0 0 0 0 0 0
1 0 0 0 2 0 0 0 0 0 0 1 0 2 0 0 0 1 0 0 2 2 0 0 0 0 0 0 0 0 0 0 0 0
0 0 0 2 1 0 0 1 0 0 0 8 0 1 0 0 0 0 0 0 2 1 0 0 0 0 0 0 0 0 0 0 0 0
0 0 0 1 4 0 0 4 0 2 2 0 0 2 0 0 0 0 0 0 2 1 0 0 0 0 0 0 0 0 0 0 0 0
0 0 0 1 2 0 0 0 0 2 1 3 0 1 0 0 0 0 0 0 4 1 0 0 0 0 0 0 0 0 0 0 0 0
0 0 0 0 0 1 0 2 3 1 0 0 2 0 0 0 0 0 0 0 2 1 0 0 0 0 0 0 0 0 0 0 0 0
0 0 0 2 1 0 0 2 0 1 0 13 0 3 0 0 0 0 0 0 3 3 0 0 0 0 0 0 0 0 0 0 0 1
0 0 0 2 0 0 0 3 3 4 0 0 1 1 0 0 0 0 0 1 1 4 0 0 0 0 0 0 0 0 0 0 0 0
0 0 0 1 2 0 0 0 1 2 0 3 0 1 0 0 0 0 0 0 4 1 0 0 0 0 0 0 0 0 0 0 0 0
0 0 0 0 0 0 0 1 1 0 0 8 0 3 0 0 0 0 0 1 3 1 0 0 0 0 0 0 0 0 0 0 0 0
0 0 0 3 2 0 0 1 0 1 0 3 0 1 0 0 0 0 0 0 4 1 0 0 0 0 0 0 0 0 0 0 0 0
1 0 0 0 1 0 0 2 0 0 0 0 2 1 0 0 0 0 0 0 2 2 0 0 0 0 0 0 0 0 0 0 0 0
0 0 0 0 0 0 2 6 1 2 0 12 1 0 0 0 0 1 2 0 3 4 0 0 0 0 0 0 0 0 0 0 0 0
0 0 0 2 0 0 0 1 0 0 0 5 0 2 0 0 0 0 0 0 2 1 0 0 0 0 0 0 0 0 0 0 0 1
0 0 0 0 0 0 0 3 0 2 0 0 5 2 0 0 0 0 0 0 3 1 0 0 0 0 0 0 0 0 0 0 0 0
0 0 0 3 0 0 0 3 0 1 0 6 0 0 0 0 0 0 0 0 2 1 0 0 0 0 0 0 0 0 0 0 0 0
0 0 0 1 2 0 0 0 0 1 1 3 0 2 0 0 0 0 0 0 4 1 0 0 0 0 0 0 0 0 0 0 0 0
0 0 0 1 0 0 0 1 1 1 0 0 1 0 0 0 0 0 0 0 1 1 0 0 0 0 0 0 0 0 0 0 0 0
1 0 0 0 2 0 0 0 0 0 0 1 0 3 0 0 0 1 0 0 2 2 0 0 0 0 0 0 0 0 0 0 0 0
1 0 0 0 1 0 0 0 0 0 0 2 0 2 0 0 0 0 0 0 2 2 0 0 0 0 0 0 0 0 0 0 0 0
1 0 0 0 2 0 0 0 0 0 0 1 0 2 0 0 0 0 0 1 2 2 0 0 0 0 0 0 0 0 0 0 0 0
0 0 0 0 0 0 0 1 0 0 0 12 0 1 0 0 0 1 0 0 3 1 0 0 0 0 0 0 0 0 0 0 0 0
0 0 0 3 0 0 0 4 2 2 0 3 0 2 0 0 0 0 0 0 2 2 0 0 0 0 0 0 0 0 0 0 0 0
1 0 0 0 0 0 0 3 0 1 0 0 0 32 0 0 0 0 0 0 2 1 0 0 0 0 0 0 0 0 0 0 0 0
0 0 0 1 2 0 0 0 0 2 1 3 0 1 0 0 0 0 0 0 4 1 0 0 0 0 0 0 0 0 0 0 0 0
0 0 0 0 2 0 0 2 1 1 1 3 0 2 0 0 0 0 0 0 4 1 0 0 0 0 0 0 0 0 0 0 0 0
0 0 0 0 0 0 0 0 2 1 0 1 0 1 0 0 0 0 0 1 1 1 0 0 0 0 0 0 0 0 0 0 0 0
0 0 0 1 0 0 0 1 0 0 0 10 0 9 0 0 0 1 0 0 4 1 0 0 0 0 0 0 0 0 0 0 0 0
0 0 0 0 3 0 0 0 1 5 1 7 0 2 0 0 0 0 0 0 3 2 0 0 0 0 0 0 0 0 0 0 0 0
0 0 0 2 6 0 0 3 2 2 3 5 0 3 0 0 0 0 0 0 3 2 0 0 0 0 0 0 0 0 0 0 0 0
0 0 0 2 1 0 0 4 0 1 0 1 2 1 0 0 0 0 0 0 2 2 0 0 0 0 0 0 0 0 0 0 0 0
0 0 0 2 1 0 0 3 0 1 0 6 0 0 0 0 0 0 0 0 2 1 0 0 0 0 0 0 0 0 0 0 0 0
0 0 0 1 2 0 1 0 0 0 0 7 1 0 0 0 0 0 0 0 2 1 0 0 0 0 0 0 0 0 0 0 0 0
0 0 0 0 3 0 0 0 0 2 1 3 0 1 0 0 0 0 0 0 4 1 0 0 0 0 0 0 0 0 0 0 0 0
0 0 0 0 2 0 0 0 1 2 0 2 0 1 0 0 0 0 0 0 4 1 0 0 0 0 0 0 0 0 0 0 0 1
0 0 0 0 2 1 0 0 0 1 2 3 0 1 0 0 0 0 0 0 4 1 0 0 0 0 0 0 0 0 0 0 0 0
1 0 0 0 0 0 0 0 1 1 0 1 0 0 0 0 0 0 0 0 1 1 0 0 0 0 0 0 0 0 0 0 0 0
0 0 0 1 0 0 0 6 0 0 0 6 0 2 0 0 0 1 0 0 3 1 0 0 0 0 0 0 0 0 0 0 0 0
0 0 0 1 0 0 0 3 1 3 0 0 1 1 0 0 0 0 0 0 2 1 0 0 0 0 0 0 0 0 0 0 0 0
0 0 0 0 0 0 1 1 2 1 0 0 2 1 0 0 0 0 0 0 1 2 0 0 0 0 0 0 0 0 0 0 0 0
0 0 0 0 0 0 0 0 3 1 0 1 0 0 0 0 0 1 0 0 1 1 0 0 0 0 0 0 0 0 0 0 0 0
0 0 0 2 2 0 0 0 0 0 0 7 0 6 0 0 0 1 0 3 3 4 0 0 0 0 0 0 0 0 0 0 0 0
1 0 0 3 0 0 0 1 2 2 1 0 0 32 0 0 0 0 0 0 1 3 0 0 0 0 0 0 0 0 0 0 0 0
0 0 0 1 2 0 0 0 1 2 0 3 0 1 0 0 0 0 0 0 4 1 0 0 0 0 0 0 0 0 0 0 0 0
0 0 0 1 0 0 0 2 1 1 0 2 0 0 0 0 0 0 0 0 2 1 0 0 0 0 0 0 0 0 0 1 0 0
0 0 0 0 6 0 0 0 0 2 3 7 0 4 0 0 0 0 0 0 3 2 0 0 0 0 0 0 0 0 0 0 0 0
0 0 0 0 0 0 0 0 1 2 0 3 0 0 0 0 0 0 0 0 2 1 0 0 0 0 0 0 0 0 0 0 0 0
0 0 0 0 0 0 0 2 5 1 0 0 4 0 0 0 0 0 0 0 1 4 0 0 0 0 0 0 0 0 0 0 0 0
0 0 0 1 2 1 0 0 0 1 1 3 0 1 0 0 0 0 0 0 4 1 0 0 0 0 0 0 0 0 0 0 0 0
0 0 0 6 0 0 0 4 5 1 1 23 0 30 0 0 0 1 0 0 1 30 0 0 0 0 0 0 0 0 0 0 0 1
0 0 0 3 2 0 0 1 0 0 1 3 0 1 0 0 0 0 0 0 4 1 0 0 0 0 0 0 0 0 0 0 0 0
1 0 0 0 2 0 0 0 0 0 0 1 0 2 0 0 0 0 0 1 2 2 0 0 0 0 0 0 0 0 0 0 0 0
1 0 0 0 2 0 0 2 0 0 0 1 0 2 0 0 0 0 0 0 2 2 0 0 0 0 0 0 0 0 0 0 0 0
0 0 0 1 0 0 0 2 1 1 0 0 0 0 0 0 0 0 0 0 2 1 0 0 0 0 0 0 0 0 0 1 0 0
1 0 0 0 1 0 0 0 2 0 0 1 0 1 0 0 0 0 0 0 2 2 0 0 0 0 0 0 0 0 0 0 0 0
0 0 0 1 2 0 0 0 1 2 0 1 0 2 0 0 0 1 0 0 4 1 0 0 0 0 0 0 0 0 0 0 0 1
1 0 0 1 1 0 0 1 1 0 0 1 0 2 0 0 0 0 0 0 2 2 0 0 0 0 0 0 0 0 0 0 0 0
0 0 0 0 0 0 0 1 0 2 0 2 1 1 0 0 0 0 0 0 1 1 0 0 0 0 0 0 0 0 0 0 0 0
0 1 0 1 0 0 0 0 1 2 0 0 0 0 0 0 0 0 0 0 2 1 0 0 0 0 0 0 0 0 0 0 0 0
0 0 0 1 0 0 0 2 1 1 0 4 0 0 0 0 0 1 0 0 2 1 0 0 0 0 0 0 0 0 0 0 0 0
0 0 0 2 0 0 0 0 0 0 0 9 0 6 0 0 0 0 0 0 3 2 0 0 0 0 0 0 0 0 0 0 0 1
0 0 0 0 6 0 0 0 0 3 3 7 0 3 0 0 0 0 0 0 3 2 0 0 0 0 0 0 0 0 0 0 0 0
0 0 0 0 0 0 0 2 0 0 0 3 0 6 0 0 0 0 0 0 2 1 0 0 0 0 0 0 0 0 0 0 0 0
0 0 0 0 0 0 0 1 2 1 0 8 2 1 0 0 0 0 0 0 2 3 0 0 0 0 0 0 0 0 0 0 0 0
0 0 0 2 2 0 0 0 0 2 0 3 0 3 0 0 0 0 0 0 2 1 0 0 0 0 0 0 0 0 0 0 0 0
0 0 0 3 0 0 0 0 0 1 0 4 0 3 0 0 0 2 0 0 2 1 0 0 0 0 0 0 0 0 0 0 0 0
0 0 0 0 0 0 0 1 2 3 0 1 0 0 0 0 0 0 0 1 2 1 0 0 0 0 0 0 0 0 0 0 0 0
0 0 0 4 0 0 0 3 1 0 0 1 0 1 0 0 0 0 0 0 2 1 0 0 0 0 0 0 0 0 0 0 0 0
0 0 0 7 0 0 0 3 12 1 1 55 0 63 0 0 0 1 0 0 1 67 0 0 0 0 0 0 0 0 0 0 0 1
0 0 0 0 2 0 0 3 1 2 0 1 0 2 0 0 0 0 0 0 2 1 0 0 0 0 0 0 0 0 0 0 0 0
1 0 0 0 1 0 0 0 0 0 0 2 0 2 0 0 0 0 0 0 2 2 0 0 0 0 0 0 0 0 0 0 0 0
0 0 0 0 0 0 0 2 2 1 0 14 0 4 0 0 0 1 0 0 4 2 0 0 0 0 0 0 0 0 0 0 0 0
0 0 0 1 1 0 0 1 3 2 0 64 0 65 0 0 0 1 0 0 1 67 0 0 0 0 0 0 0 0 0 0 0 1
0 0 0 2 0 0 0 3 1 0 0 4 0 2 0 0 0 2 0 0 2 1 0 0 0 0 0 0 0 0 0 0 0 0
1 0 0 0 0 0 0 0 1 2 0 1 0 0 0 0 0 0 0 0 1 1 0 0 0 0 0 0 0 0 0 0 0 0
0 0 0 1 1 0 1 7 3 2 0 10 1 3 0 0 0 0 0 0 3 4 0 0 0 0 0 0 0 0 0 0 0 0
0 0 0 2 0 0 0 0 0 0 0 9 0 0 0 0 0 0 0 0 2 1 0 0 0 0 0 0 0 0 0 0 0 0
0 0 0 1 0 1 0 2 1 2 0 0 1 1 0 0 0 0 0 0 2 1 0 0 0 0 0 0 0 0 0 0 0 0
0 0 0 0 1 0 0 1 1 1 0 0 0 2 0 0 0 0 0 0 3 1 0 0 0 0 0 0 0 0 0 1 0 0
1 0 0 1 1 0 0 1 0 0 0 1 0 2 0 0 0 0 0 0 2 2 0 0 0 0 0 0 0 0 0 0 0 0
0 0 0 4 0 0 0 2 0 1 0 4 0 4 0 0 0 0 0 0 2 1 0 0 0 0 0 0 0 0 0 0 0 0
0 0 0 0 0 0 0 0 4 1 0 0 1 0 0 0 0 0 0 0 1 1 0 0 0 0 0 0 0 0 0 0 0 0
1 1 0 1 0 1 0 1 0 0 0 0 1 0 0 0 0 0 0 0 2 1 0 0 0 0 0 0 0 0 0 0 0 0
0 0 0 2 2 0 0 2 1 0 0 3 0 2 0 0 0 1 0 1 2 2 0 0 0 0 0 0 0 0 0 0 0 0
1 0 0 0 1 0 0 2 0 1 0 0 1 0 0 0 0 0 0 0 2 2 0 0 0 0 0 0 0 0 0 0 0 0
1 0 0 0 0 0 0 3 0 2 0 0 0 1 0 0 0 0 0 0 2 2 0 0 0 0 0 0 0 0 0 0 0 0
1 0 0 1 1 0 0 0 0 0 0 1 0 2 0 0 0 0 0 1 2 2 0 0 0 0 0 0 0 0 0 0 0 0
0 0 0 0 6 0 0 0 0 4 2 7 0 3 0 0 0 0 0 0 3 2 0 0 0 0 0 0 0 0 0 0 0 0
1 0 0 0 1 0 0 0 0 2 0 2 0 2 0 0 0 0 0 0 2 2 0 0 0 0 0 0 0 0 0 0 0 0
0 0 0 0 3 0 0 0 0 2 1 3 0 1 0 0 0 0 0 0 4 1 0 0 0 0 0 0 0 0 0 0 0 0
0 0 0 4 0 0 0 5 0 1 0 2 0 0 0 0 0 0 0 2 2 3 0 0 0 0 0 0 0 0 0 0 0 0
0 0 0 1 4 0 0 1 0 0 1 3 0 1 0 0 0 0 0 0 4 1 0 0 0 0 0 0 0 0 0 0 0 0
0 0 0 1 0 0 0 5 4 3 0 10 0 3 0 0 0 1 0 0 3 4 0 0 0 0 0 0 0 0 0 0 0 0
1 0 0 0 1 0 0 0 0 0 0 2 0 2 0 0 0 0 0 0 2 2 0 0 0 0 0 0 0 0 0 0 0 0
0 0 0 0 0 0 0 4 4 0 0 10 0 4 0 0 0 0 0 0 3 2 0 0 0 0 0 0 0 0 0 0 0 1
0 0 0 0 6 0 0 0 0 2 3 7 0 4 0 0 0 0 0 0 3 2 0 0 0 0 0 0 0 0 0 0 0 0
0 0 0 0 7 0 0 2 1 1 3 6 0 4 0 0 0 0 0 0 3 2 0 0 0 0 0 0 0 0 0 0 0 0
1 0 0 0 1 0 0 0 0 0 0 2 0 2 0 0 0 0 0 0 2 2 0 0 0 0 0 0 0 0 0 0 0 0
0 0 0 1 0 0 0 1 0 0 0 8 0 1 0 0 0 0 0 1 2 1 0 0 0 0 0 0 0 0 0 0 0 0
0 0 0 1 1 0 0 3 2 0 0 7 0 6 0 0 0 3 0 0 3 4 0 0 0 0 0 0 0 0 0 0 0 0
0 0 0 1 0 0 0 0 1 2 0 2 0 1 0 0 0 1 0 0 2 1 0 0 0 0 0 0 0 0 0 0 0 0
0 0 0 3 0 0 0 4 2 0 0 2 0 1 0 0 0 0 0 0 2 1 0 0 0 0 0 0 0 0 0 0 0 0
0 0 0 4 1 0 0 0 0 0 0 6 0 1 0 0 0 0 0 0 2 1 0 0 0 0 0 0 0 0 0 0 0 0
0 0 0 1 2 0 0 3 0 0 1 2 0 1 0 0 0 0 0 0 4 1 0 0 0 0 0 0 0 0 0 0 0 1
0 0 0 0 1 0 0 1 1 1 0 0 0 0 0 0 0 0 0 0 1 1 0 0 0 0 0 0 0 0 0 0 0 0
0 0 0 0 0 0 0 8 0 4 0 13 0 1 0 0 0 0 0 0 3 4 0 0 0 0 0 0 0 0 0 0 0 0
0 0 0 1 4 0 0 1 0 0 1 3 0 1 0 0 0 0 0 0 4 1 0 0 0 0 0 0 0 0 0 0 0 0
0 0 0 2 4 0 0 1 0 2 1 1 0 2 0 0 0 0 0 0 2 1 0 0 0 0 0 0 0 0 0 0 0 0
0 0 0 1 0 1 0 1 0 0 0 9 0 9 0 0 0 0 0 0 3 2 0 0 0 0 0 0 0 0 0 0 0 0
0 0 0 6 0 0 0 4 0 0 0 4 0 0 0 0 0 0 0 0 2 3 0 0 0 0 0 0 0 0 0 0 0 0
0 0 0 2 2 0 0 1 1 2 1 2 0 1 0 0 0 0 0 0 4 1 0 0 0 0 0 0 0 0 0 0 0 0
0 0 0 0 0 0 0 1 0 1 0 1 1 1 0 0 0 1 0 0 1 1 0 0 0 0 0 0 0 0 0 0 0 0
1 0 0 1 1 0 0 1 0 0 0 1 0 2 0 0 0 0 0 0 2 2 0 0 0 0 0 0 0 0 0 0 0 0
0 0 0 1 0 0 0 3 0 1 0 8 0 1 0 1 0 1 0 0 3 1 0 0 0 0 0 0 0 0 0 0 0 0
1 0 0 0 1 0 0 0 0 0 0 2 0 2 0 0 0 0 0 0 2 2 0 0 0 0 0 0 0 0 0 0 0 0
0 0 0 0 2 0 0 0 1 2 1 3 0 1 0 0 0 0 0 0 4 1 0 0 0 0 0 0 0 0 0 0 0 0
0 0 0 0 0 0 0 3 1 3 0 0 4 1 0 0 0 0 0 0 3 1 0 0 0 0 0 0 0 0 0 0 0 0
0 0 0 1 2 0 0 2 0 0 0 1 0 3 0 0 0 2 0 1 2 1 0 0 0 0 0 0 0 0 0 0 0 0
1 0 0 0 1 0 0 0 0 0 0 2 0 2 0 0 0 0 0 0 2 2 0 0 0 0 0 0 0 0 0 0 0 0
1 0 0 1 1 0 0 1 1 0 0 1 0 2 0 0 0 0 0 0 2 2 0 0 0 0 0 0 0 0 0 0 0 0
0 0 0 1 0 0 0 2 3 2 0 0 1 0 0 0 0 0 0 0 1 2 0 0 0 0 0 0 0 0 0 0 0 0
1 0 0 1 1 0 0 0 0 0 0 1 0 2 0 0 0 1 0 0 2 2 0 0 0 0 0 0 0 0 0 0 0 0
0 0 0 0 1 0 0 1 1 0 0 9 0 9 0 0 0 0 0 0 3 2 0 0 0 0 0 0 0 0 0 0 0 0
0 0 0 0 0 0 0 2 0 0 0 3 0 6 0 0 0 0 0 0 2 1 0 0 0 0 0 0 0 0 0 0 0 0
1 0 0 2 0 0 0 25 3 2 1 14 0 23 0 0 0 0 0 0 2 18 0 0 0 0 0 0 0 0 0 0 0 0
0 0 0 0 2 0 0 2 1 1 1 3 0 2 0 0 0 0 0 0 4 1 0 0 0 0 0 0 0 0 0 0 0 0
0 0 0 2 2 0 0 1 0 0 2 3 0 1 0 0 0 0 0 0 4 1 0 0 0 0 0 0 0 0 0 0 0 0
0 0 0 3 2 0 0 1 0 0 1 3 0 1 0 0 0 0 0 0 4 1 0 0 0 0 0 0 0 0 0 0 0 0
0 0 0 0 1 0 0 3 0 0 0 7 0 2 0 0 0 0 0 0 2 1 0 0 0 0 0 0 0 0 0 0 0 0
0 0 0 3 2 0 0 1 0 0 1 3 0 1 0 0 0 0 0 0 4 1 0 0 0 0 0 0 0 0 0 0 0 0
1 0 0 0 1 0 0 0 0 0 0 2 0 2 0 0 0 0 0 0 2 2 0 0 0 0 0 0 0 0 0 0 0 0
0 0 0 2 0 0 0 3 2 2 0 0 0 0 0 0 0 0 0 0 1 2 0 0 0 0 0 0 0 0 0 0 0 0
0 0 0 0 1 0 0 3 0 1 0 1 0 0 0 0 0 0 0 0 2 1 0 0 0 0 0 0 0 0 0 0 0 0
0 0 0 1 0 0 1 2 0 0 0 8 1 2 0 0 0 0 0 0 2 3 0 0 0 0 0 0 0 0 0 0 0 0
0 0 0 0 0 0 0 1 4 0 0 0 1 2 0 0 0 0 0 0 2 2 0 0 0 0 0 0 0 0 0 0 0 0
0 0 0 1 2 0 0 0 0 1 1 3 0 2 0 0 0 0 0 0 4 1 0 0 0 0 0 0 0 0 0 0 0 0
0 0 0 0 2 0 1 0 2 4 1 7 0 1 0 0 0 0 0 0 3 2 0 0 0 0 0 0 0 0 0 0 0 0
0 0 0 0 2 0 0 0 1 2 1 3 0 1 0 0 0 0 0 0 4 1 0 0 0 0 0 0 0 0 0 0 0 0
0 0 0 3 0 0 0 1 0 1 0 16 0 3 0 0 0 0 0 0 3 2 0 0 0 0 0 0 0 0 0 0 0 0
0 0 0 0 5 0 0 1 3 2 2 0 0 3 0 0 0 0 0 2 3 1 0 0 0 0 0 0 0 0 0 0 0 0
1 0 0 0 1 0 0 0 0 0 0 2 0 2 0 0 0 0 0 0 2 2 0 0 0 0 0 0 0 0 0 0 0 0
0 0 0 0 0 0 0 2 0 5 0 0 0 2 0 0 0 0 0 1 2 1 0 0 0 0 0 0 0 0 0 0 0 0
0 0 0 0 1 0 0 0 0 0 0 9 0 9 0 0 0 1 0 0 3 2 0 0 0 0 0 0 0 0 0 0 0 0
0 0 0 2 1 0 0 1 1 1 0 5 0 2 0 2 0 0 0 0 3 3 0 0 0 0 0 0 0 0 0 0 0 0
0 0 0 0 2 0 0 1 0 0 3 3 0 1 0 0 0 0 0 0 4 1 0 0 0 0 0 0 0 0 0 0 0 0
0 0 0 2 3 0 0 1 0 0 1 3 0 1 0 0 0 0 0 0 4 1 0 0 0 0 0 0 0 0 0 0 0 0
1 0 0 0 1 0 0 0 0 0 0 2 0 2 0 0 0 0 0 0 2 2 0 0 0 0 0 0 0 0 0 0 0 0
0 0 0 1 0 0 0 1 1 0 0 16 0 0 0 0 0 1 0 1 3 2 0 0 0 0 0 0 0 0 0 0 0 0
0 0 0 0 0 0 0 1 5 1 0 4 0 1 0 0 0 0 0 0 2 2 0 0 0 0 0 0 0 0 0 0 0 0
0 0 0 6 3 0 1 3 4 4 0 56 0 65 0 0 0 3 0 1 2 66 0 0 0 0 0 0 0 0 0 0 0 1
0 0 0 0 2 0 0 0 1 2 0 2 0 1 0 0 0 0 0 0 4 1 0 0 0 0 0 0 0 0 0 0 0 1
1 0 0 0 1 0 0 0 0 0 0 2 0 2 0 0 0 0 0 0 2 2 0 0 0 0 0 0 0 0 0 0 0 0
0 0 0 2 2 0 0 0 1 3 0 1 0 1 0 0 0 0 0 0 2 1 0 0 0 0 0 0 0 0 0 0 0 0
0 0 0 1 2 1 0 0 0 1 1 3 0 1 0 0 0 0 0 0 4 1 0 0 0 0 0 0 0 0 0 0 0 0
0 0 0 6 0 0 0 0 0 0 0 4 0 0 0 0 0 0 0 0 2 1 0 0 0 0 0 0 0 0 0 0 0 0
0 0 0 1 2 0 0 4 1 1 1 2 0 2 0 0 0 0 0 0 4 1 0 0 0 0 0 0 0 0 0 0 0 0
0 0 0 0 0 0 0 2 2 2 0 0 2 1 0 0 0 0 0 0 2 2 0 0 0 0 0 0 0 0 0 0 0 0
1 0 0 0 1 0 0 0 0 0 0 0 0 1 0 0 0 0 0 0 2 1 0 0 0 0 0 0 0 0 0 0 0 1
0 0 0 0 2 0 0 0 0 0 0 12 0 1 0 0 0 2 0 0 3 2 0 0 0 0 0 0 0 0 0 0 0 0
0 0 0 2 0 0 0 8 1 0 0 3 0 1 0 0 0 0 0 0 3 1 0 0 0 0 0 0 0 0 0 0 0 0
0 0 0 0 2 0 0 3 0 0 0 7 0 10 0 0 0 0 0 0 3 4 0 0 0 0 0 0 0 0 0 0 0 0
1 0 0 0 1 0 0 0 0 0 0 2 0 2 0 0 0 0 0 0 2 2 0 0 0 0 0 0 0 0 0 0 0 0
0 0 0 1 4 0 0 1 0 0 1 3 0 1 0 0 0 0 0 0 4 1 0 0 0 0 0 0 0 0 0 0 0 0
0 0 0 0 3 0 0 0 0 3 0 3 0 1 0 0 0 0 0 0 4 1 0 0 0 0 0 0 0 0 0 0 0 0
1 0 0 0 1 0 0 0 0 0 0 2 0 2 0 0 0 0 0 0 2 2 0 0 0 0 0 0 0 0 0 0 0 0
1 0 0 0 0 1 1 0 0 0 0 0 0 0 0 0 0 0 0 0 2 1 0 0 0 0 0 0 0 0 0 1 0 0
0 0 0 2 3 0 0 2 0 2 0 2 0 3 0 0 0 0 0 0 2 1 0 0 0 0 0 0 0 0 0 0 0 0
0 0 0 1 4 0 0 2 0 1 2 6 0 5 0 0 0 0 0 0 3 2 0 0 0 0 0 0 0 0 0 0 0 1
0 0 0 0 0 0 0 2 3 3 0 0 1 0 0 0 0 0 0 0 2 2 0 0 0 0 0 0 0 0 0 0 0 0
0 0 0 1 0 0 0 2 2 2 0 0 1 2 0 0 0 0 0 0 2 1 0 0 0 0 0 0 0 0 0 0 0 0
0 0 0 3 2 0 0 1 0 0 1 3 0 1 0 0 0 0 0 0 4 1 0 0 0 0 0 0 0 0 0 0 0 0
1 0 0 0 2 0 0 1 1 0 0 1 0 2 0 0 0 0 0 0 2 2 0 0 0 0 0 0 0 0 0 0 0 0
0 0 0 1 0 0 0 2 1 3 0 0 3 1 0 0 0 0 0 0 3 1 0 0 0 0 0 0 0 0 0 1 0 0
1 0 0 0 1 0 0 0 0 0 0 2 0 2 0 0 0 0 0 0 2 2 0 0 0 0 0 0 0 0 0 0 0 0
0 0 0 0 1 0 0 3 1 2 0 0 0 1 0 0 0 0 0 0 2 1 0 0 0 0 0 0 0 0 0 1 0 0
1 0 0 0 1 0 0 4 0 0 0 0 0 0 0 0 0 0 0 0 2 2 0 0 0 0 0 0 0 0 0 0 0 0
0 0 0 0 3 0 0 0 1 2 0 3 0 1 0 0 0 0 0 0 4 1 0 0 0 0 0 0 0 0 0 0 0 0
0 0 0 1 0 0 0 2 1 4 0 0 1 1 0 0 0 0 0 0 2 1 0 0 0 0 0 0 0 0 0 0 0 0
0 0 0 1 0 0 0 1 1 5 0 0 1 1 0 0 0 0 0 0 3 1 0 0 0 0 0 0 0 0 0 1 0 0
0 0 0 1 6 0 1 2 0 1 3 6 0 4 0 0 0 0 0 0 3 2 0 0 0 0 0 0 0 0 0 0 0 0
1 0 0 0 1 0 0 0 0 0 0 2 0 2 0 0 0 0 0 0 2 2 0 0 0 0 0 0 0 0 0 0 0 0
0 0 0 1 3 0 0 1 0 1 1 2 0 2 0 0 0 0 0 0 3 1 0 0 0 0 0 0 0 0 0 0 0 0
0 0 0 1 6 0 0 1 0 2 3 6 0 4 0 0 0 1 0 0 3 2 0 0 0 0 0 0 0 0 0 0 0 0
1 0 0 0 1 0 0 0 0 0 0 2 0 2 0 0 0 0 0 0 2 2 0 0 0 0 0 0 0 0 0 0 0 0
0 0 0 0 6 0 0 0 0 3 3 7 0 3 0 0 0 0 0 0 3 2 0 0 0 0 0 0 0 0 0 0 0 0
1 0 0 0 1 0 0 0 0 0 0 2 0 2 0 0 0 0 0 0 2 2 0 0 0 0 0 0 0 0 0 0 0 0
0 0 0 1 0 0 0 2 0 3 0 0 4 1 0 0 0 0 0 0 3 1 0 0 0 0 0 0 0 0 0 0 0 0
0 0 0 0 0 0 0 2 1 1 0 0 1 4 0 0 0 0 0 0 3 2 0 0 0 0 0 0 0 0 0 0 0 0
1 0 0 0 1 0 0 0 0 0 0 2 0 2 0 0 0 0 0 0 2 2 0 0 0 0 0 0 0 0 0 0 0 0
0 0 0 0 4 0 0 0 0 2 0 3 0 3 0 0 0 0 0 0 2 1 0 0 0 0 0 0 0 0 0 0 0 0
1 0 0 0 1 0 0 2 0 0 0 1 0 1 0 0 0 0 0 0 2 2 0 0 0 0 0 0 0 0 0 0 0 0
0 0 0 1 0 0 0 1 1 0 0 8 0 8 0 0 0 0 0 1 3 2 0 0 0 0 0 0 0 0 0 0 0 0
0 0 0 0 0 1 2 7 2 4 1 3 1 3 0 2 0 1 0 0 3 4 0 0 0 0 0 0 0 0 0 0 0 0
0 0 0 1 1 0 0 1 0 0 0 16 0 3 0 0 0 0 0 0 3 2 0 0 0 0 0 0 0 0 0 0 0 0
0 0 0 1 0 0 0 3 1 0 0 7 0 7 0 0 0 1 0 1 3 2 0 0 0 0 0 0 0 0 0 0 0 0
0 0 0 2 6 0 0 1 0 2 3 5 0 5 0 0 0 0 0 0 3 2 0 0 0 0 0 0 0 0 0 0 0 0
0 0 0 0 0 0 0 1 3 0 0 0 1 2 0 0 0 0 0 0 2 2 0 0 0 0 0 0 0 0 0 0 0 0
1 0 0 0 1 0 0 0 2 0 0 1 0 1 0 0 0 0 0 0 2 2 0 0 0 0 0 0 0 0 0 0 0 0
1 0 0 1 0 0 0 2 1 1 0 0 0 40 0 0 0 0 0 0 2 1 0 0 0 0 0 0 0 0 0 0 0 0
0 0 0 1 2 0 0 0 1 2 0 3 0 1 0 0 0 0 0 0 4 1 0 0 0 0 0 0 0 0 0 0 0 0
0 0 0 1 6 0 0 1 0 3 2 6 0 4 0 0 0 1 0 0 3 2 0 0 0 0 0 0 0 0 0 0 0 0
1 0 0 0 1 0 0 1 0 2 0 1 0 2 0 0 0 0 0 0 2 2 0 0 0 0 0 0 0 0 0 0 0 0
0 0 0 4 0 0 0 6 4 3 0 5 0 3 0 0 0 0 0 0 3 4 0 0 0 0 0 0 0 0 0 0 0 0
1 0 0 0 1 0 0 0 0 0 0 1 0 2 0 0 0 0 0 0 2 2 0 0 0 0 0 0 0 0 0 0 0 1
0 0 0 0 3 1 0 0 0 1 1 3 0 1 0 0 0 0 0 0 4 1 0 0 0 0 0 0 0 0 0 0 0 0
0 0 0 4 1 0 0 0 0 0 0 6 0 2 0 0 0 1 0 0 2 1 0 0 0 0 0 0 0 0 0 0 0 0
0 0 0 1 0 0 0 2 2 2 0 0 1 2 0 0 0 0 0 0 2 1 0 0 0 0 0 0 0 0 0 0 0 0
0 0 0 1 0 0 0 1 3 2 0 0 1 0 0 0 0 0 0 0 2 1 0 0 0 0 0 0 0 0 0 0 0 0
0 0 0 1 3 0 0 3 3 2 1 0 0 0 0 0 0 0 0 0 2 3 0 0 0 0 0 0 0 0 0 0 0 0
1 0 0 0 1 0 0 0 0 0 0 2 0 2 0 0 0 0 0 0 2 2 0 0 0 0 0 0 0 0 0 0 0 0
1 0 0 0 2 0 0 0 0 0 0 1 0 3 0 0 0 1 0 0 2 2 0 0 0 0 0 0 0 0 0 0 0 0
0 0 0 3 4 0 1 1 1 3 1 4 0 3 0 0 0 3 0 0 3 4 0 0 0 0 0 0 0 0 0 0 0 0
0 0 0 1 1 0 0 2 0 1 0 1 0 0 0 0 0 0 0 0 2 1 0 0 0 0 0 0 0 0 0 0 0 0
0 0 0 1 3 0 0 1 0 0 2 3 0 1 0 0 0 0 0 0 4 1 0 0 0 0 0 0 0 0 0 0 0 0
1 0 0 0 1 0 0 2 0 0 0 1 0 1 0 0 0 0 0 0 2 2 0 0 0 0 0 0 0 0 0 0 0 0
1 0 0 1 2 0 0 0 0 0 0 0 0 3 0 0 0 1 0 1 2 2 0 0 0 0 0 0 0 0 0 0 0 0
1 0 0 1 2 0 0 2 0 0 0 0 0 3 0 0 0 0 0 0 2 2 0 0 0 0 0 0 0 0 0 0 0 0
1 0 0 0 1 0 0 0 0 0 0 2 0 2 0 0 0 0 0 0 2 2 0 0 0 0 0 0 0 0 0 0 0 0
1 0 0 2 0 0 0 0 1 0 1 2 0 1 0 0 0 0 0 0 2 1 0 0 0 0 0 0 0 0 0 0 0 0
0 0 0 2 0 0 0 3 0 0 0 7 0 10 0 0 0 0 0 0 3 4 0 0 0 0 0 0 0 0 0 0 0 0
1 0 0 0 1 0 0 0 0 0 0 2 0 2 0 0 0 0 0 0 2 2 0 0 0 0 0 0 0 0 0 0 0 0
0 0 0 1 7 0 0 3 0 2 3 5 0 3 0 0 0 1 0 0 3 2 0 0 0 0 0 0 0 0 0 0 0 0
1 0 0 0 1 0 0 0 0 0 0 2 0 2 0 0 0 0 0 0 2 2 0 0 0 0 0 0 0 0 0 0 0 0
1 0 0 1 1 0 0 1 0 0 0 1 0 2 0 0 0 0 0 0 2 2 0 0 0 0 0 0 0 0 0 0 0 0
0 0 0 0 6 0 0 2 0 3 1 7 0 3 0 0 0 0 0 0 3 2 0 0 0 0 0 0 0 0 0 0 0 0
0 0 0 0 0 0 0 2 0 1 0 9 0 6 0 0 0 0 0 0 3 2 0 0 0 0 0 0 0 0 0 0 0 0
1 0 0 0 1 0 0 0 0 0 0 2 0 2 0 0 0 0 0 0 2 2 0 0 0 0 0 0 0 0 0 0 0 0
0 0 0 0 0 0 0 2 0 0 0 8 0 1 0 0 0 0 0 0 2 1 0 0 0 0 0 0 0 0 0 0 0 0
0 0 0 0 1 0 1 3 1 0 0 0 1 1 0 0 0 0 0 0 2 1 0 0 0 0 0 0 0 0 0 1 0 0
0 0 0 0 2 0 0 1 0 1 2 3 0 1 0 0 0 0 0 0 4 1 0 0 0 0 0 0 0 0 0 0 0 0
0 0 0 2 0 0 0 0 1 0 0 3 0 5 0 0 0 0 0 0 2 1 0 0 0 0 0 0 0 0 0 0 0 0
1 0 0 0 1 0 0 0 0 0 0 2 0 2 0 0 0 0 0 0 2 2 0 0 0 0 0 0 0 0 0 0 0 0
0 0 0 0 3 0 0 0 1 1 1 3 0 1 0 0 0 0 0 0 4 1 0 0 0 0 0 0 0 0 0 0 0 0
0 0 0 0 2 0 0 3 0 0 0 7 0 9 0 0 0 1 0 0 3 4 0 0 0 0 0 0 0 0 0 0 0 0
1 0 0 0 2 0 0 0 0 1 0 1 0 2 0 0 0 1 0 0 2 2 0 0 0 0 0 0 0 0 0 0 0 0
1 0 0 0 1 0 0 0 0 0 0 2 0 2 0 0 0 0 0 0 2 2 0 0 0 0 0 0 0 0 0 0 0 0
1 0 0 0 1 0 0 0 0 0 0 2 0 2 0 0 0 0 0 0 2 2 0 0 0 0 0 0 0 0 0 0 0 0
0 0 0 1 2 0 0 0 1 2 1 2 0 1 0 0 0 0 0 1 4 1 0 0 0 0 0 0 0 0 0 0 0 0
0 0 0 1 2 1 0 0 0 1 1 3 0 1 0 0 0 0 0 0 4 1 0 0 0 0 0 0 0 0 0 0 0 0
0 0 0 1 0 0 0 2 1 1 0 1 0 0 0 0 0 0 0 0 1 1 0 0 0 0 0 0 0 0 0 0 0 0
0 0 0 2 0 0 0 1 3 2 0 0 2 5 0 0 0 0 0 0 3 2 0 0 0 0 0 0 0 0 0 0 0 0
0 0 0 0 7 0 1 1 1 2 3 6 0 3 0 0 0 0 0 0 3 2 0 0 0 0 0 0 0 0 0 0 0 0
0 0 0 1 1 0 0 2 0 2 0 0 0 1 0 0 0 0 0 0 2 1 0 0 0 0 0 0 0 0 0 0 0 0
0 0 0 2 2 0 0 1 0 2 0 2 0 1 0 0 0 0 0 0 4 1 0 0 0 0 0 0 0 0 0 0 0 1
1 0 0 0 1 0 0 0 0 0 0 2 0 2 0 0 0 0 0 0 2 2 0 0 0 0 0 0 0 0 0 0 0 0
0 0 0 0 4 0 0 1 0 4 3 7 0 3 0 0 0 0 0 0 3 2 0 0 0 0 0 0 0 0 0 0 0 0
0 0 0 0 1 0 0 4 0 0 0 4 0 1 0 0 0 0 0 1 2 1 0 0 0 0 0 0 0 0 0 0 0 0
1 0 0 0 1 0 0 0 0 0 0 2 0 2 0 0 0 0 0 0 2 2 0 0 0 0 0 0 0 0 0 0 0 0
0 0 0 2 0 0 0 5 0 1 0 12 0 3 0 0 0 2 0 0 3 2 0 0 0 0 0 0 0 0 0 0 0 0
1 0 0 1 0 0 0 0 1 0 1 3 0 0 0 0 0 0 0 0 2 1 0 0 0 0 0 0 0 0 0 0 0 0
0 0 0 0 1 0 1 3 1 0 0 0 1 1 0 0 0 0 0 0 2 1 0 0 0 0 0 0 0 0 0 1 0 0
0 0 0 0 1 0 0 0 0 4 1 3 0 1 0 0 0 0 0 0 4 1 0 0 0 0 0 0 0 0 0 0 0 0
0 0 0 4 1 0 0 4 1 0 0 4 0 8 0 0 0 0 0 2 3 6 0 0 0 0 0 0 0 0 0 0 0 0
1 0 0 1 1 0 0 0 0 0 0 1 0 3 0 0 0 0 0 0 2 2 0 0 0 0 0 0 0 0 0 0 0 0
0 0 0 0 2 0 0 1 0 4 0 0 4 1 0 0 0 0 0 0 3 2 0 0 0 0 0 0 0 0 0 0 0 0
0 0 0 2 0 0 0 4 1 2 0 0 1 2 0 0 0 0 0 0 2 3 0 0 0 0 0 0 0 0 0 0 0 0
1 0 0 0 1 0 0 0 0 0 0 2 0 2 0 0 0 0 0 0 2 2 0 0 0 0 0 0 0 0 0 0 0 0
0 0 0 2 2 0 0 2 1 0 0 4 0 0 0 0 0 0 0 1 2 1 0 0 0 0 0 0 0 0 0 0 0 0
1 0 0 0 2 0 0 0 0 0 0 1 0 2 0 0 0 0 0 1 2 2 0 0 0 0 0 0 0 0 0 0 0 0
0 0 0 0 3 0 0 0 1 2 0 3 0 1 0 0 0 0 0 0 4 1 0 0 0 0 0 0 0 0 0 0 0 0
0 0 0 3 0 0 0 3 2 0 0 0 2 3 0 0 0 0 0 0 3 1 0 0 0 0 0 0 0 0 0 0 0 0
1 0 0 1 1 0 0 2 0 0 0 0 1 2 0 0 0 0 0 0 2 3 0 0 0 0 0 0 0 0 0 0 0 0
1 0 0 0 1 0 0 0 0 0 0 2 0 2 0 0 0 0 0 0 2 2 0 0 0 0 0 0 0 0 0 0 0 0
0 0 0 1 3 0 0 1 4 2 1 0 0 0 0 0 0 0 0 0 2 2 0 0 0 0 0 0 0 0 0 0 0 0
0 0 0 0 0 0 0 0 0 0 0 5 0 10 0 0 0 2 0 0 3 2 0 0 0 0 0 0 0 0 0 0 0 0
1 0 0 0 1 0 0 0 0 0 0 0 0 1 0 0 0 0 0 0 2 1 0 0 0 0 0 0 0 0 0 0 0 1
0 0 0 1 2 0 0 4 2 5 1 5 0 1 0 0 0 0 0 0 3 2 0 0 0 0 0 0 0 0 0 0 0 0
0 0 0 2 3 0 0 1 0 1 0 12 0 2 0 0 0 3 0 0 3 3 0 0 0 0 0 0 0 0 0 0 0 0
0 0 0 2 3 0 0 1 0 0 1 3 0 1 0 0 0 0 0 0 4 1 0 0 0 0 0 0 0 0 0 0 0 0
1 0 0 0 1 0 0 0 0 0 0 2 0 2 0 0 0 0 0 0 2 2 0 0 0 0 0 0 0 0 0 0 0 0
0 0 0 3 2 0 0 1 0 2 1 0 0 2 0 0 0 0 0 0 4 2 0 0 0 0 0 0 0 0 0 0 0 0
0 0 0 0 1 0 0 1 1 5 1 0 0 1 0 0 0 0 0 1 2 1 0 0 0 0 0 0 0 0 0 0 0 0
1 0 0 0 1 0 0 0 0 0 0 2 0 2 0 0 0 0 0 0 2 2 0 0 0 0 0 0 0 0 0 0 0 0
0 0 0 0 2 0 0 0 2 3 1 8 0 3 0 0 0 0 0 1 3 2 0 0 0 0 0 0 0 0 0 0 0 0
0 0 0 0 2 1 0 3 0 4 0 0 1 1 0 0 0 0 0 0 2 2 0 0 0 0 0 0 0 0 0 1 0 0
0 0 0 0 0 0 0 0 3 1 0 0 1 1 0 0 0 0 0 0 2 1 0 0 0 0 0 0 0 0 0 0 0 0
1 0 0 0 1 0 0 0 0 0 0 2 0 2 0 0 0 0 0 0 2 2 0 0 0 0 0 0 0 0 0 0 0 0
0 0 0 2 1 0 0 1 1 1 0 0 1 0 0 0 0 1 0 0 1 2 0 0 0 0 0 0 0 0 0 0 0 0
1 0 0 0 1 0 0 0 0 0 0 2 0 2 0 0 0 0 0 0 2 2 0 0 0 0 0 0 0 0 0 0 0 0
0 0 0 3 1 0 0 1 1 5 1 0 0 1 0 0 0 0 0 0 4 3 0 0 0 0 0 0 0 0 0 0 0 0
0 0 0 0 0 0 1 3 2 1 0 2 2 0 0 0 0 0 0 0 2 2 0 0 0 0 0 0 0 0 0 0 0 0
0 0 0 0 6 0 1 1 0 1 3 7 0 3 0 0 0 0 0 0 3 2 0 0 0 0 0 0 0 0 0 0 0 0
0 0 0 1 4 0 0 1 0 0 1 3 0 1 0 0 0 0 0 0 4 1 0 0 0 0 0 0 0 0 0 0 0 0
0 0 0 0 1 0 0 1 0 0 0 9 0 9 0 0 0 0 0 0 3 2 0 0 0 0 0 0 0 0 0 0 0 0
0 0 0 1 2 0 0 2 1 1 1 2 1 2 0 0 0 0 0 0 4 1 0 0 0 0 0 0 0 0 0 0 0 0
0 0 0 2 3 0 0 0 0 2 0 2 0 3 0 0 0 0 0 1 2 1 0 0 0 0 0 0 0 0 0 0 0 0
0 0 0 1 2 0 0 0 0 2 1 3 0 1 0 0 0 0 0 0 4 1 0 0 0 0 0 0 0 0 0 0 0 0
0 0 0 1 6 0 0 1 1 3 3 6 0 3 0 0 0 0 0 0 3 2 0 0 0 0 0 0 0 0 0 0 0 0
0 0 0 1 0 0 0 6 0 1 0 5 0 2 0 0 0 0 0 0 3 1 0 0 0 0 0 0 0 0 0 0 0 0
0 0 0 2 2 0 0 1 0 1 1 2 0 3 0 0 0 0 0 0 4 1 0 0 0 0 0 0 0 0 0 0 0 0
0 0 0 1 1 1 0 0 0 4 1 0 0 1 0 0 0 0 0 0 4 1 0 0 0 0 0 0 0 0 0 0 0 0
0 0 0 0 7 0 0 0 0 4 2 6 0 3 0 0 0 0 0 1 3 2 0 0 0 0 0 0 0 0 0 0 0 0
0 0 0 0 4 1 0 3 0 1 1 1 0 2 0 0 0 0 0 0 4 3 0 0 0 0 0 0 0 0 0 0 0 0
0 0 0 4 0 0 0 0 0 0 0 5 0 1 0 0 0 0 0 0 2 1 0 0 0 0 0 0 0 0 0 0 0 0
0 0 0 2 0 0 0 2 1 2 0 1 0 0 0 0 0 0 0 0 2 1 0 0 0 0 0 0 0 0 0 0 0 0
1 0 0 0 1 0 0 0 2 0 0 1 0 1 0 0 0 0 0 0 2 2 0 0 0 0 0 0 0 0 0 0 0 0
0 0 0 1 1 0 0 0 0 1 0 1 0 3 0 0 0 0 0 0 1 1 0 0 0 0 0 0 0 0 0 0 0 0
0 0 0 1 0 0 0 0 0 3 1 3 0 0 0 0 0 1 0 0 3 1 0 0 0 0 0 0 0 0 0 0 0 0
1 0 0 0 0 0 0 0 1 1 0 1 0 0 0 0 0 0 0 0 1 1 0 0 0 0 0 0 0 0 0 0 0 0
1 1 0 1 0 1 0 1 0 0 0 0 1 0 0 0 0 0 0 0 2 1 0 0 0 0 0 0 0 0 0 0 0 0
0 0 0 0 0 0 1 0 0 1 0 0 2 2 0 0 0 0 1 0 1 1 0 0 0 0 0 0 0 0 0 0 0 0
0 0 0 0 0 0 0 2 0 2 0 3 0 4 0 0 0 0 0 0 2 1 0 0 0 0 0 0 0 0 0 0 0 0
0 0 0 1 0 0 0 3 3 0 0 12 0 1 0 0 0 4 0 0 3 3 0 0 0 0 0 0 0 0 0 0 0 0
1 0 0 0 1 0 0 0 0 0 0 2 0 2 0 0 0 0 0 0 2 2 0 0 0 0 0 0 0 0 0 0 0 0
0 0 0 0 6 0 0 1 1 0 0 4 2 0 0 0 0 0 0 0 2 3 0 0 0 0 0 0 0 0 0 0 0 0
0 0 0 1 0 1 0 2 1 2 0 0 1 1 0 0 0 0 0 0 2 1 0 0 0 0 0 0 0 0 0 0 0 0
0 0 0 2 3 0 0 1 0 0 1 3 0 1 0 0 0 0 0 0 4 1 0 0 0 0 0 0 0 0 0 0 0 0
0 0 0 3 1 0 0 0 0 1 0 13 0 1 0 0 0 1 0 3 3 3 0 0 0 0 0 0 0 0 0 0 0 0
1 0 0 0 1 0 0 0 0 0 0 2 0 2 0 0 0 0 0 0 2 2 0 0 0 0 0 0 0 0 0 0 0 0
0 0 0 0 3 1 0 0 0 1 1 3 0 1 0 0 0 0 0 0 4 1 0 0 0 0 0 0 0 0 0 0 0 0
0 0 0 1 5 0 0 2 0 3 3 5 0 4 0 0 0 2 0 0 3 2 0 0 0 0 0 0 0 0 0 0 0 0
0 0 0 1 3 1 0 0 0 1 1 2 0 2 0 0 0 0 0 0 4 1 0 0 0 0 0 0 0 0 0 0 0 0
0 0 0 0 1 0 0 2 2 3 0 1 1 3 0 0 0 1 0 0 1 3 0 0 0 0 0 0 0 0 0 0 0 0
0 0 0 3 1 0 0 0 0 0 0 7 0 1 0 0 0 0 0 0 2 1 0 0 0 0 0 0 0 0 0 0 0 0
0 0 0 0 4 0 0 3 0 1 2 1 0 2 0 0 0 0 0 0 2 1 0 0 0 0 0 0 0 0 0 0 0 0
0 0 0 4 6 0 0 2 1 0 0 6 0 2 0 0 0 7 0 2 3 6 0 0 0 0 0 0 0 0 0 0 0 0
1 0 0 0 1 0 0 0 0 0 0 2 0 2 0 0 0 0 0 0 2 2 0 0 0 0 0 0 0 0 0 0 0 0
1 0 0 1 1 0 0 2 0 0 0 1 0 2 0 0 0 0 0 0 2 2 0 0 0 0 0 0 0 0 0 0 0 0
1 0 0 0 1 0 0 0 0 0 0 2 0 2 0 0 0 0 0 0 2 2 0 0 0 0 0 0 0 0 0 0 0 0
0 0 0 0 2 0 0 0 0 3 1 3 0 1 0 0 0 0 0 0 4 1 0 0 0 0 0 0 0 0 0 0 0 0
0 0 0 0 0 0 0 6 1 3 0 2 2 0 0 0 0 0 0 0 2 2 0 0 0 0 0 0 0 0 0 0 0 0
0 0 0 0 6 0 0 1 0 3 2 7 0 3 0 0 0 0 0 0 3 2 0 0 0 0 0 0 0 0 0 0 0 0
1 0 0 0 1 0 0 0 0 0 0 2 0 2 0 0 0 0 0 0 2 2 0 0 0 0 0 0 0 0 0 0 0 0
0 0 0 0 0 0 0 2 1 2 0 0 0 0 0 0 0 0 0 0 1 1 0 0 0 0 0 0 0 0 0 0 0 0
0 0 0 0 1 0 0 1 3 4 1 3 0 1 0 0 0 0 0 1 3 1 0 0 0 0 0 0 0 0 0 0 0 0
0 0 0 2 3 0 0 0 0 2 0 3 0 2 0 0 0 0 0 0 2 1 0 0 0 0 0 0 0 0 0 0 0 0
0 0 0 1 0 0 0 4 1 0 0 8 0 2 0 0 0 0 0 0 3 1 0 0 0 0 0 0 0 0 0 0 0 0
0 0 0 0 0 0 0 1 0 1 0 10 0 7 0 0 0 0 0 0 3 2 0 0 0 0 0 0 0 0 0 0 0 0
0 0 0 1 2 0 0 0 1 2 0 3 0 1 0 0 0 0 0 0 4 1 0 0 0 0 0 0 0 0 0 0 0 0
0 0 0 0 1 0 0 2 0 2 0 1 0 0 0 0 0 0 0 0 2 1 0 0 0 0 0 0 0 0 0 0 0 0
0 0 0 3 3 0 0 2 0 0 1 2 0 2 0 0 0 0 0 0 4 1 0 0 0 0 0 0 0 0 0 0 0 0
1 0 0 1 0 0 0 0 1 1 1 0 0 60 0 0 0 1 0 0 2 1 0 0 0 0 0 0 0 0 0 0 0 0
0 0 0 0 2 0 0 2 1 2 1 2 0 1 0 0 0 2 0 0 2 2 0 0 0 0 0 0 0 0 0 0 0 0
0 0 0 2 3 0 0 1 0 0 1 3 0 1 0 0 0 0 0 0 4 1 0 0 0 0 0 0 0 0 0 0 0 0
0 0 0 6 1 1 0 6 3 2 0 60 0 65 0 0 0 1 0 0 1 66 0 0 0 0 0 0 0 0 0 0 0 1
0 0 0 0 3 0 0 0 1 2 0 3 0 1 0 0 0 0 0 0 4 1 0 0 0 0 0 0 0 0 0 0 0 0
0 0 0 0 4 0 0 0 1 3 2 7 0 2 0 0 0 0 0 0 3 2 0 0 0 0 0 0 0 0 0 0 0 0
0 0 0 2 0 0 1 6 0 0 0 0 0 1 0 0 0 0 0 0 2 1 0 0 0 0 0 0 0 0 0 0 0 0
0 0 0 0 3 0 0 0 1 1 1 3 0 1 0 0 0 0 0 0 4 1 0 0 0 0 0 0 0 0 0 0 0 0
0 0 0 3 1 0 0 1 0 0 0 14 0 2 0 0 0 1 0 0 3 2 0 0 0 0 0 0 0 0 0 0 0 0
0 0 0 2 3 0 0 1 0 0 1 3 0 1 0 0 0 0 0 0 4 1 0 0 0 0 0 0 0 0 0 0 0 0
0 0 0 2 0 0 0 2 2 0 0 8 0 9 0 0 0 0 0 0 3 2 0 0 0 0 0 0 0 0 0 0 0 0
0 0 0 1 2 0 0 1 0 0 0 8 0 1 0 0 0 0 0 0 2 1 0 0 0 0 0 0 0 0 0 0 0 0
0 0 0 3 0 0 0 3 0 0 0 15 0 2 0 1 0 0 0 0 3 4 0 0 0 0 0 0 0 0 0 0 0 0
1 0 0 0 1 0 0 0 0 0 0 2 0 2 0 0 0 0 0 0 2 2 0 0 0 0 0 0 0 0 0 0 0 0
0 0 0 0 0 0 0 2 0 0 0 5 0 3 0 0 0 0 0 0 2 1 0 0 0 0 0 0 0 0 0 0 0 1
0 0 0 0 4 0 0 1 0 2 2 2 0 2 0 0 0 2 0 0 2 2 0 0 0 0 0 0 0 0 0 0 0 0
0 0 0 3 0 0 0 1 0 0 0 7 0 12 0 0 0 1 0 0 3 2 0 0 0 0 0 0 0 0 0 0 0 0
0 0 0 1 0 0 0 4 3 0 0 13 0 1 0 0 0 2 0 0 3 3 0 0 0 0 0 0 0 0 0 0 0 0
0 0 0 0 1 0 0 3 0 1 0 10 0 1 0 0 0 0 0 0 3 1 0 0 0 0 0 0 0 0 0 0 0 0
0 0 0 1 6 0 0 3 1 4 1 4 0 3 0 0 0 0 0 0 3 4 0 0 0 0 0 0 0 0 0 0 0 0
0 0 0 1 0 0 0 4 1 3 0 4 1 1 0 0 0 0 0 0 2 3 0 0 0 0 0 0 0 0 0 0 0 0
0 0 0 1 1 0 0 2 0 1 0 7 0 8 0 0 0 3 0 0 3 3 0 0 0 0 0 0 0 0 0 0 0 0
0 0 0 0 1 0 0 3 1 1 0 0 1 1 0 0 0 0 0 0 2 1 0 0 0 0 0 0 0 0 0 1 0 0
0 0 0 1 3 0 0 2 3 2 1 0 0 0 0 0 0 0 0 1 2 3 0 0 0 0 0 0 0 0 0 0 0 0
0 0 0 3 1 0 0 1 0 0 0 6 0 3 0 0 0 0 0 0 2 1 0 0 0 0 0 0 0 0 0 0 0 0
1 0 0 0 2 0 0 1 0 0 0 1 0 2 0 0 0 0 0 1 2 2 0 0 0 0 0 0 0 0 0 0 0 0
0 0 0 0 3 0 0 0 0 4 1 3 0 1 0 0 0 0 0 0 4 1 0 0 0 0 0 0 0 0 0 0 0 0
1 0 0 0 1 0 0 0 0 0 0 2 0 2 0 0 0 0 0 0 2 2 0 0 0 0 0 0 0 0 0 0 0 0
0 0 0 0 1 0 0 1 2 1 0 0 1 2 0 0 0 0 0 0 3 1 0 0 0 0 0 0 0 0 0 1 0 0
0 0 0 0 2 0 0 2 1 1 1 3 0 2 0 0 0 0 0 0 4 1 0 0 0 0 0 0 0 0 0 0 0 0
0 0 0 2 4 0 0 2 0 2 0 5 0 3 0 0 0 0 0 0 2 2 0 0 0 0 0 0 0 0 0 0 0 1
1 0 0 1 1 0 0 1 1 0 0 1 0 2 0 0 0 0 0 0 2 2 0 0 0 0 0 0 0 0 0 0 0 0
0 0 0 0 0 0 0 3 7 1 0 0 0 2 0 0 0 0 0 0 2 2 0 0 0 0 0 0 0 0 0 0 0 0
0 0 0 0 3 0 0 0 1 2 0 3 0 1 0 0 0 0 0 0 4 1 0 0 0 0 0 0 0 0 0 0 0 0
1 0 0 0 1 0 0 0 0 0 0 2 0 2 0 0 0 0 0 0 2 2 0 0 0 0 0 0 0 0 0 0 0 0
0 0 0 1 6 0 0 1 1 3 3 6 0 3 0 0 0 0 0 0 3 2 0 0 0 0 0 0 0 0 0 0 0 0
1 0 0 0 2 0 0 0 0 0 0 1 0 2 0 0 0 0 0 1 2 2 0 0 0 0 0 0 0 0 0 0 0 0
1 0 0 1 1 0 0 1 0 0 0 1 0 2 0 0 0 0 0 0 2 2 0 0 0 0 0 0 0 0 0 0 0 0
0 0 0 0 0 0 0 1 4 2 0 0 3 10 0 0 0 0 0 1 3 1 0 0 0 0 0 0 0 0 0 0 0 0
0 0 0 1 0 0 0 5 0 1 0 14 0 1 0 0 0 2 0 0 3 3 0 0 0 0 0 0 0 0 0 0 0 0
0 0 0 1 0 0 0 2 1 1 0 2 0 0 0 0 0 0 0 0 2 1 0 0 0 0 0 0 0 0 0 1 0 0
1 0 0 0 1 0 0 0 0 0 0 0 0 1 0 0 0 0 0 0 2 1 0 0 0 0 0 0 0 0 0 0 0 1
1 0 0 0 1 0 0 1 0 1 0 1 0 1 0 0 0 0 0 0 2 2 0 0 0 0 0 0 0 0 0 0 0 0
0 0 0 2 0 0 0 1 1 1 0 1 0 0 0 0 0 0 0 0 1 1 0 0 0 0 0 0 0 0 0 0 0 0
0 0 0 1 2 0 0 3 2 0 0 4 0 6 0 0 0 2 0 5 3 4 0 0 0 0 0 0 0 0 0 0 0 1
1 0 0 0 1 0 0 0 0 0 0 2 0 2 0 0 0 0 0 0 2 2 0 0 0 0 0 0 0 0 0 0 0 0
0 0 0 0 2 0 0 0 0 4 0 3 0 1 0 0 0 0 0 0 4 1 0 0 0 0 0 0 0 0 0 0 0 0
0 0 0 2 1 0 0 2 0 0 0 8 0 3 0 1 0 2 0 0 3 2 0 0 0 0 0 0 0 0 0 0 0 0
1 0 0 0 1 0 0 0 0 0 0 2 0 2 0 0 0 0 0 0 2 2 0 0 0 0 0 0 0 0 0 0 0 0
1 0 0 0 1 0 0 0 0 0 0 2 0 2 0 0 0 0 0 0 2 2 0 0 0 0 0 0 0 0 0 0 0 0
0 0 0 0 0 0 0 0 0 2 1 9 0 6 0 0 0 1 0 0 3 2 0 0 0 0 0 0 0 0 0 0 0 0
0 1 0 1 0 0 0 1 0 1 0 0 0 0 0 0 0 0 0 0 1 1 0 0 0 0 0 0 0 0 0 0 0 0
1 0 0 0 1 0 0 0 0 0 0 2 0 2 0 0 0 0 0 0 2 2 0 0 0 0 0 0 0 0 0 0 0 0
1 0 0 0 2 0 0 1 0 1 0 1 0 2 0 0 0 0 0 0 2 2 0 0 0 0 0 0 0 0 0 0 0 0
0 0 0 0 4 0 1 2 0 2 1 1 0 2 0 0 0 0 0 0 2 1 0 0 0 0 0 0 0 0 0 0 0 0
0 0 0 0 0 0 0 0 0 0 0 10 0 9 0 0 0 0 0 0 3 2 0 0 0 0 0 0 0 0 0 0 0 0
1 0 0 0 1 0 0 0 0 0 0 2 0 2 0 0 0 0 0 0 2 2 0 0 0 0 0 0 0 0 0 0 0 0
0 0 0 1 0 0 0 1 1 1 0 2 0 0 0 0 0 0 0 0 1 1 0 0 0 0 0 0 0 0 0 0 0 0
0 0 0 1 2 0 0 0 0 2 1 3 0 1 0 0 0 0 0 0 4 1 0 0 0 0 0 0 0 0 0 0 0 0
0 0 0 1 2 0 0 0 0 1 1 3 0 2 0 0 0 0 0 0 4 1 0 0 0 0 0 0 0 0 0 0 0 0
0 0 0 0 0 0 0 0 1 2 0 3 0 0 0 0 0 0 0 0 2 1 0 0 0 0 0 0 0 0 0 0 0 0
0 0 0 1 1 0 0 3 0 2 0 0 0 0 0 1 0 0 0 0 2 1 0 0 0 0 0 0 0 0 0 1 0 0
0 0 0 1 2 0 0 0 0 2 1 3 0 1 0 0 0 0 0 0 4 1 0 0 0 0 0 0 0 0 0 0 0 0
0 0 0 1 7 0 0 2 0 2 3 5 0 5 0 0 0 0 0 0 3 2 0 0 0 0 0 0 0 0 0 0 0 0
0 0 0 0 0 0 0 2 0 0 0 9 0 0 0 0 0 0 0 0 2 1 0 0 0 0 0 0 0 0 0 0 0 0
0 0 0 0 5 0 0 1 0 5 2 6 0 4 0 0 0 0 0 0 3 2 0 0 0 0 0 0 0 0 0 0 0 0
1 0 0 0 1 0 0 0 0 0 0 2 0 2 0 0 0 0 0 0 2 2 0 0 0 0 0 0 0 0 0 0 0 0
0 0 0 0 2 0 0 0 1 2 1 3 0 1 0 0 0 0 0 0 4 1 0 0 0 0 0 0 0 0 0 0 0 0
0 0 0 3 1 0 0 3 0 2 0 5 0 0 0 2 0 0 0 0 3 2 0 0 0 0 0 0 0 0 0 0 0 0
0 0 0 0 2 0 0 0 0 4 0 1 0 1 0 0 0 0 0 0 1 1 0 0 0 0 0 0 0 0 0 0 0 0
0 0 0 1 3 0 0 0 0 4 0 1 0 1 0 0 0 0 0 1 4 2 0 0 0 0 0 0 0 0 0 0 0 0
0 0 0 1 1 0 0 0 1 3 0 3 0 1 0 0 0 0 0 0 4 1 0 0 0 0 0 0 0 0 0 0 0 0
1 0 0 0 1 0 0 0 0 0 0 2 0 2 0 0 0 0 0 0 2 2 0 0 0 0 0 0 0 0 0 0 0 0
0 0 0 1 0 1 0 2 0 2 1 0 1 0 0 0 0 0 0 0 2 1 0 0 0 0 0 0 0 0 0 0 0 0
0 0 0 1 2 0 0 0 0 2 1 3 0 1 0 0 0 0 0 0 4 1 0 0 0 0 0 0 0 0 0 0 0 0
0 0 0 0 0 0 0 3 1 1 0 3 0 1 0 0 0 0 0 0 2 1 0 0 0 0 0 0 0 0 0 0 0 0
0 0 0 2 0 0 0 2 4 0 0 0 1 3 0 0 0 0 0 0 2 2 0 0 0 0 0 0 0 0 0 0 0 0
0 0 0 1 0 0 0 6 0 0 0 4 0 1 0 0 0 0 0 0 2 1 0 0 0 0 0 0 0 0 0 0 0 0
0 0 0 0 1 0 0 2 0 2 0 0 1 0 0 0 0 0 0 0 2 1 0 0 0 0 0 0 0 0 0 1 0 0
0 0 0 1 0 0 0 1 0 1 0 0 1 0 0 0 0 0 0 0 1 1 0 0 0 0 0 0 0 0 0 0 0 0
0 0 0 3 2 0 0 1 0 1 0 3 0 1 0 0 0 0 0 0 4 1 0 0 0 0 0 0 0 0 0 0 0 0
0 0 0 1 0 0 0 3 0 4 0 0 2 2 0 0 0 0 0 0 3 1 0 0 0 0 0 0 0 0 0 0 0 0
1 0 0 0 1 0 0 0 0 0 0 2 0 2 0 0 0 0 0 0 2 2 0 0 0 0 0 0 0 0 0 0 0 0
1 0 0 1 1 0 0 1 1 0 0 1 0 2 0 0 0 0 0 0 2 2 0 0 0 0 0 0 0 0 0 0 0 0
0 0 0 0 1 0 0 1 0 0 0 11 0 1 0 0 0 0 0 1 3 1 0 0 0 0 0 0 0 0 0 0 0 0
0 0 0 0 1 0 0 2 0 2 0 0 0 1 0 0 0 1 0 0 1 1 0 0 0 0 0 0 0 0 0 0 0 0
0 0 0 2 0 0 0 2 0 0 0 5 0 3 0 0 0 2 0 0 2 1 0 0 0 0 0 0 0 0 0 0 0 0
0 0 0 2 2 1 0 0 0 1 1 2 0 1 0 0 0 0 0 1 4 1 0 0 0 0 0 0 0 0 0 0 0 0
0 0 0 1 0 0 0 4 1 1 0 0 5 2 0 0 0 0 0 0 3 1 0 0 0 0 0 0 0 0 0 0 0 0
0 0 0 0 1 0 0 2 1 2 0 0 0 1 0 0 0 0 0 0 2 1 0 0 0 0 0 0 0 0 0 0 0 0
0 0 0 4 0 0 0 0 0 0 0 7 0 2 0 0 0 1 0 0 2 1 0 0 0 0 0 0 0 0 0 0 0 0
0 0 0 4 0 0 0 1 0 0 0 6 0 1 0 0 0 0 0 2 2 1 0 0 0 0 0 0 0 0 0 0 0 0
1 0 0 0 1 0 0 0 0 0 0 2 0 2 0 0 0 0 0 0 2 2 0 0 0 0 0 0 0 0 0 0 0 0
0 0 0 0 2 0 0 2 0 1 1 0 0 1 0 0 0 1 0 0 1 1 0 0 0 0 0 0 0 0 0 0 0 0
1 0 0 1 1 0 0 1 0 1 0 1 0 2 0 0 0 0 0 0 2 2 0 0 0 0 0 0 0 0 0 0 0 0
0 0 0 1 0 0 0 1 0 1 0 2 0 3 0 0 0 1 0 1 2 1 0 0 0 0 0 0 0 0 0 0 0 0
0 0 0 1 2 0 0 0 0 2 1 3 0 1 0 0 0 0 0 0 4 1 0 0 0 0 0 0 0 0 0 0 0 0
1 0 0 0 1 0 0 0 0 0 0 2 0 2 0 0 0 0 0 0 2 2 0 0 0 0 0 0 0 0 0 0 0 0
1 0 0 0 1 0 0 0 0 1 0 1 0 2 0 0 0 0 0 0 2 2 0 0 0 0 0 0 0 0 0 0 0 0
1 0 0 0 1 0 0 0 0 0 0 2 0 2 0 0 0 0 0 0 2 2 0 0 0 0 0 0 0 0 0 0 0 0
0 0 0 3 3 0 0 0 0 0 0 5 0 9 0 1 0 0 0 1 3 3 0 0 0 0 0 0 0 0 0 0 0 0
0 0 0 3 0 0 0 2 2 1 0 2 2 3 0 0 0 1 0 0 2 3 0 0 0 0 0 0 0 0 0 0 0 0
0 0 0 3 2 0 0 4 1 0 0 10 0 4 0 0 0 3 0 0 3 4 0 0 0 0 0 0 0 0 0 0 0 0
1 0 0 0 1 0 0 0 0 0 0 2 0 2 0 0 0 0 0 0 2 2 0 0 0 0 0 0 0 0 0 0 0 0
0 0 0 0 0 0 0 1 7 1 0 0 2 1 0 0 0 0 0 0 2 2 0 0 0 0 0 0 0 0 0 0 0 0
0 0 0 2 7 0 0 1 1 5 2 3 0 3 0 0 0 0 0 2 3 4 0 0 0 0 0 0 0 0 0 0 0 0
0 0 0 2 4 0 0 4 1 3 2 4 0 2 0 0 0 0 0 0 3 4 0 0 0 0 0 0 0 0 0 0 0 0
1 0 0 1 1 0 0 1 0 0 0 1 0 2 0 0 0 1 0 0 2 2 0 0 0 0 0 0 0 0 0 0 0 0
0 0 0 2 0 0 0 0 0 0 0 9 0 0 0 0 0 0 0 0 2 1 0 0 0 0 0 0 0 0 0 0 0 0
1 1 0 1 1 0 0 2 0 0 0 0 1 1 0 0 0 0 0 0 3 1 0 0 0 0 0 0 0 0 0 1 0 0
1 0 0 0 2 0 0 0 0 0 0 1 0 2 0 0 0 0 0 1 2 2 0 0 0 0 0 0 0 0 0 0 0 0
0 0 0 3 2 0 0 1 0 1 0 3 0 1 0 0 0 0 0 0 4 1 0 0 0 0 0 0 0 0 0 0 0 0
0 0 0 2 2 1 0 0 0 1 1 2 0 2 0 0 0 1 0 0 4 1 0 0 0 0 0 0 0 0 0 0 0 0
0 0 0 1 0 0 0 1 0 0 0 3 0 11 0 0 0 0 0 0 3 1 0 0 0 0 0 0 0 0 0 0 0 0
1 0 0 0 1 0 0 0 0 0 0 2 0 2 0 0 0 0 0 0 2 2 0 0 0 0 0 0 0 0 0 0 0 0
1 0 0 0 1 0 0 0 0 0 0 2 0 2 0 0 0 0 0 0 2 2 0 0 0 0 0 0 0 0 0 0 0 0
0 0 0 4 2 0 0 5 0 0 0 7 0 3 0 0 0 1 0 1 3 4 0 0 0 0 0 0 0 0 0 0 0 0
0 0 0 1 0 0 0 0 0 0 0 18 0 1 0 0 0 0 0 0 3 2 0 0 0 0 0 0 0 0 0 0 0 0
0 0 0 0 2 0 0 3 4 1 0 0 1 1 0 0 0 1 0 0 2 2 0 0 0 0 0 0 0 0 0 0 0 0
0 0 0 2 3 0 0 1 0 0 1 3 0 1 0 0 0 0 0 0 4 1 0 0 0 0 0 0 0 0 0 0 0 0
0 0 0 0 2 0 0 0 1 0 0 2 0 4 0 0 0 0 0 2 2 1 0 0 0 0 0 0 0 0 0 0 0 0
0 0 0 5 0 0 0 3 0 0 0 14 1 2 0 0 0 3 0 0 3 4 0 0 0 0 0 0 0 0 0 0 0 0
1 0 0 0 1 0 0 0 0 0 0 2 0 2 0 0 0 0 0 0 2 2 0 0 0 0 0 0 0 0 0 0 0 0
1 0 0 1 0 0 0 0 1 1 1 0 0 65 0 0 0 1 0 0 2 1 0 0 0 0 0 0 0 0 0 0 0 0
1 0 0 0 2 0 0 1 0 0 0 1 0 2 0 0 0 1 0 0 2 2 0 0 0 0 0 0 0 0 0 0 0 0
0 0 0 0 1 0 0 1 1 1 0 0 0 0 0 0 0 0 0 0 1 1 0 0 0 0 0 0 0 0 0 0 0 0
0 0 0 2 0 0 0 0 0 0 0 16 0 1 0 0 0 4 0 0 3 4 0 0 0 0 0 0 0 0 0 0 0 0
1 0 0 0 1 0 0 0 0 0 0 2 0 2 0 0 0 0 0 0 2 2 0 0 0 0 0 0 0 0 0 0 0 0
1 0 0 1 1 0 0 1 1 0 0 1 0 2 0 0 0 0 0 0 2 2 0 0 0 0 0 0 0 0 0 0 0 0
0 0 0 0 1 0 0 2 0 2 0 0 1 0 0 0 0 0 0 0 2 1 0 0 0 0 0 0 0 0 0 1 0 0
1 0 0 1 1 0 0 1 1 0 0 1 0 2 0 0 0 0 0 0 2 2 0 0 0 0 0 0 0 0 0 0 0 0
0 0 0 1 0 1 0 2 1 4 0 0 2 1 0 0 0 0 0 0 3 1 0 0 0 0 0 0 0 0 0 0 0 0
0 0 0 2 1 0 0 3 0 1 0 14 0 4 0 0 0 0 0 0 3 2 0 0 0 0 0 0 0 0 0 0 0 0
0 0 0 1 4 0 0 1 0 0 1 3 0 1 0 0 0 0 0 0 4 1 0 0 0 0 0 0 0 0 0 0 0 0
1 0 0 0 1 0 0 0 0 0 0 2 0 2 0 0 0 0 0 0 2 2 0 0 0 0 0 0 0 0 0 0 0 0
0 0 0 3 0 0 0 3 0 0 0 15 0 2 0 0 0 0 0 0 3 4 0 0 0 0 0 0 0 0 0 0 0 0
0 0 0 2 0 0 0 5 0 0 0 5 0 2 0 0 0 0 0 0 2 3 0 0 0 0 0 0 0 0 0 0 0 0
0 0 0 1 2 0 0 1 1 6 0 0 1 0 0 0 0 0 0 0 3 2 0 0 0 0 0 0 0 0 0 0 0 0
0 0 0 0 6 0 0 2 0 2 2 7 0 3 0 0 0 0 0 0 3 2 0 0 0 0 0 0 0 0 0 0 0 0
0 0 0 2 2 0 0 1 0 4 1 1 0 2 0 0 0 0 0 0 2 1 0 0 0 0 0 0 0 0 0 0 0 0
0 0 0 1 3 1 0 3 0 1 1 1 0 2 0 0 0 0 0 0 4 3 0 0 0 0 0 0 0 0 0 0 0 0
1 0 0 0 1 0 0 0 0 0 0 2 0 2 0 0 0 0 0 0 2 2 0 0 0 0 0 0 0 0 0 0 0 0
0 0 0 2 3 0 1 0 0 1 0 3 0 1 0 0 0 0 0 0 4 1 0 0 0 0 0 0 0 0 0 0 0 0
0 0 0 1 2 0 0 3 2 1 0 0 2 2 0 0 0 0 0 0 3 1 0 0 0 0 0 0 0 0 0 0 0 0
0 0 0 1 0 0 0 0 1 3 0 0 1 3 0 0 0 0 0 0 3 1 0 0 0 0 0 0 0 0 0 0 0 0
0 0 0 4 1 0 1 2 1 0 0 3 1 2 0 0 0 0 0 0 2 3 0 0 0 0 0 0 0 0 0 0 0 0
0 0 0 1 4 0 0 1 0 0 1 3 0 1 0 0 0 0 0 0 4 1 0 0 0 0 0 0 0 0 0 0 0 0
0 0 0 3 0 0 0 1 0 0 0 8 0 1 0 0 0 0 0 0 2 1 0 0 0 0 0 0 0 0 0 0 0 0
0 0 0 4 0 0 0 5 0 0 0 5 0 1 0 0 0 1 0 0 2 3 0 0 0 0 0 0 0 0 0 0 0 0
0 0 0 2 3 0 0 1 0 0 0 5 0 1 0 0 0 0 0 1 2 1 0 0 0 0 0 0 0 0 0 0 0 0
1 0 0 1 1 0 0 0 0 0 0 1 0 3 0 0 0 1 0 0 2 2 0 0 0 0 0 0 0 0 0 0 0 0
1 0 0 0 1 0 0 0 0 0 0 2 0 2 0 0 0 0 0 0 2 2 0 0 0 0 0 0 0 0 0 0 0 0
0 0 0 0 3 0 0 0 0 4 1 3 0 1 0 0 0 0 0 0 4 1 0 0 0 0 0 0 0 0 0 0 0 0
0 0 0 0 0 0 0 2 0 0 0 9 0 0 0 0 0 0 0 0 2 1 0 0 0 0 0 0 0 0 0 0 0 0
1 0 0 0 1 0 0 0 0 0 0 2 0 2 0 0 0 0 0 0 2 2 0 0 0 0 0 0 0 0 0 0 0 0
0 0 0 2 1 0 0 1 0 0 0 9 0 2 0 0 0 1 0 0 3 1 0 0 0 0 0 0 0 0 0 0 0 0
0 0 0 1 0 0 0 1 1 1 0 2 0 0 0 0 0 0 0 0 1 1 0 0 0 0 0 0 0 0 0 0 0 0
0 0 0 5 2 0 0 5 0 0 0 9 0 2 0 0 0 1 0 0 3 4 0 0 0 0 0 0 0 0 0 0 0 0
0 0 0 0 1 0 0 1 0 2 0 0 1 2 0 0 0 0 0 1 1 1 0 0 0 0 0 0 0 0 0 0 0 0
0 0 0 1 2 0 0 0 2 2 0 0 0 0 0 0 0 0 0 0 2 1 0 0 0 0 0 0 0 0 0 0 0 0
0 0 0 0 0 0 2 6 2 3 0 11 1 3 0 0 0 0 1 0 3 4 0 0 0 0 0 0 0 0 0 0 0 0
0 0 0 1 2 1 0 0 0 1 1 3 0 1 0 0 0 0 0 0 4 1 0 0 0 0 0 0 0 0 0 0 0 0
0 0 0 2 2 0 0 1 0 2 0 3 0 1 0 0 0 0 0 0 4 1 0 0 0 0 0 0 0 0 0 0 0 0
0 0 0 1 0 0 1 2 0 2 0 0 1 1 0 0 0 0 0 0 2 1 0 0 0 0 0 0 0 0 0 1 0 0
0 0 0 1 3 0 0 0 3 1 1 1 0 1 0 0 0 0 0 0 2 1 0 0 0 0 0 0 0 0 0 0 0 0
0 0 0 2 6 0 0 3 1 1 2 6 0 3 0 0 0 0 0 0 3 2 0 0 0 0 0 0 0 0 0 0 0 0
1 0 0 0 1 0 0 0 0 0 0 2 0 2 0 0 0 0 0 0 2 2 0 0 0 0 0 0 0 0 0 0 0 0
0 0 0 0 6 0 0 6 2 2 0 1 0 4 0 0 0 1 0 0 4 2 0 0 0 0 0 0 0 0 0 0 0 0
1 0 0 0 1 0 0 0 0 0 0 2 0 2 0 0 0 0 0 0 2 2 0 0 0 0 0 0 0 0 0 0 0 0
0 0 0 3 1 0 0 2 0 0 0 7 0 8 0 0 0 1 0 0 3 2 0 0 0 0 0 0 0 0 0 0 0 0
0 0 0 1 0 0 0 1 0 0 0 8 0 0 0 1 0 0 0 0 2 1 0 0 0 0 0 0 0 0 0 0 0 0
1 0 0 0 1 0 0 0 0 0 0 2 0 2 0 0 0 0 0 0 2 2 0 0 0 0 0 0 0 0 0 0 0 0
0 0 0 1 0 0 0 1 2 3 0 0 1 0 0 0 0 0 0 0 2 1 0 0 0 0 0 0 0 0 0 0 0 0
0 0 0 0 2 0 0 2 1 1 1 3 0 2 0 0 0 0 0 0 4 1 0 0 0 0 0 0 0 0 0 0 0 0
0 1 0 1 0 0 0 0 1 2 0 0 0 0 0 0 0 0 0 0 2 1 0 0 0 0 0 0 0 0 0 0 0 0
0 0 0 2 2 0 0 0 2 5 1 5 0 2 0 0 0 3 0 0 3 4 0 0 0 0 0 0 0 0 0 0 0 0
1 0 0 0 1 0 0 0 0 0 0 2 0 2 0 0 0 0 0 0 2 2 0 0 0 0 0 0 0 0 0 0 0 0
0 0 0 4 2 0 0 5 0 1 0 9 0 2 0 0 0 2 0 0 3 5 0 0 0 0 0 0 0 0 0 0 0 0
1 0 0 0 0 0 0 1 0 0 0 1 0 1 0 0 0 0 0 0 2 1 0 0 0 0 0 0 0 0 0 0 0 0
1 0 0 0 1 0 0 0 0 0 0 2 0 2 0 0 0 0 0 0 2 2 0 0 0 0 0 0 0 0 0 0 0 0
0 0 0 1 3 0 1 0 0 1 1 3 0 1 0 0 0 0 0 0 4 1 0 0 0 0 0 0 0 0 0 0 0 0
1 0 0 0 0 0 0 0 1 1 0 1 0 0 0 0 0 0 0 0 1 1 0 0 0 0 0 0 0 0 0 0 0 0
0 0 0 0 4 0 0 2 0 0 2 7 0 4 0 0 0 0 0 0 3 2 0 0 0 0 0 0 0 0 0 0 0 1
0 0 0 1 6 0 0 1 0 3 2 6 0 5 0 0 0 0 0 0 3 2 0 0 0 0 0 0 0 0 0 0 0 0
0 0 0 2 0 0 0 3 0 0 0 16 0 1 0 0 0 0 0 0 3 4 0 0 0 0 0 0 0 0 0 0 0 0
0 0 0 0 0 0 0 2 0 1 0 7 1 1 0 0 0 1 0 0 3 1 0 0 0 0 0 0 0 0 0 0 0 0
0 0 0 0 0 0 0 3 0 0 0 7 0 0 0 0 0 1 0 0 2 1 0 0 0 0 0 0 0 0 0 0 0 0
0 0 0 3 2 0 0 1 0 1 0 3 0 1 0 0 0 0 0 0 4 1 0 0 0 0 0 0 0 0 0 0 0 0
1 0 0 0 1 0 0 0 0 0 0 2 0 2 0 0 0 0 0 0 2 2 0 0 0 0 0 0 0 0 0 0 0 0
1 0 0 0 1 0 0 0 0 0 0 2 0 2 0 0 0 0 0 0 2 2 0 0 0 0 0 0 0 0 0 0 0 0
1 0 0 0 2 0 0 0 0 0 0 1 0 2 0 0 0 1 0 0 2 2 0 0 0 0 0 0 0 0 0 0 0 0
0 0 0 1 6 0 1 1 0 2 2 6 0 4 0 0 0 0 0 0 3 2 0 0 0 0 0 0 0 0 0 0 0 0
0 0 0 2 0 0 0 3 2 1 0 0 1 2 0 0 0 0 0 0 1 3 0 0 0 0 0 0 0 0 0 0 0 0
0 0 0 0 0 0 0 1 4 1 0 0 3 7 0 0 0 0 0 0 3 2 0 0 0 0 0 0 0 0 0 0 0 0
0 0 0 3 0 0 0 0 0 0 0 8 0 0 0 0 0 0 0 0 2 1 0 0 0 0 0 0 0 0 0 0 0 0
0 0 0 1 6 0 0 2 1 2 3 5 0 3 0 0 0 0 0 2 3 4 0 0 0 0 0 0 0 0 0 0 0 0
0 0 0 0 2 0 0 2 1 1 1 2 0 2 0 0 0 0 0 0 4 1 0 0 0 0 0 0 0 0 0 0 0 1
0 0 0 3 2 0 0 1 0 0 1 3 0 1 0 0 0 0 0 0 4 1 0 0 0 0 0 0 0 0 0 0 0 0
0 0 0 3 0 0 0 1 0 0 0 8 0 1 0 0 0 0 0 0 2 1 0 0 0 0 0 0 0 0 0 0 0 0
0 0 0 2 0 0 0 0 0 0 0 9 0 0 0 0 0 0 0 0 2 1 0 0 0 0 0 0 0 0 0 0 0 0
1 0 0 0 0 0 0 2 1 0 0 0 0 1 0 0 0 0 0 0 2 1 0 0 0 0 0 0 0 0 0 0 0 0
0 0 0 2 1 0 0 4 0 1 0 1 2 2 0 0 0 0 0 0 2 2 0 0 0 0 0 0 0 0 0 0 0 0
0 0 0 2 0 0 0 3 1 0 0 6 0 1 0 1 0 0 0 0 2 1 0 0 0 0 0 0 0 0 0 0 0 0
0 0 0 1 1 0 0 0 2 3 0 0 0 0 0 0 0 0 0 1 2 1 0 0 0 0 0 0 0 0 0 0 0 0
0 0 0 3 2 0 0 3 1 1 0 0 2 0 0 0 0 0 0 1 2 2 0 0 0 0 0 0 0 0 0 0 0 0
0 0 0 2 2 0 0 1 1 2 1 2 0 1 0 0 0 0 0 0 4 1 0 0 0 0 0 0 0 0 0 0 0 0
1 0 0 1 1 0 0 1 0 0 0 1 0 2 0 0 0 0 0 1 2 2 0 0 0 0 0 0 0 0 0 0 0 0
1 0 0 0 0 0 0 2 0 1 0 0 0 1 0 0 0 0 0 0 1 1 0 0 0 0 0 0 0 0 0 0 0 0
0 0 0 2 0 0 0 0 0 0 0 8 0 0 0 0 0 0 0 1 2 1 0 0 0 0 0 0 0 0 0 0 0 0
0 0 0 3 3 0 0 2 0 0 1 2 0 2 0 0 0 0 0 0 4 1 0 0 0 0 0 0 0 0 0 0 0 0
0 0 0 3 0 0 0 4 1 0 0 6 0 9 0 0 0 0 0 0 3 4 0 0 0 0 0 0 0 0 0 0 0 0
1 0 0 0 1 0 0 4 0 0 0 0 0 0 0 0 0 0 0 0 2 2 0 0 0 0 0 0 0 0 0 0 0 0
0 0 0 0 0 0 0 1 0 3 1 3 0 6 0 0 0 1 0 0 3 1 0 0 0 0 0 0 0 0 0 0 0 0
0 0 0 1 0 0 0 3 1 3 0 0 1 1 0 0 0 0 0 0 2 1 0 0 0 0 0 0 0 0 0 0 0 0
0 0 0 1 1 0 0 5 0 0 0 5 0 2 0 0 0 0 0 0 2 3 0 0 0 0 0 0 0 0 0 0 0 0
0 0 0 2 3 0 0 1 0 0 1 3 0 1 0 0 0 0 0 0 4 1 0 0 0 0 0 0 0 0 0 0 0 0
1 0 0 0 1 0 0 0 0 0 0 2 0 2 0 0 0 0 0 0 2 2 0 0 0 0 0 0 0 0 0 0 0 0
0 0 0 0 0 0 0 6 1 1 0 0 1 2 0 0 0 0 0 0 2 2 0 0 0 0 0 0 0 0 0 0 0 0
0 0 0 5 2 0 0 2 0 1 0 0 0 2 0 0 0 0 0 0 4 2 0 0 0 0 0 0 0 0 0 0 0 0
0 0 0 0 2 0 0 0 1 2 0 2 0 1 0 0 0 0 0 0 4 1 0 0 0 0 0 0 0 0 0 0 0 1
0 0 0 0 2 0 0 1 0 3 0 1 0 2 0 0 0 1 0 0 2 1 0 0 0 0 0 0 0 0 0 0 0 0
0 0 0 1 3 0 1 1 1 2 1 0 1 2 0 0 0 0 0 0 2 2 0 0 0 0 0 0 0 0 0 0 0 0
0 0 0 0 0 0 0 0 0 1 0 10 0 8 0 0 0 0 0 0 3 2 0 0 0 0 0 0 0 0 0 0 0 0
0 0 0 0 2 0 0 0 1 2 0 2 0 1 0 0 0 0 0 0 4 1 0 0 0 0 0 0 0 0 0 0 0 1
0 0 0 1 1 0 0 3 1 1 0 0 0 0 0 0 0 0 0 0 2 1 0 0 0 0 0 0 0 0 0 0 1 0
0 0 0 3 0 0 0 3 0 0 0 6 0 0 0 0 0 0 0 1 2 1 0 0 0 0 0 0 0 0 0 0 0 0
0 0 0 0 8 0 0 1 1 5 1 4 0 3 0 0 0 0 0 2 3 4 0 0 0 0 0 0 0 0 0 0 0 0
1 0 0 0 1 0 0 0 0 0 0 2 0 2 0 0 0 0 0 0 2 2 0 0 0 0 0 0 0 0 0 0 0 0
0 0 0 3 1 0 0 0 1 0 0 7 0 7 0 0 0 3 0 0 3 4 0 0 0 0 0 0 0 0 0 0 0 0
1 0 0 0 1 0 0 0 0 0 0 2 0 2 0 0 0 0 0 0 2 2 0 0 0 0 0 0 0 0 0 0 0 0
1 0 0 0 1 0 0 0 0 0 0 2 0 2 0 0 0 0 0 0 2 2 0 0 0 0 0 0 0 0 0 0 0 0
0 0 0 1 0 0 0 1 0 1 0 0 1 0 0 0 0 0 0 0 1 1 0 0 0 0 0 0 0 0 0 0 0 0
0 0 0 1 4 0 0 4 1 1 1 0 0 1 0 0 0 0 0 0 4 2 0 0 0 0 0 0 0 0 0 0 0 0
1 0 0 0 0 0 0 1 0 0 0 1 0 1 0 0 0 0 0 0 2 1 0 0 0 0 0 0 0 0 0 0 0 0
1 0 0 0 1 0 0 0 0 0 0 2 0 2 0 0 0 0 0 0 2 2 0 0 0 0 0 0 0 0 0 0 0 0
0 0 0 5 0 0 0 2 0 1 0 4 0 1 0 0 0 1 0 0 3 1 0 0 0 0 0 0 0 0 0 0 0 0
0 0 0 2 1 0 0 4 2 1 0 2 0 3 0 0 0 0 0 0 2 2 0 0 0 0 0 0 0 0 0 0 0 0
0 0 0 2 0 0 0 0 0 0 0 9 0 0 0 0 0 0 0 0 2 1 0 0 0 0 0 0 0 0 0 0 0 0
0 0 0 1 2 0 0 0 0 1 1 3 0 2 0 0 0 0 0 0 4 1 0 0 0 0 0 0 0 0 0 0 0 0
0 0 0 1 3 0 0 0 0 3 0 2 0 1 0 0 0 0 0 1 4 2 0 0 0 0 0 0 0 0 0 0 0 0
1 0 0 0 0 0 0 2 2 1 0 0 2 0 0 0 0 0 0 0 2 2 0 0 0 0 0 0 0 0 0 0 0 0
0 0 0 1 2 0 0 0 0 2 1 3 0 1 0 0 0 0 0 0 4 1 0 0 0 0 0 0 0 0 0 0 0 0
0 0 0 2 2 0 0 3 3 1 0 2 0 3 0 0 0 0 0 0 2 2 0 0 0 0 0 0 0 0 0 0 0 0
0 0 0 0 3 0 0 0 0 4 1 3 0 1 0 0 0 0 0 0 4 1 0 0 0 0 0 0 0 0 0 0 0 0
0 0 0 3 2 0 0 1 0 0 0 5 0 1 0 0 0 3 0 0 2 3 0 0 0 0 0 0 0 0 0 0 0 0
1 0 0 0 1 0 0 0 0 0 0 2 0 2 0 0 0 0 0 0 2 2 0 0 0 0 0 0 0 0 0 0 0 0
0 0 0 0 1 0 1 3 1 0 0 0 1 1 0 0 0 0 0 0 2 1 0 0 0 0 0 0 0 0 0 1 0 0
1 0 0 2 1 0 0 1 1 0 0 0 0 3 0 0 0 1 0 0 2 2 0 0 0 0 0 0 0 0 0 0 0 0
0 0 0 1 0 0 0 2 0 0 0 8 1 1 0 0 0 0 0 0 2 2 0 0 0 0 0 0 0 0 0 0 0 0
1 0 0 0 1 0 0 0 0 0 0 2 0 2 0 0 0 0 0 0 2 2 0 0 0 0 0 0 0 0 0 0 0 0
0 0 0 3 2 0 0 0 0 0 0 5 0 8 0 0 0 0 0 2 3 3 0 0 0 0 0 0 0 0 0 0 0 0
0 0 0 0 4 0 0 0 1 3 2 7 0 2 0 0 0 0 0 0 3 2 0 0 0 0 0 0 0 0 0 0 0 0
1 0 0 0 1 0 0 0 0 0 0 2 0 2 0 0 0 0 0 0 2 2 0 0 0 0 0 0 0 0 0 0 0 0
1 0 0 1 0 0 0 2 0 1 0 0 1 0 0 0 0 0 0 0 2 1 0 0 0 0 0 0 0 0 0 0 0 0
1 0 0 0 1 0 0 0 0 0 0 2 0 2 0 0 0 0 0 0 2 2 0 0 0 0 0 0 0 0 0 0 0 0
1 0 0 0 1 0 0 0 0 0 0 2 0 2 0 0 0 0 0 0 2 2 0 0 0 0 0 0 0 0 0 0 0 0
0 0 0 0 2 0 0 3 1 2 2 1 0 3 0 0 0 0 0 0 3 1 0 0 0 0 0 0 0 0 0 0 0 0
1 0 0 0 1 0 0 0 0 0 0 2 0 2 0 0 0 0 0 0 2 2 0 0 0 0 0 0 0 0 0 0 0 0
0 0 0 0 2 0 0 2 1 1 1 3 0 2 0 0 0 0 0 0 4 1 0 0 0 0 0 0 0 0 0 0 0 0
0 0 0 1 0 0 0 3 1 1 1 6 0 7 0 0 0 0 0 0 1 7 0 0 0 0 0 0 0 0 0 0 0 0
0 0 0 1 2 0 0 0 0 1 1 3 0 2 0 0 0 0 0 0 4 1 0 0 0 0 0 0 0 0 0 0 0 0
0 0 0 0 3 0 0 0 1 2 0 3 0 1 0 0 0 0 0 0 4 1 0 0 0 0 0 0 0 0 0 0 0 0
0 0 0 1 2 1 0 0 0 1 1 3 0 1 0 0 0 0 0 0 4 1 0 0 0 0 0 0 0 0 0 0 0 0
1 0 0 0 0 0 0 0 1 2 0 1 0 0 0 0 0 0 0 0 1 1 0 0 0 0 0 0 0 0 0 0 0 0
0 0 0 1 2 1 0 0 0 1 1 3 0 1 0 0 0 0 0 0 4 1 0 0 0 0 0 0 0 0 0 0 0 0
0 0 0 4 0 1 0 0 0 0 0 7 0 1 0 0 0 0 1 0 2 1 0 0 0 0 0 0 0 0 0 0 0 0
1 0 0 1 0 0 0 1 1 1 3 0 0 14 0 0 0 0 0 0 2 1 0 0 0 0 0 0 0 0 0 0 0 0
0 0 0 3 0 0 0 2 0 2 0 3 0 1 0 0 0 0 0 0 4 1 0 0 0 0 0 0 0 0 0 0 0 0
0 0 0 1 0 0 0 2 0 0 0 7 0 0 0 0 0 0 0 1 2 1 0 0 0 0 0 0 0 0 0 0 0 0
0 0 0 3 2 0 0 3 0 0 0 5 0 1 0 0 0 0 0 0 2 1 0 0 0 0 0 0 0 0 0 0 0 0
0 0 0 1 0 0 0 2 0 3 0 0 4 1 0 0 0 0 0 0 3 1 0 0 0 0 0 0 0 0 0 0 0 0
0 0 0 1 0 0 0 4 2 0 0 12 0 1 0 0 0 0 0 0 3 2 0 0 0 0 0 0 0 0 0 0 0 0
0 0 0 3 2 1 0 1 0 1 1 0 0 1 0 0 0 2 0 0 4 2 0 0 0 0 0 0 0 0 0 0 0 0
0 0 0 2 3 0 0 1 0 0 1 3 0 1 0 0 0 0 0 0 4 1 0 0 0 0 0 0 0 0 0 0 0 0
0 0 0 0 0 0 0 1 0 1 0 6 0 0 0 0 0 1 0 0 2 1 0 0 0 0 0 0 0 0 0 0 0 0
0 0 0 0 1 0 0 2 4 1 0 0 2 2 0 0 0 0 0 0 3 1 0 0 0 0 0 0 0 0 0 0 0 0
0 0 0 1 2 1 0 0 0 1 1 3 0 1 0 0 0 0 0 0 4 1 0 0 0 0 0 0 0 0 0 0 0 0
0 0 0 1 3 1 0 1 1 1 1 2 0 1 0 0 0 0 0 0 4 1 0 0 0 0 0 0 0 0 0 0 0 0
0 0 0 0 5 1 0 0 0 1 1 1 0 2 0 0 0 3 0 0 4 3 0 0 0 0 0 0 0 0 0 0 0 0
0 0 0 0 3 0 0 0 0 2 1 2 0 1 0 0 0 0 0 0 4 1 0 0 0 0 0 0 0 0 0 0 0 1
0 0 0 0 6 0 0 0 0 2 3 7 0 4 0 0 0 0 0 0 3 2 0 0 0 0 0 0 0 0 0 0 0 0
0 0 0 7 4 0 0 11 4 1 0 57 0 67 0 0 0 2 0 0 2 66 0 0 0 0 0 0 0 0 0 0 0 0
1 0 0 1 0 1 0 0 0 2 0 0 0 0 0 0 0 0 0 0 2 1 0 0 0 0 0 0 0 0 0 0 0 0
0 0 0 2 2 0 0 2 0 0 0 13 0 2 0 0 0 0 0 0 3 3 0 0 0 0 0 0 0 0 0 0 0 0
0 0 0 0 3 0 0 1 1 0 0 6 0 0 0 0 0 1 0 0 2 1 0 0 0 0 0 0 0 0 0 0 0 0
0 0 0 1 6 0 0 2 0 3 3 6 0 3 0 0 0 0 0 0 3 2 0 0 0 0 0 0 0 0 0 0 0 0
1 0 0 0 1 0 0 0 2 0 0 1 0 1 0 0 0 0 0 0 2 2 0 0 0 0 0 0 0 0 0 0 0 0
0 0 0 1 2 1 0 0 0 1 1 3 0 1 0 0 0 0 0 0 4 1 0 0 0 0 0 0 0 0 0 0 0 0
0 0 0 0 0 1 1 1 0 0 0 0 0 0 0 0 0 0 0 0 2 1 0 0 0 0 0 0 0 0 0 1 0 0
0 0 0 0 2 0 0 0 0 4 0 3 0 1 0 0 0 0 0 0 4 1 0 0 0 0 0 0 0 0 0 0 0 0
0 0 0 0 0 0 0 0 1 2 0 3 0 0 0 0 0 0 0 0 2 1 0 0 0 0 0 0 0 0 0 0 0 0
0 0 0 0 0 0 0 0 0 2 0 3 0 1 0 0 0 0 0 0 1 1 0 0 0 0 0 0 0 0 0 0 0 0
1 0 0 1 1 0 0 1 0 0 0 1 0 2 0 0 0 0 0 0 2 2 0 0 0 0 0 0 0 0 0 0 0 0
1 0 0 0 1 0 0 0 0 0 0 2 0 2 0 0 0 0 0 0 2 2 0 0 0 0 0 0 0 0 0 0 0 0
0 0 0 1 1 0 0 2 1 1 0 0 0 0 0 0 0 1 0 0 2 1 0 0 0 0 0 0 0 0 0 1 0 0
1 0 0 0 1 0 0 0 0 0 0 2 0 2 0 0 0 0 0 0 2 2 0 0 0 0 0 0 0 0 0 0 0 0
0 0 0 0 3 1 0 0 0 1 1 3 0 1 0 0 0 0 0 0 4 1 0 0 0 0 0 0 0 0 0 0 0 0
0 0 0 1 2 1 0 0 0 1 1 3 0 1 0 0 0 0 0 0 4 1 0 0 0 0 0 0 0 0 0 0 0 0
0 0 0 1 2 0 0 0 2 0 1 0 0 1 0 0 0 0 0 0 2 1 0 0 0 0 0 0 0 0 0 0 0 0
0 0 0 2 1 0 0 0 0 0 0 7 0 0 0 0 0 1 0 0 2 1 0 0 0 0 0 0 0 0 0 0 0 0
0 0 0 1 1 0 0 3 4 0 0 0 1 2 0 0 0 0 0 0 2 2 0 0 0 0 0 0 0 0 0 0 0 0
0 0 0 0 0 0 0 4 5 1 0 0 3 3 0 0 0 0 0 0 3 2 0 0 0 0 0 0 0 0 0 0 0 0
0 0 0 1 0 0 0 2 1 1 0 0 0 0 0 0 0 0 0 0 2 1 0 0 0 0 0 0 0 0 0 1 0 0
0 0 0 1 1 0 1 1 1 1 0 0 2 3 0 0 0 0 0 0 3 2 0 0 0 0 0 0 0 0 0 1 0 0
0 0 0 0 1 0 0 2 1 1 0 2 0 0 0 0 0 0 0 0 2 1 0 0 0 0 0 0 0 0 0 1 0 0
0 0 0 0 2 0 0 1 0 0 3 3 0 1 0 0 0 0 0 0 4 1 0 0 0 0 0 0 0 0 0 0 0 0
0 0 0 0 0 0 1 1 3 1 0 8 2 2 0 0 0 0 0 0 2 4 0 0 0 0 0 0 0 0 0 0 0 0
0 0 0 2 1 0 0 0 0 0 0 8 0 0 0 0 0 1 0 2 3 1 0 0 0 0 0 0 0 0 0 0 0 0
1 0 0 0 1 0 0 0 0 0 0 2 0 2 0 0 0 0 0 0 2 2 0 0 0 0 0 0 0 0 0 0 0 0
0 0 0 0 1 0 0 1 1 3 0 0 1 1 0 0 0 0 0 0 3 1 0 0 0 0 0 0 0 0 0 1 0 0
0 0 0 2 0 0 0 2 1 0 0 7 0 0 0 0 0 0 0 0 2 1 0 0 0 0 0 0 0 0 0 0 0 0
0 0 0 3 2 0 0 1 0 0 1 3 0 1 0 0 0 0 0 0 4 1 0 0 0 0 0 0 0 0 0 0 0 0
0 0 0 0 0 0 2 2 3 2 0 0 2 5 0 0 0 0 1 0 3 2 0 0 0 0 0 0 0 0 0 0 0 0
0 0 0 3 2 0 0 1 0 1 0 3 0 1 0 0 0 0 0 0 4 1 0 0 0 0 0 0 0 0 0 0 0 0
0 0 0 2 0 0 0 2 0 0 0 15 0 4 0 0 0 0 0 0 3 2 0 0 0 0 0 0 0 0 0 0 0 0
0 0 0 1 6 0 0 3 0 4 2 5 0 4 0 0 0 0 0 0 3 4 0 0 0 0 0 0 0 0 0 0 0 0
1 1 0 0 2 0 0 2 0 2 0 0 0 0 0 0 0 0 0 0 3 1 0 0 0 0 0 0 0 0 0 1 0 0
0 0 0 2 0 0 0 2 2 0 0 14 0 0 0 0 0 1 0 0 3 2 0 0 0 0 0 0 0 0 0 0 0 1
0 0 0 2 0 0 0 3 1 0 0 4 0 1 0 0 0 0 0 0 2 1 0 0 0 0 0 0 0 0 0 0 0 0
0 0 0 2 2 0 0 0 0 3 0 2 0 2 0 0 0 1 0 0 4 1 0 0 0 0 0 0 0 0 0 0 0 0
1 0 0 0 1 0 0 0 0 0 0 2 0 2 0 0 0 0 0 0 2 2 0 0 0 0 0 0 0 0 0 0 0 0
0 0 0 3 1 0 0 0 0 1 0 2 0 1 0 0 0 0 0 0 2 1 0 0 0 0 0 0 0 0 0 0 0 0
0 0 0 0 1 0 0 1 2 3 0 0 1 3 0 0 0 0 0 0 3 1 0 0 0 0 0 0 0 0 0 1 0 0
0 0 0 5 1 0 0 4 0 0 0 6 0 8 0 0 0 1 0 0 3 2 0 0 0 0 0 0 0 0 0 0 0 1
0 0 0 1 4 0 0 1 0 0 1 3 0 1 0 0 0 0 0 0 4 1 0 0 0 0 0 0 0 0 0 0 0 0
1 0 0 0 1 0 0 0 0 0 0 2 0 2 0 0 0 0 0 0 2 2 0 0 0 0 0 0 0 0 0 0 0 0
0 0 0 0 3 1 0 0 0 1 1 3 0 1 0 0 0 0 0 0 4 1 0 0 0 0 0 0 0 0 0 0 0 0
0 0 0 0 0 0 0 3 0 3 0 1 2 1 0 0 0 0 0 0 3 1 0 0 0 0 0 0 0 0 0 0 0 0
0 0 0 1 0 0 0 5 4 0 0 13 0 0 0 0 0 0 0 0 3 2 0 0 0 0 0 0 0 0 0 0 0 0
0 0 0 1 2 1 0 0 0 1 1 3 0 1 0 0 0 0 0 0 4 1 0 0 0 0 0 0 0 0 0 0 0 0
0 0 0 0 0 0 0 1 3 2 0 1 1 1 0 0 0 1 0 0 2 1 0 0 0 0 0 0 0 0 0 0 0 0
0 0 0 1 2 0 0 0 0 2 1 3 0 1 0 0 0 0 0 0 4 1 0 0 0 0 0 0 0 0 0 0 0 0
1 0 0 0 1 0 0 0 0 0 0 2 0 2 0 0 0 0 0 0 2 2 0 0 0 0 0 0 0 0 0 0 0 0
0 0 0 4 1 0 0 1 1 1 0 5 0 2 0 0 0 0 0 1 3 1 0 0 0 0 0 0 0 0 0 0 0 0
0 0 0 5 1 0 0 4 0 0 0 4 0 10 0 0 0 0 0 0 3 4 0 0 0 0 0 0 0 0 0 0 0 0
0 0 0 0 3 1 0 0 0 1 1 3 0 1 0 0 0 0 0 0 4 1 0 0 0 0 0 0 0 0 0 0 0 0
0 0 0 1 3 0 0 0 1 1 1 2 0 2 0 0 0 0 0 0 4 1 0 0 0 0 0 0 0 0 0 0 0 0
0 0 0 0 0 0 0 1 1 2 0 1 1 2 0 0 0 1 0 0 1 1 0 0 0 0 0 0 0 0 0 0 0 0
0 0 0 0 0 0 0 0 1 3 0 4 0 0 0 0 0 0 0 0 2 2 0 0 0 0 0 0 0 0 0 0 0 0
1 0 0 0 1 0 0 0 0 0 0 2 0 2 0 0 0 0 0 0 2 2 0 0 0 0 0 0 0 0 0 0 0 0
1 0 0 0 1 0 0 0 0 0 0 2 0 2 0 0 0 0 0 0 2 2 0 0 0 0 0 0 0 0 0 0 0 0
0 0 0 2 6 0 0 5 0 2 2 4 0 4 0 0 0 0 0 0 3 4 0 0 0 0 0 0 0 0 0 0 0 0
0 0 0 0 2 0 0 2 1 1 1 3 0 2 0 0 0 0 0 0 4 1 0 0 0 0 0 0 0 0 0 0 0 0
0 0 0 1 2 0 0 0 2 1 1 0 0 0 0 0 0 0 0 1 2 1 0 0 0 0 0 0 0 0 0 0 0 0
1 0 0 0 2 0 0 2 0 0 0 1 0 2 0 0 0 0 0 0 2 2 0 0 0 0 0 0 0 0 0 0 0 0
1 0 0 0 1 0 0 0 0 0 0 2 0 2 0 0 0 0 0 0 2 2 0 0 0 0 0 0 0 0 0 0 0 0
1 0 0 1 1 0 0 1 0 0 0 1 0 3 0 0 0 0 0 0 2 2 0 0 0 0 0 0 0 0 0 0 0 0
0 0 0 0 0 0 0 1 0 0 0 13 0 1 0 0 0 0 0 0 3 1 0 0 0 0 0 0 0 0 0 0 0 0
0 0 0 1 1 0 0 4 3 1 0 1 3 2 0 0 0 0 0 0 2 4 0 0 0 0 0 0 0 0 0 0 0 0
0 0 0 1 3 0 0 1 3 0 1 1 0 1 0 0 0 0 0 0 2 1 0 0 0 0 0 0 0 0 0 0 0 0
0 0 0 3 0 0 0 1 0 0 0 8 0 8 0 0 0 0 0 0 3 2 0 0 0 0 0 0 0 0 0 0 0 0
0 0 0 1 2 0 0 1 0 0 0 5 0 4 0 0 0 0 0 0 2 1 0 0 0 0 0 0 0 0 0 0 0 0
0 0 0 2 4 0 0 6 0 0 0 7 0 4 0 0 0 1 0 0 3 4 0 0 0 0 0 0 0 0 0 0 0 0
1 0 0 0 0 0 0 1 0 0 0 1 0 1 0 0 0 0 0 0 2 1 0 0 0 0 0 0 0 0 0 0 0 0
0 0 0 1 0 0 0 3 0 0 0 2 0 5 0 0 0 0 0 1 2 1 0 0 0 0 0 0 0 0 0 0 0 0
0 0 0 1 0 0 0 1 0 0 0 16 0 3 0 0 0 1 0 0 4 1 0 0 0 0 0 0 0 0 0 0 0 0
0 0 0 0 6 0 0 1 0 2 3 7 0 3 0 0 0 0 0 0 3 2 0 0 0 0 0 0 0 0 0 0 0 0
1 0 0 1 1 0 0 1 0 0 0 1 0 2 0 0 0 0 0 0 2 2 0 0 0 0 0 0 0 0 0 0 0 0
0 0 0 0 1 0 1 2 0 0 0 0 0 0 0 0 0 0 0 0 2 1 0 0 0 0 0 0 0 0 0 1 0 0
1 0 0 0 1 0 0 0 0 0 0 2 0 2 0 0 0 0 0 0 2 2 0 0 0 0 0 0 0 0 0 0 0 0
1 0 0 0 1 0 0 1 0 0 0 0 0 34 0 0 0 1 0 0 2 1 0 0 0 0 0 0 0 0 0 0 0 0
1 0 0 1 1 0 0 2 0 0 0 1 0 2 0 0 0 0 0 0 2 2 0 0 0 0 0 0 0 0 0 0 0 0
0 0 0 0 3 1 0 0 0 1 1 3 0 1 0 0 0 0 0 0 4 1 0 0 0 0 0 0 0 0 0 0 0 0
1 0 0 0 1 0 0 0 0 0 0 2 0 2 0 0 0 0 0 0 2 2 0 0 0 0 0 0 0 0 0 0 0 0
0 0 0 1 2 1 0 0 0 1 1 3 0 1 0 0 0 0 0 0 4 1 0 0 0 0 0 0 0 0 0 0 0 0
0 0 0 1 0 0 1 2 0 2 0 1 4 1 0 0 0 0 0 0 3 1 0 0 0 0 0 0 0 0 0 0 0 0
0 0 0 3 2 0 0 1 0 0 1 3 0 1 0 0 0 0 0 0 4 1 0 0 0 0 0 0 0 0 0 0 0 0
0 0 0 1 2 0 0 2 1 2 0 2 0 6 0 0 0 0 0 1 3 1 0 0 0 0 0 0 0 0 0 0 0 0
0 0 0 1 2 0 0 0 1 2 0 3 0 1 0 0 0 0 0 0 4 1 0 0 0 0 0 0 0 0 0 0 0 0
0 0 0 4 1 0 0 4 2 1 1 61 0 64 0 0 0 1 0 1 1 66 0 0 0 0 0 0 0 0 0 0 0 1
1 0 0 0 1 0 0 0 0 0 0 2 0 2 0 0 0 0 0 0 2 2 0 0 0 0 0 0 0 0 0 0 0 0
0 0 0 3 2 0 0 1 0 0 1 3 0 1 0 0 0 0 0 0 4 1 0 0 0 0 0 0 0 0 0 0 0 0
0 0 0 0 0 0 0 3 4 1 0 0 5 3 0 0 0 0 0 0 3 2 0 0 0 0 0 0 0 0 0 0 0 0
0 0 0 1 3 0 0 1 1 2 1 2 0 1 0 0 0 0 0 0 4 1 0 0 0 0 0 0 0 0 0 0 0 0
0 0 0 3 0 0 0 2 3 1 0 4 3 1 0 0 0 0 0 0 2 4 0 0 0 0 0 0 0 0 0 0 0 0
0 0 0 3 2 0 0 1 1 1 1 0 0 2 0 0 0 0 0 2 4 3 0 0 0 0 0 0 0 0 0 0 0 0
0 0 0 0 1 0 0 2 0 1 0 14 0 4 0 0 0 1 0 1 4 1 0 0 0 0 0 0 0 0 0 0 0 0
0 0 0 1 2 0 0 0 0 1 1 3 0 2 0 0 0 0 0 0 4 1 0 0 0 0 0 0 0 0 0 0 0 0
0 0 0 0 2 0 0 0 0 4 0 3 0 1 0 0 0 0 0 0 4 1 0 0 0 0 0 0 0 0 0 0 0 0
0 0 0 3 0 0 0 5 0 1 0 5 0 7 0 0 0 1 0 0 3 4 0 0 0 0 0 0 0 0 0 0 0 0
0 0 0 0 0 0 0 0 1 3 0 3 0 0 0 0 0 0 0 0 1 1 0 0 0 0 0 0 0 0 0 0 0 0
0 0 0 3 1 0 1 1 0 0 0 7 0 0 0 0 0 0 0 0 2 1 0 0 0 0 0 0 0 0 0 0 0 0
0 0 0 2 1 0 0 2 0 1 0 5 1 4 0 0 0 1 0 0 2 3 0 0 0 0 0 0 0 0 0 0 0 0
1 0 0 0 1 0 0 0 0 0 0 2 0 2 0 0 0 0 0 0 2 2 0 0 0 0 0 0 0 0 0 0 0 0
0 0 0 0 3 0 0 0 0 3 1 3 0 1 0 0 0 0 0 0 4 1 0 0 0 0 0 0 0 0 0 0 0 0
0 0 0 0 1 0 0 0 0 0 0 13 0 1 0 0 0 2 0 0 3 2 0 0 0 0 0 0 0 0 0 0 0 0
1 0 0 0 1 0 0 0 0 0 0 1 0 2 0 0 0 0 0 0 2 2 0 0 0 0 0 0 0 0 0 0 0 1
0 0 0 2 0 0 0 2 3 3 0 1 0 0 0 0 0 0 0 0 1 1 0 0 0 0 0 0 0 0 0 0 0 0
0 0 0 2 0 0 0 5 0 0 0 5 0 2 0 0 0 0 0 0 2 3 0 0 0 0 0 0 0 0 0 0 0 0
0 0 0 1 4 0 0 1 0 0 1 3 0 1 0 0 0 0 0 0 4 1 0 0 0 0 0 0 0 0 0 0 0 0
0 0 0 1 2 0 0 5 0 2 0 3 0 0 0 0 0 0 0 0 2 2 0 0 0 0 0 0 0 0 0 0 0 0
1 0 0 0 1 0 0 0 0 0 0 2 0 2 0 0 0 0 0 0 2 2 0 0 0 0 0 0 0 0 0 0 0 0
0 0 0 1 0 0 0 2 2 0 0 8 0 7 0 0 0 0 0 1 3 2 0 0 0 0 0 0 0 0 0 0 0 0
0 0 0 2 0 0 0 2 1 1 0 0 0 0 0 0 0 0 0 0 1 1 0 0 0 0 0 0 0 0 0 0 0 0
0 0 0 0 0 0 0 0 2 0 0 11 0 6 0 0 0 1 0 0 4 1 0 0 0 0 0 0 0 0 0 0 0 0
0 0 0 2 0 0 0 6 1 0 0 0 0 1 0 0 0 0 0 0 2 1 0 0 0 0 0 0 0 0 0 0 0 0
0 0 0 2 0 0 0 6 3 1 0 1 0 4 0 0 0 0 0 0 2 2 0 0 0 0 0 0 0 0 0 0 0 0
0 0 0 0 2 0 0 0 1 2 1 3 0 1 0 0 0 0 0 0 4 1 0 0 0 0 0 0 0 0 0 0 0 0
0 0 0 1 4 0 0 0 0 3 1 2 0 10 0 0 0 2 0 0 4 1 0 0 0 0 0 0 0 0 0 0 0 0
0 0 0 1 0 0 0 0 0 0 0 9 0 10 0 0 0 0 0 0 3 2 0 0 0 0 0 0 0 0 0 0 0 0
0 0 0 2 0 0 0 3 0 2 0 1 0 0 0 0 0 0 0 0 2 1 0 0 0 0 0 0 0 0 0 1 0 0
0 0 0 3 0 0 0 3 0 0 0 11 0 5 0 0 0 1 0 0 3 4 0 0 0 0 0 0 0 0 0 0 0 1
0 0 0 1 1 0 0 3 0 2 1 0 1 4 0 0 0 0 0 0 2 2 0 0 0 0 0 0 0 0 0 0 0 1
1 0 0 0 1 0 0 0 0 2 0 2 0 2 0 0 0 0 0 0 2 2 0 0 0 0 0 0 0 0 0 0 0 0
0 0 0 4 0 0 0 2 1 0 0 2 0 2 0 0 0 1 0 0 2 1 0 0 0 0 0 0 0 0 0 0 0 0
0 0 0 1 0 0 0 3 1 3 0 0 4 2 0 0 0 0 0 0 3 1 0 0 0 0 0 0 0 0 0 0 0 0
0 0 0 0 0 0 0 0 1 3 0 3 0 0 0 0 0 0 0 0 1 1 0 0 0 0 0 0 0 0 0 0 0 0
0 0 0 4 0 0 0 3 0 0 0 12 0 4 0 0 0 1 0 0 3 4 0 0 0 0 0 0 0 0 0 0 0 1
1 0 0 1 1 0 0 0 0 0 0 1 0 3 0 0 0 1 0 0 2 2 0 0 0 0 0 0 0 0 0 0 0 0
0 0 0 4 0 0 0 2 0 0 0 6 0 6 0 2 0 0 0 0 3 4 0 0 0 0 0 0 0 0 0 0 0 1
0 0 0 0 3 0 0 0 1 2 0 3 0 1 0 0 0 0 0 0 4 1 0 0 0 0 0 0 0 0 0 0 0 0
0 0 0 0 2 0 0 0 1 2 0 3 0 1 0 0 0 0 0 0 4 1 0 0 0 0 0 0 0 0 0 0 0 0
0 0 0 2 0 0 0 2 0 0 1 6 0 2 0 0 0 0 0 0 2 1 0 0 0 0 0 0 0 0 0 0 0 0
0 0 0 1 1 0 0 2 0 3 0 1 1 2 0 0 0 1 0 0 1 4 0 0 0 0 0 0 0 0 0 0 0 0
1 0 0 0 1 0 2 2 0 0 0 0 0 2 0 0 0 0 0 0 2 2 0 0 0 0 0 0 0 0 0 0 0 0
0 0 0 1 3 0 1 0 0 1 1 3 0 1 0 0 0 0 0 0 4 1 0 0 0 0 0 0 0 0 0 0 0 0
0 0 0 0 2 0 0 0 0 0 0 9 0 0 0 0 0 0 0 0 2 1 0 0 0 0 0 0 0 0 0 0 0 0
0 0 0 0 3 1 0 0 0 1 1 3 0 1 0 0 0 0 0 0 4 1 0 0 0 0 0 0 0 0 0 0 0 0
0 0 0 1 4 0 0 1 0 0 1 3 0 1 0 0 0 0 0 0 4 1 0 0 0 0 0 0 0 0 0 0 0 0
0 0 0 0 3 1 0 0 0 1 1 3 0 1 0 0 0 0 0 0 4 1 0 0 0 0 0 0 0 0 0 0 0 0
1 0 0 0 1 0 0 0 0 0 0 2 0 2 0 0 0 0 0 0 2 2 0 0 0 0 0 0 0 0 0 0 0 0
0 0 0 1 1 0 0 1 0 0 0 16 0 2 0 0 0 1 0 0 3 2 0 0 0 0 0 0 0 0 0 0 0 0
0 0 0 1 0 0 0 1 1 1 0 2 0 0 0 0 0 0 0 0 1 1 0 0 0 0 0 0 0 0 0 0 0 0
0 0 0 7 1 0 0 4 3 3 0 58 0 65 0 0 0 3 0 1 2 66 0 0 0 0 0 0 0 0 0 0 0 1
0 0 0 0 2 0 0 1 0 1 2 3 0 1 0 0 0 0 0 0 4 1 0 0 0 0 0 0 0 0 0 0 0 0
0 0 0 2 0 0 0 4 0 0 0 14 0 2 0 0 0 1 0 0 4 3 0 0 0 0 0 0 0 0 0 0 0 0
0 0 0 1 2 0 0 0 0 0 0 8 0 0 0 0 0 0 0 0 2 1 0 0 0 0 0 0 0 0 0 0 0 0
0 0 0 0 4 0 0 3 0 3 0 1 0 2 0 0 0 0 0 0 2 1 0 0 0 0 0 0 0 0 0 0 0 0
0 0 0 0 4 0 0 0 1 3 2 7 0 2 0 0 0 0 0 0 3 2 0 0 0 0 0 0 0 0 0 0 0 0
0 0 0 1 2 0 0 0 1 2 0 3 0 1 0 0 0 0 0 0 4 1 0 0 0 0 0 0 0 0 0 0 0 0
0 1 0 1 0 0 0 0 1 2 0 0 0 0 0 0 0 0 0 0 2 1 0 0 0 0 0 0 0 0 0 0 0 0
1 0 0 1 1 0 0 0 1 0 1 2 0 1 0 0 0 1 0 0 2 1 0 0 0 0 0 0 0 0 0 0 0 0
0 0 0 1 4 0 0 1 0 0 1 3 0 1 0 0 0 0 0 0 4 1 0 0 0 0 0 0 0 0 0 0 0 0
0 0 0 2 0 0 0 1 0 3 0 0 0 0 0 0 0 0 0 0 2 1 0 0 0 0 0 0 0 0 0 0 0 0
1 0 0 0 1 0 0 0 0 0 0 2 0 2 0 0 0 0 0 0 2 2 0 0 0 0 0 0 0 0 0 0 0 0
1 0 0 0 1 0 0 0 0 0 0 2 0 2 0 0 0 0 0 0 2 2 0 0 0 0 0 0 0 0 0 0 0 0
0 0 0 3 4 0 0 4 0 0 1 0 0 2 0 0 0 0 0 0 4 3 0 0 0 0 0 0 0 0 0 0 0 0
1 0 0 0 0 0 0 2 2 1 0 0 2 1 0 0 0 0 0 0 2 3 0 0 0 0 0 0 0 0 0 0 0 0
1 0 0 0 1 0 0 0 0 0 0 2 0 2 0 0 0 0 0 0 2 2 0 0 0 0 0 0 0 0 0 0 0 0
0 0 0 5 0 0 0 2 2 1 0 1 0 2 0 0 0 1 0 0 2 2 0 0 0 0 0 0 0 0 0 0 0 0
0 0 0 0 4 0 0 1 0 3 0 2 0 2 0 0 0 0 0 0 4 1 0 0 0 0 0 0 0 0 0 0 0 0
0 0 0 0 3 0 0 0 0 3 0 3 0 1 0 0 0 0 0 0 4 1 0 0 0 0 0 0 0 0 0 0 0 0
0 0 0 1 2 0 0 0 0 2 1 3 0 1 0 0 0 0 0 0 4 1 0 0 0 0 0 0 0 0 0 0 0 0
0 0 0 1 0 0 0 1 0 0 0 10 0 3 0 0 0 1 0 0 3 1 0 0 0 0 0 0 0 0 0 0 0 0
0 0 0 1 3 0 0 1 0 2 0 3 0 1 0 0 0 0 0 0 4 1 0 0 0 0 0 0 0 0 0 0 0 0
0 0 0 0 0 0 0 2 0 0 0 8 0 1 0 0 0 0 0 0 2 1 0 0 0 0 0 0 0 0 0 0 0 0
0 0 0 1 0 0 0 2 0 1 0 8 1 1 0 0 0 0 0 0 2 2 0 0 0 0 0 0 0 0 0 0 0 0
0 0 0 2 4 0 0 2 0 0 1 2 0 2 0 0 0 0 0 0 4 1 0 0 0 0 0 0 0 0 0 0 0 0
0 0 0 1 0 0 1 2 2 1 0 0 1 2 0 0 0 0 0 0 2 1 0 0 0 0 0 0 0 0 0 0 0 0
0 0 0 2 0 0 0 2 1 0 0 4 1 2 0 0 0 0 0 0 3 1 0 0 0 0 0 0 0 0 0 0 0 0
0 0 0 0 0 0 0 1 0 1 2 0 0 1 0 0 0 0 0 0 1 1 0 0 0 0 0 0 0 0 0 0 0 0
0 0 0 2 2 0 0 1 0 5 0 1 0 1 0 0 0 1 0 0 4 3 0 0 0 0 0 0 0 0 0 0 0 0
0 1 0 1 0 0 0 0 1 2 0 0 0 0 0 0 0 0 0 0 2 1 0 0 0 0 0 0 0 0 0 0 0 0
0 0 0 1 0 0 0 1 0 0 0 9 0 9 0 0 0 1 0 0 3 2 0 0 0 0 0 0 0 0 0 0 0 0
1 0 0 0 1 0 0 0 0 0 0 2 0 2 0 0 0 0 0 0 2 2 0 0 0 0 0 0 0 0 0 0 0 0
0 0 0 3 2 0 0 1 0 0 1 3 0 1 0 0 0 0 0 0 4 1 0 0 0 0 0 0 0 0 0 0 0 0
0 0 0 1 1 0 0 2 4 1 0 0 2 2 0 0 0 0 0 0 3 2 0 0 0 0 0 0 0 0 0 1 0 0
0 0 0 2 0 0 0 4 2 1 0 13 0 0 0 0 0 2 0 1 3 4 0 0 0 0 0 0 0 0 0 0 0 0
0 0 0 2 0 0 0 2 0 0 0 7 2 2 0 0 0 0 0 0 2 3 0 0 0 0 0 0 0 0 0 0 0 0
0 0 0 2 0 0 0 2 2 1 0 0 0 1 0 0 0 1 0 0 1 2 0 0 0 0 0 0 0 0 0 0 0 0
0 0 0 1 1 0 0 9 2 0 0 8 0 3 0 0 0 0 0 0 3 5 0 0 0 0 0 0 0 0 0 0 0 0
0 0 0 0 0 0 0 2 0 0 0 8 0 0 0 0 0 0 0 1 2 1 0 0 0 0 0 0 0 0 0 0 0 0
0 0 0 0 3 0 0 1 1 2 1 2 0 2 0 0 0 0 0 0 4 1 0 0 0 0 0 0 0 0 0 0 0 0
0 0 0 3 0 0 0 4 0 1 0 4 0 1 0 0 0 0 0 1 3 1 0 0 0 0 0 0 0 0 0 0 0 0
0 0 0 3 1 0 0 6 0 0 0 14 0 1 0 0 0 0 0 0 3 4 0 0 0 0 0 0 0 0 0 0 0 0
0 0 0 1 0 0 0 3 1 3 0 0 1 1 0 0 0 0 0 0 2 1 0 0 0 0 0 0 0 0 0 0 0 0
0 0 0 1 3 0 1 0 0 1 1 3 0 1 0 0 0 0 0 0 4 1 0 0 0 0 0 0 0 0 0 0 0 0
0 0 0 4 0 0 0 6 2 1 0 1 1 0 0 0 0 0 0 0 2 3 0 0 0 0 0 0 0 0 0 0 0 0
1 0 0 0 1 0 0 0 0 0 0 2 0 2 0 0 0 0 0 0 2 2 0 0 0 0 0 0 0 0 0 0 0 0
0 0 0 0 0 0 0 1 0 0 0 9 0 0 0 0 0 0 0 1 2 1 0 0 0 0 0 0 0 0 0 0 0 0
1 0 0 1 0 0 0 0 1 2 0 3 0 2 0 0 0 1 0 0 1 3 0 0 0 0 0 0 0 0 0 0 0 0
1 0 0 0 1 0 0 2 0 1 0 0 1 0 0 0 0 0 0 0 2 2 0 0 0 0 0 0 0 0 0 0 0 0
0 0 0 2 0 0 0 7 0 0 0 3 0 2 0 0 0 2 0 0 2 3 0 0 0 0 0 0 0 0 0 0 0 0
0 0 0 2 0 0 0 1 1 0 0 8 0 9 0 0 0 0 0 1 3 2 0 0 0 0 0 0 0 0 0 0 0 0
0 0 0 0 2 1 0 0 0 2 1 3 0 1 0 0 0 0 0 0 4 1 0 0 0 0 0 0 0 0 0 0 0 0
1 0 0 0 1 0 0 0 0 0 0 2 0 2 0 0 0 0 0 0 2 2 0 0 0 0 0 0 0 0 0 0 0 0
1 0 0 1 1 0 0 2 0 0 0 1 0 2 0 0 0 0 0 0 2 2 0 0 0 0 0 0 0 0 0 0 0 0
1 0 0 0 1 0 0 0 0 0 0 2 0 2 0 0 0 0 0 0 2 2 0 0 0 0 0 0 0 0 0 0 0 0
1 0 0 0 1 0 0 0 0 0 0 2 0 2 0 0 0 0 0 0 2 2 0 0 0 0 0 0 0 0 0 0 0 0
0 0 0 0 1 0 0 6 3 2 0 3 0 3 0 1 0 1 0 0 3 2 0 0 0 0 0 0 0 0 0 0 0 0
0 0 0 3 0 0 0 2 0 1 0 4 2 3 0 0 0 1 0 0 2 3 0 0 0 0 0 0 0 0 0 0 0 0
0 0 0 4 3 0 0 2 0 0 1 0 0 2 0 0 0 0 0 0 4 2 0 0 0 0 0 0 0 0 0 0 0 0
0 0 0 2 1 0 0 0 2 1 1 0 0 0 0 0 0 0 0 0 2 1 0 0 0 0 0 0 0 0 0 0 0 0
0 0 0 2 0 0 0 5 1 0 0 1 0 1 0 0 0 0 0 0 2 1 0 0 0 0 0 0 0 0 0 0 0 0
1 0 0 0 1 0 0 0 0 2 0 2 0 2 0 0 0 0 0 0 2 2 0 0 0 0 0 0 0 0 0 0 0 0
0 0 0 4 0 0 0 4 2 3 0 1 0 1 0 0 0 2 0 2 1 5 0 0 0 0 0 0 0 0 0 0 0 0
0 0 0 0 1 0 0 2 1 1 0 1 1 4 0 0 0 0 0 0 2 2 0 0 0 0 0 0 0 0 0 0 0 1
0 0 0 3 2 0 0 1 0 0 1 3 0 1 0 0 0 0 0 0 4 1 0 0 0 0 0 0 0 0 0 0 0 0
0 0 0 2 2 0 0 0 0 1 1 3 0 3 0 0 0 0 0 0 2 1 0 0 0 0 0 0 0 0 0 0 0 0
0 0 0 2 4 0 0 1 0 2 0 0 0 2 0 0 0 2 0 0 4 2 0 0 0 0 0 0 0 0 0 0 0 0
0 0 0 4 1 0 0 2 2 2 0 1 0 1 0 0 0 1 0 0 2 2 0 0 0 0 0 0 0 0 0 0 0 0
1 0 0 1 0 0 0 1 0 1 0 2 0 2 0 0 0 1 0 0 1 3 0 0 0 0 0 0 0 0 0 0 0 0
1 0 0 0 1 0 0 0 0 0 0 2 0 2 0 0 0 0 0 0 2 2 0 0 0 0 0 0 0 0 0 0 0 0
0 0 0 1 2 0 0 4 0 1 0 1 2 2 0 0 0 0 0 0 2 3 0 0 0 0 0 0 0 0 0 0 0 0
0 0 0 1 3 0 1 0 0 1 1 3 0 1 0 0 0 0 0 0 4 1 0 0 0 0 0 0 0 0 0 0 0 0
1 0 0 0 1 0 0 0 0 0 0 2 0 2 0 0 0 0 0 0 2 2 0 0 0 0 0 0 0 0 0 0 0 0
0 0 0 0 1 0 0 2 0 0 0 10 0 1 0 0 0 1 0 0 3 1 0 0 0 0 0 0 0 0 0 0 0 0
0 0 0 3 0 0 0 0 0 0 0 8 0 1 0 0 0 1 0 0 2 1 0 0 0 0 0 0 0 0 0 0 0 0
0 0 0 0 4 0 1 2 0 0 2 1 0 2 0 0 0 1 0 0 2 1 0 0 0 0 0 0 0 0 0 0 0 0
0 0 0 0 2 0 0 0 1 2 0 2 0 1 0 0 0 0 0 0 4 1 0 0 0 0 0 0 0 0 0 0 0 1
0 0 0 1 1 0 0 3 0 0 0 6 0 3 0 0 0 0 0 0 2 1 0 0 0 0 0 0 0 0 0 0 0 0
0 0 0 2 3 0 0 4 0 0 0 13 0 3 0 0 0 0 0 0 3 4 0 0 0 0 0 0 0 0 0 0 0 0
1 0 0 0 1 0 0 0 0 0 0 2 0 2 0 0 0 0 0 0 2 2 0 0 0 0 0 0 0 0 0 0 0 0
0 0 0 0 3 0 0 0 0 2 1 3 0 1 0 0 0 0 0 0 4 1 0 0 0 0 0 0 0 0 0 0 0 0
0 0 0 3 2 0 0 1 0 1 0 3 0 1 0 0 0 0 0 0 4 1 0 0 0 0 0 0 0 0 0 0 0 0
0 0 0 0 0 0 0 0 1 1 0 0 2 3 0 0 0 0 0 0 1 1 0 0 0 0 0 0 0 0 0 0 0 0
0 0 0 0 1 0 0 3 1 3 0 0 0 1 0 0 0 0 0 0 1 2 0 0 0 0 0 0 0 0 0 0 0 0
0 0 0 0 4 0 0 0 0 3 1 6 0 2 0 0 0 0 0 0 2 2 0 0 0 0 0 0 0 0 0 0 0 1
0 0 0 0 3 0 0 1 1 1 0 3 0 1 0 0 0 0 0 0 3 1 0 0 0 0 0 0 0 0 0 0 0 0
0 0 0 5 1 0 0 6 4 2 1 61 0 65 0 0 0 1 0 0 1 67 0 0 0 0 0 0 0 0 0 0 0 1
1 0 0 0 1 0 0 0 0 0 0 2 0 2 0 0 0 0 0 0 2 2 0 0 0 0 0 0 0 0 0 0 0 0
0 0 0 0 2 1 0 2 1 1 0 0 0 0 0 1 0 0 0 0 2 1 0 0 0 0 0 0 0 0 0 0 0 0
0 0 0 2 0 0 0 0 0 0 0 6 0 3 0 0 0 0 0 0 2 1 0 0 0 0 0 0 0 0 0 0 0 0
0 0 0 3 0 0 0 3 0 0 0 15 0 3 0 0 0 0 0 0 3 2 0 0 0 0 0 0 0 0 0 0 0 0
0 0 0 5 0 0 0 3 0 0 0 5 0 1 0 0 0 0 0 0 2 3 0 0 0 0 0 0 0 0 0 0 0 0
0 0 0 0 7 0 0 1 0 3 2 6 0 4 0 0 0 0 0 0 3 2 0 0 0 0 0 0 0 0 0 0 0 0
1 0 0 0 1 0 0 0 0 0 0 2 0 2 0 0 0 0 0 0 2 2 0 0 0 0 0 0 0 0 0 0 0 0
0 0 0 0 0 0 0 2 1 1 0 0 1 2 0 0 0 0 0 0 3 1 0 0 0 0 0 0 0 0 0 0 0 0
0 0 0 0 1 1 0 2 0 2 0 0 1 0 0 0 0 0 0 0 2 1 0 0 0 0 0 0 0 0 0 0 0 0
1 0 0 0 0 0 0 1 2 2 0 1 0 0 0 0 0 0 0 0 1 1 0 0 0 0 0 0 0 0 0 0 0 0
0 0 0 3 1 0 0 2 0 0 0 1 1 4 0 0 0 1 0 0 2 2 0 0 0 0 0 0 0 0 0 0 0 0
0 0 0 1 0 0 0 4 2 3 0 0 2 0 0 0 0 0 0 0 2 2 0 0 0 0 0 0 0 0 0 0 0 0
0 0 0 1 4 0 0 0 0 3 0 1 0 3 0 0 0 3 0 0 4 3 0 0 0 0 0 0 0 0 0 0 0 0
0 0 0 1 2 0 0 4 0 0 0 2 0 1 0 0 0 2 0 1 2 2 0 0 0 0 0 0 0 0 0 0 0 0
1 0 0 0 1 0 0 0 0 0 0 2 0 2 0 0 0 0 0 0 2 2 0 0 0 0 0 0 0 0 0 0 0 0
0 0 0 3 1 0 0 1 0 0 0 7 0 2 0 0 0 0 0 0 2 1 0 0 0 0 0 0 0 0 0 0 0 0
0 1 0 1 0 0 0 0 1 2 0 0 0 0 0 0 0 0 0 0 2 1 0 0 0 0 0 0 0 0 0 0 0 0
0 0 0 3 0 0 0 2 0 0 0 7 0 1 0 0 0 0 0 0 2 1 0 0 0 0 0 0 0 0 0 0 0 0
0 0 0 0 0 0 0 0 0 0 0 16 0 2 0 0 0 1 0 0 3 2 0 0 0 0 0 0 0 0 0 0 0 0
0 0 0 1 1 0 0 3 2 2 0 0 0 0 0 0 0 0 0 0 1 2 0 0 0 0 0 0 0 0 0 0 0 0
0 0 0 0 2 1 0 0 2 2 0 0 0 0 0 0 0 0 0 1 2 1 0 0 0 0 0 0 0 0 0 0 0 0
0 0 0 0 0 0 0 2 0 1 0 3 0 0 0 0 0 1 0 0 1 1 0 0 0 0 0 0 0 0 0 0 0 0
0 0 0 0 3 1 0 0 0 1 1 3 0 1 0 0 0 0 0 0 4 1 0 0 0 0 0 0 0 0 0 0 0 0
0 0 0 4 0 0 0 0 0 0 0 7 0 9 0 0 0 2 0 0 3 2 0 0 0 0 0 0 0 0 0 0 0 0
1 0 0 0 1 0 0 0 0 0 0 2 0 2 0 0 0 0 0 0 2 2 0 0 0 0 0 0 0 0 0 0 0 0
0 0 0 1 2 0 0 0 0 2 1 3 0 1 0 0 0 0 0 0 4 1 0 0 0 0 0 0 0 0 0 0 0 0
0 0 0 1 3 0 0 2 0 0 0 6 0 2 0 0 0 0 0 0 2 1 0 0 0 0 0 0 0 0 0 0 0 0
0 0 0 0 2 0 0 4 1 2 1 0 0 1 0 0 0 0 0 0 2 1 0 0 0 0 0 0 0 0 0 0 0 0
0 0 0 1 0 0 0 0 0 0 0 13 0 4 0 0 0 2 0 1 4 1 0 0 0 0 0 0 0 0 0 0 0 0
0 0 0 5 2 0 0 3 0 0 1 0 0 1 0 0 0 3 0 0 4 3 0 0 0 0 0 0 0 0 0 0 0 0
0 0 0 0 8 0 0 2 1 2 3 5 0 3 0 0 0 0 0 1 3 2 0 0 0 0 0 0 0 0 0 0 0 0
0 0 0 1 2 0 0 0 1 2 0 3 0 1 0 0 0 0 0 0 4 1 0 0 0 0 0 0 0 0 0 0 0 0
0 0 0 2 0 0 0 6 0 1 0 2 0 0 0 0 0 1 0 0 2 1 0 0 0 0 0 0 0 0 0 0 0 0
1 0 0 0 1 0 0 2 2 2 0 0 0 1 0 0 0 0 0 0 2 3 0 0 0 0 0 0 0 0 0 0 0 0
0 0 0 0 0 0 0 1 2 2 2 1 0 1 0 0 0 0 0 1 2 1 0 0 0 0 0 0 0 0 0 0 0 0
0 0 0 3 6 0 0 2 1 1 4 3 0 5 0 0 0 1 0 2 3 4 0 0 0 0 0 0 0 0 0 0 0 0
0 0 0 3 0 0 0 2 2 1 0 5 0 2 0 0 0 0 0 0 2 2 0 0 0 0 0 0 0 0 0 0 0 0
1 0 0 1 1 0 0 0 0 0 0 1 0 3 0 0 0 1 0 0 2 2 0 0 0 0 0 0 0 0 0 0 0 0
0 0 0 0 3 0 0 0 0 2 1 3 0 1 0 0 0 0 0 0 4 1 0 0 0 0 0 0 0 0 0 0 0 0
0 0 0 0 2 0 0 1 0 1 2 3 0 1 0 0 0 0 0 0 4 1 0 0 0 0 0 0 0 0 0 0 0 0
0 0 0 2 2 0 0 3 0 3 1 0 0 1 0 1 0 0 0 0 4 3 0 0 0 0 0 0 0 0 0 0 0 0
0 0 0 1 0 0 0 1 0 0 0 9 0 10 0 0 0 0 0 0 3 2 0 0 0 0 0 0 0 0 0 0 0 0
1 0 0 0 1 0 0 0 0 0 0 2 0 2 0 0 0 0 0 0 2 2 0 0 0 0 0 0 0 0 0 0 0 0
0 0 0 0 3 0 0 0 1 2 0 3 0 1 0 0 0 0 0 0 4 1 0 0 0 0 0 0 0 0 0 0 0 0
0 0 0 1 0 0 0 2 1 1 0 2 0 0 0 0 0 0 0 0 2 1 0 0 0 0 0 0 0 0 0 1 0 0
1 0 0 0 1 0 0 0 0 0 0 2 0 2 0 0 0 0 0 0 2 2 0 0 0 0 0 0 0 0 0 0 0 0
0 0 0 0 2 0 0 0 0 2 2 3 0 1 0 0 0 0 0 0 4 1 0 0 0 0 0 0 0 0 0 0 0 0
0 0 0 0 3 1 0 0 0 1 1 3 0 1 0 0 0 0 0 0 4 1 0 0 0 0 0 0 0 0 0 0 0 0
0 0 0 1 2 1 0 0 0 1 1 3 0 1 0 0 0 0 0 0 4 1 0 0 0 0 0 0 0 0 0 0 0 0
0 0 0 1 0 0 0 2 1 2 0 0 1 1 0 0 0 0 0 0 2 1 0 0 0 0 0 0 0 0 0 1 0 0
0 0 0 0 1 0 0 3 0 2 0 0 1 1 0 0 0 0 0 0 2 1 0 0 0 0 0 0 0 0 0 1 0 0
0 0 0 2 2 0 0 1 0 1 0 5 0 0 0 0 0 0 0 1 2 2 0 0 0 0 0 0 0 0 0 0 0 0
0 0 0 1 0 0 0 2 1 1 0 0 0 0 0 0 0 0 0 0 2 1 0 0 0 0 0 0 0 0 0 1 0 0
1 0 0 0 1 0 0 0 0 0 0 2 0 2 0 0 0 0 0 0 2 2 0 0 0 0 0 0 0 0 0 0 0 0
1 0 0 0 1 0 0 0 0 0 0 2 0 2 0 0 0 0 0 0 2 2 0 0 0 0 0 0 0 0 0 0 0 0
0 0 0 0 0 0 0 1 2 2 0 0 1 1 0 0 0 0 0 0 1 1 0 0 0 0 0 0 0 0 0 0 0 0
0 0 0 5 0 0 1 1 0 1 0 6 0 0 0 0 0 1 0 0 2 1 0 0 0 0 0 0 0 0 0 0 0 0
1 0 0 1 1 0 0 0 0 0 0 1 0 3 0 0 0 0 0 0 2 2 0 0 0 0 0 0 0 0 0 0 0 0
0 0 0 1 6 0 0 1 0 2 3 6 0 5 0 0 0 0 0 0 3 2 0 0 0 0 0 0 0 0 0 0 0 0
0 0 0 0 0 0 0 4 5 2 0 13 0 5 0 0 0 0 0 0 3 4 0 0 0 0 0 0 0 0 0 0 0 0
0 0 0 0 4 0 0 1 0 3 1 1 0 1 0 0 0 0 1 1 2 1 0 0 0 0 0 0 0 0 0 0 0 0
0 0 0 4 2 0 0 1 0 0 1 2 0 2 0 0 0 1 0 0 4 1 0 0 0 0 0 0 0 0 0 0 0 0
0 0 0 5 1 0 0 5 0 0 0 9 0 3 0 0 0 0 0 1 3 4 0 0 0 0 0 0 0 0 0 0 0 0
1 0 0 0 1 0 0 0 0 0 0 2 0 2 0 0 0 0 0 0 2 2 0 0 0 0 0 0 0 0 0 0 0 0
0 0 0 1 1 0 0 1 2 3 0 0 0 0 0 0 0 0 0 0 2 1 0 0 0 0 0 0 0 0 0 0 0 0
0 0 0 5 3 0 0 8 6 0 1 49 0 57 0 0 0 1 0 0 1 58 0 0 0 0 0 0 0 0 0 0 0 1
1 0 0 0 1 0 0 0 0 0 0 2 0 2 0 0 0 0 0 0 2 2 0 0 0 0 0 0 0 0 0 0 0 0
0 0 0 4 3 0 0 2 1 0 1 0 0 1 0 0 0 0 0 2 4 3 0 0 0 0 0 0 0 0 0 0 0 0
0 0 0 2 2 0 0 3 0 0 0 12 0 5 0 0 0 1 0 0 3 4 0 0 0 0 0 0 0 0 0 0 0 0
0 0 0 2 0 1 0 3 1 1 0 0 0 0 0 0 0 0 0 0 2 1 0 0 0 0 0 0 0 0 0 0 0 0
1 0 0 1 0 0 0 1 0 0 0 0 0 65 0 0 0 1 0 0 2 1 0 0 0 0 0 0 0 0 0 0 0 0
1 0 0 1 1 0 0 2 0 0 0 1 0 2 0 0 0 0 0 0 2 2 0 0 0 0 0 0 0 0 0 0 0 0
1 0 0 0 1 0 0 4 0 0 0 0 0 0 0 0 0 0 0 0 2 2 0 0 0 0 0 0 0 0 0 0 0 0
0 0 0 2 0 0 0 2 0 0 0 4 2 2 0 1 0 1 0 1 2 2 0 0 0 0 0 0 0 0 0 0 0 0
1 0 0 0 1 0 0 0 0 0 0 2 0 2 0 0 0 0 0 0 2 2 0 0 0 0 0 0 0 0 0 0 0 0
0 0 0 0 0 0 2 2 1 3 0 1 0 0 0 0 0 0 0 0 1 1 0 0 0 0 0 0 0 0 0 0 0 0
0 0 0 1 2 0 0 0 0 2 1 3 0 1 0 0 0 0 0 0 4 1 0 0 0 0 0 0 0 0 0 0 0 0
0 0 0 2 0 0 0 2 2 0 0 7 0 5 0 0 0 3 0 1 3 4 0 0 0 0 0 0 0 0 0 0 0 0
0 0 0 1 0 0 0 2 2 0 0 10 0 0 0 0 0 0 0 1 3 1 0 0 0 0 0 0 0 0 0 0 0 0
0 0 0 0 0 0 0 4 5 0 0 0 3 3 0 0 0 0 0 0 3 1 0 0 0 0 0 0 0 0 0 0 0 0
0 0 0 0 1 0 0 0 1 3 1 3 0 1 0 0 0 0 0 0 4 1 0 0 0 0 0 0 0 0 0 0 0 0
0 0 0 0 4 0 1 0 0 1 2 3 0 10 0 0 0 1 0 0 4 1 0 0 0 0 0 0 0 0 0 0 0 0
0 0 0 3 2 0 0 1 0 0 1 3 0 1 0 0 0 0 0 0 4 1 0 0 0 0 0 0 0 0 0 0 0 0
0 0 0 0 0 0 0 0 1 3 0 3 0 0 0 0 0 0 0 0 1 1 0 0 0 0 0 0 0 0 0 0 0 0
1 1 0 1 0 1 0 1 0 0 0 0 1 0 0 0 0 0 0 0 2 1 0 0 0 0 0 0 0 0 0 0 0 0
0 0 0 2 0 0 0 5 0 1 0 5 0 2 0 0 0 0 0 0 2 1 0 0 0 0 0 0 0 0 0 0 0 0
0 0 0 1 2 0 0 0 0 2 1 3 0 1 0 0 0 0 0 0 4 1 0 0 0 0 0 0 0 0 0 0 0 0
1 0 0 0 1 0 0 0 0 0 0 2 0 2 0 0 0 0 0 0 2 2 0 0 0 0 0 0 0 0 0 0 0 0
0 0 0 5 0 0 0 1 0 0 0 4 0 1 0 0 0 2 0 0 2 2 0 0 0 0 0 0 0 0 0 0 0 0
1 0 0 0 1 0 0 2 0 1 0 0 2 1 0 0 0 0 0 0 2 3 0 0 0 0 0 0 0 0 0 0 0 0
0 0 0 3 2 0 1 4 3 0 0 0 1 3 0 0 0 0 0 1 2 4 0 0 0 0 0 0 0 0 0 0 0 0
0 0 0 1 4 0 0 1 0 0 1 3 0 1 0 0 0 0 0 0 4 1 0 0 0 0 0 0 0 0 0 0 0 0
0 0 0 3 1 0 0 2 0 1 0 1 2 3 0 0 0 2 0 0 2 2 0 0 0 0 0 0 0 0 0 0 0 0
0 0 0 0 2 1 0 0 0 1 2 3 0 1 0 0 0 0 0 0 4 1 0 0 0 0 0 0 0 0 0 0 0 0
0 0 0 5 2 0 0 2 1 1 1 0 0 1 0 0 0 0 0 0 4 2 0 0 0 0 0 0 0 0 0 0 0 0
1 0 0 0 1 0 0 0 0 0 0 2 0 2 0 0 0 0 0 0 2 2 0 0 0 0 0 0 0 0 0 0 0 0
0 0 0 0 6 0 1 1 0 1 3 7 0 3 0 0 0 0 0 0 3 2 0 0 0 0 0 0 0 0 0 0 0 0
1 0 0 1 1 0 1 1 0 0 0 0 1 1 0 0 0 0 0 0 2 2 0 0 0 0 0 0 0 0 0 0 0 0
0 0 0 0 1 0 0 2 0 2 0 0 1 0 0 0 0 0 0 0 2 1 0 0 0 0 0 0 0 0 0 1 0 0
1 0 0 0 1 0 0 0 0 0 0 2 0 2 0 0 0 0 0 0 2 2 0 0 0 0 0 0 0 0 0 0 0 0
0 0 0 2 2 0 0 6 2 0 0 10 0 3 0 0 0 0 0 0 3 5 0 0 0 0 0 0 0 0 0 0 0 0
0 0 0 1 1 0 0 2 0 0 0 8 0 10 0 0 0 0 0 0 3 2 0 0 0 0 0 0 0 0 0 0 0 0
0 0 0 2 1 0 0 1 2 0 2 25 0 28 0 0 0 0 0 1 1 29 0 0 0 0 0 0 0 0 0 0 0 1
0 0 0 0 0 0 1 3 1 4 0 7 0 4 0 0 0 1 0 0 3 2 0 0 0 0 0 0 0 0 0 0 0 0
0 0 0 2 0 0 0 5 0 0 0 7 0 7 0 0 0 1 0 0 3 4 0 0 0 0 0 0 0 0 0 0 0 0
0 0 0 2 2 0 0 2 1 0 0 5 0 3 0 0 0 4 0 1 3 2 0 0 0 0 0 0 0 0 0 0 0 0
0 0 0 3 1 0 0 2 0 1 0 5 0 0 0 0 0 0 0 0 2 1 0 0 0 0 0 0 0 0 0 0 0 0
0 0 0 0 6 0 0 1 0 3 2 7 0 3 0 0 0 0 0 0 3 2 0 0 0 0 0 0 0 0 0 0 0 0
0 0 0 0 1 0 0 1 1 1 0 2 0 0 0 0 0 0 0 0 1 1 0 0 0 0 0 0 0 0 0 0 0 0
0 0 0 0 3 0 0 0 1 2 1 2 0 2 0 0 0 0 0 0 4 1 0 0 0 0 0 0 0 0 0 0 0 0
0 0 0 1 0 0 0 1 4 2 0 0 5 8 0 0 0 0 0 0 3 3 0 0 0 0 0 0 0 0 0 0 0 0
0 0 0 3 0 0 0 3 0 0 0 3 0 1 0 0 0 0 0 2 2 1 0 0 0 0 0 0 0 0 0 0 0 0
0 0 0 2 0 0 0 3 0 0 0 9 0 2 0 0 0 1 0 0 3 1 0 0 0 0 0 0 0 0 0 0 0 0
0 0 0 0 2 0 0 0 0 4 0 3 0 1 0 0 0 0 0 0 4 1 0 0 0 0 0 0 0 0 0 0 0 0
0 0 0 1 0 0 0 1 1 1 0 2 0 0 0 0 0 0 0 0 1 1 0 0 0 0 0 0 0 0 0 0 0 0
0 0 0 1 0 0 0 1 0 1 0 1 1 1 0 0 0 0 0 0 1 1 0 0 0 0 0 0 0 0 0 0 0 0
0 0 0 1 2 0 0 0 0 3 0 3 0 1 0 0 0 0 0 0 4 1 0 0 0 0 0 0 0 0 0 0 0 0
0 0 0 0 2 0 0 0 0 4 0 3 0 1 0 0 0 0 0 0 4 1 0 0 0 0 0 0 0 0 0 0 0 0
0 0 0 2 1 0 0 2 0 1 1 3 0 1 0 0 0 0 0 0 4 1 0 0 0 0 0 0 0 0 0 0 0 0
1 0 0 0 1 0 0 0 0 0 0 2 0 2 0 0 0 0 0 0 2 2 0 0 0 0 0 0 0 0 0 0 0 0
0 0 0 1 0 0 0 3 1 3 0 0 4 2 0 0 0 0 0 0 3 1 0 0 0 0 0 0 0 0 0 0 0 0
1 0 0 0 1 0 0 0 0 0 0 2 0 2 0 0 0 0 0 0 2 2 0 0 0 0 0 0 0 0 0 0 0 0
0 0 0 1 1 0 0 0 0 1 0 7 0 1 0 0 0 0 0 1 2 1 0 0 0 0 0 0 0 0 0 0 0 0
0 0 0 0 6 0 0 2 0 2 3 1 0 4 0 0 0 0 0 0 3 1 0 0 0 0 0 0 0 0 0 0 0 0
0 0 0 1 3 0 1 0 0 1 1 3 0 1 0 0 0 0 0 0 4 1 0 0 0 0 0 0 0 0 0 0 0 0
0 0 0 6 0 0 0 1 1 0 0 10 0 2 0 0 0 2 0 0 4 1 0 0 0 0 0 0 0 0 0 0 0 0
0 0 0 1 2 1 0 0 0 1 1 3 0 1 0 0 0 0 0 0 4 1 0 0 0 0 0 0 0 0 0 0 0 0
0 0 0 0 2 0 0 2 1 1 1 3 0 2 0 0 0 0 0 0 4 1 0 0 0 0 0 0 0 0 0 0 0 0
0 0 0 3 1 0 2 4 0 1 0 10 0 1 0 0 0 2 0 0 3 2 0 0 0 0 0 0 0 0 0 0 0 0
1 0 0 0 1 0 0 0 0 0 0 2 0 2 0 0 0 0 0 0 2 2 0 0 0 0 0 0 0 0 0 0 0 0
0 0 0 2 2 0 0 1 0 2 0 3 0 1 0 0 0 0 0 0 4 1 0 0 0 0 0 0 0 0 0 0 0 0
0 0 0 1 1 1 0 3 0 1 1 0 0 0 0 0 0 0 0 0 2 1 0 0 0 0 0 0 0 0 0 0 0 0
0 0 0 0 2 0 0 3 1 2 0 3 0 2 0 0 0 0 0 0 4 1 0 0 0 0 0 0 0 0 0 0 0 0
0 0 0 0 1 0 0 0 3 1 0 0 1 1 0 0 0 0 0 0 1 1 0 0 0 0 0 0 0 0 0 0 0 0
0 0 0 0 0 0 0 1 1 0 0 6 0 3 0 0 0 0 0 3 3 1 0 0 0 0 0 0 0 0 0 0 0 0
0 0 0 0 0 0 0 1 0 0 0 4 0 10 0 0 0 0 0 0 3 1 0 0 0 0 0 0 0 0 0 0 0 0
1 0 0 2 1 0 0 2 1 0 0 0 0 3 0 0 0 0 0 0 2 2 0 0 0 0 0 0 0 0 0 0 0 0
0 0 0 2 0 0 0 3 1 2 0 0 0 0 0 0 0 0 0 0 2 1 0 0 0 0 0 0 0 0 0 0 0 0
0 0 0 0 0 0 0 5 0 2 0 5 0 1 0 0 0 0 0 0 2 2 0 0 0 0 0 0 0 0 0 0 0 0
0 0 0 1 2 0 0 0 1 2 0 3 0 1 0 0 0 0 0 0 4 1 0 0 0 0 0 0 0 0 0 0 0 0
1 0 0 0 0 0 0 3 0 1 0 0 0 34 0 0 0 0 0 0 2 1 0 0 0 0 0 0 0 0 0 0 0 0
0 0 0 0 3 0 0 0 0 2 0 9 0 3 0 0 0 5 0 0 3 2 0 0 0 0 0 0 0 0 0 0 0 0
0 0 0 0 2 0 0 0 1 2 1 3 0 1 0 0 0 0 0 0 4 1 0 0 0 0 0 0 0 0 0 0 0 0
0 0 0 2 0 0 0 2 0 0 0 9 0 8 0 0 0 0 0 0 3 3 0 0 0 0 0 0 0 0 0 0 0 1
0 0 0 1 4 0 0 5 0 1 2 2 0 5 0 0 0 2 0 0 4 1 0 0 0 0 0 0 0 0 0 0 0 0
0 0 0 1 2 0 0 3 0 0 1 3 0 1 0 0 0 0 0 0 4 1 0 0 0 0 0 0 0 0 0 0 0 0
0 0 0 1 3 0 0 0 0 3 1 2 0 2 0 0 0 0 0 0 4 1 0 0 0 0 0 0 0 0 0 0 0 0
0 0 0 0 0 0 0 0 0 3 1 9 0 5 0 0 0 1 0 0 3 2 0 0 0 0 0 0 0 0 0 0 0 0
1 0 0 0 1 0 0 0 0 0 0 2 0 2 0 0 0 0 0 0 2 2 0 0 0 0 0 0 0 0 0 0 0 0
0 0 0 0 0 0 0 4 3 2 0 0 3 0 0 0 0 0 0 0 2 3 0 0 0 0 0 0 0 0 0 0 0 0
0 0 0 2 1 0 0 0 2 1 0 0 0 0 0 0 0 0 0 2 2 1 0 0 0 0 0 0 0 0 0 0 0 0
0 0 0 0 2 0 0 3 0 0 0 7 0 9 0 0 0 0 0 0 3 2 0 0 0 0 0 0 0 0 0 0 0 0
1 0 0 0 1 0 0 0 0 0 0 2 0 2 0 0 0 0 0 0 2 2 0 0 0 0 0 0 0 0 0 0 0 0
0 0 0 0 3 1 0 0 0 1 1 3 0 1 0 0 0 0 0 0 4 1 0 0 0 0 0 0 0 0 0 0 0 0
1 0 0 0 2 0 0 0 0 1 0 0 0 1 0 0 0 1 0 1 2 2 0 0 0 0 0 0 0 0 0 0 0 0
0 0 0 1 2 0 0 0 0 1 1 3 0 2 0 0 0 0 0 0 4 1 0 0 0 0 0 0 0 0 0 0 0 0
0 0 0 1 0 0 0 3 3 1 0 0 4 2 0 0 0 0 0 0 3 1 0 0 0 0 0 0 0 0 0 0 0 0
0 0 0 2 3 0 0 1 0 0 1 3 0 1 0 0 0 0 0 0 4 1 0 0 0 0 0 0 0 0 0 0 0 0
0 0 0 0 2 1 0 0 0 1 2 2 0 1 0 0 0 0 0 0 4 1 0 0 0 0 0 0 0 0 0 0 0 1
0 0 0 1 0 0 0 2 2 2 0 0 1 2 0 0 0 0 0 0 2 1 0 0 0 0 0 0 0 0 0 0 0 0
0 0 0 1 2 0 0 0 0 2 1 3 0 1 0 0 0 0 0 0 4 1 0 0 0 0 0 0 0 0 0 0 0 0
0 0 0 2 1 0 0 1 0 0 0 7 0 1 0 0 0 0 0 1 2 1 0 0 0 0 0 0 0 0 0 0 0 0
0 0 0 0 0 0 0 2 1 1 0 0 1 3 0 0 0 0 0 0 3 2 0 0 0 0 0 0 0 0 0 0 0 0
0 0 0 2 4 0 0 0 1 3 2 5 0 3 0 0 0 3 0 0 3 4 0 0 0 0 0 0 0 0 0 0 0 0
0 0 0 0 0 0 2 4 2 0 0 15 0 0 0 0 0 0 0 0 3 2 0 0 0 0 0 0 0 0 0 0 0 0
0 0 0 0 2 0 0 3 1 0 1 1 0 2 0 0 0 0 0 1 2 1 0 0 0 0 0 0 0 0 0 0 0 0
1 0 0 0 1 0 1 2 1 0 0 0 1 3 0 0 0 0 0 0 2 3 0 0 0 0 0 0 0 0 0 0 0 0
1 0 0 0 1 0 0 0 0 0 0 2 0 2 0 0 0 0 0 0 2 2 0 0 0 0 0 0 0 0 0 0 0 0
0 0 0 0 0 0 0 1 1 2 0 1 2 1 0 0 0 0 0 0 1 2 0 0 0 0 0 0 0 0 0 0 0 0
0 0 0 5 2 0 0 4 1 0 0 6 0 2 0 0 0 0 0 1 3 4 0 0 0 0 0 0 0 0 0 0 0 0
1 0 0 0 1 0 0 0 0 0 0 2 0 2 0 0 0 0 0 0 2 2 0 0 0 0 0 0 0 0 0 0 0 0
1 0 0 0 1 0 0 0 0 0 0 2 0 2 0 0 0 0 0 0 2 2 0 0 0 0 0 0 0 0 0 0 0 0
0 0 0 1 2 0 0 0 0 2 1 3 0 1 0 0 0 0 0 0 4 1 0 0 0 0 0 0 0 0 0 0 0 0
0 0 0 0 4 0 0 3 0 2 2 7 0 2 0 0 0 0 0 0 3 2 0 0 0 0 0 0 0 0 0 0 0 0
0 0 0 1 3 0 0 1 0 2 0 3 0 1 0 0 0 0 0 0 4 1 0 0 0 0 0 0 0 0 0 0 0 0
0 0 0 0 2 0 0 0 1 2 0 2 0 1 0 0 0 0 0 0 4 1 0 0 0 0 0 0 0 0 0 0 0 1
0 0 0 0 3 1 0 0 0 1 1 3 0 1 0 0 0 0 0 0 4 1 0 0 0 0 0 0 0 0 0 0 0 0
0 0 0 4 2 0 0 1 0 0 1 2 0 2 0 0 0 0 0 0 4 1 0 0 0 0 0 0 0 0 0 0 0 0
0 0 0 1 0 0 0 6 1 2 0 1 0 2 0 0 0 0 0 1 2 2 0 0 0 0 0 0 0 0 0 0 0 0
0 0 0 2 0 0 0 1 3 2 0 0 2 5 0 0 0 0 0 0 3 2 0 0 0 0 0 0 0 0 0 0 0 0
0 0 0 0 4 0 0 1 1 3 2 1 0 3 0 0 0 0 0 0 3 1 0 0 0 0 0 0 0 0 0 0 0 0
0 0 0 1 1 0 0 3 1 2 0 1 2 1 0 0 0 0 0 0 2 2 0 0 0 0 0 0 0 0 0 0 0 0
0 0 0 1 2 0 0 0 0 3 0 3 0 1 0 0 0 0 0 0 4 1 0 0 0 0 0 0 0 0 0 0 0 0
0 0 0 0 0 0 1 1 2 1 0 8 0 2 0 0 0 0 1 0 2 3 0 0 0 0 0 0 0 0 0 0 0 0
1 0 0 0 1 0 0 0 0 0 0 2 0 2 0 0 0 0 0 0 2 2 0 0 0 0 0 0 0 0 0 0 0 0
0 0 0 6 2 0 0 3 0 0 0 10 0 1 0 0 0 2 0 1 3 3 0 0 0 0 0 0 0 0 0 0 0 0
0 0 0 3 3 0 0 1 0 0 1 2 0 1 0 0 0 0 0 1 4 1 0 0 0 0 0 0 0 0 0 0 0 0
0 0 0 1 4 0 0 1 0 0 1 3 0 1 0 0 0 0 0 0 4 1 0 0 0 0 0 0 0 0 0 0 0 0
0 0 0 0 6 0 0 2 0 1 3 7 0 3 0 0 0 0 0 0 3 2 0 0 0 0 0 0 0 0 0 0 0 0
0 0 0 0 0 0 2 3 4 0 0 0 1 2 0 0 0 0 0 0 2 2 0 0 0 0 0 0 0 0 0 0 0 0
0 0 0 5 0 0 0 2 0 0 0 1 0 2 0 0 0 1 0 0 2 1 0 0 0 0 0 0 0 0 0 0 0 0
0 0 0 0 0 0 0 3 1 0 0 5 0 0 0 0 0 1 0 1 2 1 0 0 0 0 0 0 0 0 0 0 0 0
0 0 0 2 6 0 0 1 0 2 3 5 0 5 0 0 0 1 0 0 3 2 0 0 0 0 0 0 0 0 0 0 0 0
0 0 0 0 4 0 0 1 1 1 2 1 0 2 0 0 0 0 0 1 2 1 0 0 0 0 0 0 0 0 0 0 0 0
1 0 0 0 1 0 0 0 0 0 0 2 0 2 0 0 0 0 0 0 2 2 0 0 0 0 0 0 0 0 0 0 0 0
0 0 0 2 0 0 0 1 0 1 0 0 8 5 0 0 0 0 0 0 1 6 0 0 0 0 0 0 0 0 0 0 0 0
0 0 0 1 3 0 0 2 3 1 1 1 0 0 0 0 0 0 0 1 2 3 0 0 0 0 0 0 0 0 0 0 0 0
1 0 0 0 1 0 0 0 0 0 0 1 0 2 0 0 0 0 0 0 2 2 0 0 0 0 0 0 0 0 0 0 0 1
0 0 0 1 1 0 0 2 1 1 0 0 0 0 0 0 0 0 0 0 1 1 0 0 0 0 0 0 0 0 0 0 0 0
1 0 0 0 1 0 0 0 0 0 0 2 0 2 0 0 0 0 0 0 2 2 0 0 0 0 0 0 0 0 0 0 0 0
0 0 0 4 0 0 0 0 0 0 0 7 0 1 0 0 0 0 0 0 2 1 0 0 0 0 0 0 0 0 0 0 0 0
0 0 0 2 0 0 0 1 0 2 1 2 0 2 0 0 0 1 0 0 3 1 0 0 0 0 0 0 0 0 0 0 0 0
0 0 0 1 0 0 0 2 0 0 0 6 0 0 0 0 0 2 0 0 2 1 0 0 0 0 0 0 0 0 0 0 0 0
0 0 0 0 8 0 0 3 1 1 3 5 0 3 0 0 0 0 0 1 3 2 0 0 0 0 0 0 0 0 0 0 0 0
1 0 0 1 1 0 0 1 1 0 0 1 0 2 0 0 0 0 0 0 2 2 0 0 0 0 0 0 0 0 0 0 0 0
0 0 0 1 2 0 0 4 0 2 0 2 0 1 0 0 0 0 0 0 2 1 0 0 0 0 0 0 0 0 0 0 0 0
0 0 0 1 3 1 0 0 0 1 1 2 0 2 0 0 0 1 0 0 4 1 0 0 0 0 0 0 0 0 0 0 0 0
0 0 0 2 2 0 0 0 0 0 0 7 0 0 0 0 0 0 0 0 2 1 0 0 0 0 0 0 0 0 0 0 0 0
0 0 0 0 1 0 0 1 1 0 0 10 0 0 0 1 0 0 0 1 3 1 0 0 0 0 0 0 0 0 0 0 0 0
0 0 0 0 2 0 0 5 0 0 0 5 0 2 0 0 0 0 0 0 2 3 0 0 0 0 0 0 0 0 0 0 0 0
0 0 0 0 6 0 0 0 0 3 3 7 0 3 0 0 0 0 0 0 3 2 0 0 0 0 0 0 0 0 0 0 0 0
1 0 0 1 0 0 0 0 0 3 0 0 0 0 0 0 0 0 0 0 2 1 0 0 0 0 0 0 0 0 0 0 0 0
0 0 0 2 2 0 0 1 0 2 1 2 0 2 0 0 0 0 0 0 4 1 0 0 0 0 0 0 0 0 0 0 0 0
0 0 0 1 0 0 0 6 4 3 0 7 0 4 0 0 0 1 0 0 3 4 0 0 0 0 0 0 0 0 0 0 0 0
0 0 0 0 1 0 0 1 0 1 0 0 0 1 0 0 0 0 0 0 1 1 0 0 0 0 0 0 0 0 0 0 0 0
1 0 0 0 1 0 0 0 0 0 0 2 0 2 0 0 0 0 0 0 2 2 0 0 0 0 0 0 0 0 0 0 0 0
1 0 0 0 1 0 0 0 0 0 0 2 0 2 0 0 0 0 0 0 2 2 0 0 0 0 0 0 0 0 0 0 0 0
0 0 0 0 6 0 0 1 0 1 3 7 0 4 0 0 0 0 0 0 3 2 0 0 0 0 0 0 0 0 0 0 0 0
0 0 0 0 1 0 0 3 0 2 0 0 1 1 0 0 0 0 0 0 2 1 0 0 0 0 0 0 0 0 0 0 1 0
0 0 0 1 5 0 0 2 1 0 1 1 0 1 0 0 0 0 0 2 4 3 0 0 0 0 0 0 0 0 0 0 0 0
0 0 0 0 3 0 0 0 0 3 0 3 0 1 0 0 0 0 0 0 4 1 0 0 0 0 0 0 0 0 0 0 0 0
0 0 0 0 0 0 0 3 0 1 0 17 0 0 0 0 0 0 0 0 3 2 0 0 0 0 0 0 0 0 0 0 0 0
0 0 0 0 6 0 0 1 0 2 3 7 0 3 0 0 0 0 0 0 3 2 0 0 0 0 0 0 0 0 0 0 0 0
1 0 0 0 1 0 0 0 2 0 0 1 0 1 0 0 0 0 0 0 2 2 0 0 0 0 0 0 0 0 0 0 0 0
0 0 0 1 0 0 0 2 0 2 0 0 0 1 0 0 0 0 0 0 2 1 0 0 0 0 0 0 0 0 0 1 0 0
0 0 0 4 0 0 0 0 0 0 0 7 0 2 0 0 0 3 0 0 2 3 0 0 0 0 0 0 0 0 0 0 0 0
0 0 0 0 2 0 0 0 0 0 0 9 0 0 0 0 0 0 0 0 2 1 0 0 0 0 0 0 0 0 0 0 0 0
0 0 0 0 2 0 0 0 1 2 1 3 0 1 0 0 0 0 0 0 4 1 0 0 0 0 0 0 0 0 0 0 0 0
1 0 0 0 1 0 0 0 0 0 0 2 0 2 0 0 0 0 0 0 2 2 0 0 0 0 0 0 0 0 0 0 0 0
1 0 0 0 1 0 0 0 0 0 0 2 0 2 0 0 0 0 0 0 2 2 0 0 0 0 0 0 0 0 0 0 0 0
0 0 0 5 0 1 0 2 3 0 0 8 0 3 0 0 0 1 1 0 3 5 0 0 0 0 0 0 0 0 0 0 0 0
0 0 0 3 0 0 0 2 0 0 0 6 0 0 0 0 0 1 0 0 2 1 0 0 0 0 0 0 0 0 0 0 0 0
0 0 0 1 4 0 0 1 0 0 1 3 0 1 0 0 0 0 0 0 4 1 0 0 0 0 0 0 0 0 0 0 0 0
0 0 0 1 6 0 1 2 0 2 2 6 0 4 0 0 0 0 0 0 3 2 0 0 0 0 0 0 0 0 0 0 0 0
0 0 0 2 3 0 0 0 1 1 1 1 0 2 0 0 0 3 0 0 4 3 0 0 0 0 0 0 0 0 0 0 0 0
1 0 0 0 1 0 0 0 0 0 0 2 0 2 0 0 0 0 0 0 2 2 0 0 0 0 0 0 0 0 0 0 0 0
1 0 0 1 1 0 0 0 0 1 0 0 1 1 0 1 0 0 0 0 2 2 0 0 0 0 0 0 0 0 0 0 0 0
0 0 0 1 0 0 0 2 1 2 0 2 2 5 0 0 0 3 0 0 3 3 0 0 0 0 0 0 0 0 0 0 0 0
1 0 0 0 0 0 0 0 1 1 0 1 0 0 0 0 0 0 0 0 1 1 0 0 0 0 0 0 0 0 0 0 0 0
0 0 0 2 3 0 0 1 1 0 0 4 0 1 0 0 0 2 0 0 2 2 0 0 0 0 0 0 0 0 0 0 0 0
0 0 0 2 0 0 0 5 3 0 0 11 0 1 0 1 0 3 0 0 3 4 0 0 0 0 0 0 0 0 0 0 0 0
0 0 0 3 2 0 0 2 0 2 0 2 0 3 0 0 0 0 0 0 2 1 0 0 0 0 0 0 0 0 0 0 0 0
0 0 0 1 2 0 0 0 1 2 0 3 0 1 0 0 0 0 0 0 4 1 0 0 0 0 0 0 0 0 0 0 0 0
0 0 0 0 6 0 0 2 0 1 3 7 0 3 0 0 0 0 0 0 3 2 0 0 0 0 0 0 0 0 0 0 0 0
1 0 0 0 1 0 0 0 0 0 0 2 0 2 0 0 0 0 0 0 2 2 0 0 0 0 0 0 0 0 0 0 0 0
1 0 0 1 1 0 0 1 2 3 1 0 0 64 0 0 0 2 0 0 2 3 0 0 0 0 0 0 0 0 0 0 0 0
0 0 0 0 1 0 0 2 0 0 0 3 0 11 0 0 0 0 0 0 3 1 0 0 0 0 0 0 0 0 0 0 0 0
0 0 0 0 2 0 0 1 1 3 1 3 0 1 0 0 0 0 0 1 3 1 0 0 0 0 0 0 0 0 0 0 0 0
1 0 0 0 1 0 0 0 0 0 0 2 0 2 0 0 0 0 0 0 2 2 0 0 0 0 0 0 0 0 0 0 0 0
0 0 0 3 0 0 0 2 0 1 0 5 0 0 0 0 0 1 0 0 2 1 0 0 0 0 0 0 0 0 0 0 0 0
0 0 0 2 0 0 0 4 0 1 0 1 1 0 0 0 0 0 0 0 1 1 0 0 0 0 0 0 0 0 0 0 0 0
0 0 0 0 6 0 0 1 0 2 3 7 0 3 0 0 0 0 0 0 3 2 0 0 0 0 0 0 0 0 0 0 0 0
1 0 0 0 1 0 0 0 0 0 0 2 0 2 0 0 0 0 0 0 2 2 0 0 0 0 0 0 0 0 0 0 0 0
0 0 0 3 1 0 0 4 0 1 0 2 0 3 0 0 0 3 0 1 3 2 0 0 0 0 0 0 0 0 0 0 0 0
0 0 0 1 0 0 0 1 0 0 0 12 0 7 0 0 0 0 0 0 3 2 0 0 0 0 0 0 0 0 0 0 0 0
0 0 0 2 3 0 0 2 1 1 1 0 0 1 0 0 0 2 0 0 4 3 0 0 0 0 0 0 0 0 0 0 0 0
0 0 0 0 0 0 0 4 5 1 0 0 4 3 0 0 0 0 0 0 3 2 0 0 0 0 0 0 0 0 0 0 0 0
0 0 0 1 1 0 0 0 0 0 0 12 0 1 0 0 0 2 0 0 3 2 0 0 0 0 0 0 0 0 0 0 0 0
0 0 0 2 0 0 0 2 1 1 0 0 0 0 0 0 0 0 0 0 1 1 0 0 0 0 0 0 0 0 0 0 0 0
0 0 0 1 0 0 0 3 1 3 0 0 4 2 0 0 0 0 0 0 3 1 0 0 0 0 0 0 0 0 0 0 0 0
1 0 0 0 1 0 0 0 0 0 0 2 0 2 0 0 0 0 0 0 2 2 0 0 0 0 0 0 0 0 0 0 0 0
1 1 0 0 1 1 0 1 0 0 0 0 0 1 0 0 0 0 0 0 2 1 0 0 0 0 0 0 0 0 0 0 0 0
1 0 0 0 1 0 0 0 0 0 0 2 0 2 0 0 0 0 0 0 2 2 0 0 0 0 0 0 0 0 0 0 0 0
1 1 0 1 1 0 0 2 0 1 0 0 0 1 0 0 0 0 0 0 3 1 0 0 0 0 0 0 0 0 0 1 0 0
1 0 0 0 1 0 0 0 2 0 0 1 0 1 0 0 0 0 0 0 2 2 0 0 0 0 0 0 0 0 0 0 0 0
0 0 0 0 2 0 0 0 1 2 0 2 0 1 0 0 0 0 0 0 4 1 0 0 0 0 0 0 0 0 0 0 0 1
0 0 0 4 0 0 0 3 0 0 0 6 0 1 0 0 0 0 0 0 2 3 0 0 0 0 0 0 0 0 0 0 0 0
1 0 0 0 1 0 0 0 0 0 0 2 0 2 0 0 0 0 0 0 2 2 0 0 0 0 0 0 0 0 0 0 0 0
1 0 0 0 1 0 0 0 0 0 0 2 0 2 0 0 0 0 0 0 2 2 0 0 0 0 0 0 0 0 0 0 0 0
0 0 0 2 0 0 0 0 1 3 0 0 0 0 0 0 0 0 0 0 1 1 0 0 0 0 0 0 0 0 0 0 0 0
0 0 0 1 1 0 0 2 0 1 0 1 0 0 0 0 0 0 0 0 2 1 0 0 0 0 0 0 0 0 0 0 0 0
1 0 0 0 1 0 0 0 0 2 0 2 0 2 0 0 0 0 0 0 2 2 0 0 0 0 0 0 0 0 0 0 0 0
0 0 0 0 0 0 0 5 0 1 0 0 1 1 0 0 0 0 0 0 1 1 0 0 0 0 0 0 0 0 0 0 0 0
1 1 0 0 1 1 0 1 0 0 0 0 0 1 0 0 0 0 0 0 2 1 0 0 0 0 0 0 0 0 0 0 0 0
1 0 0 0 1 0 0 0 0 0 0 2 0 2 0 0 0 0 0 0 2 2 0 0 0 0 0 0 0 0 0 0 0 0
0 0 0 0 2 0 0 0 0 4 0 3 0 1 0 0 0 0 0 0 4 1 0 0 0 0 0 0 0 0 0 0 0 0
0 0 0 0 2 0 0 1 1 3 1 2 0 2 0 0 0 0 0 0 4 1 0 0 0 0 0 0 0 0 0 0 0 0
0 0 0 0 3 0 0 2 0 0 0 8 0 2 0 0 0 0 0 1 3 1 0 0 0 0 0 0 0 0 0 0 0 0
0 0 0 1 0 1 0 2 1 2 0 0 1 1 0 0 0 0 0 0 2 1 0 0 0 0 0 0 0 0 0 0 0 0
0 0 0 2 0 0 0 3 1 0 0 3 0 1 0 0 0 1 0 0 2 1 0 0 0 0 0 0 0 0 0 0 0 0
0 0 0 1 0 0 0 1 2 3 0 0 2 3 0 0 0 0 0 0 3 1 0 0 0 0 0 0 0 0 0 0 0 0
0 0 0 0 6 0 0 1 0 2 3 7 0 3 0 0 0 0 0 0 3 2 0 0 0 0 0 0 0 0 0 0 0 0
0 0 0 0 0 0 0 1 0 1 0 0 3 2 0 0 0 0 0 0 1 1 0 0 0 0 0 0 0 0 0 0 0 0
0 0 0 4 0 0 0 2 1 2 0 3 0 0 0 0 1 0 0 0 2 2 0 0 0 0 0 0 0 0 0 0 0 0
0 0 0 3 2 0 0 3 0 0 1 1 0 1 0 0 0 0 0 1 4 2 0 0 0 0 0 0 0 0 0 0 0 0
0 0 0 0 0 0 0 0 1 2 0 3 0 0 0 0 0 0 0 0 2 1 0 0 0 0 0 0 0 0 0 0 0 0
1 0 0 0 1 0 0 0 0 0 0 2 0 2 0 0 0 0 0 0 2 2 0 0 0 0 0 0 0 0 0 0 0 0
0 0 0 1 2 0 0 0 1 2 0 3 0 1 0 0 0 0 0 0 4 1 0 0 0 0 0 0 0 0 0 0 0 0
0 0 0 1 6 0 0 1 0 2 2 6 0 5 0 0 0 1 0 0 3 2 0 0 0 0 0 0 0 0 0 0 0 0
0 0 0 0 3 1 0 0 0 1 1 3 0 1 0 0 0 0 0 0 4 1 0 0 0 0 0 0 0 0 0 0 0 0
0 0 0 0 5 0 0 4 0 2 2 6 0 3 0 0 0 0 0 0 3 2 0 0 0 0 0 0 0 0 0 0 0 0
1 0 0 2 1 0 0 0 0 0 0 0 0 4 0 0 0 0 0 0 2 2 0 0 0 0 0 0 0 0 0 0 0 0
1 0 0 0 1 0 0 0 2 0 1 0 0 55 0 0 0 1 0 0 2 1 0 0 0 0 0 0 0 0 0 0 0 0
1 0 0 0 1 0 0 0 0 0 0 1 0 2 0 0 0 0 0 0 2 2 0 0 0 0 0 0 0 0 0 0 0 1
0 0 0 1 1 0 0 1 1 1 0 2 1 0 0 0 0 0 0 0 1 2 0 0 0 0 0 0 0 0 0 0 0 0
0 0 0 3 0 0 0 3 0 0 0 5 0 3 0 0 0 0 0 0 2 1 0 0 0 0 0 0 0 0 0 0 0 0
0 0 0 1 0 0 0 2 1 1 0 0 0 0 0 0 0 0 0 0 2 1 0 0 0 0 0 0 0 0 0 1 0 0
0 0 0 0 3 1 0 0 0 1 1 3 0 1 0 0 0 0 0 0 4 1 0 0 0 0 0 0 0 0 0 0 0 0
0 0 0 0 2 0 0 3 1 2 1 0 0 1 0 0 0 0 0 0 1 2 0 0 0 0 0 0 0 0 0 0 0 0
0 0 0 0 0 0 0 1 4 2 0 0 1 1 0 0 0 0 0 0 2 2 0 0 0 0 0 0 0 0 0 0 0 0
0 0 0 1 1 0 0 0 0 2 0 0 1 0 0 0 0 0 0 0 1 1 0 0 0 0 0 0 0 0 0 0 0 0
0 0 0 5 1 0 0 2 1 0 0 5 0 5 0 0 0 4 0 2 3 6 0 0 0 0 0 0 0 0 0 0 0 0
1 0 0 0 0 0 0 0 1 1 0 1 0 0 0 0 0 0 0 0 1 1 0 0 0 0 0 0 0 0 0 0 0 0
0 0 0 2 0 0 0 6 3 1 0 1 0 4 0 0 0 0 0 0 2 2 0 0 0 0 0 0 0 0 0 0 0 0
0 0 0 1 6 0 0 0 0 1 1 0 0 7 0 0 0 0 0 0 1 7 0 0 0 0 0 0 0 0 0 1 0 0
1 0 0 0 1 0 0 0 0 0 0 2 0 2 0 0 0 0 0 0 2 2 0 0 0 0 0 0 0 0 0 0 0 0
0 0 0 1 1 0 0 0 3 1 0 0 0 2 0 0 0 0 0 0 2 1 0 0 0 0 0 0 0 0 0 0 0 0
0 0 0 1 3 1 0 0 0 1 1 2 0 2 0 0 0 1 0 0 4 1 0 0 0 0 0 0 0 0 0 0 0 0
1 0 0 0 1 0 0 0 0 0 0 2 0 2 0 0 0 0 0 0 2 2 0 0 0 0 0 0 0 0 0 0 0 0
0 0 0 2 0 0 0 6 2 1 0 4 2 0 0 0 0 0 0 0 2 2 0 0 0 0 0 0 0 0 0 0 0 0
0 0 0 2 3 0 0 1 0 0 1 3 0 1 0 0 0 0 0 0 4 1 0 0 0 0 0 0 0 0 0 0 0 0
0 0 0 1 3 1 0 1 1 4 0 0 0 1 0 0 0 0 0 0 3 2 0 0 0 0 0 0 0 0 0 0 0 0
1 0 0 1 1 0 0 1 0 1 0 1 0 2 0 0 0 0 0 0 2 2 0 0 0 0 0 0 0 0 0 0 0 0
0 0 0 0 4 0 0 2 0 3 1 1 0 2 0 0 0 0 0 0 2 1 0 0 0 0 0 0 0 0 0 0 0 0
0 0 0 1 2 0 0 3 0 0 1 3 0 1 0 0 0 0 0 0 4 1 0 0 0 0 0 0 0 0 0 0 0 0
0 0 0 1 6 0 0 3 1 1 3 6 0 3 0 0 0 0 0 0 3 2 0 0 0 0 0 0 0 0 0 0 0 0
0 0 0 0 3 0 0 0 1 2 0 3 0 1 0 0 0 0 0 0 4 1 0 0 0 0 0 0 0 0 0 0 0 0
0 0 0 3 0 0 0 2 0 0 0 5 0 0 0 0 0 0 0 0 2 1 0 0 0 0 0 0 0 0 0 0 0 0
0 0 0 0 2 0 0 2 1 1 1 3 0 2 0 0 0 0 0 0 4 1 0 0 0 0 0 0 0 0 0 0 0 0
0 0 0 2 2 0 0 0 0 2 0 3 0 3 0 0 0 0 0 0 2 1 0 0 0 0 0 0 0 0 0 0 0 0
0 0 0 2 1 0 0 4 2 1 0 1 1 0 0 0 0 0 0 1 2 1 0 0 0 0 0 0 0 0 0 0 0 0
0 0 0 2 0 0 0 0 0 1 0 8 0 10 0 0 0 3 0 0 3 4 0 0 0 0 0 0 0 0 0 0 0 0
1 0 0 0 1 0 0 0 0 0 0 2 0 2 0 0 0 0 0 0 2 2 0 0 0 0 0 0 0 0 0 0 0 0
0 0 0 2 1 0 0 3 0 0 0 14 0 1 0 0 0 1 0 2 3 4 0 0 0 0 0 0 0 0 0 0 0 0
1 0 0 1 0 0 0 2 0 1 0 0 1 0 0 0 0 0 0 0 2 1 0 0 0 0 0 0 0 0 0 0 0 0
0 0 0 0 0 0 0 2 0 0 0 9 0 0 0 0 0 0 0 0 2 1 0 0 0 0 0 0 0 0 0 0 0 0
1 0 0 1 0 0 0 1 0 0 0 0 0 65 0 0 0 1 0 0 2 1 0 0 0 0 0 0 0 0 0 0 0 0
1 0 0 0 1 0 0 0 0 0 0 2 0 2 0 0 0 0 0 0 2 2 0 0 0 0 0 0 0 0 0 0 0 0
1 0 0 0 1 0 0 0 0 0 0 2 0 2 0 0 0 0 0 0 2 2 0 0 0 0 0 0 0 0 0 0 0 0
1 0 0 2 1 0 0 1 1 0 0 0 0 3 0 0 0 1 0 0 2 2 0 0 0 0 0 0 0 0 0 0 0 0
0 0 0 3 1 0 0 6 0 0 0 9 0 4 0 0 0 0 0 1 3 4 0 0 0 0 0 0 0 0 0 0 0 0
1 0 0 0 1 0 0 0 0 0 0 2 0 2 0 0 0 0 0 0 2 2 0 0 0 0 0 0 0 0 0 0 0 0
0 0 0 1 0 0 0 0 2 0 0 9 0 7 0 1 0 0 0 0 3 2 0 0 0 0 0 0 0 0 0 0 0 0
0 0 0 0 4 0 0 1 2 1 1 2 0 1 0 0 0 0 0 0 4 1 0 0 0 0 0 0 0 0 0 0 0 0
0 0 0 1 0 0 0 2 1 3 0 0 1 0 0 0 0 0 0 0 2 1 0 0 0 0 0 0 0 0 0 0 0 0
0 0 0 0 2 0 0 1 1 2 0 3 0 5 0 0 0 0 0 1 3 1 0 0 0 0 0 0 0 0 0 0 0 0
0 0 0 0 2 0 0 0 0 2 2 3 0 1 0 0 0 0 0 0 4 1 0 0 0 0 0 0 0 0 0 0 0 0
0 0 0 0 3 0 0 0 0 4 1 3 0 1 0 0 0 0 0 0 4 1 0 0 0 0 0 0 0 0 0 0 0 0
0 0 0 1 0 0 0 2 1 0 0 9 0 8 0 0 0 0 0 0 3 2 0 0 0 0 0 0 0 0 0 0 0 0
0 0 0 1 0 0 0 0 0 0 0 16 0 3 0 0 0 1 0 0 4 1 0 0 0 0 0 0 0 0 0 0 0 0
0 0 0 4 0 0 0 4 0 1 0 9 0 3 0 0 0 3 0 1 3 4 0 0 0 0 0 0 0 0 0 0 0 0
0 0 0 5 0 0 0 3 0 0 0 9 1 2 0 0 0 1 0 2 3 4 0 0 0 0 0 0 0 0 0 0 0 0
1 1 0 0 2 0 0 2 0 1 0 0 0 1 0 0 0 0 0 0 3 1 0 0 0 0 0 0 0 0 0 1 0 0
0 0 0 1 0 0 0 4 4 0 0 10 0 1 0 0 0 1 0 0 3 2 0 0 0 0 0 0 0 0 0 0 0 2
0 0 0 2 3 0 0 2 3 1 1 0 0 1 0 0 0 0 0 0 2 1 0 0 0 0 0 0 0 0 0 0 0 0
1 0 0 1 1 0 0 1 0 3 0 1 0 2 0 0 0 0 0 0 2 2 0 0 0 0 0 0 0 0 0 0 0 0
0 0 0 5 1 0 0 1 2 0 0 4 0 7 0 2 0 0 0 0 3 5 0 0 0 0 0 0 0 0 0 0 0 0
1 0 0 1 0 0 0 1 0 1 1 0 0 25 0 0 0 1 0 0 2 1 0 0 0 0 0 0 0 0 0 0 0 0
0 0 0 2 0 0 0 3 2 1 0 0 0 1 0 0 0 0 0 0 1 2 0 0 0 0 0 0 0 0 0 0 0 0
0 0 0 1 2 0 0 0 0 2 1 3 0 1 0 0 0 0 0 0 4 1 0 0 0 0 0 0 0 0 0 0 0 0
0 0 0 0 2 0 0 0 0 0 0 6 0 3 0 0 0 0 0 0 2 1 0 0 0 0 0 0 0 0 0 0 0 0
0 0 0 1 0 0 0 1 1 1 0 0 0 0 0 0 0 0 0 0 1 1 0 0 0 0 0 0 0 0 0 0 0 0
0 0 0 4 0 0 0 0 0 0 0 6 0 11 0 0 0 6 0 0 3 6 0 0 0 0 0 0 0 0 0 0 0 0
1 0 0 0 1 0 0 0 0 0 0 2 0 2 0 0 0 0 0 0 2 2 0 0 0 0 0 0 0 0 0 0 0 0
0 0 0 1 6 0 1 2 0 1 0 0 0 4 0 0 0 2 0 0 2 2 0 0 0 0 0 0 0 0 0 0 0 0
1 0 0 0 1 0 0 0 0 0 0 2 0 2 0 0 0 0 0 0 2 2 0 0 0 0 0 0 0 0 0 0 0 0
1 0 0 0 2 0 0 1 0 0 0 1 0 2 0 0 0 0 0 0 2 2 0 0 0 0 0 0 0 0 0 0 0 0
0 0 0 0 0 0 0 1 0 0 0 12 0 6 0 0 0 0 0 0 3 2 0 0 0 0 0 0 0 0 0 0 0 0
0 0 0 0 2 0 0 0 1 2 1 3 0 1 0 0 0 0 0 0 4 1 0 0 0 0 0 0 0 0 0 0 0 0
0 0 0 3 2 0 0 1 1 1 1 2 0 3 0 0 0 0 0 0 2 1 0 0 0 0 0 0 0 0 0 0 0 0
0 0 0 0 1 0 0 4 0 2 0 0 0 1 0 0 0 0 0 0 2 1 0 0 0 0 0 0 0 0 0 1 0 0
0 0 0 3 0 0 0 2 0 0 0 3 0 2 0 0 0 2 0 0 2 1 0 0 0 0 0 0 0 0 0 0 0 0
0 0 0 2 0 0 0 4 1 0 0 4 0 0 0 0 0 0 0 1 2 1 0 0 0 0 0 0 0 0 0 0 0 0
0 0 0 0 6 0 0 2 0 1 3 7 0 3 0 0 0 0 0 0 3 2 0 0 0 0 0 0 0 0 0 0 0 0
0 0 0 1 0 0 0 3 0 1 0 0 1 0 0 0 0 0 0 0 1 1 0 0 0 0 0 0 0 0 0 0 0 0
0 0 0 3 2 0 0 1 0 0 0 14 0 3 0 2 0 1 0 1 3 4 0 0 0 0 0 0 0 0 0 0 0 0
0 0 0 0 2 0 0 0 1 2 1 3 0 1 0 0 0 0 0 0 4 1 0 0 0 0 0 0 0 0 0 0 0 0
0 0 0 0 0 0 0 1 1 1 0 3 0 0 0 0 0 0 0 2 1 1 0 0 0 0 0 0 0 0 0 0 0 0
0 0 0 1 0 0 0 3 0 0 0 6 0 1 0 1 0 0 0 0 2 1 0 0 0 0 0 0 0 0 0 0 0 0
0 0 0 5 0 0 0 2 1 2 0 2 0 0 0 0 0 0 0 0 2 2 0 0 0 0 0 0 0 0 0 0 0 0
0 0 0 2 4 0 0 2 0 0 1 2 0 2 0 0 0 0 0 0 4 1 0 0 0 0 0 0 0 0 0 0 0 0
0 0 0 0 2 0 0 0 0 4 0 3 0 1 0 0 0 0 0 0 4 1 0 0 0 0 0 0 0 0 0 0 0 0
1 0 0 0 1 0 0 0 0 0 0 2 0 2 0 0 0 0 0 0 2 2 0 0 0 0 0 0 0 0 0 0 0 0
0 0 0 1 2 0 0 0 1 1 1 7 0 5 0 0 0 0 0 1 3 2 0 0 0 0 0 0 0 0 0 0 0 1
0 0 0 1 0 0 0 1 0 0 0 11 0 1 0 0 0 0 0 1 3 1 0 0 0 0 0 0 0 0 0 0 0 0
0 0 0 2 2 0 0 2 0 0 0 2 0 1 0 0 0 0 0 0 2 1 0 0 0 0 0 0 0 0 0 0 0 0
0 0 0 1 2 0 0 3 1 0 1 13 0 2 0 0 0 0 0 3 3 4 0 0 0 0 0 0 0 0 0 0 0 1
1 0 0 0 1 0 0 0 0 0 0 2 0 2 0 0 0 0 0 0 2 2 0 0 0 0 0 0 0 0 0 0 0 0
0 0 0 0 0 0 0 6 0 2 0 14 0 0 0 0 0 0 0 1 3 2 0 0 0 0 0 0 0 0 0 0 0 0
0 0 0 0 0 0 0 1 1 2 0 8 1 1 0 0 0 0 0 0 2 2 0 0 0 0 0 0 0 0 0 0 0 0
0 0 0 1 6 0 0 1 1 3 3 6 0 3 0 0 0 0 0 0 3 2 0 0 0 0 0 0 0 0 0 0 0 0
1 0 0 0 1 0 0 0 0 0 0 2 0 2 0 0 0 0 0 0 2 2 0 0 0 0 0 0 0 0 0 0 0 0
0 0 0 2 2 0 0 3 0 0 0 6 0 1 0 0 0 0 0 0 2 3 0 0 0 0 0 0 0 0 0 0 0 0
0 0 0 0 4 0 0 2 0 1 2 1 0 2 0 0 0 0 0 1 2 1 0 0 0 0 0 0 0 0 0 0 0 0
0 0 0 3 0 0 0 5 1 2 0 0 2 5 0 0 0 0 0 0 3 3 0 0 0 0 0 0 0 0 0 0 0 0
1 0 0 0 1 0 0 0 0 0 0 1 0 2 0 0 0 0 0 0 2 2 0 0 0 0 0 0 0 0 0 0 0 1
0 0 0 3 1 1 0 3 0 0 1 9 0 3 0 0 0 0 1 0 3 4 0 0 0 0 0 0 0 0 0 0 0 0
1 0 0 0 1 0 0 0 0 0 0 2 0 2 0 0 0 0 0 0 2 2 0 0 0 0 0 0 0 0 0 0 0 0
1 0 0 0 2 0 0 1 0 0 0 1 0 2 0 0 0 1 0 0 2 2 0 0 0 0 0 0 0 0 0 0 0 0
0 0 0 0 3 0 0 0 1 4 2 7 0 2 0 0 0 0 0 0 3 2 0 0 0 0 0 0 0 0 0 0 0 0
0 0 0 1 6 0 0 1 0 2 3 6 0 4 0 0 0 0 0 0 3 2 0 0 0 0 0 0 0 0 0 0 0 0
0 0 0 1 0 0 0 2 0 1 0 8 1 0 0 0 0 0 0 0 2 2 0 0 0 0 0 0 0 0 0 0 0 0
0 0 0 1 2 0 0 0 1 2 0 3 0 1 0 0 0 0 0 0 4 1 0 0 0 0 0 0 0 0 0 0 0 0
0 0 0 2 0 0 0 5 0 0 0 5 0 2 0 0 0 0 0 0 2 3 0 0 0 0 0 0 0 0 0 0 0 0
0 0 0 1 0 0 0 1 4 1 0 0 4 15 0 0 0 0 0 0 3 3 0 0 0 0 0 0 0 0 0 0 0 0
1 0 0 0 0 0 0 1 1 0 1 3 0 0 0 0 0 0 0 0 2 1 0 0 0 0 0 0 0 0 0 0 0 0
0 0 0 6 2 0 0 2 0 1 0 10 0 3 0 0 0 4 0 0 3 5 0 0 0 0 0 0 0 0 0 0 0 0
1 0 0 0 0 0 0 0 1 1 0 1 0 0 0 0 0 0 0 0 1 1 0 0 0 0 0 0 0 0 0 0 0 0
0 0 0 0 1 0 0 2 1 1 0 0 0 2 0 0 0 0 0 0 1 1 0 0 0 0 0 0 0 0 0 0 0 0
0 0 0 3 4 0 0 3 0 0 0 8 0 3 0 0 0 1 0 0 4 3 0 0 0 0 0 0 0 0 0 0 0 0
1 0 0 0 2 0 0 0 0 0 0 1 0 2 0 0 0 1 0 0 2 2 0 0 0 0 0 0 0 0 0 0 0 0
0 0 0 0 0 0 0 2 0 2 0 3 0 4 0 0 0 1 0 0 2 1 0 0 0 0 0 0 0 0 0 0 0 0
1 0 0 1 1 0 0 1 0 0 0 1 0 2 0 0 0 0 0 0 2 2 0 0 0 0 0 0 0 0 0 0 0 0
0 0 0 0 0 0 0 0 0 0 0 10 0 9 0 0 0 0 0 0 3 2 0 0 0 0 0 0 0 0 0 0 0 0
1 0 0 0 1 0 0 0 0 0 0 2 0 2 0 0 0 0 0 0 2 2 0 0 0 0 0 0 0 0 0 0 0 0
0 0 0 0 1 0 0 2 1 3 1 0 1 4 0 0 0 0 0 0 2 2 0 0 0 0 0 0 0 0 0 0 0 1
1 0 0 0 1 0 0 0 0 0 0 2 0 2 0 0 0 0 0 0 2 2 0 0 0 0 0 0 0 0 0 0 0 0
1 0 0 1 0 0 0 0 1 2 0 0 0 0 0 0 0 0 0 0 2 1 0 0 0 0 0 0 0 0 0 0 0 0
1 0 0 0 1 0 0 0 0 0 0 2 0 2 0 0 0 0 0 0 2 2 0 0 0 0 0 0 0 0 0 0 0 0
0 0 0 3 0 0 0 2 2 0 0 6 0 0 0 0 0 0 0 0 2 1 0 0 0 0 0 0 0 0 0 0 0 0
1 0 0 0 1 0 0 0 0 0 0 2 0 2 0 0 0 0 0 0 2 2 0 0 0 0 0 0 0 0 0 0 0 0
0 0 0 3 1 0 0 3 1 0 0 1 0 2 0 0 0 2 0 0 2 2 0 0 0 0 0 0 0 0 0 0 0 0
0 0 0 2 0 0 0 0 0 0 0 9 0 0 0 0 0 0 0 0 2 1 0 0 0 0 0 0 0 0 0 0 0 0
0 0 0 0 0 0 0 2 0 0 0 8 0 0 0 0 0 1 0 0 2 1 0 0 0 0 0 0 0 0 0 0 0 0
0 0 0 0 1 0 0 3 0 1 0 1 0 0 0 0 0 0 0 0 2 1 0 0 0 0 0 0 0 0 0 0 0 0
1 0 0 0 0 0 0 0 0 1 0 3 0 2 0 0 0 1 0 0 1 3 0 0 0 0 0 0 0 0 0 0 0 0
1 0 0 0 0 0 0 2 2 1 0 0 3 1 0 0 0 0 0 0 2 3 0 0 0 0 0 0 0 0 0 0 0 0
0 0 0 3 3 0 0 5 1 3 2 3 2 3 0 0 0 0 0 0 3 4 0 0 0 0 0 0 0 0 0 0 0 0
0 0 0 0 2 0 0 1 0 3 1 0 0 2 0 0 0 0 0 1 2 1 0 0 0 0 0 0 0 0 0 0 0 0
0 0 0 1 0 0 0 1 1 2 0 0 1 0 0 0 0 0 0 0 1 1 0 0 0 0 0 0 0 0 0 0 0 0
0 0 0 2 3 0 0 5 0 2 0 1 0 1 0 0 0 0 0 0 4 3 0 0 0 0 0 0 0 0 0 0 0 0
0 0 0 0 1 0 0 0 0 0 0 17 0 1 0 0 0 1 0 0 3 2 0 0 0 0 0 0 0 0 0 0 0 0
0 0 0 0 0 1 0 1 5 2 0 0 2 0 0 0 0 0 0 0 2 2 0 0 0 0 0 0 0 0 0 0 0 0
0 0 0 3 0 0 0 3 0 0 0 6 0 11 0 0 0 1 0 0 3 4 0 0 0 0 0 0 0 0 0 0 0 0
1 0 0 0 1 0 0 0 0 0 0 2 0 2 0 0 0 0 0 0 2 2 0 0 0 0 0 0 0 0 0 0 0 0
0 0 0 3 0 0 0 5 2 1 0 10 0 1 0 0 0 0 0 0 3 3 0 0 0 0 0 0 0 0 0 0 0 0
0 0 0 0 0 0 0 0 0 0 0 10 0 9 0 0 0 0 0 0 3 2 0 0 0 0 0 0 0 0 0 0 0 0
0 0 0 1 2 0 0 0 1 2 1 2 0 1 0 0 0 1 0 0 4 2 0 0 0 0 0 0 0 0 0 0 0 0
0 0 0 0 0 0 0 0 1 3 0 3 0 0 0 0 0 0 0 0 1 1 0 0 0 0 0 0 0 0 0 0 0 0
0 0 0 1 5 0 0 4 0 3 0 2 0 5 0 0 0 1 0 0 4 1 0 0 0 0 0 0 0 0 0 0 0 0
0 0 0 2 3 0 0 1 0 2 1 0 0 2 0 0 0 0 0 0 4 2 0 0 0 0 0 0 0 0 0 0 0 0
0 0 0 0 3 0 0 0 1 2 0 3 0 1 0 0 0 0 0 0 4 1 0 0 0 0 0 0 0 0 0 0 0 0
0 0 0 0 0 0 0 1 2 1 0 1 0 1 0 0 0 0 0 0 1 1 0 0 0 0 0 0 0 0 0 0 0 0
0 0 0 0 6 0 0 2 0 1 3 7 0 3 0 0 0 0 0 0 3 2 0 0 0 0 0 0 0 0 0 0 0 0
1 0 0 0 1 0 0 2 0 0 0 0 1 1 0 0 0 0 0 0 2 2 0 0 0 0 0 0 0 0 0 0 0 0
0 0 0 0 2 0 0 2 0 1 1 1 0 2 0 0 0 1 0 0 2 1 0 0 0 0 0 0 0 0 0 0 0 0
1 0 0 0 1 0 0 0 0 0 0 2 0 2 0 0 0 0 0 0 2 2 0 0 0 0 0 0 0 0 0 0 0 0
0 0 0 1 0 0 0 0 2 4 0 0 0 0 0 0 0 0 0 0 2 1 0 0 0 0 0 0 0 0 0 1 0 0
0 0 0 1 4 0 0 1 3 2 0 0 0 1 0 0 0 0 0 3 2 3 0 0 0 0 0 0 0 0 0 0 0 0
1 0 0 0 1 0 0 0 0 0 0 2 0 2 0 0 0 0 0 0 2 2 0 0 0 0 0 0 0 0 0 0 0 0
0 0 0 0 2 1 0 0 0 1 2 3 0 1 0 0 0 0 0 0 4 1 0 0 0 0 0 0 0 0 0 0 0 0
0 0 0 3 2 0 0 1 0 0 1 3 0 1 0 0 0 0 0 0 4 1 0 0 0 0 0 0 0 0 0 0 0 0
0 0 0 4 0 0 0 3 0 2 0 5 0 0 0 0 0 2 0 0 2 2 0 0 0 0 0 0 0 0 0 0 0 0
1 0 0 0 1 0 0 0 0 0 0 2 0 2 0 0 0 0 0 0 2 2 0 0 0 0 0 0 0 0 0 0 0 0
1 0 0 0 1 0 0 0 0 0 0 1 0 2 0 0 0 0 0 0 2 2 0 0 0 0 0 0 0 0 0 0 0 1
0 0 0 2 2 0 0 0 0 0 0 8 0 1 0 0 0 1 0 2 3 1 0 0 0 0 0 0 0 0 0 0 0 0
1 0 0 1 1 0 0 0 0 0 0 1 0 3 0 0 0 0 0 0 2 2 0 0 0 0 0 0 0 0 0 0 0 0
0 0 0 2 2 0 0 0 0 4 0 1 0 2 0 0 0 1 0 1 4 1 0 0 0 0 0 0 0 0 0 0 0 0
0 0 0 1 1 0 0 4 2 2 0 0 2 2 0 0 0 0 0 0 2 3 0 0 0 0 0 0 0 0 0 0 0 0
0 0 0 1 3 0 0 1 3 3 0 0 0 1 0 0 0 0 0 0 2 2 0 0 0 0 0 0 0 0 0 0 0 0
1 0 0 1 1 0 0 1 1 0 0 1 0 2 0 0 0 0 0 0 2 2 0 0 0 0 0 0 0 0 0 0 0 0
0 0 0 1 0 0 0 4 1 0 0 3 1 2 0 0 0 0 0 0 3 1 0 0 0 0 0 0 0 0 0 0 0 0
0 0 0 0 0 0 0 5 0 1 0 0 1 0 0 2 0 0 0 0 1 1 0 0 0 0 0 0 0 0 0 0 0 0
1 0 0 0 1 0 0 2 2 1 0 0 1 1 0 0 0 0 0 0 2 3 0 0 0 0 0 0 0 0 0 0 0 0
1 0 0 0 2 0 0 1 1 0 0 1 0 2 0 0 0 0 0 0 2 2 0 0 0 0 0 0 0 0 0 0 0 0
0 0 0 1 0 0 0 1 1 2 0 0 1 0 0 0 0 0 0 0 1 1 0 0 0 0 0 0 0 0 0 0 0 0
0 0 0 1 0 0 0 2 0 0 0 7 0 2 0 0 0 1 0 0 2 1 0 0 0 0 0 0 0 0 0 0 0 0
1 0 0 1 1 0 0 0 0 0 0 1 0 3 0 0 0 0 0 0 2 2 0 0 0 0 0 0 0 0 0 0 0 0
0 0 0 0 2 0 0 0 0 4 0 3 0 1 0 0 0 0 0 0 4 1 0 0 0 0 0 0 0 0 0 0 0 0
0 0 0 0 1 0 0 3 0 3 0 1 3 2 0 0 0 0 0 0 3 2 0 0 0 0 0 0 0 0 0 0 0 0
0 0 0 2 0 0 0 1 1 0 1 4 0 0 0 0 0 0 0 0 1 1 0 0 0 0 0 0 0 0 0 0 0 0
0 0 0 1 3 0 0 0 0 3 0 2 0 1 0 0 0 0 0 1 4 2 0 0 0 0 0 0 0 0 0 0 0 0
1 0 0 0 0 0 0 0 1 2 0 1 0 0 0 0 0 0 0 0 1 1 0 0 0 0 0 0 0 0 0 0 0 0
0 0 0 0 2 0 0 3 1 2 0 0 6 2 0 0 0 0 0 0 3 2 0 0 0 0 0 0 0 0 0 0 0 0
0 0 0 0 1 0 0 1 1 4 1 0 1 2 0 0 0 0 0 0 3 1 0 0 0 0 0 0 0 0 0 1 0 0
0 0 0 2 0 0 0 6 3 0 0 9 0 2 0 0 0 0 0 2 3 5 0 0 0 0 0 0 0 0 0 0 0 0
0 0 0 0 0 0 0 1 2 1 0 8 2 1 0 0 0 0 0 0 2 3 0 0 0 0 0 0 0 0 0 0 0 0
0 1 0 1 0 0 0 1 0 1 0 0 0 0 0 0 0 0 0 0 1 1 0 0 0 0 0 0 0 0 0 0 0 0
0 0 0 2 6 0 0 4 0 1 3 5 0 5 0 0 0 0 0 0 3 2 0 0 0 0 0 0 0 0 0 0 0 0
1 0 0 1 0 0 0 2 0 1 0 0 1 0 0 0 0 0 0 0 2 1 0 0 0 0 0 0 0 0 0 0 0 0
1 0 0 0 0 0 0 0 1 1 0 0 0 0 0 0 0 0 0 0 2 1 0 0 0 0 0 0 0 0 0 1 0 0
0 0 0 0 0 0 0 1 1 2 0 1 0 1 0 0 0 0 0 0 1 1 0 0 0 0 0 0 0 0 0 0 0 0
0 0 0 2 0 0 0 3 1 1 0 13 0 1 0 0 0 1 0 1 3 2 0 0 0 0 0 0 0 0 0 0 0 0
1 0 0 0 1 0 0 0 0 0 0 2 0 2 0 0 0 0 0 0 2 2 0 0 0 0 0 0 0 0 0 0 0 0
0 0 0 0 0 0 0 3 0 4 0 0 2 1 0 0 0 0 0 0 3 1 0 0 0 0 0 0 0 0 0 0 0 0
0 0 0 0 6 0 0 1 0 2 3 7 0 3 0 0 0 0 0 0 3 2 0 0 0 0 0 0 0 0 0 0 0 0
0 0 0 5 1 0 0 1 0 0 0 4 0 1 0 0 0 0 0 0 2 1 0 0 0 0 0 0 0 0 0 0 0 0
1 0 0 0 1 0 0 0 0 0 0 2 0 2 0 0 0 0 0 0 2 2 0 0 0 0 0 0 0 0 0 0 0 0
1 0 0 0 1 0 0 1 1 1 0 0 1 1 0 0 0 0 0 0 2 2 0 0 0 0 0 0 0 0 0 0 0 0
0 0 0 0 0 0 2 4 2 0 0 14 0 1 0 0 0 0 0 0 3 2 0 0 0 0 0 0 0 0 0 0 0 0
0 0 0 4 1 0 0 2 1 1 0 5 0 7 0 0 0 0 0 2 3 4 0 0 0 0 0 0 0 0 0 0 0 0
0 0 0 2 2 0 0 1 0 0 0 15 0 2 0 0 0 1 0 2 3 2 0 0 0 0 0 0 0 0 0 0 0 0
0 0 0 2 0 0 0 3 1 2 0 0 0 0 0 0 0 0 0 0 2 1 0 0 0 0 0 0 0 0 0 0 0 0
0 0 0 1 2 0 0 1 0 5 0 2 0 1 0 0 0 0 0 0 4 1 0 0 0 0 0 0 0 0 0 0 0 0
0 0 0 0 3 1 0 0 0 1 1 3 0 1 0 0 0 0 0 0 4 1 0 0 0 0 0 0 0 0 0 0 0 0
0 0 0 0 7 0 0 2 0 4 2 6 0 3 0 0 0 0 0 0 3 2 0 0 0 0 0 0 0 0 0 0 0 0
0 0 0 0 0 0 0 0 0 0 0 10 0 8 0 0 0 0 0 0 3 2 0 0 0 0 0 0 0 0 0 0 0 1
0 0 0 4 3 0 1 1 1 2 0 0 0 1 0 0 0 0 0 0 4 2 0 0 0 0 0 0 0 0 0 0 0 0
0 0 0 0 0 0 0 4 2 1 0 2 0 5 0 0 0 0 0 0 3 1 0 0 0 0 0 0 0 0 0 0 0 0
1 0 0 1 1 0 0 2 0 0 0 0 1 2 0 0 0 0 0 0 2 3 0 0 0 0 0 0 0 0 0 0 0 0
1 0 0 0 2 0 0 0 2 0 0 0 0 1 0 0 0 1 0 0 2 2 0 0 0 0 0 0 0 0 0 0 0 0
0 0 0 1 0 0 0 1 1 1 0 0 0 0 0 0 0 0 0 0 1 1 0 0 0 0 0 0 0 0 0 0 0 0
0 0 0 3 0 0 0 2 0 0 0 15 0 1 0 0 0 1 0 0 3 2 0 0 0 0 0 0 0 0 0 0 0 0
1 0 0 0 1 0 0 0 0 0 0 2 0 2 0 0 0 0 0 0 2 2 0 0 0 0 0 0 0 0 0 0 0 0
0 0 0 0 5 0 0 1 0 3 1 5 0 3 0 0 0 0 0 0 2 2 0 0 0 0 0 0 0 0 0 0 0 1
0 0 0 3 1 0 0 4 0 0 0 0 1 2 0 0 0 0 0 0 2 2 0 0 0 0 0 0 0 0 0 0 0 0
0 0 0 3 0 0 0 2 0 1 0 12 0 5 0 0 0 2 0 0 3 3 0 0 0 0 0 0 0 0 0 0 0 0
0 0 0 0 2 0 0 0 2 5 1 7 0 1 0 0 0 0 0 0 3 2 0 0 0 0 0 0 0 0 0 0 0 0
0 0 0 0 0 0 0 7 0 0 0 4 0 0 0 0 0 0 0 0 2 1 0 0 0 0 0 0 0 0 0 0 0 0
0 0 0 0 2 0 0 1 1 2 0 3 0 5 0 0 0 0 0 1 3 1 0 0 0 0 0 0 0 0 0 0 0 0
0 0 0 0 0 0 0 3 2 1 0 0 0 2 0 0 0 0 0 0 1 2 0 0 0 0 0 0 0 0 0 0 0 0
0 0 0 0 2 0 0 0 0 3 1 3 0 1 0 0 0 0 0 0 4 1 0 0 0 0 0 0 0 0 0 0 0 0
1 0 0 0 1 0 0 0 0 0 0 2 0 2 0 0 0 0 0 0 2 2 0 0 0 0 0 0 0 0 0 0 0 0
1 0 0 0 1 0 0 0 0 0 0 2 0 2 0 0 0 0 0 0 2 2 0 0 0 0 0 0 0 0 0 0 0 0
0 0 0 0 0 0 0 3 0 4 0 1 4 1 0 0 0 0 0 0 3 2 0 0 0 0 0 0 0 0 0 0 0 0
0 0 0 0 0 0 0 2 3 2 0 8 2 1 0 0 0 0 0 0 2 4 0 0 0 0 0 0 0 0 0 0 0 0
0 0 0 0 0 0 0 3 2 3 0 0 2 0 0 0 0 0 0 0 2 2 0 0 0 0 0 0 0 0 0 0 0 0
1 0 0 0 1 0 0 0 0 0 0 2 0 2 0 0 0 0 0 0 2 2 0 0 0 0 0 0 0 0 0 0 0 0
0 0 0 2 0 0 1 6 1 1 0 5 1 0 0 0 0 0 0 1 3 2 0 0 0 0 0 0 0 0 0 0 0 0
0 0 0 3 2 0 0 1 0 0 1 3 0 1 0 0 0 0 0 0 4 1 0 0 0 0 0 0 0 0 0 0 0 0
0 0 0 1 2 0 0 0 2 5 1 6 0 2 0 0 0 0 0 0 3 2 0 0 0 0 0 0 0 0 0 0 0 0
0 0 0 3 2 0 0 1 0 1 0 3 0 1 0 0 0 0 0 0 4 1 0 0 0 0 0 0 0 0 0 0 0 0
0 0 0 0 4 0 0 4 0 1 2 7 0 2 0 0 0 0 0 0 3 2 0 0 0 0 0 0 0 0 0 0 0 0
0 0 0 1 1 0 0 0 0 1 0 6 0 0 0 0 0 0 0 0 2 1 0 0 0 0 0 0 0 0 0 0 0 0
0 0 0 2 2 0 0 2 0 2 1 2 0 1 0 0 0 0 0 0 4 1 0 0 0 0 0 0 0 0 0 0 0 0
0 0 0 1 2 0 0 3 0 2 1 2 0 7 0 0 0 1 0 0 4 1 0 0 0 0 0 0 0 0 0 0 0 0
0 0 0 1 0 0 0 2 0 0 0 6 0 2 0 0 0 0 0 1 2 1 0 0 0 0 0 0 0 0 0 0 0 0
0 0 0 1 0 1 0 2 1 2 0 0 1 1 0 0 0 0 0 0 2 1 0 0 0 0 0 0 0 0 0 0 0 0
0 0 0 1 0 0 0 3 2 0 0 9 0 6 0 0 0 1 0 0 3 2 0 0 0 0 0 0 0 0 0 0 0 1
0 0 0 0 2 0 0 0 0 2 2 3 0 1 0 0 0 0 0 0 4 1 0 0 0 0 0 0 0 0 0 0 0 0
0 0 0 3 1 0 0 2 0 1 0 4 2 0 0 0 0 0 0 0 2 2 0 0 0 0 0 0 0 0 0 0 0 0
0 0 0 0 0 0 0 1 2 0 0 9 0 6 0 0 0 0 0 1 3 2 0 0 0 0 0 0 0 0 0 0 0 0
0 0 0 1 0 0 0 3 0 4 0 0 1 1 0 0 0 0 0 0 2 1 0 0 0 0 0 0 0 0 0 0 0 0
0 0 0 0 0 0 0 3 0 5 0 0 4 2 0 0 0 0 0 0 3 3 0 0 0 0 0 0 0 0 0 0 0 0
0 0 0 0 0 0 0 1 4 1 0 0 0 0 0 0 0 0 0 2 1 2 0 0 0 0 0 0 0 0 0 0 0 0
1 0 0 0 1 0 0 0 0 0 0 2 0 2 0 0 0 0 0 0 2 2 0 0 0 0 0 0 0 0 0 0 0 0
0 0 0 0 0 0 0 3 0 2 0 0 0 32 0 0 0 0 0 0 2 1 0 0 0 0 0 0 0 0 0 0 0 0
1 0 0 0 1 0 0 0 0 0 0 2 0 2 0 0 0 0 0 0 2 2 0 0 0 0 0 0 0 0 0 0 0 0
0 0 0 1 3 0 0 0 3 1 1 1 0 1 0 0 0 0 0 0 2 1 0 0 0 0 0 0 0 0 0 0 0 0
0 0 0 0 0 0 0 1 4 2 1 0 3 6 0 0 0 0 0 0 3 2 0 0 0 0 0 0 0 0 0 0 0 0
1 0 0 3 1 0 0 1 2 1 2 3 0 65 0 0 0 2 0 1 2 8 0 0 0 0 0 0 0 0 0 0 0 0
0 0 0 0 0 0 0 2 1 1 0 0 1 2 0 0 0 0 0 0 1 1 0 0 0 0 0 0 0 0 0 0 0 0
0 0 0 0 1 0 0 3 0 1 0 5 0 2 0 0 0 0 0 0 3 1 0 0 0 0 0 0 0 0 0 0 0 0
0 0 0 1 1 0 0 2 1 1 0 4 0 0 0 0 0 0 0 0 2 1 0 0 0 0 0 0 0 0 0 0 0 0
1 1 0 0 1 1 0 1 0 1 0 0 0 0 0 0 0 0 0 0 2 1 0 0 0 0 0 0 0 0 0 0 0 0
0 0 0 3 2 0 0 1 1 1 1 2 0 3 0 0 0 0 0 0 2 1 0 0 0 0 0 0 0 0 0 0 0 0
1 0 0 0 0 0 0 0 1 1 0 1 0 0 0 0 0 0 0 0 1 1 0 0 0 0 0 0 0 0 0 0 0 0
0 0 0 3 6 0 1 1 0 2 1 5 0 5 0 0 0 2 0 0 3 2 0 0 0 0 0 0 0 0 0 0 0 0
0 0 0 2 4 0 0 8 0 3 1 4 0 3 0 0 0 0 0 0 3 4 0 0 0 0 0 0 0 0 0 0 0 0
0 0 0 3 0 0 0 1 1 0 0 8 0 0 0 0 0 0 0 0 2 1 0 0 0 0 0 0 0 0 0 0 0 0
1 0 0 0 1 0 0 0 0 2 0 2 0 2 0 0 0 0 0 0 2 2 0 0 0 0 0 0 0 0 0 0 0 0
0 0 0 0 0 0 0 2 0 0 0 3 0 5 0 0 0 0 0 0 2 1 0 0 0 0 0 0 0 0 0 0 0 1
0 0 0 1 0 0 0 0 0 2 1 3 0 1 0 0 0 1 0 0 3 1 0 0 0 0 0 0 0 0 0 0 0 0
0 0 0 2 2 0 0 2 2 1 0 3 0 2 0 0 0 0 0 0 2 2 0 0 0 0 0 0 0 0 0 0 0 0
0 0 0 2 1 0 0 0 0 1 0 14 0 0 0 0 0 2 0 1 3 3 0 0 0 0 0 0 0 0 0 0 0 1
0 0 0 1 1 0 0 1 0 3 1 0 0 1 0 0 0 0 0 0 2 1 0 0 0 0 0 0 0 0 0 0 0 0
0 0 0 0 0 0 0 0 0 0 0 10 0 9 0 0 0 0 0 0 3 2 0 0 0 0 0 0 0 0 0 0 0 0
0 0 0 0 0 0 0 1 4 2 0 4 1 1 0 0 0 0 0 0 2 2 0 0 0 0 0 0 0 0 0 0 0 0
0 0 0 1 0 0 0 1 1 1 0 0 0 0 0 0 0 0 0 0 1 1 0 0 0 0 0 0 0 0 0 0 0 0
0 0 0 0 0 0 2 5 1 0 0 15 0 0 0 0 0 0 0 0 3 2 0 0 0 0 0 0 0 0 0 0 0 0
0 0 0 0 1 0 0 3 0 1 0 1 0 0 0 0 0 0 0 0 2 1 0 0 0 0 0 0 0 0 0 0 0 0
0 0 0 1 2 1 0 0 0 1 1 3 0 1 0 0 0 0 0 0 4 1 0 0 0 0 0 0 0 0 0 0 0 0
0 0 0 4 0 0 0 3 0 0 0 6 0 1 0 0 0 0 0 0 2 3 0 0 0 0 0 0 0 0 0 0 0 0
1 0 0 0 0 0 0 0 1 1 0 1 0 0 0 0 0 0 0 0 1 1 0 0 0 0 0 0 0 0 0 0 0 0
0 0 0 3 0 0 0 2 0 0 0 7 0 10 0 0 0 3 0 0 3 4 0 0 0 0 0 0 0 0 0 0 0 0
0 0 0 5 0 0 0 3 0 0 0 4 0 0 0 0 0 0 0 0 2 1 0 0 0 0 0 0 0 0 0 0 0 0
0 0 0 3 0 0 0 3 0 0 0 5 0 1 0 0 0 0 0 0 2 1 0 0 0 0 0 0 0 0 0 0 0 0
0 0 0 0 3 1 0 0 0 1 1 3 0 1 0 0 0 0 0 0 4 1 0 0 0 0 0 0 0 0 0 0 0 0
0 0 0 3 0 0 0 2 0 1 1 3 0 1 0 0 0 0 0 0 4 1 0 0 0 0 0 0 0 0 0 0 0 0
0 0 0 0 0 0 0 0 1 3 0 4 0 0 0 0 0 0 0 0 2 2 0 0 0 0 0 0 0 0 0 0 0 0
0 0 0 3 0 0 0 1 0 0 0 5 0 1 0 1 0 1 0 1 2 1 0 0 0 0 0 0 0 0 0 0 0 0
1 0 0 0 1 0 0 0 0 0 0 2 0 2 0 0 0 0 0 0 2 2 0 0 0 0 0 0 0 0 0 0 0 0
0 0 0 1 1 0 0 1 1 1 0 0 0 0 0 0 0 1 0 0 1 1 0 0 0 0 0 0 0 0 0 0 0 0
1 0 0 0 1 0 0 0 0 0 0 2 0 2 0 0 0 0 0 0 2 2 0 0 0 0 0 0 0 0 0 0 0 0
0 0 0 0 2 0 0 1 0 2 1 3 0 1 0 0 0 0 0 0 4 1 0 0 0 0 0 0 0 0 0 0 0 0
1 0 0 0 1 0 0 0 0 0 0 2 0 2 0 0 0 0 0 0 2 2 0 0 0 0 0 0 0 0 0 0 0 0
0 0 0 0 0 0 1 2 1 4 0 0 1 1 0 0 0 0 0 0 1 2 0 0 0 0 0 0 0 0 0 0 0 0
0 0 0 2 0 0 0 2 1 2 0 6 0 0 0 0 0 0 0 0 2 2 0 0 0 0 0 0 0 0 0 0 0 0
0 0 0 1 2 0 0 1 1 4 0 2 0 1 0 0 0 0 0 0 4 1 0 0 0 0 0 0 0 0 0 0 0 0
0 0 0 0 0 0 0 4 5 0 0 0 2 3 0 0 0 0 0 0 3 1 0 0 0 0 0 0 0 0 0 0 0 0
0 0 0 1 0 0 0 1 0 0 0 13 0 4 0 0 0 1 0 0 3 2 0 0 0 0 0 0 0 0 0 0 0 0
0 0 0 1 4 0 0 1 1 3 0 1 0 1 0 0 0 0 0 1 4 2 0 0 0 0 0 0 0 0 0 0 0 0
0 0 0 0 0 0 0 4 5 2 0 12 0 5 0 0 0 1 0 0 3 4 0 0 0 0 0 0 0 0 0 0 0 0
0 0 0 1 2 0 0 1 2 2 1 2 0 1 0 0 0 0 0 0 4 1 0 0 0 0 0 0 0 0 0 0 0 0
1 0 0 1 1 0 0 0 0 0 0 1 0 2 0 0 0 0 0 1 2 2 0 0 0 0 0 0 0 0 0 0 0 0
1 0 0 0 1 0 0 0 0 0 0 2 0 2 0 0 0 0 0 0 2 2 0 0 0 0 0 0 0 0 0 0 0 0
0 0 0 0 6 0 0 0 0 3 3 7 0 3 0 0 0 0 0 0 3 2 0 0 0 0 0 0 0 0 0 0 0 0
1 0 0 2 1 0 0 0 0 0 0 0 0 2 0 0 0 0 0 2 2 2 0 0 0 0 0 0 0 0 0 0 0 0
0 0 0 0 0 0 0 3 0 0 0 3 0 5 0 0 0 0 0 0 2 1 0 0 0 0 0 0 0 0 0 0 0 0
1 0 0 0 1 0 0 0 0 0 0 2 0 2 0 0 0 0 0 0 2 2 0 0 0 0 0 0 0 0 0 0 0 0
0 0 0 0 2 0 0 2 1 2 1 1 0 1 0 0 0 0 0 0 2 1 0 0 0 0 0 0 0 0 0 0 0 0
0 0 0 2 1 0 0 0 0 1 0 14 0 3 0 0 0 5 0 0 4 3 0 0 0 0 0 0 0 0 0 0 0 0
0 0 0 0 1 0 0 1 2 2 0 0 0 0 0 0 0 0 0 0 2 1 0 0 0 0 0 0 0 0 0 1 0 0
0 0 0 2 0 0 0 0 0 0 0 3 0 6 0 0 0 0 0 0 2 1 0 0 0 0 0 0 0 0 0 0 0 0
0 0 0 1 0 0 0 1 1 2 0 0 1 0 0 0 0 0 0 0 1 1 0 0 0 0 0 0 0 0 0 0 0 0
0 0 0 2 2 0 0 3 0 2 1 2 0 1 0 0 0 0 0 0 4 1 0 0 0 0 0 0 0 0 0 0 0 0
0 0 0 0 1 0 0 3 1 1 0 0 1 1 0 0 0 0 0 0 2 1 0 0 0 0 0 0 0 0 0 1 0 0
0 0 0 0 1 1 0 0 0 2 1 3 0 0 0 0 0 1 0 0 3 1 0 0 0 0 0 0 0 0 0 0 0 0
1 0 0 0 1 0 0 0 0 0 0 2 0 2 0 0 0 0 0 0 2 2 0 0 0 0 0 0 0 0 0 0 0 0
1 0 0 0 1 0 0 0 0 0 0 2 0 2 0 0 0 0 0 0 2 2 0 0 0 0 0 0 0 0 0 0 0 0
0 0 0 1 1 0 0 1 0 0 0 16 0 1 0 0 0 1 0 0 3 2 0 0 0 0 0 0 0 0 0 0 0 0
0 0 0 1 0 0 0 1 1 3 0 0 2 0 0 0 0 0 0 0 3 1 0 0 0 0 0 0 0 0 0 1 0 0
0 0 0 0 0 0 0 3 5 1 0 0 2 0 0 0 0 0 0 0 2 2 0 0 0 0 0 0 0 0 0 0 0 0
0 0 0 3 2 0 0 1 0 0 1 3 0 1 0 0 0 0 0 0 4 1 0 0 0 0 0 0 0 0 0 0 0 0
0 0 0 1 2 0 0 3 0 0 1 3 0 1 0 0 0 0 0 0 4 1 0 0 0 0 0 0 0 0 0 0 0 0
0 0 0 0 8 0 0 2 0 3 2 4 0 4 0 0 0 0 0 1 3 3 0 0 0 0 0 0 0 0 0 0 0 0
0 0 0 0 0 0 0 3 3 1 0 0 0 1 0 0 0 0 0 0 2 1 0 0 0 0 0 0 0 0 0 0 0 0
0 0 0 0 3 1 0 0 0 1 0 3 0 1 0 0 0 0 0 0 4 1 0 0 0 0 0 0 0 0 0 0 0 0
0 0 0 1 0 0 0 0 0 0 0 12 0 4 0 0 0 2 0 1 4 1 0 0 0 0 0 0 0 0 0 0 0 1
0 0 0 2 2 1 0 3 0 1 2 0 0 1 0 0 0 2 0 0 4 2 0 0 0 0 0 0 0 0 0 0 0 0
0 0 0 2 3 0 0 1 0 0 1 3 0 1 0 0 0 0 0 0 4 1 0 0 0 0 0 0 0 0 0 0 0 0
1 1 0 1 0 1 1 3 0 0 0 0 0 0 0 0 0 0 0 0 3 1 0 0 0 0 0 0 0 0 0 1 0 0
1 0 0 0 1 0 0 0 0 0 0 2 0 2 0 0 0 0 0 0 2 2 0 0 0 0 0 0 0 0 0 0 0 0
0 0 0 1 0 0 0 2 1 4 0 0 1 1 0 0 0 0 0 0 2 1 0 0 0 0 0 0 0 0 0 0 0 0
1 0 0 0 1 0 0 0 0 0 0 2 0 2 0 0 0 0 0 0 2 2 0 0 0 0 0 0 0 0 0 0 0 0
0 0 0 1 2 0 0 3 0 0 1 3 0 1 0 0 0 0 0 0 4 1 0 0 0 0 0 0 0 0 0 0 0 0
0 0 0 2 3 0 0 2 0 0 0 13 0 1 0 0 0 0 0 0 3 2 0 0 0 0 0 0 0 0 0 0 0 0
0 0 0 1 0 0 0 4 1 1 0 3 0 1 0 0 0 0 0 1 2 1 0 0 0 0 0 0 0 0 0 0 0 0
0 0 0 0 2 0 0 0 0 3 1 3 0 1 0 0 0 0 0 0 4 1 0 0 0 0 0 0 0 0 0 0 0 0
0 0 0 4 0 0 0 6 1 0 0 4 0 8 0 0 0 1 0 1 3 2 0 0 0 0 0 0 0 0 0 0 0 0
0 0 0 1 1 0 0 2 0 0 0 5 0 0 0 0 0 0 0 2 2 1 0 0 0 0 0 0 0 0 0 0 0 0
0 0 0 0 0 0 0 3 0 1 0 12 0 0 0 0 0 1 0 0 4 1 0 0 0 0 0 0 0 0 0 0 0 0
1 0 0 0 1 0 0 0 0 0 0 2 0 2 0 0 0 0 0 0 2 2 0 0 0 0 0 0 0 0 0 0 0 0
0 0 0 1 2 0 0 3 0 0 1 3 0 1 0 0 0 0 0 0 4 1 0 0 0 0 0 0 0 0 0 0 0 0
0 0 0 5 0 0 0 1 1 0 0 4 0 0 0 0 0 0 0 0 2 1 0 0 0 0 0 0 0 0 0 0 0 0
0 0 0 0 0 0 0 3 3 1 0 0 0 1 0 0 0 0 0 0 1 2 0 0 0 0 0 0 0 0 0 0 0 0
0 0 0 2 0 0 0 4 1 0 0 4 0 0 0 0 0 1 0 0 2 1 0 0 0 0 0 0 0 0 0 0 0 0
0 0 0 0 2 0 0 3 1 1 1 1 0 2 0 0 0 0 0 0 2 1 0 0 0 0 0 0 0 0 0 0 0 0
0 0 0 1 0 0 0 2 0 0 0 8 0 1 0 0 0 0 1 0 2 2 0 0 0 0 0 0 0 0 0 0 0 0
0 0 0 0 7 0 0 2 0 2 3 6 0 4 0 0 0 0 0 0 3 2 0 0 0 0 0 0 0 0 0 0 0 0
0 0 0 0 0 0 0 2 0 1 0 3 0 5 0 0 0 0 0 0 2 1 0 0 0 0 0 0 0 0 0 0 0 0
0 0 0 0 1 0 0 3 1 4 0 7 0 1 0 0 0 0 0 0 3 2 0 0 0 0 0 0 0 0 0 0 0 0
0 0 0 0 3 0 0 3 1 2 0 1 0 0 0 1 0 0 0 0 1 3 0 0 0 0 0 0 0 0 0 0 0 0
1 0 0 1 0 0 0 2 0 2 1 0 0 1 0 0 0 0 0 0 1 3 0 0 0 0 0 0 0 0 0 0 0 0
0 0 0 2 3 0 0 1 0 0 1 3 0 1 0 0 0 0 0 0 4 1 0 0 0 0 0 0 0 0 0 0 0 0
0 0 0 0 0 0 0 2 0 3 0 0 6 2 0 0 0 0 0 0 3 2 0 0 0 0 0 0 0 0 0 0 0 0
0 0 0 0 0 0 0 1 4 0 0 0 1 2 0 0 0 0 0 0 2 2 0 0 0 0 0 0 0 0 0 0 0 0
0 0 0 0 0 0 0 2 1 3 0 0 5 2 0 0 0 0 0 0 3 2 0 0 0 0 0 0 0 0 0 0 0 0
0 0 0 3 0 0 0 8 0 0 0 14 0 0 0 0 0 0 0 0 3 4 0 0 0 0 0 0 0 0 0 0 0 1
0 0 0 0 0 0 0 2 3 4 0 0 3 1 0 0 0 0 0 0 2 2 0 0 0 0 0 0 0 0 0 0 0 0
0 0 0 1 1 0 0 2 0 1 0 1 0 0 0 0 0 0 0 0 2 1 0 0 0 0 0 0 0 0 0 0 0 0
0 0 0 1 1 0 0 0 3 0 0 3 0 2 0 0 0 0 0 0 2 1 0 0 0 0 0 0 0 0 0 0 0 0
0 0 0 0 0 0 0 1 2 1 0 1 0 1 0 0 0 0 0 0 1 1 0 0 0 0 0 0 0 0 0 0 0 0
1 0 0 0 1 0 0 0 0 0 0 2 0 2 0 0 0 0 0 0 2 2 0 0 0 0 0 0 0 0 0 0 0 0
0 0 0 0 6 0 1 0 0 2 3 7 0 3 0 0 0 0 0 0 3 2 0 0 0 0 0 0 0 0 0 0 0 0
0 0 0 1 1 0 0 1 1 1 0 0 1 2 0 0 0 0 0 0 1 2 0 0 0 0 0 0 0 0 0 1 0 0
0 0 0 2 1 0 0 2 0 1 0 14 0 1 0 0 0 1 0 1 3 3 0 0 0 0 0 0 0 0 0 0 0 0
0 0 0 0 4 1 0 2 1 2 1 1 0 1 0 0 0 0 0 0 4 3 0 0 0 0 0 0 0 0 0 0 0 0
0 0 0 0 1 0 0 3 0 0 0 8 0 1 0 0 0 0 0 0 2 1 0 0 0 0 0 0 0 0 0 0 0 0
0 0 0 0 1 0 0 3 0 2 0 0 1 1 0 0 0 0 0 0 2 1 0 0 0 0 0 0 0 0 0 1 0 0
0 0 0 1 0 0 0 2 0 4 0 0 1 0 0 0 0 0 0 0 2 1 0 0 0 0 0 0 0 0 0 1 0 0
0 0 0 2 3 0 0 1 0 0 1 3 0 1 0 0 0 0 0 0 4 1 0 0 0 0 0 0 0 0 0 0 0 0
0 0 0 0 2 0 0 0 1 2 1 3 0 1 0 0 0 0 0 0 4 1 0 0 0 0 0 0 0 0 0 0 0 0
0 0 0 0 0 0 2 1 0 1 0 4 1 1 0 0 0 0 0 0 2 1 0 0 0 0 0 0 0 0 0 0 0 0
0 0 0 0 3 0 0 3 3 1 0 0 0 1 0 0 0 0 0 0 2 1 0 0 0 0 0 0 0 0 0 0 0 0
1 0 0 0 1 0 0 0 0 0 0 2 0 2 0 0 0 0 0 0 2 2 0 0 0 0 0 0 0 0 0 0 0 0
0 0 0 1 3 0 0 0 0 3 0 2 1 1 0 0 0 0 0 0 4 1 0 0 0 0 0 0 0 0 0 0 0 0
1 0 0 0 1 0 0 4 0 0 0 0 0 0 0 0 0 0 0 0 2 2 0 0 0 0 0 0 0 0 0 0 0 0
0 0 0 3 0 0 0 4 0 0 0 15 0 2 0 0 0 0 0 0 3 4 0 0 0 0 0 0 0 0 0 0 0 0
0 0 0 0 4 0 0 2 0 2 1 1 0 2 0 0 0 0 0 1 2 1 0 0 0 0 0 0 0 0 0 0 0 0
0 0 0 1 2 0 0 0 0 2 1 3 0 1 0 0 0 0 0 0 4 1 0 0 0 0 0 0 0 0 0 0 0 0
1 0 0 0 1 0 0 0 0 0 0 2 0 2 0 0 0 0 0 0 2 2 0 0 0 0 0 0 0 0 0 0 0 0
0 0 0 1 0 0 0 2 1 4 0 0 1 1 0 0 0 0 0 0 2 1 0 0 0 0 0 0 0 0 0 0 0 0
0 0 0 0 0 0 0 2 0 0 0 3 0 6 0 0 0 0 0 0 2 1 0 0 0 0 0 0 0 0 0 0 0 0
1 0 0 0 1 1 0 0 0 2 0 0 0 0 0 0 0 0 0 0 2 1 0 0 0 0 0 0 0 0 0 0 0 0
1 0 0 0 1 0 0 0 0 0 0 2 0 2 0 0 0 0 0 0 2 2 0 0 0 0 0 0 0 0 0 0 0 0
0 0 0 0 0 0 0 8 6 5 0 0 3 1 0 0 0 0 0 0 2 5 0 0 0 0 0 0 0 0 0 0 0 0
0 0 0 0 1 0 0 2 1 3 0 0 2 2 0 0 0 0 0 0 3 2 0 0 0 0 0 0 0 0 0 0 0 0
0 0 0 1 1 0 0 3 0 0 0 10 0 4 0 0 0 1 0 0 3 3 0 0 0 0 0 0 0 0 0 0 0 1
0 0 0 0 0 0 1 4 3 0 0 7 0 7 0 0 0 0 0 0 3 2 0 0 0 0 0 0 0 0 0 0 0 1
1 0 0 0 1 0 0 0 0 0 0 2 0 2 0 0 0 0 0 0 2 2 0 0 0 0 0 0 0 0 0 0 0 0
0 0 0 1 0 0 0 0 0 0 0 9 0 10 0 0 0 0 0 0 3 2 0 0 0 0 0 0 0 0 0 0 0 0
1 0 0 0 1 0 0 0 0 0 0 2 0 2 0 0 0 0 0 0 2 2 0 0 0 0 0 0 0 0 0 0 0 0
0 0 0 1 0 0 0 1 3 3 0 0 2 1 0 0 0 0 0 0 3 1 0 0 0 0 0 0 0 0 0 1 0 0
1 0 0 1 1 0 0 1 1 0 0 1 0 2 0 0 0 0 0 0 2 2 0 0 0 0 0 0 0 0 0 0 0 0
0 0 0 0 1 0 1 2 0 2 0 0 2 1 0 0 0 0 0 1 3 1 0 0 0 0 0 0 0 0 0 0 0 0
1 0 0 0 1 0 0 0 0 0 0 2 0 2 0 0 0 0 0 0 2 2 0 0 0 0 0 0 0 0 0 0 0 0
1 0 0 0 2 0 0 1 1 0 0 1 0 2 0 0 0 0 0 0 2 2 0 0 0 0 0 0 0 0 0 0 0 0
0 0 0 5 2 0 0 3 5 1 1 14 0 21 0 0 0 2 0 1 1 22 0 0 0 0 0 0 0 0 0 0 0 0
0 0 0 2 3 0 0 1 0 0 1 3 0 1 0 0 0 0 0 0 4 1 0 0 0 0 0 0 0 0 0 0 0 0
0 0 0 2 3 0 0 1 1 2 0 1 0 1 0 0 0 1 0 0 4 3 0 0 0 0 0 0 0 0 0 0 0 0
0 0 0 0 2 0 0 4 4 0 0 0 0 6 0 0 0 0 0 0 3 3 0 0 0 0 0 0 0 0 0 0 0 0
0 0 0 0 4 0 0 3 0 3 1 7 0 2 0 0 0 0 0 0 3 2 0 0 0 0 0 0 0 0 0 0 0 0
1 0 0 0 1 0 0 0 0 0 0 2 0 2 0 0 0 0 0 0 2 2 0 0 0 0 0 0 0 0 0 0 0 0
0 0 0 1 6 0 0 1 0 2 2 6 0 5 0 0 0 0 0 0 3 2 0 0 0 0 0 0 0 0 0 0 0 0
0 0 0 1 4 0 0 3 1 5 0 5 0 3 0 0 0 0 0 0 3 4 0 0 0 0 0 0 0 0 0 0 0 0
0 0 0 3 0 0 0 3 1 0 0 5 0 0 0 0 0 0 0 0 2 1 0 0 0 0 0 0 0 0 0 0 0 0
0 0 0 2 0 0 0 1 1 0 0 8 0 0 0 0 0 0 0 0 2 1 0 0 0 0 0 0 0 0 0 0 0 0
1 0 0 0 1 0 0 0 2 0 0 1 0 1 0 0 0 0 0 0 2 2 0 0 0 0 0 0 0 0 0 0 0 0
0 0 0 3 0 0 0 0 1 0 0 8 0 7 0 0 0 0 0 0 3 2 0 0 0 0 0 0 0 0 0 0 0 0
1 0 0 2 1 0 0 0 0 1 0 0 0 2 0 0 0 2 0 0 2 2 0 0 0 0 0 0 0 0 0 0 0 0
0 0 0 0 2 0 0 0 0 4 0 3 0 1 0 0 0 0 0 0 4 1 0 0 0 0 0 0 0 0 0 0 0 0
0 0 0 0 3 1 0 0 0 1 0 3 0 1 0 0 0 0 0 0 4 1 0 0 0 0 0 0 0 0 0 0 0 0
0 0 0 2 0 0 0 1 0 0 0 7 0 0 0 0 0 1 0 0 2 1 0 0 0 0 0 0 0 0 0 0 0 0
0 0 0 2 0 0 0 4 0 2 0 3 0 1 0 0 0 0 0 0 2 1 0 0 0 0 0 0 0 0 0 0 0 0
0 0 0 1 0 0 0 2 0 3 0 0 4 1 0 0 0 0 0 0 3 1 0 0 0 0 0 0 0 0 0 0 0 0
1 0 0 0 0 0 0 2 2 1 0 0 2 1 0 0 0 0 0 0 2 3 0 0 0 0 0 0 0 0 0 0 0 0
1 0 0 0 0 0 0 0 1 1 0 1 0 0 0 0 0 0 0 0 1 1 0 0 0 0 0 0 0 0 0 0 0 0
0 0 0 0 4 0 0 0 0 3 0 2 0 1 0 0 0 0 0 1 4 2 0 0 0 0 0 0 0 0 0 0 0 0
0 0 0 2 4 0 0 1 0 1 2 1 0 2 0 0 0 0 0 0 2 1 0 0 0 0 0 0 0 0 0 0 0 0
0 0 0 0 0 0 0 6 0 1 0 0 1 1 0 0 0 0 0 0 1 1 0 0 0 0 0 0 0 0 0 0 0 0
0 0 0 0 0 0 0 0 1 3 0 3 0 0 0 0 0 0 0 0 1 1 0 0 0 0 0 0 0 0 0 0 0 0
0 0 0 1 0 0 1 3 2 6 1 0 0 0 0 0 0 1 0 0 3 2 0 0 0 0 0 0 0 0 0 0 0 0
0 0 0 1 0 0 0 1 4 2 0 0 4 7 0 0 0 0 0 0 3 3 0 0 0 0 0 0 0 0 0 0 0 0
0 0 0 3 2 0 0 1 0 0 1 3 0 1 0 0 0 0 0 0 4 1 0 0 0 0 0 0 0 0 0 0 0 0
0 0 0 2 0 0 0 1 0 2 0 1 0 32 0 0 0 1 0 0 1 2 0 0 0 0 0 0 0 0 0 0 0 0
0 1 0 1 0 0 0 1 0 1 0 0 0 0 0 0 0 0 0 0 1 1 0 0 0 0 0 0 0 0 0 0 0 0
0 0 0 0 2 0 4 4 2 5 1 3 0 1 0 0 0 0 0 0 3 2 0 0 0 0 0 0 0 0 0 0 0 0
1 0 0 1 1 0 0 1 1 0 0 1 0 2 0 0 0 0 0 0 2 2 0 0 0 0 0 0 0 0 0 0 0 0
0 0 0 1 1 0 0 1 2 2 0 1 0 62 0 0 0 2 0 0 1 2 0 0 0 0 0 0 0 0 0 0 0 0
0 0 0 2 2 1 0 1 1 1 1 2 0 1 0 0 0 0 0 0 4 1 0 0 0 0 0 0 0 0 0 0 0 0
0 0 0 3 6 0 0 0 0 2 4 4 0 6 0 0 0 3 0 0 3 2 0 0 0 0 0 0 0 0 0 0 0 0
0 0 0 1 0 0 0 2 1 1 0 0 0 0 0 0 0 0 0 0 2 1 0 0 0 0 0 0 0 0 0 1 0 0
0 0 0 3 0 0 0 0 0 0 0 6 0 11 0 0 0 5 0 0 3 5 0 0 0 0 0 0 0 0 0 0 0 0
1 0 0 1 1 0 0 1 0 1 0 1 0 2 0 0 0 0 0 0 2 2 0 0 0 0 0 0 0 0 0 0 0 0
1 0 0 0 1 0 0 0 0 0 0 2 0 2 0 0 0 0 0 0 2 2 0 0 0 0 0 0 0 0 0 0 0 0
0 0 0 0 4 0 0 0 0 3 1 6 0 2 0 0 0 0 0 0 2 2 0 0 0 0 0 0 0 0 0 0 0 1
0 0 0 0 6 0 0 0 0 3 3 7 0 3 0 0 0 0 0 0 3 2 0 0 0 0 0 0 0 0 0 0 0 0
1 0 0 0 1 0 0 0 0 0 0 2 0 2 0 0 0 0 0 0 2 2 0 0 0 0 0 0 0 0 0 0 0 0
1 0 0 0 1 0 0 2 0 0 0 1 0 1 0 0 0 0 0 0 2 2 0 0 0 0 0 0 0 0 0 0 0 0
0 0 0 3 0 1 0 2 2 3 1 23 0 23 0 0 0 1 0 0 1 26 0 0 0 0 0 0 0 0 0 0 0 0
0 0 0 1 4 0 0 1 0 0 1 3 0 1 0 0 0 0 0 0 4 1 0 0 0 0 0 0 0 0 0 0 0 0
0 0 0 0 0 0 0 1 4 1 0 0 0 0 0 0 0 0 0 2 1 2 0 0 0 0 0 0 0 0 0 0 0 0
1 0 0 0 1 0 0 0 0 0 0 1 0 2 0 0 0 0 0 0 2 2 0 0 0 0 0 0 0 0 0 0 0 1
1 0 0 0 1 0 0 0 2 0 0 1 0 1 0 0 0 0 0 0 2 2 0 0 0 0 0 0 0 0 0 0 0 0
0 0 0 1 0 0 0 2 1 1 0 0 1 2 0 0 0 0 0 0 2 1 0 0 0 0 0 0 0 0 0 1 0 0
1 0 0 0 1 0 0 0 0 0 0 2 0 2 0 0 0 0 0 0 2 2 0 0 0 0 0 0 0 0 0 0 0 0
0 0 0 0 0 0 0 2 0 0 0 3 0 6 0 0 0 0 0 0 2 1 0 0 0 0 0 0 0 0 0 0 0 0
1 0 0 1 1 0 0 1 2 0 0 0 0 2 0 0 0 0 0 0 2 2 0 0 0 0 0 0 0 0 0 0 0 0
1 0 0 0 1 0 0 0 0 0 0 2 0 2 0 0 0 0 0 0 2 2 0 0 0 0 0 0 0 0 0 0 0 0
1 0 0 0 1 0 0 0 0 0 0 2 0 2 0 0 0 0 0 0 2 2 0 0 0 0 0 0 0 0 0 0 0 0
0 0 0 1 1 0 0 1 3 2 0 0 0 0 0 0 0 0 0 0 2 1 0 0 0 0 0 0 0 0 0 0 0 0
0 0 0 0 1 0 0 4 1 1 0 2 0 2 0 0 0 0 0 0 2 1 0 0 0 0 0 0 0 0 0 0 0 0
0 0 0 1 0 0 0 2 0 2 1 0 0 0 0 0 0 0 0 0 2 1 0 0 0 0 0 0 0 0 0 1 0 0
0 0 0 1 0 0 0 1 4 1 0 0 1 2 0 1 0 0 0 0 2 2 0 0 0 0 0 0 0 0 0 0 0 0
1 1 0 1 0 1 0 1 0 0 0 0 1 0 0 0 0 0 0 0 2 1 0 0 0 0 0 0 0 0 0 0 0 0
0 0 0 1 0 0 0 1 1 1 0 0 0 0 0 0 0 0 0 0 1 1 0 0 0 0 0 0 0 0 0 0 0 0
0 0 0 0 4 0 0 2 0 2 2 1 0 2 0 0 0 0 0 0 2 1 0 0 0 0 0 0 0 0 0 0 0 0
1 0 0 0 1 0 0 0 0 0 0 2 0 2 0 0 0 0 0 0 2 2 0 0 0 0 0 0 0 0 0 0 0 0
0 0 0 1 0 0 0 2 1 1 0 0 0 0 0 0 0 0 0 0 2 1 0 0 0 0 0 0 0 0 0 1 0 0
0 0 0 0 2 0 0 0 1 2 1 3 0 1 0 0 0 0 0 0 4 1 0 0 0 0 0 0 0 0 0 0 0 0
1 0 0 0 1 0 0 0 0 0 0 2 0 2 0 0 0 0 0 0 2 2 0 0 0 0 0 0 0 0 0 0 0 0
1 0 0 1 1 0 0 1 0 1 0 1 0 2 0 0 0 0 0 0 2 2 0 0 0 0 0 0 0 0 0 0 0 0
0 0 0 3 2 0 0 1 0 1 0 3 0 1 0 0 0 0 0 0 4 1 0 0 0 0 0 0 0 0 0 0 0 0
0 0 0 3 0 0 0 5 0 0 0 2 2 1 0 0 0 1 0 0 2 2 0 0 0 0 0 0 0 0 0 0 0 0
0 0 0 1 3 0 0 1 0 2 0 3 0 1 0 0 0 0 0 0 4 1 0 0 0 0 0 0 0 0 0 0 0 0
1 0 0 0 1 0 0 0 0 0 0 2 0 2 0 0 0 0 0 0 2 2 0 0 0 0 0 0 0 0 0 0 0 0
0 0 0 2 1 0 0 2 1 6 0 0 0 1 0 0 0 0 0 0 4 3 0 0 0 0 0 0 0 0 0 0 0 0
0 0 0 4 2 0 0 6 0 1 1 0 0 3 0 0 0 0 0 0 2 3 0 0 0 0 0 0 0 0 0 0 0 0
0 0 0 1 0 1 0 1 1 1 1 0 1 0 0 0 0 0 0 0 1 2 0 0 0 0 0 0 0 0 0 0 0 0
1 0 0 0 1 0 0 0 0 0 0 2 0 2 0 0 0 0 0 0 2 2 0 0 0 0 0 0 0 0 0 0 0 0
1 0 0 0 1 0 0 0 0 0 0 2 0 2 0 0 0 0 0 0 2 2 0 0 0 0 0 0 0 0 0 0 0 0
1 0 0 0 1 0 0 0 0 0 0 2 0 2 0 0 0 0 0 0 2 2 0 0 0 0 0 0 0 0 0 0 0 0
1 0 0 0 1 1 0 0 2 0 3 1 0 55 0 0 0 1 0 0 2 3 0 0 0 0 0 0 0 0 0 0 0 0
0 0 0 1 2 0 0 5 2 2 0 0 2 2 0 0 0 0 0 0 2 3 0 0 0 0 0 0 0 0 0 0 0 0
1 0 0 0 1 0 0 0 0 0 0 2 0 2 0 0 0 0 0 0 2 2 0 0 0 0 0 0 0 0 0 0 0 0
0 0 0 1 0 0 0 1 0 2 1 3 0 2 0 0 0 0 0 0 4 1 0 0 0 0 0 0 0 0 0 0 0 0
1 0 0 0 1 0 0 0 0 2 0 2 0 2 0 0 0 0 0 0 2 2 0 0 0 0 0 0 0 0 0 0 0 0
0 0 0 1 2 1 0 0 0 1 1 3 0 1 0 0 0 0 0 0 4 1 0 0 0 0 0 0 0 0 0 0 0 0
1 0 0 0 1 0 0 0 0 0 0 2 0 2 0 0 0 0 0 0 2 2 0 0 0 0 0 0 0 0 0 0 0 0
0 0 0 1 0 0 0 3 3 2 0 0 3 2 0 0 0 0 0 0 3 1 0 0 0 0 0 0 0 0 0 0 0 0
0 0 0 4 1 0 0 1 1 0 0 5 0 1 0 0 0 3 0 0 2 3 0 0 0 0 0 0 0 0 0 0 0 0
0 0 0 0 3 1 0 0 0 1 1 3 0 1 0 0 0 0 0 0 4 1 0 0 0 0 0 0 0 0 0 0 0 0
0 0 0 1 0 0 0 0 0 0 0 13 0 5 0 0 0 2 0 0 3 2 0 0 0 0 0 0 0 0 0 0 0 0
0 0 0 3 0 0 0 1 0 1 0 6 0 2 0 0 0 1 0 0 2 1 0 0 0 0 0 0 0 0 0 0 0 0
0 0 0 1 3 0 0 0 0 3 0 2 0 1 0 0 0 1 0 0 4 2 0 0 0 0 0 0 0 0 0 0 0 0
0 0 0 1 1 0 0 2 0 0 0 13 0 2 0 0 0 0 0 0 3 2 0 0 0 0 0 0 0 0 0 0 0 0
1 0 0 0 1 0 0 0 0 0 0 1 0 2 0 0 0 0 0 0 2 2 0 0 0 0 0 0 0 0 0 0 0 1
0 0 0 0 8 0 0 5 0 2 2 4 0 4 0 0 0 0 0 0 3 4 0 0 0 0 0 0 0 0 0 0 0 0
1 0 0 1 1 0 0 1 0 0 0 1 0 2 0 0 0 0 0 0 2 2 0 0 0 0 0 0 0 0 0 0 0 0
1 0 0 0 0 0 0 0 1 2 0 1 0 0 0 0 0 0 0 0 1 1 0 0 0 0 0 0 0 0 0 0 0 0
0 0 0 1 0 0 0 2 4 0 0 2 1 2 0 0 0 0 0 0 2 2 0 0 0 0 0 0 0 0 0 0 0 0
0 0 0 1 0 0 0 2 0 3 0 0 1 1 0 0 0 0 0 0 2 1 0 0 0 0 0 0 0 0 0 1 0 0
0 0 0 2 4 0 0 1 0 1 2 1 0 2 0 0 0 0 0 0 2 1 0 0 0 0 0 0 0 0 0 0 0 0
0 0 0 0 0 0 0 0 1 3 0 0 2 3 0 0 0 0 0 0 1 1 0 0 0 0 0 0 0 0 0 0 0 0
0 0 0 3 2 0 0 12 0 0 0 7 0 1 0 0 0 0 0 0 3 6 0 0 0 0 0 0 0 0 0 0 0 0
0 0 0 0 6 0 0 1 0 2 3 7 0 3 0 0 0 0 0 0 3 2 0 0 0 0 0 0 0 0 0 0 0 0
1 0 0 0 0 0 0 0 1 2 0 1 0 0 0 0 0 0 0 0 1 1 0 0 0 0 0 0 0 0 0 0 0 0
1 0 0 1 1 0 0 1 1 0 0 1 0 2 0 0 0 0 0 0 2 2 0 0 0 0 0 0 0 0 0 0 0 0
0 0 0 3 2 0 0 1 0 0 1 3 0 1 0 0 0 0 0 0 4 1 0 0 0 0 0 0 0 0 0 0 0 0
0 0 0 1 2 1 0 0 0 1 1 3 0 1 0 0 0 0 0 0 4 1 0 0 0 0 0 0 0 0 0 0 0 0
1 0 0 0 1 0 0 0 0 0 0 0 0 1 0 0 0 0 0 0 2 1 0 0 0 0 0 0 0 0 0 0 0 1
0 0 0 2 1 0 0 3 0 0 0 15 0 3 0 0 0 0 0 0 3 2 0 0 0 0 0 0 0 0 0 0 0 0
0 0 0 0 0 0 0 3 2 0 0 15 0 1 0 0 0 0 0 0 3 2 0 0 0 0 0 0 0 0 0 0 0 0
0 0 0 1 0 0 0 2 1 0 0 1 0 5 0 0 0 0 0 2 2 1 0 0 0 0 0 0 0 0 0 0 0 0
0 0 0 1 3 0 0 1 0 3 0 1 2 3 0 0 0 0 0 0 2 2 0 0 0 0 0 0 0 0 0 0 0 0
0 0 0 0 1 0 0 3 1 2 0 0 0 1 0 0 0 0 0 0 2 1 0 0 0 0 0 0 0 0 0 1 0 0
0 0 0 1 6 0 0 2 0 2 2 6 0 4 0 0 0 0 0 0 3 2 0 0 0 0 0 0 0 0 0 0 0 0
0 0 0 1 1 1 0 0 4 1 0 0 0 0 0 0 0 0 0 0 2 1 0 0 0 0 0 0 0 0 0 0 0 0
0 1 0 1 0 0 0 1 0 1 0 0 0 0 0 0 0 0 0 0 1 1 0 0 0 0 0 0 0 0 0 0 0 0
0 0 0 0 0 0 0 5 1 4 0 0 9 5 0 0 0 0 0 0 3 4 0 0 0 0 0 0 0 0 0 0 0 0
0 0 0 1 0 0 0 3 1 1 0 4 1 2 0 0 0 1 0 0 2 1 0 0 0 0 0 0 0 0 0 0 0 0
0 0 0 1 0 0 0 3 0 2 0 3 0 0 0 0 0 0 0 0 1 1 0 0 0 0 0 0 0 0 0 0 0 0
1 0 0 0 1 0 0 0 0 0 0 2 0 2 0 0 0 0 0 0 2 2 0 0 0 0 0 0 0 0 0 0 0 0
0 0 0 3 0 0 0 3 0 1 0 4 4 1 0 0 0 0 0 0 2 3 0 0 0 0 0 0 0 0 0 0 0 0
0 0 0 1 1 0 0 2 2 1 0 1 1 3 0 0 0 0 0 0 1 3 0 0 0 0 0 0 0 0 0 0 0 0
0 0 0 3 1 0 0 1 0 1 1 3 0 1 0 0 0 0 0 0 4 1 0 0 0 0 0 0 0 0 0 0 0 0
0 0 0 4 2 0 0 0 0 2 0 1 0 5 0 0 0 2 0 0 2 1 0 0 0 0 0 0 0 0 0 0 0 0
1 0 0 1 0 0 0 1 0 2 1 0 0 15 0 0 0 0 0 0 2 1 0 0 0 0 0 0 0 0 0 0 0 0
0 0 0 1 0 0 0 1 0 1 0 18 0 0 0 0 0 0 0 0 3 2 0 0 0 0 0 0 0 0 0 0 0 0
0 0 0 2 0 0 0 2 0 0 0 7 0 4 0 0 0 4 0 1 3 2 0 0 0 0 0 0 0 0 0 0 0 0
0 0 0 0 6 0 0 0 0 2 3 7 0 4 0 0 0 0 0 0 3 2 0 0 0 0 0 0 0 0 0 0 0 0
0 0 0 1 4 0 0 1 0 0 1 3 0 1 0 0 0 0 0 0 4 1 0 0 0 0 0 0 0 0 0 0 0 0
0 0 0 0 1 0 0 3 1 0 0 7 0 3 0 0 0 0 0 1 3 1 0 0 0 0 0 0 0 0 0 0 0 0
0 0 0 0 2 0 0 0 0 0 0 8 0 9 0 0 0 0 0 1 3 3 0 0 0 0 0 0 0 0 0 0 0 0
0 0 0 1 0 0 0 0 1 0 0 2 0 7 0 0 0 1 0 1 2 1 0 0 0 0 0 0 0 0 0 0 0 0
0 0 0 0 0 0 1 1 1 1 0 0 2 4 0 0 0 0 0 0 3 1 0 0 0 0 0 0 0 0 0 0 0 0
1 0 0 0 1 0 0 0 0 0 0 2 0 2 0 0 0 0 0 0 2 2 0 0 0 0 0 0 0 0 0 0 0 0
1 0 0 0 1 0 0 0 0 0 0 2 0 2 0 0 0 0 0 0 2 2 0 0 0 0 0 0 0 0 0 0 0 0
1 0 0 1 1 0 0 0 0 0 0 1 0 2 0 0 0 0 0 1 2 2 0 0 0 0 0 0 0 0 0 0 0 0
0 0 0 1 1 0 0 0 0 1 0 3 0 0 0 0 0 1 0 0 1 1 0 0 0 0 0 0 0 0 0 0 0 0
0 0 0 1 0 0 0 4 3 0 0 0 4 2 0 0 0 0 0 0 3 1 0 0 0 0 0 0 0 0 0 0 0 0
0 0 0 3 2 0 0 1 0 1 0 3 0 1 0 0 0 0 0 0 4 1 0 0 0 0 0 0 0 0 0 0 0 0
0 0 0 2 0 0 0 3 0 1 0 1 1 0 0 0 0 0 0 0 1 1 0 0 0 0 0 0 0 0 0 0 0 0
1 0 0 0 1 0 0 0 0 0 0 2 0 2 0 0 0 0 0 0 2 2 0 0 0 0 0 0 0 0 0 0 0 0
0 0 0 0 0 0 0 1 0 5 0 3 0 1 0 0 0 0 0 0 4 1 0 0 0 0 0 0 0 0 0 0 0 0
0 0 0 0 0 0 0 1 3 1 0 0 0 0 0 0 0 2 0 0 1 1 0 0 0 0 0 0 0 0 0 0 0 0
0 0 0 0 0 0 0 2 9 1 0 0 8 0 0 0 0 0 0 0 1 8 0 0 0 0 0 0 0 0 0 0 0 0
0 0 0 5 2 0 1 2 0 0 1 0 0 1 0 0 0 3 0 0 4 3 0 0 0 0 0 0 0 0 0 0 0 0
0 0 0 0 3 1 0 0 0 1 1 3 0 1 0 0 0 0 0 0 4 1 0 0 0 0 0 0 0 0 0 0 0 0
0 0 0 2 6 0 0 1 1 3 3 5 0 3 0 0 0 0 0 1 3 2 0 0 0 0 0 0 0 0 0 0 0 0
0 0 0 0 2 0 0 0 1 2 1 3 0 1 0 0 0 0 0 0 4 1 0 0 0 0 0 0 0 0 0 0 0 0
0 0 0 0 1 0 0 3 1 1 0 0 1 1 0 0 0 0 0 0 2 1 0 0 0 0 0 0 0 0 0 1 0 0
0 0 0 2 2 0 0 0 0 2 0 1 0 3 0 0 0 0 0 0 2 1 0 0 0 0 0 0 0 0 0 0 0 1
0 0 0 0 1 0 0 0 0 0 0 9 0 9 0 0 0 1 0 0 3 2 0 0 0 0 0 0 0 0 0 0 0 0
1 0 0 0 1 0 0 1 1 0 2 0 0 65 0 0 0 1 0 0 2 2 0 0 0 0 0 0 0 0 0 0 0 0
0 0 0 1 6 0 0 0 0 3 3 6 0 4 0 0 0 1 0 0 3 2 0 0 0 0 0 0 0 0 0 0 0 0
1 0 0 0 1 0 0 0 0 0 0 2 0 2 0 0 0 0 0 0 2 2 0 0 0 0 0 0 0 0 0 0 0 0
0 0 0 1 1 0 0 0 0 1 0 2 0 0 0 0 0 1 0 0 1 1 0 0 0 0 0 0 0 0 0 0 0 0
0 0 0 0 0 0 0 0 0 0 0 10 0 9 0 0 0 0 0 0 3 2 0 0 0 0 0 0 0 0 0 0 0 0
0 0 0 2 2 0 0 2 1 1 0 3 0 2 0 0 0 3 0 0 2 3 0 0 0 0 0 0 0 0 0 0 0 0
0 0 0 0 7 0 0 1 1 2 3 6 0 4 0 0 0 0 0 0 3 2 0 0 0 0 0 0 0 0 0 0 0 0
0 0 0 1 0 0 0 0 1 2 0 0 2 1 0 0 0 0 0 0 1 1 0 0 0 0 0 0 0 0 0 0 0 0
0 0 0 2 6 0 0 1 0 2 3 5 0 3 0 0 0 0 0 1 3 3 0 0 0 0 0 0 0 0 0 0 0 0
0 0 0 2 0 0 0 0 0 0 0 9 0 7 0 0 0 0 0 2 3 2 0 0 0 0 0 0 0 0 0 0 0 1
0 0 0 0 1 0 0 2 0 1 0 3 1 3 0 0 0 0 0 0 2 2 0 0 0 0 0 0 0 0 0 0 0 2
0 0 0 0 0 0 0 0 1 2 0 3 0 0 0 0 0 0 0 0 2 1 0 0 0 0 0 0 0 0 0 0 0 0
1 0 0 0 1 0 0 0 0 2 0 2 0 2 0 0 0 0 0 0 2 2 0 0 0 0 0 0 0 0 0 0 0 0
0 0 0 1 0 1 0 2 1 2 0 0 1 1 0 0 0 0 0 0 2 1 0 0 0 0 0 0 0 0 0 0 0 0
0 0 0 1 2 1 0 0 0 1 1 3 0 1 0 0 0 0 0 0 4 1 0 0 0 0 0 0 0 0 0 0 0 0
0 0 0 0 0 0 0 1 0 0 0 13 0 1 0 0 0 0 0 0 3 1 0 0 0 0 0 0 0 0 0 0 0 0
1 0 0 0 1 0 0 0 0 0 0 2 0 2 0 0 0 0 0 0 2 2 0 0 0 0 0 0 0 0 0 0 0 0
0 0 0 1 0 0 0 2 0 3 0 0 1 1 0 0 0 0 0 0 2 1 0 0 0 0 0 0 0 0 0 1 0 0
0 0 0 2 7 0 0 1 0 4 2 4 0 6 0 0 0 1 0 0 3 2 0 0 0 0 0 0 0 0 0 0 0 0
0 0 0 3 0 0 0 2 1 0 0 5 0 0 0 0 0 1 0 0 2 1 0 0 0 0 0 0 0 0 0 0 0 0
0 0 0 1 3 0 1 0 0 1 1 3 0 1 0 0 0 0 0 0 4 1 0 0 0 0 0 0 0 0 0 0 0 0
0 0 0 0 0 0 0 1 0 0 0 13 0 5 0 0 0 0 0 0 3 2 0 0 0 0 0 0 0 0 0 0 0 0
1 0 0 1 1 0 0 0 0 0 0 1 0 2 0 0 0 0 0 1 2 2 0 0 0 0 0 0 0 0 0 0 0 0
0 0 0 1 2 1 0 0 0 1 1 3 0 1 0 0 0 0 0 0 4 1 0 0 0 0 0 0 0 0 0 0 0 0
0 0 0 1 3 0 1 0 0 1 1 3 0 1 0 0 0 0 0 0 4 1 0 0 0 0 0 0 0 0 0 0 0 0
0 0 0 1 3 0 0 2 0 3 0 2 0 1 0 0 0 1 0 0 4 3 0 0 0 0 0 0 0 0 0 0 0 0
0 0 0 1 0 0 0 1 0 0 0 18 0 1 0 0 0 0 0 0 3 2 0 0 0 0 0 0 0 0 0 0 0 0
1 0 0 0 1 0 0 0 0 0 0 2 0 2 0 0 0 0 0 0 2 2 0 0 0 0 0 0 0 0 0 0 0 0
0 0 0 2 1 0 0 0 2 1 1 0 0 0 0 0 0 0 0 0 2 1 0 0 0 0 0 0 0 0 0 0 0 0
1 0 0 0 1 0 0 0 0 0 0 2 0 2 0 0 0 0 0 0 2 2 0 0 0 0 0 0 0 0 0 0 0 0
1 0 0 0 1 0 0 0 0 0 0 2 0 2 0 0 0 0 0 0 2 2 0 0 0 0 0 0 0 0 0 0 0 0
0 0 0 0 0 0 0 1 0 1 0 4 0 0 0 1 0 0 0 0 1 1 0 0 0 0 0 0 0 0 0 0 0 0
0 0 0 2 4 0 0 3 0 3 2 5 0 5 0 0 0 1 0 0 3 2 0 0 0 0 0 0 0 0 0 0 0 0
0 0 0 2 0 0 0 5 0 1 0 6 1 0 0 0 0 0 0 0 2 2 0 0 0 0 0 0 0 0 0 0 0 0
0 0 0 0 0 0 0 1 4 1 0 0 0 0 0 0 0 0 0 2 1 2 0 0 0 0 0 0 0 0 0 0 0 0
0 0 0 2 0 0 0 3 1 2 0 0 0 0 0 0 0 0 0 0 2 1 0 0 0 0 0 0 0 0 0 0 0 0
0 0 0 1 0 0 0 2 0 4 0 0 1 0 0 0 0 0 0 0 2 1 0 0 0 0 0 0 0 0 0 1 0 0
0 0 0 1 6 0 0 1 0 3 3 6 0 4 0 0 0 0 0 0 3 2 0 0 0 0 0 0 0 0 0 0 0 0
0 0 0 3 0 0 0 2 0 0 1 13 0 2 0 0 0 1 0 1 3 3 0 0 0 0 0 0 0 0 0 0 0 0
0 0 0 1 0 0 0 1 1 2 0 0 1 0 0 0 0 0 0 0 1 1 0 0 0 0 0 0 0 0 0 0 0 0
1 0 0 0 1 0 0 2 0 0 0 1 0 1 0 0 0 0 0 0 2 2 0 0 0 0 0 0 0 0 0 0 0 0
0 0 0 1 2 0 0 0 1 2 0 1 0 2 0 0 0 1 0 0 4 1 0 0 0 0 0 0 0 0 0 0 0 1
0 0 0 3 0 0 0 0 0 0 0 8 0 1 0 0 0 0 0 0 2 1 0 0 0 0 0 0 0 0 0 0 0 0
0 0 0 1 2 0 0 3 0 0 1 3 0 1 0 0 0 0 0 0 4 1 0 0 0 0 0 0 0 0 0 0 0 0
0 0 0 4 0 0 0 6 0 0 0 3 0 1 0 0 0 0 0 0 2 3 0 0 0 0 0 0 0 0 0 0 0 0
1 0 0 0 1 0 0 0 0 0 0 2 0 2 0 0 0 0 0 0 2 2 0 0 0 0 0 0 0 0 0 0 0 0
0 0 0 1 0 0 0 1 0 1 0 3 0 0 0 1 0 0 0 0 1 1 0 0 0 0 0 0 0 0 0 0 0 0
0 0 0 0 3 1 0 0 0 1 1 3 0 1 0 0 0 0 0 0 4 1 0 0 0 0 0 0 0 0 0 0 0 0
1 0 0 1 1 0 0 1 0 0 0 1 0 3 0 0 0 0 0 0 2 2 0 0 0 0 0 0 0 0 0 0 0 0
1 0 0 1 0 0 0 2 0 1 0 0 1 0 0 0 0 0 0 0 2 1 0 0 0 0 0 0 0 0 0 0 0 0
0 0 0 0 1 0 0 1 1 2 0 1 0 0 0 0 0 0 0 0 1 1 0 0 0 0 0 0 0 0 0 0 0 0
1 0 0 0 1 0 0 0 0 0 0 2 0 2 0 0 0 0 0 0 2 2 0 0 0 0 0 0 0 0 0 0 0 0
0 0 0 2 0 0 0 1 0 1 2 3 0 0 0 0 0 1 0 0 3 1 0 0 0 0 0 0 0 0 0 0 0 0
1 0 0 0 1 0 0 0 0 0 0 2 0 2 0 0 0 0 0 0 2 2 0 0 0 0 0 0 0 0 0 0 0 0
1 0 0 0 1 0 0 0 0 0 0 2 0 2 0 0 0 0 0 0 2 2 0 0 0 0 0 0 0 0 0 0 0 0
0 0 0 1 0 0 0 1 1 0 0 9 0 9 0 0 0 0 0 0 3 2 0 0 0 0 0 0 0 0 0 0 0 0
0 0 0 0 2 0 0 0 0 0 0 3 0 6 0 0 0 0 0 0 2 1 0 0 0 0 0 0 0 0 0 0 0 0
0 0 0 0 2 0 0 0 0 4 0 3 0 1 0 0 0 0 0 0 4 1 0 0 0 0 0 0 0 0 0 0 0 0
1 0 0 1 1 0 0 2 0 1 0 0 1 2 0 0 0 0 0 0 2 3 0 0 0 0 0 0 0 0 0 0 0 0
1 0 0 0 1 0 0 0 2 0 0 1 0 1 0 0 0 0 0 0 2 2 0 0 0 0 0 0 0 0 0 0 0 0
1 0 0 0 0 0 0 0 1 1 1 3 0 0 0 0 0 0 0 0 2 1 0 0 0 0 0 0 0 0 0 0 0 0
0 0 0 0 1 0 0 2 1 1 0 0 0 0 0 0 0 0 0 0 2 1 0 0 0 0 0 0 0 0 0 1 0 0
0 0 0 0 1 0 0 3 1 2 0 0 0 1 0 0 0 0 0 0 2 1 0 0 0 0 0 0 0 0 0 1 0 0
1 0 0 0 1 0 0 0 1 0 1 3 0 0 0 0 0 0 0 0 2 1 0 0 0 0 0 0 0 0 0 0 0 0
0 0 0 3 3 0 0 3 1 0 2 1 0 2 0 0 0 0 0 0 4 1 0 0 0 0 0 0 0 0 0 0 0 0
0 0 0 2 0 0 0 2 0 0 0 3 0 1 0 0 0 1 0 0 2 1 0 0 0 0 0 0 0 0 0 0 0 1
0 0 0 0 0 0 2 2 5 3 0 0 0 1 0 0 0 0 0 0 2 2 0 0 0 0 0 0 0 0 0 0 0 0
1 0 0 0 1 0 0 0 0 0 0 2 0 2 0 0 0 0 0 0 2 2 0 0 0 0 0 0 0 0 0 0 0 0
1 0 0 0 1 0 0 0 0 0 0 2 0 2 0 0 0 0 0 0 2 2 0 0 0 0 0 0 0 0 0 0 0 0
0 0 0 1 0 0 0 2 1 4 0 0 4 2 0 0 0 0 0 0 3 1 0 0 0 0 0 0 0 0 0 0 0 0
0 0 0 0 0 0 0 0 1 3 0 3 0 0 0 0 0 0 0 0 1 1 0 0 0 0 0 0 0 0 0 0 0 0
1 0 0 0 1 0 0 0 0 0 0 2 0 2 0 0 0 0 0 0 2 2 0 0 0 0 0 0 0 0 0 0 0 0
0 0 0 2 0 0 0 3 0 1 0 6 1 0 0 0 0 0 0 0 2 2 0 0 0 0 0 0 0 0 0 0 0 0
1 0 0 1 1 0 0 1 1 0 0 1 0 2 0 0 0 0 0 0 2 2 0 0 0 0 0 0 0 0 0 0 0 0
0 0 0 3 0 0 0 0 0 0 0 14 0 3 0 0 0 2 0 1 3 2 0 0 0 0 0 0 0 0 0 0 0 1
0 0 0 4 1 0 0 1 1 1 0 9 0 2 0 1 0 2 0 1 3 4 0 0 0 0 0 0 0 0 0 0 0 0
0 0 0 0 4 0 0 0 0 4 0 6 0 2 0 0 0 0 0 0 2 2 0 0 0 0 0 0 0 0 0 0 0 1
0 0 0 1 2 0 0 3 1 1 1 2 0 5 0 0 0 0 0 1 3 1 0 0 0 0 0 0 0 0 0 0 0 0
0 0 0 0 2 0 0 0 0 3 1 3 0 1 0 0 0 0 0 0 4 1 0 0 0 0 0 0 0 0 0 0 0 0
0 0 0 0 4 0 0 1 1 2 1 1 0 2 0 0 0 0 0 1 2 1 0 0 0 0 0 0 0 0 0 0 0 0
1 0 0 1 1 0 0 1 0 0 0 1 0 3 0 0 0 0 0 0 2 2 0 0 0 0 0 0 0 0 0 0 0 0
0 0 0 0 4 0 0 0 1 3 2 7 0 2 0 0 0 0 0 0 3 2 0 0 0 0 0 0 0 0 0 0 0 0
0 0 0 1 0 0 0 1 3 3 0 0 2 1 0 0 0 0 0 0 3 1 0 0 0 0 0 0 0 0 0 1 0 0
0 0 0 0 4 1 0 1 0 1 1 2 0 2 0 0 0 0 0 0 4 1 0 0 0 0 0 0 0 0 0 0 0 0
0 0 0 0 3 0 0 1 4 3 0 1 0 0 0 0 0 0 0 0 2 2 0 0 0 0 0 0 0 0 0 0 0 0
0 0 0 2 2 0 0 4 0 0 0 14 0 3 0 0 0 0 0 0 3 2 0 0 0 0 0 0 0 0 0 0 0 0
0 0 0 0 2 0 0 0 0 2 2 3 0 1 0 0 0 0 0 0 4 1 0 0 0 0 0 0 0 0 0 0 0 0
0 0 0 2 4 0 0 2 2 4 0 4 0 2 0 0 0 0 0 0 2 2 0 0 0 0 0 0 0 0 0 0 0 1
0 0 0 2 0 0 0 4 4 3 0 0 0 2 0 0 0 0 0 0 1 3 0 0 0 0 0 0 0 0 0 0 0 0
0 0 0 4 2 0 0 3 0 0 0 4 0 1 0 0 0 0 0 0 2 3 0 0 0 0 0 0 0 0 0 0 0 0
1 0 0 0 1 0 0 0 0 0 0 2 0 2 0 0 0 0 0 0 2 2 0 0 0 0 0 0 0 0 0 0 0 0
0 0 0 5 0 0 0 3 0 0 0 5 0 9 0 0 0 3 0 0 3 6 0 0 0 0 0 0 0 0 0 0 0 0
1 0 0 0 1 0 0 0 0 0 0 2 0 2 0 0 0 0 0 0 2 2 0 0 0 0 0 0 0 0 0 0 0 0
1 0 0 0 0 0 0 2 2 1 0 0 3 1 0 0 0 0 0 0 2 3 0 0 0 0 0 0 0 0 0 0 0 0
0 0 0 0 0 0 1 2 4 0 0 2 1 2 0 0 0 0 0 0 2 2 0 0 0 0 0 0 0 0 0 0 0 0
0 0 0 4 0 0 0 2 1 0 0 14 0 1 0 0 0 0 0 0 3 2 0 0 0 0 0 0 0 0 0 0 0 0
0 0 0 0 2 0 0 0 0 2 2 3 0 1 0 0 0 0 0 0 4 1 0 0 0 0 0 0 0 0 0 0 0 0
0 0 0 1 2 0 0 0 0 2 1 3 0 1 0 0 0 0 0 0 4 1 0 0 0 0 0 0 0 0 0 0 0 0
0 0 0 3 1 0 1 1 0 0 0 14 0 1 0 0 0 3 0 0 3 4 0 0 0 0 0 0 0 0 0 0 0 0
0 0 0 1 0 0 0 1 1 3 0 3 0 1 0 0 0 0 0 0 2 2 0 0 0 0 0 0 0 0 0 0 0 0
0 0 0 1 0 0 0 2 0 2 1 0 0 0 0 0 0 0 0 0 2 1 0 0 0 0 0 0 0 0 0 1 0 0
0 0 0 2 0 0 0 1 3 1 0 0 1 1 0 0 0 0 0 0 2 1 0 0 0 0 0 0 0 0 0 0 0 0
0 0 0 1 0 0 0 0 0 0 0 16 0 3 0 0 0 2 0 0 4 1 0 0 0 0 0 0 0 0 0 0 0 0
1 0 0 1 0 0 0 0 1 1 1 0 0 65 0 0 0 1 0 0 2 1 0 0 0 0 0 0 0 0 0 0 0 0
1 0 0 1 1 0 0 0 0 0 0 1 0 2 0 0 0 0 0 1 2 2 0 0 0 0 0 0 0 0 0 0 0 0
0 0 0 2 0 0 0 3 1 0 0 2 0 0 0 0 0 1 0 1 2 1 0 0 0 0 0 0 0 0 0 0 0 0
1 0 0 0 1 0 0 0 0 1 0 1 0 2 0 0 0 0 0 0 2 2 0 0 0 0 0 0 0 0 0 0 0 0
0 0 0 1 0 0 0 3 0 0 0 7 0 2 0 0 0 0 0 0 2 1 0 0 0 0 0 0 0 0 0 0 0 0
0 0 0 1 3 0 0 0 1 2 0 2 0 1 0 0 0 0 0 1 4 1 0 0 0 0 0 0 0 0 0 0 0 0
0 0 0 4 0 0 0 4 0 0 0 11 0 4 0 0 0 2 0 0 3 4 0 0 0 0 0 0 0 0 0 0 0 0
0 0 0 4 1 0 0 0 1 1 0 0 5 2 0 0 0 0 0 0 1 5 0 0 0 0 0 0 0 0 0 1 0 0
1 0 0 0 1 0 0 0 0 0 0 2 0 2 0 0 0 0 0 0 2 2 0 0 0 0 0 0 0 0 0 0 0 0
1 0 0 0 1 0 0 0 0 1 0 1 0 2 0 0 0 0 0 0 2 2 0 0 0 0 0 0 0 0 0 0 0 0
0 0 0 2 2 0 0 6 0 0 0 12 0 3 0 0 0 0 0 0 3 6 0 0 0 0 0 0 0 0 0 0 0 0
0 0 0 0 0 0 0 1 4 1 0 0 0 2 0 0 0 0 0 0 2 2 0 0 0 0 0 0 0 0 0 0 0 0
0 0 0 3 3 0 0 4 0 1 1 0 0 2 0 0 0 0 0 0 4 3 0 0 0 0 0 0 0 0 0 0 0 0
0 0 0 2 0 0 0 3 0 0 0 8 0 8 0 0 0 1 0 0 3 2 0 0 0 0 0 0 0 0 0 0 0 1
0 0 0 0 3 1 0 0 0 1 1 3 0 1 0 0 0 0 0 0 4 1 0 0 0 0 0 0 0 0 0 0 0 0
0 0 0 1 2 1 0 0 0 1 1 3 0 1 0 0 0 0 0 0 4 1 0 0 0 0 0 0 0 0 0 0 0 0
0 0 0 0 0 0 0 1 0 1 0 10 0 7 0 0 0 0 0 0 3 2 0 0 0 0 0 0 0 0 0 0 0 0
0 1 0 1 0 0 0 0 1 2 0 0 0 0 0 0 0 0 0 0 2 1 0 0 0 0 0 0 0 0 0 0 0 0
0 0 0 4 0 0 0 4 0 0 0 3 0 0 0 0 0 0 0 1 2 2 0 0 0 0 0 0 0 0 0 0 0 0
1 0 0 1 1 0 0 2 0 1 1 0 0 1 0 0 0 0 0 0 1 2 0 0 0 0 0 0 0 0 0 0 0 0
0 0 0 1 2 0 0 4 1 1 0 1 0 0 0 0 0 0 0 2 3 1 0 0 0 0 0 0 0 0 0 0 0 0
0 0 0 1 3 0 0 1 1 2 0 2 0 2 0 0 0 0 0 0 4 1 0 0 0 0 0 0 0 0 0 0 0 0
0 0 0 1 1 0 0 3 2 4 0 0 1 3 0 1 0 0 0 0 2 3 0 0 0 0 0 0 0 0 0 0 0 0
1 0 0 0 1 0 0 0 0 0 0 2 0 2 0 0 0 0 0 0 2 2 0 0 0 0 0 0 0 0 0 0 0 0
1 0 0 0 1 0 0 0 0 0 0 2 0 2 0 0 0 0 0 0 2 2 0 0 0 0 0 0 0 0 0 0 0 0
0 0 0 0 0 1 0 4 1 1 2 3 1 0 0 0 0 0 1 0 2 2 0 0 0 0 0 0 0 0 0 0 0 0
0 0 0 1 6 0 0 1 0 4 2 6 0 4 0 0 0 0 0 0 3 2 0 0 0 0 0 0 0 0 0 0 0 0
0 0 0 1 0 0 0 0 0 2 0 10 0 7 0 0 0 1 0 0 4 1 0 0 0 0 0 0 0 0 0 0 0 0
1 0 0 0 1 0 0 0 0 0 0 1 0 2 0 0 0 0 0 0 2 2 0 0 0 0 0 0 0 0 0 0 0 1
0 0 0 1 6 0 0 2 2 3 3 4 0 4 0 0 0 0 0 2 3 4 0 0 0 0 0 0 0 0 0 0 0 0
1 0 0 1 1 0 0 1 0 0 0 1 0 2 0 0 0 0 0 0 2 2 0 0 0 0 0 0 0 0 0 0 0 0
0 0 0 1 0 0 0 3 0 2 0 0 4 1 0 0 0 0 0 0 3 1 0 0 0 0 0 0 0 0 0 0 0 0
0 0 0 0 1 0 0 2 0 0 0 6 1 3 0 0 0 1 0 0 2 2 0 0 0 0 0 0 0 0 0 0 0 0
0 0 0 0 4 0 0 2 0 3 1 1 0 2 0 0 0 0 0 0 2 1 0 0 0 0 0 0 0 0 0 0 0 0
0 0 0 0 3 0 0 0 1 1 1 3 0 1 0 0 0 0 0 0 4 1 0 0 0 0 0 0 0 0 0 0 0 0
1 0 0 0 1 0 0 0 0 0 0 2 0 2 0 0 0 0 0 0 2 2 0 0 0 0 0 0 0 0 0 0 0 0
1 0 0 0 1 0 0 0 0 0 0 2 0 2 0 0 0 0 0 0 2 2 0 0 0 0 0 0 0 0 0 0 0 0
0 0 0 0 1 0 0 4 1 2 0 0 10 3 0 0 0 0 0 0 3 2 0 0 0 0 0 0 0 0 0 0 0 0
0 0 0 2 6 0 0 2 0 1 3 5 0 4 0 0 0 3 0 0 3 4 0 0 0 0 0 0 0 0 0 0 0 0
1 0 0 0 1 0 0 0 0 0 0 2 0 2 0 0 0 0 0 0 2 2 0 0 0 0 0 0 0 0 0 0 0 0
0 0 0 0 1 0 0 2 0 2 0 0 1 0 0 0 0 0 0 0 2 1 0 0 0 0 0 0 0 0 0 1 0 0
0 0 0 0 2 1 0 0 0 1 2 3 0 1 0 0 0 0 0 0 4 1 0 0 0 0 0 0 0 0 0 0 0 0
0 0 0 3 2 0 0 1 0 1 0 3 0 1 0 0 0 0 0 0 4 1 0 0 0 0 0 0 0 0 0 0 0 0
0 0 0 0 2 0 0 2 0 2 1 2 0 2 0 0 0 2 0 0 2 2 0 0 0 0 0 0 0 0 0 0 0 0
0 0 0 0 1 0 0 0 0 0 0 9 0 10 0 0 0 0 0 0 3 2 0 0 0 0 0 0 0 0 0 0 0 0
0 0 0 7 0 0 0 1 0 0 0 3 0 1 0 0 0 0 1 0 2 1 0 0 0 0 0 0 0 0 0 0 0 0
0 0 0 1 2 0 0 0 0 2 1 3 0 1 0 0 0 0 0 0 4 1 0 0 0 0 0 0 0 0 0 0 0 0
0 0 0 0 1 0 0 5 2 0 0 0 44 2 0 0 0 0 0 0 2 2 0 0 0 0 0 0 0 0 0 0 0 0
0 0 0 1 0 0 0 1 3 2 0 0 1 0 0 0 0 0 0 0 2 1 0 0 0 0 0 0 0 0 0 0 0 0
0 0 0 1 0 0 0 1 0 1 0 0 1 0 0 0 0 0 0 0 1 1 0 0 0 0 0 0 0 0 0 0 0 0
1 0 0 0 1 0 0 0 0 0 0 2 0 2 0 0 0 0 0 0 2 2 0 0 0 0 0 0 0 0 0 0 0 0
1 0 0 0 1 0 0 0 0 0 0 2 0 2 0 0 0 0 0 0 2 2 0 0 0 0 0 0 0 0 0 0 0 0
0 0 0 0 1 0 0 2 0 2 0 0 0 2 0 0 0 0 0 0 1 1 0 0 0 0 0 0 0 0 0 0 0 0
0 0 0 0 0 0 0 3 5 0 0 0 1 2 0 0 0 0 0 0 2 2 0 0 0 0 0 0 0 0 0 0 0 0
0 0 0 1 2 0 0 0 0 2 1 3 0 1 0 0 0 0 0 0 4 1 0 0 0 0 0 0 0 0 0 0 0 0
0 0 0 3 3 0 1 2 1 3 2 4 0 5 0 0 0 0 0 0 3 2 0 0 0 0 0 0 0 0 0 0 0 0
0 0 0 5 3 0 0 3 0 1 0 8 0 2 0 1 0 1 0 0 3 4 0 0 0 0 0 0 0 0 0 0 0 0
1 0 0 1 1 0 0 1 0 0 0 1 0 3 0 0 0 0 0 0 2 2 0 0 0 0 0 0 0 0 0 0 0 0
0 0 0 0 3 1 0 0 0 1 1 3 0 1 0 0 0 0 0 0 4 1 0 0 0 0 0 0 0 0 0 0 0 0
0 0 0 2 2 1 0 0 0 1 1 2 0 1 0 0 0 0 0 1 4 1 0 0 0 0 0 0 0 0 0 0 0 0
0 0 0 0 2 0 0 1 0 4 0 0 0 2 0 0 0 0 0 1 2 1 0 0 0 0 0 0 0 0 0 0 0 0
0 0 0 0 4 0 0 1 2 1 1 2 0 1 0 0 0 0 0 0 4 1 0 0 0 0 0 0 0 0 0 0 0 0
0 0 0 2 3 0 0 1 0 0 1 3 0 1 0 0 0 0 0 0 4 1 0 0 0 0 0 0 0 0 0 0 0 0
0 0 0 2 4 0 0 4 1 5 2 5 0 3 0 0 0 0 0 0 3 2 0 0 0 0 0 0 0 0 0 0 0 0
1 0 0 0 1 0 0 0 0 0 0 2 0 2 0 0 0 0 0 0 2 2 0 0 0 0 0 0 0 0 0 0 0 0
0 0 0 1 0 0 0 0 3 2 0 0 1 0 0 0 0 0 0 0 2 1 0 0 0 0 0 0 0 0 0 0 0 0
0 0 0 2 0 0 0 0 0 0 0 11 0 1 0 0 0 2 0 0 3 2 0 0 0 0 0 0 0 0 0 0 0 0
1 0 0 1 0 0 0 2 0 1 0 0 1 0 0 0 0 0 0 0 2 1 0 0 0 0 0 0 0 0 0 0 0 0
0 0 0 0 3 1 0 0 0 1 1 3 0 1 0 0 0 0 0 0 4 1 0 0 0 0 0 0 0 0 0 0 0 0
1 0 0 0 1 0 0 0 0 0 0 2 0 2 0 0 0 0 0 0 2 2 0 0 0 0 0 0 0 0 0 0 0 0
1 0 0 0 1 0 0 0 0 2 0 2 0 2 0 0 0 0 0 0 2 2 0 0 0 0 0 0 0 0 0 0 0 0
0 0 0 1 2 0 0 1 0 1 2 2 0 1 0 0 0 1 0 0 4 2 0 0 0 0 0 0 0 0 0 0 0 0
0 0 0 0 0 0 0 0 1 3 0 4 0 0 0 0 0 0 0 0 2 2 0 0 0 0 0 0 0 0 0 0 0 0
0 0 0 1 0 0 0 1 0 1 0 0 1 0 0 0 0 0 0 0 1 1 0 0 0 0 0 0 0 0 0 0 0 0
0 0 0 2 2 1 0 0 0 1 1 2 0 2 0 0 0 1 0 0 4 1 0 0 0 0 0 0 0 0 0 0 0 0
0 0 0 1 2 0 0 0 0 2 1 3 0 1 0 0 0 0 0 0 4 1 0 0 0 0 0 0 0 0 0 0 0 0
0 0 0 2 2 0 0 2 0 0 0 11 0 3 0 0 0 1 0 0 3 3 0 0 0 0 0 0 0 0 0 0 0 0
0 0 0 3 1 0 0 2 1 0 0 13 0 2 0 0 0 3 0 0 3 5 0 0 0 0 0 0 0 0 0 0 0 0
0 0 0 0 6 0 0 0 0 2 3 7 0 4 0 0 0 0 0 0 3 2 0 0 0 0 0 0 0 0 0 0 0 0
1 0 0 0 1 0 0 0 0 0 0 2 0 2 0 0 0 0 0 0 2 2 0 0 0 0 0 0 0 0 0 0 0 0
0 0 0 1 0 0 0 2 0 0 0 7 0 2 0 0 0 0 0 0 2 1 0 0 0 0 0 0 0 0 0 0 0 0
0 0 0 1 0 0 0 1 1 0 0 15 0 2 0 0 0 1 0 0 3 2 0 0 0 0 0 0 0 0 0 0 0 0
0 0 0 1 2 0 0 1 2 2 1 2 0 1 0 0 0 0 0 0 4 1 0 0 0 0 0 0 0 0 0 0 0 0
1 0 0 0 1 0 0 0 0 0 0 2 0 2 0 0 0 0 0 0 2 2 0 0 0 0 0 0 0 0 0 0 0 0
1 0 0 0 0 0 0 0 1 2 0 1 0 0 0 0 0 0 0 0 1 1 0 0 0 0 0 0 0 0 0 0 0 0
1 0 0 0 1 0 0 0 0 0 0 2 0 2 0 0 0 0 0 0 2 2 0 0 0 0 0 0 0 0 0 0 0 0
0 0 0 0 0 0 0 3 1 2 0 0 6 2 0 0 0 0 0 0 3 1 0 0 0 0 0 0 0 0 0 0 0 0
0 0 0 0 0 0 0 1 0 1 0 0 10 9 0 0 0 0 0 0 1 8 0 0 0 0 0 0 0 0 0 0 0 0
0 0 0 1 3 0 0 0 1 1 0 2 0 2 0 0 0 0 0 0 4 1 0 0 0 0 0 0 0 0 0 0 0 0
0 0 0 1 0 0 0 2 1 0 0 10 0 1 0 0 0 0 0 1 3 1 0 0 0 0 0 0 0 0 0 0 0 0
0 0 0 1 0 0 0 2 0 3 0 0 1 1 0 0 0 0 0 0 2 1 0 0 0 0 0 0 0 0 0 1 0 0
1 0 0 0 1 0 0 0 0 0 0 2 0 2 0 0 0 0 0 0 2 2 0 0 0 0 0 0 0 0 0 0 0 0
0 0 0 1 0 0 0 1 1 3 0 0 2 4 0 0 0 0 0 0 3 1 0 0 0 0 0 0 0 0 0 0 0 0
1 0 0 0 1 0 0 0 0 0 0 2 0 2 0 0 0 0 0 0 2 2 0 0 0 0 0 0 0 0 0 0 0 0
0 0 0 2 0 0 0 0 0 1 0 5 0 1 0 0 0 1 0 1 2 1 0 0 0 0 0 0 0 0 0 0 0 0
0 0 0 3 1 0 0 3 1 0 0 4 0 0 0 0 0 0 0 0 2 1 0 0 0 0 0 0 0 0 0 0 0 0
1 0 0 0 1 0 0 0 0 0 0 2 0 2 0 0 0 0 0 0 2 2 0 0 0 0 0 0 0 0 0 0 0 0
1 0 0 1 0 0 0 2 1 0 0 0 0 1 0 0 0 0 0 0 2 1 0 0 0 0 0 0 0 0 0 0 0 0
0 0 0 2 0 0 0 1 0 1 0 0 1 0 0 0 0 1 0 0 1 1 0 0 0 0 0 0 0 0 0 0 0 0
0 0 0 1 0 0 0 3 2 1 0 0 1 2 0 0 0 0 0 0 2 1 0 0 0 0 0 0 0 0 0 0 0 0
0 0 0 0 3 0 0 0 0 3 0 3 0 1 0 0 0 0 0 0 4 1 0 0 0 0 0 0 0 0 0 0 0 0
0 0 0 1 1 0 0 2 0 1 0 4 1 2 0 0 0 1 0 1 2 2 0 0 0 0 0 0 0 0 0 0 0 0
1 0 0 1 35 0 0 1 1 2 0 1 0 2 0 0 0 1 0 1 1 4 0 0 0 0 0 0 0 0 0 0 0 0
1 0 0 1 1 0 0 1 0 1 0 1 0 2 0 0 0 0 0 0 2 2 0 0 0 0 0 0 0 0 0 0 0 0
0 0 0 1 3 0 0 1 0 0 2 3 0 1 0 0 0 0 0 0 4 1 0 0 0 0 0 0 0 0 0 0 0 0
0 0 0 0 0 0 0 2 0 0 0 7 0 1 0 0 0 0 0 0 2 1 0 0 0 0 0 0 0 0 0 0 0 1
1 0 0 0 1 0 0 0 0 0 0 2 0 2 0 0 0 0 0 0 2 2 0 0 0 0 0 0 0 0 0 0 0 0
1 0 0 0 1 0 0 0 0 0 0 2 0 2 0 0 0 0 0 0 2 2 0 0 0 0 0 0 0 0 0 0 0 0
0 0 0 0 3 0 0 0 1 1 1 3 0 1 0 0 0 0 0 0 4 1 0 0 0 0 0 0 0 0 0 0 0 0
0 0 0 1 2 1 0 0 0 1 1 3 0 1 0 0 0 0 0 0 4 1 0 0 0 0 0 0 0 0 0 0 0 0
0 0 0 2 2 1 0 1 1 1 1 2 0 1 0 0 0 0 0 0 4 1 0 0 0 0 0 0 0 0 0 0 0 0
0 0 0 1 0 0 0 1 0 3 0 0 2 0 0 0 0 0 0 0 1 1 0 0 0 0 0 0 0 0 0 0 0 0
0 0 0 2 0 0 0 0 0 0 0 9 0 0 0 0 0 0 0 0 2 1 0 0 0 0 0 0 0 0 0 0 0 0
0 0 0 0 2 0 0 0 0 0 0 8 0 10 0 0 0 1 0 3 3 4 0 0 0 0 0 0 0 0 0 0 0 0
0 0 0 0 3 0 0 0 0 4 1 3 0 1 0 0 0 0 0 0 4 1 0 0 0 0 0 0 0 0 0 0 0 0
0 0 0 6 0 0 0 3 0 1 0 3 0 0 0 0 0 0 0 1 2 3 0 0 0 0 0 0 0 0 0 0 0 0
0 0 0 0 0 0 1 2 1 0 0 6 0 0 0 0 0 1 0 1 2 1 0 0 0 0 0 0 0 0 0 0 0 0
0 0 0 4 1 0 0 2 1 1 0 3 0 1 0 0 0 0 0 1 2 1 0 0 0 0 0 0 0 0 0 0 0 0
1 0 0 0 0 0 0 2 2 1 0 0 2 0 0 0 0 0 0 0 2 2 0 0 0 0 0 0 0 0 0 0 0 0
0 0 0 0 2 0 0 3 0 2 0 3 0 0 0 0 0 0 0 0 2 1 0 0 0 0 0 0 0 0 0 0 0 0
1 0 0 1 2 0 0 2 0 0 0 0 0 2 0 1 0 0 0 0 2 2 0 0 0 0 0 0 0 0 0 0 0 0
0 0 0 2 8 0 0 1 0 1 3 3 0 6 0 0 0 2 0 1 3 3 0 0 0 0 0 0 0 0 0 0 0 0
0 0 0 1 2 0 0 0 0 2 1 3 0 1 0 0 0 0 0 0 4 1 0 0 0 0 0 0 0 0 0 0 0 0
0 0 0 2 2 0 0 9 1 1 0 1 1 0 0 0 0 0 0 0 3 3 0 0 0 0 0 0 0 0 0 0 0 0
0 1 0 1 0 0 0 0 1 2 0 0 0 0 0 0 0 0 0 0 2 1 0 0 0 0 0 0 0 0 0 0 0 0
0 0 0 4 0 0 0 3 0 0 0 6 0 8 0 0 0 0 0 0 3 4 0 0 0 0 0 0 0 0 0 0 0 0
0 0 0 0 0 0 0 1 0 0 0 11 0 6 0 0 0 1 0 0 3 2 0 0 0 0 0 0 0 0 0 0 0 0
1 0 0 0 1 0 0 0 0 0 0 2 0 2 0 0 0 0 0 0 2 2 0 0 0 0 0 0 0 0 0 0 0 0
0 0 0 0 3 1 0 0 0 1 1 3 0 1 0 0 0 0 0 0 4 1 0 0 0 0 0 0 0 0 0 0 0 0
0 0 0 0 0 0 0 3 0 0 0 8 0 2 0 0 0 1 0 0 3 1 0 0 0 0 0 0 0 0 0 0 0 0
0 0 0 1 0 0 0 2 0 0 0 8 1 1 0 0 0 0 0 0 2 2 0 0 0 0 0 0 0 0 0 0 0 0
0 0 0 0 0 0 0 4 2 1 0 7 0 0 0 0 0 2 0 1 3 2 0 0 0 0 0 0 0 0 0 0 0 0
0 0 0 0 3 1 0 0 0 1 1 3 0 1 0 0 0 0 0 0 4 1 0 0 0 0 0 0 0 0 0 0 0 0
0 0 0 0 0 0 0 0 0 0 0 10 0 9 0 0 0 0 0 0 3 2 0 0 0 0 0 0 0 0 0 0 0 0
0 0 0 3 0 0 0 1 1 0 0 8 0 5 0 0 0 1 0 2 3 4 0 0 0 0 0 0 0 0 0 0 0 2
1 0 0 0 1 0 0 0 0 0 0 2 0 2 0 0 0 0 0 0 2 2 0 0 0 0 0 0 0 0 0 0 0 0
0 0 0 0 2 1 0 0 0 1 2 3 0 1 0 0 0 0 0 0 4 1 0 0 0 0 0 0 0 0 0 0 0 0
0 0 0 0 4 0 0 0 0 4 0 6 0 2 0 0 0 0 0 0 2 2 0 0 0 0 0 0 0 0 0 0 0 1
0 0 0 1 4 1 0 1 1 1 1 0 0 1 0 0 0 0 0 2 4 3 0 0 0 0 0 0 0 0 0 0 0 0
1 0 0 0 1 0 0 0 0 0 0 2 0 2 0 0 0 0 0 0 2 2 0 0 0 0 0 0 0 0 0 0 0 0
0 0 0 0 1 0 0 2 1 1 0 0 0 0 0 0 0 0 0 0 2 1 0 0 0 0 0 0 0 0 0 1 0 0
0 0 0 2 0 0 0 1 0 0 0 5 0 3 0 0 0 0 0 0 2 1 0 0 0 0 0 0 0 0 0 0 0 0
0 0 0 0 0 0 0 2 0 0 0 7 0 2 0 0 0 1 0 0 2 1 0 0 0 0 0 0 0 0 0 0 0 0
0 0 0 2 2 0 0 5 0 0 0 3 0 2 0 0 0 0 0 0 2 3 0 0 0 0 0 0 0 0 0 0 0 0
0 0 0 4 2 0 0 0 0 0 0 6 0 7 0 1 0 0 0 0 3 2 0 0 0 0 0 0 0 0 0 0 0 0
1 0 0 0 1 0 0 0 0 0 0 2 0 2 0 0 0 0 0 0 2 2 0 0 0 0 0 0 0 0 0 0 0 0
1 0 0 0 1 0 0 0 0 0 0 2 0 2 0 0 0 0 0 0 2 2 0 0 0 0 0 0 0 0 0 0 0 0
0 0 0 2 1 0 0 7 2 1 0 9 0 0 0 0 0 0 0 3 3 5 0 0 0 0 0 0 0 0 0 0 0 0
0 0 0 1 1 0 1 2 1 1 0 0 3 2 0 0 0 0 0 0 3 2 0 0 0 0 0 0 0 0 0 1 0 0
1 0 0 0 1 0 0 0 0 0 0 2 0 2 0 0 0 0 0 0 2 2 0 0 0 0 0 0 0 0 0 0 0 0
0 0 0 2 0 0 0 0 1 0 0 3 0 5 0 0 0 0 0 0 2 1 0 0 0 0 0 0 0 0 0 0 0 0
0 0 0 1 0 0 0 2 0 0 0 6 0 1 0 0 0 1 0 0 2 1 0 0 0 0 0 0 0 0 0 0 0 0
0 0 0 0 2 0 0 0 1 2 0 2 0 1 0 0 0 0 0 0 4 1 0 0 0 0 0 0 0 0 0 0 0 1
0 0 0 3 2 0 0 0 0 1 1 2 0 3 0 0 0 0 0 1 2 1 0 0 0 0 0 0 0 0 0 0 0 0
0 0 0 1 6 0 1 1 0 1 3 6 0 4 0 0 0 1 0 0 3 2 0 0 0 0 0 0 0 0 0 0 0 0
0 0 0 0 0 0 0 0 1 3 0 4 0 0 0 0 0 0 0 0 2 2 0 0 0 0 0 0 0 0 0 0 0 0
0 0 0 1 3 0 0 0 3 1 1 1 0 1 0 0 0 0 0 0 2 2 0 0 0 0 0 0 0 0 0 0 0 0
1 0 0 0 1 0 0 0 0 0 0 2 0 2 0 0 0 0 0 0 2 2 0 0 0 0 0 0 0 0 0 0 0 0
0 0 0 2 0 0 0 1 0 0 0 6 0 1 0 0 0 1 0 0 2 1 0 0 0 0 0 0 0 0 0 0 0 0
0 0 0 2 2 0 0 0 0 2 1 2 0 2 0 0 0 0 0 0 4 1 0 0 0 0 0 0 0 0 0 0 0 0
1 0 0 0 1 0 0 0 0 0 0 2 0 2 0 0 0 0 0 0 2 2 0 0 0 0 0 0 0 0 0 0 0 0
0 0 0 1 2 0 0 3 2 1 1 7 0 3 0 0 0 1 0 0 3 2 0 0 0 0 0 0 0 0 0 0 0 0
0 0 0 0 1 0 2 1 1 2 0 0 1 3 0 0 0 0 0 0 3 1 0 0 0 0 0 0 0 0 0 1 0 0
1 0 0 0 1 0 0 0 0 0 0 2 0 2 0 0 0 0 0 0 2 2 0 0 0 0 0 0 0 0 0 0 0 0
0 1 0 1 0 0 0 0 1 2 0 0 0 0 0 0 0 0 0 0 2 1 0 0 0 0 0 0 0 0 0 0 0 0
1 1 0 1 0 1 0 1 0 0 0 0 1 0 0 0 0 0 0 0 2 1 0 0 0 0 0 0 0 0 0 0 0 0
0 0 0 4 0 0 0 3 1 0 0 1 0 1 0 0 0 0 0 0 2 1 0 0 0 0 0 0 0 0 0 0 0 0
0 0 0 0 2 0 0 0 0 3 1 3 0 1 0 0 0 0 0 0 4 1 0 0 0 0 0 0 0 0 0 0 0 0
0 0 0 0 2 1 0 0 0 1 2 3 0 1 0 0 0 0 0 0 4 1 0 0 0 0 0 0 0 0 0 0 0 0
0 0 0 0 2 0 0 0 1 2 1 3 0 1 0 0 0 0 0 0 4 1 0 0 0 0 0 0 0 0 0 0 0 0
0 0 0 0 0 0 0 1 1 3 1 3 0 1 0 0 0 0 0 0 4 1 0 0 0 0 0 0 0 0 0 0 0 0
1 0 0 0 1 0 0 0 0 0 0 2 0 2 0 0 0 0 0 0 2 2 0 0 0 0 0 0 0 0 0 0 0 0
0 0 0 2 0 0 0 0 1 4 0 0 1 5 0 0 0 0 0 0 3 2 0 0 0 0 0 0 0 0 0 0 0 0
0 0 0 1 0 0 0 2 0 0 0 8 0 0 0 0 0 2 0 0 2 2 0 0 0 0 0 0 0 0 0 0 0 0
0 0 0 3 1 0 0 6 1 0 0 10 0 2 0 0 0 0 0 1 3 5 0 0 0 0 0 0 0 0 0 0 0 0
0 0 0 0 1 0 1 3 1 0 0 0 1 1 0 0 0 0 0 0 2 1 0 0 0 0 0 0 0 0 0 1 0 0
0 0 0 0 1 0 0 3 0 2 0 0 0 1 0 0 0 0 0 0 1 1 0 0 0 0 0 0 0 0 0 0 0 0
0 0 0 0 0 0 0 2 0 0 0 8 0 0 0 0 0 1 0 0 2 1 0 0 0 0 0 0 0 0 0 0 0 0
1 0 0 1 1 0 0 1 2 1 0 0 0 1 0 0 0 0 0 0 2 2 0 0 0 0 0 0 0 0 0 0 0 0
1 0 0 1 1 0 1 1 0 0 0 0 1 1 0 0 0 0 0 0 2 2 0 0 0 0 0 0 0 0 0 0 0 0
0 0 0 0 1 0 0 1 1 1 0 5 1 2 0 0 0 0 0 0 2 2 0 0 0 0 0 0 0 0 0 0 0 2
0 0 0 0 0 0 0 2 1 1 0 0 1 2 0 0 0 0 0 0 1 1 0 0 0 0 0 0 0 0 0 0 0 0
0 0 0 2 1 0 0 4 0 0 0 1 2 2 0 0 0 0 0 0 2 2 0 0 0 0 0 0 0 0 0 0 0 0
0 0 0 1 0 0 0 1 1 1 0 0 1 0 0 0 0 0 0 0 1 1 0 0 0 0 0 0 0 0 0 0 0 0
0 0 0 0 7 0 0 1 0 2 3 6 0 4 0 0 0 0 0 0 3 2 0 0 0 0 0 0 0 0 0 0 0 0
0 0 0 1 2 0 0 0 0 5 2 6 0 3 0 0 0 2 0 1 3 2 0 0 0 0 0 0 0 0 0 0 0 0
1 0 0 1 1 0 0 1 1 0 0 1 0 2 0 0 0 0 0 0 2 2 0 0 0 0 0 0 0 0 0 0 0 0
0 0 0 1 0 0 1 2 2 1 0 0 1 2 0 0 0 0 0 0 2 1 0 0 0 0 0 0 0 0 0 0 0 0
0 0 0 2 2 0 0 0 0 2 1 2 0 1 0 0 0 0 0 1 4 1 0 0 0 0 0 0 0 0 0 0 0 0
0 0 0 0 0 0 0 1 0 2 0 1 0 1 0 0 0 0 0 1 1 1 0 0 0 0 0 0 0 0 0 0 0 0
0 0 0 3 0 0 0 0 0 0 0 8 0 0 0 0 0 0 0 0 2 1 0 0 0 0 0 0 0 0 0 0 0 0
0 0 0 0 1 0 0 0 1 0 0 8 0 0 0 0 0 0 0 1 2 1 0 0 0 0 0 0 0 0 0 0 0 0
0 0 0 1 0 0 0 3 1 2 0 0 1 2 0 0 0 0 0 0 2 1 0 0 0 0 0 0 0 0 0 0 0 0
0 0 0 2 0 0 0 0 0 0 0 8 0 11 0 0 0 2 0 0 3 2 0 0 0 0 0 0 0 0 0 0 0 0
0 0 0 1 0 0 0 2 0 3 0 0 1 1 0 0 0 0 0 0 2 1 0 0 0 0 0 0 0 0 0 1 0 0
1 0 0 2 1 0 0 2 2 0 0 0 0 2 0 0 0 0 0 0 2 2 0 0 0 0 0 0 0 0 0 0 0 0
0 0 0 0 0 0 0 3 2 4 0 7 0 0 0 0 0 0 0 0 3 2 0 0 0 0 0 0 0 0 0 0 0 0
0 0 0 1 1 0 0 0 1 3 0 0 3 3 0 0 0 0 0 0 1 3 0 0 0 0 0 0 0 0 0 1 0 0
0 0 0 2 0 0 0 0 0 0 0 9 0 0 0 0 0 0 0 0 2 1 0 0 0 0 0 0 0 0 0 0 0 0
1 0 0 0 1 0 0 0 0 0 0 2 0 2 0 0 0 0 0 0 2 2 0 0 0 0 0 0 0 0 0 0 0 0
1 0 0 1 1 0 0 0 0 0 0 1 0 2 0 0 0 0 0 1 2 2 0 0 0 0 0 0 0 0 0 0 0 0
0 0 0 1 2 0 0 1 2 0 1 0 0 0 0 0 0 0 0 1 2 1 0 0 0 0 0 0 0 0 0 0 0 0
1 0 0 1 1 0 0 0 0 0 0 1 0 3 0 0 0 1 0 0 2 2 0 0 0 0 0 0 0 0 0 0 0 0
0 0 0 1 2 0 0 0 0 2 1 3 0 1 0 0 0 0 0 0 4 1 0 0 0 0 0 0 0 0 0 0 0 0
0 0 0 2 0 0 0 3 1 1 0 0 0 0 0 0 0 1 0 0 2 1 0 0 0 0 0 0 0 0 0 0 0 0
0 0 0 0 3 1 0 0 0 1 1 3 0 1 0 0 0 0 0 0 4 1 0 0 0 0 0 0 0 0 0 0 0 0
1 0 0 0 1 0 0 0 0 0 0 2 0 2 0 0 0 0 0 0 2 2 0 0 0 0 0 0 0 0 0 0 0 0
1 0 0 0 2 0 0 2 0 0 0 0 2 2 0 0 0 0 0 0 2 3 0 0 0 0 0 0 0 0 0 0 0 0
0 0 0 2 4 0 0 2 0 0 2 1 0 2 0 0 0 0 0 0 2 1 0 0 0 0 0 0 0 0 0 0 0 0
1 0 0 0 1 0 0 0 0 0 0 2 0 2 0 0 0 0 0 0 2 2 0 0 0 0 0 0 0 0 0 0 0 0
1 0 0 0 1 0 0 0 0 0 0 2 0 2 0 0 0 0 0 0 2 2 0 0 0 0 0 0 0 0 0 0 0 0
0 0 0 1 3 0 1 5 3 0 0 9 0 1 0 1 0 4 0 0 3 5 0 0 0 0 0 0 0 0 0 0 0 0
1 0 0 1 2 0 0 0 0 0 0 0 0 3 0 0 0 1 0 0 2 2 0 0 0 0 0 0 0 0 0 0 0 0
0 0 0 0 3 0 0 0 1 1 1 3 0 1 0 0 0 0 0 0 4 1 0 0 0 0 0 0 0 0 0 0 0 0
0 0 0 0 3 1 0 0 0 1 1 3 0 1 0 0 0 0 0 0 4 1 0 0 0 0 0 0 0 0 0 0 0 0
1 0 0 0 1 0 0 0 0 0 0 2 0 2 0 0 0 0 0 0 2 2 0 0 0 0 0 0 0 0 0 0 0 0
0 0 0 4 1 0 0 2 0 1 0 3 3 1 0 0 0 0 0 0 2 3 0 0 0 0 0 0 0 0 0 0 0 0
0 0 0 1 0 0 0 1 0 1 0 4 0 1 0 1 0 1 0 1 2 1 0 0 0 0 0 0 0 0 0 0 0 0
1 0 0 0 2 0 0 0 0 0 0 1 0 2 0 0 0 1 0 0 2 2 0 0 0 0 0 0 0 0 0 0 0 0
0 0 0 1 4 0 0 1 0 0 1 3 0 1 0 0 0 0 0 0 4 1 0 0 0 0 0 0 0 0 0 0 0 0
0 0 0 2 4 0 0 1 0 1 2 1 0 2 0 0 0 0 0 0 2 1 0 0 0 0 0 0 0 0 0 0 0 0
1 0 0 0 1 0 0 0 1 2 0 0 0 0 0 0 0 0 0 0 1 1 0 0 0 0 0 0 0 0 0 0 0 0
0 0 0 6 1 0 0 1 1 1 0 4 0 6 0 0 0 1 0 2 3 4 0 0 0 0 0 0 0 0 0 0 0 0
0 0 0 0 0 0 0 2 0 0 0 8 0 1 0 0 0 0 0 0 2 1 0 0 0 0 0 0 0 0 0 0 0 0
1 0 0 0 1 0 0 0 0 0 0 2 0 2 0 0 0 0 0 0 2 2 0 0 0 0 0 0 0 0 0 0 0 0
0 0 0 2 0 0 0 4 0 5 0 0 1 2 0 0 0 0 0 0 4 1 0 0 0 0 0 0 0 0 0 0 0 0
0 0 0 2 1 0 0 2 0 2 0 0 0 0 0 0 0 0 0 0 1 1 0 0 0 0 0 0 0 0 0 0 0 0
1 0 0 0 1 0 0 0 0 0 0 2 0 2 0 0 0 0 0 0 2 2 0 0 0 0 0 0 0 0 0 0 0 0
0 0 0 0 3 0 0 0 1 1 1 3 0 1 0 0 0 0 0 0 4 1 0 0 0 0 0 0 0 0 0 0 0 0
0 0 0 1 1 0 0 6 2 2 0 0 0 3 0 0 0 0 0 1 2 2 0 0 0 0 0 0 0 0 0 0 0 0
0 0 0 1 7 0 0 5 1 1 4 3 0 4 0 0 0 0 0 2 3 6 0 0 0 0 0 0 0 0 0 0 0 0
0 0 0 1 0 0 0 1 1 1 0 0 1 0 0 0 0 0 0 0 1 1 0 0 0 0 0 0 0 0 0 0 0 0
0 0 0 0 0 0 0 3 2 2 0 0 2 2 0 0 0 0 0 0 3 1 0 0 0 0 0 0 0 0 0 0 0 0
1 0 0 0 1 0 0 0 0 0 0 2 0 2 0 0 0 0 0 0 2 2 0 0 0 0 0 0 0 0 0 0 0 0
1 0 0 0 1 0 0 2 0 1 0 0 1 0 0 0 0 0 0 0 2 2 0 0 0 0 0 0 0 0 0 0 0 0
1 0 0 0 1 0 0 0 0 0 0 2 0 2 0 0 0 0 0 0 2 2 0 0 0 0 0 0 0 0 0 0 0 0
0 0 0 1 1 0 0 2 1 1 0 1 0 0 0 0 0 0 0 0 2 1 0 0 0 0 0 0 0 0 0 1 0 0
0 0 0 2 0 0 0 5 1 0 0 5 0 2 0 0 0 0 0 0 3 1 0 0 0 0 0 0 0 0 0 0 0 0
0 0 0 0 1 0 0 2 1 1 0 0 0 0 0 0 0 0 0 0 2 1 0 0 0 0 0 0 0 0 0 1 0 0
0 0 0 3 0 0 0 1 1 0 0 8 0 0 0 0 0 0 0 0 2 1 0 0 0 0 0 0 0 0 0 0 0 0
0 0 0 3 1 0 0 4 1 0 0 5 0 12 0 0 0 0 0 2 3 4 0 0 0 0 0 0 0 0 0 0 0 0
0 0 0 0 1 0 0 0 0 1 0 1 0 0 0 0 0 1 0 0 1 1 0 0 0 0 0 0 0 0 0 0 0 0
1 0 0 0 1 0 0 0 0 0 0 2 0 2 0 0 0 0 0 0 2 2 0 0 0 0 0 0 0 0 0 0 0 0
1 0 0 0 1 0 0 0 0 0 0 0 0 1 0 0 0 0 0 0 2 1 0 0 0 0 0 0 0 0 0 0 0 1
0 0 0 2 0 0 0 1 0 0 0 2 0 6 0 0 0 2 0 2 2 2 0 0 0 0 0 0 0 0 0 0 0 0
1 0 0 1 0 0 0 0 1 1 0 3 0 0 0 0 0 0 0 0 2 1 0 0 0 0 0 0 0 0 0 0 0 0
0 0 0 5 0 0 0 3 0 0 0 9 0 5 0 0 0 2 0 0 3 4 0 0 0 0 0 0 0 0 0 0 0 1
1 0 0 0 1 0 0 0 0 0 0 2 0 2 0 0 0 0 0 0 2 2 0 0 0 0 0 0 0 0 0 0 0 0
0 0 0 0 0 0 0 5 0 1 0 1 0 0 0 0 0 1 0 0 1 1 0 0 0 0 0 0 0 0 0 0 0 0
0 0 0 0 0 0 0 2 0 0 0 9 0 0 0 0 0 0 0 0 2 1 0 0 0 0 0 0 0 0 0 0 0 0
0 0 0 0 2 0 0 3 3 1 1 0 0 1 0 0 0 0 0 0 2 1 0 0 0 0 0 0 0 0 0 0 0 0
0 0 0 0 1 0 0 3 3 2 0 0 7 3 0 0 0 0 0 0 3 2 0 0 0 0 0 0 0 0 0 0 0 0
0 0 0 2 0 0 0 2 0 0 0 8 0 11 0 0 0 0 0 0 3 2 0 0 0 0 0 0 0 0 0 0 0 0
0 0 0 3 0 0 0 0 0 0 0 8 0 0 0 0 0 0 0 0 2 1 0 0 0 0 0 0 0 0 0 0 0 0
0 0 0 4 1 0 0 6 0 0 0 10 0 2 0 0 0 2 0 0 3 5 0 0 0 0 0 0 0 0 0 0 0 0
1 0 0 0 1 0 0 0 0 0 0 2 0 2 0 0 0 0 0 0 2 2 0 0 0 0 0 0 0 0 0 0 0 0
0 0 0 4 3 0 0 4 0 0 1 0 0 2 0 0 0 0 0 0 4 3 0 0 0 0 0 0 0 0 0 0 0 0
0 0 0 2 3 0 0 1 0 0 1 3 0 1 0 0 0 0 0 0 4 1 0 0 0 0 0 0 0 0 0 0 0 0
0 0 0 1 4 0 0 3 0 1 1 4 0 8 0 0 0 1 0 0 3 4 0 0 0 0 0 0 0 0 0 0 0 1
0 0 0 19 7 0 0 13 7 3 0 36 1 66 0 1 0 10 0 7 1 64 0 0 0 0 0 0 0 0 0 0 0 1
0 0 0 0 4 0 0 1 0 2 2 1 0 2 0 0 0 0 0 1 2 1 0 0 0 0 0 0 0 0 0 0 0 0
0 0 0 2 0 0 0 5 0 0 0 5 0 2 0 0 0 0 0 0 2 3 0 0 0 0 0 0 0 0 0 0 0 0
0 0 0 1 2 1 0 0 0 1 1 3 0 1 0 0 0 0 0 0 4 1 0 0 0 0 0 0 0 0 0 0 0 0
1 0 0 0 1 0 0 0 0 0 0 2 0 2 0 0 0 0 0 0 2 2 0 0 0 0 0 0 0 0 0 0 0 0
0 0 0 1 2 0 0 4 0 1 0 1 1 0 0 2 0 0 0 0 2 2 0 0 0 0 0 0 0 0 0 0 0 0
1 0 0 0 1 0 0 0 0 0 0 2 0 2 0 0 0 0 0 0 2 2 0 0 0 0 0 0 0 0 0 0 0 0
1 0 0 0 1 0 0 0 0 0 0 2 0 2 0 0 0 0 0 0 2 2 0 0 0 0 0 0 0 0 0 0 0 0
0 0 0 0 3 0 0 2 1 0 1 4 0 7 0 0 0 1 0 0 4 1 0 0 0 0 0 0 0 0 0 0 0 3
0 0 0 1 2 1 0 0 0 1 1 3 0 1 0 0 0 0 0 0 4 1 0 0 0 0 0 0 0 0 0 0 0 0
0 0 0 1 2 0 0 0 0 2 1 3 0 1 0 0 0 0 0 0 4 1 0 0 0 0 0 0 0 0 0 0 0 0
0 0 0 2 0 0 0 2 0 1 0 1 0 0 0 0 0 0 0 0 1 1 0 0 0 0 0 0 0 0 0 0 0 0
0 0 0 3 2 0 0 1 0 0 1 3 0 1 0 0 0 0 0 0 4 1 0 0 0 0 0 0 0 0 0 0 0 0
1 0 0 0 1 0 0 0 0 0 0 2 0 2 0 0 0 0 0 0 2 2 0 0 0 0 0 0 0 0 0 0 0 0
1 0 0 0 1 0 0 0 0 0 0 2 0 2 0 0 0 0 0 0 2 2 0 0 0 0 0 0 0 0 0 0 0 0
0 0 0 0 0 0 0 2 2 3 0 8 1 1 0 0 0 0 0 0 2 3 0 0 0 0 0 0 0 0 0 0 0 0
0 0 0 1 2 1 0 0 0 1 1 3 0 1 0 0 0 0 0 0 4 1 0 0 0 0 0 0 0 0 0 0 0 0
0 0 0 0 3 1 0 0 0 1 1 2 0 1 0 0 0 0 0 0 4 1 0 0 0 0 0 0 0 0 0 0 0 1
0 0 0 0 2 0 0 3 1 2 0 0 0 0 0 0 0 0 0 0 2 1 0 0 0 0 0 0 0 0 0 1 0 0
1 0 0 0 0 0 0 1 2 2 0 0 0 64 0 0 0 1 0 0 2 2 0 0 0 0 0 0 0 0 0 0 0 0
0 0 0 1 2 1 0 0 0 1 1 3 0 1 0 0 0 0 0 0 4 1 0 0 0 0 0 0 0 0 0 0 0 0
1 0 0 0 0 0 0 2 2 1 0 0 2 0 0 0 0 0 0 0 2 2 0 0 0 0 0 0 0 0 0 0 0 0
0 0 0 1 0 0 0 2 0 2 0 0 0 1 0 0 0 0 0 0 2 1 0 0 0 0 0 0 0 0 0 1 0 0
0 0 0 2 2 0 0 2 0 2 1 2 0 1 0 0 0 0 0 0 4 1 0 0 0 0 0 0 0 0 0 0 0 0
0 0 0 0 0 0 0 2 0 2 0 2 1 1 0 0 0 2 0 0 2 2 0 0 0 0 0 0 0 0 0 0 0 0
0 0 0 0 3 0 0 0 1 1 1 3 0 1 0 0 0 0 0 0 4 1 0 0 0 0 0 0 0 0 0 0 0 0
0 0 0 1 0 0 0 3 1 2 0 0 1 2 0 0 0 0 0 0 2 1 0 0 0 0 0 0 0 0 0 0 0 0
0 0 0 0 2 0 0 0 1 2 1 3 0 1 0 0 0 0 0 0 4 1 0 0 0 0 0 0 0 0 0 0 0 0
0 0 0 0 2 0 0 0 0 0 0 2 0 6 0 0 0 1 0 0 2 1 0 0 0 0 0 0 0 0 0 0 0 1
0 0 0 1 4 0 0 1 0 0 1 3 0 1 0 0 0 0 0 0 4 1 0 0 0 0 0 0 0 0 0 0 0 0
0 0 0 1 2 0 0 6 1 0 0 1 1 0 0 0 0 0 0 0 2 1 0 0 0 0 0 0 0 0 0 0 0 0
0 0 0 1 3 0 0 1 2 1 1 2 0 1 0 0 0 0 0 0 4 1 0 0 0 0 0 0 0 0 0 0 0 0
0 0 0 1 4 0 0 1 0 0 1 3 0 1 0 0 0 0 0 0 4 1 0 0 0 0 0 0 0 0 0 0 0 0
0 0 0 1 0 0 0 0 1 4 0 1 0 62 0 0 0 2 0 0 1 2 0 0 0 0 0 0 0 0 0 0 0 0
0 0 0 0 3 0 0 2 1 2 1 1 0 1 0 0 0 0 0 2 4 3 0 0 0 0 0 0 0 0 0 0 0 0
0 0 0 2 0 0 3 6 3 2 0 29 0 64 0 0 0 0 0 0 1 65 0 0 0 0 0 0 0 0 0 0 0 31
0 0 0 3 0 0 0 1 1 1 0 2 1 2 0 0 0 0 0 0 3 1 0 0 0 0 0 0 0 0 0 0 0 0
1 0 0 0 1 0 0 0 0 0 0 2 0 2 0 0 0 0 0 0 2 2 0 0 0 0 0 0 0 0 0 0 0 0
0 0 0 1 2 0 0 4 1 1 1 2 0 2 0 0 0 0 0 0 4 1 0 0 0 0 0 0 0 0 0 0 0 0
0 0 0 0 1 0 0 1 0 1 0 0 0 1 0 0 0 0 0 0 1 1 0 0 0 0 0 0 0 0 0 0 0 0
0 0 0 2 8 0 0 4 0 3 1 4 0 6 0 0 0 0 0 0 3 2 0 0 0 0 0 0 0 0 0 0 0 0
0 0 0 3 3 0 0 1 0 2 0 1 0 5 0 0 0 0 0 0 2 1 0 0 0 0 0 0 0 0 0 0 0 0
0 0 0 2 0 0 0 0 0 0 0 6 0 2 0 0 0 0 0 0 2 1 0 0 0 0 0 0 0 0 0 0 0 1
0 0 0 3 6 0 0 4 0 0 2 5 0 4 0 0 0 0 0 1 3 2 0 0 0 0 0 0 0 0 0 0 0 0
0 0 0 2 0 0 0 0 0 0 0 9 0 7 0 0 0 0 0 0 3 2 0 0 0 0 0 0 0 0 0 0 0 0
0 0 0 0 2 0 0 2 0 0 0 5 0 1 0 0 0 0 0 0 2 1 0 0 0 0 0 0 0 0 0 0 0 0
0 0 0 0 3 0 0 0 1 1 1 3 0 1 0 0 0 0 0 0 4 1 0 0 0 0 0 0 0 0 0 0 0 0
0 0 0 1 0 0 0 3 0 2 0 3 0 0 0 0 0 0 0 0 2 1 0 0 0 0 0 0 0 0 0 0 0 0
1 0 0 0 1 0 0 0 0 0 0 2 0 2 0 0 0 0 0 0 2 2 0 0 0 0 0 0 0 0 0 0 0 0
1 0 0 1 1 0 0 2 0 0 0 0 1 1 0 0 0 0 0 0 2 2 0 0 0 0 0 0 0 0 0 0 0 0
1 0 0 0 1 0 0 0 0 0 0 2 0 2 0 0 0 0 0 0 2 2 0 0 0 0 0 0 0 0 0 0 0 0
1 0 0 0 1 0 0 0 0 0 0 1 0 2 0 0 0 0 0 0 2 2 0 0 0 0 0 0 0 0 0 0 0 1
1 0 0 0 1 0 0 0 0 0 0 2 0 2 0 0 0 0 0 0 2 2 0 0 0 0 0 0 0 0 0 0 0 0
0 0 0 1 1 0 0 1 2 3 0 0 0 0 0 0 0 0 0 0 2 1 0 0 0 0 0 0 0 0 0 0 0 0
1 0 0 0 1 0 0 0 0 0 0 1 0 2 0 0 0 0 0 0 2 2 0 0 0 0 0 0 0 0 0 0 0 1
0 0 0 1 0 0 1 2 0 2 0 0 1 1 0 0 0 0 0 0 2 1 0 0 0 0 0 0 0 0 0 1 0 0
0 0 0 1 0 0 0 1 2 3 0 3 0 0 0 0 0 0 0 0 2 2 0 0 0 0 0 0 0 0 0 0 0 0
0 1 0 1 0 0 0 1 0 1 0 0 0 0 0 0 0 0 0 0 1 1 0 0 0 0 0 0 0 0 0 0 0 0
0 0 0 1 2 0 0 1 0 3 2 7 0 5 0 0 0 1 0 0 3 2 0 0 0 0 0 0 0 0 0 0 0 0
1 0 0 0 1 0 0 0 0 0 0 2 0 2 0 0 0 0 0 0 2 2 0 0 0 0 0 0 0 0 0 0 0 0
0 0 0 0 1 0 0 2 5 0 0 0 2 1 0 0 0 0 0 0 2 2 0 0 0 0 0 0 0 0 0 0 0 0
0 0 0 0 0 0 0 1 6 1 0 0 1 1 0 0 0 0 0 0 2 1 0 0 0 0 0 0 0 0 0 0 0 0
1 0 0 0 1 0 0 0 0 0 0 2 0 2 0 0 0 0 0 0 2 2 0 0 0 0 0 0 0 0 0 0 0 0
0 0 0 0 3 0 0 2 0 2 2 1 0 1 0 0 0 0 0 0 4 2 0 0 0 0 0 0 0 0 0 0 0 0
0 0 0 1 1 0 0 1 2 2 1 0 0 0 0 0 0 0 0 0 2 1 0 0 0 0 0 0 0 0 0 0 0 0
0 0 0 1 3 0 1 0 0 1 1 3 0 1 0 0 0 0 0 0 4 1 0 0 0 0 0 0 0 0 0 0 0 0
0 0 0 0 0 0 0 6 2 3 0 0 3 1 0 0 0 0 0 0 2 2 0 0 0 0 0 0 0 0 0 0 0 0
1 0 0 1 1 0 0 1 1 0 0 1 0 2 0 0 0 0 0 0 2 2 0 0 0 0 0 0 0 0 0 0 0 0
1 0 0 0 1 0 0 0 0 0 0 2 0 2 0 0 0 0 0 0 2 2 0 0 0 0 0 0 0 0 0 0 0 0
1 0 0 0 1 0 0 0 0 0 0 2 0 2 0 0 0 0 0 0 2 2 0 0 0 0 0 0 0 0 0 0 0 0
0 0 0 3 0 0 0 5 1 1 0 0 2 5 0 0 0 0 0 0 3 3 0 0 0 0 0 0 0 0 0 0 0 0
0 0 0 0 0 0 0 0 2 1 0 1 0 1 0 0 0 0 0 1 1 1 0 0 0 0 0 0 0 0 0 0 0 0
0 0 0 4 0 0 0 1 0 0 0 7 0 9 0 0 0 1 0 0 3 2 0 0 0 0 0 0 0 0 0 0 0 0
0 0 0 2 2 0 0 1 0 0 2 3 0 1 0 0 0 0 0 0 4 1 0 0 0 0 0 0 0 0 0 0 0 0
0 0 0 0 2 0 0 0 0 4 0 3 0 1 0 0 0 0 0 0 4 1 0 0 0 0 0 0 0 0 0 0 0 0
0 0 0 5 0 0 0 7 1 0 0 6 0 3 0 0 0 0 0 0 3 5 0 0 0 0 0 0 0 0 0 0 0 0
1 0 0 0 1 0 0 0 0 0 0 2 0 2 0 0 0 0 0 0 2 2 0 0 0 0 0 0 0 0 0 0 0 0
1 0 0 0 1 0 0 0 0 0 0 2 0 2 0 0 0 0 0 0 2 2 0 0 0 0 0 0 0 0 0 0 0 0
1 0 0 0 1 0 0 0 0 0 0 0 0 1 0 0 0 0 0 0 2 1 0 0 0 0 0 0 0 0 0 0 0 1
1 0 0 0 1 0 0 0 0 0 0 2 0 2 0 0 0 0 0 0 2 2 0 0 0 0 0 0 0 0 0 0 0 0
0 0 0 2 6 0 0 4 0 4 2 4 0 3 0 0 0 0 0 0 3 4 0 0 0 0 0 0 0 0 0 0 0 0
0 0 0 0 0 0 0 2 1 1 0 0 1 4 0 0 0 0 0 0 3 2 0 0 0 0 0 0 0 0 0 0 0 0
0 0 0 4 2 0 0 1 0 0 1 2 0 2 0 0 0 0 0 0 4 1 0 0 0 0 0 0 0 0 0 0 0 0
0 0 0 0 0 0 0 1 0 2 0 2 1 1 0 0 0 0 0 0 1 1 0 0 0 0 0 0 0 0 0 0 0 0
0 0 0 0 6 0 0 2 0 1 3 7 0 3 0 0 0 0 0 0 3 2 0 0 0 0 0 0 0 0 0 0 0 0
0 0 0 1 3 0 0 2 1 2 1 0 0 1 0 0 0 0 0 0 4 2 0 0 0 0 0 0 0 0 0 0 0 0
0 0 0 1 2 1 0 0 0 1 1 3 0 1 0 0 0 0 0 0 4 1 0 0 0 0 0 0 0 0 0 0 0 0
0 0 0 0 4 0 2 4 3 3 2 3 0 2 0 0 0 0 0 0 3 2 0 0 0 0 0 0 0 0 0 0 0 0
0 0 0 1 5 0 0 0 0 4 0 1 0 1 0 0 0 0 1 0 2 1 0 0 0 0 0 0 0 0 0 0 0 0
0 0 0 0 2 0 0 0 1 2 0 2 0 1 0 0 0 0 0 0 4 1 0 0 0 0 0 0 0 0 0 0 0 1
0 0 0 2 7 0 1 1 0 3 2 4 0 3 0 0 0 0 0 1 3 3 0 0 0 0 0 0 0 0 0 0 0 0
0 0 0 2 3 0 0 1 1 0 1 2 0 3 0 0 0 0 0 0 2 1 0 0 0 0 0 0 0 0 0 0 0 0
0 0 0 1 0 0 0 2 2 2 0 0 1 2 0 0 0 0 0 0 2 1 0 0 0 0 0 0 0 0 0 0 0 0
0 0 0 1 2 1 0 0 0 1 1 3 0 1 0 0 0 0 0 0 4 1 0 0 0 0 0 0 0 0 0 0 0 0
0 0 0 0 0 0 0 1 1 2 0 1 2 1 0 0 0 0 0 0 1 2 0 0 0 0 0 0 0 0 0 0 0 0
0 0 0 2 2 0 0 1 2 3 1 2 0 1 0 0 0 0 0 0 2 1 0 0 0 0 0 0 0 0 0 0 0 0
0 0 0 1 3 0 0 1 4 2 2 0 0 0 0 0 0 0 0 0 2 3 0 0 0 0 0 0 0 0 0 0 0 0
1 0 0 0 1 0 0 0 0 0 0 2 0 2 0 0 0 0 0 0 2 2 0 0 0 0 0 0 0 0 0 0 0 0
0 0 0 0 4 1 0 1 1 1 1 2 0 1 0 0 0 0 0 0 4 1 0 0 0 0 0 0 0 0 0 0 0 0
0 0 0 1 2 0 0 0 0 2 1 3 0 1 0 0 0 0 0 0 4 1 0 0 0 0 0 0 0 0 0 0 0 0
0 0 0 1 2 0 0 3 1 2 1 1 0 2 0 0 0 0 0 0 4 3 0 0 0 0 0 0 0 0 0 0 0 0
0 0 0 2 6 0 0 2 0 3 1 6 0 4 0 0 0 0 0 0 3 2 0 0 0 0 0 0 0 0 0 0 0 0
1 0 0 0 1 0 0 0 0 0 0 1 0 2 0 0 0 0 0 0 2 2 0 0 0 0 0 0 0 0 0 0 0 1
0 0 0 2 3 0 0 3 1 0 0 10 0 4 0 1 0 3 0 1 3 3 0 0 0 0 0 0 0 0 0 0 0 0
1 0 0 1 1 0 0 0 0 0 0 1 0 2 0 0 0 1 0 0 2 2 0 0 0 0 0 0 0 0 0 0 0 0
0 0 0 1 6 0 0 2 0 3 1 5 0 4 0 0 0 2 0 0 3 3 0 0 0 0 0 0 0 0 0 0 0 0
0 0 0 0 3 1 0 0 0 1 1 3 0 1 0 0 0 0 0 0 4 1 0 0 0 0 0 0 0 0 0 0 0 0
0 0 0 0 7 0 0 1 0 2 2 7 0 3 0 0 0 0 0 0 3 2 0 0 0 0 0 0 0 0 0 0 0 0
1 0 0 0 1 0 0 0 0 0 0 2 0 2 0 0 0 0 0 0 2 2 0 0 0 0 0 0 0 0 0 0 0 0
0 0 0 2 0 0 0 3 0 0 0 11 0 1 0 0 0 0 0 0 3 1 0 0 0 0 0 0 0 0 0 0 0 0
0 0 0 3 2 0 0 4 0 0 0 11 0 2 0 0 0 1 0 0 3 3 0 0 0 0 0 0 0 0 0 0 0 0
1 0 0 1 1 0 0 1 0 0 0 1 0 3 0 0 0 0 0 0 2 2 0 0 0 0 0 0 0 0 0 0 0 0
0 0 0 1 2 1 0 0 0 1 1 3 0 1 0 0 0 0 0 0 4 1 0 0 0 0 0 0 0 0 0 0 0 0
1 0 0 1 1 0 0 1 0 1 0 1 0 2 0 0 0 0 0 0 2 2 0 0 0 0 0 0 0 0 0 0 0 0
0 0 0 2 6 0 0 2 1 3 2 4 0 3 0 0 0 0 0 2 3 4 0 0 0 0 0 0 0 0 0 0 0 0
0 0 0 1 4 0 0 1 0 0 1 3 0 1 0 0 0 0 0 0 4 1 0 0 0 0 0 0 0 0 0 0 0 0
0 0 0 2 3 0 0 1 0 0 2 2 0 2 0 0 0 1 0 0 4 1 0 0 0 0 0 0 0 0 0 0 0 0
0 0 0 2 0 0 0 0 0 0 0 7 0 0 0 0 0 1 0 1 2 1 0 0 0 0 0 0 0 0 0 0 0 0
1 0 0 0 1 0 0 0 0 0 0 2 0 2 0 0 0 0 0 0 2 2 0 0 0 0 0 0 0 0 0 0 0 0
0 0 0 2 6 0 0 0 0 1 4 5 0 5 0 0 0 3 0 0 3 4 0 0 0 0 0 0 0 0 0 0 0 0
1 0 0 1 1 0 0 0 0 0 0 1 0 3 0 0 0 1 0 0 2 2 0 0 0 0 0 0 0 0 0 0 0 0
0 0 0 1 1 0 1 1 1 2 0 0 2 4 0 0 0 0 0 0 3 2 0 0 0 0 0 0 0 0 0 1 0 2
1 0 0 0 1 0 0 0 0 0 0 2 0 2 0 0 0 0 0 0 2 2 0 0 0 0 0 0 0 0 0 0 0 0
1 0 0 0 1 0 0 0 0 0 0 2 0 2 0 0 0 0 0 0 2 2 0 0 0 0 0 0 0 0 0 0 0 0
0 0 0 2 3 0 0 1 2 1 1 2 0 2 0 0 0 0 0 0 2 1 0 0 0 0 0 0 0 0 0 0 0 0
0 0 0 2 2 1 0 3 1 1 0 29 0 31 0 0 0 1 0 0 1 32 0 0 0 0 0 0 0 0 0 0 0 1
1 0 0 0 1 0 0 0 0 0 0 2 0 2 0 0 0 0 0 0 2 2 0 0 0 0 0 0 0 0 0 0 0 0
0 0 0 1 0 0 0 2 1 5 0 0 3 2 0 0 0 0 0 0 3 1 0 0 0 0 0 0 0 0 0 0 0 0
0 0 0 0 4 0 1 1 0 3 3 7 0 3 0 0 0 0 0 0 3 2 0 0 0 0 0 0 0 0 0 0 0 0
1 1 0 2 0 0 0 2 0 0 0 0 2 0 0 0 0 0 0 0 3 1 0 0 0 0 0 0 0 0 0 1 0 0
0 0 0 2 0 0 0 1 1 1 1 6 0 0 0 0 0 1 1 0 3 1 0 0 0 0 0 0 0 0 0 0 0 0
0 0 0 0 3 1 0 0 0 1 1 3 0 1 0 0 0 0 0 0 4 1 0 0 0 0 0 0 0 0 0 0 0 0
0 0 0 0 4 0 0 3 0 2 2 7 0 2 0 0 0 0 0 0 3 2 0 0 0 0 0 0 0 0 0 0 0 0
0 0 0 4 1 0 0 1 0 1 0 3 0 0 0 0 0 1 0 0 2 1 0 0 0 0 0 0 0 0 0 0 0 0
0 0 0 4 0 0 0 7 1 0 0 7 0 2 0 0 0 1 0 1 3 5 0 0 0 0 0 0 0 0 0 0 0 0
0 0 0 3 0 0 1 1 2 0 0 5 0 0 0 0 0 1 0 0 2 1 0 0 0 0 0 0 0 0 0 0 0 0
0 0 0 1 0 0 0 2 1 2 0 0 1 1 0 0 0 0 0 0 2 1 0 0 0 0 0 0 0 0 0 1 0 0
0 0 0 1 1 0 0 2 0 1 0 1 0 0 0 0 0 0 0 0 2 1 0 0 0 0 0 0 0 0 0 0 0 0
1 0 0 1 0 0 0 2 0 1 0 0 1 0 0 0 0 0 0 0 2 1 0 0 0 0 0 0 0 0 0 0 0 0
1 0 0 0 1 0 0 0 0 0 0 2 0 2 0 0 0 0 0 0 2 2 0 0 0 0 0 0 0 0 0 0 0 0
1 0 0 1 1 0 0 1 0 0 0 1 0 3 0 0 0 0 0 0 2 2 0 0 0 0 0 0 0 0 0 0 0 0
0 0 0 4 1 0 0 4 0 1 0 2 1 0 0 0 0 0 0 0 2 2 0 0 0 0 0 0 0 0 0 0 0 0
1 0 0 0 1 0 0 0 0 0 0 2 0 2 0 0 0 0 0 0 2 2 0 0 0 0 0 0 0 0 0 0 0 0
0 0 0 0 0 0 0 2 0 0 0 6 0 1 0 0 0 2 0 0 2 1 0 0 0 0 0 0 0 0 0 0 0 0
0 0 0 3 0 0 0 1 0 0 0 15 0 1 0 0 0 0 0 3 3 3 0 0 0 0 0 0 0 0 0 0 0 0
0 0 0 3 1 0 0 5 0 0 0 11 0 3 0 0 0 0 0 0 3 2 0 0 0 0 0 0 0 0 0 0 0 0
0 0 0 2 0 0 0 1 0 1 0 14 0 1 0 0 0 0 0 1 3 3 0 0 0 0 0 0 0 0 0 0 0 1
0 0 0 1 0 1 0 3 1 2 0 0 1 1 0 0 0 0 0 0 2 1 0 0 0 0 0 0 0 0 0 0 0 0
1 0 0 1 0 0 0 1 1 0 0 1 1 1 0 0 0 0 0 0 3 2 0 0 0 0 0 0 0 0 0 1 1 0
0 0 0 2 0 0 0 3 1 3 0 0 0 1 0 0 0 0 0 0 1 3 0 0 0 0 0 0 0 0 0 0 0 0
0 0 0 2 1 0 0 0 2 1 1 0 0 0 0 0 0 0 0 1 2 1 0 0 0 0 0 0 0 0 0 0 0 0
0 0 0 0 2 0 0 0 1 2 0 3 0 1 0 0 0 0 0 0 4 1 0 0 0 0 0 0 0 0 0 0 0 0
1 0 0 0 1 0 0 0 0 0 0 2 0 2 0 0 0 0 0 0 2 2 0 0 0 0 0 0 0 0 0 0 0 0
0 0 0 3 1 0 0 6 2 0 0 7 0 2 0 0 0 3 0 1 3 5 0 0 0 0 0 0 0 0 0 0 0 0
0 0 0 1 1 0 1 2 0 1 0 1 0 1 0 0 0 0 0 0 2 1 0 0 0 0 0 0 0 0 0 0 0 0
0 0 0 0 2 0 0 1 0 0 2 3 0 1 0 0 0 0 0 0 1 1 0 0 0 0 0 0 0 0 0 0 0 0
0 0 0 2 1 0 0 1 1 2 1 1 0 1 0 0 0 0 0 0 2 1 0 0 0 0 0 0 0 0 0 0 0 0
0 0 0 1 0 0 1 2 1 2 0 2 3 2 0 0 0 0 0 0 3 2 0 0 0 0 0 0 0 0 0 1 0 0
0 0 0 0 0 0 0 1 0 3 0 0 2 1 0 0 0 0 0 0 1 1 0 0 0 0 0 0 0 0 0 0 0 0
0 0 0 4 2 0 0 6 0 0 0 11 0 2 0 0 0 0 0 0 3 6 0 0 0 0 0 0 0 0 0 0 0 0
0 0 0 0 1 0 0 2 0 1 1 1 0 0 0 0 0 0 0 0 2 1 0 0 0 0 0 0 0 0 0 0 0 0
0 0 0 1 1 0 0 8 0 3 1 4 0 3 0 0 0 2 0 0 3 4 0 0 0 0 0 0 0 0 0 0 0 0
1 0 0 0 1 0 0 0 0 0 0 2 0 2 0 0 0 0 0 0 2 2 0 0 0 0 0 0 0 0 0 0 0 0
0 0 0 0 3 0 0 0 1 2 0 3 0 1 0 0 0 0 0 0 4 1 0 0 0 0 0 0 0 0 0 0 0 0
0 0 0 0 5 0 0 4 0 4 0 2 0 4 0 0 0 2 0 0 4 1 0 0 0 0 0 0 0 0 0 0 0 0
1 0 0 0 1 0 0 0 0 0 0 2 0 2 0 0 0 0 0 0 2 2 0 0 0 0 0 0 0 0 0 0 0 0
1 0 0 0 1 0 0 0 0 0 0 2 0 2 0 0 0 0 0 0 2 2 0 0 0 0 0 0 0 0 0 0 0 0
0 0 0 0 0 0 0 1 0 1 0 0 3 2 0 0 0 0 0 0 1 1 0 0 0 0 0 0 0 0 0 0 0 0
0 0 0 3 0 0 0 0 0 1 0 5 0 2 0 0 0 0 0 1 2 1 0 0 0 0 0 0 0 0 0 0 0 1
0 0 0 1 0 0 0 3 4 3 0 0 0 1 0 0 0 0 0 0 2 1 0 0 0 0 0 0 0 0 0 0 0 0
0 0 0 1 0 0 0 2 1 4 0 0 1 1 0 0 0 0 0 0 2 1 0 0 0 0 0 0 0 0 0 0 0 0
0 0 0 0 3 0 0 2 1 1 1 2 0 3 0 0 0 0 0 0 4 1 0 0 0 0 0 0 0 0 0 0 0 0
0 0 0 1 0 0 0 1 0 0 0 8 0 0 0 0 0 0 0 1 2 1 0 0 0 0 0 0 0 0 0 0 0 0
0 0 0 2 0 0 1 5 4 3 0 61 0 64 0 0 0 1 0 0 3 66 0 0 0 0 0 0 0 0 0 0 0 1
1 0 0 0 1 0 0 0 0 0 0 1 0 2 0 0 0 0 0 0 2 2 0 0 0 0 0 0 0 0 0 0 0 1
0 0 0 1 0 0 0 1 0 0 0 10 0 5 0 0 0 4 0 1 4 1 0 0 0 0 0 0 0 0 0 0 0 0
0 0 0 1 4 0 0 1 0 0 1 3 0 1 0 0 0 0 0 0 4 1 0 0 0 0 0 0 0 0 0 0 0 0
0 0 0 1 1 0 0 1 0 1 3 3 0 1 0 0 0 0 0 0 4 1 0 0 0 0 0 0 0 0 0 0 0 0
0 0 0 2 3 0 1 1 1 1 1 2 0 1 0 0 0 0 0 0 4 1 0 0 0 0 0 0 0 0 0 0 0 0
0 0 0 0 1 0 0 0 3 1 0 0 0 1 0 0 0 0 0 0 1 1 0 0 0 0 0 0 0 0 0 0 0 0
1 0 0 0 1 0 0 0 0 0 0 2 0 2 0 0 0 0 0 0 2 2 0 0 0 0 0 0 0 0 0 0 0 0
0 0 0 0 1 0 0 2 3 2 0 29 0 30 0 0 0 1 0 0 1 32 0 0 0 0 0 0 0 0 0 0 0 1
1 0 0 0 1 0 0 0 1 1 0 0 0 0 0 0 0 0 0 0 2 1 0 0 0 0 0 0 0 0 0 0 0 0
0 0 0 0 4 0 0 0 0 2 0 3 0 3 0 0 0 0 0 0 2 1 0 0 0 0 0 0 0 0 0 0 0 0
1 0 0 0 1 0 0 0 0 0 0 0 0 1 0 0 0 0 0 0 2 1 0 0 0 0 0 0 0 0 0 0 0 1
0 0 0 2 0 0 0 4 0 2 0 0 0 0 0 0 0 0 0 0 2 1 0 0 0 0 0 0 0 0 0 1 0 0
0 0 0 1 3 0 0 5 2 0 0 5 0 2 0 0 0 2 0 0 3 2 0 0 0 0 0 0 0 0 0 0 0 0
1 0 0 0 1 0 0 0 0 0 0 2 0 2 0 0 0 0 0 0 2 2 0 0 0 0 0 0 0 0 0 0 0 0
0 0 0 0 2 0 0 0 0 0 0 8 0 0 0 0 0 1 0 0 2 1 0 0 0 0 0 0 0 0 0 0 0 0
0 0 0 1 4 0 0 1 0 0 1 3 0 1 0 0 0 0 0 0 4 1 0 0 0 0 0 0 0 0 0 0 0 0
0 0 0 2 6 0 0 5 0 1 1 6 0 3 0 0 0 0 0 0 3 2 0 0 0 0 0 0 0 0 0 0 0 0
0 0 0 2 0 0 0 1 1 1 0 0 0 0 0 0 0 1 0 0 1 1 0 0 0 0 0 0 0 0 0 0 0 0
1 0 0 0 1 0 0 0 0 0 0 0 0 1 0 0 0 0 0 0 2 1 0 0 0 0 0 0 0 0 0 0 0 1
0 0 0 3 1 0 0 3 0 0 0 14 0 1 0 0 0 0 0 1 3 4 0 0 0 0 0 0 0 0 0 0 0 0
0 0 0 1 0 0 0 1 1 1 0 0 1 0 0 0 0 0 0 0 1 1 0 0 0 0 0 0 0 0 0 0 0 0
0 0 0 0 0 0 0 5 0 5 0 0 3 2 0 0 0 0 0 0 3 1 0 0 0 0 0 0 0 0 0 0 0 0
0 0 0 1 2 1 0 2 0 1 2 2 0 1 0 0 0 0 0 0 4 1 0 0 0 0 0 0 0 0 0 0 0 0
0 0 0 2 2 1 1 0 2 3 1 1 1 1 0 0 0 0 0 2 3 1 0 0 0 0 0 0 0 0 0 0 0 0
0 0 0 1 0 0 0 1 0 0 0 11 0 4 0 0 0 3 0 1 3 2 0 0 0 0 0 0 0 0 0 0 0 0
0 0 0 0 2 0 0 5 0 1 0 4 0 1 0 0 0 0 0 1 2 3 0 0 0 0 0 0 0 0 0 0 0 0
0 0 0 0 2 0 0 0 0 2 2 3 0 1 0 0 0 0 0 0 4 1 0 0 0 0 0 0 0 0 0 0 0 0
0 0 0 0 3 1 0 0 0 1 1 3 0 1 0 0 0 0 0 0 4 1 0 0 0 0 0 0 0 0 0 0 0 0
0 0 0 0 6 0 0 2 0 1 3 7 0 3 0 0 0 0 0 0 3 2 0 0 0 0 0 0 0 0 0 0 0 0
0 0 0 1 0 0 1 3 0 0 0 4 0 0 0 0 0 0 0 0 2 1 0 0 0 0 0 0 0 0 0 0 0 0
0 0 0 3 1 0 0 2 3 0 0 0 0 0 0 0 0 0 0 0 2 1 0 0 0 0 0 0 0 0 0 0 0 0
0 0 0 1 2 1 0 0 0 1 1 3 0 1 0 0 0 0 0 0 4 1 0 0 0 0 0 0 0 0 0 0 0 0
0 0 0 1 0 0 0 4 0 0 0 7 0 0 0 0 0 0 0 1 2 1 0 0 0 0 0 0 0 0 0 0 0 0
1 0 0 0 1 0 0 0 0 0 0 2 0 2 0 0 0 0 0 0 2 2 0 0 0 0 0 0 0 0 0 0 0 0
1 0 0 0 1 0 0 0 0 0 0 2 0 2 0 0 0 0 0 0 2 2 0 0 0 0 0 0 0 0 0 0 0 0
1 0 0 0 1 0 0 0 0 0 0 2 0 2 0 0 0 0 0 0 2 2 0 0 0 0 0 0 0 0 0 0 0 0
1 0 0 0 1 0 0 0 0 0 0 2 0 2 0 0 0 0 0 0 2 2 0 0 0 0 0 0 0 0 0 0 0 0
0 0 0 0 4 0 0 1 1 0 2 1 0 4 0 0 0 0 0 0 2 1 0 0 0 0 0 0 0 0 0 0 0 0
1 0 0 0 1 0 0 2 0 0 0 1 0 1 0 0 0 0 0 0 2 2 0 0 0 0 0 0 0 0 0 0 0 0
0 0 0 1 7 0 0 2 0 2 3 5 0 5 0 0 0 1 0 0 3 2 0 0 0 0 0 0 0 0 0 0 0 0
0 0 0 3 0 0 0 1 1 0 0 6 0 1 0 0 0 2 0 1 3 2 0 0 0 0 0 0 0 0 0 0 0 0
0 0 0 1 1 0 0 1 0 1 0 4 0 0 0 0 0 0 0 1 1 2 0 0 0 0 0 0 0 0 0 0 0 0
1 0 0 0 0 0 0 2 2 1 0 0 2 1 0 0 0 0 0 0 2 3 0 0 0 0 0 0 0 0 0 0 0 0
0 0 0 0 6 0 1 0 0 3 2 7 0 3 0 0 0 0 0 0 3 2 0 0 0 0 0 0 0 0 0 0 0 0
1 0 0 0 1 0 0 0 2 0 0 1 0 1 0 0 0 0 0 0 2 2 0 0 0 0 0 0 0 0 0 0 0 0
1 0 0 0 1 0 0 0 0 0 0 2 0 2 0 0 0 0 0 0 2 2 0 0 0 0 0 0 0 0 0 0 0 0
0 0 0 0 2 0 0 3 0 1 1 8 0 5 0 0 0 1 0 0 3 2 0 0 0 0 0 0 0 0 0 0 0 0
0 0 0 0 1 0 1 3 0 1 0 0 1 1 0 0 0 0 0 0 2 1 0 0 0 0 0 0 0 0 0 1 0 0
0 0 0 0 0 0 2 2 7 1 0 0 0 2 0 0 0 0 0 0 2 2 0 0 0 0 0 0 0 0 0 0 0 0
1 0 0 0 1 0 0 0 0 0 0 2 0 2 0 0 0 0 0 0 2 2 0 0 0 0 0 0 0 0 0 0 0 0
0 0 0 2 4 0 0 4 0 0 0 11 0 3 0 0 0 2 0 2 3 4 0 0 0 0 0 0 0 0 0 0 0 0
0 0 0 0 0 0 0 2 0 3 0 0 7 3 0 0 0 0 0 0 3 3 0 0 0 0 0 0 0 0 0 0 0 0
0 0 0 0 2 0 0 1 1 2 1 1 0 1 0 0 0 0 0 1 2 1 0 0 0 0 0 0 0 0 0 0 0 0
0 0 0 0 2 0 0 0 1 2 0 2 0 1 0 0 0 0 0 0 4 1 0 0 0 0 0 0 0 0 0 0 0 1
0 0 0 1 2 0 0 0 1 2 0 3 0 1 0 0 0 0 0 0 4 1 0 0 0 0 0 0 0 0 0 0 0 0
1 0 0 0 1 0 0 0 0 0 0 2 0 2 0 0 0 0 0 0 2 2 0 0 0 0 0 0 0 0 0 0 0 0
1 0 0 1 1 0 0 1 0 0 0 1 0 2 0 0 0 0 0 0 2 2 0 0 0 0 0 0 0 0 0 0 0 0
0 0 0 1 2 0 0 3 1 2 0 2 1 2 0 0 0 0 0 0 4 1 0 0 0 0 0 0 0 0 0 0 0 0
0 0 0 1 1 0 0 0 2 1 2 0 0 0 0 0 0 0 0 0 2 1 0 0 0 0 0 0 0 0 0 0 0 0
0 0 0 0 0 0 0 2 7 2 0 0 1 1 0 0 0 0 0 0 2 2 0 0 0 0 0 0 0 0 0 0 0 0
0 0 0 1 4 0 0 1 0 0 1 3 0 1 0 0 0 0 0 0 4 1 0 0 0 0 0 0 0 0 0 0 0 0
0 0 0 0 2 0 0 1 0 0 0 8 0 1 0 0 0 1 0 1 3 1 0 0 0 0 0 0 0 0 0 0 0 1
0 0 0 1 7 0 0 0 0 4 2 5 1 4 0 0 0 0 0 0 3 3 0 0 0 0 0 0 0 0 0 0 0 0
0 0 0 0 0 0 0 3 0 0 0 7 0 0 0 0 0 1 0 0 2 1 0 0 0 0 0 0 0 0 0 0 0 0
0 0 0 0 1 0 1 2 4 0 0 0 1 1 0 0 0 0 0 0 2 2 0 0 0 0 0 0 0 0 0 0 0 0
0 0 0 2 2 1 0 0 0 1 1 1 0 2 0 0 0 1 0 0 4 1 0 0 0 0 0 0 0 0 0 0 0 1
0 0 0 0 2 0 0 3 0 2 0 3 0 0 0 0 0 0 0 0 2 1 0 0 0 0 0 0 0 0 0 0 0 0
1 0 0 0 1 0 0 0 0 0 0 2 0 2 0 0 0 0 0 0 2 2 0 0 0 0 0 0 0 0 0 0 0 0
0 0 0 4 0 0 0 0 0 0 0 7 0 9 0 0 0 1 0 0 3 2 0 0 0 0 0 0 0 0 0 0 0 0
0 0 0 0 9 0 0 2 1 5 1 4 0 4 0 0 0 0 0 1 3 2 0 0 0 0 0 0 0 0 0 0 0 0
1 0 0 0 0 0 0 2 2 1 0 0 2 1 0 0 0 0 0 0 2 3 0 0 0 0 0 0 0 0 0 0 0 0
1 0 0 1 0 0 0 0 0 1 2 0 0 0 0 0 0 0 0 0 1 1 0 0 0 0 0 0 0 0 0 0 0 0
1 0 0 0 1 0 0 0 0 0 0 2 0 2 0 0 0 0 0 0 2 2 0 0 0 0 0 0 0 0 0 0 0 0
0 0 0 0 6 0 0 0 0 3 3 7 0 3 0 0 0 0 0 0 3 2 0 0 0 0 0 0 0 0 0 0 0 0
0 0 0 1 3 0 0 2 0 2 0 4 0 0 0 0 0 0 0 0 2 1 0 0 0 0 0 0 0 0 0 0 0 0
0 0 0 4 0 0 0 4 1 0 0 0 1 0 0 0 0 0 0 0 2 1 0 0 0 0 0 0 0 0 0 0 0 0
1 0 0 0 1 0 0 0 0 0 0 2 0 2 0 0 0 0 0 0 2 2 0 0 0 0 0 0 0 0 0 0 0 0
1 0 0 0 0 0 0 2 2 3 0 0 1 1 0 0 0 0 0 0 2 3 0 0 0 0 0 0 0 0 0 0 0 0
1 0 0 0 1 0 0 0 0 0 0 2 0 2 0 0 0 0 0 0 2 2 0 0 0 0 0 0 0 0 0 0 0 0
0 0 0 0 6 0 0 1 0 2 3 7 0 3 0 0 0 0 0 0 3 2 0 0 0 0 0 0 0 0 0 0 0 0
0 0 0 2 0 0 0 3 0 0 0 14 0 1 0 0 0 1 0 1 3 4 0 0 0 0 0 0 0 0 0 0 0 0
0 0 0 0 3 0 0 1 1 4 1 7 0 2 0 0 0 0 0 0 3 2 0 0 0 0 0 0 0 0 0 0 0 0
0 0 0 2 7 0 0 2 0 4 2 3 0 6 0 0 0 1 0 0 3 3 0 0 0 0 0 0 0 0 0 0 0 0
0 0 0 3 0 0 0 2 2 0 0 2 2 1 0 0 0 0 0 1 3 1 0 0 0 0 0 0 0 0 0 0 0 0
0 0 0 3 3 0 0 0 0 0 0 6 0 1 0 0 0 2 0 0 3 2 0 0 0 0 0 0 0 0 0 0 0 0
0 0 0 1 3 0 0 1 0 1 1 2 0 3 0 0 0 0 0 0 4 1 0 0 0 0 0 0 0 0 0 0 0 0
0 0 0 0 0 0 0 2 1 0 0 0 1 3 0 0 0 0 0 0 3 1 0 0 0 0 0 0 0 0 0 0 0 0
1 0 0 0 1 0 0 0 0 0 0 2 0 2 0 0 0 0 0 0 2 2 0 0 0 0 0 0 0 0 0 0 0 0
0 0 0 2 2 0 0 3 1 0 1 6 0 7 0 0 0 0 0 0 3 2 0 0 0 0 0 0 0 0 0 0 0 1
0 0 0 0 0 0 0 0 1 3 0 3 0 0 0 0 0 0 0 0 1 1 0 0 0 0 0 0 0 0 0 0 0 0
0 0 0 1 2 1 0 0 0 1 1 3 0 1 0 0 0 0 0 0 4 1 0 0 0 0 0 0 0 0 0 0 0 0
0 0 0 1 3 0 0 0 3 2 0 1 0 1 0 0 0 0 0 0 2 1 0 0 0 0 0 0 0 0 0 0 0 0
0 0 0 0 0 0 0 3 1 0 0 5 0 0 0 0 0 2 0 2 2 1 0 0 0 0 0 0 0 0 0 0 0 0
0 0 0 1 2 0 0 0 0 3 0 3 0 1 0 0 0 0 0 0 4 1 0 0 0 0 0 0 0 0 0 0 0 0
0 0 0 2 0 0 0 1 1 0 0 10 0 7 0 0 0 2 0 0 3 3 0 0 0 0 0 0 0 0 0 0 0 0
0 0 0 4 0 0 0 2 0 0 0 12 0 2 0 0 0 0 0 0 3 2 0 0 0 0 0 0 0 0 0 0 0 1
0 0 0 2 0 1 0 3 1 1 0 0 0 0 0 0 0 0 0 0 2 1 0 0 0 0 0 0 0 0 0 0 0 0
0 0 0 3 1 0 0 2 0 0 0 4 2 2 0 0 0 0 0 0 2 3 0 0 0 0 0 0 0 0 0 0 0 0
1 0 0 0 1 0 0 0 0 0 0 2 0 2 0 0 0 0 0 0 2 2 0 0 0 0 0 0 0 0 0 0 0 0
0 1 0 1 0 0 0 0 1 2 0 0 0 0 0 0 0 0 0 0 2 1 0 0 0 0 0 0 0 0 0 0 0 0
0 0 0 2 5 0 0 1 0 0 0 10 0 3 0 1 0 2 0 0 3 2 0 0 0 0 0 0 0 0 0 0 0 0
0 0 0 0 2 0 0 1 0 2 1 0 0 1 0 1 0 0 0 0 1 1 0 0 0 0 0 0 0 0 0 0 0 0
0 0 0 3 1 0 0 3 2 3 0 1 0 2 0 0 0 2 0 0 3 2 0 0 0 0 0 0 0 0 0 0 0 0
0 0 0 1 3 0 0 2 1 4 0 2 0 0 0 0 0 1 0 0 4 1 0 0 0 0 0 0 0 0 0 0 0 0
0 0 0 0 3 1 0 0 0 1 1 2 0 1 0 0 0 0 0 0 4 1 0 0 0 0 0 0 0 0 0 0 0 1
1 0 0 0 1 0 0 0 2 0 0 1 0 1 0 0 0 0 0 0 2 2 0 0 0 0 0 0 0 0 0 0 0 0
1 0 0 0 1 0 0 0 0 0 0 2 0 2 0 0 0 0 0 0 2 2 0 0 0 0 0 0 0 0 0 0 0 0
0 0 0 0 0 0 0 2 1 2 0 2 0 0 0 0 0 1 0 0 2 1 0 0 0 0 0 0 0 0 0 0 0 0
0 0 0 1 3 1 0 0 0 1 1 2 0 1 0 0 0 0 0 1 4 1 0 0 0 0 0 0 0 0 0 0 0 0
0 0 0 1 1 0 1 1 1 1 0 0 2 3 0 0 0 0 0 0 3 2 0 0 0 0 0 0 0 0 0 1 0 0
0 0 0 2 2 0 0 4 1 0 0 9 0 4 0 0 0 1 0 0 4 3 0 0 0 0 0 0 0 0 0 0 0 0
1 0 0 0 1 0 0 0 0 0 0 2 0 2 0 0 0 0 0 0 2 2 0 0 0 0 0 0 0 0 0 0 0 0
0 0 0 1 0 0 0 3 0 1 0 7 2 1 0 0 0 0 0 0 2 3 0 0 0 0 0 0 0 0 0 0 0 0
1 0 0 0 1 0 0 0 0 0 0 1 0 2 0 0 0 0 0 0 2 2 0 0 0 0 0 0 0 0 0 0 0 1
0 0 0 1 0 0 0 0 2 0 0 8 0 8 0 0 0 2 0 0 3 3 0 0 0 0 0 0 0 0 0 0 0 0
0 0 0 1 1 0 1 3 0 0 0 11 0 2 0 0 0 1 0 0 4 1 0 0 0 0 0 0 0 0 0 0 0 0
0 0 0 1 3 0 0 4 2 2 0 1 1 0 0 0 0 0 0 0 2 3 0 0 0 0 0 0 0 0 0 0 0 0
0 0 0 1 2 0 0 0 0 2 1 3 0 1 0 0 0 0 0 0 4 1 0 0 0 0 0 0 0 0 0 0 0 0
1 0 0 0 1 0 0 0 2 0 0 1 0 1 0 0 0 0 0 0 2 2 0 0 0 0 0 0 0 0 0 0 0 0
1 1 0 2 0 0 0 2 0 0 0 0 2 0 0 0 0 0 0 0 3 1 0 0 0 0 0 0 0 0 0 1 0 0
0 0 0 5 0 0 0 3 0 2 0 9 0 1 0 0 0 1 0 2 4 3 0 0 0 0 0 0 0 0 0 0 0 0
0 0 0 1 0 0 1 2 0 0 0 8 0 8 0 0 0 2 0 0 3 2 0 0 0 0 0 0 0 0 0 0 0 0
0 0 0 1 1 0 0 4 0 1 0 3 2 2 0 0 0 0 0 0 2 2 0 0 0 0 0 0 0 0 0 0 0 0
0 0 0 2 3 1 0 1 1 1 1 0 0 1 0 0 0 0 0 2 4 3 0 0 0 0 0 0 0 0 0 0 0 0
0 0 0 2 3 0 0 1 2 1 1 0 0 1 0 0 0 0 0 2 4 3 0 0 0 0 0 0 0 0 0 0 0 0
1 0 0 2 1 0 0 2 1 1 0 0 0 2 0 0 0 0 0 0 2 2 0 0 0 0 0 0 0 0 0 0 0 0
0 0 0 1 2 0 0 2 3 2 1 0 0 0 0 0 0 1 0 0 2 2 0 0 0 0 0 0 0 0 0 0 0 0
0 0 0 1 0 0 0 1 1 1 0 7 0 2 0 0 0 0 0 0 3 1 0 0 0 0 0 0 0 0 0 0 0 0
0 0 0 1 4 0 0 1 0 2 2 6 0 5 0 0 0 0 0 0 3 2 0 0 0 0 0 0 0 0 0 0 0 1
0 0 0 2 3 1 0 1 1 2 1 0 0 1 0 0 0 0 0 0 4 2 0 0 0 0 0 0 0 0 0 0 0 0
0 0 0 0 2 0 0 0 1 2 1 3 0 1 0 0 0 0 0 0 4 1 0 0 0 0 0 0 0 0 0 0 0 0
0 0 0 0 0 0 0 1 2 0 0 3 0 4 0 0 0 0 0 1 2 1 0 0 0 0 0 0 0 0 0 0 0 0
0 0 0 1 0 0 0 2 0 0 0 13 0 1 0 1 0 0 0 1 3 3 0 0 0 0 0 0 0 0 0 0 0 0
0 0 0 2 0 0 0 8 0 0 0 6 0 7 0 0 0 0 0 0 3 4 0 0 0 0 0 0 0 0 0 0 0 0
0 0 0 1 6 0 0 2 1 0 1 0 0 1 0 0 0 0 0 2 4 3 0 0 0 0 0 0 0 0 0 0 0 0
0 0 0 0 4 0 1 5 2 5 2 1 1 4 0 0 0 0 0 0 3 4 0 0 0 0 0 0 0 0 0 0 0 0
0 0 0 0 5 0 0 2 1 1 2 0 0 4 0 0 0 0 0 0 2 1 0 0 0 0 0 0 0 0 0 0 0 0
1 0 0 0 1 0 0 0 0 2 0 2 0 2 0 0 0 0 0 0 2 2 0 0 0 0 0 0 0 0 0 0 0 0
0 0 0 0 2 1 0 0 0 1 2 3 0 1 0 0 0 0 0 0 4 1 0 0 0 0 0 0 0 0 0 0 0 0
0 0 0 3 1 0 0 2 1 2 0 5 0 7 0 0 0 1 0 0 3 4 0 0 0 0 0 0 0 0 0 0 0 0
1 0 0 0 2 0 0 1 1 0 0 1 0 2 0 0 0 0 0 0 2 2 0 0 0 0 0 0 0 0 0 0 0 0
1 0 0 0 1 0 0 0 0 0 0 2 0 2 0 0 0 0 0 0 2 2 0 0 0 0 0 0 0 0 0 0 0 0
0 0 0 0 0 0 0 1 4 1 0 0 0 2 0 0 0 0 0 0 2 2 0 0 0 0 0 0 0 0 0 0 0 0
0 0 0 4 0 0 0 3 1 0 0 13 0 1 0 1 0 0 0 2 3 4 0 0 0 0 0 0 0 0 0 0 0 0
0 0 0 2 0 0 0 49 0 1 0 0 0 0 0 0 0 0 0 0 1 24 0 0 0 0 0 0 0 0 0 0 0 0
1 0 0 0 1 0 0 0 0 0 0 2 0 2 0 0 0 0 0 0 2 2 0 0 0 0 0 0 0 0 0 0 0 0
1 0 0 0 1 0 0 0 2 0 0 1 0 1 0 0 0 0 0 0 2 2 0 0 0 0 0 0 0 0 0 0 0 0
1 0 0 0 1 0 0 0 0 0 0 2 0 2 0 0 0 0 0 0 2 2 0 0 0 0 0 0 0 0 0 0 0 0
1 1 0 1 1 0 0 2 0 0 0 0 1 1 0 0 0 0 0 0 3 1 0 0 0 0 0 0 0 0 0 1 0 0
0 0 0 1 2 0 0 0 1 2 1 2 0 1 0 0 0 0 0 1 4 1 0 0 0 0 0 0 0 0 0 0 0 0
1 0 0 0 2 0 0 0 0 0 0 1 0 2 0 0 0 0 0 1 2 2 0 0 0 0 0 0 0 0 0 0 0 0
0 0 0 3 0 0 0 0 0 0 0 6 0 0 0 0 0 1 0 2 2 1 0 0 0 0 0 0 0 0 0 0 0 0
1 0 0 0 1 0 0 0 0 0 0 2 0 2 0 0 0 0 0 0 2 2 0 0 0 0 0 0 0 0 0 0 0 0
0 0 0 0 3 1 0 0 0 1 1 3 0 1 0 0 0 0 0 0 4 1 0 0 0 0 0 0 0 0 0 0 0 0
0 0 0 2 2 0 0 7 0 0 0 10 0 3 0 0 0 0 0 0 3 4 0 0 0 0 0 0 0 0 0 0 0 0
0 0 0 0 0 0 1 2 2 0 0 7 0 7 0 0 0 0 0 0 3 2 0 0 0 0 0 0 0 0 0 0 0 1
1 0 0 0 1 0 0 0 0 0 0 2 0 2 0 0 0 0 0 0 2 2 0 0 0 0 0 0 0 0 0 0 0 0
0 0 0 0 4 0 0 2 0 3 1 1 0 2 0 0 0 0 0 0 2 1 0 0 0 0 0 0 0 0 0 0 0 0
0 0 0 4 0 0 0 2 2 2 0 2 0 2 0 0 0 0 0 0 2 2 0 0 0 0 0 0 0 0 0 0 0 0
0 0 0 2 2 0 1 1 3 0 0 0 0 0 0 0 0 0 0 0 2 1 0 0 0 0 0 0 0 0 0 0 0 0
0 0 0 3 0 0 0 1 1 0 0 10 0 3 0 0 0 3 0 1 3 4 0 0 0 0 0 0 0 0 0 0 0 2
0 0 0 0 0 0 0 4 0 1 0 3 0 2 0 0 0 0 0 0 2 1 0 0 0 0 0 0 0 0 0 0 0 0
0 0 0 5 0 0 0 1 0 0 0 12 0 2 0 0 0 1 0 0 3 2 0 0 0 0 0 0 0 0 0 0 0 0
1 0 0 0 0 0 0 0 1 1 0 1 0 0 0 0 0 0 0 0 1 1 0 0 0 0 0 0 0 0 0 0 0 0
0 0 0 3 0 0 0 0 0 0 0 6 0 0 0 0 0 2 0 0 2 1 0 0 0 0 0 0 0 0 0 0 0 0
0 0 0 0 2 0 0 0 0 0 0 9 0 0 0 0 0 0 0 0 2 1 0 0 0 0 0 0 0 0 0 0 0 0
0 0 0 0 1 0 0 6 5 2 0 10 0 3 0 0 0 0 0 2 3 4 0 0 0 0 0 0 0 0 0 0 0 0
0 0 0 1 2 1 0 0 0 1 1 3 0 1 0 0 0 0 0 0 4 1 0 0 0 0 0 0 0 0 0 0 0 0
0 0 0 1 6 0 0 1 0 3 2 5 0 4 0 0 0 2 0 0 3 3 0 0 0 0 0 0 0 0 0 0 0 0
1 0 0 1 0 0 0 2 0 1 0 0 1 1 0 0 0 0 0 0 2 2 0 0 0 0 0 0 0 0 0 0 0 0
0 0 0 2 0 0 0 4 1 0 1 0 0 1 0 0 0 0 0 1 2 1 0 0 0 0 0 0 0 0 0 0 0 0
0 0 0 1 3 0 0 2 0 4 0 1 0 3 0 0 0 0 0 0 4 1 0 0 0 0 0 0 0 0 0 0 0 0
0 0 0 1 0 0 0 3 2 1 0 4 3 2 0 1 0 1 0 1 2 3 0 0 0 0 0 0 0 0 0 0 0 0
0 0 0 0 2 0 0 3 1 1 1 1 0 2 0 0 0 0 0 0 2 1 0 0 0 0 0 0 0 0 0 0 0 0
0 0 0 0 2 0 0 0 1 2 0 3 0 1 0 0 0 0 0 0 4 1 0 0 0 0 0 0 0 0 0 0 0 0
0 0 0 1 6 0 0 3 0 2 3 6 0 3 0 0 0 0 0 0 3 2 0 0 0 0 0 0 0 0 0 0 0 0
0 0 0 0 2 0 0 2 1 1 1 3 0 2 0 0 0 0 0 0 4 1 0 0 0 0 0 0 0 0 0 0 0 0
1 0 0 0 1 0 0 0 0 0 0 2 0 2 0 0 0 0 0 0 2 2 0 0 0 0 0 0 0 0 0 0 0 0
1 0 0 0 1 0 0 0 0 0 0 2 0 2 0 0 0 0 0 0 2 2 0 0 0 0 0 0 0 0 0 0 0 0
1 0 0 0 1 0 0 0 0 0 0 2 0 2 0 0 0 0 0 0 2 2 0 0 0 0 0 0 0 0 0 0 0 0
0 0 0 1 1 0 0 2 0 1 0 1 0 0 0 0 0 0 0 0 2 1 0 0 0 0 0 0 0 0 0 0 0 0
1 0 0 0 1 0 0 0 0 0 0 2 0 2 0 0 0 0 0 0 2 2 0 0 0 0 0 0 0 0 0 0 0 0
0 0 0 0 0 0 0 8 3 0 0 0 1 3 0 0 0 0 0 0 2 3 0 0 0 0 0 0 0 0 0 0 0 0
0 0 0 0 2 0 0 0 1 2 1 3 0 1 0 0 0 0 0 0 4 1 0 0 0 0 0 0 0 0 0 0 0 0
0 0 0 0 0 0 0 0 1 2 0 2 0 1 0 0 0 2 0 0 1 2 0 0 0 0 0 0 0 0 0 0 0 0
0 0 0 0 2 0 0 0 0 4 0 3 0 1 0 0 0 0 0 0 4 1 0 0 0 0 0 0 0 0 0 0 0 0
0 0 0 2 0 0 0 2 1 1 0 1 0 0 0 0 0 0 0 0 2 1 0 0 0 0 0 0 0 0 0 1 0 0
0 0 0 1 0 0 0 1 1 1 0 2 1 1 0 0 0 0 0 0 1 2 0 0 0 0 0 0 0 0 0 0 0 0
0 0 0 1 4 0 0 3 2 0 2 0 0 2 0 0 0 0 0 1 2 1 0 0 0 0 0 0 0 0 0 0 0 0
0 0 0 2 0 1 0 3 1 1 0 0 0 0 0 0 0 0 0 0 2 1 0 0 0 0 0 0 0 0 0 0 0 0
0 0 0 1 3 0 0 4 1 1 1 1 0 1 0 0 0 0 0 0 4 3 0 0 0 0 0 0 0 0 0 0 0 0
0 0 0 0 0 0 2 2 3 4 0 0 2 3 0 0 0 0 1 0 3 2 0 0 0 0 0 0 0 0 0 0 0 0
0 0 0 2 0 0 0 3 1 0 0 8 0 1 0 0 0 1 0 0 3 1 0 0 0 0 0 0 0 0 0 0 0 0
0 0 0 1 2 0 0 0 0 1 1 3 0 2 0 0 0 0 0 0 4 1 0 0 0 0 0 0 0 0 0 0 0 0
0 0 0 1 0 0 0 1 0 0 0 8 0 0 0 0 0 0 0 1 2 1 0 0 0 0 0 0 0 0 0 0 0 0
0 0 0 3 0 0 0 1 0 1 0 15 0 1 0 0 0 2 0 0 3 3 0 0 0 0 0 0 0 0 0 0 0 0
0 0 0 2 3 1 0 2 1 1 1 1 0 2 0 0 0 0 0 0 4 1 0 0 0 0 0 0 0 0 0 0 0 0
0 0 0 0 0 0 0 1 0 1 0 4 0 0 0 0 0 0 0 1 1 1 0 0 0 0 0 0 0 0 0 0 0 0
0 0 0 1 2 0 0 0 0 2 1 3 0 1 0 0 0 0 0 0 4 1 0 0 0 0 0 0 0 0 0 0 0 0
0 0 0 2 6 0 0 2 0 1 2 6 0 3 0 0 0 0 0 1 3 2 0 0 0 0 0 0 0 0 0 0 0 0
0 0 0 2 1 0 0 1 1 0 0 5 0 2 0 0 0 1 0 0 2 1 0 0 0 0 0 0 0 0 0 0 0 0
1 0 0 0 0 0 0 2 2 1 0 0 2 1 0 0 0 0 0 0 2 3 0 0 0 0 0 0 0 0 0 0 0 0
0 0 0 0 1 0 0 5 0 0 0 10 0 3 0 0 0 1 0 0 3 2 0 0 0 0 0 0 0 0 0 0 0 1
0 0 0 2 0 0 0 3 0 0 0 5 0 2 0 0 0 0 0 0 2 2 0 0 0 0 0 0 0 0 0 0 0 0
0 0 0 1 1 0 0 1 2 1 1 0 0 0 0 0 0 0 0 0 2 1 0 0 0 0 0 0 0 0 0 0 0 0
1 0 0 0 1 0 0 0 0 0 0 2 0 2 0 0 0 0 0 0 2 2 0 0 0 0 0 0 0 0 0 0 0 0
0 0 0 1 0 0 0 2 0 1 0 0 1 1 0 0 0 0 0 0 1 1 0 0 0 0 0 0 0 0 0 0 0 0
0 0 0 3 0 0 0 0 0 0 0 8 0 8 0 0 0 0 0 0 3 2 0 0 0 0 0 0 0 0 0 0 0 0
1 0 0 0 1 0 0 0 0 0 0 2 0 2 0 0 0 0 0 0 2 2 0 0 0 0 0 0 0 0 0 0 0 0
0 0 0 2 0 0 0 7 2 2 0 1 1 1 0 0 0 0 0 0 2 2 0 0 0 0 0 0 0 0 0 0 0 0
0 0 0 1 0 0 0 1 0 0 2 5 0 5 0 0 0 0 0 0 1 5 0 0 0 0 0 0 0 0 0 0 0 0
0 0 0 2 2 1 0 0 0 1 1 2 0 2 0 0 0 0 0 0 4 1 0 0 0 0 0 0 0 0 0 0 0 0
0 0 0 3 2 0 0 3 0 1 1 0 2 3 0 0 0 1 0 0 2 3 0 0 0 0 0 0 0 0 0 0 0 0
0 0 0 2 1 0 0 3 1 0 0 12 0 2 0 0 0 0 0 1 3 2 0 0 0 0 0 0 0 0 0 0 0 0
0 0 0 3 1 0 0 3 1 0 0 5 0 0 0 0 0 0 0 0 2 2 0 0 0 0 0 0 0 0 0 0 0 0
0 0 0 1 1 0 1 2 1 1 0 0 3 2 0 0 0 0 0 0 3 2 0 0 0 0 0 0 0 0 0 1 0 0
0 0 0 2 2 1 0 0 0 1 1 2 0 2 0 0 0 1 0 0 4 1 0 0 0 0 0 0 0 0 0 0 0 0
0 0 0 3 1 0 0 5 0 0 0 13 0 2 0 0 0 0 0 0 3 4 0 0 0 0 0 0 0 0 0 0 0 0
0 0 0 1 1 0 0 2 0 1 0 1 0 0 0 0 0 0 0 0 2 1 0 0 0 0 0 0 0 0 0 0 0 0
1 0 0 0 0 0 0 0 1 2 0 1 0 0 0 0 0 0 0 0 1 1 0 0 0 0 0 0 0 0 0 0 0 0
0 1 0 1 0 0 0 0 1 2 0 0 0 0 0 0 0 0 0 0 2 1 0 0 0 0 0 0 0 0 0 0 0 0
0 0 0 1 0 0 0 4 0 2 0 0 1 0 0 0 0 0 0 0 2 1 0 0 0 0 0 0 0 0 0 1 0 0
0 0 0 1 3 0 0 1 1 3 0 2 0 1 0 0 0 0 0 0 4 1 0 0 0 0 0 0 0 0 0 0 0 0
0 0 0 0 2 0 0 2 0 3 0 0 0 2 0 0 0 2 0 0 2 1 0 0 0 0 0 0 0 0 0 0 0 0
0 0 0 1 0 0 0 0 0 0 0 9 0 10 0 0 0 0 0 0 3 2 0 0 0 0 0 0 0 0 0 0 0 0
0 0 0 2 2 0 0 4 0 3 0 1 0 1 0 0 0 0 0 0 4 3 0 0 0 0 0 0 0 0 0 0 0 0
0 0 0 0 1 0 0 1 1 0 0 7 0 4 0 0 0 0 0 1 3 1 0 0 0 0 0 0 0 0 0 0 0 0
1 0 0 0 1 0 0 0 2 0 0 1 0 1 0 0 0 0 0 0 2 2 0 0 0 0 0 0 0 0 0 0 0 0
0 0 0 0 8 0 0 4 0 2 3 4 0 4 0 0 0 0 0 0 3 4 0 0 0 0 0 0 0 0 0 0 0 0
0 0 0 0 3 0 0 0 1 1 1 3 0 1 0 0 0 0 0 0 4 1 0 0 0 0 0 0 0 0 0 0 0 0
0 0 0 0 0 0 0 2 0 0 0 8 0 0 0 0 0 0 0 1 2 1 0 0 0 0 0 0 0 0 0 0 0 0
0 0 0 2 0 0 0 1 3 1 0 0 1 0 0 0 0 0 0 0 2 1 0 0 0 0 0 0 0 0 0 0 0 0
0 0 0 0 2 0 0 0 0 2 2 3 0 1 0 0 0 0 0 0 4 1 0 0 0 0 0 0 0 0 0 0 0 0
1 0 0 0 1 0 0 0 2 0 0 1 0 1 0 0 0 0 0 0 2 2 0 0 0 0 0 0 0 0 0 0 0 0
0 0 0 0 2 0 0 2 0 2 1 0 0 1 0 0 0 0 0 0 1 1 0 0 0 0 0 0 0 0 0 0 0 0
0 0 0 0 2 0 0 0 1 2 1 3 0 1 0 0 0 0 0 0 4 1 0 0 0 0 0 0 0 0 0 0 0 0
1 0 0 1 1 0 0 0 0 0 0 1 0 2 0 0 0 1 0 0 2 2 0 0 0 0 0 0 0 0 0 0 0 0
0 0 0 0 1 0 0 1 3 1 0 2 1 1 0 0 0 0 0 0 2 2 0 0 0 0 0 0 0 0 0 0 0 0
0 0 0 1 0 0 0 1 2 0 0 9 0 8 0 0 0 0 0 0 3 2 0 0 0 0 0 0 0 0 0 0 0 0
0 0 0 0 4 0 0 3 0 2 2 7 0 2 0 0 0 0 0 0 3 2 0 0 0 0 0 0 0 0 0 0 0 0
0 0 0 3 2 0 0 1 0 0 1 3 0 1 0 0 0 0 0 0 4 1 0 0 0 0 0 0 0 0 0 0 0 0
0 0 0 0 3 0 0 0 1 2 0 3 0 1 0 0 0 0 0 0 4 1 0 0 0 0 0 0 0 0 0 0 0 0
1 0 0 1 0 1 0 0 0 1 0 0 0 0 0 0 0 0 0 0 2 1 0 0 0 0 0 0 0 0 0 0 0 0
0 0 0 1 0 0 0 3 1 1 0 1 0 0 0 0 0 0 0 0 2 1 0 0 0 0 0 0 0 0 0 1 0 0
0 0 0 2 0 0 0 3 5 1 0 0 1 3 0 0 0 1 0 0 2 4 0 0 0 0 0 0 0 0 0 0 0 0
0 0 0 2 3 0 0 1 0 0 1 3 0 1 0 0 0 0 0 0 4 1 0 0 0 0 0 0 0 0 0 0 0 0
0 0 0 0 0 0 0 3 8 2 0 0 3 0 0 0 0 0 0 0 2 3 0 0 0 0 0 0 0 0 0 0 0 0
0 0 0 0 1 0 0 3 0 1 0 1 0 0 0 0 0 0 0 0 2 1 0 0 0 0 0 0 0 0 0 0 0 0
0 0 0 2 4 0 1 2 0 1 1 0 0 2 0 0 0 2 0 2 2 2 0 0 0 0 0 0 0 0 0 0 0 0
0 0 0 0 3 0 0 2 4 1 2 47 0 49 0 0 0 2 0 0 1 53 0 0 0 0 0 0 0 0 0 0 0 1
0 0 0 1 0 1 0 2 0 4 0 0 1 0 0 0 0 0 0 0 2 1 0 0 0 0 0 0 0 0 0 0 0 0
0 0 0 1 0 0 0 2 1 2 0 0 1 1 0 0 0 0 0 0 2 1 0 0 0 0 0 0 0 0 0 1 0 0
0 0 0 1 0 0 0 5 1 1 0 4 1 0 0 0 0 1 0 0 2 1 0 0 0 0 0 0 0 0 0 0 0 0
0 0 0 0 1 1 2 6 3 3 1 2 0 2 0 2 0 0 0 0 3 4 0 0 0 0 0 0 0 0 0 0 0 0
0 0 0 0 0 0 0 4 1 0 0 7 0 0 0 0 0 0 0 0 2 1 0 0 0 0 0 0 0 0 0 0 0 0
1 0 0 0 1 0 0 0 0 0 0 2 0 2 0 0 0 0 0 0 2 2 0 0 0 0 0 0 0 0 0 0 0 0
1 0 0 1 1 0 0 0 0 0 0 1 0 2 0 0 0 1 0 0 2 2 0 0 0 0 0 0 0 0 0 0 0 0
1 0 0 1 0 0 0 2 0 0 0 0 2 1 0 0 0 0 0 0 2 2 0 0 0 0 0 0 0 0 0 0 0 0
0 0 0 0 0 0 0 0 1 3 0 4 0 0 0 0 0 0 0 0 2 2 0 0 0 0 0 0 0 0 0 0 0 0
0 0 0 0 0 0 0 2 2 2 0 7 0 2 0 0 0 3 0 0 3 2 0 0 0 0 0 0 0 0 0 0 0 0
0 0 0 0 2 0 0 0 0 2 2 2 0 1 0 0 0 0 0 0 4 1 0 0 0 0 0 0 0 0 0 0 0 1
0 0 0 0 0 0 0 4 3 1 0 5 0 4 0 0 0 0 0 0 2 2 0 0 0 0 0 0 0 0 0 0 0 0
0 0 0 0 2 0 0 3 0 2 1 1 0 2 0 0 0 0 0 0 2 1 0 0 0 0 0 0 0 0 0 0 0 0
0 0 0 2 3 1 0 3 0 1 1 0 0 1 0 0 0 0 0 1 4 3 0 0 0 0 0 0 0 0 0 0 0 0
1 0 0 0 1 0 0 0 0 0 0 2 0 2 0 0 0 0 0 0 2 2 0 0 0 0 0 0 0 0 0 0 0 0
0 0 0 1 7 0 0 1 0 1 4 5 0 5 0 0 0 1 0 0 3 2 0 0 0 0 0 0 0 0 0 0 0 0
0 0 0 1 3 0 0 1 0 3 0 2 0 2 0 0 0 0 0 0 4 1 0 0 0 0 0 0 0 0 0 0 0 0
0 0 0 3 1 0 0 2 0 0 0 15 0 4 0 0 0 0 0 0 3 2 0 0 0 0 0 0 0 0 0 0 0 0
0 0 0 2 2 0 0 3 1 2 1 0 0 2 0 0 0 0 0 0 4 3 0 0 0 0 0 0 0 0 0 0 0 0
1 0 0 0 2 0 0 0 0 0 0 1 0 3 0 0 0 0 0 0 2 2 0 0 0 0 0 0 0 0 0 0 0 0
0 0 0 0 2 0 0 0 1 2 0 3 0 1 0 0 0 0 0 0 4 1 0 0 0 0 0 0 0 0 0 0 0 0
0 0 0 0 2 0 0 1 0 1 2 3 0 1 0 0 0 0 0 0 4 1 0 0 0 0 0 0 0 0 0 0 0 0
0 0 0 2 1 0 0 4 2 2 0 1 1 1 0 0 0 0 0 0 2 2 0 0 0 0 0 0 0 0 0 0 0 0
1 0 0 1 1 0 0 1 1 0 0 1 0 2 0 0 0 0 0 0 2 2 0 0 0 0 0 0 0 0 0 0 0 0
0 0 0 1 0 0 0 1 0 1 0 0 1 1 0 1 0 0 0 0 1 1 0 0 0 0 0 0 0 0 0 0 0 0
0 0 0 1 1 0 0 1 2 1 2 0 0 0 0 0 0 0 0 0 2 1 0 0 0 0 0 0 0 0 0 0 0 0
0 0 0 3 0 0 0 4 0 0 0 1 3 3 0 0 0 0 0 0 2 3 0 0 0 0 0 0 0 0 0 0 0 0
0 0 0 1 2 0 0 3 0 0 0 15 0 2 0 1 0 0 0 0 3 4 0 0 0 0 0 0 0 0 0 0 0 0
0 0 0 2 0 0 0 4 2 1 0 2 2 2 0 0 0 0 0 0 2 3 0 0 0 0 0 0 0 0 0 0 0 0
0 0 0 1 3 0 0 1 0 0 0 7 0 1 0 0 0 0 0 0 2 1 0 0 0 0 0 0 0 0 0 0 0 0
0 0 0 1 2 0 0 0 0 1 1 3 0 2 0 0 0 0 0 0 4 1 0 0 0 0 0 0 0 0 0 0 0 0
0 0 0 4 0 0 0 2 0 0 0 13 0 4 0 0 0 3 0 0 3 4 0 0 0 0 0 0 0 0 0 0 0 1
1 0 0 0 1 0 0 0 0 0 0 2 0 2 0 0 0 0 0 0 2 2 0 0 0 0 0 0 0 0 0 0 0 0
0 0 0 0 2 0 0 3 3 2 0 0 0 1 0 0 0 0 0 0 2 1 0 0 0 0 0 0 0 0 0 0 0 0
1 0 0 0 1 0 0 0 0 0 0 2 0 2 0 0 0 0 0 0 2 2 0 0 0 0 0 0 0 0 0 0 0 0
0 0 0 1 4 0 0 1 0 0 1 3 0 1 0 0 0 0 0 0 4 1 0 0 0 0 0 0 0 0 0 0 0 0
0 0 0 0 2 0 0 1 3 1 1 1 0 1 0 0 0 1 0 0 2 1 0 0 0 0 0 0 0 0 0 0 0 0
0 0 0 1 1 1 2 2 0 2 1 1 0 1 0 0 0 0 0 0 4 1 0 0 0 0 0 0 0 0 0 0 0 0
1 0 0 0 1 0 0 0 0 0 0 2 0 2 0 0 0 0 0 0 2 2 0 0 0 0 0 0 0 0 0 0 0 0
1 0 0 0 1 0 0 0 0 0 0 2 0 2 0 0 0 0 0 0 2 2 0 0 0 0 0 0 0 0 0 0 0 0
0 0 0 2 0 0 1 1 2 1 0 2 0 1 0 0 0 1 0 0 2 1 0 0 0 0 0 0 0 0 0 0 0 0
0 0 0 0 7 0 0 3 0 1 3 6 0 4 0 0 0 0 0 0 3 2 0 0 0 0 0 0 0 0 0 0 0 0
1 0 0 0 1 0 0 0 0 0 0 2 0 2 0 0 0 0 0 0 2 2 0 0 0 0 0 0 0 0 0 0 0 0
0 0 0 1 3 0 0 2 1 2 1 1 0 3 0 0 0 0 0 0 4 1 0 0 0 0 0 0 0 0 0 0 0 0
1 0 0 0 1 0 0 2 0 1 0 0 2 1 0 0 0 0 0 0 2 3 0 0 0 0 0 0 0 0 0 0 0 0
1 0 0 0 1 0 0 0 0 0 0 1 0 2 0 0 0 0 0 0 2 2 0 0 0 0 0 0 0 0 0 0 0 1
0 0 0 1 0 0 0 1 4 1 0 0 1 1 0 0 0 0 0 0 2 2 0 0 0 0 0 0 0 0 0 0 0 0
0 0 0 1 0 0 0 3 0 0 0 7 0 2 0 0 0 0 0 0 2 1 0 0 0 0 0 0 0 0 0 0 0 0
1 0 0 0 1 0 0 0 0 0 0 2 0 2 0 0 0 0 0 0 2 2 0 0 0 0 0 0 0 0 0 0 0 0
0 0 0 1 2 0 0 2 1 0 0 9 0 4 0 0 0 2 0 2 3 3 0 0 0 0 0 0 0 0 0 0 0 0
0 0 0 1 0 0 0 3 1 1 0 2 0 0 0 0 0 0 0 0 2 1 0 0 0 0 0 0 0 0 0 0 0 0
0 0 0 0 2 0 0 0 1 2 1 3 0 1 0 0 0 0 0 0 4 1 0 0 0 0 0 0 0 0 0 0 0 0
0 0 0 1 3 0 0 1 0 2 1 2 0 2 0 0 0 0 0 0 4 1 0 0 0 0 0 0 0 0 0 0 0 0
0 0 0 0 0 0 0 5 5 2 0 0 0 4 0 0 0 0 0 0 1 4 0 0 0 0 0 0 0 0 0 0 0 0
0 0 0 6 1 0 0 3 4 3 1 59 0 65 0 0 0 3 0 1 1 67 0 0 0 0 0 0 0 0 0 0 0 1
0 0 0 0 2 0 0 1 1 4 1 0 0 1 0 0 0 0 0 0 1 2 0 0 0 0 0 0 0 0 0 0 0 0
0 0 0 4 0 0 1 4 0 2 1 46 0 49 0 0 0 1 0 0 1 51 0 0 0 0 0 0 0 0 0 0 0 1
0 0 0 2 2 0 0 1 2 2 0 0 0 1 0 0 0 0 0 2 4 3 0 0 0 0 0 0 0 0 0 0 0 0
0 0 0 0 3 1 0 0 0 1 1 3 0 1 0 0 0 0 0 0 4 1 0 0 0 0 0 0 0 0 0 0 0 0
0 0 0 2 4 0 1 0 0 3 0 1 0 2 0 0 0 0 0 0 2 1 0 0 0 0 0 0 0 0 0 0 0 0
0 0 0 3 0 0 0 2 0 0 0 11 0 3 0 0 0 2 0 0 3 2 0 0 0 0 0 0 0 0 0 0 0 0
1 0 0 0 1 0 0 0 2 0 0 1 0 1 0 0 0 0 0 0 2 2 0 0 0 0 0 0 0 0 0 0 0 0
0 0 0 2 1 0 0 4 2 3 0 0 1 0 0 0 0 0 0 0 2 3 0 0 0 0 0 0 0 0 0 0 0 0
1 0 0 1 1 0 0 0 0 0 0 1 0 3 0 0 0 0 0 0 2 2 0 0 0 0 0 0 0 0 0 0 0 0
0 0 0 4 1 0 0 9 1 0 0 6 0 2 0 0 0 1 0 0 3 5 0 0 0 0 0 0 0 0 0 0 0 0
1 0 0 0 0 0 0 0 0 1 0 3 0 2 0 0 0 1 0 0 1 3 0 0 0 0 0 0 0 0 0 0 0 0
1 0 0 0 1 0 0 0 0 0 0 1 0 2 0 0 0 0 0 0 2 2 0 0 0 0 0 0 0 0 0 0 0 1
0 0 0 1 0 0 0 0 0 0 0 9 0 10 0 0 0 1 0 0 3 2 0 0 0 0 0 0 0 0 0 0 0 0
0 0 0 0 0 0 0 1 0 0 0 13 0 1 0 0 0 0 0 0 3 1 0 0 0 0 0 0 0 0 0 0 0 0
0 0 0 0 2 0 0 2 1 0 0 8 0 10 0 0 0 0 0 0 3 2 0 0 0 0 0 0 0 0 0 0 0 0
0 0 0 1 0 0 0 1 0 0 0 11 0 1 0 0 0 0 0 1 3 1 0 0 0 0 0 0 0 0 0 0 0 0
0 0 0 1 2 0 0 2 1 2 1 2 0 1 0 0 0 1 0 0 4 3 0 0 0 0 0 0 0 0 0 0 0 0
0 0 0 1 7 0 0 2 1 2 3 4 0 4 0 0 0 0 0 2 3 4 0 0 0 0 0 0 0 0 0 0 0 0
0 0 0 0 2 0 0 1 0 1 2 3 0 1 0 0 0 0 0 0 4 1 0 0 0 0 0 0 0 0 0 0 0 0
0 0 0 0 1 0 0 2 0 4 0 0 0 1 0 0 0 0 0 0 2 1 0 0 0 0 0 0 0 0 0 1 0 0
0 0 0 1 4 0 0 1 0 0 1 3 0 1 0 0 0 0 0 0 4 1 0 0 0 0 0 0 0 0 0 0 0 0
0 0 0 3 4 0 0 3 0 1 2 0 0 2 0 0 0 0 0 0 2 1 0 0 0 0 0 0 0 0 0 0 0 0
0 0 0 1 4 0 0 1 0 0 1 3 0 1 0 0 0 0 0 0 4 1 0 0 0 0 0 0 0 0 0 0 0 0
0 0 0 2 0 0 0 4 1 2 0 0 1 2 0 0 0 0 0 0 2 3 0 0 0 0 0 0 0 0 0 0 0 0
0 0 0 1 3 0 0 0 3 0 1 1 0 2 0 0 0 0 0 0 2 1 0 0 0 0 0 0 0 0 0 0 0 0
0 0 0 0 0 0 0 1 0 2 0 0 3 2 0 0 0 0 0 0 1 1 0 0 0 0 0 0 0 0 0 0 0 0
0 0 0 1 0 0 2 1 1 2 0 0 2 3 0 0 0 0 0 0 3 1 0 0 0 0 0 0 0 0 0 0 0 0
0 0 0 1 2 0 0 0 0 2 1 3 0 1 0 0 0 0 0 0 4 1 0 0 0 0 0 0 0 0 0 0 0 0
1 0 0 0 1 0 0 0 0 0 0 1 0 2 0 0 0 0 0 0 2 2 0 0 0 0 0 0 0 0 0 0 0 1
0 0 0 3 1 0 0 5 0 0 0 2 0 2 0 0 0 0 0 0 2 1 0 0 0 0 0 0 0 0 0 0 0 0
1 0 0 1 1 0 0 0 0 0 0 1 0 2 0 0 0 1 0 0 2 2 0 0 0 0 0 0 0 0 0 0 0 0
1 0 0 0 1 0 0 0 0 0 0 2 0 2 0 0 0 0 0 0 2 2 0 0 0 0 0 0 0 0 0 0 0 0
0 0 0 3 2 0 0 0 0 1 1 1 0 4 0 0 0 2 0 0 2 2 0 0 0 0 0 0 0 0 0 0 0 0
0 0 0 2 0 0 0 0 0 0 0 17 0 1 0 0 0 0 0 0 3 2 0 0 0 0 0 0 0 0 0 0 0 0
0 0 0 4 2 0 0 0 0 0 0 11 0 4 0 0 0 3 0 0 3 2 0 0 0 0 0 0 0 0 0 0 0 0
1 0 0 0 1 0 0 0 0 0 0 2 0 2 0 0 0 0 0 0 2 2 0 0 0 0 0 0 0 0 0 0 0 0
0 0 0 1 4 0 0 1 0 0 1 3 0 1 0 0 0 0 0 0 4 1 0 0 0 0 0 0 0 0 0 0 0 0
1 0 0 0 1 0 0 0 0 0 0 2 0 2 0 0 0 0 0 0 2 2 0 0 0 0 0 0 0 0 0 0 0 0
1 0 0 0 1 0 0 0 0 0 0 2 0 2 0 0 0 0 0 0 2 2 0 0 0 0 0 0 0 0 0 0 0 0
0 0 0 0 0 0 0 2 2 0 0 3 0 5 0 0 0 0 0 0 2 1 0 0 0 0 0 0 0 0 0 0 0 0
0 0 0 1 0 1 0 2 1 2 1 0 1 0 0 0 0 0 0 0 2 1 0 0 0 0 0 0 0 0 0 0 0 0
0 0 0 0 4 0 0 2 0 1 2 2 0 2 0 0 0 2 0 0 2 2 0 0 0 0 0 0 0 0 0 0 0 0
0 0 0 5 2 0 0 6 3 1 1 59 0 66 0 0 0 2 0 0 1 66 0 0 0 0 0 0 0 0 0 0 0 1
0 0 0 3 0 0 1 8 0 0 0 1 0 0 0 0 0 0 0 0 2 3 0 0 0 0 0 0 0 0 0 0 0 0
0 0 0 2 0 0 0 2 1 1 0 7 0 0 0 0 0 0 0 0 2 1 0 0 0 0 0 0 0 0 0 0 0 0
0 0 0 2 2 0 1 3 0 0 0 4 0 1 0 1 0 0 0 0 2 3 0 0 0 0 0 0 0 0 0 0 0 0
0 0 0 0 0 0 1 2 0 1 0 2 4 2 0 1 0 0 0 0 3 1 0 0 0 0 0 0 0 0 0 0 0 0
0 0 0 0 0 0 0 2 2 2 0 0 2 1 0 0 0 0 0 0 2 2 0 0 0 0 0 0 0 0 0 0 0 0
0 0 0 1 0 0 0 2 1 0 0 10 0 1 0 0 0 0 0 1 3 1 0 0 0 0 0 0 0 0 0 0 0 0
0 0 0 0 2 0 0 3 1 2 1 0 0 1 0 0 0 0 0 0 1 2 0 0 0 0 0 0 0 0 0 0 0 0
0 0 0 2 1 0 0 2 0 0 0 7 0 2 0 0 0 3 0 0 3 1 0 0 0 0 0 0 0 0 0 0 0 0
0 0 0 1 3 0 0 2 0 0 0 6 0 1 0 0 0 0 0 0 2 1 0 0 0 0 0 0 0 0 0 0 0 0
0 0 0 2 1 0 0 4 5 2 0 8 0 5 0 0 0 0 0 1 3 4 0 0 0 0 0 0 0 0 0 0 0 0
0 0 0 3 2 0 0 1 0 0 1 3 0 1 0 0 0 0 0 0 4 1 0 0 0 0 0 0 0 0 0 0 0 0
1 0 0 2 1 0 0 0 0 0 0 0 0 3 0 0 0 1 0 1 2 2 0 0 0 0 0 0 0 0 0 0 0 0
0 0 0 0 0 0 0 1 0 2 0 1 0 1 0 0 0 0 0 1 1 1 0 0 0 0 0 0 0 0 0 0 0 0
0 0 0 2 0 1 0 1 2 1 0 0 1 0 0 0 0 0 0 0 2 1 0 0 0 0 0 0 0 0 0 0 0 0
0 0 0 1 2 0 0 3 0 4 0 1 0 1 0 0 0 1 0 0 3 3 0 0 0 0 0 0 0 0 0 0 0 0
1 0 0 0 1 0 0 0 0 0 0 2 0 2 0 0 0 0 0 0 2 2 0 0 0 0 0 0 0 0 0 0 0 0
0 0 0 1 1 0 0 1 0 3 0 0 0 1 0 0 0 0 0 0 2 1 0 0 0 0 0 0 0 0 0 0 0 0
1 0 0 0 1 0 0 0 0 0 0 2 0 2 0 0 0 0 0 0 2 2 0 0 0 0 0 0 0 0 0 0 0 0
0 0 0 1 0 0 0 1 1 1 0 0 1 0 0 0 0 0 0 0 1 1 0 0 0 0 0 0 0 0 0 0 0 0
0 0 0 0 6 0 0 1 0 3 2 7 0 3 0 0 0 0 0 0 3 2 0 0 0 0 0 0 0 0 0 0 0 0
0 0 0 1 2 0 0 0 0 1 1 2 0 2 0 0 0 0 0 0 4 1 0 0 0 0 0 0 0 0 0 0 0 1
0 0 0 5 0 0 0 2 2 0 0 9 0 2 0 0 0 5 0 1 3 5 0 0 0 0 0 0 0 0 0 0 0 0
0 0 0 1 0 0 0 2 1 1 0 0 0 0 0 0 0 0 0 0 2 1 0 0 0 0 0 0 0 0 0 1 0 0
0 0 0 0 3 1 0 0 0 1 1 3 0 1 0 0 0 0 0 0 4 1 0 0 0 0 0 0 0 0 0 0 0 0
0 0 0 0 2 0 0 1 0 2 1 3 0 1 0 0 0 0 0 0 4 1 0 0 0 0 0 0 0 0 0 0 0 0
0 0 0 2 2 1 0 0 0 1 1 2 0 1 0 0 0 0 0 1 4 1 0 0 0 0 0 0 0 0 0 0 0 0
0 0 0 0 1 0 0 1 1 1 0 0 0 0 0 0 0 0 0 0 1 1 0 0 0 0 0 0 0 0 0 0 0 0
0 0 0 1 3 0 0 0 3 2 0 1 0 1 0 0 0 0 0 0 2 1 0 0 0 0 0 0 0 0 0 0 0 0
0 0 0 1 3 0 1 0 0 1 1 3 0 1 0 0 0 0 0 0 4 1 0 0 0 0 0 0 0 0 0 0 0 0
0 0 0 4 0 0 0 1 1 0 0 5 0 10 0 0 0 1 0 2 3 4 0 0 0 0 0 0 0 0 0 0 0 0
0 0 0 0 0 0 0 2 3 2 0 0 2 1 0 0 0 0 0 0 2 2 0 0 0 0 0 0 0 0 0 0 0 0
0 0 0 6 2 0 0 5 4 2 1 57 0 64 0 0 0 2 0 2 1 66 0 0 0 0 0 0 0 0 0 0 0 1
0 0 0 2 2 0 0 1 0 2 0 3 0 1 0 0 0 0 0 0 4 1 0 0 0 0 0 0 0 0 0 0 0 0
0 0 0 0 2 0 0 3 1 0 0 5 0 1 0 0 0 2 0 2 3 1 0 0 0 0 0 0 0 0 0 0 0 0
0 0 0 1 4 0 0 2 1 3 4 6 0 3 0 0 0 0 0 0 3 2 0 0 0 0 0 0 0 0 0 0 0 0
0 0 0 1 2 0 0 0 0 2 1 3 0 1 0 0 0 0 0 0 4 1 0 0 0 0 0 0 0 0 0 0 0 0
0 0 0 0 3 0 0 0 0 3 0 3 0 1 0 0 0 0 0 0 4 1 0 0 0 0 0 0 0 0 0 0 0 0
0 0 0 4 0 0 0 6 1 0 0 4 0 10 0 0 0 0 0 0 3 6 0 0 0 0 0 0 0 0 0 0 0 0
0 0 0 1 2 0 0 3 0 0 1 3 0 1 0 0 0 0 0 0 4 1 0 0 0 0 0 0 0 0 0 0 0 0
1 0 0 0 1 0 0 0 0 0 0 2 0 2 0 0 0 0 0 0 2 2 0 0 0 0 0 0 0 0 0 0 0 0
0 0 0 2 0 0 0 2 1 1 0 0 0 0 0 0 0 0 0 0 1 1 0 0 0 0 0 0 0 0 0 0 0 0
0 0 0 5 1 0 0 2 0 0 0 12 0 4 0 0 0 0 0 0 3 3 0 0 0 0 0 0 0 0 0 0 0 0
1 0 0 0 1 0 0 0 0 0 0 2 0 2 0 0 0 0 0 0 2 2 0 0 0 0 0 0 0 0 0 0 0 0
0 0 0 2 2 0 0 4 0 1 1 1 0 2 0 0 0 0 0 0 4 3 0 0 0 0 0 0 0 0 0 0 0 0
0 0 0 0 0 0 0 0 1 0 0 3 0 6 0 0 0 0 0 1 2 1 0 0 0 0 0 0 0 0 0 0 0 0
0 0 0 1 2 1 0 1 0 2 1 2 0 2 0 0 0 0 0 0 4 1 0 0 0 0 0 0 0 0 0 0 0 0
0 0 0 3 0 0 0 2 1 0 0 4 2 2 0 0 0 0 0 0 3 2 0 0 0 0 0 0 0 0 0 0 0 0
0 0 0 2 5 0 0 0 0 2 2 0 0 3 0 0 0 0 0 0 2 1 0 0 0 0 0 0 0 0 0 0 0 0
0 0 0 1 1 0 0 3 0 1 0 6 0 2 0 0 0 0 0 0 2 1 0 0 0 0 0 0 0 0 0 0 0 0
0 0 0 0 3 1 0 0 0 1 1 3 0 1 0 0 0 0 0 0 4 1 0 0 0 0 0 0 0 0 0 0 0 0
0 0 0 3 0 0 0 2 0 0 0 6 0 10 0 0 0 2 0 0 3 3 0 0 0 0 0 0 0 0 0 0 0 0
0 0 0 2 0 0 0 2 0 0 0 6 0 1 0 0 0 0 0 1 2 2 0 0 0 0 0 0 0 0 0 0 0 0
0 0 0 0 0 1 0 4 3 2 0 0 4 1 0 0 0 0 0 0 2 2 0 0 0 0 0 0 0 0 0 0 0 0
0 0 0 1 0 0 0 3 2 3 0 10 0 2 0 0 0 1 0 2 4 2 0 0 0 0 0 0 0 0 0 0 0 0
0 0 0 0 0 0 0 4 0 0 0 7 0 0 0 0 0 0 0 0 2 1 0 0 0 0 0 0 0 0 0 0 0 0
0 0 0 2 0 0 0 2 0 3 0 3 0 1 0 0 0 0 0 0 4 1 0 0 0 0 0 0 0 0 0 0 0 0
0 0 0 0 4 0 0 3 1 1 2 1 0 3 0 0 0 0 0 0 3 1 0 0 0 0 0 0 0 0 0 0 0 0
0 0 0 1 0 1 0 1 0 2 1 3 0 1 0 0 0 0 0 0 4 1 0 0 0 0 0 0 0 0 0 0 0 0
0 0 0 0 6 0 1 1 0 1 3 7 0 3 0 0 0 0 0 0 3 2 0 0 0 0 0 0 0 0 0 0 0 0
0 0 0 0 3 0 0 0 0 2 1 3 0 1 0 0 0 0 0 0 4 1 0 0 0 0 0 0 0 0 0 0 0 0
0 0 0 1 0 0 0 3 7 2 0 0 1 0 0 0 0 0 0 0 2 3 0 0 0 0 0 0 0 0 0 0 0 0
1 0 0 1 0 0 0 2 1 1 0 0 0 0 0 0 0 0 0 0 1 1 0 0 0 0 0 0 0 0 0 0 0 0
0 0 0 0 2 0 0 0 1 2 1 3 0 1 0 0 0 0 0 0 4 1 0 0 0 0 0 0 0 0 0 0 0 0
1 0 0 0 1 0 0 0 0 0 0 2 0 2 0 0 0 0 0 0 2 2 0 0 0 0 0 0 0 0 0 0 0 0
0 0 0 0 3 0 0 0 0 3 0 3 0 1 0 0 0 0 0 0 4 1 0 0 0 0 0 0 0 0 0 0 0 0
0 0 0 3 0 0 0 4 4 3 0 8 0 3 0 0 0 1 0 0 3 4 0 0 0 0 0 0 0 0 0 0 0 0
1 0 0 1 1 0 0 0 0 0 0 1 0 2 0 0 0 0 0 1 2 2 0 0 0 0 0 0 0 0 0 0 0 0
0 0 0 2 0 0 0 0 0 0 0 9 0 8 0 0 0 0 0 1 3 3 0 0 0 0 0 0 0 0 0 0 0 0
0 0 0 1 6 0 0 1 1 3 3 6 0 3 0 0 0 0 0 0 3 2 0 0 0 0 0 0 0 0 0 0 0 0
0 0 0 3 2 0 0 2 2 1 1 1 0 2 0 0 0 0 0 0 4 1 0 0 0 0 0 0 0 0 0 0 0 0
0 0 0 0 2 0 0 0 1 2 0 3 0 1 0 0 0 0 0 0 4 1 0 0 0 0 0 0 0 0 0 0 0 0
0 0 0 0 3 1 0 0 0 1 1 3 0 1 0 0 0 0 0 0 4 1 0 0 0 0 0 0 0 0 0 0 0 0
0 0 0 1 3 0 0 1 1 3 0 2 0 1 0 0 0 0 0 0 4 1 0 0 0 0 0 0 0 0 0 0 0 0
0 0 0 4 0 0 0 4 0 0 0 10 0 5 0 0 0 2 0 1 3 4 0 0 0 0 0 0 0 0 0 0 0 0
1 0 0 0 1 0 0 0 0 0 0 2 0 2 0 0 0 0 0 0 2 2 0 0 0 0 0 0 0 0 0 0 0 0
0 0 0 1 0 0 0 1 2 3 0 0 1 0 0 0 0 0 0 0 2 1 0 0 0 0 0 0 0 0 0 0 0 0
0 0 0 0 1 0 0 3 0 1 0 1 0 0 0 0 0 0 0 0 2 1 0 0 0 0 0 0 0 0 0 0 0 0
0 0 0 0 4 0 0 4 0 1 2 7 0 2 0 0 0 0 0 0 3 2 0 0 0 0 0 0 0 0 0 0 0 0
0 0 0 0 0 0 0 0 3 1 0 4 1 1 0 0 0 0 0 0 2 1 0 0 0 0 0 0 0 0 0 0 0 0
0 0 0 1 2 1 0 0 0 1 1 3 0 1 0 0 0 0 0 0 4 1 0 0 0 0 0 0 0 0 0 0 0 0
1 0 0 0 1 0 0 0 0 0 0 2 0 2 0 0 0 0 0 0 2 2 0 0 0 0 0 0 0 0 0 0 0 0
0 0 0 1 1 0 0 0 0 0 0 8 0 10 0 0 0 2 0 0 3 2 0 0 0 0 0 0 0 0 0 0 0 0
0 0 0 2 0 0 0 5 1 0 0 7 0 4 0 0 0 4 0 1 4 3 0 0 0 0 0 0 0 0 0 0 0 0
0 0 0 1 2 0 0 0 0 2 1 3 0 1 0 0 0 0 0 0 4 1 0 0 0 0 0 0 0 0 0 0 0 0
0 0 0 1 4 0 0 1 0 0 1 3 0 1 0 0 0 0 0 0 4 1 0 0 0 0 0 0 0 0 0 0 0 0
0 0 0 0 2 0 0 0 1 2 1 3 0 1 0 0 0 0 0 0 4 1 0 0 0 0 0 0 0 0 0 0 0 0
1 0 0 0 1 0 0 0 0 0 0 2 0 2 0 0 0 0 0 0 2 2 0 0 0 0 0 0 0 0 0 0 0 0
0 0 0 2 0 0 0 0 0 0 0 8 0 11 0 0 0 1 0 0 3 2 0 0 0 0 0 0 0 0 0 0 0 0
0 0 0 0 1 0 0 0 0 3 1 8 0 6 0 0 0 1 0 0 3 2 0 0 0 0 0 0 0 0 0 0 0 0
1 0 0 0 1 0 0 0 0 0 0 2 0 2 0 0 0 0 0 0 2 2 0 0 0 0 0 0 0 0 0 0 0 0
1 0 0 0 1 0 0 0 0 0 0 2 0 2 0 0 0 0 0 0 2 2 0 0 0 0 0 0 0 0 0 0 0 0
1 0 0 1 1 0 0 2 0 0 0 1 0 2 0 0 0 0 0 0 2 2 0 0 0 0 0 0 0 0 0 0 0 0
0 0 0 3 0 0 0 3 0 0 0 6 0 9 0 0 0 4 0 0 3 4 0 0 0 0 0 0 0 0 0 0 0 0
0 0 0 3 1 0 0 2 1 0 0 5 0 1 0 0 0 0 0 0 2 2 0 0 0 0 0 0 0 0 0 0 0 0
1 0 0 0 1 0 0 1 0 2 0 0 0 0 0 0 0 0 0 0 1 1 0 0 0 0 0 0 0 0 0 0 0 0
0 0 0 1 1 0 0 2 0 1 0 1 0 0 0 0 0 0 0 0 2 1 0 0 0 0 0 0 0 0 0 0 0 0
0 0 0 0 2 0 0 0 2 5 1 7 0 1 0 0 0 0 0 0 3 2 0 0 0 0 0 0 0 0 0 0 0 0
1 0 0 0 1 0 0 0 0 0 0 2 0 2 0 0 0 0 0 0 2 2 0 0 0 0 0 0 0 0 0 0 0 0
1 0 0 0 1 0 0 0 0 0 0 2 0 2 0 0 0 0 0 0 2 2 0 0 0 0 0 0 0 0 0 0 0 0
0 0 0 0 2 0 0 0 1 2 1 3 0 1 0 0 0 0 0 0 4 1 0 0 0 0 0 0 0 0 0 0 0 0
1 1 0 2 0 0 0 2 0 0 0 0 2 0 0 0 0 0 0 0 3 1 0 0 0 0 0 0 0 0 0 1 0 0
0 0 0 1 6 0 0 2 0 2 3 6 0 4 0 0 0 0 0 0 3 2 0 0 0 0 0 0 0 0 0 0 0 0
0 0 0 1 2 1 0 0 0 1 1 3 0 1 0 0 0 0 0 0 4 1 0 0 0 0 0 0 0 0 0 0 0 0
1 0 0 0 1 0 0 0 0 0 0 2 0 2 0 0 0 0 0 0 2 2 0 0 0 0 0 0 0 0 0 0 0 0
0 0 0 0 3 0 0 0 1 2 1 2 0 2 0 0 0 0 0 0 4 1 0 0 0 0 0 0 0 0 0 0 0 0
0 0 0 4 0 0 0 3 1 0 0 1 0 0 0 0 0 0 0 1 2 1 0 0 0 0 0 0 0 0 0 0 0 0
0 0 0 1 2 0 0 0 0 2 1 3 0 1 0 0 0 0 0 0 4 1 0 0 0 0 0 0 0 0 0 0 0 0
0 0 0 0 0 0 0 3 4 2 0 0 3 2 0 0 0 0 0 0 3 2 0 0 0 0 0 0 0 0 0 0 0 0
0 0 0 1 0 0 0 3 5 2 0 1 1 2 0 0 0 1 0 0 2 3 0 0 0 0 0 0 0 0 0 0 0 0
0 0 0 2 3 0 0 1 0 2 2 2 0 1 0 0 0 0 0 1 4 2 0 0 0 0 0 0 0 0 0 0 0 0
0 0 0 1 4 0 0 4 0 1 2 0 0 3 0 0 0 0 0 0 2 1 0 0 0 0 0 0 0 0 0 0 0 0
0 0 0 0 0 0 0 0 0 1 0 10 0 8 0 0 0 0 0 0 3 2 0 0 0 0 0 0 0 0 0 0 0 0
0 0 0 2 6 0 0 0 0 4 2 5 0 3 0 0 0 0 0 1 3 3 0 0 0 0 0 0 0 0 0 0 0 0
1 1 0 1 0 1 0 1 0 0 0 0 1 0 0 0 0 0 0 0 2 1 0 0 0 0 0 0 0 0 0 0 0 0
1 0 0 1 1 0 0 1 0 0 0 1 0 2 0 0 0 0 0 0 2 2 0 0 0 0 0 0 0 0 0 0 0 0
0 0 0 1 0 0 0 1 1 1 0 2 0 0 0 0 0 0 0 0 1 1 0 0 0 0 0 0 0 0 0 0 0 0
0 0 0 2 6 0 0 2 1 2 3 5 0 4 0 0 0 0 0 0 3 2 0 0 0 0 0 0 0 0 0 0 0 0
0 0 0 0 2 0 0 1 0 2 1 3 0 1 0 0 0 0 0 0 4 1 0 0 0 0 0 0 0 0 0 0 0 0
0 0 0 3 1 0 0 3 0 1 1 2 0 2 0 0 0 0 0 0 4 1 0 0 0 0 0 0 0 0 0 0 0 0
1 0 0 0 1 0 0 0 0 0 0 2 0 2 0 0 0 0 0 0 2 2 0 0 0 0 0 0 0 0 0 0 0 0
0 0 0 0 1 0 0 1 1 3 0 0 2 1 0 0 0 0 0 0 3 1 0 0 0 0 0 0 0 0 0 0 0 0
0 0 0 0 3 0 0 0 1 4 2 7 0 2 0 0 0 0 0 0 3 2 0 0 0 0 0 0 0 0 0 0 0 0
0 0 0 0 3 0 0 0 1 2 0 3 0 1 0 0 0 0 0 0 4 1 0 0 0 0 0 0 0 0 0 0 0 0
0 0 0 2 0 0 0 1 0 1 0 2 0 0 0 1 0 0 0 0 1 1 0 0 0 0 0 0 0 0 0 0 0 0
0 0 0 0 2 0 0 0 1 2 1 3 0 1 0 0 0 0 0 0 4 1 0 0 0 0 0 0 0 0 0 0 0 0
0 0 0 2 1 0 0 1 2 0 0 4 0 8 0 0 0 2 0 2 3 4 0 0 0 0 0 0 0 0 0 0 0 1
1 0 0 0 1 0 0 0 0 0 0 2 0 2 0 0 0 0 0 0 2 2 0 0 0 0 0 0 0 0 0 0 0 0
0 0 0 1 2 0 0 1 1 2 0 2 0 2 0 0 0 0 0 0 4 1 0 0 0 0 0 0 0 0 0 0 0 0
0 0 0 1 3 1 0 0 0 1 1 2 0 2 0 0 0 0 0 0 4 1 0 0 0 0 0 0 0 0 0 0 0 0
0 0 0 1 2 1 0 0 0 1 1 3 0 1 0 0 0 0 0 0 4 1 0 0 0 0 0 0 0 0 0 0 0 0
0 0 0 0 2 0 0 1 0 1 2 3 0 1 0 0 0 0 0 0 4 1 0 0 0 0 0 0 0 0 0 0 0 0
0 0 0 1 4 0 0 1 0 0 1 3 0 1 0 0 0 0 0 0 4 1 0 0 0 0 0 0 0 0 0 0 0 0
0 0 0 1 0 0 0 0 0 1 1 2 0 2 0 0 0 0 0 0 1 2 0 0 0 0 0 0 0 0 0 0 0 0
0 0 0 0 1 0 0 1 2 1 0 0 1 2 0 0 0 0 0 0 3 1 0 0 0 0 0 0 0 0 0 1 0 0
0 0 0 2 1 0 0 0 0 0 0 8 0 0 0 0 0 0 0 0 2 1 0 0 0 0 0 0 0 0 0 0 0 0
1 0 0 0 1 0 0 0 2 0 0 1 0 1 0 0 0 0 0 0 2 2 0 0 0 0 0 0 0 0 0 0 0 0
0 0 0 1 0 0 0 2 1 1 0 0 0 0 0 0 0 0 0 0 2 1 0 0 0 0 0 0 0 0 0 1 0 0
1 0 0 0 1 0 0 0 0 0 0 2 0 2 0 0 0 0 0 0 2 2 0 0 0 0 0 0 0 0 0 0 0 0
0 0 0 0 0 0 0 1 0 1 0 2 1 1 0 0 0 0 0 0 1 1 0 0 0 0 0 0 0 0 0 0 0 0
1 0 0 0 1 0 0 0 0 0 0 2 0 2 0 0 0 0 0 0 2 2 0 0 0 0 0 0 0 0 0 0 0 0
1 0 0 1 1 0 0 1 1 0 0 1 0 2 0 0 0 0 0 0 2 2 0 0 0 0 0 0 0 0 0 0 0 0
0 0 0 2 0 0 0 3 0 0 0 12 0 3 0 0 0 0 0 1 3 3 0 0 0 0 0 0 0 0 0 0 0 0
0 0 0 1 1 0 1 2 1 2 0 0 2 2 0 0 0 0 0 0 3 2 0 0 0 0 0 0 0 0 0 1 0 0
1 0 0 0 1 0 0 0 0 0 0 2 0 2 0 0 0 0 0 0 2 2 0 0 0 0 0 0 0 0 0 0 0 0
0 0 0 0 0 0 0 1 0 2 0 0 4 2 0 0 0 0 0 0 1 1 0 0 0 0 0 0 0 0 0 0 0 0
1 0 0 0 1 0 0 0 0 0 0 2 0 2 0 0 0 0 0 0 2 2 0 0 0 0 0 0 0 0 0 0 0 0
0 0 0 0 4 0 0 2 0 1 2 1 0 2 0 0 0 0 0 1 2 1 0 0 0 0 0 0 0 0 0 0 0 0
1 0 0 0 1 0 0 0 0 0 0 2 0 2 0 0 0 0 0 0 2 2 0 0 0 0 0 0 0 0 0 0 0 0
0 0 0 0 3 1 0 0 0 1 1 3 0 1 0 0 0 0 0 0 4 1 0 0 0 0 0 0 0 0 0 0 0 0
1 0 0 0 1 0 0 0 0 0 0 2 0 2 0 0 0 0 0 0 2 2 0 0 0 0 0 0 0 0 0 0 0 0
0 0 0 0 3 1 0 0 0 1 1 3 0 1 0 0 0 0 0 0 4 1 0 0 0 0 0 0 0 0 0 0 0 0
0 0 0 0 0 0 0 2 1 0 0 0 1 2 0 0 0 0 0 0 3 1 0 0 0 0 0 0 0 0 0 0 0 0
0 0 0 0 3 1 0 0 0 1 1 3 0 1 0 0 0 0 0 0 4 1 0 0 0 0 0 0 0 0 0 0 0 0
0 0 0 0 4 0 0 3 0 2 0 2 0 8 0 0 0 1 0 0 4 3 0 0 0 0 0 0 0 0 0 0 0 3
0 0 0 0 2 0 0 0 0 0 0 3 0 6 0 0 0 0 0 0 2 1 0 0 0 0 0 0 0 0 0 0 0 0
0 0 0 0 0 0 0 2 0 0 0 8 0 0 0 0 0 1 0 0 2 1 0 0 0 0 0 0 0 0 0 0 0 0
0 0 0 1 0 0 0 3 0 3 0 1 2 1 0 0 0 0 0 0 3 1 0 0 0 0 0 0 0 0 0 1 0 0
0 0 0 0 3 0 0 2 0 4 0 2 0 1 0 0 0 1 0 0 4 3 0 0 0 0 0 0 0 0 0 0 0 0
0 0 0 2 0 0 0 2 1 0 0 2 0 3 0 0 0 0 0 0 2 1 0 0 0 0 0 0 0 0 0 0 0 0
0 0 0 0 0 0 1 6 2 2 0 13 1 2 0 0 0 0 0 0 3 4 0 0 0 0 0 0 0 0 0 0 0 0
0 0 0 0 3 0 0 0 0 2 1 3 0 1 0 0 0 0 0 0 4 1 0 0 0 0 0 0 0 0 0 0 0 0
0 0 0 3 6 0 1 1 1 3 2 4 0 5 0 0 0 2 0 0 3 2 0 0 0 0 0 0 0 0 0 0 0 0
0 0 0 1 0 0 0 3 0 10 0 0 5 9 0 0 0 0 0 0 3 4 0 0 0 0 0 0 0 0 0 0 0 0
0 0 0 1 0 1 0 1 3 3 0 0 2 1 0 0 0 0 0 0 3 1 0 0 0 0 0 0 0 0 0 0 0 0
0 0 0 1 0 0 0 2 0 1 0 0 2 2 0 0 0 0 0 0 1 2 0 0 0 0 0 0 0 0 0 0 0 0
0 0 0 2 0 0 0 1 0 0 0 11 0 2 0 0 0 0 0 0 3 1 0 0 0 0 0 0 0 0 0 0 0 0
1 0 0 0 0 0 0 0 0 1 0 3 0 2 0 0 0 1 0 0 1 3 0 0 0 0 0 0 0 0 0 0 0 0
0 0 0 5 3 0 0 2 0 0 0 1 0 0 0 0 0 0 0 0 2 1 0 0 0 0 0 0 0 0 0 0 0 0
0 0 0 1 4 0 1 3 1 0 1 1 0 1 0 0 0 0 0 0 4 1 0 0 0 0 0 0 0 0 0 0 0 0
1 0 0 1 1 0 0 1 0 0 0 1 0 3 0 0 0 0 0 0 2 2 0 0 0 0 0 0 0 0 0 0 0 0
0 0 0 0 3 1 0 0 0 1 1 3 0 1 0 0 0 0 0 0 4 1 0 0 0 0 0 0 0 0 0 0 0 0
1 0 0 0 1 0 0 0 0 0 0 2 0 2 0 0 0 0 0 0 2 2 0 0 0 0 0 0 0 0 0 0 0 0
0 0 0 5 2 0 0 3 1 1 1 0 0 1 0 0 0 0 0 0 4 3 0 0 0 0 0 0 0 0 0 0 0 0
1 0 0 0 1 0 0 0 0 0 0 1 0 2 0 0 0 0 0 0 2 2 0 0 0 0 0 0 0 0 0 0 0 1
1 0 0 0 1 0 0 0 0 0 0 2 0 2 0 0 0 0 0 0 2 2 0 0 0 0 0 0 0 0 0 0 0 0
0 0 0 2 0 0 0 1 3 1 0 0 1 0 0 0 0 0 0 0 2 1 0 0 0 0 0 0 0 0 0 0 0 0
0 0 0 1 4 0 0 1 0 0 1 3 0 1 0 0 0 0 0 0 4 1 0 0 0 0 0 0 0 0 0 0 0 0
0 0 0 0 1 0 0 1 1 1 0 0 0 0 0 0 0 0 0 0 1 1 0 0 0 0 0 0 0 0 0 0 0 0
1 0 0 0 1 0 0 0 2 0 0 1 0 1 0 0 0 0 0 0 2 2 0 0 0 0 0 0 0 0 0 0 0 0
1 0 0 1 0 0 0 1 1 0 0 0 0 64 0 0 0 1 0 0 2 1 0 0 0 0 0 0 0 0 0 0 0 0
0 0 0 0 4 0 0 0 1 2 2 1 0 2 0 0 0 0 0 1 2 1 0 0 0 0 0 0 0 0 0 0 0 0
0 0 0 1 3 0 0 4 0 2 1 0 0 7 0 0 0 1 0 2 4 2 0 0 0 0 0 0 0 0 0 0 0 0
0 0 0 3 2 0 0 2 0 2 1 0 0 2 0 0 0 1 0 0 4 3 0 0 0 0 0 0 0 0 0 0 0 0
1 0 0 0 1 0 0 0 0 0 0 2 0 2 0 0 0 0 0 0 2 2 0 0 0 0 0 0 0 0 0 0 0 0
0 0 0 0 0 0 0 2 0 0 0 9 0 2 0 0 0 2 0 1 3 2 0 0 0 0 0 0 0 0 0 0 0 0
0 0 0 2 3 0 1 0 0 1 1 2 0 2 0 0 0 1 0 0 4 1 0 0 0 0 0 0 0 0 0 0 0 0
0 0 0 0 3 0 0 1 1 3 0 2 0 2 0 0 0 0 0 0 4 1 0 0 0 0 0 0 0 0 0 0 0 0
0 0 0 0 2 0 0 0 1 2 1 3 0 1 0 0 0 0 0 0 4 1 0 0 0 0 0 0 0 0 0 0 0 0
0 0 0 1 4 0 0 1 0 0 1 3 0 1 0 0 0 0 0 0 4 1 0 0 0 0 0 0 0 0 0 0 0 0
1 0 0 0 0 0 0 0 1 2 0 1 0 0 0 0 0 0 0 0 1 1 0 0 0 0 0 0 0 0 0 0 0 0
0 0 0 3 0 0 0 3 1 1 0 0 2 4 0 0 0 2 0 0 3 2 0 0 0 0 0 0 0 0 0 0 0 0
1 0 0 0 2 0 0 1 1 0 0 1 0 2 0 0 0 0 0 0 2 2 0 0 0 0 0 0 0 0 0 0 0 0
0 0 0 3 2 0 0 1 0 0 1 3 0 1 0 0 0 0 0 0 4 1 0 0 0 0 0 0 0 0 0 0 0 0
0 0 0 2 4 0 0 3 0 0 1 2 0 1 0 0 0 0 0 0 4 1 0 0 0 0 0 0 0 0 0 0 0 0
0 0 0 1 2 0 0 0 1 2 0 3 0 1 0 0 0 0 0 0 4 1 0 0 0 0 0 0 0 0 0 0 0 0
1 0 0 0 1 0 0 0 0 2 0 2 0 2 0 0 0 0 0 0 2 2 0 0 0 0 0 0 0 0 0 0 0 0
1 0 0 0 1 0 0 0 0 0 0 2 0 2 0 0 0 0 0 0 2 2 0 0 0 0 0 0 0 0 0 0 0 0
0 0 0 1 1 0 0 7 0 0 0 5 0 1 0 0 0 2 0 0 3 1 0 0 0 0 0 0 0 0 0 0 0 0
0 0 0 4 0 0 0 2 0 0 0 6 0 0 0 2 0 0 0 0 2 3 0 0 0 0 0 0 0 0 0 0 0 0
0 0 0 1 2 0 0 2 0 2 0 0 0 2 0 0 0 1 0 1 2 1 0 0 0 0 0 0 0 0 0 0 0 0
0 0 0 3 0 0 0 1 0 0 0 13 0 1 0 0 0 0 0 1 3 2 0 0 0 0 0 0 0 0 0 0 0 0
0 0 0 1 2 0 0 0 1 2 0 3 0 1 0 0 0 0 0 0 4 1 0 0 0 0 0 0 0 0 0 0 0 0
0 0 0 1 1 0 0 0 2 1 1 0 0 2 0 0 0 0 0 0 2 1 0 0 0 0 0 0 0 0 0 0 0 0
1 0 0 0 0 0 0 1 0 0 0 1 0 1 0 0 0 0 0 0 2 1 0 0 0 0 0 0 0 0 0 0 0 0
0 0 0 1 2 1 0 0 0 1 1 3 0 1 0 0 0 0 0 0 4 1 0 0 0 0 0 0 0 0 0 0 0 0
0 0 0 0 2 0 0 1 1 3 1 0 0 1 0 0 0 1 0 0 1 2 0 0 0 0 0 0 0 0 0 0 0 0
1 0 0 3 0 0 0 3 0 1 0 3 0 36 0 0 0 0 0 1 2 6 0 0 0 0 0 0 0 0 0 0 0 0
0 0 0 4 0 0 0 5 0 0 0 3 0 2 0 0 0 0 0 0 2 3 0 0 0 0 0 0 0 0 0 0 0 0
0 0 0 1 3 0 0 0 0 2 1 2 0 1 0 0 0 0 0 1 4 2 0 0 0 0 0 0 0 0 0 0 0 0
0 1 0 1 0 0 0 1 0 1 0 0 0 0 0 0 0 0 0 0 1 1 0 0 0 0 0 0 0 0 0 0 0 0
1 0 0 0 1 0 0 0 0 0 0 2 0 2 0 0 0 0 0 0 2 2 0 0 0 0 0 0 0 0 0 0 0 0
0 0 0 0 0 0 0 0 1 0 0 10 0 8 0 0 0 0 0 0 3 2 0 0 0 0 0 0 0 0 0 0 0 0
0 0 0 3 3 0 0 2 1 1 0 2 0 1 0 0 0 0 0 0 4 1 0 0 0 0 0 0 0 0 0 0 0 0
0 0 0 2 0 0 0 0 0 0 0 7 0 0 0 0 0 1 0 1 2 1 0 0 0 0 0 0 0 0 0 0 0 0
0 0 0 0 4 0 0 1 0 2 1 6 0 2 0 0 0 0 0 0 2 2 0 0 0 0 0 0 0 0 0 0 0 1
1 0 0 0 1 0 0 0 0 0 0 2 0 2 0 0 0 0 0 0 2 2 0 0 0 0 0 0 0 0 0 0 0 0
1 0 0 0 1 0 0 0 0 0 0 2 0 2 0 0 0 0 0 0 2 2 0 0 0 0 0 0 0 0 0 0 0 0
0 0 0 1 0 0 0 2 0 2 0 0 0 1 0 0 0 0 0 0 2 1 0 0 0 0 0 0 0 0 0 1 0 0
0 0 0 1 2 0 0 0 0 1 1 3 0 2 0 0 0 0 0 0 4 1 0 0 0 0 0 0 0 0 0 0 0 0
0 0 0 0 6 0 0 1 0 3 2 7 0 3 0 0 0 0 0 0 3 2 0 0 0 0 0 0 0 0 0 0 0 0
0 0 0 2 0 0 0 3 1 0 0 13 0 2 0 0 0 0 0 1 3 3 0 0 0 0 0 0 0 0 0 0 0 0
0 0 0 4 0 0 0 1 1 0 0 7 0 8 0 0 0 0 0 0 3 2 0 0 0 0 0 0 0 0 0 0 0 0
0 0 0 3 1 0 0 2 0 1 0 3 2 4 0 0 0 1 0 0 2 3 0 0 0 0 0 0 0 0 0 0 0 0
1 0 0 0 1 0 0 0 0 0 0 2 0 2 0 0 0 0 0 0 2 2 0 0 0 0 0 0 0 0 0 0 0 0
1 0 0 0 1 0 0 0 0 0 0 1 0 2 0 0 0 0 0 0 2 2 0 0 0 0 0 0 0 0 0 0 0 1
0 0 0 2 0 0 0 1 0 0 0 16 0 2 0 1 0 0 0 0 3 3 0 0 0 0 0 0 0 0 0 0 0 0
0 0 0 0 0 0 0 6 0 0 0 2 0 3 0 0 0 0 0 0 2 1 0 0 0 0 0 0 0 0 0 0 0 0
1 0 0 0 1 0 0 0 0 0 0 2 0 2 0 0 0 0 0 0 2 2 0 0 0 0 0 0 0 0 0 0 0 0
0 0 0 0 6 0 0 0 0 3 2 7 0 4 0 0 0 0 0 0 3 2 0 0 0 0 0 0 0 0 0 0 0 0
0 0 0 0 2 0 0 1 4 2 1 0 0 1 0 0 0 0 0 0 2 1 0 0 0 0 0 0 0 0 0 0 0 0
0 0 0 0 3 0 0 0 0 4 1 3 0 1 0 0 0 0 0 0 4 1 0 0 0 0 0 0 0 0 0 0 0 0
0 0 0 0 2 0 0 0 1 2 1 3 0 1 0 0 0 0 0 0 4 1 0 0 0 0 0 0 0 0 0 0 0 0
1 0 0 1 1 0 1 1 0 0 0 0 1 1 0 0 0 0 0 0 2 2 0 0 0 0 0 0 0 0 0 0 0 0
0 0 0 0 3 0 0 0 1 1 1 3 0 1 0 0 0 0 0 0 4 1 0 0 0 0 0 0 0 0 0 0 0 0
1 0 0 0 1 0 0 0 0 0 0 2 0 2 0 0 0 0 0 0 2 2 0 0 0 0 0 0 0 0 0 0 0 0
0 0 0 0 3 0 0 0 1 2 0 3 0 1 0 0 0 0 0 0 4 1 0 0 0 0 0 0 0 0 0 0 0 0
0 0 0 6 0 0 0 0 0 0 0 5 0 1 0 0 0 0 0 0 2 1 0 0 0 0 0 0 0 0 0 0 0 0
0 0 0 1 0 0 0 3 0 0 0 8 0 1 0 0 0 0 0 0 2 1 0 0 0 0 0 0 0 0 0 0 0 0
0 0 0 2 0 0 0 0 0 0 0 6 0 3 0 0 0 0 0 0 2 1 0 0 0 0 0 0 0 0 0 0 0 0
0 0 0 3 3 0 0 0 1 1 1 1 0 4 0 1 0 0 0 0 2 1 0 0 0 0 0 0 0 0 0 0 0 0
1 0 0 0 1 0 0 4 0 0 0 0 0 0 0 0 0 0 0 0 2 2 0 0 0 0 0 0 0 0 0 0 0 0
0 0 0 4 0 0 0 3 0 0 0 5 0 1 0 0 0 1 0 0 2 3 0 0 0 0 0 0 0 0 0 0 0 0
0 0 0 0 1 0 0 3 0 1 0 1 0 0 0 0 0 0 0 0 2 1 0 0 0 0 0 0 0 0 0 0 0 0
0 0 0 1 0 0 0 2 2 1 0 7 3 1 0 0 0 0 0 0 2 3 0 0 0 0 0 0 0 0 0 0 0 0
0 0 0 0 0 0 0 2 3 1 0 0 0 1 0 0 0 0 0 0 1 1 0 0 0 0 0 0 0 0 0 0 0 0
0 0 0 4 0 0 0 4 0 0 0 4 0 3 0 0 0 1 0 0 3 1 0 0 0 0 0 0 0 0 0 0 0 0
0 0 0 2 2 1 0 2 4 1 1 27 0 32 0 0 0 0 0 1 1 33 0 0 0 0 0 0 0 0 0 0 0 1
0 0 0 0 1 0 0 2 1 1 0 0 0 2 0 0 0 0 0 0 1 1 0 0 0 0 0 0 0 0 0 0 0 0
0 0 0 2 0 0 0 0 0 0 0 9 0 0 0 0 0 0 0 0 2 1 0 0 0 0 0 0 0 0 0 0 0 0
0 0 0 2 3 0 1 0 0 1 0 3 0 1 0 0 0 0 0 0 4 1 0 0 0 0 0 0 0 0 0 0 0 0
0 0 0 1 1 0 0 5 0 1 0 9 0 2 0 0 0 1 0 1 4 1 0 0 0 0 0 0 0 0 0 0 0 0
0 0 0 2 3 0 0 1 0 2 0 2 0 1 0 0 0 0 0 1 4 2 0 0 0 0 0 0 0 0 0 0 0 0
1 0 0 0 1 0 0 0 0 0 0 2 0 2 0 0 0 0 0 0 2 2 0 0 0 0 0 0 0 0 0 0 0 0
0 0 0 1 1 0 0 2 2 0 0 8 0 9 0 0 0 0 0 0 3 2 0 0 0 0 0 0 0 0 0 0 0 0
0 0 0 0 3 0 0 0 0 3 0 2 0 1 0 0 0 0 0 0 4 1 0 0 0 0 0 0 0 0 0 0 0 1
1 0 0 0 0 0 0 0 1 2 0 1 0 0 0 0 0 0 0 0 1 1 0 0 0 0 0 0 0 0 0 0 0 0
1 0 0 0 1 0 0 0 0 0 0 2 0 2 0 0 0 0 0 0 2 2 0 0 0 0 0 0 0 0 0 0 0 0
0 0 0 1 0 0 0 2 0 0 0 12 0 2 0 0 0 0 0 0 3 1 0 0 0 0 0 0 0 0 0 0 0 0
0 0 0 0 2 0 0 0 0 4 0 3 0 1 0 0 0 0 0 0 4 1 0 0 0 0 0 0 0 0 0 0 0 0
0 0 0 0 1 0 0 5 1 0 0 3 0 1 0 0 0 0 0 0 2 1 0 0 0 0 0 0 0 0 0 0 0 0
0 0 0 0 0 0 0 0 0 0 1 11 0 7 0 0 0 1 0 0 3 2 0 0 0 0 0 0 0 0 0 0 0 0
0 0 0 0 0 0 0 1 1 3 1 3 0 1 0 0 0 0 0 0 4 1 0 0 0 0 0 0 0 0 0 0 0 0
1 0 0 0 1 0 0 0 0 0 0 2 0 2 0 0 0 0 0 0 2 2 0 0 0 0 0 0 0 0 0 0 0 0
0 0 0 2 2 0 1 0 2 4 1 5 0 3 0 1 0 0 0 0 3 2 0 0 0 0 0 0 0 0 0 0 0 0
1 0 0 0 1 0 0 0 2 0 0 1 0 1 0 0 0 0 0 0 2 2 0 0 0 0 0 0 0 0 0 0 0 0
0 0 0 0 1 0 0 4 1 1 1 0 13 3 0 0 0 0 0 0 3 2 0 0 0 0 0 0 0 0 0 0 0 0
0 0 0 2 6 0 0 0 0 3 3 5 0 4 0 0 0 3 0 0 3 4 0 0 0 0 0 0 0 0 0 0 0 0
1 0 0 1 1 0 0 0 0 1 0 1 0 2 0 0 0 1 0 0 2 2 0 0 0 0 0 0 0 0 0 0 0 0
0 0 0 0 0 1 0 4 1 3 0 0 1 0 0 0 0 0 0 0 1 2 0 0 0 0 0 0 0 0 0 0 0 0
1 0 0 0 1 0 0 0 0 0 0 1 0 2 0 0 0 0 0 0 2 2 0 0 0 0 0 0 0 0 0 0 0 1
1 0 0 0 0 0 0 0 1 2 0 1 0 0 0 0 0 0 0 0 1 1 0 0 0 0 0 0 0 0 0 0 0 0
0 0 0 0 0 0 0 1 2 0 0 10 0 6 0 0 0 0 0 0 3 2 0 0 0 0 0 0 0 0 0 0 0 0
0 0 0 0 1 0 1 2 0 0 0 0 0 0 0 0 0 0 0 0 2 1 0 0 0 0 0 0 0 0 0 1 0 0
0 0 0 0 2 0 0 0 1 2 0 2 0 1 0 0 0 0 0 0 4 1 0 0 0 0 0 0 0 0 0 0 0 1
1 1 0 1 0 1 0 1 0 0 0 0 1 0 0 0 0 0 0 0 2 1 0 0 0 0 0 0 0 0 0 0 0 0
0 0 0 0 1 0 0 2 0 1 1 1 0 0 0 0 0 0 0 0 2 1 0 0 0 0 0 0 0 0 0 0 0 0
0 0 0 3 2 0 0 1 1 2 1 0 0 1 0 0 0 0 0 2 4 3 0 0 0 0 0 0 0 0 0 0 0 0
0 0 0 1 1 0 1 1 1 1 0 0 2 3 0 0 0 0 0 0 3 2 0 0 0 0 0 0 0 0 0 1 0 0
0 0 0 3 6 0 1 2 1 3 2 4 1 3 0 0 0 0 0 1 3 2 0 0 0 0 0 0 0 0 0 0 0 0
0 0 0 1 0 0 0 1 4 2 0 2 0 2 0 0 0 1 0 0 2 2 0 0 0 0 0 0 0 0 0 0 0 0
1 1 0 1 0 1 0 1 0 0 0 0 1 0 0 0 0 0 0 0 2 1 0 0 0 0 0 0 0 0 0 0 0 0
0 0 0 5 2 0 1 7 1 2 0 26 0 37 0 0 0 2 0 1 2 34 0 0 0 0 0 0 0 0 0 0 0 1
1 0 0 0 1 0 0 0 0 0 0 2 0 2 0 0 0 0 0 0 2 2 0 0 0 0 0 0 0 0 0 0 0 0
0 0 0 0 2 0 0 1 0 2 1 1 0 2 0 0 0 1 0 0 2 1 0 0 0 0 0 0 0 0 0 0 0 0
0 0 0 0 2 0 0 0 1 2 0 2 0 1 0 0 0 0 0 0 4 1 0 0 0 0 0 0 0 0 0 0 0 1
0 0 0 1 0 0 0 1 0 1 1 0 0 1 0 0 0 0 0 0 1 1 0 0 0 0 0 0 0 0 0 0 0 0
0 0 0 0 1 0 0 3 0 1 0 1 0 0 0 0 0 0 0 0 2 1 0 0 0 0 0 0 0 0 0 0 0 0
0 0 0 0 0 0 0 5 4 2 0 0 1 1 0 0 0 0 0 0 2 2 0 0 0 0 0 0 0 0 0 0 0 0
0 0 0 3 2 0 0 3 2 1 0 1 0 2 0 0 0 0 0 0 2 2 0 0 0 0 0 0 0 0 0 0 0 0
1 0 0 0 1 0 0 0 2 0 0 1 0 1 0 0 0 0 0 0 2 2 0 0 0 0 0 0 0 0 0 0 0 0
0 0 0 2 5 0 0 0 0 2 1 1 0 2 0 0 0 0 0 0 2 1 0 0 0 0 0 0 0 0 0 0 0 0
1 0 0 0 1 0 0 1 1 1 0 0 1 1 0 0 0 0 0 0 2 2 0 0 0 0 0 0 0 0 0 0 0 0
0 0 0 0 3 1 0 0 0 1 1 3 0 1 0 0 0 0 0 0 4 1 0 0 0 0 0 0 0 0 0 0 0 0
0 0 0 2 4 0 0 1 0 0 1 2 0 2 0 0 0 0 0 0 4 1 0 0 0 0 0 0 0 0 0 0 0 0
1 0 0 0 0 0 0 3 0 2 0 0 0 1 0 0 0 0 0 0 2 2 0 0 0 0 0 0 0 0 0 0 0 0
0 0 0 0 0 0 0 1 4 1 0 0 3 6 0 0 0 0 0 0 3 1 0 0 0 0 0 0 0 0 0 0 0 0
0 0 0 1 0 0 0 2 0 1 0 2 0 0 0 0 0 1 0 0 1 1 0 0 0 0 0 0 0 0 0 0 0 0
0 0 0 0 3 1 0 0 0 1 1 3 0 1 0 0 0 0 0 0 4 1 0 0 0 0 0 0 0 0 0 0 0 0
0 0 0 0 6 0 1 0 0 4 1 7 0 3 0 0 0 0 0 0 3 2 0 0 0 0 0 0 0 0 0 0 0 0
0 0 0 1 0 0 0 2 2 2 0 0 0 0 0 0 0 0 0 0 2 1 0 0 0 0 0 0 0 0 0 1 0 0
0 0 0 1 4 0 0 1 0 0 1 3 0 1 0 0 0 0 0 0 4 1 0 0 0 0 0 0 0 0 0 0 0 0
0 0 0 0 3 1 0 0 0 1 1 3 0 1 0 0 0 0 0 0 4 1 0 0 0 0 0 0 0 0 0 0 0 0
0 0 0 0 2 0 0 1 0 2 1 1 0 2 0 0 0 1 0 0 2 1 0 0 0 0 0 0 0 0 0 0 0 0
0 0 0 0 3 0 0 2 0 2 0 0 0 1 0 0 0 0 0 0 1 1 0 0 0 0 0 0 0 0 0 0 0 0
0 0 0 1 0 0 0 2 0 0 0 8 0 8 0 0 0 0 0 0 3 2 0 0 0 0 0 0 0 0 0 0 0 1
0 0 0 2 0 0 0 5 1 4 0 10 0 1 0 0 0 0 0 0 3 4 0 0 0 0 0 0 0 0 0 0 0 0
0 0 0 0 2 0 0 3 0 2 0 3 0 0 0 0 0 0 0 0 2 1 0 0 0 0 0 0 0 0 0 0 0 0
0 0 0 3 0 0 0 2 2 1 0 1 2 4 0 0 0 1 0 0 2 3 0 0 0 0 0 0 0 0 0 0 0 0
1 0 0 0 1 0 0 4 0 0 0 0 0 0 0 0 0 0 0 0 2 2 0 0 0 0 0 0 0 0 0 0 0 0
0 0 0 0 2 0 0 2 1 1 1 3 0 2 0 0 0 0 0 0 4 1 0 0 0 0 0 0 0 0 0 0 0 0
0 0 0 0 0 0 0 0 1 3 0 4 0 0 0 0 0 0 0 0 2 2 0 0 0 0 0 0 0 0 0 0 0 0
0 0 0 2 3 0 1 0 0 1 0 3 0 1 0 0 0 0 0 0 4 1 0 0 0 0 0 0 0 0 0 0 0 0
1 0 0 0 1 0 0 0 0 0 0 2 0 2 0 0 0 0 0 0 2 2 0 0 0 0 0 0 0 0 0 0 0 0
0 0 0 1 2 0 0 1 0 0 3 3 0 1 0 0 0 0 0 0 4 1 0 0 0 0 0 0 0 0 0 0 0 0
0 0 0 0 4 0 0 0 1 2 0 2 0 2 0 0 0 0 0 0 4 1 0 0 0 0 0 0 0 0 0 0 0 0
0 0 0 2 0 0 0 3 0 0 0 2 0 4 0 0 0 1 0 0 2 1 0 0 0 0 0 0 0 0 0 0 0 0
0 0 0 1 1 0 0 1 1 1 0 0 1 0 0 0 0 0 0 0 1 2 0 0 0 0 0 0 0 0 0 0 0 0
0 0 0 1 2 1 0 0 0 1 1 3 0 1 0 0 0 0 0 0 4 1 0 0 0 0 0 0 0 0 0 0 0 0
0 0 0 0 0 0 0 2 0 0 0 9 0 0 0 0 0 0 0 0 2 1 0 0 0 0 0 0 0 0 0 0 0 0
0 0 0 0 2 1 0 0 0 1 2 3 0 1 0 0 0 0 0 0 4 1 0 0 0 0 0 0 0 0 0 0 0 0
0 0 0 1 0 1 1 2 1 0 0 0 1 2 0 0 0 0 0 0 2 1 0 0 0 0 0 0 0 0 0 0 0 0
0 0 0 1 0 0 0 1 0 0 0 8 0 0 0 0 0 0 0 1 2 1 0 0 0 0 0 0 0 0 0 0 0 0
0 0 0 3 2 0 0 1 0 0 1 3 0 1 0 0 0 0 0 0 4 1 0 0 0 0 0 0 0 0 0 0 0 0
0 0 0 0 0 0 0 2 2 1 0 8 2 1 0 0 0 0 0 0 2 3 0 0 0 0 0 0 0 0 0 0 0 0
0 0 0 0 2 0 0 0 0 4 0 3 0 1 0 0 0 0 0 0 4 1 0 0 0 0 0 0 0 0 0 0 0 0
0 0 0 1 1 1 0 0 1 2 0 0 0 64 0 0 0 1 0 0 2 2 0 0 0 0 0 0 0 0 0 0 0 0
1 0 0 0 1 0 0 0 0 0 0 2 0 2 0 0 0 0 0 0 2 2 0 0 0 0 0 0 0 0 0 0 0 0
0 0 0 1 3 0 0 1 0 0 2 3 0 1 0 0 0 0 0 0 4 1 0 0 0 0 0 0 0 0 0 0 0 0
0 0 0 1 2 0 0 5 0 1 0 4 1 0 0 0 0 0 0 1 2 2 0 0 0 0 0 0 0 0 0 0 0 0
0 0 0 0 3 0 0 0 1 1 1 3 0 1 0 0 0 0 0 0 4 1 0 0 0 0 0 0 0 0 0 0 0 0
1 0 0 0 1 0 0 0 0 0 0 2 0 2 0 0 0 0 0 0 2 2 0 0 0 0 0 0 0 0 0 0 0 0
0 0 0 1 2 0 0 3 2 0 0 6 0 9 0 0 0 1 0 0 3 4 0 0 0 0 0 0 0 0 0 0 0 0
0 0 0 2 0 0 0 1 0 1 0 1 0 0 0 0 0 0 0 1 1 1 0 0 0 0 0 0 0 0 0 0 0 0
0 0 0 2 6 0 0 2 0 2 2 5 0 4 0 0 0 0 0 0 3 3 0 0 0 0 0 0 0 0 0 0 0 0
0 0 0 0 4 0 0 0 0 3 1 6 0 2 0 0 0 0 0 0 2 2 0 0 0 0 0 0 0 0 0 0 0 1
0 0 0 3 1 0 0 1 1 0 0 7 0 8 0 0 0 0 0 0 3 2 0 0 0 0 0 0 0 0 0 0 0 0
1 0 0 1 1 0 0 0 1 0 1 2 0 1 0 0 0 0 0 0 2 1 0 0 0 0 0 0 0 0 0 0 0 0
0 0 0 1 2 0 0 0 1 2 1 2 0 2 0 0 0 0 0 0 4 1 0 0 0 0 0 0 0 0 0 0 0 0
0 0 0 0 2 0 0 0 1 2 1 3 0 1 0 0 0 0 0 0 4 1 0 0 0 0 0 0 0 0 0 0 0 0
1 0 0 0 0 0 0 1 0 0 0 1 0 1 0 0 0 0 0 0 2 1 0 0 0 0 0 0 0 0 0 0 0 0
0 0 0 2 0 0 0 3 1 0 0 3 0 0 0 0 0 1 0 2 2 1 0 0 0 0 0 0 0 0 0 0 0 0
0 0 0 0 1 0 1 2 0 0 0 4 0 0 0 0 0 0 0 0 2 1 0 0 0 0 0 0 0 0 0 1 0 0
0 0 0 2 6 0 0 0 0 4 2 5 0 3 0 0 0 0 0 1 3 3 0 0 0 0 0 0 0 0 0 0 0 0
1 0 0 0 1 0 0 0 0 0 0 2 0 2 0 0 0 0 0 0 2 2 0 0 0 0 0 0 0 0 0 0 0 0
0 0 0 1 0 0 0 3 1 3 0 0 2 1 0 0 1 0 0 0 3 1 0 0 0 0 0 0 0 0 0 0 0 0
0 0 0 5 0 0 0 2 0 0 0 13 0 3 0 0 0 3 0 0 3 4 0 0 0 0 0 0 0 0 0 0 0 0
1 1 0 1 0 1 0 1 0 0 0 0 1 0 0 0 0 0 0 0 2 1 0 0 0 0 0 0 0 0 0 0 0 0
1 0 0 1 2 0 0 1 0 0 0 0 0 2 0 0 0 1 0 1 2 2 0 0 0 0 0 0 0 0 0 0 0 0
0 0 0 3 6 0 0 1 0 3 3 4 0 6 0 1 0 0 0 0 3 2 0 0 0 0 0 0 0 0 0 0 0 0
0 0 0 1 1 0 0 2 4 1 0 0 2 2 0 0 0 0 0 0 3 2 0 0 0 0 0 0 0 0 0 1 0 0
0 0 0 1 0 0 0 2 0 3 0 0 1 1 0 0 0 0 0 0 2 1 0 0 0 0 0 0 0 0 0 1 0 0
1 0 0 0 1 0 0 0 0 0 0 2 0 2 0 0 0 0 0 0 2 2 0 0 0 0 0 0 0 0 0 0 0 0
0 0 0 0 4 0 0 0 0 3 2 7 0 3 0 0 0 0 0 0 3 2 0 0 0 0 0 0 0 0 0 0 0 0
0 0 0 1 2 0 0 0 0 2 1 3 0 1 0 0 0 0 0 0 4 1 0 0 0 0 0 0 0 0 0 0 0 0
0 0 0 2 2 0 0 2 0 1 0 6 0 0 0 0 0 0 0 1 2 3 0 0 0 0 0 0 0 0 0 0 0 0
0 0 0 0 3 0 0 0 1 2 0 3 0 1 0 0 0 0 0 0 4 1 0 0 0 0 0 0 0 0 0 0 0 0
0 0 0 1 1 0 0 1 3 1 1 0 0 0 0 0 0 0 0 0 2 1 0 0 0 0 0 0 0 0 0 0 0 0
0 0 0 0 4 0 0 4 0 5 1 3 0 2 0 0 0 1 0 0 4 1 0 0 0 0 0 0 0 0 0 0 0 0
0 0 0 0 2 0 0 0 0 3 1 3 0 1 0 0 0 0 0 0 4 1 0 0 0 0 0 0 0 0 0 0 0 0
1 1 0 1 0 1 0 1 0 0 0 0 1 0 0 0 0 0 0 0 2 1 0 0 0 0 0 0 0 0 0 0 0 0
0 0 0 21 6 0 0 14 7 3 0 35 1 68 0 1 0 9 0 7 1 65 0 0 0 0 0 0 0 0 0 0 0 1
0 0 0 0 0 0 1 5 5 1 0 6 0 5 0 0 0 0 0 0 3 2 0 0 0 0 0 0 0 0 0 0 0 0
0 0 0 1 6 0 0 1 0 4 1 6 0 3 0 0 0 0 0 1 3 2 0 0 0 0 0 0 0 0 0 0 0 0
0 0 0 1 0 0 0 2 1 1 0 0 0 0 0 0 0 0 0 0 2 1 0 0 0 0 0 0 0 0 0 1 0 0
1 0 0 0 1 0 0 0 0 0 0 2 0 2 0 0 0 0 0 0 2 2 0 0 0 0 0 0 0 0 0 0 0 0
0 0 0 1 0 0 0 1 0 1 0 0 1 0 0 0 0 0 0 0 1 1 0 0 0 0 0 0 0 0 0 0 0 0
1 0 0 0 1 0 0 0 0 0 0 2 0 2 0 0 0 0 0 0 2 2 0 0 0 0 0 0 0 0 0 0 0 0
0 0 0 1 0 0 0 5 0 0 0 8 0 1 0 0 0 0 0 0 3 1 0 0 0 0 0 0 0 0 0 0 0 0
1 0 0 1 0 1 0 0 0 1 1 0 0 0 0 0 0 0 0 0 1 1 0 0 0 0 0 0 0 0 0 0 0 0
0 0 0 1 1 0 0 2 1 3 1 1 0 1 0 0 0 0 0 0 4 2 0 0 0 0 0 0 0 0 0 0 0 0
0 0 0 0 1 0 0 1 2 1 0 0 1 2 0 0 0 0 0 0 3 1 0 0 0 0 0 0 0 0 0 1 0 0
1 0 0 1 1 0 0 0 0 0 0 1 0 3 0 0 0 0 0 0 2 2 0 0 0 0 0 0 0 0 0 0 0 0
0 0 0 2 0 0 0 2 1 1 0 0 0 0 0 0 0 0 0 1 2 1 0 0 0 0 0 0 0 0 0 1 0 0
0 0 0 2 0 0 0 0 0 0 0 9 0 0 0 0 0 0 0 0 2 1 0 0 0 0 0 0 0 0 0 0 0 0
0 0 0 0 6 0 0 1 0 3 2 7 0 3 0 0 0 0 0 0 3 2 0 0 0 0 0 0 0 0 0 0 0 0
1 0 0 0 1 0 0 0 0 0 0 2 0 2 0 0 0 0 0 0 2 2 0 0 0 0 0 0 0 0 0 0 0 0
0 0 0 2 6 0 0 2 1 2 2 5 0 4 0 0 0 0 0 1 3 2 0 0 0 0 0 0 0 0 0 0 0 0
0 0 0 0 2 0 0 1 1 1 0 0 1 3 0 2 0 0 0 0 3 1 0 0 0 0 0 0 0 0 0 0 0 0
1 0 0 0 1 0 0 0 2 0 0 1 0 1 0 0 0 0 0 0 2 2 0 0 0 0 0 0 0 0 0 0 0 0
0 0 0 0 1 0 0 3 0 2 0 7 2 1 0 0 0 0 0 0 2 3 0 0 0 0 0 0 0 0 0 0 0 0
0 0 0 4 0 0 0 7 2 0 0 6 0 2 0 0 0 2 0 0 3 4 0 0 0 0 0 0 0 0 0 0 0 0
0 0 0 1 0 0 0 2 1 2 0 2 0 0 0 0 0 0 0 0 2 1 0 0 0 0 0 0 0 0 0 0 0 0
0 0 0 0 6 0 1 0 0 1 4 7 0 3 0 0 0 0 0 0 3 2 0 0 0 0 0 0 0 0 0 0 0 0
0 0 0 1 4 0 0 1 0 1 1 7 0 4 0 0 0 0 0 0 3 2 0 0 0 0 0 0 0 0 0 0 0 1
0 0 0 1 0 0 0 2 0 2 0 0 1 0 0 0 0 0 0 0 1 1 0 0 0 0 0 0 0 0 0 0 0 0
0 0 0 0 0 0 0 2 3 1 0 0 0 1 0 0 0 2 0 0 2 1 0 0 0 0 0 0 0 0 0 0 0 0
0 0 0 2 6 0 1 2 1 3 2 4 0 4 0 0 0 0 0 2 3 4 0 0 0 0 0 0 0 0 0 0 0 0
0 0 0 0 3 1 0 0 0 1 1 3 0 1 0 0 0 0 0 0 4 1 0 0 0 0 0 0 0 0 0 0 0 0
1 0 0 0 0 0 0 2 2 1 0 0 2 0 0 0 0 0 0 0 2 2 0 0 0 0 0 0 0 0 0 0 0 0
0 0 0 6 0 0 0 5 0 1 0 5 0 1 0 0 0 2 0 2 3 5 0 0 0 0 0 0 0 0 0 0 0 0
0 0 0 2 1 0 0 1 3 1 0 62 0 64 0 0 0 1 0 0 1 65 0 0 0 0 0 0 0 0 0 0 0 1
0 0 0 1 2 0 0 0 0 3 0 3 0 1 0 0 0 0 0 0 4 1 0 0 0 0 0 0 0 0 0 0 0 0
0 0 0 3 2 0 0 1 0 0 1 3 0 1 0 0 0 0 0 0 4 1 0 0 0 0 0 0 0 0 0 0 0 0
0 0 0 1 2 1 0 0 0 1 1 3 0 1 0 0 0 0 0 0 4 1 0 0 0 0 0 0 0 0 0 0 0 0
1 0 0 0 1 0 0 0 0 0 0 2 0 2 0 0 0 0 0 0 2 2 0 0 0 0 0 0 0 0 0 0 0 0
1 0 0 0 1 0 0 0 0 0 0 2 0 2 0 0 0 0 0 0 2 2 0 0 0 0 0 0 0 0 0 0 0 0
1 0 0 0 1 0 0 0 0 0 0 2 0 2 0 0 0 0 0 0 2 2 0 0 0 0 0 0 0 0 0 0 0 0
1 0 0 0 1 0 0 0 0 0 0 2 0 2 0 0 0 0 0 0 2 2 0 0 0 0 0 0 0 0 0 0 0 0
0 0 0 3 0 0 0 3 0 2 0 3 0 0 0 0 0 1 0 1 2 2 0 0 0 0 0 0 0 0 0 0 0 0
0 0 0 4 3 0 0 3 0 1 0 0 0 1 0 0 0 3 0 0 4 3 0 0 0 0 0 0 0 0 0 0 0 0
0 0 0 1 7 0 0 3 0 2 3 5 0 3 0 0 0 0 0 1 3 2 0 0 0 0 0 0 0 0 0 0 0 0
0 0 0 0 0 0 0 7 3 0 0 0 3 1 0 0 0 0 0 0 2 2 0 0 0 0 0 0 0 0 0 0 0 0
0 0 0 0 1 0 0 3 0 0 0 8 0 8 0 0 0 0 0 0 3 2 0 0 0 0 0 0 0 0 0 0 0 0
0 0 0 0 3 0 0 0 0 3 0 3 0 1 0 0 0 0 0 0 4 1 0 0 0 0 0 0 0 0 0 0 0 0
0 0 0 0 0 0 0 2 0 0 0 9 0 0 0 0 0 0 0 0 2 1 0 0 0 0 0 0 0 0 0 0 0 0
0 0 0 1 3 0 1 0 0 1 1 3 0 1 0 0 0 0 0 0 4 1 0 0 0 0 0 0 0 0 0 0 0 0
0 0 0 0 0 0 0 2 1 1 0 0 1 4 0 0 0 0 0 0 3 2 0 0 0 0 0 0 0 0 0 0 0 0
1 0 0 1 0 0 0 0 1 0 1 3 0 0 0 0 0 0 0 0 2 1 0 0 0 0 0 0 0 0 0 0 0 0
0 0 0 0 0 0 0 0 4 1 0 0 2 1 0 0 0 0 0 0 1 2 0 0 0 0 0 0 0 0 0 0 0 0
0 0 0 2 2 0 0 0 0 1 1 3 0 3 0 0 0 0 0 0 2 1 0 0 0 0 0 0 0 0 0 0 0 0
0 0 0 3 0 0 0 5 0 2 0 3 0 0 0 0 0 0 0 0 2 2 0 0 0 0 0 0 0 0 0 0 0 0
0 0 0 0 2 0 0 3 0 2 0 3 0 0 0 0 0 0 0 0 2 1 0 0 0 0 0 0 0 0 0 0 0 0
0 0 0 1 6 0 0 1 0 3 2 6 0 4 0 0 0 0 0 0 3 2 0 0 0 0 0 0 0 0 0 0 0 0
0 0 0 0 1 0 0 3 1 1 0 0 1 1 0 0 0 0 0 0 2 1 0 0 0 0 0 0 0 0 0 1 0 0
0 0 0 3 3 0 0 3 1 0 0 2 0 1 0 0 0 3 0 0 2 3 0 0 0 0 0 0 0 0 0 0 0 0
0 0 0 0 2 0 0 1 0 1 2 3 0 1 0 0 0 0 0 0 4 1 0 0 0 0 0 0 0 0 0 0 0 0
0 0 0 0 2 0 0 1 0 0 0 10 0 1 0 0 0 0 0 0 3 1 0 0 0 0 0 0 0 0 0 0 0 0
0 0 0 1 0 0 0 1 0 1 0 1 1 1 0 0 0 0 0 0 1 1 0 0 0 0 0 0 0 0 0 0 0 0
0 0 0 2 2 0 0 0 0 2 0 3 0 3 0 0 0 0 0 0 2 1 0 0 0 0 0 0 0 0 0 0 0 0
0 0 0 0 6 0 0 1 0 3 2 7 0 3 0 0 0 0 0 0 3 2 0 0 0 0 0 0 0 0 0 0 0 0
1 0 0 1 1 0 0 1 0 0 0 1 0 2 0 0 0 0 0 0 2 2 0 0 0 0 0 0 0 0 0 0 0 0
0 0 0 1 2 0 0 3 0 0 1 3 0 1 0 0 0 0 0 0 4 1 0 0 0 0 0 0 0 0 0 0 0 0
0 0 0 0 0 0 0 0 1 3 0 3 0 0 0 0 0 0 0 0 1 1 0 0 0 0 0 0 0 0 0 0 0 0
0 0 0 0 0 0 0 3 0 1 0 17 0 0 0 0 0 0 0 0 3 2 0 0 0 0 0 0 0 0 0 0 0 0
0 0 0 0 7 0 0 0 2 2 2 5 0 6 0 0 0 1 0 0 3 2 0 0 0 0 0 0 0 0 0 0 0 0
1 0 0 1 0 0 0 1 2 1 0 0 0 0 0 0 0 0 0 0 1 1 0 0 0 0 0 0 0 0 0 0 0 0
0 0 0 0 1 0 0 0 0 0 0 13 0 4 0 0 0 2 0 0 3 3 0 0 0 0 0 0 0 0 0 0 0 0
0 0 0 1 3 1 0 0 0 1 1 2 0 2 0 0 0 0 0 0 4 1 0 0 0 0 0 0 0 0 0 0 0 0
0 0 0 0 3 0 0 0 1 2 0 3 0 1 0 0 0 0 0 0 4 1 0 0 0 0 0 0 0 0 0 0 0 0
1 0 0 0 2 0 0 1 1 0 0 1 0 2 0 0 0 0 0 0 2 2 0 0 0 0 0 0 0 0 0 0 0 0
0 0 0 1 3 0 0 0 3 1 1 1 0 1 0 0 0 0 0 0 2 1 0 0 0 0 0 0 0 0 0 0 0 0
0 0 0 2 0 0 0 5 0 0 0 5 0 2 0 0 0 0 0 0 2 3 0 0 0 0 0 0 0 0 0 0 0 0
0 0 0 1 0 0 0 2 1 2 0 9 0 6 0 0 0 0 0 0 3 2 0 0 0 0 0 0 0 0 0 0 0 0
0 0 0 1 1 0 0 2 0 0 0 6 0 0 0 0 0 0 0 1 2 1 0 0 0 0 0 0 0 0 0 0 0 0
0 0 0 1 3 0 0 2 3 2 1 0 0 0 0 0 0 1 0 0 2 3 0 0 0 0 0 0 0 0 0 0 0 0
0 0 0 0 1 0 0 3 4 2 0 0 6 3 0 0 0 0 0 0 3 2 0 0 0 0 0 0 0 0 0 0 0 0
0 0 0 4 0 0 1 1 0 0 0 3 0 2 0 0 0 1 0 0 2 1 0 0 0 0 0 0 0 0 0 0 0 0
0 0 0 1 1 0 0 2 0 1 0 17 0 1 0 0 0 0 0 0 3 2 0 0 0 0 0 0 0 0 0 0 0 0
0 0 0 1 0 0 0 3 0 0 0 8 0 8 0 0 0 1 0 0 3 2 0 0 0 0 0 0 0 0 0 0 0 0
0 0 0 1 1 0 0 1 1 0 0 14 0 0 0 0 0 1 0 1 3 3 0 0 0 0 0 0 0 0 0 0 0 0
0 0 0 0 1 0 0 3 0 1 0 1 0 0 0 0 0 0 0 0 2 1 0 0 0 0 0 0 0 0 0 0 0 0
0 0 0 5 0 0 0 5 0 0 0 1 0 2 0 0 0 0 0 0 2 3 0 0 0 0 0 0 0 0 0 0 0 0
0 0 0 3 3 0 0 2 1 0 0 11 0 2 0 0 0 1 0 0 3 2 0 0 0 0 0 0 0 0 0 0 0 0
1 0 0 0 1 0 0 0 0 0 0 2 0 2 0 0 0 0 0 0 2 2 0 0 0 0 0 0 0 0 0 0 0 0
0 0 0 0 0 0 0 1 1 0 0 8 0 3 0 0 0 0 0 1 3 1 0 0 0 0 0 0 0 0 0 0 0 0
1 0 0 0 1 0 0 0 0 0 0 2 0 2 0 0 0 0 0 0 2 2 0 0 0 0 0 0 0 0 0 0 0 0
0 0 0 0 2 0 0 0 1 2 1 3 0 1 0 0 0 0 0 0 4 1 0 0 0 0 0 0 0 0 0 0 0 0
0 0 0 1 0 0 0 1 1 2 0 0 1 0 0 0 0 0 0 0 1 1 0 0 0 0 0 0 0 0 0 0 0 0
0 0 0 3 0 0 0 2 1 0 0 14 0 2 0 0 0 3 0 0 3 5 0 0 0 0 0 0 0 0 0 0 0 0
0 0 0 0 2 0 0 0 0 0 0 5 0 3 0 0 0 0 0 1 2 1 0 0 0 0 0 0 0 0 0 0 0 0
0 0 0 2 0 1 0 3 1 1 0 0 0 0 0 0 0 0 0 0 2 1 0 0 0 0 0 0 0 0 0 0 0 0
0 0 0 0 6 0 0 0 0 3 3 7 0 3 0 0 0 0 0 0 3 2 0 0 0 0 0 0 0 0 0 0 0 0
0 0 0 4 0 0 0 4 0 0 0 4 0 0 0 0 0 0 0 0 2 1 0 0 0 0 0 0 0 0 0 0 0 0
0 0 0 1 3 0 1 4 0 0 0 13 0 1 0 0 0 1 0 0 3 4 0 0 0 0 0 0 0 0 0 0 0 0
0 0 0 1 3 0 0 0 1 2 0 3 0 2 0 0 0 0 0 0 2 1 0 0 0 0 0 0 0 0 0 0 0 0
0 0 0 1 0 0 0 0 0 0 0 14 0 2 0 1 0 1 0 1 4 1 0 0 0 0 0 0 0 0 0 0 0 0
0 0 0 0 0 0 0 1 0 0 0 9 0 0 0 0 0 0 0 1 2 1 0 0 0 0 0 0 0 0 0 0 0 0
1 0 0 0 1 0 0 0 0 0 0 2 0 2 0 0 0 0 0 0 2 2 0 0 0 0 0 0 0 0 0 0 0 0
0 0 0 1 3 0 0 1 0 3 0 2 0 2 0 0 0 0 0 0 4 1 0 0 0 0 0 0 0 0 0 0 0 0
0 0 0 3 0 0 0 2 0 0 0 10 0 4 0 3 0 1 0 0 4 1 0 0 0 0 0 0 0 0 0 0 0 0
1 0 0 0 1 0 0 0 0 0 0 2 0 2 0 0 0 0 0 0 2 2 0 0 0 0 0 0 0 0 0 0 0 0
0 0 0 2 1 0 0 0 0 0 0 6 1 1 0 0 0 0 0 1 2 1 0 0 0 0 0 0 0 0 0 0 0 0
0 0 0 1 0 0 0 0 0 0 0 9 0 10 0 0 0 0 0 0 3 2 0 0 0 0 0 0 0 0 0 0 0 0
0 0 0 0 6 0 0 2 0 1 3 7 0 3 0 0 0 0 0 0 3 2 0 0 0 0 0 0 0 0 0 0 0 0
0 0 0 2 0 0 0 2 0 3 0 0 0 0 0 1 0 0 0 1 2 1 0 0 0 0 0 0 0 0 0 0 0 0
0 0 0 0 6 0 0 0 0 3 3 7 0 3 0 0 0 0 0 0 3 2 0 0 0 0 0 0 0 0 0 0 0 0
0 0 0 0 3 0 0 0 1 2 0 3 0 1 0 0 0 0 0 0 4 1 0 0 0 0 0 0 0 0 0 0 0 0
0 0 0 0 0 0 1 3 1 1 0 8 0 6 0 0 0 1 0 0 3 2 0 0 0 0 0 0 0 0 0 0 0 0
0 0 0 4 0 0 0 3 0 1 0 14 0 2 0 0 0 0 0 1 3 2 0 0 0 0 0 0 0 0 0 0 0 0
1 0 0 1 0 1 0 0 0 1 0 0 0 0 0 0 0 0 0 0 2 1 0 0 0 0 0 0 0 0 0 0 0 0
0 0 0 2 2 0 0 6 1 0 0 1 0 1 0 0 0 0 0 0 2 2 0 0 0 0 0 0 0 0 0 0 0 0
0 0 0 4 0 0 0 3 0 0 0 6 0 1 0 0 0 0 0 0 2 3 0 0 0 0 0 0 0 0 0 0 0 0
1 0 0 0 1 0 0 0 0 0 0 2 0 2 0 0 0 0 0 0 2 2 0 0 0 0 0 0 0 0 0 0 0 0
0 0 0 0 2 0 0 0 1 2 0 2 0 1 0 0 0 0 0 0 4 1 0 0 0 0 0 0 0 0 0 0 0 1
0 0 0 1 2 0 0 0 0 2 1 3 0 1 0 0 0 0 0 0 4 1 0 0 0 0 0 0 0 0 0 0 0 0
0 0 0 1 1 0 0 6 0 2 0 6 1 2 0 0 0 2 0 0 4 3 0 0 0 0 0 0 0 0 0 0 0 0
0 0 0 1 3 0 0 1 3 0 1 1 0 1 0 0 0 0 0 0 2 1 0 0 0 0 0 0 0 0 0 0 0 0
0 0 0 0 2 0 0 3 0 2 0 3 0 0 0 0 0 0 0 0 2 1 0 0 0 0 0 0 0 0 0 0 0 0
0 0 0 1 0 0 0 1 1 1 0 0 1 0 0 0 0 0 0 0 1 1 0 0 0 0 0 0 0 0 0 0 0 0
0 0 0 0 4 0 0 1 0 2 1 6 0 2 0 0 0 0 0 0 2 2 0 0 0 0 0 0 0 0 0 0 0 1
0 0 0 5 0 0 0 1 0 0 0 14 0 3 0 0 0 3 0 0 3 4 0 0 0 0 0 0 0 0 0 0 0 0
0 0 0 1 0 0 0 3 13 1 0 0 1 2 0 0 0 0 0 0 2 3 0 0 0 0 0 0 0 0 0 0 0 0
0 0 0 1 1 0 0 2 0 1 0 1 0 0 0 0 0 0 0 0 2 1 0 0 0 0 0 0 0 0 0 0 0 0
0 0 0 1 1 1 0 0 2 2 0 0 0 0 0 0 0 0 0 0 2 1 0 0 0 0 0 0 0 0 0 0 0 0
0 0 0 3 2 0 0 1 0 0 1 3 0 1 0 0 0 0 0 0 4 1 0 0 0 0 0 0 0 0 0 0 0 0
0 0 0 1 3 0 0 0 0 3 0 2 0 1 0 0 0 1 0 0 4 2 0 0 0 0 0 0 0 0 0 0 0 0
0 0 0 1 1 0 0 0 2 3 0 0 0 0 0 0 0 0 0 0 2 1 0 0 0 0 0 0 0 0 0 0 0 0
0 0 0 2 2 0 0 0 1 1 1 3 0 2 0 0 0 0 0 0 2 1 0 0 0 0 0 0 0 0 0 0 0 0
0 0 0 1 0 0 0 3 1 2 0 0 1 2 0 0 0 0 0 0 2 1 0 0 0 0 0 0 0 0 0 0 0 0
0 0 0 4 0 0 0 5 0 0 0 8 0 5 0 0 0 1 0 0 3 4 0 0 0 0 0 0 0 0 0 0 0 1
0 0 0 3 2 0 0 3 0 2 1 0 0 2 0 0 0 0 0 0 4 3 0 0 0 0 0 0 0 0 0 0 0 0
0 0 0 0 1 0 0 4 0 1 0 0 1 1 0 0 0 0 0 0 2 1 0 0 0 0 0 0 0 0 0 1 0 0
0 0 0 0 1 0 0 2 4 1 1 0 1 2 0 0 0 0 0 0 3 1 0 0 0 0 0 0 0 0 0 0 0 0
0 0 0 1 3 0 0 4 0 0 0 1 2 2 0 1 0 0 0 0 2 3 0 0 0 0 0 0 0 0 0 0 0 0
0 0 0 2 4 0 0 1 0 0 0 5 0 2 0 0 0 3 0 0 2 3 0 0 0 0 0 0 0 0 0 0 0 0
0 0 0 0 2 0 0 4 0 1 0 3 2 1 0 0 0 0 0 0 2 2 0 0 0 0 0 0 0 0 0 0 0 0
1 0 0 0 1 0 0 0 0 0 0 2 0 2 0 0 0 0 0 0 2 2 0 0 0 0 0 0 0 0 0 0 0 0
0 0 0 1 0 0 0 2 0 2 0 0 0 1 0 0 0 0 0 0 2 1 0 0 0 0 0 0 0 0 0 1 0 0
1 0 0 0 1 0 0 0 0 0 0 2 0 2 0 0 0 0 0 0 2 2 0 0 0 0 0 0 0 0 0 0 0 0
1 0 0 0 1 0 0 0 0 0 0 2 0 2 0 0 0 0 0 0 2 2 0 0 0 0 0 0 0 0 0 0 0 0
1 0 0 1 1 0 0 1 1 0 0 1 0 2 0 0 0 0 0 0 2 2 0 0 0 0 0 0 0 0 0 0 0 0
0 0 0 2 1 0 0 3 1 0 0 13 0 1 0 0 0 0 0 3 3 2 0 0 0 0 0 0 0 0 0 0 0 0
0 0 0 0 2 0 0 0 0 4 0 3 0 1 0 0 0 0 0 0 4 1 0 0 0 0 0 0 0 0 0 0 0 0
0 0 0 2 2 0 0 4 1 0 0 2 0 2 0 0 0 0 0 0 3 1 0 0 0 0 0 0 0 0 0 0 0 0
1 0 0 0 1 0 0 0 0 0 0 2 0 2 0 0 0 0 0 0 2 2 0 0 0 0 0 0 0 0 0 0 0 0
0 0 0 4 0 0 0 5 3 1 0 1 0 2 0 0 0 0 0 1 3 2 0 0 0 0 0 0 0 0 0 0 0 0
0 0 0 4 0 0 0 6 0 0 0 12 0 3 0 0 0 1 0 1 3 6 0 0 0 0 0 0 0 0 0 0 0 0
0 0 0 2 4 0 0 1 0 1 2 1 0 2 0 0 0 0 0 0 2 1 0 0 0 0 0 0 0 0 0 0 0 0
1 0 0 0 1 0 0 0 0 0 0 2 0 2 0 0 0 0 0 0 2 2 0 0 0 0 0 0 0 0 0 0 0 0
0 0 0 4 0 0 0 6 0 1 0 12 0 2 0 0 0 3 0 0 3 6 0 0 0 0 0 0 0 0 0 0 0 0
0 0 0 0 1 0 0 2 1 1 0 0 0 0 0 0 0 0 0 0 2 1 0 0 0 0 0 0 0 0 0 1 0 0
1 0 0 0 1 0 0 0 0 0 0 2 0 2 0 0 0 0 0 0 2 2 0 0 0 0 0 0 0 0 0 0 0 0
0 0 0 0 0 0 1 3 1 0 0 11 0 4 0 0 0 1 0 0 3 2 0 0 0 0 0 0 0 0 0 0 0 0
0 0 0 1 4 0 0 1 0 0 1 3 0 1 0 0 0 0 0 0 4 1 0 0 0 0 0 0 0 0 0 0 0 0
0 0 0 0 0 0 0 1 0 1 0 2 1 2 0 0 0 0 0 0 1 1 0 0 0 0 0 0 0 0 0 0 0 0
1 0 0 0 1 0 0 0 0 0 0 2 0 2 0 0 0 0 0 0 2 2 0 0 0 0 0 0 0 0 0 0 0 0
0 0 0 0 3 1 0 0 0 1 1 3 0 1 0 0 0 0 0 0 4 1 0 0 0 0 0 0 0 0 0 0 0 0
0 0 0 2 2 0 0 0 0 0 1 5 0 0 0 0 0 0 0 1 2 1 0 0 0 0 0 0 0 0 0 0 0 0
0 0 0 0 2 0 0 1 0 0 3 3 0 1 0 0 0 0 0 0 4 1 0 0 0 0 0 0 0 0 0 0 0 0
0 0 0 2 0 0 0 2 4 0 0 0 1 0 0 0 0 0 0 0 2 1 0 0 0 0 0 0 0 0 0 0 0 0
0 0 0 2 0 0 0 1 3 1 0 0 1 0 0 0 0 0 0 0 2 1 0 0 0 0 0 0 0 0 0 0 0 0
1 0 0 1 1 0 0 1 0 0 0 1 0 2 0 0 0 0 0 0 2 2 0 0 0 0 0 0 0 0 0 0 0 0
0 0 0 0 0 0 0 2 2 1 0 14 0 4 0 0 0 1 0 0 4 2 0 0 0 0 0 0 0 0 0 0 0 0
0 0 0 0 0 0 0 1 1 0 0 11 0 0 0 0 0 0 0 1 3 1 0 0 0 0 0 0 0 0 0 0 0 0
0 0 0 1 1 0 0 2 0 0 0 8 0 10 0 0 0 0 0 0 3 2 0 0 0 0 0 0 0 0 0 0 0 0
0 0 0 0 2 0 0 1 3 1 1 1 0 1 0 0 0 1 0 0 2 1 0 0 0 0 0 0 0 0 0 0 0 0
0 0 0 2 0 0 0 0 0 0 0 3 0 6 0 0 0 0 0 0 2 1 0 0 0 0 0 0 0 0 0 0 0 0
0 0 0 1 0 0 0 1 0 1 0 0 1 0 0 0 0 0 0 0 1 1 0 0 0 0 0 0 0 0 0 0 0 0
0 0 0 2 0 0 0 2 2 1 0 0 1 3 0 0 0 0 0 0 1 3 0 0 0 0 0 0 0 0 0 0 0 0
1 0 0 0 2 0 0 0 0 0 0 1 0 3 0 0 0 0 0 0 2 2 0 0 0 0 0 0 0 0 0 0 0 0
0 0 0 3 0 0 0 3 0 0 0 13 0 3 0 0 0 1 0 0 4 3 0 0 0 0 0 0 0 0 0 0 0 0
0 0 0 1 1 0 0 2 1 1 0 0 0 0 0 0 0 1 0 0 2 1 0 0 0 0 0 0 0 0 0 1 0 0
0 0 0 1 0 0 0 1 1 1 0 0 1 0 0 0 0 0 0 0 1 1 0 0 0 0 0 0 0 0 0 0 0 0
1 0 0 1 0 0 0 2 0 1 0 0 1 0 0 0 0 0 0 0 2 1 0 0 0 0 0 0 0 0 0 0 0 0
0 0 0 0 3 1 0 0 0 1 1 3 0 1 0 0 0 0 0 0 4 1 0 0 0 0 0 0 0 0 0 0 0 0
0 0 0 0 3 1 0 0 0 1 1 3 0 1 0 0 0 0 0 0 4 1 0 0 0 0 0 0 0 0 0 0 0 0
1 0 0 0 1 0 0 2 2 1 0 0 1 1 0 0 0 0 0 0 2 3 0 0 0 0 0 0 0 0 0 0 0 0
0 0 0 3 2 0 0 1 0 0 1 3 0 1 0 0 0 0 0 0 4 1 0 0 0 0 0 0 0 0 0 0 0 0
0 0 0 3 1 0 0 4 0 0 0 4 0 2 0 0 0 0 0 0 3 1 0 0 0 0 0 0 0 0 0 0 0 0
0 0 0 0 0 0 0 2 0 0 0 9 0 0 0 0 0 0 0 0 2 1 0 0 0 0 0 0 0 0 0 0 0 0
0 0 0 0 1 0 0 0 0 1 0 1 0 0 0 0 0 1 0 0 1 1 0 0 0 0 0 0 0 0 0 0 0 0
0 0 0 5 0 0 0 3 1 1 0 7 0 3 0 0 0 0 0 4 3 5 0 0 0 0 0 0 0 0 0 0 0 0
1 0 0 0 1 0 0 0 0 0 0 2 0 2 0 0 0 0 0 0 2 2 0 0 0 0 0 0 0 0 0 0 0 0
1 1 0 1 0 1 0 1 0 0 0 0 1 0 0 0 0 0 0 0 2 1 0 0 0 0 0 0 0 0 0 0 0 0
0 0 0 0 1 0 0 1 1 1 0 0 0 0 0 0 0 0 0 0 1 1 0 0 0 0 0 0 0 0 0 0 0 0
1 0 0 0 2 0 0 0 0 0 0 1 0 2 0 0 0 1 0 0 2 2 0 0 0 0 0 0 0 0 0 0 0 0
0 0 0 1 0 0 0 2 1 1 0 2 0 0 0 0 0 0 0 0 2 1 0 0 0 0 0 0 0 0 0 1 0 0
0 0 0 1 0 0 0 1 1 1 0 0 0 0 0 0 0 0 0 0 1 1 0 0 0 0 0 0 0 0 0 0 0 0
0 0 0 1 0 0 0 1 0 0 0 8 0 1 0 0 0 1 0 1 2 1 0 0 0 0 0 0 0 0 0 0 0 0
0 0 0 0 0 0 0 0 1 0 0 3 0 6 0 0 0 0 0 1 2 1 0 0 0 0 0 0 0 0 0 0 0 0
0 0 0 1 2 0 0 1 0 2 0 1 1 1 0 0 0 0 0 0 2 1 0 0 0 0 0 0 0 0 0 0 0 0
0 0 0 0 0 0 0 1 3 1 0 0 0 0 0 0 0 2 0 0 1 1 0 0 0 0 0 0 0 0 0 0 0 0
0 0 0 1 4 1 0 2 0 1 1 0 0 1 0 0 0 0 0 0 4 2 0 0 0 0 0 0 0 0 0 0 0 0
0 0 0 3 1 0 0 5 0 0 0 12 0 2 0 1 0 0 0 1 3 4 0 0 0 0 0 0 0 0 0 0 0 0
0 0 0 0 9 0 0 6 1 2 2 3 0 4 0 0 0 0 0 0 3 4 0 0 0 0 0 0 0 0 0 0 0 0
0 0 0 0 2 0 0 3 0 1 0 1 1 0 0 0 0 0 0 0 1 1 0 0 0 0 0 0 0 0 0 0 0 0
0 0 0 3 2 0 0 1 0 0 1 3 0 1 0 0 0 0 0 0 4 1 0 0 0 0 0 0 0 0 0 0 0 0
0 0 0 1 0 0 0 2 0 0 0 7 0 2 0 0 0 0 0 0 2 1 0 0 0 0 0 0 0 0 0 0 0 0
0 0 0 1 2 1 0 0 0 1 1 3 0 1 0 0 0 0 0 0 4 1 0 0 0 0 0 0 0 0 0 0 0 0
0 0 0 0 0 0 0 4 0 0 0 6 0 2 0 0 0 2 0 0 3 1 0 0 0 0 0 0 0 0 0 0 0 0
0 0 0 3 2 0 0 1 0 1 0 3 0 1 0 0 0 0 0 0 4 1 0 0 0 0 0 0 0 0 0 0 0 0
1 0 0 0 1 0 0 0 0 0 0 2 0 2 0 0 0 0 0 0 2 2 0 0 0 0 0 0 0 0 0 0 0 0
1 0 0 1 0 0 0 2 0 0 0 0 1 1 0 0 0 0 0 0 2 2 0 0 0 0 0 0 0 0 0 0 0 0
1 0 0 0 1 0 0 0 0 0 0 1 0 2 0 0 0 0 0 0 2 2 0 0 0 0 0 0 0 0 0 0 0 1
0 0 0 1 0 0 0 1 1 1 0 0 0 0 0 0 0 0 0 0 1 1 0 0 0 0 0 0 0 0 0 0 0 0
1 0 0 0 1 0 0 0 2 0 0 1 0 1 0 0 0 0 0 0 2 2 0 0 0 0 0 0 0 0 0 0 0 0
1 0 0 0 1 0 0 0 0 0 0 2 0 2 0 0 0 0 0 0 2 2 0 0 0 0 0 0 0 0 0 0 0 0
0 0 0 1 2 1 0 0 0 1 1 3 0 1 0 0 0 0 0 0 4 1 0 0 0 0 0 0 0 0 0 0 0 0
0 0 0 0 0 0 0 1 0 1 0 2 2 2 0 0 0 0 0 0 1 2 0 0 0 0 0 0 0 0 0 0 0 0
0 0 0 1 3 0 0 0 3 1 1 1 0 1 0 0 0 0 0 0 2 1 0 0 0 0 0 0 0 0 0 0 0 0
0 0 0 0 0 0 0 0 1 3 0 4 0 0 0 0 0 0 0 0 2 2 0 0 0 0 0 0 0 0 0 0 0 0
0 0 0 2 3 0 0 1 0 0 1 3 0 1 0 0 0 0 0 0 4 1 0 0 0 0 0 0 0 0 0 0 0 0
0 0 0 4 1 0 0 2 0 1 0 4 1 1 0 0 0 0 0 0 2 3 0 0 0 0 0 0 0 0 0 0 0 0
1 0 0 1 1 0 0 1 1 0 0 1 0 2 0 0 0 0 0 0 2 2 0 0 0 0 0 0 0 0 0 0 0 0
1 0 0 0 1 0 1 0 2 0 0 0 0 63 0 0 0 1 0 0 2 1 0 0 0 0 0 0 0 0 0 0 0 0
0 0 0 1 0 0 0 7 2 4 0 11 0 2 0 0 0 0 0 0 3 4 0 0 0 0 0 0 0 0 0 0 0 0
1 0 0 0 1 0 0 0 0 0 0 1 0 2 0 0 0 0 0 0 2 2 0 0 0 0 0 0 0 0 0 0 0 1
0 0 0 0 0 0 0 0 0 0 0 11 0 8 0 0 0 1 0 0 4 1 0 0 0 0 0 0 0 0 0 0 0 0
0 0 0 0 0 0 0 0 1 3 0 3 0 0 0 0 0 0 0 0 1 1 0 0 0 0 0 0 0 0 0 0 0 0
0 0 0 1 5 0 0 1 1 1 0 1 0 0 0 0 0 0 0 0 2 1 0 0 0 0 0 0 0 0 0 0 0 0
0 0 0 1 0 0 0 3 0 1 0 8 0 7 0 0 0 0 0 0 3 2 0 0 0 0 0 0 0 0 0 0 0 0
1 0 0 1 1 0 0 0 0 0 0 1 0 3 0 0 0 0 0 0 2 2 0 0 0 0 0 0 0 0 0 0 0 0
1 0 0 0 1 0 0 0 0 0 0 2 0 2 0 0 0 0 0 0 2 2 0 0 0 0 0 0 0 0 0 0 0 0
1 0 0 0 1 0 0 0 0 0 0 2 0 2 0 0 0 0 0 0 2 2 0 0 0 0 0 0 0 0 0 0 0 0
0 0 0 1 3 0 0 0 1 2 1 1 0 2 0 0 0 1 0 0 4 2 0 0 0 0 0 0 0 0 0 0 0 0
0 0 0 1 2 1 0 0 0 1 1 3 0 1 0 0 0 0 0 0 4 1 0 0 0 0 0 0 0 0 0 0 0 0
0 0 0 4 6 0 0 1 0 3 2 3 0 4 0 0 0 3 0 1 3 5 0 0 0 0 0 0 0 0 0 0 0 0
1 0 0 0 1 0 0 0 0 0 0 2 0 2 0 0 0 0 0 0 2 2 0 0 0 0 0 0 0 0 0 0 0 0
1 0 0 0 1 0 1 1 0 0 0 0 0 2 0 0 0 0 0 0 2 2 0 0 0 0 0 0 0 0 0 0 0 1
1 1 0 1 1 0 0 2 1 0 0 0 0 1 0 0 0 0 0 0 3 1 0 0 0 0 0 0 0 0 0 1 0 0
0 0 0 2 0 0 0 2 3 3 0 0 1 2 0 0 0 0 0 1 1 3 0 0 0 0 0 0 0 0 0 0 0 0
1 0 0 0 1 0 0 0 0 0 0 2 0 2 0 0 0 0 0 0 2 2 0 0 0 0 0 0 0 0 0 0 0 0
0 0 0 2 0 0 0 0 0 0 0 9 0 0 0 0 0 0 0 0 2 1 0 0 0 0 0 0 0 0 0 0 0 0
0 0 0 2 2 0 0 0 2 4 1 5 1 3 0 0 0 1 0 0 3 2 0 0 0 0 0 0 0 0 0 0 0 0
0 0 0 2 2 0 0 3 2 1 1 3 0 1 0 0 0 0 0 0 2 2 0 0 0 0 0 0 0 0 0 0 0 0
0 0 0 0 8 0 0 1 1 3 3 5 0 3 0 0 0 0 0 1 3 2 0 0 0 0 0 0 0 0 0 0 0 0
0 0 0 0 0 0 0 1 0 1 0 4 0 0 0 0 0 1 0 0 1 1 0 0 0 0 0 0 0 0 0 0 0 0
0 0 0 1 2 0 0 1 0 0 3 3 0 1 0 0 0 0 0 0 4 1 0 0 0 0 0 0 0 0 0 0 0 0
1 0 0 0 1 0 0 0 0 0 0 2 0 2 0 0 0 0 0 0 2 2 0 0 0 0 0 0 0 0 0 0 0 0
0 0 0 0 0 0 0 3 0 3 0 2 0 2 0 0 0 1 0 0 2 1 0 0 0 0 0 0 0 0 0 0 0 0
1 0 0 1 0 0 0 2 0 0 0 1 0 1 0 0 0 0 0 0 2 2 0 0 0 0 0 0 0 0 0 0 0 0
0 0 0 0 2 0 0 0 1 2 1 3 0 1 0 0 0 0 0 0 4 1 0 0 0 0 0 0 0 0 0 0 0 0
1 0 0 1 1 0 0 1 0 0 0 1 0 3 0 0 0 0 0 0 2 2 0 0 0 0 0 0 0 0 0 0 0 0
0 0 0 0 0 0 0 1 2 0 0 10 0 6 0 0 0 0 0 0 3 2 0 0 0 0 0 0 0 0 0 0 0 0
0 0 0 4 0 0 0 12 0 0 0 2 0 0 0 0 0 0 0 0 3 3 0 0 0 0 0 0 0 0 0 0 0 0
1 0 0 0 1 0 0 0 0 0 0 2 0 2 0 0 0 0 0 0 2 2 0 0 0 0 0 0 0 0 0 0 0 0
1 0 0 0 1 0 0 0 0 0 0 2 0 2 0 0 0 0 0 0 2 2 0 0 0 0 0 0 0 0 0 0 0 0
1 0 0 1 1 0 0 1 1 0 0 1 0 2 0 0 0 0 0 0 2 2 0 0 0 0 0 0 0 0 0 0 0 0
0 0 0 1 1 0 0 1 1 1 0 0 0 0 0 0 0 1 0 0 1 1 0 0 0 0 0 0 0 0 0 0 0 0
0 0 0 0 1 0 0 2 0 2 0 0 1 0 0 0 0 0 0 0 2 1 0 0 0 0 0 0 0 0 0 1 0 0
0 0 0 2 2 0 0 2 1 0 0 15 0 3 0 0 0 0 0 0 3 2 0 0 0 0 0 0 0 0 0 0 0 0
1 0 0 1 1 0 0 1 0 0 0 1 0 3 0 0 0 0 0 0 2 2 0 0 0 0 0 0 0 0 0 0 0 0
0 0 0 3 0 0 0 3 0 0 0 15 0 2 0 0 0 0 0 0 3 4 0 0 0 0 0 0 0 0 0 0 0 0
0 1 0 1 0 0 0 0 1 2 0 0 0 0 0 0 0 0 0 0 2 1 0 0 0 0 0 0 0 0 0 0 0 0
0 0 0 0 0 0 0 1 1 0 0 7 0 0 0 0 0 0 0 2 2 1 0 0 0 0 0 0 0 0 0 0 0 0
0 0 0 2 1 0 0 3 4 1 0 1 3 2 0 0 0 0 0 0 2 4 0 0 0 0 0 0 0 0 0 0 0 0
0 0 0 1 2 0 0 0 0 2 1 3 0 1 0 0 0 0 0 0 4 1 0 0 0 0 0 0 0 0 0 0 0 0
0 0 0 0 6 0 0 1 0 2 3 7 0 3 0 0 0 0 0 0 3 2 0 0 0 0 0 0 0 0 0 0 0 0
1 0 0 0 0 0 0 2 2 3 0 0 1 1 0 0 0 0 0 0 2 3 0 0 0 0 0 0 0 0 0 0 0 0
0 0 0 0 3 1 0 0 0 1 1 3 0 1 0 0 0 0 0 0 4 1 0 0 0 0 0 0 0 0 0 0 0 0
0 0 0 2 1 0 0 1 0 0 0 7 0 0 0 0 0 0 0 0 2 1 0 0 0 0 0 0 0 0 0 0 0 0
0 0 0 0 4 0 0 0 1 1 1 2 0 2 0 0 0 0 0 0 4 1 0 0 0 0 0 0 0 0 0 0 0 0
0 0 0 1 1 1 0 0 0 1 0 0 0 65 0 0 0 1 0 0 2 1 0 0 0 0 0 0 0 0 0 0 0 0
1 0 0 0 1 0 0 0 0 0 0 2 0 2 0 0 0 0 0 0 2 2 0 0 0 0 0 0 0 0 0 0 0 0
1 0 0 0 2 0 0 1 1 0 0 1 0 2 0 0 0 0 0 0 2 2 0 0 0 0 0 0 0 0 0 0 0 0
0 0 0 0 6 0 1 1 0 1 3 2 0 4 0 0 0 2 0 0 3 2 0 0 0 0 0 0 0 0 0 0 0 0
0 0 0 0 2 0 0 0 2 1 1 0 0 1 0 0 0 0 0 0 2 1 0 0 0 0 0 0 0 0 0 0 0 0
0 0 0 0 3 0 0 0 0 3 1 3 0 1 0 0 0 0 0 0 4 1 0 0 0 0 0 0 0 0 0 0 0 0
1 0 0 2 0 0 0 2 2 1 1 0 0 130 0 0 0 2 0 0 2 3 0 0 0 0 0 0 0 0 0 0 0 0
0 0 0 0 3 1 0 0 0 1 1 3 0 1 0 0 0 0 0 0 4 1 0 0 0 0 0 0 0 0 0 0 0 0
1 0 0 0 1 0 0 0 0 0 0 2 0 2 0 0 0 0 0 0 2 2 0 0 0 0 0 0 0 0 0 0 0 0
0 0 0 3 1 0 0 3 1 0 0 2 0 0 0 0 0 0 0 0 2 1 0 0 0 0 0 0 0 0 0 0 0 0
0 0 0 0 2 0 0 0 1 2 0 3 0 1 0 0 0 0 0 0 4 1 0 0 0 0 0 0 0 0 0 0 0 0
0 0 0 0 1 0 0 3 0 1 0 1 0 0 0 0 0 0 0 0 2 1 0 0 0 0 0 0 0 0 0 0 0 0
0 0 0 0 1 0 0 3 0 2 0 0 1 1 0 0 0 0 0 0 2 1 0 0 0 0 0 0 0 0 0 1 0 0
0 0 0 0 0 0 0 2 0 0 0 9 0 0 0 0 0 0 0 0 2 1 0 0 0 0 0 0 0 0 0 0 0 0
1 0 0 0 1 0 0 0 0 0 0 2 0 2 0 0 0 0 0 0 2 2 0 0 0 0 0 0 0 0 0 0 0 0
0 0 0 4 0 0 0 2 0 0 0 4 2 2 0 0 0 0 0 0 2 3 0 0 0 0 0 0 0 0 0 0 0 0
0 0 0 3 0 0 0 5 2 1 0 0 2 1 0 0 0 0 0 0 2 2 0 0 0 0 0 0 0 0 0 0 0 0
1 0 0 1 0 0 0 2 0 1 0 0 1 0 0 0 0 0 0 0 2 1 0 0 0 0 0 0 0 0 0 0 0 0
0 0 0 0 0 0 0 2 0 0 0 7 0 0 0 0 0 0 0 2 2 1 0 0 0 0 0 0 0 0 0 0 0 0
1 1 0 1 0 1 0 1 0 0 0 0 1 0 0 0 0 0 0 0 2 1 0 0 0 0 0 0 0 0 0 0 0 0
0 0 0 0 3 1 0 0 0 1 1 3 0 1 0 0 0 0 0 0 4 1 0 0 0 0 0 0 0 0 0 0 0 0
0 0 0 0 3 1 0 0 0 1 1 3 0 1 0 0 0 0 0 0 4 1 0 0 0 0 0 0 0 0 0 0 0 0
0 0 0 0 1 0 0 3 0 0 0 7 0 2 0 0 0 0 0 0 2 1 0 0 0 0 0 0 0 0 0 0 0 0
0 0 0 1 0 0 0 1 1 0 0 8 0 9 0 0 0 0 0 0 3 3 0 0 0 0 0 0 0 0 0 0 0 0
0 0 0 0 2 0 0 0 1 2 1 3 0 1 0 0 0 0 0 0 4 1 0 0 0 0 0 0 0 0 0 0 0 0
0 0 0 0 1 0 0 0 1 2 2 63 0 65 0 0 0 1 0 0 1 67 0 0 0 0 0 0 0 0 0 0 0 1
0 0 0 1 0 0 0 4 2 0 0 7 0 1 0 0 0 2 0 1 3 2 0 0 0 0 0 0 0 0 0 0 0 0
0 0 0 5 0 0 0 4 0 1 0 3 0 2 0 0 0 0 0 1 3 3 0 0 0 0 0 0 0 0 0 0 0 0
0 0 0 1 0 0 0 1 2 3 0 0 2 3 0 0 0 0 0 0 3 1 0 0 0 0 0 0 0 0 0 0 0 0
0 0 0 1 2 0 0 1 0 0 3 3 0 1 0 0 0 0 0 0 4 1 0 0 0 0 0 0 0 0 0 0 0 0
0 0 0 0 2 0 0 0 1 2 1 3 0 1 0 0 0 0 0 0 4 1 0 0 0 0 0 0 0 0 0 0 0 0
0 0 0 1 6 0 1 1 0 1 3 6 0 4 0 0 0 0 0 0 3 2 0 0 0 0 0 0 0 0 0 0 0 0
0 0 0 1 0 0 0 2 0 3 0 0 1 1 0 0 0 0 0 0 2 1 0 0 0 0 0 0 0 0 0 1 0 0
1 0 0 1 1 0 0 2 0 0 0 0 1 2 0 0 0 0 0 0 2 3 0 0 0 0 0 0 0 0 0 0 0 0
0 0 0 2 5 0 0 1 2 1 1 5 1 4 0 0 0 0 0 3 3 3 0 0 0 0 0 0 0 0 0 0 0 0
0 0 0 0 1 0 0 2 0 2 0 0 2 2 0 0 0 0 0 0 1 2 0 0 0 0 0 0 0 0 0 0 0 0
0 0 0 2 0 0 0 0 0 0 0 3 0 6 0 0 0 0 0 0 2 1 0 0 0 0 0 0 0 0 0 0 0 0
1 0 0 1 1 0 0 1 1 0 0 1 0 2 0 0 0 0 0 0 2 2 0 0 0 0 0 0 0 0 0 0 0 0
0 0 0 4 1 0 0 3 0 0 0 3 0 3 0 0 0 1 0 0 2 3 0 0 0 0 0 0 0 0 0 0 0 0
0 0 0 1 2 0 0 0 0 2 1 3 0 1 0 0 0 0 0 0 4 1 0 0 0 0 0 0 0 0 0 0 0 0
1 0 0 0 1 0 0 0 0 0 0 2 0 2 0 0 0 0 0 0 2 2 0 0 0 0 0 0 0 0 0 0 0 0
1 0 0 0 1 0 0 0 0 0 0 2 0 2 0 0 0 0 0 0 2 2 0 0 0 0 0 0 0 0 0 0 0 0
0 0 0 0 0 0 0 2 3 0 0 8 0 8 0 0 0 0 0 0 3 2 0 0 0 0 0 0 0 0 0 0 0 0
0 0 0 5 0 0 0 3 0 0 0 3 0 3 0 0 0 0 0 1 3 1 0 0 0 0 0 0 0 0 0 0 0 0
0 0 0 1 2 1 0 0 0 1 1 3 0 1 0 0 0 0 0 0 4 1 0 0 0 0 0 0 0 0 0 0 0 0
0 0 0 2 0 1 0 0 0 2 0 0 0 33 0 0 0 0 0 0 2 1 0 0 0 0 0 0 0 0 0 0 0 0
0 0 0 2 0 0 0 4 2 1 0 4 0 2 0 0 0 0 0 0 2 2 0 0 0 0 0 0 0 0 0 0 0 0
1 0 0 0 1 0 0 0 0 0 0 2 0 2 0 0 0 0 0 0 2 2 0 0 0 0 0 0 0 0 0 0 0 0
0 0 0 0 0 0 0 0 1 3 0 3 0 0 0 0 0 0 0 0 1 1 0 0 0 0 0 0 0 0 0 0 0 0
0 0 0 2 1 0 0 3 1 0 0 4 0 0 0 0 0 0 0 1 2 1 0 0 0 0 0 0 0 0 0 0 0 0
1 0 0 1 1 0 0 2 0 0 0 1 0 2 0 0 0 0 0 0 2 2 0 0 0 0 0 0 0 0 0 0 0 0
1 0 0 0 1 0 0 0 0 0 0 2 0 2 0 0 0 0 0 0 2 2 0 0 0 0 0 0 0 0 0 0 0 0
0 0 0 0 0 0 0 2 1 1 0 6 1 1 0 0 0 0 1 0 3 1 0 0 0 0 0 0 0 0 0 0 0 0
0 0 0 0 0 0 0 1 4 0 0 0 4 7 0 0 0 0 0 0 3 2 0 0 0 0 0 0 0 0 0 0 0 0
0 0 0 2 3 0 1 0 0 1 0 3 0 1 0 0 0 0 0 0 4 1 0 0 0 0 0 0 0 0 0 0 0 0
0 0 0 2 0 0 0 0 0 0 0 10 2 3 0 0 0 3 0 0 3 2 0 0 0 0 0 0 0 0 0 0 0 0
0 0 0 1 4 0 0 3 0 2 3 6 0 4 0 0 0 0 0 0 3 2 0 0 0 0 0 0 0 0 0 0 0 0
0 0 0 0 0 0 0 1 0 0 0 4 0 9 0 0 0 0 0 0 3 1 0 0 0 0 0 0 0 0 0 0 0 1
0 0 0 0 2 0 0 1 0 2 1 3 0 1 0 0 0 0 0 0 4 1 0 0 0 0 0 0 0 0 0 0 0 0
0 0 0 1 0 1 0 3 1 1 0 0 1 1 0 0 0 0 0 0 2 1 0 0 0 0 0 0 0 0 0 0 0 0
0 0 0 3 2 0 0 1 0 1 1 1 0 4 0 0 0 1 0 0 4 1 0 0 0 0 0 0 0 0 0 0 0 0
0 0 0 1 1 0 0 0 1 0 0 10 0 4 0 0 0 0 0 1 3 2 0 0 0 0 0 0 0 0 0 0 0 0
0 0 0 1 2 1 0 0 0 1 1 3 0 1 0 0 0 0 0 0 4 1 0 0 0 0 0 0 0 0 0 0 0 0
0 0 0 0 0 0 0 1 1 0 0 8 0 3 0 0 0 0 0 1 3 1 0 0 0 0 0 0 0 0 0 0 0 0
1 0 0 0 1 0 0 0 0 0 0 2 0 2 0 0 0 0 0 0 2 2 0 0 0 0 0 0 0 0 0 0 0 0
0 0 0 1 2 0 0 0 0 3 0 3 0 1 0 0 0 0 0 0 4 1 0 0 0 0 0 0 0 0 0 0 0 0
0 0 0 3 1 0 0 3 2 2 0 0 2 2 0 0 0 1 0 0 2 2 0 0 0 0 0 0 0 0 0 0 0 0
1 0 0 0 1 0 0 0 0 0 0 1 0 2 0 0 0 0 0 0 2 2 0 0 0 0 0 0 0 0 0 0 0 1
0 0 0 1 2 1 0 0 0 1 1 3 0 1 0 0 0 0 0 0 4 1 0 0 0 0 0 0 0 0 0 0 0 0
0 0 0 3 0 0 0 4 0 1 0 1 1 1 0 0 0 0 0 0 2 2 0 0 0 0 0 0 0 0 0 0 0 0
1 0 0 0 1 0 0 0 0 0 0 2 0 2 0 0 0 0 0 0 2 2 0 0 0 0 0 0 0 0 0 0 0 0
0 0 0 3 0 0 0 0 0 1 0 5 0 3 0 0 0 0 0 0 2 1 0 0 0 0 0 0 0 0 0 0 0 0
0 0 0 4 0 0 0 6 0 1 0 0 2 2 0 0 0 0 0 0 2 3 0 0 0 0 0 0 0 0 0 0 0 0
0 0 0 0 3 0 0 0 1 1 1 3 0 1 0 0 0 0 0 0 4 1 0 0 0 0 0 0 0 0 0 0 0 0
1 0 0 0 2 0 0 1 1 0 0 1 0 2 0 0 0 0 0 0 2 2 0 0 0 0 0 0 0 0 0 0 0 0
0 0 0 0 2 0 0 0 0 4 0 3 0 1 0 0 0 0 0 0 4 1 0 0 0 0 0 0 0 0 0 0 0 0
0 0 0 0 3 1 0 0 0 1 1 3 0 1 0 0 0 0 0 0 4 1 0 0 0 0 0 0 0 0 0 0 0 0
0 0 0 2 2 0 0 0 0 2 0 3 0 3 0 0 0 0 0 0 2 1 0 0 0 0 0 0 0 0 0 0 0 0
0 0 0 2 4 0 0 1 0 1 2 1 0 2 0 0 0 0 0 0 2 1 0 0 0 0 0 0 0 0 0 0 0 0
0 0 0 1 2 0 0 0 0 2 1 3 0 1 0 0 0 0 0 0 4 1 0 0 0 0 0 0 0 0 0 0 0 0
0 0 0 1 2 0 0 0 0 0 0 8 0 0 0 0 0 0 0 0 2 1 0 0 0 0 0 0 0 0 0 0 0 0
0 0 0 0 3 1 0 0 0 1 1 3 0 1 0 0 0 0 0 0 4 1 0 0 0 0 0 0 0 0 0 0 0 0
0 0 0 1 0 0 1 3 1 1 0 0 1 2 0 0 0 0 0 0 2 1 0 0 0 0 0 0 0 0 0 0 0 0
1 0 0 0 1 0 0 0 0 0 0 0 0 1 0 0 0 0 0 0 2 1 0 0 0 0 0 0 0 0 0 0 0 1
0 0 0 0 0 0 0 1 0 2 0 2 1 1 0 0 0 0 0 0 1 1 0 0 0 0 0 0 0 0 0 0 0 0
0 0 0 1 5 0 1 2 0 2 1 0 0 1 0 0 0 2 0 0 4 3 0 0 0 0 0 0 0 0 0 0 0 0
0 0 0 2 2 0 0 1 1 2 1 0 0 1 0 0 0 2 0 0 4 2 0 0 0 0 0 0 0 0 0 0 0 0
0 0 0 0 1 0 0 2 2 2 0 0 0 1 0 0 0 0 0 0 2 1 0 0 0 0 0 0 0 0 0 0 0 0
0 0 0 2 1 0 0 3 2 2 0 3 0 3 0 0 0 1 0 0 2 3 0 0 0 0 0 0 0 0 0 0 0 0
1 0 0 0 1 0 0 0 0 0 0 2 0 2 0 0 0 0 0 0 2 2 0 0 0 0 0 0 0 0 0 0 0 0
0 0 0 0 2 0 0 2 1 2 1 1 0 1 0 0 0 0 0 0 2 1 0 0 0 0 0 0 0 0 0 0 0 0
1 0 0 0 1 0 0 0 0 0 0 2 0 2 0 0 0 0 0 0 2 2 0 0 0 0 0 0 0 0 0 0 0 0
1 0 0 0 1 0 0 0 0 0 0 2 0 2 0 0 0 0 0 0 2 2 0 0 0 0 0 0 0 0 0 0 0 0
0 0 0 2 0 0 0 3 2 0 1 0 0 1 0 0 0 0 0 1 2 1 0 0 0 0 0 0 0 0 0 0 0 0
0 0 0 2 0 0 0 2 2 3 0 1 1 1 0 0 0 0 0 0 1 3 0 0 0 0 0 0 0 0 0 0 0 0
0 0 0 7 1 0 0 3 3 0 1 34 0 43 0 0 0 5 0 1 1 42 0 0 0 0 0 0 0 0 0 0 0 1
0 0 0 1 1 0 0 1 3 1 2 1 0 1 0 0 0 0 0 0 2 1 0 0 0 0 0 0 0 0 0 0 0 0
0 0 0 2 1 0 0 1 3 0 1 0 0 0 0 0 0 0 0 0 2 1 0 0 0 0 0 0 0 0 0 0 0 0
1 0 0 0 1 0 0 0 0 0 0 1 0 2 0 0 0 0 0 0 2 2 0 0 0 0 0 0 0 0 0 0 0 1
1 0 0 0 1 0 0 0 0 0 0 2 0 2 0 0 0 0 0 0 2 2 0 0 0 0 0 0 0 0 0 0 0 0
1 0 0 1 1 0 0 0 0 1 0 1 0 2 0 0 0 0 0 0 2 2 0 0 0 0 0 0 0 0 0 0 0 0
0 0 0 2 0 0 0 1 1 1 0 1 0 0 0 0 0 0 0 0 1 1 0 0 0 0 0 0 0 0 0 0 0 0
1 0 0 0 1 0 0 0 0 0 0 2 0 2 0 0 0 0 0 0 2 2 0 0 0 0 0 0 0 0 0 0 0 0
1 0 0 1 1 0 0 1 1 0 0 1 0 2 0 0 0 0 0 0 2 2 0 0 0 0 0 0 0 0 0 0 0 0
1 0 0 0 1 0 0 0 0 0 0 2 0 2 0 0 0 0 0 0 2 2 0 0 0 0 0 0 0 0 0 0 0 0
0 0 0 3 1 0 0 2 0 0 0 7 0 1 0 0 0 0 0 0 2 1 0 0 0 0 0 0 0 0 0 0 0 0
1 0 0 0 1 0 0 0 0 0 0 2 0 2 0 0 0 0 0 0 2 2 0 0 0 0 0 0 0 0 0 0 0 0
1 0 0 0 1 0 0 0 0 0 0 2 0 2 0 0 0 0 0 0 2 2 0 0 0 0 0 0 0 0 0 0 0 0
0 0 0 0 4 0 0 1 0 3 0 7 0 4 0 0 0 0 0 0 3 2 0 0 0 0 0 0 0 0 0 0 0 1
0 0 0 0 3 1 0 0 0 1 1 3 0 1 0 0 0 0 0 0 4 1 0 0 0 0 0 0 0 0 0 0 0 0
0 0 0 1 2 1 0 0 0 1 1 3 0 1 0 0 0 0 0 0 4 1 0 0 0 0 0 0 0 0 0 0 0 0
0 0 0 0 3 1 0 0 0 1 1 3 0 1 0 0 0 0 0 0 4 1 0 0 0 0 0 0 0 0 0 0 0 0
0 0 0 2 2 0 0 1 0 1 0 6 0 1 0 0 0 0 0 0 2 2 0 0 0 0 0 0 0 0 0 0 0 0
0 0 0 3 0 0 0 8 1 0 0 5 0 3 0 2 0 0 0 0 3 5 0 0 0 0 0 0 0 0 0 0 0 0
0 0 0 0 7 0 0 2 0 2 3 5 0 5 0 0 0 0 0 0 3 2 0 0 0 0 0 0 0 0 0 0 0 0
1 0 0 0 1 0 0 0 0 0 0 2 0 2 0 0 0 0 0 0 2 2 0 0 0 0 0 0 0 0 0 0 0 0
0 0 0 1 0 0 0 2 0 3 0 0 4 1 0 0 0 0 0 0 3 1 0 0 0 0 0 0 0 0 0 0 0 0
1 0 0 0 1 0 0 0 0 0 0 2 0 2 0 0 0 0 0 0 2 2 0 0 0 0 0 0 0 0 0 0 0 0
0 0 0 0 6 0 0 1 0 4 1 7 0 3 0 0 0 0 0 0 3 2 0 0 0 0 0 0 0 0 0 0 0 0
0 0 0 3 1 0 0 0 0 0 0 7 0 9 0 0 0 2 0 0 3 2 0 0 0 0 0 0 0 0 0 0 0 0
0 0 0 3 0 0 0 4 0 1 0 1 1 1 0 0 0 0 0 0 2 2 0 0 0 0 0 0 0 0 0 0 0 0
0 0 0 1 2 0 0 0 1 2 0 3 0 1 0 0 0 0 0 0 4 1 0 0 0 0 0 0 0 0 0 0 0 0
0 1 0 1 0 0 0 0 1 2 0 0 0 0 0 0 0 0 0 0 2 1 0 0 0 0 0 0 0 0 0 0 0 0
0 0 0 2 1 0 0 2 0 2 0 0 0 0 0 1 0 0 0 1 2 1 0 0 0 0 0 0 0 0 0 0 0 0
0 0 0 1 2 0 0 0 1 2 0 3 0 1 0 0 0 0 0 0 4 1 0 0 0 0 0 0 0 0 0 0 0 0
0 0 0 0 0 0 0 2 3 1 0 0 0 0 0 0 0 0 0 0 1 1 0 0 0 0 0 0 0 0 0 0 0 0
0 0 0 2 3 0 0 1 0 0 1 3 0 1 0 0 0 0 0 0 4 1 0 0 0 0 0 0 0 0 0 0 0 0
0 0 0 0 0 0 2 6 2 2 0 13 1 2 0 0 0 0 1 0 3 4 0 0 0 0 0 0 0 0 0 0 0 0
0 0 0 1 2 0 0 1 1 2 1 2 0 2 0 0 0 0 0 0 4 1 0 0 0 0 0 0 0 0 0 0 0 0
1 0 0 0 1 0 0 0 0 0 0 2 0 2 0 0 0 0 0 0 2 2 0 0 0 0 0 0 0 0 0 0 0 0
1 0 0 0 1 0 0 0 0 0 0 2 0 2 0 0 0 0 0 0 2 2 0 0 0 0 0 0 0 0 0 0 0 0
0 0 0 3 0 0 0 3 0 0 0 7 0 12 0 0 0 0 0 0 3 2 0 0 0 0 0 0 0 0 0 0 0 0
0 0 0 1 3 0 0 1 1 3 0 1 0 1 0 0 0 0 0 2 4 3 0 0 0 0 0 0 0 0 0 0 0 0
0 0 0 0 0 0 0 0 1 0 0 5 0 9 0 0 0 2 0 0 3 2 0 0 0 0 0 0 0 0 0 0 0 0
1 0 0 0 1 0 0 0 0 0 0 2 0 2 0 0 0 0 0 0 2 2 0 0 0 0 0 0 0 0 0 0 0 0
0 0 0 1 0 0 0 2 2 4 0 3 0 0 0 0 0 0 0 0 2 4 0 0 0 0 0 0 0 0 0 0 0 0
0 0 0 1 0 0 0 1 1 1 0 0 0 1 0 0 0 0 0 0 1 1 0 0 0 0 0 0 0 0 0 0 0 1
0 0 0 3 2 0 0 1 0 0 0 5 0 1 0 0 0 0 0 0 2 1 0 0 0 0 0 0 0 0 0 0 0 0
1 0 0 0 1 0 0 0 0 0 0 2 0 2 0 0 0 0 0 0 2 2 0 0 0 0 0 0 0 0 0 0 0 0
0 0 0 0 2 0 0 3 2 0 0 7 0 8 0 0 0 0 0 0 3 4 0 0 0 0 0 0 0 0 0 0 0 0
0 0 0 0 0 0 0 2 0 0 0 8 0 4 0 0 0 0 0 0 3 1 0 0 0 0 0 0 0 0 0 0 0 1
0 0 0 0 2 0 0 0 1 2 0 3 0 1 0 0 0 0 0 0 4 1 0 0 0 0 0 0 0 0 0 0 0 0
0 0 0 0 2 0 0 0 1 2 1 3 0 1 0 0 0 0 0 0 4 1 0 0 0 0 0 0 0 0 0 0 0 0
1 0 0 0 1 0 0 0 0 0 0 2 0 2 0 0 0 0 0 0 2 2 0 0 0 0 0 0 0 0 0 0 0 0
0 0 0 4 1 0 0 6 0 0 0 9 0 2 0 0 0 0 0 2 3 3 0 0 0 0 0 0 0 0 0 0 0 0
0 0 0 2 2 0 0 3 0 0 0 7 0 6 0 0 0 3 0 0 3 5 0 0 0 0 0 0 0 0 0 0 0 0
0 0 0 1 2 0 0 0 0 2 1 3 0 1 0 0 0 0 0 0 4 1 0 0 0 0 0 0 0 0 0 0 0 0
0 0 0 1 2 0 0 1 0 2 0 0 4 4 0 0 0 0 0 0 1 4 0 0 0 0 0 0 0 0 0 1 0 0
0 0 0 0 6 0 0 1 0 3 2 7 0 3 0 0 0 0 0 0 3 2 0 0 0 0 0 0 0 0 0 0 0 0
0 0 0 1 1 0 0 1 0 4 0 0 0 0 0 0 0 0 0 0 2 1 0 0 0 0 0 0 0 0 0 0 0 0
0 0 0 0 4 0 0 0 1 4 1 7 0 2 0 0 0 0 0 0 3 2 0 0 0 0 0 0 0 0 0 0 0 0
0 0 0 1 0 0 0 1 3 1 0 2 1 0 0 0 0 0 0 0 2 1 0 0 0 0 0 0 0 0 0 0 0 0
1 0 0 1 0 0 0 1 0 1 1 0 0 0 0 0 0 0 0 0 1 1 0 0 0 0 0 0 0 0 0 0 0 0
0 0 0 1 0 0 1 2 1 0 0 7 1 2 0 0 0 1 0 0 2 3 0 0 0 0 0 0 0 0 0 0 0 0
1 0 0 0 1 0 0 0 0 0 0 2 0 2 0 0 0 0 0 0 2 2 0 0 0 0 0 0 0 0 0 0 0 0
0 0 0 0 2 0 0 2 1 1 1 3 0 2 0 0 0 0 0 0 4 1 0 0 0 0 0 0 0 0 0 0 0 0
0 0 0 1 0 0 0 1 0 0 0 12 0 1 0 0 0 0 0 0 3 1 0 0 0 0 0 0 0 0 0 0 0 0
0 0 0 0 0 0 0 1 0 0 0 9 0 1 0 0 0 2 0 0 2 2 0 0 0 0 0 0 0 0 0 0 0 0
0 0 0 0 0 0 2 5 4 0 0 9 0 3 0 0 0 0 0 0 3 2 0 0 0 0 0 0 0 0 0 0 0 0
0 0 0 4 3 0 1 3 0 1 0 0 0 2 0 0 0 0 0 0 4 3 0 0 0 0 0 0 0 0 0 0 0 0
1 0 0 0 1 0 0 0 0 0 0 2 0 2 0 0 0 0 0 0 2 2 0 0 0 0 0 0 0 0 0 0 0 0
1 0 0 1 1 0 1 1 0 0 0 0 1 1 0 0 0 0 0 0 2 2 0 0 0 0 0 0 0 0 0 0 0 0
0 0 0 2 1 0 0 1 0 0 0 16 0 1 0 0 0 0 0 0 3 2 0 0 0 0 0 0 0 0 0 0 0 0
0 0 0 1 4 0 0 1 0 1 0 0 2 5 0 0 0 0 0 0 1 5 0 0 0 0 0 0 0 0 0 1 0 0
0 0 0 2 0 0 0 5 0 0 0 5 0 2 0 0 0 0 0 0 2 3 0 0 0 0 0 0 0 0 0 0 0 0
0 0 0 2 4 0 0 0 1 3 2 4 0 3 0 0 0 2 0 0 3 3 0 0 0 0 0 0 0 0 0 0 0 0
0 0 0 0 2 0 0 2 0 2 1 2 0 3 0 0 0 0 0 0 2 1 0 0 0 0 0 0 0 0 0 0 0 0
1 0 0 0 1 0 0 0 0 0 0 2 0 2 0 0 0 0 0 0 2 2 0 0 0 0 0 0 0 0 0 0 0 0
1 0 0 0 1 0 0 0 0 0 0 2 0 2 0 0 0 0 0 0 2 2 0 0 0 0 0 0 0 0 0 0 0 0
0 0 0 3 2 0 0 1 0 1 0 3 0 1 0 0 0 0 0 0 4 1 0 0 0 0 0 0 0 0 0 0 0 0
0 0 0 1 1 0 0 2 1 2 0 0 0 0 0 0 0 1 0 0 2 1 0 0 0 0 0 0 0 0 0 0 0 0
1 0 0 1 1 0 0 2 0 0 0 1 0 2 0 0 0 0 0 0 2 2 0 0 0 0 0 0 0 0 0 0 0 0
0 0 0 1 2 0 0 1 0 1 0 10 0 5 0 0 0 5 0 1 4 3 0 0 0 0 0 0 0 0 0 0 0 0
1 0 0 0 1 0 0 0 0 0 0 2 0 2 0 0 0 0 0 0 2 2 0 0 0 0 0 0 0 0 0 0 0 0
0 0 0 1 0 0 0 1 2 0 0 9 0 8 0 0 0 0 0 0 3 2 0 0 0 0 0 0 0 0 0 0 0 0
0 0 0 1 6 0 0 1 0 2 3 6 0 4 0 0 0 1 0 0 3 2 0 0 0 0 0 0 0 0 0 0 0 0
0 0 0 1 0 0 0 2 1 1 0 0 0 0 0 0 0 0 0 0 2 1 0 0 0 0 0 0 0 0 0 1 0 0
1 0 0 0 1 0 0 0 0 0 0 2 0 2 0 0 0 0 0 0 2 2 0 0 0 0 0 0 0 0 0 0 0 0
0 0 0 0 4 0 0 2 1 2 0 1 0 8 0 0 0 2 0 0 3 2 0 0 0 0 0 0 0 0 0 0 0 1
1 0 0 0 1 0 0 0 0 0 0 2 0 2 0 0 0 0 0 0 2 2 0 0 0 0 0 0 0 0 0 0 0 0
0 0 0 1 2 1 0 0 0 1 1 3 0 1 0 0 0 0 0 0 4 1 0 0 0 0 0 0 0 0 0 0 0 0
1 0 0 0 1 0 0 0 0 0 0 0 0 1 0 0 0 0 0 0 2 1 0 0 0 0 0 0 0 0 0 0 0 1
0 0 0 0 0 0 0 2 0 0 0 3 0 6 0 0 0 0 0 0 2 1 0 0 0 0 0 0 0 0 0 0 0 0
0 0 0 1 0 0 0 2 1 1 0 2 0 0 0 0 0 0 0 0 2 1 0 0 0 0 0 0 0 0 0 1 0 0
0 0 0 2 0 0 0 1 1 0 0 5 0 0 0 0 0 2 0 2 2 1 0 0 0 0 0 0 0 0 0 0 0 0
0 0 0 3 0 0 0 1 1 0 0 6 0 12 0 0 0 0 0 0 3 4 0 0 0 0 0 0 0 0 0 0 0 0
0 0 0 2 3 0 0 1 3 0 2 2 0 1 0 0 0 0 0 0 2 1 0 0 0 0 0 0 0 0 0 0 0 0
0 0 0 4 2 0 0 3 0 0 0 3 0 8 0 1 0 1 0 0 3 5 0 0 0 0 0 0 0 0 0 0 0 0
0 0 0 2 0 0 0 0 0 0 0 8 0 9 0 0 0 4 0 0 3 4 0 0 0 0 0 0 0 0 0 0 0 0
0 0 0 0 0 0 0 6 0 0 0 2 0 3 0 0 0 0 0 0 2 1 0 0 0 0 0 0 0 0 0 0 0 0
1 0 0 0 1 0 0 0 0 0 0 2 0 2 0 0 0 0 0 0 2 2 0 0 0 0 0 0 0 0 0 0 0 0
0 0 0 0 0 0 0 0 0 0 0 17 0 2 0 0 0 1 0 0 4 1 0 0 0 0 0 0 0 0 0 0 0 0
0 0 0 0 1 0 0 1 0 1 0 0 0 1 0 0 0 0 0 0 1 1 0 0 0 0 0 0 0 0 0 0 0 0
1 0 0 0 1 0 0 0 0 0 0 2 0 2 0 0 0 0 0 0 2 2 0 0 0 0 0 0 0 0 0 0 0 0
0 0 0 1 0 0 0 0 1 0 0 8 0 1 0 0 0 0 0 1 2 1 0 0 0 0 0 0 0 0 0 0 0 0
0 0 0 1 0 0 1 2 0 1 0 4 0 0 0 0 0 0 0 0 2 1 0 0 0 0 0 0 0 0 0 0 0 0
1 0 0 0 1 0 0 0 0 0 0 2 0 2 0 0 0 0 0 0 2 2 0 0 0 0 0 0 0 0 0 0 0 0
0 0 0 2 0 0 0 4 1 0 0 6 0 8 0 0 0 0 0 1 3 4 0 0 0 0 0 0 0 0 0 0 0 0
0 0 0 1 1 0 0 2 3 2 0 0 0 1 0 0 0 0 0 0 2 1 0 0 0 0 0 0 0 0 0 0 0 0
0 0 0 0 0 0 0 1 7 0 0 0 2 1 0 0 0 0 0 0 2 2 0 0 0 0 0 0 0 0 0 0 0 0
0 0 0 1 4 0 0 3 0 2 2 6 0 3 0 0 0 0 0 0 3 2 0 0 0 0 0 0 0 0 0 0 0 0
0 0 0 1 2 0 0 1 2 5 1 6 0 2 0 0 0 0 0 0 3 2 0 0 0 0 0 0 0 0 0 0 0 0
0 0 0 1 6 0 0 3 0 3 1 6 0 4 0 0 0 0 0 0 3 2 0 0 0 0 0 0 0 0 0 0 0 0
1 0 0 0 1 0 0 0 0 0 0 2 0 2 0 0 0 0 0 0 2 2 0 0 0 0 0 0 0 0 0 0 0 0
0 0 0 1 0 0 0 2 1 1 0 2 0 0 0 0 0 0 0 0 2 1 0 0 0 0 0 0 0 0 0 1 0 0
0 0 0 0 1 0 0 4 1 0 0 0 49 4 0 0 0 0 0 0 3 2 0 0 0 0 0 0 0 0 0 0 0 0
0 0 0 1 1 0 1 2 1 1 2 26 0 27 0 0 0 2 0 1 1 29 0 0 0 0 0 0 0 0 0 0 0 0
0 0 0 2 6 0 0 2 1 3 1 5 0 3 0 0 0 0 0 2 3 4 0 0 0 0 0 0 0 0 0 0 0 0
1 0 0 0 1 0 0 4 0 0 0 0 0 0 0 0 0 0 0 0 2 2 0 0 0 0 0 0 0 0 0 0 0 0
0 0 0 2 0 0 0 3 0 0 0 7 0 7 0 0 0 1 0 0 3 3 0 0 0 0 0 0 0 0 0 0 0 0
0 0 0 1 0 0 0 1 1 1 0 0 0 0 0 0 0 0 0 0 1 1 0 0 0 0 0 0 0 0 0 0 0 0
0 0 0 1 4 0 0 1 0 0 1 3 0 1 0 0 0 0 0 0 4 1 0 0 0 0 0 0 0 0 0 0 0 0
1 0 0 0 1 0 0 0 0 0 0 2 0 2 0 0 0 0 0 0 2 2 0 0 0 0 0 0 0 0 0 0 0 0
1 0 0 0 1 0 0 0 0 0 0 2 0 2 0 0 0 0 0 0 2 2 0 0 0 0 0 0 0 0 0 0 0 0
0 0 0 0 0 0 0 3 1 2 0 0 1 2 0 0 0 0 0 0 1 2 0 0 0 0 0 0 0 0 0 0 0 0
1 0 0 0 1 0 0 0 0 0 0 2 0 2 0 0 0 0 0 0 2 2 0 0 0 0 0 0 0 0 0 0 0 0
0 0 0 0 0 0 0 2 0 0 0 9 0 0 0 0 0 0 0 0 2 1 0 0 0 0 0 0 0 0 0 0 0 0
0 0 0 1 4 0 0 1 0 0 1 3 0 1 0 0 0 0 0 0 4 1 0 0 0 0 0 0 0 0 0 0 0 0
0 0 0 1 2 1 0 0 0 1 1 3 0 1 0 0 0 0 0 0 4 1 0 0 0 0 0 0 0 0 0 0 0 0
0 0 0 2 6 0 0 1 0 1 4 5 0 5 0 0 0 1 0 0 3 2 0 0 0 0 0 0 0 0 0 0 0 0
0 0 0 0 2 0 0 2 0 3 0 0 0 2 0 0 0 2 0 0 2 1 0 0 0 0 0 0 0 0 0 0 0 0
0 0 0 0 3 1 0 0 0 1 1 3 0 1 0 0 0 0 0 0 4 1 0 0 0 0 0 0 0 0 0 0 0 0
0 0 0 3 0 0 0 5 3 0 0 9 0 1 0 0 0 2 0 0 3 3 0 0 0 0 0 0 0 0 0 0 0 0
0 0 0 0 8 0 0 2 0 2 3 4 0 4 0 0 0 0 0 0 3 3 0 0 0 0 0 0 0 0 0 0 0 0
0 0 0 0 2 0 0 2 1 1 1 3 0 2 0 0 0 0 0 0 4 1 0 0 0 0 0 0 0 0 0 0 0 0
0 0 0 1 2 0 0 2 0 3 0 2 0 5 0 1 0 1 0 0 3 1 0 0 0 0 0 0 0 0 0 0 0 0
0 0 0 1 0 0 0 4 0 0 0 4 0 2 0 0 0 1 0 0 2 1 0 0 0 0 0 0 0 0 0 0 0 0
0 0 0 0 3 1 0 0 0 1 0 3 0 1 0 0 0 0 0 0 4 1 0 0 0 0 0 0 0 0 0 0 0 0
1 0 0 0 1 0 0 0 0 0 0 2 0 2 0 0 0 0 0 0 2 2 0 0 0 0 0 0 0 0 0 0 0 0
1 0 0 0 1 0 0 0 0 0 0 2 0 2 0 0 0 0 0 0 2 2 0 0 0 0 0 0 0 0 0 0 0 0
0 0 0 1 1 1 0 0 1 1 0 0 0 64 0 0 0 1 0 0 2 1 0 0 0 0 0 0 0 0 0 0 0 0
0 0 0 0 0 0 0 4 0 2 0 0 4 1 0 0 0 0 0 0 2 1 0 0 0 0 0 0 0 0 0 0 0 0
1 0 0 0 1 0 0 0 0 0 0 2 0 2 0 0 0 0 0 0 2 2 0 0 0 0 0 0 0 0 0 0 0 0
0 0 0 2 2 0 0 0 0 1 1 3 0 3 0 0 0 0 0 0 2 1 0 0 0 0 0 0 0 0 0 0 0 0
1 0 0 1 1 0 0 1 0 0 0 1 0 2 0 0 0 0 0 0 2 2 0 0 0 0 0 0 0 0 0 0 0 0
1 0 0 0 1 0 0 0 0 0 0 2 0 2 0 0 0 0 0 0 2 2 0 0 0 0 0 0 0 0 0 0 0 0
0 0 0 1 0 0 0 1 0 0 0 18 0 1 0 0 0 0 0 0 3 2 0 0 0 0 0 0 0 0 0 0 0 0
0 0 0 1 4 1 0 2 0 1 1 0 0 1 0 0 0 3 0 0 4 3 0 0 0 0 0 0 0 0 0 0 0 0
1 0 0 1 1 0 0 0 0 1 0 1 0 2 0 0 0 1 0 0 2 2 0 0 0 0 0 0 0 0 0 0 0 0
1 0 0 0 1 0 0 0 2 0 0 1 0 1 0 0 0 0 0 0 2 2 0 0 0 0 0 0 0 0 0 0 0 0
0 0 0 3 0 0 0 1 0 0 0 8 0 1 0 0 0 0 0 0 2 1 0 0 0 0 0 0 0 0 0 0 0 0
1 0 0 0 1 0 0 0 0 0 0 2 0 2 0 0 0 0 0 0 2 2 0 0 0 0 0 0 0 0 0 0 0 0
0 0 0 4 2 0 0 1 0 1 0 2 0 2 0 0 0 0 0 0 4 1 0 0 0 0 0 0 0 0 0 0 0 0
0 0 0 0 4 1 0 4 0 1 1 1 0 1 0 0 0 0 0 0 4 3 0 0 0 0 0 0 0 0 0 0 0 0
0 0 0 7 0 0 0 5 0 0 0 7 0 4 0 0 0 1 0 1 3 4 0 0 0 0 0 0 0 0 0 0 0 0
0 0 0 3 0 0 0 1 0 0 0 15 0 1 0 0 0 0 0 1 3 3 0 0 0 0 0 0 0 0 0 0 0 0
1 0 0 1 1 0 0 1 0 0 0 1 0 2 0 0 0 0 0 0 2 2 0 0 0 0 0 0 0 0 0 0 0 0
1 0 0 0 1 0 0 0 0 0 0 2 0 2 0 0 0 0 0 0 2 2 0 0 0 0 0 0 0 0 0 0 0 0
0 0 0 0 0 0 0 0 0 4 1 3 0 0 0 0 0 1 0 0 3 1 0 0 0 0 0 0 0 0 0 0 0 0
0 0 0 1 1 0 1 1 1 1 0 4 2 3 0 0 0 0 0 0 3 2 0 0 0 0 0 0 0 0 0 1 0 0
0 0 0 0 0 0 0 0 4 2 0 0 0 1 0 0 0 0 0 1 2 1 0 0 0 0 0 0 0 0 0 0 0 0
1 0 0 1 1 0 0 0 0 1 0 1 0 2 0 0 0 0 0 0 2 2 0 0 0 0 0 0 0 0 0 0 0 0
0 0 0 2 2 1 0 1 0 1 1 2 0 2 0 0 0 0 0 0 4 1 0 0 0 0 0 0 0 0 0 0 0 0
0 0 0 1 0 1 0 2 1 3 0 0 3 1 0 0 0 0 0 0 3 1 0 0 0 0 0 0 0 0 0 0 0 0
0 0 0 0 2 0 0 2 1 1 1 3 0 2 0 0 0 0 0 0 4 1 0 0 0 0 0 0 0 0 0 0 0 0
0 0 0 0 2 0 0 1 4 2 1 0 0 1 0 0 0 0 0 0 2 1 0 0 0 0 0 0 0 0 0 0 0 0
0 0 0 1 4 0 0 1 0 0 1 3 0 1 0 0 0 0 0 0 4 1 0 0 0 0 0 0 0 0 0 0 0 0
0 0 0 0 4 0 0 2 0 0 2 7 0 4 0 0 0 0 0 0 3 2 0 0 0 0 0 0 0 0 0 0 0 1
0 0 0 2 2 0 0 3 1 1 1 2 0 1 0 0 0 0 0 0 4 1 0 0 0 0 0 0 0 0 0 0 0 0
0 0 0 1 6 0 0 2 1 4 1 6 0 3 0 0 0 0 0 0 3 2 0 0 0 0 0 0 0 0 0 0 0 0
0 0 0 0 0 0 1 3 1 1 0 2 2 2 0 0 0 0 0 0 3 1 0 0 0 0 0 0 0 0 0 0 0 0
1 0 0 0 1 0 0 0 0 2 0 2 0 2 0 0 0 0 0 0 2 2 0 0 0 0 0 0 0 0 0 0 0 0
0 0 0 2 2 0 0 2 3 5 1 3 0 1 0 0 0 1 0 4 3 6 0 0 0 0 0 0 0 0 0 0 0 0
0 0 0 0 3 0 0 1 1 3 0 3 0 1 0 0 0 0 0 1 3 1 0 0 0 0 0 0 0 0 0 0 0 0
0 0 0 2 0 0 0 4 1 0 0 4 0 0 0 0 0 0 0 0 2 1 0 0 0 0 0 0 0 0 0 0 0 0
0 0 0 0 1 0 0 2 0 1 0 1 0 1 0 0 0 0 0 0 2 1 0 0 0 0 0 0 0 0 0 0 0 0
0 0 0 0 2 0 0 1 0 3 2 8 0 3 0 0 0 1 0 0 3 2 0 0 0 0 0 0 0 0 0 0 0 0
0 0 0 2 3 1 0 2 0 1 1 0 0 1 0 0 0 3 0 0 4 3 0 0 0 0 0 0 0 0 0 0 0 0
0 0 0 1 0 0 0 1 1 0 0 8 0 7 0 1 0 0 0 1 3 2 0 0 0 0 0 0 0 0 0 0 0 0
0 0 0 3 0 0 0 0 0 0 0 16 0 3 0 0 0 2 0 0 3 2 0 0 0 0 0 0 0 0 0 0 0 0
0 0 0 1 3 0 0 3 3 2 0 1 0 3 0 0 0 0 0 0 2 2 0 0 0 0 0 0 0 0 0 0 0 0
0 0 0 1 7 0 0 2 0 3 2 5 0 5 0 0 0 0 0 0 3 2 0 0 0 0 0 0 0 0 0 0 0 0
0 0 0 3 3 0 0 5 0 3 1 21 0 33 0 0 0 2 0 1 2 28 0 0 0 0 0 0 0 0 0 0 0 1
1 0 0 0 1 0 0 0 0 0 0 2 0 2 0 0 0 0 0 0 2 2 0 0 0 0 0 0 0 0 0 0 0 0
0 0 0 3 1 0 0 3 0 1 0 4 2 0 0 0 0 0 0 0 2 2 0 0 0 0 0 0 0 0 0 0 0 0
0 0 0 2 0 0 0 5 2 2 0 0 1 3 0 0 0 0 0 0 2 4 0 0 0 0 0 0 0 0 0 0 0 0
0 0 0 6 0 0 0 0 0 0 0 3 0 1 0 0 0 1 0 0 2 1 0 0 0 0 0 0 0 0 0 0 0 0
0 0 0 4 0 0 0 6 1 4 0 28 0 32 0 0 0 1 0 0 1 32 0 0 0 0 0 0 0 0 0 0 0 0
0 0 0 0 0 0 0 4 7 0 0 0 1 3 0 0 0 0 0 0 2 3 0 0 0 0 0 0 0 0 0 0 0 0
0 0 0 0 2 0 0 0 1 2 1 3 0 1 0 0 0 0 0 0 4 1 0 0 0 0 0 0 0 0 0 0 0 0
0 0 0 2 3 0 0 1 0 0 1 3 0 1 0 0 0 0 0 0 4 1 0 0 0 0 0 0 0 0 0 0 0 0
0 0 0 1 1 0 0 2 1 1 0 1 0 0 0 0 0 0 0 0 2 1 0 0 0 0 0 0 0 0 0 1 0 0
0 0 0 4 0 0 0 4 0 0 0 9 0 3 0 0 0 1 0 0 3 2 0 0 0 0 0 0 0 0 0 0 0 0
0 0 0 2 3 0 1 0 0 1 0 3 0 1 0 0 0 0 0 0 4 1 0 0 0 0 0 0 0 0 0 0 0 0
0 0 0 0 0 0 0 2 1 2 0 0 0 1 0 0 0 0 0 0 1 1 0 0 0 0 0 0 0 0 0 0 0 0
1 0 0 0 0 0 0 1 0 0 0 1 0 1 0 0 0 0 0 0 2 1 0 0 0 0 0 0 0 0 0 0 0 0
1 0 0 0 1 0 0 0 0 1 0 1 0 1 0 0 0 1 0 0 2 2 0 0 0 0 0 0 0 0 0 0 0 0
1 0 0 0 1 0 0 0 0 0 0 2 0 2 0 0 0 0 0 0 2 2 0 0 0 0 0 0 0 0 0 0 0 0
0 0 0 0 0 0 0 4 5 1 0 0 3 3 0 0 0 0 0 0 3 1 0 0 0 0 0 0 0 0 0 0 0 0
1 0 0 0 1 0 0 0 0 0 0 2 0 2 0 0 0 0 0 0 2 2 0 0 0 0 0 0 0 0 0 0 0 0
1 0 0 0 1 0 0 0 0 0 0 2 0 2 0 0 0 0 0 0 2 2 0 0 0 0 0 0 0 0 0 0 0 0
0 0 0 3 0 0 0 4 1 1 0 0 2 4 0 0 0 1 0 0 3 3 0 0 0 0 0 0 0 0 0 0 0 0
0 0 0 0 2 0 0 0 1 2 0 2 0 1 0 0 0 0 0 0 4 1 0 0 0 0 0 0 0 0 0 0 0 1
0 0 0 1 0 0 0 2 1 2 0 0 1 1 0 0 0 0 0 0 2 1 0 0 0 0 0 0 0 0 0 1 0 0
1 0 0 1 0 0 0 2 0 2 0 0 2 1 0 0 0 0 0 0 2 3 0 0 0 0 0 0 0 0 0 0 0 0
0 0 0 1 1 0 0 4 2 0 0 5 0 0 0 0 0 2 0 0 2 2 0 0 0 0 0 0 0 0 0 0 0 0
0 0 0 0 0 0 0 3 1 2 0 0 0 1 0 0 0 0 0 0 1 1 0 0 0 0 0 0 0 0 0 0 0 0
0 0 0 3 2 0 0 5 1 0 1 4 0 7 0 0 0 0 0 0 3 4 0 0 0 0 0 0 0 0 0 0 0 1
0 0 0 1 0 0 0 1 4 1 0 0 1 0 0 0 0 0 0 0 2 1 0 0 0 0 0 0 0 0 0 0 0 0
0 0 0 1 0 0 0 1 4 0 0 0 1 2 0 0 0 0 0 0 2 2 0 0 0 0 0 0 0 0 0 0 0 0
1 0 0 0 1 0 0 0 0 0 0 2 0 2 0 0 0 0 0 0 2 2 0 0 0 0 0 0 0 0 0 0 0 0
0 0 0 0 2 0 0 3 0 2 1 1 0 2 0 0 0 0 0 0 2 1 0 0 0 0 0 0 0 0 0 0 0 0
0 0 0 1 1 1 0 1 1 1 1 0 0 64 0 0 0 1 0 0 2 2 0 0 0 0 0 0 0 0 0 0 0 0
0 0 0 2 2 0 0 1 1 1 1 2 0 2 0 0 0 0 0 0 4 1 0 0 0 0 0 0 0 0 0 0 0 0
1 0 0 0 1 0 0 0 0 0 0 2 0 2 0 0 0 0 0 0 2 2 0 0 0 0 0 0 0 0 0 0 0 0
0 0 0 1 4 1 0 1 1 3 1 0 0 1 0 0 0 0 0 0 4 3 0 0 0 0 0 0 0 0 0 0 0 0
0 0 0 3 2 0 0 1 0 0 1 3 0 1 0 0 0 0 0 0 4 1 0 0 0 0 0 0 0 0 0 0 0 0
0 0 0 1 0 0 0 0 1 1 0 0 2 2 0 0 0 0 0 0 1 1 0 0 0 0 0 0 0 0 0 0 0 0
0 0 0 1 0 0 0 2 0 2 0 0 2 2 0 0 0 0 0 1 1 2 0 0 0 0 0 0 0 0 0 0 0 0
0 0 0 0 4 0 0 0 0 2 1 6 0 3 0 0 0 0 0 0 2 2 0 0 0 0 0 0 0 0 0 0 0 1
1 0 0 0 1 0 0 0 0 0 0 1 0 1 0 0 0 0 0 0 2 1 0 0 0 0 0 0 0 0 0 0 0 0
0 0 0 2 1 0 0 1 2 1 1 0 0 0 0 0 0 0 0 0 2 1 0 0 0 0 0 0 0 0 0 0 0 0
0 0 0 3 1 0 0 0 0 0 0 7 0 0 0 0 0 0 0 3 2 3 0 0 0 0 0 0 0 0 0 0 0 0
1 0 0 1 1 0 0 2 0 0 0 1 0 2 0 0 0 0 0 0 2 2 0 0 0 0 0 0 0 0 0 0 0 0
0 0 0 0 0 0 0 3 3 2 0 0 2 0 0 0 0 0 0 0 2 2 0 0 0 0 0 0 0 0 0 0 0 0
1 0 0 0 1 0 0 0 0 0 0 2 0 2 0 0 0 0 0 0 2 2 0 0 0 0 0 0 0 0 0 0 0 0
0 0 0 1 2 0 0 3 0 0 1 3 0 1 0 0 0 0 0 0 4 1 0 0 0 0 0 0 0 0 0 0 0 0
0 0 0 2 2 0 0 0 1 2 0 2 0 1 0 0 0 0 0 1 4 1 0 0 0 0 0 0 0 0 0 0 0 0
0 0 0 0 1 0 0 2 1 1 0 0 0 0 0 0 0 0 0 0 2 1 0 0 0 0 0 0 0 0 0 1 0 0
1 0 0 0 1 0 0 0 0 0 0 2 0 2 0 0 0 0 0 0 2 2 0 0 0 0 0 0 0 0 0 0 0 0
1 0 0 1 1 0 0 1 1 0 0 1 0 2 0 0 0 0 0 0 2 2 0 0 0 0 0 0 0 0 0 0 0 0
0 0 0 0 4 0 0 0 1 3 1 1 0 1 0 0 0 0 1 1 2 1 0 0 0 0 0 0 0 0 0 0 0 0
0 0 0 2 0 0 0 1 0 0 0 7 0 0 0 0 0 1 0 0 2 1 0 0 0 0 0 0 0 0 0 0 0 0
1 0 0 1 1 0 0 0 0 0 0 1 0 2 0 0 0 0 0 1 2 2 0 0 0 0 0 0 0 0 0 0 0 0
0 0 0 3 2 0 0 1 0 1 0 3 0 1 0 0 0 0 0 0 4 1 0 0 0 0 0 0 0 0 0 0 0 0
0 0 0 1 0 0 0 0 1 0 0 8 0 0 0 0 0 0 0 1 2 1 0 0 0 0 0 0 0 0 0 0 0 0
0 0 0 0 0 0 0 1 3 1 0 0 3 7 0 0 0 0 0 0 3 1 0 0 0 0 0 0 0 0 0 0 0 0
0 0 0 2 1 0 0 3 0 0 0 5 0 2 0 0 0 0 0 1 3 1 0 0 0 0 0 0 0 0 0 0 0 0
0 0 0 1 6 0 0 1 1 3 3 5 0 3 0 0 0 0 0 2 3 4 0 0 0 0 0 0 0 0 0 0 0 0
0 0 0 2 1 0 0 2 1 1 0 14 0 1 0 0 0 0 0 0 3 2 0 0 0 0 0 0 0 0 0 0 0 0
1 0 0 1 1 0 0 1 1 0 0 1 0 2 0 0 0 0 0 0 2 2 0 0 0 0 0 0 0 0 0 0 0 0
0 0 0 0 1 0 0 4 1 2 0 8 0 2 0 0 0 1 0 3 4 2 0 0 0 0 0 0 0 0 0 0 0 0
0 0 0 1 1 0 0 2 3 3 0 0 1 2 0 0 0 0 0 1 1 3 0 0 0 0 0 0 0 0 0 0 0 0
0 0 0 2 0 0 0 3 0 0 0 8 0 9 0 0 0 1 0 0 3 2 0 0 0 0 0 0 0 0 0 0 0 0
0 0 0 1 0 0 1 2 0 2 0 0 1 1 0 0 0 0 0 0 2 1 0 0 0 0 0 0 0 0 0 1 0 0
1 0 0 1 0 0 0 0 1 0 1 3 0 0 0 0 0 0 0 0 2 1 0 0 0 0 0 0 0 0 0 0 0 0
0 0 0 0 4 0 1 5 3 1 2 3 0 4 0 0 0 0 0 0 3 2 0 0 0 0 0 0 0 0 0 0 0 1
0 0 0 0 2 0 2 4 2 4 2 4 0 3 0 0 0 1 0 0 3 2 0 0 0 0 0 0 0 0 0 0 0 0
0 0 0 0 2 0 0 0 1 2 1 3 0 1 0 0 0 0 0 0 4 1 0 0 0 0 0 0 0 0 0 0 0 0
0 0 0 2 0 0 0 3 2 2 0 4 0 0 0 0 0 1 0 1 3 2 0 0 0 0 0 0 0 0 0 0 0 0
0 0 0 6 1 0 0 5 0 0 0 5 0 3 0 2 0 1 0 1 3 5 0 0 0 0 0 0 0 0 0 0 0 0
0 0 0 1 1 1 0 0 2 1 0 0 0 1 0 0 0 0 0 0 2 1 0 0 0 0 0 0 0 0 0 0 0 0
1 0 0 0 1 0 0 0 0 0 0 2 0 2 0 0 0 0 0 0 2 2 0 0 0 0 0 0 0 0 0 0 0 0
0 0 0 0 0 0 0 0 1 2 0 1 0 1 0 0 0 0 0 1 1 1 0 0 0 0 0 0 0 0 0 0 0 0
0 0 0 1 3 0 0 1 0 0 2 3 0 1 0 0 0 0 0 0 4 1 0 0 0 0 0 0 0 0 0 0 0 0
1 0 0 0 1 0 0 0 0 0 1 1 0 2 0 0 0 0 0 0 2 2 0 0 0 0 0 0 0 0 0 0 0 0
0 0 0 3 2 0 0 1 0 0 1 3 0 1 0 0 0 0 0 0 4 1 0 0 0 0 0 0 0 0 0 0 0 0
1 0 0 0 1 0 0 0 0 0 0 2 0 2 0 0 0 0 0 0 2 2 0 0 0 0 0 0 0 0 0 0 0 0
0 0 0 0 2 0 0 0 0 2 2 3 0 1 0 0 0 0 0 0 4 1 0 0 0 0 0 0 0 0 0 0 0 0
0 0 0 1 1 1 0 1 2 1 0 0 0 0 0 0 0 0 0 1 2 1 0 0 0 0 0 0 0 0 0 0 0 0
0 0 0 0 1 0 0 1 1 1 0 0 0 0 0 0 0 0 0 0 1 1 0 0 0 0 0 0 0 0 0 0 0 0
0 1 0 1 0 0 0 1 0 1 0 0 0 0 0 0 0 0 0 0 1 1 0 0 0 0 0 0 0 0 0 0 0 0
1 0 0 0 1 0 0 0 0 0 0 2 0 2 0 0 0 0 0 0 2 2 0 0 0 0 0 0 0 0 0 0 0 0
0 0 0 2 0 0 0 0 1 0 0 8 0 10 0 0 0 2 0 0 3 2 0 0 0 0 0 0 0 0 0 0 0 0
0 0 0 0 0 0 0 2 0 0 0 9 0 0 0 0 0 0 0 0 2 1 0 0 0 0 0 0 0 0 0 0 0 0
0 0 0 2 1 0 0 1 1 0 0 6 0 1 0 0 0 1 0 1 3 1 0 0 0 0 0 0 0 0 0 0 0 0
0 0 0 0 1 0 0 3 1 2 0 0 0 1 0 0 0 0 0 0 2 1 0 0 0 0 0 0 0 0 0 1 0 0
1 0 0 1 1 0 0 1 0 0 0 1 0 2 0 0 0 0 0 0 2 2 0 0 0 0 0 0 0 0 0 0 0 0
0 0 0 4 0 0 0 1 0 0 0 5 0 1 0 0 0 1 0 0 2 1 0 0 0 0 0 0 0 0 0 0 0 0
0 1 0 1 0 0 0 0 1 2 0 0 0 0 0 0 0 0 0 0 2 1 0 0 0 0 0 0 0 0 0 0 0 0
0 0 0 0 4 0 1 0 0 1 2 1 0 3 0 0 0 1 0 0 2 1 0 0 0 0 0 0 0 0 0 0 0 0
0 0 0 0 0 0 0 0 2 0 0 10 0 7 0 0 0 0 0 0 3 2 0 0 0 0 0 0 0 0 0 0 0 0
1 0 0 0 1 0 0 0 0 0 0 0 0 1 0 0 0 0 0 0 2 1 0 0 0 0 0 0 0 0 0 0 0 1
1 0 0 0 1 0 0 0 0 0 0 2 0 2 0 0 0 0 0 0 2 2 0 0 0 0 0 0 0 0 0 0 0 0
0 0 0 2 0 0 0 1 2 0 0 8 0 9 0 0 0 0 0 0 3 2 0 0 0 0 0 0 0 0 0 0 0 0
0 0 0 1 2 1 0 0 0 1 1 3 0 1 0 0 0 0 0 0 4 1 0 0 0 0 0 0 0 0 0 0 0 0
1 0 0 0 1 0 0 0 0 0 0 2 0 2 0 0 0 0 0 0 2 2 0 0 0 0 0 0 0 0 0 0 0 0
0 0 0 2 3 0 0 1 0 0 1 3 0 1 0 0 0 0 0 0 4 1 0 0 0 0 0 0 0 0 0 0 0 0
0 0 0 0 0 0 0 3 2 4 0 7 0 0 0 0 0 0 0 0 3 2 0 0 0 0 0 0 0 0 0 0 0 0
0 0 0 2 3 0 0 1 0 0 1 3 0 1 0 0 0 0 0 0 4 1 0 0 0 0 0 0 0 0 0 0 0 0
0 0 0 2 3 0 0 1 0 0 1 3 0 1 0 0 0 0 0 0 4 1 0 0 0 0 0 0 0 0 0 0 0 0
0 0 0 1 3 0 0 4 0 0 1 2 0 2 0 0 0 0 0 0 4 1 0 0 0 0 0 0 0 0 0 0 0 0
0 0 0 2 2 0 0 4 1 0 0 4 0 1 0 0 0 0 0 0 3 1 0 0 0 0 0 0 0 0 0 0 0 0
0 0 0 0 1 0 0 2 1 1 0 0 0 0 0 0 0 0 0 0 2 1 0 0 0 0 0 0 0 0 0 1 0 0
1 0 0 0 1 0 0 0 0 0 0 2 0 2 0 0 0 0 0 0 2 2 0 0 0 0 0 0 0 0 0 0 0 0
0 0 0 0 0 0 2 6 1 3 0 9 1 3 0 0 0 0 2 0 3 4 0 0 0 0 0 0 0 0 0 0 0 0
0 0 0 2 2 0 0 3 4 1 0 1 0 0 0 0 0 0 0 0 2 3 0 0 0 0 0 0 0 0 0 0 0 0
0 0 0 1 3 1 0 0 0 1 0 2 0 2 0 0 0 0 0 0 4 1 0 0 0 0 0 0 0 0 0 0 0 0
0 0 0 2 0 0 0 3 1 2 0 0 0 0 0 0 0 0 0 0 2 1 0 0 0 0 0 0 0 0 0 0 0 0
0 0 0 0 1 0 0 1 3 3 1 0 1 2 0 0 0 0 0 0 3 1 0 0 0 0 0 0 0 0 0 0 0 0
0 0 0 1 0 0 0 1 1 1 0 2 0 0 0 0 0 0 0 0 1 1 0 0 0 0 0 0 0 0 0 0 0 0
1 0 0 0 1 0 0 0 0 0 0 2 0 2 0 0 0 0 0 0 2 2 0 0 0 0 0 0 0 0 0 0 0 0
0 0 0 0 3 0 0 1 1 3 2 7 0 2 0 0 0 0 0 0 3 2 0 0 0 0 0 0 0 0 0 0 0 0
0 0 0 2 2 0 0 0 1 2 1 1 0 1 0 0 0 0 0 0 2 1 0 0 0 0 0 0 0 0 0 0 0 0
0 0 0 1 4 0 0 1 0 0 1 3 0 1 0 0 0 0 0 0 4 1 0 0 0 0 0 0 0 0 0 0 0 0
0 0 0 2 1 0 0 1 0 1 1 3 0 0 0 0 0 1 0 0 3 1 0 0 0 0 0 0 0 0 0 0 0 0
0 0 0 2 0 0 0 3 6 2 0 0 1 2 0 0 0 1 0 0 2 3 0 0 0 0 0 0 0 0 0 0 0 0
0 0 0 1 0 0 0 1 0 3 0 0 1 0 0 0 0 0 0 0 1 1 0 0 0 0 0 0 0 0 0 0 0 0
0 0 0 4 1 0 0 2 1 0 0 1 0 3 0 0 0 0 0 0 2 1 0 0 0 0 0 0 0 0 0 0 0 0
1 0 0 0 1 0 0 0 0 0 0 2 0 2 0 0 0 0 0 0 2 2 0 0 0 0 0 0 0 0 0 0 0 0
0 0 0 3 0 0 0 2 0 0 0 8 0 0 0 0 0 0 0 0 2 1 0 0 0 0 0 0 0 0 0 0 0 0
0 0 0 0 4 0 0 1 3 2 2 1 0 2 0 0 0 0 0 1 3 1 0 0 0 0 0 0 0 0 0 0 0 0
0 0 0 0 0 0 0 0 0 0 0 14 0 1 0 0 0 2 0 0 3 2 0 0 0 0 0 0 0 0 0 0 0 0
1 0 0 0 1 0 0 2 0 1 0 0 1 0 0 0 0 0 0 0 2 2 0 0 0 0 0 0 0 0 0 0 0 0
0 0 0 0 2 0 0 0 2 3 0 0 0 0 0 0 0 0 0 0 2 1 0 0 0 0 0 0 0 0 0 0 0 0
1 0 0 1 1 0 1 1 0 0 0 0 1 1 0 0 0 0 0 0 2 2 0 0 0 0 0 0 0 0 0 0 0 0
0 0 0 0 3 1 0 0 0 1 1 3 0 1 0 0 0 0 0 0 4 1 0 0 0 0 0 0 0 0 0 0 0 0
0 0 0 1 0 0 0 3 0 0 0 8 0 7 0 0 0 0 0 0 3 2 0 0 0 0 0 0 0 0 0 0 0 0
0 0 0 1 2 0 0 0 0 1 1 3 0 2 0 0 0 0 0 0 4 1 0 0 0 0 0 0 0 0 0 0 0 0
1 0 0 0 1 0 0 0 0 0 0 2 0 2 0 0 0 0 0 0 2 2 0 0 0 0 0 0 0 0 0 0 0 0
1 0 0 0 1 0 0 0 2 0 0 1 0 1 0 0 0 0 0 0 2 2 0 0 0 0 0 0 0 0 0 0 0 0
0 0 0 0 0 0 0 2 0 0 0 3 0 6 0 0 0 0 0 0 2 1 0 0 0 0 0 0 0 0 0 0 0 0
1 0 0 1 0 0 0 1 0 2 0 0 0 1 0 0 0 0 0 0 1 1 0 0 0 0 0 0 0 0 0 0 0 0
0 0 0 1 3 0 0 1 0 2 1 2 0 2 0 0 0 0 0 0 4 1 0 0 0 0 0 0 0 0 0 0 0 0
0 0 0 0 6 0 0 1 0 2 3 7 0 3 0 0 0 0 0 0 3 2 0 0 0 0 0 0 0 0 0 0 0 0
1 0 0 0 1 0 0 0 0 0 0 2 0 2 0 0 0 0 0 0 2 2 0 0 0 0 0 0 0 0 0 0 0 0
1 0 0 0 1 0 0 2 0 1 0 0 1 1 0 0 0 0 0 0 2 2 0 0 0 0 0 0 0 0 0 0 0 0
0 0 0 0 0 0 0 2 0 0 0 8 0 1 0 0 0 0 0 0 2 1 0 0 0 0 0 0 0 0 0 0 0 0
0 0 0 0 0 0 0 3 2 3 0 0 2 2 0 0 0 0 0 0 3 1 0 0 0 0 0 0 0 0 0 0 0 0
1 0 0 1 1 0 0 1 1 0 0 1 0 2 0 0 0 0 0 0 2 2 0 0 0 0 0 0 0 0 0 0 0 0
0 0 0 0 1 0 0 2 0 0 0 7 0 2 0 0 0 0 0 0 2 1 0 0 0 0 0 0 0 0 0 0 0 0
0 0 0 0 3 1 0 0 0 1 1 3 0 1 0 0 0 0 0 0 4 1 0 0 0 0 0 0 0 0 0 0 0 0
0 0 0 2 0 0 0 8 0 3 0 10 1 0 0 0 0 0 0 0 3 4 0 0 0 0 0 0 0 0 0 0 0 0
0 0 0 1 4 0 0 1 2 3 2 6 0 2 0 0 0 0 0 0 3 2 0 0 0 0 0 0 0 0 0 0 0 0
0 0 0 0 1 0 0 3 0 0 0 6 0 2 0 0 0 0 0 0 2 1 0 0 0 0 0 0 0 0 0 0 0 0
1 0 0 1 1 0 0 0 0 0 0 1 0 2 0 0 0 0 0 1 2 2 0 0 0 0 0 0 0 0 0 0 0 0
0 0 0 1 0 0 0 1 1 1 0 0 1 0 0 0 0 0 0 0 1 1 0 0 0 0 0 0 0 0 0 0 0 0
0 0 0 1 0 0 0 1 2 3 0 0 2 3 0 0 0 0 0 0 3 1 0 0 0 0 0 0 0 0 0 0 0 0
0 0 0 0 6 0 0 1 0 3 2 7 0 3 0 0 0 0 0 0 3 2 0 0 0 0 0 0 0 0 0 0 0 0
1 0 0 0 0 0 0 1 0 0 0 1 0 1 0 0 0 0 0 0 2 1 0 0 0 0 0 0 0 0 0 0 0 0
1 0 0 0 1 0 0 0 0 0 0 2 0 2 0 0 0 0 0 0 2 2 0 0 0 0 0 0 0 0 0 0 0 0
1 0 0 0 1 0 0 0 0 0 0 2 0 2 0 0 0 0 0 0 2 2 0 0 0 0 0 0 0 0 0 0 0 0
0 0 0 1 0 0 0 1 1 0 0 10 0 4 0 0 0 2 0 2 3 2 0 0 0 0 0 0 0 0 0 0 0 0
1 0 0 0 1 0 0 0 0 0 0 2 0 2 0 0 0 0 0 0 2 2 0 0 0 0 0 0 0 0 0 0 0 0
0 0 0 1 2 1 0 0 0 1 1 2 0 1 0 0 0 0 0 0 4 1 0 0 0 0 0 0 0 0 0 0 0 1
0 0 0 0 2 0 0 3 0 2 0 3 0 0 0 0 0 0 0 0 2 1 0 0 0 0 0 0 0 0 0 0 0 0
1 0 0 0 0 0 0 0 31 1 0 0 0 0 0 0 0 0 0 0 1 31 0 0 0 0 0 0 0 0 0 0 0 0
1 1 0 1 0 1 0 1 0 0 0 0 1 0 0 0 0 0 0 0 2 1 0 0 0 0 0 0 0 0 0 0 0 0
0 0 0 1 2 0 0 0 0 2 1 3 0 1 0 0 0 0 0 0 4 1 0 0 0 0 0 0 0 0 0 0 0 0
1 0 0 0 0 0 0 2 0 1 0 0 0 1 0 0 0 0 0 0 1 1 0 0 0 0 0 0 0 0 0 0 0 0
1 0 0 0 1 0 0 0 0 0 0 2 0 2 0 0 0 0 0 0 2 2 0 0 0 0 0 0 0 0 0 0 0 0
1 0 0 0 1 0 0 0 0 0 0 2 0 2 0 0 0 0 0 0 2 2 0 0 0 0 0 0 0 0 0 0 0 0
0 0 0 3 3 0 1 0 0 1 1 1 0 2 0 0 0 3 0 0 4 3 0 0 0 0 0 0 0 0 0 0 0 0
0 0 0 1 0 0 0 1 1 1 0 0 0 0 0 0 0 0 0 0 1 1 0 0 0 0 0 0 0 0 0 0 0 0
0 0 0 0 4 0 1 4 1 0 2 5 0 4 0 0 0 0 0 0 3 2 0 0 0 0 0 0 0 0 0 0 0 1
1 0 0 0 1 0 0 0 0 0 0 2 0 2 0 0 0 0 0 0 2 2 0 0 0 0 0 0 0 0 0 0 0 0
0 0 0 1 1 0 0 3 0 0 0 5 0 3 0 0 0 0 0 1 2 1 0 0 0 0 0 0 0 0 0 0 0 0
0 0 0 1 2 1 0 0 0 1 1 3 0 1 0 0 0 0 0 0 4 1 0 0 0 0 0 0 0 0 0 0 0 0
0 0 0 0 4 0 0 1 1 3 0 2 0 1 0 0 0 0 0 0 4 1 0 0 0 0 0 0 0 0 0 0 0 0
0 0 0 2 0 0 0 0 0 0 0 9 0 0 0 0 0 0 0 0 2 1 0 0 0 0 0 0 0 0 0 0 0 0
0 0 0 1 3 1 0 0 0 1 1 2 0 1 0 0 0 0 0 1 4 1 0 0 0 0 0 0 0 0 0 0 0 0
1 0 0 0 1 0 0 0 0 0 0 2 0 2 0 0 0 0 0 0 2 2 0 0 0 0 0 0 0 0 0 0 0 0
0 0 0 1 0 0 0 3 2 1 0 12 0 5 0 0 0 1 0 0 4 2 0 0 0 0 0 0 0 0 0 0 0 0
1 0 0 0 1 0 0 0 0 0 0 2 0 2 0 0 0 0 0 0 2 2 0 0 0 0 0 0 0 0 0 0 0 0
0 0 0 1 0 0 1 2 0 0 0 4 0 0 0 0 0 0 0 0 2 1 0 0 0 0 0 0 0 0 0 1 0 0
0 0 0 0 2 0 1 1 3 0 1 8 0 3 0 0 0 0 0 1 3 2 0 0 0 0 0 0 0 0 0 0 0 0
0 0 0 2 4 0 0 2 0 4 0 4 0 4 0 0 0 0 0 0 2 2 0 0 0 0 0 0 0 0 0 0 0 1
0 0 0 0 2 0 0 0 0 2 2 3 0 1 0 0 0 0 0 0 4 1 0 0 0 0 0 0 0 0 0 0 0 0
0 0 0 4 0 0 1 4 0 0 0 0 0 1 0 0 0 0 0 0 2 1 0 0 0 0 0 0 0 0 0 0 0 0
1 0 0 0 1 0 0 0 0 0 0 1 0 2 0 0 0 0 0 0 2 2 0 0 0 0 0 0 0 0 0 0 0 1
1 0 0 0 1 0 0 0 1 0 1 3 0 0 0 0 0 0 0 0 2 1 0 0 0 0 0 0 0 0 0 0 0 0
0 0 0 9 0 0 0 3 0 0 0 7 0 2 0 0 0 4 0 1 3 5 0 0 0 0 0 0 0 0 0 0 0 0
0 0 0 3 0 0 0 0 0 0 0 16 0 2 0 0 0 4 0 0 3 4 0 0 0 0 0 0 0 0 0 0 0 0
1 0 0 1 1 0 0 1 0 0 0 1 0 2 0 0 0 0 0 0 2 2 0 0 0 0 0 0 0 0 0 0 0 0
0 0 0 2 0 0 0 1 1 1 0 0 1 0 0 0 0 0 0 0 1 2 0 0 0 0 0 0 0 0 0 0 0 0
0 0 0 7 0 0 0 0 0 1 0 9 0 2 0 0 0 0 0 2 3 4 0 0 0 0 0 0 0 0 0 0 0 0
0 0 0 3 0 0 0 1 0 0 0 8 0 1 0 0 0 0 0 0 2 1 0 0 0 0 0 0 0 0 0 0 0 0
1 0 0 0 1 0 0 0 0 0 0 2 0 2 0 0 0 0 0 0 2 2 0 0 0 0 0 0 0 0 0 0 0 0
0 0 0 0 1 0 0 2 1 1 0 0 0 0 0 0 0 0 0 0 2 1 0 0 0 0 0 0 0 0 0 1 0 0
0 0 0 1 4 1 0 2 0 1 1 0 0 1 0 0 0 0 0 0 4 2 0 0 0 0 0 0 0 0 0 0 0 0
0 0 0 3 0 0 0 4 1 0 0 0 1 3 0 0 0 0 0 0 3 1 0 0 0 0 0 0 0 0 0 0 0 0
1 0 0 0 1 0 0 0 0 0 0 2 0 2 0 0 0 0 0 0 2 2 0 0 0 0 0 0 0 0 0 0 0 0
0 0 0 1 3 0 0 1 1 1 0 3 0 2 0 0 0 0 0 0 2 1 0 0 0 0 0 0 0 0 0 0 0 0
0 0 0 0 1 0 0 1 1 1 0 0 0 2 0 0 0 0 0 0 3 1 0 0 0 0 0 0 0 0 0 1 0 0
0 0 0 0 1 0 0 0 0 1 0 1 0 0 0 0 0 1 0 0 1 1 0 0 0 0 0 0 0 0 0 0 0 0
0 0 0 1 2 1 0 0 0 1 1 3 0 1 0 0 0 0 0 0 4 1 0 0 0 0 0 0 0 0 0 0 0 0
0 0 0 2 2 0 0 0 0 1 1 3 0 3 0 0 0 0 0 0 2 1 0 0 0 0 0 0 0 0 0 0 0 0
0 0 0 0 2 0 0 1 1 3 1 0 0 2 0 0 0 0 0 0 2 1 0 0 0 0 0 0 0 0 0 0 0 0
0 0 0 2 0 0 0 3 1 0 0 6 0 7 0 0 0 4 0 1 3 4 0 0 0 0 0 0 0 0 0 0 0 0
0 0 0 3 2 0 0 1 0 0 1 3 0 1 0 0 0 0 0 0 4 1 0 0 0 0 0 0 0 0 0 0 0 0
0 0 0 2 2 0 0 3 1 0 0 1 0 1 0 0 0 0 0 0 2 1 0 0 0 0 0 0 0 0 0 0 0 0
0 0 0 3 6 0 1 1 0 4 1 4 0 6 0 0 0 2 0 0 3 2 0 0 0 0 0 0 0 0 0 0 0 0
0 0 0 3 3 0 0 1 0 1 1 1 0 5 0 1 0 0 0 0 2 1 0 0 0 0 0 0 0 0 0 0 0 0
0 0 0 1 2 1 0 0 0 1 1 3 0 1 0 0 0 0 0 0 4 1 0 0 0 0 0 0 0 0 0 0 0 0
0 0 0 0 0 0 0 0 3 1 0 4 1 1 0 0 0 0 0 0 2 1 0 0 0 0 0 0 0 0 0 0 0 0
0 0 0 0 4 0 0 1 0 2 1 7 0 4 0 0 0 0 0 0 3 2 0 0 0 0 0 0 0 0 0 0 0 1
0 0 0 1 6 0 0 2 0 1 2 7 0 3 0 0 0 0 0 0 3 2 0 0 0 0 0 0 0 0 0 0 0 0
0 0 0 0 8 0 0 2 0 1 3 5 0 3 0 0 0 0 0 1 3 3 0 0 0 0 0 0 0 0 0 0 0 0
0 0 0 1 0 0 0 1 1 3 0 3 0 1 0 0 0 0 0 0 4 1 0 0 0 0 0 0 0 0 0 0 0 0
0 0 0 0 4 0 0 3 0 2 1 1 0 2 0 0 0 0 0 0 2 1 0 0 0 0 0 0 0 0 0 0 0 0
1 0 0 0 1 0 0 0 0 0 0 2 0 2 0 0 0 0 0 0 2 2 0 0 0 0 0 0 0 0 0 0 0 0
0 0 0 0 0 0 0 0 0 0 0 10 0 8 0 0 0 0 0 0 3 2 0 0 0 0 0 0 0 0 0 0 0 1
0 0 0 2 3 0 0 4 0 0 1 0 0 2 0 0 0 0 0 0 4 2 0 0 0 0 0 0 0 0 0 0 0 0
0 0 0 1 0 0 0 2 2 3 0 7 1 1 0 0 0 0 0 0 2 3 0 0 0 0 0 0 0 0 0 0 0 0
1 0 0 0 1 0 0 0 0 0 0 2 0 2 0 0 0 0 0 0 2 2 0 0 0 0 0 0 0 0 0 0 0 0
0 0 0 2 3 0 0 4 0 0 1 0 0 1 0 0 0 0 0 1 4 2 0 0 0 0 0 0 0 0 0 0 0 0
0 0 0 0 1 0 0 1 0 0 0 9 0 9 0 0 0 0 0 0 3 2 0 0 0 0 0 0 0 0 0 0 0 0
1 0 0 0 1 0 0 0 0 0 0 2 0 2 0 0 0 0 0 0 2 2 0 0 0 0 0 0 0 0 0 0 0 0
1 0 0 0 1 0 0 0 0 0 0 2 0 2 0 0 0 0 0 0 2 2 0 0 0 0 0 0 0 0 0 0 0 0
0 0 0 0 0 0 0 2 7 0 0 0 2 1 0 0 0 0 0 0 2 2 0 0 0 0 0 0 0 0 0 0 0 0
0 0 0 0 0 0 0 0 1 3 0 3 0 0 0 0 0 0 0 0 1 1 0 0 0 0 0 0 0 0 0 0 0 0
1 0 0 0 1 0 0 2 0 0 0 1 0 1 0 0 0 0 0 0 2 2 0 0 0 0 0 0 0 0 0 0 0 0
0 0 0 1 2 0 0 3 1 0 0 3 0 0 0 0 0 1 0 0 2 1 0 0 0 0 0 0 0 0 0 0 0 0
0 0 0 4 0 0 0 0 0 0 0 7 0 0 0 0 0 2 0 1 2 1 0 0 0 0 0 0 0 0 0 0 0 0
0 0 0 1 0 0 0 2 3 1 0 0 3 1 0 0 0 0 0 0 3 1 0 0 0 0 0 0 0 0 0 1 0 0
0 0 0 2 4 0 0 2 0 0 1 2 0 2 0 0 0 0 0 0 4 1 0 0 0 0 0 0 0 0 0 0 0 0
1 0 0 1 1 0 0 0 0 0 0 1 0 2 0 0 0 1 0 0 2 2 0 0 0 0 0 0 0 0 0 0 0 0
0 0 0 4 2 0 0 2 1 0 1 2 0 1 0 0 0 0 0 0 4 1 0 0 0 0 0 0 0 0 0 0 0 0
0 0 0 2 3 0 0 2 0 1 1 1 0 2 0 0 0 0 0 0 2 1 0 0 0 0 0 0 0 0 0 0 0 0
0 0 0 2 2 0 0 4 0 0 0 2 0 1 0 0 0 1 0 3 2 3 0 0 0 0 0 0 0 0 0 0 0 0
1 0 0 0 1 0 0 0 0 0 0 2 0 2 0 0 0 0 0 0 2 2 0 0 0 0 0 0 0 0 0 0 0 0
0 0 0 1 1 0 0 3 2 1 0 5 0 0 0 0 0 0 0 0 2 1 0 0 0 0 0 0 0 0 0 0 0 0
0 0 0 2 2 0 0 0 0 2 0 3 0 3 0 0 0 0 0 0 2 1 0 0 0 0 0 0 0 0 0 0 0 0
0 0 0 1 0 0 0 0 0 0 0 11 0 1 0 0 0 4 0 0 3 2 0 0 0 0 0 0 0 0 0 0 0 0
0 0 0 1 2 1 0 0 0 1 1 3 0 1 0 0 0 0 0 0 4 1 0 0 0 0 0 0 0 0 0 0 0 0
0 0 0 0 2 0 0 2 1 1 1 3 0 2 0 0 0 0 0 0 4 1 0 0 0 0 0 0 0 0 0 0 0 0
1 0 0 0 0 0 0 0 1 1 0 1 0 0 0 0 0 0 0 0 1 1 0 0 0 0 0 0 0 0 0 0 0 0
0 0 0 1 0 0 0 1 1 1 0 0 1 0 0 0 0 0 0 0 1 1 0 0 0 0 0 0 0 0 0 0 0 0
0 0 0 3 0 0 0 4 1 2 1 0 2 3 0 0 0 1 0 0 3 2 0 0 0 0 0 0 0 0 0 0 0 0
0 0 0 8 0 0 1 4 0 1 0 7 0 1 0 0 0 4 0 1 3 6 0 0 0 0 0 0 0 0 0 0 0 0
0 0 0 2 0 0 0 2 1 1 0 8 0 1 0 0 0 3 0 1 3 3 0 0 0 0 0 0 0 0 0 0 0 0
0 0 0 0 6 0 0 1 0 1 2 1 0 2 0 0 0 0 0 0 2 1 0 0 0 0 0 0 0 0 0 0 0 0
0 0 0 3 0 0 0 4 1 1 0 0 1 1 0 0 0 0 0 1 2 2 0 0 0 0 0 0 0 0 0 0 0 0
1 0 0 0 1 0 0 0 0 0 0 0 0 1 0 0 0 0 0 0 2 1 0 0 0 0 0 0 0 0 0 0 0 1
0 0 0 1 0 0 0 2 1 3 0 2 0 0 0 0 0 0 0 0 1 1 0 0 0 0 0 0 0 0 0 0 0 0
1 0 0 0 1 0 0 0 0 0 0 2 0 2 0 0 0 0 0 0 2 2 0 0 0 0 0 0 0 0 0 0 0 0
0 0 0 2 2 0 0 1 0 0 2 3 0 1 0 0 0 0 0 0 4 1 0 0 0 0 0 0 0 0 0 0 0 0
0 0 0 0 0 0 0 0 2 1 0 2 0 1 0 0 0 2 0 0 1 2 0 0 0 0 0 0 0 0 0 0 0 0
0 0 0 0 6 0 1 1 0 3 2 1 0 4 0 0 0 0 0 0 3 1 0 0 0 0 0 0 0 0 0 0 0 0
0 0 0 1 2 0 0 3 0 0 1 3 0 1 0 0 0 0 0 0 4 1 0 0 0 0 0 0 0 0 0 0 0 0
0 0 0 1 2 0 1 4 1 1 1 1 0 1 0 0 0 0 0 0 4 1 0 0 0 0 0 0 0 0 0 0 0 0
0 0 0 1 0 0 0 0 0 0 0 16 0 1 0 0 0 0 0 1 3 2 0 0 0 0 0 0 0 0 0 0 0 0
0 0 0 1 0 0 0 2 1 4 0 2 2 2 0 0 0 0 0 0 4 1 0 0 0 0 0 0 0 0 0 0 0 0
0 0 0 0 0 0 2 1 2 2 0 0 3 4 0 0 0 0 0 0 3 1 0 0 0 0 0 0 0 0 0 0 0 0
0 0 0 0 0 0 0 0 0 0 0 10 0 9 0 0 0 0 0 0 3 2 0 0 0 0 0 0 0 0 0 0 0 0
0 0 0 0 0 0 0 4 1 2 0 5 0 1 0 0 0 0 0 0 2 2 0 0 0 0 0 0 0 0 0 0 0 0
0 0 0 0 6 0 0 0 0 2 4 7 0 3 0 0 0 0 0 0 3 2 0 0 0 0 0 0 0 0 0 0 0 0
0 0 0 5 2 0 0 1 0 0 1 1 0 2 0 0 0 3 0 0 4 3 0 0 0 0 0 0 0 0 0 0 0 0
0 0 0 0 3 0 0 0 1 2 1 2 0 1 0 0 0 0 0 1 4 2 0 0 0 0 0 0 0 0 0 0 0 0
0 0 0 0 0 0 2 2 2 2 0 0 1 1 0 0 0 0 0 0 2 1 0 0 0 0 0 0 0 0 0 0 0 0
0 0 0 2 2 0 0 1 0 0 0 7 0 9 0 0 0 0 0 0 3 2 0 0 0 0 0 0 0 0 0 0 0 0
1 0 0 0 1 0 0 0 0 0 0 2 0 2 0 0 0 0 0 0 2 2 0 0 0 0 0 0 0 0 0 0 0 0
0 0 0 0 0 0 0 4 1 0 0 0 8 3 0 0 0 0 0 0 3 1 0 0 0 0 0 0 0 0 0 0 0 0
0 0 0 0 0 0 0 5 0 1 0 0 1 1 0 0 0 0 0 0 1 1 0 0 0 0 0 0 0 0 0 0 0 0
1 0 0 0 1 0 0 0 0 0 0 2 0 2 0 0 0 0 0 0 2 2 0 0 0 0 0 0 0 0 0 0 0 0
0 0 0 0 1 0 0 3 0 1 0 1 0 0 0 0 0 0 0 0 2 1 0 0 0 0 0 0 0 0 0 0 0 0
0 0 0 3 1 0 0 3 1 0 0 4 0 1 0 0 0 0 0 0 2 2 0 0 0 0 0 0 0 0 0 0 0 0
0 0 0 2 0 0 0 3 0 1 0 1 1 0 0 0 0 0 0 0 1 1 0 0 0 0 0 0 0 0 0 0 0 0
0 0 0 1 0 0 0 1 0 0 0 9 0 10 0 0 0 0 0 0 3 2 0 0 0 0 0 0 0 0 0 0 0 0
1 0 0 0 1 0 0 0 0 0 0 1 0 2 0 0 0 0 0 0 2 2 0 0 0 0 0 0 0 0 0 0 0 1
0 0 0 0 0 0 0 0 0 2 0 3 0 1 0 0 0 0 0 0 1 1 0 0 0 0 0 0 0 0 0 0 0 0
0 0 0 0 2 0 0 1 0 1 2 3 0 1 0 0 0 0 0 0 4 1 0 0 0 0 0 0 0 0 0 0 0 0
1 0 0 0 1 0 0 0 0 0 0 2 0 2 0 0 0 0 0 0 2 2 0 0 0 0 0 0 0 0 0 0 0 0
1 0 0 0 1 0 0 0 0 0 0 2 0 2 0 0 0 0 0 0 2 2 0 0 0 0 0 0 0 0 0 0 0 0
0 0 0 1 2 1 0 0 0 1 1 3 0 1 0 0 0 0 0 0 4 1 0 0 0 0 0 0 0 0 0 0 0 0
1 0 0 0 2 0 0 0 0 1 0 1 0 2 0 0 0 0 0 0 2 2 0 0 0 0 0 0 0 0 0 0 0 0
0 0 0 0 0 0 0 2 5 1 0 0 1 2 0 0 0 0 0 0 2 1 0 0 0 0 0 0 0 0 0 0 0 0
0 0 0 3 0 0 0 2 0 0 0 9 0 2 0 0 0 0 0 0 3 1 0 0 0 0 0 0 0 0 0 0 0 0
0 0 0 3 2 1 0 1 1 1 1 0 0 1 0 0 0 0 0 2 4 3 0 0 0 0 0 0 0 0 0 0 0 0
0 0 0 1 2 0 0 2 0 0 0 6 0 10 0 0 0 3 0 0 3 4 0 0 0 0 0 0 0 0 0 0 0 0
0 0 0 1 6 0 0 3 0 2 2 6 0 4 0 0 0 0 0 0 3 2 0 0 0 0 0 0 0 0 0 0 0 0
0 0 0 4 3 0 0 0 1 1 0 1 0 4 0 0 0 1 0 0 2 1 0 0 0 0 0 0 0 0 0 0 0 0
0 0 0 2 3 0 1 0 0 1 0 3 0 1 0 0 0 0 0 0 4 1 0 0 0 0 0 0 0 0 0 0 0 0
0 0 0 2 2 0 0 1 0 0 2 3 0 1 0 0 0 0 0 0 4 1 0 0 0 0 0 0 0 0 0 0 0 0
0 0 0 2 6 0 0 4 0 2 3 4 0 4 0 0 0 0 0 0 3 4 0 0 0 0 0 0 0 0 0 0 0 0
1 0 0 0 1 0 0 0 0 0 0 2 0 2 0 0 0 0 0 0 2 2 0 0 0 0 0 0 0 0 0 0 0 0
0 0 0 0 0 0 0 3 2 2 0 7 1 0 0 0 0 0 0 0 2 2 0 0 0 0 0 0 0 0 0 0 0 0
0 0 0 3 0 0 0 1 0 0 0 7 0 9 0 0 0 3 0 1 3 4 0 0 0 0 0 0 0 0 0 0 0 0
0 0 0 1 2 0 0 0 0 1 1 3 0 2 0 0 0 0 0 0 4 1 0 0 0 0 0 0 0 0 0 0 0 0
0 0 0 1 0 0 0 2 4 1 0 0 2 1 0 0 0 0 0 0 3 1 0 0 0 0 0 0 0 0 0 1 0 0
1 0 0 0 1 0 0 0 2 0 0 1 0 1 0 0 0 0 0 0 2 2 0 0 0 0 0 0 0 0 0 0 0 0
1 0 0 0 0 0 0 1 0 0 0 1 0 1 0 0 0 0 0 0 2 1 0 0 0 0 0 0 0 0 0 0 0 0
0 0 0 3 0 0 0 0 0 1 0 7 0 1 0 0 0 1 0 0 2 1 0 0 0 0 0 0 0 0 0 0 0 0
0 0 0 2 1 0 0 0 0 0 0 10 0 1 0 1 0 0 0 0 3 1 0 0 0 0 0 0 0 0 0 0 0 0
0 0 0 1 3 0 0 1 3 2 1 0 0 1 0 0 0 0 0 0 2 2 0 0 0 0 0 0 0 0 0 0 0 0
0 0 0 1 0 0 0 1 4 1 2 2 0 62 0 0 0 0 0 0 1 5 0 0 0 0 0 0 0 0 0 0 0 0
1 0 0 0 1 0 0 0 0 0 0 2 0 2 0 0 0 0 0 0 2 2 0 0 0 0 0 0 0 0 0 0 0 0
0 0 0 3 0 0 0 2 1 1 0 3 0 1 0 0 0 0 0 1 2 1 0 0 0 0 0 0 0 0 0 0 0 0
0 0 0 0 2 0 0 2 1 1 1 3 0 2 0 0 0 0 0 0 4 1 0 0 0 0 0 0 0 0 0 0 0 0
0 1 0 1 0 0 0 0 1 2 0 0 0 0 0 0 0 0 0 0 2 1 0 0 0 0 0 0 0 0 0 0 0 0
0 0 0 1 0 0 0 0 1 2 0 0 0 1 0 0 0 0 0 0 1 1 0 0 0 0 0 0 0 0 0 0 0 0
0 0 0 1 0 0 0 1 1 1 0 0 1 0 0 0 0 0 0 0 1 1 0 0 0 0 0 0 0 0 0 0 0 0
0 0 0 0 3 0 0 0 0 4 1 3 0 1 0 0 0 0 0 0 4 1 0 0 0 0 0 0 0 0 0 0 0 0
0 0 0 1 2 0 0 3 1 4 0 2 0 5 0 0 0 1 0 0 4 1 0 0 0 0 0 0 0 0 0 0 0 0
1 0 0 0 0 0 0 0 1 1 0 1 0 0 0 0 0 0 0 0 1 1 0 0 0 0 0 0 0 0 0 0 0 0
0 0 0 0 1 0 0 3 0 1 0 1 0 0 0 0 0 0 0 0 2 1 0 0 0 0 0 0 0 0 0 0 0 0
0 0 0 0 0 0 0 4 5 1 0 0 4 4 0 0 0 0 0 0 3 2 0 0 0 0 0 0 0 0 0 0 0 0
0 0 0 0 0 0 0 2 0 0 0 7 0 0 0 0 0 1 0 1 2 1 0 0 0 0 0 0 0 0 0 0 0 0
0 0 0 1 0 0 0 2 0 1 0 0 1 1 0 0 0 0 0 0 1 1 0 0 0 0 0 0 0 0 0 0 0 0
0 0 0 2 2 0 0 3 2 1 0 2 0 2 0 0 0 0 0 0 2 2 0 0 0 0 0 0 0 0 0 0 0 0
0 0 0 0 3 0 0 0 1 2 0 3 0 1 0 0 0 0 0 0 4 1 0 0 0 0 0 0 0 0 0 0 0 0
0 0 0 1 0 0 0 2 1 1 0 0 0 0 0 0 0 0 0 0 2 1 0 0 0 0 0 0 0 0 0 1 0 0
0 0 0 3 2 0 0 1 0 0 1 3 0 1 0 0 0 0 0 0 4 1 0 0 0 0 0 0 0 0 0 0 0 0
0 0 0 0 1 0 0 2 1 2 0 0 0 1 0 0 0 0 0 0 2 1 0 0 0 0 0 0 0 0 0 0 0 0
0 0 0 1 8 0 0 4 0 2 2 4 0 4 0 0 0 0 0 0 3 4 0 0 0 0 0 0 0 0 0 0 0 0
0 0 0 2 0 0 0 2 0 0 0 8 0 11 0 0 0 0 0 0 3 2 0 0 0 0 0 0 0 0 0 0 0 0
0 0 0 0 1 0 0 2 0 2 0 1 0 1 0 0 0 0 0 0 2 1 0 0 0 0 0 0 0 0 0 0 0 0
0 0 0 0 0 0 0 2 2 0 0 11 0 1 0 1 0 2 0 0 3 2 0 0 0 0 0 0 0 0 0 0 0 0
0 0 0 0 1 0 0 0 4 5 0 0 0 61 0 0 0 1 0 0 2 2 0 0 0 0 0 0 0 0 0 0 0 0
1 0 0 0 1 0 0 0 0 0 0 2 0 2 0 0 0 0 0 0 2 2 0 0 0 0 0 0 0 0 0 0 0 0
0 0 0 1 2 0 0 0 0 2 1 3 0 1 0 0 0 0 0 0 4 1 0 0 0 0 0 0 0 0 0 0 0 0
0 0 0 0 2 0 0 0 2 5 1 7 0 1 0 0 0 0 0 0 3 2 0 0 0 0 0 0 0 0 0 0 0 0
0 0 0 1 1 0 0 2 0 1 0 1 0 0 0 0 0 0 0 0 2 1 0 0 0 0 0 0 0 0 0 0 0 0
1 0 0 2 0 0 2 4 3 1 0 29 0 64 0 0 0 0 0 0 1 65 0 0 0 0 0 0 0 0 0 1 0 31
0 0 0 2 0 0 0 0 0 0 0 8 0 0 0 0 0 0 0 1 2 1 0 0 0 0 0 0 0 0 0 0 0 0
0 0 0 0 0 0 0 1 0 1 0 2 1 1 0 0 0 0 0 0 1 1 0 0 0 0 0 0 0 0 0 0 0 0
0 0 0 0 0 0 0 0 0 0 0 10 0 9 0 0 0 0 0 0 3 2 0 0 0 0 0 0 0 0 0 0 0 0
0 0 0 0 1 0 0 2 1 1 0 0 0 0 0 0 0 0 0 0 2 1 0 0 0 0 0 0 0 0 0 1 0 0
0 0 0 1 6 0 0 1 0 2 3 6 0 4 0 0 0 1 0 0 3 2 0 0 0 0 0 0 0 0 0 0 0 0
0 0 0 0 0 0 0 4 2 1 0 0 0 3 0 0 0 0 0 0 1 3 0 0 0 0 0 0 0 0 0 0 0 0
0 0 0 1 1 0 0 1 1 1 0 0 1 0 0 0 0 0 0 0 1 2 0 0 0 0 0 0 0 0 0 0 0 0
1 0 0 1 1 0 0 2 0 0 0 1 0 2 0 0 0 0 0 0 2 2 0 0 0 0 0 0 0 0 0 0 0 0
0 0 0 1 1 0 1 2 1 1 0 1 3 2 0 0 0 0 0 0 3 2 0 0 0 0 0 0 0 0 0 1 0 1
0 0 0 0 2 0 0 0 1 2 1 3 0 1 0 0 0 0 0 0 4 1 0 0 0 0 0 0 0 0 0 0 0 0
1 0 0 0 1 0 0 0 0 0 0 2 0 2 0 0 0 0 0 0 2 2 0 0 0 0 0 0 0 0 0 0 0 0
0 0 0 3 1 0 0 4 1 0 0 1 1 0 0 0 0 1 0 0 2 1 0 0 0 0 0 0 0 0 0 0 0 0
0 0 0 2 6 0 0 1 0 3 2 5 0 5 0 0 0 0 0 0 3 2 0 0 0 0 0 0 0 0 0 0 0 0
0 0 0 0 6 0 0 1 0 3 2 7 0 3 0 0 0 0 0 0 3 2 0 0 0 0 0 0 0 0 0 0 0 0
0 0 0 0 0 0 0 3 5 1 0 0 1 2 0 0 0 0 0 0 2 2 0 0 0 0 0 0 0 0 0 0 0 0
0 0 0 3 0 0 0 0 0 0 0 5 0 4 0 1 0 0 0 0 2 1 0 0 0 0 0 0 0 0 0 0 0 0
1 0 0 1 1 0 0 1 1 0 0 1 0 2 0 0 0 0 0 0 2 2 0 0 0 0 0 0 0 0 0 0 0 0
0 0 0 0 0 0 0 1 2 2 0 0 1 1 0 0 0 0 0 0 1 1 0 0 0 0 0 0 0 0 0 0 0 0
0 0 0 4 0 0 0 3 0 1 0 4 0 0 0 0 0 3 0 0 2 3 0 0 0 0 0 0 0 0 0 0 0 0
1 0 0 0 1 0 0 0 0 0 0 2 0 2 0 0 0 0 0 0 2 2 0 0 0 0 0 0 0 0 0 0 0 0
0 0 0 1 0 0 1 1 1 2 0 0 0 0 0 0 0 0 0 0 2 1 0 0 0 0 0 0 0 0 0 0 0 0
0 0 0 0 0 0 0 1 1 0 0 9 0 7 0 0 0 0 0 1 3 2 0 0 0 0 0 0 0 0 0 0 0 0
0 0 0 1 4 0 0 1 0 0 1 3 0 1 0 0 0 0 0 0 4 1 0 0 0 0 0 0 0 0 0 0 0 0
0 0 0 0 4 0 0 0 0 3 1 6 0 2 0 0 0 0 0 0 2 2 0 0 0 0 0 0 0 0 0 0 0 1
0 0 0 2 2 0 0 0 0 0 0 6 0 0 0 0 0 0 0 0 2 1 0 0 0 0 0 0 0 0 0 0 0 0
0 0 0 0 2 0 0 0 0 4 0 3 0 1 0 0 0 0 0 0 4 1 0 0 0 0 0 0 0 0 0 0 0 0
0 0 0 2 1 0 0 0 1 1 0 0 3 3 0 0 0 0 0 0 1 3 0 0 0 0 0 0 0 0 0 1 0 0
0 0 0 4 2 0 0 6 0 0 0 10 0 2 0 0 0 0 0 0 3 5 0 0 0 0 0 0 0 0 0 0 0 0
0 0 0 1 4 0 0 1 0 0 1 3 0 1 0 0 0 0 0 0 4 1 0 0 0 0 0 0 0 0 0 0 0 0
0 0 0 1 0 0 0 3 0 3 0 1 0 0 0 0 0 1 0 0 2 1 0 0 0 0 0 0 0 0 0 0 0 0
0 0 0 0 2 0 0 1 1 2 1 0 0 2 0 0 0 2 0 0 2 1 0 0 0 0 0 0 0 0 0 0 0 0
0 0 0 1 2 0 0 3 0 0 1 3 0 1 0 0 0 0 0 0 4 1 0 0 0 0 0 0 0 0 0 0 0 0
0 0 0 3 3 0 0 2 0 1 0 2 0 2 0 0 0 0 0 0 4 1 0 0 0 0 0 0 0 0 0 0 0 0
0 0 0 0 0 0 0 2 5 1 0 0 1 1 0 0 0 0 0 0 2 1 0 0 0 0 0 0 0 0 0 0 0 0
0 0 0 0 0 0 0 1 1 4 0 0 4 1 0 0 0 0 0 0 3 2 0 0 0 0 0 0 0 0 0 0 0 0
0 0 0 0 2 0 0 0 2 5 1 7 0 1 0 0 0 0 0 0 3 2 0 0 0 0 0 0 0 0 0 0 0 0
0 0 0 1 2 0 0 1 3 3 1 2 0 3 0 0 0 2 0 0 4 1 0 0 0 0 0 0 0 0 0 0 0 0
0 0 0 3 6 0 1 2 1 2 3 4 0 4 0 0 0 0 0 1 3 2 0 0 0 0 0 0 0 0 0 0 0 0
1 0 0 0 1 0 0 0 0 0 0 2 0 2 0 0 0 0 0 0 2 2 0 0 0 0 0 0 0 0 0 0 0 0
1 0 0 0 2 0 0 0 0 0 0 1 0 2 0 0 0 0 0 1 2 2 0 0 0 0 0 0 0 0 0 0 0 0
1 0 0 0 1 0 0 0 0 0 0 2 0 2 0 0 0 0 0 0 2 2 0 0 0 0 0 0 0 0 0 0 0 0
0 0 0 0 1 0 0 3 0 1 0 1 0 0 0 0 0 0 0 0 2 1 0 0 0 0 0 0 0 0 0 0 0 0
0 0 0 1 3 1 0 1 1 1 1 2 0 1 0 0 0 0 0 0 4 1 0 0 0 0 0 0 0 0 0 0 0 0
1 0 0 0 1 0 0 0 0 0 0 2 0 2 0 0 0 0 0 0 2 2 0 0 0 0 0 0 0 0 0 0 0 0
1 0 0 0 1 0 0 0 0 0 0 2 0 2 0 0 0 0 0 0 2 2 0 0 0 0 0 0 0 0 0 0 0 0
0 0 0 2 4 0 0 4 0 0 1 1 0 2 0 0 0 0 0 0 4 3 0 0 0 0 0 0 0 0 0 0 0 0
0 0 0 1 4 1 0 0 0 3 1 7 0 2 0 0 0 0 0 0 3 2 0 0 0 0 0 0 0 0 0 0 0 0
1 0 0 0 1 0 0 0 0 0 0 1 0 2 0 0 0 0 0 0 2 2 0 0 0 0 0 0 0 0 0 0 0 1
0 0 0 2 0 0 0 1 0 0 0 3 0 8 0 0 0 0 0 0 3 1 0 0 0 0 0 0 0 0 0 0 0 0
0 0 0 3 0 0 0 1 0 0 0 15 0 3 0 0 0 3 0 0 3 3 0 0 0 0 0 0 0 0 0 0 0 0
1 0 0 0 1 0 0 0 0 0 0 2 0 2 0 0 0 0 0 0 2 2 0 0 0 0 0 0 0 0 0 0 0 0
0 0 0 1 2 0 0 3 0 3 0 1 0 1 0 0 0 0 0 0 3 2 0 0 0 0 0 0 0 0 0 0 0 0
0 0 0 5 1 0 0 0 0 1 0 6 0 2 0 1 0 3 0 0 3 3 0 0 0 0 0 0 0 0 0 0 0 0
0 0 0 2 8 0 0 6 0 1 3 2 0 6 0 0 0 1 0 0 3 4 0 0 0 0 0 0 0 0 0 0 0 0
0 0 0 3 3 0 0 2 0 0 0 5 0 1 0 0 0 0 0 0 2 1 0 0 0 0 0 0 0 0 0 0 0 0
0 0 0 1 3 0 0 1 0 2 0 3 0 1 0 0 0 0 0 0 4 1 0 0 0 0 0 0 0 0 0 0 0 0
0 0 0 2 2 0 0 0 0 1 0 5 0 0 0 0 0 0 0 0 2 1 0 0 0 0 0 0 0 0 0 0 0 0
0 0 0 0 2 0 0 0 4 2 1 0 0 1 0 0 0 2 0 0 2 1 0 0 0 0 0 0 0 0 0 0 0 0
0 0 0 1 7 0 1 1 0 2 2 5 0 5 0 0 0 1 0 0 3 2 0 0 0 0 0 0 0 0 0 0 0 0
1 0 0 0 1 0 0 0 0 0 0 2 0 2 0 0 0 0 0 0 2 2 0 0 0 0 0 0 0 0 0 0 0 0
1 0 0 0 0 0 0 0 0 1 0 3 0 2 0 0 0 1 0 0 1 3 0 0 0 0 0 0 0 0 0 0 0 0
1 0 0 0 1 0 0 0 0 0 0 2 0 2 0 0 0 0 0 0 2 2 0 0 0 0 0 0 0 0 0 0 0 0
0 0 0 2 3 0 1 0 0 1 0 3 0 1 0 0 0 0 0 0 4 1 0 0 0 0 0 0 0 0 0 0 0 0
0 0 0 0 0 0 0 1 0 0 0 11 0 2 0 0 0 0 0 0 3 1 0 0 0 0 0 0 0 0 0 0 0 1
0 0 0 0 0 0 1 2 0 3 0 2 2 1 0 0 0 0 0 0 3 1 0 0 0 0 0 0 0 0 0 0 0 0
0 0 0 1 5 0 0 0 0 2 2 1 0 2 0 0 0 0 0 0 2 1 0 0 0 0 0 0 0 0 0 0 0 0
0 0 0 0 0 0 0 0 0 0 0 10 0 8 0 0 0 1 0 0 3 2 0 0 0 0 0 0 0 0 0 0 0 0
0 0 0 2 3 0 0 1 0 0 1 3 0 1 0 0 0 0 0 0 4 1 0 0 0 0 0 0 0 0 0 0 0 0
0 0 0 1 0 0 0 2 1 2 0 2 0 0 0 0 0 0 0 0 2 1 0 0 0 0 0 0 0 0 0 0 0 0
0 0 0 0 3 0 0 0 1 2 0 3 0 1 0 0 0 0 0 0 4 1 0 0 0 0 0 0 0 0 0 0 0 0
0 0 0 0 2 0 0 2 1 1 1 3 0 2 0 0 0 0 0 0 4 1 0 0 0 0 0 0 0 0 0 0 0 0
1 0 0 1 1 0 0 0 0 0 0 1 0 3 0 0 0 0 0 0 2 2 0 0 0 0 0 0 0 0 0 0 0 0
1 0 0 2 1 0 0 0 0 1 0 0 0 3 0 0 0 2 0 0 2 2 0 0 0 0 0 0 0 0 0 0 0 0
0 0 0 0 3 1 0 0 0 1 1 3 0 1 0 0 0 0 0 0 4 1 0 0 0 0 0 0 0 0 0 0 0 0
1 0 0 0 1 0 0 0 0 0 0 2 0 2 0 0 0 0 0 0 2 2 0 0 0 0 0 0 0 0 0 0 0 0
1 1 0 2 1 0 0 1 0 0 0 1 0 1 0 0 0 0 0 0 3 1 0 0 0 0 0 0 0 0 0 0 1 0
0 0 0 0 7 0 0 1 1 4 2 6 0 3 0 0 0 0 0 0 3 2 0 0 0 0 0 0 0 0 0 0 0 0
0 0 0 0 5 0 0 3 0 3 3 6 0 4 0 0 0 0 0 0 3 2 0 0 0 0 0 0 0 0 0 0 0 0
0 0 0 1 0 0 0 1 4 2 0 0 3 9 0 0 0 0 0 0 3 2 0 0 0 0 0 0 0 0 0 0 0 0
0 0 0 1 2 0 0 3 0 0 1 3 0 1 0 0 0 0 0 0 4 1 0 0 0 0 0 0 0 0 0 0 0 0
1 0 0 0 1 0 0 0 0 0 0 2 0 2 0 0 0 0 0 0 2 2 0 0 0 0 0 0 0 0 0 0 0 0
0 0 0 0 0 0 0 1 2 1 0 2 0 2 0 0 0 1 0 2 2 1 0 0 0 0 0 0 0 0 0 0 0 0
0 0 0 1 2 0 0 0 0 2 1 3 0 1 0 0 0 0 0 0 4 1 0 0 0 0 0 0 0 0 0 0 0 0
1 0 0 0 1 0 0 0 0 0 0 2 0 2 0 0 0 0 0 0 2 2 0 0 0 0 0 0 0 0 0 0 0 0
1 0 0 0 2 0 0 0 0 1 0 1 0 2 0 0 0 1 0 0 2 2 0 0 0 0 0 0 0 0 0 0 0 0
0 0 0 0 0 0 0 2 2 1 0 6 2 3 0 0 0 1 0 0 2 3 0 0 0 0 0 0 0 0 0 0 0 0
0 0 0 4 0 0 0 0 0 0 0 6 0 0 0 0 0 0 0 0 2 1 0 0 0 0 0 0 0 0 0 0 0 0
1 0 0 0 1 0 0 0 0 0 0 2 0 2 0 0 0 0 0 0 2 2 0 0 0 0 0 0 0 0 0 0 0 0
1 0 0 0 1 0 0 2 0 0 0 1 0 1 0 0 0 0 0 0 2 2 0 0 0 0 0 0 0 0 0 0 0 0
0 0 0 0 3 0 0 1 0 0 2 3 0 1 0 0 0 0 0 0 4 1 0 0 0 0 0 0 0 0 0 0 0 0
0 0 0 4 3 0 0 2 0 0 1 1 0 3 0 0 0 1 0 0 4 1 0 0 0 0 0 0 0 0 0 0 0 0
0 0 0 4 0 0 0 0 0 0 0 7 0 0 0 0 0 0 0 0 2 1 0 0 0 0 0 0 0 0 0 0 0 0
0 0 0 2 5 0 0 2 1 0 1 0 0 3 0 0 0 0 0 0 4 3 0 0 0 0 0 0 0 0 0 0 0 0
0 0 0 2 0 0 0 9 2 3 0 6 1 2 0 0 0 1 0 0 3 4 0 0 0 0 0 0 0 0 0 0 0 0
0 0 0 1 4 0 0 1 0 0 1 3 0 1 0 0 0 0 0 0 4 1 0 0 0 0 0 0 0 0 0 0 0 0
0 0 0 3 1 0 0 0 0 0 0 6 0 0 0 0 0 0 0 0 2 1 0 0 0 0 0 0 0 0 0 0 0 0
0 0 0 0 2 1 0 0 0 1 2 3 0 1 0 0 0 0 0 0 4 1 0 0 0 0 0 0 0 0 0 0 0 0
0 0 0 0 3 1 0 0 0 1 1 3 0 1 0 0 0 0 0 0 4 1 0 0 0 0 0 0 0 0 0 0 0 0
1 0 0 0 1 0 0 0 0 0 0 1 0 2 0 0 0 0 0 0 2 2 0 0 0 0 0 0 0 0 0 0 0 1
1 0 0 0 2 0 0 1 1 0 0 1 0 2 0 0 0 0 0 0 2 2 0 0 0 0 0 0 0 0 0 0 0 0
0 0 0 3 4 0 0 6 1 0 0 6 0 3 0 0 0 3 0 1 3 6 0 0 0 0 0 0 0 0 0 0 0 0
0 0 0 1 0 0 0 3 0 2 0 3 0 0 0 0 0 0 0 0 2 1 0 0 0 0 0 0 0 0 0 0 0 0
0 0 0 1 4 0 0 2 0 1 2 2 0 11 0 0 0 1 0 0 4 1 0 0 0 0 0 0 0 0 0 0 0 0
0 0 0 0 2 0 0 0 0 4 0 3 0 1 0 0 0 0 0 0 4 1 0 0 0 0 0 0 0 0 0 0 0 0
0 0 0 1 2 0 0 0 0 2 1 3 0 1 0 0 0 0 0 0 4 1 0 0 0 0 0 0 0 0 0 0 0 0
0 0 0 2 2 0 0 2 0 3 0 2 0 1 0 0 0 0 0 0 4 1 0 0 0 0 0 0 0 0 0 0 0 0
0 0 0 1 6 0 0 4 1 0 3 6 0 3 0 0 0 0 0 0 3 2 0 0 0 0 0 0 0 0 0 0 0 0
1 0 0 0 1 0 0 0 0 0 0 2 0 2 0 0 0 0 0 0 2 2 0 0 0 0 0 0 0 0 0 0 0 0
0 0 0 0 3 1 0 0 0 1 1 3 0 1 0 0 0 0 0 0 4 1 0 0 0 0 0 0 0 0 0 0 0 0
0 0 0 0 6 0 0 2 0 1 3 7 0 3 0 0 0 0 0 0 3 2 0 0 0 0 0 0 0 0 0 0 0 0
0 0 0 2 2 0 0 1 0 2 0 3 0 1 0 0 0 0 0 0 4 1 0 0 0 0 0 0 0 0 0 0 0 0
0 0 0 3 0 0 0 7 0 0 0 2 0 1 0 0 0 0 0 0 2 3 0 0 0 0 0 0 0 0 0 0 0 0
1 0 0 0 1 0 0 0 0 0 0 2 0 2 0 0 0 0 0 0 2 2 0 0 0 0 0 0 0 0 0 0 0 0
0 0 0 1 2 0 0 0 0 1 1 3 0 2 0 0 0 0 0 0 4 1 0 0 0 0 0 0 0 0 0 0 0 0
0 0 0 1 0 0 0 2 0 1 0 8 1 0 0 0 0 0 0 0 2 2 0 0 0 0 0 0 0 0 0 0 0 0
0 0 0 0 8 0 0 2 1 4 2 5 0 3 0 0 0 0 0 0 3 2 0 0 0 0 0 0 0 0 0 0 0 0
0 0 0 0 1 0 0 3 1 2 0 0 0 1 0 0 0 0 0 0 2 1 0 0 0 0 0 0 0 0 0 1 0 0
0 0 0 0 6 0 0 1 0 1 3 7 0 4 0 0 0 0 0 0 3 2 0 0 0 0 0 0 0 0 0 0 0 0
0 0 0 1 0 0 0 1 0 1 0 2 2 1 0 0 0 0 0 0 1 2 0 0 0 0 0 0 0 0 0 0 0 0
0 0 0 0 0 0 0 2 0 0 0 3 0 6 0 0 0 0 0 0 2 1 0 0 0 0 0 0 0 0 0 0 0 0
0 0 0 0 0 0 0 0 1 2 0 1 0 1 0 0 0 0 0 1 1 1 0 0 0 0 0 0 0 0 0 0 0 0
0 0 0 0 0 0 0 1 4 1 0 0 4 7 0 0 0 0 0 0 3 2 0 0 0 0 0 0 0 0 0 0 0 0
0 0 0 2 0 0 0 0 0 0 0 17 0 1 0 0 0 1 0 1 3 2 0 0 0 0 0 0 0 0 0 0 0 0
1 0 0 0 1 0 0 0 0 0 0 2 0 2 0 0 0 0 0 0 2 2 0 0 0 0 0 0 0 0 0 0 0 0
1 0 0 0 0 0 0 0 0 1 0 3 0 2 0 0 0 1 0 0 1 3 0 0 0 0 0 0 0 0 0 0 0 0
1 0 0 1 1 0 0 0 0 0 0 1 0 2 0 0 0 0 0 1 2 2 0 0 0 0 0 0 0 0 0 0 0 0
0 0 0 1 2 1 0 0 0 1 1 3 0 1 0 0 0 0 0 0 4 1 0 0 0 0 0 0 0 0 0 0 0 0
0 0 0 6 3 1 0 7 2 1 0 58 0 66 0 0 0 1 0 1 1 66 0 0 0 0 0 0 0 0 0 0 0 1
0 0 0 1 2 0 0 1 0 2 1 3 0 1 0 0 0 0 0 0 4 1 0 0 0 0 0 0 0 0 0 0 0 0
0 0 0 4 3 0 0 1 0 0 0 1 0 3 0 0 0 0 0 1 2 2 0 0 0 0 0 0 0 0 0 0 0 0
1 0 0 0 1 0 0 0 0 0 0 2 0 2 0 0 0 0 0 0 2 2 0 0 0 0 0 0 0 0 0 0 0 0
1 0 0 0 1 0 0 0 0 0 0 2 0 2 0 0 0 0 0 0 2 2 0 0 0 0 0 0 0 0 0 0 0 0
0 0 0 0 3 1 0 0 0 1 1 3 0 1 0 0 0 0 0 0 4 1 0 0 0 0 0 0 0 0 0 0 0 0
0 0 0 0 3 1 0 0 0 1 1 3 0 1 0 0 0 0 0 0 4 1 0 0 0 0 0 0 0 0 0 0 0 0
0 1 0 1 0 0 0 1 0 1 0 0 0 0 0 0 0 0 0 0 1 1 0 0 0 0 0 0 0 0 0 0 0 0
0 0 0 0 0 0 0 2 2 1 0 13 0 5 0 1 0 1 0 0 4 2 0 0 0 0 0 0 0 0 0 0 0 0
0 0 0 2 0 0 0 5 1 0 0 1 0 1 0 0 0 0 0 0 2 1 0 0 0 0 0 0 0 0 0 0 0 0
0 0 0 2 0 0 0 2 0 0 0 7 2 1 0 0 0 0 0 0 2 2 0 0 0 0 0 0 0 0 0 0 0 0
0 0 0 1 1 0 0 2 1 0 0 2 1 5 0 0 0 0 0 0 2 2 0 0 0 0 0 0 0 0 0 0 0 1
0 0 0 0 1 1 0 1 0 2 1 3 0 1 0 0 0 0 0 0 4 1 0 0 0 0 0 0 0 0 0 0 0 0
0 0 0 0 7 0 0 3 1 2 2 6 0 3 0 0 0 0 0 0 3 2 0 0 0 0 0 0 0 0 0 0 0 0
1 0 0 1 1 0 0 2 0 0 0 1 0 2 0 0 0 0 0 0 2 2 0 0 0 0 0 0 0 0 0 0 0 0
0 0 0 0 6 0 0 1 0 2 3 7 0 3 0 0 0 0 0 0 3 2 0 0 0 0 0 0 0 0 0 0 0 0
0 0 0 0 2 1 0 0 0 1 2 3 0 1 0 0 0 0 0 0 4 1 0 0 0 0 0 0 0 0 0 0 0 0
1 0 0 0 1 0 0 0 0 0 0 2 0 2 0 0 0 0 0 0 2 2 0 0 0 0 0 0 0 0 0 0 0 0
0 0 0 3 2 0 0 1 0 1 0 3 0 1 0 0 0 0 0 0 4 1 0 0 0 0 0 0 0 0 0 0 0 0
0 0 0 0 1 0 0 2 1 1 0 0 0 2 0 0 0 0 0 0 1 1 0 0 0 0 0 0 0 0 0 0 0 0
1 0 0 0 1 0 0 0 0 0 0 2 0 2 0 0 0 0 0 0 2 2 0 0 0 0 0 0 0 0 0 0 0 0
0 0 0 1 4 0 0 1 1 3 1 5 0 4 0 0 0 0 0 2 3 4 0 0 0 0 0 0 0 0 0 0 0 1
0 0 0 2 3 0 0 2 0 4 1 0 0 1 0 0 0 2 0 0 4 3 0 0 0 0 0 0 0 0 0 0 0 0
0 0 0 4 0 0 2 2 2 0 0 7 0 5 0 0 0 0 0 0 3 2 0 0 0 0 0 0 0 0 0 0 0 0
0 0 0 0 3 0 0 0 1 2 1 2 0 2 0 0 0 0 0 0 4 1 0 0 0 0 0 0 0 0 0 0 0 0
0 0 0 3 2 0 0 3 0 0 1 1 0 2 0 0 0 3 0 0 4 3 0 0 0 0 0 0 0 0 0 0 0 0
0 0 0 0 2 0 0 2 1 1 1 3 0 2 0 0 0 0 0 0 4 1 0 0 0 0 0 0 0 0 0 0 0 0
0 0 0 0 3 1 0 0 0 1 1 3 0 1 0 0 0 0 0 0 4 1 0 0 0 0 0 0 0 0 0 0 0 0
0 0 0 1 0 0 0 1 0 0 0 8 0 0 0 1 0 0 0 0 2 1 0 0 0 0 0 0 0 0 0 0 0 0
0 1 0 1 0 0 0 0 1 2 0 0 0 0 0 0 0 0 0 0 2 1 0 0 0 0 0 0 0 0 0 0 0 0
1 0 0 0 1 0 0 2 0 1 0 0 3 1 0 0 0 0 0 0 2 3 0 0 0 0 0 0 0 0 0 0 0 0
0 0 0 1 1 0 0 0 0 1 0 4 0 0 0 0 0 0 0 0 1 1 0 0 0 0 0 0 0 0 0 0 0 0
0 0 0 1 0 0 0 2 1 4 0 0 1 1 0 0 0 0 0 0 2 1 0 0 0 0 0 0 0 0 0 0 0 0
0 0 0 0 0 0 0 2 0 3 0 0 6 2 0 0 0 0 0 0 3 2 0 0 0 0 0 0 0 0 0 0 0 0
0 0 0 0 0 0 0 2 0 0 0 3 0 6 0 0 0 0 0 0 2 1 0 0 0 0 0 0 0 0 0 0 0 0
1 0 0 0 1 0 0 0 0 0 0 2 0 2 0 0 0 0 0 0 2 2 0 0 0 0 0 0 0 0 0 0 0 0
0 0 0 0 8 0 1 3 0 3 2 4 0 4 0 0 0 0 0 0 3 4 0 0 0 0 0 0 0 0 0 0 0 0
1 0 0 0 1 0 0 0 0 0 0 1 0 2 0 0 0 0 0 0 2 2 0 0 0 0 0 0 0 0 0 0 0 1
0 0 0 3 1 0 0 5 0 2 0 5 0 3 0 0 0 3 0 2 4 3 0 0 0 0 0 0 0 0 0 0 0 0
0 0 0 1 6 0 0 1 0 2 4 6 0 4 0 0 0 0 0 0 3 2 0 0 0 0 0 0 0 0 0 0 0 0
0 0 0 3 2 0 0 2 0 0 0 3 0 0 0 0 0 1 0 0 2 1 0 0 0 0 0 0 0 0 0 0 0 0
0 0 0 1 3 0 1 0 0 1 1 3 0 1 0 0 0 0 0 0 4 1 0 0 0 0 0 0 0 0 0 0 0 0
1 0 0 0 1 0 0 0 0 0 0 2 0 2 0 0 0 0 0 0 2 2 0 0 0 0 0 0 0 0 0 0 0 0
0 0 0 0 3 0 0 0 0 3 0 3 0 1 0 0 0 0 0 0 4 1 0 0 0 0 0 0 0 0 0 0 0 0
0 0 0 4 0 0 0 9 0 0 0 9 0 2 0 0 0 0 0 0 3 4 0 0 0 0 0 0 0 0 0 0 0 0
0 0 0 0 0 0 0 6 0 1 0 0 1 0 0 0 0 0 0 0 1 1 0 0 0 0 0 0 0 0 0 0 0 0
0 0 0 1 0 0 0 2 3 1 0 7 3 1 0 0 0 0 0 0 2 4 0 0 0 0 0 0 0 0 0 0 0 0
0 0 0 0 6 0 0 0 0 3 3 7 0 3 0 0 0 0 0 0 3 2 0 0 0 0 0 0 0 0 0 0 0 0
1 0 0 1 0 1 0 0 0 1 0 0 0 0 0 0 0 0 0 0 2 1 0 0 0 0 0 0 0 0 0 0 0 0
1 0 0 0 1 0 0 0 0 0 0 2 0 2 0 0 0 0 0 0 2 2 0 0 0 0 0 0 0 0 0 0 0 0
1 0 0 0 1 0 0 0 0 0 0 2 0 2 0 0 0 0 0 0 2 2 0 0 0 0 0 0 0 0 0 0 0 0
0 0 0 2 4 0 1 2 2 3 3 5 0 2 0 0 0 1 0 0 3 2 0 0 0 0 0 0 0 0 0 0 0 0
1 0 0 0 1 0 0 0 0 0 0 2 0 2 0 0 0 0 0 0 2 2 0 0 0 0 0 0 0 0 0 0 0 0
0 0 0 1 2 1 0 0 0 1 1 3 0 1 0 0 0 0 0 0 4 1 0 0 0 0 0 0 0 0 0 0 0 0
0 0 0 0 3 1 0 0 0 1 1 3 0 1 0 0 0 0 0 0 4 1 0 0 0 0 0 0 0 0 0 0 0 0
0 0 0 1 2 1 0 0 0 1 1 3 0 1 0 0 0 0 0 0 4 1 0 0 0 0 0 0 0 0 0 0 0 0
1 0 0 2 1 0 0 1 0 2 0 0 0 2 0 0 0 1 0 0 2 2 0 0 0 0 0 0 0 0 0 0 0 0
0 0 0 1 2 0 0 0 0 2 1 3 0 1 0 0 0 0 0 0 4 1 0 0 0 0 0 0 0 0 0 0 0 0
0 0 0 1 4 0 0 1 1 4 1 6 0 3 0 0 0 0 0 0 3 2 0 0 0 0 0 0 0 0 0 0 0 0
1 1 0 1 1 0 0 2 0 0 0 0 1 1 0 0 0 0 0 0 3 1 0 0 0 0 0 0 0 0 0 1 0 0
1 0 0 0 1 0 0 0 0 0 0 2 0 2 0 0 0 0 0 0 2 2 0 0 0 0 0 0 0 0 0 0 0 0
0 0 0 3 0 0 0 3 1 0 0 10 0 6 0 0 0 0 0 1 3 2 0 0 0 0 0 0 0 0 0 0 0 0
1 0 0 1 1 0 0 1 1 0 0 1 0 1 0 0 0 0 1 0 2 2 0 0 0 0 0 0 0 0 0 0 0 0
1 0 0 0 1 0 0 0 0 0 0 2 0 2 0 0 0 0 0 0 2 2 0 0 0 0 0 0 0 0 0 0 0 0
0 0 0 2 3 0 0 1 0 0 1 3 0 1 0 0 0 0 0 0 4 1 0 0 0 0 0 0 0 0 0 0 0 0
1 0 0 0 1 0 0 0 0 0 0 2 0 2 0 0 0 0 0 0 2 2 0 0 0 0 0 0 0 0 0 0 0 0
0 0 0 1 3 0 0 2 3 2 1 0 0 0 0 0 0 1 0 0 2 3 0 0 0 0 0 0 0 0 0 0 0 0
0 0 0 1 2 1 0 0 0 1 1 3 0 1 0 0 0 0 0 0 4 1 0 0 0 0 0 0 0 0 0 0 0 0
0 0 0 2 4 0 0 1 0 1 2 1 0 2 0 0 0 0 0 0 2 1 0 0 0 0 0 0 0 0 0 0 0 0
0 0 0 1 3 1 0 2 1 2 1 1 0 1 0 0 0 0 0 0 4 3 0 0 0 0 0 0 0 0 0 0 0 0
0 0 0 1 0 0 0 0 0 0 0 18 0 1 0 0 0 0 0 0 3 2 0 0 0 0 0 0 0 0 0 0 0 0
0 0 0 1 2 0 0 1 1 0 0 1 0 1 0 0 0 0 0 0 2 1 0 0 0 0 0 0 0 0 0 0 0 0
0 0 0 2 0 0 0 0 0 0 0 8 0 9 0 0 0 4 0 0 3 4 0 0 0 0 0 0 0 0 0 0 0 0
0 0 0 4 5 0 0 3 1 1 2 3 0 4 0 0 0 2 0 0 3 3 0 0 0 0 0 0 0 0 0 0 0 0
1 0 0 0 1 0 0 0 0 0 0 2 0 2 0 0 0 0 0 0 2 2 0 0 0 0 0 0 0 0 0 0 0 0
0 0 0 1 2 1 0 0 0 1 1 3 0 1 0 0 0 0 0 0 4 1 0 0 0 0 0 0 0 0 0 0 0 0
0 0 0 1 2 0 0 3 1 1 1 2 0 3 0 0 0 0 0 0 4 1 0 0 0 0 0 0 0 0 0 0 0 0
0 0 0 1 2 0 0 0 1 2 0 3 0 1 0 0 0 0 0 0 4 1 0 0 0 0 0 0 0 0 0 0 0 0
0 0 0 1 1 0 0 1 1 2 1 3 0 2 0 0 0 0 0 0 2 1 0 0 0 0 0 0 0 0 0 0 0 0
1 0 0 0 1 0 0 0 0 0 0 2 0 2 0 0 0 0 0 0 2 2 0 0 0 0 0 0 0 0 0 0 0 0
0 0 0 0 2 0 0 3 0 2 0 3 0 0 0 0 0 0 0 0 2 1 0 0 0 0 0 0 0 0 0 0 0 0
0 0 0 0 2 0 1 1 0 0 0 7 0 9 0 0 0 3 0 0 3 4 0 0 0 0 0 0 0 0 0 0 0 0
0 0 0 1 6 0 0 1 0 3 3 6 0 4 0 0 0 0 0 0 3 2 0 0 0 0 0 0 0 0 0 0 0 0
0 0 0 0 1 0 0 1 3 1 0 0 1 4 0 0 0 0 0 0 3 1 0 0 0 0 0 0 0 0 0 1 0 0
0 0 0 1 0 0 0 2 1 1 0 0 0 0 0 0 0 0 0 0 2 1 0 0 0 0 0 0 0 0 0 1 0 0
0 0 0 1 0 0 0 1 1 3 0 0 2 0 0 0 0 0 0 0 3 1 0 0 0 0 0 0 0 0 0 1 0 0
0 0 0 1 1 0 0 2 0 0 0 8 1 2 0 0 0 0 0 0 2 3 0 0 0 0 0 0 0 0 0 0 0 0
0 0 0 0 6 0 1 1 0 2 2 7 0 3 0 0 0 0 0 0 3 2 0 0 0 0 0 0 0 0 0 0 0 0
0 0 0 3 0 0 0 3 1 0 0 5 0 0 0 0 0 0 0 0 2 1 0 0 0 0 0 0 0 0 0 0 0 0
0 0 0 3 2 0 0 1 0 0 1 3 0 1 0 0 0 0 0 0 4 1 0 0 0 0 0 0 0 0 0 0 0 0
0 0 0 0 0 0 0 2 0 0 0 8 0 1 0 0 0 0 0 0 2 1 0 0 0 0 0 0 0 0 0 0 0 0
0 0 0 0 4 0 0 3 0 3 1 7 0 2 0 0 0 0 0 0 3 2 0 0 0 0 0 0 0 0 0 0 0 0
1 0 0 0 1 0 0 0 0 0 0 2 0 2 0 0 0 0 0 0 2 2 0 0 0 0 0 0 0 0 0 0 0 0
1 0 0 1 1 0 0 0 0 0 0 1 0 2 0 0 0 0 0 1 2 2 0 0 0 0 0 0 0 0 0 0 0 0
0 0 0 0 0 0 0 1 0 1 0 1 0 3 0 0 0 1 0 0 1 1 0 0 0 0 0 0 0 0 0 0 0 0
0 0 0 0 1 0 0 1 1 5 0 0 1 2 0 0 0 0 0 0 3 1 0 0 0 0 0 0 0 0 0 1 0 0
0 0 0 2 2 0 0 3 1 0 0 1 0 1 0 0 0 0 0 0 2 1 0 0 0 0 0 0 0 0 0 0 0 0
0 0 0 1 0 0 0 3 1 0 0 2 1 3 0 0 0 2 0 0 3 1 0 0 0 0 0 0 0 0 0 0 0 0
0 0 0 3 2 0 0 1 0 0 1 3 0 1 0 0 0 0 0 0 4 1 0 0 0 0 0 0 0 0 0 0 0 0
0 0 0 1 2 0 0 2 0 2 0 0 0 1 0 0 0 0 0 0 1 1 0 0 0 0 0 0 0 0 0 0 0 0
0 0 0 0 1 0 0 2 1 1 0 0 1 2 0 0 0 0 0 0 1 1 0 0 0 0 0 0 0 0 0 0 0 0
1 0 0 1 1 0 0 2 0 0 0 1 0 2 0 0 0 0 0 0 2 2 0 0 0 0 0 0 0 0 0 0 0 0
1 0 0 0 1 0 0 0 0 0 0 2 0 2 0 0 0 0 0 0 2 2 0 0 0 0 0 0 0 0 0 0 0 0
1 0 0 0 1 0 0 0 0 0 0 2 0 2 0 0 0 0 0 0 2 2 0 0 0 0 0 0 0 0 0 0 0 0
1 0 0 1 1 0 0 2 0 0 0 0 1 2 0 0 0 0 0 0 2 3 0 0 0 0 0 0 0 0 0 0 0 0
1 0 0 0 1 0 0 0 0 0 0 2 0 2 0 0 0 0 0 0 2 2 0 0 0 0 0 0 0 0 0 0 0 0
0 0 0 1 2 0 0 0 0 1 1 3 0 2 0 0 0 0 0 0 4 1 0 0 0 0 0 0 0 0 0 0 0 0
1 0 0 1 1 0 0 1 1 0 0 1 0 2 0 0 0 0 0 0 2 2 0 0 0 0 0 0 0 0 0 0 0 0
0 0 0 1 2 1 0 0 0 1 1 3 0 1 0 0 0 0 0 0 4 1 0 0 0 0 0 0 0 0 0 0 0 0
0 0 0 0 0 0 0 2 0 4 0 0 3 1 0 0 0 0 0 0 3 1 0 0 0 0 0 0 0 0 0 0 0 0
0 0 0 0 1 0 0 2 0 2 0 0 1 0 0 0 0 0 0 0 2 1 0 0 0 0 0 0 0 0 0 1 0 0
0 0 0 1 6 0 0 2 0 1 3 6 0 5 0 0 0 0 0 0 3 2 0 0 0 0 0 0 0 0 0 0 0 0
0 0 0 0 3 1 0 0 0 1 1 3 0 1 0 0 0 0 0 0 4 1 0 0 0 0 0 0 0 0 0 0 0 0
1 0 0 0 1 0 0 0 0 0 0 2 0 2 0 0 0 0 0 0 2 2 0 0 0 0 0 0 0 0 0 0 0 0
0 0 0 2 2 1 0 0 0 1 1 2 0 2 0 0 0 0 0 0 4 1 0 0 0 0 0 0 0 0 0 0 0 0
0 0 0 1 0 0 0 2 0 1 0 0 1 1 0 0 0 0 0 0 1 1 0 0 0 0 0 0 0 0 0 0 0 0
1 0 0 0 1 0 0 0 0 0 0 0 0 1 0 0 0 0 0 0 2 1 0 0 0 0 0 0 0 0 0 0 0 1
0 0 0 0 0 0 0 0 0 0 0 11 0 7 0 0 0 1 0 0 3 2 0 0 0 0 0 0 0 0 0 0 0 1
1 0 0 0 1 0 0 0 0 0 0 2 0 2 0 0 0 0 0 0 2 2 0 0 0 0 0 0 0 0 0 0 0 0
0 0 0 1 0 0 0 1 0 1 1 1 0 33 0 0 0 1 0 0 1 2 0 0 0 0 0 0 0 0 0 0 0 0
0 0 0 1 1 0 0 5 1 1 0 1 1 1 0 0 0 0 0 0 2 1 0 0 0 0 0 0 0 0 0 0 0 0
0 0 0 0 0 0 0 1 0 0 0 3 0 6 0 0 0 0 0 1 2 1 0 0 0 0 0 0 0 0 0 0 0 0
0 0 0 0 4 0 0 0 1 3 2 7 0 2 0 0 0 0 0 0 3 2 0 0 0 0 0 0 0 0 0 0 0 0
1 0 0 0 2 0 0 1 1 0 0 1 0 2 0 0 0 0 0 0 2 2 0 0 0 0 0 0 0 0 0 0 0 0
0 0 0 1 1 0 0 0 1 1 1 15 0 15 0 0 0 0 0 1 1 16 0 0 0 0 0 0 0 0 0 0 0 0
0 0 0 2 1 0 0 1 1 0 0 7 0 7 0 0 0 0 0 2 3 4 0 0 0 0 0 0 0 0 0 0 0 0
1 0 0 1 1 0 0 2 0 0 0 1 0 2 0 0 0 0 0 0 2 2 0 0 0 0 0 0 0 0 0 0 0 0
1 0 0 1 0 0 0 1 0 1 1 0 0 0 0 0 0 0 0 0 1 1 0 0 0 0 0 0 0 0 0 0 0 0
0 0 0 2 0 1 0 3 1 1 0 0 0 0 0 0 0 0 0 0 2 1 0 0 0 0 0 0 0 0 0 0 0 0
0 0 0 1 1 0 0 0 1 4 0 0 1 0 0 0 0 0 0 0 2 1 0 0 0 0 0 0 0 0 0 0 0 0
0 0 0 1 1 0 0 1 1 1 0 2 1 0 0 0 0 0 0 0 1 2 0 0 0 0 0 0 0 0 0 0 0 0
0 0 0 0 3 0 0 0 0 4 1 3 0 1 0 0 0 0 0 0 4 1 0 0 0 0 0 0 0 0 0 0 0 0
0 0 0 1 1 0 0 4 3 3 0 0 1 2 0 0 0 0 0 0 1 4 0 0 0 0 0 0 0 0 0 0 0 0
1 0 0 0 0 0 0 2 2 1 0 0 2 0 0 0 0 0 0 0 2 2 0 0 0 0 0 0 0 0 0 0 0 0
0 0 0 2 6 0 0 0 0 4 2 5 0 5 0 0 0 0 0 0 3 2 0 0 0 0 0 0 0 0 0 0 0 0
1 0 0 0 1 0 0 0 0 0 0 2 0 2 0 0 0 0 0 0 2 2 0 0 0 0 0 0 0 0 0 0 0 0
0 0 0 0 0 0 0 0 1 3 0 4 0 0 0 0 0 0 0 0 2 2 0 0 0 0 0 0 0 0 0 0 0 0
0 0 0 1 6 0 0 2 1 0 0 9 0 3 0 0 0 3 0 0 3 5 0 0 0 0 0 0 0 0 0 0 0 0
0 0 0 1 2 0 0 3 0 0 1 3 0 1 0 0 0 0 0 0 4 1 0 0 0 0 0 0 0 0 0 0 0 0
0 0 0 4 0 0 0 3 0 0 0 4 0 0 0 0 0 1 0 0 2 1 0 0 0 0 0 0 0 0 0 0 0 0
0 0 0 4 3 0 0 2 1 1 0 0 0 1 0 0 0 0 0 3 4 3 0 0 0 0 0 0 0 0 0 0 0 0
0 0 0 0 2 0 0 3 0 2 0 3 0 0 0 0 0 0 0 0 2 1 0 0 0 0 0 0 0 0 0 0 0 0
0 0 0 1 0 1 0 2 1 3 0 0 3 1 0 0 0 0 0 0 3 1 0 0 0 0 0 0 0 0 0 0 0 0
0 0 0 2 0 0 1 5 2 3 0 10 2 0 0 0 0 0 0 0 3 4 0 0 0 0 0 0 0 0 0 0 0 0
0 0 0 0 3 0 0 1 2 2 1 2 0 1 0 0 0 0 0 0 4 1 0 0 0 0 0 0 0 0 0 0 0 0
0 0 0 1 3 0 0 0 0 4 1 2 0 2 0 0 0 1 0 0 4 1 0 0 0 0 0 0 0 0 0 0 0 0
1 0 0 1 1 0 0 0 0 0 0 1 0 2 0 0 0 0 0 1 2 2 0 0 0 0 0 0 0 0 0 0 0 0
0 0 0 0 0 0 1 4 3 0 0 15 0 0 0 0 0 0 0 0 3 2 0 0 0 0 0 0 0 0 0 0 0 0
1 0 0 0 1 0 0 0 0 0 0 2 0 2 0 0 0 0 0 0 2 2 0 0 0 0 0 0 0 0 0 0 0 0
0 0 0 0 0 0 0 0 1 3 0 4 0 0 0 0 0 0 0 0 2 2 0 0 0 0 0 0 0 0 0 0 0 0
1 0 0 2 1 0 0 3 2 4 0 1 0 0 0 0 0 1 0 0 4 1 0 0 0 0 0 0 0 0 0 0 0 0
0 0 0 0 6 0 0 1 0 2 3 7 0 3 0 0 0 0 0 0 3 2 0 0 0 0 0 0 0 0 0 0 0 0
1 1 0 1 1 0 0 2 0 1 0 0 0 1 0 0 0 0 0 0 3 1 0 0 0 0 0 0 0 0 0 1 0 0
1 0 0 0 1 0 0 0 0 0 0 2 0 2 0 0 0 0 0 0 2 2 0 0 0 0 0 0 0 0 0 0 0 0
1 0 0 0 1 0 0 0 0 0 0 2 0 2 0 0 0 0 0 0 2 2 0 0 0 0 0 0 0 0 0 0 0 0
0 0 0 0 2 0 0 0 1 2 1 3 0 1 0 0 0 0 0 0 4 1 0 0 0 0 0 0 0 0 0 0 0 0
0 0 0 0 2 0 0 2 1 1 1 3 0 2 0 0 0 0 0 0 4 1 0 0 0 0 0 0 0 0 0 0 0 0
0 0 0 0 2 0 0 0 2 5 1 7 0 1 0 0 0 0 0 0 3 2 0 0 0 0 0 0 0 0 0 0 0 0
0 0 0 2 3 1 0 0 0 1 1 1 0 2 0 0 0 1 0 1 4 1 0 0 0 0 0 0 0 0 0 0 0 0
0 0 0 1 0 0 0 2 0 1 0 5 1 1 0 1 0 1 0 0 2 2 0 0 0 0 0 0 0 0 0 0 0 0
1 1 0 0 1 1 0 1 0 0 0 0 0 1 0 0 0 0 0 0 2 1 0 0 0 0 0 0 0 0 0 0 0 0
1 0 0 0 1 0 0 0 0 0 0 2 0 2 0 0 0 0 0 0 2 2 0 0 0 0 0 0 0 0 0 0 0 0
0 0 0 4 1 0 0 1 1 0 0 12 0 1 0 0 0 0 0 3 3 4 0 0 0 0 0 0 0 0 0 0 0 0
0 0 0 3 0 0 0 5 0 1 0 1 2 1 0 0 0 0 0 0 2 3 0 0 0 0 0 0 0 0 0 0 0 0
1 0 0 0 1 0 0 0 0 0 0 2 0 2 0 0 0 0 0 0 2 2 0 0 0 0 0 0 0 0 0 0 0 0
0 0 0 1 0 0 0 3 0 1 0 2 0 0 0 0 0 0 0 0 1 1 0 0 0 0 0 0 0 0 0 0 0 0
0 0 0 2 6 0 0 4 0 2 3 4 0 4 0 0 0 0 0 0 3 4 0 0 0 0 0 0 0 0 0 0 0 0
1 0 0 0 1 0 0 0 0 0 0 1 0 2 0 0 0 0 0 0 2 2 0 0 0 0 0 0 0 0 0 0 0 1
0 0 0 3 1 1 0 2 1 1 0 31 0 33 0 0 0 0 0 1 1 33 0 0 0 0 0 0 0 0 0 0 0 0
0 0 0 1 2 0 0 3 0 0 1 3 0 1 0 0 0 0 0 0 4 1 0 0 0 0 0 0 0 0 0 0 0 0
0 0 0 3 0 0 0 0 0 0 0 8 0 1 0 0 0 0 0 0 2 1 0 0 0 0 0 0 0 0 0 0 0 0
0 0 0 0 0 0 0 0 3 0 0 3 0 4 0 0 0 0 0 1 2 1 0 0 0 0 0 0 0 0 0 0 0 0
0 0 0 1 2 0 0 0 0 3 0 3 0 1 0 0 0 0 0 0 4 1 0 0 0 0 0 0 0 0 0 0 0 0
0 0 0 0 2 0 0 1 0 2 1 3 0 1 0 0 0 0 0 0 4 1 0 0 0 0 0 0 0 0 0 0 0 0
1 0 0 0 1 0 0 0 0 0 0 2 0 2 0 0 0 0 0 0 2 2 0 0 0 0 0 0 0 0 0 0 0 0
0 0 0 4 3 0 0 2 1 0 1 0 0 1 0 0 0 0 0 2 4 3 0 0 0 0 0 0 0 0 0 0 0 0
0 0 0 0 0 0 0 4 1 5 0 1 2 0 0 0 0 0 0 0 2 2 0 0 0 0 0 0 0 0 0 0 0 0
1 0 0 1 0 0 0 1 1 2 0 0 0 0 0 0 0 0 0 0 1 1 0 0 0 0 0 0 0 0 0 0 0 0
0 0 0 0 4 0 0 1 0 4 2 1 0 4 0 0 0 1 0 0 4 1 0 0 0 0 0 0 0 0 0 0 0 0
1 0 0 0 0 0 0 2 0 4 0 0 0 32 0 0 0 1 0 0 4 1 0 0 0 0 0 0 0 0 0 0 0 0
0 0 0 1 3 1 0 2 0 1 1 2 0 1 0 0 0 0 0 0 4 1 0 0 0 0 0 0 0 0 0 0 0 0
0 0 0 0 2 0 0 0 1 4 0 0 0 2 0 0 0 0 0 1 2 1 0 0 0 0 0 0 0 0 0 0 0 0
1 0 0 0 1 0 0 0 0 0 0 1 0 2 0 0 0 0 0 0 2 2 0 0 0 0 0 0 0 0 0 0 0 1
0 0 0 0 3 0 0 1 1 4 0 2 0 1 0 0 0 0 0 0 4 1 0 0 0 0 0 0 0 0 0 0 0 0
0 0 0 2 0 0 0 2 0 0 0 11 0 2 0 0 0 0 0 0 3 1 0 0 0 0 0 0 0 0 0 0 0 0
1 0 0 0 1 0 0 0 0 0 0 2 0 2 0 0 0 0 0 0 2 2 0 0 0 0 0 0 0 0 0 0 0 0
0 0 0 0 0 0 0 1 4 1 0 0 3 7 0 0 0 0 0 0 3 1 0 0 0 0 0 0 0 0 0 0 0 0
0 0 0 1 0 0 0 0 1 0 0 8 0 0 0 0 0 0 0 1 2 1 0 0 0 0 0 0 0 0 0 0 0 0
1 0 0 0 1 0 0 2 0 0 0 1 0 1 0 0 0 0 0 0 2 2 0 0 0 0 0 0 0 0 0 0 0 0
0 0 0 0 3 0 0 0 1 2 0 3 0 1 0 0 0 0 0 0 4 1 0 0 0 0 0 0 0 0 0 0 0 0
1 0 0 0 1 0 0 0 0 0 0 2 0 2 0 0 0 0 0 0 2 2 0 0 0 0 0 0 0 0 0 0 0 0
0 0 0 1 0 0 0 4 2 0 0 6 0 0 0 0 0 2 0 0 2 2 0 0 0 0 0 0 0 0 0 0 0 0
0 0 0 2 2 0 0 1 0 2 0 3 0 1 0 0 0 0 0 0 4 1 0 0 0 0 0 0 0 0 0 0 0 0
0 0 0 5 0 0 0 3 0 0 0 13 0 2 0 2 0 0 0 0 3 5 0 0 0 0 0 0 0 0 0 0 0 0
0 0 0 0 0 0 0 0 0 3 0 0 2 2 0 0 0 0 0 0 1 1 0 0 0 0 0 0 0 0 0 0 0 0
1 0 0 0 0 0 0 2 2 1 0 0 3 1 0 0 0 0 0 0 2 3 0 0 0 0 0 0 0 0 0 0 0 0
0 0 0 1 0 1 0 2 3 1 0 0 3 1 0 0 0 0 0 0 3 1 0 0 0 0 0 0 0 0 0 0 0 0
0 0 0 1 4 0 0 1 0 0 1 3 0 1 0 0 0 0 0 0 4 1 0 0 0 0 0 0 0 0 0 0 0 0
0 0 0 4 1 0 0 3 0 0 0 4 0 0 0 0 0 1 0 1 2 3 0 0 0 0 0 0 0 0 0 0 0 0
0 0 0 2 0 0 0 0 3 1 0 1 1 0 0 0 0 0 0 0 2 1 0 0 0 0 0 0 0 0 0 0 0 0
0 0 0 1 2 0 0 0 0 0 0 7 0 1 0 0 0 1 0 1 2 1 0 0 0 0 0 0 0 0 0 0 0 0
0 0 0 1 0 0 0 2 0 3 0 0 4 1 0 0 0 0 0 0 3 1 0 0 0 0 0 0 0 0 0 0 0 0
1 0 0 0 1 0 0 0 0 0 0 2 0 2 0 0 0 0 0 0 2 2 0 0 0 0 0 0 0 0 0 0 0 0
0 0 0 2 0 0 0 5 1 0 0 4 0 2 0 0 0 0 0 0 3 1 0 0 0 0 0 0 0 0 0 0 0 0
0 0 0 0 0 0 0 1 0 2 0 0 4 6 0 0 0 0 0 0 1 4 0 0 0 0 0 0 0 0 0 0 0 0
0 0 0 0 2 0 0 3 0 2 0 3 0 0 0 0 0 0 0 0 2 1 0 0 0 0 0 0 0 0 0 0 0 0
1 1 0 0 2 0 0 2 0 0 0 0 0 2 0 0 0 0 0 0 3 1 0 0 0 0 0 0 0 0 0 1 0 0
0 0 0 2 3 0 0 1 1 1 1 1 0 3 0 0 0 0 0 0 4 1 0 0 0 0 0 0 0 0 0 0 0 0
0 0 0 3 0 0 0 4 0 0 0 8 0 8 0 0 0 2 0 0 3 4 0 0 0 0 0 0 0 0 0 0 0 0
0 0 0 0 0 0 0 0 0 1 0 5 0 1 0 0 0 0 0 0 1 1 0 0 0 0 0 0 0 0 0 0 0 0
0 0 0 1 3 0 1 2 4 1 1 0 0 0 0 0 0 0 0 0 2 3 0 0 0 0 0 0 0 0 0 0 0 0
1 0 0 1 1 0 0 0 0 0 0 1 0 2 0 0 0 0 0 1 2 2 0 0 0 0 0 0 0 0 0 0 0 0
1 0 0 0 1 0 0 0 0 0 0 2 0 2 0 0 0 0 0 0 2 2 0 0 0 0 0 0 0 0 0 0 0 0
0 0 0 0 4 0 0 1 1 2 0 2 0 2 0 0 0 0 0 0 4 1 0 0 0 0 0 0 0 0 0 0 0 0
0 0 0 4 0 0 0 4 2 1 0 3 2 0 0 0 0 0 0 0 2 2 0 0 0 0 0 0 0 0 0 0 0 0
0 0 0 6 0 0 0 3 1 0 1 6 0 2 0 0 0 5 0 3 3 5 0 0 0 0 0 0 0 0 0 0 0 0
0 0 0 0 1 0 0 2 1 1 0 1 0 0 0 0 0 1 0 0 2 1 0 0 0 0 0 0 0 0 0 1 0 0
0 0 0 0 3 0 0 0 1 1 1 3 0 1 0 0 0 0 0 0 4 1 0 0 0 0 0 0 0 0 0 0 0 0
1 0 0 0 1 0 0 0 0 0 0 2 0 2 0 0 0 0 0 0 2 2 0 0 0 0 0 0 0 0 0 0 0 0
1 0 0 0 1 0 0 0 0 0 0 2 0 2 0 0 0 0 0 0 2 2 0 0 0 0 0 0 0 0 0 0 0 0
0 0 0 0 0 0 0 10 0 3 0 9 1 2 0 0 0 0 0 0 3 4 0 0 0 0 0 0 0 0 0 0 0 0
0 0 0 1 0 0 0 1 4 1 0 0 1 1 0 0 0 0 0 0 2 2 0 0 0 0 0 0 0 0 0 0 0 0
1 0 0 0 1 0 0 0 0 0 0 2 0 2 0 0 0 0 0 0 2 2 0 0 0 0 0 0 0 0 0 0 0 0
0 0 0 0 3 1 0 0 0 1 1 3 0 1 0 0 0 0 0 0 4 1 0 0 0 0 0 0 0 0 0 0 0 0
1 0 0 0 2 0 0 1 1 0 0 1 0 2 0 0 0 0 0 0 2 2 0 0 0 0 0 0 0 0 0 0 0 0
0 0 0 4 0 0 0 2 2 1 0 2 0 3 0 0 0 1 0 0 2 2 0 0 0 0 0 0 0 0 0 0 0 0
1 0 0 0 1 0 0 0 0 0 0 2 0 2 0 0 0 0 0 0 2 2 0 0 0 0 0 0 0 0 0 0 0 0
0 0 0 1 2 0 0 0 0 1 1 3 0 2 0 0 0 0 0 0 4 1 0 0 0 0 0 0 0 0 0 0 0 0
0 0 0 1 0 0 0 3 0 0 0 7 0 7 0 0 0 0 0 0 3 2 0 0 0 0 0 0 0 0 0 0 0 1
1 0 0 0 0 0 0 1 0 0 0 1 0 1 0 0 0 0 0 0 2 1 0 0 0 0 0 0 0 0 0 0 0 0
0 0 0 1 3 0 1 0 0 1 1 2 0 1 0 0 0 0 0 0 4 1 0 0 0 0 0 0 0 0 0 0 0 1
1 0 0 0 1 0 0 0 0 0 0 2 0 2 0 0 0 0 0 0 2 2 0 0 0 0 0 0 0 0 0 0 0 0
0 0 0 0 0 0 0 5 1 0 0 4 0 1 0 0 0 0 0 0 2 1 0 0 0 0 0 0 0 0 0 0 0 0
0 0 0 1 1 0 0 2 0 1 0 1 0 0 0 0 0 0 0 0 2 1 0 0 0 0 0 0 0 0 0 0 0 0
0 0 0 3 0 0 0 2 2 1 0 5 0 3 0 0 0 0 0 0 2 2 0 0 0 0 0 0 0 0 0 0 0 0
1 0 0 0 2 0 0 0 0 0 0 1 0 2 0 0 0 0 0 1 2 2 0 0 0 0 0 0 0 0 0 0 0 0
1 0 0 0 1 0 0 1 1 0 1 0 0 130 0 0 0 2 0 0 2 2 0 0 0 0 0 0 0 0 0 0 0 0
0 0 0 3 3 0 0 2 0 0 1 2 0 2 0 0 0 0 0 0 4 1 0 0 0 0 0 0 0 0 0 0 0 0
0 0 0 2 0 0 0 3 0 0 0 14 0 2 0 0 0 1 0 0 3 4 0 0 0 0 0 0 0 0 0 0 0 0
0 0 0 2 0 0 0 0 0 1 0 3 0 5 0 0 0 0 0 0 2 1 0 0 0 0 0 0 0 0 0 0 0 0
0 0 0 1 0 0 0 1 1 0 0 17 0 0 0 0 0 0 0 2 3 4 0 0 0 0 0 0 0 0 0 0 0 0
0 0 0 3 2 1 0 1 3 2 0 30 0 34 0 0 0 1 0 0 1 34 0 0 0 0 0 0 0 0 0 0 0 0
0 0 0 1 7 0 1 2 0 3 3 5 0 4 0 0 0 0 0 0 3 2 0 0 0 0 0 0 0 0 0 0 0 0
0 0 0 1 0 0 0 5 0 1 0 12 0 2 0 0 0 0 0 0 3 2 0 0 0 0 0 0 0 0 0 0 0 0
0 0 0 0 0 0 0 0 1 2 0 3 0 0 0 0 0 0 0 0 2 1 0 0 0 0 0 0 0 0 0 0 0 0
0 0 0 2 3 0 0 1 0 0 1 3 0 1 0 0 0 0 0 0 4 1 0 0 0 0 0 0 0 0 0 0 0 0
0 0 0 0 2 1 0 1 0 1 1 3 0 1 0 0 0 0 0 0 3 1 0 0 0 0 0 0 0 0 0 0 0 0
0 0 0 1 2 0 0 3 0 0 1 3 0 1 0 0 0 0 0 0 4 1 0 0 0 0 0 0 0 0 0 0 0 0
0 0 0 2 2 0 0 1 0 0 2 2 0 1 0 0 0 0 0 0 4 1 0 0 0 0 0 0 0 0 0 0 0 1
0 0 0 3 1 0 0 4 0 0 0 11 0 3 0 0 0 0 0 0 3 5 0 0 0 0 0 0 0 0 0 0 0 1
0 0 0 0 0 0 0 0 0 1 1 0 4 3 0 0 0 0 0 0 1 3 0 0 0 0 0 0 0 0 0 0 0 0
1 0 0 0 1 0 0 2 0 1 0 0 1 0 0 0 0 0 0 0 2 2 0 0 0 0 0 0 0 0 0 0 0 0
0 0 0 1 1 0 0 1 4 0 0 0 1 2 0 1 0 1 0 0 2 2 0 0 0 0 0 0 0 0 0 0 0 0
1 0 0 0 1 0 0 0 0 0 0 2 0 2 0 0 0 0 0 0 2 2 0 0 0 0 0 0 0 0 0 0 0 0
0 0 0 1 1 0 1 2 1 1 0 0 3 2 0 0 0 0 0 0 3 2 0 0 0 0 0 0 0 0 0 1 0 0
0 0 0 1 0 0 0 2 2 2 0 0 1 2 0 0 0 0 0 0 2 1 0 0 0 0 0 0 0 0 0 0 0 0
0 0 0 0 0 0 0 3 0 4 0 0 2 1 0 0 0 0 0 0 3 1 0 0 0 0 0 0 0 0 0 0 0 0
0 0 0 0 4 0 0 1 0 0 0 7 0 1 0 0 0 0 0 0 2 1 0 0 0 0 0 0 0 0 0 0 0 0
0 0 0 1 1 0 0 5 0 1 0 2 0 1 0 0 0 0 0 0 2 1 0 0 0 0 0 0 0 0 0 0 0 0
1 1 0 1 1 0 0 2 0 1 0 0 1 0 0 0 0 0 0 0 3 1 0 0 0 0 0 0 0 0 0 1 0 0
1 0 0 0 1 0 0 0 0 0 0 2 0 2 0 0 0 0 0 0 2 2 0 0 0 0 0 0 0 0 0 0 0 0
1 0 0 0 1 0 0 0 0 0 0 2 0 2 0 0 0 0 0 0 2 2 0 0 0 0 0 0 0 0 0 0 0 0
0 0 0 0 3 1 0 0 0 1 1 3 0 1 0 0 0 0 0 0 4 1 0 0 0 0 0 0 0 0 0 0 0 0
1 0 0 0 0 0 0 1 1 2 0 0 0 65 0 0 0 1 0 0 1 2 0 0 0 0 0 0 0 0 0 0 0 0
0 0 0 1 2 0 0 0 0 2 1 3 0 1 0 0 0 0 0 0 4 1 0 0 0 0 0 0 0 0 0 0 0 0
0 0 0 2 1 0 0 0 0 0 0 5 0 0 0 0 0 1 0 1 2 1 0 0 0 0 0 0 0 0 0 0 0 1
0 0 0 2 3 0 0 3 2 0 0 5 0 6 0 0 0 0 0 2 3 4 0 0 0 0 0 0 0 0 0 0 0 0
0 0 0 0 9 0 0 5 0 1 3 3 0 4 0 0 0 0 0 2 3 4 0 0 0 0 0 0 0 0 0 0 0 0
0 0 0 0 0 0 0 0 1 2 0 3 0 0 0 0 0 0 0 0 2 1 0 0 0 0 0 0 0 0 0 0 0 0
0 0 0 4 2 0 0 2 1 1 0 2 0 1 0 0 0 0 0 0 4 1 0 0 0 0 0 0 0 0 0 0 0 0
1 0 0 0 1 0 0 0 0 0 0 2 0 2 0 0 0 0 0 0 2 2 0 0 0 0 0 0 0 0 0 0 0 0
0 0 0 1 3 0 0 1 0 2 0 3 0 1 0 0 0 0 0 0 4 1 0 0 0 0 0 0 0 0 0 0 0 0
0 0 0 2 1 0 0 0 0 3 1 3 0 2 0 0 0 0 0 0 2 1 0 0 0 0 0 0 0 0 0 0 0 0
0 0 0 0 0 0 0 1 4 0 0 0 1 2 0 0 0 0 0 0 2 2 0 0 0 0 0 0 0 0 0 0 0 0
1 0 0 0 1 0 0 0 0 0 0 2 0 2 0 0 0 0 0 0 2 2 0 0 0 0 0 0 0 0 0 0 0 0
0 0 0 1 2 0 0 0 0 2 1 3 0 1 0 0 0 0 0 0 4 1 0 0 0 0 0 0 0 0 0 0 0 0
0 0 0 0 1 0 0 1 2 1 0 0 1 2 0 0 0 0 0 0 3 1 0 0 0 0 0 0 0 0 0 1 0 0
0 0 0 0 1 0 0 0 1 3 1 0 0 2 0 0 0 0 0 0 3 1 0 0 0 0 0 0 0 0 0 1 0 0
0 0 0 3 2 0 0 2 1 0 2 2 0 1 0 0 0 0 0 0 4 1 0 0 0 0 0 0 0 0 0 0 0 0
0 0 0 1 0 0 0 2 0 2 0 0 1 1 0 0 0 0 0 0 1 1 0 0 0 0 0 0 0 0 0 0 0 0
1 0 0 1 1 0 0 0 0 1 0 1 0 2 0 0 0 1 0 0 2 2 0 0 0 0 0 0 0 0 0 0 0 0
0 0 0 1 1 0 0 0 0 4 0 0 2 1 0 0 0 0 0 0 1 2 0 0 0 0 0 0 0 0 0 1 0 0
0 0 0 0 0 0 0 0 1 2 0 0 2 2 0 0 0 0 0 0 1 1 0 0 0 0 0 0 0 0 0 0 0 0
0 0 0 5 2 0 0 3 1 1 0 1 0 2 0 0 0 0 0 0 4 1 0 0 0 0 0 0 0 0 0 0 0 0
0 0 0 0 0 0 0 1 0 2 1 9 0 5 0 0 0 1 0 0 3 2 0 0 0 0 0 0 0 0 0 0 0 0
0 0 0 2 3 0 0 1 0 0 1 3 0 1 0 0 0 0 0 0 4 1 0 0 0 0 0 0 0 0 0 0 0 0
0 0 0 0 1 0 0 1 1 3 1 0 1 1 0 0 0 0 0 0 3 1 0 0 0 0 0 0 0 0 0 0 0 0
0 0 0 1 2 0 0 2 1 2 1 2 0 2 0 0 0 1 0 1 3 1 0 0 0 0 0 0 0 0 0 0 0 0
0 0 0 3 3 0 0 2 1 0 1 2 0 1 0 0 0 0 0 0 4 1 0 0 0 0 0 0 0 0 0 0 0 0
0 0 0 4 0 0 0 3 1 0 0 4 0 1 0 0 0 1 0 0 3 1 0 0 0 0 0 0 0 0 0 0 0 0
0 0 0 1 1 0 1 2 1 1 0 0 3 2 0 0 0 0 0 0 3 2 0 0 0 0 0 0 0 0 0 1 0 0
0 0 0 1 2 1 0 0 0 1 1 3 0 1 0 0 0 0 0 0 4 1 0 0 0 0 0 0 0 0 0 0 0 0
0 0 0 0 0 0 0 0 0 0 0 10 0 9 0 0 0 0 0 0 3 2 0 0 0 0 0 0 0 0 0 0 0 0
0 0 0 0 0 0 0 2 0 0 0 9 0 0 0 0 0 0 0 0 2 1 0 0 0 0 0 0 0 0 0 0 0 0
0 0 0 1 0 0 0 5 1 0 0 4 0 1 0 0 0 0 0 0 2 1 0 0 0 0 0 0 0 0 0 0 0 0
0 0 0 0 0 0 0 1 0 0 0 12 0 1 0 0 0 1 0 0 3 1 0 0 0 0 0 0 0 0 0 0 0 0
1 0 0 0 1 0 0 0 0 0 0 1 0 2 0 0 0 0 0 0 2 2 0 0 0 0 0 0 0 0 0 0 0 1
0 0 0 0 2 0 0 2 1 1 1 3 0 2 0 0 0 0 0 0 4 1 0 0 0 0 0 0 0 0 0 0 0 0
0 0 0 1 2 1 0 0 0 1 1 3 0 1 0 0 0 0 0 0 4 1 0 0 0 0 0 0 0 0 0 0 0 0
0 0 0 2 0 0 0 0 0 0 0 8 0 11 0 0 0 1 0 0 3 2 0 0 0 0 0 0 0 0 0 0 0 0
1 0 0 0 1 0 0 0 0 0 0 2 0 2 0 0 0 0 0 0 2 2 0 0 0 0 0 0 0 0 0 0 0 0
0 0 0 0 3 0 0 0 1 1 1 3 0 1 0 0 0 0 0 0 4 1 0 0 0 0 0 0 0 0 0 0 0 0
0 0 0 1 3 0 0 1 2 2 0 2 0 1 0 0 0 0 0 0 4 1 0 0 0 0 0 0 0 0 0 0 0 0
0 0 0 1 3 0 1 0 0 1 1 3 0 1 0 0 0 0 0 0 4 1 0 0 0 0 0 0 0 0 0 0 0 0
0 0 0 1 1 0 1 0 0 2 1 3 0 0 0 0 0 1 0 0 3 1 0 0 0 0 0 0 0 0 0 0 0 0
1 0 0 1 0 0 0 2 0 1 0 0 1 1 0 0 0 0 0 0 2 2 0 0 0 0 0 0 0 0 0 0 0 0
0 0 0 1 0 1 0 0 0 2 1 3 0 0 0 0 0 1 0 0 3 1 0 0 0 0 0 0 0 0 0 0 0 0
1 0 0 0 1 0 0 0 0 0 0 2 0 2 0 0 0 0 0 0 2 2 0 0 0 0 0 0 0 0 0 0 0 0
0 0 0 3 2 0 0 1 2 2 0 0 0 1 0 0 0 0 0 2 4 3 0 0 0 0 0 0 0 0 0 0 0 0
0 0 0 2 0 0 0 1 2 0 0 6 0 7 0 0 0 2 0 1 3 2 0 0 0 0 0 0 0 0 0 0 0 1
0 0 0 0 0 0 0 2 1 2 2 1 0 1 0 0 0 0 0 1 2 1 0 0 0 0 0 0 0 0 0 0 0 0
0 0 0 2 2 0 0 1 0 0 2 3 0 1 0 0 0 0 0 0 4 1 0 0 0 0 0 0 0 0 0 0 0 0
0 0 0 1 3 0 0 2 3 2 1 0 0 0 0 0 0 1 0 0 2 3 0 0 0 0 0 0 0 0 0 0 0 0
1 0 0 0 1 0 0 0 0 1 0 1 0 2 0 0 0 0 0 0 2 2 0 0 0 0 0 0 0 0 0 0 0 0
0 0 0 0 0 0 0 0 1 2 0 3 0 0 0 0 0 0 0 0 2 1 0 0 0 0 0 0 0 0 0 0 0 0
1 0 0 1 1 0 0 2 0 0 0 1 0 2 0 0 0 0 0 0 2 2 0 0 0 0 0 0 0 0 0 0 0 0
0 0 0 0 2 0 0 2 1 1 1 3 0 2 0 0 0 0 0 0 4 1 0 0 0 0 0 0 0 0 0 0 0 0
0 0 0 4 1 0 0 1 0 0 0 6 0 2 0 0 0 0 0 0 2 1 0 0 0 0 0 0 0 0 0 0 0 0
1 0 0 0 1 0 0 0 0 0 0 2 0 2 0 0 0 0 0 0 2 2 0 0 0 0 0 0 0 0 0 0 0 0
0 0 0 0 0 0 0 0 6 1 0 0 1 0 0 0 0 0 0 0 1 2 0 0 0 0 0 0 0 0 0 0 0 0
1 0 0 0 1 0 0 2 2 1 0 0 1 1 0 0 0 0 0 0 2 3 0 0 0 0 0 0 0 0 0 0 0 0
0 0 0 1 3 0 0 0 0 3 0 1 0 2 0 0 0 2 0 0 4 2 0 0 0 0 0 0 0 0 0 0 0 0
0 0 0 1 0 0 0 1 0 1 0 0 1 1 0 0 0 0 0 0 1 1 0 0 0 0 0 0 0 0 0 0 0 0
0 0 0 0 2 0 0 1 1 2 1 2 0 1 0 0 0 2 0 0 2 2 0 0 0 0 0 0 0 0 0 0 0 0
0 0 0 1 0 0 0 1 2 0 0 6 0 0 0 0 0 0 0 2 2 1 0 0 0 0 0 0 0 0 0 0 0 0
0 0 0 0 1 0 0 3 7 1 0 0 1 1 0 0 0 0 0 0 2 3 0 0 0 0 0 0 0 0 0 0 0 0
1 0 0 6 0 0 0 6 67 32 0 61 0 2 0 0 0 1 0 0 1 67 0 0 0 0 0 0 0 0 0 0 0 0
0 0 0 1 6 0 0 2 0 4 1 6 0 4 0 0 0 0 0 0 3 2 0 0 0 0 0 0 0 0 0 0 0 0
0 0 0 0 0 0 0 3 0 0 0 4 0 6 0 0 0 0 0 0 3 1 0 0 0 0 0 0 0 0 0 0 0 1
0 0 0 2 0 0 0 2 0 0 0 8 0 10 0 0 0 0 0 0 3 2 0 0 0 0 0 0 0 0 0 0 0 0
0 0 0 0 2 0 0 0 0 0 0 7 0 1 0 0 0 0 0 0 2 1 0 0 0 0 0 0 0 0 0 0 0 1
0 0 0 0 3 1 0 0 0 1 1 3 0 1 0 0 0 0 0 0 4 1 0 0 0 0 0 0 0 0 0 0 0 0
0 0 0 1 0 0 0 1 0 2 1 0 0 31 0 0 0 1 0 0 1 1 0 0 0 0 0 0 0 0 0 0 0 0
1 0 0 0 1 0 0 0 0 0 0 2 0 2 0 0 0 0 0 0 2 2 0 0 0 0 0 0 0 0 0 0 0 0
0 0 0 1 2 1 0 0 0 1 1 3 0 1 0 0 0 0 0 0 4 1 0 0 0 0 0 0 0 0 0 0 0 0
0 0 0 0 1 1 0 3 0 2 0 0 1 1 0 0 0 0 0 0 2 1 0 0 0 0 0 0 0 0 0 0 0 0
0 0 0 2 6 0 0 4 0 1 3 4 0 5 0 0 0 0 0 0 3 4 0 0 0 0 0 0 0 0 0 0 0 0
0 0 0 1 0 0 0 4 2 1 0 2 0 1 0 0 0 0 0 0 2 1 0 0 0 0 0 0 0 0 0 0 0 0
1 0 0 0 1 0 0 0 0 0 0 2 0 2 0 0 0 0 0 0 2 2 0 0 0 0 0 0 0 0 0 0 0 0
0 0 0 1 0 0 1 2 0 2 0 0 1 1 0 0 0 0 0 0 2 1 0 0 0 0 0 0 0 0 0 1 0 0
0 0 0 2 0 0 0 0 0 0 0 8 0 11 0 0 0 2 0 0 3 2 0 0 0 0 0 0 0 0 0 0 0 0
0 0 0 2 3 0 0 1 0 0 2 2 0 2 0 0 0 0 0 0 4 1 0 0 0 0 0 0 0 0 0 0 0 0
0 0 0 2 2 0 0 0 0 1 0 3 0 3 0 0 0 3 0 1 2 3 0 0 0 0 0 0 0 0 0 0 0 0
0 0 0 0 3 0 0 0 1 2 1 2 0 1 0 0 0 0 0 1 4 1 0 0 0 0 0 0 0 0 0 0 0 0
1 0 0 0 1 0 0 0 0 0 0 0 0 1 0 0 0 0 0 0 2 1 0 0 0 0 0 0 0 0 0 0 0 1
1 0 0 0 2 0 0 0 0 0 0 1 0 3 0 0 0 1 0 0 2 2 0 0 0 0 0 0 0 0 0 0 0 0
0 0 0 3 0 0 0 4 1 0 0 1 2 3 0 0 0 0 0 0 3 2 0 0 0 0 0 0 0 0 0 0 0 0
1 0 0 0 1 0 0 0 0 0 0 2 0 2 0 0 0 0 0 0 2 2 0 0 0 0 0 0 0 0 0 0 0 0
0 0 0 1 2 0 0 2 0 0 0 13 0 1 0 0 0 1 0 2 3 3 0 0 0 0 0 0 0 0 0 0 0 0
1 0 0 0 1 0 0 0 0 0 0 2 0 2 0 0 0 0 0 0 2 2 0 0 0 0 0 0 0 0 0 0 0 0
0 0 0 6 1 0 0 8 0 1 0 5 0 2 0 0 0 0 0 0 3 6 0 0 0 0 0 0 0 0 0 0 0 0
0 0 0 2 0 0 0 1 0 0 0 3 0 5 0 0 0 0 0 0 2 1 0 0 0 0 0 0 0 0 0 0 0 0
0 0 0 1 4 0 1 3 1 0 1 1 0 1 0 0 0 0 0 0 4 1 0 0 0 0 0 0 0 0 0 0 0 0
0 0 0 2 0 0 0 2 1 1 0 0 0 0 0 0 0 1 0 0 2 1 0 0 0 0 0 0 0 0 0 1 0 0
1 0 0 0 2 0 0 0 0 0 0 1 0 2 0 0 0 0 0 1 2 2 0 0 0 0 0 0 0 0 0 0 0 0
0 0 0 0 4 0 0 1 1 2 1 1 0 2 0 0 0 0 0 1 2 1 0 0 0 0 0 0 0 0 0 0 0 0
0 0 0 3 2 0 0 3 0 2 1 0 0 2 0 0 0 0 0 0 4 3 0 0 0 0 0 0 0 0 0 0 0 0
0 0 0 1 2 1 0 0 0 1 1 3 0 1 0 0 0 0 0 0 4 1 0 0 0 0 0 0 0 0 0 0 0 0
0 0 0 2 6 0 0 2 0 2 3 5 0 6 0 0 0 0 0 0 3 2 0 0 0 0 0 0 0 0 0 0 0 0
0 0 0 3 1 0 0 1 1 0 0 5 0 10 0 0 0 0 0 2 3 4 0 0 0 0 0 0 0 0 0 0 0 0
1 0 0 0 1 0 0 0 0 0 0 2 0 2 0 0 0 0 0 0 2 2 0 0 0 0 0 0 0 0 0 0 0 0
0 0 0 0 2 0 0 0 0 4 0 3 0 1 0 0 0 0 0 0 4 1 0 0 0 0 0 0 0 0 0 0 0 0
1 0 0 0 1 0 0 0 0 0 0 2 0 2 0 0 0 0 0 0 2 2 0 0 0 0 0 0 0 0 0 0 0 0
0 0 0 0 2 0 0 3 0 3 0 0 0 2 0 0 0 0 0 0 2 1 0 0 0 0 0 0 0 0 0 0 0 0
0 0 0 3 0 0 0 3 1 0 0 13 0 0 0 0 0 0 0 0 3 2 0 0 0 0 0 0 0 0 0 0 0 0
0 0 0 0 0 0 0 2 0 0 0 7 0 2 0 0 0 1 0 0 2 1 0 0 0 0 0 0 0 0 0 0 0 0
1 0 0 0 1 0 0 0 0 0 0 2 0 2 0 0 0 0 0 0 2 2 0 0 0 0 0 0 0 0 0 0 0 0
0 0 0 1 2 0 0 3 0 0 1 3 0 1 0 0 0 0 0 0 4 1 0 0 0 0 0 0 0 0 0 0 0 0
0 0 0 2 0 0 0 2 1 1 0 0 0 0 0 0 0 0 0 0 1 1 0 0 0 0 0 0 0 0 0 0 0 0
0 0 0 0 3 1 0 0 0 1 1 3 0 1 0 0 0 0 0 0 4 1 0 0 0 0 0 0 0 0 0 0 0 0
0 0 0 0 1 0 1 3 0 1 0 0 1 1 0 0 0 0 0 0 2 1 0 0 0 0 0 0 0 0 0 1 0 0
0 0 0 2 0 0 0 3 0 0 0 5 0 0 0 0 0 0 0 0 2 1 0 0 0 0 0 0 0 0 0 0 0 0
0 0 0 5 5 0 0 0 0 0 0 5 0 3 0 0 0 1 0 0 4 1 0 0 0 0 0 0 0 0 0 0 0 0
0 0 0 1 3 0 0 2 2 3 2 6 0 2 0 0 0 0 0 0 3 2 0 0 0 0 0 0 0 0 0 0 0 0
0 0 0 0 4 0 0 0 1 3 2 7 0 2 0 0 0 0 0 0 3 2 0 0 0 0 0 0 0 0 0 0 0 0
1 0 0 0 0 0 0 0 1 2 0 1 0 0 0 0 0 0 0 0 1 1 0 0 0 0 0 0 0 0 0 0 0 0
0 0 0 1 3 0 0 2 1 1 2 0 0 1 0 0 0 0 0 2 4 3 0 0 0 0 0 0 0 0 0 0 0 0
0 0 0 0 3 1 0 0 0 1 0 3 0 1 0 0 0 0 0 0 4 1 0 0 0 0 0 0 0 0 0 0 0 0
0 0 0 1 0 0 0 0 0 3 0 0 2 1 0 0 0 0 0 0 1 1 0 0 0 0 0 0 0 0 0 0 0 0
0 0 0 1 0 0 0 5 0 0 0 10 0 4 0 0 0 1 0 0 4 1 0 0 0 0 0 0 0 0 0 0 0 0
0 0 0 1 0 0 0 1 0 1 1 0 2 8 0 0 0 0 0 0 1 1 0 0 0 0 0 0 0 0 0 0 0 0
0 0 0 0 0 0 0 0 0 0 0 5 0 10 0 0 0 2 0 0 3 2 0 0 0 0 0 0 0 0 0 0 0 0
1 0 0 1 1 0 0 1 0 0 0 1 0 2 0 0 0 1 0 0 2 2 0 0 0 0 0 0 0 0 0 0 0 0
1 0 0 0 2 0 0 1 0 0 0 1 0 2 0 0 0 0 0 0 2 2 0 0 0 0 0 0 0 0 0 0 0 0
0 0 0 0 0 0 0 1 2 4 0 2 0 0 0 0 0 2 0 0 2 2 0 0 0 0 0 0 0 0 0 0 0 0
1 0 0 0 1 0 0 0 0 0 0 2 0 2 0 0 0 0 0 0 2 2 0 0 0 0 0 0 0 0 0 0 0 0
0 0 0 2 3 0 0 1 1 3 0 0 0 1 0 0 0 0 0 2 4 3 0 0 0 0 0 0 0 0 0 0 0 0
0 0 0 0 0 0 0 0 1 2 0 2 0 1 0 0 0 2 0 0 1 2 0 0 0 0 0 0 0 0 0 0 0 0
1 0 0 0 0 0 0 0 1 2 0 1 0 0 0 0 0 0 0 0 1 1 0 0 0 0 0 0 0 0 0 0 0 0
0 0 0 0 0 0 0 2 7 2 0 0 1 1 0 0 0 0 0 0 2 2 0 0 0 0 0 0 0 0 0 0 0 0
0 1 0 1 0 0 0 0 1 2 0 0 0 0 0 0 0 0 0 0 2 1 0 0 0 0 0 0 0 0 0 0 0 0
0 0 0 2 0 0 0 0 0 0 0 15 0 2 0 0 0 3 0 0 3 4 0 0 0 0 0 0 0 0 0 0 0 1
0 0 0 1 0 0 0 6 2 4 0 10 0 2 0 0 0 1 0 0 3 4 0 0 0 0 0 0 0 0 0 0 0 0
0 0 0 0 1 0 0 5 2 0 0 6 0 1 0 0 0 1 0 1 3 1 0 0 0 0 0 0 0 0 0 0 0 0
0 0 0 0 0 0 1 2 0 4 0 2 3 1 0 0 0 0 0 0 3 2 0 0 0 0 0 0 0 0 0 0 0 0
0 0 0 1 0 0 1 1 0 0 0 7 0 0 0 0 0 1 0 0 2 1 0 0 0 0 0 0 0 0 0 0 0 0
0 0 0 2 2 0 0 1 2 3 2 19 0 32 0 0 0 1 0 0 2 23 0 0 0 0 0 0 0 0 0 0 0 0
1 0 0 0 1 0 0 0 0 0 0 2 0 2 0 0 0 0 0 0 2 2 0 0 0 0 0 0 0 0 0 0 0 0
0 0 0 2 2 0 0 1 2 2 0 0 0 1 0 0 0 0 0 2 4 3 0 0 0 0 0 0 0 0 0 0 0 0
0 0 0 1 2 1 0 0 0 1 1 3 0 1 0 0 0 0 0 0 4 1 0 0 0 0 0 0 0 0 0 0 0 0
0 0 0 1 2 1 0 0 0 1 1 3 0 1 0 0 0 0 0 0 4 1 0 0 0 0 0 0 0 0 0 0 0 0
0 0 0 1 0 0 0 0 0 0 0 9 0 10 0 0 0 0 0 0 3 2 0 0 0 0 0 0 0 0 0 0 0 0
0 0 0 3 0 0 0 4 0 1 0 1 2 2 0 0 0 0 0 0 2 2 0 0 0 0 0 0 0 0 0 0 0 0
0 0 0 2 0 0 0 4 0 0 0 8 0 9 0 0 0 0 0 0 3 2 0 0 0 0 0 0 0 0 0 0 0 0
0 0 0 0 2 0 0 3 0 2 0 3 0 0 0 0 0 0 0 0 2 1 0 0 0 0 0 0 0 0 0 0 0 0
0 0 0 2 1 0 0 6 0 0 0 9 0 2 0 0 0 0 0 2 3 5 0 0 0 0 0 0 0 0 0 0 0 0
0 0 0 1 1 0 0 0 1 3 0 0 1 3 0 0 0 0 0 0 3 2 0 0 0 0 0 0 0 0 0 1 0 0
1 0 0 1 1 0 0 1 1 0 0 1 0 2 0 0 0 0 0 0 2 2 0 0 0 0 0 0 0 0 0 0 0 0
0 0 0 0 0 0 0 0 1 3 0 3 0 0 0 0 0 0 0 0 1 1 0 0 0 0 0 0 0 0 0 0 0 0
1 1 0 1 1 0 0 2 0 0 0 0 1 1 0 0 0 0 0 0 3 1 0 0 0 0 0 0 0 0 0 1 0 0
0 0 0 3 0 0 0 6 3 0 0 7 0 2 0 0 0 1 0 0 3 3 0 0 0 0 0 0 0 0 0 0 0 0
0 0 0 4 2 0 0 1 0 0 0 6 0 7 0 0 0 1 0 0 3 2 0 0 0 0 0 0 0 0 0 0 0 0
0 0 0 1 2 0 0 1 1 2 2 2 0 1 0 0 0 0 0 0 4 1 0 0 0 0 0 0 0 0 0 0 0 0
0 0 0 1 0 1 0 1 3 3 0 0 2 1 0 0 0 0 0 0 3 1 0 0 0 0 0 0 0 0 0 0 0 0
0 0 0 0 3 0 0 0 0 4 1 3 0 1 0 0 0 0 0 0 4 1 0 0 0 0 0 0 0 0 0 0 0 0
0 0 0 0 0 0 0 4 0 0 0 3 0 3 0 0 0 0 0 0 2 1 0 0 0 0 0 0 0 0 0 0 0 0
0 0 0 0 0 0 0 2 2 1 0 8 2 1 0 0 0 0 0 0 2 3 0 0 0 0 0 0 0 0 0 0 0 0
1 0 0 1 0 0 0 0 1 0 1 3 0 0 0 0 0 0 0 0 2 1 0 0 0 0 0 0 0 0 0 0 0 0
0 0 0 2 0 0 0 1 1 0 0 8 0 0 0 0 0 0 0 0 2 1 0 0 0 0 0 0 0 0 0 0 0 0
1 0 0 0 1 0 0 0 0 0 0 2 0 2 0 0 0 0 0 0 2 2 0 0 0 0 0 0 0 0 0 0 0 0
0 0 0 0 0 0 0 2 1 0 0 10 0 1 0 0 0 0 0 1 3 1 0 0 0 0 0 0 0 0 0 0 0 0
0 0 0 0 6 0 0 0 0 4 2 2 0 4 0 0 0 2 0 0 3 2 0 0 0 0 0 0 0 0 0 0 0 0
0 0 0 5 0 0 0 3 0 0 0 10 0 4 0 0 0 4 0 0 3 5 0 0 0 0 0 0 0 0 0 0 0 0
1 0 0 0 1 0 0 0 0 0 0 2 0 2 0 0 0 0 0 0 2 2 0 0 0 0 0 0 0 0 0 0 0 0
1 0 0 0 1 0 0 0 0 0 0 2 0 2 0 0 0 0 0 0 2 2 0 0 0 0 0 0 0 0 0 0 0 0
0 0 0 0 1 0 0 3 0 1 0 3 1 0 0 0 0 0 0 0 1 1 0 0 0 0 0 0 0 0 0 0 0 0
1 0 0 0 1 0 0 0 0 0 0 2 0 2 0 0 0 0 0 0 2 2 0 0 0 0 0 0 0 0 0 0 0 0
0 0 0 0 1 0 0 3 1 0 0 5 0 2 0 0 0 1 0 0 2 1 0 0 0 0 0 0 0 0 0 0 0 0
0 0 0 1 5 0 0 1 0 0 1 2 0 2 0 0 0 0 0 0 4 1 0 0 0 0 0 0 0 0 0 0 0 0
0 0 0 0 0 0 0 5 0 1 0 0 1 1 0 0 0 0 0 0 1 1 0 0 0 0 0 0 0 0 0 0 0 0
0 0 0 3 4 0 0 4 0 3 1 4 0 3 0 0 0 0 0 1 3 3 0 0 0 0 0 0 0 0 0 0 0 0
0 0 0 0 1 0 0 2 1 1 0 0 1 2 0 0 0 0 0 0 1 1 0 0 0 0 0 0 0 0 0 0 0 0
1 0 0 0 1 0 0 0 0 0 0 2 0 2 0 0 0 0 0 0 2 2 0 0 0 0 0 0 0 0 0 0 0 0
0 0 0 1 2 0 0 3 0 0 1 3 0 1 0 0 0 0 0 0 4 1 0 0 0 0 0 0 0 0 0 0 0 0
0 0 0 0 0 0 0 0 1 3 0 3 0 0 0 0 0 0 0 0 1 1 0 0 0 0 0 0 0 0 0 0 0 0
0 0 0 0 4 0 0 1 1 1 1 2 0 2 0 0 0 0 0 0 4 1 0 0 0 0 0 0 0 0 0 0 0 0
1 0 0 1 0 0 0 0 1 1 0 3 0 0 0 0 0 0 0 0 2 1 0 0 0 0 0 0 0 0 0 0 0 0
0 0 0 1 0 0 0 2 0 1 0 8 1 0 0 0 0 0 0 0 2 2 0 0 0 0 0 0 0 0 0 0 0 0
0 0 0 1 3 0 1 0 0 1 1 3 0 1 0 0 0 0 0 0 4 1 0 0 0 0 0 0 0 0 0 0 0 0
0 0 0 1 4 0 0 6 0 2 1 6 0 2 0 0 0 0 0 0 3 2 0 0 0 0 0 0 0 0 0 0 0 0
0 0 0 1 4 1 0 1 1 2 1 0 0 1 0 0 0 1 0 0 4 3 0 0 0 0 0 0 0 0 0 0 0 0
0 0 0 1 0 0 0 1 0 1 0 0 1 2 0 0 0 0 0 0 1 1 0 0 0 0 0 0 0 0 0 0 0 0
0 0 0 1 0 1 0 1 0 2 1 3 0 1 0 0 0 0 0 0 4 1 0 0 0 0 0 0 0 0 0 0 0 0
0 0 0 1 1 0 0 1 0 0 0 17 0 2 0 0 0 0 0 0 3 2 0 0 0 0 0 0 0 0 0 0 0 0
0 0 0 1 2 1 0 0 0 1 1 3 0 1 0 0 0 0 0 0 4 1 0 0 0 0 0 0 0 0 0 0 0 0
0 0 0 0 2 0 0 3 0 2 0 3 0 0 0 0 0 0 0 0 2 1 0 0 0 0 0 0 0 0 0 0 0 0
0 0 0 1 6 0 0 2 0 2 3 6 0 4 0 0 0 0 0 0 3 2 0 0 0 0 0 0 0 0 0 0 0 0
0 0 0 3 1 0 0 4 2 0 0 1 0 2 0 0 0 1 0 0 2 1 0 0 0 0 0 0 0 0 0 0 0 0
0 0 0 0 0 0 0 0 0 0 0 10 0 9 0 0 0 0 0 0 3 2 0 0 0 0 0 0 0 0 0 0 0 0
0 0 0 0 2 0 0 0 1 2 0 2 0 1 0 0 0 0 0 0 4 1 0 0 0 0 0 0 0 0 0 0 0 1
0 0 0 1 2 0 0 3 0 0 1 3 0 1 0 0 0 0 0 0 4 1 0 0 0 0 0 0 0 0 0 0 0 0
1 0 0 0 0 0 0 3 0 0 1 3 0 0 0 0 0 0 0 0 2 1 0 0 0 0 0 0 0 0 0 0 0 0
0 0 0 1 0 0 0 1 0 2 0 1 1 1 0 0 0 0 0 0 1 1 0 0 0 0 0 0 0 0 0 0 0 0
0 0 0 6 0 0 0 0 0 0 0 6 0 3 0 0 0 2 0 0 3 2 0 0 0 0 0 0 0 0 0 0 0 0
0 0 0 1 0 0 0 2 0 4 0 0 1 0 0 0 0 0 0 0 2 1 0 0 0 0 0 0 0 0 0 1 0 0
0 0 0 0 3 0 3 5 2 3 2 3 0 2 0 0 0 0 0 0 3 2 0 0 0 0 0 0 0 0 0 0 0 0
0 0 0 0 6 0 0 1 0 3 2 7 0 3 0 0 0 0 0 0 3 2 0 0 0 0 0 0 0 0 0 0 0 0
0 0 0 0 0 0 0 5 2 0 1 0 1 1 0 0 0 0 0 0 2 1 0 0 0 0 0 0 0 0 0 0 0 0
0 0 0 1 2 0 0 0 0 1 1 3 0 2 0 0 0 0 0 0 4 1 0 0 0 0 0 0 0 0 0 0 0 0
0 1 0 1 0 0 0 0 1 2 0 0 0 0 0 0 0 0 0 0 2 1 0 0 0 0 0 0 0 0 0 0 0 0
0 0 0 0 1 0 0 1 1 0 0 9 0 9 0 0 0 0 0 0 3 2 0 0 0 0 0 0 0 0 0 0 0 0
0 0 0 1 3 1 0 0 0 1 1 2 0 2 0 0 0 1 0 0 4 1 0 0 0 0 0 0 0 0 0 0 0 0
1 1 0 0 2 0 0 2 0 0 0 0 0 2 0 0 0 0 0 0 3 1 0 0 0 0 0 0 0 0 0 1 0 0
1 0 0 0 1 0 0 0 0 0 0 2 0 2 0 0 0 0 0 0 2 2 0 0 0 0 0 0 0 0 0 0 0 0
1 0 0 1 0 1 0 0 0 1 2 0 0 0 0 0 0 0 0 0 1 1 0 0 0 0 0 0 0 0 0 0 0 0
0 0 0 0 0 0 0 1 0 0 0 9 0 3 0 0 0 3 0 2 3 2 0 0 0 0 0 0 0 0 0 0 0 0
0 0 0 0 2 0 0 0 1 2 0 2 0 1 0 0 0 0 0 0 4 1 0 0 0 0 0 0 0 0 0 0 0 1
1 0 0 0 1 0 0 0 0 0 0 2 0 2 0 0 0 0 0 0 2 2 0 0 0 0 0 0 0 0 0 0 0 0
0 0 0 1 0 0 0 1 3 0 0 3 1 2 0 0 0 0 0 0 2 2 0 0 0 0 0 0 0 0 0 0 0 0
1 0 0 1 1 0 0 1 1 0 0 1 0 2 0 0 0 0 0 0 2 2 0 0 0 0 0 0 0 0 0 0 0 0
0 0 0 3 1 0 0 7 1 1 0 4 0 7 0 0 0 0 0 1 3 4 0 0 0 0 0 0 0 0 0 0 0 0
0 0 0 0 1 0 0 3 0 1 0 1 0 0 0 0 0 0 0 0 2 1 0 0 0 0 0 0 0 0 0 0 0 0
0 0 0 0 6 0 0 2 0 1 3 7 0 3 0 0 0 0 0 0 3 2 0 0 0 0 0 0 0 0 0 0 0 0
0 0 0 1 0 0 0 3 0 2 0 3 0 0 0 0 0 0 0 0 2 1 0 0 0 0 0 0 0 0 0 0 0 0
0 0 0 0 4 1 0 0 0 1 1 2 0 1 0 0 0 0 0 1 4 1 0 0 0 0 0 0 0 0 0 0 0 0
0 0 0 0 2 0 0 1 0 2 1 3 0 1 0 0 0 0 0 0 4 1 0 0 0 0 0 0 0 0 0 0 0 0
1 0 0 0 1 0 0 0 0 0 0 2 0 2 0 0 0 0 0 0 2 2 0 0 0 0 0 0 0 0 0 0 0 0
0 0 0 0 0 0 0 1 0 0 0 3 0 6 0 0 0 0 0 1 2 1 0 0 0 0 0 0 0 0 0 0 0 0
0 0 0 0 1 0 0 3 5 2 0 0 4 3 0 0 0 0 0 0 3 2 0 0 0 0 0 0 0 0 0 0 0 0
1 0 0 1 0 0 0 2 0 1 0 0 1 1 0 0 0 0 0 0 2 2 0 0 0 0 0 0 0 0 0 0 0 0
0 0 0 0 0 0 0 1 1 3 0 0 2 1 0 0 0 0 0 0 1 2 0 0 0 0 0 0 0 0 0 0 0 0
0 0 0 0 0 0 0 1 0 2 0 2 1 1 0 0 0 0 0 0 1 1 0 0 0 0 0 0 0 0 0 0 0 0
0 0 0 3 1 0 0 5 0 0 0 7 0 1 0 0 0 0 0 0 3 1 0 0 0 0 0 0 0 0 0 0 0 0
0 0 0 0 3 0 0 0 1 1 1 3 0 1 0 0 0 0 0 0 4 1 0 0 0 0 0 0 0 0 0 0 0 0
0 0 0 2 2 0 0 1 1 0 0 3 0 2 0 0 0 1 0 0 2 1 0 0 0 0 0 0 0 0 0 0 0 0
0 0 0 2 2 0 0 4 0 0 1 2 0 2 0 0 0 0 0 0 4 1 0 0 0 0 0 0 0 0 0 0 0 0
0 0 0 0 0 0 0 0 1 2 0 3 0 0 0 0 0 0 0 0 2 1 0 0 0 0 0 0 0 0 0 0 0 0
0 0 0 2 6 0 0 2 1 3 2 4 0 3 0 0 0 0 0 2 3 4 0 0 0 0 0 0 0 0 0 0 0 0
1 0 0 1 1 0 0 1 1 0 0 1 0 2 0 0 0 0 0 0 2 2 0 0 0 0 0 0 0 0 0 0 0 0
0 0 0 4 0 0 0 4 1 0 0 0 0 1 0 0 0 0 0 0 2 1 0 0 0 0 0 0 0 0 0 0 0 0
0 0 0 4 1 0 0 0 0 0 0 5 0 1 0 0 0 0 0 0 2 1 0 0 0 0 0 0 0 0 0 0 0 0
0 0 0 3 0 0 0 0 0 0 0 8 0 0 0 0 0 0 0 0 2 1 0 0 0 0 0 0 0 0 0 0 0 0
0 0 0 0 0 0 0 2 1 2 0 0 0 64 0 0 0 1 0 0 2 1 0 0 0 0 0 0 0 0 0 0 0 0
0 0 0 0 1 0 0 1 1 3 0 3 0 1 0 0 0 0 0 0 4 1 0 0 0 0 0 0 0 0 0 0 0 0
0 0 0 1 0 0 0 2 2 2 0 0 1 2 0 0 0 0 0 0 2 1 0 0 0 0 0 0 0 0 0 0 0 0
0 0 0 0 3 1 0 0 0 1 1 3 0 1 0 0 0 0 0 0 4 1 0 0 0 0 0 0 0 0 0 0 0 0
0 0 0 0 0 0 0 4 4 1 0 8 0 4 0 0 0 0 0 0 3 2 0 0 0 0 0 0 0 0 0 0 0 0
0 0 0 0 3 0 0 0 1 1 1 3 0 1 0 0 0 0 0 0 4 1 0 0 0 0 0 0 0 0 0 0 0 0
0 0 0 5 0 0 0 3 0 2 0 8 0 3 0 0 0 1 0 0 4 2 0 0 0 0 0 0 0 0 0 0 0 0
1 0 0 0 1 0 0 0 0 0 0 2 0 2 0 0 0 0 0 0 2 2 0 0 0 0 0 0 0 0 0 0 0 0
0 0 0 3 2 0 0 1 0 0 1 3 0 1 0 0 0 0 0 0 4 1 0 0 0 0 0 0 0 0 0 0 0 0
0 0 0 0 2 0 0 1 0 2 1 3 0 1 0 0 0 0 0 0 4 1 0 0 0 0 0 0 0 0 0 0 0 0
0 0 0 1 0 0 0 1 0 0 0 9 0 9 0 0 0 1 0 0 3 2 0 0 0 0 0 0 0 0 0 0 0 0
0 0 0 2 1 0 0 0 0 0 0 8 0 0 0 0 0 0 0 0 2 1 0 0 0 0 0 0 0 0 0 0 0 0
0 0 0 4 0 0 0 4 1 0 0 2 0 2 0 0 0 3 0 0 2 3 0 0 0 0 0 0 0 0 0 0 0 0
0 0 0 1 2 1 0 0 0 1 1 3 0 1 0 0 0 0 0 0 4 1 0 0 0 0 0 0 0 0 0 0 0 0
0 0 0 3 0 0 0 4 0 0 0 6 0 11 0 0 0 1 0 0 3 2 0 0 0 0 0 0 0 0 0 0 0 0
0 0 0 0 0 0 0 5 2 2 0 9 0 2 0 0 0 1 0 0 4 2 0 0 0 0 0 0 0 0 0 0 0 0
0 0 0 3 6 0 0 6 1 0 2 5 0 3 0 0 0 0 0 0 3 2 0 0 0 0 0 0 0 0 0 0 0 0
0 0 0 1 0 0 0 1 1 1 0 0 1 0 0 0 0 0 0 0 1 1 0 0 0 0 0 0 0 0 0 0 0 0
0 0 0 0 0 0 0 1 0 0 0 13 0 1 0 0 0 0 0 0 3 1 0 0 0 0 0 0 0 0 0 0 0 0
0 0 0 4 1 0 0 1 0 0 0 5 0 1 0 0 0 0 0 1 2 1 0 0 0 0 0 0 0 0 0 0 0 0
0 0 0 2 0 0 0 4 0 0 0 7 0 0 0 0 0 0 0 0 2 1 0 0 0 0 0 0 0 0 0 0 0 0
0 0 0 3 2 0 0 2 0 3 0 2 0 1 0 0 0 0 0 0 4 1 0 0 0 0 0 0 0 0 0 0 0 0
0 0 0 0 2 0 0 1 2 1 1 1 0 1 0 0 0 0 0 1 2 1 0 0 0 0 0 0 0 0 0 0 0 0
0 0 0 2 0 0 0 2 0 0 0 14 0 3 0 0 0 1 0 0 3 3 0 0 0 0 0 0 0 0 0 0 0 0
1 0 0 2 1 0 0 3 1 0 0 0 0 2 0 0 0 0 0 0 2 2 0 0 0 0 0 0 0 0 0 0 0 0
1 0 0 0 0 0 0 0 0 1 0 3 0 2 0 0 0 1 0 0 1 3 0 0 0 0 0 0 0 0 0 0 0 0
0 0 0 4 2 0 0 1 0 1 0 2 0 2 0 0 0 0 0 0 4 1 0 0 0 0 0 0 0 0 0 0 0 0
0 0 0 0 0 0 0 5 2 1 0 3 2 2 0 0 0 0 0 0 2 3 0 0 0 0 0 0 0 0 0 0 0 0
1 0 0 0 1 0 0 0 0 0 0 0 0 1 0 0 0 0 0 0 2 1 0 0 0 0 0 0 0 0 0 0 0 1
0 0 0 0 1 0 0 1 3 1 1 0 1 3 0 0 0 0 0 0 3 1 0 0 0 0 0 0 0 0 0 1 0 0
0 0 0 1 0 0 0 2 6 3 0 0 1 0 0 0 0 0 0 0 2 3 0 0 0 0 0 0 0 0 0 0 0 0
0 0 0 0 0 0 0 1 4 1 0 0 3 8 0 0 0 0 0 0 3 2 0 0 0 0 0 0 0 0 0 0 0 0
0 0 0 1 0 0 0 1 1 1 0 0 1 0 0 0 0 0 0 0 1 1 0 0 0 0 0 0 0 0 0 0 0 0
1 0 0 0 1 0 0 0 0 0 0 2 0 2 0 0 0 0 0 0 2 2 0 0 0 0 0 0 0 0 0 0 0 0
0 0 0 1 0 0 0 6 0 0 0 3 0 1 0 0 0 1 0 0 2 1 0 0 0 0 0 0 0 0 0 0 0 0
0 0 0 3 0 0 0 0 0 0 0 7 0 0 0 0 0 0 0 1 2 1 0 0 0 0 0 0 0 0 0 0 0 0
1 0 0 0 1 0 0 0 0 0 0 2 0 2 0 0 0 0 0 0 2 2 0 0 0 0 0 0 0 0 0 0 0 0
1 0 0 0 1 0 0 0 0 0 0 2 0 2 0 0 0 0 0 0 2 2 0 0 0 0 0 0 0 0 0 0 0 0
0 0 0 4 0 0 0 3 2 1 0 10 0 1 0 0 0 4 0 1 3 4 0 0 0 0 0 0 0 0 0 0 0 0
0 0 0 1 0 0 0 2 0 1 0 9 0 1 0 1 0 0 0 0 3 1 0 0 0 0 0 0 0 0 0 0 0 0
0 0 0 2 0 0 0 0 0 0 0 6 0 3 0 0 0 0 0 0 2 1 0 0 0 0 0 0 0 0 0 0 0 0
0 0 0 1 4 0 0 1 0 0 1 3 0 1 0 0 0 0 0 0 4 1 0 0 0 0 0 0 0 0 0 0 0 0
1 0 0 0 1 0 0 0 0 0 0 1 0 2 0 0 0 0 0 0 2 2 0 0 0 0 0 0 0 0 0 0 0 1
0 0 0 0 2 0 0 4 0 0 0 15 0 1 0 0 0 0 0 0 3 4 0 0 0 0 0 0 0 0 0 0 0 0
0 0 0 1 0 0 0 0 0 0 0 14 0 5 0 0 0 0 0 0 3 2 0 0 0 0 0 0 0 0 0 0 0 0
1 0 0 0 1 0 0 0 0 0 0 2 0 2 0 0 0 0 0 0 2 2 0 0 0 0 0 0 0 0 0 0 0 0
1 0 0 0 1 0 0 0 0 0 0 2 0 2 0 0 0 0 0 0 2 2 0 0 0 0 0 0 0 0 0 0 0 0
0 0 0 0 3 0 0 0 1 2 0 3 0 1 0 0 0 0 0 0 4 1 0 0 0 0 0 0 0 0 0 0 0 0
0 0 0 0 3 0 0 0 1 1 1 3 0 1 0 0 0 0 0 0 4 1 0 0 0 0 0 0 0 0 0 0 0 0
0 0 0 4 1 0 1 4 0 1 0 1 1 0 0 0 0 1 0 0 2 2 0 0 0 0 0 0 0 0 0 0 0 0
0 0 0 1 2 0 0 0 1 2 0 3 0 1 0 0 0 0 0 0 4 1 0 0 0 0 0 0 0 0 0 0 0 0
1 0 0 1 1 0 0 0 0 0 0 1 0 3 0 0 0 1 0 0 2 2 0 0 0 0 0 0 0 0 0 0 0 0
0 0 0 1 2 0 0 4 0 2 0 2 0 1 0 0 0 0 0 0 2 1 0 0 0 0 0 0 0 0 0 0 0 0
0 0 0 1 0 0 0 1 4 0 0 0 1 1 0 0 0 0 0 0 2 1 0 0 0 0 0 0 0 0 0 0 0 0
0 0 0 0 0 0 0 2 1 0 0 0 1 2 0 0 0 0 0 0 3 1 0 0 0 0 0 0 0 0 0 0 0 0
0 0 0 4 0 0 0 0 0 0 0 6 0 0 0 0 0 0 0 0 2 1 0 0 0 0 0 0 0 0 0 0 0 0
1 0 0 0 1 0 0 0 0 0 0 2 0 2 0 0 0 0 0 0 2 2 0 0 0 0 0 0 0 0 0 0 0 0
1 0 0 0 1 0 0 0 0 0 0 2 0 2 0 0 0 0 0 0 2 2 0 0 0 0 0 0 0 0 0 0 0 0
1 0 0 0 0 0 0 2 0 1 1 3 0 0 0 0 0 0 0 0 2 1 0 0 0 0 0 0 0 0 0 0 0 0
0 0 0 0 0 0 0 2 1 0 0 7 0 1 0 0 0 0 0 1 2 1 0 0 0 0 0 0 0 0 0 0 0 0
1 0 0 2 0 0 0 0 0 0 0 0 0 0 0 0 0 0 0 0 2 1 0 0 0 0 0 0 0 0 0 0 1 0
0 0 0 0 2 0 0 2 0 0 0 6 0 0 0 0 0 0 0 0 2 1 0 0 0 0 0 0 0 0 0 0 0 0
1 0 0 0 1 0 0 0 0 0 0 2 0 2 0 0 0 0 0 0 2 2 0 0 0 0 0 0 0 0 0 0 0 0
1 0 0 0 1 0 0 0 0 0 0 2 0 2 0 0 0 0 0 0 2 2 0 0 0 0 0 0 0 0 0 0 0 0
0 0 0 1 0 0 0 4 0 1 1 3 0 1 0 0 0 0 0 0 4 1 0 0 0 0 0 0 0 0 0 0 0 0
0 0 0 2 0 0 0 0 0 0 0 7 0 0 0 0 0 1 0 1 2 1 0 0 0 0 0 0 0 0 0 0 0 0
0 0 0 1 2 1 0 0 0 1 1 3 0 1 0 0 0 0 0 0 4 1 0 0 0 0 0 0 0 0 0 0 0 0
1 0 0 0 1 0 0 0 0 0 0 2 0 2 0 0 0 0 0 0 2 2 0 0 0 0 0 0 0 0 0 0 0 0
0 0 0 0 0 0 0 3 0 1 0 4 1 0 0 0 0 0 0 0 1 1 0 0 0 0 0 0 0 0 0 0 0 0
1 0 0 0 1 0 0 0 0 0 0 2 0 2 0 0 0 0 0 0 2 2 0 0 0 0 0 0 0 0 0 0 0 0
0 0 0 0 2 0 0 2 1 1 1 3 0 2 0 0 0 0 0 0 4 1 0 0 0 0 0 0 0 0 0 0 0 0
0 0 0 5 3 0 0 7 0 0 0 3 0 5 0 0 0 0 0 0 3 5 0 0 0 0 0 0 0 0 0 0 0 0
0 0 0 2 0 0 0 0 0 0 0 3 0 6 0 0 0 0 0 0 2 1 0 0 0 0 0 0 0 0 0 0 0 0
0 0 0 3 6 0 1 3 0 3 1 4 0 4 0 0 0 1 0 2 3 2 0 0 0 0 0 0 0 0 0 0 0 0
0 0 0 2 6 0 0 1 0 1 3 5 0 6 0 0 0 1 0 0 3 2 0 0 0 0 0 0 0 0 0 0 0 0
1 0 0 0 1 0 0 0 0 0 0 2 0 2 0 0 0 0 0 0 2 2 0 0 0 0 0 0 0 0 0 0 0 0
0 0 0 1 0 0 0 2 0 2 0 1 2 1 0 0 0 0 0 0 1 2 0 0 0 0 0 0 0 0 0 0 0 0
1 0 0 1 1 0 1 1 0 0 0 1 0 2 0 0 0 0 0 0 2 2 0 0 0 0 0 0 0 0 0 0 0 0
0 0 0 4 0 0 0 2 0 0 0 15 0 3 0 0 0 0 0 0 3 2 0 0 0 0 0 0 0 0 0 0 0 0
0 0 0 1 3 0 0 2 1 2 0 2 0 1 0 0 0 0 0 0 4 1 0 0 0 0 0 0 0 0 0 0 0 0
0 0 0 3 3 0 0 2 0 0 1 2 0 2 0 0 0 0 0 0 4 1 0 0 0 0 0 0 0 0 0 0 0 0
0 0 0 5 0 0 0 3 0 0 0 14 0 2 0 0 0 4 0 1 3 4 0 0 0 0 0 0 0 0 0 0 0 0
0 0 0 4 0 0 0 4 0 1 0 5 0 9 0 0 0 3 0 0 3 6 0 0 0 0 0 0 0 0 0 0 0 0
0 0 0 2 0 0 0 3 1 0 0 3 0 2 0 0 0 1 0 0 2 1 0 0 0 0 0 0 0 0 0 0 0 0
1 0 0 0 1 0 0 2 0 1 0 0 3 1 0 0 0 0 0 0 2 3 0 0 0 0 0 0 0 0 0 0 0 0
0 0 0 3 1 0 0 0 0 0 0 14 0 1 0 0 0 3 0 0 3 4 0 0 0 0 0 0 0 0 0 0 0 0
0 0 0 1 1 0 0 2 2 0 0 8 0 7 0 1 0 0 0 0 3 2 0 0 0 0 0 0 0 0 0 0 0 0
0 0 0 3 1 0 0 4 0 0 0 5 0 0 0 0 0 1 0 0 2 3 0 0 0 0 0 0 0 0 0 0 0 0
1 0 0 0 1 0 0 0 0 0 0 2 0 2 0 0 0 0 0 0 2 2 0 0 0 0 0 0 0 0 0 0 0 0
1 0 0 0 1 0 0 0 2 0 0 1 0 1 0 0 0 0 0 0 2 2 0 0 0 0 0 0 0 0 0 0 0 0
0 0 0 0 2 0 0 1 2 4 1 3 0 2 0 0 0 1 0 0 4 1 0 0 0 0 0 0 0 0 0 0 0 0
0 0 0 1 4 0 0 0 0 5 1 6 0 3 0 0 0 1 0 0 3 2 0 0 0 0 0 0 0 0 0 0 0 0
0 0 0 1 2 0 0 1 3 1 0 1 0 1 0 0 0 0 0 0 2 1 0 0 0 0 0 0 0 0 0 0 0 0
0 0 0 0 3 0 0 6 1 0 0 9 0 2 0 0 0 2 0 1 3 5 0 0 0 0 0 0 0 0 0 0 0 0
1 0 0 0 2 0 0 1 1 0 0 1 0 2 0 0 0 0 0 0 2 2 0 0 0 0 0 0 0 0 0 0 0 0
0 0 0 0 3 0 0 0 0 2 1 3 0 1 0 0 0 0 0 0 4 1 0 0 0 0 0 0 0 0 0 0 0 0
0 0 0 2 0 0 0 0 0 0 0 8 0 10 0 0 0 1 0 1 3 2 0 0 0 0 0 0 0 0 0 0 0 0
0 0 0 5 0 0 0 3 2 0 0 4 0 1 0 0 0 2 0 0 3 2 0 0 0 0 0 0 0 0 0 0 0 0
0 0 0 1 0 0 0 1 0 1 0 0 1 1 0 0 0 0 0 0 1 1 0 0 0 0 0 0 0 0 0 0 0 0
0 0 0 3 0 0 0 0 0 0 0 14 0 5 0 0 0 2 0 0 3 2 0 0 0 0 0 0 0 0 0 0 0 0
0 0 0 0 0 0 0 1 2 0 0 10 0 6 0 0 0 0 0 0 3 2 0 0 0 0 0 0 0 0 0 0 0 0
0 0 0 3 0 0 0 4 2 1 0 2 0 3 0 0 0 0 0 0 2 2 0 0 0 0 0 0 0 0 0 0 0 0
0 0 0 4 0 0 0 0 0 0 0 7 0 0 0 0 0 2 0 1 2 1 0 0 0 0 0 0 0 0 0 0 0 0
0 0 0 0 3 0 0 1 0 2 2 3 0 1 0 0 0 0 0 0 4 1 0 0 0 0 0 0 0 0 0 0 0 0
0 0 0 1 2 0 0 6 2 2 0 0 0 2 0 0 0 0 0 0 2 2 0 0 0 0 0 0 0 0 0 0 0 0
1 1 0 1 1 0 0 2 0 0 0 0 1 1 0 0 0 0 0 0 3 1 0 0 0 0 0 0 0 0 0 1 0 0
0 0 0 1 2 0 0 0 0 3 0 3 0 1 0 0 0 0 0 0 4 1 0 0 0 0 0 0 0 0 0 0 0 0
0 0 0 3 1 0 0 3 0 0 0 4 0 2 0 0 0 0 0 1 2 1 0 0 0 0 0 0 0 0 0 0 0 0
1 0 0 1 1 0 0 1 0 0 0 1 0 2 0 0 0 0 0 0 2 2 0 0 0 0 0 0 0 0 0 0 0 0
0 0 0 3 1 0 0 2 0 0 0 1 0 2 0 0 0 0 0 0 2 1 0 0 0 0 0 0 0 0 0 0 0 0
0 0 0 1 6 0 0 0 0 3 3 6 0 4 0 0 0 0 0 0 3 2 0 0 0 0 0 0 0 0 0 0 0 0
1 0 0 0 1 0 0 0 0 0 0 2 0 2 0 0 0 0 0 0 2 2 0 0 0 0 0 0 0 0 0 0 0 0
0 0 0 2 1 0 0 2 0 2 0 7 0 10 0 0 0 1 0 0 3 2 0 0 0 0 0 0 0 0 0 0 0 0
0 0 0 1 0 0 0 2 1 2 0 0 1 1 0 0 0 0 0 0 2 1 0 0 0 0 0 0 0 0 0 1 0 0
0 0 0 0 2 0 0 0 0 0 0 9 0 2 0 0 0 3 0 1 3 2 0 0 0 0 0 0 0 0 0 0 0 0
0 0 0 0 2 0 0 1 0 1 2 3 0 1 0 0 0 0 0 0 4 1 0 0 0 0 0 0 0 0 0 0 0 0
0 0 0 0 4 0 2 4 2 3 1 2 0 2 0 0 0 0 0 0 2 2 0 0 0 0 0 0 0 0 0 0 0 1
0 0 0 2 2 0 0 0 0 2 1 2 0 1 0 0 0 0 0 1 4 2 0 0 0 0 0 0 0 0 0 0 0 0
0 0 0 4 0 0 0 4 0 0 0 3 0 0 0 1 0 0 0 0 2 1 0 0 0 0 0 0 0 0 0 0 0 0
1 0 0 0 1 0 0 0 0 0 0 2 0 2 0 0 0 0 0 0 2 2 0 0 0 0 0 0 0 0 0 0 0 0
0 0 0 5 0 0 0 2 3 4 1 21 0 64 0 0 0 2 0 0 1 26 0 0 0 0 0 0 0 0 0 0 0 0
1 0 0 0 1 0 0 0 0 0 0 2 0 2 0 0 0 0 0 0 2 2 0 0 0 0 0 0 0 0 0 0 0 0
1 0 0 1 1 0 0 1 1 0 0 1 0 2 0 0 0 0 0 0 2 2 0 0 0 0 0 0 0 0 0 0 0 0
1 0 0 0 1 0 0 0 0 0 0 1 0 2 0 0 0 0 0 0 2 2 0 0 0 0 0 0 0 0 0 0 0 1
0 0 0 4 0 0 0 6 0 0 0 5 0 0 0 0 0 1 0 0 2 3 0 0 0 0 0 0 0 0 0 0 0 0
0 0 0 0 1 0 0 6 0 0 0 3 0 1 0 0 0 0 0 0 2 1 0 0 0 0 0 0 0 0 0 0 0 0
0 0 0 1 3 0 1 0 0 1 1 3 0 1 0 0 0 0 0 0 4 1 0 0 0 0 0 0 0 0 0 0 0 0
0 0 0 0 0 0 0 0 0 2 0 3 0 1 0 0 0 0 0 0 1 1 0 0 0 0 0 0 0 0 0 0 0 0
0 0 0 2 3 0 0 1 0 0 1 3 0 1 0 0 0 0 0 0 4 1 0 0 0 0 0 0 0 0 0 0 0 0
0 0 0 0 4 0 0 3 0 3 1 7 0 2 0 0 0 0 0 0 3 2 0 0 0 0 0 0 0 0 0 0 0 0
0 1 0 1 0 0 0 0 1 2 0 0 0 0 0 0 0 0 0 0 2 1 0 0 0 0 0 0 0 0 0 0 0 0
1 0 0 1 0 0 0 1 0 1 0 2 0 3 0 0 0 1 0 0 1 3 0 0 0 0 0 0 0 0 0 0 0 0
0 0 0 1 0 0 0 1 1 1 0 2 0 0 0 0 0 0 0 0 1 1 0 0 0 0 0 0 0 0 0 0 0 0
1 0 0 0 1 0 0 0 0 0 0 2 0 2 0 0 0 0 0 0 2 2 0 0 0 0 0 0 0 0 0 0 0 0
0 0 0 1 1 0 0 2 0 0 0 9 0 1 0 0 0 0 0 1 3 1 0 0 0 0 0 0 0 0 0 0 0 0
0 0 0 0 0 0 0 3 3 2 0 0 2 0 0 0 0 0 0 0 2 2 0 0 0 0 0 0 0 0 0 0 0 0
0 0 0 2 2 0 0 0 0 2 0 3 0 3 0 0 0 0 0 0 2 1 0 0 0 0 0 0 0 0 0 0 0 0
0 0 0 0 0 0 0 0 0 0 0 10 0 8 0 0 0 1 0 0 3 2 0 0 0 0 0 0 0 0 0 0 0 0
0 0 0 2 0 0 0 1 1 1 0 0 1 0 0 0 0 0 0 0 1 2 0 0 0 0 0 0 0 0 0 0 0 0
0 0 0 0 0 0 3 4 2 0 0 6 0 7 0 0 0 0 0 0 3 2 0 0 0 0 0 0 0 0 0 0 0 1
0 0 0 1 2 0 0 0 0 1 1 3 0 2 0 0 0 0 0 0 4 1 0 0 0 0 0 0 0 0 0 0 0 0
1 0 0 0 1 0 0 0 0 0 0 2 0 2 0 0 0 0 0 0 2 2 0 0 0 0 0 0 0 0 0 0 0 0
1 0 0 0 1 0 0 0 0 0 0 2 0 2 0 0 0 0 0 0 2 2 0 0 0 0 0 0 0 0 0 0 0 0
1 0 0 0 1 0 0 0 0 0 0 2 0 2 0 0 0 0 0 0 2 2 0 0 0 0 0 0 0 0 0 0 0 0
0 0 0 4 1 0 0 1 1 0 1 13 0 1 0 0 0 0 0 2 3 4 0 0 0 0 0 0 0 0 0 0 0 0
0 0 0 3 0 0 0 4 2 1 0 3 0 2 0 0 0 0 0 0 2 2 0 0 0 0 0 0 0 0 0 0 0 0
0 0 0 0 0 0 0 4 5 1 0 0 2 3 0 0 0 0 0 0 3 1 0 0 0 0 0 0 0 0 0 0 0 0
0 0 0 0 7 0 0 2 0 1 2 7 0 3 0 0 0 0 0 0 3 2 0 0 0 0 0 0 0 0 0 0 0 0
0 0 0 0 3 0 0 0 0 3 1 3 0 1 0 0 0 0 0 0 4 1 0 0 0 0 0 0 0 0 0 0 0 0
0 0 0 1 1 0 1 2 1 1 0 2 3 2 0 0 0 0 0 0 3 2 0 0 0 0 0 0 0 0 0 1 0 0
0 0 0 0 1 0 0 3 1 2 1 1 0 2 0 0 0 0 0 0 2 1 0 0 0 0 0 0 0 0 0 0 0 0
0 0 0 0 3 0 0 0 0 2 1 3 0 1 0 0 0 0 0 0 4 1 0 0 0 0 0 0 0 0 0 0 0 0
0 0 0 0 6 0 0 1 0 3 2 7 0 3 0 0 0 0 0 0 3 2 0 0 0 0 0 0 0 0 0 0 0 0
1 0 0 0 1 0 0 0 0 0 0 2 0 2 0 0 0 0 0 0 2 2 0 0 0 0 0 0 0 0 0 0 0 0
1 0 0 0 1 0 0 0 0 0 0 2 0 2 0 0 0 0 0 0 2 2 0 0 0 0 0 0 0 0 0 0 0 0
0 0 0 2 0 0 0 1 3 0 0 3 1 1 0 0 0 0 0 0 2 2 0 0 0 0 0 0 0 0 0 0 0 0
1 0 0 0 1 0 0 0 0 0 0 2 0 2 0 0 0 0 0 0 2 2 0 0 0 0 0 0 0 0 0 0 0 0
0 0 0 5 1 0 0 2 0 0 0 12 0 3 0 0 0 0 0 0 3 2 0 0 0 0 0 0 0 0 0 0 0 0
1 0 0 0 1 0 0 0 0 0 0 2 0 2 0 0 0 0 0 0 2 2 0 0 0 0 0 0 0 0 0 0 0 0
0 0 0 0 0 0 0 1 0 0 0 10 0 8 0 0 0 0 0 0 3 2 0 0 0 0 0 0 0 0 0 0 0 0
0 0 0 1 0 0 0 3 2 3 0 5 2 3 0 0 0 1 0 0 2 3 0 0 0 0 0 0 0 0 0 0 0 0
0 0 0 2 0 0 0 4 2 1 0 0 0 2 0 0 0 0 0 0 1 3 0 0 0 0 0 0 0 0 0 0 0 0
1 0 0 0 1 0 0 0 0 0 0 2 0 2 0 0 0 0 0 0 2 2 0 0 0 0 0 0 0 0 0 0 0 0
1 0 0 0 1 0 0 0 0 0 0 2 0 2 0 0 0 0 0 0 2 2 0 0 0 0 0 0 0 0 0 0 0 0
0 0 0 3 2 0 0 1 0 1 0 3 0 1 0 0 0 0 0 0 4 1 0 0 0 0 0 0 0 0 0 0 0 0
0 0 0 0 6 0 0 1 0 3 2 7 0 3 0 0 0 0 0 0 3 2 0 0 0 0 0 0 0 0 0 0 0 0
0 0 0 2 3 0 1 0 0 1 0 3 0 1 0 0 0 0 0 0 4 1 0 0 0 0 0 0 0 0 0 0 0 0
0 0 0 1 2 0 0 1 0 0 3 3 0 1 0 0 0 0 0 0 4 1 0 0 0 0 0 0 0 0 0 0 0 0
0 0 0 1 2 0 1 5 0 2 0 3 1 0 0 0 0 0 0 0 2 2 0 0 0 0 0 0 0 0 0 0 0 0
0 0 0 1 2 0 0 2 2 1 0 2 2 1 0 0 0 1 0 2 2 3 0 0 0 0 0 0 0 0 0 0 0 0
1 0 0 0 1 0 0 0 0 0 0 2 0 2 0 0 0 0 0 0 2 2 0 0 0 0 0 0 0 0 0 0 0 0
0 0 0 0 2 0 0 0 1 2 1 3 0 1 0 0 0 0 0 0 4 1 0 0 0 0 0 0 0 0 0 0 0 0
0 0 0 0 6 0 0 2 0 1 3 7 0 3 0 0 0 0 0 0 3 2 0 0 0 0 0 0 0 0 0 0 0 0
1 0 0 2 0 0 0 0 0 1 0 16 0 18 0 0 0 0 0 1 2 18 0 0 0 0 0 0 0 0 0 0 0 1
0 0 0 4 0 0 0 2 0 1 0 2 1 3 0 0 1 1 0 0 2 3 0 0 0 0 0 0 0 0 0 0 0 0
0 0 0 0 0 0 0 2 1 1 0 6 1 1 0 0 0 0 1 0 3 1 0 0 0 0 0 0 0 0 0 0 0 0
0 0 0 1 1 0 0 1 0 1 0 3 0 1 0 0 0 1 0 0 1 2 0 0 0 0 0 0 0 0 0 0 0 0
1 0 0 1 1 0 0 1 1 0 0 0 0 2 0 0 0 0 0 0 2 2 0 0 0 0 0 0 0 0 0 0 0 1
0 0 0 1 0 0 0 3 2 1 0 0 1 2 0 0 0 0 0 0 2 1 0 0 0 0 0 0 0 0 0 0 0 0
0 0 0 0 0 0 0 1 0 0 0 3 0 6 0 0 0 0 0 1 2 1 0 0 0 0 0 0 0 0 0 0 0 0
1 0 0 0 1 0 0 0 0 0 0 2 0 2 0 0 0 0 0 0 2 2 0 0 0 0 0 0 0 0 0 0 0 0
0 0 0 1 0 0 0 1 0 1 0 2 1 0 0 0 0 0 0 0 1 1 0 0 0 0 0 0 0 0 0 0 0 0
0 0 0 0 4 0 0 1 0 4 3 7 0 3 0 0 0 0 0 0 3 2 0 0 0 0 0 0 0 0 0 0 0 0
0 0 0 1 4 0 0 1 0 0 1 3 0 1 0 0 0 0 0 0 4 1 0 0 0 0 0 0 0 0 0 0 0 0
0 0 0 2 1 0 0 2 2 1 0 10 0 4 0 0 0 2 0 0 4 2 0 0 0 0 0 0 0 0 0 0 0 0
0 0 0 3 3 0 0 1 0 0 1 2 0 1 0 0 0 0 0 1 4 1 0 0 0 0 0 0 0 0 0 0 0 0
0 0 0 3 2 0 0 1 0 2 0 2 0 4 0 0 0 0 0 0 2 1 0 0 0 0 0 0 0 0 0 0 0 0
0 0 0 0 0 0 0 2 2 1 0 8 2 0 0 0 0 0 0 0 2 2 0 0 0 0 0 0 0 0 0 0 0 0
0 0 0 1 3 0 0 3 2 1 1 0 0 4 0 0 0 0 0 0 4 3 0 0 0 0 0 0 0 0 0 0 0 0
0 0 0 0 0 0 0 6 0 0 0 7 0 0 0 0 0 0 0 0 3 1 0 0 0 0 0 0 0 0 0 0 0 0
0 0 0 0 1 0 0 3 1 2 0 1 0 1 0 0 0 0 0 0 2 1 0 0 0 0 0 0 0 0 0 0 0 0
0 0 0 4 0 0 0 3 1 0 1 0 0 1 0 0 0 0 0 0 2 1 0 0 0 0 0 0 0 0 0 0 0 0
0 0 0 1 0 0 0 1 0 0 0 8 0 1 0 0 0 0 0 1 2 1 0 0 0 0 0 0 0 0 0 0 0 0
0 0 0 0 6 0 0 2 0 1 3 7 0 3 0 0 0 0 0 0 3 2 0 0 0 0 0 0 0 0 0 0 0 0
1 0 0 0 0 0 0 0 1 1 0 1 0 0 0 0 0 0 0 0 1 1 0 0 0 0 0 0 0 0 0 0 0 0
0 0 0 1 3 0 1 0 0 1 1 3 0 1 0 0 0 0 0 0 4 1 0 0 0 0 0 0 0 0 0 0 0 0
0 0 0 0 0 0 0 1 1 0 0 7 0 0 0 0 0 1 0 1 2 1 0 0 0 0 0 0 0 0 0 0 0 0
0 0 0 2 2 0 0 1 0 0 2 3 0 1 0 0 0 0 0 0 4 1 0 0 0 0 0 0 0 0 0 0 0 0
0 0 0 1 1 0 0 3 1 1 0 0 0 0 0 0 0 0 0 0 2 1 0 0 0 0 0 0 0 0 0 1 0 0
0 0 0 3 0 0 0 0 0 0 0 8 0 0 0 0 0 0 0 2 2 1 0 0 0 0 0 0 0 0 0 0 0 0
0 0 0 1 0 0 0 1 1 1 0 0 1 0 0 0 0 0 0 0 1 1 0 0 0 0 0 0 0 0 0 0 0 0
1 0 0 1 0 0 0 2 1 2 0 0 0 40 0 0 0 0 0 0 2 1 0 0 0 0 0 0 0 0 0 0 0 0
0 0 0 0 3 1 0 0 0 1 1 3 0 1 0 0 0 0 0 0 4 1 0 0 0 0 0 0 0 0 0 0 0 0
0 0 0 0 2 0 0 3 1 2 1 1 0 1 0 0 0 0 0 0 2 1 0 0 0 0 0 0 0 0 0 0 0 0
1 0 0 0 0 0 0 1 0 0 0 1 0 1 0 0 0 0 0 0 2 1 0 0 0 0 0 0 0 0 0 0 0 0
0 0 0 0 2 0 0 2 1 1 1 3 0 2 0 0 0 0 0 0 4 1 0 0 0 0 0 0 0 0 0 0 0 0
0 0 0 2 0 0 0 0 0 0 0 8 0 9 0 0 0 0 0 1 3 3 0 0 0 0 0 0 0 0 0 0 0 0
0 0 0 2 0 0 0 2 2 1 0 6 0 2 0 0 0 0 0 0 2 2 0 0 0 0 0 0 0 0 0 0 0 0
0 0 0 1 0 0 0 3 0 2 0 3 0 0 0 0 0 0 0 0 2 1 0 0 0 0 0 0 0 0 0 0 0 0
0 0 0 3 2 0 0 1 0 0 1 3 0 1 0 0 0 0 0 0 4 1 0 0 0 0 0 0 0 0 0 0 0 0
0 0 0 0 0 0 0 1 0 0 0 3 0 6 0 0 0 0 0 1 2 1 0 0 0 0 0 0 0 0 0 0 0 0
0 0 0 3 2 0 0 4 1 0 1 0 0 1 0 0 0 0 0 2 4 3 0 0 0 0 0 0 0 0 0 0 0 0
1 0 0 1 1 0 0 1 0 0 0 0 0 3 0 0 0 1 0 0 2 2 0 0 0 0 0 0 0 0 0 0 0 0
0 0 0 0 3 0 0 0 0 4 1 3 0 1 0 0 0 0 0 0 4 1 0 0 0 0 0 0 0 0 0 0 0 0
0 0 0 1 2 0 0 0 1 2 0 2 0 2 0 0 0 0 0 0 4 1 0 0 0 0 0 0 0 0 0 0 0 0
0 0 0 0 0 0 0 1 0 2 0 9 0 7 0 0 0 1 0 0 3 2 0 0 0 0 0 0 0 0 0 0 0 0
1 0 0 1 1 0 0 0 0 0 0 1 0 3 0 0 0 0 0 0 2 2 0 0 0 0 0 0 0 0 0 0 0 0
0 0 0 0 2 0 0 3 0 2 2 7 0 2 0 0 0 1 0 0 3 2 0 0 0 0 0 0 0 0 0 0 0 0
1 0 0 0 2 0 0 0 0 0 0 1 0 2 0 0 0 0 0 1 2 2 0 0 0 0 0 0 0 0 0 0 0 0
0 0 0 1 0 0 0 1 1 1 0 2 0 0 0 0 0 0 0 0 1 1 0 0 0 0 0 0 0 0 0 0 0 0
1 0 0 0 1 0 0 0 0 0 0 1 0 2 0 0 0 0 0 0 2 2 0 0 0 0 0 0 0 0 0 0 0 1
0 0 0 1 0 0 0 2 0 0 0 8 1 2 0 0 0 0 1 0 2 3 0 0 0 0 0 0 0 0 0 0 0 0
1 0 0 1 1 0 0 1 0 0 0 1 0 2 0 0 0 0 0 0 2 2 0 0 0 0 0 0 0 0 0 0 0 0
0 0 0 2 0 0 0 2 0 1 0 1 0 0 0 0 0 0 0 0 1 1 0 0 0 0 0 0 0 0 0 0 0 0
0 0 0 2 0 0 0 7 0 4 0 1 0 0 0 2 0 0 0 0 3 2 0 0 0 0 0 0 0 0 0 0 0 0
0 0 0 3 6 0 0 1 0 2 3 4 0 7 0 0 0 1 0 0 3 2 0 0 0 0 0 0 0 0 0 0 0 0
0 0 0 1 4 0 0 1 0 2 1 0 0 1 0 0 0 0 0 0 4 1 0 0 0 0 0 0 0 0 0 0 0 0
0 0 0 1 1 0 1 1 0 0 0 7 1 1 0 0 0 0 0 0 2 2 0 0 0 0 0 0 0 0 0 0 0 1
1 0 0 0 1 0 0 0 0 0 0 2 0 2 0 0 0 0 0 0 2 2 0 0 0 0 0 0 0 0 0 0 0 0
1 0 0 0 1 0 0 0 0 0 0 2 0 2 0 0 0 0 0 0 2 2 0 0 0 0 0 0 0 0 0 0 0 0
0 0 0 0 3 0 0 0 1 4 2 7 0 2 0 0 0 0 0 0 3 2 0 0 0 0 0 0 0 0 0 0 0 0
0 0 0 0 1 0 0 3 1 2 0 0 0 1 0 0 0 0 0 0 2 1 0 0 0 0 0 0 0 0 0 1 0 0
0 0 0 0 0 0 0 0 1 3 0 4 0 0 0 0 0 0 0 0 2 2 0 0 0 0 0 0 0 0 0 0 0 0
0 0 0 0 1 0 0 1 2 1 2 0 1 1 0 0 0 0 0 0 3 1 0 0 0 0 0 0 0 0 0 1 0 0
0 0 0 0 4 0 0 1 0 3 4 7 0 3 0 0 0 0 0 0 3 2 0 0 0 0 0 0 0 0 0 0 0 0
1 0 0 2 1 0 0 1 0 0 0 0 0 2 0 0 0 2 0 0 2 2 0 0 0 0 0 0 0 0 0 0 0 0
1 0 0 0 1 0 0 0 0 0 0 2 0 2 0 0 0 0 0 0 2 2 0 0 0 0 0 0 0 0 0 0 0 0
0 0 0 0 2 0 0 0 1 2 1 3 0 1 0 0 0 0 0 0 4 1 0 0 0 0 0 0 0 0 0 0 0 0
0 0 0 1 0 0 0 1 1 1 0 2 0 0 0 0 0 0 0 0 1 1 0 0 0 0 0 0 0 0 0 0 0 0
0 0 0 1 3 1 0 1 1 1 1 2 0 1 0 0 0 0 0 0 4 1 0 0 0 0 0 0 0 0 0 0 0 0
1 0 0 1 1 0 0 1 1 0 0 0 0 2 0 0 0 0 0 0 2 2 0 0 0 0 0 0 0 0 0 0 0 1
0 0 0 3 1 0 0 1 0 1 1 3 0 1 0 0 0 0 0 0 4 1 0 0 0 0 0 0 0 0 0 0 0 0
0 0 0 0 1 0 0 2 2 0 0 7 0 7 0 0 0 0 0 3 3 4 0 0 0 0 0 0 0 0 0 0 0 0
0 0 0 2 0 0 0 1 0 0 0 7 0 0 0 0 0 0 0 1 2 1 0 0 0 0 0 0 0 0 0 0 0 0
1 0 0 0 1 0 0 0 0 0 0 2 0 2 0 0 0 0 0 0 2 2 0 0 0 0 0 0 0 0 0 0 0 0
1 0 0 0 1 0 0 0 0 0 0 2 0 2 0 0 0 0 0 0 2 2 0 0 0 0 0 0 0 0 0 0 0 0
1 0 0 1 0 0 0 1 0 1 0 0 0 0 0 0 0 0 0 0 2 1 0 0 0 0 0 0 0 0 0 0 0 0
0 0 0 1 0 0 0 2 1 2 0 0 1 3 0 0 0 0 0 0 3 2 0 0 0 0 0 0 0 0 0 0 0 0
1 0 0 0 1 0 0 0 2 0 0 1 0 1 0 0 0 0 0 0 2 2 0 0 0 0 0 0 0 0 0 0 0 0
0 0 0 3 0 0 0 2 0 0 0 14 0 4 0 0 0 1 0 0 3 2 0 0 0 0 0 0 0 0 0 0 0 0
1 0 0 0 2 0 0 0 0 0 0 1 0 2 0 0 0 0 0 1 2 2 0 0 0 0 0 0 0 0 0 0 0 0
0 0 0 1 0 0 0 2 2 2 0 0 1 2 0 0 0 0 0 0 2 1 0 0 0 0 0 0 0 0 0 0 0 0
0 0 0 1 0 0 0 1 2 2 0 2 0 0 0 0 0 0 0 0 2 1 0 0 0 0 0 0 0 0 0 0 0 0
0 0 0 1 0 0 0 1 1 3 0 0 2 0 0 0 0 0 0 0 3 1 0 0 0 0 0 0 0 0 0 1 0 0
1 0 0 0 1 0 0 0 0 0 0 2 0 2 0 0 0 0 0 0 2 2 0 0 0 0 0 0 0 0 0 0 0 0
0 0 0 1 3 0 0 0 1 1 1 3 0 2 0 0 0 0 0 0 2 1 0 0 0 0 0 0 0 0 0 0 0 0
0 0 0 0 0 0 0 2 0 0 0 9 0 0 0 0 0 0 0 0 2 1 0 0 0 0 0 0 0 0 0 0 0 0
0 0 0 1 0 0 0 4 8 2 0 0 1 0 0 0 0 0 0 0 2 3 0 0 0 0 0 0 0 0 0 0 0 0
0 0 0 3 0 0 0 1 0 0 0 6 0 1 0 1 0 0 0 1 2 1 0 0 0 0 0 0 0 0 0 0 0 0
0 0 0 3 1 0 0 3 1 0 0 3 0 0 0 2 0 0 0 1 2 3 0 0 0 0 0 0 0 0 0 0 0 0
0 0 0 2 3 0 0 1 0 0 1 3 0 1 0 0 0 0 0 0 4 1 0 0 0 0 0 0 0 0 0 0 0 0
0 0 0 3 2 0 0 1 0 0 1 3 0 1 0 0 0 0 0 0 4 1 0 0 0 0 0 0 0 0 0 0 0 0
1 0 0 1 1 0 0 2 0 0 0 0 1 1 0 0 0 0 0 0 2 2 0 0 0 0 0 0 0 0 0 0 0 0
0 0 0 0 35 0 0 1 0 2 0 0 0 69 0 0 0 0 0 0 1 35 0 0 0 0 0 0 0 0 0 0 0 0
0 0 0 0 3 1 0 0 0 1 1 3 0 1 0 0 0 0 0 0 4 1 0 0 0 0 0 0 0 0 0 0 0 0
0 0 0 4 1 0 0 7 0 1 0 6 0 3 0 0 0 0 0 0 3 5 0 0 0 0 0 0 0 0 0 0 0 0
0 0 0 1 0 0 0 0 0 0 0 10 0 9 0 0 0 1 0 0 3 2 0 0 0 0 0 0 0 0 0 0 0 0
1 0 0 0 1 0 0 0 0 0 0 2 0 2 0 0 0 0 0 0 2 2 0 0 0 0 0 0 0 0 0 0 0 0
0 0 0 0 2 0 0 0 0 0 0 9 0 0 0 0 0 0 0 0 2 1 0 0 0 0 0 0 0 0 0 0 0 0
0 0 0 1 6 0 0 2 1 1 3 6 0 4 0 0 0 0 0 0 3 2 0 0 0 0 0 0 0 0 0 0 0 0
0 0 0 4 1 0 0 1 0 1 0 5 0 1 0 0 0 1 0 0 2 1 0 0 0 0 0 0 0 0 0 0 0 0
0 0 0 1 0 1 1 2 0 0 0 4 0 0 0 0 0 0 0 0 2 1 0 0 0 0 0 0 0 0 0 0 0 0
0 0 0 0 0 0 0 3 2 3 0 0 3 1 0 0 0 0 0 0 1 2 0 0 0 0 0 0 0 0 0 0 0 0
0 0 0 0 0 0 1 6 0 1 0 15 0 0 0 0 0 0 0 0 3 2 0 0 0 0 0 0 0 0 0 0 0 0
0 0 0 2 0 0 0 1 1 0 0 8 0 9 0 0 0 0 0 1 3 2 0 0 0 0 0 0 0 0 0 0 0 0
0 0 0 1 2 1 0 0 0 1 1 3 0 1 0 0 0 0 0 0 4 1 0 0 0 0 0 0 0 0 0 0 0 0
0 0 0 4 0 0 0 0 0 0 0 5 0 1 0 0 0 2 0 0 2 1 0 0 0 0 0 0 0 0 0 0 0 0
0 0 0 0 3 1 0 0 0 1 1 3 0 1 0 0 0 0 0 0 4 1 0 0 0 0 0 0 0 0 0 0 0 0
0 0 0 0 8 0 0 3 0 2 3 5 0 4 0 0 0 0 0 0 3 2 0 0 0 0 0 0 0 0 0 0 0 0
0 0 0 2 1 0 0 4 0 0 0 4 0 1 0 0 0 1 0 0 2 1 0 0 0 0 0 0 0 0 0 0 0 0
0 0 0 1 0 0 0 1 0 0 0 17 0 0 0 0 0 0 0 1 3 2 0 0 0 0 0 0 0 0 0 0 0 1
0 0 0 2 0 0 0 2 2 0 0 7 0 3 0 0 0 3 0 0 3 2 0 0 0 0 0 0 0 0 0 0 0 0
0 0 0 1 0 0 0 3 2 0 0 10 0 1 0 0 0 2 0 0 3 2 0 0 0 0 0 0 0 0 0 0 0 0
0 0 0 4 1 0 0 3 1 0 0 10 0 3 0 0 0 0 0 1 3 2 0 0 0 0 0 0 0 0 0 0 0 0
0 0 0 1 1 0 0 2 0 1 0 8 0 1 0 0 0 0 0 1 3 1 0 0 0 0 0 0 0 0 0 0 0 0
0 0 0 1 2 0 0 1 0 0 0 6 0 11 0 0 0 1 0 0 3 3 0 0 0 0 0 0 0 0 0 0 0 0
0 0 0 2 1 0 0 3 0 1 0 0 0 0 0 0 0 0 0 1 2 1 0 0 0 0 0 0 0 0 0 0 0 0
1 0 0 0 1 0 0 0 0 0 0 2 0 2 0 0 0 0 0 0 2 2 0 0 0 0 0 0 0 0 0 0 0 0
0 0 0 0 1 0 0 0 1 3 0 3 0 1 0 0 0 0 0 0 4 1 0 0 0 0 0 0 0 0 0 0 0 0
0 0 0 0 2 0 0 1 1 2 0 3 0 3 0 0 0 0 2 1 3 1 0 0 0 0 0 0 0 0 0 0 0 0
0 0 0 1 2 0 0 0 1 2 0 3 0 1 0 0 0 0 0 0 4 1 0 0 0 0 0 0 0 0 0 0 0 0
0 0 0 2 3 0 0 1 0 0 1 3 0 1 0 0 0 0 0 0 4 1 0 0 0 0 0 0 0 0 0 0 0 0
0 0 0 1 0 0 0 3 0 2 0 1 0 2 0 0 0 1 0 0 1 1 0 0 0 0 0 0 0 0 0 0 0 0
0 0 0 4 2 0 0 4 0 1 0 12 0 0 0 0 0 0 0 2 3 2 0 0 0 0 0 0 0 0 0 0 0 0
0 0 0 2 2 0 0 1 1 1 1 1 0 1 0 0 0 0 0 0 2 1 0 0 0 0 0 0 0 0 0 0 0 0
0 0 0 2 1 0 0 1 1 0 0 6 0 10 0 0 0 0 0 2 3 4 0 0 0 0 0 0 0 0 0 0 0 0
0 0 0 2 0 0 0 3 0 1 0 3 0 1 0 0 0 0 0 1 2 1 0 0 0 0 0 0 0 0 0 0 0 0
1 0 0 2 1 0 0 0 0 2 0 0 0 2 0 0 0 0 0 0 2 2 0 0 0 0 0 0 0 0 0 0 0 0
0 0 0 0 2 0 0 1 1 1 0 0 0 0 0 1 0 0 0 0 1 1 0 0 0 0 0 0 0 0 0 0 0 0
0 0 0 2 3 1 0 2 1 1 1 1 0 2 0 0 0 0 0 0 4 1 0 0 0 0 0 0 0 0 0 0 0 0
0 0 0 4 1 0 0 1 0 0 0 3 0 1 0 0 0 0 0 1 2 1 0 0 0 0 0 0 0 0 0 0 0 0
0 0 0 3 2 0 0 1 0 0 1 3 0 1 0 0 0 0 0 0 4 1 0 0 0 0 0 0 0 0 0 0 0 0
0 0 0 3 1 0 0 2 3 0 0 0 0 0 0 0 0 0 0 0 2 1 0 0 0 0 0 0 0 0 0 0 0 0
1 0 0 0 1 0 0 0 0 0 0 2 0 2 0 0 0 0 0 0 2 2 0 0 0 0 0 0 0 0 0 0 0 0
0 0 0 1 0 0 0 1 1 1 0 0 0 0 0 0 0 0 0 0 1 1 0 0 0 0 0 0 0 0 0 0 0 0
0 0 0 0 1 0 0 0 3 1 0 0 0 1 0 0 0 0 0 0 1 1 0 0 0 0 0 0 0 0 0 0 0 0
0 0 0 4 0 0 0 6 0 0 0 8 0 3 0 0 0 2 1 0 3 4 0 0 0 0 0 0 0 0 0 0 0 0
0 0 0 1 0 0 0 1 1 8 0 0 3 5 0 0 1 0 0 0 3 3 0 0 0 0 0 0 0 0 0 0 0 0
0 0 0 0 2 0 2 2 0 1 1 6 0 6 0 0 0 0 0 0 3 2 0 0 0 0 0 0 0 0 0 0 0 1
1 0 0 1 1 0 0 1 1 0 0 1 0 2 0 0 0 0 0 0 2 2 0 0 0 0 0 0 0 0 0 0 0 0
0 0 0 3 4 0 0 2 0 0 1 1 0 2 0 0 0 0 0 0 2 1 0 0 0 0 0 0 0 0 0 0 0 0
0 0 0 1 6 0 0 2 0 5 1 6 0 3 0 0 0 0 0 0 3 2 0 0 0 0 0 0 0 0 0 0 0 0
0 0 0 4 0 0 0 3 1 0 0 5 0 1 0 0 0 0 0 1 3 1 0 0 0 0 0 0 0 0 0 0 0 0
0 0 0 0 2 0 0 0 1 2 1 3 0 1 0 0 0 0 0 0 4 1 0 0 0 0 0 0 0 0 0 0 0 0
1 0 0 0 1 0 0 0 0 0 0 2 0 2 0 0 0 0 0 0 2 2 0 0 0 0 0 0 0 0 0 0 0 0
0 0 0 4 2 0 0 3 0 0 0 12 0 4 0 0 0 0 0 0 3 2 0 0 0 0 0 0 0 0 0 0 0 0
0 0 0 1 0 0 0 2 0 1 0 7 1 0 0 0 0 1 0 0 2 2 0 0 0 0 0 0 0 0 0 0 0 0
0 0 0 0 1 0 1 3 1 0 0 0 1 1 0 0 0 0 0 0 2 1 0 0 0 0 0 0 0 0 0 1 0 0
0 0 0 1 0 0 0 1 1 1 0 1 0 0 0 0 0 1 0 0 1 1 0 0 0 0 0 0 0 0 0 0 0 0
1 0 0 0 1 0 0 0 0 0 0 2 0 2 0 0 0 0 0 0 2 2 0 0 0 0 0 0 0 0 0 0 0 0
0 0 0 0 1 0 0 1 0 0 0 9 0 9 0 0 0 0 0 0 3 2 0 0 0 0 0 0 0 0 0 0 0 0
0 0 0 1 3 0 1 0 0 1 1 3 0 1 0 0 0 0 0 0 4 1 0 0 0 0 0 0 0 0 0 0 0 0
0 0 0 1 6 0 0 3 0 5 2 5 0 3 0 0 0 0 0 0 3 2 0 0 0 0 0 0 0 0 0 0 0 0
0 0 0 5 1 0 0 5 0 1 0 6 1 3 0 0 0 1 0 0 3 5 0 0 0 0 0 0 0 0 0 0 0 0
0 0 0 0 1 0 0 3 2 2 0 0 1 2 0 0 0 0 0 0 3 1 0 0 0 0 0 0 0 0 0 0 0 0
1 0 0 0 1 0 0 0 0 0 0 2 0 2 0 0 0 0 0 0 2 2 0 0 0 0 0 0 0 0 0 0 0 0
0 0 0 0 1 1 0 0 0 2 1 3 0 0 0 0 0 1 0 0 3 1 0 0 0 0 0 0 0 0 0 0 0 0
0 0 0 0 4 0 0 0 0 0 0 7 0 2 0 0 0 1 0 0 2 1 0 0 0 0 0 0 0 0 0 0 0 0
1 0 0 2 0 0 0 2 1 0 1 2 0 0 0 0 0 0 0 0 2 1 0 0 0 0 0 0 0 0 0 0 0 0
1 0 0 0 1 0 0 0 0 0 0 2 0 2 0 0 0 0 0 0 2 2 0 0 0 0 0 0 0 0 0 0 0 0
1 0 0 0 1 0 0 0 0 0 0 2 0 2 0 0 0 0 0 0 2 2 0 0 0 0 0 0 0 0 0 0 0 0
0 0 0 2 0 0 0 5 1 0 0 1 0 1 0 0 0 0 0 0 2 1 0 0 0 0 0 0 0 0 0 0 0 0
0 0 0 2 1 0 0 2 0 3 2 1 0 6 0 0 0 1 0 1 2 4 0 0 0 0 0 0 0 0 0 0 0 0
0 0 0 3 0 0 0 2 1 0 0 6 0 0 0 0 0 0 0 0 2 1 0 0 0 0 0 0 0 0 0 0 0 0
0 0 0 0 0 0 1 1 1 1 0 4 2 3 0 0 0 0 0 0 3 1 0 0 0 0 0 0 0 0 0 0 0 0
0 0 0 0 5 0 0 3 1 4 2 6 0 3 0 0 0 0 0 0 3 2 0 0 0 0 0 0 0 0 0 0 0 0
0 0 0 0 0 0 0 1 0 1 0 2 1 1 0 0 0 0 0 0 1 1 0 0 0 0 0 0 0 0 0 0 0 0
1 0 0 0 1 0 0 0 0 0 0 2 0 2 0 0 0 0 0 0 2 2 0 0 0 0 0 0 0 0 0 0 0 0
0 0 0 1 0 0 0 1 0 1 0 0 1 1 0 0 0 0 0 0 1 1 0 0 0 0 0 0 0 0 0 0 0 0
0 0 0 1 4 0 0 1 0 0 1 3 0 1 0 0 0 0 0 0 4 1 0 0 0 0 0 0 0 0 0 0 0 0
0 0 0 0 0 0 0 2 0 0 0 8 0 1 0 0 0 0 0 0 2 1 0 0 0 0 0 0 0 0 0 0 0 0
0 0 0 0 0 0 0 5 3 3 0 6 0 3 0 1 0 0 0 0 3 2 0 0 0 0 0 0 0 0 0 0 0 0
0 0 0 4 1 0 0 2 0 1 0 4 0 0 0 1 0 0 0 1 2 3 0 0 0 0 0 0 0 0 0 0 0 0
0 0 0 0 3 0 0 0 1 2 0 3 0 1 0 0 0 0 0 0 4 1 0 0 0 0 0 0 0 0 0 0 0 0
0 0 0 2 1 0 0 1 1 0 0 5 0 1 0 1 0 0 0 1 2 1 0 0 0 0 0 0 0 0 0 0 0 0
0 0 0 1 7 0 0 3 0 1 3 4 0 4 0 0 0 0 0 0 3 3 0 0 0 0 0 0 0 0 0 0 0 0
0 0 0 1 0 0 0 2 1 2 0 0 1 1 0 0 0 0 0 0 2 1 0 0 0 0 0 0 0 0 0 1 0 0
0 0 0 0 0 0 0 0 0 0 0 10 0 9 0 0 0 0 0 0 3 2 0 0 0 0 0 0 0 0 0 0 0 0
0 0 0 1 0 0 0 2 2 2 0 0 1 2 0 0 0 0 0 0 2 1 0 0 0 0 0 0 0 0 0 0 0 0
0 0 0 1 2 0 0 0 0 1 1 3 0 2 0 0 0 0 0 0 4 1 0 0 0 0 0 0 0 0 0 0 0 0
0 0 0 1 0 0 0 5 0 1 0 3 0 0 0 0 0 0 0 1 2 1 0 0 0 0 0 0 0 0 0 0 0 0
1 0 0 0 1 0 0 0 0 0 0 2 0 2 0 0 0 0 0 0 2 2 0 0 0 0 0 0 0 0 0 0 0 0
0 0 0 0 0 0 0 1 2 0 0 7 0 1 0 0 0 0 0 1 2 1 0 0 0 0 0 0 0 0 0 0 0 0
0 0 0 1 0 0 1 2 1 2 0 8 1 1 0 0 0 0 0 0 2 3 0 0 0 0 0 0 0 0 0 0 0 0
0 0 0 1 2 0 0 3 2 1 1 2 0 2 0 0 0 0 0 0 4 1 0 0 0 0 0 0 0 0 0 0 0 0
0 0 0 2 3 0 1 0 0 1 0 3 0 1 0 0 0 0 0 0 4 1 0 0 0 0 0 0 0 0 0 0 0 0
0 0 0 1 7 0 0 1 0 2 3 5 0 5 0 0 0 1 0 0 3 2 0 0 0 0 0 0 0 0 0 0 0 0
1 0 0 0 1 0 0 0 0 0 0 2 0 2 0 0 0 0 0 0 2 2 0 0 0 0 0 0 0 0 0 0 0 0
0 0 0 0 0 0 0 0 1 3 0 4 0 0 0 0 0 0 0 0 2 2 0 0 0 0 0 0 0 0 0 0 0 0
0 0 0 2 0 0 0 0 1 3 0 0 0 0 0 0 0 0 0 0 1 1 0 0 0 0 0 0 0 0 0 0 0 0
1 0 0 0 1 0 0 0 0 0 0 2 0 2 0 0 0 0 0 0 2 2 0 0 0 0 0 0 0 0 0 0 0 0
0 0 0 0 4 0 0 0 0 3 1 6 0 2 0 0 0 0 0 0 2 2 0 0 0 0 0 0 0 0 0 0 0 1
0 0 0 4 0 0 0 5 0 1 0 11 0 2 0 1 0 0 0 1 3 3 0 0 0 0 0 0 0 0 0 0 0 0
0 0 0 5 1 0 0 0 0 0 0 6 0 7 0 0 0 1 0 0 3 2 0 0 0 0 0 0 0 0 0 0 0 0
0 0 0 3 0 0 0 2 0 0 0 5 1 1 0 0 0 0 0 0 2 2 0 0 0 0 0 0 0 0 0 0 0 0
0 0 0 1 2 0 0 4 0 1 0 14 0 3 0 0 0 0 0 1 3 2 0 0 0 0 0 0 0 0 0 0 0 0
0 0 0 1 1 0 1 1 1 1 0 4 2 3 0 0 0 0 0 0 3 2 0 0 0 0 0 0 0 0 0 1 0 0
0 0 0 2 2 0 0 3 0 0 0 2 0 2 0 0 0 0 0 1 3 1 0 0 0 0 0 0 0 0 0 0 0 0
1 0 0 0 1 0 0 0 0 0 0 2 0 2 0 0 0 0 0 0 2 2 0 0 0 0 0 0 0 0 0 0 0 0
0 0 0 2 1 0 0 0 0 0 0 8 0 0 0 0 0 0 0 1 2 1 0 0 0 0 0 0 0 0 0 0 0 0
0 0 0 2 2 0 0 1 0 2 1 1 0 2 0 0 0 3 0 0 4 3 0 0 0 0 0 0 0 0 0 0 0 0
0 0 0 6 0 0 0 1 0 1 1 13 0 20 0 0 0 2 0 2 1 19 0 0 0 0 0 0 0 0 0 0 0 1
0 0 0 1 1 0 0 1 2 2 0 0 0 64 0 0 0 1 0 0 2 2 0 0 0 0 0 0 0 0 0 0 0 0
0 0 0 3 1 0 0 7 0 1 0 8 0 4 0 0 0 0 0 1 3 5 0 0 0 0 0 0 0 0 0 0 0 0
0 0 0 3 4 0 0 3 0 1 1 0 0 1 0 0 0 2 0 0 4 3 0 0 0 0 0 0 0 0 0 0 0 0
1 0 0 0 1 0 0 0 0 0 0 1 0 2 0 0 0 0 0 0 2 2 0 0 0 0 0 0 0 0 0 0 0 1
0 0 0 1 8 0 0 7 0 3 2 2 0 5 0 0 0 0 0 0 3 6 0 0 0 0 0 0 0 0 0 0 0 0
0 0 0 1 0 0 0 0 0 1 0 4 0 2 0 0 0 1 0 0 1 1 0 0 0 0 0 0 0 0 0 0 0 0
0 0 0 0 2 0 0 0 1 2 1 3 0 1 0 0 0 0 0 0 4 1 0 0 0 0 0 0 0 0 0 0 0 0
0 0 0 1 0 0 0 2 0 0 0 13 0 2 0 1 0 1 0 1 3 2 0 0 0 0 0 0 0 0 0 0 0 0
1 0 0 1 1 0 0 2 0 0 0 1 0 2 0 0 0 0 0 0 2 2 0 0 0 0 0 0 0 0 0 0 0 0
0 0 0 2 2 0 0 0 0 2 1 2 0 1 0 0 0 0 0 1 4 1 0 0 0 0 0 0 0 0 0 0 0 0
1 0 0 0 1 0 0 0 0 0 0 2 0 2 0 0 0 0 0 0 2 2 0 0 0 0 0 0 0 0 0 0 0 0
1 0 0 0 1 0 0 0 0 0 0 2 0 2 0 0 0 0 0 0 2 2 0 0 0 0 0 0 0 0 0 0 0 0
0 0 0 1 0 1 0 0 3 1 1 0 2 1 0 0 0 0 0 0 3 1 0 0 0 0 0 0 0 0 0 0 0 0
0 0 0 0 0 0 0 2 0 0 0 8 0 0 0 0 0 0 0 1 2 1 0 0 0 0 0 0 0 0 0 0 0 0
0 0 0 1 6 0 0 3 0 5 2 4 0 4 0 0 0 0 0 0 3 4 0 0 0 0 0 0 0 0 0 0 0 0
1 0 0 0 1 0 0 0 0 0 0 2 0 2 0 0 0 0 0 0 2 2 0 0 0 0 0 0 0 0 0 0 0 0
0 0 0 1 4 0 0 1 0 0 1 3 0 1 0 0 0 0 0 0 4 1 0 0 0 0 0 0 0 0 0 0 0 0
1 0 0 0 1 0 0 0 0 0 0 2 0 2 0 0 0 0 0 0 2 2 0 0 0 0 0 0 0 0 0 0 0 0
0 0 0 1 0 0 1 3 0 0 0 4 0 0 0 0 0 0 0 0 2 1 0 0 0 0 0 0 0 0 0 0 0 0
0 0 0 1 0 0 0 1 0 1 0 0 1 0 0 0 0 0 0 0 1 1 0 0 0 0 0 0 0 0 0 0 0 0
0 0 0 0 2 0 0 0 1 2 1 3 0 1 0 0 0 0 0 0 4 1 0 0 0 0 0 0 0 0 0 0 0 0
0 0 0 1 4 0 0 0 1 3 2 5 0 3 0 0 0 2 0 0 3 3 0 0 0 0 0 0 0 0 0 0 0 0
0 0 0 1 0 0 0 2 0 0 0 8 0 1 0 0 0 0 0 0 2 1 0 0 0 0 0 0 0 0 0 0 0 0
0 0 0 2 3 0 0 2 0 3 0 0 0 1 0 0 0 3 0 0 4 3 0 0 0 0 0 0 0 0 0 0 0 0
1 0 0 0 2 0 0 1 0 1 0 1 0 2 0 0 0 0 0 0 2 2 0 0 0 0 0 0 0 0 0 0 0 0
0 0 0 1 0 0 0 1 1 1 0 0 0 0 0 0 0 0 0 0 1 1 0 0 0 0 0 0 0 0 0 0 0 0
0 0 0 2 0 0 0 0 0 0 0 9 0 0 0 0 0 0 0 0 2 1 0 0 0 0 0 0 0 0 0 0 0 0
1 0 0 0 1 1 0 0 1 1 1 0 0 65 0 0 0 1 0 0 2 2 0 0 0 0 0 0 0 0 0 0 0 0
0 0 0 1 3 0 1 0 0 1 1 3 0 1 0 0 0 0 0 0 4 1 0 0 0 0 0 0 0 0 0 0 0 0
0 0 0 1 0 0 0 4 0 0 0 12 0 3 0 0 0 0 0 0 3 2 0 0 0 0 0 0 0 0 0 0 0 0
0 0 0 0 3 0 0 1 1 3 2 7 0 2 0 0 0 0 0 0 3 2 0 0 0 0 0 0 0 0 0 0 0 0
0 0 0 0 2 0 0 3 0 2 1 3 0 6 0 0 0 1 0 0 4 1 0 0 0 0 0 0 0 0 0 0 0 0
1 0 0 0 1 0 0 0 0 0 0 2 0 2 0 0 0 0 0 0 2 2 0 0 0 0 0 0 0 0 0 0 0 0
0 0 0 1 3 0 0 1 0 2 0 3 0 1 0 0 0 0 0 0 4 1 0 0 0 0 0 0 0 0 0 0 0 0
0 0 0 0 6 0 0 0 0 3 3 7 0 3 0 0 0 0 0 0 3 2 0 0 0 0 0 0 0 0 0 0 0 0
0 0 0 0 2 0 0 0 0 4 0 3 0 1 0 0 0 0 0 0 4 1 0 0 0 0 0 0 0 0 0 0 0 0
0 0 0 1 2 1 0 0 0 1 1 3 0 1 0 0 0 0 0 0 4 1 0 0 0 0 0 0 0 0 0 0 0 0
1 0 0 0 1 0 0 0 0 0 0 1 0 2 0 0 0 0 0 0 2 2 0 0 0 0 0 0 0 0 0 0 0 1
0 0 0 3 0 0 0 1 1 3 0 0 2 1 0 0 0 2 0 0 3 1 0 0 0 0 0 0 0 0 0 0 0 0
0 0 0 3 2 0 0 2 0 1 1 0 0 2 0 0 0 0 0 0 4 2 0 0 0 0 0 0 0 0 0 0 0 0
0 0 0 2 0 0 0 3 0 0 0 6 0 3 0 0 0 0 0 0 2 1 0 0 0 0 0 0 0 0 0 0 0 0
1 0 0 0 1 0 0 0 0 0 0 2 0 2 0 0 0 0 0 0 2 2 0 0 0 0 0 0 0 0 0 0 0 0
0 0 0 3 0 0 0 4 0 0 0 1 1 2 0 0 0 0 0 0 2 2 0 0 0 0 0 0 0 0 0 0 0 0
1 0 0 0 1 0 0 0 0 0 0 2 0 2 0 0 0 0 0 0 2 2 0 0 0 0 0 0 0 0 0 0 0 0
0 0 0 1 7 0 0 3 1 2 3 5 0 4 0 0 0 0 0 0 3 2 0 0 0 0 0 0 0 0 0 0 0 0
0 0 0 1 0 0 1 1 3 1 0 0 1 0 0 0 0 0 0 0 2 1 0 0 0 0 0 0 0 0 0 0 0 0
0 0 0 0 0 0 0 5 0 4 0 0 3 2 0 0 0 0 0 0 3 1 0 0 0 0 0 0 0 0 0 0 0 0
0 0 0 0 6 0 0 4 2 1 3 5 0 3 0 0 0 0 0 0 3 2 0 0 0 0 0 0 0 0 0 0 0 0
0 0 0 2 0 0 0 3 0 2 0 8 2 0 0 0 0 0 0 0 2 2 0 0 0 0 0 0 0 0 0 0 0 0
0 0 0 1 2 0 0 3 0 0 1 3 0 1 0 0 0 0 0 0 4 1 0 0 0 0 0 0 0 0 0 0 0 0
0 0 0 0 3 1 0 0 0 1 1 3 0 1 0 0 0 0 0 0 4 1 0 0 0 0 0 0 0 0 0 0 0 0
0 0 0 1 0 0 0 1 0 1 0 0 1 1 0 0 0 0 0 0 1 1 0 0 0 0 0 0 0 0 0 0 0 0
0 0 0 0 3 0 0 0 1 2 0 3 0 1 0 0 0 0 0 0 4 1 0 0 0 0 0 0 0 0 0 0 0 0
0 1 0 1 0 0 0 0 1 2 0 0 0 0 0 0 0 0 0 0 2 1 0 0 0 0 0 0 0 0 0 0 0 0
1 0 0 0 1 0 0 0 2 0 0 1 0 1 0 0 0 0 0 0 2 2 0 0 0 0 0 0 0 0 0 0 0 0
0 0 0 5 0 0 0 3 3 0 0 8 0 1 0 0 0 3 0 1 3 3 0 0 0 0 0 0 0 0 0 0 0 0
0 0 0 0 4 0 0 1 0 4 2 7 0 2 0 0 0 1 0 0 3 2 0 0 0 0 0 0 0 0 0 0 0 0
0 0 0 1 1 0 0 2 0 1 0 8 1 1 0 0 0 0 0 0 2 3 0 0 0 0 0 0 0 0 0 0 0 0
0 0 0 4 3 0 0 1 0 1 0 1 0 1 0 0 0 0 0 1 4 2 0 0 0 0 0 0 0 0 0 0 0 0
0 0 0 1 0 0 0 0 2 4 0 0 3 6 0 0 0 0 0 0 3 3 0 0 0 0 0 0 0 0 0 0 0 0
0 0 0 3 3 0 0 1 0 0 1 2 0 2 0 0 0 0 0 0 4 1 0 0 0 0 0 0 0 0 0 0 0 0
0 0 0 1 0 2 0 2 1 3 0 0 1 0 0 0 0 0 0 0 2 1 0 0 0 0 0 0 0 0 0 0 0 0
0 0 0 1 3 0 0 0 0 1 1 3 0 2 0 0 0 0 1 0 2 1 0 0 0 0 0 0 0 0 0 0 0 0
0 0 0 1 1 0 0 2 0 0 0 8 0 1 0 0 0 2 0 0 3 1 0 0 0 0 0 0 0 0 0 0 0 0
0 0 0 1 1 0 0 2 0 2 0 0 2 2 0 0 0 0 0 0 1 2 0 0 0 0 0 0 0 0 0 0 0 0
1 0 0 0 1 0 0 0 0 0 0 2 0 2 0 0 0 0 0 0 2 2 0 0 0 0 0 0 0 0 0 0 0 0
0 0 0 0 3 1 0 0 0 1 1 3 0 1 0 0 0 0 0 0 4 1 0 0 0 0 0 0 0 0 0 0 0 0
0 0 0 2 4 0 0 2 0 0 1 2 0 2 0 0 0 0 0 0 4 1 0 0 0 0 0 0 0 0 0 0 0 0
0 0 0 0 6 0 0 1 0 3 2 7 0 3 0 0 0 0 0 0 3 2 0 0 0 0 0 0 0 0 0 0 0 0
0 0 0 0 1 0 0 0 3 1 0 0 0 1 0 0 0 0 0 0 1 1 0 0 0 0 0 0 0 0 0 0 0 0
0 0 0 5 3 0 0 7 3 0 1 59 0 66 0 0 0 1 0 1 1 67 0 0 0 0 0 0 0 0 0 0 0 1
0 0 0 2 7 0 0 2 0 3 2 4 0 6 0 0 0 1 0 0 3 2 0 0 0 0 0 0 0 0 0 0 0 0
0 0 0 0 2 0 1 1 1 3 0 0 0 1 0 0 0 1 0 0 1 2 0 0 0 0 0 0 0 0 0 0 0 0
1 0 0 1 1 0 0 2 0 0 0 0 1 1 0 0 0 0 0 0 2 2 0 0 0 0 0 0 0 0 0 0 0 0
0 0 0 2 8 0 0 4 2 1 2 3 0 3 0 0 0 0 0 2 3 4 0 0 0 0 0 0 0 0 0 0 0 0
0 0 0 2 1 0 0 3 0 0 0 13 0 4 0 1 0 0 0 0 3 2 0 0 0 0 0 0 0 0 0 0 0 0
0 0 0 2 0 0 0 8 1 0 0 0 0 0 0 0 0 0 0 0 2 1 0 0 0 0 0 0 0 0 0 0 0 0
1 0 0 0 1 0 0 0 0 0 0 2 0 2 0 0 0 0 0 0 2 2 0 0 0 0 0 0 0 0 0 0 0 0
1 0 0 0 1 0 0 0 0 0 0 1 0 2 0 0 0 0 0 0 2 2 0 0 0 0 0 0 0 0 0 0 0 1
0 0 0 4 0 0 0 3 0 1 0 5 0 0 0 0 0 1 0 0 2 3 0 0 0 0 0 0 0 0 0 0 0 0
0 0 0 0 0 0 0 0 0 0 0 14 0 1 0 0 0 2 0 0 3 2 0 0 0 0 0 0 0 0 0 0 0 0
1 0 0 0 1 0 0 0 0 0 0 2 0 2 0 0 0 0 0 0 2 2 0 0 0 0 0 0 0 0 0 0 0 0
0 0 0 2 6 0 0 3 0 5 1 4 0 3 0 0 0 2 0 0 3 4 0 0 0 0 0 0 0 0 0 0 0 0
0 0 0 1 2 1 0 0 0 1 1 3 0 1 0 0 0 0 0 0 4 1 0 0 0 0 0 0 0 0 0 0 0 0
0 0 0 2 0 0 0 0 1 0 0 9 0 7 0 0 0 1 0 0 4 1 0 0 0 0 0 0 0 0 0 0 0 0
0 0 0 0 2 0 0 1 1 2 0 3 0 5 0 0 0 0 0 1 3 1 0 0 0 0 0 0 0 0 0 0 0 0
0 0 0 2 0 0 0 0 0 0 0 13 0 6 0 0 0 1 0 0 3 2 0 0 0 0 0 0 0 0 0 0 0 0
0 0 0 0 0 0 0 4 3 1 0 5 0 4 0 0 0 0 0 0 2 2 0 0 0 0 0 0 0 0 0 0 0 0
0 0 0 0 2 0 0 0 1 2 0 3 0 1 0 0 0 0 0 0 4 1 0 0 0 0 0 0 0 0 0 0 0 0
0 0 0 1 5 0 0 2 1 0 1 1 0 3 0 0 0 0 0 0 4 3 0 0 0 0 0 0 0 0 0 0 0 0
1 0 0 0 1 0 0 0 0 0 0 2 0 2 0 0 0 0 0 0 2 2 0 0 0 0 0 0 0 0 0 0 0 0
0 0 0 0 1 0 0 1 3 2 3 14 0 83 0 0 0 1 0 0 1 16 0 0 0 0 0 0 0 0 0 0 0 0
0 0 0 0 2 0 0 0 1 2 1 3 0 1 0 0 0 0 0 0 4 1 0 0 0 0 0 0 0 0 0 0 0 0
1 0 0 0 1 0 0 0 0 0 0 2 0 2 0 0 0 0 0 0 2 2 0 0 0 0 0 0 0 0 0 0 0 0
0 0 0 1 0 0 0 1 0 0 0 15 0 2 0 0 0 1 0 0 4 1 0 0 0 0 0 0 0 0 0 0 0 0
0 0 0 0 1 0 0 2 0 0 0 5 0 0 0 0 0 1 0 1 2 1 0 0 0 0 0 0 0 0 0 0 0 1
0 0 0 3 2 0 0 1 0 1 0 3 0 1 0 0 0 0 0 0 4 1 0 0 0 0 0 0 0 0 0 0 0 0
1 0 0 1 1 0 0 1 1 0 0 1 0 2 0 0 0 0 0 0 2 2 0 0 0 0 0 0 0 0 0 0 0 0
0 0 0 6 5 0 0 8 2 4 0 53 0 64 0 0 0 4 0 2 1 65 0 0 0 0 0 0 0 0 0 0 0 1
0 0 0 0 1 0 0 0 1 1 1 0 4 3 0 0 0 0 0 0 1 2 0 0 0 0 0 0 0 0 0 0 0 0
0 0 0 0 2 0 0 0 1 3 1 0 0 2 0 0 0 0 0 1 2 1 0 0 0 0 0 0 0 0 0 0 0 0
0 0 0 0 2 0 0 0 1 2 1 3 0 1 0 0 0 0 0 0 4 1 0 0 0 0 0 0 0 0 0 0 0 0
0 0 0 2 2 0 0 2 1 1 2 0 0 1 0 0 0 0 0 2 4 3 0 0 0 0 0 0 0 0 0 0 0 0
1 0 0 1 1 0 0 1 0 0 0 1 0 2 0 0 0 0 0 0 2 2 0 0 0 0 0 0 0 0 0 0 0 0
0 0 0 1 0 0 0 2 1 1 0 0 0 0 0 0 0 0 0 0 2 1 0 0 0 0 0 0 0 0 0 1 0 0
0 0 0 4 0 0 0 3 0 0 0 6 0 1 0 0 0 0 0 0 2 3 0 0 0 0 0 0 0 0 0 0 0 0
1 0 0 0 1 0 0 0 0 0 0 2 0 2 0 0 0 0 0 0 2 2 0 0 0 0 0 0 0 0 0 0 0 0
0 0 0 0 2 0 0 0 1 2 0 3 0 1 0 0 0 0 0 0 4 1 0 0 0 0 0 0 0 0 0 0 0 0
0 0 0 1 0 1 0 3 0 3 0 0 2 0 0 0 0 0 0 0 3 1 0 0 0 0 0 0 0 0 0 0 0 0
1 0 0 0 1 0 0 0 0 0 0 2 0 2 0 0 0 0 0 0 2 2 0 0 0 0 0 0 0 0 0 0 0 0
0 0 0 1 6 0 0 2 0 2 3 6 0 4 0 0 0 0 0 0 3 2 0 0 0 0 0 0 0 0 0 0 0 0
0 0 0 8 1 0 0 4 7 4 0 54 0 63 0 0 0 1 0 1 1 66 0 0 0 0 0 0 0 0 0 0 0 1
0 0 0 0 2 0 0 2 1 1 1 3 0 2 0 0 0 0 0 0 4 1 0 0 0 0 0 0 0 0 0 0 0 0
0 0 0 2 3 0 0 1 0 0 1 3 0 1 0 0 0 0 0 0 4 1 0 0 0 0 0 0 0 0 0 0 0 0
0 0 0 0 2 0 0 2 1 1 1 3 0 2 0 0 0 0 0 0 4 1 0 0 0 0 0 0 0 0 0 0 0 0
1 0 0 0 1 0 0 0 0 0 0 2 0 2 0 0 0 0 0 0 2 2 0 0 0 0 0 0 0 0 0 0 0 0
1 0 0 0 1 0 0 0 0 0 0 2 0 2 0 0 0 0 0 0 2 2 0 0 0 0 0 0 0 0 0 0 0 0
0 0 0 2 6 0 0 0 0 5 1 5 0 5 0 0 0 1 0 0 3 2 0 0 0 0 0 0 0 0 0 0 0 0
0 0 0 2 2 0 0 0 0 1 1 6 0 8 0 0 0 2 0 0 3 2 0 0 0 0 0 0 0 0 0 0 0 1
0 0 0 0 2 0 0 3 0 2 0 3 0 0 0 0 0 0 0 0 2 1 0 0 0 0 0 0 0 0 0 0 0 0
0 0 0 1 2 0 0 2 1 1 1 2 0 6 0 0 0 0 0 1 3 1 0 0 0 0 0 0 0 0 0 0 0 0
0 0 0 1 1 0 0 1 1 1 0 2 1 0 0 0 0 0 0 0 1 2 0 0 0 0 0 0 0 0 0 0 0 0
0 0 0 2 2 0 0 2 1 2 1 0 0 1 0 0 0 0 0 0 4 2 0 0 0 0 0 0 0 0 0 0 0 0
0 0 0 2 1 0 0 2 1 0 0 16 0 1 0 0 0 1 0 0 3 2 0 0 0 0 0 0 0 0 0 0 0 0
0 0 0 2 0 0 0 0 0 0 0 8 0 10 0 0 0 1 0 1 3 2 0 0 0 0 0 0 0 0 0 0 0 0
0 0 0 5 2 0 0 2 1 0 0 0 0 1 0 0 0 3 0 1 2 3 0 0 0 0 0 0 0 0 0 0 0 0
0 0 0 0 6 0 0 1 0 3 2 7 0 3 0 0 0 0 0 0 3 2 0 0 0 0 0 0 0 0 0 0 0 0
0 0 0 3 0 0 0 3 0 0 0 13 0 4 0 0 0 0 0 1 3 2 0 0 0 0 0 0 0 0 0 0 0 1
0 0 0 1 2 1 0 0 0 1 1 3 0 1 0 0 0 0 0 0 4 1 0 0 0 0 0 0 0 0 0 0 0 0
0 0 0 0 0 0 0 2 0 0 0 9 0 0 0 0 0 0 0 0 2 1 0 0 0 0 0 0 0 0 0 0 0 0
0 0 0 1 2 0 0 0 0 1 1 3 0 2 0 0 0 0 0 0 4 1 0 0 0 0 0 0 0 0 0 0 0 0
1 0 0 0 1 0 0 0 0 0 0 2 0 2 0 0 0 0 0 0 2 2 0 0 0 0 0 0 0 0 0 0 0 0
0 0 0 0 2 0 0 1 0 1 2 3 0 1 0 0 0 0 0 0 4 1 0 0 0 0 0 0 0 0 0 0 0 0
0 0 0 6 0 0 0 3 2 2 0 2 0 5 0 0 0 4 0 0 4 2 0 0 0 0 0 0 0 0 0 0 0 0
0 0 0 0 2 0 0 0 0 2 2 3 0 1 0 0 0 0 0 0 4 1 0 0 0 0 0 0 0 0 0 0 0 0
0 0 0 2 0 0 0 1 1 0 0 7 0 8 0 0 0 1 0 2 3 4 0 0 0 0 0 0 0 0 0 0 0 0
0 0 0 1 2 1 0 0 0 1 1 3 0 1 0 0 0 0 0 0 4 1 0 0 0 0 0 0 0 0 0 0 0 0
0 0 0 1 2 0 0 6 1 0 0 5 0 0 0 0 0 0 0 0 2 3 0 0 0 0 0 0 0 0 0 0 0 0
1 0 0 1 1 0 0 0 0 1 0 1 0 2 0 0 0 1 0 0 2 2 0 0 0 0 0 0 0 0 0 0 0 0
0 0 0 1 0 0 0 2 0 3 1 0 0 59 0 0 0 0 0 0 1 3 0 0 0 0 0 0 0 0 0 0 0 0
1 0 0 1 1 0 0 1 0 0 0 1 0 2 0 0 0 0 0 0 2 2 0 0 0 0 0 0 0 0 0 0 0 0
0 0 0 1 1 0 0 2 1 1 0 1 1 2 0 0 0 0 0 0 1 3 0 0 0 0 0 0 0 0 0 0 0 0
0 0 0 0 0 0 0 1 4 1 0 0 0 2 0 0 0 0 0 0 2 2 0 0 0 0 0 0 0 0 0 0 0 0
0 0 0 1 0 0 0 1 1 1 0 0 2 0 0 0 0 0 0 1 1 1 0 0 0 0 0 0 0 0 0 0 0 0
0 0 0 1 1 0 0 2 0 1 0 5 2 3 0 0 0 1 0 0 2 2 0 0 0 0 0 0 0 0 0 0 0 0
0 0 0 0 0 0 0 2 1 1 0 6 1 2 0 0 0 0 0 0 3 1 0 0 0 0 0 0 0 0 0 0 0 0
0 0 0 1 0 0 0 2 0 0 0 7 0 2 0 0 0 1 0 0 2 1 0 0 0 0 0 0 0 0 0 0 0 0
1 0 0 0 1 0 0 0 0 0 0 2 0 2 0 0 0 0 0 0 2 2 0 0 0 0 0 0 0 0 0 0 0 0
1 0 0 0 1 0 0 0 0 0 0 2 0 2 0 0 0 0 0 0 2 2 0 0 0 0 0 0 0 0 0 0 0 0
1 0 0 0 0 0 0 2 2 1 0 0 2 0 0 0 0 0 0 0 2 2 0 0 0 0 0 0 0 0 0 0 0 0
1 0 0 0 1 0 0 0 0 0 0 2 0 2 0 0 0 0 0 0 2 2 0 0 0 0 0 0 0 0 0 0 0 0
0 0 0 0 8 0 0 1 1 2 3 5 0 4 0 0 0 0 0 1 3 2 0 0 0 0 0 0 0 0 0 0 0 0
1 0 0 0 1 0 0 0 0 0 0 2 0 2 0 0 0 0 0 0 2 2 0 0 0 0 0 0 0 0 0 0 0 0
1 0 0 1 1 0 0 0 0 0 0 1 0 2 0 0 0 0 0 1 2 2 0 0 0 0 0 0 0 0 0 0 0 0
0 0 0 1 1 0 0 1 1 1 0 0 1 0 0 0 0 0 0 0 1 2 0 0 0 0 0 0 0 0 0 0 0 0
0 0 0 0 3 0 0 0 1 2 0 3 0 1 0 0 0 0 0 0 4 1 0 0 0 0 0 0 0 0 0 0 0 0
0 0 0 0 3 0 0 0 0 2 1 3 0 1 0 0 0 0 0 0 4 1 0 0 0 0 0 0 0 0 0 0 0 0
0 0 0 4 1 0 0 5 0 0 0 12 0 3 0 0 0 0 0 0 3 4 0 0 0 0 0 0 0 0 0 0 0 0
0 0 0 3 0 0 0 8 0 2 0 30 0 34 0 0 0 1 0 0 1 34 0 0 0 0 0 0 0 0 0 0 0 1
0 0 0 0 2 0 0 0 0 0 0 9 0 0 0 0 0 0 0 0 2 1 0 0 0 0 0 0 0 0 0 0 0 0
0 0 0 3 0 0 0 2 0 0 0 3 0 2 0 0 0 0 0 1 2 1 0 0 0 0 0 0 0 0 0 0 0 0
1 0 0 0 1 0 0 0 0 0 0 2 0 2 0 0 0 0 0 0 2 2 0 0 0 0 0 0 0 0 0 0 0 0
1 0 0 0 1 0 0 0 0 0 0 1 0 2 0 0 0 0 0 0 2 2 0 0 0 0 0 0 0 0 0 0 0 1
0 0 0 1 4 0 0 1 0 0 1 3 0 1 0 0 0 0 0 0 4 1 0 0 0 0 0 0 0 0 0 0 0 0
0 0 0 1 2 0 0 0 0 2 1 3 0 1 0 0 0 0 0 0 4 1 0 0 0 0 0 0 0 0 0 0 0 0
0 0 0 3 0 0 0 5 3 2 0 1 1 1 0 0 0 0 0 1 2 3 0 0 0 0 0 0 0 0 0 0 0 0
0 0 0 1 2 0 0 1 2 2 1 2 0 1 0 0 0 0 0 0 4 1 0 0 0 0 0 0 0 0 0 0 0 0
1 0 0 0 1 0 0 0 0 0 0 2 0 2 0 0 0 0 0 0 2 2 0 0 0 0 0 0 0 0 0 0 0 0
0 0 0 2 2 0 0 2 0 2 0 1 0 3 0 0 0 1 0 0 2 2 0 0 0 0 0 0 0 0 0 0 0 0
0 0 0 2 0 0 0 1 0 0 0 7 0 11 0 0 0 1 0 0 3 3 0 0 0 0 0 0 0 0 0 0 0 0
0 0 0 0 3 0 0 1 1 3 2 7 0 2 0 0 0 0 0 0 3 2 0 0 0 0 0 0 0 0 0 0 0 0
0 0 0 0 0 0 0 4 5 1 1 0 2 4 0 0 0 0 0 0 3 2 0 0 0 0 0 0 0 0 0 0 0 0
0 0 0 1 1 0 0 2 1 1 0 0 0 0 0 0 0 0 0 0 1 1 0 0 0 0 0 0 0 0 0 0 0 0
0 0 0 1 2 0 0 0 2 5 1 6 0 2 0 0 0 0 0 0 3 2 0 0 0 0 0 0 0 0 0 0 0 0
0 0 0 1 2 0 0 0 0 4 0 2 0 1 0 0 0 0 0 1 4 1 0 0 0 0 0 0 0 0 0 0 0 0
0 0 0 0 1 0 1 2 0 0 0 4 0 0 0 0 0 0 0 0 2 1 0 0 0 0 0 0 0 0 0 1 0 0
0 0 0 2 1 0 0 4 0 1 0 1 2 1 0 0 0 0 0 0 2 2 0 0 0 0 0 0 0 0 0 0 0 0
0 0 0 1 3 1 0 1 0 1 1 2 0 2 0 0 0 0 0 0 4 1 0 0 0 0 0 0 0 0 0 0 0 0
0 0 0 4 0 0 0 5 0 0 0 2 0 2 0 0 0 1 0 0 2 3 0 0 0 0 0 0 0 0 0 0 0 0
0 0 0 0 2 0 0 0 1 2 1 3 0 1 0 0 0 0 0 0 4 1 0 0 0 0 0 0 0 0 0 0 0 0
0 0 0 1 0 0 0 1 0 1 0 0 1 1 0 0 0 0 0 0 1 1 0 0 0 0 0 0 0 0 0 0 0 0
0 0 0 0 2 0 0 0 2 1 1 9 0 5 0 0 0 0 0 0 3 2 0 0 0 0 0 0 0 0 0 0 0 0
1 0 0 0 1 0 0 0 0 0 0 2 0 2 0 0 0 0 0 0 2 2 0 0 0 0 0 0 0 0 0 0 0 0
0 0 0 1 0 0 0 5 5 2 0 10 0 5 0 1 0 0 0 0 3 4 0 0 0 0 0 0 0 0 0 0 0 0
0 0 0 2 7 0 1 5 0 1 2 5 0 3 0 0 0 0 0 0 3 2 0 0 0 0 0 0 0 0 0 0 0 0
0 0 0 0 1 0 0 3 3 0 0 0 5 4 0 0 0 0 0 0 3 2 0 0 0 0 0 0 0 0 0 0 0 0
0 0 0 1 3 0 0 0 1 1 0 2 0 1 0 0 0 0 0 1 4 2 0 0 0 0 0 0 0 0 0 0 0 0
0 0 0 3 4 0 0 5 0 0 1 0 0 1 0 0 0 0 0 0 4 3 0 0 0 0 0 0 0 0 0 0 0 0
1 0 0 0 1 0 0 0 2 0 0 1 0 1 0 0 0 0 0 0 2 2 0 0 0 0 0 0 0 0 0 0 0 0
0 0 0 0 4 0 0 1 0 2 1 6 0 2 0 0 0 0 0 0 2 2 0 0 0 0 0 0 0 0 0 0 0 1
0 0 0 4 3 0 0 1 0 1 0 1 0 1 0 0 0 0 0 1 4 2 0 0 0 0 0 0 0 0 0 0 0 0
1 0 0 0 1 0 0 0 0 0 0 2 0 2 0 0 0 0 0 0 2 2 0 0 0 0 0 0 0 0 0 0 0 0
0 0 0 0 3 1 0 0 0 1 1 3 0 1 0 0 0 0 0 0 4 1 0 0 0 0 0 0 0 0 0 0 0 0
0 0 0 1 1 0 0 2 4 1 0 0 2 2 0 0 0 0 0 0 3 2 0 0 0 0 0 0 0 0 0 1 0 0
0 0 0 0 1 0 0 1 1 1 0 4 0 2 0 0 0 0 0 0 3 1 0 0 0 0 0 0 0 0 0 1 0 0
0 0 0 3 2 0 0 1 1 1 1 2 0 3 0 0 0 0 0 0 2 1 0 0 0 0 0 0 0 0 0 0 0 0
0 0 0 0 4 0 0 3 0 2 2 7 0 2 0 0 0 0 0 0 3 2 0 0 0 0 0 0 0 0 0 0 0 0
1 0 0 1 1 0 0 0 0 0 0 1 0 3 0 0 0 0 0 0 2 2 0 0 0 0 0 0 0 0 0 0 0 0
0 0 0 0 0 0 0 0 0 1 0 10 0 8 0 0 0 0 0 0 3 2 0 0 0 0 0 0 0 0 0 0 0 0
1 0 0 0 1 0 0 0 2 0 0 1 0 1 0 0 0 0 0 0 2 2 0 0 0 0 0 0 0 0 0 0 0 0
1 0 0 0 1 0 0 0 0 0 0 2 0 2 0 0 0 0 0 0 2 2 0 0 0 0 0 0 0 0 0 0 0 0
0 0 0 1 3 0 0 3 3 1 2 0 0 0 0 0 0 0 0 0 2 3 0 0 0 0 0 0 0 0 0 0 0 0
0 0 0 4 2 0 0 2 1 0 1 2 0 1 0 0 0 0 0 0 4 1 0 0 0 0 0 0 0 0 0 0 0 0
0 0 0 3 0 0 0 3 1 0 0 6 0 1 0 0 0 0 0 1 3 1 0 0 0 0 0 0 0 0 0 0 0 0
0 0 0 1 0 0 0 1 1 1 0 8 0 9 0 0 0 0 0 0 3 2 0 0 0 0 0 0 0 0 0 0 0 0
0 0 0 1 1 0 1 1 0 1 0 5 0 0 0 0 0 0 0 0 2 1 0 0 0 0 0 0 0 0 0 0 0 0
1 0 0 0 1 0 0 1 1 0 2 0 0 13 0 0 0 0 0 0 2 1 0 0 0 0 0 0 0 0 0 0 0 0
0 0 0 3 0 0 0 4 1 1 0 0 1 4 0 0 0 0 0 0 3 1 0 0 0 0 0 0 0 0 0 0 0 0
1 0 0 0 1 0 0 0 0 0 0 1 0 2 0 0 0 0 0 0 2 2 0 0 0 0 0 0 0 0 0 0 0 1
1 0 0 1 1 0 0 0 0 0 0 1 0 3 0 0 0 1 0 0 2 2 0 0 0 0 0 0 0 0 0 0 0 0
1 0 0 0 1 0 0 0 0 0 0 2 0 2 0 0 0 0 0 0 2 2 0 0 0 0 0 0 0 0 0 0 0 0
0 0 0 2 1 0 0 2 1 0 0 8 0 3 0 0 0 4 0 3 4 3 0 0 0 0 0 0 0 0 0 0 0 0
0 0 0 4 2 0 0 2 1 0 0 3 0 1 0 0 0 0 0 0 2 2 0 0 0 0 0 0 0 0 0 0 0 0
1 0 0 0 1 0 0 0 0 0 0 2 0 2 0 0 0 0 0 0 2 2 0 0 0 0 0 0 0 0 0 0 0 0
1 0 0 0 1 0 0 0 0 0 0 2 0 2 0 0 0 0 0 0 2 2 0 0 0 0 0 0 0 0 0 0 0 0
1 0 0 0 1 0 0 0 0 0 0 2 0 2 0 0 0 0 0 0 2 2 0 0 0 0 0 0 0 0 0 0 0 0
1 0 0 0 1 0 0 0 2 0 0 1 0 1 0 0 0 0 0 0 2 2 0 0 0 0 0 0 0 0 0 0 0 0
0 0 0 2 1 0 0 0 0 0 0 8 0 0 0 0 0 0 0 0 2 1 0 0 0 0 0 0 0 0 0 0 0 0
0 0 0 0 0 0 1 2 4 0 0 0 1 3 0 0 0 0 0 0 2 2 0 0 0 0 0 0 0 0 0 0 0 0
0 0 0 1 3 0 0 2 4 1 2 0 0 0 0 0 0 0 0 0 2 3 0 0 0 0 0 0 0 0 0 0 0 0
0 0 0 5 2 0 0 2 1 0 1 1 0 2 0 0 0 0 0 0 4 1 0 0 0 0 0 0 0 0 0 0 0 0
0 0 0 0 7 0 0 2 0 3 2 6 0 4 0 0 0 0 0 0 3 2 0 0 0 0 0 0 0 0 0 0 0 0
0 0 0 0 2 0 0 1 1 0 1 8 0 5 0 0 0 0 0 0 3 2 0 0 0 0 0 0 0 0 0 0 0 1
1 0 0 0 1 0 0 2 0 0 0 0 2 1 0 0 0 0 0 0 2 2 0 0 0 0 0 0 0 0 0 0 0 0
0 0 0 0 2 1 0 0 0 2 1 3 0 1 0 0 0 0 0 0 4 1 0 0 0 0 0 0 0 0 0 0 0 0
0 0 0 0 0 0 0 4 0 1 0 3 0 2 0 0 0 0 0 0 2 1 0 0 0 0 0 0 0 0 0 0 0 0
0 0 0 0 0 0 0 2 7 0 0 0 3 1 0 0 0 0 0 0 2 2 0 0 0 0 0 0 0 0 0 0 0 0
0 0 0 3 0 0 0 4 2 1 0 2 0 3 0 0 0 0 0 0 2 2 0 0 0 0 0 0 0 0 0 0 0 0
0 0 0 0 2 0 0 0 1 2 1 3 0 1 0 0 0 0 0 0 4 1 0 0 0 0 0 0 0 0 0 0 0 0
0 0 0 4 1 0 0 6 0 0 0 12 0 2 0 0 0 0 0 0 3 6 0 0 0 0 0 0 0 0 0 0 0 0
0 0 0 4 1 0 0 2 2 0 1 33 0 40 0 0 0 0 0 1 1 39 0 0 0 0 0 0 0 0 0 0 0 1
1 0 0 0 1 0 0 0 0 0 0 2 0 2 0 0 0 0 0 0 2 2 0 0 0 0 0 0 0 0 0 0 0 0
0 0 0 4 0 0 0 6 0 1 0 4 0 9 0 0 0 3 0 0 3 4 0 0 0 0 0 0 0 0 0 0 0 0
0 0 0 0 0 0 0 1 3 3 0 0 3 2 0 0 0 0 0 0 3 1 0 0 0 0 0 0 0 0 0 0 0 0
0 0 0 2 0 0 0 1 1 0 0 7 0 0 0 1 0 0 0 0 2 1 0 0 0 0 0 0 0 0 0 0 0 0
0 0 0 4 1 0 0 4 1 0 0 4 0 6 0 0 0 1 0 2 3 4 0 0 0 0 0 0 0 0 0 0 0 0
0 0 0 0 2 1 0 0 0 1 2 3 0 1 0 0 0 0 0 0 4 1 0 0 0 0 0 0 0 0 0 0 0 0
1 0 0 0 1 0 0 0 0 0 0 1 0 2 0 0 0 0 0 0 2 2 0 0 0 0 0 0 0 0 0 0 0 1
0 0 0 2 0 0 0 0 2 0 0 3 0 4 0 0 0 0 0 0 2 1 0 0 0 0 0 0 0 0 0 0 0 0
0 0 0 2 0 0 0 8 0 0 0 0 0 6 0 0 0 0 0 1 3 3 0 0 0 0 0 0 0 0 0 0 0 0
0 0 0 3 2 0 0 1 0 0 1 3 0 1 0 0 0 0 0 0 4 1 0 0 0 0 0 0 0 0 0 0 0 0
1 0 0 1 1 0 0 0 0 0 0 1 0 3 0 0 0 1 0 0 2 2 0 0 0 0 0 0 0 0 0 0 0 0
0 0 0 0 0 0 0 0 0 0 0 14 0 1 0 0 0 2 0 0 3 2 0 0 0 0 0 0 0 0 0 0 0 0
0 0 0 2 2 0 0 1 0 0 2 3 0 1 0 0 0 0 0 0 4 1 0 0 0 0 0 0 0 0 0 0 0 0
0 0 0 0 2 0 0 2 3 1 1 0 0 1 0 0 0 2 0 0 2 1 0 0 0 0 0 0 0 0 0 0 0 0
0 0 0 0 0 0 0 1 4 0 0 0 1 2 0 0 0 0 0 0 2 2 0 0 0 0 0 0 0 0 0 0 0 0
0 0 0 1 2 0 0 2 0 3 0 2 0 1 0 0 0 0 0 0 2 2 0 0 0 0 0 0 0 0 0 0 0 0
0 0 0 0 0 0 0 2 3 2 3 3 0 63 0 0 0 1 0 0 2 6 0 0 0 0 0 0 0 0 0 0 0 0
0 0 0 1 0 0 0 2 0 0 0 12 0 5 0 0 0 1 0 0 3 2 0 0 0 0 0 0 0 0 0 0 0 1
0 0 0 0 0 0 0 1 0 0 0 8 0 3 0 0 0 1 0 1 3 1 0 0 0 0 0 0 0 0 0 0 0 1
0 0 0 0 0 0 0 1 0 0 0 4 0 10 0 0 0 0 0 0 3 1 0 0 0 0 0 0 0 0 0 0 0 0
0 0 0 0 3 0 0 0 0 2 1 3 0 1 0 0 0 0 0 0 4 1 0 0 0 0 0 0 0 0 0 0 0 0
0 0 0 2 3 0 0 2 0 2 0 2 0 2 0 0 0 0 0 0 4 1 0 0 0 0 0 0 0 0 0 0 0 0
0 0 0 1 0 0 0 2 0 0 0 11 0 2 0 0 0 0 0 1 3 1 0 0 0 0 0 0 0 0 0 0 0 0
0 0 0 1 4 0 0 1 0 0 1 3 0 1 0 0 0 0 0 0 4 1 0 0 0 0 0 0 0 0 0 0 0 0
1 0 0 0 1 0 0 0 0 0 0 2 0 2 0 0 0 0 0 0 2 2 0 0 0 0 0 0 0 0 0 0 0 0
0 0 0 1 0 1 1 2 1 1 0 0 1 1 0 1 0 0 0 0 2 1 0 0 0 0 0 0 0 0 0 0 0 0
1 0 0 0 1 0 0 0 0 0 0 2 0 2 0 0 0 0 0 0 2 2 0 0 0 0 0 0 0 0 0 0 0 0
0 0 0 0 3 1 0 0 0 1 1 3 0 1 0 0 0 0 0 0 4 1 0 0 0 0 0 0 0 0 0 0 0 0
0 0 0 2 0 0 0 3 0 1 1 19 0 20 0 0 0 0 0 0 1 21 0 0 0 0 0 0 0 0 0 0 0 0
0 0 0 2 1 0 0 0 0 0 0 10 0 0 0 0 0 2 0 1 3 2 0 0 0 0 0 0 0 0 0 0 0 0
1 0 0 0 1 0 0 0 0 0 0 2 0 2 0 0 0 0 0 0 2 2 0 0 0 0 0 0 0 0 0 0 0 0
0 0 0 2 2 0 0 1 0 3 1 2 0 1 0 0 0 0 0 0 4 1 0 0 0 0 0 0 0 0 0 0 0 0
0 0 0 0 0 0 0 0 1 2 0 3 0 0 0 0 0 0 0 0 2 1 0 0 0 0 0 0 0 0 0 0 0 0
0 0 0 0 2 0 0 0 0 0 0 9 0 0 0 0 0 0 0 0 2 1 0 0 0 0 0 0 0 0 0 0 0 0
1 0 0 0 1 0 0 0 0 0 0 2 0 2 0 0 0 0 0 0 2 2 0 0 0 0 0 0 0 0 0 0 0 0
1 0 0 2 1 0 0 0 0 0 0 0 0 3 0 0 0 0 0 1 2 2 0 0 0 0 0 0 0 0 0 0 0 0
0 1 0 1 0 0 0 0 1 2 0 0 0 0 0 0 0 0 0 0 2 1 0 0 0 0 0 0 0 0 0 0 0 0
1 0 0 0 1 0 0 0 0 0 0 2 0 2 0 0 0 0 0 0 2 2 0 0 0 0 0 0 0 0 0 0 0 0
0 0 0 0 2 0 0 0 0 4 0 3 0 1 0 0 0 0 0 0 4 1 0 0 0 0 0 0 0 0 0 0 0 0
0 0 0 1 0 0 0 2 1 5 0 0 3 2 0 0 0 0 0 0 3 1 0 0 0 0 0 0 0 0 0 0 0 0
0 0 0 2 2 0 0 2 1 1 1 2 0 3 0 0 0 0 0 0 2 1 0 0 0 0 0 0 0 0 0 0 0 0
1 0 0 1 1 0 0 1 0 0 0 1 0 3 0 0 0 0 0 0 2 2 0 0 0 0 0 0 0 0 0 0 0 0
1 0 0 0 1 0 0 0 0 0 0 2 0 2 0 0 0 0 0 0 2 2 0 0 0 0 0 0 0 0 0 0 0 0
0 0 0 0 3 0 0 0 1 1 1 3 0 1 0 0 0 0 0 0 4 1 0 0 0 0 0 0 0 0 0 0 0 0
0 0 0 1 6 0 0 2 0 1 3 6 0 4 0 0 0 1 0 0 3 2 0 0 0 0 0 0 0 0 0 0 0 0
0 0 0 0 0 0 0 7 4 0 0 12 0 0 0 0 0 1 0 0 3 2 0 0 0 0 0 0 0 0 0 0 0 0
0 0 0 0 1 0 0 3 1 1 0 0 1 1 0 0 0 0 0 0 2 1 0 0 0 0 0 0 0 0 0 1 0 0
1 0 0 0 1 0 0 0 0 0 0 2 0 2 0 0 0 0 0 0 2 2 0 0 0 0 0 0 0 0 0 0 0 0
0 0 0 1 0 0 0 1 1 1 0 0 1 2 0 0 0 0 0 0 1 1 0 0 0 0 0 0 0 0 0 0 0 0
0 0 0 1 3 0 1 0 1 4 1 6 0 3 0 0 0 1 0 0 3 2 0 0 0 0 0 0 0 0 0 0 0 0
0 0 0 1 0 0 0 1 1 1 0 1 0 0 0 0 0 1 0 0 1 1 0 0 0 0 0 0 0 0 0 0 0 0
0 0 0 2 2 0 0 0 0 4 2 6 0 5 0 0 0 1 0 0 3 2 0 0 0 0 0 0 0 0 0 0 0 0
1 0 0 0 1 0 0 0 0 0 0 1 0 2 0 0 0 0 0 0 2 2 0 0 0 0 0 0 0 0 0 0 0 1
0 0 0 3 0 0 0 4 0 0 0 5 0 2 0 0 0 0 0 0 2 1 0 0 0 0 0 0 0 0 0 0 0 0
0 0 0 3 2 0 0 1 0 0 1 2 0 1 0 0 0 0 0 0 4 1 0 0 0 0 0 0 0 0 0 0 0 1
0 0 0 0 0 0 0 1 0 1 0 3 0 4 0 0 0 1 0 1 2 1 0 0 0 0 0 0 0 0 0 0 0 0
0 0 0 4 0 0 0 2 0 0 0 6 0 7 0 2 0 0 0 0 3 4 0 0 0 0 0 0 0 0 0 0 0 0
0 0 0 1 0 1 0 2 1 2 0 0 1 1 0 0 0 0 0 0 2 1 0 0 0 0 0 0 0 0 0 0 0 0
0 0 0 1 2 1 0 0 0 1 1 3 0 1 0 0 0 0 0 0 4 1 0 0 0 0 0 0 0 0 0 0 0 0
0 0 0 2 2 1 0 0 0 1 1 2 0 2 0 0 0 1 0 0 4 1 0 0 0 0 0 0 0 0 0 0 0 0
0 0 0 0 3 1 0 0 0 1 1 3 0 1 0 0 0 0 0 0 4 1 0 0 0 0 0 0 0 0 0 0 0 0
0 0 0 0 1 0 0 4 5 2 0 0 4 3 0 0 0 0 0 0 3 2 0 0 0 0 0 0 0 0 0 0 0 0
0 0 0 1 0 0 0 2 1 1 0 1 0 0 0 0 0 1 0 0 2 1 0 0 0 0 0 0 0 0 0 1 0 0
0 0 0 3 1 0 0 0 0 0 0 7 0 0 0 0 0 0 0 0 2 1 0 0 0 0 0 0 0 0 0 0 0 0
1 0 0 0 1 0 0 0 0 0 0 2 0 2 0 0 0 0 0 0 2 2 0 0 0 0 0 0 0 0 0 0 0 0
0 0 0 1 2 0 0 0 1 2 1 2 0 1 0 0 0 1 0 0 4 2 0 0 0 0 0 0 0 0 0 0 0 0
0 0 0 0 0 0 0 0 0 0 0 12 0 5 0 0 0 0 0 0 3 2 0 0 0 0 0 0 0 0 0 0 0 2
0 0 0 1 3 0 0 1 1 2 1 0 0 1 0 0 0 0 0 1 4 2 0 0 0 0 0 0 0 0 0 0 0 0
1 0 0 0 1 0 0 0 0 0 0 2 0 2 0 0 0 0 0 0 2 2 0 0 0 0 0 0 0 0 0 0 0 0
1 0 0 1 0 0 0 1 0 4 1 1 0 26 0 0 0 2 0 0 2 3 0 0 0 0 0 0 0 0 0 0 0 0
0 0 0 3 1 0 0 2 0 0 1 2 0 2 0 0 0 1 0 0 2 1 0 0 0 0 0 0 0 0 0 0 0 0
1 0 0 1 0 0 0 1 6 2 1 0 0 60 0 0 0 1 0 0 2 2 0 0 0 0 0 0 0 0 0 0 0 0
0 0 0 2 0 0 0 1 3 1 0 0 0 0 0 0 0 2 0 0 1 2 0 0 0 0 0 0 0 0 0 0 0 0
0 0 0 3 0 0 0 3 0 1 0 3 0 0 0 0 0 1 0 0 2 1 0 0 0 0 0 0 0 0 0 0 0 0
0 0 0 0 1 0 0 3 1 2 0 8 0 1 0 0 0 2 0 1 3 2 0 0 0 0 0 0 0 0 0 0 0 0
0 0 0 2 0 0 0 5 2 3 0 1 3 2 0 0 0 0 0 0 2 3 0 0 0 0 0 0 0 0 0 0 0 0
0 0 0 3 1 0 1 3 0 0 0 12 0 1 0 0 0 1 0 0 3 2 0 0 0 0 0 0 0 0 0 0 0 0
0 0 0 2 2 0 0 1 3 6 0 4 0 1 0 0 0 0 0 2 3 4 0 0 0 0 0 0 0 0 0 0 0 0
1 0 0 1 0 0 0 0 1 1 0 0 0 0 0 0 0 0 0 0 2 1 0 0 0 0 0 0 0 0 0 0 0 0
0 0 0 1 0 0 0 0 0 0 0 8 0 9 0 0 0 0 0 0 3 2 0 0 0 0 0 0 0 0 0 0 0 1
0 0 0 4 2 0 0 1 0 0 1 2 0 1 0 0 0 0 0 1 4 1 0 0 0 0 0 0 0 0 0 0 0 0
0 0 0 1 0 0 0 1 1 0 0 17 0 0 0 0 0 0 0 2 3 4 0 0 0 0 0 0 0 0 0 0 0 0
0 0 0 1 3 1 0 1 1 1 1 2 0 1 0 0 0 0 0 0 4 1 0 0 0 0 0 0 0 0 0 0 0 0
0 0 0 0 0 0 0 2 0 0 0 8 0 0 0 0 0 1 0 0 2 1 0 0 0 0 0 0 0 0 0 0 0 0
1 0 0 0 0 0 0 1 0 0 0 1 0 1 0 0 0 0 0 0 2 1 0 0 0 0 0 0 0 0 0 0 0 0
0 0 0 0 0 0 1 5 2 2 0 4 1 9 0 0 0 0 0 0 3 4 0 0 0 0 0 0 0 0 0 0 0 1
1 0 0 0 1 0 0 0 0 0 0 2 0 2 0 0 0 0 0 0 2 2 0 0 0 0 0 0 0 0 0 0 0 0
0 0 0 0 0 0 1 0 0 1 0 0 2 2 0 0 0 0 1 0 1 1 0 0 0 0 0 0 0 0 0 0 0 0
1 0 0 0 2 0 0 1 0 0 0 1 0 2 0 0 0 1 0 0 2 2 0 0 0 0 0 0 0 0 0 0 0 0
0 0 0 0 0 0 0 2 0 0 0 9 0 0 0 0 0 0 0 0 2 1 0 0 0 0 0 0 0 0 0 0 0 0
0 0 0 0 0 0 0 5 0 4 0 0 4 3 0 0 0 0 0 0 3 2 0 0 0 0 0 0 0 0 0 0 0 0
0 0 0 1 0 0 0 1 0 0 0 9 0 10 0 0 0 0 0 0 3 2 0 0 0 0 0 0 0 0 0 0 0 0
0 0 0 1 0 0 0 4 0 1 0 14 0 1 0 0 0 1 0 0 3 3 0 0 0 0 0 0 0 0 0 0 0 0
0 0 0 4 2 0 0 5 0 0 0 4 0 2 0 0 0 0 0 0 3 3 0 0 0 0 0 0 0 0 0 0 0 0
0 0 0 0 1 0 0 1 1 1 0 1 0 0 0 0 0 1 0 0 1 1 0 0 0 0 0 0 0 0 0 0 0 0
0 0 0 0 4 0 0 0 2 4 0 8 0 3 0 0 0 0 0 0 3 2 0 0 0 0 0 0 0 0 0 0 0 0
1 0 0 0 1 0 0 0 0 0 0 2 0 2 0 0 0 0 0 0 2 2 0 0 0 0 0 0 0 0 0 0 0 0
1 0 0 0 1 0 0 0 0 0 0 2 0 2 0 0 0 0 0 0 2 2 0 0 0 0 0 0 0 0 0 0 0 0
1 0 0 0 1 0 0 0 0 0 0 2 0 2 0 0 0 0 0 0 2 2 0 0 0 0 0 0 0 0 0 0 0 0
1 0 0 1 0 0 0 0 1 0 1 3 0 0 0 0 0 0 0 0 2 1 0 0 0 0 0 0 0 0 0 0 0 0
0 0 0 1 0 0 0 1 1 4 0 2 0 0 0 0 0 0 0 0 1 1 0 0 0 0 0 0 0 0 0 0 0 0
0 0 0 1 4 0 1 1 0 1 1 2 0 2 0 0 0 0 0 0 4 1 0 0 0 0 0 0 0 0 0 0 0 0
0 0 0 1 0 0 1 2 1 2 0 8 1 1 0 0 0 0 0 0 2 3 0 0 0 0 0 0 0 0 0 0 0 0
1 0 0 0 1 0 0 0 0 0 0 2 0 2 0 0 0 0 0 0 2 2 0 0 0 0 0 0 0 0 0 0 0 0
0 0 0 4 0 0 0 3 0 0 0 3 0 4 0 0 0 0 0 0 2 3 0 0 0 0 0 0 0 0 0 0 0 0
0 0 0 0 2 0 0 0 2 2 1 1 0 1 0 0 0 0 0 1 2 1 0 0 0 0 0 0 0 0 0 0 0 0
0 0 0 0 7 0 0 1 0 3 2 6 0 3 0 0 0 0 0 2 3 2 0 0 0 0 0 0 0 0 0 0 0 0
0 0 0 2 3 0 0 1 1 0 0 5 0 0 0 0 0 0 0 1 2 2 0 0 0 0 0 0 0 0 0 0 0 0
0 0 0 9 0 0 0 10 4 1 1 58 0 66 0 0 0 1 0 0 1 67 0 0 0 0 0 0 0 0 0 0 0 1
0 0 0 5 2 0 0 2 0 0 1 0 0 1 0 0 0 2 0 0 4 2 0 0 0 0 0 0 0 0 0 0 0 0
1 0 0 0 1 0 0 0 0 2 0 2 0 2 0 0 0 0 0 0 2 2 0 0 0 0 0 0 0 0 0 0 0 0
0 0 0 1 0 1 0 2 1 2 0 0 2 1 0 0 0 0 0 0 2 2 0 0 0 0 0 0 0 0 0 0 0 0
0 0 0 1 0 0 0 2 2 2 0 0 1 0 0 0 0 0 0 0 2 1 0 0 0 0 0 0 0 0 0 0 0 0
1 0 0 0 1 0 0 0 0 0 0 2 0 2 0 0 0 0 0 0 2 2 0 0 0 0 0 0 0 0 0 0 0 0
0 0 0 0 4 0 0 1 0 3 0 6 0 2 0 0 0 0 0 0 2 2 0 0 0 0 0 0 0 0 0 0 0 1
0 0 0 0 1 0 0 3 1 1 0 1 0 0 0 0 0 0 0 0 2 1 0 0 0 0 0 0 0 0 0 1 0 0
0 0 0 4 1 0 0 4 0 0 0 10 0 5 0 0 0 3 0 0 3 4 0 0 0 0 0 0 0 0 0 0 0 0
0 0 0 0 3 0 0 0 1 2 0 3 0 1 0 0 0 0 0 0 4 1 0 0 0 0 0 0 0 0 0 0 0 0
0 0 0 2 4 0 0 2 1 1 2 5 0 4 0 0 0 0 0 1 3 2 0 0 0 0 0 0 0 0 0 0 0 1
0 0 0 2 0 0 0 2 0 2 0 0 2 2 0 0 0 0 0 0 1 2 0 0 0 0 0 0 0 0 0 0 0 0
0 0 0 1 2 1 0 0 0 1 1 3 0 1 0 0 0 0 0 0 4 1 0 0 0 0 0 0 0 0 0 0 0 0
0 0 0 0 0 0 0 1 1 4 0 2 2 2 0 0 0 2 0 0 3 1 0 0 0 0 0 0 0 0 0 0 0 0
0 0 0 2 3 1 0 1 1 3 1 0 0 1 0 0 0 0 0 0 4 3 0 0 0 0 0 0 0 0 0 0 0 0
0 0 0 0 4 0 0 2 0 1 2 1 0 2 0 0 0 0 0 1 2 1 0 0 0 0 0 0 0 0 0 0 0 0
0 0 0 0 0 0 0 0 0 0 0 18 0 0 0 0 0 1 0 0 3 2 0 0 0 0 0 0 0 0 0 0 0 0
0 0 0 5 0 0 0 2 1 1 0 2 0 0 0 0 0 0 0 1 2 1 0 0 0 0 0 0 0 0 0 0 0 0
1 0 0 0 1 0 0 0 0 0 0 2 0 2 0 0 0 0 0 0 2 2 0 0 0 0 0 0 0 0 0 0 0 0
0 0 0 2 1 0 0 0 0 0 0 9 0 3 0 0 0 6 0 0 3 2 0 0 0 0 0 0 0 0 0 0 0 0
0 0 0 0 3 1 0 0 0 1 1 3 0 1 0 0 0 0 0 0 4 1 0 0 0 0 0 0 0 0 0 0 0 0
0 0 0 0 2 0 0 1 0 0 0 8 0 0 0 0 0 0 0 0 2 1 0 0 0 0 0 0 0 0 0 0 0 0
1 0 0 0 1 0 0 0 0 0 0 2 0 2 0 0 0 0 0 0 2 2 0 0 0 0 0 0 0 0 0 0 0 0
0 0 0 1 0 0 0 1 0 1 0 0 1 1 0 0 0 0 0 0 1 1 0 0 0 0 0 0 0 0 0 0 0 0
0 0 0 0 2 0 0 2 1 1 1 3 0 2 0 0 0 0 0 0 4 1 0 0 0 0 0 0 0 0 0 0 0 0
0 0 0 3 1 0 0 4 0 1 0 0 2 2 0 0 0 0 0 0 2 3 0 0 0 0 0 0 0 0 0 0 0 0
0 0 0 0 0 0 1 6 4 2 0 7 1 5 0 0 0 1 0 0 3 4 0 0 0 0 0 0 0 0 0 0 0 0
0 0 0 0 4 0 1 2 2 3 2 5 0 2 0 0 0 0 0 0 3 2 0 0 0 0 0 0 0 0 0 0 0 0
0 0 0 1 2 0 0 1 0 1 0 0 0 2 0 1 0 0 0 0 1 1 0 0 0 0 0 0 0 0 0 0 0 0
1 0 0 0 1 0 0 2 2 1 0 0 1 1 0 0 0 0 0 0 2 3 0 0 0 0 0 0 0 0 0 0 0 0
0 0 0 0 4 0 0 4 2 0 0 2 0 2 0 0 0 2 0 0 3 2 0 0 0 0 0 0 0 0 0 0 0 0
0 0 0 2 4 0 0 0 0 3 1 1 0 2 0 0 0 0 0 0 2 1 0 0 0 0 0 0 0 0 0 0 0 0
1 0 0 1 0 0 1 0 2 1 1 0 0 88 0 0 0 1 0 0 2 2 0 0 0 0 0 0 0 0 0 0 0 0
0 0 0 0 0 0 0 3 6 1 0 0 0 2 0 0 0 0 0 0 2 2 0 0 0 0 0 0 0 0 0 0 0 0
1 0 0 0 1 0 0 0 0 0 0 2 0 2 0 0 0 0 0 0 2 2 0 0 0 0 0 0 0 0 0 0 0 0
0 0 0 1 0 0 0 2 1 1 0 1 0 0 0 0 0 1 0 0 2 1 0 0 0 0 0 0 0 0 0 1 0 0
0 0 0 1 0 0 0 1 1 1 0 2 0 0 0 0 0 0 0 0 1 1 0 0 0 0 0 0 0 0 0 0 0 0
0 0 0 0 2 0 0 0 0 2 2 3 0 1 0 0 0 0 0 0 4 1 0 0 0 0 0 0 0 0 0 0 0 0
0 0 0 0 0 0 0 1 1 2 0 0 2 1 0 0 0 0 0 0 2 1 0 0 0 0 0 0 0 0 0 0 0 0
1 1 0 0 0 1 1 1 1 1 0 0 0 0 0 0 0 0 0 0 3 1 0 0 0 0 0 0 0 0 0 1 0 0
0 0 0 0 2 1 0 0 0 1 2 3 0 1 0 0 0 0 0 0 4 1 0 0 0 0 0 0 0 0 0 0 0 0
0 0 0 2 0 0 0 2 0 0 0 8 0 11 0 0 0 0 0 0 3 2 0 0 0 0 0 0 0 0 0 0 0 0
0 0 0 1 0 0 0 1 1 1 0 0 1 0 0 0 0 0 0 0 1 1 0 0 0 0 0 0 0 0 0 0 0 0
0 0 0 0 1 0 0 1 2 1 0 8 1 1 0 0 0 0 0 0 2 3 0 0 0 0 0 0 0 0 0 0 0 0
0 0 0 0 2 0 2 5 4 1 1 5 0 4 0 0 0 0 0 0 3 2 0 0 0 0 0 0 0 0 0 0 0 0
0 0 0 0 3 0 0 0 1 1 1 3 0 1 0 0 0 0 0 0 4 1 0 0 0 0 0 0 0 0 0 0 0 0
0 0 0 1 0 0 0 2 1 2 0 0 1 1 0 0 0 0 0 0 2 1 0 0 0 0 0 0 0 0 0 1 0 0
1 0 0 0 1 0 0 0 0 0 0 2 0 2 0 0 0 0 0 0 2 2 0 0 0 0 0 0 0 0 0 0 0 0
0 0 0 0 8 0 0 3 0 3 2 5 0 5 0 0 0 0 0 0 3 2 0 0 0 0 0 0 0 0 0 0 0 0
1 0 0 0 1 0 0 0 0 0 0 2 0 2 0 0 0 0 0 0 2 2 0 0 0 0 0 0 0 0 0 0 0 0
0 0 0 3 0 0 0 4 1 1 0 1 1 1 0 0 0 0 0 0 2 1 0 0 0 0 0 0 0 0 0 0 0 0
1 1 0 1 1 0 0 2 0 1 0 0 1 0 0 0 0 0 0 0 3 1 0 0 0 0 0 0 0 0 0 1 0 0
0 0 0 0 3 1 0 0 0 1 1 3 0 1 0 0 0 0 0 0 4 1 0 0 0 0 0 0 0 0 0 0 0 0
0 0 0 3 2 0 0 1 0 1 0 3 0 1 0 0 0 0 0 0 4 1 0 0 0 0 0 0 0 0 0 0 0 0
0 0 0 0 3 0 0 2 1 1 1 2 0 2 0 0 0 0 0 1 4 1 0 0 0 0 0 0 0 0 0 0 0 0
0 0 0 2 0 0 0 1 1 0 0 7 0 9 0 0 0 0 0 0 3 2 0 0 0 0 0 0 0 0 0 0 0 1
0 0 0 1 3 0 0 6 1 1 0 3 0 7 0 0 0 0 0 2 3 6 0 0 0 0 0 0 0 0 0 0 0 0
0 0 0 1 0 0 0 2 1 1 0 0 0 0 0 0 0 0 0 0 2 1 0 0 0 0 0 0 0 0 0 1 0 0
1 0 0 0 0 0 0 1 0 0 0 1 0 1 0 0 0 0 0 0 2 1 0 0 0 0 0 0 0 0 0 0 0 0
0 0 0 2 1 0 0 1 0 0 0 8 0 0 0 0 0 0 0 0 2 1 0 0 0 0 0 0 0 0 0 0 0 0
0 0 0 0 3 0 1 4 0 0 0 0 0 0 0 0 0 0 0 0 2 1 0 0 0 0 0 0 0 0 0 1 0 0
1 0 0 0 1 0 0 0 0 0 0 2 0 2 0 0 0 0 0 0 2 2 0 0 0 0 0 0 0 0 0 0 0 0
0 0 0 2 2 0 0 3 0 2 1 1 0 2 0 0 0 1 0 0 4 1 0 0 0 0 0 0 0 0 0 0 0 0
0 0 0 2 0 0 0 3 1 0 0 8 0 9 0 0 0 0 0 0 3 2 0 0 0 0 0 0 0 0 0 0 0 0
0 0 0 1 0 0 0 1 1 1 0 4 1 2 0 0 0 0 0 0 3 1 0 0 0 0 0 0 0 0 0 0 0 0
0 0 0 2 0 0 0 2 2 1 0 3 0 1 0 0 0 0 0 1 2 1 0 0 0 0 0 0 0 0 0 0 0 0
0 0 0 1 1 0 0 3 3 2 0 4 0 3 0 0 0 0 0 0 2 2 0 0 0 0 0 0 0 0 0 0 0 0
1 0 0 0 1 0 0 0 0 1 0 1 0 2 0 0 0 0 0 0 2 2 0 0 0 0 0 0 0 0 0 0 0 0
0 0 0 3 0 0 0 0 0 0 0 16 0 3 0 0 0 1 0 0 3 2 0 0 0 0 0 0 0 0 0 0 0 0
0 0 0 0 2 0 0 0 1 2 0 2 0 1 0 0 0 0 0 0 4 1 0 0 0 0 0 0 0 0 0 0 0 1
1 0 0 0 1 0 0 0 0 0 0 2 0 2 0 0 0 0 0 0 2 2 0 0 0 0 0 0 0 0 0 0 0 0
0 0 0 3 1 0 0 2 1 0 0 6 0 8 0 0 0 0 0 2 3 4 0 0 0 0 0 0 0 0 0 0 0 0
0 0 0 2 4 0 0 4 0 2 1 4 0 5 0 0 0 0 0 0 3 4 0 0 0 0 0 0 0 0 0 0 0 1
0 0 0 1 1 0 0 1 0 2 0 0 0 1 0 0 0 0 0 0 1 1 0 0 0 0 0 0 0 0 0 0 0 0
0 0 0 1 0 0 0 2 1 0 0 7 0 4 0 0 0 0 0 1 3 1 0 0 0 0 0 0 0 0 0 0 0 0
1 0 0 0 1 0 0 0 2 0 0 1 0 1 0 0 0 0 0 0 2 2 0 0 0 0 0 0 0 0 0 0 0 0
0 0 0 2 0 0 0 0 0 0 0 6 0 3 0 0 0 0 0 0 2 1 0 0 0 0 0 0 0 0 0 0 0 0
0 0 0 1 2 0 0 3 0 0 1 3 0 1 0 0 0 0 0 0 4 1 0 0 0 0 0 0 0 0 0 0 0 0
0 0 0 0 2 0 0 0 2 3 0 1 0 1 0 0 0 0 0 1 2 1 0 0 0 0 0 0 0 0 0 0 0 0
0 0 0 2 1 0 0 2 2 1 0 2 2 3 0 0 0 1 0 0 2 3 0 0 0 0 0 0 0 0 0 0 0 0
1 0 0 0 1 0 0 0 0 0 0 1 0 2 0 0 0 0 0 0 2 2 0 0 0 0 0 0 0 0 0 0 0 1
1 0 0 1 1 0 0 0 0 0 0 1 0 2 0 0 0 0 0 2 2 2 0 0 0 0 0 0 0 0 0 0 0 0
0 0 0 1 2 0 0 6 0 2 0 1 0 0 0 0 0 0 0 1 2 3 0 0 0 0 0 0 0 0 0 0 0 0
0 0 0 1 2 0 0 1 0 0 3 3 0 1 0 0 0 0 0 0 4 1 0 0 0 0 0 0 0 0 0 0 0 0
1 0 0 0 0 0 0 1 0 0 0 1 0 1 0 0 0 0 0 0 2 1 0 0 0 0 0 0 0 0 0 0 0 0
0 0 0 0 0 0 1 5 3 1 0 8 0 4 0 0 0 1 0 0 3 2 0 0 0 0 0 0 0 0 0 0 0 0
0 0 0 2 0 0 0 2 1 0 0 8 0 10 0 0 0 0 0 0 3 2 0 0 0 0 0 0 0 0 0 0 0 0
0 0 0 2 1 0 0 4 0 0 0 15 0 1 0 0 0 1 0 0 3 3 0 0 0 0 0 0 0 0 0 0 0 0
0 0 0 2 2 0 0 1 0 0 0 6 0 2 0 0 0 0 0 1 2 1 0 0 0 0 0 0 0 0 0 0 0 0
0 0 0 1 0 0 0 1 3 1 0 2 1 0 0 0 0 0 0 0 2 1 0 0 0 0 0 0 0 0 0 0 0 0
0 0 0 2 2 0 0 2 2 3 0 0 0 2 0 1 0 0 0 0 2 2 0 0 0 0 0 0 0 0 0 0 0 0
0 0 0 3 0 0 0 4 5 2 0 9 0 5 0 0 0 0 0 0 3 4 0 0 0 0 0 0 0 0 0 0 0 0
0 0 0 0 2 0 0 2 2 0 1 9 0 4 0 0 0 0 0 0 3 2 0 0 0 0 0 0 0 0 0 0 0 0
0 0 0 1 0 0 1 3 3 1 1 24 0 23 0 0 0 1 0 0 1 26 0 0 0 0 0 0 0 0 0 0 0 0
0 0 0 2 0 1 0 2 1 1 0 0 0 1 0 0 0 0 0 0 2 1 0 0 0 0 0 0 0 0 0 0 0 0
0 0 0 0 2 0 0 0 1 2 1 3 0 1 0 0 0 0 0 0 4 1 0 0 0 0 0 0 0 0 0 0 0 0
0 0 0 2 0 0 0 1 1 1 0 1 0 0 0 0 0 0 0 0 1 1 0 0 0 0 0 0 0 0 0 0 0 0
0 0 0 0 4 0 0 0 0 3 3 7 0 3 0 0 0 1 0 0 3 2 0 0 0 0 0 0 0 0 0 0 0 0
1 0 0 0 1 0 0 0 0 0 0 2 0 2 0 0 0 0 0 0 2 2 0 0 0 0 0 0 0 0 0 0 0 0
0 0 0 0 3 0 0 0 0 3 0 3 0 1 0 0 0 0 0 0 4 1 0 0 0 0 0 0 0 0 0 0 0 0
1 0 0 1 1 0 0 0 0 0 0 1 0 2 0 0 0 1 0 0 2 2 0 0 0 0 0 0 0 0 0 0 0 0
0 0 0 4 1 0 0 5 0 0 0 12 0 2 0 1 0 0 0 0 3 4 0 0 0 0 0 0 0 0 0 0 0 0
0 0 0 0 2 0 0 0 1 0 0 6 0 1 0 0 0 1 0 1 2 1 0 0 0 0 0 0 0 0 0 0 0 0
0 0 0 1 2 1 0 0 0 1 1 3 0 1 0 0 0 0 0 0 4 1 0 0 0 0 0 0 0 0 0 0 0 0
0 0 0 0 6 0 0 1 0 4 1 7 0 3 0 0 0 0 0 0 3 2 0 0 0 0 0 0 0 0 0 0 0 0
1 1 0 0 2 0 0 2 0 0 0 0 0 2 0 0 0 0 0 0 3 1 0 0 0 0 0 0 0 0 0 1 0 0
0 0 0 0 3 0 0 3 3 3 1 2 0 2 0 0 0 1 0 0 4 1 0 0 0 0 0 0 0 0 0 0 0 0
1 0 0 0 1 0 0 0 0 0 0 2 0 2 0 0 0 0 0 0 2 2 0 0 0 0 0 0 0 0 0 0 0 0
0 0 0 1 1 0 0 1 0 0 0 11 0 2 0 0 0 0 0 0 3 1 0 0 0 0 0 0 0 0 0 0 0 0
1 0 0 0 1 0 0 0 0 0 0 2 0 2 0 0 0 0 0 0 2 2 0 0 0 0 0 0 0 0 0 0 0 0
1 0 0 0 1 0 0 0 0 0 0 2 0 2 0 0 0 0 0 0 2 2 0 0 0 0 0 0 0 0 0 0 0 0
0 0 0 1 3 0 0 1 1 0 1 3 0 2 0 0 0 0 0 0 2 1 0 0 0 0 0 0 0 0 0 0 0 0
0 0 0 0 3 1 0 0 0 1 1 3 0 1 0 0 0 0 0 0 4 1 0 0 0 0 0 0 0 0 0 0 0 0
0 0 0 0 0 0 0 4 4 2 0 7 0 9 0 0 0 0 0 0 3 4 0 0 0 0 0 0 0 0 0 0 0 2
1 1 0 1 1 0 0 2 0 1 0 0 0 1 0 0 0 0 0 0 3 1 0 0 0 0 0 0 0 0 0 1 0 0
0 0 0 0 2 0 0 4 5 1 1 4 0 5 0 0 0 0 0 0 3 2 0 0 0 0 0 0 0 0 0 0 0 1
0 0 0 2 0 0 0 3 0 1 0 7 0 9 0 0 0 0 0 0 3 4 0 0 0 0 0 0 0 0 0 0 0 0
0 0 0 4 2 0 0 1 1 0 1 1 0 2 0 0 0 0 0 0 2 3 0 0 0 0 0 0 0 0 0 0 0 0
1 0 0 0 1 0 0 0 0 0 0 2 0 2 0 0 0 0 0 0 2 2 0 0 0 0 0 0 0 0 0 0 0 0
0 0 0 2 0 0 0 0 0 0 0 1 0 1 0 0 0 0 0 0 2 1 0 0 0 0 0 0 0 0 0 0 1 0
1 0 0 0 1 0 0 0 0 0 0 2 0 2 0 0 0 0 0 0 2 2 0 0 0 0 0 0 0 0 0 0 0 0
1 0 0 0 2 0 0 1 1 0 0 1 0 2 0 0 0 0 0 0 2 2 0 0 0 0 0 0 0 0 0 0 0 0
1 0 0 0 1 0 0 0 0 0 0 2 0 2 0 0 0 0 0 0 2 2 0 0 0 0 0 0 0 0 0 0 0 0
0 0 0 1 2 0 0 1 1 3 1 2 0 1 0 0 0 0 0 0 4 1 0 0 0 0 0 0 0 0 0 0 0 0
0 0 0 1 2 1 0 0 0 1 1 3 0 1 0 0 0 0 0 0 4 1 0 0 0 0 0 0 0 0 0 0 0 0
0 0 0 0 0 0 0 4 2 0 0 6 0 1 0 0 0 0 0 0 2 1 0 0 0 0 0 0 0 0 0 0 0 0
0 0 0 0 4 0 0 3 0 1 2 1 0 2 0 0 0 0 0 0 2 1 0 0 0 0 0 0 0 0 0 0 0 0
0 0 0 2 1 0 0 5 0 0 0 11 0 3 0 1 0 1 0 0 3 4 0 0 0 0 0 0 0 0 0 0 0 0
0 0 0 2 2 1 0 1 1 1 1 2 0 1 0 0 0 0 0 0 4 1 0 0 0 0 0 0 0 0 0 0 0 0
1 0 0 1 0 0 0 3 1 1 0 1 0 2 0 0 0 1 0 0 1 3 0 0 0 0 0 0 0 0 0 0 0 0
0 0 0 0 0 0 0 1 0 2 0 2 1 1 0 0 0 0 0 0 1 1 0 0 0 0 0 0 0 0 0 0 0 0
0 0 0 2 1 0 0 3 2 0 0 6 0 1 0 0 0 3 0 0 3 2 0 0 0 0 0 0 0 0 0 0 0 0
0 0 0 0 0 0 0 0 1 0 0 3 0 6 0 0 0 0 0 1 2 1 0 0 0 0 0 0 0 0 0 0 0 0
0 0 0 1 2 0 0 0 1 2 0 2 0 2 0 0 0 0 0 0 4 1 0 0 0 0 0 0 0 0 0 0 0 0
0 0 0 1 3 0 0 1 4 2 1 0 0 0 0 0 0 0 0 0 2 2 0 0 0 0 0 0 0 0 0 0 0 0
0 0 0 1 2 1 0 0 0 1 1 3 0 1 0 0 0 0 0 0 4 1 0 0 0 0 0 0 0 0 0 0 0 0
0 0 0 2 3 0 0 1 0 2 1 0 0 1 0 0 0 2 0 0 4 2 0 0 0 0 0 0 0 0 0 0 0 0
0 0 0 3 1 0 0 3 0 1 0 4 0 1 0 0 0 1 0 0 2 3 0 0 0 0 0 0 0 0 0 0 0 0
0 0 0 4 0 0 0 2 0 0 0 5 0 1 0 0 0 1 0 0 2 1 0 0 0 0 0 0 0 0 0 0 0 0
0 0 0 0 6 0 0 1 0 2 1 1 0 2 0 0 0 0 0 0 2 1 0 0 0 0 0 0 0 0 0 0 0 0
0 0 0 1 0 0 0 2 0 0 0 9 0 9 0 0 0 0 0 0 3 2 0 0 0 0 0 0 0 0 0 0 0 0
1 0 0 0 1 0 0 1 0 2 1 0 0 15 0 0 0 0 0 0 2 1 0 0 0 0 0 0 0 0 0 0 0 0
0 0 0 0 0 0 0 0 1 3 0 3 0 0 0 0 0 0 0 0 1 1 0 0 0 0 0 0 0 0 0 0 0 0
1 0 0 0 2 1 0 1 1 1 0 8 0 9 0 0 0 0 0 0 2 10 0 0 0 0 0 0 0 0 0 0 0 0
0 0 0 0 3 0 0 0 0 2 1 3 0 1 0 0 0 0 0 0 4 1 0 0 0 0 0 0 0 0 0 0 0 0
0 0 0 2 2 0 0 2 0 0 0 6 0 7 0 0 0 3 0 0 3 4 0 0 0 0 0 0 0 0 0 0 0 0
0 0 0 1 0 0 0 2 0 1 0 0 1 1 0 0 0 0 0 0 1 1 0 0 0 0 0 0 0 0 0 0 0 0
0 0 0 0 1 1 1 2 0 3 0 0 0 1 0 0 0 0 0 0 2 1 0 0 0 0 0 0 0 0 0 1 0 0
0 0 0 0 0 0 1 3 2 3 0 2 1 0 0 0 0 0 0 0 2 2 0 0 0 0 0 0 0 0 0 0 0 0
0 0 0 0 0 0 0 1 0 0 0 13 0 1 0 0 0 0 0 0 3 1 0 0 0 0 0 0 0 0 0 0 0 0
0 0 0 1 0 0 0 0 0 4 0 0 2 0 0 0 0 0 0 0 1 1 0 0 0 0 0 0 0 0 0 0 0 0
0 0 0 1 4 0 0 1 0 0 1 3 0 1 0 0 0 0 0 0 4 1 0 0 0 0 0 0 0 0 0 0 0 0
0 0 0 4 0 0 0 12 0 0 0 9 0 0 0 0 0 0 0 0 3 6 0 0 0 0 0 0 0 0 0 0 0 0
0 0 0 1 1 0 0 1 0 2 1 11 0 12 0 0 0 0 0 1 1 13 0 0 0 0 0 0 0 0 0 0 0 0
0 0 0 1 0 0 0 1 0 1 0 5 0 0 0 1 0 0 0 0 2 1 0 0 0 0 0 0 0 0 0 0 0 0
0 0 0 2 0 0 0 3 0 0 0 3 0 2 0 0 0 0 0 2 2 2 0 0 0 0 0 0 0 0 0 0 0 0
0 0 0 1 4 0 0 1 0 0 1 3 0 1 0 0 0 0 0 0 4 1 0 0 0 0 0 0 0 0 0 0 0 0
1 0 0 0 2 0 0 0 0 0 0 1 0 2 0 0 0 0 0 1 2 2 0 0 0 0 0 0 0 0 0 0 0 0
0 0 0 2 0 0 0 3 1 0 0 4 0 0 0 0 0 0 0 1 2 1 0 0 0 0 0 0 0 0 0 0 0 0
0 0 0 1 0 0 0 2 1 2 0 2 0 0 0 0 0 0 0 0 2 1 0 0 0 0 0 0 0 0 0 0 0 0
0 0 0 4 0 0 0 4 0 1 0 1 3 2 0 1 0 0 0 0 2 4 0 0 0 0 0 0 0 0 0 0 0 0
1 0 0 0 2 0 0 1 1 0 0 1 0 2 0 0 0 0 0 0 2 2 0 0 0 0 0 0 0 0 0 0 0 0
1 0 0 1 0 0 0 2 0 0 0 0 2 1 0 0 0 0 0 0 2 2 0 0 0 0 0 0 0 0 0 0 0 0
0 0 0 2 2 0 0 1 0 0 2 3 0 1 0 0 0 0 0 0 4 1 0 0 0 0 0 0 0 0 0 0 0 0
0 0 0 1 6 0 0 1 0 2 3 6 0 4 0 0 0 1 0 0 3 2 0 0 0 0 0 0 0 0 0 0 0 0
0 0 0 2 3 0 0 4 0 0 0 13 0 2 0 0 0 0 0 0 3 4 0 0 0 0 0 0 0 0 0 0 0 0
0 0 0 0 0 0 0 0 1 0 0 9 0 7 0 0 0 0 0 0 3 2 0 0 0 0 0 0 0 0 0 0 0 1
1 0 0 0 1 0 0 0 0 0 0 2 0 2 0 0 0 0 0 0 2 2 0 0 0 0 0 0 0 0 0 0 0 0
0 0 0 1 2 0 0 7 0 0 0 1 1 0 0 0 0 0 0 0 2 1 0 0 0 0 0 0 0 0 0 0 0 0
1 0 0 0 1 0 0 0 0 0 0 2 0 2 0 0 0 0 0 0 2 2 0 0 0 0 0 0 0 0 0 0 0 0
0 0 0 6 2 0 0 2 0 0 0 9 0 3 0 2 0 1 0 1 3 4 0 0 0 0 0 0 0 0 0 0 0 0
1 0 0 0 1 0 0 0 0 0 0 1 0 2 0 0 0 0 0 0 2 2 0 0 0 0 0 0 0 0 0 0 0 1
0 0 0 4 1 0 0 0 0 0 1 13 0 3 0 0 0 4 0 0 3 4 0 0 0 0 0 0 0 0 0 0 0 0
0 0 0 0 0 0 0 1 0 0 0 4 0 10 0 0 0 0 0 0 3 1 0 0 0 0 0 0 0 0 0 0 0 0
0 0 0 4 0 0 0 2 0 0 0 5 0 7 0 0 0 3 0 0 3 3 0 0 0 0 0 0 0 0 0 0 0 0
0 0 0 0 3 0 1 2 1 2 1 0 0 1 0 0 0 0 0 0 4 1 0 0 0 0 0 0 0 0 0 0 0 1
1 0 0 0 1 0 0 0 0 0 0 2 0 2 0 0 0 0 0 0 2 2 0 0 0 0 0 0 0 0 0 0 0 0
0 0 0 3 0 0 0 1 1 0 0 7 0 10 0 0 0 3 0 0 3 4 0 0 0 0 0 0 0 0 0 0 0 0
0 0 0 0 3 1 0 0 0 1 1 3 0 1 0 0 0 0 0 0 4 1 0 0 0 0 0 0 0 0 0 0 0 0
0 0 0 0 0 0 0 2 0 0 0 7 0 0 0 0 0 1 0 1 2 1 0 0 0 0 0 0 0 0 0 0 0 0
0 0 0 3 2 0 0 1 0 0 1 3 0 1 0 0 0 0 0 0 4 1 0 0 0 0 0 0 0 0 0 0 0 0
1 0 0 1 1 0 0 0 0 0 0 1 0 2 0 0 0 0 0 1 2 2 0 0 0 0 0 0 0 0 0 0 0 0
0 0 0 0 0 0 0 3 2 0 0 15 0 1 0 0 0 0 0 0 3 2 0 0 0 0 0 0 0 0 0 0 0 0
0 0 0 4 0 0 0 0 0 0 0 6 0 0 0 0 0 0 0 0 2 1 0 0 0 0 0 0 0 0 0 0 0 0
0 0 0 1 2 1 0 0 0 1 1 3 0 1 0 0 0 0 0 0 4 1 0 0 0 0 0 0 0 0 0 0 0 0
0 0 0 2 4 0 0 1 0 3 0 0 0 3 0 0 0 3 0 0 4 3 0 0 0 0 0 0 0 0 0 0 0 0
0 0 0 4 0 0 0 4 2 2 0 0 2 2 0 0 0 2 0 0 2 2 0 0 0 0 0 0 0 0 0 0 0 0
0 0 0 0 3 0 0 0 1 2 0 3 0 1 0 0 0 0 0 0 4 1 0 0 0 0 0 0 0 0 0 0 0 0
0 0 0 5 1 0 0 5 5 4 1 46 0 63 0 0 0 1 1 0 1 55 0 0 0 0 0 0 0 0 0 0 0 1
1 0 0 0 1 0 0 0 0 0 0 2 0 2 0 0 0 0 0 0 2 2 0 0 0 0 0 0 0 0 0 0 0 0
0 0 0 2 0 0 0 4 1 1 0 0 0 0 0 0 0 0 0 0 2 1 0 0 0 0 0 0 0 0 0 0 0 0
0 0 0 0 0 0 0 4 3 2 0 5 0 11 0 0 0 0 0 0 3 4 0 0 0 0 0 0 0 0 0 0 0 2
1 0 0 0 1 0 0 0 0 0 0 2 0 2 0 0 0 0 0 0 2 2 0 0 0 0 0 0 0 0 0 0 0 0
0 0 0 3 2 0 0 1 0 0 1 3 0 1 0 0 0 0 0 0 4 1 0 0 0 0 0 0 0 0 0 0 0 0
0 0 0 1 0 0 2 2 0 2 0 0 1 0 0 0 0 0 0 0 2 1 0 0 0 0 0 0 0 0 0 1 0 0
0 0 0 0 6 0 0 1 0 3 2 2 0 4 0 0 0 2 0 0 3 2 0 0 0 0 0 0 0 0 0 0 0 0
0 0 0 1 0 0 1 3 1 1 0 0 1 2 0 0 0 0 0 0 2 1 0 0 0 0 0 0 0 0 0 0 0 0
0 0 0 0 0 0 0 2 2 1 0 14 0 4 0 0 0 1 0 0 4 2 0 0 0 0 0 0 0 0 0 0 0 0
0 0 0 2 2 0 0 2 0 2 1 2 0 1 0 0 0 0 0 0 4 1 0 0 0 0 0 0 0 0 0 0 0 0
1 0 0 0 1 0 0 0 0 0 0 2 0 2 0 0 0 0 0 0 2 2 0 0 0 0 0 0 0 0 0 0 0 0
0 0 0 3 0 0 0 1 0 0 0 8 0 1 0 0 0 0 0 0 2 1 0 0 0 0 0 0 0 0 0 0 0 0
0 0 0 4 2 0 0 9 0 0 0 12 0 1 0 0 0 0 0 0 3 4 0 0 0 0 0 0 0 0 0 0 0 0
1 0 0 0 1 0 0 0 0 0 0 2 0 2 0 0 0 0 0 0 2 2 0 0 0 0 0 0 0 0 0 0 0 0
0 0 0 2 0 0 0 0 1 0 0 6 0 1 0 0 0 1 0 0 2 1 0 0 0 0 0 0 0 0 0 0 0 0
0 0 0 0 2 0 0 0 1 2 1 3 0 1 0 0 0 0 0 0 4 1 0 0 0 0 0 0 0 0 0 0 0 0
0 0 0 0 3 1 0 0 0 1 1 3 0 1 0 0 0 0 0 0 4 1 0 0 0 0 0 0 0 0 0 0 0 0
0 0 0 1 2 0 0 0 1 2 0 2 0 1 0 0 0 0 0 0 4 1 0 0 0 0 0 0 0 0 0 0 0 1
0 0 0 0 0 0 0 2 7 2 0 0 3 1 0 0 0 0 0 0 2 2 0 0 0 0 0 0 0 0 0 0 0 0
0 0 0 2 0 0 0 4 2 1 0 1 2 2 0 0 0 0 0 0 2 3 0 0 0 0 0 0 0 0 0 0 0 0
0 0 0 2 0 0 0 0 0 0 0 5 0 3 0 0 0 1 0 0 2 1 0 0 0 0 0 0 0 0 0 0 0 0
0 0 0 1 0 0 0 2 0 0 0 8 0 1 0 0 0 1 0 0 2 1 0 0 0 0 0 0 0 0 0 0 0 0
0 0 0 1 2 0 0 3 0 0 1 3 0 1 0 0 0 0 0 0 4 1 0 0 0 0 0 0 0 0 0 0 0 0
0 0 0 0 0 0 0 1 0 0 0 9 0 0 0 0 0 0 0 1 2 1 0 0 0 0 0 0 0 0 0 0 0 0
0 0 0 1 1 0 0 2 0 0 0 8 1 2 0 0 0 0 0 0 2 3 0 0 0 0 0 0 0 0 0 0 0 0
0 0 0 2 2 0 0 3 0 0 1 2 0 2 0 0 0 1 0 0 4 1 0 0 0 0 0 0 0 0 0 0 0 0
1 0 0 0 0 0 0 2 0 1 0 3 0 3 0 0 0 1 0 0 1 4 0 0 0 0 0 0 0 0 0 0 0 0
0 0 0 1 2 0 0 0 0 2 1 3 0 1 0 0 0 0 0 0 4 1 0 0 0 0 0 0 0 0 0 0 0 0
1 0 0 0 1 0 0 0 0 0 0 2 0 2 0 0 0 0 0 0 2 2 0 0 0 0 0 0 0 0 0 0 0 0
1 0 0 0 2 0 0 1 0 0 0 1 0 3 0 0 0 0 0 0 2 2 0 0 0 0 0 0 0 0 0 0 0 0
1 0 0 0 2 0 0 0 0 0 0 1 0 2 0 0 0 0 0 1 2 2 0 0 0 0 0 0 0 0 0 0 0 0
1 0 0 0 1 0 0 4 0 0 0 0 0 0 0 0 0 0 0 0 2 2 0 0 0 0 0 0 0 0 0 0 0 0
0 0 0 3 2 0 0 4 1 1 1 0 0 1 0 0 0 1 0 0 4 3 0 0 0 0 0 0 0 0 0 0 0 0
0 0 0 1 1 0 0 3 1 1 0 3 1 3 0 0 0 1 0 0 2 3 0 0 0 0 0 0 0 0 0 0 0 0
0 0 0 1 0 0 0 3 0 0 0 4 0 4 0 0 0 0 0 0 2 1 0 0 0 0 0 0 0 0 0 0 0 0
0 0 0 0 0 0 0 6 1 2 0 3 0 1 0 0 0 0 0 0 2 2 0 0 0 0 0 0 0 0 0 0 0 0
0 0 0 0 1 0 0 2 1 1 0 0 0 0 0 0 0 0 0 0 2 1 0 0 0 0 0 0 0 0 0 1 0 0
0 0 0 2 0 0 0 3 2 0 0 7 0 8 0 0 0 0 0 0 3 4 0 0 0 0 0 0 0 0 0 0 0 0
1 0 0 0 1 0 0 0 0 0 0 2 0 2 0 0 0 0 0 0 2 2 0 0 0 0 0 0 0 0 0 0 0 0
0 0 0 2 1 0 0 3 0 2 0 5 0 0 0 0 0 0 0 0 2 2 0 0 0 0 0 0 0 0 0 0 0 0
0 0 0 2 0 0 0 4 1 0 0 4 0 0 0 0 0 0 0 0 2 1 0 0 0 0 0 0 0 0 0 0 0 0
0 0 0 0 0 0 0 1 0 1 0 1 1 2 0 0 0 1 0 0 1 1 0 0 0 0 0 0 0 0 0 0 0 0
0 0 0 2 4 0 0 1 0 2 1 4 0 3 0 0 0 3 0 0 2 4 0 0 0 0 0 0 0 0 0 0 0 1
0 0 0 0 0 0 1 10 0 2 0 13 2 0 0 0 0 0 0 0 3 4 0 0 0 0 0 0 0 0 0 0 0 0
1 0 0 1 1 0 0 1 1 0 0 1 0 1 0 0 0 0 1 0 2 2 0 0 0 0 0 0 0 0 0 0 0 0
0 0 0 0 6 0 0 0 0 4 2 7 0 3 0 0 0 0 0 0 3 2 0 0 0 0 0 0 0 0 0 0 0 0
0 0 0 4 0 0 0 2 1 0 0 5 0 1 0 0 0 0 0 0 2 2 0 0 0 0 0 0 0 0 0 0 0 0
0 0 0 1 1 0 0 3 0 0 0 6 0 3 0 0 0 0 0 0 2 1 0 0 0 0 0 0 0 0 0 0 0 0
0 0 0 1 0 0 0 1 1 1 0 0 1 0 0 0 0 0 0 0 1 1 0 0 0 0 0 0 0 0 0 0 0 0
0 0 0 3 0 0 0 7 0 0 0 5 0 5 0 0 0 0 0 1 3 5 0 0 0 0 0 0 0 0 0 0 0 1
0 0 0 1 1 0 0 2 0 1 0 1 0 0 0 0 0 0 0 0 2 1 0 0 0 0 0 0 0 0 0 0 0 0
1 0 0 0 1 0 0 1 0 0 0 1 0 2 0 0 0 0 0 0 2 2 0 0 0 0 0 0 0 0 0 0 0 0
0 0 0 3 0 0 0 5 3 0 0 9 0 1 0 1 0 0 0 2 3 5 0 0 0 0 0 0 0 0 0 0 0 0
1 0 0 0 0 0 0 0 1 2 0 3 0 0 0 0 0 0 0 0 2 1 0 0 0 0 0 0 0 0 0 0 0 0
0 0 0 0 3 0 0 0 0 3 0 3 0 1 0 0 0 0 0 0 4 1 0 0 0 0 0 0 0 0 0 0 0 0
1 0 0 0 1 0 0 0 0 0 0 2 0 2 0 0 0 0 0 0 2 2 0 0 0 0 0 0 0 0 0 0 0 0
0 0 0 2 1 0 0 5 0 0 0 13 0 1 0 0 0 0 0 1 3 5 0 0 0 0 0 0 0 0 0 0 0 0
0 0 0 3 2 0 0 3 0 0 1 1 0 2 0 0 0 3 0 0 4 3 0 0 0 0 0 0 0 0 0 0 0 0
0 0 0 1 3 1 0 0 4 2 1 0 0 0 0 0 0 0 0 1 2 3 0 0 0 0 0 0 0 0 0 0 0 0
0 0 0 4 0 0 0 2 0 0 0 4 0 4 0 1 0 2 0 0 3 1 0 0 0 0 0 0 0 0 0 0 0 0
0 0 0 2 3 0 1 0 0 1 0 3 0 1 0 0 0 0 0 0 4 1 0 0 0 0 0 0 0 0 0 0 0 0
0 0 0 2 0 0 0 3 1 1 0 5 0 2 0 0 0 1 0 1 3 1 0 0 0 0 0 0 0 0 0 0 0 0
0 0 0 1 0 0 0 6 0 0 0 2 0 6 0 0 0 0 0 0 3 1 0 0 0 0 0 0 0 0 0 0 0 0
0 0 0 0 6 0 0 1 0 2 3 7 0 3 0 0 0 0 0 0 3 2 0 0 0 0 0 0 0 0 0 0 0 0
0 0 0 1 3 1 0 3 0 1 1 1 0 2 0 0 0 0 0 0 4 3 0 0 0 0 0 0 0 0 0 0 0 0
1 0 0 1 1 0 0 1 1 0 0 1 0 2 0 0 0 0 0 0 2 2 0 0 0 0 0 0 0 0 0 0 0 0
0 0 0 3 0 0 0 3 2 4 0 6 0 6 0 0 0 0 0 1 3 2 0 0 0 0 0 0 0 0 0 0 0 0
0 0 0 4 1 0 0 1 1 0 0 2 0 1 0 1 0 0 0 0 2 1 0 0 0 0 0 0 0 0 0 0 0 0
0 0 0 1 2 0 0 1 0 0 1 15 0 3 0 0 0 0 0 0 3 2 0 0 0 0 0 0 0 0 0 0 0 0
0 0 0 0 3 0 0 0 1 1 1 3 0 1 0 0 0 0 0 0 4 1 0 0 0 0 0 0 0 0 0 0 0 0
0 0 0 1 2 1 0 0 0 1 1 3 0 1 0 0 0 0 0 0 4 1 0 0 0 0 0 0 0 0 0 0 0 0
0 0 0 0 1 0 0 2 0 2 0 0 1 2 0 0 0 0 0 0 1 1 0 0 0 0 0 0 0 0 0 0 0 0
0 0 0 1 3 0 1 0 0 1 1 3 0 1 0 0 0 0 0 0 4 1 0 0 0 0 0 0 0 0 0 0 0 0
1 0 0 0 0 0 0 3 0 2 0 0 0 1 0 0 0 0 0 0 2 2 0 0 0 0 0 0 0 0 0 0 0 0
0 0 0 3 0 0 0 6 0 0 0 4 0 0 0 0 0 0 0 0 2 1 0 0 0 0 0 0 0 0 0 0 0 0
0 0 0 1 0 0 0 0 0 0 0 9 0 10 0 0 0 1 0 0 3 2 0 0 0 0 0 0 0 0 0 0 0 0
0 0 0 1 2 0 0 3 1 3 1 2 0 5 0 0 0 2 0 0 4 1 0 0 0 0 0 0 0 0 0 0 0 0
0 0 0 3 2 0 0 1 0 1 0 3 0 1 0 0 0 0 0 0 4 1 0 0 0 0 0 0 0 0 0 0 0 0
0 0 0 0 0 0 0 2 1 1 0 3 0 3 0 0 0 0 0 1 2 1 0 0 0 0 0 0 0 0 0 0 0 0
1 0 0 0 1 0 0 0 0 0 0 2 0 2 0 0 0 0 0 0 2 2 0 0 0 0 0 0 0 0 0 0 0 0
0 0 0 0 1 0 0 2 3 1 0 0 0 1 0 0 0 0 0 0 2 1 0 0 0 0 0 0 0 0 0 0 0 0
0 0 0 1 2 0 0 0 0 0 0 8 0 0 0 0 0 0 0 0 2 1 0 0 0 0 0 0 0 0 0 0 0 0
1 0 0 0 1 0 0 0 0 0 0 2 0 2 0 0 0 0 0 0 2 2 0 0 0 0 0 0 0 0 0 0 0 0
0 0 0 3 2 0 0 1 1 3 1 0 0 1 0 0 0 0 0 0 4 2 0 0 0 0 0 0 0 0 0 0 0 0
0 0 0 1 0 0 0 2 1 1 0 0 0 0 0 0 0 0 0 0 2 1 0 0 0 0 0 0 0 0 0 1 0 0
0 0 0 3 2 0 0 1 0 0 1 3 0 1 0 0 0 0 0 0 4 1 0 0 0 0 0 0 0 0 0 0 0 0
0 0 0 0 3 0 0 1 0 2 2 3 0 1 0 0 0 0 0 0 4 1 0 0 0 0 0 0 0 0 0 0 0 0
0 0 0 0 1 0 0 1 0 3 1 3 0 1 0 0 0 0 0 0 4 1 0 0 0 0 0 0 0 0 0 0 0 0
0 0 0 2 3 0 0 2 0 0 2 2 0 2 0 0 0 0 0 0 4 1 0 0 0 0 0 0 0 0 0 0 0 0
0 0 0 0 6 0 0 1 0 2 1 1 0 2 0 0 0 0 0 0 2 1 0 0 0 0 0 0 0 0 0 0 0 0
0 0 0 1 0 0 0 2 1 1 0 0 0 0 0 0 0 0 0 0 2 1 0 0 0 0 0 0 0 0 0 1 0 0
1 0 0 0 1 0 0 0 0 0 0 1 0 2 0 0 0 0 0 0 2 2 0 0 0 0 0 0 0 0 0 0 0 1
0 0 0 0 3 0 0 0 1 1 0 3 0 1 0 0 0 0 0 0 4 1 0 0 0 0 0 0 0 0 0 0 0 0
0 0 0 0 4 0 0 1 2 2 0 2 0 1 0 0 0 0 0 0 4 1 0 0 0 0 0 0 0 0 0 0 0 0
0 0 0 0 1 0 0 1 1 1 0 0 0 0 0 0 0 0 0 0 1 1 0 0 0 0 0 0 0 0 0 0 0 0
1 0 0 0 1 0 0 1 2 1 0 0 1 1 0 0 0 0 0 0 2 3 0 0 0 0 0 0 0 0 0 0 0 0
0 0 0 6 1 0 1 6 2 1 0 26 0 31 0 0 0 1 0 0 2 31 0 0 0 0 0 0 0 0 0 0 0 0
1 0 0 0 1 0 0 0 0 0 0 1 0 2 0 0 0 0 0 0 2 2 0 0 0 0 0 0 0 0 0 0 0 1
0 0 0 0 1 0 0 2 0 4 0 0 0 1 0 0 0 0 0 0 2 1 0 0 0 0 0 0 0 0 0 1 0 0
0 0 0 3 0 0 1 2 0 0 0 6 0 9 0 0 0 2 0 1 3 3 0 0 0 0 0 0 0 0 0 0 0 0
0 0 0 2 3 0 0 1 0 0 1 3 0 1 0 0 0 0 0 0 4 1 0 0 0 0 0 0 0 0 0 0 0 0
1 0 0 0 1 0 0 0 0 0 0 2 0 2 0 0 0 0 0 0 2 2 0 0 0 0 0 0 0 0 0 0 0 0
1 0 0 0 0 0 0 3 0 2 0 0 0 1 0 0 0 0 0 0 2 2 0 0 0 0 0 0 0 0 0 0 0 0
0 0 0 1 3 0 0 1 2 1 1 2 0 1 0 0 0 0 0 0 4 1 0 0 0 0 0 0 0 0 0 0 0 0
0 0 0 0 2 0 0 0 1 2 1 3 0 1 0 0 0 0 0 0 4 1 0 0 0 0 0 0 0 0 0 0 0 0
0 0 0 1 0 0 0 3 2 2 0 5 0 2 0 0 0 0 0 0 2 3 0 0 0 0 0 0 0 0 0 0 0 0
1 0 0 0 1 0 0 0 0 0 0 2 0 2 0 0 0 0 0 0 2 2 0 0 0 0 0 0 0 0 0 0 0 0
0 1 0 1 0 0 0 0 1 2 0 0 0 0 0 0 0 0 0 0 2 1 0 0 0 0 0 0 0 0 0 0 0 0
1 0 0 0 1 0 0 0 0 0 0 2 0 2 0 0 0 0 0 0 2 2 0 0 0 0 0 0 0 0 0 0 0 0
1 0 0 0 1 0 0 0 0 0 0 2 0 2 0 0 0 0 0 0 2 2 0 0 0 0 0 0 0 0 0 0 0 0
1 1 0 0 2 0 0 2 0 0 0 0 0 2 0 0 0 0 0 0 3 1 0 0 0 0 0 0 0 0 0 1 0 0
0 0 0 0 0 0 0 2 0 0 0 9 0 0 0 0 0 0 0 0 2 1 0 0 0 0 0 0 0 0 0 0 0 0
0 0 0 0 0 0 0 0 1 2 0 3 0 0 0 0 0 0 0 0 2 1 0 0 0 0 0 0 0 0 0 0 0 0
1 0 0 0 1 0 0 0 0 0 0 2 0 2 0 0 0 0 0 0 2 2 0 0 0 0 0 0 0 0 0 0 0 0
1 0 0 0 1 0 0 0 0 0 0 2 0 2 0 0 0 0 0 0 2 2 0 0 0 0 0 0 0 0 0 0 0 0
0 0 0 0 6 0 0 0 0 3 2 7 0 4 0 0 0 0 0 0 3 2 0 0 0 0 0 0 0 0 0 0 0 0
0 0 0 0 0 0 0 2 7 1 0 0 2 0 0 0 0 0 0 0 2 2 0 0 0 0 0 0 0 0 0 0 0 0
1 0 0 0 1 0 0 0 0 0 0 2 0 2 0 0 0 0 0 0 2 2 0 0 0 0 0 0 0 0 0 0 0 0
0 0 0 2 1 0 0 2 0 1 0 1 0 2 0 0 0 0 0 0 2 1 0 0 0 0 0 0 0 0 0 0 0 0
1 0 0 0 1 0 0 0 0 0 0 2 0 2 0 0 0 0 0 0 2 2 0 0 0 0 0 0 0 0 0 0 0 0
0 0 0 2 1 0 0 0 0 0 0 5 0 3 0 0 0 0 0 0 2 1 0 0 0 0 0 0 0 0 0 0 0 0
1 0 0 0 1 0 0 0 0 0 0 2 0 2 0 0 0 0 0 0 2 2 0 0 0 0 0 0 0 0 0 0 0 0
0 0 0 0 0 0 0 2 2 1 0 8 2 0 0 0 0 0 0 0 2 2 0 0 0 0 0 0 0 0 0 0 0 0
0 0 0 0 0 0 0 1 0 0 0 10 0 0 0 0 0 2 0 0 2 2 0 0 0 0 0 0 0 0 0 0 0 0
0 0 0 0 3 1 0 0 0 1 1 2 0 1 0 0 0 0 0 0 4 1 0 0 0 0 0 0 0 0 0 0 0 1
0 0 0 3 6 0 1 0 0 3 2 4 0 6 0 0 0 3 0 0 3 2 0 0 0 0 0 0 0 0 0 0 0 0
0 0 0 1 1 0 0 2 0 1 0 1 0 0 0 0 0 0 0 0 2 1 0 0 0 0 0 0 0 0 0 0 0 0
0 0 0 0 1 0 0 2 1 1 0 0 0 2 0 0 0 0 0 0 1 1 0 0 0 0 0 0 0 0 0 0 0 0
0 0 0 4 0 0 0 4 0 1 0 0 0 1 0 0 1 0 0 0 2 2 0 0 0 0 0 0 0 0 0 0 0 0
0 0 0 3 5 0 0 4 1 0 0 8 0 2 0 0 0 0 0 0 3 4 0 0 0 0 0 0 0 0 0 0 0 0
0 0 0 1 1 0 0 1 1 0 0 5 0 0 0 0 0 0 0 2 2 1 0 0 0 0 0 0 0 0 0 0 0 0
0 0 0 3 2 0 0 1 0 0 1 3 0 1 0 0 0 0 0 0 4 1 0 0 0 0 0 0 0 0 0 0 0 0
0 0 0 6 0 0 0 0 0 0 0 4 0 1 0 0 0 0 0 0 2 1 0 0 0 0 0 0 0 0 0 0 0 0
0 0 0 1 2 1 0 1 1 1 2 2 0 1 0 0 0 0 0 0 4 1 0 0 0 0 0 0 0 0 0 0 0 0
0 0 0 3 0 0 1 2 0 1 0 2 0 0 0 0 0 0 0 0 2 1 0 0 0 0 0 0 0 0 0 0 0 0
1 0 0 0 1 0 0 0 0 0 0 2 0 2 0 0 0 0 0 0 2 2 0 0 0 0 0 0 0 0 0 0 0 0
0 0 0 1 0 0 0 2 2 4 0 0 1 1 0 0 0 0 0 0 2 1 0 0 0 0 0 0 0 0 0 0 0 0
0 0 0 4 0 0 0 0 0 0 0 6 0 8 0 0 0 2 0 0 3 3 0 0 0 0 0 0 0 0 0 0 0 0
1 0 0 0 1 0 0 0 0 0 0 2 0 2 0 0 0 0 0 0 2 2 0 0 0 0 0 0 0 0 0 0 0 0
0 0 0 3 0 0 0 2 0 0 0 5 2 1 0 0 0 0 0 0 2 2 0 0 0 0 0 0 0 0 0 0 0 0
0 0 0 3 3 0 0 5 1 0 0 11 0 1 0 0 0 0 0 0 3 4 0 0 0 0 0 0 0 0 0 0 0 0
0 0 0 1 1 0 0 1 3 1 1 0 0 0 0 0 0 0 0 0 2 1 0 0 0 0 0 0 0 0 0 0 0 0
0 0 0 8 3 0 0 5 4 2 0 37 0 49 0 0 0 5 0 2 1 49 0 0 0 0 0 0 0 0 0 0 0 1
1 0 0 0 1 0 0 0 0 0 0 2 0 2 0 0 0 0 0 0 2 2 0 0 0 0 0 0 0 0 0 0 0 0
0 0 0 4 1 0 0 3 0 0 0 13 0 2 0 0 0 3 0 0 3 6 0 0 0 0 0 0 0 0 0 0 0 0
1 0 0 0 1 0 0 0 0 0 0 2 0 2 0 0 0 0 0 0 2 2 0 0 0 0 0 0 0 0 0 0 0 0
0 0 0 1 7 0 0 3 2 3 2 5 0 3 0 0 0 0 0 0 3 2 0 0 0 0 0 0 0 0 0 0 0 0
0 1 0 1 0 0 0 1 0 1 0 0 0 0 0 0 0 0 0 0 1 1 0 0 0 0 0 0 0 0 0 0 0 0
0 0 0 1 3 0 0 1 0 4 0 2 0 1 0 0 0 1 0 0 4 3 0 0 0 0 0 0 0 0 0 0 0 0
1 0 0 0 0 0 0 0 1 1 0 1 0 0 0 0 0 0 0 0 1 1 0 0 0 0 0 0 0 0 0 0 0 0
0 0 0 0 2 0 0 0 0 4 0 3 0 1 0 0 0 0 0 0 4 1 0 0 0 0 0 0 0 0 0 0 0 0
1 0 0 0 1 0 0 0 0 0 0 2 0 2 0 0 0 0 0 0 2 2 0 0 0 0 0 0 0 0 0 0 0 0
0 0 0 0 0 0 0 0 1 3 0 3 0 0 0 0 0 0 0 0 1 1 0 0 0 0 0 0 0 0 0 0 0 0
1 0 0 0 1 0 0 0 0 0 0 0 0 1 0 0 0 0 0 0 2 1 0 0 0 0 0 0 0 0 0 0 0 1
1 0 0 0 1 0 0 0 0 2 0 2 0 2 0 0 0 0 0 0 2 2 0 0 0 0 0 0 0 0 0 0 0 0
1 0 0 0 1 0 0 0 2 0 0 1 0 1 0 0 0 0 0 0 2 2 0 0 0 0 0 0 0 0 0 0 0 0
0 0 0 0 1 0 0 1 0 0 0 11 0 6 0 1 0 0 0 0 3 2 0 0 0 0 0 0 0 0 0 0 0 0
1 0 0 0 1 0 0 0 0 0 0 2 0 2 0 0 0 0 0 0 2 2 0 0 0 0 0 0 0 0 0 0 0 0
1 0 0 0 1 0 0 4 0 0 0 0 0 0 0 0 0 0 0 0 2 2 0 0 0 0 0 0 0 0 0 0 0 0
1 0 0 0 1 0 0 0 0 0 0 2 0 2 0 0 0 0 0 0 2 2 0 0 0 0 0 0 0 0 0 0 0 0
1 0 0 0 1 0 0 0 0 0 0 2 0 2 0 0 0 0 0 0 2 2 0 0 0 0 0 0 0 0 0 0 0 0
1 0 0 0 1 0 0 0 0 0 0 2 0 2 0 0 0 0 0 0 2 2 0 0 0 0 0 0 0 0 0 0 0 0
0 0 0 0 3 1 0 0 0 1 1 3 0 1 0 0 0 0 0 0 4 1 0 0 0 0 0 0 0 0 0 0 0 0
0 0 0 0 3 0 0 2 0 1 0 2 0 0 0 0 0 0 0 0 2 1 0 0 0 0 0 0 0 0 0 0 0 0
1 0 0 0 1 1 0 0 2 2 1 0 0 64 0 0 0 1 0 0 2 2 0 0 0 0 0 0 0 0 0 0 0 0
1 1 0 1 1 0 0 2 0 1 0 0 0 1 0 0 0 0 0 0 3 1 0 0 0 0 0 0 0 0 0 1 0 0
1 0 0 0 1 0 0 0 0 0 0 2 0 2 0 0 0 0 0 0 2 2 0 0 0 0 0 0 0 0 0 0 0 0
1 0 0 0 1 0 0 0 0 0 0 2 0 2 0 0 0 0 0 0 2 2 0 0 0 0 0 0 0 0 0 0 0 0
0 0 0 1 3 0 0 0 3 1 1 1 0 1 0 0 0 0 0 0 2 1 0 0 0 0 0 0 0 0 0 0 0 0
0 0 0 4 2 0 1 5 0 0 0 7 0 3 0 1 0 0 0 1 3 4 0 0 0 0 0 0 0 0 0 0 0 0
0 0 0 3 2 0 0 1 0 2 1 0 0 1 0 0 0 2 0 0 4 2 0 0 0 0 0 0 0 0 0 0 0 0
0 0 0 4 0 0 0 4 0 0 0 0 1 1 0 0 0 0 0 1 2 2 0 0 0 0 0 0 0 0 0 0 0 0
1 0 0 0 1 0 0 0 0 0 0 2 0 2 0 0 0 0 0 0 2 2 0 0 0 0 0 0 0 0 0 0 0 0
0 0 0 1 2 0 0 0 0 3 1 2 0 2 0 0 0 1 0 0 4 1 0 0 0 0 0 0 0 0 0 0 0 0
0 0 0 0 0 0 1 2 3 3 0 0 1 2 0 0 0 0 0 0 1 2 0 0 0 0 0 0 0 0 0 0 0 0
0 0 0 0 0 0 0 2 0 0 0 9 0 6 0 0 0 1 0 0 3 2 0 0 0 0 0 0 0 0 0 0 0 0
0 0 0 4 1 0 0 2 0 0 0 6 0 10 0 0 0 1 0 0 3 2 0 0 0 0 0 0 0 0 0 0 0 0
0 0 0 3 1 0 0 0 0 1 0 2 0 3 0 0 0 0 0 0 2 1 0 0 0 0 0 0 0 0 0 0 0 0
0 0 0 3 0 0 0 1 0 0 0 8 0 1 0 0 0 0 0 0 2 1 0 0 0 0 0 0 0 0 0 0 0 0
0 0 0 3 2 0 0 5 1 0 0 4 0 0 0 0 0 0 0 0 3 1 0 0 0 0 0 0 0 0 0 0 0 0
1 0 0 0 1 0 0 0 0 0 0 2 0 2 0 0 0 0 0 0 2 2 0 0 0 0 0 0 0 0 0 0 0 0
0 0 0 2 2 0 0 1 0 0 2 3 0 1 0 0 0 0 0 0 4 1 0 0 0 0 0 0 0 0 0 0 0 0
0 0 0 1 5 0 0 2 0 0 1 2 0 2 0 0 0 0 0 0 4 1 0 0 0 0 0 0 0 0 0 0 0 0
0 0 0 4 0 0 0 5 0 0 0 2 0 2 0 0 0 0 0 0 2 3 0 0 0 0 0 0 0 0 0 0 0 0
0 0 0 1 6 0 0 0 0 4 2 6 0 4 0 0 0 1 0 0 3 2 0 0 0 0 0 0 0 0 0 0 0 0
0 0 0 1 6 0 0 1 1 3 3 5 0 3 0 0 0 0 0 2 3 4 0 0 0 0 0 0 0 0 0 0 0 0
0 0 0 2 0 0 0 3 2 3 0 4 0 1 0 0 0 0 0 0 2 3 0 0 0 0 0 0 0 0 0 0 0 0
0 0 0 3 0 0 0 4 1 1 0 0 0 2 0 0 1 0 0 0 2 2 0 0 0 0 0 0 0 0 0 0 0 0
0 0 0 2 3 0 0 1 0 0 1 3 0 1 0 0 0 0 0 0 4 1 0 0 0 0 0 0 0 0 0 0 0 0
1 0 0 0 1 0 0 0 0 0 0 2 0 2 0 0 0 0 0 0 2 2 0 0 0 0 0 0 0 0 0 0 0 0
0 0 0 0 2 0 0 1 0 2 1 0 0 1 0 0 0 1 0 0 1 1 0 0 0 0 0 0 0 0 0 0 0 0
0 0 0 4 1 0 0 3 1 1 1 1 0 3 0 0 0 0 0 0 2 1 0 0 0 0 0 0 0 0 0 0 0 0
0 0 0 0 2 0 0 0 1 2 1 3 0 1 0 0 0 0 0 0 4 1 0 0 0 0 0 0 0 0 0 0 0 0
0 0 0 0 3 0 0 0 0 2 1 3 0 1 0 0 0 0 0 0 4 1 0 0 0 0 0 0 0 0 0 0 0 0
0 0 0 2 0 0 0 0 1 3 0 0 0 63 0 0 0 1 1 0 2 1 0 0 0 0 0 0 0 0 0 0 0 0
1 0 0 0 1 0 0 0 0 0 0 2 0 2 0 0 0 0 0 0 2 2 0 0 0 0 0 0 0 0 0 0 0 0
0 0 0 0 0 0 0 0 3 1 0 1 0 0 0 0 0 1 0 0 1 1 0 0 0 0 0 0 0 0 0 0 0 0
0 0 0 3 1 0 0 4 1 1 0 14 2 0 0 0 0 0 0 0 3 4 0 0 0 0 0 0 0 0 0 0 0 0
0 0 0 3 0 0 0 4 0 0 0 6 0 10 0 0 0 1 0 0 3 4 0 0 0 0 0 0 0 0 0 0 0 0
0 0 0 0 1 0 0 3 1 1 0 0 1 1 0 0 0 0 0 0 2 1 0 0 0 0 0 0 0 0 0 1 0 0
1 0 0 0 1 0 0 0 0 0 0 2 0 2 0 0 0 0 0 0 2 2 0 0 0 0 0 0 0 0 0 0 0 0
0 0 0 1 2 0 0 0 1 2 0 3 0 1 0 0 0 0 0 0 4 1 0 0 0 0 0 0 0 0 0 0 0 0
0 0 0 1 1 1 0 0 3 1 1 0 0 0 0 0 0 0 0 0 2 1 0 0 0 0 0 0 0 0 0 0 0 0
0 0 0 1 2 0 0 1 1 1 1 2 0 6 0 0 0 0 0 1 3 1 0 0 0 0 0 0 0 0 0 0 0 0
1 0 0 0 1 0 0 0 0 0 0 2 0 2 0 0 0 0 0 0 2 2 0 0 0 0 0 0 0 0 0 0 0 0
0 0 0 0 2 0 0 0 1 2 0 2 0 1 0 0 0 0 0 0 4 1 0 0 0 0 0 0 0 0 0 0 0 1
1 0 0 0 1 0 0 1 1 1 0 0 1 1 0 0 0 0 0 0 2 2 0 0 0 0 0 0 0 0 0 0 0 0
0 0 0 0 1 0 0 2 0 2 0 0 1 0 0 0 0 0 0 0 2 1 0 0 0 0 0 0 0 0 0 1 0 0
1 0 0 0 1 0 0 0 0 0 0 2 0 2 0 0 0 0 0 0 2 2 0 0 0 0 0 0 0 0 0 0 0 0
1 0 0 1 0 0 0 0 1 2 0 0 0 0 0 0 0 0 0 0 1 1 0 0 0 0 0 0 0 0 0 0 0 0
0 0 0 6 2 0 0 0 0 1 0 9 0 3 0 0 0 5 0 1 3 4 0 0 0 0 0 0 0 0 0 0 0 0
1 0 0 0 0 0 0 1 0 0 0 1 0 1 0 0 0 0 0 0 2 1 0 0 0 0 0 0 0 0 0 0 0 0
1 0 0 0 1 0 0 0 0 0 0 2 0 2 0 0 0 0 0 0 2 2 0 0 0 0 0 0 0 0 0 0 0 0
0 0 0 1 2 0 0 3 0 0 1 3 0 1 0 0 0 0 0 0 4 1 0 0 0 0 0 0 0 0 0 0 0 0
0 0 0 4 2 0 0 1 0 1 0 2 0 2 0 0 0 0 0 0 4 1 0 0 0 0 0 0 0 0 0 0 0 0
0 0 0 1 7 0 0 2 0 3 2 5 0 5 0 1 0 0 0 0 3 2 0 0 0 0 0 0 0 0 0 0 0 0
0 0 0 2 0 0 0 2 2 0 0 5 0 0 0 0 0 1 0 0 2 1 0 0 0 0 0 0 0 0 0 0 0 1
1 0 0 0 1 0 0 4 0 0 0 0 0 0 0 0 0 0 0 0 2 2 0 0 0 0 0 0 0 0 0 0 0 0
0 0 0 1 4 0 0 4 0 0 0 1 0 1 0 0 0 1 0 0 2 1 0 0 0 0 0 0 0 0 0 0 0 0
0 0 0 2 4 0 0 0 0 2 2 1 0 2 0 0 0 0 0 0 2 1 0 0 0 0 0 0 0 0 0 0 0 0
0 0 0 0 4 0 0 1 0 2 2 1 0 2 0 0 0 0 0 1 2 1 0 0 0 0 0 0 0 0 0 0 0 0
1 0 0 0 1 0 0 0 0 0 0 2 0 2 0 0 0 0 0 0 2 2 0 0 0 0 0 0 0 0 0 0 0 0
1 0 0 0 1 0 0 0 0 0 0 2 0 2 0 0 0 0 0 0 2 2 0 0 0 0 0 0 0 0 0 0 0 0
1 0 0 1 1 0 0 0 0 1 0 1 0 2 0 0 0 0 0 0 2 2 0 0 0 0 0 0 0 0 0 0 0 0
0 0 0 1 1 0 0 0 1 3 0 0 1 3 0 0 0 0 0 0 3 2 0 0 0 0 0 0 0 0 0 1 0 0
0 0 0 2 2 0 0 1 1 0 0 3 0 2 0 0 0 2 0 1 2 2 0 0 0 0 0 0 0 0 0 0 0 0
0 0 0 2 2 0 0 0 0 2 0 3 0 3 0 0 0 0 0 0 2 1 0 0 0 0 0 0 0 0 0 0 0 0
0 0 0 0 6 0 0 1 0 3 2 7 0 3 0 0 0 0 0 0 3 2 0 0 0 0 0 0 0 0 0 0 0 0
0 0 0 1 2 0 0 4 3 1 0 0 3 2 0 0 0 0 0 0 2 4 0 0 0 0 0 0 0 0 0 0 0 0
0 0 0 1 0 0 0 2 0 1 0 8 2 1 0 0 0 0 0 0 2 3 0 0 0 0 0 0 0 0 0 0 0 0
0 0 0 3 1 0 0 4 0 0 0 12 0 2 0 0 0 4 0 0 3 6 0 0 0 0 0 0 0 0 0 0 0 0
0 0 0 0 4 0 0 0 1 3 2 7 0 2 0 0 0 0 0 0 3 2 0 0 0 0 0 0 0 0 0 0 0 0
0 0 0 2 3 0 0 0 1 1 1 2 0 2 0 0 0 0 0 2 2 1 0 0 0 0 0 0 0 0 0 0 0 0
1 0 0 1 1 0 0 0 0 0 0 1 0 3 0 0 0 0 0 0 2 2 0 0 0 0 0 0 0 0 0 0 0 0
0 0 0 0 0 0 0 1 0 2 0 10 0 6 0 0 0 0 0 0 3 2 0 0 0 0 0 0 0 0 0 0 0 0
0 0 0 7 0 0 0 0 0 0 0 12 0 4 0 0 0 2 0 0 3 2 0 0 0 0 0 0 0 0 0 0 0 0
1 0 0 0 1 0 0 0 0 0 0 2 0 2 0 0 0 0 0 0 2 2 0 0 0 0 0 0 0 0 0 0 0 0
0 0 0 1 2 1 0 0 0 1 1 3 0 1 0 0 0 0 0 0 4 1 0 0 0 0 0 0 0 0 0 0 0 0
0 0 0 1 0 0 0 1 0 2 0 1 1 1 0 0 0 0 0 0 1 1 0 0 0 0 0 0 0 0 0 0 0 0
0 0 0 3 0 0 0 6 0 0 0 5 0 10 0 0 0 1 0 0 3 4 0 0 0 0 0 0 0 0 0 0 0 0
1 0 0 0 1 0 0 0 0 0 0 2 0 2 0 0 0 0 0 0 2 2 0 0 0 0 0 0 0 0 0 0 0 0
0 0 0 0 6 0 0 0 0 2 4 7 0 3 0 0 0 0 0 0 3 2 0 0 0 0 0 0 0 0 0 0 0 0
0 0 0 2 2 0 0 0 0 2 0 3 0 3 0 0 0 0 0 0 2 1 0 0 0 0 0 0 0 0 0 0 0 0
1 0 0 0 1 0 0 0 0 0 0 2 0 2 0 0 0 0 0 0 2 2 0 0 0 0 0 0 0 0 0 0 0 0
1 0 0 0 1 0 0 1 0 0 0 1 0 2 0 0 0 0 0 0 2 2 0 0 0 0 0 0 0 0 0 0 0 0
0 0 0 0 0 0 0 2 0 0 0 3 0 6 0 0 0 0 0 0 2 1 0 0 0 0 0 0 0 0 0 0 0 0
1 0 0 0 1 0 0 0 0 0 0 2 0 2 0 0 0 0 0 0 2 2 0 0 0 0 0 0 0 0 0 0 0 0
1 0 0 0 1 0 0 0 0 0 0 2 0 2 0 0 0 0 0 0 2 2 0 0 0 0 0 0 0 0 0 0 0 0
0 0 0 0 4 0 0 2 0 1 2 1 0 2 0 0 0 0 0 1 2 1 0 0 0 0 0 0 0 0 0 0 0 0
0 0 0 0 0 0 0 4 3 4 0 0 3 1 0 0 0 0 0 0 2 4 0 0 0 0 0 0 0 0 0 0 0 0
0 0 0 0 2 0 0 3 0 1 1 0 0 1 0 0 0 0 0 0 1 1 0 0 0 0 0 0 0 0 0 0 0 0
0 0 0 0 3 0 0 0 0 2 1 3 0 1 0 0 0 0 0 0 4 1 0 0 0 0 0 0 0 0 0 0 0 0
0 0 0 3 2 0 0 1 0 0 1 3 0 1 0 0 0 0 0 0 4 1 0 0 0 0 0 0 0 0 0 0 0 0
0 0 0 5 0 0 0 4 0 1 0 3 0 0 0 0 0 0 0 1 2 3 0 0 0 0 0 0 0 0 0 0 0 0
0 0 0 2 0 1 0 3 1 1 0 0 0 0 0 0 0 0 0 0 2 1 0 0 0 0 0 0 0 0 0 0 0 0
0 0 0 0 1 0 1 3 1 0 0 0 1 1 0 0 0 0 0 0 2 1 0 0 0 0 0 0 0 0 0 1 0 0
0 0 0 2 2 1 0 3 2 0 0 0 1 2 0 0 0 0 1 0 2 3 0 0 0 0 0 0 0 0 0 0 0 0
0 0 0 1 2 1 0 0 0 1 1 3 0 1 0 0 0 0 0 0 4 1 0 0 0 0 0 0 0 0 0 0 0 0
0 0 0 1 0 0 0 2 1 1 0 2 0 0 0 0 0 0 0 0 2 1 0 0 0 0 0 0 0 0 0 1 0 0
0 0 0 0 0 0 0 2 2 1 0 8 2 1 0 0 0 0 0 0 2 3 0 0 0 0 0 0 0 0 0 0 0 0
0 0 0 0 3 1 0 0 0 1 1 3 0 1 0 0 0 0 0 0 4 1 0 0 0 0 0 0 0 0 0 0 0 0
1 0 0 1 0 0 0 0 1 1 0 0 0 0 0 0 0 0 0 0 1 1 0 0 0 0 0 0 0 0 0 0 0 0
0 0 0 0 3 1 0 0 0 1 1 3 0 1 0 0 0 0 0 0 4 1 0 0 0 0 0 0 0 0 0 0 0 0
0 0 0 1 0 0 0 2 0 1 0 0 2 0 0 0 0 0 0 1 1 1 0 0 0 0 0 0 0 0 0 0 0 0
0 0 0 0 3 1 0 0 0 1 1 3 0 1 0 0 0 0 0 0 4 1 0 0 0 0 0 0 0 0 0 0 0 0
0 0 0 2 1 0 0 1 1 0 0 5 0 5 0 0 0 4 0 1 3 3 0 0 0 0 0 0 0 0 0 0 0 0
0 0 0 0 1 1 0 0 0 2 1 3 0 0 0 0 0 1 0 0 3 1 0 0 0 0 0 0 0 0 0 0 0 0
0 0 0 3 4 0 0 2 1 0 1 0 0 1 0 0 0 0 0 2 4 3 0 0 0 0 0 0 0 0 0 0 0 0
1 0 0 0 1 0 0 0 0 0 0 2 0 2 0 0 0 0 0 0 2 2 0 0 0 0 0 0 0 0 0 0 0 0
1 1 0 0 2 0 0 2 0 0 0 0 0 2 0 0 0 0 0 0 3 1 0 0 0 0 0 0 0 0 0 1 0 0
1 0 0 0 1 0 0 0 0 0 0 2 0 2 0 0 0 0 0 0 2 2 0 0 0 0 0 0 0 0 0 0 0 0
0 0 0 2 2 0 1 3 1 1 1 0 0 2 0 0 0 3 0 0 4 3 0 0 0 0 0 0 0 0 0 0 0 0
1 0 0 0 1 0 0 0 0 0 0 2 0 2 0 0 0 0 0 0 2 2 0 0 0 0 0 0 0 0 0 0 0 0
0 0 0 0 6 0 0 2 0 1 3 7 0 3 0 0 0 0 0 0 3 2 0 0 0 0 0 0 0 0 0 0 0 0
0 0 0 2 1 0 0 1 0 0 0 8 0 1 0 0 0 0 0 0 2 1 0 0 0 0 0 0 0 0 0 0 0 0
0 0 0 0 0 0 0 1 0 1 0 4 0 0 0 0 0 1 0 0 1 1 0 0 0 0 0 0 0 0 0 0 0 0
1 0 0 1 1 0 0 1 0 0 0 1 0 3 0 0 0 0 0 0 2 2 0 0 0 0 0 0 0 0 0 0 0 0
1 0 0 0 1 0 0 0 0 0 0 2 0 2 0 0 0 0 0 0 2 2 0 0 0 0 0 0 0 0 0 0 0 0
0 0 0 2 1 0 0 1 0 0 0 8 0 1 0 0 0 0 0 0 2 1 0 0 0 0 0 0 0 0 0 0 0 0
0 0 0 4 3 0 1 1 0 2 0 1 0 1 0 0 0 1 0 0 4 3 0 0 0 0 0 0 0 0 0 0 0 0
0 0 0 2 0 0 0 5 3 1 0 1 3 2 0 0 0 0 0 0 2 4 0 0 0 0 0 0 0 0 0 0 0 0
1 0 0 0 1 0 0 0 0 0 0 2 0 2 0 0 0 0 0 0 2 2 0 0 0 0 0 0 0 0 0 0 0 0
0 0 0 0 3 0 0 0 0 4 1 3 0 1 0 0 0 0 0 0 4 1 0 0 0 0 0 0 0 0 0 0 0 0
1 0 0 0 1 0 0 0 0 0 0 2 0 2 0 0 0 0 0 0 2 2 0 0 0 0 0 0 0 0 0 0 0 0
0 0 0 1 0 0 1 1 0 2 0 2 2 0 0 0 0 0 0 0 3 1 0 0 0 0 0 0 0 0 0 1 0 0
1 0 0 1 1 0 0 2 0 0 0 0 1 1 0 0 0 0 0 0 2 2 0 0 0 0 0 0 0 0 0 0 0 0
0 0 0 1 1 0 0 0 0 0 0 9 0 7 0 0 0 0 0 0 3 2 0 0 0 0 0 0 0 0 0 0 0 0
0 0 0 1 4 0 0 1 0 0 1 3 0 1 0 0 0 0 0 0 4 1 0 0 0 0 0 0 0 0 0 0 0 0
0 0 0 0 0 0 1 1 3 1 0 8 2 2 0 0 0 0 0 0 2 4 0 0 0 0 0 0 0 0 0 0 0 0
0 0 0 2 2 0 0 0 0 1 1 3 0 3 0 0 0 0 0 0 2 1 0 0 0 0 0 0 0 0 0 0 0 0
0 0 0 0 0 0 0 2 7 1 0 0 2 0 0 0 0 0 0 0 2 2 0 0 0 0 0 0 0 0 0 0 0 0
0 0 0 0 8 0 0 5 0 1 3 4 0 4 0 0 0 0 0 0 3 4 0 0 0 0 0 0 0 0 0 0 0 0
1 0 0 0 1 0 0 0 0 0 0 2 0 2 0 0 0 0 0 0 2 2 0 0 0 0 0 0 0 0 0 0 0 0
1 0 0 0 1 0 0 0 0 0 0 2 0 2 0 0 0 0 0 0 2 2 0 0 0 0 0 0 0 0 0 0 0 0
1 0 0 0 1 0 0 0 0 0 0 2 0 2 0 0 0 0 0 0 2 2 0 0 0 0 0 0 0 0 0 0 0 0
0 0 0 0 4 0 0 1 1 1 2 1 0 2 0 0 0 0 0 1 2 1 0 0 0 0 0 0 0 0 0 0 0 0
1 0 0 0 1 0 0 0 0 0 0 2 0 2 0 0 0 0 0 0 2 2 0 0 0 0 0 0 0 0 0 0 0 0
0 0 0 3 0 0 0 6 2 0 0 12 0 1 0 0 0 1 0 0 3 5 0 0 0 0 0 0 0 0 0 0 0 0
1 0 0 0 1 0 0 0 0 0 0 2 0 2 0 0 0 0 0 0 2 2 0 0 0 0 0 0 0 0 0 0 0 0
1 0 0 1 1 0 0 0 0 2 0 1 0 2 0 0 0 0 0 1 2 2 0 0 0 0 0 0 0 0 0 0 0 0
0 0 0 1 2 0 0 1 0 0 3 3 0 1 0 0 0 0 0 0 4 1 0 0 0 0 0 0 0 0 0 0 0 0
0 0 0 3 1 0 0 3 0 0 0 15 0 2 0 0 0 0 0 0 3 2 0 0 0 0 0 0 0 0 0 0 0 0
0 0 0 1 0 0 0 4 0 1 0 5 0 0 0 0 0 1 0 0 2 1 0 0 0 0 0 0 0 0 0 0 0 0
1 0 0 0 0 0 0 2 2 1 0 0 2 1 0 0 0 0 0 0 2 3 0 0 0 0 0 0 0 0 0 0 0 0
0 0 0 1 4 0 0 2 0 3 2 6 0 3 0 0 0 0 0 0 3 2 0 0 0 0 0 0 0 0 0 0 0 0
0 0 0 0 0 0 0 0 1 2 0 3 0 0 0 0 0 0 0 0 2 1 0 0 0 0 0 0 0 0 0 0 0 0
1 0 0 0 1 0 0 0 2 0 0 1 0 1 0 0 0 0 0 0 2 2 0 0 0 0 0 0 0 0 0 0 0 0
0 0 0 2 1 0 0 1 1 1 1 0 0 1 0 0 0 2 0 0 3 1 0 0 0 0 0 0 0 0 0 1 0 0
1 0 0 0 1 0 0 0 0 0 0 2 0 2 0 0 0 0 0 0 2 2 0 0 0 0 0 0 0 0 0 0 0 0
1 0 0 0 1 0 0 0 0 0 0 2 0 2 0 0 0 0 0 0 2 2 0 0 0 0 0 0 0 0 0 0 0 0
0 0 0 0 1 0 1 3 1 1 0 0 2 3 0 0 0 0 0 0 3 2 0 0 0 0 0 0 0 0 0 0 0 0
0 0 0 0 0 0 0 0 1 0 0 11 0 7 0 0 0 1 0 0 4 1 0 0 0 0 0 0 0 0 0 0 0 0
0 0 0 1 0 0 1 2 0 3 0 0 1 0 0 0 0 0 0 0 2 1 0 0 0 0 0 0 0 0 0 1 0 0
0 0 0 0 0 0 0 0 1 3 0 4 0 0 0 0 0 0 0 0 2 2 0 0 0 0 0 0 0 0 0 0 0 0
0 0 0 3 0 0 0 2 1 0 0 5 0 0 0 0 0 0 0 1 2 1 0 0 0 0 0 0 0 0 0 0 0 0
0 0 0 0 6 0 0 0 0 3 3 7 0 3 0 0 0 0 0 0 3 2 0 0 0 0 0 0 0 0 0 0 0 0
0 0 0 2 0 0 0 6 2 2 1 1 2 1 0 0 0 0 0 0 2 3 0 0 0 0 0 0 0 0 0 0 0 0
0 0 0 4 3 0 1 2 0 2 0 0 0 1 0 0 0 2 0 0 4 3 0 0 0 0 0 0 0 0 0 0 0 0
0 0 0 1 0 0 1 1 1 1 0 1 1 2 0 0 0 0 0 0 3 1 0 0 0 0 0 0 0 0 0 1 0 0
0 0 0 3 0 0 1 4 1 1 0 9 0 1 0 0 0 4 0 0 3 3 0 0 0 0 0 0 0 0 0 0 0 0
0 0 0 0 3 0 0 0 1 1 1 3 0 1 0 0 0 0 0 0 4 1 0 0 0 0 0 0 0 0 0 0 0 0
0 0 0 1 3 1 0 3 0 1 1 1 0 2 0 0 0 0 0 0 4 3 0 0 0 0 0 0 0 0 0 0 0 0
0 0 0 1 0 0 0 1 1 2 0 0 1 0 0 0 0 0 0 0 1 1 0 0 0 0 0 0 0 0 0 0 0 0
0 0 0 2 0 0 0 0 0 0 0 9 0 0 0 0 0 0 0 0 2 1 0 0 0 0 0 0 0 0 0 0 0 0
0 0 0 1 2 0 0 1 0 0 3 3 0 1 0 0 0 0 0 0 4 1 0 0 0 0 0 0 0 0 0 0 0 0
0 0 0 2 3 0 0 1 0 0 1 3 0 1 0 0 0 0 0 0 4 1 0 0 0 0 0 0 0 0 0 0 0 0
0 0 0 0 2 1 0 0 0 1 2 3 0 1 0 0 0 0 0 0 4 1 0 0 0 0 0 0 0 0 0 0 0 0
0 0 0 0 0 0 0 1 0 0 0 15 0 1 0 0 0 0 0 2 3 2 0 0 0 0 0 0 0 0 0 0 0 0
0 0 0 0 0 0 0 5 1 3 0 3 0 2 0 0 0 0 0 1 3 2 0 0 0 0 0 0 0 0 0 0 0 0
0 0 0 0 3 0 0 0 1 2 0 3 0 1 0 0 0 0 0 0 4 1 0 0 0 0 0 0 0 0 0 0 0 0
0 0 0 1 0 0 1 3 0 0 0 4 0 0 0 0 0 0 0 0 2 1 0 0 0 0 0 0 0 0 0 0 0 0
1 1 0 2 0 0 0 2 0 0 0 0 2 0 0 0 0 0 0 0 3 1 0 0 0 0 0 0 0 0 0 1 0 0
0 0 0 3 1 0 0 4 0 1 0 14 0 1 0 0 0 0 0 0 3 4 0 0 0 0 0 0 0 0 0 0 0 0
1 0 0 0 0 0 0 0 1 1 0 1 0 0 0 0 0 0 0 0 1 1 0 0 0 0 0 0 0 0 0 0 0 0
0 0 0 1 0 0 0 1 1 1 0 0 0 0 0 0 0 0 0 0 1 1 0 0 0 0 0 0 0 0 0 0 0 0
1 0 0 0 1 0 0 0 0 0 0 2 0 2 0 0 0 0 0 0 2 2 0 0 0 0 0 0 0 0 0 0 0 0
0 0 0 0 2 0 0 2 1 1 1 3 0 2 0 0 0 0 0 0 4 1 0 0 0 0 0 0 0 0 0 0 0 0
0 0 0 0 1 0 0 0 0 0 0 16 0 3 0 0 0 1 0 0 4 1 0 0 0 0 0 0 0 0 0 0 0 0
0 0 0 0 0 0 0 0 0 0 0 10 0 9 0 0 0 0 0 0 3 2 0 0 0 0 0 0 0 0 0 0 0 0
0 0 0 2 4 0 0 2 0 0 1 2 0 2 0 0 0 0 0 0 4 1 0 0 0 0 0 0 0 0 0 0 0 0
0 0 0 1 0 0 0 4 10 4 0 0 1 0 0 0 0 0 0 0 2 4 0 0 0 0 0 0 0 0 0 0 0 0
1 0 0 0 1 0 0 0 0 0 0 2 0 2 0 0 0 0 0 0 2 2 0 0 0 0 0 0 0 0 0 0 0 0
0 0 0 0 2 0 0 1 0 2 1 3 0 1 0 0 0 0 0 0 4 1 0 0 0 0 0 0 0 0 0 0 0 0
1 0 0 0 0 0 0 0 1 1 0 1 0 0 0 0 0 0 0 0 1 1 0 0 0 0 0 0 0 0 0 0 0 0
1 0 0 0 1 0 0 0 0 0 0 2 0 2 0 0 0 0 0 0 2 2 0 0 0 0 0 0 0 0 0 0 0 0
1 0 0 0 1 0 1 2 2 0 1 1 0 0 0 0 0 0 0 0 2 1 0 0 0 0 0 0 0 0 0 0 0 0
0 0 0 0 0 0 0 5 1 1 0 1 0 0 0 0 0 0 0 0 2 1 0 0 0 0 0 0 0 0 0 0 0 0
0 0 0 2 6 0 1 5 0 1 3 5 0 3 0 0 0 0 0 0 3 2 0 0 0 0 0 0 0 0 0 0 0 0
0 0 0 2 0 0 0 0 0 0 0 3 0 6 0 0 0 0 0 0 2 1 0 0 0 0 0 0 0 0 0 0 0 0
0 0 0 1 0 0 0 1 1 1 0 0 1 0 0 0 0 0 0 0 1 1 0 0 0 0 0 0 0 0 0 0 0 0
0 0 0 0 7 0 0 1 1 4 2 5 0 3 0 0 0 0 0 2 3 4 0 0 0 0 0 0 0 0 0 0 0 0
0 0 0 1 3 0 0 1 3 0 1 1 0 1 0 0 0 0 0 0 2 1 0 0 0 0 0 0 0 0 0 0 0 0
0 0 0 1 6 0 0 1 0 1 4 6 0 4 0 0 0 0 0 0 3 2 0 0 0 0 0 0 0 0 0 0 0 0
1 0 0 0 1 0 0 0 2 0 0 1 0 1 0 0 0 0 0 0 2 2 0 0 0 0 0 0 0 0 0 0 0 0
0 0 0 2 3 0 0 1 0 0 1 3 0 1 0 0 0 0 0 0 4 1 0 0 0 0 0 0 0 0 0 0 0 0
0 0 0 2 3 0 0 1 0 0 1 3 0 1 0 0 0 0 0 0 4 1 0 0 0 0 0 0 0 0 0 0 0 0
1 0 0 0 1 0 0 2 0 0 0 0 1 1 0 0 0 0 0 0 2 2 0 0 0 0 0 0 0 0 0 0 0 0
0 0 0 1 0 0 0 1 3 1 1 0 1 0 0 0 0 0 0 0 2 1 0 0 0 0 0 0 0 0 0 0 0 0
0 0 0 1 6 0 1 1 0 1 3 6 0 4 0 0 0 3 0 0 3 4 0 0 0 0 0 0 0 0 0 0 0 0
1 0 0 1 0 0 0 2 0 0 0 0 1 1 0 0 0 0 0 0 2 2 0 0 0 0 0 0 0 0 0 0 0 0
1 0 0 1 1 0 0 0 0 1 0 1 0 2 0 0 0 1 0 0 2 2 0 0 0 0 0 0 0 0 0 0 0 0
0 0 0 1 2 0 0 0 0 2 1 3 0 1 0 0 0 0 0 0 4 1 0 0 0 0 0 0 0 0 0 0 0 0
0 0 0 0 2 0 0 1 0 2 1 3 0 1 0 0 0 0 0 0 4 1 0 0 0 0 0 0 0 0 0 0 0 0
0 0 0 2 1 0 0 2 0 0 0 5 0 1 0 0 0 1 0 0 2 1 0 0 0 0 0 0 0 0 0 0 0 0
1 0 0 0 1 0 0 0 0 0 0 2 0 2 0 0 0 0 0 0 2 2 0 0 0 0 0 0 0 0 0 0 0 0
0 0 0 2 4 0 0 1 0 1 2 1 0 2 0 0 0 0 0 0 2 1 0 0 0 0 0 0 0 0 0 0 0 0
0 0 0 0 0 0 0 2 0 0 0 9 0 0 0 0 0 0 0 0 2 1 0 0 0 0 0 0 0 0 0 0 0 0
1 0 0 0 1 0 0 0 0 0 0 2 0 2 0 0 0 0 0 0 2 2 0 0 0 0 0 0 0 0 0 0 0 0
0 0 0 0 2 0 0 0 0 4 0 3 0 1 0 0 0 0 0 0 4 1 0 0 0 0 0 0 0 0 0 0 0 0
1 0 0 1 0 0 0 2 0 0 0 0 1 1 0 0 0 0 0 0 2 2 0 0 0 0 0 0 0 0 0 0 0 0
0 0 0 2 2 1 0 4 0 1 1 1 0 1 0 0 0 0 0 0 4 3 0 0 0 0 0 0 0 0 0 0 0 0
0 0 0 0 2 0 0 3 0 1 1 0 0 2 0 0 0 2 0 0 2 1 0 0 0 0 0 0 0 0 0 0 0 0
0 0 0 0 0 0 0 2 1 0 0 0 1 2 0 0 0 0 0 0 3 1 0 0 0 0 0 0 0 0 0 0 0 0
0 0 0 0 1 1 0 1 0 2 1 3 0 1 0 0 0 0 0 0 4 1 0 0 0 0 0 0 0 0 0 0 0 0
0 0 0 1 0 0 0 0 1 0 0 8 0 2 0 1 0 0 0 0 2 1 0 0 0 0 0 0 0 0 0 0 0 0
0 0 0 0 0 0 0 6 2 1 1 3 0 2 0 0 0 0 0 0 2 2 0 0 0 0 0 0 0 0 0 0 0 0
1 0 0 1 1 0 0 1 0 0 0 1 0 2 0 0 0 1 0 0 2 2 0 0 0 0 0 0 0 0 0 0 0 0
0 0 0 0 1 0 0 3 0 2 0 0 1 1 0 0 0 0 0 0 2 1 0 0 0 0 0 0 0 0 0 1 0 0
0 0 0 1 2 1 0 2 0 1 2 2 0 1 0 0 0 0 0 0 4 1 0 0 0 0 0 0 0 0 0 0 0 0
1 0 0 0 2 0 0 1 1 0 0 1 0 2 0 0 0 0 0 0 2 2 0 0 0 0 0 0 0 0 0 0 0 0
0 0 0 0 6 0 0 1 0 4 2 1 0 4 0 0 0 0 0 0 3 1 0 0 0 0 0 0 0 0 0 0 0 0
0 0 0 0 0 0 0 2 0 0 0 8 0 1 0 0 0 0 0 0 2 1 0 0 0 0 0 0 0 0 0 0 0 0
1 0 0 0 1 0 0 0 0 0 0 2 0 2 0 0 0 0 0 0 2 2 0 0 0 0 0 0 0 0 0 0 0 0
0 0 0 0 2 0 0 0 0 4 0 3 0 1 0 0 0 0 0 0 4 1 0 0 0 0 0 0 0 0 0 0 0 0
0 0 0 0 2 0 0 0 2 5 1 7 0 1 0 0 0 0 0 0 3 2 0 0 0 0 0 0 0 0 0 0 0 0
1 0 0 0 1 0 0 0 0 0 0 2 0 2 0 0 0 0 0 0 2 2 0 0 0 0 0 0 0 0 0 0 0 0
1 0 0 0 1 0 0 0 0 0 0 2 0 2 0 0 0 0 0 0 2 2 0 0 0 0 0 0 0 0 0 0 0 0
1 0 0 0 0 0 0 0 0 1 0 3 0 2 0 0 0 1 0 0 1 3 0 0 0 0 0 0 0 0 0 0 0 0
0 0 0 2 2 0 0 2 0 0 0 2 1 3 0 0 0 1 0 0 2 2 0 0 0 0 0 0 0 0 0 0 0 0
1 0 0 1 1 0 0 0 0 1 0 1 0 2 0 0 0 0 0 0 2 2 0 0 0 0 0 0 0 0 0 0 0 0
0 0 0 0 3 0 0 1 1 4 1 7 0 2 0 0 0 0 0 0 3 2 0 0 0 0 0 0 0 0 0 0 0 0
1 0 0 0 1 0 0 0 0 0 0 2 0 2 0 0 0 0 0 0 2 2 0 0 0 0 0 0 0 0 0 0 0 0
0 0 0 4 1 0 0 0 0 0 0 5 0 1 0 0 0 0 0 0 2 1 0 0 0 0 0 0 0 0 0 0 0 0
1 0 0 0 1 0 0 0 0 0 0 2 0 2 0 0 0 0 0 0 2 2 0 0 0 0 0 0 0 0 0 0 0 0
0 0 0 2 0 1 0 3 1 1 0 0 0 0 0 0 0 0 0 0 2 1 0 0 0 0 0 0 0 0 0 0 0 0
0 0 0 1 2 0 0 0 0 2 1 3 0 1 0 0 0 0 0 0 4 1 0 0 0 0 0 0 0 0 0 0 0 0
0 0 0 3 1 0 0 3 1 0 0 1 0 0 0 1 0 0 0 1 2 1 0 0 0 0 0 0 0 0 0 0 0 0
1 0 0 0 1 0 0 0 0 0 0 1 0 2 0 0 0 0 0 0 2 2 0 0 0 0 0 0 0 0 0 0 0 1
0 0 0 2 4 0 0 3 1 4 2 4 0 3 0 0 0 0 0 2 3 4 0 0 0 0 0 0 0 0 0 0 0 0
0 0 0 0 2 0 0 1 0 2 1 3 0 1 0 0 0 0 0 0 4 1 0 0 0 0 0 0 0 0 0 0 0 0
0 0 0 3 1 0 0 2 1 0 0 9 0 4 0 0 0 4 0 1 3 3 0 0 0 0 0 0 0 0 0 0 0 0
0 0 0 2 3 0 0 1 0 0 1 3 0 1 0 0 0 0 0 0 4 1 0 0 0 0 0 0 0 0 0 0 0 0
0 0 0 1 2 0 0 4 0 0 0 6 0 11 0 0 0 0 0 0 3 4 0 0 0 0 0 0 0 0 0 0 0 0
0 0 0 1 2 0 0 0 1 2 0 3 0 1 0 0 0 0 0 0 4 1 0 0 0 0 0 0 0 0 0 0 0 0
0 0 0 1 1 0 0 3 0 3 0 0 3 1 0 0 0 0 0 0 3 1 0 0 0 0 0 0 0 0 0 0 0 0
0 0 0 0 0 0 0 1 4 1 0 0 0 2 0 0 0 0 0 0 2 2 0 0 0 0 0 0 0 0 0 0 0 0
0 0 0 2 0 0 0 2 3 0 0 6 0 6 0 0 0 3 0 1 3 4 0 0 0 0 0 0 0 0 0 0 0 0
0 0 0 2 2 0 0 2 0 2 1 2 0 1 0 0 0 0 0 0 4 1 0 0 0 0 0 0 0 0 0 0 0 0
0 0 0 0 0 0 0 1 1 1 0 1 0 1 0 0 0 0 0 1 1 1 0 0 0 0 0 0 0 0 0 0 0 0
0 0 0 2 2 0 0 0 0 0 0 6 0 0 0 0 0 0 0 0 2 1 0 0 0 0 0 0 0 0 0 0 0 0
0 0 0 0 3 0 0 0 1 2 0 3 0 1 0 0 0 0 0 0 4 1 0 0 0 0 0 0 0 0 0 0 0 0
1 0 0 0 1 0 0 0 0 0 0 2 0 2 0 0 0 0 0 0 2 2 0 0 0 0 0 0 0 0 0 0 0 0
1 0 0 1 1 0 0 0 0 0 0 1 0 2 0 0 0 0 0 1 2 2 0 0 0 0 0 0 0 0 0 0 0 0
1 0 0 1 1 0 0 2 0 0 0 1 0 2 0 0 0 0 0 0 2 2 0 0 0 0 0 0 0 0 0 0 0 0
0 0 0 0 1 0 0 1 0 0 0 12 0 1 0 0 0 0 0 0 3 1 0 0 0 0 0 0 0 0 0 0 0 0
0 1 0 1 0 0 0 0 1 2 0 0 0 0 0 0 0 0 0 0 2 1 0 0 0 0 0 0 0 0 0 0 0 0
0 0 0 1 0 0 0 2 0 0 0 11 0 2 0 0 0 0 0 1 3 1 0 0 0 0 0 0 0 0 0 0 0 0
0 0 0 2 4 0 0 1 0 1 2 1 0 2 0 0 0 0 0 0 2 1 0 0 0 0 0 0 0 0 0 0 0 0
1 0 0 0 0 0 0 1 0 0 0 1 0 1 0 0 0 0 0 0 2 1 0 0 0 0 0 0 0 0 0 0 0 0
1 0 0 0 0 0 0 0 0 1 0 3 0 2 0 0 0 1 0 0 1 3 0 0 0 0 0 0 0 0 0 0 0 0
0 0 0 1 2 1 0 0 0 1 1 3 0 1 0 0 0 0 0 0 4 1 0 0 0 0 0 0 0 0 0 0 0 0
0 0 0 0 0 0 0 2 0 0 0 9 0 0 0 0 0 0 0 0 2 1 0 0 0 0 0 0 0 0 0 0 0 0
0 0 0 1 0 0 0 4 1 0 0 5 0 0 0 0 0 0 0 1 2 1 0 0 0 0 0 0 0 0 0 0 0 0
0 0 0 1 2 1 0 0 0 1 1 3 0 1 0 0 0 0 0 0 4 1 0 0 0 0 0 0 0 0 0 0 0 0
1 0 0 0 1 0 0 0 0 0 0 2 0 2 0 0 0 0 0 0 2 2 0 0 0 0 0 0 0 0 0 0 0 0
1 0 0 0 1 0 0 0 0 0 0 1 0 2 0 0 0 0 0 0 2 2 0 0 0 0 0 0 0 0 0 0 0 1
0 0 0 0 0 0 0 1 1 1 3 0 0 3 0 0 0 0 0 0 1 1 0 0 0 0 0 0 0 0 0 0 0 0
1 0 0 0 0 0 0 0 1 2 0 1 0 0 0 0 0 0 0 0 1 1 0 0 0 0 0 0 0 0 0 0 0 0
0 0 0 1 0 0 1 1 1 1 0 4 2 2 0 0 0 0 0 0 3 1 0 0 0 0 0 0 0 0 0 0 0 0
0 0 0 1 1 0 0 2 0 1 0 1 0 0 0 0 0 0 0 0 2 1 0 0 0 0 0 0 0 0 0 0 0 0
0 0 0 2 0 0 0 2 0 0 0 6 0 0 0 0 0 0 0 0 2 1 0 0 0 0 0 0 0 0 0 0 0 0
0 0 0 3 3 0 0 2 1 0 1 2 0 1 0 0 0 0 0 0 4 1 0 0 0 0 0 0 0 0 0 0 0 0
0 0 0 0 3 1 0 0 0 1 1 3 0 1 0 0 0 0 0 0 4 1 0 0 0 0 0 0 0 0 0 0 0 0
0 0 0 0 0 0 0 7 3 0 0 0 4 1 0 0 0 0 0 0 2 2 0 0 0 0 0 0 0 0 0 0 0 0
0 0 0 0 1 0 0 3 0 1 0 1 0 0 0 0 0 0 0 0 2 1 0 0 0 0 0 0 0 0 0 0 0 0
0 0 0 0 2 0 0 0 1 4 1 7 0 1 0 0 0 0 0 0 3 2 0 0 0 0 0 0 0 0 0 0 0 0
0 0 0 0 3 0 0 0 1 1 1 3 0 1 0 0 0 0 0 0 4 1 0 0 0 0 0 0 0 0 0 0 0 0
0 0 0 0 6 0 0 1 0 2 3 7 0 3 0 0 0 0 0 0 3 2 0 0 0 0 0 0 0 0 0 0 0 0
0 0 0 2 0 0 0 2 3 1 0 6 0 3 0 0 0 0 0 0 2 2 0 0 0 0 0 0 0 0 0 0 0 0
0 0 0 0 2 0 0 1 3 2 0 1 0 1 0 0 0 1 0 0 2 1 0 0 0 0 0 0 0 0 0 0 0 0
0 0 0 2 7 0 1 5 0 1 2 4 0 6 0 0 0 0 0 0 3 2 0 0 0 0 0 0 0 0 0 0 0 0
0 0 0 0 4 0 0 0 0 3 1 6 0 2 0 0 0 0 0 0 2 2 0 0 0 0 0 0 0 0 0 0 0 1
0 0 0 0 7 0 0 2 0 2 2 6 0 4 0 0 0 0 0 0 3 2 0 0 0 0 0 0 0 0 0 0 0 0
0 0 0 2 0 0 0 2 2 1 0 0 0 1 0 1 0 0 0 0 1 2 0 0 0 0 0 0 0 0 0 0 0 0
0 0 0 1 2 1 0 0 0 1 1 3 0 1 0 0 0 0 0 0 4 1 0 0 0 0 0 0 0 0 0 0 0 0
0 0 0 1 6 0 0 0 0 4 2 6 0 4 0 0 0 1 0 0 3 2 0 0 0 0 0 0 0 0 0 0 0 0
0 0 0 0 0 0 0 0 1 0 0 3 0 6 0 0 0 0 0 1 2 1 0 0 0 0 0 0 0 0 0 0 0 0
1 0 0 1 1 0 0 1 0 1 0 1 0 2 0 0 0 0 0 0 2 2 0 0 0 0 0 0 0 0 0 0 0 0
0 0 0 1 2 0 0 1 0 3 1 2 0 2 0 0 0 0 0 0 4 1 0 0 0 0 0 0 0 0 0 0 0 0
0 0 0 1 0 0 0 1 3 3 0 0 2 1 0 0 0 0 0 0 3 1 0 0 0 0 0 0 0 0 0 1 0 0
0 0 0 0 8 0 0 2 1 3 2 5 0 3 0 0 0 0 0 1 3 2 0 0 0 0 0 0 0 0 0 0 0 0
0 0 0 2 0 0 0 4 0 0 0 5 0 3 0 0 0 0 0 0 2 1 0 0 0 0 0 0 0 0 0 0 0 0
0 0 0 3 2 0 0 2 0 0 0 8 0 3 0 0 0 2 0 0 3 2 0 0 0 0 0 0 0 0 0 0 0 0
0 0 0 0 3 1 0 0 0 1 1 3 0 1 0 0 0 0 0 0 4 1 0 0 0 0 0 0 0 0 0 0 0 0
0 0 0 2 3 0 0 1 0 0 1 3 0 1 0 0 0 0 0 0 4 1 0 0 0 0 0 0 0 0 0 0 0 0
0 0 0 1 0 0 0 0 0 1 0 3 0 0 0 0 0 2 0 1 1 1 0 0 0 0 0 0 0 0 0 0 0 0
0 0 0 0 2 1 0 0 0 1 2 3 0 1 0 0 0 0 0 0 4 1 0 0 0 0 0 0 0 0 0 0 0 0
0 0 0 2 0 0 0 2 2 1 0 6 0 2 0 0 0 0 0 0 2 2 0 0 0 0 0 0 0 0 0 0 0 0
0 0 0 0 4 0 0 3 4 1 1 0 0 4 0 0 0 0 0 2 3 3 0 0 0 0 0 0 0 0 0 0 0 0
0 0 0 1 2 0 0 3 0 0 1 3 0 1 0 0 0 0 0 0 4 1 0 0 0 0 0 0 0 0 0 0 0 0
0 0 0 0 1 0 0 1 2 1 0 0 1 2 0 0 0 0 0 0 3 1 0 0 0 0 0 0 0 0 0 1 0 0
0 0 0 4 0 0 0 3 1 0 0 5 0 1 0 0 0 0 0 0 3 1 0 0 0 0 0 0 0 0 0 0 0 0
1 0 0 0 1 0 0 0 0 0 0 2 0 2 0 0 0 0 0 0 2 2 0 0 0 0 0 0 0 0 0 0 0 0
1 0 0 0 1 0 0 0 1 1 0 3 0 0 0 0 0 0 0 0 2 1 0 0 0 0 0 0 0 0 0 0 0 0
0 0 0 3 0 0 0 2 1 1 0 14 0 2 0 0 0 1 0 2 3 4 0 0 0 0 0 0 0 0 0 0 0 0
1 1 0 1 1 0 0 2 0 0 0 0 1 1 0 0 0 0 0 0 3 1 0 0 0 0 0 0 0 0 0 1 0 0
0 0 0 2 1 0 0 1 1 0 0 12 0 3 0 0 0 5 0 0 4 3 0 0 0 0 0 0 0 0 0 0 0 0
0 0 0 1 0 0 0 0 3 1 0 2 1 0 0 0 0 0 0 0 2 1 0 0 0 0 0 0 0 0 0 0 0 0
0 0 0 0 3 0 0 0 1 2 0 2 0 1 0 0 0 0 0 0 4 1 0 0 0 0 0 0 0 0 0 0 0 1
0 0 0 1 2 0 0 0 0 1 1 3 0 2 0 0 0 0 0 0 4 1 0 0 0 0 0 0 0 0 0 0 0 0
0 0 0 1 2 0 0 0 0 2 1 3 0 1 0 0 0 0 0 0 4 1 0 0 0 0 0 0 0 0 0 0 0 0
0 0 0 4 0 0 0 2 0 1 0 6 0 2 0 0 0 2 0 2 3 2 0 0 0 0 0 0 0 0 0 0 0 0
0 0 0 3 6 0 1 2 1 3 2 4 1 3 0 0 0 0 0 1 3 2 0 0 0 0 0 0 0 0 0 0 0 0
0 0 0 0 2 0 0 0 1 2 1 3 0 1 0 0 0 0 0 0 4 1 0 0 0 0 0 0 0 0 0 0 0 0
0 1 0 1 0 0 0 0 1 2 0 0 0 0 0 0 0 0 0 0 2 1 0 0 0 0 0 0 0 0 0 0 0 0
0 0 0 1 0 0 0 1 1 3 0 0 2 0 0 0 0 0 0 0 3 1 0 0 0 0 0 0 0 0 0 1 0 0
0 0 0 0 6 0 0 1 0 3 2 7 0 3 0 0 0 0 0 0 3 2 0 0 0 0 0 0 0 0 0 0 0 0
1 0 0 0 1 0 0 0 0 0 0 2 0 2 0 0 0 0 0 0 2 2 0 0 0 0 0 0 0 0 0 0 0 0
1 0 0 0 0 0 0 0 0 1 0 3 0 2 0 0 0 1 0 0 1 3 0 0 0 0 0 0 0 0 0 0 0 0
1 0 0 0 1 0 0 0 0 0 0 2 0 2 0 0 0 0 0 0 2 2 0 0 0 0 0 0 0 0 0 0 0 0
0 0 0 1 3 0 0 3 1 0 0 2 0 1 0 0 0 0 0 0 2 1 0 0 0 0 0 0 0 0 0 0 0 0
0 0 0 0 2 0 0 0 1 2 1 3 0 1 0 0 0 0 0 0 4 1 0 0 0 0 0 0 0 0 0 0 0 0
0 0 0 1 3 0 0 1 1 0 0 6 0 7 0 0 0 0 0 2 3 4 0 0 0 0 0 0 0 0 0 0 0 0
0 0 0 2 1 0 0 1 0 0 0 7 0 1 0 0 0 0 0 0 2 1 0 0 0 0 0 0 0 0 0 0 0 0
0 0 0 1 3 1 0 0 0 1 1 2 0 1 0 0 0 0 0 1 4 2 0 0 0 0 0 0 0 0 0 0 0 0
0 0 0 0 2 0 0 2 0 2 1 2 0 2 0 0 0 2 0 0 2 2 0 0 0 0 0 0 0 0 0 0 0 0
0 0 0 0 1 0 0 2 1 1 0 0 0 0 0 0 0 0 0 0 2 1 0 0 0 0 0 0 0 0 0 1 0 0
1 0 0 0 1 0 0 0 0 0 0 2 0 2 0 0 0 0 0 0 2 2 0 0 0 0 0 0 0 0 0 0 0 0
0 0 0 0 2 0 0 0 0 2 2 3 0 1 0 0 0 0 0 0 4 1 0 0 0 0 0 0 0 0 0 0 0 0
0 0 0 1 2 0 0 0 0 2 1 3 0 1 0 0 0 0 0 0 4 1 0 0 0 0 0 0 0 0 0 0 0 0
0 0 0 2 2 0 0 3 0 0 1 2 0 2 0 0 0 0 0 0 4 1 0 0 0 0 0 0 0 0 0 0 0 0
0 0 0 2 1 0 0 4 0 0 0 12 0 1 0 0 0 1 0 0 3 4 0 0 0 0 0 0 0 0 0 0 0 1
0 0 0 0 0 0 0 0 1 0 0 9 0 0 0 0 0 0 0 1 2 1 0 0 0 0 0 0 0 0 0 0 0 0
0 0 0 4 1 0 0 6 2 2 0 0 0 1 0 0 0 1 0 0 2 3 0 0 0 0 0 0 0 0 0 0 0 0
1 0 0 1 1 0 0 1 0 0 0 1 0 2 0 0 0 1 0 0 2 2 0 0 0 0 0 0 0 0 0 0 0 0
0 0 0 1 0 0 1 5 1 2 0 1 4 1 0 0 0 0 0 0 2 2 0 0 0 0 0 0 0 0 0 0 0 0
1 0 0 0 1 0 0 0 0 0 0 2 0 2 0 0 0 0 0 0 2 2 0 0 0 0 0 0 0 0 0 0 0 0
0 0 0 1 0 1 0 4 3 3 0 0 1 0 0 0 0 0 0 0 2 3 0 0 0 0 0 0 0 0 0 0 0 0
0 0 0 1 0 1 0 6 9 6 0 0 2 0 0 0 0 0 0 0 2 4 0 0 0 0 0 0 0 0 0 0 0 0
0 0 0 0 3 0 0 0 0 2 1 3 0 1 0 0 0 0 0 0 4 1 0 0 0 0 0 0 0 0 0 0 0 0
0 0 0 4 2 0 0 2 1 0 1 2 0 1 0 0 0 0 0 0 4 1 0 0 0 0 0 0 0 0 0 0 0 0
0 0 0 3 0 0 0 3 1 0 0 4 0 0 0 0 0 1 0 1 2 1 0 0 0 0 0 0 0 0 0 0 0 0
0 0 0 2 0 0 0 5 2 3 0 1 3 2 0 0 0 0 0 0 2 3 0 0 0 0 0 0 0 0 0 0 0 0
0 0 0 1 2 0 0 0 0 1 1 3 0 2 0 0 0 0 0 0 4 1 0 0 0 0 0 0 0 0 0 0 0 0
0 0 0 1 0 0 0 1 1 0 0 7 0 4 0 0 0 0 0 1 3 1 0 0 0 0 0 0 0 0 0 0 0 0
0 0 0 3 3 0 0 0 0 0 0 5 0 6 0 0 0 2 0 0 3 3 0 0 0 0 0 0 0 0 0 0 0 0
0 0 0 0 0 0 0 2 5 0 1 0 1 1 0 0 0 0 0 0 2 1 0 0 0 0 0 0 0 0 0 0 0 0
0 0 0 0 1 0 0 1 0 0 0 8 0 0 0 0 0 0 0 1 2 1 0 0 0 0 0 0 0 0 0 0 0 0
0 0 0 3 6 0 0 5 1 2 3 3 0 4 0 0 0 0 0 0 3 4 0 0 0 0 0 0 0 0 0 0 0 0
0 0 0 1 1 0 0 3 1 2 0 0 0 0 0 0 0 0 0 0 2 1 0 0 0 0 0 0 0 0 0 0 0 0
0 0 0 1 0 0 0 2 0 2 0 0 0 1 0 0 0 0 0 0 2 1 0 0 0 0 0 0 0 0 0 1 0 0
0 0 0 1 2 0 1 1 1 2 1 2 0 4 0 0 0 1 0 1 3 1 0 0 0 0 0 0 0 0 0 0 0 0
0 0 0 1 0 0 0 7 0 2 0 2 0 1 0 0 0 0 0 0 2 2 0 0 0 0 0 0 0 0 0 0 0 0
0 0 0 2 0 0 0 6 1 0 0 3 0 2 0 0 0 0 0 0 3 1 0 0 0 0 0 0 0 0 0 0 0 0
0 0 0 0 0 0 0 0 0 0 1 10 0 8 0 0 0 0 0 0 3 2 0 0 0 0 0 0 0 0 0 0 0 0
0 0 0 2 3 1 0 1 0 1 1 0 0 2 0 0 0 0 0 0 4 2 0 0 0 0 0 0 0 0 0 0 0 0
0 0 0 0 0 0 0 6 2 2 0 0 6 4 0 0 0 0 0 0 3 3 0 0 0 0 0 0 0 0 0 0 0 0
0 0 0 3 0 0 0 4 1 2 0 3 0 0 0 0 0 0 0 0 2 2 0 0 0 0 0 0 0 0 0 0 0 0
0 0 0 1 2 0 0 1 0 0 3 3 0 1 0 0 0 0 0 0 4 1 0 0 0 0 0 0 0 0 0 0 0 0
0 0 0 1 2 0 0 3 0 0 1 3 0 1 0 0 0 0 0 0 4 1 0 0 0 0 0 0 0 0 0 0 0 0
0 0 0 0 3 0 0 0 1 1 1 3 0 1 0 0 0 0 0 0 4 1 0 0 0 0 0 0 0 0 0 0 0 0
0 0 0 1 3 1 0 0 0 1 1 2 0 2 0 0 0 0 0 0 4 1 0 0 0 0 0 0 0 0 0 0 0 0
0 0 0 2 0 0 0 2 1 1 0 1 0 0 0 0 0 0 0 0 2 1 0 0 0 0 0 0 0 0 0 1 0 0
0 0 0 0 3 1 0 0 0 1 1 3 0 1 0 0 0 0 0 0 4 1 0 0 0 0 0 0 0 0 0 0 0 0
0 0 0 1 1 0 0 1 0 2 0 0 2 2 0 0 0 0 0 0 1 2 0 0 0 0 0 0 0 0 0 1 0 0
0 0 0 2 2 0 0 1 0 0 2 3 0 1 0 0 0 0 0 0 4 1 0 0 0 0 0 0 0 0 0 0 0 0
1 0 0 0 1 0 0 0 0 0 0 2 0 2 0 0 0 0 0 0 2 2 0 0 0 0 0 0 0 0 0 0 0 0
1 0 0 0 1 0 0 0 0 0 0 2 0 2 0 0 0 0 0 0 2 2 0 0 0 0 0 0 0 0 0 0 0 0
0 0 0 1 0 1 0 4 1 3 0 0 2 1 0 0 0 0 0 0 3 1 0 0 0 0 0 0 0 0 0 0 0 0
0 0 0 2 0 0 0 5 1 0 0 4 0 2 0 0 0 0 0 0 3 1 0 0 0 0 0 0 0 0 0 0 0 0
0 0 0 9 1 0 1 7 5 1 1 52 0 61 0 0 0 2 0 1 1 62 0 0 0 0 0 0 0 0 0 0 0 1
0 0 0 1 0 0 0 3 1 1 0 1 0 0 0 0 0 1 0 0 2 1 0 0 0 0 0 0 0 0 0 0 0 0
0 0 0 1 3 0 0 4 0 0 1 2 0 2 0 0 0 0 0 0 4 1 0 0 0 0 0 0 0 0 0 0 0 0
1 0 0 1 1 0 0 1 0 1 0 1 0 2 0 0 0 0 0 0 2 2 0 0 0 0 0 0 0 0 0 0 0 0
0 0 0 2 2 1 0 1 0 1 1 2 0 2 0 0 0 0 0 0 4 1 0 0 0 0 0 0 0 0 0 0 0 0
0 0 0 0 3 1 0 0 0 1 1 3 0 1 0 0 0 0 0 0 4 1 0 0 0 0 0 0 0 0 0 0 0 0
1 0 0 0 1 0 0 0 0 0 0 1 0 2 0 0 0 0 0 0 2 2 0 0 0 0 0 0 0 0 0 0 0 1
0 0 0 0 0 0 0 3 0 1 0 1 1 2 0 0 0 1 0 1 1 1 0 0 0 0 0 0 0 0 0 0 0 0
1 0 0 0 1 0 0 0 0 0 0 2 0 2 0 0 0 0 0 0 2 2 0 0 0 0 0 0 0 0 0 0 0 0
1 0 0 0 1 0 0 0 0 0 0 2 0 2 0 0 0 0 0 0 2 2 0 0 0 0 0 0 0 0 0 0 0 0
0 0 0 2 4 0 1 1 0 0 2 1 0 2 0 0 0 0 0 0 2 1 0 0 0 0 0 0 0 0 0 0 0 0
0 0 0 0 2 0 0 2 1 1 1 2 0 1 0 0 0 2 0 0 2 2 0 0 0 0 0 0 0 0 0 0 0 0
1 0 0 0 1 0 0 0 0 0 0 2 0 2 0 0 0 0 0 0 2 2 0 0 0 0 0 0 0 0 0 0 0 0
0 0 0 2 0 0 0 1 0 1 0 1 0 0 0 0 0 1 0 0 1 1 0 0 0 0 0 0 0 0 0 0 0 0
0 0 0 3 3 0 0 0 1 5 1 4 0 5 0 0 0 1 0 0 3 2 0 0 0 0 0 0 0 0 0 0 0 0
0 0 0 2 0 0 0 5 2 1 0 1 3 2 0 0 0 0 0 0 2 3 0 0 0 0 0 0 0 0 0 0 0 0
1 0 0 1 1 0 0 1 1 0 0 1 0 2 0 0 0 0 0 0 2 2 0 0 0 0 0 0 0 0 0 0 0 0
0 0 0 1 2 0 0 0 0 3 0 3 0 1 0 0 0 0 0 0 4 1 0 0 0 0 0 0 0 0 0 0 0 0
0 0 0 0 6 0 0 0 0 4 2 7 0 3 0 0 0 0 0 0 3 2 0 0 0 0 0 0 0 0 0 0 0 0
0 0 0 2 0 0 0 2 0 0 0 16 0 2 0 0 0 0 0 0 3 2 0 0 0 0 0 0 0 0 0 0 0 0
0 0 0 2 2 0 0 0 0 1 1 2 0 3 0 0 0 1 0 0 4 1 0 0 0 0 0 0 0 0 0 0 0 0
0 0 0 0 0 0 2 4 3 3 0 11 0 3 0 0 0 0 3 0 3 4 0 0 0 0 0 0 0 0 0 0 0 0
1 0 0 0 1 0 0 0 0 0 0 2 0 2 0 0 0 0 0 0 2 2 0 0 0 0 0 0 0 0 0 0 0 0
0 0 0 1 2 0 0 2 0 1 2 2 0 2 0 0 0 0 0 0 4 1 0 0 0 0 0 0 0 0 0 0 0 0
0 0 0 0 6 0 0 0 0 4 2 7 0 3 0 0 0 0 0 0 3 2 0 0 0 0 0 0 0 0 0 0 0 0
1 0 0 0 1 0 0 0 0 0 0 2 0 2 0 0 0 0 0 0 2 2 0 0 0 0 0 0 0 0 0 0 0 0
0 0 0 1 0 0 0 1 1 1 0 0 0 0 0 0 0 0 0 0 1 1 0 0 0 0 0 0 0 0 0 0 0 0
0 0 0 2 2 0 0 3 2 2 0 3 0 0 0 0 0 0 0 1 3 2 0 0 0 0 0 0 0 0 0 0 0 0
0 0 0 0 0 0 0 2 0 0 0 3 0 6 0 0 0 0 0 0 2 1 0 0 0 0 0 0 0 0 0 0 0 0
0 0 0 0 0 0 0 0 1 2 0 0 2 3 0 0 0 0 0 0 1 1 0 0 0 0 0 0 0 0 0 0 0 0
0 0 0 1 2 0 0 0 1 2 0 3 0 1 0 0 0 0 0 0 4 1 0 0 0 0 0 0 0 0 0 0 0 0
0 0 0 3 0 0 0 0 0 0 0 11 0 5 0 0 0 1 0 1 3 3 0 0 0 0 0 0 0 0 0 0 0 2
1 0 0 0 1 0 0 0 0 0 0 2 0 2 0 0 0 0 0 0 2 2 0 0 0 0 0 0 0 0 0 0 0 0
0 0 0 1 0 0 0 0 0 0 0 9 0 10 0 0 0 0 0 0 3 2 0 0 0 0 0 0 0 0 0 0 0 0
0 0 0 1 0 0 0 1 1 1 0 0 1 0 0 0 0 0 0 0 1 1 0 0 0 0 0 0 0 0 0 0 0 0
0 0 0 0 1 1 0 1 2 3 1 0 1 2 0 0 0 0 0 0 3 1 0 0 0 0 0 0 0 0 0 0 0 0
1 0 0 0 1 0 0 0 0 0 0 2 0 2 0 0 0 0 0 0 2 2 0 0 0 0 0 0 0 0 0 0 0 0
0 0 0 2 3 0 0 1 2 1 1 2 0 2 0 0 0 0 0 0 2 1 0 0 0 0 0 0 0 0 0 0 0 0
0 0 0 3 6 0 0 2 1 2 2 5 0 3 0 0 0 0 0 1 3 2 0 0 0 0 0 0 0 0 0 0 0 0
0 0 0 2 3 0 0 1 0 0 1 2 0 1 0 0 0 0 0 0 4 1 0 0 0 0 0 0 0 0 0 0 0 1
0 0 0 1 1 0 0 2 0 0 0 5 1 2 0 0 0 0 0 0 2 2 0 0 0 0 0 0 0 0 0 0 0 2
1 0 0 0 1 0 0 0 0 0 0 2 0 2 0 0 0 0 0 0 2 2 0 0 0 0 0 0 0 0 0 0 0 0
1 0 0 1 1 0 0 1 1 0 0 1 0 2 0 0 0 0 0 0 2 2 0 0 0 0 0 0 0 0 0 0 0 0
0 0 0 1 2 0 0 0 0 4 0 2 0 1 0 0 0 0 0 1 4 1 0 0 0 0 0 0 0 0 0 0 0 0
0 0 0 0 1 0 0 2 0 4 0 0 0 1 0 0 0 0 0 0 2 1 0 0 0 0 0 0 0 0 0 1 0 0
0 0 0 0 1 1 0 1 1 3 0 0 0 1 0 0 0 0 0 1 1 2 0 0 0 0 0 0 0 0 0 0 0 0
0 0 0 1 0 0 0 3 1 2 0 0 1 2 0 0 0 0 0 0 2 1 0 0 0 0 0 0 0 0 0 0 0 0
0 0 0 2 3 0 0 1 0 0 0 13 0 1 0 0 0 0 0 1 3 2 0 0 0 0 0 0 0 0 0 0 0 0
1 0 0 1 1 0 1 1 0 0 0 0 1 1 0 0 0 0 0 0 2 2 0 0 0 0 0 0 0 0 0 0 0 0
0 0 0 0 0 0 0 2 0 0 0 9 0 0 0 0 0 0 0 0 2 1 0 0 0 0 0 0 0 0 0 0 0 0
0 0 0 1 0 0 0 0 0 0 0 9 0 9 0 1 0 0 0 0 3 2 0 0 0 0 0 0 0 0 0 0 0 0
0 0 0 0 2 1 0 0 0 1 2 3 0 1 0 0 0 0 0 0 4 1 0 0 0 0 0 0 0 0 0 0 0 0
0 0 0 0 1 0 0 1 1 1 0 2 0 0 0 0 0 0 0 0 1 1 0 0 0 0 0 0 0 0 0 0 0 0
0 0 0 1 2 0 0 3 0 3 1 1 0 2 0 0 0 0 0 0 4 3 0 0 0 0 0 0 0 0 0 0 0 0
0 0 0 1 3 0 1 0 0 1 1 3 0 1 0 0 0 0 0 0 4 1 0 0 0 0 0 0 0 0 0 0 0 0
0 0 0 1 0 0 0 2 1 1 0 0 0 0 0 0 0 0 0 0 2 1 0 0 0 0 0 0 0 0 0 1 0 0
0 0 0 1 1 0 0 1 1 2 0 2 0 1 0 0 0 0 0 0 2 1 0 0 0 0 0 0 0 0 0 0 0 0
0 0 0 1 6 0 1 1 1 2 2 6 0 4 0 0 0 0 0 0 3 2 0 0 0 0 0 0 0 0 0 0 0 0
0 0 0 0 1 0 0 2 0 0 0 11 0 2 0 0 0 1 0 0 3 1 0 0 0 0 0 0 0 0 0 0 0 0
1 0 0 0 1 0 0 0 0 0 0 2 0 2 0 0 0 0 0 0 2 2 0 0 0 0 0 0 0 0 0 0 0 0
0 0 0 1 0 1 0 1 1 1 0 0 1 0 0 0 0 0 0 0 1 1 0 0 0 0 0 0 0 0 0 0 0 0
0 0 0 0 2 0 0 1 0 1 2 3 0 1 0 0 0 0 0 0 4 1 0 0 0 0 0 0 0 0 0 0 0 0
0 0 0 2 0 0 0 1 1 1 0 0 0 0 0 0 0 1 0 0 1 1 0 0 0 0 0 0 0 0 0 0 0 0
1 0 0 0 1 0 0 0 0 0 0 2 0 2 0 0 0 0 0 0 2 2 0 0 0 0 0 0 0 0 0 0 0 0
0 0 0 1 2 1 0 0 0 1 1 3 0 1 0 0 0 0 0 0 4 1 0 0 0 0 0 0 0 0 0 0 0 0
0 0 0 2 7 0 0 5 2 1 3 4 0 4 0 0 0 0 0 0 3 2 0 0 0 0 0 0 0 0 0 0 0 0
0 0 0 0 2 0 0 0 1 2 1 2 0 1 0 0 0 0 0 0 4 1 0 0 0 0 0 0 0 0 0 0 0 1
0 0 0 1 2 0 0 2 1 1 1 2 0 3 0 0 0 0 0 0 4 1 0 0 0 0 0 0 0 0 0 0 0 0
0 0 0 3 2 0 0 1 1 0 1 2 0 3 0 0 0 0 0 0 2 1 0 0 0 0 0 0 0 0 0 0 0 0
0 0 0 0 4 0 0 1 0 4 3 7 0 3 0 0 0 0 0 0 3 2 0 0 0 0 0 0 0 0 0 0 0 0
1 0 0 0 1 0 0 0 0 2 0 2 0 2 0 0 0 0 0 0 2 2 0 0 0 0 0 0 0 0 0 0 0 0
1 0 0 0 1 0 0 2 0 0 0 1 0 1 0 0 0 0 0 0 2 2 0 0 0 0 0 0 0 0 0 0 0 0
0 0 0 0 0 0 0 6 0 0 0 2 0 6 0 0 0 1 0 0 3 1 0 0 0 0 0 0 0 0 0 0 0 0
0 0 0 1 2 0 0 0 0 2 1 3 0 1 0 0 0 0 0 0 4 1 0 0 0 0 0 0 0 0 0 0 0 0
0 0 0 0 3 0 0 1 2 2 1 1 0 1 0 0 0 0 0 2 4 3 0 0 0 0 0 0 0 0 0 0 0 0
0 0 0 3 4 0 0 1 0 0 2 1 0 2 0 0 0 0 0 0 2 1 0 0 0 0 0 0 0 0 0 0 0 0
0 0 0 0 0 0 0 2 2 0 0 4 0 7 0 0 0 0 0 0 3 1 0 0 0 0 0 0 0 0 0 0 0 0
0 0 0 4 0 0 0 2 0 0 0 7 0 9 0 0 0 0 0 0 3 2 0 0 0 0 0 0 0 0 0 0 0 0
0 0 0 1 0 1 2 2 1 1 0 0 3 2 0 1 0 0 0 0 3 1 0 0 0 0 0 0 0 0 0 0 0 0
0 0 0 2 0 0 0 2 0 0 0 14 0 1 0 0 0 1 0 0 3 2 0 0 0 0 0 0 0 0 0 0 0 1
0 0 0 5 0 0 0 3 2 2 0 0 1 1 0 0 0 0 0 0 2 2 0 0 0 0 0 0 0 0 0 0 0 0
0 0 0 1 0 0 0 2 1 2 0 0 1 1 0 0 0 0 0 0 2 1 0 0 0 0 0 0 0 0 0 1 0 0
1 0 0 1 1 0 0 0 0 0 0 1 0 2 0 0 0 0 0 1 2 2 0 0 0 0 0 0 0 0 0 0 0 0
0 0 0 0 2 0 0 0 1 2 1 3 0 1 0 0 0 0 0 0 4 1 0 0 0 0 0 0 0 0 0 0 0 0
0 0 0 1 0 0 0 2 1 0 0 10 0 1 0 0 0 0 0 1 3 1 0 0 0 0 0 0 0 0 0 0 0 0
0 0 0 0 2 0 0 2 1 1 1 3 0 2 0 0 0 0 0 0 4 1 0 0 0 0 0 0 0 0 0 0 0 0
0 0 0 1 0 0 0 3 1 0 0 7 0 1 0 0 0 0 0 0 2 1 0 0 0 0 0 0 0 0 0 0 0 0
1 0 0 0 1 0 0 0 0 2 0 2 0 2 0 0 0 0 0 0 2 2 0 0 0 0 0 0 0 0 0 0 0 0
0 0 0 0 1 0 0 2 3 1 0 7 3 1 0 0 0 0 0 0 2 4 0 0 0 0 0 0 0 0 0 0 0 0
0 0 0 5 1 0 0 1 0 0 1 2 0 1 0 0 0 0 0 0 2 1 0 0 0 0 0 0 0 0 0 0 0 0
1 0 0 0 1 0 0 0 0 0 0 2 0 2 0 0 0 0 0 0 2 2 0 0 0 0 0 0 0 0 0 0 0 0
0 0 0 3 0 0 0 0 0 0 0 8 0 0 0 0 0 0 0 0 2 1 0 0 0 0 0 0 0 0 0 0 0 0
0 0 0 1 2 0 0 0 0 2 1 3 0 1 0 0 0 0 0 0 4 1 0 0 0 0 0 0 0 0 0 0 0 0
0 0 0 0 0 0 0 0 0 0 0 11 0 7 0 0 0 0 0 0 3 2 0 0 0 0 0 0 0 0 0 0 0 1
0 0 0 0 4 0 0 6 0 0 2 3 0 4 0 0 0 1 0 0 4 1 0 0 0 0 0 0 0 0 0 0 0 0
0 0 0 0 2 0 0 2 1 2 1 1 0 1 0 0 0 0 0 0 2 1 0 0 0 0 0 0 0 0 0 0 0 0
1 0 0 0 1 0 0 0 0 0 0 0 0 1 0 0 0 0 0 0 2 1 0 0 0 0 0 0 0 0 0 0 0 1
0 0 0 0 0 0 0 0 0 0 0 15 0 3 0 0 0 0 0 1 3 2 0 0 0 0 0 0 0 0 0 0 0 0
0 0 0 1 0 0 0 2 1 2 0 2 0 0 0 0 0 0 0 0 2 1 0 0 0 0 0 0 0 0 0 0 0 0
0 0 0 1 5 0 0 1 0 0 1 2 0 1 0 0 0 0 0 1 4 1 0 0 0 0 0 0 0 0 0 0 0 0
0 0 0 2 1 0 0 3 1 4 1 14 0 33 0 0 0 0 0 0 2 17 0 0 0 0 0 0 0 0 0 0 0 0
0 0 0 0 3 0 0 1 4 2 0 0 0 1 0 0 0 0 0 0 2 1 0 0 0 0 0 0 0 0 0 0 0 0
1 0 0 0 1 0 0 0 0 0 0 0 0 1 0 0 0 0 0 0 2 1 0 0 0 0 0 0 0 0 0 0 0 1
1 0 0 0 1 0 0 0 0 0 0 1 0 2 0 0 0 0 0 0 2 2 0 0 0 0 0 0 0 0 0 0 0 1
0 0 0 0 0 0 0 1 5 1 0 4 0 2 0 0 0 0 0 0 2 2 0 0 0 0 0 0 0 0 0 0 0 0
0 0 0 0 1 0 0 2 1 1 0 4 0 0 0 0 0 1 0 0 2 1 0 0 0 0 0 0 0 0 0 0 0 0
0 0 0 2 0 0 0 5 0 0 0 12 0 3 0 0 0 1 0 0 4 3 0 0 0 0 0 0 0 0 0 0 0 0
0 0 0 3 1 0 0 3 0 0 0 6 0 13 0 0 0 0 0 0 3 2 0 0 0 0 0 0 0 0 0 0 0 0
0 0 0 0 2 0 0 0 1 2 1 3 0 1 0 0 0 0 0 0 4 1 0 0 0 0 0 0 0 0 0 0 0 0
1 0 0 1 1 0 0 2 0 0 0 1 0 2 0 0 0 0 0 0 2 2 0 0 0 0 0 0 0 0 0 0 0 0
0 0 0 0 1 0 0 2 0 2 0 0 1 0 0 0 0 0 0 0 2 1 0 0 0 0 0 0 0 0 0 1 0 0
0 0 0 0 3 0 0 0 1 0 0 2 0 5 0 0 0 0 0 1 2 1 0 0 0 0 0 0 0 0 0 0 0 0
0 0 0 1 2 1 0 0 0 1 1 3 0 1 0 0 0 0 0 0 4 1 0 0 0 0 0 0 0 0 0 0 0 0
0 0 0 2 0 0 0 3 2 1 0 5 0 2 0 0 0 0 0 0 2 2 0 0 0 0 0 0 0 0 0 0 0 0
0 0 0 0 2 0 0 1 3 1 1 1 0 1 0 0 0 1 0 0 2 1 0 0 0 0 0 0 0 0 0 0 0 0
0 0 0 2 2 0 0 4 0 0 1 2 0 2 0 0 0 0 0 0 4 1 0 0 0 0 0 0 0 0 0 0 0 0
1 0 0 0 1 0 0 0 0 0 0 2 0 2 0 0 0 0 0 0 2 2 0 0 0 0 0 0 0 0 0 0 0 0
0 0 0 5 0 0 0 1 0 0 0 14 0 3 0 1 0 1 0 0 3 3 0 0 0 0 0 0 0 0 0 0 0 0
1 0 0 0 0 0 0 0 1 1 0 1 0 0 0 0 0 0 0 0 1 1 0 0 0 0 0 0 0 0 0 0 0 0
0 0 0 0 0 0 0 0 1 2 0 1 0 1 0 0 0 0 0 1 1 1 0 0 0 0 0 0 0 0 0 0 0 0
0 0 0 3 0 0 0 6 4 0 0 5 0 2 0 0 0 0 0 0 3 2 0 0 0 0 0 0 0 0 0 0 0 1
0 0 0 2 0 1 0 3 1 1 0 0 0 0 0 0 0 0 0 0 2 1 0 0 0 0 0 0 0 0 0 0 0 0
0 0 0 0 6 0 1 1 0 2 2 7 0 3 0 0 0 0 0 0 3 2 0 0 0 0 0 0 0 0 0 0 0 0
0 0 0 0 2 0 0 0 0 4 0 3 0 1 0 0 0 0 0 0 4 1 0 0 0 0 0 0 0 0 0 0 0 0
0 0 0 0 3 1 0 0 0 1 1 3 0 1 0 0 0 0 0 0 4 1 0 0 0 0 0 0 0 0 0 0 0 0
0 0 0 0 1 0 1 2 2 1 0 0 2 1 0 0 0 0 0 1 2 2 0 0 0 0 0 0 0 0 0 0 0 0
1 0 0 0 1 0 0 0 0 0 0 2 0 2 0 0 0 0 0 0 2 2 0 0 0 0 0 0 0 0 0 0 0 0
0 0 0 1 2 0 0 3 0 0 1 3 0 1 0 0 0 0 0 0 4 1 0 0 0 0 0 0 0 0 0 0 0 0
1 0 0 0 1 0 0 0 0 0 0 2 0 2 0 0 0 0 0 0 2 2 0 0 0 0 0 0 0 0 0 0 0 0
0 0 0 6 3 0 0 8 3 2 0 58 0 67 0 0 0 2 0 0 2 66 0 0 0 0 0 0 0 0 0 0 0 1
1 0 0 0 0 0 0 1 0 0 0 1 0 1 0 0 0 0 0 0 2 1 0 0 0 0 0 0 0 0 0 0 0 0
0 0 0 0 5 0 0 0 0 4 3 6 0 2 0 0 0 2 0 0 3 2 0 0 0 0 0 0 0 0 0 0 0 0
0 0 0 1 4 0 0 1 0 0 1 3 0 1 0 0 0 0 0 0 4 1 0 0 0 0 0 0 0 0 0 0 0 0
0 0 0 1 3 0 0 0 1 1 1 3 0 2 0 0 0 0 0 0 2 1 0 0 0 0 0 0 0 0 0 0 0 0
0 0 0 0 0 0 0 0 1 3 0 3 0 0 0 0 0 0 0 0 1 1 0 0 0 0 0 0 0 0 0 0 0 0
1 0 0 0 1 0 0 2 0 0 0 0 1 1 0 0 0 0 0 0 2 2 0 0 0 0 0 0 0 0 0 0 0 0
0 0 0 3 1 0 0 4 0 0 0 14 0 2 0 0 0 0 0 0 3 4 0 0 0 0 0 0 0 0 0 0 0 0
0 0 0 3 1 0 1 3 1 0 0 4 1 3 0 0 0 0 0 0 2 4 0 0 0 0 0 0 0 0 0 0 0 0
0 0 0 1 0 0 0 2 1 4 0 0 4 2 0 0 0 0 0 0 3 1 0 0 0 0 0 0 0 0 0 0 0 0
0 0 0 2 7 0 0 2 0 4 2 4 0 6 0 0 0 0 0 0 3 2 0 0 0 0 0 0 0 0 0 0 0 0
0 0 0 1 2 0 0 0 0 2 1 3 0 1 0 0 0 0 0 0 4 1 0 0 0 0 0 0 0 0 0 0 0 0
1 0 0 0 1 0 0 0 0 0 0 2 0 2 0 0 0 0 0 0 2 2 0 0 0 0 0 0 0 0 0 0 0 0
0 0 0 0 2 0 0 0 0 1 1 8 0 6 0 0 0 0 0 0 3 2 0 0 0 0 0 0 0 0 0 0 0 1
0 0 0 2 3 0 0 1 0 0 1 3 0 1 0 0 0 0 0 0 4 1 0 0 0 0 0 0 0 0 0 0 0 0
1 0 0 0 1 0 0 0 0 0 0 2 0 2 0 0 0 0 0 0 2 2 0 0 0 0 0 0 0 0 0 0 0 0
0 0 0 2 1 0 0 0 1 1 0 0 3 2 0 0 0 0 0 0 1 3 0 0 0 0 0 0 0 0 0 1 0 0
0 0 0 2 1 0 0 2 2 0 0 6 0 2 0 1 0 2 0 0 3 2 0 0 0 0 0 0 0 0 0 0 0 0
0 0 0 2 2 0 0 1 0 2 0 3 0 1 0 0 0 0 0 0 4 1 0 0 0 0 0 0 0 0 0 0 0 0
0 0 0 0 0 0 0 4 1 4 0 0 2 1 0 0 0 0 0 0 2 2 0 0 0 0 0 0 0 0 0 0 0 0
0 0 0 0 0 0 0 0 0 0 0 17 0 2 0 0 0 1 0 0 4 1 0 0 0 0 0 0 0 0 0 0 0 0
1 0 0 0 0 0 0 2 0 4 0 0 0 34 0 0 0 1 0 0 4 1 0 0 0 0 0 0 0 0 0 0 0 0
1 0 0 1 1 0 0 0 1 0 1 2 0 1 0 0 0 1 0 0 2 1 0 0 0 0 0 0 0 0 0 0 0 0
0 0 0 0 4 0 0 0 0 1 1 3 0 3 0 0 0 0 0 0 2 1 0 0 0 0 0 0 0 0 0 0 0 0
1 0 0 0 0 0 0 0 1 1 0 1 0 0 0 0 0 0 0 0 1 1 0 0 0 0 0 0 0 0 0 0 0 0
1 0 0 0 1 0 0 0 0 0 0 2 0 2 0 0 0 0 0 0 2 2 0 0 0 0 0 0 0 0 0 0 0 0
0 0 0 2 0 0 0 0 0 0 0 9 0 0 0 0 0 0 0 0 2 1 0 0 0 0 0 0 0 0 0 0 0 0
0 0 0 1 4 0 0 3 0 2 0 3 1 4 0 0 0 0 0 0 4 2 0 0 0 0 0 0 0 0 0 0 0 0
0 0 0 3 0 0 1 2 0 1 0 2 0 0 0 0 0 0 0 0 2 1 0 0 0 0 0 0 0 0 0 0 0 0
0 0 0 2 2 0 0 1 0 1 1 3 0 1 0 0 0 0 0 0 4 1 0 0 0 0 0 0 0 0 0 0 0 0
0 0 0 1 6 0 0 3 0 3 2 6 0 3 0 0 0 0 0 0 3 2 0 0 0 0 0 0 0 0 0 0 0 0
0 0 0 1 0 0 0 3 0 2 0 0 4 1 0 0 0 0 0 0 3 1 0 0 0 0 0 0 0 0 0 0 0 0
0 0 0 0 3 0 0 0 1 2 0 3 0 1 0 0 0 0 0 0 4 1 0 0 0 0 0 0 0 0 0 0 0 0
1 0 0 0 1 0 0 0 0 0 0 2 0 2 0 0 0 0 0 0 2 2 0 0 0 0 0 0 0 0 0 0 0 0
0 0 0 2 0 0 0 5 1 0 0 3 0 1 0 0 0 0 0 2 2 3 0 0 0 0 0 0 0 0 0 0 0 0
0 0 0 2 0 0 0 4 1 1 0 1 1 1 0 0 0 0 0 0 2 1 0 0 0 0 0 0 0 0 0 0 0 0
0 0 0 3 0 0 0 1 0 0 0 11 0 3 0 0 0 0 0 0 3 3 0 0 0 0 0 0 0 0 0 0 0 1
0 0 0 0 2 0 0 1 1 4 1 0 0 1 0 0 0 0 0 0 1 2 0 0 0 0 0 0 0 0 0 0 0 0
1 0 0 1 1 0 0 0 0 0 0 1 0 2 0 0 0 0 0 1 2 2 0 0 0 0 0 0 0 0 0 0 0 0
0 0 0 0 2 0 0 1 0 2 1 3 0 1 0 0 0 0 0 0 4 1 0 0 0 0 0 0 0 0 0 0 0 0
0 0 0 1 4 0 0 4 1 0 2 0 0 2 0 0 0 0 0 1 2 1 0 0 0 0 0 0 0 0 0 0 0 0
0 0 0 1 2 0 0 0 0 2 1 2 0 1 0 0 0 0 0 0 4 1 0 0 0 0 0 0 0 0 0 0 0 1
0 0 0 0 1 0 0 3 2 2 0 0 1 2 0 0 0 0 0 0 3 1 0 0 0 0 0 0 0 0 0 0 0 0
0 0 0 2 0 0 0 0 0 1 1 9 0 10 0 0 0 1 0 0 1 10 0 0 0 0 0 0 0 0 0 0 0 0
0 0 0 2 4 0 1 1 0 1 1 1 0 2 0 0 0 0 0 0 2 1 0 0 0 0 0 0 0 0 0 0 0 0
0 0 0 0 2 0 0 0 0 4 0 1 0 1 0 0 0 0 0 0 1 1 0 0 0 0 0 0 0 0 0 0 0 0
0 0 0 1 0 2 0 3 1 3 1 0 2 0 0 0 0 0 0 0 4 1 0 0 0 0 0 0 0 0 0 0 0 0
1 0 0 0 1 0 0 0 0 0 0 2 0 2 0 0 0 0 0 0 2 2 0 0 0 0 0 0 0 0 0 0 0 0
0 0 0 0 0 0 0 0 0 0 0 10 0 9 0 0 0 0 0 0 3 2 0 0 0 0 0 0 0 0 0 0 0 0
0 0 0 1 0 0 0 4 0 0 0 7 0 1 0 0 0 0 0 0 2 1 0 0 0 0 0 0 0 0 0 0 0 0
1 0 0 0 1 0 0 0 0 0 0 2 0 2 0 0 0 0 0 0 2 2 0 0 0 0 0 0 0 0 0 0 0 0
0 0 0 0 3 0 0 0 1 2 0 3 0 1 0 0 0 0 0 0 4 1 0 0 0 0 0 0 0 0 0 0 0 0
0 0 0 1 0 0 0 3 0 1 0 3 1 0 0 0 0 0 0 0 1 1 0 0 0 0 0 0 0 0 0 0 0 0
0 0 0 4 0 0 0 0 0 0 0 3 0 4 0 0 0 2 0 0 2 2 0 0 0 0 0 0 0 0 0 0 0 0
0 0 0 3 2 0 0 2 2 1 0 1 0 2 0 0 0 1 0 0 2 2 0 0 0 0 0 0 0 0 0 0 0 0
0 0 0 3 0 0 0 4 1 3 0 3 0 1 0 0 0 0 0 0 2 2 0 0 0 0 0 0 0 0 0 0 0 0
0 0 0 0 0 0 2 1 0 3 0 2 4 2 0 0 0 0 1 0 3 2 0 0 0 0 0 0 0 0 0 0 0 0
0 0 0 0 0 0 0 4 2 1 0 3 0 3 0 0 0 2 0 0 2 2 0 0 0 0 0 0 0 0 0 0 0 0
0 0 0 2 0 0 0 3 0 0 0 16 0 1 0 0 0 0 0 0 3 4 0 0 0 0 0 0 0 0 0 0 0 0
0 0 0 0 0 0 0 4 0 1 0 1 1 1 0 0 0 0 0 0 1 1 0 0 0 0 0 0 0 0 0 0 0 0
0 0 0 2 0 0 1 4 0 0 0 11 0 1 0 0 0 3 0 0 3 4 0 0 0 0 0 0 0 0 0 0 0 0
0 0 0 2 0 0 0 2 3 1 0 6 0 3 0 0 0 0 0 0 2 2 0 0 0 0 0 0 0 0 0 0 0 0
0 0 0 0 3 1 0 0 0 1 1 3 0 1 0 0 0 0 0 0 4 1 0 0 0 0 0 0 0 0 0 0 0 0
1 0 0 0 1 0 0 0 0 0 0 2 0 2 0 0 0 0 0 0 2 2 0 0 0 0 0 0 0 0 0 0 0 0
0 0 0 1 7 0 1 3 0 2 3 5 0 4 0 0 0 0 0 0 3 2 0 0 0 0 0 0 0 0 0 0 0 0
0 0 0 0 0 0 0 3 1 4 0 0 6 2 0 0 0 0 0 0 3 3 0 0 0 0 0 0 0 0 0 0 0 0
0 0 0 2 6 0 0 2 0 2 3 4 0 4 0 0 0 0 0 0 3 3 0 0 0 0 0 0 0 0 0 0 0 0
0 0 0 1 1 0 0 1 3 0 2 0 0 0 0 0 0 0 0 0 2 1 0 0 0 0 0 0 0 0 0 0 0 0
0 0 0 0 3 1 0 0 0 1 1 3 0 1 0 0 0 0 0 0 4 1 0 0 0 0 0 0 0 0 0 0 0 0
0 0 0 1 0 0 0 2 0 4 0 0 1 0 0 0 0 0 0 0 2 1 0 0 0 0 0 0 0 0 0 1 0 0
1 0 0 0 1 0 0 0 0 0 0 2 0 2 0 0 0 0 0 0 2 2 0 0 0 0 0 0 0 0 0 0 0 0
0 0 0 0 2 0 0 0 1 2 1 3 0 1 0 0 0 0 0 0 4 1 0 0 0 0 0 0 0 0 0 0 0 0
0 0 0 2 8 0 0 3 1 2 3 1 0 4 0 0 0 0 0 2 3 5 0 0 0 0 0 0 0 0 0 0 0 0
0 0 0 1 0 0 0 0 0 4 0 0 2 0 0 0 0 0 0 0 1 1 0 0 0 0 0 0 0 0 0 0 0 0
0 0 0 0 1 0 0 1 1 1 0 2 0 2 0 0 0 2 0 0 3 1 0 0 0 0 0 0 0 0 0 1 0 0
1 0 0 0 1 0 0 0 0 0 0 2 0 2 0 0 0 0 0 0 2 2 0 0 0 0 0 0 0 0 0 0 0 0
0 0 0 2 0 0 0 1 1 1 0 0 0 0 0 0 0 0 0 1 1 1 0 0 0 0 0 0 0 0 0 0 0 0
1 0 0 1 1 0 0 1 1 0 0 1 0 2 0 0 0 0 0 0 2 2 0 0 0 0 0 0 0 0 0 0 0 0
0 0 0 0 0 0 0 2 1 1 0 6 1 2 0 0 0 0 0 0 3 1 0 0 0 0 0 0 0 0 0 0 0 0
0 0 0 1 3 0 1 0 0 1 1 3 0 1 0 0 0 0 0 0 4 1 0 0 0 0 0 0 0 0 0 0 0 0
0 0 0 2 3 0 1 0 0 1 1 2 0 2 0 0 0 0 0 0 4 1 0 0 0 0 0 0 0 0 0 0 0 0
0 0 0 2 0 0 0 1 1 0 0 15 0 1 0 0 0 0 0 1 3 2 0 0 0 0 0 0 0 0 0 0 0 1
0 0 0 3 1 0 0 8 0 0 0 2 0 1 0 0 0 0 0 0 3 2 0 0 0 0 0 0 0 0 0 0 0 0
0 0 0 1 2 0 0 0 0 3 0 3 0 1 0 0 0 0 0 0 4 1 0 0 0 0 0 0 0 0 0 0 0 0
0 0 0 2 0 0 0 4 1 0 0 13 0 1 0 0 0 0 0 1 3 4 0 0 0 0 0 0 0 0 0 0 0 0
1 0 0 0 1 0 0 0 0 0 0 2 0 2 0 0 0 0 0 0 2 2 0 0 0 0 0 0 0 0 0 0 0 0
0 0 0 1 0 0 0 4 1 3 0 2 3 3 0 0 0 0 0 0 3 3 0 0 0 0 0 0 0 0 0 0 0 0
0 0 0 2 1 0 0 3 0 0 0 8 0 2 0 0 0 0 0 0 3 1 0 0 0 0 0 0 0 0 0 0 0 0
0 0 0 1 2 0 0 1 2 0 1 7 0 7 0 0 0 0 0 0 3 3 0 0 0 0 0 0 0 0 0 0 0 0
0 0 0 1 0 0 0 3 1 1 0 0 1 1 0 0 0 0 0 0 2 1 0 0 0 0 0 0 0 0 0 1 0 0
1 0 0 1 1 0 0 0 0 1 0 1 0 2 0 0 0 0 0 0 2 2 0 0 0 0 0 0 0 0 0 0 0 0
0 0 0 1 1 0 0 1 1 1 0 0 0 0 0 0 0 1 0 0 1 1 0 0 0 0 0 0 0 0 0 0 0 0
0 0 0 1 1 0 0 2 0 1 0 1 0 0 0 0 0 0 0 0 2 1 0 0 0 0 0 0 0 0 0 0 0 0
0 0 0 0 0 0 0 2 0 0 0 12 0 1 0 0 0 0 0 0 3 1 0 0 0 0 0 0 0 0 0 0 0 0
0 0 0 0 1 0 0 4 0 0 0 2 0 4 0 0 0 0 0 0 2 1 0 0 0 0 0 0 0 0 0 0 0 0
0 0 0 0 1 0 0 2 1 1 0 0 0 0 0 0 0 0 0 0 2 1 0 0 0 0 0 0 0 0 0 1 0 0
0 0 0 5 2 0 0 1 0 0 0 3 0 1 0 0 0 0 0 0 2 2 0 0 0 0 0 0 0 0 0 0 0 0
0 0 0 4 0 0 1 2 1 0 0 5 0 0 0 0 0 0 0 1 2 2 0 0 0 0 0 0 0 0 0 0 0 0
0 0 0 1 0 0 0 2 1 3 0 0 2 1 0 0 0 0 0 0 3 1 0 0 0 0 0 0 0 0 0 1 0 0
0 0 0 1 0 0 0 1 1 1 0 0 0 0 0 0 0 0 0 0 1 1 0 0 0 0 0 0 0 0 0 0 0 0
0 0 0 1 0 0 0 2 4 2 0 2 1 3 0 0 0 0 0 0 2 2 0 0 0 0 0 0 0 0 0 0 0 0
0 0 0 1 2 0 0 0 1 2 0 3 0 1 0 0 0 0 0 0 4 1 0 0 0 0 0 0 0 0 0 0 0 0
0 0 0 1 3 0 0 0 0 2 0 3 1 2 0 0 0 0 0 0 2 1 0 0 0 0 0 0 0 0 0 0 0 0
1 0 0 0 1 0 0 0 0 0 0 2 0 2 0 0 0 0 0 0 2 2 0 0 0 0 0 0 0 0 0 0 0 0
0 0 0 0 2 0 0 0 1 2 1 3 0 1 0 0 0 0 0 0 4 1 0 0 0 0 0 0 0 0 0 0 0 0
0 0 0 1 0 0 0 1 0 1 0 1 1 1 0 0 0 0 0 0 1 1 0 0 0 0 0 0 0 0 0 0 0 1
0 0 0 3 2 0 0 1 0 0 1 3 0 1 0 0 0 0 0 0 4 1 0 0 0 0 0 0 0 0 0 0 0 0
0 0 0 2 0 0 0 0 0 0 0 12 0 2 0 0 0 0 0 1 3 2 0 0 0 0 0 0 0 0 0 0 0 1
0 0 0 3 0 0 0 4 1 0 0 10 0 3 0 0 0 1 0 3 3 2 0 0 0 0 0 0 0 0 0 0 0 0
1 0 0 0 1 0 0 0 0 0 0 1 0 2 0 0 0 0 0 0 2 2 0 0 0 0 0 0 0 0 0 0 0 1
0 0 0 0 2 0 0 0 1 2 1 3 0 1 0 0 0 0 0 0 4 1 0 0 0 0 0 0 0 0 0 0 0 0
0 0 0 1 3 1 0 1 0 1 1 2 0 2 0 0 0 0 0 0 4 1 0 0 0 0 0 0 0 0 0 0 0 0
0 0 0 1 2 0 0 0 0 2 1 3 0 1 0 0 0 0 0 0 4 1 0 0 0 0 0 0 0 0 0 0 0 0
0 0 0 1 1 0 1 1 1 1 0 0 2 3 0 0 0 0 0 0 3 2 0 0 0 0 0 0 0 0 0 1 0 0
0 0 0 1 2 1 0 0 0 1 1 3 0 1 0 0 0 0 0 0 4 1 0 0 0 0 0 0 0 0 0 0 0 0
0 0 0 3 0 0 0 8 3 1 0 0 2 1 0 0 0 0 0 0 2 4 0 0 0 0 0 0 0 0 0 0 0 0
1 0 0 0 1 0 0 0 0 0 0 2 0 2 0 0 0 0 0 0 2 2 0 0 0 0 0 0 0 0 0 0 0 0
0 0 0 0 0 0 0 4 5 2 0 12 0 5 0 0 0 1 0 0 3 4 0 0 0 0 0 0 0 0 0 0 0 0
0 0 0 3 0 0 0 1 0 0 0 6 0 2 0 0 0 1 0 1 2 1 0 0 0 0 0 0 0 0 0 0 0 0
0 0 0 0 0 0 0 3 1 0 0 8 0 0 0 0 0 0 0 0 2 1 0 0 0 0 0 0 0 0 0 0 0 0
0 0 0 0 4 0 0 2 0 1 2 1 0 2 0 0 0 0 0 1 2 1 0 0 0 0 0 0 0 0 0 0 0 0
0 0 0 2 0 0 0 4 0 1 0 6 0 0 0 0 0 0 0 0 2 1 0 0 0 0 0 0 0 0 0 0 0 0
1 0 0 0 1 0 0 0 0 0 0 2 0 2 0 0 0 0 0 0 2 2 0 0 0 0 0 0 0 0 0 0 0 0
1 0 0 1 1 0 0 0 0 0 0 1 0 2 0 0 0 1 0 0 2 2 0 0 0 0 0 0 0 0 0 0 0 0
0 0 0 0 2 0 0 1 0 1 2 3 0 1 0 0 0 0 0 0 4 1 0 0 0 0 0 0 0 0 0 0 0 0
0 0 0 0 0 0 0 1 0 0 0 13 0 1 0 0 0 0 0 0 3 1 0 0 0 0 0 0 0 0 0 0 0 0
0 0 0 1 1 0 0 0 0 3 1 3 0 1 0 0 0 0 0 0 4 1 0 0 0 0 0 0 0 0 0 0 0 0
0 0 0 0 6 0 0 1 0 1 3 7 0 4 0 0 0 0 0 0 3 2 0 0 0 0 0 0 0 0 0 0 0 0
1 0 0 1 1 0 0 0 0 1 0 1 0 2 0 0 0 1 0 0 2 2 0 0 0 0 0 0 0 0 0 0 0 0
0 0 0 1 3 0 0 1 0 2 1 1 0 1 0 0 0 0 0 1 4 2 0 0 0 0 0 0 0 0 0 0 0 0
0 0 0 1 0 0 0 2 4 2 0 1 0 3 0 0 0 2 0 0 2 3 0 0 0 0 0 0 0 0 0 0 0 0
1 0 0 0 1 0 0 0 0 0 0 2 0 2 0 0 0 0 0 0 2 2 0 0 0 0 0 0 0 0 0 0 0 0
0 0 0 1 3 0 0 2 3 2 1 0 0 0 0 0 0 1 0 0 2 3 0 0 0 0 0 0 0 0 0 0 0 0
1 0 0 0 1 0 0 0 0 0 0 2 0 2 0 0 0 0 0 0 2 2 0 0 0 0 0 0 0 0 0 0 0 0
0 0 0 3 0 0 0 0 0 0 0 8 0 1 0 0 0 0 0 1 2 1 0 0 0 0 0 0 0 0 0 0 0 0
0 0 0 1 1 0 0 0 3 2 0 0 0 0 0 0 0 0 0 0 2 1 0 0 0 0 0 0 0 0 0 0 0 0
1 0 0 0 1 0 0 0 0 0 0 2 0 2 0 0 0 0 0 0 2 2 0 0 0 0 0 0 0 0 0 0 0 0
0 0 0 0 0 0 0 1 1 1 0 0 2 2 0 0 0 0 0 0 1 1 0 0 0 0 0 0 0 0 0 0 0 0
0 0 0 1 2 1 0 0 0 1 1 3 0 1 0 0 0 0 0 0 4 1 0 0 0 0 0 0 0 0 0 0 0 0
0 0 0 1 2 0 0 3 0 0 1 3 0 1 0 0 0 0 0 0 4 1 0 0 0 0 0 0 0 0 0 0 0 0
0 0 0 2 6 0 0 1 0 3 3 5 0 4 0 0 0 0 0 1 3 2 0 0 0 0 0 0 0 0 0 0 0 0
0 0 0 0 7 0 0 2 0 2 3 6 0 4 0 0 0 0 0 0 3 2 0 0 0 0 0 0 0 0 0 0 0 0
0 0 0 1 0 0 0 5 1 0 0 0 5 2 0 0 0 0 0 0 3 1 0 0 0 0 0 0 0 0 0 0 0 0
0 0 0 0 2 0 0 0 1 2 1 3 0 1 0 0 0 0 0 0 4 1 0 0 0 0 0 0 0 0 0 0 0 0
0 0 0 0 3 1 0 0 0 1 1 3 0 1 0 0 0 0 0 0 4 1 0 0 0 0 0 0 0 0 0 0 0 0
0 0 0 1 1 0 0 5 0 0 0 4 0 2 0 0 0 1 0 0 2 1 0 0 0 0 0 0 0 0 0 0 0 0
0 0 0 1 6 0 0 2 0 2 3 6 0 4 0 0 0 0 0 0 3 2 0 0 0 0 0 0 0 0 0 0 0 0
0 0 0 1 0 0 1 2 0 2 0 0 1 1 0 0 0 0 0 0 2 1 0 0 0 0 0 0 0 0 0 1 0 0
0 0 0 0 1 0 0 2 1 0 0 9 0 3 0 0 0 1 0 0 3 1 0 0 0 0 0 0 0 0 0 0 0 0
0 0 0 1 0 0 0 0 0 3 0 0 2 1 0 0 0 0 0 0 1 1 0 0 0 0 0 0 0 0 0 0 0 0
0 0 0 0 4 0 1 5 1 5 1 0 1 4 0 0 0 0 0 0 2 4 0 0 0 0 0 0 0 0 0 0 0 1
0 0 0 2 2 0 0 0 0 1 1 3 0 3 0 0 0 0 0 0 2 1 0 0 0 0 0 0 0 0 0 0 0 0
0 0 0 0 2 0 0 2 0 0 0 6 0 3 0 0 0 1 0 0 2 1 0 0 0 0 0 0 0 0 0 0 0 0
1 0 0 0 0 0 0 2 2 3 0 0 1 1 0 0 0 0 0 0 2 3 0 0 0 0 0 0 0 0 0 0 0 0
0 0 0 0 2 0 0 2 1 1 1 3 0 2 0 0 0 0 0 0 4 1 0 0 0 0 0 0 0 0 0 0 0 0
1 0 0 0 1 0 0 0 0 0 0 2 0 2 0 0 0 0 0 0 2 2 0 0 0 0 0 0 0 0 0 0 0 0
0 0 0 0 3 1 0 0 0 1 1 3 0 1 0 0 0 0 0 0 4 1 0 0 0 0 0 0 0 0 0 0 0 0
0 0 0 2 1 0 0 1 0 0 0 6 0 11 0 0 0 2 0 1 3 3 0 0 0 0 0 0 0 0 0 0 0 0
0 0 0 0 0 0 0 3 0 0 0 9 0 2 0 0 0 0 0 0 3 1 0 0 0 0 0 0 0 0 0 0 0 0
1 0 0 0 1 0 0 0 0 0 0 2 0 2 0 0 0 0 0 0 2 2 0 0 0 0 0 0 0 0 0 0 0 0
1 0 0 0 1 0 0 0 0 0 0 2 0 2 0 0 0 0 0 0 2 2 0 0 0 0 0 0 0 0 0 0 0 0
1 0 0 0 1 0 0 0 0 0 0 2 0 2 0 0 0 0 0 0 2 2 0 0 0 0 0 0 0 0 0 0 0 0
0 0 0 0 0 0 0 2 0 0 0 4 0 4 0 0 0 0 0 0 2 1 0 0 0 0 0 0 0 0 0 0 0 1
0 0 0 0 1 0 0 3 0 0 0 7 0 2 0 0 0 0 0 0 2 1 0 0 0 0 0 0 0 0 0 0 0 0
0 0 0 2 0 0 0 1 1 3 1 3 0 32 0 0 0 0 0 0 2 5 0 0 0 0 0 0 0 0 0 0 0 0
0 0 0 1 0 0 0 3 0 0 0 8 0 1 0 0 0 0 0 0 2 1 0 0 0 0 0 0 0 0 0 0 0 0
0 0 0 0 5 0 0 1 2 1 1 0 0 1 0 0 0 0 0 2 4 3 0 0 0 0 0 0 0 0 0 0 0 0
0 0 0 5 0 0 1 2 1 2 1 3 2 5 0 0 0 1 0 4 3 6 0 0 0 0 0 0 0 0 0 0 0 0
1 0 0 0 1 0 0 0 0 0 0 2 0 2 0 0 0 0 0 0 2 2 0 0 0 0 0 0 0 0 0 0 0 0
0 0 0 0 0 0 0 3 0 0 0 8 0 0 0 0 0 0 0 0 2 1 0 0 0 0 0 0 0 0 0 0 0 0
0 0 0 3 0 0 0 4 0 1 0 1 2 1 0 0 0 0 0 0 2 2 0 0 0 0 0 0 0 0 0 0 0 0
1 0 0 0 1 0 0 0 0 0 0 2 0 2 0 0 0 0 0 0 2 2 0 0 0 0 0 0 0 0 0 0 0 0
1 0 0 0 1 0 0 0 0 0 0 2 0 2 0 0 0 0 0 0 2 2 0 0 0 0 0 0 0 0 0 0 0 0
0 0 0 1 1 0 0 2 0 1 0 0 1 2 0 0 0 0 0 0 1 2 0 0 0 0 0 0 0 0 0 1 0 0
1 0 0 0 1 0 0 0 0 0 0 2 0 2 0 0 0 0 0 0 2 2 0 0 0 0 0 0 0 0 0 0 0 0
0 0 0 0 7 0 1 1 0 2 3 6 0 4 0 0 0 0 0 0 3 2 0 0 0 0 0 0 0 0 0 0 0 0
0 0 0 1 2 0 0 0 1 2 0 3 0 1 0 0 0 0 0 0 4 1 0 0 0 0 0 0 0 0 0 0 0 0
0 0 0 0 2 0 0 2 3 1 1 0 0 1 0 0 0 0 0 1 2 1 0 0 0 0 0 0 0 0 0 0 0 0
0 0 0 1 0 0 1 3 1 0 0 11 0 0 0 0 0 2 0 0 4 1 0 0 0 0 0 0 0 0 0 0 0 0
0 0 0 0 3 0 0 0 1 2 0 3 0 1 0 0 0 0 0 0 4 1 0 0 0 0 0 0 0 0 0 0 0 0
1 0 0 2 1 0 0 2 0 0 0 0 0 3 0 0 0 0 0 0 2 2 0 0 0 0 0 0 0 0 0 0 0 0
0 0 0 1 2 0 0 3 0 0 1 3 0 1 0 0 0 0 0 0 4 1 0 0 0 0 0 0 0 0 0 0 0 0
0 0 0 1 0 0 0 2 1 0 0 0 2 3 0 0 0 0 0 0 3 2 0 0 0 0 0 0 0 0 0 0 0 0
0 0 0 0 4 0 0 0 1 3 2 7 0 2 0 0 0 0 0 0 3 2 0 0 0 0 0 0 0 0 0 0 0 0
0 0 0 6 0 0 0 4 11 2 0 54 0 63 0 0 0 1 0 0 1 66 0 0 0 0 0 0 0 0 0 0 0 1
0 0 0 1 4 0 0 2 1 5 2 6 0 3 0 0 0 0 0 0 3 2 0 0 0 0 0 0 0 0 0 0 0 0
1 0 0 0 1 0 0 0 0 0 0 2 0 2 0 0 0 0 0 0 2 2 0 0 0 0 0 0 0 0 0 0 0 0
0 0 0 0 0 0 0 1 0 1 0 4 0 0 0 1 0 0 0 0 1 1 0 0 0 0 0 0 0 0 0 0 0 0
0 0 0 1 2 0 0 0 1 2 0 3 0 1 0 0 0 0 0 0 4 1 0 0 0 0 0 0 0 0 0 0 0 0
0 0 0 1 3 0 0 3 3 2 1 0 0 0 0 0 0 0 0 0 2 3 0 0 0 0 0 0 0 0 0 0 0 0
0 0 0 1 0 0 0 2 1 2 0 0 1 1 0 0 0 0 0 0 2 1 0 0 0 0 0 0 0 0 0 1 0 0
0 0 0 1 3 0 0 0 0 3 0 2 0 1 0 1 0 0 0 0 4 2 0 0 0 0 0 0 0 0 0 0 0 0
0 0 0 1 1 0 0 1 1 2 0 0 0 64 0 0 0 1 0 0 1 1 0 0 0 0 0 0 0 0 0 0 0 0
0 0 0 5 0 0 0 2 0 0 0 5 0 2 0 0 0 0 0 2 2 3 0 0 0 0 0 0 0 0 0 0 0 0
0 0 0 0 2 0 0 3 0 2 0 3 0 0 0 0 0 0 0 0 2 1 0 0 0 0 0 0 0 0 0 0 0 0
0 0 0 3 0 0 0 2 1 2 0 10 0 2 0 0 0 4 0 2 3 5 0 0 0 0 0 0 0 0 0 0 0 0
0 0 0 1 3 0 0 0 0 3 0 2 0 1 0 0 0 0 0 1 4 2 0 0 0 0 0 0 0 0 0 0 0 0
0 0 0 5 1 0 0 3 1 1 0 8 0 3 0 0 0 3 0 2 3 5 0 0 0 0 0 0 0 0 0 0 0 0
0 0 0 4 1 0 0 2 0 1 0 3 1 0 0 0 0 0 0 0 2 2 0 0 0 0 0 0 0 0 0 0 0 0
0 1 0 1 0 0 0 0 1 2 0 0 0 0 0 0 0 0 0 0 2 1 0 0 0 0 0 0 0 0 0 0 0 0
0 0 0 4 2 0 0 1 0 0 0 3 0 3 0 0 0 1 0 0 2 1 0 0 0 0 0 0 0 0 0 0 0 0
0 0 0 1 3 0 0 1 1 2 0 2 0 2 0 0 0 0 0 0 4 1 0 0 0 0 0 0 0 0 0 0 0 0
0 0 0 1 3 0 0 0 0 4 1 2 0 2 0 0 0 1 0 0 4 1 0 0 0 0 0 0 0 0 0 0 0 0
0 0 0 3 1 0 0 3 1 1 0 1 2 2 0 0 0 0 0 0 2 3 0 0 0 0 0 0 0 0 0 0 0 0
0 0 0 1 2 1 0 0 0 1 1 3 0 1 0 0 0 0 0 0 4 1 0 0 0 0 0 0 0 0 0 0 0 0
1 0 0 0 1 0 0 0 0 0 0 1 0 2 0 0 0 0 0 0 2 2 0 0 0 0 0 0 0 0 0 0 0 1
0 0 0 0 3 0 0 0 0 2 1 3 0 1 0 0 0 0 0 0 4 1 0 0 0 0 0 0 0 0 0 0 0 0
0 0 0 0 2 0 0 1 0 1 2 2 0 1 0 0 0 0 0 0 4 1 0 0 0 0 0 0 0 0 0 0 0 1
1 0 0 0 1 0 0 0 0 0 0 2 0 2 0 0 0 0 0 0 2 2 0 0 0 0 0 0 0 0 0 0 0 0
0 0 0 3 0 0 1 6 0 1 0 4 1 0 0 0 0 0 0 0 2 2 0 0 0 0 0 0 0 0 0 0 0 0
1 0 0 0 1 0 0 0 0 0 0 2 0 2 0 0 0 0 0 0 2 2 0 0 0 0 0 0 0 0 0 0 0 0
0 0 0 0 2 0 0 2 1 1 1 3 0 2 0 0 0 0 0 0 4 1 0 0 0 0 0 0 0 0 0 0 0 0
0 0 0 1 0 0 1 1 1 3 0 1 0 0 0 0 0 0 0 0 2 2 0 0 0 0 0 0 0 0 0 0 0 0
0 0 0 2 3 0 0 2 1 1 1 2 0 1 0 0 0 0 0 0 4 1 0 0 0 0 0 0 0 0 0 0 0 0
0 0 0 3 0 1 0 0 0 0 0 14 0 3 0 0 0 1 1 0 4 1 0 0 0 0 0 0 0 0 0 0 0 0
0 0 0 0 0 0 0 1 1 0 0 8 0 3 0 0 0 0 0 1 3 1 0 0 0 0 0 0 0 0 0 0 0 0
0 0 0 0 0 0 0 5 0 1 0 0 1 1 0 0 0 0 0 0 1 1 0 0 0 0 0 0 0 0 0 0 0 0
0 0 0 1 1 0 0 2 1 1 0 0 0 2 0 0 0 0 0 0 1 2 0 0 0 0 0 0 0 0 0 1 0 0
1 0 0 0 1 0 0 0 0 0 0 2 0 2 0 0 0 0 0 0 2 2 0 0 0 0 0 0 0 0 0 0 0 0
0 0 0 1 2 0 0 0 0 2 1 3 0 1 0 0 0 0 0 0 4 1 0 0 0 0 0 0 0 0 0 0 0 0
0 0 0 2 7 0 0 4 0 4 2 3 0 4 0 0 0 1 0 2 3 4 0 0 0 0 0 0 0 0 0 0 0 0
1 0 0 1 1 0 0 0 0 0 0 1 0 3 0 0 0 1 0 0 2 2 0 0 0 0 0 0 0 0 0 0 0 0
0 0 0 1 0 0 2 1 2 1 0 0 4 4 0 1 0 0 0 0 3 2 0 0 0 0 0 0 0 0 0 0 0 0
0 0 0 1 0 0 0 1 0 1 0 0 1 0 0 0 0 0 0 0 1 1 0 0 0 0 0 0 0 0 0 0 0 0
0 0 0 1 0 0 0 3 5 2 0 0 1 0 0 0 0 0 0 0 2 2 0 0 0 0 0 0 0 0 0 0 0 0
0 0 0 0 2 0 0 3 0 1 1 2 0 2 0 0 0 2 0 0 2 2 0 0 0 0 0 0 0 0 0 0 0 0
0 0 0 2 0 0 0 0 0 0 0 12 0 3 0 0 0 4 0 0 3 2 0 0 0 0 0 0 0 0 0 0 0 0
0 0 0 3 1 0 0 1 1 0 1 2 0 2 0 0 0 1 0 0 2 1 0 0 0 0 0 0 0 0 0 0 0 0
0 0 0 1 0 0 0 0 0 0 0 14 0 5 0 0 0 0 0 0 3 2 0 0 0 0 0 0 0 0 0 0 0 0
1 0 0 0 1 0 0 0 0 0 0 2 0 2 0 0 0 0 0 0 2 2 0 0 0 0 0 0 0 0 0 0 0 0
0 0 0 0 0 0 0 1 0 3 2 3 0 1 0 0 0 0 0 0 4 1 0 0 0 0 0 0 0 0 0 0 0 0
0 0 0 0 0 0 0 1 0 0 0 10 0 0 0 0 0 2 0 0 2 2 0 0 0 0 0 0 0 0 0 0 0 0
0 0 0 1 2 0 0 0 0 2 1 3 0 1 0 0 0 0 0 0 4 1 0 0 0 0 0 0 0 0 0 0 0 0
1 1 0 1 1 0 0 2 0 0 0 0 1 1 0 0 0 0 0 0 3 1 0 0 0 0 0 0 0 0 0 1 0 0
1 0 0 0 1 0 0 0 0 0 0 2 0 2 0 0 0 0 0 0 2 2 0 0 0 0 0 0 0 0 0 0 0 0
0 0 0 2 1 0 0 3 0 0 0 6 0 11 0 0 0 3 0 0 3 5 0 0 0 0 0 0 0 0 0 0 0 0
0 0 0 0 2 0 0 0 1 2 0 3 0 1 0 0 0 0 0 0 4 1 0 0 0 0 0 0 0 0 0 0 0 0
0 0 0 2 2 0 0 0 0 1 1 3 0 3 0 0 0 0 0 0 2 1 0 0 0 0 0 0 0 0 0 0 0 0
0 0 0 0 0 0 0 3 4 2 0 0 4 1 0 0 0 0 0 1 3 2 0 0 0 0 0 0 0 0 0 0 0 0
0 0 0 3 0 0 0 4 0 2 0 0 0 0 0 0 0 0 0 0 2 1 0 0 0 0 0 0 0 0 0 0 0 0
0 0 0 0 0 0 0 2 0 0 0 8 0 1 0 0 0 0 0 0 2 1 0 0 0 0 0 0 0 0 0 0 0 0
0 0 0 0 0 0 0 2 1 1 0 0 1 2 0 0 0 0 0 0 3 1 0 0 0 0 0 0 0 0 0 0 0 0
0 0 0 1 0 0 0 0 0 4 0 0 2 0 0 0 0 0 0 0 1 1 0 0 0 0 0 0 0 0 0 0 0 0
0 0 0 2 3 0 0 1 0 0 1 3 0 1 0 0 0 0 0 0 4 1 0 0 0 0 0 0 0 0 0 0 0 0
0 0 0 3 0 0 0 0 0 0 0 2 0 7 0 0 0 0 0 0 2 1 0 0 0 0 0 0 0 0 0 0 0 0
0 0 0 3 0 0 0 1 0 0 0 2 0 7 0 0 0 0 0 0 2 1 0 0 0 0 0 0 0 0 0 0 0 0
0 0 0 4 2 0 0 1 0 0 1 2 0 2 0 0 0 1 0 0 4 1 0 0 0 0 0 0 0 0 0 0 0 0
0 0 0 0 2 0 0 2 1 0 1 3 0 5 0 0 0 0 0 1 3 1 0 0 0 0 0 0 0 0 0 0 0 0
1 0 0 1 0 0 0 1 0 1 0 0 0 0 0 0 0 0 0 0 2 1 0 0 0 0 0 0 0 0 0 0 0 0
0 0 0 1 1 0 0 2 1 0 0 2 0 3 0 0 0 0 0 0 2 1 0 0 0 0 0 0 0 0 0 0 0 0
0 0 0 0 3 1 0 0 0 1 1 3 0 1 0 0 0 0 0 0 4 1 0 0 0 0 0 0 0 0 0 0 0 0
0 0 0 0 0 0 0 2 1 0 0 10 0 1 0 0 0 0 0 1 3 1 0 0 0 0 0 0 0 0 0 0 0 0
0 0 0 2 0 0 0 3 2 0 0 6 0 0 0 0 0 0 0 0 2 1 0 0 0 0 0 0 0 0 0 0 0 0
0 0 0 0 1 1 0 1 0 2 1 3 0 1 0 0 0 0 0 0 4 1 0 0 0 0 0 0 0 0 0 0 0 0
0 0 0 1 4 0 0 2 0 2 1 0 0 2 0 0 0 0 0 3 4 3 0 0 0 0 0 0 0 0 0 0 0 0
0 0 0 2 0 0 0 2 1 1 0 0 0 0 0 0 0 0 0 0 1 1 0 0 0 0 0 0 0 0 0 0 0 0
0 0 0 1 6 0 0 2 1 3 2 6 0 3 0 0 0 0 0 0 3 2 0 0 0 0 0 0 0 0 0 0 0 0
0 0 0 2 1 0 0 1 0 1 0 5 0 3 0 0 0 0 0 0 2 1 0 0 0 0 0 0 0 0 0 0 0 0
0 0 0 1 1 0 0 0 0 1 0 4 0 0 0 0 0 0 0 0 1 1 0 0 0 0 0 0 0 0 0 0 0 0
0 0 0 1 3 0 0 2 4 1 1 0 0 0 0 0 0 1 0 0 2 3 0 0 0 0 0 0 0 0 0 0 0 0
1 0 0 0 1 0 0 0 0 0 0 2 0 2 0 0 0 0 0 0 2 2 0 0 0 0 0 0 0 0 0 0 0 0
0 0 0 1 4 0 0 1 0 0 1 3 0 1 0 0 0 0 0 0 4 1 0 0 0 0 0 0 0 0 0 0 0 0
0 0 0 3 0 0 0 3 1 2 0 2 0 2 0 0 0 0 0 0 2 3 0 0 0 0 0 0 0 0 0 0 0 0
1 0 0 0 0 0 0 1 0 0 0 1 0 1 0 0 0 0 0 0 2 1 0 0 0 0 0 0 0 0 0 0 0 0
0 0 0 0 2 0 0 0 1 2 1 3 0 1 0 0 0 0 0 0 4 1 0 0 0 0 0 0 0 0 0 0 0 0
0 0 0 0 1 0 0 2 2 1 0 8 0 2 0 0 0 0 0 0 2 3 0 0 0 0 0 0 0 0 0 0 0 0
0 0 0 3 0 0 0 2 2 0 0 11 0 3 0 0 0 1 0 0 3 2 0 0 0 0 0 0 0 0 0 0 0 0
0 0 0 2 0 0 0 1 3 0 0 1 1 2 0 0 0 1 0 0 2 2 0 0 0 0 0 0 0 0 0 0 0 0
0 0 0 1 0 1 0 2 1 2 0 0 1 1 0 0 0 0 0 0 2 1 0 0 0 0 0 0 0 0 0 0 0 0
0 0 0 3 2 0 0 1 0 0 1 3 0 1 0 0 0 0 0 0 4 1 0 0 0 0 0 0 0 0 0 0 0 0
0 0 0 1 6 0 0 1 0 2 3 6 0 5 0 0 0 0 0 0 3 2 0 0 0 0 0 0 0 0 0 0 0 0
0 0 0 2 3 0 0 1 0 0 1 3 0 1 0 0 0 0 0 0 4 1 0 0 0 0 0 0 0 0 0 0 0 0
1 0 0 0 1 0 0 0 0 0 0 2 0 2 0 0 0 0 0 0 2 2 0 0 0 0 0 0 0 0 0 0 0 0
0 0 0 1 4 0 0 1 0 0 1 3 0 1 0 0 0 0 0 0 4 1 0 0 0 0 0 0 0 0 0 0 0 0
0 0 0 2 0 0 0 0 0 0 0 4 0 4 0 0 0 0 0 0 2 1 0 0 0 0 0 0 0 0 0 0 0 1
0 0 0 1 3 0 0 1 2 2 0 2 0 1 0 0 0 0 0 0 4 1 0 0 0 0 0 0 0 0 0 0 0 0
0 0 0 2 2 1 0 0 0 1 1 2 0 1 0 0 0 0 0 1 4 1 0 0 0 0 0 0 0 0 0 0 0 0
0 0 0 7 0 0 0 1 4 4 1 33 0 41 0 0 0 1 0 1 1 42 0 0 0 0 0 0 0 0 0 0 0 1
0 0 0 3 1 0 0 0 0 1 0 3 0 4 0 0 0 1 0 0 2 1 0 0 0 0 0 0 0 0 0 0 0 0
0 0 0 1 4 0 0 1 0 0 1 3 0 1 0 0 0 0 0 0 4 1 0 0 0 0 0 0 0 0 0 0 0 0
0 1 0 1 0 0 0 1 0 1 0 0 0 0 0 0 0 0 0 0 1 1 0 0 0 0 0 0 0 0 0 0 0 0
0 0 0 2 0 0 0 3 3 0 0 12 0 2 0 0 0 1 0 1 3 2 0 0 0 0 0 0 0 0 0 0 0 0
0 0 0 1 0 0 0 2 0 3 0 1 2 0 0 0 0 0 0 0 3 1 0 0 0 0 0 0 0 0 0 1 0 0
0 0 0 1 0 0 0 4 2 1 0 4 0 3 0 0 0 0 0 0 2 2 0 0 0 0 0 0 0 0 0 0 0 0
1 0 0 0 1 0 0 0 0 0 0 2 0 2 0 0 0 0 0 0 2 2 0 0 0 0 0 0 0 0 0 0 0 0
0 0 0 1 0 0 0 1 3 2 0 0 1 0 0 0 0 0 0 0 2 1 0 0 0 0 0 0 0 0 0 0 0 0
0 0 0 1 4 0 0 1 0 0 1 3 0 1 0 0 0 0 0 0 4 1 0 0 0 0 0 0 0 0 0 0 0 0
0 0 0 1 0 0 0 5 2 3 0 12 0 3 0 0 0 0 0 0 3 4 0 0 0 0 0 0 0 0 0 0 0 0
0 0 0 0 0 0 0 2 0 2 1 0 0 0 0 0 0 0 0 0 1 1 0 0 0 0 0 0 0 0 0 0 0 0
0 0 0 1 2 0 0 3 0 0 1 3 0 1 0 0 0 0 0 0 4 1 0 0 0 0 0 0 0 0 0 0 0 0
0 0 0 4 1 0 0 3 0 0 0 1 0 2 0 0 0 0 0 0 2 1 0 0 0 0 0 0 0 0 0 0 0 0
1 0 0 0 1 0 0 0 0 0 0 2 0 2 0 0 0 0 0 0 2 2 0 0 0 0 0 0 0 0 0 0 0 0
1 0 0 0 1 0 0 0 0 0 0 2 0 2 0 0 0 0 0 0 2 2 0 0 0 0 0 0 0 0 0 0 0 0
0 0 0 1 3 0 0 0 1 3 1 1 1 1 0 0 0 0 0 0 2 1 0 0 0 0 0 0 0 0 0 0 0 0
0 0 0 1 4 0 0 0 0 0 0 6 0 1 0 0 0 1 0 0 2 1 0 0 0 0 0 0 0 0 0 0 0 0
0 0 0 0 6 0 0 2 0 2 2 7 0 3 0 0 0 0 0 0 3 2 0 0 0 0 0 0 0 0 0 0 0 0
0 0 0 3 0 0 0 2 0 0 0 8 0 10 0 0 0 0 0 0 3 2 0 0 0 0 0 0 0 0 0 0 0 1
1 0 0 0 1 0 0 0 0 0 0 2 0 2 0 0 0 0 0 0 2 2 0 0 0 0 0 0 0 0 0 0 0 0
0 0 0 0 2 0 0 0 1 2 1 3 0 1 0 0 0 0 0 0 4 1 0 0 0 0 0 0 0 0 0 0 0 0
1 0 0 0 1 0 0 0 0 0 0 2 0 2 0 0 0 0 0 0 2 2 0 0 0 0 0 0 0 0 0 0 0 0
0 0 0 0 3 1 0 0 0 1 1 3 0 1 0 0 0 0 0 0 4 1 0 0 0 0 0 0 0 0 0 0 0 0
1 0 0 0 1 0 0 0 0 0 0 2 0 2 0 0 0 0 0 0 2 2 0 0 0 0 0 0 0 0 0 0 0 0
0 0 0 0 0 0 0 0 1 0 0 3 0 6 0 0 0 0 0 1 2 1 0 0 0 0 0 0 0 0 0 0 0 0
1 0 0 0 1 0 0 0 0 0 0 2 0 2 0 0 0 0 0 0 2 2 0 0 0 0 0 0 0 0 0 0 0 0
1 0 0 1 1 0 0 1 0 0 0 1 0 2 0 0 0 1 0 0 2 2 0 0 0 0 0 0 0 0 0 0 0 0
1 0 0 0 1 0 0 2 2 1 0 0 1 1 0 0 0 0 0 0 2 3 0 0 0 0 0 0 0 0 0 0 0 0
0 0 0 0 1 0 0 3 0 1 0 1 0 0 0 0 0 0 0 0 2 1 0 0 0 0 0 0 0 0 0 0 0 0
0 0 0 0 2 0 0 2 1 3 0 3 0 3 0 0 0 0 0 1 3 1 0 0 0 0 0 0 0 0 0 0 0 0
0 0 0 1 8 0 0 2 0 2 3 4 0 4 0 0 0 0 0 1 3 3 0 0 0 0 0 0 0 0 0 0 0 0
0 0 0 0 0 0 0 1 0 1 0 2 1 1 0 0 0 0 0 0 1 1 0 0 0 0 0 0 0 0 0 0 0 0
0 0 0 1 0 0 0 2 0 0 0 3 0 9 0 0 0 0 0 1 3 1 0 0 0 0 0 0 0 0 0 0 0 0
0 0 0 0 2 0 0 4 0 0 0 7 0 9 0 0 0 0 0 0 3 4 0 0 0 0 0 0 0 0 0 0 0 0
0 0 0 1 0 0 0 1 0 0 0 9 0 9 0 0 0 1 0 0 3 2 0 0 0 0 0 0 0 0 0 0 0 0
0 0 0 3 0 0 0 4 0 0 0 1 2 3 0 0 0 0 0 0 2 3 0 0 0 0 0 0 0 0 0 0 0 0
0 0 0 1 0 0 0 2 0 3 0 0 4 1 0 0 0 0 0 0 3 1 0 0 0 0 0 0 0 0 0 0 0 0
1 0 0 0 1 0 0 0 2 0 0 1 0 1 0 0 0 0 0 0 2 2 0 0 0 0 0 0 0 0 0 0 0 0
0 0 0 0 3 0 0 0 1 2 0 3 0 1 0 0 0 0 0 0 4 1 0 0 0 0 0 0 0 0 0 0 0 0
0 0 0 1 1 0 0 2 0 2 0 1 0 2 0 0 0 0 0 0 3 1 0 0 0 0 0 0 0 0 0 1 0 0
1 0 0 0 1 0 0 0 0 0 0 2 0 2 0 0 0 0 0 0 2 2 0 0 0 0 0 0 0 0 0 0 0 0
1 0 0 0 1 0 0 0 0 0 0 2 0 2 0 0 0 0 0 0 2 2 0 0 0 0 0 0 0 0 0 0 0 0
0 0 0 2 6 0 0 3 1 2 2 4 0 3 0 0 0 0 0 2 3 4 0 0 0 0 0 0 0 0 0 0 0 0
0 0 0 0 0 0 1 0 0 0 0 9 0 0 0 0 0 1 0 0 2 1 0 0 0 0 0 0 0 0 0 0 0 0
1 0 0 0 1 0 0 0 0 0 0 2 0 2 0 0 0 0 0 0 2 2 0 0 0 0 0 0 0 0 0 0 0 0
1 0 0 0 0 0 0 1 0 0 0 1 0 1 0 0 0 0 0 0 2 1 0 0 0 0 0 0 0 0 0 0 0 0
0 0 0 4 0 0 0 3 1 0 0 3 0 2 0 0 0 0 0 2 2 3 0 0 0 0 0 0 0 0 0 0 0 0
0 0 0 5 0 0 0 3 0 1 0 13 0 3 0 0 0 0 0 1 3 2 0 0 0 0 0 0 0 0 0 0 0 0
0 0 0 0 0 0 0 3 0 3 0 1 3 1 0 0 0 0 0 0 3 1 0 0 0 0 0 0 0 0 0 0 0 0
1 0 0 0 1 0 0 0 0 0 0 2 0 2 0 0 0 0 0 0 2 2 0 0 0 0 0 0 0 0 0 0 0 0
0 0 0 1 2 0 0 3 1 0 0 6 0 0 0 0 0 0 0 0 2 1 0 0 0 0 0 0 0 0 0 0 0 0
1 0 0 0 1 0 0 0 0 0 0 2 0 2 0 0 0 0 0 0 2 2 0 0 0 0 0 0 0 0 0 0 0 0
0 0 0 2 1 0 0 4 2 1 0 0 2 2 0 0 0 0 0 0 2 3 0 0 0 0 0 0 0 0 0 0 0 0
0 0 0 2 0 0 0 4 0 0 0 2 0 1 0 0 0 0 0 0 2 1 0 0 0 0 0 0 0 0 0 0 0 0
0 0 0 1 0 0 0 2 1 3 0 0 3 1 0 0 0 0 0 0 3 1 0 0 0 0 0 0 0 0 0 1 0 0
1 0 0 0 1 0 0 0 0 0 0 2 0 2 0 0 0 0 0 0 2 2 0 0 0 0 0 0 0 0 0 0 0 0
0 0 0 0 7 0 0 2 0 3 2 6 0 4 0 0 0 0 0 0 3 2 0 0 0 0 0 0 0 0 0 0 0 0
0 0 0 1 2 0 0 1 0 1 2 2 0 1 0 0 0 0 0 1 4 1 0 0 0 0 0 0 0 0 0 0 0 0
0 0 0 1 1 0 0 2 0 1 0 1 0 0 0 0 0 0 0 0 2 1 0 0 0 0 0 0 0 0 0 0 0 0
0 0 0 1 0 0 0 2 0 1 0 8 1 0 0 0 0 0 0 0 2 2 0 0 0 0 0 0 0 0 0 0 0 0
0 0 0 0 2 0 0 0 1 2 1 3 0 1 0 0 0 0 0 0 4 1 0 0 0 0 0 0 0 0 0 0 0 0
0 0 0 0 1 0 0 1 0 1 0 9 0 9 0 0 0 0 0 0 3 2 0 0 0 0 0 0 0 0 0 0 0 0
1 0 0 1 1 0 0 0 0 0 0 1 0 2 0 0 0 0 0 1 2 2 0 0 0 0 0 0 0 0 0 0 0 0
0 0 0 0 3 0 0 1 0 2 2 3 0 1 0 0 0 0 0 0 4 1 0 0 0 0 0 0 0 0 0 0 0 0
0 0 0 0 7 0 1 2 0 2 3 6 0 3 0 0 0 0 0 0 3 2 0 0 0 0 0 0 0 0 0 0 0 0
1 0 0 0 1 0 0 0 0 0 0 2 0 2 0 0 0 0 0 0 2 2 0 0 0 0 0 0 0 0 0 0 0 0
0 0 0 1 2 0 0 5 1 2 1 2 0 4 0 0 0 1 0 0 4 1 0 0 0 0 0 0 0 0 0 0 0 0
0 0 0 0 0 0 0 2 4 1 0 0 3 0 0 0 0 0 0 0 1 3 0 0 0 0 0 0 0 0 0 0 0 0
0 0 0 1 2 0 0 3 0 0 1 3 0 1 0 0 0 0 0 0 4 1 0 0 0 0 0 0 0 0 0 0 0 0
1 0 0 0 1 0 0 2 0 1 0 0 2 1 0 0 0 0 0 0 2 3 0 0 0 0 0 0 0 0 0 0 0 0
0 0 0 0 1 0 0 2 1 1 0 0 1 2 0 0 0 0 0 0 1 1 0 0 0 0 0 0 0 0 0 0 0 0
0 0 0 1 2 1 0 0 0 1 1 3 0 1 0 0 0 0 0 0 4 1 0 0 0 0 0 0 0 0 0 0 0 0
0 0 0 5 0 0 0 3 3 1 0 1 0 3 0 0 0 0 0 0 2 2 0 0 0 0 0 0 0 0 0 0 0 0
0 0 0 1 0 0 0 1 1 1 0 0 0 0 0 0 0 0 0 0 1 1 0 0 0 0 0 0 0 0 0 0 0 0
0 0 0 0 3 0 0 0 0 4 1 3 0 1 0 0 0 0 0 0 4 1 0 0 0 0 0 0 0 0 0 0 0 0
0 0 0 1 1 0 0 0 2 3 0 0 0 0 0 0 0 0 0 0 2 1 0 0 0 0 0 0 0 0 0 0 0 0
1 0 0 0 0 0 0 1 0 0 0 1 0 1 0 0 0 0 0 0 2 1 0 0 0 0 0 0 0 0 0 0 0 0
0 0 0 0 2 0 0 3 0 2 0 3 0 0 0 0 0 0 0 0 2 1 0 0 0 0 0 0 0 0 0 0 0 0
0 0 0 0 2 0 0 0 0 4 0 3 0 1 0 0 0 0 0 0 4 1 0 0 0 0 0 0 0 0 0 0 0 0
0 0 0 3 3 0 0 4 0 0 0 3 0 1 0 0 0 0 0 0 2 3 0 0 0 0 0 0 0 0 0 0 0 0
1 0 0 1 1 0 0 0 0 2 0 1 0 2 0 0 0 0 0 1 2 2 0 0 0 0 0 0 0 0 0 0 0 0
0 0 0 1 2 0 0 1 0 0 0 6 0 1 0 0 0 2 0 0 2 1 0 0 0 0 0 0 0 0 0 0 0 0
0 0 0 0 1 0 0 2 1 1 0 0 0 0 0 0 0 0 0 0 2 1 0 0 0 0 0 0 0 0 0 1 0 0
1 0 0 0 1 0 0 0 0 0 0 2 0 2 0 0 0 0 0 0 2 2 0 0 0 0 0 0 0 0 0 0 0 0
0 0 0 2 3 0 0 3 0 2 0 2 0 1 0 0 0 0 0 1 2 1 0 0 0 0 0 0 0 0 0 0 0 0
0 0 0 1 3 0 0 0 0 2 1 2 0 2 0 0 0 0 0 0 4 1 0 0 0 0 0 0 0 0 0 0 0 0
0 1 0 1 0 0 0 0 1 2 0 0 0 0 0 0 0 0 0 0 2 1 0 0 0 0 0 0 0 0 0 0 0 0
0 0 0 1 4 0 0 5 0 1 2 0 0 2 0 0 0 0 0 0 2 1 0 0 0 0 0 0 0 0 0 0 0 0
1 0 0 0 1 0 0 0 0 0 0 2 0 2 0 0 0 0 0 0 2 2 0 0 0 0 0 0 0 0 0 0 0 0
1 0 0 0 1 0 0 0 1 2 0 0 0 0 0 0 0 0 0 0 2 1 0 0 0 0 0 0 0 0 0 0 0 0
0 0 0 0 0 0 0 0 0 0 0 10 0 8 0 0 0 1 0 0 3 2 0 0 0 0 0 0 0 0 0 0 0 0
0 0 0 2 1 0 0 0 1 3 0 0 5 5 0 0 0 0 0 0 1 5 0 0 0 0 0 0 0 0 0 1 0 0
0 0 0 0 3 1 0 0 0 1 1 3 0 1 0 0 0 0 0 0 4 1 0 0 0 0 0 0 0 0 0 0 0 0
0 0 0 0 0 0 0 5 1 0 0 6 0 1 0 0 0 0 0 0 2 1 0 0 0 0 0 0 0 0 0 0 0 0
0 0 0 2 3 0 0 1 0 0 1 3 0 1 0 0 0 0 0 0 4 1 0 0 0 0 0 0 0 0 0 0 0 0
0 0 0 0 2 0 0 0 1 2 0 2 0 1 0 0 0 0 0 0 4 1 0 0 0 0 0 0 0 0 0 0 0 1
1 0 0 0 1 0 0 0 0 0 0 2 0 2 0 0 0 0 0 0 2 2 0 0 0 0 0 0 0 0 0 0 0 0
1 0 0 0 1 0 0 2 0 0 0 0 0 2 0 0 0 0 0 0 2 1 0 0 0 0 0 0 0 0 0 0 0 0
0 0 0 0 1 0 0 2 1 1 0 0 0 0 0 0 0 0 0 0 2 1 0 0 0 0 0 0 0 0 0 1 0 0
0 0 0 0 1 0 0 0 3 1 0 0 0 1 0 0 0 0 0 0 1 1 0 0 0 0 0 0 0 0 0 0 0 0
0 0 0 1 0 0 0 1 1 1 0 0 1 0 0 0 0 0 0 0 1 1 0 0 0 0 0 0 0 0 0 0 0 0
0 0 0 1 7 0 0 0 0 1 1 0 0 8 0 0 0 0 0 0 1 8 0 0 0 0 0 0 0 0 0 1 0 0
0 0 0 0 2 1 0 0 0 1 2 3 0 1 0 0 0 0 0 0 4 1 0 0 0 0 0 0 0 0 0 0 0 0
0 0 0 1 0 0 0 1 0 1 0 0 1 1 0 0 0 0 0 0 1 1 0 0 0 0 0 0 0 0 0 0 0 0
1 0 0 0 1 0 0 0 0 0 0 2 0 2 0 0 0 0 0 0 2 2 0 0 0 0 0 0 0 0 0 0 0 0
0 0 0 2 6 0 0 4 0 2 3 4 0 4 0 0 0 0 0 0 3 4 0 0 0 0 0 0 0 0 0 0 0 0
0 0 0 1 2 1 0 0 0 1 1 3 0 1 0 0 0 0 0 0 4 1 0 0 0 0 0 0 0 0 0 0 0 0
1 0 0 0 1 0 0 0 0 0 0 2 0 2 0 0 0 0 0 0 2 2 0 0 0 0 0 0 0 0 0 0 0 0
1 0 0 0 1 0 0 0 0 0 0 2 0 2 0 0 0 0 0 0 2 2 0 0 0 0 0 0 0 0 0 0 0 0
0 0 0 1 6 0 0 0 0 2 4 6 0 4 0 0 0 0 0 0 3 2 0 0 0 0 0 0 0 0 0 0 0 0
0 0 0 1 1 0 0 1 3 1 1 0 0 0 0 0 0 0 0 0 2 1 0 0 0 0 0 0 0 0 0 0 0 0
0 0 0 0 3 1 0 0 0 1 1 3 0 1 0 0 0 0 0 0 4 1 0 0 0 0 0 0 0 0 0 0 0 0
0 0 0 2 0 0 0 0 0 0 0 8 0 11 0 0 0 0 0 0 3 2 0 0 0 0 0 0 0 0 0 0 0 0
1 0 0 0 1 0 0 0 0 0 0 2 0 2 0 0 0 0 0 0 2 2 0 0 0 0 0 0 0 0 0 0 0 0
0 0 0 0 0 0 0 1 0 1 0 4 0 0 0 0 0 1 0 0 1 1 0 0 0 0 0 0 0 0 0 0 0 0
0 0 0 1 0 0 0 1 1 1 0 4 1 2 0 0 0 0 0 0 3 1 0 0 0 0 0 0 0 0 0 0 0 0
1 0 0 1 0 1 0 1 1 2 2 0 0 65 0 0 0 1 0 0 2 3 0 0 0 0 0 0 0 0 0 0 0 0
0 0 0 1 1 0 0 3 0 0 0 9 0 2 0 0 0 1 0 0 3 1 0 0 0 0 0 0 0 0 0 0 0 0
0 0 0 1 2 0 0 2 2 4 0 2 0 1 0 0 0 0 0 1 3 1 0 0 0 0 0 0 0 0 0 0 0 0
1 0 0 0 1 0 0 0 0 0 0 1 0 2 0 0 0 0 0 0 2 2 0 0 0 0 0 0 0 0 0 0 0 1
0 0 0 1 7 0 0 1 0 2 3 5 0 6 0 0 0 1 0 0 3 2 0 0 0 0 0 0 0 0 0 0 0 0
0 0 0 1 1 0 0 2 3 0 1 0 0 0 0 0 0 0 0 0 2 1 0 0 0 0 0 0 0 0 0 0 0 0
0 0 0 1 0 0 0 2 1 1 0 0 0 0 0 0 0 0 0 0 2 1 0 0 0 0 0 0 0 0 0 1 0 0
0 0 0 1 5 0 0 2 1 0 1 2 0 1 0 0 0 0 0 0 4 1 0 0 0 0 0 0 0 0 0 0 0 0
0 0 0 5 2 0 0 4 0 1 0 9 0 3 0 0 0 0 0 0 3 3 0 0 0 0 0 0 0 0 0 0 0 0
1 0 0 0 1 0 0 0 0 0 0 2 0 2 0 0 0 0 0 0 2 2 0 0 0 0 0 0 0 0 0 0 0 0
1 0 0 0 1 0 0 0 0 0 0 2 0 2 0 0 0 0 0 0 2 2 0 0 0 0 0 0 0 0 0 0 0 0
1 0 0 0 1 0 0 0 0 0 0 2 0 2 0 0 0 0 0 0 2 2 0 0 0 0 0 0 0 0 0 0 0 0
0 0 0 0 0 1 0 3 1 1 0 0 1 1 0 0 0 0 0 0 1 1 0 0 0 0 0 0 0 0 0 0 0 0
0 0 0 7 1 0 0 5 2 0 0 28 0 35 0 0 0 1 0 2 2 35 0 0 0 0 0 0 0 0 0 0 0 1
0 0 0 0 2 0 1 3 1 3 0 0 1 1 0 0 0 0 0 0 4 2 0 0 0 0 0 0 0 0 0 0 0 0
0 0 0 0 3 0 0 4 1 0 0 0 1 2 0 0 0 2 0 0 3 1 0 0 0 0 0 0 0 0 0 0 0 0
0 0 0 5 2 0 0 2 0 1 1 1 0 1 0 0 0 1 0 0 4 3 0 0 0 0 0 0 0 0 0 0 0 0
1 0 0 1 1 0 0 2 0 0 0 1 0 2 0 0 0 0 0 0 2 2 0 0 0 0 0 0 0 0 0 0 0 0
0 0 0 4 0 0 0 3 0 0 1 30 0 32 0 0 0 1 0 0 2 33 0 0 0 0 0 0 0 0 0 0 0 1
0 0 0 2 1 0 0 1 0 1 0 3 0 3 0 0 0 0 0 0 2 1 0 0 0 0 0 0 0 0 0 0 0 0
0 0 0 3 0 0 0 2 0 0 0 6 0 2 0 0 0 1 0 0 2 1 0 0 0 0 0 0 0 0 0 0 0 0
0 0 0 3 0 0 0 3 1 0 0 11 0 3 0 0 0 3 0 0 3 4 0 0 0 0 0 0 0 0 0 0 0 0
0 0 0 1 2 0 0 3 0 0 1 3 0 1 0 0 0 0 0 0 4 1 0 0 0 0 0 0 0 0 0 0 0 0
1 0 0 0 0 0 0 0 1 1 0 1 0 0 0 0 0 0 0 0 1 1 0 0 0 0 0 0 0 0 0 0 0 0
0 0 0 0 2 0 0 0 0 4 0 3 0 1 0 0 0 0 0 0 4 1 0 0 0 0 0 0 0 0 0 0 0 0
0 0 0 1 4 0 0 4 1 0 1 0 0 1 0 0 0 0 0 2 4 3 0 0 0 0 0 0 0 0 0 0 0 0
1 0 0 0 1 0 0 0 0 0 0 2 0 2 0 0 0 0 0 0 2 2 0 0 0 0 0 0 0 0 0 0 0 0
0 0 0 2 0 0 0 3 1 1 0 4 0 1 0 0 0 3 0 1 2 3 0 0 0 0 0 0 0 0 0 0 0 0
0 0 0 2 0 1 0 0 2 2 1 0 0 63 0 0 0 1 0 0 2 2 0 0 0 0 0 0 0 0 0 0 0 0
0 0 0 1 1 0 0 2 0 1 0 1 0 0 0 0 0 0 0 0 1 1 0 0 0 0 0 0 0 0 0 0 0 0
0 0 0 16 1 1 0 0 1 1 0 0 17 2 0 0 0 0 0 0 1 17 0 0 0 0 0 0 0 0 0 0 0 0
0 0 0 1 0 0 0 1 0 1 0 11 0 6 0 0 0 1 0 0 3 2 0 0 0 0 0 0 0 0 0 0 0 0
0 0 0 1 4 0 0 1 0 3 3 6 0 5 0 0 0 0 0 0 3 2 0 0 0 0 0 0 0 0 0 0 0 0
1 0 0 2 1 0 0 2 1 0 0 0 0 3 0 0 0 0 0 0 2 2 0 0 0 0 0 0 0 0 0 0 0 0
1 0 0 0 1 0 0 0 0 0 0 2 0 2 0 0 0 0 0 0 2 2 0 0 0 0 0 0 0 0 0 0 0 0
0 0 0 0 2 0 0 2 0 2 1 2 0 2 0 0 0 2 0 0 2 2 0 0 0 0 0 0 0 0 0 0 0 0
0 0 0 4 1 0 0 5 0 0 0 12 0 0 0 0 0 3 0 1 3 6 0 0 0 0 0 0 0 0 0 0 0 0
0 0 0 1 0 0 0 2 1 1 0 0 2 3 0 0 0 0 0 0 3 2 0 0 0 0 0 0 0 0 0 0 0 0
0 0 0 2 2 0 0 1 0 0 2 3 0 1 0 0 0 0 0 0 4 1 0 0 0 0 0 0 0 0 0 0 0 0
1 0 0 0 1 0 0 0 0 0 0 2 0 2 0 0 0 0 0 0 2 2 0 0 0 0 0 0 0 0 0 0 0 0
0 0 0 0 2 1 0 0 0 1 2 3 0 1 0 0 0 0 0 0 4 1 0 0 0 0 0 0 0 0 0 0 0 0
0 0 0 0 2 1 0 0 0 1 2 3 0 1 0 0 0 0 0 0 4 1 0 0 0 0 0 0 0 0 0 0 0 0
1 0 0 0 1 0 0 0 0 0 0 2 0 2 0 0 0 0 0 0 2 2 0 0 0 0 0 0 0 0 0 0 0 0
1 0 0 0 1 0 0 0 0 0 0 2 0 2 0 0 0 0 0 0 2 2 0 0 0 0 0 0 0 0 0 0 0 0
1 0 0 0 1 0 0 0 0 0 0 2 0 2 0 0 0 0 0 0 2 2 0 0 0 0 0 0 0 0 0 0 0 0
1 0 0 0 1 0 0 0 0 0 0 2 0 2 0 0 0 0 0 0 2 2 0 0 0 0 0 0 0 0 0 0 0 0
0 0 0 5 0 0 0 4 1 1 0 5 0 3 0 0 0 4 0 1 3 5 0 0 0 0 0 0 0 0 0 0 0 0
0 0 0 0 2 0 0 1 0 0 0 6 0 1 0 0 0 1 0 1 2 1 0 0 0 0 0 0 0 0 0 0 0 0
1 0 0 0 1 0 0 0 0 0 0 2 0 2 0 0 0 0 0 0 2 2 0 0 0 0 0 0 0 0 0 0 0 0
0 0 0 3 0 0 0 2 2 2 0 3 0 1 0 0 0 1 0 1 2 2 0 0 0 0 0 0 0 0 0 0 0 0
0 0 0 0 0 0 0 2 3 3 0 0 2 1 0 0 0 0 0 0 2 3 0 0 0 0 0 0 0 0 0 0 0 0
1 0 0 0 1 0 0 0 0 0 0 2 0 2 0 0 0 0 0 0 2 2 0 0 0 0 0 0 0 0 0 0 0 0
0 0 0 4 1 0 0 1 0 0 0 6 0 2 0 0 0 0 0 0 2 1 0 0 0 0 0 0 0 0 0 0 0 0
1 0 0 0 1 0 0 0 0 0 0 2 0 2 0 0 0 0 0 0 2 2 0 0 0 0 0 0 0 0 0 0 0 0
1 1 0 2 0 0 0 2 0 0 0 0 2 0 0 0 0 0 0 0 3 1 0 0 0 0 0 0 0 0 0 1 0 0
1 0 0 0 1 0 0 0 0 0 0 2 0 2 0 0 0 0 0 0 2 2 0 0 0 0 0 0 0 0 0 0 0 0
0 0 0 0 0 0 0 2 0 1 0 0 2 1 0 0 0 0 0 0 1 1 0 0 0 0 0 0 0 0 0 0 0 0
0 0 0 0 2 0 0 0 1 2 0 2 0 1 0 0 0 0 0 0 4 1 0 0 0 0 0 0 0 0 0 0 0 1
1 0 0 1 1 0 0 0 0 0 0 1 0 3 0 0 0 0 0 0 2 2 0 0 0 0 0 0 0 0 0 0 0 0
1 0 0 0 0 0 0 0 0 1 0 3 0 2 0 0 0 1 0 0 1 3 0 0 0 0 0 0 0 0 0 0 0 0
0 0 0 1 2 0 0 0 0 1 1 3 0 2 0 0 0 0 0 0 4 1 0 0 0 0 0 0 0 0 0 0 0 0
0 0 0 4 1 0 0 1 0 0 0 13 0 3 0 0 0 2 0 0 3 2 0 0 0 0 0 0 0 0 0 0 0 0
0 0 0 0 3 0 0 0 1 1 1 3 0 1 0 0 0 0 0 0 4 1 0 0 0 0 0 0 0 0 0 0 0 0
0 0 0 2 4 0 0 0 1 3 2 5 0 3 0 0 0 3 0 0 3 4 0 0 0 0 0 0 0 0 0 0 0 0
0 0 0 3 0 0 0 2 3 2 0 4 0 2 0 1 0 0 0 0 2 2 0 0 0 0 0 0 0 0 0 0 0 0
0 0 0 4 1 0 0 2 1 0 0 3 0 1 0 0 0 2 0 0 2 2 0 0 0 0 0 0 0 0 0 0 0 0
0 0 0 1 0 0 0 1 0 1 0 2 2 1 0 0 0 0 0 0 1 2 0 0 0 0 0 0 0 0 0 0 0 0
0 0 0 1 3 0 0 4 0 3 0 1 0 1 0 0 0 0 0 0 4 3 0 0 0 0 0 0 0 0 0 0 0 0
0 0 0 0 2 0 0 1 0 1 2 3 0 1 0 0 0 0 0 0 4 1 0 0 0 0 0 0 0 0 0 0 0 0
0 0 0 3 1 0 0 3 1 0 0 1 2 3 0 0 0 0 0 0 2 3 0 0 0 0 0 0 0 0 0 0 0 0
0 0 0 2 0 0 0 0 0 0 0 6 0 3 0 0 0 0 0 0 2 1 0 0 0 0 0 0 0 0 0 0 0 0
1 0 0 0 2 0 0 2 0 0 0 1 0 2 0 0 0 0 0 0 2 2 0 0 0 0 0 0 0 0 0 0 0 0
0 0 0 5 0 0 0 1 0 1 0 6 0 0 0 0 0 0 0 1 2 1 0 0 0 0 0 0 0 0 0 0 0 0
0 0 0 0 2 0 0 1 0 0 0 14 0 3 0 0 0 0 0 0 3 2 0 0 0 0 0 0 0 0 0 0 0 1
1 0 0 0 1 0 0 0 0 0 0 2 0 2 0 0 0 0 0 0 2 2 0 0 0 0 0 0 0 0 0 0 0 0
0 0 0 0 2 0 0 0 1 2 1 3 0 1 0 0 0 0 0 0 4 1 0 0 0 0 0 0 0 0 0 0 0 0
0 0 0 0 3 1 0 0 0 1 1 3 0 1 0 0 0 0 0 0 4 1 0 0 0 0 0 0 0 0 0 0 0 0
0 0 0 3 0 0 0 2 1 2 0 8 0 6 0 0 0 3 0 0 3 4 0 0 0 0 0 0 0 0 0 0 0 0
1 0 0 0 1 0 0 0 0 0 0 2 0 2 0 0 0 0 0 0 2 2 0 0 0 0 0 0 0 0 0 0 0 0
0 0 0 0 9 0 0 3 0 1 2 5 0 6 0 0 0 0 0 0 3 2 0 0 0 0 0 0 0 0 0 0 0 0
0 0 0 2 3 0 0 1 0 0 1 3 0 1 0 0 0 0 0 0 4 1 0 0 0 0 0 0 0 0 0 0 0 0
1 0 0 0 1 0 0 0 0 0 0 2 0 2 0 0 0 0 0 0 2 2 0 0 0 0 0 0 0 0 0 0 0 0
1 0 0 1 0 1 0 1 0 1 0 0 1 1 0 0 0 0 0 0 2 3 0 0 0 0 0 0 0 0 0 2 0 0
1 0 0 0 0 0 0 1 1 2 0 0 1 1 0 0 0 0 0 0 2 2 0 0 0 0 0 0 0 0 0 0 0 0
0 0 0 1 2 0 0 0 0 1 1 3 0 2 0 0 0 0 0 0 4 1 0 0 0 0 0 0 0 0 0 0 0 0
0 0 0 3 1 0 1 2 0 0 0 9 0 1 0 1 0 2 0 0 4 1 0 0 0 0 0 0 0 0 0 0 0 0
0 0 0 1 1 0 0 1 2 2 1 0 0 0 0 0 0 0 0 0 2 1 0 0 0 0 0 0 0 0 0 0 0 0
0 0 0 1 3 0 0 1 1 2 1 2 0 1 0 0 0 0 0 0 4 1 0 0 0 0 0 0 0 0 0 0 0 0
1 0 0 0 1 0 0 0 0 0 0 2 0 2 0 0 0 0 0 0 2 2 0 0 0 0 0 0 0 0 0 0 0 0
0 0 0 1 1 0 0 0 2 3 0 0 0 0 0 0 0 0 0 0 2 1 0 0 0 0 0 0 0 0 0 0 0 0
0 0 0 0 0 0 0 4 5 0 0 0 2 3 0 0 0 0 0 0 3 1 0 0 0 0 0 0 0 0 0 0 0 0
0 0 0 4 4 0 0 1 0 2 2 3 0 8 0 0 0 1 0 0 3 2 0 0 0 0 0 0 0 0 0 0 0 1
0 0 0 0 0 0 0 0 0 0 0 16 0 1 0 0 0 0 0 1 3 2 0 0 0 0 0 0 0 0 0 0 0 1
0 0 0 1 0 0 0 1 2 5 0 0 3 7 0 0 0 0 0 0 3 2 0 0 0 0 0 0 0 0 0 0 0 0
0 0 0 0 3 1 0 0 0 1 1 3 0 1 0 0 0 0 0 0 4 1 0 0 0 0 0 0 0 0 0 0 0 0
0 0 0 4 1 0 0 5 0 1 0 9 0 1 0 0 0 3 0 0 3 5 0 0 0 0 0 0 0 0 0 0 0 0
0 0 0 0 2 0 1 6 2 2 1 2 1 7 0 0 0 0 0 0 3 4 0 0 0 0 0 0 0 0 0 0 0 1
0 0 0 1 2 0 1 0 0 2 1 3 0 1 0 0 0 0 0 0 4 1 0 0 0 0 0 0 0 0 0 0 0 0
0 0 0 0 2 0 0 0 1 2 0 3 0 1 0 0 0 0 0 0 4 1 0 0 0 0 0 0 0 0 0 0 0 0
0 0 0 0 3 1 0 0 0 1 1 3 0 1 0 0 0 0 0 0 4 1 0 0 0 0 0 0 0 0 0 0 0 0
0 0 0 1 2 0 0 0 0 2 1 3 0 1 0 0 0 0 0 0 4 1 0 0 0 0 0 0 0 0 0 0 0 0
0 0 0 1 1 0 0 3 0 0 0 5 0 3 0 0 0 0 0 0 2 2 0 0 0 0 0 0 0 0 0 0 0 0
0 0 0 0 2 0 0 1 0 0 3 3 0 1 0 0 0 0 0 0 4 1 0 0 0 0 0 0 0 0 0 0 0 0
1 0 0 0 1 0 0 0 0 0 0 2 0 2 0 0 0 0 0 0 2 2 0 0 0 0 0 0 0 0 0 0 0 0
0 0 0 0 0 0 0 1 0 1 0 0 1 2 0 0 0 0 0 0 1 1 0 0 0 0 0 0 0 0 0 0 0 0
0 0 0 0 1 0 0 1 1 2 1 3 0 1 0 0 0 0 0 0 4 1 0 0 0 0 0 0 0 0 0 0 0 0
1 0 0 0 1 0 0 0 0 0 0 2 0 2 0 0 0 0 0 0 2 2 0 0 0 0 0 0 0 0 0 0 0 0
1 0 0 0 1 0 0 0 0 0 0 2 0 2 0 0 0 0 0 0 2 2 0 0 0 0 0 0 0 0 0 0 0 0
0 0 0 1 1 0 1 3 2 3 0 7 1 1 0 0 0 0 0 0 2 4 0 0 0 0 0 0 0 0 0 0 0 0
0 0 0 2 2 1 0 0 0 1 1 2 0 2 0 0 0 1 0 0 4 1 0 0 0 0 0 0 0 0 0 0 0 0
0 0 0 2 0 0 0 0 2 3 0 1 0 0 0 0 0 0 0 0 2 1 0 0 0 0 0 0 0 0 0 0 0 0
0 0 0 0 0 0 0 5 1 2 0 2 3 1 0 0 0 0 0 0 2 2 0 0 0 0 0 0 0 0 0 0 0 0
1 0 0 0 1 0 0 0 0 0 0 2 0 2 0 0 0 0 0 0 2 2 0 0 0 0 0 0 0 0 0 0 0 0
0 0 0 0 3 0 0 0 0 3 0 3 0 1 0 0 0 0 0 0 4 1 0 0 0 0 0 0 0 0 0 0 0 0
1 0 0 1 1 0 0 0 0 1 0 1 0 2 0 0 0 0 0 0 2 2 0 0 0 0 0 0 0 0 0 0 0 0
0 0 0 1 3 0 0 1 0 0 3 2 0 1 0 0 0 1 0 0 4 2 0 0 0 0 0 0 0 0 0 0 0 0
0 1 0 1 0 0 0 0 1 2 0 0 0 0 0 0 0 0 0 0 2 1 0 0 0 0 0 0 0 0 0 0 0 0
0 0 0 2 0 0 0 0 0 1 0 8 0 10 0 0 0 1 0 0 3 2 0 0 0 0 0 0 0 0 0 0 0 0
0 0 0 1 0 0 0 2 1 1 0 0 2 3 0 0 0 0 0 0 3 2 0 0 0 0 0 0 0 0 0 0 0 0
0 0 0 0 1 0 0 2 0 0 0 8 0 0 0 0 0 0 0 0 2 1 0 0 0 0 0 0 0 0 0 0 0 0
0 0 0 1 0 0 0 2 0 1 0 8 0 1 0 0 0 1 0 1 3 1 0 0 0 0 0 0 0 0 0 0 0 0
0 0 0 0 2 0 0 0 2 5 1 7 0 1 0 0 0 0 0 0 3 2 0 0 0 0 0 0 0 0 0 0 0 0
0 0 0 2 0 0 0 8 0 4 0 10 0 1 0 0 0 0 0 0 3 4 0 0 0 0 0 0 0 0 0 0 0 0
0 0 0 0 1 0 0 2 1 2 1 3 0 2 0 0 0 0 0 0 4 1 0 0 0 0 0 0 0 0 0 0 0 0
0 0 0 5 2 0 0 1 0 0 1 1 0 1 0 0 0 0 0 1 4 2 0 0 0 0 0 0 0 0 0 0 0 0
0 0 0 0 6 0 0 0 0 4 2 7 0 3 0 0 0 0 0 0 3 2 0 0 0 0 0 0 0 0 0 0 0 0
0 0 0 1 1 0 0 1 1 1 0 0 0 0 0 0 0 1 0 0 1 1 0 0 0 0 0 0 0 0 0 0 0 0
0 0 0 0 0 0 1 6 2 2 0 9 1 4 0 0 0 0 0 0 3 4 0 0 0 0 0 0 0 0 0 0 0 2
0 0 0 3 0 0 0 4 0 0 0 11 0 1 0 0 0 0 0 0 3 2 0 0 0 0 0 0 0 0 0 0 0 0
1 0 0 0 1 0 0 1 1 0 1 0 0 130 0 0 0 2 0 0 2 2 0 0 0 0 0 0 0 0 0 0 0 0
0 0 0 1 6 0 0 0 0 2 3 6 0 5 0 0 0 0 0 0 3 2 0 0 0 0 0 0 0 0 0 0 0 0
0 0 0 1 0 0 0 1 1 1 0 0 1 0 0 0 0 0 0 0 1 1 0 0 0 0 0 0 0 0 0 0 0 0
0 0 0 1 2 1 0 0 0 1 1 3 0 1 0 0 0 0 0 0 4 1 0 0 0 0 0 0 0 0 0 0 0 0
0 0 0 0 4 0 0 4 0 1 2 7 0 2 0 0 0 0 0 0 3 2 0 0 0 0 0 0 0 0 0 0 0 0
0 0 0 1 1 0 0 2 0 1 0 1 0 0 0 0 0 0 0 0 2 1 0 0 0 0 0 0 0 0 0 0 0 0
0 0 0 0 3 1 0 0 0 1 1 3 0 1 0 0 0 0 0 0 4 1 0 0 0 0 0 0 0 0 0 0 0 0
0 0 0 0 2 0 0 0 3 1 0 0 0 1 0 0 0 0 0 0 2 1 0 0 0 0 0 0 0 0 0 0 0 0
0 0 0 0 0 0 0 4 5 2 0 0 3 4 0 0 0 0 0 0 3 2 0 0 0 0 0 0 0 0 0 0 0 0
1 0 0 0 1 0 0 0 0 0 0 2 0 2 0 0 0 0 0 0 2 2 0 0 0 0 0 0 0 0 0 0 0 0
1 0 0 0 1 0 0 0 0 0 0 2 0 2 0 0 0 0 0 0 2 2 0 0 0 0 0 0 0 0 0 0 0 0
1 0 0 0 1 0 0 0 0 0 0 2 0 2 0 0 0 0 0 0 2 2 0 0 0 0 0 0 0 0 0 0 0 0
1 0 0 0 1 0 0 0 0 2 0 2 0 2 0 0 0 0 0 0 2 2 0 0 0 0 0 0 0 0 0 0 0 0
0 0 0 0 2 0 0 3 0 0 0 8 0 8 0 0 0 0 0 0 3 4 0 0 0 0 0 0 0 0 0 0 0 1
0 0 0 1 2 0 0 2 1 2 0 3 0 3 0 0 0 0 0 1 3 1 0 0 0 0 0 0 0 0 0 0 0 0
0 0 0 0 0 0 0 2 3 1 0 0 0 0 0 0 0 0 0 0 1 1 0 0 0 0 0 0 0 0 0 0 0 0
0 0 0 2 0 0 0 3 2 1 0 0 0 1 0 0 0 0 0 0 1 2 0 0 0 0 0 0 0 0 0 0 0 0
0 0 0 1 0 0 0 1 1 1 0 0 1 0 0 0 0 0 0 0 1 1 0 0 0 0 0 0 0 0 0 0 0 0
0 0 0 1 0 0 0 0 1 0 0 8 0 0 0 0 0 0 0 1 2 1 0 0 0 0 0 0 0 0 0 0 0 0
0 0 0 0 4 1 0 1 1 1 1 2 0 1 0 0 0 0 0 0 4 1 0 0 0 0 0 0 0 0 0 0 0 0
1 0 0 0 1 0 0 0 0 0 0 2 0 2 0 0 0 0 0 0 2 2 0 0 0 0 0 0 0 0 0 0 0 0
0 0 0 1 1 0 0 2 0 5 0 2 0 1 0 0 0 0 0 0 4 1 0 0 0 0 0 0 0 0 0 0 0 0
0 0 0 1 2 0 0 1 1 2 0 2 0 6 0 0 0 1 0 1 3 1 0 0 0 0 0 0 0 0 0 0 0 0
1 0 0 0 1 0 0 0 0 0 0 2 0 2 0 0 0 0 0 0 2 2 0 0 0 0 0 0 0 0 0 0 0 0
0 0 0 2 0 0 0 3 0 0 0 6 0 1 0 0 0 0 0 0 2 1 0 0 0 0 0 0 0 0 0 0 0 0
0 0 0 0 4 0 1 3 2 3 1 5 0 2 0 0 0 0 0 0 3 2 0 0 0 0 0 0 0 0 0 0 0 0
0 0 0 2 0 0 0 3 1 1 0 0 0 0 0 0 0 0 0 0 2 1 0 0 0 0 0 0 0 0 0 1 0 0
0 0 0 0 3 1 0 0 0 1 1 3 0 1 0 0 0 0 0 0 4 1 0 0 0 0 0 0 0 0 0 0 0 0
0 0 0 1 2 0 0 0 1 2 0 3 0 1 0 0 0 0 0 0 4 1 0 0 0 0 0 0 0 0 0 0 0 0
0 0 0 1 8 0 0 4 0 1 3 4 0 7 0 0 0 0 0 0 3 2 0 0 0 0 0 0 0 0 0 0 0 0
0 0 0 2 0 0 0 1 0 1 0 8 0 9 0 0 0 0 0 1 3 2 0 0 0 0 0 0 0 0 0 0 0 0
0 0 0 0 0 0 0 3 0 1 1 0 0 0 0 0 0 0 0 0 1 1 0 0 0 0 0 0 0 0 0 0 0 0
0 0 0 5 0 0 0 4 0 0 0 4 0 1 0 0 0 0 0 0 2 3 0 0 0 0 0 0 0 0 0 0 0 0
1 0 0 0 1 0 0 0 0 0 0 0 0 1 0 0 0 0 0 0 2 1 0 0 0 0 0 0 0 0 0 0 0 1
0 0 0 2 0 0 0 3 2 1 0 0 1 0 0 0 0 0 0 0 2 1 0 0 0 0 0 0 0 0 0 0 0 0
1 0 0 0 2 0 0 1 1 0 0 1 0 2 0 0 0 0 0 0 2 2 0 0 0 0 0 0 0 0 0 0 0 0
0 0 0 1 0 0 0 2 2 2 0 0 1 2 0 0 0 0 0 0 2 1 0 0 0 0 0 0 0 0 0 0 0 0
0 0 0 2 4 0 0 1 0 1 2 1 0 2 0 0 0 0 0 0 2 1 0 0 0 0 0 0 0 0 0 0 0 0
0 0 0 1 0 0 0 0 3 1 0 2 1 0 0 0 0 0 0 0 2 1 0 0 0 0 0 0 0 0 0 0 0 0
0 0 0 0 2 0 0 2 1 1 1 3 0 2 0 0 0 0 0 0 4 1 0 0 0 0 0 0 0 0 0 0 0 0
1 0 0 0 1 0 0 0 0 0 0 2 0 2 0 0 0 0 0 0 2 2 0 0 0 0 0 0 0 0 0 0 0 0
1 0 0 0 1 0 0 0 0 0 0 2 0 2 0 0 0 0 0 0 2 2 0 0 0 0 0 0 0 0 0 0 0 0
0 0 0 0 1 0 0 1 1 1 0 0 0 0 0 0 0 0 0 0 1 1 0 0 0 0 0 0 0 0 0 0 0 0
0 0 0 1 2 0 0 4 1 0 0 2 0 2 0 0 0 0 0 0 2 2 0 0 0 0 0 0 0 0 0 0 0 0
0 0 0 1 0 0 0 2 1 1 0 2 0 0 0 0 0 0 0 0 2 1 0 0 0 0 0 0 0 0 0 1 0 0
0 0 0 0 2 0 0 0 2 5 1 7 0 1 0 0 0 0 0 0 3 2 0 0 0 0 0 0 0 0 0 0 0 0
0 0 0 0 0 0 2 4 2 2 0 2 1 0 0 0 0 0 0 0 2 2 0 0 0 0 0 0 0 0 0 0 0 0
0 0 0 1 0 0 0 1 0 1 0 2 1 1 0 0 0 0 0 0 1 1 0 0 0 0 0 0 0 0 0 0 0 0
0 0 0 0 0 0 0 0 0 2 0 3 0 1 0 0 0 0 0 0 1 1 0 0 0 0 0 0 0 0 0 0 0 0
1 0 0 0 1 0 0 0 0 0 0 2 0 2 0 0 0 0 0 0 2 2 0 0 0 0 0 0 0 0 0 0 0 0
0 0 0 0 0 0 0 0 0 1 0 1 0 2 0 0 0 4 0 1 1 1 0 0 0 0 0 0 0 0 0 0 0 0
0 0 0 2 4 0 0 2 0 0 1 2 0 2 0 0 0 0 0 0 4 1 0 0 0 0 0 0 0 0 0 0 0 0
0 0 0 3 0 0 0 3 0 0 0 4 0 0 0 0 0 0 0 0 2 1 0 0 0 0 0 0 0 0 0 0 0 0
0 0 0 1 4 0 0 1 0 0 2 1 0 1 0 0 0 0 0 0 4 1 0 0 0 0 0 0 0 0 0 0 0 0
0 0 0 2 0 0 0 5 2 2 0 6 0 3 0 0 0 1 0 0 4 2 0 0 0 0 0 0 0 0 0 0 0 0
0 0 0 1 2 0 0 1 0 1 1 3 0 0 0 0 0 1 0 0 3 1 0 0 0 0 0 0 0 0 0 0 0 0
0 0 0 1 0 0 0 5 1 1 0 3 0 1 0 0 0 0 0 1 3 1 0 0 0 0 0 0 0 0 0 0 0 0
1 0 0 0 1 0 0 0 0 0 0 2 0 2 0 0 0 0 0 0 2 2 0 0 0 0 0 0 0 0 0 0 0 0
0 0 0 0 1 0 0 5 1 1 0 2 0 2 0 0 0 0 0 0 2 1 0 0 0 0 0 0 0 0 0 0 0 0
1 0 0 0 1 0 0 0 0 0 0 2 0 2 0 0 0 0 0 0 2 2 0 0 0 0 0 0 0 0 0 0 0 0
1 0 0 0 1 0 0 0 0 0 0 2 0 2 0 0 0 0 0 0 2 2 0 0 0 0 0 0 0 0 0 0 0 0
0 0 0 0 0 0 0 2 0 0 0 6 0 1 0 0 0 2 0 0 2 1 0 0 0 0 0 0 0 0 0 0 0 0
0 0 0 1 2 1 0 0 0 1 1 3 0 1 0 0 0 0 0 0 4 1 0 0 0 0 0 0 0 0 0 0 0 0
0 0 0 1 3 0 1 0 0 1 1 3 0 1 0 0 0 0 0 0 4 1 0 0 0 0 0 0 0 0 0 0 0 0
0 0 0 0 1 0 0 1 2 1 0 8 1 1 0 0 0 0 0 0 2 3 0 0 0 0 0 0 0 0 0 0 0 0
0 0 0 0 3 0 0 0 1 2 0 3 0 1 0 0 0 0 0 0 4 1 0 0 0 0 0 0 0 0 0 0 0 0
0 0 0 3 6 0 1 0 0 4 1 4 0 6 0 0 0 1 0 0 3 2 0 0 0 0 0 0 0 0 0 0 0 0
0 0 0 0 1 0 1 3 2 1 0 4 0 3 0 1 0 0 0 2 3 1 0 0 0 0 0 0 0 0 0 0 0 0
0 0 0 3 0 0 0 3 0 0 0 6 0 2 0 0 0 0 0 2 3 1 0 0 0 0 0 0 0 0 0 0 0 0
1 0 0 0 1 0 0 0 0 0 0 2 0 2 0 0 0 0 0 0 2 2 0 0 0 0 0 0 0 0 0 0 0 0
0 0 0 0 2 0 0 3 0 4 1 1 0 2 0 0 0 0 0 0 2 1 0 0 0 0 0 0 0 0 0 0 0 0
0 0 0 2 2 0 0 1 0 2 1 2 0 2 0 0 0 0 0 0 4 1 0 0 0 0 0 0 0 0 0 0 0 0
1 0 0 0 1 0 0 0 0 0 0 1 0 2 0 0 0 0 0 0 2 2 0 0 0 0 0 0 0 0 0 0 0 1
0 0 0 3 1 0 0 4 1 0 0 10 0 1 0 0 0 0 0 1 3 4 0 0 0 0 0 0 0 0 0 0 0 0
0 0 0 2 0 0 0 2 4 1 1 0 1 2 0 0 0 1 0 0 2 2 0 0 0 0 0 0 0 0 0 0 0 0
0 0 0 1 2 1 0 0 0 1 1 3 0 1 0 0 0 0 0 0 4 1 0 0 0 0 0 0 0 0 0 0 0 0
0 0 0 1 3 0 0 2 0 3 0 2 0 1 0 0 0 1 0 0 4 3 0 0 0 0 0 0 0 0 0 0 0 0
0 0 0 0 3 0 0 0 1 2 1 2 0 1 0 0 0 1 0 0 4 2 0 0 0 0 0 0 0 0 0 0 0 0
0 0 0 2 0 0 0 2 2 0 0 7 0 6 0 0 0 0 0 0 3 2 0 0 0 0 0 0 0 0 0 0 0 1
0 0 0 3 0 0 0 4 0 0 0 6 0 1 0 0 0 1 0 0 3 1 0 0 0 0 0 0 0 0 0 0 0 0
0 0 0 1 2 0 0 0 0 1 1 3 0 2 0 0 0 0 0 0 4 1 0 0 0 0 0 0 0 0 0 0 0 0
1 1 0 1 1 0 0 2 0 0 0 0 1 1 0 0 0 0 0 0 3 1 0 0 0 0 0 0 0 0 0 1 0 0
0 0 0 1 4 0 0 2 1 2 0 2 0 1 0 0 0 0 0 0 4 1 0 0 0 0 0 0 0 0 0 0 0 0
0 0 0 1 1 0 0 0 1 3 0 0 1 3 0 0 0 0 0 0 3 2 0 0 0 0 0 0 0 0 0 1 0 0
0 0 0 3 4 0 0 3 0 0 1 1 0 3 0 0 0 0 0 0 4 1 0 0 0 0 0 0 0 0 0 0 0 0
0 0 0 0 2 0 0 0 1 2 1 2 0 1 0 0 0 0 0 0 4 1 0 0 0 0 0 0 0 0 0 0 0 1
0 0 0 0 6 0 0 2 0 2 3 1 0 4 0 0 0 0 0 0 3 1 0 0 0 0 0 0 0 0 0 0 0 0
0 0 0 3 2 0 0 1 0 1 0 3 0 1 0 0 0 0 0 0 4 1 0 0 0 0 0 0 0 0 0 0 0 0
0 0 0 2 2 0 0 0 0 3 0 3 0 2 0 0 0 0 0 0 2 1 0 0 0 0 0 0 0 0 0 0 0 0
0 0 0 0 0 0 0 0 1 1 0 3 0 4 0 0 0 1 0 1 2 1 0 0 0 0 0 0 0 0 0 0 0 0
1 0 0 1 1 0 0 0 0 0 0 1 0 3 0 0 0 0 0 0 2 2 0 0 0 0 0 0 0 0 0 0 0 0
1 0 0 1 1 0 0 0 0 0 0 1 0 2 0 0 0 0 0 1 2 2 0 0 0 0 0 0 0 0 0 0 0 0
0 0 0 1 1 0 0 2 0 3 1 0 0 1 0 0 0 0 0 0 2 1 0 0 0 0 0 0 0 0 0 0 0 0
1 0 0 1 1 0 0 0 2 0 0 0 0 1 0 0 0 1 0 0 2 2 0 0 0 0 0 0 0 0 0 0 0 0
0 0 0 0 2 0 0 0 1 2 1 3 0 1 0 0 0 0 0 0 4 1 0 0 0 0 0 0 0 0 0 0 0 0
0 0 0 1 6 0 0 2 0 2 2 6 0 4 0 0 0 0 0 0 3 2 0 0 0 0 0 0 0 0 0 0 0 0
1 0 0 1 1 0 0 1 0 0 0 1 0 2 0 0 0 0 0 0 2 2 0 0 0 0 0 0 0 0 0 0 0 0
0 0 0 0 3 1 0 0 0 1 1 3 0 1 0 0 0 0 0 0 4 1 0 0 0 0 0 0 0 0 0 0 0 0
0 0 0 1 1 0 0 0 3 1 0 0 0 0 0 0 0 0 0 2 2 1 0 0 0 0 0 0 0 0 0 0 0 0
0 0 0 3 1 0 0 3 0 0 0 4 0 2 0 0 0 1 0 0 2 1 0 0 0 0 0 0 0 0 0 0 0 0
0 0 0 0 0 0 0 0 1 3 0 4 0 0 0 0 0 0 0 0 2 2 0 0 0 0 0 0 0 0 0 0 0 0
0 0 0 2 2 0 0 1 1 2 1 0 0 2 0 0 0 0 0 0 4 2 0 0 0 0 0 0 0 0 0 0 0 0
0 0 0 3 1 0 0 2 0 1 0 4 1 0 0 0 0 0 0 0 2 2 0 0 0 0 0 0 0 0 0 0 0 0
0 0 0 3 0 0 0 1 1 0 0 8 0 0 0 0 0 0 0 0 2 1 0 0 0 0 0 0 0 0 0 0 0 0
1 0 0 1 1 0 1 1 0 0 0 1 0 2 0 0 0 0 0 0 2 2 0 0 0 0 0 0 0 0 0 0 0 0
0 0 0 0 1 0 0 2 0 1 0 8 3 1 0 0 0 0 0 0 2 3 0 0 0 0 0 0 0 0 0 0 0 0
1 0 0 0 1 0 0 0 0 0 0 2 0 2 0 0 0 0 0 0 2 2 0 0 0 0 0 0 0 0 0 0 0 0
0 0 0 0 2 0 0 3 0 0 0 6 0 2 0 0 0 0 0 1 2 1 0 0 0 0 0 0 0 0 0 0 0 0
0 0 0 1 1 0 0 2 1 1 0 0 1 2 0 0 0 1 0 0 1 3 0 0 0 0 0 0 0 0 0 0 0 0
0 0 0 0 0 0 0 1 0 2 0 24 0 25 0 0 0 0 0 0 1 25 0 0 0 0 0 0 0 0 0 0 0 1
0 0 0 2 2 0 0 2 0 2 2 1 0 2 0 0 0 1 0 0 4 1 0 0 0 0 0 0 0 0 0 0 0 0
0 0 0 0 0 0 0 1 4 0 0 0 3 6 0 0 0 0 0 0 3 1 0 0 0 0 0 0 0 0 0 0 0 0
0 0 0 0 0 0 0 2 0 0 0 11 0 1 0 0 0 0 0 1 3 1 0 0 0 0 0 0 0 0 0 0 0 0
0 0 0 4 0 0 0 6 0 0 0 13 0 2 0 0 0 0 0 0 3 6 0 0 0 0 0 0 0 0 0 0 0 0
0 0 0 0 6 0 0 0 0 3 3 7 0 3 0 0 0 0 0 0 3 2 0 0 0 0 0 0 0 0 0 0 0 0
0 0 0 3 0 0 1 3 1 1 0 3 0 0 0 0 0 0 0 1 2 1 0 0 0 0 0 0 0 0 0 0 0 0
1 0 0 0 1 0 0 0 0 0 0 2 0 2 0 0 0 0 0 0 2 2 0 0 0 0 0 0 0 0 0 0 0 0
0 0 0 0 0 0 0 1 0 0 0 3 0 6 0 0 0 0 0 1 2 1 0 0 0 0 0 0 0 0 0 0 0 0
0 0 0 3 4 0 0 2 1 1 0 0 3 2 0 0 0 0 0 0 2 3 0 0 0 0 0 0 0 0 0 0 0 0
1 0 0 0 1 0 0 0 0 0 0 2 0 2 0 0 0 0 0 0 2 2 0 0 0 0 0 0 0 0 0 0 0 0
1 0 0 0 0 0 0 1 0 0 0 1 0 1 0 0 0 0 0 0 2 1 0 0 0 0 0 0 0 0 0 0 0 0
0 0 0 1 7 0 0 2 1 1 3 5 0 4 0 0 0 0 0 1 3 2 0 0 0 0 0 0 0 0 0 0 0 0
0 0 0 2 1 0 0 2 0 1 0 5 1 0 0 0 0 0 0 0 2 2 0 0 0 0 0 0 0 0 0 0 0 0
0 0 0 1 0 0 0 0 1 0 0 8 0 1 0 0 0 1 0 1 2 1 0 0 0 0 0 0 0 0 0 0 0 0
0 0 0 2 4 0 0 4 0 2 2 5 0 4 0 0 0 0 0 0 3 2 0 0 0 0 0 0 0 0 0 0 0 1
0 0 0 1 2 0 0 2 2 3 0 6 0 5 0 0 0 2 0 0 3 3 0 0 0 0 0 0 0 0 0 0 0 0
0 0 0 0 0 0 0 0 1 3 0 3 0 0 0 0 0 0 0 0 1 1 0 0 0 0 0 0 0 0 0 0 0 0
0 0 0 1 2 0 0 0 0 1 1 3 0 2 0 0 0 0 0 0 4 1 0 0 0 0 0 0 0 0 0 0 0 0
0 0 0 2 0 0 0 5 5 1 0 0 0 1 0 0 0 0 0 1 2 3 0 0 0 0 0 0 0 0 0 0 0 0
0 0 0 1 4 0 0 1 0 0 1 3 0 1 0 0 0 0 0 0 4 1 0 0 0 0 0 0 0 0 0 0 0 0
0 0 0 4 0 0 0 2 0 0 0 13 0 4 0 0 0 2 0 0 3 3 0 0 0 0 0 0 0 0 0 0 0 0
0 0 0 0 0 0 0 1 4 1 0 0 1 0 0 0 0 0 0 0 1 1 0 0 0 0 0 0 0 0 0 0 0 0
1 0 0 0 1 0 0 1 0 0 0 1 0 2 0 0 0 0 0 0 2 2 0 0 0 0 0 0 0 0 0 0 0 0
0 0 0 1 0 0 0 3 0 4 0 0 3 1 0 0 0 0 0 0 3 2 0 0 0 0 0 0 0 0 0 0 0 0
1 0 0 1 1 0 0 1 0 1 0 1 0 2 0 0 0 0 0 0 2 2 0 0 0 0 0 0 0 0 0 0 0 0
0 0 0 2 0 0 0 4 1 0 0 8 0 1 0 0 0 0 0 1 3 2 0 0 0 0 0 0 0 0 0 0 0 0
0 0 0 1 0 0 0 3 0 0 0 2 0 7 0 0 0 0 0 0 2 1 0 0 0 0 0 0 0 0 0 0 0 0
0 0 0 0 0 0 0 2 4 1 0 0 2 1 0 0 0 0 0 0 2 2 0 0 0 0 0 0 0 0 0 0 0 0
0 0 0 1 3 0 1 0 0 1 1 3 0 1 0 0 0 0 0 0 4 1 0 0 0 0 0 0 0 0 0 0 0 0
0 0 0 0 0 0 2 1 0 1 0 2 4 3 0 0 0 0 1 0 3 2 0 0 0 0 0 0 0 0 0 0 0 0
0 0 0 2 1 0 0 4 0 2 1 2 0 1 0 0 0 0 0 0 4 1 0 0 0 0 0 0 0 0 0 0 0 0
0 0 0 2 2 0 1 6 0 1 0 2 1 0 0 0 0 0 0 0 2 2 0 0 0 0 0 0 0 0 0 0 0 0
1 0 0 0 1 0 0 0 0 1 0 1 0 2 0 0 0 0 0 0 2 2 0 0 0 0 0 0 0 0 0 0 0 0
0 0 0 0 0 0 0 5 0 2 0 5 0 1 0 0 0 0 0 0 2 2 0 0 0 0 0 0 0 0 0 0 0 0
1 0 0 0 1 0 0 0 0 0 0 2 0 2 0 0 0 0 0 0 2 2 0 0 0 0 0 0 0 0 0 0 0 0
0 0 0 3 0 0 0 2 1 0 0 6 0 0 0 0 0 0 0 1 2 1 0 0 0 0 0 0 0 0 0 0 0 0
1 0 0 1 1 0 1 1 0 0 0 1 0 2 0 0 0 0 0 0 2 2 0 0 0 0 0 0 0 0 0 0 0 0
0 0 0 0 8 0 0 5 0 2 2 4 0 4 0 0 0 0 0 0 3 4 0 0 0 0 0 0 0 0 0 0 0 0
0 0 0 3 1 0 0 4 0 0 0 6 0 2 0 0 0 1 0 0 3 1 0 0 0 0 0 0 0 0 0 0 0 0
0 0 0 1 0 0 0 2 0 1 0 8 1 0 0 0 0 0 0 0 2 2 0 0 0 0 0 0 0 0 0 0 0 0
1 0 0 0 1 0 0 0 0 0 0 2 0 2 0 0 0 0 0 0 2 2 0 0 0 0 0 0 0 0 0 0 0 0
1 0 0 0 1 0 0 0 0 0 0 2 0 2 0 0 0 0 0 0 2 2 0 0 0 0 0 0 0 0 0 0 0 0
0 0 0 3 0 0 0 1 0 0 0 7 0 0 0 0 0 0 0 1 2 1 0 0 0 0 0 0 0 0 0 0 0 0
0 0 0 1 1 0 0 3 3 2 0 0 0 1 0 0 0 0 0 0 1 2 0 0 0 0 0 0 0 0 0 0 0 0
0 0 0 3 1 0 0 4 0 1 0 0 3 2 0 0 0 0 0 1 2 3 0 0 0 0 0 0 0 0 0 0 0 0
0 0 0 1 0 0 0 1 3 1 0 2 1 0 0 0 0 0 0 0 2 1 0 0 0 0 0 0 0 0 0 0 0 0
1 0 0 0 1 0 0 0 0 0 0 2 0 2 0 0 0 0 0 0 2 2 0 0 0 0 0 0 0 0 0 0 0 0
0 0 0 4 1 0 0 2 1 2 0 1 1 0 0 0 0 0 0 0 2 2 0 0 0 0 0 0 0 0 0 0 0 0
0 0 0 1 0 0 0 2 0 1 0 8 0 3 0 0 0 0 1 0 2 3 0 0 0 0 0 0 0 0 0 0 0 0
0 0 0 0 3 1 0 0 0 1 1 3 0 1 0 0 0 0 0 0 4 1 0 0 0 0 0 0 0 0 0 0 0 0
0 0 0 2 0 1 0 2 1 1 0 0 0 0 0 1 0 0 0 0 2 1 0 0 0 0 0 0 0 0 0 0 0 0
0 0 0 0 0 0 2 4 3 2 0 13 0 2 0 0 0 0 3 0 3 4 0 0 0 0 0 0 0 0 0 0 0 0
0 0 0 1 0 0 0 3 0 1 0 0 0 0 0 0 0 0 0 0 2 1 0 0 0 0 0 0 0 0 0 1 0 0
0 0 0 0 3 1 0 0 0 1 0 3 0 1 0 0 0 0 0 0 4 1 0 0 0 0 0 0 0 0 0 0 0 0
1 0 0 0 1 0 0 0 0 0 0 2 0 2 0 0 0 0 0 0 2 2 0 0 0 0 0 0 0 0 0 0 0 0
0 0 0 3 1 0 0 1 1 0 0 7 0 7 0 0 0 1 0 0 3 2 0 0 0 0 0 0 0 0 0 0 0 0
0 0 0 2 1 0 0 3 0 0 0 5 0 1 0 0 0 1 0 0 2 1 0 0 0 0 0 0 0 0 0 0 0 0
0 0 0 1 0 0 0 0 1 3 0 0 4 4 0 0 0 0 0 0 1 3 0 0 0 0 0 0 0 0 0 0 0 0
0 0 0 4 0 0 0 2 1 0 0 2 0 3 0 1 0 1 0 0 2 2 0 0 0 0 0 0 0 0 0 0 0 0
0 0 0 1 3 1 0 0 0 1 1 2 0 2 0 0 0 0 0 0 4 1 0 0 0 0 0 0 0 0 0 0 0 0
0 0 0 0 0 0 0 3 0 2 1 29 0 30 0 0 0 0 0 0 1 31 0 0 0 0 0 0 0 0 0 0 0 1
0 0 0 0 0 0 0 2 0 2 0 3 0 4 0 0 0 0 0 0 2 1 0 0 0 0 0 0 0 0 0 0 0 0
0 0 0 0 6 0 0 1 0 3 2 7 0 3 0 0 0 0 0 0 3 2 0 0 0 0 0 0 0 0 0 0 0 0
1 0 0 1 1 0 0 0 0 0 0 1 0 2 0 0 0 1 0 0 2 2 0 0 0 0 0 0 0 0 0 0 0 0
0 0 0 0 2 0 0 5 2 1 0 1 0 2 0 0 0 0 0 0 2 1 0 0 0 0 0 0 0 0 0 0 0 0
0 0 0 2 0 0 1 5 0 0 0 4 0 2 0 0 0 0 0 0 3 1 0 0 0 0 0 0 0 0 0 0 0 0
0 0 0 0 4 0 0 0 1 3 2 7 0 2 0 0 0 0 0 0 3 2 0 0 0 0 0 0 0 0 0 0 0 0
0 0 0 0 3 1 0 0 0 1 1 3 0 1 0 0 0 0 0 0 4 1 0 0 0 0 0 0 0 0 0 0 0 0
0 0 0 2 3 0 0 1 0 0 0 5 0 1 0 0 0 0 0 0 2 1 0 0 0 0 0 0 0 0 0 0 0 0
0 0 0 1 1 0 0 2 0 1 0 1 0 0 0 0 0 0 0 0 2 1 0 0 0 0 0 0 0 0 0 0 0 0
0 0 0 0 4 0 0 0 1 3 2 7 0 2 0 0 0 0 0 0 3 2 0 0 0 0 0 0 0 0 0 0 0 0
1 0 0 1 1 0 0 1 0 0 0 1 0 3 0 0 0 0 0 0 2 2 0 0 0 0 0 0 0 0 0 0 0 0
0 0 0 0 2 0 0 2 1 1 1 1 0 1 0 0 0 0 0 1 2 1 0 0 0 0 0 0 0 0 0 0 0 0
1 0 0 0 1 0 0 0 0 0 0 2 0 2 0 0 0 0 0 0 2 2 0 0 0 0 0 0 0 0 0 0 0 0
0 0 0 3 0 0 0 2 0 0 0 7 0 12 0 0 0 0 0 0 3 2 0 0 0 0 0 0 0 0 0 0 0 0
0 0 0 2 1 0 0 2 0 1 0 5 0 0 0 0 0 0 0 0 2 1 0 0 0 0 0 0 0 0 0 0 0 0
0 0 0 0 3 0 0 5 1 2 1 2 0 5 0 0 0 1 0 0 4 1 0 0 0 0 0 0 0 0 0 0 0 0
1 0 0 0 1 0 0 0 0 0 0 2 0 2 0 0 0 0 0 0 2 2 0 0 0 0 0 0 0 0 0 0 0 0
0 0 0 4 0 0 0 2 0 0 0 6 0 1 0 0 0 0 0 0 2 1 0 0 0 0 0 0 0 0 0 0 0 0
0 0 0 3 0 0 0 4 1 1 0 0 1 1 0 0 0 0 0 0 3 1 0 0 0 0 0 0 0 0 0 0 0 0
0 0 0 1 4 1 0 4 1 2 0 0 0 1 0 0 0 0 0 0 4 3 0 0 0 0 0 0 0 0 0 0 0 0
0 0 0 1 1 0 0 2 3 0 0 7 0 7 0 0 0 0 0 1 3 2 0 0 0 0 0 0 0 0 0 0 0 0
0 0 0 3 2 0 0 2 0 2 1 0 0 1 0 0 0 3 0 0 4 3 0 0 0 0 0 0 0 0 0 0 0 0
0 0 0 0 2 0 0 1 1 3 0 1 0 1 0 0 0 0 0 1 2 1 0 0 0 0 0 0 0 0 0 0 0 0
0 0 0 0 0 0 0 7 0 2 0 3 0 1 0 0 0 0 0 0 2 2 0 0 0 0 0 0 0 0 0 0 0 0
0 0 0 2 0 0 0 4 3 1 0 1 3 2 0 0 0 0 0 0 2 4 0 0 0 0 0 0 0 0 0 0 0 0
0 1 0 1 0 0 0 0 1 2 0 0 0 0 0 0 0 0 0 0 2 1 0 0 0 0 0 0 0 0 0 0 0 0
0 0 0 3 0 0 0 1 0 0 0 7 0 0 0 0 0 0 0 0 2 1 0 0 0 0 0 0 0 0 0 0 0 0
0 0 0 0 0 0 0 0 1 3 0 3 0 0 0 0 0 0 0 0 1 1 0 0 0 0 0 0 0 0 0 0 0 0
0 0 0 0 3 1 0 0 0 1 1 3 0 1 0 0 0 0 0 0 4 1 0 0 0 0 0 0 0 0 0 0 0 0
1 0 0 0 1 0 0 2 0 1 0 0 1 0 0 0 0 0 0 0 2 2 0 0 0 0 0 0 0 0 0 0 0 0
0 0 0 0 0 0 0 2 1 3 0 0 0 1 0 0 0 0 0 0 1 1 0 0 0 0 0 0 0 0 0 0 0 0
0 0 0 1 0 0 0 5 1 0 0 6 0 2 0 0 0 0 0 0 3 1 0 0 0 0 0 0 0 0 0 0 0 0
0 0 0 0 0 0 0 0 1 2 0 3 0 0 0 0 0 0 0 0 2 1 0 0 0 0 0 0 0 0 0 0 0 0
0 0 0 0 0 0 0 2 2 0 0 12 0 1 0 0 0 2 0 0 3 2 0 0 0 0 0 0 0 0 0 0 0 0
0 0 0 1 3 0 0 0 1 2 0 2 0 2 0 0 0 1 0 0 4 1 0 0 0 0 0 0 0 0 0 0 0 0
1 0 0 0 1 0 0 0 0 0 0 2 0 2 0 0 0 0 0 0 2 2 0 0 0 0 0 0 0 0 0 0 0 0
0 0 0 3 0 0 0 1 1 2 0 0 2 4 0 0 0 0 0 0 3 1 0 0 0 0 0 0 0 0 0 0 0 0
0 0 0 5 1 0 0 5 0 0 0 2 0 1 0 0 0 0 0 1 2 3 0 0 0 0 0 0 0 0 0 0 0 0
1 0 0 0 0 0 0 0 1 1 0 1 0 0 0 0 0 0 0 0 1 1 0 0 0 0 0 0 0 0 0 0 0 0
1 1 0 1 1 0 0 2 0 0 0 0 1 1 0 0 0 0 0 0 3 1 0 0 0 0 0 0 0 0 0 1 0 0
1 0 0 0 1 0 0 0 0 0 0 2 0 2 0 0 0 0 0 0 2 2 0 0 0 0 0 0 0 0 0 0 0 0
0 0 0 5 0 0 0 0 0 0 0 6 0 2 0 0 0 1 0 1 2 2 0 0 0 0 0 0 0 0 0 0 0 0
0 0 0 3 3 0 0 1 0 0 1 2 0 1 0 0 0 0 0 1 4 1 0 0 0 0 0 0 0 0 0 0 0 0
0 0 0 0 0 0 0 0 1 2 0 3 0 0 0 0 0 0 0 0 2 1 0 0 0 0 0 0 0 0 0 0 0 0
0 0 0 0 0 0 0 3 1 2 0 2 2 1 0 0 0 0 0 0 2 2 0 0 0 0 0 0 0 0 0 0 0 0
0 0 0 0 2 0 0 2 0 2 1 0 0 1 0 0 0 0 0 0 1 1 0 0 0 0 0 0 0 0 0 0 0 0
0 0 0 1 4 0 0 1 0 0 1 3 0 1 0 0 0 0 0 0 4 1 0 0 0 0 0 0 0 0 0 0 0 0
0 0 0 0 2 0 0 3 0 2 0 3 0 0 0 0 0 0 0 0 2 1 0 0 0 0 0 0 0 0 0 0 0 0
0 0 0 3 2 0 0 1 0 0 1 3 0 1 0 0 0 0 0 0 4 1 0 0 0 0 0 0 0 0 0 0 0 0
1 1 0 1 1 0 0 2 0 0 0 0 1 1 0 0 0 0 0 0 3 1 0 0 0 0 0 0 0 0 0 1 0 0
0 0 0 0 3 1 0 0 0 1 1 3 0 1 0 0 0 0 0 0 4 1 0 0 0 0 0 0 0 0 0 0 0 0
0 0 0 1 2 1 0 0 0 1 1 3 0 1 0 0 0 0 0 0 4 1 0 0 0 0 0 0 0 0 0 0 0 0
0 0 0 1 0 1 1 2 4 0 0 0 2 0 0 0 0 0 0 0 2 2 0 0 0 0 0 0 0 0 0 0 0 0
0 0 0 1 0 0 0 1 2 2 0 0 1 0 0 0 0 0 0 0 2 1 0 0 0 0 0 0 0 0 0 0 0 0
0 0 0 0 1 0 0 2 1 0 0 7 0 2 0 0 0 0 0 2 3 1 0 0 0 0 0 0 0 0 0 0 0 0
0 0 0 0 2 0 0 0 1 2 1 3 0 1 0 0 0 0 0 0 4 1 0 0 0 0 0 0 0 0 0 0 0 0
1 0 0 1 1 0 0 0 0 0 0 1 0 2 0 0 0 1 0 0 2 2 0 0 0 0 0 0 0 0 0 0 0 0
0 0 0 2 2 0 0 3 2 1 0 1 0 3 0 0 0 1 0 0 2 2 0 0 0 0 0 0 0 0 0 0 0 0
0 0 0 5 2 0 0 5 0 0 0 10 0 2 0 0 0 2 0 0 3 3 0 0 0 0 0 0 0 0 0 0 0 0
0 0 0 1 1 0 0 3 3 0 0 0 5 3 0 0 0 0 0 0 3 2 0 0 0 0 0 0 0 0 0 1 0 0
1 0 0 0 1 0 0 0 0 0 0 2 0 2 0 0 0 0 0 0 2 2 0 0 0 0 0 0 0 0 0 0 0 0
0 0 0 0 1 0 0 1 0 0 0 11 0 7 0 0 0 0 0 0 3 2 0 0 0 0 0 0 0 0 0 0 0 1
0 0 0 0 0 0 0 2 0 0 0 8 0 1 0 0 0 0 0 0 2 1 0 0 0 0 0 0 0 0 0 0 0 0
1 0 0 0 1 0 0 0 0 0 0 1 0 2 0 0 0 0 0 0 2 2 0 0 0 0 0 0 0 0 0 0 0 1
0 0 0 3 2 0 0 3 0 0 1 0 0 2 0 0 0 2 0 0 4 2 0 0 0 0 0 0 0 0 0 0 0 0
1 0 0 0 1 0 0 0 0 0 0 2 0 2 0 0 0 0 0 0 2 2 0 0 0 0 0 0 0 0 0 0 0 0
0 0 0 1 4 0 0 1 0 2 1 5 0 3 0 0 0 0 0 0 2 2 0 0 0 0 0 0 0 0 0 0 0 1
1 0 0 0 1 0 0 0 0 0 0 2 0 2 0 0 0 0 0 0 2 2 0 0 0 0 0 0 0 0 0 0 0 0
0 0 0 5 0 0 0 4 0 0 0 11 0 4 0 0 0 3 0 2 3 6 0 0 0 0 0 0 0 0 0 0 0 0
1 0 0 0 1 0 0 0 0 0 0 2 0 2 0 0 0 0 0 0 2 2 0 0 0 0 0 0 0 0 0 0 0 0
1 0 0 0 2 0 0 0 0 0 0 1 0 2 0 0 0 0 0 1 2 2 0 0 0 0 0 0 0 0 0 0 0 0
0 0 0 1 4 0 0 1 0 0 1 3 0 1 0 0 0 0 0 0 4 1 0 0 0 0 0 0 0 0 0 0 0 0
1 0 0 0 1 0 0 0 0 0 0 2 0 2 0 0 0 0 0 0 2 2 0 0 0 0 0 0 0 0 0 0 0 0
1 0 0 0 1 0 0 0 0 0 0 2 0 2 0 0 0 0 0 0 2 2 0 0 0 0 0 0 0 0 0 0 0 0
1 0 0 0 1 0 0 0 0 0 0 1 0 2 0 0 0 0 0 0 2 2 0 0 0 0 0 0 0 0 0 0 0 1
1 0 0 0 1 0 0 0 0 0 0 2 0 2 0 0 0 0 0 0 2 2 0 0 0 0 0 0 0 0 0 0 0 0
1 0 0 0 1 0 0 0 0 0 0 2 0 2 0 0 0 0 0 0 2 2 0 0 0 0 0 0 0 0 0 0 0 0
0 0 0 0 2 0 0 0 2 1 2 1 0 1 0 0 0 0 0 1 2 1 0 0 0 0 0 0 0 0 0 0 0 0
0 0 0 1 2 0 0 1 2 2 1 2 0 1 0 0 0 0 0 0 4 1 0 0 0 0 0 0 0 0 0 0 0 0
1 0 0 0 1 0 0 0 0 0 0 2 0 2 0 0 0 0 0 0 2 2 0 0 0 0 0 0 0 0 0 0 0 0
0 0 0 0 0 0 0 1 4 2 0 0 1 1 0 0 0 0 0 0 2 2 0 0 0 0 0 0 0 0 0 0 0 0
1 0 0 0 1 0 0 0 0 0 0 2 0 2 0 0 0 0 0 0 2 2 0 0 0 0 0 0 0 0 0 0 0 0
0 0 0 0 0 0 1 2 3 2 0 0 1 2 0 0 0 0 0 0 2 2 0 0 0 0 0 0 0 0 0 0 0 0
0 0 0 3 3 0 1 0 0 1 0 2 0 2 0 0 0 1 0 0 4 1 0 0 0 0 0 0 0 0 0 0 0 0
0 0 0 5 1 0 0 1 0 0 0 4 0 1 0 0 0 0 0 0 2 1 0 0 0 0 0 0 0 0 0 0 0 0
1 0 0 1 1 0 0 2 0 1 1 0 0 1 0 0 0 0 0 0 1 2 0 0 0 0 0 0 0 0 0 0 0 0
0 0 0 0 3 1 0 0 0 1 1 3 0 1 0 0 0 0 0 0 4 1 0 0 0 0 0 0 0 0 0 0 0 0
1 0 0 0 1 0 0 0 0 0 0 2 0 2 0 0 0 0 0 0 2 2 0 0 0 0 0 0 0 0 0 0 0 0
0 0 0 2 0 0 0 1 0 0 0 5 0 1 0 0 0 1 0 2 2 1 0 0 0 0 0 0 0 0 0 0 0 0
1 0 0 0 1 0 0 2 0 0 0 1 0 1 0 0 0 0 0 0 2 2 0 0 0 0 0 0 0 0 0 0 0 0
0 0 0 5 0 0 0 2 1 1 0 1 0 2 0 0 0 1 0 0 2 2 0 0 0 0 0 0 0 0 0 0 0 0
0 0 0 0 2 0 0 0 1 2 1 3 0 1 0 0 0 0 0 0 4 1 0 0 0 0 0 0 0 0 0 0 0 0
0 0 0 2 4 0 0 0 0 2 2 1 0 2 0 0 0 0 0 0 2 1 0 0 0 0 0 0 0 0 0 0 0 0
0 0 0 1 3 0 0 1 0 4 1 2 0 2 0 0 0 0 0 0 4 1 0 0 0 0 0 0 0 0 0 0 0 0
1 0 0 1 0 1 0 0 2 1 3 0 0 35 0 0 0 1 0 0 2 2 0 0 0 0 0 0 0 0 0 0 0 0
0 0 0 0 2 1 0 0 0 1 2 3 0 1 0 0 0 0 0 0 4 1 0 0 0 0 0 0 0 0 0 0 0 0
0 0 0 1 0 0 0 3 2 1 0 0 1 2 0 0 0 0 0 0 2 1 0 0 0 0 0 0 0 0 0 0 0 0
0 0 0 3 0 0 0 2 0 0 0 16 0 2 0 0 0 1 0 0 3 2 0 0 0 0 0 0 0 0 0 0 0 0
1 0 0 0 1 0 0 0 0 0 0 2 0 2 0 0 0 0 0 0 2 2 0 0 0 0 0 0 0 0 0 0 0 0
0 0 0 2 2 0 0 1 0 0 1 1 0 3 0 0 0 0 0 0 2 1 0 0 0 0 0 0 0 0 0 0 0 1
1 0 0 1 1 0 0 1 1 0 0 1 0 2 0 0 0 0 0 0 2 2 0 0 0 0 0 0 0 0 0 0 0 0
0 0 0 3 3 0 0 2 0 0 2 0 0 1 0 0 0 2 0 0 4 2 0 0 0 0 0 0 0 0 0 0 0 0
0 0 0 0 6 0 0 0 0 4 1 7 0 4 0 0 0 0 0 0 3 2 0 0 0 0 0 0 0 0 0 0 0 0
1 0 0 0 1 0 0 0 0 0 0 2 0 2 0 0 0 0 0 0 2 2 0 0 0 0 0 0 0 0 0 0 0 0
1 0 0 0 1 0 0 0 2 0 0 1 0 1 0 0 0 0 0 0 2 2 0 0 0 0 0 0 0 0 0 0 0 0
0 0 0 2 0 0 0 1 0 0 0 10 0 1 0 0 0 0 0 0 3 1 0 0 0 0 0 0 0 0 0 0 0 0
1 0 0 0 1 0 0 0 0 0 0 2 0 2 0 0 0 0 0 0 2 2 0 0 0 0 0 0 0 0 0 0 0 0
0 0 0 5 0 0 0 3 1 0 0 13 0 1 0 1 0 0 0 1 3 2 0 0 0 0 0 0 0 0 0 0 0 0
1 0 0 0 1 0 0 0 0 0 0 2 0 2 0 0 0 0 0 0 2 2 0 0 0 0 0 0 0 0 0 0 0 0
0 0 0 1 0 0 0 1 0 3 0 0 3 0 0 0 0 0 0 0 3 1 0 0 0 0 0 0 0 0 0 1 0 0
0 0 0 1 0 0 0 1 1 1 0 0 1 0 0 0 0 0 0 0 1 1 0 0 0 0 0 0 0 0 0 0 0 0
1 0 0 0 1 0 0 0 2 0 0 1 0 1 0 0 0 0 0 0 2 2 0 0 0 0 0 0 0 0 0 0 0 0
0 0 0 0 4 0 0 1 0 1 2 7 0 4 0 0 0 0 0 0 3 2 0 0 0 0 0 0 0 0 0 0 0 1
0 0 0 1 3 0 1 2 4 1 1 0 0 0 0 0 0 0 0 0 2 3 0 0 0 0 0 0 0 0 0 0 0 0
0 0 0 0 0 0 0 4 0 0 0 5 0 2 0 0 0 2 0 0 3 1 0 0 0 0 0 0 0 0 0 0 0 0
1 1 0 2 0 0 0 2 0 1 0 0 1 0 0 0 0 0 0 0 3 1 0 0 0 0 0 0 0 0 0 1 0 0
0 0 0 1 0 0 0 2 0 1 0 0 0 1 0 0 1 0 0 0 1 1 0 0 0 0 0 0 0 0 0 0 0 0
1 0 0 0 1 0 0 0 0 0 0 2 0 2 0 0 0 0 0 0 2 2 0 0 0 0 0 0 0 0 0 0 0 0
0 0 0 2 4 0 0 2 1 0 1 2 0 1 0 0 0 0 0 0 4 1 0 0 0 0 0 0 0 0 0 0 0 0
0 0 0 2 0 0 0 0 2 0 0 3 0 4 0 0 0 0 0 0 2 1 0 0 0 0 0 0 0 0 0 0 0 0
1 0 0 0 1 0 0 0 0 0 0 2 0 2 0 0 0 0 0 0 2 2 0 0 0 0 0 0 0 0 0 0 0 0
0 0 0 0 1 0 0 3 0 0 0 7 0 0 0 0 0 0 0 0 2 1 0 0 0 0 0 0 0 0 0 0 0 0
1 0 0 1 1 0 0 1 0 0 0 1 0 3 0 0 0 0 0 0 2 2 0 0 0 0 0 0 0 0 0 0 0 0
0 0 0 0 7 0 0 1 0 2 3 6 0 3 0 0 0 0 0 1 3 2 0 0 0 0 0 0 0 0 0 0 0 0
0 0 0 0 4 0 0 0 0 3 1 6 0 2 0 0 0 0 0 0 2 2 0 0 0 0 0 0 0 0 0 0 0 1
1 0 0 0 1 0 0 0 0 0 0 2 0 2 0 0 0 0 0 0 2 2 0 0 0 0 0 0 0 0 0 0 0 0
0 0 0 0 4 0 0 0 1 2 2 1 0 2 0 0 0 0 0 1 2 1 0 0 0 0 0 0 0 0 0 0 0 0
1 0 0 0 1 0 0 0 0 0 0 2 0 2 0 0 0 0 0 0 2 2 0 0 0 0 0 0 0 0 0 0 0 0
0 0 0 0 1 0 0 0 0 4 1 1 0 1 0 0 0 0 0 0 1 1 0 0 0 0 0 0 0 0 0 0 0 0
0 0 0 1 4 0 0 2 0 2 3 6 0 3 0 0 0 2 0 0 3 2 0 0 0 0 0 0 0 0 0 0 0 0
1 0 0 1 1 0 0 0 0 0 0 1 0 2 0 0 0 0 0 1 2 2 0 0 0 0 0 0 0 0 0 0 0 0
1 0 0 0 0 0 0 0 1 1 1 3 0 0 0 0 0 0 0 0 2 1 0 0 0 0 0 0 0 0 0 0 0 0
0 0 0 0 2 0 0 0 1 2 0 3 0 1 0 0 0 0 0 0 4 1 0 0 0 0 0 0 0 0 0 0 0 0
0 0 0 0 4 0 0 2 0 3 1 1 0 2 0 0 0 0 0 0 2 1 0 0 0 0 0 0 0 0 0 0 0 0
0 0 0 2 0 0 0 2 0 1 0 7 2 1 0 0 0 0 0 0 2 3 0 0 0 0 0 0 0 0 0 0 0 0
1 0 0 0 1 0 0 1 0 1 0 0 0 65 0 0 0 1 0 0 2 1 0 0 0 0 0 0 0 0 0 0 0 0
0 0 0 1 2 1 0 0 0 1 1 3 0 1 0 0 0 0 0 0 4 1 0 0 0 0 0 0 0 0 0 0 0 0
1 0 0 0 1 0 0 0 0 0 0 2 0 2 0 0 0 0 0 0 2 2 0 0 0 0 0 0 0 0 0 0 0 0
0 0 0 0 1 0 0 3 0 2 0 0 1 1 0 0 0 0 0 0 2 1 0 0 0 0 0 0 0 0 0 1 0 0
0 0 0 0 7 0 1 1 0 4 2 6 0 3 0 0 0 0 0 0 3 2 0 0 0 0 0 0 0 0 0 0 0 0
0 0 0 0 6 0 0 1 0 3 3 1 0 4 0 0 0 0 0 0 3 1 0 0 0 0 0 0 0 0 0 0 0 0
0 0 0 2 6 0 0 2 0 3 3 5 0 3 0 0 0 0 0 1 3 2 0 0 0 0 0 0 0 0 0 0 0 0
0 0 0 0 2 0 0 1 0 1 2 3 0 1 0 0 0 0 0 0 4 1 0 0 0 0 0 0 0 0 0 0 0 0
0 0 0 2 0 0 0 6 2 1 0 1 0 3 0 0 0 0 0 0 2 2 0 0 0 0 0 0 0 0 0 0 0 0
1 0 0 0 2 0 0 1 3 0 0 0 0 1 0 0 0 0 0 0 2 2 0 0 0 0 0 0 0 0 0 0 0 0
0 0 0 0 2 0 0 1 0 0 1 3 0 7 0 0 0 2 0 0 3 2 0 0 0 0 0 0 0 0 0 0 0 1
0 0 0 2 0 0 0 4 1 1 0 0 0 0 0 0 0 0 0 0 2 1 0 0 0 0 0 0 0 0 0 0 0 0
1 0 0 0 1 0 0 0 0 0 0 2 0 2 0 0 0 0 0 0 2 2 0 0 0 0 0 0 0 0 0 0 0 0
1 0 0 1 1 2 0 0 0 1 2 0 0 0 0 0 0 0 0 0 1 2 0 0 0 0 0 0 0 0 0 0 0 0
0 0 0 0 0 0 0 2 0 0 0 9 0 0 0 0 0 0 0 0 2 1 0 0 0 0 0 0 0 0 0 0 0 0
0 0 0 0 2 0 0 0 0 0 0 9 0 0 0 0 0 0 0 0 2 1 0 0 0 0 0 0 0 0 0 0 0 0
1 0 0 0 1 0 0 0 0 0 0 2 0 2 0 0 0 0 0 0 2 2 0 0 0 0 0 0 0 0 0 0 0 0
0 0 0 1 1 0 0 2 2 2 0 5 0 3 0 0 0 1 0 0 2 3 0 0 0 0 0 0 0 0 0 0 0 0
0 0 0 1 0 0 0 4 4 3 0 12 0 3 0 0 0 0 0 0 3 4 0 0 0 0 0 0 0 0 0 0 0 0
0 0 0 2 0 0 0 5 0 0 0 10 0 2 0 0 0 2 0 2 4 3 0 0 0 0 0 0 0 0 0 0 0 0
0 0 0 1 1 0 0 1 0 0 0 16 0 1 0 0 0 0 0 1 3 2 0 0 0 0 0 0 0 0 0 0 0 0
0 0 0 1 0 0 0 2 0 3 0 2 2 2 0 0 0 0 0 0 3 1 0 0 0 0 0 0 0 0 0 0 0 0
0 0 0 0 4 0 0 3 0 0 2 2 0 2 0 0 0 2 0 0 2 2 0 0 0 0 0 0 0 0 0 0 0 0
0 0 0 1 2 0 0 0 0 2 1 3 0 1 0 0 0 0 0 0 4 1 0 0 0 0 0 0 0 0 0 0 0 0
0 0 0 0 2 0 0 0 0 4 0 3 0 1 0 0 0 0 0 0 4 1 0 0 0 0 0 0 0 0 0 0 0 0
0 0 0 1 1 0 0 0 2 3 0 0 0 0 0 0 0 0 0 0 2 1 0 0 0 0 0 0 0 0 0 0 0 0
0 0 0 2 0 0 0 3 4 0 0 1 1 3 0 0 0 0 0 0 2 3 0 0 0 0 0 0 0 0 0 0 0 0
0 0 0 3 0 0 0 0 0 0 0 8 0 1 0 0 0 1 0 0 2 1 0 0 0 0 0 0 0 0 0 0 0 0
0 0 0 2 0 0 0 0 0 0 0 7 0 2 0 0 0 0 0 0 2 1 0 0 0 0 0 0 0 0 0 0 0 0
1 0 0 0 1 0 0 0 0 0 0 0 0 1 0 0 0 0 0 0 2 1 0 0 0 0 0 0 0 0 0 0 0 1
0 0 0 0 2 0 0 2 2 3 1 0 0 1 0 0 0 0 0 0 2 1 0 0 0 0 0 0 0 0 0 0 0 0
0 0 0 1 2 1 0 0 0 1 1 3 0 1 0 0 0 0 0 0 4 1 0 0 0 0 0 0 0 0 0 0 0 0
0 0 0 5 0 0 0 7 0 0 0 8 0 4 0 0 0 0 0 0 3 5 0 0 0 0 0 0 0 0 0 0 0 0
0 0 0 1 4 0 0 2 0 2 0 2 0 2 0 0 0 0 0 0 4 1 0 0 0 0 0 0 0 0 0 0 0 0
1 0 0 1 1 0 0 0 0 1 0 1 0 2 0 0 0 1 0 0 2 2 0 0 0 0 0 0 0 0 0 0 0 0
0 0 0 0 0 0 0 2 0 0 0 9 0 0 0 0 0 0 0 0 2 1 0 0 0 0 0 0 0 0 0 0 0 0
0 0 0 0 3 1 0 0 0 1 1 3 0 1 0 0 0 0 0 0 4 1 0 0 0 0 0 0 0 0 0 0 0 0
1 0 0 0 1 0 0 0 0 0 0 0 0 1 0 0 0 0 0 0 2 1 0 0 0 0 0 0 0 0 0 0 0 1
0 0 0 4 4 0 0 3 1 0 0 5 0 5 0 0 0 2 0 0 3 3 0 0 0 0 0 0 0 0 0 0 0 0
1 0 0 1 1 0 0 1 1 0 0 1 0 2 0 0 0 0 0 0 2 2 0 0 0 0 0 0 0 0 0 0 0 0
0 0 0 0 3 1 0 0 0 1 2 1 0 1 0 0 0 0 0 2 4 2 0 0 0 0 0 0 0 0 0 0 0 0
0 0 0 1 0 0 0 2 0 3 0 0 4 1 0 0 0 0 0 0 3 1 0 0 0 0 0 0 0 0 0 0 0 0
1 0 0 0 0 0 0 2 2 1 0 0 2 1 0 0 0 0 0 0 2 3 0 0 0 0 0 0 0 0 0 0 0 0
0 0 0 0 6 0 0 1 0 2 3 7 0 3 0 0 0 0 0 0 3 2 0 0 0 0 0 0 0 0 0 0 0 0
0 0 0 0 1 0 0 1 1 1 0 1 0 0 0 0 0 1 0 0 1 1 0 0 0 0 0 0 0 0 0 0 0 0
1 0 0 0 1 0 0 0 0 0 0 2 0 2 0 0 0 0 0 0 2 2 0 0 0 0 0 0 0 0 0 0 0 0
0 0 0 1 7 0 0 0 0 2 2 5 0 5 0 0 0 2 0 0 3 3 0 0 0 0 0 0 0 0 0 0 0 0
0 0 0 0 6 0 0 2 0 1 3 7 0 3 0 0 0 0 0 0 3 2 0 0 0 0 0 0 0 0 0 0 0 0
0 0 0 0 3 1 0 0 0 1 2 2 0 1 0 0 0 0 0 1 4 2 0 0 0 0 0 0 0 0 0 0 0 0
0 0 0 0 0 0 0 4 4 0 0 15 0 0 0 0 0 0 0 0 3 2 0 0 0 0 0 0 0 0 0 0 0 0
1 0 0 0 1 0 0 0 0 0 0 2 0 2 0 0 0 0 0 0 2 2 0 0 0 0 0 0 0 0 0 0 0 0
0 0 0 0 1 0 0 0 1 3 0 3 0 0 0 0 0 1 0 0 3 1 0 0 0 0 0 0 0 0 0 0 0 0
0 0 0 0 0 0 0 2 1 1 0 0 1 3 0 0 0 0 0 0 3 2 0 0 0 0 0 0 0 0 0 0 0 0
0 0 0 1 2 1 0 0 0 1 1 3 0 1 0 0 0 0 0 0 4 1 0 0 0 0 0 0 0 0 0 0 0 0
0 0 0 3 1 0 0 2 2 0 0 7 0 6 0 0 0 0 0 0 3 2 0 0 0 0 0 0 0 0 0 0 0 1
0 0 0 1 2 1 0 0 0 1 1 3 0 1 0 0 0 0 0 0 4 1 0 0 0 0 0 0 0 0 0 0 0 0
0 0 0 0 0 0 0 1 4 1 0 0 0 0 0 0 0 0 0 2 1 2 0 0 0 0 0 0 0 0 0 0 0 0
0 0 0 0 2 0 0 1 3 2 1 0 0 1 0 0 0 0 0 1 2 1 0 0 0 0 0 0 0 0 0 0 0 0
1 0 0 0 1 0 0 0 0 0 0 2 0 2 0 0 0 0 0 0 2 2 0 0 0 0 0 0 0 0 0 0 0 0
0 0 0 0 2 0 0 3 0 2 1 0 0 2 0 0 0 0 0 0 2 1 0 0 0 0 0 0 0 0 0 0 0 0
0 0 0 0 0 0 0 0 1 0 0 3 0 6 0 0 0 0 0 1 2 1 0 0 0 0 0 0 0 0 0 0 0 0
1 0 0 0 0 0 0 0 1 1 0 1 0 0 0 0 0 0 0 0 1 1 0 0 0 0 0 0 0 0 0 0 0 0
0 0 0 1 2 0 0 0 0 2 1 3 0 1 0 0 0 0 0 0 4 1 0 0 0 0 0 0 0 0 0 0 0 0
0 0 0 4 0 0 0 3 0 2 0 0 1 1 0 0 0 0 0 1 2 2 0 0 0 0 0 0 0 0 0 0 0 0
0 0 0 0 3 0 0 0 1 1 1 3 0 1 0 0 0 0 0 0 4 1 0 0 0 0 0 0 0 0 0 0 0 0
0 0 0 3 0 0 0 4 0 3 0 4 0 8 0 0 0 0 0 1 3 5 0 0 0 0 0 0 0 0 0 0 0 0
0 0 0 3 0 0 0 3 2 1 0 4 2 0 0 0 0 0 0 0 2 2 0 0 0 0 0 0 0 0 0 0 0 0
0 0 0 2 0 0 0 2 2 1 0 6 0 2 0 0 0 0 0 0 2 2 0 0 0 0 0 0 0 0 0 0 0 0
0 0 0 0 0 0 0 1 0 0 0 4 0 2 0 0 0 1 0 1 2 1 0 0 0 0 0 0 0 0 0 0 0 2
0 0 0 1 2 0 0 0 0 2 1 2 0 1 0 0 0 0 0 0 4 1 0 0 0 0 0 0 0 0 0 0 0 1
1 0 0 0 1 0 0 0 0 0 0 2 0 2 0 0 0 0 0 0 2 2 0 0 0 0 0 0 0 0 0 0 0 0
0 0 0 1 0 0 0 3 0 0 0 6 0 1 0 0 0 1 0 0 2 1 0 0 0 0 0 0 0 0 0 0 0 0
0 0 0 22 0 0 0 1 4 0 0 0 24 5 0 0 0 0 0 0 3 22 0 0 0 0 0 0 0 0 0 0 0 0
0 0 0 0 0 0 0 1 4 1 0 0 0 2 0 0 0 0 0 0 2 2 0 0 0 0 0 0 0 0 0 0 0 0
1 0 0 0 0 0 0 2 2 3 0 0 1 1 0 0 0 0 0 0 2 3 0 0 0 0 0 0 0 0 0 0 0 0
0 0 0 3 2 0 0 1 0 0 1 3 0 1 0 0 0 0 0 0 4 1 0 0 0 0 0 0 0 0 0 0 0 0
0 0 0 0 3 1 0 0 0 1 1 3 0 1 0 0 0 0 0 0 4 1 0 0 0 0 0 0 0 0 0 0 0 0
0 0 0 0 2 0 0 2 1 1 1 3 0 2 0 0 0 0 0 0 4 1 0 0 0 0 0 0 0 0 0 0 0 0
0 0 0 4 0 0 0 3 0 0 0 13 0 2 0 0 0 2 0 0 3 5 0 0 0 0 0 0 0 0 0 0 0 0
0 0 0 0 0 0 0 3 3 1 0 0 0 1 0 0 0 0 0 0 1 2 0 0 0 0 0 0 0 0 0 0 0 0
1 0 0 0 1 0 0 0 0 0 0 1 0 2 0 0 0 0 0 0 2 2 0 0 0 0 0 0 0 0 0 0 0 1
1 0 0 0 1 0 0 0 0 0 0 2 0 2 0 0 0 0 0 0 2 2 0 0 0 0 0 0 0 0 0 0 0 0
1 0 0 0 1 0 0 0 0 0 0 2 0 2 0 0 0 0 0 0 2 2 0 0 0 0 0 0 0 0 0 0 0 0
0 0 0 0 4 1 0 0 0 1 1 2 0 2 0 0 0 0 0 0 4 1 0 0 0 0 0 0 0 0 0 0 0 0
0 0 0 2 2 0 0 1 0 2 0 3 0 1 0 0 0 0 0 0 4 1 0 0 0 0 0 0 0 0 0 0 0 0
0 0 0 1 1 0 0 4 1 2 0 0 0 2 0 0 0 0 0 0 2 2 0 0 0 0 0 0 0 0 0 0 0 0
0 0 0 0 1 0 0 1 0 1 0 0 2 2 0 0 0 0 0 1 1 2 0 0 0 0 0 0 0 0 0 0 0 0
0 0 0 1 0 0 0 1 0 0 0 9 0 10 0 0 0 0 0 0 3 2 0 0 0 0 0 0 0 0 0 0 0 0
1 0 0 0 1 0 0 0 0 0 0 2 0 2 0 0 0 0 0 0 2 2 0 0 0 0 0 0 0 0 0 0 0 0
0 0 0 0 3 0 0 10 0 3 0 7 1 0 0 0 0 0 0 0 3 4 0 0 0 0 0 0 0 0 0 0 0 0
0 0 0 0 1 0 0 3 1 2 0 0 0 1 0 0 0 0 0 0 2 1 0 0 0 0 0 0 0 0 0 1 0 0
0 0 0 0 0 0 0 0 0 1 0 10 0 8 0 0 0 0 0 0 3 2 0 0 0 0 0 0 0 0 0 0 0 0
1 1 0 1 1 0 0 2 0 0 0 0 1 1 0 0 0 0 0 0 3 1 0 0 0 0 0 0 0 0 0 1 0 0
1 0 0 0 1 0 0 0 0 0 0 2 0 2 0 0 0 0 0 0 2 2 0 0 0 0 0 0 0 0 0 0 0 0
1 0 0 0 1 0 0 0 0 0 0 2 0 2 0 0 0 0 0 0 2 2 0 0 0 0 0 0 0 0 0 0 0 0
1 0 0 1 1 0 0 1 0 0 0 1 0 2 0 0 0 0 0 0 2 2 0 0 0 0 0 0 0 0 0 0 0 0
0 0 0 1 4 0 0 1 0 0 1 3 0 1 0 0 0 0 0 0 4 1 0 0 0 0 0 0 0 0 0 0 0 0
0 0 0 0 3 1 0 0 0 1 1 3 0 1 0 0 0 0 0 0 4 1 0 0 0 0 0 0 0 0 0 0 0 0
1 0 0 0 1 0 0 0 0 0 0 2 0 2 0 0 0 0 0 0 2 2 0 0 0 0 0 0 0 0 0 0 0 0
0 0 0 2 4 0 0 0 0 0 0 3 0 0 0 0 0 0 0 0 2 1 0 0 0 0 0 0 0 0 0 0 0 0
1 0 0 0 1 0 0 0 0 0 0 2 0 2 0 0 0 0 0 0 2 2 0 0 0 0 0 0 0 0 0 0 0 0
0 0 0 2 0 0 0 1 0 0 0 10 0 1 0 0 0 0 0 0 3 1 0 0 0 0 0 0 0 0 0 0 0 0
0 0 0 0 0 0 0 0 1 3 0 4 0 0 0 0 0 0 0 0 2 2 0 0 0 0 0 0 0 0 0 0 0 0
0 0 0 0 0 0 0 6 1 1 0 0 1 1 0 0 0 0 0 0 2 1 0 0 0 0 0 0 0 0 0 0 0 0
0 0 0 1 0 0 0 1 1 1 0 0 0 0 0 0 0 0 0 0 1 1 0 0 0 0 0 0 0 0 0 0 0 0
0 0 0 3 1 0 0 2 1 0 0 5 0 1 0 0 0 0 0 0 2 2 0 0 0 0 0 0 0 0 0 0 0 0
0 0 0 0 2 0 0 0 0 0 2 8 0 9 0 0 0 0 0 1 1 9 0 0 0 0 0 0 0 0 0 0 0 0
0 0 0 1 0 0 1 2 0 2 0 0 1 1 0 0 0 0 0 0 2 1 0 0 0 0 0 0 0 0 0 1 0 0
0 0 0 0 3 0 0 2 0 2 1 2 0 2 0 0 0 0 0 0 4 1 0 0 0 0 0 0 0 0 0 0 0 0
0 0 0 1 2 0 0 0 1 2 0 3 0 1 0 0 0 0 0 0 4 1 0 0 0 0 0 0 0 0 0 0 0 0
0 0 0 0 3 1 0 0 0 1 1 3 0 1 0 0 0 0 0 0 4 1 0 0 0 0 0 0 0 0 0 0 0 0
0 0 0 0 2 0 0 0 4 2 1 0 0 1 0 0 0 0 0 1 2 1 0 0 0 0 0 0 0 0 0 0 0 0
1 0 0 0 1 0 0 0 0 0 0 2 0 2 0 0 0 0 0 0 2 2 0 0 0 0 0 0 0 0 0 0 0 0
0 0 0 0 7 0 0 4 0 4 1 5 0 4 0 0 0 0 0 0 3 4 0 0 0 0 0 0 0 0 0 0 0 0
0 0 0 1 0 0 0 1 1 0 0 8 0 8 0 0 0 0 0 0 3 2 0 0 0 0 0 0 0 0 0 0 0 1
0 0 0 1 7 0 0 1 0 4 2 5 0 5 0 0 0 0 0 0 3 2 0 0 0 0 0 0 0 0 0 0 0 0
1 0 0 0 1 0 0 1 0 1 0 1 0 1 0 0 0 0 0 0 2 2 0 0 0 0 0 0 0 0 0 0 0 0
0 0 0 0 7 0 0 2 0 1 3 6 0 4 0 0 0 0 0 0 3 2 0 0 0 0 0 0 0 0 0 0 0 0
1 0 0 0 1 0 0 0 0 0 0 2 0 2 0 0 0 0 0 0 2 2 0 0 0 0 0 0 0 0 0 0 0 0
0 0 0 6 0 0 1 3 0 1 0 8 0 3 0 0 0 1 0 0 3 2 0 0 0 0 0 0 0 0 0 0 0 0
0 0 0 0 1 0 1 2 0 0 0 0 0 0 0 0 0 0 0 0 2 1 0 0 0 0 0 0 0 0 0 1 0 0
1 0 0 0 1 0 0 0 0 0 0 2 0 2 0 0 0 0 0 0 2 2 0 0 0 0 0 0 0 0 0 0 0 0
0 0 0 0 3 0 0 0 1 3 2 7 0 3 0 0 0 0 0 0 3 2 0 0 0 0 0 0 0 0 0 0 0 0
0 0 0 0 2 1 0 0 0 1 2 3 0 1 0 0 0 0 0 0 4 1 0 0 0 0 0 0 0 0 0 0 0 0
0 0 0 0 0 0 0 3 0 0 0 8 0 2 0 0 0 1 0 0 3 1 0 0 0 0 0 0 0 0 0 0 0 0
0 0 0 0 1 0 0 1 1 1 0 0 0 0 0 0 0 0 0 0 1 1 0 0 0 0 0 0 0 0 0 0 0 0
1 0 0 0 1 0 0 0 0 0 0 2 0 2 0 0 0 0 0 0 2 2 0 0 0 0 0 0 0 0 0 0 0 0
0 0 0 0 2 0 0 3 0 2 0 3 0 0 0 0 0 0 0 0 2 1 0 0 0 0 0 0 0 0 0 0 0 0
0 0 0 0 6 0 0 0 0 3 3 7 0 3 0 0 0 0 0 0 3 2 0 0 0 0 0 0 0 0 0 0 0 0
1 0 0 0 1 0 0 0 2 0 0 1 0 1 0 0 0 0 0 0 2 2 0 0 0 0 0 0 0 0 0 0 0 0
0 0 0 0 1 0 0 2 3 3 0 1 3 3 0 0 0 0 0 0 3 3 0 0 0 0 0 0 0 0 0 0 0 0
0 0 0 3 2 0 0 1 0 0 1 3 0 1 0 0 0 0 0 0 4 1 0 0 0 0 0 0 0 0 0 0 0 0
0 0 0 0 4 0 0 2 2 6 0 5 0 3 0 0 0 0 0 0 3 2 0 0 0 0 0 0 0 0 0 0 0 0
0 0 0 0 0 0 0 1 0 0 0 6 0 7 0 0 0 1 0 0 3 1 0 0 0 0 0 0 0 0 0 0 0 1
0 0 0 2 0 0 0 1 1 1 0 1 0 0 0 0 0 0 0 0 1 1 0 0 0 0 0 0 0 0 0 0 0 0
0 0 0 0 0 0 1 4 3 0 0 12 0 2 0 0 0 1 0 0 3 2 0 0 0 0 0 0 0 0 0 0 0 0
0 0 0 0 2 0 0 2 1 1 1 3 0 2 0 0 0 0 0 0 4 1 0 0 0 0 0 0 0 0 0 0 0 0
0 0 0 2 0 0 0 3 1 1 0 1 1 0 0 0 0 0 0 0 2 1 0 0 0 0 0 0 0 0 0 0 0 0
0 0 0 0 4 0 0 1 0 3 1 2 0 2 0 0 0 0 0 0 4 1 0 0 0 0 0 0 0 0 0 0 0 0
0 0 0 2 0 0 0 0 0 0 0 6 0 3 0 0 0 0 0 0 2 1 0 0 0 0 0 0 0 0 0 0 0 0
0 0 0 0 0 0 0 0 1 3 0 4 0 0 0 0 0 0 0 0 2 2 0 0 0 0 0 0 0 0 0 0 0 0
0 0 0 1 0 0 0 1 0 1 0 2 1 0 0 0 0 0 0 0 1 1 0 0 0 0 0 0 0 0 0 0 0 0
1 0 0 0 1 0 0 0 0 0 0 2 0 2 0 0 0 0 0 0 2 2 0 0 0 0 0 0 0 0 0 0 0 0
0 0 0 1 0 0 0 3 0 0 0 2 0 7 0 0 0 0 0 0 2 1 0 0 0 0 0 0 0 0 0 0 0 0
0 0 0 0 1 0 1 2 0 0 0 2 0 0 0 0 0 0 0 0 2 1 0 0 0 0 0 0 0 0 0 1 0 2
0 0 0 3 0 0 0 1 1 1 0 6 0 11 0 0 0 0 0 0 3 4 0 0 0 0 0 0 0 0 0 0 0 0
0 0 0 1 2 0 0 0 1 4 0 0 0 1 0 0 0 0 0 0 4 1 0 0 0 0 0 0 0 0 0 0 0 0
1 0 0 0 1 0 0 0 0 0 0 2 0 2 0 0 0 0 0 0 2 2 0 0 0 0 0 0 0 0 0 0 0 0
1 0 0 1 0 0 0 2 0 2 0 0 2 1 0 0 0 0 0 0 2 3 0 0 0 0 0 0 0 0 0 0 0 0
0 0 0 0 0 1 0 0 2 2 0 0 1 0 0 0 0 0 0 0 1 1 0 0 0 0 0 0 0 0 0 0 0 0
0 0 0 1 6 0 0 0 0 3 3 6 0 4 0 0 0 0 0 0 3 2 0 0 0 0 0 0 0 0 0 0 0 0
0 0 0 4 0 0 0 1 1 0 0 3 0 0 0 0 0 1 0 2 2 1 0 0 0 0 0 0 0 0 0 0 0 0
1 0 0 0 1 0 0 0 0 0 0 2 0 2 0 0 0 0 0 0 2 2 0 0 0 0 0 0 0 0 0 0 0 0
0 0 0 0 3 1 0 0 0 1 1 2 0 1 0 0 0 0 0 0 4 1 0 0 0 0 0 0 0 0 0 0 0 1
1 0 0 1 1 0 0 1 0 0 0 1 0 3 0 0 0 0 0 0 2 2 0 0 0 0 0 0 0 0 0 0 0 0
0 0 0 1 0 0 0 1 2 2 0 0 0 1 0 0 0 0 0 0 1 1 0 0 0 0 0 0 0 0 0 0 0 0
1 0 0 0 1 0 0 0 0 0 0 2 0 2 0 0 0 0 0 0 2 2 0 0 0 0 0 0 0 0 0 0 0 0
0 0 0 0 2 0 0 0 2 5 1 7 0 1 0 0 0 0 0 0 3 2 0 0 0 0 0 0 0 0 0 0 0 0
1 0 0 1 1 0 0 1 0 0 0 1 0 3 0 0 0 0 0 0 2 2 0 0 0 0 0 0 0 0 0 0 0 0
0 0 0 0 3 0 0 1 1 2 0 2 0 2 0 0 0 0 0 0 4 1 0 0 0 0 0 0 0 0 0 0 0 0
0 0 0 3 0 0 0 2 2 2 0 5 0 1 0 0 0 0 0 0 2 2 0 0 0 0 0 0 0 0 0 0 0 0
0 0 0 1 0 0 0 3 1 1 0 0 1 1 0 0 0 0 0 0 2 1 0 0 0 0 0 0 0 0 0 1 0 0
0 0 0 0 0 0 1 6 4 3 0 5 1 6 0 0 0 1 0 0 3 4 0 0 0 0 0 0 0 0 0 0 0 0
0 0 0 1 1 0 0 2 1 2 0 0 0 0 0 0 0 0 0 1 2 1 0 0 0 0 0 0 0 0 0 0 0 0
0 0 0 0 0 0 0 1 7 0 0 0 2 1 0 0 0 0 0 0 2 2 0 0 0 0 0 0 0 0 0 0 0 0
0 0 0 1 0 0 1 2 0 2 0 0 1 1 0 0 0 0 0 0 2 1 0 0 0 0 0 0 0 0 0 1 0 0
0 0 0 2 2 0 0 1 2 2 0 2 0 1 0 0 0 0 0 0 4 1 0 0 0 0 0 0 0 0 0 0 0 0
1 0 0 0 1 0 0 0 0 0 0 2 0 2 0 0 0 0 0 0 2 2 0 0 0 0 0 0 0 0 0 0 0 0
0 0 0 2 4 0 0 1 0 2 0 1 0 5 0 0 0 0 0 0 2 1 0 0 0 0 0 0 0 0 0 0 0 0
0 0 0 0 3 1 0 0 0 1 1 3 0 1 0 0 0 0 0 0 4 1 0 0 0 0 0 0 0 0 0 0 0 0
1 0 0 0 1 0 0 0 0 0 0 2 0 2 0 0 0 0 0 0 2 2 0 0 0 0 0 0 0 0 0 0 0 0
0 0 0 0 0 0 0 0 1 2 0 3 0 0 0 0 0 0 0 0 2 1 0 0 0 0 0 0 0 0 0 0 0 0
0 0 0 0 2 0 0 0 0 4 0 3 0 1 0 0 0 0 0 0 4 1 0 0 0 0 0 0 0 0 0 0 0 0
1 0 0 0 1 0 0 2 2 1 0 0 1 1 0 0 0 0 0 0 2 3 0 0 0 0 0 0 0 0 0 0 0 0
1 0 0 1 1 0 0 0 0 1 0 0 0 2 0 0 0 1 0 0 2 2 0 0 0 0 0 0 0 0 0 0 0 1
0 0 0 2 4 0 0 6 0 2 2 4 0 3 0 0 0 0 0 0 3 4 0 0 0 0 0 0 0 0 0 0 0 0
0 0 0 2 4 0 0 0 0 2 2 1 0 2 0 0 0 0 0 0 2 1 0 0 0 0 0 0 0 0 0 0 0 0
1 0 0 0 1 0 0 0 0 0 0 2 0 2 0 0 0 0 0 0 2 2 0 0 0 0 0 0 0 0 0 0 0 0
0 0 0 0 2 0 0 3 0 3 0 0 0 2 0 0 0 0 0 0 2 1 0 0 0 0 0 0 0 0 0 0 0 0
0 0 0 1 2 0 0 0 0 2 1 3 0 1 0 0 0 0 0 0 4 1 0 0 0 0 0 0 0 0 0 0 0 0
0 0 0 0 6 0 0 1 1 4 3 6 0 3 0 0 0 0 0 0 3 2 0 0 0 0 0 0 0 0 0 0 0 0
0 0 0 1 0 0 0 2 1 0 0 0 2 3 0 0 0 0 0 0 3 2 0 0 0 0 0 0 0 0 0 0 0 0
0 0 0 0 1 0 0 4 1 1 0 0 0 1 0 1 0 0 0 0 2 1 0 0 0 0 0 0 0 0 0 0 0 0
1 0 0 0 1 0 0 0 0 0 0 2 0 2 0 0 0 0 0 0 2 2 0 0 0 0 0 0 0 0 0 0 0 0
0 0 0 2 5 0 0 1 0 3 1 3 0 4 0 0 0 3 0 0 2 4 0 0 0 0 0 0 0 0 0 0 0 1
0 0 0 1 2 1 0 0 0 1 1 3 0 1 0 0 0 0 0 0 4 1 0 0 0 0 0 0 0 0 0 0 0 0
0 0 0 2 4 0 0 1 0 0 1 2 0 2 0 0 0 1 0 0 4 1 0 0 0 0 0 0 0 0 0 0 0 0
1 0 0 0 0 0 0 0 1 1 0 1 0 0 0 0 0 0 0 0 1 1 0 0 0 0 0 0 0 0 0 0 0 0
0 0 0 0 3 0 0 3 0 2 1 2 0 1 0 0 0 1 0 0 4 3 0 0 0 0 0 0 0 0 0 0 0 0
0 0 0 1 0 0 0 1 2 0 0 0 2 4 0 0 0 0 0 0 3 1 0 0 0 0 0 0 0 0 0 0 0 0
0 0 0 3 1 0 0 2 0 1 0 13 0 4 0 0 0 1 0 0 3 2 0 0 0 0 0 0 0 0 0 0 0 0
0 0 0 1 2 1 0 0 0 1 1 3 0 1 0 0 0 0 0 0 4 1 0 0 0 0 0 0 0 0 0 0 0 0
1 0 0 0 1 0 0 0 0 0 0 2 0 2 0 0 0 0 0 0 2 2 0 0 0 0 0 0 0 0 0 0 0 0
0 0 0 2 1 0 0 2 2 0 0 6 0 0 0 0 0 0 0 0 2 1 0 0 0 0 0 0 0 0 0 0 0 0
1 0 0 1 1 0 0 0 0 0 0 1 0 2 0 0 0 2 0 0 2 2 0 0 0 0 0 0 0 0 0 0 0 0
0 0 0 0 3 1 0 0 0 1 1 3 0 1 0 0 0 0 0 0 4 1 0 0 0 0 0 0 0 0 0 0 0 0
1 0 0 0 2 0 0 0 0 0 0 1 0 2 0 0 0 0 0 1 2 2 0 0 0 0 0 0 0 0 0 0 0 0
1 0 0 0 1 0 0 0 0 0 0 1 0 2 0 0 0 0 0 0 2 2 0 0 0 0 0 0 0 0 0 0 0 1
1 0 0 0 1 0 0 0 0 0 0 2 0 2 0 0 0 0 0 0 2 2 0 0 0 0 0 0 0 0 0 0 0 0
0 0 0 0 6 0 0 1 0 1 2 1 0 2 0 0 0 0 0 0 2 1 0 0 0 0 0 0 0 0 0 0 0 0
0 0 0 4 3 0 0 2 1 0 1 0 0 1 0 0 0 0 0 2 4 3 0 0 0 0 0 0 0 0 0 0 0 0
0 0 0 2 0 0 0 0 2 4 0 1 0 0 0 0 0 0 0 0 2 1 0 0 0 0 0 0 0 0 0 0 0 0
0 0 0 1 2 0 0 2 1 1 1 2 0 3 0 0 0 1 0 0 4 1 0 0 0 0 0 0 0 0 0 0 0 0
0 0 0 0 4 0 0 0 0 0 0 4 0 3 0 0 0 3 0 2 2 1 0 0 0 0 0 0 0 0 0 0 0 0
1 0 0 1 1 0 0 2 0 0 0 0 1 1 0 0 0 0 0 0 2 2 0 0 0 0 0 0 0 0 0 0 0 0
0 0 0 2 3 0 0 1 0 0 1 3 0 1 0 0 0 0 0 0 4 1 0 0 0 0 0 0 0 0 0 0 0 0
1 0 0 0 1 0 0 0 0 0 0 2 0 2 0 0 0 0 0 0 2 2 0 0 0 0 0 0 0 0 0 0 0 0
0 0 0 0 0 0 0 1 0 1 0 6 0 0 0 0 0 1 0 0 2 1 0 0 0 0 0 0 0 0 0 0 0 0
0 0 0 1 2 0 0 0 0 2 1 3 0 1 0 0 0 0 0 0 4 1 0 0 0 0 0 0 0 0 0 0 0 0
1 0 0 0 1 0 0 0 0 0 0 1 0 2 0 0 0 0 0 0 2 2 0 0 0 0 0 0 0 0 0 0 0 1
1 1 0 1 1 0 0 2 0 1 0 0 1 0 0 0 0 0 0 0 3 1 0 0 0 0 0 0 0 0 0 1 0 0
1 0 0 1 1 0 0 1 1 0 0 1 0 2 0 0 0 0 0 0 2 2 0 0 0 0 0 0 0 0 0 0 0 0
0 0 0 0 2 0 0 0 0 0 0 3 0 6 0 0 0 0 0 0 2 1 0 0 0 0 0 0 0 0 0 0 0 0
0 0 0 0 3 0 0 0 1 2 1 2 0 1 0 0 0 0 0 1 4 1 0 0 0 0 0 0 0 0 0 0 0 0
0 0 0 3 0 0 0 7 1 2 0 3 0 5 0 0 0 1 0 1 3 4 0 0 0 0 0 0 0 0 0 0 0 1
1 0 0 0 1 0 0 0 0 0 0 2 0 2 0 0 0 0 0 0 2 2 0 0 0 0 0 0 0 0 0 0 0 0
0 0 0 1 2 1 0 0 0 1 1 3 0 1 0 0 0 0 0 0 4 1 0 0 0 0 0 0 0 0 0 0 0 0
0 0 0 0 3 0 0 0 0 3 0 3 0 1 0 0 0 0 0 0 4 1 0 0 0 0 0 0 0 0 0 0 0 0
0 0 0 0 0 0 0 2 0 0 0 12 0 1 0 0 0 0 0 0 3 1 0 0 0 0 0 0 0 0 0 0 0 0
1 0 0 0 1 0 0 0 0 0 0 2 0 2 0 0 0 0 0 0 2 2 0 0 0 0 0 0 0 0 0 0 0 0
0 0 0 1 0 0 0 2 1 1 0 0 0 0 0 0 0 0 0 0 2 1 0 0 0 0 0 0 0 0 0 1 0 0
0 0 0 1 0 0 0 0 3 2 0 0 1 0 0 0 0 0 0 0 2 1 0 0 0 0 0 0 0 0 0 0 0 0
1 0 0 0 1 0 0 0 0 0 0 2 0 2 0 0 0 0 0 0 2 2 0 0 0 0 0 0 0 0 0 0 0 0
0 0 0 0 0 0 0 1 4 0 0 0 1 3 0 0 0 0 0 0 2 2 0 0 0 0 0 0 0 0 0 0 0 0
0 0 0 0 0 0 0 5 0 1 0 6 0 1 0 0 0 0 0 0 2 1 0 0 0 0 0 0 0 0 0 0 0 0
0 0 0 3 1 0 0 2 0 1 0 4 2 1 0 0 0 0 0 0 2 3 0 0 0 0 0 0 0 0 0 0 0 0
0 0 0 0 1 0 0 2 1 1 0 1 0 0 0 0 0 0 0 0 1 1 0 0 0 0 0 0 0 0 0 0 0 0
0 0 0 1 6 0 0 2 0 2 3 6 0 4 0 0 0 0 0 0 3 2 0 0 0 0 0 0 0 0 0 0 0 0
0 0 0 3 0 0 0 3 2 0 0 0 2 3 0 0 0 0 0 0 3 1 0 0 0 0 0 0 0 0 0 0 0 0
0 0 0 2 4 0 0 5 0 4 1 5 0 5 0 0 0 0 0 0 3 2 0 0 0 0 0 0 0 0 0 0 0 0
0 0 0 2 2 0 0 1 0 0 2 3 0 1 0 0 0 0 0 0 4 1 0 0 0 0 0 0 0 0 0 0 0 0
1 0 0 0 0 0 0 0 0 1 0 3 0 2 0 0 0 1 0 0 1 3 0 0 0 0 0 0 0 0 0 0 0 0
0 0 0 0 2 0 0 0 0 0 0 3 0 6 0 0 0 0 0 0 2 1 0 0 0 0 0 0 0 0 0 0 0 0
0 0 0 1 2 1 0 4 0 4 0 0 0 1 0 0 0 0 0 0 3 3 0 0 0 0 0 0 0 0 0 0 0 0
1 0 0 0 2 0 0 1 0 0 0 1 0 2 0 0 0 0 0 0 2 2 0 0 0 0 0 0 0 0 0 0 0 0
0 0 0 2 6 0 0 2 0 6 0 5 0 3 0 0 0 0 0 1 3 2 0 0 0 0 0 0 0 0 0 0 0 0
1 0 0 0 1 0 0 0 0 0 0 2 0 2 0 0 0 0 0 0 2 2 0 0 0 0 0 0 0 0 0 0 0 0
0 0 0 1 0 0 0 1 0 1 0 2 1 0 0 0 0 0 0 0 1 1 0 0 0 0 0 0 0 0 0 0 0 0
1 0 0 0 1 0 0 0 0 0 0 2 0 2 0 0 0 0 0 0 2 2 0 0 0 0 0 0 0 0 0 0 0 0
0 0 0 2 4 0 0 1 0 1 2 1 0 2 0 0 0 0 0 0 2 1 0 0 0 0 0 0 0 0 0 0 0 0
1 0 0 0 0 0 0 1 2 2 0 1 0 0 0 0 0 0 0 0 1 1 0 0 0 0 0 0 0 0 0 0 0 0
1 0 0 2 1 0 0 3 0 0 0 0 0 3 0 0 0 0 0 0 2 2 0 0 0 0 0 0 0 0 0 0 0 0
1 0 0 0 1 0 0 0 0 0 0 2 0 2 0 0 0 0 0 0 2 2 0 0 0 0 0 0 0 0 0 0 0 0
0 0 0 1 1 1 0 2 1 1 0 0 0 0 0 0 0 1 0 0 2 1 0 0 0 0 0 0 0 0 0 0 0 0
0 0 0 0 2 0 0 0 0 4 0 3 0 1 0 0 0 0 0 0 4 1 0 0 0 0 0 0 0 0 0 0 0 0
0 0 0 2 4 0 0 0 0 3 1 1 0 2 0 0 0 0 0 0 2 1 0 0 0 0 0 0 0 0 0 0 0 0
0 0 0 5 2 0 0 5 1 0 0 7 0 3 0 0 0 4 0 1 3 6 0 0 0 0 0 0 0 0 0 0 0 0
0 0 0 0 2 0 0 0 0 4 0 3 0 1 0 0 0 0 0 0 4 1 0 0 0 0 0 0 0 0 0 0 0 0
0 0 0 3 0 0 0 0 0 0 0 6 0 1 0 0 0 1 0 0 2 1 0 0 0 0 0 0 0 0 0 0 0 0
0 0 0 0 0 0 0 1 0 1 0 0 4 4 0 0 1 0 0 0 1 3 0 0 0 0 0 0 0 0 0 0 0 0
0 0 0 0 6 0 0 0 0 5 1 7 0 3 0 0 0 0 0 0 3 2 0 0 0 0 0 0 0 0 0 0 0 0
0 0 0 2 0 0 0 4 0 0 0 6 0 2 0 0 0 0 0 0 2 1 0 0 0 0 0 0 0 0 0 0 0 0
1 0 0 0 0 0 0 2 2 1 0 0 2 1 0 0 0 0 0 0 2 3 0 0 0 0 0 0 0 0 0 0 0 0
0 0 0 1 7 0 0 1 0 2 2 6 0 4 0 0 0 0 0 0 3 2 0 0 0 0 0 0 0 0 0 0 0 0
0 0 0 0 2 0 0 0 1 2 0 3 0 1 0 0 0 0 0 0 4 1 0 0 0 0 0 0 0 0 0 0 0 0
0 0 0 1 0 0 0 2 5 0 0 1 1 3 0 0 0 1 0 0 2 2 0 0 0 0 0 0 0 0 0 0 0 0
0 0 0 0 3 1 0 0 0 1 1 3 0 1 0 0 0 0 0 0 4 1 0 0 0 0 0 0 0 0 0 0 0 0
0 0 0 0 0 0 1 5 2 2 0 3 1 9 0 0 0 0 0 0 3 4 0 0 0 0 0 0 0 0 0 0 0 1
0 0 0 1 1 0 0 2 0 0 0 8 0 10 0 0 0 0 0 0 3 2 0 0 0 0 0 0 0 0 0 0 0 0
0 0 0 1 3 0 0 0 1 1 1 2 0 1 0 0 0 0 0 1 4 2 0 0 0 0 0 0 0 0 0 0 0 0
0 0 0 1 4 0 0 1 0 0 1 3 0 1 0 0 0 0 0 0 4 1 0 0 0 0 0 0 0 0 0 0 0 0
0 0 0 0 2 0 0 0 1 2 0 2 0 1 0 0 0 0 0 0 4 1 0 0 0 0 0 0 0 0 0 0 0 1
0 0 0 0 2 0 1 2 2 2 0 0 0 1 0 0 0 0 0 0 4 1 0 0 0 0 0 0 0 0 0 0 0 1
1 0 0 0 0 0 0 1 0 0 0 1 0 1 0 0 0 0 0 0 2 1 0 0 0 0 0 0 0 0 0 0 0 0
0 0 0 1 1 0 0 3 1 1 0 0 0 0 0 0 0 0 0 0 2 1 0 0 0 0 0 0 0 0 0 1 0 0
0 0 0 1 0 0 0 2 0 2 0 0 1 0 0 0 0 0 0 0 1 1 0 0 0 0 0 0 0 0 0 0 0 0
0 0 0 0 2 0 0 0 1 4 0 0 0 2 0 0 0 2 0 0 2 1 0 0 0 0 0 0 0 0 0 0 0 0
1 0 0 0 1 0 0 0 0 0 0 2 0 2 0 0 0 0 0 0 2 2 0 0 0 0 0 0 0 0 0 0 0 0
0 0 0 6 0 0 0 1 0 1 0 3 0 1 0 0 0 3 0 0 2 3 0 0 0 0 0 0 0 0 0 0 0 0
0 0 0 4 0 0 0 4 0 0 0 3 0 1 0 0 0 0 0 0 2 1 0 0 0 0 0 0 0 0 0 0 0 0
0 0 0 3 7 0 0 1 0 2 1 4 0 4 0 0 0 2 0 0 3 3 0 0 0 0 0 0 0 0 0 0 0 0
1 0 0 0 1 0 0 0 0 0 0 1 0 2 0 0 0 0 0 0 2 2 0 0 0 0 0 0 0 0 0 0 0 1
0 0 0 1 1 0 0 2 0 1 0 1 0 0 0 0 0 0 0 0 2 1 0 0 0 0 0 0 0 0 0 0 0 0
1 0 0 0 1 0 0 0 0 0 0 0 0 1 0 0 0 0 0 0 2 1 0 0 0 0 0 0 0 0 0 0 0 1
0 0 0 2 3 0 1 0 0 1 0 3 0 1 0 0 0 0 0 0 4 1 0 0 0 0 0 0 0 0 0 0 0 0
1 0 0 0 0 0 0 0 1 2 0 1 0 0 0 0 0 0 0 0 1 1 0 0 0 0 0 0 0 0 0 0 0 0
0 0 0 0 0 0 0 1 1 2 0 0 0 1 0 0 0 0 0 0 1 1 0 0 0 0 0 0 0 0 0 0 0 0
0 0 0 1 6 0 0 2 0 1 2 7 0 3 0 0 0 0 0 0 3 2 0 0 0 0 0 0 0 0 0 0 0 0
0 0 0 1 1 0 0 2 0 1 0 1 0 0 0 0 0 0 0 0 2 1 0 0 0 0 0 0 0 0 0 0 0 0
1 0 0 0 1 0 0 0 0 0 0 2 0 2 0 0 0 0 0 0 2 2 0 0 0 0 0 0 0 0 0 0 0 0
0 0 0 0 2 0 0 1 0 1 2 3 0 1 0 0 0 0 0 0 4 1 0 0 0 0 0 0 0 0 0 0 0 0
0 0 0 3 1 0 0 2 1 0 0 4 0 1 0 0 0 1 0 2 3 1 0 0 0 0 0 0 0 0 0 0 0 0
0 0 0 1 3 0 1 0 0 1 1 3 0 1 0 0 0 0 0 0 4 1 0 0 0 0 0 0 0 0 0 0 0 0
0 0 0 0 2 0 0 0 1 2 1 3 0 1 0 0 0 0 0 0 4 1 0 0 0 0 0 0 0 0 0 0 0 0
0 0 0 0 0 0 0 1 0 3 0 2 2 2 0 0 0 0 0 0 1 2 0 0 0 0 0 0 0 0 0 0 0 0
0 0 0 1 0 0 0 3 0 1 0 3 1 0 0 0 0 0 0 0 1 1 0 0 0 0 0 0 0 0 0 0 0 0
1 0 0 1 1 0 0 0 0 1 0 1 0 2 0 0 0 1 0 0 2 2 0 0 0 0 0 0 0 0 0 0 0 0
0 0 0 2 0 0 0 3 1 0 0 4 0 0 0 0 0 0 0 1 2 1 0 0 0 0 0 0 0 0 0 0 0 0
0 0 0 0 0 0 0 7 0 2 0 3 0 1 0 0 0 0 0 0 2 2 0 0 0 0 0 0 0 0 0 0 0 0
0 0 0 1 2 1 0 0 0 1 1 3 0 1 0 0 0 0 0 0 4 1 0 0 0 0 0 0 0 0 0 0 0 0
1 0 0 0 1 0 0 0 0 0 0 2 0 2 0 0 0 0 0 0 2 2 0 0 0 0 0 0 0 0 0 0 0 0
0 0 0 0 4 0 0 0 1 2 3 7 0 2 0 0 0 0 0 0 3 2 0 0 0 0 0 0 0 0 0 0 0 0
0 0 0 3 0 0 1 2 0 0 0 3 0 0 0 1 0 0 0 0 2 1 0 0 0 0 0 0 0 0 0 0 0 0
0 0 0 0 2 0 0 1 0 1 0 1 0 0 0 1 0 0 0 0 1 1 0 0 0 0 0 0 0 0 0 0 0 0
0 0 0 1 2 0 0 0 1 2 0 3 0 1 0 0 0 0 0 0 4 1 0 0 0 0 0 0 0 0 0 0 0 0
1 0 0 0 1 0 0 0 0 0 0 1 0 2 0 0 0 0 0 0 2 2 0 0 0 0 0 0 0 0 0 0 0 1
0 0 0 2 0 0 0 5 1 0 0 1 0 1 0 0 0 0 0 0 2 1 0 0 0 0 0 0 0 0 0 0 0 0
1 1 0 1 1 0 0 2 0 1 0 0 0 1 0 0 0 0 0 0 3 1 0 0 0 0 0 0 0 0 0 1 0 0
0 0 0 0 5 0 0 3 0 1 2 0 0 4 0 0 0 0 0 0 2 1 0 0 0 0 0 0 0 0 0 0 0 0
0 0 0 0 0 0 0 1 0 2 0 10 0 6 0 0 0 0 0 0 3 2 0 0 0 0 0 0 0 0 0 0 0 0
0 0 0 1 7 0 0 3 1 2 3 4 0 4 0 0 0 0 0 2 3 4 0 0 0 0 0 0 0 0 0 0 0 0
0 0 0 0 6 0 0 1 0 3 2 7 0 3 0 0 0 0 0 0 3 2 0 0 0 0 0 0 0 0 0 0 0 0
0 0 0 2 0 0 0 0 0 0 0 9 0 0 0 0 0 0 0 0 2 1 0 0 0 0 0 0 0 0 0 0 0 0
0 0 0 2 0 0 0 2 1 1 0 0 0 0 0 0 0 0 0 0 1 1 0 0 0 0 0 0 0 0 0 0 0 0
0 0 0 2 0 0 0 0 0 0 0 8 0 0 0 0 0 0 0 1 2 1 0 0 0 0 0 0 0 0 0 0 0 0
0 0 0 1 3 1 0 1 0 1 1 2 0 2 0 0 0 0 0 0 4 1 0 0 0 0 0 0 0 0 0 0 0 0
1 0 0 0 0 0 0 2 2 2 0 0 1 0 0 0 0 0 0 0 2 2 0 0 0 0 0 0 0 0 0 0 0 0
0 0 0 0 2 0 0 0 0 0 0 6 0 3 0 0 0 0 0 0 2 1 0 0 0 0 0 0 0 0 0 0 0 0
1 0 0 0 0 0 0 0 1 2 0 1 0 0 0 0 0 0 0 0 1 1 0 0 0 0 0 0 0 0 0 0 0 0
0 0 0 1 2 0 0 0 0 1 1 3 0 2 0 0 0 0 0 0 4 1 0 0 0 0 0 0 0 0 0 0 0 0
0 0 0 5 2 0 0 3 0 1 0 11 0 2 0 0 0 0 0 1 3 4 0 0 0 0 0 0 0 0 0 0 0 0
0 0 0 1 0 0 0 1 1 2 0 0 1 0 0 0 0 0 0 0 1 1 0 0 0 0 0 0 0 0 0 0 0 0
1 0 0 0 1 0 0 0 0 0 0 2 0 2 0 0 0 0 0 0 2 2 0 0 0 0 0 0 0 0 0 0 0 0
0 0 0 1 0 0 0 1 0 3 0 0 3 0 0 0 0 0 0 0 3 1 0 0 0 0 0 0 0 0 0 1 0 0
0 0 0 1 0 0 0 3 3 1 0 0 4 2 0 0 0 0 0 0 3 1 0 0 0 0 0 0 0 0 0 0 0 0
0 0 0 1 0 0 0 3 1 1 0 2 0 0 0 0 0 0 0 0 2 1 0 0 0 0 0 0 0 0 0 0 0 0
0 0 0 1 0 0 0 3 0 3 1 7 0 6 0 0 0 1 0 0 3 4 0 0 0 0 0 0 0 0 0 0 0 0
1 0 0 0 0 0 0 0 1 1 0 1 0 0 0 0 0 0 0 0 1 1 0 0 0 0 0 0 0 0 0 0 0 0
0 0 0 0 1 0 0 3 1 2 1 1 0 1 0 0 0 0 0 0 2 1 0 0 0 0 0 0 0 0 0 0 0 0
1 0 0 1 1 0 0 0 0 0 0 1 0 2 0 0 0 0 0 1 2 2 0 0 0 0 0 0 0 0 0 0 0 0
0 0 0 1 0 0 0 2 0 4 0 1 2 1 0 0 0 1 0 0 3 1 0 0 0 0 0 0 0 0 0 0 0 0
0 0 0 4 2 0 0 1 0 0 0 11 0 2 0 0 0 2 0 1 3 3 0 0 0 0 0 0 0 0 0 0 0 0
1 0 0 0 1 0 0 0 0 2 0 2 0 2 0 0 0 0 0 0 2 2 0 0 0 0 0 0 0 0 0 0 0 0
0 0 0 3 0 0 0 1 0 0 0 5 0 0 0 2 0 0 0 0 2 1 0 0 0 0 0 0 0 0 0 0 0 0
1 0 0 0 1 0 0 0 0 0 0 2 0 2 0 0 0 0 0 0 2 2 0 0 0 0 0 0 0 0 0 0 0 0
0 0 0 1 0 0 0 1 4 2 0 0 3 10 0 0 0 0 0 0 3 2 0 0 0 0 0 0 0 0 0 0 0 0
0 1 0 1 0 0 0 1 0 1 0 0 0 0 0 0 0 0 0 0 1 1 0 0 0 0 0 0 0 0 0 0 0 0
0 0 0 6 1 0 0 3 0 0 0 7 0 1 0 0 0 0 0 0 3 3 0 0 0 0 0 0 0 0 0 0 0 0
0 0 0 0 0 0 0 2 1 3 0 0 5 2 0 0 0 0 0 0 3 2 0 0 0 0 0 0 0 0 0 0 0 0
0 0 0 0 1 0 0 2 1 1 0 0 0 0 0 0 0 0 0 0 2 1 0 0 0 0 0 0 0 0 0 1 0 0
0 0 0 0 0 1 0 14 9 4 0 0 8 0 0 0 0 0 0 0 2 8 0 0 0 0 0 0 0 0 0 0 0 0
0 0 0 0 2 0 0 0 1 2 1 3 0 1 0 0 0 0 0 0 4 1 0 0 0 0 0 0 0 0 0 0 0 0
0 0 0 0 1 1 0 3 0 2 0 0 1 1 0 0 0 0 0 0 2 1 0 0 0 0 0 0 0 0 0 0 0 0
1 0 0 0 1 0 0 0 0 0 0 1 0 2 0 0 0 0 0 0 2 2 0 0 0 0 0 0 0 0 0 0 0 1
0 0 0 0 0 0 1 6 2 3 0 13 1 2 0 0 0 0 0 0 3 4 0 0 0 0 0 0 0 0 0 0 0 0
1 0 0 0 1 0 0 0 0 0 0 2 0 2 0 0 0 0 0 0 2 2 0 0 0 0 0 0 0 0 0 0 0 0
1 0 0 0 1 0 0 0 0 0 0 2 0 2 0 0 0 0 0 0 2 2 0 0 0 0 0 0 0 0 0 0 0 0
0 0 0 1 1 0 0 1 0 0 0 7 0 11 0 0 0 1 0 0 3 3 0 0 0 0 0 0 0 0 0 0 0 0
0 0 0 1 0 0 0 1 0 0 0 8 0 0 0 0 0 0 0 1 2 1 0 0 0 0 0 0 0 0 0 0 0 0
0 0 0 2 0 0 0 2 1 1 0 0 0 0 0 0 0 1 0 0 2 1 0 0 0 0 0 0 0 0 0 1 0 0
0 0 0 0 2 0 0 0 1 2 1 3 0 1 0 0 0 0 0 0 4 1 0 0 0 0 0 0 0 0 0 0 0 0
0 0 0 0 3 0 0 0 0 3 0 3 0 1 0 0 0 0 0 0 4 1 0 0 0 0 0 0 0 0 0 0 0 0
0 0 0 0 2 0 0 0 0 3 1 3 0 1 0 0 0 0 0 0 4 1 0 0 0 0 0 0 0 0 0 0 0 0
0 0 0 1 0 0 0 1 0 0 0 12 0 1 0 0 0 0 0 0 3 1 0 0 0 0 0 0 0 0 0 0 0 0
0 0 0 1 2 1 0 0 0 1 1 3 0 1 0 0 0 0 0 0 4 1 0 0 0 0 0 0 0 0 0 0 0 0
0 0 0 1 2 0 0 2 1 2 0 5 0 0 0 0 0 0 0 0 2 2 0 0 0 0 0 0 0 0 0 0 0 0
1 0 0 0 1 0 0 0 0 0 0 2 0 2 0 0 0 0 0 0 2 2 0 0 0 0 0 0 0 0 0 0 0 0
0 0 0 0 2 0 0 0 2 5 1 7 0 1 0 0 0 0 0 0 3 2 0 0 0 0 0 0 0 0 0 0 0 0
0 0 0 3 6 0 0 0 0 3 2 4 0 7 0 0 0 3 0 0 3 2 0 0 0 0 0 0 0 0 0 0 0 0
0 0 0 0 0 0 0 0 1 3 0 4 0 0 0 0 0 0 0 0 2 2 0 0 0 0 0 0 0 0 0 0 0 0
0 0 0 4 0 0 0 2 0 1 0 15 0 2 0 0 0 3 0 0 3 4 0 0 0 0 0 0 0 0 0 0 0 0
0 0 0 3 1 0 0 1 0 1 1 3 0 1 0 0 0 0 0 0 4 1 0 0 0 0 0 0 0 0 0 0 0 0
0 0 0 0 0 0 0 1 4 1 0 2 1 1 0 0 0 0 0 0 2 1 0 0 0 0 0 0 0 0 0 0 0 0
1 0 0 1 1 0 0 1 1 0 0 1 0 2 0 0 0 0 0 0 2 2 0 0 0 0 0 0 0 0 0 0 0 0
0 0 0 1 0 0 0 2 0 0 0 7 0 2 0 0 0 1 0 0 2 1 0 0 0 0 0 0 0 0 0 0 0 0
0 0 0 1 2 1 0 0 0 1 1 3 0 1 0 0 0 0 0 0 4 1 0 0 0 0 0 0 0 0 0 0 0 0
0 0 0 1 0 0 0 1 0 1 0 5 0 0 0 1 0 0 0 0 2 1 0 0 0 0 0 0 0 0 0 0 0 0
0 0 0 4 3 0 0 2 0 1 0 10 0 1 0 0 0 0 0 0 3 2 0 0 0 0 0 0 0 0 0 0 0 0
0 0 0 1 0 0 0 4 4 0 0 14 0 0 0 0 0 0 0 0 3 2 0 0 0 0 0 0 0 0 0 0 0 0
1 0 0 0 1 0 0 0 0 0 0 2 0 2 0 0 0 0 0 0 2 2 0 0 0 0 0 0 0 0 0 0 0 0
0 0 0 1 0 0 0 1 1 3 0 3 1 2 0 0 0 1 0 0 2 2 0 0 0 0 0 0 0 0 0 0 0 0
0 0 0 0 4 0 0 0 0 3 0 2 0 2 0 0 0 3 0 0 4 3 0 0 0 0 0 0 0 0 0 0 0 0
0 0 0 1 0 0 0 2 1 0 0 6 0 0 0 0 0 0 0 2 2 1 0 0 0 0 0 0 0 0 0 0 0 0
1 0 0 0 1 0 0 0 0 0 0 2 0 2 0 0 0 0 0 0 2 2 0 0 0 0 0 0 0 0 0 0 0 0
0 0 0 1 2 0 0 0 0 2 1 3 0 1 0 0 0 0 0 0 4 1 0 0 0 0 0 0 0 0 0 0 0 0
0 0 0 4 0 0 0 6 0 0 0 13 0 2 0 0 0 0 0 0 3 6 0 0 0 0 0 0 0 0 0 0 0 0
0 0 0 0 1 0 1 2 0 1 0 0 1 0 0 0 0 0 0 0 2 1 0 0 0 0 0 0 0 0 0 1 0 0
0 0 0 0 2 0 0 2 3 0 1 1 0 1 0 0 0 1 0 0 2 1 0 0 0 0 0 0 0 0 0 0 0 0
0 0 0 3 0 0 0 2 2 1 0 5 0 2 0 0 0 0 0 0 2 2 0 0 0 0 0 0 0 0 0 0 0 0
0 0 0 1 0 0 0 2 0 0 0 8 0 1 0 0 0 0 1 0 2 2 0 0 0 0 0 0 0 0 0 0 0 0
0 0 0 1 4 0 0 1 0 0 1 3 0 1 0 0 0 0 0 0 4 1 0 0 0 0 0 0 0 0 0 0 0 0
0 0 0 1 6 0 0 2 0 3 1 6 0 3 0 0 0 0 0 1 3 2 0 0 0 0 0 0 0 0 0 0 0 0
0 0 0 0 0 0 0 2 1 1 0 0 1 2 0 0 0 0 0 0 3 1 0 0 0 0 0 0 0 0 0 0 0 0
1 0 0 0 1 0 0 0 0 0 0 2 0 2 0 0 0 0 0 0 2 2 0 0 0 0 0 0 0 0 0 0 0 0
1 0 0 0 1 0 0 2 0 1 0 0 2 1 0 0 0 0 0 0 2 3 0 0 0 0 0 0 0 0 0 0 0 0
0 0 0 5 1 0 0 1 0 0 0 4 0 8 0 0 0 3 0 0 3 5 0 0 0 0 0 0 0 0 0 0 0 1
0 0 0 1 0 0 0 1 1 1 0 2 0 0 0 0 0 0 0 0 1 1 0 0 0 0 0 0 0 0 0 0 0 0
0 0 0 2 0 0 0 3 0 0 0 7 0 10 0 0 0 0 0 0 3 4 0 0 0 0 0 0 0 0 0 0 0 0
0 0 0 0 0 0 0 3 1 3 0 0 2 1 0 0 0 0 0 0 2 2 0 0 0 0 0 0 0 0 0 0 0 0
0 0 0 3 2 0 0 4 1 0 0 12 0 2 0 0 0 0 0 1 3 4 0 0 0 0 0 0 0 0 0 0 0 0
0 0 0 1 3 0 0 3 1 0 3 1 0 2 0 0 0 0 0 0 4 1 0 0 0 0 0 0 0 0 0 0 0 0
0 0 0 1 2 0 0 0 1 2 0 3 0 1 0 0 0 0 0 0 4 1 0 0 0 0 0 0 0 0 0 0 0 0
1 0 0 1 1 0 0 0 0 1 0 1 0 2 0 0 0 0 0 0 2 2 0 0 0 0 0 0 0 0 0 0 0 0
0 0 0 3 0 0 0 4 1 0 0 2 0 0 0 0 0 1 0 0 2 1 0 0 0 0 0 0 0 0 0 0 0 0
0 0 0 1 1 0 0 2 1 0 0 7 0 2 0 0 0 0 0 2 3 2 0 0 0 0 0 0 0 0 0 0 0 0
0 0 0 3 3 0 0 1 0 0 1 2 0 1 0 0 0 0 0 1 4 1 0 0 0 0 0 0 0 0 0 0 0 0
0 0 0 0 0 0 0 0 0 0 0 10 0 9 0 0 0 0 0 0 3 2 0 0 0 0 0 0 0 0 0 0 0 0
0 0 0 2 1 0 0 4 0 2 0 0 2 2 0 0 0 0 0 0 2 3 0 0 0 0 0 0 0 0 0 0 0 0
0 0 0 1 1 0 0 2 0 1 0 7 0 9 0 0 0 2 0 0 3 4 0 0 0 0 0 0 0 0 0 0 0 0
0 0 0 0 2 0 0 1 1 2 1 1 0 1 0 0 0 0 0 1 2 1 0 0 0 0 0 0 0 0 0 0 0 0
0 0 0 1 1 0 0 2 4 1 0 0 2 2 0 0 0 0 0 0 3 2 0 0 0 0 0 0 0 0 0 1 0 0
0 0 0 1 2 0 0 0 0 2 1 3 0 1 0 0 0 0 0 0 4 1 0 0 0 0 0 0 0 0 0 0 0 0
1 0 0 0 2 0 0 1 1 0 0 1 0 2 0 0 0 0 0 0 2 2 0 0 0 0 0 0 0 0 0 0 0 0
1 0 0 0 1 0 0 0 0 0 0 2 0 2 0 0 0 0 0 0 2 2 0 0 0 0 0 0 0 0 0 0 0 0
0 0 0 0 2 0 0 1 1 2 1 1 0 1 0 0 0 0 0 1 2 1 0 0 0 0 0 0 0 0 0 0 0 0
0 0 0 0 0 0 0 0 1 3 0 4 0 0 0 0 0 0 0 0 2 2 0 0 0 0 0 0 0 0 0 0 0 0
0 0 0 1 0 0 0 2 0 1 1 8 0 8 0 0 0 0 0 0 1 9 0 0 0 0 0 0 0 0 0 0 0 0
0 0 0 2 3 0 0 1 0 0 1 3 0 1 0 0 0 0 0 0 4 1 0 0 0 0 0 0 0 0 0 0 0 0
1 0 0 0 1 0 0 0 0 0 0 2 0 2 0 0 0 0 0 0 2 2 0 0 0 0 0 0 0 0 0 0 0 0
1 0 0 0 1 0 0 0 0 0 0 2 0 2 0 0 0 0 0 0 2 2 0 0 0 0 0 0 0 0 0 0 0 0
0 0 0 7 1 0 0 4 0 0 0 7 0 2 0 0 0 0 0 1 3 5 0 0 0 0 0 0 0 0 0 0 0 0
1 0 0 0 1 0 0 0 0 0 0 2 0 2 0 0 0 0 0 0 2 2 0 0 0 0 0 0 0 0 0 0 0 0
0 0 0 3 0 0 0 0 0 0 0 8 0 1 0 0 0 1 0 0 2 1 0 0 0 0 0 0 0 0 0 0 0 0
1 0 0 0 1 0 0 4 0 0 0 0 0 0 0 0 0 0 0 0 2 2 0 0 0 0 0 0 0 0 0 0 0 0
0 0 0 0 0 0 0 2 1 0 0 9 0 6 0 0 0 0 0 0 3 2 0 0 0 0 0 0 0 0 0 0 0 0
0 0 0 1 0 1 0 1 1 3 0 0 2 0 0 0 0 0 0 0 3 1 0 0 0 0 0 0 0 0 0 0 0 0
1 0 0 1 0 0 0 1 3 1 1 0 0 128 0 0 0 2 0 0 2 2 0 0 0 0 0 0 0 0 0 0 0 0
0 0 0 1 1 0 0 1 0 0 0 15 0 1 0 0 0 0 0 1 3 2 0 0 0 0 0 0 0 0 0 0 0 0
0 0 0 0 3 1 0 0 0 1 1 3 0 1 0 0 0 0 0 0 4 1 0 0 0 0 0 0 0 0 0 0 0 0
0 0 0 0 6 0 0 1 0 2 3 7 0 3 0 0 0 0 0 0 3 2 0 0 0 0 0 0 0 0 0 0 0 0
1 0 0 0 0 0 0 0 1 1 0 1 0 0 0 0 0 0 0 0 1 1 0 0 0 0 0 0 0 0 0 0 0 0
0 0 0 2 0 0 0 4 2 2 0 4 0 2 0 0 0 0 0 0 2 2 0 0 0 0 0 0 0 0 0 0 0 0
0 0 0 0 3 0 0 5 0 0 0 9 0 6 0 0 0 0 0 0 3 4 0 0 0 0 0 0 0 0 0 0 0 1
1 0 0 0 1 0 0 0 0 0 0 2 0 2 0 0 0 0 0 0 2 2 0 0 0 0 0 0 0 0 0 0 0 0
0 0 0 3 0 0 0 0 0 0 0 10 0 2 0 1 0 1 0 0 3 1 0 0 0 0 0 0 0 0 0 0 0 0
0 0 0 1 4 0 0 1 0 0 1 3 0 1 0 0 0 0 0 0 4 1 0 0 0 0 0 0 0 0 0 0 0 0
1 0 0 0 1 0 0 0 0 2 0 2 0 2 0 0 0 0 0 0 2 2 0 0 0 0 0 0 0 0 0 0 0 0
0 0 0 0 3 0 0 1 1 2 1 2 0 2 0 0 0 0 0 0 4 1 0 0 0 0 0 0 0 0 0 0 0 0
0 0 0 1 3 0 0 0 0 3 0 2 0 1 0 0 0 0 0 1 4 2 0 0 0 0 0 0 0 0 0 0 0 0
1 0 0 0 1 0 0 0 0 0 0 2 0 2 0 0 0 0 0 0 2 2 0 0 0 0 0 0 0 0 0 0 0 0
0 0 0 1 2 1 0 0 0 1 1 3 0 1 0 0 0 0 0 0 4 1 0 0 0 0 0 0 0 0 0 0 0 0
1 0 0 0 1 0 0 0 0 0 0 2 0 2 0 0 0 0 0 0 2 2 0 0 0 0 0 0 0 0 0 0 0 0
0 0 0 1 2 1 0 0 0 1 1 3 0 1 0 0 0 0 0 0 4 1 0 0 0 0 0 0 0 0 0 0 0 0
0 0 0 0 0 0 0 0 1 3 0 3 0 0 0 0 0 0 0 0 1 1 0 0 0 0 0 0 0 0 0 0 0 0
0 0 0 0 3 0 0 2 2 3 1 1 0 1 0 0 0 0 0 0 4 3 0 0 0 0 0 0 0 0 0 0 0 0
0 0 0 1 0 0 0 2 2 0 0 16 0 1 0 0 0 0 0 0 3 2 0 0 0 0 0 0 0 0 0 0 0 0
0 0 0 2 0 0 0 1 0 0 0 15 0 3 0 0 0 1 0 0 4 1 0 0 0 0 0 0 0 0 0 0 0 0
0 0 0 3 2 0 0 0 0 0 0 6 0 1 0 0 0 2 0 1 2 1 0 0 0 0 0 0 0 0 0 0 0 0
0 0 0 2 3 0 0 1 0 0 1 3 0 1 0 0 0 0 0 0 4 1 0 0 0 0 0 0 0 0 0 0 0 0
1 0 0 1 0 0 0 0 0 2 3 0 0 0 0 0 0 0 0 0 2 1 0 0 0 0 0 0 0 0 0 0 0 0
0 0 0 1 0 1 0 3 1 1 0 0 4 1 0 0 0 0 0 0 3 1 0 0 0 0 0 0 0 0 0 0 0 0
0 0 0 2 0 0 0 3 2 1 0 2 2 3 0 0 0 1 0 0 2 3 0 0 0 0 0 0 0 0 0 0 0 0
0 0 0 1 3 0 0 1 4 3 0 0 0 0 0 0 0 0 0 0 2 2 0 0 0 0 0 0 0 0 0 0 0 0
1 0 0 0 1 0 0 0 0 0 0 2 0 2 0 0 0 0 0 0 2 2 0 0 0 0 0 0 0 0 0 0 0 0
1 0 0 0 1 0 0 0 0 0 0 0 0 1 0 0 0 0 0 0 2 1 0 0 0 0 0 0 0 0 0 0 0 1
0 0 0 0 3 1 0 0 0 1 1 3 0 1 0 0 0 0 0 0 4 1 0 0 0 0 0 0 0 0 0 0 0 0
0 0 0 3 2 0 0 1 0 0 1 3 0 1 0 0 0 0 0 0 4 1 0 0 0 0 0 0 0 0 0 0 0 0
0 0 0 1 0 0 0 1 0 1 0 1 1 2 0 0 0 0 0 0 1 1 0 0 0 0 0 0 0 0 0 0 0 0
1 0 0 0 1 0 0 0 0 0 0 2 0 2 0 0 0 0 0 0 2 2 0 0 0 0 0 0 0 0 0 0 0 0
1 0 0 0 2 0 0 1 1 0 0 1 0 2 0 0 0 0 0 0 2 2 0 0 0 0 0 0 0 0 0 0 0 0
0 0 0 1 4 0 0 1 0 0 1 3 0 1 0 0 0 0 0 0 4 1 0 0 0 0 0 0 0 0 0 0 0 0
0 0 0 0 2 0 0 3 0 2 0 3 0 0 0 0 0 0 0 0 2 1 0 0 0 0 0 0 0 0 0 0 0 0
1 1 0 1 1 0 0 2 0 1 0 0 0 1 0 0 0 0 0 0 3 1 0 0 0 0 0 0 0 0 0 1 0 0
0 0 0 2 3 0 0 0 1 2 0 2 0 3 0 0 0 1 0 0 2 1 0 0 0 0 0 0 0 0 0 0 0 0
0 0 0 1 0 0 0 0 2 2 0 0 2 4 0 0 0 0 0 0 3 1 0 0 0 0 0 0 0 0 0 0 0 0
0 0 0 1 2 1 0 0 0 1 1 3 0 1 0 0 0 0 0 0 4 1 0 0 0 0 0 0 0 0 0 0 0 0
0 0 0 1 6 0 0 1 0 4 2 6 0 4 0 0 0 0 0 0 3 2 0 0 0 0 0 0 0 0 0 0 0 0
1 0 0 0 1 0 0 0 0 0 0 2 0 2 0 0 0 0 0 0 2 2 0 0 0 0 0 0 0 0 0 0 0 0
0 0 0 0 0 0 0 3 2 2 0 0 5 2 0 0 0 0 0 0 3 2 0 0 0 0 0 0 0 0 0 0 0 0
0 0 0 0 4 0 0 1 0 2 1 6 0 2 0 0 0 0 0 0 2 2 0 0 0 0 0 0 0 0 0 0 0 1
0 0 0 1 2 0 0 0 0 2 1 3 0 1 0 0 0 0 0 0 4 1 0 0 0 0 0 0 0 0 0 0 0 0
0 0 0 1 0 0 0 0 1 0 0 8 0 1 0 0 0 0 0 1 2 1 0 0 0 0 0 0 0 0 0 0 0 0
1 0 0 0 0 0 0 0 1 2 0 1 0 0 0 0 0 0 0 0 1 1 0 0 0 0 0 0 0 0 0 0 0 0
0 0 0 4 0 0 0 6 0 2 0 6 0 0 0 0 0 2 0 0 4 3 0 0 0 0 0 0 0 0 0 0 0 0
1 0 0 0 0 0 0 1 2 1 0 0 2 1 0 0 0 0 0 0 2 3 0 0 0 0 0 0 0 0 0 0 0 0
0 0 0 3 2 0 0 1 0 0 1 3 0 1 0 0 0 0 0 0 4 1 0 0 0 0 0 0 0 0 0 0 0 0
0 0 0 0 1 0 0 2 1 0 0 9 0 1 0 0 0 0 0 1 3 1 0 0 0 0 0 0 0 0 0 0 0 0
0 0 0 0 1 0 0 2 1 1 0 2 0 0 0 0 0 0 0 0 2 1 0 0 0 0 0 0 0 0 0 1 0 0
0 0 0 2 3 0 0 2 2 5 1 4 0 4 0 0 0 0 0 0 3 2 0 0 0 0 0 0 0 0 0 0 0 0
1 0 0 0 1 0 0 0 0 0 0 2 0 2 0 0 0 0 0 0 2 2 0 0 0 0 0 0 0 0 0 0 0 0
1 1 0 1 1 0 0 2 0 1 0 0 0 1 0 0 0 0 0 0 3 1 0 0 0 0 0 0 0 0 0 1 0 0
0 0 0 0 2 0 0 0 0 3 1 3 0 1 0 0 0 0 0 0 4 1 0 0 0 0 0 0 0 0 0 0 0 0
0 0 0 0 6 0 0 1 0 2 3 7 0 3 0 0 0 0 0 0 3 2 0 0 0 0 0 0 0 0 0 0 0 0
0 0 0 2 2 0 0 5 0 4 1 2 0 3 0 0 0 1 0 0 3 3 0 0 0 0 0 0 0 0 0 0 0 0
0 0 0 0 2 0 0 2 1 3 0 1 0 1 0 0 0 0 0 0 2 1 0 0 0 0 0 0 0 0 0 0 0 0
0 0 0 1 1 0 0 3 1 1 0 0 1 2 0 0 0 0 0 0 1 3 0 0 0 0 0 0 0 0 0 0 0 0
0 0 0 1 1 0 0 0 0 1 0 6 0 0 0 0 0 0 0 0 2 1 0 0 0 0 0 0 0 0 0 0 0 0
1 0 0 0 1 0 0 0 0 0 0 2 0 2 0 0 0 0 0 0 2 2 0 0 0 0 0 0 0 0 0 0 0 0
0 0 0 1 4 0 0 0 1 4 1 6 0 3 0 0 0 0 0 0 3 2 0 0 0 0 0 0 0 0 0 0 0 0
0 0 0 1 4 0 0 1 0 0 1 3 0 1 0 0 0 0 0 0 4 1 0 0 0 0 0 0 0 0 0 0 0 0
0 0 0 0 0 0 0 2 1 0 0 12 0 1 0 0 0 0 0 0 3 1 0 0 0 0 0 0 0 0 0 0 0 0
0 0 0 1 1 0 0 1 2 0 0 3 0 3 0 0 0 1 0 0 2 1 0 0 0 0 0 0 0 0 0 0 0 0
0 0 0 0 6 0 0 1 0 2 3 7 0 3 0 0 0 0 0 0 3 2 0 0 0 0 0 0 0 0 0 0 0 0
0 0 0 0 0 0 0 0 0 0 0 13 0 1 0 0 0 2 0 1 3 2 0 0 0 0 0 0 0 0 0 0 0 0
1 0 0 0 1 0 0 0 0 0 0 2 0 2 0 0 0 0 0 0 2 2 0 0 0 0 0 0 0 0 0 0 0 0
0 0 0 1 2 0 0 0 0 1 1 3 0 2 0 0 0 0 0 0 4 1 0 0 0 0 0 0 0 0 0 0 0 0
0 0 0 2 4 0 0 1 0 0 0 4 0 0 0 0 0 0 0 1 2 1 0 0 0 0 0 0 0 0 0 0 0 0
0 0 0 0 2 0 0 2 1 1 1 3 0 2 0 0 0 0 0 0 4 1 0 0 0 0 0 0 0 0 0 0 0 0
1 0 0 0 1 0 0 0 0 0 0 2 0 2 0 0 0 0 0 0 2 2 0 0 0 0 0 0 0 0 0 0 0 0
0 0 0 1 3 1 0 1 1 1 1 2 0 1 0 0 0 0 0 0 4 1 0 0 0 0 0 0 0 0 0 0 0 0
0 0 0 2 3 0 0 2 1 2 0 2 0 1 0 0 0 0 0 0 4 1 0 0 0 0 0 0 0 0 0 0 0 0
0 0 0 0 2 0 0 0 0 2 2 3 0 1 0 0 0 0 0 0 4 1 0 0 0 0 0 0 0 0 0 0 0 0
0 0 0 1 2 0 0 0 0 2 1 3 0 1 0 0 0 0 0 0 4 1 0 0 0 0 0 0 0 0 0 0 0 0
0 0 0 0 6 0 1 1 0 2 2 7 0 3 0 0 0 0 0 0 3 2 0 0 0 0 0 0 0 0 0 0 0 0
0 0 0 3 0 0 0 3 1 1 0 0 1 2 0 0 0 0 0 0 3 1 0 0 0 0 0 0 0 0 0 0 0 0
0 0 0 1 0 0 0 1 1 1 0 2 0 0 0 0 0 0 0 0 1 1 0 0 0 0 0 0 0 0 0 0 0 0
0 0 0 2 2 0 0 2 0 1 2 0 0 2 0 0 0 0 0 0 4 2 0 0 0 0 0 0 0 0 0 0 0 0
1 0 0 0 1 0 0 0 0 0 0 2 0 2 0 0 0 0 0 0 2 2 0 0 0 0 0 0 0 0 0 0 0 0
0 0 0 1 1 0 0 3 2 0 0 9 0 0 0 0 0 0 0 1 3 1 0 0 0 0 0 0 0 0 0 0 0 0
0 0 0 1 2 0 0 1 0 1 1 3 0 0 0 0 0 1 0 0 3 1 0 0 0 0 0 0 0 0 0 0 0 0
1 0 0 0 1 0 0 0 0 0 0 2 0 2 0 0 0 0 0 0 2 2 0 0 0 0 0 0 0 0 0 0 0 0
0 0 0 0 6 0 0 1 0 1 2 1 0 2 0 0 0 0 0 0 2 1 0 0 0 0 0 0 0 0 0 0 0 0
0 0 0 2 0 0 0 1 1 1 0 0 1 0 0 0 0 0 0 0 1 2 0 0 0 0 0 0 0 0 0 0 0 0
0 0 0 1 4 0 0 1 0 0 1 3 0 1 0 0 0 0 0 0 4 1 0 0 0 0 0 0 0 0 0 0 0 0
0 0 0 1 6 0 0 0 0 3 3 6 0 4 0 0 0 1 0 0 3 2 0 0 0 0 0 0 0 0 0 0 0 0
0 0 0 1 3 0 0 1 0 0 2 2 0 2 0 0 0 1 0 0 4 1 0 0 0 0 0 0 0 0 0 0 0 0
1 0 0 0 1 0 0 0 0 0 0 2 0 2 0 0 0 0 0 0 2 2 0 0 0 0 0 0 0 0 0 0 0 0
0 0 0 0 6 0 0 1 0 2 3 7 0 3 0 0 0 0 0 0 3 2 0 0 0 0 0 0 0 0 0 0 0 0
0 0 0 0 0 0 0 0 1 3 0 4 0 0 0 0 0 0 0 0 2 2 0 0 0 0 0 0 0 0 0 0 0 0
0 0 0 3 6 0 0 2 0 2 2 5 0 5 0 0 0 0 0 0 3 2 0 0 0 0 0 0 0 0 0 0 0 0
1 0 0 1 0 0 0 1 1 1 0 0 0 0 0 0 0 0 0 0 2 1 0 0 0 0 0 0 0 0 0 0 0 0
1 0 0 1 1 0 0 1 0 1 0 1 0 2 0 0 0 0 0 0 2 2 0 0 0 0 0 0 0 0 0 0 0 0
1 0 0 0 1 0 0 0 0 0 0 2 0 2 0 0 0 0 0 0 2 2 0 0 0 0 0 0 0 0 0 0 0 0
0 0 0 6 0 0 0 4 0 0 0 9 0 4 0 0 0 1 0 0 3 4 0 0 0 0 0 0 0 0 0 0 0 0
0 0 0 2 0 0 0 2 1 1 0 0 0 0 0 0 0 0 0 0 1 1 0 0 0 0 0 0 0 0 0 0 0 0
1 0 0 0 1 0 0 0 0 0 0 2 0 2 0 0 0 0 0 0 2 2 0 0 0 0 0 0 0 0 0 0 0 0
1 0 0 0 1 0 0 0 0 0 0 2 0 2 0 0 0 0 0 0 2 2 0 0 0 0 0 0 0 0 0 0 0 0
1 0 0 0 1 0 0 0 0 1 0 1 0 2 0 0 0 0 0 0 2 2 0 0 0 0 0 0 0 0 0 0 0 0
0 0 0 5 0 0 0 5 1 0 0 10 0 2 0 0 0 0 0 2 3 5 0 0 0 0 0 0 0 0 0 0 0 0
0 0 0 1 1 0 0 1 0 3 0 0 0 2 0 0 0 0 0 0 2 1 0 0 0 0 0 0 0 0 0 0 0 0
0 0 0 0 0 0 0 0 0 0 0 14 0 1 0 0 0 2 0 0 3 2 0 0 0 0 0 0 0 0 0 0 0 0
0 0 0 0 2 0 0 0 1 2 0 8 0 5 0 0 0 0 0 0 3 2 0 0 0 0 0 0 0 0 0 0 0 1
1 0 0 0 1 0 0 0 0 0 0 2 0 2 0 0 0 0 0 0 2 2 0 0 0 0 0 0 0 0 0 0 0 0
1 0 0 0 0 0 0 0 1 2 0 1 0 0 0 0 0 0 0 0 1 1 0 0 0 0 0 0 0 0 0 0 0 0
0 0 0 0 0 0 0 0 1 2 0 3 0 0 0 0 0 0 0 0 2 1 0 0 0 0 0 0 0 0 0 0 0 0
1 0 0 0 1 0 0 0 2 0 0 1 0 1 0 0 0 0 0 0 2 2 0 0 0 0 0 0 0 0 0 0 0 0
0 0 0 1 1 0 0 4 0 1 0 14 0 2 0 0 0 0 0 0 3 5 0 0 0 0 0 0 0 0 0 0 0 0
1 0 0 0 1 0 0 0 0 0 0 2 0 2 0 0 0 0 0 0 2 2 0 0 0 0 0 0 0 0 0 0 0 0
0 0 0 3 0 0 0 2 0 0 0 8 0 2 0 0 0 1 0 0 3 1 0 0 0 0 0 0 0 0 0 0 0 0
0 0 0 0 0 0 0 4 2 2 0 0 2 0 0 0 0 0 0 0 2 2 0 0 0 0 0 0 0 0 0 0 0 0
1 0 0 1 1 0 0 0 0 0 0 1 0 2 0 0 0 1 0 0 2 2 0 0 0 0 0 0 0 0 0 0 0 0
0 0 0 2 3 0 0 3 1 2 0 0 0 2 0 0 0 0 0 0 4 3 0 0 0 0 0 0 0 0 0 0 0 0
0 0 0 1 0 0 0 2 1 1 0 0 0 0 0 0 0 0 0 0 2 1 0 0 0 0 0 0 0 0 0 1 0 0
0 0 0 0 0 0 0 1 0 0 0 3 0 6 0 0 0 0 0 1 2 1 0 0 0 0 0 0 0 0 0 0 0 0
1 0 0 0 1 0 0 0 0 0 0 2 0 2 0 0 0 0 0 0 2 2 0 0 0 0 0 0 0 0 0 0 0 0
0 0 0 2 0 0 0 2 0 2 0 7 0 9 0 0 0 4 0 0 3 4 0 0 0 0 0 0 0 0 0 0 0 0
0 0 0 5 2 1 1 4 0 2 0 60 0 65 0 0 0 1 0 1 1 66 0 0 0 0 0 0 0 0 0 0 0 1
0 0 0 0 1 0 0 0 3 1 0 0 1 1 0 0 0 0 0 0 1 1 0 0 0 0 0 0 0 0 0 0 0 0
0 0 0 0 0 0 0 0 1 2 0 0 2 3 0 0 0 0 0 0 1 1 0 0 0 0 0 0 0 0 0 0 0 0
0 0 0 3 2 0 0 1 1 2 1 1 0 2 0 0 0 0 0 0 4 1 0 0 0 0 0 0 0 0 0 0 0 0
0 0 0 3 2 0 0 1 0 1 0 3 0 1 0 0 0 0 0 0 4 1 0 0 0 0 0 0 0 0 0 0 0 0
0 0 0 1 0 0 0 0 1 0 0 8 0 7 0 0 0 1 0 1 3 2 0 0 0 0 0 0 0 0 0 0 0 1
1 0 0 0 1 0 0 0 0 0 0 1 0 2 0 0 0 0 0 0 2 2 0 0 0 0 0 0 0 0 0 0 0 1
1 0 0 1 1 0 0 0 0 0 0 1 0 2 0 0 0 0 0 1 2 2 0 0 0 0 0 0 0 0 0 0 0 0
0 0 0 3 0 0 0 2 1 0 0 1 1 2 0 0 0 2 0 0 3 1 0 0 0 0 0 0 0 0 0 0 0 0
0 0 0 1 0 1 0 2 1 3 0 0 3 1 0 0 0 0 0 0 3 1 0 0 0 0 0 0 0 0 0 0 0 0
0 0 0 1 4 0 0 1 0 0 1 3 0 1 0 0 0 0 0 0 4 1 0 0 0 0 0 0 0 0 0 0 0 0
0 0 0 2 1 0 0 2 0 0 0 6 0 1 0 0 0 0 0 0 2 1 0 0 0 0 0 0 0 0 0 0 0 0
0 0 0 0 2 0 0 3 3 1 1 0 0 1 0 0 0 0 0 0 2 1 0 0 0 0 0 0 0 0 0 0 0 0
0 0 0 6 1 0 0 3 0 1 0 8 0 0 0 2 0 0 0 2 3 5 0 0 0 0 0 0 0 0 0 0 0 0
0 0 0 1 3 0 0 2 0 1 0 0 0 3 0 0 0 1 0 0 2 1 0 0 0 0 0 0 0 0 0 0 0 0
0 0 0 6 1 0 0 2 0 0 0 10 0 3 0 0 0 1 0 0 3 2 0 0 0 0 0 0 0 0 0 0 0 0
0 0 0 4 1 0 0 1 1 0 0 6 0 1 0 0 0 0 0 0 2 1 0 0 0 0 0 0 0 0 0 0 0 0
0 0 0 3 3 0 0 1 0 0 1 2 0 1 0 0 0 0 0 1 4 1 0 0 0 0 0 0 0 0 0 0 0 0
1 0 0 0 1 0 0 0 0 0 0 2 0 2 0 0 0 0 0 0 2 2 0 0 0 0 0 0 0 0 0 0 0 0
0 0 0 1 0 0 0 2 0 0 0 2 0 7 0 0 0 0 0 0 2 1 0 0 0 0 0 0 0 0 0 0 0 0
0 0 0 3 0 0 0 2 0 0 0 14 0 1 0 0 0 0 0 0 3 2 0 0 0 0 0 0 0 0 0 0 0 0
0 0 0 2 1 0 0 5 0 0 0 1 0 1 0 0 0 0 0 0 2 1 0 0 0 0 0 0 0 0 0 0 0 0
0 0 0 1 1 0 0 2 4 1 0 0 2 2 0 0 0 0 0 0 3 2 0 0 0 0 0 0 0 0 0 1 0 0
0 0 0 2 0 0 0 0 0 0 0 15 0 1 0 0 0 1 0 1 3 3 0 0 0 0 0 0 0 0 0 0 0 0
1 0 0 0 1 0 0 0 0 0 0 2 0 2 0 0 0 0 0 0 2 2 0 0 0 0 0 0 0 0 0 0 0 0
0 0 0 0 6 0 0 1 0 3 2 7 0 3 0 0 0 0 0 0 3 2 0 0 0 0 0 0 0 0 0 0 0 0
1 0 0 0 1 0 0 0 0 0 0 2 0 2 0 0 0 0 0 0 2 2 0 0 0 0 0 0 0 0 0 0 0 0
0 0 0 1 0 0 0 3 3 1 0 0 4 2 0 0 0 0 0 0 3 1 0 0 0 0 0 0 0 0 0 0 0 0
0 0 0 1 0 0 1 2 0 2 0 0 1 1 0 0 0 0 0 0 2 1 0 0 0 0 0 0 0 0 0 1 0 0
0 0 0 3 1 0 0 4 0 0 0 11 0 4 0 0 0 0 0 0 3 2 0 0 0 0 0 0 0 0 0 0 0 0
1 0 0 0 1 0 0 0 0 0 0 2 0 2 0 0 0 0 0 0 2 2 0 0 0 0 0 0 0 0 0 0 0 0
0 0 0 2 4 0 0 1 0 1 2 1 0 2 0 0 0 0 0 0 2 1 0 0 0 0 0 0 0 0 0 0 0 0
0 0 0 0 1 0 0 4 0 1 0 1 0 1 0 0 0 0 0 0 2 1 0 0 0 0 0 0 0 0 0 0 0 0
0 0 0 0 6 0 0 1 0 1 3 7 0 4 0 0 0 0 0 0 3 2 0 0 0 0 0 0 0 0 0 0 0 0
0 0 0 1 0 0 0 1 1 1 0 0 0 0 0 0 0 0 0 0 1 1 0 0 0 0 0 0 0 0 0 0 0 0
1 0 0 0 2 0 0 1 1 0 0 1 0 2 0 0 0 0 0 0 2 2 0 0 0 0 0 0 0 0 0 0 0 0
0 0 0 0 1 0 0 4 0 1 0 0 1 1 0 0 0 0 0 0 2 1 0 0 0 0 0 0 0 0 0 1 0 0
0 0 0 0 0 0 0 2 1 2 1 1 0 0 0 0 0 0 0 0 2 1 0 0 0 0 0 0 0 0 0 0 0 0
0 0 0 0 2 0 0 1 1 0 1 8 0 5 0 0 0 0 0 0 3 2 0 0 0 0 0 0 0 0 0 0 0 1
0 0 0 0 1 0 1 3 1 0 0 0 1 1 0 0 0 0 0 0 2 1 0 0 0 0 0 0 0 0 0 1 0 0
0 0 0 3 0 0 0 0 0 0 0 6 0 2 0 0 0 0 0 1 2 1 0 0 0 0 0 0 0 0 0 0 0 0
0 0 0 2 2 0 0 6 2 2 0 0 0 2 0 0 0 2 0 0 3 2 0 0 0 0 0 0 0 0 0 0 0 0
0 0 0 0 0 0 0 4 2 1 0 3 0 3 0 0 0 0 0 2 2 2 0 0 0 0 0 0 0 0 0 0 0 0
0 0 0 3 0 0 0 2 0 0 0 7 0 0 0 0 0 0 0 1 2 1 0 0 0 0 0 0 0 0 0 0 0 0
1 0 0 0 1 0 0 0 0 0 0 2 0 2 0 0 0 0 0 0 2 2 0 0 0 0 0 0 0 0 0 0 0 0
0 0 0 1 0 0 0 1 1 1 0 0 0 0 0 0 0 0 0 0 1 1 0 0 0 0 0 0 0 0 0 0 0 0
1 0 0 1 1 0 0 1 0 0 0 1 0 2 0 0 0 0 0 0 2 2 0 0 0 0 0 0 0 0 0 0 0 0
0 0 0 0 1 0 1 2 2 0 0 0 0 2 0 0 0 0 0 0 2 1 0 0 0 0 0 0 0 0 0 1 0 0
1 0 0 0 1 0 0 0 0 0 0 2 0 2 0 0 0 0 0 0 2 2 0 0 0 0 0 0 0 0 0 0 0 0
1 0 0 0 1 0 0 0 0 0 0 2 0 2 0 0 0 0 0 0 2 2 0 0 0 0 0 0 0 0 0 0 0 0
0 0 0 1 6 0 0 2 0 2 3 6 0 4 0 0 0 0 0 0 3 2 0 0 0 0 0 0 0 0 0 0 0 0
0 0 0 1 7 0 0 2 0 3 3 5 0 5 0 0 0 0 0 0 3 2 0 0 0 0 0 0 0 0 0 0 0 0
0 0 0 0 1 0 0 2 0 1 0 0 1 1 0 0 0 0 0 0 1 1 0 0 0 0 0 0 0 0 0 0 0 0
0 0 0 5 0 0 0 2 0 0 0 10 0 4 0 0 0 4 0 0 3 4 0 0 0 0 0 0 0 0 0 0 0 0
0 0 0 0 7 0 1 2 0 0 4 6 0 4 0 0 0 0 0 0 3 2 0 0 0 0 0 0 0 0 0 0 0 0
1 0 0 0 1 0 0 0 0 0 0 2 0 2 0 0 0 0 0 0 2 2 0 0 0 0 0 0 0 0 0 0 0 0
0 0 0 2 0 0 0 4 0 0 0 6 0 1 0 0 0 0 0 0 2 1 0 0 0 0 0 0 0 0 0 0 0 0
0 0 0 1 0 0 0 2 1 2 0 2 0 0 0 0 0 0 0 0 2 1 0 0 0 0 0 0 0 0 0 0 0 0
1 0 0 0 1 0 0 0 0 0 0 2 0 2 0 0 0 0 0 0 2 2 0 0 0 0 0 0 0 0 0 0 0 0
0 0 0 3 0 0 0 5 2 1 0 2 0 2 0 0 0 0 0 0 2 2 0 0 0 0 0 0 0 0 0 0 0 0
0 0 0 0 0 1 1 3 2 0 0 2 2 1 0 1 0 0 0 0 2 2 0 0 0 0 0 0 0 0 0 0 0 0
1 0 0 1 1 0 0 1 1 0 0 0 0 2 0 0 0 0 0 0 2 2 0 0 0 0 0 0 0 0 0 0 0 1
0 0 0 1 0 0 0 2 0 4 0 0 1 0 0 0 0 0 0 0 2 1 0 0 0 0 0 0 0 0 0 1 0 0
1 0 0 0 0 0 0 0 0 1 0 2 0 2 0 0 0 0 0 0 1 2 0 0 0 0 0 0 0 0 0 0 0 0
0 0 0 0 2 0 0 5 0 0 0 5 0 2 0 0 0 0 0 0 2 3 0 0 0 0 0 0 0 0 0 0 0 0
0 0 0 1 2 0 0 0 1 2 1 2 0 1 0 0 0 0 0 1 4 2 0 0 0 0 0 0 0 0 0 0 0 0
0 0 0 1 4 0 1 6 0 2 1 2 0 4 0 0 0 1 0 0 4 1 0 0 0 0 0 0 0 0 0 0 0 0
0 0 0 1 1 1 0 0 2 2 0 0 0 0 0 0 0 0 0 0 2 1 0 0 0 0 0 0 0 0 0 0 0 0
0 0 0 1 0 0 0 0 1 4 0 0 2 3 0 0 0 0 0 0 3 1 0 0 0 0 0 0 0 0 0 0 0 0
1 0 0 0 1 0 0 0 0 0 0 2 0 2 0 0 0 0 0 0 2 2 0 0 0 0 0 0 0 0 0 0 0 0
0 0 0 0 0 0 0 3 4 1 0 0 1 4 0 0 0 0 0 0 2 2 0 0 0 0 0 0 0 0 0 0 0 0
1 0 0 0 1 0 0 0 0 0 0 2 0 2 0 0 0 0 0 0 2 2 0 0 0 0 0 0 0 0 0 0 0 0
0 0 0 3 2 0 0 1 0 1 0 3 0 1 0 0 0 0 0 0 4 1 0 0 0 0 0 0 0 0 0 0 0 0
0 0 0 2 1 0 0 0 0 0 0 8 0 0 0 0 0 0 0 0 2 1 0 0 0 0 0 0 0 0 0 0 0 0
0 0 0 0 1 1 0 4 3 3 0 0 3 0 0 0 0 0 0 0 2 3 0 0 0 0 0 0 0 0 0 0 0 0
0 0 0 1 0 0 0 2 0 3 0 0 4 1 0 0 0 0 0 0 3 1 0 0 0 0 0 0 0 0 0 0 0 0
1 0 0 0 1 0 0 0 0 0 0 2 0 2 0 0 0 0 0 0 2 2 0 0 0 0 0 0 0 0 0 0 0 0
0 0 0 6 2 0 0 6 5 4 0 56 0 63 0 0 0 1 1 1 1 66 0 0 0 0 0 0 0 0 0 0 0 1
1 0 0 0 1 0 0 0 0 0 0 2 0 2 0 0 0 0 0 0 2 2 0 0 0 0 0 0 0 0 0 0 0 0
1 0 0 0 1 0 0 0 0 0 0 2 0 2 0 0 0 0 0 0 2 2 0 0 0 0 0 0 0 0 0 0 0 0
0 0 0 0 0 0 0 0 0 0 0 10 0 9 0 0 0 0 0 0 3 2 0 0 0 0 0 0 0 0 0 0 0 0
1 0 0 0 1 0 0 0 0 0 0 0 0 1 0 0 0 0 0 0 2 1 0 0 0 0 0 0 0 0 0 0 0 1
0 0 0 5 0 0 0 4 0 1 0 10 0 3 0 0 0 6 0 0 3 4 0 0 0 0 0 0 0 0 0 0 0 0
0 0 0 1 0 0 0 2 2 2 0 0 1 0 0 0 0 0 0 0 2 1 0 0 0 0 0 0 0 0 0 0 0 0
0 0 0 0 3 0 0 0 1 2 0 3 0 1 0 0 0 0 0 0 4 1 0 0 0 0 0 0 0 0 0 0 0 0
1 0 0 0 2 0 0 1 0 0 0 1 0 2 0 0 0 0 0 0 2 2 0 0 0 0 0 0 0 0 0 0 0 0
0 0 0 0 2 0 0 2 1 1 1 3 0 2 0 0 0 0 0 0 4 1 0 0 0 0 0 0 0 0 0 0 0 0
0 0 0 0 0 0 0 2 1 1 0 0 2 3 0 0 0 0 0 0 1 2 0 0 0 0 0 0 0 0 0 0 0 0
0 0 0 1 2 0 1 3 0 0 0 3 0 0 0 0 0 0 0 1 2 1 0 0 0 0 0 0 0 0 0 0 0 0
1 0 0 1 1 0 0 0 0 0 0 1 0 3 0 0 0 0 0 0 2 2 0 0 0 0 0 0 0 0 0 0 0 0
1 0 0 0 1 0 0 0 0 0 0 2 0 2 0 0 0 0 0 0 2 2 0 0 0 0 0 0 0 0 0 0 0 0
0 0 0 2 2 0 0 0 0 1 1 2 1 2 0 0 0 0 0 0 4 1 0 0 0 0 0 0 0 0 0 0 0 0
0 0 0 0 1 0 0 2 1 1 0 2 0 0 0 0 0 0 0 0 2 1 0 0 0 0 0 0 0 0 0 1 0 0
0 0 0 1 2 0 0 0 1 2 0 3 0 1 0 0 0 0 0 0 4 1 0 0 0 0 0 0 0 0 0 0 0 0
0 0 0 3 0 0 0 2 0 0 0 5 0 3 0 0 0 4 0 0 2 3 0 0 0 0 0 0 0 0 0 0 0 0
0 0 0 1 0 0 1 1 1 1 0 0 1 0 0 0 0 0 0 0 1 1 0 0 0 0 0 0 0 0 0 0 0 0
0 0 0 0 3 0 0 0 0 4 1 3 0 1 0 0 0 0 0 0 4 1 0 0 0 0 0 0 0 0 0 0 0 0
0 0 0 0 6 0 0 1 0 2 3 7 0 3 0 0 0 0 0 0 3 2 0 0 0 0 0 0 0 0 0 0 0 0
0 0 0 0 1 0 0 1 0 2 0 0 0 0 0 1 0 0 0 0 1 1 0 0 0 0 0 0 0 0 0 0 0 0
0 0 0 2 0 0 0 2 0 2 0 4 0 0 0 0 0 1 0 0 2 1 0 0 0 0 0 0 0 0 0 0 0 0
0 0 0 0 0 0 1 4 3 0 0 8 0 5 0 0 0 0 0 0 3 2 0 0 0 0 0 0 0 0 0 0 0 0
0 0 0 1 5 0 0 2 0 0 1 2 0 2 0 0 0 0 0 0 4 1 0 0 0 0 0 0 0 0 0 0 0 0
1 0 0 0 1 0 0 0 0 0 0 2 0 2 0 0 0 0 0 0 2 2 0 0 0 0 0 0 0 0 0 0 0 0
1 0 0 1 1 0 0 2 0 0 0 0 1 1 0 0 0 0 0 0 2 2 0 0 0 0 0 0 0 0 0 0 0 0
0 0 0 0 2 0 0 3 1 1 1 1 0 2 0 0 0 0 0 0 2 1 0 0 0 0 0 0 0 0 0 0 0 0
0 0 0 1 0 0 0 3 0 0 0 8 0 1 0 0 0 0 0 0 2 1 0 0 0 0 0 0 0 0 0 0 0 0
0 0 0 2 0 0 0 3 0 0 0 9 0 4 0 3 0 1 0 0 4 2 0 0 0 0 0 0 0 0 0 0 0 0
1 1 0 1 0 1 0 1 0 0 0 0 1 0 0 0 0 0 0 0 2 1 0 0 0 0 0 0 0 0 0 0 0 0
0 0 0 0 0 0 1 3 1 0 0 9 0 6 0 0 0 1 0 0 3 2 0 0 0 0 0 0 0 0 0 0 0 0
0 0 0 2 3 0 1 0 0 1 0 3 0 1 0 0 0 0 0 0 4 1 0 0 0 0 0 0 0 0 0 0 0 0
1 0 0 1 1 0 0 1 1 0 0 1 0 2 0 0 0 0 0 0 2 2 0 0 0 0 0 0 0 0 0 0 0 0
1 0 0 0 1 0 0 0 0 0 0 2 0 2 0 0 0 0 0 0 2 2 0 0 0 0 0 0 0 0 0 0 0 0
0 0 0 1 0 0 0 1 1 1 0 0 0 0 0 0 0 0 0 0 1 1 0 0 0 0 0 0 0 0 0 0 0 0
0 0 0 4 0 0 0 4 0 0 0 14 0 2 0 0 0 0 0 0 3 4 0 0 0 0 0 0 0 0 0 0 0 0
0 0 0 1 1 0 1 1 1 1 0 0 2 3 0 0 0 0 0 0 3 2 0 0 0 0 0 0 0 0 0 1 0 0
0 0 0 0 0 0 0 5 5 2 0 0 5 4 0 0 0 0 0 0 3 3 0 0 0 0 0 0 0 0 0 0 0 0
0 0 0 1 4 0 0 2 1 1 2 2 0 10 0 0 0 1 0 0 4 1 0 0 0 0 0 0 0 0 0 0 0 0
0 0 0 6 0 0 0 0 0 0 0 12 0 3 0 2 0 1 0 0 3 4 0 0 0 0 0 0 0 0 0 0 0 0
0 0 0 2 4 0 0 0 0 2 2 1 0 2 0 0 0 0 0 0 2 1 0 0 0 0 0 0 0 0 0 0 0 0
1 0 0 0 2 0 0 1 0 0 0 1 0 2 0 0 0 1 0 0 2 2 0 0 0 0 0 0 0 0 0 0 0 0
0 0 0 3 0 0 0 3 0 0 0 5 0 0 0 0 0 0 0 1 2 1 0 0 0 0 0 0 0 0 0 0 0 0
0 0 0 0 0 0 0 0 1 3 0 4 0 0 0 0 0 0 0 0 2 2 0 0 0 0 0 0 0 0 0 0 0 0
0 0 0 2 3 0 0 1 0 0 1 3 0 1 0 0 0 0 0 0 4 1 0 0 0 0 0 0 0 0 0 0 0 0
1 0 0 0 1 0 0 0 0 0 0 2 0 2 0 0 0 0 0 0 2 2 0 0 0 0 0 0 0 0 0 0 0 0
1 0 0 0 1 0 0 0 0 0 0 2 0 2 0 0 0 0 0 0 2 2 0 0 0 0 0 0 0 0 0 0 0 0
0 0 0 3 0 0 0 1 1 0 0 10 0 2 0 1 0 3 0 0 3 3 0 0 0 0 0 0 0 0 0 0 0 0
1 0 0 1 1 0 0 1 0 0 0 1 0 2 0 0 0 0 0 0 2 2 0 0 0 0 0 0 0 0 0 0 0 0
1 0 0 0 1 0 0 2 2 1 0 0 1 1 0 0 0 0 0 0 2 3 0 0 0 0 0 0 0 0 0 0 0 0
0 0 0 4 0 0 0 6 2 3 0 28 0 32 0 0 0 2 0 0 1 33 0 0 0 0 0 0 0 0 0 0 0 0
0 0 0 2 2 0 0 1 0 0 2 3 0 1 0 0 0 0 0 0 4 1 0 0 0 0 0 0 0 0 0 0 0 0
0 0 0 2 1 0 0 2 0 0 0 16 0 2 0 0 0 0 0 0 3 2 0 0 0 0 0 0 0 0 0 0 0 0
1 0 0 0 1 0 0 0 0 0 0 2 0 2 0 0 0 0 0 0 2 2 0 0 0 0 0 0 0 0 0 0 0 0
0 0 0 0 1 0 0 1 1 3 0 0 1 1 0 0 0 0 0 0 3 1 0 0 0 0 0 0 0 0 0 1 0 0
1 1 0 0 2 0 0 2 0 1 0 0 0 1 0 0 0 0 0 0 3 1 0 0 0 0 0 0 0 0 0 1 0 0
0 0 0 1 3 1 0 0 0 1 1 2 0 2 0 0 0 1 0 0 4 1 0 0 0 0 0 0 0 0 0 0 0 0
0 0 0 1 0 0 0 2 1 2 0 1 0 0 0 0 0 1 0 0 2 1 0 0 0 0 0 0 0 0 0 0 0 0
0 0 0 0 1 0 0 2 1 1 0 0 0 0 0 0 0 0 0 0 2 1 0 0 0 0 0 0 0 0 0 1 0 0
1 0 0 0 1 0 0 0 0 0 0 1 0 2 0 0 0 0 0 0 2 2 0 0 0 0 0 0 0 0 0 0 0 1
0 0 0 1 6 0 1 2 0 0 2 7 0 3 0 0 0 0 0 0 3 2 0 0 0 0 0 0 0 0 0 0 0 0
0 0 0 2 3 0 0 1 0 0 1 3 0 1 0 0 0 0 0 0 4 1 0 0 0 0 0 0 0 0 0 0 0 0
0 0 0 0 2 0 1 2 0 2 0 3 0 7 0 0 0 1 0 0 4 1 0 0 0 0 0 0 0 0 0 0 0 0
0 0 0 0 0 0 0 3 3 1 0 0 5 3 0 0 0 0 0 0 3 1 0 0 0 0 0 0 0 0 0 0 0 0
0 0 0 0 0 0 0 3 3 2 0 0 2 0 0 0 0 0 0 0 2 2 0 0 0 0 0 0 0 0 0 0 0 0
1 0 0 0 1 0 0 0 0 0 0 2 0 2 0 0 0 0 0 0 2 2 0 0 0 0 0 0 0 0 0 0 0 0
0 0 0 0 0 0 0 2 2 1 0 0 1 0 0 0 0 0 0 0 1 1 0 0 0 0 0 0 0 0 0 0 0 0
1 0 0 0 1 0 0 0 0 0 0 2 0 2 0 0 0 0 0 0 2 2 0 0 0 0 0 0 0 0 0 0 0 0
0 0 0 4 0 0 0 3 0 0 0 7 0 8 0 0 0 3 0 0 3 6 0 0 0 0 0 0 0 0 0 0 0 1
0 0 0 0 2 0 1 1 0 2 0 0 0 1 0 0 0 1 0 0 1 1 0 0 0 0 0 0 0 0 0 0 0 0
0 0 0 0 3 0 0 1 0 3 0 0 0 2 0 0 0 0 0 1 2 1 0 0 0 0 0 0 0 0 0 0 0 0
0 0 0 1 0 0 1 1 1 3 0 4 2 4 0 0 0 0 0 0 3 2 0 0 0 0 0 0 0 0 0 0 0 0
0 0 0 1 2 0 0 3 0 0 1 3 0 1 0 0 0 0 0 0 4 1 0 0 0 0 0 0 0 0 0 0 0 0
0 0 0 0 3 0 0 0 0 3 0 3 0 1 0 0 0 0 0 0 4 1 0 0 0 0 0 0 0 0 0 0 0 0
0 0 0 3 1 0 0 3 1 1 0 1 2 0 0 0 0 0 0 1 2 2 0 0 0 0 0 0 0 0 0 0 0 0
1 0 0 0 1 0 0 0 0 1 0 1 0 2 0 0 0 0 0 0 2 2 0 0 0 0 0 0 0 0 0 0 0 0
0 0 0 0 0 0 0 3 1 2 0 0 0 1 0 0 0 0 0 0 1 1 0 0 0 0 0 0 0 0 0 0 0 0
1 0 0 0 1 0 0 0 0 0 0 1 0 2 0 0 0 0 0 0 2 2 0 0 0 0 0 0 0 0 0 0 0 1
0 0 0 0 2 0 0 0 1 2 1 3 0 1 0 0 0 0 0 0 4 1 0 0 0 0 0 0 0 0 0 0 0 0
0 0 0 0 2 0 0 3 1 0 1 2 0 2 0 0 0 2 0 0 2 2 0 0 0 0 0 0 0 0 0 0 0 0
0 0 0 3 1 0 0 3 0 0 0 14 0 3 0 0 0 0 0 1 3 2 0 0 0 0 0 0 0 0 0 0 0 0
1 0 0 0 1 0 0 0 0 0 0 2 0 2 0 0 0 0 0 0 2 2 0 0 0 0 0 0 0 0 0 0 0 0
1 0 0 0 2 0 0 0 0 0 0 1 0 2 0 0 0 1 0 0 2 2 0 0 0 0 0 0 0 0 0 0 0 0
0 0 0 0 1 0 0 2 1 1 0 0 0 0 0 0 0 0 0 0 2 1 0 0 0 0 0 0 0 0 0 1 0 0
0 0 0 0 0 0 0 1 0 0 0 3 0 6 0 0 0 0 0 1 2 1 0 0 0 0 0 0 0 0 0 0 0 0
0 0 0 0 2 0 0 0 0 4 0 3 0 1 0 0 0 0 0 0 4 1 0 0 0 0 0 0 0 0 0 0 0 0
1 0 0 0 1 0 0 0 0 0 0 2 0 2 0 0 0 0 0 0 2 2 0 0 0 0 0 0 0 0 0 0 0 0
0 0 0 0 0 0 0 1 1 0 0 8 0 3 0 0 0 0 0 1 3 1 0 0 0 0 0 0 0 0 0 0 0 0
0 0 0 6 3 0 0 5 0 1 0 5 0 2 0 0 0 3 0 1 3 6 0 0 0 0 0 0 0 0 0 0 0 0
0 0 0 0 1 0 0 1 2 3 1 0 1 2 0 0 0 0 0 0 3 1 0 0 0 0 0 0 0 0 0 1 0 0
0 0 0 4 0 0 0 5 0 1 0 13 0 1 0 1 0 0 0 0 3 6 0 0 0 0 0 0 0 0 0 0 0 0
0 0 0 0 4 0 1 0 2 1 2 8 0 3 0 0 0 0 0 0 3 2 0 0 0 0 0 0 0 0 0 0 0 0
1 0 0 0 1 0 0 0 0 0 0 2 0 2 0 0 0 0 0 0 2 2 0 0 0 0 0 0 0 0 0 0 0 0
0 0 0 0 3 1 0 0 0 1 1 3 0 1 0 0 0 0 0 0 4 1 0 0 0 0 0 0 0 0 0 0 0 0
0 0 0 0 2 0 0 4 1 0 1 1 0 2 0 0 0 0 0 0 2 1 0 0 0 0 0 0 0 0 0 0 0 0
0 0 0 1 1 0 0 0 0 0 0 8 0 9 0 0 0 0 0 1 3 3 0 0 0 0 0 0 0 0 0 0 0 0
0 0 0 0 1 0 0 2 5 2 0 0 1 1 0 0 0 0 0 0 2 3 0 0 0 0 0 0 0 0 0 0 0 0
0 0 0 0 4 0 0 1 0 2 2 1 0 2 0 0 0 0 0 1 2 1 0 0 0 0 0 0 0 0 0 0 0 0
0 0 0 0 2 0 0 0 0 4 0 3 0 1 0 0 0 0 0 0 4 1 0 0 0 0 0 0 0 0 0 0 0 0
0 0 0 1 4 0 0 1 0 0 1 3 0 1 0 0 0 0 0 0 4 1 0 0 0 0 0 0 0 0 0 0 0 0
0 0 0 0 3 1 0 0 0 1 1 3 0 1 0 0 0 0 0 0 4 1 0 0 0 0 0 0 0 0 0 0 0 0
0 0 0 0 0 0 0 3 0 6 0 0 4 1 0 0 0 0 0 0 3 2 0 0 0 0 0 0 0 0 0 0 0 0
1 0 0 0 1 0 0 0 0 0 0 2 0 2 0 0 0 0 0 0 2 2 0 0 0 0 0 0 0 0 0 0 0 0
1 0 0 0 1 0 0 0 0 0 0 2 0 2 0 0 0 0 0 0 2 2 0 0 0 0 0 0 0 0 0 0 0 0
0 0 0 2 2 0 0 1 0 0 0 6 0 0 0 0 0 0 0 1 2 1 0 0 0 0 0 0 0 0 0 0 0 0
1 0 0 0 1 0 0 0 0 2 0 2 0 2 0 0 0 0 0 0 2 2 0 0 0 0 0 0 0 0 0 0 0 0
0 0 0 0 2 0 0 1 0 2 1 1 0 1 0 0 0 0 0 0 1 1 0 0 0 0 0 0 0 0 0 0 0 0
0 0 0 4 0 0 0 2 1 0 0 14 0 2 0 0 0 0 0 2 3 4 0 0 0 0 0 0 0 0 0 0 0 0
0 0 0 0 2 0 0 2 1 1 1 3 0 2 0 0 0 0 0 0 4 1 0 0 0 0 0 0 0 0 0 0 0 0
0 0 0 0 0 0 0 5 0 1 0 6 0 1 0 0 0 0 0 0 2 1 0 0 0 0 0 0 0 0 0 0 0 0
1 0 0 0 0 0 0 0 1 2 0 1 0 0 0 0 0 0 0 0 1 1 0 0 0 0 0 0 0 0 0 0 0 0
0 0 0 0 3 1 0 1 1 2 1 2 0 1 0 0 0 0 0 0 4 1 0 0 0 0 0 0 0 0 0 0 0 0
0 0 0 0 1 0 1 2 0 3 0 0 0 1 0 0 0 0 0 0 2 1 0 0 0 0 0 0 0 0 0 1 0 0
0 0 0 3 0 0 0 4 1 1 0 0 1 2 0 0 0 0 0 2 3 2 0 0 0 0 0 0 0 0 0 0 0 0
1 0 0 2 1 0 0 3 1 0 0 0 0 2 0 0 0 0 0 0 2 2 0 0 0 0 0 0 0 0 0 0 0 0
0 0 0 1 0 1 0 0 0 2 1 3 0 0 0 0 0 1 0 0 3 1 0 0 0 0 0 0 0 0 0 0 0 0
1 0 0 0 1 0 0 0 0 0 0 2 0 2 0 0 0 0 0 0 2 2 0 0 0 0 0 0 0 0 0 0 0 0
0 0 0 1 2 1 0 0 0 1 1 3 0 1 0 0 0 0 0 0 4 1 0 0 0 0 0 0 0 0 0 0 0 0
0 0 0 2 0 0 0 2 0 1 0 7 1 0 0 0 0 0 0 0 2 2 0 0 0 0 0 0 0 0 0 0 0 0
0 0 0 0 0 0 0 1 2 1 0 6 2 3 0 0 0 1 0 0 2 3 0 0 0 0 0 0 0 0 0 0 0 0
0 0 0 2 3 0 1 2 2 3 2 5 1 2 0 0 0 0 0 0 3 2 0 0 0 0 0 0 0 0 0 0 0 0
0 0 0 1 0 0 0 1 1 1 0 1 0 0 0 0 0 1 0 0 1 1 0 0 0 0 0 0 0 0 0 0 0 0
0 0 0 1 2 1 0 0 0 1 1 3 0 1 0 0 0 0 0 0 4 1 0 0 0 0 0 0 0 0 0 0 0 0
0 0 0 1 3 0 0 1 1 2 1 2 0 1 0 0 0 0 0 0 4 1 0 0 0 0 0 0 0 0 0 0 0 0
0 0 0 0 2 0 0 2 1 1 1 3 0 2 0 0 0 0 0 0 4 1 0 0 0 0 0 0 0 0 0 0 0 0
1 0 0 0 1 0 0 0 0 0 0 2 0 2 0 0 0 0 0 0 2 2 0 0 0 0 0 0 0 0 0 0 0 0
0 0 0 1 3 0 0 1 1 0 1 3 0 2 0 0 0 0 0 0 2 1 0 0 0 0 0 0 0 0 0 0 0 0
1 0 0 0 1 0 0 0 0 0 0 2 0 2 0 0 0 0 0 0 2 2 0 0 0 0 0 0 0 0 0 0 0 0
0 0 0 1 2 0 0 2 1 0 1 6 0 5 0 0 0 3 0 1 3 4 0 0 0 0 0 0 0 0 0 0 0 1
0 0 0 0 0 0 0 2 0 0 0 8 0 1 0 0 0 0 0 0 2 1 0 0 0 0 0 0 0 0 0 0 0 0
1 0 0 0 1 0 0 0 2 0 0 1 0 1 0 0 0 0 0 0 2 2 0 0 0 0 0 0 0 0 0 0 0 0
1 1 0 0 1 0 0 1 0 0 0 1 0 2 0 0 0 0 0 0 3 1 0 0 0 0 0 0 0 0 0 1 0 0
0 0 0 0 4 0 0 0 0 2 2 7 0 4 0 0 0 0 0 0 3 2 0 0 0 0 0 0 0 0 0 0 0 1
0 0 0 1 2 0 0 0 0 2 1 3 0 1 0 0 0 0 0 0 4 1 0 0 0 0 0 0 0 0 0 0 0 0
0 0 0 1 0 0 0 3 1 1 0 0 3 1 0 0 1 0 0 0 3 1 0 0 0 0 0 0 0 0 0 1 0 0
0 0 0 0 6 0 0 1 0 3 2 7 0 3 0 0 0 0 0 0 3 2 0 0 0 0 0 0 0 0 0 0 0 0
0 0 0 2 6 0 0 1 0 2 3 5 0 4 0 0 0 3 0 0 3 4 0 0 0 0 0 0 0 0 0 0 0 0
0 0 0 1 0 0 0 3 0 2 0 3 0 0 0 0 0 0 0 0 1 1 0 0 0 0 0 0 0 0 0 0 0 0
0 0 0 4 0 0 0 3 0 0 0 5 0 1 0 1 0 0 0 0 2 3 0 0 0 0 0 0 0 0 0 0 0 0
1 0 0 0 1 0 0 0 0 0 0 2 0 2 0 0 0 0 0 0 2 2 0 0 0 0 0 0 0 0 0 0 0 0
0 0 0 2 2 0 0 1 2 3 1 0 0 1 0 0 0 0 0 0 4 2 0 0 0 0 0 0 0 0 0 0 0 0
0 0 0 2 0 0 0 2 1 0 0 6 0 0 0 0 0 1 0 0 2 1 0 0 0 0 0 0 0 0 0 0 0 0
0 0 0 2 4 0 0 3 0 4 2 5 0 2 0 0 0 1 0 2 3 2 0 0 0 0 0 0 0 0 0 0 0 0
1 0 0 0 1 0 0 2 0 0 0 1 0 1 0 0 0 0 0 0 2 2 0 0 0 0 0 0 0 0 0 0 0 0
0 0 0 1 0 0 0 1 0 1 0 1 2 2 0 0 0 0 0 0 1 2 0 0 0 0 0 0 0 0 0 0 0 0
0 0 0 2 0 0 0 2 0 0 0 12 0 1 0 0 0 0 0 0 3 2 0 0 0 0 0 0 0 0 0 0 0 0
0 0 0 0 1 0 0 4 2 3 0 3 3 2 0 0 0 0 0 0 2 3 0 0 0 0 0 0 0 0 0 0 0 0
0 0 0 2 0 0 0 0 1 1 0 0 0 65 0 0 0 1 0 0 2 1 0 0 0 0 0 0 0 0 0 0 0 0
1 0 0 0 1 0 0 0 0 0 0 2 0 2 0 0 0 0 0 0 2 2 0 0 0 0 0 0 0 0 0 0 0 0
1 0 0 0 1 0 0 0 0 0 0 2 0 2 0 0 0 0 0 0 2 2 0 0 0 0 0 0 0 0 0 0 0 0
0 0 0 1 0 0 0 5 0 0 0 3 1 2 0 0 0 0 0 0 2 2 0 0 0 0 0 0 0 0 0 0 0 0
0 0 0 3 0 0 0 0 0 0 0 14 1 3 0 0 0 4 0 0 4 3 0 0 0 0 0 0 0 0 0 0 0 0
0 0 0 4 5 0 0 1 0 3 2 3 0 7 0 0 0 3 0 0 3 2 0 0 0 0 0 0 0 0 0 0 0 0
0 0 0 3 0 0 0 0 0 0 0 5 0 4 0 0 0 0 0 0 2 1 0 0 0 0 0 0 0 0 0 0 0 0
1 0 0 0 1 0 0 0 0 0 0 2 0 2 0 0 0 0 0 0 2 2 0 0 0 0 0 0 0 0 0 0 0 0
0 0 0 0 2 0 0 0 1 2 1 3 0 1 0 0 0 0 0 0 4 1 0 0 0 0 0 0 0 0 0 0 0 0
1 0 0 0 0 0 0 0 1 2 0 1 0 0 0 0 0 0 0 0 1 1 0 0 0 0 0 0 0 0 0 0 0 0
0 0 0 1 0 0 0 0 1 0 0 9 0 9 0 0 0 0 0 0 3 2 0 0 0 0 0 0 0 0 0 0 0 0
0 0 0 2 0 0 0 2 0 1 2 3 0 1 0 0 0 0 0 0 4 1 0 0 0 0 0 0 0 0 0 0 0 0
0 0 0 5 0 0 0 1 0 0 0 5 0 1 0 0 0 0 0 0 2 1 0 0 0 0 0 0 0 0 0 0 0 0
0 0 0 3 2 0 0 1 0 1 0 3 0 1 0 0 0 0 0 0 4 1 0 0 0 0 0 0 0 0 0 0 0 0
1 0 0 0 0 0 0 0 0 1 0 2 0 2 0 0 0 0 0 0 1 2 0 0 0 0 0 0 0 0 0 0 0 0
0 0 0 0 0 0 0 2 1 1 0 2 0 2 0 0 0 1 0 2 2 1 0 0 0 0 0 0 0 0 0 0 0 0
0 0 0 2 1 0 0 1 0 1 1 3 0 0 0 0 0 1 0 0 3 1 0 0 0 0 0 0 0 0 0 0 0 0
0 0 0 0 0 0 1 4 3 0 0 15 0 0 0 0 0 0 0 0 3 2 0 0 0 0 0 0 0 0 0 0 0 0
0 0 0 1 0 0 0 2 1 0 0 13 0 2 0 0 0 0 0 0 3 2 0 0 0 0 0 0 0 0 0 0 0 2
0 0 0 1 1 0 0 3 1 2 2 0 0 1 0 0 0 0 0 2 4 3 0 0 0 0 0 0 0 0 0 0 0 0
0 0 0 0 2 0 0 1 1 4 0 0 0 2 0 0 0 0 0 0 2 1 0 0 0 0 0 0 0 0 0 0 0 0
0 0 0 1 0 0 0 3 4 3 0 0 1 0 0 0 0 0 0 0 1 3 0 0 0 0 0 0 0 0 0 0 0 0
0 0 0 0 1 0 0 2 1 1 0 0 0 0 0 0 0 0 0 0 2 1 0 0 0 0 0 0 0 0 0 1 0 0
0 0 0 0 1 0 0 2 1 0 0 10 0 1 0 0 0 0 0 1 3 1 0 0 0 0 0 0 0 0 0 0 0 0
1 0 0 0 1 0 0 0 0 0 0 2 0 2 0 0 0 0 0 0 2 2 0 0 0 0 0 0 0 0 0 0 0 0
0 0 0 0 0 0 0 2 1 3 0 0 4 2 0 0 0 0 0 0 3 1 0 0 0 0 0 0 0 0 0 0 0 0
0 0 0 0 2 0 0 0 0 0 0 3 0 6 0 0 0 0 0 0 2 1 0 0 0 0 0 0 0 0 0 0 0 0
1 0 0 0 0 0 0 0 1 2 0 1 0 0 0 0 0 0 0 0 1 1 0 0 0 0 0 0 0 0 0 0 0 0
0 0 0 2 2 0 0 1 0 2 0 3 0 1 0 0 0 0 0 0 4 1 0 0 0 0 0 0 0 0 0 0 0 0
0 0 0 4 1 0 0 1 1 0 0 5 0 0 0 0 0 0 0 0 2 1 0 0 0 0 0 0 0 0 0 0 0 0
0 0 0 0 0 0 0 5 0 0 0 2 0 1 0 0 0 2 0 0 2 1 0 0 0 0 0 0 0 0 0 0 0 0
0 0 0 2 1 0 0 1 2 1 1 0 0 0 0 0 0 0 0 0 2 1 0 0 0 0 0 0 0 0 0 0 0 0
0 0 0 2 3 0 1 0 0 1 0 3 0 1 0 0 0 0 0 0 4 1 0 0 0 0 0 0 0 0 0 0 0 0
0 0 0 2 1 0 0 1 0 1 0 5 0 3 0 0 0 0 0 0 2 1 0 0 0 0 0 0 0 0 0 0 0 0
1 0 0 0 1 0 0 0 0 0 0 2 0 2 0 0 0 0 0 0 2 2 0 0 0 0 0 0 0 0 0 0 0 0
0 0 0 0 3 0 0 0 0 2 1 3 0 1 0 0 0 0 0 0 4 1 0 0 0 0 0 0 0 0 0 0 0 0
0 0 0 0 6 0 1 1 0 0 4 7 0 3 0 0 0 0 0 0 3 2 0 0 0 0 0 0 0 0 0 0 0 0
0 0 0 0 0 0 0 4 5 4 0 0 1 4 0 0 0 0 0 0 2 2 0 0 0 0 0 0 0 0 0 0 0 0
0 0 0 0 2 0 0 2 1 2 1 3 0 3 0 0 0 0 0 1 3 1 0 0 0 0 0 0 0 0 0 0 0 0
0 0 0 1 0 0 0 2 3 1 0 0 3 1 0 0 0 0 0 0 3 1 0 0 0 0 0 0 0 0 0 1 0 0
0 0 0 1 1 0 0 2 1 0 0 3 0 3 0 0 0 1 0 0 2 1 0 0 0 0 0 0 0 0 0 0 0 0
1 0 0 0 1 0 0 0 0 0 0 1 0 2 0 0 0 0 0 0 2 2 0 0 0 0 0 0 0 0 0 0 0 1
0 0 0 3 1 0 1 2 0 0 0 4 0 1 0 0 0 1 0 0 2 2 0 0 0 0 0 0 0 0 0 0 0 0
1 0 0 0 1 0 0 0 0 0 0 2 0 2 0 0 0 0 0 0 2 2 0 0 0 0 0 0 0 0 0 0 0 0
0 0 0 2 8 0 0 2 0 2 3 4 0 6 0 0 0 0 0 0 3 2 0 0 0 0 0 0 0 0 0 0 0 0
1 0 0 0 1 0 0 0 0 0 0 2 0 2 0 0 0 0 0 0 2 2 0 0 0 0 0 0 0 0 0 0 0 0
0 0 0 4 2 0 0 2 0 0 1 2 0 2 0 0 0 0 0 0 4 1 0 0 0 0 0 0 0 0 0 0 0 0
0 0 0 1 2 1 0 0 0 1 1 3 0 1 0 0 0 0 0 0 4 1 0 0 0 0 0 0 0 0 0 0 0 0
0 0 0 0 7 0 0 2 0 1 3 5 0 5 0 0 0 0 0 0 3 3 0 0 0 0 0 0 0 0 0 0 0 0
0 0 0 2 3 0 0 0 0 1 0 9 0 2 0 0 0 2 0 2 4 1 0 0 0 0 0 0 0 0 0 0 0 0
0 0 0 0 7 0 0 2 0 2 3 5 0 4 0 0 0 0 0 0 3 3 0 0 0 0 0 0 0 0 0 0 0 0
0 0 0 2 1 0 0 5 1 0 0 0 1 2 0 0 0 0 0 0 3 1 0 0 0 0 0 0 0 0 0 0 0 0
0 0 0 1 1 0 0 1 1 1 0 1 0 0 0 0 0 0 0 0 1 1 0 0 0 0 0 0 0 0 0 0 0 0
1 0 0 0 1 0 0 0 0 0 0 2 0 2 0 0 0 0 0 0 2 2 0 0 0 0 0 0 0 0 0 0 0 0
0 0 0 0 2 0 0 0 0 0 0 9 0 0 0 0 0 0 0 0 2 1 0 0 0 0 0 0 0 0 0 0 0 0
0 0 0 1 1 0 0 0 0 0 0 9 0 7 0 0 0 0 0 0 3 2 0 0 0 0 0 0 0 0 0 0 0 0
0 0 0 0 2 0 0 6 2 1 0 1 2 1 0 0 0 0 0 0 2 3 0 0 0 0 0 0 0 0 0 0 0 0
0 0 0 0 0 0 0 2 1 1 0 6 1 3 0 0 0 0 0 0 3 2 0 0 0 0 0 0 0 0 0 0 0 0
0 0 0 1 1 1 0 4 0 2 1 1 0 2 0 0 0 0 0 0 4 3 0 0 0 0 0 0 0 0 0 0 0 0
1 0 0 1 0 0 0 2 0 0 0 0 1 1 0 0 0 0 0 0 2 2 0 0 0 0 0 0 0 0 0 0 0 0
0 0 0 4 0 0 0 2 1 0 0 4 0 0 0 0 0 0 0 0 2 1 0 0 0 0 0 0 0 0 0 0 0 0
0 0 0 0 4 0 0 2 0 2 2 7 0 2 0 0 0 0 0 0 3 2 0 0 0 0 0 0 0 0 0 0 0 0
0 0 0 1 0 0 0 2 0 4 0 0 1 0 0 0 0 0 0 0 2 1 0 0 0 0 0 0 0 0 0 1 0 0
0 0 0 1 2 1 0 1 1 1 2 2 0 1 0 0 0 0 0 0 4 1 0 0 0 0 0 0 0 0 0 0 0 0
0 0 0 1 0 0 0 1 0 1 1 0 2 7 0 0 0 0 0 0 1 1 0 0 0 0 0 0 0 0 0 0 0 0
1 0 0 0 1 0 0 0 0 0 0 2 0 2 0 0 0 0 0 0 2 2 0 0 0 0 0 0 0 0 0 0 0 0
1 0 0 1 0 0 0 1 0 1 0 2 0 3 0 0 0 1 0 0 1 3 0 0 0 0 0 0 0 0 0 0 0 0
0 0 0 0 6 0 0 2 0 1 3 7 0 3 0 0 0 0 0 0 3 2 0 0 0 0 0 0 0 0 0 0 0 0
1 0 0 1 0 0 0 2 0 0 0 0 0 65 0 0 0 1 0 0 2 2 0 0 0 0 0 0 0 0 0 0 0 0
0 0 0 1 1 0 0 1 0 1 0 0 2 2 0 0 0 0 0 0 1 2 0 0 0 0 0 0 0 0 0 1 0 0
1 0 0 0 1 0 0 0 0 0 0 2 0 2 0 0 0 0 0 0 2 2 0 0 0 0 0 0 0 0 0 0 0 0
1 0 0 0 1 0 0 0 0 0 0 2 0 2 0 0 0 0 0 0 2 2 0 0 0 0 0 0 0 0 0 0 0 0
1 0 0 0 1 0 0 0 0 0 0 2 0 2 0 0 0 0 0 0 2 2 0 0 0 0 0 0 0 0 0 0 0 0
0 0 0 0 4 0 0 2 0 5 1 7 0 3 0 0 0 0 0 0 3 2 0 0 0 0 0 0 0 0 0 0 0 0
0 0 0 2 0 0 1 8 0 1 0 1 1 1 0 0 0 0 0 0 2 2 0 0 0 0 0 0 0 0 0 0 0 0
0 0 0 1 0 0 1 3 1 1 0 0 1 2 0 0 0 0 0 0 2 1 0 0 0 0 0 0 0 0 0 0 0 0
0 0 0 0 0 0 0 1 2 3 0 1 0 0 0 0 0 1 0 0 2 1 0 0 0 0 0 0 0 0 0 0 0 0
0 0 0 1 0 0 0 5 3 1 0 1 1 1 0 0 0 0 0 0 2 3 0 0 0 0 0 0 0 0 0 0 0 0
1 0 0 0 1 0 0 0 0 0 0 2 0 2 0 0 0 0 0 0 2 2 0 0 0 0 0 0 0 0 0 0 0 0
0 0 0 3 2 0 0 1 0 1 0 2 0 1 0 0 0 0 0 0 4 1 0 0 0 0 0 0 0 0 0 0 0 1
1 0 0 0 1 0 0 0 0 0 0 2 0 2 0 0 0 0 0 0 2 2 0 0 0 0 0 0 0 0 0 0 0 0
0 0 0 1 0 0 0 2 1 3 0 0 2 1 0 0 0 0 0 0 3 1 0 0 0 0 0 0 0 0 0 1 0 0
0 0 0 0 1 0 0 3 0 1 0 1 0 0 0 0 0 0 0 0 2 1 0 0 0 0 0 0 0 0 0 0 0 0
0 0 0 4 0 0 0 4 0 1 0 0 1 1 0 0 0 0 0 0 2 2 0 0 0 0 0 0 0 0 0 0 0 0
0 0 0 1 0 0 0 4 4 4 0 0 1 1 0 0 0 0 0 0 2 3 0 0 0 0 0 0 0 0 0 0 0 0
0 0 0 0 2 0 1 2 0 1 1 3 0 7 0 0 0 1 0 0 4 1 0 0 0 0 0 0 0 0 0 0 0 0
1 0 0 0 1 0 0 4 0 0 0 0 0 0 0 0 0 0 0 0 2 2 0 0 0 0 0 0 0 0 0 0 0 0
0 0 0 0 0 0 0 2 1 5 0 0 5 2 0 0 0 0 0 0 3 3 0 0 0 0 0 0 0 0 0 0 0 0
1 0 0 1 1 0 1 1 0 0 0 1 0 2 0 0 0 0 0 0 2 2 0 0 0 0 0 0 0 0 0 0 0 0
0 0 0 2 2 0 0 0 0 0 0 3 0 4 0 0 0 2 0 1 2 2 0 0 0 0 0 0 0 0 0 0 0 0
0 0 0 3 2 0 0 1 0 0 1 3 0 1 0 0 0 0 0 0 4 1 0 0 0 0 0 0 0 0 0 0 0 0
0 0 0 2 3 0 0 1 0 0 1 3 0 1 0 0 0 0 0 0 4 1 0 0 0 0 0 0 0 0 0 0 0 0
0 0 0 1 3 0 0 0 1 1 1 3 0 2 0 0 0 0 0 0 2 1 0 0 0 0 0 0 0 0 0 0 0 0
1 0 0 0 1 0 0 0 0 0 0 2 0 2 0 0 0 0 0 0 2 2 0 0 0 0 0 0 0 0 0 0 0 0
0 0 0 1 3 0 0 4 0 0 1 2 0 2 0 0 0 0 0 0 4 1 0 0 0 0 0 0 0 0 0 0 0 0
0 0 0 1 0 0 0 1 0 1 0 0 0 1 0 0 1 1 0 0 1 1 0 0 0 0 0 0 0 0 0 0 0 0
0 0 0 1 1 0 0 1 2 3 0 0 0 0 0 0 0 0 0 0 2 1 0 0 0 0 0 0 0 0 0 0 0 0
0 0 0 1 0 0 0 3 3 1 0 0 4 2 0 0 0 0 0 0 3 1 0 0 0 0 0 0 0 0 0 0 0 0
0 0 0 4 0 0 0 3 1 1 0 12 0 0 0 0 0 2 0 3 3 6 0 0 0 0 0 0 0 0 0 0 0 0
0 0 0 1 0 0 0 2 1 1 0 0 0 0 0 0 0 0 0 0 2 1 0 0 0 0 0 0 0 0 0 1 0 0
1 0 0 0 1 0 0 0 0 0 0 2 0 2 0 0 0 0 0 0 2 2 0 0 0 0 0 0 0 0 0 0 0 0
0 0 0 0 0 0 1 4 3 0 0 10 0 4 0 0 0 1 0 0 3 2 0 0 0 0 0 0 0 0 0 0 0 0
0 0 0 0 2 0 0 0 1 2 0 2 0 1 0 0 0 0 0 0 4 1 0 0 0 0 0 0 0 0 0 0 0 1
0 0 0 3 0 0 0 0 0 0 0 8 0 0 0 0 0 0 0 1 2 1 0 0 0 0 0 0 0 0 0 0 0 0
0 0 0 2 0 0 0 5 0 1 0 4 1 0 0 0 0 1 0 0 2 2 0 0 0 0 0 0 0 0 0 0 0 0
0 0 0 3 0 0 0 5 0 0 0 6 0 1 0 0 0 0 0 0 3 1 0 0 0 0 0 0 0 0 0 0 0 0
1 0 0 0 1 0 0 0 0 0 0 2 0 2 0 0 0 0 0 0 2 2 0 0 0 0 0 0 0 0 0 0 0 0
0 0 0 0 0 0 0 4 4 0 0 8 0 5 0 0 0 0 0 0 3 2 0 0 0 0 0 0 0 0 0 0 0 2
0 0 0 5 0 0 0 9 3 1 0 27 0 33 0 0 0 0 0 0 2 32 0 0 0 0 0 0 0 0 0 0 0 0
0 0 0 1 2 0 0 0 0 2 1 3 0 1 0 0 0 0 0 0 4 1 0 0 0 0 0 0 0 0 0 0 0 0
1 0 0 0 0 0 0 0 1 2 0 1 0 0 0 0 0 0 0 0 1 1 0 0 0 0 0 0 0 0 0 0 0 0
0 0 0 1 2 0 0 1 1 4 0 2 0 1 0 0 0 0 0 0 4 1 0 0 0 0 0 0 0 0 0 0 0 0
0 0 0 0 1 1 0 4 0 0 0 0 2 1 0 0 0 0 0 0 2 1 0 0 0 0 0 0 0 0 0 0 0 0
0 0 0 4 0 0 0 3 1 0 0 1 0 1 0 0 0 0 0 0 2 1 0 0 0 0 0 0 0 0 0 0 0 0
0 0 0 1 4 0 0 1 0 0 1 3 0 1 0 0 0 0 0 0 4 1 0 0 0 0 0 0 0 0 0 0 0 0
0 0 0 1 5 0 0 2 0 0 1 2 0 2 0 0 0 0 0 0 4 1 0 0 0 0 0 0 0 0 0 0 0 0
1 1 0 0 2 0 0 2 0 1 0 0 0 1 0 0 0 0 0 0 3 1 0 0 0 0 0 0 0 0 0 1 0 0
0 0 0 0 3 1 0 0 0 1 1 3 0 1 0 0 0 0 0 0 4 1 0 0 0 0 0 0 0 0 0 0 0 0
1 0 0 0 1 0 0 0 0 0 0 2 0 2 0 0 0 0 0 0 2 2 0 0 0 0 0 0 0 0 0 0 0 0
0 0 0 1 0 0 0 1 1 3 0 0 0 31 0 0 0 1 0 0 1 1 0 0 0 0 0 0 0 0 0 0 0 0
1 0 0 0 1 0 0 0 0 0 0 2 0 2 0 0 0 0 0 0 2 2 0 0 0 0 0 0 0 0 0 0 0 0
0 0 0 1 2 1 0 0 0 1 1 3 0 1 0 0 0 0 0 0 4 1 0 0 0 0 0 0 0 0 0 0 0 0
0 0 0 3 2 0 0 3 0 0 0 5 0 1 0 0 0 0 0 0 2 3 0 0 0 0 0 0 0 0 0 0 0 0
1 0 0 0 1 0 0 0 0 0 0 2 0 2 0 0 0 0 0 0 2 2 0 0 0 0 0 0 0 0 0 0 0 0
1 0 0 1 0 0 0 0 1 1 0 0 0 0 0 0 0 0 0 0 1 1 0 0 0 0 0 0 0 0 0 0 0 0
1 0 0 0 1 0 0 0 0 0 0 2 0 2 0 0 0 0 0 0 2 2 0 0 0 0 0 0 0 0 0 0 0 0
0 0 0 1 1 0 1 1 0 0 0 3 1 4 0 0 0 0 0 0 2 2 0 0 0 0 0 0 0 0 0 0 0 2
0 0 0 1 1 0 0 2 1 1 0 0 0 0 0 0 0 0 0 0 1 1 0 0 0 0 0 0 0 0 0 0 0 0
1 0 0 0 1 0 0 0 0 0 0 2 0 2 0 0 0 0 0 0 2 2 0 0 0 0 0 0 0 0 0 0 0 0
0 0 0 2 0 0 0 3 2 0 0 8 0 8 0 0 0 0 0 0 3 2 0 0 0 0 0 0 0 0 0 0 0 0
0 0 0 4 0 0 0 0 0 0 0 6 0 0 0 0 0 0 0 0 2 1 0 0 0 0 0 0 0 0 0 0 0 0
1 0 0 0 1 0 0 0 0 0 0 2 0 2 0 0 0 0 0 0 2 2 0 0 0 0 0 0 0 0 0 0 0 0
0 0 0 0 1 0 0 3 0 1 0 1 0 0 0 0 0 0 0 0 2 1 0 0 0 0 0 0 0 0 0 0 0 0
1 0 0 0 1 0 0 0 0 0 0 2 0 2 0 0 0 0 0 0 2 2 0 0 0 0 0 0 0 0 0 0 0 0
0 0 0 0 2 0 0 0 1 2 0 3 0 1 0 0 0 0 0 0 4 1 0 0 0 0 0 0 0 0 0 0 0 0
0 0 0 0 6 0 0 1 0 2 3 7 0 3 0 0 0 0 0 0 3 2 0 0 0 0 0 0 0 0 0 0 0 0
0 0 0 4 1 0 0 2 1 1 0 13 0 2 0 0 0 2 0 0 3 3 0 0 0 0 0 0 0 0 0 0 0 0
0 0 0 2 3 0 0 1 0 0 1 3 0 1 0 0 0 0 0 0 4 1 0 0 0 0 0 0 0 0 0 0 0 0
1 0 0 0 1 0 0 0 0 2 0 2 0 2 0 0 0 0 0 0 2 2 0 0 0 0 0 0 0 0 0 0 0 0
1 0 0 0 0 0 0 0 0 1 0 3 0 2 0 0 0 1 0 0 1 3 0 0 0 0 0 0 0 0 0 0 0 0
0 0 0 2 2 0 0 1 0 0 2 3 0 1 0 0 0 0 0 0 4 1 0 0 0 0 0 0 0 0 0 0 0 0
1 0 0 0 2 0 0 0 0 0 0 1 0 2 0 0 0 0 0 1 2 2 0 0 0 0 0 0 0 0 0 0 0 0
0 0 0 1 2 0 0 1 0 1 0 0 3 3 0 0 0 0 0 0 1 3 0 0 0 0 0 0 0 0 0 1 0 0
0 0 0 2 0 0 0 6 0 0 0 1 1 0 0 0 0 1 0 0 2 1 0 0 0 0 0 0 0 0 0 0 0 0
0 0 0 2 2 0 0 3 1 0 0 4 0 0 0 0 0 0 0 0 2 1 0 0 0 0 0 0 0 0 0 0 0 0
0 0 0 2 1 0 0 8 1 0 0 5 0 8 0 0 0 1 0 0 3 4 0 0 0 0 0 0 0 0 0 0 0 0
0 0 0 5 3 0 0 3 6 3 0 7 0 15 0 0 0 4 0 1 1 17 0 0 0 0 0 0 0 0 0 0 0 0
1 0 0 0 1 0 0 0 0 0 0 2 0 2 0 0 0 0 0 0 2 2 0 0 0 0 0 0 0 0 0 0 0 0
0 0 0 2 2 0 0 1 0 2 1 2 0 2 0 0 0 0 0 0 4 1 0 0 0 0 0 0 0 0 0 0 0 0
0 0 0 1 0 0 0 3 0 2 0 0 0 0 0 0 0 1 0 0 2 1 0 0 0 0 0 0 0 0 0 0 0 0
0 0 0 0 0 0 0 3 2 0 0 13 0 2 0 0 0 1 0 0 3 2 0 0 0 0 0 0 0 0 0 0 0 0
1 0 0 0 1 0 0 0 0 0 0 2 0 2 0 0 0 0 0 0 2 2 0 0 0 0 0 0 0 0 0 0 0 0
1 0 0 0 0 0 0 3 0 0 3 0 0 4 0 0 0 0 0 0 2 2 0 0 0 0 0 0 0 0 0 0 0 0
0 0 0 0 3 0 0 0 1 1 1 3 0 1 0 0 0 0 0 0 4 1 0 0 0 0 0 0 0 0 0 0 0 0
1 0 0 0 1 0 0 0 0 0 0 2 0 2 0 0 0 0 0 0 2 2 0 0 0 0 0 0 0 0 0 0 0 0
0 0 0 0 3 0 0 0 0 4 0 2 0 1 0 0 0 1 0 0 4 2 0 0 0 0 0 0 0 0 0 0 0 0
0 0 0 0 7 0 0 1 0 3 2 6 0 4 0 0 0 0 0 0 3 2 0 0 0 0 0 0 0 0 0 0 0 0
0 0 0 2 0 0 0 0 0 0 0 9 0 0 0 0 0 0 0 0 2 1 0 0 0 0 0 0 0 0 0 0 0 0
1 0 0 0 1 0 0 0 0 0 0 2 0 2 0 0 0 0 0 0 2 2 0 0 0 0 0 0 0 0 0 0 0 0
0 0 0 0 2 0 0 1 0 1 2 3 0 1 0 0 0 0 0 0 4 1 0 0 0 0 0 0 0 0 0 0 0 0
0 0 0 2 2 0 0 1 2 4 0 1 0 1 0 0 0 0 0 0 4 3 0 0 0 0 0 0 0 0 0 0 0 0
0 0 0 1 0 0 0 2 1 1 0 0 0 0 0 0 0 0 0 0 2 1 0 0 0 0 0 0 0 0 0 1 0 0
0 0 0 3 0 0 0 2 1 1 0 5 0 0 0 0 0 2 0 0 2 2 0 0 0 0 0 0 0 0 0 0 0 0
0 0 0 2 5 0 0 2 1 0 1 0 0 1 0 0 0 0 0 2 4 3 0 0 0 0 0 0 0 0 0 0 0 0
0 0 0 1 2 0 0 0 0 2 1 3 0 1 0 0 0 0 0 0 4 1 0 0 0 0 0 0 0 0 0 0 0 0
1 0 0 0 1 0 0 0 0 0 0 2 0 2 0 0 0 0 0 0 2 2 0 0 0 0 0 0 0 0 0 0 0 0
0 0 0 1 0 0 0 1 1 0 0 8 0 8 0 1 0 0 0 1 3 2 0 0 0 0 0 0 0 0 0 0 0 0
1 0 0 0 1 0 0 0 0 0 0 2 0 2 0 0 0 0 0 0 2 2 0 0 0 0 0 0 0 0 0 0 0 0
0 0 0 1 3 0 1 0 0 1 1 3 0 1 0 0 0 0 0 0 4 1 0 0 0 0 0 0 0 0 0 0 0 0
0 0 0 0 2 1 0 0 0 2 1 3 0 1 0 0 0 0 0 0 4 1 0 0 0 0 0 0 0 0 0 0 0 0
0 0 0 2 0 0 0 6 0 0 0 3 0 1 0 2 0 0 0 0 2 3 0 0 0 0 0 0 0 0 0 0 0 0
1 0 0 1 1 0 0 0 0 0 0 1 0 2 0 0 0 0 0 1 2 2 0 0 0 0 0 0 0 0 0 0 0 0
1 0 0 0 1 0 0 0 0 0 0 2 0 2 0 0 0 0 0 0 2 2 0 0 0 0 0 0 0 0 0 0 0 0
0 0 0 2 0 0 0 4 0 0 0 7 0 9 0 0 0 0 0 0 3 4 0 0 0 0 0 0 0 0 0 0 0 0
1 0 0 0 1 0 0 0 0 0 0 2 0 2 0 0 0 0 0 0 2 2 0 0 0 0 0 0 0 0 0 0 0 0
0 0 0 0 1 0 0 4 2 1 0 2 0 3 0 0 0 2 0 0 2 2 0 0 0 0 0 0 0 0 0 0 0 0
0 0 0 3 3 0 0 2 0 0 1 2 0 2 0 0 0 0 0 0 4 1 0 0 0 0 0 0 0 0 0 0 0 0
0 0 0 4 1 0 0 2 2 1 0 4 0 3 0 3 0 1 0 2 4 2 0 0 0 0 0 0 0 0 0 0 0 0
1 0 0 0 1 0 0 0 0 0 0 2 0 2 0 0 0 0 0 0 2 2 0 0 0 0 0 0 0 0 0 0 0 0
0 0 0 2 0 0 0 0 0 0 0 15 0 1 0 0 0 0 0 1 3 2 0 0 0 0 0 0 0 0 0 0 0 1
0 0 0 1 0 0 0 0 1 4 0 0 0 0 0 0 0 0 0 0 1 1 0 0 0 0 0 0 0 0 0 0 0 0
0 0 0 0 2 0 0 0 0 2 2 3 0 1 0 0 0 0 0 0 4 1 0 0 0 0 0 0 0 0 0 0 0 0
0 0 0 2 2 0 0 1 0 3 0 0 0 0 0 0 0 0 0 0 1 2 0 0 0 0 0 0 0 0 0 0 0 0
0 0 0 1 2 0 0 3 0 0 1 3 0 1 0 0 0 0 0 0 4 1 0 0 0 0 0 0 0 0 0 0 0 0
0 0 0 1 4 0 0 2 0 4 3 6 0 4 0 0 0 0 0 0 3 2 0 0 0 0 0 0 0 0 0 0 0 0
1 0 0 0 0 0 0 2 2 2 0 0 1 0 0 0 0 0 0 0 2 2 0 0 0 0 0 0 0 0 0 0 0 0
1 0 0 0 1 0 0 1 1 1 0 0 1 1 0 0 0 0 0 0 2 2 0 0 0 0 0 0 0 0 0 0 0 0
0 0 0 0 3 0 0 0 1 2 0 3 0 1 0 0 0 0 0 0 4 1 0 0 0 0 0 0 0 0 0 0 0 0
1 1 0 1 1 0 0 2 0 2 0 0 0 0 0 0 0 0 0 0 3 1 0 0 0 0 0 0 0 0 0 1 0 0
0 0 0 1 6 0 1 1 0 3 1 6 0 4 0 0 0 0 0 0 3 2 0 0 0 0 0 0 0 0 0 0 0 0
0 0 0 1 0 0 0 2 1 2 0 0 1 1 0 0 0 0 0 0 2 1 0 0 0 0 0 0 0 0 0 1 0 0
0 0 0 0 0 0 0 2 7 0 0 0 2 1 0 0 0 0 0 0 2 2 0 0 0 0 0 0 0 0 0 0 0 0
1 0 0 0 1 0 0 0 0 0 0 2 0 2 0 0 0 0 0 0 2 2 0 0 0 0 0 0 0 0 0 0 0 0
0 0 0 1 2 1 0 0 0 1 1 3 0 1 0 0 0 0 0 0 4 1 0 0 0 0 0 0 0 0 0 0 0 0
0 0 0 0 0 0 0 1 0 0 0 3 0 6 0 0 0 0 0 1 2 1 0 0 0 0 0 0 0 0 0 0 0 0
0 0 0 0 3 1 0 0 0 1 1 3 0 1 0 0 0 0 0 0 4 1 0 0 0 0 0 0 0 0 0 0 0 0
0 0 0 2 0 0 0 4 0 1 0 1 1 0 0 0 0 0 0 0 1 1 0 0 0 0 0 0 0 0 0 0 0 0
0 0 0 1 5 0 0 0 0 3 1 1 0 2 0 0 0 0 0 0 2 1 0 0 0 0 0 0 0 0 0 0 0 0
0 0 0 0 2 0 0 2 1 3 0 0 1 0 0 0 0 0 0 0 2 2 0 0 0 0 0 0 0 0 0 0 0 0
0 0 0 0 0 0 0 3 2 3 0 0 2 2 0 0 0 0 0 0 3 1 0 0 0 0 0 0 0 0 0 0 0 0
0 0 0 0 1 0 0 3 0 1 0 0 1 0 0 0 0 0 0 0 2 1 0 0 0 0 0 0 0 0 0 1 0 0
0 0 0 2 1 0 1 7 1 0 0 10 0 2 0 0 0 1 0 0 3 5 0 0 0 0 0 0 0 0 0 0 0 0
0 0 0 1 2 0 0 3 0 1 0 6 0 0 0 0 0 0 0 0 2 1 0 0 0 0 0 0 0 0 0 0 0 0
0 0 0 1 3 0 0 0 0 3 0 2 0 2 0 0 0 0 0 0 4 1 0 0 0 0 0 0 0 0 0 0 0 0
1 0 0 0 1 0 0 0 0 0 0 2 0 2 0 0 0 0 0 0 2 2 0 0 0 0 0 0 0 0 0 0 0 0
0 0 0 0 2 0 0 0 0 3 1 3 0 1 0 0 0 0 0 0 4 1 0 0 0 0 0 0 0 0 0 0 0 0
1 0 0 0 0 0 0 0 1 1 0 1 0 0 0 0 0 0 0 0 1 1 0 0 0 0 0 0 0 0 0 0 0 0
0 0 0 0 0 0 0 0 1 2 0 3 0 0 0 0 0 0 0 0 2 1 0 0 0 0 0 0 0 0 0 0 0 0
0 0 0 5 2 0 0 4 0 0 0 8 0 3 0 1 0 1 0 0 3 5 0 0 0 0 0 0 0 0 0 0 0 0
0 0 0 2 3 0 0 1 0 0 1 3 0 1 0 0 0 0 0 0 4 1 0 0 0 0 0 0 0 0 0 0 0 0
0 0 0 1 1 0 1 1 0 0 0 10 2 1 0 0 0 0 0 2 3 1 0 0 0 0 0 0 0 0 0 0 0 0
0 0 0 2 6 0 0 3 0 1 3 5 0 4 0 0 0 0 0 1 3 2 0 0 0 0 0 0 0 0 0 0 0 0
1 0 0 0 1 0 0 0 0 0 0 2 0 2 0 0 0 0 0 0 2 2 0 0 0 0 0 0 0 0 0 0 0 0
0 0 0 0 2 0 0 1 1 1 1 3 0 5 0 0 0 0 0 1 3 1 0 0 0 0 0 0 0 0 0 0 0 0
0 0 0 1 3 0 0 0 0 3 0 1 0 2 0 0 0 2 0 0 4 2 0 0 0 0 0 0 0 0 0 0 0 0
0 0 0 1 2 0 0 2 3 0 1 2 0 4 0 0 0 1 0 1 3 1 0 0 0 0 0 0 0 0 0 0 0 0
0 0 0 1 2 0 0 6 0 1 0 1 2 1 0 0 0 0 0 0 2 3 0 0 0 0 0 0 0 0 0 0 0 0
0 0 0 3 2 0 1 4 1 1 0 9 0 4 0 0 0 2 0 0 3 3 0 0 0 0 0 0 0 0 0 0 0 0
1 0 0 0 1 0 0 0 0 0 0 2 0 2 0 0 0 0 0 0 2 2 0 0 0 0 0 0 0 0 0 0 0 0
0 0 0 1 1 0 0 2 2 1 1 0 0 0 0 0 0 0 0 0 2 1 0 0 0 0 0 0 0 0 0 0 0 0
0 0 0 4 2 0 0 0 0 0 0 3 0 1 0 1 0 0 0 0 2 1 0 0 0 0 0 0 0 0 0 0 0 0
1 0 0 0 1 0 0 0 0 0 0 2 0 2 0 0 0 0 0 0 2 2 0 0 0 0 0 0 0 0 0 0 0 0
0 0 0 1 4 0 0 1 0 0 1 3 0 1 0 0 0 0 0 0 4 1 0 0 0 0 0 0 0 0 0 0 0 0
0 0 0 1 0 0 0 2 1 5 0 0 3 2 0 0 0 0 0 0 3 1 0 0 0 0 0 0 0 0 0 0 0 0
1 0 0 1 0 0 0 2 0 1 0 0 1 0 0 0 0 0 0 0 2 1 0 0 0 0 0 0 0 0 0 0 0 0
1 0 0 0 1 0 0 0 0 0 0 2 0 2 0 0 0 0 0 0 2 2 0 0 0 0 0 0 0 0 0 0 0 0
0 0 0 0 1 0 0 1 0 0 0 12 0 1 0 0 0 0 0 0 3 1 0 0 0 0 0 0 0 0 0 0 0 0
0 0 0 1 1 0 0 1 2 2 1 0 0 0 0 0 0 0 0 0 2 1 0 0 0 0 0 0 0 0 0 0 0 0
0 0 0 2 3 0 1 0 0 1 0 3 0 1 0 0 0 0 0 0 4 1 0 0 0 0 0 0 0 0 0 0 0 0
0 0 0 1 0 0 0 2 0 0 0 10 0 1 0 0 0 1 0 0 3 1 0 0 0 0 0 0 0 0 0 0 0 0
0 0 0 1 2 0 0 1 0 0 0 7 0 1 0 0 0 0 0 0 2 1 0 0 0 0 0 0 0 0 0 0 0 0
0 0 0 0 3 0 0 0 1 2 0 3 0 1 0 0 0 0 0 0 4 1 0 0 0 0 0 0 0 0 0 0 0 0
0 0 0 0 4 1 0 0 0 1 1 2 0 2 0 0 0 0 0 0 4 1 0 0 0 0 0 0 0 0 0 0 0 0
0 0 0 3 0 0 0 5 0 2 0 2 0 1 0 0 0 0 0 0 2 2 0 0 0 0 0 0 0 0 0 0 0 0
0 0 0 0 3 1 0 0 0 1 1 3 0 1 0 0 0 0 0 0 4 1 0 0 0 0 0 0 0 0 0 0 0 0
1 0 0 0 1 0 0 0 0 0 0 2 0 2 0 0 0 0 0 0 2 2 0 0 0 0 0 0 0 0 0 0 0 0
0 0 0 2 4 0 1 1 2 2 2 6 0 3 0 0 0 0 0 1 3 2 0 0 0 0 0 0 0 0 0 0 0 0
1 0 0 0 1 0 0 0 0 0 0 2 0 2 0 0 0 0 0 0 2 2 0 0 0 0 0 0 0 0 0 0 0 0
0 0 0 3 0 0 0 0 0 1 0 7 0 1 0 0 0 1 0 0 2 1 0 0 0 0 0 0 0 0 0 0 0 0
0 0 0 1 6 0 0 2 0 3 1 6 0 4 0 0 0 0 0 0 3 2 0 0 0 0 0 0 0 0 0 0 0 0
0 0 0 2 3 0 0 2 1 0 1 2 0 3 0 0 0 0 0 0 2 1 0 0 0 0 0 0 0 0 0 0 0 0
0 0 0 3 0 1 0 2 0 0 0 7 0 11 0 0 0 1 0 0 3 2 0 0 0 0 0 0 0 0 0 0 0 0
0 0 0 6 0 0 0 1 0 0 0 4 0 1 0 0 0 0 0 0 2 2 0 0 0 0 0 0 0 0 0 0 0 0
0 0 0 1 0 0 1 1 3 0 0 2 1 0 0 0 0 0 0 0 2 1 0 0 0 0 0 0 0 0 0 0 0 0
0 0 0 0 3 1 0 0 0 1 1 3 0 1 0 0 0 0 0 0 4 1 0 0 0 0 0 0 0 0 0 0 0 0
0 0 0 1 4 0 0 1 0 3 1 5 0 3 0 0 0 0 0 0 2 2 0 0 0 0 0 0 0 0 0 0 0 1
0 0 0 0 3 1 0 0 0 1 1 3 0 1 0 0 0 0 0 0 4 1 0 0 0 0 0 0 0 0 0 0 0 0
0 0 0 6 4 0 0 10 5 1 1 58 0 67 0 0 0 2 0 0 1 67 0 0 0 0 0 0 0 0 0 0 0 0
1 0 0 0 1 0 0 0 0 0 0 2 0 2 0 0 0 0 0 0 2 2 0 0 0 0 0 0 0 0 0 0 0 0
0 0 0 2 6 0 1 1 0 2 3 4 0 4 0 0 0 0 0 0 3 3 0 0 0 0 0 0 0 0 0 0 0 0
0 0 0 0 0 0 0 2 3 1 0 0 0 0 0 0 0 0 0 0 1 1 0 0 0 0 0 0 0 0 0 0 0 0
1 0 0 1 0 0 0 2 0 1 0 2 0 2 0 0 0 1 0 0 1 3 0 0 0 0 0 0 0 0 0 0 0 0
0 0 0 2 0 0 0 1 1 1 0 0 1 3 0 2 0 0 0 0 3 1 0 0 0 0 0 0 0 0 0 0 0 0
0 0 0 0 6 0 0 0 0 3 3 7 0 3 0 0 0 0 0 0 3 2 0 0 0 0 0 0 0 0 0 0 0 0
1 0 0 0 1 0 0 0 0 0 0 2 0 2 0 0 0 0 0 0 2 2 0 0 0 0 0 0 0 0 0 0 0 0
0 0 0 2 0 0 0 1 0 0 0 12 0 6 0 0 0 4 0 0 3 3 0 0 0 0 0 0 0 0 0 0 0 0
0 0 0 0 2 0 0 3 3 1 1 0 0 1 0 0 0 0 0 0 2 1 0 0 0 0 0 0 0 0 0 0 0 0
0 0 0 1 3 0 0 0 3 1 1 1 0 1 0 0 0 0 0 0 2 1 0 0 0 0 0 0 0 0 0 0 0 0
0 0 0 0 2 0 0 3 2 1 1 8 0 2 0 0 0 0 0 0 3 2 0 0 0 0 0 0 0 0 0 0 0 0
0 0 0 0 2 0 0 1 0 0 1 8 0 6 0 0 0 0 0 0 3 2 0 0 0 0 0 0 0 0 0 0 0 1
0 0 0 0 1 0 0 1 2 1 0 2 1 5 0 0 0 0 0 0 2 2 0 0 0 0 0 0 0 0 0 0 0 1
1 0 0 0 1 0 0 0 0 0 0 2 0 2 0 0 0 0 0 0 2 2 0 0 0 0 0 0 0 0 0 0 0 0
0 0 0 2 3 0 0 3 0 0 0 5 0 1 0 0 0 0 0 0 2 3 0 0 0 0 0 0 0 0 0 0 0 0
0 0 0 2 0 0 0 3 1 4 0 1 1 1 0 0 0 0 0 0 2 3 0 0 0 0 0 0 0 0 0 0 0 0
1 0 0 0 1 0 0 0 0 0 0 2 0 2 0 0 0 0 0 0 2 2 0 0 0 0 0 0 0 0 0 0 0 0
0 0 0 4 0 0 0 2 1 1 0 5 0 10 0 0 0 0 0 0 3 4 0 0 0 0 0 0 0 0 0 0 0 0
0 0 0 1 0 0 0 0 0 0 0 10 0 3 0 1 0 2 0 0 3 2 0 0 0 0 0 0 0 0 0 0 0 0
0 0 0 1 1 0 1 2 1 1 0 6 0 0 0 0 0 0 0 0 2 1 0 0 0 0 0 0 0 0 0 0 0 0
0 0 0 1 3 0 0 1 0 2 0 3 0 1 0 0 0 0 0 0 4 1 0 0 0 0 0 0 0 0 0 0 0 0
0 0 0 1 1 0 0 1 1 1 0 0 1 0 0 0 0 0 0 0 1 2 0 0 0 0 0 0 0 0 0 0 0 0
0 0 0 2 1 0 0 2 1 0 0 0 1 2 0 1 0 2 0 0 3 1 0 0 0 0 0 0 0 0 0 0 0 0
0 0 0 0 1 0 0 2 3 1 0 0 0 1 0 0 0 0 0 0 2 1 0 0 0 0 0 0 0 0 0 0 0 0
0 0 0 2 2 0 0 4 0 0 0 0 2 3 0 0 0 0 0 0 2 3 0 0 0 0 0 0 0 0 0 0 0 0
0 0 0 3 0 0 0 2 2 3 0 4 1 1 0 0 0 0 0 0 2 3 0 0 0 0 0 0 0 0 0 0 0 0
1 1 0 1 1 0 0 2 0 2 0 0 0 0 0 0 0 0 0 0 3 1 0 0 0 0 0 0 0 0 0 1 0 0
0 0 0 0 0 0 0 1 0 5 0 0 5 2 0 0 0 0 0 0 3 2 0 0 0 0 0 0 0 0 0 0 0 0
0 0 0 1 1 0 0 0 1 1 0 0 2 2 0 0 0 0 0 0 1 2 0 0 0 0 0 0 0 0 0 1 0 0
0 0 0 0 0 0 0 0 1 3 0 3 0 0 0 0 0 0 0 0 1 1 0 0 0 0 0 0 0 0 0 0 0 0
0 0 0 1 0 0 0 1 0 0 0 12 0 1 0 0 0 2 0 0 3 2 0 0 0 0 0 0 0 0 0 0 0 0
1 0 0 0 1 0 0 0 0 0 0 2 0 2 0 0 0 0 0 0 2 2 0 0 0 0 0 0 0 0 0 0 0 0
1 0 0 0 1 0 0 0 0 0 0 2 0 2 0 0 0 0 0 0 2 2 0 0 0 0 0 0 0 0 0 0 0 0
0 0 0 3 3 0 0 3 0 0 1 2 0 1 0 0 0 0 0 0 4 1 0 0 0 0 0 0 0 0 0 0 0 0
0 0 0 0 0 0 0 3 4 1 0 0 1 1 0 0 0 0 0 0 2 1 0 0 0 0 0 0 0 0 0 0 0 0
0 0 0 0 0 0 0 1 0 0 0 5 0 7 0 0 0 1 0 0 3 1 0 0 0 0 0 0 0 0 0 0 0 1
0 0 0 3 0 0 0 3 0 0 0 5 0 1 0 0 0 0 0 0 2 1 0 0 0 0 0 0 0 0 0 0 0 0
0 0 0 1 4 0 0 1 0 0 1 3 0 1 0 0 0 0 0 0 4 1 0 0 0 0 0 0 0 0 0 0 0 0
0 0 0 1 0 0 0 1 1 1 0 0 1 0 0 0 0 0 0 0 1 1 0 0 0 0 0 0 0 0 0 0 0 0
0 0 0 0 0 2 1 3 1 2 0 0 0 0 0 0 0 0 0 0 2 2 0 0 0 0 0 0 0 0 0 0 0 0
1 0 0 0 1 0 0 0 0 0 0 2 0 2 0 0 0 0 0 0 2 2 0 0 0 0 0 0 0 0 0 0 0 0
0 0 0 0 0 0 0 1 0 1 0 10 0 6 0 0 0 1 0 0 3 2 0 0 0 0 0 0 0 0 0 0 0 0
0 0 0 2 0 0 0 2 0 0 0 9 0 2 0 0 0 1 0 0 3 1 0 0 0 0 0 0 0 0 0 0 0 0
0 0 0 3 0 0 0 3 0 0 0 5 0 1 0 0 0 0 0 0 2 1 0 0 0 0 0 0 0 0 0 0 0 0
1 1 0 1 1 0 0 2 0 0 0 0 1 1 0 0 0 0 0 0 3 1 0 0 0 0 0 0 0 0 0 1 0 0
0 0 0 0 0 0 0 2 0 0 0 6 0 2 0 0 0 0 0 0 2 1 0 0 0 0 0 0 0 0 0 0 0 1
0 0 0 0 0 0 0 0 1 2 0 3 0 0 0 0 0 0 0 0 2 1 0 0 0 0 0 0 0 0 0 0 0 0
1 0 0 0 1 0 0 0 0 0 0 2 0 2 0 0 0 0 0 0 2 2 0 0 0 0 0 0 0 0 0 0 0 0
1 0 0 0 1 0 0 0 0 0 0 2 0 2 0 0 0 0 0 0 2 2 0 0 0 0 0 0 0 0 0 0 0 0
0 0 0 1 1 0 0 3 1 2 0 0 0 0 0 0 0 0 0 0 2 1 0 0 0 0 0 0 0 0 0 0 0 0
0 0 0 0 8 0 0 5 0 1 3 4 0 4 0 0 0 0 0 0 3 4 0 0 0 0 0 0 0 0 0 0 0 0
1 0 0 0 1 0 0 0 0 0 0 2 0 2 0 0 0 0 0 0 2 2 0 0 0 0 0 0 0 0 0 0 0 0
0 0 0 2 2 0 0 1 1 2 0 2 0 2 0 0 0 0 0 0 4 1 0 0 0 0 0 0 0 0 0 0 0 0
1 0 0 0 1 0 0 0 0 0 0 2 0 2 0 0 0 0 0 0 2 2 0 0 0 0 0 0 0 0 0 0 0 0
0 0 0 1 7 0 0 1 0 2 2 6 0 4 0 0 0 0 0 0 3 2 0 0 0 0 0 0 0 0 0 0 0 0
0 0 0 2 2 0 0 1 0 2 0 3 0 1 0 0 0 0 0 0 4 1 0 0 0 0 0 0 0 0 0 0 0 0
1 0 0 1 0 0 0 2 0 1 0 0 1 0 0 0 0 0 0 0 2 1 0 0 0 0 0 0 0 0 0 0 0 0
0 0 0 0 3 1 0 0 0 1 1 3 0 1 0 0 0 0 0 0 4 1 0 0 0 0 0 0 0 0 0 0 0 0
0 0 0 0 3 0 0 0 1 1 1 3 0 1 0 0 0 0 0 0 4 1 0 0 0 0 0 0 0 0 0 0 0 0
1 0 0 0 1 0 0 0 0 0 0 2 0 2 0 0 0 0 0 0 2 2 0 0 0 0 0 0 0 0 0 0 0 0
0 0 0 1 1 0 1 2 1 1 0 0 3 2 0 0 0 0 0 0 3 2 0 0 0 0 0 0 0 0 0 1 0 0
0 0 0 1 2 0 0 0 0 3 1 2 0 1 0 0 0 0 0 1 4 2 0 0 0 0 0 0 0 0 0 0 0 0
0 0 0 1 0 0 0 2 0 2 0 0 0 1 0 0 0 0 0 0 2 1 0 0 0 0 0 0 0 0 0 1 0 0
0 0 0 0 0 0 0 1 2 1 0 10 0 5 0 0 0 0 0 0 3 2 0 0 0 0 0 0 0 0 0 0 0 0
0 0 0 2 3 0 0 2 3 0 2 0 0 1 0 0 0 0 0 0 2 1 0 0 0 0 0 0 0 0 0 0 0 0
1 0 0 0 1 0 0 0 0 0 0 2 0 2 0 0 0 0 0 0 2 2 0 0 0 0 0 0 0 0 0 0 0 0
0 0 0 3 0 0 0 5 1 1 0 0 1 3 0 0 0 0 0 0 3 1 0 0 0 0 0 0 0 0 0 0 0 0
0 0 0 1 0 0 0 2 1 1 0 0 0 0 0 0 0 0 0 0 2 1 0 0 0 0 0 0 0 0 0 1 0 0
0 0 0 0 6 0 0 0 0 3 3 7 0 3 0 0 0 0 0 0 3 2 0 0 0 0 0 0 0 0 0 0 0 0
1 0 0 0 1 0 0 0 0 0 0 2 0 2 0 0 0 0 0 0 2 2 0 0 0 0 0 0 0 0 0 0 0 0
0 0 0 1 2 1 0 0 0 1 1 3 0 1 0 0 0 0 0 0 4 1 0 0 0 0 0 0 0 0 0 0 0 0
1 0 0 0 1 0 0 0 0 0 0 2 0 2 0 0 0 0 0 0 2 2 0 0 0 0 0 0 0 0 0 0 0 0
0 0 0 2 1 0 0 1 0 0 0 6 1 1 0 0 0 1 0 0 2 1 0 0 0 0 0 0 0 0 0 0 0 0
1 0 0 0 2 0 0 0 0 0 0 1 0 2 0 0 0 0 0 1 2 2 0 0 0 0 0 0 0 0 0 0 0 0
0 0 0 0 2 0 0 2 1 1 1 3 0 2 0 0 0 0 0 0 4 1 0 0 0 0 0 0 0 0 0 0 0 0
0 0 0 0 6 0 0 1 0 2 3 7 0 3 0 0 0 0 0 0 3 2 0 0 0 0 0 0 0 0 0 0 0 0
1 0 0 0 2 0 0 1 1 0 0 1 0 2 0 0 0 0 0 0 2 2 0 0 0 0 0 0 0 0 0 0 0 0
0 0 0 0 0 1 0 0 3 1 0 1 0 1 0 0 0 0 0 1 2 1 0 0 0 0 0 0 0 0 0 0 0 0
0 0 0 0 8 0 0 1 0 2 3 4 0 5 0 0 0 0 0 0 3 3 0 0 0 0 0 0 0 0 0 0 0 0
1 0 0 0 1 0 0 0 0 0 0 2 0 2 0 0 0 0 0 0 2 2 0 0 0 0 0 0 0 0 0 0 0 0
0 0 0 0 2 0 0 1 0 2 1 3 0 1 0 0 0 0 0 0 4 1 0 0 0 0 0 0 0 0 0 0 0 0
0 0 0 1 0 0 0 1 1 1 0 0 0 0 0 0 0 0 0 0 1 1 0 0 0 0 0 0 0 0 0 0 0 0
0 0 0 0 2 0 0 4 3 1 1 1 0 1 0 0 0 0 0 1 3 1 0 0 0 0 0 0 0 0 0 0 0 0
0 0 0 0 1 0 1 2 0 0 0 0 0 0 0 0 0 0 0 0 2 1 0 0 0 0 0 0 0 0 0 1 0 0
1 0 0 0 1 0 0 0 0 0 0 2 0 2 0 0 0 0 0 0 2 2 0 0 0 0 0 0 0 0 0 0 0 0
1 0 0 0 2 0 0 0 0 1 0 1 0 2 0 0 0 0 0 0 2 2 0 0 0 0 0 0 0 0 0 0 0 0
0 0 0 0 2 0 0 3 0 2 0 3 0 0 0 0 0 0 0 0 2 1 0 0 0 0 0 0 0 0 0 0 0 0
0 0 0 0 1 0 0 3 0 1 0 3 0 0 0 0 0 0 0 0 2 1 0 0 0 0 0 0 0 0 0 1 0 0
0 0 0 2 0 0 0 0 0 1 0 6 0 1 0 0 0 1 0 0 2 1 0 0 0 0 0 0 0 0 0 0 0 0
0 0 0 1 0 0 1 2 0 2 0 0 1 1 0 0 0 0 0 0 2 1 0 0 0 0 0 0 0 0 0 1 0 0
0 0 0 1 0 0 0 3 0 1 0 3 0 0 0 0 0 0 0 0 2 1 0 0 0 0 0 0 0 0 0 1 0 0
1 0 0 0 1 0 0 2 0 1 0 0 1 0 0 0 0 0 0 0 2 2 0 0 0 0 0 0 0 0 0 0 0 0
0 0 0 0 1 0 0 0 1 3 1 0 0 2 0 0 0 0 0 0 3 1 0 0 0 0 0 0 0 0 0 1 0 0
0 0 0 0 6 0 0 1 0 2 3 7 0 3 0 0 0 0 0 0 3 2 0 0 0 0 0 0 0 0 0 0 0 0
0 0 0 1 3 0 0 1 0 1 1 3 0 1 0 0 0 0 0 0 4 1 0 0 0 0 0 0 0 0 0 0 0 0
0 0 0 2 4 0 0 4 1 3 2 4 0 3 0 0 0 3 0 0 3 6 0 0 0 0 0 0 0 0 0 0 0 0
0 0 0 1 2 0 0 3 0 0 1 3 0 1 0 0 0 0 0 0 4 1 0 0 0 0 0 0 0 0 0 0 0 0
0 0 0 1 0 0 0 0 3 2 0 0 1 0 0 0 0 0 0 0 2 1 0 0 0 0 0 0 0 0 0 0 0 0
0 0 0 4 2 0 0 3 0 0 0 11 0 1 0 0 0 0 0 0 3 4 0 0 0 0 0 0 0 0 0 0 0 0
0 0 0 0 2 0 0 1 0 0 3 3 0 1 0 0 0 0 0 0 4 1 0 0 0 0 0 0 0 0 0 0 0 0
0 0 0 0 0 0 0 0 1 0 0 9 0 0 0 0 0 0 0 1 2 1 0 0 0 0 0 0 0 0 0 0 0 0
1 0 0 0 1 0 0 0 0 0 0 2 0 2 0 0 0 0 0 0 2 2 0 0 0 0 0 0 0 0 0 0 0 0
0 0 0 1 6 0 1 2 0 3 2 6 0 3 0 0 0 0 0 0 3 2 0 0 0 0 0 0 0 0 0 0 0 0
0 0 0 1 4 0 0 1 0 2 1 0 0 1 0 0 0 0 0 0 4 1 0 0 0 0 0 0 0 0 0 0 0 0
0 0 0 3 2 0 0 1 0 0 1 3 0 1 0 0 0 0 0 0 4 1 0 0 0 0 0 0 0 0 0 0 0 0
1 0 0 0 0 0 0 0 0 1 0 3 0 2 0 0 0 1 0 0 1 3 0 0 0 0 0 0 0 0 0 0 0 0
0 0 0 3 0 0 0 4 0 1 0 1 3 3 0 0 0 0 0 0 2 3 0 0 0 0 0 0 0 0 0 0 0 0
1 0 0 0 1 0 0 0 2 0 0 1 0 1 0 0 0 0 0 0 2 2 0 0 0 0 0 0 0 0 0 0 0 0
1 0 0 0 1 0 0 0 0 0 0 2 0 2 0 0 0 0 0 0 2 2 0 0 0 0 0 0 0 0 0 0 0 0
0 0 0 0 0 0 0 2 0 0 0 9 0 0 0 0 0 0 0 0 2 1 0 0 0 0 0 0 0 0 0 0 0 0
0 0 0 0 1 0 0 3 0 1 0 1 0 0 0 0 0 0 0 0 2 1 0 0 0 0 0 0 0 0 0 0 0 0
0 0 0 2 0 0 0 5 3 3 0 10 0 2 0 0 0 0 0 0 3 4 0 0 0 0 0 0 0 0 0 0 0 0
0 0 0 0 2 1 0 0 0 1 2 3 0 1 0 0 0 0 0 0 4 1 0 0 0 0 0 0 0 0 0 0 0 0
0 0 0 1 3 0 0 2 3 1 1 0 0 1 0 0 0 1 0 0 2 3 0 0 0 0 0 0 0 0 0 0 0 0
0 0 0 3 1 0 0 3 0 1 0 4 0 1 0 0 0 0 0 0 2 2 0 0 0 0 0 0 0 0 0 0 0 0
1 0 0 0 1 0 0 0 0 0 0 2 0 2 0 0 0 0 0 0 2 2 0 0 0 0 0 0 0 0 0 0 0 0
0 0 0 3 0 0 0 1 0 0 0 7 0 1 0 0 0 0 0 0 2 1 0 0 0 0 0 0 0 0 0 0 0 0
1 0 0 0 1 0 0 0 0 0 0 2 0 2 0 0 0 0 0 0 2 2 0 0 0 0 0 0 0 0 0 0 0 0
0 0 0 0 2 0 0 0 0 0 0 8 0 9 0 0 0 0 0 1 3 3 0 0 0 0 0 0 0 0 0 0 0 0
1 0 0 0 1 0 0 0 0 0 0 2 0 2 0 0 0 0 0 0 2 2 0 0 0 0 0 0 0 0 0 0 0 0
0 0 0 2 6 0 0 0 0 4 2 5 0 4 0 0 0 3 0 0 3 4 0 0 0 0 0 0 0 0 0 0 0 0
1 0 0 0 1 0 0 0 0 0 0 2 0 2 0 0 0 0 0 0 2 2 0 0 0 0 0 0 0 0 0 0 0 0
0 0 0 0 4 0 0 1 1 1 2 1 0 2 0 0 0 0 0 1 2 1 0 0 0 0 0 0 0 0 0 0 0 0
1 0 0 0 1 0 0 0 0 0 0 2 0 2 0 0 0 0 0 0 2 2 0 0 0 0 0 0 0 0 0 0 0 0
1 0 0 0 1 0 0 0 0 0 0 2 0 2 0 0 0 0 0 0 2 2 0 0 0 0 0 0 0 0 0 0 0 0
0 0 0 1 2 1 0 0 0 1 1 3 0 1 0 0 0 0 0 0 4 1 0 0 0 0 0 0 0 0 0 0 0 0
0 0 0 1 0 0 0 2 0 0 0 6 1 3 0 0 0 1 0 0 2 2 0 0 0 0 0 0 0 0 0 0 0 0
1 0 0 0 1 0 0 0 0 2 0 2 0 2 0 0 0 0 0 0 2 2 0 0 0 0 0 0 0 0 0 0 0 0
1 0 0 0 1 0 0 0 0 0 0 2 0 2 0 0 0 0 0 0 2 2 0 0 0 0 0 0 0 0 0 0 0 0
0 0 0 3 1 0 0 2 1 1 1 33 0 39 0 0 0 0 0 2 1 39 0 0 0 0 0 0 0 0 0 0 0 2
1 0 0 0 1 0 0 0 0 0 0 2 0 2 0 0 0 0 0 0 2 2 0 0 0 0 0 0 0 0 0 0 0 0
0 0 0 3 0 0 0 2 0 0 0 8 0 0 0 0 0 0 0 0 2 1 0 0 0 0 0 0 0 0 0 0 0 0
0 0 0 0 6 0 0 0 0 4 2 7 0 3 0 0 0 0 0 0 3 2 0 0 0 0 0 0 0 0 0 0 0 0
0 0 0 3 1 0 0 4 0 0 0 0 1 2 0 0 0 0 0 0 2 2 0 0 0 0 0 0 0 0 0 0 0 0
0 0 0 1 0 0 0 2 3 3 0 0 4 2 0 0 0 0 0 0 3 1 0 0 0 0 0 0 0 0 0 0 0 0
0 0 0 1 2 1 0 0 0 1 1 3 0 1 0 0 0 0 0 0 4 1 0 0 0 0 0 0 0 0 0 0 0 0
0 0 0 1 1 0 0 2 0 3 0 0 0 1 0 0 0 0 0 0 2 1 0 0 0 0 0 0 0 0 0 0 0 0
0 0 0 1 3 0 0 1 0 2 0 3 0 1 0 0 0 0 0 0 4 1 0 0 0 0 0 0 0 0 0 0 0 0
1 0 0 1 0 1 0 1 0 1 0 0 0 0 0 0 0 0 0 0 2 1 0 0 0 0 0 0 0 0 0 0 0 0
0 0 0 0 4 0 0 0 0 2 0 3 0 3 0 0 0 0 0 0 2 1 0 0 0 0 0 0 0 0 0 0 0 0
0 0 0 4 0 0 0 8 0 0 0 3 0 0 0 0 0 0 0 2 3 1 0 0 0 0 0 0 0 0 0 0 0 0
1 0 0 0 1 0 0 0 0 0 0 2 0 2 0 0 0 0 0 0 2 2 0 0 0 0 0 0 0 0 0 0 0 0
0 0 0 2 0 0 0 2 2 0 0 5 0 0 0 0 0 2 0 0 2 1 0 0 0 0 0 0 0 0 0 0 0 0
0 0 0 0 2 0 0 3 1 1 1 1 0 1 0 0 0 0 0 0 2 1 0 0 0 0 0 0 0 0 0 0 0 0
0 0 0 0 2 0 0 0 0 4 0 3 0 1 0 0 0 0 0 0 4 1 0 0 0 0 0 0 0 0 0 0 0 0
0 0 0 1 3 0 0 0 1 1 1 2 0 2 0 0 0 3 0 0 4 3 0 0 0 0 0 0 0 0 0 0 0 0
1 0 0 0 1 0 0 0 1 0 1 3 0 0 0 0 0 0 0 0 2 1 0 0 0 0 0 0 0 0 0 0 0 0
1 0 0 0 1 0 0 0 0 0 0 2 0 2 0 0 0 0 0 0 2 2 0 0 0 0 0 0 0 0 0 0 0 0
0 0 0 3 0 0 1 1 0 0 0 13 0 2 0 0 0 3 0 0 3 4 0 0 0 0 0 0 0 0 0 0 0 0
1 0 0 0 1 0 0 0 0 0 0 2 0 2 0 0 0 0 0 0 2 2 0 0 0 0 0 0 0 0 0 0 0 0
0 0 0 5 0 0 0 0 0 0 0 5 0 1 0 0 0 0 0 0 2 1 0 0 0 0 0 0 0 0 0 0 0 0
0 0 0 2 2 0 0 1 0 0 2 3 0 1 0 0 0 0 0 0 4 1 0 0 0 0 0 0 0 0 0 0 0 0
0 0 0 2 6 0 0 2 0 3 2 5 0 4 0 0 0 1 0 0 3 2 0 0 0 0 0 0 0 0 0 0 0 0
0 0 0 4 4 0 0 5 0 3 3 2 0 5 0 0 0 3 0 0 3 6 0 0 0 0 0 0 0 0 0 0 0 0
1 0 0 0 1 0 0 0 0 0 0 2 0 2 0 0 0 0 0 0 2 2 0 0 0 0 0 0 0 0 0 0 0 0
0 0 0 1 3 0 0 2 0 0 0 13 0 2 0 0 0 0 0 0 3 3 0 0 0 0 0 0 0 0 0 0 0 0
0 0 0 1 0 0 0 1 0 4 0 0 1 3 0 0 0 0 0 0 3 1 0 0 0 0 0 0 0 0 0 0 0 0
0 0 0 2 1 0 0 0 0 1 0 6 0 11 0 0 0 0 0 0 3 3 0 0 0 0 0 0 0 0 0 0 0 0
1 0 0 0 1 0 0 0 0 0 0 1 0 2 0 0 0 0 0 0 2 2 0 0 0 0 0 0 0 0 0 0 0 1
0 0 0 0 0 0 0 3 0 2 0 4 0 0 0 0 0 0 0 0 1 1 0 0 0 0 0 0 0 0 0 0 0 0
1 0 0 0 1 0 0 0 0 0 0 2 0 2 0 0 0 0 0 0 2 2 0 0 0 0 0 0 0 0 0 0 0 0
0 0 0 2 0 0 0 1 0 0 0 13 0 5 0 0 0 1 0 1 3 2 0 0 0 0 0 0 0 0 0 0 0 0
0 0 0 1 1 0 0 2 3 0 1 0 0 0 0 0 0 0 0 0 2 1 0 0 0 0 0 0 0 0 0 0 0 0
1 0 0 0 1 0 0 0 0 0 0 2 0 2 0 0 0 0 0 0 2 2 0 0 0 0 0 0 0 0 0 0 0 0
0 0 0 0 3 1 0 0 0 1 1 3 0 1 0 0 0 0 0 0 4 1 0 0 0 0 0 0 0 0 0 0 0 0
0 0 0 1 0 0 0 2 0 3 0 0 1 1 0 0 0 0 0 0 2 1 0 0 0 0 0 0 0 0 0 1 0 0
0 0 0 2 7 0 1 1 1 2 2 5 1 4 0 0 0 0 0 0 3 2 0 0 0 0 0 0 0 0 0 0 0 0
1 0 0 0 1 0 0 0 0 0 0 2 0 2 0 0 0 0 0 0 2 2 0 0 0 0 0 0 0 0 0 0 0 0
0 0 0 2 0 0 0 0 0 0 0 3 0 6 0 0 0 0 0 0 2 1 0 0 0 0 0 0 0 0 0 0 0 0
1 0 0 0 1 0 0 0 0 0 0 2 0 2 0 0 0 0 0 0 2 2 0 0 0 0 0 0 0 0 0 0 0 0
0 0 0 1 0 0 0 1 4 0 0 0 1 2 0 0 0 0 0 0 2 2 0 0 0 0 0 0 0 0 0 0 0 0
0 0 0 0 3 1 0 0 0 1 1 3 0 1 0 0 0 0 0 0 4 1 0 0 0 0 0 0 0 0 0 0 0 0
0 0 0 2 0 0 0 2 1 1 0 1 0 0 0 0 0 0 0 0 2 1 0 0 0 0 0 0 0 0 0 1 0 0
0 0 0 0 1 0 0 4 4 0 0 0 1 1 0 0 0 0 0 0 2 2 0 0 0 0 0 0 0 0 0 0 0 0
0 0 0 1 2 0 0 0 0 2 1 3 0 1 0 0 0 0 0 0 4 1 0 0 0 0 0 0 0 0 0 0 0 0
0 0 0 1 2 1 0 0 0 1 1 3 0 1 0 0 0 0 0 0 4 1 0 0 0 0 0 0 0 0 0 0 0 0
0 0 0 0 6 0 1 1 0 1 3 7 0 3 0 0 0 0 0 0 3 2 0 0 0 0 0 0 0 0 0 0 0 0
0 0 0 0 2 0 0 0 2 6 0 7 0 1 0 0 0 0 0 0 3 2 0 0 0 0 0 0 0 0 0 0 0 0
1 0 0 1 1 0 0 0 0 0 0 1 0 2 0 0 0 0 0 1 2 2 0 0 0 0 0 0 0 0 0 0 0 0
0 0 0 0 0 0 0 2 2 1 0 6 0 2 0 1 0 0 0 1 3 1 0 0 0 0 0 0 0 0 0 0 0 0
0 0 0 1 0 0 0 1 3 0 0 0 1 2 0 0 0 0 0 0 2 2 0 0 0 0 0 0 0 0 0 0 0 0
0 0 0 1 2 0 0 0 0 1 1 3 0 2 0 0 0 0 0 0 4 1 0 0 0 0 0 0 0 0 0 0 0 0
0 0 0 2 0 0 0 2 1 1 0 0 0 0 0 0 0 0 0 0 1 1 0 0 0 0 0 0 0 0 0 0 0 0
1 0 0 1 1 0 0 2 0 0 0 1 0 2 0 0 0 0 0 0 2 2 0 0 0 0 0 0 0 0 0 0 0 0
1 0 0 0 1 0 0 2 0 0 0 0 1 1 0 0 0 0 0 0 2 2 0 0 0 0 0 0 0 0 0 0 0 0
1 0 0 0 1 0 0 0 0 0 0 2 0 2 0 0 0 0 0 0 2 2 0 0 0 0 0 0 0 0 0 0 0 0
0 0 0 1 0 0 0 4 3 2 0 4 0 3 0 0 0 0 0 0 2 2 0 0 0 0 0 0 0 0 0 0 0 0
0 0 0 1 4 1 0 2 0 1 1 0 0 1 0 0 0 0 0 0 4 2 0 0 0 0 0 0 0 0 0 0 0 0
0 0 0 0 6 0 0 0 0 4 2 7 0 3 0 0 0 0 0 0 3 2 0 0 0 0 0 0 0 0 0 0 0 0
0 0 0 0 2 0 0 4 0 1 0 3 0 1 0 0 0 0 0 0 2 1 0 0 0 0 0 0 0 0 0 0 0 0
0 0 0 1 0 0 0 1 0 1 0 2 1 1 0 0 0 0 0 0 1 1 0 0 0 0 0 0 0 0 0 0 0 0
0 0 0 2 0 0 0 2 0 0 0 6 0 2 0 0 0 1 0 1 2 1 0 0 0 0 0 0 0 0 0 0 0 0
0 0 0 2 0 0 0 1 0 1 0 13 0 5 0 0 0 2 0 0 3 2 0 0 0 0 0 0 0 0 0 0 0 0
1 0 0 0 1 0 0 0 0 0 0 2 0 2 0 0 0 0 0 0 2 2 0 0 0 0 0 0 0 0 0 0 0 0
1 1 0 2 0 0 0 2 0 0 0 0 2 0 0 0 0 0 0 0 3 1 0 0 0 0 0 0 0 0 0 1 0 0
0 0 0 1 0 0 0 2 0 2 0 2 1 2 0 0 0 0 0 0 3 1 0 0 0 0 0 0 0 0 0 0 0 0
1 0 0 1 0 1 0 0 0 2 0 0 0 0 0 0 0 0 0 0 2 1 0 0 0 0 0 0 0 0 0 0 0 0
0 0 0 3 0 0 0 4 1 3 0 1 1 1 0 0 0 0 0 0 2 3 0 0 0 0 0 0 0 0 0 0 0 0
1 0 0 0 0 0 0 1 1 1 0 1 0 1 0 0 0 0 0 0 2 2 0 0 0 0 0 0 0 0 0 0 0 0
1 0 0 0 1 0 0 0 0 0 0 2 0 2 0 0 0 0 0 0 2 2 0 0 0 0 0 0 0 0 0 0 0 0
0 0 0 4 0 0 1 7 2 1 0 7 0 1 0 0 0 2 0 2 3 4 0 0 0 0 0 0 0 0 0 0 0 0
0 0 0 1 0 0 0 0 1 3 0 0 1 3 0 0 0 0 0 0 3 1 0 0 0 0 0 0 0 0 0 0 0 0
1 0 0 0 0 0 0 1 0 0 0 1 0 1 0 0 0 0 0 0 2 1 0 0 0 0 0 0 0 0 0 0 0 0
0 0 0 0 2 0 0 0 0 4 0 3 0 1 0 0 0 0 0 0 4 1 0 0 0 0 0 0 0 0 0 0 0 0
0 0 0 1 7 0 0 3 2 3 2 4 0 3 0 0 0 0 0 2 3 4 0 0 0 0 0 0 0 0 0 0 0 0
0 0 0 1 3 0 0 1 0 0 0 7 0 2 0 0 0 0 0 0 2 1 0 0 0 0 0 0 0 0 0 0 0 0
0 0 0 3 2 0 0 1 0 2 0 2 0 2 0 0 0 0 0 0 4 1 0 0 0 0 0 0 0 0 0 0 0 0
1 0 0 0 1 0 0 0 0 0 0 2 0 2 0 0 0 0 0 0 2 2 0 0 0 0 0 0 0 0 0 0 0 0
1 0 0 0 1 0 0 0 0 0 0 1 0 2 0 0 0 0 0 0 2 2 0 0 0 0 0 0 0 0 0 0 0 1
0 0 0 2 0 0 0 2 0 0 0 6 0 0 0 0 0 0 0 0 2 1 0 0 0 0 0 0 0 0 0 0 0 0
0 0 0 1 1 0 0 2 1 1 0 1 1 2 0 0 0 0 0 0 1 3 0 0 0 0 0 0 0 0 0 0 0 0
1 0 0 0 1 0 0 0 0 0 0 2 0 2 0 0 0 0 0 0 2 2 0 0 0 0 0 0 0 0 0 0 0 0
0 0 0 2 0 0 0 0 0 0 0 9 0 0 0 0 0 0 0 0 2 1 0 0 0 0 0 0 0 0 0 0 0 0
1 0 0 0 1 0 0 0 0 0 0 2 0 2 0 0 0 0 0 0 2 2 0 0 0 0 0 0 0 0 0 0 0 0
1 0 0 0 1 0 0 0 0 0 0 2 0 2 0 0 0 0 0 0 2 2 0 0 0 0 0 0 0 0 0 0 0 0
1 0 0 0 1 0 0 0 0 0 0 2 0 2 0 0 0 0 0 0 2 2 0 0 0 0 0 0 0 0 0 0 0 0
0 0 0 0 3 1 0 0 0 1 1 3 0 1 0 0 0 0 0 0 4 1 0 0 0 0 0 0 0 0 0 0 0 0
0 0 0 1 1 0 1 1 1 0 0 1 1 5 0 0 0 0 0 0 2 2 0 0 0 0 0 0 0 0 0 0 0 1
1 0 0 0 0 0 0 2 2 1 0 0 3 1 0 0 0 0 0 0 2 3 0 0 0 0 0 0 0 0 0 0 0 0
1 0 0 0 1 0 0 0 0 0 0 2 0 2 0 0 0 0 0 0 2 2 0 0 0 0 0 0 0 0 0 0 0 0
1 0 0 1 1 0 0 1 0 0 0 1 0 2 0 0 0 0 0 1 2 2 0 0 0 0 0 0 0 0 0 0 0 0
0 0 0 3 3 0 1 0 0 1 0 2 0 1 0 0 0 0 0 1 4 1 0 0 0 0 0 0 0 0 0 0 0 0
0 0 0 3 0 0 0 2 0 1 0 9 0 2 0 1 0 1 0 1 3 4 0 0 0 0 0 0 0 0 0 0 0 2
0 0 0 1 6 0 0 2 0 1 3 6 0 4 0 0 0 1 0 0 3 2 0 0 0 0 0 0 0 0 0 0 0 0
0 0 0 0 0 0 0 3 0 2 0 0 0 34 0 0 0 0 0 0 2 1 0 0 0 0 0 0 0 0 0 0 0 0
1 0 0 0 1 0 0 0 0 0 0 2 0 2 0 0 0 0 0 0 2 2 0 0 0 0 0 0 0 0 0 0 0 0
0 0 0 0 0 0 0 3 1 1 0 3 0 1 0 0 0 0 0 0 2 1 0 0 0 0 0 0 0 0 0 0 0 0
0 0 0 2 0 0 0 0 0 0 0 8 0 9 0 0 0 0 0 1 3 3 0 0 0 0 0 0 0 0 0 0 0 0
0 0 0 1 0 0 0 1 2 0 0 8 0 8 0 0 0 0 0 0 3 3 0 0 0 0 0 0 0 0 0 0 0 0
0 0 0 3 0 0 0 1 0 1 0 8 0 0 0 0 0 0 0 0 2 1 0 0 0 0 0 0 0 0 0 0 0 0
1 0 0 0 1 0 0 0 0 0 0 2 0 2 0 0 0 0 0 0 2 2 0 0 0 0 0 0 0 0 0 0 0 0
0 0 0 0 2 0 0 0 0 4 0 3 0 1 0 0 0 0 0 0 4 1 0 0 0 0 0 0 0 0 0 0 0 0
1 0 0 1 1 0 0 2 0 0 0 1 0 2 0 0 0 0 0 0 2 2 0 0 0 0 0 0 0 0 0 0 0 0
0 0 0 0 3 1 0 0 0 1 1 3 0 1 0 0 0 0 0 0 4 1 0 0 0 0 0 0 0 0 0 0 0 0
0 0 0 0 5 1 0 2 0 1 1 0 0 1 0 0 0 0 0 0 4 2 0 0 0 0 0 0 0 0 0 0 0 0
0 0 0 2 0 0 0 2 3 1 0 5 0 3 0 0 0 1 0 0 2 2 0 0 0 0 0 0 0 0 0 0 0 0
0 0 0 1 2 1 0 0 0 1 1 3 0 1 0 0 0 0 0 0 4 1 0 0 0 0 0 0 0 0 0 0 0 0
0 0 0 0 2 0 0 0 1 2 0 2 0 1 0 0 0 0 0 0 4 1 0 0 0 0 0 0 0 0 0 0 0 1
0 0 0 3 2 0 1 1 1 3 2 5 0 4 0 0 0 2 0 1 3 2 0 0 0 0 0 0 0 0 0 0 0 0
0 0 0 2 0 0 0 2 0 0 0 8 0 11 0 0 0 0 0 0 3 2 0 0 0 0 0 0 0 0 0 0 0 0
0 0 0 0 3 1 0 0 0 1 1 3 0 1 0 0 0 0 0 0 4 1 0 0 0 0 0 0 0 0 0 0 0 0
0 0 0 3 0 0 0 0 0 0 0 5 0 4 0 0 0 0 0 0 2 1 0 0 0 0 0 0 0 0 0 0 0 0
0 0 0 0 3 0 0 3 0 0 0 4 0 1 0 0 0 0 0 1 2 1 0 0 0 0 0 0 0 0 0 0 0 0
1 0 0 0 1 0 0 0 0 0 0 2 0 2 0 0 0 0 0 0 2 2 0 0 0 0 0 0 0 0 0 0 0 0
0 0 0 0 0 0 0 1 0 0 0 7 0 7 0 0 0 0 0 0 3 1 0 0 0 0 0 0 0 0 0 0 0 0
1 0 0 2 1 0 0 2 0 2 0 0 0 0 0 0 0 0 0 0 1 3 0 0 0 0 0 0 0 0 0 0 0 0
0 0 0 0 4 0 0 1 0 4 3 7 0 3 0 0 0 0 0 0 3 2 0 0 0 0 0 0 0 0 0 0 0 0
0 0 0 1 2 1 0 0 0 1 1 3 0 1 0 0 0 0 0 0 4 1 0 0 0 0 0 0 0 0 0 0 0 0
0 0 0 0 3 0 0 0 0 3 0 3 0 1 0 0 0 0 0 0 4 1 0 0 0 0 0 0 0 0 0 0 0 0
0 0 0 0 0 0 0 6 0 1 0 3 0 1 0 0 0 0 0 0 2 1 0 0 0 0 0 0 0 0 0 0 0 0
1 1 0 1 1 0 0 2 0 1 0 0 0 1 0 0 0 0 0 0 3 1 0 0 0 0 0 0 0 0 0 1 0 0
0 0 0 1 0 0 1 3 3 0 0 0 1 2 0 1 0 0 0 0 2 2 0 0 0 0 0 0 0 0 0 0 0 0
0 0 0 0 0 0 0 2 0 1 0 3 0 5 0 0 0 0 0 0 2 1 0 0 0 0 0 0 0 0 0 0 0 0
1 0 0 0 1 0 0 0 0 0 0 2 0 2 0 0 0 0 0 0 2 2 0 0 0 0 0 0 0 0 0 0 0 0
0 0 0 1 3 0 0 3 0 4 0 0 0 2 0 0 0 0 0 0 4 3 0 0 0 0 0 0 0 0 0 0 0 0
0 0 0 1 0 0 1 2 0 2 0 0 1 1 0 0 0 0 0 0 2 1 0 0 0 0 0 0 0 0 0 1 0 0
0 0 0 1 0 0 0 2 2 0 0 11 0 1 0 0 0 2 0 0 3 2 0 0 0 0 0 0 0 0 0 0 0 0
0 0 0 1 5 0 0 1 0 1 2 1 0 2 0 0 0 0 0 0 2 1 0 0 0 0 0 0 0 0 0 0 0 0
0 0 0 2 0 0 0 2 0 1 0 9 0 2 0 0 0 1 0 0 3 1 0 0 0 0 0 0 0 0 0 0 0 0
1 0 0 0 2 0 0 1 1 0 0 1 0 2 0 0 0 0 0 0 2 2 0 0 0 0 0 0 0 0 0 0 0 0
0 0 0 0 0 0 0 1 0 4 0 0 1 2 0 0 0 0 0 0 1 1 0 0 0 0 0 0 0 0 0 0 0 0
1 0 0 0 1 0 0 0 0 0 0 2 0 2 0 0 0 0 0 0 2 2 0 0 0 0 0 0 0 0 0 0 0 0
0 0 0 0 0 0 0 0 0 0 0 10 0 9 0 0 0 0 0 0 3 2 0 0 0 0 0 0 0 0 0 0 0 0
0 0 0 5 0 0 0 3 0 0 0 4 0 0 0 0 0 0 0 0 2 1 0 0 0 0 0 0 0 0 0 0 0 0
0 0 0 1 7 0 2 3 0 3 2 5 0 3 0 0 0 0 0 0 3 2 0 0 0 0 0 0 0 0 0 0 0 0
0 0 0 1 3 0 0 1 0 4 1 1 0 1 0 0 0 1 0 0 4 3 0 0 0 0 0 0 0 0 0 0 0 0
0 0 0 1 0 0 0 1 3 4 0 0 3 7 0 0 0 0 0 0 3 2 0 0 0 0 0 0 0 0 0 0 0 0
0 0 0 2 2 0 0 1 0 0 2 3 0 1 0 0 0 0 0 0 4 1 0 0 0 0 0 0 0 0 0 0 0 0
0 0 0 3 0 0 0 1 0 0 0 8 0 1 0 0 0 0 0 0 2 1 0 0 0 0 0 0 0 0 0 0 0 0
0 0 0 0 3 0 1 7 0 1 0 7 0 2 0 0 0 0 0 0 3 3 0 0 0 0 0 0 0 0 0 0 0 0
0 0 0 0 2 0 0 0 1 2 0 3 0 1 0 0 0 0 0 0 4 1 0 0 0 0 0 0 0 0 0 0 0 0
1 0 0 2 1 0 0 3 1 0 0 0 0 2 0 0 0 0 0 0 2 2 0 0 0 0 0 0 0 0 0 0 0 0
0 0 0 5 3 0 0 6 3 4 0 56 0 65 0 0 0 3 0 2 1 66 0 0 0 0 0 0 0 0 0 0 0 1
0 0 0 0 0 0 0 4 4 3 0 13 0 3 0 0 0 0 0 0 3 4 0 0 0 0 0 0 0 0 0 0 0 0
0 0 0 0 1 0 0 1 1 1 0 4 0 2 0 0 0 0 0 0 3 1 0 0 0 0 0 0 0 0 0 1 0 0
0 0 0 1 2 1 0 0 0 1 1 3 0 1 0 0 0 0 0 0 4 1 0 0 0 0 0 0 0 0 0 0 0 0
0 0 0 2 1 0 0 2 2 0 0 6 0 1 0 0 0 0 0 0 2 2 0 0 0 0 0 0 0 0 0 0 0 0
0 0 0 2 2 0 0 1 1 1 1 1 0 1 0 0 0 0 0 0 2 1 0 0 0 0 0 0 0 0 0 0 0 0
0 0 0 1 0 0 0 5 4 0 0 10 0 2 0 0 0 0 0 0 3 2 0 0 0 0 0 0 0 0 0 0 0 1
1 0 0 0 1 0 0 0 0 0 0 2 0 2 0 0 0 0 0 0 2 2 0 0 0 0 0 0 0 0 0 0 0 0
1 0 0 0 1 0 0 0 0 0 0 2 0 2 0 0 0 0 0 0 2 2 0 0 0 0 0 0 0 0 0 0 0 0
1 0 0 1 0 0 0 0 1 0 1 3 0 0 0 0 0 0 0 0 2 1 0 0 0 0 0 0 0 0 0 0 0 0
0 0 0 0 1 0 0 1 0 2 0 0 1 2 0 1 0 0 0 0 1 1 0 0 0 0 0 0 0 0 0 0 0 0
0 0 0 0 2 0 0 0 1 2 1 3 0 1 0 0 0 0 0 0 4 1 0 0 0 0 0 0 0 0 0 0 0 0
1 0 0 0 1 0 0 0 0 0 0 2 0 2 0 0 0 0 0 0 2 2 0 0 0 0 0 0 0 0 0 0 0 0
0 0 0 1 0 0 0 0 0 3 0 0 2 1 0 0 0 0 0 0 1 1 0 0 0 0 0 0 0 0 0 0 0 0
0 0 0 1 0 0 0 1 1 1 0 0 1 0 0 0 0 0 0 0 1 1 0 0 0 0 0 0 0 0 0 0 0 0
0 0 0 0 7 0 0 0 0 3 3 6 0 3 0 0 0 0 0 2 3 2 0 0 0 0 0 0 0 0 0 0 0 0
0 0 0 3 0 0 0 5 3 2 4 13 0 66 0 0 0 1 0 0 1 19 0 0 0 0 0 0 0 0 0 0 0 0
0 0 0 2 3 0 0 1 0 0 1 3 0 1 0 0 0 0 0 0 4 1 0 0 0 0 0 0 0 0 0 0 0 0
1 0 0 0 1 0 0 0 0 0 0 2 0 2 0 0 0 0 0 0 2 2 0 0 0 0 0 0 0 0 0 0 0 0
0 0 0 0 3 0 0 0 1 2 0 3 0 1 0 0 0 0 0 0 4 1 0 0 0 0 0 0 0 0 0 0 0 0
0 0 0 1 1 0 0 1 1 0 0 7 0 10 0 0 0 0 0 2 3 4 0 0 0 0 0 0 0 0 0 0 0 0
1 0 0 1 2 0 0 2 0 0 0 0 0 4 0 0 0 0 0 0 2 2 0 0 0 0 0 0 0 0 0 0 0 0
0 0 0 0 0 0 0 1 0 2 0 1 1 2 0 0 0 0 0 0 1 1 0 0 0 0 0 0 0 0 0 0 0 0
1 0 0 0 1 0 0 0 0 0 0 2 0 2 0 0 0 0 0 0 2 2 0 0 0 0 0 0 0 0 0 0 0 0
0 0 0 0 0 0 0 2 0 0 0 8 0 1 0 0 0 0 0 0 2 1 0 0 0 0 0 0 0 0 0 0 0 0
0 0 0 2 0 0 0 2 1 1 0 0 0 0 0 0 0 1 0 0 2 1 0 0 0 0 0 0 0 0 0 1 0 0
0 0 0 0 7 0 1 0 0 4 1 6 0 4 0 0 0 0 0 0 3 2 0 0 0 0 0 0 0 0 0 0 0 0
0 0 0 0 1 0 0 1 1 1 0 0 0 0 0 0 0 0 0 0 1 1 0 0 0 0 0 0 0 0 0 0 0 0
0 0 0 1 0 0 0 4 0 0 0 8 0 7 0 0 0 0 0 0 3 2 0 0 0 0 0 0 0 0 0 0 0 0
0 0 0 1 2 0 0 3 0 0 1 3 0 1 0 0 0 0 0 0 4 1 0 0 0 0 0 0 0 0 0 0 0 0
0 0 0 0 1 0 2 1 0 4 0 0 1 2 0 0 0 0 0 0 3 1 0 0 0 0 0 0 0 0 0 1 0 0
0 0 0 1 2 1 0 0 0 1 1 3 0 1 0 0 0 0 0 0 4 1 0 0 0 0 0 0 0 0 0 0 0 0
0 0 0 1 0 0 0 3 1 3 0 0 3 3 0 0 0 0 0 0 4 1 0 0 0 0 0 0 0 0 0 0 0 0
0 0 0 3 2 0 0 2 2 2 0 1 0 2 0 0 0 0 0 0 4 1 0 0 0 0 0 0 0 0 0 0 0 0
1 0 0 1 1 0 1 1 0 0 0 1 0 2 0 0 0 0 0 0 2 2 0 0 0 0 0 0 0 0 0 0 0 0
0 0 0 1 4 0 0 1 0 0 1 3 0 1 0 0 0 0 0 0 4 1 0 0 0 0 0 0 0 0 0 0 0 0
0 0 0 1 0 0 0 1 0 0 0 12 0 1 0 0 0 0 0 0 3 1 0 0 0 0 0 0 0 0 0 0 0 0
0 0 0 2 6 0 0 3 0 2 1 6 0 4 0 0 0 0 0 0 3 2 0 0 0 0 0 0 0 0 0 0 0 0
0 0 0 1 4 0 0 2 0 1 1 1 0 2 0 0 0 0 0 1 2 1 0 0 0 0 0 0 0 0 0 0 0 0
1 0 0 0 1 0 0 0 0 0 0 2 0 2 0 0 0 0 0 0 2 2 0 0 0 0 0 0 0 0 0 0 0 0
0 0 0 2 4 0 1 2 0 1 1 1 0 1 0 0 0 0 0 1 4 2 0 0 0 0 0 0 0 0 0 0 0 0
0 0 0 2 2 1 0 0 0 1 1 2 0 2 0 0 0 1 0 0 4 1 0 0 0 0 0 0 0 0 0 0 0 0
0 0 0 0 2 0 0 3 0 2 0 3 0 0 0 0 0 0 0 0 2 1 0 0 0 0 0 0 0 0 0 0 0 0
1 0 0 0 1 0 0 0 0 0 0 2 0 2 0 0 0 0 0 0 2 2 0 0 0 0 0 0 0 0 0 0 0 0
0 0 0 1 0 0 0 4 1 1 0 2 0 2 0 0 0 1 0 1 2 1 0 0 0 0 0 0 0 0 0 0 0 0
1 0 0 0 1 0 0 0 0 0 0 2 0 2 0 0 0 0 0 0 2 2 0 0 0 0 0 0 0 0 0 0 0 0
0 0 0 0 2 0 0 0 0 0 0 3 0 6 0 0 0 0 0 0 2 1 0 0 0 0 0 0 0 0 0 0 0 0
1 0 0 1 1 0 0 1 1 0 0 1 0 2 0 0 0 0 0 0 2 2 0 0 0 0 0 0 0 0 0 0 0 0
0 0 0 0 6 0 0 0 0 4 2 7 0 3 0 0 0 0 0 0 3 2 0 0 0 0 0 0 0 0 0 0 0 0
0 0 0 3 4 0 1 1 0 1 0 1 0 2 0 0 0 0 0 0 2 1 0 0 0 0 0 0 0 0 0 0 0 0
0 0 0 0 0 0 0 5 3 0 0 0 3 3 0 0 0 0 0 0 3 1 0 0 0 0 0 0 0 0 0 0 0 0
0 0 0 2 3 0 0 1 0 0 1 3 0 1 0 0 0 0 0 0 4 1 0 0 0 0 0 0 0 0 0 0 0 0
0 0 0 1 2 0 0 3 0 0 1 3 0 1 0 0 0 0 0 0 4 1 0 0 0 0 0 0 0 0 0 0 0 0
0 0 0 2 6 0 0 5 0 1 3 4 0 4 0 0 0 0 0 0 3 4 0 0 0 0 0 0 0 0 0 0 0 0
0 0 0 2 2 0 0 1 1 2 1 2 0 1 0 0 0 0 0 0 4 1 0 0 0 0 0 0 0 0 0 0 0 0
1 0 0 0 1 0 0 0 0 0 0 2 0 2 0 0 0 0 0 0 2 2 0 0 0 0 0 0 0 0 0 0 0 0
0 0 0 7 0 0 0 4 7 2 1 31 0 39 0 0 0 2 0 0 1 40 0 0 0 0 0 0 0 0 0 0 0 1
0 0 0 3 2 0 0 1 0 0 1 3 0 1 0 0 0 0 0 0 4 1 0 0 0 0 0 0 0 0 0 0 0 0
1 0 0 0 1 0 0 0 0 0 0 2 0 2 0 0 0 0 0 0 2 2 0 0 0 0 0 0 0 0 0 0 0 0
1 0 0 0 1 0 0 0 0 0 0 2 0 2 0 0 0 0 0 0 2 2 0 0 0 0 0 0 0 0 0 0 0 0
0 0 0 1 2 0 0 0 1 2 1 2 0 1 0 0 0 1 0 0 4 2 0 0 0 0 0 0 0 0 0 0 0 0
0 0 0 0 3 0 0 0 0 2 1 3 0 1 0 0 0 0 0 0 4 1 0 0 0 0 0 0 0 0 0 0 0 0
1 0 0 1 0 0 0 0 2 2 1 0 0 51 0 0 0 1 1 0 2 2 0 0 0 0 0 0 0 0 0 0 0 0
0 0 0 0 3 0 0 0 1 1 1 3 0 1 0 0 0 0 0 0 4 1 0 0 0 0 0 0 0 0 0 0 0 0
1 0 0 0 1 0 0 0 0 0 0 2 0 2 0 0 0 0 0 0 2 2 0 0 0 0 0 0 0 0 0 0 0 0
0 0 0 0 2 0 0 0 0 2 2 3 0 1 0 0 0 0 0 0 4 1 0 0 0 0 0 0 0 0 0 0 0 0
0 0 0 1 1 0 0 4 0 0 0 12 0 4 0 0 0 0 0 0 3 4 0 0 0 0 0 0 0 0 0 0 0 2
0 0 0 0 0 0 0 1 3 5 0 0 6 10 0 0 0 0 0 0 3 3 0 0 0 0 0 0 0 0 0 0 0 0
0 0 0 2 0 0 0 5 4 0 0 11 0 0 0 0 0 0 0 0 3 2 0 0 0 0 0 0 0 0 0 0 0 0
0 0 0 0 3 1 0 0 0 1 1 3 0 1 0 0 0 0 0 0 4 1 0 0 0 0 0 0 0 0 0 0 0 0
0 0 0 0 3 0 0 0 1 2 0 3 0 1 0 0 0 0 0 0 4 1 0 0 0 0 0 0 0 0 0 0 0 0
0 0 0 1 3 0 1 0 0 1 1 3 0 1 0 0 0 0 0 0 4 1 0 0 0 0 0 0 0 0 0 0 0 0
1 0 0 0 1 0 0 0 2 0 0 1 0 1 0 0 0 0 0 0 2 2 0 0 0 0 0 0 0 0 0 0 0 0
0 0 0 2 0 0 0 3 1 0 0 8 0 9 0 0 0 0 0 0 3 2 0 0 0 0 0 0 0 0 0 0 0 0
1 0 0 0 1 0 0 0 0 0 0 2 0 2 0 0 0 0 0 0 2 2 0 0 0 0 0 0 0 0 0 0 0 0
0 0 0 2 1 0 0 5 2 1 0 0 2 1 0 0 0 0 0 1 2 3 0 0 0 0 0 0 0 0 0 0 0 0
0 0 0 6 0 0 0 2 0 0 0 11 0 3 0 0 0 3 0 0 3 5 0 0 0 0 0 0 0 0 0 0 0 0
0 0 0 0 0 0 0 2 0 0 0 3 0 6 0 0 0 0 0 0 2 1 0 0 0 0 0 0 0 0 0 0 0 0
0 0 0 0 2 0 0 0 1 2 0 3 0 1 0 0 0 0 0 0 4 1 0 0 0 0 0 0 0 0 0 0 0 0
1 0 0 2 0 0 0 1 0 1 1 0 0 5 0 0 0 0 0 0 1 2 0 0 0 0 0 0 0 0 0 0 0 0
0 0 0 2 1 0 0 0 1 0 0 3 0 4 0 0 0 0 0 0 2 1 0 0 0 0 0 0 0 0 0 0 0 1
0 0 0 3 0 0 0 4 0 0 0 4 0 1 0 0 0 0 0 0 2 1 0 0 0 0 0 0 0 0 0 0 0 0
0 0 0 2 2 0 0 0 0 0 0 5 0 1 0 0 0 0 0 1 2 1 0 0 0 0 0 0 0 0 0 0 0 0
0 0 0 4 2 0 0 1 0 0 0 3 0 1 0 0 0 3 0 0 2 3 0 0 0 0 0 0 0 0 0 0 0 0
0 0 0 0 0 0 0 1 2 1 0 1 0 1 0 0 0 0 0 0 1 1 0 0 0 0 0 0 0 0 0 0 0 0
0 0 0 5 1 1 0 2 2 1 1 58 0 65 0 0 0 1 0 2 1 65 0 0 0 0 0 0 0 0 0 0 0 1
0 0 0 2 1 0 0 1 3 1 0 0 0 0 0 0 0 0 0 0 2 1 0 0 0 0 0 0 0 0 0 0 0 0
0 0 0 0 2 0 0 5 0 0 0 5 0 2 0 0 0 0 0 0 2 3 0 0 0 0 0 0 0 0 0 0 0 0
0 0 0 2 0 0 0 3 5 2 0 0 1 2 0 0 0 0 0 0 2 2 0 0 0 0 0 0 0 0 0 0 0 0
0 0 0 2 1 0 0 5 0 0 0 1 0 1 0 0 0 0 0 0 2 1 0 0 0 0 0 0 0 0 0 0 0 0
0 0 0 1 0 0 0 2 0 3 0 0 4 1 0 0 0 0 0 0 3 1 0 0 0 0 0 0 0 0 0 0 0 0
0 0 0 1 0 0 0 3 0 3 0 0 1 0 0 0 0 0 0 0 2 1 0 0 0 0 0 0 0 0 0 1 0 0
0 0 0 0 0 0 2 2 0 3 2 1 0 0 0 0 0 1 0 0 3 1 0 0 0 0 0 0 0 0 0 0 0 0
1 1 0 1 1 0 0 2 0 0 0 0 1 1 0 0 0 0 0 0 3 1 0 0 0 0 0 0 0 0 0 1 0 0
0 0 0 2 0 0 0 4 4 2 0 10 0 5 0 0 0 0 0 0 3 4 0 0 0 0 0 0 0 0 0 0 0 0
0 0 0 3 2 0 0 1 0 0 1 3 0 1 0 0 0 0 0 0 4 1 0 0 0 0 0 0 0 0 0 0 0 0
1 0 0 1 1 0 0 1 1 0 0 1 0 2 0 0 0 0 0 0 2 2 0 0 0 0 0 0 0 0 0 0 0 0
0 0 0 0 0 0 0 0 1 0 0 3 0 6 0 0 0 0 0 1 2 1 0 0 0 0 0 0 0 0 0 0 0 0
0 0 0 3 0 0 0 3 0 1 0 6 0 9 0 0 0 1 0 0 3 4 0 0 0 0 0 0 0 0 0 0 0 0
0 0 0 0 3 0 0 1 0 0 0 5 0 4 0 0 0 0 0 0 2 1 0 0 0 0 0 0 0 0 0 0 0 0
0 0 0 2 0 0 0 2 2 1 0 6 0 2 0 0 0 0 0 0 2 2 0 0 0 0 0 0 0 0 0 0 0 0
1 0 0 0 1 0 0 0 0 0 0 2 0 2 0 0 0 0 0 0 2 2 0 0 0 0 0 0 0 0 0 0 0 0
0 0 0 0 1 0 0 2 0 4 0 0 0 1 0 0 0 0 0 0 2 1 0 0 0 0 0 0 0 0 0 1 0 0
0 0 0 1 2 0 0 0 0 2 1 3 0 1 0 0 0 0 0 0 4 1 0 0 0 0 0 0 0 0 0 0 0 0
0 0 0 3 0 0 0 3 1 1 1 0 1 1 0 0 0 0 0 0 3 1 0 0 0 0 0 0 0 0 0 0 0 0
1 1 0 2 0 0 0 2 0 0 0 0 2 0 0 0 0 0 0 0 3 1 0 0 0 0 0 0 0 0 0 1 0 0
0 0 0 0 0 0 0 1 0 3 0 0 2 1 0 0 0 0 0 0 1 1 0 0 0 0 0 0 0 0 0 0 0 0
0 0 0 0 3 1 0 0 0 1 1 3 0 1 0 0 0 0 0 0 4 1 0 0 0 0 0 0 0 0 0 0 0 0
0 0 0 0 3 1 0 0 0 1 1 3 0 1 0 0 0 0 0 0 4 1 0 0 0 0 0 0 0 0 0 0 0 0
0 0 0 1 0 0 0 2 0 2 0 0 0 1 0 0 0 0 0 0 2 1 0 0 0 0 0 0 0 0 0 1 0 0
1 0 0 1 1 0 0 1 1 0 0 1 0 2 0 0 0 0 0 0 2 2 0 0 0 0 0 0 0 0 0 0 0 0
0 0 0 2 3 0 0 3 2 1 0 1 0 2 0 0 0 0 0 0 2 2 0 0 0 0 0 0 0 0 0 0 0 0
0 0 0 2 2 1 0 2 0 1 1 2 0 1 0 0 0 0 0 0 4 1 0 0 0 0 0 0 0 0 0 0 0 0
0 0 0 3 6 0 0 2 1 3 3 3 0 4 0 0 0 0 0 2 3 4 0 0 0 0 0 0 0 0 0 0 0 0
0 0 0 1 0 0 0 3 0 0 0 11 0 1 0 0 0 0 0 1 3 1 0 0 0 0 0 0 0 0 0 0 0 0
0 0 0 0 2 0 0 1 0 1 2 3 0 1 0 0 0 0 0 0 4 1 0 0 0 0 0 0 0 0 0 0 0 0
0 0 0 3 0 0 0 3 3 0 0 11 0 1 0 0 0 3 0 1 3 4 0 0 0 0 0 0 0 0 0 0 0 1
0 0 0 1 1 1 0 0 0 2 1 3 0 1 0 0 0 0 0 0 4 1 0 0 0 0 0 0 0 0 0 0 0 0
0 0 0 0 6 0 0 1 0 4 1 2 0 4 0 0 0 2 0 0 3 2 0 0 0 0 0 0 0 0 0 0 0 0
0 0 0 2 4 0 0 2 1 0 1 2 0 1 0 0 0 0 0 0 4 1 0 0 0 0 0 0 0 0 0 0 0 0
0 0 0 2 2 0 0 2 2 2 0 0 0 5 0 0 0 0 0 3 3 3 0 0 0 0 0 0 0 0 0 0 0 0
1 0 0 0 1 0 0 0 0 0 0 2 0 2 0 0 0 0 0 0 2 2 0 0 0 0 0 0 0 0 0 0 0 0
0 0 0 2 1 0 0 1 0 0 0 7 0 1 0 0 0 0 0 1 2 1 0 0 0 0 0 0 0 0 0 0 0 0
0 0 0 2 0 0 0 3 0 1 0 1 1 0 0 0 0 0 0 0 1 1 0 0 0 0 0 0 0 0 0 0 0 0
1 0 0 0 1 0 0 0 0 0 0 2 0 2 0 0 0 0 0 0 2 2 0 0 0 0 0 0 0 0 0 0 0 0
0 0 0 0 2 0 0 0 0 2 2 3 0 1 0 0 0 0 0 0 4 1 0 0 0 0 0 0 0 0 0 0 0 0
0 0 0 1 2 1 0 0 0 1 1 3 0 1 0 0 0 0 0 0 4 1 0 0 0 0 0 0 0 0 0 0 0 0
1 0 0 1 1 0 0 1 0 1 0 1 0 2 0 0 0 0 0 0 2 2 0 0 0 0 0 0 0 0 0 0 0 0
0 0 0 0 1 0 0 4 7 1 0 0 1 1 0 0 0 0 0 0 2 3 0 0 0 0 0 0 0 0 0 0 0 0
0 0 0 2 0 0 0 1 5 2 0 0 0 60 0 0 0 1 0 0 1 1 0 0 0 0 0 0 0 0 0 0 0 0
1 0 0 0 1 0 0 0 0 0 0 2 0 2 0 0 0 0 0 0 2 2 0 0 0 0 0 0 0 0 0 0 0 0
1 0 0 0 1 0 0 0 0 0 0 2 0 2 0 0 0 0 0 0 2 2 0 0 0 0 0 0 0 0 0 0 0 0
0 0 0 1 6 0 0 1 0 2 2 7 0 3 0 0 0 0 0 0 3 2 0 0 0 0 0 0 0 0 0 0 0 0
1 0 0 0 1 0 0 0 0 0 0 2 0 2 0 0 0 0 0 0 2 2 0 0 0 0 0 0 0 0 0 0 0 0
0 0 0 0 1 0 0 1 2 1 0 0 1 2 0 0 0 0 0 0 3 1 0 0 0 0 0 0 0 0 0 1 0 0
0 0 0 1 2 0 0 0 0 1 1 3 0 2 0 0 0 0 0 0 4 1 0 0 0 0 0 0 0 0 0 0 0 0
0 0 0 1 3 0 0 2 1 4 0 1 0 1 0 0 0 0 0 0 4 3 0 0 0 0 0 0 0 0 0 0 0 0
1 0 0 0 2 0 0 1 1 0 0 1 0 2 0 0 0 0 0 0 2 2 0 0 0 0 0 0 0 0 0 0 0 0
0 0 0 3 0 0 0 4 2 2 0 3 0 1 0 0 0 0 0 0 2 2 0 0 0 0 0 0 0 0 0 0 0 0
0 0 0 1 3 0 1 0 0 1 1 3 0 1 0 0 0 0 0 0 4 1 0 0 0 0 0 0 0 0 0 0 0 0
0 0 0 4 1 0 0 0 0 1 0 3 0 2 0 2 0 1 0 0 2 3 0 0 0 0 0 0 0 0 0 0 0 0
0 0 0 2 1 0 0 0 0 0 0 8 0 0 0 0 0 0 0 0 2 1 0 0 0 0 0 0 0 0 0 0 0 0
1 0 0 0 1 0 0 0 0 0 0 2 0 2 0 0 0 0 0 0 2 2 0 0 0 0 0 0 0 0 0 0 0 0
0 0 0 4 0 0 0 3 0 1 0 14 0 2 0 0 0 0 0 0 3 3 0 0 0 0 0 0 0 0 0 0 0 0
1 1 0 0 2 0 0 2 0 0 0 0 0 2 0 0 0 0 0 0 3 1 0 0 0 0 0 0 0 0 0 1 0 0
0 0 0 2 0 0 0 0 0 0 0 3 0 6 0 0 0 0 0 0 2 1 0 0 0 0 0 0 0 0 0 0 0 0
0 0 0 3 2 0 0 1 0 0 1 3 0 1 0 0 0 0 0 0 4 1 0 0 0 0 0 0 0 0 0 0 0 0
0 0 0 4 1 0 0 3 1 1 0 0 1 0 0 0 0 0 0 1 2 2 0 0 0 0 0 0 0 0 0 0 0 0
0 0 0 1 2 0 0 0 0 0 0 5 0 4 0 0 0 0 0 0 2 1 0 0 0 0 0 0 0 0 0 0 0 0
0 0 0 4 0 0 0 2 0 0 0 11 0 3 0 0 0 4 0 0 3 3 0 0 0 0 0 0 0 0 0 0 0 1
1 0 0 0 1 0 0 0 0 0 0 2 0 2 0 0 0 0 0 0 2 2 0 0 0 0 0 0 0 0 0 0 0 0
0 0 0 0 2 0 0 1 0 2 1 1 0 1 0 0 0 0 0 0 1 1 0 0 0 0 0 0 0 0 0 0 0 0
0 0 0 0 0 0 0 0 0 0 0 14 0 1 0 0 0 2 0 0 3 2 0 0 0 0 0 0 0 0 0 0 0 0
0 0 0 2 0 0 0 6 2 3 0 0 0 2 0 0 0 0 0 0 2 2 0 0 0 0 0 0 0 0 0 0 0 0
1 0 0 0 1 0 0 0 0 0 0 1 0 2 0 0 0 0 0 0 2 2 0 0 0 0 0 0 0 0 0 0 0 1
0 0 0 0 3 0 0 2 1 3 1 0 1 1 0 0 0 0 0 0 2 2 0 0 0 0 0 0 0 0 0 0 0 0
1 0 0 0 1 0 0 0 0 0 0 2 0 2 0 0 0 0 0 0 2 2 0 0 0 0 0 0 0 0 0 0 0 0
0 0 0 4 1 0 0 1 1 1 0 11 0 3 0 0 0 4 0 0 3 5 0 0 0 0 0 0 0 0 0 0 0 0
0 0 0 0 0 0 0 4 2 2 0 7 0 3 0 0 0 2 0 0 4 2 0 0 0 0 0 0 0 0 0 0 0 0
0 0 0 0 0 0 0 0 1 3 0 3 0 0 0 0 0 0 0 0 1 1 0 0 0 0 0 0 0 0 0 0 0 0
0 0 0 1 0 0 0 3 1 0 0 7 0 1 0 0 0 0 0 0 2 1 0 0 0 0 0 0 0 0 0 0 0 0
0 0 0 4 0 0 0 27 2 2 0 37 0 41 0 0 0 0 0 1 2 43 0 0 0 0 0 0 0 0 0 0 0 1
0 0 0 0 0 0 1 6 2 2 0 12 1 3 0 0 0 0 0 0 3 4 0 0 0 0 0 0 0 0 0 0 0 1
1 0 0 0 1 0 0 0 0 0 0 2 0 2 0 0 0 0 0 0 2 2 0 0 0 0 0 0 0 0 0 0 0 0
0 0 0 2 0 0 0 5 3 1 0 1 3 2 0 0 0 0 0 0 2 4 0 0 0 0 0 0 0 0 0 0 0 0
0 0 0 0 3 1 0 4 0 1 0 0 0 0 0 0 0 0 0 0 2 1 0 0 0 0 0 0 0 0 0 0 0 0
0 0 0 3 2 0 0 1 0 0 1 3 0 1 0 0 0 0 0 0 4 1 0 0 0 0 0 0 0 0 0 0 0 0
1 0 0 0 2 0 0 1 1 0 0 1 0 2 0 0 0 0 0 0 2 2 0 0 0 0 0 0 0 0 0 0 0 0
0 0 0 1 0 0 0 1 1 2 0 4 2 2 0 0 0 0 0 0 3 1 0 0 0 0 0 0 0 0 0 0 0 0
0 0 0 2 0 0 0 0 0 0 0 3 0 6 0 0 0 0 0 0 2 1 0 0 0 0 0 0 0 0 0 0 0 0
0 0 0 1 0 0 0 3 0 1 0 11 0 1 0 0 0 2 0 0 4 1 0 0 0 0 0 0 0 0 0 0 0 0
0 0 0 1 2 1 0 0 0 1 1 3 0 1 0 0 0 0 0 0 4 1 0 0 0 0 0 0 0 0 0 0 0 0
0 0 0 1 4 0 0 0 0 2 2 6 0 5 0 0 0 0 0 0 3 2 0 0 0 0 0 0 0 0 0 0 0 1
0 0 0 0 1 0 0 4 2 1 0 0 2 2 0 0 0 0 0 0 3 1 0 0 0 0 0 0 0 0 0 0 0 0
1 0 0 1 1 0 0 0 0 0 0 1 0 2 0 0 0 0 0 1 2 2 0 0 0 0 0 0 0 0 0 0 0 0
1 0 0 0 1 0 0 1 2 4 0 0 0 60 0 0 0 1 0 0 2 2 0 0 0 0 0 0 0 0 0 0 0 0
0 0 0 1 0 0 0 2 1 1 0 1 1 2 0 0 0 1 0 0 1 3 0 0 0 0 0 0 0 0 0 0 0 0
0 0 0 0 3 0 0 0 1 1 1 3 0 1 0 0 0 0 0 0 4 1 0 0 0 0 0 0 0 0 0 0 0 0
0 0 0 0 1 0 0 1 0 6 1 0 1 1 0 0 0 0 0 0 3 1 0 0 0 0 0 0 0 0 0 1 0 0
0 0 0 1 2 0 0 4 1 0 0 5 0 9 0 0 0 0 0 0 3 4 0 0 0 0 0 0 0 0 0 0 0 1
1 0 0 0 1 0 0 0 0 0 0 2 0 2 0 0 0 0 0 0 2 2 0 0 0 0 0 0 0 0 0 0 0 0
0 0 0 2 1 0 0 3 0 0 0 9 0 2 0 0 0 0 0 0 3 1 0 0 0 0 0 0 0 0 0 0 0 0
1 0 0 0 1 0 0 0 0 0 0 2 0 2 0 0 0 0 0 0 2 2 0 0 0 0 0 0 0 0 0 0 0 0
1 0 0 0 1 0 0 0 0 0 0 2 0 2 0 0 0 0 0 0 2 2 0 0 0 0 0 0 0 0 0 0 0 0
0 0 0 0 1 0 1 2 0 0 0 0 0 0 0 0 0 0 0 0 2 1 0 0 0 0 0 0 0 0 0 1 0 0
1 0 0 1 1 0 0 1 1 0 0 1 0 2 0 0 0 0 0 0 2 2 0 0 0 0 0 0 0 0 0 0 0 0
1 1 0 2 0 0 0 2 0 0 0 0 2 0 0 0 0 0 0 0 3 1 0 0 0 0 0 0 0 0 0 1 0 0
0 0 0 2 6 0 0 1 0 3 2 5 0 3 0 0 0 0 0 1 3 3 0 0 0 0 0 0 0 0 0 0 0 0
1 0 0 0 1 0 0 0 0 0 0 2 0 2 0 0 0 0 0 0 2 2 0 0 0 0 0 0 0 0 0 0 0 0
0 0 0 0 6 0 0 1 0 3 2 7 0 3 0 0 0 0 0 0 3 2 0 0 0 0 0 0 0 0 0 0 0 0
0 0 0 3 2 0 0 1 0 0 1 3 0 1 0 0 0 0 0 0 4 1 0 0 0 0 0 0 0 0 0 0 0 0
1 0 0 0 1 0 0 0 0 0 0 2 0 2 0 0 0 0 0 0 2 2 0 0 0 0 0 0 0 0 0 0 0 0
0 0 0 2 4 0 0 0 0 1 2 1 0 3 0 0 0 0 0 0 2 1 0 0 0 0 0 0 0 0 0 0 0 0
0 0 0 4 0 0 0 8 1 1 0 7 0 3 0 0 0 0 0 1 3 4 0 0 0 0 0 0 0 0 0 0 0 0
0 0 0 3 2 0 0 4 0 0 0 4 0 1 0 0 0 0 0 0 2 3 0 0 0 0 0 0 0 0 0 0 0 0
0 0 0 0 6 0 0 1 0 3 2 7 0 3 0 0 0 0 0 0 3 2 0 0 0 0 0 0 0 0 0 0 0 0
0 0 0 3 0 0 0 2 1 0 0 6 0 10 0 0 0 0 0 2 3 4 0 0 0 0 0 0 0 0 0 0 0 0
0 0 0 2 3 0 0 1 0 0 1 3 0 1 0 0 0 0 0 0 4 1 0 0 0 0 0 0 0 0 0 0 0 0
0 0 0 1 0 0 0 2 1 4 0 0 1 1 0 0 0 0 0 0 2 1 0 0 0 0 0 0 0 0 0 0 0 0
0 0 0 0 0 0 0 2 1 2 0 6 1 3 0 0 0 0 0 0 3 2 0 0 0 0 0 0 0 0 0 0 0 0
0 0 0 0 0 0 0 2 0 0 0 9 0 0 0 0 0 0 0 0 2 1 0 0 0 0 0 0 0 0 0 0 0 0
0 0 0 1 0 0 1 4 0 2 0 0 2 2 0 1 0 0 0 0 3 1 0 0 0 0 0 0 0 0 0 0 0 0
0 0 0 0 3 1 0 0 0 1 1 3 0 1 0 0 0 0 0 0 4 1 0 0 0 0 0 0 0 0 0 0 0 0
0 0 0 2 3 0 1 0 0 1 0 3 0 1 0 0 0 0 0 0 4 1 0 0 0 0 0 0 0 0 0 0 0 0
0 0 0 0 0 0 0 2 2 3 0 0 2 0 0 0 0 0 0 0 2 2 0 0 0 0 0 0 0 0 0 0 0 0
0 0 0 4 0 0 0 1 1 0 0 14 0 3 0 0 0 4 0 0 3 4 0 0 0 0 0 0 0 0 0 0 0 0
0 0 0 2 0 0 0 1 1 0 0 8 0 0 0 0 0 0 0 0 2 1 0 0 0 0 0 0 0 0 0 0 0 0
0 0 0 2 2 0 0 1 0 0 2 3 0 1 0 0 0 0 0 0 4 1 0 0 0 0 0 0 0 0 0 0 0 0
0 0 0 4 1 0 0 2 0 1 0 4 0 0 0 0 0 0 0 0 2 1 0 0 0 0 0 0 0 0 0 0 0 0
0 0 0 0 3 1 0 0 0 1 1 3 0 1 0 0 0 0 0 0 4 1 0 0 0 0 0 0 0 0 0 0 0 0
0 0 0 0 0 0 0 1 2 2 0 0 1 0 0 0 0 0 0 0 1 1 0 0 0 0 0 0 0 0 0 0 0 0
0 0 0 0 0 0 0 4 1 1 0 3 0 0 0 1 0 0 0 0 2 1 0 0 0 0 0 0 0 0 0 0 0 0
0 0 0 0 7 0 0 1 1 4 2 6 0 3 0 0 0 0 0 0 3 2 0 0 0 0 0 0 0 0 0 0 0 0
0 0 0 0 1 0 0 2 0 0 0 11 0 1 0 0 0 0 0 0 3 1 0 0 0 0 0 0 0 0 0 0 0 0
0 0 0 0 2 0 0 3 0 3 1 1 0 1 0 0 0 1 0 0 2 1 0 0 0 0 0 0 0 0 0 0 0 0
0 0 0 3 0 0 0 6 3 1 0 1 3 1 0 1 0 0 0 0 2 4 0 0 0 0 0 0 0 0 0 0 0 0
0 0 0 0 3 1 0 0 0 1 1 3 0 1 0 0 0 0 0 0 4 1 0 0 0 0 0 0 0 0 0 0 0 0
0 0 0 3 4 0 0 2 1 3 2 4 0 5 0 0 0 1 0 0 3 2 0 0 0 0 0 0 0 0 0 0 0 0
0 0 0 0 0 0 0 0 1 2 0 3 0 0 0 0 0 0 0 0 2 1 0 0 0 0 0 0 0 0 0 0 0 0
1 0 0 0 1 0 0 0 0 0 0 2 0 2 0 0 0 0 0 0 2 2 0 0 0 0 0 0 0 0 0 0 0 0
0 0 0 0 1 0 0 2 0 0 0 8 1 1 0 0 0 0 0 0 2 2 0 0 0 0 0 0 0 0 0 0 0 0
0 0 0 0 2 0 0 0 0 0 0 9 0 1 0 0 0 3 0 1 3 2 0 0 0 0 0 0 0 0 0 0 0 0
0 0 0 0 2 0 0 0 1 2 1 3 0 1 0 0 0 0 0 0 4 1 0 0 0 0 0 0 0 0 0 0 0 0
0 0 0 1 0 1 0 1 1 1 1 3 0 0 0 0 0 1 0 0 2 1 0 0 0 0 0 0 0 0 0 0 0 0
0 0 0 1 3 0 1 0 0 1 1 3 0 1 0 0 0 0 0 0 4 1 0 0 0 0 0 0 0 0 0 0 0 0
0 0 0 3 2 0 0 1 0 0 1 3 0 1 0 0 0 0 0 0 4 1 0 0 0 0 0 0 0 0 0 0 0 0
0 0 0 0 4 0 0 3 0 3 1 7 0 2 0 0 0 0 0 0 3 2 0 0 0 0 0 0 0 0 0 0 0 0
1 0 0 0 1 0 0 0 0 0 0 2 0 2 0 0 0 0 0 0 2 2 0 0 0 0 0 0 0 0 0 0 0 0
0 0 0 1 2 1 0 0 0 1 1 3 0 1 0 0 0 0 0 0 4 1 0 0 0 0 0 0 0 0 0 0 0 0
0 0 0 2 0 0 0 1 0 0 0 8 0 11 0 0 0 0 0 0 3 2 0 0 0 0 0 0 0 0 0 0 0 0
0 0 0 0 3 1 0 0 0 1 0 3 0 1 0 0 0 0 0 0 4 1 0 0 0 0 0 0 0 0 0 0 0 0
0 0 0 4 0 0 0 1 0 0 0 7 0 1 0 0 0 0 0 1 2 1 0 0 0 0 0 0 0 0 0 0 0 0
0 0 0 2 1 0 0 0 0 1 0 3 0 0 0 0 0 2 0 1 1 2 0 0 0 0 0 0 0 0 0 0 0 0
0 0 0 0 0 0 2 1 0 4 0 0 2 3 0 0 0 0 0 0 3 1 0 0 0 0 0 0 0 0 0 0 0 0
1 0 0 0 2 0 0 1 1 0 0 1 0 2 0 0 0 0 0 0 2 2 0 0 0 0 0 0 0 0 0 0 0 0
0 0 0 0 3 0 1 2 1 2 1 1 0 1 0 0 0 0 0 0 4 1 0 0 0 0 0 0 0 0 0 0 0 0
0 0 0 3 0 0 0 1 0 0 0 6 0 12 0 0 0 1 0 0 3 3 0 0 0 0 0 0 0 0 0 0 0 0
1 0 0 1 1 0 0 0 0 0 0 1 0 2 0 0 0 1 0 0 2 2 0 0 0 0 0 0 0 0 0 0 0 0
0 0 0 0 3 0 0 0 0 4 1 3 0 1 0 0 0 0 0 0 4 1 0 0 0 0 0 0 0 0 0 0 0 0
1 0 0 0 1 0 0 0 0 0 0 1 0 2 0 0 0 0 0 0 2 2 0 0 0 0 0 0 0 0 0 0 0 1
1 0 0 0 1 0 0 0 0 0 0 2 0 2 0 0 0 0 0 0 2 2 0 0 0 0 0 0 0 0 0 0 0 0
1 0 0 0 1 0 0 0 0 0 0 2 0 2 0 0 0 0 0 0 2 2 0 0 0 0 0 0 0 0 0 0 0 0
1 0 0 0 1 0 0 0 0 0 0 2 0 2 0 0 0 0 0 0 2 2 0 0 0 0 0 0 0 0 0 0 0 0
1 0 0 1 1 0 0 2 0 0 0 1 0 2 0 0 0 0 0 0 2 2 0 0 0 0 0 0 0 0 0 0 0 0
1 0 0 0 1 0 0 0 0 0 0 2 0 2 0 0 0 0 0 0 2 2 0 0 0 0 0 0 0 0 0 0 0 0
0 0 0 5 0 0 0 1 0 0 0 11 0 4 0 0 0 1 0 0 3 2 0 0 0 0 0 0 0 0 0 0 0 0
0 0 0 1 2 1 0 0 0 1 1 3 0 1 0 0 0 0 0 0 4 1 0 0 0 0 0 0 0 0 0 0 0 0
1 0 0 0 1 0 0 0 0 0 0 1 0 2 0 0 0 0 0 0 2 2 0 0 0 0 0 0 0 0 0 0 0 1
0 0 0 4 2 0 0 0 0 0 0 4 0 0 0 0 0 0 0 1 2 2 0 0 0 0 0 0 0 0 0 0 0 0
0 0 0 4 1 0 0 0 0 0 0 14 0 3 0 0 0 4 0 0 3 4 0 0 0 0 0 0 0 0 0 0 0 0
0 0 0 1 3 0 0 0 0 3 1 2 0 2 0 0 0 0 0 0 4 1 0 0 0 0 0 0 0 0 0 0 0 0
0 0 0 1 0 0 0 0 0 3 1 3 0 0 0 0 0 1 0 0 3 1 0 0 0 0 0 0 0 0 0 0 0 0
0 0 0 0 1 0 0 1 1 1 0 0 0 0 0 0 0 0 0 0 1 1 0 0 0 0 0 0 0 0 0 0 0 0
0 0 0 0 2 0 0 0 0 0 0 6 0 3 0 0 0 0 0 0 2 1 0 0 0 0 0 0 0 0 0 0 0 0
0 0 0 0 2 0 0 2 0 2 1 8 0 3 0 0 0 0 0 0 3 2 0 0 0 0 0 0 0 0 0 0 0 0
1 0 0 0 1 0 0 0 0 0 0 2 0 2 0 0 0 0 0 0 2 2 0 0 0 0 0 0 0 0 0 0 0 0
0 0 0 0 3 0 0 0 0 3 1 3 0 1 0 0 0 0 0 0 4 1 0 0 0 0 0 0 0 0 0 0 0 0
0 0 0 2 0 0 0 3 0 0 0 9 0 6 0 0 0 2 0 0 3 3 0 0 0 0 0 0 0 0 0 0 0 0
0 0 0 2 1 0 0 1 0 0 0 14 0 4 0 0 0 1 0 0 4 1 0 0 0 0 0 0 0 0 0 0 0 0
0 0 0 3 0 0 0 0 0 0 0 16 0 1 0 0 0 3 0 0 3 4 0 0 0 0 0 0 0 0 0 0 0 0
0 0 0 1 2 0 0 3 0 0 1 3 0 1 0 0 0 0 0 0 4 1 0 0 0 0 0 0 0 0 0 0 0 0
0 0 0 3 0 0 0 3 0 0 0 2 1 3 0 0 0 1 0 0 2 2 0 0 0 0 0 0 0 0 0 0 0 0
0 0 0 1 0 1 1 1 0 1 0 5 2 1 0 1 0 1 0 0 2 3 0 0 0 0 0 0 0 0 0 0 0 0
0 0 0 4 6 0 0 1 0 2 3 3 0 7 0 0 0 3 0 0 3 2 0 0 0 0 0 0 0 0 0 0 0 0
0 0 0 1 0 0 0 1 1 1 0 0 1 0 0 0 0 0 0 0 1 1 0 0 0 0 0 0 0 0 0 0 0 0
0 0 0 2 1 0 0 1 1 0 0 8 0 1 0 2 0 0 0 1 3 3 0 0 0 0 0 0 0 0 0 0 0 0
0 0 0 2 2 0 0 0 0 1 1 3 0 3 0 0 0 0 0 0 2 1 0 0 0 0 0 0 0 0 0 0 0 0
0 0 0 1 0 0 0 3 3 1 0 0 4 2 0 0 0 0 0 0 3 1 0 0 0 0 0 0 0 0 0 0 0 0
0 0 0 3 0 0 0 1 1 0 0 5 0 1 0 0 0 2 0 1 2 2 0 0 0 0 0 0 0 0 0 0 0 0
0 0 0 1 0 0 0 2 0 1 0 8 1 1 0 0 0 0 0 0 2 2 0 0 0 0 0 0 0 0 0 0 0 0
0 0 0 0 6 0 0 2 1 6 1 4 0 2 0 0 0 1 0 2 3 4 0 0 0 0 0 0 0 0 0 0 0 0
0 0 0 1 2 1 0 0 0 1 1 3 0 1 0 0 0 0 0 0 4 1 0 0 0 0 0 0 0 0 0 0 0 0
1 0 0 0 1 0 0 0 0 0 0 2 0 2 0 0 0 0 0 0 2 2 0 0 0 0 0 0 0 0 0 0 0 0
0 0 0 0 1 0 0 1 1 0 0 9 0 5 0 0 0 0 0 3 3 3 0 0 0 0 0 0 0 0 0 0 0 0
0 0 0 1 0 0 0 3 2 1 0 14 0 1 0 0 0 2 0 0 3 3 0 0 0 0 0 0 0 0 0 0 0 0
0 0 0 0 0 0 0 1 0 0 0 13 0 1 0 0 0 0 0 0 3 1 0 0 0 0 0 0 0 0 0 0 0 0
0 0 0 2 3 0 1 0 0 1 0 3 0 1 0 0 0 0 0 0 4 1 0 0 0 0 0 0 0 0 0 0 0 0
0 0 0 2 3 0 0 1 0 0 1 3 0 1 0 0 0 0 0 0 4 1 0 0 0 0 0 0 0 0 0 0 0 0
1 0 0 0 1 0 0 0 0 0 0 2 0 2 0 0 0 0 0 0 2 2 0 0 0 0 0 0 0 0 0 0 0 0
1 0 0 1 1 0 0 1 1 0 0 1 0 2 0 0 0 0 0 0 2 2 0 0 0 0 0 0 0 0 0 0 0 0
1 0 0 1 0 0 0 1 1 1 0 2 0 2 0 0 0 1 0 0 1 3 0 0 0 0 0 0 0 0 0 0 0 0
0 0 0 0 1 0 0 1 0 0 0 8 0 10 0 0 0 0 0 0 3 3 0 0 0 0 0 0 0 0 0 0 0 0
1 0 0 1 1 0 0 2 2 0 0 0 0 1 0 0 0 0 0 0 2 2 0 0 0 0 0 0 0 0 0 0 0 0
1 0 0 1 0 0 0 0 1 0 1 3 0 0 0 0 0 0 0 0 2 1 0 0 0 0 0 0 0 0 0 0 0 0
0 0 0 3 0 0 0 3 0 0 1 1 0 0 0 0 0 0 0 0 2 1 0 0 0 0 0 0 0 0 0 0 0 0
0 0 0 0 0 0 0 4 4 2 0 0 4 2 0 0 0 0 0 0 3 2 0 0 0 0 0 0 0 0 0 0 0 0
1 0 0 1 1 0 0 0 0 0 0 1 0 2 0 0 0 0 0 1 2 2 0 0 0 0 0 0 0 0 0 0 0 0
0 0 0 0 0 0 0 0 2 0 0 10 0 7 0 0 0 0 0 0 3 2 0 0 0 0 0 0 0 0 0 0 0 0
1 0 0 0 1 0 0 0 0 0 0 2 0 2 0 0 0 0 0 0 2 2 0 0 0 0 0 0 0 0 0 0 0 0
1 0 0 1 1 0 0 1 0 0 0 1 0 3 0 0 0 0 0 0 2 2 0 0 0 0 0 0 0 0 0 0 0 0
0 0 0 1 0 0 0 2 0 4 0 0 2 0 0 0 0 0 0 0 3 1 0 0 0 0 0 0 0 0 0 1 0 0
0 0 0 2 6 0 0 0 0 2 4 5 0 3 0 0 0 0 0 1 3 3 0 0 0 0 0 0 0 0 0 0 0 0
1 0 0 2 1 0 0 0 0 0 0 0 0 2 0 0 0 1 0 1 2 2 0 0 0 0 0 0 0 0 0 0 0 0
0 0 0 1 2 1 0 1 0 1 2 2 0 2 0 0 0 0 0 0 4 1 0 0 0 0 0 0 0 0 0 0 0 0
0 0 0 0 1 0 0 2 0 1 0 6 0 2 0 0 0 3 0 0 2 3 0 0 0 0 0 0 0 0 0 0 0 0
0 0 0 3 1 0 0 4 1 1 0 2 1 1 0 0 0 0 0 0 2 3 0 0 0 0 0 0 0 0 0 0 0 0
1 0 0 0 1 0 0 0 0 2 0 2 0 2 0 0 0 0 0 0 2 2 0 0 0 0 0 0 0 0 0 0 0 0
0 0 0 1 0 0 0 2 0 1 0 8 2 2 0 0 0 0 0 0 2 3 0 0 0 0 0 0 0 0 0 0 0 0
0 0 0 0 1 0 0 3 0 0 0 7 0 0 0 0 0 0 0 0 2 1 0 0 0 0 0 0 0 0 0 0 0 0
0 0 0 0 2 0 0 0 1 2 1 3 0 1 0 0 0 0 0 0 4 1 0 0 0 0 0 0 0 0 0 0 0 0
0 0 0 0 3 0 0 1 0 0 3 2 0 2 0 0 0 0 0 0 4 1 0 0 0 0 0 0 0 0 0 0 0 0
0 0 0 4 0 0 0 7 0 0 0 8 0 4 0 0 0 4 0 0 3 4 0 0 0 0 0 0 0 0 0 0 0 0
0 0 0 0 2 0 0 0 1 2 1 3 0 1 0 0 0 0 0 0 4 1 0 0 0 0 0 0 0 0 0 0 0 0
0 0 0 1 3 0 0 1 0 3 0 0 5 6 0 0 0 0 0 0 1 6 0 0 0 0 0 0 0 0 0 1 0 0
0 0 0 0 2 0 0 0 1 2 0 3 0 1 0 0 0 0 0 0 4 1 0 0 0 0 0 0 0 0 0 0 0 0
0 0 0 0 2 0 0 2 1 1 1 3 0 2 0 0 0 0 0 0 4 1 0 0 0 0 0 0 0 0 0 0 0 0
0 0 0 0 1 0 0 0 0 4 0 3 0 0 0 0 0 1 0 0 3 1 0 0 0 0 0 0 0 0 0 0 0 0
1 0 0 0 1 0 0 0 0 0 0 2 0 2 0 0 0 0 0 0 2 2 0 0 0 0 0 0 0 0 0 0 0 0
0 0 0 1 0 0 0 3 0 1 0 0 0 1 0 0 0 0 0 0 2 1 0 0 0 0 0 0 0 0 0 1 0 0
0 0 0 1 0 0 0 1 1 1 0 0 0 0 0 0 0 0 0 0 1 1 0 0 0 0 0 0 0 0 0 0 0 0
0 0 0 1 2 0 0 2 0 2 1 2 0 2 0 0 0 0 0 0 4 1 0 0 0 0 0 0 0 0 0 0 0 0
0 0 0 2 0 1 0 4 0 2 0 0 0 0 0 0 0 0 0 0 2 1 0 0 0 0 0 0 0 0 0 0 0 0
0 0 0 1 3 0 0 1 4 2 1 0 0 0 0 0 0 0 0 0 2 2 0 0 0 0 0 0 0 0 0 0 0 0
0 0 0 3 0 0 0 2 0 1 0 6 0 2 0 1 0 3 0 1 3 3 0 0 0 0 0 0 0 0 0 0 0 0
0 0 0 0 3 0 0 0 1 2 0 3 0 1 0 0 0 0 0 0 4 1 0 0 0 0 0 0 0 0 0 0 0 0
1 0 0 0 1 0 0 0 0 0 0 2 0 2 0 0 0 0 0 0 2 2 0 0 0 0 0 0 0 0 0 0 0 0
1 0 0 1 1 0 0 1 0 0 0 1 0 3 0 0 0 0 0 0 2 2 0 0 0 0 0 0 0 0 0 0 0 0
0 0 0 1 6 0 0 3 1 1 3 6 0 3 0 0 0 0 0 0 3 2 0 0 0 0 0 0 0 0 0 0 0 0
1 0 0 0 2 0 0 1 1 0 0 1 0 2 0 0 0 0 0 0 2 2 0 0 0 0 0 0 0 0 0 0 0 0
1 0 0 0 1 0 0 0 0 0 0 2 0 2 0 0 0 0 0 0 2 2 0 0 0 0 0 0 0 0 0 0 0 0
0 0 0 0 3 0 0 3 0 2 1 1 0 2 0 0 0 0 0 0 2 1 0 0 0 0 0 0 0 0 0 0 0 0
0 0 0 1 0 0 1 3 0 0 0 4 0 0 0 0 0 0 0 0 2 1 0 0 0 0 0 0 0 0 0 0 0 0
0 0 0 0 0 0 1 1 3 2 0 4 1 1 0 0 0 0 0 0 2 2 0 0 0 0 0 0 0 0 0 0 0 0
0 0 0 1 0 0 0 2 2 0 0 9 0 7 0 0 0 1 0 0 3 2 0 0 0 0 0 0 0 0 0 0 0 1
0 0 0 0 0 0 0 1 0 1 0 4 0 0 0 0 0 1 0 0 1 1 0 0 0 0 0 0 0 0 0 0 0 0
0 0 0 1 1 0 0 2 3 1 0 0 1 0 0 0 0 0 0 0 2 1 0 0 0 0 0 0 0 0 0 0 0 0
1 0 0 0 1 0 0 0 0 0 0 2 0 2 0 0 0 0 0 0 2 2 0 0 0 0 0 0 0 0 0 0 0 0
0 0 0 0 2 0 0 3 1 1 1 1 0 2 0 0 0 0 0 0 2 1 0 0 0 0 0 0 0 0 0 0 0 0
0 0 0 0 6 0 0 0 0 2 3 7 0 4 0 0 0 0 0 0 3 2 0 0 0 0 0 0 0 0 0 0 0 0
0 0 0 0 0 0 0 4 0 0 0 6 0 1 0 0 0 0 0 0 2 1 0 0 0 0 0 0 0 0 0 0 0 0
1 0 0 0 2 0 0 2 0 0 0 1 0 2 0 0 0 0 0 0 2 2 0 0 0 0 0 0 0 0 0 0 0 0
0 0 0 0 4 0 0 1 0 1 2 2 0 3 0 0 0 2 0 0 2 2 0 0 0 0 0 0 0 0 0 0 0 0
0 0 0 4 0 0 0 6 0 0 0 0 0 1 0 0 0 0 0 0 2 1 0 0 0 0 0 0 0 0 0 0 0 0
0 0 0 2 2 0 0 5 1 0 0 4 2 0 0 0 0 0 0 0 3 3 0 0 0 0 0 0 0 0 0 0 0 0
0 0 0 1 3 0 0 0 3 1 1 1 0 1 0 0 0 0 0 0 2 1 0 0 0 0 0 0 0 0 0 0 0 0
1 0 0 0 0 0 0 1 1 2 0 0 0 64 0 0 0 0 0 0 2 1 0 0 0 0 0 0 0 0 0 0 0 0
0 0 0 1 2 0 0 1 1 3 0 2 0 1 0 0 0 0 0 0 4 1 0 0 0 0 0 0 0 0 0 0 0 0
0 0 0 2 2 0 0 0 1 2 1 1 0 2 0 0 0 0 0 1 4 2 0 0 0 0 0 0 0 0 0 0 0 0
0 0 0 1 0 0 0 4 1 1 0 0 5 2 0 0 0 0 0 0 3 1 0 0 0 0 0 0 0 0 0 0 0 0
0 0 0 0 0 0 0 0 1 2 0 3 0 0 0 0 0 0 0 0 2 1 0 0 0 0 0 0 0 0 0 0 0 0
0 0 0 1 5 0 0 2 1 0 1 2 0 1 0 0 0 0 0 0 4 1 0 0 0 0 0 0 0 0 0 0 0 0
0 0 0 1 2 0 0 0 0 1 1 3 0 2 0 0 0 0 0 0 4 1 0 0 0 0 0 0 0 0 0 0 0 0
0 0 0 0 3 1 0 0 0 1 1 3 0 1 0 0 0 0 0 0 4 1 0 0 0 0 0 0 0 0 0 0 0 0
0 0 0 4 0 0 0 4 0 0 0 14 0 2 0 1 0 0 0 0 3 4 0 0 0 0 0 0 0 0 0 0 0 0
1 0 0 0 1 0 0 0 0 0 0 2 0 2 0 0 0 0 0 0 2 2 0 0 0 0 0 0 0 0 0 0 0 0
0 0 0 2 1 0 0 1 0 0 0 8 0 1 0 0 0 0 0 0 2 1 0 0 0 0 0 0 0 0 0 0 0 0
0 0 0 1 0 0 0 48 0 2 0 0 0 0 0 0 0 0 0 0 1 24 0 0 0 0 0 0 0 0 0 0 0 0
1 0 0 0 1 0 0 0 0 2 0 2 0 2 0 0 0 0 0 0 2 2 0 0 0 0 0 0 0 0 0 0 0 0
0 0 0 4 0 0 0 5 0 0 0 13 3 1 0 0 0 0 0 0 3 6 0 0 0 0 0 0 0 0 0 0 0 0
0 0 0 2 0 0 0 1 1 0 0 8 0 0 0 0 0 0 0 0 2 1 0 0 0 0 0 0 0 0 0 0 0 0
0 0 0 2 0 0 0 2 1 1 0 0 0 0 0 0 0 0 0 0 1 1 0 0 0 0 0 0 0 0 0 0 0 0
0 0 0 1 0 0 0 3 2 0 0 13 0 3 0 0 0 1 0 0 3 2 0 0 0 0 0 0 0 0 0 0 0 0
0 0 0 1 0 0 0 1 2 4 0 0 4 5 0 0 0 0 0 0 3 2 0 0 0 0 0 0 0 0 0 0 0 0
0 0 0 2 0 1 1 1 0 2 1 0 0 0 0 0 0 1 0 0 3 1 0 0 0 0 0 0 0 0 0 0 0 0
0 0 0 1 0 0 0 3 1 0 0 10 0 1 0 0 0 0 0 0 3 1 0 0 0 0 0 0 0 0 0 0 0 0
0 0 0 1 0 1 0 2 1 2 0 0 1 1 0 0 0 0 0 0 2 1 0 0 0 0 0 0 0 0 0 0 0 0
0 0 0 0 6 0 0 0 0 3 3 7 0 3 0 0 0 0 0 0 3 2 0 0 0 0 0 0 0 0 0 0 0 0
0 0 0 0 2 0 0 0 1 2 1 3 0 1 0 0 0 0 0 0 4 1 0 0 0 0 0 0 0 0 0 0 0 0
1 0 0 1 1 0 0 1 1 0 0 0 0 2 0 0 0 0 0 0 2 2 0 0 0 0 0 0 0 0 0 0 0 1
0 0 0 0 1 0 0 2 0 4 0 0 0 1 0 0 0 0 0 0 2 1 0 0 0 0 0 0 0 0 0 1 0 0
1 0 0 0 1 0 0 0 0 0 0 2 0 2 0 0 0 0 0 0 2 2 0 0 0 0 0 0 0 0 0 0 0 0
1 0 0 0 1 0 0 0 0 0 0 2 0 2 0 0 0 0 0 0 2 2 0 0 0 0 0 0 0 0 0 0 0 0
0 0 0 2 0 0 0 4 0 0 0 12 0 1 0 0 0 2 0 0 3 2 0 0 0 0 0 0 0 0 0 0 0 0
0 1 0 1 0 0 0 0 1 2 0 0 0 0 0 0 0 0 0 0 2 1 0 0 0 0 0 0 0 0 0 0 0 0
0 0 0 0 0 1 0 3 5 2 0 0 1 0 0 0 0 0 0 0 2 2 0 0 0 0 0 0 0 0 0 0 0 0
0 0 0 0 3 0 0 0 1 2 0 3 0 1 0 0 0 0 0 0 4 1 0 0 0 0 0 0 0 0 0 0 0 0
0 0 0 3 1 0 0 2 0 1 0 4 1 1 0 0 0 0 0 0 2 2 0 0 0 0 0 0 0 0 0 0 0 0
0 0 0 3 1 0 0 1 0 0 0 6 0 8 0 0 0 2 0 1 3 3 0 0 0 0 0 0 0 0 0 0 0 0
0 0 0 1 0 0 1 2 2 0 0 8 1 3 0 0 0 0 0 0 2 3 0 0 0 0 0 0 0 0 0 0 0 0
0 0 0 4 0 0 0 1 0 0 0 14 0 2 0 0 0 0 0 0 3 2 0 0 0 0 0 0 0 0 0 0 0 0
0 0 0 0 6 0 0 1 0 2 3 7 0 3 0 0 0 0 0 0 3 2 0 0 0 0 0 0 0 0 0 0 0 0
0 0 0 0 0 0 0 1 0 1 0 2 1 1 0 0 0 0 0 0 1 1 0 0 0 0 0 0 0 0 0 0 0 0
0 0 0 1 1 0 1 2 0 0 0 8 1 1 0 0 0 0 0 0 2 3 0 0 0 0 0 0 0 0 0 0 0 0
0 0 0 1 2 1 0 0 0 1 1 3 0 1 0 0 0 0 0 0 4 1 0 0 0 0 0 0 0 0 0 0 0 0
0 0 0 0 4 0 0 0 1 4 1 7 0 2 0 0 0 0 0 0 3 2 0 0 0 0 0 0 0 0 0 0 0 0
0 0 0 0 2 0 0 3 0 2 0 3 0 0 0 0 0 0 0 0 2 1 0 0 0 0 0 0 0 0 0 0 0 0
1 0 0 0 1 0 0 0 0 0 0 2 0 2 0 0 0 0 0 0 2 2 0 0 0 0 0 0 0 0 0 0 0 0
0 0 0 1 2 0 0 0 0 4 0 0 0 3 0 0 0 0 0 0 1 3 0 0 0 0 0 0 0 0 0 1 0 0
0 0 0 0 3 0 0 0 1 2 0 3 0 1 0 0 0 0 0 0 4 1 0 0 0 0 0 0 0 0 0 0 0 0
0 0 0 0 4 0 0 0 0 3 0 2 0 1 0 0 0 0 0 1 4 2 0 0 0 0 0 0 0 0 0 0 0 0
0 0 0 0 2 0 0 2 6 4 1 1 0 3 0 0 0 0 0 0 4 1 0 0 0 0 0 0 0 0 0 0 0 0
1 0 0 1 1 0 0 2 0 0 0 1 0 2 0 0 0 0 0 0 2 2 0 0 0 0 0 0 0 0 0 0 0 0
0 0 0 0 2 0 0 2 1 1 1 3 0 2 0 0 0 0 0 0 4 1 0 0 0 0 0 0 0 0 0 0 0 0
0 0 0 2 6 0 0 0 0 4 2 5 0 5 0 0 0 1 0 0 3 2 0 0 0 0 0 0 0 0 0 0 0 0
0 0 0 2 4 0 0 0 0 1 3 1 0 2 0 0 0 0 0 0 2 1 0 0 0 0 0 0 0 0 0 0 0 0
1 0 0 0 1 0 0 0 0 0 0 2 0 2 0 0 0 0 0 0 2 2 0 0 0 0 0 0 0 0 0 0 0 0
1 0 0 0 1 0 0 0 0 0 0 2 0 2 0 0 0 0 0 0 2 2 0 0 0 0 0 0 0 0 0 0 0 0
1 0 0 0 1 0 0 0 0 2 0 2 0 2 0 0 0 0 0 0 2 2 0 0 0 0 0 0 0 0 0 0 0 0
1 0 0 1 1 0 0 2 0 0 0 0 1 1 0 0 0 0 0 0 2 2 0 0 0 0 0 0 0 0 0 0 0 0
0 0 0 1 1 0 0 2 0 1 0 1 0 0 0 0 0 0 0 0 2 1 0 0 0 0 0 0 0 0 0 0 0 0
0 0 0 1 0 0 0 4 4 3 0 12 0 3 0 0 0 0 0 0 3 4 0 0 0 0 0 0 0 0 0 0 0 0
0 0 0 1 1 0 1 1 0 2 1 3 0 1 0 0 0 0 0 0 4 1 0 0 0 0 0 0 0 0 0 0 0 0
0 0 0 3 2 0 0 0 0 0 0 4 0 1 0 0 0 1 0 1 2 1 0 0 0 0 0 0 0 0 0 0 0 0
0 0 0 1 5 0 0 2 0 0 1 2 0 2 0 0 0 0 0 0 4 1 0 0 0 0 0 0 0 0 0 0 0 0
1 0 0 0 1 0 0 0 0 0 0 2 0 2 0 0 0 0 0 0 2 2 0 0 0 0 0 0 0 0 0 0 0 0
1 0 0 0 1 0 0 0 0 0 0 2 0 2 0 0 0 0 0 0 2 2 0 0 0 0 0 0 0 0 0 0 0 0
1 0 0 0 1 0 0 0 0 0 0 2 0 2 0 0 0 0 0 0 2 2 0 0 0 0 0 0 0 0 0 0 0 0
0 0 0 0 1 0 0 1 2 3 0 0 0 0 0 0 0 0 0 0 2 1 0 0 0 0 0 0 0 0 0 0 0 0
0 0 0 0 2 0 0 0 2 2 1 1 0 1 0 0 0 0 0 1 2 1 0 0 0 0 0 0 0 0 0 0 0 0
0 0 0 3 1 0 0 0 0 0 0 7 0 0 0 0 0 0 0 2 3 1 0 0 0 0 0 0 0 0 0 0 0 0
0 0 0 2 2 1 0 1 1 1 1 1 0 1 0 0 0 0 0 2 4 3 0 0 0 0 0 0 0 0 0 0 0 0
0 0 0 0 4 0 1 2 1 3 1 4 0 2 0 0 0 0 0 0 2 2 0 0 0 0 0 0 0 0 0 0 0 1
0 0 0 2 0 0 0 4 7 1 0 0 1 3 0 0 0 0 0 0 2 4 0 0 0 0 0 0 0 0 0 0 0 0
0 0 0 2 3 0 0 1 1 1 1 1 0 3 0 0 0 0 0 0 4 1 0 0 0 0 0 0 0 0 0 0 0 0
0 0 0 2 0 0 0 2 2 1 0 0 1 0 0 0 0 1 0 0 2 1 0 0 0 0 0 0 0 0 0 0 0 0
0 0 0 1 0 1 0 2 1 2 0 0 1 1 0 0 0 0 0 0 2 1 0 0 0 0 0 0 0 0 0 0 0 0
0 0 0 1 0 0 0 0 1 0 0 8 0 0 0 0 0 0 0 1 2 1 0 0 0 0 0 0 0 0 0 0 0 0
0 0 0 1 2 0 0 0 1 2 0 3 0 1 0 0 0 0 0 0 4 1 0 0 0 0 0 0 0 0 0 0 0 0
0 0 0 1 1 0 0 5 0 0 0 0 0 7 0 0 0 0 0 0 2 3 0 0 0 0 0 0 0 0 0 0 0 0
0 0 0 0 3 1 0 0 0 1 1 3 0 1 0 0 0 0 0 0 4 1 0 0 0 0 0 0 0 0 0 0 0 0
0 0 0 0 2 0 0 1 0 1 2 3 0 1 0 0 0 0 0 0 4 1 0 0 0 0 0 0 0 0 0 0 0 0
0 0 0 4 0 0 0 1 1 0 1 3 0 0 0 0 0 0 0 2 2 3 0 0 0 0 0 0 0 0 0 0 0 0
0 0 0 2 3 1 0 2 1 2 1 0 0 1 0 0 0 0 0 0 4 3 0 0 0 0 0 0 0 0 0 0 0 0
0 0 0 0 3 0 0 0 0 3 0 3 0 1 0 0 0 0 0 0 4 1 0 0 0 0 0 0 0 0 0 0 0 0
0 0 0 1 0 0 0 3 3 2 0 0 3 2 0 0 0 0 0 0 3 1 0 0 0 0 0 0 0 0 0 0 0 0
0 0 0 0 1 0 1 3 1 0 0 0 1 1 0 0 0 0 0 0 2 1 0 0 0 0 0 0 0 0 0 1 0 0
1 0 0 1 0 1 0 0 0 0 0 3 0 0 0 0 0 0 0 0 2 1 0 0 0 0 0 0 0 0 0 0 0 0
0 0 0 1 0 0 0 0 1 0 0 9 0 9 0 0 0 0 0 0 3 2 0 0 0 0 0 0 0 0 0 0 0 0
0 0 0 2 4 0 0 1 0 2 1 1 0 2 0 0 0 0 0 0 2 1 0 0 0 0 0 0 0 0 0 0 0 0
0 0 0 0 2 1 0 0 0 1 2 3 0 1 0 0 0 0 0 0 4 1 0 0 0 0 0 0 0 0 0 0 0 0
0 0 0 0 2 0 0 3 3 1 1 0 0 1 0 0 0 0 0 0 2 1 0 0 0 0 0 0 0 0 0 0 0 0
0 0 0 1 0 0 0 2 1 1 0 2 0 0 0 0 0 0 0 0 2 1 0 0 0 0 0 0 0 0 0 1 0 0
1 0 0 1 1 0 0 0 0 0 0 1 0 3 0 0 0 0 0 0 2 2 0 0 0 0 0 0 0 0 0 0 0 0
1 0 0 0 0 0 0 1 2 1 0 0 2 1 0 0 0 0 0 0 2 3 0 0 0 0 0 0 0 0 0 0 0 0
0 0 0 1 0 0 1 2 0 2 0 0 1 1 0 0 0 0 0 0 2 1 0 0 0 0 0 0 0 0 0 1 0 0
0 0 0 1 1 0 0 0 0 2 1 3 0 2 0 0 0 0 0 0 4 1 0 0 0 0 0 0 0 0 0 0 0 0
0 0 0 5 6 0 0 5 0 1 2 3 0 7 0 0 0 1 0 0 3 2 0 0 0 0 0 0 0 0 0 0 0 0
0 0 0 1 2 0 0 0 1 4 0 0 0 1 0 0 0 0 0 0 4 1 0 0 0 0 0 0 0 0 0 0 0 0
1 0 0 0 1 0 0 2 0 0 0 0 2 1 0 0 0 0 0 0 2 2 0 0 0 0 0 0 0 0 0 0 0 0
0 0 0 1 4 0 0 1 0 0 1 3 0 1 0 0 0 0 0 0 4 1 0 0 0 0 0 0 0 0 0 0 0 0
0 0 0 1 1 0 1 0 0 0 0 11 1 2 0 0 0 1 0 4 4 3 0 0 0 0 0 0 0 0 0 0 0 0
0 0 0 1 2 0 0 2 1 1 1 2 0 3 0 0 0 0 0 0 4 1 0 0 0 0 0 0 0 0 0 0 0 0
0 0 0 1 0 0 0 0 0 0 0 18 0 1 0 0 0 0 0 0 3 2 0 0 0 0 0 0 0 0 0 0 0 0
0 0 0 3 3 0 0 0 0 0 0 3 0 1 0 0 0 2 0 0 2 1 0 0 0 0 0 0 0 0 0 0 0 0
1 0 0 0 1 0 0 0 0 0 0 2 0 2 0 0 0 0 0 0 2 2 0 0 0 0 0 0 0 0 0 0 0 0
1 1 0 2 0 0 0 2 0 0 0 0 2 0 0 0 0 0 0 0 3 1 0 0 0 0 0 0 0 0 0 1 0 0
1 0 0 0 1 0 0 0 0 0 0 2 0 2 0 0 0 0 0 0 2 2 0 0 0 0 0 0 0 0 0 0 0 0
1 0 0 0 1 0 0 0 0 0 0 2 0 2 0 0 0 0 0 0 2 2 0 0 0 0 0 0 0 0 0 0 0 0
0 0 0 1 2 0 0 3 1 1 0 0 1 2 0 0 0 0 0 0 3 1 0 0 0 0 0 0 0 0 0 0 0 0
1 0 0 0 1 0 0 0 0 0 0 2 0 2 0 0 0 0 0 0 2 2 0 0 0 0 0 0 0 0 0 0 0 0
0 0 0 3 1 0 0 0 0 1 0 7 0 2 0 1 0 1 0 0 3 1 0 0 0 0 0 0 0 0 0 0 0 0
1 0 0 1 1 0 0 0 0 0 0 1 0 3 0 0 0 1 0 0 2 2 0 0 0 0 0 0 0 0 0 0 0 0
0 0 0 1 3 0 0 5 0 0 0 3 0 2 0 0 0 0 0 0 2 3 0 0 0 0 0 0 0 0 0 0 0 0
1 0 0 0 1 0 0 0 0 0 0 2 0 2 0 0 0 0 0 0 2 2 0 0 0 0 0 0 0 0 0 0 0 0
0 0 0 0 3 0 0 0 1 2 0 3 0 1 0 0 0 0 0 0 4 1 0 0 0 0 0 0 0 0 0 0 0 0
0 0 0 1 0 0 0 0 0 0 0 9 0 9 0 0 0 1 0 0 3 2 0 0 0 0 0 0 0 0 0 0 0 0
1 0 0 0 1 0 0 0 0 0 0 2 0 2 0 0 0 0 0 0 2 2 0 0 0 0 0 0 0 0 0 0 0 0
1 0 0 0 1 0 0 0 0 0 0 2 0 2 0 0 0 0 0 0 2 2 0 0 0 0 0 0 0 0 0 0 0 0
0 0 0 3 0 0 0 3 1 3 0 28 0 33 0 0 0 0 0 2 1 33 0 0 0 0 0 0 0 0 0 0 0 1
0 0 0 0 3 0 0 1 0 4 0 2 0 2 0 0 0 0 0 0 4 1 0 0 0 0 0 0 0 0 0 0 0 0
0 0 0 1 0 0 0 4 1 2 0 0 4 2 0 0 0 0 0 0 3 1 0 0 0 0 0 0 0 0 0 0 0 0
0 0 0 1 3 1 0 0 0 1 1 2 0 1 0 0 0 0 0 1 4 2 0 0 0 0 0 0 0 0 0 0 0 0
0 0 0 1 2 0 0 0 1 2 1 2 0 1 0 0 0 1 0 0 4 2 0 0 0 0 0 0 0 0 0 0 0 0
0 0 0 0 3 1 0 0 0 1 1 3 0 1 0 0 0 0 0 0 4 1 0 0 0 0 0 0 0 0 0 0 0 0
0 0 0 0 3 1 0 0 0 1 1 3 0 1 0 0 0 0 0 0 4 1 0 0 0 0 0 0 0 0 0 0 0 0
1 0 0 1 1 0 0 1 0 0 0 1 0 2 0 0 0 0 0 0 2 2 0 0 0 0 0 0 0 0 0 0 0 0
0 0 0 1 0 0 1 0 0 2 0 0 2 1 0 0 0 0 0 0 1 1 0 0 0 0 0 0 0 0 0 0 0 0
0 0 0 4 1 0 0 0 0 0 0 10 0 4 0 0 0 7 0 1 3 4 0 0 0 0 0 0 0 0 0 0 0 0
0 0 0 2 1 0 0 2 1 1 0 3 0 0 0 0 0 0 0 0 2 1 0 0 0 0 0 0 0 0 0 0 0 0
0 0 0 1 3 0 0 1 2 2 0 2 0 1 0 0 0 0 0 0 4 1 0 0 0 0 0 0 0 0 0 0 0 0
1 0 0 1 1 0 0 1 0 0 0 1 0 3 0 0 0 0 0 0 2 2 0 0 0 0 0 0 0 0 0 0 0 0
1 0 0 0 2 0 0 0 0 0 0 1 0 3 0 0 0 1 0 0 2 2 0 0 0 0 0 0 0 0 0 0 0 0
0 0 0 0 0 0 0 1 3 1 0 0 0 0 0 0 0 2 0 0 1 1 0 0 0 0 0 0 0 0 0 0 0 0
1 0 0 1 1 0 0 1 2 0 0 0 0 1 0 0 0 0 0 0 2 2 0 0 0 0 0 0 0 0 0 0 0 0
1 0 0 0 1 0 0 0 0 0 0 2 0 2 0 0 0 0 0 0 2 2 0 0 0 0 0 0 0 0 0 0 0 0
0 0 0 0 0 0 0 1 2 1 0 1 0 1 0 0 0 0 0 0 1 1 0 0 0 0 0 0 0 0 0 0 0 0
0 0 0 1 4 0 0 0 0 3 0 1 0 1 0 0 0 1 0 1 4 2 0 0 0 0 0 0 0 0 0 0 0 0
0 0 0 2 1 0 0 6 0 1 0 8 0 3 0 0 0 0 0 1 3 5 0 0 0 0 0 0 0 0 0 0 0 0
1 0 0 0 1 0 0 0 0 0 0 2 0 2 0 0 0 0 0 0 2 2 0 0 0 0 0 0 0 0 0 0 0 0
1 0 0 0 2 0 0 2 0 0 0 0 2 2 0 0 0 0 0 0 2 3 0 0 0 0 0 0 0 0 0 0 0 0
0 0 0 0 2 0 0 1 4 2 1 0 0 1 0 0 0 0 0 0 2 1 0 0 0 0 0 0 0 0 0 0 0 0
1 0 0 0 1 0 0 0 0 0 0 2 0 2 0 0 0 0 0 0 2 2 0 0 0 0 0 0 0 0 0 0 0 0
0 0 0 0 0 0 0 2 0 0 0 9 0 0 0 0 0 0 0 0 2 1 0 0 0 0 0 0 0 0 0 0 0 0
0 0 0 0 3 1 0 0 0 1 1 3 0 1 0 0 0 0 0 0 4 1 0 0 0 0 0 0 0 0 0 0 0 0
1 0 0 0 1 0 0 0 0 0 0 2 0 2 0 0 0 0 0 0 2 2 0 0 0 0 0 0 0 0 0 0 0 0
1 0 0 0 1 0 0 0 0 0 0 2 0 2 0 0 0 0 0 0 2 2 0 0 0 0 0 0 0 0 0 0 0 0
0 0 0 1 4 0 0 4 1 3 2 6 0 3 0 0 0 0 0 0 3 2 0 0 0 0 0 0 0 0 0 0 0 0
0 0 0 1 3 0 0 0 0 2 1 2 0 2 0 0 0 0 0 0 4 1 0 0 0 0 0 0 0 0 0 0 0 0
0 0 0 1 2 1 0 0 0 1 1 3 0 1 0 0 0 0 0 0 4 1 0 0 0 0 0 0 0 0 0 0 0 0
0 0 0 0 3 0 0 0 0 4 1 3 0 1 0 0 0 0 0 0 4 1 0 0 0 0 0 0 0 0 0 0 0 0
0 0 0 1 0 0 0 1 1 1 0 0 0 0 0 0 0 0 0 0 1 1 0 0 0 0 0 0 0 0 0 0 0 0
0 0 0 0 6 0 0 1 0 3 2 7 0 3 0 0 0 0 0 0 3 2 0 0 0 0 0 0 0 0 0 0 0 0
0 0 0 3 0 0 0 1 0 1 0 2 0 0 0 2 0 0 0 0 2 1 0 0 0 0 0 0 0 0 0 0 0 0
0 0 0 0 3 1 0 0 0 1 1 3 0 1 0 0 0 0 0 0 4 1 0 0 0 0 0 0 0 0 0 0 0 0
0 0 0 3 1 0 0 7 0 0 0 3 0 2 0 0 0 0 0 0 3 1 0 0 0 0 0 0 0 0 0 0 0 0
0 0 0 3 2 0 0 1 0 0 1 3 0 1 0 0 0 0 0 0 4 1 0 0 0 0 0 0 0 0 0 0 0 0
0 0 0 1 1 0 0 1 0 1 2 3 0 0 0 0 0 1 0 0 3 1 0 0 0 0 0 0 0 0 0 0 0 0
0 0 0 1 0 0 0 2 0 2 0 0 0 1 0 0 0 0 0 0 2 1 0 0 0 0 0 0 0 0 0 1 0 0
0 0 0 0 0 0 0 0 2 0 0 5 0 8 0 0 0 2 0 0 3 2 0 0 0 0 0 0 0 0 0 0 0 0
0 0 0 0 1 0 0 2 0 1 0 7 1 0 0 0 0 0 0 0 2 2 0 0 0 0 0 0 0 0 0 0 0 1
0 0 0 0 6 0 0 1 0 2 3 7 0 3 0 0 0 0 0 0 3 2 0 0 0 0 0 0 0 0 0 0 0 0
0 0 0 0 4 0 0 0 0 1 1 3 0 3 0 0 0 0 0 0 2 1 0 0 0 0 0 0 0 0 0 0 0 0
1 0 0 0 1 0 0 0 0 0 0 2 0 2 0 0 0 0 0 0 2 2 0 0 0 0 0 0 0 0 0 0 0 0
1 0 0 0 1 0 0 0 0 0 0 2 0 2 0 0 0 0 0 0 2 2 0 0 0 0 0 0 0 0 0 0 0 0
0 0 0 2 0 0 0 1 0 1 0 1 0 0 0 0 0 0 0 1 1 1 0 0 0 0 0 0 0 0 0 0 0 0
1 0 0 0 0 0 0 0 1 1 0 1 0 0 0 0 0 0 0 0 1 1 0 0 0 0 0 0 0 0 0 0 0 0
0 0 0 2 2 0 0 3 0 0 1 2 0 2 0 0 0 0 0 0 4 1 0 0 0 0 0 0 0 0 0 0 0 0
0 0 0 3 2 0 0 1 0 0 1 3 0 1 0 0 0 0 0 0 4 1 0 0 0 0 0 0 0 0 0 0 0 0
0 0 0 2 1 0 0 3 1 0 0 3 0 1 0 0 0 0 0 0 2 1 0 0 0 0 0 0 0 0 0 0 0 0
0 0 0 0 3 0 0 0 0 3 1 3 0 1 0 0 0 0 0 0 4 1 0 0 0 0 0 0 0 0 0 0 0 0
1 0 0 1 1 0 0 0 0 0 0 1 0 2 0 0 0 0 0 1 2 2 0 0 0 0 0 0 0 0 0 0 0 0
0 0 0 2 6 0 0 2 0 3 2 5 0 5 0 0 0 0 0 0 3 2 0 0 0 0 0 0 0 0 0 0 0 0
0 0 0 0 7 0 0 1 0 2 3 6 0 3 0 0 0 0 0 1 3 2 0 0 0 0 0 0 0 0 0 0 0 0
1 0 0 1 1 0 0 0 0 0 0 1 0 2 0 0 0 2 0 0 2 2 0 0 0 0 0 0 0 0 0 0 0 0
0 0 0 0 1 0 0 2 1 1 0 2 0 0 0 0 0 0 0 0 2 1 0 0 0 0 0 0 0 0 0 1 0 0
0 0 0 3 0 0 1 2 2 0 0 14 0 2 0 0 0 0 0 0 3 2 0 0 0 0 0 0 0 0 0 0 0 0
0 0 0 0 0 0 0 0 0 0 0 14 0 1 0 0 0 2 0 0 3 2 0 0 0 0 0 0 0 0 0 0 0 0
1 0 0 0 1 0 0 0 0 0 0 2 0 2 0 0 0 0 0 0 2 2 0 0 0 0 0 0 0 0 0 0 0 0
0 0 0 3 1 0 0 4 0 0 0 1 0 3 0 0 0 2 0 0 2 2 0 0 0 0 0 0 0 0 0 0 0 0
0 0 0 2 1 0 0 1 0 1 0 10 1 4 0 0 0 4 0 1 4 2 0 0 0 0 0 0 0 0 0 0 0 0
1 0 0 0 0 0 0 0 1 1 0 1 0 0 0 0 0 0 0 0 1 1 0 0 0 0 0 0 0 0 0 0 0 0
0 0 0 0 2 0 0 0 1 2 0 3 0 1 0 0 0 0 0 0 4 1 0 0 0 0 0 0 0 0 0 0 0 0
0 0 0 2 0 0 0 1 2 2 0 0 0 0 0 0 0 0 0 2 2 3 0 0 0 0 0 0 0 0 0 0 0 0
0 0 0 0 0 0 0 6 2 1 0 3 0 3 0 0 0 0 0 0 2 2 0 0 0 0 0 0 0 0 0 0 0 0
0 0 0 1 0 0 0 1 3 2 0 0 1 0 0 0 0 0 0 0 2 1 0 0 0 0 0 0 0 0 0 0 0 0
0 0 0 1 3 0 0 1 0 0 2 3 0 1 0 0 0 0 0 0 4 1 0 0 0 0 0 0 0 0 0 0 0 0
0 0 0 1 2 0 0 1 0 4 2 7 0 4 0 0 0 1 0 0 3 2 0 0 0 0 0 0 0 0 0 0 0 0
1 0 0 0 1 0 0 0 0 0 0 0 0 1 0 0 0 0 0 0 2 1 0 0 0 0 0 0 0 0 0 0 0 1
0 0 0 0 2 0 0 2 0 2 1 2 0 2 0 0 0 2 0 0 2 2 0 0 0 0 0 0 0 0 0 0 0 0
1 0 0 1 0 0 0 1 0 1 1 0 0 3 0 0 0 0 0 0 2 1 0 0 0 0 0 0 0 0 0 0 0 0
0 0 0 1 3 0 0 2 0 2 1 2 0 1 0 0 0 0 0 1 4 3 0 0 0 0 0 0 0 0 0 0 0 0
0 0 0 2 2 0 0 1 0 2 0 3 0 1 0 0 0 0 0 0 4 1 0 0 0 0 0 0 0 0 0 0 0 0
0 0 0 0 2 0 0 0 0 2 2 3 0 1 0 0 0 0 0 0 4 1 0 0 0 0 0 0 0 0 0 0 0 0
1 0 0 0 1 0 0 0 0 0 0 2 0 2 0 0 0 0 0 0 2 2 0 0 0 0 0 0 0 0 0 0 0 0
1 0 0 0 1 0 0 1 0 1 0 1 0 1 0 0 0 0 0 0 2 2 0 0 0 0 0 0 0 0 0 0 0 0
0 0 0 1 3 0 0 0 1 1 1 2 0 2 0 0 0 1 0 0 4 1 0 0 0 0 0 0 0 0 0 0 0 0
0 0 0 2 0 0 0 1 0 0 1 7 0 7 0 0 0 0 0 0 1 7 0 0 0 0 0 0 0 0 0 0 0 0
1 0 0 0 1 0 0 0 0 0 0 2 0 2 0 0 0 0 0 0 2 2 0 0 0 0 0 0 0 0 0 0 0 0
0 0 0 1 4 0 0 1 0 0 1 3 0 1 0 0 0 0 0 0 4 1 0 0 0 0 0 0 0 0 0 0 0 0
0 0 0 1 4 0 0 3 0 0 0 3 0 0 0 0 0 1 0 2 2 3 0 0 0 0 0 0 0 0 0 0 0 0
0 0 0 1 3 0 0 2 1 2 0 2 0 1 0 0 0 0 0 0 4 1 0 0 0 0 0 0 0 0 0 0 0 0
1 0 0 0 1 0 0 0 0 0 0 2 0 2 0 0 0 0 0 0 2 2 0 0 0 0 0 0 0 0 0 0 0 0
1 0 0 0 1 0 0 0 0 0 0 2 0 2 0 0 0 0 0 0 2 2 0 0 0 0 0 0 0 0 0 0 0 0
0 0 0 0 0 0 0 1 0 3 0 0 1 1 0 0 0 0 0 0 1 1 0 0 0 0 0 0 0 0 0 0 0 0
0 0 0 1 0 0 0 1 1 0 0 9 0 9 0 0 0 0 0 0 3 2 0 0 0 0 0 0 0 0 0 0 0 0
0 0 0 1 3 0 0 0 1 1 1 3 0 2 0 0 0 0 0 0 2 1 0 0 0 0 0 0 0 0 0 0 0 0
0 0 0 0 2 0 0 2 0 2 1 0 0 1 0 0 0 0 0 0 1 1 0 0 0 0 0 0 0 0 0 0 0 0
0 0 0 3 0 0 0 4 0 1 0 4 1 0 0 0 0 0 0 0 2 2 0 0 0 0 0 0 0 0 0 0 0 0
0 0 0 1 0 0 0 1 1 1 0 2 0 0 0 0 0 0 0 0 1 1 0 0 0 0 0 0 0 0 0 0 0 0
0 0 0 0 2 0 0 0 0 0 0 3 0 6 0 0 0 0 0 0 2 1 0 0 0 0 0 0 0 0 0 0 0 0
0 0 0 0 6 0 0 1 0 2 3 7 0 3 0 0 0 0 0 0 3 2 0 0 0 0 0 0 0 0 0 0 0 0
1 0 0 2 1 0 0 1 0 0 0 0 0 3 0 0 0 1 0 0 2 2 0 0 0 0 0 0 0 0 0 0 0 0
0 0 0 1 0 0 0 3 0 1 0 7 0 1 0 0 0 0 0 0 2 1 0 0 0 0 0 0 0 0 0 0 0 0
0 0 0 0 0 0 1 1 2 1 0 0 2 1 0 0 0 0 0 0 1 2 0 0 0 0 0 0 0 0 0 0 0 0
0 0 0 2 3 0 0 1 0 0 1 3 0 1 0 0 0 0 0 0 4 1 0 0 0 0 0 0 0 0 0 0 0 0
0 0 0 1 0 0 0 5 0 2 0 3 0 2 0 0 0 0 0 0 2 1 0 0 0 0 0 0 0 0 0 0 0 0
1 0 0 0 1 0 0 0 0 0 0 2 0 2 0 0 0 0 0 0 2 2 0 0 0 0 0 0 0 0 0 0 0 0
0 0 0 1 0 0 0 3 0 2 0 0 4 1 0 0 0 0 0 0 3 1 0 0 0 0 0 0 0 0 0 0 0 0
0 0 0 0 1 0 1 3 1 0 0 0 1 1 0 0 0 0 0 0 2 1 0 0 0 0 0 0 0 0 0 1 0 0
1 0 0 0 1 0 0 0 0 0 0 2 0 2 0 0 0 0 0 0 2 2 0 0 0 0 0 0 0 0 0 0 0 0
1 0 0 0 1 0 0 0 0 0 0 2 0 2 0 0 0 0 0 0 2 2 0 0 0 0 0 0 0 0 0 0 0 0
0 0 0 1 0 0 0 2 2 1 0 8 0 4 0 0 0 0 0 1 3 2 0 0 0 0 0 0 0 0 0 0 0 0
1 0 0 0 0 0 0 0 1 2 0 1 0 0 0 0 0 0 0 0 1 1 0 0 0 0 0 0 0 0 0 0 0 0
0 0 0 1 2 0 0 0 0 2 1 3 0 1 0 0 0 0 0 0 4 1 0 0 0 0 0 0 0 0 0 0 0 0
0 0 0 0 1 0 0 1 0 6 1 0 1 1 0 0 0 0 0 0 3 1 0 0 0 0 0 0 0 0 0 0 1 0
0 0 0 0 3 1 0 0 0 1 1 3 0 1 0 0 0 0 0 0 4 1 0 0 0 0 0 0 0 0 0 0 0 0
1 0 0 1 1 0 0 1 0 0 0 1 0 3 0 0 0 0 0 0 2 2 0 0 0 0 0 0 0 0 0 0 0 0
0 0 0 0 0 0 0 1 1 0 0 9 0 7 0 0 0 0 0 1 3 2 0 0 0 0 0 0 0 0 0 0 0 0
1 0 0 0 1 0 0 0 0 0 0 2 0 2 0 0 0 0 0 0 2 2 0 0 0 0 0 0 0 0 0 0 0 0
0 0 0 0 0 0 0 4 5 1 0 0 2 3 0 0 0 0 0 0 3 1 0 0 0 0 0 0 0 0 0 0 0 0
0 0 0 1 0 0 0 2 1 2 0 2 0 0 0 0 0 0 0 0 2 1 0 0 0 0 0 0 0 0 0 0 0 0
0 0 0 1 3 1 0 0 0 1 1 2 0 2 0 0 0 0 0 0 4 1 0 0 0 0 0 0 0 0 0 0 0 0
0 0 0 0 6 0 0 1 0 3 2 2 0 4 0 0 0 2 0 0 3 2 0 0 0 0 0 0 0 0 0 0 0 0
0 0 0 0 3 0 0 0 1 2 0 3 0 1 0 0 0 0 0 0 4 1 0 0 0 0 0 0 0 0 0 0 0 0
1 0 0 0 1 0 0 0 2 0 0 1 0 1 0 0 0 0 0 0 2 2 0 0 0 0 0 0 0 0 0 0 0 0
0 0 0 1 0 0 0 1 1 1 0 0 0 0 0 0 0 0 0 0 1 1 0 0 0 0 0 0 0 0 0 0 0 0
0 0 0 0 2 0 0 0 1 2 1 3 0 1 0 0 0 0 0 0 4 1 0 0 0 0 0 0 0 0 0 0 0 0
1 0 0 0 1 0 0 2 0 0 0 1 0 1 0 0 0 0 0 0 2 2 0 0 0 0 0 0 0 0 0 0 0 0
0 0 0 2 3 0 0 1 2 2 0 0 0 0 0 0 0 0 1 2 4 3 0 0 0 0 0 0 0 0 0 0 0 0
1 0 0 0 1 0 0 0 0 0 0 2 0 2 0 0 0 0 0 0 2 2 0 0 0 0 0 0 0 0 0 0 0 0
0 0 0 1 3 0 0 3 0 0 0 5 0 1 0 0 0 0 0 1 2 3 0 0 0 0 0 0 0 0 0 0 0 0
0 0 0 0 2 0 0 0 0 4 0 3 0 1 0 0 0 0 0 0 4 1 0 0 0 0 0 0 0 0 0 0 0 0
0 0 0 0 0 0 0 0 1 0 0 9 0 0 0 0 0 0 0 1 2 1 0 0 0 0 0 0 0 0 0 0 0 0
0 0 0 2 2 0 0 1 2 4 1 4 0 3 0 0 0 0 0 0 3 3 0 0 0 0 0 0 0 0 0 0 0 0
0 0 0 0 0 0 0 1 0 0 0 3 0 6 0 0 0 0 0 1 2 1 0 0 0 0 0 0 0 0 0 0 0 0
1 0 0 0 1 0 0 0 0 0 0 2 0 2 0 0 0 0 0 0 2 2 0 0 0 0 0 0 0 0 0 0 0 0
1 0 0 0 1 0 0 0 0 0 0 2 0 2 0 0 0 0 0 0 2 2 0 0 0 0 0 0 0 0 0 0 0 0
0 0 0 2 2 0 0 1 0 2 0 3 0 1 0 0 0 0 0 0 4 1 0 0 0 0 0 0 0 0 0 0 0 0
0 0 0 2 6 0 0 1 0 2 3 5 0 5 0 0 0 1 0 0 3 2 0 0 0 0 0 0 0 0 0 0 0 0
0 0 0 0 5 0 0 1 2 2 1 7 0 3 0 0 0 1 0 0 3 2 0 0 0 0 0 0 0 0 0 0 0 0
1 0 0 1 1 0 0 2 0 1 0 0 1 2 0 0 0 0 0 0 2 3 0 0 0 0 0 0 0 0 0 0 0 0
0 0 0 2 0 0 0 3 3 2 0 5 0 7 0 0 0 1 0 1 4 2 0 0 0 0 0 0 0 0 0 0 0 0
0 0 0 0 0 0 0 1 0 0 0 11 0 3 0 0 0 1 0 0 3 1 0 0 0 0 0 0 0 0 0 0 0 0
0 0 0 0 4 0 0 0 0 3 1 3 0 10 0 0 0 1 0 0 4 1 0 0 0 0 0 0 0 0 0 0 0 0
0 0 0 3 2 0 0 2 0 0 0 4 0 1 0 0 0 0 0 0 2 1 0 0 0 0 0 0 0 0 0 0 0 0
0 0 0 0 2 0 0 0 1 2 0 2 0 1 0 0 0 0 0 0 4 1 0 0 0 0 0 0 0 0 0 0 0 1
0 0 0 0 0 0 1 4 4 0 0 5 0 7 0 0 0 0 0 0 3 2 0 0 0 0 0 0 0 0 0 0 0 1
0 0 0 0 2 0 0 0 1 2 1 3 0 1 0 0 0 0 0 0 4 1 0 0 0 0 0 0 0 0 0 0 0 0
1 0 0 0 1 0 0 0 0 0 0 2 0 2 0 0 0 0 0 0 2 2 0 0 0 0 0 0 0 0 0 0 0 0
1 0 0 1 1 0 0 1 0 0 0 1 0 2 0 0 0 0 0 0 2 2 0 0 0 0 0 0 0 0 0 0 0 0
0 0 0 3 0 0 0 5 0 1 0 8 0 0 0 0 0 2 0 1 4 2 0 0 0 0 0 0 0 0 0 0 0 0
0 0 0 0 0 0 0 2 2 1 0 0 2 1 0 0 0 0 0 0 1 2 0 0 0 0 0 0 0 0 0 0 0 0
0 0 0 4 2 0 0 1 1 0 0 2 0 0 0 0 0 0 0 0 2 1 0 0 0 0 0 0 0 0 0 0 0 0
0 0 0 3 0 0 0 1 1 0 0 5 0 1 0 0 0 2 0 1 2 2 0 0 0 0 0 0 0 0 0 0 0 0
0 0 0 0 3 1 0 0 0 1 1 3 0 1 0 0 0 0 0 0 4 1 0 0 0 0 0 0 0 0 0 0 0 0
0 0 0 0 4 1 0 1 0 1 1 2 0 2 0 0 0 0 0 0 4 1 0 0 0 0 0 0 0 0 0 0 0 0
0 0 0 0 0 0 0 0 1 0 0 10 0 8 0 0 0 0 0 0 3 2 0 0 0 0 0 0 0 0 0 0 0 0
1 0 0 0 1 0 0 0 0 0 0 2 0 2 0 0 0 0 0 0 2 2 0 0 0 0 0 0 0 0 0 0 0 0
1 0 0 1 1 0 0 1 0 0 0 1 0 2 0 0 0 0 0 0 2 2 0 0 0 0 0 0 0 0 0 0 0 0
1 0 0 0 1 0 0 0 0 2 0 2 0 2 0 0 0 0 0 0 2 2 0 0 0 0 0 0 0 0 0 0 0 0
0 0 0 1 0 0 0 3 0 4 0 0 2 2 0 0 0 0 0 0 3 1 0 0 0 0 0 0 0 0 0 0 0 0
1 0 0 0 1 0 0 0 0 0 0 2 0 2 0 0 0 0 0 0 2 2 0 0 0 0 0 0 0 0 0 0 0 0
1 0 0 1 1 0 0 2 0 0 0 0 1 1 0 0 0 0 0 0 2 2 0 0 0 0 0 0 0 0 0 0 0 0
0 0 0 0 0 0 2 3 3 0 0 2 3 1 0 0 0 0 0 0 2 3 0 0 0 0 0 0 0 0 0 0 0 0
0 0 0 0 0 0 0 1 6 1 0 0 1 1 0 0 0 0 0 0 2 1 0 0 0 0 0 0 0 0 0 0 0 0
0 0 0 0 2 0 0 0 1 2 1 3 0 1 0 0 0 0 0 0 4 1 0 0 0 0 0 0 0 0 0 0 0 0
0 0 0 2 2 0 0 1 0 0 2 3 0 1 0 0 0 0 0 0 4 1 0 0 0 0 0 0 0 0 0 0 0 0
0 0 0 1 1 0 0 2 1 1 0 0 0 0 0 0 0 1 0 0 2 1 0 0 0 0 0 0 0 0 0 1 0 0
0 0 0 0 3 0 0 0 1 1 1 3 0 1 0 0 0 0 0 0 4 1 0 0 0 0 0 0 0 0 0 0 0 0
1 1 0 1 1 0 0 2 0 0 0 0 1 1 0 0 0 0 0 0 3 1 0 0 0 0 0 0 0 0 0 1 0 0
0 0 0 1 3 1 0 1 0 1 1 2 0 2 0 0 0 0 0 0 4 1 0 0 0 0 0 0 0 0 0 0 0 0
0 0 0 0 1 0 0 2 0 2 0 0 0 0 0 0 0 0 0 0 1 1 0 0 0 0 0 0 0 0 0 0 0 0
0 0 0 1 2 0 0 0 0 0 0 8 0 7 0 0 0 0 0 1 3 2 0 0 0 0 0 0 0 0 0 0 0 0
0 0 0 0 0 0 0 1 0 1 0 1 1 1 0 0 0 1 0 0 1 1 0 0 0 0 0 0 0 0 0 0 0 0
0 0 0 2 2 1 0 1 1 1 1 2 0 1 0 0 0 0 0 0 4 1 0 0 0 0 0 0 0 0 0 0 0 0
0 0 0 1 0 0 0 5 1 0 0 5 0 0 0 0 0 0 0 0 2 1 0 0 0 0 0 0 0 0 0 0 0 0
1 0 0 0 1 0 0 0 0 2 0 2 0 2 0 0 0 0 0 0 2 2 0 0 0 0 0 0 0 0 0 0 0 0
0 0 0 0 0 0 0 3 11 3 0 0 1 7 0 0 0 0 0 0 2 2 0 0 0 0 0 0 0 0 0 0 0 0
0 0 0 1 3 0 0 2 3 2 1 0 0 0 0 0 0 0 0 1 2 3 0 0 0 0 0 0 0 0 0 0 0 0
0 0 0 1 0 0 0 5 1 0 0 6 0 6 0 0 0 1 0 1 3 3 0 0 0 0 0 0 0 0 0 0 0 0
1 0 0 0 1 0 0 0 0 0 0 2 0 2 0 0 0 0 0 0 2 2 0 0 0 0 0 0 0 0 0 0 0 0
0 0 0 0 6 0 0 2 0 0 2 1 0 2 0 0 0 0 0 0 2 1 0 0 0 0 0 0 0 0 0 0 0 0
0 0 0 2 0 0 0 2 1 0 0 13 0 1 0 0 0 1 0 2 3 2 0 0 0 0 0 0 0 0 0 0 0 0
0 0 0 2 0 0 0 0 0 0 0 9 0 0 0 0 0 0 0 0 2 1 0 0 0 0 0 0 0 0 0 0 0 0
0 0 0 2 2 0 0 1 0 2 0 3 0 1 0 0 0 0 0 0 4 1 0 0 0 0 0 0 0 0 0 0 0 0
1 0 0 0 0 0 0 0 0 1 0 3 0 2 0 0 0 1 0 0 1 3 0 0 0 0 0 0 0 0 0 0 0 0
0 0 0 0 0 0 0 0 1 3 0 4 0 0 0 0 0 0 0 0 2 2 0 0 0 0 0 0 0 0 0 0 0 0
0 0 0 2 0 1 0 1 0 2 1 31 0 32 0 0 0 1 0 0 1 33 0 0 0 0 0 0 0 0 0 0 0 0
0 0 0 0 3 1 0 0 0 1 1 3 0 1 0 0 0 0 0 0 4 1 0 0 0 0 0 0 0 0 0 0 0 0
0 0 0 0 1 0 0 1 3 1 0 0 1 2 0 1 0 0 0 0 2 2 0 0 0 0 0 0 0 0 0 0 0 0
1 0 0 0 1 0 0 0 0 0 0 2 0 2 0 0 0 0 0 0 2 2 0 0 0 0 0 0 0 0 0 0 0 0
0 0 0 1 0 0 0 1 1 2 0 0 1 0 0 0 0 0 0 0 1 1 0 0 0 0 0 0 0 0 0 0 0 0
0 0 0 1 2 0 0 0 0 1 1 7 0 6 0 0 0 0 0 1 3 2 0 0 0 0 0 0 0 0 0 0 0 1
0 0 0 1 0 0 1 3 0 0 0 4 0 0 0 0 0 0 0 0 2 1 0 0 0 0 0 0 0 0 0 0 0 0
1 1 0 1 1 0 0 2 0 1 0 0 0 1 0 0 0 0 0 0 3 1 0 0 0 0 0 0 0 0 0 1 0 0
0 0 0 0 2 0 0 2 0 3 0 0 0 2 0 0 0 2 0 0 2 1 0 0 0 0 0 0 0 0 0 0 0 0
0 0 0 1 2 0 0 0 0 1 1 3 0 2 0 0 0 0 0 0 4 1 0 0 0 0 0 0 0 0 0 0 0 0
1 0 0 0 1 0 0 0 0 0 0 0 0 1 0 0 0 0 0 0 2 1 0 0 0 0 0 0 0 0 0 0 0 1
1 0 0 0 1 0 0 0 0 0 0 2 0 2 0 0 0 0 0 0 2 2 0 0 0 0 0 0 0 0 0 0 0 0
0 0 0 0 4 1 0 1 0 1 1 1 0 1 0 0 0 0 0 1 4 2 0 0 0 0 0 0 0 0 0 0 0 0
0 0 0 0 0 0 0 6 1 0 0 3 0 1 0 0 0 0 0 0 2 1 0 0 0 0 0 0 0 0 0 0 0 0
1 0 0 0 1 0 0 0 0 0 0 2 0 2 0 0 0 0 0 0 2 2 0 0 0 0 0 0 0 0 0 0 0 0
0 0 0 0 1 0 0 1 0 5 0 0 0 1 0 0 0 0 0 0 2 1 0 0 0 0 0 0 0 0 0 1 0 0
0 0 0 2 0 0 0 0 0 2 1 2 0 3 0 0 0 1 0 0 2 1 0 0 0 0 0 0 0 0 0 0 0 0
0 0 0 0 1 0 0 3 0 0 0 8 0 1 0 0 0 0 0 0 2 1 0 0 0 0 0 0 0 0 0 0 0 0
1 0 0 0 1 0 0 0 0 2 0 2 0 2 0 0 0 0 0 0 2 2 0 0 0 0 0 0 0 0 0 0 0 0
0 0 0 2 1 0 0 1 1 1 1 0 0 1 0 0 0 2 0 0 3 1 0 0 0 0 0 0 0 0 0 1 0 0
0 0 0 3 1 0 0 3 0 1 0 2 0 3 0 0 0 0 0 0 2 1 0 0 0 0 0 0 0 0 0 0 0 0
0 0 0 1 4 0 0 0 0 0 0 3 0 4 0 0 0 0 0 1 2 2 0 0 0 0 0 0 0 0 0 0 0 0
1 0 0 0 1 0 0 0 0 0 0 2 0 2 0 0 0 0 0 0 2 2 0 0 0 0 0 0 0 0 0 0 0 0
0 0 0 1 0 0 0 2 1 1 1 0 1 2 0 0 0 0 0 0 1 2 0 0 0 0 0 0 0 0 0 0 0 0
0 0 0 0 3 0 0 0 1 4 2 7 0 2 0 0 0 0 0 0 3 2 0 0 0 0 0 0 0 0 0 0 0 0
0 0 0 0 1 0 1 2 0 0 0 0 0 0 0 0 0 0 0 0 2 1 0 0 0 0 0 0 0 0 0 1 0 0
0 0 0 3 0 0 0 3 0 0 0 6 0 11 0 0 0 0 0 0 3 4 0 0 0 0 0 0 0 0 0 0 0 0
0 0 0 1 1 1 0 0 0 3 0 0 0 65 0 0 0 1 0 0 2 1 0 0 0 0 0 0 0 0 0 0 0 0
0 0 0 1 3 0 0 4 0 0 0 14 0 2 0 0 0 0 0 1 3 4 0 0 0 0 0 0 0 0 0 0 0 0
0 0 0 2 2 0 0 1 0 1 0 6 0 0 0 0 0 1 0 0 2 1 0 0 0 0 0 0 0 0 0 0 0 0
1 0 0 0 1 0 0 0 0 0 0 2 0 2 0 0 0 0 0 0 2 2 0 0 0 0 0 0 0 0 0 0 0 0
0 0 0 1 3 0 0 0 1 1 1 3 0 2 0 0 0 0 0 0 2 1 0 0 0 0 0 0 0 0 0 0 0 0
0 0 0 0 0 0 0 0 1 3 0 4 0 0 0 0 0 0 0 0 2 2 0 0 0 0 0 0 0 0 0 0 0 0
0 0 0 1 2 0 0 0 0 2 1 3 0 1 0 0 0 0 0 0 4 1 0 0 0 0 0 0 0 0 0 0 0 0
0 0 0 3 2 0 0 2 0 0 2 2 0 2 0 0 0 0 0 0 4 1 0 0 0 0 0 0 0 0 0 0 0 0
0 0 0 3 0 0 0 2 0 1 0 13 0 4 0 0 0 0 0 0 3 2 0 0 0 0 0 0 0 0 0 0 0 1
1 0 0 0 1 0 0 0 0 2 0 2 0 2 0 0 0 0 0 0 2 2 0 0 0 0 0 0 0 0 0 0 0 0
0 0 0 1 0 0 0 2 1 1 0 0 2 2 0 0 0 0 0 0 1 2 0 0 0 0 0 0 0 0 0 0 0 0
0 0 0 3 0 0 0 4 0 1 0 1 1 2 0 0 0 0 0 1 2 3 0 0 0 0 0 0 0 0 0 0 0 0
1 0 0 0 1 0 0 0 0 0 0 2 0 2 0 0 0 0 0 0 2 2 0 0 0 0 0 0 0 0 0 0 0 0
1 0 0 0 1 0 0 0 2 0 0 1 0 1 0 0 0 0 0 0 2 2 0 0 0 0 0 0 0 0 0 0 0 0
0 0 0 3 4 0 0 1 0 0 1 1 0 2 0 0 0 1 0 1 4 1 0 0 0 0 0 0 0 0 0 0 0 0
0 0 0 0 3 0 0 0 0 3 1 3 0 1 0 0 0 0 0 0 4 1 0 0 0 0 0 0 0 0 0 0 0 0
1 0 0 0 1 0 0 0 0 0 0 2 0 2 0 0 0 0 0 0 2 2 0 0 0 0 0 0 0 0 0 0 0 0
0 0 0 0 2 1 0 0 0 2 0 3 0 1 0 0 0 0 0 0 4 1 0 0 0 0 0 0 0 0 0 0 0 0
0 0 0 3 0 0 0 2 1 0 0 5 0 1 0 0 0 2 0 0 2 2 0 0 0 0 0 0 0 0 0 0 0 0
0 0 0 1 0 0 0 2 2 0 0 8 0 7 0 0 0 0 0 1 3 2 0 0 0 0 0 0 0 0 0 0 0 0
0 0 0 3 0 0 0 3 1 0 0 6 0 10 0 0 0 0 0 1 3 2 0 0 0 0 0 0 0 0 0 0 0 0
0 0 0 0 2 0 0 1 1 3 1 3 0 1 0 0 0 0 0 1 3 1 0 0 0 0 0 0 0 0 0 0 0 0
0 0 0 0 6 0 0 1 0 2 3 7 0 3 0 0 0 0 0 0 3 2 0 0 0 0 0 0 0 0 0 0 0 0
0 0 0 0 6 0 0 2 0 2 2 7 0 3 0 0 0 0 0 0 3 2 0 0 0 0 0 0 0 0 0 0 0 0
0 0 0 0 1 0 0 1 1 1 0 4 0 2 0 0 0 0 0 0 3 1 0 0 0 0 0 0 0 0 0 1 0 0
1 0 0 0 1 0 0 0 0 0 0 2 0 2 0 0 0 0 0 0 2 2 0 0 0 0 0 0 0 0 0 0 0 0
0 0 0 3 0 0 0 2 2 1 0 7 0 8 0 0 0 0 0 1 3 2 0 0 0 0 0 0 0 0 0 0 0 0
1 0 0 0 2 0 0 0 0 0 0 1 0 2 0 0 0 1 0 0 2 2 0 0 0 0 0 0 0 0 0 0 0 0
0 0 0 0 3 0 0 3 0 2 1 0 0 3 0 0 0 0 0 0 2 1 0 0 0 0 0 0 0 0 0 0 0 0
0 0 0 1 0 0 0 1 1 5 0 0 1 1 0 0 0 0 0 0 3 1 0 0 0 0 0 0 0 0 0 1 0 0
1 0 0 0 1 0 0 0 0 0 0 2 0 2 0 0 0 0 0 0 2 2 0 0 0 0 0 0 0 0 0 0 0 0
0 0 0 0 3 0 0 0 1 1 1 3 0 1 0 0 0 0 0 0 4 1 0 0 0 0 0 0 0 0 0 0 0 0
0 0 0 1 2 0 0 3 0 0 1 3 0 1 0 0 0 0 0 0 4 1 0 0 0 0 0 0 0 0 0 0 0 0
1 0 0 0 0 0 0 2 2 1 0 0 2 1 0 0 0 0 0 0 2 3 0 0 0 0 0 0 0 0 0 0 0 0
0 0 0 1 1 0 0 2 1 1 0 1 0 0 0 0 0 0 0 0 2 1 0 0 0 0 0 0 0 0 0 1 0 0
0 0 0 2 0 1 0 2 1 1 0 0 0 0 0 0 0 0 0 1 2 1 0 0 0 0 0 0 0 0 0 0 0 0
0 0 0 0 0 0 1 1 3 2 0 4 1 1 0 0 0 0 0 0 2 2 0 0 0 0 0 0 0 0 0 0 0 0
0 0 0 0 0 0 0 0 0 1 1 0 1 2 0 0 0 0 0 0 1 1 0 0 0 0 0 0 0 0 0 0 0 0
1 1 0 1 1 0 0 2 0 0 0 0 1 1 0 0 0 0 0 0 3 1 0 0 0 0 0 0 0 0 0 1 0 0
0 0 0 0 2 0 0 1 0 2 1 3 0 1 0 0 0 0 0 0 4 1 0 0 0 0 0 0 0 0 0 0 0 0
0 0 0 2 3 0 0 2 1 2 0 0 0 1 0 0 0 0 0 0 4 2 0 0 0 0 0 0 0 0 0 0 0 0
0 0 0 0 4 0 0 1 1 1 2 1 0 2 0 0 0 0 0 1 2 1 0 0 0 0 0 0 0 0 0 0 0 0
1 0 0 0 1 0 0 0 0 0 0 2 0 2 0 0 0 0 0 0 2 2 0 0 0 0 0 0 0 0 0 0 0 0
1 0 0 1 1 0 0 0 0 0 0 1 0 2 0 0 0 0 0 1 2 2 0 0 0 0 0 0 0 0 0 0 0 0
0 0 0 0 2 0 0 0 1 2 0 2 0 1 0 0 0 0 0 0 4 1 0 0 0 0 0 0 0 0 0 0 0 1
0 0 0 1 0 0 0 3 0 0 0 8 0 1 0 0 0 0 0 0 2 1 0 0 0 0 0 0 0 0 0 0 0 0
1 0 0 0 1 0 0 0 0 0 0 2 0 2 0 0 0 0 0 0 2 2 0 0 0 0 0 0 0 0 0 0 0 0
0 0 0 0 2 0 0 0 1 2 1 3 0 1 0 0 0 0 0 0 4 1 0 0 0 0 0 0 0 0 0 0 0 0
1 0 0 0 1 0 0 0 0 0 0 2 0 2 0 0 0 0 0 0 2 2 0 0 0 0 0 0 0 0 0 0 0 0
0 0 0 0 4 0 0 2 0 0 2 1 0 4 0 0 0 0 0 0 2 1 0 0 0 0 0 0 0 0 0 0 0 0
0 0 0 1 0 0 0 0 0 3 0 0 2 1 0 0 0 0 0 0 1 1 0 0 0 0 0 0 0 0 0 0 0 0
0 0 0 2 2 0 0 1 1 0 0 4 0 0 0 0 0 0 0 1 2 1 0 0 0 0 0 0 0 0 0 0 0 0
1 0 0 0 2 0 0 0 0 0 0 1 0 2 0 0 0 0 0 1 2 2 0 0 0 0 0 0 0 0 0 0 0 0
0 0 0 0 2 0 0 1 1 1 2 1 0 1 0 0 0 0 0 1 2 1 0 0 0 0 0 0 0 0 0 0 0 0
0 0 0 1 0 0 0 3 2 1 0 13 0 1 0 0 0 1 0 0 3 2 0 0 0 0 0 0 0 0 0 0 0 1
0 0 0 0 3 0 0 0 0 3 0 3 0 1 0 0 0 0 0 0 4 1 0 0 0 0 0 0 0 0 0 0 0 0
1 0 0 0 1 0 0 0 0 0 0 2 0 2 0 0 0 0 0 0 2 2 0 0 0 0 0 0 0 0 0 0 0 0
1 1 0 2 0 0 0 2 0 0 0 0 2 0 0 0 0 0 0 0 3 1 0 0 0 0 0 0 0 0 0 1 0 0
1 0 0 1 0 0 0 2 1 0 0 0 0 1 0 0 0 0 0 0 2 1 0 0 0 0 0 0 0 0 0 0 0 0
0 0 0 1 4 0 0 1 2 1 1 2 0 2 0 0 0 0 0 0 2 1 0 0 0 0 0 0 0 0 0 0 0 0
0 0 0 0 0 0 0 2 0 1 0 9 0 6 0 0 0 0 0 0 3 2 0 0 0 0 0 0 0 0 0 0 0 0
0 0 0 1 0 0 0 1 1 3 0 0 2 0 0 0 0 0 0 0 3 1 0 0 0 0 0 0 0 0 0 1 0 0
1 0 0 0 1 0 0 0 0 0 0 2 0 2 0 0 0 0 0 0 2 2 0 0 0 0 0 0 0 0 0 0 0 0
1 0 0 0 1 0 0 0 0 0 0 2 0 2 0 0 0 0 0 0 2 2 0 0 0 0 0 0 0 0 0 0 0 0
1 0 0 0 1 0 0 0 0 0 0 2 0 2 0 0 0 0 0 0 2 2 0 0 0 0 0 0 0 0 0 0 0 0
1 0 0 1 1 0 0 1 1 0 0 0 0 2 0 0 0 0 0 0 2 2 0 0 0 0 0 0 0 0 0 0 0 1
0 0 0 0 0 0 0 0 1 3 0 4 0 0 0 0 0 0 0 0 2 2 0 0 0 0 0 0 0 0 0 0 0 0
0 0 0 1 2 0 0 0 0 1 1 3 0 2 0 0 0 0 0 0 4 1 0 0 0 0 0 0 0 0 0 0 0 0
0 0 0 0 0 0 0 1 1 3 0 0 1 0 0 0 0 2 0 0 1 1 0 0 0 0 0 0 0 0 0 0 0 0
0 0 0 2 1 0 0 2 0 0 0 14 0 2 0 0 0 0 0 0 3 3 0 0 0 0 0 0 0 0 0 0 0 0
0 0 0 0 2 0 0 2 0 2 0 2 0 0 0 0 0 0 0 0 2 1 0 0 0 0 0 0 0 0 0 0 0 0
0 0 0 0 0 0 0 2 4 2 0 0 2 0 0 0 0 0 0 0 2 2 0 0 0 0 0 0 0 0 0 0 0 0
1 0 0 0 1 0 0 0 0 0 0 2 0 2 0 0 0 0 0 0 2 2 0 0 0 0 0 0 0 0 0 0 0 0
0 0 0 2 0 0 0 1 1 0 0 7 0 9 0 0 0 1 0 0 3 2 0 0 0 0 0 0 0 0 0 0 0 1
0 0 0 0 3 1 0 0 0 1 1 3 0 1 0 0 0 0 0 0 4 1 0 0 0 0 0 0 0 0 0 0 0 0
0 0 0 0 4 0 0 1 1 4 0 0 0 1 0 0 0 0 0 2 4 3 0 0 0 0 0 0 0 0 0 0 0 0
0 0 0 1 1 0 0 1 0 3 0 0 0 0 0 0 0 1 0 0 2 1 0 0 0 0 0 0 0 0 0 0 0 0
0 0 0 1 0 0 0 4 1 1 0 0 5 2 0 0 0 0 0 0 3 1 0 0 0 0 0 0 0 0 0 0 0 0
0 0 0 2 3 0 1 0 0 1 0 3 0 1 0 0 0 0 0 0 4 1 0 0 0 0 0 0 0 0 0 0 0 0
1 0 0 0 1 0 0 0 0 0 0 2 0 2 0 0 0 0 0 0 2 2 0 0 0 0 0 0 0 0 0 0 0 0
1 0 0 0 1 0 0 0 2 0 0 1 0 1 0 0 0 0 0 0 2 2 0 0 0 0 0 0 0 0 0 0 0 0
0 0 0 3 0 0 0 1 0 1 0 8 0 7 0 0 0 0 0 0 3 2 0 0 0 0 0 0 0 0 0 0 0 0
0 0 0 2 0 0 0 1 0 0 0 8 0 10 0 0 0 0 0 1 3 2 0 0 0 0 0 0 0 0 0 0 0 0
1 0 0 0 1 0 0 0 0 0 0 2 0 2 0 0 0 0 0 0 2 2 0 0 0 0 0 0 0 0 0 0 0 0
0 0 0 6 0 0 0 1 0 0 0 8 0 2 0 0 0 4 0 0 3 3 0 0 0 0 0 0 0 0 0 0 0 0
1 0 0 0 1 0 0 0 0 0 0 2 0 2 0 0 0 0 0 0 2 2 0 0 0 0 0 0 0 0 0 0 0 0
1 0 0 0 1 0 0 0 0 0 0 2 0 2 0 0 0 0 0 0 2 2 0 0 0 0 0 0 0 0 0 0 0 0
0 0 0 1 2 1 0 0 0 1 1 3 0 1 0 0 0 0 0 0 4 1 0 0 0 0 0 0 0 0 0 0 0 0
0 0 0 3 0 0 0 2 0 0 0 9 0 7 0 0 0 1 0 1 3 2 0 0 0 0 0 0 0 0 0 0 0 1
0 0 0 0 2 0 0 1 0 0 3 3 0 1 0 0 0 0 0 0 4 1 0 0 0 0 0 0 0 0 0 0 0 0
0 0 0 1 4 0 0 1 0 0 1 3 0 1 0 0 0 0 0 0 4 1 0 0 0 0 0 0 0 0 0 0 0 0
0 0 0 1 1 0 0 3 1 0 0 3 0 2 0 0 0 1 0 0 2 1 0 0 0 0 0 0 0 0 0 0 0 0
1 0 0 0 1 0 0 0 0 0 0 2 0 2 0 0 0 0 0 0 2 2 0 0 0 0 0 0 0 0 0 0 0 0
0 0 0 3 0 0 0 6 0 0 1 1 1 1 0 0 0 0 0 0 2 2 0 0 0 0 0 0 0 0 0 0 0 0
0 0 0 1 4 0 0 0 1 1 1 2 0 3 0 0 0 0 0 0 2 1 0 0 0 0 0 0 0 0 0 0 0 0
0 0 0 2 2 0 0 0 0 1 1 3 0 3 0 0 0 0 0 0 2 1 0 0 0 0 0 0 0 0 0 0 0 0
0 0 0 0 1 0 0 4 0 2 0 1 0 2 0 0 0 0 0 0 2 1 0 0 0 0 0 0 0 0 0 0 0 0
0 0 0 1 1 0 0 4 0 1 0 5 0 2 0 0 0 1 0 0 3 1 0 0 0 0 0 0 0 0 0 0 0 0
0 0 0 1 0 1 1 2 1 1 0 0 1 1 0 0 0 0 0 0 2 1 0 0 0 0 0 0 0 0 0 0 0 0
0 0 0 3 2 0 0 1 0 1 0 3 0 1 0 0 0 0 0 0 4 1 0 0 0 0 0 0 0 0 0 0 0 0
0 0 0 1 0 0 0 1 1 3 0 2 0 1 0 0 0 0 0 0 1 1 0 0 0 0 0 0 0 0 0 0 0 0
1 0 0 1 1 0 0 2 0 0 0 1 0 2 0 0 0 0 0 0 2 2 0 0 0 0 0 0 0 0 0 0 0 0
0 0 0 1 4 0 0 1 0 0 1 3 0 1 0 0 0 0 0 0 4 1 0 0 0 0 0 0 0 0 0 0 0 0
0 0 0 1 0 0 0 1 0 1 0 0 1 0 0 0 0 0 0 0 1 1 0 0 0 0 0 0 0 0 0 0 0 0
0 0 0 2 0 0 0 3 3 1 0 4 0 2 0 0 0 2 0 1 3 2 0 0 0 0 0 0 0 0 0 0 0 0
1 0 0 0 1 0 0 0 0 0 0 2 0 2 0 0 0 0 0 0 2 2 0 0 0 0 0 0 0 0 0 0 0 0
0 0 0 0 2 0 0 0 2 6 0 7 0 1 0 0 0 0 0 0 3 2 0 0 0 0 0 0 0 0 0 0 0 0
0 0 0 0 0 0 1 0 0 4 0 0 2 1 0 0 0 0 0 0 1 1 0 0 0 0 0 0 0 0 0 0 0 0
0 0 0 1 5 0 0 2 0 0 1 2 0 2 0 0 0 0 0 0 4 1 0 0 0 0 0 0 0 0 0 0 0 0
0 0 0 0 0 0 0 4 5 0 0 0 2 3 0 0 0 0 0 0 3 1 0 0 0 0 0 0 0 0 0 0 0 0
0 0 0 3 2 0 0 4 1 0 1 0 0 1 0 0 0 0 0 2 4 3 0 0 0 0 0 0 0 0 0 0 0 0
0 0 0 1 0 0 0 0 0 0 0 8 0 2 0 0 0 4 0 1 3 2 0 0 0 0 0 0 0 0 0 0 0 1
0 0 0 1 5 0 0 2 0 0 1 2 0 2 0 0 0 0 0 0 4 1 0 0 0 0 0 0 0 0 0 0 0 0
1 0 0 1 2 0 0 0 0 0 0 0 0 2 0 0 0 1 0 1 2 2 0 0 0 0 0 0 0 0 0 0 0 0
1 0 0 0 1 0 0 0 0 0 0 2 0 2 0 0 0 0 0 0 2 2 0 0 0 0 0 0 0 0 0 0 0 0
1 0 0 0 2 0 0 1 1 0 0 1 0 2 0 0 0 0 0 0 2 2 0 0 0 0 0 0 0 0 0 0 0 0
0 0 0 1 4 0 0 1 0 0 1 3 0 1 0 0 0 0 0 0 4 1 0 0 0 0 0 0 0 0 0 0 0 0
0 0 0 0 2 0 0 1 0 2 1 0 0 1 0 0 0 1 0 0 1 1 0 0 0 0 0 0 0 0 0 0 0 0
1 0 0 0 1 0 0 0 0 0 0 2 0 2 0 0 0 0 0 0 2 2 0 0 0 0 0 0 0 0 0 0 0 0
0 0 0 2 0 0 0 0 2 0 0 3 0 4 0 0 0 0 0 0 2 1 0 0 0 0 0 0 0 0 0 0 0 0
0 0 0 3 1 0 0 3 1 3 1 0 0 1 0 0 0 0 0 0 3 2 0 0 0 0 0 0 0 0 0 0 0 0
0 0 0 2 4 0 0 1 0 0 1 1 0 2 0 0 0 1 0 0 4 1 0 0 0 0 0 0 0 0 0 0 0 1
1 0 0 1 1 0 0 1 0 1 0 1 0 2 0 0 0 0 0 0 2 2 0 0 0 0 0 0 0 0 0 0 0 0
0 0 0 1 0 0 0 0 0 0 0 18 0 1 0 0 0 0 0 0 3 2 0 0 0 0 0 0 0 0 0 0 0 0
1 0 0 0 1 0 0 0 0 0 0 2 0 2 0 0 0 0 0 0 2 2 0 0 0 0 0 0 0 0 0 0 0 0
0 0 0 3 0 0 0 1 0 0 0 8 0 1 0 0 0 0 0 0 2 1 0 0 0 0 0 0 0 0 0 0 0 0
0 0 0 5 0 0 0 3 0 0 0 5 0 1 0 0 0 0 0 0 2 3 0 0 0 0 0 0 0 0 0 0 0 0
0 0 0 1 0 0 0 2 1 2 0 2 0 0 0 0 0 0 0 0 2 1 0 0 0 0 0 0 0 0 0 0 0 0
0 0 0 2 2 0 0 1 0 2 0 3 0 1 0 0 0 0 0 0 4 1 0 0 0 0 0 0 0 0 0 0 0 0
1 0 0 1 0 0 0 1 1 1 0 2 0 2 0 0 0 1 0 0 1 3 0 0 0 0 0 0 0 0 0 0 0 0
0 0 0 4 0 0 0 2 3 1 0 3 0 3 0 0 0 0 0 0 2 2 0 0 0 0 0 0 0 0 0 0 0 0
0 0 0 2 0 0 0 0 0 0 0 8 0 10 0 0 0 3 0 0 3 4 0 0 0 0 0 0 0 0 0 0 0 0
1 0 0 0 1 0 0 0 0 0 0 1 0 2 0 0 0 0 0 0 2 2 0 0 0 0 0 0 0 0 0 0 0 1
0 0 0 1 2 1 0 0 0 1 1 3 0 1 0 0 0 0 0 0 4 1 0 0 0 0 0 0 0 0 0 0 0 0
0 0 0 0 0 0 0 7 5 2 0 0 3 1 0 0 0 0 0 0 2 4 0 0 0 0 0 0 0 0 0 0 0 0
0 0 0 2 0 0 0 5 1 0 0 2 0 1 0 0 0 0 0 0 2 1 0 0 0 0 0 0 0 0 0 0 0 0
1 0 0 0 1 2 1 1 1 3 0 0 0 1 0 0 0 0 0 0 4 2 0 0 0 0 0 0 0 0 0 0 0 0
1 0 0 0 1 0 0 0 0 0 0 2 0 2 0 0 0 0 0 0 2 2 0 0 0 0 0 0 0 0 0 0 0 0
1 0 0 0 1 0 0 0 0 0 0 2 0 2 0 0 0 0 0 0 2 2 0 0 0 0 0 0 0 0 0 0 0 0
0 0 0 1 1 0 1 5 0 1 0 12 0 3 0 0 0 1 0 0 3 3 0 0 0 0 0 0 0 0 0 0 0 0
0 0 0 0 0 0 0 2 2 0 0 12 0 1 0 0 0 2 0 0 3 2 0 0 0 0 0 0 0 0 0 0 0 0
0 0 0 0 6 0 0 0 0 4 2 7 0 3 0 0 0 0 0 0 3 2 0 0 0 0 0 0 0 0 0 0 0 0
0 0 0 1 0 0 0 3 1 2 0 1 0 0 0 0 0 0 0 0 2 1 0 0 0 0 0 0 0 0 0 0 0 0
0 0 0 1 1 0 1 1 0 2 0 1 2 1 0 0 0 0 0 0 3 1 0 0 0 0 0 0 0 0 0 0 0 0
0 0 0 0 0 0 0 2 1 0 0 3 0 5 0 0 0 0 0 0 2 1 0 0 0 0 0 0 0 0 0 0 0 0
1 0 0 0 0 0 0 0 1 1 0 1 0 0 0 0 0 0 0 0 1 1 0 0 0 0 0 0 0 0 0 0 0 0
0 0 0 0 0 0 1 3 4 1 0 2 2 0 0 0 0 0 0 0 2 2 0 0 0 0 0 0 0 0 0 0 0 0
0 0 0 2 0 0 0 0 0 0 0 9 0 0 0 0 0 0 0 0 2 1 0 0 0 0 0 0 0 0 0 0 0 0
0 0 0 1 2 1 0 0 0 1 1 3 0 1 0 0 0 0 0 0 4 1 0 0 0 0 0 0 0 0 0 0 0 0
0 0 0 1 2 1 0 0 0 1 1 3 0 1 0 0 0 0 0 0 4 1 0 0 0 0 0 0 0 0 0 0 0 0
0 0 0 2 1 0 0 0 0 1 0 2 0 5 0 0 0 0 0 1 2 1 0 0 0 0 0 0 0 0 0 0 0 1
0 0 0 5 0 0 1 2 1 1 1 1 1 0 0 0 0 1 0 0 3 1 0 0 0 0 0 0 0 0 0 0 0 0
0 0 0 1 3 0 0 2 0 4 1 2 0 1 0 0 0 0 0 0 4 1 0 0 0 0 0 0 0 0 0 0 0 0
0 0 0 1 6 0 0 2 0 2 1 7 0 3 0 0 0 0 0 0 3 2 0 0 0 0 0 0 0 0 0 0 0 0
0 0 0 2 2 0 0 1 0 0 2 3 0 1 0 0 0 0 0 0 4 1 0 0 0 0 0 0 0 0 0 0 0 0
0 0 0 0 2 0 0 2 1 1 1 3 0 2 0 0 0 0 0 0 4 1 0 0 0 0 0 0 0 0 0 0 0 0
0 0 0 1 2 1 0 0 0 1 1 3 0 1 0 0 0 0 0 0 4 1 0 0 0 0 0 0 0 0 0 0 0 0
0 0 0 1 0 0 0 2 1 0 0 6 2 2 0 0 0 0 0 0 3 2 0 0 0 0 0 0 0 0 0 0 0 0
0 0 0 3 3 0 0 4 0 0 0 10 0 2 0 0 0 0 0 1 3 5 0 0 0 0 0 0 0 0 0 0 0 0
1 0 0 1 1 0 0 0 0 0 0 1 0 3 0 0 0 0 0 0 2 2 0 0 0 0 0 0 0 0 0 0 0 0
0 0 0 2 2 0 0 4 0 1 0 0 2 2 0 0 0 0 0 0 2 2 0 0 0 0 0 0 0 0 0 0 0 0
0 0 0 0 6 0 0 1 0 2 3 7 0 3 0 0 0 0 0 0 3 2 0 0 0 0 0 0 0 0 0 0 0 0
1 1 0 0 2 0 0 2 0 0 0 0 0 2 0 0 0 0 0 0 3 1 0 0 0 0 0 0 0 0 0 1 0 0
1 0 0 0 2 0 0 1 0 0 0 1 0 2 0 0 0 0 0 0 2 2 0 0 0 0 0 0 0 0 0 0 0 0
1 0 0 0 0 0 0 0 1 2 0 1 0 0 0 0 0 0 0 0 1 1 0 0 0 0 0 0 0 0 0 0 0 0
0 0 0 1 0 1 1 2 1 0 0 2 1 0 0 0 0 0 0 0 2 1 0 0 0 0 0 0 0 0 0 0 0 0
0 0 0 2 0 1 0 1 3 0 0 1 1 0 0 0 0 0 0 0 2 1 0 0 0 0 0 0 0 0 0 0 0 0
0 0 0 3 0 0 0 4 0 1 0 1 1 1 0 0 0 0 0 0 2 2 0 0 0 0 0 0 0 0 0 0 0 0
0 0 0 1 0 0 1 2 0 0 0 4 3 1 0 1 0 0 0 0 3 1 0 0 0 0 0 0 0 0 0 0 0 0
0 0 0 1 3 0 0 1 1 4 1 2 0 1 0 0 0 0 0 0 4 1 0 0 0 0 0 0 0 0 0 0 0 0
0 0 0 1 0 0 0 2 0 0 0 6 0 2 0 0 0 0 0 1 2 2 0 0 0 0 0 0 0 0 0 0 0 0
0 0 0 2 0 0 0 2 0 0 0 5 0 1 0 0 0 0 0 0 2 1 0 0 0 0 0 0 0 0 0 0 0 0
1 0 0 0 1 0 0 0 0 0 0 2 0 2 0 0 0 0 0 0 2 2 0 0 0 0 0 0 0 0 0 0 0 0
1 0 0 0 1 0 0 0 0 0 0 2 0 2 0 0 0 0 0 0 2 2 0 0 0 0 0 0 0 0 0 0 0 0
0 0 0 2 0 0 0 2 0 0 0 15 0 2 0 0 0 0 0 1 3 3 0 0 0 0 0 0 0 0 0 0 0 0
0 0 0 1 4 0 0 1 0 0 1 3 0 1 0 0 0 0 0 0 4 1 0 0 0 0 0 0 0 0 0 0 0 0
0 0 0 4 6 0 0 5 0 3 3 2 0 5 0 0 0 1 0 0 3 4 0 0 0 0 0 0 0 0 0 0 0 0
1 0 0 0 1 0 0 0 0 0 0 2 0 2 0 0 0 0 0 0 2 2 0 0 0 0 0 0 0 0 0 0 0 0
0 0 0 3 4 0 0 1 0 1 2 0 0 3 0 0 0 0 0 0 2 1 0 0 0 0 0 0 0 0 0 0 0 0
0 0 0 0 3 0 0 0 0 3 1 3 0 1 0 0 0 0 0 0 4 1 0 0 0 0 0 0 0 0 0 0 0 0
0 0 0 2 6 0 0 2 1 4 1 2 0 3 0 0 0 0 0 0 3 1 0 0 0 0 0 0 0 0 0 0 0 0
0 0 0 1 1 0 0 2 0 1 0 1 0 0 0 0 0 0 0 0 2 1 0 0 0 0 0 0 0 0 0 0 0 0
0 0 0 0 0 0 0 4 4 2 0 13 0 5 0 0 0 0 0 0 3 4 0 0 0 0 0 0 0 0 0 0 0 0
0 0 0 1 4 0 0 1 1 1 1 1 0 2 0 0 0 0 0 1 2 1 0 0 0 0 0 0 0 0 0 0 0 0
1 0 0 0 1 0 0 0 0 0 0 2 0 2 0 0 0 0 0 0 2 2 0 0 0 0 0 0 0 0 0 0 0 0
0 0 0 2 0 0 0 3 2 1 0 5 0 2 0 0 0 0 0 0 2 2 0 0 0 0 0 0 0 0 0 0 0 0
1 0 0 0 0 0 0 0 0 1 0 3 0 2 0 0 0 1 0 0 1 3 0 0 0 0 0 0 0 0 0 0 0 0
0 0 0 1 0 0 0 1 0 1 0 1 1 2 0 0 0 0 0 0 1 1 0 0 0 0 0 0 0 0 0 0 0 0
0 0 0 0 1 0 0 4 0 1 0 2 0 0 0 0 0 0 0 0 2 1 0 0 0 0 0 0 0 0 0 1 0 0
0 0 0 1 2 0 0 0 0 0 0 8 0 1 0 0 0 0 0 0 2 1 0 0 0 0 0 0 0 0 0 0 0 0
1 0 0 0 1 0 0 0 0 0 0 2 0 2 0 0 0 0 0 0 2 2 0 0 0 0 0 0 0 0 0 0 0 0
1 0 0 0 1 0 0 0 0 0 0 0 0 1 0 0 0 0 0 0 2 1 0 0 0 0 0 0 0 0 0 0 0 1
0 0 0 0 4 0 0 0 0 4 1 2 0 1 0 0 0 0 0 1 4 1 0 0 0 0 0 0 0 0 0 0 0 0
0 0 0 0 0 0 0 0 1 2 0 3 0 0 0 0 0 0 0 0 2 1 0 0 0 0 0 0 0 0 0 0 0 0
0 0 0 0 0 0 0 4 4 3 0 13 0 3 0 0 0 0 0 0 3 4 0 0 0 0 0 0 0 0 0 0 0 0
1 0 0 0 2 0 0 2 0 0 0 0 2 2 0 0 0 0 0 0 2 3 0 0 0 0 0 0 0 0 0 0 0 0
1 0 0 0 1 0 0 0 0 0 0 1 0 2 0 0 0 0 0 0 2 2 0 0 0 0 0 0 0 0 0 0 0 1
0 0 0 3 0 0 0 2 1 1 1 0 2 4 0 0 0 3 0 0 3 3 0 0 0 0 0 0 0 0 0 0 0 0
0 0 0 0 2 0 0 1 0 0 3 3 0 1 0 0 0 0 0 0 4 1 0 0 0 0 0 0 0 0 0 0 0 0
0 0 0 3 2 0 0 1 0 0 1 3 0 1 0 0 0 0 0 0 4 1 0 0 0 0 0 0 0 0 0 0 0 0
0 0 0 3 0 0 0 3 2 3 0 1 0 0 0 0 0 2 0 0 2 3 0 0 0 0 0 0 0 0 0 0 0 0
0 0 0 0 0 0 3 1 1 4 0 0 3 3 0 0 0 0 0 0 3 1 0 0 0 0 0 0 0 0 0 0 0 0
1 0 0 1 1 0 1 1 0 0 0 1 0 2 0 0 0 0 0 0 2 2 0 0 0 0 0 0 0 0 0 0 0 0
0 0 0 5 0 0 0 2 0 1 0 4 0 0 0 0 0 0 0 2 3 1 0 0 0 0 0 0 0 0 0 0 0 0
1 0 0 0 1 0 0 0 0 0 0 2 0 2 0 0 0 0 0 0 2 2 0 0 0 0 0 0 0 0 0 0 0 0
0 0 0 2 3 0 0 1 0 0 1 3 0 1 0 0 0 0 0 0 4 1 0 0 0 0 0 0 0 0 0 0 0 0
0 0 0 0 0 0 1 3 0 0 0 6 0 0 0 0 0 1 0 1 2 1 0 0 0 0 0 0 0 0 0 0 0 0
0 0 0 1 0 0 0 3 0 0 0 7 0 11 0 0 0 1 0 0 3 4 0 0 0 0 0 0 0 0 0 0 0 0
0 0 0 3 0 0 0 3 0 1 0 1 0 0 0 0 0 0 0 0 2 1 0 0 0 0 0 0 0 0 0 1 0 0
0 0 0 3 1 0 0 4 0 0 0 14 0 3 0 0 0 0 0 0 3 3 0 0 0 0 0 0 0 0 0 0 0 0
1 0 0 0 1 0 0 0 0 0 0 2 0 2 0 0 0 0 0 0 2 2 0 0 0 0 0 0 0 0 0 0 0 0
0 0 0 0 3 0 0 0 1 2 0 3 0 1 0 0 0 0 0 0 4 1 0 0 0 0 0 0 0 0 0 0 0 0
0 0 0 3 0 0 0 3 1 2 0 8 0 7 0 0 0 0 0 0 3 2 0 0 0 0 0 0 0 0 0 0 0 1
0 0 0 1 8 0 0 2 0 2 3 4 0 6 0 0 0 1 0 0 3 2 0 0 0 0 0 0 0 0 0 0 0 0
0 0 0 1 1 0 0 1 3 1 0 0 1 0 0 0 0 0 0 0 2 1 0 0 0 0 0 0 0 0 0 0 0 0
0 0 0 0 0 0 0 1 1 0 0 8 0 0 0 0 0 0 0 1 2 1 0 0 0 0 0 0 0 0 0 0 0 0
0 0 0 0 1 0 0 3 0 1 0 1 0 0 0 0 0 0 0 0 2 1 0 0 0 0 0 0 0 0 0 0 0 0
0 0 0 2 0 0 1 3 0 0 0 7 0 9 0 0 0 1 0 0 3 2 0 0 0 0 0 0 0 0 0 0 0 0
1 0 0 0 0 0 0 0 1 2 0 1 0 0 0 0 0 0 0 0 1 1 0 0 0 0 0 0 0 0 0 0 0 0
0 0 0 0 2 0 0 0 1 2 0 2 0 1 0 0 0 0 0 0 4 1 0 0 0 0 0 0 0 0 0 0 0 1
0 0 0 0 3 0 0 3 1 1 0 6 0 9 0 0 0 2 0 0 3 4 0 0 0 0 0 0 0 0 0 0 0 0
1 0 0 0 1 0 0 0 0 0 0 2 0 2 0 0 0 0 0 0 2 2 0 0 0 0 0 0 0 0 0 0 0 0
0 0 0 2 1 0 0 4 0 0 0 4 0 0 0 0 0 0 0 0 2 1 0 0 0 0 0 0 0 0 0 0 0 0
0 0 0 1 2 0 0 3 0 0 1 3 0 1 0 0 0 0 0 0 4 1 0 0 0 0 0 0 0 0 0 0 0 0
0 0 0 0 2 0 0 0 1 2 1 3 0 1 0 0 0 0 0 0 4 1 0 0 0 0 0 0 0 0 0 0 0 0
0 0 0 1 1 0 0 3 0 1 0 8 0 1 0 0 0 1 0 0 3 1 0 0 0 0 0 0 0 0 0 0 0 0
0 0 0 1 0 0 2 3 0 4 0 1 4 6 0 0 0 0 0 0 3 3 0 0 0 0 0 0 0 0 0 0 0 0
0 0 0 2 0 0 0 0 0 0 0 8 0 0 0 0 0 1 0 0 2 1 0 0 0 0 0 0 0 0 0 0 0 0
0 0 0 0 0 0 1 0 0 0 0 9 0 0 0 0 0 1 0 0 2 1 0 0 0 0 0 0 0 0 0 0 0 0
1 0 0 0 0 0 0 0 0 1 0 3 0 2 0 0 0 1 0 0 1 3 0 0 0 0 0 0 0 0 0 0 0 0
0 0 0 4 0 0 0 0 0 0 0 7 0 9 0 0 0 1 0 0 3 2 0 0 0 0 0 0 0 0 0 0 0 0
0 0 0 1 3 0 0 0 1 1 1 3 0 2 0 0 0 0 0 0 2 1 0 0 0 0 0 0 0 0 0 0 0 0
0 0 0 3 2 0 0 3 0 0 0 5 0 9 0 2 0 0 0 0 3 6 0 0 0 0 0 0 0 0 0 0 0 0
0 0 0 0 2 0 0 0 0 4 0 3 0 1 0 0 0 0 0 0 4 1 0 0 0 0 0 0 0 0 0 0 0 0
0 0 0 1 3 0 0 0 0 2 1 2 0 1 0 0 0 1 0 0 4 2 0 0 0 0 0 0 0 0 0 0 0 0
0 0 0 1 3 0 0 1 0 0 0 7 0 0 0 0 0 0 0 1 3 1 0 0 0 0 0 0 0 0 0 0 0 0
0 0 0 0 1 0 0 3 0 1 0 1 0 0 0 0 0 0 0 0 2 1 0 0 0 0 0 0 0 0 0 0 0 0
0 0 0 0 4 0 0 0 0 3 1 6 0 2 0 0 0 0 0 0 2 2 0 0 0 0 0 0 0 0 0 0 0 1
1 1 0 1 1 0 0 2 0 0 0 0 1 1 0 0 0 0 0 0 3 1 0 0 0 0 0 0 0 0 0 1 0 0
0 0 0 1 2 0 0 3 1 2 0 0 2 2 0 0 0 0 0 0 3 1 0 0 0 0 0 0 0 0 0 0 0 0
0 0 0 3 4 0 0 1 1 1 0 1 0 2 0 0 0 1 0 0 2 3 0 0 0 0 0 0 0 0 0 0 0 0
0 0 0 2 2 0 0 2 0 0 0 2 1 1 0 0 0 1 0 2 2 2 0 0 0 0 0 0 0 0 0 0 0 0
1 0 0 0 1 0 0 0 0 0 0 2 0 2 0 0 0 0 0 0 2 2 0 0 0 0 0 0 0 0 0 0 0 0
0 0 0 1 0 0 0 1 1 1 0 0 1 0 0 0 0 0 0 0 1 1 0 0 0 0 0 0 0 0 0 0 0 0
0 0 0 1 4 0 0 1 0 1 2 6 0 5 0 0 0 1 0 0 3 2 0 0 0 0 0 0 0 0 0 0 0 1
0 0 0 1 0 0 0 3 2 3 0 1 0 2 0 0 0 1 0 0 2 3 0 0 0 0 0 0 0 0 0 0 0 0
0 0 0 0 0 0 0 3 6 0 0 0 2 1 0 0 0 0 0 0 2 2 0 0 0 0 0 0 0 0 0 0 0 0
0 0 0 0 2 0 0 1 0 4 0 0 4 1 0 0 0 0 0 0 3 2 0 0 0 0 0 0 0 0 0 0 0 0
0 0 0 1 0 0 0 1 1 1 0 0 1 0 0 0 0 0 0 0 1 1 0 0 0 0 0 0 0 0 0 0 0 0
0 0 0 2 0 0 1 8 0 0 0 1 0 0 0 0 0 0 0 0 2 1 0 0 0 0 0 0 0 0 0 0 0 0
1 0 0 0 1 0 0 0 0 0 0 2 0 2 0 0 0 0 0 0 2 2 0 0 0 0 0 0 0 0 0 0 0 0
1 0 0 0 1 0 0 1 0 1 0 1 0 1 0 0 0 0 0 0 2 2 0 0 0 0 0 0 0 0 0 0 0 0
1 0 0 0 1 0 0 0 0 0 0 1 0 2 0 0 0 0 0 0 2 2 0 0 0 0 0 0 0 0 0 0 0 1
0 0 0 2 2 0 0 1 1 3 1 1 0 1 0 0 0 1 0 0 4 3 0 0 0 0 0 0 0 0 0 0 0 0
1 0 0 0 1 0 0 0 0 0 0 2 0 2 0 0 0 0 0 0 2 2 0 0 0 0 0 0 0 0 0 0 0 0
0 0 0 8 0 0 0 2 0 0 0 7 0 4 0 0 0 1 0 0 4 2 0 0 0 0 0 0 0 0 0 0 0 0
0 0 0 4 0 0 0 4 0 0 0 5 0 1 0 0 0 0 0 0 2 3 0 0 0 0 0 0 0 0 0 0 0 0
0 0 0 1 2 0 0 1 0 1 0 0 2 3 0 0 0 0 0 0 1 3 0 0 0 0 0 0 0 0 0 1 0 0
0 0 0 3 3 0 0 3 0 0 2 0 0 1 0 0 0 0 0 0 4 2 0 0 0 0 0 0 0 0 0 0 0 0
0 0 0 1 3 0 0 1 3 0 1 1 0 1 0 0 0 0 0 0 2 1 0 0 0 0 0 0 0 0 0 0 0 0
1 0 0 0 1 0 0 4 0 0 0 0 0 0 0 0 0 0 0 0 2 2 0 0 0 0 0 0 0 0 0 0 0 0
0 0 0 0 2 0 0 0 1 2 1 3 0 1 0 0 0 0 0 0 4 1 0 0 0 0 0 0 0 0 0 0 0 0
0 0 0 0 1 0 0 0 2 5 1 0 0 1 0 0 0 0 0 1 2 1 0 0 0 0 0 0 0 0 0 0 0 0
1 0 0 0 1 0 0 0 0 0 0 2 0 2 0 0 0 0 0 0 2 2 0 0 0 0 0 0 0 0 0 0 0 0
1 0 0 0 1 0 0 0 0 0 0 2 0 2 0 0 0 0 0 0 2 2 0 0 0 0 0 0 0 0 0 0 0 0
0 0 0 1 0 0 0 2 1 1 0 0 0 0 0 0 0 0 0 0 2 1 0 0 0 0 0 0 0 0 0 1 0 0
1 0 0 0 1 0 0 0 0 0 0 2 0 2 0 0 0 0 0 0 2 2 0 0 0 0 0 0 0 0 0 0 0 0
0 0 0 0 3 0 0 5 0 1 0 1 2 0 0 0 0 0 0 0 2 2 0 0 0 0 0 0 0 0 0 0 0 0
1 0 0 0 2 0 0 0 0 0 0 1 0 2 0 0 0 0 0 1 2 2 0 0 0 0 0 0 0 0 0 0 0 0
0 0 0 1 2 0 0 2 1 0 0 3 0 5 0 0 0 0 0 1 3 1 0 0 0 0 0 0 0 0 0 0 0 0
0 0 0 0 0 0 0 2 0 0 0 7 0 2 0 0 0 1 0 0 2 1 0 0 0 0 0 0 0 0 0 0 0 0
0 0 0 1 0 0 0 1 1 1 0 0 0 0 0 0 0 0 0 0 1 1 0 0 0 0 0 0 0 0 0 0 0 0
1 0 0 0 1 0 0 0 0 0 0 2 0 2 0 0 0 0 0 0 2 2 0 0 0 0 0 0 0 0 0 0 0 0
0 0 0 0 2 0 0 0 1 3 0 3 0 1 0 0 0 0 0 0 4 1 0 0 0 0 0 0 0 0 0 0 0 0
0 0 0 2 0 0 0 1 0 0 0 3 0 5 0 0 0 0 0 0 2 1 0 0 0 0 0 0 0 0 0 0 0 0
0 0 0 0 2 0 0 1 0 1 2 3 0 1 0 0 0 0 0 0 4 1 0 0 0 0 0 0 0 0 0 0 0 0
1 0 0 0 1 0 0 0 0 0 0 2 0 2 0 0 0 0 0 0 2 2 0 0 0 0 0 0 0 0 0 0 0 0
0 0 0 1 2 0 0 0 1 2 0 2 0 2 0 0 0 1 0 0 4 1 0 0 0 0 0 0 0 0 0 0 0 0
0 0 0 1 2 0 0 4 1 2 0 3 1 0 0 0 0 0 0 0 2 3 0 0 0 0 0 0 0 0 0 0 0 0
0 0 0 1 0 0 0 0 0 1 0 9 0 9 0 0 0 1 0 0 3 2 0 0 0 0 0 0 0 0 0 0 0 0
0 0 0 1 2 0 0 4 0 0 0 4 0 1 0 0 0 0 0 0 2 1 0 0 0 0 0 0 0 0 0 0 0 0
0 0 0 3 2 0 0 1 0 0 1 3 0 1 0 0 0 0 0 0 4 1 0 0 0 0 0 0 0 0 0 0 0 0
1 0 0 0 1 0 0 0 0 0 0 2 0 2 0 0 0 0 0 0 2 2 0 0 0 0 0 0 0 0 0 0 0 0
0 0 0 2 6 0 0 3 0 1 2 6 0 4 0 0 0 0 0 0 3 2 0 0 0 0 0 0 0 0 0 0 0 0
0 0 0 0 2 0 0 0 1 2 1 3 0 1 0 0 0 0 0 0 4 1 0 0 0 0 0 0 0 0 0 0 0 0
0 0 0 5 0 0 0 1 0 0 0 4 0 0 0 0 0 0 0 0 2 1 0 0 0 0 0 0 0 0 0 0 0 0
0 0 0 2 1 0 1 5 0 1 0 4 0 0 0 0 0 1 0 0 2 3 0 0 0 0 0 0 0 0 0 0 0 0
0 0 0 14 2 0 0 9 7 2 0 51 0 68 0 0 0 6 0 2 1 66 0 0 0 0 0 0 0 0 0 0 0 1
1 0 0 0 1 0 0 0 0 0 0 0 0 1 0 0 0 0 0 0 2 1 0 0 0 0 0 0 0 0 0 0 0 1
0 0 0 1 4 0 0 1 0 0 1 3 0 1 0 0 0 0 0 0 4 1 0 0 0 0 0 0 0 0 0 0 0 0
0 0 0 1 0 0 0 2 1 2 0 0 1 1 0 0 0 0 0 0 2 1 0 0 0 0 0 0 0 0 0 1 0 0
0 0 0 0 0 0 0 0 1 2 0 3 0 0 0 0 0 0 0 0 2 1 0 0 0 0 0 0 0 0 0 0 0 0
0 0 0 2 2 0 0 0 1 2 1 1 0 2 0 0 0 3 0 0 4 3 0 0 0 0 0 0 0 0 0 0 0 0
0 0 0 0 6 0 0 1 0 2 3 7 0 3 0 0 0 0 0 0 3 2 0 0 0 0 0 0 0 0 0 0 0 0
1 0 0 1 0 0 0 0 1 1 0 0 0 0 0 0 0 0 0 0 2 1 0 0 0 0 0 0 0 0 0 0 0 0
0 0 0 1 6 0 0 1 0 2 3 6 0 4 0 0 0 0 0 0 3 2 0 0 0 0 0 0 0 0 0 0 0 0
0 0 0 3 1 0 0 4 0 1 0 5 0 10 0 0 0 4 0 0 3 4 0 0 0 0 0 0 0 0 0 0 0 0
1 0 0 0 0 0 0 0 1 1 0 1 0 0 0 0 0 0 0 0 1 1 0 0 0 0 0 0 0 0 0 0 0 0
0 0 0 2 2 0 0 0 0 1 1 3 0 3 0 0 0 0 0 0 2 1 0 0 0 0 0 0 0 0 0 0 0 0
0 0 0 1 4 0 0 0 0 4 2 6 0 3 0 0 0 1 0 0 3 2 0 0 0 0 0 0 0 0 0 0 0 0
0 0 0 2 0 0 0 1 0 0 0 6 0 2 0 0 0 0 0 0 2 1 0 0 0 0 0 0 0 0 0 0 0 0
0 0 0 0 0 0 0 2 1 1 0 6 1 2 0 0 0 0 0 0 3 1 0 0 0 0 0 0 0 0 0 0 0 0
1 0 0 0 1 0 0 0 0 0 0 1 0 2 0 0 0 0 0 0 2 2 0 0 0 0 0 0 0 0 0 0 0 1
0 0 0 4 1 0 0 1 0 0 0 5 0 1 0 0 0 0 0 0 2 1 0 0 0 0 0 0 0 0 0 0 0 0
0 0 0 3 0 0 0 2 0 0 0 13 0 6 0 0 0 0 0 0 3 2 0 0 0 0 0 0 0 0 0 0 0 0
0 0 0 0 0 0 0 3 3 5 0 0 3 0 0 0 0 0 0 0 2 3 0 0 0 0 0 0 0 0 0 0 0 0
0 0 0 0 0 0 0 4 0 3 0 3 0 0 0 0 0 0 0 1 2 1 0 0 0 0 0 0 0 0 0 0 0 0
0 0 0 1 6 0 0 1 0 2 2 7 0 3 0 0 0 0 0 0 3 2 0 0 0 0 0 0 0 0 0 0 0 0
0 0 0 2 0 0 0 1 4 1 0 0 3 11 0 0 0 0 0 0 3 2 0 0 0 0 0 0 0 0 0 0 0 0
0 0 0 1 4 0 0 0 0 2 0 2 0 4 0 0 0 0 0 0 2 1 0 0 0 0 0 0 0 0 0 0 0 0
0 0 0 4 0 0 0 7 0 3 0 0 0 0 0 0 0 1 0 0 3 3 0 0 0 0 0 0 0 0 0 0 0 0
0 0 0 2 2 0 1 1 3 0 0 0 0 0 0 0 0 0 0 0 2 1 0 0 0 0 0 0 0 0 0 0 0 0
0 0 0 2 3 0 0 0 0 1 0 13 0 1 0 0 0 1 0 0 3 2 0 0 0 0 0 0 0 0 0 0 0 0
0 0 0 1 1 0 0 1 0 2 0 0 2 2 0 0 0 0 0 0 1 2 0 0 0 0 0 0 0 0 0 1 0 0
1 0 0 0 1 0 0 0 0 0 0 2 0 2 0 0 0 0 0 0 2 2 0 0 0 0 0 0 0 0 0 0 0 0
1 0 0 0 1 0 0 0 0 0 0 2 0 2 0 0 0 0 0 0 2 2 0 0 0 0 0 0 0 0 0 0 0 0
1 0 0 0 1 0 0 0 0 0 0 2 0 2 0 0 0 0 0 0 2 2 0 0 0 0 0 0 0 0 0 0 0 0
0 0 0 3 1 0 0 0 0 0 0 7 0 9 0 0 0 1 0 0 3 2 0 0 0 0 0 0 0 0 0 0 0 0
0 0 0 1 3 0 0 3 0 3 0 1 0 2 0 0 0 0 0 0 4 3 0 0 0 0 0 0 0 0 0 0 0 0
1 1 0 2 0 0 0 2 0 0 0 0 2 0 0 0 0 0 0 0 3 1 0 0 0 0 0 0 0 0 0 1 0 0
0 0 0 1 1 0 0 3 0 1 0 1 0 1 0 0 0 0 0 0 1 2 0 0 0 0 0 0 0 0 0 0 0 0
0 0 0 0 0 0 0 1 0 0 0 4 0 10 0 0 0 0 0 0 3 1 0 0 0 0 0 0 0 0 0 0 0 0
1 0 0 0 1 0 0 0 0 0 0 2 0 2 0 0 0 0 0 0 2 2 0 0 0 0 0 0 0 0 0 0 0 0
1 0 0 0 1 0 0 0 0 0 0 2 0 2 0 0 0 0 0 0 2 2 0 0 0 0 0 0 0 0 0 0 0 0
0 0 0 0 0 1 0 2 1 2 0 0 0 0 0 0 0 0 1 0 1 1 0 0 0 0 0 0 0 0 0 0 0 0
0 0 0 1 1 0 0 2 2 1 1 0 0 0 0 0 0 0 0 0 2 1 0 0 0 0 0 0 0 0 0 0 0 0
0 0 0 2 0 0 0 2 0 0 0 10 0 2 0 0 0 0 0 0 3 1 0 0 0 0 0 0 0 0 0 0 0 0
0 0 0 2 1 0 0 4 0 0 0 6 0 11 0 0 0 0 0 0 3 4 0 0 0 0 0 0 0 0 0 0 0 0
1 0 0 0 1 0 0 0 0 0 0 2 0 2 0 0 0 0 0 0 2 2 0 0 0 0 0 0 0 0 0 0 0 0
0 0 0 1 0 0 0 1 0 0 0 9 0 0 0 0 0 2 0 0 2 2 0 0 0 0 0 0 0 0 0 0 0 0
0 0 0 5 1 0 0 3 0 1 0 11 0 1 0 0 0 0 0 0 3 3 0 0 0 0 0 0 0 0 0 0 0 0
0 0 0 0 0 0 0 2 1 0 0 0 1 2 0 0 0 0 0 0 3 1 0 0 0 0 0 0 0 0 0 0 0 0
1 0 0 0 0 0 0 2 2 1 0 0 3 1 0 0 0 0 0 0 2 3 0 0 0 0 0 0 0 0 0 0 0 0
1 0 0 0 1 0 0 0 0 0 0 2 0 2 0 0 0 0 0 0 2 2 0 0 0 0 0 0 0 0 0 0 0 0
1 0 0 0 1 0 0 0 0 0 0 2 0 2 0 0 0 0 0 0 2 2 0 0 0 0 0 0 0 0 0 0 0 0
0 0 0 1 2 0 1 4 1 0 0 1 1 3 0 0 0 0 0 0 2 3 0 0 0 0 0 0 0 0 0 0 0 0
0 0 0 2 0 0 0 0 0 0 0 13 0 2 0 0 0 2 0 1 3 2 0 0 0 0 0 0 0 0 0 0 0 0
0 0 0 0 0 0 0 0 1 0 0 3 0 6 0 0 0 0 0 1 2 1 0 0 0 0 0 0 0 0 0 0 0 0
1 1 0 2 0 0 0 2 0 1 0 0 1 0 0 0 0 0 0 0 3 1 0 0 0 0 0 0 0 0 0 1 0 0
0 0 0 5 1 0 0 5 1 0 0 11 0 2 0 0 0 0 0 0 3 4 0 0 0 0 0 0 0 0 0 0 0 0
0 0 0 1 2 0 0 0 2 1 1 0 0 0 0 0 0 0 0 0 2 1 0 0 0 0 0 0 0 0 0 0 0 0
0 0 0 2 2 0 0 9 0 0 0 10 0 2 0 0 0 1 0 0 3 6 0 0 0 0 0 0 0 0 0 0 0 0
1 0 0 0 1 0 0 1 3 3 0 0 0 64 0 0 0 1 0 0 2 2 0 0 0 0 0 0 0 0 0 0 0 0
0 0 0 1 6 0 0 1 1 4 2 6 0 3 0 0 0 0 0 0 3 2 0 0 0 0 0 0 0 0 0 0 0 0
0 0 0 2 3 0 0 1 0 2 0 1 0 4 0 0 0 0 0 0 2 2 0 0 0 0 0 0 0 0 0 0 0 0
1 0 0 0 1 0 0 0 0 0 0 2 0 2 0 0 0 0 0 0 2 2 0 0 0 0 0 0 0 0 0 0 0 0
1 0 0 0 0 0 0 1 0 0 0 1 0 1 0 0 0 0 0 0 2 1 0 0 0 0 0 0 0 0 0 0 0 0
0 0 0 0 3 0 0 0 0 3 0 3 0 1 0 0 0 0 0 0 4 1 0 0 0 0 0 0 0 0 0 0 0 0
0 0 0 1 1 0 0 0 0 0 0 12 0 1 0 1 0 0 0 0 3 1 0 0 0 0 0 0 0 0 0 0 0 0
0 0 0 2 2 0 0 2 1 3 1 1 0 3 0 0 0 0 0 1 3 1 0 0 0 0 0 0 0 0 0 0 0 0
0 0 0 1 0 1 0 2 1 3 0 0 3 1 0 0 0 0 0 0 3 1 0 0 0 0 0 0 0 0 0 0 0 0
0 0 0 6 0 0 0 3 0 0 0 11 0 3 0 0 0 2 0 0 3 4 0 0 0 0 0 0 0 0 0 0 0 0
0 0 0 1 0 1 0 2 0 4 0 0 1 0 0 0 0 0 0 0 2 1 0 0 0 0 0 0 0 0 0 0 0 0
0 0 0 1 0 0 1 0 0 0 0 6 1 0 0 0 0 1 0 3 2 1 0 0 0 0 0 0 0 0 0 0 0 0
0 0 0 0 0 0 0 1 4 1 0 0 3 7 0 0 0 0 0 0 3 2 0 0 0 0 0 0 0 0 0 0 0 0
0 0 0 0 3 0 0 0 0 3 0 3 0 1 0 0 0 0 0 0 4 1 0 0 0 0 0 0 0 0 0 0 0 0
0 0 0 0 2 0 0 3 2 2 0 4 0 2 0 0 0 1 0 0 2 2 0 0 0 0 0 0 0 0 0 0 0 0
0 0 0 3 0 0 0 0 0 0 0 11 0 3 0 0 0 4 0 0 3 2 0 0 0 0 0 0 0 0 0 0 0 0
0 0 0 2 3 0 0 1 2 1 1 0 0 1 0 0 0 0 0 2 4 3 0 0 0 0 0 0 0 0 0 0 0 0
1 0 0 0 0 0 0 0 1 1 0 1 0 0 0 0 0 0 0 0 1 1 0 0 0 0 0 0 0 0 0 0 0 0
0 0 0 0 0 0 0 2 3 1 0 0 0 0 0 0 0 0 0 0 1 1 0 0 0 0 0 0 0 0 0 0 0 0
1 0 0 0 1 0 0 0 0 0 0 2 0 2 0 0 0 0 0 0 2 2 0 0 0 0 0 0 0 0 0 0 0 0
0 0 0 2 0 0 0 2 1 2 0 0 0 0 0 0 0 0 0 1 2 1 0 0 0 0 0 0 0 0 0 0 0 0
0 0 0 1 0 0 0 3 1 1 0 5 1 2 0 0 0 0 0 0 2 3 0 0 0 0 0 0 0 0 0 0 0 0
1 0 0 0 0 0 0 2 2 2 0 0 1 0 0 0 0 0 0 0 2 2 0 0 0 0 0 0 0 0 0 0 0 0
0 0 0 1 4 0 0 1 0 0 1 3 0 1 0 0 0 0 0 0 4 1 0 0 0 0 0 0 0 0 0 0 0 0
0 0 0 4 0 0 0 4 0 1 0 2 0 0 0 0 0 1 0 0 2 1 0 0 0 0 0 0 0 0 0 0 0 0
0 0 0 1 0 0 0 1 1 0 0 8 0 8 0 0 0 1 0 2 3 4 0 0 0 0 0 0 0 0 0 0 0 0
1 0 0 0 1 0 0 0 0 0 0 2 0 2 0 0 0 0 0 0 2 2 0 0 0 0 0 0 0 0 0 0 0 0
0 0 0 3 0 0 0 1 1 0 0 6 0 11 0 0 0 2 0 2 3 4 0 0 0 0 0 0 0 0 0 0 0 0
0 0 0 0 4 0 0 1 0 2 1 2 0 2 0 0 0 0 0 0 4 1 0 0 0 0 0 0 0 0 0 0 0 0
0 0 0 0 2 0 0 2 0 2 1 0 0 2 0 0 0 2 0 0 2 1 0 0 0 0 0 0 0 0 0 0 0 0
0 0 0 0 2 0 0 0 1 2 1 3 0 1 0 0 0 0 0 0 4 1 0 0 0 0 0 0 0 0 0 0 0 0
0 0 0 0 3 1 0 0 0 1 1 3 0 1 0 0 0 0 0 0 4 1 0 0 0 0 0 0 0 0 0 0 0 0
0 0 0 0 3 1 0 0 0 1 1 3 0 1 0 0 0 0 0 0 4 1 0 0 0 0 0 0 0 0 0 0 0 0
0 0 0 4 0 0 0 4 0 0 0 6 0 0 0 0 0 0 0 0 2 3 0 0 0 0 0 0 0 0 0 0 0 0
0 0 0 1 2 0 0 1 0 0 0 12 0 3 0 0 0 2 0 1 4 1 0 0 0 0 0 0 0 0 0 0 0 0
0 0 0 1 4 0 0 1 0 0 1 3 0 1 0 0 0 0 0 0 4 1 0 0 0 0 0 0 0 0 0 0 0 0
0 0 0 2 3 0 0 1 0 0 1 3 0 1 0 0 0 0 0 0 4 1 0 0 0 0 0 0 0 0 0 0 0 0
1 0 0 1 1 0 0 2 0 0 0 0 1 2 0 0 0 0 0 0 2 3 0 0 0 0 0 0 0 0 0 0 0 0
0 0 0 0 2 0 1 2 0 2 0 0 0 1 0 0 0 0 0 0 1 1 0 0 0 0 0 0 0 0 0 0 0 0
0 0 0 2 0 0 0 1 1 1 0 0 0 1 0 0 0 0 0 0 1 1 0 0 0 0 0 0 0 0 0 0 0 0
0 0 0 0 6 0 0 0 0 4 2 7 0 3 0 0 0 0 0 0 3 2 0 0 0 0 0 0 0 0 0 0 0 0
0 0 0 1 2 0 0 0 0 3 0 3 0 1 0 0 0 0 0 0 4 1 0 0 0 0 0 0 0 0 0 0 0 0
0 0 0 3 3 0 0 1 0 0 1 2 0 1 0 0 0 1 0 0 4 2 0 0 0 0 0 0 0 0 0 0 0 0
1 0 0 1 0 0 0 1 0 1 1 0 0 21 0 0 0 0 0 0 2 1 0 0 0 0 0 0 0 0 0 0 0 0
0 0 0 0 2 0 0 1 1 3 0 2 0 1 0 0 0 2 0 0 2 2 0 0 0 0 0 0 0 0 0 0 0 0
0 0 0 1 4 0 0 0 0 3 1 5 0 3 0 0 0 1 0 0 2 2 0 0 0 0 0 0 0 0 0 0 0 1
1 0 0 0 1 0 0 0 0 0 0 2 0 2 0 0 0 0 0 0 2 2 0 0 0 0 0 0 0 0 0 0 0 0
0 0 0 2 0 1 0 0 0 2 0 0 0 65 0 0 0 1 0 0 2 1 0 0 0 0 0 0 0 0 0 0 0 0
0 0 0 2 1 0 0 2 0 0 0 5 0 1 0 1 0 0 0 1 2 1 0 0 0 0 0 0 0 0 0 0 0 0
0 0 0 2 0 0 0 0 0 0 0 3 0 6 0 0 0 0 0 0 2 1 0 0 0 0 0 0 0 0 0 0 0 0
0 0 0 3 0 0 0 3 3 1 0 4 0 3 0 0 0 0 0 0 2 2 0 0 0 0 0 0 0 0 0 0 0 0
0 0 0 1 0 0 0 3 3 1 0 0 4 2 0 0 0 0 0 0 3 1 0 0 0 0 0 0 0 0 0 0 0 0
1 0 0 0 1 0 0 0 0 0 0 2 0 2 0 0 0 0 0 0 2 2 0 0 0 0 0 0 0 0 0 0 0 0
0 0 0 0 0 0 1 0 0 3 0 0 2 2 0 0 0 0 0 0 1 1 0 0 0 0 0 0 0 0 0 0 0 0
0 0 0 3 2 0 0 3 0 0 0 14 0 2 0 0 0 0 0 1 3 3 0 0 0 0 0 0 0 0 0 0 0 0
0 0 0 3 0 0 0 3 0 0 0 5 0 0 0 0 0 1 0 0 2 1 0 0 0 0 0 0 0 0 0 0 0 0
1 0 0 0 1 0 0 4 0 0 0 0 0 0 0 0 0 0 0 0 2 2 0 0 0 0 0 0 0 0 0 0 0 0
0 0 0 0 1 1 0 1 1 1 2 18 0 25 0 0 0 1 0 0 1 20 0 0 0 0 0 0 0 0 0 0 0 0
0 0 0 1 1 0 0 4 0 0 0 5 1 0 0 0 0 0 0 0 2 1 0 0 0 0 0 0 0 0 0 0 0 0
0 0 0 1 0 0 0 1 1 1 0 0 0 0 0 0 0 0 0 0 1 1 0 0 0 0 0 0 0 0 0 0 0 0
1 1 0 1 1 0 0 2 0 0 0 0 1 1 0 0 0 0 0 0 3 1 0 0 0 0 0 0 0 0 0 1 0 0
0 0 0 3 2 0 0 1 0 0 1 3 0 1 0 0 0 0 0 0 4 1 0 0 0 0 0 0 0 0 0 0 0 0
0 0 0 1 0 0 0 0 5 2 3 0 0 62 0 0 0 1 0 0 1 4 0 0 0 0 0 0 0 0 0 0 0 0
0 0 0 5 0 0 0 4 0 1 0 1 0 0 0 0 0 0 0 0 2 1 0 0 0 0 0 0 0 0 0 0 0 0
0 0 0 0 0 0 0 6 1 2 0 3 0 1 0 0 1 0 0 0 2 2 0 0 0 0 0 0 0 0 0 0 0 0
0 0 0 1 0 0 0 1 1 1 0 0 1 0 0 0 0 0 0 0 1 1 0 0 0 0 0 0 0 0 0 0 0 0
0 0 0 2 2 0 0 4 0 0 1 2 0 2 0 0 0 0 0 0 4 1 0 0 0 0 0 0 0 0 0 0 0 0
0 0 0 0 0 0 0 3 2 2 0 0 3 5 0 0 0 0 0 0 3 1 0 0 0 0 0 0 0 0 0 0 0 0
0 0 0 0 0 0 0 1 2 1 0 1 0 1 0 0 0 0 0 0 1 1 0 0 0 0 0 0 0 0 0 0 0 0
1 0 0 0 1 0 0 0 0 0 0 2 0 2 0 0 0 0 0 0 2 2 0 0 0 0 0 0 0 0 0 0 0 0
0 0 0 1 0 0 0 1 0 3 1 3 0 1 0 0 0 0 0 0 4 1 0 0 0 0 0 0 0 0 0 0 0 0
0 0 0 0 3 1 0 0 0 1 1 3 0 1 0 0 0 0 0 0 4 1 0 0 0 0 0 0 0 0 0 0 0 0
0 0 0 1 0 0 0 2 1 1 0 1 0 0 0 0 0 0 0 0 1 1 0 0 0 0 0 0 0 0 0 0 0 0
0 0 0 2 0 0 0 2 1 0 0 8 0 10 0 0 0 0 0 0 3 2 0 0 0 0 0 0 0 0 0 0 0 0
0 0 0 0 0 0 0 2 0 3 1 2 0 2 0 0 0 1 0 0 2 1 0 0 0 0 0 0 0 0 0 0 0 0
0 0 0 1 1 0 1 1 1 1 0 0 2 3 0 0 0 0 0 0 3 2 0 0 0 0 0 0 0 0 0 1 0 0
0 0 0 0 0 0 0 4 5 1 0 0 2 3 0 0 0 0 0 0 3 1 0 0 0 0 0 0 0 0 0 0 0 0
1 0 0 0 1 0 0 0 0 0 0 2 0 2 0 0 0 0 0 0 2 2 0 0 0 0 0 0 0 0 0 0 0 0
0 0 0 1 0 0 0 2 4 1 0 0 2 1 0 0 0 0 0 0 3 1 0 0 0 0 0 0 0 0 0 1 0 0
0 0 0 1 0 0 0 0 1 0 0 9 0 9 0 0 0 0 0 0 3 2 0 0 0 0 0 0 0 0 0 0 0 0
0 0 0 1 4 0 0 1 0 0 1 3 0 1 0 0 0 0 0 0 4 1 0 0 0 0 0 0 0 0 0 0 0 0
0 0 0 3 1 0 1 1 0 0 0 5 0 1 0 1 0 0 0 0 2 1 0 0 0 0 0 0 0 0 0 0 0 0
0 0 0 0 0 0 0 0 3 3 0 1 0 0 0 0 0 0 0 1 2 1 0 0 0 0 0 0 0 0 0 0 0 0
1 0 0 0 1 0 0 0 0 0 0 1 0 2 0 0 0 0 0 0 2 2 0 0 0 0 0 0 0 0 0 0 0 1
0 0 0 0 0 0 0 1 2 0 0 10 0 6 0 0 0 0 0 0 3 2 0 0 0 0 0 0 0 0 0 0 0 0
0 0 0 0 0 0 0 2 1 2 1 3 0 1 0 0 0 1 0 0 3 1 0 0 0 0 0 0 0 0 0 0 0 0
0 0 0 5 2 0 0 4 1 0 0 8 0 1 0 0 0 3 0 0 3 5 0 0 0 0 0 0 0 0 0 0 0 0
0 0 0 1 1 1 0 1 0 1 1 1 0 1 0 0 0 0 0 0 2 1 0 0 0 0 0 0 0 0 0 0 0 0
0 0 0 2 0 0 0 1 1 0 0 12 0 2 0 0 0 3 0 1 3 4 0 0 0 0 0 0 0 0 0 0 0 1
0 0 0 0 1 0 0 1 1 4 1 0 1 2 0 0 0 0 0 0 3 1 0 0 0 0 0 0 0 0 0 1 0 0
0 0 0 0 4 0 0 0 0 3 1 6 0 2 0 0 0 0 0 0 2 2 0 0 0 0 0 0 0 0 0 0 0 1
0 0 0 3 2 1 1 1 0 1 1 0 0 1 0 0 0 3 0 0 4 3 0 0 0 0 0 0 0 0 0 0 0 0
0 0 0 4 0 0 0 1 1 0 0 6 0 0 0 0 0 0 0 2 2 3 0 0 0 0 0 0 0 0 0 0 0 0
1 0 0 0 1 0 0 0 2 0 0 1 0 1 0 0 0 0 0 0 2 2 0 0 0 0 0 0 0 0 0 0 0 0
0 0 0 0 3 0 0 1 1 3 2 7 0 2 0 0 0 0 0 0 3 2 0 0 0 0 0 0 0 0 0 0 0 0
0 0 0 0 1 0 1 3 1 0 0 0 1 1 0 0 0 0 0 0 2 1 0 0 0 0 0 0 0 0 0 1 0 0
0 0 0 0 4 0 0 1 1 2 0 2 0 2 0 0 0 0 0 0 4 1 0 0 0 0 0 0 0 0 0 0 0 0
0 0 0 1 2 0 0 0 0 2 1 3 0 1 0 0 0 0 0 0 4 1 0 0 0 0 0 0 0 0 0 0 0 0
0 0 0 0 0 0 0 2 1 2 0 0 1 1 0 0 0 0 0 0 1 1 0 0 0 0 0 0 0 0 0 0 0 0
0 0 0 1 6 0 0 2 0 2 3 6 0 4 0 0 0 0 0 0 3 2 0 0 0 0 0 0 0 0 0 0 0 0
1 0 0 0 1 0 0 0 0 0 0 2 0 2 0 0 0 0 0 0 2 2 0 0 0 0 0 0 0 0 0 0 0 0
1 0 0 0 1 0 0 0 0 0 0 1 0 2 0 0 0 0 0 0 2 2 0 0 0 0 0 0 0 0 0 0 0 1
0 0 0 0 2 0 0 3 0 2 0 3 0 0 0 0 0 0 0 0 2 1 0 0 0 0 0 0 0 0 0 0 0 0
0 0 0 2 0 0 0 6 2 1 0 2 3 1 0 0 0 1 0 0 2 3 0 0 0 0 0 0 0 0 0 0 0 0
0 0 0 1 4 0 0 1 0 0 1 3 0 1 0 0 0 0 0 0 4 1 0 0 0 0 0 0 0 0 0 0 0 0
0 0 0 0 1 0 1 2 0 0 0 4 0 0 0 0 0 0 0 0 2 1 0 0 0 0 0 0 0 0 0 1 0 0
0 0 0 3 0 0 0 4 0 2 0 4 0 0 0 0 0 0 0 0 2 2 0 0 0 0 0 0 0 0 0 0 0 0
1 0 0 0 1 0 0 0 0 0 0 2 0 2 0 0 0 0 0 0 2 2 0 0 0 0 0 0 0 0 0 0 0 0
0 0 0 1 0 0 0 2 0 0 0 16 0 1 0 0 0 0 0 0 3 2 0 0 0 0 0 0 0 0 0 0 0 1
1 0 0 0 1 0 0 0 2 0 0 1 0 1 0 0 0 0 0 0 2 2 0 0 0 0 0 0 0 0 0 0 0 0
0 0 0 0 6 0 0 1 0 3 2 7 0 3 0 0 0 0 0 0 3 2 0 0 0 0 0 0 0 0 0 0 0 0
0 0 0 2 1 0 0 4 0 0 0 1 2 3 0 0 0 0 0 0 2 3 0 0 0 0 0 0 0 0 0 0 0 0
0 0 0 3 0 0 0 2 0 0 0 7 0 12 0 0 0 0 0 0 3 2 0 0 0 0 0 0 0 0 0 0 0 0
1 0 0 0 1 0 0 0 0 0 0 2 0 2 0 0 0 0 0 0 2 2 0 0 0 0 0 0 0 0 0 0 0 0
0 0 0 1 1 0 1 2 1 1 0 0 3 2 0 0 0 0 0 0 3 2 0 0 0 0 0 0 0 0 0 1 0 0
0 0 0 1 0 0 0 2 0 1 0 8 1 0 0 0 0 0 0 0 2 2 0 0 0 0 0 0 0 0 0 0 0 0
0 0 0 0 6 0 0 2 0 1 3 7 0 3 0 0 0 0 0 0 3 2 0 0 0 0 0 0 0 0 0 0 0 0
0 0 0 1 3 0 0 1 0 3 0 2 0 2 0 0 0 0 0 0 4 1 0 0 0 0 0 0 0 0 0 0 0 0
1 0 0 0 1 0 0 0 0 0 0 2 0 2 0 0 0 0 0 0 2 2 0 0 0 0 0 0 0 0 0 0 0 0
1 0 0 0 1 0 0 2 0 1 0 0 1 0 0 0 0 0 0 0 2 2 0 0 0 0 0 0 0 0 0 0 0 0
0 0 0 4 0 0 0 4 1 1 0 13 0 0 0 1 0 0 0 1 3 4 0 0 0 0 0 0 0 0 0 0 0 0
1 0 0 0 2 0 0 1 1 0 0 1 0 2 0 0 0 0 0 0 2 2 0 0 0 0 0 0 0 0 0 0 0 0
0 0 0 0 0 0 0 0 2 2 0 1 0 0 0 0 0 0 0 1 1 1 0 0 0 0 0 0 0 0 0 0 0 0
0 0 0 0 3 1 0 0 0 1 1 3 0 1 0 0 0 0 0 0 4 1 0 0 0 0 0 0 0 0 0 0 0 0
0 0 0 0 0 0 0 1 1 1 0 1 0 1 0 0 0 0 0 1 1 1 0 0 0 0 0 0 0 0 0 0 0 0
0 0 0 1 0 0 0 1 1 5 0 0 1 1 0 0 0 0 0 0 3 1 0 0 0 0 0 0 0 0 0 1 0 0
1 0 0 0 0 0 0 0 1 2 0 1 0 0 0 0 0 0 0 0 1 1 0 0 0 0 0 0 0 0 0 0 0 0
0 0 0 2 6 0 0 1 0 4 1 5 0 5 0 0 0 2 0 0 3 2 0 0 0 0 0 0 0 0 0 0 0 0
1 0 0 0 1 0 0 0 0 0 0 2 0 2 0 0 0 0 0 0 2 2 0 0 0 0 0 0 0 0 0 0 0 0
1 0 0 0 1 0 0 0 0 0 0 2 0 2 0 0 0 0 0 0 2 2 0 0 0 0 0 0 0 0 0 0 0 0
0 0 0 2 0 0 0 2 0 1 0 7 1 1 0 0 0 0 0 0 2 2 0 0 0 0 0 0 0 0 0 0 0 0
1 0 0 0 1 0 0 0 0 0 0 2 0 2 0 0 0 0 0 0 2 2 0 0 0 0 0 0 0 0 0 0 0 0
0 0 0 0 0 0 0 0 1 2 0 3 0 0 0 0 0 0 0 0 2 1 0 0 0 0 0 0 0 0 0 0 0 0
1 0 0 1 1 0 0 0 0 0 0 1 0 2 0 0 0 0 0 1 2 2 0 0 0 0 0 0 0 0 0 0 0 0
1 0 0 0 1 0 0 0 0 0 0 2 0 2 0 0 0 0 0 0 2 2 0 0 0 0 0 0 0 0 0 0 0 0
0 0 0 1 0 0 0 2 2 2 0 0 1 0 0 0 0 0 0 0 2 1 0 0 0 0 0 0 0 0 0 0 0 0
0 0 0 0 2 0 0 2 1 1 1 3 0 2 0 0 0 0 0 0 4 1 0 0 0 0 0 0 0 0 0 0 0 0
0 0 0 4 2 0 0 3 0 4 0 26 0 33 0 0 0 3 0 1 1 32 0 0 0 0 0 0 0 0 0 0 0 0
0 0 0 4 0 0 0 3 1 1 0 1 1 1 0 0 0 0 0 1 2 2 0 0 0 0 0 0 0 0 0 0 0 0
1 0 0 0 1 0 0 0 0 0 0 2 0 2 0 0 0 0 0 0 2 2 0 0 0 0 0 0 0 0 0 0 0 0
0 0 0 0 3 1 0 0 0 1 1 3 0 1 0 0 0 0 0 0 4 1 0 0 0 0 0 0 0 0 0 0 0 0
0 0 0 2 0 0 0 1 1 0 0 16 0 1 0 0 0 3 0 0 3 4 0 0 0 0 0 0 0 0 0 0 0 0
1 0 0 0 1 0 0 1 1 1 0 0 1 1 0 0 0 0 0 0 2 2 0 0 0 0 0 0 0 0 0 0 0 0
1 0 0 0 1 0 0 0 0 0 0 2 0 2 0 0 0 0 0 0 2 2 0 0 0 0 0 0 0 0 0 0 0 0
1 0 0 0 1 0 0 0 0 0 0 2 0 2 0 0 0 0 0 0 2 2 0 0 0 0 0 0 0 0 0 0 0 0
0 0 0 2 3 0 0 5 3 0 1 15 0 19 0 0 0 0 0 0 1 19 0 0 0 0 0 0 0 0 0 0 0 0
0 0 0 0 4 0 0 1 1 1 1 2 0 2 0 0 0 0 0 0 4 1 0 0 0 0 0 0 0 0 0 0 0 0
0 0 0 1 2 0 0 1 0 0 3 3 0 1 0 0 0 0 0 0 4 1 0 0 0 0 0 0 0 0 0 0 0 0
0 0 0 0 1 0 0 2 1 1 0 0 0 0 0 0 0 0 0 0 2 1 0 0 0 0 0 0 0 0 0 1 0 0
0 0 0 0 0 0 0 4 8 2 0 0 2 1 0 0 0 0 0 0 2 3 0 0 0 0 0 0 0 0 0 0 0 0
0 0 0 0 0 0 0 0 1 0 0 3 0 6 0 0 0 0 0 1 2 1 0 0 0 0 0 0 0 0 0 0 0 0
0 0 0 0 2 0 0 0 2 2 1 1 0 1 0 0 0 0 0 1 2 1 0 0 0 0 0 0 0 0 0 0 0 0
1 0 0 0 1 0 0 0 0 0 0 0 0 1 0 0 0 0 0 0 2 1 0 0 0 0 0 0 0 0 0 0 0 1
0 0 0 0 3 1 0 0 0 1 2 2 0 2 0 0 0 0 0 0 4 1 0 0 0 0 0 0 0 0 0 0 0 0
0 0 0 1 0 0 0 2 0 2 0 0 0 1 0 0 0 0 0 0 2 1 0 0 0 0 0 0 0 0 0 1 0 0
0 0 0 0 4 0 0 1 0 4 2 7 0 2 0 0 0 1 0 0 3 2 0 0 0 0 0 0 0 0 0 0 0 0
0 0 0 2 0 0 0 2 0 0 0 13 0 2 0 0 0 0 0 0 3 2 0 0 0 0 0 0 0 0 0 0 0 0
0 0 0 0 0 0 0 1 0 1 0 2 1 2 0 0 0 0 0 0 1 1 0 0 0 0 0 0 0 0 0 0 0 0
1 0 0 0 1 0 0 0 2 0 0 1 0 1 0 0 0 0 0 0 2 2 0 0 0 0 0 0 0 0 0 0 0 0
0 0 0 1 2 1 0 0 0 1 1 3 0 1 0 0 0 0 0 0 4 1 0 0 0 0 0 0 0 0 0 0 0 0
0 0 0 3 2 0 0 2 0 2 0 2 0 2 0 0 0 0 0 0 4 1 0 0 0 0 0 0 0 0 0 0 0 0
1 0 0 0 1 0 0 0 0 0 0 2 0 2 0 0 0 0 0 0 2 2 0 0 0 0 0 0 0 0 0 0 0 0
1 0 0 0 0 0 0 1 0 0 0 1 0 1 0 0 0 0 0 0 2 1 0 0 0 0 0 0 0 0 0 0 0 0
0 0 0 0 3 0 0 0 0 3 0 3 0 1 0 0 0 0 0 0 4 1 0 0 0 0 0 0 0 0 0 0 0 0
1 0 0 0 1 0 0 0 0 0 0 2 0 2 0 0 0 0 0 0 2 2 0 0 0 0 0 0 0 0 0 0 0 0
0 0 0 1 0 0 0 7 0 2 0 1 0 0 0 0 0 1 0 0 2 2 0 0 0 0 0 0 0 0 0 0 0 0
0 0 0 0 2 0 0 0 0 4 0 3 0 1 0 0 0 0 0 0 4 1 0 0 0 0 0 0 0 0 0 0 0 0
1 0 0 0 1 0 0 0 0 0 0 2 0 2 0 0 0 0 0 0 2 2 0 0 0 0 0 0 0 0 0 0 0 0
1 0 0 0 1 0 0 0 0 0 0 2 0 2 0 0 0 0 0 0 2 2 0 0 0 0 0 0 0 0 0 0 0 0
0 0 0 1 0 0 0 1 1 1 0 0 1 0 0 0 0 0 0 0 1 1 0 0 0 0 0 0 0 0 0 0 0 0
0 0 0 1 2 0 0 0 1 2 0 3 0 1 0 0 0 0 0 0 4 1 0 0 0 0 0 0 0 0 0 0 0 0
1 0 0 0 1 0 0 0 0 0 0 1 0 2 0 0 0 0 0 0 2 2 0 0 0 0 0 0 0 0 0 0 0 1
0 0 0 2 1 0 0 1 0 0 0 7 0 1 0 0 0 1 0 0 2 1 0 0 0 0 0 0 0 0 0 0 0 0
0 0 0 1 3 0 0 0 3 1 1 1 0 1 0 0 0 0 0 0 2 1 0 0 0 0 0 0 0 0 0 0 0 0
0 0 0 1 0 0 0 1 0 0 0 16 0 3 0 0 0 1 0 0 4 1 0 0 0 0 0 0 0 0 0 0 0 0
0 0 0 1 2 1 0 0 0 1 1 3 0 1 0 0 0 0 0 0 4 1 0 0 0 0 0 0 0 0 0 0 0 0
0 0 0 2 4 0 0 3 0 2 0 0 0 1 0 0 0 3 0 0 4 3 0 0 0 0 0 0 0 0 0 0 0 0
0 0 0 1 1 0 0 2 0 1 0 7 2 0 0 0 0 0 0 0 2 2 0 0 0 0 0 0 0 0 0 0 0 0
0 0 0 0 3 0 0 1 0 2 2 3 0 1 0 0 0 0 0 0 4 1 0 0 0 0 0 0 0 0 0 0 0 0
1 0 0 0 1 0 0 0 1 0 1 3 0 0 0 0 0 0 0 0 2 1 0 0 0 0 0 0 0 0 0 0 0 0
0 0 0 2 2 1 0 1 1 1 1 2 0 1 0 0 0 0 0 0 4 1 0 0 0 0 0 0 0 0 0 0 0 0
0 0 0 1 0 0 1 2 3 0 0 14 0 1 0 0 0 2 0 0 3 3 0 0 0 0 0 0 0 0 0 0 0 0
0 0 0 0 2 0 0 0 1 2 0 3 0 1 0 0 0 0 0 0 4 1 0 0 0 0 0 0 0 0 0 0 0 0
0 0 0 3 0 0 0 3 1 1 0 0 1 2 0 0 0 0 0 0 3 1 0 0 0 0 0 0 0 0 0 0 0 0
0 0 0 0 2 0 2 4 4 5 1 3 0 1 0 0 0 0 0 0 3 2 0 0 0 0 0 0 0 0 0 0 0 0
1 0 0 0 1 0 0 0 0 0 0 2 0 2 0 0 0 0 0 0 2 2 0 0 0 0 0 0 0 0 0 0 0 0
0 0 0 1 0 0 0 3 3 1 0 0 4 2 0 0 0 0 0 0 3 1 0 0 0 0 0 0 0 0 0 0 0 0
1 0 0 0 1 0 0 0 0 0 0 1 0 2 0 0 0 0 0 0 2 2 0 0 0 0 0 0 0 0 0 0 0 1
0 0 0 2 0 0 2 2 0 1 0 8 0 8 0 0 0 0 0 0 3 2 0 0 0 0 0 0 0 0 0 0 0 0
0 0 0 2 2 0 0 1 0 0 2 3 0 1 0 0 0 0 0 0 4 1 0 0 0 0 0 0 0 0 0 0 0 0
0 0 0 0 0 0 0 1 4 2 0 0 1 1 0 0 0 0 0 0 2 1 0 0 0 0 0 0 0 0 0 0 0 0
0 0 0 1 0 0 0 1 1 1 0 0 0 0 0 0 0 0 0 0 1 1 0 0 0 0 0 0 0 0 0 0 0 0
1 0 0 0 1 0 0 0 0 0 0 2 0 2 0 0 0 0 0 0 2 2 0 0 0 0 0 0 0 0 0 0 0 0
0 0 0 2 2 0 0 2 2 1 0 3 0 2 0 0 0 3 0 0 3 3 0 0 0 0 0 0 0 0 0 0 0 0
0 0 0 2 2 0 0 3 0 3 0 1 0 6 0 0 0 1 0 1 4 2 0 0 0 0 0 0 0 0 0 0 0 0
0 0 0 1 0 0 0 0 0 3 0 0 2 1 0 0 0 0 0 0 1 1 0 0 0 0 0 0 0 0 0 0 0 0
0 0 0 0 1 0 1 3 1 0 0 0 1 1 0 0 0 0 0 0 2 1 0 0 0 0 0 0 0 0 0 1 0 0
1 0 0 0 0 0 0 0 1 1 0 3 0 0 0 0 0 0 0 0 2 1 0 0 0 0 0 0 0 0 0 0 0 0
0 0 0 0 0 0 0 2 0 0 0 8 0 1 0 0 0 0 0 0 2 1 0 0 0 0 0 0 0 0 0 0 0 0
0 0 0 1 0 0 0 0 0 0 0 16 0 2 0 0 0 0 0 1 3 2 0 0 0 0 0 0 0 0 0 0 0 0
0 0 0 0 3 0 0 1 1 2 1 2 0 2 0 0 0 0 0 0 4 1 0 0 0 0 0 0 0 0 0 0 0 0
1 0 0 1 1 0 0 0 0 1 0 1 0 2 0 0 0 0 0 0 2 2 0 0 0 0 0 0 0 0 0 0 0 0
0 0 0 0 3 0 0 1 0 2 2 3 0 1 0 0 0 0 0 0 4 1 0 0 0 0 0 0 0 0 0 0 0 0
1 0 0 0 1 0 0 0 0 0 0 2 0 2 0 0 0 0 0 0 2 2 0 0 0 0 0 0 0 0 0 0 0 0
0 0 0 1 2 1 0 0 0 1 1 3 0 1 0 0 0 0 0 0 4 1 0 0 0 0 0 0 0 0 0 0 0 0
0 0 0 1 2 0 0 1 2 1 0 1 0 4 0 0 0 0 0 0 2 1 0 0 0 0 0 0 0 0 0 0 0 0
0 0 0 1 4 0 0 5 0 1 2 0 0 2 0 0 0 0 0 0 2 1 0 0 0 0 0 0 0 0 0 0 0 0
0 0 0 1 2 1 0 0 0 1 1 3 0 1 0 0 0 0 0 0 4 1 0 0 0 0 0 0 0 0 0 0 0 0
0 0 0 1 2 0 0 0 0 2 1 3 0 1 0 0 0 0 0 0 4 1 0 0 0 0 0 0 0 0 0 0 0 0
0 0 0 0 4 0 0 0 0 3 0 2 0 2 0 0 0 0 0 0 4 1 0 0 0 0 0 0 0 0 0 0 0 0
0 0 0 6 1 0 0 4 0 0 0 1 0 1 0 0 0 0 0 0 2 3 0 0 0 0 0 0 0 0 0 0 0 0
1 0 0 0 1 0 0 0 0 0 0 2 0 2 0 0 0 0 0 0 2 2 0 0 0 0 0 0 0 0 0 0 0 0
0 0 0 1 0 0 0 1 4 0 0 2 0 6 0 0 0 1 0 0 3 1 0 0 0 0 0 0 0 0 0 0 0 0
0 0 0 1 1 0 0 2 3 1 0 0 1 0 0 0 0 0 0 0 2 1 0 0 0 0 0 0 0 0 0 0 0 0
1 0 0 1 1 0 0 1 0 0 0 1 0 3 0 0 0 0 0 0 2 2 0 0 0 0 0 0 0 0 0 0 0 0
1 0 0 0 1 0 0 0 0 0 0 2 0 2 0 0 0 0 0 0 2 2 0 0 0 0 0 0 0 0 0 0 0 0
0 0 0 1 4 1 0 1 1 1 1 0 0 3 0 0 0 0 0 0 4 3 0 0 0 0 0 0 0 0 0 0 0 0
0 0 0 1 2 0 0 0 0 2 1 3 0 1 0 0 0 0 0 0 4 1 0 0 0 0 0 0 0 0 0 0 0 0
1 0 0 0 1 0 0 0 0 0 0 2 0 2 0 0 0 0 0 0 2 2 0 0 0 0 0 0 0 0 0 0 0 0
0 0 0 0 0 0 0 0 1 2 0 3 0 0 0 0 0 0 0 0 2 1 0 0 0 0 0 0 0 0 0 0 0 0
0 0 0 1 0 0 0 1 1 0 0 18 0 0 0 0 0 0 0 0 3 2 0 0 0 0 0 0 0 0 0 0 0 0
1 0 0 0 1 0 0 1 0 2 0 0 0 0 0 0 0 0 0 0 2 1 0 0 0 0 0 0 0 0 0 0 0 0
0 0 0 0 3 0 0 2 2 3 1 2 0 3 0 0 0 0 0 1 3 1 0 0 0 0 0 0 0 0 0 0 0 0
0 0 0 0 0 0 0 2 0 0 0 9 0 0 0 0 0 0 0 0 2 1 0 0 0 0 0 0 0 0 0 0 0 0
0 0 0 0 6 0 0 0 0 3 3 7 0 3 0 0 0 0 0 0 3 2 0 0 0 0 0 0 0 0 0 0 0 0
0 0 0 2 1 0 0 0 0 0 0 8 0 0 0 0 0 0 0 0 2 1 0 0 0 0 0 0 0 0 0 0 0 0
0 0 0 0 1 0 0 2 1 1 0 0 0 0 0 0 0 0 0 0 2 1 0 0 0 0 0 0 0 0 0 1 0 0
0 0 0 0 1 0 0 2 1 1 0 0 0 0 0 0 0 0 0 0 2 1 0 0 0 0 0 0 0 0 0 1 0 0
0 0 0 1 4 0 0 1 0 0 1 3 0 1 0 0 0 0 0 0 4 1 0 0 0 0 0 0 0 0 0 0 0 0
1 0 0 0 1 0 0 0 0 0 0 2 0 2 0 0 0 0 0 0 2 2 0 0 0 0 0 0 0 0 0 0 0 0
0 0 0 1 0 0 0 1 1 1 0 2 0 0 0 0 0 0 0 0 1 1 0 0 0 0 0 0 0 0 0 0 0 0
0 0 0 5 2 0 0 0 0 0 1 3 0 1 0 0 0 1 0 3 3 1 0 0 0 0 0 0 0 0 0 0 0 0
0 0 0 4 1 0 0 3 2 0 0 10 0 4 0 0 0 0 0 1 3 4 0 0 0 0 0 0 0 0 0 0 0 0
1 0 0 2 0 0 0 1 2 2 0 0 0 0 0 0 0 0 0 2 2 3 0 0 0 0 0 0 0 0 0 0 0 0
0 0 0 3 0 0 0 2 0 0 0 9 0 2 0 0 0 0 0 0 3 1 0 0 0 0 0 0 0 0 0 0 0 0
1 0 0 0 1 0 0 4 0 0 0 0 0 0 0 0 0 0 0 0 2 2 0 0 0 0 0 0 0 0 0 0 0 0
0 0 0 3 0 0 0 0 0 0 0 2 0 6 0 0 0 0 0 1 2 1 0 0 0 0 0 0 0 0 0 0 0 0
1 0 0 0 1 0 0 0 0 0 0 1 0 2 0 0 0 0 0 0 2 2 0 0 0 0 0 0 0 0 0 0 0 1
0 0 0 1 2 1 0 0 0 1 1 3 0 1 0 0 0 0 0 0 4 1 0 0 0 0 0 0 0 0 0 0 0 0
0 0 0 2 0 0 0 2 1 2 0 0 0 0 0 0 0 3 0 0 2 3 0 0 0 0 0 0 0 0 0 0 0 0
0 0 0 1 0 0 0 1 0 5 0 0 2 3 0 0 0 0 0 0 3 1 0 0 0 0 0 0 0 0 0 0 0 0
1 0 0 0 1 0 0 0 0 0 0 2 0 2 0 0 0 0 0 0 2 2 0 0 0 0 0 0 0 0 0 0 0 0
0 0 0 2 0 0 0 2 0 1 0 7 0 9 0 1 0 0 0 0 3 4 0 0 0 0 0 0 0 0 0 0 0 0
0 0 0 0 2 0 0 1 0 2 1 1 0 2 0 1 0 0 0 0 2 1 0 0 0 0 0 0 0 0 0 0 0 0
0 0 0 2 4 0 0 1 0 0 1 2 0 2 0 0 0 1 0 0 4 1 0 0 0 0 0 0 0 0 0 0 0 0
1 0 0 0 1 0 0 1 1 1 0 0 1 1 0 0 0 0 0 0 2 2 0 0 0 0 0 0 0 0 0 0 0 0
1 0 0 0 1 0 0 2 0 0 0 0 1 1 0 0 0 0 0 0 2 2 0 0 0 0 0 0 0 0 0 0 0 0
1 0 0 0 1 0 0 0 0 0 0 2 0 2 0 0 0 0 0 0 2 2 0 0 0 0 0 0 0 0 0 0 0 0
1 0 0 0 0 0 1 3 0 0 0 0 0 0 0 0 0 0 0 0 2 1 0 0 0 0 0 0 0 0 0 0 0 0
0 0 0 0 0 0 0 2 0 0 0 9 0 0 0 0 0 0 0 0 2 1 0 0 0 0 0 0 0 0 0 0 0 0
1 0 0 0 1 0 0 0 0 0 0 2 0 2 0 0 0 0 0 0 2 2 0 0 0 0 0 0 0 0 0 0 0 0
0 0 0 1 2 1 0 0 0 1 1 3 0 1 0 0 0 0 0 0 4 1 0 0 0 0 0 0 0 0 0 0 0 0
1 0 0 0 1 0 0 0 0 0 0 2 0 2 0 0 0 0 0 0 2 2 0 0 0 0 0 0 0 0 0 0 0 0
1 0 0 0 1 0 0 0 0 0 0 2 0 2 0 0 0 0 0 0 2 2 0 0 0 0 0 0 0 0 0 0 0 0
0 0 0 1 1 0 0 1 4 1 0 0 0 62 0 0 0 0 0 0 2 1 0 0 0 0 0 0 0 0 0 0 0 0
0 0 0 0 2 0 0 0 1 2 1 3 0 1 0 0 0 0 0 0 4 1 0 0 0 0 0 0 0 0 0 0 0 0
0 0 0 1 3 0 0 0 0 0 0 14 0 3 0 1 0 2 0 1 3 2 0 0 0 0 0 0 0 0 0 0 0 0
1 0 0 0 1 0 0 0 0 0 0 1 0 2 0 0 0 0 0 0 2 2 0 0 0 0 0 0 0 0 0 0 0 1
0 0 0 0 6 0 0 1 0 1 4 7 0 3 0 0 0 0 0 0 3 2 0 0 0 0 0 0 0 0 0 0 0 0
0 0 0 3 0 0 0 0 0 0 0 8 0 0 0 0 0 0 0 1 2 1 0 0 0 0 0 0 0 0 0 0 0 0
0 0 0 3 2 0 0 1 0 0 1 3 0 1 0 0 0 0 0 0 4 1 0 0 0 0 0 0 0 0 0 0 0 0
0 0 0 1 0 0 1 2 1 1 0 1 2 2 0 0 0 0 0 0 3 2 0 0 0 0 0 0 0 0 0 1 0 0
0 0 0 1 0 0 0 1 1 1 0 0 1 0 0 0 0 0 0 0 1 1 0 0 0 0 0 0 0 0 0 0 0 0
0 0 0 2 2 0 0 3 0 0 0 6 0 1 0 0 0 0 0 0 2 3 0 0 0 0 0 0 0 0 0 0 0 0
0 0 0 1 0 0 0 1 1 5 0 0 1 1 0 0 0 0 0 0 3 1 0 0 0 0 0 0 0 0 0 1 0 0
0 0 0 2 2 0 0 3 1 0 0 1 0 1 0 0 0 0 0 0 2 1 0 0 0 0 0 0 0 0 0 0 0 0
0 0 0 0 3 0 0 0 1 1 1 3 0 1 0 0 0 0 0 0 4 1 0 0 0 0 0 0 0 0 0 0 0 0
0 0 0 0 0 1 0 1 2 0 1 3 0 0 0 0 0 0 1 0 1 2 0 0 0 0 0 0 0 0 0 0 0 0
0 0 0 0 2 0 0 1 0 1 2 3 0 1 0 0 0 0 0 0 4 1 0 0 0 0 0 0 0 0 0 0 0 0
0 0 0 4 0 0 0 6 0 0 0 9 0 3 0 0 0 1 0 1 3 4 0 0 0 0 0 0 0 0 0 0 0 0
0 0 0 2 0 0 0 5 0 0 0 5 0 1 0 0 0 0 0 1 2 3 0 0 0 0 0 0 0 0 0 0 0 0
1 0 0 1 1 0 0 1 0 0 0 1 0 2 0 0 0 1 0 0 2 2 0 0 0 0 0 0 0 0 0 0 0 0
0 0 0 0 0 0 0 0 2 0 0 10 0 7 0 0 0 0 0 0 3 2 0 0 0 0 0 0 0 0 0 0 0 0
0 0 0 6 4 1 0 9 6 1 0 56 0 66 0 0 0 1 0 0 1 66 0 0 0 0 0 0 0 0 0 0 0 1
1 0 0 0 1 0 0 0 0 0 0 2 0 2 0 0 0 0 0 0 2 2 0 0 0 0 0 0 0 0 0 0 0 0
0 0 0 3 2 0 0 2 0 1 1 0 0 2 0 0 0 3 0 0 4 3 0 0 0 0 0 0 0 0 0 0 0 0
0 0 0 1 2 0 0 0 0 2 1 3 0 1 0 0 0 0 0 0 4 1 0 0 0 0 0 0 0 0 0 0 0 0
0 0 0 0 2 0 0 1 2 4 1 7 0 1 0 0 0 0 0 0 3 2 0 0 0 0 0 0 0 0 0 0 0 0
0 0 0 2 2 0 0 1 0 2 0 3 0 1 0 0 0 0 0 0 4 1 0 0 0 0 0 0 0 0 0 0 0 0
0 0 0 3 4 0 0 2 1 0 1 0 0 1 0 0 0 0 0 2 4 3 0 0 0 0 0 0 0 0 0 0 0 0
0 0 0 1 1 0 0 0 1 3 0 0 1 3 0 0 0 0 0 0 3 2 0 0 0 0 0 0 0 0 0 1 0 0
0 0 0 0 3 0 0 0 0 2 1 3 0 1 0 0 0 0 0 0 4 1 0 0 0 0 0 0 0 0 0 0 0 0
0 0 0 2 3 0 0 1 1 3 0 1 0 2 0 0 0 0 0 0 4 1 0 0 0 0 0 0 0 0 0 0 0 0
1 0 0 1 1 0 0 2 0 0 0 1 0 2 0 0 0 0 0 0 2 2 0 0 0 0 0 0 0 0 0 0 0 0
0 0 0 4 0 0 0 0 0 0 0 7 0 1 0 0 0 1 0 0 2 1 0 0 0 0 0 0 0 0 0 0 0 0
0 0 0 0 0 0 0 0 0 2 0 5 0 8 0 0 0 2 0 0 3 2 0 0 0 0 0 0 0 0 0 0 0 0
1 0 0 0 1 0 0 0 0 0 0 2 0 2 0 0 0 0 0 0 2 2 0 0 0 0 0 0 0 0 0 0 0 0
0 0 0 3 0 0 0 4 1 0 0 1 1 0 0 0 0 0 0 0 2 1 0 0 0 0 0 0 0 0 0 0 0 0
0 0 0 0 2 0 0 0 0 2 2 3 0 1 0 0 0 0 0 0 4 1 0 0 0 0 0 0 0 0 0 0 0 0
1 0 0 0 1 0 0 0 0 0 0 2 0 2 0 0 0 0 0 0 2 2 0 0 0 0 0 0 0 0 0 0 0 0
0 0 0 2 2 0 0 0 1 2 1 1 0 1 0 0 0 0 0 1 4 2 0 0 0 0 0 0 0 0 0 0 0 0
0 0 0 1 3 0 0 0 3 1 1 1 0 1 0 0 0 0 0 0 2 1 0 0 0 0 0 0 0 0 0 0 0 0
0 0 0 0 1 0 0 2 0 2 0 0 1 1 0 0 0 0 0 0 1 1 0 0 0 0 0 0 0 0 0 0 0 0
1 0 0 0 1 0 0 0 0 0 0 2 0 2 0 0 0 0 0 0 2 2 0 0 0 0 0 0 0 0 0 0 0 0
0 0 0 2 0 0 0 5 0 2 0 5 0 1 0 0 0 0 0 1 2 2 0 0 0 0 0 0 0 0 0 0 0 0
0 0 0 3 0 0 0 3 0 1 0 5 0 0 0 1 0 0 0 0 2 1 0 0 0 0 0 0 0 0 0 0 0 0
0 0 0 0 3 0 0 0 0 4 1 3 0 1 0 0 0 0 0 0 4 1 0 0 0 0 0 0 0 0 0 0 0 0
1 0 0 0 1 0 0 0 0 0 0 2 0 2 0 0 0 0 0 0 2 2 0 0 0 0 0 0 0 0 0 0 0 0
0 0 0 2 3 0 0 1 0 0 1 2 0 1 0 0 0 0 0 0 4 1 0 0 0 0 0 0 0 0 0 0 0 1
0 0 0 6 3 0 0 6 7 3 0 56 0 64 0 0 0 3 0 3 1 67 0 0 0 0 0 0 0 0 0 0 0 1
1 0 0 2 1 0 0 1 1 0 0 0 0 3 0 0 0 0 0 0 2 2 0 0 0 0 0 0 0 0 0 0 0 0
1 0 0 0 1 0 0 0 0 2 0 2 0 2 0 0 0 0 0 0 2 2 0 0 0 0 0 0 0 0 0 0 0 0
0 0 0 4 1 0 0 3 0 0 0 6 0 9 0 0 0 0 0 0 3 2 0 0 0 0 0 0 0 0 0 0 0 1
0 0 0 1 7 0 0 5 0 1 3 4 0 4 0 0 0 0 0 0 3 4 0 0 0 0 0 0 0 0 0 0 0 0
0 0 0 0 4 0 0 3 0 2 2 7 0 2 0 0 0 0 0 0 3 2 0 0 0 0 0 0 0 0 0 0 0 0
0 0 0 3 1 0 0 3 2 1 0 0 1 0 0 0 0 0 0 1 2 1 0 0 0 0 0 0 0 0 0 0 0 0
0 0 0 0 6 0 0 1 0 2 3 7 0 3 0 0 0 0 0 0 3 2 0 0 0 0 0 0 0 0 0 0 0 0
1 0 0 1 1 0 0 0 0 0 0 1 0 3 0 0 0 0 0 0 2 2 0 0 0 0 0 0 0 0 0 0 0 0
0 0 0 1 1 0 0 1 1 2 0 0 0 30 0 0 0 1 0 0 1 1 0 0 0 0 0 0 0 0 0 0 0 0
0 0 0 1 3 1 0 0 0 1 1 2 0 1 0 0 0 0 0 1 4 1 0 0 0 0 0 0 0 0 0 0 0 0
1 0 0 0 1 0 0 0 2 0 0 1 0 1 0 0 0 0 0 0 2 2 0 0 0 0 0 0 0 0 0 0 0 0
0 0 0 3 0 0 0 6 0 1 0 11 0 2 0 0 0 0 0 0 3 4 0 0 0 0 0 0 0 0 0 0 0 0
0 0 0 5 1 0 0 4 0 0 0 9 0 5 0 0 0 1 0 0 3 4 0 0 0 0 0 0 0 0 0 0 0 0
1 0 0 0 1 0 0 0 0 0 0 2 0 2 0 0 0 0 0 0 2 2 0 0 0 0 0 0 0 0 0 0 0 0
0 0 0 0 4 0 2 6 2 3 3 3 0 3 0 0 0 0 0 0 3 2 0 0 0 0 0 0 0 0 0 0 0 0
0 0 0 2 0 1 0 3 1 1 0 0 0 0 0 0 0 0 0 0 2 1 0 0 0 0 0 0 0 0 0 0 0 0
0 0 0 2 3 0 0 1 0 0 1 3 0 1 0 0 0 0 0 0 4 1 0 0 0 0 0 0 0 0 0 0 0 0
0 0 0 2 4 0 0 1 0 1 2 1 0 2 0 0 0 0 0 0 2 1 0 0 0 0 0 0 0 0 0 0 0 0
0 0 0 2 1 0 0 0 0 1 0 8 0 0 0 0 0 0 0 1 2 1 0 0 0 0 0 0 0 0 0 0 0 0
0 0 0 0 0 0 0 1 0 0 0 10 0 0 0 0 0 2 0 0 2 2 0 0 0 0 0 0 0 0 0 0 0 0
0 0 0 2 3 0 1 0 0 1 0 3 0 1 0 0 0 0 0 0 4 1 0 0 0 0 0 0 0 0 0 0 0 0
0 0 0 1 0 0 0 4 2 0 0 12 0 2 0 0 0 0 0 0 3 2 0 0 0 0 0 0 0 0 0 0 0 0
1 0 0 1 0 1 0 0 1 2 1 0 0 65 0 0 0 1 0 0 2 2 0 0 0 0 0 0 0 0 0 0 0 0
0 0 0 1 3 1 0 1 0 1 1 2 0 2 0 0 0 0 0 0 4 1 0 0 0 0 0 0 0 0 0 0 0 0
1 0 0 0 1 0 0 0 0 0 0 2 0 2 0 0 0 0 0 0 2 2 0 0 0 0 0 0 0 0 0 0 0 0
0 0 0 3 0 0 0 3 1 0 1 0 1 2 0 0 0 2 0 0 3 1 0 0 0 0 0 0 0 0 0 0 0 0
0 0 0 0 1 0 0 3 0 2 0 0 1 1 0 0 0 0 0 0 2 1 0 0 0 0 0 0 0 0 0 1 0 0
0 0 0 1 2 1 0 0 0 1 1 3 0 1 0 0 0 0 0 0 4 1 0 0 0 0 0 0 0 0 0 0 0 0
0 0 0 3 1 0 0 0 0 0 0 8 0 7 0 0 0 4 0 1 3 4 0 0 0 0 0 0 0 0 0 0 0 2
1 0 0 0 1 0 0 0 0 0 0 2 0 2 0 0 0 0 0 0 2 2 0 0 0 0 0 0 0 0 0 0 0 0
0 0 0 0 1 0 0 1 1 1 0 0 0 0 0 0 0 0 0 0 1 1 0 0 0 0 0 0 0 0 0 0 0 0
0 0 0 5 2 0 0 4 0 0 0 11 0 1 0 1 0 0 0 0 3 3 0 0 0 0 0 0 0 0 0 0 0 0
0 0 0 0 2 0 0 0 1 2 0 3 0 1 0 0 0 0 0 0 4 1 0 0 0 0 0 0 0 0 0 0 0 0
0 0 0 1 2 0 0 0 0 2 1 3 0 1 0 0 0 0 0 0 4 1 0 0 0 0 0 0 0 0 0 0 0 0
0 0 0 3 1 0 0 5 1 0 0 11 0 3 0 0 0 0 0 1 3 4 0 0 0 0 0 0 0 0 0 0 0 0
0 0 0 1 0 0 0 2 0 2 0 7 0 6 0 1 0 3 0 1 3 4 0 0 0 0 0 0 0 0 0 0 0 0
0 0 0 0 2 0 0 0 1 2 1 3 0 1 0 0 0 0 0 0 4 1 0 0 0 0 0 0 0 0 0 0 0 0
0 0 0 3 2 0 0 0 0 2 0 2 0 4 0 0 0 0 0 0 2 1 0 0 0 0 0 0 0 0 0 0 0 0
0 0 0 0 3 0 0 1 1 3 1 2 0 1 0 0 0 0 0 0 4 1 0 0 0 0 0 0 0 0 0 0 0 0
0 0 0 0 3 0 0 0 1 1 1 3 0 1 0 0 0 0 0 0 4 1 0 0 0 0 0 0 0 0 0 0 0 0
1 0 0 0 1 0 0 0 0 0 0 2 0 2 0 0 0 0 0 0 2 2 0 0 0 0 0 0 0 0 0 0 0 0
1 0 0 0 1 0 0 0 0 0 0 2 0 2 0 0 0 0 0 0 2 2 0 0 0 0 0 0 0 0 0 0 0 0
0 0 0 1 0 0 0 2 0 0 0 6 0 1 0 0 0 1 0 0 2 1 0 0 0 0 0 0 0 0 0 0 0 0
0 0 0 1 0 0 0 4 1 1 0 3 1 3 0 0 0 0 0 0 3 1 0 0 0 0 0 0 0 0 0 0 0 0
1 0 0 0 1 0 0 0 0 0 0 2 0 2 0 0 0 0 0 0 2 2 0 0 0 0 0 0 0 0 0 0 0 0
0 0 0 0 3 0 0 0 1 1 1 3 0 1 0 0 0 0 0 0 4 1 0 0 0 0 0 0 0 0 0 0 0 0
1 0 0 0 1 0 0 0 0 0 0 2 0 2 0 0 0 0 0 0 2 2 0 0 0 0 0 0 0 0 0 0 0 0
0 0 0 4 0 0 0 3 1 0 0 2 0 1 0 0 0 0 0 0 2 1 0 0 0 0 0 0 0 0 0 0 0 0
0 0 0 0 3 1 0 0 0 1 1 3 0 1 0 0 0 0 0 0 4 1 0 0 0 0 0 0 0 0 0 0 0 0
0 0 0 0 0 0 0 2 0 0 0 8 0 0 0 0 0 0 0 1 2 1 0 0 0 0 0 0 0 0 0 0 0 0
1 0 0 0 1 0 0 0 0 0 0 2 0 2 0 0 0 0 0 0 2 2 0 0 0 0 0 0 0 0 0 0 0 0
0 0 0 0 4 0 0 4 0 3 0 1 0 1 0 0 0 0 0 0 4 3 0 0 0 0 0 0 0 0 0 0 0 0
0 0 0 1 2 0 0 0 0 2 1 3 0 1 0 0 0 0 0 0 4 1 0 0 0 0 0 0 0 0 0 0 0 0
0 0 0 0 2 0 0 0 0 4 0 3 0 1 0 0 0 0 0 0 4 1 0 0 0 0 0 0 0 0 0 0 0 0
1 0 0 0 1 0 0 0 0 0 0 2 0 2 0 0 0 0 0 0 2 2 0 0 0 0 0 0 0 0 0 0 0 0
0 0 0 1 1 0 0 1 0 2 1 62 0 65 0 0 0 1 0 0 2 66 0 0 0 0 0 0 0 0 0 0 0 1
0 0 0 1 2 0 0 2 1 1 1 2 0 3 0 0 0 0 0 0 4 1 0 0 0 0 0 0 0 0 0 0 0 0
0 0 0 3 2 0 0 1 0 0 1 3 0 1 0 0 0 0 0 0 4 1 0 0 0 0 0 0 0 0 0 0 0 0
0 0 0 1 0 0 0 1 0 0 0 8 0 9 0 0 0 0 0 0 3 2 0 0 0 0 0 0 0 0 0 0 0 1
0 0 0 0 0 0 0 0 1 3 0 4 0 0 0 0 0 0 0 0 2 2 0 0 0 0 0 0 0 0 0 0 0 0
0 0 0 0 4 0 0 0 1 2 2 1 0 2 0 0 0 0 0 1 2 1 0 0 0 0 0 0 0 0 0 0 0 0
0 0 0 4 0 0 0 1 0 0 0 6 0 1 0 0 0 0 0 0 2 2 0 0 0 0 0 0 0 0 0 0 0 0
0 0 0 3 0 0 0 4 2 0 0 12 0 2 0 0 0 3 0 0 3 5 0 0 0 0 0 0 0 0 0 0 0 0
0 0 0 0 1 0 0 1 1 1 0 0 0 0 0 0 0 0 0 0 1 1 0 0 0 0 0 0 0 0 0 0 0 0
0 0 0 4 0 0 0 6 1 0 0 0 0 0 0 0 0 0 0 0 2 1 0 0 0 0 0 0 0 0 0 0 0 0
1 0 0 0 1 0 0 0 0 0 0 2 0 2 0 0 0 0 0 0 2 2 0 0 0 0 0 0 0 0 0 0 0 0
0 0 0 1 3 0 1 0 0 1 1 3 0 1 0 0 0 0 0 0 4 1 0 0 0 0 0 0 0 0 0 0 0 0
0 0 0 1 0 0 0 6 1 0 0 2 0 0 0 0 0 1 0 0 2 1 0 0 0 0 0 0 0 0 0 0 0 0
0 0 0 1 3 0 0 0 0 3 0 2 0 2 0 0 0 0 0 0 4 1 0 0 0 0 0 0 0 0 0 0 0 0
0 0 0 2 0 0 0 5 1 0 0 1 0 0 0 0 0 0 0 1 2 1 0 0 0 0 0 0 0 0 0 0 0 0
0 0 0 0 1 0 0 1 1 3 1 2 0 1 0 0 0 1 0 0 3 1 0 0 0 0 0 0 0 0 0 0 0 0
0 0 0 2 5 0 0 3 0 3 3 4 0 5 0 0 0 1 0 0 3 2 0 0 0 0 0 0 0 0 0 0 0 0
1 0 0 0 1 0 0 4 0 0 0 0 0 0 0 0 0 0 0 0 2 2 0 0 0 0 0 0 0 0 0 0 0 0
0 0 0 0 1 0 0 0 1 3 0 0 0 3 0 0 0 0 0 0 3 1 0 0 0 0 0 0 0 0 0 1 0 0
0 0 0 1 0 0 0 3 1 0 0 7 0 6 0 0 0 1 0 0 3 2 0 0 0 0 0 0 0 0 0 0 0 1
0 0 0 0 1 0 0 0 3 1 0 0 1 1 0 0 0 0 0 0 1 1 0 0 0 0 0 0 0 0 0 0 0 0
0 0 0 1 1 0 0 0 0 1 0 1 0 3 0 0 0 0 0 0 1 1 0 0 0 0 0 0 0 0 0 0 0 0
0 0 0 3 3 0 1 4 1 0 1 0 0 2 0 0 0 0 0 0 2 3 0 0 0 0 0 0 0 0 0 0 0 0
1 0 0 0 1 0 0 0 0 0 0 2 0 2 0 0 0 0 0 0 2 2 0 0 0 0 0 0 0 0 0 0 0 0
0 0 0 0 2 0 0 1 0 2 1 3 0 1 0 0 0 0 0 0 4 1 0 0 0 0 0 0 0 0 0 0 0 0
0 0 0 0 3 0 0 0 1 2 0 3 0 1 0 0 0 0 0 0 4 1 0 0 0 0 0 0 0 0 0 0 0 0
0 0 0 1 6 0 0 2 1 3 3 4 0 3 0 0 0 0 0 2 3 4 0 0 0 0 0 0 0 0 0 0 0 0
0 0 0 2 0 0 0 0 0 0 0 9 0 0 0 0 0 0 0 0 2 1 0 0 0 0 0 0 0 0 0 0 0 0
1 0 0 0 1 0 0 0 2 0 0 1 0 1 0 0 0 0 0 0 2 2 0 0 0 0 0 0 0 0 0 0 0 0
0 0 0 2 1 0 0 5 3 0 0 9 0 2 0 0 0 1 0 0 3 2 0 0 0 0 0 0 0 0 0 0 0 0
0 0 0 0 0 0 0 5 1 2 0 15 0 0 0 0 0 0 0 0 3 2 0 0 0 0 0 0 0 0 0 0 0 0
0 0 0 1 0 0 0 2 1 1 0 2 0 0 0 0 0 0 0 0 2 1 0 0 0 0 0 0 0 0 0 1 0 0
0 0 0 1 2 0 0 1 0 0 3 3 0 1 0 0 0 0 0 0 4 1 0 0 0 0 0 0 0 0 0 0 0 0
1 0 0 0 1 0 0 0 0 0 0 2 0 2 0 0 0 0 0 0 2 2 0 0 0 0 0 0 0 0 0 0 0 0
0 0 0 0 3 1 0 0 0 1 1 3 0 1 0 0 0 0 0 0 4 1 0 0 0 0 0 0 0 0 0 0 0 0
0 0 0 0 4 0 1 5 5 1 2 4 0 3 0 0 0 0 0 0 3 2 0 0 0 0 0 0 0 0 0 0 0 0
1 0 0 1 1 0 0 1 0 0 0 1 0 2 0 0 0 0 0 0 2 2 0 0 0 0 0 0 0 0 0 0 0 0
0 0 0 1 0 0 0 1 1 5 0 0 1 1 0 0 0 0 0 0 3 1 0 0 0 0 0 0 0 0 0 1 0 0
0 0 0 4 0 0 0 1 0 1 0 5 0 1 0 0 0 1 0 0 2 1 0 0 0 0 0 0 0 0 0 0 0 0
0 0 0 0 2 0 0 0 1 2 0 2 0 1 0 0 0 0 0 0 4 1 0 0 0 0 0 0 0 0 0 0 0 1
0 0 0 1 0 0 0 1 4 0 2 11 0 11 0 0 0 0 0 0 1 13 0 0 0 0 0 0 0 0 0 0 0 0
0 0 0 2 2 0 0 1 0 1 1 2 0 3 0 0 0 0 0 0 4 1 0 0 0 0 0 0 0 0 0 0 0 0
0 0 0 1 2 1 0 0 0 1 1 3 0 1 0 0 0 0 0 0 4 1 0 0 0 0 0 0 0 0 0 0 0 0
0 0 0 1 0 0 0 1 1 0 0 7 0 4 0 0 0 1 0 1 3 1 0 0 0 0 0 0 0 0 0 0 0 0
1 0 0 0 1 0 0 0 0 0 0 2 0 2 0 0 0 0 0 0 2 2 0 0 0 0 0 0 0 0 0 0 0 0
0 0 0 0 0 0 0 2 1 1 0 0 1 2 0 0 0 0 0 0 1 1 0 0 0 0 0 0 0 0 0 0 0 0
1 0 0 0 1 0 0 0 0 0 0 2 0 2 0 0 0 0 0 0 2 2 0 0 0 0 0 0 0 0 0 0 0 0
0 0 0 3 0 0 0 0 0 1 0 3 0 1 0 1 0 0 0 0 1 1 0 0 0 0 0 0 0 0 0 0 0 0
0 0 0 0 3 0 0 0 1 2 1 2 0 1 0 0 0 0 0 1 4 1 0 0 0 0 0 0 0 0 0 0 0 0
0 0 0 2 0 0 0 0 0 1 0 8 0 9 0 0 0 3 0 0 3 4 0 0 0 0 0 0 0 0 0 0 0 0
0 0 0 5 6 0 0 5 1 3 1 1 0 4 0 0 0 0 0 2 3 6 0 0 0 0 0 0 0 0 0 0 0 0
0 0 0 4 0 0 0 3 0 0 0 4 0 1 0 0 0 1 0 0 2 1 0 0 0 0 0 0 0 0 0 0 0 0
0 0 0 2 1 0 0 0 3 1 0 0 3 2 0 0 0 0 0 0 1 4 0 0 0 0 0 0 0 0 0 1 0 0
0 0 0 2 6 0 0 3 1 2 2 4 0 3 0 0 0 0 0 2 3 4 0 0 0 0 0 0 0 0 0 0 0 0
0 0 0 0 2 1 0 0 0 1 2 3 0 1 0 0 0 0 0 0 4 1 0 0 0 0 0 0 0 0 0 0 0 0
0 0 0 3 2 0 0 1 0 0 1 3 0 1 0 0 0 0 0 0 4 1 0 0 0 0 0 0 0 0 0 0 0 0
1 0 0 0 1 0 0 2 2 2 0 0 0 1 0 0 0 0 0 0 2 3 0 0 0 0 0 0 0 0 0 0 0 0
1 0 0 0 1 0 0 0 0 0 0 2 0 2 0 0 0 0 0 0 2 2 0 0 0 0 0 0 0 0 0 0 0 0
1 0 0 0 1 0 0 0 0 0 0 2 0 2 0 0 0 0 0 0 2 2 0 0 0 0 0 0 0 0 0 0 0 0
1 0 0 0 1 0 0 0 0 0 0 2 0 2 0 0 0 0 0 0 2 2 0 0 0 0 0 0 0 0 0 0 0 0
0 0 0 1 3 1 0 0 0 1 1 2 1 1 0 0 0 0 0 0 4 1 0 0 0 0 0 0 0 0 0 0 0 0
0 0 0 1 2 0 0 3 0 0 0 14 0 1 0 0 0 0 0 0 3 4 0 0 0 0 0 0 0 0 0 0 0 1
0 0 0 1 1 0 0 1 2 3 0 0 0 0 0 0 0 0 0 0 2 1 0 0 0 0 0 0 0 0 0 0 0 0
0 0 0 3 1 0 0 0 0 0 0 6 0 0 0 0 0 2 0 0 2 1 0 0 0 0 0 0 0 0 0 0 0 0
0 0 0 5 2 0 0 3 0 1 0 7 0 6 0 0 0 1 0 0 3 3 0 0 0 0 0 0 0 0 0 0 0 0
0 0 0 0 4 0 0 1 0 2 2 1 0 2 0 1 0 0 0 0 2 1 0 0 0 0 0 0 0 0 0 0 0 0
1 0 0 0 1 0 0 0 0 0 0 2 0 2 0 0 0 0 0 0 2 2 0 0 0 0 0 0 0 0 0 0 0 0
0 0 0 2 2 0 0 1 0 0 2 3 0 1 0 0 0 0 0 0 4 1 0 0 0 0 0 0 0 0 0 0 0 0
0 0 0 1 2 0 0 3 0 2 0 2 0 0 0 0 0 0 0 1 2 1 0 0 0 0 0 0 0 0 0 0 0 0
0 0 0 0 4 0 0 1 1 2 1 1 0 2 0 0 0 0 0 1 2 1 0 0 0 0 0 0 0 0 0 0 0 0
1 0 0 0 0 0 0 1 0 0 0 1 0 1 0 0 0 0 0 0 2 1 0 0 0 0 0 0 0 0 0 0 0 0
0 0 0 2 3 0 0 1 1 0 1 2 0 3 0 0 0 0 0 0 2 1 0 0 0 0 0 0 0 0 0 0 0 0
1 0 0 0 1 0 0 0 0 0 0 2 0 2 0 0 0 0 0 0 2 2 0 0 0 0 0 0 0 0 0 0 0 0
0 0 0 0 5 0 0 1 2 1 1 0 0 1 0 0 0 0 0 2 4 3 0 0 0 0 0 0 0 0 0 0 0 0
0 0 0 4 1 0 0 2 0 2 0 0 3 3 0 0 0 2 0 0 2 3 0 0 0 0 0 0 0 0 0 0 0 0
0 0 0 0 2 0 0 1 1 1 1 3 0 5 0 0 0 0 0 1 3 1 0 0 0 0 0 0 0 0 0 0 0 0
0 0 0 1 2 0 0 5 3 1 0 1 3 1 0 1 0 0 0 0 2 4 0 0 0 0 0 0 0 0 0 0 0 0
0 0 0 0 2 0 1 8 1 3 2 1 1 6 0 0 0 0 0 0 3 4 0 0 0 0 0 0 0 0 0 0 0 1
0 0 0 3 2 0 0 2 0 0 0 5 0 9 0 0 0 0 0 0 3 3 0 0 0 0 0 0 0 0 0 0 0 0
0 0 0 0 4 0 0 5 2 2 3 5 0 3 0 0 0 0 0 0 3 2 0 0 0 0 0 0 0 0 0 0 0 0
0 0 0 1 0 0 0 1 3 0 0 9 0 7 0 0 0 0 0 0 3 2 0 0 0 0 0 0 0 0 0 0 0 0
0 0 0 0 0 0 0 0 1 0 0 3 0 5 0 0 0 1 0 1 2 1 0 0 0 0 0 0 0 0 0 0 0 0
0 0 0 0 6 0 0 0 0 4 2 7 0 3 0 0 0 0 0 0 3 2 0 0 0 0 0 0 0 0 0 0 0 0
0 0 0 2 0 0 0 2 1 2 0 3 1 4 0 0 0 1 0 0 3 2 0 0 0 0 0 0 0 0 0 0 0 0
0 0 0 3 2 0 0 1 0 0 1 3 0 1 0 0 0 0 0 0 4 1 0 0 0 0 0 0 0 0 0 0 0 0
1 1 0 1 0 1 0 1 0 0 0 0 1 0 0 0 0 0 0 0 2 1 0 0 0 0 0 0 0 0 0 0 0 0
0 0 0 4 3 0 0 9 1 4 1 2 0 3 0 0 0 1 0 0 3 4 0 0 0 0 0 0 0 0 0 0 0 0
0 0 0 0 4 0 0 2 0 2 1 1 0 2 0 0 0 0 0 1 2 1 0 0 0 0 0 0 0 0 0 0 0 0
0 0 0 1 2 1 0 0 0 1 1 3 0 1 0 0 0 0 0 0 4 1 0 0 0 0 0 0 0 0 0 0 0 0
0 0 0 1 1 0 0 0 0 0 0 9 0 7 0 0 0 0 0 0 3 2 0 0 0 0 0 0 0 0 0 0 0 0
0 0 0 0 0 1 1 3 0 0 0 0 0 2 0 0 0 0 0 0 2 1 0 0 0 0 0 0 0 0 0 1 0 0
0 0 0 3 1 0 0 0 0 1 0 1 0 0 0 0 0 0 0 0 1 1 0 0 0 0 0 0 0 0 0 0 0 0
1 0 0 1 1 0 0 0 0 0 0 1 0 3 0 0 0 1 0 0 2 2 0 0 0 0 0 0 0 0 0 0 0 0
0 0 0 0 6 0 0 2 0 2 2 7 0 3 0 0 0 0 0 0 3 2 0 0 0 0 0 0 0 0 0 0 0 0
0 0 0 1 0 0 0 2 1 0 0 0 2 3 0 0 0 0 0 0 3 2 0 0 0 0 0 0 0 0 0 0 0 0
0 0 0 1 2 0 0 3 0 0 1 3 0 1 0 0 0 0 0 0 4 1 0 0 0 0 0 0 0 0 0 0 0 0
0 0 0 1 0 0 1 5 7 3 0 1 1 3 0 0 0 0 0 0 2 4 0 0 0 0 0 0 0 0 0 0 0 0
0 0 0 10 2 0 1 6 3 4 1 55 0 68 0 0 0 3 0 1 1 67 0 0 0 0 0 0 0 0 0 0 0 1
1 0 0 0 0 0 0 1 0 0 0 1 0 1 0 0 0 0 0 0 2 1 0 0 0 0 0 0 0 0 0 0 0 0
0 0 0 4 0 0 0 2 0 0 0 7 0 1 0 0 0 0 0 0 2 1 0 0 0 0 0 0 0 0 0 0 0 0
1 0 0 0 1 0 0 0 0 0 0 2 0 2 0 0 0 0 0 0 2 2 0 0 0 0 0 0 0 0 0 0 0 0
0 0 0 2 0 0 0 5 1 0 0 0 1 1 0 0 0 0 0 0 2 1 0 0 0 0 0 0 0 0 0 0 0 0
0 0 0 0 2 0 0 2 1 1 1 3 0 2 0 0 0 0 0 0 4 1 0 0 0 0 0 0 0 0 0 0 0 0
0 0 0 0 2 0 0 2 3 1 1 3 0 2 0 0 0 0 0 1 3 1 0 0 0 0 0 0 0 0 0 0 0 0
0 0 0 3 2 0 0 1 0 0 1 3 0 1 0 0 0 0 0 0 4 1 0 0 0 0 0 0 0 0 0 0 0 0
0 0 0 0 0 0 0 5 0 1 0 0 1 0 0 0 0 1 0 0 1 1 0 0 0 0 0 0 0 0 0 0 0 0
1 0 0 0 1 0 0 0 0 0 0 2 0 2 0 0 0 0 0 0 2 2 0 0 0 0 0 0 0 0 0 0 0 0
0 0 0 1 4 0 0 1 0 0 1 3 0 1 0 0 0 0 0 0 4 1 0 0 0 0 0 0 0 0 0 0 0 0
0 0 0 0 1 0 0 4 1 1 1 0 10 3 0 0 0 0 0 0 3 2 0 0 0 0 0 0 0 0 0 0 0 0
1 0 0 0 1 0 0 0 0 0 0 2 0 2 0 0 0 0 0 0 2 2 0 0 0 0 0 0 0 0 0 0 0 0
0 0 0 1 4 0 0 1 0 0 1 3 0 1 0 0 0 0 0 0 4 1 0 0 0 0 0 0 0 0 0 0 0 0
0 0 0 1 2 0 0 4 0 1 0 1 1 1 0 0 0 0 0 0 2 2 0 0 0 0 0 0 0 0 0 0 0 0
0 0 0 0 0 0 0 2 2 5 0 0 3 5 0 0 0 0 0 0 3 1 0 0 0 0 0 0 0 0 0 0 0 0
0 0 0 0 3 0 0 0 0 2 1 3 0 1 0 0 0 0 0 0 4 1 0 0 0 0 0 0 0 0 0 0 0 0
0 0 0 1 2 0 0 0 0 0 0 5 0 4 0 0 0 0 0 0 2 1 0 0 0 0 0 0 0 0 0 0 0 0
0 0 0 3 2 1 0 3 0 2 1 0 0 1 0 0 0 0 0 0 4 3 0 0 0 0 0 0 0 0 0 0 0 0
1 0 0 0 1 0 0 0 0 0 0 0 0 1 0 0 0 0 0 0 2 1 0 0 0 0 0 0 0 0 0 0 0 1
0 0 0 4 2 0 0 1 1 0 0 2 0 0 0 0 0 0 0 0 2 1 0 0 0 0 0 0 0 0 0 0 0 0
0 0 0 0 2 0 0 2 1 1 1 3 0 2 0 0 0 0 0 0 4 1 0 0 0 0 0 0 0 0 0 0 0 0
0 0 0 0 6 0 0 1 0 2 3 7 0 3 0 0 0 0 0 0 3 2 0 0 0 0 0 0 0 0 0 0 0 0
0 0 0 0 0 0 0 2 0 0 0 8 0 0 0 0 0 0 0 1 2 1 0 0 0 0 0 0 0 0 0 0 0 0
0 0 0 3 0 0 0 0 0 0 0 8 0 1 0 0 0 0 0 0 2 1 0 0 0 0 0 0 0 0 0 0 0 0
0 0 0 2 0 0 1 7 0 3 0 8 1 1 0 0 0 1 0 1 3 4 0 0 0 0 0 0 0 0 0 0 0 0
0 0 0 0 0 0 0 4 5 1 0 0 3 4 0 0 0 0 0 0 3 2 0 0 0 0 0 0 0 0 0 0 0 0
0 0 0 0 0 0 0 0 1 3 0 3 0 0 0 0 0 0 0 0 1 1 0 0 0 0 0 0 0 0 0 0 0 0
0 0 0 1 0 0 0 2 2 2 0 2 0 0 0 0 0 0 0 0 1 2 0 0 0 0 0 0 0 0 0 0 0 0
0 0 0 1 0 0 0 2 0 0 0 8 0 0 0 0 0 0 0 0 2 1 0 0 0 0 0 0 0 0 0 0 0 0
0 0 0 0 1 0 0 0 0 0 0 9 0 9 0 0 0 1 0 0 3 2 0 0 0 0 0 0 0 0 0 0 0 0
0 0 0 1 4 0 0 1 0 0 1 3 0 1 0 0 0 0 0 0 4 1 0 0 0 0 0 0 0 0 0 0 0 0
1 0 0 0 1 0 0 0 0 0 0 2 0 2 0 0 0 0 0 0 2 2 0 0 0 0 0 0 0 0 0 0 0 0
0 0 0 1 1 0 0 0 3 0 0 3 0 2 0 0 0 0 0 0 2 1 0 0 0 0 0 0 0 0 0 0 0 0
1 0 0 0 1 0 0 0 0 0 0 2 0 2 0 0 0 0 0 0 2 2 0 0 0 0 0 0 0 0 0 0 0 0
1 0 0 0 1 0 0 0 0 0 0 1 0 2 0 0 0 0 0 0 2 2 0 0 0 0 0 0 0 0 0 0 0 1
0 0 0 2 1 0 0 4 2 1 0 0 2 2 0 0 0 0 0 0 2 3 0 0 0 0 0 0 0 0 0 0 0 0
1 0 0 0 1 0 0 0 0 0 0 2 0 2 0 0 0 0 0 0 2 2 0 0 0 0 0 0 0 0 0 0 0 0
1 0 0 0 1 0 0 0 0 0 0 1 0 2 0 0 0 0 0 0 2 2 0 0 0 0 0 0 0 0 0 0 0 1
1 0 0 0 1 0 0 2 0 0 0 1 0 1 0 0 0 0 0 0 2 2 0 0 0 0 0 0 0 0 0 0 0 0
0 0 0 3 2 0 1 4 0 0 1 0 0 1 0 0 0 3 0 0 4 3 0 0 0 0 0 0 0 0 0 0 0 0
1 0 0 0 1 0 0 2 2 1 0 0 1 1 0 0 0 0 0 0 2 3 0 0 0 0 0 0 0 0 0 0 0 0
0 0 0 1 2 1 0 0 0 1 1 3 0 1 0 0 0 0 0 0 4 1 0 0 0 0 0 0 0 0 0 0 0 0
0 0 0 1 0 1 0 1 0 3 0 0 3 0 0 0 0 0 0 0 3 1 0 0 0 0 0 0 0 0 0 0 0 0
0 0 0 0 0 0 0 1 0 4 0 0 2 1 0 0 0 0 0 0 1 1 0 0 0 0 0 0 0 0 0 0 0 0
0 0 0 5 0 0 0 8 0 0 0 1 0 0 0 0 0 0 0 0 2 3 0 0 0 0 0 0 0 0 0 0 0 0
0 0 0 1 0 0 0 2 1 1 0 0 0 0 0 0 0 0 0 0 2 1 0 0 0 0 0 0 0 0 0 1 0 0
0 0 0 0 1 0 0 2 0 0 0 11 0 1 0 0 0 0 0 0 3 1 0 0 0 0 0 0 0 0 0 0 0 0
1 0 0 0 1 0 0 0 0 0 0 2 0 2 0 0 0 0 0 0 2 2 0 0 0 0 0 0 0 0 0 0 0 0
0 0 0 2 0 0 0 1 1 1 0 0 0 0 0 0 0 1 0 0 1 1 0 0 0 0 0 0 0 0 0 0 0 0
0 0 0 0 3 1 0 0 0 1 1 3 0 1 0 0 0 0 0 0 4 1 0 0 0 0 0 0 0 0 0 0 0 0
0 0 0 1 0 0 0 1 0 1 0 0 1 1 0 0 0 0 0 0 1 1 0 0 0 0 0 0 0 0 0 0 0 0
0 0 0 3 1 0 0 2 2 0 0 12 0 2 0 0 0 5 0 0 3 5 0 0 0 0 0 0 0 0 0 0 0 0
0 0 0 1 2 0 0 2 0 0 0 4 0 1 0 0 0 2 0 0 2 1 0 0 0 0 0 0 0 0 0 0 0 0
0 0 0 1 0 0 0 2 0 2 0 0 0 1 0 0 0 0 0 0 2 1 0 0 0 0 0 0 0 0 0 1 0 0
1 0 0 0 1 0 0 0 0 0 0 2 0 2 0 0 0 0 0 0 2 2 0 0 0 0 0 0 0 0 0 0 0 0
0 0 0 0 2 0 1 2 2 2 0 1 0 1 0 0 0 0 0 0 4 1 0 0 0 0 0 0 0 0 0 0 0 0
0 0 0 0 3 1 0 0 0 1 0 3 0 1 0 0 0 0 0 0 4 1 0 0 0 0 0 0 0 0 0 0 0 0
1 0 0 0 1 0 0 0 0 0 0 2 0 2 0 0 0 0 0 0 2 2 0 0 0 0 0 0 0 0 0 0 0 0
0 0 0 2 2 0 0 1 1 0 1 2 0 0 0 0 0 0 0 1 1 2 0 0 0 0 0 0 0 0 0 0 0 0
0 0 0 0 0 0 0 1 0 0 0 10 0 8 0 0 0 0 0 0 3 2 0 0 0 0 0 0 0 0 0 0 0 0
0 0 0 0 0 0 0 1 4 2 1 0 3 7 0 0 0 0 0 0 3 2 0 0 0 0 0 0 0 0 0 0 0 0
0 0 0 0 3 0 0 4 0 0 0 6 0 11 0 0 0 0 0 0 3 4 0 0 0 0 0 0 0 0 0 0 0 0
0 0 0 0 8 0 0 3 0 3 2 5 0 4 0 0 0 0 0 0 3 2 0 0 0 0 0 0 0 0 0 0 0 0
0 0 0 0 0 0 0 5 0 1 0 0 1 1 0 0 0 0 0 0 1 1 0 0 0 0 0 0 0 0 0 0 0 0
0 0 0 1 0 0 0 0 0 0 0 9 0 9 0 0 0 0 0 0 3 2 0 0 0 0 0 0 0 0 0 0 0 1
0 0 0 0 0 0 1 2 0 2 0 2 5 2 0 0 0 0 0 0 3 2 0 0 0 0 0 0 0 0 0 0 0 0
0 0 0 1 0 0 1 2 1 0 0 8 1 2 0 0 0 0 0 0 2 3 0 0 0 0 0 0 0 0 0 0 0 0
0 0 0 0 3 0 0 0 0 3 0 3 0 1 0 0 0 0 0 0 4 1 0 0 0 0 0 0 0 0 0 0 0 0
0 0 0 0 0 0 3 4 2 0 0 6 0 8 0 0 0 0 0 0 3 2 0 0 0 0 0 0 0 0 0 0 0 0
0 0 0 0 1 0 0 4 2 2 0 0 8 3 0 0 0 0 0 0 3 2 0 0 0 0 0 0 0 0 0 0 0 0
1 0 0 0 1 0 0 0 0 0 0 2 0 2 0 0 0 0 0 0 2 2 0 0 0 0 0 0 0 0 0 0 0 0
0 0 0 2 0 0 0 3 0 0 0 5 0 2 0 0 0 0 0 0 2 2 0 0 0 0 0 0 0 0 0 0 0 0
0 0 0 1 0 0 1 3 1 1 0 0 1 2 0 0 0 0 0 0 2 1 0 0 0 0 0 0 0 0 0 0 0 0
1 0 0 0 1 0 0 0 0 0 0 2 0 2 0 0 0 0 0 0 2 2 0 0 0 0 0 0 0 0 0 0 0 0
1 0 0 0 0 0 0 2 2 1 0 0 2 1 0 0 0 0 0 0 2 3 0 0 0 0 0 0 0 0 0 0 0 0
0 0 0 0 3 0 0 0 1 2 0 3 0 1 0 0 0 0 0 0 4 1 0 0 0 0 0 0 0 0 0 0 0 0
0 0 0 1 2 0 0 0 0 2 1 3 0 1 0 0 0 0 0 0 4 1 0 0 0 0 0 0 0 0 0 0 0 0
1 0 0 0 1 0 0 2 0 0 0 0 1 1 0 0 0 0 0 0 2 2 0 0 0 0 0 0 0 0 0 0 0 0
1 0 0 1 1 0 0 1 1 0 0 1 0 2 0 0 0 0 0 0 2 2 0 0 0 0 0 0 0 0 0 0 0 0
1 0 0 0 1 0 0 0 0 0 0 2 0 2 0 0 0 0 0 0 2 2 0 0 0 0 0 0 0 0 0 0 0 0
0 0 0 1 0 0 0 3 2 1 0 0 1 2 0 0 0 0 0 0 2 1 0 0 0 0 0 0 0 0 0 0 0 0
0 0 0 4 0 0 0 2 0 0 0 6 0 1 0 0 0 0 0 0 2 1 0 0 0 0 0 0 0 0 0 0 0 0
0 0 0 22 1 1 0 1 4 0 0 0 24 5 0 0 0 0 0 0 3 23 0 0 0 0 0 0 0 0 0 0 0 0
0 0 0 1 2 0 0 0 0 2 1 3 0 1 0 0 0 0 0 0 4 1 0 0 0 0 0 0 0 0 0 0 0 0
1 0 0 0 1 0 0 2 0 1 0 0 1 0 0 0 0 0 0 0 2 2 0 0 0 0 0 0 0 0 0 0 0 0
0 0 0 0 0 0 0 1 0 2 0 1 0 1 0 0 0 0 0 1 1 1 0 0 0 0 0 0 0 0 0 0 0 0
0 0 0 2 1 0 0 4 0 0 0 2 1 2 0 0 0 0 0 0 2 2 0 0 0 0 0 0 0 0 0 0 0 0
0 0 0 1 3 0 0 1 1 1 1 2 0 2 0 0 0 0 0 0 4 1 0 0 0 0 0 0 0 0 0 0 0 0
0 0 0 3 1 0 0 2 0 0 0 7 0 2 0 0 0 2 0 0 3 1 0 0 0 0 0 0 0 0 0 0 0 0
1 0 0 0 1 0 0 0 0 0 0 2 0 2 0 0 0 0 0 0 2 2 0 0 0 0 0 0 0 0 0 0 0 0
0 0 0 0 3 0 0 1 1 2 1 2 0 2 0 0 0 0 0 0 4 1 0 0 0 0 0 0 0 0 0 0 0 0
0 0 0 0 2 0 0 4 0 1 1 0 0 2 0 0 0 0 0 0 2 1 0 0 0 0 0 0 0 0 0 0 0 0
0 0 0 3 1 0 0 7 1 0 0 9 0 2 0 0 0 0 0 3 3 4 0 0 0 0 0 0 0 0 0 0 0 0
0 0 0 0 2 0 0 1 0 1 0 8 0 7 0 0 0 0 0 0 3 2 0 0 0 0 0 0 0 0 0 0 0 0
0 0 0 1 3 1 0 0 0 1 1 2 0 1 0 0 0 0 0 1 4 1 0 0 0 0 0 0 0 0 0 0 0 0
1 0 0 0 1 0 0 0 0 0 0 2 0 2 0 0 0 0 0 0 2 2 0 0 0 0 0 0 0 0 0 0 0 0
0 0 0 2 0 0 0 4 0 0 0 5 0 3 0 0 0 0 0 0 2 2 0 0 0 0 0 0 0 0 0 0 0 0
0 0 0 0 3 0 0 0 1 2 0 3 0 1 0 0 0 0 0 0 4 1 0 0 0 0 0 0 0 0 0 0 0 0
0 0 0 0 2 0 0 5 1 0 0 1 0 1 0 0 0 0 0 0 2 1 0 0 0 0 0 0 0 0 0 0 0 0
0 0 0 0 1 0 0 1 4 1 0 0 0 1 0 0 0 0 0 0 2 1 0 0 0 0 0 0 0 0 0 0 0 0
0 0 0 1 0 0 0 3 0 4 0 0 1 1 0 0 0 0 0 0 2 1 0 0 0 0 0 0 0 0 0 0 0 0
0 0 0 2 2 0 0 1 0 0 2 3 0 1 0 0 0 0 0 0 4 1 0 0 0 0 0 0 0 0 0 0 0 0
0 0 0 1 4 0 0 1 1 0 0 5 0 0 0 0 0 0 0 0 2 1 0 0 0 0 0 0 0 0 0 0 0 0
0 0 0 2 3 0 0 3 0 1 0 2 0 2 0 0 0 0 0 1 2 1 0 0 0 0 0 0 0 0 0 0 0 0
0 0 0 1 0 0 0 2 2 2 0 0 1 2 0 0 0 0 0 0 2 1 0 0 0 0 0 0 0 0 0 0 0 0
1 0 0 0 1 0 0 0 0 0 0 2 0 2 0 0 0 0 0 0 2 2 0 0 0 0 0 0 0 0 0 0 0 0
0 0 0 4 0 0 0 2 0 0 0 11 0 2 0 0 0 3 0 2 3 2 0 0 0 0 0 0 0 0 0 0 0 0
0 0 0 1 5 0 0 2 0 0 1 2 0 2 0 0 0 0 0 0 4 1 0 0 0 0 0 0 0 0 0 0 0 0
0 0 0 0 1 0 0 1 4 1 0 0 0 1 0 0 0 0 0 0 2 1 0 0 0 0 0 0 0 0 0 0 0 0
0 0 0 3 0 0 0 4 2 1 0 0 0 3 0 0 0 2 0 0 2 2 0 0 0 0 0 0 0 0 0 0 0 0
1 0 0 0 1 0 0 0 0 0 0 2 0 2 0 0 0 0 0 0 2 2 0 0 0 0 0 0 0 0 0 0 0 0
0 0 0 0 0 0 0 1 4 1 0 0 0 0 0 0 0 0 0 2 1 2 0 0 0 0 0 0 0 0 0 0 0 0
0 0 0 3 4 0 0 1 0 1 2 0 0 2 0 0 0 0 0 1 2 1 0 0 0 0 0 0 0 0 0 0 0 0
1 0 0 0 1 0 0 4 0 0 0 0 0 0 0 0 0 0 0 0 2 2 0 0 0 0 0 0 0 0 0 0 0 0
0 0 0 6 0 0 0 3 0 0 0 4 0 1 0 0 0 0 0 0 2 3 0 0 0 0 0 0 0 0 0 0 0 0
0 0 0 3 0 0 0 3 0 0 0 14 0 2 0 1 0 0 0 1 3 4 0 0 0 0 0 0 0 0 0 0 0 0
0 0 0 3 0 0 0 2 0 0 0 6 0 2 0 0 0 1 0 0 2 1 0 0 0 0 0 0 0 0 0 0 0 0
0 0 0 1 2 0 0 3 0 0 0 7 0 10 0 0 0 0 0 0 3 2 0 0 0 0 0 0 0 0 0 0 0 1
1 1 0 1 0 1 0 1 0 0 0 0 1 0 0 0 0 0 0 0 2 1 0 0 0 0 0 0 0 0 0 0 0 0
0 0 0 1 2 0 0 0 1 2 0 3 0 1 0 0 0 0 0 0 4 1 0 0 0 0 0 0 0 0 0 0 0 0
0 0 0 1 1 0 0 2 0 1 0 0 1 0 0 0 0 0 0 0 1 1 0 0 0 0 0 0 0 0 0 0 0 0
0 0 0 0 0 0 1 6 2 3 0 13 1 2 0 0 0 0 0 0 3 4 0 0 0 0 0 0 0 0 0 0 0 0
0 0 0 0 2 0 0 0 0 2 0 8 0 6 0 0 0 0 0 0 3 2 0 0 0 0 0 0 0 0 0 0 0 1
0 0 0 0 1 0 0 2 0 1 0 8 2 0 0 0 0 0 0 0 2 2 0 0 0 0 0 0 0 0 0 0 0 0
0 0 0 2 0 0 0 0 0 0 0 8 0 11 0 0 0 1 0 0 3 2 0 0 0 0 0 0 0 0 0 0 0 0
0 0 0 2 1 0 0 3 0 0 0 5 0 1 0 0 0 0 0 0 2 1 0 0 0 0 0 0 0 0 0 0 0 0
0 0 0 3 2 0 0 1 0 1 0 3 0 1 0 0 0 0 0 0 4 1 0 0 0 0 0 0 0 0 0 0 0 0
1 0 0 1 0 0 0 2 0 1 0 0 1 1 0 0 0 0 0 0 2 2 0 0 0 0 0 0 0 0 0 0 0 0
0 0 0 2 0 0 0 2 1 2 0 1 0 0 0 0 0 0 0 0 2 1 0 0 0 0 0 0 0 0 0 0 0 0
0 0 0 0 6 0 0 0 0 2 4 7 0 3 0 0 0 0 0 0 3 2 0 0 0 0 0 0 0 0 0 0 0 0
0 0 0 2 0 0 0 1 1 0 0 8 0 10 0 0 0 0 0 0 3 2 0 0 0 0 0 0 0 0 0 0 0 0
0 0 0 0 3 1 0 0 0 1 1 3 0 1 0 0 0 0 0 0 4 1 0 0 0 0 0 0 0 0 0 0 0 0
1 0 0 0 1 0 0 0 0 0 0 2 0 2 0 0 0 0 0 0 2 2 0 0 0 0 0 0 0 0 0 0 0 0
0 0 0 0 6 0 0 1 0 2 3 7 0 3 0 0 0 0 0 0 3 2 0 0 0 0 0 0 0 0 0 0 0 0
1 0 0 0 1 0 0 0 0 0 0 2 0 2 0 0 0 0 0 0 2 2 0 0 0 0 0 0 0 0 0 0 0 0
1 0 0 1 0 0 0 1 0 1 1 0 0 1 0 0 0 1 0 0 2 1 0 0 0 0 0 0 0 0 0 0 0 0
0 0 0 3 0 0 0 3 0 0 0 6 0 1 0 0 0 0 0 0 2 1 0 0 0 0 0 0 0 0 0 0 0 0
0 0 0 1 0 0 0 4 1 0 0 5 0 2 0 0 0 0 0 2 3 1 0 0 0 0 0 0 0 0 0 0 0 0
0 0 0 0 0 0 0 0 1 2 0 3 0 0 0 0 0 0 0 0 2 1 0 0 0 0 0 0 0 0 0 0 0 0
0 0 0 1 0 0 0 1 0 1 0 0 1 1 0 0 0 1 0 0 1 1 0 0 0 0 0 0 0 0 0 0 0 0
1 0 0 0 1 0 0 0 0 0 0 2 0 2 0 0 0 0 0 0 2 2 0 0 0 0 0 0 0 0 0 0 0 0
1 0 0 1 1 0 0 1 0 0 0 1 0 3 0 0 0 0 0 0 2 2 0 0 0 0 0 0 0 0 0 0 0 0
0 0 0 0 6 0 1 0 0 2 3 7 0 3 0 0 0 0 0 0 3 2 0 0 0 0 0 0 0 0 0 0 0 0
0 0 0 0 1 0 0 3 0 1 0 0 1 0 0 0 0 0 0 0 2 1 0 0 0 0 0 0 0 0 0 1 0 0
1 0 0 1 1 0 0 2 0 0 0 1 0 2 0 0 0 0 0 0 2 2 0 0 0 0 0 0 0 0 0 0 0 0
1 0 0 0 1 0 0 0 0 0 0 2 0 2 0 0 0 0 0 0 2 2 0 0 0 0 0 0 0 0 0 0 0 0
1 0 0 0 1 0 0 0 0 0 0 2 0 2 0 0 0 0 0 0 2 2 0 0 0 0 0 0 0 0 0 0 0 0
0 0 0 0 3 1 0 0 0 1 1 3 0 1 0 0 0 0 0 0 4 1 0 0 0 0 0 0 0 0 0 0 0 0
0 0 0 1 2 1 0 0 0 1 1 3 0 1 0 0 0 0 0 0 4 1 0 0 0 0 0 0 0 0 0 0 0 0
0 0 0 0 0 0 0 1 0 1 0 2 1 1 0 0 0 0 0 0 1 1 0 0 0 0 0 0 0 0 0 0 0 0
0 0 0 3 2 0 0 2 1 2 0 2 0 1 0 0 0 0 0 0 4 1 0 0 0 0 0 0 0 0 0 0 0 0
1 0 0 1 1 0 1 1 0 0 0 1 0 2 0 0 0 0 0 0 2 2 0 0 0 0 0 0 0 0 0 0 0 0
0 0 0 0 0 0 0 0 1 0 0 5 0 9 0 0 0 2 0 0 3 2 0 0 0 0 0 0 0 0 0 0 0 0
0 0 0 0 3 1 0 0 0 1 1 3 0 1 0 0 0 0 0 0 4 1 0 0 0 0 0 0 0 0 0 0 0 0
0 0 0 3 0 0 0 2 0 2 0 8 0 1 0 0 0 2 0 0 3 2 0 0 0 0 0 0 0 0 0 0 0 0
0 0 0 1 3 0 0 0 3 1 1 1 0 1 0 0 0 0 0 0 2 1 0 0 0 0 0 0 0 0 0 0 0 0
0 0 0 3 0 0 0 3 0 1 0 0 1 0 0 0 0 0 0 0 1 1 0 0 0 0 0 0 0 0 0 0 0 0
0 0 0 0 0 0 0 3 2 0 0 8 0 0 0 0 0 2 0 0 2 2 0 0 0 0 0 0 0 0 0 0 0 0
0 0 0 1 0 1 0 2 1 3 0 0 3 1 0 0 0 0 0 0 3 1 0 0 0 0 0 0 0 0 0 0 0 0
1 0 0 1 0 0 0 2 0 1 0 0 1 0 0 0 0 0 0 0 2 1 0 0 0 0 0 0 0 0 0 0 0 0
0 0 0 0 0 0 0 5 2 1 0 0 1 1 0 0 0 0 0 0 2 1 0 0 0 0 0 0 0 0 0 0 0 0
1 0 0 1 1 0 0 0 0 1 0 1 0 2 0 0 0 0 0 0 2 2 0 0 0 0 0 0 0 0 0 0 0 0
0 0 0 2 0 0 0 3 0 1 0 2 1 0 0 0 0 0 0 0 1 1 0 0 0 0 0 0 0 0 0 0 0 0
0 0 0 0 1 0 0 3 1 1 0 0 1 1 0 0 0 0 0 0 2 1 0 0 0 0 0 0 0 0 0 1 0 0
1 0 0 0 2 0 0 1 0 0 0 1 0 3 0 0 0 0 0 0 2 2 0 0 0 0 0 0 0 0 0 0 0 0
0 0 0 0 1 0 0 4 5 1 0 0 4 4 0 0 0 0 0 0 3 3 0 0 0 0 0 0 0 0 0 0 0 0
0 0 0 1 0 0 0 1 1 1 0 0 0 0 0 0 0 0 0 0 1 1 0 0 0 0 0 0 0 0 0 0 0 0
0 0 0 0 6 0 1 1 0 1 1 1 0 2 0 0 0 0 0 0 2 1 0 0 0 0 0 0 0 0 0 0 0 0
0 0 0 2 3 0 0 1 0 0 1 3 0 1 0 0 0 0 0 0 4 1 0 0 0 0 0 0 0 0 0 0 0 0
1 0 0 0 1 0 0 0 0 0 0 2 0 2 0 0 0 0 0 0 2 2 0 0 0 0 0 0 0 0 0 0 0 0
1 0 0 0 1 0 0 0 0 0 0 2 0 2 0 0 0 0 0 0 2 2 0 0 0 0 0 0 0 0 0 0 0 0
0 0 0 0 4 0 0 6 0 1 0 12 0 3 0 0 0 0 0 0 3 4 0 0 0 0 0 0 0 0 0 0 0 0
0 0 0 0 1 0 0 1 1 1 0 0 0 0 0 0 0 0 0 0 1 1 0 0 0 0 0 0 0 0 0 0 0 0
0 0 0 0 2 0 0 0 0 2 2 3 0 1 0 0 0 0 0 0 4 1 0 0 0 0 0 0 0 0 0 0 0 0
0 0 0 1 0 0 0 1 0 2 0 0 1 2 0 0 0 0 0 1 1 1 0 0 0 0 0 0 0 0 0 0 0 0
0 0 0 0 3 1 0 0 0 1 1 3 0 1 0 0 0 0 0 0 4 1 0 0 0 0 0 0 0 0 0 0 0 0
1 0 0 1 1 0 0 0 0 0 0 1 0 2 0 0 0 0 0 1 2 2 0 0 0 0 0 0 0 0 0 0 0 0
0 0 0 1 0 0 0 1 1 0 0 10 0 1 0 0 0 0 0 1 3 1 0 0 0 0 0 0 0 0 0 0 0 0
1 0 0 0 1 0 0 0 2 0 0 1 0 1 0 0 0 0 0 0 2 2 0 0 0 0 0 0 0 0 0 0 0 0
0 0 0 0 3 0 0 3 0 0 0 6 0 8 0 0 0 3 0 0 3 5 0 0 0 0 0 0 0 0 0 0 0 0
0 0 0 2 0 0 0 5 0 0 0 5 0 2 0 0 0 0 0 0 2 3 0 0 0 0 0 0 0 0 0 0 0 0
0 0 0 1 3 0 0 3 0 0 0 4 0 3 0 0 0 0 0 0 2 1 0 0 0 0 0 0 0 0 0 0 0 0
1 0 0 1 1 0 0 1 0 1 0 0 0 2 0 0 0 0 0 0 2 2 0 0 0 0 0 0 0 0 0 0 0 1
0 0 0 3 6 0 0 4 0 4 2 3 0 3 0 0 0 3 0 0 3 4 0 0 0 0 0 0 0 0 0 0 0 0
1 0 0 0 1 0 0 0 0 0 0 2 0 2 0 0 0 0 0 0 2 2 0 0 0 0 0 0 0 0 0 0 0 0
0 0 0 0 2 0 0 3 1 4 0 3 0 4 0 0 0 1 0 0 4 1 0 0 0 0 0 0 0 0 0 0 0 0
0 0 0 3 0 0 0 1 0 0 0 12 0 2 0 1 0 2 0 1 3 3 0 0 0 0 0 0 0 0 0 0 0 0
0 0 0 1 0 0 0 2 1 1 0 0 0 0 0 0 0 0 0 0 2 1 0 0 0 0 0 0 0 0 0 1 0 0
1 0 0 0 1 0 0 0 0 0 0 2 0 2 0 0 0 0 0 0 2 2 0 0 0 0 0 0 0 0 0 0 0 0
1 0 0 0 1 0 0 0 0 0 0 2 0 2 0 0 0 0 0 0 2 2 0 0 0 0 0 0 0 0 0 0 0 0
0 0 0 1 4 0 0 1 0 0 1 3 0 1 0 0 0 0 0 0 4 1 0 0 0 0 0 0 0 0 0 0 0 0
0 0 0 0 0 0 0 3 4 1 0 0 2 2 0 0 0 0 0 0 3 1 0 0 0 0 0 0 0 0 0 0 0 0
0 0 0 0 0 0 0 1 0 0 0 3 0 5 0 0 0 1 0 1 2 1 0 0 0 0 0 0 0 0 0 0 0 0
0 0 0 1 0 0 0 0 1 3 0 3 0 1 0 0 0 0 0 0 2 2 0 0 0 0 0 0 0 0 0 0 0 0
0 0 0 2 0 0 0 1 1 0 0 2 0 4 0 0 0 0 0 1 2 1 0 0 0 0 0 0 0 0 0 0 0 0
1 0 0 0 1 0 0 0 0 0 0 2 0 2 0 0 0 0 0 0 2 2 0 0 0 0 0 0 0 0 0 0 0 0
0 0 0 0 0 0 1 3 0 0 0 17 0 0 0 0 0 0 0 0 3 2 0 0 0 0 0 0 0 0 0 0 0 0
0 0 0 3 0 0 0 1 0 0 0 6 0 13 0 0 0 1 0 0 3 2 0 0 0 0 0 0 0 0 0 0 0 0
1 0 0 0 0 0 0 0 1 2 0 1 0 0 0 0 0 0 0 0 1 1 0 0 0 0 0 0 0 0 0 0 0 0
1 0 0 0 1 0 0 0 0 0 0 2 0 2 0 0 0 0 0 0 2 2 0 0 0 0 0 0 0 0 0 0 0 0
0 0 0 2 3 0 0 1 0 0 1 3 0 1 0 0 0 0 0 0 4 1 0 0 0 0 0 0 0 0 0 0 0 0
1 0 0 0 1 0 0 0 0 0 0 2 0 2 0 0 0 0 0 0 2 2 0 0 0 0 0 0 0 0 0 0 0 0
0 0 0 1 0 0 0 1 0 1 0 1 1 1 0 0 0 0 0 0 1 1 0 0 0 0 0 0 0 0 0 0 0 0
0 0 0 1 0 0 0 3 0 1 0 6 0 2 0 0 0 0 0 0 2 1 0 0 0 0 0 0 0 0 0 0 0 0
0 0 0 1 3 0 0 0 3 1 1 1 0 1 0 0 0 0 0 0 2 1 0 0 0 0 0 0 0 0 0 0 0 0
0 0 0 2 5 0 0 4 0 1 2 3 0 5 0 0 0 1 0 1 3 4 0 0 0 0 0 0 0 0 0 0 0 1
0 0 0 1 0 0 0 2 1 2 0 2 0 0 0 0 0 0 0 0 2 1 0 0 0 0 0 0 0 0 0 0 0 0
0 0 0 0 7 0 0 4 0 2 3 5 0 4 0 0 0 0 0 0 3 4 0 0 0 0 0 0 0 0 0 0 0 0
0 0 0 1 0 0 0 0 0 0 0 9 0 10 0 0 0 1 0 0 3 2 0 0 0 0 0 0 0 0 0 0 0 0
0 0 0 1 2 0 0 2 1 0 0 6 0 1 0 0 0 0 0 1 3 2 0 0 0 0 0 0 0 0 0 0 0 0
0 0 0 0 1 0 0 3 0 1 0 1 0 0 0 0 0 0 0 0 2 1 0 0 0 0 0 0 0 0 0 0 0 0
0 0 0 1 0 0 0 2 1 2 0 0 1 1 0 0 0 0 0 0 2 1 0 0 0 0 0 0 0 0 0 1 0 0
0 0 0 0 0 0 0 0 0 0 0 14 0 1 0 0 0 2 0 0 3 2 0 0 0 0 0 0 0 0 0 0 0 0
0 0 0 1 0 0 0 4 1 1 0 4 1 2 0 0 0 0 0 0 2 3 0 0 0 0 0 0 0 0 0 0 0 0
0 0 0 2 1 0 0 4 1 1 0 3 0 1 0 0 0 0 0 0 2 2 0 0 0 0 0 0 0 0 0 0 0 0
0 0 0 0 0 0 0 4 3 1 0 0 3 1 0 0 0 0 0 0 2 2 0 0 0 0 0 0 0 0 0 0 0 0
0 0 0 2 2 0 0 3 0 1 0 5 0 0 0 1 0 0 0 0 2 3 0 0 0 0 0 0 0 0 0 0 0 0
1 0 0 0 1 0 0 0 0 0 0 2 0 2 0 0 0 0 0 0 2 2 0 0 0 0 0 0 0 0 0 0 0 0
0 0 0 5 1 0 0 5 0 1 0 0 2 2 0 0 0 1 0 0 2 3 0 0 0 0 0 0 0 0 0 0 0 0
0 0 0 2 0 0 0 5 2 1 0 1 2 1 0 0 0 0 0 0 2 3 0 0 0 0 0 0 0 0 0 0 0 0
0 0 0 1 0 0 1 3 1 1 0 0 1 2 0 0 0 0 0 0 2 1 0 0 0 0 0 0 0 0 0 0 0 0
0 0 0 1 2 0 0 1 0 2 1 3 0 1 0 0 0 0 0 0 4 1 0 0 0 0 0 0 0 0 0 0 0 0
0 0 0 0 2 0 0 0 0 4 0 3 0 1 0 0 0 0 0 0 4 1 0 0 0 0 0 0 0 0 0 0 0 0
1 0 0 0 1 0 0 0 0 0 0 1 0 2 0 0 0 0 0 0 2 2 0 0 0 0 0 0 0 0 0 0 0 1
0 0 0 3 1 0 0 2 1 0 0 6 0 2 0 0 0 1 0 1 3 1 0 0 0 0 0 0 0 0 0 0 0 0
1 0 0 0 1 0 0 0 0 0 0 2 0 2 0 0 0 0 0 0 2 2 0 0 0 0 0 0 0 0 0 0 0 0
0 0 0 2 0 0 0 1 0 0 0 7 0 11 0 0 0 0 0 0 3 3 0 0 0 0 0 0 0 0 0 0 0 0
0 0 0 3 2 0 0 1 0 1 1 2 0 4 0 0 0 0 0 0 2 1 0 0 0 0 0 0 0 0 0 0 0 0
0 0 0 2 0 0 0 0 1 0 0 4 0 7 0 0 0 2 0 0 3 2 0 0 0 0 0 0 0 0 0 0 0 0
0 0 0 0 0 0 0 2 5 1 0 0 2 0 0 0 0 0 0 0 1 2 0 0 0 0 0 0 0 0 0 0 0 0
0 0 0 4 0 0 0 4 0 0 0 14 0 2 0 0 0 0 1 0 3 4 0 0 0 0 0 0 0 0 0 0 0 0
0 0 0 1 2 0 0 1 0 0 3 3 0 1 0 0 0 0 0 0 4 1 0 0 0 0 0 0 0 0 0 0 0 0
0 0 0 1 1 0 0 7 0 0 0 5 0 2 0 0 0 0 0 0 2 3 0 0 0 0 0 0 0 0 0 0 0 0
0 0 0 1 2 1 0 0 0 1 1 3 0 1 0 0 0 0 0 0 4 1 0 0 0 0 0 0 0 0 0 0 0 0
0 0 0 0 2 0 0 3 0 2 0 3 0 0 0 0 0 0 0 0 2 1 0 0 0 0 0 0 0 0 0 0 0 0
0 0 0 0 3 0 0 0 1 2 0 3 0 1 0 0 0 0 0 0 4 1 0 0 0 0 0 0 0 0 0 0 0 0
0 0 0 0 1 0 1 0 0 0 0 10 1 0 0 0 0 0 0 3 3 1 0 0 0 0 0 0 0 0 0 0 0 0
0 0 0 2 0 0 0 2 2 1 0 5 3 1 0 0 0 0 0 0 2 3 0 0 0 0 0 0 0 0 0 0 0 0
0 0 0 0 3 0 0 0 2 2 0 0 0 0 0 0 0 0 0 0 2 1 0 0 0 0 0 0 0 0 0 0 0 0
0 0 0 0 6 0 0 1 0 3 2 7 0 3 0 0 0 0 0 0 3 2 0 0 0 0 0 0 0 0 0 0 0 0
0 0 0 1 7 0 1 1 0 3 2 5 0 5 0 0 0 1 0 0 3 2 0 0 0 0 0 0 0 0 0 0 0 0
0 0 0 7 0 0 0 3 2 2 0 5 0 4 0 0 0 1 0 0 4 2 0 0 0 0 0 0 0 0 0 0 0 0
0 0 0 0 0 0 0 0 0 5 0 3 0 0 0 0 0 1 0 0 3 1 0 0 0 0 0 0 0 0 0 0 0 0
0 0 0 7 1 0 0 0 1 1 0 0 8 2 0 0 0 0 0 0 1 8 0 0 0 0 0 0 0 0 0 1 0 0
0 0 0 3 4 0 0 3 1 0 0 9 0 1 0 0 0 0 0 2 3 5 0 0 0 0 0 0 0 0 0 0 0 0
0 0 0 1 0 0 0 2 1 1 0 0 0 0 0 0 0 0 0 0 2 1 0 0 0 0 0 0 0 0 0 1 0 0
1 0 0 0 1 0 0 0 0 0 0 2 0 2 0 0 0 0 0 0 2 2 0 0 0 0 0 0 0 0 0 0 0 0
1 0 0 0 1 0 0 0 0 0 0 2 0 2 0 0 0 0 0 0 2 2 0 0 0 0 0 0 0 0 0 0 0 0
1 0 0 0 1 0 0 0 0 0 0 2 0 2 0 0 0 0 0 0 2 2 0 0 0 0 0 0 0 0 0 0 0 0
0 0 0 3 0 0 0 3 1 3 0 0 2 1 0 0 0 0 0 0 3 1 0 0 0 0 0 0 0 0 0 0 0 0
0 0 0 5 0 0 0 2 0 0 0 4 0 1 0 0 0 0 0 0 2 1 0 0 0 0 0 0 0 0 0 0 0 0
1 0 0 0 1 0 0 0 0 0 0 2 0 2 0 0 0 0 0 0 2 2 0 0 0 0 0 0 0 0 0 0 0 0
0 0 0 0 6 0 0 1 0 1 4 7 0 3 0 0 0 0 0 0 3 2 0 0 0 0 0 0 0 0 0 0 0 0
1 0 0 0 1 0 0 0 0 0 0 2 0 2 0 0 0 0 0 0 2 2 0 0 0 0 0 0 0 0 0 0 0 0
0 0 0 1 0 0 0 5 1 0 0 6 0 2 0 0 0 0 0 0 3 1 0 0 0 0 0 0 0 0 0 0 0 0
0 0 0 0 0 0 0 2 4 1 0 0 3 2 0 0 0 0 0 0 3 1 0 0 0 0 0 0 0 0 0 0 0 0
0 0 0 1 0 1 0 3 0 3 0 0 1 0 0 0 0 0 0 0 2 1 0 0 0 0 0 0 0 0 0 0 0 0
0 0 0 2 0 0 0 1 0 1 0 17 0 0 0 0 0 0 0 0 3 2 0 0 0 0 0 0 0 0 0 0 0 0
0 0 0 1 0 0 0 2 0 0 0 8 0 1 0 0 0 0 0 0 2 1 0 0 0 0 0 0 0 0 0 0 0 0
0 0 0 2 1 0 0 0 1 0 0 8 0 6 0 1 0 0 0 0 3 2 0 0 0 0 0 0 0 0 0 0 0 0
0 0 0 1 0 0 0 1 0 0 0 2 0 7 0 0 0 1 0 1 2 1 0 0 0 0 0 0 0 0 0 0 0 0
0 0 0 3 4 0 0 2 1 0 1 1 0 2 0 0 0 0 0 0 4 1 0 0 0 0 0 0 0 0 0 0 0 0
0 0 0 1 4 0 0 1 0 0 1 3 0 1 0 0 0 0 0 0 4 1 0 0 0 0 0 0 0 0 0 0 0 0
0 0 0 2 6 0 0 4 0 1 2 0 0 5 0 0 0 0 0 0 3 1 0 0 0 0 0 0 0 0 0 0 0 0
0 0 0 3 3 0 0 2 0 1 1 2 0 1 0 0 0 0 0 0 4 1 0 0 0 0 0 0 0 0 0 0 0 0
0 0 0 2 0 0 0 2 1 1 0 5 1 0 0 0 0 0 0 0 2 1 0 0 0 0 0 0 0 0 0 0 0 0
0 0 0 2 0 0 0 2 3 0 0 7 0 6 0 0 0 0 0 0 3 2 0 0 0 0 0 0 0 0 0 0 0 0
0 0 0 1 1 0 0 4 0 1 0 0 0 0 0 0 0 0 0 1 2 1 0 0 0 0 0 0 0 0 0 0 0 0
0 0 0 2 0 0 0 1 2 5 0 2 0 1 0 0 0 1 0 0 2 4 0 0 0 0 0 0 0 0 0 0 0 0
0 0 0 1 2 0 0 1 0 0 0 14 0 3 0 0 0 1 0 0 4 1 0 0 0 0 0 0 0 0 0 0 0 0
0 0 0 1 1 0 0 4 0 0 0 6 0 10 0 0 0 2 0 0 3 5 0 0 0 0 0 0 0 0 0 0 0 0
1 0 0 0 1 0 0 0 0 0 0 2 0 2 0 0 0 0 0 0 2 2 0 0 0 0 0 0 0 0 0 0 0 0
0 0 0 2 0 0 0 1 1 1 0 0 0 0 0 0 0 1 0 0 1 1 0 0 0 0 0 0 0 0 0 0 0 0
0 0 0 2 0 0 0 2 2 1 0 5 2 1 0 0 0 0 0 0 2 3 0 0 0 0 0 0 0 0 0 0 0 0
0 0 0 0 1 0 0 0 0 0 0 16 0 2 0 0 0 1 0 0 4 1 0 0 0 0 0 0 0 0 0 0 0 0
1 0 0 0 2 0 0 1 1 0 0 1 0 2 0 0 0 0 0 0 2 2 0 0 0 0 0 0 0 0 0 0 0 0
0 0 0 0 1 0 0 3 0 0 0 2 0 7 0 0 0 0 0 0 2 1 0 0 0 0 0 0 0 0 0 0 0 0
0 0 0 0 1 0 0 0 3 1 0 0 1 1 0 0 0 0 0 0 1 1 0 0 0 0 0 0 0 0 0 0 0 0
0 0 0 1 4 0 0 1 0 0 1 3 0 1 0 0 0 0 0 0 4 1 0 0 0 0 0 0 0 0 0 0 0 0
1 0 0 1 0 1 0 0 2 2 2 1 0 2 0 0 0 0 0 0 2 3 0 0 0 0 0 0 0 0 0 0 0 0
0 0 0 0 3 0 0 0 0 0 0 8 0 1 0 0 0 0 0 0 2 1 0 0 0 0 0 0 0 0 0 0 0 0
0 0 0 1 0 0 0 4 0 1 0 0 1 1 0 0 0 0 0 0 2 1 0 0 0 0 0 0 0 0 0 1 0 0
0 0 0 2 6 0 0 6 0 2 2 4 0 3 0 0 0 0 0 0 3 4 0 0 0 0 0 0 0 0 0 0 0 0
0 0 0 0 0 0 0 3 5 1 0 0 2 2 0 0 0 0 0 1 3 1 0 0 0 0 0 0 0 0 0 0 0 0
0 0 0 0 6 0 0 2 0 2 2 7 0 3 0 0 0 0 0 0 3 2 0 0 0 0 0 0 0 0 0 0 0 0
0 0 0 0 0 0 0 3 2 2 0 0 2 1 0 0 0 0 0 0 2 2 0 0 0 0 0 0 0 0 0 0 0 0
0 0 0 4 0 0 0 5 0 0 0 3 0 2 0 0 0 0 0 0 2 3 0 0 0 0 0 0 0 0 0 0 0 0
0 0 0 1 2 0 0 1 3 1 0 1 0 1 0 0 0 0 0 0 2 1 0 0 0 0 0 0 0 0 0 0 0 0
1 0 0 0 1 0 0 0 0 0 0 2 0 2 0 0 0 0 0 0 2 2 0 0 0 0 0 0 0 0 0 0 0 0
0 0 0 0 2 1 0 0 0 1 2 3 0 1 0 0 0 0 0 0 4 1 0 0 0 0 0 0 0 0 0 0 0 0
0 0 0 1 3 0 0 1 3 0 1 1 0 1 0 0 0 0 0 0 2 1 0 0 0 0 0 0 0 0 0 0 0 0
0 0 0 0 4 0 1 0 0 2 1 6 0 2 0 0 0 0 0 0 2 2 0 0 0 0 0 0 0 0 0 0 0 1
0 0 0 0 0 0 0 0 1 2 0 1 0 1 0 0 0 0 0 1 1 1 0 0 0 0 0 0 0 0 0 0 0 0
0 0 0 0 2 0 0 0 2 0 0 9 0 5 0 0 0 0 0 0 3 2 0 0 0 0 0 0 0 0 0 0 0 0
0 0 0 0 0 0 0 1 0 0 0 13 0 1 0 0 0 0 0 0 3 1 0 0 0 0 0 0 0 0 0 0 0 0
1 0 0 0 1 0 0 0 0 0 0 2 0 2 0 0 0 0 0 0 2 2 0 0 0 0 0 0 0 0 0 0 0 0
0 0 0 1 0 0 0 2 0 3 0 0 4 1 0 0 0 0 0 0 3 1 0 0 0 0 0 0 0 0 0 0 0 0
0 0 0 0 1 0 0 1 0 1 0 0 0 1 0 0 0 0 0 0 1 1 0 0 0 0 0 0 0 0 0 0 0 0
0 0 0 4 0 0 0 4 0 0 0 4 0 0 0 0 0 1 0 1 2 3 0 0 0 0 0 0 0 0 0 0 0 0
0 0 0 2 0 0 0 0 1 0 0 5 0 1 0 0 0 1 0 2 2 1 0 0 0 0 0 0 0 0 0 0 0 0
0 0 0 0 1 0 0 2 1 1 0 1 0 0 0 0 0 1 0 0 2 1 0 0 0 0 0 0 0 0 0 1 0 0
1 0 0 0 1 0 0 0 0 0 0 2 0 2 0 0 0 0 0 0 2 2 0 0 0 0 0 0 0 0 0 0 0 0
0 0 0 1 2 0 0 0 0 1 1 3 0 2 0 0 0 0 0 0 4 1 0 0 0 0 0 0 0 0 0 0 0 0
0 0 0 2 6 0 0 3 0 1 3 5 0 5 0 0 0 0 0 0 3 2 0 0 0 0 0 0 0 0 0 0 0 0
1 0 0 2 1 0 0 3 0 0 0 0 0 2 0 0 0 0 0 0 2 2 0 0 0 0 0 0 0 0 0 0 0 0
0 0 0 0 1 0 0 2 0 4 0 0 0 1 0 0 0 0 0 0 2 1 0 0 0 0 0 0 0 0 0 1 0 0
0 0 0 2 0 0 0 2 0 0 0 3 0 2 0 0 0 0 0 0 2 1 0 0 0 0 0 0 0 0 0 0 0 1
0 0 0 3 2 0 0 1 2 3 0 0 0 1 0 0 0 1 0 0 4 3 0 0 0 0 0 0 0 0 0 0 0 0
1 0 0 0 1 0 0 0 0 0 0 2 0 2 0 0 0 0 0 0 2 2 0 0 0 0 0 0 0 0 0 0 0 0
1 0 0 0 1 0 0 0 0 0 0 2 0 2 0 0 0 0 0 0 2 2 0 0 0 0 0 0 0 0 0 0 0 0
0 0 0 0 0 0 1 2 4 0 0 2 2 1 0 0 0 0 0 0 2 2 0 0 0 0 0 0 0 0 0 0 0 0
0 0 0 0 1 0 0 2 1 1 0 0 0 0 0 0 0 0 0 0 2 1 0 0 0 0 0 0 0 0 0 1 0 0
0 0 0 0 4 0 0 2 0 2 1 1 0 2 0 0 0 0 0 1 2 1 0 0 0 0 0 0 0 0 0 0 0 0
0 0 0 2 0 0 0 4 1 0 0 11 0 3 0 0 0 0 0 0 3 2 0 0 0 0 0 0 0 0 0 0 0 1
0 0 0 1 1 0 0 1 3 2 0 0 0 0 0 0 0 0 0 0 2 1 0 0 0 0 0 0 0 0 0 0 0 0
1 0 0 1 1 0 0 0 0 1 0 1 0 2 0 0 0 0 0 0 2 2 0 0 0 0 0 0 0 0 0 0 0 0
0 0 0 3 0 0 0 0 0 0 0 8 0 0 0 0 0 0 0 0 2 1 0 0 0 0 0 0 0 0 0 0 0 0
0 0 0 0 0 0 0 4 0 0 0 2 0 4 0 0 0 0 0 0 2 1 0 0 0 0 0 0 0 0 0 0 0 0
1 0 0 0 1 0 0 0 0 0 0 2 0 2 0 0 0 0 0 0 2 2 0 0 0 0 0 0 0 0 0 0 0 0
0 0 0 2 0 0 0 2 2 1 0 8 0 6 0 0 0 4 0 0 4 2 0 0 0 0 0 0 0 0 0 0 0 0
1 1 0 1 1 0 0 2 0 0 0 0 1 1 0 0 0 0 0 0 3 1 0 0 0 0 0 0 0 0 0 1 0 0
0 0 0 0 0 0 0 1 0 1 0 2 1 1 0 0 0 0 0 0 1 1 0 0 0 0 0 0 0 0 0 0 0 0
0 0 0 1 3 0 0 1 0 2 0 3 0 1 0 0 0 0 0 0 4 1 0 0 0 0 0 0 0 0 0 0 0 0
0 0 0 1 0 0 0 3 0 4 0 0 1 1 0 0 0 0 0 0 2 1 0 0 0 0 0 0 0 0 0 0 0 0
0 0 0 1 0 0 0 2 1 1 0 0 0 0 0 0 0 0 0 0 2 1 0 0 0 0 0 0 0 0 0 1 0 0
0 0 0 0 3 0 0 6 0 1 0 11 0 4 0 0 0 1 0 0 3 6 0 0 0 0 0 0 0 0 0 0 0 0
0 0 0 0 0 0 0 2 5 1 0 0 2 1 0 0 0 0 0 0 2 2 0 0 0 0 0 0 0 0 0 0 0 0
0 0 0 4 0 0 0 8 2 1 0 0 0 2 0 0 0 0 0 0 3 2 0 0 0 0 0 0 0 0 0 0 0 0
0 0 0 0 2 0 0 0 2 1 1 9 0 5 0 0 0 0 0 0 3 2 0 0 0 0 0 0 0 0 0 0 0 0
0 0 0 6 0 0 0 1 0 0 0 3 0 1 0 0 0 0 0 0 2 1 0 0 0 0 0 0 0 0 0 0 0 0
0 0 0 2 2 0 0 1 5 2 1 36 0 39 0 0 0 2 0 1 1 42 0 0 0 0 0 0 0 0 0 0 0 1
0 0 0 1 0 0 0 1 0 0 0 10 0 7 0 0 0 0 0 1 3 2 0 0 0 0 0 0 0 0 0 0 0 1
1 0 0 1 2 0 0 3 0 0 0 0 0 3 0 0 0 0 0 0 2 2 0 0 0 0 0 0 0 0 0 0 0 0
0 0 0 1 0 0 0 1 0 0 0 8 0 2 0 1 0 0 0 0 2 1 0 0 0 0 0 0 0 0 0 0 0 0
1 0 0 0 1 0 0 0 0 0 0 2 0 2 0 0 0 0 0 0 2 2 0 0 0 0 0 0 0 0 0 0 0 0
0 0 0 0 1 0 0 0 1 3 0 0 0 3 0 0 0 0 0 0 3 1 0 0 0 0 0 0 0 0 0 1 0 0
0 0 0 3 0 0 0 4 1 0 0 6 0 1 0 0 0 0 0 0 3 1 0 0 0 0 0 0 0 0 0 0 0 0
0 0 0 2 2 0 0 1 0 2 0 3 0 1 0 0 0 0 0 0 4 1 0 0 0 0 0 0 0 0 0 0 0 0
0 0 0 1 2 0 0 0 0 1 1 3 0 2 0 0 0 0 0 0 4 1 0 0 0 0 0 0 0 0 0 0 0 0
1 0 0 0 1 0 0 0 1 1 0 3 0 0 0 0 0 0 0 0 2 1 0 0 0 0 0 0 0 0 0 0 0 0
0 0 0 0 3 1 0 0 0 1 1 3 0 1 0 0 0 0 0 0 4 1 0 0 0 0 0 0 0 0 0 0 0 0
0 0 0 0 4 0 0 0 1 3 2 7 0 2 0 0 0 0 0 0 3 2 0 0 0 0 0 0 0 0 0 0 0 0
0 0 0 0 0 0 0 3 2 0 0 2 0 4 0 0 0 0 0 0 2 1 0 0 0 0 0 0 0 0 0 0 0 0
0 0 0 2 1 0 0 0 1 3 1 1 0 1 0 0 0 0 0 0 2 1 0 0 0 0 0 0 0 0 0 0 0 0
0 0 0 1 0 0 0 1 1 1 0 2 0 0 0 0 0 0 0 0 1 1 0 0 0 0 0 0 0 0 0 0 0 0
0 0 0 1 7 0 1 3 0 3 3 5 0 3 0 0 0 0 0 0 3 2 0 0 0 0 0 0 0 0 0 0 0 0
1 0 0 0 1 0 0 0 0 0 0 2 0 2 0 0 0 0 0 0 2 2 0 0 0 0 0 0 0 0 0 0 0 0
0 0 0 2 0 0 0 2 2 1 0 2 0 1 0 0 0 1 0 0 2 1 0 0 0 0 0 0 0 0 0 0 0 0
0 0 0 2 0 0 0 0 0 0 0 3 0 6 0 0 0 0 0 0 2 1 0 0 0 0 0 0 0 0 0 0 0 0
0 0 0 0 3 0 0 0 1 3 0 0 0 2 0 0 0 0 0 1 2 1 0 0 0 0 0 0 0 0 0 0 0 0
1 0 0 0 1 0 0 0 0 0 0 2 0 2 0 0 0 0 0 0 2 2 0 0 0 0 0 0 0 0 0 0 0 0
0 0 0 2 0 0 0 0 0 0 0 9 0 0 0 0 0 0 0 0 2 1 0 0 0 0 0 0 0 0 0 0 0 0
1 0 0 1 1 0 0 0 0 1 0 1 0 2 0 0 0 0 0 0 2 2 0 0 0 0 0 0 0 0 0 0 0 0
1 0 0 0 2 0 0 1 1 0 0 1 0 2 0 0 0 0 0 0 2 2 0 0 0 0 0 0 0 0 0 0 0 0
0 0 0 1 2 0 0 0 0 1 1 3 0 2 0 0 0 0 0 0 4 1 0 0 0 0 0 0 0 0 0 0 0 0
0 0 0 2 0 0 0 4 0 2 0 0 0 0 0 0 0 0 0 0 2 1 0 0 0 0 0 0 0 0 0 1 0 0
0 0 0 4 0 0 0 3 0 0 0 11 0 2 0 0 0 3 0 1 3 5 0 0 0 0 0 0 0 0 0 0 0 0
0 0 0 2 2 1 0 0 0 1 1 2 0 1 0 0 0 0 0 1 4 1 0 0 0 0 0 0 0 0 0 0 0 0
0 0 0 0 1 0 1 2 0 0 0 0 0 0 0 0 0 0 0 0 2 1 0 0 0 0 0 0 0 0 0 1 0 0
1 0 0 0 1 0 0 0 0 1 0 1 0 1 0 0 0 1 0 0 2 2 0 0 0 0 0 0 0 0 0 0 0 0
1 0 0 0 1 0 0 0 0 0 0 2 0 2 0 0 0 0 0 0 2 2 0 0 0 0 0 0 0 0 0 0 0 0
0 0 0 0 4 1 0 1 0 1 1 2 0 2 0 0 0 0 0 0 4 1 0 0 0 0 0 0 0 0 0 0 0 0
1 0 0 0 1 0 0 0 0 0 0 2 0 2 0 0 0 0 0 0 2 2 0 0 0 0 0 0 0 0 0 0 0 0
0 0 0 0 3 1 0 0 0 1 1 3 0 1 0 0 0 0 0 0 4 1 0 0 0 0 0 0 0 0 0 0 0 0
0 0 0 0 2 0 0 2 1 1 1 3 0 2 0 0 0 0 0 0 4 1 0 0 0 0 0 0 0 0 0 0 0 0
0 0 0 0 1 0 0 1 1 1 0 0 0 2 0 0 0 0 0 0 3 1 0 0 0 0 0 0 0 0 0 1 0 0
0 0 0 3 0 0 0 3 0 0 0 6 0 11 0 0 0 0 0 0 3 4 0 0 0 0 0 0 0 0 0 0 0 0
0 0 0 0 1 0 0 3 0 1 0 2 0 0 0 0 0 1 0 0 2 1 0 0 0 0 0 0 0 0 0 1 0 0
