1223
7820
1223
7776
1223
9119
1223
8381
2658
1611
2658
2665
111
370
111
280
1667
7216
1667
1638
1667
6679
1667
5433
6132
3399
6132
4505
5054
6655
5054
2790
3470
7148
596
7148
9071
2311
2291
3546
5384
4268
8116
4268
2288
7281
7056
3632
690
823
815
823
822
6076
9291
6076
2557
5029
7620
5029
3570
8484
9662
8484
7920
7416
9336
8367
1275
3576
3410
2730
9407
2730
2677
2730
7260
2730
8365
3541
9452
3541
7050
9140
1617
3088
3077
3088
3021
8414
9577
3948
2869
3948
2869
7486
7512
4791
5477
4791
5485
908
890
908
489
908
488
908
8906
183
182
9390
3194
4599
1595
6588
6589
5927
2092
5927
7605
5427
8351
316
450
316
241
316
244
7969
608
373
70
5191
2647
5191
2614
1714
1576
1714
1575
6698
7136
6698
6056
2445
2444
2445
2435
6338
8669
6338
8241
4689
1668
8162
1420
3374
3373
3834
3836
8505
593
5817
1727
3142
3834
3142
7303
3142
6546
3142
7352
3142
8384
2017
1962
2856
2868
2856
2760
1496
1396
9577
1880
6642
1504
6642
4103
7614
1515
7762
1577
9278
2095
4234
2115
9234
3482
6217
8077
6217
3113
5495
7615
5495
3984
2489
2483
2489
2472
6292
2811
6292
3512
543
8002
6568
8002
6921
6531
7401
6531
7408
9441
4077
9441
9059
3609
3884
3609
5344
3609
3803
3609
2450
3609
2382
3609
2873
3609
2552
3609
1817
3609
3038
3609
7031
3609
1934
3609
8752
3609
2622
3609
2143
3609
3882
3609
2210
3609
4620
3609
1785
3609
7633
3609
2399
3609
2009
3609
9264
3609
2998
3609
3994
3609
3996
3609
2601
3609
2755
3609
3529
3609
3990
3609
2883
3609
2521
3609
2341
3609
3804
3609
2264
3260
3258
3260
3257
6164
8694
6164
4512
4458
8740
4458
8182
9091
9098
6109
5736
6109
5739
2937
2895
2937
2922
2419
2425
2419
2368
654
652
9593
7384
573
7415
9406
9393
8
286
8
7
5764
3316
4572
2930
913
897
9743
610
9743
608
9743
613
9743
7989
9743
616
9743
615
9743
612
9743
607
1964
1951
1964
7844
8616
4288
8616
1332
8616
1352
3328
3285
3328
3319
7567
2774
206
9553
2123
4530
8764
4530
3156
5012
3055
5012
3027
5723
8687
5723
4105
4174
4175
3126
3079
7528
1494
5167
5957
5167
2011
6626
1079
6626
4057
6552
1621
2349
2338
3774
3776
3434
7074
4767
2339
3082
9637
3082
5231
3082
5232
3082
3770
3082
9635
8521
797
7460
7469
6582
9543
14
482
14
13
9432
6118
9432
9471
9432
2613
9432
2026
9432
3232
9432
3199
9432
5766
9432
2641
9432
1786
9432
3401
9432
1893
9432
6677
9432
3495
9432
3367
9432
3264
9432
1699
9432
1527
9432
5753
9432
2526
9432
8773
9432
4534
9432
1849
9432
4850
9432
5763
9432
4695
9432
5829
9432
1866
1601
1602
1601
1572
633
3481
8227
3300
1869
1740
8391
7824
4814
1422
4814
1509
8663
1208
3983
2493
9435
9346
9435
9446
7827
1614
7827
9152
7827
8881
7827
5323
1363
7258
1363
8353
1363
3915
1363
3918
1363
1358
1363
8825
5214
547
5214
8530
5214
8570
1691
1673
1691
1690
9085
2387
9085
8349
2877
2764
2877
2805
6136
3399
6136
4893
8344
8837
8344
8834
3636
1546
4924
8214
4924
3308
5862
8729
5862
8181
7591
1848
6424
4659
6424
1784
5362
5363
3286
3260
3286
3259
6866
4767
6866
7156
2315
2314
2315
2307
7917
9664
7917
9677
7917
7444
7701
3210
6950
1672
2097
1970
8967
8541
7341
7366
7341
3514
7341
1558
9589
2704
9363
654
9363
8578
9363
9242
9363
7513
9363
9009
9363
8584
9363
8581
9363
651
3651
1321
6057
4279
6057
4275
6151
4517
6151
4510
7864
5238
7864
9633
7864
8479
7864
5239
7864
7903
6278
9065
6278
2754
3557
5211
3557
5244
3557
9188
1902
1905
1902
1646
3481
8122
4991
8122
8768
8122
4555
7346
7023
7346
8502
7346
7461
7346
8951
4150
4152
4066
1084
4066
1107
2890
9256
2890
9372
7270
3083
1110
7264
1110
1095
1110
7779
1110
7271
9313
8873
8880
7238
7288
7238
7285
7238
1880
7238
7777
3593
1773
8456
8933
210
1085
1056
2905
2909
2905
2806
4820
3640
4820
7608
6093
3218
6093
4468
6719
8060
6719
2581
1202
4072
1202
7170
1202
3555
388
95
388
176
388
352
69
66
69
65
6838
8689
6838
8164
3371
3298
3683
9489
5086
5804
5086
2671
5220
514
5220
2418
5220
8850
802
780
4618
4622
4618
2712
8897
8948
8537
3525
8537
7957
8537
7466
5781
3080
361
454
361
363
7011
7012
5578
1111
5578
1136
4180
4182
1981
1975
1981
1980
962
940
962
947
8857
9131
8857
5333
8857
3669
8857
1739
8857
8422
8857
8421
6181
4953
6181
3131
2053
3556
342
361
342
275
7454
589
5548
974
5548
8143
237
236
237
235
7743
9563
3780
3781
3440
6944
3440
9205
9209
8537
9209
7462
1643
8456
1643
3440
1643
8481
1643
7422
1643
9624
1643
3527
7946
3723
3895
802
3895
817
7870
703
320
338
320
149
4963
3107
4963
3154
4603
1567
4603
1603
9496
2923
3252
3214
3252
3242
5326
5327
5326
5327
769
765
769
758
1473
1455
1104
1071
8779
2782
8779
3700
4144
2750
2398
2381
2398
2396
7264
5265
6745
5778
6745
8791
2884
2852
5282
3774
5282
3775
5282
5276
5282
7934
5282
3839
9456
4108
9456
7710
9456
6572
2852
2856
2852
2759
1169
1145
1169
1190
1325
1324
1325
1307
4930
3130
4930
8213
7192
2179
7192
2284
9102
1670
9102
7764
4431
8702
4431
8200
6358
2650
6358
4624
4187
7675
47
46
47
43
8266
1533
8266
1014
8266
4058
8266
5416
8266
2836
8266
9493
8266
1137
8266
4051
8266
9476
8266
870
8266
1167
8266
1124
8266
2648
8266
1337
8266
832
8266
5779
8266
1066
8266
5635
8266
1470
8266
3169
8266
1310
8266
4562
8266
5707
8266
4095
8266
5768
8266
2942
8266
931
8266
8275
8266
5737
8266
8771
8266
3030
8266
4046
8266
955
8266
887
8266
1092
8266
1386
8266
7005
8266
2788
8266
4503
8266
4074
8266
853
8266
3152
8266
907
8266
3382
8266
3430
8266
2740
8266
8776
8266
3230
8266
3704
8266
4577
8266
5630
8266
1030
8266
2979
8266
1349
8266
9072
8266
6414
8266
914
8266
4523
8266
1292
8266
8769
8266
6981
8266
842
8266
7681
8266
6569
7317
2937
596
595
8350
9117
7095
3202
8023
3126
8023
2046
8023
7627
8023
6924
8023
9457
8023
7612
8023
3383
8023
1830
8023
7597
8023
3313
8023
3096
8023
2006
8023
7081
8023
3663
8023
7124
8023
3026
8023
3071
8023
3370
8023
2758
8023
4595
8023
2795
8023
3679
8023
3579
8023
6923
8023
3200
4322
6945
7941
3769
7941
7954
9062
1247
6792
2861
6792
8230
3787
2166
3787
6992
9305
2384
6944
600
6944
9237
6944
8986
6944
9235
4858
8667
4858
8666
95
94
6430
1768
6430
1792
686
9309
501
499
1533
1419
1412
7751
1412
3923
1412
9499
1412
1370
2989
3938
2989
5280
2989
7354
2213
8737
7361
509
7361
557
5342
7324
5342
7831
5342
7785
8420
8455
7447
3736
5702
1533
5702
4095
4452
3497
4452
1501
8712
3079
8068
3358
3517
3516
1813
4634
5592
7593
5592
7101
6013
8678
6013
2217
1720
1704
1720
1705
3231
3221
9347
5758
9347
827
9347
3500
9347
1153
9347
1497
9222
705
3464
5423
3464
5423
9311
3355
3387
3348
3387
9032
5060
2873
5060
2883
8918
3438
8918
3438
7049
7019
7049
1881
2831
9348
2831
4137
2831
7683
2831
4135
2831
7690
2831
6653
2724
2673
2724
2709
5128
1862
5128
1803
9336
9337
9336
590
9336
584
8490
9603
7881
9681
7881
5234
7881
5236
7881
5233
7881
9674
9648
7894
9648
7884
6778
9060
6778
8698
660
659
1808
1821
1808
4154
1808
9501
3771
7931
3254
4466
6170
8694
6170
8205
8787
9089
8787
9087
6246
2864
6246
4595
6008
9297
6008
4747
464
182
2565
2276
2565
5254
2565
5253
2565
8377
1027
3900
1027
7217
7178
3044
4524
9412
2046
1994
2208
3972
2208
2236
4171
4172
1970
1965
1970
1948
728
3659
5770
5771
2921
2746
2921
7899
2921
7874
9668
8978
5846
8220
5846
7650
5669
4089
5669
1338
6241
2860
6241
9502
8647
1248
7620
2907
5288
5289
1429
1424
8561
9000
8561
3641
8561
5205
3380
3357
3840
3841
5841
1846
5841
1775
8477
8486
7015
9617
7015
7875
7015
7381
7015
9645
8729
1917
5638
6570
5638
3521
1923
7635
1923
7151
1923
6878
2041
2035
4240
2106
3452
2469
9516
3257
8669
2661
1014
1000
1798
1685
1863
3656
639
638
432
446
432
159
432
444
8788
4129
5998
9297
5998
4233
3989
2464
1369
9138
1369
3825
2198
2189
2198
2183
4517
3392
6534
3645
7522
691
5830
4163
5830
6368
5830
8271
668
7504
668
667
8638
8304
5729
8176
5729
1476
4387
9058
4387
8695
2343
4281
6158
3498
6158
5769
4464
1505
4464
7630
7392
7416
7392
594
7392
580
9122
7813
2030
6970
5477
2562
4231
2246
6230
8122
6230
8103
9529
8857
9529
1631
5561
1027
5561
1013
8288
7720
2625
1583
2625
5426
967
930
967
947
1958
1935
5758
4114
5758
8302
3831
7378
5647
7579
5647
7586
1402
3496
1402
1280
1402
1373
511
225
223
225
144
8592
8624
4254
2228
4254
2270
2664
2609
2664
2657
2771
2776
2771
2707
5920
2000
5920
8676
5068
6888
5068
2944
5712
1447
5712
8736
7438
3720
8702
1336
447
355
3921
1434
3921
9560
8342
9309
5420
3118
3171
3124
3171
3181
3524
9453
3524
9459
9348
3460
2840
2924
2840
3658
4380
1211
4380
5632
4881
8135
4881
8762
6316
4598
6316
4600
5490
2501
5490
3982
9636
5245
8917
9690
8128
3240
3240
3223
3240
3242
8060
2529
9611
1306
2717
2668
7121
1425
92
91
2135
2109
2135
2139
9647
3652
9647
9178
6381
2653
6381
8151
370
85
6370
6983
6370
1823
3905
3906
8282
2900
991
925
991
983
6446
1960
6446
1924
945
930
945
910
4593
2734
515
3618
9622
3618
7935
3618
9166
3618
8516
3618
5237
8326
508
7963
9003
7963
7966
1094
1095
1094
1075
6118
9311
4683
1887
4683
5430
2408
2406
2408
2402
4870
8667
4870
8135
4946
6121
4946
8224
4371
8680
4371
8267
7378
3082
180
179
7324
7843
7324
7353
7324
3444
7324
7384
7324
8462
3180
3179
1265
1233
1265
1241
1229
1193
7858
8464
606
8999
9605
3771
9605
9193
9605
9614
7105
2316
6441
1782
6441
7115
2075
7792
2075
2069
2075
7773
2075
5292
4941
3308
4941
3336
9681
7924
4440
7121
4440
5706
2780
2728
5023
3620
5023
9502
5350
2572
829
809
829
822
5266
5267
7930
7942
7930
9223
7930
3568
4252
7145
4252
6903
3603
9515
8220
1663
7247
7282
7247
8398
549
548
393
460
393
442
393
233
8086
6126
7161
5758
1455
1371
1455
1461
2895
7885
2895
7873
2895
7877
2895
9683
2895
7874
2413
2366
2413
2406
6103
9456
6103
7095
1212
1206
6474
2016
9109
9121
3852
7054
7820
8426
3884
2403
579
6847
1864
6847
4656
3144
3161
3144
3101
19
5456
7581
5456
2214
6761
3305
6761
8186
919
917
919
904
812
805
6644
3221
8898
1274
3322
3397
3322
3181
8548
655
8548
648
8548
8559
8548
5205
7001
3187
3139
3187
3190
3431
4058
3431
8627
3431
1124
3431
9462
3431
842
9202
7993
8858
517
8578
656
2787
7190
7084
2339
2483
2467
2483
2477
5537
4001
5537
2451
9162
497
9162
498
9289
639
9289
1538
9289
635
4917
7161
4917
3356
7043
3530
7043
6396
7043
7044
7330
7847
7330
7849
7330
7848
3174
3119
8362
8393
4126
7826
7924
1542
7924
7932
7258
1329
9465
5821
5344
2267
7711
8325
6417
7124
6417
2618
4082
1246
2107
2062
2107
2061
8968
6955
1662
7214
1662
1657
1662
9096
1662
6678
2681
2631
4434
1498
4434
1390
7077
4231
7077
2717
7077
2681
7077
2741
7077
4277
7077
6930
7077
4007
7077
6188
7077
4284
7077
4193
7077
4659
7077
1711
7077
3993
7077
3175
7077
3987
7077
4559
7077
1872
7077
2421
7077
2332
7077
1784
7077
1952
7077
1996
7077
6922
7077
9291
7077
1794
7077
9260
7077
4715
7077
4001
7077
2501
7077
2286
7077
2557
7077
5005
7077
3970
7077
2603
7077
2268
7077
2599
7077
2451
7077
3982
7077
1854
7077
2842
7077
2407
7077
8160
7077
4581
7077
4188
7077
3132
7077
2310
7077
2914
7077
6936
7077
2215
7077
4186
7077
2411
7077
2415
7077
1744
7077
6916
7077
2649
7077
3309
7077
5480
7077
3116
7077
2995
7077
4748
7077
4196
7077
6943
7077
2505
7077
5483
7077
3995
7077
2490
7077
2438
2774
2708
2774
6253
2774
8299
2219
2116
6926
7676
6926
7159
9613
9217
9613
9207
2983
2931
1539
7479
1539
8547
6364
2727
6364
2779
6487
9293
6487
2143
5122
5831
5122
1745
1819
1571
1819
1807
8943
9199
3877
2354
3877
3875
1912
1911
4864
6644
4864
8643
6882
2196
9185
576
1100
3558
1100
1083
6019
7040
6019
2142
4636
4150
722
721
9533
9542
7767
3815
6816
4607
6816
5801
5521
5522
1423
1383
1423
1417
7090
9473
4286
2594
1929
7212
1929
3964
8167
3507
8167
4181
7216
7234
8723
1379
4557
2969
6480
4707
1611
8827
1611
8828
1611
7834
1611
1560
7562
3290
1845
1750
5891
6987
5891
2009
6045
2323
6045
4265
8214
3135
8849
7310
4827
7647
4827
7631
4651
1809
4651
5835
6566
5299
6566
7152
6650
3047
2245
2225
3890
783
3890
770
7814
8871
3066
3007
5663
8758
5663
7648
472
151
3150
8019
5391
4064
5391
3901
7468
3726
4481
8258
4481
8216
5227
5228
4632
4152
2024
1963
7627
2902
4546
5781
4546
5419
6888
8770
6888
7231
3268
3250
8495
9637
4470
1445
4470
7630
1506
1489
5824
4636
5824
4631
5824
4161
4762
8278
9578
7320
2059
7324
2059
9118
2059
3457
2059
3861
9277
1981
4576
2834
6471
1893
6471
4695
5505
4300
5505
3986
7749
2356
6224
4580
6224
4570
281
465
281
282
5162
2024
5162
3643
9253
4593
9253
5486
9253
2713
9253
9474
9253
2337
9253
7061
9253
9270
9253
1759
9253
3998
9253
6985
9253
2539
9253
2412
9253
3883
8012
785
5616
1212
5616
1201
3599
6589
1020
1035
1020
1008
2948
2879
2948
2950
4088
7669
6713
2602
6713
6056
9240
9243
9240
7981
6099
3268
6099
4479
4541
3174
4541
3157
3689
2078
9293
2094
6540
8920
6540
8469
6540
8480
6540
3821
213
1615
3671
145
422
207
422
468
422
343
5002
9060
5002
8156
3856
7851
4142
7321
4142
7830
5367
2421
5367
2438
2301
2280
2301
2299
7715
2710
7715
2710
9471
1453
8029
2830
5484
2593
2834
2829
2834
3701
7137
7671
7137
8322
4374
8145
4374
9067
2741
2695
9384
3840
9384
5279
9384
9172
5867
4189
5867
1918
8054
3692
9134
9148
3234
3208
3937
5277
3937
3838
3937
5275
9191
8983
1649
9529
1649
3849
1649
3850
1649
4179
2670
4145
2670
2674
176
175
6942
7361
6942
2369
5914
2101
5914
4195
2746
3840
2746
7429
2746
3778
2746
3777
2746
7912
3458
2910
3458
2808
555
9108
763
752
763
758
898
881
898
893
8191
2689
7056
1286
4260
2192
4609
1606
4969
3114
4969
3155
8427
7345
3530
4646
4328
961
4328
934
6261
2886
6261
2839
1479
1464
3572
7971
3572
612
3572
7030
1163
3817
1163
5267
1163
8444
6347
4612
6347
4642
7791
7802
6708
2600
6708
2597
5414
7181
366
170
1727
1737
1727
1588
323
110
323
80
323
282
6072
4285
6963
7416
6963
8939
6963
8949
7326
7344
4130
4131
9296
5764
9296
3526
9296
992
9296
811
9296
1308
9296
5401
9296
5402
9296
1350
9296
3513
9296
1064
9296
5383
9296
9469
9296
6928
9296
9502
9296
1153
9296
4107
9296
784
9296
837
9296
934
9296
3901
9296
1497
9296
3127
9296
1198
9296
9413
9296
902
9296
970
9296
3512
9296
867
9296
9475
9296
1503
3659
8378
8854
8378
8862
604
601
604
602
604
599
5264
5223
5264
2371
5264
2372
5264
2401
9131
9140
7282
9597
7282
8867
3631
9546
2312
2296
4277
2305
9256
4767
9256
6474
9256
7128
9256
3809
9256
5819
9256
5859
9256
4202
9256
5300
9256
7153
9256
4662
9256
5488
9256
2847
9256
5463
9256
5523
9256
7149
9256
4682
9256
1910
9256
7147
9256
6587
9256
7154
9256
5937
9256
7136
9256
2602
9256
2727
9256
7131
9256
5358
9256
7152
9256
3805
9256
5364
9256
7134
9256
4733
9256
7135
6509
8061
6509
2954
1678
1640
1678
1642
6131
4505
6131
4516
4058
1055
5095
2672
5095
2647
6444
1894
6444
1924
5317
1278
2089
2083
2089
2078
5192
2652
5192
8188
6930
2071
1096
1095
1096
1080
6858
6685
6858
2028
2613
1712
8324
7748
9008
686
9008
3466
4792
5477
4792
7144
9505
3084
4944
8224
4944
3336
3403
9276
3542
6994
3542
3708
3542
3433
8105
1599
6820
7102
6820
5803
6291
2838
6291
2883
7847
7860
5238
5240
695
7498
695
484
4640
1735
9679
8488
7761
8371
9430
9398
7220
3899
6641
5711
6641
4100
8247
3143
4035
877
4035
903
4838
1470
4838
8776
3141
3081
3141
4112
7086
7167
7086
8775
7086
4149
4290
2316
585
3488
8358
8161
1376
5965
5966
5011
8130
5011
8748
7578
2379
4571
2840
63
62
2608
1611
2608
8369
2608
8354
6476
5879
6476
2011
109
108
8084
8266
1765
1752
3418
3323
3146
3141
3146
3102
5743
4486
5743
3198
3886
2379
7548
3505
7548
7550
3070
3016
4393
8685
4393
1225
6646
4514
6646
5419
6570
1230
8001
3388
8001
2447
6532
9336
6532
8958
6532
7923
5454
5462
5454
2265
2329
2297
2329
3447
2165
2081
1510
1378
6581
3148
3975
3976
8946
7525
8522
491
8522
490
3081
3083
3081
3934
4778
2596
4778
5471
3707
9616
3707
9650
3707
8452
3707
3489
3348
3341
3348
3351
4466
1401
4466
3213
4550
8653
4550
7622
6551
8888
523
2953
2908
2953
2951
8937
7917
9616
9650
9616
9650
7669
1363
5178
8227
5178
8751
6457
1932
6457
6966
4580
2901
2497
7114
2793
2733
7288
7323
2868
2764
2868
2867
1016
954
1016
8044
9629
8931
5620
4075
5620
9400
1692
1673
1692
1694
4218
2268
4218
6936
3193
8514
3193
8507
7638
1173
5015
9050
5015
8140
8392
6971
6536
5222
6536
7237
6536
7241
6536
3437
3818
1238
3818
8429
3818
8432
3818
9569
1602
1603
1602
1568
5447
5448
5447
5448
413
342
413
156
413
448
9125
726
9125
9130
9125
7845
7342
524
6314
4599
6314
2612
4697
7635
4697
7151
4697
6878
7702
9487
7702
9487
4337
973
4337
956
1738
7360
2425
5220
2425
7251
2425
7768
2425
5221
5361
8056
5361
2449
1298
1299
1298
1253
3860
3698
3860
1881
5861
8729
5861
7657
7592
1455
9142
9376
3928
3930
4587
2700
8438
8453
9392
3831
9392
3832
9392
5274
5947
4202
5947
6481
438
483
438
10
7060
7414
7060
7014
7060
8458
7060
9588
4256
8683
4256
2260
843
816
843
8630
5049
8272
9547
7319
1901
1905
1901
1646
1569
1541
1569
3750
2750
5324
2750
9543
2750
2749
3803
2381
8121
3378
2666
2610
3482
9511
2234
9511
2058
1243
3820
1243
8387
1243
3453
1243
1242
6267
3526
6267
4589
6152
4510
6152
4515
7128
2408
3526
2735
4203
4204
9536
3160
3652
597
3652
8509
801
780
9395
2064
9395
7745
9395
9104
9395
8820
5614
4391
5614
8717
8749
3376
3372
3301
3372
3287
168
167
1943
1947
1943
7019
7495
7505
7495
7504
7495
7501
7495
5204
1201
1197
8627
1533
8627
1014
8627
5416
8627
8038
8627
4051
8627
870
8627
1337
8627
8032
8627
832
8627
1470
8627
1310
8627
5707
8627
4095
8627
931
8627
8771
8627
4046
8627
955
8627
887
8627
1092
8627
1386
8627
853
8627
907
8627
8776
8627
3492
8627
1030
8627
914
8627
6981
7888
3601
9355
9202
9355
9661
9355
797
335
477
4409
8660
4409
9475
378
464
378
296
378
199
9478
2469
1449
1443
1449
1442
8975
9722
8975
9228
2263
6880
4544
5779
4544
3169
2026
2023
9114
9611
1073
1063
1073
1074
748
7908
748
7413
5826
7587
1504
5414
1504
4097
1504
9481
4653
1702
9722
9734
6182
4537
6182
3520
4007
2408
1982
1964
1982
1940
4574
2833
961
941
7012
1974
5567
8303
5567
8291
3675
1770
6226
3026
6226
3579
5782
3080
1047
1020
2851
2856
2851
2759
5916
8674
5916
8684
359
209
359
362
2744
9229
2744
1538
2744
3543
5148
6677
5148
1699
5281
5282
2757
2700
7054
7420
7054
9624
7054
7419
7054
8892
2453
2442
2453
2454
1415
6540
1415
9560
404
118
404
351
404
293
3251
3214
3251
3242
9220
9326
102
101
8137
2962
3399
3330
3157
3089
5416
1499
9571
7838
9571
2069
8715
9477
7029
1608
3854
1618
2836
2825
4376
1236
4376
7579
6791
4574
6791
7572
5486
2546
6320
7611
6320
7120
4321
5355
4321
5358
6493
8257
6493
8158
7942
673
71
70
3236
3206
7427
9710
7427
7939
7191
1974
1485
1405
1485
7186
1485
5316
1485
8301
4432
7100
8056
2367
2997
2925
9060
2832
1988
7189
1988
1984
1988
7174
8258
1440
865
866
865
852
5591
9082
5591
6906
6924
5824
6924
1701
6924
6682
6924
2518
6924
6596
6924
3096
6924
2520
6924
2006
6924
6560
6924
2864
6924
3663
6924
7124
6924
2618
6924
4535
6924
2550
6924
2571
6924
2915
6924
3370
6924
2758
6924
2308
6924
7564
6924
2795
6924
3679
6924
3655
6924
2214
6924
3579
3799
2274
3799
7316
8077
3009
9565
7882
9565
7389
9565
8923
6450
7150
6450
4682
6366
2651
6366
2680
8711
1041
5788
2831
4950
3520
4950
3332
9100
503
5701
8162
5701
8720
4451
1496
4451
3497
4866
7585
4866
9038
5341
9577
5341
7266
5341
7803
5341
7268
5341
7307
5341
7026
4199
8743
4199
2052
7362
7399
7362
3754
8330
7235
8330
7235
1411
9390
1411
8407
1411
7751
1411
3923
1411
8846
1411
9499
8043
1147
502
4357
1069
4357
1048
6188
2965
7882
8514
7882
8507
4305
2552
4305
2539
610
3726
4124
4125
3176
3183
3176
3125
6725
1428
6725
1503
2832
4133
2832
3460
2832
7683
2832
4135
2832
4138
1345
1346
1345
1304
1345
8396
1345
7041
8827
8864
1623
3612
1623
1622
7926
7965
9513
1406
4436
8161
4436
8218
2776
3948
2776
2869
2776
3459
2776
2709
3959
6912
5270
7769
3232
7701
3232
3602
3232
7157
5346
7697
9361
9644
8090
1317
2809
2765
2922
7885
2922
7877
2922
3938
2922
7874
5528
3999
5528
8127
7723
8336
4172
1818
4172
5334
8216
1453
7167
9486
8981
1616
5460
2256
5460
2270
9401
3910
9401
3903
9401
8855
3209
7752
3209
3225
3209
9510
3209
1370
6564
8070
6564
5360
3772
3773
9633
9656
7816
7337
7816
9133
7816
6547
6767
7629
6767
8115
3064
3004
4634
4635
174
299
174
171
2042
2034
6617
3997
6617
5522
9194
9209
3735
9069
9507
6814
8646
5842
1846
5842
1796
3117
3054
8468
497
3295
3245
3295
3280
8562
617
4284
2302
9154
8454
9154
8923
1319
1284
1319
1322
1133
8972
1133
8515
1133
8535
1133
8956
384
174
384
172
384
72
7214
7226
6242
7052
6242
8177
4816
8709
4816
8732
7521
690
1215
1209
9333
2799
2732
2535
2516
8460
8481
9160
7893
815
799
815
809
5216
5217
3357
3353
3357
7689
3199
3692
8528
8543
8528
3742
3451
1964
3451
1947
5090
7668
5090
1717
9200
8977
3832
7378
4176
4177
6827
5817
6827
4609
3124
7835
3124
8372
3124
3057
3124
3935
978
975
124
284
6624
7096
6624
7125
5562
1015
5562
1031
3305
3146
5468
8133
5468
7656
7391
8496
4232
2116
7663
2891
2959
2907
529
7480
529
525
7227
3869
3776
9700
3776
7471
3436
677
7501
677
671
5043
8029
5043
8034
3172
3124
3172
3170
5330
1790
849
836
3922
1407
3809
8778
3809
2391
1563
1550
1563
8843
9489
5294
9489
7722
9489
7724
8341
7236
8341
505
6917
9074
7866
8896
7950
586
8701
3165
9415
1902
4064
1097
5711
1477
6665
2765
9265
1981
7344
1546
7344
7857
2772
6253
2772
9509
2772
2707
2772
8299
5077
2809
5077
5802
1249
9094
1249
8812
1249
1252
1249
9095
85
4209
2013
8591
9746
5258
7247
512
1401
1279
1401
4099
1401
7250
1401
5315
232
4295
5476
4295
5349
8346
9530
8270
8300
8270
8300
4117
4118
6382
1711
6382
6943
600
3730
4735
8281
9169
8948
7122
1039
6134
4504
6134
4511
9094
8817
4926
5783
4926
5761
327
447
327
97
3634
2203
8828
8864
690
9333
6426
1787
6426
1769
9054
3008
925
9638
925
9620
925
794
925
7850
4882
4892
4882
5750
6864
2164
6864
2100
3284
3294
3284
3259
2083
2075
2083
7211
9271
2441
7484
641
7484
9239
5715
8228
5715
4102
7367
7415
7367
7871
7367
9663
7367
574
8416
7829
8416
7829
4372
4079
4372
5400
5137
1854
5137
1744
1716
1610
2619
1580
992
953
8281
2086
3409
7062
3409
9443
8148
1320
9421
7714
9421
4513
9421
6979
3653
3572
3653
1543
5056
8059
5056
8083
6969
9394
9214
621
9214
5207
9214
3750
9214
7499
4942
8671
4942
8194
3544
9239
6442
1911
6442
4665
7414
7435
7414
3630
6503
9494
6503
2128
21
480
21
20
1055
1042
1055
1057
8486
7435
8486
3630
8876
9144
8876
7845
6074
8085
6074
3673
4675
3650
4675
3679
3574
3575
3574
3575
3007
2948
3007
3010
118
117
6250
8157
6250
8170
811
805
6166
5774
6166
3695
3757
8583
3757
9010
2645
8361
2645
8821
2645
6972
2645
6975
2645
7737
2645
9106
6762
5779
6762
4523
656
3471
5627
1215
5627
5398
4888
3361
4888
8087
3851
9602
1211
1178
7505
660
7505
9009
5850
1765
5850
1779
6388
1871
6388
7640
5766
3317
60
57
60
274
4157
4158
4399
1258
4399
8699
2475
2466
2475
7824
2475
7819
7162
3689
5749
3278
2323
2295
9477
1791
8614
1268
8614
4264
8614
1271
9120
7423
9120
7290
1966
8310
1966
6900
1966
8335
1966
1884
2050
1973
4251
2290
4251
2243
6518
5085
6518
9339
3376
3281
3376
3293
3836
3837
8567
9738
8567
9308
7616
2252
9453
1845
9453
1506
9453
3418
9453
2959
9453
4372
9453
2044
9453
4488
9453
2886
9453
1826
9453
1216
9453
7055
9453
2154
9453
4716
9453
3363
9453
9248
9453
1498
9453
9340
9453
1954
9453
4090
9453
4084
9453
4105
9453
1339
9453
3107
9453
4730
9453
4225
9453
5836
9453
2693
9453
9255
9453
5424
9453
3237
9453
2839
9453
4594
9453
2616
9453
1472
9453
1888
2854
2761
2854
2857
1494
8048
1494
1426
737
6980
3432
3326
3997
2468
7002
9220
7002
7463
4236
2118
1038
1037
1038
1025
9493
1200
9664
9684
3321
3171
3321
3390
1661
1659
1661
3560
7068
6962
3550
4697
3466
744
4348
3546
4348
8649
2682
2623
9677
7951
4707
1985
5438
2050
5438
4195
4081
1254
7712
8325
6327
4608
6327
4605
408
351
408
117
2975
2976
2975
3455
2975
7774
2975
8385
1747
1720
1308
1294
3580
3531
8361
8392
8361
7795
8361
9592
9673
8508
9673
5244
9673
583
1629
7810
1629
1630
2726
2660
5938
7605
5938
7564
6080
2600
6080
2583
7420
7428
9715
7051
3953
1585
8447
1617
3218
1481
6881
3595
443
286
9548
9558
1911
1771
7490
543
3793
3749
3793
3746
3868
3645
3868
2273
9045
2903
5121
1698
2365
6535
2818
7812
2818
7774
2818
7772
2818
7798
8049
3288
4193
2035
2860
2833
1500
1467
1500
1433
8178
8273
8178
5418
8178
8777
3337
3189
264
331
264
13
9316
9225
3729
3697
7330
6087
9039
6087
8075
8938
2747
7778
9384
7778
7852
7778
7337
7778
6547
7778
3936
9366
8533
9366
3617
5522
2457
2928
2927
3587
7963
3587
7962
3587
681
3587
9723
721
9323
9242
646
1139
1135
1139
1109
1313
1298
4482
1447
4482
8259
2507
2470
2803
2894
2803
9385
7477
534
7477
530
5392
1105
5392
1088
8015
1016
7729
7245
6244
6654
6244
2861
3256
3928
3256
3709
3256
9137
3256
3829
3256
8879
4652
1703
3203
1411
3203
3220
2044
2013
7647
1488
4526
6581
4526
3333
8620
1148
8620
8737
8620
7140
7561
1397
5892
1952
5892
6922
9329
5844
1845
5844
1799
1612
1614
1612
7371
5161
2018
5161
1961
6630
1287
6630
4091
6472
8249
6472
1892
2225
3625
2225
2197
7838
3565
7838
9626
7838
8445
2269
2202
4659
1681
3130
3092
705
9310
5247
577
5247
7441
1079
5308
1079
8289
1079
7682
152
151
7456
8992
7456
694
4761
6587
4761
6592
3058
7826
3058
3005
1825
7113
8238
3207
6025
3623
6025
2237
3277
4109
3277
3274
3277
3276
6558
2201
4631
4632
4847
3235
4847
3216
9231
7989
5001
5795
5001
5789
8454
7882
258
283
258
200
2598
2588
9424
2890
1949
1883
1949
1950
56
52
56
55
8743
1985
5084
2740
5084
7681
2688
6582
2688
5324
2688
8352
2688
2627
4542
3155
4542
3173
4403
5404
7537
804
1443
3925
1443
5314
8011
3433
3640
1423
9403
3381
9556
9388
9556
3510
9556
7771
9556
5293
6140
4507
6140
3379
5878
1928
8264
1526
594
7923
2742
8832
2742
9562
2742
8379
2742
7830
6946
8877
6946
8882
6946
9371
4488
3271
6870
2882
6870
8061
3290
8320
3290
4116
3290
3377
3290
8329
2302
2280
2302
2299
4141
2706
5378
7578
5378
7098
6499
9410
6499
2141
9596
9607
3035
2962
684
4418
8093
4418
8219
5105
1817
5105
1858
7944
1541
6071
7596
6071
7116
7792
8409
5324
8829
6262
4593
6262
2873
2459
2475
2459
7265
2459
9124
2459
9584
3571
7555
1106
1077
279
483
279
11
8192
1073
7023
7925
7023
1545
7023
3573
9007
7988
6941
7426
6941
7425
9051
3328
4070
1125
4070
8730
8317
4155
3393
3172
3393
3390
1915
1896
1915
3857
2886
2858
7266
7024
7350
8886
7350
786
8095
3375
4146
4147
4146
4147
568
566
3465
7171
75
74
8298
1456
5629
1203
5629
8146
8738
1296
38
37
3759
9646
2976
2921
2976
3945
236
257
5661
3651
5661
1308
425
450
425
243
1438
3919
1438
1407
1438
7757
1438
3920
2725
2660
4159
1808
7402
8528
7402
8962
5747
7095
5747
3195
5308
8347
3032
2968
4397
1258
4397
9058
1121
1100
1121
1118
2188
2176
2188
7008
8569
9004
8569
9723
739
8798
739
738
7843
8445
8823
7765
2450
2429
2366
6536
2366
5262
1788
1762
1788
1665
9080
1189
9517
7270
3999
2441
5988
2218
5988
2256
8243
1245
2242
2230
9338
1516
9174
7939
9174
7959
9174
9689
1522
1438
1522
1526
9646
8929
9646
7894
9646
7884
9646
9667
7369
7455
5139
5837
5139
9042
5313
9513
8510
7935
3407
9432
3407
9454
1842
1725
5500
2503
5500
2521
46
45
2617
1713
248
247
8916
8496
8916
8940
8916
9189
8916
8488
8916
9678
8804
8824
9637
1537
9637
8539
7014
5227
7014
8486
7014
8473
7014
6961
7014
3767
6042
5462
6042
2326
409
330
409
137
409
224
8692
1523
3972
2066
3972
2199
162
161
8929
3738
8929
7409
8929
9190
2564
2565
2564
2544
8016
1168
6967
7514
6967
9230
6967
3549
9001
3479
3255
3243
3255
3219
5612
4072
8772
2197
8602
3679
8602
8057
299
364
299
302
9381
9257
4525
6580
4525
3168
3009
2948
3009
3014
141
140
1392
1356
4273
8761
4273
7656
8961
733
8961
9287
761
754
1782
1664
3807
6940
6812
5806
6812
4592
2226
7145
2226
8781
6919
1247
706
705
5982
4227
5982
2259
847
840
847
846
1161
3817
1161
1135
7455
8990
7455
7952
9682
8942
9682
9688
9682
7907
2182
2184
2182
6990
2182
3446
2182
2178
4207
4208
7212
1620
7212
9343
7212
5337
7212
9115
1826
1808
6026
2237
6026
2346
1247
1273
1247
1244
6263
4587
6263
2785
5079
6666
5079
2646
9375
8920
9375
8469
9375
8480
1084
1056
4119
4120
9458
2097
9458
2613
9458
3232
9458
2799
9458
5766
9458
2726
9458
2228
9458
3401
9458
7040
9458
1893
9458
8734
9458
3029
9458
3367
9458
2126
9458
2256
9458
2597
9458
6191
9458
2889
9458
1866
4333
8274
2904
2803
2904
2879
5443
8684
5443
8706
8955
9003
8955
8519
8955
720
8955
9210
4693
8321
4693
6889
4693
7708
5943
2097
5943
3649
254
276
1001
964
1001
998
3718
7001
9498
2923
4583
2942
4583
2979
8995
625
1378
8324
1378
1367
1378
3913
2493
2462
2493
2463
7094
2384
2797
2732
6945
9290
2320
2278
2320
2279
8678
2070
3036
2976
3036
3022
3359
3302
3359
9572
3197
1486
6991
2168
3703
2138
5106
1869
5106
1816
3894
803
3894
784
44
6829
4611
6829
5818
1105
1071
9700
8561
9700
647
9700
643
6453
3550
6453
8030
3051
2989
3051
7826
679
3588
1324
1305
1324
1328
1916
1904
1916
1925
7265
8406
7265
7819
7229
2459
2885
2852
6744
9051
6744
6121
527
8096
2073
2957
2903
4145
8827
4145
8828
4145
1577
4145
7817
1216
1209
2910
2909
2910
2822
4815
8161
4815
8254
317
224
317
142
2536
2513
2536
3875
222
124
222
360
1090
9648
1090
7854
1090
7842
1090
3760
4018
854
4018
839
5215
8877
5215
7450
816
815
816
807
8933
8936
8933
3547
2993
2937
2993
2991
7423
516
6497
2132
6497
7600
2753
2698
1468
3921
1468
1478
2457
2445
2457
2455
4175
4177
4175
4177
50
49
2551
2528
3306
3144
3153
3091
8133
2296
3775
3776
3435
8319
2709
7611
1594
4978
3109
4978
8099
2581
2547
1562
1550
1562
7825
1711
1609
134
133
4657
1836
8865
7345
1077
5308
1077
8806
1077
1074
312
343
312
186
7662
2902
5249
7015
8839
7284
207
206
2152
2070
1258
1228
5401
1191
7865
682
7865
7876
7865
8928
2267
3865
2267
2205
2267
3866
2267
3973
4751
2245
4751
6879
3900
8814
5901
2018
5901
4194
3279
3295
3279
3255
6750
3313
6750
3613
6666
2637
1043
1044
1043
1026
8411
3715
8411
3715
3
1330
3767
1330
1300
1330
5228
4849
8228
4849
1463
5563
7118
5563
7598
4003
2430
4296
2537
8345
7833
7100
7660
1947
3627
1947
1879
4736
2133
4736
2090
622
3721
8992
9715
4925
5760
4925
5762
9543
7791
9543
8393
465
108
1861
1727
882
860
882
875
240
239
6425
4664
6425
1753
926
7865
926
9638
926
946
926
7850
7539
968
8623
8150
8623
8237
8623
9492
2314
3873
2314
2277
5716
3589
5716
4103
3113
3048
8415
3852
3339
9448
3339
8625
9408
6977
3699
1608
4992
8792
6613
3991
6613
5517
9250
9396
1715
1610
8871
5282
3589
8313
3589
7158
3589
8312
1137
1119
6089
8709
6089
9299
4098
1403
2444
2442
2444
2432
5055
7665
5055
2794
7163
3654
7163
3654
4732
2111
9276
3371
9276
5781
9276
2884
9276
9456
9276
7095
9276
1429
9276
2983
9276
4557
9276
9277
9276
2312
9276
2809
9276
1716
9276
1861
9276
5345
9276
4703
9276
2241
9276
2650
9276
5958
9276
2331
9276
4106
9276
3345
9276
4691
9276
7003
9276
2033
9276
6733
9276
1508
9276
3350
9276
2946
9276
4282
9276
4288
9276
4711
9276
2022
9276
5432
9276
1448
9276
1332
9276
1352
9276
4608
9276
5832
9276
4624
9276
2153
9276
4630
9276
4509
9276
1511
9276
6651
9276
4224
9276
4261
9276
4605
9276
3067
9276
2133
9276
4655
9276
5767
9276
2163
9276
3195
9276
4514
9276
5419
9276
1474
9276
5802
9276
2227
9276
4660
9276
4185
9276
6055
9276
1388
9276
1761
9276
2090
9276
2216
9276
4289
2131
2144
2131
2104
7727
7749
6312
6664
6312
2815
128
125
2509
2470
7479
3480
415
252
415
334
1056
1042
1056
1057
8485
8955
8485
9196
6763
3304
6763
9076
6898
1228
4676
5429
4676
4702
942
922
942
939
7649
1788
5211
7950
5211
9211
5211
7458
2532
2530
2532
2363
6165
8194
6165
8244
6329
2726
6329
4606
2646
1593
2570
8339
2570
3876
2570
3977
1749
1720
4709
4710
655
654
655
653
7801
7015
7801
3574
7801
7314
4811
9080
4811
6907
7506
737
7506
7508
7506
7511
7506
7507
3108
3053
5765
3316
2476
2459
2476
2474
8449
8922
8449
8903
3672
1643
6608
2502
6608
5351
31
30
1965
6900
1965
8307
1965
8797
1965
9523
1965
8800
8201
1418
1627
1629
1627
1619
888
862
8504
8973
3375
3281
3375
3377
3835
3837
8073
2119
7615
2496
5038
6194
5038
5794
9030
8729
9030
8128
9030
8220
9030
8723
9030
8258
9030
8216
9030
7663
9030
8743
9030
8133
9030
2152
9030
7020
9030
8211
9030
7667
9030
8139
9030
8110
9030
7139
9030
7661
9030
8163
9030
8703
9030
8763
9030
8183
9030
7657
9030
8761
9030
8189
9030
1380
9030
8144
9030
7659
9030
8174
9030
8689
9030
8683
9030
8231
9030
8130
9030
8193
9030
2260
9030
7668
9030
8748
9030
8111
9030
8149
9030
3413
9030
8179
9030
7656
9030
8722
9030
8700
9030
8704
9030
8114
9030
5004
9030
8739
9030
2052
9030
3109
9030
8257
9030
8138
9030
8242
9030
7650
9030
8099
9030
1717
9030
8158
9030
8181
9030
8164
9030
7666
9030
8245
9030
7658
9030
8742
9030
8688
9030
8165
9030
8750
9030
7664
2641
1594
9704
8569
8047
1098
9719
9726
4353
1028
4353
1046
7020
5121
7020
1689
7020
7670
4235
5346
4235
4735
4235
7674
9144
8885
9144
819
5494
3988
5494
3985
7961
7516
2291
7192
2291
2222
5201
9619
9150
9681
9150
5234
9150
5233
9150
7370
4699
1920
4699
1961
5449
2287
5449
2239
4339
969
4339
958
7811
2069
4113
4114
6688
7566
6688
2110
7496
717
7496
7503
4801
2551
4801
2583
3098
7778
1614
5235
1614
9657
1614
1586
1614
9674
1614
8475
9024
5359
9024
3338
5949
4711
5949
2163
6598
2578
479
473
479
22
4589
2690
8211
2852
6913
8276
8494
543
4961
3153
4961
3167
2025
2023
1567
1564
1567
1551
2558
2563
2558
7746
450
235
450
304
5825
7587
3732
5047
8029
5047
2956
9734
9244
9734
3719
9734
7982
8038
8084
8038
7113
8038
5796
3676
8981
3676
9224
3676
599
5073
2741
5073
2842
2472
2473
2472
2454
6225
7627
6225
3579
6269
4588
6269
4594
5504
3987
5504
9291
2630
2624
2630
1589
5915
4713
5915
3523
9451
3637
9407
7794
3709
8893
6823
2717
6823
2681
1416
6540
1416
1384
554
1148
1110
673
672
2262
2250
2262
3865
2262
3866
2262
3973
1281
1254
1281
1283
7992
6459
2028
6459
8210
4672
4689
4672
1776
7223
2782
4108
3223
5415
9481
5415
9481
7667
2737
8716
1655
2071
2063
2071
2108
6302
7573
6302
7568
2835
2829
2835
2828
4375
1236
4375
1210
2499
2462
2499
2460
6742
5758
6742
4905
7714
9099
5485
2547
6908
1264
2140
2134
9244
735
1878
7392
1878
6963
1878
9676
1878
9665
204
200
9003
719
9576
8454
9576
7389
9576
8923
3235
3208
1486
1405
1486
7186
1486
5316
1486
8301
3353
3372
3353
3312
8055
1829
3018
3019
3018
2951
950
948
950
949
733
6965
1701
1692
866
860
866
846
8563
3545
8563
7497
8563
640
1341
1302
7849
7886
5411
3912
5411
4089
6365
2681
6365
2649
3910
1157
5911
2030
5911
4712
198
197
8401
5330
9445
9029
4865
3231
4865
3265
1591
8851
1591
7283
1591
3952
1591
1564
8249
1907
520
3993
2472
4306
2540
4306
2553
9675
7409
9675
9691
9675
8491
7110
2317
5623
7140
5623
5398
1938
1940
1938
1889
2080
2123
2080
1944
3175
3137
6726
8162
6726
1502
1270
1267
9713
7484
1346
8866
3753
7524
3753
683
7925
9367
7925
7047
2327
2294
4435
1391
4435
4439
349
369
349
358
2775
2776
2775
2708
9717
9222
9717
3587
9717
8545
5345
2262
6682
2014
4153
4164
4153
3461
4153
1708
4153
8840
2900
2905
2900
2807
1844
1728
1460
1465
1460
1373
3751
8672
3751
8668
272
471
272
273
1892
1676
3657
7812
6044
7116
6044
2326
8215
1378
367
229
2244
4229
2244
4228
2244
5347
177
176
177
94
3003
2939
3003
7088
1528
7168
6507
3629
6507
2039
7815
1369
4279
2304
7978
613
5319
9383
5319
9383
8966
2744
8966
7467
5133
5835
5133
1797
3736
2087
2080
2087
6556
2087
7210
2087
7245
7691
7191
7691
7191
7363
8911
7363
494
7363
8474
3296
3247
3296
6574
3296
6576
7601
2633
1264
1265
1264
1234
7325
9143
7325
528
7169
1994
8856
516
7473
3544
7473
640
2074
9395
2074
2065
5678
7576
5678
7570
2442
2434
2442
7259
2442
2443
2442
5219
2503
2496
7104
2074
2807
4139
2807
2805
6769
5785
6769
4537
8896
9169
8896
9587
8896
9170
8896
8921
8896
9608
7643
3252
3207
1412
3207
3210
5096
1832
5096
1838
9021
5632
9021
6571
3693
7011
3693
7721
3693
4704
3693
2043
3904
1183
3333
3187
3119
7702
3119
4119
3119
3941
3119
7209
3119
9487
3119
7726
792
791
792
9148
944
930
944
910
6619
7106
6619
4002
1095
1090
1095
1076
1317
5407
1317
5406
1317
1283
1317
7742
3583
6532
3583
3687
3583
7410
514
513
1192
3909
1192
3903
1192
8855
1192
1182
4718
7199
4718
9519
6083
1352
6083
1388
291
373
8106
2149
8079
2333
3797
3747
3797
3748
6802
7627
6802
2915
838
830
696
9329
4197
2087
4359
1085
4359
1060
7202
3045
7202
3491
7202
6649
4036
924
4036
903
1238
8464
1238
9607
9473
3097
7085
8639
586
585
2518
2511
1743
4153
1743
1706
5966
4709
5966
6860
5966
4210
6050
2335
6050
4283
6323
9480
6323
4601
483
286
483
6
6475
2025
6475
1960
9457
3126
9457
7105
9457
3383
9457
7597
9457
3313
9457
2334
9457
3613
9457
2580
9457
4666
9457
3071
9457
2207
9457
7114
9457
3650
9457
7605
9457
2716
9457
4595
1850
4167
1850
1773
2894
7411
2894
5285
2894
7873
2894
7800
2894
9378
2894
9632
1454
3603
1454
8397
1454
1371
1454
7788
2388
8341
2388
503
1766
1751
4703
4187
4703
1680
4703
1679
3145
6579
3145
4122
3145
3101
3145
4123
3957
8843
1011
999
8443
7001
3885
2403
6962
1718
6645
8764
6645
8244
9497
2870
2250
2062
2250
2235
4051
953
9690
9364
9690
9702
2166
536
2166
6996
9728
8587
9728
687
9728
9011
9337
9308
3976
2222
2759
4142
2759
9538
439
443
439
7
1178
3905
1178
1196
1178
8338
4465
7704
4465
3487
8500
3706
3397
3294
3397
9572
8313
9101
4032
885
4032
871
5510
3992
5510
3988
8139
2593
2624
4145
2624
1583
7027
1983
9346
3546
9346
3526
9346
961
9346
992
9346
811
9346
1308
9346
4589
9346
5402
9346
8643
9346
1350
9346
3513
9346
767
9346
803
9346
1064
9346
9469
9346
855
9346
8651
9346
3620
9346
9502
9346
2686
9346
8656
9346
8660
9346
1428
9346
9470
9346
8628
9346
3356
9346
1198
9346
9413
9346
902
9346
4390
9346
970
9346
8642
9346
3512
9346
867
9346
9475
9346
6929
3159
3089
778
9111
778
7254
778
777
778
798
9638
3753
9638
8443
9638
7883
9638
3754
53
1015
1001
8810
7771
478
479
478
26
5602
6938
5602
1152
7429
9288
8612
1293
5016
8632
5016
8631
2999
2926
491
9749
1620
8873
1620
8423
1620
6909
1620
3853
5692
8691
5692
3604
6535
6941
6535
7418
9180
8964
9180
9195
7720
2036
243
242
8747
3328
8308
7728
9074
1200
2426
2425
2426
2431
8661
7638
8661
8711
8661
7649
8661
8201
8661
1766
8661
1505
8661
8667
8661
7629
8661
1086
8661
1007
8661
8709
8661
8732
8661
3106
8661
895
8661
937
8661
2913
8661
8755
8661
884
8661
974
8661
1125
8661
4391
8661
2866
8661
2639
8661
8199
8661
7632
8661
6983
8661
8143
8661
1856
8661
6954
8661
2683
8661
8233
8661
8690
8661
8115
8661
1257
8661
8753
8661
8728
8661
8694
8661
8757
8661
8758
8661
9299
8661
960
8661
8205
8661
7648
8661
8673
8661
1815
8661
8166
8661
911
8661
2985
8661
7644
8661
1801
8661
7646
8661
9503
8661
1445
8661
1823
8661
7630
8661
7665
8661
8717
8661
8135
8661
8754
8661
8730
8661
4512
8661
8760
8661
2794
8661
3063
8661
8666
8661
8762
1447
1440
5738
4108
5738
7707
5738
7710
8629
1926
2134
2135
2134
2104
7533
4057
7533
4063
7412
7436
1361
1363
1361
7203
1361
1360
1361
5311
5298
2404
2382
2379
4407
4403
4407
4080
5243
7404
5243
8935
4255
8683
4255
8688
560
0
2972
2971
2972
2820
2665
2673
2665
8864
2665
7817
4843
8776
4843
3230
9015
3387
1049
1034
3273
3222
3273
9033
9518
3877
9518
2360
3525
3661
3525
7977
3525
7475
628
627
4009
5300
4009
5302
5569
1060
5569
1050
8786
502
8786
2388
2933
2929
2933
2892
3031
2969
4304
2539
4304
2521
7401
5212
1344
1345
1344
1303
7249
5268
6724
1504
6724
1430
5662
8243
5662
4083
547
7459
4125
3171
8889
9379
8889
8908
7563
2769
7563
9339
7563
2786
917
900
917
918
301
258
577
7489
6849
1856
6849
1801
139
138
9343
7859
3189
3139
3189
3190
6925
1159
864
851
2013
7011
2013
9387
2013
2005
82
81
5100
1822
5100
5818
5813
8196
5813
2712
2789
7190
8110
2634
5539
4003
5539
4004
6213
3066
6213
7636
1122
1103
1122
1109
700
699
5923
5964
5923
5434
6041
2311
6041
8079
421
237
421
339
421
231
4635
4151
3294
3256
3294
3178
8783
9391
6815
2656
1841
1725
155
154
3734
590
7454
590
7950
4285
4286
7215
7317
1521
5313
1521
3667
1521
7700
1521
1518
2241
2230
5423
3051
4040
888
4040
905
1770
1649
1846
1750
6046
2347
6046
2325
6208
4559
6208
3116
1663
1657
1663
9096
1663
7226
1663
6678
1391
1362
5970
7147
5970
6592
8601
2834
8601
7154
1227
5399
1227
1184
1227
7551
6565
2404
6565
8089
5611
6895
5611
8719
6978
9364
6978
9702
3971
2184
3971
2234
2170
3789
2170
2168
2170
3785
2008
1938
2008
2001
2246
9511
2246
2105
5808
2754
5808
2715
8691
1325
3065
3004
8363
8847
827
816
8770
7738
471
163
471
275
3553
6546
8877
7927
4545
8183
4545
8099
8496
9690
6053
7133
6053
5463
9696
7970
1505
1489
7211
7792
7211
1883
7211
7773
7211
5292
1162
1143
1162
3817
3980
3448
2181
7227
2181
9381
2181
2173
2181
2174
5981
4234
5981
2258
4575
4576
333
479
5506
8060
5506
2538
6811
5804
6811
4591
762
9035
762
750
3674
8538
3674
3768
1781
1653
8893
9565
8893
8455
7038
3099
5615
8718
5615
1213
9724
9736
1002
5201
1002
7363
1002
795
1002
8463
8853
5268
2719
2662
1616
3671
1616
601
1616
603
7913
9686
7913
710
7913
708
7494
487
2093
2083
2093
2077
5020
2999
5020
3610
2430
2419
2430
2427
6992
537
6992
6996
6992
2169
9082
1120
3855
6909
3987
2514
7716
7747
7716
7753
7716
7035
8667
3239
637
3591
8223
3351
2873
2775
4519
3391
2358
8350
2358
5258
2358
2357
2358
5257
1367
1348
1367
7760
1484
5317
1484
1401
1484
8301
7823
3449
7823
3823
7823
3822
7823
7867
7823
9568
7823
8890
4389
1215
4389
5403
5479
7183
5479
7196
5479
2545
5479
3979
6398
1840
6398
8198
7908
500
2745
5287
556
5163
2024
5163
5878
7055
1343
8759
1439
1414
6540
1414
7060
5727
1529
5727
1444
9476
1260
3052
3051
3052
2991
5649
4081
5649
4084
4898
7562
4898
7606
4763
6593
8714
1141
8799
9498
8799
7738
8799
9097
969
966
8027
2446
5369
7098
5369
8648
7313
1135
7139
1835
9538
3843
9538
3949
9538
3844
9538
3951
4183
4184
9035
754
9738
9745
5014
3073
5014
3114
3783
3743
3783
7891
7500
491
7500
7987
9032
8294
9032
8290
9032
8293
5869
3691
5869
3590
2582
2546
4607
1607
3974
2176
1561
1557
1561
1549
7612
4466
8429
7858
4967
3157
4967
3111
3939
9505
215
133
215
214
1647
1629
1647
1648
2552
2528
3680
1569
3680
8562
3680
620
3680
7938
6349
4611
6349
3585
2626
7009
2626
1613
1729
1563
1729
7248
1477
1403
1477
1465
1420
1417
1420
1382
5902
2042
5902
2019
8412
8427
8533
8563
8533
8544
8533
7973
8533
634
7629
3121
5402
1178
2278
2275
2278
9554
4752
3578
4752
8063
8720
1397
2151
2107
2151
2106
7308
5252
7747
7034
2057
5342
2057
3867
7661
1970
1068
1052
8963
9366
1712
1576
1712
1575
194
305
200
9367
606
9367
7482
9367
9712
9618
7922
9618
7430
6315
4598
6315
4610
6097
8128
6097
8174
2424
2426
2424
2368
3597
4286
8948
9613
8948
8952
1862
1848
881
882
881
866
1490
1468
1490
1491
621
620
3687
8505
3687
9706
3687
7914
2136
2135
2136
2122
9317
9252
5482
9252
9442
9252
5774
9252
3340
9252
2345
9252
5471
2338
2340
2338
2298
7769
7345
7769
9627
3906
1163
2698
2644
2698
2694
5094
2671
5094
9083
6445
4666
6445
4690
870
848
946
8904
946
7527
946
927
946
683
8643
3240
516
8325
3022
1927
4184
1927
1913
8169
1667
2588
2570
2588
2558
4991
9420
8990
7477
8990
7476
8990
526
8104
2935
4945
8640
4945
7560
8473
8484
941
922
941
939
6730
3369
6730
5756
1023
1009
1023
7804
1350
4092
4829
7614
4829
7599
1266
1265
1266
1235
3508
8799
605
9237
4559
3015
4310
5488
4310
2525
7106
2446
2076
5342
2076
9571
29
6311
2799
6311
4613
5265
1090
5229
9618
188
6658
8104
6658
8221
2132
2130
4731
4732
8202
2697
5964
6480
5964
3686
3671
6529
8085
4286
8085
7706
1764
1752
1456
1371
1456
1461
2896
5285
2896
7873
2896
2748
2896
9378
3383
3289
9573
2748
4919
7577
4919
8087
4812
1214
4812
5634
9006
3586
9006
9739
2109
9118
2109
3581
2109
3861
2109
8838
2109
9555
2109
5343
6419
1701
6419
3655
7802
1612
7079
3254
7079
5830
7079
5477
7079
2024
7079
4260
7079
6581
7079
5878
7079
2957
7079
2509
7079
5485
7079
4279
7079
3333
7079
4718
7079
2789
7079
2099
7079
2347
7079
4300
7079
2045
7079
5429
7079
4661
7079
5751
7079
5839
7079
5755
7079
1931
7079
3991
7079
3643
7079
3104
7079
7652
7079
5517
7079
5795
7079
9262
7079
4521
7079
7653
7079
4702
7079
5805
7079
6831
7079
7144
7079
5789
7079
4198
7079
6189
7079
5783
7079
6559
7079
4598
7079
4507
7079
3619
7079
5354
7079
4566
7079
5834
7079
2519
7079
2211
7079
4590
7079
3062
7079
6562
7079
5472
7079
5761
7079
3272
7079
2325
7079
4610
7079
4275
7079
3379
7079
4239
7079
2266
7079
4600
7079
3668
7079
9281
7079
2810
7079
3986
2164
2081
5455
2225
5212
9211
5212
3848
5212
7445
2531
2530
2531
2363
9041
6072
9041
3596
6489
9293
6489
7633
7962
736
9258
2245
9258
3070
9258
2885
9258
2025
9258
9273
9258
5435
9258
2271
9258
6879
9258
6594
9258
2336
9258
9282
9258
2156
9258
9410
9258
6710
9258
3095
9258
1960
9258
5469
9258
2141
9258
3608
9258
6580
9258
9259
9258
1894
9258
2285
9258
5476
9258
8134
9258
2212
9258
4299
9258
4276
9258
5349
9258
3028
9258
9249
3740
8943
3740
7494
3740
9688
3740
7984
2292
2222
2292
2293
3300
3281
3300
3248
4498
3195
4498
1474
7443
3568
2217
2120
694
679
694
693
1537
8556
1537
1536
9597
9371
9597
7450
9298
9200
9298
8527
9298
7446
4034
886
4034
906
2642
7881
2642
9150
6017
2132
6017
7610
584
582
3513
3299
3879
2477
1817
1743
431
195
431
445
431
463
9557
9151
8212
3321
8455
3442
8455
7901
1086
1055
1220
1140
2906
2904
2906
2806
2540
2515
4802
2550
4802
2580
2099
1970
7919
8522
7919
9661
7919
8526
9273
2037
7812
9153
7812
9171
7812
8907
2713
2659
5085
1608
820
786
820
819
5202
8463
2224
2233
2224
2180
330
220
9257
2172
2471
2473
2471
2454
3310
4322
3559
9548
4508
3328
1548
7348
1548
7387
1548
3845
1548
3450
704
702
6059
2347
6059
4275
9598
8435
9598
9145
9598
7480
1824
1810
9297
2071
3731
1578
1574
1578
1555
6024
4240
6024
2158
4962
3153
4962
8129
9558
3860
9558
9388
9558
5293
7678
9075
2072
9395
2072
2063
5473
2575
7945
2744
7945
7467
2347
2338
4383
8146
4383
9067
3896
801
3896
818
2708
8355
2708
7750
2708
2702
2708
3954
5104
1856
5104
1815
4671
1892
4671
1775
2261
2252
466
191
1282
1254
7991
711
5325
8393
5169
9265
5169
1987
5643
8147
5643
6918
8094
3087
6670
5428
6670
1827
963
925
963
947
1914
3611
6746
4509
6746
5767
1326
1324
1326
1307
4769
2327
4769
2348
389
177
389
297
8905
8919
1867
9477
1867
8268
8265
1375
8229
3207
858
847
858
835
595
3498
6579
3498
4122
3498
4123
4300
2529
7096
2410
4740
2163
4740
2090
8984
6948
930
918
930
929
6741
8125
6741
8240
6301
2812
6301
4594
4513
8340
2879
2895
2879
2817
7829
3160
685
684
3034
2962
2019
1962
3183
3138
3183
3303
1592
7207
1592
7224
1592
1565
1592
3956
5720
4104
5720
4467
416
146
416
365
416
334
5819
1734
5912
3615
5912
3647
8402
9565
5412
8721
5412
8708
5533
2478
5533
4000
7738
7761
7738
2934
7738
7225
2364
8350
2364
5258
2364
5257
2364
2513
2783
7794
2783
8365
7298
7343
2487
2482
1342
1324
1342
1303
6219
6189
6219
4566
1702
9102
1702
1682
57
9368
7486
9368
7464
9368
599
6681
4703
6681
4185
9617
2054
9617
542
1128
7890
1128
3765
1128
6526
1128
3764
1128
9610
8936
8978
2417
3881
2417
5262
2939
2938
2939
2897
6107
3235
6107
4500
7243
7024
2974
2975
2974
8835
2974
8816
3607
7364
8947
8540
8911
3755
7569
2002
6843
4652
6843
8203
1060
1045
9318
4680
1764
4680
1803
9537
1621
9708
622
9708
8547
9708
9356
8014
843
6245
4576
2566
2565
2566
2279
1669
1660
1669
3560
2650
1604
351
219
2045
1994
7510
7990
5845
4661
5845
7653
1891
3688
8369
7326
8369
3697
8369
7301
9546
3451
3752
7496
3752
7974
2480
2479
5027
2997
5027
8082
4597
7182
7602
9069
7602
7162
7602
3690
5929
4750
5929
9409
265
50
265
449
1638
1623
1638
1624
7692
3058
9152
8931
9152
9161
4687
4176
4687
3624
7967
608
7016
6533
1288
5310
1288
8311
5429
1650
4823
8264
4823
5696
2980
2932
1029
1018
9686
8540
648
3477
3545
9239
3545
9718
9721
5200
4553
4554
5223
2370
5223
7257
5223
557
2441
2426
2441
2436
4674
1777
4674
1757
6075
7031
6075
9279
5667
9061
5667
1269
7415
572
1054
8823
1054
8819
1054
5309
1054
1042
3575
9593
3575
3444
3575
7863
1427
1415
1427
1416
2118
2067
2118
2113
6408
8055
6408
1722
7898
9191
7898
486
7763
3816
7485
628
1191
1180
1191
3909
1191
3903
5714
4102
5714
1493
8649
1000
8727
1375
8163
1677
791
8468
791
8925
426
341
426
161
2370
2369
4908
8671
4908
8246
8479
7404
8479
8935
2446
2445
2446
2427
7449
8985
7449
8573
8878
520
8506
9335
6483
2102
6483
7633
2987
2930
1495
1491
7201
2619
7201
2619
2855
2761
2855
2857
9182
9187
8812
8815
289
69
289
79
326
447
326
98
326
345
6801
7003
6801
2946
5496
3983
5496
2502
3873
3799
3873
5255
3873
2275
3873
3798
3519
1223
4052
1065
4052
8067
2644
8361
2644
8821
2644
9106
2644
7744
7047
8999
7047
7482
8020
7556
6961
8961
6961
7028
4913
8126
4913
8246
3389
3983
3389
5350
3389
3174
3389
2219
3389
2793
3389
3157
3389
2042
3389
3999
3389
5455
3389
2019
3389
2865
3389
5353
3389
2586
3389
4223
3389
1887
3389
1756
3389
1839
3389
6190
3389
9494
3389
2502
3389
2112
3389
2549
3389
2722
3389
5482
3389
6595
3389
2596
3389
5357
3389
2541
3389
4717
3389
1834
3389
1953
3389
2157
3389
1809
3389
5835
3389
8127
3389
1797
3389
2672
3389
4262
3389
2751
3389
4226
3389
3388
3389
6124
3389
5351
3389
5774
3389
4278
3389
7010
3389
5787
3389
3685
3389
4274
3389
3340
3389
2345
3389
1919
3389
2940
3389
2506
3389
5430
3389
6947
3389
5471
3389
2128
3389
3111
3389
3695
3389
2647
3389
2984
3389
2614
3389
2447
3389
2238
3389
2875
1012
999
2474
2475
2474
7265
2474
9552
2474
7256
7073
5420
7073
1747
7073
1270
7073
8106
7073
3508
7073
6022
7073
3615
7073
3714
7073
3429
7073
9460
7073
3969
7073
3647
7073
3068
7073
4238
7073
2651
7073
1890
7073
5748
7073
3024
7073
2007
7073
4750
7073
3269
7073
6880
7073
1501
7073
4532
7073
2844
7073
3624
7073
4644
7073
3217
7073
9409
7073
3595
7073
3710
7073
1865
7073
3605
7073
9455
7073
1471
7073
9267
6413
6414
7504
666
7504
8584
2103
1993
8764
3097
8615
1216
8615
1218
8615
9255
3125
3124
3125
4121
3125
3454
3125
3931
710
707
8423
3854
767
759
1758
1647
1758
1742
8826
8848
8826
8386
8826
7267
6625
5364
6625
7134
3304
3147
5958
6926
5958
4207
2230
6542
2230
7184
2230
9266
2230
2229
4031
889
4031
867
3933
3934
1723
1697
1723
1707
6030
3599
6030
3518
1167
1146
6343
1716
6343
2650
2158
2131
1830
4162
1830
3664
7133
2344
2534
2533
7319
3099
5363
2420
5691
8124
5691
1335
1214
1208
6198
3035
6198
7642
492
9317
8611
8711
8611
9503
4189
1675
5601
6938
5601
8719
1998
3967
1998
9394
1998
1946
814
815
814
806
8819
8364
5863
2026
5863
8734
5798
4144
5798
2799
3789
3744
3789
3745
6135
4504
6135
4518
1362
1357
1362
7203
1362
1360
1362
5311
2381
8801
2381
2397
2381
7719
2381
9086
4734
2112
4734
2128
7411
2747
6717
5485
6717
4300
4294
5350
4294
5471
3635
7468
3635
3503
538
535
3040
3036
3040
2977
8662
1230
3285
3294
3285
3259
6865
6987
6865
9264
2316
2307
2316
2313
924
898
7623
2930
8539
7953
8539
1536
5110
1839
5110
2614
8913
7508
8913
6953
8100
1963
6664
2733
7345
1239
4065
1085
4065
1104
1920
1906
2971
2975
2971
8816
2971
2970
2971
7230
9643
8963
9643
8962
9643
8953
1760
1754
1544
9231
1544
7482
1544
607
708
707
2228
2204
7835
9377
4073
6902
1653
1636
1653
1656
5960
4209
5960
2015
4504
3343
2160
8745
1574
1556
1574
1570
3961
6911
1007
986
6555
1626
6028
2345
6028
2238
7052
2851
9076
3185
8235
2220
1828
1806
1828
1820
3055
3011
4047
924
4047
936
8353
9574
1903
1904
1903
1626
3801
2274
3801
7316
8709
1355
6873
6875
2595
8139
6200
2983
6200
4557
5589
9056
5589
1219
8784
502
4201
1971
2000
1995
9482
7759
9482
9103
9482
7766
2992
2937
2992
2990
1409
3922
1409
5273
1409
3919
1409
5272
1409
7291
4449
8215
4449
1393
5699
1350
5699
8659
3716
8279
3716
8793
5113
1872
5113
1744
5800
4597
5800
4143
2685
2629
5339
8414
5339
7803
5339
7307
3494
9265
3494
6683
3494
2533
3494
5763
3494
5829
854
844
9344
4144
9344
6118
9344
4290
9344
2026
9344
3199
9344
2551
9344
2641
9344
5473
9344
1786
9344
3678
9344
1452
9344
3649
9344
2600
9344
2335
9344
3264
9344
1699
9344
9254
9344
2142
9344
2240
9344
5753
9344
2982
9344
2218
9344
4613
9344
7006
9344
3131
9344
8773
9344
4534
9344
1987
9344
1849
9344
4695
9344
2270
9344
4654
9344
4606
5875
1932
5875
1898
1376
1377
1376
1366
540
539
8732
1376
1321
1284
1321
5312
9684
9289
9684
6998
713
9315
3038
2978
411
349
411
127
411
295
5375
3884
5375
3883
8676
1989
1432
1431
4485
7655
4485
8681
9650
9194
9650
9198
9650
8512
26
5672
7055
5672
1339
7674
8281
2704
8922
2704
2606
2704
8926
228
227
2811
2774
4415
1313
4415
1340
5108
5819
5108
6415
8920
8485
8098
1963
1918
1900
7553
2973
3211
3715
1305
9611
1305
7252
1305
7280
1305
7781
2978
2929
2978
2977
234
233
8736
1517
5435
7180
5435
7677
5435
3965
1124
1101
8296
2762
4345
1029
4345
1012
566
5153
1923
5153
1958
650
649
7065
4602
107
285
4623
2634
5306
6940
5306
7097
9449
1845
9449
3418
9449
8121
9449
2044
9449
4488
9449
1826
9449
1216
9449
5825
9449
2140
9449
8223
9449
8098
9449
2154
9449
4716
9449
3363
9449
8687
9449
9248
9449
9500
9449
9340
9449
1954
9449
4105
9449
8141
9449
1921
9449
1780
9449
3107
9449
4730
9449
4225
9449
1799
9449
5836
9449
1999
9449
4588
9449
8262
9449
4621
9449
9255
9449
3331
9449
5816
9449
8118
9449
3237
9449
2616
9449
8097
9449
1472
9449
8225
9449
1888
5935
2099
5935
4198
959
941
1436
1409
1436
1442
4753
6882
4753
6587
6410
7139
6410
8179
3865
3866
3865
3866
2120
2113
2120
2121
8751
3376
7900
9664
799
8378
799
7254
799
9680
799
798
2186
9559
2186
2175
3215
1484
8657
9084
8657
8785
4993
3094
4993
5780
8003
1353
140
1451
1443
1451
1438
5986
4225
5986
8262
7734
1171
7734
9113
7734
8399
7734
1149
6722
8727
6722
8208
1199
7734
1199
7759
1199
9103
1199
7766
1357
1328
1357
1364
1786
1663
2368
5220
2368
7768
2368
7237
2368
7241
2815
2772
4910
3432
4910
3349
4411
1337
4411
1310
7294
560
1634
9537
1634
3849
1634
9542
1634
3850
1634
8852
1634
4179
8894
9655
6789
7620
6789
9324
8175
1174
122
121
122
306
1284
1255
1284
5269
8854
7382
7189
7199
2925
2923
2925
2880
487
9312
4133
4134
7775
9147
4319
7106
4319
7604
8018
8046
3563
1549
3563
1564
1172
1159
1172
1160
2849
2857
2849
2749
5279
7912
6063
4277
6063
4284
3401
3330
7031
2561
6933
6932
772
7909
772
9179
3249
3238
3249
3205
7513
663
6404
5829
6404
4654
2114
7733
5718
7631
5718
8679
7894
9177
7894
9695
7894
9685
4904
7562
4904
3329
3443
7394
4096
9490
7300
7048
8145
1191
9012
8038
1872
1828
7740
7771
9740
9742
30
29
644
3478
3079
3085
3079
4132
1130
8490
6579
7731
1277
3823
1277
9570
1277
3822
1277
7867
4678
1764
4678
1783
2352
9371
8964
7947
8964
7943
6549
6550
6896
1246
7383
511
7383
7388
1058
1045
1058
1057
7671
8285
2067
3592
2067
2056
4885
3362
4885
5757
4957
6650
4957
3127
8693
1325
8119
1097
1571
1553
1571
5331
8333
7758
1899
1677
2648
1600
293
360
293
219
5051
6665
5051
2887
886
873
1393
1355
6606
7126
6606
7111
8583
9746
2478
2456
5703
7561
5703
3640
6385
1876
6385
4642
3106
3046
3106
3491
3106
6649
7508
7522
7508
8590
5197
1842
5197
2615
5036
2864
5036
2915
5359
2410
6515
7611
6515
3699
7807
7341
7807
9585
7807
9606
1640
1625
1640
1624
4797
5481
4797
8026
436
473
436
23
1035
1003
1035
7804
154
5859
1937
8207
5405
1290
7769
1290
8374
1290
3820
1290
8373
1290
3453
4016
838
4016
826
6194
2827
7972
7976
2538
2514
4692
7142
2091
2088
7687
1481
9280
1975
1218
1164
5794
2850
8273
7705
8525
8572
8525
9701
8525
8577
7597
1410
148
4602
2777
818
807
1994
7011
1994
7721
1994
4704
1994
1950
3308
3144
3747
6534
3747
534
3747
7373
5954
9260
5954
4715
5032
4567
5032
8232
357
302
357
178
4510
3176
9246
744
975
967
975
945
9574
7281
9574
9114
9574
7280
1754
1647
1754
1741
1550
7346
1550
1549
3661
7492
262
478
262
30
1466
1434
1466
3917
1466
6539
9237
9238
9237
602
6129
4503
6129
3430
241
236
241
304
475
476
475
36
4976
3126
4976
4535
3629
4708
3629
4210
6511
6245
6511
2955
2154
2073
1580
1555
1580
1581
5465
6560
5465
4241
2710
4146
2710
9531
3843
3844
3843
3844
1256
1238
1256
1239
7680
1903
9026
9445
136
135
5009
3678
5009
3029
803
781
4569
7179
3612
7864
3612
7810
4243
3619
4243
2266
5255
5256
2331
2329
7999
3003
6112
4487
6112
5739
2422
2424
2422
3881
1203
5612
1203
7170
1203
3554
6668
5817
6668
1827
534
532
1697
1683
1697
7248
7759
7766
7759
7766
1337
1320
6289
2846
6289
4604
2492
2462
2492
2463
4738
3703
4738
2092
51
50
51
48
860
9125
860
790
860
9658
860
859
3500
3651
3500
8647
3500
6644
3500
6650
3500
961
3500
4064
3500
2860
3500
4589
3500
827
3500
8643
3500
8649
3500
767
3500
2811
3500
803
3500
1081
3500
4905
3500
855
3500
8651
3500
3620
3500
8659
3500
8652
3500
2686
3500
8656
3500
8660
3500
1428
3500
889
3500
9470
3500
8641
3500
8646
3500
3356
3500
8644
3500
4390
3500
8642
3500
4101
3500
8658
3500
6929
5407
9540
4298
2560
5907
2102
5907
2031
3139
3142
3139
3081
8397
7806
3313
3145
8159
2136
928
8905
928
7876
928
927
1587
1563
1587
4156
9388
7295
9019
3886
9019
3117
9019
7628
6639
5709
6639
4100
9138
8898
9138
5229
9138
7897
9138
8890
9138
8924
2700
2688
2700
2644
5785
3079
1951
3857
1951
3584
2340
2186
2340
2322
9552
8391
9552
8858
9552
519
3692
1411
3692
1410
143
458
4999
2957
4999
5789
8983
9232
868
858
793
8919
793
7876
1857
4171
1857
1774
1857
4166
1857
4170
8255
3202
1985
1982
1985
1979
3016
2953
3016
3014
6185
3685
6185
3111
3602
1454
2590
2570
2590
2558
8009
1070
6102
7643
6102
8255
1193
7249
1193
8853
1193
1157
1193
3907
1348
8396
1348
1368
1348
7042
1707
1562
1707
7276
4661
1688
4661
8316
6728
5711
6728
4486
1081
1054
2062
7801
2062
2055
5159
1923
5159
1897
9146
8892
7752
9510
7752
9510
1936
7755
1936
1930
3510
7019
5397
8192
5397
8119
2271
2267
4747
2130
4308
8252
4308
2510
5897
2021
5897
2047
8407
1275
9387
7238
4629
1820
4759
7584
6660
3030
6660
2979
9137
9147
953
952
953
951
3569
9728
2461
8804
2461
7727
2461
8805
2461
2359
6204
8077
6204
8062
1482
1400
1482
1404
5525
3994
5525
3996
6069
7110
6069
7596
5273
7823
2843
2735
2547
9518
2547
2545
6939
8779
9580
8927
5804
2668
1652
1634
1652
1656
1526
7757
1526
1514
7607
1291
4972
3714
4972
4532
6974
7368
3243
8420
3243
8402
3243
8448
3243
8875
3243
8424
3243
8425
5
4
4612
1718
2577
2276
2577
3874
2004
2005
2004
1939
6783
6190
6783
3685
3298
3279
3298
3247
8465
3813
8465
3813
4500
3252
3738
732
7976
734
8925
789
7183
7196
7183
7196
9238
7520
9274
2198
8032
1836
4313
7126
4313
8064
6501
3668
6501
9281
8942
486
4139
2801
4139
2703
6686
3595
6686
9267
286
3
286
2
8703
1978
6879
2224
1822
1810
1909
1651
1909
1905
7034
3359
6022
4238
5583
4068
5583
4063
329
92
329
352
2637
2624
2637
9526
2637
8351
1542
7944
1542
7465
8051
1209
1403
1369
1403
1406
6596
2292
2222
2179
2222
2180
5333
9149
5119
1749
5119
1871
5693
7576
5693
9043
7957
658
3096
3044
2287
2194
7885
9625
7885
5287
4443
1512
4443
1507
406
349
406
126
7498
680
7498
7509
5207
615
9379
9657
745
8342
745
8328
2556
2548
2556
2537
8959
8968
1659
8415
1659
3711
1659
1658
4079
7730
7797
7321
4807
2554
4807
7149
3678
3016
8359
8369
8999
3728
8036
1021
8931
7432
8931
7448
8931
9669
8197
1926
1631
5288
1631
9131
1631
5333
1631
6541
1631
8421
1631
9621
8970
8538
1418
1417
1418
1382
9710
6967
9710
7965
2127
2089
7731
3123
6394
1740
5145
4660
5145
1761
7904
544
8718
1197
4894
3367
4894
5753
4106
1522
7559
1901
7310
513
2280
3872
2280
2282
1146
1110
1146
1144
1070
1041
1932
1902
2354
7304
2354
7306
2354
9591
2354
2353
719
9314
1488
1468
1488
1433
1141
1144
1141
1126
1876
1831
6906
1141
832
810
3345
3325
1176
1175
4775
2348
4775
2342
172
171
3978
2279
6971
1612
1232
3519
1232
8808
1232
1194
1232
8809
776
775
5175
8242
5175
8742
6123
9403
6123
7716
277
332
277
58
382
113
382
280
382
87
8763
1439
3623
2204
4215
2245
4215
2271
7040
2072
1
0
8860
9136
2865
2849
7285
7025
3411
3571
3411
7072
3815
7804
8279
8311
2621
2619
2621
1709
2621
7187
8900
5243
5018
3070
5018
3028
7635
8300
1117
1099
1117
1118
1295
1290
1295
1252
7753
7034
2428
5359
8869
1413
1735
1592
1735
1580
8306
8336
8835
3455
8835
7774
8835
8385
6283
8199
6283
2794
5296
5297
8153
1188
3319
3260
3319
3180
3319
7240
3319
7253
8435
7369
8435
8436
98
97
3133
4118
3133
4127
3133
3123
5736
7157
5736
4111
3925
1277
3925
1399
8832
8379
8832
8379
2360
7247
2360
2354
2360
5257
6633
8173
6633
8226
582
6400
1874
6400
8033
7910
7919
3849
3850
3849
3850
4563
3106
4563
3063
922
910
922
893
809
8378
809
787
809
821
809
9680
5003
8779
5657
9062
5657
8209
7993
552
8822
1064
1040
626
3436
4249
2242
4249
6561
7125
2413
2274
3791
2274
8434
1209
1196
1209
1164
5751
3296
4900
3401
4900
5753
4401
5630
4401
6569
7304
7342
7304
563
7304
7334
3504
5208
3073
3012
5676
8124
5676
8248
8375
7784
9749
7993
8914
9174
8914
9660
6573
7206
8806
8823
8806
5309
6654
2858
5732
4106
5732
1448
3047
8788
3047
2988
3047
9495
4055
1081
4055
1064
1675
6554
1675
8789
1675
3463
1675
1641
9176
8504
7389
9599
9644
8500
9644
8513
9644
8960
531
6543
3805
6543
5302
2961
2960
8841
6986
1372
3925
1372
1276
2334
2330
33
7519
3730
2694
6582
2694
5324
2694
8352
2694
7744
2801
2704
2801
9385
5098
1839
5098
1834
8108
3222
4716
1989
642
638
8672
750
3449
9375
2584
2542
3992
2504
9350
3201
6855
1779
6855
1897
3201
8054
3201
1464
441
67
441
451
104
103
6987
2037
385
71
385
172
5353
2482
698
8589
698
490
836
829
836
840
5235
5236
4494
8168
4494
8154
2516
2461
2516
2363
588
587
3485
686
3485
728
3485
690
3485
737
3485
721
3485
705
3485
3718
3485
696
3485
713
3485
487
3485
719
3485
9749
3485
499
3485
725
3485
493
3485
3720
3485
688
3485
744
3485
681
3485
730
3485
711
3485
701
3485
9750
3485
484
3485
9751
3485
729
3485
702
3485
9748
3485
691
3485
496
3485
692
3485
3719
3485
3588
3485
485
3485
716
3485
734
3485
687
3485
732
3485
699
3485
697
3485
707
3485
3511
3485
9747
3485
689
3485
9746
997
954
8790
3974
1236
1191
4835
8298
4835
7687
4038
889
4038
902
5853
1781
5853
4178
9694
3662
9694
9699
8339
2565
1893
1678
460
226
3415
3414
1768
1758
757
756
757
712
757
747
2386
551
2386
2380
8113
1594
3811
7548
3811
7078
8699
1262
2605
4288
6210
3096
6210
3071
7575
4741
851
840
851
852
5968
6882
5968
5463
8589
697
2168
3517
2168
2166
2168
6992
2168
9615
1157
1129
1157
1158
4211
5344
4211
2244
2010
1940
2010
9520
2010
7239
2010
8356
9726
9731
1399
9138
1399
9560
6980
5709
1450
290
109
290
282
5810
9063
5810
2715
7545
1259
1251
1238
1251
1222
9197
9365
7051
9719
7051
9736
7051
8574
7051
8573
6957
8498
3773
6885
6886
3229
8783
3229
7175
3229
3220
3229
7206
3265
3251
3962
6911
1180
1156
1180
1132
2554
2532
2673
7827
2673
1613
9157
8938
5508
5509
7703
1467
7879
9173
2829
2742
2829
2823
8034
2853
780
769
780
779
9173
8510
9173
9692
4085
7607
4085
3696
6684
4201
6684
5937
2945
7688
2991
2989
2991
2922
7197
6976
499
9318
7359
791
7359
7393
7359
488
7036
7035
4202
7169
4202
3501
6594
2292
8803
2626
8803
2678
3094
3040
6797
8171
6797
4579
1618
9647
1618
5238
1618
9631
1618
9656
1618
5241
3802
8801
3802
2376
3802
2375
3802
9086
1431
1426
7718
7741
8559
3641
8559
9711
8310
7740
5513
2503
5513
3990
1187
1186
6239
7574
6239
9324
9098
1904
1322
5271
1322
8366
1322
5269
8731
1096
8824
2357
2039
4207
2039
7676
2039
7159
2356
2355
2356
7289
2356
9124
2356
9584
787
9136
787
7822
480
481
480
15
5300
2384
6904
8227
6904
8122
6904
8191
6904
8161
6904
1215
6904
8096
6904
3108
6904
1892
6904
1846
6904
2261
6904
8100
6904
2000
6904
2685
6904
8676
6904
8159
6904
8108
6904
1796
6904
8126
6904
8254
6904
8218
6904
5403
6904
2792
6904
8157
6904
8176
6904
2254
6904
8737
6904
8253
6904
2652
6904
2943
6904
1832
6904
8102
6904
2124
6904
3074
6904
8184
6904
5838
6904
8244
6904
8188
6904
8226
6904
8131
6904
8103
6904
8170
6904
7140
6904
2714
6904
3156
6904
2837
6904
5708
6904
5398
6904
8219
6904
8107
6904
1838
6904
2161
6904
1476
5839
4169
5839
7172
5839
4633
5740
3253
9058
1188
1874
4157
1874
4629
1874
4627
3212
9576
4643
1730
8909
9355
8909
7437
3455
9126
558
895
880
7906
7916
7906
7915
6396
4647
5883
4693
5883
2007
3769
677
3769
672
1603
5329
1603
1570
2812
2774
2919
2818
2919
2804
88
2437
2426
2437
2436
4473
9338
4473
1524
419
472
419
255
419
74
4104
1436
5671
1331
5671
4091
6705
4296
6705
5478
5383
5384
4896
8749
4896
8741
1144
7264
1144
7799
1144
1143
4169
1706
4325
936
4325
958
630
3483
8922
9643
7009
7855
7009
7857
7009
8887
1979
1964
1979
1947
5779
3146
1934
1901
9218
6957
5680
4095
5680
1386
9652
7411
9652
7411
6463
8197
6463
2027
7255
7294
7255
7273
6179
4533
6179
3129
94
91
2967
2919
2967
2966
386
291
386
82
386
172
353
111
353
90
2377
5264
2377
2373
4533
3121
4412
8209
4412
8682
6721
8175
6721
9504
7407
7525
7407
7983
3014
3019
3014
2951
8766
1496
8766
3234
8766
9415
8766
4693
8766
1270
8766
3615
8766
3429
8766
3638
8766
3647
8766
2651
8766
1890
8766
3024
8766
3366
8766
5793
8766
4532
8766
2844
8766
3624
8766
3665
8766
4230
8766
4644
8766
9409
8766
3595
8766
1865
8766
2955
8766
9267
8766
5769
8766
1870
8766
1444
8766
2711
1452
1449
469
83
469
175
4720
2045
4720
3643
3369
3271
8752
2315
2733
2730
2733
2675
9117
9591
9117
2353
7939
3734
9480
1604
2293
2181
2293
2321
5687
7694
5687
6901
4429
1340
4429
1365
8607
1452
8607
1527
8607
2533
840
834
840
822
7974
9008
7974
3522
5597
1201
5597
1220
2520
2492
1240
9596
300
83
9655
9194
9655
9198
9655
8512
771
763
8183
3120
6206
3068
6206
3024
6048
8231
6048
8722
7032
3877
115
111
115
114
115
89
1848
4165
1848
4170
1848
9524
2390
8726
3402
9447
3402
7059
4027
854
4027
868
1524
1451
7465
3722
1171
7380
1171
1155
7783
7808
5806
2663
9698
648
9698
8549
9698
1536
6253
9509
6253
9509
2006
2003
2248
2221
2248
2105
6976
6583
948
925
948
926
3020
7814
3020
7778
3020
5286
3020
8382
1871
1829
1599
1572
1599
1598
2696
2694
2696
2643
3908
7820
3908
7809
2336
2330
9544
2175
8389
9561
6737
4506
6737
5754
7375
573
7375
540
7375
7436
6297
7667
6297
8739
4714
1992
2405
8839
2405
2370
2405
2400
6115
4893
6115
4487
1689
1688
2586
2542
3615
6970
518
2078
9571
2078
2096
1940
1915
1940
1895
5674
8142
5674
8093
7672
7177
4223
2220
2351
7480
2351
3871
7108
2398
3506
5855
4667
1909
7855
6931
7855
6931
2257
2248
1268
1235
7987
697
3823
3824
6656
6935
6656
7166
6656
5425
8519
9216
5553
1007
5553
8143
6149
4509
6149
4514
2467
2474
2467
2433
2763
3948
2763
2869
2763
3459
2763
2701
1458
1460
1458
1372
2898
2807
2898
2897
2384
2381
2384
3802
3649
4741
503
3727
5052
4581
5052
6916
3163
7731
3163
4122
3163
3103
3479
3913
3914
3913
3914
1572
1553
1572
1568
1530
1523
8821
8361
8821
8361
834
833
834
9630
834
9353
834
7269
7980
637
7589
1458
9736
688
9736
9247
9736
5226
8545
485
4496
3197
4496
8229
4873
3262
4873
8120
7699
3239
1234
1180
1234
1233
6373
8286
6373
1843
7339
7018
2514
2461
2514
2517
8934
9614
8934
8520
7113
1811
8575
9728
8575
9730
8575
717
8575
3522
8575
9731
9282
2145
4601
2636
49
5995
2219
5995
2157
983
7363
983
9620
983
794
983
9619
255
201
3539
2606
6690
4235
6690
4733
1795
1687
4789
2582
4789
2579
9428
3580
2092
2088
4691
1936
4363
1214
4363
7593
3100
3835
3100
7835
3100
3057
7971
7978
7971
5207
7971
5206
2195
8790
2195
5297
2195
2187
2195
7185
5189
2943
5189
2837
9143
3871
6600
7105
6600
2571
6433
4662
6433
4682
6512
6815
6512
7131
2560
8795
2560
9092
2560
7033
2560
2559
1174
1160
1174
1165
2309
2306
2309
2319
6155
8753
6155
8762
7279
5260
7279
7424
296
107
296
357
8635
2529
665
3473
3662
3525
3662
8560
3662
8551
8040
1267
774
8815
1242
5755
3288
1955
1935
1887
1674
8285
8322
2628
1584
2628
5426
405
330
405
136
4933
5762
4933
3335
8986
3671
8986
8993
5031
8707
5031
4567
7435
8970
7435
718
6677
1665
5065
2798
5065
2874
2421
2417
7153
2527
6111
3371
6111
9456
429
102
429
371
429
444
2332
2329
6529
9006
3611
3557
3611
7400
624
3480
1066
1052
6753
8701
6753
8178
1150
1117
4110
3204
239
238
7306
7336
7306
563
2276
5256
2276
3798
2276
9112
2276
5250
2276
3800
3423
7638
3423
8711
3423
7649
3423
8201
3423
1766
3423
1505
3423
8667
3423
7629
3423
1086
3423
1007
3423
8709
3423
8732
3423
3106
3423
937
3423
2913
3423
8755
3423
884
3423
974
3423
1125
3423
4391
3423
2866
3423
2639
3423
8199
3423
7632
3423
6983
3423
8143
3423
1856
3423
6954
3423
2683
3423
8233
3423
8690
3423
8115
3423
1257
3423
8753
3423
8728
3423
8694
3423
8757
3423
8758
3423
9299
3423
960
3423
8205
3423
7648
3423
8673
3423
1815
3423
8166
3423
911
3423
2985
3423
7644
3423
1801
3423
7646
3423
9503
3423
1445
3423
1823
3423
7630
3423
7665
3423
8717
3423
8135
3423
8754
3423
7089
3423
8730
3423
4512
3423
8760
3423
2794
3423
3063
3423
8666
3423
8762
8125
3324
6993
2311
6993
3452
6993
8060
6993
3886
6993
8056
6993
2997
6993
3117
6993
2050
6993
2269
6993
2598
6993
7094
6993
2581
6993
7615
6993
8079
6993
3885
6993
2132
6993
4189
6993
1918
6993
2538
6993
4298
6993
2843
6993
1955
6993
8065
6993
3578
6993
2684
6993
8088
6993
5837
6993
8082
6993
2021
6993
2101
6993
7609
6993
2404
6993
8058
6993
8070
6993
2654
6993
8081
6993
2882
6993
4664
6993
9042
6993
7600
6993
8069
6993
2209
6993
7610
6993
8063
6993
5352
6993
1753
6993
7628
6993
5360
6993
8091
6993
8061
6993
1873
6993
2752
6993
8078
6993
8092
6993
2047
6993
2449
6993
8650
6993
7617
6993
4195
6993
8076
6993
3984
6993
7613
6993
2162
6993
2954
6993
2620
6993
8089
6993
5475
9010
732
8304
8313
8304
8312
8304
7717
5734
3589
5734
4468
1880
1878
1880
3627
67
66
2138
2144
2138
2122
5294
2200
6910
8161
6910
1215
6910
3108
6910
1148
6910
8249
6910
8764
6910
2000
6910
2685
6910
8676
6910
8751
6910
8159
6910
8108
6910
8671
6910
1796
6910
2254
6910
8173
6910
8737
6910
8253
6910
1832
6910
8102
6910
2124
6910
8194
6910
1775
6910
8184
6910
8188
6910
8226
6910
8131
6910
3156
6910
8136
6910
8664
6910
8107
6910
2161
2491
2465
2491
2477
4539
7626
4539
3307
6101
9053
6101
9055
2184
7320
2184
3628
2184
7312
3601
9684
3601
3778
3601
9288
3601
7951
3601
3777
9243
7510
877
863
5984
2257
5984
2210
8885
7511
8885
6960
350
359
350
358
4100
1517
3363
3348
617
616
7296
7866
8065
2437
1784
1664
3691
1677
9004
8571
1952
8321
1952
6889
1952
7708
7736
7755
1973
3631
1973
7191
1973
7691
1973
8797
1973
9523
1973
8800
7003
2835
8294
9403
564
529
564
563
564
524
1126
1103
1126
1109
8801
552
8801
2380
8734
1917
5773
6124
5773
3340
2272
7372
2272
3790
8972
7456
8972
8984
6469
8098
6469
1954
5304
3804
6900
7740
2147
3559
2147
6877
2147
2079
2147
4206
7751
3924
1082
1054
2061
2059
2061
2055
17
16
7657
2023
1434
7853
1434
3821
8761
2188
5125
3624
5125
1865
6173
8068
6173
8066
4662
1693
4611
1718
8189
3185
2568
2320
2568
2566
1557
7344
1557
7849
1557
7860
1557
7848
6005
7104
6005
2214
4971
3113
4971
8654
1805
8401
1805
1695
1805
9551
9427
8021
6775
5787
6775
2940
1651
1634
1651
1635
435
342
435
165
435
273
7789
7423
391
350
391
348
391
193
725
9320
3110
3049
890
9162
890
9167
2205
2066
2205
2235
2462
8804
2462
7727
2462
8805
2462
2359
1481
1400
1481
1404
7175
9391
6610
2487
6610
3992
6259
7574
6259
7568
6502
2158
6502
2127
8031
7678
8031
8767
7933
7500
7933
698
7933
9002
7933
8997
2299
2322
2299
2282
1636
9533
1636
9537
1636
1637
1636
8852
5285
7888
2739
2695
303
268
4423
1334
4423
1314
5040
2866
5040
7665
9023
1217
1286
1222
1286
3766
5635
1174
7018
7015
12
2908
2894
2908
2896
1088
1058
4020
838
4020
850
2221
2234
2221
2058
7353
9626
1541
1540
8052
920
7235
9407
7235
7260
7235
8365
493
9317
8940
9189
4615
2685
4615
2714
6021
6022
3714
7202
1821
1571
1821
1807
6835
2622
6835
1860
9582
1323
1632
8450
1470
1457
1546
3635
1546
8523
1546
3622
1546
8965
5575
7119
5575
7582
3667
8314
4506
3327
3223
8397
3223
3224
3223
8390
3223
7788
7709
4637
7709
4637
7873
7888
2679
2678
2679
2627
1576
1554
1576
7022
5545
931
5545
4046
9706
584
9706
8529
9706
8532
4980
3104
4980
5783
2823
9406
2823
8832
2823
8375
2823
9562
2823
8379
2823
6548
2527
2517
2527
2464
937
920
4649
1851
4649
5428
8891
6978
8891
8940
1609
1578
1609
1579
1260
8333
1260
8337
1260
7221
1260
1261
2706
8889
2706
2703
2706
5323
3763
9355
3763
7437
3898
818
3898
826
5889
7569
5889
9303
7676
7685
1328
7281
1328
9114
1328
7252
1328
1323
5389
3902
5389
7695
9662
7976
9662
9285
9662
8969
9662
735
6748
5764
6748
8658
6307
2769
6307
2786
2395
9085
2395
8787
2395
2393
2395
7725
2913
2827
4479
3203
7732
2386
4163
8317
4163
9491
4163
4154
4727
9248
4727
1999
5519
3993
5519
2505
8553
3534
8553
9714
7098
2378
331
482
856
845
3496
7815
1142
1144
1142
1126
6355
2653
6355
4622
6233
2940
6233
2984
8755
1482
1374
1377
1374
1366
1931
1902
2033
1998
4987
3110
4987
8632
9550
3856
9550
9135
4855
8238
4855
3262
5833
4171
5833
1774
5833
4165
5833
4170
8674
1989
8795
8807
7273
5261
9118
7831
5956
8674
5956
4205
2303
2306
2303
2281
6439
8634
6439
1787
9039
1374
1464
1402
1464
1477
1756
1755
1387
4088
1387
7176
8597
761
8597
2766
8597
755
7525
700
7525
497
7525
488
1231
8808
1231
1194
1231
7698
1231
8809
6972
9535
4974
6928
4974
6929
5607
8256
5607
8251
3967
3968
8687
1435
2156
2074
4939
9064
4939
3385
831
823
831
810
165
164
6037
8133
6037
8722
2622
2619
2622
1710
2622
5093
4014
827
4014
837
6196
3066
6196
8137
8792
2974
4783
5473
4783
2597
1837
1697
1837
1772
3412
8018
3412
9027
3533
8302
989
981
4369
8180
4369
5403
3720
3469
5796
2773
1996
1978
338
354
338
298
1517
9513
1517
3667
1517
1492
1517
7700
5183
2916
5183
6193
2237
2190
9474
2422
375
447
375
104
375
99
6999
1599
1380
1367
3429
3326
536
535
9352
3435
9217
3469
8680
1192
2318
2278
2318
3873
7159
8288
5752
3289
6275
2787
6275
4591
3027
2964
4402
6570
4402
5631
400
367
400
239
400
339
1254
1255
1254
1250
7397
532
6523
7029
6523
1841
551
346
270
346
452
6759
4517
6759
6119
921
904
9688
9704
9688
9697
9688
7457
581
579
532
8740
1499
2962
2971
2962
2909
4265
2333
646
3470
4229
3625
7145
8772
8300
1645
570
9730
694
9730
484
2655
1601
9097
7231
5731
8144
5731
7659
1440
1408
1440
1442
3829
9139
5559
1007
5559
8757
5310
8292
8513
722
8513
723
6894
8669
6894
3066
6894
8137
6894
5788
6894
7647
6894
8095
6894
2797
6894
1749
6894
7643
6894
1015
6894
8747
6894
1862
6894
8104
6894
8202
6894
1764
6894
8094
6894
8727
6894
8255
6894
8113
6894
1871
6894
989
6894
9057
6894
8171
6894
7631
6894
1031
6894
1956
6894
7640
6894
7636
6894
8124
6894
6895
6894
976
6894
7639
6894
979
6894
9068
6894
8123
6894
8185
6894
1091
6894
1803
6894
9061
6894
1069
6894
8685
6894
1933
6894
1335
6894
8679
6894
8221
6894
1469
6894
7637
6894
1783
6894
8248
6894
1048
6894
2038
6894
7109
6894
1225
6894
1269
6894
1312
6894
7641
6894
2611
6894
8241
6894
6938
6894
8719
6894
9047
6894
8746
6894
7645
6894
8208
6894
1087
6894
4579
6894
1152
9057
3165
3202
1411
3202
3209
6585
2239
6585
6590
2190
8306
2190
9544
2190
2229
3991
2504
905
879
8383
1251
3945
3937
3945
2746
3945
3936
3945
8417
7896
722
7896
8500
7896
3813
3085
3020
3085
3060
6406
5830
6406
5839
2116
5447
2116
2114
2116
2121
8671
3321
8830
3657
8830
7772
8830
7302
1593
4603
1593
1565
641
9735
641
634
9073
7218
2802
8449
2802
9153
2802
9171
2802
3842
2802
8884
477
478
477
29
6335
2726
6335
4613
4094
1385
2448
2447
6695
7105
6695
2308
1790
3618
1790
6551
1790
3847
1790
3846
4906
3429
4906
3366
5990
4236
5990
4230
1371
3925
1371
1276
1683
3959
1683
9580
1683
3958
1683
8892
7583
2546
9198
9209
5034
2982
5034
6191
4879
3614
4879
8120
8508
7454
8902
568
7119
1072
344
203
344
452
7333
2802
7333
7355
7333
9567
7333
9581
9158
704
9158
703
5498
3983
5498
2541
6379
1860
6379
6985
7693
4626
8862
9319
1252
3911
1252
1250
2769
7673
6143
8747
6143
8746
4455
4456
509
7207
4148
3643
2014
4212
5344
4212
2257
2177
2185
2177
3628
852
834
852
846
5977
4233
5977
2247
3325
3286
3325
3341
3169
3120
6604
5350
6604
4278
884
873
3104
3041
6807
6656
6807
8217
3919
3920
3919
3920
3473
3812
8672
3812
760
1777
1652
974
965
9386
1620
4561
5424
4561
3069
1607
1574
1607
1603
7840
8477
7840
1330
7840
8473
7840
1347
5955
9282
5955
3608
6628
1288
6628
1314
5887
4192
5887
8024
7652
2592
9136
7992
1755
1647
1755
1741
454
305
939
940
939
918
4647
4648
7526
701
4831
4457
4831
5706
3128
3090
8240
3342
473
19
473
480
4729
7010
4729
6947
3060
9517
3060
3454
3060
7275
3060
3943
3060
7274
3060
3931
9111
775
9111
7786
7482
7967
7482
1543
7482
5208
5464
3975
5464
5173
2155
2073
5387
1106
5387
8067
2512
529
2512
8436
9147
8893
2433
5216
2433
9552
2433
7255
2433
7256
5231
5232
5231
5232
4477
1525
4477
9066
6309
2768
6309
2796
6560
2195
2600
2561
3592
7018
3592
3867
3592
7017
3592
8861
9542
8873
9542
8423
9542
3853
6195
4572
6195
3034
7771
1880
7771
5290
7771
7828
1183
5266
1183
1171
1183
8466
1183
8444
5517
2489
6092
3218
6092
4480
3702
8431
3702
3646
9028
9464
3342
3311
3342
3352
9525
2075
2690
2645
2690
2688
5795
2853
1995
1986
1995
1946
8171
2771
783
766
4989
5781
4989
6651
8524
8536
3638
3163
7193
3978
535
6491
7146
6491
2125
5880
4191
5880
6966
6138
8749
6138
9046
9622
9187
3881
6536
3881
2368
9248
3556
5380
4051
5380
955
4490
1475
4490
8744
6793
4575
6793
8217
6868
7006
6868
6191
3288
3284
3288
8320
3288
4115
9410
2093
8952
8967
8952
7936
6276
2753
6276
2692
3669
1738
8452
8917
8452
9679
8452
9194
8452
7391
8452
9694
6953
3737
6953
3633
4420
8738
4420
3604
4921
3432
4921
7696
1752
3963
1752
1742
5254
7325
5254
9609
6332
9072
6332
7681
2529
9518
2529
2362
4068
1123
6421
8167
6421
1867
7707
3241
2111
2144
2111
2086
7348
7046
4712
1993
2677
5326
2677
3950
2677
2676
7081
2485
5440
2051
5440
4194
4023
864
4023
850
8322
3282
3941
3942
645
3470
3548
8023
4266
6596
4266
6560
7070
771
7146
2148
4350
1031
4350
1048
1310
1295
1559
1558
8187
2589
2656
1607
2656
2638
8431
562
3578
8772
3578
8308
3578
7679
6257
7006
6257
2889
356
363
356
166
6351
8113
6351
8241
7787
3100
7418
515
7418
7423
7418
7424
1731
1587
1731
1733
6078
2557
6078
2599
5940
1988
5940
7564
8603
832
8603
7113
8603
842
6586
2244
6586
2264
3220
8397
3220
7752
3220
3226
3220
9510
3220
8390
906
879
3946
7814
3946
5286
3946
7275
3946
3943
3946
7274
3946
8382
7488
544
5371
4007
5371
2411
7895
5214
7895
7905
7895
7441
2297
2181
2297
2321
6405
1849
6405
5829
3086
3020
3086
3060
5683
8142
5683
8218
2115
5447
2115
2114
2115
2067
2115
5448
3870
3793
3870
5252
3870
3792
3870
3796
3870
3794
7141
1853
2737
2679
2737
8331
2737
8343
2737
9508
9609
8435
9609
528
9609
3871
6336
2725
6336
2687
5871
8163
5871
8181
8144
1490
6696
5470
6696
8670
4905
7137
4905
7672
2820
8830
2820
2816
2820
2970
2820
7230
195
194
5593
1221
5593
1136
8180
1192
110
109
1498
1396
2858
2762
2858
2870
7542
915
9105
2374
7403
8505
7403
580
7403
7923
6514
2617
6514
9083
9262
2251
2373
2371
2373
2372
2373
2376
2373
2375
4537
3136
7780
9561
619
617
619
614
619
7499
1034
1035
1034
1004
423
162
423
344
423
341
879
865
879
876
9302
6952
2930
2924
2930
2841
4852
1463
4852
3196
7631
1516
9531
5329
4884
8095
4884
7637
3282
3249
3282
3283
4456
9485
5252
2272
5252
8883
7659
1522
3326
3285
3326
3319
8618
1227
2963
3945
2963
2748
6467
8035
6467
4696
6384
4643
6384
2612
137
136
2149
2080
2149
1968
4877
5740
4877
3370
9285
3682
9285
7457
9285
9228
9285
7982
3864
8405
3214
1401
3214
3213
7295
1881
8150
1098
8066
3392
2721
2663
2814
2772
7117
1726
7735
7233
9469
2659
6377
6983
6377
6954
4122
4123
4122
4123
7209
4126
507
8349
2179
7227
2179
9381
2179
2173
2179
2174
1304
7836
1304
7781
2463
7754
2463
7713
2463
7208
2463
2361
2767
2766
7064
9492
5082
2739
5082
2711
4344
996
4344
1006
5434
7180
5434
7677
5434
3966
1125
1101
6809
5805
6809
4590
5934
4198
5934
3668
6922
2008
9189
7930
9189
8524
1779
1655
3917
9128
3167
3122
5979
4224
5979
2216
3723
5126
5832
5126
4660
9113
8418
682
7527
682
7527
9657
7924
9657
5233
2253
2151
6248
9294
6248
3660
6006
2156
6006
2212
7983
489
7983
498
7983
8588
4391
1206
4890
3367
4890
3264
7232
3255
1806
1818
1806
1695
4663
1653
4227
2236
6776
2865
6776
5787
5481
2589
27
26
5557
992
5557
8649
9653
7921
9653
6525
9653
8540
5848
1802
5848
4173
971
966
6390
4644
6390
1870
726
725
6832
7709
6832
5814
2206
9255
2048
3642
7176
1354
7176
1354
5651
1289
5651
1311
3827
8896
1635
9533
1635
1620
1635
8852
5286
7309
6520
1711
6520
2649
9500
2149
433
371
433
101
433
446
8174
3203
3362
3277
8845
9536
2924
2929
2924
2893
1285
1256
1285
7781
5636
8690
5636
1257
9460
1496
9460
9415
9460
3498
9460
1176
9460
2739
9460
3638
9460
1287
9460
3497
9460
1331
9460
3366
9460
4080
9460
3665
9460
1529
9460
4091
9460
2955
9460
1444
9460
2711
4521
3391
6293
8211
6293
8739
7774
9126
6733
3291
1040
7763
1040
3815
1040
1024
9193
8520
6997
2936
3191
3142
3191
3303
8458
9579
7236
2387
7236
506
321
253
321
250
321
334
4002
2456
3427
2041
3427
7084
3427
1504
3427
5749
3427
3218
3427
3035
3427
3589
3427
5765
3427
1844
3427
4197
3427
1391
3427
2164
3427
1824
3427
9297
3427
1288
3427
5785
3427
4747
3427
2287
3427
1932
3427
9480
3427
1268
3427
4601
3427
1795
3427
4537
3427
2239
3427
4191
3427
3266
3427
5431
3427
4468
3427
1736
3427
1859
3427
5828
3427
4264
3427
2888
3427
6590
3427
2813
3427
4658
3427
9479
3427
1271
3427
3425
3427
1334
3427
1997
3427
2718
3427
2916
3427
6193
3427
4558
3427
4103
3427
4480
3427
6557
3427
7642
3427
3386
3427
2768
3427
3520
3427
1898
3427
3384
3427
2100
3427
3332
3427
9466
3427
4233
3427
4439
3427
6966
3427
1430
3427
2796
3427
2350
3427
3112
3427
2247
3427
1314
2594
2577
2594
2313
742
739
4616
4623
4616
2716
8530
8567
9153
8910
8572
8576
8572
9732
5088
2722
5088
2672
2791
2736
2684
2629
5541
2450
5541
9474
6836
4640
6836
5819
9340
3146
9177
9186
7251
2365
7251
7310
5576
1069
5576
1087
1545
3635
1545
3528
1545
8523
1545
7053
9666
1546
4505
3343
3029
2967
7157
3602
7157
3602
392
442
392
227
980
8039
980
943
7399
8946
7399
789
4162
4163
6673
8152
6673
8198
7834
7009
5632
1189
6554
6555
5470
2303
1575
1554
1575
1581
6851
4657
6851
6415
5546
937
5546
960
8807
7746
9634
7387
106
285
6757
6122
6757
5769
3054
2993
3054
3052
8851
7807
3762
3763
8234
3297
5328
9531
1389
7669
1389
7171
1389
1354
3012
3018
3012
2952
211
210
8599
9028
8599
5771
4414
7100
4414
8072
2705
9200
2705
9652
2705
8527
2705
7446
2705
9632
7948
1615
7948
9225
7948
8986
6437
1781
6437
1894
7675
6555
7675
8789
7675
3463
4937
5764
4937
3356
8689
6376
8689
4637
8689
5814
9514
8331
2396
9085
2396
2397
2396
7719
2396
7725
9291
2531
1883
1885
1883
3626
5260
6941
5609
9068
5609
1152
3969
1972
5874
1899
5874
1785
987
981
855
844
3495
9458
3495
3494
3495
6677
3495
2289
3495
4953
3495
5348
3495
1527
3495
2583
3495
5509
3495
8645
3495
4283
598
3731
8268
3593
1839
1731
6039
2312
6039
2331
6356
4621
6356
8118
283
128
283
268
283
369
283
216
283
269
9078
1096
360
301
360
221
1519
5313
1519
8314
688
6955
4856
8229
4856
3270
2239
2232
4484
1475
4484
8681
5142
1757
5142
5854
4367
7638
4367
8166
5374
3885
5374
8089
7372
565
4427
9039
4427
7570
3002
3001
1990
1949
1990
1948
4191
2003
7432
7442
8260
2832
8609
921
8609
4042
8609
3688
6448
4667
6448
5879
9591
6946
7321
9589
7321
9600
7321
9141
7321
2743
5790
7646
5790
3063
2695
2679
2695
2643
9093
1146
5689
1333
5689
9467
9659
540
9659
575
9659
2167
2335
2330
7937
522
7937
7450
7937
7453
7376
7394
4948
3418
4948
3331
3791
7477
3791
2273
2406
5262
2406
5263
6116
3369
6116
3267
5599
8651
5599
1198
6190
2972
6854
6394
6854
4662
9053
3239
2585
2584
8328
9246
3616
1342
8374
8383
8374
8383
3162
5321
3162
7272
3162
5320
3162
4112
276
8142
1343
3505
802
3505
3380
3505
1047
3505
3236
3505
8738
3505
1084
3505
3306
3505
2999
3505
1447
3505
8691
3505
8759
3505
8714
3505
8265
3505
1029
3505
1012
3505
8662
3505
5800
3505
854
3505
8736
3505
886
3505
868
3505
8718
3505
3073
3505
6654
3505
8672
3505
8731
3505
8680
3505
5752
3505
906
3505
742
3505
993
3505
973
3505
8259
3505
8721
3505
8239
3505
932
3505
3263
3505
768
3505
8668
3505
5759
3505
760
3505
1154
3505
1067
3505
2861
3505
956
3505
839
3505
3114
3505
825
3505
3648
3505
7132
3505
8267
3505
3334
3505
8708
3505
8713
3505
1107
3505
8230
3505
1213
3505
923
3505
3155
3505
1534
3505
3604
3505
817
3505
3173
3505
3610
3505
782
608
3727
4029
877
4029
869
7856
7917
9520
1915
78
69
78
77
9077
2773
35
477
35
34
1553
7300
1553
1556
1553
9612
1553
7329
2762
2760
2762
2701
1674
1638
1674
1641
4054
8297
4054
7695
6655
2770
5268
1129
9640
7963
9640
9218
9640
9215
9640
3768
8541
706
8541
8554
1052
1038
1052
1023
5777
3147
371
157
8088
2472
3414
9030
7007
5295
7574
2858
5572
1091
5572
1087
5530
3452
5530
7609
4012
812
4012
824
1977
1986
1977
1945
2604
2317
2969
2919
2969
2966
6177
6123
6177
4520
5458
6557
5458
2247
7653
1750
2143
2136
7544
3315
181
180
9178
5209
5234
9708
5234
2607
9334
8546
626
8546
8568
8546
629
2379
3802
2379
2373
4495
3197
4495
8222
8470
7904
8632
3013
7409
7449
8882
523
4834
3217
4834
1471
245
242
3367
3296
613
3724
113
281
113
256
3484
7079
3484
8020
8808
9512
8576
9721
59
274
59
58
873
847
873
861
6237
2987
6237
2947
8651
1142
4214
4230
4214
3606
5996
4234
5996
4237
2864
2854
7284
556
1796
1685
1189
1181
1189
1182
8557
7970
9454
9416
5837
1721
3122
3058
3122
3133
8481
3440
8481
3440
3814
3815
7890
9653
7890
7902
7634
8273
7634
8777
6622
7096
6622
7112
4983
8712
4983
8724
2196
2188
2196
2233
789
788
2037
6988
2037
2043
9494
2149
428
248
428
450
428
246
6772
3126
6772
3096
4774
2349
4774
5470
3344
3341
3344
3311
6156
4892
6156
4511
3767
6961
3767
6961
8636
805
933
919
750
743
750
751
666
665
1031
1017
4723
4718
4723
2045
7172
4151
5174
3371
5174
6733
9439
7597
9439
6887
9439
7114
9439
9463
4167
8345
4167
1697
4167
7821
4167
9530
5756
3290
1956
1935
6303
2780
6303
7573
2439
2423
2917
2830
8286
1811
9089
505
3227
3222
84
83
7436
7964
6959
1356
5066
2793
5066
2875
3663
3325
3391
3172
3391
3396
5150
1786
5150
6677
9213
9331
2827
2828
2827
2800
7124
1719
2523
7304
2523
7306
2523
3702
2523
7305
1065
1040
7305
3564
9585
9606
9585
9606
2275
7308
2275
3801
2275
5250
2275
3795
2275
3794
7877
7899
1734
1592
1734
1737
7199
1949
497
496
4362
7654
4362
9504
8126
3324
1294
1290
1294
1252
7357
7373
6318
7123
6318
2618
7451
8567
6799
8034
6799
2814
8434
7861
8434
7476
3521
1260
8082
2973
3924
5273
3924
8395
3924
5272
6527
6528
744
6982
9602
7420
9602
7422
9602
7419
1508
1488
3350
3344
6679
7234
7393
9327
3266
3252
6886
7202
4548
5420
4548
3638
2941
2898
4780
8092
4780
5475
3023
4991
3023
8768
3023
4555
9562
8400
4578
2849
7571
1356
5180
6120
5180
3347
418
0
418
148
418
338
2870
3948
2870
2868
2870
4141
7290
515
4086
7057
4086
3696
2946
2891
5821
4157
5821
4627
5821
4628
4220
7618
4220
2258
2021
2008
5618
1167
5618
4074
8252
2491
7035
7038
7035
8845
7035
7037
7640
1726
6221
3117
6221
8081
3820
1240
3820
3819
3820
8410
7884
9695
7884
9186
7852
3006
1833
1832
1833
5838
3537
6993
3537
3717
9205
600
9205
9687
4787
6598
4787
7130
1300
8961
1300
3740
1300
7028
1300
3739
3858
1951
1740
1702
1740
1791
5931
4197
5931
2164
6033
2311
6033
8091
2233
2182
2233
3865
2233
7007
5431
1654
3930
8891
3930
8448
1513
1425
2355
5215
2355
8428
5187
2941
5187
3660
363
204
363
305
280
281
8775
9486
8440
8453
5322
3057
5322
3006
8593
8723
8593
8139
8593
1380
7058
7591
7058
8068
7058
3268
7058
7592
7058
2757
7058
8090
7058
7122
7058
9045
7058
7561
7058
3640
7058
1782
7058
7611
7058
3699
7058
8055
7058
7569
7058
1214
7058
7623
7058
1760
7058
7607
7058
7559
7058
1082
7058
4479
7058
7119
7058
8066
7058
7117
7058
987
7058
2917
7058
3023
7058
7571
7058
7580
7058
8653
7058
3361
7058
7593
7058
7603
7058
5634
7058
7115
7058
1793
7058
7594
7058
7101
7058
1722
7058
7622
7058
7120
7058
7595
7058
8655
7058
3642
7058
7577
7058
7621
7058
8087
7058
8074
7058
7057
7058
7582
7058
9037
7058
7103
7058
9303
7058
7118
7058
3696
7058
7624
7058
7608
7058
9417
7058
8059
7058
7619
7058
6915
7058
7598
7058
8083
7058
7565
7058
7107
1671
1633
1671
1670
1383
1351
1383
1385
896
863
896
8053
3456
3852
2748
2745
2748
3601
2748
5283
2748
2949
7905
9185
4282
2301
2307
2283
2307
2277
6395
4653
6395
4645
5144
1782
5144
1760
7277
1885
1889
1895
1889
1624
9309
8683
2201
6706
2599
6706
5480
4895
5751
4895
5755
8371
2892
3963
6552
3963
3849
3963
1648
7130
5479
4326
913
4326
935
5603
8651
5603
1153
4128
3944
4128
3043
4128
7354
3647
1990
2173
6991
2173
3788
2173
3786
2173
3785
2173
2178
125
6061
8245
6061
7658
9236
7051
7203
5311
7203
5311
6147
9057
6147
8185
9372
7148
9372
6882
9372
4640
9372
4657
9372
4235
9372
6598
9372
6815
9372
7133
9372
4201
9372
6394
9372
2554
9372
2253
9372
7130
9372
2129
9372
2394
9372
7150
9372
7129
9372
5355
9372
7155
9372
7156
9372
2525
9372
6481
9372
2508
9372
5299
9372
6056
9372
6592
9372
4005
9372
2779
9372
2012
9372
8726
9372
6415
9372
5302
9372
4668
6272
2798
6272
2756
8380
9536
3561
1971
8781
8308
2469
2453
2469
2471
9322
3477
9247
731
457
232
457
460
457
459
457
458
1773
8346
1773
8345
1773
1659
1773
7821
9211
9337
9211
8532
6803
7567
6803
7572
7256
7287
7256
519
4060
7122
4060
1082
3729
5973
2260
5973
8114
1680
5840
5952
9278
5952
4205
9404
2990
5784
3078
1984
9519
4592
2696
8254
1420
6928
9421
7587
5827
6184
4562
6184
8275
287
338
287
150
6860
4708
7921
9322
7697
2065
4342
989
4342
979
192
191
2101
1991
5452
2289
5452
2240
7337
9392
4702
7675
4702
5840
1597
1598
1597
1566
8231
2301
8387
1251
6818
4601
6818
2718
8464
9653
8464
8482
8464
7902
8464
7911
4638
1844
4638
1736
9423
3538
5240
9174
5240
9660
7831
2060
7218
3322
1687
1672
1687
1686
4288
2573
6739
8212
6739
8240
3490
9449
3490
3684
9148
7996
2502
2496
468
185
4840
8141
4840
1472
6299
2845
6299
8195
2881
2856
5524
3998
5524
3994
7989
6462
1934
6462
1959
2610
7762
2610
4145
2610
8359
2610
8354
2259
2249
5171
2129
5171
5937
6205
8122
6205
3074
7580
1485
3420
3419
4669
1909
3712
7218
9027
7614
9027
913
9027
7620
9027
2780
9027
1212
9027
7562
9027
7086
9027
801
9027
1201
9027
8077
9027
1106
9027
761
9027
3113
9027
888
9027
838
9027
1011
9027
864
9027
1220
9027
818
9027
1236
9027
7589
9027
9039
9027
905
9027
783
9027
7574
9027
1065
9027
7576
9027
972
9027
8640
9027
957
9027
7599
9027
7606
9027
9040
9027
7579
9027
7573
9027
8654
9027
3329
9027
7585
9027
8062
9027
1210
9027
7560
9027
3570
9027
7586
9027
7568
9027
1112
9027
1289
9027
1028
9027
8067
9027
2766
9027
935
9027
995
9027
755
9027
7590
9027
7626
9027
9038
9027
9324
9027
7570
9027
9043
9027
1311
9027
1046
9027
8075
9027
770
9027
3307
9027
1151
9027
850
9027
826
9027
7625
4771
6594
4771
2336
7466
9233
7466
7977
7466
5204
7466
7474
8517
578
3068
3013
5805
2662
7550
4602
2005
9520
2005
7239
2005
8356
2005
1941
6975
8392
6975
6974
6975
7790
6568
1232
2511
2499
2511
2500
6154
3425
6154
3386
5232
3662
5232
9699
6890
812
6890
6888
6890
3305
6890
8192
6890
6898
6890
969
6890
8720
6890
8212
6890
7052
6890
3055
6890
8175
6890
1150
6890
8125
6890
2791
6890
2944
6890
8735
6890
8101
6890
7654
6890
6897
6890
8756
6890
936
6890
903
6890
2653
6890
8120
6890
1502
6890
8733
6890
6893
6890
869
6890
8681
6890
841
6890
2712
6890
8744
3270
3229
3346
3371
3346
5781
3346
2884
3346
9456
3346
7095
3346
1429
3346
2983
3346
4557
3346
9277
3346
2312
3346
2809
3346
1716
3346
1861
3346
5345
3346
4703
3346
2241
3346
2650
3346
5958
3346
2331
3346
4106
3346
3345
3346
4691
3346
7003
3346
2033
3346
6733
3346
1508
3346
3350
3346
2946
3346
4282
3346
4288
3346
4711
3346
2022
3346
5432
3346
1448
3346
1332
3346
1352
3346
4608
3346
5832
3346
4624
3346
2153
3346
4630
3346
4509
3346
1511
3346
6651
3346
4224
3346
4261
3346
4605
3346
3067
3346
2133
3346
4655
3346
2163
3346
3195
3346
4514
3346
5419
3346
1474
3346
5802
3346
7083
3346
2227
3346
4660
3346
4185
3346
6055
3346
1388
3346
1761
3346
2090
3346
2216
3346
4289
4468
1462
1175
3905
1175
8283
1175
8280
1175
1165
7481
9231
4776
8677
4776
8665
664
663
9594
7855
9594
8433
9594
6931
2129
9069
2129
7162
2129
3690
8634
1668
4832
7608
4832
9417
5754
3288
5176
7005
5176
3382
7651
1693
775
774
7557
7660
9554
7308
9554
7293
9554
3795
9554
3794
4562
3009
8284
6925
8284
8333
1954
1927
4216
2271
4216
9259
5994
7040
5994
2218
274
53
274
52
8172
1054
3341
3192
3341
3261
9300
1085
9300
1202
9300
1104
9300
3231
9300
4517
9300
4082
9300
8029
9300
6570
9300
1510
9300
4587
9300
7029
9300
5711
9300
3550
9300
1313
9300
3031
9300
1841
9300
2719
9300
4508
9300
1060
9300
4510
9300
1768
9300
5709
9300
3265
9300
8034
9300
3094
9300
1874
9300
4100
9300
6999
9300
2814
9300
3362
9300
4414
9300
3521
9300
5631
9300
8035
9300
4192
9300
4486
9300
5436
9300
1221
9300
2981
9300
3198
9300
2146
9300
1868
9300
1340
9300
6119
9300
5633
9300
5757
9300
1185
9300
1022
9300
5421
9300
8033
9300
1111
9300
5780
9300
1050
9300
1535
9300
1365
9300
3577
9300
3061
9300
8030
9300
8024
9300
2956
9300
6667
9300
1136
9300
4204
9300
1778
9300
1792
9300
4515
9300
2785
3701
7797
3701
3658
3701
7782
1794
1687
2950
2896
2950
9573
2950
7770
1018
985
1018
1019
7286
8865
7286
8412
7286
8419
2866
2850
4090
1297
6091
7571
6091
6915
9233
9240
9233
7492
3816
1037
6538
6539
7772
7302
7772
7302
3591
717
716
9260
2145
2194
5296
2194
8790
2194
2187
2194
7185
7636
3046
7636
3491
1296
1299
1296
1253
442
143
442
220
2639
1597
8124
1344
1736
1592
6877
9275
8988
7516
9419
4124
9419
3712
9419
7194
8305
8316
3882
2417
1907
1903
1907
1645
9485
1518
5117
1852
5117
1748
5295
2177
5295
8376
5295
3784
8436
7455
2289
2195
9269
2015
7959
7515
5735
4107
5735
8656
6492
9278
6492
4749
3926
3927
9165
3813
1657
1661
1657
1637
2668
2658
2668
2610
5064
2797
5064
8171
7082
1734
4711
1993
7799
1114
4077
6917
2112
2086
6422
4659
6422
1794
7434
797
6331
2680
6331
2711
5209
7926
5209
9710
5209
597
1751
3963
1751
1742
3460
2824
900
875
900
892
4258
9262
4258
6559
4043
906
4043
923
8357
8841
8357
7974
8357
746
3528
3653
3528
8542
625
3436
8199
2696
7126
2485
4330
931
4330
914
4922
3382
4922
3430
9426
9441
4809
5635
4809
5630
6710
2556
1003
991
1003
1002
8451
7893
1732
1587
1732
1737
6067
8069
6067
8650
9364
7941
9364
668
9364
3534
9364
8565
6352
5081
6352
2687
5675
8693
5675
1331
2549
2531
8376
8405
3567
7567
3567
9305
3567
3599
3567
7578
3567
4574
3567
7616
3567
2507
3567
8073
3567
7110
3567
7601
3567
7106
3567
5964
3567
8085
3567
2540
3567
7096
3567
8657
3567
1822
3567
7125
3567
7575
3567
7108
3567
4667
3567
3691
3567
4611
3567
7098
3567
7583
3567
5434
3567
4002
3567
3561
3567
7126
3567
5786
3567
7572
3567
8064
3567
7112
3567
2524
3567
3681
3567
5879
3567
7596
3567
7111
3567
3666
3567
5957
3567
7604
3567
6940
3567
5818
3567
8648
3567
7116
3567
3518
3567
2846
3567
2553
3567
5462
3567
7588
3567
3590
3567
7566
3567
7099
3567
2265
3567
3673
3567
1763
3567
2110
3567
2996
3567
3677
3567
2326
3567
4604
3567
3585
3567
1864
3567
4656
3567
7097
3567
2011
7328
8937
7328
9157
7328
3601
7328
7856
7854
3761
7609
2456
297
299
297
84
7260
4140
8432
9569
8432
9569
4056
1064
4056
8652
1676
1640
1676
1641
2579
2562
9314
6937
9338
6937
4073
6937
4438
6937
3912
6937
4075
6937
4089
6937
6571
6937
6914
6937
1802
8321
4183
9491
9501
3942
3005
202
305
202
269
9412
3191
5872
4667
5872
3691
8950
3848
2404
2385
7142
4693
6114
4488
6114
8225
9171
8937
9171
8938
4715
1991
7374
531
5372
3885
5372
8070
4137
4138
3614
7672
3614
8285
6856
5859
6856
4668
9620
492
9620
9639
9620
3755
1098
1099
1098
1080
23
22
8653
3078
4997
8232
4997
2912
66
1859
1855
5236
3680
5236
7431
835
829
835
834
8544
630
268
468
268
467
2515
2461
2515
2517
1353
8037
1353
1302
3486
3771
3486
9193
3486
9614
7088
2911
7088
2862
9540
1285
7541
3076
4836
3234
4836
3217
1235
1180
1235
1233
8007
1316
8574
746
8574
8579
3416
3415
2385
3802
2385
2377
5157
1921
5157
1888
4749
2131
5399
5400
6478
8743
6478
7657
2606
1539
2606
6964
2606
9703
2606
9707
1709
1579
7576
4092
5251
2272
5251
8883
4757
8096
4757
2254
9661
8550
9661
6537
6648
5421
6648
4515
8409
1882
7632
1073
5899
4192
5899
3577
3281
3249
3281
3301
4851
8216
4851
8763
7546
1532
3888
761
3888
770
4627
4629
4627
4629
7470
7473
7470
632
3148
3098
3148
3939
3148
3162
3148
3940
5786
2911
6368
7693
4121
9517
7803
9575
2722
2663
5193
2621
5193
2651
8256
1147
1986
1979
1986
5291
1986
5338
1986
7219
3015
2953
3015
3018
6186
6651
6186
3067
8203
1847
3620
2926
7380
1108
7380
1134
999
964
999
998
2410
2366
2410
2367
4793
3666
4793
3673
4868
8234
4868
3270
6120
3355
7860
9666
3178
8916
3178
8452
759
752
759
758
9049
1755
1935
1929
1935
7755
8337
6925
6921
1260
4953
3044
8697
1758
5348
2567
5707
9485
5707
9490
5081
1604
2778
2724
2778
8318
2778
2784
4438
1374
1159
7820
1159
9119
1159
8381
1159
1131
8587
7526
8587
494
7928
8587
7928
7517
1397
4087
1397
1398
7254
7299
7254
7786
7254
3737
8218
1362
5652
6896
5652
8733
5526
4001
5526
3995
6831
7686
6831
4637
6831
5815
9229
9001
972
965
7387
8502
7387
9693
7387
8487
7387
3439
7387
3573
7818
9598
7818
7315
7464
9224
7464
6958
5482
2548
2063
2064
2063
2055
4392
8663
4392
1219
7231
9498
1525
1451
3049
2992
3049
5422
3049
4552
3049
4129
1273
8373
1273
3453
1273
1241
8768
9420
681
6957
7517
7523
7517
495
8466
1155
8550
8564
8550
8997
4522
3186
8874
7341
7975
7500
7975
729
7975
7502
9342
8447
3361
3277
8580
660
8580
650
8580
666
8580
664
8580
670
8580
647
8580
657
8580
653
6989
2182
9216
3659
3447
9554
3447
2321
9325
5542
7112
5542
7604
6685
7720
6685
4208
2944
7688
1800
1684
5403
1179
4084
1266
9462
2836
9462
9493
9462
1137
9462
9476
9462
1167
9462
2648
9462
5779
9462
7113
9462
1066
9462
5635
9462
5796
9462
3169
9462
4562
9462
5768
9462
2942
9462
8275
9462
3030
9462
7005
9462
2788
9462
4503
9462
4074
9462
3152
9462
3382
9462
3430
9462
2740
9462
3230
9462
3704
9462
4577
9462
5630
9462
2979
9462
1349
9462
9072
9462
6414
9462
4523
9462
1292
9462
8769
9462
7681
9462
6569
2792
2736
8571
9724
8571
9721
8571
698
8571
8575
8571
729
8571
709
1333
1319
1119
1100
1119
1122
741
740
1693
1673
1693
1694
6000
2155
6000
2143
4001
2437
2200
2199
6595
2292
3192
3707
3192
3257
9502
7688
1583
1557
1583
1577
5903
2042
5903
7010
3095
3040
7886
1545
3317
3166
3317
3396
8393
2642
807
778
807
799
8640
3354
3761
9354
3761
9671
670
669
5828
4632
5828
4160
746
3522
2555
2532
6852
4657
6852
6394
9056
1141
209
268
2028
2020
6160
9057
6160
7639
6884
7655
6884
1502
9331
3264
3251
5631
1189
3847
9380
1207
1205
1207
1195
8290
7716
1960
4694
1960
4190
1960
8269
4161
1704
6228
2980
6228
8696
8035
1926
9096
9488
7252
7056
5659
8148
5659
8733
5760
3135
70
4247
2241
4247
2227
894
880
3454
7270
7440
9696
3743
549
3743
3687
3743
7405
5146
1759
5146
3529
5070
2884
5070
2809
5918
9479
5918
1997
6704
8665
6704
8670
5418
7692
4105
1522
9670
8548
4324
894
4324
912
1145
7264
1145
7779
1145
1143
1145
7271
3011
2993
3011
2952
7683
4134
7683
4134
7371
8918
7371
5235
7371
9168
7371
1586
7371
9674
5488
2511
4378
5401
4378
8660
319
147
319
365
319
250
2838
2826
5141
1798
5141
9049
8130
2964
8058
7715
8058
2667
7593
1169
3238
3709
3238
7775
3238
3829
3238
7796
1875
1831
8277
9497
6905
8282
904
876
904
893
6584
3462
6584
3462
3792
3793
3792
3793
42
475
42
41
8418
1114
3084
9392
3084
3553
3084
9133
3084
9539
3084
7013
6787
8631
6787
4570
3944
5280
8070
2409
6694
4279
6694
5472
4317
5523
4317
2508
4095
1397
8146
1207
7322
9333
6334
2725
6334
7102
61
4192
2035
7431
7946
7431
8562
7431
7944
489
9751
7187
7201
1718
7743
1718
1580
1718
7735
1718
7222
3001
2939
7144
2588
2847
2738
2543
9598
2543
3702
2543
7305
2543
7315
4264
2295
9156
1133
9156
3763
9156
9603
5277
9605
2761
4142
2761
2701
369
210
369
466
2654
1601
5058
2787
5058
9077
3247
3246
3247
3204
2573
2566
2573
2318
179
9196
8970
9196
9216
9196
720
7603
2661
5130
1800
5130
1851
9509
2782
8141
1482
9745
549
9745
586
9745
584
9745
581
9745
9241
9745
589
9745
593
3161
7787
3161
7272
3161
4112
6895
1200
8488
8537
8488
7462
4886
3265
4886
3362
5393
1104
5393
1111
1810
1805
1810
1821
4743
2124
4743
2161
658
3475
6780
7178
6780
3056
6168
8189
6168
3413
1703
9102
1703
1705
4454
8659
4454
1497
6010
2159
6010
4237
885
873
4011
811
4011
803
2210
2117
1968
9556
1968
9558
957
942
3324
3286
3324
3318
7180
6969
7180
5340
7180
3968
6605
8085
6605
7588
5571
7122
5571
8074
252
251
347
106
347
355
5893
4193
5893
6922
5768
3321
6386
1872
6386
6943
3105
3041
730
7000
8403
9152
8403
2703
8403
8881
8403
5323
8542
5208
8542
3502
8542
7483
1051
8036
1051
1005
797
9715
797
8552
1853
1837
1853
1773
158
157
8659
1355
5035
6190
5035
2984
7618
2262
3838
3839
3378
3353
3378
7747
3378
7036
3378
8323
6516
8113
6516
2611
5290
3780
5290
3607
1197
7759
1197
1190
1197
8360
8631
2972
9631
8914
1036
9361
1036
9675
1036
7896
1036
796
1359
1363
1359
7203
1359
7198
20
19
4238
2072
5640
4082
5640
3521
4015
839
4015
825
6621
5363
6621
4004
7240
9516
7240
9516
8482
8947
8482
8506
8482
708
3121
3058
3121
3133
4818
8144
4818
8165
164
163
6840
5836
6840
5827
8526
9334
4620
2632
8652
1034
8767
8277
8880
8451
8880
9628
8880
8895
5218
7424
5218
5261
9625
5284
976
945
4178
3675
4178
6584
2123
3860
2123
2060
7524
711
5580
8731
5580
1154
1465
3921
1465
1399
7171
7176
9642
3539
1032
1005
4975
8712
4975
8178
3438
3680
3438
7431
3778
8966
5550
992
5550
970
5466
4263
5466
2290
6771
7178
6771
5782
7793
7299
7868
8470
7868
9306
7868
3779
1255
3818
1255
1256
9129
9320
6274
8669
6274
8202
5203
9220
5203
706
5203
9206
8193
2578
5256
7325
5256
9609
4049
932
4049
923
1009
991
1009
1010
3392
3172
3392
3396
9522
7841
2400
2369
4803
5486
4803
2552
6360
2684
6360
2654
2633
2638
2633
1582
4928
8214
4928
5784
5587
8714
5587
1154
8081
2978
3522
686
3522
9246
8348
9116
8348
747
8707
2965
5697
1511
5697
1388
7953
8559
7953
8556
2283
3870
2283
2284
4447
8215
4447
5696
5337
9550
7452
589
9116
9315
6428
8716
6428
8697
4860
3236
4860
3263
1407
7823
4361
1079
4361
1068
5574
9068
5574
1091
7572
9497
7572
8782
5007
3620
5007
9413
4567
2928
4567
2994
9399
5436
9399
1022
9399
1050
7530
1032
218
128
218
217
7836
1286
7836
1300
73
16
15
5544
937
5544
911
2942
2898
397
225
397
234
397
460
6556
9525
9359
5247
9359
8494
9359
5246
8979
8543
8979
3742
8236
2631
7997
6933
7997
6934
3056
3011
5653
6896
5653
6897
7458
586
6287
2847
6287
7155
7851
8900
7851
6530
7851
5242
5409
8647
5409
9475
2596
2590
7234
1639
1699
1692
6222
8082
6222
8081
9534
2175
1113
9648
1113
7854
1113
1108
1113
3760
1339
1317
7757
1414
7757
1413
6637
5416
6637
5707
8251
1120
2022
2008
4614
2691
8399
7313
6834
7617
6834
2620
5822
4159
5822
4645
3137
7702
3137
4119
3137
9487
3137
3059
5909
3629
5909
2032
3715
9549
3715
9151
9071
8786
9071
595
2686
2633
1589
3563
1589
1584
8157
2855
5321
7787
5876
4189
5876
4664
7689
7038
7689
8380
7689
3312
7689
7037
9614
7931
308
218
308
295
1375
1377
1375
1366
6354
7601
6354
3681
5432
1654
5932
9260
5932
4196
4854
3236
4854
8759
7599
1500
8944
8517
5376
2382
5376
3883
8675
2499
4486
1458
6948
9320
8372
9377
3749
6534
3749
3868
3749
533
6280
8058
6280
2752
4416
7648
4416
7644
2394
3808
4148
1552
7268
7024
3627
9636
3627
7377
3627
3441
3627
3584
2888
2859
4281
2301
1672
1660
1672
7045
6127
8149
6127
8750
9370
7367
1108
7433
1108
9192
1108
9354
1108
9671
2660
2670
2660
2608
1306
1300
1306
3766
9569
6527
9569
6526
9569
7872
8735
1039
4959
3132
4959
3116
8987
9715
8987
6537
5436
7677
5436
3965
7150
1666
8295
5425
8295
5425
1897
4187
1897
1680
1897
1679
3468
1204
565
753
750
4346
1011
4346
1028
8117
1034
4270
6879
4270
2285
7066
3314
6271
2797
6271
8202
5305
2394
5305
3805
3562
9298
3562
9642
3562
3540
5936
8765
2728
2670
2728
2723
1435
1409
1435
1441
5124
1699
5124
1866
6062
4277
6062
2603
1153
1121
185
5451
8160
5451
6936
3090
4130
3090
8325
3090
3085
3866
2235
3950
9594
314
158
314
446
4701
8204
4701
8263
7922
7440
7922
9219
7809
6527
7809
6526
7809
7872
2102
1992
132
131
4341
978
4341
988
6590
4228
6590
5347
5199
5121
5199
7670
5357
2440
2185
7367
2185
7875
2185
9623
2185
7381
3216
1483
910
900
910
909
412
472
412
75
412
205
5857
4689
5857
1920
5985
4225
5985
8097
8209
1295
4591
2698
9383
3219
6340
2683
6340
8673
4799
5482
4799
2596
6700
8111
6700
8245
8064
2481
1785
1662
2816
3657
2816
2802
2816
7772
2816
7302
5951
2101
5951
2162
993
953
9133
7852
2501
2495
5284
3774
5284
3775
5284
7934
2882
5049
2882
2881
2882
7164
9254
2291
8176
1437
7832
7453
6983
1732
5634
1174
9294
2855
2926
2938
2926
2880
7776
1128
7776
8464
8232
2899
6577
9402
3258
3928
3258
3243
3258
3929
3258
3830
4460
8692
4460
8740
9560
7853
9560
1274
6004
3703
6004
7104
6774
5788
6774
8221
3077
9505
3077
3946
3077
7228
4772
2334
4772
2308
224
220
224
223
3711
9342
3711
5335
3711
7340
1804
1691
9065
2733
724
7517
724
7986
724
687
6547
9392
9600
8446
2069
3565
2069
1882
3330
3284
3330
3318
7174
9519
5172
5964
5172
5957
4528
8183
4528
8704
1279
3826
1279
9561
6461
7559
6461
7565
2204
2198
2204
7728
3043
5278
3658
7333
3658
2816
3311
9547
3311
8416
3311
7829
3311
3192
2470
2453
2470
2471
2546
9518
2546
2545
8379
7355
8379
9567
8379
9581
4024
888
4024
864
2632
2625
2632
1582
1527
1521
6508
4767
6508
7133
7385
7387
1679
5840
2576
2564
2576
2591
3730
7606
3299
4059
8172
4059
8735
2541
2515
437
16
437
481
9040
1485
2088
2083
2088
7729
2088
6556
2088
7210
5684
7055
5684
1390
7515
3733
1221
1140
8604
6636
8604
1446
7977
664
6859
2025
6859
9273
5594
1202
5594
1221
821
820
821
8860
821
7822
8143
982
3445
3628
4741
1968
4741
2079
2374
6942
2374
554
2142
2137
7404
6968
6513
2639
6513
6954
4301
2531
3017
2953
3017
3018
1856
1853
5239
5240
6300
4614
6300
2845
4839
8755
4839
8754
6740
5768
6740
4503
3489
8932
931
919
1033
1023
1033
1004
7579
1231
2609
7762
2609
1611
2609
8359
2609
8354
2260
9284
1706
1696
1706
4164
7990
3485
8695
1179
4746
3686
8991
8563
8991
7473
8991
8998
5396
8731
5396
1107
4670
1777
4670
8204
4883
5749
4883
3384
3419
3323
8335
3510
8335
7295
8335
5293
1937
1886
1937
1917
7549
1449
8406
7824
6671
4159
6671
6832
6383
4643
6383
1875
5705
1496
5705
1389
5896
1955
5896
2021
2964
2974
2964
2819
1395
1394
2328
2309
8585
637
2126
2095
8829
9538
4779
7652
4779
5472
973
965
3349
3344
6680
4181
4681
7649
2434
9120
2434
7279
7112
2423
9168
8964
9168
9195
5463
4762
5463
3975
5463
4763
4107
8304
2082
2085
2082
1969
1061
1062
1061
1044
7668
1596
5179
3345
5179
6733
1147
1110
1147
1145
8872
3961
1272
8040
1272
1224
2869
2764
7289
9597
7289
7832
7289
7349
5721
7589
5721
7590
1184
1181
1184
1166
522
4219
4231
4219
2268
119
306
952
939
952
949
8904
8928
7639
3136
8523
3653
8523
3503
8523
609
784
766
8816
8830
8985
9726
8985
8994
6907
1173
9488
1639
3819
9541
1877
7392
1877
3583
1877
7889
1877
9665
8275
3041
3912
1248
6687
5455
6687
4226
2636
2628
2636
1590
2636
7739
2636
2635
1739
1738
7194
7218
1299
5270
1299
8383
1299
8374
1299
3911
6597
8193
3929
3930
8439
9610
3315
3163
3315
8042
2286
2193
3097
3939
3097
7228
3097
3940
3097
3022
7956
7960
7956
5224
7956
9727
6794
9077
6794
9294
8923
9599
9067
1175
2651
1596
5206
616
5048
9045
5048
2917
805
779
805
806
3845
7379
7796
8420
7796
9557
7796
9549
7796
7839
7796
3828
7796
8424
6954
1713
80
259
1568
1570
1568
1551
2557
2537
2902
2877
2902
2906
1462
1402
1462
1460
2481
2483
2481
2458
1890
1668
7511
7521
7511
8586
4806
2554
4806
7153
1205
1139
1205
1161
5253
5254
5253
5254
4245
2288
4245
2264
8196
2689
7129
2485
8037
1326
2593
2558
2593
2587
1116
8047
1116
1078
1190
7313
1190
1171
1190
1149
8748
3011
1905
1628
1905
8847
1905
5336
8307
8335
6875
6535
6875
7386
5737
5738
7889
6532
7889
8501
2371
6942
2371
9108
5297
2179
2683
2623
5115
1842
5115
5820
4408
1270
4408
4080
1448
1440
790
9132
790
7331
4075
1170
7833
5334
6674
5429
6674
7653
1655
1636
1655
1656
749
8342
749
3466
749
9246
2981
2932
8233
2899
627
3482
8355
9527
3053
3464
3053
2993
3053
5423
3053
7262
5656
6919
5656
1309
2440
2424
2440
2437
9701
8985
9701
7956
6553
7741
5149
9042
5149
8076
1177
1175
4413
8090
4413
7607
6960
3632
6960
9741
8021
7558
2252
2107
2252
2250
6052
2337
6052
2341
777
776
777
7786
777
773
3398
8049
3398
3300
1884
3626
1884
1882
7028
9285
7028
9287
7028
9286
1852
1850
7555
7563
7555
9258
9002
3752
9002
9720
9002
9373
9002
9733
7200
7217
5873
1899
5873
1934
8962
9366
284
306
284
120
5373
3884
5373
2412
4483
1448
4483
1474
6800
4580
6800
2918
715
713
8771
1435
9382
3038
9382
2399
9382
3037
837
830
8610
1701
8610
8057
8259
1458
1989
1949
1989
1948
4995
3106
4995
8115
3213
3219
3213
5315
1622
1618
1622
9341
3798
3799
3798
3799
3863
9593
3863
7838
3863
3444
3863
7863
5690
1334
5690
9466
5789
2832
9328
1237
7858
1237
1128
1237
8432
1237
9569
76
9627
3766
996
954
2813
2777
2517
2359
2517
2522
278
52
278
54
4198
2085
8005
872
6189
8792
6189
4554
235
257
5600
1150
5600
8112
4030
886
4030
868
2231
2233
2231
9534
2231
6542
2231
7184
5512
2524
5512
7111
5433
9532
7063
2686
8939
9336
8939
9706
2464
2362
2464
2361
5155
1931
5155
4702
2387
2386
2387
508
4343
988
4343
1013
756
8994
756
7960
1303
1304
1303
1285
711
9330
8765
2082
3724
1831
1819
1831
1806
4755
2155
4755
2210
1156
5266
1156
8466
1156
1129
1156
8444
3958
6912
4625
4626
5933
8106
5933
9409
6031
2312
6031
4261
8502
7461
8502
7461
5677
8691
5677
3648
45
44
6065
4287
6065
4280
2808
4139
2808
2806
4664
1662
5111
1876
5111
1745
2254
2151
5529
8127
5529
2506
7984
487
3565
7868
3565
7869
3565
7398
3565
9672
259
69
259
76
562
3046
3045
3208
1412
3208
3209
2970
8835
97
96
8101
1000
1921
1907
9549
9154
6935
2708
8173
1266
7410
8501
8469
7906
2380
2374
2380
553
6734
3292
7722
2200
7773
5292
7773
5292
4135
4136
6294
8211
6294
5004
4717
1990
6986
1318
1322
1318
1283
2923
8404
2923
3947
2923
2893
8833
7347
3041
3464
3041
9404
3041
2977
2452
2435
2452
2455
108
7283
3953
2863
2854
2798
2732
5101
1815
5101
1823
4213
9267
4213
3606
1377
1348
1377
1381
4984
6650
4984
9470
8529
7452
8529
7458
3198
1486
7633
2148
3813
8504
3813
8587
8111
2576
8677
2574
934
916
3343
3353
3343
3311
979
975
7400
588
7400
5244
9022
753
4773
2336
4773
5469
3030
2969
5469
2303
6304
3526
6304
2811
528
527
3625
9511
3625
3971
2958
2899
6125
8086
4724
9277
4724
2033
5173
4762
5173
4763
8600
767
8600
2686
8600
784
4565
3064
4565
3105
848
847
848
836
5005
6905
5971
2253
5971
7147
1390
1362
1771
1651
1771
1650
3664
6368
3664
8271
3808
8787
3808
2393
3808
9084
3808
8785
9327
9628
8479
8690
1266
1248
1243
1248
9094
1248
8815
1248
9095
1006
986
2171
2168
2171
2177
3970
1972
4208
6988
4046
943
7995
2524
2494
7123
1595
83
373
83
81
5610
1112
5610
1151
5259
2356
5502
2535
5502
4301
1840
1725
6285
2793
6285
2751
7755
8363
7755
9386
7755
1635
7755
5336
1293
1249
1733
3957
1733
7248
1733
7224
701
9328
6040
2332
6040
2310
4041
887
4041
907
2240
2232
11
10
3923
3924
6635
4438
6635
1512
1520
1519
8155
1321
591
3717
2311
3717
3452
3717
8060
3717
3886
3717
8056
3717
2997
3717
3117
3717
2050
3717
2269
3717
2598
3717
2581
3717
7615
3717
8079
3717
3885
3717
2132
3717
4189
3717
1918
3717
2538
3717
4298
3717
2843
3717
1955
3717
8065
3717
3578
3717
2684
3717
8088
3717
5837
3717
8082
3717
2021
3717
2101
3717
7609
3717
2404
3717
8058
3717
8070
3717
2654
3717
8081
3717
2882
3717
4664
3717
9042
3717
7600
3717
8069
3717
2209
3717
7610
3717
8063
3717
5352
3717
1753
3717
7628
3717
5360
3717
8091
3717
8061
3717
1873
3717
2752
3717
8078
3717
8092
3717
2047
3717
2449
3717
8650
3717
7617
3717
4195
3717
8076
3717
3984
3717
7613
3717
2162
3717
2954
3717
2620
3717
8089
3717
5475
3135
7702
3135
3059
3135
4120
8512
9694
8433
8887
486
9312
2618
1713
5021
2999
5021
8230
6853
1753
6853
8076
3408
7556
8149
3327
1554
1548
1554
1556
2180
2173
2180
2183
3981
7706
6968
7447
6968
9705
6968
7518
7210
9525
6575
3295
8373
8387
3075
3017
9691
7449
9691
7929
1780
1653
6810
2721
6810
2756
6545
8437
9716
698
9716
7051
9716
8564
4053
1065
4053
1046
5980
4232
5980
2259
1673
1671
1673
7045
2603
2594
7573
2734
8115
3080
567
566
3413
4124
3413
9073
3413
7194
8297
1040
1895
3856
1895
7298
1895
7859
1895
8408
9750
7992
4889
7606
4889
9038
8737
2119
9009
659
6389
7640
6389
2611
5748
3275
5307
3809
5307
2394
7543
938
4398
6898
4398
6897
2144
9553
2144
8826
2144
2139
7654
1169
1437
1409
1437
1441
227
226
6519
7029
6519
6999
2322
7293
2322
9559
8656
1459
114
370
114
113
5355
2446
2187
2176
2187
7008
5233
5234
5233
5234
2431
7251
2431
2434
2431
5221
2431
5219
332
274
874
9701
874
788
5987
3623
5987
4227
5855
4180
5855
6680
5855
3507
614
613
1039
1038
1039
1024
3483
1787
1663
1356
1357
1356
1327
4833
8168
4833
9052
4349
1014
4349
1030
7069
828
4956
3128
4956
3105
5439
2051
5439
3523
7204
2467
2174
3869
1560
1559
1560
7368
1560
7366
1560
3514
1309
1295
147
146
5974
9259
5974
2212
8886
6960
6607
7615
6607
5352
955
952
1628
9122
1628
8394
1628
1619
1628
9545
887
862
6804
2882
6804
8078
3107
3053
5939
2081
9068
1094
1774
1659
1774
1772
3681
9486
3681
8794
3219
3212
3219
7296
3219
9522
3219
3715
3219
7335
5037
2863
5037
2876
1983
1976
1983
1980
8253
1850
795
8465
795
8478
5196
3704
5196
8769
7806
1276
5783
3078
3869
3788
3869
3786
3869
3785
358
303
358
202
2912
2831
2819
2818
2819
2816
4796
5480
4796
5483
7501
670
7501
8581
1195
1161
1195
1158
8206
1378
8048
1490
6183
3107
6183
3069
1092
1072
8179
1702
8910
8963
8910
8962
8910
8953
8463
9165
8463
8960
8463
8478
6785
3508
6785
3024
9452
3637
7102
2691
9167
789
9167
874
620
617
620
5206
4097
7703
7779
7799
4315
5488
4315
7129
7185
3974
2929
2878
2929
2821
1491
1478
1491
1398
880
865
880
881
1138
1123
6752
8190
6752
9064
5275
5276
1332
1319
2845
2737
169
168
169
114
169
90
1421
1416
1421
3916
5523
2457
7728
2199
7728
2189
1276
9142
1276
1277
1276
6545
1276
8430
7660
1336
3245
8411
3245
3709
3245
3211
3245
3244
3245
9139
402
222
402
132
402
294
2066
3592
2066
2056
8721
1248
379
280
379
86
6897
1262
2150
8820
9487
3125
3902
1077
3024
9420
3024
4556
1257
1228
2268
2262
7839
9565
4311
2488
4311
2510
7394
7401
7394
7408
1351
1346
1351
8396
1351
1368
1351
7041
4658
1681
6731
4500
6731
5750
743
745
743
749
743
8798
743
738
1078
5308
1078
8289
1078
1075
1078
7682
940
909
940
929
3059
4117
3059
7246
3059
4127
3059
3005
4730
2093
8239
3297
6559
2201
6310
4595
6310
2795
1336
7760
1336
5312
5585
1115
5585
8725
871
848
2599
2560
1696
1738
1696
3672
1696
1683
8705
1600
1948
1883
1948
1884
5406
9540
2689
2645
2689
2694
5335
8450
1586
1542
1586
7932
8396
8866
4445
1429
4445
1511
7883
7407
7883
874
5695
1337
5695
1349
5906
4714
5906
2032
4990
5785
4990
3112
1405
8846
1405
1278
1405
3194
7022
1548
7022
7825
6034
2328
364
281
364
366
4017
824
4017
841
5879
4694
5879
6891
5879
8269
3301
3245
3301
3280
407
351
407
119
407
121
7686
7709
3741
7940
3741
3568
1834
1812
4489
6644
4489
8641
6498
2140
6498
4730
5379
4042
5379
977
1514
1414
1514
1381
9034
848
2234
9578
2234
7801
2234
5248
2234
7312
7596
2300
4419
9043
4419
1311
3670
529
3670
7369
5143
1760
5143
1793
3746
6534
3746
7397
1467
3921
1467
1466
2458
2467
2458
2432
8756
1017
1384
7014
1384
3821
8594
812
8594
6962
8594
800
9479
1983
2530
2536
2530
2364
4977
8748
4977
3109
5604
4073
5604
4068
3964
5337
3964
9115
3964
7844
3964
9127
2572
2318
2572
7193
2572
3977
2572
8315
8684
1977
8796
2881
8796
2881
7853
7414
7853
8920
7853
7906
7853
9579
7853
9588
1556
7326
1556
3697
1556
7348
1556
3845
1556
3450
1556
7301
8859
3669
8859
1739
8859
8422
2659
2608
2659
4146
2659
5328
2659
4147
4225
2248
4269
2287
4269
2350
7149
2556
4960
3131
4960
4534
9031
743
2631
2628
2631
1589
5555
1015
5555
989
3312
3302
3312
3160
8899
3583
8899
7889
5028
2998
5028
3037
3825
9587
3825
3824
3825
3822
3825
9170
3825
9608
1637
1631
1637
1621
7810
5238
7810
9633
7810
5239
7810
5289
7810
6541
3949
9150
3949
9141
3949
8446
3089
3077
3089
3021
4598
1595
822
787
822
821
822
833
822
7269
909
908
909
928
909
793
909
7359
5200
3718
5200
7525
5200
3754
6589
2198
6589
3625
7968
627
1287
8279
1287
8793
1287
8292
8210
4183
8210
7736
3613
3188
484
6948
9108
554
7373
530
6699
7156
6699
7136
1222
9682
1222
7898
1222
7395
1222
9362
4688
4178
4688
1700
6113
4488
6113
8223
2542
2548
2542
2522
4800
2586
4800
5482
2403
5264
2403
2406
6339
4608
6339
4624
434
237
434
240
434
367
932
919
8543
9713
8543
8555
8543
8558
4875
8643
4875
3513
9444
7058
8793
8311
8654
3088
9689
7926
8573
3569
8573
8577
876
866
876
875
6375
8286
6375
1816
9751
7996
4302
2518
4302
2520
7737
9535
2141
2134
24
23
8753
3422
7115
1667
1354
1327
616
3722
7297
8867
4742
5965
4742
4204
2488
2481
4459
1533
4459
5416
3608
1991
505
6672
1867
6672
8152
1127
8490
1127
3762
1127
3764
1127
7880
1127
7892
8870
7350
2418
6535
2765
7223
2765
2783
2765
6583
2765
8318
6108
3232
6108
3264
8777
8780
2146
1971
3915
9582
9251
7143
2070
2063
2070
2108
9207
8541
1280
1279
7656
2193
3329
3324
3165
3161
3165
3103
8633
1869
8633
2787
8633
3064
8633
849
8633
3432
8633
8298
8633
3032
8633
9080
8633
2617
8633
6919
8633
9082
8633
3304
8633
9076
8633
959
8633
7687
8633
5804
8633
6906
8633
7699
8633
3128
8633
971
8633
9078
8633
9077
8633
933
8633
8286
8633
6959
8633
2941
8633
6568
8633
7651
8633
4077
8633
6921
8633
894
8633
885
8633
3105
8633
4591
8633
9294
8633
3349
8633
6907
8633
996
8633
1006
8633
8297
8633
1309
8633
3902
8633
871
8633
9081
8633
7695
8633
1422
8633
8287
8633
7696
8633
7704
8633
8303
8633
2671
8633
4076
8633
7694
8633
9083
8633
1843
8633
3360
8633
8291
8633
912
8633
6901
8633
3656
8633
2986
8633
1509
8633
9079
8633
3660
8633
1816
7529
2399
1271
1267
663
3474
936
916
2081
2080
2081
1969
7677
7180
7677
7180
6435
8030
6435
1778
1062
1036
1062
3756
7111
2495
2348
2338
4682
1788
9697
8983
6153
3425
6153
3384
2707
8355
2707
7750
2707
2702
2707
3954
8283
8338
6306
2786
6306
4596
1953
1927
4935
5765
4935
3386
9349
3717
4726
2030
4726
2015
5753
3289
9693
1544
9693
1547
5410
6908
5410
3912
1793
1687
1868
8715
1868
8268
1868
6392
3497
1491
9245
689
857
845
3911
3818
3911
1251
985
950
985
984
160
8883
3791
8883
3790
8883
7365
1340
1302
1700
1692
951
963
951
949
5993
4240
5993
4232
2193
5296
2193
8790
2193
2187
4986
5784
4986
8132
18
17
18
481
521
520
1590
3563
273
154
5722
7614
5722
7590
4365
5633
4365
1185
5910
2103
5910
2029
8400
9629
8400
9161
8400
7004
216
7690
3460
9025
762
121
120
9528
1562
9528
4156
8123
7160
8123
8276
3425
3422
6995
2188
9042
1855
7600
2093
1547
7481
1547
607
1547
9712
7512
3731
7433
678
7433
3639
3750
1540
3750
7030
6279
2791
6279
8196
7155
7182
7155
4143
2901
2877
2901
2897
1461
1465
1461
1373
4507
3327
2482
2458
2482
7684
2482
3878
2482
3880
3666
5479
5063
2792
5063
8170
306
116
1577
7344
1577
7009
1004
1003
1004
990
2526
2494
4044
913
4044
905
6755
5768
6755
4523
8789
9088
2652
1596
7239
3858
1694
9102
1694
1671
537
536
1334
1319
2372
6942
2372
555
2943
2898
5404
5405
4083
1294
6718
2582
6718
8635
6839
9465
6839
4652
5904
8100
5904
8102
8394
7813
1584
7807
1584
1557
1584
3952
4619
2713
4619
4620
9075
9497
6883
6590
6883
6557
3263
3251
7396
3539
7396
3540
9014
5737
9014
7005
3026
4992
3026
4553
3026
3025
5579
9082
5579
9078
2982
2931
2675
2626
2675
2677
5549
972
5549
995
7705
9483
3744
538
3744
7374
3744
6996
5885
2006
5885
4690
474
333
474
27
1851
1850
5957
2037
1605
1602
1605
1573
4645
1791
8596
987
8596
3642
8596
7598
3453
3820
3453
3820
893
882
893
892
768
759
1386
1359
1757
1755
6051
8079
6051
8650
4050
978
4050
977
2251
2107
2251
2250
3966
1946
5606
7582
5606
7619
8022
1379
4323
895
4323
911
2399
2396
4475
7592
4475
7103
1168
8043
1168
1123
2157
2074
6703
6055
6703
4289
5385
8297
5385
8291
453
454
453
456
1010
1002
1010
983
8686
2630
6197
3035
6197
4558
6036
4262
6036
4274
6359
8110
6359
7668
1836
1723
1836
4167
7684
3879
5515
3989
5515
8635
5797
4144
5797
2889
7594
1172
9579
9175
4859
3237
4859
8225
2236
9511
2236
3971
1516
1492
1516
1487
1997
1977
2988
2821
2988
2990
8960
8525
8960
7928
5194
2654
5194
2620
424
180
424
372
424
341
310
134
310
294
310
214
4535
7634
4535
5418
9380
8510
9380
9166
9380
5237
7804
1010
7804
5225
9000
650
4794
7130
4794
7149
1621
1618
1621
9341
8069
2315
490
9749
8848
2068
8204
1674
8501
548
6032
4260
6032
2325
4954
3127
4954
6929
261
335
261
34
2176
2170
2176
2171
7206
5319
7206
3926
7206
9383
7048
3845
7048
7046
1832
1812
712
9116
5129
4661
5129
5834
7253
9516
5976
2219
5976
4223
337
475
1776
1652
242
6806
6656
6806
2844
5511
2501
5511
2490
2232
6989
2232
9266
2232
2229
6465
8197
6465
8710
647
646
6779
3034
6779
3056
8102
2034
1922
1907
1809
1746
220
301
220
459
6009
6930
6009
4748
387
297
387
93
387
352
8185
3177
9081
3316
561
6255
5003
6255
2947
7179
2994
2209
2117
1274
7922
1274
7430
1274
7916
1274
7915
5112
1875
5112
1748
729
9325
156
155
5668
8243
5668
6918
2064
3863
2064
7267
2064
2068
7785
3862
7463
3587
7463
8989
3042
3937
3042
5322
3042
3936
3042
8417
8660
1231
52
49
52
48
1428
1423
9587
9608
9587
9608
5289
8914
5289
5241
2735
8803
2735
9514
2735
8343
8969
685
2117
5447
2117
2066
2117
7733
2117
5448
6407
1830
6407
7124
7721
9387
2295
2293
2295
2223
7897
7406
4907
8223
4907
3363
1360
7198
9288
9289
9288
6998
5639
9476
5639
6569
8728
3343
4785
9279
4785
2601
1186
1184
8668
743
8112
1142
638
3479
3535
3536
1799
1684
5999
2140
5999
2154
1120
1100
1120
1122
270
179
270
372
3988
2495
786
7870
786
7382
5185
2913
5185
8233
2357
7282
2357
2355
2357
7289
2357
8398
1368
7014
1368
1330
163
2199
3592
2199
3864
2199
8376
2199
7263
5102
4636
5102
4631
9
2451
2429
669
3472
5728
1471
5728
1444
7523
701
8639
4689
8639
1798
8639
8214
8639
4571
8639
8264
8639
9051
8639
8243
8639
3197
8639
7662
8639
1715
8639
4732
8639
8215
8639
8229
8639
1920
8639
8145
8639
1393
8639
3308
8639
1203
8639
7146
8639
7141
8639
8150
8639
8234
8639
8260
8639
3616
8639
5784
8639
3270
8639
8256
8639
9049
8639
1525
8639
8146
8639
8251
8639
9065
8639
9067
8639
6734
8639
2863
8639
8155
8639
4083
8639
1776
8639
2640
8639
2051
8639
8222
8639
9050
8639
2018
8639
9066
8639
8147
8639
6918
8639
5696
8639
9063
8639
8237
8639
4713
8639
2125
8639
8140
8639
8250
8639
2754
8639
2876
8639
6121
8639
1961
8639
8224
8639
3336
8639
9492
8639
8109
8639
8132
8639
1814
8639
3523
8639
2715
8639
4194
2124
2094
9588
7414
9588
7414
7275
3932
6159
8701
6159
8190
6397
7139
6397
8164
7907
9191
2305
2314
2305
2281
4897
3513
4897
4905
1959
4190
1959
8269
9287
9697
9287
7982
2436
2444
2436
2431
8289
8347
5759
4113
5759
3533
5759
3532
5660
8155
5660
4083
9181
9190
5204
7513
5204
664
2172
3749
2172
3746
2172
3744
2172
3745
6525
7933
8836
9128
5069
2847
5069
2779
6273
2789
6273
4590
7439
7469
7439
8976
7439
9705
7794
2676
6956
4322
6956
7077
4804
7583
4804
2553
1772
5334
1772
1658
8811
8818
5972
7616
5972
3518
8847
9550
8847
9127
8194
3184
8511
8536
592
591
7037
9536
8994
8574
7196
2564
4042
920
8129
3047
2634
2625
2634
1582
702
9319
9374
3770
8954
9241
5501
2519
5501
3986
7954
3474
6796
4578
6796
2918
2284
3793
2284
9257
2284
3792
2284
2174
2284
3796
3083
3832
3083
3486
3083
3837
5686
3616
5686
8155
8385
7798
3943
5281
1595
5427
1595
7739
1595
2635
1595
1566
5022
2959
5022
3000
6583
9527
6583
3955
6583
2702
8805
8824
8606
849
8606
871
8606
3656
903
883
1685
1669
1685
1686
9175
8955
9175
9196
3619
2204
5596
1220
5596
1151
448
201
448
275
6333
2684
6333
8058
2409
2366
2409
5263
6119
3355
6693
5469
6693
4276
7379
7886
7379
7887
1000
964
1000
998
6207
3072
6207
3115
2653
1601
7859
8900
7859
3611
7859
7376
7859
6530
7859
5242
9279
2590
1228
1193
1228
9512
1228
7698
4026
870
4026
853
2544
5254
2544
2543
2544
5253
2544
8377
760
754
7143
6124
4263
2296
5807
2758
5807
2716
8515
679
8515
8974
8515
9212
8515
680
828
816
7604
2429
6977
6972
6977
6975
6977
6973
2574
2566
2574
2563
1160
1163
1160
1131
2007
2003
3982
2499
1704
1696
1704
7764
4453
1428
4453
1497
9720
9724
9720
9727
548
3645
7952
325
183
325
347
5394
1105
5394
1115
6145
8095
6145
8747
4744
3605
4744
6020
5894
4691
5894
2022
8404
2879
578
3475
3323
3322
3323
3182
2966
2975
2966
2818
9020
1116
918
909
918
892
3050
8788
3050
2992
3050
5422
3050
4552
7406
5203
7406
5230
8549
5205
2376
2374
2376
9107
7585
3221
1854
1847
2432
5216
2432
7255
2432
7259
2432
2443
6990
6991
8579
717
7335
3193
7335
8912
7335
3442
87
86
7695
1058
2321
7293
2321
9559
754
752
754
751
2550
2528
8813
5399
9687
1615
9687
9235
3682
7494
3682
7979
2466
521
2466
7318
5775
4522
5775
6580
9527
7827
1975
1943
1975
3451
7005
3297
171
364
1154
1121
2580
2547
381
296
381
347
381
184
9683
2747
7259
8856
7259
5218
7610
2072
6175
3333
6175
4521
3726
5123
1804
5123
5831
1091
1072
2218
2116
1538
3544
7502
710
7502
7985
2911
2910
2911
4134
2911
4136
9145
525
4497
9040
4497
7585
2
276
8063
2224
1818
5331
1818
9590
3365
3364
994
982
6018
4238
6018
4750
313
349
313
217
313
129
1860
1732
4425
8265
4425
3648
1492
8869
1492
1478
1492
9521
1492
8863
9649
1537
9649
8539
2337
2333
7935
7948
7935
8982
7101
1140
2697
2688
2697
2643
5283
5284
6296
2885
6296
5003
6736
5755
6736
4507
2587
2577
2587
3876
1928
1929
1928
1913
8919
7995
5633
1173
6984
895
6984
3423
6984
8021
5400
9401
5400
9401
4666
1908
1803
1691
3507
7205
3901
1077
4750
2134
6773
4574
6773
5786
8722
2329
8926
8527
8926
8977
7986
723
1710
1709
6003
2156
6003
2141
2256
2246
223
459
223
221
6657
8137
6657
8104
2203
7728
2203
2197
3044
3036
3044
2988
7173
9412
266
45
266
43
1422
1420
7469
7961
7469
7959
7469
7965
1331
1318
6751
9076
6751
9081
723
721
5900
2053
5900
8102
68
67
68
65
8410
9541
6676
5431
6676
4658
9748
774
6889
7736
3225
7796
3269
3229
2130
2078
2130
2104
5573
4058
5573
1092
6732
5749
6732
3266
5654
7586
5654
1289
2058
7339
2058
7332
2058
3867
2058
8861
1067
1052
8864
1613
1352
1326
74
73
2825
3700
2825
2800
7875
7412
7875
9663
7875
571
2277
2275
2277
9554
4312
5353
4312
5351
5543
7128
5543
7134
7307
9575
7748
1381
7355
2705
1114
1108
1114
1102
495
493
7233
1554
3598
7375
4089
1297
2949
9625
6098
3266
6098
4480
8778
8784
8778
2389
3688
1676
9208
8535
6833
1861
6833
4630
872
9034
872
845
8912
7901
4613
2691
9450
9269
9450
9268
6353
7601
6353
3585
9699
7466
9699
662
2640
1597
6235
7623
6235
3023
8028
5479
8555
9234
7960
3752
7960
8574
3742
9234
3742
9713
2290
2195
3302
8438
3302
8894
3302
8440
3302
3280
5835
1853
2035
5341
2035
2036
4853
3199
4853
4850
7021
3415
7021
3417
3765
8909
7800
9652
1648
8857
1648
1630
4608
2661
2571
2567
899
882
899
900
3459
4141
5210
7460
5210
8976
4968
3095
4968
3158
4329
933
4329
912
4165
4166
8200
1359
462
272
462
194
462
271
1478
1434
1478
3917
1478
6538
1478
8836
9107
553
6709
6710
1886
1638
1886
1889
4810
5631
4810
5633
9151
8897
9151
9169
9151
8901
2915
2835
2393
7236
2393
9089
5154
9415
5154
4692
6232
2983
6232
2946
2465
7754
2465
7713
2465
7208
2465
2361
5776
8189
5776
8704
1123
1122
1123
1101
1976
1943
1976
1979
461
213
461
284
7248
8843
7248
9590
7006
8779
5832
5833
4754
9262
4754
2211
6176
4520
6176
3335
3725
233
232
7390
7412
4624
2634
2032
1998
6848
5839
6848
5834
3188
3139
3188
3190
8461
9168
4994
8094
4994
7636
9400
1208
7520
3729
8547
7484
8547
7485
8547
626
5091
1715
5091
2640
3450
7379
8980
7978
8980
614
8980
611
7293
3797
7293
3792
7293
2172
2788
7190
3366
3351
5538
8065
5538
2449
7733
2057
9360
726
9360
714
9360
500
9360
703
8004
1341
8577
5200
3242
5319
3242
3926
3242
3224
8062
2967
4426
8727
4426
8248
7936
9717
7936
9217
9319
601
7519
1633
7054
1633
1632
1633
9342
1633
7340
8271
4625
440
5
440
2
6117
7643
6117
7637
2842
2735
4382
5402
4382
4390
2407
2378
6295
2885
6295
4596
4134
2822
7377
3441
7377
3441
9369
7895
9369
8472
5492
3987
5492
3982
6735
5752
6735
5759
3617
7473
3617
630
3617
634
691
9332
1283
5270
1283
8383
1283
8374
1283
1255
4665
1662
8700
2935
6064
4280
6064
2342
7951
7470
7951
8991
8340
9484
5422
9495
5331
3847
5331
9612
5331
5332
5331
3846
5331
7327
5331
7329
9583
1274
3564
2512
3564
8431
3564
3670
6209
3678
6209
4953
7985
689
9101
8818
7857
8918
7857
3438
7857
8461
7857
8492
7857
8930
2255
2254
1400
1280
1400
4099
1400
7250
1400
5315
6979
9304
2009
2002
8590
9748
9326
6934
3567
5922
5434
5922
3561
5809
8191
5809
2714
9061
1245
5710
1506
5710
4105
9215
8975
9215
736
1654
1649
1654
1636
4503
3342
4442
1506
4442
1513
5067
6888
5067
3027
2782
4139
2782
8403
9264
9280
9264
6860
9264
4710
5352
2484
6675
5431
6675
1898
7437
8521
7437
9202
4074
9506
3226
3225
1543
1540
1543
9729
7932
1569
7932
7944
7932
8534
8354
7762
8354
7762
9692
1544
9692
1547
3182
3181
3182
3138
201
454
2826
3700
2826
2800
9744
633
9744
656
9744
637
9744
644
9744
626
9744
665
9744
624
9744
646
9744
627
9744
663
9744
638
9744
669
9744
649
9744
3721
9744
659
9744
631
9744
652
9414
8332
7876
7399
1573
1574
1573
1553
7356
7374
9570
5229
9570
9587
9570
7897
9570
8945
9570
8924
7039
7314
8127
2452
496
9316
77
76
9312
6874
6875
4872
7699
4872
3360
1904
9122
1904
8394
1904
1896
1904
9545
9221
9232
9055
3202
5114
5837
5114
1873
2718
2668
6372
1822
6372
4656
8280
3906
9095
8817
5997
6930
5997
2215
6236
9045
6236
7623
9559
2170
9559
2172
8556
3476
1797
1685
853
844
3493
8071
4518
3392
3320
3171
3320
3322
5836
1847
9599
9183
9599
8957
2036
7266
2036
1916
2036
7243
2036
7026
714
713
2359
2360
2359
2357
2197
2189
2197
2183
4388
8663
4388
8695
6157
3498
6157
3638
3766
9682
3766
3740
3766
7898
3766
3739
2703
2704
2703
7370
3850
1631
7822
786
7673
2645
7673
9408
7673
7197
7673
7188
7909
501
7909
500
6399
1841
6399
1874
5478
2562
667
666
8637
766
96
6251
8157
6251
2837
810
809
810
806
4166
1772
5757
3290
4250
2242
4250
2226
2051
1973
8222
1464
5648
4081
5648
4090
7554
1084
7554
3306
7554
8759
7554
8736
7554
8672
7554
8731
7554
742
7554
3505
7554
8259
7554
3334
7554
8713
7554
9036
4899
3383
4899
3663
8287
3208
1885
3780
1885
7828
1885
1879
1885
7364
5851
1763
5851
3677
2916
2835
1210
1178
968
943
1957
1956
7491
8578
7491
9240
7491
7495
7491
657
4786
5476
4786
8134
1185
1166
1910
1771
5368
9474
5368
3882
7138
7168
6880
2224
3536
2053
3536
1148
3536
8249
3536
8764
3536
8751
3536
6904
3536
6910
3536
8671
3536
8180
3536
8142
3536
8173
3536
8194
3536
1775
3536
3644
3536
8246
3536
8093
3536
8136
3536
8664
1102
9646
1102
3761
1102
3760
6193
3458
5186
2914
5186
6916
785
763
785
8637
1993
1966
1993
1967
9510
9515
8274
4599
8274
4572
8274
1473
8274
1027
8274
7178
8274
5782
8274
978
8274
1211
8274
2682
8274
1911
8274
9338
8274
1392
8274
6908
8274
3235
8274
1049
8274
1068
8274
3034
8274
4073
8274
4504
8274
6194
8274
5794
8274
4500
8274
4643
8274
1524
8274
921
8274
4068
8274
2721
8274
5632
8274
4438
8274
1875
8274
3056
8274
3216
8274
3912
8274
4075
8274
1852
8274
2798
8274
2958
8274
4042
8274
4089
8274
3688
8274
9400
8274
4665
8274
4518
8274
4536
8274
977
8274
1748
8274
1512
8274
5778
8274
1507
8274
2612
8274
6920
8274
988
8274
4892
8274
2874
8274
2756
8274
1802
8274
4173
8274
1013
8274
1338
8274
5750
8274
8791
8274
4063
8274
4511
5868
4691
5868
4185
5793
8799
5120
1747
5120
1870
3457
5343
897
881
897
899
1753
1681
8428
7453
8428
7349
8887
8918
8887
3438
8887
8461
7276
3959
7276
3958
7276
8927
7276
7825
3938
3840
3938
2745
3938
5279
3938
9625
3938
5283
3938
9172
4080
1229
4080
8284
4080
8276
3551
3552
1660
8415
1660
3456
1660
3509
1660
1670
2306
7192
2306
2283
9695
7449
9695
5226
5953
9282
5953
9410
6348
4612
6348
5081
7421
9374
7421
8499
7421
9635
6707
2598
6707
4298
2153
2070
1728
1729
1728
1588
6081
6710
6081
4299
2435
2442
2435
2431
9658
8925
9658
9167
9658
7331
4327
957
4327
935
288
2
288
4
3581
3859
7332
7016
8360
9113
8360
8399
8360
1149
8818
1441
804
781
6652
3050
6526
6528
3892
802
3892
782
9486
2670
3152
3091
3267
3250
7628
3052
6887
6924
6887
9457
6887
6923
3844
9150
6955
2279
2276
2279
3872
1204
1199
6482
7146
6482
4713
7309
2746
7560
3320
1069
1039
8621
3535
4244
4260
4244
2266
2947
2891
4087
8353
4087
7242
4087
1364
4087
8825
395
225
395
228
395
442
9166
9692
9092
8807
7092
8072
533
7397
7195
6976
2861
2834
1501
1499
9442
3389
720
719
6795
5796
6795
4577
3314
3163
9425
9351
2113
2057
2113
2076
7514
3732
6542
6989
5685
1391
5685
9466
6403
1859
6403
5828
7893
7903
2339
2340
2339
2298
7768
2365
7768
514
7768
7311
8386
7811
1596
1602
1596
1566
2699
9408
2699
2644
2699
7195
2699
7188
8605
5754
8605
3368
8605
2479
5000
8260
5000
2863
1686
1660
1686
1789
8010
896
2589
2570
2589
2559
8168
1459
5595
7101
5595
7619
100
1022
1008
9224
3732
3444
9369
4903
5756
4903
3347
315
466
315
211
315
348
4828
9338
4828
1507
3131
3092
4558
3017
3509
3711
4025
856
4025
869
5160
5859
5160
2012
9431
9044
643
3478
6631
1270
6631
1287
4630
1811
7384
9359
7384
7878
8516
6944
8516
9205
7467
9001
7467
1538
8879
8917
8879
9679
8879
7862
5228
9662
5228
7920
4472
1473
4472
1524
6659
7663
6659
8700
4760
8761
4760
8688
3532
8302
3646
3670
3570
9498
3570
8770
3570
9097
8334
4108
8797
9523
8797
9523
6146
8185
6146
7641
8694
3185
6070
8752
6070
2341
4918
6118
4918
3401
5704
7561
5704
7571
294
219
294
123
4071
1124
4071
1092
6418
8253
6418
5838
7351
7881
2108
2059
2108
2150
2108
7745
2108
9104
2672
2630
3476
6940
3808
7078
7554
8584
665
4262
2306
2965
2971
2965
2819
1394
4432
1394
7557
1394
7092
8757
7220
8757
3900
8757
7200
7257
509
7405
8954
6488
8159
6488
2124
4499
7592
4499
7580
2375
9105
2375
9107
6141
8149
6141
8742
7586
1263
153
152
205
361
205
201
9130
7350
8773
3176
3641
7492
3641
657
3641
675
9203
7947
9044
1079
9044
4333
9044
6571
9044
4057
4140
8403
3878
3879
7336
7342
7336
2512
449
48
7696
3292
6871
5085
6871
6832
3291
3372
3291
3282
9050
3013
41
40
5584
8150
5584
8251
7033
7032
6931
7881
8798
7213
8704
3148
5694
8148
5694
6893
7918
7489
2098
7661
2098
8703
4444
8723
4444
8165
9124
8878
9124
9601
5334
7360
5334
9590
1404
1403
1404
1278
8758
1247
62
61
7395
9686
7395
8489
7395
8497
4509
3177
146
145
3025
8792
6277
2753
6277
2790
3558
3759
3558
1102
3558
7338
4131
2963
1549
7023
1549
3582
2732
2730
2732
2675
6058
4278
6058
4274
6130
8728
6130
8205
3472
2676
3843
2676
7351
2676
7830
1579
7022
1579
1555
7706
2587
3630
8970
3630
8518
3630
9210
5886
8035
5886
8024
6393
1869
7679
8781
7903
8503
1606
7735
1606
1573
1606
9563
2709
7827
2709
2706
4570
2840
4646
4648
7527
3511
8595
3254
8595
5354
8595
3272
5168
9265
5168
6683
1385
1384
1385
3915
1385
3918
1385
1358
4532
9473
4532
3093
5010
8062
5010
3570
8000
3175
8000
2415
8000
3309
3965
3966
3262
3240
5605
1137
5605
1167
6571
1231
4476
1525
4476
8222
4893
3375
251
4768
2335
4768
9254
5386
1081
5386
3901
3071
3016
8685
1184
4641
9480
4641
1736
9230
7486
9230
9238
9230
7487
7760
5271
7760
8366
7760
1329
7760
9110
6035
6595
6035
4262
3499
9421
365
251
859
8876
859
726
859
727
1835
1723
1835
4167
8228
1449
6821
4605
6821
5802
5516
5517
6290
7155
6290
7154
4291
5473
4291
5348
138
135
8160
2232
175
2878
2895
2878
2817
3140
3081
3140
3138
9103
8360
2235
9578
2235
7801
2235
5248
2235
7312
7828
3781
1515
1492
1515
1487
7221
6925
2353
2352
2353
8882
6640
4101
6640
1503
8817
1226
2018
1962
794
492
794
8457
5621
9493
5621
4074
9523
7238
4536
3136
5818
1734
7739
9526
1194
7249
1194
8853
1194
1157
1194
3907
7299
9332
144
458
6218
2997
6218
2954
9685
3757
9685
5226
9685
7929
1129
9156
1129
8439
1129
3765
1129
3764
4551
5420
4551
4532
3080
3086
3080
4132
2938
2904
2938
7215
2938
6550
2938
3947
2175
2170
2175
2171
7462
3525
7462
658
1511
1379
7205
1669
6580
3148
230
229
4457
1528
4457
1520
4457
7138
954
952
954
951
4581
8295
4581
8774
3327
3284
3327
3319
7568
2777
5975
2217
5975
8235
1775
1652
6805
2843
6805
8078
6550
8404
6466
2017
6466
8629
2751
2696
7147
2252
1900
9091
1900
7718
1900
6553
1900
1646
2844
2737
4267
2289
4267
9254
8120
3275
456
272
4152
4153
9472
2541
9472
1953
9472
4278
9472
2447
2892
2878
2892
3705
7272
7816
5274
3486
1112
1094
2657
6975
2657
7737
2657
6973
2657
5329
6203
4562
6203
3030
1668
7216
1668
1640
1668
6679
1668
5433
7061
2567
8186
3186
3244
7335
2003
1939
2003
2001
6256
2888
6256
2813
6973
9535
5803
2723
7786
748
8368
6873
8368
7388
907
879
5360
2410
3861
3862
6587
6589
5928
4197
5928
4747
8888
7385
9192
9201
9192
9212
9192
3639
1639
1622
1639
3560
2736
8330
2736
8803
2736
7235
2736
9414
9066
1515
9504
1207
6952
1085
6952
1202
6952
1104
6952
3231
6952
4517
6952
4082
6952
8029
6952
5965
6952
6570
6952
1510
6952
4587
6952
7029
6952
5711
6952
1313
6952
3031
6952
1841
6952
2719
6952
4508
6952
1060
6952
4510
6952
1768
6952
5709
6952
3265
6952
8034
6952
3094
6952
1874
6952
4100
6952
6999
6952
2814
6952
3362
6952
4414
6952
3521
6952
5631
6952
8035
6952
4192
6952
4486
6952
5436
6952
1221
6952
2981
6952
3198
6952
1868
6952
1340
6952
6119
6952
5633
6952
5757
6952
1185
6952
1022
6952
5421
6952
8033
6952
1111
6952
5780
6952
1050
6952
1535
6952
1365
6952
3061
6952
4696
6952
8030
6952
8024
6952
2956
6952
6667
6952
1136
6952
4204
6952
1778
6952
1792
6952
4515
6952
2785
6784
5793
6784
2955
3087
3086
3087
3021
2296
7192
2296
2223
3947
7317
6697
2603
6697
5483
4314
7129
4314
7135
6337
8110
6337
7664
5428
1746
1289
1246
5860
8734
5860
4695
7184
6989
6574
6575
6007
4236
6007
6020
1555
1561
1555
1548
9299
1342
1028
1018
4226
2236
6777
7662
6777
8260
649
3477
3074
3012
3782
3783
1807
1790
1807
5331
3442
3193
3442
3193
3503
1543
6544
7108
6544
7097
727
725
5556
1012
5556
993
9259
2251
3826
3827
7177
3293
2207
3683
2207
7163
9702
7954
9702
674
9702
8565
9702
9714
6653
4133
4182
1686
960
941
9155
9189
2693
2664
9121
7814
9121
7309
5287
8966
5287
7429
103
2333
2297
2333
2298
7899
9677
7899
7900
7899
7444
6409
1868
6409
8033
2119
2067
2119
2113
8648
2402
5222
6874
5222
7261
5222
7388
800
780
9195
9214
9195
9203
9195
7943
5637
7595
5637
7057
2583
2542
34
33
8478
9323
4822
7647
4822
8208
4909
3349
4909
9081
1200
7734
1200
1195
6790
6192
6790
4573
4493
3231
4493
3198
6321
7603
6321
7120
7448
1539
7448
6964
4876
5751
4876
3272
5354
2482
6432
1785
6432
1759
4932
4534
4932
5763
5854
5855
7190
8330
7190
7235
7190
2674
7190
8332
875
792
875
790
875
9658
875
891
6376
7686
8352
8829
9564
9573
7116
2339
8067
1056
4320
5355
4320
5523
150
149
615
3723
3518
9489
3518
7163
3518
3654
9420
2974
506
476
33
476
477
5280
5282
1894
1678
2850
2759
2850
3621
2766
2699
8114
2120
3388
3381
2145
3559
2145
6877
2145
6876
2145
2139
3916
1384
3916
3915
3916
6927
9612
9634
7872
7890
5127
7591
5127
1793
7655
1515
9270
2481
3250
3214
3250
3241
3166
7038
3166
3100
3166
8845
3166
8380
9680
8862
9680
7382
9680
808
1759
1754
935
916
8949
592
8492
3622
8492
8965
5959
2017
5959
4209
6436
1780
6436
1888
611
3725
2397
8326
2397
2386
5271
7286
6305
2814
6305
2785
3624
1684
9619
9639
9619
8471
9619
8474
2159
2138
4936
5765
4936
3332
4725
7027
4725
2029
5062
2791
5062
2872
6124
8294
6124
8290
6124
8293
6451
7649
6451
1801
7318
7425
986
950
986
990
8710
7680
8710
8300
9626
8462
9626
8462
5590
9056
5590
8725
1722
1703
6199
3031
6199
2981
131
130
6357
2655
6357
4620
4188
1675
1410
8367
1410
3924
1410
1408
4857
3230
4857
3492
4985
9054
4985
8724
1999
1995
8331
2677
9283
2251
5340
9394
8422
3672
410
466
410
350
410
212
5799
5800
5700
1392
5700
6920
4366
1257
4366
8166
4951
9340
4951
3331
3788
3789
4450
1510
4450
4414
6284
6664
6284
4592
9354
8968
9354
9695
9354
731
3426
4758
7237
559
7237
8842
8974
9213
539
7754
5259
6996
7375
6996
569
4242
3599
4242
2265
6634
7121
6634
4437
7622
3118
9394
5341
226
4617
9469
4617
8646
189
188
3134
4117
3134
4128
3134
7246
3134
3123
6837
2621
6837
4644
28
479
28
27
8843
7346
8843
7879
8843
9163
8843
9651
3382
3291
8154
1486
3842
9643
5577
8711
5577
1086
9201
678
5004
6939
4564
3065
4564
6652
1972
7691
1972
8810
1972
9546
1972
8797
5772
5774
5772
3340
8538
9734
8538
9221
7156
2309
8091
2192
3665
2013
662
7505
662
8560
662
661
5547
993
5547
973
9115
9550
7303
3707
9161
7396
2273
7952
6172
8066
6172
8655
2525
2494
7994
5461
6558
5461
8235
6756
7560
6756
7625
9539
7352
9539
7352
1063
7767
1063
3814
1063
3816
1063
1061
8299
8319
1933
1901
9286
733
569
568
4230
2246
2031
1998
8739
2778
4955
6652
4955
3129
93
92
4887
3268
4887
3361
5628
1202
5628
1185
3758
3759
5831
1857
3830
8879
9623
7871
9623
8459
956
942
1439
1405
1439
1410
6464
8629
6464
1922
6387
3699
6387
7117
4158
1806
6231
2943
6231
8103
5309
8364
5560
1006
5560
8303
8568
7973
8568
9005
8568
9718
2189
2177
2189
3864
2189
8376
2189
7263
3013
3014
3013
2952
738
7213
796
7409
796
9184
5195
2622
5195
2655
7805
8869
6517
2613
6517
2641
5092
1715
5092
8109
4534
7692
4534
9483
1789
1695
1789
1658
1037
1036
1037
1026
4795
7583
4795
3666
1196
1161
1196
1158
3998
9272
8205
3393
354
145
354
365
5989
4231
5989
2215
8462
7398
8462
9672
7973
633
692
9331
2294
2293
2294
2223
7368
9180
7368
7371
7368
9164
7368
8930
6786
4571
6786
8140
5491
8252
5491
8675
4381
1212
4381
1210
2734
8803
2734
9514
2734
8343
2734
9508
2841
7333
2841
2892
4880
5748
4880
3366
5138
1799
5138
5836
9572
3178
9572
7358
8272
8796
602
7520
6380
4640
6380
7131
8147
1232
7120
2637
4316
2507
4316
8064
8061
2826
9310
7186
4098
3241
5319
3241
9383
3241
3927
3241
3224
5276
9605
2770
2763
2770
6583
2846
2738
5921
4717
5921
6947
8184
1928
8846
8407
8846
8407
510
7257
1275
3825
1275
8430
1275
9376
3170
7835
3170
8372
3170
9572
3170
3935
6254
7663
6254
5004
5332
8888
3008
2948
3008
3010
3246
3245
3246
3205
7784
2802
3920
1415
2065
2064
2065
2056
5421
3118
1523
1438
1523
1526
7952
7478
7952
7964
9604
3193
9604
8912
9604
3442
8837
7413
6440
1783
6440
7645
336
480
2553
2532
6918
1263
401
122
401
293
3181
9516
3181
3836
3181
8384
3181
3179
8033
1703
7931
9698
7931
9670
5257
9117
5351
2484
7704
1489
5078
2719
5078
6667
4940
3306
4940
3334
2781
2780
2674
2626
2674
2673
4441
1498
4441
1513
5586
6906
5586
4076
1335
1301
1695
9146
1695
1790
1695
7837
990
991
990
948
8706
1972
6371
1824
6371
5828
4118
7270
4118
3933
6683
2014
5405
9401
5405
8813
5405
7730
3719
684
5336
9386
5336
9386
1585
7855
1585
8433
1585
7857
1585
6931
4871
9053
4871
8741
8395
7291
4446
8206
4446
8182
3093
3036
5696
1418
4370
8662
4370
8680
5905
2033
5905
4711
1406
9138
1406
1413
6593
6995
3430
3326
8982
9225
8982
9226
7000
1379
1367
1379
3913
1379
7748
1379
3914
7685
7720
5514
3991
5514
6562
9362
7933
9362
8941
1873
1828
8679
1436
348
358
6903
8308
6903
7679
3358
7689
3358
3381
9402
3246
7595
1224
8527
8979
5852
4174
5852
4663
977
945
1604
4603
1604
1573
5884
6682
5884
2006
3745
538
3745
7356
3745
2169
7160
8284
157
8221
2901
4644
1726
6828
6831
6828
4610
2052
1973
6252
2815
6252
4578
678
9321
1143
7380
1143
1113
6760
4519
6760
6120
5467
2323
5467
6561
7821
7833
4103
1521
5384
7200
5384
5382
5384
8814
4474
7103
4474
9417
199
198
7228
3098
9519
1976
5877
1784
5877
4188
984
948
984
983
9385
8922
9385
8910
9385
3842
9385
8907
9385
8903
4019
855
4019
837
9135
7343
1101
1083
1101
1103
4487
3271
4364
1198
4364
4390
9132
8925
7492
7981
5377
7128
5377
7152
3582
3636
3582
1545
3582
9641
1469
1457
7331
9316
4417
1335
4417
1312
6082
1387
6082
9467
6434
8716
6434
8169
7422
7428
1173
1160
1173
1165
4934
3313
4934
4535
9526
1591
3552
1466
2680
2631
8318
7223
8318
7223
3626
3780
3626
3607
3626
3782
3626
8442
3626
8441
7710
8334
4979
3108
4979
3074
6126
4524
6126
7173
6126
4501
773
748
773
772
4650
1834
4650
1809
4566
9496
4566
2927
4566
4568
5006
3029
5006
2982
5248
5249
8622
1051
5890
1959
5890
2009
7154
7678
7154
8767
7154
7165
7837
3961
7837
3962
6481
6480
6481
4746
6481
4706
1259
1224
1610
7743
1610
1578
1610
7735
1610
7222
4480
3203
6557
2202
3278
3279
3278
4110
3278
4109
3278
3276
4848
9471
4848
1452
1005
1004
1005
986
3891
768
3891
782
5390
9078
5390
3902
3151
7090
3151
7091
3151
7093
3151
3149
4045
907
4045
914
6754
8212
6754
8186
7996
3057
3082
3057
9586
3057
9595
3057
3833
9063
2636
8927
9182
8927
9622
8927
8493
8237
1071
623
7479
6651
3050
6286
8199
6286
8673
5520
3452
5520
8088
8303
1005
7756
8841
7756
8831
6994
4689
6994
1798
6994
9051
6994
1715
6994
4732
6994
1920
6994
7146
6994
7141
6994
8260
6994
3270
6994
9049
6994
9065
6994
6734
6994
1776
6994
2640
6994
2051
6994
2018
6994
9063
6994
4713
6994
2125
6994
8250
6994
2754
6994
2876
6994
1961
6994
3336
6994
8109
6994
1814
6994
3523
6994
2715
6994
4194
9639
8525
9639
9176
3424
9044
2597
2588
2862
3701
2862
3621
1502
5415
1502
4097
6636
9418
8156
2854
5293
3510
5293
3510
2687
2633
7091
3054
5733
8258
5733
7659
3136
3059
3136
3134
7538
3273
3338
3191
4540
3174
4540
3695
3698
3743
3698
7868
3698
7891
3698
7869
1021
1023
1021
1008
322
241
322
249
217
216
8177
2833
3588
9321
485
9326
2927
2880
9090
9482
4713
1992
6088
1392
6088
4438
6541
9621
6541
9621
7777
7323
9440
4576
9440
8766
9440
4404
4099
3496
6576
9402
2508
2470
4471
8298
4471
1446
7478
568
7478
538
7478
540
7478
531
7478
572
3076
7553
3076
3017
5673
6920
5673
1338
4224
2249
6899
6890
6899
9461
6632
8226
6632
8219
5554
1011
5554
995
6470
2019
6470
1953
6546
3831
6546
3832
6546
5274
3132
3092
7648
1298
390
174
390
292
3824
9618
3824
7406
6328
4607
6328
9339
504
9100
8190
3188
1748
1720
307
96
1307
1305
1307
1290
4261
2192
212
211
7067
5436
2764
9589
2764
9600
2764
9141
2764
2743
8116
2294
2671
2630
2383
3886
4347
8101
4347
8756
1896
1914
1896
3443
1896
7376
1896
6909
4708
4710
4708
4710
4072
9090
5437
8703
5437
2052
9464
3357
9106
8370
7352
3099
5937
2082
3109
3053
7790
6971
3914
1351
9391
3213
8448
9604
3164
3162
3164
3103
6260
2886
6260
2812
6609
8088
6609
5352
3531
9278
3531
2349
3531
9465
3531
8247
3531
9478
3531
2535
3531
3634
3531
4652
3531
3130
3531
6558
3531
1842
3531
8678
3531
2753
3531
4003
3531
4296
3531
2217
3531
5363
3531
8235
3531
2478
3531
5359
3531
8674
3531
1777
3531
8187
3531
5470
3531
6655
3531
8252
3531
4749
3531
8203
3531
6685
3531
2028
3531
8707
3531
4567
3531
8236
3531
8675
3531
8232
3531
4301
3531
8677
3531
2912
3531
8705
3531
8684
3531
8210
3531
2488
3531
1757
3531
8204
3531
4263
3531
2290
3531
5478
3531
5854
3531
8706
3531
6126
3531
3338
3531
3072
3531
8665
3531
4004
3531
2692
3531
2510
3531
2243
3531
4000
3531
8261
3531
2615
3531
4205
3531
2790
3531
3115
3531
8670
3531
8213
3531
8263
889
862
9141
9589
9141
9589
9184
9313
2740
2695
455
245
455
304
455
247
9512
1159
6872
6474
6872
6481
4874
8128
4874
8242
3292
3282
3292
3293
2300
2280
2300
2299
3867
7324
3867
6533
8655
3189
5039
5794
5039
2874
3217
1481
5356
5357
833
820
833
8586
833
8413
833
9741
3642
3693
5856
1953
5856
1919
6142
6123
6142
4506
7114
2491
2817
8937
2817
7402
2817
7411
2817
9157
2817
9652
2817
7856
340
356
340
271
2513
2354
2513
2523
1355
1357
1355
1327
1233
7776
1233
1132
6374
4630
6374
4655
1737
7207
1737
1818
1737
7224
1737
3956
494
493
1297
1299
1297
1253
7354
5278
1115
1098
5448
2076
4790
5481
4790
2579
1906
9098
1906
6553
1906
1645
4698
1887
4698
1919
3540
9298
3540
9298
6689
8073
6689
2110
6876
9275
4338
972
4338
957
3099
3082
3099
9650
3099
3489
3099
9159
8437
9570
9654
7432
9654
7448
9654
9669
5948
7600
5948
2162
3713
4432
3713
7557
3713
8022
3713
7092
5116
1747
5116
1865
6599
8752
6599
7061
9190
7994
5190
8118
5190
2616
6932
7567
6932
9305
6932
3599
6932
7578
6932
4574
6932
7616
6932
2507
6932
8073
6932
7110
6932
7601
6932
7106
6932
5964
6932
8085
6932
2540
6932
7096
6932
8657
6932
1822
6932
7125
6932
7575
6932
7108
6932
4667
6932
3691
6932
4611
6932
7098
6932
7583
6932
5434
6932
4002
6932
3561
6932
7126
6932
5786
6932
7572
6932
8064
6932
7112
6932
2524
6932
3681
6932
5879
6932
7596
6932
7111
6932
3666
6932
5957
6932
7604
6932
6940
6932
5818
6932
8648
6932
7116
6932
3518
6932
2846
6932
2553
6932
5462
6932
8080
6932
7588
6932
3590
6932
7566
6932
7099
6932
2265
6932
3673
6932
1763
6932
2110
6932
2996
6932
3677
6932
2326
6932
4604
6932
3585
6932
1864
6932
4656
6932
7097
6932
2011
3927
3243
4588
2690
298
455
298
257
7280
7056
4076
1170
3224
7796
3224
9515
2559
2563
2559
7746
2310
2291
3471
1656
1661
1656
1637
2731
2730
2731
2675
2824
9406
2824
8832
2824
8375
2824
8400
2824
6548
7127
2516
249
248
249
245
4132
3946
4132
2963
8356
9520
8356
9520
8039
975
9470
3012
5655
1309
5655
6901
6268
2693
6268
4588
55
54
7874
7885
7874
7885
9206
9696
4777
8187
4777
8677
267
337
267
41
3072
3015
3708
8214
3708
4571
3708
8264
3708
8243
3708
3197
3708
7662
3708
8215
3708
8229
3708
8145
3708
1393
3708
3308
3708
1203
3708
8150
3708
8234
3708
3616
3708
5784
3708
8256
3708
1525
3708
8146
3708
8251
3708
9067
3708
2863
3708
8155
3708
4083
3708
8222
3708
9050
3708
9066
3708
8147
3708
6918
3708
5696
3708
8237
3708
8140
3708
8025
3708
6121
3708
8224
3708
9492
3708
8132
3347
3325
396
346
396
468
396
208
3764
8909
3261
3258
3261
3302
6572
7707
6530
6531
9499
8367
372
160
182
9241
1149
8418
5177
8234
5177
6734
4531
3154
4531
5417
6458
1958
6458
4705
4164
1683
4164
7276
8776
1482
2914
2827
9459
8121
9459
4081
9459
2140
9459
8223
9459
8098
9459
1218
9459
2812
9459
8687
9459
9500
9459
1513
9459
8141
9459
1177
9459
1921
9459
1390
9459
1780
9459
1799
9459
1999
9459
4588
9459
3000
9459
8262
9459
4621
9459
3154
9459
3331
9459
5816
9459
8118
9459
4078
9459
5417
9459
5827
9459
8097
9459
8225
9459
3069
4109
4110
4109
4110
7556
9261
7222
7233
6234
4572
6234
2958
1373
1277
1373
1399
4217
2226
4217
7618
9434
9442
2498
2476
2498
2460
7287
8858
7287
2466
39
38
39
476
2867
3705
2867
2743
8554
8557
8554
485
4292
2571
4292
5474
9084
9100
9084
8341
8673
2664
6909
6531
6909
9160
6909
9628
6909
5242
6909
8895
6822
2718
6822
2768
5834
1848
1879
1878
1879
3584
3817
1133
3817
7380
7637
3277
4642
1730
716
6986
2034
5341
2034
2036
5237
9692
9235
602
3019
9109
3019
3946
3019
9564
3019
7770
4996
8653
4996
7624
2183
2184
2183
6990
2183
3446
2183
2178
8390
3603
7848
7887
1600
4603
1600
1572
4837
7687
4837
8287
9232
8571
3364
3348
995
982
3487
9418
1783
1664
5622
1203
5622
8256
5983
2209
5983
7613
8248
1361
8006
980
1690
1671
1690
1789
8928
9330
5774
9412
5774
4502
8733
1294
5156
5878
5156
1931
755
751
563
562
1939
1889
1939
1941
8293
9403
3417
8729
3417
8128
3417
8220
3417
8723
3417
8258
3417
8216
3417
7663
3417
8743
3417
8133
3417
2152
3417
7020
3417
8211
3417
7667
3417
8139
3417
8110
3417
7139
3417
7661
3417
8163
3417
8703
3417
8763
3417
8183
3417
7657
3417
8761
3417
8189
3417
1380
3417
8144
3417
7659
3417
8174
3417
8689
3417
8683
3417
8231
3417
8130
3417
8193
3417
2260
3417
7668
3417
8748
3417
8111
3417
8149
3417
3413
3417
8179
3417
7656
3417
8722
3417
8028
3417
8700
3417
8704
3417
8114
3417
5004
3417
8739
3417
2052
3417
3109
3417
8257
3417
8138
3417
8242
3417
7650
3417
8099
3417
1717
3417
8158
3417
8181
3417
8164
3417
7666
3417
8245
3417
7658
3417
8742
3417
8688
3417
8165
3417
8750
3417
7664
7004
7396
7577
3330
1974
7285
1974
7777
1974
1925
1974
7292
2607
8546
2607
9227
4582
8130
4582
8700
1512
1425
1433
1466
1433
1385
90
88
6174
4519
6174
4522
9339
1599
7461
9367
7461
7047
1155
1133
1155
1134
4756
4235
4756
2253
8520
3694
8520
9709
5303
3803
5303
3804
7547
3421
4626
1819
4552
9495
8377
7818
6066
4282
6066
4289
6150
3499
6150
8658
3566
3609
3566
9292
3650
1678
7062
5817
7062
2017
7062
4240
7062
3989
7062
2030
7062
4609
7062
2165
7062
4580
7062
4232
7062
4209
7062
3997
7062
5522
7062
6666
7062
2646
7062
2327
7062
3159
7062
8629
7062
8027
7062
2582
7062
2487
7062
2158
7062
6664
7062
2815
7062
2127
7062
6123
7062
3623
7062
3992
7062
5806
7062
8635
7062
3110
7062
4506
7062
2237
7062
4712
7062
4227
7062
5481
7062
8632
7062
4578
7062
4592
7062
2259
7062
8634
7062
5754
7062
2579
7062
1800
7062
5760
7062
8631
7062
1787
7062
2348
7062
1851
7062
1922
7062
3988
7062
4570
7062
5428
7062
2918
7062
3368
7062
4287
7062
4280
7062
3985
7062
2479
7062
4520
7062
5762
7062
1769
7062
2342
7062
3335
7062
1827
7062
2346
7062
2015
7062
8026
1677
6554
1677
1642
1677
9088
9163
9651
9163
9651
4057
1078
3045
2988
1111
1096
4151
4153
7271
5265
2891
2868
2891
2906
1529
1519
1529
7168
4278
2304
6936
2203
2752
2689
3480
7590
1436
4424
1333
4424
1315
7979
696
5318
9154
5318
8896
5318
9557
5318
3828
7934
7945
9052
1477
4136
2824
7340
9602
304
367
304
238
6951
6952
7700
8314
6985
1831
6857
1933
6857
2038
9483
3134
3862
7843
3862
9626
3862
8462
1980
1982
1980
3451
4181
4182
4181
4182
5527
2505
5527
3995
9676
7416
9676
592
7010
1983
7168
1518
5679
8720
5679
6892
2545
3877
2545
3448
5780
3087
3441
3557
3441
7400
3781
1878
8514
8553
8514
3741
7386
512
7386
514
6768
8094
6768
7639
6893
1343
2575
2564
2575
2591
6180
3128
6180
9079
7605
2085
1594
1598
1594
1565
8384
7303
8384
7303
3118
3942
3118
3134
3118
7726
8467
7911
7516
3734
4821
7599
4821
8075
6618
3999
6618
5357
5221
8849
5221
2365
5221
2418
1684
1669
1684
1690
3370
3298
4093
4094
4093
4094
3446
3445
4719
2046
4719
6682
8078
2871
8078
8774
8078
5425
7940
3472
8351
1590
5787
2831
1987
7189
1987
1984
1987
7174
8257
2136
1855
1837
1855
1774
839
830
4931
3175
4931
3132
343
270
343
203
5033
6188
5033
2995
7584
2041
7584
1504
7584
5749
7584
3218
7584
3035
7584
3589
7584
5765
7584
1844
7584
4197
7584
1391
7584
2164
7584
1824
7584
9297
7584
1288
7584
5785
7584
4747
7584
2287
7584
1932
7584
9480
7584
1268
7584
4601
7584
1795
7584
4537
7584
2239
7584
4191
7584
3266
7584
5431
7584
4468
7584
1736
7584
1859
7584
5828
7584
4264
7584
2888
7584
6590
7584
2813
7584
4658
7584
9479
7584
1271
7584
3425
7584
1334
7584
1997
7584
2718
7584
2916
7584
6193
7584
4558
7584
4103
7584
4480
7584
6557
7584
7642
7584
3386
7584
2768
7584
3520
7584
1898
7584
3384
7584
2100
7584
3332
7584
9466
7584
4233
7584
4439
7584
6966
7584
1430
7584
2796
7584
2350
7584
3112
7584
2247
7584
1314
4430
4414
4430
1365
6431
8167
6431
8697
4358
1047
4358
1067
6187
4558
6187
3112
7694
1344
1239
1222
1239
9607
2519
2492
6322
2640
6322
9063
7334
3670
3644
8227
3644
8122
3644
2053
3644
8191
3644
8096
3644
1892
3644
1846
3644
8100
3644
8180
3644
8142
3644
8126
3644
8254
3644
8218
3644
5403
3644
2792
3644
8157
3644
8176
3644
2652
3644
2943
3644
3074
3644
5838
3644
8244
3644
8103
3644
8246
3644
8170
3644
7140
3644
2714
3644
8093
3644
2837
3644
5708
3644
5398
3644
8219
3644
1838
3644
1476
1705
1707
1705
4164
8696
4992
8696
4553
8696
3025
4745
7027
4745
2049
5395
1086
5395
7632
7871
539
6144
9051
6144
6734
8336
7008
2389
2388
9409
2087
3474
8405
7339
8405
7332
8405
7017
5706
1488
3103
7816
3103
5321
3103
3042
3103
5320
5895
5958
5895
2022
1396
4087
1396
1398
883
876
883
861
8586
9750
6603
4276
6603
5349
2125
2094
2758
2700
1463
1453
5061
7052
5061
2872
9610
7892
1179
3905
1179
8283
1179
8280
1179
1166
2304
2314
2304
2281
5147
1795
5147
1859
9272
9271
7274
3932
5272
5273
5272
5273
3230
3207
7880
9603
7880
9603
8138
2148
9422
1176
9422
6880
9422
8626
612
3725
3158
3089
8491
9184
779
778
779
765
4973
3305
4973
3167
2830
9348
2830
4137
2830
7690
2830
2828
3534
3661
3534
9233
9304
3102
4952
3337
4952
5777
8421
9149
4784
8193
4784
8111
7360
8456
7360
3440
7360
3618
7360
8460
8332
2678
4013
811
4013
827
500
499
191
7428
9668
7428
3547
5184
6194
5184
2958
1721
1706
1721
1705
2998
2925
6452
8169
6452
8710
8838
3860
8276
1229
8276
1229
8560
3471
8309
9544
3841
3772
3841
9197
3841
8498
3381
3372
3381
3359
129
128
2635
9526
86
85
9323
6240
2944
6240
8177
7621
3007
4241
2190
2040
9277
2040
5958
3316
3166
3316
3390
8628
1605
2285
2193
7887
9666
7955
9232
5739
8334
5739
6572
5840
1642
5299
2385
9586
7421
747
8994
6524
2617
6524
1843
5462
3976
5462
6995
6171
3337
6171
4516
806
778
806
799
5205
653
3846
7385
482
483
482
9
1253
3911
1253
1250
7795
6971
3770
9698
3770
9670
661
660
8092
2568
5771
9419
4805
2551
4805
5509
2920
655
2920
7491
2920
8566
1206
1205
1206
1195
1048
1020
4008
5300
4008
5299
4246
3634
4246
2243
629
7968
8195
2772
1971
9548
1971
1965
1971
9275
4170
4171
4170
4171
5568
1066
5568
6981
2760
7321
2760
3949
9396
3983
9396
5350
9396
3174
9396
2219
9396
2793
9396
3157
9396
2042
9396
3999
9396
5455
9396
2019
9396
2865
9396
5353
9396
2586
9396
4223
9396
1887
9396
1756
9396
1839
9396
6190
9396
9494
9396
2439
9396
2502
9396
2112
9396
2549
9396
2722
9396
6595
9396
2596
9396
5357
9396
4717
9396
1834
9396
9251
9396
2157
9396
1809
9396
5835
9396
8127
9396
1797
9396
2672
9396
4262
9396
2751
9396
9472
9396
4226
9396
3388
9396
5351
9396
7010
9396
5787
9396
3685
9396
4274
9396
1919
9396
2940
9396
2506
9396
5430
9396
6947
9396
2128
9396
3111
9396
3695
9396
2647
9396
2984
9396
2614
9396
2238
9396
2875
3228
3227
8499
9649
6264
2757
6264
7603
7745
9553
7745
9553
3160
8438
3160
8894
3160
8440
3160
7358
8140
2972
7878
8494
7878
8483
9356
624
5509
2527
8976
3735
2828
2823
2828
2822
5131
1852
5131
1802
9603
8972
9603
9208
2055
3574
2055
3575
2055
3863
2055
7039
6095
8131
6095
1476
5444
4193
5444
3970
2903
2877
2903
2905
4694
1886
6317
4623
6317
7123
4334
974
4334
960
3595
2196
498
496
6192
3458
105
104
105
307
1083
7842
1083
1053
253
252
7358
8495
7358
5231
7358
8452
7358
5232
3000
2926
1992
1966
1992
1967
7430
9696
7430
7463
7430
8971
4584
8233
4584
2985
8262
2208
5792
3064
5792
3032
459
461
459
133
3685
3015
5944
2097
5944
1987
2716
2669
8071
8669
8071
3066
8071
8137
8071
5788
8071
7647
8071
8095
8071
2797
8071
1749
8071
7643
8071
1015
8071
8747
8071
1862
8071
8104
8071
8202
8071
1764
8071
8094
8071
8727
8071
8255
8071
8113
8071
1871
8071
989
8071
9057
8071
8171
8071
7631
8071
1031
8071
1956
8071
7640
8071
7636
8071
8124
8071
6895
8071
976
8071
7639
8071
979
8071
9068
8071
8123
8071
8185
8071
1091
8071
1803
8071
9061
8071
1069
8071
8685
8071
1933
8071
1335
8071
8679
8071
8221
8071
1469
8071
7637
8071
1783
8071
8248
8071
1048
8071
2038
8071
1225
8071
1269
8071
1312
8071
7641
8071
2611
8071
8241
8071
6938
8071
8719
8071
9047
8071
8746
8071
7645
8071
8208
8071
1087
8071
4579
8071
1152
1619
7864
1619
7810
7093
3093
2494
2463
2494
2464
5291
7277
8558
7484
8558
8568
8025
5346
8025
4735
8025
7674
7719
8326
7719
7732
6238
2887
6238
4573
9330
5641
6919
5641
6921
200
259
200
368
9674
1586
9674
1586
2038
1937
5838
4635
5838
4168
8472
9185
8472
7441
8630
831
4516
3393
4965
3158
4965
3168
6011
2152
6011
8114
559
558
4605
7673
5476
2576
6781
6188
6781
4559
1645
1627
1645
1628
1811
1805
1811
1821
3704
1609
3768
720
3768
7493
3893
801
3893
783
4386
8267
4386
1213
43
475
43
40
6743
4508
6743
6119
731
730
966
962
966
944
1050
1021
2918
2830
1323
5227
1323
6961
1323
3767
1323
1306
9624
7428
7181
5415
5646
4084
5646
4078
1475
1459
5570
4058
5570
1066
2211
2117
6454
7559
6454
7115
5532
2507
5532
4002
4010
9305
4010
7108
4168
4169
5581
4064
5581
1153
7246
4118
7008
5295
7008
2171
7170
9482
1978
1986
1978
1945
9566
9146
5778
3147
8087
7671
8087
8322
8087
7177
5551
969
5551
994
6846
3677
6846
1864
6770
5782
6770
4536
6178
4521
6178
3379
5457
2207
5457
7581
752
757
752
8357
752
8348
752
7756
3120
3133
3120
3941
3120
7209
3120
7726
7844
9636
7844
7859
7844
7377
7844
3441
7892
7919
7892
7417
6620
5358
6620
4005
1535
1419
7241
6873
7241
6874
7241
559
2215
2115
3186
3182
3186
3140
8852
9537
8852
9537
6015
2153
6015
2133
8244
3164
4621
2632
6841
5830
6841
6831
5536
8065
5536
7609
3368
3296
1815
1743
2786
2729
6447
1910
6447
4668
9735
640
9735
631
5314
1415
5314
7823
7938
7946
8080
8778
8080
2391
4428
8702
4428
8682
6361
2648
6361
9072
4861
7699
4861
8287
7013
7352
4360
1084
4360
1067
8327
7253
1925
1896
1925
3857
9292
9253
9292
9293
9292
2244
9292
2503
9292
1899
9292
6987
9292
2945
9292
2257
9292
2655
9292
2155
9292
2838
9292
2102
9292
1959
9292
9279
9292
1860
9292
2031
9292
8116
9292
2288
9292
1858
9292
3037
4947
3380
4947
7132
6049
4284
6049
2332
2563
2544
2563
3874
1849
1835
607
3728
2401
2400
2401
510
2401
557
5267
1130
5267
3762
5267
7880
4274
2319
5152
1858
5152
6949
2249
2221
2249
2105
4637
1588
9295
4234
9295
1923
9295
1958
9295
7121
9295
1765
9295
3399
9295
6665
9295
2323
9295
3337
9295
2725
9295
2242
9295
2226
9295
7027
9295
3065
9295
1282
9295
2103
9295
3215
9295
2091
9295
4612
9295
1876
9295
5736
9295
4104
9295
4533
9295
1387
9295
4265
9295
1779
9295
6997
9295
4505
9295
5777
9295
2604
9295
5081
9295
1333
9295
7618
9295
4281
9295
1897
9295
1804
9295
2328
9295
5939
9295
7102
9295
6652
9295
4893
9295
4457
9295
5803
9295
2159
9295
5831
9295
4487
9295
2687
9295
4642
9295
5706
9295
5739
9295
6192
9295
4516
9295
4237
9295
2887
9295
6561
9295
1315
9295
4467
9295
3033
9295
4437
9295
2029
9295
4705
9295
1745
9295
3129
9295
9467
9295
2049
9295
4573
9295
2258
7642
2939
6614
9270
6614
3990
949
926
949
940
355
364
355
178
3822
9583
3909
3910
1598
1591
1598
1568
3114
3048
8388
3961
6817
2769
6817
5801
7766
1118
7850
7362
7850
8443
2443
7279
2443
5218
2443
9123
4287
2573
9255
3683
9255
7163
9255
3654
7292
7323
9112
5251
2872
2775
4222
5345
4222
2227
519
518
7217
3899
8166
1192
1688
1672
8250
1812
2079
2123
2079
1944
9159
9616
4556
2820
7109
2004
9541
8429
9541
8432
7531
997
4826
8254
4826
8136
1225
1172
196
195
1269
1264
5182
3663
5182
9464
9712
7969
9712
3572
9712
7483
7164
8296
9199
9329
6567
9305
6567
7578
3352
3312
3352
3261
9506
1170
9064
3317
825
814
5226
8591
5226
3738
8518
718
3067
3007
6764
4533
6764
5777
4782
5484
4782
5474
4916
8751
4916
8126
6148
4518
6148
8791
9621
1617
9656
7439
9656
5210
6281
2843
6281
2752
2899
2905
2899
2807
1459
1460
1459
1372
4127
4128
545
7488
3648
1361
7132
3320
9170
8945
8951
9693
915
901
101
100
8907
9171
8907
9171
339
235
7076
3153
7076
6899
4280
2304
3478
575
574
2106
2061
2106
2108
6416
2613
6416
4654
9490
1487
3932
3934
6927
7840
7588
2572
8074
1021
6486
8106
6486
3647
8442
8899
8503
7439
8503
5210
5320
7787
5493
3989
5493
3985
7698
3519
72
71
7338
7347
3876
2543
3876
3874
1302
5407
1302
5406
1302
9389
1302
1291
1742
9529
1742
1682
4354
5383
4354
8652
3985
2493
911
897
3857
1914
3857
3443
3857
7376
3857
7377
3857
5245
8945
9613
8945
8952
6591
8262
9183
8967
9183
7438
9183
9352
6862
2165
6862
4712
635
3591
3538
6937
3538
9431
4340
971
4340
996
7136
2317
8665
2568
5450
2286
5450
8160
3091
7711
3091
4130
3091
7712
3091
3077
5366
3882
5366
2412
4700
8210
4700
8263
4788
8187
4788
5478
3951
7351
5950
8676
5950
2161
6701
4287
6701
8026
9615
567
9615
3598
5866
1918
5866
1955
6341
8236
6341
2692
7424
560
4590
2697
1365
1336
2994
9496
2994
9496
5188
2836
5188
2942
2747
8533
2747
7470
2747
8991
2747
3617
7151
8270
2308
2303
4271
6594
4271
2285
7278
7797
3936
3937
3936
3937
4062
1082
4062
7119
8426
1127
5725
1470
5725
8771
9463
3692
2661
2608
2661
2657
7057
1264
2754
2698
9667
3738
9667
9010
9667
9691
9667
9181
1682
1696
1682
1633
8134
2593
2629
2625
2629
1589
1726
1733
1726
9528
6270
4593
6270
2755
3154
3091
8382
8871
6346
8105
6346
9048
9663
7436
9663
2167
9261
3254
9261
5830
9261
5477
9261
2024
9261
4260
9261
6581
9261
5878
9261
2957
9261
5485
9261
4279
9261
3333
9261
4718
9261
2789
9261
2099
9261
2347
9261
4300
9261
2045
9261
5429
9261
4661
9261
5751
9261
5839
9261
5755
9261
1931
9261
3991
9261
3643
9261
3104
9261
7652
9261
5517
9261
5795
9261
9262
9261
4521
9261
7653
9261
4702
9261
5805
9261
6831
9261
7144
9261
5789
9261
4198
9261
6189
9261
5783
9261
6559
9261
4598
9261
4507
9261
3619
9261
5354
9261
4566
9261
5834
9261
2519
9261
2211
9261
4590
9261
3062
9261
6562
9261
5472
9261
5761
9261
3272
9261
2325
9261
4610
9261
4275
9261
3379
9261
4239
9261
2266
9261
4600
9261
3668
9261
9281
9261
2810
9261
3986
3710
1389
4547
3169
4547
3152
7626
3119
7552
2245
7552
3070
7552
4653
7552
4159
7552
2885
7552
2025
7552
1781
7552
4519
7552
4607
7552
9273
7552
5085
7552
2987
7552
1495
7552
5435
7552
2271
7552
6879
7552
5003
7552
2584
7552
6594
7552
3369
7552
2336
7552
9282
7552
2156
7552
2769
7552
9410
7552
6832
7552
5756
7552
6710
7552
6120
7552
4522
7552
3095
7552
1960
7552
4178
7552
5469
7552
2141
7552
3608
7552
1700
7552
4645
7552
3267
7552
2947
7552
8228
7552
6580
7552
9259
7552
1894
7552
3347
7552
9339
7552
1463
7552
3158
7552
2285
7552
5476
7552
2786
7552
8134
7552
3168
7552
2212
7552
4299
7552
4276
7552
5349
7552
1924
7552
3196
7552
3233
7552
4102
7552
4596
7552
3028
7552
5801
7552
1493
7552
9249
9126
2921
6528
7910
6528
7417
4
3
451
65
1507
1500
4461
1501
4461
1529
6460
1933
6460
7645
9301
9300
4004
2422
4577
2855
2612
1712
3331
3184
5564
8074
5564
7118
7582
1094
3422
3397
3422
3285
133
130
1044
1036
1044
5225
5617
4073
5617
4075
3492
5738
9532
1623
2500
2476
2500
2460
4842
8141
4842
3237
2139
9558
2139
3581
2139
8838
2139
9555
8624
739
8624
9031
2313
3873
2313
2277
9119
8426
9535
8362
9535
7791
9535
5325
5242
5243
9038
3250
2951
9109
2951
2896
2951
9564
2951
7770
5816
1727
3700
2823
3700
3658
9433
3524
4091
1297
3340
3191
4538
3306
4538
3173
2692
2664
8564
9730
9083
1597
2857
7783
2857
2760
2857
7278
2857
7782
734
6965
1497
1396
2016
1985
2016
2043
9601
7425
2985
2936
6216
9054
6216
8696
3994
2445
126
125
2602
6072
2602
3981
2602
3596
3590
1666
6090
1393
6090
3616
9561
9570
89
88
3754
7991
3754
7527
8242
3298
7045
1633
7045
1630
3062
3008
7480
527
2936
2924
2936
8371
2936
7225
9046
4113
9046
3533
9046
3532
6891
1929
3271
8783
3271
6573
3271
7175
3271
6577
3271
6574
3271
6576
2510
2484
5624
4077
5624
6907
6562
2491
6468
1954
6468
1921
4154
4155
7842
9646
7842
3756
7650
1751
7566
2137
8617
1282
8617
4281
8617
1315
9037
3165
901
899
901
883
3461
9551
1750
3963
1750
1762
8188
1609
2569
2320
2569
2594
1666
6679
1666
9532
1666
1665
6043
2337
6043
8116
6330
2641
6330
4606
9226
1615
3547
598
3547
7949
1843
1728
4710
1980
9315
8366
8844
7788
7806
7417
7434
7417
8526
7417
490
6711
5484
6711
4297
5665
9062
5665
8699
9365
9700
9365
7471
8450
3851
6077
4296
6077
4301
4422
9299
4422
7644
4331
959
4331
933
3577
5966
6258
5800
6258
6654
2243
2230
3004
7215
3004
6549
3004
3947
3004
3010
7487
7519
2298
2322
2298
2282
7364
1877
5382
7220
4492
8238
4492
8744
2738
2750
2738
2679
5134
1798
5134
7141
1425
8324
1425
3913
1425
1421
1425
3914
5926
2112
5926
2157
231
230
7019
1877
7019
1879
8725
1120
5426
8851
5426
7283
5426
3952
5426
2627
9219
9310
5882
2007
5882
3665
6715
2580
6715
4297
9371
7927
8782
2763
4114
3318
2909
2908
2909
2804
2822
6548
2822
9393
2822
2804
6137
9046
6137
3385
1089
1041
1089
8050
3637
8663
3637
9062
3637
8712
3637
8702
3637
8167
3637
8105
3637
8749
3637
9060
3637
8701
3637
9054
3637
8178
3637
8692
3637
1105
3637
1258
3637
8716
3637
8169
3637
1867
3637
2980
3637
3629
3637
8197
3637
8699
3637
2039
3637
9058
3637
4714
3637
1088
3637
8740
3637
9053
3637
8697
3637
9056
3637
4614
3637
8209
3637
8695
3637
8765
3637
1840
3637
8206
3637
2845
3637
8686
3637
8200
3637
2032
3637
9055
3637
8168
3637
8710
3637
8154
3637
8156
3637
8190
3637
1115
3637
9052
3637
8696
3637
8195
3637
9064
3637
9046
3637
8725
3637
8182
3637
8152
3637
1059
3637
1219
3637
8745
3637
2720
3637
2027
3637
8698
3637
8198
3637
8741
3637
8724
3637
9048
3637
3385
3637
8682
8908
8476
8908
8475
3222
1454
3222
3220
9484
3161
1613
1614
1613
7371
250
298
9212
8992
9212
8987
3872
3870
3872
9112
3872
5250
3872
3800
9321
2096
1884
2096
9555
2096
3859
7916
3674
7916
9218
3287
3256
3287
3178
6867
2959
6867
2839
6056
2569
3556
3631
3556
7191
3556
7691
3556
1975
9059
9070
6914
4599
6914
4572
6914
1473
6914
1027
6914
7178
6914
5782
6914
978
6914
1211
6914
2682
6914
1911
6914
1079
6914
1392
6914
6908
6914
3235
6914
1049
6914
1068
6914
3034
6914
4504
6914
6194
6914
5794
6914
4500
6914
4643
6914
1524
6914
921
6914
4068
6914
2721
6914
5632
6914
4669
6914
1875
6914
3056
6914
3216
6914
1852
6914
2798
6914
2958
6914
4042
6914
3688
6914
9400
6914
4665
6914
4518
6914
4536
6914
977
6914
1748
6914
1512
6914
4057
6914
5778
6914
1507
6914
2612
6914
6920
6914
988
6914
4892
6914
2874
6914
2756
6914
4173
6914
1013
6914
1338
6914
5750
6914
8791
6914
4063
6914
4511
5942
4718
5942
2099
8493
8516
5442
1996
5442
3970
5503
2550
5503
7127
4067
1125
4067
7632
8320
8329
8320
8329
7708
7736
7347
1062
5074
2788
5074
2740
7072
4653
7072
4159
7072
1781
7072
4519
7072
4607
7072
5085
7072
2987
7072
1495
7072
5003
7072
2584
7072
3369
7072
6832
7072
5756
7072
6120
7072
4522
7072
2555
7072
4178
7072
1700
7072
4645
7072
3267
7072
2947
7072
8228
7072
3347
7072
1463
7072
3158
7072
3168
7072
1924
7072
3196
7072
3233
7072
4102
7072
4596
7072
3410
7072
5801
7072
1493
2678
5326
2678
9594
2678
2676
2678
5327
4352
1047
4352
1029
9164
8492
1312
1298
22
9099
9484
7261
511
5250
5251
9070
1869
9070
2787
9070
3064
9070
849
9070
3432
9070
8298
9070
3032
9070
9080
9070
2617
9070
6919
9070
9082
9070
3304
9070
9076
9070
959
9070
7687
9070
5804
9070
6906
9070
7699
9070
3128
9070
971
9070
9078
9070
9077
9070
933
9070
8286
9070
6959
9070
2941
9070
6568
9070
6921
9070
894
9070
885
9070
3105
9070
4591
9070
9294
9070
3349
9070
6907
9070
996
9070
1006
9070
8297
9070
1309
9070
3902
9070
871
9070
9081
9070
7695
9070
1422
9070
8287
9070
7696
9070
7704
9070
8303
9070
6636
9070
2671
9070
4076
9070
7694
9070
9083
9070
1843
9070
3360
9070
8291
9070
912
9070
6901
9070
3656
9070
1446
9070
2986
9070
1509
9070
9079
9070
3660
9070
1816
765
8344
765
9111
765
777
765
764
5166
6474
5166
2012
553
4648
1690
3127
3090
6824
4614
6824
2720
40
3899
985
1608
1578
1608
1579
9555
8838
9555
8838
5888
7569
5888
7565
6627
7594
6627
7595
4850
9471
5388
1106
5388
1112
4766
6595
4766
2345
7471
9242
7471
647
7471
2920
7471
8996
1329
1330
1329
1306
1165
1163
1165
1162
4478
8692
4478
9052
3280
8916
3280
8448
3280
8875
3280
8425
7224
4148
6749
5766
6749
8773
9595
8934
674
673
7782
7808
7713
7229
9669
7448
9669
7448
5518
3993
5518
2490
8226
3716
8226
5310
203
202
7099
3689
7099
9507
2932
2933
2932
2841
3354
7689
3354
3352
9742
3736
9742
7519
9742
7515
9742
7512
9742
7520
9742
7514
9742
7516
9742
7518
8182
1426
7826
5322
7826
3944
7826
3043
7826
7354
7
6
2876
2773
7540
878
6920
4092
54
53
446
453
7947
3724
2345
2191
6438
4663
6438
1890
9592
6974
5327
3843
5327
3844
5327
3951
7861
526
4938
6118
4938
5766
5080
6666
5080
5806
8314
7757
9705
6967
9705
8988
9705
7472
2623
2628
2623
1581
4186
1900
8152
1746
988
981
597
3733
7316
7861
7316
3790
7316
7846
8267
1179
1865
1857
4120
3060
6121
3378
2411
2409
3786
3787
4368
8180
4368
8664
7381
7390
7381
571
3621
2742
3621
7783
3621
7278
3621
7782
687
3706
6998
639
6998
642
6998
3543
6998
636
8457
3755
3428
3427
3428
4758
9416
9263
9416
9468
1042
1043
1042
1025
8551
661
5087
8686
5087
2720
2319
2278
2319
3447
9266
9534
6522
8705
6522
2615
7534
857
2133
2130
244
243
3360
3275
8581
669
7158
7717
8881
8889
8536
673
8536
3769
8536
8553
8536
9223
6392
9477
130
6830
8105
6830
8686
5244
7950
5244
3848
6758
9419
6758
3613
680
3588
9429
3500
4892
3375
3274
3295
3274
3255
7230
8835
4844
8108
4844
8131
7103
1451
2504
2498
2504
2473
6161
8655
6161
9037
5630
1188
2073
9395
2073
2065
5472
2568
7474
668
7474
677
4228
4229
4228
4229
1026
1002
1026
5225
671
670
8641
1484
1263
1234
1263
1261
6247
8156
6247
8195
9630
7350
9630
9144
9630
9129
3760
9648
3760
9648
5761
3135
2047
3693
7644
1318
3828
9151
5025
3094
5025
3061
5558
1014
5558
4051
151
982
967
982
951
8291
1033
5847
4665
5847
4173
4160
4161
1961
1928
740
739
943
944
943
922
8532
9308
6001
8096
6001
8159
8570
578
8646
2656
4595
2778
9324
2862
3334
3187
1801
4646
1801
7044
3694
8561
3694
645
3903
3904
8875
8891
6084
8693
6084
1389
4685
5432
4685
1761
275
472
275
73
8476
9654
238
2449
2430
3584
6963
3584
9673
3584
9676
3584
1942
513
2201
5294
2201
2205
2201
7722
2201
3515
4000
2441
36
7965
604
7965
6529
7965
7514
8131
1483
9303
2016
8509
7926
5140
1756
5140
1797
4878
7696
4878
3360
7446
8979
7370
2606
7370
9669
7370
7442
2485
7204
2485
7684
2485
3878
2485
2500
3516
7375
3516
9659
3516
567
7118
1017
6378
1873
6378
7617
5499
2520
5499
7127
6105
8759
6105
8259
3386
3358
2768
2699
2893
2878
2893
3705
1453
1402
1453
1443
2415
2403
4704
7012
246
245
5071
2884
5071
7003
7441
7451
7441
8570
7441
546
508
3605
5420
3605
4236
3605
1747
3605
8106
3605
3498
3605
8693
3605
1176
3605
2621
3605
6656
3605
2739
3605
4663
3605
1389
3605
3969
3605
3068
3605
5748
3605
1287
3605
3497
3605
2007
3605
4750
3605
1331
3605
3269
3605
6880
3605
4080
3605
1501
3605
2680
3605
9440
3605
3217
3605
1529
3605
4091
3605
6122
3605
8217
3605
1471
3605
3606
5262
2405
5262
5222
5262
3437
5262
7244
6324
4602
48
44
48
43
1744
1721
3168
3122
3010
2950
3010
3019
3918
6927
8444
8466
8444
8466
1075
1061
1075
1076
4655
1835
709
708
709
9245
5132
1796
5132
8253
6054
6055
2265
2231
7867
9583
2229
2182
2229
3971
6916
8796
6916
7164
334
298
9584
7318
9584
9601
9584
8868
112
111
3554
3555
3673
2590
5076
6665
5076
5803
6029
4252
6029
2207
1829
4172
1829
1820
9671
8959
9671
9685
9671
731
9671
7988
8072
4087
7320
2185
4116
3283
8347
7767
8347
7763
8347
3814
445
453
445
271
1945
7049
1945
1943
8708
1263
5791
3065
5791
3033
4190
6891
1991
1966
1991
1967
8261
2850
9290
4231
9290
2717
9290
2681
9290
2741
9290
4277
9290
6930
9290
4007
9290
6188
9290
4284
9290
4193
9290
4659
9290
1711
9290
3993
9290
3175
9290
3987
9290
4559
9290
1872
9290
2421
9290
2332
9290
1784
9290
1952
9290
1996
9290
6922
9290
9291
9290
1794
9290
9260
9290
4715
9290
4001
9290
2501
9290
2286
9290
2557
9290
5005
9290
3970
9290
2603
9290
2268
9290
2599
9290
2451
9290
3982
9290
1854
9290
2842
9290
8160
9290
4581
9290
4188
9290
3132
9290
2310
9290
2914
9290
6936
9290
2215
9290
4186
9290
2411
9290
2415
9290
1744
9290
6916
9290
2649
9290
3309
9290
5480
9290
3116
9290
2995
9290
4748
9290
4196
9290
6943
9290
2505
9290
5483
9290
3995
9290
2490
9290
2438
5588
8714
5588
8718
4927
3159
4927
5760
6427
1768
6427
1778
1408
3922
1408
3919
1408
3920
1408
8395
1408
5272
6191
3458
7914
581
3790
7477
3790
3645
5698
6959
5698
7694
2094
2084
2094
2077
4448
1510
4448
1535
7493
728
5338
5339
8850
7311
8224
3320
8471
495
8471
494
4817
6959
4817
1509
9495
3051
8998
632
117
116
5642
9476
5642
1292
7824
521
7824
9601
9378
9683
3039
3887
3039
3594
3356
3354
5217
7294
5217
5260
5217
5261
1483
1400
1483
1404
9455
3234
9455
4236
9455
8693
9455
2621
9455
6656
9455
5464
9455
4663
9455
4230
9455
2680
9455
6122
9455
8217
9455
5769
9455
1870
9455
3606
6495
8138
6495
8158
8958
581
2874
2771
5292
3626
4177
1770
4177
6584
4177
3462
6826
8689
6826
1717
5531
9478
5531
2478
2212
2118
9341
9647
9341
3851
9341
8447
9341
9631
9341
5241
5164
8100
5164
8184
9732
3718
9732
3753
9732
7983
7182
7223
7182
8318
7182
2784
2455
2444
2455
2458
1413
3449
1413
7853
1413
9568
1413
8890
5109
8188
5109
1838
732
9313
8540
9716
3437
8368
3437
7261
1919
1906
3777
8966
7226
1623
1812
1819
1812
1805
8099
3087
9306
7451
8713
1500
6782
8707
6782
3072
4764
2350
676
644
676
8580
6012
2153
6012
2216
751
745
751
8357
751
749
751
7756
6723
4439
6723
1430
1030
1018
1343
1345
1343
1303
6167
8247
6167
6126
3756
8929
3756
9675
3756
796
3756
9667
9239
676
9239
7981
2979
2935
5626
9493
5626
5635
9461
8162
9461
8148
9461
8238
9461
6962
9461
924
9461
6896
9461
8119
9461
8153
9461
877
9461
856
9461
3027
9461
8240
9461
3167
9461
8172
9461
3614
9461
8117
9461
8196
9461
8112
9461
8129
9461
994
9461
3262
9461
8186
9461
9504
9461
800
9461
7655
9461
8177
9461
1475
9461
2872
9461
958
9461
4622
9461
6892
9461
8151
9461
824
4303
2519
4303
6562
5552
8101
5552
994
657
656
2934
8371
5767
3317
4156
3563
4156
1550
1625
3612
1625
1622
9501
7764
1967
8310
1967
6900
1967
8307
1967
1950
958
942
5582
8119
5582
1150
7564
1969
9332
3837
9616
3837
9374
3837
8499
3837
9635
3837
8932
3377
3301
3377
3287
5814
5815
6842
7591
6842
1722
2014
2005
2014
6988
798
7793
798
8590
798
773
798
3737
863
865
863
851
736
7972
736
3682
736
3719
4622
2632
8650
2302
7617
1732
8566
650
8566
651
9335
4237
2071
6214
3023
6214
7621
8045
1281
7242
7258
3996
2468
1198
1169
7891
549
7891
6532
7891
8954
399
344
399
181
399
372
8480
8485
2369
7383
2369
6875
3733
9017
1272
5136
3506
5136
8203
3293
3287
3293
3283
8417
9384
6788
2987
6788
3028
7366
9641
7366
9641
7450
523
4862
3234
4862
3269
5924
5435
5924
3608
1135
1113
1135
1134
6362
2685
6362
2652
5424
2938
7188
6976
1717
1610
4318
2508
4318
7135
3520
7714
3520
4513
3520
6979
328
155
328
448
9263
2228
9263
2583
8019
7090
8019
7093
8019
3149
7725
507
7725
2387
1664
7214
1664
1657
1664
9488
5057
9065
5057
2876
2848
2738
3390
3359
3390
3170
5151
1786
5151
1893
2402
5264
2402
5263
5278
3006
8487
7925
8364
1037
3006
3772
3006
9197
3006
8498
3006
8934
3006
3833
3248
3246
3248
3204
9413
2967
8644
7161
8644
9296
2020
1938
2020
2010
4221
5345
4221
4224
2871
7166
7291
3825
5820
5821
3696
1249
5093
7187
5719
4104
5719
4457
3336
3189
8474
9328
3821
8477
3821
8473
3821
9588
3821
9175
3821
1347
8103
2932
3405
3403
3405
3346
3405
5767
6086
8265
6086
1534
7641
3393
6220
5005
6220
2995
9530
8859
2615
1714
3586
7510
3586
9737
2940
2901
3078
3086
3078
4132
4781
2598
4781
5475
7476
565
362
204
362
269
3351
3261
3351
3274
2506
2468
6578
7013
3257
3928
3257
8438
3257
9655
3257
3929
3257
3830
6965
1024
1009
1024
1025
257
258
257
457
7570
1361
7646
2968
5181
8121
5181
3363
4527
6581
4527
5761
7532
1089
6548
7784
99
307
4679
1765
4679
1804
341
203
1059
1045
9660
7427
9660
7959
9660
7472
4706
4707
1898
1675
1763
1752
3467
3075
8118
1593
3384
3376
2649
1600
1670
7054
1670
8872
1670
9566
1670
3960
5963
4705
5963
2049
1746
8317
1746
9491
1746
1704
1746
4154
6326
7666
6326
7664
2727
7167
2727
8775
2727
4149
7131
1605
2163
2147
65
60
65
61
2479
2452
4395
8123
4395
1225
8446
7370
8370
9585
8370
8874
8370
9606
5745
7589
5745
9040
6282
8191
6282
2792
7509
692
5930
4748
5930
4196
693
692
1741
1648
1741
1682
5358
2440
1301
1322
1301
1291
7444
9684
7444
9684
8441
8899
583
582
3514
3636
9405
2867
5858
2038
4033
894
4033
885
5430
1654
3931
3933
4184
8363
4184
9386
4184
3964
4184
5336
6342
2693
6342
4621
7314
6533
2795
2731
2539
2515
8774
6935
6702
8069
6702
8092
1219
1164
9492
2137
3092
7711
3092
7712
3092
3085
3092
4131
9204
7948
3952
3953
3784
2185
7920
685
7920
9287
7920
735
2100
1990
6947
1995
6592
2208
5013
3073
5013
3610
6861
2103
6861
5939
3195
1485
819
9158
819
808
912
897
9043
1301
8381
7809
9447
7058
3309
3143
3560
8415
3560
3456
3560
3509
3560
9341
9411
1495
9411
2584
9411
1493
6060
8231
6060
7658
3973
7007
2662
2658
2662
2609
8868
8878
1681
1741
1681
1644
6128
3413
6128
8750
4061
8192
4061
8172
9436
9443
1107
1073
4147
2665
2955
2900
7267
7811
525
3628
3517
3628
9370
3628
9623
3628
9615
2887
2859
8316
1694
9086
2380
9086
8822
7152
2378
4272
2286
4272
2310
9172
3841
193
192
8534
7465
3805
2395
3421
3323
3421
8041
3332
3184
5170
2165
5170
2127
7581
3972
5008
9470
5008
9413
5246
5214
5246
7918
845
823
845
835
4568
7179
2611
1712
4462
8201
4462
1505
7998
8657
7998
5786
7998
2996
4205
2145
7457
7955
4770
6596
4770
2334
7551
9401
7551
4079
4846
1469
4846
9047
1245
1273
1245
1244
3276
7232
6669
1826
6669
5816
2423
2424
2423
3881
5241
9647
5241
9647
9110
7286
7758
1223
4739
2091
4739
5939
6288
7567
6288
2846
4299
2561
8230
2907
7536
3151
4841
8755
4841
8666
3138
3834
3138
3083
3138
7303
3138
8384
2880
2867
2880
2893
929
7865
929
946
929
928
929
793
3491
6649
8158
2095
6638
8736
6638
8713
9223
3473
7830
9629
7830
9379
7830
9161
7830
7004
7830
8476
7830
8475
229
7846
7476
3795
3747
3795
3748
7770
9121
4998
2912
4998
8261
3184
3183
3184
3140
186
185
2601
2576
869
858
430
340
430
445
430
190
8246
3344
8008
1093
4195
1978
8170
2775
2363
2358
2363
2364
2691
7197
2691
6977
2691
7195
2691
2657
7087
6480
7087
4707
7087
4746
2784
2783
9466
1325
9104
8826
2952
2908
2952
2950
5534
4003
5534
4000
4092
1345
4092
1307
2973
2978
2973
2820
4830
8264
4830
9066
1349
1344
7244
2370
7244
7284
6729
7612
6729
5740
5158
8249
5158
8184
4560
3000
4560
5424
4309
7153
4309
2525
7841
7866
481
12
481
482
6477
2039
6477
2027
5230
9222
5230
7002
5230
706
6892
1359
9072
2629
3272
3253
6561
2194
9186
7000
3887
3884
3887
9293
3887
3803
3887
5486
3887
2450
3887
2503
3887
2382
3887
2552
3887
1817
3887
7031
3887
1899
3887
1934
3887
8752
3887
9474
3887
3882
3887
1785
3887
9279
3887
2009
3887
9264
3887
7061
3887
9270
3887
2031
3887
3998
3887
8116
3887
6985
3887
3994
3887
3996
3887
2539
3887
2601
3887
2412
3887
1858
3887
3990
3887
3883
3887
2521
3887
6949
3887
2341
3887
3804
4628
4629
3955
1612
6844
1849
6844
1866
3147
3141
3147
3102
4758
4759
3061
3008
8241
2623
6647
7622
6647
9037
7327
7048
3568
9714
8013
813
4332
932
4332
956
4421
8090
4421
6915
4920
8068
4920
7577
2805
2803
2805
2801
6068
4290
6068
4283
6712
8134
6712
4299
7080
8162
7080
812
7080
6888
7080
3305
7080
8148
7080
8238
7080
8192
7080
3153
7080
6898
7080
6962
7080
969
7080
8720
7080
8212
7080
924
7080
7052
7080
3055
7080
8175
7080
6896
7080
8119
7080
8153
7080
1150
7080
8125
7080
877
7080
856
7080
3027
7080
8240
7080
3167
7080
2791
7080
8172
7080
7082
7080
3614
7080
2944
7080
8735
7080
8117
7080
8196
7080
8101
7080
7654
7080
6897
7080
8756
7080
936
7080
8112
7080
8129
7080
903
7080
2653
7080
994
7080
3262
7080
8120
7080
8186
7080
9504
7080
800
7080
7655
7080
1502
7080
8177
7080
8733
7080
6893
7080
1475
7080
2872
7080
958
7080
4622
7080
869
7080
6892
7080
8151
7080
824
7080
8681
7080
841
7080
2712
7080
8744
4276
2305
6938
1142
9725
9728
9725
724
2110
8281
2110
7697
6420
1868
6420
1792
3205
8411
3205
3211
3205
3244
3205
5318
902
883
3462
1762
9448
2349
9448
9478
9448
2535
9448
3634
9448
4652
9448
6558
9448
1842
9448
2753
9448
4003
9448
4296
9448
2217
9448
5363
9448
2478
9448
5359
9448
3506
9448
1777
9448
8187
9448
5470
9448
8252
9448
8203
9448
2028
9448
8236
9448
8675
9448
4301
9448
8677
9448
8705
9448
2488
9448
1757
9448
8204
9448
4263
9448
2290
9448
5478
9448
8665
9448
4004
9448
2510
9448
2243
9448
4000
9448
5820
9448
8670
5881
2041
5881
4191
3299
6577
3299
6575
3299
6576
3299
3248
5316
5317
6490
4732
6490
2125
3739
7984
3739
7907
3739
9199
9210
9215
9210
8538
9123
8856
8867
561
8780
9483
1315
1281
1097
1099
1097
1080
91
4491
8656
4491
8641
3880
7204
4138
2742
5381
4046
5381
955
6878
7680
4336
961
4336
970
7140
1147
5370
7125
5370
8648
4696
4697
1908
1903
1908
1651
8745
4741
3871
7369
5446
3615
5446
3969
3221
1454
3221
3210
9503
1033
4586
6997
4586
6192
1445
1437
4405
4372
4405
4078
5118
1749
5118
1862
5870
8220
5870
8163
2821
2921
2821
7328
5946
7575
5946
3561
2714
2669
7499
615
15
703
702
7262
9404
8430
8437
1311
1296
4257
6559
4257
3619
1658
1643
1658
7360
7071
8018
2667
2666
4351
8117
4351
8756
5441
3969
5441
3665
2223
2181
2223
2180
4078
1229
4078
6913
4078
7160
3940
9505
5941
7661
5941
8138
1730
1587
1730
1733
6023
4239
6023
9281
3679
1650
6350
2639
6350
2683
6266
2758
6266
2795
8358
9485
3527
3676
3527
9368
1823
1810
1419
1514
1419
1382
4384
4372
4384
1177
7630
1516
4467
1462
3706
5103
1817
5103
6985
5474
2575
7472
7515
7558
8661
7025
3627
8719
1199
8093
1318
3395
6910
3395
3644
964
962
964
963
1913
7212
1913
1635
6456
9415
6456
1890
5644
8173
5644
8664
9524
8857
9524
8859
9524
7821
1017
985
1017
1019
2496
2465
2496
2498
8181
1908
2931
2933
2931
2841
1489
1468
1489
4094
1489
3551
1489
4093
718
9314
3033
2968
4514
3164
6537
9236
6537
9002
7781
1286
7781
1239
9018
3537
9389
7742
3934
5277
3934
3838
3934
5276
3934
9586
3934
9595
3934
3833
3303
8416
3303
7319
3303
3192
9515
9142
9515
9576
9515
6545
9515
7841
9515
8430
5917
1997
5917
2100
3979
3980
9139
8940
9139
9155
9139
9678
2756
2697
8424
9565
7862
7391
6344
1840
6344
9048
7665
2770
5417
3097
3156
3088
1724
1723
1724
1719
8136
1450
3622
9214
3622
8980
5364
2420
7382
748
7382
8915
5487
2518
1213
1206
4377
5401
4377
5402
2412
2409
2533
2516
7134
2413
2837
2825
6122
3378
8278
6995
8151
1735
5864
1952
5864
4186
2720
2662
8057
3675
8057
6584
8057
3462
2996
2925
813
8636
813
781
7426
521
7426
519
7426
517
3237
3206
9563
1562
5019
3070
5019
3095
8582
696
2429
2419
2429
2427
4293
7061
4293
2601
6521
2648
6521
3704
4733
2111
923
898
8552
8564
1041
1038
1041
1024
4520
3391
8626
4452
8626
6158
8626
2263
8626
4451
8626
6630
8626
5727
8626
4687
8626
8207
8626
6511
8626
4972
8626
5883
8626
5671
8626
6206
8626
5125
8626
4906
8626
6807
8626
6793
8626
6757
8626
4834
8626
4548
8626
5675
8626
4836
8626
5705
8626
4408
8626
6785
8626
6806
8626
5728
8626
4744
8626
5154
8626
6157
8626
6631
8626
4551
8626
6784
8626
4880
8626
5852
8626
5116
8626
4461
8626
5882
8626
6438
8626
6084
8626
4862
8626
6456
8626
4867
8626
4923
8626
5017
3318
3260
3318
3180
3318
7240
3318
8327
1565
1567
1565
1552
5480
2589
2027
2020
7624
3040
4390
1207
3848
9337
4891
8239
4891
3263
808
8913
808
772
5045
5795
5045
2810
5827
5102
5827
4160
470
370
470
167
9635
9649
5566
1027
5566
1049
5650
4082
5650
1313
190
189
9678
6978
4006
4007
4248
2241
4248
4261
1208
1205
1208
1196
1046
1020
6663
6997
6663
3033
6391
8055
6391
7117
970
966
6227
2981
6227
2956
9632
7402
4554
2819
8292
1243
981
967
981
950
1962
1982
1962
1930
167
7166
8295
8217
8296
8217
2881
8217
8272
3655
3593
3655
8715
3655
6392
7250
7815
5762
3145
4824
5709
4824
1535
8997
695
8997
9730
8642
898
9377
7358
672
671
282
259
6766
4536
6766
5778
5471
2574
7817
7834
7388
558
377
89
377
112
1053
1044
1053
3756
6505
7566
6505
7099
6850
7141
6850
1814
6162
3307
6162
7625
4673
9049
4673
1776
5224
9719
8957
9717
8957
3720
8957
9352
9353
9129
9353
8870
2202
2205
2202
2200
2202
7724
6616
9478
6616
2488
3190
3142
3190
3303
7518
3735
3116
3054
5713
8638
5713
4101
7764
8872
7764
7276
7764
9566
7764
8388
2085
7211
2085
2096
5099
1844
5099
1824
9606
7368
420
346
420
343
420
187
8973
8577
8973
788
9393
3562
9393
9567
5540
2451
5540
2438
1802
6950
1802
3530
1802
6396
8109
1731
3448
3876
3448
3875
2790
2736
8844
7836
8164
1828
9641
9180
9641
9164
9641
8930
6002
2154
6002
8097
8531
614
699
9327
6367
8236
6367
8705
6484
4716
6484
9500
8076
1691
3874
3799
3874
5255
3874
7818
3874
5253
3874
3798
589
587
9284
9283
4867
5748
4867
3269
9521
1414
8132
3049
4356
1049
4356
1068
4039
870
4039
887
1769
1758
8338
1131
4914
8640
4914
3329
8698
2902
5969
7616
5969
8073
3177
3125
3177
3182
2643
8821
2643
8370
2643
7744
149
148
8588
699
7927
7455
7927
564
2169
8902
2169
9659
2325
2295
5261
6941
1398
3917
1398
6538
1398
8836
1398
1364
9590
3618
9590
7385
9590
9380
5347
9274
5708
3488
5708
4096
5708
4455
2104
2059
2104
2109
7503
716
7442
9708
7442
2607
6414
1724
7074
3493
5072
2739
5072
2844
2777
2724
2777
8319
2777
6253
2777
9509
4437
1375
2473
2476
2473
2433
4469
1445
4469
8754
13
12
9036
802
9036
3380
9036
1047
9036
3236
9036
8738
9036
2999
9036
1447
9036
8691
9036
8714
9036
8265
9036
1029
9036
1012
9036
8662
9036
5800
9036
854
9036
886
9036
4602
9036
868
9036
8718
9036
3073
9036
6654
9036
8680
9036
5752
9036
906
9036
993
9036
973
9036
8721
9036
8239
9036
932
9036
3263
9036
768
9036
8668
9036
5759
9036
760
9036
1154
9036
1067
9036
2861
9036
956
9036
839
9036
3114
9036
825
9036
3648
9036
7132
9036
8267
9036
6324
9036
8708
9036
2848
9036
1107
9036
8230
9036
1213
9036
923
9036
3155
9036
1534
9036
3604
9036
817
9036
3173
9036
3610
9036
782
1417
1416
1417
3916
159
158
2755
2690
5724
5707
5724
8771
6662
3032
6662
2986
4173
1751
2128
2089
302
256
302
173
2060
3565
2060
3698
9011
722
8717
1197
7666
7673
403
294
403
131
7750
9527
6901
1321
3155
3088
3512
2851
9047
1483
3433
7085
3773
3694
3773
9709
8135
3278
197
9443
9450
3600
7148
3600
4767
3600
6474
3600
6882
3600
4640
3600
7128
3600
3809
3600
9424
3600
4657
3600
4235
3600
6598
3600
6815
3600
5819
3600
7133
3600
4201
3600
5859
3600
6394
3600
2554
3600
4202
3600
5300
3600
7153
3600
4662
3600
2253
3600
7130
3600
2129
3600
5488
3600
2847
3600
2394
3600
7150
3600
5463
3600
7129
3600
5355
3600
5523
3600
7149
3600
4682
3600
7155
3600
1910
3600
7147
3600
6587
3600
7156
3600
2525
3600
7154
3600
6481
3600
2508
3600
5937
3600
5299
3600
7136
3600
2602
3600
6056
3600
2727
3600
7131
3600
5358
3600
6592
3600
7152
3600
3805
3600
5364
3600
7134
3600
4733
3600
4005
3600
2779
3600
550
3600
2012
3600
6415
3600
5302
3600
7135
3600
4668
2592
2587
2592
2591
3984
2493
8794
2624
8664
1232
6100
8763
6100
8174
4813
8201
4813
8732
81
1019
1003
1019
984
634
633
2702
2642
2702
2706
9128
7840
2342
2300
4101
1517
3690
9507
6539
7060
2995
9496
2995
2928
2995
4569
1364
7840
1364
1329
8754
1456
5213
7490
5213
7488
5213
8570
5213
7489
5213
541
1487
7805
1487
1406
1487
8863
7425
7937
7425
7927
4923
3429
4923
6122
5041
2913
5041
2866
368
464
368
465
368
197
368
178
368
285
368
170
2638
1591
2638
5426
8343
9508
8343
9508
8030
1667
4502
3141
7958
645
8625
9278
8625
8247
8625
3580
8625
3130
8625
8678
8625
8235
8625
8674
8625
6655
8625
4749
8625
6685
8625
8707
8625
4567
8625
8232
8625
6125
8625
2912
8625
8684
8625
8210
8625
8706
8625
3338
8625
3072
8625
2692
8625
8261
8625
2615
8625
4205
8625
2790
8625
3115
8625
2414
8625
8213
8625
8263
2288
2194
7497
642
7497
7980
135
6423
1795
6423
4658
178
94
178
469
1566
1567
1566
1552
1650
1649
1650
1634
2669
4146
2669
5328
2669
2610
2669
4147
7798
7328
7863
9369
5208
610
5046
8083
5046
7107
4970
3108
4970
3156
4610
1606
4259
3634
4259
6558
5565
1030
5565
6981
6611
3997
6611
2487
1480
1479
8198
4627
8198
4158
4005
2423
891
9134
891
791
891
890
3529
7043
1045
1043
1045
1035
4808
8175
4808
8153
3111
3049
3677
1693
9227
622
9227
624
2548
2536
2548
3448
7165
8782
7329
7048
1471
1457
3656
5833
5053
2842
5053
4581
1224
1172
1224
8337
1224
7221
1224
7758
7608
1450
4981
3104
4981
3062
2578
7183
2578
7196
2578
2574
2578
3979
6765
3304
6765
9079
8483
5247
6506
7575
6506
7099
824
814
8820
9553
1540
3586
6615
9270
6615
3996
2220
2221
2220
2121
4021
856
4021
841
374
152
374
255
8413
7322
3297
3279
3297
3247
3115
3048
2086
7729
2086
2076
2086
9525
3737
9748
1820
1571
1820
1807
184
183
6020
6021
9729
619
9729
612
1713
1576
1713
1575
1099
3558
1099
1083
7613
2248
8884
8907
867
858
1858
1855
9005
7497
9005
631
8075
1423
3833
7421
3373
3300
9508
2749
7089
1666
9741
9750
4355
8735
4355
8117
1930
7212
1930
3964
4233
2115
653
652
7312
5249
1261
1223
1261
1241
6479
2026
6479
6683
5398
9090
5398
3554
4748
2138
4307
2540
4307
2524
2282
3870
2282
2284
6163
7629
6163
4512
1347
8484
1708
9551
6727
8136
6727
5708
544
1072
1063
1072
1075
2326
2294
6649
3464
6649
5423
6649
7262
1963
2010
1963
1930
914
901
5763
3145
5898
2041
5898
9479
8408
7343
574
572
3149
9473
3889
768
3889
760
6369
8250
6369
1814
7845
6980
3796
3797
2214
2119
1534
1419
697
9334
4037
902
4037
8642
7042
1323
8245
2573
6014
8678
6014
4749
4196
2087
587
1814
1813
1814
7172
1814
4168
998
963
998
984
3721
4869
8227
4869
8107
1230
1194
1230
1226
3179
3707
309
222
309
215
5967
8063
5967
8091
1767
1766
758
8344
758
757
758
8348
758
764
3463
9088
830
829
830
810
5349
2572
4439
1374
2779
2728
3956
3957
2167
7964
9481
4094
9481
3552
9481
4093
7929
7956
7929
8573
7929
9373
1158
9156
1158
1155
2723
2724
2723
2665
550
9013
5788
9013
4579
8219
1296
3253
4466
3253
6573
3253
9391
2806
2803
2806
2801
4902
5752
4902
8239
6402
5824
6402
1830
580
579
7819
518
4275
2319
7912
3775
7912
7945
3206
1412
3206
3209
920
917
920
904
3048
3052
3048
2992
4523
3186
9267
9274
9267
4229
9267
4228
5315
3212
5315
8389
5315
7296
5315
7780
5315
3827
5315
9522
5097
8250
5097
8109
219
301
2362
2358
2362
2364
1381
7060
1381
1368
1924
1908
1316
1249
1316
8045
6988
7238
6988
7243
6988
7268
6988
7026
8107
3229
9417
1528
9417
1520
9417
7138
8681
8818
8681
7158
9568
8898
4335
959
4335
971
640
639
640
8585
4695
1886
8746
3354
6094
8255
6094
9047
8670
2316
5445
6685
5445
8706
1118
1114
1118
3558
3990
2504
2191
7723
2191
2186
2191
8306
2191
8309
2427
2425
2427
2435
3594
4593
3594
5344
3594
2244
3594
2873
3594
2713
3594
3038
3594
6987
3594
2945
3594
2257
3594
2622
3594
2655
3594
2155
3594
2143
3594
2838
3594
2210
3594
4620
3594
2102
3594
7633
3594
2399
3594
1959
3594
1860
3594
2337
3594
1759
3594
3566
3594
2998
3594
2755
3594
2288
3594
2883
3594
3037
3594
3806
3594
2264
4585
2941
4585
2986
1370
1275
1370
5318
5991
2209
5991
7610
414
164
414
273
414
448
1446
1437
4406
8123
4406
1269
5945
4201
5945
4202
3684
6588
3684
3524
3684
1506
3684
2959
3684
4372
3684
4081
3684
2886
3684
7055
3684
1218
3684
2812
3684
1498
3684
1513
3684
4090
3684
4084
3684
1339
3684
1177
3684
1390
3684
2693
3684
3000
3684
3154
3684
5424
3684
4078
3684
5417
3684
2839
3684
4594
3684
3069
1791
4172
1791
1789
5730
8176
5730
5708
5829
7693
5829
4162
2029
6970
571
570
8301
4098
8741
3299
5311
5312
7744
8362
7744
7802
7744
5325
7744
1585
6229
2980
6229
8698
6265
2757
6265
8059
5658
1310
5658
1292
7453
561
2054
7490
2054
5247
1441
1427
1441
5314
4604
2699
2012
2004
3977
3978
4964
8275
4964
3152
6982
3705
2705
3705
2817
5919
4716
5919
1999
5812
2713
5812
2755
1644
1629
1644
7045
5419
3120
7026
7288
7026
7292
7026
7025
4143
2750
7263
3784
2883
2851
3396
3397
3396
3170
6455
8634
6455
1922
1103
8833
1103
1102
1103
3758
1103
7338
6212
7621
6212
7624
1474
1455
5489
2535
5489
8675
8024
2002
9358
7454
9358
7452
9358
583
2839
2826
2495
2465
2495
2498
4379
1211
4379
9400
9475
1262
8978
1616
8978
598
8978
6958
9398
6894
9398
3493
8059
2729
25
473
25
24
5017
6885
5017
3068
3239
3223
3239
3241
6943
1730
4594
2734
2002
1939
2002
2001
2990
2989
2990
2922
3695
3143
8993
6529
8993
3549
5802
2723
3335
3187
8419
9627
9373
8572
9373
9725
4684
4703
4684
5432
6085
1387
6085
4437
3406
3495
3406
4850
7964
8567
7964
5213
1093
1078
8953
8528
6202
4557
6202
3067
1719
1707
1719
9528
2616
1714
3585
1605
488
9751
2162
2147
9357
7469
9357
7518
7475
672
7475
8565
1181
1183
1181
1156
2505
2469
7050
8663
7050
9062
7050
8712
7050
8702
7050
8167
7050
8105
7050
8749
7050
9060
7050
8701
7050
9054
7050
8178
7050
8692
7050
1105
7050
1258
7050
8716
7050
8169
7050
1867
7050
7602
7050
2980
7050
3629
7050
8197
7050
8699
7050
2039
7050
9058
7050
4714
7050
1088
7050
8740
7050
9053
7050
8697
7050
9056
7050
4614
7050
8209
7050
8695
7050
8765
7050
1840
7050
8206
7050
2845
7050
8686
7050
8200
7050
2032
7050
9055
7050
8168
7050
8710
7050
8154
7050
8156
7050
8190
7050
1115
7050
9052
7050
8696
7050
8195
7050
9064
7050
9046
7050
8725
7050
8182
7050
8152
7050
1059
7050
1219
7050
8745
7050
2720
7050
2027
7050
8698
7050
8198
7050
8741
7050
8724
7050
9048
7050
3385
7050
8682
6966
1936
8017
1138
5059
5796
5059
2788
8977
9703
8977
9707
7323
7844
1762
9529
1762
9524
9397
3566
7645
1676
781
769
781
779
8489
709
5962
2044
5962
9248
5024
6193
5024
7642
6473
9303
4705
2020
6104
3232
6104
3199
659
3475
2414
2413
1745
1721
2977
2976
2977
2821
3604
1301
6325
3681
6325
4604
6169
7641
6169
8746
8831
746
1969
9556
1969
1944
6643
4106
6643
1508
631
3483
4396
6898
4396
8153
5670
4090
5670
1339
3883
2377
8445
7895
8445
8472
3143
3162
3143
3101
5746
4479
5746
7580
5769
4125
5769
7194
7619
1119
8658
3176
3379
3357
3839
3772
3839
9365
8311
8812
8311
8817
1430
1424
5741
3215
5741
5736
1358
9582
5301
3803
5301
2382
2367
2419
2367
6536
2484
3879
2484
2500
2484
3880
7083
9041
7083
3981
4239
2106
542
541
444
356
444
453
8730
1121
8825
9574
1864
5833
1013
999
37
36
2796
2731
6720
7638
6720
4391
4819
1429
4819
1508
4912
3345
4912
3350
6533
9617
6533
9359
6533
7878
6533
9645
6412
4653
6412
1700
2122
5342
2122
2109
8842
6873
7902
7921
7902
9716
4721
2046
4721
1988
3196
1439
5219
7789
5219
7290
5219
5218
3037
2973
269
462
269
463
9268
5817
9268
2017
9268
4240
9268
3989
9268
2030
9268
4609
9268
2165
9268
4580
9268
4232
9268
4209
9268
3997
9268
5522
9268
6666
9268
2646
9268
2327
9268
3159
9268
8629
9268
2582
9268
2487
9268
2158
9268
6664
9268
2815
9268
2127
9268
6123
9268
3623
9268
3992
9268
5806
9268
8635
9268
3110
9268
4506
9268
2237
9268
4712
9268
4227
9268
5481
9268
8632
9268
4578
9268
4592
9268
2259
9268
8634
9268
5754
9268
2579
9268
1800
9268
5760
9268
8631
9268
1787
9268
2348
9268
1851
9268
1922
9268
3988
9268
4570
9268
5428
9268
2918
9268
3368
9268
4287
9268
4280
9268
3985
9268
2479
9268
4520
9268
5762
9268
1769
9268
2342
9268
3335
9268
1827
9268
2346
9268
8026
5681
6893
5681
6892
2344
2340
2344
2191
4463
1422
4463
7704
5107
5816
5107
2616
4179
6552
10
9
2956
2903
8097
2118
3779
8530
3779
7451
526
1917
9091
1917
1916
1917
7718
1917
6553
8315
8339
3439
3528
3439
7053
9418
3488
9418
4096
9418
4455
8989
8557
652
3476
9567
7355
9567
7355
7869
7904
7869
9306
2227
2203
3806
2395
2663
2658
2663
2609
2391
2388
2391
8784
770
763
4253
2269
4253
3578
9718
9363
9718
644
9718
9243
5245
9673
5245
1942
846
9125
846
859
846
9630
846
9353
707
9322
3523
1977
1827
1808
4206
6876
4048
934
4048
8642
247
1170
1145
1170
1190
4845
1473
4845
3216
1008
1009
1008
990
1246
1243
1246
1244
352
300
352
171
3275
4110
3275
7232
3275
4109
3275
3274
6027
4252
6027
4241
841
831
4929
8247
4929
8213
8349
506
7535
3387
7535
1479
7535
1016
7535
843
7535
1494
7535
1341
7535
3003
7535
3273
7535
1227
7535
762
7535
1070
7535
3201
7535
997
7535
1431
7535
771
7535
1530
7535
742
7535
980
7535
3227
7535
896
7535
1353
7535
3001
7535
1051
7535
1032
7535
753
7535
3419
7535
1272
7535
3315
7535
1116
7535
3398
7535
1293
7535
3075
7535
1138
7535
857
7535
1168
7535
1186
7535
8668
7535
828
7535
872
7535
968
7535
785
7535
804
7535
1204
7535
3314
7535
1394
7535
1259
7535
3151
7535
3076
7535
3364
7535
915
7535
8624
7535
1089
7535
740
7535
8019
7535
3421
7535
813
7535
3373
7535
1316
7535
1093
7535
1217
7535
938
7535
878
7535
2960
7535
7075
7535
1532
1241
9596
1241
7776
1241
8410
2521
2492
6429
1800
6429
1769
5823
5826
5823
1826
1076
1062
1076
7842
4656
1836
2350
2344
2266
2231
6915
1342
9551
7022
1941
1915
1941
1895
9711
7491
9507
2084
2023
1938
2023
2010
6223
4571
6223
7662
285
103
285
307
5075
2789
5075
2810
6667
2637
1132
1128
1132
1127
7459
7488
4737
2091
4737
2159
7302
7328
5408
8647
5408
1308
1870
1829
4115
4116
1946
7049
1946
7277
1946
5338
1946
7219
7742
1304
6714
2581
6714
4298
127
126
4297
2560
3021
3020
3021
2963
1698
8316
1338
1317
214
213
5908
9264
5908
2031
8890
9375
8398
5215
8398
9597
8398
7297
1588
1563
1588
4156
927
7399
927
7883
4373
8145
4373
8147
2537
2536
2537
2522
2833
2829
2833
3701
7688
2906
7688
2808
5483
2592
1217
1199
1217
8051
7981
7510
1292
1245
7598
1001
3233
3602
3233
7157
3233
4111
8053
880
3355
7753
3355
7036
3355
3352
3355
8323
817
807
6496
3649
6496
2126
6949
7043
1642
1625
1642
1644
324
60
324
62
6825
2682
6825
2721
8906
7393
8814
1019
764
9179
764
8834
764
7413
2456
2436
2456
2455
3307
3144
3748
3868
3748
534
3748
7357
5913
1996
5913
4715
7225
9405
7269
7322
7269
7822
7269
9741
2889
2859
1531
1530
4149
8794
8941
7502
8941
709
8941
8497
1164
1139
1164
1162
5413
8738
5413
8721
675
7977
675
667
675
661
675
671
1109
1090
1109
1113
3173
3119
2647
1593
3755
8973
7044
6950
5625
6895
5625
8685
318
141
318
139
318
330
4958
3130
4958
3115
1582
1561
1582
1584
3469
2561
9092
2561
7033
2561
2559
2561
8802
5030
2957
5030
4566
2773
2776
2773
2707
4433
8206
4433
8200
4512
9304
4512
9484
2477
7229
2477
2474
2477
7754
5343
7831
4155
5330
4155
3461
4155
1708
7507
501
7507
704
7507
715
7507
727
1626
9122
1626
3855
1626
1619
2729
8330
2729
9414
2729
2674
8041
4524
8041
7173
8041
4501
1552
7300
1552
9634
1552
7327
1552
1551
7923
593
8935
7447
8935
9357
6363
6815
6363
2727
6691
5455
6691
2238
7808
7333
5198
6414
5198
8769
2984
2931
735
734
8769
1728
4600
2636
8565
667
8932
8495
8932
5231
6601
4290
6601
5348
7970
9722
7970
9004
7970
681
7970
3768
8208
1418
8046
7614
8046
913
8046
7620
8046
2780
8046
1212
8046
7562
8046
801
8046
1201
8046
8077
8046
1106
8046
761
8046
3113
8046
888
8046
838
8046
1011
8046
864
8046
1220
8046
818
8046
1236
8046
7589
8046
9039
8046
905
8046
783
8046
7574
8046
1065
8046
7576
8046
972
8046
8640
8046
957
8046
7599
8046
7606
8046
9040
8046
7579
8046
7573
8046
8654
8046
3329
8046
7585
8046
8062
8046
1210
8046
7560
8046
3570
8046
7586
8046
7568
8046
1112
8046
1289
8046
1028
8046
8067
8046
2766
8046
935
8046
995
8046
755
8046
7590
8046
7626
8046
9038
8046
9324
8046
7570
8046
9043
8046
1311
8046
1046
8046
8075
8046
770
8046
3307
8046
1151
8046
850
8046
826
8046
7625
3995
2452
4863
8108
4863
8107
4798
7652
4798
7144
4690
1936
3101
3084
3101
3042
9228
8569
5135
1794
5135
1854
8760
1146
1424
1383
1424
1421
208
207
7365
7372
5717
8679
5717
1469
6
1136
1119
8800
8810
8724
3047
398
230
398
339
9545
3855
2490
2483
6911
9580
6911
6912
3502
3727
9048
1606
862
851
862
861
1881
3783
1881
1877
1881
8442
7726
4126
3610
2965
3259
3238
3259
3258
9723
9008
9723
695
9723
7506
9723
7975
9723
724
9723
9732
9723
7503
9723
9733
8213
3137
6110
3267
6110
3233
2420
2417
2420
2367
2712
2659
9127
9343
8863
9521
8863
9521
4677
3590
4677
1763
7682
8806
9727
7506
9727
9731
5664
8690
5664
8758
7813
8880
7813
3853
4111
7701
1057
1043
1057
1053
2068
7838
3005
5281
3005
3938
3005
7274
4529
9340
4529
5417
1151
1117
1278
1369
1278
8389
1278
7780
1278
3826
2270
2202
120
3511
7995
3897
825
3897
817
2346
2191
6629
1288
6629
1271
9187
8982
9187
9204
6902
9093
938
8052
938
901
1080
8819
1080
5309
1080
1076
1080
7765
3129
3090
9665
7403
9665
8939
4660
1689
4660
5199
6661
2985
6661
7646
58
57
4728
2053
4728
2000
1327
1305
1327
1328
256
465
256
80
524
6747
8773
6747
5763
6308
2813
6308
2796
2954
2900
4185
1900
4102
1521
2341
2300
9467
1326
2794
2731
7097
2395
1950
8414
1950
1885
1950
9575
2701
2642
2701
3949
7315
2351
7315
9145
1866
1857
3785
3787
295
359
295
369
2591
2577
2591
2313
3194
5318
4988
9050
4988
8132
1087
1055
9438
3541
3639
8992
79
77
8866
7836
9088
1627
6139
3380
6139
5759
2907
2910
2907
2808
6313
4599
6313
2682
4501
4502
6500
9500
6500
4730
3289
8320
3289
3377
3289
4115
3289
8329
6869
5005
6869
2914
5042
6655
5042
8261
3668
2089
161
160
3804
2396
8535
694
8535
8984
8535
7498
8535
8987
3112
3050
892
908
892
792
892
7359
892
891
2460
7749
2460
2459
2460
8804
844
823
844
835
8822
551
6612
5353
6612
2506
9281
2131
4204
4722
4204
3501
2528
2530
2528
2362
7349
522
4069
1137
4069
1124
1244
1226
1244
1242
142
141
142
138
603
9235
3549
9006
1025
1010
1025
1026
2567
2320
2567
7193
2567
3977
2567
8315
1558
9641
4982
3055
4982
8129
6964
8546
6964
8547
6964
623
8809
9512
1630
9140
1630
5288
1630
6541
1630
8421
1630
9621
1472
1456
9179
715
9179
756
9179
714
3579
2840
5026
2945
5026
2998
463
188
7419
3527
5263
5223
5263
2405
5263
2401
5263
7244
6079
2586
6079
2549
9275
9556
8645
9344
4596
2778
7489
576
6443
4666
6443
3650
3404
3403
4943
7132
4943
3334
4686
1756
4686
5430
8475
9654
2614
1714
8924
9618
4022
853
4022
842
8323
7034
8050
1058
7017
7016
7966
728
2859
2762
2859
2870
1499
1467
1499
3551
1499
4093
7445
585
2486
5354
3515
5295
618
8562
8903
8926
1140
1139
1140
1126
878
863
3385
3358
6106
3196
6106
3233
2416
2415
8083
2770
3606
2267
7730
1193
8619
8757
8619
9503
5453
2228
5453
2240
1071
1063
1071
1074
7658
2305
64
63
64
60
1262
1234
1262
1261
2281
2283
2281
3872
5744
9055
5744
8154
7311
512
4394
5634
4394
7594
2148
1968
2148
2079
5815
1729
221
258
8507
7443
8507
7940
3722
7041
7042
6923
2046
6923
4252
6923
7627
6923
5484
6923
1988
6923
3703
6923
7104
6923
7612
6923
1830
6923
4623
6923
5740
6923
2092
6923
9419
6923
7123
6923
3026
6923
9464
6923
7127
6923
4241
6923
9463
6923
7581
6923
5474
6923
8057
6923
4297
6923
4690
2015
1981
2986
2936
8044
1001
6215
6189
6215
3062
2620
7201
2620
1710
5497
2538
5497
3984
3410
7552
6970
6969
6970
3967
6970
5340
6970
1945
7046
8487
7046
3439
7046
3573
7208
5259
4123
3166
2178
3445
9149
1643
2935
7761
2935
2933
2935
2934
2935
9405
6808
4587
6808
2719
1778
1655
5978
4223
5978
4226
7565
1927
1624
7298
1624
3612
1624
7851
1624
8408
1665
1661
1665
1639
7724
3515
6249
2836
6249
4577
6401
5824
6401
3655
9645
7490
9645
5246
9645
542
7911
7913
7911
8506
7911
6525
311
189
311
445
8365
4140
4901
3383
4901
3370
5750
3278
5666
9061
5666
1312
3063
3004
4400
9080
4400
6568
5849
7020
5849
7650
2049
3693
6563
8056
6563
5360
8915
6953
383
105
383
345
6813
2722
6813
2751
8682
1320
9737
9744
260
476
260
37
1426
1383
1426
1421
5925
5435
5925
9249
4633
4634
2361
2358
2361
2356
7213
6982
9733
3757
9733
9007
9733
688
1382
1351
1382
3916
8726
596
8726
9071
1134
7433
1134
8515
1134
9192
1134
8956
5425
2763
116
2447
2430
4283
2302
173
170
2800
8403
2800
2824
1944
7049
1944
8409
1944
7773
6716
5486
6716
7031
9308
9006
9308
9740
1792
6680
1792
7205
1792
4182
8459
7412
8459
7415
5992
2211
5992
4239
5613
8717
5613
8760
8921
9183
8921
8957
3200
5770
3200
7105
3200
4252
3200
5824
3200
5484
3200
1988
3200
3703
3200
1701
3200
6682
3200
7104
3200
2518
3200
4623
3200
6596
3200
2334
3200
5740
3200
2520
3200
2092
3200
6560
3200
2864
3200
7123
3200
2618
3200
3613
3200
4535
3200
2550
3200
2580
3200
4666
3200
2571
3200
2915
3200
2207
3200
9464
3200
7114
3200
7127
3200
3650
3200
7605
3200
4241
3200
2716
3200
2308
3200
9463
3200
7564
3200
7581
3200
5474
3200
8057
3200
3655
3200
2214
3200
4297
3200
4690
2192
7723
2192
2186
2192
8306
2192
8309
9607
8482
9607
7395
9607
9362
9607
8467
5089
1716
5089
1861
8834
9318
2095
2084
2095
2077
9651
8502
9651
7461
9651
8951
2317
2318
2317
2307
7915
9640
1503
7703
1503
7181
1503
9481
1442
1427
1442
5314
6055
2569
4654
1719
9376
8897
9376
9169
9376
8901
1074
1061
1074
8833
1074
3758
1074
7338
5312
5271
5312
9110
5312
8844
5312
5269
3555
7734
8956
679
8956
9213
8956
3639
3028
2964
2264
2231
7398
8944
7398
545
7398
3779
7398
7459
4543
8654
4543
7626
530
8742
3291
2960
2911
9747
3435
8302
3286
572
570
8996
643
4573
2862
6211
3026
6211
3071
850
836
2454
2433
2454
2432
7053
3504
7053
3503
7053
3502
1388
4088
1388
3465
1388
1354
766
759
766
765
5329
1560
5329
7790
5329
7795
5329
9592
5165
9273
5165
9249
8598
1956
8598
976
8598
979
7949
1616
2743
9298
2743
2705
2743
9642
2743
3540
3810
7148
3810
3809
5811
4589
5811
9469
8688
2225
1250
3818
1250
1237
32
31
32
478
4765
2327
4765
2346
1166
1162
1166
1183
5608
8730
5608
8760
6981
1033
3968
5291
3968
5338
2011
2004
4210
9280
8269
4694
8269
4694
1838
1731
8225
3248
599
7512
6038
2349
6038
4263
3853
3854
9714
3661
689
9335
9709
8561
9709
2920
9709
7958
1518
1514
1518
7805
1518
9521
1518
8863
7825
7346
7825
9173
7825
9163
7825
9651
2238
2190
2875
2771
6494
2142
6494
2126
6201
3031
6201
3061
8855
3904
8608
1766
8608
895
8608
884
6449
7150
6449
1910
7483
610
2084
7211
2084
2096
7765
1053
5688
3651
5688
1350
3800
3801
5801
2638
8895
8503
4949
3418
4949
8121
5598
7654
5598
8112
8165
1424
8329
3249
2001
3858
2001
8356
2001
1941
4200
2050
4200
2047
3543
3544
3543
3545
1847
1837
1847
9524
5961
2044
5961
8098
4028
855
4028
867
609
7468
4555
4556
1226
8853
1226
3908
1226
1237
8791
3177
4825
8713
4825
1534
3654
3972
9739
9743
1761
1754
782
769
6047
2331
6047
4282
3573
3439
3573
3439
2247
2220
452
202
452
362
6073
6598
6073
2602
9746
7994
5225
5202
5225
9644
5225
7896
5225
795
5269
8427
5269
8865
5269
1256
5269
8419
826
814
3960
3962
2161
2147
7413
714
7413
747
6504
2129
6504
4733
9672
8517
9672
545
9672
9306
1182
1156
1182
1132
4915
8125
4915
3614
9351
9441
9351
8633
9351
3487
9351
1446
2810
2765
9307
7076
8089
2377
9731
737
9731
6953
9731
6960
9731
9360
546
545
632
3481
3210
7752
3210
3226
3210
1370
916
917
916
899
2968
2919
2968
2966
2324
4264
5459
2269
5459
7613
8613
1088
8613
1059
8613
8745
7075
8031
7075
7165
576
9608
5203
9608
5230
2105
2062
2105
2061
6415
1724
2853
2761
2853
3621
541
427
340
427
196
427
463
1493
1490
8840
8401
5302
2398
2378
2373
2378
2402
5742
3215
5742
4467
6485
9494
6485
4717
7408
8950
7408
7445
8312
8811
3875
2523
3875
2543
1320
1284
1320
9540
1320
9389
3986
2514
636
635
4722
7169
7135
2489
2121
2057
2121
2058
8666
3206
7717
1408
6411
7020
6411
8179
5365
2421
5365
2411
7901
7930
7901
8511
1188
1181
1188
1182
8750
3342
4911
3350
4911
5767
4410
6908
4410
6571
5865
4188
5865
4186
9345
4576
9345
7073
9345
8207
9345
7142
9345
4177
1450
1427
1450
1433
1366
1348
1366
7760
788
8985
651
649
6623
5364
6623
4005
3935
3835
9249
3556
8425
9604
5726
8687
5726
1472
3123
3100
3123
5322
376
168
376
353
9703
9713
9703
628
9703
625
557
556
166
272
123
284
2438
2422
1725
1729
1725
9528
9707
8995
9707
628
9707
7968
9707
8558
7664
2660
5682
1386
5682
1349
6345
4609
6345
2646
6958
605
6958
601
6958
7487
6958
8993
8901
8921
8497
9325
7625
3188
9029
4234
9029
1923
9029
1958
9029
7121
9029
1765
9029
3399
9029
6665
9029
2323
9029
3337
9029
2725
9029
2242
9029
2226
9029
7027
9029
3065
9029
1282
9029
2103
9029
3215
9029
2091
9029
4612
9029
1876
9029
5736
9029
4104
9029
4533
9029
1387
9029
4265
9029
1779
9029
6997
9029
4505
9029
5777
9029
5081
9029
1333
9029
7618
9029
4281
9029
1897
9029
1804
9029
2328
9029
5939
9029
7102
9029
6652
9029
4893
9029
4457
9029
5803
9029
2159
9029
5831
9029
4487
9029
2687
9029
4642
9029
5706
9029
5739
9029
6192
9029
4516
9029
4237
9029
2887
9029
6561
9029
1315
9029
4467
9029
3033
9029
4437
9029
2029
9029
4705
9029
1745
9029
3129
9029
9467
9029
2049
9029
4573
9029
2258
1564
9585
1564
8874
1564
3582
271
371
271
100
5044
2917
5044
7107
8861
7016
7030
3586
2392
8657
5507
2549
5507
2541
4063
1097
3400
9445
3400
9295
7343
7864
3633
691
7198
9574
7198
7242
6319
6999
6319
6667
2522
2360
2522
2513
6133
8753
6133
8728
1242
1240
1242
3819
1242
1237
1242
8410
6798
2865
6798
2875
6863
4714
6863
8765
3283
3256
3283
3238
1617
3652
1617
3676
1617
9368
1617
5209
9016
3398
8785
8341
8785
504
842
831
345
357
345
355
1509
1376
4549
5421
4549
5780
1131
9156
1131
1127
6678
9488
7746
2523
7746
2544
1942
5211
1942
9358
7670
8305
4579
2849
9079
3121
2056
3574
2056
3575
2056
3863
2056
7039
467
206
467
270
6096
7612
6096
9463
8802
8807
8744
1484
3596
3597
5619
4077
5619
4076
8453
8916
8762
3292
1444
1435
3022
7778
3022
3945
292
373
292
82
7741
1628
187
186
2137
2135
2137
2122
5083
2717
5083
2741
3686
1976
2715
2669
8971
9219
7301
7326
7301
7326
4404
4175
4404
6886
4404
5404
8930
9180
8930
9180
1641
1625
1641
1644
593
591
8263
1906
8026
2592
3859
2060
458
140
458
138
1291
1285
1291
1273
7982
7984
7982
8582
683
3511
4515
3164
4966
3159
4966
3110
5050
2888
5050
2916
5323
9152
5323
9152
7059
7591
7059
8068
7059
3268
7059
7592
7059
2757
7059
8090
7059
7122
7059
9045
7059
7561
7059
3640
7059
1782
7059
7611
7059
3699
7059
8055
7059
7569
7059
1214
7059
7623
7059
1760
7059
7607
7059
7559
7059
1082
7059
4479
7059
7119
7059
8066
7059
7117
7059
987
7059
2917
7059
3023
7059
7571
7059
7580
7059
8653
7059
3361
7059
7593
7059
7603
7059
5634
7059
7115
7059
1793
7059
7594
7059
7101
7059
1722
7059
7622
7059
7120
7059
7595
7059
8655
7059
3642
7059
7577
7059
7621
7059
8087
7059
8074
7059
7057
7059
7582
7059
9037
7059
7103
7059
9303
7059
7118
7059
3696
7059
7087
7059
7624
7059
7608
7059
9417
7059
8059
7059
7619
7059
6915
7059
7598
7059
8083
7059
7565
7059
7107
4606
1607
1646
1627
1646
1626
5475
2575
2749
4142
2749
9538
1570
7330
1570
1560
1570
7301
1532
7549
1532
1523
7943
1541
7943
7499
7943
618
4385
1216
4385
1177
3394
7076
3394
7080
965
962
965
944
2627
5326
2627
3950
2627
1585
2627
5327
1888
1674
7024
1925
5645
8662
5645
8708
1476
1462
9575
1951
3660
2825
7245
8848
7245
8386
7245
7267
8042
3137
1551
7023
1551
3582
9437
3567
4129
2991
9087
7236
2468
2453
2468
2471
2897
2904
2897
2805
1457
1372
1457
1461
4511
3422
3954
3955
1581
1561
1581
1583
6845
5832
6845
4655
6510
2945
6510
2838
2562
3980
2562
7183
2562
7032
2562
8795
2562
8802
394
192
394
348
9446
5764
9446
3651
9446
8647
9446
8638
9446
6644
9446
6650
9446
4064
9446
2860
9446
5401
9446
8649
9446
2811
9446
1081
9446
4905
9446
8659
9446
8652
9446
784
9446
837
9446
934
9446
3901
9446
3499
9446
889
9446
3127
9446
8641
9446
8646
9446
4101
9446
8658
9446
1503
3728
2090
2088
3794
3795
3794
3795
3102
3084
3102
3042
1536
3641
2216
2120
6929
3122
9581
3562
3185
3183
3185
3140
6602
7110
6602
7588
6016
2152
6016
8257
4194
2034
5535
2450
5535
3998
6692
4265
6692
2328
1816
1743
2785
2729
9033
3253
861
860
861
852
3501
1965
1882
3782
1882
3698
1882
8442
1882
8441
3907
3908
9188
588
6912
7879
6912
9163
6819
5805
6819
4600
170
90
170
470
4639
8151
8892
8933
8892
9182
8892
9622
8892
8481
8892
8493
947
926
947
929
1314
1281
263
20
263
336
1926
4184
1926
1913
7219
5339
517
380
464
380
198
380
347
6738
4508
6738
5757
4289
2315
417
255
417
153
417
205
6298
7667
6298
7666
2258
2249
1267
1265
1267
1235
6243
2860
6243
3512
7988
730
1152
1117
4112
9547
4112
8416
4112
3553
4112
7829
4112
9539
4112
6578
2077
2075
2077
9571
7681
7715
7681
2710
7681
2667
9468
2097
9468
4144
9468
4290
9468
2799
9468
9265
9468
2726
9468
2551
9468
5473
9468
3678
9468
7040
9468
1452
9468
3649
9468
8734
9468
2600
9468
3029
9468
2335
9468
2289
9468
4953
9468
5348
9468
9254
9468
2142
9468
2126
9468
2240
9468
2982
9468
2218
9468
2256
9468
4613
9468
7006
9468
3131
9468
6683
9468
2597
9468
1987
9468
5509
9468
6191
9468
2533
9468
2889
9468
2270
9468
4283
9468
4654
9468
4606
7107
2853
2804
2894
2804
9385
2711
7715
2711
2666
2711
2710
8965
611
8965
8531
8965
7943
4668
1909
5843
1845
5843
1780
3069
3009
2330
2297
2330
3447
3204
9390
3204
8407
3204
8846
3204
3205
6569
1230
2043
1916
2043
1974
