file,#nodes,#edges,#inputs,#outputs,#XOR,#AND,#OR,avg_degree,is_connected
automated_gscl45nm_cookbook_final_fec_rot_7.gml,124,120,32,32,18,0,28,1.94,False
automated_gscl45nm_a-z80_latest_final_alu_cor.gml,69,114,12,6,1,16,17,3.3,True
automated_gscl45nm_two_dimensional_fast_hartley_transform_latest_final_signed_mult_const_fpga.gml,268,516,11,9,39,77,104,3.85,True
automated_gscl45nm_ca_prng_latest_final_ca_prng.gml,1000,1862,45,32,0,361,250,3.72,True
automated_gscl45nm_edge_latest_final_adder.gml,370,554,65,33,54,104,94,2.99,True
automated_gscl45nm_cookbook_final_sboxes.gml,1297,2431,48,32,0,567,553,3.75,False
automated_gscl45nm_cookbook_final_asc_to_7seg.gml,207,399,8,7,1,100,68,3.86,True
automated_gscl45nm_openmsp430_latest_final_omsp_frontend.gml,1586,2918,59,184,30,374,258,3.68,True
automated_gscl45nm_mem_ctrl_latest_final_mc_timing.gml,3240,6890,72,32,10,1079,1078,4.25,True
automated_gscl45nm_rs_encoder_decoder_latest_final_GF8Mult175.gml,46,60,8,8,10,0,22,2.61,True
automated_gscl45nm_rs_encoder_decoder_latest_final_GF8Mult161.gml,45,58,8,8,13,0,21,2.58,True
automated_gscl45nm_aes-master_final_aes_sbox.gml,3869,7735,32,32,0,1404,2004,4.0,False
automated_gscl45nm_systemcaes_latest_final_wb_aes_controller.gml,2806,4928,174,291,0,232,231,3.51,True
automated_gscl45nm_rs_encoder_decoder_latest_final_GF8Mult149.gml,41,49,8,8,5,0,16,2.39,True
automated_gscl45nm_orsoc_graphics_accelerator_final_gfx_transform.gml,60097,119959,486,241,10934,19772,28619,3.99,True
automated_gscl45nm_Lightweight-Threshold-Implementations-master_final_simon2shar.gml,6158,11972,5,130,223,1616,2388,3.89,True
automated_gscl45nm_turbo8051_latest_final_oc8051_uart.gml,627,1235,27,26,3,156,154,3.94,True
automated_gscl45nm_viterb_encoder_and_decoder_final_mem_disp.gml,6269,12671,13,1,0,1427,331,4.04,True
automated_gscl45nm_cookbook_final_fec_rot_27.gml,220,312,32,32,46,0,124,2.84,True
automated_gscl45nm_ecg_latest_final_f3_sub1.gml,9,9,2,2,0,1,1,2.0,True
automated_gscl45nm_mriscvcore_final_UTILITY.gml,2904,5962,145,66,86,813,586,4.11,True
automated_gscl45nm_rs_encoder_decoder_latest_final_GF8Add.gml,40,32,16,8,8,0,8,1.6,False
automated_gscl45nm_ecg_latest_final_func10.gml,35558,65806,390,389,0,12327,7789,3.7,True
automated_gscl45nm_m32632_latest_final_ADDR_UNIT.gml,2686,5114,200,81,143,843,583,3.81,True
automated_gscl45nm_ecg_latest_final_f3_add.gml,25,37,4,2,0,7,5,2.96,True
automated_gscl45nm_m32632_latest_final_DFPU_MUL.gml,659,914,136,70,16,59,84,2.77,True
automated_gscl45nm_iscas_final_c7552.gml,1533,2550,207,108,154,319,490,3.33,False
automated_gscl45nm_cookbook_final_ycbcr_to_rg.gml,1348,2605,25,24,204,320,521,3.86,True
automated_gscl45nm_viterb_encoder_and_decoder_final_ACS.gml,160,264,22,10,18,59,52,3.3,True
automated_gscl45nm_openmsp430_latest_final_omsp_dbg_hwbrk.gml,496,890,63,18,23,105,110,3.59,True
automated_gscl45nm_cookbook_final_key_init_perm.gml,168,112,56,56,0,0,0,1.33,False
automated_gscl45nm_8bit_vedic_multiplier_latest_final_vedic8x8.gml,611,1047,16,16,224,258,305,3.43,True
automated_gscl45nm_m32632_latest_final_BCDADDER.gml,103,176,10,5,19,27,44,3.42,True
automated_gscl45nm_turbo8051_latest_final_oc8051_cy_select.gml,10,10,4,1,0,2,2,2.0,True
automated_gscl45nm_rs_encoder_decoder_latest_final_GF8Mult203.gml,38,44,8,8,7,0,14,2.32,True
automated_gscl45nm_iscas_final_TX.gml,3,2,1,1,0,0,0,1.33,True
automated_gscl45nm_rs_encoder_decoder_latest_final_GF8Mult49.gml,35,37,8,8,6,0,10,2.11,True
automated_gscl45nm_RSA-Verilog-master_final_mon_prod_s.gml,48445,95960,1550,1555,2205,17409,9003,3.96,True
automated_gscl45nm_rs_encoder_decoder_latest_final_GF8Mult217.gml,40,47,8,8,7,0,15,2.35,True
automated_gscl45nm_rs_encoder_decoder_latest_final_GF8Mult75.gml,43,53,8,8,10,0,18,2.47,True
automated_gscl45nm_rs_encoder_decoder_latest_final_GF8Mult61.gml,43,54,8,8,10,0,19,2.51,True
automated_gscl45nm_jt51_latest_final_jt51_mmr.gml,9168,18666,13,135,8,1256,1245,4.07,True
automated_gscl45nm_cookbook_final_gf_mult_by_1d.gml,42,51,8,8,7,0,17,2.43,True
automated_gscl45nm_mem_ctrl_latest_final_mc_rd_fifo.gml,949,1797,41,36,0,305,113,3.79,True
automated_gscl45nm_m32632_latest_final_RD_ALIGNER.gml,974,1799,42,33,0,269,337,3.69,True
automated_gscl45nm_cookbook_final_gf_mult_by_f1.gml,45,57,8,8,9,0,20,2.53,True
automated_gscl45nm_rs_decoder_31_19_6_latest_final_gfadder.gml,25,20,10,5,5,0,5,1.6,False
automated_gscl45nm_openmsp430_latest_final_omsp_dbg_uart.gml,536,1041,25,25,24,113,107,3.88,True
automated_gscl45nm_ecg_latest_final_f3m_mult.gml,13620,23963,390,195,0,5217,3517,3.52,True
automated_gscl45nm_edge_latest_final_mux2.gml,236,267,65,32,0,32,64,2.26,True
automated_gscl45nm_cookbook_final_gf_mult_by_12.gml,40,48,8,8,6,0,16,2.4,True
automated_gscl45nm_cookbook_final_gf_mult_by_d9.gml,39,45,8,8,6,0,14,2.31,True
automated_gscl45nm_iscas_final_BU.gml,3,2,1,1,0,0,0,1.33,True
automated_gscl45nm_cookbook_final_crc16_dat24_flat.gml,223,332,40,16,65,0,149,2.98,True
automated_gscl45nm_systemcaes_latest_final_subbytes.gml,1562,2769,140,138,2,404,216,3.55,True
automated_gscl45nm_cookbook_final_gf_mult_by_06.gml,35,38,8,8,4,0,11,2.17,True
automated_gscl45nm_chacha-master_final_chacha_qr.gml,1493,2448,128,128,228,369,570,3.28,True
automated_gscl45nm_sha3_latest_final_padder.gml,4103,6672,39,578,0,757,163,3.25,True
automated_gscl45nm_iscas_final_s382.gml,230,395,4,6,0,50,72,3.43,True
automated_gscl45nm_cookbook_final_initial_permut.gml,192,128,64,64,0,0,0,1.33,False
automated_gscl45nm_m32632_latest_final_SIGNMUL.gml,7522,14789,64,64,1405,2378,3853,3.93,True
automated_gscl45nm_cavlc_latest_final_cavlc_read_run_befores.gml,2120,4059,168,152,14,658,257,3.83,True
automated_gscl45nm_turbo8051_latest_final_oc8051_tc2.gml,557,1072,24,44,8,124,124,3.85,True
automated_gscl45nm_m32632_latest_final_DIVI_PREP.gml,382,630,36,39,39,51,156,3.3,True
automated_gscl45nm_cookbook_final_gf_mult_by_4.gml,41,50,8,8,8,0,17,2.44,True
automated_gscl45nm_turbo8051_latest_final_g_tx_fsm.gml,605,1109,51,35,16,180,106,3.67,True
automated_gscl45nm_cookbook_final_gf_mult_by_5.gml,43,54,8,8,4,0,19,2.51,True
automated_gscl45nm_8bit_vedic_multiplier_latest_final_vedic4x4.gml,127,203,8,8,40,50,53,3.2,True
automated_gscl45nm_cookbook_final_gf_mult_by_ff.gml,46,57,8,8,11,0,19,2.48,True
automated_gscl45nm_cookbook_final_gf_mult_by_07.gml,40,48,8,8,5,0,16,2.4,True
automated_gscl45nm_cookbook_final_gf_mult_by_13.gml,41,50,8,8,7,0,17,2.44,True
automated_gscl45nm_cookbook_final_gf_mult_by_d8.gml,36,39,8,8,4,0,11,2.17,True
automated_gscl45nm_cookbook_final_gf_mult_by_f0.gml,47,62,8,8,4,0,23,2.64,True
automated_gscl45nm_cookbook_final_gf_mult_by_0a.gml,36,40,8,8,8,0,12,2.22,True
automated_gscl45nm_csa_latest_final_usb_cnt.gml,91198,173550,192,64,8024,50306,32238,3.81,True
automated_gscl45nm_orsoc_graphics_accelerator_final_gfx_renderer.gml,3346,6389,163,68,368,1187,1356,3.82,True
automated_gscl45nm_iscas_final_Circuit74L85.gml,53,75,11,3,0,15,16,2.83,True
automated_gscl45nm_minirisc_latest_final_xilinx_mux8_1.gml,2,1,0,1,0,0,0,1.0,True
automated_gscl45nm_rs_encoder_decoder_latest_final_GF8Mult60.gml,44,55,8,8,11,0,19,2.5,True
automated_gscl45nm_fpu_latest_final_pre_norm_fmul.gml,563,838,68,64,32,114,152,2.98,True
automated_gscl45nm_rs_encoder_decoder_latest_final_GF8Mult74.gml,44,55,8,8,8,0,19,2.5,True
automated_gscl45nm_m32632_latest_final_ex_copro.gml,412,538,67,65,0,64,64,2.61,True
automated_gscl45nm_rs_encoder_decoder_latest_final_GF8Mult216.gml,42,51,8,8,8,0,17,2.43,True
automated_gscl45nm_rs_encoder_decoder_latest_final_GF8Mult202.gml,41,48,8,8,7,0,15,2.34,True
automated_gscl45nm_rs_encoder_decoder_latest_final_GF8Mult48.gml,35,37,8,8,6,0,10,2.11,True
automated_gscl45nm_rs_encoder_decoder_latest_final_RS8ErrLocPoly8t.gml,6776,11818,20,218,807,1744,2089,3.49,True
automated_gscl45nm_mriscvcore_final_ALU_add.gml,459,732,66,33,20,117,113,3.19,True
automated_gscl45nm_ft816float_latest_final_fpSqrt.gml,16427,33766,132,243,407,5416,2358,4.11,False
automated_gscl45nm_a-z80_latest_final_address_mux.gml,118,133,33,16,0,16,32,2.25,True
automated_gscl45nm_aes_core_latest_final_aes_sbox.gml,955,1920,8,8,0,337,500,4.02,True
automated_gscl45nm_xge_mac_latest_final_meta_sy.gml,7,8,3,1,0,0,0,2.29,True
automated_gscl45nm_xge_mac_latest_final_tx_data_fifo.gml,24611,51937,78,76,47,4531,2279,4.22,True
automated_gscl45nm_turbo8051_latest_final_oc8051_b_register.gml,175,301,21,8,0,74,41,3.44,True
automated_gscl45nm_aes_highthroughput_lowarea_latest_final_shift_rows.gml,384,256,128,128,0,0,0,1.33,False
automated_gscl45nm_iscas_final_s1488.gml,972,1703,9,19,0,494,240,3.5,True
automated_gscl45nm_rtf8088_latest_final_divr2.gml,1604,3244,70,50,58,401,233,4.04,True
automated_gscl45nm_mem_ctrl_latest_final_mc_top.gml,11340,21982,115,152,151,3604,2967,3.88,True
automated_gscl45nm_aes_highthroughput_lowarea_latest_final_MUL9.gml,56,65,8,8,17,0,17,2.32,True
automated_gscl45nm_minirisc_latest_final_cmp8_eq.gml,33,32,16,1,2,6,9,1.94,True
automated_gscl45nm_mriscv_final_AXI_SP32B1024.gml,573,806,95,81,0,73,77,2.81,False
automated_gscl45nm_ecg_latest_final_func11.gml,56112,103307,778,389,0,20261,13635,3.68,True
automated_gscl45nm_edge_latest_final_hazard_unit.gml,225,344,45,13,17,59,79,3.06,False
automated_gscl45nm_gost28147-89_latest_final_gost89_.gml,4342,6795,836,65,55,1438,1230,3.13,True
automated_gscl45nm_openmsp430_latest_final_ogfx_backend.gml,2613,5352,114,45,96,677,666,4.1,True
automated_gscl45nm_hight_latest_final_WKG.gml,238,270,66,32,1,64,34,2.27,True
automated_gscl45nm_cookbook_final_fec_rot_32.gml,258,387,32,32,64,0,161,3.0,True
automated_gscl45nm_cookbook_final_fec_rot_26.gml,212,296,32,32,43,0,116,2.79,True
automated_gscl45nm_turbo8051_latest_final_clk_ctl.gml,17,28,4,1,1,2,6,3.29,True
automated_gscl45nm_altor32_latest_final_soc_pif8.gml,1758,2129,304,369,0,331,277,2.42,False
automated_gscl45nm_turbo8051_latest_final_spi_ctl.gml,623,1105,66,48,12,160,114,3.55,True
automated_gscl45nm_rs_encoder_decoder_latest_final_GF8Mult148.gml,40,48,8,8,6,0,16,2.4,True
automated_gscl45nm_reed_solomon_decoder_latest_final_Omega_Phy.gml,4843,9969,228,193,138,1442,650,4.12,True
automated_gscl45nm_rs_encoder_decoder_latest_final_GF8Mult160.gml,43,52,8,8,12,0,17,2.42,True
automated_gscl45nm_8bit_vedic_multiplier_latest_final_vedic2x2.gml,20,24,4,4,2,6,2,2.4,True
automated_gscl45nm_rs_encoder_decoder_latest_final_GF8Mult174.gml,46,59,8,8,13,0,21,2.57,True
automated_gscl45nm_jt51_latest_final_jt51_op.gml,4223,7983,38,14,87,1038,1069,3.78,True
automated_gscl45nm_16x2_lcd_display_driver_latest_final_lcd_16x2_8bit.gml,202,380,12,11,9,49,40,3.76,True
automated_gscl45nm_cookbook_final_fec_rot_6.gml,120,112,32,32,16,0,24,1.87,False
automated_gscl45nm_jt51_latest_final_jt51_lfo_lfsr.gml,87,175,3,1,4,17,21,4.02,True
automated_gscl45nm_turbo8051_latest_final_bit_register.gml,11,12,4,1,0,1,2,2.18,True
automated_gscl45nm_cookbook_final_chain_delay_rand.gml,572,1166,2,11,2,171,158,4.08,True
automated_gscl45nm_mriscvcore_final_ALU_sXXx.gml,901,1755,40,97,0,114,103,3.9,True
automated_gscl45nm_cookbook_final_fec_rot_4.gml,112,96,32,32,12,0,16,1.71,False
automated_gscl45nm_minirisc_latest_final_xilinx_mux2_8.gml,16,8,0,8,0,0,0,1.0,False
automated_gscl45nm_rs_encoder_decoder_latest_final_GF8Mult189.gml,39,46,8,8,2,0,15,2.36,True
automated_gscl45nm_rs_encoder_decoder_latest_final_GF8Mult162.gml,45,57,8,8,13,0,20,2.53,True
automated_gscl45nm_altor32_latest_final_altor32_fet.gml,896,1556,69,113,31,230,115,3.47,False
automated_gscl45nm_rs_encoder_decoder_latest_final_GF8Mult176.gml,42,52,8,8,6,0,18,2.48,True
automated_gscl45nm_turbo8051_latest_final_stat_counter.gml,19,20,7,2,0,4,3,2.11,False
automated_gscl45nm_edge_latest_final_shift_unit.gml,1390,2714,39,32,0,577,392,3.91,True
automated_gscl45nm_ft816float_latest_final_cntlo64.gml,431,639,64,7,0,79,141,2.97,True
automated_gscl45nm_turbo8051_latest_final_wb_rd_mem2mem.gml,677,1274,36,47,4,166,113,3.76,True
automated_gscl45nm_AES-T1000_final_S4.gml,4042,7829,33,32,0,1508,2084,3.87,True
automated_gscl45nm_cpu8080_latest_final_cpu8080.gml,19,24,5,2,0,4,0,2.53,True
automated_gscl45nm_cookbook_final_fec_rot_30.gml,247,366,32,32,59,0,151,2.96,True
automated_gscl45nm_iscas_final_ND2.gml,5,4,2,1,0,1,0,1.6,True
automated_gscl45nm_xge_mac_latest_final_wishbone_if.gml,872,1392,159,39,0,244,216,3.19,True
automated_gscl45nm_cookbook_final_fec_rot_24.gml,194,260,32,32,31,0,98,2.68,True
automated_gscl45nm_sdr_ctrl_latest_final_sdrc_top.gml,24513,50134,778,389,0,6062,1574,4.09,True
automated_gscl45nm_jt51_latest_final_jt51_noise_lfsr.gml,108,195,3,1,1,43,29,3.61,True
automated_gscl45nm_Lightweight-Threshold-Implementations-master_final_simon_datapath_shiftreg.gml,494,943,6,7,7,25,19,3.82,True
automated_gscl45nm_Lightweight-Threshold-Implementations-master_final_quick_mux_128.gml,920,1047,257,128,0,128,256,2.28,True
automated_gscl45nm_AES-T1000_final_lfsr_counter.gml,164,265,23,20,1,21,5,3.23,True
automated_gscl45nm_cookbook_final_fec_rot_18.gml,158,188,32,32,29,0,62,2.38,True
automated_gscl45nm_edge_latest_final_ex_mem_pipereg.gml,2911,4224,335,330,0,990,330,2.9,True
automated_gscl45nm_xge_mac_latest_final_sync_clk_xgmii_tx.gml,17,24,5,3,0,0,0,2.82,True
automated_gscl45nm_sha3_latest_final_rconst.gml,210,187,24,64,0,0,58,1.78,False
automated_gscl45nm_cookbook_final_bin_to_ascii.gml,71,117,6,8,6,17,26,3.3,False
automated_gscl45nm_tiny_aes_latest_final_expand_key_128.gml,5174,9345,137,256,176,1508,2316,3.61,True
automated_gscl45nm_cookbook_final_prio_encod.gml,32,45,6,3,0,6,11,2.81,True
automated_gscl45nm_rs_encoder_decoder_latest_final_GF8Mult89.gml,47,62,8,8,11,0,23,2.64,True
automated_gscl45nm_gost28147-89_latest_final_gost89_ecb_encrypt.gml,3654,5480,835,65,55,1087,934,3.0,True
automated_gscl45nm_turbo8051_latest_final_half_dup_byte_reg.gml,74,96,18,8,0,8,16,2.59,True
automated_gscl45nm_reed_solomon_codec_generator_latest_final_RsDecodeI.gml,1177,2450,8,8,0,628,323,4.16,True
automated_gscl45nm_turbo8051_latest_final_g_md_intf.gml,379,740,32,21,3,61,30,3.91,True
automated_gscl45nm_cookbook_final_pipeline_add_ms.gml,271,459,42,21,14,43,69,3.39,True
automated_gscl45nm_mips_16_latest_final_mips_16_core_top.gml,21209,44406,2,8,11,2326,1872,4.19,True
automated_gscl45nm_mesi_isc_final_mesi_isc_broad.gml,1592,3094,43,45,5,380,394,3.89,True
automated_gscl45nm_iscas_final_s15850.gml,11132,15381,77,150,0,2680,1043,2.76,False
automated_gscl45nm_rs_encoder_decoder_latest_final_GF8Mult214.gml,45,58,8,8,12,0,21,2.58,True
automated_gscl45nm_cookbook_final_ternary_sum_ni.gml,555,941,73,12,80,115,248,3.39,True
automated_gscl45nm_ecg_latest_final_f3m_mux3.gml,1982,2367,585,194,0,582,388,2.39,True
automated_gscl45nm_rs_encoder_decoder_latest_final_GF8Mult200.gml,41,48,8,8,8,0,15,2.34,True
automated_gscl45nm_rs_encoder_decoder_latest_final_GF8Mult228.gml,41,50,8,8,8,0,17,2.44,True
automated_gscl45nm_cookbook_final_crc32_dat72_flat.gml,1620,2932,104,32,686,0,1416,3.62,True
automated_gscl45nm_cookbook_final_three_two_comp.gml,12,14,3,2,2,2,3,2.33,True
automated_gscl45nm_des-master_final_des3.gml,4999,9259,240,64,82,2457,1766,3.7,True
automated_gscl45nm_rs_encoder_decoder_latest_final_GF8Mult62.gml,42,52,8,8,10,0,18,2.48,True
automated_gscl45nm_mriscv_final_latchW_ap.gml,28,37,6,3,0,9,3,2.64,True
automated_gscl45nm_rs_encoder_decoder_latest_final_GF8Mult76.gml,44,56,8,8,6,0,20,2.55,True
automated_gscl45nm_cookbook_final_gf_mult_by_39.gml,46,59,8,8,7,0,21,2.57,True
automated_gscl45nm_cookbook_final_gf_mult_by_f2.gml,46,60,8,8,10,0,22,2.61,True
automated_gscl45nm_iscas_final_c6288.gml,1670,3151,32,32,356,724,712,3.77,True
automated_gscl45nm_trigonometric_functions_in_double_fpu_latest_final_tangent_lut.gml,2183,4320,34,64,0,451,1347,3.96,True
automated_gscl45nm_edge_latest_final_shifter_right_arithmeti.gml,454,792,37,32,0,148,98,3.49,True
automated_gscl45nm_openmsp430_latest_final_omsp_gpio.gml,1178,1942,51,162,0,223,159,3.3,False
automated_gscl45nm_openmsp430_latest_final_spartan3a_dmem.gml,32,16,0,16,0,0,0,1.0,False
automated_gscl45nm_siphash-master_final_siphas.gml,7755,15927,44,32,583,2255,2387,4.11,True
automated_gscl45nm_cookbook_final_gf_mult_by_05.gml,35,38,8,8,8,0,11,2.17,True
automated_gscl45nm_cookbook_final_gf_mult_by_fd.gml,47,62,8,8,8,0,23,2.64,True
automated_gscl45nm_tiny_tate_bilinear_pairing_latest_final_f3_add.gml,25,37,4,2,0,7,5,2.96,True
automated_gscl45nm_apbtoaes128_latest_final_mix_columns.gml,359,520,32,64,92,0,193,2.9,True
automated_gscl45nm_cookbook_final_gf_mult_by_11.gml,36,40,8,8,4,0,12,2.22,True
automated_gscl45nm_two_dimensional_fast_hartley_transform_latest_final_dpsram_128x16.gml,64,32,0,32,0,0,0,1.0,False
automated_gscl45nm_m32632_latest_final_SP_FPU.gml,4019,7969,129,75,307,946,1249,3.97,True
automated_gscl45nm_gost28147-89_latest_final_gost89_cf.gml,4987,7979,836,65,119,1410,1324,3.2,True
automated_gscl45nm_cookbook_final_gf_mult_by_a.gml,34,36,8,8,7,0,10,2.12,True
automated_gscl45nm_openmsp430_latest_final_altera_avalon_sc_fifo.gml,1161,2203,15,49,16,267,269,3.8,False
automated_gscl45nm_cookbook_final_crc24_zer64_flat.gml,273,450,24,24,78,0,201,3.3,True
automated_gscl45nm_cookbook_final_gf_mult_by_7.gml,48,63,8,8,12,0,23,2.62,True
automated_gscl45nm_cookbook_final_gf_mult_by_6.gml,37,42,8,8,3,0,13,2.27,True
automated_gscl45nm_iscas_final_DFF.gml,5,4,2,1,0,0,0,1.6,True
automated_gscl45nm_cookbook_final_gf_mult_by_10.gml,35,38,8,8,3,0,11,2.17,True
automated_gscl45nm_cookbook_final_gf_mult_by_04.gml,30,28,8,8,2,0,6,1.87,False
automated_gscl45nm_cookbook_final_gf_mult_by_1f.gml,44,55,8,8,11,0,19,2.5,True
automated_gscl45nm_turbo8051_latest_final_oc8051_ports.gml,723,1251,54,64,0,236,145,3.46,True
automated_gscl45nm_cookbook_final_gf_mult_by_38.gml,45,56,8,8,9,0,19,2.49,True
automated_gscl45nm_cookbook_final_gf_mult_by_f3.gml,38,44,8,8,5,0,14,2.32,True
automated_gscl45nm_sha3_latest_final_padder1.gml,121,117,26,32,0,24,5,1.93,False
automated_gscl45nm_rs_encoder_decoder_latest_final_GF8Mult77.gml,45,58,8,8,4,0,21,2.58,True
automated_gscl45nm_simon_core_latest_final_top_modul.gml,1061,2066,4,1,12,76,74,3.89,True
automated_gscl45nm_xge_mac_latest_final_tx_hold_fifo.gml,6206,12455,76,76,12,428,536,4.01,True
automated_gscl45nm_rs_encoder_decoder_latest_final_GF8Mult229.gml,39,46,8,8,6,0,15,2.36,True
automated_gscl45nm_rs_encoder_decoder_latest_final_GF8Mult63.gml,46,59,8,8,10,0,21,2.57,True
automated_gscl45nm_cookbook_final_gf_divid.gml,1356,2677,16,8,55,355,903,3.95,True
automated_gscl45nm_rs_encoder_decoder_latest_final_GF8Mult201.gml,41,48,8,8,9,0,15,2.34,True
automated_gscl45nm_rs_encoder_decoder_latest_final_GF8Mult215.gml,45,57,8,8,9,0,20,2.53,True
automated_gscl45nm_aes_core_latest_final_aes_key_expand_128.gml,4960,9555,130,128,190,1496,2460,3.85,True
automated_gscl45nm_cookbook_final_crc32_dat96_flat.gml,2106,3806,128,32,898,0,1828,3.61,True
automated_gscl45nm_reed_solomon_decoder_latest_final_RS_d.gml,63666,136799,11,10,928,16062,11273,4.3,True
automated_gscl45nm_reed_solomon_codec_generator_latest_final_RsDecodeDpRam.gml,16486,34349,30,9,0,2384,1342,4.17,True
automated_gscl45nm_iscas_final_s13207.gml,9576,13280,62,152,0,2142,928,2.77,False
automated_gscl45nm_rs_encoder_decoder_latest_final_GF8Mult88.gml,45,58,8,8,11,0,21,2.58,True
automated_gscl45nm_cookbook_final_system_timer.gml,510,938,2,50,14,148,104,3.68,True
automated_gscl45nm_cookbook_final_eight_to_twenty.gml,15479,27657,532,1322,0,3439,5024,3.57,True
automated_gscl45nm_ft816float_latest_final_cntlz32Reg.gml,203,320,34,6,0,41,76,3.15,True
automated_gscl45nm_minirisc_latest_final_prog_mem.gml,752,1336,40,16,92,312,312,3.55,True
automated_gscl45nm_turbo8051_latest_final_spi_cor.gml,1299,2513,45,39,16,357,361,3.87,True
automated_gscl45nm_fast_log_latest_final_Log2pipelined.gml,355,667,22,8,0,82,116,3.76,True
automated_gscl45nm_tiny_tate_bilinear_pairing_latest_final_const.gml,435,263,7,199,1,8,13,1.21,False
automated_gscl45nm_m32632_latest_final_PREPDATA.gml,398,425,70,109,0,90,3,2.14,True
automated_gscl45nm_cr_div_latest_final_cr_di.gml,31854,64434,73,65,1503,6289,7521,4.05,True
automated_gscl45nm_turbo8051_latest_final_g_rx_crc32.gml,304,660,12,1,66,44,130,4.34,True
automated_gscl45nm_cookbook_final_fec_rot_19.gml,161,194,32,32,26,0,65,2.41,True
automated_gscl45nm_m32632_latest_final_IO_SWITCH.gml,325,365,80,45,0,14,26,2.25,True
automated_gscl45nm_openmsp430_latest_final_altera_reset_synchronizer.gml,6,5,2,1,0,0,0,1.67,True
automated_gscl45nm_Aquarius_latest_final_mult.gml,6050,12002,79,65,861,1886,2538,3.97,True
automated_gscl45nm_cookbook_final_fec_rot_25.gml,203,278,32,32,35,0,107,2.74,True
automated_gscl45nm_xge_mac_latest_final_generic_fifo_ctrl.gml,177,337,6,14,18,36,53,3.81,True
automated_gscl45nm_fpga-median_latest_final_dff_3_pip.gml,106,128,26,24,0,0,0,2.42,True
automated_gscl45nm_mriscvcore_final_ALU_su.gml,468,726,66,32,29,84,132,3.1,True
automated_gscl45nm_openmsp430_latest_final_spartan3a_pmem.gml,32,16,0,16,0,0,0,1.0,False
automated_gscl45nm_iscas_final_ND3.gml,6,5,3,1,0,1,0,1.67,True
automated_gscl45nm_cookbook_final_fec_rot_31.gml,253,377,32,32,67,0,156,2.98,True
automated_gscl45nm_mriscvcore_final_MULT.gml,4318,8450,79,34,359,1382,1389,3.91,True
automated_gscl45nm_fpu_latest_final_fpu.gml,24023,47548,70,40,2729,8278,9688,3.96,True
automated_gscl45nm_openmsp430_latest_final_DE0_NANO_SOC_QSYS_nios2_qsys_test_.gml,102,57,12,45,0,0,2,1.12,False
automated_gscl45nm_rs_encoder_decoder_latest_final_GF8Mult177.gml,42,52,8,8,7,0,18,2.48,True
automated_gscl45nm_minirisc_latest_final_xilinx_inc8.gml,16,8,0,8,0,0,0,1.0,False
automated_gscl45nm_cookbook_final_arbiter.gml,294,491,32,16,12,83,85,3.34,True
automated_gscl45nm_aes_core_latest_final_aes_rco.gml,116,140,2,32,1,19,16,2.41,False
automated_gscl45nm_rs_encoder_decoder_latest_final_GF8Mult163.gml,45,58,8,8,11,0,21,2.58,True
automated_gscl45nm_rs_encoder_decoder_latest_final_GF8Mult188.gml,39,46,8,8,6,0,15,2.36,True
automated_gscl45nm_ft816float_latest_final_fp_decomp.gml,227,239,32,64,0,14,28,2.11,False
automated_gscl45nm_cookbook_final_fec_rot_5.gml,116,104,32,32,14,0,20,1.79,False
automated_gscl45nm_minirisc_latest_final_mux2_11.gml,79,89,23,11,0,11,22,2.25,True
automated_gscl45nm_siphash-master_final_siphash_cor.gml,5988,11924,206,130,587,1815,1922,3.98,True
automated_gscl45nm_rs_encoder_decoder_latest_final_GF8Mult198.gml,41,50,8,8,5,0,17,2.44,True
automated_gscl45nm_cookbook_final_crc16_dat32_flat.gml,353,578,48,16,117,0,273,3.27,True
automated_gscl45nm_cavlc_latest_final_cavlc_top.gml,5572,12001,31,156,69,1779,1004,4.31,True
automated_gscl45nm_dpll-isdn_latest_final_variableresetrandomwalkfilter.gml,236,483,3,2,7,80,76,4.09,True
automated_gscl45nm_AES-T100_final_S4.gml,3846,7761,33,32,0,1344,1976,4.04,True
automated_gscl45nm_cookbook_final_fec_rot_1.gml,100,72,32,32,4,0,4,1.44,False
automated_gscl45nm_iscas_final_TopLevel74283.gml,42,56,9,5,8,11,12,2.67,True
automated_gscl45nm_reed_solomon_decoder_latest_final_input_syndromes.gml,23884,51247,20,137,321,5494,3682,4.29,True
automated_gscl45nm_rs_encoder_decoder_latest_final_GF8Mult167.gml,47,62,8,8,12,0,23,2.64,True
automated_gscl45nm_rs_encoder_decoder_latest_final_GF8Mult173.gml,48,62,8,8,11,0,22,2.58,True
automated_gscl45nm_fpga-median_latest_final_pixel_network.gml,1004,1776,72,8,40,384,400,3.54,True
automated_gscl45nm_cookbook_final_crc32_dat120_flat.gml,2652,4785,152,32,1178,0,2285,3.61,True
automated_gscl45nm_cookbook_final_error_value_round.gml,1727,3145,81,80,118,363,1066,3.64,True
automated_gscl45nm_cookbook_final_fec_rot_21.gml,170,212,32,32,28,0,74,2.49,True
automated_gscl45nm_cookbook_final_priority_mux.gml,35,41,12,1,0,9,8,2.34,True
automated_gscl45nm_reed_solomon_decoder_latest_final_error_correctio.gml,6870,13878,304,83,276,1686,1540,4.04,True
automated_gscl45nm_tiny_aes_latest_final_xS.gml,1034,2002,9,8,0,374,556,3.87,True
automated_gscl45nm_turbo8051_latest_final_oc8051_int.gml,722,1401,29,35,0,231,194,3.88,True
automated_gscl45nm_gng_latest_final_gng_lzd.gml,241,368,61,6,0,40,85,3.05,True
automated_gscl45nm_pairing_latest_final_f33m_neg.gml,1746,1164,582,582,0,0,0,1.33,False
automated_gscl45nm_openmsp430_latest_final_omsp_dbg_i2.gml,476,940,32,25,2,124,85,3.95,True
automated_gscl45nm_openmsp430_latest_final_spartan3adsp_dmem.gml,32,16,0,16,0,0,0,1.0,False
automated_gscl45nm_pairing_latest_final_f32m_neg.gml,1164,776,388,388,0,0,0,1.33,False
automated_gscl45nm_RSA-Verilog-master_final_mon_exp.gml,1776,3697,88,134,7,207,187,4.16,False
automated_gscl45nm_xge_mac_latest_final_rx_data_fifo.gml,23772,48259,78,75,41,1983,1883,4.06,True
automated_gscl45nm_m1_core_latest_final_ps2_wb_if.gml,793,1458,38,62,0,119,164,3.68,True
automated_gscl45nm_des-master_final_sbox8.gml,180,340,6,4,0,89,70,3.78,True
automated_gscl45nm_rs_encoder_decoder_latest_final_GF8Mult98.gml,37,41,8,8,4,0,12,2.22,True
automated_gscl45nm_m1_core_latest_final_GrayCounter.gml,27,42,3,2,2,7,7,3.11,True
automated_gscl45nm_mem_ctrl_latest_final_mc_refres.gml,166,298,22,1,19,48,50,3.59,True
automated_gscl45nm_mesi_isc_final_mesi_isc_basic_fifo.gml,1333,2564,36,34,6,329,338,3.85,True
automated_gscl45nm_minirisc_latest_final_add_sub8_co.gml,140,227,17,9,11,40,44,3.24,True
automated_gscl45nm_rs_encoder_decoder_latest_final_GF8Mult67.gml,43,54,8,8,8,0,19,2.51,True
automated_gscl45nm_jt51_latest_final_jt51_phinc_rom.gml,2409,4980,10,12,0,665,1174,4.13,True
automated_gscl45nm_rs_encoder_decoder_latest_final_GF8Mult239.gml,42,52,8,8,8,0,18,2.48,True
automated_gscl45nm_rs_encoder_decoder_latest_final_GF8Mult73.gml,40,47,8,8,6,0,15,2.35,True
automated_gscl45nm_ecg_latest_final_f3m_mux6.gml,3770,4734,1170,194,0,1164,970,2.51,True
automated_gscl45nm_cookbook_final_error_mag_poly_round.gml,2114,3915,144,8,527,621,1171,3.7,True
automated_gscl45nm_rs_encoder_decoder_latest_final_GF8Mult211.gml,45,56,8,8,10,0,19,2.49,True
automated_gscl45nm_rs_encoder_decoder_latest_final_GF8Mult205.gml,35,38,8,8,6,0,11,2.17,True
automated_gscl45nm_iscas_final_s838.gml,554,892,35,1,0,169,142,3.22,True
automated_gscl45nm_cookbook_final_gf_mult_by_fa.gml,41,50,8,8,9,0,17,2.44,True
automated_gscl45nm_turbo8051_latest_final_g_deferral_rx.gml,80,151,11,1,3,12,23,3.77,True
automated_gscl45nm_mod3_calc_latest_final_mod3.gml,88,136,8,2,0,38,18,3.09,True
automated_gscl45nm_double_fpu_latest_final_fpu_add.gml,4629,9197,130,68,60,1406,596,3.97,True
automated_gscl45nm_cookbook_final_gf_mult_by_14.gml,40,46,8,8,5,0,14,2.3,True
automated_gscl45nm_cookbook_final_gf_mult_by_f7.gml,37,42,8,8,7,0,13,2.27,True
automated_gscl45nm_asynchronous_master_spi_final_spi_master.gml,16,8,0,8,0,0,0,1.0,False
automated_gscl45nm_cookbook_final_gf_mult_by_0f.gml,44,56,8,8,11,0,20,2.55,True
automated_gscl45nm_cookbook_final_gf_mult_by_28.gml,40,48,8,8,8,0,16,2.4,True
automated_gscl45nm_tiny_tate_bilinear_pairing_latest_final_rom.gml,2898,5809,10,26,0,710,1798,4.01,True
automated_gscl45nm_AES-T1000_final_table_lookup.gml,8381,16108,33,128,32,3004,4340,3.84,True
automated_gscl45nm_minirisc_latest_final_xilinx_mux2_11.gml,22,11,0,11,0,0,0,1.0,False
automated_gscl45nm_crcahb_latest_final_crc_unit.gml,5964,9486,46,107,1,2063,2099,3.18,True
automated_gscl45nm_cookbook_final_gf_mult_by_2.gml,43,54,8,8,8,0,19,2.51,True
automated_gscl45nm_a-z80_latest_final_reg_control.gml,126,158,24,23,4,21,21,2.51,False
automated_gscl45nm_cookbook_final_approx_fp_div_lut.gml,14,7,0,7,0,0,0,1.0,False
automated_gscl45nm_cookbook_final_cntr_modulus.gml,201,367,21,16,5,53,37,3.65,True
automated_gscl45nm_cookbook_final_gf_mult_by_d.gml,42,52,8,8,7,0,18,2.48,True
automated_gscl45nm_gost28147-89_latest_final_gost89_cfb_encrypt.gml,4719,7517,835,65,55,1217,1259,3.19,True
automated_gscl45nm_tiny_aes_latest_final_expand_key_type_D_192.gml,5339,9454,201,320,96,1508,2196,3.54,True
automated_gscl45nm_gng_latest_final_gng_smul_16_18.gml,2167,4250,35,34,409,658,1058,3.92,True
automated_gscl45nm_cookbook_final_seconds_counter.gml,238,465,2,11,11,86,59,3.91,True
automated_gscl45nm_openmsp430_latest_final_spartan3adsp_pmem.gml,32,16,0,16,0,0,0,1.0,False
automated_gscl45nm_cookbook_final_reed_sol_rx.gml,24715,49949,12,19,1539,3158,5886,4.04,False
automated_gscl45nm_cookbook_final_gf_mult_by_3.gml,46,59,8,8,11,0,21,2.57,True
automated_gscl45nm_cookbook_final_gf_mult_by_29.gml,40,48,8,8,4,0,16,2.4,True
automated_gscl45nm_iscas_final_s420.gml,269,431,19,1,0,81,70,3.2,True
automated_gscl45nm_cookbook_final_gf_mult_by_f6.gml,44,55,8,8,7,0,19,2.5,True
automated_gscl45nm_turbo8051_latest_final_oc8051_decoder.gml,921,1839,13,39,0,278,341,3.99,True
automated_gscl45nm_cookbook_final_gf_mult_by_15.gml,40,48,8,8,4,0,16,2.4,True
automated_gscl45nm_cookbook_final_gf_mult_by_01.gml,24,16,8,8,0,0,0,1.33,False
automated_gscl45nm_rs_encoder_decoder_latest_final_GF8Mult204.gml,40,47,8,8,8,0,15,2.35,True
automated_gscl45nm_rs_encoder_decoder_latest_final_GF8Mult210.gml,45,57,8,8,11,0,20,2.53,True
automated_gscl45nm_rs_encoder_decoder_latest_final_GF8Mult238.gml,43,53,8,8,7,0,18,2.47,True
automated_gscl45nm_rs_encoder_decoder_latest_final_GF8Mult72.gml,42,51,8,8,5,0,17,2.43,True
automated_gscl45nm_rs_encoder_decoder_latest_final_GF8Mult66.gml,42,52,8,8,9,0,18,2.48,True
automated_gscl45nm_gng_latest_final_gng_interp.gml,8944,17803,67,17,865,2228,4869,3.98,True
automated_gscl45nm_tiny_tate_bilinear_pairing_latest_final_f3m_add.gml,2425,3589,388,194,0,679,485,2.96,False
automated_gscl45nm_aes_highthroughput_lowarea_latest_final_aes.gml,30165,58687,392,131,3485,3596,9672,3.89,True
automated_gscl45nm_rs_encoder_decoder_latest_final_GF8Mult99.gml,37,41,8,8,4,0,12,2.22,True
automated_gscl45nm_openmsp430_latest_final_omsp_multiplier.gml,1875,3829,35,16,215,460,805,4.08,True
automated_gscl45nm_aes-encryption_latest_final_aes_key_expand_128.gml,9116,17661,130,256,162,2984,4416,3.87,True
automated_gscl45nm_m32632_latest_final_BITMASK.gml,209,338,7,32,7,62,64,3.23,True
automated_gscl45nm_openmsp430_latest_final_omsp_execution_unit.gml,3893,7947,178,72,51,1116,729,4.08,True
automated_gscl45nm_turbo8051_latest_final_oc8051_wb_iinterfa.gml,234,252,52,51,0,1,1,2.15,False
automated_gscl45nm_mesi_isc_final_mesi_isc_broad_cntl.gml,138,239,11,13,0,29,40,3.46,True
automated_gscl45nm_openmsp430_latest_final_counter_bus_mux.gml,8,4,0,4,0,0,0,1.0,False
automated_gscl45nm_rs_5_3_gf256_latest_final_inv_gf256.gml,1225,2492,8,8,0,308,811,4.07,True
automated_gscl45nm_cookbook_final_fec_rot_20.gml,165,202,32,32,27,0,69,2.45,True
automated_gscl45nm_openmsp430_latest_final_omsp_wakeup_cell.gml,6,5,2,1,0,0,0,1.67,True
automated_gscl45nm_iscas_final_Circuit74181.gml,93,145,14,8,3,19,22,3.12,True
automated_gscl45nm_cookbook_final_crc_flat.gml,178,122,59,58,1,0,3,1.37,False
automated_gscl45nm_AES-T100_final_aes_128.gml,39,55,9,5,13,8,17,2.82,True
automated_gscl45nm_aes_highthroughput_lowarea_latest_final_inv_shift_rows.gml,384,256,128,128,0,0,0,1.33,False
automated_gscl45nm_configurable_crc_core_latest_final_cfg_cr.gml,39,63,5,5,0,5,8,3.23,True
automated_gscl45nm_mriscv_final_decodificador_axi.gml,37,47,4,8,0,13,1,2.54,True
automated_gscl45nm_mips_16_latest_final_ID_stag.gml,459,724,51,76,1,61,30,3.15,True
automated_gscl45nm_ft816float_latest_final_cntlo48.gml,320,470,48,6,0,57,103,2.94,True
automated_gscl45nm_rs_encoder_decoder_latest_final_GF8Mult172.gml,47,62,8,8,8,0,23,2.64,True
automated_gscl45nm_rs_encoder_decoder_latest_final_GF8Mult166.gml,48,64,8,8,10,0,24,2.67,True
automated_gscl45nm_mod3_calc_latest_final_mod3_adder.gml,28,40,4,2,0,10,6,2.86,True
automated_gscl45nm_systemcaes_latest_final_aes192.gml,11720,24014,324,129,683,2686,3286,4.1,True
automated_gscl45nm_cookbook_final_eight_to_o.gml,24,28,11,1,0,2,1,2.33,True
automated_gscl45nm_reed_solomon_decoder_latest_final_GF_mult_add_syndromes.gml,2026,4240,22,9,71,731,627,4.19,True
automated_gscl45nm_openmsp430_latest_final_ogfx_gpu.gml,4868,10291,49,39,239,1492,1189,4.23,True
automated_gscl45nm_tiny_tate_bilinear_pairing_latest_final_FSM.gml,712,1282,28,34,5,94,125,3.6,True
automated_gscl45nm_edge_latest_final_mux_WBResult.gml,555,693,163,32,0,168,227,2.5,True
automated_gscl45nm_sha256-master_final_sha256_cor.gml,12040,25164,517,258,568,4479,2767,4.18,True
automated_gscl45nm_rs_encoder_decoder_latest_final_GF8Mult199.gml,41,50,8,8,6,0,17,2.44,True
automated_gscl45nm_turbo8051_latest_final_oc8051_ram_64x32_dual_bist.gml,14548,28287,23,64,0,6260,4046,3.89,True
automated_gscl45nm_m32632_latest_final_FFS_LOGIK.gml,268,432,39,6,0,87,59,3.22,True
automated_gscl45nm_mips_16_latest_final_alu.gml,32,16,0,16,0,0,0,1.0,False
automated_gscl45nm_a-z80_latest_final_alu_mux_8.gml,24,28,11,1,0,2,1,2.33,True
automated_gscl45nm_fixed_point_arithmetic_parameterized_latest_final_qdi.gml,1121,2104,66,33,39,342,255,3.75,True
automated_gscl45nm_cookbook_final_fec_rot_2.gml,104,80,32,32,8,0,8,1.54,False
automated_gscl45nm_a-z80_latest_final_address_pins.gml,120,166,18,16,0,16,32,2.77,True
automated_gscl45nm_cookbook_final_gearbox_67_40.gml,3374,7307,69,41,4,733,1469,4.33,True
automated_gscl45nm_rs_decoder_31_19_6_latest_final_degree1_cell.gml,49,67,8,5,1,10,11,2.73,True
automated_gscl45nm_rs_decoder_31_19_6_latest_final_degree0_cell.gml,44,61,8,5,0,10,10,2.77,True
automated_gscl45nm_mem_ctrl_latest_final_mc_incn_r.gml,196,261,33,32,25,42,31,2.66,True
automated_gscl45nm_rs_encoder_decoder_latest_final_GF8Mult158.gml,44,55,8,8,9,0,19,2.5,True
automated_gscl45nm_rs_encoder_decoder_latest_final_GF8Mult170.gml,49,65,8,8,5,0,24,2.65,True
automated_gscl45nm_verilog_fixed_point_math_library_latest_final_qmults.gml,1632,3193,66,34,56,724,301,3.91,True
automated_gscl45nm_cookbook_final_key_shift.gml,168,112,56,56,0,0,0,1.33,False
automated_gscl45nm_rs_encoder_decoder_latest_final_GF8Mult164.gml,45,58,8,8,8,0,21,2.58,True
automated_gscl45nm_pairing_latest_final_f3_mult.gml,22,28,4,2,0,8,2,2.55,True
automated_gscl45nm_xge_mac_latest_final_rx_hold_fifo.gml,6191,12430,76,74,15,418,530,4.02,True
automated_gscl45nm_aes_highthroughput_lowarea_latest_final_word_mix_columns.gml,288,408,32,32,88,0,152,2.83,True
automated_gscl45nm_aes_highthroughput_lowarea_latest_final_inv_mix_columns.gml,3504,5232,128,128,832,0,1856,2.99,False
automated_gscl45nm_cookbook_final_fec_rot_22.gml,178,228,32,32,25,0,82,2.56,True
automated_gscl45nm_cookbook_final_ecc_correction_32bit.gml,315,579,7,33,0,123,62,3.68,True
automated_gscl45nm_AES-T200_final_xS.gml,1034,2002,9,8,0,374,556,3.87,True
automated_gscl45nm_iscas_final_ND4.gml,9,8,4,1,0,2,1,1.78,True
automated_gscl45nm_cookbook_final_sum_of_3bit_pair.gml,137,248,6,4,0,63,54,3.62,True
automated_gscl45nm_present_encryptor_latest_final_sub_per.gml,640,1056,64,64,16,176,176,3.3,False
automated_gscl45nm_cookbook_final_crc32_dat64_flat.gml,1514,2731,96,32,639,0,1313,3.61,True
automated_gscl45nm_mips_16_latest_final_data_mem.gml,19404,41036,26,16,0,1838,1517,4.23,True
automated_gscl45nm_Aquarius_latest_final_sasc_fifo4.gml,210,387,13,10,3,14,13,3.69,True
automated_gscl45nm_ft816float_latest_final_cntlo8.gml,48,63,8,4,0,5,12,2.62,True
automated_gscl45nm_altor32_latest_final_altor32_lfu.gml,349,534,42,33,1,124,103,3.06,True
automated_gscl45nm_crcahb_latest_final_crc_ip.gml,6033,9816,44,34,1,2188,2113,3.25,False
automated_gscl45nm_cookbook_final_compress_32.gml,208,256,48,32,0,32,64,2.46,False
automated_gscl45nm_m32632_latest_final_WB_CONTROL.gml,815,1478,34,35,9,304,126,3.63,False
automated_gscl45nm_sha1-master_final_sha1_cor.gml,9453,18923,516,162,256,2755,2675,4.0,True
automated_gscl45nm_rs_encoder_decoder_latest_final_GF8Mult70.gml,40,48,8,8,6,0,16,2.4,True
automated_gscl45nm_xge_mac_latest_final_tx_stats_fifo.gml,1383,2785,19,15,31,135,170,4.03,True
automated_gscl45nm_rs_encoder_decoder_latest_final_GF8Mult64.gml,45,58,8,8,10,0,21,2.58,True
automated_gscl45nm_a-z80_latest_final_execut.gml,3897,7956,109,111,1,1494,1313,4.08,True
automated_gscl45nm_rs_encoder_decoder_latest_final_GF8Mult206.gml,39,44,8,8,6,0,13,2.26,True
automated_gscl45nm_minirisc_latest_final_xilinx_cmp8_eq.gml,2,1,0,1,0,0,0,1.0,True
automated_gscl45nm_rs_encoder_decoder_latest_final_GF8Mult212.gml,50,67,8,8,10,0,25,2.68,True
automated_gscl45nm_rs_encoder_decoder_latest_final_GF8Mult58.gml,44,55,8,8,12,0,19,2.5,True
automated_gscl45nm_openmsp430_latest_final_rom_8x2k_lo.gml,16,8,0,8,0,0,0,1.0,False
automated_gscl45nm_pairing_latest_final_f3m_ni.gml,4310,7125,195,194,0,1760,1056,3.31,True
automated_gscl45nm_minirisc_latest_final_xilinx_mux4_8.gml,16,8,0,8,0,0,0,1.0,False
automated_gscl45nm_cookbook_final_gf_mult_by_17.gml,44,56,8,8,7,0,20,2.55,True
automated_gscl45nm_cookbook_final_gf_mult_by_03.gml,34,36,8,8,5,0,10,2.12,True
automated_gscl45nm_cookbook_final_gf_mult_by_e8.gml,42,52,8,8,7,0,18,2.48,True
automated_gscl45nm_hight_latest_final_SKG.gml,1622,3003,134,32,31,614,581,3.7,True
automated_gscl45nm_iscas_final_s344.gml,213,327,10,11,0,65,42,3.07,True
automated_gscl45nm_cookbook_final_gf_mult_by_1a.gml,40,48,8,8,7,0,16,2.4,True
automated_gscl45nm_cookbook_final_gf_mult_by_f4.gml,41,47,8,8,10,0,14,2.29,True
automated_gscl45nm_cookbook_final_gf_mult_by_1.gml,47,62,8,8,12,0,23,2.64,True
automated_gscl45nm_a-z80_latest_final_uart.gml,230,468,11,2,5,54,47,4.07,True
automated_gscl45nm_m32632_latest_final_DFPU_ADDSUB.gml,4197,8445,121,104,257,998,1010,4.02,True
automated_gscl45nm_aes-128_pipelined_encryption_latest_final_Round.gml,17148,33874,260,129,315,5969,8801,3.95,True
automated_gscl45nm_mem_ctrl_latest_final_mc_rf.gml,6112,10262,90,233,4,2042,1632,3.36,True
automated_gscl45nm_AES-T200_final_one_round.gml,33548,64971,257,128,384,12016,17872,3.87,True
automated_gscl45nm_cookbook_final_gf_mult_by_f.gml,37,41,8,8,7,0,12,2.22,True
automated_gscl45nm_iscas_final_s386.gml,273,459,8,7,0,152,36,3.36,True
automated_gscl45nm_ecg_latest_final_f3m_cubi.gml,2078,3292,194,194,0,616,440,3.17,False
automated_gscl45nm_cookbook_final_gf_mult_by_0.gml,38,44,8,8,4,0,14,2.32,True
automated_gscl45nm_ft816float_latest_final_cntlz8.gml,40,55,8,4,0,5,12,2.75,True
automated_gscl45nm_altor32_latest_final_altor32_lsu.gml,62,73,19,4,0,16,12,2.35,True
automated_gscl45nm_mriscvcore_final_FSM.gml,168,291,17,10,0,35,51,3.46,True
automated_gscl45nm_cookbook_final_gf_mult_by_0d.gml,44,56,8,8,7,0,20,2.55,True
automated_gscl45nm_cookbook_final_gf_mult_by_f5.gml,38,43,8,8,9,0,13,2.26,True
automated_gscl45nm_m1_core_latest_final_BUFG.gml,3,2,1,1,0,0,0,1.33,True
automated_gscl45nm_RSA-CRYPTOSYSTEM-using-verilog-master_final_mod_exp.gml,5629,11383,352,58,118,1973,1107,4.04,False
automated_gscl45nm_cookbook_final_gf_mult_by_02.gml,27,22,8,8,3,0,3,1.63,False
automated_gscl45nm_cookbook_final_gf_mult_by_e9.gml,45,58,8,8,8,0,21,2.58,True
automated_gscl45nm_cookbook_final_gf_mult_by_16.gml,43,54,8,8,7,0,19,2.51,True
automated_gscl45nm_minirisc_latest_final_presclr_wdt.gml,145,269,12,2,4,44,27,3.71,True
automated_gscl45nm_rs_encoder_decoder_latest_final_GF8Mult213.gml,46,58,8,8,11,0,20,2.52,True
automated_gscl45nm_rs_encoder_decoder_latest_final_GF8Mult59.gml,45,57,8,8,13,0,20,2.53,True
automated_gscl45nm_cookbook_final_ecc_correction_16bit.gml,170,312,6,17,0,60,39,3.67,True
automated_gscl45nm_rs_encoder_decoder_latest_final_GF8Mult207.gml,41,49,8,8,7,0,16,2.39,True
automated_gscl45nm_ft816float_latest_final_IntToFloat.gml,896,1702,36,32,40,222,290,3.8,True
automated_gscl45nm_rs_encoder_decoder_latest_final_GF8Mult65.gml,43,54,8,8,9,0,19,2.51,True
automated_gscl45nm_rs_encoder_decoder_latest_final_GF8Mult71.gml,41,50,8,8,4,0,17,2.44,True
automated_gscl45nm_orsoc_graphics_accelerator_final_gfx_fragment_processor.gml,5137,9628,273,125,675,1627,2331,3.75,False
automated_gscl45nm_edge_latest_final_reset_logi.gml,5,4,2,1,0,0,0,1.6,True
automated_gscl45nm_ft816float_latest_final_fpRoundReg.gml,2208,3823,136,128,112,752,678,3.46,True
automated_gscl45nm_hight_latest_final_CONTROL.gml,299,603,5,13,0,99,139,4.03,True
automated_gscl45nm_two_dimensional_fast_hartley_transform_latest_final_fht_bfly_noFF.gml,153,229,16,18,23,35,54,2.99,True
automated_gscl45nm_signed_integer_divider_latest_final_adder_32bit.gml,438,680,65,33,64,162,145,3.11,True
automated_gscl45nm_des-master_final_key_sel3.gml,3011,5442,175,48,1,1636,963,3.61,True
automated_gscl45nm_a-z80_latest_final_alu.gml,2342,3556,194,194,0,880,528,3.04,False
automated_gscl45nm_cookbook_final_crc32_dat80_flat.gml,1793,3238,112,32,753,0,1557,3.61,True
automated_gscl45nm_cavlc_latest_final_cavlc_read_total_zeros.gml,487,978,16,8,1,217,154,4.02,True
automated_gscl45nm_rtf8088_latest_final_nmi_detector.gml,16,19,4,1,0,4,1,2.38,True
automated_gscl45nm_gcm-aes_latest_final_aes_key_expand_128.gml,4841,9367,130,128,82,1503,2290,3.87,True
automated_gscl45nm_Lightweight-Threshold-Implementations-master_final_round.gml,18,22,6,2,2,0,5,2.44,True
automated_gscl45nm_cookbook_final_syndrome_round.gml,1143,1731,137,128,205,128,597,3.03,True
automated_gscl45nm_iscas_final_Circuit74182.gml,43,59,9,5,0,8,6,2.74,True
automated_gscl45nm_cookbook_final_fec_rot_23.gml,183,238,32,32,28,0,87,2.6,True
automated_gscl45nm_cookbook_final_word_adder_plai.gml,72,101,16,8,8,16,21,2.81,True
automated_gscl45nm_fpga-median_latest_final_nod.gml,165,259,16,16,5,54,49,3.14,True
automated_gscl45nm_rs_encoder_decoder_latest_final_GF8Mult165.gml,48,64,8,8,9,0,24,2.67,True
automated_gscl45nm_rs_encoder_decoder_latest_final_GF8Mult171.gml,50,68,8,8,5,0,26,2.72,True
automated_gscl45nm_rs_encoder_decoder_latest_final_Mux8To1.gml,58,65,17,8,0,8,16,2.24,True
automated_gscl45nm_m1_core_latest_final_ps2_top.gml,1858,3732,29,38,42,481,570,4.02,False
automated_gscl45nm_rs_encoder_decoder_latest_final_GF8Mult159.gml,42,51,8,8,9,0,17,2.43,True
automated_gscl45nm_AES-T100_final_TSC.gml,319,372,10,64,10,16,19,2.33,True
automated_gscl45nm_cookbook_final_fec_rot_3.gml,108,88,32,32,10,0,12,1.63,False
automated_gscl45nm_orsoc_graphics_accelerator_final_gfx_interp.gml,36387,73437,84,66,935,8847,8101,4.04,True
automated_gscl45nm_fpu_latest_final_mul_r2.gml,3949,7677,49,48,730,1285,1863,3.89,True
automated_gscl45nm_openmsp430_latest_final_omsp_sfr.gml,121,146,21,20,0,12,29,2.41,False
automated_gscl45nm_m32632_latest_final_ex_out_reg.gml,59,81,10,8,0,8,16,2.75,True
automated_gscl45nm_minirisc_latest_final_mux8_1.gml,24,28,11,1,0,2,1,2.33,True
automated_gscl45nm_openmsp430_latest_final_omsp_dbg.gml,1181,2409,54,40,40,271,234,4.08,True
automated_gscl45nm_openmsp430_latest_final_ram_8x512_lo.gml,16,8,0,8,0,0,0,1.0,False
automated_gscl45nm_turbo8051_latest_final_half_dup_dble_reg.gml,8,11,3,1,0,0,0,2.75,True
automated_gscl45nm_SHA_final_SHA256_INTERFACE.gml,1434,2221,277,50,4,450,224,3.1,True
automated_gscl45nm_rs_encoder_decoder_latest_final_GF8Mult116.gml,42,52,8,8,7,0,18,2.48,True
automated_gscl45nm_cookbook_final_gearbox_32_33.gml,1274,2572,36,34,4,433,306,4.04,True
automated_gscl45nm_ecg_latest_final_func8.gml,8483,14542,200,194,0,3707,1764,3.43,True
automated_gscl45nm_rs_encoder_decoder_latest_final_GF8Mult102.gml,39,45,8,8,4,0,14,2.31,True
automated_gscl45nm_turbo8051_latest_final_oc8051_multiply.gml,279,504,19,17,22,84,90,3.61,True
automated_gscl45nm_aes-128_pipelined_encryption_latest_final_MixColumns.gml,1430,2424,131,129,187,154,713,3.39,True
automated_gscl45nm_rs_encoder_decoder_latest_final_GF8Mult6.gml,40,47,8,8,6,0,15,2.35,True
automated_gscl45nm_cookbook_final_des.gml,23253,48059,122,64,1280,9072,10128,4.13,True
automated_gscl45nm_tiny_aes_latest_final_T.gml,2094,4025,9,32,8,751,1085,3.84,True
automated_gscl45nm_sdr_ctrl_latest_final_BUFFER.gml,3,2,1,1,0,0,0,1.33,True
automated_gscl45nm_rs_5_3_gf256_latest_final_SYN2ERR.gml,1311,2656,16,3,32,341,864,4.05,True
automated_gscl45nm_mriscv_final_bus_sync_sf.gml,425,682,35,32,0,162,32,3.21,True
automated_gscl45nm_c7552-NS5150_final_c7552.gml,2101,3168,463,108,261,426,603,3.02,False
automated_gscl45nm_xge_mac_latest_final_meta_sync_singl.gml,7,8,3,1,0,0,0,2.29,True
automated_gscl45nm_cookbook_final_equal_const.gml,18,17,8,1,0,5,2,1.89,True
automated_gscl45nm_aes-master_final_aes_cor.gml,30398,61987,390,130,1321,9613,13468,4.08,True
automated_gscl45nm_hight_latest_final_CRYPTO_PATH.gml,1965,3644,103,64,202,567,618,3.71,True
automated_gscl45nm_xge_mac_latest_final_generic_mem_small.gml,1307,2544,42,32,0,79,33,3.89,True
automated_gscl45nm_turbo8051_latest_final_async_fifo.gml,302,596,14,18,16,62,32,3.95,True
automated_gscl45nm_cookbook_final_two_to_o.gml,495,839,70,35,1,103,39,3.39,True
automated_gscl45nm_pairing_latest_final_f33m_mult3.gml,36,40,8,8,6,0,12,2.22,True
automated_gscl45nm_mriscv_final_axi4_interconnect.gml,437,679,145,2,3,39,46,3.11,True
automated_gscl45nm_cookbook_final_little_sigma_1_512.gml,314,372,64,64,6,0,122,2.37,True
automated_gscl45nm_aes_highthroughput_lowarea_latest_final_mix_columns.gml,1152,1632,128,128,352,0,608,2.83,False
automated_gscl45nm_rs_encoder_decoder_latest_final_GF8GenMultModA.gml,33,32,16,1,3,8,7,1.94,True
automated_gscl45nm_aes-128_pipelined_encryption_latest_final_RoundKeyG.gml,6176,12077,163,129,128,1676,2200,3.91,True
automated_gscl45nm_orsoc_graphics_accelerator_final_gfx_rasterizer.gml,519,638,98,133,0,43,38,2.46,False
automated_gscl45nm_apbtoaes128_latest_final_key_expander.gml,853,1033,166,160,109,84,196,2.42,True
automated_gscl45nm_aes-master_final_aes_encipher_block.gml,3121,5499,292,165,426,578,1501,3.52,True
automated_gscl45nm_rs_encoder_decoder_latest_final_GF8Mult16.gml,43,53,8,8,8,0,18,2.47,True
automated_gscl45nm_signed_integer_divider_latest_final_operator_A.gml,8,8,2,2,1,1,1,2.0,True
automated_gscl45nm_rs_encoder_decoder_latest_final_GF8Mult248.gml,42,52,8,8,6,0,18,2.48,True
automated_gscl45nm_cookbook_final_gf_mult_by_a6.gml,36,40,8,8,6,0,12,2.22,True
automated_gscl45nm_iscas_final_s444.gml,255,443,4,6,0,82,62,3.47,True
automated_gscl45nm_cookbook_final_inv_mix_columns.gml,1464,2416,128,128,484,0,1080,3.3,False
automated_gscl45nm_cookbook_final_gf_mult_by_59.gml,43,54,8,8,9,0,19,2.51,True
automated_gscl45nm_mips_16_latest_final_register_fil.gml,962,1875,28,32,0,282,204,3.9,True
automated_gscl45nm_Lightweight-Threshold-Implementations-master_final_key_schedule_modified1_simon_parallel.gml,611,1153,11,18,9,57,52,3.77,True
automated_gscl45nm_cookbook_final_gf_mult_by_71.gml,40,48,8,8,8,0,16,2.4,True
automated_gscl45nm_cookbook_final_gf_mult_by_65.gml,42,52,8,8,6,0,18,2.48,True
automated_gscl45nm_fpu_latest_final_except.gml,240,327,63,12,0,29,92,2.73,True
automated_gscl45nm_gost28147-89_latest_final_gost89_ecb_decrypt.gml,3645,5458,835,65,55,1102,925,2.99,True
automated_gscl45nm_cookbook_final_ring_counter.gml,32,16,0,16,0,0,0,1.0,False
automated_gscl45nm_rs_encoder_decoder_latest_final_GF8tmmult.gml,263,381,3,8,36,75,94,2.9,True
automated_gscl45nm_hight_latest_final_KEY_SCHED.gml,1877,3513,138,32,32,702,676,3.74,True
automated_gscl45nm_mem_ctrl_latest_final_mc_obct.gml,351,670,20,3,39,57,96,3.82,True
automated_gscl45nm_ft816float_latest_final_fpRound.gml,1660,2765,134,128,112,624,422,3.33,True
automated_gscl45nm_ft816float_latest_final_FloatToInt.gml,857,1593,34,33,50,275,258,3.72,True
automated_gscl45nm_hight_latest_final_WF.gml,447,539,97,64,41,72,82,2.41,False
automated_gscl45nm_cookbook_final_ecc_raw_data_64bit.gml,192,128,64,64,0,0,0,1.33,False
automated_gscl45nm_edge_latest_final_zero_extend.gml,80,48,16,32,0,0,0,1.2,False
automated_gscl45nm_cookbook_final_gf_mult_by_64.gml,39,44,8,8,5,0,13,2.26,True
automated_gscl45nm_cookbook_final_gf_mult_by_aa.gml,43,54,8,8,8,0,19,2.51,True
automated_gscl45nm_cookbook_final_gf_invers.gml,1138,2258,8,8,0,286,780,3.97,True
automated_gscl45nm_cookbook_final_gf_mult_by_70.gml,40,48,8,8,7,0,16,2.4,True
automated_gscl45nm_cookbook_final_cntr_modulus_la.gml,244,447,21,16,1,59,41,3.66,True
automated_gscl45nm_mriscv_final_completogpio.gml,515,777,24,69,0,151,85,3.02,False
automated_gscl45nm_c7552-NS5150_final_AntiSAT.gml,957,981,466,1,107,41,440,2.05,True
automated_gscl45nm_cookbook_final_gf_mult_by_58.gml,42,52,8,8,10,0,18,2.48,True
automated_gscl45nm_Lightweight-Threshold-Implementations-master_final_share_roundTI.gml,44,59,10,3,6,7,15,2.68,True
automated_gscl45nm_SHA_final_SHA256_CORE.gml,11279,23734,36,257,769,3780,2603,4.21,True
automated_gscl45nm_cookbook_final_gf_mult_by_a7.gml,34,36,8,8,6,0,10,2.12,True
automated_gscl45nm_jt51_latest_final_jt51_phaseg.gml,5034,10216,35,25,163,1321,1741,4.06,True
automated_gscl45nm_cookbook_final_gf_mult_by_7f.gml,47,61,8,8,9,0,22,2.6,True
automated_gscl45nm_cookbook_final_ready_skid.gml,260,441,20,18,0,26,36,3.39,True
automated_gscl45nm_rs_encoder_decoder_latest_final_GF8Mult249.gml,41,49,8,8,6,0,16,2.39,True
automated_gscl45nm_mriscvcore_final_ALU_and.gml,236,266,66,32,0,96,0,2.25,True
automated_gscl45nm_aes_highthroughput_lowarea_latest_final_xtimes.gml,32,27,8,8,3,0,3,1.69,False
automated_gscl45nm_rs_encoder_decoder_latest_final_GF8Mult17.gml,44,56,8,8,7,0,20,2.55,True
automated_gscl45nm_ft816float_latest_final_fpMul.gml,89259,179106,258,246,15796,26375,47255,4.01,True
automated_gscl45nm_cookbook_final_fn_maj.gml,576,640,192,64,0,128,128,2.22,False
automated_gscl45nm_cookbook_final_non_carry_add.gml,99,145,20,10,5,24,28,2.93,True
automated_gscl45nm_pairing_latest_final_f33m_mult2.gml,9,9,4,1,0,1,0,2.0,True
automated_gscl45nm_SHA_final_CSA.gml,381,441,96,64,62,62,95,2.31,False
automated_gscl45nm_cookbook_final_error_loc_poly_round.gml,13233,24321,393,260,2784,3538,7095,3.68,False
automated_gscl45nm_RSA-Verilog-master_final_mon_prod.gml,14885,28665,525,531,905,5306,3999,3.85,True
automated_gscl45nm_cookbook_final_mask_32.gml,132,189,5,32,0,29,17,2.86,False
automated_gscl45nm_minirisc_latest_final_alu.gml,540,945,29,11,18,214,210,3.5,True
automated_gscl45nm_pci_express_crc_latest_final_crc32d16.gml,643,1150,52,32,134,62,347,3.58,True
automated_gscl45nm_epfl_final_mem_ctrl.gml,37349,77861,1204,1231,104,12614,4970,4.17,False
automated_gscl45nm_sha3_latest_final_rconst2in1.gml,309,224,12,128,0,0,41,1.45,False
automated_gscl45nm_cookbook_final_word_align_control.gml,98,198,4,2,6,35,24,4.04,True
automated_gscl45nm_rs_encoder_decoder_latest_final_GF8Mult7.gml,40,48,8,8,4,0,16,2.4,True
automated_gscl45nm_cookbook_final_gray_cntr.gml,240,424,4,20,17,64,46,3.53,True
automated_gscl45nm_edge_latest_final_alu.gml,4098,8061,68,34,690,1406,1810,3.93,True
automated_gscl45nm_altor32_latest_final_altor32_noica.gml,468,657,69,70,3,51,45,2.81,False
automated_gscl45nm_m32632_latest_final_SCANDIG.gml,16,17,4,3,0,1,4,2.12,True
automated_gscl45nm_a-z80_latest_final_z80_top_direct_.gml,1921,3798,6,24,0,756,506,3.95,True
automated_gscl45nm_ecg_latest_final_func9.gml,2841,3228,778,389,0,777,388,2.27,True
automated_gscl45nm_rs_encoder_decoder_latest_final_GF8Mult103.gml,42,51,8,8,7,0,17,2.43,True
automated_gscl45nm_rs_encoder_decoder_latest_final_GF8Mult117.gml,46,59,8,8,7,0,21,2.57,True
automated_gscl45nm_iscas_final_c3540.gml,844,1654,50,22,25,324,248,3.92,True
automated_gscl45nm_AES-T1000_final_xS.gml,1034,2002,9,8,0,374,556,3.87,True
automated_gscl45nm_cpu8080_latest_final_scnrom.gml,312,639,8,8,0,92,159,4.1,False
automated_gscl45nm_uart-master_final_uart.gml,382,603,26,52,0,66,48,3.16,False
automated_gscl45nm_8bit_vedic_multiplier_latest_final_ripple_adder_12bit.gml,111,146,25,13,24,24,36,2.63,True
automated_gscl45nm_cookbook_final_crc32_dat56_flat.gml,1338,2423,88,32,560,0,1173,3.62,True
automated_gscl45nm_fixed_point_arithmetic_parameterized_latest_final_qadd.gml,984,1823,64,32,33,319,289,3.71,True
automated_gscl45nm_apbtoaes128_latest_final_aes_cor.gml,9524,19705,61,97,504,2717,2389,4.14,True
automated_gscl45nm_sha512-master_final_sha512_h_constants.gml,1163,1104,2,512,1,4,6,1.9,False
automated_gscl45nm_Lightweight-Threshold-Implementations-master_final_sub1.gml,576,512,256,64,0,64,128,1.78,False
automated_gscl45nm_xge_mac_latest_final_sync_clk_w.gml,89,157,12,10,8,0,14,3.53,True
automated_gscl45nm_iscas_final_TopLevel74L85.gml,53,75,11,3,0,15,16,2.83,True
automated_gscl45nm_aes-encryption_latest_final_aes_cipher_top.gml,41086,82614,259,129,710,14139,21730,4.02,True
automated_gscl45nm_i2c_latest_final_i2c_master_byte_ctrl.gml,816,1685,35,16,17,196,242,4.13,False
automated_gscl45nm_jt51_latest_final_jt51_exp2li.gml,189,317,13,16,0,78,58,3.35,True
automated_gscl45nm_altor32_latest_final_dmem_mux3.gml,1109,1318,176,256,0,320,69,2.38,False
automated_gscl45nm_systemcaes_latest_final_aes.gml,9252,18826,260,129,483,2423,2122,4.07,True
automated_gscl45nm_rs_encoder_decoder_latest_final_GF8Mult101.gml,38,43,8,8,3,0,13,2.26,True
automated_gscl45nm_iscas_final_c1355.gml,331,484,41,32,57,76,118,2.92,True
automated_gscl45nm_rs_encoder_decoder_latest_final_GF8Mult115.gml,45,58,8,8,11,0,21,2.58,True
automated_gscl45nm_pairing_latest_final_f3m_mult3.gml,19640,32625,1166,583,0,7281,4299,3.32,True
automated_gscl45nm_fast_antilog_latest_final_AntiLog2.gml,864,1646,11,24,1,265,378,3.81,True
automated_gscl45nm_rs_encoder_decoder_latest_final_GF8Mult129.gml,43,54,8,8,7,0,19,2.51,True
automated_gscl45nm_iscas_final_CLAmodul.gml,46,64,9,7,0,11,7,2.78,True
automated_gscl45nm_des_latest_final_sbox8.gml,180,340,6,4,0,89,70,3.78,True
automated_gscl45nm_rs_encoder_decoder_latest_final_GF8Mult5.gml,37,41,8,8,6,0,12,2.22,True
automated_gscl45nm_reed_solomon_decoder_latest_final_out_stag.gml,206,358,11,20,3,46,25,3.48,True
automated_gscl45nm_systemcaes_latest_final_keysched.gml,1194,2076,143,139,53,215,137,3.48,False
automated_gscl45nm_Lightweight-Threshold-Implementations-master_final_bitSpeck128_128_hierarchy_carry_sharing.gml,3037,5845,12,7,44,161,197,3.85,True
automated_gscl45nm_rs_decoder_31_19_6_latest_final_degree6_cell.gml,51,75,8,5,3,10,17,2.94,True
automated_gscl45nm_rs_encoder_decoder_latest_final_GF8GenMultBitSer.gml,267,471,19,9,3,102,57,3.53,True
automated_gscl45nm_xge_mac_latest_final_fault_sm.gml,159,322,6,2,12,43,46,4.05,True
automated_gscl45nm_orsoc_graphics_accelerator_final_color_to_memory.gml,266,389,36,36,0,98,87,2.92,True
automated_gscl45nm_iscas_final_s1238.gml,659,1195,15,14,0,307,189,3.63,True
automated_gscl45nm_cookbook_final_iter_addsu.gml,17,22,6,1,2,1,3,2.59,True
automated_gscl45nm_aes-master_final_aes.gml,31875,66570,44,32,1296,9853,11791,4.18,True
automated_gscl45nm_rs_encoder_decoder_latest_final_GF8GenMultModB.gml,38,46,8,7,6,0,16,2.42,True
automated_gscl45nm_tiny_tate_bilinear_pairing_latest_final_select.gml,48,53,14,7,0,7,12,2.21,True
automated_gscl45nm_openmsp430_latest_final_virtex6_dmem.gml,32,16,0,16,0,0,0,1.0,False
automated_gscl45nm_rs_encoder_decoder_latest_final_GF8Mult29.gml,37,42,8,8,4,0,13,2.27,True
automated_gscl45nm_aes_highthroughput_lowarea_latest_final_sbox.gml,320,597,12,16,46,63,151,3.73,True
automated_gscl45nm_openmsp430_latest_final_omsp_sync_cell.gml,8,9,3,1,0,0,0,2.25,True
automated_gscl45nm_reed_solomon_decoder_latest_final_transport_in2out.gml,188,351,3,19,2,54,39,3.73,True
automated_gscl45nm_signed_integer_divider_latest_final_operator_B.gml,11,10,4,2,0,2,1,1.82,True
automated_gscl45nm_rs_encoder_decoder_latest_final_GF8Mult15.gml,42,51,8,8,8,0,17,2.43,True
automated_gscl45nm_turbo8051_latest_final_oc8051_dptr.gml,159,232,30,16,0,12,26,2.92,True
automated_gscl45nm_edge_latest_final_shift_left2.gml,94,62,30,32,0,0,0,1.32,False
automated_gscl45nm_mem_ctrl_latest_final_mc_obct_top.gml,741,1428,29,3,78,138,217,3.85,True
automated_gscl45nm_AES-T1000_final_one_round.gml,33548,64971,257,128,384,12016,17872,3.87,True
automated_gscl45nm_cookbook_final_gf_mult_by_7d.gml,45,57,8,8,11,0,20,2.53,True
automated_gscl45nm_cookbook_final_gf_mult_by_a5.gml,41,50,8,8,4,0,17,2.44,True
automated_gscl45nm_iscas_final_foobar.gml,344,549,60,26,19,129,68,3.19,False
automated_gscl45nm_a-z80_latest_final_inc_dec_2bit.gml,15,14,5,3,2,2,4,1.87,True
automated_gscl45nm_cookbook_final_buf_3to2.gml,725,1426,28,18,1,198,166,3.93,True
automated_gscl45nm_iscas_final_s38584.gml,23683,38573,39,304,0,8816,4329,3.26,False
automated_gscl45nm_cookbook_final_gf_mult_by_66.gml,44,56,8,8,4,0,20,2.55,True
automated_gscl45nm_cookbook_final_gf_mult_by_72.gml,45,58,8,8,6,0,21,2.58,True
automated_gscl45nm_m1_core_latest_final_m1_di.gml,2794,5832,68,65,150,653,600,4.17,True
automated_gscl45nm_cookbook_final_gf_mult_by_b9.gml,45,56,8,8,11,0,19,2.49,True
automated_gscl45nm_iscas_final_c17.gml,15,16,5,2,0,4,2,2.13,True
automated_gscl45nm_sha512-master_final_sha512.gml,32304,70814,44,33,1187,10940,7406,4.38,True
automated_gscl45nm_cookbook_final_gf_mult_by_99.gml,44,56,8,8,6,0,20,2.55,True
automated_gscl45nm_iscas_final_Dmodul.gml,30,32,10,4,0,4,0,2.13,True
automated_gscl45nm_reed_solomon_codec_generator_latest_final_RsDecodeDegr.gml,388,430,168,5,3,21,172,2.22,True
automated_gscl45nm_pairing_latest_final_func8.gml,8680,14542,200,194,0,4298,1764,3.35,True
automated_gscl45nm_iscas_final_Emodul.gml,30,32,10,4,0,0,4,2.13,True
automated_gscl45nm_ecg_latest_final_f3m_add4.gml,6111,9991,776,194,0,2037,1455,3.27,False
automated_gscl45nm_gng_latest_final_gng.gml,9805,19774,3,17,926,2333,5171,4.03,True
automated_gscl45nm_cookbook_final_gf_mult_by_98.gml,43,54,8,8,8,0,19,2.51,True
automated_gscl45nm_cookbook_final_gf_mult_by_73.gml,42,52,8,8,9,0,18,2.48,True
automated_gscl45nm_cookbook_final_gf_mult_by_b8.gml,41,50,8,8,6,0,17,2.44,True
automated_gscl45nm_cookbook_final_gf_mult_by_67.gml,47,62,8,8,10,0,23,2.64,True
automated_gscl45nm_cookbook_final_des_to_string.gml,779,1276,64,88,66,187,286,3.28,False
automated_gscl45nm_cookbook_final_gf_mult_by_a4.gml,42,52,8,8,5,0,18,2.48,True
automated_gscl45nm_cookbook_final_gf_mult_by_6a.gml,45,57,8,8,11,0,20,2.53,True
automated_gscl45nm_cookbook_final_crc32c_dat32_flat.gml,946,1695,64,32,336,0,813,3.58,True
automated_gscl45nm_rs_encoder_decoder_latest_final_GF8Mult14.gml,40,48,8,8,6,0,16,2.4,True
automated_gscl45nm_signed_integer_divider_latest_final_operator_C.gml,7,6,3,1,0,1,1,1.71,True
automated_gscl45nm_minirisc_latest_final_mux2_8.gml,58,65,17,8,0,8,16,2.24,True
automated_gscl45nm_rs_encoder_decoder_latest_final_GF8Mult28.gml,38,44,8,8,4,0,14,2.32,True
automated_gscl45nm_openmsp430_latest_final_omsp_timerA.gml,1457,3192,47,24,53,373,292,4.38,True
automated_gscl45nm_gng_latest_final_gng_ctg.gml,1055,2097,3,65,64,104,300,3.98,True
automated_gscl45nm_cookbook_final_five_to_twenty.gml,7679,12647,334,1322,2,9,5,3.29,True
automated_gscl45nm_m32632_latest_final_FILTCMP.gml,156,171,51,17,4,22,37,2.19,True
automated_gscl45nm_cookbook_final_compress_42.gml,323,450,65,33,0,64,128,2.79,True
automated_gscl45nm_mem_ctrl_latest_final_mc_cs_rf_dummy.gml,136,68,0,68,0,0,0,1.0,False
automated_gscl45nm_epfl_final_d.gml,832,1128,8,256,0,300,4,2.71,True
automated_gscl45nm_orsoc_graphics_accelerator_final_bresenham_li.gml,10,9,4,1,0,2,0,1.8,True
automated_gscl45nm_epfl_final_i2.gml,1460,2459,147,142,2,322,393,3.37,False
automated_gscl45nm_AES-T200_final_lfsr_counter.gml,156,217,22,20,1,21,4,2.78,True
automated_gscl45nm_cookbook_final_pipeline_add.gml,269,457,42,20,14,43,69,3.4,True
automated_gscl45nm_m32632_latest_final_DECODER.gml,10454,21286,103,224,10,4024,3049,4.07,True
automated_gscl45nm_numbert_sort_device_latest_final_SEG7_LUT.gml,64,107,4,7,0,14,23,3.34,True
automated_gscl45nm_mriscv_final_decodificador_apd.gml,37,47,4,8,0,13,1,2.54,True
automated_gscl45nm_cookbook_final_random_delay.gml,24,16,8,8,0,0,0,1.33,False
automated_gscl45nm_rs_encoder_decoder_latest_final_Memmory.gml,12705,24880,18,8,1,2612,3182,3.92,True
automated_gscl45nm_Lightweight-Threshold-Implementations-master_final_p_datapat.gml,4149,7606,141,128,128,1132,1658,3.67,True
automated_gscl45nm_ft816float_latest_final_fp_cmp_unit.gml,477,812,64,6,20,119,204,3.4,False
automated_gscl45nm_cpu8080_latest_final_SM8080.gml,16,8,0,8,0,0,0,1.0,False
automated_gscl45nm_RSA-Verilog-master_final_shift_add_mult2.gml,4210,4208,1025,1025,0,1024,0,2.0,False
automated_gscl45nm_cookbook_final_bus_mux.gml,326,435,131,16,0,32,16,2.67,True
automated_gscl45nm_sha3_latest_final_round2in1.gml,22541,38589,1614,1600,11940,806,16856,3.42,True
automated_gscl45nm_rs_encoder_decoder_latest_final_GF8Mult4.gml,36,38,8,8,3,0,10,2.11,True
automated_gscl45nm_orsoc_graphics_accelerator_final_gfx_wbm_read.gml,244,185,71,78,0,3,2,1.52,False
automated_gscl45nm_fpu_latest_final_post_norm.gml,1961,3838,74,35,76,681,699,3.91,True
automated_gscl45nm_rs_encoder_decoder_latest_final_GF8Mult128.gml,42,52,8,8,5,0,18,2.48,True
automated_gscl45nm_openmsp430_latest_final_omsp_watchdog.gml,263,418,33,20,11,76,38,3.18,False
automated_gscl45nm_mem_ctrl_latest_final_mc_adr_sel.gml,967,1845,61,50,19,221,161,3.82,False
automated_gscl45nm_openmsp430_latest_final_virtex6_pmem.gml,32,16,0,16,0,0,0,1.0,False
automated_gscl45nm_cookbook_final_crc32_dat112_flat.gml,2417,4393,144,32,1129,0,2120,3.64,True
automated_gscl45nm_BLAKE_final_BLAKE_G_FUNCTION.gml,1811,2965,192,128,383,479,748,3.27,True
automated_gscl45nm_mriscvcore_final_REG_FILE.gml,7444,15318,49,64,0,1171,954,4.12,True
automated_gscl45nm_sha512-master_final_sha512_w_mem.gml,9619,20220,1028,64,350,3769,1080,4.2,True
automated_gscl45nm_rs_encoder_decoder_latest_final_GF8Mult114.gml,44,56,8,8,8,0,20,2.55,True
automated_gscl45nm_fast_log_latest_final_Log2higha.gml,497,946,23,12,1,150,165,3.81,True
automated_gscl45nm_rs_encoder_decoder_latest_final_GF8Mult100.gml,37,41,8,8,4,0,12,2.22,True
automated_gscl45nm_turbo8051_latest_final_wb_interfa.gml,2111,3959,103,101,6,577,557,3.75,False
automated_gscl45nm_gost28147-89_latest_final_gost89_round.gml,2205,3049,608,64,56,763,642,2.77,True
automated_gscl45nm_pairing_latest_final_f3_add1.gml,9,9,2,2,0,1,1,2.0,True
automated_gscl45nm_m32632_latest_final_ex_io_bus_ctrl.gml,311,378,81,36,2,86,46,2.43,True
automated_gscl45nm_iscas_final_s526.gml,331,600,4,6,0,129,101,3.63,True
automated_gscl45nm_BLAKE_final_BLAKE_INTERFACE.gml,1883,3032,277,115,48,513,304,3.22,True
automated_gscl45nm_cookbook_final_bin_to_7seg.gml,61,98,4,7,0,20,17,3.21,True
automated_gscl45nm_AES-T200_final_expand_key_128.gml,5174,9345,137,256,176,1508,2316,3.61,True
automated_gscl45nm_bch_configurable_latest_final_test_bch_bm.gml,88786,173507,604,617,16221,31316,32974,3.91,True
automated_gscl45nm_mem_ctrl_latest_final_mc_mem_if.gml,622,685,150,123,0,18,31,2.2,False
automated_gscl45nm_m32632_latest_final_FP_STAT_REG.gml,230,310,35,35,0,35,11,2.7,False
automated_gscl45nm_mriscvcore_final_ALU_beq.gml,129,128,64,1,32,0,63,1.98,True
automated_gscl45nm_jt51_latest_final_jt51_envelop.gml,1831,3610,52,10,66,432,365,3.94,True
automated_gscl45nm_rs_encoder_decoder_latest_final_GF8Mult138.gml,36,40,8,8,3,0,12,2.22,True
automated_gscl45nm_cookbook_final_gearbox_67_20.gml,3321,6270,70,20,0,1334,1200,3.78,True
automated_gscl45nm_ft816float_latest_final_cntlo16.gml,103,144,16,5,0,15,30,2.8,True
automated_gscl45nm_ecg_latest_final_f3m_i.gml,15520,28856,196,195,0,5125,2187,3.72,True
automated_gscl45nm_rs_encoder_decoder_latest_final_GF8Mult104.gml,43,54,8,8,7,0,19,2.51,True
automated_gscl45nm_rs_encoder_decoder_latest_final_GF8Mult110.gml,45,58,8,8,8,0,21,2.58,True
automated_gscl45nm_reed_solomon_decoder_latest_final_DP_RAM.gml,8361,17870,27,8,0,1459,777,4.27,True
automated_gscl45nm_apbtoaes128_latest_final_aes_ip.gml,9756,20407,41,38,508,2849,2448,4.18,False
automated_gscl45nm_altor32_latest_final_cpu.gml,12767,26421,38,113,136,3576,2737,4.14,False
automated_gscl45nm_cookbook_final_approx_fp_sqrt.gml,160,179,31,32,6,19,22,2.24,False
automated_gscl45nm_numbert_sort_device_latest_final_dbg_7seg.gml,158,193,65,17,1,0,2,2.44,True
automated_gscl45nm_turbo8051_latest_final_uart_cfg.gml,250,410,17,38,0,59,33,3.28,True
automated_gscl45nm_pairing_latest_final_f32m_su.gml,5432,7760,776,388,0,1940,1164,2.86,False
automated_gscl45nm_rs_encoder_decoder_latest_final_GF8Mult0.gml,24,16,8,8,0,0,0,1.33,False
automated_gscl45nm_minirisc_latest_final_inc11.gml,58,72,11,11,9,13,10,2.48,True
automated_gscl45nm_openmsp430_latest_final_ram_16x1k_dp.gml,64,32,0,32,0,0,0,1.0,False
automated_gscl45nm_Lightweight-Threshold-Implementations-master_final_bitSpeck128_128_unpro.gml,83,166,2,3,1,32,13,4.0,False
automated_gscl45nm_sha512-master_final_sha512_k_constants.gml,1567,2953,7,64,0,283,1088,3.77,True
automated_gscl45nm_mriscvcore_final_Count.gml,1025,1756,67,33,116,227,373,3.43,True
automated_gscl45nm_Lightweight-Threshold-Implementations-master_final_and4.gml,20,16,8,4,0,8,0,1.6,False
automated_gscl45nm_rs_5_3_gf256_latest_final_RS_5_3_GF256.gml,1897,3854,12,9,60,496,1026,4.06,True
automated_gscl45nm_mriscvcore_final_ALU_xor.gml,236,266,66,32,64,32,64,2.25,True
automated_gscl45nm_cookbook_final_twelve_four_comp.gml,257,466,12,4,6,119,98,3.63,True
automated_gscl45nm_iscas_final_TopLevel74182.gml,43,59,9,5,0,8,6,2.74,True
automated_gscl45nm_rs_encoder_decoder_latest_final_GF8Mult10.gml,39,46,8,8,6,0,15,2.36,True
automated_gscl45nm_fpu_latest_final_delay3.gml,13,16,3,2,0,0,0,2.46,True
automated_gscl45nm_cookbook_final_cntr_upd.gml,235,432,22,16,6,49,60,3.68,True
automated_gscl45nm_openmsp430_latest_final_omsp_clock_modul.gml,230,378,23,21,1,61,35,3.29,True
automated_gscl45nm_rs_encoder_decoder_latest_final_GF8Mult38.gml,42,52,8,8,8,0,18,2.48,True
automated_gscl45nm_edge_latest_final_Edge_Cor.gml,40764,82134,68,100,3313,13755,12703,4.03,True
automated_gscl45nm_openmsp430_latest_final_ogfx_backend_lut_fifo.gml,865,1751,54,28,3,206,212,4.05,True
automated_gscl45nm_m32632_latest_final_REGISTER.gml,10919,22709,83,33,0,1726,990,4.16,True
automated_gscl45nm_cookbook_final_gf_mult_by_63.gml,46,59,8,8,10,0,21,2.57,True
automated_gscl45nm_cookbook_final_gf_mult_by_c8.gml,37,42,8,8,4,0,13,2.27,True
automated_gscl45nm_cookbook_final_gf_mult_by_af.gml,37,42,8,8,5,0,13,2.27,True
automated_gscl45nm_cookbook_final_gf_mult_by_77.gml,42,50,8,8,6,0,16,2.38,True
automated_gscl45nm_cookbook_final_gf_mult_by_a0.gml,45,58,8,8,12,0,21,2.58,True
automated_gscl45nm_mem_ctrl_latest_final_sync_cs_d.gml,66,139,3,2,1,15,11,4.21,True
automated_gscl45nm_m32632_latest_final_ex_in_reg.gml,41,48,9,8,0,0,0,2.34,True
automated_gscl45nm_cookbook_final_gf_mult_by_7a.gml,43,54,8,8,7,0,19,2.51,True
automated_gscl45nm_csa_latest_final_led_cnt.gml,65,105,3,8,0,18,16,3.23,True
automated_gscl45nm_openmsp430_latest_final_driver_7segment.gml,421,764,35,28,12,82,62,3.63,True
automated_gscl45nm_edge_latest_final_Coprocessor0.gml,6353,13656,110,33,92,2132,475,4.3,True
automated_gscl45nm_cookbook_final_gf_mult_by_88.gml,42,52,8,8,6,0,18,2.48,True
automated_gscl45nm_cookbook_final_ternary_add.gml,132,197,24,10,19,26,53,2.98,True
automated_gscl45nm_mesi_isc_final_mesi_isc_breq_fifos_cntl.gml,752,1011,187,100,3,173,53,2.69,False
automated_gscl45nm_cookbook_final_gf_mult_by_89.gml,40,48,8,8,5,0,16,2.4,True
automated_gscl45nm_AES-T200_final_table_lookup.gml,8381,16108,33,128,32,3004,4340,3.84,True
automated_gscl45nm_openmsp430_latest_final_ogfx_ram_arbiter.gml,782,858,193,145,0,158,105,2.19,False
automated_gscl45nm_rs_encoder_decoder_latest_final_RS8Encoder8t.gml,1322,2586,11,10,127,536,445,3.91,True
automated_gscl45nm_iscas_final_IV.gml,4,3,1,1,0,0,0,1.5,True
automated_gscl45nm_m32632_latest_final_DCACHE_SM.gml,785,1180,118,102,0,114,79,3.01,False
automated_gscl45nm_altor32_latest_final_altor32_wb_fet.gml,526,708,70,103,3,48,43,2.69,False
automated_gscl45nm_apbtoaes128_latest_final_sBox_8.gml,248,438,10,16,50,49,116,3.53,True
automated_gscl45nm_iscas_final_s35932.gml,19151,33047,36,320,0,11052,1152,3.45,True
automated_gscl45nm_cookbook_final_gf_mult_by_a1.gml,43,54,8,8,10,0,19,2.51,True
automated_gscl45nm_aes_decrypt_fpga_latest_final_MUXF7.gml,9,9,3,1,0,1,2,2.0,True
automated_gscl45nm_cookbook_final_crc32_dat40_flat.gml,1027,1845,72,32,387,0,890,3.59,True
automated_gscl45nm_cookbook_final_gf_mult_by_6d.gml,40,48,8,8,7,0,16,2.4,True
automated_gscl45nm_iscas_final_MUX21H.gml,9,9,3,1,0,1,2,2.0,True
automated_gscl45nm_fast_log_latest_final_Log2flowthru.gml,406,754,21,8,0,155,151,3.71,True
automated_gscl45nm_sha256-master_final_sha256_w_mem.gml,4907,10203,516,32,188,1848,560,4.16,True
automated_gscl45nm_cookbook_final_gf_mult_by_76.gml,41,50,8,8,7,0,17,2.44,True
automated_gscl45nm_verilog_fixed_point_math_library_latest_final_qdi.gml,1961,3681,66,34,49,661,427,3.75,True
automated_gscl45nm_cookbook_final_gf_mult_by_62.gml,43,54,8,8,8,0,19,2.51,True
automated_gscl45nm_pairing_latest_final_f3m_add.gml,2716,3880,388,194,0,970,582,2.86,False
automated_gscl45nm_cookbook_final_gf_mult_by_c9.gml,35,37,8,8,4,0,10,2.11,True
automated_gscl45nm_cookbook_final_gf_mult.gml,242,435,16,8,55,69,123,3.6,True
automated_gscl45nm_turbo8051_latest_final_g_rx_fsm.gml,1403,2938,38,38,80,385,303,4.19,True
automated_gscl45nm_rs_encoder_decoder_latest_final_GF8Mult39.gml,44,56,8,8,11,0,20,2.55,True
automated_gscl45nm_aes_highthroughput_lowarea_latest_final_inv_byte_mix_columns.gml,224,308,32,8,52,0,116,2.75,True
automated_gscl45nm_fpu_latest_final_delay2.gml,11,12,3,2,0,0,0,2.18,True
automated_gscl45nm_rs_encoder_decoder_latest_final_GF8Mult11.gml,41,50,8,8,7,0,17,2.44,True
automated_gscl45nm_present_encryptor_latest_final_key_updat.gml,278,228,85,80,6,11,16,1.64,False
automated_gscl45nm_iscas_final_s641.gml,539,682,36,24,0,136,24,2.53,False
automated_gscl45nm_reed_solomon_decoder_latest_final_GF_matrix_ascending_binary.gml,814,1658,10,8,5,359,280,4.07,True
automated_gscl45nm_m1_core_latest_final_wb_int_ctrl.gml,134,132,34,34,0,1,31,1.97,False
automated_gscl45nm_pairing_latest_final_f3m_su.gml,2716,3880,388,194,0,970,582,2.86,False
automated_gscl45nm_cookbook_final_remove_parity.gml,135,90,45,45,0,0,0,1.33,False
automated_gscl45nm_turbo8051_latest_final_oc8051_alu_src_sel.gml,335,518,72,24,0,121,53,3.09,True
automated_gscl45nm_openmsp430_latest_final_ram.gml,10579,23982,27,16,0,3190,970,4.53,True
automated_gscl45nm_AES-T200_final_S4.gml,4042,7829,33,32,0,1508,2084,3.87,True
automated_gscl45nm_ft816float_latest_final_cntlz24.gml,129,195,24,5,0,24,46,3.02,True
automated_gscl45nm_cookbook_final_pn2112_tabl.gml,684,1271,7,32,0,125,464,3.72,True
automated_gscl45nm_orsoc_graphics_accelerator_final_gfx_cuvz.gml,28003,55799,310,154,5173,9078,14124,3.99,True
automated_gscl45nm_mriscvcore_final_Alg_Boot.gml,726,1346,39,34,27,226,172,3.71,True
automated_gscl45nm_edge_latest_final_shifter_decoder.gml,21,24,6,3,0,6,2,2.29,True
automated_gscl45nm_present_encryptor_latest_final_permutatio.gml,192,128,64,64,0,0,0,1.33,False
automated_gscl45nm_cookbook_final_uart.gml,418,834,12,11,23,128,89,3.99,True
automated_gscl45nm_tiny_aes_latest_final_S.gml,1010,1956,9,8,0,377,521,3.87,True
automated_gscl45nm_rs_encoder_decoder_latest_final_GF8Mult1.gml,32,27,8,8,3,0,3,1.69,False
automated_gscl45nm_two_dimensional_fast_hartley_transform_latest_final_signed_mult_const_asi.gml,259,495,11,9,43,51,126,3.82,True
automated_gscl45nm_turbo8051_latest_final_oc8051_a.gml,198,321,31,9,0,50,59,3.24,True
automated_gscl45nm_des_latest_final_crp.gml,1543,2869,80,32,49,692,636,3.72,True
automated_gscl45nm_rs_encoder_decoder_latest_final_GF8Mult111.gml,42,52,8,8,9,0,18,2.48,True
automated_gscl45nm_Lightweight-Threshold-Implementations-master_final_sasebo_simo.gml,7132,15095,772,131,12,2406,222,4.23,True
automated_gscl45nm_BLAKE_final_BLAKE_TOP.gml,25133,52482,21,17,1723,7368,9446,4.18,True
automated_gscl45nm_cookbook_final_ecc_correction_8bit.gml,93,155,5,9,0,37,23,3.33,True
automated_gscl45nm_xge_mac_latest_final_rx_stats_fifo.gml,1383,2785,19,15,31,135,170,4.03,True
automated_gscl45nm_aes-master_final_aes_inv_sbox.gml,3899,7998,32,32,0,1252,2111,4.1,False
automated_gscl45nm_rs_encoder_decoder_latest_final_GF8Mult105.gml,43,54,8,8,6,0,19,2.51,True
automated_gscl45nm_iscas_final_c2670.gml,674,953,157,64,29,108,147,2.83,False
automated_gscl45nm_rs_encoder_decoder_latest_final_GF8Mult139.gml,38,44,8,8,2,0,14,2.32,True
automated_gscl45nm_mriscvcore_final_IRQ.gml,2892,5157,176,161,127,607,669,3.57,True
automated_gscl45nm_turbo8051_latest_final_toggle_sy.gml,19,27,6,1,3,3,3,2.84,True
automated_gscl45nm_viterb_encoder_and_decoder_final_mem.gml,39385,81910,20,8,0,3516,2116,4.16,True
automated_gscl45nm_mem_ctrl_latest_final_mc_obct_dummy.gml,6,3,0,3,0,0,0,1.0,False
automated_gscl45nm_iscas_final_c432.gml,243,381,36,7,0,72,60,3.14,True
automated_gscl45nm_openmsp430_latest_final_spartan3_pmem.gml,16,8,0,8,0,0,0,1.0,False
automated_gscl45nm_epfl_final_top.gml,1415,1925,256,129,6,376,386,2.72,True
automated_gscl45nm_trigonometric_functions_in_double_fpu_latest_final_cosecant_lut.gml,2049,3991,34,64,0,403,1268,3.9,True
automated_gscl45nm_cookbook_final_insert_parity.gml,185,180,45,50,15,0,40,1.95,False
automated_gscl45nm_a-z80_latest_final_pla_decod.gml,400,534,14,105,0,146,14,2.67,False
automated_gscl45nm_m1_core_latest_final_ddr_pulse78.gml,51,96,2,1,2,11,22,3.76,True
automated_gscl45nm_rs_encoder_decoder_latest_final_GF8Mult113.gml,44,56,8,8,10,0,20,2.55,True
automated_gscl45nm_rs_encoder_decoder_latest_final_GF8Mult107.gml,43,53,8,8,9,0,18,2.47,True
automated_gscl45nm_turbo8051_latest_final_g_dpath_ctrl.gml,410,685,29,51,6,38,19,3.34,True
automated_gscl45nm_cookbook_final_rx_buffer_fifo_2.gml,7457,13493,404,402,4,1212,1215,3.62,True
automated_gscl45nm_aes-128_pipelined_encryption_latest_final_KeyExpantio.gml,60171,120240,131,1290,1280,16760,20880,4.0,True
automated_gscl45nm_mriscvcore_final_FSM_Boot.gml,40,59,8,3,0,4,9,2.95,True
automated_gscl45nm_turbo8051_latest_final_oc8051_t.gml,790,1520,27,42,19,266,199,3.85,True
automated_gscl45nm_rs_encoder_decoder_latest_final_GF8Mult3.gml,35,35,8,8,2,0,8,2.0,False
automated_gscl45nm_tiny_tate_bilinear_pairing_latest_final_f3_mult.gml,22,28,4,2,0,8,2,2.55,True
automated_gscl45nm_ft816float_latest_final_cntlz32.gml,176,271,32,6,0,35,64,3.08,True
automated_gscl45nm_systemcaes_latest_final_mixcolum.gml,2034,3696,132,129,116,289,597,3.63,True
automated_gscl45nm_uart-master_final_uart_cor.gml,948,1904,35,11,80,339,267,4.02,True
automated_gscl45nm_orsoc_graphics_accelerator_final_div_uu.gml,2919,5955,26,18,193,754,840,4.08,True
automated_gscl45nm_gost28147-89_latest_final_gost89_cfb_decrypt.gml,4712,7448,835,65,55,1281,1196,3.16,True
automated_gscl45nm_m1_core_latest_final_m1_mul.gml,2809,5888,68,65,58,867,447,4.19,True
automated_gscl45nm_rs_encoder_decoder_latest_final_GF8GenMult.gml,240,367,16,8,33,64,79,3.06,True
automated_gscl45nm_cookbook_final_gearbox_40_67.gml,1731,3854,43,68,2,501,182,4.45,True
automated_gscl45nm_iscas_final_TopLevel74181.gml,93,145,14,8,3,19,22,3.12,True
automated_gscl45nm_rs_decoder_31_19_6_latest_final_register5_wl.gml,27,30,7,5,0,5,0,2.22,True
automated_gscl45nm_rs_encoder_decoder_latest_final_GF8Mult13.gml,40,48,8,8,5,0,16,2.4,True
automated_gscl45nm_BLAKE_final_CSA.gml,381,441,96,64,62,62,95,2.31,False
automated_gscl45nm_numbert_sort_device_latest_final_VGA_Ctrl.gml,382,598,32,57,17,111,69,3.13,False
automated_gscl45nm_ecg_latest_final_f3m_neg.gml,582,388,194,194,0,0,0,1.33,False
automated_gscl45nm_cookbook_final_gearbox_20_22.gml,783,1448,23,23,2,272,220,3.7,True
automated_gscl45nm_Aquarius_latest_final_clk_gat.gml,3,2,1,1,0,0,0,1.33,True
automated_gscl45nm_openmsp430_latest_final_ogfx_reg_fifo.gml,1671,3411,21,28,4,260,342,4.08,True
automated_gscl45nm_reed_solomon_codec_generator_latest_final_RsDecodeMult.gml,171,294,16,8,32,64,75,3.44,True
automated_gscl45nm_cookbook_final_gf_mult_by_74.gml,42,52,8,8,5,0,18,2.48,True
automated_gscl45nm_sha3_latest_final_round.gml,14414,22414,1607,1600,7360,0,9607,3.11,True
automated_gscl45nm_cookbook_final_gf_mult_by_.gml,40,47,8,8,5,0,15,2.35,True
automated_gscl45nm_cookbook_final_gf_mult_by_60.gml,38,43,8,8,5,0,13,2.26,True
automated_gscl45nm_cookbook_final_little_sigma_0_512.gml,313,370,64,64,7,0,121,2.36,True
automated_gscl45nm_cookbook_final_gf_mult_by_48.gml,42,52,8,8,6,0,18,2.48,True
automated_gscl45nm_cookbook_final_gf_mult_by_a3.gml,47,61,8,8,9,0,22,2.6,True
automated_gscl45nm_ecg_latest_final_point_add.gml,95444,178349,780,390,576,33375,22978,3.74,True
automated_gscl45nm_cookbook_final_gf_mult_by_6f.gml,44,55,8,8,10,0,19,2.5,True
automated_gscl45nm_openmsp430_latest_final_in_buf_iobuf_in_v0i.gml,3,2,1,1,0,0,0,1.33,True
automated_gscl45nm_cookbook_final_mix_columns.gml,848,1184,128,128,160,0,464,2.79,False
automated_gscl45nm_ecg_latest_final_f3m_add3.gml,4268,6790,582,194,0,1358,970,3.18,False
automated_gscl45nm_openmsp430_latest_final_ram_16x8k_dp.gml,64,32,0,32,0,0,0,1.0,False
automated_gscl45nm_minirisc_latest_final_inc8.gml,42,51,8,8,6,6,9,2.43,True
automated_gscl45nm_turbo8051_latest_final_uart_txfsm.gml,167,319,15,2,3,27,31,3.82,True
automated_gscl45nm_pci_express_crc_latest_final_crc32d16N.gml,64,32,0,32,0,0,0,1.0,False
automated_gscl45nm_pairing_latest_final_f3m_i.gml,15714,28852,196,195,0,5721,2185,3.67,True
automated_gscl45nm_cookbook_final_crc32_dat104_flat.gml,2287,4145,136,32,1008,0,1994,3.62,True
automated_gscl45nm_cookbook_final_enc_64_67.gml,2192,4276,69,67,75,762,598,3.9,True
automated_gscl45nm_csa_latest_final_ledseg_cnt.gml,166,290,17,12,12,66,34,3.49,False
automated_gscl45nm_altor32_latest_final_intr_perip.gml,267,409,30,33,0,55,70,3.06,False
automated_gscl45nm_pairing_latest_final_f36m_cubi.gml,28209,47132,1165,1164,0,11100,6660,3.34,True
automated_gscl45nm_cookbook_final_reed_sol_tx.gml,1443,2871,12,10,240,424,685,3.98,True
automated_gscl45nm_openmsp430_latest_final_altera_reset_controller.gml,41,42,17,2,0,0,15,2.05,True
automated_gscl45nm_cookbook_final_gf_mult_by_49.gml,44,56,8,8,8,0,20,2.55,True
automated_gscl45nm_iscas_final_Circuit74283.gml,42,56,9,5,8,11,12,2.67,True
automated_gscl45nm_cookbook_final_gf_mult_by_a2.gml,41,50,8,8,7,0,17,2.44,True
automated_gscl45nm_cookbook_final_gf_mult_by_61.gml,41,50,8,8,9,0,17,2.44,True
automated_gscl45nm_gcm-aes_latest_final_aes_rco.gml,68,116,2,8,1,19,16,3.41,True
automated_gscl45nm_cookbook_final_gf_mult_by_75.gml,39,46,8,8,8,0,15,2.36,True
automated_gscl45nm_sha_core_latest_final_sha256.gml,11166,25339,38,36,630,2735,2383,4.54,True
automated_gscl45nm_cookbook_final_gf_mult_by_ad.gml,32,32,8,8,3,0,8,2.0,False
automated_gscl45nm_cookbook_final_crc16_dat16_flat.gml,164,231,32,16,45,0,99,2.82,True
automated_gscl45nm_m1_core_latest_final_m1_alu.gml,1683,3496,70,33,33,528,389,4.15,True
automated_gscl45nm_ft816float_latest_final_fpDecompos.gml,227,239,32,64,0,14,28,2.11,False
automated_gscl45nm_fpu_latest_final_delay1.gml,9,8,3,2,0,0,0,1.78,True
automated_gscl45nm_rs_encoder_decoder_latest_final_GF8Mult12.gml,41,50,8,8,6,0,17,2.44,True
automated_gscl45nm_cookbook_final_gearbox_40_66.gml,3774,7405,42,69,1,1311,1231,3.92,True
automated_gscl45nm_ft816float_latest_final_fpLOOUnit.gml,1974,3739,49,33,75,755,637,3.79,True
automated_gscl45nm_cookbook_final_bin_to_gray.gml,31,30,8,8,7,0,7,1.94,True
automated_gscl45nm_openmsp430_latest_final_spartan3_dmem.gml,16,8,0,8,0,0,0,1.0,False
automated_gscl45nm_mod_mult_exp_latest_final_blockMemory.gml,1024,512,0,512,0,0,0,1.0,False
automated_gscl45nm_a-z80_latest_final_wait_stat.gml,13,16,3,2,0,0,1,2.46,True
automated_gscl45nm_minirisc_latest_final_mux4_8.gml,112,138,34,8,0,35,25,2.46,True
automated_gscl45nm_Lightweight-Threshold-Implementations-master_final_key_schedule_modified2_simon_parallel.gml,471,880,17,1,2,12,13,3.74,True
automated_gscl45nm_crcahb_latest_final_crc_com.gml,78,77,24,8,0,7,16,1.97,True
automated_gscl45nm_rs_encoder_decoder_latest_final_GF8Mult2.gml,33,30,8,8,2,0,5,1.82,False
automated_gscl45nm_double_fpu_latest_final_fpu_exceptions.gml,3257,6325,214,70,0,799,441,3.88,True
automated_gscl45nm_m1_core_latest_final_async_fifo.gml,733,1486,13,10,2,82,75,4.05,False
automated_gscl45nm_RSA-Verilog-master_final_shift_add_mult4.gml,86,148,8,8,13,24,31,3.44,True
automated_gscl45nm_tiny_aes_latest_final_S4.gml,4042,7829,33,32,0,1508,2084,3.87,True
automated_gscl45nm_turbo8051_latest_final_wb_crossbar.gml,2200,4494,290,272,0,149,124,4.09,True
automated_gscl45nm_mips_16_latest_final_WB_stag.gml,136,147,37,23,0,16,32,2.16,False
automated_gscl45nm_jt51_latest_final_ramp_a_to.gml,155,287,2,16,12,40,42,3.7,True
automated_gscl45nm_rs_encoder_decoder_latest_final_GF8Mult106.gml,43,53,8,8,8,0,18,2.47,True
automated_gscl45nm_AES-T100_final_xS.gml,955,1900,9,8,0,330,522,3.98,True
automated_gscl45nm_rs_encoder_decoder_latest_final_GF8Mult112.gml,42,52,8,8,10,0,18,2.48,True
automated_gscl45nm_SHA_final_SHA256.gml,12182,26011,21,41,777,4238,2965,4.27,True
automated_gscl45nm_cookbook_final_descrambler.gml,5172,8590,515,512,2,611,1994,3.32,True
automated_gscl45nm_openmsp430_latest_final_DE0_NANO_SOC_QSYS_jtag_uart.gml,182,220,8,36,5,31,28,2.42,False
automated_gscl45nm_cookbook_final_mix_one_colum.gml,212,296,32,32,40,0,116,2.79,True
automated_gscl45nm_jt51_latest_final_jt51_sum_op.gml,355,678,17,16,21,85,78,3.82,True
automated_gscl45nm_cookbook_final_crc24_dat64_flat.gml,1022,1814,88,24,441,0,880,3.55,True
automated_gscl45nm_cookbook_final_ecc_decode_2bit.gml,92,176,6,5,3,42,29,3.83,True
automated_gscl45nm_turbo8051_latest_final_oc8051_ram_top.gml,10677,24087,29,9,4,3254,959,4.51,True
automated_gscl45nm_rs_decoder_31_19_6_latest_final_degree2_cell.gml,49,68,8,5,2,10,12,2.78,True
automated_gscl45nm_ft816float_latest_final_f2i.gml,902,1644,34,33,41,374,229,3.65,True
automated_gscl45nm_Aquarius_latest_final_sys.gml,666,1133,75,48,31,85,124,3.4,True
automated_gscl45nm_rs_decoder_31_19_6_latest_final_degree3_cell.gml,49,69,8,5,3,10,13,2.82,True
automated_gscl45nm_a-z80_latest_final_sequencer.gml,86,145,7,12,0,20,22,3.37,True
automated_gscl45nm_8bit_vedic_multiplier_latest_final_full_adder.gml,12,14,3,2,2,2,3,2.33,True
automated_gscl45nm_minirisc_latest_final_mux8_8.gml,218,284,67,8,0,74,58,2.61,True
automated_gscl45nm_openmsp430_latest_final_DE0_NANO_SOC_QSYS_jtag_uart_scfifo_r.gml,32,16,0,16,0,0,0,1.0,False
automated_gscl45nm_rs_encoder_decoder_latest_final_GF8Mult137.gml,38,43,8,8,4,0,13,2.26,True
automated_gscl45nm_trigonometric_functions_in_double_fpu_latest_final_secant_lut.gml,1899,3644,35,64,1,239,1317,3.84,True
automated_gscl45nm_rs_encoder_decoder_latest_final_GF8Mult123.gml,41,49,8,8,5,0,16,2.39,True
automated_gscl45nm_signed_integer_divider_latest_final_shift_3.gml,310,464,35,32,1,65,124,2.99,True
automated_gscl45nm_ecg_latest_final_func1.gml,4048,6300,394,196,0,1470,784,3.11,True
automated_gscl45nm_simon_core_latest_final_simon_datapath_shiftreg.gml,491,939,6,7,6,21,19,3.82,True
automated_gscl45nm_edge_latest_final_register.gml,281,406,35,32,0,96,32,2.89,True
automated_gscl45nm_iscas_final_s713.gml,557,738,36,23,0,170,28,2.65,False
automated_gscl45nm_des_latest_final_sbox2.gml,191,367,6,4,0,91,75,3.84,True
automated_gscl45nm_aes-master_final_aes_decipher_block.gml,7392,14618,260,133,650,1658,4153,3.96,True
automated_gscl45nm_a-z80_latest_final_resets.gml,41,63,6,2,0,9,10,3.07,True
automated_gscl45nm_numbert_sort_device_latest_final_SEG7_LUT_4.gml,256,428,16,28,0,56,92,3.34,False
automated_gscl45nm_altor32_latest_final_cpu_if.gml,13646,27694,106,265,126,4055,2737,4.06,False
automated_gscl45nm_tiny_tate_bilinear_pairing_latest_final_PE.gml,19638,34911,599,194,0,6885,5139,3.56,True
automated_gscl45nm_openmsp430_latest_final_omsp_clock_gat.gml,5,4,1,1,0,1,0,1.6,True
automated_gscl45nm_double_fpu_latest_final_fpu_addsu.gml,19722,40524,134,65,178,8443,2316,4.11,True
automated_gscl45nm_openmsp430_latest_final_omsp_and_gat.gml,5,4,2,1,0,1,0,1.6,True
automated_gscl45nm_ft816float_latest_final_delay5.gml,26,43,3,1,0,5,10,3.31,True
automated_gscl45nm_Lightweight-Threshold-Implementations-master_final_key_schedule_1.gml,552,1025,18,10,5,27,46,3.71,True
automated_gscl45nm_cookbook_final_gray_plus_o.gml,41,58,6,6,4,5,9,2.83,True
automated_gscl45nm_gost28147-89_latest_final_gost89_pipelined_ecb_encrypt.gml,52878,100685,833,64,1760,24384,20576,3.81,True
automated_gscl45nm_ft816float_latest_final_cntlz16.gml,87,128,16,5,0,15,30,2.94,True
automated_gscl45nm_reed_solomon_codec_generator_latest_final_RsEncodeTop.gml,1336,2894,12,8,171,363,367,4.33,True
automated_gscl45nm_rs_decoder_31_19_6_latest_final_mux2_to_1.gml,37,41,11,5,0,5,10,2.22,True
automated_gscl45nm_viterb_encoder_and_decoder_final_bmc011.gml,14,15,2,4,1,1,2,2.14,True
automated_gscl45nm_des-master_final_key_sel.gml,1523,2938,61,48,4,508,488,3.86,True
automated_gscl45nm_cookbook_final_parallax_gps.gml,2044,3706,3,199,32,427,155,3.63,True
automated_gscl45nm_cookbook_final_crc32_dat128_flat.gml,2807,5082,160,32,1294,0,2435,3.62,True
automated_gscl45nm_reed_solomon_codec_generator_latest_final_RsDecodeErasur.gml,4731,9297,5,191,824,1714,1934,3.93,True
automated_gscl45nm_m32632_latest_final_SCHALE.gml,440,680,68,34,49,113,137,3.09,True
automated_gscl45nm_rs_encoder_decoder_latest_final_GF8Mult241.gml,44,56,8,8,10,0,20,2.55,True
automated_gscl45nm_cookbook_final_sbox6.gml,161,302,6,4,0,73,67,3.75,True
automated_gscl45nm_gost28147-89_latest_final_gost89_sbox.gml,228,308,68,4,0,86,62,2.7,True
automated_gscl45nm_rs_encoder_decoder_latest_final_GF8Mult37.gml,43,54,8,8,7,0,19,2.51,True
automated_gscl45nm_signed_integer_divider_latest_final_shifter.gml,1021,1793,32,37,15,280,528,3.51,False
automated_gscl45nm_openmsp430_latest_final_DE0_NANO_SOC_QSYS_jtag_uart_sim_scfifo_w.gml,32,16,0,16,0,0,0,1.0,False
automated_gscl45nm_rs_encoder_decoder_latest_final_GF8Mult23.gml,35,37,8,8,4,0,10,2.11,True
automated_gscl45nm_cookbook_final_gf_mult_by_c7.gml,41,50,8,8,6,0,17,2.44,True
automated_gscl45nm_pairing_latest_final_f3_sub1.gml,9,9,2,2,0,1,1,2.0,True
automated_gscl45nm_cookbook_final_gf_mult_by_5f.gml,45,58,8,8,10,0,21,2.58,True
automated_gscl45nm_cookbook_final_gf_mult_by_78.gml,45,58,8,8,11,0,21,2.58,True
automated_gscl45nm_fpu_latest_final_pre_norm.gml,1486,2760,70,66,28,463,353,3.71,True
automated_gscl45nm_cookbook_final_gf_mult_by_b3.gml,48,64,8,8,8,0,24,2.67,True
automated_gscl45nm_tiny_aes_latest_final_expand_key_type_B_192.gml,1500,1819,193,320,96,0,128,2.43,True
automated_gscl45nm_xge_mac_latest_final_rx_enqueu.gml,4234,8228,148,171,740,746,1847,3.89,False
automated_gscl45nm_cookbook_final_gf_mult_by_ca.gml,42,52,8,8,6,0,18,2.48,True
automated_gscl45nm_double_fpu_latest_final_fpu_mul.gml,31836,65036,133,65,3700,11559,10897,4.09,True
automated_gscl45nm_cookbook_final_gf_mult_by_50.gml,43,54,8,8,11,0,19,2.51,True
automated_gscl45nm_cookbook_final_gf_mult_by_44.gml,40,48,8,8,4,0,16,2.4,True
automated_gscl45nm_tiny_aes_latest_final_final_round.gml,16545,31824,257,128,128,6032,8464,3.85,True
automated_gscl45nm_gng_latest_final_gng_smul_16_18_sadd_37.gml,2541,4944,72,38,450,738,1162,3.89,True
automated_gscl45nm_generic_fifos_latest_final_lfsr.gml,60,102,4,8,0,22,8,3.4,True
automated_gscl45nm_m32632_latest_final_DFPU_BCD.gml,574,919,72,34,38,131,141,3.2,True
automated_gscl45nm_pairing_latest_final_func2.gml,586,390,194,196,0,0,0,1.33,False
automated_gscl45nm_cookbook_final_gf_mult_by_8a.gml,37,41,8,8,7,0,12,2.22,True
automated_gscl45nm_Lightweight-Threshold-Implementations-master_final_p_keysch10.gml,962,1974,12,64,66,96,163,4.1,True
automated_gscl45nm_cookbook_final_gf_mult_by_93.gml,41,50,8,8,10,0,17,2.44,True
automated_gscl45nm_sdr_ctrl_latest_final_sdrc_bank_ctl.gml,2523,5063,69,36,14,684,321,4.01,True
automated_gscl45nm_cookbook_final_gf_mult_by_87.gml,40,48,8,8,6,0,16,2.4,True
automated_gscl45nm_turbo8051_latest_final_g_mii_intf.gml,573,1144,32,28,7,148,87,3.99,False
automated_gscl45nm_cookbook_final_gf_mult_by_86.gml,36,40,8,8,4,0,12,2.22,True
automated_gscl45nm_apbtoaes128_latest_final_host_interfa.gml,620,951,119,63,2,135,68,3.07,True
automated_gscl45nm_m32632_latest_final_DP_FPU.gml,34137,69111,160,210,4069,10679,13463,4.05,True
automated_gscl45nm_priority_encoder_latest_final_bitsca.gml,93,116,16,16,0,12,23,2.49,True
automated_gscl45nm_cookbook_final_twenty_to_fiv.gml,10229,17509,1324,332,1,995,2316,3.42,True
automated_gscl45nm_orsoc_graphics_accelerator_final_basic_fifo.gml,11953,22771,36,41,26,2240,2191,3.81,True
automated_gscl45nm_cookbook_final_gf_mult_by_92.gml,43,54,8,8,8,0,19,2.51,True
automated_gscl45nm_Lightweight-Threshold-Implementations-master_final_p_keysch11.gml,1302,2404,5,64,22,348,555,3.69,True
automated_gscl45nm_pairing_latest_final_func3.gml,654,496,194,196,0,36,16,1.52,False
automated_gscl45nm_mod3_calc_latest_final_type_co.gml,10,10,2,2,0,2,0,2.0,True
automated_gscl45nm_m32632_latest_final_SFPU_MUL.gml,336,457,69,37,14,36,55,2.72,True
automated_gscl45nm_apbtoaes128_latest_final_control_unit.gml,271,492,8,34,2,62,58,3.63,True
automated_gscl45nm_cookbook_final_gf_mult_by_9d.gml,37,40,8,8,6,0,11,2.16,True
automated_gscl45nm_cookbook_final_gf_mult_by_45.gml,36,40,8,8,5,0,12,2.22,True
automated_gscl45nm_aes_decrypt_fpga_latest_final_MUXF8.gml,9,9,3,1,0,1,2,2.0,True
automated_gscl45nm_cookbook_final_gf_mult_by_bd.gml,43,54,8,8,9,0,19,2.51,True
automated_gscl45nm_openmsp430_latest_final_rom_8x2k_hi.gml,16,8,0,8,0,0,0,1.0,False
automated_gscl45nm_tiny_tate_bilinear_pairing_latest_final_mod_p.gml,648,492,194,194,0,30,16,1.52,False
automated_gscl45nm_cookbook_final_gf_mult_by_51.gml,43,53,8,8,9,0,18,2.47,True
automated_gscl45nm_turbo8051_latest_final_generic_register.gml,11,12,4,1,0,1,2,2.18,True
automated_gscl45nm_hamming_latest_final_ham_7_4_.gml,68,104,7,8,0,19,11,3.06,True
automated_gscl45nm_cookbook_final_gf_mult_by_79.gml,46,59,8,8,8,0,21,2.57,True
automated_gscl45nm_viterb_encoder_and_decoder_final_encoder.gml,52,96,4,3,0,19,13,3.69,True
automated_gscl45nm_rs_decoder_31_19_6_latest_final_CSEEblock.gml,745,1264,72,8,77,198,310,3.39,True
automated_gscl45nm_cookbook_final_gf_mult_by_b2.gml,43,54,8,8,12,0,19,2.51,True
automated_gscl45nm_cookbook_final_gf_mult_by_c6.gml,48,64,8,8,14,0,24,2.67,True
automated_gscl45nm_sdr_ctrl_latest_final_sdrc_bank_fsm.gml,664,1157,64,45,5,132,83,3.48,True
automated_gscl45nm_rs_encoder_decoder_latest_final_GF8Mult22.gml,38,44,8,8,6,0,14,2.32,True
automated_gscl45nm_rs_encoder_decoder_latest_final_GF8Mult36.gml,38,43,8,8,6,0,13,2.26,True
automated_gscl45nm_rs_encoder_decoder_latest_final_GF8Mult254.gml,32,27,8,8,3,0,3,1.69,False
automated_gscl45nm_cookbook_final_sbox7.gml,159,298,6,4,0,71,66,3.75,True
automated_gscl45nm_AES-T100_final_one_round.gml,31436,63003,257,128,384,10656,16896,4.01,True
automated_gscl45nm_mriscv_final_flipflopRS.gml,20,26,4,2,0,4,4,2.6,True
automated_gscl45nm_rs_encoder_decoder_latest_final_GF8Mult240.gml,41,50,8,8,6,0,17,2.44,True
automated_gscl45nm_cookbook_final_reg_word_mux.gml,489,709,133,32,0,96,33,2.9,True
automated_gscl45nm_reed_solomon_codec_generator_latest_final_RsDecodeSyndrom.gml,1701,3447,12,177,103,219,474,4.05,True
automated_gscl45nm_fpga-median_latest_final_media.gml,6085,11598,98,72,343,2402,2595,3.81,True
automated_gscl45nm_viterb_encoder_and_decoder_final_bmc010.gml,16,17,2,4,0,2,1,2.12,True
automated_gscl45nm_AES-T200_final_T.gml,2094,4025,9,32,8,751,1085,3.84,True
automated_gscl45nm_openmsp430_latest_final_openGFX430.gml,15426,32569,76,102,577,4515,3900,4.22,True
automated_gscl45nm_m32632_latest_final_DEBUG_AE.gml,333,424,98,1,7,72,101,2.55,True
automated_gscl45nm_cpu8080_latest_final_M8080.gml,5449,11826,17,29,152,1947,1445,4.34,True
automated_gscl45nm_sha512-master_final_sha512_cor.gml,24516,51631,1063,514,1163,8544,5773,4.21,True
automated_gscl45nm_openmsp430_latest_final_DE0_NANO_SOC_QSYS_sysid_qsys.gml,65,47,1,32,0,0,0,1.45,False
automated_gscl45nm_m32632_latest_final_OPDEC_REG.gml,1394,2506,50,68,4,555,434,3.6,True
automated_gscl45nm_ft816float_latest_final_delay4.gml,22,35,3,1,0,4,8,3.18,True
automated_gscl45nm_cookbook_final_clock_mux.gml,43,64,8,1,0,12,5,2.98,True
automated_gscl45nm_pairing_latest_final_f3m_add3.gml,4850,7372,582,194,0,1940,1164,3.04,False
automated_gscl45nm_des_latest_final_sbox3.gml,180,349,6,4,0,77,81,3.88,True
automated_gscl45nm_iscas_final_Summodul.gml,38,40,13,5,3,3,12,2.11,True
automated_gscl45nm_cookbook_final_expand.gml,128,96,32,48,0,0,0,1.5,False
automated_gscl45nm_dpll-isdn_latest_final_freqdivider.gml,53,99,3,1,3,22,14,3.74,True
automated_gscl45nm_cookbook_final_fn_.gml,576,576,192,64,0,64,128,2.0,False
automated_gscl45nm_rs_encoder_decoder_latest_final_GF8Mult122.gml,40,48,8,8,4,0,16,2.4,True
automated_gscl45nm_rs_encoder_decoder_latest_final_GF8Mult136.gml,39,45,8,8,4,0,14,2.31,True
automated_gscl45nm_openmsp430_latest_final_dac_spi_if.gml,201,324,2,27,0,21,41,3.22,False
automated_gscl45nm_jt51_latest_final_jt51_a.gml,1500,2890,30,64,42,520,440,3.85,True
automated_gscl45nm_rs_encoder_decoder_latest_final_GF8lfsr.gml,56,96,3,8,3,11,16,3.43,True
automated_gscl45nm_mips_16_latest_final_hazard_detection_unit.gml,51,77,15,1,3,10,24,3.02,True
automated_gscl45nm_ft816float_latest_final_fpDecompReg.gml,615,957,34,96,0,199,36,3.11,True
automated_gscl45nm_a-z80_latest_final_alu_sli.gml,21,29,6,2,0,4,4,2.76,True
automated_gscl45nm_mriscvcore_final_ALU_or.gml,236,266,66,32,0,32,64,2.25,True
automated_gscl45nm_iscas_final_s510.gml,264,463,20,7,0,103,89,3.51,True
automated_gscl45nm_reed_solomon_codec_generator_latest_final_RsDecodeChi.gml,9329,19286,541,14,1103,2214,3547,4.13,True
automated_gscl45nm_rs_encoder_decoder_latest_final_GF8SigmaAdder8t.gml,360,288,144,72,72,0,72,1.6,False
automated_gscl45nm_cookbook_final_ecc_correction_64bit.gml,655,1194,8,65,1,338,109,3.65,True
automated_gscl45nm_m32632_latest_final_STEUERUNG.gml,13276,27070,107,246,86,4825,4027,4.08,True
automated_gscl45nm_cookbook_final_crc32_dat24_flat.gml,617,1058,56,32,190,0,497,3.43,True
automated_gscl45nm_turbo8051_latest_final_generic_intr_stat_reg.gml,11,11,5,1,0,2,1,2.0,True
automated_gscl45nm_rs_encoder_decoder_latest_final_GF8Mult120.gml,44,56,8,8,10,0,20,2.55,True
automated_gscl45nm_edge_latest_final_sign_extend.gml,84,68,16,32,0,0,0,1.62,False
automated_gscl45nm_Lightweight-Threshold-Implementations-master_final_key_share_roundTI.gml,40,54,9,3,6,7,13,2.7,True
automated_gscl45nm_rs_encoder_decoder_latest_final_GF8SyndromBuffer.gml,813,1676,17,8,0,176,151,4.12,True
automated_gscl45nm_rs_encoder_decoder_latest_final_GF8Mult134.gml,41,50,8,8,6,0,17,2.44,True
automated_gscl45nm_edge_latest_final_div_unit.gml,7223,14093,64,64,1090,2181,3271,3.9,True
automated_gscl45nm_Aquarius_latest_final_register.gml,5103,10234,84,96,4,904,1086,4.01,True
automated_gscl45nm_ecg_latest_final_func2.gml,586,390,194,196,0,0,0,1.33,False
automated_gscl45nm_ft816float_latest_final_cntlo32.gml,208,303,32,6,0,35,64,2.91,True
automated_gscl45nm_rs_encoder_decoder_latest_final_GF8Mult108.gml,43,52,8,8,8,0,17,2.42,True
automated_gscl45nm_sdr_ctrl_latest_final_wb2sdr.gml,3296,6778,104,106,30,761,75,4.11,True
automated_gscl45nm_cookbook_final_gray_to_bi.gml,34,33,8,8,6,0,7,1.94,True
automated_gscl45nm_rtf8088_latest_final_stkmem.gml,83458,172597,32,9,0,9521,7019,4.14,True
automated_gscl45nm_openmsp430_latest_final_cyclonev_io_obuf.gml,6,5,1,2,0,0,0,1.67,True
automated_gscl45nm_hamming_latest_final_ham_7_4_d.gml,147,312,4,2,5,30,30,4.24,True
automated_gscl45nm_systemcaes_latest_final_word_mixcolum.gml,464,736,32,64,116,0,304,3.17,True
automated_gscl45nm_AES-T200_final_TSC.gml,269,338,30,64,9,21,12,2.51,True
automated_gscl45nm_des_latest_final_sbox1.gml,183,349,6,4,0,87,74,3.81,True
automated_gscl45nm_iscas_final_s1423.gml,790,1353,18,5,0,267,233,3.43,True
automated_gscl45nm_reed_solomon_decoder_latest_final_lamda_roots.gml,3257,6835,107,101,148,951,643,4.2,True
automated_gscl45nm_cookbook_final_eight_input_rom.gml,2,1,0,1,0,0,0,1.0,True
automated_gscl45nm_jt51_latest_final_jt51_pm.gml,522,964,23,13,68,192,219,3.69,True
automated_gscl45nm_Aquarius_latest_final_mem.gml,1467,2353,139,122,0,178,182,3.21,False
automated_gscl45nm_xge_mac_latest_final_xge_ma.gml,70810,148637,170,179,1693,11051,9082,4.2,True
automated_gscl45nm_cavlc_latest_final_cavlc_len_g.gml,76,92,25,5,0,13,27,2.42,True
automated_gscl45nm_Lightweight-Threshold-Implementations-master_final_key_schedule_2.gml,477,891,18,1,1,18,12,3.74,True
automated_gscl45nm_cookbook_final_ascii_to_bi.gml,109,190,8,6,9,34,40,3.49,True
automated_gscl45nm_pairing_latest_final_f32m_add3.gml,9700,14744,1164,388,0,3880,2328,3.04,False
automated_gscl45nm_double_fpu_latest_final_fpu_round.gml,1065,1926,73,76,3,143,170,3.62,True
automated_gscl45nm_edge_latest_final_mem_wb_pipereg.gml,2268,3281,257,254,0,762,254,2.89,True
automated_gscl45nm_m32632_latest_final_MAKE_STAT.gml,44,43,14,8,0,5,0,1.95,True
automated_gscl45nm_cookbook_final_sbox5.gml,156,291,6,4,0,68,68,3.73,True
automated_gscl45nm_rs_encoder_decoder_latest_final_GF8Mult242.gml,46,60,8,8,13,0,22,2.61,True
automated_gscl45nm_systemcaes_latest_final_sbox.gml,287,538,11,8,54,60,152,3.75,True
automated_gscl45nm_turbo8051_latest_final_g_rx_top.gml,1826,3858,46,39,155,521,510,4.23,True
automated_gscl45nm_rs_encoder_decoder_latest_final_GF8Mult20.gml,41,49,8,8,6,0,16,2.39,True
automated_gscl45nm_Lightweight-Threshold-Implementations-master_final_key_schedule_modified3_simon_parallel.gml,458,865,11,1,2,9,10,3.78,True
automated_gscl45nm_rs_encoder_decoder_latest_final_GF8Mult34.gml,36,39,8,8,4,0,11,2.17,True
automated_gscl45nm_cookbook_final_gf_mult_by_b0.gml,43,54,8,8,11,0,19,2.51,True
automated_gscl45nm_8bit_vedic_multiplier_latest_final_half_adder.gml,8,8,2,2,1,1,1,2.0,True
automated_gscl45nm_cookbook_final_gf_mult_by_4a.gml,40,46,8,8,8,0,14,2.3,True
automated_gscl45nm_cookbook_final_six_three_comp.gml,69,115,6,3,3,28,22,3.33,True
automated_gscl45nm_m32632_latest_final_SHIFTER.gml,978,1665,75,37,0,397,280,3.4,True
automated_gscl45nm_xtea_latest_final_xtea.gml,7679,15627,195,65,885,2503,3150,4.07,True
automated_gscl45nm_cookbook_final_gf_mult_by_c4.gml,44,55,8,8,6,0,19,2.5,True
automated_gscl45nm_iscas_final_EO.gml,5,4,2,1,1,0,1,1.6,True
automated_gscl45nm_cookbook_final_gf_mult_by_bf.gml,46,58,8,8,11,0,20,2.52,True
automated_gscl45nm_cookbook_final_gf_mult_by_47.gml,29,26,8,8,2,0,5,1.79,False
automated_gscl45nm_cookbook_final_gf_mult_by_53.gml,35,38,8,8,7,0,11,2.17,True
automated_gscl45nm_altor32_latest_final_timer_perip.gml,1107,2230,44,34,84,286,208,4.03,True
automated_gscl45nm_cookbook_final_sum_of_64.gml,1426,2619,64,7,64,662,571,3.67,True
automated_gscl45nm_cookbook_final_cntr.gml,175,318,21,16,5,39,22,3.63,True
automated_gscl45nm_mriscv_final_ADC_interface_APB.gml,158,195,16,33,0,49,12,2.47,False
automated_gscl45nm_pairing_latest_final_func1.gml,4146,6300,394,196,0,1764,784,3.04,True
automated_gscl45nm_cookbook_final_gf_mult_by_9f.gml,37,41,8,8,6,0,12,2.22,True
automated_gscl45nm_AES-T100_final_S.gml,961,1939,9,8,0,336,494,4.04,True
automated_gscl45nm_jt51_latest_final_bus_manager.gml,216,297,52,11,0,53,73,2.75,True
automated_gscl45nm_cookbook_final_gf_mult_by_84.gml,39,46,8,8,5,0,15,2.36,True
automated_gscl45nm_cookbook_final_gf_mult_by_90.gml,46,60,8,8,6,0,22,2.61,True
automated_gscl45nm_m32632_latest_final_MMU_MATCH.gml,410,578,73,37,14,86,112,2.82,True
automated_gscl45nm_cookbook_final_gf_mult_by_91.gml,49,66,8,8,13,0,25,2.69,True
automated_gscl45nm_present_encryptor_latest_final_present_encryptor_top.gml,1432,2819,83,64,88,341,262,3.94,True
automated_gscl45nm_rs_decoder_31_19_6_latest_final_lcpmult.gml,69,108,10,5,8,25,24,3.13,True
automated_gscl45nm_fpu_latest_final_add_sub27.gml,548,944,55,28,30,132,170,3.45,True
automated_gscl45nm_cookbook_final_gf_mult_by_85.gml,43,54,8,8,6,0,19,2.51,True
automated_gscl45nm_iscas_final_OR4.gml,9,8,4,1,0,0,3,1.78,True
automated_gscl45nm_rs_decoder_31_19_6_latest_final_MainControl.gml,231,433,12,16,5,49,63,3.75,True
automated_gscl45nm_openmsp430_latest_final_ogfx_reg_vram_addr.gml,746,1366,53,21,65,199,223,3.66,True
automated_gscl45nm_cookbook_final_gf_mult_by_52.gml,41,50,8,8,6,0,17,2.44,True
automated_gscl45nm_trigonometric_functions_in_double_fpu_latest_final_cotangent_lut.gml,2018,3895,34,64,0,337,1336,3.86,True
automated_gscl45nm_cookbook_final_gf_mult_by_46.gml,34,36,8,8,6,0,10,2.12,True
automated_gscl45nm_cookbook_final_gf_mult_by_5d.gml,47,62,8,8,12,0,23,2.64,True
automated_gscl45nm_sdr_ctrl_latest_final_sdrc_xfr_ctl.gml,1191,2054,111,78,25,265,194,3.45,False
automated_gscl45nm_cookbook_final_gf_mult_by_c5.gml,41,49,8,8,6,0,16,2.39,True
automated_gscl45nm_turbo8051_latest_final_double_sync_hig.gml,8,11,3,1,0,0,0,2.75,True
automated_gscl45nm_cookbook_final_gf_mult_by_b1.gml,49,66,8,8,9,0,25,2.69,True
automated_gscl45nm_RSA-Verilog-master_final_memtest.gml,180,248,18,25,0,13,9,2.76,True
automated_gscl45nm_Lightweight-Threshold-Implementations-master_final_shar.gml,502,944,14,5,7,23,26,3.76,True
automated_gscl45nm_rs_encoder_decoder_latest_final_GF8Mult35.gml,38,43,8,8,8,0,13,2.26,True
automated_gscl45nm_m1_core_latest_final_ddr_init.gml,263,484,4,21,1,64,72,3.68,True
automated_gscl45nm_cookbook_final_crc32_dat88_flat.gml,1963,3544,120,32,885,0,1701,3.61,True
automated_gscl45nm_m1_core_latest_final_video_ram.gml,627,1235,27,26,3,156,154,3.94,True
automated_gscl45nm_rs_encoder_decoder_latest_final_GF8Mult21.gml,40,48,8,8,8,0,16,2.4,True
automated_gscl45nm_a-z80_latest_final_clk_delay.gml,40,50,9,7,0,6,5,2.5,True
automated_gscl45nm_rs_encoder_decoder_latest_final_GF8Mult243.gml,45,58,8,8,13,0,21,2.58,True
automated_gscl45nm_verilog_fixed_point_math_library_latest_final_qadd.gml,940,1690,64,32,86,251,347,3.6,True
automated_gscl45nm_cookbook_final_sbox4.gml,161,306,6,4,0,70,67,3.8,True
automated_gscl45nm_cookbook_final_uart_rx.gml,252,492,3,9,12,66,64,3.9,True
automated_gscl45nm_mriscv_final_latchW_axi.gml,28,37,6,3,0,9,3,2.64,True
automated_gscl45nm_rsencoder_latest_final_FF.gml,34,40,10,8,0,0,0,2.35,True
automated_gscl45nm_orsoc_graphics_accelerator_final_gfx_triangl.gml,19847,40470,196,130,3242,6337,8665,4.08,True
automated_gscl45nm_openmsp430_latest_final_omsp_clock_mux.gml,23,33,5,1,0,1,6,2.87,True
automated_gscl45nm_sha256-master_final_sha256.gml,15817,34727,44,33,596,5490,3540,4.39,False
automated_gscl45nm_a-z80_latest_final_ir.gml,62,92,12,8,0,10,16,2.97,True
automated_gscl45nm_des_latest_final_key_sel3.gml,3011,5442,175,48,1,1636,963,3.61,True
automated_gscl45nm_gcm-aes_latest_final_gcm_aes_v0.gml,35235,71055,267,136,1705,11422,15441,4.03,True
automated_gscl45nm_des_latest_final_key_sel.gml,1523,2938,61,48,4,508,488,3.86,True
automated_gscl45nm_reed_solomon_codec_generator_latest_final_RsDecodePolymul.gml,7068,13629,364,177,707,2129,2205,3.86,True
automated_gscl45nm_orsoc_graphics_accelerator_final_gfx_wbm_read_arbiter.gml,605,646,138,135,0,108,70,2.14,False
automated_gscl45nm_mesi_isc_final_mesi_isc_breq_fifos.gml,2884,5754,143,48,15,518,240,3.99,True
automated_gscl45nm_AES-T1000_final_final_round.gml,16545,31824,257,128,128,6032,8464,3.85,True
automated_gscl45nm_ecg_latest_final_func3.gml,652,494,194,196,0,30,16,1.52,False
automated_gscl45nm_rs_encoder_decoder_latest_final_GF8Mult109.gml,41,50,8,8,8,0,17,2.44,True
automated_gscl45nm_rs_encoder_decoder_latest_final_GF8Mult135.gml,38,44,8,8,4,0,14,2.32,True
automated_gscl45nm_a-z80_latest_final_address_lat.gml,35,38,8,8,3,0,11,2.17,True
automated_gscl45nm_signed_integer_divider_latest_final_shift_1.gml,202,263,33,32,0,32,62,2.6,True
automated_gscl45nm_edge_latest_final_shifter_left.gml,460,808,37,32,0,150,99,3.51,True
automated_gscl45nm_dpll-isdn_latest_final_phasecomparator.gml,16,20,3,2,0,3,0,2.5,True
automated_gscl45nm_rs_encoder_decoder_latest_final_GF8Mult121.gml,45,58,8,8,9,0,21,2.58,True
automated_gscl45nm_Aquarius_latest_final_cpu.gml,19162,39574,51,73,910,5915,5262,4.13,True
automated_gscl45nm_reed_solomon_decoder_latest_final_BM_lamda.gml,3875,7935,160,89,35,942,733,4.1,True
automated_gscl45nm_altor32_latest_final_so.gml,1998,3779,49,34,81,686,539,3.78,True
automated_gscl45nm_systemcaes_latest_final_keysched192.gml,1693,2887,207,203,66,321,193,3.41,False
automated_gscl45nm_cookbook_final_k_tabl.gml,1567,2975,7,64,0,259,1099,3.8,True
automated_gscl45nm_mips_16_latest_final_IF_stag.gml,221,400,10,24,6,49,66,3.62,False
automated_gscl45nm_a-z80_latest_final_alu_mux_2z.gml,26,29,6,5,0,8,1,2.23,True
automated_gscl45nm_mriscvcore_final_divM.gml,461,840,35,1,69,121,213,3.64,True
automated_gscl45nm_m1_core_latest_final_ps2_translation_tabl.gml,602,1160,24,18,1,222,184,3.85,True
automated_gscl45nm_openmsp430_latest_final_ram_16x1k_sp.gml,32,16,0,16,0,0,0,1.0,False
automated_gscl45nm_a-z80_latest_final_alu_mux_3z.gml,40,47,11,5,0,12,6,2.35,True
automated_gscl45nm_csa_latest_final_key_perm.gml,192,128,64,64,0,0,0,1.33,False
automated_gscl45nm_tiny_aes_latest_final_one_round.gml,33548,64971,257,128,384,12016,17872,3.87,True
automated_gscl45nm_rs_decoder_31_19_6_latest_final_fifo_register.gml,879,1658,11,5,0,475,155,3.77,True
automated_gscl45nm_iscas_final_s38417.gml,24272,35458,29,106,0,6550,2576,2.92,True
automated_gscl45nm_pairing_latest_final_f33m_mult.gml,59401,104606,1166,583,0,24942,15363,3.52,True
automated_gscl45nm_rs_encoder_decoder_latest_final_GF8Mult119.gml,46,59,8,8,11,0,21,2.57,True
automated_gscl45nm_ecg_latest_final_func7.gml,633,487,194,194,0,21,15,1.54,False
automated_gscl45nm_rs_encoder_decoder_latest_final_GF8Mult125.gml,42,52,8,8,5,0,18,2.48,True
automated_gscl45nm_m32632_latest_final_ILL_UNDEF.gml,282,496,31,2,0,146,73,3.52,True
automated_gscl45nm_rs_encoder_decoder_latest_final_GF8Mult131.gml,42,52,8,8,4,0,18,2.48,True
automated_gscl45nm_ft816float_latest_final_isqrt.gml,1985,3953,36,65,39,560,320,3.98,True
automated_gscl45nm_pairing_latest_final_f3m_add4.gml,6984,10864,776,194,0,2910,1746,3.11,False
automated_gscl45nm_des_latest_final_sbox4.gml,182,343,6,4,0,88,72,3.77,True
automated_gscl45nm_rs_encoder_decoder_latest_final_GF8Mult9.gml,41,50,8,8,5,0,17,2.44,True
automated_gscl45nm_openmsp430_latest_final_ogfx_gpu_reg.gml,1981,3998,24,109,73,552,448,4.04,True
automated_gscl45nm_openmsp430_latest_final_ogfx_gpu_dma_addr.gml,783,1472,51,21,72,201,245,3.76,True
automated_gscl45nm_cpu8080_latest_final_chrrom.gml,1565,3183,11,8,0,475,817,4.07,False
automated_gscl45nm_RSA-Verilog-master_final_and_add.gml,109,171,18,9,10,29,26,3.14,True
automated_gscl45nm_openmsp430_latest_final_spartan6_pmem.gml,32,16,0,16,0,0,0,1.0,False
automated_gscl45nm_ft816float_latest_final_delay3.gml,18,27,3,1,0,3,6,3.0,True
automated_gscl45nm_iscas_final_c5315.gml,1312,2221,178,123,73,283,259,3.39,False
automated_gscl45nm_sha256-master_final_sha256_k_constants.gml,755,1429,6,32,0,165,495,3.79,True
automated_gscl45nm_bch_configurable_latest_final_test_correct.gml,3334,7047,38,19,17,798,173,4.23,True
automated_gscl45nm_rs_encoder_decoder_latest_final_RS8FreqDecod.gml,44856,87253,11,10,5016,9737,20397,3.89,True
automated_gscl45nm_aes_highthroughput_lowarea_latest_final_inv_word_mix_columns.gml,876,1308,32,32,208,0,464,2.99,True
automated_gscl45nm_AES-T200_final_S.gml,1010,1956,9,8,0,377,521,3.87,True
automated_gscl45nm_rs_encoder_decoder_latest_final_GF8Mult25.gml,34,36,8,8,5,0,10,2.12,True
automated_gscl45nm_rs_encoder_decoder_latest_final_GF8Mult31.gml,38,44,8,8,5,0,14,2.32,True
automated_gscl45nm_cookbook_final_sbox0.gml,165,307,6,4,0,68,73,3.72,True
automated_gscl45nm_openmsp430_latest_final_ogfx_gpu_dma.gml,3169,6473,138,37,170,906,830,4.09,True
automated_gscl45nm_rs_encoder_decoder_latest_final_GF8Mult253.gml,34,32,8,8,2,0,6,1.88,False
automated_gscl45nm_two_dimensional_fast_hartley_transform_latest_final_fht_bfly.gml,219,373,19,18,24,38,52,3.41,True
automated_gscl45nm_rs_encoder_decoder_latest_final_GF8Mult19.gml,43,52,8,8,8,0,17,2.42,True
automated_gscl45nm_rs_encoder_decoder_latest_final_GF8Mult247.gml,44,55,8,8,8,0,19,2.5,True
automated_gscl45nm_reed_solomon_codec_generator_latest_final_RsDecodeEuclid.gml,17258,33802,185,358,1586,6267,5784,3.92,True
automated_gscl45nm_cookbook_final_gf_mult_by_42.gml,38,44,8,8,3,0,14,2.32,True
automated_gscl45nm_cookbook_final_gf_mult_by_a9.gml,38,43,8,8,6,0,13,2.26,True
automated_gscl45nm_double_fpu_latest_final_fpu_di.gml,9357,19853,131,69,97,2925,1519,4.24,False
automated_gscl45nm_tiny_tate_bilinear_pairing_latest_final_PPG.gml,1968,2742,196,194,0,776,194,2.79,True
automated_gscl45nm_cookbook_final_gf_mult_by_56.gml,34,36,8,8,5,0,10,2.12,True
automated_gscl45nm_cookbook_final_gf_mult_by_4d.gml,40,48,8,8,4,0,16,2.4,True
automated_gscl45nm_cookbook_final_gf_mult_by_b5.gml,42,51,8,8,7,0,17,2.43,True
automated_gscl45nm_aes-encryption_latest_final_aes_sbox.gml,955,1920,8,8,0,337,500,4.02,True
automated_gscl45nm_cookbook_final_test_patter.gml,101,179,3,16,14,23,23,3.54,True
automated_gscl45nm_cookbook_final_gf_mult_by_c1.gml,38,44,8,8,6,0,14,2.32,True
automated_gscl45nm_cookbook_final_gf_mult_by_81.gml,44,54,8,8,11,0,18,2.45,True
automated_gscl45nm_cookbook_final_gf_mult_by_95.gml,42,52,8,8,5,0,18,2.48,True
automated_gscl45nm_pairing_latest_final_func4.gml,1990,2772,198,196,0,784,196,2.79,True
automated_gscl45nm_sdr_ctrl_latest_final_sdrc_bs_convert.gml,623,1020,60,54,1,159,82,3.27,True
automated_gscl45nm_openmsp430_latest_final_spartan6_dmem.gml,32,16,0,16,0,0,0,1.0,False
automated_gscl45nm_cookbook_final_passwd_crypt.gml,24930,51401,74,97,1371,9403,10505,4.12,False
automated_gscl45nm_cookbook_final_gf_mult_by_8f.gml,34,36,8,8,5,0,10,2.12,True
automated_gscl45nm_pairing_latest_final_func5.gml,606,426,194,196,0,10,6,1.41,False
automated_gscl45nm_openmsp430_latest_final_io_mux.gml,184,200,48,32,0,32,32,2.17,False
automated_gscl45nm_jt51_latest_final_jt51_timer.gml,160,284,16,2,2,62,42,3.55,True
automated_gscl45nm_cookbook_final_gf_mult_by_94.gml,39,45,8,8,8,0,14,2.31,True
automated_gscl45nm_cookbook_final_gf_mult_by_80.gml,41,50,8,8,5,0,17,2.44,True
automated_gscl45nm_cookbook_final_gf_mult_by_c0.gml,38,44,8,8,5,0,14,2.32,True
automated_gscl45nm_trigonometric_functions_in_double_fpu_latest_final_cosine_lut.gml,2054,3964,35,64,1,294,1424,3.86,False
automated_gscl45nm_cookbook_final_gf_mult_by_5a.gml,41,50,8,8,7,0,17,2.44,True
automated_gscl45nm_cookbook_final_gf_mult_by_b4.gml,41,50,8,8,7,0,17,2.44,True
automated_gscl45nm_sha_core_latest_final_sha512.gml,23091,52604,39,37,1332,5697,4729,4.56,True
automated_gscl45nm_cookbook_final_gf_mult_by_cf.gml,43,53,8,8,9,0,18,2.47,True
automated_gscl45nm_cookbook_final_gf_mult_by_57.gml,39,46,8,8,2,0,15,2.36,True
automated_gscl45nm_turbo8051_latest_final_s2f_sy.gml,10,14,3,1,0,1,0,2.8,True
automated_gscl45nm_cookbook_final_gf_mult_by_43.gml,36,40,8,8,4,0,12,2.22,True
automated_gscl45nm_cookbook_final_gf_mult_by_a8.gml,39,46,8,8,4,0,15,2.36,True
automated_gscl45nm_jt51_latest_final_jt51_nois.gml,1220,2250,19,11,15,451,371,3.69,True
automated_gscl45nm_rs_encoder_decoder_latest_final_GF8Mult246.gml,43,54,8,8,9,0,19,2.51,True
automated_gscl45nm_cookbook_final_gearbox_66_40.gml,3330,6540,68,43,0,1232,1123,3.93,True
automated_gscl45nm_rs_encoder_decoder_latest_final_GF8Mult252.gml,36,37,8,8,3,0,9,2.06,False
automated_gscl45nm_cookbook_final_reg_cam_cell.gml,418,676,100,1,32,33,127,3.23,True
automated_gscl45nm_RSA-Verilog-master_final_uart.gml,700,1351,12,21,13,178,231,3.86,True
automated_gscl45nm_cookbook_final_sbox1.gml,163,306,6,4,0,72,70,3.75,True
automated_gscl45nm_rs_encoder_decoder_latest_final_GF8Mult18.gml,43,53,8,8,9,0,18,2.47,True
automated_gscl45nm_cookbook_final_addsu.gml,208,300,33,17,24,20,83,2.88,True
automated_gscl45nm_rs_encoder_decoder_latest_final_GF8Mult30.gml,38,44,8,8,6,0,14,2.32,True
automated_gscl45nm_RSA-Verilog-master_final_parallel_to_serial.gml,2040,3394,259,9,1,796,530,3.33,True
automated_gscl45nm_rs_encoder_decoder_latest_final_GF8Mult24.gml,34,36,8,8,5,0,10,2.12,True
automated_gscl45nm_mesi_isc_final_mesi_is.gml,3928,7840,146,48,17,830,619,3.99,True
automated_gscl45nm_ft816float_latest_final_delay2.gml,14,19,3,1,0,2,4,2.71,True
automated_gscl45nm_cookbook_final_reset_filter.gml,8,11,3,1,0,0,0,2.75,True
automated_gscl45nm_edge_latest_final_id_ex_pipereg.gml,2577,3734,293,290,0,870,292,2.9,True
automated_gscl45nm_jt51_latest_final_jt51_reg.gml,10198,20568,28,74,8,3519,2797,4.03,True
automated_gscl45nm_edge_latest_final_controller.gml,321,549,17,35,1,104,93,3.42,False
automated_gscl45nm_mriscvcore_final_MEMORY_INTERFACE.gml,1396,2202,173,179,22,312,201,3.15,False
automated_gscl45nm_des_latest_final_sbox5.gml,184,347,6,4,0,87,75,3.77,True
automated_gscl45nm_rs_encoder_decoder_latest_final_GF8Mult8.gml,42,52,8,8,6,0,18,2.48,True
automated_gscl45nm_cookbook_final_font_rom.gml,3756,7576,12,24,0,764,2327,4.03,False
automated_gscl45nm_cookbook_final_frequency_monitor.gml,1324,2558,5,80,67,506,218,3.86,True
automated_gscl45nm_rs_encoder_decoder_latest_final_GF8Mult130.gml,46,60,8,8,6,0,22,2.61,True
automated_gscl45nm_rs_encoder_decoder_latest_final_GF8Mult124.gml,41,49,8,8,5,0,16,2.39,True
automated_gscl45nm_xge_mac_latest_final_stats_sm.gml,1226,2291,36,128,87,377,251,3.74,True
automated_gscl45nm_RSA-CRYPTOSYSTEM-using-verilog-master_final_inverter.gml,91363,181912,66,129,12862,31561,40213,3.98,False
automated_gscl45nm_ecg_latest_final_func6.gml,12,14,3,1,0,3,0,2.33,True
automated_gscl45nm_cookbook_final_tx_buffer_fifo_8word.gml,21968,44088,404,403,12,6034,3650,4.01,True
automated_gscl45nm_cookbook_final_flag_array.gml,212,404,19,2,0,42,53,3.81,True
automated_gscl45nm_rs_encoder_decoder_latest_final_GF8Mult118.gml,43,53,8,8,8,0,18,2.47,True
automated_gscl45nm_turbo8051_latest_final_oc8051_psw.gml,162,255,25,10,0,36,44,3.15,False
automated_gscl45nm_mem_ctrl_latest_final_mc_cs_rf.gml,635,952,63,68,2,106,124,3.0,True
automated_gscl45nm_mriscv_final_DAC_interface_AXI.gml,288,391,19,49,2,27,34,2.72,False
automated_gscl45nm_AES-T1000_final_Trojan_Trigger.gml,2,1,0,1,0,0,0,1.0,True
automated_gscl45nm_AES-T1000_final_TSC.gml,277,386,31,64,9,21,13,2.79,True
automated_gscl45nm_AES-T200_final_final_round.gml,16545,31824,257,128,128,6032,8464,3.85,True
automated_gscl45nm_turbo8051_latest_final_oc8051_comp.gml,45,48,20,1,0,1,19,2.13,True
automated_gscl45nm_edge_latest_final_regfil.gml,8086,16370,49,64,0,1581,1419,4.05,True
automated_gscl45nm_configurable_crc_core_latest_final_crc_7.gml,44,73,4,7,0,1,2,3.32,True
automated_gscl45nm_aes_highthroughput_lowarea_latest_final_xram_16x64.gml,5112,10260,74,64,0,286,315,4.01,True
automated_gscl45nm_altor32_latest_final_altor32_dcache_mem_if.gml,2435,4469,166,170,1,452,491,3.67,True
automated_gscl45nm_cookbook_final_tx_4channel_arbiter.gml,9658,14990,1035,534,5,2079,3572,3.1,True
automated_gscl45nm_csa_latest_final_hex2seg.gml,63,99,4,8,1,19,18,3.14,False
automated_gscl45nm_aes_highthroughput_lowarea_latest_final_ram_16x64.gml,5125,10288,75,64,0,281,324,4.01,True
automated_gscl45nm_aes-encryption_latest_final_aes_rco.gml,91,144,2,16,5,18,30,3.16,True
automated_gscl45nm_ecg_latest_final_func4.gml,1990,2772,198,196,0,784,196,2.79,True
automated_gscl45nm_Aquarius_latest_final_decod.gml,2617,5264,41,136,6,944,522,4.02,True
automated_gscl45nm_trigonometric_functions_in_double_fpu_latest_final_sine_lut.gml,2059,3978,34,64,0,336,1414,3.86,False
automated_gscl45nm_iscas_final_s1196.gml,663,1146,15,14,0,277,170,3.46,True
automated_gscl45nm_aes_core_latest_final_aes_inv_sbox.gml,981,2000,8,8,0,305,525,4.08,True
automated_gscl45nm_openmsp430_latest_final_DE0_NANO_SOC_QSYS_jtag_uart_scfifo_w.gml,32,16,0,16,0,0,0,1.0,False
automated_gscl45nm_rs_encoder_decoder_latest_final_GF8Mult132.gml,40,48,8,8,6,0,16,2.4,True
automated_gscl45nm_rs_encoder_decoder_latest_final_GF8Mult126.gml,42,52,8,8,5,0,18,2.48,True
automated_gscl45nm_cookbook_final_dec_67_64.gml,274,272,68,66,65,0,67,1.99,False
automated_gscl45nm_des_latest_final_sbox7.gml,182,341,6,4,1,85,72,3.75,True
automated_gscl45nm_pairing_latest_final_f33m_mux3.gml,6054,7215,1749,582,0,1746,1164,2.38,True
automated_gscl45nm_verilog-trivium-master_final_Trivium.gml,16620,33083,162,1,6997,1091,14628,3.98,True
automated_gscl45nm_turbo8051_latest_final_spi_cfg.gml,917,1459,77,91,0,194,240,3.18,False
automated_gscl45nm_fpu_latest_final_div_r2.gml,14617,28712,75,100,1826,4930,6078,3.93,True
automated_gscl45nm_m32632_latest_final_CA_MATCH.gml,535,798,90,30,3,134,145,2.98,True
automated_gscl45nm_Lightweight-Threshold-Implementations-master_final_lut_datapat.gml,17,16,8,1,0,2,4,1.88,True
automated_gscl45nm_signed_integer_divider_latest_final_shift_15.gml,543,883,47,32,11,139,248,3.25,True
automated_gscl45nm_a-z80_latest_final_alu_select.gml,51,34,17,17,0,0,6,1.33,False
automated_gscl45nm_cookbook_final_split_add.gml,208,302,40,20,17,51,59,2.9,True
automated_gscl45nm_viterb_encoder_and_decoder_final_bmc000.gml,14,15,2,4,1,1,2,2.14,True
automated_gscl45nm_cookbook_final_min_max_unsigned.gml,177,293,18,16,4,50,46,3.31,True
automated_gscl45nm_tiny_aes_latest_final_expand_key_type_C_192.gml,5435,9646,201,320,128,1508,2292,3.55,True
automated_gscl45nm_cookbook_final_chain_delay_ra.gml,183,370,10,3,0,27,71,4.04,True
automated_gscl45nm_tiny_aes_latest_final_expand_key_type_A_256.gml,5839,10138,265,384,176,1508,2316,3.47,True
automated_gscl45nm_rs_encoder_decoder_latest_final_GF8Mult32.gml,38,44,8,8,5,0,14,2.32,True
automated_gscl45nm_rs_encoder_decoder_latest_final_GF8Mult26.gml,35,38,8,8,4,0,11,2.17,True
automated_gscl45nm_openmsp430_latest_final_DE0_NANO_SOC_QSYS_jtag_uart_sim_scfifo_r.gml,32,16,0,16,0,0,0,1.0,False
automated_gscl45nm_rs_encoder_decoder_latest_final_GF8Mult244.gml,42,52,8,8,8,0,18,2.48,True
automated_gscl45nm_ecg_latest_final_f3_mult.gml,22,28,4,2,0,8,2,2.55,True
automated_gscl45nm_two_dimensional_fast_hartley_transform_latest_final_fht_1d_x8.gml,2752,5502,11,12,260,579,851,4.0,True
automated_gscl45nm_cookbook_final_sbox3.gml,161,296,6,4,0,71,70,3.68,True
automated_gscl45nm_rs_encoder_decoder_latest_final_GF8Mult250.gml,39,44,8,8,4,0,13,2.26,True
automated_gscl45nm_cookbook_final_fec_parity.gml,512,831,64,32,149,0,383,3.25,True
automated_gscl45nm_cookbook_final_crc32_dat32_flat.gml,903,1611,64,32,325,0,772,3.57,True
automated_gscl45nm_cookbook_final_gf_mult_by_55.gml,42,52,8,8,7,0,18,2.48,True
automated_gscl45nm_cookbook_final_gf_mult_by_cd.gml,40,48,8,8,7,0,16,2.4,True
automated_gscl45nm_cookbook_final_gf_mult_by_41.gml,38,44,8,8,3,0,14,2.32,True
automated_gscl45nm_Lightweight-Threshold-Implementations-master_final_simon_key_expansion_shiftreg.gml,593,1135,10,9,5,52,58,3.83,True
automated_gscl45nm_cookbook_final_gf_mult_by_69.gml,44,56,8,8,11,0,20,2.55,True
automated_gscl45nm_cookbook_final_gf_mult_by_c2.gml,43,54,8,8,7,0,19,2.51,True
automated_gscl45nm_cookbook_final_inv_mix_one_colum.gml,371,614,32,32,121,0,275,3.31,True
automated_gscl45nm_cookbook_final_gf_mult_by_b6.gml,43,53,8,8,8,0,18,2.47,True
automated_gscl45nm_cookbook_final_gf_mult_by_96.gml,41,50,8,8,6,0,17,2.44,True
automated_gscl45nm_mriscvcore_final_ALU_bltu.gml,250,349,64,1,14,64,80,2.79,True
automated_gscl45nm_mem_ctrl_latest_final_mc_wb_if.gml,357,448,76,39,0,22,12,2.51,True
automated_gscl45nm_cookbook_final_permut.gml,96,64,32,32,0,0,0,1.33,False
automated_gscl45nm_cookbook_final_crc32c_zer64_flat.gml,416,704,32,32,132,0,320,3.38,True
automated_gscl45nm_cookbook_final_gf_mult_by_82.gml,39,46,8,8,6,0,15,2.36,True
automated_gscl45nm_turbo8051_latest_final_spi_if.gml,126,208,19,14,0,14,1,3.3,False
automated_gscl45nm_iscas_final_OR3.gml,7,6,3,1,0,0,2,1.71,True
automated_gscl45nm_pairing_latest_final_func7.gml,642,496,194,194,0,30,18,1.55,False
automated_gscl45nm_cookbook_final_gf_mult_by_8d.gml,40,47,8,8,5,0,15,2.35,True
automated_gscl45nm_orsoc_graphics_accelerator_final_memory_to_color.gml,270,399,36,36,0,52,97,2.96,False
automated_gscl45nm_Aquarius_latest_final_pio.gml,386,519,72,64,0,105,32,2.69,True
automated_gscl45nm_minirisc_latest_final_sfifo4x11.gml,233,461,14,11,0,44,0,3.96,True
automated_gscl45nm_pairing_latest_final_func6.gml,12,14,3,1,0,3,0,2.33,True
automated_gscl45nm_iscas_final_OR2.gml,5,4,2,1,0,0,1,1.6,True
automated_gscl45nm_AES-T100_final_T.gml,1962,3902,9,32,8,666,1024,3.98,True
automated_gscl45nm_cookbook_final_gf_mult_by_9a.gml,40,48,8,8,4,0,16,2.4,True
automated_gscl45nm_m1_core_latest_final_m1_cor.gml,19154,43365,35,71,247,5475,2480,4.53,True
automated_gscl45nm_cookbook_final_fixed_to_float.gml,520,879,9,32,2,211,119,3.38,False
automated_gscl45nm_m1_core_latest_final_dpram.gml,8,7,4,1,0,1,2,1.75,True
automated_gscl45nm_cookbook_final_gf_mult_by_83.gml,43,54,8,8,8,0,19,2.51,True
automated_gscl45nm_fpga-median_latest_final_common_network.gml,1692,2916,96,96,60,648,588,3.45,False
automated_gscl45nm_cookbook_final_gf_mult_by_97.gml,42,52,8,8,6,0,18,2.48,True
automated_gscl45nm_rs_5_3_gf256_latest_final_MULT_BY_ALPHA51.gml,36,40,8,8,8,0,12,2.22,True
automated_gscl45nm_turbo8051_latest_final_oc8051_sp.gml,192,323,26,16,8,40,41,3.36,True
automated_gscl45nm_cookbook_final_gf_mult_by_b7.gml,41,49,8,8,10,0,16,2.39,True
automated_gscl45nm_xge_mac_latest_final_generic_mem_medium.gml,1307,2544,42,32,0,79,33,3.89,True
automated_gscl45nm_cookbook_final_gf_mult_by_4f.gml,37,42,8,8,4,0,13,2.27,True
automated_gscl45nm_ft816float_latest_final_cntlz64Reg.gml,398,632,66,7,0,86,155,3.18,True
automated_gscl45nm_cookbook_final_gf_mult_by_68.gml,44,56,8,8,10,0,20,2.55,True
automated_gscl45nm_edge_latest_final_mult_unit.gml,6883,13536,64,64,1305,2389,3321,3.93,True
automated_gscl45nm_cookbook_final_gf_mult_by_c3.gml,41,49,8,8,7,0,16,2.39,True
automated_gscl45nm_crcahb_latest_final_crc_datapat.gml,5842,9201,54,106,0,2031,2054,3.15,True
automated_gscl45nm_cookbook_final_gf_mult_by_ba.gml,44,54,8,8,10,0,18,2.45,True
automated_gscl45nm_cookbook_final_passwd_to_bi.gml,184,120,56,64,0,0,0,1.3,False
automated_gscl45nm_cookbook_final_gf_mult_by_40.gml,39,46,8,8,4,0,15,2.36,True
automated_gscl45nm_cookbook_final_gf_mult_by_54.gml,39,46,8,8,5,0,15,2.36,True
automated_gscl45nm_jt51_latest_final_jt51_sintabl.gml,799,1697,8,12,0,278,354,4.25,True
automated_gscl45nm_RSA-Verilog-master_final_serial_to_parallel.gml,677,1078,10,116,1,42,22,3.18,True
automated_gscl45nm_aes-128_pipelined_encryption_latest_final_SBox.gml,922,1809,11,8,0,331,494,3.92,True
automated_gscl45nm_m1_core_latest_final_m1_mmu.gml,601,713,112,137,0,93,69,2.37,False
automated_gscl45nm_turbo8051_latest_final_stat_register.gml,11,11,5,1,0,2,1,2.0,True
automated_gscl45nm_rs_encoder_decoder_latest_final_RS8CALCR08.gml,868,1689,84,17,42,205,111,3.89,True
automated_gscl45nm_rs_encoder_decoder_latest_final_GF8Mult251.gml,39,43,8,8,4,0,12,2.21,True
automated_gscl45nm_cookbook_final_sbox2.gml,171,325,6,4,0,74,72,3.8,True
automated_gscl45nm_rs_encoder_decoder_latest_final_GF8Mult245.gml,45,58,8,8,9,0,21,2.58,True
automated_gscl45nm_aes-master_final_aes_key_mem.gml,17702,35458,296,161,249,4967,6152,4.01,True
automated_gscl45nm_rs_encoder_decoder_latest_final_GF8Mult27.gml,38,44,8,8,4,0,14,2.32,True
automated_gscl45nm_sha3_latest_final_f_permutatio.gml,23969,42840,579,1602,7360,3227,13444,3.57,True
automated_gscl45nm_minirisc_latest_final_mux2_7.gml,51,57,15,7,0,7,14,2.24,True
automated_gscl45nm_md5_pipelined_latest_final_Md5Cor.gml,87147,171451,641,128,8502,15536,24543,3.93,True
automated_gscl45nm_double_fpu_latest_final_fpu_su.gml,6285,12746,134,68,62,1932,1075,4.06,True
automated_gscl45nm_rs_encoder_decoder_latest_final_GF8Mult33.gml,38,43,8,8,4,0,13,2.26,True
automated_gscl45nm_a-z80_latest_final_pin_control.gml,29,34,9,3,0,6,9,2.34,True
automated_gscl45nm_viterb_encoder_and_decoder_final_bmc001.gml,16,17,2,4,0,2,1,2.12,True
automated_gscl45nm_apbtoaes128_latest_final_sBox.gml,998,1764,34,64,200,196,464,3.54,True
automated_gscl45nm_pairing_latest_final_f33m_add.gml,8148,11640,1164,582,0,2910,1746,2.86,False
automated_gscl45nm_pairing_latest_final_f32m_add4.gml,13968,21728,1552,388,0,5820,3492,3.11,False
automated_gscl45nm_pairing_latest_final_f32m_add.gml,5432,7760,776,388,0,1940,1164,2.86,False
automated_gscl45nm_dpll-isdn_latest_final_dpll.gml,300,604,2,5,10,105,90,4.03,True
automated_gscl45nm_ft816float_latest_final_delay1.gml,10,11,3,1,0,1,2,2.2,True
automated_gscl45nm_turbo8051_latest_final_clkg.gml,147,289,4,5,8,22,54,3.93,True
automated_gscl45nm_cookbook_final_cordi.gml,372,757,6,4,8,119,50,4.07,True
automated_gscl45nm_ecg_latest_final_f3m_su.gml,2425,3589,388,194,0,679,485,2.96,False
automated_gscl45nm_m32632_latest_final_MMU_UP.gml,358,465,78,42,16,84,39,2.6,True
automated_gscl45nm_cookbook_final_round.gml,1625,2767,120,120,80,567,633,3.41,False
automated_gscl45nm_cookbook_final_mask_16.gml,59,76,4,16,0,11,11,2.58,False
automated_gscl45nm_cookbook_final_c_rand.gml,1574,3089,34,16,221,439,846,3.93,False
automated_gscl45nm_xge_mac_latest_final_tx_dequeu.gml,4342,8930,150,163,576,671,1464,4.11,True
automated_gscl45nm_a-z80_latest_final_decode_stat.gml,63,84,15,8,0,9,13,2.67,False
automated_gscl45nm_openmsp430_latest_final_sync_debouncer_10ms.gml,116,246,3,1,4,39,33,4.24,True
automated_gscl45nm_openmsp430_latest_final_omsp_register_fil.gml,2324,4972,96,57,12,612,349,4.28,True
automated_gscl45nm_m1_core_latest_final_fontmap_rom.gml,3342,6818,13,8,0,862,1755,4.08,True
automated_gscl45nm_pairing_latest_final_f33m_mux2.gml,4230,4810,1166,582,0,1164,582,2.27,True
automated_gscl45nm_openmsp430_latest_final_omsp_uart.gml,991,1950,37,19,22,247,297,3.94,True
automated_gscl45nm_m32632_latest_final_NEU_VALID.gml,4264,8449,36,24,0,409,343,3.96,True
automated_gscl45nm_des_latest_final_sbox6.gml,181,337,6,4,0,88,69,3.72,True
automated_gscl45nm_signed_integer_divider_latest_final_shift_7.gml,422,669,39,32,4,100,186,3.17,True
automated_gscl45nm_rs_encoder_decoder_latest_final_GF8Mult127.gml,42,52,8,8,3,0,18,2.48,True
automated_gscl45nm_m1_core_latest_final_wb_text_vga.gml,86668,180293,13,38,15,11204,8654,4.16,False
automated_gscl45nm_rs_encoder_decoder_latest_final_GF8Mult133.gml,40,48,8,8,6,0,16,2.4,True
automated_gscl45nm_Lightweight-Threshold-Implementations-master_final_TI_Simon_Cor.gml,2121,4020,5,11,11,99,100,3.79,True
automated_gscl45nm_jt51_latest_final_jt51_s.gml,188,342,6,5,0,0,0,3.64,True
automated_gscl45nm_ecg_latest_final_func5.gml,603,423,194,196,0,7,5,1.4,False
automated_gscl45nm_mips_16_latest_final_instruction_mem.gml,101,150,8,16,0,22,35,2.97,False
automated_gscl45nm_openmsp430_latest_final_altera_avalon_st_pipeline_bas.gml,98,162,12,10,0,2,1,3.31,True
automated_gscl45nm_xge_mac_latest_final_generic_fifo.gml,1489,2896,38,36,18,115,86,3.89,True
automated_gscl45nm_m32632_latest_final_DRAM_SM.gml,1086,1943,96,48,28,222,181,3.58,False
automated_gscl45nm_openmsp430_latest_final_omsp_de0_nano_soc_led_key_sw.gml,985,2009,39,26,24,298,258,4.08,True
automated_gscl45nm_m32632_latest_final_DFPU_MISC.gml,1392,2604,95,70,20,322,215,3.74,True
automated_gscl45nm_cookbook_final_bitsca.gml,93,116,16,16,0,12,23,2.49,True
automated_gscl45nm_rs_encoder_decoder_latest_final_GF8Mult197.gml,41,49,8,8,4,0,16,2.39,True
automated_gscl45nm_rs_encoder_decoder_latest_final_GF8Mult183.gml,43,54,8,8,7,0,19,2.51,True
automated_gscl45nm_trigonometric_functions_in_double_fpu_latest_final_dividor.gml,882,1644,34,32,110,215,328,3.73,True
automated_gscl45nm_i2c_latest_final_i2c_master_top.gml,1143,2411,19,14,17,282,336,4.22,False
automated_gscl45nm_a-z80_latest_final_alu_mux_4.gml,11,11,6,1,0,0,0,2.0,True
automated_gscl45nm_rs_encoder_decoder_latest_final_GF8Mult154.gml,42,51,8,8,9,0,17,2.43,True
automated_gscl45nm_rs_encoder_decoder_latest_final_GF8Mult140.gml,38,44,8,8,4,0,14,2.32,True
automated_gscl45nm_des-master_final_crp.gml,1543,2869,80,32,49,692,636,3.72,True
automated_gscl45nm_rs_encoder_decoder_latest_final_GF8Mult168.gml,47,60,8,8,10,0,21,2.55,True
automated_gscl45nm_cookbook_final_ecc_encode_2bit.gml,15,14,2,6,1,0,1,1.87,True
automated_gscl45nm_crcahb_latest_final_bit_reversal.gml,348,542,34,32,0,131,97,3.11,True
automated_gscl45nm_cookbook_final_buf_2to3.gml,702,1312,20,26,2,207,173,3.74,True
automated_gscl45nm_openmsp430_latest_final_DE0_NANO_SOC_Default.gml,144,268,2,11,18,38,33,3.72,False
automated_gscl45nm_tiny_tate_bilinear_pairing_latest_final_v0.gml,518,388,130,194,0,0,0,1.5,False
automated_gscl45nm_iscas_final_FD1S2.gml,16,16,5,2,0,2,2,2.0,True
automated_gscl45nm_jt51_latest_final_jt51.gml,25526,51481,13,109,524,5687,6245,4.03,False
automated_gscl45nm_openmsp430_latest_final_ext_de1_sram.gml,1893,4420,22,9,12,367,414,4.67,True
automated_gscl45nm_cookbook_final_fec_rot_12.gml,139,149,32,32,27,0,42,2.14,True
automated_gscl45nm_present_encryptor_latest_final_substitutio.gml,640,1056,64,64,16,176,176,3.3,False
automated_gscl45nm_pairing_latest_final_f3m_cubi.gml,2342,3556,194,194,0,880,528,3.04,False
automated_gscl45nm_gcm-aes_latest_final_aes_sbox.gml,955,1920,8,8,0,337,500,4.02,True
automated_gscl45nm_simon_core_latest_final_simon_key_expansion_shiftreg.gml,572,1117,10,2,6,55,55,3.91,True
automated_gscl45nm_openmsp430_latest_final_omsp_alu.gml,814,1500,61,40,39,251,182,3.69,True
automated_gscl45nm_iscas_final_s1494.gml,970,1713,9,19,0,499,247,3.53,True
automated_gscl45nm_ft816float_latest_final_fpDecomp.gml,227,239,32,64,0,14,28,2.11,False
automated_gscl45nm_des-master_final_sbox7.gml,182,341,6,4,1,85,72,3.75,True
automated_gscl45nm_jt51_latest_final_jt51_sh2.gml,562,1054,8,5,0,15,15,3.75,True
automated_gscl45nm_turbo8051_latest_final_oc8051_indi_addr.gml,474,930,23,8,0,92,110,3.92,True
automated_gscl45nm_mem_ctrl_latest_final_mc_dp.gml,1543,2929,90,69,14,453,187,3.8,True
automated_gscl45nm_rs_encoder_decoder_latest_final_GF8Mult97.gml,39,45,8,8,5,0,14,2.31,True
automated_gscl45nm_iscas_final_AN4.gml,9,8,4,1,0,3,0,1.78,True
automated_gscl45nm_rs_encoder_decoder_latest_final_GF8Mult83.gml,46,59,8,8,11,0,21,2.57,True
automated_gscl45nm_sha_core_latest_final_sha1.gml,7722,17802,38,36,267,1565,1497,4.61,True
automated_gscl45nm_rs_encoder_decoder_latest_final_GF8Mult222.gml,37,41,8,8,5,0,12,2.22,True
automated_gscl45nm_rs_encoder_decoder_latest_final_GF8Mult68.gml,44,56,8,8,6,0,20,2.55,True
automated_gscl45nm_turbo8051_latest_final_g_tx_crc32.gml,380,710,12,32,57,25,132,3.74,True
automated_gscl45nm_rs_encoder_decoder_latest_final_GF8Mult236.gml,42,52,8,8,4,0,18,2.48,True
automated_gscl45nm_iscas_final_FD1.gml,5,4,2,1,0,0,0,1.6,True
automated_gscl45nm_rs_encoder_decoder_latest_final_GF8Mult54.gml,41,50,8,8,9,0,17,2.44,True
automated_gscl45nm_openmsp430_latest_final_spartan3e_dmem.gml,16,8,0,8,0,0,0,1.0,False
automated_gscl45nm_rs_encoder_decoder_latest_final_GF8Mult40.gml,45,57,8,8,12,0,20,2.53,True
automated_gscl45nm_aes-128_pipelined_encryption_latest_final_SubBytes.gml,14744,28983,131,129,0,5296,7904,3.93,True
automated_gscl45nm_cookbook_final_gf_mult_by_e4.gml,44,55,8,8,10,0,19,2.5,True
automated_gscl45nm_cookbook_final_gf_mult_by_d0.gml,45,58,8,8,9,0,21,2.58,True
automated_gscl45nm_pairing_latest_final_f32m_mux6.gml,347,616,4,6,0,136,81,3.55,True
automated_gscl45nm_cookbook_final_gf_mult_by_2a.gml,40,47,8,8,3,0,15,2.35,True
automated_gscl45nm_cookbook_final_gf_mult_by_33.gml,42,52,8,8,4,0,18,2.48,True
automated_gscl45nm_mriscv_final_ADC_interface_AXI.gml,168,207,17,37,0,46,13,2.46,False
automated_gscl45nm_cookbook_final_gf_mult_by_f8.gml,46,60,8,8,12,0,22,2.61,True
automated_gscl45nm_cookbook_final_adder_tree_nod.gml,197,292,33,17,25,48,48,2.96,True
automated_gscl45nm_cookbook_final_gf_mult_by_df.gml,47,62,8,8,13,0,23,2.64,True
automated_gscl45nm_cookbook_final_gf_mult_by_27.gml,36,39,8,8,4,0,11,2.17,True
automated_gscl45nm_sha256-master_final_sha256_stream.gml,12033,25204,517,258,578,4450,2775,4.19,True
automated_gscl45nm_cookbook_final_big_sigma_1_512.gml,320,384,64,64,0,0,128,2.4,True
automated_gscl45nm_a-z80_latest_final_alu_bit_select.gml,34,44,3,8,0,10,2,2.59,True
automated_gscl45nm_crcahb_latest_final_crc_control_unit.gml,165,315,6,11,1,43,52,3.82,True
automated_gscl45nm_two_dimensional_fast_hartley_transform_latest_final_fht_8x8_cor.gml,3809,7701,3,15,389,841,1033,4.04,True
automated_gscl45nm_16x2_lcd_display_driver_latest_final_lcd_fpga.gml,315,648,3,10,12,84,75,4.11,True
automated_gscl45nm_m1_core_latest_final_ps2_io_ctrl.gml,21,24,6,3,0,1,2,2.29,True
automated_gscl45nm_RSA-Verilog-master_final_LED_Verilog.gml,138,260,1,8,12,33,43,3.77,True
automated_gscl45nm_cookbook_final_gf_mult_by_26.gml,43,54,8,8,8,0,19,2.51,True
automated_gscl45nm_iscas_final_s349.gml,214,331,10,11,0,66,44,3.09,True
automated_gscl45nm_a-z80_latest_final_alu_control.gml,111,126,28,18,0,11,17,2.27,False
automated_gscl45nm_cookbook_final_gf_mult_by_32.gml,40,46,8,8,5,0,14,2.3,True
automated_gscl45nm_cookbook_final_gf_mult_by_f9.gml,45,57,8,8,10,0,20,2.53,True
automated_gscl45nm_cookbook_final_gf_mult_by_d1.gml,49,66,8,8,12,0,25,2.69,True
automated_gscl45nm_cookbook_final_gf_mult_by_3d.gml,43,54,8,8,8,0,19,2.51,True
automated_gscl45nm_cookbook_final_float_to_fixed.gml,124,196,16,9,1,39,30,3.16,False
automated_gscl45nm_sdr_ctrl_latest_final_sdrc_req_g.gml,905,1657,50,46,37,321,186,3.66,False
automated_gscl45nm_mriscv_final_spi_axi_master.gml,2488,4502,42,113,0,708,372,3.62,False
automated_gscl45nm_openmsp430_latest_final_cyclonev_io_ibuf.gml,3,2,1,1,0,0,0,1.33,True
automated_gscl45nm_cookbook_final_gf_mult_by_e5.gml,52,72,8,8,12,0,28,2.77,True
automated_gscl45nm_rs_encoder_decoder_latest_final_GF8Mult41.gml,46,59,8,8,9,0,21,2.57,True
automated_gscl45nm_edge_latest_final_alu_decoder.gml,62,91,10,4,1,17,19,2.94,True
automated_gscl45nm_rs_encoder_decoder_latest_final_GF8Mult55.gml,42,51,8,8,10,0,17,2.43,True
automated_gscl45nm_rs_encoder_decoder_latest_final_GF8Mult237.gml,41,49,8,8,4,0,16,2.39,True
automated_gscl45nm_rs_encoder_decoder_latest_final_GF8Mult223.gml,37,41,8,8,6,0,12,2.22,True
automated_gscl45nm_orsoc_graphics_accelerator_final_gfx_wbs.gml,31,39,8,4,4,9,7,2.52,True
automated_gscl45nm_rs_encoder_decoder_latest_final_GF8Mult69.gml,43,54,8,8,5,0,19,2.51,True
automated_gscl45nm_minirisc_latest_final_xilinx_mux8_8.gml,16,8,0,8,0,0,0,1.0,False
automated_gscl45nm_rs_encoder_decoder_latest_final_GF8Mult82.gml,47,61,8,8,9,0,22,2.6,True
automated_gscl45nm_ecg_latest_final_f3_su.gml,25,37,4,2,0,7,5,2.96,True
automated_gscl45nm_sha1-master_final_sha1_w_mem.gml,5283,10139,516,32,21,1022,1597,3.84,True
automated_gscl45nm_cookbook_final_uart_tx.gml,167,333,11,2,11,59,30,3.99,True
automated_gscl45nm_rs_encoder_decoder_latest_final_GF8Mult96.gml,41,49,8,8,6,0,16,2.39,True
automated_gscl45nm_a-z80_latest_final_memory_if.gml,126,221,13,8,0,14,13,3.51,True
automated_gscl45nm_des-master_final_sbox6.gml,181,337,6,4,0,88,69,3.72,True
automated_gscl45nm_cookbook_final_twenty_to_eight.gml,18604,35010,1324,530,0,4889,5028,3.76,True
automated_gscl45nm_sha1-master_final_sha1.gml,12894,27334,44,33,278,3666,3467,4.24,True
automated_gscl45nm_minirisc_latest_final_xilinx_inc11.gml,22,11,0,11,0,0,0,1.0,False
automated_gscl45nm_turbo8051_latest_final_uart_cor.gml,2017,4560,17,34,46,502,200,4.52,True
automated_gscl45nm_ft816float_latest_final_cntlz48.gml,272,422,48,6,0,57,103,3.1,True
automated_gscl45nm_a-z80_latest_final_inc_d.gml,145,191,19,16,17,18,45,2.63,True
automated_gscl45nm_mriscv_final_spi_axi_slav.gml,563,900,38,40,2,160,125,3.2,False
automated_gscl45nm_cavlc_latest_final_cavlc_read_levels.gml,2299,4841,33,149,50,583,277,4.21,True
automated_gscl45nm_turbo8051_latest_final_oc8051_divid.gml,286,542,19,17,27,72,89,3.79,True
automated_gscl45nm_xge_mac_latest_final_tx_enqueu.gml,243,183,74,75,1,4,6,1.51,False
automated_gscl45nm_fixed_point_arithmetic_parameterized_latest_final_top.gml,1192,2227,66,32,38,391,267,3.74,True
automated_gscl45nm_openmsp430_latest_final_omsp_sync_reset.gml,7,8,2,1,0,0,0,2.29,True
automated_gscl45nm_cookbook_final_scrambler.gml,4687,8038,515,512,488,759,1105,3.43,True
automated_gscl45nm_cookbook_final_fec_rot_13.gml,143,156,32,32,29,0,45,2.18,True
automated_gscl45nm_tiny_tate_bilinear_pairing_latest_final_v1.gml,482,338,94,194,0,0,0,1.4,False
automated_gscl45nm_m32632_latest_final_CONFIG_REGS.gml,781,1217,85,72,5,69,90,3.12,True
automated_gscl45nm_gcm-aes_latest_final_gfm128_16.gml,5680,9566,272,256,825,2023,2131,3.37,True
automated_gscl45nm_cookbook_final_h_register.gml,9491,15962,515,1024,377,2498,2323,3.36,True
automated_gscl45nm_rs_encoder_decoder_latest_final_GF8Mult169.gml,46,60,8,8,11,0,22,2.61,True
automated_gscl45nm_rs_encoder_decoder_latest_final_GF8Mult141.gml,39,45,8,8,3,0,14,2.31,True
automated_gscl45nm_iscas_final_NR4.gml,9,8,4,1,0,1,1,1.78,True
automated_gscl45nm_cpu8080_latest_final_scnromu.gml,321,632,8,8,0,77,191,3.94,False
automated_gscl45nm_openmsp430_latest_final_spartan3e_pmem.gml,16,8,0,8,0,0,0,1.0,False
automated_gscl45nm_rs_encoder_decoder_latest_final_GF8Mult155.gml,46,59,8,8,6,0,21,2.57,True
automated_gscl45nm_cookbook_final_crc32_dat48_flat.gml,1183,2130,80,32,456,0,1027,3.6,True
automated_gscl45nm_rs_encoder_decoder_latest_final_GF8Mult182.gml,41,49,8,8,7,0,16,2.39,True
automated_gscl45nm_iscas_final_s9234.gml,3747,5158,29,39,0,847,424,2.75,False
automated_gscl45nm_rs_encoder_decoder_latest_final_GF8Mult196.gml,39,46,8,8,4,0,15,2.36,True
automated_gscl45nm_gost28147-89_latest_final_gost89_pipelined_ecb_decrypt.gml,52878,100685,833,64,1760,24384,20576,3.81,True
automated_gscl45nm_rs_encoder_decoder_latest_final_GF8Mult180.gml,41,49,8,8,5,0,16,2.39,True
automated_gscl45nm_cookbook_final_min_max_signed.gml,157,250,18,16,9,38,41,3.18,True
automated_gscl45nm_rs_encoder_decoder_latest_final_GF8Mult194.gml,40,46,8,8,5,0,14,2.3,True
automated_gscl45nm_cookbook_final_ab_register.gml,8321,15088,643,512,769,1911,2400,3.63,True
automated_gscl45nm_cookbook_final_crc24_zer64x3_flat.gml,262,428,24,24,69,0,190,3.27,True
automated_gscl45nm_m32632_latest_final_DFPU_DIV.gml,6883,13659,124,138,295,2195,1632,3.97,True
automated_gscl45nm_cookbook_final_crc24_zer64x2_flat.gml,279,460,24,24,92,0,205,3.3,True
automated_gscl45nm_cookbook_final_gearbox_32_66.gml,1538,3012,36,74,12,447,318,3.92,True
automated_gscl45nm_rs_encoder_decoder_latest_final_GF8Mult143.gml,39,46,8,8,5,0,15,2.36,True
automated_gscl45nm_rs_encoder_decoder_latest_final_GF8Mult157.gml,48,62,8,8,9,0,22,2.58,True
automated_gscl45nm_tiny_aes_latest_final_expand_key_type_A_192.gml,5507,9742,201,320,176,1508,2316,3.54,True
automated_gscl45nm_a-z80_latest_final_alu_flags.gml,138,195,32,32,0,34,2,2.83,False
automated_gscl45nm_Lightweight-Threshold-Implementations-master_final_datapath_simon2shar.gml,1016,1881,15,2,0,18,21,3.7,True
automated_gscl45nm_cookbook_final_fec_rot_11.gml,134,138,32,32,27,0,36,2.06,True
automated_gscl45nm_rs_encoder_decoder_latest_final_GF8Dft_Idft.gml,22215,44892,12,8,3821,4080,14529,4.04,True
automated_gscl45nm_viterb_encoder_and_decoder_final_bmc111.gml,14,15,2,4,1,1,2,2.14,True
automated_gscl45nm_jt51_latest_final_sh_encod.gml,245,445,18,2,2,73,92,3.63,True
automated_gscl45nm_cookbook_final_stream_mux.gml,115,160,24,12,0,37,17,2.78,True
automated_gscl45nm_aes_highthroughput_lowarea_latest_final_MULD.gml,64,81,8,8,9,0,25,2.53,True
automated_gscl45nm_cookbook_final_encoder.gml,1566,2863,13,128,233,392,654,3.66,True
automated_gscl45nm_jt51_latest_final_jt51_sh1.gml,119,215,4,1,0,3,3,3.61,True
automated_gscl45nm_des-master_final_sbox4.gml,182,343,6,4,0,88,72,3.77,True
automated_gscl45nm_iscas_final_c1908.gml,247,381,33,25,31,48,94,3.09,True
automated_gscl45nm_jt51_latest_final_jt51_timers.gml,314,592,30,4,5,120,71,3.77,True
automated_gscl45nm_pairing_latest_final_f3_add.gml,28,40,4,2,0,10,6,2.86,True
automated_gscl45nm_rs_encoder_decoder_latest_final_GF8Mult80.gml,49,66,8,8,9,0,25,2.69,True
automated_gscl45nm_sdr_ctrl_latest_final_sync_fifo.gml,215,398,12,10,5,18,14,3.7,True
automated_gscl45nm_rs_encoder_decoder_latest_final_GF8Mult94.gml,41,50,8,8,8,0,17,2.44,True
automated_gscl45nm_m32632_latest_final_DATENPFAD.gml,76644,156443,328,362,6217,20460,22271,4.08,False
automated_gscl45nm_rs_encoder_decoder_latest_final_GF8Mult235.gml,40,48,8,8,7,0,16,2.4,True
automated_gscl45nm_Lightweight-Threshold-Implementations-master_final_serial_simo.gml,1102,2132,4,3,13,96,76,3.87,True
automated_gscl45nm_rs_encoder_decoder_latest_final_GF8Mult221.gml,35,38,8,8,6,0,11,2.17,True
automated_gscl45nm_cookbook_final_gearbox_20_66.gml,1307,2353,22,67,3,410,341,3.6,True
automated_gscl45nm_rs_encoder_decoder_latest_final_GF8Mult209.gml,43,53,8,8,8,0,18,2.47,True
automated_gscl45nm_jt51_latest_final_jt51_lin2exp.gml,217,384,16,13,0,87,73,3.54,True
automated_gscl45nm_rs_encoder_decoder_latest_final_GF8Mult43.gml,41,50,8,8,8,0,17,2.44,True
automated_gscl45nm_cookbook_final_gearbox_33_32.gml,996,1986,37,34,1,352,209,3.99,True
automated_gscl45nm_rs_encoder_decoder_latest_final_GF8Mult57.gml,45,56,8,8,12,0,19,2.49,True
automated_gscl45nm_iscas_final_s820.gml,588,1042,19,19,0,217,211,3.54,True
automated_gscl45nm_cookbook_final_gf_mult_by_18.gml,37,42,8,8,4,0,13,2.27,True
automated_gscl45nm_rsencoder_latest_final_GFMUL8.gml,231,417,16,8,52,68,128,3.61,True
automated_gscl45nm_cookbook_final_gf_mult_by_d3.gml,48,63,8,8,9,0,23,2.62,True
automated_gscl45nm_cookbook_final_gf_mult_by_e7.gml,48,64,8,8,7,0,24,2.67,True
automated_gscl45nm_iscas_final_FDMASK.gml,7,6,3,1,0,1,0,1.71,True
automated_gscl45nm_cookbook_final_gf_mult_by_3f.gml,46,60,8,8,8,0,22,2.61,True
automated_gscl45nm_cookbook_final_gf_mult_by_24.gml,41,50,8,8,7,0,17,2.44,True
automated_gscl45nm_rsencoder_latest_final_rs_encod.gml,3957,7435,139,128,968,1089,2184,3.76,True
automated_gscl45nm_cookbook_final_gf_mult_by_ea.gml,38,43,8,8,5,0,13,2.26,True
automated_gscl45nm_cookbook_final_gf_mult_by_30.gml,40,48,8,8,4,0,16,2.4,True
automated_gscl45nm_Aquarius_latest_final_uart.gml,912,1745,33,34,26,201,129,3.83,False
automated_gscl45nm_turbo8051_latest_final_g_deferral.gml,79,143,12,1,2,14,27,3.62,True
automated_gscl45nm_ft816float_latest_final_i2f.gml,989,1852,37,32,36,249,365,3.75,True
automated_gscl45nm_cookbook_final_rgb_to_hu.gml,5940,11933,25,8,38,2266,2831,4.02,True
automated_gscl45nm_dpll-isdn_latest_final_randomwalkfilter.gml,112,225,3,2,3,44,37,4.02,True
automated_gscl45nm_cookbook_final_crc32c_dat64_only_flat.gml,908,1622,64,32,344,0,778,3.57,True
automated_gscl45nm_openmsp430_latest_final_openMSP430_fpga.gml,5495,11768,34,45,88,1652,1162,4.28,False
automated_gscl45nm_reed_solomon_codec_generator_latest_final_RsDecodeShiftOmega.gml,4688,8443,181,176,0,1927,1744,3.6,True
automated_gscl45nm_m32632_latest_final_DCA_CONTROL.gml,246,328,42,35,3,60,25,2.67,True
automated_gscl45nm_turbo8051_latest_final_oc8051_sfr.gml,4022,8016,100,96,40,1313,1173,3.99,True
automated_gscl45nm_8bit_vedic_multiplier_latest_final_ripple_adder_4bit.gml,39,50,9,5,8,8,12,2.56,True
automated_gscl45nm_openmsp430_latest_final_DE0_NANO_SOC_QSYS_sw.gml,310,518,26,33,0,54,72,3.34,False
automated_gscl45nm_cookbook_final_unstable_counters.gml,72,64,0,8,8,0,56,1.78,False
automated_gscl45nm_cookbook_final_gf_mult_by_31.gml,42,51,8,8,7,0,17,2.43,True
automated_gscl45nm_cookbook_final_gf_mult_by_25.gml,39,44,8,8,5,0,13,2.26,True
automated_gscl45nm_cookbook_final_rot_word.gml,96,64,32,32,0,0,0,1.33,False
automated_gscl45nm_cookbook_final_gf_mult_by_dd.gml,40,47,8,8,6,0,15,2.35,True
automated_gscl45nm_Lightweight-Threshold-Implementations-master_final_datapath_shar.gml,470,894,10,2,0,5,7,3.8,True
automated_gscl45nm_cookbook_final_gf_mult_by_e6.gml,42,52,8,8,8,0,18,2.48,True
automated_gscl45nm_turbo8051_latest_final_uart_rxfsm.gml,214,419,8,11,6,40,55,3.92,True
automated_gscl45nm_cookbook_final_gf_mult_by_19.gml,39,45,8,8,6,0,14,2.31,True
automated_gscl45nm_minirisc_latest_final_xilinx_add_sub8_co.gml,18,9,0,9,0,0,0,1.0,False
automated_gscl45nm_cookbook_final_gf_mult_by_d2.gml,45,57,8,8,12,0,20,2.53,True
automated_gscl45nm_turbo8051_latest_final_oc8051_ram_256x8_two_bist.gml,10442,23585,28,8,0,3129,888,4.52,True
automated_gscl45nm_m1_core_latest_final_ddr_rpat.gml,1450,2832,21,33,8,122,64,3.91,False
automated_gscl45nm_reed_solomon_decoder_latest_final_GF_matrix_d.gml,834,1655,10,8,7,363,295,3.97,True
automated_gscl45nm_altor32_latest_final_altor32_lit.gml,12874,26740,39,76,123,3774,2710,4.15,False
automated_gscl45nm_rs_encoder_decoder_latest_final_GF8Mult56.gml,45,58,8,8,13,0,21,2.58,True
automated_gscl45nm_tiny_tate_bilinear_pairing_latest_final_muxer.gml,1416,1613,397,198,0,198,396,2.28,True
automated_gscl45nm_rs_encoder_decoder_latest_final_GF8Mult208.gml,43,53,8,8,8,0,18,2.47,True
automated_gscl45nm_AES-T100_final_table_lookup.gml,7853,15616,33,128,32,2664,4096,3.98,True
automated_gscl45nm_rs_encoder_decoder_latest_final_GF8Mult42.gml,42,52,8,8,6,0,18,2.48,True
automated_gscl45nm_AES-T1000_final_S.gml,1010,1956,9,8,0,377,521,3.87,True
automated_gscl45nm_cookbook_final_gearbox_66_32.gml,1365,2725,70,34,2,421,261,3.99,True
automated_gscl45nm_cookbook_final_gearbox_20_67.gml,1526,3000,23,68,6,387,574,3.93,True
automated_gscl45nm_rs_encoder_decoder_latest_final_GF8Mult220.gml,35,38,8,8,7,0,11,2.17,True
automated_gscl45nm_m1_core_latest_final_m1_cpu.gml,12965,28659,230,305,47,3347,1025,4.42,False
automated_gscl45nm_rs_encoder_decoder_latest_final_GF8Mult234.gml,40,48,8,8,8,0,16,2.4,True
automated_gscl45nm_rs_encoder_decoder_latest_final_GF8Mult95.gml,41,49,8,8,6,0,16,2.39,True
automated_gscl45nm_m32632_latest_final_KOLDETECT.gml,862,1448,115,37,48,236,194,3.36,True
automated_gscl45nm_edge_latest_final_shifter_right_logical.gml,454,792,37,32,0,148,98,3.49,True
automated_gscl45nm_m32632_latest_final_I_PFAD.gml,5629,11383,352,58,118,1973,1107,4.04,False
automated_gscl45nm_pairing_latest_final_f32m_cubi.gml,5133,7948,389,388,0,1760,1056,3.1,True
automated_gscl45nm_rs_encoder_decoder_latest_final_GF8Mult81.gml,48,64,8,8,6,0,24,2.67,True
automated_gscl45nm_ecg_latest_final_f3_add1.gml,9,9,2,2,0,1,1,2.0,True
automated_gscl45nm_rs_decoder_31_19_6_latest_final_inverscom.gml,91,165,5,5,17,26,40,3.63,True
automated_gscl45nm_ft816float_latest_final_redor64.gml,594,1042,70,1,0,152,356,3.51,True
automated_gscl45nm_AES-T1000_final_expand_key_128.gml,5174,9345,137,256,176,1508,2316,3.61,True
automated_gscl45nm_des-master_final_sbox5.gml,184,347,6,4,0,87,75,3.77,True
automated_gscl45nm_aes_highthroughput_lowarea_latest_final_MUL3.gml,40,43,8,8,11,0,11,2.15,True
automated_gscl45nm_rsencoder_latest_final_GFADD.gml,40,32,16,8,8,0,8,1.6,False
automated_gscl45nm_aes_highthroughput_lowarea_latest_final_MULE.gml,64,81,8,8,9,0,25,2.53,True
automated_gscl45nm_AES-T100_final_final_round.gml,15761,31552,257,128,128,5376,8032,4.0,True
automated_gscl45nm_turbo8051_latest_final_double_sync_low.gml,8,11,3,1,0,0,0,2.75,True
automated_gscl45nm_viterb_encoder_and_decoder_final_bmc110.gml,16,17,2,4,0,2,1,2.12,True
automated_gscl45nm_tiny_tate_bilinear_pairing_latest_final_v2.gml,428,258,40,194,0,0,0,1.21,False
automated_gscl45nm_pairing_latest_final_f3_su.gml,28,40,4,2,0,10,6,2.86,True
automated_gscl45nm_cookbook_final_fec_rot_10.gml,130,131,32,32,28,0,33,2.02,True
automated_gscl45nm_Aquarius_latest_final_sasc_top.gml,574,1128,16,12,11,76,51,3.93,True
automated_gscl45nm_8bit_vedic_multiplier_latest_final_ripple_adder_8bit.gml,75,98,17,9,16,16,24,2.61,True
automated_gscl45nm_cookbook_final_clock_follow.gml,7,9,1,1,0,0,1,2.57,True
automated_gscl45nm_cookbook_final_synchronizer.gml,130,238,20,16,0,0,0,3.66,True
automated_gscl45nm_cookbook_final_reference_arbiter.gml,520,986,20,16,0,216,142,3.79,True
automated_gscl45nm_gng_latest_final_gng_coef.gml,3776,7414,9,53,0,669,2468,3.93,True
automated_gscl45nm_a-z80_latest_final_bus_swit.gml,15,10,5,5,0,0,0,1.33,False
automated_gscl45nm_rs_encoder_decoder_latest_final_GF8Mult156.gml,44,55,8,8,9,0,19,2.5,True
automated_gscl45nm_RSA-CRYPTOSYSTEM-using-verilog-master_final_mod.gml,3451,6732,38,38,480,902,1669,3.9,True
automated_gscl45nm_rs_encoder_decoder_latest_final_GF8Mult142.gml,40,47,8,8,3,0,15,2.35,True
automated_gscl45nm_SHA_final_ROM.gml,896,1716,8,32,0,213,516,3.83,True
automated_gscl45nm_cavlc_latest_final_cavlc_fsm.gml,300,529,27,14,6,88,100,3.53,True
automated_gscl45nm_cookbook_final_crc32c_dat64_flat.gml,1366,2468,96,32,616,0,1198,3.61,True
automated_gscl45nm_rs_encoder_decoder_latest_final_RS8Controller.gml,402,723,6,33,14,141,99,3.6,True
automated_gscl45nm_rs_encoder_decoder_latest_final_GF8Mult195.gml,40,46,8,8,5,0,14,2.3,True
automated_gscl45nm_pairing_latest_final_f3m_mux6.gml,3770,4734,1170,194,0,1164,970,2.51,True
automated_gscl45nm_altor32_latest_final_altor32_alu.gml,1715,3594,69,40,47,607,277,4.19,True
automated_gscl45nm_openmsp430_latest_final_omsp_scan_mux.gml,9,9,3,1,0,1,2,2.0,True
automated_gscl45nm_rs_encoder_decoder_latest_final_GF8Mult181.gml,42,52,8,8,5,0,18,2.48,True
automated_gscl45nm_a-z80_latest_final_alu_mux_2.gml,9,9,3,1,0,1,2,2.0,True
automated_gscl45nm_cookbook_final_fec_rot_8.gml,128,128,32,32,20,0,32,2.0,False
automated_gscl45nm_mriscv_final_macstate2.gml,83,146,8,5,0,16,24,3.52,True
automated_gscl45nm_rs_encoder_decoder_latest_final_GF8Mult185.gml,43,54,8,8,6,0,19,2.51,True
automated_gscl45nm_rs_encoder_decoder_latest_final_GF8Mult191.gml,37,42,8,8,3,0,13,2.27,True
automated_gscl45nm_RSA-CRYPTOSYSTEM-using-verilog-master_final_dff.gml,7,6,3,1,0,0,0,1.71,True
automated_gscl45nm_cookbook_final_uart_hw_test.gml,474,1005,3,1,32,140,120,4.24,True
automated_gscl45nm_ecg_latest_final_f3m_ni.gml,4134,7125,195,194,0,1232,1056,3.45,True
automated_gscl45nm_rs_encoder_decoder_latest_final_GF8Mult146.gml,39,46,8,8,4,0,15,2.36,True
automated_gscl45nm_iscas_final_NR3.gml,6,5,3,1,0,0,1,1.67,True
automated_gscl45nm_cookbook_final_inv_shift_rows.gml,384,256,128,128,0,0,0,1.33,False
automated_gscl45nm_mriscvcore_final_ALU_blt.gml,253,361,64,1,6,69,71,2.85,True
automated_gscl45nm_rs_encoder_decoder_latest_final_GF8Mult152.gml,43,54,8,8,11,0,19,2.51,True
automated_gscl45nm_cookbook_final_fec_rot_28.gml,235,342,32,32,51,0,139,2.91,True
automated_gscl45nm_rs_decoder_31_19_6_latest_final_degree5_cell.gml,51,75,8,5,3,10,17,2.94,True
automated_gscl45nm_cookbook_final_scrambler_lfsr.gml,663,1204,63,66,84,72,180,3.63,True
automated_gscl45nm_rs_decoder_31_19_6_latest_final_degree4_cell.gml,50,72,8,5,3,10,15,2.88,True
automated_gscl45nm_two_dimensional_fast_hartley_transform_latest_final_mtx_trps_8x8_dpsram.gml,71,127,3,9,12,17,15,3.58,False
automated_gscl45nm_cookbook_final_vga_driver.gml,471,770,32,55,25,152,94,3.27,False
automated_gscl45nm_viterb_encoder_and_decoder_final_bmc100.gml,14,15,2,4,1,1,2,2.14,True
automated_gscl45nm_cookbook_final_fec_rot_14.gml,139,150,32,32,25,0,43,2.16,True
automated_gscl45nm_cookbook_final_ecc_raw_data_16bit.gml,48,32,16,16,0,0,0,1.33,False
automated_gscl45nm_openmsp430_latest_final_DAC121S101.gml,119,205,3,12,1,36,19,3.45,True
automated_gscl45nm_aes-128_pipelined_encryption_latest_final_ShiftRows.gml,947,1458,131,129,0,128,256,3.08,True
automated_gscl45nm_sdr_ctrl_latest_final_async_fifo.gml,276,544,14,12,12,36,27,3.94,True
automated_gscl45nm_openmsp430_latest_final_ogfx_reg_vram_if.gml,1788,3308,76,120,90,442,407,3.7,False
automated_gscl45nm_ft816float_latest_final_fpCompar.gml,462,781,64,5,29,112,209,3.38,False
automated_gscl45nm_tiny_aes_latest_final_table_lookup.gml,8381,16108,33,128,32,3004,4340,3.84,True
automated_gscl45nm_tiny_aes_latest_final_expand_key_type_B_256.gml,5871,10202,257,384,192,1508,2340,3.48,True
automated_gscl45nm_rs_encoder_decoder_latest_final_GF8Mult85.gml,49,66,8,8,11,0,25,2.69,True
automated_gscl45nm_openmsp430_latest_final_virtex4_dmem.gml,32,16,0,16,0,0,0,1.0,False
automated_gscl45nm_present_encryptor_latest_final_sbox.gml,40,66,4,4,1,11,11,3.3,True
automated_gscl45nm_openmsp430_latest_final_virtex5_dmem.gml,32,16,0,16,0,0,0,1.0,False
automated_gscl45nm_rs_encoder_decoder_latest_final_GF8Mult91.gml,47,62,8,8,9,0,23,2.64,True
automated_gscl45nm_iscas_final_AN2.gml,5,4,2,1,0,1,0,1.6,True
automated_gscl45nm_des-master_final_sbox1.gml,183,349,6,4,0,87,74,3.81,True
automated_gscl45nm_rs_encoder_decoder_latest_final_GF8Mult46.gml,39,44,8,8,6,0,13,2.26,True
automated_gscl45nm_rs_encoder_decoder_latest_final_GF8Mult218.gml,35,38,8,8,3,0,11,2.17,True
automated_gscl45nm_mriscvcore_final_ALU.gml,3090,5965,111,36,133,921,894,3.86,True
automated_gscl45nm_rs_encoder_decoder_latest_final_GF8Mult52.gml,40,45,8,8,5,0,13,2.25,True
automated_gscl45nm_rs_encoder_decoder_latest_final_GF8Invers.gml,606,1017,11,9,66,205,178,3.36,True
automated_gscl45nm_rs_encoder_decoder_latest_final_GF8Mult230.gml,42,51,8,8,7,0,17,2.43,True
automated_gscl45nm_pairing_latest_final_f32m_mult.gml,30213,52520,778,389,0,12135,7209,3.48,True
automated_gscl45nm_rs_encoder_decoder_latest_final_GF8Mult224.gml,39,45,8,8,5,0,14,2.31,True
automated_gscl45nm_aes_core_latest_final_aes_inv_cipher_top.gml,29356,60651,260,129,770,7733,12290,4.13,True
automated_gscl45nm_cookbook_final_gf_mult_by_21.gml,36,40,8,8,3,0,12,2.22,True
automated_gscl45nm_cookbook_final_gf_mult_by_35.gml,44,56,8,8,11,0,20,2.55,True
automated_gscl45nm_sha3_latest_final_keccak.gml,24170,46238,38,514,7360,4008,13607,3.83,True
automated_gscl45nm_cookbook_final_gf_mult_by_ed.gml,44,56,8,8,8,0,20,2.55,True
automated_gscl45nm_verilog_fixed_point_math_library_latest_final_qmult.gml,5418,10609,64,33,1009,1879,2620,3.92,False
automated_gscl45nm_cookbook_final_gf_mult_by_d6.gml,46,60,8,8,13,0,22,2.61,True
automated_gscl45nm_cookbook_final_gf_mult_by_09.gml,37,42,8,8,6,0,13,2.27,True
automated_gscl45nm_cookbook_final_gf_mult_by_e2.gml,39,46,8,8,5,0,15,2.36,True
automated_gscl45nm_iscas_final_s400.gml,236,411,4,6,0,58,73,3.48,True
automated_gscl45nm_gost28147-89_latest_final_gost89_ma.gml,3964,6053,835,33,71,1360,1184,3.05,True
automated_gscl45nm_iscas_final_FD1S.gml,13,12,4,2,0,1,2,1.85,False
automated_gscl45nm_systemcaes_latest_final_byte_mixcolum.gml,140,184,32,16,29,0,76,2.63,True
automated_gscl45nm_fpga-median_latest_final_state_machi.gml,613,1122,2,62,67,147,218,3.66,False
automated_gscl45nm_cookbook_final_tern_nod.gml,143,217,25,10,19,26,53,3.03,True
automated_gscl45nm_hight_latest_final_RF.gml,1105,1957,98,64,162,234,403,3.54,True
automated_gscl45nm_cookbook_final_gf_mult_by_08.gml,32,32,8,8,2,0,8,2.0,False
automated_gscl45nm_cookbook_final_gf_mult_by_e3.gml,43,53,8,8,9,0,18,2.47,True
automated_gscl45nm_cookbook_final_gf_mult_by_d7.gml,48,64,8,8,11,0,24,2.67,True
automated_gscl45nm_turbo8051_latest_final_req_register.gml,12,12,5,1,0,2,1,2.0,True
automated_gscl45nm_rs_5_3_gf256_latest_final_gf256mult.gml,229,411,16,8,65,67,130,3.59,True
automated_gscl45nm_cookbook_final_gf_mult_by_2f.gml,42,52,8,8,4,0,18,2.48,True
automated_gscl45nm_cookbook_final_gf_mult_by_34.gml,43,54,8,8,8,0,19,2.51,True
automated_gscl45nm_rs_encoder_decoder_latest_final_GF8Reg.gml,61,90,11,8,0,8,16,2.95,True
automated_gscl45nm_cookbook_final_gf_mult_by_da.gml,40,47,8,8,3,0,15,2.35,True
automated_gscl45nm_cookbook_final_gf_mult_by_20.gml,37,42,8,8,5,0,13,2.27,True
automated_gscl45nm_turbo8051_latest_final_g_eth_parser.gml,556,959,60,38,39,106,159,3.45,False
automated_gscl45nm_rs_encoder_decoder_latest_final_GF8Mult225.gml,39,44,8,8,9,0,13,2.26,True
automated_gscl45nm_cookbook_final_ecc_raw_data_32bit.gml,96,64,32,32,0,0,0,1.33,False
automated_gscl45nm_Aquarius_latest_final_rom.gml,2561,5466,13,32,0,972,1045,4.27,True
automated_gscl45nm_rs_encoder_decoder_latest_final_GF8Mult231.gml,42,51,8,8,10,0,17,2.43,True
automated_gscl45nm_rs_encoder_decoder_latest_final_GF8Mult219.gml,35,38,8,8,5,0,11,2.17,True
automated_gscl45nm_rs_encoder_decoder_latest_final_GF8Mult53.gml,42,49,8,8,8,0,15,2.33,True
automated_gscl45nm_mriscv_final_flipsdataw.gml,20,25,5,2,0,6,2,2.5,True
automated_gscl45nm_rs_encoder_decoder_latest_final_GF8Mult47.gml,36,39,8,8,5,0,11,2.17,True
automated_gscl45nm_cookbook_final_pipe_equal.gml,298,351,130,1,0,63,64,2.36,True
automated_gscl45nm_cookbook_final_scale_up.gml,228,387,16,20,0,77,54,3.39,True
automated_gscl45nm_openmsp430_latest_final_ogfx_if_lt24.gml,1012,1856,115,30,17,287,286,3.67,True
automated_gscl45nm_mips_16_latest_final_MEM_stag.gml,19636,41328,40,40,0,1875,1517,4.21,True
automated_gscl45nm_tiny_tate_bilinear_pairing_latest_final_tiny.gml,6,7,2,1,0,1,2,2.33,True
automated_gscl45nm_rs_encoder_decoder_latest_final_GF8Mult90.gml,47,62,8,8,13,0,23,2.64,True
automated_gscl45nm_iscas_final_AN3.gml,7,6,3,1,0,2,0,1.71,True
automated_gscl45nm_rs_encoder_decoder_latest_final_GF8Mult84.gml,49,65,8,8,7,0,24,2.65,True
automated_gscl45nm_cookbook_final_crc32_dat16_flat.gml,431,702,48,32,133,0,319,3.26,True
automated_gscl45nm_RSA-CRYPTOSYSTEM-using-verilog-master_final_mux.gml,9,9,3,1,0,1,2,2.0,True
automated_gscl45nm_signed_integer_divider_latest_final_divider_dshift.gml,4881,9935,67,65,135,1589,1382,4.07,True
automated_gscl45nm_turbo8051_latest_final_oc8051_memory_interfa.gml,2357,4535,199,123,30,679,328,3.85,False
automated_gscl45nm_cookbook_final_fec_rot_15.gml,141,154,32,32,23,0,45,2.18,True
automated_gscl45nm_BLAKE_final_BLAKE_CORE.gml,24323,50164,101,257,1676,6854,9144,4.12,True
automated_gscl45nm_openmsp430_latest_final_in_buf.gml,3,2,1,1,0,0,0,1.33,True
automated_gscl45nm_ecg_latest_final_f3m_add.gml,2425,3589,388,194,0,679,485,2.96,False
automated_gscl45nm_viterb_encoder_and_decoder_final_bmc101.gml,16,17,2,4,0,2,1,2.12,True
automated_gscl45nm_cookbook_final_fec_rot_29.gml,239,349,32,32,54,0,142,2.92,True
automated_gscl45nm_cookbook_final_error_loc_poly_round_multi_step.gml,5998,11060,396,261,615,1245,2460,3.69,False
automated_gscl45nm_AES-T100_final_lfsr_counter.gml,94,139,2,20,2,16,11,2.96,True
automated_gscl45nm_turbo8051_latest_final_wb_wr_mem2mem.gml,751,1358,59,55,2,210,160,3.62,True
automated_gscl45nm_rs_encoder_decoder_latest_final_GF8Mult153.gml,43,53,8,8,11,0,18,2.47,True
automated_gscl45nm_rs_encoder_decoder_latest_final_GF8Mult147.gml,39,46,8,8,3,0,15,2.36,True
automated_gscl45nm_cookbook_final_reset_control.gml,45,78,7,4,0,2,0,3.47,True
automated_gscl45nm_iscas_final_NR2.gml,5,4,2,1,0,0,1,1.6,True
automated_gscl45nm_8bit_vedic_multiplier_latest_final_ripple_adder_6bit.gml,57,74,13,7,12,12,18,2.6,True
automated_gscl45nm_cookbook_final_final_permut.gml,192,128,64,64,0,0,0,1.33,False
automated_gscl45nm_pairing_latest_final_f3m_mux3.gml,1982,2367,585,194,0,582,388,2.39,True
automated_gscl45nm_openmsp430_latest_final_virtex5_pmem.gml,32,16,0,16,0,0,0,1.0,False
automated_gscl45nm_rs_encoder_decoder_latest_final_GF8Mult190.gml,39,46,8,8,3,0,15,2.36,True
automated_gscl45nm_openmsp430_latest_final_virtex4_pmem.gml,32,16,0,16,0,0,0,1.0,False
automated_gscl45nm_rs_encoder_decoder_latest_final_GF8Mult184.gml,41,50,8,8,7,0,17,2.44,True
automated_gscl45nm_rs_encoder_decoder_latest_final_GF8Fir8t.gml,2500,4174,85,8,361,800,855,3.34,True
automated_gscl45nm_cookbook_final_ecc_raw_data_8bit.gml,24,16,8,8,0,0,0,1.33,False
automated_gscl45nm_openmsp430_latest_final_omsp_mem_backbo.gml,828,1175,135,136,2,33,46,2.84,True
automated_gscl45nm_apbtoaes128_latest_final_data_swap.gml,348,542,34,32,0,131,97,3.11,True
automated_gscl45nm_Lightweight-Threshold-Implementations-master_final_TI_Simon_TopModul.gml,9021,17225,772,131,12,891,749,3.82,True
automated_gscl45nm_aes_highthroughput_lowarea_latest_final_aes_top_exampl.gml,31402,62480,45,35,3600,3757,9985,3.98,True
automated_gscl45nm_orsoc_graphics_accelerator_final_gfx_clip.gml,4367,7999,415,189,381,1301,1327,3.66,False
automated_gscl45nm_cookbook_final_fec_rot_9.gml,132,136,32,32,22,0,36,2.06,False
automated_gscl45nm_m32632_latest_final_DP_LOGIK.gml,14664,30045,306,84,633,4505,3457,4.1,True
automated_gscl45nm_cookbook_final_shift_rows.gml,384,256,128,128,0,0,0,1.33,False
automated_gscl45nm_iscas_final_s5378.gml,3292,4868,36,49,0,12,1167,2.96,True
automated_gscl45nm_minirisc_latest_final_xilinx_mux2_7.gml,14,7,0,7,0,0,0,1.0,False
automated_gscl45nm_rs_encoder_decoder_latest_final_GF8Mult192.gml,38,44,8,8,6,0,14,2.32,True
automated_gscl45nm_edge_latest_final_clock_manager.gml,164,326,1,1,22,58,50,3.98,True
automated_gscl45nm_apbtoaes128_latest_final_shift_rows.gml,640,512,128,256,0,0,0,1.6,False
automated_gscl45nm_fixed_point_arithmetic_parameterized_latest_final_qmult.gml,7405,14578,64,32,1387,2114,3970,3.94,True
automated_gscl45nm_rs_encoder_decoder_latest_final_GF8Mult186.gml,43,54,8,8,7,0,19,2.51,True
automated_gscl45nm_reed_solomon_codec_generator_latest_final_RsDecodeTop.gml,64795,135293,13,36,4605,18727,17594,4.18,False
automated_gscl45nm_openmsp430_latest_final_ogfx_reg.gml,7502,15049,79,245,198,1809,1738,4.01,True
automated_gscl45nm_cookbook_final_thirtysix_six_comp.gml,613,1082,36,6,40,269,231,3.53,True
automated_gscl45nm_rs_encoder_decoder_latest_final_GF8Mult179.gml,44,53,8,8,10,0,17,2.41,True
automated_gscl45nm_cpu8080_latest_final_alu.gml,346,656,20,13,33,120,120,3.79,True
automated_gscl45nm_rs_encoder_decoder_latest_final_GF8Mult151.gml,44,55,8,8,9,0,19,2.5,True
automated_gscl45nm_i2c_latest_final_i2c_master_bit_ctrl.gml,577,1193,27,8,19,114,186,4.14,False
automated_gscl45nm_iscas_final_c499.gml,299,452,41,32,57,76,118,3.02,True
automated_gscl45nm_pairing_latest_final_f3m_neg.gml,582,388,194,194,0,0,0,1.33,False
automated_gscl45nm_rs_encoder_decoder_latest_final_GF8Mult145.gml,40,48,8,8,4,0,16,2.4,True
automated_gscl45nm_altor32_latest_final_altor32_writeback.gml,559,890,80,38,0,164,157,3.18,True
automated_gscl45nm_crcahb_latest_final_host_interfa.gml,527,638,151,78,0,126,14,2.42,False
automated_gscl45nm_iscas_final_c880.gml,348,566,60,26,18,135,67,3.25,False
automated_gscl45nm_m32632_latest_final_PROG_COUNTER.gml,1409,2634,78,99,74,306,254,3.74,True
automated_gscl45nm_sdr_ctrl_latest_final_sdrc_cor.gml,4641,9152,147,78,73,1465,833,3.94,True
automated_gscl45nm_cookbook_final_fec_rot_17.gml,151,174,32,32,25,0,55,2.3,True
automated_gscl45nm_ft816float_latest_final_cntlz64.gml,367,575,64,7,0,79,141,3.13,True
automated_gscl45nm_mips_16_latest_final_EX_stag.gml,195,231,24,41,0,38,0,2.37,True
automated_gscl45nm_csa_latest_final_key_computer.gml,1408,1344,64,448,0,0,0,1.91,False
automated_gscl45nm_a-z80_latest_final_alu_shifter_cor.gml,72,102,11,10,0,24,17,2.83,True
automated_gscl45nm_des_latest_final_des3.gml,4999,9259,240,64,82,2457,1766,3.7,True
automated_gscl45nm_m32632_latest_final_SFPU_ADDSUB.gml,3397,6804,73,71,264,810,1017,4.01,True
automated_gscl45nm_AES-T100_final_expand_key_128.gml,5002,9301,137,256,176,1344,2208,3.72,True
automated_gscl45nm_aes_highthroughput_lowarea_latest_final_MULB.gml,64,81,8,8,9,0,25,2.53,True
automated_gscl45nm_altor32_latest_final_altor32_dfu.gml,1080,1690,155,66,23,219,401,3.13,True
automated_gscl45nm_m32632_latest_final_ADDSUB.gml,461,690,73,36,58,76,185,2.99,True
automated_gscl45nm_trigonometric_functions_in_double_fpu_latest_final_top.gml,13373,27275,37,64,146,2503,8700,4.08,True
automated_gscl45nm_cookbook_final_error_loc_poly_roots.gml,379,468,72,73,57,6,155,2.47,True
automated_gscl45nm_rs_encoder_decoder_latest_final_GF8Mult92.gml,42,52,8,8,8,0,18,2.48,True
automated_gscl45nm_rs_encoder_decoder_latest_final_GF8Mult86.gml,46,60,8,8,8,0,22,2.61,True
automated_gscl45nm_cookbook_final_fec_rot_n2112.gml,309,489,32,32,92,0,212,3.17,True
automated_gscl45nm_turbo8051_latest_final_sfifo.gml,1899,3988,24,10,0,521,189,4.2,True
automated_gscl45nm_openmsp430_latest_final_adc_data_fifo.gml,28,14,0,14,0,0,0,1.0,False
automated_gscl45nm_m32632_latest_final_MULFILTER.gml,335,415,67,64,0,35,43,2.48,False
automated_gscl45nm_des-master_final_sbox2.gml,191,367,6,4,0,91,75,3.84,True
automated_gscl45nm_aes-128_pipelined_encryption_latest_final_AddRoundKey.gml,1205,1717,260,129,128,258,256,2.85,True
automated_gscl45nm_ecg_latest_final_f3m_mult3.gml,19354,32636,1166,583,0,6390,4299,3.37,True
automated_gscl45nm_rs_encoder_decoder_latest_final_GF8Mult51.gml,37,41,8,8,7,0,12,2.22,True
automated_gscl45nm_openmsp430_latest_final_openMSP430.gml,5842,12150,66,107,94,1677,1178,4.16,False
automated_gscl45nm_reed_solomon_codec_generator_latest_final_RsDecodeDelay.gml,16553,34541,12,9,10,2422,1362,4.17,True
automated_gscl45nm_mriscvcore_final_true_dpram_sclk.gml,7423,15287,44,64,0,1166,944,4.12,True
automated_gscl45nm_cookbook_final_asc_hex_to_nybbl.gml,19,20,5,4,2,2,4,2.11,True
automated_gscl45nm_iscas_final_s832.gml,594,1062,19,19,0,225,215,3.58,True
automated_gscl45nm_AES-T1000_final_T.gml,2094,4025,9,32,8,751,1085,3.84,True
automated_gscl45nm_rs_encoder_decoder_latest_final_GF8Mult45.gml,40,46,8,8,5,0,14,2.3,True
automated_gscl45nm_openmsp430_latest_final_ram_sp.gml,10579,23982,27,16,0,3190,970,4.53,True
automated_gscl45nm_rs_encoder_decoder_latest_final_GF8Mult227.gml,41,49,8,8,7,0,16,2.39,True
automated_gscl45nm_rs_encoder_decoder_latest_final_GF8Mult233.gml,41,49,8,8,9,0,16,2.39,True
automated_gscl45nm_cookbook_final_big_sigma_0_512.gml,320,384,64,64,0,0,128,2.4,True
automated_gscl45nm_Aquarius_latest_final_sasc_brg.gml,151,263,18,2,17,39,51,3.48,True
automated_gscl45nm_rs_encoder_decoder_latest_final_GF8Mult79.gml,45,57,8,8,6,0,20,2.53,True
automated_gscl45nm_apbtoaes128_latest_final_datapat.gml,9285,19249,91,97,496,2649,2291,4.15,False
automated_gscl45nm_cookbook_final_gf_mult_by_36.gml,41,49,8,8,6,0,16,2.39,True
automated_gscl45nm_a-z80_latest_final_control_pins_.gml,49,35,14,14,0,0,2,1.43,False
automated_gscl45nm_orsoc_graphics_accelerator_final_gfx_wbm_writ.gml,233,159,71,78,0,1,1,1.36,False
automated_gscl45nm_cookbook_final_gf_mult_by_22.gml,37,42,8,8,3,0,13,2.27,True
automated_gscl45nm_cookbook_final_gf_mult_by_e1.gml,46,60,8,8,9,0,22,2.61,True
automated_gscl45nm_orsoc_graphics_accelerator_final_gfx_blender.gml,5965,11580,183,117,865,1925,2480,3.88,False
automated_gscl45nm_cookbook_final_gf_mult_by_2d.gml,43,54,8,8,10,0,19,2.51,True
automated_gscl45nm_cookbook_final_gf_mult_by_d5.gml,43,53,8,8,10,0,18,2.47,True
automated_gscl45nm_turbo8051_latest_final_g_tx_top.gml,909,1826,28,33,73,173,253,4.02,True
automated_gscl45nm_m1_core_latest_final_ps2_keyboard.gml,599,1177,31,14,49,158,150,3.93,True
automated_gscl45nm_jt51_latest_final_jt51_exptabl.gml,675,1351,8,13,0,241,331,4.0,False
automated_gscl45nm_altor32_latest_final_altor32_regfile_sim.gml,8103,16106,50,64,0,2109,1947,3.98,True
automated_gscl45nm_xge_mac_latest_final_rx_dequeu.gml,537,757,75,74,1,8,11,2.82,True
automated_gscl45nm_m32632_latest_final_ICACHE_SM.gml,76,104,13,10,0,15,12,2.74,True
automated_gscl45nm_cookbook_final_gf_mult_by_8.gml,27,22,8,8,3,0,3,1.63,False
automated_gscl45nm_cookbook_final_gf_mult_by_9.gml,38,43,8,8,4,0,13,2.26,True
automated_gscl45nm_fpu_latest_final_fcmp.gml,426,719,64,6,11,138,147,3.38,True
automated_gscl45nm_fixed_point_arithmetic_parameterized_latest_final_qtwosComp.gml,283,342,31,64,23,8,67,2.42,True
automated_gscl45nm_tiny_tate_bilinear_pairing_latest_final_ram.gml,95242,222635,411,396,0,16733,13555,4.68,True
automated_gscl45nm_Lightweight-Threshold-Implementations-master_final_key_shar.gml,490,924,13,3,7,20,27,3.77,True
automated_gscl45nm_cookbook_final_round_key_select.gml,144,96,48,48,0,0,0,1.33,False
automated_gscl45nm_cookbook_final_gf_mult_by_d4.gml,45,57,8,8,11,0,20,2.53,True
automated_gscl45nm_cavlc_latest_final_cavlc_read_total_coeffs.gml,904,1918,27,19,4,287,187,4.24,True
automated_gscl45nm_cookbook_final_gf_mult_by_e0.gml,41,50,8,8,9,0,17,2.44,True
automated_gscl45nm_cookbook_final_gf_mult_by_3a.gml,41,50,8,8,6,0,17,2.44,True
automated_gscl45nm_m32632_latest_final_REG_LIST.gml,79,121,12,4,0,21,22,3.06,True
automated_gscl45nm_cookbook_final_gf_mult_by_23.gml,35,38,8,8,5,0,11,2.17,True
automated_gscl45nm_m32632_latest_final_WR_ALIGNER.gml,560,884,70,36,0,114,137,3.16,True
automated_gscl45nm_cookbook_final_gf_mult_by_ef.gml,43,53,8,8,11,0,18,2.47,True
automated_gscl45nm_gcm-aes_latest_final_aes_cipher_top.gml,21643,43567,259,129,426,7260,10914,4.03,True
automated_gscl45nm_cookbook_final_gf_mult_by_37.gml,43,53,8,8,6,0,18,2.47,True
automated_gscl45nm_hight_latest_final_HIGHT_CORE_TOP.gml,3970,7628,198,66,239,1350,1412,3.84,True
automated_gscl45nm_cookbook_final_gearbox_66_20.gml,2055,3865,68,21,1,795,690,3.76,True
automated_gscl45nm_rs_encoder_decoder_latest_final_GF8Mult232.gml,44,55,8,8,10,0,19,2.5,True
automated_gscl45nm_rs_encoder_decoder_latest_final_GF8Mult78.gml,45,58,8,8,6,0,21,2.58,True
automated_gscl45nm_rs_encoder_decoder_latest_final_GF8Mult226.gml,40,47,8,8,8,0,15,2.35,True
automated_gscl45nm_rs_encoder_decoder_latest_final_GF8Mult44.gml,41,48,8,8,7,0,15,2.34,True
automated_gscl45nm_rs_encoder_decoder_latest_final_GF8Mult50.gml,35,38,8,8,8,0,11,2.17,True
automated_gscl45nm_des-master_final_sbox3.gml,180,349,6,4,0,77,81,3.88,True
automated_gscl45nm_a-z80_latest_final_interrupts.gml,57,88,12,5,0,6,4,3.09,True
automated_gscl45nm_RSA-CRYPTOSYSTEM-using-verilog-master_final_divider.gml,543,976,26,25,32,162,180,3.59,True
automated_gscl45nm_rs_encoder_decoder_latest_final_GF8Mult87.gml,45,58,8,8,6,0,21,2.58,True
automated_gscl45nm_rs_encoder_decoder_latest_final_GF8Mult93.gml,43,53,8,8,8,0,18,2.47,True
automated_gscl45nm_aes_highthroughput_lowarea_latest_final_key_exp.gml,5490,10985,261,71,464,1152,1529,4.0,True
automated_gscl45nm_pairing_latest_final_f3m_mult.gml,13909,23955,390,195,0,6108,3517,3.44,True
automated_gscl45nm_aes_highthroughput_lowarea_latest_final_byte_mix_columns.gml,96,102,32,8,22,0,38,2.12,True
automated_gscl45nm_a-z80_latest_final_alu_prep_daa.gml,20,20,7,3,0,4,3,2.0,False
automated_gscl45nm_m1_core_latest_final_rotary.gml,126,230,5,3,2,27,41,3.65,True
automated_gscl45nm_iscas_final_s953.gml,496,856,17,23,0,165,152,3.45,True
automated_gscl45nm_cookbook_final_crc24_dat64_only_flat.gml,724,1270,64,24,267,0,610,3.51,True
automated_gscl45nm_m32632_latest_final_GRUPPE_2.gml,3728,6998,172,201,0,1167,1094,3.75,False
automated_gscl45nm_cookbook_final_fec_rot_16.gml,145,162,32,32,24,0,49,2.23,True
automated_gscl45nm_jt51_latest_final_jt51_lfo.gml,2705,5497,28,15,133,683,777,4.06,True
automated_gscl45nm_edge_latest_final_if_id_pipereg.gml,825,1206,99,96,0,288,96,2.92,True
automated_gscl45nm_viterb_encoder_and_decoder_final_tbu.gml,132,230,20,2,0,46,26,3.48,True
automated_gscl45nm_rs_encoder_decoder_latest_final_GF8Mult144.gml,39,46,8,8,4,0,15,2.36,True
automated_gscl45nm_cookbook_final_salt_to_bi.gml,218,380,16,12,18,68,80,3.49,False
automated_gscl45nm_aes_core_latest_final_aes_cipher_top.gml,21659,43555,259,129,421,7263,10932,4.02,True
automated_gscl45nm_rs_encoder_decoder_latest_final_GF8Mult150.gml,43,53,8,8,7,0,18,2.47,True
automated_gscl45nm_Lightweight-Threshold-Implementations-master_final_data_share2.gml,1795,3138,133,128,0,437,504,3.5,True
automated_gscl45nm_mriscv_final_DAC_interface_APB.gml,244,337,17,45,3,31,32,2.76,False
automated_gscl45nm_rs_encoder_decoder_latest_final_GF8Mult178.gml,43,52,8,8,8,0,17,2.42,True
automated_gscl45nm_cookbook_final_chain_delay_adjust.gml,414,778,5,25,3,128,76,3.76,True
automated_gscl45nm_rtf8088_latest_final_evaluate_bra.gml,123,188,29,1,1,30,47,3.06,True
automated_gscl45nm_rs_encoder_decoder_latest_final_GF8Mult187.gml,42,52,8,8,5,0,18,2.48,True
automated_gscl45nm_rs_encoder_decoder_latest_final_GF8Mult193.gml,39,45,8,8,6,0,14,2.31,True
automated_gscl45nm_openmsp430_latest_final_ogfx_backend_frame_fifo.gml,1808,3650,84,35,104,492,440,4.04,True
automated_gscl45nm_xge_mac_latest_final_stats.gml,3934,7852,40,128,149,642,622,3.99,True
automated_gscl45nm_turbo8051_latest_final_g_cfg_mgmt.gml,3464,6186,77,255,45,832,1079,3.57,True
automated_gscl45nm_openmsp430_latest_final_ram_8x512_hi.gml,16,8,0,8,0,0,0,1.0,False
