file,#nodes,#edges,#inputs,#outputs,#XOR,#AND,#OR,avg_degree,is_connected
automated_osu018_rs_encoder_decoder_latest_final_GF8Mult228.gml,77,132,8,8,4,16,18,3.43,True
automated_osu018_openmsp430_latest_final_omsp_execution_unit.gml,3845,8596,178,72,21,651,416,4.47,True
automated_osu018_mem_ctrl_latest_final_mc_rd_fifo.gml,847,1731,41,36,0,154,117,4.09,True
automated_osu018_sha512-master_final_sha512_h_constants.gml,1164,1103,2,512,1,3,5,1.9,False
automated_osu018_turbo8051_latest_final_generic_register.gml,10,11,4,1,0,1,0,2.2,True
automated_osu018_AES-T200_final_T.gml,1439,3614,9,32,8,334,341,5.02,True
automated_osu018_systemcaes_latest_final_subbytes.gml,1456,2849,140,138,0,169,118,3.91,True
automated_osu018_rs_encoder_decoder_latest_final_GF8Mult214.gml,87,148,8,8,5,26,21,3.4,True
automated_osu018_md5_pipelined_latest_final_Md5Cor.gml,33548,64971,257,128,384,12016,17872,3.87,True
automated_osu018_rs_encoder_decoder_latest_final_GF8Mult200.gml,74,132,8,8,2,22,16,3.57,True
automated_osu018_BLAKE_final_BLAKE_INTERFACE.gml,1706,2919,277,115,17,220,213,3.42,True
automated_osu018_cookbook_final_gf_mult_by_a2.gml,65,104,8,8,4,8,19,3.2,True
automated_osu018_cookbook_final_gf_mult_by_49.gml,87,153,8,8,5,22,21,3.52,True
automated_osu018_pairing_latest_final_f33m_mult2.gml,56229,115258,2330,1165,0,12437,4129,4.1,True
automated_osu018_turbo8051_latest_final_g_mac_cor.gml,6331,13441,79,209,47,1313,926,4.25,False
automated_osu018_cookbook_final_gf_mult_by_ad.gml,43,51,8,8,3,3,10,2.37,False
automated_osu018_gcm-aes_latest_final_aes_rco.gml,66,120,2,8,0,10,13,3.64,True
automated_osu018_cookbook_final_gf_mult_by_75.gml,55,82,8,8,4,10,17,2.98,True
automated_osu018_sha_core_latest_final_sha256.gml,12699,29702,38,36,107,2035,2020,4.68,True
automated_osu018_cookbook_final_gf_mult_by_61.gml,63,104,8,8,4,12,20,3.3,True
automated_osu018_cookbook_final_seconds_counter.gml,248,519,2,11,0,48,40,4.19,True
automated_osu018_iscas_final_Circuit74181.gml,115,214,14,8,0,43,24,3.72,True
automated_osu018_cookbook_final_random_delay.gml,24,16,8,8,0,0,0,1.33,False
automated_osu018_ft816float_latest_final_fpRound.gml,1363,2628,134,128,14,299,263,3.86,True
automated_osu018_viterb_encoder_and_decoder_final_bmc010.gml,15,16,2,4,0,1,2,2.13,True
automated_osu018_amber_latest_final_eth_rxstatem.gml,72,132,8,6,0,12,7,3.67,True
automated_osu018_crcahb_latest_final_crc_control_unit.gml,159,325,6,11,0,31,24,4.09,True
automated_osu018_m32632_latest_final_DECODER.gml,8574,18838,103,224,0,1828,1619,4.39,True
automated_osu018_mriscv_final_latchW_ap.gml,22,28,6,3,0,0,3,2.55,True
automated_osu018_cookbook_final_pipeline_add.gml,336,613,42,20,10,49,62,3.65,True
automated_osu018_edge_latest_final_shift_left2.gml,94,62,30,32,0,0,0,1.32,False
automated_osu018_AES-T200_final_lfsr_counter.gml,161,230,22,20,2,25,4,2.86,True
automated_osu018_tiny_tate_bilinear_pairing_latest_final_FSM.gml,721,1404,28,34,1,47,34,3.89,True
automated_osu018_cookbook_final_gearbox_40_66.gml,2675,6375,42,69,0,394,366,4.77,True
automated_osu018_Lightweight-Threshold-Implementations-master_final_p_keysch10.gml,1001,2209,12,64,2,31,200,4.41,True
automated_osu018_sha3_latest_final_round2in1.gml,60433,150759,1614,1600,466,24662,6936,4.99,True
automated_osu018_a-z80_latest_final_wait_stat.gml,13,16,3,2,0,1,0,2.46,True
automated_osu018_cpu8080_latest_final_SM8080.gml,9,9,2,2,0,0,2,2.0,True
automated_osu018_ecg_latest_final_func11.gml,46161,96766,778,389,0,8585,4557,4.19,True
automated_osu018_tiny_aes_latest_final_expand_key_type_D_192.gml,4203,8946,201,320,88,708,732,4.26,True
automated_osu018_jt51_latest_final_jt51_exp2li.gml,141,275,13,16,0,29,18,3.9,True
automated_osu018_rs_encoder_decoder_latest_final_GF8Mult16.gml,71,114,8,8,6,18,16,3.21,True
automated_osu018_iscas_final_s510.gml,266,465,20,7,0,104,83,3.5,True
automated_osu018_mriscv_final_decodificador_axi.gml,37,47,4,8,0,5,9,2.54,True
automated_osu018_minirisc_latest_final_mux4_8.gml,86,126,34,8,0,25,1,2.93,True
automated_osu018_rs_encoder_decoder_latest_final_GF8Mult162.gml,97,179,8,8,3,27,27,3.69,True
automated_osu018_rs_encoder_decoder_latest_final_GF8Mult176.gml,79,133,8,8,5,22,19,3.37,True
automated_osu018_reed_solomon_codec_generator_latest_final_RsDecodeSyndrom.gml,1998,4223,12,177,77,360,358,4.23,True
automated_osu018_xge_mac_latest_final_generic_fifo.gml,1781,3855,38,36,8,208,63,4.33,True
automated_osu018_trigonometric_functions_in_double_fpu_latest_final_secant_lut.gml,1752,3718,35,64,0,531,574,4.24,True
automated_osu018_cookbook_final_crc32_dat56_flat.gml,1826,3462,88,32,184,221,1185,3.79,True
automated_osu018_rs_encoder_decoder_latest_final_GF8Mult189.gml,55,78,8,8,2,6,19,2.84,True
automated_osu018_cookbook_final_fec_rot_10.gml,139,148,32,32,28,3,35,2.13,True
automated_osu018_m32632_latest_final_FILTCMP.gml,166,191,51,17,0,23,30,2.3,True
automated_osu018_viterb_encoder_and_decoder_final_encoder.gml,47,96,4,3,0,2,7,4.09,True
automated_osu018_mips_16_latest_final_WB_stag.gml,136,147,37,23,0,16,0,2.16,False
automated_osu018_openmsp430_latest_final_omsp_sync_cell.gml,8,9,3,1,0,0,0,2.25,True
automated_osu018_edge_latest_final_mux_WBResult.gml,395,564,163,32,0,66,100,2.86,True
automated_osu018_rs_encoder_decoder_latest_final_GF8lfsr.gml,51,91,3,8,0,8,3,3.57,True
automated_osu018_sha256-master_final_sha256_cor.gml,14107,31117,517,258,95,2551,1839,4.41,True
automated_osu018_openmsp430_latest_final_omsp_watchdog.gml,305,542,33,20,0,50,69,3.55,False
automated_osu018_cookbook_final_mix_one_colum.gml,534,1064,32,32,28,125,138,3.99,True
automated_osu018_gng_latest_final_gng_coef.gml,3243,7620,9,53,0,642,855,4.7,True
automated_osu018_xge_mac_latest_final_fault_sm.gml,176,374,6,2,0,33,38,4.25,True
automated_osu018_openmsp430_latest_final_ext_de1_sram.gml,1968,3704,16,16,188,1148,604,3.76,True
automated_osu018_aes_highthroughput_lowarea_latest_final_aes.gml,42228,91574,392,131,3020,6377,10854,4.34,True
automated_osu018_systemcaes_latest_final_aes192.gml,13347,31267,324,129,145,2351,1125,4.69,True
automated_osu018_chacha-master_final_chacha.gml,23054,51726,44,32,447,4156,4357,4.49,True
automated_osu018_aes-encryption_latest_final_aes_rco.gml,89,165,2,16,0,13,8,3.71,True
automated_osu018_openmsp430_latest_final_omsp_uart.gml,886,1978,37,19,1,166,89,4.47,True
automated_osu018_fixed_point_arithmetic_parameterized_latest_final_top.gml,1072,2147,66,32,15,151,179,4.01,True
automated_osu018_cookbook_final_insert_parity.gml,285,425,45,50,15,60,50,2.98,False
automated_osu018_i2c_latest_final_i2c_master_byte_ctrl.gml,797,1732,35,16,2,169,134,4.35,False
automated_osu018_a-z80_latest_final_pla_decod.gml,412,572,14,105,0,68,89,2.78,False
automated_osu018_RSA-CRYPTOSYSTEM-using-verilog-master_final_mod.gml,6596,15653,38,38,32,2312,708,4.75,True
automated_osu018_iscas_final_s713.gml,575,756,36,23,0,144,21,2.63,False
automated_osu018_rs_encoder_decoder_latest_final_GF8tmmult.gml,642,1150,3,8,8,153,87,3.58,True
automated_osu018_cookbook_final_arbiter.gml,235,393,32,16,9,43,59,3.34,True
automated_osu018_cavlc_latest_final_cavlc_read_levels.gml,2463,5531,33,149,6,202,363,4.49,True
automated_osu018_pairing_latest_final_duursma_lee_algo.gml,18,17,8,1,0,5,2,1.89,True
automated_osu018_cookbook_final_fec_rot_11.gml,154,180,32,32,26,8,41,2.34,True
automated_osu018_rs_encoder_decoder_latest_final_GF8Mult188.gml,75,124,8,8,2,13,23,3.31,True
automated_osu018_Lightweight-Threshold-Implementations-master_final_quick_mux_128.gml,913,1040,257,128,0,128,0,2.28,True
automated_osu018_tiny_tate_bilinear_pairing_latest_final_rom.gml,2841,6551,10,26,0,871,791,4.61,True
automated_osu018_rs_encoder_decoder_latest_final_GF8Mult177.gml,72,121,8,8,4,15,20,3.36,True
automated_osu018_AES-T200_final_expand_key_128.gml,4306,9457,137,256,152,908,860,4.39,True
automated_osu018_dpll-isdn_latest_final_variableresetrandomwalkfilter.gml,227,485,3,2,2,45,59,4.27,True
automated_osu018_rs_encoder_decoder_latest_final_GF8Mult163.gml,59,94,8,8,2,6,22,3.19,True
automated_osu018_cookbook_final_stream_mux.gml,113,161,24,12,0,18,8,2.85,True
automated_osu018_rs_encoder_decoder_latest_final_GF8Mult17.gml,61,95,8,8,7,10,22,3.11,True
automated_osu018_iscas_final_s1423.gml,790,1353,18,5,0,268,232,3.43,True
automated_osu018_ecg_latest_final_func10.gml,29960,62919,390,389,0,5464,2957,4.2,True
automated_osu018_cookbook_final_fec_rot_1.gml,128,100,32,32,4,0,4,1.56,False
automated_osu018_cookbook_final_gearbox_40_67.gml,1703,3846,43,68,0,479,90,4.52,True
automated_osu018_Lightweight-Threshold-Implementations-master_final_p_keysch11.gml,1123,2547,5,64,22,149,191,4.54,True
automated_osu018_trigonometric_functions_in_double_fpu_latest_final_top.gml,12508,28465,37,64,11,3875,3915,4.55,True
automated_osu018_aes-128_pipelined_encryption_latest_final_SubBytes.gml,11577,28600,131,129,0,2928,2400,4.94,True
automated_osu018_rs_encoder_decoder_latest_final_RS8FreqDecod.gml,66014,139344,11,10,3414,17871,11467,4.22,True
automated_osu018_RSA-Verilog-master_final_LED_Verilog.gml,161,309,1,8,5,39,43,3.84,True
automated_osu018_cookbook_final_reed_sol_rx.gml,32027,71580,12,19,538,6688,4303,4.47,False
automated_osu018_m1_core_latest_final_ps2_wb_if.gml,792,1535,38,62,0,146,54,3.88,True
automated_osu018_viterb_encoder_and_decoder_final_bmc011.gml,14,15,2,4,1,1,2,2.14,True
automated_osu018_ecg_latest_final_f3_add.gml,20,32,4,2,0,1,3,3.2,True
automated_osu018_cookbook_final_gearbox_20_22.gml,618,1373,23,23,0,123,85,4.44,True
automated_osu018_cookbook_final_gf_mult_by_60.gml,49,71,8,8,4,6,15,2.9,True
automated_osu018_systemcaes_latest_final_aes.gml,11055,25748,260,129,124,2012,825,4.66,True
automated_osu018_gng_latest_final_gng_smul_16_18_sadd_37.gml,4447,10650,72,38,46,1603,499,4.79,True
automated_osu018_edge_latest_final_adder.gml,391,597,65,33,19,53,104,3.05,True
automated_osu018_cookbook_final_gf_mult_by_74.gml,52,77,8,8,4,5,19,2.96,True
automated_osu018_cookbook_final_gf_mult_by_6f.gml,80,135,8,8,5,23,22,3.38,True
automated_osu018_cookbook_final_gf_mult_by_a3.gml,106,195,8,8,4,38,21,3.68,True
automated_osu018_a-z80_latest_final_reg_control.gml,122,157,24,23,0,13,14,2.57,False
automated_osu018_pairing_latest_final_f33m_mult3.gml,62643,125171,3494,1747,0,14184,4129,4.0,True
automated_osu018_cookbook_final_gf_mult_by_48.gml,73,125,8,8,5,14,24,3.42,True
automated_osu018_iscas_final_FDMASK.gml,7,6,3,1,0,1,0,1.71,True
automated_osu018_rs_encoder_decoder_latest_final_GF8Mult201.gml,76,136,8,8,3,21,14,3.58,True
automated_osu018_orsoc_graphics_accelerator_final_gfx_renderer.gml,4870,11411,163,68,58,1548,564,4.69,True
automated_osu018_gost28147-89_latest_final_gost89_round.gml,2120,3268,608,64,50,381,419,3.08,True
automated_osu018_rs_encoder_decoder_latest_final_GF8Mult215.gml,97,177,8,8,4,27,22,3.65,True
automated_osu018_gng_latest_final_gng_lzd.gml,235,366,61,6,0,29,42,3.11,True
automated_osu018_rs_encoder_decoder_latest_final_GF8Mult229.gml,77,137,8,8,3,25,18,3.56,True
automated_osu018_cookbook_final_five_to_twenty.gml,7679,12652,334,1322,0,7,2,3.3,True
automated_osu018_tiny_aes_latest_final_xS.gml,690,1759,9,8,0,165,178,5.1,True
automated_osu018_Lightweight-Threshold-Implementations-master_final_round.gml,32,53,6,2,2,7,7,3.31,True
automated_osu018_cookbook_final_gf_mult_by_89.gml,80,132,8,8,4,23,20,3.3,True
automated_osu018_sha1-master_final_sha1_cor.gml,9688,20684,516,162,76,1393,1038,4.27,True
automated_osu018_rs_encoder_decoder_latest_final_GF8Mult203.gml,76,130,8,8,5,11,23,3.42,True
automated_osu018_epfl_final_mem_ctrl.gml,36141,80184,1204,1231,40,4328,4252,4.44,False
automated_osu018_aes_highthroughput_lowarea_latest_final_aes_top_exampl.gml,43969,96567,45,35,2514,6554,11387,4.39,True
automated_osu018_rs_encoder_decoder_latest_final_GF8Mult217.gml,59,97,8,8,5,13,16,3.29,True
automated_osu018_rs_decoder_31_19_6_latest_final_lcpmult.gml,136,289,10,5,1,49,24,4.25,True
automated_osu018_crcahb_latest_final_crc_ip.gml,5271,10193,44,34,8,1388,807,3.87,False
automated_osu018_cookbook_final_gf_mult_by_6d.gml,50,73,8,8,5,5,17,2.92,True
automated_osu018_openmsp430_latest_final_altera_avalon_sc_fifo.gml,1211,2482,15,49,2,413,61,4.1,False
automated_osu018_ft816float_latest_final_cntlz8.gml,34,48,8,4,0,3,5,2.82,True
automated_osu018_cookbook_final_compress_32.gml,256,384,48,32,0,64,32,3.0,False
automated_osu018_cookbook_final_gf_mult_by_a1.gml,77,129,8,8,5,12,26,3.35,True
automated_osu018_cookbook_final_gf_mult_by_c9.gml,42,52,8,8,5,3,12,2.48,True
automated_osu018_iscas_final_Circuit74182.gml,33,44,9,5,0,5,2,2.67,True
automated_osu018_cookbook_final_gf_mult_by_62.gml,77,132,8,8,3,17,17,3.43,True
automated_osu018_turbo8051_latest_final_oc8051_multiply.gml,335,738,19,17,4,69,44,4.41,True
automated_osu018_edge_latest_final_mux2.gml,233,264,65,32,0,32,0,2.27,True
automated_osu018_pairing_latest_final_f3m_add.gml,1940,3104,388,194,0,97,291,3.2,False
automated_osu018_cpu8080_latest_final_scnrom.gml,252,550,8,8,0,75,65,4.37,False
automated_osu018_cookbook_final_gf_mult_by_76.gml,99,187,8,8,4,32,18,3.78,True
automated_osu018_turbo8051_latest_final_g_md_intf.gml,438,882,32,21,1,66,58,4.03,True
automated_osu018_reed_solomon_codec_generator_latest_final_RsDecodePolymul.gml,11142,24641,364,177,330,3349,2089,4.42,True
automated_osu018_8051_latest_final_oc8051_dptr.gml,170,270,30,16,0,40,5,3.18,True
automated_osu018_mriscvcore_final_ALU.gml,3365,6841,111,36,27,648,540,4.07,True
automated_osu018_m32632_latest_final_SCANDIG.gml,17,18,4,3,0,1,2,2.12,True
automated_osu018_mriscvcore_final_ALU_su.gml,524,895,66,32,7,63,97,3.42,True
automated_osu018_trigonometric_functions_in_double_fpu_latest_final_sine_lut.gml,1866,4061,34,64,0,620,552,4.35,False
automated_osu018_orsoc_graphics_accelerator_final_gfx_interp.gml,37688,82733,84,66,461,6145,5718,4.39,True
automated_osu018_xge_mac_latest_final_generic_mem_small.gml,1562,3373,42,32,0,142,38,4.32,True
automated_osu018_cookbook_final_remove_parity.gml,135,90,45,45,0,0,0,1.33,False
automated_osu018_cookbook_final_fec_rot_3.gml,135,122,32,32,9,4,12,1.81,False
automated_osu018_pci_express_crc_latest_final_crc32d16.gml,1020,2050,52,32,40,246,312,4.02,True
automated_osu018_rs_encoder_decoder_latest_final_GF8Mult149.gml,54,82,8,8,2,7,17,3.04,True
automated_osu018_xge_mac_latest_final_wishbone_if.gml,810,1352,159,39,2,106,63,3.34,True
automated_osu018_cookbook_final_gf_divid.gml,1535,3503,16,8,14,571,286,4.56,True
automated_osu018_rs_encoder_decoder_latest_final_GF8Mult15.gml,72,128,8,8,3,18,20,3.56,True
automated_osu018_fast_log_latest_final_Log2higha.gml,408,857,23,12,0,85,62,4.2,True
automated_osu018_mriscv_final_spi_axi_slav.gml,471,816,38,40,0,74,41,3.46,False
automated_osu018_rs_encoder_decoder_latest_final_GF8Mult175.gml,99,181,8,8,6,30,28,3.66,True
automated_osu018_rs_encoder_decoder_latest_final_GF8Mult29.gml,53,78,8,8,2,11,14,2.94,True
automated_osu018_rs_encoder_decoder_latest_final_GF8Mult161.gml,97,173,8,8,7,23,30,3.57,True
automated_osu018_cookbook_final_word_adder_plai.gml,94,146,16,8,0,15,26,3.11,True
automated_osu018_turbo8051_latest_final_oc8051_psw.gml,145,260,25,10,0,26,19,3.59,False
automated_osu018_cookbook_final_fec_rot_13.gml,195,283,32,32,20,28,48,2.9,True
automated_osu018_edge_latest_final_ex_mem_pipereg.gml,2160,3081,335,330,0,0,330,2.85,True
automated_osu018_amber_latest_final_eth_spram_256x32.gml,47932,114516,46,32,0,17088,322,4.78,True
automated_osu018_openmsp430_latest_final_DE0_NANO_SOC_QSYS_jtag_uart.gml,178,232,8,36,0,28,18,2.61,False
automated_osu018_cookbook_final_h_register.gml,10299,18309,515,1024,208,1410,1568,3.56,True
automated_osu018_altor32_latest_final_altor32_fet.gml,934,1687,69,113,0,121,107,3.61,False
automated_osu018_mriscvcore_final_MEMORY_INTERFACE.gml,1474,2404,173,179,14,179,166,3.26,False
automated_osu018_amber_latest_final_eth_transmitcontrol.gml,402,690,75,14,0,71,51,3.43,True
automated_osu018_amber_latest_final_a25_wishbo.gml,9028,18442,664,566,3,1058,994,4.09,False
automated_osu018_cookbook_final_gearbox_67_20.gml,2052,4997,70,20,0,508,26,4.87,True
automated_osu018_cookbook_final_ring_counter.gml,32,16,0,16,0,0,0,1.0,False
automated_osu018_cookbook_final_tx_buffer_fifo_8word.gml,18090,45430,404,403,3,1240,432,5.02,True
automated_osu018_siphash-master_final_siphash_cor.gml,7289,15574,206,130,185,1364,1641,4.27,True
automated_osu018_mriscv_final_impl_axi.gml,2308,4871,81,80,29,794,478,4.22,True
automated_osu018_amber_latest_final_a23_alu.gml,1148,2342,75,36,0,244,163,4.08,True
automated_osu018_pairing_latest_final_f32m_su.gml,3880,6208,776,388,0,194,582,3.2,False
automated_osu018_tiny_aes_latest_final_aes_192.gml,16,8,0,8,0,0,0,1.0,False
automated_osu018_amber_latest_final_generic_sram_byte_.gml,92890,216956,153,128,0,8979,47,4.67,True
automated_osu018_xge_mac_latest_final_sync_clk_w.gml,89,157,12,10,8,0,14,3.53,True
automated_osu018_hight_latest_final_WKG.gml,250,348,66,32,0,66,2,2.78,True
automated_osu018_signed_integer_divider_latest_final_shift_15.gml,529,891,47,32,0,171,1,3.37,True
automated_osu018_cookbook_final_fec_rot_12.gml,150,176,32,32,27,9,41,2.35,True
automated_osu018_tiny_tate_bilinear_pairing_latest_final_const.gml,434,263,7,199,1,9,7,1.21,False
automated_osu018_8051_latest_final_oc8051_alu.gml,1355,3036,33,35,9,297,201,4.48,True
automated_osu018_verilog_fixed_point_math_library_latest_final_qmults.gml,1730,3583,66,34,29,280,291,4.14,True
automated_osu018_rs_encoder_decoder_latest_final_GF8Mult160.gml,86,152,8,8,6,29,19,3.53,True
automated_osu018_rs_encoder_decoder_latest_final_GF8Mult28.gml,58,86,8,8,4,9,18,2.97,True
automated_osu018_rs_encoder_decoder_latest_final_GF8Mult174.gml,74,127,8,8,5,18,22,3.43,True
automated_osu018_AES-T200_final_one_round.gml,24348,61595,257,128,256,5984,6096,5.06,True
automated_osu018_rs_encoder_decoder_latest_final_GF8Mult14.gml,67,106,8,8,4,8,23,3.16,True
automated_osu018_rs_encoder_decoder_latest_final_GF8Mult148.gml,55,82,8,8,4,9,18,2.98,True
automated_osu018_minirisc_latest_final_xilinx_inc11.gml,22,11,0,11,0,0,0,1.0,False
automated_osu018_cookbook_final_fec_rot_2.gml,128,104,32,32,8,0,8,1.62,False
automated_osu018_a-z80_latest_final_inc_dec_2bit.gml,16,16,5,3,1,2,4,2.0,True
automated_osu018_reed_solomon_decoder_latest_final_GF_matrix_ascending_binary.gml,633,1519,10,8,1,92,55,4.8,True
automated_osu018_edge_latest_final_zero_extend.gml,80,48,16,32,0,0,0,1.2,False
automated_osu018_mips_16_latest_final_alu.gml,32,16,0,16,0,0,0,1.0,False
automated_osu018_aes-128_pipelined_encryption_latest_final_SBox.gml,724,1785,11,8,0,183,150,4.93,True
automated_osu018_mem_ctrl_latest_final_mc_obct.gml,388,855,20,3,2,52,51,4.41,True
automated_osu018_AES-T100_final_S.gml,708,1797,9,8,0,169,155,5.08,True
automated_osu018_iscas_final_ND4.gml,9,8,4,1,0,3,0,1.78,True
automated_osu018_apbtoaes128_latest_final_key_expander.gml,883,1134,166,160,120,96,181,2.57,True
automated_osu018_8051_latest_final_oc8051_int.gml,630,1344,29,35,1,111,59,4.27,True
automated_osu018_numbert_sort_device_latest_final_SEG7_LUT.gml,53,93,4,7,0,14,8,3.51,True
automated_osu018_epfl_final_d.gml,832,1128,8,256,0,36,268,2.71,True
automated_osu018_cookbook_final_key_shift.gml,168,112,56,56,0,0,0,1.33,False
automated_osu018_m32632_latest_final_WB_CONTROL.gml,733,1423,34,35,1,68,60,3.88,False
automated_osu018_jt51_latest_final_jt51_phaseg.gml,4972,11136,35,25,23,1023,855,4.48,True
automated_osu018_amber_latest_final_eth_cr.gml,307,593,8,33,5,62,37,3.86,True
automated_osu018_aes_highthroughput_lowarea_latest_final_inv_byte_mix_columns.gml,432,748,32,8,52,72,180,3.46,True
automated_osu018_turbo8051_latest_final_oc8051_ram_256x8_two_bist.gml,10924,25295,28,8,3,604,1223,4.63,True
automated_osu018_Lightweight-Threshold-Implementations-master_final_key_schedule_modified1_simon_parallel.gml,709,1456,11,18,1,168,35,4.11,True
automated_osu018_ft816float_latest_final_cntlo8.gml,42,56,8,4,0,3,5,2.67,True
automated_osu018_hight_latest_final_CONTROL.gml,250,563,5,13,0,71,62,4.5,True
automated_osu018_cookbook_final_gf_mult_by_77.gml,89,160,8,8,2,21,19,3.6,True
automated_osu018_ft816float_latest_final_fpMul.gml,12,9,6,3,0,0,3,1.5,False
automated_osu018_cookbook_final_gf_mult_by_af.gml,58,85,8,8,5,9,17,2.93,True
automated_osu018_cookbook_final_gf_mult_by_c8.gml,48,69,8,8,3,8,13,2.88,True
automated_osu018_m32632_latest_final_REGISTER.gml,12052,26932,83,33,0,980,692,4.47,True
automated_osu018_openmsp430_latest_final_cyclonev_io_obuf.gml,6,5,1,2,0,0,0,1.67,True
automated_osu018_cookbook_final_gf_mult_by_63.gml,107,200,8,8,7,35,18,3.74,True
automated_osu018_cookbook_final_gf_mult_by_7a.gml,83,155,8,8,0,19,13,3.73,True
automated_osu018_cookbook_final_gf_mult_by_a0.gml,99,174,8,8,7,33,24,3.52,True
automated_osu018_rs_encoder_decoder_latest_final_GF8Mult216.gml,84,147,8,8,3,21,18,3.5,True
automated_osu018_aes_highthroughput_lowarea_latest_final_word_mix_columns.gml,560,936,32,32,88,96,216,3.34,True
automated_osu018_rs_encoder_decoder_latest_final_GF8Mult202.gml,69,115,8,8,2,13,18,3.33,True
automated_osu018_cookbook_final_gf_mult_by_88.gml,52,77,8,8,4,5,19,2.96,True
automated_osu018_Lightweight-Threshold-Implementations-master_final_datapath_simon2shar.gml,1192,2361,15,2,0,246,78,3.96,True
automated_osu018_rs_encoder_decoder_latest_final_GF8Mult206.gml,78,131,8,8,5,20,18,3.36,True
automated_osu018_jt51_latest_final_jt51_mmr.gml,8867,19869,13,135,0,2058,155,4.48,True
automated_osu018_rs_encoder_decoder_latest_final_GF8Mult212.gml,118,228,8,8,2,29,29,3.86,True
automated_osu018_turbo8051_latest_final_g_rx_fsm.gml,1401,3058,38,38,7,253,248,4.37,True
automated_osu018_cookbook_final_gf_mult_by_98.gml,82,152,8,8,3,15,27,3.71,True
automated_osu018_cookbook_final_gf_mult_by_67.gml,87,149,8,8,7,27,22,3.43,True
automated_osu018_Aquarius_latest_final_clk_gat.gml,3,2,1,1,0,0,0,1.33,True
automated_osu018_openmsp430_latest_final_virtex4_dmem.gml,32,16,0,16,0,0,0,1.0,False
automated_osu018_cookbook_final_gf_mult_by_b8.gml,65,100,8,8,5,9,20,3.08,True
automated_osu018_openmsp430_latest_final_virtex5_dmem.gml,32,16,0,16,0,0,0,1.0,False
automated_osu018_cookbook_final_gf_mult_by_73.gml,81,143,8,8,5,27,16,3.53,True
automated_osu018_cookbook_final_gf_mult_by_6a.gml,104,202,8,8,1,37,14,3.88,True
automated_osu018_rs_encoder_decoder_latest_final_GF8Mult8.gml,53,79,8,8,4,7,19,2.98,True
automated_osu018_hight_latest_final_SKG.gml,1495,3233,134,32,8,398,221,4.33,True
automated_osu018_cookbook_final_gf_mult_by_a4.gml,53,79,8,8,2,5,20,2.98,True
automated_osu018_aes_highthroughput_lowarea_latest_final_ram_16x64.gml,4885,11706,75,64,0,83,141,4.79,True
automated_osu018_cookbook_final_approx_fp_div_lut.gml,129,278,6,7,0,30,23,4.31,True
automated_osu018_cookbook_final_des_to_string.gml,823,1526,64,88,0,143,110,3.71,False
automated_osu018_apbtoaes128_latest_final_sBox_8.gml,465,1042,10,16,14,169,86,4.48,True
automated_osu018_crcahb_latest_final_crc_com.gml,92,120,24,8,1,15,16,2.61,True
automated_osu018_reed_solomon_decoder_latest_final_Omega_Phy.gml,4780,10219,228,193,4,552,745,4.28,True
automated_osu018_ft816float_latest_final_fpSqrt.gml,19058,41507,132,243,128,2693,2676,4.36,False
automated_osu018_a-z80_latest_final_address_mux.gml,118,133,33,16,0,16,0,2.25,True
automated_osu018_8bit_vedic_multiplier_latest_final_vedic2x2.gml,20,24,4,4,2,6,2,2.4,True
automated_osu018_aes_core_latest_final_aes_sbox.gml,690,1748,8,8,0,172,153,5.07,True
automated_osu018_m1_core_latest_final_GrayCounter.gml,26,46,3,2,0,1,2,3.54,True
automated_osu018_minirisc_latest_final_mux2_8.gml,57,64,17,8,0,8,0,2.25,True
automated_osu018_jt51_latest_final_ramp_a_to.gml,174,350,2,16,4,39,40,4.02,True
automated_osu018_a-z80_latest_final_alu_shifter_cor.gml,56,86,11,10,0,0,1,3.07,True
automated_osu018_openmsp430_latest_final_spartan3_dmem.gml,16,8,0,8,0,0,0,1.0,False
automated_osu018_jt51_latest_final_jt51_phinc_rom.gml,1971,4644,10,12,0,532,436,4.71,True
automated_osu018_cookbook_final_fec_rot_6.gml,156,176,32,32,12,16,24,2.26,False
automated_osu018_mod_mult_exp_latest_final_blockMemory.gml,1024,512,0,512,0,0,0,1.0,False
automated_osu018_cookbook_final_crc_flat.gml,240,191,59,58,0,4,3,1.59,False
automated_osu018_cookbook_final_crc32_dat40_flat.gml,1449,2773,72,32,146,194,910,3.83,True
automated_osu018_numbert_sort_device_latest_final_dbg_7seg.gml,158,193,65,17,1,0,2,2.44,True
automated_osu018_fpu_latest_final_pre_norm_fmul.gml,623,1069,68,64,4,120,95,3.43,True
automated_osu018_rs_encoder_decoder_latest_final_GF8Mult38.gml,89,154,8,8,3,24,21,3.46,True
automated_osu018_rs_encoder_decoder_latest_final_GF8Mult170.gml,106,202,8,8,3,38,27,3.81,True
automated_osu018_rs_encoder_decoder_latest_final_GF8Mult164.gml,98,187,8,8,4,22,25,3.82,True
automated_osu018_signed_integer_divider_latest_final_divider_dshift.gml,4608,9878,67,65,85,1022,549,4.29,True
automated_osu018_m1_core_latest_final_m1_alu.gml,1704,3687,70,33,11,357,272,4.33,True
automated_osu018_cookbook_final_error_value_round.gml,2132,4461,81,80,51,676,482,4.18,True
automated_osu018_cookbook_final_crc32_dat120_flat.gml,3662,7064,152,32,369,486,2269,3.86,True
automated_osu018_8bit_vedic_multiplier_latest_final_vedic4x4.gml,127,203,8,8,40,50,53,3.2,True
automated_osu018_rs_encoder_decoder_latest_final_GF8Mult158.gml,93,159,8,8,4,26,23,3.42,True
automated_osu018_rs_encoder_decoder_latest_final_GF8Mult10.gml,50,73,8,8,2,6,16,2.92,True
automated_osu018_csa_latest_final_usb_cnt.gml,40,48,8,8,4,0,16,2.4,True
automated_osu018_iscas_final_Circuit74L85.gml,46,69,11,3,0,4,7,3.0,True
automated_osu018_cookbook_final_asc_to_7seg.gml,185,420,8,7,0,60,55,4.54,True
automated_osu018_openmsp430_latest_final_openMSP430.gml,5892,13154,66,107,22,1099,818,4.47,False
automated_osu018_cookbook_final_fec_rot_16.gml,258,398,32,32,18,47,70,3.09,True
automated_osu018_RSA-Verilog-master_final_mon_exp.gml,994,2102,85,140,0,104,69,4.23,False
automated_osu018_a-z80_latest_final_alu_cor.gml,69,106,12,6,1,16,5,3.07,True
automated_osu018_BLAKE_final_BLAKE_G_FUNCTION.gml,2691,5117,192,128,79,723,616,3.8,True
automated_osu018_ft816float_latest_final_cntlz24.gml,101,161,24,5,0,13,15,3.19,True
automated_osu018_csa_latest_final_ledseg_cnt.gml,169,310,17,12,2,44,28,3.67,False
automated_osu018_cookbook_final_salt_to_bi.gml,220,452,16,12,0,44,46,4.11,False
automated_osu018_cookbook_final_ycbcr_to_rg.gml,1639,3356,25,24,36,365,397,4.1,True
automated_osu018_turbo8051_latest_final_oc8051_a.gml,226,448,31,9,1,55,28,3.96,True
automated_osu018_AES-T200_final_aes_128.gml,8,7,3,1,0,1,0,1.75,True
automated_osu018_pairing_latest_final_f3_add1.gml,9,9,2,2,0,0,2,2.0,True
automated_osu018_Lightweight-Threshold-Implementations-master_final_key_schedule_modified2_simon_parallel.gml,559,1114,17,1,1,139,14,3.99,True
automated_osu018_turbo8051_latest_final_oc8051_ram_top.gml,11116,25835,29,9,1,615,1553,4.65,True
automated_osu018_pci_express_crc_latest_final_crc32d16N.gml,64,32,0,32,0,0,0,1.0,False
automated_osu018_turbo8051_latest_final_clk_ctl.gml,17,29,4,1,0,2,3,3.41,True
automated_osu018_mriscvcore_final_ALU_add.gml,513,876,66,33,14,66,107,3.42,True
automated_osu018_turbo8051_latest_final_spi_ctl.gml,647,1262,66,48,6,99,73,3.9,True
automated_osu018_cookbook_final_ecc_correction_64bit.gml,497,957,8,65,0,109,110,3.85,True
automated_osu018_openmsp430_latest_final_spartan3_pmem.gml,16,8,0,8,0,0,0,1.0,False
automated_osu018_8bit_vedic_multiplier_latest_final_vedic8x8.gml,611,1047,16,16,224,258,305,3.43,True
automated_osu018_mriscv_final_AXI_SP32B1024.gml,541,796,95,81,0,4,42,2.94,False
automated_osu018_apbtoaes128_latest_final_aes_ip.gml,11315,26541,41,38,229,2420,1702,4.69,False
automated_osu018_openmsp430_latest_final_ogfx_backend_frame_fifo.gml,2223,4916,84,35,10,584,277,4.42,True
automated_osu018_cookbook_final_shift_rows.gml,384,256,128,128,0,0,0,1.33,False
automated_osu018_systemcaes_latest_final_keysched192.gml,1834,3366,207,203,51,303,125,3.67,False
automated_osu018_turbo8051_latest_final_uart_cfg.gml,277,444,17,38,0,24,35,3.21,True
automated_osu018_rtf8088_latest_final_divr2.gml,1592,3398,70,50,12,173,222,4.27,True
automated_osu018_rs_decoder_31_19_6_latest_final_degree2_cell.gml,48,67,8,5,2,10,2,2.79,True
automated_osu018_rs_decoder_31_19_6_latest_final_degree3_cell.gml,48,68,8,5,3,10,3,2.83,True
automated_osu018_openmsp430_latest_final_ogfx_gpu.gml,6289,14414,49,39,7,1508,887,4.58,True
automated_osu018_Lightweight-Threshold-Implementations-master_final_p_datapat.gml,5333,10532,141,128,128,1375,1156,3.95,True
automated_osu018_turbo8051_latest_final_oc8051_alu_src_sel.gml,312,482,72,24,0,54,19,3.09,True
automated_osu018_openmsp430_latest_final_virtex5_pmem.gml,32,16,0,16,0,0,0,1.0,False
automated_osu018_cookbook_final_fec_rot_17.gml,275,436,32,32,18,53,75,3.17,True
automated_osu018_openmsp430_latest_final_virtex4_pmem.gml,32,16,0,16,0,0,0,1.0,False
automated_osu018_m1_core_latest_final_m1_mul.gml,3032,6722,68,65,21,344,411,4.43,True
automated_osu018_mem_ctrl_latest_final_mc_mem_if.gml,619,697,150,123,0,18,8,2.25,False
automated_osu018_Lightweight-Threshold-Implementations-master_final_lut_datapat.gml,29,44,8,1,0,12,4,3.03,True
automated_osu018_cookbook_final_sboxes.gml,1141,2688,48,32,0,323,302,4.71,False
automated_osu018_m32632_latest_final_FP_STAT_REG.gml,237,327,35,35,0,26,4,2.76,False
automated_osu018_turbo8051_latest_final_wb_wr_mem2mem.gml,740,1485,59,55,0,96,20,4.01,True
automated_osu018_a-z80_latest_final_alu.gml,752,1336,40,16,92,312,312,3.55,True
automated_osu018_rs_encoder_decoder_latest_final_GF8Mult11.gml,76,123,8,8,5,16,21,3.24,True
automated_osu018_rs_encoder_decoder_latest_final_GF8Mult159.gml,105,207,8,8,2,25,27,3.94,True
automated_osu018_sha3_latest_final_padder.gml,4051,7219,39,578,0,71,41,3.56,True
automated_osu018_rs_encoder_decoder_latest_final_GF8Mult165.gml,117,239,8,8,1,36,13,4.09,True
automated_osu018_rs_encoder_decoder_latest_final_GF8Mult171.gml,123,239,8,8,6,42,36,3.89,True
automated_osu018_rs_encoder_decoder_latest_final_GF8Mult39.gml,85,146,8,8,5,27,22,3.44,True
automated_osu018_ft816float_latest_final_cntlo16.gml,90,129,16,5,0,10,11,2.87,True
automated_osu018_jt51_latest_final_jt51_sum_op.gml,371,762,17,16,4,59,50,4.11,True
automated_osu018_aes_highthroughput_lowarea_latest_final_key_exp.gml,6576,14799,261,71,112,1396,1142,4.5,True
automated_osu018_mem_ctrl_latest_final_sync_cs_d.gml,494,552,121,119,0,45,6,2.23,False
automated_osu018_present_encryptor_latest_final_permutatio.gml,192,128,64,64,0,0,0,1.33,False
automated_osu018_cookbook_final_fec_rot_7.gml,163,194,32,32,13,20,28,2.38,False
automated_osu018_trigonometric_functions_in_double_fpu_latest_final_cosine_lut.gml,1871,4062,35,64,0,618,543,4.34,False
automated_osu018_fpga-median_latest_final_state_machi.gml,637,1269,2,62,9,103,133,3.98,False
automated_osu018_double_fpu_latest_final_fpu_exceptions.gml,3140,6182,214,70,0,499,378,3.94,True
automated_osu018_orsoc_graphics_accelerator_final_gfx_cuvz.gml,43678,103750,310,154,1008,14827,8507,4.75,True
automated_osu018_openmsp430_latest_final_ogfx_reg_fifo.gml,1495,3209,21,28,1,262,120,4.29,True
automated_osu018_cookbook_final_gf_mult_by_a5.gml,65,102,8,8,4,11,22,3.14,True
automated_osu018_mriscvcore_final_UTILITY.gml,3113,6303,145,66,35,547,672,4.05,True
automated_osu018_cookbook_final_twelve_four_comp.gml,180,419,12,4,0,60,37,4.66,True
automated_osu018_openmsp430_latest_final_ogfx_if_lt24.gml,1020,2017,115,30,16,184,196,3.95,True
automated_osu018_cookbook_final_gf_mult_by_7d.gml,60,96,8,8,3,11,18,3.2,True
automated_osu018_rs_encoder_decoder_latest_final_GF8Mult9.gml,56,84,8,8,4,9,19,3.0,True
automated_osu018_cookbook_final_gf_mult_by_b9.gml,96,181,8,8,3,30,16,3.77,True
automated_osu018_cookbook_final_gf_mult_by_72.gml,100,187,8,8,3,24,28,3.74,True
automated_osu018_ecg_latest_final_point_scalar_mult.gml,86989,185647,542,390,100,16633,8134,4.27,True
automated_osu018_ecg_latest_final_f3_sub1.gml,9,9,2,2,0,0,2,2.0,True
automated_osu018_cookbook_final_gf_mult_by_66.gml,77,131,8,8,3,21,21,3.4,True
automated_osu018_double_fpu_latest_final_fpu_round.gml,1219,2250,73,76,0,102,203,3.69,True
automated_osu018_amber_latest_final_eth_receivecontrol.gml,625,1258,74,4,30,95,145,4.03,True
automated_osu018_gost28147-89_latest_final_gost89_pipelined_ecb_decrypt.gml,50158,107629,833,64,1600,12320,13312,4.29,True
automated_osu018_AES-T200_final_S.gml,708,1797,9,8,0,169,155,5.08,True
automated_osu018_cookbook_final_gf_mult_by_99.gml,77,131,8,8,4,21,20,3.4,True
automated_osu018_rs_encoder_decoder_latest_final_GF8Mult213.gml,91,163,8,8,7,21,25,3.58,True
automated_osu018_iscas_final_s1196.gml,687,1170,15,14,0,258,146,3.41,True
automated_osu018_aes_highthroughput_lowarea_latest_final_mix_columns.gml,2240,3744,128,128,352,384,864,3.34,False
automated_osu018_aes-128_pipelined_encryption_latest_final_RoundKeyG.gml,6230,14203,163,129,0,1628,856,4.56,True
automated_osu018_m32632_latest_final_RD_ALIGNER.gml,807,1744,42,33,0,160,78,4.32,True
automated_osu018_rs_encoder_decoder_latest_final_GF8Mult207.gml,79,131,8,8,5,12,22,3.32,True
automated_osu018_sdr_ctrl_latest_final_sdrc_bank_ctl.gml,2452,5161,69,36,0,383,155,4.21,True
automated_osu018_xge_mac_latest_final_generic_mem_medium.gml,1562,3373,42,32,0,142,38,4.32,True
automated_osu018_rs_encoder_decoder_latest_final_GF8Mult211.gml,90,163,8,8,6,26,23,3.62,True
automated_osu018_rs_encoder_decoder_latest_final_GF8Mult205.gml,76,126,8,8,4,19,17,3.32,True
automated_osu018_hight_latest_final_KEY_SCHED.gml,1757,3818,138,32,6,487,230,4.35,True
automated_osu018_aes-128_pipelined_encryption_latest_final_AddRoundKey.gml,1090,1729,260,129,0,1,128,3.17,True
automated_osu018_cookbook_final_crc16_dat16_flat.gml,296,551,32,16,12,78,100,3.72,True
automated_osu018_rs_encoder_decoder_latest_final_GF8Mult239.gml,64,103,8,8,4,13,19,3.22,True
automated_osu018_cookbook_final_uart.gml,455,938,12,11,0,55,92,4.12,True
automated_osu018_cookbook_final_gf_mult_by_70.gml,65,109,8,8,4,15,17,3.35,True
automated_osu018_cookbook_final_gf_mult_by_aa.gml,78,138,8,8,5,17,23,3.54,True
automated_osu018_cookbook_final_gf_mult_by_64.gml,59,95,8,8,3,14,14,3.22,True
automated_osu018_fpu_latest_final_mul_r2.gml,7242,18036,49,48,85,2775,762,4.98,True
automated_osu018_cookbook_final_gf_mult_by_7f.gml,69,117,8,8,1,13,19,3.39,True
automated_osu018_two_dimensional_fast_hartley_transform_latest_final_fht_1d_x8.gml,3062,6696,11,12,58,567,471,4.37,True
automated_osu018_fpga-median_latest_final_common_network.gml,1788,3684,96,96,24,552,348,4.12,False
automated_osu018_cookbook_final_gf_mult_by_a7.gml,81,145,8,8,3,18,13,3.58,True
automated_osu018_cookbook_final_gf_mult_by_58.gml,82,146,8,8,1,25,21,3.56,True
automated_osu018_iscas_final_ND3.gml,6,5,3,1,0,1,0,1.67,True
automated_osu018_altor32_latest_final_altor32_lfu.gml,308,555,42,33,0,115,8,3.6,True
automated_osu018_turbo8051_latest_final_g_mii_intf.gml,591,1232,32,28,1,100,67,4.17,False
automated_osu018_cookbook_final_eight_to_twenty.gml,13441,26419,532,1322,0,2647,533,3.93,True
automated_osu018_m32632_latest_final_ex_in_reg.gml,41,48,9,8,0,0,0,2.34,True
automated_osu018_Aquarius_latest_final_sasc_fifo4.gml,235,476,13,10,0,43,26,4.05,True
automated_osu018_cookbook_final_pipe_equal.gml,335,472,130,1,21,53,90,2.82,True
automated_osu018_orsoc_graphics_accelerator_final_gfx_triangl.gml,30252,71588,196,130,515,9020,5790,4.73,True
automated_osu018_altor32_latest_final_intr_perip.gml,230,376,30,33,0,24,27,3.27,False
automated_osu018_m32632_latest_final_SP_FPU.gml,5003,10302,129,75,78,1093,1086,4.12,True
automated_osu018_viterb_encoder_and_decoder_final_bmc001.gml,15,16,2,4,0,1,2,2.13,True
automated_osu018_openmsp430_latest_final_DAC121S101.gml,120,220,3,12,0,20,6,3.67,True
automated_osu018_openmsp430_latest_final_ram.gml,11526,26077,27,16,0,2654,258,4.52,True
automated_osu018_Aquarius_latest_final_rom.gml,2161,4791,13,32,0,575,705,4.43,True
automated_osu018_cookbook_final_fec_rot_5.gml,149,158,32,32,11,12,20,2.12,False
automated_osu018_amber_latest_final_eth_outputcontrol.gml,69,118,14,2,0,9,9,3.42,True
automated_osu018_cookbook_final_non_carry_add.gml,113,188,20,10,2,16,8,3.33,True
automated_osu018_des-master_final_sbox8.gml,144,325,6,4,0,45,42,4.51,True
automated_osu018_tiny_aes_latest_final_table_lookup.gml,5761,14464,33,128,32,1336,1364,5.02,True
automated_osu018_AES-T100_final_T.gml,1439,3614,9,32,8,334,341,5.02,True
automated_osu018_sha512-master_final_sha512_k_constants.gml,1413,3332,7,64,0,400,253,4.72,True
automated_osu018_rs_encoder_decoder_latest_final_GF8Mult167.gml,100,183,8,8,1,33,26,3.66,True
automated_osu018_numbert_sort_device_latest_final_VGA_Ctrl.gml,413,676,32,57,1,41,83,3.27,False
automated_osu018_reed_solomon_codec_generator_latest_final_RsDecodeTop.gml,82145,189560,13,36,2411,20476,15880,4.62,False
automated_osu018_rs_5_3_gf256_latest_final_RS_5_3_GF256.gml,1748,3954,12,9,32,530,334,4.52,True
automated_osu018_mriscvcore_final_MULT.gml,4819,10118,79,34,121,997,991,4.2,True
automated_osu018_rs_encoder_decoder_latest_final_GF8Mult173.gml,94,173,8,8,7,23,33,3.68,True
automated_osu018_rs_encoder_decoder_latest_final_GF8Mult13.gml,50,73,8,8,3,8,15,2.92,True
automated_osu018_i2c_latest_final_i2c_master_bit_ctrl.gml,595,1266,27,8,1,130,101,4.26,False
automated_osu018_aes-master_final_aes_decipher_block.gml,8087,18945,260,133,252,1898,2273,4.69,True
automated_osu018_cookbook_final_crc24_dat64_flat.gml,2083,4322,88,24,120,527,875,4.15,True
automated_osu018_sha3_latest_final_rconst2in1.gml,307,225,12,128,0,19,14,1.47,False
automated_osu018_cookbook_final_fec_rot_29.gml,519,978,32,32,45,145,166,3.77,True
automated_osu018_pairing_latest_final_f3m_su.gml,1940,3104,388,194,0,97,291,3.2,False
automated_osu018_rs_encoder_decoder_latest_final_GF8Mult198.gml,52,77,8,8,3,6,17,2.96,True
automated_osu018_turbo8051_latest_final_spi_cor.gml,1192,2579,45,39,6,185,76,4.33,True
automated_osu018_cookbook_final_fec_rot_15.gml,235,346,32,32,17,37,64,2.94,True
automated_osu018_des-master_final_crp.gml,1246,2780,80,32,48,410,348,4.46,True
automated_osu018_cookbook_final_approx_fp_sqrt.gml,161,175,31,32,1,13,12,2.17,False
automated_osu018_AES-T200_final_table_lookup.gml,5761,14464,33,128,32,1336,1364,5.02,True
automated_osu018_RSA-CRYPTOSYSTEM-using-verilog-master_final_dff.gml,7,6,3,1,0,0,0,1.71,True
automated_osu018_iscas_final_DFF.gml,5,4,2,1,0,0,0,1.6,True
automated_osu018_m1_core_latest_final_async_fifo.gml,695,1613,13,10,0,18,98,4.64,False
automated_osu018_ft816float_latest_final_fpDecompReg.gml,608,940,34,96,0,56,22,3.09,True
automated_osu018_trigonometric_functions_in_double_fpu_latest_final_dividor.gml,1192,2819,34,32,5,270,190,4.73,True
automated_osu018_m32632_latest_final_ICACHE.gml,48,63,8,8,9,0,23,2.62,True
automated_osu018_turbo8051_latest_final_oc8051_t.gml,686,1456,27,42,1,132,98,4.24,True
automated_osu018_minirisc_latest_final_mux8_1.gml,29,36,11,1,0,4,0,2.48,True
automated_osu018_double_fpu_latest_final_fpu_addsu.gml,17311,38203,134,65,32,2398,1453,4.41,True
automated_osu018_Aquarius_latest_final_mult.gml,9648,23228,79,65,58,2836,1345,4.82,True
automated_osu018_8051_latest_final_oc8051_tc2.gml,552,1113,24,44,0,86,46,4.03,True
automated_osu018_amber_latest_final_eth_registers.gml,2283,4188,80,290,0,200,391,3.67,True
automated_osu018_cookbook_final_gearbox_32_33.gml,967,2172,36,34,0,149,70,4.49,True
automated_osu018_reed_solomon_codec_generator_latest_final_RsDecodeDelay.gml,17597,39867,12,9,4,527,3740,4.53,True
automated_osu018_openmsp430_latest_final_omsp_sfr.gml,110,132,21,20,0,15,10,2.4,False
automated_osu018_a-z80_latest_final_uart.gml,254,534,11,2,3,33,42,4.2,True
automated_osu018_turbo8051_latest_final_generic_intr_stat_reg.gml,12,12,5,1,0,1,0,2.0,True
automated_osu018_cookbook_final_crc24_dat64_only_flat.gml,1355,2730,64,24,101,332,611,4.03,True
automated_osu018_ft816float_latest_final_cntlz32.gml,146,237,32,6,0,21,27,3.25,True
automated_osu018_sdr_ctrl_latest_final_BUFFER.gml,3,2,1,1,0,0,0,1.33,True
automated_osu018_cookbook_final_fec_rot_14.gml,213,301,32,32,13,28,57,2.83,True
automated_osu018_rs_encoder_decoder_latest_final_GF8Mult199.gml,52,77,8,8,3,5,19,2.96,True
automated_osu018_cookbook_final_fec_rot_28.gml,462,864,32,32,33,118,157,3.74,True
automated_osu018_cookbook_final_vga_driver.gml,449,793,32,55,0,73,76,3.53,False
automated_osu018_openmsp430_latest_final_ram_8x512_hi.gml,16,8,0,8,0,0,0,1.0,False
automated_osu018_aes-master_final_aes_inv_sbox.gml,2799,7179,32,32,0,635,709,5.13,False
automated_osu018_viterb_encoder_and_decoder_final_tbu.gml,104,206,20,2,0,12,9,3.96,True
automated_osu018_rs_encoder_decoder_latest_final_GF8Mult12.gml,55,85,8,8,5,7,19,3.09,True
automated_osu018_cookbook_final_rx_buffer_fifo_2.gml,6734,13585,404,402,2,813,411,4.03,True
automated_osu018_aes_core_latest_final_aes_cipher_top.gml,18985,45822,259,129,352,4770,4274,4.83,True
automated_osu018_rs_encoder_decoder_latest_final_GF8Mult172.gml,74,124,8,8,4,14,25,3.35,True
automated_osu018_RSA-CRYPTOSYSTEM-using-verilog-master_final_mux.gml,8,8,3,1,0,1,0,2.0,True
automated_osu018_rs_encoder_decoder_latest_final_GF8Mult166.gml,74,120,8,8,5,11,25,3.24,True
automated_osu018_sdr_ctrl_latest_final_sdrc_top.gml,14149,35656,64,64,132,5188,1626,5.04,True
automated_osu018_configurable_crc_core_latest_final_crc_7.gml,50,91,4,7,0,7,4,3.64,True
automated_osu018_fixed_point_arithmetic_parameterized_latest_final_qmult.gml,13083,32686,64,32,112,4787,1803,5.0,True
automated_osu018_m32632_latest_final_DCACHE_SM.gml,912,1439,118,102,0,119,70,3.16,False
automated_osu018_minirisc_latest_final_inc11.gml,60,81,11,11,2,8,13,2.7,True
automated_osu018_tiny_aes_latest_final_final_round.gml,11713,29280,257,128,128,2704,2608,5.0,True
automated_osu018_iscas_final_TX.gml,3,2,1,1,0,0,0,1.33,True
automated_osu018_cookbook_final_fec_rot_4.gml,142,140,32,32,10,8,16,1.97,False
automated_osu018_iscas_final_c5315.gml,1454,2675,178,123,10,240,195,3.68,False
automated_osu018_cookbook_final_pipeline_add_ms.gml,338,615,42,21,10,49,62,3.64,True
automated_osu018_viterb_encoder_and_decoder_final_bmc000.gml,14,15,2,4,1,1,2,2.14,True
automated_osu018_sdr_ctrl_latest_final_sdrc_bank_fsm.gml,649,1168,64,45,1,76,37,3.6,True
automated_osu018_iscas_final_ND2.gml,5,4,2,1,0,1,0,1.6,True
automated_osu018_cookbook_final_gf_mult_by_59.gml,105,200,8,8,5,35,16,3.81,True
automated_osu018_cookbook_final_gf_mult_by_a6.gml,61,95,8,8,2,7,16,3.11,True
automated_osu018_aes_decrypt_fpga_latest_final_MUXF8.gml,8,8,3,1,0,1,0,2.0,True
automated_osu018_altor32_latest_final_altor32_lsu.gml,55,66,19,4,0,7,11,2.4,True
automated_osu018_cookbook_final_gf_mult_by_65.gml,60,98,8,8,3,6,22,3.27,True
automated_osu018_cookbook_final_gf_mult_by_71.gml,61,101,8,8,4,10,17,3.31,True
automated_osu018_openmsp430_latest_final_rom_8x2k_hi.gml,16,8,0,8,0,0,0,1.0,False
automated_osu018_rs_encoder_decoder_latest_final_GF8Mult238.gml,67,109,8,8,3,18,17,3.25,True
automated_osu018_iscas_final_BU.gml,3,2,1,1,0,0,0,1.33,True
automated_osu018_rs_encoder_decoder_latest_final_GF8Mult204.gml,78,132,8,8,4,21,16,3.38,True
automated_osu018_sha3_latest_final_rconst.gml,205,186,24,64,0,20,32,1.81,False
automated_osu018_apbtoaes128_latest_final_data_swap.gml,260,516,34,32,0,97,1,3.97,True
automated_osu018_rs_encoder_decoder_latest_final_GF8Mult210.gml,80,138,8,8,4,20,23,3.45,True
automated_osu018_des-master_final_des3.gml,4000,9002,240,64,49,1376,518,4.5,True
automated_osu018_systemcaes_latest_final_wb_aes_controller.gml,2784,5096,174,291,0,329,57,3.66,True
automated_osu018_edge_latest_final_Edge_Cor.gml,48926,116679,68,100,371,12827,6662,4.77,True
automated_osu018_mesi_isc_final_mesi_isc_broad.gml,1407,3127,43,45,3,355,68,4.44,True
automated_osu018_reed_solomon_codec_generator_latest_final_RsEncodeTop.gml,1658,3695,12,8,67,512,333,4.46,True
automated_osu018_two_dimensional_fast_hartley_transform_latest_final_signed_mult_const_asi.gml,363,839,11,9,7,110,55,4.62,True
automated_osu018_cookbook_final_three_two_comp.gml,16,24,3,2,0,4,3,3.0,True
automated_osu018_cookbook_final_gf_mult_by_f5.gml,79,140,8,8,3,26,11,3.54,True
automated_osu018_cookbook_final_gf_mult_by_0d.gml,64,107,8,8,4,11,22,3.34,True
automated_osu018_8051_latest_final_oc8051_b_register.gml,161,306,21,8,0,33,20,3.8,True
automated_osu018_cookbook_final_ternary_sum_ni.gml,689,1347,73,12,22,148,135,3.91,True
automated_osu018_cookbook_final_gf_mult_by_16.gml,70,119,8,8,4,13,24,3.4,True
automated_osu018_cookbook_final_gf_mult_by_e9.gml,68,109,8,8,3,16,22,3.21,True
automated_osu018_cookbook_final_gf_mult_by_02.gml,32,27,8,8,3,0,3,1.69,False
automated_osu018_cookbook_final_sbox3.gml,110,259,6,4,0,30,28,4.71,True
automated_osu018_tiny_tate_bilinear_pairing_latest_final_tiny.gml,269,457,42,20,14,43,69,3.4,True
automated_osu018_iscas_final_s349.gml,220,337,10,11,0,66,38,3.06,True
automated_osu018_turbo8051_latest_final_g_tx_fsm.gml,554,1047,51,35,1,75,54,3.78,True
automated_osu018_xge_mac_latest_final_sync_clk_xgmii_tx.gml,17,24,5,3,0,0,0,2.82,True
automated_osu018_edge_latest_final_reset_logi.gml,5,4,2,1,0,0,0,1.6,True
automated_osu018_viterb_encoder_and_decoder_final_mem_disp.gml,6474,14864,13,1,0,1117,207,4.59,True
automated_osu018_hight_latest_final_HIGHT_CORE_TOP.gml,4057,8898,198,66,54,1211,603,4.39,True
automated_osu018_rsencoder_latest_final_FF.gml,34,40,10,8,0,0,0,2.35,True
automated_osu018_rs_encoder_decoder_latest_final_GF8Mult75.gml,94,168,8,8,3,31,22,3.57,True
automated_osu018_openmsp430_latest_final_omsp_sync_reset.gml,7,8,2,1,0,0,0,2.29,True
automated_osu018_cookbook_final_error_loc_poly_roots.gml,623,1010,72,73,40,104,183,3.24,True
automated_osu018_BLAKE_final_BLAKE_TOP.gml,24104,57108,21,17,469,5310,4704,4.74,True
automated_osu018_rs_encoder_decoder_latest_final_GF8Mult129.gml,77,129,8,8,5,20,20,3.35,True
automated_osu018_rs_encoder_decoder_latest_final_GF8Mult61.gml,90,168,8,8,3,28,12,3.73,True
automated_osu018_rs_encoder_decoder_latest_final_GF8Mult49.gml,50,68,8,8,5,6,14,2.72,True
automated_osu018_rs_encoder_decoder_latest_final_GF8Mult101.gml,46,59,8,8,3,3,15,2.57,True
automated_osu018_AES-T1000_final_S.gml,708,1797,9,8,0,169,155,5.08,True
automated_osu018_rs_encoder_decoder_latest_final_GF8Mult115.gml,86,148,8,8,7,21,23,3.44,True
automated_osu018_cookbook_final_chain_delay_adjust.gml,373,749,5,25,0,74,76,4.02,True
automated_osu018_des_latest_final_sbox8.gml,144,325,6,4,0,45,42,4.51,True
automated_osu018_rtf8088_latest_final_evaluate_bra.gml,111,181,29,1,0,22,25,3.26,True
automated_osu018_turbo8051_latest_final_g_cfg_mgmt.gml,3070,5945,77,255,8,639,270,3.87,True
automated_osu018_jt51_latest_final_jt51_lfo_lfsr.gml,112,235,3,1,1,10,4,4.2,True
automated_osu018_cookbook_final_system_timer.gml,490,932,2,50,1,77,87,3.8,True
automated_osu018_turbo8051_latest_final_oc8051_memory_interfa.gml,2394,4913,199,123,8,405,208,4.1,False
automated_osu018_des_latest_final_key_sel3.gml,2326,5257,175,48,0,801,134,4.52,True
automated_osu018_aes-encryption_latest_final_aes_cipher_top.gml,32385,79725,259,129,389,7606,7758,4.92,True
automated_osu018_openmsp430_latest_final_cyclonev_io_ibuf.gml,3,2,1,1,0,0,0,1.33,True
automated_osu018_openmsp430_latest_final_omsp_dbg.gml,1306,2735,54,40,4,211,207,4.19,True
automated_osu018_m1_core_latest_final_ps2_top.gml,1901,4230,29,38,11,393,246,4.45,False
automated_osu018_openmsp430_latest_final_omsp_and_gat.gml,5,4,2,1,0,1,0,1.6,True
automated_osu018_Aquarius_latest_final_cpu.gml,23392,54951,51,73,89,5185,2577,4.7,True
automated_osu018_8051_latest_final_oc8051_uart.gml,570,1189,27,26,0,85,65,4.17,True
automated_osu018_fpga-median_latest_final_nod.gml,173,323,16,16,2,46,29,3.73,True
automated_osu018_8051_latest_final_oc8051_ports.gml,584,1069,54,64,0,106,36,3.66,True
automated_osu018_openmsp430_latest_final_spartan3a_dmem.gml,32,16,0,16,0,0,0,1.0,False
automated_osu018_orsoc_graphics_accelerator_final_gfx_wbs.gml,539,934,41,16,4,312,124,3.47,True
automated_osu018_cookbook_final_gf_mult_by_6.gml,59,90,8,8,5,9,22,3.05,True
automated_osu018_cavlc_latest_final_cavlc_read_run_befores.gml,2133,4349,168,152,2,254,101,4.08,True
automated_osu018_minirisc_latest_final_xilinx_mux2_7.gml,14,7,0,7,0,0,0,1.0,False
automated_osu018_reed_solomon_decoder_latest_final_out_stag.gml,187,344,11,20,2,24,26,3.68,True
automated_osu018_amber_latest_final_eth_random.gml,142,273,25,2,0,25,21,3.85,True
automated_osu018_apbtoaes128_latest_final_shift_rows.gml,640,512,128,256,0,0,0,1.6,False
automated_osu018_rs_encoder_decoder_latest_final_GF8SigmaAdder8t.gml,360,288,144,72,72,0,72,1.6,False
automated_osu018_siphash-master_final_siphas.gml,8871,19788,44,32,190,1516,1740,4.46,True
automated_osu018_mriscvcore_final_ALU_xor.gml,269,363,66,32,32,32,96,2.7,True
automated_osu018_cookbook_final_error_loc_poly_round_multi_step.gml,8186,17100,396,261,249,2169,1680,4.18,False
automated_osu018_a-z80_latest_final_alu_mux_8.gml,28,33,11,1,0,2,0,2.36,True
automated_osu018_cookbook_final_pn2112_tabl.gml,639,1479,7,32,0,203,137,4.63,True
automated_osu018_cookbook_final_gf_mult_by_7.gml,91,161,8,8,5,24,27,3.54,True
automated_osu018_jt51_latest_final_jt51_envelop.gml,1812,3769,52,10,9,269,228,4.16,True
automated_osu018_cookbook_final_gearbox_67_40.gml,2512,6114,69,41,0,392,212,4.87,True
automated_osu018_pairing_latest_final_f3_mult.gml,18,24,4,2,0,4,0,2.67,True
automated_osu018_epfl_final_top.gml,1870,2887,256,129,8,286,477,3.09,True
automated_osu018_fpu_latest_final_except.gml,210,273,63,12,0,31,51,2.6,True
automated_osu018_cookbook_final_gf_mult_by_a.gml,52,73,8,8,2,5,18,2.81,True
automated_osu018_apbtoaes128_latest_final_aes_cor.gml,11104,25835,61,97,229,2321,1654,4.65,True
automated_osu018_sdr_ctrl_latest_final_sdrc_xfr_ctl.gml,1198,2152,111,78,5,167,161,3.59,False
automated_osu018_m32632_latest_final_IO_SWITCH.gml,336,447,80,45,0,5,21,2.66,True
automated_osu018_aes_core_latest_final_aes_rco.gml,114,144,2,32,0,10,13,2.53,False
automated_osu018_mem_ctrl_latest_final_mc_timing.gml,2858,6154,72,32,1,801,746,4.31,True
automated_osu018_cookbook_final_bus_mux.gml,421,578,131,16,0,64,0,2.75,True
automated_osu018_reed_solomon_decoder_latest_final_RS_d.gml,65148,149470,11,10,141,11235,7054,4.59,True
automated_osu018_iscas_final_c1908.gml,443,959,33,25,8,97,91,4.33,True
automated_osu018_cookbook_final_two_to_o.gml,468,913,70,35,0,100,2,3.9,True
automated_osu018_rs_decoder_31_19_6_latest_final_degree5_cell.gml,62,100,8,5,1,18,7,3.23,True
automated_osu018_minirisc_latest_final_mux2_11.gml,82,92,23,11,0,11,0,2.24,True
automated_osu018_Aquarius_latest_final_mem.gml,1420,2521,139,122,0,144,31,3.55,False
automated_osu018_cookbook_final_thirtysix_six_comp.gml,450,1008,36,6,1,183,93,4.48,True
automated_osu018_rs_encoder_decoder_latest_final_GF8Mult114.gml,81,139,8,8,5,18,25,3.43,True
automated_osu018_rs_encoder_decoder_latest_final_GF8Mult100.gml,45,57,8,8,4,3,14,2.53,True
automated_osu018_rs_encoder_decoder_latest_final_GF8Mult48.gml,43,53,8,8,6,3,12,2.47,True
automated_osu018_rs_decoder_31_19_6_latest_final_degree4_cell.gml,55,84,8,5,2,14,5,3.05,True
automated_osu018_reed_solomon_codec_generator_latest_final_RsDecodeChi.gml,10769,23910,541,14,647,2002,2924,4.44,True
automated_osu018_rs_encoder_decoder_latest_final_GF8Mult60.gml,95,177,8,8,4,26,24,3.73,True
automated_osu018_rs_encoder_decoder_latest_final_GF8Mult128.gml,70,119,8,8,2,9,22,3.4,True
automated_osu018_AES-T200_final_TSC.gml,386,463,30,64,10,25,12,2.4,True
automated_osu018_cookbook_final_round.gml,1501,3056,120,120,80,323,382,4.07,False
automated_osu018_csa_latest_final_led_cnt.gml,55,109,3,8,0,15,0,3.96,True
automated_osu018_cookbook_final_cordi.gml,422,873,6,4,0,101,54,4.14,True
automated_osu018_two_dimensional_fast_hartley_transform_latest_final_dpsram_128x16.gml,64,32,0,32,0,0,0,1.0,False
automated_osu018_rs_encoder_decoder_latest_final_GF8Mult74.gml,70,117,8,8,2,19,16,3.34,True
automated_osu018_jt51_latest_final_jt51_pm.gml,549,1191,23,13,7,143,104,4.34,True
automated_osu018_Lightweight-Threshold-Implementations-master_final_serial_simo.gml,1288,2666,4,3,2,325,56,4.14,True
automated_osu018_mriscvcore_final_ALU_beq.gml,134,151,64,1,0,24,39,2.25,True
automated_osu018_cookbook_final_crc16_dat24_flat.gml,499,1023,40,16,27,135,159,4.1,True
automated_osu018_tiny_aes_latest_final_T.gml,1439,3614,9,32,8,334,341,5.02,True
automated_osu018_mips_16_latest_final_mips_16_core_top.gml,20190,47447,2,8,2,657,1757,4.7,True
automated_osu018_priority_encoder_latest_final_bitsca.gml,95,119,16,16,0,15,20,2.51,True
automated_osu018_m32632_latest_final_DCACHE.gml,159,298,6,4,0,71,66,3.75,True
automated_osu018_m1_core_latest_final_ps2_keyboard.gml,664,1398,31,14,13,126,157,4.21,True
automated_osu018_cookbook_final_bin_to_ascii.gml,75,140,6,8,0,13,10,3.73,False
automated_osu018_m32632_latest_final_DRAMIF.gml,48445,95960,1550,1555,2205,17409,9003,3.96,True
automated_osu018_openmsp430_latest_final_spartan3a_pmem.gml,32,16,0,16,0,0,0,1.0,False
automated_osu018_cookbook_final_ternary_add.gml,171,310,24,10,4,35,29,3.63,True
automated_osu018_mesi_isc_final_mesi_isc_breq_fifos.gml,3375,7289,143,48,6,580,48,4.32,True
automated_osu018_turbo8051_latest_final_oc8051_indi_addr.gml,433,945,23,8,1,81,41,4.36,True
automated_osu018_xge_mac_latest_final_generic_fifo_ctrl.gml,214,467,6,14,8,66,25,4.36,True
automated_osu018_cookbook_final_sbox2.gml,157,386,6,4,0,48,39,4.92,True
automated_osu018_cookbook_final_gf_mult_by_e8.gml,66,110,8,8,4,17,19,3.33,True
automated_osu018_cookbook_final_gf_mult_by_03.gml,49,69,8,8,5,10,9,2.82,True
automated_osu018_cookbook_final_gf_mult_by_17.gml,82,144,8,8,6,21,15,3.51,True
automated_osu018_gcm-aes_latest_final_aes_cipher_top.gml,18644,45285,259,129,277,4633,4242,4.86,True
automated_osu018_cookbook_final_gf_mult_by_f4.gml,63,106,8,8,3,17,14,3.37,True
automated_osu018_altor32_latest_final_cpu.gml,11807,27058,38,113,20,1710,1632,4.58,False
automated_osu018_cookbook_final_gf_mult_by_1a.gml,86,152,8,8,1,20,23,3.53,True
automated_osu018_edge_latest_final_Coprocessor0.gml,6462,14848,110,33,14,773,760,4.6,True
automated_osu018_cookbook_final_ecc_raw_data_32bit.gml,96,64,32,32,0,0,0,1.33,False
automated_osu018_cookbook_final_crc32_dat96_flat.gml,3372,6774,128,32,263,599,1836,4.02,True
automated_osu018_rs_encoder_decoder_latest_final_GF8Mult248.gml,62,102,8,8,4,16,16,3.29,True
automated_osu018_tiny_aes_latest_final_S4.gml,2834,7193,33,32,0,676,620,5.08,True
automated_osu018_cookbook_final_gf_mult_by_f6.gml,73,127,8,8,2,24,18,3.48,True
automated_osu018_gost28147-89_latest_final_gost89_ma.gml,3847,6512,835,33,55,565,831,3.39,True
automated_osu018_pairing_latest_final_f36m_cubi.gml,21549,42692,1165,1164,0,2220,2220,3.96,True
automated_osu018_iscas_final_IV.gml,4,3,1,1,0,0,0,1.5,True
automated_osu018_iscas_final_s9234.gml,3781,5192,29,39,0,903,334,2.75,False
automated_osu018_cookbook_final_gf_mult_by_29.gml,77,128,8,8,2,12,26,3.32,True
automated_osu018_cookbook_final_gf_mult_by_01.gml,24,16,8,8,0,0,0,1.33,False
automated_osu018_Lightweight-Threshold-Implementations-master_final_share_roundTI.gml,63,114,10,3,3,15,9,3.62,True
automated_osu018_cookbook_final_gf_mult_by_15.gml,50,73,8,8,3,8,15,2.92,True
automated_osu018_edge_latest_final_shifter_right_logical.gml,364,661,37,32,0,41,23,3.63,True
automated_osu018_amber_latest_final_eth_macstatus.gml,413,671,92,19,2,57,64,3.25,True
automated_osu018_cookbook_final_sbox0.gml,141,329,6,4,0,41,35,4.67,True
automated_osu018_chacha-master_final_chacha_qr.gml,2183,4168,128,128,52,505,496,3.82,True
automated_osu018_minirisc_latest_final_inc8.gml,47,61,8,8,2,3,14,2.6,True
automated_osu018_verilog_fixed_point_math_library_latest_final_qadd.gml,949,1869,64,32,2,152,205,3.94,True
automated_osu018_pairing_latest_final_f3m_i.gml,13280,28362,196,195,0,2556,792,4.27,True
automated_osu018_rs_encoder_decoder_latest_final_GF8Add.gml,40,32,16,8,8,0,8,1.6,False
automated_osu018_cookbook_final_mix_columns.gml,2136,4256,128,128,112,500,552,3.99,False
automated_osu018_m32632_latest_final_DIVI_PREP.gml,535,977,36,39,5,126,87,3.65,True
automated_osu018_ecg_latest_final_point_add.gml,80164,170011,780,390,92,15639,8027,4.24,True
automated_osu018_present_encryptor_latest_final_sbox.gml,44,82,4,4,1,6,10,3.73,True
automated_osu018_openmsp430_latest_final_omsp_dbg_hwbrk.gml,510,972,63,18,18,92,97,3.81,True
automated_osu018_cookbook_final_gf_mult_by_.gml,56,87,8,8,2,14,13,3.11,True
automated_osu018_cookbook_final_initial_permut.gml,192,128,64,64,0,0,0,1.33,False
automated_osu018_cookbook_final_enc_64_67.gml,1942,4375,69,67,19,442,284,4.51,True
automated_osu018_rs_encoder_decoder_latest_final_GF8Mult62.gml,85,145,8,8,3,21,22,3.41,True
automated_osu018_viterb_encoder_and_decoder_final_bmc110.gml,15,16,2,4,0,1,2,2.13,True
automated_osu018_rs_encoder_decoder_latest_final_GF8Mult76.gml,92,163,8,8,6,15,36,3.54,True
automated_osu018_8051_latest_final_oc8051_cache_ram.gml,28661,65648,49,64,0,5179,1987,4.58,True
automated_osu018_rs_encoder_decoder_latest_final_GF8Mult116.gml,84,151,8,8,5,24,19,3.6,True
automated_osu018_systemcaes_latest_final_keysched.gml,1257,2293,143,139,27,198,94,3.65,False
automated_osu018_rs_encoder_decoder_latest_final_GF8Mult102.gml,49,70,8,8,3,5,15,2.86,True
automated_osu018_rs_encoder_decoder_latest_final_GF8SyndromBuffer.gml,781,1778,17,8,0,145,89,4.55,True
automated_osu018_amber_latest_final_boot_mem128.gml,135,249,17,10,0,32,16,3.69,True
automated_osu018_rs_encoder_decoder_latest_final_GF8Mult89.gml,119,237,8,8,4,31,25,3.98,True
automated_osu018_minirisc_latest_final_xilinx_add_sub8_co.gml,18,9,0,9,0,0,0,1.0,False
automated_osu018_iscas_final_Circuit74283.gml,45,64,9,5,0,7,11,2.84,True
automated_osu018_uart-master_final_uart_cor.gml,1021,2243,35,11,3,229,228,4.39,True
automated_osu018_simon_core_latest_final_simon_datapath_shiftreg.gml,587,1190,6,7,0,150,12,4.05,True
automated_osu018_cookbook_final_ecc_decode_2bit.gml,84,168,6,5,3,34,16,4.0,True
automated_osu018_mips_16_latest_final_ID_stag.gml,469,777,51,76,0,53,24,3.31,True
automated_osu018_ecg_latest_final_func8.gml,6334,12590,200,194,0,1558,394,3.98,True
automated_osu018_cookbook_final_gf_mult_by_5.gml,69,121,8,8,2,12,16,3.51,True
automated_osu018_Lightweight-Threshold-Implementations-master_final_shar.gml,516,1004,14,5,3,21,16,3.89,True
automated_osu018_m32632_latest_final_ADDR_UNIT.gml,3124,6562,200,81,11,520,552,4.2,True
automated_osu018_edge_latest_final_shifter_right_arithmeti.gml,364,661,37,32,0,41,23,3.63,True
automated_osu018_cookbook_final_fn_.gml,512,512,192,64,0,64,0,2.0,False
automated_osu018_uart-master_final_uart.gml,354,584,26,52,1,27,25,3.3,False
automated_osu018_cookbook_final_crc32_dat112_flat.gml,4390,9055,144,32,307,835,2182,4.13,True
automated_osu018_mem_ctrl_latest_final_mc_adr_sel.gml,956,1984,61,50,4,116,116,4.15,False
automated_osu018_cookbook_final_buf_3to2.gml,680,1484,28,18,0,128,56,4.36,True
automated_osu018_minirisc_latest_final_cmp8_eq.gml,33,36,16,1,0,5,9,2.18,True
automated_osu018_cavlc_latest_final_cavlc_top.gml,5713,13182,31,156,11,685,805,4.61,True
automated_osu018_openmsp430_latest_final_omsp_frontend.gml,1666,3201,59,184,0,228,252,3.84,True
automated_osu018_cookbook_final_ecc_raw_data_16bit.gml,48,32,16,16,0,0,0,1.33,False
automated_osu018_orsoc_graphics_accelerator_final_gfx_wbm_read.gml,243,184,71,78,0,1,0,1.51,False
automated_osu018_Aquarius_latest_final_sys.gml,669,1191,75,48,14,106,83,3.56,True
automated_osu018_sha512-master_final_sha512_w_mem.gml,11584,24626,1028,64,52,1304,772,4.25,True
automated_osu018_orsoc_graphics_accelerator_final_gfx_wbm_read_arbiter.gml,579,687,138,135,0,139,5,2.37,False
automated_osu018_ecg_latest_final_f3m_neg.gml,582,388,194,194,0,0,0,1.33,False
automated_osu018_cookbook_final_gf_mult_by_4.gml,59,92,8,8,4,12,19,3.12,True
automated_osu018_ecg_latest_final_func9.gml,2841,3228,778,389,0,1165,0,2.27,True
automated_osu018_m32632_latest_final_SIGNMUL.gml,14149,35656,64,64,132,5188,1626,5.04,True
automated_osu018_edge_latest_final_hazard_unit.gml,244,435,45,13,5,40,48,3.57,False
automated_osu018_fixed_point_arithmetic_parameterized_latest_final_qtwosComp.gml,296,373,31,64,10,31,50,2.52,True
automated_osu018_a-z80_latest_final_resets.gml,35,56,6,2,0,5,3,3.2,True
automated_osu018_rs_encoder_decoder_latest_final_GF8Mult88.gml,93,164,8,8,5,39,18,3.53,True
automated_osu018_aes_highthroughput_lowarea_latest_final_MULB.gml,112,185,8,8,9,16,41,3.3,True
automated_osu018_cookbook_final_chain_delay_rand.gml,559,1146,2,11,0,112,152,4.1,True
automated_osu018_Lightweight-Threshold-Implementations-master_final_key_shar.gml,508,995,13,3,3,27,15,3.92,True
automated_osu018_BLAKE_final_CSA.gml,511,764,96,64,0,126,66,2.99,False
automated_osu018_altor32_latest_final_soc_pif8.gml,1593,1967,304,369,0,104,54,2.47,False
automated_osu018_openmsp430_latest_final_in_buf_iobuf_in_v0i.gml,3,2,1,1,0,0,0,1.33,True
automated_osu018_cookbook_final_mask_32.gml,128,188,5,32,0,13,13,2.94,False
automated_osu018_cookbook_final_descrambler.gml,7612,13488,515,512,492,3506,497,3.54,True
automated_osu018_ft816float_latest_final_cntlo64.gml,371,571,64,7,0,51,53,3.08,True
automated_osu018_rs_encoder_decoder_latest_final_GF8Mult103.gml,62,101,8,8,5,11,18,3.26,True
automated_osu018_rs_encoder_decoder_latest_final_GF8Mult117.gml,116,229,8,8,2,34,25,3.95,True
automated_osu018_viterb_encoder_and_decoder_final_bmc111.gml,14,15,2,4,1,1,2,2.14,True
automated_osu018_rs_encoder_decoder_latest_final_GF8Mult77.gml,103,202,8,8,5,30,25,3.92,True
automated_osu018_rs_encoder_decoder_latest_final_GF8Mult63.gml,82,136,8,8,5,17,23,3.32,True
automated_osu018_cookbook_final_crc32c_dat32_flat.gml,2004,4142,64,32,137,564,833,4.13,True
automated_osu018_openmsp430_latest_final_openGFX430.gml,17829,41004,76,102,61,3993,2621,4.6,True
automated_osu018_iscas_final_FD1S2.gml,15,15,5,2,0,2,0,2.0,True
automated_osu018_cookbook_final_crc24_zer64_flat.gml,731,1506,24,24,32,245,238,4.12,True
automated_osu018_orsoc_graphics_accelerator_final_bresenham_li.gml,6596,11640,1164,388,0,388,1164,3.53,False
automated_osu018_iscas_final_s1494.gml,1012,1755,9,19,0,410,218,3.47,True
automated_osu018_cookbook_final_reed_sol_tx.gml,2632,5440,12,10,71,1003,465,4.13,True
automated_osu018_cookbook_final_sbox1.gml,155,356,6,4,0,46,44,4.59,True
automated_osu018_cookbook_final_addsu.gml,258,437,33,17,6,53,62,3.39,True
automated_osu018_openmsp430_latest_final_omsp_dbg_uart.gml,583,1169,25,25,6,87,113,4.01,True
automated_osu018_dpll-isdn_latest_final_freqdivider.gml,59,116,3,1,0,8,14,3.93,True
automated_osu018_cookbook_final_gf_mult_by_14.gml,54,80,8,8,4,6,18,2.96,True
automated_osu018_dpll-isdn_latest_final_randomwalkfilter.gml,88,195,3,2,0,20,22,4.43,True
automated_osu018_turbo8051_latest_final_g_eth_parser.gml,547,1002,60,38,17,77,136,3.66,False
automated_osu018_iscas_final_s820.gml,612,1066,19,19,0,249,159,3.48,True
automated_osu018_cookbook_final_gf_mult_by_fa.gml,73,125,8,8,4,21,15,3.42,True
automated_osu018_AES-T1000_final_table_lookup.gml,5761,14464,33,128,32,1336,1364,5.02,True
automated_osu018_openmsp430_latest_final_dac_spi_if.gml,208,386,2,27,0,8,10,3.71,False
automated_osu018_amber_latest_final_eth_shiftreg.gml,262,458,37,18,0,34,22,3.5,True
automated_osu018_cookbook_final_gf_mult_by_28.gml,67,117,8,8,3,18,15,3.49,True
automated_osu018_rs_5_3_gf256_latest_final_gf256mult.gml,445,939,16,8,24,144,128,4.22,True
automated_osu018_cookbook_final_gf_mult_by_0f.gml,82,140,8,8,4,17,25,3.41,True
automated_osu018_cookbook_final_gf_mult_by_f7.gml,75,129,8,8,4,23,14,3.44,True
automated_osu018_fpu_latest_final_pre_norm.gml,1780,3868,70,66,7,520,219,4.35,True
automated_osu018_turbo8051_latest_final_req_register.gml,11,11,5,1,0,1,0,2.0,True
automated_osu018_cookbook_final_bin_to_gray.gml,32,31,8,8,7,0,7,1.94,True
automated_osu018_openmsp430_latest_final_openMSP430_fpga.gml,5487,12627,34,45,16,967,847,4.6,False
automated_osu018_cookbook_final_crc32_dat72_flat.gml,3152,6473,104,32,234,694,1441,4.11,True
automated_osu018_crcahb_latest_final_crc_unit.gml,5192,9834,46,107,8,1265,798,3.79,True
automated_osu018_rs_encoder_decoder_latest_final_GF8Mult249.gml,66,108,8,8,3,16,17,3.27,True
automated_osu018_orsoc_graphics_accelerator_final_gfx_blender.gml,8274,18730,183,117,181,2489,1554,4.53,False
automated_osu018_cookbook_final_tx_4channel_arbiter.gml,9865,16271,2091,534,3,1597,2610,3.3,True
automated_osu018_8051_latest_final_disp.gml,111,206,8,14,0,22,11,3.71,False
automated_osu018_openmsp430_latest_final_ogfx_gpu_dma.gml,4221,9351,138,37,12,943,656,4.43,True
automated_osu018_Aquarius_latest_final_pio.gml,381,477,72,64,0,36,0,2.5,True
automated_osu018_cookbook_final_fn_maj.gml,512,576,192,64,0,128,0,2.25,False
automated_osu018_cookbook_final_cntr_modulus_la.gml,238,472,21,16,0,27,30,3.97,True
automated_osu018_rs_encoder_decoder_latest_final_GF8GenMult.gml,640,1261,16,8,6,145,85,3.94,True
automated_osu018_aes_core_latest_final_aes_inv_sbox.gml,722,1840,8,8,0,170,162,5.1,True
automated_osu018_cookbook_final_gf_mult_by_04.gml,45,57,8,8,2,8,6,2.53,False
automated_osu018_cookbook_final_gf_mult_by_10.gml,53,72,8,8,3,6,15,2.72,True
automated_osu018_8051_latest_final_oc8051_cy_select.gml,9,9,4,1,0,2,0,2.0,True
automated_osu018_cookbook_final_gf_mult_by_f3.gml,67,110,8,8,2,16,15,3.28,True
automated_osu018_cookbook_final_gf_mult_by_38.gml,84,153,8,8,2,23,18,3.64,True
automated_osu018_cookbook_final_gf_mult_by_1f.gml,101,195,8,8,3,30,16,3.86,True
automated_osu018_openmsp430_latest_final_spartan3adsp_dmem.gml,32,16,0,16,0,0,0,1.0,False
automated_osu018_gng_latest_final_gng_smul_16_18.gml,4009,9908,35,34,30,1540,365,4.94,True
automated_osu018_turbo8051_latest_final_oc8051_sfr.gml,3598,8080,100,96,2,845,481,4.49,True
automated_osu018_hight_latest_final_WF.gml,495,668,97,64,22,34,79,2.7,False
automated_osu018_cookbook_final_sbox5.gml,150,356,6,4,0,44,40,4.75,True
automated_osu018_openmsp430_latest_final_ogfx_backend_lut_fifo.gml,796,1652,54,28,0,81,99,4.15,True
automated_osu018_present_encryptor_latest_final_sub_per.gml,704,1312,64,64,16,96,160,3.73,False
automated_osu018_rs_encoder_decoder_latest_final_GF8Fir8t.gml,6108,12236,85,8,136,1321,933,4.01,True
automated_osu018_tiny_aes_latest_final_S.gml,708,1797,9,8,0,169,155,5.08,True
automated_osu018_turbo8051_latest_final_uart_rxfsm.gml,209,433,8,11,3,27,40,4.14,True
automated_osu018_SHA_final_SHA256_CORE.gml,12290,27098,36,257,97,2075,2297,4.41,True
automated_osu018_aes-encryption_latest_final_aes_sbox.gml,690,1748,8,8,0,172,153,5.07,True
automated_osu018_m32632_latest_final_PREPDATA.gml,465,507,70,109,0,16,57,2.18,True
automated_osu018_rs_encoder_decoder_latest_final_GF8Mult113.gml,72,120,8,8,3,14,24,3.33,True
automated_osu018_fpu_latest_final_delay2.gml,11,12,3,2,0,0,0,2.18,True
automated_osu018_rs_encoder_decoder_latest_final_GF8Mult107.gml,59,94,8,8,5,14,17,3.19,True
automated_osu018_viterb_encoder_and_decoder_final_bmc101.gml,15,16,2,4,0,1,2,2.13,True
automated_osu018_m32632_latest_final_FFS_LOGIK.gml,261,517,39,6,0,76,28,3.96,True
automated_osu018_AES-T100_final_top.gml,814,2171,48,32,0,238,214,5.33,False
automated_osu018_rs_encoder_decoder_latest_final_GF8Mult67.gml,74,121,8,8,6,14,21,3.27,True
automated_osu018_ft816float_latest_final_cntlo48.gml,268,408,48,6,0,35,33,3.04,True
automated_osu018_rs_encoder_decoder_latest_final_GF8Mult73.gml,70,120,8,8,2,17,21,3.43,True
automated_osu018_rs_encoder_decoder_latest_final_GF8Mult98.gml,45,57,8,8,4,3,14,2.53,True
automated_osu018_openmsp430_latest_final_ram_16x1k_sp.gml,32,16,0,16,0,0,0,1.0,False
automated_osu018_SHA_final_SHA256_INTERFACE.gml,1188,1988,277,50,0,185,68,3.35,True
automated_osu018_cookbook_final_gf_invers.gml,1045,2388,8,8,0,390,183,4.57,True
automated_osu018_cookbook_final_gf_mult_by_0.gml,88,157,8,8,2,21,20,3.57,True
automated_osu018_mriscvcore_final_ALU_and.gml,236,266,66,32,0,64,0,2.25,True
automated_osu018_openmsp430_latest_final_omsp_mem_backbo.gml,954,1502,135,136,1,139,18,3.15,True
automated_osu018_cookbook_final_equal_const.gml,18,17,8,1,0,3,2,1.89,True
automated_osu018_cookbook_final_gf_mult_by_f.gml,84,154,8,8,2,24,18,3.67,True
automated_osu018_amber_latest_final_afifo.gml,783,1701,36,34,9,18,23,4.34,True
automated_osu018_8051_latest_final_oc8051_sp.gml,226,424,26,16,0,44,43,3.75,True
automated_osu018_Lightweight-Threshold-Implementations-master_final_data_share2.gml,2373,4584,133,128,0,556,513,3.86,True
automated_osu018_mips_16_latest_final_data_mem.gml,18560,44199,26,16,0,519,1562,4.76,True
automated_osu018_two_dimensional_fast_hartley_transform_latest_final_fht_bfly_noFF.gml,183,316,16,18,5,37,36,3.45,True
automated_osu018_openmsp430_latest_final_ogfx_gpu_reg.gml,2388,5236,24,109,3,539,295,4.39,True
automated_osu018_edge_latest_final_alu.gml,6517,15824,68,34,91,2421,869,4.86,True
automated_osu018_pairing_latest_final_f3m_ni.gml,3254,6421,195,194,0,352,352,3.95,True
automated_osu018_aes-128_pipelined_encryption_latest_final_MixColumns.gml,2492,5143,131,129,136,637,599,4.13,True
automated_osu018_edge_latest_final_shift_unit.gml,1076,2310,39,32,0,187,78,4.29,True
automated_osu018_turbo8051_latest_final_toggle_sy.gml,20,30,6,1,1,2,5,3.0,True
automated_osu018_openmsp430_latest_final_spartan3adsp_pmem.gml,32,16,0,16,0,0,0,1.0,False
automated_osu018_mem_ctrl_latest_final_mc_rf.gml,5078,9326,90,233,0,1509,151,3.67,False
automated_osu018_ft816float_latest_final_cntlz64Reg.gml,337,563,66,7,0,58,53,3.34,True
automated_osu018_cookbook_final_syndrome_round.gml,1416,2349,137,128,55,264,381,3.32,True
automated_osu018_m32632_latest_final_ex_out_reg.gml,58,80,10,8,0,8,0,2.76,True
automated_osu018_cookbook_final_gf_mult_by_1.gml,67,111,8,8,4,12,20,3.31,True
automated_osu018_aes_core_latest_final_aes_inv_cipher_top.gml,29321,72066,260,129,197,5981,5641,4.92,True
automated_osu018_hight_latest_final_CRYPTO_PATH.gml,2213,4693,103,64,45,659,317,4.24,True
automated_osu018_cpu8080_latest_final_cpu8080.gml,690,1759,9,8,0,165,178,5.1,True
automated_osu018_cookbook_final_crc24_zer64x3_flat.gml,465,890,24,24,29,99,205,3.83,True
automated_osu018_cookbook_final_crc16_dat32_flat.gml,711,1439,48,16,41,191,301,4.05,True
automated_osu018_cookbook_final_crc24_zer64x2_flat.gml,549,1100,24,24,27,143,209,4.01,True
automated_osu018_AES-T1000_final_lfsr_counter.gml,173,285,23,20,2,25,5,3.29,True
automated_osu018_rs_encoder_decoder_latest_final_GF8Mult99.gml,45,57,8,8,4,3,14,2.53,True
automated_osu018_rs_encoder_decoder_latest_final_GF8Mult72.gml,66,107,8,8,2,12,17,3.24,True
automated_osu018_amber_latest_final_eth_rxaddrcheck.gml,423,638,144,2,8,77,77,3.02,True
automated_osu018_openmsp430_latest_final_DE0_NANO_SOC_Default.gml,157,295,2,11,5,34,36,3.76,False
automated_osu018_viterb_encoder_and_decoder_final_bmc100.gml,14,15,2,4,1,1,2,2.14,True
automated_osu018_rs_encoder_decoder_latest_final_GF8Mult66.gml,63,103,8,8,2,10,20,3.27,True
automated_osu018_rs_encoder_decoder_latest_final_GF8Mult106.gml,56,86,8,8,3,4,20,3.07,True
automated_osu018_fpu_latest_final_delay3.gml,13,16,3,2,0,0,0,2.46,True
automated_osu018_AES-T1000_final_T.gml,1439,3614,9,32,8,334,341,5.02,True
automated_osu018_cookbook_final_cntr_upd.gml,254,510,22,16,7,33,33,4.02,True
automated_osu018_rs_encoder_decoder_latest_final_GF8Mult112.gml,94,178,8,8,4,31,14,3.79,True
automated_osu018_c7552-NS5150_final_AntiSAT.gml,1167,1530,466,1,82,196,342,2.62,True
automated_osu018_Lightweight-Threshold-Implementations-master_final_bitSpeck128_128_hierarchy_carry_sharing.gml,3143,6249,12,7,18,156,109,3.98,True
automated_osu018_amber_latest_final_eth_register.gml,53,81,12,8,0,0,8,3.06,True
automated_osu018_configurable_crc_core_latest_final_cfg_cr.gml,44,79,5,5,0,4,7,3.59,True
automated_osu018_iscas_final_FD1S.gml,12,11,4,2,0,1,0,1.83,False
automated_osu018_double_fpu_latest_final_fpu_add.gml,4306,8992,130,68,36,642,553,4.18,True
automated_osu018_turbo8051_latest_final_g_deferral.gml,77,152,12,1,1,14,14,3.95,True
automated_osu018_cookbook_final_sbox4.gml,140,350,6,4,0,35,33,5.0,True
automated_osu018_m1_core_latest_final_wb_int_ctrl.gml,134,132,34,34,0,12,20,1.97,False
automated_osu018_iscas_final_s400.gml,242,417,4,6,0,63,65,3.45,True
automated_osu018_cookbook_final_fec_parity.gml,1033,2061,64,32,79,284,417,3.99,True
automated_osu018_trigonometric_functions_in_double_fpu_latest_final_cosecant_lut.gml,1852,3963,34,64,0,574,546,4.28,True
automated_osu018_turbo8051_latest_final_oc8051_wb_iinterfa.gml,233,251,52,51,0,0,0,2.15,False
automated_osu018_mriscv_final_axi4_interconnect.gml,27,36,6,3,0,10,5,2.67,True
automated_osu018_mem_ctrl_latest_final_mc_refres.gml,168,324,22,1,1,31,49,3.86,True
automated_osu018_mriscv_final_bus_sync_sf.gml,360,585,35,32,0,66,32,3.25,True
automated_osu018_cookbook_final_gf_mult_by_f2.gml,97,195,8,8,1,24,22,4.02,True
automated_osu018_iscas_final_s5378.gml,3418,4994,36,49,0,125,1003,2.92,True
automated_osu018_cookbook_final_gf_mult_by_39.gml,101,179,8,8,8,27,28,3.54,True
automated_osu018_cookbook_final_gf_mult_by_11.gml,45,57,8,8,4,3,14,2.53,True
automated_osu018_cookbook_final_gf_mult_by_fd.gml,114,236,8,8,0,30,14,4.14,True
automated_osu018_cookbook_final_gf_mult_by_05.gml,47,64,8,8,8,6,13,2.72,True
automated_osu018_openmsp430_latest_final_ogfx_reg_vram_if.gml,2195,4518,76,120,9,415,304,4.12,False
automated_osu018_mriscvcore_final_ALU_bltu.gml,256,413,64,1,2,45,42,3.23,True
automated_osu018_cookbook_final_inv_mix_columns.gml,3596,7672,128,128,96,1208,1056,4.27,False
automated_osu018_c7552-NS5150_final_c7552.gml,2790,4884,463,108,84,563,570,3.5,False
automated_osu018_pairing_latest_final_f36m_mult.gml,93709,202806,2330,1165,0,16706,8402,4.33,True
automated_osu018_aes-master_final_aes_cor.gml,28326,69290,390,130,363,5652,5011,4.89,True
automated_osu018_sha256-master_final_sha256_w_mem.gml,5959,12519,516,32,18,685,396,4.2,True
automated_osu018_openmsp430_latest_final_DE0_NANO_SOC_QSYS_sw.gml,279,487,26,33,0,55,35,3.49,False
automated_osu018_cookbook_final_gf_mult_by_d8.gml,47,64,8,8,3,8,9,2.72,True
automated_osu018_turbo8051_latest_final_oc8051_decoder.gml,825,1833,13,39,0,187,149,4.44,True
automated_osu018_cookbook_final_gf_mult_by_13.gml,61,101,8,8,3,12,19,3.31,True
automated_osu018_SHA_final_ROM.gml,751,1730,8,32,0,164,166,4.61,True
automated_osu018_AES-T1000_final_top.gml,39,46,8,8,4,0,15,2.36,True
automated_osu018_cookbook_final_gf_mult_by_07.gml,56,84,8,8,3,8,18,3.0,True
automated_osu018_cookbook_final_gf_mult_by_ff.gml,67,113,8,8,3,20,16,3.37,True
automated_osu018_cookbook_final_gf_mult_by_0a.gml,47,67,8,8,6,5,14,2.85,True
automated_osu018_cookbook_final_gf_mult_by_f0.gml,107,203,8,8,2,35,27,3.79,True
automated_osu018_pairing_latest_final_func8.gml,6334,12590,200,194,0,1558,394,3.98,True
automated_osu018_fpga-median_latest_final_pixel_network.gml,1066,2302,72,8,20,324,194,4.32,True
automated_osu018_cookbook_final_sbox6.gml,152,347,6,4,0,42,43,4.57,True
automated_osu018_sha512-master_final_sha512.gml,35266,83555,44,33,190,5502,4765,4.74,True
automated_osu018_m32632_latest_final_ex_copro.gml,439,565,67,65,0,32,32,2.57,True
automated_osu018_m1_core_latest_final_m1_di.gml,2970,6604,68,65,30,379,465,4.45,True
automated_osu018_orsoc_graphics_accelerator_final_memory_to_color.gml,247,376,36,36,0,28,53,3.04,False
automated_osu018_gng_latest_final_gng_interp.gml,12127,29373,67,17,82,3959,1799,4.84,True
automated_osu018_fpu_latest_final_delay1.gml,9,8,3,2,0,0,0,1.78,True
automated_osu018_rs_encoder_decoder_latest_final_GF8Mult104.gml,62,102,8,8,4,10,20,3.29,True
automated_osu018_rs_encoder_decoder_latest_final_GF8Mult58.gml,79,134,8,8,2,25,17,3.39,True
automated_osu018_rs_encoder_decoder_latest_final_GF8Mult110.gml,98,184,8,8,3,23,18,3.76,True
automated_osu018_xge_mac_latest_final_meta_sy.gml,7,8,3,1,0,0,0,2.29,True
automated_osu018_rs_encoder_decoder_latest_final_GF8Mult138.gml,44,56,8,8,3,3,14,2.55,True
automated_osu018_rs_encoder_decoder_latest_final_GF8Mult70.gml,65,105,8,8,3,9,25,3.23,True
automated_osu018_rs_encoder_decoder_latest_final_GF8Mult64.gml,91,170,8,8,7,19,28,3.74,True
automated_osu018_mriscvcore_final_Count.gml,1142,2148,67,33,7,258,236,3.76,True
automated_osu018_mem_ctrl_latest_final_mc_top.gml,10549,22032,115,152,24,2630,1466,4.18,True
automated_osu018_aes_highthroughput_lowarea_latest_final_MUL3.gml,40,43,8,8,11,0,11,2.15,True
automated_osu018_mriscv_final_decodificador_apd.gml,37,47,4,8,0,5,9,2.54,True
automated_osu018_m32632_latest_final_BITMASK.gml,195,378,7,32,0,28,17,3.88,True
automated_osu018_systemcaes_latest_final_mixcolum.gml,2755,5747,132,129,68,637,341,4.17,True
automated_osu018_aes_highthroughput_lowarea_latest_final_MULE.gml,112,185,8,8,9,16,41,3.3,True
automated_osu018_cookbook_final_gf_mult_by_3.gml,108,205,8,8,4,24,28,3.8,True
automated_osu018_i2c_latest_final_delay.gml,3,2,1,1,0,0,0,1.33,True
automated_osu018_ecg_latest_final_f3m_i.gml,13280,28362,196,195,0,2556,792,4.27,True
automated_osu018_cookbook_final_flag_array.gml,161,335,19,2,0,23,1,4.16,True
automated_osu018_gng_latest_final_gng_ctg.gml,1486,3180,3,65,9,45,427,4.28,True
automated_osu018_cookbook_final_crc32_dat80_flat.gml,3511,7146,112,32,234,759,1606,4.07,True
automated_osu018_pairing_latest_final_f33m_neg.gml,1746,1164,582,582,0,0,0,1.33,False
automated_osu018_iscas_final_s953.gml,496,856,17,23,0,167,150,3.45,True
automated_osu018_verilog-trivium-master_final_Trivium.gml,55780,149507,162,1,630,21652,9736,5.36,True
automated_osu018_pairing_latest_final_f32m_neg.gml,1164,776,388,388,0,0,0,1.33,False
automated_osu018_m1_core_latest_final_ddr_pulse78.gml,50,100,2,1,3,13,14,4.0,True
automated_osu018_pairing_latest_final_f3m_mult3.gml,16760,30926,1166,583,0,4704,599,3.69,True
automated_osu018_ca_prng_latest_final_ca_prng.gml,781,1752,45,32,0,92,117,4.49,True
automated_osu018_csa_latest_final_key_perm.gml,192,128,64,64,0,0,0,1.33,False
automated_osu018_iscas_final_s38417.gml,24454,35640,29,106,0,6320,2477,2.91,True
automated_osu018_aes_highthroughput_lowarea_latest_final_xram_16x64.gml,4871,11677,74,64,0,79,141,4.79,True
automated_osu018_mod3_calc_latest_final_mod3.gml,82,142,8,2,0,24,26,3.46,True
automated_osu018_sha3_latest_final_round.gml,30753,70498,1607,1600,238,13228,3114,4.58,True
automated_osu018_iscas_final_c17.gml,15,16,5,2,0,2,2,2.13,True
automated_osu018_cookbook_final_gf_mult_by_d.gml,86,152,8,8,3,29,17,3.53,True
automated_osu018_altor32_latest_final_dmem_mux3.gml,1171,1482,176,256,0,139,216,2.53,False
automated_osu018_iscas_final_c880.gml,387,690,60,26,3,89,55,3.57,False
automated_osu018_cookbook_final_cntr_modulus.gml,205,421,21,16,0,20,18,4.11,True
automated_osu018_cookbook_final_gf_mult_by_2.gml,65,101,8,8,3,13,17,3.11,True
automated_osu018_cookbook_final_sum_of_3bit_pair.gml,104,237,6,4,0,26,21,4.56,True
automated_osu018_cookbook_final_crc32_dat64_flat.gml,3018,6146,96,32,204,710,1364,4.07,True
automated_osu018_iscas_final_c499.gml,697,1614,41,32,5,249,71,4.63,True
automated_osu018_a-z80_latest_final_address_pins.gml,120,166,18,16,0,16,0,2.77,True
automated_osu018_aes_highthroughput_lowarea_latest_final_MULD.gml,112,185,8,8,9,16,41,3.3,True
automated_osu018_iscas_final_Summodul.gml,60,98,13,5,0,17,14,3.27,True
automated_osu018_openmsp430_latest_final_altera_avalon_st_pipeline_bas.gml,99,180,12,10,0,9,1,3.64,True
automated_osu018_cookbook_final_bin_to_7seg.gml,53,94,4,7,0,16,8,3.55,True
automated_osu018_rs_encoder_decoder_latest_final_GF8Mult65.gml,78,134,8,8,7,17,23,3.44,True
automated_osu018_turbo8051_latest_final_oc8051_divid.gml,399,866,19,17,3,100,39,4.34,True
automated_osu018_m32632_latest_final_DFPU_MUL.gml,731,1089,136,70,4,109,79,2.98,True
automated_osu018_rs_encoder_decoder_latest_final_GF8Mult71.gml,78,138,8,8,2,17,16,3.54,True
automated_osu018_rs_encoder_decoder_latest_final_GF8Mult139.gml,54,76,8,8,2,6,18,2.81,True
automated_osu018_rs_encoder_decoder_latest_final_GF8Mult111.gml,71,120,8,8,5,14,24,3.38,True
automated_osu018_rs_encoder_decoder_latest_final_GF8Mult59.gml,61,96,8,8,4,10,19,3.15,True
automated_osu018_cookbook_final_key_init_perm.gml,168,112,56,56,0,0,0,1.33,False
automated_osu018_fpu_latest_final_post_norm.gml,2044,4464,74,35,6,542,401,4.37,True
automated_osu018_altor32_latest_final_altor32_regfile_sim.gml,6678,15322,50,64,0,854,877,4.59,True
automated_osu018_mem_ctrl_latest_final_mc_incn_r.gml,219,300,33,32,7,26,43,2.74,True
automated_osu018_rs_encoder_decoder_latest_final_GF8Mult105.gml,82,141,8,8,3,15,28,3.44,True
automated_osu018_mips_16_latest_final_instruction_mem.gml,95,155,8,16,0,25,12,3.26,False
automated_osu018_gost28147-89_latest_final_gost89_pipelined_ecb_encrypt.gml,50158,107629,833,64,1600,12320,13312,4.29,True
automated_osu018_m32632_latest_final_BCDADDER.gml,139,302,10,5,2,34,24,4.35,True
automated_osu018_sha256-master_final_sha256_stream.gml,14032,30938,517,258,90,2521,1824,4.41,True
automated_osu018_cookbook_final_gf_mult.gml,514,1131,16,8,14,181,103,4.4,True
automated_osu018_cavlc_latest_final_cavlc_read_total_zeros.gml,403,913,16,8,0,83,84,4.53,True
automated_osu018_minirisc_latest_final_xilinx_mux8_8.gml,16,8,0,8,0,0,0,1.0,False
automated_osu018_a-z80_latest_final_alu_bit_select.gml,32,45,3,8,0,2,7,2.81,True
automated_osu018_cookbook_final_sbox7.gml,136,305,6,4,0,37,40,4.49,True
automated_osu018_m32632_latest_final_DFPU_ADDSUB.gml,5325,11543,121,104,28,1364,645,4.34,True
automated_osu018_cookbook_final_priority_mux.gml,30,36,12,1,0,6,1,2.4,True
automated_osu018_cookbook_final_gf_mult_by_f1.gml,67,109,8,8,2,13,18,3.25,True
automated_osu018_cookbook_final_compress_42.gml,419,706,65,33,0,128,64,3.37,True
automated_osu018_cookbook_final_gf_mult_by_1d.gml,59,91,8,8,3,12,18,3.08,True
automated_osu018_cookbook_final_gf_mult_by_06.gml,43,54,8,8,4,3,13,2.51,True
automated_osu018_cookbook_final_gf_mult_by_d9.gml,49,70,8,8,4,6,14,2.86,True
automated_osu018_iscas_final_s832.gml,618,1086,19,19,0,255,167,3.51,True
automated_osu018_cookbook_final_crc32_dat104_flat.gml,4143,8434,136,32,306,789,2039,4.07,True
automated_osu018_cookbook_final_gf_mult_by_12.gml,74,121,8,8,4,20,15,3.27,True
automated_osu018_reed_solomon_codec_generator_latest_final_RsDecodeI.gml,920,2248,8,8,0,237,140,4.89,True
automated_osu018_turbo8051_latest_final_stat_register.gml,12,12,5,1,0,1,0,2.0,True
automated_osu018_turbo8051_latest_final_g_tx_crc32.gml,460,929,12,32,17,65,111,4.04,True
automated_osu018_turbo8051_latest_final_oc8051_comp.gml,43,47,20,1,0,7,12,2.19,True
automated_osu018_m32632_latest_final_DATENPFAD.gml,208,300,33,17,24,20,83,2.88,True
automated_osu018_turbo8051_latest_final_oc8051_b_register.gml,161,306,21,8,0,33,20,3.8,True
automated_osu018_a-z80_latest_final_bus_swit.gml,15,10,5,5,0,0,0,1.33,False
automated_osu018_cookbook_final_synchronizer.gml,130,238,20,16,0,0,0,3.66,True
automated_osu018_ecg_latest_final_f3m_add4.gml,4656,8536,776,194,0,291,873,3.67,False
automated_osu018_cookbook_final_clock_follow.gml,7,9,1,1,0,0,1,2.57,True
automated_osu018_rs_encoder_decoder_latest_final_GF8Mult242.gml,102,202,8,8,4,29,24,3.96,True
automated_osu018_jt51_latest_final_jt51_timers.gml,308,606,30,4,0,53,51,3.94,True
automated_osu018_cookbook_final_gf_mult_by_3a.gml,52,77,8,8,6,5,19,2.96,True
automated_osu018_openmsp430_latest_final_io_mux.gml,184,200,48,32,0,24,8,2.17,False
automated_osu018_m32632_latest_final_REG_LIST.gml,61,94,12,4,0,16,5,3.08,True
automated_osu018_trigonometric_functions_in_double_fpu_latest_final_cotangent_lut.gml,1826,3879,34,64,0,547,612,4.25,True
automated_osu018_cookbook_final_gf_mult_by_e0.gml,77,130,8,8,5,22,16,3.38,True
automated_osu018_cookbook_final_gf_mult_by_d4.gml,106,212,8,8,0,33,24,4.0,True
automated_osu018_xtea_latest_final_xtea.gml,9888,22990,195,65,121,2979,1633,4.65,True
automated_osu018_mriscvcore_final_ALU_or.gml,269,299,66,32,0,0,32,2.22,True
automated_osu018_minirisc_latest_final_xilinx_mux4_8.gml,16,8,0,8,0,0,0,1.0,False
automated_osu018_cookbook_final_gf_mult_by_37.gml,62,97,8,8,5,10,19,3.13,True
automated_osu018_openmsp430_latest_final_rom_8x2k_lo.gml,16,8,0,8,0,0,0,1.0,False
automated_osu018_cookbook_final_gf_mult_by_ef.gml,60,96,8,8,4,6,18,3.2,True
automated_osu018_cookbook_final_flat_decoder.gml,1324,2558,5,80,67,506,218,3.86,True
automated_osu018_fast_antilog_latest_final_AntiLog2.gml,732,1664,11,24,0,191,115,4.55,True
automated_osu018_cookbook_final_gf_mult_by_23.gml,44,55,8,8,5,3,13,2.5,True
automated_osu018_pairing_latest_final_func4.gml,1598,2380,198,196,0,392,0,2.98,True
automated_osu018_pairing_latest_final_f33m_i.gml,91119,190082,584,583,0,23514,6106,4.17,True
automated_osu018_cookbook_final_gearbox_66_20.gml,1478,3487,68,21,0,369,276,4.72,True
automated_osu018_cookbook_final_crc32_dat128_flat.gml,4714,9493,160,32,365,817,2441,4.03,True
automated_osu018_rsencoder_latest_final_GFMUL8.gml,457,949,16,8,24,176,129,4.15,True
automated_osu018_cookbook_final_test_patter.gml,101,189,3,16,4,19,16,3.74,True
automated_osu018_edge_latest_final_regfil.gml,7376,16901,49,64,0,769,583,4.58,True
automated_osu018_minirisc_latest_final_presclr_wdt.gml,168,341,12,2,0,39,23,4.06,True
automated_osu018_rs_encoder_decoder_latest_final_GF8Mult54.gml,74,120,8,8,5,21,16,3.24,True
automated_osu018_m1_core_latest_final_m1_cpu.gml,13971,31100,230,305,21,2181,877,4.45,False
automated_osu018_amber_latest_final_eth_wishbo.gml,57279,135099,144,122,9,18906,832,4.72,True
automated_osu018_rs_encoder_decoder_latest_final_GF8Mult108.gml,69,110,8,8,3,13,18,3.19,True
automated_osu018_rs_encoder_decoder_latest_final_GF8Mult40.gml,107,217,8,8,3,37,25,4.06,True
automated_osu018_mriscv_final_flipflopRS.gml,19,27,4,2,0,2,0,2.84,True
automated_osu018_rs_encoder_decoder_latest_final_GF8Mult68.gml,75,123,8,8,3,15,24,3.28,True
automated_osu018_rs_encoder_decoder_latest_final_GF8Mult120.gml,84,145,8,8,6,18,26,3.45,True
automated_osu018_cookbook_final_min_max_signed.gml,188,364,18,16,1,46,20,3.87,True
automated_osu018_AES-T100_final_table_lookup.gml,5761,14464,33,128,32,1336,1364,5.02,True
automated_osu018_rs_encoder_decoder_latest_final_GF8Mult134.gml,73,118,8,8,4,13,25,3.23,True
automated_osu018_rs_encoder_decoder_latest_final_GF8Mult97.gml,62,94,8,8,4,8,21,3.03,True
automated_osu018_cookbook_final_ecc_correction_32bit.gml,299,585,7,33,1,56,61,3.91,True
automated_osu018_m32632_latest_final_GRUPPE_2.gml,2948,6054,172,201,0,504,416,4.11,False
automated_osu018_rs_encoder_decoder_latest_final_GF8Mult83.gml,87,156,8,8,4,22,26,3.59,True
automated_osu018_Lightweight-Threshold-Implementations-master_final_simon2shar.gml,7117,15142,5,130,158,1557,1539,4.26,True
automated_osu018_cookbook_final_crc32_dat48_flat.gml,1646,3161,80,32,179,225,1044,3.84,True
automated_osu018_turbo8051_latest_final_oc8051_dptr.gml,170,270,30,16,0,40,5,3.18,True
automated_osu018_openmsp430_latest_final_ram_8x512_lo.gml,16,8,0,8,0,0,0,1.0,False
automated_osu018_des_latest_final_sbox1.gml,145,338,6,4,0,51,31,4.66,True
automated_osu018_ft816float_latest_final_delay2.gml,13,18,3,1,0,2,0,2.77,True
automated_osu018_xge_mac_latest_final_meta_sync_singl.gml,7,8,3,1,0,0,0,2.29,True
automated_osu018_8bit_vedic_multiplier_latest_final_full_adder.gml,12,14,3,2,2,2,3,2.33,True
automated_osu018_turbo8051_latest_final_uart_cor.gml,2373,5396,17,34,14,242,494,4.55,True
automated_osu018_ft816float_latest_final_cntlz48.gml,220,360,48,6,0,35,33,3.27,True
automated_osu018_mriscv_final_DAC_interface_AXI.gml,275,397,19,49,0,14,21,2.89,False
automated_osu018_rtf8088_latest_final_nmi_detector.gml,15,19,4,1,0,4,0,2.53,True
automated_osu018_mem_ctrl_latest_final_mc_cs_rf.gml,566,922,63,68,0,28,12,3.26,True
automated_osu018_mriscvcore_final_REG_FILE.gml,7826,18047,49,64,0,852,121,4.61,True
automated_osu018_AES-T1000_final_Trojan_Trigger.gml,2,1,0,1,0,0,0,1.0,True
automated_osu018_RSA-Verilog-master_final_parallel_to_serial.gml,1551,2910,259,9,1,282,7,3.75,True
automated_osu018_ecg_latest_final_func2.gml,586,390,194,196,0,0,0,1.33,False
automated_osu018_m32632_latest_final_CONFIG_REGS.gml,789,1325,85,72,0,62,98,3.36,True
automated_osu018_openmsp430_latest_final_omsp_scan_mux.gml,8,8,3,1,0,1,0,2.0,True
automated_osu018_xge_mac_latest_final_rx_hold_fifo.gml,7207,16208,76,74,4,737,74,4.5,True
automated_osu018_m32632_latest_final_DP_LOGIK.gml,16478,35993,306,84,115,3715,2507,4.37,True
automated_osu018_iscas_final_c6288.gml,2965,7390,32,32,17,1263,362,4.98,True
automated_osu018_pairing_latest_final_f33m_mult.gml,45059,97077,1166,583,0,8006,3897,4.31,True
automated_osu018_iscas_final_TopLevel74L85.gml,46,69,11,3,0,4,7,3.0,True
automated_osu018_reed_solomon_codec_generator_latest_final_RsDecodeEuclid.gml,22857,52385,185,358,670,7656,4003,4.58,True
automated_osu018_ecg_latest_final_func3.gml,634,479,194,196,0,12,4,1.51,False
automated_osu018_reed_solomon_codec_generator_latest_final_RsDecodeMult.gml,347,751,16,8,15,151,71,4.33,True
automated_osu018_jt51_latest_final_jt51_reg.gml,8283,20305,28,74,0,571,92,4.9,True
automated_osu018_pairing_latest_final_f3m_neg.gml,582,388,194,194,0,0,0,1.33,False
automated_osu018_aes-128_pipelined_encryption_latest_final_ShiftRows.gml,944,1455,131,129,0,128,0,3.08,True
automated_osu018_ft816float_latest_final_i2f.gml,880,1745,37,32,10,177,153,3.97,True
automated_osu018_i2c_latest_final_i2c_master_top.gml,1089,2471,19,14,1,242,155,4.54,False
automated_osu018_AES-T200_final_final_round.gml,11713,29280,257,128,128,2704,2608,5.0,True
automated_osu018_ft816float_latest_final_delay3.gml,17,26,3,1,0,3,0,3.06,True
automated_osu018_tiny_tate_bilinear_pairing_latest_final_PPG.gml,1580,2354,196,194,0,388,0,2.98,True
automated_osu018_pairing_latest_final_f3_add.gml,20,32,4,2,0,1,3,3.2,True
automated_osu018_reed_solomon_decoder_latest_final_BM_lamda.gml,3588,8037,160,89,17,371,479,4.48,True
automated_osu018_rs_encoder_decoder_latest_final_GF8Mult82.gml,128,252,8,8,4,30,24,3.94,True
automated_osu018_rs_encoder_decoder_latest_final_GF8Mult96.gml,51,74,8,8,4,5,17,2.9,True
automated_osu018_pairing_latest_final_f3m_mux6.gml,2412,3376,1170,194,0,194,0,2.8,True
automated_osu018_rs_encoder_decoder_latest_final_GF8Mult135.gml,63,97,8,8,4,11,19,3.08,True
automated_osu018_rs_encoder_decoder_latest_final_GF8Mult121.gml,88,155,8,8,3,24,21,3.52,True
automated_osu018_rs_encoder_decoder_latest_final_GF8Mult69.gml,72,130,8,8,1,14,20,3.61,True
automated_osu018_mips_16_latest_final_EX_stag.gml,232,268,24,41,0,0,38,2.31,True
automated_osu018_rs_encoder_decoder_latest_final_GF8Mult41.gml,87,149,8,8,4,20,29,3.43,True
automated_osu018_rs_encoder_decoder_latest_final_GF8Mult109.gml,58,92,8,8,3,7,20,3.17,True
automated_osu018_rs_encoder_decoder_latest_final_GF8Mult55.gml,69,117,8,8,3,14,18,3.39,True
automated_osu018_8bit_vedic_multiplier_latest_final_ripple_adder_12bit.gml,111,146,25,13,24,24,36,2.63,True
automated_osu018_cookbook_final_uart_rx.gml,269,545,3,9,0,34,59,4.05,True
automated_osu018_openmsp430_latest_final_altera_reset_synchronizer.gml,6,5,2,1,0,0,0,1.67,True
automated_osu018_cookbook_final_iter_addsu.gml,29,50,6,1,0,7,4,3.45,True
automated_osu018_iscas_final_s382.gml,236,401,4,6,0,57,64,3.4,True
automated_osu018_cookbook_final_fec_rot_n2112.gml,499,918,32,32,52,108,212,3.68,True
automated_osu018_turbo8051_latest_final_sfifo.gml,1760,3870,24,10,0,27,392,4.4,True
automated_osu018_turbo8051_latest_final_double_sync_low.gml,8,11,3,1,0,0,0,2.75,True
automated_osu018_openmsp430_latest_final_ogfx_reg_vram_addr.gml,1053,2263,53,21,3,240,166,4.3,True
automated_osu018_pairing_latest_final_func5.gml,598,418,194,196,0,1,3,1.4,False
automated_osu018_verilog_fixed_point_math_library_latest_final_qmult.gml,9821,24711,64,33,87,3793,1108,5.03,False
automated_osu018_turbo8051_latest_final_oc8051_cy_select.gml,9,9,4,1,0,2,0,2.0,True
automated_osu018_cookbook_final_ecc_correction_16bit.gml,155,303,6,17,1,29,35,3.91,True
automated_osu018_cookbook_final_gf_mult_by_22.gml,46,59,8,8,3,3,15,2.57,True
automated_osu018_cookbook_final_gf_mult_by_36.gml,60,97,8,8,3,13,14,3.23,True
automated_osu018_iscas_final_Emodul.gml,31,37,10,4,0,8,4,2.39,True
automated_osu018_aes-encryption_latest_final_aes_key_expand_128.gml,7770,18335,130,256,56,1991,1602,4.72,True
automated_osu018_cookbook_final_gf_mult_by_d5.gml,84,152,8,8,4,20,21,3.62,True
automated_osu018_cookbook_final_gf_mult_by_2d.gml,64,105,8,8,5,10,21,3.28,True
automated_osu018_m1_core_latest_final_ddr_rpat.gml,1690,3657,21,33,0,163,53,4.33,False
automated_osu018_gost28147-89_latest_final_gost89_cfb_encrypt.gml,4614,8141,835,65,50,701,633,3.53,True
automated_osu018_iscas_final_Dmodul.gml,31,37,10,4,0,4,4,2.39,True
automated_osu018_cookbook_final_gf_mult_by_e1.gml,106,199,8,8,4,25,25,3.75,True
automated_osu018_AES-T1000_final_one_round.gml,24348,61595,257,128,256,5984,6096,5.06,True
automated_osu018_cookbook_final_crc32c_dat64_only_flat.gml,2033,4193,64,32,115,614,789,4.12,True
automated_osu018_trigonometric_functions_in_double_fpu_latest_final_tangent_lut.gml,1959,4211,34,64,0,624,607,4.3,True
automated_osu018_iscas_final_foobar.gml,361,608,60,26,5,67,48,3.37,False
automated_osu018_rs_encoder_decoder_latest_final_GF8Mult243.gml,107,202,8,8,5,32,22,3.78,True
automated_osu018_rs_decoder_31_19_6_latest_final_gfadder.gml,25,20,10,5,5,0,5,1.6,False
automated_osu018_tiny_tate_bilinear_pairing_latest_final_mod_p.gml,630,477,194,194,0,12,4,1.51,False
automated_osu018_m32632_latest_final_KOLDETECT.gml,799,1453,115,37,14,143,113,3.64,True
automated_osu018_iscas_final_s38584.gml,23809,38699,39,304,0,8659,4153,3.25,False
automated_osu018_m32632_latest_final_ex_io_bus_ctrl.gml,308,423,81,36,1,31,9,2.75,True
automated_osu018_double_fpu_latest_final_fpu_di.gml,9664,20888,131,69,29,1930,1345,4.32,False
automated_osu018_amber_latest_final_a23_multiply.gml,1427,3055,69,35,9,212,241,4.28,True
automated_osu018_orsoc_graphics_accelerator_final_color_to_memory.gml,220,355,36,36,0,26,46,3.23,True
automated_osu018_jt51_latest_final_jt51_sintabl.gml,633,1536,8,12,0,183,121,4.85,True
automated_osu018_openmsp430_latest_final_virtex6_dmem.gml,32,16,0,16,0,0,0,1.0,False
automated_osu018_altor32_latest_final_timer_perip.gml,1114,2259,44,34,2,204,268,4.06,True
automated_osu018_rs_encoder_decoder_latest_final_GF8Mult241.gml,96,175,8,8,5,25,22,3.65,True
automated_osu018_8bit_vedic_multiplier_latest_final_half_adder.gml,8,8,2,2,1,1,1,2.0,True
automated_osu018_RSA-CRYPTOSYSTEM-using-verilog-master_final_divider.gml,536,1076,26,25,8,99,83,4.01,True
automated_osu018_cookbook_final_gf_mult_by_2f.gml,95,167,8,8,4,23,28,3.52,True
automated_osu018_ft816float_latest_final_redor64.gml,539,1009,70,1,0,176,205,3.74,True
automated_osu018_cookbook_final_gf_mult_by_d7.gml,66,110,8,8,3,8,26,3.33,True
automated_osu018_cookbook_final_ready_skid.gml,222,406,20,18,0,20,2,3.66,True
automated_osu018_cookbook_final_gf_mult_by_e3.gml,70,118,8,8,5,21,15,3.37,True
automated_osu018_openmsp430_latest_final_sync_debouncer_10ms.gml,129,280,3,1,1,20,28,4.34,True
automated_osu018_cookbook_final_gf_mult_by_08.gml,44,52,8,8,2,3,10,2.36,False
automated_osu018_8051_latest_final_oc8051_psw.gml,145,260,25,10,0,26,19,3.59,False
automated_osu018_cookbook_final_gf_mult_by_20.gml,60,89,8,8,5,9,19,2.97,True
automated_osu018_cookbook_final_gf_mult_by_da.gml,76,129,8,8,1,16,18,3.39,True
automated_osu018_mriscv_final_completogpio.gml,460,716,24,69,0,54,55,3.11,False
automated_osu018_altor32_latest_final_so.gml,1784,3570,49,34,2,330,340,4.0,True
automated_osu018_cookbook_final_gf_mult_by_34.gml,58,88,8,8,4,7,21,3.03,True
automated_osu018_cookbook_final_error_mag_poly_round.gml,4642,10379,144,8,134,1669,999,4.47,True
automated_osu018_signed_integer_divider_latest_final_shift_7.gml,402,657,39,32,0,111,1,3.27,True
automated_osu018_cookbook_final_adder_tree_nod.gml,220,355,33,17,2,34,47,3.23,True
automated_osu018_m32632_latest_final_DCA_CONTROL.gml,240,333,42,35,1,47,19,2.77,True
automated_osu018_iscas_final_s1488.gml,1012,1743,9,19,0,404,214,3.44,True
automated_osu018_pairing_latest_final_f32m_add4.gml,9312,17072,1552,388,0,582,1746,3.67,False
automated_osu018_jt51_latest_final_jt51_s.gml,188,342,6,5,0,0,0,3.64,True
automated_osu018_pairing_latest_final_func7.gml,618,472,194,194,0,3,9,1.53,False
automated_osu018_a-z80_latest_final_pin_control.gml,28,35,9,3,0,4,4,2.5,True
automated_osu018_mriscvcore_final_ALU_synt.gml,2921,6150,111,36,12,490,296,4.21,True
automated_osu018_orsoc_graphics_accelerator_final_gfx_rasterizer.gml,11,10,6,1,0,1,3,1.82,True
automated_osu018_sha3_latest_final_f_permutatio.gml,39467,93713,579,1602,39,14770,3783,4.75,True
automated_osu018_8051_latest_final_oc8051_divid.gml,399,866,19,17,3,100,39,4.34,True
automated_osu018_double_fpu_latest_final_fpu_su.gml,6037,12885,134,68,18,1108,866,4.27,True
automated_osu018_edge_latest_final_mem_wb_pipereg.gml,1740,2499,257,254,0,0,254,2.87,True
automated_osu018_rs_encoder_decoder_latest_final_GF8Mult43.gml,91,173,8,8,2,21,24,3.8,True
automated_osu018_pairing_latest_final_f33m_mux2.gml,4230,4810,1166,582,0,1746,0,2.27,True
automated_osu018_openmsp430_latest_final_omsp_dbg_i2.gml,456,935,32,25,1,61,53,4.1,True
automated_osu018_mod3_calc_latest_final_mod3_adder.gml,26,42,4,2,0,8,6,3.23,True
automated_osu018_rs_encoder_decoder_latest_final_GF8Mult57.gml,91,166,8,8,3,34,18,3.65,True
automated_osu018_rs_encoder_decoder_latest_final_GF8Mult137.gml,48,68,8,8,2,6,13,2.83,True
automated_osu018_m32632_latest_final_DFPU_MISC.gml,1483,2954,95,70,2,246,176,3.98,True
automated_osu018_xge_mac_latest_final_tx_dequeu.gml,4824,10281,150,163,194,334,1365,4.26,True
automated_osu018_a-z80_latest_final_decode_stat.gml,58,79,15,8,0,7,3,2.72,False
automated_osu018_openmsp430_latest_final_omsp_de0_nano_soc_led_key_sw.gml,1065,2274,39,26,6,165,217,4.27,True
automated_osu018_rs_encoder_decoder_latest_final_GF8Mult123.gml,79,132,8,8,5,27,17,3.34,True
automated_osu018_minirisc_latest_final_alu.gml,451,955,29,11,4,150,76,4.24,True
automated_osu018_rs_encoder_decoder_latest_final_GF8Mult80.gml,102,184,8,8,5,24,31,3.61,True
automated_osu018_RSA-CRYPTOSYSTEM-using-verilog-master_final_control.gml,1753,3627,108,362,0,399,130,4.14,False
automated_osu018_rs_encoder_decoder_latest_final_GF8Mult94.gml,61,100,8,8,4,10,19,3.28,True
automated_osu018_two_dimensional_fast_hartley_transform_latest_final_mtx_trps_8x8_dpsram.gml,89,164,3,9,2,15,17,3.69,False
automated_osu018_ft816float_latest_final_delay1.gml,9,10,3,1,0,1,0,2.22,True
automated_osu018_des_latest_final_sbox2.gml,147,342,6,4,0,54,32,4.65,True
automated_osu018_reed_solomon_decoder_latest_final_lamda_roots.gml,3547,7759,107,101,12,641,489,4.37,True
automated_osu018_RSA-Verilog-master_final_serial_to_parallel.gml,730,1301,10,116,0,52,20,3.56,True
automated_osu018_mriscv_final_latchW_axi.gml,22,28,6,3,0,0,3,2.55,True
automated_osu018_openmsp430_latest_final_spartan3e_dmem.gml,16,8,0,8,0,0,0,1.0,False
automated_osu018_cookbook_final_reset_control.gml,45,78,7,4,0,1,0,3.47,True
automated_osu018_pairing_latest_final_f3m_cubi.gml,1638,2852,194,194,0,88,264,3.48,False
automated_osu018_gcm-aes_latest_final_aes_sbox.gml,690,1748,8,8,0,172,153,5.07,True
automated_osu018_AES-T1000_final_xS.gml,690,1759,9,8,0,165,178,5.1,True
automated_osu018_ecg_latest_final_func1.gml,3166,5516,394,196,0,588,196,3.48,True
automated_osu018_cookbook_final_c_rand.gml,2863,7083,34,16,21,1000,406,4.95,False
automated_osu018_aes_core_latest_final_aes_key_expand_128.gml,4520,10160,130,128,125,1336,971,4.5,True
automated_osu018_mriscv_final_spi_axi_master.gml,2310,4282,42,113,1,281,300,3.71,False
automated_osu018_tiny_tate_bilinear_pairing_latest_final_PE.gml,14835,29843,599,194,0,2413,1188,4.02,True
automated_osu018_iscas_final_OR2.gml,5,4,2,1,0,0,1,1.6,True
automated_osu018_rs_encoder_decoder_latest_final_GF8GenMultBitSer.gml,250,485,19,9,3,9,37,3.88,True
automated_osu018_rs_decoder_31_19_6_latest_final_degree1_cell.gml,48,66,8,5,1,10,1,2.75,True
automated_osu018_turbo8051_latest_final_half_dup_byte_reg.gml,66,88,18,8,0,8,0,2.67,True
automated_osu018_iscas_final_OR3.gml,9,8,3,1,0,1,0,1.78,True
automated_osu018_rs_decoder_31_19_6_latest_final_degree0_cell.gml,43,60,8,5,0,10,0,2.79,True
automated_osu018_a-z80_latest_final_alu_mux_2.gml,8,8,3,1,0,1,0,2.0,True
automated_osu018_tiny_aes_latest_final_expand_key_type_C_192.gml,4491,9554,201,320,88,836,828,4.25,True
automated_osu018_mriscvcore_final_IRQ.gml,3032,5664,176,161,14,573,493,3.74,True
automated_osu018_ft816float_latest_final_FloatToInt.gml,1034,2303,34,33,2,241,144,4.45,True
automated_osu018_tiny_aes_latest_final_expand_key_type_A_256.gml,4967,10246,265,384,152,908,860,4.13,True
automated_osu018_cookbook_final_split_add.gml,265,421,40,20,7,41,61,3.18,True
automated_osu018_ecg_latest_final_f3_mult.gml,18,24,4,2,0,4,0,2.67,True
automated_osu018_turbo8051_latest_final_oc8051_int.gml,630,1344,29,35,1,111,59,4.27,True
automated_osu018_Lightweight-Threshold-Implementations-master_final_key_share_roundTI.gml,59,110,9,3,3,16,9,3.73,True
automated_osu018_m32632_latest_final_MMU_UP.gml,338,449,78,42,0,59,25,2.66,True
automated_osu018_rs_decoder_31_19_6_latest_final_inverscom.gml,186,445,5,5,1,54,24,4.78,True
automated_osu018_mem_ctrl_latest_final_mc_dp.gml,1476,2932,90,69,14,253,190,3.97,True
automated_osu018_des_latest_final_sbox3.gml,142,321,6,4,0,51,37,4.52,True
automated_osu018_des_latest_final_crp.gml,1246,2780,80,32,48,410,348,4.46,True
automated_osu018_mips_16_latest_final_hazard_detection_unit.gml,50,76,15,1,0,10,20,3.04,True
automated_osu018_rs_encoder_decoder_latest_final_GF8Mult95.gml,51,75,8,8,4,5,18,2.94,True
automated_osu018_rs_encoder_decoder_latest_final_GF8Mult81.gml,100,183,8,8,6,28,31,3.66,True
automated_osu018_openmsp430_latest_final_virtex6_pmem.gml,32,16,0,16,0,0,0,1.0,False
automated_osu018_rs_encoder_decoder_latest_final_GF8Mult122.gml,74,128,8,8,4,18,15,3.46,True
automated_osu018_cookbook_final_des.gml,20757,52171,122,64,1280,5168,6112,5.03,True
automated_osu018_rs_5_3_gf256_latest_final_inv_gf256.gml,1045,2388,8,8,0,390,183,4.57,True
automated_osu018_rs_encoder_decoder_latest_final_GF8Mult136.gml,49,71,8,8,3,7,15,2.9,True
automated_osu018_turbo8051_latest_final_spi_cfg.gml,769,1340,77,91,0,63,13,3.49,False
automated_osu018_rs_encoder_decoder_latest_final_GF8Mult56.gml,99,178,8,8,5,23,28,3.6,True
automated_osu018_rs_encoder_decoder_latest_final_GF8Mult42.gml,86,155,8,8,4,23,20,3.6,True
automated_osu018_pairing_latest_final_f33m_mux3.gml,5472,6633,1749,582,0,2328,0,2.42,True
automated_osu018_rsencoder_latest_final_rs_encod.gml,7499,15873,139,128,520,2817,2200,4.23,True
automated_osu018_csa_latest_final_hex2seg.gml,55,99,4,8,0,15,6,3.6,False
automated_osu018_Lightweight-Threshold-Implementations-master_final_sub1.gml,960,1344,256,64,0,192,256,2.8,False
automated_osu018_8051_latest_final_oc8051_ram_256x8_two_bist.gml,10924,25295,28,8,3,604,1223,4.63,True
automated_osu018_cookbook_final_permut.gml,96,64,32,32,0,0,0,1.33,False
automated_osu018_reed_solomon_decoder_latest_final_transport_in2out.gml,154,302,3,19,2,18,27,3.92,True
automated_osu018_cookbook_final_dec_67_64.gml,274,272,68,66,65,0,67,1.99,False
automated_osu018_cookbook_final_float_to_fixed.gml,129,245,16,9,1,36,13,3.8,False
automated_osu018_iscas_final_c7552.gml,1791,3318,207,108,31,413,341,3.71,False
automated_osu018_pairing_latest_final_func6.gml,12,14,3,1,0,0,3,2.33,True
automated_osu018_openmsp430_latest_final_DE0_NANO_SOC_QSYS_jtag_uart_sim_scfifo_w.gml,32,16,0,16,0,0,0,1.0,False
automated_osu018_altor32_latest_final_altor32_noica.gml,482,705,69,70,1,17,44,2.93,False
automated_osu018_cookbook_final_gf_mult_by_ed.gml,85,152,8,8,5,21,26,3.58,True
automated_osu018_xge_mac_latest_final_rx_data_fifo.gml,23903,56596,78,75,12,692,2256,4.74,True
automated_osu018_cookbook_final_gf_mult_by_35.gml,60,96,8,8,3,8,21,3.2,True
automated_osu018_a-z80_latest_final_z80_top_direct_.gml,1842,3803,6,24,1,481,333,4.13,True
automated_osu018_cookbook_final_gf_mult_by_21.gml,44,56,8,8,3,3,14,2.55,True
automated_osu018_sdr_ctrl_latest_final_sync_fifo.gml,239,490,12,10,2,32,43,4.1,True
automated_osu018_cookbook_final_gf_mult_by_e2.gml,49,71,8,8,6,8,14,2.9,True
automated_osu018_edge_latest_final_alu_decoder.gml,58,93,10,4,0,10,15,3.21,True
automated_osu018_mem_ctrl_latest_final_mc_wb_if.gml,354,478,76,39,0,46,9,2.7,True
automated_osu018_mem_ctrl_latest_final_mc_cs_rf_dummy.gml,136,68,0,68,0,0,0,1.0,False
automated_osu018_cookbook_final_gf_mult_by_09.gml,47,67,8,8,6,5,14,2.85,True
automated_osu018_openmsp430_latest_final_spartan3e_pmem.gml,16,8,0,8,0,0,0,1.0,False
automated_osu018_minirisc_latest_final_add_sub8_co.gml,156,282,17,9,1,24,28,3.62,True
automated_osu018_cookbook_final_gf_mult_by_d6.gml,118,224,8,8,9,27,32,3.8,True
automated_osu018_rs_encoder_decoder_latest_final_GF8Mult254.gml,32,27,8,8,3,0,3,1.69,False
automated_osu018_rs_encoder_decoder_latest_final_GF8Mult240.gml,72,121,8,8,2,19,14,3.36,True
automated_osu018_RSA-Verilog-master_final_memtest.gml,190,302,18,25,0,2,3,3.18,True
automated_osu018_rs_encoder_decoder_latest_final_GF8Mult244.gml,79,134,8,8,6,22,20,3.39,True
automated_osu018_m32632_latest_final_MULFILTER.gml,335,426,67,64,0,56,2,2.54,False
automated_osu018_xge_mac_latest_final_tx_hold_fifo.gml,7189,16159,76,76,1,725,73,4.5,True
automated_osu018_simon_core_latest_final_top_modul.gml,1264,2633,4,1,1,314,52,4.17,True
automated_osu018_cookbook_final_clock_mux.gml,35,56,8,1,0,1,6,3.2,True
automated_osu018_rs_encoder_decoder_latest_final_GF8Mult250.gml,53,77,8,8,1,9,15,2.91,True
automated_osu018_m32632_latest_final_SCHALE.gml,512,870,68,34,21,103,127,3.4,True
automated_osu018_gost28147-89_latest_final_gost89_cf.gml,5031,9071,836,65,50,958,634,3.61,True
automated_osu018_turbo8051_latest_final_oc8051_ram_64x32_dual_bist.gml,11569,25955,23,64,0,4286,1011,4.49,True
automated_osu018_cookbook_final_gf_mult_by_dd.gml,92,168,8,8,4,30,12,3.65,True
automated_osu018_cookbook_final_gf_mult_by_25.gml,76,129,8,8,4,24,11,3.39,True
automated_osu018_8051_latest_final_oc8051_indi_addr.gml,433,945,23,8,1,81,41,4.36,True
automated_osu018_openmsp430_latest_final_omsp_wakeup_cell.gml,6,5,2,1,0,0,0,1.67,True
automated_osu018_mod3_calc_latest_final_type_co.gml,10,10,2,2,0,0,2,2.0,True
automated_osu018_cookbook_final_gf_mult_by_31.gml,74,121,8,8,6,13,21,3.27,True
automated_osu018_amber_latest_final_generic_sram_line_.gml,88278,199166,137,128,0,8683,4431,4.51,True
automated_osu018_cookbook_final_gf_mult_by_d2.gml,60,95,8,8,1,7,20,3.17,True
automated_osu018_cookbook_final_gf_mult_by_19.gml,60,97,8,8,4,12,16,3.23,True
automated_osu018_cookbook_final_gf_mult_by_e6.gml,105,213,8,8,1,30,23,4.06,True
automated_osu018_m1_core_latest_final_rotary.gml,130,260,5,3,2,19,28,4.0,True
automated_osu018_altor32_latest_final_altor32_writeback.gml,529,927,80,38,0,148,8,3.5,True
automated_osu018_jt51_latest_final_jt51_a.gml,1354,2945,30,64,8,269,200,4.35,True
automated_osu018_iscas_final_s420.gml,285,447,19,1,0,89,57,3.14,True
automated_osu018_openmsp430_latest_final_omsp_multiplier.gml,2608,6238,35,16,15,759,385,4.78,True
automated_osu018_pairing_latest_final_func2.gml,586,390,194,196,0,0,0,1.33,False
automated_osu018_cookbook_final_gearbox_20_67.gml,1234,2659,23,68,0,332,104,4.31,True
automated_osu018_cookbook_final_gearbox_66_32.gml,1325,2924,70,34,0,434,72,4.41,True
automated_osu018_fpga-median_latest_final_media.gml,6268,14218,98,72,115,1954,1301,4.54,True
automated_osu018_amber_latest_final_eth_top.gml,63085,148221,96,115,69,20022,2096,4.7,False
automated_osu018_Lightweight-Threshold-Implementations-master_final_TI_Simon_Cor.gml,2461,5072,5,11,1,505,132,4.12,True
automated_osu018_cookbook_final_font_rom.gml,3179,7336,12,24,0,866,820,4.62,False
automated_osu018_aes-master_final_aes.gml,29626,73776,44,32,407,5609,5207,4.98,True
automated_osu018_m32632_latest_final_ICACHE_SM.gml,73,105,13,10,0,13,7,2.88,True
automated_osu018_rs_encoder_decoder_latest_final_GF8Mult132.gml,60,93,8,8,4,11,17,3.1,True
automated_osu018_rs_encoder_decoder_latest_final_GF8Mult126.gml,68,109,8,8,4,13,24,3.21,True
automated_osu018_orsoc_graphics_accelerator_final_basic_fifo.gml,10628,23989,36,41,3,1391,2446,4.51,True
automated_osu018_rs_encoder_decoder_latest_final_GF8Mult46.gml,49,70,8,8,4,5,15,2.86,True
automated_osu018_tiny_tate_bilinear_pairing_latest_final_f3_mult.gml,18,24,4,2,0,4,0,2.67,True
automated_osu018_rs_encoder_decoder_latest_final_GF8Invers.gml,1372,2762,11,9,16,308,182,4.03,True
automated_osu018_rs_encoder_decoder_latest_final_GF8Mult52.gml,48,69,8,8,3,5,15,2.88,True
automated_osu018_rsencoder_latest_final_GFADD.gml,40,32,16,8,8,0,8,1.6,False
automated_osu018_minirisc_latest_final_xilinx_inc8.gml,16,8,0,8,0,0,0,1.0,False
automated_osu018_des_latest_final_sbox7.gml,153,348,6,4,0,58,35,4.55,True
automated_osu018_ft816float_latest_final_delay4.gml,21,34,3,1,0,4,0,3.24,True
automated_osu018_RSA-Verilog-master_final_and_add.gml,122,203,18,9,5,26,20,3.33,True
automated_osu018_aes_highthroughput_lowarea_latest_final_MUL9.gml,56,65,8,8,17,0,17,2.32,True
automated_osu018_openmsp430_latest_final_counter_bus_mux.gml,8,4,0,4,0,0,0,1.0,False
automated_osu018_rs_encoder_decoder_latest_final_GF8Mult85.gml,112,206,8,8,8,26,44,3.68,True
automated_osu018_ft816float_latest_final_fp_decomp.gml,232,250,32,64,0,16,26,2.16,False
automated_osu018_sha512-master_final_sha512_cor.gml,29548,64907,1063,514,208,5029,3613,4.39,True
automated_osu018_altor32_latest_final_altor32_dcache_mem_if.gml,1980,4032,166,170,1,127,129,4.07,True
automated_osu018_rs_encoder_decoder_latest_final_GF8Mult91.gml,100,174,8,8,5,35,20,3.48,True
automated_osu018_openmsp430_latest_final_ram_16x1k_dp.gml,64,32,0,32,0,0,0,1.0,False
automated_osu018_AES-T100_final_one_round.gml,24348,61595,257,128,256,5984,6096,5.06,True
automated_osu018_ecg_latest_final_func4.gml,1598,2380,198,196,0,392,0,2.98,True
automated_osu018_iscas_final_CLAmodul.gml,43,59,9,7,0,12,0,2.74,True
automated_osu018_turbo8051_latest_final_g_rx_crc32.gml,491,1123,12,1,15,115,130,4.57,True
automated_osu018_cookbook_final_crc32_dat16_flat.gml,826,1594,48,32,44,208,310,3.86,True
automated_osu018_turbo8051_latest_final_stat_counter.gml,23,31,7,2,0,7,2,2.7,False
automated_osu018_cookbook_final_gf_mult_by_9.gml,60,97,8,8,5,10,17,3.23,True
automated_osu018_openmsp430_latest_final_DE0_NANO_SOC_QSYS_sysid_qsys.gml,65,47,1,32,0,0,0,1.45,False
automated_osu018_minirisc_latest_final_xilinx_mux2_8.gml,16,8,0,8,0,0,0,1.0,False
automated_osu018_cavlc_latest_final_cavlc_fsm.gml,276,569,27,14,1,55,45,4.12,True
automated_osu018_edge_latest_final_register.gml,210,303,35,32,0,0,32,2.89,True
automated_osu018_AES-T100_final_expand_key_128.gml,4306,9457,137,256,152,908,860,4.39,True
automated_osu018_rs_decoder_31_19_6_latest_final_fifo_register.gml,731,1510,11,5,0,320,0,4.13,True
automated_osu018_csa_latest_final_key_computer.gml,1408,1344,64,448,0,0,0,1.91,False
automated_osu018_cookbook_final_expand.gml,128,96,32,48,0,0,0,1.5,False
automated_osu018_reed_solomon_codec_generator_latest_final_RsDecodeErasur.gml,9065,20275,5,191,346,3676,1841,4.47,True
automated_osu018_des-master_final_key_sel.gml,1192,2865,61,48,3,59,105,4.81,True
automated_osu018_jt51_latest_final_jt51_noise_lfsr.gml,98,223,3,1,0,18,5,4.55,True
automated_osu018_m32632_latest_final_DFPU_DIV.gml,7219,15390,124,138,66,1461,1207,4.26,True
automated_osu018_pairing_latest_final_f3m_mult.gml,11201,21841,390,195,0,2340,821,3.9,True
automated_osu018_reed_solomon_codec_generator_latest_final_RsDecodeDegr.gml,385,439,168,5,0,62,113,2.28,True
automated_osu018_cookbook_final_gf_mult_by_8.gml,50,68,8,8,5,6,14,2.72,True
automated_osu018_cookbook_final_gearbox_32_66.gml,1281,2719,36,74,2,165,120,4.25,True
automated_osu018_signed_integer_divider_latest_final_shifter.gml,958,1751,32,37,3,291,24,3.66,False
automated_osu018_cpu8080_latest_final_M8080.gml,5012,11940,17,29,24,719,819,4.76,True
automated_osu018_ecg_latest_final_func5.gml,598,418,194,196,0,1,3,1.4,False
automated_osu018_rs_encoder_decoder_latest_final_GF8Mult90.gml,103,190,8,8,7,28,28,3.69,True
automated_osu018_a-z80_latest_final_alu_sli.gml,21,27,6,2,0,4,1,2.57,True
automated_osu018_ft816float_latest_final_fpDecompos.gml,232,250,32,64,0,16,26,2.16,False
automated_osu018_tiny_aes_latest_final_expand_key_type_B_192.gml,1980,3067,193,320,0,448,64,3.1,True
automated_osu018_rs_encoder_decoder_latest_final_GF8Mult84.gml,117,231,8,8,3,42,21,3.95,True
automated_osu018_a-z80_latest_final_alu_flags.gml,6883,13536,64,64,1305,2389,3321,3.93,True
automated_osu018_asynchronous_master_spi_final_spi_master.gml,70,139,3,14,0,14,18,3.97,True
automated_osu018_viterb_encoder_and_decoder_final_mem.gml,37588,88458,20,8,0,974,7819,4.71,True
automated_osu018_des_latest_final_sbox6.gml,145,331,6,4,0,53,38,4.57,True
automated_osu018_ft816float_latest_final_delay5.gml,25,42,3,1,0,5,0,3.36,True
automated_osu018_mriscvcore_final_FSM_Boot.gml,44,64,8,3,0,10,6,2.91,True
automated_osu018_rs_encoder_decoder_latest_final_GF8Mult53.gml,85,152,8,8,2,28,20,3.58,True
automated_osu018_Lightweight-Threshold-Implementations-master_final_bitSpeck128_128_unpro.gml,75,157,2,3,0,18,7,4.19,False
automated_osu018_rs_encoder_decoder_latest_final_GF8Mult47.gml,44,55,8,8,5,3,13,2.5,True
automated_osu018_rs_encoder_decoder_latest_final_GF8Mult127.gml,76,125,8,8,2,12,22,3.29,True
automated_osu018_cookbook_final_frequency_monitor.gml,1364,2658,5,80,5,247,230,3.9,True
automated_osu018_cookbook_final_mask_16.gml,62,84,4,16,0,7,3,2.71,False
automated_osu018_fast_log_latest_final_Log2pipelined.gml,266,555,22,8,0,44,48,4.17,True
automated_osu018_rs_encoder_decoder_latest_final_GF8Mult133.gml,51,75,8,8,5,7,17,2.94,True
automated_osu018_openmsp430_latest_final_omsp_gpio.gml,1076,1857,51,162,0,108,40,3.45,False
automated_osu018_AES-T200_final_xS.gml,690,1759,9,8,0,165,178,5.1,True
automated_osu018_iscas_final_TopLevel74181.gml,115,214,14,8,0,43,24,3.72,True
automated_osu018_openmsp430_latest_final_adc_data_fifo.gml,28,14,0,14,0,0,0,1.0,False
automated_osu018_cookbook_final_gearbox_20_66.gml,973,2082,22,67,1,139,93,4.28,True
automated_osu018_pairing_latest_final_func3.gml,634,479,194,196,0,12,4,1.51,False
automated_osu018_openmsp430_latest_final_DE0_NANO_SOC_QSYS_jtag_uart_sim_scfifo_r.gml,32,16,0,16,0,0,0,1.0,False
automated_osu018_signed_integer_divider_latest_final_shift_3.gml,295,451,35,32,0,67,1,3.06,True
automated_osu018_turbo8051_latest_final_wb_crossbar.gml,2245,4573,290,272,0,43,106,4.07,True
automated_osu018_m32632_latest_final_DP_FPU.gml,49870,117836,160,210,740,17188,7488,4.73,True
automated_osu018_8051_latest_final_oc8051_alu_src_sel.gml,312,482,72,24,0,54,19,3.09,True
automated_osu018_cookbook_final_gearbox_33_32.gml,930,2064,37,34,0,320,64,4.44,True
automated_osu018_orsoc_graphics_accelerator_final_gfx_clip.gml,5974,13071,415,189,53,1630,844,4.38,False
automated_osu018_turbo8051_latest_final_oc8051_ports.gml,584,1069,54,64,0,106,36,3.66,True
automated_osu018_cookbook_final_gf_mult_by_3f.gml,96,174,8,8,7,23,33,3.62,True
automated_osu018_cookbook_final_gf_mult_by_e7.gml,133,259,8,8,6,34,32,3.89,True
automated_osu018_cookbook_final_gf_mult_by_d3.gml,116,221,8,8,6,35,24,3.81,True
automated_osu018_cookbook_final_gf_mult_by_18.gml,65,101,8,8,3,10,18,3.11,True
automated_osu018_iscas_final_s838.gml,586,924,35,1,0,185,117,3.15,True
automated_osu018_cookbook_final_gf_mult_by_30.gml,50,73,8,8,3,8,15,2.92,True
automated_osu018_numbert_sort_device_latest_final_SEG7_LUT_4.gml,212,372,16,28,0,56,32,3.51,False
automated_osu018_cookbook_final_gf_mult_by_ea.gml,48,69,8,8,4,8,13,2.88,True
automated_osu018_openmsp430_latest_final_altera_reset_controller.gml,41,42,17,2,0,5,10,2.05,True
automated_osu018_cookbook_final_gf_mult_by_24.gml,85,147,8,8,4,26,19,3.46,True
automated_osu018_8051_latest_final_oc8051_t.gml,686,1456,27,42,1,132,98,4.24,True
automated_osu018_gng_latest_final_gng.gml,13456,32466,3,17,91,4005,2227,4.83,True
automated_osu018_iscas_final_EO.gml,5,4,2,1,1,0,1,1.6,True
automated_osu018_Lightweight-Threshold-Implementations-master_final_and4.gml,20,16,8,4,0,8,0,1.6,False
automated_osu018_reed_solomon_codec_generator_latest_final_RsDecodeShiftOmega.gml,2890,6759,181,176,0,653,328,4.68,True
automated_osu018_rs_encoder_decoder_latest_final_RS8CALCR08.gml,1270,2650,84,17,16,174,135,4.17,True
automated_osu018_a-z80_latest_final_interrupts.gml,60,94,12,5,0,8,1,3.13,True
automated_osu018_rs_encoder_decoder_latest_final_GF8Mult251.gml,49,68,8,8,2,5,13,2.78,True
automated_osu018_ecg_latest_final_f3m_add3.gml,3298,5820,582,194,0,194,582,3.53,False
automated_osu018_rs_encoder_decoder_latest_final_GF8Mult245.gml,81,134,8,8,6,15,28,3.31,True
automated_osu018_xge_mac_latest_final_rx_enqueu.gml,4961,10396,148,171,183,883,1526,4.19,False
automated_osu018_rs_encoder_decoder_latest_final_GF8Mult253.gml,45,57,8,8,2,8,6,2.53,False
automated_osu018_cookbook_final_final_permut.gml,192,128,64,64,0,0,0,1.33,False
automated_osu018_reed_solomon_decoder_latest_final_input_syndromes.gml,25367,57172,20,137,54,4824,2391,4.51,True
automated_osu018_rs_encoder_decoder_latest_final_GF8Mult247.gml,81,141,8,8,3,23,16,3.48,True
automated_osu018_iscas_final_s35932.gml,19151,33047,36,320,0,11052,1152,3.45,True
automated_osu018_fixed_point_arithmetic_parameterized_latest_final_qadd.gml,942,1875,64,32,5,141,171,3.98,True
automated_osu018_cookbook_final_inv_mix_one_colum.gml,772,1519,32,32,21,225,258,3.94,True
automated_osu018_iscas_final_MUX21H.gml,8,8,3,1,0,1,0,2.0,True
automated_osu018_AES-T100_final_lfsr_counter.gml,101,154,2,20,0,17,11,3.05,True
automated_osu018_cookbook_final_gf_mult_by_f9.gml,77,130,8,8,3,18,21,3.38,True
automated_osu018_cookbook_final_crc32c_zer64_flat.gml,909,1857,32,32,40,255,311,4.09,True
automated_osu018_des_latest_final_key_sel.gml,1192,2865,61,48,3,59,105,4.81,True
automated_osu018_cookbook_final_gf_mult_by_32.gml,59,96,8,8,3,10,17,3.25,True
automated_osu018_cookbook_final_gf_mult_by_26.gml,76,134,8,8,1,20,12,3.53,True
automated_osu018_bch_configurable_latest_final_test_correct.gml,3483,7891,38,19,16,271,371,4.53,True
automated_osu018_cookbook_final_gf_mult_by_e5.gml,118,245,8,8,4,33,22,4.15,True
automated_osu018_cookbook_final_gf_mult_by_3d.gml,76,129,8,8,2,19,21,3.39,True
automated_osu018_cookbook_final_ascii_to_bi.gml,110,226,8,6,0,22,23,4.11,True
automated_osu018_amber_latest_final_eth_maccontrol.gml,1070,2138,103,20,14,200,195,4.0,True
automated_osu018_cookbook_final_gf_mult_by_d1.gml,114,213,8,8,7,34,31,3.74,True
automated_osu018_reed_solomon_decoder_latest_final_error_correctio.gml,7248,15840,304,83,43,1206,1193,4.37,True
automated_osu018_openmsp430_latest_final_ram_16x8k_dp.gml,64,32,0,32,0,0,0,1.0,False
automated_osu018_RSA-Verilog-master_final_mon_prod_s.gml,51846,110120,1550,1555,285,9314,6384,4.25,True
automated_osu018_pairing_latest_final_func1.gml,3166,5516,394,196,0,588,196,3.48,True
automated_osu018_signed_integer_divider_latest_final_shift_1.gml,199,260,33,32,0,31,1,2.61,True
automated_osu018_ecg_latest_final_f3m_su.gml,1940,3104,388,194,0,97,291,3.2,False
automated_osu018_sha1-master_final_sha1_w_mem.gml,4892,9828,516,32,21,348,198,4.02,True
automated_osu018_present_encryptor_latest_final_present_encryptor_top.gml,1551,3153,83,64,86,115,243,4.07,True
automated_osu018_cookbook_final_round_key_select.gml,144,96,48,48,0,0,0,1.33,False
automated_osu018_iscas_final_s386.gml,275,461,8,7,0,98,48,3.35,True
automated_osu018_a-z80_latest_final_memory_if.gml,131,239,13,8,0,20,15,3.65,True
automated_osu018_tiny_tate_bilinear_pairing_latest_final_f3_add.gml,20,32,4,2,0,1,3,3.2,True
automated_osu018_edge_latest_final_div_unit.gml,10189,24156,64,64,52,3244,1335,4.74,True
automated_osu018_gcm-aes_latest_final_aes_key_expand_128.gml,4337,9980,130,128,18,1096,924,4.6,True
automated_osu018_rs_encoder_decoder_latest_final_GF8Mult125.gml,64,105,8,8,4,8,23,3.28,True
automated_osu018_rs_encoder_decoder_latest_final_GF8Mult79.gml,71,114,8,8,4,14,20,3.21,True
automated_osu018_rs_encoder_decoder_latest_final_GF8Mult131.gml,63,95,8,8,4,12,19,3.02,True
automated_osu018_rs_decoder_31_19_6_latest_final_MainControl.gml,228,427,12,16,3,38,52,3.75,True
automated_osu018_altor32_latest_final_altor32_ram_sp.gml,1236,2273,56,310,0,49,24,3.68,True
automated_osu018_tiny_aes_latest_final_aes_128.gml,2872,5918,124,33,9,818,406,4.12,True
automated_osu018_rs_encoder_decoder_latest_final_GF8Mult119.gml,107,204,8,8,3,33,23,3.81,True
automated_osu018_rs_encoder_decoder_latest_final_GF8Mult51.gml,54,81,8,8,6,9,10,3.0,True
automated_osu018_rs_encoder_decoder_latest_final_GF8Mult45.gml,50,72,8,8,4,5,16,2.88,True
automated_osu018_cookbook_final_k_tabl.gml,1413,3332,7,64,0,400,253,4.72,True
automated_osu018_aes-128_pipelined_encryption_latest_final_KeyExpantio.gml,61381,140650,131,1290,0,16720,8520,4.58,True
automated_osu018_cookbook_final_inv_shift_rows.gml,384,256,128,128,0,0,0,1.33,False
automated_osu018_des_latest_final_sbox4.gml,144,341,6,4,0,49,44,4.74,True
automated_osu018_rs_encoder_decoder_latest_final_GF8Mult92.gml,98,180,8,8,4,23,27,3.67,True
automated_osu018_mriscvcore_final_Alg_Boot.gml,736,1446,39,34,7,86,101,3.93,True
automated_osu018_mriscvcore_final_divM.gml,531,1100,35,1,2,134,140,4.14,True
automated_osu018_Lightweight-Threshold-Implementations-master_final_simon_key_expansion_shiftreg.gml,692,1446,10,9,1,164,40,4.18,True
automated_osu018_rs_encoder_decoder_latest_final_GF8Mult86.gml,114,214,8,8,7,29,29,3.75,True
automated_osu018_xge_mac_latest_final_tx_data_fifo.gml,27096,61403,78,76,14,2145,1824,4.53,True
automated_osu018_ecg_latest_final_func7.gml,618,472,194,194,0,3,9,1.53,False
automated_osu018_cpu8080_latest_final_scnromu.gml,241,558,8,8,0,76,46,4.63,False
automated_osu018_a-z80_latest_final_ir.gml,61,98,12,8,0,9,0,3.21,True
automated_osu018_a-z80_latest_final_alu_prep_daa.gml,21,21,7,3,0,1,5,2.0,False
automated_osu018_cookbook_final_scrambler_lfsr.gml,738,1406,63,66,44,141,143,3.81,True
automated_osu018_edge_latest_final_shifter_left.gml,376,685,37,32,0,41,29,3.64,True
automated_osu018_rs_encoder_decoder_latest_final_Mux8To1.gml,57,64,17,8,0,8,0,2.25,True
automated_osu018_a-z80_latest_final_address_lat.gml,165,307,6,4,0,68,73,3.72,True
automated_osu018_gost28147-89_latest_final_gost89_.gml,3715,6601,836,65,50,758,503,3.55,True
automated_osu018_edge_latest_final_if_id_pipereg.gml,606,891,99,96,0,0,96,2.94,True
automated_osu018_iscas_final_OR4.gml,9,8,4,1,0,1,2,1.78,True
automated_osu018_amber_latest_final_a25_alu.gml,1148,2342,75,36,0,244,163,4.08,True
automated_osu018_Aquarius_latest_final_register.gml,5598,12588,84,96,0,641,146,4.5,True
automated_osu018_turbo8051_latest_final_bit_register.gml,10,11,4,1,0,1,0,2.2,True
automated_osu018_m1_core_latest_final_wb_text_vga.gml,88197,198426,13,38,1,6302,11723,4.5,False
automated_osu018_a-z80_latest_final_alu_mux_4.gml,11,11,6,1,0,0,0,2.0,True
automated_osu018_amber_latest_final_a25_multiply.gml,1427,3055,69,35,9,212,242,4.28,True
automated_osu018_ecg_latest_final_func6.gml,12,14,3,1,0,0,3,2.33,True
automated_osu018_ft816float_latest_final_cntlz64.gml,307,507,64,7,0,51,53,3.3,True
automated_osu018_fast_log_latest_final_Log2flowthru.gml,356,807,21,8,0,123,43,4.53,True
automated_osu018_m32632_latest_final_SFPU_ADDSUB.gml,4209,8697,73,71,75,907,900,4.13,True
automated_osu018_rs_encoder_decoder_latest_final_GF8Reg.gml,60,89,11,8,0,8,0,2.97,True
automated_osu018_edge_latest_final_clock_manager.gml,192,373,1,1,3,52,65,3.89,True
automated_osu018_rs_encoder_decoder_latest_final_GF8Mult87.gml,119,227,8,8,4,29,31,3.82,True
automated_osu018_cavlc_latest_final_cavlc_len_g.gml,71,85,25,5,0,7,7,2.39,True
automated_osu018_cookbook_final_sum_of_64.gml,1033,2425,64,7,15,351,237,4.7,True
automated_osu018_rs_encoder_decoder_latest_final_GF8Mult93.gml,78,139,8,8,4,22,22,3.56,True
automated_osu018_des_latest_final_sbox5.gml,146,338,6,4,0,49,41,4.63,True
automated_osu018_cookbook_final_eight_input_rom.gml,2,1,0,1,0,0,0,1.0,True
automated_osu018_rs_encoder_decoder_latest_final_GF8Mult44.gml,66,109,8,8,3,14,20,3.3,True
automated_osu018_hamming_latest_final_ham_7_4_d.gml,153,339,4,2,2,25,13,4.43,True
automated_osu018_rs_encoder_decoder_latest_final_GF8Mult50.gml,47,64,8,8,8,6,13,2.72,True
automated_osu018_rs_encoder_decoder_latest_final_GF8Mult118.gml,86,152,8,8,5,31,16,3.53,True
automated_osu018_rs_encoder_decoder_latest_final_GF8Mult130.gml,75,120,8,8,3,17,21,3.2,True
automated_osu018_rs_encoder_decoder_latest_final_GF8Mult78.gml,120,256,8,8,2,38,18,4.27,True
automated_osu018_pairing_latest_final_f3m_mux3.gml,1788,2173,585,194,0,776,0,2.43,True
automated_osu018_m1_core_latest_final_fontmap_rom.gml,2639,6063,13,8,0,693,509,4.59,True
automated_osu018_rs_encoder_decoder_latest_final_GF8Mult124.gml,72,122,8,8,2,21,16,3.39,True
automated_osu018_iscas_final_TopLevel74182.gml,33,44,9,5,0,5,2,2.67,True
automated_osu018_mesi_isc_final_mesi_is.gml,4186,9282,146,48,7,849,103,4.43,True
automated_osu018_mriscvcore_final_mriscvcore_synt.gml,52,77,8,8,4,5,19,2.96,True
automated_osu018_iscas_final_s344.gml,219,333,10,11,0,65,36,3.04,True
automated_osu018_pairing_latest_final_f32m_add3.gml,6596,11640,1164,388,0,388,1164,3.53,False
automated_osu018_gost28147-89_latest_final_gost89_ecb_encrypt.gml,3588,5887,835,65,50,569,567,3.28,True
automated_osu018_turbo8051_latest_final_oc8051_tc2.gml,552,1113,24,44,0,86,46,4.03,True
automated_osu018_turbo8051_latest_final_g_tx_top.gml,1006,2170,28,33,20,185,188,4.31,True
automated_osu018_fpu_latest_final_add_sub27.gml,592,1111,55,28,16,92,135,3.75,True
automated_osu018_minirisc_latest_final_xilinx_mux8_1.gml,2,1,0,1,0,0,0,1.0,True
automated_osu018_fpu_latest_final_div_r2.gml,18866,43314,75,100,139,5326,3531,4.59,True
automated_osu018_cookbook_final_gf_mult_by_2a.gml,50,73,8,8,1,5,17,2.92,True
automated_osu018_cookbook_final_ecc_correction_8bit.gml,76,142,5,9,0,8,20,3.74,True
automated_osu018_xge_mac_latest_final_rx_stats_fifo.gml,1647,3610,19,15,8,273,93,4.38,True
automated_osu018_cookbook_final_gf_mult_by_d0.gml,77,130,8,8,6,16,26,3.38,True
automated_osu018_sha256-master_final_sha256.gml,17174,40176,44,33,99,3077,2121,4.68,False
automated_osu018_cookbook_final_gf_mult_by_e4.gml,80,142,8,8,2,19,21,3.55,True
automated_osu018_AES-T100_final_S4.gml,2834,7193,33,32,0,676,620,5.08,True
automated_osu018_mriscv_final_ADC_interface_APB.gml,143,180,16,33,0,14,13,2.52,False
automated_osu018_cookbook_final_gf_mult_by_27.gml,71,116,8,8,3,18,17,3.27,True
automated_osu018_cookbook_final_gf_mult_by_df.gml,109,198,8,8,8,32,30,3.63,True
automated_osu018_cookbook_final_gf_mult_by_f8.gml,95,173,8,8,6,19,29,3.64,True
automated_osu018_cookbook_final_gf_mult_by_33.gml,60,98,8,8,3,5,23,3.27,True
automated_osu018_amber_latest_final_a25_coprocessor.gml,1083,1976,81,66,0,54,196,3.65,True
automated_osu018_amber_latest_final_a25_wishbone_buf.gml,2988,5428,309,307,1,180,22,3.63,False
automated_osu018_cookbook_final_uart_hw_test.gml,530,1139,3,1,1,76,112,4.3,True
automated_osu018_turbo8051_latest_final_oc8051_sp.gml,226,424,26,16,0,44,43,3.75,True
automated_osu018_systemcaes_latest_final_byte_mixcolum.gml,337,673,32,16,17,87,76,3.99,True
automated_osu018_cookbook_final_asc_hex_to_nybbl.gml,22,27,5,4,1,2,2,2.45,True
automated_osu018_rs_encoder_decoder_latest_final_GF8Mult246.gml,80,146,8,8,4,19,24,3.65,True
automated_osu018_mips_16_latest_final_MEM_stag.gml,18828,44527,40,40,0,519,1599,4.73,True
automated_osu018_rs_encoder_decoder_latest_final_GF8Mult252.gml,44,53,8,8,3,3,11,2.41,False
automated_osu018_rs_encoder_decoder_latest_final_GF8Mult209.gml,95,170,8,8,0,23,22,3.58,True
automated_osu018_amber_latest_final_eth_txcounters.gml,631,1197,55,40,7,119,129,3.79,True
automated_osu018_cookbook_final_gf_mult_by_9a.gml,64,100,8,8,5,11,21,3.12,True
automated_osu018_rs_encoder_decoder_latest_final_GF8Mult235.gml,73,120,8,8,4,14,19,3.29,True
automated_osu018_cookbook_final_gf_mult_by_97.gml,79,143,8,8,1,21,14,3.62,True
automated_osu018_cookbook_final_gf_mult_by_83.gml,74,132,8,8,4,21,20,3.57,True
automated_osu018_AES-T1000_final_final_round.gml,11713,29280,257,128,128,2704,2608,5.0,True
automated_osu018_rs_encoder_decoder_latest_final_GF8Mult221.gml,43,54,8,8,7,3,13,2.51,True
automated_osu018_cookbook_final_gf_mult_by_c3.gml,64,108,8,8,4,9,20,3.38,True
automated_osu018_16x2_lcd_display_driver_latest_final_lcd_fpga.gml,302,661,3,10,0,53,40,4.38,True
automated_osu018_cookbook_final_gf_mult_by_68.gml,64,107,8,8,6,10,23,3.34,True
automated_osu018_amber_latest_final_eth_clockg.gml,86,171,9,3,2,12,19,3.98,True
automated_osu018_ecg_latest_final_f3m_add.gml,1940,3104,388,194,0,97,291,3.2,False
automated_osu018_rs_encoder_decoder_latest_final_RS8Encoder8t.gml,1789,3846,11,10,61,290,452,4.3,True
automated_osu018_ft816float_latest_final_fpLOOUnit.gml,1968,4258,49,33,11,490,266,4.33,True
automated_osu018_cookbook_final_gf_mult_by_4f.gml,67,111,8,8,1,15,12,3.31,True
automated_osu018_cookbook_final_gf_mult_by_b7.gml,73,129,8,8,3,14,20,3.53,True
automated_osu018_Lightweight-Threshold-Implementations-master_final_datapath_shar.gml,563,1137,10,2,0,120,36,4.04,True
automated_osu018_rs_encoder_decoder_latest_final_GF8Mult7.gml,80,135,8,8,1,15,24,3.38,True
automated_osu018_iscas_final_NR2.gml,5,4,2,1,0,0,1,1.6,True
automated_osu018_cookbook_final_gf_mult_by_54.gml,72,117,8,8,3,15,21,3.25,True
automated_osu018_m32632_latest_final_MAKE_STAT.gml,47,46,14,8,0,4,1,1.96,True
automated_osu018_amber_latest_final_a23_wishbo.gml,800,1373,72,72,1,97,45,3.43,True
automated_osu018_cookbook_final_gf_mult_by_40.gml,73,120,8,8,3,15,19,3.29,True
automated_osu018_cookbook_final_gf_mult_by_ba.gml,105,201,8,8,1,37,10,3.83,True
automated_osu018_ft816float_latest_final_fpDecomp.gml,232,250,32,64,0,16,26,2.16,False
automated_osu018_iscas_final_s13207.gml,9690,13394,62,152,0,2209,785,2.76,False
automated_osu018_aes-master_final_aes_key_mem.gml,13355,32643,296,161,64,1858,1171,4.89,True
automated_osu018_hight_latest_final_RF.gml,1363,2814,98,64,21,303,233,4.13,True
automated_osu018_cookbook_final_six_three_comp.gml,47,97,6,3,0,17,8,4.13,True
automated_osu018_sha3_latest_final_padder1.gml,138,148,26,32,0,15,1,2.14,False
automated_osu018_minirisc_latest_final_mux2_7.gml,50,56,15,7,0,7,0,2.24,True
automated_osu018_jt51_latest_final_bus_manager.gml,167,245,52,11,0,21,16,2.93,True
automated_osu018_des-master_final_sbox4.gml,144,341,6,4,0,49,44,4.74,True
automated_osu018_cookbook_final_fec_rot_9.gml,177,230,32,32,15,28,36,2.6,False
automated_osu018_m32632_latest_final_MMU_MATCH.gml,431,720,73,37,2,86,53,3.34,True
automated_osu018_rs_encoder_decoder_latest_final_GF8Mult37.gml,83,150,8,8,2,14,25,3.61,True
automated_osu018_rs_encoder_decoder_latest_final_GF8Mult23.gml,42,52,8,8,5,3,12,2.48,True
automated_osu018_iscas_final_AN3.gml,7,6,3,1,0,1,0,1.71,True
automated_osu018_aes_highthroughput_lowarea_latest_final_shift_rows.gml,384,256,128,128,0,0,0,1.33,False
automated_osu018_rs_encoder_decoder_latest_final_GF8Mult143.gml,74,122,8,8,2,13,22,3.3,True
automated_osu018_rs_encoder_decoder_latest_final_GF8Mult157.gml,133,265,8,8,5,53,22,3.98,True
automated_osu018_m32632_latest_final_STEUERUNG.gml,10825,23733,107,246,18,2326,1899,4.38,True
automated_osu018_cr_div_latest_final_cr_di.gml,37593,88078,73,65,356,10196,3316,4.69,True
automated_osu018_openmsp430_latest_final_in_buf.gml,3,2,1,1,0,0,0,1.33,True
automated_osu018_cookbook_final_encoder.gml,2698,5345,13,128,69,980,443,3.96,True
automated_osu018_8bit_vedic_multiplier_latest_final_ripple_adder_6bit.gml,57,74,13,7,12,12,18,2.6,True
automated_osu018_cookbook_final_fec_rot_25.gml,336,590,32,32,23,72,120,3.51,True
automated_osu018_cookbook_final_fec_rot_31.gml,327,546,32,32,31,33,162,3.34,True
automated_osu018_rs_encoder_decoder_latest_final_GF8Mult180.gml,75,138,8,8,2,16,17,3.68,True
automated_osu018_openmsp430_latest_final_omsp_alu.gml,861,1701,61,40,20,137,148,3.95,True
automated_osu018_cookbook_final_fec_rot_19.gml,314,527,32,32,18,60,90,3.36,True
automated_osu018_edge_latest_final_sign_extend.gml,84,68,16,32,0,0,0,1.62,False
automated_osu018_rs_encoder_decoder_latest_final_GF8Mult194.gml,63,104,8,8,3,17,16,3.3,True
automated_osu018_rs_decoder_31_19_6_latest_final_mux2_to_1.gml,36,40,11,5,0,5,0,2.22,True
automated_osu018_turbo8051_latest_final_g_dpath_ctrl.gml,429,754,29,51,1,41,36,3.52,True
automated_osu018_viterb_encoder_and_decoder_final_ACS.gml,213,424,22,10,1,59,38,3.98,True
automated_osu018_openmsp430_latest_final_DE0_NANO_SOC_QSYS_jtag_uart_scfifo_w.gml,32,16,0,16,0,0,0,1.0,False
automated_osu018_16x2_lcd_display_driver_latest_final_lcd_16x2_8bit.gml,211,414,12,11,0,34,34,3.92,True
automated_osu018_crcahb_latest_final_bit_reversal.gml,260,516,34,32,0,97,1,3.97,True
automated_osu018_rs_decoder_31_19_6_latest_final_CSEEblock.gml,994,1935,72,8,41,304,180,3.89,True
automated_osu018_tiny_tate_bilinear_pairing_latest_final_v2.gml,428,258,40,194,0,0,0,1.21,False
automated_osu018_openmsp430_latest_final_ogfx_backend.gml,2990,6661,114,45,7,707,351,4.46,True
automated_osu018_AES-T1000_final_S4.gml,2834,7193,33,32,0,676,620,5.08,True
automated_osu018_m32632_latest_final_SHIFTER.gml,856,1810,75,37,20,304,70,4.23,True
automated_osu018_mriscvcore_final_ALU_sXXx.gml,1008,1964,40,97,0,39,68,3.9,True
automated_osu018_amber_latest_final_eth_miim.gml,586,1155,40,25,2,93,74,3.94,True
automated_osu018_ft816float_latest_final_cntlz16.gml,74,113,16,5,0,10,11,3.05,True
automated_osu018_amber_latest_final_ddr3_afifo.gml,2667,5747,110,108,27,55,207,4.31,True
automated_osu018_turbo8051_latest_final_double_sync_hig.gml,8,11,3,1,0,0,0,2.75,True
automated_osu018_rs_encoder_decoder_latest_final_GF8Mult195.gml,63,103,8,8,3,16,16,3.27,True
automated_osu018_cookbook_final_fec_rot_18.gml,296,482,32,32,19,60,77,3.26,True
automated_osu018_rs_encoder_decoder_latest_final_GF8Mult181.gml,73,116,8,8,4,15,20,3.18,True
automated_osu018_cookbook_final_fec_rot_30.gml,318,524,32,32,31,36,160,3.3,True
automated_osu018_systemcaes_latest_final_word_mixcolum.gml,1304,2744,32,64,68,348,304,4.21,True
automated_osu018_cookbook_final_fec_rot_24.gml,305,515,32,32,21,52,109,3.38,True
automated_osu018_iscas_final_s1238.gml,685,1221,15,14,0,282,164,3.56,True
automated_osu018_sha3_latest_final_keccak.gml,39636,97679,38,514,39,14842,3846,4.93,True
automated_osu018_rs_encoder_decoder_latest_final_GF8Mult156.gml,62,98,8,8,2,8,21,3.16,True
automated_osu018_openmsp430_latest_final_omsp_clock_mux.gml,22,32,5,1,0,1,2,2.91,True
automated_osu018_cookbook_final_cntr.gml,182,361,21,16,0,14,9,3.97,True
automated_osu018_rs_encoder_decoder_latest_final_GF8Mult142.gml,49,71,8,8,2,5,16,2.9,True
automated_osu018_iscas_final_AN2.gml,5,4,2,1,0,1,0,1.6,True
automated_osu018_rs_encoder_decoder_latest_final_GF8Mult22.gml,53,78,8,8,5,10,15,2.94,True
automated_osu018_ft816float_latest_final_cntlz32Reg.gml,172,285,34,6,0,27,27,3.31,True
automated_osu018_a-z80_latest_final_alu_mux_2z.gml,25,28,6,5,0,4,5,2.24,True
automated_osu018_m32632_latest_final_CA_MATCH.gml,414,681,90,30,2,74,46,3.29,True
automated_osu018_rs_encoder_decoder_latest_final_GF8Mult36.gml,72,119,8,8,4,22,15,3.31,True
automated_osu018_double_fpu_latest_final_fpu_mul.gml,40721,94278,133,65,794,11378,6531,4.63,True
automated_osu018_pairing_latest_final_f32m_mult.gml,24513,50134,778,389,0,6062,1574,4.09,True
automated_osu018_iscas_final_s15850.gml,11256,15505,77,150,0,2757,897,2.75,False
automated_osu018_cookbook_final_fec_rot_8.gml,170,212,32,32,14,24,32,2.49,False
automated_osu018_cookbook_final_little_sigma_0_512.gml,654,1110,64,64,7,214,135,3.39,True
automated_osu018_rtf8088_latest_final_stkmem.gml,83650,182893,32,9,0,5077,4908,4.37,True
automated_osu018_turbo8051_latest_final_half_dup_dble_reg.gml,8,11,3,1,0,0,0,2.75,True
automated_osu018_cookbook_final_buf_2to3.gml,637,1327,20,26,0,90,48,4.17,True
automated_osu018_des-master_final_sbox5.gml,146,338,6,4,0,49,41,4.63,True
automated_osu018_cookbook_final_prio_encod.gml,28,41,6,3,0,4,3,2.93,True
automated_osu018_xge_mac_latest_final_xge_ma.gml,76016,173036,170,179,416,7695,7844,4.55,True
automated_osu018_mriscvcore_final_ALU_blt.gml,277,446,64,1,4,78,42,3.22,True
automated_osu018_ecg_latest_final_f3m_mux3.gml,1788,2173,585,194,0,776,0,2.43,True
automated_osu018_generic_fifos_latest_final_lfsr.gml,44,79,4,8,0,1,8,3.59,True
automated_osu018_fpga-median_latest_final_dff_3_pip.gml,106,128,26,24,0,0,0,2.42,True
automated_osu018_iscas_final_s444.gml,261,449,4,6,0,88,53,3.44,True
automated_osu018_turbo8051_latest_final_uart_txfsm.gml,185,373,15,2,0,31,33,4.03,True
automated_osu018_cookbook_final_gf_mult_by_41.gml,46,60,8,8,3,3,16,2.61,True
automated_osu018_cookbook_final_gf_mult_by_cd.gml,61,100,8,8,7,11,18,3.28,True
automated_osu018_iscas_final_NR3.gml,6,5,3,1,0,0,1,1.67,True
automated_osu018_rs_encoder_decoder_latest_final_GF8Mult6.gml,50,72,8,8,4,5,16,2.88,True
automated_osu018_m1_core_latest_final_ps2_io_ctrl.gml,22,25,6,3,0,3,0,2.27,True
automated_osu018_cookbook_final_gf_mult_by_55.gml,63,105,8,8,4,10,22,3.33,True
automated_osu018_dpll-isdn_latest_final_phasecomparator.gml,15,20,3,2,0,0,2,2.67,True
automated_osu018_8051_latest_final_oc8051_rom.gml,895,2096,17,25,1,143,112,4.68,True
automated_osu018_cookbook_final_gf_mult_by_b6.gml,68,117,8,8,3,12,22,3.44,True
automated_osu018_Lightweight-Threshold-Implementations-master_final_key_schedule_modified3_simon_parallel.gml,541,1087,11,1,0,133,7,4.02,True
automated_osu018_cookbook_final_gf_mult_by_c2.gml,81,134,8,8,3,16,23,3.31,True
automated_osu018_m1_core_latest_final_ddr_init.gml,221,432,4,21,0,29,28,3.91,True
automated_osu018_cookbook_final_gf_mult_by_69.gml,106,206,8,8,6,32,19,3.89,True
automated_osu018_Lightweight-Threshold-Implementations-master_final_key_schedule_2.gml,566,1128,18,1,0,139,12,3.99,True
automated_osu018_cookbook_final_gf_mult_by_82.gml,61,92,8,8,6,9,21,3.02,True
automated_osu018_mriscvcore_final_FSM.gml,147,267,17,10,0,32,22,3.63,True
automated_osu018_rs_encoder_decoder_latest_final_GF8Mult220.gml,43,54,8,8,7,3,13,2.51,True
automated_osu018_rs_encoder_decoder_latest_final_GF8Mult234.gml,63,101,8,8,2,7,19,3.21,True
automated_osu018_cookbook_final_gf_mult_by_96.gml,72,115,8,8,4,16,18,3.19,True
automated_osu018_cookbook_final_gf_mult_by_8d.gml,57,92,8,8,4,9,16,3.23,True
automated_osu018_iscas_final_c1355.gml,697,1614,41,32,5,249,71,4.63,True
automated_osu018_sdr_ctrl_latest_final_sdrc_req_g.gml,983,1949,50,46,2,178,127,3.97,False
automated_osu018_rs_encoder_decoder_latest_final_GF8Mult208.gml,97,176,8,8,5,32,19,3.63,True
automated_osu018_tiny_aes_latest_final_expand_key_type_B_256.gml,4951,10334,257,384,128,932,844,4.17,True
automated_osu018_m32632_latest_final_WR_ALIGNER.gml,497,919,70,36,0,114,11,3.7,True
automated_osu018_cookbook_final_gf_mult_by_8f.gml,48,68,8,8,4,10,9,2.83,True
automated_osu018_iscas_final_c3540.gml,831,1860,50,22,7,212,147,4.48,True
automated_osu018_8051_latest_final_oc8051_ram_top.gml,11116,25835,29,9,1,615,1553,4.65,True
automated_osu018_apbtoaes128_latest_final_host_interfa.gml,599,956,119,63,0,100,54,3.19,True
automated_osu018_apbtoaes128_latest_final_control_unit.gml,254,477,8,34,0,37,39,3.76,True
automated_osu018_rs_encoder_decoder_latest_final_GF8Mult222.gml,54,81,8,8,3,9,10,3.0,True
automated_osu018_cookbook_final_gf_mult_by_80.gml,76,124,8,8,3,13,26,3.26,True
automated_osu018_jt51_latest_final_jt51_timer.gml,148,293,16,2,0,30,26,3.96,True
automated_osu018_cookbook_final_gf_mult_by_94.gml,54,84,8,8,4,6,17,3.11,True
automated_osu018_cookbook_final_crc32_dat88_flat.gml,3380,6880,120,32,244,591,1720,4.07,True
automated_osu018_rs_encoder_decoder_latest_final_GF8Mult236.gml,57,86,8,8,4,11,18,3.02,True
automated_osu018_cookbook_final_gf_mult_by_b4.gml,51,75,8,8,4,5,18,2.94,True
automated_osu018_amber_latest_final_eth_txethma.gml,1296,2698,85,24,15,278,245,4.16,True
automated_osu018_RSA-Verilog-master_final_shift_add_mult2.gml,4210,4208,1025,1025,0,1024,0,2.0,False
automated_osu018_cookbook_final_gf_mult_by_5a.gml,52,77,8,8,4,5,19,2.96,True
automated_osu018_cookbook_final_gf_mult_by_c0.gml,61,99,8,8,4,7,21,3.25,True
automated_osu018_aes_highthroughput_lowarea_latest_final_byte_mix_columns.gml,160,230,32,8,22,24,54,2.88,True
automated_osu018_ecg_latest_final_f3m_mult3.gml,16760,30926,1166,583,0,4704,599,3.69,True
automated_osu018_cookbook_final_gf_mult_by_a8.gml,50,73,8,8,2,5,17,2.92,True
automated_osu018_turbo8051_latest_final_oc8051_uart.gml,570,1189,27,26,0,85,65,4.17,True
automated_osu018_cookbook_final_gf_mult_by_43.gml,45,57,8,8,4,3,14,2.53,True
automated_osu018_cookbook_final_gf_mult_by_57.gml,54,77,8,8,2,6,19,2.85,True
automated_osu018_sha_core_latest_final_sha512.gml,26323,62084,39,37,171,4120,4315,4.72,True
automated_osu018_rs_encoder_decoder_latest_final_GF8Mult4.gml,53,71,8,8,3,6,14,2.68,True
automated_osu018_cookbook_final_gf_mult_by_cf.gml,75,135,8,8,4,20,21,3.6,True
automated_osu018_fpu_latest_final_fcmp.gml,427,772,64,6,8,94,100,3.62,True
automated_osu018_cookbook_final_gearbox_66_40.gml,2313,5758,68,43,1,480,315,4.98,True
automated_osu018_two_dimensional_fast_hartley_transform_latest_final_fht_bfly.gml,243,454,19,18,5,39,37,3.74,True
automated_osu018_aes_highthroughput_lowarea_latest_final_inv_shift_rows.gml,384,256,128,128,0,0,0,1.33,False
automated_osu018_openmsp430_latest_final_omsp_clock_gat.gml,5,4,1,1,0,1,0,1.6,True
automated_osu018_des-master_final_sbox7.gml,153,348,6,4,0,58,35,4.55,True
automated_osu018_aes_highthroughput_lowarea_latest_final_inv_word_mix_columns.gml,1756,3116,32,32,208,288,720,3.55,True
automated_osu018_apbtoaes128_latest_final_mix_columns.gml,580,1061,32,64,27,121,184,3.66,True
automated_osu018_rs_encoder_decoder_latest_final_GF8Mult168.gml,69,117,8,8,1,21,17,3.39,True
automated_osu018_rs_encoder_decoder_latest_final_GF8Mult20.gml,51,75,8,8,6,5,18,2.94,True
automated_osu018_rs_encoder_decoder_latest_final_GF8Mult34.gml,69,108,8,8,3,15,17,3.13,True
automated_osu018_iscas_final_s526.gml,347,616,4,6,0,136,81,3.55,True
automated_osu018_rs_encoder_decoder_latest_final_GF8Mult154.gml,85,150,8,8,5,18,28,3.53,True
automated_osu018_edge_latest_final_controller.gml,300,537,17,35,0,64,73,3.58,False
automated_osu018_turbo8051_latest_final_wb_rd_mem2mem.gml,671,1357,36,47,5,80,102,4.04,True
automated_osu018_rs_encoder_decoder_latest_final_GF8Mult140.gml,49,71,8,8,3,8,14,2.9,True
automated_osu018_jt51_latest_final_jt51.gml,24698,53959,13,109,126,3348,2663,4.37,False
automated_osu018_cookbook_final_fec_rot_32.gml,376,652,32,32,33,64,175,3.47,True
automated_osu018_cookbook_final_fec_rot_26.gml,341,592,32,32,27,73,123,3.47,True
automated_osu018_rs_encoder_decoder_latest_final_GF8Mult197.gml,58,90,8,8,3,6,20,3.1,True
automated_osu018_rs_encoder_decoder_latest_final_GF8Mult183.gml,73,115,8,8,3,17,18,3.15,True
automated_osu018_cookbook_final_reg_word_mux.gml,520,772,133,32,0,96,1,2.97,True
automated_osu018_rs_encoder_decoder_latest_final_Memmory.gml,13693,30306,18,8,2,3969,1666,4.43,True
automated_osu018_m32632_latest_final_ADDSUB.gml,531,880,73,36,19,105,145,3.31,True
automated_osu018_jt51_latest_final_jt51_op.gml,4074,8415,38,14,30,726,569,4.13,True
automated_osu018_tiny_aes_latest_final_expand_key_128.gml,4306,9457,137,256,152,908,860,4.39,True
automated_osu018_edge_latest_final_shifter_decoder.gml,23,26,6,3,0,3,3,2.26,True
automated_osu018_mriscv_final_DAC_interface_APB.gml,236,349,17,45,0,13,18,2.96,False
automated_osu018_present_encryptor_latest_final_substitutio.gml,704,1312,64,64,16,96,160,3.73,False
automated_osu018_tiny_tate_bilinear_pairing_latest_final_v0.gml,518,388,130,194,0,0,0,1.5,False
automated_osu018_cookbook_final_rot_word.gml,96,64,32,32,0,0,0,1.33,False
automated_osu018_reed_solomon_codec_generator_latest_final_RsDecodeDpRam.gml,17519,39651,30,9,0,508,3711,4.53,True
automated_osu018_gcm-aes_latest_final_gcm_aes_v0.gml,33530,77658,267,136,537,8703,7930,4.63,True
automated_osu018_mem_ctrl_latest_final_mc_obct_dummy.gml,6,3,0,3,0,0,0,1.0,False
automated_osu018_cookbook_final_reference_arbiter.gml,475,1070,20,16,0,203,24,4.51,True
automated_osu018_m32632_latest_final_OPDEC_REG.gml,981,2076,50,68,1,227,48,4.23,True
automated_osu018_tiny_tate_bilinear_pairing_latest_final_v1.gml,482,338,94,194,0,0,0,1.4,False
automated_osu018_jt51_latest_final_jt51_lfo.gml,3125,6773,28,15,36,458,392,4.33,True
automated_osu018_des_latest_final_des3.gml,4000,9002,240,64,49,1376,518,4.5,True
automated_osu018_cookbook_final_crc32c_dat64_flat.gml,2164,4256,96,32,154,420,1191,3.93,True
automated_osu018_aes-master_final_aes_sbox.gml,2772,6939,32,32,0,674,576,5.01,False
automated_osu018_rs_encoder_decoder_latest_final_RS8Controller.gml,402,797,6,33,3,78,94,3.97,True
automated_osu018_pairing_latest_final_f3m_add3.gml,3298,5820,582,194,0,194,582,3.53,False
automated_osu018_altor32_latest_final_altor32_alu.gml,1953,4178,69,40,6,349,349,4.28,True
automated_osu018_rs_encoder_decoder_latest_final_GF8Mult182.gml,64,103,8,8,5,10,22,3.22,True
automated_osu018_cookbook_final_parallax_gps.gml,2122,4105,3,199,0,166,207,3.87,True
automated_osu018_cookbook_final_crc32_dat24_flat.gml,815,1478,56,32,80,100,496,3.63,True
automated_osu018_rs_encoder_decoder_latest_final_GF8Mult196.gml,49,71,8,8,3,5,16,2.9,True
automated_osu018_two_dimensional_fast_hartley_transform_latest_final_fht_8x8_cor.gml,4170,9066,3,15,92,782,655,4.35,True
automated_osu018_cookbook_final_fec_rot_27.gml,402,726,32,32,29,98,138,3.61,True
automated_osu018_xge_mac_latest_final_stats.gml,4507,9674,40,128,27,872,388,4.29,True
automated_osu018_rs_encoder_decoder_latest_final_GF8Mult141.gml,49,71,8,8,2,8,14,2.9,True
automated_osu018_sha1-master_final_sha1.gml,12443,28527,44,33,85,1777,1272,4.59,True
automated_osu018_sdr_ctrl_latest_final_sdrc_cor.gml,4519,9456,147,78,14,726,478,4.18,True
automated_osu018_amber_latest_final_eth_txstatem.gml,290,489,51,20,3,46,45,3.37,True
automated_osu018_rs_encoder_decoder_latest_final_GF8Mult155.gml,102,193,8,8,6,23,29,3.78,True
automated_osu018_ft816float_latest_final_cntlo32.gml,178,269,32,6,0,21,27,3.02,True
automated_osu018_rs_encoder_decoder_latest_final_GF8Mult35.gml,53,81,8,8,2,10,12,3.06,True
automated_osu018_rs_encoder_decoder_latest_final_GF8Mult21.gml,51,75,8,8,6,8,16,2.94,True
automated_osu018_rs_encoder_decoder_latest_final_GF8Mult169.gml,92,170,8,8,7,28,27,3.7,True
automated_osu018_openmsp430_latest_final_ram_sp.gml,11526,26077,27,16,0,2654,258,4.52,True
automated_osu018_altor32_latest_final_cpu_if.gml,12565,27977,106,265,10,1745,1845,4.45,False
automated_osu018_Aquarius_latest_final_sasc_brg.gml,175,337,18,2,0,39,37,3.85,True
automated_osu018_cookbook_final_big_sigma_0_512.gml,693,1205,64,64,0,130,254,3.48,True
automated_osu018_cookbook_final_uart_tx.gml,188,390,11,2,1,22,37,4.15,True
automated_osu018_altor32_latest_final_altor32_lit.gml,11659,26819,39,76,19,1625,1652,4.6,False
automated_osu018_ecg_latest_final_f3_su.gml,20,32,4,2,0,1,3,3.2,True
automated_osu018_des-master_final_sbox6.gml,145,331,6,4,0,53,38,4.57,True
automated_osu018_tiny_tate_bilinear_pairing_latest_final_muxer.gml,1447,1644,397,198,0,198,0,2.27,True
automated_osu018_reed_solomon_decoder_latest_final_GF_matrix_d.gml,638,1571,10,8,2,69,59,4.92,True
automated_osu018_rs_encoder_decoder_latest_final_RS8ErrLocPoly8t.gml,15532,31531,20,218,249,3462,2089,4.06,True
automated_osu018_gost28147-89_latest_final_gost89_cfb_decrypt.gml,4699,8356,835,65,50,766,634,3.56,True
automated_osu018_cpu8080_latest_final_alu.gml,455,1024,20,13,1,129,72,4.5,True
automated_osu018_rs_decoder_31_19_6_latest_final_register5_wl.gml,27,30,7,5,0,5,0,2.22,True
automated_osu018_hamming_latest_final_ham_7_4_.gml,78,133,7,8,1,8,21,3.41,True
automated_osu018_gost28147-89_latest_final_gost89_sbox.gml,211,322,68,4,0,40,35,3.05,True
automated_osu018_jt51_latest_final_jt51_exptabl.gml,536,1288,8,13,0,155,109,4.81,False
automated_osu018_cookbook_final_gf_mult_by_56.gml,57,83,8,8,4,10,13,2.91,True
automated_osu018_rs_encoder_decoder_latest_final_GF8Mult5.gml,56,82,8,8,4,9,16,2.93,True
automated_osu018_xge_mac_latest_final_rx_dequeu.gml,554,911,75,74,0,4,7,3.29,True
automated_osu018_m1_core_latest_final_ps2_translation_tabl.gml,493,1114,24,18,0,68,51,4.52,True
automated_osu018_cookbook_final_gf_mult_by_a9.gml,73,119,8,8,3,13,20,3.26,True
automated_osu018_cookbook_final_gf_mult_by_42.gml,54,76,8,8,3,6,18,2.81,True
automated_osu018_ft816float_latest_final_f2i.gml,1052,2276,34,33,3,299,131,4.33,True
automated_osu018_aes_decrypt_fpga_latest_final_MUXF7.gml,8,8,3,1,0,1,0,2.0,True
automated_osu018_cookbook_final_gf_mult_by_c1.gml,50,72,8,8,6,5,15,2.88,True
automated_osu018_ecg_latest_final_f3m_mult.gml,11201,21841,390,195,0,2340,821,3.9,True
automated_osu018_cookbook_final_gf_mult_by_b5.gml,93,174,8,8,3,23,27,3.74,True
automated_osu018_cookbook_final_gf_mult_by_4d.gml,51,75,8,8,2,8,16,2.94,True
automated_osu018_cookbook_final_gf_mult_by_95.gml,80,134,8,8,4,22,17,3.35,True
automated_osu018_rs_encoder_decoder_latest_final_GF8Mult237.gml,61,101,8,8,2,6,20,3.31,True
automated_osu018_rs_encoder_decoder_latest_final_GF8Mult223.gml,55,83,8,8,4,13,13,3.02,True
automated_osu018_Lightweight-Threshold-Implementations-master_final_key_schedule_1.gml,644,1348,18,10,1,91,18,4.19,True
automated_osu018_altor32_latest_final_altor32_wb_fet.gml,539,754,70,103,1,16,43,2.8,False
automated_osu018_cookbook_final_unstable_counters.gml,224,248,0,8,16,88,56,2.21,False
automated_osu018_cookbook_final_gf_mult_by_81.gml,95,176,8,8,2,28,20,3.71,True
automated_osu018_turbo8051_latest_final_g_rx_top.gml,1960,4387,46,39,14,395,391,4.48,True
automated_osu018_cookbook_final_gf_mult_by_85.gml,81,145,8,8,3,18,23,3.58,True
automated_osu018_ecg_latest_final_f3m_cubi.gml,1638,2852,194,194,0,88,264,3.48,False
automated_osu018_rs_encoder_decoder_latest_final_GF8Mult227.gml,76,128,8,8,4,15,18,3.37,True
automated_osu018_rs_encoder_decoder_latest_final_GF8Mult233.gml,79,139,8,8,3,28,13,3.52,True
automated_osu018_a-z80_latest_final_inc_d.gml,174,267,19,16,14,50,26,3.07,True
automated_osu018_cookbook_final_chain_delay_ra.gml,197,355,10,3,0,43,60,3.6,True
automated_osu018_cookbook_final_gf_mult_by_91.gml,125,261,8,8,2,41,16,4.18,True
automated_osu018_iscas_final_s641.gml,557,700,36,24,0,116,17,2.51,False
automated_osu018_AES-T100_final_xS.gml,690,1759,9,8,0,165,178,5.1,True
automated_osu018_a-z80_latest_final_alu_select.gml,51,34,17,17,0,0,6,1.33,False
automated_osu018_aes-128_pipelined_encryption_latest_final_Round.gml,15259,36391,260,129,138,3845,3244,4.77,True
automated_osu018_a-z80_latest_final_alu_control.gml,113,131,28,18,1,10,9,2.32,False
automated_osu018_signed_integer_divider_latest_final_operator_A.gml,8,8,2,2,1,1,1,2.0,True
automated_osu018_mesi_isc_final_mesi_isc_breq_fifos_cntl.gml,737,1065,187,100,2,118,35,2.89,False
automated_osu018_cookbook_final_gf_mult_by_46.gml,43,53,8,8,6,3,12,2.47,True
automated_osu018_iscas_final_NR4.gml,9,8,4,1,0,1,2,1.78,True
automated_osu018_rs_encoder_decoder_latest_final_GF8Mult1.gml,32,27,8,8,3,0,3,1.69,False
automated_osu018_cookbook_final_gf_mult_by_52.gml,52,77,8,8,5,5,19,2.96,True
automated_osu018_sha_core_latest_final_sha1.gml,8784,20948,38,36,75,1115,1093,4.77,True
automated_osu018_m32632_latest_final_DRAM_SM.gml,1116,2033,96,48,9,175,145,3.64,False
automated_osu018_cookbook_final_gf_mult_by_b1.gml,113,216,8,8,6,32,34,3.82,True
automated_osu018_cookbook_final_scrambler.gml,9064,20288,515,512,62,2399,567,4.48,True
automated_osu018_cookbook_final_gf_mult_by_c5.gml,66,105,8,8,8,17,16,3.18,True
automated_osu018_turbo8051_latest_final_g_mac_top.gml,11145,24206,79,164,65,2126,1538,4.34,False
automated_osu018_rs_encoder_decoder_latest_final_GF8GenMultModA.gml,73,130,16,1,0,17,7,3.56,True
automated_osu018_m1_core_latest_final_BUFG.gml,3,2,1,1,0,0,0,1.33,True
automated_osu018_jt51_latest_final_jt51_sh2.gml,642,1284,8,5,0,160,0,4.0,True
automated_osu018_cookbook_final_gf_mult_by_5d.gml,108,213,8,8,1,36,16,3.94,True
automated_osu018_a-z80_latest_final_clk_delay.gml,42,52,9,7,0,2,4,2.48,True
automated_osu018_turbo8051_latest_final_clkg.gml,159,330,4,5,0,22,26,4.15,True
automated_osu018_turbo8051_latest_final_g_deferral_rx.gml,84,169,11,1,0,14,14,4.02,True
automated_osu018_turbo8051_latest_final_spi_if.gml,132,222,19,14,0,23,0,3.36,False
automated_osu018_openmsp430_latest_final_ogfx_gpu_dma_addr.gml,1184,2604,51,21,2,324,161,4.4,True
automated_osu018_des-master_final_key_sel3.gml,2326,5257,175,48,0,801,134,4.52,True
automated_osu018_reed_solomon_decoder_latest_final_GF_mult_add_syndromes.gml,1907,4472,22,9,17,329,419,4.69,True
automated_osu018_pairing_latest_final_tate_pairing.gml,12,14,3,2,2,2,3,2.33,True
automated_osu018_minirisc_latest_final_xilinx_mux2_11.gml,22,11,0,11,0,0,0,1.0,False
automated_osu018_des-master_final_sbox2.gml,147,342,6,4,0,54,32,4.65,True
automated_osu018_rs_encoder_decoder_latest_final_GF8Mult19.gml,74,125,8,8,2,21,20,3.38,True
automated_osu018_rs_encoder_decoder_latest_final_GF8Mult151.gml,78,138,8,8,3,18,20,3.54,True
automated_osu018_amber_latest_final_a23_coprocessor.gml,1083,1976,81,66,0,54,195,3.65,True
automated_osu018_iscas_final_c432.gml,196,354,36,7,0,28,19,3.61,True
automated_osu018_mriscv_final_flipsdataw.gml,16,19,5,2,0,0,2,2.38,True
automated_osu018_openmsp430_latest_final_ogfx_ram_arbiter.gml,754,895,193,145,0,162,12,2.37,False
automated_osu018_gcm-aes_latest_final_gfm128_16.gml,6503,11748,272,256,136,2361,2142,3.61,True
automated_osu018_rs_encoder_decoder_latest_final_GF8Mult145.gml,56,84,8,8,2,10,18,3.0,True
automated_osu018_sdr_ctrl_latest_final_async_fifo.gml,323,708,14,12,2,32,43,4.38,True
automated_osu018_rs_encoder_decoder_latest_final_GF8Mult25.gml,48,68,8,8,5,10,9,2.83,True
automated_osu018_turbo8051_latest_final_wb_interfa.gml,1768,3763,103,101,0,195,162,4.26,False
automated_osu018_rs_encoder_decoder_latest_final_GF8Mult179.gml,71,120,8,8,4,22,17,3.38,True
automated_osu018_rs_encoder_decoder_latest_final_GF8Mult31.gml,63,99,8,8,0,17,13,3.14,True
automated_osu018_dpll-isdn_latest_final_dpll.gml,302,632,2,5,2,57,76,4.19,True
automated_osu018_rs_encoder_decoder_latest_final_GF8Mult192.gml,62,92,8,8,7,9,20,2.97,True
automated_osu018_ft816float_latest_final_fpCompar.gml,517,903,64,5,9,102,150,3.49,False
automated_osu018_8051_latest_final_oc8051_multiply.gml,335,738,19,17,4,69,44,4.41,True
automated_osu018_xge_mac_latest_final_tx_enqueu.gml,242,183,74,75,0,9,0,1.51,False
automated_osu018_rs_encoder_decoder_latest_final_GF8Mult186.gml,58,88,8,8,4,10,20,3.03,True
automated_osu018_xge_mac_latest_final_tx_stats_fifo.gml,1647,3610,19,15,8,273,93,4.38,True
automated_osu018_cookbook_final_twenty_to_eight.gml,16312,34234,1324,530,0,1446,2221,4.2,True
automated_osu018_SHA_final_CSA.gml,511,764,96,64,0,126,66,2.99,False
automated_osu018_cookbook_final_scale_up.gml,227,459,16,20,0,73,11,4.04,True
automated_osu018_cookbook_final_fec_rot_23.gml,264,416,32,32,17,34,92,3.15,True
automated_osu018_edge_latest_final_id_ex_pipereg.gml,1890,2757,293,290,0,0,292,2.92,True
automated_osu018_AES-T100_final_TSC.gml,326,387,10,64,8,17,19,2.37,True
automated_osu018_openmsp430_latest_final_DE0_NANO_SOC_QSYS_nios2_qsys_test_.gml,102,57,12,45,0,0,2,1.12,False
automated_osu018_m1_core_latest_final_m1_cor.gml,20222,47087,35,71,78,2982,2167,4.66,True
automated_osu018_cookbook_final_tern_nod.gml,205,377,25,10,7,47,33,3.68,True
automated_osu018_present_encryptor_latest_final_key_updat.gml,353,315,85,80,6,6,15,1.78,False
automated_osu018_m1_core_latest_final_m1_mmu.gml,569,725,112,137,0,43,29,2.55,False
automated_osu018_mips_16_latest_final_IF_stag.gml,230,448,10,24,2,44,37,3.9,False
automated_osu018_cookbook_final_passwd_to_bi.gml,184,120,56,64,0,0,0,1.3,False
automated_osu018_Lightweight-Threshold-Implementations-master_final_TI_Simon_TopModul.gml,9051,18866,772,131,2,903,268,4.17,True
automated_osu018_edge_latest_final_mult_unit.gml,12557,31547,64,64,111,4657,1504,5.02,True
automated_osu018_chacha-master_final_chacha_cor.gml,19814,41171,905,514,407,2983,4221,4.16,True
automated_osu018_8051_latest_final_oc8051_comp.gml,43,47,20,1,0,7,12,2.19,True
automated_osu018_cookbook_final_ecc_encode_2bit.gml,20,19,2,6,1,0,1,1.9,True
automated_osu018_simon_core_latest_final_simon_key_expansion_shiftreg.gml,678,1432,10,2,1,164,40,4.22,True
automated_osu018_cookbook_final_ecc_raw_data_8bit.gml,24,16,8,8,0,0,0,1.33,False
automated_osu018_amber_latest_final_eth_rxcounters.gml,473,921,30,32,4,88,121,3.89,True
automated_osu018_m32632_latest_final_NEU_VALID.gml,4806,10124,36,24,0,728,387,4.21,True
automated_osu018_openmsp430_latest_final_omsp_clock_modul.gml,211,363,23,21,0,20,43,3.44,True
automated_osu018_sdr_ctrl_latest_final_wb2sdr.gml,3821,7891,104,106,11,507,305,4.13,True
automated_osu018_fpu_latest_final_fpu.gml,31236,73015,70,40,273,9408,5430,4.68,True
automated_osu018_8051_latest_final_oc8051_wb_iinterfa.gml,233,251,52,51,0,0,0,2.15,False
automated_osu018_cookbook_final_fec_rot_22.gml,319,533,32,32,29,61,106,3.34,True
automated_osu018_iscas_final_FD1.gml,5,4,2,1,0,0,0,1.6,True
automated_osu018_cookbook_final_bitsca.gml,95,119,16,16,0,15,20,2.51,True
automated_osu018_tiny_aes_latest_final_one_round.gml,24348,61595,257,128,256,5984,6096,5.06,True
automated_osu018_ft816float_latest_final_fp_cmp_unit.gml,534,931,64,6,16,113,146,3.49,False
automated_osu018_rs_encoder_decoder_latest_final_GF8Mult187.gml,86,146,8,8,3,14,30,3.4,True
automated_osu018_rs_encoder_decoder_latest_final_GF8Mult193.gml,59,96,8,8,3,13,15,3.25,True
automated_osu018_ft816float_latest_final_IntToFloat.gml,978,1942,36,32,4,220,140,3.97,True
automated_osu018_ft816float_latest_final_fpRoundReg.gml,1904,3679,136,128,14,427,263,3.86,True
automated_osu018_rs_encoder_decoder_latest_final_GF8Mult30.gml,49,71,8,8,5,6,14,2.9,True
automated_osu018_rs_encoder_decoder_latest_final_GF8Mult178.gml,64,108,8,8,2,17,17,3.38,True
automated_osu018_rs_encoder_decoder_latest_final_GF8Mult24.gml,48,68,8,8,4,10,9,2.83,True
automated_osu018_iscas_final_AN4.gml,9,8,4,1,0,2,1,1.78,True
automated_osu018_rs_encoder_decoder_latest_final_GF8Mult144.gml,54,80,8,8,2,9,17,2.96,True
automated_osu018_rs_encoder_decoder_latest_final_GF8Mult150.gml,73,125,8,8,3,22,20,3.42,True
automated_osu018_rs_encoder_decoder_latest_final_GF8Mult18.gml,66,111,8,8,5,15,18,3.36,True
automated_osu018_Lightweight-Threshold-Implementations-master_final_simon_datapath_shiftreg.gml,587,1190,6,7,0,150,12,4.05,True
automated_osu018_mem_ctrl_latest_final_mc_obct_top.gml,791,1774,29,3,4,113,106,4.49,True
automated_osu018_cookbook_final_fixed_to_float.gml,548,1092,9,32,0,226,29,3.99,False
automated_osu018_des-master_final_sbox3.gml,142,321,6,4,0,51,37,4.52,True
automated_osu018_signed_integer_divider_latest_final_adder_32bit.gml,519,761,65,33,64,243,64,2.93,True
automated_osu018_cavlc_latest_final_cavlc_read_total_coeffs.gml,851,1895,27,19,0,113,117,4.45,True
automated_osu018_a-z80_latest_final_execut.gml,3953,8363,109,111,0,985,906,4.23,True
automated_osu018_systemcaes_latest_final_sbox.gml,548,1310,11,8,24,176,115,4.78,True
automated_osu018_openmsp430_latest_final_omsp_timerA.gml,1699,3943,47,24,2,303,275,4.64,True
automated_osu018_reed_solomon_decoder_latest_final_DP_RAM.gml,9256,20486,27,8,0,1923,563,4.43,True
automated_osu018_cookbook_final_gf_mult_by_c4.gml,76,134,8,8,3,16,16,3.53,True
automated_osu018_openmsp430_latest_final_driver_7segment.gml,387,742,35,28,6,34,44,3.83,True
automated_osu018_cookbook_final_gf_mult_by_4a.gml,74,127,8,8,1,20,16,3.43,True
automated_osu018_cookbook_final_gf_mult_by_b0.gml,107,196,8,8,6,33,21,3.66,True
automated_osu018_rs_encoder_decoder_latest_final_GF8Mult0.gml,24,16,8,8,0,0,0,1.33,False
automated_osu018_gost28147-89_latest_final_gost89_ecb_decrypt.gml,3595,5943,835,65,50,591,565,3.31,True
automated_osu018_cookbook_final_big_sigma_1_512.gml,692,1204,64,64,0,136,248,3.48,True
automated_osu018_cookbook_final_gf_mult_by_53.gml,84,149,8,8,5,17,22,3.55,True
automated_osu018_cookbook_final_gf_mult_by_47.gml,42,50,8,8,2,6,4,2.38,False
automated_osu018_cookbook_final_gf_mult_by_bf.gml,101,188,8,8,7,25,21,3.72,True
automated_osu018_aes_highthroughput_lowarea_latest_final_xtimes.gml,32,27,8,8,3,0,3,1.69,False
automated_osu018_apbtoaes128_latest_final_sBox.gml,1866,4180,34,64,56,676,344,4.48,True
automated_osu018_pairing_latest_final_f33m_add.gml,5820,9312,1164,582,0,291,873,3.2,False
automated_osu018_cookbook_final_gf_mult_by_9f.gml,47,66,8,8,5,5,13,2.81,True
automated_osu018_mriscv_final_ADC_interface_AXI.gml,146,175,17,37,0,11,12,2.4,False
automated_osu018_ecg_latest_final_f3m_ni.gml,3254,6421,195,194,0,352,352,3.95,True
automated_osu018_pairing_latest_final_f32m_add.gml,3880,6208,776,388,0,194,582,3.2,False
automated_osu018_rs_encoder_decoder_latest_final_GF8Mult232.gml,65,109,8,8,6,10,21,3.35,True
automated_osu018_cookbook_final_gf_mult_by_90.gml,104,190,8,8,4,27,30,3.65,True
automated_osu018_pairing_latest_final_f32m_mux6.gml,5022,6956,2334,388,0,388,0,2.77,True
automated_osu018_cookbook_final_gf_mult_by_84.gml,49,71,8,8,4,8,14,2.9,True
automated_osu018_Aquarius_latest_final_decod.gml,2599,5733,41,136,0,505,334,4.41,True
automated_osu018_rs_encoder_decoder_latest_final_GF8Mult226.gml,70,120,8,8,1,25,13,3.43,True
automated_osu018_iscas_final_c2670.gml,764,1226,157,64,9,150,85,3.21,False
automated_osu018_cookbook_final_gf_mult_by_92.gml,90,155,8,8,4,19,26,3.44,True
automated_osu018_cookbook_final_twenty_to_fiv.gml,10243,20826,1324,332,0,991,4,4.07,True
automated_osu018_rs_encoder_decoder_latest_final_GF8Mult230.gml,64,104,8,8,2,12,18,3.25,True
automated_osu018_a-z80_latest_final_control_pins_.gml,49,35,14,14,0,0,2,1.43,False
automated_osu018_rs_encoder_decoder_latest_final_GF8Mult224.gml,56,84,8,8,4,11,13,3.0,True
automated_osu018_tiny_tate_bilinear_pairing_latest_final_select.gml,47,52,14,7,0,7,0,2.21,True
automated_osu018_cookbook_final_gf_mult_by_86.gml,45,57,8,8,4,3,14,2.53,True
automated_osu018_apbtoaes128_latest_final_datapat.gml,10792,24870,91,97,205,2378,1521,4.61,False
automated_osu018_openmsp430_latest_final_spartan6_dmem.gml,32,16,0,16,0,0,0,1.0,False
automated_osu018_m32632_latest_final_SFPU_MUL.gml,416,649,69,37,2,76,58,3.12,True
automated_osu018_cookbook_final_gf_mult_by_9d.gml,69,118,8,8,0,24,10,3.42,True
automated_osu018_signed_integer_divider_latest_final_operator_B.gml,12,11,4,2,0,3,0,1.83,True
automated_osu018_minirisc_latest_final_xilinx_cmp8_eq.gml,2,1,0,1,0,0,0,1.0,True
automated_osu018_rs_encoder_decoder_latest_final_GF8Mult218.gml,65,100,8,8,2,13,16,3.08,True
automated_osu018_orsoc_graphics_accelerator_final_gfx_wbm_writ.gml,233,159,71,78,0,0,0,1.36,False
automated_osu018_cookbook_final_gf_mult_by_51.gml,65,105,8,8,4,8,21,3.23,True
automated_osu018_rs_encoder_decoder_latest_final_GF8Mult2.gml,42,50,8,8,2,6,4,2.38,False
automated_osu018_amber_latest_final_eth_fifo.gml,1900,4083,37,40,0,246,184,4.3,True
automated_osu018_cookbook_final_gf_mult_by_bd.gml,90,165,8,8,3,19,18,3.67,True
automated_osu018_cookbook_final_gf_mult_by_45.gml,44,56,8,8,5,3,14,2.55,True
automated_osu018_jt51_latest_final_jt51_sh1.gml,135,261,4,1,0,32,0,3.87,True
automated_osu018_RSA-Verilog-master_final_shift_add_mult4.gml,128,256,8,8,0,41,18,4.0,True
automated_osu018_cookbook_final_gf_mult_by_c6.gml,127,248,8,8,8,41,21,3.91,True
automated_osu018_rs_encoder_decoder_latest_final_GF8GenMultModB.gml,54,82,8,7,4,10,18,3.04,True
automated_osu018_cookbook_final_gf_mult_by_b2.gml,72,124,8,8,4,17,19,3.44,True
automated_osu018_cookbook_final_gf_mult_by_79.gml,106,198,8,8,2,34,25,3.74,True
automated_osu018_AES-T1000_final_expand_key_128.gml,4306,9457,137,256,152,908,860,4.39,True
automated_osu018_cookbook_final_reset_filter.gml,8,11,3,1,0,0,0,2.75,True
automated_osu018_minirisc_latest_final_sfifo4x11.gml,233,461,14,11,0,44,0,3.96,True
automated_osu018_AES-T200_final_S4.gml,2834,7193,33,32,0,676,620,5.08,True
automated_osu018_cookbook_final_ecc_raw_data_64bit.gml,192,128,64,64,0,0,0,1.33,False
automated_osu018_pairing_latest_final_f32m_cubi.gml,4077,7244,389,388,0,352,352,3.55,True
automated_osu018_aes-master_final_aes_encipher_block.gml,4358,9239,292,165,79,819,1138,4.24,True
automated_osu018_amber_latest_final_wb_ddr3_bridg.gml,1292,1744,198,213,0,83,9,2.7,False
automated_osu018_crcahb_latest_final_crc_datapat.gml,5070,9518,54,106,8,1252,767,3.75,True
automated_osu018_mriscvcore_final_true_dpram_sclk.gml,7806,18017,44,64,0,847,121,4.62,True
automated_osu018_Aquarius_latest_final_uart.gml,1001,2048,33,34,0,147,123,4.09,False
automated_osu018_des-master_final_sbox1.gml,145,338,6,4,0,51,31,4.66,True
automated_osu018_sha256-master_final_sha256_k_constants.gml,674,1541,6,32,0,219,133,4.57,True
automated_osu018_AES-T1000_final_TSC.gml,398,518,31,64,10,25,13,2.6,True
automated_osu018_8bit_vedic_multiplier_latest_final_ripple_adder_4bit.gml,39,50,9,5,8,8,12,2.56,True
automated_osu018_rs_encoder_decoder_latest_final_GF8Mult146.gml,64,100,8,8,3,10,20,3.12,True
automated_osu018_fixed_point_arithmetic_parameterized_latest_final_qdi.gml,1097,2199,66,33,12,154,210,4.01,True
automated_osu018_crcahb_latest_final_host_interfa.gml,537,658,151,78,0,125,9,2.45,False
automated_osu018_m32632_latest_final_DEBUG_AE.gml,242,326,98,1,10,27,50,2.69,True
automated_osu018_rs_encoder_decoder_latest_final_GF8Mult152.gml,96,178,8,8,4,31,14,3.71,True
automated_osu018_rs_encoder_decoder_latest_final_GF8Mult32.gml,82,150,8,8,3,22,13,3.66,True
automated_osu018_mesi_isc_final_mesi_isc_basic_fifo.gml,1156,2579,36,34,3,301,44,4.46,True
automated_osu018_cookbook_final_reg_cam_cell.gml,491,878,100,1,0,35,138,3.58,True
automated_osu018_jt51_latest_final_jt51_nois.gml,1126,2560,19,11,3,226,78,4.55,True
automated_osu018_a-z80_latest_final_alu_mux_3z.gml,36,43,11,5,0,9,1,2.39,True
automated_osu018_m32632_latest_final_PROG_COUNTER.gml,1622,3039,78,99,15,306,192,3.75,True
automated_osu018_rs_encoder_decoder_latest_final_GF8Mult26.gml,44,55,8,8,4,3,13,2.5,True
automated_osu018_rs_encoder_decoder_latest_final_GF8Mult185.gml,76,124,8,8,4,17,20,3.26,True
automated_osu018_ft816float_latest_final_isqrt.gml,1855,3922,36,65,8,183,300,4.23,True
automated_osu018_8bit_vedic_multiplier_latest_final_ripple_adder_8bit.gml,75,98,17,9,16,16,24,2.61,True
automated_osu018_rs_encoder_decoder_latest_final_GF8Mult191.gml,45,58,8,8,3,3,15,2.58,True
automated_osu018_m32632_latest_final_ILL_UNDEF.gml,223,432,31,2,0,63,52,3.87,True
automated_osu018_cookbook_final_fec_rot_20.gml,340,580,32,32,17,68,101,3.41,True
automated_osu018_altor32_latest_final_altor32_dfu.gml,840,1477,155,66,8,54,48,3.52,True
automated_osu018_SHA_final_SHA256.gml,12897,29098,21,41,104,2377,2414,4.51,True
automated_osu018_epfl_final_i2.gml,1349,2400,147,142,1,241,170,3.56,False
automated_osu018_cookbook_final_ab_register.gml,11405,23470,643,512,153,3087,1606,4.12,True
automated_osu018_RSA-Verilog-master_final_mon_prod.gml,17769,38158,525,531,147,3700,2371,4.29,True
automated_osu018_openmsp430_latest_final_DE0_NANO_SOC_QSYS_jtag_uart_scfifo_r.gml,32,16,0,16,0,0,0,1.0,False
automated_osu018_orsoc_graphics_accelerator_final_gfx_fragment_processor.gml,7304,16863,273,125,83,2379,1097,4.62,False
automated_osu018_pairing_latest_final_f3m_add4.gml,4656,8536,776,194,0,291,873,3.67,False
automated_osu018_cookbook_final_passwd_crypt.gml,22183,55543,74,97,896,5401,6313,5.01,False
automated_osu018_mriscv_final_macstate2.gml,80,141,8,5,0,15,14,3.52,True
automated_osu018_Lightweight-Threshold-Implementations-master_final_sasebo_simo.gml,7102,14671,772,131,1,585,69,4.13,True
automated_osu018_openmsp430_latest_final_ogfx_reg.gml,7952,17422,79,245,17,1413,1177,4.38,True
automated_osu018_jt51_latest_final_sh_encod.gml,197,408,18,2,0,52,31,4.14,True
automated_osu018_cookbook_final_word_align_control.gml,99,219,4,2,0,15,13,4.42,True
automated_osu018_Aquarius_latest_final_sasc_top.gml,606,1291,16,12,0,131,40,4.26,True
automated_osu018_cookbook_final_eight_to_o.gml,29,36,11,1,0,4,0,2.48,True
automated_osu018_ecg_latest_final_f3_add1.gml,9,9,2,2,0,0,2,2.0,True
automated_osu018_pairing_latest_final_f3_su.gml,20,32,4,2,0,1,3,3.2,True
automated_osu018_iscas_final_TopLevel74283.gml,45,64,9,5,0,7,11,2.84,True
automated_osu018_rs_5_3_gf256_latest_final_SYN2ERR.gml,1215,2748,16,3,9,456,238,4.52,True
automated_osu018_minirisc_latest_final_mux8_8.gml,214,290,67,8,0,23,17,2.71,True
automated_osu018_a-z80_latest_final_sequencer.gml,74,124,7,12,0,7,3,3.35,True
automated_osu018_verilog_fixed_point_math_library_latest_final_qdi.gml,1925,3916,66,34,20,329,322,4.07,True
automated_osu018_two_dimensional_fast_hartley_transform_latest_final_signed_mult_const_fpga.gml,420,1004,11,9,6,151,62,4.78,True
automated_osu018_rs_5_3_gf256_latest_final_MULT_BY_ALPHA51.gml,47,67,8,8,6,5,14,2.85,True
automated_osu018_AES-T100_final_final_round.gml,11713,29280,257,128,128,2704,2608,5.0,True
automated_osu018_turbo8051_latest_final_async_fifo.gml,342,727,14,18,4,42,49,4.25,True
automated_osu018_xge_mac_latest_final_stats_sm.gml,1358,2631,36,128,14,370,180,3.87,True
automated_osu018_rs_decoder_31_19_6_latest_final_degree6_cell.gml,62,100,8,5,2,16,9,3.23,True
automated_osu018_cookbook_final_fec_rot_21.gml,212,294,32,32,17,18,76,2.77,True
automated_osu018_BLAKE_final_BLAKE_CORE.gml,23475,54908,101,257,452,5087,4502,4.68,True
automated_osu018_rs_encoder_decoder_latest_final_GF8Mult190.gml,54,77,8,8,4,6,19,2.85,True
automated_osu018_rs_encoder_decoder_latest_final_GF8Mult184.gml,69,107,8,8,2,16,18,3.1,True
automated_osu018_rs_encoder_decoder_latest_final_GF8Mult27.gml,54,76,8,8,4,6,18,2.81,True
automated_osu018_openmsp430_latest_final_spartan6_pmem.gml,32,16,0,16,0,0,0,1.0,False
automated_osu018_rs_encoder_decoder_latest_final_GF8Mult33.gml,73,130,8,8,0,18,19,3.56,True
automated_osu018_amber_latest_final_eth_rxethma.gml,1326,2591,143,38,16,274,253,3.91,True
automated_osu018_rs_encoder_decoder_latest_final_GF8Mult153.gml,96,186,8,8,2,27,10,3.88,True
automated_osu018_rs_encoder_decoder_latest_final_GF8Mult147.gml,68,106,8,8,4,11,23,3.12,True
automated_osu018_cookbook_final_rgb_to_hu.gml,3325,7547,25,8,13,737,733,4.54,True
automated_osu018_cookbook_final_error_loc_poly_round.gml,25674,57250,393,260,808,8988,5570,4.46,False
automated_osu018_jt51_latest_final_jt51_lin2exp.gml,166,357,16,13,0,40,24,4.3,True
automated_osu018_mesi_isc_final_mesi_isc_broad_cntl.gml,130,243,11,13,0,36,15,3.74,True
automated_osu018_aes_highthroughput_lowarea_latest_final_sbox.gml,506,1116,12,16,20,139,123,4.41,True
automated_osu018_mips_16_latest_final_register_fil.gml,702,1619,28,32,0,26,39,4.61,True
automated_osu018_cookbook_final_crc32_dat32_flat.gml,1660,3301,64,32,131,374,790,3.98,True
automated_osu018_openmsp430_latest_final_omsp_register_fil.gml,2306,5391,96,57,1,396,268,4.68,True
automated_osu018_tiny_tate_bilinear_pairing_latest_final_f3m_add.gml,1940,3104,388,194,0,97,291,3.2,False
automated_osu018_ecg_latest_final_f3m_mux6.gml,2412,3376,1170,194,0,194,0,2.8,True
automated_osu018_orsoc_graphics_accelerator_final_div_uu.gml,3525,7486,26,18,49,718,635,4.25,True
automated_osu018_tiny_aes_latest_final_expand_key_type_A_192.gml,4635,9850,201,320,152,908,860,4.25,True
automated_osu018_turbo8051_latest_final_s2f_sy.gml,10,14,3,1,0,0,1,2.8,True
automated_osu018_cpu8080_latest_final_chrrom.gml,1335,3193,11,8,0,325,286,4.78,False
automated_osu018_cookbook_final_gf_mult_by_b3.gml,76,125,8,8,4,14,25,3.29,True
automated_osu018_cookbook_final_gf_mult_by_78.gml,115,221,8,8,5,34,27,3.84,True
automated_osu018_pairing_latest_final_f3_sub1.gml,9,9,2,2,0,0,2,2.0,True
automated_osu018_cookbook_final_gf_mult_by_5f.gml,79,134,8,8,7,14,28,3.39,True
automated_osu018_cookbook_final_gf_mult_by_c7.gml,86,153,8,8,4,13,28,3.56,True
automated_osu018_cookbook_final_little_sigma_1_512.gml,641,1105,64,64,6,156,198,3.45,True
automated_osu018_rs_encoder_decoder_latest_final_GF8Dft_Idft.gml,29852,62941,12,8,3017,8202,6854,4.22,True
automated_osu018_cookbook_final_gf_mult_by_44.gml,51,74,8,8,3,5,17,2.9,True
automated_osu018_amber_latest_final_a25_write_back.gml,325,455,46,44,0,44,0,2.8,True
automated_osu018_m32632_latest_final_I_PFAD.gml,5700,12453,352,58,32,1212,912,4.37,False
automated_osu018_cookbook_final_min_max_unsigned.gml,190,372,18,16,2,46,25,3.92,True
automated_osu018_aes_highthroughput_lowarea_latest_final_inv_mix_columns.gml,7024,12464,128,128,832,1152,2880,3.55,False
automated_osu018_cookbook_final_gf_mult_by_50.gml,88,159,8,8,7,22,23,3.61,True
automated_osu018_cookbook_final_gf_mult_by_ca.gml,79,144,8,8,3,18,18,3.65,True
automated_osu018_rs_encoder_decoder_latest_final_GF8Mult3.gml,44,52,8,8,2,3,10,2.36,False
automated_osu018_RSA-Verilog-master_final_uart.gml,702,1594,12,21,3,143,110,4.54,True
automated_osu018_rs_encoder_decoder_latest_final_GF8Mult219.gml,51,70,8,8,5,6,15,2.75,True
automated_osu018_cookbook_final_gf_mult_by_8a.gml,47,67,8,8,6,6,13,2.85,True
automated_osu018_m32632_latest_final_DFPU_BCD.gml,615,1202,72,34,10,156,56,3.91,True
automated_osu018_signed_integer_divider_latest_final_operator_C.gml,8,7,3,1,0,2,0,1.75,True
automated_osu018_rs_encoder_decoder_latest_final_GF8Mult225.gml,66,118,8,8,3,21,10,3.58,True
automated_osu018_cookbook_final_gf_mult_by_87.gml,51,75,8,8,5,6,17,2.94,True
automated_osu018_cookbook_final_gf_mult_by_93.gml,56,88,8,8,4,7,18,3.14,True
automated_osu018_sdr_ctrl_latest_final_sdrc_bs_convert.gml,570,1037,60,54,1,61,22,3.64,True
automated_osu018_rs_encoder_decoder_latest_final_GF8Mult231.gml,71,121,8,8,5,13,21,3.41,True
