,@top,top,top+inst1,top+inst2,top+inst3,top+inst4,top+inst5,top+u4,top+u5,top+u6,top+u7
0,NAND2X1_291,NAND3X1_55,NAND3X1_210,NOR2X1_320,INVX1_322,AOI22X1_5,OAI21X1_287,NAND2X1_853,OAI21X1_1057,AOI21X1_552,NAND2X1_1031
1,INVX1_444,INPUT_\key[26] ,NOR2X1_229,OAI21X1_573,NAND2X1_291,OAI22X1_131,NAND3X1_210,AOI22X1_158,OAI21X1_1003,NAND3X1_925,AOI21X1_622
2,OR2X2_9,OUTPUT_\w0[20] ,OAI22X1_14,OAI21X1_476,AOI22X1_132,NAND2X1_239,AND2X2_50,OAI21X1_982,NOR2X1_710,OAI22X1_247,NOR2X1_882
3,NAND3X1_210,OR2X2_9,NAND2X1_501,NAND3X1_397,INVX1_148,OAI21X1_751,NAND2X1_501,OAI21X1_983,OAI22X1_222,NAND3X1_918,AOI22X1_215
4,OAI21X1_982,INVX1_125,OAI21X1_297,AOI22X1_41,NAND2X1_672,OAI21X1_773,AOI22X1_55,AOI21X1_432,INVX1_444,NOR2X1_815,OAI21X1_1398
5,INVX1_125,NAND3X1_165,AOI22X1_55,NAND2X1_635,NOR2X1_466,NAND3X1_188,NAND3X1_661,NAND3X1_735,NAND2X1_946,OAI21X1_1238,AND2X2_160
6,INVX1_8,INVX1_8,NAND3X1_343,NAND2X1_383,NAND2X1_327,NAND2X1_742,INVX1_382,NOR2X1_656,AOI21X1_471,NOR2X1_794,OAI21X1_1372
7,NAND2X1_243,NOR2X1_131,NOR2X1_220,NAND2X1_396,NAND2X1_464,AOI21X1_339,NOR2X1_575,NOR2X1_623,OAI21X1_1113,NOR2X1_766,NOR2X1_935
8,NAND2X1_32,NAND2X1_151,NOR3X1_40,OAI21X1_539,NAND2X1_319,OAI21X1_747,NAND3X1_124,AOI21X1_418,OAI22X1_208,NAND2X1_956,NOR2X1_855
9,NAND2X1_383,NAND2X1_32,NOR3X1_52,NOR2X1_315,NOR3X1_131,NAND2X1_243,NOR3X1_40,NAND3X1_727,AOI22X1_185,OAI21X1_1206,OAI21X1_1376
10,NOR3X1_9,NAND2X1_302,NAND2X1_514,INVX1_273,AOI22X1_25,NOR2X1_164,NAND3X1_657,NAND2X1_834,NAND3X1_840,OAI21X1_1193,OAI21X1_1348
11,DFFPOSX1_40,OUTPUT_\w7_reg[21] ,NOR2X1_272,AOI21X1_158,NOR3X1_125,NAND3X1_613,NAND2X1_514,NAND2X1_821,AOI21X1_527,NAND3X1_898,OAI21X1_1312
12,OAI21X1_243,NAND2X1_29,NOR2X1_213,OAI21X1_436,OAI21X1_690,NOR3X1_6,NAND3X1_16,OAI21X1_944,NAND3X1_820,OAI21X1_1144,OAI21X1_1374
13,NAND2X1_390,INVX1_63,OAI21X1_403,NAND3X1_457,NAND3X1_556,AOI21X1_319,INVX1_81,OAI21X1_875,AOI21X1_511,NAND2X1_1015,NOR3X1_333
14,NOR3X1_333,OR2X2_19,NAND3X1_320,NAND3X1_447,NAND2X1_331,AOI21X1_354,NAND3X1_25,OAI21X1_987,AOI22X1_181,NOR2X1_805,NAND3X1_1001
15,NAND3X1_1001,DFFPOSX1_40,NOR2X1_219,INVX1_176,NOR2X1_136,OAI22X1_127,NAND3X1_256,NAND2X1_841,OAI21X1_1094,OAI21X1_1196,OAI21X1_1351
16,NOR2X1_407,OAI21X1_243,NOR2X1_256,NAND3X1_404,NAND2X1_680,OAI21X1_202,NAND2X1_493,OAI21X1_976,AOI21X1_465,NAND2X1_963,OAI21X1_1303
17,OAI22X1_143,NAND2X1_390,OAI21X1_351,NAND2X1_622,NOR3X1_9,AOI21X1_325,NAND3X1_113,NOR2X1_639,NAND3X1_787,NOR2X1_821,NOR3X1_327
18,INVX1_350,NOR2X1_195,NOR2X1_237,NAND2X1_620,AOI22X1_131,OAI21X1_814,AND2X2_56,NOR3X1_201,AOI21X1_509,NAND3X1_903,NOR2X1_858
19,NOR2X1_272,OUTPUT_\w3[19] ,OAI21X1_310,AOI22X1_94,NOR2X1_468,AND2X2_97,NAND2X1_496,NAND3X1_684,INVX1_477,OAI22X1_249,AOI22X1_220
20,NAND3X1_684,NAND3X1_100,OAI22X1_21,OAI21X1_536,AOI21X1_283,OAI22X1_143,NAND3X1_22,NAND3X1_686,NOR2X1_714,OAI21X1_1174,OAI21X1_1369
21,OUTPUT_\w5_reg[7] ,OUTPUT_\w6_reg[23] ,NAND3X1_256,NOR3X1_99,OAI21X1_212,INVX1_350,OAI21X1_53,NAND3X1_750,OAI21X1_1014,NAND3X1_944,NAND3X1_985
22,NAND3X1_404,DFFPOSX1_5,AND2X2_61,NAND3X1_459,INVX1_321,AOI21X1_369,NAND3X1_18,OAI21X1_877,NOR3X1_243,NOR2X1_782,INVX1_535
23,AOI22X1_220,OAI21X1_181,NAND2X1_548,OAI21X1_562,AOI21X1_261,AOI22X1_137,OAI21X1_266,OAI21X1_973,NAND3X1_788,NOR3X1_297,AND2X2_161
24,OAI21X1_877,OUTPUT_\w5_reg[15] ,OAI21X1_306,NAND3X1_424,NOR2X1_407,NAND3X1_609,OAI21X1_100,OAI21X1_931,NAND2X1_924,INVX1_505,NOR3X1_326
25,OAI21X1_351,OUTPUT_\w5_reg[7] ,AND2X2_64,AOI21X1_179,NOR2X1_447,OAI21X1_745,OAI21X1_269,NOR2X1_647,AOI21X1_490,AND2X2_146,OAI21X1_1287
26,INVX1_81,DFFPOSX1_77,AND2X2_67,OAI21X1_483,OAI22X1_104,NAND2X1_428,NAND3X1_2,NAND3X1_677,NAND3X1_801,NAND3X1_908,NOR2X1_933
27,NAND2X1_433,NOR2X1_132,OAI21X1_423,NAND3X1_442,NOR3X1_11,NAND3X1_630,NAND3X1_215,NOR2X1_634,OAI21X1_1107,OAI22X1_269,NOR3X1_336
28,NAND3X1_985,DFFPOSX1_114,OAI22X1_7,AOI21X1_182,NOR2X1_413,OAI21X1_826,NAND3X1_225,OAI21X1_937,NAND3X1_856,NAND2X1_951,NOR3X1_350
29,AOI22X1_10,NAND2X1_433,AOI21X1_77,NAND2X1_399,NOR2X1_121,NOR2X1_572,NAND3X1_21,NOR2X1_618,NOR2X1_707,NOR2X1_828,NOR2X1_905
30,NAND2X1_694,NAND2X1_306,AOI22X1_79,NOR2X1_363,OAI21X1_704,NOR2X1_536,NAND3X1_60,AOI22X1_166,AND2X2_133,OAI21X1_1153,AOI21X1_690
31,AND2X2_61,OUTPUT_\w1[9] ,OAI21X1_266,OAI21X1_233,NOR2X1_478,INVX1_354,OAI21X1_260,AOI21X1_459,NOR2X1_730,NOR3X1_317,AOI21X1_645
32,NAND3X1_547,XNOR2X1_4,OAI21X1_269,NAND3X1_401,OAI21X1_591,NAND2X1_755,NAND3X1_263,NAND2X1_814,AOI21X1_498,NAND3X1_911,OAI22X1_304
33,NOR2X1_634,NAND2X1_112,OAI21X1_324,NAND2X1_631,NAND3X1_473,OAI21X1_831,NAND3X1_269,AOI21X1_449,OAI21X1_1085,INVX1_488,OAI21X1_1290
34,NAND2X1_793,DFFPOSX1_119,NOR2X1_242,NAND3X1_439,NAND2X1_694,AOI22X1_10,NAND3X1_667,NOR3X1_224,INVX1_482,NAND2X1_1014,NOR2X1_886
35,OAI21X1_1014,NOR2X1_46,NAND3X1_215,NAND3X1_419,NOR2X1_460,OAI21X1_801,NAND3X1_236,NAND2X1_848,NOR2X1_759,AOI21X1_556,NAND2X1_1084
36,NAND2X1_814,OR2X2_22,NAND3X1_225,OAI21X1_477,NAND3X1_547,AOI21X1_42,NAND3X1_39,OAI21X1_935,OAI21X1_1100,OAI22X1_266,OAI22X1_287
37,AOI21X1_77,INVX1_72,NAND2X1_567,AOI21X1_214,NAND2X1_667,INVX1_134,NAND3X1_11,OAI21X1_959,NAND3X1_780,NOR2X1_763,OAI22X1_307
38,NAND3X1_518,OR2X2_42,NOR2X1_276,NOR3X1_23,INVX1_298,NAND2X1_280,AOI21X1_38,NAND3X1_742,AOI21X1_484,OAI21X1_1182,AOI21X1_623
39,NAND3X1_801,OAI21X1_123,NOR2X1_277,OAI21X1_445,NOR2X1_412,AOI21X1_355,XOR2X1_29,NAND3X1_736,AOI21X1_494,NAND3X1_938,AOI22X1_226
40,NOR2X1_89,INPUT_\key[42] ,OAI21X1_360,OAI22X1_59,AOI21X1_55,NAND3X1_586,NAND2X1_491,NAND2X1_846,OAI21X1_1121,NAND3X1_896,NAND3X1_1048
41,OUTPUT_\w1[2] ,NOR2X1_89,NAND3X1_263,OAI21X1_455,OAI21X1_226,NAND3X1_622,OAI21X1_264,NOR3X1_229,OAI21X1_1115,AND2X2_145,NAND2X1_1077
42,OR2X2_59,OUTPUT_\w1[2] ,NAND3X1_269,AOI22X1_101,NAND3X1_550,NAND2X1_793,AOI21X1_37,AOI22X1_168,NAND2X1_926,OAI21X1_1143,NOR2X1_913
43,OAI21X1_935,NAND2X1_406,OAI22X1_8,NAND2X1_360,OAI21X1_598,INVX1_348,NAND3X1_30,OAI21X1_884,OAI22X1_203,NAND2X1_969,NAND3X1_1026
44,NAND2X1_313,NAND2X1_326,NAND2X1_522,OAI22X1_41,OAI21X1_709,NOR2X1_482,NAND2X1_499,NAND2X1_818,OAI22X1_225,OAI21X1_1255,NOR3X1_355
45,OAI22X1_287,OR2X2_59,NOR2X1_244,AOI21X1_224,AOI21X1_267,OAI21X1_190,NAND2X1_99,NAND2X1_868,INVX1_457,AOI22X1_208,NAND3X1_1041
46,NOR3X1_229,AOI21X1_9,OAI21X1_427,OAI21X1_572,INVX1_333,NAND3X1_593,NAND3X1_61,AOI21X1_437,OAI22X1_227,OAI22X1_234,AOI22X1_221
47,NAND3X1_151,DFFPOSX1_66,AOI21X1_126,OAI21X1_558,NOR3X1_150,NAND2X1_750,INVX1_387,NOR2X1_664,NAND3X1_825,AOI21X1_608,NAND3X1_972
48,NAND2X1_475,NAND2X1_313,NOR2X1_231,AOI21X1_185,NAND3X1_518,NAND3X1_570,NAND3X1_131,NAND3X1_733,NAND3X1_832,AOI22X1_203,AOI22X1_219
49,OAI21X1_884,NAND3X1_151,NOR2X1_268,INVX1_252,AND2X2_84,NAND2X1_240,OAI21X1_285,OAI21X1_890,NOR2X1_696,INVX1_492,OAI21X1_1357
50,NAND3X1_401,NAND2X1_475,NAND3X1_274,AOI21X1_168,NOR2X1_464,OAI21X1_778,NAND2X1_494,OAI21X1_981,NOR2X1_752,OAI21X1_1229,OAI21X1_1291
51,OAI21X1_1085,OAI21X1_87,AOI22X1_78,NAND3X1_422,NAND3X1_549,NAND2X1_285,INVX1_77,OAI21X1_993,OAI21X1_1069,OAI22X1_246,NAND2X1_1039
52,NAND2X1_818,NAND3X1_110,OAI21X1_340,AOI22X1_105,NAND3X1_533,NAND3X1_576,OAI21X1_257,NOR2X1_648,NOR3X1_278,INVX1_497,INVX1_542
53,OAI21X1_1100,XNOR2X1_20,NAND2X1_562,NOR2X1_319,NAND3X1_554,NOR2X1_165,NAND3X1_57,OAI22X1_168,AOI21X1_501,NAND3X1_878,INVX1_537
54,OAI22X1_59,OUTPUT_\w3[17] ,OAI21X1_408,NAND3X1_448,NOR3X1_158,NAND3X1_579,NAND2X1_506,NAND2X1_872,AOI21X1_533,OAI21X1_1180,AOI22X1_213
55,AOI21X1_250,INVX1_66,XOR2X1_29,AOI21X1_202,OAI21X1_627,NAND2X1_791,NOR3X1_36,NAND3X1_749,OAI22X1_223,NOR2X1_802,NAND2X1_1026
56,NAND3X1_1041,INVX1_179,NAND3X1_337,OAI21X1_254,AOI21X1_247,NOR2X1_161,OAI21X1_857,AOI21X1_387,NOR2X1_688,NAND3X1_884,AOI21X1_685
57,NAND3X1_972,INPUT_\key[27] ,OAI22X1_3,OAI21X1_497,NOR2X1_405,OAI21X1_790,AOI21X1_383,NAND3X1_754,OAI21X1_1011,AOI21X1_613,OAI21X1_1292
58,OAI21X1_890,NOR2X1_141,NAND2X1_491,AOI21X1_162,OAI21X1_217,NAND2X1_245,OAI21X1_280,AOI21X1_388,NAND3X1_798,NAND2X1_967,OAI22X1_284
59,XNOR2X1_20,NAND2X1_481,OAI21X1_303,NAND2X1_646,OAI21X1_675,NAND2X1_800,NOR3X1_31,OAI21X1_919,AND2X2_131,NOR3X1_293,NOR2X1_890
60,NOR3X1_144,DFFPOSX1_71,OAI21X1_364,OAI21X1_482,NOR3X1_123,NAND3X1_623,AOI21X1_28,NAND2X1_870,OAI21X1_1052,AOI21X1_557,NAND2X1_1051
61,OAI22X1_121,NAND2X1_170,AND2X2_58,NAND3X1_393,OAI21X1_630,NOR2X1_488,NAND3X1_115,AOI21X1_427,AOI22X1_174,INVX1_513,OAI21X1_1342
62,NAND2X1_522,XNOR2X1_66,NAND3X1_361,NOR2X1_303,OAI21X1_579,OAI22X1_121,NAND3X1_231,OAI21X1_896,NAND3X1_851,NAND3X1_936,OAI21X1_1296
63,AOI22X1_128,OUTPUT_\w1[8] ,NAND2X1_555,NAND2X1_621,AOI22X1_31,NAND2X1_792,AND2X2_53,NOR2X1_655,OAI21X1_1019,AND2X2_148,NAND3X1_979
64,OAI21X1_232,INVX1_6,NAND3X1_289,NAND3X1_462,AOI22X1_18,OAI21X1_764,NAND3X1_42,INVX1_428,NAND3X1_806,AOI21X1_596,OAI21X1_1385
65,NAND2X1_360,NAND2X1_430,OAI21X1_264,NAND2X1_642,NOR2X1_441,NOR3X1_1,AOI22X1_69,NAND3X1_692,NAND2X1_878,AOI21X1_612,AOI21X1_625
66,NOR2X1_141,AOI21X1_22,OAI21X1_336,NAND3X1_170,AND2X2_93,NAND3X1_645,NAND3X1_235,OAI21X1_1000,OAI22X1_219,INVX1_514,AOI21X1_655
67,NAND3X1_274,XNOR2X1_69,NAND2X1_534,NOR3X1_86,NOR3X1_156,NOR3X1_197,NAND2X1_120,AND2X2_124,AOI21X1_481,OAI21X1_1205,NAND2X1_1025
68,NAND3X1_667,NAND2X1_420,OAI21X1_337,NOR3X1_21,AOI21X1_250,OAI21X1_799,NOR3X1_26,AOI22X1_161,NAND2X1_921,NAND2X1_948,NAND2X1_1074
69,NAND3X1_754,NAND2X1_165,AOI22X1_83,NAND2X1_596,NOR2X1_115,AOI21X1_46,NAND3X1_126,NOR2X1_626,NAND3X1_814,AOI21X1_574,AOI21X1_647
70,AOI21X1_388,INVX1_27,NAND2X1_494,NAND2X1_408,NOR2X1_458,NOR2X1_527,NAND3X1_87,NAND3X1_725,NOR2X1_695,OAI21X1_1161,OAI21X1_1377
71,NOR2X1_527,OAI21X1_182,NOR3X1_79,AOI22X1_100,NAND3X1_158,NAND3X1_643,NAND3X1_75,AOI21X1_410,OAI21X1_1119,NAND3X1_937,OR2X2_80
72,NAND2X1_727,NOR2X1_83,AOI21X1_76,AOI21X1_151,NAND3X1_548,NOR3X1_172,AOI22X1_71,NAND3X1_690,OAI21X1_1082,NOR2X1_775,NOR2X1_878
73,AOI21X1_22,XNOR2X1_62,OAI21X1_370,AOI21X1_165,AOI21X1_230,OAI21X1_789,NAND2X1_18,NOR2X1_578,NOR2X1_704,NOR2X1_760,NAND2X1_1071
74,NAND2X1_323,DFFPOSX1_43,NAND3X1_300,NAND2X1_467,NOR3X1_144,INVX1_359,OAI21X1_288,OAI21X1_945,NOR2X1_683,AOI21X1_595,NAND2X1_1022
75,AOI21X1_685,XNOR2X1_57,NOR3X1_54,OAI21X1_563,AOI22X1_128,NOR2X1_568,NOR2X1_207,OAI21X1_920,NOR3X1_245,NOR2X1_847,NAND3X1_1000
76,NAND3X1_643,NAND2X1_474,OAI21X1_355,OAI21X1_534,NAND2X1_293,AOI22X1_149,NAND2X1_504,NAND3X1_761,NAND3X1_812,NOR2X1_807,OAI21X1_1402
77,AOI21X1_185,INVX1_58,NAND3X1_327,NAND2X1_391,OAI21X1_232,NOR2X1_168,XOR2X1_26,OAI21X1_985,NOR3X1_255,AOI21X1_581,NOR2X1_876
78,XNOR2X1_69,NAND2X1_113,NAND2X1_506,OAI21X1_537,OAI21X1_215,NOR2X1_103,OAI21X1_52,NAND3X1_703,OAI21X1_1065,NAND2X1_987,OAI22X1_286
79,OAI21X1_1000,INVX1_161,OAI21X1_435,NOR2X1_312,NAND3X1_557,OAI21X1_844,INVX1_178,OAI21X1_911,NOR2X1_670,NOR3X1_281,INVX1_551
80,XOR2X1_29,OAI21X1_68,NAND2X1_541,NAND3X1_383,AOI21X1_49,OAI21X1_741,NAND3X1_116,NAND3X1_717,NOR2X1_717,NAND3X1_954,NOR2X1_891
81,OAI21X1_671,OUTPUT_\w0[0] ,OAI22X1_18,NOR2X1_383,NOR2X1_397,OAI22X1_133,OAI21X1_855,INVX1_409,OAI21X1_1037,NAND2X1_949,OAI21X1_1384
82,AOI22X1_161,OUTPUT_\w4_reg[20] ,NOR3X1_36,NOR3X1_82,NAND2X1_727,AOI21X1_330,NAND3X1_233,NAND3X1_721,NAND2X1_880,NOR3X1_306,NAND3X1_1008
83,OAI21X1_1182,NAND3X1_96,OAI21X1_353,NAND2X1_657,NAND2X1_323,NOR2X1_567,NAND3X1_238,AND2X2_121,AOI21X1_467,NOR2X1_812,NAND2X1_1041
84,NAND3X1_168,OUTPUT_\w4_reg[0] ,NAND3X1_359,NOR2X1_334,INVX1_154,NOR2X1_549,OAI21X1_55,NOR2X1_619,NAND2X1_885,NAND3X1_920,NAND3X1_1019
85,OAI21X1_254,NAND2X1_75,NAND2X1_580,AOI21X1_184,OAI21X1_656,NOR2X1_547,AOI22X1_54,OAI21X1_889,NOR3X1_265,OAI21X1_1165,NOR2X1_854
86,NOR2X1_83,NOR2X1_200,AOI21X1_148,NAND2X1_630,NOR2X1_415,NAND2X1_779,NAND3X1_119,INVX1_405,NOR2X1_676,OAI21X1_1275,INVX1_558
87,NOR3X1_139,OAI21X1_42,AOI21X1_98,NOR3X1_96,NOR2X1_421,NAND2X1_252,OAI21X1_261,OAI21X1_868,NAND3X1_813,AOI21X1_579,INVX1_573
88,NAND2X1_113,OR2X2_29,INVX1_231,NAND2X1_485,AOI22X1_129,NOR3X1_192,OAI21X1_51,NOR2X1_587,AND2X2_137,AOI21X1_549,NOR2X1_866
89,NAND3X1_825,OR2X2_26,NAND3X1_283,NAND3X1_438,NAND3X1_489,NOR2X1_492,OAI21X1_856,NOR2X1_616,NAND2X1_930,OAI21X1_1191,OAI21X1_1354
90,INVX1_58,XNOR2X1_71,AOI21X1_105,INVX1_280,OAI21X1_671,OAI21X1_755,NAND3X1_1,NOR3X1_230,NOR3X1_257,NAND3X1_867,AOI21X1_616
91,NOR2X1_549,NOR2X1_96,AND2X2_66,NOR2X1_154,OAI22X1_99,NAND2X1_425,XOR2X1_32,OAI21X1_900,AOI21X1_517,NOR3X1_295,OAI22X1_290
92,AOI21X1_268,OUTPUT_\w0[15] ,NAND2X1_579,AOI22X1_103,NOR2X1_408,AOI21X1_316,NAND3X1_249,OAI22X1_190,NOR3X1_268,OAI22X1_248,INVX1_564
93,NOR2X1_547,INVX1_54,NOR2X1_253,AOI21X1_192,NAND2X1_351,OAI21X1_842,NOR3X1_30,OAI21X1_894,NAND3X1_773,OAI22X1_255,AOI21X1_640
94,NAND3X1_30,OUTPUT_\w3[18] ,NAND3X1_330,NOR3X1_120,NOR2X1_450,OAI21X1_835,NAND2X1_803,OAI21X1_995,AOI21X1_514,AOI21X1_576,OAI22X1_297
95,NOR3X1_278,AND2X2_1,NAND2X1_589,INVX1_281,NAND3X1_484,NOR2X1_498,NAND2X1_500,NAND2X1_860,NAND2X1_889,INVX1_485,OAI21X1_1399
96,NAND3X1_96,OUTPUT_\w2[21] ,INVX1_232,OAI21X1_547,NAND3X1_168,INVX1_351,AOI21X1_67,AOI21X1_436,OAI21X1_1013,NOR2X1_814,AOI21X1_648
97,INVX1_492,INVX1_189,NOR2X1_254,INVX1_247,NAND3X1_472,NAND3X1_607,INVX1_78,OAI22X1_158,NOR2X1_715,NOR3X1_311,NOR2X1_863
98,AOI21X1_501,AND2X2_19,OAI21X1_332,INVX1_277,NOR2X1_446,NAND2X1_752,NAND3X1_10,NAND2X1_815,AOI21X1_525,INVX1_506,NOR2X1_871
99,NAND2X1_75,OR2X2_31,OAI22X1_1,OAI21X1_510,NOR2X1_404,NAND2X1_259,NAND3X1_220,OAI21X1_909,NOR2X1_685,INVX1_504,AOI21X1_618
100,NOR2X1_303,NAND2X1_204,AND2X2_57,OAI21X1_512,AOI22X1_126,AND2X2_107,NAND2X1_517,NAND2X1_816,OAI22X1_199,INVX1_510,OAI21X1_1339
101,OAI21X1_1180,INVX1_38,NAND3X1_231,NOR2X1_349,NOR3X1_139,NOR2X1_541,XOR2X1_27,AND2X2_120,NAND2X1_879,NAND3X1_907,NAND3X1_1035
102,OAI22X1_223,OUTPUT_\w3[1] ,AOI22X1_69,NAND2X1_470,OAI21X1_589,OAI22X1_126,OAI22X1_154,NAND2X1_822,OAI21X1_1108,AOI21X1_575,AOI21X1_657
103,XNOR2X1_71,NOR2X1_120,NAND3X1_235,OAI21X1_507,OAI21X1_646,NAND3X1_637,NOR2X1_202,NOR2X1_635,OAI21X1_1105,OAI21X1_1260,AOI21X1_673
104,OAI22X1_286,XNOR2X1_53,NOR3X1_26,OAI21X1_439,OAI21X1_648,NAND3X1_566,NAND3X1_23,OAI21X1_962,OAI21X1_1067,NOR3X1_285,NOR2X1_897
105,AOI22X1_21,OR2X2_55,INVX1_224,AOI21X1_180,AOI21X1_268,AOI21X1_350,NAND2X1_9,OAI21X1_956,OAI21X1_1077,AOI21X1_546,AOI21X1_688
106,NAND3X1_170,OUTPUT_\w5_reg[12] ,NAND3X1_338,NAND2X1_595,OAI21X1_637,NAND3X1_589,OAI21X1_276,NAND2X1_859,NAND3X1_797,OAI22X1_233,NAND3X1_1002
107,NAND3X1_884,NAND2X1_58,NOR3X1_44,NOR3X1_116,OAI21X1_596,NOR3X1_187,OAI21X1_105,NAND2X1_811,AOI21X1_485,NAND2X1_947,OAI21X1_1302
108,NAND3X1_798,OR2X2_51,AOI22X1_80,INVX1_269,NOR2X1_409,OAI21X1_830,NAND2X1_505,OAI21X1_907,NOR2X1_724,INVX1_498,OAI21X1_1305
109,OUTPUT_\w0[15] ,OAI21X1_30,OAI21X1_359,OAI21X1_462,OAI21X1_218,NOR3X1_190,AND2X2_110,NAND3X1_730,NAND3X1_827,NAND2X1_966,NOR2X1_862
110,INVX1_54,NAND2X1_164,NAND3X1_309,NAND3X1_431,AOI21X1_280,AOI21X1_45,NAND3X1_77,AOI21X1_408,OAI21X1_1103,NAND2X1_994,NAND2X1_1043
111,NAND2X1_541,INPUT_\key[20] ,NAND3X1_322,NAND3X1_391,OAI21X1_619,NOR2X1_519,AND2X2_46,NOR3X1_239,AOI21X1_488,NAND3X1_869,INVX1_550
112,AOI21X1_165,XNOR2X1_47,NAND2X1_571,NAND2X1_381,OAI21X1_592,NOR2X1_506,NAND3X1_7,NAND2X1_861,OAI21X1_1122,NAND2X1_1008,OAI21X1_1378
113,AOI21X1_613,XNOR2X1_65,OAI21X1_369,AOI21X1_221,NOR2X1_451,NAND3X1_578,XOR2X1_28,NOR2X1_596,NAND3X1_786,NAND3X1_923,AOI21X1_629
114,NOR3X1_230,NOR2X1_95,AOI21X1_113,NAND2X1_404,NAND2X1_706,NOR2X1_504,NAND3X1_31,NAND2X1_809,NAND2X1_932,NAND2X1_972,AOI21X1_642
115,OAI21X1_1384,INVX1_5,OAI21X1_345,OAI21X1_509,AOI22X1_17,INVX1_341,NAND3X1_33,OAI21X1_930,AND2X2_130,OAI21X1_1276,AOI21X1_671
116,NAND3X1_359,OAI21X1_20,NOR3X1_51,NAND3X1_412,NAND2X1_714,NOR2X1_516,AOI22X1_58,NAND3X1_671,OAI21X1_1089,AOI21X1_584,AND2X2_159
117,NAND2X1_204,NAND2X1_441,OAI21X1_407,INVX1_282,AOI22X1_21,AOI21X1_328,NOR2X1_206,NAND2X1_851,NAND2X1_927,NAND3X1_900,INVX1_546
118,INVX1_38,INPUT_\key[94] ,AOI21X1_82,NAND3X1_184,AOI21X1_244,AOI21X1_357,NAND3X1_262,NAND3X1_701,OAI21X1_1051,NOR2X1_762,AND2X2_152
119,NAND2X1_878,DFFPOSX1_56,NOR2X1_236,AOI21X1_199,AOI21X1_294,NAND2X1_735,NAND3X1_24,INVX1_424,OAI21X1_1058,NAND3X1_953,OAI22X1_271
120,OAI22X1_219,NOR2X1_44,AOI22X1_71,NOR2X1_344,OAI21X1_682,OAI21X1_720,NAND3X1_114,AOI21X1_415,INVX1_484,NAND2X1_976,AOI21X1_664
121,NAND2X1_1041,XOR2X1_14,OAI22X1_2,OAI21X1_469,AOI21X1_300,AOI21X1_335,AND2X2_52,INVX1_417,AOI22X1_187,OAI21X1_1219,OAI21X1_1390
122,AOI21X1_98,DFFPOSX1_89,NAND3X1_317,NAND2X1_627,OAI22X1_89,AOI21X1_323,NAND3X1_27,AOI22X1_153,NAND2X1_936,OAI21X1_1271,AOI21X1_636
123,NAND2X1_921,INPUT_\key[95] ,AOI21X1_102,OAI21X1_251,NOR3X1_14,NAND2X1_275,NAND3X1_226,OAI21X1_873,NAND2X1_905,NAND2X1_991,NAND3X1_969
124,NOR2X1_854,DFFPOSX1_104,AOI21X1_130,NAND2X1_636,NAND2X1_671,AOI22X1_147,NAND3X1_264,OAI22X1_184,OAI21X1_1047,AND2X2_141,AOI21X1_658
125,AOI21X1_481,NAND2X1_63,NOR2X1_260,OAI21X1_540,OAI21X1_699,NAND2X1_288,OAI22X1_155,INVX1_423,OAI22X1_196,OAI21X1_1274,NOR2X1_919
126,AOI21X1_105,DFFPOSX1_109,NOR2X1_294,OAI22X1_72,INVX1_306,NAND2X1_759,NAND3X1_254,AOI21X1_394,NOR2X1_721,OAI21X1_1170,INVX1_538
127,OUTPUT_\w3[1] ,NOR2X1_186,NOR2X1_283,OAI21X1_531,NAND3X1_197,OAI21X1_718,NAND3X1_54,NOR3X1_231,AOI21X1_524,NOR2X1_787,INVX1_560
128,OAI21X1_995,NAND2X1_66,OAI22X1_33,NOR3X1_93,AOI21X1_265,INVX1_366,AOI21X1_32,INVX1_404,AOI21X1_502,AND2X2_150,AOI21X1_663
129,XNOR2X1_53,DFFPOSX1_108,OAI22X1_30,OAI21X1_499,OAI21X1_666,NOR2X1_513,AOI22X1_49,OAI22X1_162,OAI21X1_1134,INVX1_527,NAND3X1_987
130,NAND2X1_860,OAI21X1_3,NOR2X1_207,AOI21X1_159,NAND2X1_701,OAI21X1_794,OAI21X1_863,OAI21X1_883,AND2X2_127,NAND3X1_865,NAND2X1_1018
131,AOI21X1_184,XNOR2X1_41,AOI21X1_147,NAND2X1_359,OAI22X1_113,OAI21X1_836,NOR2X1_203,AND2X2_115,OAI21X1_1006,OAI22X1_267,OAI21X1_1416
132,NAND2X1_58,OR2X2_8,OAI21X1_350,NOR2X1_300,INVX1_146,NAND3X1_148,OAI22X1_153,AOI22X1_163,NAND2X1_942,AOI21X1_540,AND2X2_155
133,OAI22X1_113,OR2X2_56,NAND2X1_504,AOI22X1_112,OAI21X1_696,NOR3X1_175,NAND3X1_13,AOI21X1_461,NOR2X1_733,NOR2X1_769,NAND3X1_1007
134,OR2X2_51,NAND3X1_99,XOR2X1_26,AOI22X1_47,NOR2X1_431,NAND3X1_568,NAND3X1_216,OAI22X1_171,INVX1_467,INVX1_515,OAI21X1_1329
135,NOR2X1_254,INVX1_108,OAI21X1_387,NAND3X1_410,OAI21X1_641,OAI21X1_208,NAND3X1_134,NAND3X1_760,NOR3X1_260,OAI21X1_1268,OAI21X1_1397
136,OAI22X1_1,INVX1_143,OAI21X1_319,NAND2X1_625,NOR3X1_15,NAND3X1_146,NAND2X1_802,NOR2X1_643,NOR2X1_742,NOR3X1_284,NAND3X1_977
137,NOR2X1_431,OR2X2_36,INVX1_236,OAI21X1_561,OAI21X1_657,OAI21X1_810,NAND3X1_248,OAI22X1_181,OAI21X1_1039,NAND2X1_1006,AOI21X1_654
138,NAND2X1_816,AND2X2_24,INVX1_178,NOR3X1_98,NAND3X1_479,AOI21X1_363,OAI21X1_295,NOR3X1_215,NOR3X1_263,NOR2X1_798,OAI21X1_1403
139,OAI21X1_30,OAI21X1_89,NAND3X1_342,OAI21X1_513,NAND2X1_717,NOR2X1_544,AOI22X1_66,NAND2X1_850,AOI21X1_466,OAI21X1_1220,NAND2X1_1082
140,NAND2X1_164,XNOR2X1_49,OAI21X1_410,AND2X2_72,AOI21X1_272,NOR3X1_4,DFFPOSX1_131,NOR2X1_593,AOI22X1_178,NOR2X1_781,AOI21X1_649
141,INPUT_\key[20] ,NAND2X1_454,OAI21X1_352,OAI22X1_63,NAND2X1_684,AOI21X1_376,AND2X2_45,NAND2X1_831,INVX1_470,NOR2X1_789,INVX1_552
142,NAND2X1_441,NAND3X1_71,OAI21X1_389,OAI21X1_520,OAI21X1_642,NOR3X1_169,NAND3X1_218,NOR2X1_638,INVX1_449,NOR3X1_298,NOR2X1_887
143,NOR2X1_670,NAND2X1_222,AND2X2_60,AND2X2_81,NOR2X1_473,NAND2X1_287,NAND3X1_265,INVX1_419,AOI22X1_183,NAND3X1_886,NOR3X1_358
144,DFFPOSX1_56,INVX1_129,NAND3X1_233,INVX1_253,NAND3X1_503,INVX1_371,NOR3X1_27,AOI21X1_452,OAI21X1_1099,NOR3X1_299,NAND3X1_1049
145,NOR2X1_154,OAI21X1_62,NAND3X1_238,OAI22X1_76,OAI21X1_587,NAND3X1_653,OAI21X1_275,OAI21X1_946,AOI21X1_522,NAND2X1_993,INVX1_539
146,NOR2X1_44,OUTPUT_\w5_reg[29] ,NAND2X1_552,NAND2X1_609,OAI21X1_575,NOR2X1_529,NAND2X1_108,NAND3X1_758,AOI21X1_530,NAND2X1_992,OAI21X1_1413
147,NAND3X1_937,NAND3X1_82,AOI22X1_54,AOI21X1_206,NOR3X1_129,NOR2X1_518,NAND3X1_250,NAND3X1_741,AOI21X1_507,INVX1_507,OAI21X1_1412
148,NAND3X1_75,NOR2X1_11,OAI21X1_261,OAI21X1_555,OAI21X1_649,NOR3X1_161,AOI21X1_72,OAI21X1_929,NOR2X1_741,OAI21X1_1167,OAI21X1_1285
149,AOI21X1_192,NAND3X1_157,NAND3X1_288,OAI21X1_549,OAI22X1_106,NAND3X1_611,NAND3X1_128,NOR3X1_227,NOR2X1_735,AOI21X1_567,NAND3X1_1045
150,NOR3X1_265,DFFPOSX1_14,AOI21X1_109,AOI21X1_157,NOR2X1_176,NAND3X1_600,OAI21X1_54,OAI22X1_185,NAND3X1_809,NAND3X1_931,AOI21X1_628
151,OAI21X1_369,INPUT_\key[9] ,AOI21X1_97,NAND2X1_379,INVX1_156,NAND2X1_440,NAND2X1_12,NAND3X1_762,NOR2X1_686,OAI21X1_1216,NAND3X1_991
152,AOI21X1_328,NOR2X1_196,AOI21X1_93,NAND2X1_384,NAND2X1_724,NAND2X1_255,NAND2X1_510,NOR2X1_662,NOR2X1_684,NAND2X1_964,AOI21X1_638
153,AOI21X1_581,OAI21X1_140,OAI21X1_330,OAI21X1_241,OAI21X1_634,OAI21X1_188,NAND3X1_242,NAND3X1_732,NOR2X1_697,NAND2X1_990,NAND2X1_1035
154,AOI21X1_335,INPUT_\key[7] ,AOI21X1_144,AOI21X1_201,OAI21X1_214,INVX1_130,NAND2X1_511,OAI22X1_161,INVX1_480,INVX1_519,AOI21X1_666
155,OAI21X1_510,OAI21X1_29,NOR3X1_45,NOR3X1_19,OAI21X1_659,NAND2X1_769,NOR3X1_37,OAI21X1_888,NOR2X1_687,OAI22X1_258,NOR2X1_904
156,NAND2X1_861,NAND2X1_487,OAI21X1_354,OAI21X1_570,NAND3X1_200,NAND3X1_625,INVX1_80,AOI21X1_407,NAND3X1_818,NAND3X1_952,AOI21X1_659
157,NAND3X1_954,INVX1_28,NAND2X1_561,NAND2X1_634,OAI21X1_698,NAND2X1_261,NOR3X1_34,INVX1_434,NAND2X1_912,AOI21X1_568,OAI21X1_1325
158,NAND2X1_809,NAND2X1_435,NOR2X1_259,NAND2X1_607,NAND3X1_485,OAI21X1_749,OAI21X1_108,NAND3X1_728,NOR2X1_736,AOI22X1_193,NAND3X1_994
159,NAND2X1_66,NOR2X1_23,NOR2X1_281,OAI22X1_43,NAND2X1_662,NAND3X1_639,OAI21X1_294,INVX1_399,NAND2X1_881,OAI21X1_1142,INVX1_574
160,OAI22X1_2,NAND2X1_47,NAND2X1_556,NAND3X1_382,NOR2X1_429,AOI22X1_8,AND2X2_111,AOI22X1_167,INVX1_453,OAI21X1_1203,AOI21X1_687
161,OR2X2_56,OUTPUT_\w0[22] ,XOR2X1_32,NAND3X1_373,AOI22X1_19,NAND3X1_567,NAND3X1_266,OAI22X1_156,NAND2X1_884,OAI21X1_1257,AOI22X1_217
162,NAND2X1_470,OAI21X1_121,NAND3X1_249,OAI22X1_69,NOR2X1_422,NOR2X1_503,NAND2X1_6,OAI22X1_175,NAND3X1_793,NAND3X1_870,OAI21X1_1317
163,OAI21X1_288,NAND2X1_84,NOR3X1_30,NOR2X1_327,OAI21X1_599,NAND3X1_138,NAND3X1_251,OAI21X1_927,NAND3X1_800,INVX1_512,AOI21X1_643
164,OAI21X1_649,NOR2X1_155,NAND2X1_500,NAND3X1_178,NAND2X1_708,NAND3X1_598,INVX1_386,NAND3X1_700,NOR3X1_271,OAI22X1_265,OAI21X1_1396
165,NAND3X1_773,NOR2X1_122,AOI21X1_103,AOI22X1_43,NOR3X1_134,OAI22X1_147,NAND3X1_14,OAI21X1_864,NAND2X1_897,NAND2X1_958,OAI22X1_292
166,NAND2X1_889,NOR2X1_28,AOI21X1_80,OAI22X1_75,OAI22X1_100,AND2X2_108,NAND3X1_45,AND2X2_116,NAND3X1_842,NOR2X1_771,NAND3X1_973
167,OAI21X1_507,INVX1_36,NAND3X1_305,OAI21X1_487,OAI21X1_631,AOI22X1_15,AOI21X1_381,OAI21X1_950,NAND2X1_904,OAI21X1_1227,OAI22X1_296
168,NOR2X1_176,INVX1_3,NAND2X1_517,NOR3X1_85,OAI21X1_694,NAND3X1_641,NAND3X1_63,OAI22X1_177,NOR3X1_256,NAND3X1_929,NOR2X1_923
169,NOR2X1_283,DFFPOSX1_87,AOI21X1_133,OAI21X1_441,INVX1_309,NAND2X1_780,AOI22X1_68,NOR2X1_614,NAND3X1_831,OAI21X1_1148,NOR2X1_873
170,NAND2X1_595,NAND2X1_77,NOR3X1_63,NOR2X1_178,INVX1_300,OAI21X1_807,NAND3X1_4,OAI21X1_938,NOR3X1_275,OAI21X1_1217,OAI21X1_1353
171,XNOR2X1_49,XOR2X1_16,NOR2X1_240,AOI22X1_34,OAI21X1_676,OAI21X1_804,AOI22X1_62,NOR3X1_203,INVX1_452,NOR2X1_795,AOI21X1_674
172,NOR2X1_513,INPUT_\key[66] ,OAI21X1_399,NAND2X1_623,AOI21X1_278,NAND2X1_789,NOR3X1_39,OAI22X1_167,NOR2X1_671,NOR2X1_838,OAI21X1_1394
173,NOR2X1_207,NAND2X1_241,NOR2X1_264,NAND2X1_376,AOI21X1_302,OAI21X1_841,OAI21X1_112,NOR2X1_650,NAND2X1_910,NAND2X1_1012,OAI21X1_1373
174,NOR3X1_295,OAI21X1_228,INVX1_223,NAND2X1_653,NAND2X1_341,NAND3X1_618,AOI21X1_69,NAND3X1_720,OAI21X1_1040,OAI21X1_1251,OAI21X1_1360
175,OAI22X1_248,NAND2X1_23,OAI21X1_331,INVX1_267,OAI22X1_83,NAND2X1_751,NAND3X1_125,OAI21X1_904,AOI22X1_176,NAND2X1_1016,OAI21X1_1286
176,NAND3X1_485,NAND2X1_270,NOR3X1_48,OAI22X1_61,OAI21X1_706,NAND3X1_585,NAND3X1_223,OAI22X1_163,OAI22X1_216,NOR2X1_790,OAI21X1_1326
177,NAND2X1_504,DFFPOSX1_27,AOI22X1_85,NAND3X1_376,OAI21X1_223,NOR2X1_535,NAND3X1_69,AOI21X1_445,AOI21X1_495,NOR2X1_833,OAI22X1_291
178,OAI21X1_509,NAND2X1_124,NAND2X1_540,NAND2X1_413,NAND2X1_673,NAND3X1_150,NAND3X1_662,NAND2X1_807,NAND2X1_934,AOI21X1_565,NAND2X1_1044
179,XOR2X1_26,DFFPOSX1_121,XOR2X1_27,NAND3X1_425,INVX1_310,OAI21X1_766,NAND2X1_503,NAND2X1_839,OAI21X1_1008,OAI21X1_1155,NAND2X1_1058
180,NOR2X1_814,OR2X2_63,OAI21X1_412,NAND2X1_395,NOR3X1_124,INVX1_361,NAND3X1_666,INVX1_430,NAND2X1_933,OAI21X1_1158,NOR3X1_328
181,NAND2X1_708,NAND2X1_161,OAI21X1_311,AOI21X1_210,NAND3X1_467,AOI21X1_43,OAI21X1_265,AOI21X1_409,OAI21X1_1080,NAND3X1_899,AOI22X1_225
182,NOR2X1_544,INVX1_16,NAND3X1_344,NOR2X1_356,NOR2X1_455,OAI21X1_736,AOI21X1_34,NOR2X1_612,INVX1_462,NAND3X1_947,AOI22X1_227
183,OAI21X1_855,AND2X2_14,AOI21X1_132,AOI21X1_64,AOI21X1_295,OAI21X1_809,NAND3X1_51,NOR3X1_206,AOI21X1_491,AOI22X1_204,AND2X2_156
184,INVX1_560,OR2X2_57,NAND3X1_331,NAND2X1_380,NAND3X1_483,OAI21X1_768,AOI22X1_59,OAI21X1_866,NAND2X1_899,NAND3X1_921,OAI21X1_1293
185,OAI21X1_352,INPUT_\key[44] ,NAND3X1_326,OAI21X1_253,INVX1_314,NAND3X1_650,NAND3X1_133,INVX1_429,NAND2X1_913,NOR2X1_832,OAI21X1_1340
186,DFFPOSX1_14,NAND2X1_439,NOR2X1_202,NAND3X1_428,NOR2X1_454,NOR2X1_509,OAI21X1_854,NOR2X1_595,NAND3X1_794,NAND2X1_950,INVX1_533
187,OAI21X1_1260,NAND2X1_436,AOI21X1_85,OAI21X1_566,NOR2X1_477,NAND2X1_761,NAND3X1_213,NAND2X1_840,AOI21X1_470,OAI21X1_1156,NOR2X1_924
188,OAI21X1_389,OUTPUT_\w7_reg[20] ,NOR3X1_71,OAI21X1_464,NOR2X1_456,AOI22X1_134,NOR3X1_33,OAI21X1_914,NAND3X1_802,AOI21X1_600,OAI21X1_1282
189,NAND2X1_627,OUTPUT_\w1[12] ,OAI21X1_305,NOR2X1_341,AOI21X1_260,AOI22X1_136,OAI21X1_284,NOR2X1_599,AOI21X1_464,OAI22X1_235,OAI21X1_1299
190,NAND2X1_287,DFFPOSX1_76,NAND2X1_584,NAND3X1_427,NAND3X1_542,OAI21X1_820,INVX1_196,NOR3X1_214,OAI22X1_204,NOR3X1_303,INVX1_543
191,INVX1_423,NAND2X1_421,NAND2X1_553,AOI21X1_200,OAI21X1_668,AOI21X1_309,OAI21X1_278,NOR2X1_590,OAI21X1_1083,NAND2X1_975,OAI21X1_1311
192,NOR3X1_93,OAI21X1_134,OAI21X1_276,NAND3X1_446,NOR2X1_419,NAND3X1_574,NAND2X1_512,NAND2X1_875,OAI21X1_1018,NAND3X1_883,NAND2X1_1053
193,OAI21X1_1067,NAND3X1_155,NOR3X1_74,NAND3X1_182,NOR3X1_138,INVX1_367,AOI22X1_50,AOI21X1_420,INVX1_473,AOI22X1_211,NAND2X1_1040
194,NAND2X1_994,NAND2X1_346,OAI22X1_28,NOR2X1_352,OAI21X1_606,AOI22X1_14,AOI22X1_51,OAI21X1_913,AND2X2_129,OAI21X1_1213,NOR2X1_921
195,NAND3X1_611,INPUT_\key[68] ,AOI21X1_88,NAND2X1_612,NOR2X1_430,OAI21X1_752,NAND3X1_52,INVX1_398,NOR2X1_692,OAI21X1_1277,OAI22X1_274
196,NAND2X1_47,OAI21X1_96,NAND2X1_564,AND2X2_75,OAI21X1_595,OAI22X1_115,NAND3X1_38,OAI21X1_957,NOR3X1_253,AOI22X1_201,NAND3X1_959
197,NAND3X1_600,OR2X2_4,OAI21X1_402,NAND2X1_482,NAND3X1_526,NAND2X1_734,NAND3X1_222,OAI21X1_970,AOI21X1_504,AND2X2_140,NOR3X1_325
198,OUTPUT_\w0[22] ,DFFPOSX1_26,NAND2X1_527,AOI21X1_188,AOI21X1_251,NAND2X1_746,NAND3X1_659,NOR3X1_221,AOI21X1_487,NAND3X1_894,NOR2X1_857
199,NAND3X1_410,DFFPOSX1_11,NOR2X1_293,NOR3X1_91,OAI21X1_654,AND2X2_105,NAND2X1_489,NOR2X1_645,NOR2X1_673,NAND3X1_890,OAI22X1_270
200,NAND2X1_625,INPUT_\key[28] ,NOR2X1_209,NAND2X1_645,INVX1_327,AOI21X1_314,AOI21X1_30,OAI21X1_947,NOR2X1_751,NOR2X1_779,AOI21X1_656
201,NOR2X1_155,DFFPOSX1_72,OAI21X1_421,INVX1_263,NAND2X1_344,OAI21X1_728,OAI21X1_106,NOR3X1_207,NAND2X1_943,OAI21X1_1258,NAND3X1_1010
202,NOR2X1_643,OUTPUT_\w6_reg[1] ,NOR3X1_64,AOI21X1_190,OAI22X1_78,OAI22X1_116,INVX1_388,AOI21X1_397,OAI22X1_221,NOR3X1_319,INVX1_559
203,AND2X2_155,OUTPUT_\w2[22] ,XOR2X1_28,NAND2X1_611,NOR2X1_171,AOI21X1_374,NAND3X1_43,OAI21X1_912,NAND3X1_854,OAI21X1_1215,OAI22X1_288
204,NAND3X1_1007,OAI21X1_171,NOR3X1_43,NOR2X1_375,NAND2X1_320,OAI21X1_775,NAND3X1_20,NAND3X1_748,AOI21X1_535,NAND3X1_876,OAI22X1_277
205,NAND2X1_673,NOR2X1_15,AOI22X1_58,OAI21X1_532,NAND2X1_304,AOI21X1_367,OAI21X1_50,NAND2X1_826,NOR3X1_269,OAI21X1_1146,NAND2X1_1046
206,OAI22X1_181,INVX1_153,NOR2X1_206,NOR3X1_101,NAND3X1_480,AOI21X1_362,INVX1_394,NOR2X1_658,AOI21X1_492,AOI22X1_205,NOR2X1_929
207,OAI21X1_1103,OAI21X1_225,NAND3X1_290,OAI21X1_459,NAND2X1_687,OAI21X1_848,NAND3X1_58,OAI22X1_174,OAI21X1_1124,NAND2X1_1013,AOI21X1_639
208,AOI21X1_97,OAI21X1_192,NAND3X1_262,NOR3X1_117,NAND2X1_340,OAI21X1_724,OAI21X1_292,NAND3X1_724,NOR2X1_749,NOR3X1_313,NAND3X1_1017
209,NOR2X1_28,OR2X2_17,NOR2X1_241,OAI21X1_567,NOR2X1_127,NAND2X1_781,NAND3X1_47,NAND3X1_715,OAI21X1_1079,NAND3X1_951,NOR2X1_926
210,NOR2X1_593,OUTPUT_\w0[25] ,AOI21X1_96,NOR2X1_180,AOI21X1_298,NAND3X1_597,NAND3X1_79,NAND2X1_817,AOI21X1_508,NOR2X1_800,NOR2X1_925
211,DFFPOSX1_87,OAI21X1_174,OAI21X1_424,NAND3X1_392,NAND2X1_452,NOR2X1_540,NAND3X1_217,NAND3X1_709,OAI22X1_228,OAI21X1_1164,NOR3X1_348
212,AOI21X1_144,DFFPOSX1_24,NOR2X1_290,NAND3X1_386,AOI21X1_246,AOI21X1_359,INVX1_390,NOR2X1_631,NAND2X1_929,NOR3X1_282,NAND3X1_1009
213,OAI21X1_354,INVX1_119,NAND3X1_364,NAND3X1_464,NAND3X1_521,NAND2X1_260,INVX1_74,NAND3X1_685,AOI21X1_506,AOI21X1_562,NAND2X1_1057
214,NAND2X1_561,NAND2X1_68,NAND3X1_226,NOR2X1_302,OAI22X1_90,NAND2X1_251,OAI21X1_862,NAND3X1_747,OAI22X1_200,OAI21X1_1224,OAI21X1_1344
215,INVX1_419,INVX1_101,NAND3X1_264,OAI21X1_485,NOR2X1_439,OAI21X1_780,NAND2X1_114,NAND3X1_756,AOI21X1_503,OAI21X1_1267,NOR3X1_331
216,NAND3X1_249,INVX1_19,NAND3X1_340,OAI22X1_53,INVX1_311,AOI21X1_322,AOI21X1_65,OAI21X1_997,NAND3X1_848,AND2X2_138,NOR2X1_909
217,OAI21X1_555,INVX1_93,NOR2X1_221,NAND2X1_628,OAI21X1_643,NOR3X1_176,OAI21X1_859,AOI21X1_438,NAND3X1_859,INVX1_494,AOI21X1_682
218,NOR2X1_430,INPUT_\key[124] ,NAND3X1_254,NAND2X1_629,OAI21X1_665,OAI21X1_828,NAND3X1_239,OAI21X1_975,OAI22X1_226,AOI21X1_572,OAI21X1_1346
219,NAND2X1_803,NAND2X1_64,AOI21X1_145,INVX1_166,INVX1_304,OAI21X1_792,OAI21X1_102,NOR2X1_633,AND2X2_128,AOI22X1_212,NOR2X1_917
220,NAND3X1_758,DFFPOSX1_15,NOR2X1_284,NOR2X1_323,OAI21X1_610,OAI22X1_139,INVX1_181,NOR3X1_226,NOR2X1_718,AOI22X1_209,NAND3X1_1013
221,NAND2X1_270,INPUT_\key[90] ,OAI21X1_379,AOI22X1_37,AOI21X1_252,OAI21X1_797,NAND3X1_72,OR2X2_77,NOR2X1_694,AOI22X1_202,OAI21X1_1304
222,NAND3X1_641,DFFPOSX1_29,OAI21X1_382,AOI22X1_35,INVX1_329,AOI21X1_360,AND2X2_109,NOR2X1_640,AOI22X1_192,AOI21X1_587,OAI21X1_1366
223,NAND2X1_927,OAI21X1_136,NOR3X1_67,NOR3X1_103,OAI21X1_221,OAI21X1_722,NAND3X1_259,NAND3X1_675,NAND2X1_938,INVX1_499,NAND3X1_1021
224,OAI22X1_78,INVX1_113,AOI22X1_49,INVX1_170,INVX1_292,OAI21X1_757,NAND2X1_518,NAND2X1_855,OAI21X1_1060,OAI21X1_1194,NAND3X1_999
225,NAND3X1_865,OAI21X1_198,INVX1_240,AOI22X1_108,NAND3X1_198,NAND3X1_580,NAND3X1_257,OAI21X1_881,NOR2X1_672,AOI21X1_545,NOR2X1_938
226,AOI21X1_133,AND2X2_28,NOR2X1_267,NAND3X1_437,AOI21X1_303,INVX1_342,OAI21X1_259,NOR3X1_216,NAND3X1_841,AOI21X1_578,AOI21X1_641
227,NOR2X1_769,OAI21X1_26,NOR2X1_203,OAI21X1_535,NAND3X1_486,AOI22X1_138,INVX1_187,AOI21X1_446,OAI21X1_1007,AND2X2_144,NAND3X1_990
228,NAND3X1_762,NOR2X1_79,OAI21X1_298,NOR2X1_313,OAI22X1_84,NAND2X1_741,NOR2X1_574,AOI21X1_429,OAI21X1_1128,OAI21X1_1186,OAI21X1_1410
229,NAND3X1_1045,INPUT_\key[53] ,OAI21X1_419,NOR3X1_97,NAND2X1_315,NAND3X1_624,NAND3X1_122,NAND3X1_739,NOR2X1_678,NAND2X1_1011,OAI21X1_1401
230,NOR2X1_662,NAND2X1_184,OAI21X1_312,NAND2X1_659,NAND2X1_682,OAI22X1_117,AOI22X1_52,NAND3X1_708,AOI21X1_518,NAND2X1_1003,OAI21X1_1333
231,OR2X2_57,DFFPOSX1_122,NAND3X1_216,NOR2X1_335,AOI22X1_120,AOI21X1_346,AOI22X1_57,OAI22X1_172,INVX1_440,NOR3X1_320,AOI21X1_661
232,OAI22X1_161,NAND2X1_224,INVX1_203,NAND2X1_416,OAI21X1_580,OAI22X1_146,OAI21X1_290,OAI21X1_977,NOR2X1_734,NAND3X1_928,OAI22X1_276
233,NOR2X1_535,NAND2X1_86,NOR2X1_257,NOR3X1_111,NAND3X1_531,AOI22X1_141,NAND3X1_15,AOI21X1_425,OAI21X1_1135,NOR2X1_826,OAI22X1_303
234,NAND3X1_150,OAI21X1_160,AOI21X1_149,OAI21X1_463,NOR2X1_173,OAI21X1_811,NAND3X1_118,NAND3X1_699,INVX1_456,NOR2X1_831,OAI21X1_1330
235,XOR2X1_27,NOR2X1_85,OAI21X1_321,OAI21X1_515,INVX1_294,OAI21X1_756,AND2X2_54,AOI21X1_392,OAI21X1_1102,NAND3X1_941,NAND3X1_956
236,OAI21X1_888,OAI21X1_79,NAND3X1_248,NAND3X1_417,OAI21X1_670,OAI22X1_141,NOR3X1_35,NOR2X1_607,NAND3X1_830,INVX1_491,NOR2X1_881
237,OAI21X1_412,OUTPUT_\w0[29] ,NAND3X1_324,NAND2X1_656,NOR3X1_152,AOI21X1_307,OAI21X1_286,AND2X2_122,NAND3X1_781,NOR2X1_837,INVX1_534
238,NAND2X1_304,NOR2X1_56,OAI21X1_363,AOI21X1_153,NOR2X1_474,NAND3X1_612,NAND2X1_497,NOR2X1_598,NOR2X1_727,NOR3X1_314,OAI22X1_305
239,AOI21X1_43,INVX1_194,AOI22X1_66,NOR2X1_357,AOI21X1_293,OAI21X1_815,NAND3X1_56,NAND3X1_757,NOR2X1_711,AND2X2_149,OAI21X1_1336
240,AOI21X1_638,OUTPUT_\w7_reg[12] ,NAND3X1_279,OAI21X1_545,AND2X2_89,NOR2X1_543,OAI21X1_267,OAI21X1_964,INVX1_466,NOR3X1_318,NOR2X1_868
241,AOI21X1_524,OAI21X1_146,OAI21X1_334,NAND3X1_380,OAI21X1_621,NOR2X1_490,NAND2X1_804,NOR2X1_624,NAND2X1_925,OAI22X1_254,NAND2X1_1065
242,AOI21X1_502,INVX1_183,NAND3X1_323,NAND3X1_411,AOI21X1_238,OAI21X1_732,NAND3X1_268,OAI21X1_924,OAI21X1_1095,NAND2X1_999,NAND3X1_983
243,OR2X2_4,NAND2X1_361,INVX1_233,INVX1_261,NAND2X1_300,OAI22X1_136,NAND3X1_117,OAI21X1_989,AOI21X1_493,OAI21X1_1231,INVX1_555
244,NOR2X1_904,OUTPUT_\w2[0] ,OAI22X1_26,NOR2X1_340,OAI21X1_609,AOI22X1_146,AOI22X1_70,NOR3X1_220,OAI21X1_1118,NAND3X1_915,OAI21X1_1350
245,NAND2X1_340,NAND2X1_337,NAND3X1_351,NAND3X1_418,NOR3X1_135,NOR3X1_173,NAND3X1_65,NAND3X1_668,NAND2X1_945,OAI21X1_1228,AOI21X1_620
246,NAND3X1_650,DFFPOSX1_23,NAND3X1_218,OAI21X1_442,OAI21X1_602,NOR2X1_550,NAND2X1_519,NOR2X1_668,INVX1_454,NAND3X1_864,OAI21X1_1380
247,AOI22X1_34,OAI21X1_147,AOI21X1_74,NOR2X1_360,NAND2X1_716,OAI21X1_719,NAND3X1_237,NAND2X1_858,AOI21X1_515,NAND3X1_919,NOR2X1_888
248,NOR2X1_127,NAND2X1_358,OAI21X1_432,NAND2X1_654,OAI22X1_111,AOI21X1_318,NAND3X1_121,NOR3X1_209,NOR3X1_273,INVX1_518,OAI22X1_300
249,OAI21X1_305,OAI21X1_155,INVX1_245,AOI22X1_106,NAND2X1_677,AOI21X1_337,OAI21X1_277,OAI21X1_984,NAND3X1_828,NOR3X1_301,NOR3X1_335
250,AOI22X1_167,OUTPUT_\w4_reg[9] ,NAND3X1_265,NOR2X1_317,NAND3X1_532,AOI22X1_13,OAI21X1_296,NAND3X1_744,AOI21X1_482,NAND3X1_926,NOR2X1_892
251,DFFPOSX1_11,INPUT_\key[10] ,NAND3X1_334,NAND3X1_398,AND2X2_90,NAND3X1_619,NAND3X1_49,NAND2X1_829,OAI21X1_1075,OAI22X1_241,NAND3X1_984
252,AOI22X1_134,OUTPUT_\w2[29] ,NOR3X1_69,NAND3X1_434,OAI21X1_625,AOI21X1_347,AND2X2_44,OAI21X1_955,OAI21X1_1041,NAND3X1_895,AOI21X1_675
253,NAND2X1_992,OUTPUT_\w4_reg[26] ,OAI21X1_308,NOR2X1_362,AOI22X1_30,OAI21X1_829,NAND3X1_234,INVX1_410,NAND3X1_795,OAI21X1_1256,OAI21X1_1383
254,AND2X2_116,NAND2X1_478,NAND3X1_302,OAI21X1_528,INVX1_325,NAND2X1_248,NAND3X1_221,AOI22X1_156,INVX1_475,OAI21X1_1162,OAI21X1_1319
255,OAI21X1_665,NAND2X1_310,NAND3X1_335,NOR2X1_346,NAND2X1_715,NOR3X1_174,NAND3X1_127,OAI21X1_943,AOI21X1_523,OAI21X1_1159,OAI22X1_285
256,OAI21X1_1167,OAI21X1_168,AOI21X1_94,NOR2X1_371,AOI21X1_275,AOI21X1_321,NOR3X1_38,AOI21X1_403,OAI21X1_1017,NOR2X1_786,NOR2X1_889
257,INVX1_367,DFFPOSX1_62,AOI21X1_137,NOR2X1_329,OAI21X1_585,NAND2X1_279,INVX1_199,OAI21X1_969,AOI22X1_180,OAI21X1_1168,AOI22X1_228
258,OAI21X1_610,INVX1_100,NAND3X1_295,NAND3X1_463,NAND2X1_336,OAI21X1_765,NAND3X1_246,OAI21X1_871,NOR2X1_691,NOR2X1_770,INVX1_544
259,AND2X2_110,NOR2X1_76,OAI21X1_391,OAI21X1_503,NAND2X1_311,NAND3X1_633,NAND3X1_136,NOR2X1_654,OAI22X1_231,NOR2X1_849,OAI21X1_1318
260,AOI21X1_64,OR2X2_34,NAND3X1_319,OAI21X1_496,AOI22X1_28,OAI21X1_758,NAND3X1_244,AOI21X1_456,NOR2X1_680,NOR2X1_809,NAND3X1_1036
261,OAI21X1_1039,OUTPUT_\w0[2] ,NAND3X1_250,NAND3X1_441,OAI21X1_700,NOR2X1_515,AOI21X1_36,NOR2X1_651,NAND3X1_816,NAND3X1_949,NAND3X1_982
262,NOR3X1_263,NAND2X1_448,NOR2X1_273,NOR2X1_373,NAND2X1_723,OAI21X1_739,OAI21X1_268,INVX1_403,NAND2X1_896,NAND3X1_930,OAI21X1_1352
263,NAND2X1_380,NAND2X1_257,NAND2X1_510,NAND3X1_421,NAND3X1_488,NAND3X1_596,OAI21X1_98,NAND3X1_688,OAI21X1_1016,NAND3X1_862,NAND2X1_1029
264,NAND2X1_964,OAI21X1_71,NAND3X1_242,OR2X2_74,NAND2X1_690,NOR2X1_538,NAND3X1_9,OAI21X1_882,INVX1_479,AND2X2_143,OAI21X1_1283
265,INVX1_153,NAND2X1_451,AOI21X1_106,NAND3X1_405,AOI21X1_227,NAND2X1_773,NAND3X1_59,NAND3X1_734,AOI22X1_177,INVX1_516,NAND2X1_1052
266,OAI21X1_225,OUTPUT_\w3[3] ,NAND3X1_273,NOR2X1_309,NOR3X1_155,NOR3X1_188,NAND3X1_252,OAI21X1_961,OAI21X1_1045,NOR2X1_817,AND2X2_151
267,OR2X2_17,DFFPOSX1_107,OAI21X1_356,OAI21X1_450,NAND3X1_555,NAND2X1_756,NAND3X1_243,AOI21X1_455,NAND2X1_886,OAI21X1_1147,NOR2X1_880
268,NAND2X1_527,OUTPUT_\w7_reg[2] ,NAND3X1_321,OAI21X1_516,NOR3X1_16,NOR2X1_517,NAND2X1_24,NAND3X1_726,OAI22X1_215,AOI21X1_571,NOR2X1_894
269,AOI22X1_14,INPUT_\key[88] ,AOI22X1_81,NOR2X1_177,NAND3X1_515,NAND3X1_602,OAI21X1_282,AND2X2_114,NOR2X1_706,OAI21X1_1218,OAI21X1_1316
270,NAND3X1_198,XNOR2X1_1,NOR3X1_34,NOR3X1_22,NAND2X1_349,INVX1_379,NAND3X1_66,AOI21X1_447,OAI21X1_1072,AOI21X1_585,INVX1_571
271,OAI21X1_174,INPUT_\key[75] ,OAI21X1_294,AOI22X1_97,NOR2X1_424,OAI21X1_849,AND2X2_49,OAI21X1_998,INVX1_442,NAND3X1_905,NAND3X1_1030
272,OAI22X1_115,DFFPOSX1_106,OAI22X1_5,AOI21X1_154,NAND3X1_487,OAI21X1_733,NAND3X1_40,NOR2X1_661,NOR2X1_732,NOR2X1_808,NAND3X1_1016
273,NAND2X1_734,OAI21X1_177,AOI21X1_79,OAI21X1_504,AOI21X1_259,NAND2X1_744,AOI22X1_72,NOR2X1_637,OAI21X1_1138,NAND3X1_916,NOR3X1_353
274,INVX1_119,NOR2X1_187,NOR2X1_238,AOI22X1_99,NAND2X1_312,NOR2X1_91,NAND3X1_85,NAND3X1_745,OAI21X1_1106,AOI21X1_610,AOI22X1_216
275,NAND2X1_682,NAND2X1_57,AOI21X1_87,NAND3X1_372,OAI21X1_576,INVX1_352,NAND3X1_5,NOR3X1_228,OAI21X1_1091,NOR2X1_827,AOI22X1_231
276,NOR3X1_206,XNOR2X1_19,NOR2X1_218,NAND3X1_384,OAI21X1_628,AOI21X1_313,OAI21X1_107,AOI21X1_431,OAI21X1_1130,OAI21X1_1253,AOI21X1_653
277,INPUT_\key[124] ,OAI21X1_13,AOI21X1_140,NAND2X1_600,NOR2X1_410,NOR2X1_532,NAND3X1_211,AOI21X1_423,OAI21X1_1129,NOR2X1_791,OAI22X1_280
278,OAI21X1_866,OAI21X1_222,OAI22X1_10,OAI22X1_47,NAND2X1_446,AOI22X1_143,NAND3X1_658,AOI21X1_406,OAI21X1_1010,INVX1_509,NAND3X1_975
279,INPUT_\key[90] ,OUTPUT_\w0[21] ,NAND3X1_266,NAND3X1_375,OAI21X1_604,NAND2X1_244,NAND3X1_261,INVX1_435,OAI21X1_1054,OAI21X1_1225,OAI21X1_1367
280,NAND3X1_31,OAI21X1_15,NAND3X1_251,OAI22X1_39,AOI21X1_296,NOR3X1_179,INVX1_76,INVX1_437,NOR2X1_748,AOI21X1_590,AOI22X1_224
281,NAND2X1_781,OR2X2_44,INVX1_219,NAND2X1_593,OAI21X1_583,AOI21X1_344,NAND3X1_123,INVX1_432,OAI21X1_1020,NOR3X1_307,NAND2X1_1021
282,NOR2X1_873,NOR2X1_22,INVX1_208,OAI21X1_452,NAND2X1_709,NOR2X1_109,NAND3X1_76,NOR2X1_583,NOR2X1_675,OAI21X1_1152,OAI21X1_1405
283,OAI21X1_1099,NOR2X1_137,OAI22X1_24,NAND3X1_377,NOR2X1_418,AOI21X1_351,AOI22X1_67,NAND3X1_673,OAI21X1_1098,NOR2X1_810,NAND2X1_1068
284,OAI21X1_1353,XNOR2X1_17,AOI21X1_86,NAND2X1_357,OAI21X1_623,NAND2X1_774,NAND2X1_495,AOI22X1_164,OAI21X1_1132,AOI21X1_544,AOI21X1_669
285,NOR2X1_241,OAI21X1_116,NAND3X1_329,OAI21X1_543,NOR2X1_459,NAND3X1_185,INVX1_193,AOI21X1_405,OAI21X1_1032,INVX1_524,AOI21X1_651
286,NAND2X1_1012,OAI21X1_16,AOI22X1_68,AOI22X1_38,OAI21X1_624,NAND3X1_187,NOR3X1_29,OAI21X1_891,OAI22X1_230,OAI21X1_1269,OAI21X1_1281
287,NAND3X1_364,NAND2X1_472,AOI22X1_62,AOI21X1_216,NOR2X1_457,AOI21X1_41,INVX1_393,NOR3X1_218,OAI21X1_1033,NOR2X1_793,NAND3X1_1050
288,NOR3X1_221,OAI21X1_95,NAND2X1_575,NAND3X1_172,NAND2X1_455,OAI21X1_743,AOI22X1_56,OAI21X1_978,NOR3X1_252,AOI21X1_594,NAND2X1_1062
289,NOR2X1_645,OAI21X1_84,NAND2X1_547,NOR3X1_102,OAI21X1_710,AOI21X1_315,XOR2X1_30,OAI21X1_932,OAI22X1_205,NOR3X1_292,OAI21X1_1331
290,OAI21X1_532,AOI21X1_2,NOR3X1_66,NOR2X1_370,NOR2X1_169,AOI21X1_348,XOR2X1_31,OAI21X1_941,INVX1_474,INVX1_503,NOR2X1_867
291,NOR2X1_79,INPUT_\key[49] ,NAND3X1_355,NOR2X1_157,NAND2X1_335,NOR2X1_521,OAI21X1_101,AOI21X1_450,INVX1_451,OAI21X1_1223,NOR3X1_351
292,NAND3X1_254,NOR2X1_60,NOR2X1_235,NAND2X1_619,OAI22X1_110,NAND2X1_434,AOI21X1_29,NAND3X1_674,NOR2X1_738,AOI22X1_200,NAND2X1_1030
293,NAND2X1_86,NAND2X1_477,NOR3X1_42,OAI22X1_67,NAND3X1_498,OAI22X1_148,DFFPOSX1_132,NAND3X1_704,AND2X2_125,NAND2X1_965,OAI21X1_1308
294,OAI21X1_1155,OR2X2_27,OAI21X1_358,NOR2X1_378,NAND3X1_193,NAND2X1_749,NAND2X1_801,NOR2X1_644,OAI21X1_1071,OAI21X1_1226,NAND3X1_976
295,OAI21X1_567,OAI21X1_28,OAI21X1_304,OAI21X1_564,OAI22X1_79,OAI21X1_808,NAND3X1_245,NAND3X1_669,NAND2X1_917,NAND3X1_873,NOR2X1_879
296,OAI21X1_79,NAND2X1_43,NAND3X1_223,NOR2X1_304,NOR2X1_452,AND2X2_103,NAND3X1_219,AND2X2_117,NAND3X1_782,OAI21X1_1254,OAI21X1_1368
297,OAI22X1_291,NOR2X1_134,OAI21X1_328,NOR2X1_182,NAND3X1_540,OAI21X1_832,NAND3X1_267,INVX1_412,NOR2X1_756,NAND3X1_871,OAI22X1_283
298,NAND3X1_392,OR2X2_60,NAND3X1_310,NAND3X1_374,AOI21X1_229,NOR3X1_199,NAND3X1_224,AOI21X1_433,AOI22X1_182,OAI21X1_1272,NOR2X1_911
299,NAND3X1_386,AOI21X1_24,AOI22X1_75,NOR2X1_337,NAND2X1_307,NAND2X1_778,NAND3X1_41,OAI21X1_917,OAI21X1_1004,NAND3X1_874,NAND2X1_1086
300,NAND2X1_311,OUTPUT_\w5_reg[11] ,OAI21X1_307,OAI22X1_44,OAI21X1_702,OAI21X1_827,AOI21X1_70,AND2X2_113,NAND3X1_823,NAND3X1_945,AOI21X1_670
301,OAI21X1_146,NAND2X1_4,NAND2X1_559,OAI21X1_522,INVX1_324,AOI22X1_16,OAI21X1_263,NOR2X1_602,NOR2X1_746,NAND3X1_863,NAND2X1_1049
302,NAND3X1_748,OUTPUT_\w5_reg[25] ,NAND2X1_503,NAND2X1_392,OAI21X1_633,OAI22X1_140,OAI21X1_270,OAI21X1_880,AOI21X1_537,NAND2X1_998,NOR3X1_334
303,INVX1_183,NAND2X1_96,OAI21X1_343,NAND3X1_456,NAND2X1_689,NAND3X1_142,AOI21X1_39,AOI21X1_393,NOR3X1_276,OAI21X1_1177,AOI21X1_683
304,NAND2X1_337,OUTPUT_\w1[29] ,NAND3X1_314,OAI21X1_538,NAND3X1_545,NAND2X1_775,NAND2X1_3,OAI21X1_965,NOR3X1_248,OAI21X1_1247,NOR2X1_910
305,INVX1_453,AOI21X1_12,AOI21X1_122,OAI22X1_66,INVX1_331,AOI21X1_349,NAND3X1_228,AOI21X1_385,OAI22X1_206,OAI21X1_1221,NAND3X1_1042
306,NAND3X1_488,INPUT_\key[126] ,NOR3X1_62,INVX1_271,NAND2X1_730,OAI21X1_194,AND2X2_55,INVX1_402,NAND3X1_779,AOI21X1_580,NOR3X1_344
307,DFFPOSX1_23,OUTPUT_\w6_reg[15] ,INVX1_214,NAND2X1_660,NAND3X1_517,NOR3X1_195,NAND2X1_490,NOR2X1_579,NOR3X1_280,NAND2X1_983,NAND3X1_1022
308,INVX1_166,NAND2X1_107,OAI21X1_367,OAI21X1_460,AOI22X1_29,NOR2X1_571,NAND2X1_513,OAI21X1_948,INVX1_455,OAI21X1_1263,NOR2X1_852
309,NOR2X1_323,INVX1_84,INVX1_217,NOR2X1_372,OAI22X1_98,NAND3X1_588,NAND2X1_21,OAI21X1_921,NAND3X1_804,OAI21X1_1252,INVX1_545
310,NAND3X1_624,OUTPUT_\w3[6] ,AOI22X1_59,NAND2X1_643,NAND3X1_162,OAI21X1_716,NOR2X1_201,NOR3X1_234,NAND3X1_771,NAND2X1_980,INVX1_566
311,AOI22X1_227,NOR2X1_81,NAND2X1_566,NOR2X1_367,AOI21X1_258,OAI21X1_824,NAND2X1_102,OAI21X1_952,NOR3X1_247,OAI21X1_1197,NAND2X1_1050
312,OAI22X1_117,NAND2X1_342,NOR2X1_271,NAND2X1_632,NAND3X1_470,NOR3X1_167,NOR2X1_204,NOR2X1_591,NOR2X1_698,OAI21X1_1232,NOR2X1_930
313,NAND2X1_358,OAI21X1_125,NAND3X1_213,AOI22X1_46,NOR3X1_121,INVX1_353,NAND3X1_81,NAND3X1_718,OAI21X1_1109,NOR3X1_290,AOI21X1_677
314,NOR3X1_271,XOR2X1_6,OAI21X1_284,NAND3X1_176,NAND2X1_721,OAI21X1_823,NAND2X1_498,NAND2X1_823,NOR2X1_716,OR2X2_79,NAND2X1_1056
315,NAND3X1_134,NAND2X1_216,NAND3X1_275,NAND2X1_368,OAI21X1_629,OAI21X1_767,NAND3X1_29,OAI21X1_958,AOI21X1_486,NAND2X1_970,NOR3X1_322
316,OAI22X1_146,NAND2X1_59,OAI21X1_405,OAI21X1_548,NOR3X1_151,AOI22X1_142,NAND3X1_270,NOR2X1_667,NAND3X1_807,OAI22X1_237,OAI21X1_1321
317,NOR3X1_103,NAND2X1_76,INVX1_196,AOI21X1_189,AOI21X1_257,OAI21X1_206,OAI21X1_111,NOR2X1_652,OAI21X1_1043,OAI21X1_1240,OAI21X1_1307
318,OUTPUT_\w4_reg[26] ,NAND2X1_116,AOI21X1_99,NOR2X1_384,NAND2X1_332,NOR2X1_497,NAND3X1_84,OAI22X1_178,INVX1_472,NOR2X1_764,INVX1_530
319,NAND3X1_685,NAND2X1_171,NOR2X1_223,NOR2X1_361,AOI21X1_299,NOR2X1_514,NAND2X1_111,NAND2X1_813,NAND3X1_843,NAND2X1_961,NOR3X1_329
320,OAI21X1_168,OR2X2_38,NAND2X1_512,INVX1_256,NOR2X1_394,NOR2X1_483,NOR2X1_208,NAND2X1_867,NAND2X1_908,NAND2X1_978,NOR3X1_359
321,AOI22X1_66,OAI21X1_167,OAI21X1_384,OAI21X1_560,AOI22X1_113,AOI21X1_327,AOI21X1_27,AOI21X1_458,NAND2X1_900,OAI21X1_1183,OAI21X1_1349
322,INVX1_543,OUTPUT_\w4_reg[4] ,OAI21X1_309,OAI21X1_245,AOI21X1_237,NOR2X1_552,OAI21X1_110,OAI21X1_988,OAI22X1_213,INVX1_501,NAND3X1_968
323,NAND3X1_351,NAND2X1_453,AOI22X1_50,NOR2X1_336,NOR3X1_148,OAI21X1_761,AND2X2_51,NAND3X1_695,NOR2X1_725,NOR2X1_839,OAI21X1_1324
324,OAI21X1_71,NOR2X1_4,NAND3X1_296,AOI21X1_218,NAND3X1_541,NAND3X1_651,NAND3X1_258,NOR3X1_240,NOR2X1_747,NAND3X1_922,OAI21X1_1328
325,NOR2X1_490,NAND2X1_94,INVX1_211,NAND3X1_445,NOR3X1_133,NOR2X1_520,OAI21X1_273,AOI22X1_172,OAI21X1_1027,OAI21X1_1278,NOR2X1_907
326,NAND2X1_659,NOR2X1_84,OAI22X1_29,NOR3X1_84,NAND3X1_501,AOI21X1_48,OAI21X1_49,NOR2X1_649,NAND3X1_790,OAI21X1_1200,NAND2X1_1028
327,OAI22X1_136,OR2X2_52,NAND3X1_293,AND2X2_77,AOI22X1_116,NAND2X1_733,OAI21X1_293,NAND3X1_713,OAI21X1_1087,OAI21X1_1178,NAND3X1_1047
328,NAND2X1_933,INVX1_15,AOI22X1_51,NOR2X1_379,NOR2X1_481,NOR2X1_166,NAND3X1_132,INVX1_431,OAI21X1_1064,OAI21X1_1187,OAI21X1_1313
329,NOR3X1_173,NAND2X1_175,AOI21X1_91,NAND3X1_452,AOI21X1_234,NAND3X1_647,NAND2X1_805,NAND3X1_763,OAI21X1_1092,NOR2X1_785,NOR2X1_861
330,AOI21X1_259,OUTPUT_\w5_reg[13] ,AOI21X1_116,NOR2X1_321,OAI22X1_94,AND2X2_100,NOR2X1_573,INVX1_413,INVX1_464,NAND3X1_861,NOR2X1_940
331,OAI21X1_628,AND2X2_33,AOI21X1_73,NOR2X1_386,AOI21X1_282,OAI21X1_805,NAND3X1_241,NAND2X1_810,NAND3X1_784,NOR2X1_765,NAND3X1_1043
332,OAI21X1_881,OUTPUT_\w6_reg[25] ,NAND3X1_332,AOI22X1_95,AOI21X1_297,OAI21X1_187,INVX1_384,OAI21X1_979,INVX1_443,NAND3X1_910,NOR3X1_342
333,INPUT_\key[75] ,OAI21X1_186,NOR2X1_215,OAI21X1_511,INVX1_301,NAND3X1_591,OAI21X1_860,NAND3X1_698,INVX1_447,NAND2X1_952,AOI21X1_619
334,OAI21X1_177,AND2X2_3,NAND3X1_222,OAI22X1_52,NOR2X1_475,NAND2X1_731,NAND3X1_135,OAI21X1_967,OAI21X1_1012,OAI22X1_245,NAND2X1_1023
335,INVX1_473,XNOR2X1_64,NAND3X1_353,NAND2X1_594,NAND3X1_495,NOR2X1_510,NAND3X1_130,NOR2X1_641,OAI21X1_1005,NAND3X1_892,NOR3X1_354
336,AOI21X1_72,INPUT_\key[85] ,NAND3X1_315,OAI21X1_530,NOR2X1_469,OAI21X1_839,NAND3X1_214,NAND3X1_738,OAI21X1_1141,OAI21X1_1248,NOR2X1_915
337,AOI21X1_639,XNOR2X1_42,NAND2X1_489,INVX1_288,NAND2X1_670,NOR3X1_2,AOI21X1_71,OAI21X1_936,NOR3X1_259,AOI21X1_569,INVX1_547
338,NAND3X1_1017,INPUT_\key[76] ,NOR2X1_252,NOR2X1_338,OAI22X1_88,NAND3X1_590,INVX1_190,AOI21X1_443,NOR2X1_744,NAND3X1_955,NOR2X1_937
339,NAND2X1_12,OAI21X1_7,NAND2X1_581,AOI21X1_150,NOR2X1_470,INVX1_380,XOR2X1_25,AOI21X1_453,OAI22X1_211,AOI21X1_605,OAI21X1_1322
340,NAND2X1_1057,NOR2X1_138,OAI21X1_394,NAND3X1_461,NAND2X1_710,OAI22X1_132,OAI21X1_271,NOR3X1_211,AOI22X1_179,OAI21X1_1201,AOI22X1_222
341,AOI21X1_321,NAND3X1_153,NAND3X1_281,NAND3X1_370,NOR2X1_426,AOI22X1_152,NAND2X1_15,NOR2X1_594,OAI21X1_1093,OAI21X1_1244,INVX1_531
342,NAND3X1_242,OUTPUT_\w5_reg[16] ,NAND3X1_357,NOR3X1_112,NOR2X1_402,NOR2X1_500,AOI21X1_26,NOR2X1_600,AOI21X1_497,NOR3X1_294,NAND3X1_958
343,NAND3X1_633,OAI21X1_80,OAI22X1_12,AOI21X1_63,NAND2X1_683,OAI21X1_816,AOI22X1_61,OAI21X1_923,AOI21X1_468,OAI21X1_1181,OAI21X1_1300
344,AOI21X1_106,INVX1_103,NAND3X1_352,NAND2X1_649,NAND3X1_527,OAI21X1_726,OAI21X1_99,NAND2X1_849,NAND3X1_808,INVX1_490,AOI21X1_684
345,NAND3X1_273,OUTPUT_\w4_reg[31] ,OAI21X1_302,NOR3X1_89,INVX1_299,OAI22X1_145,AOI21X1_68,OAI22X1_192,NOR2X1_701,NAND3X1_914,AOI21X1_626
346,NAND2X1_511,NAND2X1_305,NOR2X1_287,NAND2X1_488,AOI22X1_122,NOR3X1_184,OAI21X1_291,NAND2X1_825,NAND2X1_894,NAND2X1_968,OAI21X1_1392
347,NOR2X1_673,OUTPUT_\w0[4] ,NOR3X1_60,NOR3X1_115,OAI21X1_582,NOR3X1_185,NAND3X1_67,NAND3X1_716,OAI21X1_1055,NAND3X1_934,NAND2X1_1078
348,NOR2X1_360,OAI21X1_249,OAI21X1_380,NAND2X1_400,OAI21X1_597,NAND2X1_799,DFFPOSX1_130,NOR3X1_225,OAI21X1_1127,NAND2X1_995,INVX1_567
349,AOI22X1_106,OAI21X1_6,NAND3X1_325,OAI22X1_68,OAI21X1_681,NOR2X1_499,NAND3X1_129,OAI21X1_892,NOR2X1_726,NOR3X1_305,NAND3X1_974
350,INVX1_80,OAI21X1_139,NOR2X1_245,NAND2X1_363,NOR2X1_130,NAND2X1_269,NOR3X1_32,NAND3X1_755,OAI21X1_1088,INVX1_523,INVX1_565
351,NAND3X1_398,OAI21X1_48,OAI21X1_357,AOI21X1_171,NAND3X1_529,NAND3X1_571,OAI21X1_56,NOR2X1_665,NAND2X1_888,AOI21X1_601,NOR2X1_870
352,NOR2X1_800,NAND3X1_145,AOI21X1_128,AOI21X1_178,NAND3X1_546,INVX1_132,OAI21X1_103,NAND2X1_873,OAI21X1_1053,OAI21X1_1204,NAND2X1_1034
353,AND2X2_111,NAND3X1_179,NAND2X1_568,INVX1_260,OAI21X1_636,AOI21X1_326,NOR2X1_577,NAND2X1_876,NAND2X1_919,AOI22X1_196,AOI21X1_686
354,NOR2X1_238,INVX1_89,NOR3X1_57,AOI21X1_215,NAND2X1_704,NOR3X1_8,NAND3X1_70,AOI21X1_404,OAI21X1_1061,OAI21X1_1261,NOR2X1_901
355,NAND3X1_699,XNOR2X1_10,NAND3X1_217,NAND3X1_208,OAI21X1_601,NAND2X1_276,NAND2X1_806,NOR3X1_236,OAI22X1_194,AOI21X1_553,AOI21X1_660
356,NOR2X1_938,NAND2X1_181,OAI21X1_365,NAND3X1_451,NAND3X1_560,NAND2X1_798,INVX1_392,AOI21X1_386,NOR2X1_728,AOI21X1_593,NOR3X1_323
357,NOR2X1_607,NAND2X1_135,AOI21X1_108,AOI21X1_193,OAI21X1_713,NAND3X1_561,INVX1_389,AOI21X1_444,NAND2X1_914,NOR2X1_836,NAND2X1_1027
358,INVX1_379,OUTPUT_\w5_reg[20] ,OAI21X1_414,NAND3X1_430,OAI21X1_622,OAI22X1_142,NAND3X1_240,OAI21X1_991,NAND2X1_901,NAND2X1_984,OAI21X1_1298
359,OAI22X1_24,OUTPUT_\w2[7] ,INVX1_230,OAI21X1_523,NAND3X1_164,OAI21X1_825,NAND3X1_255,NAND2X1_827,AOI21X1_513,OAI21X1_1172,NOR2X1_920
360,NAND2X1_43,OR2X2_71,OAI21X1_422,NAND3X1_409,NAND2X1_719,AOI22X1_12,AND2X2_43,OAI21X1_915,AND2X2_126,OAI21X1_1175,NAND3X1_967
361,NAND2X1_929,OUTPUT_\w6_reg[2] ,OAI21X1_368,NOR2X1_328,NAND2X1_339,OAI21X1_847,NAND3X1_34,NAND3X1_751,AOI21X1_469,NOR2X1_840,NOR2X1_918
362,AOI22X1_202,OUTPUT_\w1[13] ,NAND3X1_308,OAI21X1_533,NAND2X1_348,AOI21X1_352,NAND2X1_117,NAND2X1_836,NAND3X1_774,NAND2X1_1004,OAI21X1_1306
363,NAND3X1_405,INVX1_22,NAND3X1_239,OAI21X1_568,OAI21X1_618,NAND3X1_652,INVX1_75,OAI22X1_183,AOI22X1_190,OAI21X1_1198,OAI21X1_1297
364,NOR2X1_309,INPUT_\key[108] ,NOR2X1_232,NOR2X1_160,NOR3X1_146,NAND3X1_144,NAND3X1_36,NOR2X1_657,NAND3X1_852,OAI21X1_1236,NAND2X1_1072
365,NAND3X1_859,OAI21X1_142,OAI21X1_420,AOI21X1_207,INVX1_328,AOI21X1_378,NOR2X1_576,OAI21X1_940,NAND2X1_895,NAND2X1_997,NOR3X1_345
366,INPUT_\key[126] ,OAI21X1_81,OAI21X1_374,NAND2X1_648,AOI21X1_301,NAND2X1_762,NAND3X1_247,NAND2X1_871,NAND3X1_822,NAND3X1_902,NAND2X1_1066
367,NAND2X1_107,XNOR2X1_30,OAI21X1_362,OAI21X1_498,NAND3X1_535,NAND2X1_267,OAI21X1_853,AOI21X1_390,OAI21X1_1112,NAND3X1_940,AOI21X1_672
368,NAND3X1_125,NOR2X1_54,OAI21X1_398,OAI22X1_62,NOR3X1_132,INVX1_357,NAND3X1_3,NOR3X1_219,INVX1_446,NOR2X1_792,INVX1_569
369,OAI21X1_1194,OUTPUT_\w1[23] ,NOR2X1_247,OAI21X1_524,NOR3X1_122,OAI21X1_838,OAI21X1_861,AOI21X1_451,NOR3X1_246,NOR2X1_801,NAND3X1_1046
370,AOI21X1_545,OAI21X1_31,NAND3X1_339,OAI21X1_471,INVX1_150,INVX1_376,OAI21X1_262,AOI21X1_457,INVX1_450,INVX1_496,OAI21X1_1284
371,NAND3X1_193,NAND2X1_193,AOI21X1_89,NOR2X1_310,AOI21X1_291,NAND2X1_788,NAND3X1_665,OAI21X1_887,OAI21X1_1070,NOR3X1_288,NAND3X1_1003
372,AOI22X1_143,NAND2X1_54,AOI21X1_117,NOR3X1_83,OAI21X1_691,INVX1_360,OAI21X1_109,AOI22X1_165,NAND2X1_935,NOR2X1_768,NAND2X1_1067
373,OAI21X1_358,NOR2X1_7,OAI22X1_38,NOR2X1_365,NOR3X1_130,OAI21X1_785,NAND3X1_50,NAND3X1_722,AOI21X1_512,OAI21X1_1185,OAI21X1_1406
374,OAI21X1_125,NAND3X1_101,INVX1_181,NAND2X1_367,NOR3X1_140,OAI21X1_822,NAND3X1_12,INVX1_401,AOI21X1_536,NAND2X1_985,INVX1_549
375,OAI22X1_305,XNOR2X1_60,OAI22X1_31,NAND2X1_415,OAI21X1_672,AOI21X1_368,NAND3X1_83,NOR3X1_232,NOR2X1_699,AOI22X1_199,NOR2X1_934
376,NAND3X1_375,XNOR2X1_61,NOR3X1_46,NOR3X1_110,OAI21X1_684,NAND2X1_782,OAI21X1_281,NAND2X1_820,OAI21X1_1104,OAI22X1_236,NAND2X1_1061
377,OAI21X1_702,NOR2X1_198,NOR2X1_261,NAND3X1_400,AOI22X1_24,OAI21X1_783,INVX1_391,NAND3X1_691,NOR3X1_241,NAND3X1_860,NOR2X1_906
378,AOI21X1_348,NOR2X1_98,INVX1_205,NOR2X1_354,NOR2X1_423,NOR2X1_561,NOR3X1_28,OAI21X1_974,OAI22X1_209,OAI22X1_253,NAND3X1_1006
379,NOR3X1_335,AND2X2_36,NAND3X1_350,NAND2X1_633,OAI21X1_669,NOR2X1_163,OAI21X1_104,NOR2X1_615,NOR2X1_681,NAND3X1_943,INVX1_540
380,OAI21X1_265,OAI21X1_141,NOR2X1_227,INVX1_265,OAI21X1_689,OAI22X1_124,NAND3X1_227,NAND3X1_740,NOR3X1_272,INVX1_529,OAI21X1_1314
381,OAI21X1_367,NAND2X1_130,OAI21X1_401,NOR2X1_151,AOI21X1_286,NAND3X1_635,AOI22X1_63,AOI21X1_434,OAI21X1_1050,NOR2X1_773,OAI21X1_1356
382,INVX1_15,OUTPUT_\w2[4] ,NAND2X1_531,AOI21X1_204,NAND3X1_512,NAND3X1_615,NAND3X1_120,OAI21X1_1001,NOR2X1_743,INVX1_521,AOI22X1_232
383,OAI21X1_969,NAND2X1_191,NAND3X1_259,OAI21X1_527,NAND2X1_664,INVX1_381,INVX1_385,NOR3X1_222,NAND3X1_845,NOR2X1_818,AOI21X1_680
384,NOR3X1_314,NOR2X1_34,NAND3X1_346,NAND3X1_385,NAND2X1_693,OAI21X1_788,OAI21X1_274,NAND3X1_687,AND2X2_136,OAI21X1_1157,OAI22X1_302
385,NOR2X1_889,INVX1_159,NOR2X1_297,OAI21X1_449,NOR2X1_417,NAND2X1_776,AND2X2_48,OAI21X1_906,OAI21X1_1125,AOI21X1_611,NAND3X1_995
386,OAI21X1_871,OAI21X1_179,NAND3X1_368,NAND3X1_408,NAND2X1_292,NAND2X1_272,NAND3X1_663,NAND3X1_702,NOR2X1_754,AOI21X1_591,NAND3X1_1028
387,NAND3X1_142,NAND2X1_13,NAND2X1_518,OAI21X1_457,AOI21X1_285,NAND3X1_655,NAND3X1_271,OAI21X1_886,NOR3X1_242,INVX1_525,NAND3X1_1038
388,NAND2X1_566,AND2X2_23,AOI21X1_115,OAI21X1_546,NAND2X1_296,OAI21X1_843,AOI22X1_60,NOR2X1_621,NAND3X1_799,AOI21X1_539,INVX1_563
389,AOI21X1_258,XNOR2X1_38,NAND2X1_530,NAND2X1_606,OAI21X1_664,NAND2X1_229,NAND3X1_232,OAI21X1_953,NAND3X1_855,AOI21X1_543,NAND3X1_1037
390,NAND3X1_172,OAI21X1_219,NAND3X1_257,INVX1_290,AOI21X1_262,NOR3X1_182,NAND2X1_105,AOI21X1_421,INVX1_460,OAI21X1_1245,OAI21X1_1419
391,AND2X2_3,INPUT_\key[79] ,AOI22X1_73,OAI22X1_55,NAND3X1_539,NOR2X1_97,AOI22X1_64,AOI21X1_440,NAND2X1_883,NOR3X1_291,NOR2X1_912
392,NOR3X1_318,OAI21X1_22,NAND3X1_285,NAND3X1_414,NOR2X1_172,NAND2X1_797,AOI21X1_31,NAND2X1_833,NAND3X1_769,NAND2X1_989,NOR3X1_349
393,XNOR2X1_42,NOR2X1_123,NAND2X1_554,INVX1_285,INVX1_336,NAND2X1_271,NAND3X1_6,OAI21X1_870,NAND2X1_911,NAND3X1_885,NOR2X1_898
394,INPUT_\key[76] ,OUTPUT_\w3[20] ,NAND2X1_587,INVX1_168,OAI21X1_650,NOR2X1_556,NAND2X1_492,NAND2X1_854,NAND3X1_817,OAI22X1_260,INVX1_553
395,OAI21X1_1231,DFFPOSX1_42,NOR3X1_49,NAND2X1_365,OAI21X1_655,NOR2X1_546,AND2X2_47,NAND3X1_680,NOR2X1_757,NAND3X1_939,OAI21X1_1355
396,NOR2X1_223,OUTPUT_\w4_reg[21] ,INVX1_246,AOI21X1_205,AOI21X1_269,NAND2X1_748,AOI21X1_382,AOI21X1_422,NAND2X1_882,NAND2X1_1001,OAI21X1_1411
397,NOR2X1_337,OAI21X1_77,NOR2X1_212,NAND2X1_407,NOR3X1_127,NAND2X1_770,NAND3X1_209,NOR2X1_581,AOI22X1_191,NOR3X1_296,NAND3X1_1012
398,AOI22X1_50,INVX1_50,OAI21X1_259,NOR2X1_355,AOI21X1_256,NAND2X1_765,INVX1_383,OAI21X1_992,AOI22X1_188,OAI21X1_1246,NAND2X1_1038
399,OAI21X1_194,OUTPUT_\w4_reg[7] ,INVX1_187,AOI21X1_220,AOI21X1_276,NAND3X1_629,NAND3X1_32,NOR2X1_629,NAND2X1_928,INVX1_511,OAI22X1_294
400,NOR2X1_571,OUTPUT_\w1[11] ,OAI22X1_25,AOI21X1_209,NAND3X1_537,NOR3X1_170,AOI21X1_25,NAND3X1_694,OAI22X1_195,NOR2X1_846,AOI21X1_676
401,NAND3X1_153,OUTPUT_\w6_reg[19] ,INVX1_243,OAI21X1_453,NOR2X1_453,NAND3X1_608,NAND3X1_230,NOR2X1_617,OAI21X1_1056,NOR2X1_774,NOR2X1_932
402,NOR2X1_894,OR2X2_10,NOR2X1_298,AOI21X1_61,INVX1_296,NOR2X1_545,INVX1_79,INVX1_420,NOR2X1_709,OAI21X1_1259,OAI21X1_1347
403,OUTPUT_\w5_reg[16] ,OAI21X1_159,AOI22X1_52,OAI21X1_437,INVX1_317,NAND2X1_736,OAI21X1_97,OAI21X1_865,OAI22X1_198,NAND2X1_977,AND2X2_154
404,INVX1_103,NAND2X1_61,AOI22X1_57,OAI21X1_491,INVX1_308,OAI21X1_769,AOI22X1_65,NOR2X1_582,NAND3X1_826,NAND3X1_912,OAI21X1_1389
405,AOI21X1_73,NAND2X1_2,OAI22X1_17,OAI21X1_480,AND2X2_92,OAI21X1_754,NAND2X1_515,AOI21X1_414,NAND3X1_775,AOI21X1_541,OAI22X1_299
406,NAND3X1_52,NAND2X1_432,AOI21X1_100,OAI21X1_250,NOR2X1_437,NOR2X1_563,NAND3X1_253,AOI21X1_411,NAND3X1_833,NAND3X1_935,OAI21X1_1375
407,NAND3X1_828,NAND3X1_163,AOI22X1_92,NAND2X1_605,OAI21X1_678,NAND3X1_152,AOI21X1_66,NOR2X1_620,AOI21X1_521,OAI21X1_1150,NAND2X1_1033
408,NOR3X1_353,INVX1_33,AOI21X1_118,OAI21X1_502,NAND2X1_696,OAI21X1_191,AOI21X1_384,NAND3X1_743,NAND3X1_776,OAI21X1_1233,AOI21X1_652
409,NAND3X1_38,INVX1_191,NAND2X1_525,AOI21X1_163,AOI21X1_264,OAI21X1_777,AOI21X1_33,OAI22X1_189,NAND3X1_847,NOR2X1_819,NAND2X1_1083
410,OAI21X1_961,DFFPOSX1_105,OAI21X1_317,INVX1_268,OAI21X1_638,NAND2X1_232,NAND2X1_507,NAND2X1_844,NOR2X1_750,NOR2X1_788,AOI21X1_665
411,NAND2X1_660,INVX1_86,NAND3X1_358,NAND3X1_371,NAND3X1_559,OAI21X1_782,INVX1_184,AOI21X1_424,AOI21X1_520,OAI21X1_1222,AOI22X1_229
412,OUTPUT_\w4_reg[31] ,AND2X2_32,OAI21X1_299,NAND3X1_450,NAND2X1_461,NOR2X1_555,NAND2X1_516,NAND2X1_847,NOR2X1_720,OAI21X1_1209,NOR2X1_864
413,AOI21X1_237,OUTPUT_\w3[23] ,AOI21X1_136,NAND3X1_203,NOR2X1_399,NAND3X1_631,NAND2X1_509,OAI21X1_971,NAND2X1_944,NOR2X1_776,OAI21X1_1334
414,OUTPUT_\w0[4] ,XNOR2X1_33,OAI21X1_286,NOR2X1_307,NAND2X1_309,AOI21X1_375,NAND2X1_508,NOR3X1_212,NAND2X1_903,NAND3X1_897,OAI21X1_1387
415,NAND3X1_541,NAND2X1_188,NAND2X1_497,NAND2X1_371,NAND2X1_726,OAI21X1_774,NAND3X1_68,NAND2X1_842,AOI21X1_529,OAI21X1_1176,AND2X2_153
416,NOR3X1_133,OAI21X1_39,NOR2X1_249,INVX1_275,NAND2X1_718,INVX1_362,NAND3X1_260,NAND3X1_697,OAI21X1_1021,NAND2X1_1007,NAND3X1_971
417,OAI21X1_1075,NAND2X1_127,NOR2X1_239,AOI21X1_194,AOI21X1_235,AOI21X1_334,OAI21X1_258,OAI22X1_160,NOR3X1_264,OAI21X1_1199,OAI21X1_1288
418,OAI21X1_767,INPUT_\key[8] ,NOR2X1_255,NOR2X1_359,NOR2X1_479,OAI21X1_199,AOI22X1_53,OAI22X1_173,NAND3X1_766,OAI22X1_232,OAI21X1_1310
419,OAI21X1_48,INPUT_\key[19] ,OAI21X1_390,NOR2X1_387,NOR2X1_465,NOR2X1_484,NAND2X1_502,OAI21X1_951,INVX1_458,AOI21X1_604,OAI22X1_295
420,AOI21X1_297,OAI21X1_47,NOR2X1_225,NAND3X1_435,OAI21X1_644,INVX1_339,OAI21X1_858,OAI22X1_165,OAI21X1_1048,NAND2X1_996,OAI21X1_1363
421,NAND3X1_179,INPUT_\key[64] ,AOI22X1_70,AOI21X1_160,NAND2X1_663,OAI22X1_129,NAND3X1_272,NOR2X1_580,OAI21X1_1096,OAI22X1_239,NAND3X1_962
422,INVX1_89,NAND3X1_97,AOI21X1_119,NOR3X1_108,NAND3X1_482,OAI21X1_715,AOI21X1_35,NAND3X1_737,AOI21X1_473,NAND2X1_1009,NAND3X1_1004
423,NOR2X1_514,OUTPUT_\w0[8] ,NAND3X1_348,OAI21X1_239,NAND2X1_668,AOI22X1_139,NAND2X1_520,NOR2X1_603,INVX1_471,NOR3X1_283,NOR3X1_340
424,AND2X2_143,NAND2X1_205,AOI21X1_101,OAI21X1_557,OAI21X1_667,NAND2X1_754,NAND3X1_229,AOI21X1_412,NAND3X1_849,INVX1_489,NAND3X1_963
425,AOI21X1_585,OAI21X1_36,NAND3X1_363,INVX1_270,INVX1_293,AOI21X1_44,NAND3X1_660,NAND3X1_696,NOR2X1_705,OAI22X1_261,OAI21X1_1341
426,NAND2X1_1068,NOR2X1_199,AND2X2_63,OAI21X1_478,NOR3X1_143,INVX1_378,NAND3X1_48,NOR3X1_223,NOR3X1_244,NOR2X1_848,NAND3X1_978
427,NOR2X1_469,AND2X2_30,NAND2X1_545,NAND3X1_413,OAI22X1_81,NAND3X1_191,NOR2X1_205,NOR2X1_584,NAND3X1_803,OAI22X1_263,INVX1_561
428,NOR2X1_680,OAI21X1_144,NAND2X1_519,NOR2X1_366,NAND2X1_692,NOR2X1_530,NAND3X1_664,OAI21X1_918,OAI22X1_202,NOR2X1_825,NOR2X1_916
429,NAND3X1_905,OUTPUT_\w0[24] ,NAND3X1_237,AOI21X1_176,NAND3X1_474,AND2X2_102,NAND3X1_74,NAND2X1_838,AOI21X1_475,NAND3X1_889,NAND3X1_1018
430,OAI21X1_50,NAND2X1_74,NOR2X1_286,AOI21X1_226,OAI22X1_105,OAI21X1_731,NAND3X1_78,OAI21X1_926,NOR2X1_712,OAI21X1_1242,AOI21X1_627
431,OAI21X1_1281,NOR2X1_59,NOR2X1_210,INVX1_289,OAI21X1_577,NAND3X1_634,NAND3X1_86,INVX1_436,AOI22X1_173,AOI21X1_598,OAI21X1_1359
432,NAND3X1_916,OAI21X1_65,OAI21X1_406,NAND3X1_180,NAND2X1_686,INVX1_345,NAND3X1_88,INVX1_438,NAND3X1_783,AOI21X1_614,NAND2X1_1060
433,OR2X2_71,NAND2X1_169,OAI21X1_296,OAI21X1_484,AOI21X1_241,OAI21X1_846,AND2X2_42,NOR2X1_589,NOR2X1_708,OAI21X1_1169,NOR2X1_939
434,OUTPUT_\w1[13] ,NAND2X1_187,NAND3X1_294,NOR2X1_148,AOI21X1_266,OAI21X1_748,DFFPOSX1_129,NOR2X1_632,AOI21X1_480,NOR2X1_829,OAI22X1_279
435,NAND2X1_683,NAND2X1_173,OAI22X1_22,OAI21X1_552,NAND2X1_702,NAND2X1_795,AND2X2_41,AND2X2_118,OAI21X1_1101,AND2X2_142,NAND3X1_1027
436,NOR3X1_57,INVX1_171,NAND3X1_234,INVX1_272,NAND2X1_695,OAI21X1_717,NAND3X1_8,NAND2X1_832,OAI21X1_1114,OAI21X1_1273,NOR3X1_324
437,NOR3X1_84,INPUT_\key[73] ,NAND3X1_221,NAND3X1_387,NOR2X1_444,INVX1_349,NAND3X1_212,NAND2X1_862,NOR2X1_737,NOR2X1_778,NOR3X1_356
438,INVX1_432,OAI21X1_180,OAI21X1_392,NOR2X1_351,AOI21X1_271,AOI21X1_343,OAI21X1_289,OAI21X1_922,AOI21X1_534,INVX1_517,NOR2X1_865
439,NOR3X1_351,OUTPUT_\w2[15] ,NOR3X1_38,NOR3X1_105,AOI21X1_254,INVX1_144,AOI21X1_40,NOR3X1_204,NAND2X1_918,OAI21X1_1151,NAND3X1_1039
440,OAI21X1_1138,XNOR2X1_14,NAND3X1_356,AND2X2_71,NAND3X1_523,OAI21X1_759,NOR3X1_25,NOR2X1_592,AOI21X1_532,AOI21X1_606,AOI21X1_679
441,NOR2X1_379,INVX1_149,NAND3X1_280,OAI21X1_447,NAND3X1_507,NAND3X1_573,OAI21X1_272,NAND3X1_676,NOR3X1_261,AOI21X1_582,AOI21X1_662
442,OAI21X1_81,NAND2X1_152,INVX1_229,NAND2X1_601,AOI21X1_53,OAI21X1_730,OAI21X1_283,NAND3X1_683,OAI21X1_1030,OAI21X1_1212,AOI21X1_646
443,OAI22X1_132,NOR2X1_2,NAND2X1_582,NAND2X1_613,OAI22X1_91,NAND3X1_584,OAI21X1_279,AOI21X1_426,OAI21X1_1035,INVX1_486,NAND3X1_1015
444,AOI22X1_122,OAI21X1_91,NOR2X1_216,NOR2X1_382,INVX1_323,INVX1_377,,OAI21X1_897,NOR3X1_254,OAI22X1_238,AOI21X1_635
445,OAI21X1_365,OUTPUT_\w1[25] ,INVX1_199,NAND3X1_207,NAND2X1_303,AOI21X1_356,,AOI21X1_399,OAI21X1_1015,NAND3X1_888,AOI22X1_223
446,AOI21X1_65,DFFPOSX1_102,NAND3X1_246,NOR3X1_24,INVX1_152,OAI21X1_729,,OAI21X1_869,NOR3X1_274,NOR2X1_772,AOI22X1_230
447,OAI21X1_368,DFFPOSX1_6,NOR2X1_211,AOI21X1_59,OAI21X1_607,AND2X2_98,,NOR2X1_642,NOR2X1_669,AOI22X1_197,OAI21X1_1415
448,OAI21X1_816,OUTPUT_\w7_reg[13] ,OAI21X1_418,AOI22X1_40,AOI22X1_117,OAI21X1_851,,NAND3X1_682,INVX1_483,NOR2X1_842,AND2X2_162
449,OAI21X1_597,OR2X2_49,OAI21X1_378,AOI21X1_164,NAND3X1_551,NAND2X1_785,,NOR2X1_605,NAND3X1_772,INVX1_508,OAI22X1_289
450,OAI22X1_52,NOR2X1_117,OAI21X1_376,NAND3X1_458,OAI21X1_685,NOR3X1_196,,NOR2X1_646,OAI21X1_1076,NAND3X1_927,NOR2X1_856
451,NAND2X1_193,NAND2X1_139,AOI21X1_142,NAND3X1_379,AOI21X1_236,OAI21X1_714,,NAND3X1_679,INVX1_481,AOI21X1_602,NAND2X1_1070
452,OAI21X1_932,OAI21X1_4,INVX1_225,INVX1_257,NOR2X1_124,AOI21X1_332,,NAND3X1_693,AOI21X1_489,OAI21X1_1264,OAI21X1_1371
453,NOR2X1_7,DFFPOSX1_55,OAI22X1_6,AOI21X1_166,OAI22X1_107,OAI21X1_796,,OAI21X1_990,OAI21X1_1073,AOI21X1_583,NOR3X1_339
454,NAND3X1_101,NAND2X1_8,NAND3X1_284,NOR3X1_113,NOR2X1_427,NAND2X1_777,,AOI21X1_395,NAND2X1_909,NOR2X1_843,NAND2X1_1047
455,AOI22X1_200,INPUT_\key[62] ,INVX1_207,OAI21X1_518,AOI22X1_123,AOI21X1_370,,NAND2X1_864,NAND2X1_890,NOR2X1_777,AOI21X1_691
456,NOR2X1_198,NAND2X1_118,AOI21X1_135,INVX1_264,NAND3X1_509,INVX1_344,,OAI22X1_159,NOR2X1_731,NAND2X1_954,AOI21X1_678
457,NAND3X1_873,AND2X2_16,NAND2X1_542,AOI21X1_170,OAI22X1_109,INVX1_338,,OAI21X1_994,NAND2X1_906,OAI21X1_1270,NAND3X1_988
458,AND2X2_36,INPUT_\key[60] ,NOR2X1_251,OAI22X1_57,AND2X2_85,NOR2X1_539,,NAND2X1_865,OAI21X1_1084,INVX1_493,NAND3X1_1044
459,NOR2X1_247,NAND2X1_38,NAND2X1_558,NOR2X1_145,INVX1_318,OAI21X1_197,,INVX1_395,NAND3X1_857,NAND3X1_932,OAI21X1_1361
460,NAND2X1_269,NAND3X1_90,AOI21X1_131,NOR3X1_20,OAI21X1_209,NOR2X1_94,,OAI21X1_999,INVX1_468,NAND3X1_950,NOR2X1_875
461,INVX1_132,NAND2X1_214,OAI22X1_23,OAI21X1_235,OAI21X1_712,NAND3X1_626,,OAI21X1_986,OAI21X1_1068,NAND2X1_973,AOI21X1_631
462,NAND3X1_863,NAND2X1_31,OAI21X1_329,NAND2X1_598,OAI21X1_230,NOR2X1_522,,INVX1_422,AOI21X1_463,NAND3X1_887,NAND2X1_1069
463,OAI21X1_618,INVX1_69,NOR2X1_295,NOR2X1_318,OAI21X1_617,NOR3X1_3,,NOR3X1_217,AOI22X1_184,OAI21X1_1160,NAND3X1_998
464,NAND2X1_13,OUTPUT_\w2[14] ,NAND3X1_243,NAND3X1_388,NAND3X1_195,NOR2X1_496,,AOI21X1_428,NAND2X1_887,OAI21X1_1235,OAI22X1_282
465,OAI21X1_219,OUTPUT_\w0[27] ,INVX1_238,NAND2X1_603,NAND3X1_477,INVX1_363,,AOI21X1_448,NOR2X1_693,OAI22X1_262,OAI21X1_1381
466,NAND2X1_276,NAND3X1_159,AOI21X1_125,AND2X2_73,AOI21X1_290,OAI22X1_122,,OAI21X1_901,INVX1_476,NAND3X1_904,NAND2X1_1080
467,AOI21X1_291,INPUT_\key[31] ,AOI22X1_77,OAI21X1_443,NOR2X1_401,OAI21X1_834,,NAND3X1_723,NAND2X1_939,INVX1_500,NOR3X1_338
468,NAND3X1_782,NAND2X1_52,NAND2X1_526,NAND3X1_389,NAND2X1_713,AOI22X1_140,,INVX1_425,OAI21X1_1009,OAI22X1_243,OAI22X1_301
469,OUTPUT_\w3[20] ,OUTPUT_\w0[11] ,OAI21X1_377,OAI22X1_45,AND2X2_83,NAND2X1_747,,NAND2X1_808,NAND3X1_838,OAI21X1_1250,NOR2X1_928
470,NAND2X1_798,INVX1_87,AOI22X1_74,NOR3X1_114,NAND2X1_347,NAND3X1_577,,NAND3X1_731,INVX1_461,NOR2X1_824,NAND3X1_966
471,AOI21X1_580,DFFPOSX1_123,NAND2X1_529,AOI22X1_36,OAI22X1_102,NOR3X1_164,,OAI21X1_879,NAND3X1_853,AOI21X1_548,NOR2X1_884
472,NAND2X1_983,OUTPUT_\w6_reg[8] ,NAND3X1_347,AOI21X1_172,AND2X2_95,NAND2X1_772,,OAI22X1_186,OAI22X1_210,AOI22X1_207,NAND2X1_1063
473,OAI21X1_825,NOR2X1_17,OAI21X1_411,NOR2X1_314,INVX1_332,NAND2X1_237,,NAND2X1_863,OAI21X1_1117,NOR3X1_316,AOI21X1_644
474,AOI22X1_12,OUTPUT_\w2[17] ,AOI22X1_88,NAND2X1_388,NOR2X1_462,NOR3X1_171,,INVX1_416,NAND2X1_941,AOI21X1_564,NOR3X1_346
475,NAND2X1_530,NOR2X1_68,AOI22X1_72,NAND2X1_405,NOR2X1_438,OAI21X1_762,,OAI22X1_170,OAI21X1_1136,NAND3X1_880,NOR2X1_853
476,NAND3X1_257,NAND2X1_46,OAI22X1_16,AOI22X1_93,NOR2X1_403,OAI21X1_845,,NAND3X1_752,NOR3X1_250,OAI21X1_1243,NAND3X1_961
477,OUTPUT_\w1[11] ,INVX1_56,NAND2X1_536,NAND2X1_604,AOI21X1_273,OR2X2_76,,NOR2X1_608,INVX1_478,OAI21X1_1279,NAND2X1_1045
478,NAND2X1_554,NOR2X1_197,NAND2X1_586,AOI21X1_222,OAI21X1_614,AOI21X1_361,,AOI22X1_160,NOR2X1_703,NAND3X1_901,NAND3X1_992
479,NAND2X1_1050,NOR2X1_140,OAI21X1_372,NAND3X1_426,NOR2X1_170,AOI22X1_6,,NAND3X1_689,NAND2X1_931,NAND3X1_891,AOI21X1_630
480,OAI21X1_1252,INVX1_186,NOR3X1_65,AOI21X1_60,NAND3X1_199,AND2X2_96,,OAI22X1_188,NAND3X1_796,OAI21X1_1190,NOR2X1_941
481,NOR2X1_698,NOR2X1_40,INVX1_237,NOR2X1_347,NAND2X1_691,OAI21X1_806,,NAND2X1_828,NAND3X1_778,OAI21X1_1192,NAND3X1_957
482,OUTPUT_\w3[23] ,NAND3X1_167,NOR3X1_75,OAI22X1_70,NOR2X1_436,AOI22X1_9,,AND2X2_123,NAND2X1_915,OAI21X1_1262,NAND3X1_1034
483,XNOR2X1_33,NAND2X1_5,NAND2X1_569,NOR2X1_139,AND2X2_91,NAND3X1_565,,AOI22X1_162,NAND2X1_892,NOR3X1_302,NAND2X1_1042
484,NAND3X1_512,DFFPOSX1_98,OAI22X1_35,NOR2X1_306,OAI21X1_581,AOI21X1_372,,OAI22X1_193,AOI21X1_499,NAND3X1_872,INVX1_532
485,INPUT_\key[64] ,NAND2X1_44,NAND3X1_292,AOI21X1_183,AOI22X1_118,OAI22X1_128,,INVX1_433,AOI21X1_479,NAND2X1_982,NAND3X1_1005
486,INVX1_472,OUTPUT_\w7_reg[1] ,NOR2X1_222,INVX1_278,NAND3X1_493,NOR2X1_569,,NOR2X1_604,NOR2X1_758,NAND2X1_988,AND2X2_157
487,NAND2X1_978,DFFPOSX1_79,NAND3X1_211,NOR3X1_94,OAI21X1_608,OAI21X1_735,,NAND3X1_678,NAND3X1_836,AOI21X1_558,OAI21X1_1320
488,INVX1_357,INVX1_71,NOR2X1_274,AOI22X1_107,OAI22X1_92,OAI21X1_725,,NOR3X1_210,INVX1_445,AOI21X1_609,OAI22X1_272
489,OAI21X1_838,XOR2X1_11,OAI22X1_36,OAI21X1_489,AOI22X1_130,OAI21X1_203,,AOI21X1_442,NAND3X1_810,OAI21X1_1210,INVX1_556
490,NAND2X1_788,INPUT_\key[1] ,NAND3X1_261,INVX1_259,NAND2X1_697,NAND3X1_599,,INVX1_406,AOI22X1_189,OAI21X1_1280,NOR2X1_900
491,NAND2X1_900,OAI21X1_127,OAI22X1_13,NAND2X1_387,OAI21X1_705,NAND2X1_771,,AOI22X1_154,NAND3X1_764,AOI21X1_563,NAND2X1_1085
492,NOR2X1_199,OAI21X1_72,OAI21X1_400,OAI21X1_542,NAND3X1_534,NAND2X1_790,,NAND3X1_712,NOR3X1_267,OAI22X1_259,NAND3X1_1020
493,NAND2X1_693,NAND2X1_215,AOI21X1_120,OAI21X1_446,NOR2X1_118,NOR2X1_162,,OAI21X1_980,OAI21X1_1133,AOI21X1_577,OAI21X1_1370
494,OUTPUT_\w0[24] ,DFFPOSX1_74,OAI21X1_428,OAI22X1_64,OAI21X1_224,NAND3X1_562,,NAND3X1_705,NOR2X1_682,NAND2X1_960,OAI22X1_306
495,NAND2X1_74,NAND2X1_133,NAND3X1_307,NAND2X1_652,OAI21X1_707,AOI21X1_310,,AOI21X1_454,NOR2X1_677,NOR2X1_796,OAI22X1_275
496,NOR2X1_59,NAND2X1_11,OAI21X1_416,NOR2X1_343,NOR2X1_476,NOR3X1_166,,AOI21X1_441,NAND3X1_835,OAI22X1_250,OAI21X1_1386
497,OAI21X1_65,NAND2X1_82,NAND2X1_532,NOR2X1_339,AOI22X1_26,AOI22X1_151,,NOR2X1_630,OAI21X1_1139,INVX1_495,OAI22X1_278
498,NOR2X1_225,NOR2X1_29,INVX1_213,NAND3X1_201,OAI22X1_103,OAI21X1_750,,NAND3X1_710,NOR2X1_745,INVX1_528,NAND2X1_1076
499,INVX1_265,DFFPOSX1_67,INVX1_209,OAI21X1_454,NOR3X1_13,NAND3X1_603,,INVX1_411,OAI21X1_1046,NOR2X1_806,NAND2X1_1054
500,AOI21X1_119,NAND2X1_200,OAI21X1_316,NAND2X1_610,OAI21X1_603,INVX1_136,,NOR3X1_237,OAI21X1_1036,OAI21X1_1179,NOR2X1_902
501,NAND3X1_615,NAND2X1_290,NOR3X1_78,NOR2X1_368,NAND3X1_538,AOI21X1_320,,AOI21X1_400,INVX1_441,NAND3X1_946,NOR3X1_337
502,NAND3X1_1047,XNOR2X1_29,AOI22X1_67,AOI21X1_161,NAND3X1_543,NAND3X1_592,,NOR2X1_609,OR2X2_78,OAI22X1_257,NAND3X1_986
503,NAND3X1_65,INVX1_25,NAND2X1_495,NAND2X1_658,NOR2X1_393,NAND2X1_231,,NAND3X1_672,NOR2X1_700,OAI21X1_1189,NAND3X1_1025
504,OAI21X1_527,NAND2X1_297,NAND3X1_318,NAND2X1_372,AOI21X1_284,NAND3X1_642,,AOI22X1_157,OAI21X1_1023,NAND3X1_933,NAND3X1_989
505,NAND2X1_776,NAND3X1_109,INVX1_193,AOI21X1_198,AOI21X1_287,NOR3X1_198,,NAND2X1_830,OAI21X1_1140,OAI21X1_1154,AND2X2_158
506,NOR2X1_600,OAI21X1_164,NOR2X1_285,NAND3X1_460,NOR2X1_406,NOR2X1_487,,INVX1_426,OAI22X1_201,NOR3X1_308,OAI21X1_1358
507,NAND2X1_272,NAND2X1_450,INVX1_242,NAND2X1_389,NOR3X1_142,INVX1_372,,NAND2X1_837,NAND3X1_811,AND2X2_139,NAND3X1_1032
508,NAND3X1_385,OUTPUT_\w5_reg[23] ,NOR3X1_72,OAI21X1_508,NOR2X1_463,NOR3X1_177,,NOR2X1_588,NAND3X1_858,NAND3X1_875,NAND2X1_1048
509,NOR2X1_2,OUTPUT_\w6_reg[21] ,OAI21X1_344,OAI22X1_58,OAI21X1_605,NAND3X1_627,,NAND2X1_856,NOR3X1_258,OAI21X1_1208,NOR2X1_869
510,OUTPUT_\w7_reg[13] ,DFFPOSX1_12,AOI22X1_56,OAI21X1_514,OAI21X1_697,NAND2X1_256,,OAI22X1_179,AOI21X1_476,NOR2X1_813,NOR2X1_877
511,NOR2X1_210,OAI21X1_118,XOR2X1_30,AOI21X1_169,NAND2X1_675,NOR3X1_5,,NAND2X1_845,NOR2X1_690,NOR2X1_797,NAND2X1_1059
512,NOR2X1_453,OAI21X1_38,XOR2X1_31,NOR3X1_88,NAND2X1_720,NOR2X1_167,,OAI21X1_902,AOI21X1_519,NOR3X1_310,AOI21X1_668
513,NAND3X1_49,OUTPUT_\w5_reg[8] ,NOR2X1_233,OAI21X1_493,NAND3X1_156,AOI21X1_358,,INVX1_414,AOI21X1_483,AND2X2_147,NOR3X1_360
514,NOR2X1_117,NOR2X1_70,AOI21X1_83,NAND2X1_637,NOR3X1_137,NAND2X1_743,,NAND3X1_706,AOI21X1_505,OAI21X1_1166,OAI21X1_1335
515,OAI21X1_1141,DFFPOSX1_127,OAI21X1_361,OAI22X1_56,NAND3X1_502,NAND2X1_738,,AOI21X1_435,INVX1_465,NAND2X1_979,NAND3X1_970
516,OAI22X1_245,OUTPUT_\w6_reg[12] ,NOR2X1_289,INVX1_279,OAI21X1_584,NAND3X1_594,,OAI21X1_899,NAND2X1_893,OAI21X1_1173,NOR2X1_851
517,NAND3X1_559,NAND2X1_103,NOR3X1_68,NAND3X1_407,OAI21X1_229,OAI22X1_120,,NAND2X1_852,OAI21X1_1034,NOR2X1_783,OAI21X1_1379
518,OAI21X1_1248,NOR2X1_128,INVX1_235,NAND3X1_436,OAI21X1_661,NOR2X1_486,,NOR2X1_613,NAND3X1_815,OAI21X1_1171,OAI22X1_293
519,NAND3X1_955,INVX1_18,NOR2X1_226,NAND3X1_440,AOI22X1_125,AOI21X1_324,,OAI21X1_876,NAND3X1_768,INVX1_522,NAND2X1_1079
520,AOI22X1_179,NAND2X1_177,NAND2X1_590,NOR3X1_107,NAND2X1_676,NAND3X1_563,,NOR2X1_627,NOR3X1_266,AOI21X1_566,NOR2X1_927
521,INVX1_290,OR2X2_61,INVX1_210,AND2X2_74,NAND3X1_194,NAND2X1_253,,OAI21X1_928,OAI22X1_220,AOI21X1_615,NAND3X1_1011
522,DFFPOSX1_55,OAI21X1_73,NAND3X1_245,NAND3X1_381,NOR2X1_433,NOR2X1_557,,OAI21X1_996,NOR2X1_753,NOR2X1_780,NAND3X1_1014
523,AOI21X1_386,OAI21X1_44,NOR2X1_288,AND2X2_70,AOI21X1_270,INVX1_374,,NOR2X1_625,NOR3X1_277,NAND2X1_971,NAND3X1_996
524,NAND2X1_271,NAND2X1_148,NAND3X1_219,NAND3X1_369,INVX1_326,NOR2X1_112,,NAND3X1_759,OAI21X1_1120,OAI21X1_1241,AOI22X1_218
525,OAI21X1_991,XOR2X1_7,NAND3X1_286,AOI21X1_195,OR2X2_75,OAI21X1_803,,INVX1_427,NOR2X1_719,NAND2X1_986,NAND2X1_1081
526,NAND2X1_582,OAI21X1_145,NAND3X1_360,NOR2X1_322,NAND2X1_685,AOI21X1_353,,NOR2X1_666,NAND3X1_821,AOI21X1_547,OAI21X1_1289
527,NAND2X1_38,NOR2X1_191,NAND3X1_267,NAND2X1_651,NAND3X1_552,AOI22X1_135,,OAI21X1_942,NOR3X1_279,NOR2X1_844,OAI21X1_1417
528,NAND3X1_246,OAI21X1_41,OAI21X1_381,NOR2X1_325,OAI21X1_674,NAND2X1_264,,OAI21X1_968,NAND2X1_923,AOI21X1_542,INVX1_536
529,NAND2X1_894,NOR2X1_61,OAI21X1_342,OAI21X1_467,NAND3X1_528,OAI21X1_781,,NOR2X1_660,AND2X2_132,NAND3X1_942,NOR3X1_332
530,NAND3X1_159,OAI21X1_32,OAI21X1_333,OAI21X1_456,OAI22X1_80,NAND2X1_784,,NAND3X1_729,INVX1_448,AOI21X1_554,NOR2X1_903
531,INPUT_\key[31] ,INVX1_120,OAI21X1_348,INVX1_284,AOI21X1_289,OAI21X1_776,,OAI21X1_963,AOI21X1_462,NOR3X1_286,OAI21X1_1343
532,NAND2X1_52,NAND2X1_350,NAND3X1_224,NOR2X1_316,INVX1_307,NAND3X1_192,,AOI21X1_419,INVX1_459,OAI22X1_240,OAI21X1_1327
533,AOI21X1_390,XNOR2X1_23,NAND2X1_551,AND2X2_80,NAND3X1_494,OAI21X1_760,,AOI21X1_417,NAND2X1_898,NAND2X1_1010,OAI21X1_1364
534,OAI21X1_769,INPUT_\key[45] ,NAND2X1_533,NAND3X1_454,NAND3X1_553,OAI21X1_196,,NOR2X1_636,NAND3X1_767,NOR2X1_834,OAI21X1_1337
535,NOR2X1_726,OUTPUT_\w4_reg[14] ,NAND3X1_354,INVX1_276,AOI21X1_232,OAI21X1_723,,AOI22X1_169,OAI21X1_1097,OAI21X1_1237,NOR2X1_893
536,NAND2X1_888,DFFPOSX1_117,NOR2X1_269,NAND3X1_378,AND2X2_87,OAI22X1_134,,NOR3X1_233,NAND3X1_805,AOI21X1_586,NOR2X1_914
537,NOR2X1_836,OAI21X1_184,OAI21X1_385,INVX1_283,NAND2X1_725,NAND2X1_763,,AOI21X1_401,NOR3X1_251,OAI22X1_251,NOR2X1_872
538,OAI22X1_105,NAND2X1_41,INVX1_218,OAI21X1_242,OAI21X1_711,OAI21X1_840,,OAI21X1_972,NOR2X1_674,NAND2X1_953,NAND3X1_1031
539,AOI21X1_457,DFFPOSX1_22,NAND2X1_573,NAND3X1_394,AOI21X1_54,NAND3X1_644,,AOI22X1_155,NAND3X1_785,NOR3X1_289,OAI22X1_273
540,NAND3X1_203,DFFPOSX1_60,NAND2X1_543,AOI22X1_45,NAND2X1_328,NAND3X1_621,,NOR2X1_659,NAND3X1_792,OAI21X1_1249,AOI21X1_634
541,NAND2X1_1027,INVX1_32,AOI22X1_87,NAND2X1_412,OAI21X1_635,NOR2X1_570,,INVX1_421,OAI21X1_1049,NOR2X1_820,OAI21X1_1404
542,OAI21X1_329,OUTPUT_\w2[26] ,NAND2X1_572,NOR3X1_118,NOR2X1_448,INVX1_340,,NAND3X1_719,AOI21X1_478,NOR2X1_850,OAI21X1_1365
543,NOR2X1_307,OUTPUT_\w0[31] ,OAI22X1_32,NOR3X1_81,NOR3X1_128,NAND3X1_617,,NOR3X1_205,AOI21X1_528,NOR2X1_761,INVX1_570
544,NAND2X1_686,OR2X2_47,NOR3X1_47,NOR3X1_119,NAND3X1_478,NOR2X1_512,,OAI21X1_872,NAND2X1_877,AOI21X1_607,NAND2X1_1032
545,AOI21X1_241,DFFPOSX1_4,OAI21X1_346,OAI21X1_526,NAND2X1_325,AOI22X1_145,,NAND2X1_874,NOR2X1_689,INVX1_502,OAI21X1_1391
546,INVX1_275,NAND2X1_208,OAI21X1_393,AOI21X1_156,NAND2X1_333,OAI22X1_137,,NOR2X1_606,NAND2X1_891,NAND2X1_981,NAND3X1_993
547,INVX1_186,NAND2X1_159,OAI21X1_388,AND2X2_78,OAI21X1_660,AOI21X1_311,,OAI21X1_934,NOR2X1_723,OAI21X1_1207,NAND3X1_1023
548,NOR2X1_359,INPUT_\key[121] ,INVX1_244,NOR2X1_331,AOI22X1_127,NAND2X1_767,,OAI21X1_949,AOI21X1_526,OAI22X1_264,OAI21X1_1400
549,NOR2X1_40,NAND3X1_106,NAND3X1_301,NOR3X1_87,AOI21X1_242,NOR3X1_189,,OAI21X1_954,NAND3X1_765,AOI22X1_206,NAND2X1_1073
550,NAND3X1_243,NAND2X1_189,NAND3X1_303,OAI21X1_525,NAND2X1_449,NOR2X1_502,,OAI21X1_885,INVX1_463,NOR3X1_309,OAI21X1_1409
551,NAND2X1_24,DFFPOSX1_116,AOI21X1_81,NOR2X1_324,OAI21X1_679,INVX1_346,,NOR2X1_601,AND2X2_135,AOI21X1_559,OAI21X1_1362
552,OUTPUT_\w7_reg[1] ,OR2X2_13,NOR3X1_50,AOI21X1_57,NAND3X1_491,OAI21X1_737,,NAND2X1_819,NAND3X1_777,OAI21X1_1195,NAND3X1_1029
553,OAI21X1_199,XNOR2X1_7,NAND2X1_546,OAI21X1_244,OAI21X1_590,NAND2X1_268,,OAI21X1_908,NAND3X1_791,OAI21X1_1145,AOI22X1_214
554,NOR2X1_484,OUTPUT_\w3[28] ,OAI21X1_426,AOI21X1_191,INVX1_160,AOI21X1_371,,AOI21X1_396,OAI21X1_1086,NAND3X1_917,INVX1_562
555,NAND3X1_691,OUTPUT_\w3[27] ,NAND3X1_311,OAI21X1_544,NAND3X1_558,INVX1_364,,NOR2X1_611,AOI21X1_500,NAND3X1_906,AOI21X1_621
556,DFFPOSX1_79,NOR2X1_24,NAND2X1_513,AOI21X1_225,INVX1_335,NAND2X1_431,,INVX1_415,OAI21X1_1078,AOI22X1_194,NOR3X1_330
557,NAND3X1_180,OAI21X1_149,OAI22X1_15,NAND3X1_403,NAND2X1_295,INVX1_358,,INVX1_407,OAI22X1_224,AOI21X1_597,INVX1_554
558,NOR3X1_241,NAND2X1_153,AOI22X1_89,NOR2X1_301,OAI21X1_211,NOR2X1_495,,OAI22X1_176,NAND3X1_824,NAND3X1_909,OAI22X1_298
559,AOI21X1_44,XNOR2X1_70,INVX1_228,OAI22X1_73,OAI21X1_615,NAND2X1_284,,NOR2X1_663,NOR2X1_755,AOI21X1_550,AOI21X1_617
560,OAI22X1_16,NAND2X1_460,OAI22X1_20,OAI21X1_451,OAI22X1_77,OAI21X1_721,,OAI21X1_878,NAND3X1_850,AOI21X1_589,NAND3X1_981
561,OAI21X1_127,XNOR2X1_51,NOR2X1_228,OAI21X1_556,AOI22X1_114,NAND2X1_794,,INVX1_397,NOR2X1_740,OAI22X1_256,NOR2X1_922
562,NAND2X1_215,OAI21X1_34,NOR2X1_201,NOR2X1_333,NOR2X1_414,INVX1_347,,OAI21X1_874,OAI21X1_1116,NAND2X1_957,NOR2X1_899
563,NAND3X1_191,DFFPOSX1_88,NAND3X1_282,NAND3X1_432,AOI22X1_27,NOR2X1_493,,AND2X2_119,NAND3X1_829,NAND3X1_882,OAI21X1_1345
564,OAI22X1_236,XNOR2X1_48,NOR2X1_204,NOR2X1_381,OAI21X1_658,NOR2X1_564,,OAI22X1_187,NOR2X1_722,NOR2X1_799,NOR2X1_895
565,NOR2X1_29,NAND2X1_50,AOI21X1_121,NOR2X1_388,NAND2X1_679,AOI21X1_380,,OAI22X1_191,NOR3X1_262,NAND3X1_879,NOR2X1_860
566,DFFPOSX1_67,INPUT_\key[125] ,OAI21X1_327,INVX1_254,NAND3X1_519,AOI21X1_306,,OAI21X1_893,NOR2X1_679,NOR2X1_830,NAND3X1_965
567,NAND2X1_1061,INVX1_105,NAND2X1_498,NOR2X1_376,AOI21X1_56,NAND3X1_610,,NAND2X1_869,NOR3X1_270,NOR3X1_312,OAI21X1_1315
568,NOR2X1_754,NAND2X1_354,OAI21X1_301,OAI21X1_505,NAND3X1_154,NAND2X1_263,,OAI22X1_164,NAND3X1_839,NOR2X1_841,NAND2X1_1037
569,INVX1_318,OUTPUT_\w2[24] ,OAI21X1_320,OAI21X1_238,NAND2X1_678,OAI22X1_152,,OAI22X1_157,OAI21X1_1028,OAI21X1_1202,NOR2X1_883
570,NAND3X1_1006,NOR2X1_64,NAND3X1_270,OAI21X1_475,NAND2X1_700,NAND2X1_737,,OAI21X1_903,OAI21X1_1062,INVX1_526,OAI21X1_1295
571,OAI21X1_209,NAND2X1_483,AOI21X1_112,AOI21X1_213,AOI22X1_23,INVX1_368,,OAI21X1_960,OAI22X1_217,AOI22X1_210,INVX1_568
572,OUTPUT_\w5_reg[23] ,OAI21X1_17,OAI21X1_373,NOR2X1_364,NAND3X1_490,NAND2X1_796,,NAND2X1_857,OAI21X1_1024,NOR2X1_803,NAND2X1_1017
573,OAI21X1_1356,INPUT_\key[61] ,NOR2X1_230,AND2X2_79,NAND2X1_669,NAND3X1_601,,NOR3X1_208,NAND3X1_770,AOI21X1_561,NAND3X1_1033
574,INVX1_525,NAND2X1_457,NAND3X1_312,INVX1_164,OAI22X1_97,NOR2X1_106,,NAND2X1_843,NAND3X1_789,NOR3X1_315,NOR3X1_352
575,NOR3X1_24,NAND2X1_362,OAI21X1_383,NOR2X1_369,INVX1_312,NAND2X1_437,,INVX1_400,OAI21X1_1042,NAND2X1_955,NAND3X1_960
576,OAI21X1_870,OUTPUT_\w4_reg[3] ,NOR2X1_208,NAND2X1_591,NAND3X1_508,INVX1_138,,NAND2X1_866,INVX1_469,AOI22X1_195,NOR2X1_936
577,AOI22X1_40,OUTPUT_\w4_reg[8] ,NAND3X1_258,OAI21X1_468,NOR3X1_149,NAND3X1_636,,NAND3X1_714,NAND2X1_907,AOI22X1_198,OAI21X1_1294
578,OUTPUT_\w5_reg[8] ,NAND2X1_338,OAI21X1_338,OAI21X1_506,NOR2X1_400,OAI21X1_740,,INVX1_418,OAI21X1_1126,INVX1_520,OAI21X1_1382
579,NOR2X1_401,NAND3X1_107,NOR2X1_263,NAND2X1_615,NAND3X1_496,OAI21X1_852,,NOR2X1_653,OAI21X1_1029,NOR2X1_804,NAND3X1_1024
580,INVX1_377,NOR2X1_102,OAI21X1_434,NAND3X1_202,NAND3X1_530,AOI21X1_336,,AOI21X1_398,AOI21X1_477,AOI21X1_573,OAI21X1_1418
581,NAND2X1_103,XNOR2X1_18,OAI21X1_429,NAND3X1_444,NAND3X1_497,AND2X2_101,,AOI21X1_416,AND2X2_134,NOR2X1_822,AOI21X1_632
582,NAND3X1_939,OUTPUT_\w1[4] ,NAND2X1_550,NAND2X1_655,NOR2X1_443,NOR2X1_491,,NAND2X1_824,OAI21X1_1131,AOI21X1_588,OAI22X1_281
583,AND2X2_95,NAND2X1_51,AOI21X1_107,OAI21X1_501,NAND3X1_481,NAND3X1_569,,NOR2X1_610,OAI21X1_1038,OAI21X1_1265,OAI21X1_1323
584,NOR3X1_113,XOR2X1_9,OAI22X1_4,NAND2X1_614,NAND2X1_665,OAI21X1_763,,OAI21X1_939,AOI21X1_531,NOR3X1_304,NAND3X1_997
585,OAI21X1_73,NAND2X1_374,NOR2X1_291,NAND2X1_403,OAI21X1_677,OAI22X1_125,,NAND3X1_746,AOI21X1_510,NAND3X1_868,AOI21X1_689
586,OAI21X1_44,INVX1_169,NOR3X1_61,NOR2X1_390,AND2X2_94,AOI21X1_333,,NOR2X1_586,OAI22X1_212,AOI21X1_599,AOI21X1_650
587,INVX1_193,AND2X2_4,NOR2X1_279,OAI21X1_500,NAND2X1_699,OAI21X1_784,,AOI21X1_430,NAND2X1_922,NAND2X1_962,NAND3X1_964
588,OAI21X1_796,DFFPOSX1_47,INVX1_206,OAI21X1_438,AOI22X1_22,NAND2X1_732,,OAI21X1_1002,OAI22X1_207,OAI22X1_252,NAND2X1_1064
589,NOR2X1_191,INPUT_\key[56] ,NAND2X1_574,OAI21X1_448,AOI22X1_119,OAI21X1_802,,AOI22X1_159,NAND2X1_940,AOI21X1_551,AOI21X1_637
590,AOI22X1_56,OAI21X1_138,OAI21X1_375,OAI21X1_494,NOR2X1_411,OAI21X1_746,,AOI21X1_391,NOR3X1_249,NAND2X1_1000,AND2X2_163
591,OAI21X1_41,NAND2X1_87,INVX1_221,NAND2X1_626,AOI21X1_239,NOR2X1_489,,OAI22X1_166,AOI21X1_496,AOI21X1_560,AOI21X1_624
592,XOR2X1_30,OAI21X1_148,NOR3X1_59,OAI21X1_490,NAND3X1_476,AND2X2_99,,AOI21X1_402,OAI21X1_1063,OAI21X1_1239,NOR3X1_343
593,OAI21X1_32,INVX1_94,NOR3X1_80,NOR2X1_374,NAND3X1_510,NOR2X1_505,,OAI22X1_182,OAI21X1_1066,NAND3X1_893,AOI21X1_633
594,AOI22X1_191,NAND2X1_25,NAND3X1_241,OAI21X1_550,NAND3X1_544,NAND3X1_582,,NOR3X1_202,OAI22X1_229,NOR2X1_823,NAND2X1_1020
595,OAI21X1_197,NAND2X1_195,NAND3X1_316,AOI21X1_212,OAI22X1_101,AOI21X1_364,,NOR2X1_597,OAI21X1_1090,NAND3X1_924,INVX1_541
596,NAND2X1_697,INVX1_65,NAND2X1_585,NOR3X1_18,OAI21X1_653,AOI21X1_340,,NOR3X1_238,OAI21X1_1137,OAI21X1_1211,OAI21X1_1408
597,NOR2X1_94,NAND2X1_143,NAND3X1_214,NOR2X1_345,NAND2X1_324,OAI21X1_771,,AOI21X1_413,NAND2X1_937,AOI21X1_570,NAND3X1_1040
598,OAI22X1_195,XOR2X1_15,INVX1_190,AND2X2_82,OAI22X1_95,OAI22X1_130,,OAI21X1_925,NOR2X1_713,AOI21X1_603,NAND2X1_1019
599,OAI21X1_1056,NAND2X1_486,AOI22X1_76,OAI21X1_440,OAI21X1_652,AOI22X1_7,,OAI21X1_910,NAND3X1_846,NOR3X1_287,NOR2X1_874
600,OAI21X1_184,OR2X2_21,XOR2X1_25,NOR2X1_311,NAND2X1_698,AOI21X1_308,,NOR3X1_213,NOR2X1_739,NOR2X1_767,NOR2X1_931
601,INVX1_235,XNOR2X1_36,OAI21X1_271,NOR2X1_358,AOI21X1_249,AOI21X1_373,,AOI21X1_389,NOR2X1_702,NOR2X1_845,NAND2X1_1024
602,NOR3X1_212,NAND2X1_30,OAI22X1_11,INVX1_262,AOI21X1_281,OAI22X1_118,,NAND3X1_681,OAI21X1_1111,NAND2X1_1002,OAI21X1_1393
603,DFFPOSX1_132,XNOR2X1_44,INVX1_220,NAND2X1_397,AOI21X1_255,NOR3X1_193,,NAND3X1_753,OAI21X1_1026,NOR2X1_835,OAI21X1_1414
604,NAND2X1_388,NAND2X1_88,NOR3X1_73,NAND3X1_415,NOR2X1_133,NOR3X1_183,,OAI22X1_180,AOI21X1_472,AOI21X1_592,AOI21X1_692
605,NOR2X1_226,NOR2X1_26,AOI21X1_123,OAI21X1_521,INVX1_158,AOI22X1_2,,NAND3X1_711,OAI21X1_1059,OAI21X1_1188,NOR3X1_321
606,OR2X2_47,OR2X2_12,OAI22X1_27,NOR2X1_305,OAI21X1_626,NAND3X1_616,,NOR2X1_585,OAI21X1_1025,OAI22X1_242,NAND3X1_980
607,DFFPOSX1_4,OUTPUT_\w1[0] ,AOI21X1_104,OAI21X1_486,AND2X2_88,OAI21X1_200,,AND2X2_112,NAND3X1_819,NAND3X1_913,OAI21X1_1395
608,OAI21X1_1209,OR2X2_39,OAI21X1_325,OAI22X1_51,NAND3X1_524,AOI22X1_144,,AOI22X1_170,NAND2X1_916,OAI21X1_1184,NOR2X1_896
609,OAI22X1_173,INVX1_23,NOR2X1_217,NAND3X1_206,NAND3X1_536,AOI21X1_331,,NOR2X1_628,OAI21X1_1022,OAI21X1_1149,OAI21X1_1388
610,NAND3X1_577,DFFPOSX1_53,NOR2X1_250,NOR2X1_350,NAND2X1_674,OAI21X1_185,,OAI21X1_933,NAND3X1_834,OAI22X1_268,OAI21X1_1332
611,NAND3X1_897,NAND2X1_471,AOI22X1_61,NOR2X1_385,NAND2X1_661,AOI21X1_366,,OAI21X1_867,OAI22X1_218,NAND3X1_948,INVX1_548
612,NAND2X1_944,INVX1_106,OAI21X1_404,NAND3X1_433,OAI21X1_701,NOR2X1_485,,INVX1_439,NOR2X1_729,OAI21X1_1163,AOI21X1_667
613,OAI21X1_1347,NOR2X1_99,INVX1_212,OAI22X1_71,INVX1_330,NOR2X1_511,,OAI21X1_966,AOI22X1_186,OAI22X1_244,NOR3X1_357
614,OAI21X1_342,INVX1_64,OAI21X1_291,NAND3X1_396,NOR2X1_416,INVX1_375,,OAI21X1_916,AOI21X1_474,NAND3X1_877,NAND3X1_1051
615,OAI21X1_333,OAI21X1_124,INVX1_216,AOI22X1_111,AND2X2_86,NOR2X1_508,,INVX1_396,NAND2X1_902,NAND2X1_1005,NOR2X1_859
616,OAI21X1_1389,XNOR2X1_22,NOR3X1_32,OAI21X1_529,AOI22X1_32,INVX1_337,,OAI22X1_169,OAI21X1_1031,NAND2X1_974,OAI21X1_1338
617,AOI21X1_604,OUTPUT_\w0[18] ,NAND3X1_341,NOR2X1_330,OAI21X1_227,INVX1_142,,OAI21X1_898,OAI21X1_1074,OAI21X1_1266,NAND2X1_1036
618,OAI21X1_348,XNOR2X1_67,NOR2X1_282,AOI21X1_175,NAND3X1_465,NAND2X1_277,,OAI21X1_905,NAND3X1_837,NAND2X1_959,OAI21X1_1309
619,NAND2X1_189,INPUT_\key[0] ,NAND2X1_537,NOR2X1_389,OAI22X1_82,NAND2X1_768,,NAND3X1_707,AOI21X1_516,NOR2X1_816,NAND2X1_1055
620,OAI21X1_1375,NAND2X1_330,OAI22X1_9,AOI21X1_155,INVX1_302,AOI22X1_150,,NAND2X1_812,AOI21X1_538,NAND3X1_866,NOR3X1_341
621,OR2X2_13,NAND2X1_207,AND2X2_62,AOI22X1_110,OAI21X1_612,OAI22X1_135,,NAND3X1_670,OAI21X1_1110,OAI21X1_1214,NOR2X1_908
622,NOR2X1_393,OUTPUT_\w1[7] ,INVX1_202,AOI22X1_33,NAND2X1_308,INVX1_343,,NOR2X1_622,OAI21X1_1044,NAND3X1_881,AOI21X1_681
623,NAND3X1_354,DFFPOSX1_33,OAI21X1_341,OAI21X1_488,OAI21X1_645,OAI21X1_738,,NAND2X1_835,OAI21X1_1123,INVX1_487,INVX1_557
624,OAI21X1_1096,OUTPUT_\w7_reg[26] ,OAI21X1_417,NAND2X1_638,OAI22X1_93,AOI21X1_312,,OAI21X1_895,NAND3X1_844,NOR3X1_300,OAI21X1_1301
625,OAI21X1_385,XOR2X1_4,NAND3X1_366,NOR2X1_183,INVX1_319,NOR2X1_558,,INVX1_408,OAI22X1_214,AOI21X1_555,NOR3X1_347
626,OAI21X1_926,OAI21X1_5,NAND3X1_240,AOI22X1_104,OAI21X1_673,OAI21X1_819,,AOI21X1_460,NAND2X1_920,OAI21X1_1234,OAI21X1_1407
627,NOR2X1_24,AND2X2_40,NOR2X1_224,OAI21X1_553,NAND2X1_712,NAND2X1_247,,NOR3X1_235,AOI22X1_175,NOR2X1_784,NOR2X1_885
628,OAI21X1_542,NAND2X1_157,NAND3X1_255,NAND3X1_205,NOR2X1_392,NAND3X1_640,,AOI22X1_171,OAI22X1_197,NOR2X1_811,NAND2X1_1075
629,NAND3X1_849,NAND2X1_80,NOR2X1_262,AOI22X1_39,AOI21X1_228,NAND3X1_646,,AOI21X1_439,OAI21X1_1081,OAI21X1_1230,INVX1_572
630,AOI21X1_287,NAND2X1_140,AOI21X1_139,OAI21X1_465,NOR3X1_126,OAI21X1_833,,,,,
631,OAI21X1_149,AOI21X1_1,NAND3X1_287,NOR3X1_90,OAI21X1_611,NOR2X1_507,,,,,
632,NAND2X1_153,OAI21X1_129,NAND2X1_563,NAND2X1_602,NAND3X1_511,NAND2X1_787,,,,,
633,OAI21X1_446,OUTPUT_\w7_reg[8] ,NOR2X1_299,NAND3X1_455,NOR2X1_435,NOR2X1_528,,,,,
634,OAI21X1_1387,NOR2X1_50,NOR2X1_270,OAI22X1_65,NAND3X1_468,NOR2X1_523,,,,,
635,AOI22X1_6,OR2X2_1,OAI21X1_425,INVX1_287,AOI22X1_115,NAND3X1_606,,,,,
636,OAI21X1_346,NOR2X1_86,NOR2X1_275,OAI21X1_458,NAND2X1_317,AOI21X1_329,,,,,
637,NAND3X1_156,OUTPUT_\w2[18] ,NOR2X1_258,OAI21X1_551,NAND3X1_520,OAI21X1_744,,,,,
638,OUTPUT_\w2[24] ,INPUT_\key[59] ,NOR3X1_56,OAI22X1_46,OAI21X1_693,OAI21X1_817,,,,,
639,AND2X2_118,NAND3X1_183,OAI21X1_396,AOI22X1_48,OAI21X1_708,OAI22X1_150,,,,,
640,NOR2X1_64,OUTPUT_\w7_reg[15] ,INVX1_204,NAND2X1_618,NAND2X1_301,AOI22X1_11,,,,,
641,AOI21X1_598,INPUT_\key[65] ,NAND3X1_277,NAND2X1_592,INVX1_295,OAI21X1_793,,,,,
642,NAND2X1_362,NOR2X1_52,NAND2X1_576,OAI22X1_50,OAI21X1_640,NAND2X1_227,,,,,
643,NAND2X1_389,OR2X2_64,NAND3X1_336,NAND2X1_479,NAND2X1_343,OAI21X1_753,,,,,
644,OUTPUT_\w4_reg[8] ,INVX1_43,OAI21X1_386,NAND2X1_375,AOI21X1_277,NAND3X1_140,,,,,
645,NAND2X1_685,INVX1_10,AOI21X1_143,AOI22X1_44,NAND3X1_505,NOR2X1_553,,,,,
646,OAI21X1_1273,NAND2X1_369,NAND3X1_247,NAND3X1_416,AOI21X1_231,AOI21X1_341,,,,,
647,NAND2X1_51,AND2X2_25,NAND3X1_298,AOI21X1_177,NOR2X1_425,NAND2X1_739,,,,,
648,XOR2X1_9,DFFPOSX1_38,AOI21X1_111,OAI21X1_569,NAND2X1_443,OAI21X1_795,,,,,
649,AOI21X1_289,NAND2X1_110,OAI21X1_371,OAI21X1_492,OAI21X1_680,NAND3X1_614,,,,,
650,AOI21X1_582,NAND2X1_190,OAI21X1_323,OAI21X1_559,OAI22X1_96,AND2X2_104,,,,,
651,INVX1_169,INVX1_98,NOR2X1_248,NAND3X1_204,NAND3X1_522,OAI21X1_787,,,,,
652,NAND3X1_81,NAND3X1_104,OAI21X1_339,OAI21X1_574,NAND3X1_160,NAND2X1_786,,,,,
653,AOI21X1_534,XNOR2X1_8,NAND2X1_535,AOI22X1_109,INVX1_297,INVX1_370,,,,,
654,INVX1_561,NOR2X1_88,OAI21X1_431,NAND3X1_420,OAI21X1_616,NOR2X1_562,,,,,
655,AND2X2_70,INVX1_123,NAND3X1_345,AOI21X1_174,OAI22X1_108,NAND3X1_628,,,,,
656,NAND2X1_725,OAI21X1_176,INVX1_239,AOI21X1_187,INVX1_313,OAI21X1_786,,,,,
657,NOR2X1_916,INPUT_\key[13] ,OAI21X1_281,AOI21X1_196,NAND3X1_525,NOR2X1_551,,,,,
658,NAND2X1_87,NAND2X1_278,OAI21X1_318,AOI21X1_197,NAND2X1_666,OAI21X1_850,,,,,
659,OAI21X1_148,OUTPUT_\w0[9] ,NAND2X1_577,AOI22X1_96,NAND3X1_471,NOR2X1_537,,,,,
660,NAND3X1_29,OUTPUT_\w6_reg[11] ,INVX1_222,OAI22X1_42,AOI21X1_279,NOR3X1_186,,,,,
661,NAND3X1_270,OUTPUT_\w7_reg[25] ,AOI21X1_138,AOI21X1_203,NAND3X1_475,NOR2X1_494,,,,,
662,NAND3X1_84,OAI21X1_169,NAND3X1_328,OAI21X1_236,OAI21X1_662,NOR2X1_100,,,,,
663,NOR2X1_322,NAND3X1_173,NOR3X1_28,NOR3X1_104,INVX1_316,NAND3X1_649,,,,,
664,NOR2X1_842,NAND2X1_155,INVX1_241,NOR2X1_181,NAND2X1_316,AOI21X1_317,,,,,
665,OAI22X1_279,AOI21X1_23,NAND3X1_227,NAND2X1_473,NOR2X1_398,NAND2X1_422,,,,,
666,NAND3X1_1027,INVX1_96,AOI21X1_114,NAND2X1_476,OAI21X1_578,OAI22X1_119,,,,,
667,OAI21X1_456,OAI21X1_64,AOI22X1_63,NAND2X1_355,OAI21X1_639,OAI21X1_798,,,,,
668,NAND2X1_195,DFFPOSX1_112,AOI22X1_91,INVX1_291,NOR2X1_420,OAI21X1_821,,,,,
669,INVX1_508,INPUT_\key[16] ,AOI21X1_146,OAI21X1_554,NAND3X1_196,NOR3X1_163,,,,,
670,INVX1_65,OAI21X1_119,INVX1_215,OAI21X1_472,OAI21X1_683,OAI21X1_193,,,,,
671,NAND3X1_927,DFFPOSX1_84,NOR2X1_266,AOI22X1_102,AOI21X1_50,AOI22X1_4,,,,,
672,NOR3X1_217,OAI21X1_8,NAND2X1_524,NOR3X1_95,NAND2X1_703,OAI21X1_837,,,,,
673,NAND2X1_143,DFFPOSX1_118,AOI21X1_78,NAND3X1_443,NAND2X1_711,OAI22X1_123,,,,,
674,AOI21X1_27,INPUT_\key[46] ,AOI21X1_90,OAI22X1_40,INVX1_303,NOR2X1_501,,,,,
675,AOI21X1_662,OR2X2_45,NOR3X1_53,NAND3X1_453,NAND3X1_513,OAI21X1_770,,,,,
676,AOI21X1_428,INVX1_41,NAND2X1_538,NAND2X1_373,OAI21X1_588,NOR3X1_168,,,,,
677,INVX1_276,INVX1_21,OAI21X1_274,NOR2X1_332,AOI21X1_243,NAND2X1_745,,,,,
678,NOR2X1_843,AND2X2_2,NAND3X1_271,NOR2X1_348,AOI21X1_274,OAI22X1_149,,,,,
679,INVX1_283,AOI21X1_15,AOI22X1_82,NOR3X1_17,OAI21X1_663,NOR2X1_566,,,,,
680,XNOR2X1_44,NAND2X1_393,AOI21X1_124,NOR3X1_106,NOR2X1_471,NAND2X1_228,,,,,
681,NOR2X1_26,NAND2X1_209,NAND3X1_367,NAND2X1_597,NAND3X1_466,NOR2X1_533,,,,,
682,OR2X2_12,OR2X2_46,OAI22X1_37,OAI21X1_466,NAND3X1_500,AOI22X1_148,,,,,
683,NAND2X1_550,OAI21X1_158,AOI22X1_60,AOI21X1_223,AOI21X1_240,OAI22X1_151,,,,,
684,OAI21X1_429,OUTPUT_\w4_reg[6] ,NAND3X1_232,OAI22X1_60,NAND3X1_469,OAI21X1_734,,,,,
685,INVX1_425,AND2X2_10,AOI21X1_110,NOR2X1_326,OAI21X1_651,NOR3X1_7,,,,,
686,NAND3X1_887,NOR2X1_125,INVX1_226,NAND3X1_406,OAI21X1_220,OAI22X1_144,,,,,
687,OAI21X1_1160,OUTPUT_\w4_reg[17] ,OAI21X1_397,OAI21X1_247,NOR2X1_432,NAND3X1_604,,,,,
688,AOI22X1_114,DFFPOSX1_34,NOR3X1_58,NAND3X1_395,NAND3X1_492,NOR3X1_181,,,,,
689,NOR3X1_118,OUTPUT_\w0[28] ,NOR2X1_292,NOR3X1_109,OAI21X1_613,NAND2X1_740,,,,,
690,INVX1_206,NAND2X1_79,OAI21X1_335,OAI21X1_470,NOR3X1_136,NOR3X1_180,,,,,
691,AOI21X1_156,DFFPOSX1_99,AOI21X1_127,NOR3X1_92,OAI22X1_112,AOI21X1_47,,,,,
692,NOR3X1_59,OR2X2_32,NAND3X1_278,NOR2X1_342,OAI21X1_703,NAND2X1_766,,,,,
693,NOR3X1_316,INVX1_107,AOI22X1_64,OAI21X1_565,INVX1_305,NOR2X1_548,,,,,
694,NAND2X1_784,OR2X2_20,OAI21X1_413,NAND3X1_174,NAND3X1_166,NAND2X1_235,,,,,
695,OAI21X1_860,OUTPUT_\w3[14] ,OAI22X1_34,OAI21X1_479,NOR3X1_153,AOI21X1_304,,,,,
696,AND2X2_78,OR2X2_53,OAI21X1_433,NAND3X1_402,NOR2X1_445,NAND3X1_648,,,,,
697,NOR2X1_99,OAI21X1_246,NAND2X1_492,NAND3X1_449,OAI21X1_620,NAND3X1_564,,,,,
698,OAI21X1_196,NAND2X1_72,NOR3X1_76,INVX1_274,OAI21X1_695,NOR2X1_554,,,,,
699,NOR2X1_324,INPUT_\key[22] ,NAND2X1_544,NAND2X1_599,NAND2X1_352,OAI21X1_812,,,,,
700,NAND2X1_763,OAI21X1_90,NAND3X1_291,INVX1_174,AOI22X1_121,OAI21X1_818,,,,,
701,NAND3X1_901,INPUT_\key[111] ,NAND2X1_528,AOI22X1_42,OAI21X1_686,AOI21X1_342,,,,,
702,NAND2X1_700,INVX1_92,NAND2X1_523,INVX1_172,NOR3X1_147,AOI21X1_379,,,,,
703,NAND3X1_988,NOR2X1_126,NOR2X1_246,OAI21X1_248,NOR2X1_480,NOR3X1_191,,,,,
704,OUTPUT_\w1[7] ,NAND2X1_201,OAI21X1_415,NOR2X1_179,NAND3X1_506,NOR3X1_162,,,,,
705,OUTPUT_\w7_reg[26] ,OUTPUT_\w6_reg[16] ,NAND3X1_209,OAI21X1_473,INVX1_334,NAND3X1_605,,,,,
706,OAI21X1_5,NOR2X1_75,AOI21X1_134,OAI21X1_461,OAI21X1_594,NAND3X1_572,,,,,
707,NAND2X1_157,OR2X2_43,NOR2X1_265,AOI21X1_173,NOR2X1_428,NAND3X1_654,,,,,
708,OAI21X1_1361,OUTPUT_\w5_reg[14] ,NAND3X1_365,OAI21X1_481,NOR3X1_160,AOI22X1_1,,,,,
709,OAI21X1_129,XOR2X1_13,NOR2X1_243,AOI22X1_98,NAND2X1_728,NOR2X1_559,,,,,
710,NOR2X1_502,OUTPUT_\w7_reg[5] ,OAI21X1_315,INVX1_258,OAI21X1_593,NAND2X1_419,,,,,
711,AOI21X1_104,OUTPUT_\w5_reg[1] ,AOI22X1_90,OAI21X1_495,NOR3X1_157,NOR2X1_560,,,,,
712,OUTPUT_\w2[18] ,AOI21X1_11,NOR2X1_296,AOI21X1_167,NOR3X1_141,INVX1_356,,,,,
713,NAND3X1_508,INPUT_\key[12] ,OAI21X1_300,NAND3X1_429,OAI22X1_114,OAI21X1_791,,,,,
714,NOR2X1_217,XNOR2X1_5,NAND3X1_299,NAND2X1_624,INVX1_320,NAND2X1_757,,,,,
715,AOI22X1_61,INPUT_\key[57] ,NAND3X1_230,INVX1_266,OAI21X1_647,INVX1_355,,,,,
716,NOR3X1_338,NOR2X1_129,INVX1_234,OAI22X1_49,NAND3X1_516,NAND3X1_583,,,,,
717,OAI21X1_1117,NAND2X1_322,NAND3X1_349,NAND2X1_641,NAND2X1_705,NOR3X1_194,,,,,
718,NAND3X1_496,OUTPUT_\w5_reg[28] ,OAI21X1_322,OAI21X1_517,NOR2X1_391,AND2X2_106,,,,,
719,NAND2X1_960,XNOR2X1_6,AOI21X1_92,NOR2X1_142,NOR3X1_159,OAI21X1_772,,,,,
720,NOR2X1_928,NAND3X1_141,AND2X2_69,OAI21X1_444,NAND2X1_729,NOR3X1_178,,,,,
721,NAND3X1_966,OAI21X1_201,AOI22X1_65,NAND2X1_356,OAI21X1_688,NAND3X1_587,,,,,
722,OUTPUT_\w7_reg[15] ,OUTPUT_\w4_reg[2] ,NAND2X1_515,AOI21X1_181,OAI21X1_632,NOR3X1_200,,,,,
723,OAI22X1_250,OUTPUT_\w7_reg[19] ,NAND3X1_253,NAND2X1_647,OAI21X1_692,NAND2X1_753,,,,,
724,INVX1_478,NAND2X1_273,NAND2X1_560,INVX1_286,NOR2X1_396,AOI21X1_365,,,,,
725,INPUT_\key[65] ,INVX1_195,NAND3X1_297,NAND2X1_640,OAI22X1_85,NAND3X1_190,,,,,
726,OAI21X1_677,XOR2X1_2,NAND3X1_313,NAND2X1_644,NAND3X1_499,NAND2X1_283,,,,,
727,AND2X2_94,NOR2X1_18,AND2X2_65,OAI21X1_541,NAND2X1_707,NOR3X1_165,,,,,
728,AOI21X1_306,DFFPOSX1_100,AND2X2_59,OAI22X1_54,NAND2X1_688,NOR2X1_531,,,,,
729,NAND3X1_778,INPUT_\key[23] ,INVX1_227,NOR2X1_377,NAND2X1_458,OAI21X1_727,,,,,
730,OAI22X1_152,NAND2X1_217,AOI22X1_86,INVX1_251,NOR2X1_472,AOI21X1_338,,,,,
731,NAND2X1_915,NAND2X1_345,NAND2X1_507,NAND2X1_650,NOR2X1_174,INVX1_365,,,,,
732,XNOR2X1_8,XNOR2X1_15,INVX1_184,OAI22X1_48,AOI21X1_52,AOI21X1_377,,,,,
733,OAI21X1_1154,NOR2X1_47,NAND2X1_516,AOI21X1_186,AOI21X1_248,OAI21X1_800,,,,,
734,NOR3X1_308,OUTPUT_\w2[19] ,AOI21X1_84,INVX1_162,AOI21X1_292,OAI21X1_779,,,,,
735,NAND2X1_278,AND2X2_12,NAND3X1_333,OAI21X1_571,OAI21X1_600,NOR2X1_525,,,,,
736,OAI21X1_417,NAND2X1_121,AOI21X1_129,NAND2X1_617,AOI21X1_263,INVX1_140,,,,,
737,OAI21X1_1208,OR2X2_72,AOI21X1_95,INVX1_248,NOR3X1_12,NOR2X1_565,,,,,
738,NOR2X1_797,OR2X2_6,NOR2X1_214,NOR2X1_308,NOR2X1_434,OAI22X1_138,,,,,
739,INVX1_138,NOR2X1_135,NAND2X1_509,NAND2X1_364,AOI21X1_253,AOI21X1_345,,,,,
740,OAI21X1_501,AND2X2_8,NOR3X1_41,INVX1_255,OAI21X1_687,OAI21X1_205,,,,,
741,OAI21X1_169,DFFPOSX1_13,OAI21X1_313,AOI21X1_217,NAND3X1_514,NAND3X1_189,,,,,
742,AND2X2_101,OUTPUT_\w5_reg[3] ,AOI22X1_53,AOI21X1_211,INVX1_315,NAND3X1_581,,,,,
743,AND2X2_43,NOR2X1_71,AOI21X1_75,NOR2X1_380,OAI22X1_86,INVX1_369,,,,,
744,NAND3X1_569,NOR2X1_185,NAND2X1_570,AND2X2_76,AOI21X1_245,NAND3X1_638,,,,,
745,INVX1_96,NAND2X1_115,NOR3X1_55,AOI21X1_219,OAI21X1_586,NAND3X1_575,,,,,
746,OAI21X1_64,OAI21X1_11,NAND2X1_549,AOI21X1_208,NOR3X1_10,OAI21X1_742,,,,,
747,NAND2X1_979,NAND3X1_91,AOI22X1_84,OAI21X1_519,NOR2X1_461,NOR2X1_526,,,,,
748,NOR2X1_609,NOR2X1_1,OAI21X1_430,INVX1_249,NOR3X1_154,NOR2X1_524,,,,,
749,OAI22X1_272,NAND2X1_106,NAND3X1_304,NOR2X1_184,NAND2X1_722,AOI22X1_3,,,,,
750,INVX1_556,AOI21X1_10,NAND3X1_272,NAND2X1_639,AOI22X1_20,INVX1_373,,,,,
751,NOR2X1_900,INPUT_\key[84] ,NOR2X1_280,NAND2X1_616,NOR2X1_449,AOI21X1_305,,,,,
752,DFFPOSX1_112,OAI21X1_162,OAI21X1_395,NAND3X1_423,NOR2X1_175,NAND2X1_760,,,,,
753,OAI21X1_1036,NAND2X1_125,OAI21X1_366,INVX1_250,NOR2X1_440,NOR2X1_542,,,,,
754,INVX1_158,OUTPUT_\w3[0] ,NAND2X1_520,OAI21X1_474,NAND2X1_681,NAND2X1_764,,,,,
755,OAI21X1_8,NAND3X1_73,NAND2X1_588,NOR2X1_353,AOI21X1_233,NAND3X1_620,,,,,
756,INPUT_\key[46] ,OUTPUT_\w2[23] ,NAND3X1_229,NAND2X1_411,AOI21X1_51,OAI21X1_813,,,,,
757,NOR2X1_258,AOI21X1_14,NAND3X1_276,NAND3X1_399,NOR2X1_442,NAND3X1_595,,,,,
758,NAND3X1_524,OUTPUT_\w6_reg[22] ,OAI22X1_19,OAI21X1_256,AOI22X1_124,NAND2X1_783,,,,,
759,OAI21X1_440,XOR2X1_24,OAI21X1_314,AOI21X1_58,NOR2X1_467,NOR2X1_534,,,,,
760,NOR2X1_783,NOR2X1_77,NOR2X1_205,OAI22X1_74,NAND2X1_299,NAND2X1_758,,,,,
761,INVX1_21,NOR2X1_111,OAI21X1_349,AOI21X1_152,NAND3X1_504,NAND2X1_236,,,,,
762,OAI21X1_1171,XNOR2X1_35,NOR2X1_278,NAND3X1_390,NOR3X1_145,NAND3X1_656,,,,,
763,NOR2X1_358,INPUT_\key[32] ,NOR3X1_70,AOI21X1_62,OAI22X1_87,NAND3X1_632,,,,,
764,NAND3X1_706,OUTPUT_\w3[10] ,NAND2X1_578,NOR3X1_100,AOI21X1_288,NAND3X1_186,,,,,
765,NAND3X1_247,OUTPUT_\w5_reg[26] ,OAI21X1_409,NAND2X1_608,NOR2X1_395,AOI22X1_133,,,,,
766,AOI22X1_32,NOR2X1_72,AOI21X1_141,,,,,,,,
767,OAI21X1_200,OUTPUT_\w5_reg[0] ,AND2X2_68,,,,,,,,
768,NAND3X1_298,INPUT_\key[81] ,NAND2X1_539,,,,,,,,
769,NOR2X1_780,DFFPOSX1_97,NAND2X1_557,,,,,,,,
770,OAI21X1_521,OUTPUT_\w2[25] ,NOR3X1_77,,,,,,,,
771,OUTPUT_\w4_reg[17] ,DFFPOSX1_30,NAND3X1_362,,,,,,,,
772,DFFPOSX1_34,OUTPUT_\w7_reg[17] ,NAND2X1_583,,,,,,,,
773,NAND3X1_465,OAI21X1_131,OAI21X1_326,,,,,,,,
774,NAND2X1_79,NOR2X1_147,OAI21X1_289,,,,,,,,
775,NAND3X1_206,INPUT_\key[113] ,OAI21X1_347,,,,,,,,
776,NOR2X1_350,DFFPOSX1_65,NAND3X1_306,,,,,,,,
777,NAND3X1_433,NOR2X1_156,NAND2X1_521,,,,,,,,
778,OAI21X1_876,AND2X2_34,NAND2X1_565,,,,,,,,
779,INVX1_337,XNOR2X1_16,NOR2X1_234,,,,,,,,
780,OAI21X1_246,NAND2X1_321,OR2X2_73,,,,,,,,
781,NAND3X1_768,NAND2X1_206,OAI21X1_279,,,,,,,,
782,NOR3X1_286,INVX1_182,,,,,,,,,
783,OAI22X1_135,INPUT_\key[107] ,,,,,,,,,
784,NOR3X1_277,NAND2X1_185,,,,,,,,,
785,INVX1_239,NOR2X1_30,,,,,,,,,
786,NOR2X1_389,NAND2X1_40,,,,,,,,,
787,NOR2X1_558,AND2X2_11,,,,,,,,,
788,INPUT_\key[22] ,DFFPOSX1_81,,,,,,,,,
789,NOR2X1_666,DFFPOSX1_93,,,,,,,,,
790,NAND2X1_1010,DFFPOSX1_64,,,,,,,,,
791,NAND3X1_970,INPUT_\key[33] ,,,,,,,,,
792,NOR2X1_851,INVX1_91,,,,,,,,,
793,NOR3X1_279,DFFPOSX1_73,,,,,,,,,
794,NAND3X1_646,NAND2X1_218,,,,,,,,,
795,NOR3X1_289,INPUT_\key[4] ,,,,,,,,,
796,NOR2X1_507,INVX1_192,,,,,,,,,
797,NAND2X1_787,INPUT_\key[93] ,,,,,,,,,
798,OUTPUT_\w6_reg[16] ,AND2X2_21,,,,,,,,,
799,AOI21X1_329,OR2X2_50,,,,,,,,,
800,OAI21X1_744,INVX1_59,,,,,,,,,
801,NAND3X1_729,XNOR2X1_72,,,,,,,,,
802,OUTPUT_\w5_reg[14] ,NOR2X1_153,,,,,,,,,
803,OAI21X1_465,OAI21X1_88,,,,,,,,,
804,XOR2X1_13,NOR2X1_27,,,,,,,,,
805,INVX1_215,NAND2X1_220,,,,,,,,,
806,NAND2X1_317,NAND2X1_230,,,,,,,,,
807,OAI21X1_708,OAI21X1_2,,,,,,,,,
808,NAND2X1_227,NOR2X1_42,,,,,,,,,
809,NOR3X1_251,INPUT_\key[120] ,,,,,,,,,
810,XNOR2X1_5,OUTPUT_\w5_reg[21] ,,,,,,,,,
811,NAND2X1_343,NAND3X1_105,,,,,,,,,
812,NAND3X1_792,INVX1_201,,,,,,,,,
813,AOI22X1_169,INPUT_\key[30] ,,,,,,,,,
814,AOI21X1_90,OAI21X1_195,,,,,,,,,
815,OAI21X1_458,NAND2X1_7,,,,,,,,,
816,OAI22X1_264,NAND2X1_394,,,,,,,,,
817,NOR2X1_689,NAND2X1_444,,,,,,,,,
818,XNOR2X1_6,OUTPUT_\w6_reg[13] ,,,,,,,,,
819,OAI22X1_50,OUTPUT_\w7_reg[14] ,,,,,,,,,
820,OAI21X1_569,NAND2X1_212,,,,,,,,,
821,NAND3X1_416,OUTPUT_\w3[5] ,,,,,,,,,
822,AOI21X1_526,OUTPUT_\w2[28] ,,,,,,,,,
823,NAND3X1_614,OR2X2_18,,,,,,,,,
824,NAND3X1_525,OUTPUT_\w4_reg[18] ,,,,,,,,,
825,AND2X2_135,OUTPUT_\w0[26] ,,,,,,,,,
826,OAI21X1_1343,NAND2X1_225,,,,,,,,,
827,OAI21X1_1145,AND2X2_13,,,,,,,,,
828,AOI21X1_110,INPUT_\key[54] ,,,,,,,,,
829,NOR2X1_562,AND2X2_9,,,,,,,,,
830,OAI21X1_662,NOR2X1_119,,,,,,,,,
831,OAI21X1_1364,OR2X2_25,,,,,,,,,
832,OAI21X1_236,INVX1_45,,,,,,,,,
833,INVX1_195,OUTPUT_\w7_reg[27] ,,,,,,,,,
834,NOR3X1_58,NAND2X1_199,,,,,,,,,
835,XOR2X1_2,XNOR2X1_63,,,,,,,,,
836,NOR2X1_494,OAI21X1_75,,,,,,,,,
837,OAI21X1_1404,INVX1_68,,,,,,,,,
838,OAI22X1_256,NAND2X1_45,,,,,,,,,
839,NAND3X1_879,NOR2X1_63,,,,,,,,,
840,NAND2X1_711,OR2X2_30,,,,,,,,,
841,OAI22X1_176,NAND2X1_442,,,,,,,,,
842,OAI21X1_1400,INPUT_\key[123] ,,,,,,,,,
843,NAND3X1_1029,OUTPUT_\w6_reg[27] ,,,,,,,,,
844,OAI21X1_588,NAND2X1_202,,,,,,,,,
845,NAND2X1_745,OAI21X1_204,,,,,,,,,
846,AND2X2_8,NOR2X1_33,,,,,,,,,
847,NOR2X1_471,INPUT_\key[50] ,,,,,,,,,
848,NOR2X1_566,NAND2X1_19,,,,,,,,,
849,NAND2X1_544,INVX1_95,,,,,,,,,
850,NOR2X1_71,INVX1_39,,,,,,,,,
851,NOR2X1_432,INPUT_\key[117] ,,,,,,,,,
852,AOI21X1_134,NAND2X1_83,,,,,,,,,
853,NOR3X1_95,INVX1_14,,,,,,,,,
854,OAI22X1_144,OUTPUT_\w2[8] ,,,,,,,,,
855,NAND2X1_106,OUTPUT_\w5_reg[6] ,,,,,,,,,
856,AOI22X1_90,XNOR2X1_11,,,,,,,,,
857,NAND2X1_907,NOR2X1_66,,,,,,,,,
858,NOR3X1_315,INVX1_57,,,,,,,,,
859,NAND2X1_766,NAND2X1_174,,,,,,,,,
860,OAI21X1_695,XNOR2X1_31,,,,,,,,,
861,NOR2X1_548,INVX1_167,,,,,,,,,
862,NAND2X1_235,INVX1_48,,,,,,,,,
863,NAND3X1_648,INVX1_121,,,,,,,,,
864,AND2X2_134,NAND2X1_132,,,,,,,,,
865,OAI21X1_686,OUTPUT_\w6_reg[28] ,,,,,,,,,
866,NOR3X1_106,DFFPOSX1_120,,,,,,,,,
867,INVX1_79,INVX1_29,,,,,,,,,
868,OUTPUT_\w2[23] ,OUTPUT_\w2[12] ,,,,,,,,,
869,OAI21X1_594,OAI21X1_137,,,,,,,,,
870,NOR2X1_822,NAND2X1_154,,,,,,,,,
871,OAI22X1_60,OUTPUT_\w1[31] ,,,,,,,,,
872,NOR2X1_111,INPUT_\key[14] ,,,,,,,,,
873,INPUT_\key[32] ,NAND2X1_101,,,,,,,,,
874,NOR3X1_191,NAND2X1_131,,,,,,,,,
875,OAI21X1_593,NAND2X1_298,,,,,,,,,
876,OAI21X1_1063,INPUT_\key[110] ,,,,,,,,,
877,NAND3X1_253,OR2X2_65,,,,,,,,,
878,NAND3X1_605,OR2X2_15,,,,,,,,,
879,OAI21X1_1295,INVX1_180,,,,,,,,,
880,INVX1_568,OUTPUT_\w5_reg[22] ,,,,,,,,,
881,AOI21X1_416,NAND2X1_167,,,,,,,,,
882,INPUT_\key[113] ,OAI21X1_63,,,,,,,,,
883,NAND3X1_1033,NAND2X1_480,,,,,,,,,
884,NAND2X1_937,DFFPOSX1_44,,,,,,,,,
885,XNOR2X1_16,DFFPOSX1_59,,,,,,,,,
886,OAI21X1_791,OAI21X1_151,,,,,,,,,
887,INVX1_227,OAI21X1_143,,,,,,,,,
888,NAND3X1_746,NOR2X1_20,,,,,,,,,
889,NAND2X1_321,NAND2X1_150,,,,,,,,,
890,NAND2X1_507,XNOR2X1_27,,,,,,,,,
891,NOR2X1_30,NAND2X1_20,,,,,,,,,
892,NAND2X1_185,NAND3X1_139,,,,,,,,,
893,AND2X2_11,NOR2X1_92,,,,,,,,,
894,NAND3X1_1024,NOR2X1_57,,,,,,,,,
895,DFFPOSX1_93,DFFPOSX1_103,,,,,,,,,
896,INVX1_258,DFFPOSX1_10,,,,,,,,,
897,NOR3X1_165,OUTPUT_\w0[7] ,,,,,,,,,
898,AOI21X1_624,NOR2X1_55,,,,,,,,,
899,OAI21X1_313,NAND2X1_123,,,,,,,,,
900,NOR2X1_597,NOR2X1_35,,,,,,,,,
901,AOI21X1_248,OAI21X1_58,,,,,,,,,
902,OAI21X1_444,OUTPUT_\w7_reg[28] ,,,,,,,,,
903,OAI21X1_2,OUTPUT_\w4_reg[10] ,,,,,,,,,
904,NAND3X1_304,INPUT_\key[114] ,,,,,,,,,
905,INVX1_286,OUTPUT_\w4_reg[22] ,,,,,,,,,
906,NAND2X1_640,NAND2X1_334,,,,,,,,,
907,NOR2X1_377,OR2X2_24,,,,,,,,,
908,OAI21X1_1414,NAND2X1_144,,,,,,,,,
909,AOI21X1_692,OR2X2_16,,,,,,,,,
910,INPUT_\key[30] ,INPUT_\key[35] ,,,,,,,,,
911,NAND2X1_588,OAI21X1_207,,,,,,,,,
912,OAI21X1_1395,NAND2X1_53,,,,,,,,,
913,OAI22X1_180,DFFPOSX1_111,,,,,,,,,
914,OAI21X1_1388,OUTPUT_\w6_reg[10] ,,,,,,,,,
915,NAND3X1_48,NAND2X1_36,,,,,,,,,
916,INVX1_248,INPUT_\key[34] ,,,,,,,,,
917,OAI21X1_195,NAND2X1_274,,,,,,,,,
918,OAI21X1_1074,INPUT_\key[36] ,,,,,,,,,
919,OUTPUT_\w7_reg[14] ,NAND2X1_186,,,,,,,,,
920,AOI22X1_3,INPUT_\key[116] ,,,,,,,,,
921,INVX1_373,NAND2X1_136,,,,,,,,,
922,NOR3X1_10,INPUT_\key[3] ,,,,,,,,,
923,AOI21X1_305,OUTPUT_\w3[21] ,,,,,,,,,
924,AOI21X1_516,OUTPUT_\w5_reg[24] ,,,,,,,,,
925,AOI21X1_217,NAND2X1_410,,,,,,,,,
926,OAI21X1_1110,NOR2X1_189,,,,,,,,,
927,AOI22X1_20,OUTPUT_\w1[5] ,,,,,,,,,
928,NOR2X1_440,OUTPUT_\w0[13] ,,,,,,,,,
929,INVX1_396,AND2X2_26,,,,,,,,,
930,NAND3X1_78,NAND2X1_469,,,,,,,,,
931,AND2X2_13,NAND2X1_104,,,,,,,,,
932,NOR2X1_908,DFFPOSX1_95,,,,,,,,,
933,INVX1_487,OUTPUT_\w7_reg[6] ,,,,,,,,,
934,DFFPOSX1_129,OUTPUT_\w1[22] ,,,,,,,,,
935,INVX1_557,OAI21X1_40,,,,,,,,,
936,OAI21X1_1123,XOR2X1_1,,,,,,,,,
937,NAND3X1_8,NOR2X1_73,,,,,,,,,
938,OAI21X1_895,NOR2X1_152,,,,,,,,,
939,OAI21X1_347,NAND2X1_85,,,,,,,,,
940,NOR3X1_300,NOR2X1_114,,,,,,,,,
941,INVX1_45,OUTPUT_\w3[24] ,,,,,,,,,
942,OUTPUT_\w7_reg[27] ,NAND2X1_78,,,,,,,,,
943,NAND2X1_299,INVX1_157,,,,,,,,,
944,NOR3X1_25,OR2X2_14,,,,,,,,,
945,NAND3X1_656,XNOR2X1_25,,,,,,,,,
946,NAND3X1_504,OUTPUT_\w6_reg[9] ,,,,,,,,,
947,OAI21X1_272,NAND3X1_89,,,,,,,,,
948,AOI22X1_133,OR2X2_23,,,,,,,,,
949,OAI21X1_1003,NAND2X1_226,,,,,,,,,
950,AOI21X1_622,OUTPUT_\w3[12] ,,,,,,,,,
951,OAI21X1_773,XNOR2X1_21,,,,,,,,,
952,OR2X2_30,OUTPUT_\w2[31] ,,,,,,,,,
953,NOR2X1_320,OUTPUT_\w3[26] ,,,,,,,,,
954,OAI21X1_287,OUTPUT_\w6_reg[5] ,,,,,,,,,
955,AOI22X1_158,XNOR2X1_28,,,,,,,,,
956,NAND2X1_442,OAI21X1_161,,,,,,,,,
957,INPUT_\key[123] ,OAI21X1_14,,,,,,,,,
958,NOR2X1_656,INVX1_30,,,,,,,,,
959,NOR2X1_623,NAND2X1_198,,,,,,,,,
960,AND2X2_160,OAI21X1_231,,,,,,,,,
961,AOI22X1_25,INVX1_42,,,,,,,,,
962,OAI21X1_1372,XNOR2X1_39,,,,,,,,,
963,NOR2X1_935,NAND2X1_168,,,,,,,,,
964,OAI21X1_944,OAI21X1_86,,,,,,,,,
965,OAI21X1_1348,OR2X2_58,,,,,,,,,
966,OAI21X1_204,INPUT_\key[63] ,,,,,,,,,
967,INPUT_\key[50] ,INVX1_163,,,,,,,,,
968,NAND3X1_343,DFFPOSX1_85,,,,,,,,,
969,AOI22X1_185,INPUT_\key[78] ,,,,,,,,,
970,INVX1_95,NOR2X1_90,,,,,,,,,
971,INVX1_39,DFFPOSX1_52,,,,,,,,,
972,OAI21X1_1351,INVX1_177,,,,,,,,,
973,NAND3X1_657,NAND2X1_34,,,,,,,,,
974,OUTPUT_\w2[8] ,INVX1_2,,,,,,,,,
975,OAI21X1_1094,NAND3X1_175,,,,,,,,,
976,NOR2X1_478,INVX1_97,,,,,,,,,
977,NOR2X1_237,XOR2X1_19,,,,,,,,,
978,OAI21X1_310,NAND2X1_250,,,,,,,,,
979,NAND2X1_620,OUTPUT_\w6_reg[31] ,,,,,,,,,
980,NAND2X1_755,NAND2X1_234,,,,,,,,,
981,INVX1_57,NAND2X1_221,,,,,,,,,
982,AOI21X1_42,NAND2X1_223,,,,,,,,,
983,AND2X2_161,OUTPUT_\w6_reg[7] ,,,,,,,,,
984,INVX1_348,OR2X2_3,,,,,,,,,
985,OAI21X1_937,DFFPOSX1_19,,,,,,,,,
986,AND2X2_67,OAI21X1_60,,,,,,,,,
987,NOR2X1_905,NOR2X1_12,,,,,,,,,
988,OAI21X1_423,NOR2X1_108,,,,,,,,,
989,OAI21X1_190,NAND2X1_26,,,,,,,,,
990,NAND3X1_903,DFFPOSX1_9,,,,,,,,,
991,OAI21X1_483,INVX1_111,,,,,,,,,
992,NOR2X1_464,INVX1_122,,,,,,,,,
993,OAI21X1_1290,INPUT_\key[97] ,,,,,,,,,
994,NAND3X1_549,INVX1_7,,,,,,,,,
995,OAI21X1_100,OAI21X1_216,,,,,,,,,
996,OUTPUT_\w2[12] ,INPUT_\key[99] ,,,,,,,,,
997,AND2X2_133,OUTPUT_\w3[7] ,,,,,,,,,
998,NAND2X1_285,OUTPUT_\w4_reg[5] ,,,,,,,,,
999,INPUT_\key[14] ,XNOR2X1_34,,,,,,,,,
1000,OAI21X1_627,OUTPUT_\w7_reg[10] ,,,,,,,,,
1001,AOI21X1_623,NOR2X1_53,,,,,,,,,
1002,OAI21X1_217,NAND2X1_69,,,,,,,,,
1003,AOI22X1_226,AOI21X1_3,,,,,,,,,
1004,NOR2X1_165,OUTPUT_\w3[8] ,,,,,,,,,
1005,NAND3X1_60,NAND2X1_14,,,,,,,,,
1006,NAND2X1_298,XOR2X1_17,,,,,,,,,
1007,AOI22X1_18,AOI21X1_6,,,,,,,,,
1008,NOR2X1_441,NAND2X1_126,,,,,,,,,
1009,OAI21X1_1153,INPUT_\key[39] ,,,,,,,,,
1010,OAI21X1_63,OUTPUT_\w2[10] ,,,,,,,,,
1011,NAND2X1_245,NAND2X1_156,,,,,,,,,
1012,NOR2X1_488,OR2X2_41,,,,,,,,,
1013,OAI21X1_993,AND2X2_37,,,,,,,,,
1014,NAND2X1_480,INPUT_\key[15] ,,,,,,,,,
1015,NAND2X1_792,NAND3X1_94,,,,,,,,,
1016,DFFPOSX1_44,XNOR2X1_46,,,,,,,,,
1017,OAI21X1_1291,XNOR2X1_43,,,,,,,,,
1018,NAND2X1_150,INPUT_\key[72] ,,,,,,,,,
1019,AOI21X1_46,AOI21X1_18,,,,,,,,,
1020,OAI21X1_1121,OUTPUT_\w4_reg[28] ,,,,,,,,,
1021,NAND3X1_139,XNOR2X1_13,,,,,,,,,
1022,AOI21X1_556,NAND2X1_119,,,,,,,,,
1023,NOR2X1_57,NAND2X1_95,,,,,,,,,
1024,NOR2X1_415,OAI21X1_255,,,,,,,,,
1025,OAI21X1_1115,NAND2X1_56,,,,,,,,,
1026,NAND2X1_562,NOR2X1_14,,,,,,,,,
1027,NOR2X1_890,NAND2X1_353,,,,,,,,,
1028,NOR2X1_408,OUTPUT_\w1[14] ,,,,,,,,,
1029,NOR2X1_55,NAND2X1_262,,,,,,,,,
1030,NAND3X1_472,INPUT_\key[112] ,,,,,,,,,
1031,NAND2X1_123,NAND3X1_147,,,,,,,,,
1032,OAI21X1_1385,INPUT_\key[47] ,,,,,,,,,
1033,AOI21X1_625,OUTPUT_\w1[20] ,,,,,,,,,
1034,OAI21X1_58,INPUT_\key[40] ,,,,,,,,,
1035,NOR2X1_168,INPUT_\key[91] ,,,,,,,,,
1036,AOI21X1_655,INVX1_135,,,,,,,,,
1037,NAND3X1_361,INVX1_131,,,,,,,,,
1038,NAND2X1_555,INPUT_\key[86] ,,,,,,,,,
1039,OR2X2_24,OUTPUT_\w6_reg[20] ,,,,,,,,,
1040,NAND2X1_534,NAND2X1_219,,,,,,,,,
1041,NAND2X1_99,NAND2X1_210,,,,,,,,,
1042,DFFPOSX1_111,OUTPUT_\w4_reg[27] ,,,,,,,,,
1043,NAND2X1_1071,OR2X2_40,,,,,,,,,
1044,NOR3X1_192,NAND2X1_294,,,,,,,,,
1045,AOI21X1_280,INVX1_12,,,,,,,,,
1046,NAND2X1_621,OUTPUT_\w2[3] ,,,,,,,,,
1047,NAND3X1_131,DFFPOSX1_57,,,,,,,,,
1048,NOR2X1_802,INVX1_145,,,,,,,,,
1049,NAND2X1_706,OAI21X1_33,,,,,,,,,
1050,NAND2X1_274,NAND3X1_80,,,,,,,,,
1051,INVX1_551,NAND2X1_466,,,,,,,,,
1052,INPUT_\key[36] ,OUTPUT_\w5_reg[10] ,,,,,,,,,
1053,NOR3X1_21,DFFPOSX1_16,,,,,,,,,
1054,NAND2X1_506,OAI21X1_120,,,,,,,,,
1055,AOI21X1_300,OUTPUT_\w0[5] ,,,,,,,,,
1056,AOI21X1_316,NAND2X1_122,,,,,,,,,
1057,NAND2X1_186,INPUT_\key[119] ,,,,,,,,,
1058,OAI21X1_835,INVX1_13,,,,,,,,,
1059,OAI22X1_18,INVX1_115,,,,,,,,,
1060,AOI22X1_174,NAND2X1_462,,,,,,,,,
1061,OAI21X1_353,AND2X2_20,,,,,,,,,
1062,NAND2X1_580,XOR2X1_10,,,,,,,,,
1063,INVX1_231,OAI21X1_94,,,,,,,,,
1064,NAND2X1_752,INPUT_\key[11] ,,,,,,,,,
1065,OAI22X1_190,NAND2X1_366,,,,,,,,,
1066,NOR3X1_82,OAI21X1_113,,,,,,,,,
1067,NAND2X1_701,OUTPUT_\w6_reg[17] ,,,,,,,,,
1068,OUTPUT_\w5_reg[24] ,NOR2X1_16,,,,,,,,,
1069,NAND3X1_330,INPUT_\key[87] ,,,,,,,,,
1070,NAND2X1_410,OUTPUT_\w3[4] ,,,,,,,,,
1071,NOR2X1_695,INVX1_1,,,,,,,,,
1072,OUTPUT_\w1[5] ,NOR2X1_8,,,,,,,,,
1073,NAND3X1_115,INVX1_151,,,,,,,,,
1074,NOR3X1_15,NAND2X1_401,,,,,,,,,
1075,NOR2X1_635,NAND2X1_213,,,,,,,,,
1076,OUTPUT_\w0[13] ,NAND2X1_162,,,,,,,,,
1077,AOI22X1_69,NAND2X1_289,,,,,,,,,
1078,AOI21X1_648,INVX1_61,,,,,,,,,
1079,NAND3X1_589,OUTPUT_\w5_reg[2] ,,,,,,,,,
1080,AOI21X1_574,OR2X2_70,,,,,,,,,
1081,OUTPUT_\w7_reg[6] ,OUTPUT_\w0[23] ,,,,,,,,,
1082,AOI21X1_467,DFFPOSX1_2,,,,,,,,,
1083,NOR2X1_897,AND2X2_31,,,,,,,,,
1084,NOR2X1_73,NAND2X1_158,,,,,,,,,
1085,AOI21X1_113,NAND3X1_98,,,,,,,,,
1086,AOI21X1_688,NOR2X1_194,,,,,,,,,
1087,AOI21X1_82,INVX1_24,,,,,,,,,
1088,NAND2X1_987,OUTPUT_\w7_reg[30] ,,,,,,,,,
1089,NAND2X1_85,OAI21X1_240,,,,,,,,,
1090,AOI21X1_323,NAND2X1_39,,,,,,,,,
1091,OUTPUT_\w3[24] ,INPUT_\key[98] ,,,,,,,,,
1092,NOR2X1_349,DFFPOSX1_7,,,,,,,,,
1093,NAND3X1_317,NAND2X1_378,,,,,,,,,
1094,AOI21X1_102,DFFPOSX1_51,,,,,,,,,
1095,AOI21X1_130,NAND2X1_249,,,,,,,,,
1096,OR2X2_23,NAND2X1_445,,,,,,,,,
1097,NAND2X1_226,INVX1_44,,,,,,,,,
1098,OAI21X1_1275,OUTPUT_\w7_reg[23] ,,,,,,,,,
1099,NAND2X1_759,DFFPOSX1_8,,,,,,,,,
1100,INVX1_366,INVX1_114,,,,,,,,,
1101,OUTPUT_\w2[31] ,OUTPUT_\w4_reg[16] ,,,,,,,,,
1102,NAND3X1_969,INVX1_70,,,,,,,,,
1103,INVX1_269,INPUT_\key[118] ,,,,,,,,,
1104,NAND3X1_867,INPUT_clk,,,,,,,,,
1105,OAI21X1_462,NAND2X1_142,,,,,,,,,
1106,NAND3X1_391,INPUT_\key[96] ,,,,,,,,,
1107,OAI21X1_659,OUTPUT_\w4_reg[30] ,,,,,,,,,
1108,NOR2X1_685,OUTPUT_\w4_reg[23] ,,,,,,,,,
1109,NAND2X1_404,OUTPUT_\w6_reg[0] ,,,,,,,,,
1110,NOR2X1_429,NAND2X1_16,,,,,,,,,
1111,NOR3X1_134,OAI21X1_150,,,,,,,,,
1112,INVX1_236,NAND2X1_254,,,,,,,,,
1113,INVX1_510,OR2X2_48,,,,,,,,,
1114,INVX1_538,OAI21X1_173,,,,,,,,,
1115,NOR2X1_344,NAND2X1_465,,,,,,,,,
1116,OAI21X1_1105,DFFPOSX1_128,,,,,,,,,
1117,NOR3X1_285,INPUT_\key[106] ,,,,,,,,,
1118,AOI21X1_546,INPUT_\key[5] ,,,,,,,,,
1119,OAI21X1_86,NAND2X1_179,,,,,,,,,
1120,OR2X2_58,OAI21X1_19,,,,,,,,,
1121,AOI21X1_302,DFFPOSX1_58,,,,,,,,,
1122,NOR2X1_529,NAND2X1_429,,,,,,,,,
1123,NAND3X1_238,AND2X2_17,,,,,,,,,
1124,DFFPOSX1_52,DFFPOSX1_49,,,,,,,,,
1125,OAI21X1_883,NAND3X1_37,,,,,,,,,
1126,AOI22X1_112,OAI21X1_163,,,,,,,,,
1127,NOR2X1_724,OAI21X1_59,,,,,,,,,
1128,AOI21X1_461,OR2X2_28,,,,,,,,,
1129,NAND3X1_760,INPUT_\key[83] ,,,,,,,,,
1130,OAI21X1_223,DFFPOSX1_101,,,,,,,,,
1131,NAND3X1_175,XOR2X1_22,,,,,,,,,
1132,INVX1_310,NAND2X1_97,,,,,,,,,
1133,NOR2X1_762,INVX1_127,,,,,,,,,
1134,NOR3X1_124,OR2X2_66,,,,,,,,,
1135,NAND2X1_850,NAND2X1_65,,,,,,,,,
1136,OAI21X1_856,INVX1_47,,,,,,,,,
1137,AOI21X1_488,OAI21X1_18,,,,,,,,,
1138,NAND3X1_483,NOR2X1_193,,,,,,,,,
1139,OAI21X1_1219,OAI21X1_93,,,,,,,,,
1140,INVX1_314,OAI21X1_12,,,,,,,,,
1141,OAI21X1_1122,NAND2X1_377,,,,,,,,,
1142,NOR2X1_638,INVX1_9,,,,,,,,,
1143,AND2X2_130,NAND2X1_192,,,,,,,,,
1144,OAI21X1_668,DFFPOSX1_83,,,,,,,,,
1145,INVX1_253,INVX1_34,,,,,,,,,
1146,NAND2X1_221,XNOR2X1_54,,,,,,,,,
1147,NAND3X1_598,NOR2X1_62,,,,,,,,,
1148,OAI21X1_946,NOR2X1_113,,,,,,,,,
1149,NOR2X1_787,XOR2X1_3,,,,,,,,,
1150,OAI22X1_147,NOR2X1_49,,,,,,,,,
1151,AOI21X1_103,INPUT_\key[2] ,,,,,,,,,
1152,AOI21X1_67,INVX1_73,,,,,,,,,
1153,AOI21X1_157,OUTPUT_\w3[15] ,,,,,,,,,
1154,NAND2X1_26,OR2X2_11,,,,,,,,,
1155,NAND2X1_384,NAND3X1_95,,,,,,,,,
1156,OAI21X1_1051,DFFPOSX1_61,,,,,,,,,
1157,INVX1_122,NAND2X1_145,,,,,,,,,
1158,OAI21X1_241,OAI21X1_82,,,,,,,,,
1159,INPUT_\key[97] ,OUTPUT_\w7_reg[24] ,,,,,,,,,
1160,NAND2X1_751,OUTPUT_\w4_reg[19] ,,,,,,,,,
1161,NOR2X1_53,NAND2X1_426,,,,,,,,,
1162,INVX1_515,NAND2X1_81,,,,,,,,,
1163,NAND2X1_936,NOR2X1_43,,,,,,,,,
1164,NAND3X1_991,NOR2X1_80,,,,,,,,,
1165,NOR2X1_327,INPUT_\key[115] ,,,,,,,,,
1166,AOI22X1_43,NAND2X1_370,,,,,,,,,
1167,OAI21X1_736,NOR2X1_25,,,,,,,,,
1168,NAND2X1_1006,DFFPOSX1_69,,,,,,,,,
1169,INVX1_399,NAND3X1_53,,,,,,,,,
1170,OAI21X1_1220,OUTPUT_\w4_reg[24] ,,,,,,,,,
1171,NAND2X1_653,NAND2X1_242,,,,,,,,,
1172,OR2X2_41,INVX1_147,,,,,,,,,
1173,NAND2X1_9,NAND3X1_92,,,,,,,,,
1174,OAI22X1_156,OUTPUT_\w4_reg[29] ,,,,,,,,,
1175,OAI22X1_175,INVX1_124,,,,,,,,,
1176,NAND3X1_376,INVX1_102,,,,,,,,,
1177,INPUT_\key[72] ,NAND2X1_286,,,,,,,,,
1178,AOI21X1_659,XNOR2X1_32,,,,,,,,,
1179,OAI22X1_28,OAI21X1_67,,,,,,,,,
1180,OAI21X1_820,XOR2X1_5,,,,,,,,,
1181,XNOR2X1_13,INPUT_kld,,,,,,,,,
1182,NOR2X1_650,NOR2X1_149,,,,,,,,,
1183,OAI21X1_566,NAND2X1_27,,,,,,,,,
1184,OAI21X1_464,NAND2X1_35,,,,,,,,,
1185,OAI21X1_221,NAND2X1_318,,,,,,,,,
1186,NAND3X1_77,DFFPOSX1_48,,,,,,,,,
1187,INPUT_\key[112] ,NAND2X1_196,,,,,,,,,
1188,AND2X2_105,XNOR2X1_45,,,,,,,,,
1189,AOI21X1_314,NAND3X1_181,,,,,,,,,
1190,INVX1_470,OR2X2_54,,,,,,,,,
1191,OAI21X1_1142,INVX1_53,,,,,,,,,
1192,NAND3X1_147,NAND2X1_67,,,,,,,,,
1193,OAI21X1_421,OAI21X1_70,,,,,,,,,
1194,NAND3X1_7,DFFPOSX1_28,,,,,,,,,
1195,NAND2X1_840,NAND2X1_281,,,,,,,,,
1196,NAND3X1_290,INVX1_198,,,,,,,,,
1197,NOR2X1_590,INVX1_40,,,,,,,,,
1198,INVX1_294,NAND2X1_166,,,,,,,,,
1199,OAI21X1_670,NOR2X1_101,,,,,,,,,
1200,AOI21X1_359,AND2X2_7,,,,,,,,,
1201,AOI21X1_96,OAI21X1_170,,,,,,,,,
1202,AND2X2_52,DFFPOSX1_46,,,,,,,,,
1203,AOI21X1_190,OAI21X1_45,,,,,,,,,
1204,NAND2X1_716,INVX1_112,,,,,,,,,
1205,OAI21X1_970,INPUT_\key[18] ,,,,,,,,,
1206,NOR3X1_176,NAND3X1_177,,,,,,,,,
1207,OAI21X1_947,DFFPOSX1_91,,,,,,,,,
1208,NAND3X1_532,NAND2X1_17,,,,,,,,,
1209,OAI21X1_1360,DFFPOSX1_126,,,,,,,,,
1210,NOR2X1_735,OAI21X1_130,,,,,,,,,
1211,NOR3X1_101,DFFPOSX1_90,,,,,,,,,
1212,OAI21X1_625,NOR2X1_6,,,,,,,,,
1213,NAND2X1_219,INVX1_175,,,,,,,,,
1214,OAI21X1_1286,INVX1_116,,,,,,,,,
1215,NOR3X1_117,NAND3X1_149,,,,,,,,,
1216,NAND2X1_1044,NAND2X1_424,,,,,,,,,
1217,NAND3X1_464,INPUT_\key[103] ,,,,,,,,,
1218,NAND2X1_294,INVX1_139,,,,,,,,,
1219,OAI21X1_585,INVX1_37,,,,,,,,,
1220,NOR3X1_67,NAND3X1_62,,,,,,,,,
1221,OAI21X1_863,OUTPUT_\w2[6] ,,,,,,,,,
1222,NAND2X1_881,OUTPUT_\w0[6] ,,,,,,,,,
1223,NAND3X1_80,OUTPUT_\w3[11] ,,,,,,,,,
1224,NAND2X1_826,OUTPUT_\w3[25] ,,,,,,,,,
1225,NAND3X1_13,INVX1_117,,,,,,,,,
1226,NAND3X1_899,OAI21X1_166,,,,,,,,,
1227,OAI21X1_419,XNOR2X1_24,,,,,,,,,
1228,OUTPUT_\w0[5] ,DFFPOSX1_37,,,,,,,,,
1229,INVX1_203,AND2X2_38,,,,,,,,,
1230,NOR2X1_257,OUTPUT_\w1[19] ,,,,,,,,,
1231,NOR2X1_631,NAND2X1_163,,,,,,,,,
1232,OAI21X1_1293,DFFPOSX1_35,,,,,,,,,
1233,OAI21X1_321,OUTPUT_\w0[17] ,,,,,,,,,
1234,NOR2X1_924,OUTPUT_\w7_reg[22] ,,,,,,,,,
1235,OAI21X1_997,OUTPUT_\w1[28] ,,,,,,,,,
1236,NAND3X1_437,AOI21X1_5,,,,,,,,,
1237,INVX1_233,OUTPUT_\w7_reg[31] ,,,,,,,,,
1238,OAI21X1_975,INPUT_\key[122] ,,,,,,,,,
1239,NAND2X1_1040,INVX1_188,,,,,,,,,
1240,OAI21X1_535,OAI21X1_57,,,,,,,,,
1241,OAI21X1_94,INPUT_\key[48] ,,,,,,,,,
1242,AOI22X1_201,OAI21X1_43,,,,,,,,,
1243,NAND3X1_265,NAND2X1_89,,,,,,,,,
1244,NOR2X1_313,OAI21X1_115,,,,,,,,,
1245,NOR3X1_97,OAI21X1_126,,,,,,,,,
1246,OAI21X1_515,OAI21X1_152,,,,,,,,,
1247,NOR2X1_8,OAI21X1_133,,,,,,,,,
1248,NAND2X1_401,OAI21X1_74,,,,,,,,,
1249,NAND2X1_213,DFFPOSX1_50,,,,,,,,,
1250,INVX1_61,NAND3X1_17,,,,,,,,,
1251,NAND2X1_855,OAI21X1_35,,,,,,,,,
1252,OAI21X1_275,DFFPOSX1_36,,,,,,,,,
1253,OAI22X1_277,XNOR2X1_3,,,,,,,,,
1254,NAND2X1_446,OUTPUT_\w2[13] ,,,,,,,,,
1255,OAI21X1_604,INPUT_\key[29] ,,,,,,,,,
1256,OAI21X1_1083,NAND2X1_134,,,,,,,,,
1257,AOI21X1_296,NAND3X1_169,,,,,,,,,
1258,NAND2X1_158,OUTPUT_\w5_reg[31] ,,,,,,,,,
1259,NOR2X1_692,OAI21X1_172,,,,,,,,,
1260,NOR3X1_348,OUTPUT_\w2[30] ,,,,,,,,,
1261,NOR3X1_331,NAND2X1_211,,,,,,,,,
1262,NAND3X1_854,NOR2X1_158,,,,,,,,,
1263,NAND3X1_434,NAND3X1_28,,,,,,,,,
1264,OUTPUT_\w7_reg[23] ,NAND2X1_92,,,,,,,,,
1265,NOR3X1_269,DFFPOSX1_41,,,,,,,,,
1266,NAND3X1_1021,INVX1_51,,,,,,,,,
1267,OAI21X1_1224,NAND2X1_417,,,,,,,,,
1268,OUTPUT_\w4_reg[16] ,OUTPUT_\w7_reg[16] ,,,,,,,,,
1269,NAND3X1_463,NAND2X1_60,,,,,,,,,
1270,INVX1_70,AND2X2_6,,,,,,,,,
1271,OAI21X1_1124,NAND2X1_28,,,,,,,,,
1272,INPUT_\key[118] ,XOR2X1_8,,,,,,,,,
1273,NOR2X1_169,OAI21X1_66,,,,,,,,,
1274,NAND2X1_335,INPUT_\key[105] ,,,,,,,,,
1275,NAND3X1_14,OAI21X1_37,,,,,,,,,
1276,OAI21X1_849,NAND2X1_402,,,,,,,,,
1277,AOI21X1_508,OUTPUT_\w5_reg[30] ,,,,,,,,,
1278,OUTPUT_\w6_reg[0] ,INPUT_\key[52] ,,,,,,,,,
1279,NOR3X1_39,INVX1_17,,,,,,,,,
1280,OAI21X1_112,OAI21X1_83,,,,,,,,,
1281,NAND2X1_547,OUTPUT_\w4_reg[15] ,,,,,,,,,
1282,DFFPOSX1_128,NOR2X1_39,,,,,,,,,
1283,NAND3X1_223,INVX1_197,,,,,,,,,
1284,AOI22X1_75,AOI21X1_16,,,,,,,,,
1285,OAI21X1_504,OUTPUT_\w1[1] ,,,,,,,,,
1286,NOR2X1_109,XNOR2X1_56,,,,,,,,,
1287,NOR2X1_868,OUTPUT_\w6_reg[6] ,,,,,,,,,
1288,NAND3X1_662,OAI21X1_92,,,,,,,,,
1289,OAI21X1_1128,NAND2X1_138,,,,,,,,,
1290,AOI21X1_229,NOR2X1_116,,,,,,,,,
1291,NOR2X1_678,DFFPOSX1_45,,,,,,,,,
1292,XOR2X1_22,OUTPUT_\w2[5] ,,,,,,,,,
1293,INVX1_410,OUTPUT_\w1[27] ,,,,,,,,,
1294,OAI21X1_343,OUTPUT_\w1[6] ,,,,,,,,,
1295,INVX1_127,NAND2X1_147,,,,,,,,,
1296,AOI21X1_675,DFFPOSX1_115,,,,,,,,,
1297,NAND3X1_377,NAND2X1_459,,,,,,,,,
1298,INVX1_456,NAND2X1_183,,,,,,,,,
1299,OAI22X1_140,INVX1_104,,,,,,,,,
1300,AOI21X1_216,XNOR2X1_9,,,,,,,,,
1301,AOI22X1_59,OUTPUT_\w6_reg[4] ,,,,,,,,,
1302,OAI22X1_98,NAND2X1_414,,,,,,,,,
1303,NOR2X1_654,DFFPOSX1_110,,,,,,,,,
1304,DFFPOSX1_83,NAND2X1_282,,,,,,,,,
1305,XNOR2X1_54,OUTPUT_\w1[10] ,,,,,,,,,
1306,XOR2X1_3,XNOR2X1_50,,,,,,,,,
1307,OAI21X1_278,NAND3X1_143,,,,,,,,,
1308,INVX1_403,INPUT_\key[104] ,,,,,,,,,
1309,NAND3X1_915,NAND3X1_35,,,,,,,,,
1310,AOI21X1_257,NAND2X1_468,,,,,,,,,
1311,NAND2X1_332,INVX1_137,,,,,,,,,
1312,OAI21X1_1228,NAND2X1_128,,,,,,,,,
1313,OAI21X1_1283,OUTPUT_\w5_reg[18] ,,,,,,,,,
1314,OAI21X1_384,XNOR2X1_68,,,,,,,,,
1315,AOI21X1_515,INVX1_126,,,,,,,,,
1316,NOR2X1_49,INVX1_128,,,,,,,,,
1317,OAI21X1_522,NAND3X1_93,,,,,,,,,
1318,INVX1_73,OUTPUT_\w2[27] ,,,,,,,,,
1319,NAND3X1_456,XNOR2X1_2,,,,,,,,,
1320,NAND3X1_588,OAI21X1_175,,,,,,,,,
1321,OR2X2_11,OAI21X1_27,,,,,,,,,
1322,NAND3X1_95,DFFPOSX1_32,,,,,,,,,
1323,DFFPOSX1_61,NAND3X1_26,,,,,,,,,
1324,NAND2X1_145,INVX1_85,,,,,,,,,
1325,NAND3X1_1016,NOR2X1_110,,,,,,,,,
1326,OAI21X1_82,OUTPUT_\w1[26] ,,,,,,,,,
1327,OAI21X1_1162,NAND3X1_64,,,,,,,,,
1328,NOR2X1_372,DFFPOSX1_75,,,,,,,,,
1329,NOR2X1_786,XNOR2X1_40,,,,,,,,,
1330,OAI21X1_206,NOR2X1_146,,,,,,,,,
1331,OAI21X1_106,OR2X2_33,,,,,,,,,
1332,OAI21X1_998,NOR2X1_5,,,,,,,,,
1333,NOR2X1_849,INVX1_83,,,,,,,,,
1334,NOR2X1_80,DFFPOSX1_80,,,,,,,,,
1335,AOI21X1_523,OUTPUT_\w7_reg[0] ,,,,,,,,,
1336,AOI22X1_46,NAND2X1_197,,,,,,,,,
1337,INPUT_\key[115] ,OUTPUT_\w4_reg[1] ,,,,,,,,,
1338,NOR2X1_25,DFFPOSX1_17,,,,,,,,,
1339,NAND3X1_862,OUTPUT_\w0[14] ,,,,,,,,,
1340,NAND2X1_1021,DFFPOSX1_113,,,,,,,,,
1341,AOI22X1_180,OUTPUT_\w1[18] ,,,,,,,,,
1342,NAND3X1_176,OUTPUT_\w4_reg[25] ,,,,,,,,,
1343,NOR2X1_287,OAI21X1_69,,,,,,,,,
1344,NAND3X1_745,AND2X2_35,,,,,,,,,
1345,NAND3X1_53,NAND2X1_172,,,,,,,,,
1346,NAND2X1_242,INVX1_82,,,,,,,,,
1347,AOI21X1_48,DFFPOSX1_63,,,,,,,,,
1348,NAND2X1_670,OAI21X1_122,,,,,,,,,
1349,AOI21X1_406,XNOR2X1_59,,,,,,,,,
1350,OUTPUT_\w4_reg[29] ,AND2X2_39,,,,,,,,,
1351,AOI21X1_128,OUTPUT_\w2[11] ,,,,,,,,,
1352,NAND3X1_816,NOR2X1_190,,,,,,,,,
1353,NAND3X1_1050,INPUT_\key[101] ,,,,,,,,,
1354,AOI21X1_610,OUTPUT_\w3[31] ,,,,,,,,,
1355,INVX1_102,NAND3X1_19,,,,,,,,,
1356,OAI21X1_292,NAND2X1_246,,,,,,,,,
1357,OAI21X1_1331,OUTPUT_\w3[13] ,,,,,,,,,
1358,OAI21X1_839,DFFPOSX1_25,,,,,,,,,
1359,OAI21X1_245,NAND2X1_418,,,,,,,,,
1360,NOR3X1_2,NAND3X1_103,,,,,,,,,
1361,NAND3X1_445,INPUT_\key[17] ,,,,,,,,,
1362,AND2X2_77,OAI21X1_252,,,,,,,,,
1363,INVX1_299,NAND3X1_102,,,,,,,,,
1364,INVX1_380,NAND2X1_141,,,,,,,,,
1365,INVX1_230,NAND2X1_194,,,,,,,,,
1366,AOI21X1_108,XNOR2X1_55,,,,,,,,,
1367,OAI21X1_422,NOR2X1_105,,,,,,,,,
1368,OAI21X1_1010,INVX1_62,,,,,,,,,
1369,NOR2X1_748,NAND3X1_44,,,,,,,,,
1370,NOR2X1_675,OUTPUT_\w4_reg[11] ,,,,,,,,,
1371,NAND3X1_181,NAND2X1_178,,,,,,,,,
1372,NAND3X1_529,OUTPUT_\w3[30] ,,,,,,,,,
1373,OAI21X1_978,OUTPUT_\w5_reg[19] ,,,,,,,,,
1374,INVX1_53,AND2X2_5,,,,,,,,,
1375,AOI21X1_150,NOR2X1_82,,,,,,,,,
1376,OAI21X1_70,OAI21X1_153,,,,,,,,,
1377,DFFPOSX1_28,OUTPUT_\w6_reg[3] ,,,,,,,,,
1378,OAI21X1_102,NOR2X1_48,,,,,,,,,
1379,INVX1_198,OUTPUT_\w6_reg[30] ,,,,,,,,,
1380,OAI21X1_917,AOI21X1_13,,,,,,,,,
1381,NOR2X1_101,OUTPUT_\w5_reg[4] ,,,,,,,,,
1382,AND2X2_113,OUTPUT_\w0[3] ,,,,,,,,,
1383,NAND2X1_488,OAI21X1_189,,,,,,,,,
1384,INVX1_328,INVX1_35,,,,,,,,,
1385,INPUT_\key[18] ,NOR2X1_144,,,,,,,,,
1386,NOR3X1_46,INPUT_\key[55] ,,,,,,,,,
1387,NAND2X1_363,INVX1_133,,,,,,,,,
1388,AOI21X1_683,NOR2X1_58,,,,,,,,,
1389,AOI21X1_178,OUTPUT_\w5_reg[27] ,,,,,,,,,
1390,NAND3X1_1042,OR2X2_2,,,,,,,,,
1391,AOI21X1_385,AND2X2_22,,,,,,,,,
1392,INVX1_402,AOI21X1_7,,,,,,,,,
1393,INVX1_260,OUTPUT_\w2[1] ,,,,,,,,,
1394,DFFPOSX1_90,AOI21X1_4,,,,,,,,,
1395,NOR3X1_276,NAND2X1_386,,,,,,,,,
1396,NAND3X1_451,AND2X2_27,,,,,,,,,
1397,NAND3X1_779,AOI21X1_20,,,,,,,,,
1398,AOI22X1_73,OUTPUT_\w3[16] ,,,,,,,,,
1399,NAND2X1_424,INPUT_\key[37] ,,,,,,,,,
1400,INPUT_\key[103] ,OAI21X1_1,,,,,,,,,
1401,NOR2X1_591,OAI21X1_210,,,,,,,,,
1402,NOR3X1_290,INPUT_\key[21] ,,,,,,,,,
1403,OUTPUT_\w0[6] ,NOR2X1_74,,,,,,,,,
1404,OUTPUT_\w3[25] ,OAI21X1_46,,,,,,,,,
1405,NOR2X1_652,OAI21X1_61,,,,,,,,,
1406,NOR3X1_322,DFFPOSX1_18,,,,,,,,,
1407,NOR2X1_716,XNOR2X1_52,,,,,,,,,
1408,NAND2X1_961,NAND2X1_98,,,,,,,,,
1409,AOI21X1_458,NAND2X1_447,,,,,,,,,
1410,OAI21X1_988,NAND2X1_71,,,,,,,,,
1411,OUTPUT_\w1[19] ,NAND2X1_463,,,,,,,,,
1412,NOR3X1_35,OUTPUT_\w0[12] ,,,,,,,,,
1413,NOR2X1_725,OUTPUT_\w7_reg[9] ,,,,,,,,,
1414,OAI21X1_498,OUTPUT_\w6_reg[26] ,,,,,,,,,
1415,NAND3X1_56,INVX1_118,,,,,,,,,
1416,DFFPOSX1_35,NAND3X1_112,,,,,,,,,
1417,NOR2X1_310,DFFPOSX1_82,,,,,,,,,
1418,NAND2X1_804,NOR2X1_188,,,,,,,,,
1419,OAI21X1_1200,INPUT_\key[43] ,,,,,,,,,
1420,NAND3X1_763,DFFPOSX1_78,,,,,,,,,
1421,NAND3X1_790,NOR2X1_93,,,,,,,,,
1422,OUTPUT_\w1[28] ,INPUT_\key[38] ,,,,,,,,,
1423,NOR2X1_641,DFFPOSX1_31,,,,,,,,,
1424,OAI21X1_1087,OUTPUT_\w1[16] ,,,,,,,,,
1425,NOR2X1_172,OUTPUT_\w7_reg[11] ,,,,,,,,,
1426,AOI21X1_443,OAI21X1_9,,,,,,,,,
1427,NOR2X1_861,NOR2X1_38,,,,,,,,,
1428,AOI21X1_269,INPUT_\key[51] ,,,,,,,,,
1429,OUTPUT_\w7_reg[31] ,XOR2X1_20,,,,,,,,,
1430,NOR2X1_940,NAND2X1_329,,,,,,,,,
1431,NAND2X1_519,XNOR2X1_58,,,,,,,,,
1432,AOI21X1_453,NAND2X1_265,,,,,,,,,
1433,NOR3X1_127,OAI21X1_165,,,,,,,,,
1434,INVX1_188,XOR2X1_23,,,,,,,,,
1435,NAND2X1_849,INVX1_60,,,,,,,,,
1436,NAND2X1_825,OAI21X1_178,,,,,,,,,
1437,NAND2X1_89,NAND2X1_180,,,,,,,,,
1438,OAI21X1_152,AOI21X1_21,,,,,,,,,
1439,NAND2X1_696,NAND2X1_266,,,,,,,,,
1440,NOR3X1_259,NAND2X1_203,,,,,,,,,
1441,AND2X2_44,NAND2X1_233,,,,,,,,,
1442,NAND2X1_876,NOR2X1_19,,,,,,,,,
1443,NOR2X1_937,DFFPOSX1_124,,,,,,,,,
1444,NAND3X1_234,NOR2X1_32,,,,,,,,,
1445,OAI21X1_1322,OUTPUT_\w1[21] ,,,,,,,,,
1446,AOI21X1_404,DFFPOSX1_1,,,,,,,,,
1447,DFFPOSX1_50,NOR2X1_37,,,,,,,,,
1448,DFFPOSX1_36,OR2X2_5,,,,,,,,,
1449,NAND2X1_309,NOR2X1_159,,,,,,,,,
1450,AOI21X1_605,OUTPUT_\w1[15] ,,,,,,,,,
1451,INVX1_168,INPUT_\key[100] ,,,,,,,,,
1452,OUTPUT_\w2[13] ,DFFPOSX1_70,,,,,,,,,
1453,NOR2X1_556,NAND2X1_238,,,,,,,,,
1454,NAND2X1_827,OAI21X1_234,,,,,,,,,
1455,NAND3X1_751,OUTPUT_\w2[9] ,,,,,,,,,
1456,NAND3X1_169,NAND2X1_423,,,,,,,,,
1457,NAND2X1_726,NAND2X1_48,,,,,,,,,
1458,OAI21X1_378,OAI21X1_154,,,,,,,,,
1459,OUTPUT_\w5_reg[31] ,OUTPUT_\w0[19] ,,,,,,,,,
1460,OAI22X1_183,NOR2X1_78,,,,,,,,,
1461,NOR2X1_546,NAND2X1_137,,,,,,,,,
1462,AOI21X1_209,OR2X2_62,,,,,,,,,
1463,NAND3X1_629,OAI21X1_132,,,,,,,,,
1464,OAI21X1_491,INPUT_\key[25] ,,,,,,,,,
1465,OAI22X1_6,OUTPUT_\w1[17] ,,,,,,,,,
1466,DFFPOSX1_41,OUTPUT_\w7_reg[29] ,,,,,,,,,
1467,NAND3X1_482,OUTPUT_\w2[20] ,,,,,,,,,
1468,INVX1_51,NAND2X1_10,,,,,,,,,
1469,NAND2X1_1078,NOR2X1_150,,,,,,,,,
1470,OAI21X1_1127,NAND3X1_108,,,,,,,,,
1471,OAI21X1_1204,OUTPUT_\w3[2] ,,,,,,,,,
1472,NAND3X1_152,NOR2X1_143,,,,,,,,,
1473,AOI21X1_163,OUTPUT_\w6_reg[24] ,,,,,,,,,
1474,AOI22X1_196,OR2X2_68,,,,,,,,,
1475,NAND2X1_542,NAND2X1_129,,,,,,,,,
1476,AOI21X1_553,INVX1_49,,,,,,,,,
1477,AOI21X1_593,OAI21X1_128,,,,,,,,,
1478,NAND2X1_558,DFFPOSX1_96,,,,,,,,,
1479,XOR2X1_8,DFFPOSX1_94,,,,,,,,,
1480,OAI21X1_577,OUTPUT_\w2[16] ,,,,,,,,,
1481,NAND2X1_901,NOR2X1_41,,,,,,,,,
1482,INPUT_\key[105] ,NOR2X1_51,,,,,,,,,
1483,OAI21X1_37,NAND2X1_55,,,,,,,,,
1484,AOI21X1_469,INVX1_110,,,,,,,,,
1485,OUTPUT_\w6_reg[6] ,OUTPUT_\w7_reg[3] ,,,,,,,,,
1486,OAI21X1_774,INPUT_\key[102] ,,,,,,,,,
1487,OAI21X1_282,NAND2X1_160,,,,,,,,,
1488,NAND3X1_435,INPUT_\key[67] ,,,,,,,,,
1489,NOR3X1_108,OR2X2_69,,,,,,,,,
1490,OAI21X1_974,INVX1_141,,,,,,,,,
1491,AOI21X1_53,OUTPUT_\w0[16] ,,,,,,,,,
1492,NAND3X1_740,DFFPOSX1_39,,,,,,,,,
1493,INVX1_270,NAND3X1_161,,,,,,,,,
1494,INVX1_569,OUTPUT_\w3[29] ,,,,,,,,,
1495,NAND3X1_1046,NOR2X1_9,,,,,,,,,
1496,INVX1_104,INVX1_11,,,,,,,,,
1497,AOI22X1_139,INPUT_\key[82] ,,,,,,,,,
1498,NAND3X1_940,DFFPOSX1_20,,,,,,,,,
1499,AND2X2_49,OR2X2_35,,,,,,,,,
1500,INVX1_496,DFFPOSX1_92,,,,,,,,,
1501,INVX1_378,NAND2X1_109,,,,,,,,,
1502,AOI22X1_88,NAND2X1_182,,,,,,,,,
1503,OAI21X1_1185,NAND2X1_100,,,,,,,,,
1504,AND2X2_102,NAND2X1_456,,,,,,,,,
1505,NOR3X1_65,NAND2X1_90,,,,,,,,,
1506,NOR2X1_773,INVX1_173,,,,,,,,,
1507,INVX1_345,OUTPUT_\w3[9] ,,,,,,,,,
1508,NAND2X1_468,AOI21X1_8,,,,,,,,,
1509,INVX1_137,DFFPOSX1_21,,,,,,,,,
1510,NAND2X1_601,NAND2X1_49,,,,,,,,,
1511,NAND2X1_569,OUTPUT_\w1[30] ,,,,,,,,,
1512,NAND3X1_292,OUTPUT_\w0[1] ,,,,,,,,,
1513,INVX1_349,NAND2X1_37,,,,,,,,,
1514,AOI21X1_343,OAI21X1_85,,,,,,,,,
1515,NAND3X1_211,NOR2X1_36,,,,,,,,,
1516,INVX1_126,OAI21X1_135,,,,,,,,,
1517,AOI21X1_539,INVX1_109,,,,,,,,,
1518,AOI21X1_290,NAND2X1_149,,,,,,,,,
1519,AOI21X1_120,NAND2X1_258,,,,,,,,,
1520,NAND3X1_93,INPUT_\key[71] ,,,,,,,,,
1521,NOR3X1_291,OAI21X1_23,,,,,,,,,
1522,AND2X2_83,INVX1_90,,,,,,,,,
1523,DFFPOSX1_32,NOR2X1_87,,,,,,,,,
1524,NAND3X1_995,OUTPUT_\w4_reg[12] ,,,,,,,,,
1525,NOR3X1_196,DFFPOSX1_86,,,,,,,,,
1526,INVX1_264,INVX1_200,,,,,,,,,
1527,NOR2X1_629,OR2X2_37,,,,,,,,,
1528,OAI21X1_614,OAI21X1_76,,,,,,,,,
1529,NOR2X1_170,NOR2X1_13,,,,,,,,,
1530,OAI21X1_714,OAI21X1_157,,,,,,,,,
1531,NOR2X1_285,INPUT_\key[41] ,,,,,,,,,
1532,NOR2X1_774,OAI21X1_237,,,,,,,,,
1533,INVX1_393,NAND2X1_1,,,,,,,,,
1534,NAND3X1_817,INVX1_88,,,,,,,,,
1535,OAI21X1_581,INPUT_\key[58] ,,,,,,,,,
1536,NOR2X1_757,OUTPUT_\w3[22] ,,,,,,,,,
1537,INVX1_338,INVX1_46,,,,,,,,,
1538,AOI21X1_83,INVX1_165,,,,,,,,,
1539,NOR3X1_349,INPUT_\key[77] ,,,,,,,,,
1540,DFFPOSX1_80,INPUT_\key[80] ,,,,,,,,,
1541,NAND2X1_928,INVX1_155,,,,,,,,,
1542,NAND3X1_534,NAND3X1_111,,,,,,,,,
1543,NOR2X1_522,OUTPUT_\w6_reg[18] ,,,,,,,,,
1544,OAI21X1_1355,DFFPOSX1_3,,,,,,,,,
1545,AOI21X1_172,NOR2X1_3,,,,,,,,,
1546,DFFPOSX1_17,NOR2X1_10,,,,,,,,,
1547,NAND3X1_826,NAND2X1_398,,,,,,,,,
1548,OUTPUT_\w4_reg[25] ,NOR2X1_67,,,,,,,,,
1549,NAND2X1_172,OUTPUT_\w7_reg[4] ,,,,,,,,,
1550,NOR2X1_476,OUTPUT_\w0[30] ,,,,,,,,,
1551,AOI22X1_93,NAND2X1_42,,,,,,,,,
1552,DFFPOSX1_63,AOI21X1_19,,,,,,,,,
1553,OAI22X1_70,OR2X2_67,,,,,,,,,
1554,NOR2X1_347,NAND2X1_382,,,,,,,,,
1555,NOR2X1_750,OAI21X1_213,,,,,,,,,
1556,NAND3X1_267,OAI21X1_156,,,,,,,,,
1557,NAND2X1_1007,DFFPOSX1_125,,,,,,,,,
1558,AOI21X1_529,OUTPUT_\w5_reg[5] ,,,,,,,,,
1559,OAI22X1_103,DFFPOSX1_68,,,,,,,,,
1560,NOR3X1_164,INVX1_99,,,,,,,,,
1561,XNOR2X1_59,INVX1_26,,,,,,,,,
1562,NOR2X1_603,NAND2X1_385,,,,,,,,,
1563,AOI21X1_412,AOI21X1_17,,,,,,,,,
1564,NAND3X1_41,NAND3X1_171,,,,,,,,,
1565,NAND3X1_19,NOR2X1_107,,,,,,,,,
1566,NOR3X1_264,NAND2X1_70,,,,,,,,,
1567,AOI21X1_284,NOR2X1_192,,,,,,,,,
1568,NOR3X1_171,NOR2X1_65,,,,,,,,,
1569,INVX1_471,OUTPUT_\w7_reg[7] ,,,,,,,,,
1570,OAI21X1_270,DFFPOSX1_54,,,,,,,,,
1571,NAND2X1_418,XOR2X1_21,,,,,,,,,
1572,NAND2X1_1009,NAND2X1_176,,,,,,,,,
1573,NAND3X1_103,NOR2X1_69,,,,,,,,,
1574,NOR2X1_589,NOR2X1_31,,,,,,,,,
1575,NOR2X1_343,OUTPUT_\w7_reg[18] ,,,,,,,,,
1576,NOR2X1_339,NAND2X1_22,,,,,,,,,
1577,AND2X2_96,NAND2X1_73,,,,,,,,,
1578,NOR2X1_105,INPUT_\key[92] ,,,,,,,,,
1579,OAI21X1_1242,OUTPUT_\w6_reg[14] ,,,,,,,,,
1580,OAI21X1_605,INPUT_\key[24] ,,,,,,,,,
1581,OAI21X1_388,XNOR2X1_37,,,,,,,,,
1582,NAND2X1_720,OUTPUT_\w1[3] ,,,,,,,,,
1583,NAND2X1_610,OUTPUT_\w1[24] ,,,,,,,,,
1584,NAND3X1_565,OUTPUT_\w5_reg[17] ,,,,,,,,,
1585,OUTPUT_\w5_reg[19] ,NAND2X1_438,,,,,,,,,
1586,OAI21X1_922,XNOR2X1_12,,,,,,,,,
1587,AOI21X1_614,OUTPUT_\w0[10] ,,,,,,,,,
1588,OAI21X1_725,NAND3X1_137,,,,,,,,,
1589,NAND2X1_676,OUTPUT_\w4_reg[13] ,,,,,,,,,
1590,OAI21X1_426,NAND2X1_33,,,,,,,,,
1591,OUTPUT_\w6_reg[30] ,INVX1_20,,,,,,,,,
1592,OUTPUT_\w0[3] ,OAI21X1_117,,,,,,,,,
1593,NOR2X1_778,INVX1_52,,,,,,,,,
1594,OAI21X1_189,AND2X2_18,,,,,,,,,
1595,NOR2X1_646,INPUT_\key[74] ,,,,,,,,,
1596,INVX1_35,INVX1_185,,,,,,,,,
1597,NAND3X1_528,XNOR2X1_26,,,,,,,,,
1598,NAND3X1_693,OAI21X1_10,,,,,,,,,
1599,NOR2X1_144,INPUT_\key[6] ,,,,,,,,,
1600,OAI21X1_1114,INPUT_\key[89] ,,,,,,,,,
1601,OAI21X1_990,NOR2X1_104,,,,,,,,,
1602,OAI21X1_1212,NOR2X1_45,,,,,,,,,
1603,AOI21X1_395,NAND2X1_314,,,,,,,,,
1604,INPUT_\key[55] ,OR2X2_7,,,,,,,,,
1605,OUTPUT_\w5_reg[27] ,NOR2X1_21,,,,,,,,,
1606,OR2X2_2,XOR2X1_18,,,,,,,,,
1607,AND2X2_22,NAND2X1_62,,,,,,,,,
1608,NAND3X1_381,AND2X2_29,,,,,,,,,
1609,AOI21X1_232,OAI21X1_21,,,,,,,,,
1610,AND2X2_87,OUTPUT_\w6_reg[29] ,,,,,,,,,
1611,NAND3X1_1018,NAND2X1_93,,,,,,,,,
1612,OAI21X1_320,NAND2X1_91,,,,,,,,,
1613,OAI21X1_1035,INPUT_\key[70] ,,,,,,,,,
1614,AND2X2_27,INVX1_31,,,,,,,,,
1615,NAND3X1_312,INPUT_\key[69] ,,,,,,,,,
1616,NOR3X1_274,INVX1_55,,,,,,,,,
1617,OAI21X1_383,OUTPUT_\w2[2] ,,,,,,,,,
1618,OAI21X1_986,INPUT_\key[109] ,,,,,,,,,
1619,NOR2X1_316,OAI21X1_25,,,,,,,,,
1620,AND2X2_80,INVX1_67,,,,,,,,,
1621,OUTPUT_\w3[16] ,NAND3X1_46,,,,,,,,,
1622,NOR2X1_865,OAI21X1_24,,,,,,,,,
1623,NOR2X1_167,OAI21X1_183,,,,,,,,,
1624,AOI21X1_635,INPUT_\key[127] ,,,,,,,,,
1625,AOI21X1_358,NAND2X1_146,,,,,,,,,
1626,OAI21X1_1,XOR2X1_12,,,,,,,,,
1627,OAI21X1_210,NAND2X1_409,,,,,,,,,
1628,NAND3X1_932,OAI21X1_114,,,,,,,,,
1629,XNOR2X1_52,AND2X2_15,,,,,,,,,
1630,NAND3X1_394,OAI21X1_78,,,,,,,,,
1631,NAND2X1_295,NAND2X1_484,,,,,,,,,
1632,OAI21X1_615,INVX1_4,,,,,,,,,
1633,NOR2X1_557,OUTPUT_\w5_reg[9] ,,,,,,,,,
1634,NAND3X1_904,NAND2X1_427,,,,,,,,,
1635,NOR2X1_291,,,,,,,,,,
1636,NAND2X1_805,,,,,,,,,,
1637,NOR2X1_731,,,,,,,,,,
1638,AOI21X1_548,,,,,,,,,,
1639,NAND2X1_574,,,,,,,,,,
1640,NOR2X1_573,,,,,,,,,,
1641,AOI22X1_27,,,,,,,,,,
1642,NOR3X1_80,,,,,,,,,,
1643,AOI21X1_564,,,,,,,,,,
1644,NAND3X1_752,,,,,,,,,,
1645,NAND3X1_857,,,,,,,,,,
1646,NAND3X1_316,,,,,,,,,,
1647,INVX1_468,,,,,,,,,,
1648,OAI21X1_1068,,,,,,,,,,
1649,OAI21X1_840,,,,,,,,,,
1650,NAND3X1_130,,,,,,,,,,
1651,NOR2X1_38,,,,,,,,,,
1652,INPUT_\key[51] ,,,,,,,,,,
1653,OAI21X1_1190,,,,,,,,,,
1654,NAND2X1_329,,,,,,,,,,
1655,NAND2X1_887,,,,,,,,,,
1656,OAI22X1_11,,,,,,,,,,
1657,XOR2X1_23,,,,,,,,,,
1658,NOR3X1_189,,,,,,,,,,
1659,INVX1_60,,,,,,,,,,
1660,INVX1_346,,,,,,,,,,
1661,OAI21X1_737,,,,,,,,,,
1662,NAND2X1_266,,,,,,,,,,
1663,NOR2X1_333,,,,,,,,,,
1664,NAND3X1_432,,,,,,,,,,
1665,OAI22X1_282,,,,,,,,,,
1666,NAND2X1_203,,,,,,,,,,
1667,OAI21X1_1280,,,,,,,,,,
1668,OAI22X1_210,,,,,,,,,,
1669,AOI21X1_577,,,,,,,,,,
1670,NAND2X1_431,,,,,,,,,,
1671,NOR2X1_796,,,,,,,,,,
1672,OAI21X1_475,,,,,,,,,,
1673,NAND3X1_712,,,,,,,,,,
1674,NOR2X1_703,,,,,,,,,,
1675,INVX1_216,,,,,,,,,,
1676,OAI22X1_257,,,,,,,,,,
1677,NAND2X1_423,,,,,,,,,,
1678,NAND2X1_615,,,,,,,,,,
1679,NOR2X1_813,,,,,,,,,,
1680,AOI22X1_189,,,,,,,,,,
1681,OR2X2_62,,,,,,,,,,
1682,NAND2X1_614,,,,,,,,,,
1683,OAI21X1_132,,,,,,,,,,
1684,NAND2X1_1042,,,,,,,,,,
1685,NOR2X1_682,,,,,,,,,,
1686,NOR2X1_491,,,,,,,,,,
1687,NAND3X1_255,,,,,,,,,,
1688,NAND3X1_1005,,,,,,,,,,
1689,INPUT_\key[25] ,,,,,,,,,,
1690,OUTPUT_\w1[17] ,,,,,,,,,,
1691,OUTPUT_\w7_reg[29] ,,,,,,,,,,
1692,OAI21X1_1139,,,,,,,,,,
1693,OAI22X1_125,,,,,,,,,,
1694,NOR2X1_133,,,,,,,,,,
1695,NAND3X1_108,,,,,,,,,,
1696,OAI21X1_1370,,,,,,,,,,
1697,NOR2X1_143,,,,,,,,,,
1698,AND2X2_88,,,,,,,,,,
1699,AOI21X1_364,,,,,,,,,,
1700,NOR2X1_700,,,,,,,,,,
1701,NAND3X1_277,,,,,,,,,,
1702,NOR2X1_588,,,,,,,,,,
1703,NAND2X1_129,,,,,,,,,,
1704,NOR3X1_193,,,,,,,,,,
1705,DFFPOSX1_96,,,,,,,,,,
1706,OAI21X1_1241,,,,,,,,,,
1707,NAND2X1_986,,,,,,,,,,
1708,INPUT_\key[102] ,,,,,,,,,,
1709,AOI21X1_519,,,,,,,,,,
1710,AOI21X1_483,,,,,,,,,,
1711,NOR2X1_485,,,,,,,,,,
1712,AND2X2_158,,,,,,,,,,
1713,OAI21X1_371,,,,,,,,,,
1714,OAI22X1_71,,,,,,,,,,
1715,INVX1_141,,,,,,,,,,
1716,OAI21X1_109,,,,,,,,,,
1717,NAND3X1_942,,,,,,,,,,
1718,AOI21X1_554,,,,,,,,,,
1719,OAI21X1_612,,,,,,,,,,
1720,OAI21X1_431,,,,,,,,,,
1721,OAI21X1_1335,,,,,,,,,,
1722,INVX1_391,,,,,,,,,,
1723,NAND3X1_821,,,,,,,,,,
1724,OAI21X1_1237,,,,,,,,,,
1725,OAI21X1_611,,,,,,,,,,
1726,DFFPOSX1_92,,,,,,,,,,
1727,NAND2X1_109,,,,,,,,,,
1728,NAND3X1_205,,,,,,,,,,
1729,NAND2X1_182,,,,,,,,,,
1730,NOR3X1_28,,,,,,,,,,
1731,NOR2X1_435,,,,,,,,,,
1732,INVX1_459,,,,,,,,,,
1733,AOI22X1_115,,,,,,,,,,
1734,NAND3X1_1014,,,,,,,,,,
1735,NOR2X1_820,,,,,,,,,,
1736,AOI21X1_114,,,,,,,,,,
1737,NOR3X1_90,,,,,,,,,,
1738,NAND3X1_455,,,,,,,,,,
1739,NAND2X1_49,,,,,,,,,,
1740,NOR2X1_636,,,,,,,,,,
1741,AOI21X1_607,,,,,,,,,,
1742,INVX1_295,,,,,,,,,,
1743,OUTPUT_\w0[1] ,,,,,,,,,,
1744,NAND2X1_37,,,,,,,,,,
1745,OAI21X1_85,,,,,,,,,,
1746,NAND3X1_120,,,,,,,,,,
1747,OAI21X1_551,,,,,,,,,,
1748,AOI21X1_528,,,,,,,,,,
1749,OAI21X1_135,,,,,,,,,,
1750,NAND3X1_140,,,,,,,,,,
1751,AOI22X1_155,,,,,,,,,,
1752,NAND2X1_149,,,,,,,,,,
1753,NOR2X1_659,,,,,,,,,,
1754,OAI21X1_616,,,,,,,,,,
1755,INPUT_\key[71] ,,,,,,,,,,
1756,NAND2X1_739,,,,,,,,,,
1757,INVX1_90,,,,,,,,,,
1758,AOI22X1_60,,,,,,,,,,
1759,OAI21X1_787,,,,,,,,,,
1760,INVX1_313,,,,,,,,,,
1761,OAI21X1_574,,,,,,,,,,
1762,OUTPUT_\w4_reg[12] ,,,,,,,,,,
1763,OR2X2_37,,,,,,,,,,
1764,OAI21X1_76,,,,,,,,,,
1765,OAI21X1_1086,,,,,,,,,,
1766,AOI21X1_196,,,,,,,,,,
1767,NOR2X1_13,,,,,,,,,,
1768,OAI22X1_224,,,,,,,,,,
1769,NOR2X1_893,,,,,,,,,,
1770,OAI21X1_237,,,,,,,,,,
1771,NAND3X1_906,,,,,,,,,,
1772,NOR2X1_537,,,,,,,,,,
1773,INVX1_165,,,,,,,,,,
1774,NAND2X1_473,,,,,,,,,,
1775,OAI21X1_821,,,,,,,,,,
1776,AOI22X1_64,,,,,,,,,,
1777,NAND2X1_819,,,,,,,,,,
1778,INVX1_570,,,,,,,,,,
1779,INPUT_\key[80] ,,,,,,,,,,
1780,OAI21X1_770,,,,,,,,,,
1781,NOR3X1_168,,,,,,,,,,
1782,NOR2X1_3,,,,,,,,,,
1783,NAND2X1_1073,,,,,,,,,,
1784,OAI22X1_149,,,,,,,,,,
1785,OAI21X1_734,,,,,,,,,,
1786,NAND2X1_382,,,,,,,,,,
1787,NOR2X1_265,,,,,,,,,,
1788,OAI21X1_703,,,,,,,,,,
1789,AOI21X1_561,,,,,,,,,,
1790,OAI21X1_1126,,,,,,,,,,
1791,NAND2X1_955,,,,,,,,,,
1792,NAND3X1_32,,,,,,,,,,
1793,OAI22X1_157,,,,,,,,,,
1794,AOI22X1_195,,,,,,,,,,
1795,AOI21X1_304,,,,,,,,,,
1796,INVX1_99,,,,,,,,,,
1797,AOI22X1_198,,,,,,,,,,
1798,INVX1_520,,,,,,,,,,
1799,INVX1_334,,,,,,,,,,
1800,OAI21X1_903,,,,,,,,,,
1801,NOR3X1_208,,,,,,,,,,
1802,NOR2X1_107,,,,,,,,,,
1803,AOI21X1_599,,,,,,,,,,
1804,AND2X2_69,,,,,,,,,,
1805,NOR3X1_109,,,,,,,,,,
1806,OAI21X1_470,,,,,,,,,,
1807,AOI21X1_496,,,,,,,,,,
1808,NOR3X1_162,,,,,,,,,,
1809,NOR2X1_69,,,,,,,,,,
1810,INVX1_320,,,,,,,,,,
1811,NAND3X1_654,,,,,,,,,,
1812,AOI21X1_384,,,,,,,,,,
1813,NAND2X1_599,,,,,,,,,,
1814,AOI22X1_86,,,,,,,,,,
1815,XNOR2X1_37,,,,,,,,,,
1816,AND2X2_106,,,,,,,,,,
1817,OUTPUT_\w5_reg[17] ,,,,,,,,,,
1818,OAI21X1_1002,,,,,,,,,,
1819,AOI21X1_129,,,,,,,,,,
1820,OAI21X1_1211,,,,,,,,,,
1821,AOI21X1_632,,,,,,,,,,
1822,AOI21X1_650,,,,,,,,,,
1823,NOR2X1_531,,,,,,,,,,
1824,OAI22X1_166,,,,,,,,,,
1825,OAI21X1_727,,,,,,,,,,
1826,NOR3X1_287,,,,,,,,,,
1827,AOI21X1_637,,,,,,,,,,
1828,NAND3X1_137,,,,,,,,,,
1829,NAND2X1_1002,,,,,,,,,,
1830,INVX1_20,,,,,,,,,,
1831,INVX1_541,,,,,,,,,,
1832,OAI21X1_1408,,,,,,,,,,
1833,XNOR2X1_26,,,,,,,,,,
1834,OAI21X1_205,,,,,,,,,,
1835,NOR3X1_213,,,,,,,,,,
1836,OAI22X1_86,,,,,,,,,,
1837,OAI22X1_48,,,,,,,,,,
1838,NAND3X1_681,,,,,,,,,,
1839,XOR2X1_18,,,,,,,,,,
1840,OAI21X1_1163,,,,,,,,,,
1841,NAND3X1_229,,,,,,,,,,
1842,NAND3X1_276,,,,,,,,,,
1843,NAND3X1_660,,,,,,,,,,
1844,OAI21X1_571,,,,,,,,,,
1845,NOR2X1_524,,,,,,,,,,
1846,AND2X2_112,,,,,,,,,,
1847,OUTPUT_\w6_reg[29] ,,,,,,,,,,
1848,NAND2X1_1005,,,,,,,,,,
1849,NAND2X1_760,,,,,,,,,,
1850,NAND3X1_74,,,,,,,,,,
1851,NAND2X1_557,,,,,,,,,,
1852,NAND2X1_681,,,,,,,,,,
1853,NOR2X1_442,,,,,,,,,,
1854,NAND3X1_362,,,,,,,,,,
1855,NAND2X1_812,,,,,,,,,,
1856,OAI21X1_1301,,,,,,,,,,
1857,NOR2X1_622,,,,,,,,,,
1858,NAND2X1_835,,,,,,,,,,
1859,NAND2X1_411,,,,,,,,,,
1860,NAND2X1_146,,,,,,,,,,
1861,OAI21X1_256,,,,,,,,,,
1862,NOR2X1_784,,,,,,,,,,
1863,OAI22X1_87,,,,,,,,,,
1864,NOR2X1_710,,,,,,,,,,
1865,OAI22X1_131,,,,,,,,,,
1866,OAI21X1_751,,,,,,,,,,
1867,NAND2X1_853,,,,,,,,,,
1868,OAI22X1_247,,,,,,,,,,
1869,OAI22X1_222,,,,,,,,,,
1870,NAND3X1_188,,,,,,,,,,
1871,AND2X2_50,,,,,,,,,,
1872,NOR2X1_466,,,,,,,,,,
1873,NOR2X1_229,,,,,,,,,,
1874,NAND3X1_165,,,,,,,,,,
1875,OAI21X1_297,,,,,,,,,,
1876,NAND3X1_727,,,,,,,,,,
1877,OAI21X1_1113,,,,,,,,,,
1878,NOR3X1_131,,,,,,,,,,
1879,NAND3X1_397,,,,,,,,,,
1880,NAND3X1_613,,,,,,,,,,
1881,NAND2X1_302,,,,,,,,,,
1882,NAND2X1_635,,,,,,,,,,
1883,NAND2X1_680,,,,,,,,,,
1884,OAI21X1_987,,,,,,,,,,
1885,NAND3X1_840,,,,,,,,,,
1886,NOR3X1_52,,,,,,,,,,
1887,INVX1_273,,,,,,,,,,
1888,NOR2X1_766,,,,,,,,,,
1889,OUTPUT_\w3[19] ,,,,,,,,,,
1890,OAI22X1_104,,,,,,,,,,
1891,NAND3X1_100,,,,,,,,,,
1892,AOI21X1_511,,,,,,,,,,
1893,DFFPOSX1_77,,,,,,,,,,
1894,NOR2X1_132,,,,,,,,,,
1895,NAND2X1_428,,,,,,,,,,
1896,OAI21X1_826,,,,,,,,,,
1897,NOR2X1_219,,,,,,,,,,
1898,NAND3X1_787,,,,,,,,,,
1899,NOR2X1_647,,,,,,,,,,
1900,INVX1_354,,,,,,,,,,
1901,AOI22X1_94,,,,,,,,,,
1902,NAND3X1_898,,,,,,,,,,
1903,INVX1_134,,,,,,,,,,
1904,NAND3X1_586,,,,,,,,,,
1905,NAND2X1_667,,,,,,,,,,
1906,NOR2X1_482,,,,,,,,,,
1907,NAND3X1_550,,,,,,,,,,
1908,AOI21X1_449,,,,,,,,,,
1909,OAI21X1_123,,,,,,,,,,
1910,NOR2X1_821,,,,,,,,,,
1911,AOI21X1_645,,,,,,,,,,
1912,AOI22X1_79,,,,,,,,,,
1913,NAND2X1_750,,,,,,,,,,
1914,OAI21X1_266,,,,,,,,,,
1915,OAI21X1_959,,,,,,,,,,
1916,NAND3X1_442,,,,,,,,,,
1917,NAND2X1_240,,,,,,,,,,
1918,NOR2X1_886,,,,,,,,,,
1919,NAND3X1_533,,,,,,,,,,
1920,OAI21X1_324,,,,,,,,,,
1921,NAND2X1_399,,,,,,,,,,
1922,DFFPOSX1_66,,,,,,,,,,
1923,OAI21X1_87,,,,,,,,,,
1924,NOR3X1_123,,,,,,,,,,
1925,NAND3X1_110,,,,,,,,,,
1926,NOR2X1_759,,,,,,,,,,
1927,NAND3X1_1048,,,,,,,,,,
1928,OAI21X1_477,,,,,,,,,,
1929,NAND3X1_263,,,,,,,,,,
1930,NOR2X1_161,,,,,,,,,,
1931,NOR3X1_317,,,,,,,,,,
1932,NOR2X1_458,,,,,,,,,,
1933,NAND3X1_623,,,,,,,,,,
1934,AOI22X1_221,,,,,,,,,,
1935,NAND3X1_548,,,,,,,,,,
1936,OAI21X1_1357,,,,,,,,,,
1937,AOI21X1_230,,,,,,,,,,
1938,NOR2X1_648,,,,,,,,,,
1939,INVX1_66,,,,,,,,,,
1940,INVX1_488,,,,,,,,,,
1941,NAND2X1_293,,,,,,,,,,
1942,INVX1_179,,,,,,,,,,
1943,OAI21X1_427,,,,,,,,,,
1944,NOR2X1_231,,,,,,,,,,
1945,INPUT_\key[27] ,,,,,,,,,,
1946,OAI21X1_764,,,,,,,,,,
1947,NAND2X1_481,,,,,,,,,,
1948,AOI21X1_387,,,,,,,,,,
1949,NAND3X1_645,,,,,,,,,,
1950,OUTPUT_\w1[8] ,,,,,,,,,,
1951,INVX1_537,,,,,,,,,,
1952,OAI21X1_799,,,,,,,,,,
1953,INVX1_6,,,,,,,,,,
1954,NOR2X1_397,,,,,,,,,,
1955,NAND2X1_430,,,,,,,,,,
1956,OAI21X1_656,,,,,,,,,,
1957,NAND3X1_489,,,,,,,,,,
1958,NOR2X1_655,,,,,,,,,,
1959,NOR2X1_421,,,,,,,,,,
1960,OAI22X1_3,,,,,,,,,,
1961,NOR2X1_450,,,,,,,,,,
1962,NAND2X1_491,,,,,,,,,,
1963,NAND3X1_725,,,,,,,,,,
1964,AOI22X1_105,,,,,,,,,,
1965,NOR2X1_446,,,,,,,,,,
1966,NOR2X1_404,,,,,,,,,,
1967,AOI22X1_126,,,,,,,,,,
1968,OAI21X1_364,,,,,,,,,,
1969,DFFPOSX1_43,,,,,,,,,,
1970,NAND3X1_896,,,,,,,,,,
1971,OAI21X1_336,,,,,,,,,,
1972,NAND2X1_499,,,,,,,,,,
1973,AOI21X1_647,,,,,,,,,,
1974,NAND3X1_61,,,,,,,,,,
1975,NAND3X1_703,,,,,,,,,,
1976,AOI21X1_533,,,,,,,,,,
1977,NOR2X1_492,,,,,,,,,,
1978,OR2X2_29,,,,,,,,,,
1979,OR2X2_26,,,,,,,,,,
1980,OAI21X1_682,,,,,,,,,,
1981,OUTPUT_\w2[21] ,,,,,,,,,,
1982,INVX1_351,,,,,,,,,,
1983,OAI21X1_1019,,,,,,,,,,
1984,OAI21X1_534,,,,,,,,,,
1985,NAND3X1_283,,,,,,,,,,
1986,AOI21X1_265,,,,,,,,,,
1987,NAND3X1_383,,,,,,,,,,
1988,NAND2X1_657,,,,,,,,,,
1989,NOR3X1_31,,,,,,,,,,
1990,NOR2X1_95,,,,,,,,,,
1991,AOI21X1_612,,,,,,,,,,
1992,OAI21X1_909,,,,,,,,,,
1993,INVX1_5,,,,,,,,,,
1994,OAI21X1_20,,,,,,,,,,
1995,NOR3X1_255,,,,,,,,,,
1996,OAI21X1_1399,,,,,,,,,,
1997,OAI21X1_962,,,,,,,,,,
1998,NAND3X1_126,,,,,,,,,,
1999,AOI21X1_618,,,,,,,,,,
2000,NAND3X1_1035,,,,,,,,,,
2001,XOR2X1_14,,,,,,,,,,
2002,AOI21X1_657,,,,,,,,,,
2003,AOI21X1_272,,,,,,,,,,
2004,DFFPOSX1_89,,,,,,,,,,
2005,NOR2X1_807,,,,,,,,,,
2006,NOR3X1_51,,,,,,,,,,
2007,NAND2X1_63,,,,,,,,,,
2008,OAI21X1_1302,,,,,,,,,,
2009,INVX1_247,,,,,,,,,,
2010,DFFPOSX1_109,,,,,,,,,,
2011,NAND2X1_1043,,,,,,,,,,
2012,OR2X2_8,,,,,,,,,,
2013,AND2X2_152,,,,,,,,,,
2014,INVX1_143,,,,,,,,,,
2015,AOI21X1_664,,,,,,,,,,
2016,NOR3X1_116,,,,,,,,,,
2017,NAND2X1_454,,,,,,,,,,
2018,NAND3X1_431,,,,,,,,,,
2019,OAI21X1_214,,,,,,,,,,
2020,NAND3X1_71,,,,,,,,,,
2021,AOI21X1_415,,,,,,,,,,
2022,OAI21X1_62,,,,,,,,,,
2023,AOI21X1_221,,,,,,,,,,
2024,NAND3X1_82,,,,,,,,,,
2025,NAND3X1_412,,,,,,,,,,
2026,NAND3X1_146,,,,,,,,,,
2027,NAND2X1_879,,,,,,,,,,
2028,INVX1_178,,,,,,,,,,
2029,OAI21X1_631,,,,,,,,,,
2030,INPUT_\key[7] ,,,,,,,,,,
2031,NAND2X1_636,,,,,,,,,,
2032,NAND2X1_487,,,,,,,,,,
2033,OAI21X1_499,,,,,,,,,,
2034,NAND2X1_435,,,,,,,,,,
2035,OAI22X1_83,,,,,,,,,,
2036,OAI21X1_121,,,,,,,,,,
2037,AOI22X1_54,,,,,,,,,,
2038,INVX1_130,,,,,,,,,,
2039,OAI22X1_171,,,,,,,,,,
2040,NAND2X1_972,,,,,,,,,,
2041,NAND3X1_900,,,,,,,,,,
2042,NOR2X1_122,,,,,,,,,,
2043,NAND2X1_769,,,,,,,,,,
2044,NAND3X1_977,,,,,,,,,,
2045,OAI22X1_63,,,,,,,,,,
2046,NAND3X1_467,,,,,,,,,,
2047,OAI21X1_1403,,,,,,,,,,
2048,NAND3X1_953,,,,,,,,,,
2049,NOR3X1_45,,,,,,,,,,
2050,NAND2X1_77,,,,,,,,,,
2051,OAI21X1_749,,,,,,,,,,
2052,NOR2X1_477,,,,,,,,,,
2053,NOR2X1_456,,,,,,,,,,
2054,AOI21X1_260,,,,,,,,,,
2055,NAND3X1_542,,,,,,,,,,
2056,AOI21X1_452,,,,,,,,,,
2057,OAI21X1_228,,,,,,,,,,
2058,OAI21X1_595,,,,,,,,,,
2059,NAND2X1_23,,,,,,,,,,
2060,DFFPOSX1_27,,,,,,,,,,
2061,INVX1_327,,,,,,,,,,
2062,DFFPOSX1_121,,,,,,,,,,
2063,NAND3X1_220,,,,,,,,,,
2064,OAI21X1_929,,,,,,,,,,
2065,NOR2X1_240,,,,,,,,,,
2066,OAI22X1_267,,,,,,,,,,
2067,AOI21X1_540,,,,,,,,,,
2068,NOR3X1_227,,,,,,,,,,
2069,NOR3X1_19,,,,,,,,,,
2070,OAI21X1_570,,,,,,,,,,
2071,AND2X2_14,,,,,,,,,,
2072,NAND2X1_540,,,,,,,,,,
2073,NAND2X1_439,,,,,,,,,,
2074,NAND2X1_436,,,,,,,,,,
2075,DFFPOSX1_76,,,,,,,,,,
2076,NAND2X1_421,,,,,,,,,,
2077,INVX1_434,,,,,,,,,,
2078,NAND3X1_155,,,,,,,,,,
2079,NAND2X1_687,,,,,,,,,,
2080,NOR2X1_178,,,,,,,,,,
2081,OAI21X1_1006,,,,,,,,,,
2082,NAND3X1_23,,,,,,,,,,
2083,OAI22X1_61,,,,,,,,,,
2084,NAND2X1_553,,,,,,,,,,
2085,INPUT_\key[28] ,,,,,,,,,,
2086,DFFPOSX1_72,,,,,,,,,,
2087,NAND2X1_993,,,,,,,,,,
2088,OAI21X1_105,,,,,,,,,,
2089,NAND3X1_994,,,,,,,,,,
2090,INVX1_507,,,,,,,,,,
2091,OAI21X1_950,,,,,,,,,,
2092,OAI21X1_938,,,,,,,,,,
2093,OAI21X1_171,,,,,,,,,,
2094,NAND3X1_574,,,,,,,,,,
2095,OAI21X1_192,,,,,,,,,,
2096,NAND3X1_428,,,,,,,,,,
2097,AOI21X1_303,,,,,,,,,,
2098,NAND3X1_486,,,,,,,,,,
2099,OAI21X1_752,,,,,,,,,,
2100,NAND3X1_427,,,,,,,,,,
2101,AOI21X1_200,,,,,,,,,,
2102,NOR2X1_612,,,,,,,,,,
2103,INVX1_19,,,,,,,,,,
2104,NAND3X1_446,,,,,,,,,,
2105,AOI22X1_178,,,,,,,,,,
2106,OAI21X1_775,,,,,,,,,,
2107,NOR2X1_209,,,,,,,,,,
2108,NOR3X1_64,,,,,,,,,,
2109,OAI21X1_1257,,,,,,,,,,
2110,NAND3X1_33,,,,,,,,,,
2111,AND2X2_75,,,,,,,,,,
2112,NAND2X1_482,,,,,,,,,,
2113,NOR3X1_214,,,,,,,,,,
2114,INVX1_113,,,,,,,,,,
2115,NAND3X1_597,,,,,,,,,,
2116,NOR3X1_91,,,,,,,,,,
2117,AOI21X1_530,,,,,,,,,,
2118,OAI21X1_1227,,,,,,,,,,
2119,OAI21X1_198,,,,,,,,,,
2120,OAI21X1_1217,,,,,,,,,,
2121,NAND2X1_300,,,,,,,,,,
2122,NOR2X1_795,,,,,,,,,,
2123,OAI21X1_780,,,,,,,,,,
2124,AND2X2_28,,,,,,,,,,
2125,NOR3X1_207,,,,,,,,,,
2126,OAI21X1_26,,,,,,,,,,
2127,NAND2X1_1016,,,,,,,,,,
2128,NAND2X1_184,,,,,,,,,,
2129,OAI21X1_797,,,,,,,,,,
2130,NOR2X1_697,,,,,,,,,,
2131,AOI21X1_565,,,,,,,,,,
2132,OAI21X1_1326,,,,,,,,,,
2133,NOR2X1_302,,,,,,,,,,
2134,OAI21X1_485,,,,,,,,,,
2135,NAND3X1_580,,,,,,,,,,
2136,NAND2X1_361,,,,,,,,,,
2137,AOI22X1_225,,,,,,,,,,
2138,NAND3X1_216,,,,,,,,,,
2139,AOI22X1_37,,,,,,,,,,
2140,NAND3X1_793,,,,,,,,,,
2141,OUTPUT_\w4_reg[9] ,,,,,,,,,,
2142,NAND2X1_904,,,,,,,,,,
2143,NAND3X1_709,,,,,,,,,,
2144,AOI21X1_346,,,,,,,,,,
2145,OUTPUT_\w2[29] ,,,,,,,,,,
2146,NAND2X1_478,,,,,,,,,,
2147,NAND3X1_248,,,,,,,,,,
2148,NAND3X1_747,,,,,,,,,,
2149,OAI21X1_1156,,,,,,,,,,
2150,OAI21X1_811,,,,,,,,,,
2151,NAND3X1_756,,,,,,,,,,
2152,NOR3X1_275,,,,,,,,,,
2153,INVX1_100,,,,,,,,,,
2154,OAI22X1_235,,,,,,,,,,
2155,OAI22X1_26,,,,,,,,,,
2156,OAI21X1_1213,,,,,,,,,,
2157,NAND3X1_612,,,,,,,,,,
2158,OAI22X1_216,,,,,,,,,,
2159,NAND3X1_515,,,,,,,,,,
2160,NAND2X1_934,,,,,,,,,,
2161,NOR2X1_424,,,,,,,,,,
2162,NAND2X1_451,,,,,,,,,,
2163,DFFPOSX1_107,,,,,,,,,,
2164,NOR2X1_335,,,,,,,,,,
2165,NAND2X1_416,,,,,,,,,,
2166,OUTPUT_\w7_reg[2] ,,,,,,,,,,
2167,OAI21X1_308,,,,,,,,,,
2168,AOI21X1_491,,,,,,,,,,
2169,NAND3X1_295,,,,,,,,,,
2170,AOI21X1_464,,,,,,,,,,
2171,NOR2X1_929,,,,,,,,,,
2172,AOI21X1_347,,,,,,,,,,
2173,NOR2X1_926,,,,,,,,,,
2174,OAI21X1_13,,,,,,,,,,
2175,NAND2X1_709,,,,,,,,,,
2176,OAI21X1_765,,,,,,,,,,
2177,NOR3X1_313,,,,,,,,,,
2178,NOR2X1_137,,,,,,,,,,
2179,OAI21X1_95,,,,,,,,,,
2180,NOR2X1_538,,,,,,,,,,
2181,OAI21X1_739,,,,,,,,,,
2182,NAND2X1_477,,,,,,,,,,
2183,OAI21X1_977,,,,,,,,,,
2184,AOI21X1_535,,,,,,,,,,
2185,AOI21X1_392,,,,,,,,,,
2186,NOR3X1_188,,,,,,,,,,
2187,OAI21X1_28,,,,,,,,,,
2188,NAND2X1_455,,,,,,,,,,
2189,AND2X2_138,,,,,,,,,,
2190,AOI22X1_62,,,,,,,,,,
2191,OUTPUT_\w5_reg[11] ,,,,,,,,,,
2192,NAND2X1_575,,,,,,,,,,
2193,NOR2X1_624,,,,,,,,,,
2194,OUTPUT_\w5_reg[25] ,,,,,,,,,,
2195,OUTPUT_\w1[29] ,,,,,,,,,,
2196,INVX1_352,,,,,,,,,,
2197,NAND2X1_858,,,,,,,,,,
2198,INVX1_84,,,,,,,,,,
2199,NOR3X1_42,,,,,,,,,,
2200,NAND2X1_342,,,,,,,,,,
2201,NAND3X1_310,,,,,,,,,,
2202,AOI22X1_97,,,,,,,,,,
2203,OAI21X1_1060,,,,,,,,,,
2204,OAI21X1_984,,,,,,,,,,
2205,AOI22X1_99,,,,,,,,,,
2206,NAND2X1_1011,,,,,,,,,,
2207,NAND2X1_829,,,,,,,,,,
2208,NAND2X1_600,,,,,,,,,,
2209,NAND2X1_1003,,,,,,,,,,
2210,OAI22X1_47,,,,,,,,,,
2211,NAND2X1_76,,,,,,,,,,
2212,OAI21X1_307,,,,,,,,,,
2213,AOI21X1_518,,,,,,,,,,
2214,NOR3X1_320,,,,,,,,,,
2215,NAND3X1_187,,,,,,,,,,
2216,NAND2X1_116,,,,,,,,,,
2217,NAND2X1_307,,,,,,,,,,
2218,NAND2X1_171,,,,,,,,,,
2219,NOR2X1_521,,,,,,,,,,
2220,OR2X2_38,,,,,,,,,,
2221,OUTPUT_\w4_reg[4] ,,,,,,,,,,
2222,NAND3X1_928,,,,,,,,,,
2223,NAND2X1_453,,,,,,,,,,
2224,NAND3X1_545,,,,,,,,,,
2225,OAI21X1_808,,,,,,,,,,
2226,NOR3X1_62,,,,,,,,,,
2227,NAND3X1_941,,,,,,,,,,
2228,INVX1_217,,,,,,,,,,
2229,NAND3X1_781,,,,,,,,,,
2230,OUTPUT_\w6_reg[25] ,,,,,,,,,,
2231,NAND3X1_162,,,,,,,,,,
2232,NOR3X1_102,,,,,,,,,,
2233,OAI21X1_186,,,,,,,,,,
2234,NAND3X1_213,,,,,,,,,,
2235,NAND2X1_619,,,,,,,,,,
2236,AOI21X1_493,,,,,,,,,,
2237,OAI22X1_44,,,,,,,,,,
2238,NAND3X1_293,,,,,,,,,,
2239,NOR3X1_195,,,,,,,,,,
2240,OAI22X1_29,,,,,,,,,,
2241,AOI21X1_116,,,,,,,,,,
2242,AOI21X1_482,,,,,,,,,,
2243,NAND2X1_305,,,,,,,,,,
2244,AOI22X1_113,,,,,,,,,,
2245,AOI22X1_216,,,,,,,,,,
2246,OAI21X1_716,,,,,,,,,,
2247,NAND3X1_222,,,,,,,,,,
2248,NAND3X1_315,,,,,,,,,,
2249,NAND3X1_895,,,,,,,,,,
2250,AOI21X1_30,,,,,,,,,,
2251,NAND3X1_501,,,,,,,,,,
2252,NOR2X1_481,,,,,,,,,,
2253,AOI21X1_234,,,,,,,,,,
2254,OAI22X1_94,,,,,,,,,,
2255,NOR2X1_497,,,,,,,,,,
2256,NAND3X1_930,,,,,,,,,,
2257,OAI21X1_1017,,,,,,,,,,
2258,XNOR2X1_10,,,,,,,,,,
2259,NOR2X1_552,,,,,,,,,,
2260,NAND2X1_181,,,,,,,,,,
2261,AOI21X1_571,,,,,,,,,,
2262,OUTPUT_\w5_reg[20] ,,,,,,,,,,
2263,OAI21X1_548,,,,,,,,,,
2264,OAI21X1_380,,,,,,,,,,
2265,NOR2X1_361,,,,,,,,,,
2266,OAI22X1_88,,,,,,,,,,
2267,NOR2X1_706,,,,,,,,,,
2268,NAND3X1_590,,,,,,,,,,
2269,NOR2X1_791,,,,,,,,,,
2270,INVX1_509,,,,,,,,,,
2271,NAND3X1_79,,,,,,,,,,
2272,NOR2X1_867,,,,,,,,,,
2273,INVX1_437,,,,,,,,,,
2274,INVX1_390,,,,,,,,,,
2275,INVX1_442,,,,,,,,,,
2276,OAI21X1_142,,,,,,,,,,
2277,NOR2X1_54,,,,,,,,,,
2278,AOI22X1_152,,,,,,,,,,
2279,NOR2X1_500,,,,,,,,,,
2280,NOR2X1_879,,,,,,,,,,
2281,NOR2X1_130,,,,,,,,,,
2282,NAND3X1_546,,,,,,,,,,
2283,OAI21X1_1098,,,,,,,,,,
2284,OAI21X1_636,,,,,,,,,,
2285,OAI22X1_230,,,,,,,,,,
2286,OAI21X1_530,,,,,,,,,,
2287,OAI21X1_1033,,,,,,,,,,
2288,XNOR2X1_61,,,,,,,,,,
2289,NAND2X1_1086,,,,,,,,,,
2290,NAND3X1_704,,,,,,,,,,
2291,NAND2X1_704,,,,,,,,,,
2292,AND2X2_117,,,,,,,,,,
2293,OAI21X1_141,,,,,,,,,,
2294,NAND3X1_560,,,,,,,,,,
2295,OAI21X1_713,,,,,,,,,,
2296,NOR2X1_738,,,,,,,,,,
2297,NAND2X1_719,,,,,,,,,,
2298,INVX1_159,,,,,,,,,,
2299,XNOR2X1_38,,,,,,,,,,
2300,INVX1_181,,,,,,,,,,
2301,NAND3X1_72,,,,,,,,,,
2302,INPUT_\key[79] ,,,,,,,,,,
2303,NOR2X1_123,,,,,,,,,,
2304,NOR2X1_227,,,,,,,,,,
2305,AOI22X1_182,,,,,,,,,,
2306,NAND3X1_823,,,,,,,,,,
2307,OAI21X1_1263,,,,,,,,,,
2308,AOI21X1_193,,,,,,,,,,
2309,OAI22X1_206,,,,,,,,,,
2310,AOI21X1_115,,,,,,,,,,
2311,NAND3X1_285,,,,,,,,,,
2312,OR2X2_10,,,,,,,,,,
2313,NOR2X1_930,,,,,,,,,,
2314,NAND2X1_61,,,,,,,,,,
2315,NOR3X1_140,,,,,,,,,,
2316,NAND2X1_980,,,,,,,,,,
2317,OAI21X1_1232,,,,,,,,,,
2318,NAND2X1_2,,,,,,,,,,
2319,INVX1_33,,,,,,,,,,
2320,OAI21X1_958,,,,,,,,,,
2321,OR2X2_79,,,,,,,,,,
2322,INVX1_191,,,,,,,,,,
2323,NAND2X1_762,,,,,,,,,,
2324,OAI22X1_25,,,,,,,,,,
2325,OAI21X1_669,,,,,,,,,,
2326,OAI21X1_689,,,,,,,,,,
2327,AOI22X1_52,,,,,,,,,,
2328,AOI22X1_92,,,,,,,,,,
2329,OAI21X1_1307,,,,,,,,,,
2330,OAI21X1_1043,,,,,,,,,,
2331,INVX1_530,,,,,,,,,,
2332,NAND3X1_358,,,,,,,,,,
2333,NAND3X1_695,,,,,,,,,,
2334,NAND3X1_843,,,,,,,,,,
2335,NAND2X1_648,,,,,,,,,,
2336,OAI21X1_36,,,,,,,,,,
2337,OAI21X1_286,,,,,,,,,,
2338,OAI22X1_213,,,,,,,,,,
2339,OAI22X1_62,,,,,,,,,,
2340,NOR2X1_239,,,,,,,,,,
2341,NAND2X1_782,,,,,,,,,,
2342,OAI21X1_664,,,,,,,,,,
2343,NAND2X1_633,,,,,,,,,,
2344,AOI22X1_70,,,,,,,,,,
2345,NOR2X1_151,,,,,,,,,,
2346,NAND3X1_635,,,,,,,,,,
2347,NAND3X1_363,,,,,,,,,,
2348,OAI21X1_967,,,,,,,,,,
2349,INVX1_336,,,,,,,,,,
2350,OAI21X1_1092,,,,,,,,,,
2351,NOR2X1_286,,,,,,,,,,
2352,AOI21X1_256,,,,,,,,,,
2353,INVX1_464,,,,,,,,,,
2354,NAND3X1_1043,,,,,,,,,,
2355,INVX1_443,,,,,,,,,,
2356,OAI21X1_296,,,,,,,,,,
2357,OAI21X1_892,,,,,,,,,,
2358,NAND2X1_139,,,,,,,,,,
2359,NOR2X1_915,,,,,,,,,,
2360,OAI21X1_843,,,,,,,,,,
2361,NAND2X1_873,,,,,,,,,,
2362,AOI21X1_569,,,,,,,,,,
2363,OAI21X1_1093,,,,,,,,,,
2364,OAI21X1_392,,,,,,,,,,
2365,INPUT_\key[62] ,,,,,,,,,,
2366,AND2X2_16,,,,,,,,,,
2367,INVX1_199,,,,,,,,,,
2368,OAI21X1_418,,,,,,,,,,
2369,AOI21X1_468,,,,,,,,,,
2370,NAND3X1_136,,,,,,,,,,
2371,NAND2X1_718,,,,,,,,,,
2372,AOI21X1_142,,,,,,,,,,
2373,NOR2X1_701,,,,,,,,,,
2374,NOR3X1_305,,,,,,,,,,
2375,OAI21X1_1392,,,,,,,,,,
2376,OUTPUT_\w0[11] ,,,,,,,,,,
2377,OAI21X1_754,,,,,,,,,,
2378,AOI21X1_135,,,,,,,,,,
2379,OAI21X1_502,,,,,,,,,,
2380,AOI21X1_451,,,,,,,,,,
2381,OUTPUT_\w6_reg[8] ,,,,,,,,,,
2382,NAND3X1_371,,,,,,,,,,
2383,NAND2X1_1034,,,,,,,,,,
2384,OAI21X1_887,,,,,,,,,,
2385,OUTPUT_\w2[17] ,,,,,,,,,,
2386,NAND2X1_984,,,,,,,,,,
2387,AOI21X1_513,,,,,,,,,,
2388,NOR2X1_295,,,,,,,,,,
2389,AOI21X1_271,,,,,,,,,,
2390,NAND3X1_722,,,,,,,,,,
2391,NAND3X1_252,,,,,,,,,,
2392,NAND2X1_5,,,,,,,,,,
2393,AOI21X1_254,,,,,,,,,,
2394,OAI21X1_1306,,,,,,,,,,
2395,AOI21X1_160,,,,,,,,,,
2396,NAND2X1_1066,,,,,,,,,,
2397,NAND2X1_526,,,,,,,,,,
2398,OAI21X1_377,,,,,,,,,,
2399,OAI21X1_478,,,,,,,,,,
2400,AOI22X1_117,,,,,,,,,,
2401,NOR2X1_792,,,,,,,,,,
2402,NAND3X1_1003,,,,,,,,,,
2403,NOR2X1_801,,,,,,,,,,
2404,NAND3X1_347,,,,,,,,,,
2405,XOR2X1_11,,,,,,,,,,
2406,NOR2X1_427,,,,,,,,,,
2407,DFFPOSX1_74,,,,,,,,,,
2408,NOR2X1_351,,,,,,,,,,
2409,NAND2X1_82,,,,,,,,,,
2410,OAI21X1_1050,,,,,,,,,,
2411,NOR2X1_743,,,,,,,,,,
2412,AND2X2_71,,,,,,,,,,
2413,NAND2X1_290,,,,,,,,,,
2414,OAI21X1_731,,,,,,,,,,
2415,XNOR2X1_29,,,,,,,,,,
2416,AND2X2_85,,,,,,,,,,
2417,INVX1_521,,,,,,,,,,
2418,NAND3X1_5,,,,,,,,,,
2419,INVX1_25,,,,,,,,,,
2420,OAI21X1_164,,,,,,,,,,
2421,NAND2X1_450,,,,,,,,,,
2422,DFFPOSX1_12,,,,,,,,,,
2423,NAND3X1_799,,,,,,,,,,
2424,NAND3X1_195,,,,,,,,,,
2425,NAND3X1_477,,,,,,,,,,
2426,NAND3X1_307,,,,,,,,,,
2427,OAI21X1_1245,,,,,,,,,,
2428,NOR2X1_70,,,,,,,,,,
2429,NAND3X1_458,,,,,,,,,,
2430,DFFPOSX1_127,,,,,,,,,,
2431,OAI21X1_416,,,,,,,,,,
2432,INVX1_18,,,,,,,,,,
2433,OAI21X1_729,,,,,,,,,,
2434,NAND2X1_532,,,,,,,,,,
2435,OAI22X1_302,,,,,,,,,,
2436,NAND2X1_148,,,,,,,,,,
2437,NAND3X1_318,,,,,,,,,,
2438,NAND3X1_1028,,,,,,,,,,
2439,INVX1_420,,,,,,,,,,
2440,OAI21X1_145,,,,,,,,,,
2441,OAI21X1_1259,,,,,,,,,,
2442,OAI21X1_235,,,,,,,,,,
2443,NAND2X1_977,,,,,,,,,,
2444,NAND3X1_388,,,,,,,,,,
2445,OUTPUT_\w4_reg[14] ,,,,,,,,,,
2446,OAI22X1_92,,,,,,,,,,
2447,AOI21X1_541,,,,,,,,,,
2448,NOR2X1_289,,,,,,,,,,
2449,DFFPOSX1_22,,,,,,,,,,
2450,NOR3X1_68,,,,,,,,,,
2451,INVX1_553,,,,,,,,,,
2452,NOR3X1_3,,,,,,,,,,
2453,DFFPOSX1_60,,,,,,,,,,
2454,OAI22X1_198,,,,,,,,,,
2455,NOR2X1_788,,,,,,,,,,
2456,OUTPUT_\w0[31] ,,,,,,,,,,
2457,NOR2X1_118,,,,,,,,,,
2458,OAI22X1_122,,,,,,,,,,
2459,AOI21X1_521,,,,,,,,,,
2460,NAND3X1_426,,,,,,,,,,
2461,AOI22X1_26,,,,,,,,,,
2462,NAND3X1_219,,,,,,,,,,
2463,NAND2X1_208,,,,,,,,,,
2464,NOR2X1_139,,,,,,,,,,
2465,NAND2X1_159,,,,,,,,,,
2466,OAI21X1_951,,,,,,,,,,
2467,NAND2X1_903,,,,,,,,,,
2468,AND2X2_154,,,,,,,,,,
2469,NOR3X1_13,,,,,,,,,,
2470,INVX1_278,,,,,,,,,,
2471,NAND2X1_772,,,,,,,,,,
2472,OAI21X1_918,,,,,,,,,,
2473,NOR3X1_94,,,,,,,,,,
2474,NAND2X1_533,,,,,,,,,,
2475,NAND2X1_1083,,,,,,,,,,
2476,NAND3X1_766,,,,,,,,,,
2477,NOR2X1_269,,,,,,,,,,
2478,AOI21X1_39,,,,,,,,,,
2479,OUTPUT_\w3[27] ,,,,,,,,,,
2480,AOI21X1_665,,,,,,,,,,
2481,NAND2X1_460,,,,,,,,,,
2482,NOR2X1_864,,,,,,,,,,
2483,OR2X2_76,,,,,,,,,,
2484,NAND2X1_652,,,,,,,,,,
2485,AOI21X1_361,,,,,,,,,,
2486,OAI22X1_32,,,,,,,,,,
2487,AND2X2_55,,,,,,,,,,
2488,NOR2X1_463,,,,,,,,,,
2489,OAI22X1_202,,,,,,,,,,
2490,XNOR2X1_51,,,,,,,,,,
2491,DFFPOSX1_88,,,,,,,,,,
2492,INVX1_105,,,,,,,,,,
2493,OAI21X1_697,,,,,,,,,,
2494,OAI21X1_454,,,,,,,,,,
2495,NOR3X1_137,,,,,,,,,,
2496,OAI21X1_1288,,,,,,,,,,
2497,NOR2X1_368,,,,,,,,,,
2498,NAND2X1_658,,,,,,,,,,
2499,INPUT_\key[61] ,,,,,,,,,,
2500,NAND2X1_457,,,,,,,,,,
2501,OAI21X1_1169,,,,,,,,,,
2502,AND2X2_142,,,,,,,,,,
2503,NAND3X1_194,,,,,,,,,,
2504,NOR2X1_433,,,,,,,,,,
2505,NAND3X1_676,,,,,,,,,,
2506,INVX1_326,,,,,,,,,,
2507,NAND2X1_338,,,,,,,,,,
2508,NAND3X1_107,,,,,,,,,,
2509,XNOR2X1_18,,,,,,,,,,
2510,NAND3X1_552,,,,,,,,,,
2511,OAI22X1_20,,,,,,,,,,
2512,NAND2X1_102,,,,,,,,,,
2513,NOR2X1_737,,,,,,,,,,
2514,AND2X2_4,,,,,,,,,,
2515,DFFPOSX1_47,,,,,,,,,,
2516,NAND3X1_592,,,,,,,,,,
2517,OAI21X1_994,,,,,,,,,,
2518,NAND2X1_865,,,,,,,,,,
2519,INPUT_\key[56] ,,,,,,,,,,
2520,NAND2X1_498,,,,,,,,,,
2521,OAI21X1_301,,,,,,,,,,
2522,AOI21X1_54,,,,,,,,,,
2523,NAND2X1_328,,,,,,,,,,
2524,OAI21X1_111,,,,,,,,,,
2525,NAND2X1_25,,,,,,,,,,
2526,NOR3X1_356,,,,,,,,,,
2527,XOR2X1_15,,,,,,,,,,
2528,NAND3X1_258,,,,,,,,,,
2529,AOI21X1_242,,,,,,,,,,
2530,AOI21X1_583,,,,,,,,,,
2531,OAI21X1_679,,,,,,,,,,
2532,NAND3X1_491,,,,,,,,,,
2533,INVX1_160,,,,,,,,,,
2534,NAND3X1_950,,,,,,,,,,
2535,OAI21X1_1415,,,,,,,,,,
2536,OAI21X1_434,,,,,,,,,,
2537,NAND3X1_731,,,,,,,,,,
2538,NAND2X1_412,,,,,,,,,,
2539,OAI21X1_293,,,,,,,,,,
2540,OAI22X1_289,,,,,,,,,,
2541,NOR2X1_856,,,,,,,,,,
2542,NOR3X1_119,,,,,,,,,,
2543,AOI22X1_135,,,,,,,,,,
2544,NAND2X1_890,,,,,,,,,,
2545,OAI22X1_170,,,,,,,,,,
2546,INVX1_64,,,,,,,,,,
2547,NAND3X1_192,,,,,,,,,,
2548,NAND2X1_679,,,,,,,,,,
2549,AOI21X1_678,,,,,,,,,,
2550,AOI21X1_56,,,,,,,,,,
2551,OAI21X1_723,,,,,,,,,,
2552,OAI22X1_134,,,,,,,,,,
2553,NAND3X1_689,,,,,,,,,,
2554,AOI21X1_191,,,,,,,,,,
2555,NAND3X1_617,,,,,,,,,,
2556,NAND3X1_891,,,,,,,,,,
2557,OAI21X1_1192,,,,,,,,,,
2558,NAND2X1_140,,,,,,,,,,
2559,AOI21X1_1,,,,,,,,,,
2560,NOR2X1_50,,,,,,,,,,
2561,AOI21X1_123,,,,,,,,,,
2562,INVX1_312,,,,,,,,,,
2563,OAI22X1_97,,,,,,,,,,
2564,OR2X2_1,,,,,,,,,,
2565,NAND3X1_998,,,,,,,,,,
2566,AOI21X1_609,,,,,,,,,,
2567,NAND2X1_15,,,,,,,,,,
2568,INVX1_433,,,,,,,,,,
2569,NOR2X1_388,,,,,,,,,,
2570,OAI21X1_1210,,,,,,,,,,
2571,INVX1_254,,,,,,,,,,
2572,NOR2X1_884,,,,,,,,,,
2573,NOR2X1_443,,,,,,,,,,
2574,NAND2X1_1063,,,,,,,,,,
2575,NOR2X1_495,,,,,,,,,,
2576,DFFPOSX1_130,,,,,,,,,,
2577,AOI22X1_154,,,,,,,,,,
2578,NOR2X1_564,,,,,,,,,,
2579,NOR2X1_364,,,,,,,,,,
2580,INVX1_43,,,,,,,,,,
2581,NOR2X1_369,,,,,,,,,,
2582,OAI21X1_468,,,,,,,,,,
2583,NAND2X1_931,,,,,,,,,,
2584,NAND2X1_369,,,,,,,,,,
2585,AND2X2_25,,,,,,,,,,
2586,NAND2X1_537,,,,,,,,,,
2587,AOI22X1_119,,,,,,,,,,
2588,AOI21X1_630,,,,,,,,,,
2589,AOI21X1_479,,,,,,,,,,
2590,AOI21X1_441,,,,,,,,,,
2591,NAND3X1_476,,,,,,,,,,
2592,INPUT_\key[13] ,,,,,,,,,,
2593,NAND2X1_655,,,,,,,,,,
2594,INVX1_392,,,,,,,,,,
2595,OAI22X1_101,,,,,,,,,,
2596,OUTPUT_\w6_reg[11] ,,,,,,,,,,
2597,NAND2X1_155,,,,,,,,,,
2598,NOR3X1_237,,,,,,,,,,
2599,NOR2X1_224,,,,,,,,,,
2600,INPUT_\key[16] ,,,,,,,,,,
2601,AOI21X1_139,,,,,,,,,,
2602,NOR2X1_745,,,,,,,,,,
2603,NOR2X1_299,,,,,,,,,,
2604,OAI21X1_1046,,,,,,,,,,
2605,AOI21X1_333,,,,,,,,,,
2606,NAND2X1_1085,,,,,,,,,,
2607,AND2X2_99,,,,,,,,,,
2608,OR2X2_45,,,,,,,,,,
2609,OAI21X1_396,,,,,,,,,,
2610,NAND2X1_856,,,,,,,,,,
2611,AND2X2_2,,,,,,,,,,
2612,OAI21X1_771,,,,,,,,,,
2613,NAND3X1_336,,,,,,,,,,
2614,NAND2X1_393,,,,,,,,,,
2615,NAND2X1_209,,,,,,,,,,
2616,NAND3X1_616,,,,,,,,,,
2617,INVX1_330,,,,,,,,,,
2618,OAI22X1_278,,,,,,,,,,
2619,NAND3X1_36,,,,,,,,,,
2620,AOI21X1_143,,,,,,,,,,
2621,AOI21X1_566,,,,,,,,,,
2622,NAND3X1_986,,,,,,,,,,
2623,NAND3X1_811,,,,,,,,,,
2624,OAI21X1_899,,,,,,,,,,
2625,OAI21X1_262,,,,,,,,,,
2626,AOI21X1_547,,,,,,,,,,
2627,AOI21X1_542,,,,,,,,,,
2628,INVX1_465,,,,,,,,,,
2629,NAND2X1_1048,,,,,,,,,,
2630,OAI21X1_323,,,,,,,,,,
2631,NOR2X1_248,,,,,,,,,,
2632,NOR2X1_330,,,,,,,,,,
2633,OR2X2_53,,,,,,,,,,
2634,OAI21X1_996,,,,,,,,,,
2635,NAND2X1_277,,,,,,,,,,
2636,NAND3X1_345,,,,,,,,,,
2637,NOR2X1_625,,,,,,,,,,
2638,OAI21X1_90,,,,,,,,,,
2639,OAI22X1_93,,,,,,,,,,
2640,NOR2X1_392,,,,,,,,,,
2641,NOR2X1_183,,,,,,,,,,
2642,AOI22X1_104,,,,,,,,,,
2643,NAND2X1_1079,,,,,,,,,,
2644,NOR2X1_126,,,,,,,,,,
2645,OAI21X1_833,,,,,,,,,,
2646,INVX1_448,,,,,,,,,,
2647,AOI22X1_39,,,,,,,,,,
2648,NAND2X1_898,,,,,,,,,,
2649,AOI22X1_91,,,,,,,,,,
2650,OAI21X1_817,,,,,,,,,,
2651,OAI21X1_963,,,,,,,,,,
2652,OAI22X1_150,,,,,,,,,,
2653,NAND3X1_805,,,,,,,,,,
2654,INVX1_502,,,,,,,,,,
2655,INPUT_\key[57] ,,,,,,,,,,
2656,NAND2X1_322,,,,,,,,,,
2657,AOI21X1_231,,,,,,,,,,
2658,OAI21X1_972,,,,,,,,,,
2659,NOR3X1_53,,,,,,,,,,
2660,OAI22X1_46,,,,,,,,,,
2661,AND2X2_48,,,,,,,,,,
2662,NAND3X1_663,,,,,,,,,,
2663,NAND3X1_141,,,,,,,,,,
2664,NOR3X1_332,,,,,,,,,,
2665,AOI21X1_559,,,,,,,,,,
2666,OAI22X1_108,,,,,,,,,,
2667,OUTPUT_\w7_reg[19] ,,,,,,,,,,
2668,OAI21X1_795,,,,,,,,,,
2669,OAI21X1_1195,,,,,,,,,,
2670,NAND3X1_765,,,,,,,,,,
2671,AOI21X1_174,,,,,,,,,,
2672,AOI21X1_279,,,,,,,,,,
2673,NAND3X1_791,,,,,,,,,,
2674,NAND3X1_628,,,,,,,,,,
2675,NOR2X1_551,,,,,,,,,,
2676,NAND3X1_824,,,,,,,,,,
2677,NOR2X1_755,,,,,,,,,,
2678,OAI22X1_42,,,,,,,,,,
2679,AOI21X1_203,,,,,,,,,,
2680,OAI21X1_397,,,,,,,,,,
2681,NAND3X1_1031,,,,,,,,,,
2682,OAI22X1_273,,,,,,,,,,
2683,NAND3X1_649,,,,,,,,,,
2684,OAI22X1_119,,,,,,,,,,
2685,NAND2X1_1032,,,,,,,,,,
2686,NOR2X1_47,,,,,,,,,,
2687,NOR2X1_841,,,,,,,,,,
2688,OAI21X1_1362,,,,,,,,,,
2689,OAI21X1_1202,,,,,,,,,,
2690,OAI21X1_1409,,,,,,,,,,
2691,AOI21X1_243,,,,,,,,,,
2692,OAI22X1_217,,,,,,,,,,
2693,AOI22X1_210,,,,,,,,,,
2694,NOR2X1_803,,,,,,,,,,
2695,NAND3X1_500,,,,,,,,,,
2696,NOR3X1_330,,,,,,,,,,
2697,OUTPUT_\w5_reg[3] ,,,,,,,,,,
2698,NAND2X1_115,,,,,,,,,,
2699,OAI21X1_651,,,,,,,,,,
2700,AND2X2_119,,,,,,,,,,
2701,NAND3X1_91,,,,,,,,,,
2702,OAI21X1_1042,,,,,,,,,,
2703,OAI21X1_893,,,,,,,,,,
2704,NAND3X1_209,,,,,,,,,,
2705,NOR3X1_7,,,,,,,,,,
2706,NOR2X1_1,,,,,,,,,,
2707,NOR2X1_899,,,,,,,,,,
2708,OAI21X1_162,,,,,,,,,,
2709,NOR2X1_895,,,,,,,,,,
2710,AOI22X1_121,,,,,,,,,,
2711,NOR3X1_17,,,,,,,,,,
2712,OUTPUT_\w3[0] ,,,,,,,,,,
2713,NOR2X1_860,,,,,,,,,,
2714,OAI21X1_960,,,,,,,,,,
2715,AOI21X1_14,,,,,,,,,,
2716,XOR2X1_24,,,,,,,,,,
2717,AOI21X1_588,,,,,,,,,,
2718,OAI21X1_97,,,,,,,,,,
2719,OAI21X1_812,,,,,,,,,,
2720,OAI21X1_247,,,,,,,,,,
2721,OAI21X1_818,,,,,,,,,,
2722,XNOR2X1_35,,,,,,,,,,
2723,OUTPUT_\w5_reg[26] ,,,,,,,,,,
2724,NAND2X1_515,,,,,,,,,,
2725,DFFPOSX1_97,,,,,,,,,,
2726,OUTPUT_\w2[25] ,,,,,,,,,,
2727,OUTPUT_\w7_reg[17] ,,,,,,,,,,
2728,OAI21X1_131,,,,,,,,,,
2729,NOR2X1_156,,,,,,,,,,
2730,NOR2X1_610,,,,,,,,,,
2731,AOI21X1_551,,,,,,,,,,
2732,AOI21X1_33,,,,,,,,,,
2733,NAND3X1_960,,,,,,,,,,
2734,INVX1_182,,,,,,,,,,
2735,AOI22X1_42,,,,,,,,,,
2736,INVX1_172,,,,,,,,,,
2737,OAI21X1_1239,,,,,,,,,,
2738,INVX1_91,,,,,,,,,,
2739,NAND2X1_516,,,,,,,,,,
2740,AOI21X1_430,,,,,,,,,,
2741,DFFPOSX1_73,,,,,,,,,,
2742,NAND2X1_916,,,,,,,,,,
2743,NAND2X1_218,,,,,,,,,,
2744,INVX1_192,,,,,,,,,,
2745,OAI21X1_632,,,,,,,,,,
2746,OAI21X1_692,,,,,,,,,,
2747,NAND3X1_997,,,,,,,,,,
2748,OR2X2_50,,,,,,,,,,
2749,OAI21X1_495,,,,,,,,,,
2750,NOR2X1_767,,,,,,,,,,
2751,OAI22X1_218,,,,,,,,,,
2752,AOI21X1_402,,,,,,,,,,
2753,NAND3X1_429,,,,,,,,,,
2754,INVX1_365,,,,,,,,,,
2755,NOR3X1_202,,,,,,,,,,
2756,AOI21X1_377,,,,,,,,,,
2757,NAND2X1_220,,,,,,,,,,
2758,NAND2X1_502,,,,,,,,,,
2759,OAI21X1_858,,,,,,,,,,
2760,OAI21X1_1188,,,,,,,,,,
2761,NAND2X1_1019,,,,,,,,,,
2762,NOR3X1_12,,,,,,,,,,
2763,AOI21X1_181,,,,,,,,,,
2764,OAI22X1_138,,,,,,,,,,
2765,NAND2X1_647,,,,,,,,,,
2766,OAI21X1_925,,,,,,,,,,
2767,NAND3X1_272,,,,,,,,,,
2768,OAI21X1_395,,,,,,,,,,
2769,OUTPUT_\w5_reg[21] ,,,,,,,,,,
2770,NAND3X1_105,,,,,,,,,,
2771,OAI21X1_541,,,,,,,,,,
2772,INVX1_201,,,,,,,,,,
2773,NAND3X1_189,,,,,,,,,,
2774,AOI21X1_245,,,,,,,,,,
2775,OAI21X1_1031,,,,,,,,,,
2776,AOI21X1_186,,,,,,,,,,
2777,OAI22X1_19,,,,,,,,,,
2778,NAND3X1_575,,,,,,,,,,
2779,NOR2X1_308,,,,,,,,,,
2780,NAND2X1_7,,,,,,,,,,
2781,OUTPUT_\w6_reg[13] ,,,,,,,,,,
2782,AOI22X1_170,,,,,,,,,,
2783,INVX1_439,,,,,,,,,,
2784,NOR3X1_357,,,,,,,,,,
2785,AOI21X1_141,,,,,,,,,,
2786,NOR3X1_77,,,,,,,,,,
2787,NAND2X1_959,,,,,,,,,,
2788,OAI21X1_1338,,,,,,,,,,
2789,OUTPUT_\w0[26] ,,,,,,,,,,
2790,AOI21X1_233,,,,,,,,,,
2791,OAI21X1_1309,,,,,,,,,,
2792,NOR3X1_341,,,,,,,,,,
2793,AND2X2_9,,,,,,,,,,
2794,AND2X2_42,,,,,,,,,,
2795,AOI21X1_681,,,,,,,,,,
2796,OR2X2_25,,,,,,,,,,
2797,OAI22X1_214,,,,,,,,,,
2798,AOI21X1_58,,,,,,,,,,
2799,OAI21X1_283,,,,,,,,,,
2800,NAND2X1_199,,,,,,,,,,
2801,AOI21X1_62,,,,,,,,,,
2802,INVX1_68,,,,,,,,,,
2803,OAI21X1_1057,,,,,,,,,,
2804,INVX1_322,,,,,,,,,,
2805,OAI22X1_14,,,,,,,,,,
2806,NAND2X1_834,,,,,,,,,,
2807,NAND2X1_501,,,,,,,,,,
2808,OAI21X1_573,,,,,,,,,,
2809,NAND2X1_464,,,,,,,,,,
2810,OAI21X1_476,,,,,,,,,,
2811,NOR3X1_6,,,,,,,,,,
2812,OAI21X1_690,,,,,,,,,,
2813,INVX1_382,,,,,,,,,,
2814,AOI22X1_131,,,,,,,,,,
2815,NOR2X1_220,,,,,,,,,,
2816,INVX1_321,,,,,,,,,,
2817,NAND2X1_514,,,,,,,,,,
2818,NOR2X1_639,,,,,,,,,,
2819,NOR2X1_213,,,,,,,,,,
2820,AOI21X1_369,,,,,,,,,,
2821,AOI22X1_137,,,,,,,,,,
2822,OAI21X1_1206,,,,,,,,,,
2823,NAND3X1_609,,,,,,,,,,
2824,OAI21X1_704,,,,,,,,,,
2825,AOI22X1_181,,,,,,,,,,
2826,NAND3X1_630,,,,,,,,,,
2827,INVX1_176,,,,,,,,,,
2828,NOR2X1_256,,,,,,,,,,
2829,NOR2X1_536,,,,,,,,,,
2830,NOR2X1_66,,,,,,,,,,
2831,OAI21X1_831,,,,,,,,,,
2832,NOR2X1_412,,,,,,,,,,
2833,AND2X2_64,,,,,,,,,,
2834,NOR3X1_336,,,,,,,,,,
2835,NAND2X1_496,,,,,,,,,,
2836,NAND2X1_174,,,,,,,,,,
2837,AOI22X1_166,,,,,,,,,,
2838,NAND3X1_788,,,,,,,,,,
2839,NAND3X1_424,,,,,,,,,,
2840,NAND2X1_924,,,,,,,,,,
2841,AOI21X1_490,,,,,,,,,,
2842,NAND3X1_593,,,,,,,,,,
2843,NAND2X1_848,,,,,,,,,,
2844,OAI22X1_304,,,,,,,,,,
2845,INVX1_29,,,,,,,,,,
2846,OAI21X1_269,,,,,,,,,,
2847,INVX1_505,,,,,,,,,,
2848,NAND3X1_554,,,,,,,,,,
2849,NAND3X1_225,,,,,,,,,,
2850,NOR2X1_730,,,,,,,,,,
2851,AOI21X1_498,,,,,,,,,,
2852,NAND2X1_631,,,,,,,,,,
2853,OAI22X1_269,,,,,,,,,,
2854,AOI21X1_214,,,,,,,,,,
2855,OAI21X1_790,,,,,,,,,,
2856,NOR2X1_115,,,,,,,,,,
2857,OAI21X1_981,,,,,,,,,,
2858,OAI22X1_8,,,,,,,,,,
2859,NAND3X1_780,,,,,,,,,,
2860,NAND2X1_872,,,,,,,,,,
2861,OAI21X1_151,,,,,,,,,,
2862,NOR3X1_1,,,,,,,,,,
2863,NOR3X1_172,,,,,,,,,,
2864,OAI21X1_408,,,,,,,,,,
2865,OUTPUT_\w0[7] ,,,,,,,,,,
2866,OAI22X1_99,,,,,,,,,,
2867,NAND2X1_351,,,,,,,,,,
2868,NOR2X1_319,,,,,,,,,,
2869,OAI21X1_1296,,,,,,,,,,
2870,NAND3X1_448,,,,,,,,,,
2871,NAND3X1_690,,,,,,,,,,
2872,NOR2X1_35,,,,,,,,,,
2873,OUTPUT_\w7_reg[28] ,,,,,,,,,,
2874,OAI21X1_945,,,,,,,,,,
2875,OUTPUT_\w4_reg[10] ,,,,,,,,,,
2876,AOI21X1_330,,,,,,,,,,
2877,NOR2X1_567,,,,,,,,,,
2878,NOR2X1_696,,,,,,,,,,
2879,OAI21X1_1255,,,,,,,,,,
2880,OAI21X1_207,,,,,,,,,,
2881,NAND2X1_53,,,,,,,,,,
2882,AOI22X1_203,,,,,,,,,,
2883,OR2X2_80,,,,,,,,,,
2884,OAI22X1_246,,,,,,,,,,
2885,OUTPUT_\w6_reg[10] ,,,,,,,,,,
2886,INVX1_387,,,,,,,,,,
2887,NAND3X1_878,,,,,,,,,,
2888,OAI21X1_755,,,,,,,,,,
2889,INVX1_409,,,,,,,,,,
2890,NOR2X1_451,,,,,,,,,,
2891,AOI21X1_294,,,,,,,,,,
2892,NAND3X1_721,,,,,,,,,,
2893,NOR2X1_619,,,,,,,,,,
2894,INVX1_77,,,,,,,,,,
2895,NAND2X1_596,,,,,,,,,,
2896,INPUT_\key[116] ,,,,,,,,,,
2897,NAND2X1_136,,,,,,,,,,
2898,NOR2X1_498,,,,,,,,,,
2899,NOR3X1_36,,,,,,,,,,
2900,NAND2X1_967,,,,,,,,,,
2901,NAND3X1_851,,,,,,,,,,
2902,OAI21X1_537,,,,,,,,,,
2903,OAI21X1_894,,,,,,,,,,
2904,AND2X2_107,,,,,,,,,,
2905,NOR2X1_383,,,,,,,,,,
2906,NAND2X1_579,,,,,,,,,,
2907,NOR2X1_253,,,,,,,,,,
2908,NAND2X1_630,,,,,,,,,,
2909,NOR2X1_704,,,,,,,,,,
2910,NAND3X1_42,,,,,,,,,,
2911,NAND2X1_120,,,,,,,,,,
2912,NAND2X1_469,,,,,,,,,,
2913,NAND2X1_104,,,,,,,,,,
2914,AOI21X1_45,,,,,,,,,,
2915,OAI21X1_40,,,,,,,,,,
2916,NOR2X1_519,,,,,,,,,,
2917,AOI22X1_103,,,,,,,,,,
2918,XOR2X1_1,,,,,,,,,,
2919,INVX1_341,,,,,,,,,,
2920,OAI21X1_642,,,,,,,,,,
2921,NAND3X1_730,,,,,,,,,,
2922,NOR2X1_847,,,,,,,,,,
2923,NAND3X1_1002,,,,,,,,,,
2924,OAI21X1_720,,,,,,,,,,
2925,INVX1_277,,,,,,,,,,
2926,INVX1_157,,,,,,,,,,
2927,OR2X2_14,,,,,,,,,,
2928,NOR3X1_268,,,,,,,,,,
2929,NAND3X1_89,,,,,,,,,,
2930,NOR2X1_260,,,,,,,,,,
2931,OUTPUT_\w3[12] ,,,,,,,,,,
2932,NOR2X1_715,,,,,,,,,,
2933,NOR2X1_294,,,,,,,,,,
2934,AOI21X1_549,,,,,,,,,,
2935,OAI21X1_1390,,,,,,,,,,
2936,AOI21X1_636,,,,,,,,,,
2937,OAI21X1_836,,,,,,,,,,
2938,NAND3X1_148,,,,,,,,,,
2939,INVX1_417,,,,,,,,,,
2940,NOR3X1_175,,,,,,,,,,
2941,INVX1_30,,,,,,,,,,
2942,OAI21X1_231,,,,,,,,,,
2943,NOR3X1_311,,,,,,,,,,
2944,NAND3X1_568,,,,,,,,,,
2945,NAND3X1_184,,,,,,,,,,
2946,INVX1_504,,,,,,,,,,
2947,NOR3X1_4,,,,,,,,,,
2948,NAND3X1_342,,,,,,,,,,
2949,OAI21X1_694,,,,,,,,,,
2950,OAI21X1_873,,,,,,,,,,
2951,OAI21X1_251,,,,,,,,,,
2952,INPUT_\key[63] ,,,,,,,,,,
2953,INVX1_371,,,,,,,,,,
2954,DFFPOSX1_85,,,,,,,,,,
2955,INVX1_177,,,,,,,,,,
2956,NAND2X1_440,,,,,,,,,,
2957,OAI21X1_188,,,,,,,,,,
2958,INVX1_97,,,,,,,,,,
2959,XOR2X1_19,,,,,,,,,,
2960,AOI21X1_109,,,,,,,,,,
2961,NAND2X1_250,,,,,,,,,,
2962,NAND2X1_261,,,,,,,,,,
2963,OAI21X1_520,,,,,,,,,,
2964,OAI21X1_1271,,,,,,,,,,
2965,NOR2X1_281,,,,,,,,,,
2966,AND2X2_81,,,,,,,,,,
2967,NAND2X1_991,,,,,,,,,,
2968,NAND2X1_609,,,,,,,,,,
2969,NAND2X1_234,,,,,,,,,,
2970,NOR3X1_30,,,,,,,,,,
2971,OAI21X1_549,,,,,,,,,,
2972,NAND3X1_138,,,,,,,,,,
2973,OR2X2_3,,,,,,,,,,
2974,NOR3X1_358,,,,,,,,,,
2975,NOR2X1_887,,,,,,,,,,
2976,AOI21X1_80,,,,,,,,,,
2977,NAND2X1_379,,,,,,,,,,
2978,NAND3X1_741,,,,,,,,,,
2979,OAI21X1_807,,,,,,,,,,
2980,AOI21X1_201,,,,,,,,,,
2981,NAND2X1_320,,,,,,,,,,
2982,INPUT_\key[99] ,,,,,,,,,,
2983,NAND2X1_634,,,,,,,,,,
2984,XNOR2X1_34,,,,,,,,,,
2985,NAND2X1_607,,,,,,,,,,
2986,NAND3X1_585,,,,,,,,,,
2987,NAND2X1_69,,,,,,,,,,
2988,OAI21X1_766,,,,,,,,,,
2989,NAND3X1_373,,,,,,,,,,
2990,OAI22X1_154,,,,,,,,,,
2991,OAI21X1_1047,,,,,,,,,,
2992,OUTPUT_\w3[8] ,,,,,,,,,,
2993,NAND3X1_178,,,,,,,,,,
2994,NAND2X1_14,,,,,,,,,,
2995,NAND3X1_480,,,,,,,,,,
2996,NAND2X1_1035,,,,,,,,,,
2997,NAND3X1_326,,,,,,,,,,
2998,OAI21X1_441,,,,,,,,,,
2999,NAND2X1_156,,,,,,,,,,
3000,NOR2X1_202,,,,,,,,,,
3001,NOR3X1_71,,,,,,,,,,
3002,XNOR2X1_46,,,,,,,,,,
3003,NOR3X1_299,,,,,,,,,,
3004,OAI21X1_276,,,,,,,,,,
3005,AOI21X1_18,,,,,,,,,,
3006,NAND3X1_521,,,,,,,,,,
3007,OUTPUT_\w4_reg[28] ,,,,,,,,,,
3008,NOR2X1_614,,,,,,,,,,
3009,OAI22X1_177,,,,,,,,,,
3010,NOR3X1_260,,,,,,,,,,
3011,INVX1_574,,,,,,,,,,
3012,NOR2X1_14,,,,,,,,,,
3013,NAND2X1_807,,,,,,,,,,
3014,NAND2X1_353,,,,,,,,,,
3015,INVX1_430,,,,,,,,,,
3016,NAND2X1_262,,,,,,,,,,
3017,OAI21X1_728,,,,,,,,,,
3018,AND2X2_46,,,,,,,,,,
3019,OAI22X1_296,,,,,,,,,,
3020,XOR2X1_28,,,,,,,,,,
3021,OAI21X1_848,,,,,,,,,,
3022,OAI21X1_580,,,,,,,,,,
3023,AOI22X1_58,,,,,,,,,,
3024,NOR2X1_923,,,,,,,,,,
3025,INPUT_\key[40] ,,,,,,,,,,
3026,AOI21X1_522,,,,,,,,,,
3027,NAND2X1_875,,,,,,,,,,
3028,NAND2X1_958,,,,,,,,,,
3029,NAND3X1_929,,,,,,,,,,
3030,NAND3X1_262,,,,,,,,,,
3031,INVX1_135,,,,,,,,,,
3032,OAI21X1_621,,,,,,,,,,
3033,AOI21X1_238,,,,,,,,,,
3034,NOR2X1_838,,,,,,,,,,
3035,OAI21X1_424,,,,,,,,,,
3036,OAI21X1_602,,,,,,,,,,
3037,INPUT_\key[86] ,,,,,,,,,,
3038,OUTPUT_\w6_reg[20] ,,,,,,,,,,
3039,OAI21X1_828,,,,,,,,,,
3040,NOR2X1_686,,,,,,,,,,
3041,OAI22X1_139,,,,,,,,,,
3042,OAI21X1_459,,,,,,,,,,
3043,OUTPUT_\w4_reg[27] ,,,,,,,,,,
3044,OR2X2_40,,,,,,,,,,
3045,NOR2X1_284,,,,,,,,,,
3046,NOR2X1_180,,,,,,,,,,
3047,OAI21X1_379,,,,,,,,,,
3048,DFFPOSX1_57,,,,,,,,,,
3049,INVX1_145,,,,,,,,,,
3050,OUTPUT_\w5_reg[10] ,,,,,,,,,,
3051,NAND2X1_884,,,,,,,,,,
3052,NAND2X1_741,,,,,,,,,,
3053,AOI22X1_35,,,,,,,,,,
3054,AOI21X1_149,,,,,,,,,,
3055,OAI21X1_295,,,,,,,,,,
3056,NAND3X1_323,,,,,,,,,,
3057,NOR3X1_256,,,,,,,,,,
3058,NAND3X1_831,,,,,,,,,,
3059,NOR2X1_671,,,,,,,,,,
3060,AOI21X1_307,,,,,,,,,,
3061,NAND3X1_218,,,,,,,,,,
3062,NOR3X1_226,,,,,,,,,,
3063,INPUT_\key[11] ,,,,,,,,,,
3064,NAND3X1_334,,,,,,,,,,
3065,OAI21X1_113,,,,,,,,,,
3066,OUTPUT_\w3[4] ,,,,,,,,,,
3067,OAI21X1_1080,,,,,,,,,,
3068,AND2X2_140,,,,,,,,,,
3069,NOR2X1_640,,,,,,,,,,
3070,INVX1_559,,,,,,,,,,
3071,INVX1_151,,,,,,,,,,
3072,OR2X2_70,,,,,,,,,,
3073,NAND3X1_890,,,,,,,,,,
3074,NOR2X1_779,,,,,,,,,,
3075,OAI22X1_288,,,,,,,,,,
3076,OAI21X1_391,,,,,,,,,,
3077,OAI22X1_204,,,,,,,,,,
3078,OAI21X1_1018,,,,,,,,,,
3079,NOR3X1_319,,,,,,,,,,
3080,NAND3X1_380,,,,,,,,,,
3081,OAI21X1_583,,,,,,,,,,
3082,NAND3X1_876,,,,,,,,,,
3083,INVX1_24,,,,,,,,,,
3084,OAI21X1_442,,,,,,,,,,
3085,OAI21X1_1344,,,,,,,,,,
3086,NAND3X1_321,,,,,,,,,,
3087,OAI21X1_108,,,,,,,,,,
3088,NAND3X1_596,,,,,,,,,,
3089,NOR2X1_346,,,,,,,,,,
3090,AOI21X1_87,,,,,,,,,,
3091,AOI21X1_562,,,,,,,,,,
3092,NOR2X1_598,,,,,,,,,,
3093,OAI21X1_1267,,,,,,,,,,
3094,NAND3X1_602,,,,,,,,,,
3095,OAI21X1_496,,,,,,,,,,
3096,INPUT_clk,,,,,,,,,,
3097,INVX1_386,,,,,,,,,,
3098,INVX1_208,,,,,,,,,,
3099,NAND3X1_45,,,,,,,,,,
3100,NAND3X1_757,,,,,,,,,,
3101,NAND2X1_142,,,,,,,,,,
3102,INPUT_\key[96] ,,,,,,,,,,
3103,OAI21X1_1401,,,,,,,,,,
3104,OUTPUT_\w4_reg[30] ,,,,,,,,,,
3105,AOI22X1_212,,,,,,,,,,
3106,OUTPUT_\w4_reg[23] ,,,,,,,,,,
3107,OAI21X1_924,,,,,,,,,,
3108,OAI22X1_200,,,,,,,,,,
3109,NOR2X1_235,,,,,,,,,,
3110,OAI21X1_450,,,,,,,,,,
3111,NAND2X1_179,,,,,,,,,,
3112,NAND2X1_429,,,,,,,,,,
3113,NAND2X1_244,,,,,,,,,,
3114,NAND3X1_37,,,,,,,,,,
3115,OAI22X1_79,,,,,,,,,,
3116,AOI21X1_154,,,,,,,,,,
3117,AND2X2_144,,,,,,,,,,
3118,OAI21X1_163,,,,,,,,,,
3119,INVX1_555,,,,,,,,,,
3120,INPUT_\key[83] ,,,,,,,,,,
3121,NAND3X1_185,,,,,,,,,,
3122,NAND2X1_559,,,,,,,,,,
3123,DFFPOSX1_101,,,,,,,,,,
3124,OAI22X1_148,,,,,,,,,,
3125,NAND3X1_51,,,,,,,,,,
3126,AND2X2_103,,,,,,,,,,
3127,OAI21X1_1319,,,,,,,,,,
3128,OAI21X1_18,,,,,,,,,,
3129,NAND3X1_517,,,,,,,,,,
3130,OAI21X1_943,,,,,,,,,,
3131,AOI21X1_403,,,,,,,,,,
3132,OAI21X1_1135,,,,,,,,,,
3133,AOI22X1_16,,,,,,,,,,
3134,OAI21X1_1102,,,,,,,,,,
3135,OAI21X1_543,,,,,,,,,,
3136,NAND2X1_377,,,,,,,,,,
3137,NOR2X1_727,,,,,,,,,,
3138,AOI22X1_228,,,,,,,,,,
3139,OAI21X1_854,,,,,,,,,,
3140,INVX1_466,,,,,,,,,,
3141,NOR3X1_33,,,,,,,,,,
3142,NOR3X1_121,,,,,,,,,,
3143,NOR2X1_62,,,,,,,,,,
3144,OAI22X1_254,,,,,,,,,,
3145,NAND2X1_999,,,,,,,,,,
3146,NAND3X1_374,,,,,,,,,,
3147,NAND2X1_945,,,,,,,,,,
3148,AOI21X1_299,,,,,,,,,,
3149,NAND2X1_392,,,,,,,,,,
3150,NAND3X1_734,,,,,,,,,,
3151,INVX1_571,,,,,,,,,,
3152,NAND3X1_332,,,,,,,,,,
3153,NOR2X1_394,,,,,,,,,,
3154,AOI21X1_653,,,,,,,,,,
3155,NAND3X1_926,,,,,,,,,,
3156,NOR2X1_215,,,,,,,,,,
3157,OAI22X1_241,,,,,,,,,,
3158,NAND3X1_353,,,,,,,,,,
3159,OAI21X1_824,,,,,,,,,,
3160,NOR3X1_167,,,,,,,,,,
3161,AND2X2_114,,,,,,,,,,
3162,OAI21X1_1256,,,,,,,,,,
3163,NOR3X1_148,,,,,,,,,,
3164,OUTPUT_\w4_reg[19] ,,,,,,,,,,
3165,NAND2X1_81,,,,,,,,,,
3166,OAI21X1_460,,,,,,,,,,
3167,INVX1_388,,,,,,,,,,
3168,NOR2X1_770,,,,,,,,,,
3169,NOR2X1_661,,,,,,,,,,
3170,DFFPOSX1_69,,,,,,,,,,
3171,OAI21X1_302,,,,,,,,,,
3172,NOR2X1_691,,,,,,,,,,
3173,OUTPUT_\w4_reg[24] ,,,,,,,,,,
3174,INVX1_147,,,,,,,,,,
3175,NAND3X1_20,,,,,,,,,,
3176,AOI22X1_177,,,,,,,,,,
3177,NOR2X1_426,,,,,,,,,,
3178,NOR2X1_510,,,,,,,,,,
3179,NAND3X1_47,,,,,,,,,,
3180,NOR2X1_336,,,,,,,,,,
3181,INVX1_435,,,,,,,,,,
3182,AOI21X1_218,,,,,,,,,,
3183,OAI21X1_67,,,,,,,,,,
3184,INPUT_kld,,,,,,,,,,
3185,NAND3X1_673,,,,,,,,,,
3186,OAI21X1_414,,,,,,,,,,
3187,NOR2X1_321,,,,,,,,,,
3188,OAI21X1_1269,,,,,,,,,,
3189,NOR2X1_793,,,,,,,,,,
3190,NAND3X1_308,,,,,,,,,,
3191,OAI21X1_1020,,,,,,,,,,
3192,OAI21X1_1223,,,,,,,,,,
3193,NAND2X1_594,,,,,,,,,,
3194,NOR3X1_252,,,,,,,,,,
3195,NAND3X1_674,,,,,,,,,,
3196,NAND2X1_965,,,,,,,,,,
3197,OAI21X1_420,,,,,,,,,,
3198,NAND2X1_281,,,,,,,,,,
3199,OAI21X1_398,,,,,,,,,,
3200,NOR3X1_112,,,,,,,,,,
3201,INVX1_451,,,,,,,,,,
3202,NAND3X1_571,,,,,,,,,,
3203,AND2X2_125,,,,,,,,,,
3204,NAND3X1_874,,,,,,,,,,
3205,NAND2X1_339,,,,,,,,,,
3206,NAND2X1_348,,,,,,,,,,
3207,NOR3X1_115,,,,,,,,,,
3208,OAI21X1_170,,,,,,,,,,
3209,OAI21X1_45,,,,,,,,,,
3210,OAI22X1_31,,,,,,,,,,
3211,INVX1_150,,,,,,,,,,
3212,OAI21X1_1247,,,,,,,,,,
3213,NAND3X1_346,,,,,,,,,,
3214,NAND3X1_259,,,,,,,,,,
3215,AOI21X1_537,,,,,,,,,,
3216,INVX1_175,,,,,,,,,,
3217,NAND2X1_518,,,,,,,,,,
3218,NAND2X1_587,,,,,,,,,,
3219,NAND3X1_409,,,,,,,,,,
3220,AOI21X1_352,,,,,,,,,,
3221,NAND3X1_804,,,,,,,,,,
3222,INVX1_545,,,,,,,,,,
3223,NAND3X1_62,,,,,,,,,,
3224,OAI21X1_259,,,,,,,,,,
3225,OUTPUT_\w2[6] ,,,,,,,,,,
3226,OUTPUT_\w3[11] ,,,,,,,,,,
3227,NAND3X1_15,,,,,,,,,,
3228,INVX1_117,,,,,,,,,,
3229,AOI22X1_57,,,,,,,,,,
3230,OAI21X1_166,,,,,,,,,,
3231,OAI21X1_1321,,,,,,,,,,
3232,DFFPOSX1_37,,,,,,,,,,
3233,AND2X2_38,,,,,,,,,,
3234,NOR3X1_329,,,,,,,,,,
3235,OAI21X1_299,,,,,,,,,,
3236,INVX1_376,,,,,,,,,,
3237,NOR3X1_359,,,,,,,,,,
3238,NAND2X1_163,,,,,,,,,,
3239,OAI21X1_1349,,,,,,,,,,
3240,NOR2X1_839,,,,,,,,,,
3241,NOR3X1_110,,,,,,,,,,
3242,NAND2X1_292,,,,,,,,,,
3243,AOI21X1_285,,,,,,,,,,
3244,OAI21X1_783,,,,,,,,,,
3245,NOR2X1_561,,,,,,,,,,
3246,AOI21X1_5,,,,,,,,,,
3247,OAI21X1_936,,,,,,,,,,
3248,OAI21X1_1064,,,,,,,,,,
3249,OAI21X1_1313,,,,,,,,,,
3250,OAI21X1_655,,,,,,,,,,
3251,INPUT_\key[122] ,,,,,,,,,,
3252,NOR2X1_594,,,,,,,,,,
3253,NAND3X1_121,,,,,,,,,,
3254,OAI21X1_406,,,,,,,,,,
3255,NAND3X1_716,,,,,,,,,,
3256,INVX1_447,,,,,,,,,,
3257,OAI21X1_126,,,,,,,,,,
3258,INVX1_308,,,,,,,,,,
3259,OAI21X1_74,,,,,,,,,,
3260,NAND3X1_294,,,,,,,,,,
3261,NOR2X1_665,,,,,,,,,,
3262,INVX1_547,,,,,,,,,,
3263,OAI21X1_35,,,,,,,,,,
3264,NOR2X1_399,,,,,,,,,,
3265,NAND3X1_127,,,,,,,,,,
3266,XNOR2X1_3,,,,,,,,,,
3267,AOI21X1_497,,,,,,,,,,
3268,AOI21X1_205,,,,,,,,,,
3269,NOR2X1_211,,,,,,,,,,
3270,INVX1_490,,,,,,,,,,
3271,OAI21X1_376,,,,,,,,,,
3272,NAND3X1_914,,,,,,,,,,
3273,NAND2X1_871,,,,,,,,,,
3274,NOR2X1_158,,,,,,,,,,
3275,NAND3X1_28,,,,,,,,,,
3276,AOI21X1_61,,,,,,,,,,
3277,OAI21X1_644,,,,,,,,,,
3278,NOR3X1_219,,,,,,,,,,
3279,OUTPUT_\w7_reg[16] ,,,,,,,,,,
3280,NAND3X1_974,,,,,,,,,,
3281,AND2X2_6,,,,,,,,,,
3282,NAND2X1_28,,,,,,,,,,
3283,NOR2X1_251,,,,,,,,,,
3284,OAI22X1_23,,,,,,,,,,
3285,NAND2X1_402,,,,,,,,,,
3286,NAND2X1_1004,,,,,,,,,,
3287,OAI21X1_782,,,,,,,,,,
3288,OAI21X1_1298,,,,,,,,,,
3289,INPUT_\key[52] ,,,,,,,,,,
3290,OAI21X1_83,,,,,,,,,,
3291,AOI21X1_194,,,,,,,,,,
3292,AOI21X1_16,,,,,,,,,,
3293,NAND2X1_702,,,,,,,,,,
3294,NAND2X1_695,,,,,,,,,,
3295,NOR2X1_444,,,,,,,,,,
3296,XNOR2X1_56,,,,,,,,,,
3297,NAND2X1_138,,,,,,,,,,
3298,NOR2X1_116,,,,,,,,,,
3299,OAI21X1_1236,,,,,,,,,,
3300,INVX1_362,,,,,,,,,,
3301,INVX1_401,,,,,,,,,,
3302,NAND3X1_822,,,,,,,,,,
3303,NAND2X1_1072,,,,,,,,,,
3304,INVX1_446,,,,,,,,,,
3305,DFFPOSX1_45,,,,,,,,,,
3306,NAND2X1_147,,,,,,,,,,
3307,NAND3X1_66,,,,,,,,,,
3308,OAI22X1_129,,,,,,,,,,
3309,NAND3X1_902,,,,,,,,,,
3310,OAI21X1_557,,,,,,,,,,
3311,NAND2X1_183,,,,,,,,,,
3312,OUTPUT_\w6_reg[4] ,,,,,,,,,,
3313,NAND2X1_414,,,,,,,,,,
3314,DFFPOSX1_110,,,,,,,,,,
3315,OAI21X1_1104,,,,,,,,,,
3316,NAND2X1_282,,,,,,,,,,
3317,OAI22X1_107,,,,,,,,,,
3318,OAI21X1_1406,,,,,,,,,,
3319,NAND3X1_143,,,,,,,,,,
3320,OAI21X1_372,,,,,,,,,,
3321,NOR3X1_272,,,,,,,,,,
3322,NOR2X1_530,,,,,,,,,,
3323,AOI21X1_421,,,,,,,,,,
3324,OAI22X1_253,,,,,,,,,,
3325,NAND3X1_943,,,,,,,,,,
3326,NOR2X1_906,,,,,,,,,,
3327,INPUT_\key[104] ,,,,,,,,,,
3328,OAI21X1_107,,,,,,,,,,
3329,OAI21X1_447,,,,,,,,,,
3330,AOI21X1_440,,,,,,,,,,
3331,NAND2X1_795,,,,,,,,,,
3332,OUTPUT_\w5_reg[18] ,,,,,,,,,,
3333,NOR2X1_818,,,,,,,,,,
3334,NOR2X1_382,,,,,,,,,,
3335,OAI21X1_712,,,,,,,,,,
3336,INVX1_128,,,,,,,,,,
3337,AOI21X1_543,,,,,,,,,,
3338,OUTPUT_\w2[27] ,,,,,,,,,,
3339,AOI22X1_232,,,,,,,,,,
3340,AND2X2_98,,,,,,,,,,
3341,OAI21X1_175,,,,,,,,,,
3342,NAND3X1_680,,,,,,,,,,
3343,OAI21X1_851,,,,,,,,,,
3344,OAI21X1_27,,,,,,,,,,
3345,OAI22X1_102,,,,,,,,,,
3346,INVX1_332,,,,,,,,,,
3347,NAND2X1_883,,,,,,,,,,
3348,NOR2X1_462,,,,,,,,,,
3349,NOR2X1_438,,,,,,,,,,
3350,AOI21X1_273,,,,,,,,,,
3351,OAI21X1_1246,,,,,,,,,,
3352,NOR2X1_617,,,,,,,,,,
3353,DFFPOSX1_75,,,,,,,,,,
3354,NAND3X1_1038,,,,,,,,,,
3355,NAND3X1_199,,,,,,,,,,
3356,XNOR2X1_40,,,,,,,,,,
3357,AOI21X1_332,,,,,,,,,,
3358,NAND2X1_691,,,,,,,,,,
3359,AOI21X1_414,,,,,,,,,,
3360,NOR3X1_20,,,,,,,,,,
3361,NOR2X1_146,,,,,,,,,,
3362,AOI21X1_370,,,,,,,,,,
3363,NAND3X1_1037,,,,,,,,,,
3364,OR2X2_33,,,,,,,,,,
3365,AOI22X1_118,,,,,,,,,,
3366,NAND3X1_493,,,,,,,,,,
3367,INVX1_83,,,,,,,,,,
3368,NAND3X1_743,,,,,,,,,,
3369,NOR2X1_709,,,,,,,,,,
3370,NAND2X1_197,,,,,,,,,,
3371,NAND2X1_844,,,,,,,,,,
3372,OUTPUT_\w4_reg[1] ,,,,,,,,,,
3373,NAND2X1_847,,,,,,,,,,
3374,OAI21X1_101,,,,,,,,,,
3375,OUTPUT_\w0[14] ,,,,,,,,,,
3376,OUTPUT_\w1[18] ,,,,,,,,,,
3377,NAND3X1_775,,,,,,,,,,
3378,NAND3X1_833,,,,,,,,,,
3379,NAND2X1_590,,,,,,,,,,
3380,OAI21X1_224,,,,,,,,,,
3381,OAI21X1_1222,,,,,,,,,,
3382,AOI22X1_140,,,,,,,,,,
3383,NAND2X1_747,,,,,,,,,,
3384,OAI21X1_122,,,,,,,,,,
3385,OAI21X1_1176,,,,,,,,,,
3386,OAI21X1_381,,,,,,,,,,
3387,AND2X2_39,,,,,,,,,,
3388,NOR2X1_580,,,,,,,,,,
3389,OAI22X1_299,,,,,,,,,,
3390,NAND3X1_696,,,,,,,,,,
3391,NAND3X1_543,,,,,,,,,,
3392,NAND2X1_246,,,,,,,,,,
3393,NAND2X1_996,,,,,,,,,,
3394,OAI21X1_489,,,,,,,,,,
3395,INVX1_218,,,,,,,,,,
3396,NAND2X1_387,,,,,,,,,,
3397,NAND2X1_3,,,,,,,,,,
3398,INVX1_489,,,,,,,,,,
3399,NAND3X1_102,,,,,,,,,,
3400,NOR2X1_406,,,,,,,,,,
3401,XNOR2X1_55,,,,,,,,,,
3402,OAI21X1_1334,,,,,,,,,,
3403,AND2X2_153,,,,,,,,,,
3404,NAND2X1_178,,,,,,,,,,
3405,OAI21X1_1310,,,,,,,,,,
3406,NAND3X1_303,,,,,,,,,,
3407,NAND3X1_502,,,,,,,,,,
3408,OAI22X1_295,,,,,,,,,,
3409,AOI21X1_372,,,,,,,,,,
3410,NAND2X1_490,,,,,,,,,,
3411,AOI21X1_161,,,,,,,,,,
3412,AOI21X1_81,,,,,,,,,,
3413,AOI22X1_125,,,,,,,,,,
3414,NAND3X1_599,,,,,,,,,,
3415,NOR2X1_708,,,,,,,,,,
3416,NOR2X1_162,,,,,,,,,,
3417,NAND3X1_562,,,,,,,,,,
3418,AOI21X1_13,,,,,,,,,,
3419,OUTPUT_\w5_reg[4] ,,,,,,,,,,
3420,NOR3X1_166,,,,,,,,,,
3421,AOI21X1_480,,,,,,,,,,
3422,NOR2X1_642,,,,,,,,,,
3423,OAI21X1_493,,,,,,,,,,
3424,NAND3X1_436,,,,,,,,,,
3425,OAI22X1_80,,,,,,,,,,
3426,INVX1_307,,,,,,,,,,
3427,NAND3X1_407,,,,,,,,,,
3428,INVX1_133,,,,,,,,,,
3429,NOR2X1_58,,,,,,,,,,
3430,INVX1_136,,,,,,,,,,
3431,NOR2X1_204,,,,,,,,,,
3432,NOR3X1_107,,,,,,,,,,
3433,NAND3X1_642,,,,,,,,,,
3434,INVX1_395,,,,,,,,,,
3435,NOR3X1_261,,,,,,,,,,
3436,INVX1_372,,,,,,,,,,
3437,AOI22X1_197,,,,,,,,,,
3438,NAND2X1_111,,,,,,,,,,
3439,NOR2X1_208,,,,,,,,,,
3440,NAND3X1_454,,,,,,,,,,
3441,AOI22X1_127,,,,,,,,,,
3442,AOI21X1_602,,,,,,,,,,
3443,NAND3X1_1015,,,,,,,,,,
3444,AOI22X1_230,,,,,,,,,,
3445,OAI21X1_1076,,,,,,,,,,
3446,OAI21X1_242,,,,,,,,,,
3447,OAI21X1_273,,,,,,,,,,
3448,INVX1_335,,,,,,,,,,
3449,NAND2X1_447,,,,,,,,,,
3450,NAND2X1_71,,,,,,,,,,
3451,NAND2X1_973,,,,,,,,,,
3452,NAND3X1_563,,,,,,,,,,
3453,OUTPUT_\w0[12] ,,,,,,,,,,
3454,OAI21X1_803,,,,,,,,,,
3455,NOR3X1_81,,,,,,,,,,
3456,NOR2X1_824,,,,,,,,,,
3457,NOR2X1_279,,,,,,,,,,
3458,NAND3X1_112,,,,,,,,,,
3459,OAI21X1_526,,,,,,,,,,
3460,OAI21X1_375,,,,,,,,,,
3461,DFFPOSX1_82,,,,,,,,,,
3462,NAND2X1_863,,,,,,,,,,
3463,NAND3X1_241,,,,,,,,,,
3464,NOR2X1_331,,,,,,,,,,
3465,NAND3X1_880,,,,,,,,,,
3466,DFFPOSX1_78,,,,,,,,,,
3467,OAI21X1_658,,,,,,,,,,
3468,OAI21X1_1279,,,,,,,,,,
3469,NAND2X1_585,,,,,,,,,,
3470,NAND3X1_519,,,,,,,,,,
3471,NAND3X1_621,,,,,,,,,,
3472,DFFPOSX1_31,,,,,,,,,,
3473,OUTPUT_\w7_reg[11] ,,,,,,,,,,
3474,INVX1_340,,,,,,,,,,
3475,OAI22X1_188,,,,,,,,,,
3476,OAI21X1_544,,,,,,,,,,
3477,AND2X2_123,,,,,,,,,,
3478,NOR2X1_512,,,,,,,,,,
3479,AOI22X1_145,,,,,,,,,,
3480,AOI21X1_225,,,,,,,,,,
3481,AOI21X1_311,,,,,,,,,,
3482,NOR2X1_875,,,,,,,,,,
3483,OAI21X1_1262,,,,,,,,,,
3484,AOI22X1_162,,,,,,,,,,
3485,OAI21X1_325,,,,,,,,,,
3486,INVX1_461,,,,,,,,,,
3487,NAND3X1_838,,,,,,,,,,
3488,NOR2X1_381,,,,,,,,,,
3489,NAND2X1_233,,,,,,,,,,
3490,AOI21X1_563,,,,,,,,,,
3491,DFFPOSX1_124,,,,,,,,,,
3492,OAI21X1_99,,,,,,,,,,
3493,NOR2X1_32,,,,,,,,,,
3494,OAI21X1_238,,,,,,,,,,
3495,INVX1_358,,,,,,,,,,
3496,OAI21X1_291,,,,,,,,,,
3497,AOI21X1_213,,,,,,,,,,
3498,INVX1_528,,,,,,,,,,
3499,OR2X2_5,,,,,,,,,,
3500,NOR2X1_493,,,,,,,,,,
3501,AOI21X1_380,,,,,,,,,,
3502,AND2X2_79,,,,,,,,,,
3503,NAND3X1_946,,,,,,,,,,
3504,NAND2X1_238,,,,,,,,,,
3505,OAI21X1_234,,,,,,,,,,
3506,NAND2X1_737,,,,,,,,,,
3507,NAND2X1_1045,,,,,,,,,,
3508,OAI21X1_506,,,,,,,,,,
3509,NAND3X1_992,,,,,,,,,,
3510,NOR2X1_411,,,,,,,,,,
3511,NAND2X1_48,,,,,,,,,,
3512,OUTPUT_\w0[19] ,,,,,,,,,,
3513,NAND3X1_710,,,,,,,,,,
3514,AND2X2_139,,,,,,,,,,
3515,NAND2X1_806,,,,,,,,,,
3516,NAND3X1_202,,,,,,,,,,
3517,NOR2X1_78,,,,,,,,,,
3518,NAND3X1_764,,,,,,,,,,
3519,NAND2X1_137,,,,,,,,,,
3520,NOR3X1_310,,,,,,,,,,
3521,INVX1_532,,,,,,,,,,
3522,OAI21X1_852,,,,,,,,,,
3523,INVX1_389,,,,,,,,,,
3524,OAI21X1_448,,,,,,,,,,
3525,OAI21X1_494,,,,,,,,,,
3526,AOI21X1_281,,,,,,,,,,
3527,OAI21X1_1320,,,,,,,,,,
3528,OAI21X1_763,,,,,,,,,,
3529,NAND3X1_287,,,,,,,,,,
3530,NAND2X1_10,,,,,,,,,,
3531,OAI21X1_802,,,,,,,,,,
3532,OAI21X1_1173,,,,,,,,,,
3533,OAI21X1_746,,,,,,,,,,
3534,NOR2X1_374,,,,,,,,,,
3535,NOR3X1_56,,,,,,,,,,
3536,AND2X2_82,,,,,,,,,,
3537,OAI21X1_902,,,,,,,,,,
3538,INVX1_49,,,,,,,,,,
3539,OAI22X1_275,,,,,,,,,,
3540,DFFPOSX1_94,,,,,,,,,,
3541,OAI22X1_201,,,,,,,,,,
3542,NOR2X1_416,,,,,,,,,,
3543,OAI21X1_853,,,,,,,,,,
3544,NOR2X1_902,,,,,,,,,,
3545,NOR2X1_41,,,,,,,,,,
3546,OAI21X1_227,,,,,,,,,,
3547,NAND3X1_3,,,,,,,,,,
3548,NAND3X1_858,,,,,,,,,,
3549,NOR2X1_305,,,,,,,,,,
3550,NOR3X1_258,,,,,,,,,,
3551,AOI22X1_144,,,,,,,,,,
3552,OAI21X1_185,,,,,,,,,,
3553,AOI21X1_366,,,,,,,,,,
3554,OUTPUT_\w0[16] ,,,,,,,,,,
3555,NOR2X1_627,,,,,,,,,,
3556,DFFPOSX1_39,,,,,,,,,,
3557,OAI21X1_339,,,,,,,,,,
3558,NAND3X1_759,,,,,,,,,,
3559,NOR3X1_266,,,,,,,,,,
3560,INVX1_11,,,,,,,,,,
3561,AOI22X1_33,,,,,,,,,,
3562,OAI22X1_240,,,,,,,,,,
3563,NAND2X1_638,,,,,,,,,,
3564,OR2X2_35,,,,,,,,,,
3565,OAI21X1_553,,,,,,,,,,
3566,NAND2X1_90,,,,,,,,,,
3567,NAND3X1_511,,,,,,,,,,
3568,NOR2X1_523,,,,,,,,,,
3569,NOR2X1_528,,,,,,,,,,
3570,AOI21X1_138,,,,,,,,,,
3571,NAND3X1_328,,,,,,,,,,
3572,INVX1_241,,,,,,,,,,
3573,NAND2X1_923,,,,,,,,,,
3574,AND2X2_132,,,,,,,,,,
3575,AOI21X1_419,,,,,,,,,,
3576,AOI21X1_417,,,,,,,,,,
3577,NAND3X1_785,,,,,,,,,,
3578,NOR2X1_425,,,,,,,,,,
3579,NAND2X1_981,,,,,,,,,,
3580,NOR2X1_36,,,,,,,,,,
3581,NAND2X1_443,,,,,,,,,,
3582,NAND2X1_618,,,,,,,,,,
3583,NAND2X1_258,,,,,,,,,,
3584,OAI21X1_274,,,,,,,,,,
3585,NOR3X1_309,,,,,,,,,,
3586,NAND3X1_271,,,,,,,,,,
3587,AOI21X1_341,,,,,,,,,,
3588,NAND2X1_891,,,,,,,,,,
3589,NAND3X1_367,,,,,,,,,,
3590,DFFPOSX1_86,,,,,,,,,,
3591,NAND2X1_105,,,,,,,,,,
3592,AOI21X1_197,,,,,,,,,,
3593,OAI21X1_786,,,,,,,,,,
3594,NAND2X1_1,,,,,,,,,,
3595,OAI21X1_850,,,,,,,,,,
3596,NOR2X1_914,,,,,,,,,,
3597,NOR2X1_292,,,,,,,,,,
3598,OAI21X1_639,,,,,,,,,,
3599,AOI21X1_317,,,,,,,,,,
3600,INVX1_46,,,,,,,,,,
3601,NOR2X1_740,,,,,,,,,,
3602,INPUT_\key[77] ,,,,,,,,,,
3603,NAND2X1_355,,,,,,,,,,
3604,NOR3X1_262,,,,,,,,,,
3605,AOI21X1_50,,,,,,,,,,
3606,NOR2X1_501,,,,,,,,,,
3607,OAI21X1_1391,,,,,,,,,,
3608,OAI22X1_34,,,,,,,,,,
3609,OAI21X1_554,,,,,,,,,,
3610,NAND3X1_111,,,,,,,,,,
3611,OUTPUT_\w6_reg[18] ,,,,,,,,,,
3612,OAI21X1_472,,,,,,,,,,
3613,NOR3X1_76,,,,,,,,,,
3614,INVX1_397,,,,,,,,,,
3615,NAND2X1_398,,,,,,,,,,
3616,OAI21X1_663,,,,,,,,,,
3617,AOI21X1_274,,,,,,,,,,
3618,AOI21X1_621,,,,,,,,,,
3619,AOI22X1_102,,,,,,,,,,
3620,NAND2X1_42,,,,,,,,,,
3621,NAND2X1_528,,,,,,,,,,
3622,AOI22X1_148,,,,,,,,,,
3623,AOI21X1_382,,,,,,,,,,
3624,NAND3X1_604,,,,,,,,,,
3625,OAI21X1_213,,,,,,,,,,
3626,NOR3X1_136,,,,,,,,,,
3627,DFFPOSX1_125,,,,,,,,,,
3628,NAND2X1_740,,,,,,,,,,
3629,NOR3X1_180,,,,,,,,,,
3630,OAI22X1_40,,,,,,,,,,
3631,OAI21X1_1029,,,,,,,,,,
3632,NAND2X1_385,,,,,,,,,,
3633,NOR2X1_445,,,,,,,,,,
3634,OAI21X1_620,,,,,,,,,,
3635,NAND2X1_373,,,,,,,,,,
3636,NOR3X1_147,,,,,,,,,,
3637,NAND3X1_230,,,,,,,,,,
3638,NOR2X1_332,,,,,,,,,,
3639,NAND3X1_506,,,,,,,,,,
3640,OAI21X1_1038,,,,,,,,,,
3641,NAND2X1_857,,,,,,,,,,
3642,AOI21X1_531,,,,,,,,,,
3643,NAND3X1_965,,,,,,,,,,
3644,OAI21X1_466,,,,,,,,,,
3645,NOR2X1_326,,,,,,,,,,
3646,NAND2X1_962,,,,,,,,,,
3647,AOI22X1_65,,,,,,,,,,
3648,NAND2X1_176,,,,,,,,,,
3649,OAI21X1_479,,,,,,,,,,
3650,OAI21X1_1090,,,,,,,,,,
3651,AOI21X1_398,,,,,,,,,,
3652,NOR2X1_31,,,,,,,,,,
3653,OAI21X1_1137,,,,,,,,,,
3654,NAND2X1_1017,,,,,,,,,,
3655,NAND3X1_449,,,,,,,,,,
3656,NAND2X1_22,,,,,,,,,,
3657,INPUT_\key[92] ,,,,,,,,,,
3658,NAND2X1_419,,,,,,,,,,
3659,OAI21X1_939,,,,,,,,,,
3660,NAND2X1_757,,,,,,,,,,
3661,NAND2X1_1000,,,,,,,,,,
3662,OUTPUT_\w6_reg[14] ,,,,,,,,,,
3663,INVX1_174,,,,,,,,,,
3664,OAI21X1_1294,,,,,,,,,,
3665,NAND2X1_438,,,,,,,,,,
3666,NOR3X1_200,,,,,,,,,,
3667,OAI21X1_473,,,,,,,,,,
3668,NOR3X1_159,,,,,,,,,,
3669,OAI21X1_461,,,,,,,,,,
3670,OAI22X1_281,,,,,,,,,,
3671,OAI21X1_1022,,,,,,,,,,
3672,AOI21X1_173,,,,,,,,,,
3673,NAND2X1_283,,,,,,,,,,
3674,XNOR2X1_12,,,,,,,,,,
3675,OUTPUT_\w0[10] ,,,,,,,,,,
3676,NAND2X1_509,,,,,,,,,,
3677,NAND3X1_68,,,,,,,,,,
3678,NAND2X1_688,,,,,,,,,,
3679,OAI21X1_117,,,,,,,,,,
3680,NAND2X1_458,,,,,,,,,,
3681,AND2X2_18,,,,,,,,,,
3682,OAI22X1_49,,,,,,,,,,
3683,NOR2X1_835,,,,,,,,,,
3684,NOR2X1_174,,,,,,,,,,
3685,AOI21X1_75,,,,,,,,,,
3686,NAND2X1_641,,,,,,,,,,
3687,INPUT_\key[6] ,,,,,,,,,,
3688,INPUT_\key[89] ,,,,,,,,,,
3689,AOI21X1_263,,,,,,,,,,
3690,NOR2X1_434,,,,,,,,,,
3691,NOR2X1_565,,,,,,,,,,
3692,NAND2X1_549,,,,,,,,,,
3693,AOI21X1_413,,,,,,,,,,
3694,OAI22X1_242,,,,,,,,,,
3695,NOR2X1_45,,,,,,,,,,
3696,NAND2X1_314,,,,,,,,,,
3697,OAI21X1_1393,,,,,,,,,,
3698,OAI22X1_54,,,,,,,,,,
3699,OAI21X1_910,,,,,,,,,,
3700,NAND3X1_514,,,,,,,,,,
3701,NAND2X1_650,,,,,,,,,,
3702,INVX1_369,,,,,,,,,,
3703,OAI21X1_586,,,,,,,,,,
3704,NOR3X1_321,,,,,,,,,,
3705,NAND3X1_980,,,,,,,,,,
3706,NAND2X1_520,,,,,,,,,,
3707,NAND2X1_62,,,,,,,,,,
3708,NOR2X1_896,,,,,,,,,,
3709,OAI21X1_314,,,,,,,,,,
3710,NOR2X1_205,,,,,,,,,,
3711,OAI21X1_21,,,,,,,,,,
3712,NAND3X1_877,,,,,,,,,,
3713,NOR2X1_461,,,,,,,,,,
3714,INPUT_\key[70] ,,,,,,,,,,
3715,OAI21X1_933,,,,,,,,,,
3716,NAND2X1_722,,,,,,,,,,
3717,INVX1_31,,,,,,,,,,
3718,AOI21X1_667,,,,,,,,,,
3719,OAI21X1_1266,,,,,,,,,,
3720,NOR2X1_449,,,,,,,,,,
3721,NOR2X1_859,,,,,,,,,,
3722,NAND3X1_595,,,,,,,,,,
3723,OAI21X1_905,,,,,,,,,,
3724,OAI21X1_1214,,,,,,,,,,
3725,NAND2X1_583,,,,,,,,,,
3726,NAND2X1_758,,,,,,,,,,
3727,NAND3X1_88,,,,,,,,,,
3728,NAND3X1_423,,,,,,,,,,
3729,INVX1_250,,,,,,,,,,
3730,OAI21X1_25,,,,,,,,,,
3731,INVX1_67,,,,,,,,,,
3732,AOI21X1_40,,,,,,,,,,
3733,NAND2X1_409,,,,,,,,,,
3734,NAND2X1_920,,,,,,,,,,
3735,AND2X2_15,,,,,,,,,,
3736,OAI22X1_197,,,,,,,,,,
3737,NOR2X1_234,,,,,,,,,,
3738,AOI21X1_313,,,,,,,,,,
3739,NOR3X1_100,,,,,,,,,,
3740,OAI21X1_1081,,,,,,,,,,
3741,OUTPUT_\w5_reg[9] ,,,,,,,,,,
3742,OAI21X1_279,,,,,,,,,,
3743,INVX1_572,,,,,,,,,,
3744,OUTPUT_\w0[20] ,,,,,,,,,,
3745,OAI21X1_983,,,,,,,,,,
3746,NAND2X1_742,,,,,,,,,,
3747,NOR2X1_855,,,,,,,,,,
3748,NAND2X1_821,,,,,,,,,,
3749,OAI21X1_1376,,,,,,,,,,
3750,NAND3X1_661,,,,,,,,,,
3751,NOR2X1_575,,,,,,,,,,
3752,NOR2X1_468,,,,,,,,,,
3753,NOR3X1_40,,,,,,,,,,
3754,NOR2X1_315,,,,,,,,,,
3755,AOI21X1_158,,,,,,,,,,
3756,NAND3X1_447,,,,,,,,,,
3757,AND2X2_97,,,,,,,,,,
3758,NOR2X1_413,,,,,,,,,,
3759,NOR2X1_121,,,,,,,,,,
3760,NOR3X1_327,,,,,,,,,,
3761,NOR2X1_858,,,,,,,,,,
3762,OAI21X1_181,,,,,,,,,,
3763,OUTPUT_\w5_reg[15] ,,,,,,,,,,
3764,AOI21X1_465,,,,,,,,,,
3765,OAI21X1_973,,,,,,,,,,
3766,NOR2X1_572,,,,,,,,,,
3767,OAI21X1_1193,,,,,,,,,,
3768,OAI21X1_1369,,,,,,,,,,
3769,NAND3X1_473,,,,,,,,,,
3770,INVX1_477,,,,,,,,,,
3771,NAND2X1_306,,,,,,,,,,
3772,OUTPUT_\w1[9] ,,,,,,,,,,
3773,NAND3X1_256,,,,,,,,,,
3774,NAND2X1_280,,,,,,,,,,
3775,NAND3X1_113,,,,,,,,,,
3776,AND2X2_56,,,,,,,,,,
3777,XNOR2X1_4,,,,,,,,,,
3778,INVX1_298,,,,,,,,,,
3779,NAND2X1_112,,,,,,,,,,
3780,DFFPOSX1_119,,,,,,,,,,
3781,AOI21X1_459,,,,,,,,,,
3782,NOR2X1_46,,,,,,,,,,
3783,NOR3X1_224,,,,,,,,,,
3784,OAI21X1_598,,,,,,,,,,
3785,NAND3X1_22,,,,,,,,,,
3786,AOI21X1_690,,,,,,,,,,
3787,AND2X2_84,,,,,,,,,,
3788,OAI21X1_1174,,,,,,,,,,
3789,NAND2X1_326,,,,,,,,,,
3790,AOI21X1_9,,,,,,,,,,
3791,NAND3X1_742,,,,,,,,,,
3792,NOR2X1_707,,,,,,,,,,
3793,NOR2X1_363,,,,,,,,,,
3794,NAND3X1_2,,,,,,,,,,
3795,NOR2X1_276,,,,,,,,,,
3796,NAND3X1_21,,,,,,,,,,
3797,NAND3X1_579,,,,,,,,,,
3798,NAND3X1_269,,,,,,,,,,
3799,NOR2X1_664,,,,,,,,,,
3800,OAI21X1_445,,,,,,,,,,
3801,NAND3X1_911,,,,,,,,,,
3802,NOR2X1_244,,,,,,,,,,
3803,NAND3X1_557,,,,,,,,,,
3804,OAI21X1_215,,,,,,,,,,
3805,NAND2X1_170,,,,,,,,,,
3806,AOI21X1_49,,,,,,,,,,
3807,AOI22X1_213,,,,,,,,,,
3808,NAND2X1_1026,,,,,,,,,,
3809,INVX1_428,,,,,,,,,,
3810,OAI22X1_266,,,,,,,,,,
3811,NAND3X1_11,,,,,,,,,,
3812,NAND2X1_420,,,,,,,,,,
3813,OAI22X1_284,,,,,,,,,,
3814,OAI22X1_203,,,,,,,,,,
3815,INVX1_359,,,,,,,,,,
3816,INVX1_27,,,,,,,,,,
3817,NOR2X1_568,,,,,,,,,,
3818,OAI21X1_497,,,,,,,,,,
3819,XNOR2X1_62,,,,,,,,,,
3820,OAI21X1_646,,,,,,,,,,
3821,XNOR2X1_57,,,,,,,,,,
3822,AND2X2_145,,,,,,,,,,
3823,NAND2X1_474,,,,,,,,,,
3824,AND2X2_58,,,,,,,,,,
3825,NAND3X1_761,,,,,,,,,,
3826,NAND2X1_1025,,,,,,,,,,
3827,NAND2X1_1074,,,,,,,,,,
3828,INVX1_161,,,,,,,,,,
3829,OUTPUT_\w0[0] ,,,,,,,,,,
3830,OAI21X1_1069,,,,,,,,,,
3831,OAI21X1_637,,,,,,,,,,
3832,OAI21X1_1377,,,,,,,,,,
3833,OAI21X1_911,,,,,,,,,,
3834,OAI21X1_596,,,,,,,,,,
3835,NOR2X1_409,,,,,,,,,,
3836,OUTPUT_\w4_reg[0] ,,,,,,,,,,
3837,INVX1_497,,,,,,,,,,
3838,NOR2X1_200,,,,,,,,,,
3839,OAI21X1_42,,,,,,,,,,
3840,NAND2X1_425,,,,,,,,,,
3841,OAI21X1_285,,,,,,,,,,
3842,NAND3X1_462,,,,,,,,,,
3843,NAND2X1_642,,,,,,,,,,
3844,NAND3X1_300,,,,,,,,,,
3845,NAND3X1_327,,,,,,,,,,
3846,OUTPUT_\w3[18] ,,,,,,,,,,
3847,OAI21X1_257,,,,,,,,,,
3848,OAI21X1_868,,,,,,,,,,
3849,AND2X2_131,,,,,,,,,,
3850,OAI22X1_89,,,,,,,,,,
3851,AOI21X1_151,,,,,,,,,,
3852,NOR2X1_616,,,,,,,,,,
3853,NAND2X1_671,,,,,,,,,,
3854,OR2X2_31,,,,,,,,,,
3855,NAND3X1_1008,,,,,,,,,,
3856,OAI21X1_563,,,,,,,,,,
3857,OAI21X1_857,,,,,,,,,,
3858,OAI21X1_900,,,,,,,,,,
3859,AOI21X1_148,,,,,,,,,,
3860,NOR2X1_120,,,,,,,,,,
3861,NAND3X1_936,,,,,,,,,,
3862,INVX1_558,,,,,,,,,,
3863,NAND3X1_814,,,,,,,,,,
3864,OAI21X1_666,,,,,,,,,,
3865,OUTPUT_\w5_reg[12] ,,,,,,,,,,
3866,XNOR2X1_47,,,,,,,,,,
3867,OAI22X1_290,,,,,,,,,,
3868,AND2X2_57,,,,,,,,,,
3869,OAI21X1_1082,,,,,,,,,,
3870,NAND2X1_822,,,,,,,,,,
3871,NAND2X1_485,,,,,,,,,,
3872,OAI22X1_297,,,,,,,,,,
3873,NAND3X1_479,,,,,,,,,,
3874,INPUT_\key[94] ,,,,,,,,,,
3875,NOR2X1_863,,,,,,,,,,
3876,NOR3X1_26,,,,,,,,,,
3877,NAND3X1_338,,,,,,,,,,
3878,NAND2X1_948,,,,,,,,,,
3879,NOR3X1_190,,,,,,,,,,
3880,OAI21X1_1161,,,,,,,,,,
3881,OAI21X1_359,,,,,,,,,,
3882,NAND3X1_87,,,,,,,,,,
3883,OAI21X1_1037,,,,,,,,,,
3884,NOR2X1_760,,,,,,,,,,
3885,NOR2X1_516,,,,,,,,,,
3886,NOR2X1_676,,,,,,,,,,
3887,AOI21X1_595,,,,,,,,,,
3888,INVX1_281,,,,,,,,,,
3889,DFFPOSX1_104,,,,,,,,,,
3890,NOR2X1_473,,,,,,,,,,
3891,OAI21X1_407,,,,,,,,,,
3892,NAND2X1_735,,,,,,,,,,
3893,OAI21X1_1305,,,,,,,,,,
3894,NAND2X1_275,,,,,,,,,,
3895,AOI21X1_517,,,,,,,,,,
3896,AOI21X1_642,,,,,,,,,,
3897,AND2X2_159,,,,,,,,,,
3898,OAI21X1_718,,,,,,,,,,
3899,AND2X2_24,,,,,,,,,,
3900,NAND2X1_724,,,,,,,,,,
3901,OAI21X1_794,,,,,,,,,,
3902,AOI21X1_658,,,,,,,,,,
3903,AOI21X1_525,,,,,,,,,,
3904,NAND3X1_200,,,,,,,,,,
3905,NAND2X1_381,,,,,,,,,,
3906,NAND2X1_222,,,,,,,,,,
3907,AOI21X1_576,,,,,,,,,,
3908,OAI22X1_199,,,,,,,,,,
3909,INVX1_485,,,,,,,,,,
3910,INVX1_282,,,,,,,,,,
3911,OAI21X1_208,,,,,,,,,,
3912,AOI22X1_19,,,,,,,,,,
3913,NOR2X1_422,,,,,,,,,,
3914,OAI21X1_599,,,,,,,,,,
3915,INPUT_\key[9] ,,,,,,,,,,
3916,NOR2X1_196,,,,,,,,,,
3917,OAI21X1_29,,,,,,,,,,
3918,INVX1_300,,,,,,,,,,
3919,NAND3X1_987,,,,,,,,,,
3920,OAI22X1_72,,,,,,,,,,
3921,NOR3X1_231,,,,,,,,,,
3922,NAND2X1_341,,,,,,,,,,
3923,NAND3X1_869,,,,,,,,,,
3924,OAI21X1_55,,,,,,,,,,
3925,NAND2X1_255,,,,,,,,,,
3926,NAND2X1_1008,,,,,,,,,,
3927,NAND2X1_552,,,,,,,,,,
3928,OAI21X1_706,,,,,,,,,,
3929,AOI22X1_47,,,,,,,,,,
3930,NAND2X1_84,,,,,,,,,,
3931,OAI21X1_1276,,,,,,,,,,
3932,OAI21X1_1329,,,,,,,,,,
3933,NOR3X1_215,,,,,,,,,,
3934,NOR3X1_98,,,,,,,,,,
3935,AOI21X1_93,,,,,,,,,,
3936,INVX1_3,,,,,,,,,,
3937,OAI21X1_51,,,,,,,,,,
3938,INPUT_\key[66] ,,,,,,,,,,
3939,NAND2X1_241,,,,,,,,,,
3940,NAND3X1_567,,,,,,,,,,
3941,AND2X2_141,,,,,,,,,,
3942,OAI21X1_606,,,,,,,,,,
3943,NAND3X1_305,,,,,,,,,,
3944,NAND3X1_1049,,,,,,,,,,
3945,NOR3X1_63,,,,,,,,,,
3946,OAI21X1_1058,,,,,,,,,,
3947,OAI21X1_841,,,,,,,,,,
3948,OAI21X1_1412,,,,,,,,,,
3949,OR2X2_63,,,,,,,,,,
3950,OAI21X1_1285,,,,,,,,,,
3951,NOR2X1_264,,,,,,,,,,
3952,INPUT_\key[44] ,,,,,,,,,,
3953,OAI22X1_69,,,,,,,,,,
3954,NOR3X1_284,,,,,,,,,,
3955,OAI21X1_134,,,,,,,,,,
3956,DFFPOSX1_26,,,,,,,,,,
3957,NAND2X1_623,,,,,,,,,,
3958,NOR3X1_298,,,,,,,,,,
3959,INVX1_267,,,,,,,,,,
3960,NOR3X1_74,,,,,,,,,,
3961,OUTPUT_\w2[22] ,,,,,,,,,,
3962,AOI22X1_136,,,,,,,,,,
3963,AOI21X1_88,,,,,,,,,,
3964,NOR2X1_439,,,,,,,,,,
3965,OAI21X1_643,,,,,,,,,,
3966,OUTPUT_\w0[25] ,,,,,,,,,,
3967,OAI21X1_1216,,,,,,,,,,
3968,INVX1_329,,,,,,,,,,
3969,NAND2X1_990,,,,,,,,,,
3970,INVX1_292,,,,,,,,,,
3971,OAI21X1_1396,,,,,,,,,,
3972,OAI22X1_84,,,,,,,,,,
3973,NAND2X1_746,,,,,,,,,,
3974,AOI21X1_409,,,,,,,,,,
3975,NAND2X1_315,,,,,,,,,,
3976,AOI21X1_374,,,,,,,,,,
3977,NAND2X1_64,,,,,,,,,,
3978,NAND3X1_973,,,,,,,,,,
3979,NAND3X1_182,,,,,,,,,,
3980,INVX1_429,,,,,,,,,,
3981,NOR2X1_595,,,,,,,,,,
3982,DFFPOSX1_29,,,,,,,,,,
3983,NAND3X1_870,,,,,,,,,,
3984,AOI22X1_183,,,,,,,,,,
3985,NAND3X1_531,,,,,,,,,,
3986,NOR2X1_206,,,,,,,,,,
3987,NOR2X1_474,,,,,,,,,,
3988,AOI21X1_293,,,,,,,,,,
3989,OAI21X1_913,,,,,,,,,,
3990,OAI21X1_609,,,,,,,,,,
3991,AOI21X1_507,,,,,,,,,,
3992,NAND2X1_611,,,,,,,,,,
3993,NAND3X1_226,,,,,,,,,,
3994,INPUT_\key[53] ,,,,,,,,,,
3995,OAI22X1_155,,,,,,,,,,
3996,NAND2X1_224,,,,,,,,,,
3997,AOI21X1_360,,,,,,,,,,
3998,NOR2X1_85,,,,,,,,,,
3999,OAI21X1_757,,,,,,,,,,
4000,NAND3X1_818,,,,,,,,,,
4001,OAI21X1_382,,,,,,,,,,
4002,OAI21X1_912,,,,,,,,,,
4003,NOR2X1_267,,,,,,,,,,
4004,AOI22X1_28,,,,,,,,,,
4005,NOR2X1_203,,,,,,,,,,
4006,NOR3X1_328,,,,,,,,,,
4007,OAI21X1_298,,,,,,,,,,
4008,OAI22X1_153,,,,,,,,,,
4009,NOR2X1_658,,,,,,,,,,
4010,OAI21X1_147,,,,,,,,,,
4011,NAND3X1_724,,,,,,,,,,
4012,NAND2X1_690,,,,,,,,,,
4013,OAI21X1_155,,,,,,,,,,
4014,INPUT_\key[10] ,,,,,,,,,,
4015,NAND3X1_842,,,,,,,,,,
4016,AND2X2_156,,,,,,,,,,
4017,NAND2X1_802,,,,,,,,,,
4018,OAI21X1_363,,,,,,,,,,
4019,AOI21X1_600,,,,,,,,,,
4020,OAI21X1_756,,,,,,,,,,
4021,OAI21X1_1311,,,,,,,,,,
4022,DFFPOSX1_131,,,,,,,,,,
4023,NOR3X1_16,,,,,,,,,,
4024,OAI21X1_815,,,,,,,,,,
4025,NAND2X1_257,,,,,,,,,,
4026,NOR2X1_543,,,,,,,,,,
4027,NOR3X1_27,,,,,,,,,,
4028,NOR3X1_111,,,,,,,,,,
4029,NOR3X1_69,,,,,,,,,,
4030,NAND2X1_312,,,,,,,,,,
4031,OAI21X1_576,,,,,,,,,,
4032,AOI21X1_656,,,,,,,,,,
4033,NAND3X1_894,,,,,,,,,,
4034,AOI21X1_137,,,,,,,,,,
4035,NAND3X1_794,,,,,,,,,,
4036,NAND2X1_108,,,,,,,,,,
4037,NAND3X1_802,,,,,,,,,,
4038,NOR2X1_187,,,,,,,,,,
4039,NOR2X1_925,,,,,,,,,,
4040,NAND3X1_619,,,,,,,,,,
4041,INVX1_261,,,,,,,,,,
4042,OAI21X1_1215,,,,,,,,,,
4043,NAND2X1_510,,,,,,,,,,
4044,NAND3X1_128,,,,,,,,,,
4045,NOR3X1_174,,,,,,,,,,
4046,XNOR2X1_19,,,,,,,,,,
4047,AOI21X1_429,,,,,,,,,,
4048,NAND3X1_739,,,,,,,,,,
4049,NAND2X1_279,,,,,,,,,,
4050,OAI21X1_222,,,,,,,,,,
4051,NOR2X1_751,,,,,,,,,,
4052,OUTPUT_\w0[21] ,,,,,,,,,,
4053,NAND3X1_708,,,,,,,,,,
4054,NAND2X1_943,,,,,,,,,,
4055,XNOR2X1_17,,,,,,,,,,
4056,OAI21X1_16,,,,,,,,,,
4057,OAI21X1_84,,,,,,,,,,
4058,OAI21X1_1346,,,,,,,,,,
4059,NOR2X1_459,,,,,,,,,,
4060,NOR3X1_34,,,,,,,,,,
4061,NOR3X1_282,,,,,,,,,,
4062,OAI21X1_1304,,,,,,,,,,
4063,OAI21X1_1366,,,,,,,,,,
4064,NOR2X1_218,,,,,,,,,,
4065,NAND3X1_266,,,,,,,,,,
4066,NAND3X1_251,,,,,,,,,,
4067,INVX1_219,,,,,,,,,,
4068,NAND2X1_6,,,,,,,,,,
4069,NAND3X1_329,,,,,,,,,,
4070,NOR2X1_373,,,,,,,,,,
4071,OAI22X1_110,,,,,,,,,,
4072,AOI21X1_24,,,,,,,,,,
4073,OAI21X1_964,,,,,,,,,,
4074,OAI21X1_989,,,,,,,,,,
4075,AOI21X1_506,,,,,,,,,,
4076,NAND2X1_96,,,,,,,,,,
4077,OR2X2_74,,,,,,,,,,
4078,NOR2X1_91,,,,,,,,,,
4079,OUTPUT_\w6_reg[15] ,,,,,,,,,,
4080,INVX1_499,,,,,,,,,,
4081,NAND3X1_956,,,,,,,,,,
4082,NOR3X1_209,,,,,,,,,,
4083,NOR2X1_81,,,,,,,,,,
4084,XOR2X1_6,,,,,,,,,,
4085,NOR2X1_672,,,,,,,,,,
4086,OAI21X1_1336,,,,,,,,,,
4087,NOR2X1_452,,,,,,,,,,
4088,AOI21X1_344,,,,,,,,,,
4089,NAND3X1_372,,,,,,,,,,
4090,NAND2X1_1065,,,,,,,,,,
4091,OAI21X1_1350,,,,,,,,,,
4092,OAI21X1_743,,,,,,,,,,
4093,INVX1_324,,,,,,,,,,
4094,OAI21X1_167,,,,,,,,,,
4095,OAI22X1_300,,,,,,,,,,
4096,NAND2X1_94,,,,,,,,,,
4097,NAND2X1_749,,,,,,,,,,
4098,NAND3X1_984,,,,,,,,,,
4099,AOI22X1_156,,,,,,,,,,
4100,OR2X2_52,,,,,,,,,,
4101,OAI22X1_285,,,,,,,,,,
4102,NOR2X1_837,,,,,,,,,,
4103,AND2X2_149,,,,,,,,,,
4104,OUTPUT_\w5_reg[13] ,,,,,,,,,,
4105,AND2X2_33,,,,,,,,,,
4106,AOI22X1_38,,,,,,,,,,
4107,NOR2X1_711,,,,,,,,,,
4108,NOR2X1_370,,,,,,,,,,
4109,NAND3X1_470,,,,,,,,,,
4110,OAI21X1_629,,,,,,,,,,
4111,OAI21X1_1352,,,,,,,,,,
4112,NOR2X1_304,,,,,,,,,,
4113,NOR2X1_182,,,,,,,,,,
4114,AOI21X1_99,,,,,,,,,,
4115,NAND2X1_1029,,,,,,,,,,
4116,NAND2X1_1052,,,,,,,,,,
4117,OAI21X1_7,,,,,,,,,,
4118,NOR2X1_880,,,,,,,,,,
4119,OAI21X1_309,,,,,,,,,,
4120,AOI21X1_349,,,,,,,,,,
4121,NAND3X1_296,,,,,,,,,,
4122,OAI21X1_80,,,,,,,,,,
4123,OAI22X1_66,,,,,,,,,,
4124,NOR3X1_273,,,,,,,,,,
4125,NAND3X1_919,,,,,,,,,,
4126,INVX1_518,,,,,,,,,,
4127,NOR3X1_301,,,,,,,,,,
4128,OAI22X1_280,,,,,,,,,,
4129,OAI21X1_823,,,,,,,,,,
4130,NOR2X1_367,,,,,,,,,,
4131,OAI21X1_1168,,,,,,,,,,
4132,OAI21X1_394,,,,,,,,,,
4133,AOI21X1_282,,,,,,,,,,
4134,NAND3X1_145,,,,,,,,,,
4135,NAND3X1_43,,,,,,,,,,
4136,NAND3X1_352,,,,,,,,,,
4137,NOR2X1_483,,,,,,,,,,
4138,NAND2X1_135,,,,,,,,,,
4139,OUTPUT_\w2[7] ,,,,,,,,,,
4140,NAND3X1_325,,,,,,,,,,
4141,AOI21X1_651,,,,,,,,,,
4142,INVX1_394,,,,,,,,,,
4143,NAND3X1_647,,,,,,,,,,
4144,INVX1_479,,,,,,,,,,
4145,NOR2X1_827,,,,,,,,,,
4146,OAI21X1_187,,,,,,,,,,
4147,NAND3X1_591,,,,,,,,,,
4148,NAND2X1_731,,,,,,,,,,
4149,INPUT_\key[108] ,,,,,,,,,,
4150,NOR2X1_583,,,,,,,,,,
4151,OAI21X1_582,,,,,,,,,,
4152,NAND2X1_114,,,,,,,,,,
4153,OAI21X1_1152,,,,,,,,,,
4154,AOI21X1_544,,,,,,,,,,
4155,OAI21X1_1091,,,,,,,,,,
4156,AOI22X1_95,,,,,,,,,,
4157,OAI21X1_1368,,,,,,,,,,
4158,NOR3X1_218,,,,,,,,,,
4159,NOR3X1_292,,,,,,,,,,
4160,OAI22X1_283,,,,,,,,,,
4161,NOR3X1_185,,,,,,,,,,
4162,NAND2X1_799,,,,,,,,,,
4163,OAI21X1_941,,,,,,,,,,
4164,OAI21X1_1032,,,,,,,,,,
4165,NOR2X1_911,,,,,,,,,,
4166,NAND2X1_54,,,,,,,,,,
4167,NOR2X1_644,,,,,,,,,,
4168,OAI21X1_601,,,,,,,,,,
4169,INVX1_412,,,,,,,,,,
4170,OAI22X1_205,,,,,,,,,,
4171,NAND3X1_370,,,,,,,,,,
4172,AOI21X1_63,,,,,,,,,,
4173,INVX1_474,,,,,,,,,,
4174,NAND2X1_649,,,,,,,,,,
4175,NOR3X1_89,,,,,,,,,,
4176,NAND2X1_130,,,,,,,,,,
4177,NOR2X1_34,,,,,,,,,,
4178,OAI21X1_179,,,,,,,,,,
4179,NAND3X1_945,,,,,,,,,,
4180,NAND2X1_400,,,,,,,,,,
4181,AND2X2_109,,,,,,,,,,
4182,AOI21X1_171,,,,,,,,,,
4183,OAI21X1_22,,,,,,,,,,
4184,NAND2X1_531,,,,,,,,,,
4185,DFFPOSX1_42,,,,,,,,,,
4186,NAND3X1_208,,,,,,,,,,
4187,OUTPUT_\w4_reg[7] ,,,,,,,,,,
4188,OAI21X1_847,,,,,,,,,,
4189,INVX1_455,,,,,,,,,,
4190,OAI21X1_952,,,,,,,,,,
4191,OAI21X1_159,,,,,,,,,,
4192,OAI21X1_1197,,,,,,,,,,
4193,OAI21X1_672,,,,,,,,,,
4194,NAND3X1_163,,,,,,,,,,
4195,OAI21X1_568,,,,,,,,,,
4196,AND2X2_32,,,,,,,,,,
4197,NOR2X1_423,,,,,,,,,,
4198,INVX1_243,,,,,,,,,,
4199,OAI21X1_39,,,,,,,,,,
4200,NAND2X1_127,,,,,,,,,,
4201,OAI22X1_17,,,,,,,,,,
4202,INPUT_\key[8] ,,,,,,,,,,
4203,INPUT_\key[19] ,,,,,,,,,,
4204,OAI21X1_317,,,,,,,,,,
4205,AOI21X1_207,,,,,,,,,,
4206,OUTPUT_\w0[8] ,,,,,,,,,,
4207,AOI21X1_136,,,,,,,,,,
4208,OAI21X1_822,,,,,,,,,,
4209,NAND3X1_922,,,,,,,,,,
4210,NOR2X1_249,,,,,,,,,,
4211,NOR2X1_649,,,,,,,,,,
4212,AOI21X1_368,,,,,,,,,,
4213,OAI21X1_1324,,,,,,,,,,
4214,OAI21X1_1027,,,,,,,,,,
4215,AOI21X1_262,,,,,,,,,,
4216,OAI21X1_1328,,,,,,,,,,
4217,NAND2X1_169,,,,,,,,,,
4218,NAND2X1_173,,,,,,,,,,
4219,INVX1_171,,,,,,,,,,
4220,INPUT_\key[73] ,,,,,,,,,,
4221,INVX1_381,,,,,,,,,,
4222,AND2X2_63,,,,,,,,,,
4223,INVX1_149,,,,,,,,,,
4224,OUTPUT_\w1[25] ,,,,,,,,,,
4225,NAND3X1_861,,,,,,,,,,
4226,OAI21X1_923,,,,,,,,,,
4227,DFFPOSX1_6,,,,,,,,,,
4228,OR2X2_49,,,,,,,,,,
4229,INVX1_296,,,,,,,,,,
4230,OAI21X1_449,,,,,,,,,,
4231,NAND3X1_910,,,,,,,,,,
4232,NOR2X1_437,,,,,,,,,,
4233,OAI21X1_678,,,,,,,,,,
4234,OAI21X1_457,,,,,,,,,,
4235,NAND3X1_892,,,,,,,,,,
4236,NOR2X1_744,,,,,,,,,,
4237,OAI22X1_211,,,,,,,,,,
4238,OAI21X1_546,,,,,,,,,,
4239,OAI21X1_4,,,,,,,,,,
4240,NOR2X1_97,,,,,,,,,,
4241,NAND3X1_221,,,,,,,,,,
4242,NAND2X1_8,,,,,,,,,,
4243,NAND3X1_356,,,,,,,,,,
4244,INVX1_531,,,,,,,,,,
4245,OAI21X1_1244,,,,,,,,,,
4246,INPUT_\key[60] ,,,,,,,,,,
4247,NOR3X1_294,,,,,,,,,,
4248,NAND2X1_836,,,,,,,,,,
4249,NOR2X1_355,,,,,,,,,,
4250,INVX1_225,,,,,,,,,,
4251,AOI21X1_220,,,,,,,,,,
4252,NAND2X1_214,,,,,,,,,,
4253,OAI21X1_1055,,,,,,,,,,
4254,AOI21X1_626,,,,,,,,,,
4255,NOR2X1_545,,,,,,,,,,
4256,NAND2X1_605,,,,,,,,,,
4257,OUTPUT_\w0[27] ,,,,,,,,,,
4258,INVX1_293,,,,,,,,,,
4259,INVX1_87,,,,,,,,,,
4260,OAI22X1_81,,,,,,,,,,
4261,INVX1_565,,,,,,,,,,
4262,NOR2X1_870,,,,,,,,,,
4263,NAND2X1_692,,,,,,,,,,
4264,AOI21X1_131,,,,,,,,,,
4265,OAI22X1_194,,,,,,,,,,
4266,NAND3X1_450,,,,,,,,,,
4267,AOI21X1_686,,,,,,,,,,
4268,OAI21X1_268,,,,,,,,,,
4269,NOR2X1_68,,,,,,,,,,
4270,NAND2X1_46,,,,,,,,,,
4271,OAI21X1_777,,,,,,,,,,
4272,INVX1_56,,,,,,,,,,
4273,NOR2X1_197,,,,,,,,,,
4274,NAND2X1_371,,,,,,,,,,
4275,NAND3X1_59,,,,,,,,,,
4276,NAND3X1_967,,,,,,,,,,
4277,OAI21X1_1198,,,,,,,,,,
4278,AOI21X1_266,,,,,,,,,,
4279,NOR2X1_918,,,,,,,,,,
4280,AOI21X1_375,,,,,,,,,,
4281,NAND3X1_167,,,,,,,,,,
4282,NAND2X1_44,,,,,,,,,,
4283,NAND2X1_820,,,,,,,,,,
4284,OAI22X1_91,,,,,,,,,,
4285,NAND2X1_303,,,,,,,,,,
4286,OAI21X1_239,,,,,,,,,,
4287,NAND3X1_413,,,,,,,,,,
4288,NAND2X1_754,,,,,,,,,,
4289,INVX1_71,,,,,,,,,,
4290,NOR2X1_124,,,,,,,,,,
4291,OAI22X1_209,,,,,,,,,,
4292,INPUT_\key[1] ,,,,,,,,,,
4293,OAI21X1_72,,,,,,,,,,
4294,NAND2X1_586,,,,,,,,,,
4295,OAI21X1_906,,,,,,,,,,
4296,NAND2X1_536,,,,,,,,,,
4297,OAI21X1_552,,,,,,,,,,
4298,NAND2X1_133,,,,,,,,,,
4299,NAND2X1_11,,,,,,,,,,
4300,INVX1_237,,,,,,,,,,
4301,NAND3X1_860,,,,,,,,,,
4302,NAND2X1_297,,,,,,,,,,
4303,OAI21X1_748,,,,,,,,,,
4304,NAND3X1_109,,,,,,,,,,
4305,INVX1_540,,,,,,,,,,
4306,NAND2X1_613,,,,,,,,,,
4307,AOI21X1_611,,,,,,,,,,
4308,OUTPUT_\w6_reg[21] ,,,,,,,,,,
4309,NAND3X1_207,,,,,,,,,,
4310,OAI21X1_38,,,,,,,,,,
4311,AOI21X1_164,,,,,,,,,,
4312,OAI21X1_428,,,,,,,,,,
4313,OUTPUT_\w6_reg[12] ,,,,,,,,,,
4314,NOR2X1_128,,,,,,,,,,
4315,NAND3X1_855,,,,,,,,,,
4316,NAND2X1_347,,,,,,,,,,
4317,NAND3X1_885,,,,,,,,,,
4318,AOI21X1_680,,,,,,,,,,
4319,INVX1_209,,,,,,,,,,
4320,OAI21X1_992,,,,,,,,,,
4321,AOI21X1_170,,,,,,,,,,
4322,NOR2X1_145,,,,,,,,,,
4323,NOR3X1_29,,,,,,,,,,
4324,INVX1_511,,,,,,,,,,
4325,NOR3X1_72,,,,,,,,,,
4326,INVX1_563,,,,,,,,,,
4327,OAI21X1_1419,,,,,,,,,,
4328,INVX1_120,,,,,,,,,,
4329,NAND3X1_912,,,,,,,,,,
4330,XNOR2X1_23,,,,,,,,,,
4331,INPUT_\key[45] ,,,,,,,,,,
4332,AND2X2_73,,,,,,,,,,
4333,NOR2X1_898,,,,,,,,,,
4334,DFFPOSX1_117,,,,,,,,,,
4335,AOI21X1_424,,,,,,,,,,
4336,OAI21X1_1150,,,,,,,,,,
4337,OUTPUT_\w2[26] ,,,,,,,,,,
4338,OAI21X1_1411,,,,,,,,,,
4339,OAI22X1_160,,,,,,,,,,
4340,NAND3X1_776,,,,,,,,,,
4341,OAI22X1_294,,,,,,,,,,
4342,NAND3X1_360,,,,,,,,,,
4343,NOR2X1_776,,,,,,,,,,
4344,NAND3X1_847,,,,,,,,,,
4345,OAI22X1_165,,,,,,,,,,
4346,NAND3X1_737,,,,,,,,,,
4347,NAND3X1_106,,,,,,,,,,
4348,OAI22X1_232,,,,,,,,,,
4349,DFFPOSX1_116,,,,,,,,,,
4350,AOI21X1_70,,,,,,,,,,
4351,NAND2X1_838,,,,,,,,,,
4352,AOI22X1_107,,,,,,,,,,
4353,XNOR2X1_7,,,,,,,,,,
4354,OUTPUT_\w3[28] ,,,,,,,,,,
4355,AOI21X1_473,,,,,,,,,,
4356,INVX1_438,,,,,,,,,,
4357,NAND2X1_572,,,,,,,,,,
4358,OAI21X1_34,,,,,,,,,,
4359,INPUT_\key[125] ,,,,,,,,,,
4360,NAND2X1_354,,,,,,,,,,
4361,NAND3X1_971,,,,,,,,,,
4362,AOI21X1_475,,,,,,,,,,
4363,NAND2X1_862,,,,,,,,,,
4364,OAI21X1_1363,,,,,,,,,,
4365,OAI21X1_584,,,,,,,,,,
4366,OAI22X1_128,,,,,,,,,,
4367,NAND2X1_483,,,,,,,,,,
4368,OAI21X1_735,,,,,,,,,,
4369,NOR3X1_204,,,,,,,,,,
4370,AOI22X1_173,,,,,,,,,,
4371,NAND2X1_771,,,,,,,,,,
4372,AOI21X1_270,,,,,,,,,,
4373,AOI22X1_89,,,,,,,,,,
4374,OAI21X1_1101,,,,,,,,,,
4375,OAI21X1_1151,,,,,,,,,,
4376,AOI21X1_606,,,,,,,,,,
4377,OAI21X1_674,,,,,,,,,,
4378,NAND3X1_679,,,,,,,,,,
4379,NAND2X1_374,,,,,,,,,,
4380,NAND3X1_282,,,,,,,,,,
4381,NAND2X1_918,,,,,,,,,,
4382,OAI21X1_138,,,,,,,,,,
4383,OAI21X1_327,,,,,,,,,,
4384,NAND3X1_369,,,,,,,,,,
4385,NOR2X1_772,,,,,,,,,,
4386,OAI21X1_711,,,,,,,,,,
4387,NOR2X1_487,,,,,,,,,,
4388,INVX1_94,,,,,,,,,,
4389,OAI21X1_1359,,,,,,,,,,
4390,NOR3X1_128,,,,,,,,,,
4391,NOR2X1_325,,,,,,,,,,
4392,NOR3X1_177,,,,,,,,,,
4393,NAND2X1_325,,,,,,,,,,
4394,INVX1_422,,,,,,,,,,
4395,OAI21X1_110,,,,,,,,,,
4396,AOI21X1_679,,,,,,,,,,
4397,OAI21X1_1264,,,,,,,,,,
4398,AND2X2_51,,,,,,,,,,
4399,AOI21X1_448,,,,,,,,,,
4400,NAND2X1_449,,,,,,,,,,
4401,NAND3X1_378,,,,,,,,,,
4402,NAND2X1_486,,,,,,,,,,
4403,NAND2X1_30,,,,,,,,,,
4404,INVX1_493,,,,,,,,,,
4405,NOR2X1_263,,,,,,,,,,
4406,OAI22X1_120,,,,,,,,,,
4407,NAND3X1_723,,,,,,,,,,
4408,OAI21X1_1073,,,,,,,,,,
4409,AOI21X1_324,,,,,,,,,,
4410,OAI21X1_879,,,,,,,,,,
4411,NAND2X1_253,,,,,,,,,,
4412,OAI21X1_49,,,,,,,,,,
4413,INVX1_23,,,,,,,,,,
4414,NAND3X1_132,,,,,,,,,,
4415,AOI21X1_353,,,,,,,,,,
4416,NAND2X1_471,,,,,,,,,,
4417,NAND2X1_264,,,,,,,,,,
4418,INVX1_221,,,,,,,,,,
4419,INVX1_384,,,,,,,,,,
4420,OAI21X1_124,,,,,,,,,,
4421,NOR3X1_87,,,,,,,,,,
4422,OAI21X1_525,,,,,,,,,,
4423,OUTPUT_\w0[18] ,,,,,,,,,,
4424,AOI21X1_463,,,,,,,,,,
4425,NAND3X1_214,,,,,,,,,,
4426,NAND2X1_207,,,,,,,,,,
4427,DFFPOSX1_33,,,,,,,,,,
4428,XOR2X1_4,,,,,,,,,,
4429,AOI22X1_184,,,,,,,,,,
4430,NAND3X1_853,,,,,,,,,,
4431,AOI21X1_442,,,,,,,,,,
4432,NAND2X1_1080,,,,,,,,,,
4433,OAI22X1_301,,,,,,,,,,
4434,OAI21X1_1136,,,,,,,,,,
4435,NOR3X1_250,,,,,,,,,,
4436,NAND3X1_497,,,,,,,,,,
4437,AOI21X1_644,,,,,,,,,,
4438,AOI21X1_68,,,,,,,,,,
4439,NAND2X1_794,,,,,,,,,,
4440,OAI21X1_1179,,,,,,,,,,
4441,NOR2X1_52,,,,,,,,,,
4442,NAND3X1_129,,,,,,,,,,
4443,INVX1_164,,,,,,,,,,
4444,OR2X2_64,,,,,,,,,,
4445,NAND2X1_591,,,,,,,,,,
4446,NAND3X1_341,,,,,,,,,,
4447,OAI21X1_103,,,,,,,,,,
4448,INVX1_368,,,,,,,,,,
4449,NAND2X1_892,,,,,,,,,,
4450,NAND2X1_190,,,,,,,,,,
4451,INVX1_98,,,,,,,,,,
4452,NAND3X1_104,,,,,,,,,,
4453,NAND2X1_796,,,,,,,,,,
4454,NOR2X1_88,,,,,,,,,,
4455,INVX1_123,,,,,,,,,,
4456,OAI21X1_1189,,,,,,,,,,
4457,NAND3X1_933,,,,,,,,,,
4458,NAND3X1_601,,,,,,,,,,
4459,OAI21X1_176,,,,,,,,,,
4460,NOR2X1_106,,,,,,,,,,
4461,OUTPUT_\w0[9] ,,,,,,,,,,
4462,OUTPUT_\w7_reg[25] ,,,,,,,,,,
4463,NOR2X1_390,,,,,,,,,,
4464,NAND2X1_324,,,,,,,,,,
4465,NAND3X1_366,,,,,,,,,,
4466,AND2X2_147,,,,,,,,,,
4467,OAI21X1_500,,,,,,,,,,
4468,AOI21X1_23,,,,,,,,,,
4469,AOI21X1_400,,,,,,,,,,
4470,NAND3X1_835,,,,,,,,,,
4471,NAND2X1_563,,,,,,,,,,
4472,DFFPOSX1_84,,,,,,,,,,
4473,DFFPOSX1_118,,,,,,,,,,
4474,OAI21X1_425,,,,,,,,,,
4475,AOI22X1_157,,,,,,,,,,
4476,NAND3X1_582,,,,,,,,,,
4477,NOR2X1_345,,,,,,,,,,
4478,OAI21X1_1140,,,,,,,,,,
4479,NAND2X1_117,,,,,,,,,,
4480,INVX1_414,,,,,,,,,,
4481,AOI22X1_7,,,,,,,,,,
4482,AOI21X1_15,,,,,,,,,,
4483,INVX1_262,,,,,,,,,,
4484,NAND2X1_1076,,,,,,,,,,
4485,OR2X2_46,,,,,,,,,,
4486,NOR3X1_337,,,,,,,,,,
4487,AOI21X1_615,,,,,,,,,,
4488,AND2X2_10,,,,,,,,,,
4489,NAND2X1_971,,,,,,,,,,
4490,OAI21X1_861,,,,,,,,,,
4491,AOI21X1_331,,,,,,,,,,
4492,AOI21X1_476,,,,,,,,,,
4493,NOR2X1_690,,,,,,,,,,
4494,DFFPOSX1_99,,,,,,,,,,
4495,NAND3X1_989,,,,,,,,,,
4496,AOI21X1_505,,,,,,,,,,
4497,OAI21X1_1358,,,,,,,,,,
4498,INVX1_107,,,,,,,,,,
4499,OAI21X1_1034,,,,,,,,,,
4500,OUTPUT_\w3[14] ,,,,,,,,,,
4501,NAND2X1_72,,,,,,,,,,
4502,AOI21X1_668,,,,,,,,,,
4503,NAND2X1_308,,,,,,,,,,
4504,NAND2X1_768,,,,,,,,,,
4505,NOR2X1_753,,,,,,,,,,
4506,AOI21X1_175,,,,,,,,,,
4507,OAI21X1_645,,,,,,,,,,
4508,NAND2X1_712,,,,,,,,,,
4509,AOI21X1_312,,,,,,,,,,
4510,INVX1_92,,,,,,,,,,
4511,OAI21X1_318,,,,,,,,,,
4512,NOR2X1_927,,,,,,,,,,
4513,INVX1_222,,,,,,,,,,
4514,NAND2X1_201,,,,,,,,,,
4515,OR2X2_43,,,,,,,,,,
4516,NAND3X1_767,,,,,,,,,,
4517,OAI21X1_793,,,,,,,,,,
4518,NAND2X1_602,,,,,,,,,,
4519,NAND2X1_524,,,,,,,,,,
4520,NAND3X1_520,,,,,,,,,,
4521,OAI21X1_693,,,,,,,,,,
4522,AOI22X1_218,,,,,,,,,,
4523,NOR2X1_129,,,,,,,,,,
4524,OUTPUT_\w5_reg[28] ,,,,,,,,,,
4525,AOI21X1_401,,,,,,,,,,
4526,NAND2X1_1081,,,,,,,,,,
4527,NAND2X1_877,,,,,,,,,,
4528,OAI21X1_1289,,,,,,,,,,
4529,INVX1_297,,,,,,,,,,
4530,INVX1_421,,,,,,,,,,
4531,AOI22X1_82,,,,,,,,,,
4532,NAND3X1_719,,,,,,,,,,
4533,NAND2X1_375,,,,,,,,,,
4534,NOR2X1_723,,,,,,,,,,
4535,OAI21X1_872,,,,,,,,,,
4536,OAI21X1_201,,,,,,,,,,
4537,NAND3X1_471,,,,,,,,,,
4538,AOI21X1_187,,,,,,,,,,
4539,OAI21X1_934,,,,,,,,,,
4540,OAI21X1_949,,,,,,,,,,
4541,INVX1_226,,,,,,,,,,
4542,NOR3X1_186,,,,,,,,,,
4543,NOR2X1_18,,,,,,,,,,
4544,OAI21X1_578,,,,,,,,,,
4545,NAND3X1_909,,,,,,,,,,
4546,OAI21X1_335,,,,,,,,,,
4547,DFFPOSX1_100,,,,,,,,,,
4548,INPUT_\key[23] ,,,,,,,,,,
4549,NAND3X1_829,,,,,,,,,,
4550,AOI21X1_589,,,,,,,,,,
4551,NAND3X1_196,,,,,,,,,,
4552,OAI21X1_1365,,,,,,,,,,
4553,NOR3X1_163,,,,,,,,,,
4554,NAND2X1_217,,,,,,,,,,
4555,NAND2X1_345,,,,,,,,,,
4556,OAI21X1_433,,,,,,,,,,
4557,NOR2X1_611,,,,,,,,,,
4558,NAND3X1_882,,,,,,,,,,
4559,INVX1_415,,,,,,,,,,
4560,AND2X2_12,,,,,,,,,,
4561,NAND2X1_492,,,,,,,,,,
4562,INVX1_303,,,,,,,,,,
4563,NOR2X1_663,,,,,,,,,,
4564,NAND3X1_839,,,,,,,,,,
4565,OR2X2_72,,,,,,,,,,
4566,NOR2X1_135,,,,,,,,,,
4567,INVX1_526,,,,,,,,,,
4568,AOI22X1_214,,,,,,,,,,
4569,INVX1_562,,,,,,,,,,
4570,AND2X2_47,,,,,,,,,,
4571,NAND3X1_770,,,,,,,,,,
4572,NOR2X1_185,,,,,,,,,,
4573,INVX1_554,,,,,,,,,,
4574,OAI22X1_298,,,,,,,,,,
4575,OAI21X1_613,,,,,,,,,,
4576,AOI21X1_617,,,,,,,,,,
4577,NOR3X1_181,,,,,,,,,,
4578,NAND2X1_869,,,,,,,,,,
4579,INVX1_469,,,,,,,,,,
4580,OAI21X1_315,,,,,,,,,,
4581,AOI21X1_47,,,,,,,,,,
4582,INPUT_\key[84] ,,,,,,,,,,
4583,NAND3X1_166,,,,,,,,,,
4584,NAND3X1_299,,,,,,,,,,
4585,AOI21X1_25,,,,,,,,,,
4586,AOI21X1_477,,,,,,,,,,
4587,NOR2X1_348,,,,,,,,,,
4588,NAND2X1_125,,,,,,,,,,
4589,NAND3X1_349,,,,,,,,,,
4590,NAND3X1_73,,,,,,,,,,
4591,NOR2X1_804,,,,,,,,,,
4592,INVX1_400,,,,,,,,,,
4593,NOR3X1_304,,,,,,,,,,
4594,OUTPUT_\w3[10] ,,,,,,,,,,
4595,NAND3X1_714,,,,,,,,,,
4596,INPUT_\key[81] ,,,,,,,,,,
4597,DFFPOSX1_30,,,,,,,,,,
4598,NOR3X1_141,,,,,,,,,,
4599,NOR2X1_147,,,,,,,,,,
4600,DFFPOSX1_65,,,,,,,,,,
4601,NAND3X1_402,,,,,,,,,,
4602,NOR2X1_713,,,,,,,,,,
4603,AND2X2_65,,,,,,,,,,
4604,NAND3X1_516,,,,,,,,,,
4605,NAND2X1_206,,,,,,,,,,
4606,NAND3X1_583,,,,,,,,,,
4607,INPUT_\key[107] ,,,,,,,,,,
4608,NOR2X1_179,,,,,,,,,,
4609,AOI21X1_84,,,,,,,,,,
4610,AOI21X1_472,,,,,,,,,,
4611,NAND2X1_40,,,,,,,,,,
4612,DFFPOSX1_81,,,,,,,,,,
4613,OAI21X1_1418,,,,,,,,,,
4614,NAND3X1_190,,,,,,,,,,
4615,AOI21X1_95,,,,,,,,,,
4616,OAI21X1_481,,,,,,,,,,
4617,INPUT_\key[4] ,,,,,,,,,,
4618,INVX1_59,,,,,,,,,,
4619,NAND2X1_508,,,,,,,,,,
4620,NOR2X1_153,,,,,,,,,,
4621,NOR3X1_343,,,,,,,,,,
4622,NAND3X1_260,,,,,,,,,,
4623,NAND2X1_624,,,,,,,,,,
4624,OAI21X1_88,,,,,,,,,,
4625,NOR2X1_27,,,,,,,,,,
4626,NOR2X1_142,,,,,,,,,,
4627,OAI21X1_430,,,,,,,,,,
4628,NOR3X1_238,,,,,,,,,,
4629,NAND3X1_913,,,,,,,,,,
4630,INPUT_\key[120] ,,,,,,,,,,
4631,AOI21X1_474,,,,,,,,,,
4632,NOR2X1_280,,,,,,,,,,
4633,OAI22X1_268,,,,,,,,,,
4634,INVX1_251,,,,,,,,,,
4635,NAND2X1_444,,,,,,,,,,
4636,OAI21X1_1332,,,,,,,,,,
4637,OAI21X1_349,,,,,,,,,,
4638,OUTPUT_\w2[28] ,,,,,,,,,,
4639,AND2X2_68,,,,,,,,,,
4640,NAND2X1_1055,,,,,,,,,,
4641,NAND2X1_616,,,,,,,,,,
4642,NAND2X1_639,,,,,,,,,,
4643,NOR2X1_119,,,,,,,,,,
4644,NAND3X1_670,,,,,,,,,,
4645,NOR3X1_347,,,,,,,,,,
4646,AND2X2_41,,,,,,,,,,
4647,NAND3X1_399,,,,,,,,,,
4648,OAI21X1_1234,,,,,,,,,,
4649,AOI21X1_152,,,,,,,,,,
4650,AOI21X1_439,,,,,,,,,,
4651,XNOR2X1_63,,,,,,,,,,
4652,OAI21X1_75,,,,,,,,,,
4653,NOR2X1_395,,,,,,,,,,
4654,NAND2X1_608,,,,,,,,,,
4655,AOI22X1_5,,,,,,,,,,
4656,AOI21X1_552,,,,,,,,,,
4657,NAND2X1_239,,,,,,,,,,
4658,NAND2X1_45,,,,,,,,,,
4659,NAND2X1_672,,,,,,,,,,
4660,AOI21X1_432,,,,,,,,,,
4661,AOI21X1_339,,,,,,,,,,
4662,NAND3X1_918,,,,,,,,,,
4663,AOI21X1_418,,,,,,,,,,
4664,NAND2X1_331,,,,,,,,,,
4665,OAI22X1_127,,,,,,,,,,
4666,NAND2X1_19,,,,,,,,,,
4667,OAI21X1_202,,,,,,,,,,
4668,AOI21X1_283,,,,,,,,,,
4669,OAI21X1_1374,,,,,,,,,,
4670,AOI21X1_261,,,,,,,,,,
4671,OAI21X1_539,,,,,,,,,,
4672,AOI21X1_325,,,,,,,,,,
4673,OAI21X1_814,,,,,,,,,,
4674,NAND3X1_16,,,,,,,,,,
4675,NAND3X1_820,,,,,,,,,,
4676,NOR3X1_11,,,,,,,,,,
4677,NOR3X1_201,,,,,,,,,,
4678,NAND2X1_956,,,,,,,,,,
4679,NAND2X1_622,,,,,,,,,,
4680,OUTPUT_\w5_reg[6] ,,,,,,,,,,
4681,OAI21X1_591,,,,,,,,,,
4682,OAI21X1_1144,,,,,,,,,,
4683,INVX1_535,,,,,,,,,,
4684,OAI21X1_801,,,,,,,,,,
4685,OAI21X1_1287,,,,,,,,,,
4686,NAND3X1_622,,,,,,,,,,
4687,OAI21X1_306,,,,,,,,,,
4688,AOI21X1_55,,,,,,,,,,
4689,XNOR2X1_31,,,,,,,,,,
4690,INVX1_167,,,,,,,,,,
4691,NOR3X1_243,,,,,,,,,,
4692,INVX1_48,,,,,,,,,,
4693,OAI21X1_709,,,,,,,,,,
4694,AOI21X1_267,,,,,,,,,,
4695,NAND2X1_132,,,,,,,,,,
4696,DFFPOSX1_120,,,,,,,,,,
4697,NOR2X1_782,,,,,,,,,,
4698,OAI21X1_137,,,,,,,,,,
4699,AND2X2_146,,,,,,,,,,
4700,NOR3X1_158,,,,,,,,,,
4701,NOR2X1_242,,,,,,,,,,
4702,NAND2X1_846,,,,,,,,,,
4703,NAND2X1_567,,,,,,,,,,
4704,NAND3X1_908,,,,,,,,,,
4705,NAND2X1_101,,,,,,,,,,
4706,NAND3X1_576,,,,,,,,,,
4707,INVX1_482,,,,,,,,,,
4708,OAI21X1_579,,,,,,,,,,
4709,OR2X2_15,,,,,,,,,,
4710,NAND2X1_951,,,,,,,,,,
4711,OUTPUT_\w5_reg[22] ,,,,,,,,,,
4712,NOR3X1_23,,,,,,,,,,
4713,NOR2X1_913,,,,,,,,,,
4714,NAND2X1_167,,,,,,,,,,
4715,NAND2X1_800,,,,,,,,,,
4716,NAND3X1_733,,,,,,,,,,
4717,AOI22X1_101,,,,,,,,,,
4718,OAI22X1_41,,,,,,,,,,
4719,AOI21X1_224,,,,,,,,,,
4720,AOI21X1_126,,,,,,,,,,
4721,NAND3X1_749,,,,,,,,,,
4722,DFFPOSX1_59,,,,,,,,,,
4723,OAI21X1_919,,,,,,,,,,
4724,AOI22X1_129,,,,,,,,,,
4725,OAI21X1_340,,,,,,,,,,
4726,AOI21X1_427,,,,,,,,,,
4727,INVX1_252,,,,,,,,,,
4728,DFFPOSX1_103,,,,,,,,,,
4729,AOI21X1_38,,,,,,,,,,
4730,NAND3X1_337,,,,,,,,,,
4731,AND2X2_124,,,,,,,,,,
4732,NAND2X1_926,,,,,,,,,,
4733,OAI21X1_1342,,,,,,,,,,
4734,NOR2X1_626,,,,,,,,,,
4735,OAI22X1_225,,,,,,,,,,
4736,INVX1_457,,,,,,,,,,
4737,NOR2X1_103,,,,,,,,,,
4738,AOI21X1_162,,,,,,,,,,
4739,OAI21X1_648,,,,,,,,,,
4740,INPUT_\key[114] ,,,,,,,,,,
4741,OAI21X1_1143,,,,,,,,,,
4742,NAND2X1_969,,,,,,,,,,
4743,OAI21X1_264,,,,,,,,,,
4744,NOR2X1_752,,,,,,,,,,
4745,NAND2X1_779,,,,,,,,,,
4746,AOI22X1_208,,,,,,,,,,
4747,OAI22X1_234,,,,,,,,,,
4748,NAND2X1_646,,,,,,,,,,
4749,NAND3X1_393,,,,,,,,,,
4750,OAI21X1_337,,,,,,,,,,
4751,NAND2X1_252,,,,,,,,,,
4752,OAI21X1_218,,,,,,,,,,
4753,OAI21X1_619,,,,,,,,,,
4754,NAND3X1_717,,,,,,,,,,
4755,NAND2X1_36,,,,,,,,,,
4756,NOR3X1_79,,,,,,,,,,
4757,AOI21X1_76,,,,,,,,,,
4758,OAI21X1_370,,,,,,,,,,
4759,NAND2X1_714,,,,,,,,,,
4760,OAI21X1_889,,,,,,,,,,
4761,INPUT_\key[34] ,,,,,,,,,,
4762,OAI21X1_355,,,,,,,,,,
4763,NAND3X1_57,,,,,,,,,,
4764,OAI21X1_435,,,,,,,,,,
4765,OAI21X1_842,,,,,,,,,,
4766,OAI21X1_1052,,,,,,,,,,
4767,AOI22X1_100,,,,,,,,,,
4768,OAI21X1_699,,,,,,,,,,
4769,INPUT_\key[3] ,,,,,,,,,,
4770,INVX1_513,,,,,,,,,,
4771,OUTPUT_\w3[21] ,,,,,,,,,,
4772,INVX1_573,,,,,,,,,,
4773,AND2X2_66,,,,,,,,,,
4774,AOI21X1_383,,,,,,,,,,
4775,NOR2X1_334,,,,,,,,,,
4776,NAND2X1_589,,,,,,,,,,
4777,AOI21X1_616,,,,,,,,,,
4778,INVX1_146,,,,,,,,,,
4779,OAI21X1_332,,,,,,,,,,
4780,AOI21X1_28,,,,,,,,,,
4781,OAI21X1_641,,,,,,,,,,
4782,OAI22X1_126,,,,,,,,,,
4783,NAND3X1_637,,,,,,,,,,
4784,AOI21X1_640,,,,,,,,,,
4785,NOR3X1_245,,,,,,,,,,
4786,OAI21X1_657,,,,,,,,,,
4787,AND2X2_53,,,,,,,,,,
4788,OAI21X1_1205,,,,,,,,,,
4789,INVX1_224,,,,,,,,,,
4790,NOR3X1_44,,,,,,,,,,
4791,NOR2X1_717,,,,,,,,,,
4792,DFFPOSX1_95,,,,,,,,,,
4793,OUTPUT_\w1[22] ,,,,,,,,,,
4794,AOI21X1_673,,,,,,,,,,
4795,NOR2X1_506,,,,,,,,,,
4796,NAND2X1_811,,,,,,,,,,
4797,NAND2X1_885,,,,,,,,,,
4798,NOR2X1_504,,,,,,,,,,
4799,NAND3X1_322,,,,,,,,,,
4800,NAND2X1_571,,,,,,,,,,
4801,NAND3X1_813,,,,,,,,,,
4802,OAI21X1_345,,,,,,,,,,
4803,OAI21X1_547,,,,,,,,,,
4804,AOI21X1_357,,,,,,,,,,
4805,NOR3X1_239,,,,,,,,,,
4806,NAND3X1_503,,,,,,,,,,
4807,NOR2X1_114,,,,,,,,,,
4808,NOR3X1_281,,,,,,,,,,
4809,NAND2X1_78,,,,,,,,,,
4810,XNOR2X1_25,,,,,,,,,,
4811,OAI21X1_1378,,,,,,,,,,
4812,OAI21X1_575,,,,,,,,,,
4813,OAI21X1_1165,,,,,,,,,,
4814,AOI21X1_671,,,,,,,,,,
4815,INVX1_546,,,,,,,,,,
4816,NAND3X1_671,,,,,,,,,,
4817,AOI21X1_514,,,,,,,,,,
4818,OAI21X1_1013,,,,,,,,,,
4819,OAI21X1_439,,,,,,,,,,
4820,AOI21X1_180,,,,,,,,,,
4821,OUTPUT_\w3[26] ,,,,,,,,,,
4822,OUTPUT_\w6_reg[5] ,,,,,,,,,,
4823,OAI22X1_30,,,,,,,,,,
4824,XNOR2X1_28,,,,,,,,,,
4825,NOR2X1_919,,,,,,,,,,
4826,OAI21X1_810,,,,,,,,,,
4827,AOI21X1_363,,,,,,,,,,
4828,OAI21X1_52,,,,,,,,,,
4829,XNOR2X1_39,,,,,,,,,,
4830,OAI21X1_1108,,,,,,,,,,
4831,AOI21X1_376,,,,,,,,,,
4832,OAI22X1_233,,,,,,,,,,
4833,OAI22X1_184,,,,,,,,,,
4834,OAI21X1_676,,,,,,,,,,
4835,NAND2X1_947,,,,,,,,,,
4836,AOI21X1_278,,,,,,,,,,
4837,INVX1_163,,,,,,,,,,
4838,NAND2X1_1018,,,,,,,,,,
4839,INPUT_\key[78] ,,,,,,,,,,
4840,INVX1_404,,,,,,,,,,
4841,NAND3X1_797,,,,,,,,,,
4842,INVX1_2,,,,,,,,,,
4843,NAND3X1_288,,,,,,,,,,
4844,OAI21X1_561,,,,,,,,,,
4845,AND2X2_72,,,,,,,,,,
4846,NAND3X1_625,,,,,,,,,,
4847,AOI21X1_295,,,,,,,,,,
4848,NOR2X1_259,,,,,,,,,,
4849,NOR2X1_454,,,,,,,,,,
4850,NAND2X1_556,,,,,,,,,,
4851,NAND3X1_1,,,,,,,,,,
4852,OAI22X1_76,,,,,,,,,,
4853,OUTPUT_\w6_reg[31] ,,,,,,,,,,
4854,OAI21X1_1274,,,,,,,,,,
4855,OAI21X1_1170,,,,,,,,,,
4856,NAND2X1_500,,,,,,,,,,
4857,OUTPUT_\w6_reg[7] ,,,,,,,,,,
4858,AND2X2_108,,,,,,,,,,
4859,AND2X2_150,,,,,,,,,,
4860,AOI22X1_15,,,,,,,,,,
4861,INVX1_527,,,,,,,,,,
4862,OAI21X1_654,,,,,,,,,,
4863,OAI21X1_60,,,,,,,,,,
4864,NAND2X1_517,,,,,,,,,,
4865,INVX1_111,,,,,,,,,,
4866,NOR2X1_171,,,,,,,,,,
4867,INVX1_539,,,,,,,,,,
4868,NAND3X1_618,,,,,,,,,,
4869,OAI21X1_399,,,,,,,,,,
4870,OAI21X1_216,,,,,,,,,,
4871,OUTPUT_\w4_reg[5] ,,,,,,,,,,
4872,AOI21X1_628,,,,,,,,,,
4873,OAI21X1_331,,,,,,,,,,
4874,AOI22X1_85,,,,,,,,,,
4875,OAI22X1_43,,,,,,,,,,
4876,NAND2X1_905,,,,,,,,,,
4877,OAI21X1_1268,,,,,,,,,,
4878,AOI21X1_407,,,,,,,,,,
4879,OAI21X1_311,,,,,,,,,,
4880,AOI21X1_666,,,,,,,,,,
4881,NAND3X1_331,,,,,,,,,,
4882,OUTPUT_\w2[10] ,,,,,,,,,,
4883,OAI21X1_1134,,,,,,,,,,
4884,OAI21X1_768,,,,,,,,,,
4885,AOI21X1_85,,,,,,,,,,
4886,NOR2X1_781,,,,,,,,,,
4887,NAND3X1_94,,,,,,,,,,
4888,AOI21X1_298,,,,,,,,,,
4889,NAND2X1_395,,,,,,,,,,
4890,NAND2X1_119,,,,,,,,,,
4891,OAI22X1_90,,,,,,,,,,
4892,NAND2X1_505,,,,,,,,,,
4893,NOR2X1_742,,,,,,,,,,
4894,INVX1_304,,,,,,,,,,
4895,NAND2X1_95,,,,,,,,,,
4896,AOI22X1_217,,,,,,,,,,
4897,OAI21X1_253,,,,,,,,,,
4898,NAND3X1_720,,,,,,,,,,
4899,NAND3X1_931,,,,,,,,,,
4900,INVX1_519,,,,,,,,,,
4901,NAND2X1_56,,,,,,,,,,
4902,OAI22X1_258,,,,,,,,,,
4903,AOI21X1_445,,,,,,,,,,
4904,NAND2X1_839,,,,,,,,,,
4905,NAND3X1_952,,,,,,,,,,
4906,OUTPUT_\w1[14] ,,,,,,,,,,
4907,OAI22X1_292,,,,,,,,,,
4908,OAI21X1_1203,,,,,,,,,,
4909,OUTPUT_\w1[20] ,,,,,,,,,,
4910,AOI21X1_367,,,,,,,,,,
4911,OAI21X1_724,,,,,,,,,,
4912,NOR3X1_43,,,,,,,,,,
4913,OAI21X1_914,,,,,,,,,,
4914,NAND2X1_612,,,,,,,,,,
4915,OAI22X1_265,,,,,,,,,,
4916,NOR2X1_173,,,,,,,,,,
4917,NOR2X1_540,,,,,,,,,,
4918,AND2X2_89,,,,,,,,,,
4919,NAND2X1_260,,,,,,,,,,
4920,OAI21X1_1148,,,,,,,,,,
4921,NOR3X1_135,,,,,,,,,,
4922,NAND3X1_24,,,,,,,,,,
4923,NAND3X1_114,,,,,,,,,,
4924,INVX1_398,,,,,,,,,,
4925,INVX1_131,,,,,,,,,,
4926,OAI21X1_957,,,,,,,,,,
4927,NAND3X1_264,,,,,,,,,,
4928,AOI21X1_322,,,,,,,,,,
4929,NAND3X1_54,,,,,,,,,,
4930,AOI21X1_145,,,,,,,,,,
4931,OAI21X1_722,,,,,,,,,,
4932,INVX1_12,,,,,,,,,,
4933,NAND2X1_336,,,,,,,,,,
4934,NOR2X1_736,,,,,,,,,,
4935,OUTPUT_\w2[3] ,,,,,,,,,,
4936,AOI22X1_49,,,,,,,,,,
4937,OAI21X1_33,,,,,,,,,,
4938,NAND2X1_466,,,,,,,,,,
4939,INVX1_342,,,,,,,,,,
4940,NAND2X1_628,,,,,,,,,,
4941,NAND2X1_629,,,,,,,,,,
4942,AOI22X1_138,,,,,,,,,,
4943,NAND3X1_947,,,,,,,,,,
4944,AOI22X1_204,,,,,,,,,,
4945,NAND3X1_921,,,,,,,,,,
4946,NAND3X1_800,,,,,,,,,,
4947,OAI21X1_1340,,,,,,,,,,
4948,NAND3X1_324,,,,,,,,,,
4949,INPUT_\key[119] ,,,,,,,,,,
4950,OAI21X1_1282,,,,,,,,,,
4951,OAI21X1_1299,,,,,,,,,,
4952,INVX1_170,,,,,,,,,,
4953,AOI22X1_108,,,,,,,,,,
4954,OAI22X1_141,,,,,,,,,,
4955,INVX1_115,,,,,,,,,,
4956,AOI21X1_438,,,,,,,,,,
4957,AND2X2_20,,,,,,,,,,
4958,XOR2X1_10,,,,,,,,,,
4959,NAND3X1_883,,,,,,,,,,
4960,AOI22X1_211,,,,,,,,,,
4961,OAI21X1_1277,,,,,,,,,,
4962,AND2X2_45,,,,,,,,,,
4963,INVX1_245,,,,,,,,,,
4964,NAND2X1_349,,,,,,,,,,
4965,OR2X2_77,,,,,,,,,,
4966,OAI21X1_732,,,,,,,,,,
4967,INPUT_\key[87] ,,,,,,,,,,
4968,INVX1_1,,,,,,,,,,
4969,NAND3X1_417,,,,,,,,,,
4970,NOR2X1_410,,,,,,,,,,
4971,NAND2X1_162,,,,,,,,,,
4972,NAND2X1_289,,,,,,,,,,
4973,OUTPUT_\w0[23] ,,,,,,,,,,
4974,DFFPOSX1_2,,,,,,,,,,
4975,AOI21X1_318,,,,,,,,,,
4976,NAND2X1_1046,,,,,,,,,,
4977,NOR2X1_357,,,,,,,,,,
4978,NOR3X1_216,,,,,,,,,,
4979,AOI21X1_446,,,,,,,,,,
4980,NOR2X1_273,,,,,,,,,,
4981,OAI21X1_54,,,,,,,,,,
4982,NAND3X1_98,,,,,,,,,,
4983,AOI21X1_504,,,,,,,,,,
4984,OUTPUT_\w7_reg[30] ,,,,,,,,,,
4985,NAND2X1_39,,,,,,,,,,
4986,NOR2X1_317,,,,,,,,,,
4987,DFFPOSX1_51,,,,,,,,,,
4988,NAND3X1_951,,,,,,,,,,
4989,OAI21X1_758,,,,,,,,,,
4990,NAND2X1_249,,,,,,,,,,
4991,AOI21X1_79,,,,,,,,,,
4992,NAND2X1_773,,,,,,,,,,
4993,INVX1_114,,,,,,,,,,
4994,NAND3X1_999,,,,,,,,,,
4995,NAND3X1_990,,,,,,,,,,
4996,NAND2X1_756,,,,,,,,,,
4997,NOR2X1_457,,,,,,,,,,
4998,AOI21X1_492,,,,,,,,,,
4999,NOR2X1_749,,,,,,,,,,
5000,OAI21X1_503,,,,,,,,,,
5001,OAI21X1_1079,,,,,,,,,,
5002,NAND3X1_63,,,,,,,,,,
5003,OAI21X1_1410,,,,,,,,,,
5004,AOI21X1_572,,,,,,,,,,
5005,OAI21X1_150,,,,,,,,,,
5006,AOI21X1_661,,,,,,,,,,
5007,NAND3X1_498,,,,,,,,,,
5008,NOR3X1_220,,,,,,,,,,
5009,NAND3X1_668,,,,,,,,,,
5010,AOI21X1_503,,,,,,,,,,
5011,NAND3X1_421,,,,,,,,,,
5012,NOR2X1_668,,,,,,,,,,
5013,NAND3X1_848,,,,,,,,,,
5014,NAND2X1_465,,,,,,,,,,
5015,OAI21X1_1330,,,,,,,,,,
5016,INPUT_\key[106] ,,,,,,,,,,
5017,OAI21X1_304,,,,,,,,,,
5018,OAI21X1_328,,,,,,,,,,
5019,AOI22X1_192,,,,,,,,,,
5020,NOR2X1_177,,,,,,,,,,
5021,DFFPOSX1_49,,,,,,,,,,
5022,NAND3X1_69,,,,,,,,,,
5023,NOR3X1_179,,,,,,,,,,
5024,AOI21X1_351,,,,,,,,,,
5025,NAND3X1_666,,,,,,,,,,
5026,OAI21X1_955,,,,,,,,,,
5027,AOI21X1_34,,,,,,,,,,
5028,NOR2X1_888,,,,,,,,,,
5029,NOR2X1_826,,,,,,,,,,
5030,OAI21X1_633,,,,,,,,,,
5031,NAND2X1_97,,,,,,,,,,
5032,NAND2X1_730,,,,,,,,,,
5033,OR2X2_66,,,,,,,,,,
5034,INVX1_47,,,,,,,,,,
5035,OAI21X1_832,,,,,,,,,,
5036,NAND2X1_778,,,,,,,,,,
5037,NAND3X1_830,,,,,,,,,,
5038,OAI21X1_12,,,,,,,,,,
5039,INVX1_9,,,,,,,,,,
5040,NAND2X1_192,,,,,,,,,,
5041,INVX1_544,,,,,,,,,,
5042,OAI21X1_1318,,,,,,,,,,
5043,INVX1_34,,,,,,,,,,
5044,NAND3X1_1036,,,,,,,,,,
5045,OAI21X1_284,,,,,,,,,,
5046,NAND3X1_275,,,,,,,,,,
5047,NAND2X1_925,,,,,,,,,,
5048,OAI21X1_564,,,,,,,,,,
5049,NOR2X1_113,,,,,,,,,,
5050,INPUT_\key[2] ,,,,,,,,,,
5051,NAND3X1_688,,,,,,,,,,
5052,AOI22X1_51,,,,,,,,,,
5053,INVX1_271,,,,,,,,,,
5054,OUTPUT_\w7_reg[24] ,,,,,,,,,,
5055,NOR2X1_43,,,,,,,,,,
5056,INVX1_475,,,,,,,,,,
5057,NAND3X1_357,,,,,,,,,,
5058,NOR2X1_809,,,,,,,,,,
5059,NOR2X1_475,,,,,,,,,,
5060,OAI22X1_12,,,,,,,,,,
5061,NOR2X1_817,,,,,,,,,,
5062,NAND3X1_495,,,,,,,,,,
5063,NAND3X1_651,,,,,,,,,,
5064,NOR2X1_384,,,,,,,,,,
5065,NAND3X1_92,,,,,,,,,,
5066,NOR2X1_166,,,,,,,,,,
5067,OAI21X1_357,,,,,,,,,,
5068,INVX1_124,,,,,,,,,,
5069,OAI21X1_1016,,,,,,,,,,
5070,NAND2X1_286,,,,,,,,,,
5071,OAI21X1_560,,,,,,,,,,
5072,OAI22X1_215,,,,,,,,,,
5073,NOR2X1_402,,,,,,,,,,
5074,XOR2X1_5,,,,,,,,,,
5075,NAND3X1_217,,,,,,,,,,
5076,NAND2X1_27,,,,,,,,,,
5077,NAND2X1_318,,,,,,,,,,
5078,DFFPOSX1_48,,,,,,,,,,
5079,NOR2X1_810,,,,,,,,,,
5080,AOI22X1_164,,,,,,,,,,
5081,OAI21X1_891,,,,,,,,,,
5082,NOR2X1_386,,,,,,,,,,
5083,NOR3X1_184,,,,,,,,,,
5084,NAND3X1_669,,,,,,,,,,
5085,OAI21X1_362,,,,,,,,,,
5086,INVX1_40,,,,,,,,,,
5087,NAND2X1_166,,,,,,,,,,
5088,NAND3X1_339,,,,,,,,,,
5089,AOI21X1_117,,,,,,,,,,
5090,NOR2X1_602,,,,,,,,,,
5091,OAI21X1_1071,,,,,,,,,,
5092,NAND3X1_535,,,,,,,,,,
5093,NAND2X1_1049,,,,,,,,,,
5094,AOI21X1_301,,,,,,,,,,
5095,NOR3X1_8,,,,,,,,,,
5096,NOR2X1_261,,,,,,,,,,
5097,INVX1_112,,,,,,,,,,
5098,NAND3X1_350,,,,,,,,,,
5099,OAI21X1_965,,,,,,,,,,
5100,NAND2X1_17,,,,,,,,,,
5101,NOR2X1_297,,,,,,,,,,
5102,DFFPOSX1_126,,,,,,,,,,
5103,NOR2X1_6,,,,,,,,,,
5104,INVX1_116,,,,,,,,,,
5105,NOR2X1_579,,,,,,,,,,
5106,NOR2X1_852,,,,,,,,,,
5107,OAI21X1_523,,,,,,,,,,
5108,NAND3X1_149,,,,,,,,,,
5109,NOR2X1_328,,,,,,,,,,
5110,NAND3X1_652,,,,,,,,,,
5111,NAND3X1_771,,,,,,,,,,
5112,INVX1_139,,,,,,,,,,
5113,INVX1_246,,,,,,,,,,
5114,OAI21X1_533,,,,,,,,,,
5115,NAND3X1_144,,,,,,,,,,
5116,NAND3X1_718,,,,,,,,,,
5117,NOR3X1_247,,,,,,,,,,
5118,NAND2X1_970,,,,,,,,,,
5119,NOR2X1_667,,,,,,,,,,
5120,AOI21X1_286,,,,,,,,,,
5121,NOR2X1_298,,,,,,,,,,
5122,OAI21X1_1109,,,,,,,,,,
5123,OAI22X1_178,,,,,,,,,,
5124,XNOR2X1_24,,,,,,,,,,
5125,NAND2X1_525,,,,,,,,,,
5126,NAND2X1_867,,,,,,,,,,
5127,OAI21X1_1183,,,,,,,,,,
5128,AND2X2_54,,,,,,,,,,
5129,NAND2X1_497,,,,,,,,,,
5130,NOR2X1_747,,,,,,,,,,
5131,NOR2X1_365,,,,,,,,,,
5132,NOR3X1_83,,,,,,,,,,
5133,NAND2X1_367,,,,,,,,,,
5134,OAI21X1_1278,,,,,,,,,,
5135,NAND2X1_296,,,,,,,,,,
5136,OAI21X1_390,,,,,,,,,,
5137,NAND3X1_400,,,,,,,,,,
5138,OUTPUT_\w7_reg[22] ,,,,,,,,,,
5139,NAND2X1_810,,,,,,,,,,
5140,NAND3X1_348,,,,,,,,,,
5141,NAND2X1_545,,,,,,,,,,
5142,OAI21X1_1187,,,,,,,,,,
5143,NAND3X1_237,,,,,,,,,,
5144,NOR2X1_785,,,,,,,,,,
5145,OAI21X1_277,,,,,,,,,,
5146,INPUT_\key[48] ,,,,,,,,,,
5147,OAI22X1_192,,,,,,,,,,
5148,AOI21X1_276,,,,,,,,,,
5149,OAI21X1_43,,,,,,,,,,
5150,NAND3X1_755,,,,,,,,,,
5151,OAI21X1_1005,,,,,,,,,,
5152,OAI21X1_133,,,,,,,,,,
5153,NAND2X1_606,,,,,,,,,,
5154,NAND2X1_797,,,,,,,,,,
5155,AOI21X1_444,,,,,,,,,,
5156,NAND2X1_365,,,,,,,,,,
5157,NAND2X1_134,,,,,,,,,,
5158,NAND3X1_958,,,,,,,,,,
5159,OAI21X1_172,,,,,,,,,,
5160,OAI21X1_1300,,,,,,,,,,
5161,OAI21X1_1181,,,,,,,,,,
5162,OUTPUT_\w2[30] ,,,,,,,,,,
5163,OAI21X1_940,,,,,,,,,,
5164,NAND2X1_211,,,,,,,,,,
5165,NAND2X1_765,,,,,,,,,,
5166,OAI21X1_437,,,,,,,,,,
5167,OAI21X1_480,,,,,,,,,,
5168,NOR2X1_465,,,,,,,,,,
5169,OAI21X1_250,,,,,,,,,,
5170,NAND3X1_244,,,,,,,,,,
5171,NAND2X1_663,,,,,,,,,,
5172,OAI21X1_667,,,,,,,,,,
5173,INVX1_523,,,,,,,,,,
5174,NAND2X1_668,,,,,,,,,,
5175,NAND2X1_417,,,,,,,,,,
5176,NAND2X1_60,,,,,,,,,,
5177,INVX1_268,,,,,,,,,,
5178,OAI21X1_1261,,,,,,,,,,
5179,OAI21X1_1053,,,,,,,,,,
5180,OAI21X1_191,,,,,,,,,,
5181,NAND3X1_474,,,,,,,,,,
5182,NAND2X1_914,,,,,,,,,,
5183,AND2X2_126,,,,,,,,,,
5184,OUTPUT_\w5_reg[30] ,,,,,,,,,,
5185,NAND3X1_774,,,,,,,,,,
5186,OUTPUT_\w4_reg[15] ,,,,,,,,,,
5187,NOR2X1_39,,,,,,,,,,
5188,INVX1_197,,,,,,,,,,
5189,NAND3X1_631,,,,,,,,,,
5190,OAI21X1_92,,,,,,,,,,
5191,NOR2X1_387,,,,,,,,,,
5192,NOR3X1_232,,,,,,,,,,
5193,OUTPUT_\w2[5] ,,,,,,,,,,
5194,INVX1_323,,,,,,,,,,
5195,NOR3X1_345,,,,,,,,,,
5196,DFFPOSX1_115,,,,,,,,,,
5197,INVX1_450,,,,,,,,,,
5198,INVX1_152,,,,,,,,,,
5199,NAND2X1_459,,,,,,,,,,
5200,AOI21X1_434,,,,,,,,,,
5201,OAI21X1_1284,,,,,,,,,,
5202,AOI21X1_512,,,,,,,,,,
5203,AOI21X1_536,,,,,,,,,,
5204,NOR2X1_699,,,,,,,,,,
5205,AOI21X1_236,,,,,,,,,,
5206,XNOR2X1_9,,,,,,,,,,
5207,NOR3X1_288,,,,,,,,,,
5208,OAI21X1_1001,,,,,,,,,,
5209,OAI21X1_411,,,,,,,,,,
5210,NOR3X1_222,,,,,,,,,,
5211,AOI22X1_72,,,,,,,,,,
5212,NAND3X1_687,,,,,,,,,,
5213,NOR2X1_681,,,,,,,,,,
5214,OUTPUT_\w1[10] ,,,,,,,,,,
5215,AOI22X1_199,,,,,,,,,,
5216,AOI22X1_123,,,,,,,,,,
5217,NOR2X1_934,,,,,,,,,,
5218,OAI21X1_1125,,,,,,,,,,
5219,OAI22X1_109,,,,,,,,,,
5220,NAND3X1_35,,,,,,,,,,
5221,NAND2X1_128,,,,,,,,,,
5222,OAI21X1_717,,,,,,,,,,
5223,XNOR2X1_68,,,,,,,,,,
5224,NAND3X1_658,,,,,,,,,,
5225,NAND3X1_261,,,,,,,,,,
5226,OAI21X1_730,,,,,,,,,,
5227,INVX1_213,,,,,,,,,,
5228,AOI21X1_422,,,,,,,,,,
5229,NAND2X1_785,,,,,,,,,,
5230,NOR2X1_581,,,,,,,,,,
5231,INVX1_460,,,,,,,,,,
5232,NAND3X1_26,,,,,,,,,,
5233,INVX1_85,,,,,,,,,,
5234,NOR3X1_296,,,,,,,,,,
5235,NOR2X1_403,,,,,,,,,,
5236,OUTPUT_\w1[26] ,,,,,,,,,,
5237,NAND2X1_911,,,,,,,,,,
5238,NAND3X1_64,,,,,,,,,,
5239,OAI21X1_865,,,,,,,,,,
5240,INVX1_242,,,,,,,,,,
5241,OAI21X1_344,,,,,,,,,,
5242,NAND2X1_777,,,,,,,,,,
5243,NOR2X1_436,,,,,,,,,,
5244,NAND2X1_598,,,,,,,,,,
5245,NOR2X1_5,,,,,,,,,,
5246,NOR2X1_539,,,,,,,,,,
5247,OAI21X1_705,,,,,,,,,,
5248,AOI22X1_130,,,,,,,,,,
5249,AOI22X1_188,,,,,,,,,,
5250,NAND3X1_626,,,,,,,,,,
5251,NAND3X1_389,,,,,,,,,,
5252,NAND3X1_935,,,,,,,,,,
5253,OUTPUT_\w7_reg[0] ,,,,,,,,,,
5254,OAI22X1_189,,,,,,,,,,
5255,AOI21X1_29,,,,,,,,,,
5256,NOR2X1_314,,,,,,,,,,
5257,DFFPOSX1_113,,,,,,,,,,
5258,NAND2X1_405,,,,,,,,,,
5259,OAI21X1_834,,,,,,,,,,
5260,NAND2X1_842,,,,,,,,,,
5261,OAI21X1_707,,,,,,,,,,
5262,NOR2X1_288,,,,,,,,,,
5263,NAND3X1_697,,,,,,,,,,
5264,AOI21X1_60,,,,,,,,,,
5265,AOI21X1_676,,,,,,,,,,
5266,NOR2X1_932,,,,,,,,,,
5267,AOI21X1_520,,,,,,,,,,
5268,NOR2X1_306,,,,,,,,,,
5269,NOR2X1_190,,,,,,,,,,
5270,INPUT_\key[101] ,,,,,,,,,,
5271,OUTPUT_\w3[31] ,,,,,,,,,,
5272,OAI21X1_603,,,,,,,,,,
5273,NAND3X1_224,,,,,,,,,,
5274,NOR3X1_223,,,,,,,,,,
5275,NOR2X1_584,,,,,,,,,,
5276,DFFPOSX1_25,,,,,,,,,,
5277,AOI21X1_652,,,,,,,,,,
5278,OAI21X1_263,,,,,,,,,,
5279,INVX1_458,,,,,,,,,,
5280,OAI22X1_239,,,,,,,,,,
5281,INPUT_\key[17] ,,,,,,,,,,
5282,INVX1_436,,,,,,,,,,
5283,OAI21X1_252,,,,,,,,,,
5284,OAI21X1_762,,,,,,,,,,
5285,NAND2X1_543,,,,,,,,,,
5286,NOR2X1_848,,,,,,,,,,
5287,AOI22X1_229,,,,,,,,,,
5288,OAI21X1_845,,,,,,,,,,
5289,NOR2X1_705,,,,,,,,,,
5290,NAND2X1_141,,,,,,,,,,
5291,NAND2X1_194,,,,,,,,,,
5292,OAI22X1_263,,,,,,,,,,
5293,OAI22X1_64,,,,,,,,,,
5294,OAI21X1_806,,,,,,,,,,
5295,NAND2X1_675,,,,,,,,,,
5296,NOR2X1_632,,,,,,,,,,
5297,OUTPUT_\w3[30] ,,,,,,,,,,
5298,NAND2X1_372,,,,,,,,,,
5299,AND2X2_5,,,,,,,,,,
5300,NOR2X1_712,,,,,,,,,,
5301,OAI21X1_661,,,,,,,,,,
5302,NOR2X1_829,,,,,,,,,,
5303,NAND3X1_460,,,,,,,,,,
5304,NOR3X1_50,,,,,,,,,,
5305,NAND2X1_546,,,,,,,,,,
5306,OUTPUT_\w6_reg[3] ,,,,,,,,,,
5307,NOR2X1_48,,,,,,,,,,
5308,AOI21X1_426,,,,,,,,,,
5309,INVX1_228,,,,,,,,,,
5310,OAI21X1_897,,,,,,,,,,
5311,OAI21X1_514,,,,,,,,,,
5312,AOI21X1_399,,,,,,,,,,
5313,NOR3X1_88,,,,,,,,,,
5314,OAI22X1_56,,,,,,,,,,
5315,NAND3X1_553,,,,,,,,,,
5316,NAND3X1_978,,,,,,,,,,
5317,OAI22X1_238,,,,,,,,,,
5318,AOI21X1_7,,,,,,,,,,
5319,NOR2X1_448,,,,,,,,,,
5320,OAI21X1_635,,,,,,,,,,
5321,NAND3X1_478,,,,,,,,,,
5322,OAI21X1_1030,,,,,,,,,,
5323,NAND2X1_651,,,,,,,,,,
5324,NAND2X1_256,,,,,,,,,,
5325,NOR2X1_669,,,,,,,,,,
5326,INPUT_\key[37] ,,,,,,,,,,
5327,NAND3X1_1039,,,,,,,,,,
5328,NAND2X1_743,,,,,,,,,,
5329,OAI21X1_1270,,,,,,,,,,
5330,AOI22X1_223,,,,,,,,,,
5331,NAND3X1_594,,,,,,,,,,
5332,NAND3X1_772,,,,,,,,,,
5333,AOI21X1_489,,,,,,,,,,
5334,NAND2X1_909,,,,,,,,,,
5335,NAND2X1_98,,,,,,,,,,
5336,AOI21X1_107,,,,,,,,,,
5337,OAI22X1_4,,,,,,,,,,
5338,NAND2X1_808,,,,,,,,,,
5339,OAI22X1_243,,,,,,,,,,
5340,OUTPUT_\w6_reg[26] ,,,,,,,,,,
5341,NOR3X1_61,,,,,,,,,,
5342,NAND2X1_1070,,,,,,,,,,
5343,OAI22X1_186,,,,,,,,,,
5344,NOR3X1_339,,,,,,,,,,
5345,OAI21X1_781,,,,,,,,,,
5346,NAND2X1_906,,,,,,,,,,
5347,AOI22X1_207,,,,,,,,,,
5348,OAI21X1_1084,,,,,,,,,,
5349,OAI21X1_1243,,,,,,,,,,
5350,OUTPUT_\w1[16] ,,,,,,,,,,
5351,NAND2X1_678,,,,,,,,,,
5352,NAND3X1_135,,,,,,,,,,
5353,OAI21X1_9,,,,,,,,,,
5354,AOI21X1_57,,,,,,,,,,
5355,OAI21X1_244,,,,,,,,,,
5356,AOI22X1_76,,,,,,,,,,
5357,NAND3X1_1044,,,,,,,,,,
5358,XOR2X1_20,,,,,,,,,,
5359,NAND3X1_490,,,,,,,,,,
5360,OAI22X1_137,,,,,,,,,,
5361,XNOR2X1_58,,,,,,,,,,
5362,NAND2X1_265,,,,,,,,,,
5363,NAND2X1_767,,,,,,,,,,
5364,OAI21X1_165,,,,,,,,,,
5365,NAND2X1_1069,,,,,,,,,,
5366,NAND3X1_872,,,,,,,,,,
5367,NOR3X1_73,,,,,,,,,,
5368,OAI21X1_178,,,,,,,,,,
5369,NAND2X1_180,,,,,,,,,,
5370,NOR2X1_301,,,,,,,,,,
5371,OAI22X1_73,,,,,,,,,,
5372,AOI21X1_21,,,,,,,,,,
5373,NOR2X1_604,,,,,,,,,,
5374,NAND3X1_678,,,,,,,,,,
5375,NOR3X1_210,,,,,,,,,,
5376,OAI21X1_1009,,,,,,,,,,
5377,NOR2X1_19,,,,,,,,,,
5378,OAI22X1_259,,,,,,,,,,
5379,INVX1_406,,,,,,,,,,
5380,OAI21X1_505,,,,,,,,,,
5381,NAND3X1_530,,,,,,,,,,
5382,DFFPOSX1_1,,,,,,,,,,
5383,NAND2X1_284,,,,,,,,,,
5384,OAI21X1_721,,,,,,,,,,
5385,NOR2X1_159,,,,,,,,,,
5386,NOR2X1_853,,,,,,,,,,
5387,OAI21X1_56,,,,,,,,,,
5388,OUTPUT_\w2[9] ,,,,,,,,,,
5389,NOR2X1_577,,,,,,,,,,
5390,AOI22X1_22,,,,,,,,,,
5391,NAND3X1_70,,,,,,,,,,
5392,OAI21X1_154,,,,,,,,,,
5393,AOI21X1_239,,,,,,,,,,
5394,INVX1_202,,,,,,,,,,
5395,OAI21X1_341,,,,,,,,,,
5396,NAND3X1_836,,,,,,,,,,
5397,NAND3X1_1034,,,,,,,,,,
5398,NAND3X1_444,,,,,,,,,,
5399,NAND3X1_810,,,,,,,,,,
5400,OAI21X1_740,,,,,,,,,,
5401,INVX1_411,,,,,,,,,,
5402,OAI22X1_95,,,,,,,,,,
5403,OAI21X1_438,,,,,,,,,,
5404,NOR2X1_262,,,,,,,,,,
5405,OAI21X1_490,,,,,,,,,,
5406,AOI21X1_255,,,,,,,,,,
5407,NAND3X1_34,,,,,,,,,,
5408,NOR2X1_150,,,,,,,,,,
5409,NOR2X1_489,,,,,,,,,,
5410,AOI21X1_212,,,,,,,,,,
5411,NOR3X1_18,,,,,,,,,,
5412,OUTPUT_\w6_reg[24] ,,,,,,,,,,
5413,OR2X2_68,,,,,,,,,,
5414,NAND2X1_674,,,,,,,,,,
5415,OAI22X1_306,,,,,,,,,,
5416,OAI22X1_179,,,,,,,,,,
5417,INVX1_522,,,,,,,,,,
5418,NAND2X1_661,,,,,,,,,,
5419,OUTPUT_\w2[16] ,,,,,,,,,,
5420,NAND2X1_1054,,,,,,,,,,
5421,NOR2X1_576,,,,,,,,,,
5422,AOI21X1_435,,,,,,,,,,
5423,NAND2X1_55,,,,,,,,,,
5424,OAI22X1_51,,,,,,,,,,
5425,NAND2X1_160,,,,,,,,,,
5426,OR2X2_69,,,,,,,,,,
5427,NAND3X1_665,,,,,,,,,,
5428,NOR2X1_613,,,,,,,,,,
5429,NAND3X1_1032,,,,,,,,,,
5430,OAI22X1_82,,,,,,,,,,
5431,INVX1_302,,,,,,,,,,
5432,NOR2X1_508,,,,,,,,,,
5433,NAND3X1_50,,,,,,,,,,
5434,OAI21X1_529,,,,,,,,,,
5435,NAND3X1_161,,,,,,,,,,
5436,OUTPUT_\w3[29] ,,,,,,,,,,
5437,NAND3X1_12,,,,,,,,,,
5438,NOR3X1_360,,,,,,,,,,
5439,INVX1_427,,,,,,,,,,
5440,NOR2X1_9,,,,,,,,,,
5441,OAI21X1_738,,,,,,,,,,
5442,OAI21X1_1120,,,,,,,,,,
5443,OAI21X1_281,,,,,,,,,,
5444,NOR2X1_719,,,,,,,,,,
5445,AOI21X1_155,,,,,,,,,,
5446,OAI21X1_488,,,,,,,,,,
5447,NAND2X1_247,,,,,,,,,,
5448,INPUT_\key[82] ,,,,,,,,,,
5449,AOI21X1_586,,,,,,,,,,
5450,NAND3X1_640,,,,,,,,,,
5451,NAND2X1_577,,,,,,,,,,
5452,NAND2X1_100,,,,,,,,,,
5453,NAND2X1_953,,,,,,,,,,
5454,NAND2X1_456,,,,,,,,,,
5455,INVX1_173,,,,,,,,,,
5456,AOI21X1_462,,,,,,,,,,
5457,NOR2X1_660,,,,,,,,,,
5458,OAI21X1_104,,,,,,,,,,
5459,NAND3X1_227,,,,,,,,,,
5460,AOI21X1_8,,,,,,,,,,
5461,OAI21X1_1097,,,,,,,,,,
5462,NOR2X1_761,,,,,,,,,,
5463,AOI21X1_146,,,,,,,,,,
5464,NOR2X1_266,,,,,,,,,,
5465,DFFPOSX1_21,,,,,,,,,,
5466,NOR2X1_674,,,,,,,,,,
5467,NAND2X1_301,,,,,,,,,,
5468,OAI21X1_1049,,,,,,,,,,
5469,NAND3X1_505,,,,,,,,,,
5470,AOI21X1_478,,,,,,,,,,
5471,OAI21X1_753,,,,,,,,,,
5472,OAI21X1_1207,,,,,,,,,,
5473,NOR2X1_553,,,,,,,,,,
5474,NAND3X1_522,,,,,,,,,,
5475,NAND2X1_592,,,,,,,,,,
5476,OAI21X1_1417,,,,,,,,,,
5477,AOI22X1_44,,,,,,,,,,
5478,AOI21X1_177,,,,,,,,,,
5479,NOR3X1_205,,,,,,,,,,
5480,OAI22X1_37,,,,,,,,,,
5481,NAND2X1_874,,,,,,,,,,
5482,INVX1_463,,,,,,,,,,
5483,AOI22X1_109,,,,,,,,,,
5484,NOR2X1_87,,,,,,,,,,
5485,NAND2X1_666,,,,,,,,,,
5486,NAND3X1_777,,,,,,,,,,
5487,NAND3X1_917,,,,,,,,,,
5488,AOI21X1_500,,,,,,,,,,
5489,OAI21X1_1078,,,,,,,,,,
5490,AOI22X1_96,,,,,,,,,,
5491,OAI21X1_157,,,,,,,,,,
5492,INPUT_\key[41] ,,,,,,,,,,
5493,OAI21X1_954,,,,,,,,,,
5494,OUTPUT_\w3[22] ,,,,,,,,,,
5495,AOI21X1_597,,,,,,,,,,
5496,NOR2X1_420,,,,,,,,,,
5497,OAI21X1_1116,,,,,,,,,,
5498,AOI21X1_31,,,,,,,,,,
5499,INVX1_291,,,,,,,,,,
5500,OAI21X1_683,,,,,,,,,,
5501,OAI22X1_123,,,,,,,,,,
5502,NOR3X1_270,,,,,,,,,,
5503,NAND3X1_993,,,,,,,,,,
5504,NOR2X1_830,,,,,,,,,,
5505,NOR2X1_10,,,,,,,,,,
5506,OUTPUT_\w7_reg[4] ,,,,,,,,,,
5507,NAND3X1_291,,,,,,,,,,
5508,AOI21X1_240,,,,,,,,,,
5509,OAI22X1_151,,,,,,,,,,
5510,INVX1_383,,,,,,,,,,
5511,OAI22X1_112,,,,,,,,,,
5512,NAND3X1_365,,,,,,,,,,
5513,NOR2X1_243,,,,,,,,,,
5514,OUTPUT_\w5_reg[5] ,,,,,,,,,,
5515,NOR2X1_922,,,,,,,,,,
5516,DFFPOSX1_68,,,,,,,,,,
5517,OAI21X1_1345,,,,,,,,,,
5518,INVX1_26,,,,,,,,,,
5519,OAI21X1_300,,,,,,,,,,
5520,AOI21X1_17,,,,,,,,,,
5521,NAND2X1_352,,,,,,,,,,
5522,OAI21X1_322,,,,,,,,,,
5523,NAND2X1_843,,,,,,,,,,
5524,AOI21X1_510,,,,,,,,,,
5525,OAI22X1_212,,,,,,,,,,
5526,OAI21X1_1265,,,,,,,,,,
5527,NOR2X1_65,,,,,,,,,,
5528,NAND3X1_395,,,,,,,,,,
5529,OUTPUT_\w7_reg[7] ,,,,,,,,,,
5530,DFFPOSX1_54,,,,,,,,,,
5531,NOR3X1_249,,,,,,,,,,
5532,NOR3X1_157,,,,,,,,,,
5533,OAI22X1_229,,,,,,,,,,
5534,OAI22X1_114,,,,,,,,,,
5535,NAND2X1_560,,,,,,,,,,
5536,OUTPUT_\w7_reg[18] ,,,,,,,,,,
5537,NAND2X1_824,,,,,,,,,,
5538,NAND3X1_313,,,,,,,,,,
5539,INVX1_356,,,,,,,,,,
5540,NOR2X1_739,,,,,,,,,,
5541,NOR2X1_702,,,,,,,,,,
5542,INPUT_\key[24] ,,,,,,,,,,
5543,NAND2X1_705,,,,,,,,,,
5544,OUTPUT_\w1[3] ,,,,,,,,,,
5545,NOR2X1_586,,,,,,,,,,
5546,OUTPUT_\w1[24] ,,,,,,,,,,
5547,OAI21X1_1026,,,,,,,,,,
5548,NAND3X1_893,,,,,,,,,,
5549,NOR2X1_391,,,,,,,,,,
5550,NAND3X1_587,,,,,,,,,,
5551,OAI21X1_248,,,,,,,,,,
5552,OAI21X1_1025,,,,,,,,,,
5553,NAND3X1_924,,,,,,,,,,
5554,OAI21X1_688,,,,,,,,,,
5555,OAI21X1_1323,,,,,,,,,,
5556,AOI22X1_98,,,,,,,,,,
5557,AOI21X1_689,,,,,,,,,,
5558,AOI22X1_159,,,,,,,,,,
5559,NOR2X1_214,,,,,,,,,,
5560,NAND3X1_499,,,,,,,,,,
5561,NAND2X1_1064,,,,,,,,,,
5562,AOI21X1_391,,,,,,,,,,
5563,NAND2X1_707,,,,,,,,,,
5564,NOR2X1_729,,,,,,,,,,
5565,AOI21X1_633,,,,,,,,,,
5566,OUTPUT_\w4_reg[13] ,,,,,,,,,,
5567,INVX1_266,,,,,,,,,,
5568,OAI21X1_779,,,,,,,,,,
5569,NAND3X1_1040,,,,,,,,,,
5570,AOI21X1_592,,,,,,,,,,
5571,NAND2X1_570,,,,,,,,,,
5572,NOR3X1_55,,,,,,,,,,
5573,NOR2X1_874,,,,,,,,,,
5574,AOI21X1_253,,,,,,,,,,
5575,AOI22X1_84,,,,,,,,,,
5576,OAI21X1_1149,,,,,,,,,,
5577,AOI21X1_389,,,,,,,,,,
5578,NAND3X1_948,,,,,,,,,,
5579,NAND3X1_638,,,,,,,,,,
5580,INVX1_162,,,,,,,,,,
5581,NAND2X1_617,,,,,,,,,,
5582,AND2X2_29,,,,,,,,,,
5583,OAI21X1_742,,,,,,,,,,
5584,NAND2X1_364,,,,,,,,,,
5585,NOR2X1_526,,,,,,,,,,
5586,NAND2X1_974,,,,,,,,,,
5587,NAND2X1_91,,,,,,,,,,
5588,NOR2X1_628,,,,,,,,,,
5589,AOI21X1_538,,,,,,,,,,
5590,NAND2X1_764,,,,,,,,,,
5591,OAI21X1_1044,,,,,,,,,,
5592,OAI21X1_409,,,,,,,,,,
5593,NAND3X1_1051,,,,,,,,,,
5594,AOI21X1_219,,,,,,,,,,
5595,NOR2X1_816,,,,,,,,,,
5596,INPUT_\key[69] ,,,,,,,,,,
5597,OAI21X1_898,,,,,,,,,,
5598,AOI21X1_208,,,,,,,,,,
5599,NAND3X1_866,,,,,,,,,,
5600,NAND3X1_86,,,,,,,,,,
5601,AOI21X1_51,,,,,,,,,,
5602,INVX1_249,,,,,,,,,,
5603,NOR2X1_534,,,,,,,,,,
5604,AOI21X1_460,,,,,,,,,,
5605,OAI21X1_183,,,,,,,,,,
5606,NAND3X1_306,,,,,,,,,,
5607,NAND3X1_844,,,,,,,,,,
5608,XOR2X1_12,,,,,,,,,,
5609,NOR2X1_811,,,,,,,,,,
5610,OR2X2_73,,,,,,,,,,
5611,NAND3X1_390,,,,,,,,,,
5612,OAI21X1_1230,,,,,,,,,,
5613,INVX1_4,,,,,,,,,,
5614,NAND3X1_186,,,,,,,,,,
5615,NAND2X1_1031,,,,,,,,,,
5616,NAND3X1_55,,,,,,,,,,
5617,INPUT_\key[26] ,,,,,,,,,,
5618,NAND3X1_925,,,,,,,,,,
5619,NOR2X1_882,,,,,,,,,,
5620,NAND2X1_946,,,,,,,,,,
5621,AOI21X1_471,,,,,,,,,,
5622,OAI21X1_1398,,,,,,,,,,
5623,OAI21X1_747,,,,,,,,,,
5624,NAND3X1_735,,,,,,,,,,
5625,NOR2X1_815,,,,,,,,,,
5626,NOR2X1_131,,,,,,,,,,
5627,NAND2X1_319,,,,,,,,,,
5628,AOI22X1_55,,,,,,,,,,
5629,NAND2X1_151,,,,,,,,,,
5630,AOI22X1_41,,,,,,,,,,
5631,OUTPUT_\w7_reg[21] ,,,,,,,,,,
5632,NAND2X1_29,,,,,,,,,,
5633,NAND3X1_556,,,,,,,,,,
5634,OAI21X1_1238,,,,,,,,,,
5635,OAI21X1_875,,,,,,,,,,
5636,OAI22X1_208,,,,,,,,,,
5637,INVX1_63,,,,,,,,,,
5638,OR2X2_19,,,,,,,,,,
5639,NAND2X1_841,,,,,,,,,,
5640,NOR2X1_794,,,,,,,,,,
5641,OAI21X1_212,,,,,,,,,,
5642,OAI21X1_976,,,,,,,,,,
5643,NOR2X1_447,,,,,,,,,,
5644,OAI21X1_436,,,,,,,,,,
5645,NOR2X1_195,,,,,,,,,,
5646,OUTPUT_\w6_reg[23] ,,,,,,,,,,
5647,DFFPOSX1_5,,,,,,,,,,
5648,OAI21X1_1303,,,,,,,,,,
5649,OAI21X1_745,,,,,,,,,,
5650,NAND3X1_686,,,,,,,,,,
5651,NAND3X1_750,,,,,,,,,,
5652,AOI21X1_509,,,,,,,,,,
5653,DFFPOSX1_114,,,,,,,,,,
5654,OAI22X1_21,,,,,,,,,,
5655,NAND3X1_25,,,,,,,,,,
5656,NAND2X1_1015,,,,,,,,,,
5657,NOR3X1_326,,,,,,,,,,
5658,NOR2X1_933,,,,,,,,,,
5659,AOI21X1_355,,,,,,,,,,
5660,NAND2X1_548,,,,,,,,,,
5661,NAND3X1_677,,,,,,,,,,
5662,NOR3X1_99,,,,,,,,,,
5663,OAI22X1_7,,,,,,,,,,
5664,OAI21X1_226,,,,,,,,,,
5665,OAI21X1_562,,,,,,,,,,
5666,OR2X2_22,,,,,,,,,,
5667,INVX1_72,,,,,,,,,,
5668,OR2X2_42,,,,,,,,,,
5669,INPUT_\key[42] ,,,,,,,,,,
5670,NAND2X1_963,,,,,,,,,,
5671,OAI22X1_249,,,,,,,,,,
5672,NAND2X1_406,,,,,,,,,,
5673,OAI21X1_53,,,,,,,,,,
5674,NAND3X1_944,,,,,,,,,,
5675,NAND3X1_570,,,,,,,,,,
5676,NAND3X1_736,,,,,,,,,,
5677,OAI21X1_233,,,,,,,,,,
5678,NOR2X1_277,,,,,,,,,,
5679,AOI22X1_168,,,,,,,,,,
5680,OAI22X1_307,,,,,,,,,,
5681,NAND3X1_439,,,,,,,,,,
5682,OAI21X1_630,,,,,,,,,,
5683,NAND2X1_791,,,,,,,,,,
5684,AOI22X1_31,,,,,,,,,,
5685,OAI21X1_360,,,,,,,,,,
5686,NOR2X1_828,,,,,,,,,,
5687,NAND3X1_1026,,,,,,,,,,
5688,NOR3X1_355,,,,,,,,,,
5689,OAI21X1_455,,,,,,,,,,
5690,NAND3X1_158,,,,,,,,,,
5691,OUTPUT_\w3[17] ,,,,,,,,,,
5692,OAI22X1_168,,,,,,,,,,
5693,DFFPOSX1_71,,,,,,,,,,
5694,XNOR2X1_66,,,,,,,,,,
5695,NAND2X1_1014,,,,,,,,,,
5696,NAND2X1_1039,,,,,,,,,,
5697,NOR2X1_268,,,,,,,,,,
5698,INVX1_542,,,,,,,,,,
5699,NOR3X1_197,,,,,,,,,,
5700,OAI21X1_558,,,,,,,,,,
5701,NAND3X1_692,,,,,,,,,,
5702,NAND2X1_165,,,,,,,,,,
5703,NOR2X1_763,,,,,,,,,,
5704,NAND2X1_1051,,,,,,,,,,
5705,NAND3X1_422,,,,,,,,,,
5706,OAI21X1_303,,,,,,,,,,
5707,AOI21X1_202,,,,,,,,,,
5708,AOI22X1_149,,,,,,,,,,
5709,OAI21X1_182,,,,,,,,,,
5710,OAI21X1_589,,,,,,,,,,
5711,OAI21X1_920,,,,,,,,,,
5712,OAI21X1_741,,,,,,,,,,
5713,OAI22X1_133,,,,,,,,,,
5714,OAI21X1_68,,,,,,,,,,
5715,AOI21X1_37,,,,,,,,,,
5716,OAI21X1_985,,,,,,,,,,
5717,OUTPUT_\w4_reg[20] ,,,,,,,,,,
5718,AOI21X1_608,,,,,,,,,,
5719,NOR2X1_878,,,,,,,,,,
5720,OAI21X1_1229,,,,,,,,,,
5721,OAI21X1_592,,,,,,,,,,
5722,NOR2X1_688,,,,,,,,,,
5723,NOR2X1_96,,,,,,,,,,
5724,AOI22X1_17,,,,,,,,,,
5725,NOR2X1_876,,,,,,,,,,
5726,AOI21X1_244,,,,,,,,,,
5727,OAI21X1_1011,,,,,,,,,,
5728,INVX1_405,,,,,,,,,,
5729,NOR3X1_86,,,,,,,,,,
5730,AND2X2_1,,,,,,,,,,
5731,NOR2X1_891,,,,,,,,,,
5732,INVX1_189,,,,,,,,,,
5733,AND2X2_19,,,,,,,,,,
5734,INVX1_306,,,,,,,,,,
5735,NAND3X1_197,,,,,,,,,,
5736,NAND3X1_607,,,,,,,,,,
5737,OR2X2_55,,,,,,,,,,
5738,NAND2X1_259,,,,,,,,,,
5739,AND2X2_148,,,,,,,,,,
5740,OAI21X1_280,,,,,,,,,,
5741,AOI21X1_436,,,,,,,,,,
5742,OAI22X1_158,,,,,,,,,,
5743,NOR3X1_96,,,,,,,,,,
5744,INVX1_232,,,,,,,,,,
5745,OAI21X1_696,,,,,,,,,,
5746,INVX1_564,,,,,,,,,,
5747,NAND2X1_815,,,,,,,,,,
5748,XNOR2X1_65,,,,,,,,,,
5749,AND2X2_120,,,,,,,,,,
5750,NOR2X1_541,,,,,,,,,,
5751,NOR2X1_683,,,,,,,,,,
5752,NAND3X1_438,,,,,,,,,,
5753,AOI21X1_350,,,,,,,,,,
5754,INVX1_280,,,,,,,,,,
5755,OAI21X1_1065,,,,,,,,,,
5756,OAI21X1_830,,,,,,,,,,
5757,OAI21X1_956,,,,,,,,,,
5758,OAI21X1_1339,,,,,,,,,,
5759,NAND2X1_717,,,,,,,,,,
5760,NAND3X1_309,,,,,,,,,,
5761,NAND2X1_684,,,,,,,,,,
5762,INPUT_\key[95] ,,,,,,,,,,
5763,NOR2X1_236,,,,,,,,,,
5764,OAI21X1_587,,,,,,,,,,
5765,NOR2X1_596,,,,,,,,,,
5766,NAND2X1_930,,,,,,,,,,
5767,NAND2X1_18,,,,,,,,,,
5768,OAI21X1_930,,,,,,,,,,
5769,NOR3X1_257,,,,,,,,,,
5770,OAI21X1_512,,,,,,,,,,
5771,NOR3X1_306,,,,,,,,,,
5772,NOR2X1_186,,,,,,,,,,
5773,DFFPOSX1_108,,,,,,,,,,
5774,AOI22X1_147,,,,,,,,,,
5775,NAND3X1_920,,,,,,,,,,
5776,OAI21X1_3,,,,,,,,,,
5777,XNOR2X1_41,,,,,,,,,,
5778,NAND3X1_99,,,,,,,,,,
5779,OAI22X1_106,,,,,,,,,,
5780,INVX1_108,,,,,,,,,,
5781,AOI21X1_579,,,,,,,,,,
5782,OR2X2_36,,,,,,,,,,
5783,OAI22X1_271,,,,,,,,,,
5784,INVX1_156,,,,,,,,,,
5785,OAI21X1_1191,,,,,,,,,,
5786,OAI21X1_89,,,,,,,,,,
5787,OAI21X1_634,,,,,,,,,,
5788,NAND2X1_851,,,,,,,,,,
5789,NAND3X1_701,,,,,,,,,,
5790,INVX1_129,,,,,,,,,,
5791,OAI21X1_698,,,,,,,,,,
5792,OUTPUT_\w5_reg[29] ,,,,,,,,,,
5793,NAND2X1_662,,,,,,,,,,
5794,NOR2X1_11,,,,,,,,,,
5795,OAI21X1_319,,,,,,,,,,
5796,NAND3X1_157,,,,,,,,,,
5797,OAI22X1_100,,,,,,,,,,
5798,OAI21X1_140,,,,,,,,,,
5799,NAND3X1_907,,,,,,,,,,
5800,NOR3X1_169,,,,,,,,,,
5801,INVX1_28,,,,,,,,,,
5802,OAI21X1_531,,,,,,,,,,
5803,INVX1_498,,,,,,,,,,
5804,NOR2X1_23,,,,,,,,,,
5805,NAND3X1_233,,,,,,,,,,
5806,OAI21X1_1077,,,,,,,,,,
5807,NOR2X1_518,,,,,,,,,,
5808,AOI21X1_159,,,,,,,,,,
5809,NOR2X1_300,,,,,,,,,,
5810,OAI21X1_1416,,,,,,,,,,
5811,AND2X2_115,,,,,,,,,,
5812,AOI22X1_163,,,,,,,,,,
5813,NAND3X1_119,,,,,,,,,,
5814,NAND3X1_827,,,,,,,,,,
5815,OAI21X1_513,,,,,,,,,,
5816,OAI21X1_1397,,,,,,,,,,
5817,OAI21X1_330,,,,,,,,,,
5818,INVX1_36,,,,,,,,,,
5819,AOI21X1_654,,,,,,,,,,
5820,NOR2X1_455,,,,,,,,,,
5821,XOR2X1_16,,,,,,,,,,
5822,NAND2X1_1082,,,,,,,,,,
5823,NAND2X1_831,,,,,,,,,,
5824,NOR3X1_138,,,,,,,,,,
5825,XOR2X1_32,,,,,,,,,,
5826,NAND3X1_526,,,,,,,,,,
5827,NAND2X1_124,,,,,,,,,,
5828,NAND2X1_780,,,,,,,,,,
5829,NAND2X1_344,,,,,,,,,,
5830,NAND3X1_10,,,,,,,,,,
5831,NAND2X1_161,,,,,,,,,,
5832,INVX1_16,,,,,,,,,,
5833,OAI22X1_185,,,,,,,,,,
5834,INVX1_223,,,,,,,,,,
5835,NOR3X1_48,,,,,,,,,,
5836,OUTPUT_\w7_reg[20] ,,,,,,,,,,
5837,INVX1_361,,,,,,,,,,
5838,OUTPUT_\w1[12] ,,,,,,,,,,
5839,OAI21X1_809,,,,,,,,,,
5840,AOI21X1_132,,,,,,,,,,
5841,NAND3X1_728,,,,,,,,,,
5842,NOR2X1_721,,,,,,,,,,
5843,NAND2X1_346,,,,,,,,,,
5844,INPUT_\key[68] ,,,,,,,,,,
5845,OAI21X1_487,,,,,,,,,,
5846,NOR3X1_85,,,,,,,,,,
5847,OAI21X1_96,,,,,,,,,,
5848,NAND2X1_376,,,,,,,,,,
5849,NOR2X1_789,,,,,,,,,,
5850,AOI21X1_246,,,,,,,,,,
5851,NAND2X1_761,,,,,,,,,,
5852,NAND2X1_942,,,,,,,,,,
5853,NOR2X1_885,,,,,,,,,,
5854,NAND2X1_413,,,,,,,,,,
5855,OUTPUT_\w6_reg[1] ,,,,,,,,,,
5856,NOR2X1_15,,,,,,,,,,
5857,NOR2X1_733,,,,,,,,,,
5858,NAND2X1_564,,,,,,,,,,
5859,OAI21X1_1317,,,,,,,,,,
5860,OAI22X1_163,,,,,,,,,,
5861,NOR2X1_341,,,,,,,,,,
5862,DFFPOSX1_24,,,,,,,,,,
5863,AOI21X1_643,,,,,,,,,,
5864,NAND2X1_68,,,,,,,,,,
5865,INVX1_101,,,,,,,,,,
5866,AOI22X1_193,,,,,,,,,,
5867,INVX1_93,,,,,,,,,,
5868,DFFPOSX1_15,,,,,,,,,,
5869,NOR2X1_352,,,,,,,,,,
5870,INVX1_449,,,,,,,,,,
5871,AOI22X1_120,,,,,,,,,,
5872,OAI21X1_136,,,,,,,,,,
5873,INVX1_512,,,,,,,,,,
5874,NOR3X1_152,,,,,,,,,,
5875,NOR2X1_741,,,,,,,,,,
5876,NAND3X1_340,,,,,,,,,,
5877,OAI21X1_1373,,,,,,,,,,
5878,OAI22X1_111,,,,,,,,,,
5879,AOI21X1_397,,,,,,,,,,
5880,OAI21X1_792,,,,,,,,,,
5881,AND2X2_90,,,,,,,,,,
5882,NOR2X1_684,,,,,,,,,,
5883,DFFPOSX1_122,,,,,,,,,,
5884,OAI21X1_160,,,,,,,,,,
5885,AOI22X1_30,,,,,,,,,,
5886,OUTPUT_\w0[29] ,,,,,,,,,,
5887,INVX1_325,,,,,,,,,,
5888,NAND2X1_715,,,,,,,,,,
5889,NOR2X1_56,,,,,,,,,,
5890,AOI21X1_32,,,,,,,,,,
5891,OAI21X1_1158,,,,,,,,,,
5892,INVX1_194,,,,,,,,,,
5893,NAND2X1_1058,,,,,,,,,,
5894,NAND2X1_912,,,,,,,,,,
5895,OUTPUT_\w7_reg[12] ,,,,,,,,,,
5896,INVX1_240,,,,,,,,,,
5897,OAI22X1_53,,,,,,,,,,
5898,OUTPUT_\w2[0] ,,,,,,,,,,
5899,NAND2X1_723,,,,,,,,,,
5900,OAI21X1_312,,,,,,,,,,
5901,OAI22X1_174,,,,,,,,,,
5902,NAND3X1_715,,,,,,,,,,
5903,NAND2X1_817,,,,,,,,,,
5904,AOI21X1_227,,,,,,,,,,
5905,NAND2X1_310,,,,,,,,,,
5906,NOR2X1_832,,,,,,,,,,
5907,DFFPOSX1_62,,,,,,,,,,
5908,NOR2X1_76,,,,,,,,,,
5909,NAND3X1_279,,,,,,,,,,
5910,NAND2X1_1053,,,,,,,,,,
5911,INVX1_452,,,,,,,,,,
5912,NAND2X1_910,,,,,,,,,,
5913,OAI21X1_1040,,,,,,,,,,
5914,NOR2X1_633,,,,,,,,,,
5915,OR2X2_34,,,,,,,,,,
5916,AOI22X1_176,,,,,,,,,,
5917,OUTPUT_\w0[2] ,,,,,,,,,,
5918,AOI21X1_74,,,,,,,,,,
5919,AOI21X1_495,,,,,,,,,,
5920,NAND2X1_448,,,,,,,,,,
5921,NOR2X1_921,,,,,,,,,,
5922,OAI22X1_274,,,,,,,,,,
5923,OUTPUT_\w3[3] ,,,,,,,,,,
5924,NAND3X1_959,,,,,,,,,,
5925,INPUT_\key[88] ,,,,,,,,,,
5926,INVX1_462,,,,,,,,,,
5927,XNOR2X1_1,,,,,,,,,,
5928,NOR2X1_550,,,,,,,,,,
5929,AOI21X1_94,,,,,,,,,,
5930,NAND3X1_675,,,,,,,,,,
5931,NAND2X1_899,,,,,,,,,,
5932,OAI21X1_719,,,,,,,,,,
5933,NAND2X1_913,,,,,,,,,,
5934,AOI21X1_153,,,,,,,,,,
5935,AOI21X1_470,,,,,,,,,,
5936,OAI21X1_545,,,,,,,,,,
5937,DFFPOSX1_106,,,,,,,,,,
5938,AOI21X1_337,,,,,,,,,,
5939,AOI22X1_13,,,,,,,,,,
5940,AND2X2_129,,,,,,,,,,
5941,NAND3X1_411,,,,,,,,,,
5942,OAI21X1_829,,,,,,,,,,
5943,NAND2X1_57,,,,,,,,,,
5944,OAI21X1_1146,,,,,,,,,,
5945,NAND3X1_1009,,,,,,,,,,
5946,AOI22X1_205,,,,,,,,,,
5947,OAI21X1_15,,,,,,,,,,
5948,AOI21X1_487,,,,,,,,,,
5949,NAND2X1_1013,,,,,,,,,,
5950,OR2X2_44,,,,,,,,,,
5951,NOR2X1_22,,,,,,,,,,
5952,OAI21X1_116,,,,,,,,,,
5953,NOR2X1_418,,,,,,,,,,
5954,NAND2X1_472,,,,,,,,,,
5955,NOR2X1_909,,,,,,,,,,
5956,NOR2X1_917,,,,,,,,,,
5957,OAI21X1_294,,,,,,,,,,
5958,AOI21X1_2,,,,,,,,,,
5959,INPUT_\key[49] ,,,,,,,,,,
5960,NAND3X1_1013,,,,,,,,,,
5961,NOR2X1_60,,,,,,,,,,
5962,OR2X2_27,,,,,,,,,,
5963,AOI21X1_140,,,,,,,,,,
5964,NOR2X1_371,,,,,,,,,,
5965,NOR2X1_329,,,,,,,,,,
5966,OAI21X1_624,,,,,,,,,,
5967,NOR2X1_517,,,,,,,,,,
5968,AOI21X1_86,,,,,,,,,,
5969,NOR2X1_134,,,,,,,,,,
5970,OAI22X1_228,,,,,,,,,,
5971,OR2X2_60,,,,,,,,,,
5972,NAND2X1_4,,,,,,,,,,
5973,OAI21X1_1333,,,,,,,,,,
5974,AOI21X1_12,,,,,,,,,,
5975,OAI22X1_226,,,,,,,,,,
5976,AND2X2_128,,,,,,,,,,
5977,NOR2X1_718,,,,,,,,,,
5978,NOR2X1_881,,,,,,,,,,
5979,OUTPUT_\w3[6] ,,,,,,,,,,
5980,NOR2X1_694,,,,,,,,,,
5981,NAND3X1_841,,,,,,,,,,
5982,NAND2X1_216,,,,,,,,,,
5983,OAI21X1_1186,,,,,,,,,,
5984,NAND3X1_744,,,,,,,,,,
5985,NAND3X1_540,,,,,,,,,,
5986,NAND2X1_59,,,,,,,,,,
5987,NAND3X1_983,,,,,,,,,,
5988,OAI21X1_1007,,,,,,,,,,
5989,AOI21X1_41,,,,,,,,,,
5990,NAND2X1_503,,,,,,,,,,
5991,AOI21X1_620,,,,,,,,,,
5992,OAI21X1_1380,,,,,,,,,,
5993,AOI21X1_315,,,,,,,,,,
5994,NOR2X1_892,,,,,,,,,,
5995,NOR2X1_4,,,,,,,,,,
5996,AOI21X1_122,,,,,,,,,,
5997,INVX1_331,,,,,,,,,,
5998,NOR2X1_84,,,,,,,,,,
5999,OAI21X1_452,,,,,,,,,,
6000,NAND2X1_175,,,,,,,,,,
6001,NAND2X1_357,,,,,,,,,,
6002,AOI22X1_29,,,,,,,,,,
6003,NOR2X1_271,,,,,,,,,,
6004,XNOR2X1_64,,,,,,,,,,
6005,NOR2X1_651,,,,,,,,,,
6006,NOR2X1_157,,,,,,,,,,
6007,INPUT_\key[85] ,,,,,,,,,,
6008,NOR3X1_151,,,,,,,,,,
6009,NAND3X1_982,,,,,,,,,,
6010,INVX1_196,,,,,,,,,,
6011,OAI21X1_1095,,,,,,,,,,
6012,AND2X2_151,,,,,,,,,,
6013,NOR2X1_138,,,,,,,,,,
6014,INVX1_211,,,,,,,,,,
6015,OAI21X1_538,,,,,,,,,,
6016,OAI21X1_1316,,,,,,,,,,
6017,AOI21X1_91,,,,,,,,,,
6018,NAND3X1_1030,,,,,,,,,,
6019,AOI21X1_455,,,,,,,,,,
6020,NAND3X1_726,,,,,,,,,,
6021,OAI21X1_249,,,,,,,,,,
6022,OAI21X1_6,,,,,,,,,,
6023,INVX1_353,,,,,,,,,,
6024,OAI21X1_139,,,,,,,,,,
6025,NAND3X1_975,,,,,,,,,,
6026,OAI21X1_1041,,,,,,,,,,
6027,NAND3X1_659,,,,,,,,,,
6028,AOI22X1_116,,,,,,,,,,
6029,NOR2X1_252,,,,,,,,,,
6030,NAND2X1_581,,,,,,,,,,
6031,NAND3X1_281,,,,,,,,,,
6032,AOI22X1_224,,,,,,,,,,
6033,INVX1_301,,,,,,,,,,
6034,OAI21X1_1405,,,,,,,,,,
6035,NAND2X1_368,,,,,,,,,,
6036,OAI21X1_761,,,,,,,,,,
6037,OAI21X1_1147,,,,,,,,,,
6038,OAI21X1_1218,,,,,,,,,,
6039,NOR2X1_520,,,,,,,,,,
6040,OAI22X1_231,,,,,,,,,,
6041,AOI21X1_189,,,,,,,,,,
6042,NOR2X1_245,,,,,,,,,,
6043,NAND2X1_733,,,,,,,,,,
6044,AOI21X1_423,,,,,,,,,,
6045,NAND2X1_896,,,,,,,,,,
6046,NOR2X1_808,,,,,,,,,,
6047,NOR2X1_470,,,,,,,,,,
6048,INVX1_256,,,,,,,,,,
6049,NAND2X1_568,,,,,,,,,,
6050,NAND3X1_58,,,,,,,,,,
6051,NAND2X1_1062,,,,,,,,,,
6052,NAND2X1_886,,,,,,,,,,
6053,OUTPUT_\w6_reg[2] ,,,,,,,,,,
6054,INVX1_22,,,,,,,,,,
6055,NAND3X1_527,,,,,,,,,,
6056,INVX1_74,,,,,,,,,,
6057,XNOR2X1_30,,,,,,,,,,
6058,OAI21X1_1308,,,,,,,,,,
6059,NAND3X1_976,,,,,,,,,,
6060,OAI21X1_1130,,,,,,,,,,
6061,INVX1_524,,,,,,,,,,
6062,OUTPUT_\w1[23] ,,,,,,,,,,
6063,OAI21X1_31,,,,,,,,,,
6064,OAI21X1_726,,,,,,,,,,
6065,OAI22X1_145,,,,,,,,,,
6066,NAND3X1_239,,,,,,,,,,
6067,NOR2X1_232,,,,,,,,,,
6068,OAI21X1_1132,,,,,,,,,,
6069,XNOR2X1_60,,,,,,,,,,
6070,NOR2X1_98,,,,,,,,,,
6071,OAI21X1_1254,,,,,,,,,,
6072,NOR2X1_499,,,,,,,,,,
6073,OUTPUT_\w2[4] ,,,,,,,,,,
6074,NAND2X1_191,,,,,,,,,,
6075,NAND3X1_164,,,,,,,,,,
6076,NAND3X1_871,,,,,,,,,,
6077,OAI22X1_38,,,,,,,,,,
6078,OAI21X1_1272,,,,,,,,,,
6079,AND2X2_23,,,,,,,,,,
6080,NAND2X1_998,,,,,,,,,,
6081,NOR3X1_146,,,,,,,,,,
6082,NOR3X1_132,,,,,,,,,,
6083,OAI21X1_880,,,,,,,,,,
6084,OAI21X1_1177,,,,,,,,,,
6085,AOI21X1_393,,,,,,,,,,
6086,NOR2X1_756,,,,,,,,,,
6087,NAND3X1_368,,,,,,,,,,
6088,OAI22X1_142,,,,,,,,,,
6089,OUTPUT_\w4_reg[21] ,,,,,,,,,,
6090,NOR3X1_344,,,,,,,,,,
6091,NOR2X1_746,,,,,,,,,,
6092,OAI21X1_77,,,,,,,,,,
6093,NAND3X1_430,,,,,,,,,,
6094,INVX1_50,,,,,,,,,,
6095,OUTPUT_\w6_reg[19] ,,,,,,,,,,
6096,NOR3X1_130,,,,,,,,,,
6097,NOR3X1_49,,,,,,,,,,
6098,NAND2X1_432,,,,,,,,,,
6099,DFFPOSX1_105,,,,,,,,,,
6100,OAI21X1_684,,,,,,,,,,
6101,AOI22X1_24,,,,,,,,,,
6102,INVX1_86,,,,,,,,,,
6103,NAND2X1_188,,,,,,,,,,
6104,AOI21X1_378,,,,,,,,,,
6105,NOR2X1_574,,,,,,,,,,
6106,NAND2X1_267,,,,,,,,,,
6107,AOI21X1_486,,,,,,,,,,
6108,NOR2X1_160,,,,,,,,,,
6109,NAND3X1_807,,,,,,,,,,
6110,NAND2X1_813,,,,,,,,,,
6111,OAI21X1_47,,,,,,,,,,
6112,NAND3X1_97,,,,,,,,,,
6113,NAND2X1_908,,,,,,,,,,
6114,NAND2X1_205,,,,,,,,,,
6115,INVX1_501,,,,,,,,,,
6116,AND2X2_30,,,,,,,,,,
6117,OAI21X1_144,,,,,,,,,,
6118,NOR2X1_417,,,,,,,,,,
6119,NOR2X1_255,,,,,,,,,,
6120,OAI21X1_471,,,,,,,,,,
6121,NAND2X1_187,,,,,,,,,,
6122,INVX1_413,,,,,,,,,,
6123,NOR2X1_163,,,,,,,,,,
6124,NOR2X1_907,,,,,,,,,,
6125,OAI22X1_124,,,,,,,,,,
6126,NAND3X1_117,,,,,,,,,,
6127,OAI21X1_180,,,,,,,,,,
6128,OUTPUT_\w2[15] ,,,,,,,,,,
6129,XNOR2X1_14,,,,,,,,,,
6130,NAND2X1_1028,,,,,,,,,,
6131,NAND3X1_738,,,,,,,,,,
6132,NAND3X1_539,,,,,,,,,,
6133,NAND2X1_152,,,,,,,,,,
6134,OAI21X1_788,,,,,,,,,,
6135,NOR3X1_211,,,,,,,,,,
6136,OAI21X1_91,,,,,,,,,,
6137,DFFPOSX1_102,,,,,,,,,,
6138,AOI21X1_619,,,,,,,,,,
6139,NAND2X1_1023,,,,,,,,,,
6140,INVX1_317,,,,,,,,,,
6141,NAND2X1_952,,,,,,,,,,
6142,NOR3X1_354,,,,,,,,,,
6143,NAND3X1_655,,,,,,,,,,
6144,NAND3X1_408,,,,,,,,,,
6145,AOI21X1_264,,,,,,,,,,
6146,NAND2X1_461,,,,,,,,,,
6147,NAND3X1_280,,,,,,,,,,
6148,AOI22X1_222,,,,,,,,,,
6149,NOR3X1_38,,,,,,,,,,
6150,NAND3X1_414,,,,,,,,,,
6151,NAND2X1_118,,,,,,,,,,
6152,NAND2X1_407,,,,,,,,,,
6153,NAND3X1_90,,,,,,,,,,
6154,AOI21X1_684,,,,,,,,,,
6155,NAND2X1_770,,,,,,,,,,
6156,NOR2X1_479,,,,,,,,,,
6157,NAND2X1_31,,,,,,,,,,
6158,INVX1_69,,,,,,,,,,
6159,NAND2X1_995,,,,,,,,,,
6160,OUTPUT_\w2[14] ,,,,,,,,,,
6161,AOI21X1_601,,,,,,,,,,
6162,INVX1_567,,,,,,,,,,
6163,NOR2X1_563,,,,,,,,,,
6164,DFFPOSX1_123,,,,,,,,,,
6165,NOR2X1_17,,,,,,,,,,
6166,NOR2X1_728,,,,,,,,,,
6167,OAI21X1_1175,,,,,,,,,,
6168,NOR2X1_901,,,,,,,,,,
6169,NOR2X1_840,,,,,,,,,,
6170,OAI21X1_98,,,,,,,,,,
6171,NOR2X1_140,,,,,,,,,,
6172,AOI22X1_190,,,,,,,,,,
6173,NAND3X1_852,,,,,,,,,,
6174,AOI21X1_125,,,,,,,,,,
6175,NAND3X1_523,,,,,,,,,,
6176,AOI21X1_334,,,,,,,,,,
6177,OAI21X1_1297,,,,,,,,,,
6178,NAND2X1_895,,,,,,,,,,
6179,DFFPOSX1_98,,,,,,,,,,
6180,AOI22X1_77,,,,,,,,,,
6181,AOI21X1_672,,,,,,,,,,
6182,AOI22X1_74,,,,,,,,,,
6183,OAI21X1_1070,,,,,,,,,,
6184,NAND2X1_935,,,,,,,,,,
6185,NOR2X1_366,,,,,,,,,,
6186,NAND2X1_529,,,,,,,,,,
6187,OAI21X1_685,,,,,,,,,,
6188,NAND3X1_40,,,,,,,,,,
6189,NAND2X1_1067,,,,,,,,,,
6190,OAI21X1_484,,,,,,,,,,
6191,NOR2X1_148,,,,,,,,,,
6192,NAND3X1_702,,,,,,,,,,
6193,NOR2X1_768,,,,,,,,,,
6194,INVX1_272,,,,,,,,,,
6195,OAI21X1_886,,,,,,,,,,
6196,NAND3X1_387,,,,,,,,,,
6197,NOR3X1_105,,,,,,,,,,
6198,AND2X2_136,,,,,,,,,,
6199,NAND2X1_200,,,,,,,,,,
6200,NOR3X1_242,,,,,,,,,,
6201,OAI21X1_846,,,,,,,,,,
6202,OAI22X1_35,,,,,,,,,,
6203,OAI21X1_1157,,,,,,,,,,
6204,OAI21X1_118,,,,,,,,,,
6205,AOI21X1_591,,,,,,,,,,
6206,OAI21X1_759,,,,,,,,,,
6207,OAI21X1_230,,,,,,,,,,
6208,NOR2X1_222,,,,,,,,,,
6209,NAND3X1_573,,,,,,,,,,
6210,AOI21X1_59,,,,,,,,,,
6211,NAND2X1_177,,,,,,,,,,
6212,INVX1_257,,,,,,,,,,
6213,OR2X2_61,,,,,,,,,,
6214,NAND2X1_989,,,,,,,,,,
6215,NAND2X1_713,,,,,,,,,,
6216,AOI21X1_356,,,,,,,,,,
6217,INVX1_76,,,,,,,,,,
6218,NAND2X1_854,,,,,,,,,,
6219,OAI21X1_316,,,,,,,,,,
6220,NAND3X1_76,,,,,,,,,,
6221,NOR3X1_78,,,,,,,,,,
6222,AOI22X1_67,,,,,,,,,,
6223,NAND2X1_495,,,,,,,,,,
6224,NAND3X1_769,,,,,,,,,,
6225,XOR2X1_7,,,,,,,,,,
6226,NOR2X1_61,,,,,,,,,,
6227,XOR2X1_31,,,,,,,,,,
6228,NAND2X1_350,,,,,,,,,,
6229,NAND2X1_882,,,,,,,,,,
6230,NOR2X1_912,,,,,,,,,,
6231,OAI21X1_608,,,,,,,,,,
6232,AOI21X1_411,,,,,,,,,,
6233,OAI21X1_361,,,,,,,,,,
6234,OAI21X1_443,,,,,,,,,,
6235,OAI22X1_45,,,,,,,,,,
6236,NAND2X1_41,,,,,,,,,,
6237,NOR3X1_114,,,,,,,,,,
6238,OAI21X1_971,,,,,,,,,,
6239,INVX1_32,,,,,,,,,,
6240,NOR2X1_496,,,,,,,,,,
6241,INVX1_210,,,,,,,,,,
6242,NAND3X1_1012,,,,,,,,,,
6243,NAND3X1_245,,,,,,,,,,
6244,NAND2X1_604,,,,,,,,,,
6245,NAND2X1_1038,,,,,,,,,,
6246,NOR2X1_720,,,,,,,,,,
6247,AOI21X1_183,,,,,,,,,,
6248,INPUT_\key[121] ,,,,,,,,,,
6249,NAND2X1_1033,,,,,,,,,,
6250,NAND2X1_551,,,,,,,,,,
6251,NAND2X1_237,,,,,,,,,,
6252,NAND2X1_573,,,,,,,,,,
6253,XNOR2X1_70,,,,,,,,,,
6254,XNOR2X1_48,,,,,,,,,,
6255,NOR2X1_825,,,,,,,,,,
6256,NAND3X1_803,,,,,,,,,,
6257,NOR3X1_142,,,,,,,,,,
6258,NOR3X1_244,,,,,,,,,,
6259,NAND2X1_50,,,,,,,,,,
6260,NOR3X1_47,,,,,,,,,,
6261,OAI21X1_393,,,,,,,,,,
6262,AOI22X1_9,,,,,,,,,,
6263,OAI21X1_17,,,,,,,,,,
6264,NOR2X1_592,,,,,,,,,,
6265,NAND2X1_790,,,,,,,,,,
6266,NAND3X1_1004,,,,,,,,,,
6267,OUTPUT_\w4_reg[3] ,,,,,,,,,,
6268,NAND3X1_683,,,,,,,,,,
6269,OAI22X1_58,,,,,,,,,,
6270,NOR2X1_102,,,,,,,,,,
6271,OAI22X1_15,,,,,,,,,,
6272,AOI22X1_151,,,,,,,,,,
6273,OAI21X1_750,,,,,,,,,,
6274,INVX1_517,,,,,,,,,,
6275,NAND2X1_21,,,,,,,,,,
6276,AOI21X1_169,,,,,,,,,,
6277,OUTPUT_\w1[4] ,,,,,,,,,,
6278,NAND3X1_963,,,,,,,,,,
6279,NOR2X1_201,,,,,,,,,,
6280,NAND2X1_864,,,,,,,,,,
6281,AOI21X1_121,,,,,,,,,,
6282,OAI22X1_159,,,,,,,,,,
6283,AOI21X1_532,,,,,,,,,,
6284,NAND2X1_231,,,,,,,,,,
6285,AOI21X1_195,,,,,,,,,,
6286,AOI21X1_112,,,,,,,,,,
6287,NOR2X1_939,,,,,,,,,,
6288,NOR3X1_254,,,,,,,,,,
6289,INVX1_284,,,,,,,,,,
6290,NOR3X1_324,,,,,,,,,,
6291,NAND3X1_627,,,,,,,,,,
6292,OAI21X1_1015,,,,,,,,,,
6293,NOR3X1_5,,,,,,,,,,
6294,OR2X2_21,,,,,,,,,,
6295,XNOR2X1_36,,,,,,,,,,
6296,OAI21X1_338,,,,,,,,,,
6297,OAI21X1_590,,,,,,,,,,
6298,NOR2X1_777,,,,,,,,,,
6299,NAND2X1_88,,,,,,,,,,
6300,NOR2X1_486,,,,,,,,,,
6301,OUTPUT_\w1[0] ,,,,,,,,,,
6302,OR2X2_39,,,,,,,,,,
6303,AOI22X1_45,,,,,,,,,,
6304,OAI22X1_77,,,,,,,,,,
6305,DFFPOSX1_53,,,,,,,,,,
6306,OAI21X1_1235,,,,,,,,,,
6307,INVX1_500,,,,,,,,,,
6308,OAI21X1_1250,,,,,,,,,,
6309,INVX1_106,,,,,,,,,,
6310,NOR2X1_414,,,,,,,,,,
6311,OAI21X1_1371,,,,,,,,,,
6312,NAND2X1_1047,,,,,,,,,,
6313,XNOR2X1_22,,,,,,,,,,
6314,XNOR2X1_67,,,,,,,,,,
6315,INPUT_\key[0] ,,,,,,,,,,
6316,NAND2X1_330,,,,,,,,,,
6317,AOI21X1_71,,,,,,,,,,
6318,AND2X2_40,,,,,,,,,,
6319,AOI22X1_23,,,,,,,,,,
6320,NAND2X1_80,,,,,,,,,,
6321,OUTPUT_\w7_reg[8] ,,,,,,,,,,
6322,AOI21X1_631,,,,,,,,,,
6323,NOR3X1_302,,,,,,,,,,
6324,INVX1_220,,,,,,,,,,
6325,NAND3X1_403,,,,,,,,,,
6326,NAND2X1_988,,,,,,,,,,
6327,NOR2X1_86,,,,,,,,,,
6328,INVX1_476,,,,,,,,,,
6329,NAND2X1_268,,,,,,,,,,
6330,INPUT_\key[59] ,,,,,,,,,,
6331,OAI21X1_404,,,,,,,,,,
6332,NAND3X1_183,,,,,,,,,,
6333,INVX1_495,,,,,,,,,,
6334,NAND3X1_67,,,,,,,,,,
6335,NAND2X1_665,,,,,,,,,,
6336,INVX1_10,,,,,,,,,,
6337,NAND2X1_699,,,,,,,,,,
6338,DFFPOSX1_38,,,,,,,,,,
6339,NOR2X1_282,,,,,,,,,,
6340,NAND2X1_110,,,,,,,,,,
6341,OAI22X1_9,,,,,,,,,,
6342,NOR2X1_941,,,,,,,,,,
6343,AOI21X1_454,,,,,,,,,,
6344,NOR2X1_630,,,,,,,,,,
6345,AND2X2_62,,,,,,,,,,
6346,NAND3X1_510,,,,,,,,,,
6347,INVX1_445,,,,,,,,,,
6348,NAND3X1_544,,,,,,,,,,
6349,NAND3X1_636,,,,,,,,,,
6350,NAND2X1_403,,,,,,,,,,
6351,NAND3X1_173,,,,,,,,,,
6352,OAI21X1_652,,,,,,,,,,
6353,NOR2X1_677,,,,,,,,,,
6354,OAI21X1_1166,,,,,,,,,,
6355,NAND2X1_698,,,,,,,,,,
6356,NAND2X1_626,,,,,,,,,,
6357,OAI21X1_119,,,,,,,,,,
6358,OAI21X1_784,,,,,,,,,,
6359,NOR2X1_270,,,,,,,,,,
6360,NAND2X1_732,,,,,,,,,,
6361,NAND3X1_672,,,,,,,,,,
6362,OAI21X1_626,,,,,,,,,,
6363,INVX1_441,,,,,,,,,,
6364,NOR2X1_505,,,,,,,,,,
6365,OAI21X1_550,,,,,,,,,,
6366,INVX1_426,,,,,,,,,,
6367,NAND3X1_536,,,,,,,,,,
6368,NAND2X1_837,,,,,,,,,,
6369,INVX1_41,,,,,,,,,,
6370,INVX1_75,,,,,,,,,,
6371,OAI22X1_130,,,,,,,,,,
6372,AOI21X1_308,,,,,,,,,,
6373,NAND2X1_576,,,,,,,,,,
6374,NAND2X1_845,,,,,,,,,,
6375,AND2X2_86,,,,,,,,,,
6376,AOI22X1_2,,,,,,,,,,
6377,OAI21X1_158,,,,,,,,,,
6378,OUTPUT_\w4_reg[6] ,,,,,,,,,,
6379,NOR2X1_125,,,,,,,,,,
6380,NAND3X1_1025,,,,,,,,,,
6381,NAND2X1_852,,,,,,,,,,
6382,OUTPUT_\w0[28] ,,,,,,,,,,
6383,AOI21X1_111,,,,,,,,,,
6384,NOR2X1_844,,,,,,,,,,
6385,OR2X2_32,,,,,,,,,,
6386,AOI22X1_111,,,,,,,,,,
6387,INVX1_375,,,,,,,,,,
6388,OR2X2_20,,,,,,,,,,
6389,NOR2X1_869,,,,,,,,,,
6390,OAI21X1_928,,,,,,,,,,
6391,NAND3X1_815,,,,,,,,,,
6392,NAND2X1_535,,,,,,,,,,
6393,INVX1_142,,,,,,,,,,
6394,AOI22X1_150,,,,,,,,,,
6395,OAI22X1_220,,,,,,,,,,
6396,INVX1_343,,,,,,,,,,
6397,INPUT_\key[111] ,,,,,,,,,,
6398,AOI22X1_110,,,,,,,,,,
6399,OAI21X1_1379,,,,,,,,,,
6400,OAI22X1_293,,,,,,,,,,
6401,OAI22X1_251,,,,,,,,,,
6402,OAI21X1_942,,,,,,,,,,
6403,NAND3X1_606,,,,,,,,,,
6404,NAND3X1_468,,,,,,,,,,
6405,NOR2X1_75,,,,,,,,,,
6406,OUTPUT_\w7_reg[5] ,,,,,,,,,,
6407,AOI22X1_63,,,,,,,,,,
6408,NOR2X1_850,,,,,,,,,,
6409,AOI22X1_11,,,,,,,,,,
6410,OUTPUT_\w5_reg[1] ,,,,,,,,,,
6411,AOI21X1_11,,,,,,,,,,
6412,INPUT_\key[12] ,,,,,,,,,,
6413,AOI21X1_277,,,,,,,,,,
6414,AOI21X1_78,,,,,,,,,,
6415,NOR3X1_233,,,,,,,,,,
6416,OAI21X1_680,,,,,,,,,,
6417,AOI22X1_206,,,,,,,,,,
6418,OAI22X1_96,,,,,,,,,,
6419,NAND2X1_479,,,,,,,,,,
6420,INVX1_536,,,,,,,,,,
6421,AOI21X1_124,,,,,,,,,,
6422,OAI21X1_492,,,,,,,,,,
6423,OUTPUT_\w4_reg[2] ,,,,,,,,,,
6424,AND2X2_104,,,,,,,,,,
6425,NAND3X1_232,,,,,,,,,,
6426,NAND3X1_204,,,,,,,,,,
6427,OAI21X1_1327,,,,,,,,,,
6428,INVX1_370,,,,,,,,,,
6429,NAND2X1_273,,,,,,,,,,
6430,NAND3X1_475,,,,,,,,,,
6431,NOR2X1_398,,,,,,,,,,
6432,AOI22X1_194,,,,,,,,,,
6433,AOI21X1_634,,,,,,,,,,
6434,AOI21X1_127,,,,,,,,,,
6435,OAI21X1_885,,,,,,,,,,
6436,NOR2X1_601,,,,,,,,,,
6437,NOR2X1_722,,,,,,,,,,
6438,XNOR2X1_15,,,,,,,,,,
6439,OAI21X1_837,,,,,,,,,,
6440,OAI21X1_413,,,,,,,,,,
6441,NOR2X1_679,,,,,,,,,,
6442,NOR2X1_799,,,,,,,,,,
6443,NAND2X1_703,,,,,,,,,,
6444,INVX1_407,,,,,,,,,,
6445,NAND3X1_1023,,,,,,,,,,
6446,OUTPUT_\w2[19] ,,,,,,,,,,
6447,NAND2X1_121,,,,,,,,,,
6448,OR2X2_6,,,,,,,,,,
6449,OAI21X1_1028,,,,,,,,,,
6450,OAI21X1_878,,,,,,,,,,
6451,OAI21X1_1062,,,,,,,,,,
6452,OAI21X1_874,,,,,,,,,,
6453,DFFPOSX1_13,,,,,,,,,,
6454,NAND3X1_789,,,,,,,,,,
6455,NAND2X1_228,,,,,,,,,,
6456,OAI21X1_11,,,,,,,,,,
6457,NAND2X1_523,,,,,,,,,,
6458,OAI21X1_220,,,,,,,,,,
6459,NOR2X1_246,,,,,,,,,,
6460,OAI21X1_415,,,,,,,,,,
6461,OAI22X1_191,,,,,,,,,,
6462,NAND3X1_492,,,,,,,,,,
6463,NAND3X1_443,,,,,,,,,,
6464,AOI21X1_10,,,,,,,,,,
6465,NAND3X1_453,,,,,,,,,,
6466,NOR2X1_296,,,,,,,,,,
6467,OAI22X1_164,,,,,,,,,,
6468,NOR3X1_153,,,,,,,,,,
6469,INVX1_234,,,,,,,,,,
6470,OAI21X1_1131,,,,,,,,,,
6471,AOI21X1_573,,,,,,,,,,
6472,OUTPUT_\w6_reg[22] ,,,,,,,,,,
6473,OAI21X1_1315,,,,,,,,,,
6474,NOR3X1_160,,,,,,,,,,
6475,NOR2X1_77,,,,,,,,,,
6476,OAI22X1_207,,,,,,,,,,
6477,NAND2X1_940,,,,,,,,,,
6478,NAND3X1_868,,,,,,,,,,
6479,NOR3X1_92,,,,,,,,,,
6480,NOR2X1_342,,,,,,,,,,
6481,AOI21X1_379,,,,,,,,,,
6482,OAI21X1_565,,,,,,,,,,
6483,INVX1_418,,,,,,,,,,
6484,NOR2X1_72,,,,,,,,,,
6485,NAND3X1_174,,,,,,,,,,
6486,OUTPUT_\w5_reg[0] ,,,,,,,,,,
6487,NOR2X1_653,,,,,,,,,,
6488,OAI22X1_252,,,,,,,,,,
6489,AND2X2_34,,,,,,,,,,
6490,AOI21X1_66,,,,,,,,,,
6491,NOR2X1_560,,,,,,,,,,
6492,OAI21X1_647,,,,,,,,,,
6493,INVX1_355,,,,,,,,,,
6494,AOI21X1_560,,,,,,,,,,
6495,DFFPOSX1_64,,,,,,,,,,
6496,NOR3X1_178,,,,,,,,,,
6497,INPUT_\key[33] ,,,,,,,,,,
6498,NAND3X1_333,,,,,,,,,,
6499,NAND2X1_729,,,,,,,,,,
6500,OAI21X1_1382,,,,,,,,,,
6501,OAI21X1_1059,,,,,,,,,,
6502,NAND3X1_819,,,,,,,,,,
6503,AOI21X1_570,,,,,,,,,,
6504,INPUT_\key[93] ,,,,,,,,,,
6505,NAND3X1_834,,,,,,,,,,
6506,AND2X2_21,,,,,,,,,,
6507,AOI21X1_603,,,,,,,,,,
6508,NAND3X1_964,,,,,,,,,,
6509,AND2X2_163,,,,,,,,,,
6510,XNOR2X1_72,,,,,,,,,,
6511,NOR2X1_845,,,,,,,,,,
6512,AOI21X1_338,,,,,,,,,,
6513,NOR3X1_41,,,,,,,,,,
6514,OAI21X1_258,,,,,,,,,,
6515,NOR2X1_472,,,,,,,,,,
6516,NAND2X1_1020,,,,,,,,,,
6517,OAI21X1_800,,,,,,,,,,
6518,AOI21X1_52,,,,,,,,,,
6519,OAI21X1_517,,,,,,,,,,
6520,NAND2X1_230,,,,,,,,,,
6521,INVX1_140,,,,,,,,,,
6522,NAND2X1_356,,,,,,,,,,
6523,AOI22X1_186,,,,,,,,,,
6524,NOR2X1_42,,,,,,,,,,
6525,NAND2X1_1024,,,,,,,,,,
6526,AOI21X1_35,,,,,,,,,,
6527,OAI21X1_687,,,,,,,,,,
6528,INVX1_315,,,,,,,,,,
6529,OAI21X1_366,,,,,,,,,,
6530,NAND2X1_902,,,,,,,,,,
6531,NAND3X1_753,,,,,,,,,,
6532,NAND3X1_711,,,,,,,,,,
6533,OAI22X1_244,,,,,,,,,,
6534,NOR2X1_585,,,,,,,,,,
6535,NAND2X1_394,,,,,,,,,,
6536,NAND3X1_837,,,,,,,,,,
6537,INVX1_255,,,,,,,,,,
6538,NAND2X1_212,,,,,,,,,,
6539,OUTPUT_\w3[5] ,,,,,,,,,,
6540,NOR2X1_542,,,,,,,,,,
6541,INVX1_548,,,,,,,,,,
6542,AOI21X1_211,,,,,,,,,,
6543,NOR3X1_70,,,,,,,,,,
6544,NAND2X1_578,,,,,,,,,,
6545,OAI21X1_966,,,,,,,,,,
6546,NOR2X1_380,,,,,,,,,,
6547,OR2X2_18,,,,,,,,,,
6548,NAND3X1_620,,,,,,,,,,
6549,AND2X2_76,,,,,,,,,,
6550,OUTPUT_\w4_reg[18] ,,,,,,,,,,
6551,NAND2X1_1036,,,,,,,,,,
6552,NAND2X1_225,,,,,,,,,,
6553,INPUT_\key[54] ,,,,,,,,,,
6554,OAI21X1_519,,,,,,,,,,
6555,NAND3X1_707,,,,,,,,,,
6556,OAI21X1_474,,,,,,,,,,
6557,OAI21X1_326,,,,,,,,,,
6558,AOI21X1_555,,,,,,,,,,
6559,OAI21X1_289,,,,,,,,,,
6560,NAND2X1_236,,,,,,,,,,
6561,NOR2X1_353,,,,,,,,,,
6562,NOR3X1_145,,,,,,,,,,
6563,NOR3X1_235,,,,,,,,,,
6564,NAND3X1_632,,,,,,,,,,
6565,OAI21X1_1407,,,,,,,,,,
6566,NAND2X1_1075,,,,,,,,,,
6567,NAND3X1_382,,,,,,,,,,
6568,AOI22X1_132,,,,,,,,,,
6569,NOR2X1_63,,,,,,,,,,
6570,INVX1_148,,,,,,,,,,
6571,AOI22X1_215,,,,,,,,,,
6572,NAND2X1_327,,,,,,,,,,
6573,NOR2X1_164,,,,,,,,,,
6574,OUTPUT_\w6_reg[27] ,,,,,,,,,,
6575,NAND2X1_202,,,,,,,,,,
6576,NOR3X1_125,,,,,,,,,,
6577,AOI21X1_319,,,,,,,,,,
6578,OAI21X1_1312,,,,,,,,,,
6579,NOR2X1_136,,,,,,,,,,
6580,AOI21X1_354,,,,,,,,,,
6581,NAND2X1_396,,,,,,,,,,
6582,NOR2X1_33,,,,,,,,,,
6583,INPUT_\key[117] ,,,,,,,,,,
6584,NAND3X1_124,,,,,,,,,,
6585,AOI21X1_527,,,,,,,,,,
6586,NAND3X1_457,,,,,,,,,,
6587,NAND2X1_83,,,,,,,,,,
6588,INVX1_14,,,,,,,,,,
6589,OAI21X1_403,,,,,,,,,,
6590,NAND3X1_320,,,,,,,,,,
6591,XNOR2X1_11,,,,,,,,,,
6592,OAI21X1_931,,,,,,,,,,
6593,OAI21X1_536,,,,,,,,,,
6594,NAND2X1_493,,,,,,,,,,
6595,NOR2X1_460,,,,,,,,,,
6596,NOR2X1_805,,,,,,,,,,
6597,NAND3X1_459,,,,,,,,,,
6598,NOR3X1_350,,,,,,,,,,
6599,NOR2X1_714,,,,,,,,,,
6600,NOR2X1_618,,,,,,,,,,
6601,OAI21X1_1196,,,,,,,,,,
6602,NOR3X1_150,,,,,,,,,,
6603,INVX1_121,,,,,,,,,,
6604,INVX1_333,,,,,,,,,,
6605,OUTPUT_\w6_reg[28] ,,,,,,,,,,
6606,OAI21X1_1107,,,,,,,,,,
6607,AOI21X1_179,,,,,,,,,,
6608,NAND3X1_18,,,,,,,,,,
6609,AOI21X1_182,,,,,,,,,,
6610,NOR3X1_297,,,,,,,,,,
6611,NAND3X1_856,,,,,,,,,,
6612,NAND2X1_1084,,,,,,,,,,
6613,NAND2X1_154,,,,,,,,,,
6614,OUTPUT_\w1[31] ,,,,,,,,,,
6615,OAI21X1_778,,,,,,,,,,
6616,NAND3X1_215,,,,,,,,,,
6617,AOI21X1_247,,,,,,,,,,
6618,NOR2X1_405,,,,,,,,,,
6619,NAND2X1_131,,,,,,,,,,
6620,OAI21X1_675,,,,,,,,,,
6621,INPUT_\key[110] ,,,,,,,,,,
6622,NAND2X1_868,,,,,,,,,,
6623,NAND3X1_419,,,,,,,,,,
6624,OR2X2_65,,,,,,,,,,
6625,AND2X2_93,,,,,,,,,,
6626,OAI21X1_260,,,,,,,,,,
6627,AOI21X1_437,,,,,,,,,,
6628,INVX1_180,,,,,,,,,,
6629,NOR3X1_156,,,,,,,,,,
6630,NAND2X1_1077,,,,,,,,,,
6631,AOI21X1_484,,,,,,,,,,
6632,AOI22X1_219,,,,,,,,,,
6633,OAI21X1_143,,,,,,,,,,
6634,AOI21X1_494,,,,,,,,,,
6635,NOR2X1_20,,,,,,,,,,
6636,OAI21X1_572,,,,,,,,,,
6637,XNOR2X1_27,,,,,,,,,,
6638,AOI22X1_78,,,,,,,,,,
6639,NAND3X1_236,,,,,,,,,,
6640,NAND2X1_870,,,,,,,,,,
6641,NAND2X1_20,,,,,,,,,,
6642,NAND3X1_39,,,,,,,,,,
6643,INVX1_154,,,,,,,,,,
6644,OAI21X1_896,,,,,,,,,,
6645,NOR2X1_92,,,,,,,,,,
6646,DFFPOSX1_10,,,,,,,,,,
6647,OAI21X1_1292,,,,,,,,,,
6648,AOI21X1_168,,,,,,,,,,
6649,OAI21X1_789,,,,,,,,,,
6650,NAND3X1_484,,,,,,,,,,
6651,NAND3X1_979,,,,,,,,,,
6652,AOI21X1_410,,,,,,,,,,
6653,NOR2X1_578,,,,,,,,,,
6654,NAND3X1_938,,,,,,,,,,
6655,OAI22X1_227,,,,,,,,,,
6656,OAI21X1_844,,,,,,,,,,
6657,OUTPUT_\w4_reg[22] ,,,,,,,,,,
6658,NAND2X1_334,,,,,,,,,,
6659,NAND3X1_289,,,,,,,,,,
6660,NAND2X1_144,,,,,,,,,,
6661,OR2X2_16,,,,,,,,,,
6662,NAND3X1_832,,,,,,,,,,
6663,INPUT_\key[35] ,,,,,,,,,,
6664,OAI21X1_482,,,,,,,,,,
6665,NAND2X1_1022,,,,,,,,,,
6666,NAND3X1_1000,,,,,,,,,,
6667,AOI22X1_83,,,,,,,,,,
6668,NAND2X1_494,,,,,,,,,,
6669,OAI21X1_1402,,,,,,,,,,
6670,AND2X2_121,,,,,,,,,,
6671,NOR3X1_54,,,,,,,,,,
6672,NAND2X1_408,,,,,,,,,,
6673,NOR2X1_587,,,,,,,,,,
6674,NAND2X1_467,,,,,,,,,,
6675,NOR3X1_14,,,,,,,,,,
6676,NOR3X1_293,,,,,,,,,,
6677,AOI21X1_557,,,,,,,,,,
6678,NAND3X1_806,,,,,,,,,,
6679,NAND3X1_1019,,,,,,,,,,
6680,NAND2X1_391,,,,,,,,,,
6681,NOR2X1_312,,,,,,,,,,
6682,NOR2X1_866,,,,,,,,,,
6683,OAI21X1_1354,,,,,,,,,,
6684,AOI21X1_596,,,,,,,,,,
6685,NOR2X1_189,,,,,,,,,,
6686,OAI21X1_1119,,,,,,,,,,
6687,NAND3X1_231,,,,,,,,,,
6688,INVX1_514,,,,,,,,,,
6689,NAND3X1_812,,,,,,,,,,
6690,AND2X2_26,,,,,,,,,,
6691,NAND3X1_566,,,,,,,,,,
6692,NAND3X1_235,,,,,,,,,,
6693,NOR3X1_187,,,,,,,,,,
6694,NOR2X1_871,,,,,,,,,,
6695,AOI22X1_80,,,,,,,,,,
6696,NAND2X1_880,,,,,,,,,,
6697,NOR2X1_775,,,,,,,,,,
6698,NAND2X1_859,,,,,,,,,,
6699,NOR3X1_120,,,,,,,,,,
6700,OAI21X1_907,,,,,,,,,,
6701,NAND3X1_578,,,,,,,,,,
6702,NOR2X1_152,,,,,,,,,,
6703,AOI21X1_408,,,,,,,,,,
6704,AND2X2_137,,,,,,,,,,
6705,AOI22X1_71,,,,,,,,,,
6706,NOR2X1_862,,,,,,,,,,
6707,NAND2X1_949,,,,,,,,,,
6708,INVX1_550,,,,,,,,,,
6709,OUTPUT_\w6_reg[9] ,,,,,,,,,,
6710,NOR2X1_812,,,,,,,,,,
6711,AOI21X1_629,,,,,,,,,,
6712,NOR3X1_129,,,,,,,,,,
6713,XNOR2X1_21,,,,,,,,,,
6714,NAND2X1_288,,,,,,,,,,
6715,OAI22X1_33,,,,,,,,,,
6716,AOI21X1_147,,,,,,,,,,
6717,INVX1_424,,,,,,,,,,
6718,OAI21X1_161,,,,,,,,,,
6719,OAI21X1_350,,,,,,,,,,
6720,OAI22X1_255,,,,,,,,,,
6721,OAI21X1_14,,,,,,,,,,
6722,NAND2X1_198,,,,,,,,,,
6723,AOI22X1_153,,,,,,,,,,
6724,OAI21X1_387,,,,,,,,,,
6725,INVX1_42,,,,,,,,,,
6726,AOI21X1_199,,,,,,,,,,
6727,INVX1_506,,,,,,,,,,
6728,NAND3X1_116,,,,,,,,,,
6729,OAI21X1_410,,,,,,,,,,
6730,AOI21X1_575,,,,,,,,,,
6731,OAI21X1_469,,,,,,,,,,
6732,NAND2X1_168,,,,,,,,,,
6733,INVX1_309,,,,,,,,,,
6734,OAI21X1_540,,,,,,,,,,
6735,AOI21X1_663,,,,,,,,,,
6736,NAND3X1_653,,,,,,,,,,
6737,AOI21X1_394,,,,,,,,,,
6738,NAND2X1_966,,,,,,,,,,
6739,AND2X2_60,,,,,,,,,,
6740,NOR2X1_90,,,,,,,,,,
6741,NOR3X1_161,,,,,,,,,,
6742,OAI22X1_162,,,,,,,,,,
6743,NAND2X1_359,,,,,,,,,,
6744,AOI21X1_485,,,,,,,,,,
6745,NAND2X1_34,,,,,,,,,,
6746,NAND3X1_923,,,,,,,,,,
6747,OAI21X1_261,,,,,,,,,,
6748,AOI21X1_584,,,,,,,,,,
6749,NAND2X1_976,,,,,,,,,,
6750,NAND3X1_639,,,,,,,,,,
6751,NAND3X1_786,,,,,,,,,,
6752,AOI22X1_8,,,,,,,,,,
6753,NAND2X1_932,,,,,,,,,,
6754,NOR2X1_419,,,,,,,,,,
6755,OAI21X1_1089,,,,,,,,,,
6756,AOI21X1_206,,,,,,,,,,
6757,NOR2X1_503,,,,,,,,,,
6758,AOI21X1_649,,,,,,,,,,
6759,NAND2X1_223,,,,,,,,,,
6760,DFFPOSX1_19,,,,,,,,,,
6761,INVX1_552,,,,,,,,,,
6762,AOI21X1_251,,,,,,,,,,
6763,INVX1_78,,,,,,,,,,
6764,NOR2X1_12,,,,,,,,,,
6765,NOR2X1_108,,,,,,,,,,
6766,OAI21X1_804,,,,,,,,,,
6767,NAND2X1_789,,,,,,,,,,
6768,DFFPOSX1_9,,,,,,,,,,
6769,INVX1_7,,,,,,,,,,
6770,OAI21X1_1413,,,,,,,,,,
6771,INVX1_484,,,,,,,,,,
6772,OUTPUT_\w3[7] ,,,,,,,,,,
6773,OUTPUT_\w7_reg[10] ,,,,,,,,,,
6774,NAND3X1_732,,,,,,,,,,
6775,AOI22X1_187,,,,,,,,,,
6776,AOI21X1_3,,,,,,,,,,
6777,XOR2X1_17,,,,,,,,,,
6778,NAND3X1_344,,,,,,,,,,
6779,AOI21X1_6,,,,,,,,,,
6780,NAND2X1_126,,,,,,,,,,
6781,INPUT_\key[39] ,,,,,,,,,,
6782,OAI22X1_75,,,,,,,,,,
6783,OAI22X1_196,,,,,,,,,,
6784,NOR2X1_798,,,,,,,,,,
6785,AND2X2_127,,,,,,,,,,
6786,AND2X2_37,,,,,,,,,,
6787,INPUT_\key[15] ,,,,,,,,,,
6788,NAND2X1_584,,,,,,,,,,
6789,OAI21X1_927,,,,,,,,,,
6790,NAND3X1_886,,,,,,,,,,
6791,NOR2X1_509,,,,,,,,,,
6792,XNOR2X1_43,,,,,,,,,,
6793,NAND3X1_700,,,,,,,,,,
6794,OAI21X1_1325,,,,,,,,,,
6795,OAI21X1_864,,,,,,,,,,
6796,NAND3X1_425,,,,,,,,,,
6797,INVX1_467,,,,,,,,,,
6798,NOR3X1_203,,,,,,,,,,
6799,AOI21X1_309,,,,,,,,,,
6800,AOI21X1_210,,,,,,,,,,
6801,INVX1_311,,,,,,,,,,
6802,OAI22X1_167,,,,,,,,,,
6803,NOR2X1_356,,,,,,,,,,
6804,OAI21X1_255,,,,,,,,,,
6805,AOI21X1_687,,,,,,,,,,
6806,AOI21X1_567,,,,,,,,,,
6807,OAI21X1_904,,,,,,,,,,
6808,AOI21X1_252,,,,,,,,,,
6809,OAI21X1_402,,,,,,,,,,
6810,AOI21X1_466,,,,,,,,,,
6811,AOI21X1_568,,,,,,,,,,
6812,OAI22X1_116,,,,,,,,,,
6813,NOR2X1_293,,,,,,,,,,
6814,INPUT_\key[47] ,,,,,,,,,,
6815,AOI21X1_362,,,,,,,,,,
6816,NOR2X1_599,,,,,,,,,,
6817,AOI21X1_188,,,,,,,,,,
6818,INPUT_\key[91] ,,,,,,,,,,
6819,AOI21X1_674,,,,,,,,,,
6820,NOR2X1_771,,,,,,,,,,
6821,AOI21X1_420,,,,,,,,,,
6822,OAI21X1_1394,,,,,,,,,,
6823,NAND2X1_645,,,,,,,,,,
6824,NAND2X1_251,,,,,,,,,,
6825,NOR2X1_290,,,,,,,,,,
6826,INVX1_263,,,,,,,,,,
6827,NAND3X1_27,,,,,,,,,,
6828,NOR2X1_375,,,,,,,,,,
6829,OAI21X1_1251,,,,,,,,,,
6830,NAND2X1_677,,,,,,,,,,
6831,NAND3X1_809,,,,,,,,,,
6832,NOR2X1_221,,,,,,,,,,
6833,NAND2X1_210,,,,,,,,,,
6834,NOR2X1_790,,,,,,,,,,
6835,NOR2X1_833,,,,,,,,,,
6836,INVX1_480,,,,,,,,,,
6837,AOI21X1_275,,,,,,,,,,
6838,NOR2X1_687,,,,,,,,,,
6839,OAI21X1_700,,,,,,,,,,
6840,DFFPOSX1_16,,,,,,,,,,
6841,OAI21X1_120,,,,,,,,,,
6842,NOR3X1_155,,,,,,,,,,
6843,NAND2X1_897,,,,,,,,,,
6844,INVX1_533,,,,,,,,,,
6845,NAND2X1_122,,,,,,,,,,
6846,NAND2X1_950,,,,,,,,,,
6847,AOI22X1_141,,,,,,,,,,
6848,INVX1_13,,,,,,,,,,
6849,NAND3X1_555,,,,,,,,,,
6850,OAI21X1_334,,,,,,,,,,
6851,NAND2X1_462,,,,,,,,,,
6852,NOR3X1_303,,,,,,,,,,
6853,NAND2X1_975,,,,,,,,,,
6854,OAI21X1_432,,,,,,,,,,
6855,OAI21X1_1008,,,,,,,,,,
6856,NAND2X1_366,,,,,,,,,,
6857,OUTPUT_\w6_reg[17] ,,,,,,,,,,
6858,NOR2X1_16,,,,,,,,,,
6859,NOR3X1_325,,,,,,,,,,
6860,NAND3X1_487,,,,,,,,,,
6861,AOI22X1_146,,,,,,,,,,
6862,NOR2X1_857,,,,,,,,,,
6863,NAND3X1_302,,,,,,,,,,
6864,OAI22X1_270,,,,,,,,,,
6865,NAND3X1_335,,,,,,,,,,
6866,NAND3X1_1010,,,,,,,,,,
6867,OAI21X1_463,,,,,,,,,,
6868,NAND2X1_656,,,,,,,,,,
6869,OUTPUT_\w5_reg[2] ,,,,,,,,,,
6870,NAND3X1_319,,,,,,,,,,
6871,AND2X2_31,,,,,,,,,,
6872,NAND3X1_250,,,,,,,,,,
6873,OAI21X1_1258,,,,,,,,,,
6874,NOR2X1_194,,,,,,,,,,
6875,NAND2X1_248,,,,,,,,,,
6876,NOR3X1_253,,,,,,,,,,
6877,NOR2X1_340,,,,,,,,,,
6878,NAND3X1_418,,,,,,,,,,
6879,OAI21X1_240,,,,,,,,,,
6880,NAND2X1_654,,,,,,,,,,
6881,OAI21X1_356,,,,,,,,,,
6882,INPUT_\key[98] ,,,,,,,,,,
6883,DFFPOSX1_7,,,,,,,,,,
6884,NOR3X1_37,,,,,,,,,,
6885,OAI22X1_172,,,,,,,,,,
6886,OAI21X1_623,,,,,,,,,,
6887,OAI22X1_221,,,,,,,,,,
6888,AOI21X1_682,,,,,,,,,,
6889,AOI22X1_81,,,,,,,,,,
6890,NOR2X1_362,,,,,,,,,,
6891,NOR2X1_515,,,,,,,,,,
6892,OAI21X1_528,,,,,,,,,,
6893,NAND2X1_378,,,,,,,,,,
6894,OAI22X1_5,,,,,,,,,,
6895,OAI21X1_1164,,,,,,,,,,
6896,AOI21X1_425,,,,,,,,,,
6897,NAND2X1_445,,,,,,,,,,
6898,INVX1_44,,,,,,,,,,
6899,DFFPOSX1_8,,,,,,,,,,
6900,AND2X2_122,,,,,,,,,,
6901,OAI22X1_10,,,,,,,,,,
6902,AOI21X1_641,,,,,,,,,,
6903,OAI21X1_710,,,,,,,,,,
6904,NAND3X1_441,,,,,,,,,,
6905,AOI21X1_381,,,,,,,,,,
6906,INVX1_494,,,,,,,,,,
6907,AOI22X1_68,,,,,,,,,,
6908,NAND3X1_4,,,,,,,,,,
6909,AOI22X1_209,,,,,,,,,,
6910,NAND2X1_16,,,,,,,,,,
6911,OAI21X1_733,,,,,,,,,,
6912,NAND2X1_254,,,,,,,,,,
6913,NAND2X1_744,,,,,,,,,,
6914,OR2X2_48,,,,,,,,,,
6915,AOI21X1_587,,,,,,,,,,
6916,NOR3X1_66,,,,,,,,,,
6917,OAI21X1_173,,,,,,,,,,
6918,OAI22X1_276,,,,,,,,,,
6919,OAI22X1_303,,,,,,,,,,
6920,NOR2X1_532,,,,,,,,,,
6921,NAND3X1_355,,,,,,,,,,
6922,AOI21X1_69,,,,,,,,,,
6923,OAI21X1_516,,,,,,,,,,
6924,INVX1_534,,,,,,,,,,
6925,INPUT_\key[5] ,,,,,,,,,,
6926,NOR3X1_22,,,,,,,,,,
6927,NAND2X1_938,,,,,,,,,,
6928,AOI21X1_578,,,,,,,,,,
6929,OAI21X1_19,,,,,,,,,,
6930,DFFPOSX1_58,,,,,,,,,,
6931,AND2X2_17,,,,,,,,,,
6932,OAI21X1_59,,,,,,,,,,
6933,NAND3X1_384,,,,,,,,,,
6934,OR2X2_28,,,,,,,,,,
6935,NAND2X1_774,,,,,,,,,,
6936,OAI22X1_39,,,,,,,,,,
6937,NAND2X1_593,,,,,,,,,,
6938,INVX1_440,,,,,,,,,,
6939,NAND2X1_434,,,,,,,,,,
6940,NAND3X1_314,,,,,,,,,,
6941,NAND2X1_65,,,,,,,,,,
6942,NAND2X1_689,,,,,,,,,,
6943,NOR2X1_831,,,,,,,,,,
6944,OAI21X1_1383,,,,,,,,,,
6945,INVX1_214,,,,,,,,,,
6946,NOR3X1_199,,,,,,,,,,
6947,NOR2X1_734,,,,,,,,,,
6948,NOR2X1_193,,,,,,,,,,
6949,INVX1_491,,,,,,,,,,
6950,OAI21X1_827,,,,,,,,,,
6951,OAI21X1_93,,,,,,,,,,
6952,NAND3X1_133,,,,,,,,,,
6953,AOI21X1_456,,,,,,,,,,
6954,OAI22X1_67,,,,,,,,,,
6955,NAND2X1_721,,,,,,,,,,
6956,NAND2X1_775,,,,,,,,,,
6957,NOR2X1_378,,,,,,,,,,
6958,OAI21X1_405,,,,,,,,,,
6959,OAI21X1_1118,,,,,,,,,,
6960,OUTPUT_\w3[15] ,,,,,,,,,,
6961,NAND2X1_512,,,,,,,,,,
6962,INVX1_454,,,,,,,,,,
6963,OAI21X1_882,,,,,,,,,,
6964,NAND3X1_864,,,,,,,,,,
6965,AOI22X1_231,,,,,,,,,,
6966,OAI21X1_1159,,,,,,,,,,
6967,NAND2X1_426,,,,,,,,,,
6968,NAND3X1_795,,,,,,,,,,
6969,NAND2X1_489,,,,,,,,,,
6970,AOI22X1_142,,,,,,,,,,
6971,NAND2X1_643,,,,,,,,,,
6972,NAND2X1_632,,,,,,,,,,
6973,OAI21X1_1367,,,,,,,,,,
6974,AOI21X1_447,,,,,,,,,,
6975,NOR2X1_637,,,,,,,,,,
6976,NAND3X1_949,,,,,,,,,,
6977,NAND2X1_370,,,,,,,,,,
6978,AOI21X1_327,,,,,,,,,,
6979,INVX1_516,,,,,,,,,,
6980,NOR3X1_228,,,,,,,,,,
6981,AOI21X1_431,,,,,,,,,,
6982,NOR3X1_60,,,,,,,,,,
6983,AOI21X1_669,,,,,,,,,,
6984,AND2X2_100,,,,,,,,,,
6985,OAI21X1_805,,,,,,,,,,
6986,XNOR2X1_32,,,,,,,,,,
6987,OAI21X1_1045,,,,,,,,,,
6988,OAI21X1_1253,,,,,,,,,,
6989,NAND2X1_710,,,,,,,,,,
6990,OAI21X1_1072,,,,,,,,,,
6991,OAI21X1_1225,,,,,,,,,,
6992,AOI21X1_590,,,,,,,,,,
6993,NOR2X1_732,,,,,,,,,,
6994,NOR2X1_149,,,,,,,,,,
6995,OAI21X1_1106,,,,,,,,,,
6996,NOR3X1_307,,,,,,,,,,
6997,NAND2X1_1030,,,,,,,,,,
6998,OAI21X1_862,,,,,,,,,,
6999,NAND3X1_452,,,,,,,,,,
7000,OAI21X1_859,,,,,,,,,,
7001,NAND2X1_35,,,,,,,,,,
7002,AOI21X1_405,,,,,,,,,,
7003,NAND2X1_196,,,,,,,,,,
7004,XNOR2X1_45,,,,,,,,,,
7005,OAI21X1_1129,,,,,,,,,,
7006,OAI21X1_511,,,,,,,,,,
7007,OAI21X1_1054,,,,,,,,,,
7008,AOI21X1_594,,,,,,,,,,
7009,INVX1_503,,,,,,,,,,
7010,OAI21X1_681,,,,,,,,,,
7011,OR2X2_54,,,,,,,,,,
7012,AOI21X1_450,,,,,,,,,,
7013,INVX1_288,,,,,,,,,,
7014,NAND2X1_67,,,,,,,,,,
7015,NOR2X1_338,,,,,,,,,,
7016,NAND3X1_461,,,,,,,,,,
7017,OAI21X1_374,,,,,,,,,,
7018,OAI21X1_1226,,,,,,,,,,
7019,AOI21X1_433,,,,,,,,,,
7020,OAI21X1_622,,,,,,,,,,
7021,AOI21X1_670,,,,,,,,,,
7022,AOI21X1_89,,,,,,,,,,
7023,AOI21X1_326,,,,,,,,,,
7024,AND2X2_7,,,,,,,,,,
7025,NOR3X1_122,,,,,,,,,,
7026,DFFPOSX1_46,,,,,,,,,,
7027,INVX1_205,,,,,,,,,,
7028,NOR3X1_334,,,,,,,,,,
7029,OAI22X1_68,,,,,,,,,,
7030,NAND3X1_177,,,,,,,,,,
7031,NAND2X1_917,,,,,,,,,,
7032,DFFPOSX1_91,,,,,,,,,,
7033,NOR2X1_910,,,,,,,,,,
7034,OAI21X1_401,,,,,,,,,,
7035,OAI21X1_1221,,,,,,,,,,
7036,NAND3X1_561,,,,,,,,,,
7037,OAI21X1_1004,,,,,,,,,,
7038,AOI21X1_215,,,,,,,,,,
7039,OAI21X1_130,,,,,,,,,,
7040,NAND3X1_1022,,,,,,,,,,
7041,OAI21X1_691,,,,,,,,,,
7042,NOR3X1_248,,,,,,,,,,
7043,OAI21X1_948,,,,,,,,,,
7044,NOR3X1_280,,,,,,,,,,
7045,OAI21X1_921,,,,,,,,,,
7046,NOR3X1_234,,,,,,,,,,
7047,INVX1_566,,,,,,,,,,
7048,INVX1_37,,,,,,,,,,
7049,NOR2X1_212,,,,,,,,,,
7050,AOI21X1_677,,,,,,,,,,
7051,INVX1_187,,,,,,,,,,
7052,NAND2X1_823,,,,,,,,,,
7053,NAND2X1_1056,,,,,,,,,,
7054,OAI22X1_237,,,,,,,,,,
7055,NAND2X1_664,,,,,,,,,,
7056,NAND3X1_122,,,,,,,,,,
7057,OAI21X1_290,,,,,,,,,,
7058,OAI21X1_1240,,,,,,,,,,
7059,AOI21X1_100,,,,,,,,,,
7060,AOI21X1_118,,,,,,,,,,
7061,NOR2X1_764,,,,,,,,,,
7062,NAND3X1_118,,,,,,,,,,
7063,NOR3X1_240,,,,,,,,,,
7064,AOI22X1_172,,,,,,,,,,
7065,INVX1_360,,,,,,,,,,
7066,OAI21X1_785,,,,,,,,,,
7067,OAI21X1_267,,,,,,,,,,
7068,OAI21X1_524,,,,,,,,,,
7069,OUTPUT_\w0[17] ,,,,,,,,,,
7070,NAND3X1_268,,,,,,,,,,
7071,NAND3X1_968,,,,,,,,,,
7072,NAND3X1_713,,,,,,,,,,
7073,INVX1_431,,,,,,,,,,
7074,NAND2X1_415,,,,,,,,,,
7075,NOR2X1_354,,,,,,,,,,
7076,OAI21X1_979,,,,,,,,,,
7077,NAND3X1_698,,,,,,,,,,
7078,AOI21X1_101,,,,,,,,,,
7079,OAI21X1_1178,,,,,,,,,,
7080,AOI21X1_204,,,,,,,,,,
7081,OAI21X1_650,,,,,,,,,,
7082,OAI21X1_57,,,,,,,,,,
7083,NOR2X1_765,,,,,,,,,,
7084,NAND3X1_537,,,,,,,,,,
7085,NAND3X1_784,,,,,,,,,,
7086,NOR3X1_342,,,,,,,,,,
7087,NOR3X1_225,,,,,,,,,,
7088,OAI21X1_115,,,,,,,,,,
7089,OAI21X1_1012,,,,,,,,,,
7090,AND2X2_92,,,,,,,,,,
7091,OAI21X1_638,,,,,,,,,,
7092,NAND2X1_229,,,,,,,,,,
7093,NOR3X1_182,,,,,,,,,,
7094,OAI22X1_22,,,,,,,,,,
7095,OAI22X1_55,,,,,,,,,,
7096,NAND3X1_17,,,,,,,,,,
7097,NOR3X1_236,,,,,,,,,,
7098,INVX1_229,,,,,,,,,,
7099,INVX1_285,,,,,,,,,,
7100,INPUT_\key[29] ,,,,,,,,,,
7101,OAI21X1_1201,,,,,,,,,,
7102,OAI21X1_915,,,,,,,,,,
7103,NOR2X1_216,,,,,,,,,,
7104,NOR2X1_657,,,,,,,,,,
7105,NAND3X1_808,,,,,,,,,,
7106,NAND2X1_748,,,,,,,,,,
7107,AOI21X1_235,,,,,,,,,,
7108,NAND2X1_968,,,,,,,,,,
7109,NAND3X1_934,,,,,,,,,,
7110,OAI21X1_453,,,,,,,,,,
7111,NAND3X1_284,,,,,,,,,,
7112,NAND2X1_92,,,,,,,,,,
7113,NOR3X1_170,,,,,,,,,,
7114,NAND3X1_608,,,,,,,,,,
7115,INVX1_207,,,,,,,,,,
7116,NAND2X1_736,,,,,,,,,,
7117,AOI21X1_36,,,,,,,,,,
7118,NOR3X1_143,,,,,,,,,,
7119,OAI21X1_1088,,,,,,,,,,
7120,NAND2X1_919,,,,,,,,,,
7121,OAI21X1_1061,,,,,,,,,,
7122,OAI21X1_66,,,,,,,,,,
7123,OAI21X1_1172,,,,,,,,,,
7124,AOI21X1_660,,,,,,,,,,
7125,NOR2X1_555,,,,,,,,,,
7126,NAND2X1_232,,,,,,,,,,
7127,NOR3X1_323,,,,,,,,,,
7128,NAND3X1_9,,,,,,,,,,
7129,NOR2X1_920,,,,,,,,,,
7130,INVX1_17,,,,,,,,,,
7131,AOI22X1_165,,,,,,,,,,
7132,OUTPUT_\w1[1] ,,,,,,,,,,
7133,INVX1_339,,,,,,,,,,
7134,INVX1_238,,,,,,,,,,
7135,OAI21X1_1112,,,,,,,,,,
7136,OUTPUT_\w1[27] ,,,,,,,,,,
7137,OUTPUT_\w1[6] ,,,,,,,,,,
7138,NAND3X1_507,,,,,,,,,,
7139,NOR2X1_615,,,,,,,,,,
7140,NOR3X1_246,,,,,,,,,,
7141,NAND2X1_997,,,,,,,,,,
7142,OAI21X1_607,,,,,,,,,,
7143,OAI21X1_715,,,,,,,,,,
7144,AOI21X1_176,,,,,,,,,,
7145,AOI21X1_226,,,,,,,,,,
7146,INVX1_289,,,,,,,,,,
7147,NAND3X1_551,,,,,,,,,,
7148,XNOR2X1_50,,,,,,,,,,
7149,NAND2X1_985,,,,,,,,,,
7150,NAND3X1_85,,,,,,,,,,
7151,NAND3X1_509,,,,,,,,,,
7152,INVX1_549,,,,,,,,,,
7153,NAND3X1_845,,,,,,,,,,
7154,NOR2X1_621,,,,,,,,,,
7155,OAI21X1_953,,,,,,,,,,
7156,INVX1_529,,,,,,,,,,
7157,NAND3X1_634,,,,,,,,,,
7158,NOR3X1_75,,,,,,,,,,
7159,NAND2X1_833,,,,,,,,,,
7160,OAI21X1_1314,,,,,,,,,,
7161,INVX1_144,,,,,,,,,,
7162,OAI21X1_617,,,,,,,,,,
7163,NOR2X1_274,,,,,,,,,,
7164,OAI22X1_36,,,,,,,,,,
7165,OAI22X1_13,,,,,,,,,,
7166,OAI21X1_400,,,,,,,,,,
7167,NAND3X1_584,,,,,,,,,,
7168,NAND3X1_379,,,,,,,,,,
7169,NAND3X1_123,,,,,,,,,,
7170,XNOR2X1_2,,,,,,,,,,
7171,AOI21X1_166,,,,,,,,,,
7172,OAI22X1_260,,,,,,,,,,
7173,OAI21X1_518,,,,,,,,,,
7174,NAND2X1_1001,,,,,,,,,,
7175,NOR2X1_110,,,,,,,,,,
7176,NAND3X1_694,,,,,,,,,,
7177,OAI22X1_57,,,,,,,,,,
7178,NOR2X1_846,,,,,,,,,,
7179,NOR2X1_582,,,,,,,,,,
7180,AND2X2_91,,,,,,,,,,
7181,INVX1_344,,,,,,,,,,
7182,NOR2X1_233,,,,,,,,,,
7183,NOR2X1_318,,,,,,,,,,
7184,NAND2X1_603,,,,,,,,,,
7185,NOR2X1_620,,,,,,,,,,
7186,AOI22X1_36,,,,,,,,,,
7187,OAI21X1_1233,,,,,,,,,,
7188,NOR2X1_819,,,,,,,,,,
7189,NAND2X1_801,,,,,,,,,,
7190,OAI21X1_69,,,,,,,,,,
7191,AND2X2_35,,,,,,,,,,
7192,INVX1_363,,,,,,,,,,
7193,INVX1_82,,,,,,,,,,
7194,AOI21X1_222,,,,,,,,,,
7195,NAND3X1_286,,,,,,,,,,
7196,OAI21X1_1199,,,,,,,,,,
7197,OAI21X1_1021,,,,,,,,,,
7198,OUTPUT_\w2[11] ,,,,,,,,,,
7199,NAND3X1_538,,,,,,,,,,
7200,OUTPUT_\w3[13] ,,,,,,,,,,
7201,INVX1_259,,,,,,,,,,
7202,NOR3X1_283,,,,,,,,,,
7203,OAI21X1_1048,,,,,,,,,,
7204,OAI22X1_261,,,,,,,,,,
7205,AOI22X1_87,,,,,,,,,,
7206,NAND3X1_889,,,,,,,,,,
7207,NAND3X1_228,,,,,,,,,,
7208,NAND3X1_201,,,,,,,,,,
7209,INVX1_62,,,,,,,,,,
7210,NAND3X1_44,,,,,,,,,,
7211,OUTPUT_\w4_reg[11] ,,,,,,,,,,
7212,INVX1_244,,,,,,,,,,
7213,NAND3X1_301,,,,,,,,,,
7214,NAND2X1_832,,,,,,,,,,
7215,NOR2X1_569,,,,,,,,,,
7216,OAI21X1_229,,,,,,,,,,
7217,NOR2X1_82,,,,,,,,,,
7218,OAI21X1_203,,,,,,,,,,
7219,AOI21X1_198,,,,,,,,,,
7220,OAI21X1_153,,,,,,,,,,
7221,NAND3X1_783,,,,,,,,,,
7222,OAI21X1_508,,,,,,,,,,
7223,NAND3X1_962,,,,,,,,,,
7224,NAND3X1_311,,,,,,,,,,
7225,OR2X2_75,,,,,,,,,,
7226,NAND2X1_513,,,,,,,,,,
7227,NOR3X1_340,,,,,,,,,,
7228,AOI21X1_310,,,,,,,,,,
7229,OAI21X1_869,,,,,,,,,,
7230,NAND3X1_682,,,,,,,,,,
7231,NOR2X1_605,,,,,,,,,,
7232,NOR2X1_228,,,,,,,,,,
7233,NAND3X1_603,,,,,,,,,,
7234,NAND2X1_637,,,,,,,,,,
7235,INVX1_279,,,,,,,,,,
7236,NAND3X1_494,,,,,,,,,,
7237,NAND3X1_440,,,,,,,,,,
7238,OAI21X1_1341,,,,,,,,,,
7239,AOI21X1_320,,,,,,,,,,
7240,AND2X2_74,,,,,,,,,,
7241,INVX1_486,,,,,,,,,,
7242,OUTPUT_\w2[1] ,,,,,,,,,,
7243,AOI21X1_4,,,,,,,,,,
7244,NAND3X1_888,,,,,,,,,,
7245,NOR3X1_198,,,,,,,,,,
7246,AOI21X1_627,,,,,,,,,,
7247,OAI21X1_999,,,,,,,,,,
7248,NAND2X1_1060,,,,,,,,,,
7249,OAI21X1_373,,,,,,,,,,
7250,NAND2X1_386,,,,,,,,,,
7251,NOR2X1_230,,,,,,,,,,
7252,NAND2X1_333,,,,,,,,,,
7253,OAI21X1_467,,,,,,,,,,
7254,AOI21X1_20,,,,,,,,,,
7255,OAI21X1_660,,,,,,,,,,
7256,AOI21X1_646,,,,,,,,,,
7257,INVX1_483,,,,,,,,,,
7258,INPUT_\key[21] ,,,,,,,,,,
7259,OAI21X1_901,,,,,,,,,,
7260,NOR2X1_74,,,,,,,,,,
7261,OAI21X1_46,,,,,,,,,,
7262,NAND2X1_954,,,,,,,,,,
7263,NAND2X1_738,,,,,,,,,,
7264,OAI21X1_61,,,,,,,,,,
7265,DFFPOSX1_18,,,,,,,,,,
7266,INVX1_481,,,,,,,,,,
7267,NAND3X1_558,,,,,,,,,,
7268,AND2X2_162,,,,,,,,,,
7269,OUTPUT_\w7_reg[9] ,,,,,,,,,,
7270,NAND2X1_463,,,,,,,,,,
7271,OAI21X1_211,,,,,,,,,,
7272,OAI22X1_262,,,,,,,,,,
7273,INVX1_374,,,,,,,,,,
7274,NOR2X1_112,,,,,,,,,,
7275,INVX1_118,,,,,,,,,,
7276,NOR2X1_188,,,,,,,,,,
7277,INVX1_416,,,,,,,,,,
7278,INPUT_\key[43] ,,,,,,,,,,
7279,OAI21X1_776,,,,,,,,,,
7280,AOI22X1_160,,,,,,,,,,
7281,NOR2X1_608,,,,,,,,,,
7282,OAI21X1_760,,,,,,,,,,
7283,NOR2X1_93,,,,,,,,,,
7284,AOI21X1_691,,,,,,,,,,
7285,INPUT_\key[38] ,,,,,,,,,,
7286,NAND3X1_154,,,,,,,,,,
7287,NAND3X1_644,,,,,,,,,,
7288,INVX1_190,,,,,,,,,,
7289,NAND2X1_828,,,,,,,,,,
7290,XOR2X1_25,,,,,,,,,,
7291,OAI21X1_271,,,,,,,,,,
7292,NAND2X1_982,,,,,,,,,,
7293,NAND2X1_669,,,,,,,,,,
7294,OAI22X1_27,,,,,,,,,,
7295,OAI22X1_193,,,,,,,,,,
7296,NOR2X1_693,,,,,,,,,,
7297,AOI21X1_558,,,,,,,,,,
7298,OAI21X1_451,,,,,,,,,,
7299,OAI21X1_556,,,,,,,,,,
7300,NAND2X1_939,,,,,,,,,,
7301,NOR3X1_149,,,,,,,,,,
7302,AOI21X1_371,,,,,,,,,,
7303,NOR2X1_400,,,,,,,,,,
7304,OAI21X1_1381,,,,,,,,,,
7305,INVX1_364,,,,,,,,,,
7306,NOR2X1_250,,,,,,,,,,
7307,INVX1_212,,,,,,,,,,
7308,AOI21X1_26,,,,,,,,,,
7309,NOR2X1_376,,,,,,,,,,
7310,OUTPUT_\w1[21] ,,,,,,,,,,
7311,NAND2X1_941,,,,,,,,,,
7312,NAND3X1_481,,,,,,,,,,
7313,NOR2X1_37,,,,,,,,,,
7314,NOR3X1_346,,,,,,,,,,
7315,OAI21X1_980,,,,,,,,,,
7316,INVX1_347,,,,,,,,,,
7317,OUTPUT_\w1[15] ,,,,,,,,,,
7318,INPUT_\key[100] ,,,,,,,,,,
7319,NOR2X1_806,,,,,,,,,,
7320,NAND3X1_961,,,,,,,,,,
7321,NAND3X1_705,,,,,,,,,,
7322,NAND3X1_610,,,,,,,,,,
7323,NOR3X1_32,,,,,,,,,,
7324,DFFPOSX1_70,,,,,,,,,,
7325,NAND3X1_796,,,,,,,,,,
7326,NAND2X1_263,,,,,,,,,,
7327,AOI21X1_499,,,,,,,,,,
7328,NOR2X1_758,,,,,,,,,,
7329,NAND3X1_957,,,,,,,,,,
7330,NAND3X1_875,,,,,,,,,,
7331,NAND2X1_437,,,,,,,,,,
7332,NOR3X1_267,,,,,,,,,,
7333,OAI21X1_653,,,,,,,,,,
7334,AOI21X1_336,,,,,,,,,,
7335,OAI21X1_1133,,,,,,,,,,
7336,NAND3X1_240,,,,,,,,,,
7337,AOI21X1_249,,,,,,,,,,
7338,AND2X2_157,,,,,,,,,,
7339,OUTPUT_\w2[20] ,,,,,,,,,,
7340,NAND3X1_1020,,,,,,,,,,
7341,OR2X2_78,,,,,,,,,,
7342,NOR2X1_275,,,,,,,,,,
7343,OUTPUT_\w3[2] ,,,,,,,,,,
7344,NAND2X1_830,,,,,,,,,,
7345,INVX1_204,,,,,,,,,,
7346,OAI21X1_1023,,,,,,,,,,
7347,AOI21X1_340,,,,,,,,,,
7348,NOR2X1_311,,,,,,,,,,
7349,OAI21X1_128,,,,,,,,,,
7350,NOR3X1_183,,,,,,,,,,
7351,AOI21X1_373,,,,,,,,,,
7352,OAI21X1_701,,,,,,,,,,
7353,OAI21X1_1386,,,,,,,,,,
7354,OAI22X1_118,,,,,,,,,,
7355,OAI21X1_386,,,,,,,,,,
7356,NAND2X1_397,,,,,,,,,,
7357,NAND3X1_415,,,,,,,,,,
7358,NOR2X1_51,,,,,,,,,,
7359,OAI21X1_486,,,,,,,,,,
7360,INVX1_110,,,,,,,,,,
7361,OUTPUT_\w7_reg[3] ,,,,,,,,,,
7362,NOR2X1_385,,,,,,,,,,
7363,INPUT_\key[67] ,,,,,,,,,,
7364,NOR2X1_511,,,,,,,,,,
7365,NAND3X1_396,,,,,,,,,,
7366,NAND2X1_893,,,,,,,,,,
7367,NOR2X1_877,,,,,,,,,,
7368,NAND2X1_1059,,,,,,,,,,
7369,NAND3X1_83,,,,,,,,,,
7370,INVX1_319,,,,,,,,,,
7371,OAI21X1_673,,,,,,,,,,
7372,NOR2X1_834,,,,,,,,,,
7373,OAI21X1_819,,,,,,,,,,
7374,DFFPOSX1_20,,,,,,,,,,
7375,AOI21X1_228,,,,,,,,,,
7376,NOR3X1_126,,,,,,,,,,
7377,OUTPUT_\w3[9] ,,,,,,,,,,
7378,NAND3X1_1011,,,,,,,,,,
7379,OAI21X1_1249,,,,,,,,,,
7380,OAI21X1_968,,,,,,,,,,
7381,NAND3X1_996,,,,,,,,,,
7382,OAI22X1_65,,,,,,,,,,
7383,OUTPUT_\w1[30] ,,,,,,,,,,
7384,OAI21X1_640,,,,,,,,,,
7385,INVX1_287,,,,,,,,,,
7386,INVX1_109,,,,,,,,,,
7387,AOI22X1_48,,,,,,,,,,
7388,INVX1_385,,,,,,,,,,
7389,NAND2X1_538,,,,,,,,,,
7390,NAND3X1_160,,,,,,,,,,
7391,NOR2X1_903,,,,,,,,,,
7392,OAI21X1_23,,,,,,,,,,
7393,OAI21X1_559,,,,,,,,,,
7394,NAND3X1_420,,,,,,,,,,
7395,INVX1_200,,,,,,,,,,
7396,NAND2X1_786,,,,,,,,,,
7397,NOR2X1_606,,,,,,,,,,
7398,INVX1_316,,,,,,,,,,
7399,OAI21X1_1337,,,,,,,,,,
7400,NAND2X1_316,,,,,,,,,,
7401,NAND3X1_850,,,,,,,,,,
7402,INVX1_88,,,,,,,,,,
7403,INPUT_\key[58] ,,,,,,,,,,
7404,NOR2X1_872,,,,,,,,,,
7405,NOR2X1_100,,,,,,,,,,
7406,NOR3X1_104,,,,,,,,,,
7407,NAND2X1_422,,,,,,,,,,
7408,AOI21X1_550,,,,,,,,,,
7409,OAI21X1_798,,,,,,,,,,
7410,NAND3X1_278,,,,,,,,,,
7411,NOR2X1_181,,,,,,,,,,
7412,NAND2X1_476,,,,,,,,,,
7413,OAI21X1_193,,,,,,,,,,
7414,AOI22X1_4,,,,,,,,,,
7415,OAI21X1_908,,,,,,,,,,
7416,NAND2X1_957,,,,,,,,,,
7417,AOI21X1_396,,,,,,,,,,
7418,INVX1_155,,,,,,,,,,
7419,NAND3X1_6,,,,,,,,,,
7420,DFFPOSX1_3,,,,,,,,,,
7421,NOR3X1_312,,,,,,,,,,
7422,NAND3X1_513,,,,,,,,,,
7423,NOR2X1_67,,,,,,,,,,
7424,OAI21X1_1024,,,,,,,,,,
7425,NAND3X1_466,,,,,,,,,,
7426,OUTPUT_\w0[30] ,,,,,,,,,,
7427,NAND3X1_469,,,,,,,,,,
7428,NOR2X1_533,,,,,,,,,,
7429,OAI22X1_187,,,,,,,,,,
7430,AOI21X1_19,,,,,,,,,,
7431,OR2X2_67,,,,,,,,,,
7432,NAND3X1_981,,,,,,,,,,
7433,OAI21X1_156,,,,,,,,,,
7434,INVX1_305,,,,,,,,,,
7435,NOR2X1_480,,,,,,,,,,
7436,NAND3X1_171,,,,,,,,,,
7437,NAND2X1_597,,,,,,,,,,
7438,NOR2X1_428,,,,,,,,,,
7439,NAND2X1_70,,,,,,,,,,
7440,NOR2X1_192,,,,,,,,,,
7441,NAND3X1_564,,,,,,,,,,
7442,NAND2X1_922,,,,,,,,,,
7443,NAND2X1_728,,,,,,,,,,
7444,NAND2X1_1037,,,,,,,,,,
7445,NOR2X1_554,,,,,,,,,,
7446,AOI21X1_92,,,,,,,,,,
7447,AOI21X1_223,,,,,,,,,,
7448,NAND3X1_406,,,,,,,,,,
7449,NOR2X1_883,,,,,,,,,,
7450,NAND2X1_866,,,,,,,,,,
7451,AOI21X1_342,,,,,,,,,,
7452,XOR2X1_21,,,,,,,,,,
7453,OAI21X1_1066,,,,,,,,,,
7454,NAND3X1_572,,,,,,,,,,
7455,NAND2X1_73,,,,,,,,,,
7456,AOI22X1_1,,,,,,,,,,
7457,NOR2X1_559,,,,,,,,,,
7458,NAND3X1_297,,,,,,,,,,
7459,INVX1_274,,,,,,,,,,
7460,NOR3X1_352,,,,,,,,,,
7461,NAND3X1_846,,,,,,,,,,
7462,AND2X2_59,,,,,,,,,,
7463,NOR3X1_194,,,,,,,,,,
7464,OAI21X1_1111,,,,,,,,,,
7465,NOR2X1_936,,,,,,,,,,
7466,OAI21X1_772,,,,,,,,,,
7467,NAND2X1_753,,,,,,,,,,
7468,INVX1_184,,,,,,,,,,
7469,NOR2X1_823,,,,,,,,,,
7470,AOI21X1_365,,,,,,,,,,
7471,NOR2X1_396,,,,,,,,,,
7472,OAI22X1_85,,,,,,,,,,
7473,AOI21X1_167,,,,,,,,,,
7474,NAND2X1_33,,,,,,,,,,
7475,OAI22X1_182,,,,,,,,,,
7476,INVX1_52,,,,,,,,,,
7477,INPUT_\key[74] ,,,,,,,,,,
7478,INVX1_185,,,,,,,,,,
7479,AOI22X1_53,,,,,,,,,,
7480,AOI21X1_292,,,,,,,,,,
7481,OAI21X1_600,,,,,,,,,,
7482,OAI21X1_10,,,,,,,,,,
7483,NOR2X1_525,,,,,,,,,,
7484,NOR2X1_104,,,,,,,,,,
7485,NOR2X1_931,,,,,,,,,,
7486,AOI21X1_345,,,,,,,,,,
7487,OAI21X1_1184,,,,,,,,,,
7488,NAND2X1_644,,,,,,,,,,
7489,OR2X2_7,,,,,,,,,,
7490,NAND3X1_581,,,,,,,,,,
7491,NOR2X1_21,,,,,,,,,,
7492,NOR2X1_278,,,,,,,,,,
7493,NAND3X1_664,,,,,,,,,,
7494,NAND2X1_93,,,,,,,,,,
7495,OAI21X1_867,,,,,,,,,,
7496,NOR3X1_154,,,,,,,,,,
7497,NAND2X1_539,,,,,,,,,,
7498,NOR2X1_175,,,,,,,,,,
7499,OAI21X1_813,,,,,,,,,,
7500,OAI21X1_916,,,,,,,,,,
7501,OAI22X1_169,,,,,,,,,,
7502,NAND2X1_783,,,,,,,,,,
7503,INVX1_55,,,,,,,,,,
7504,OUTPUT_\w2[2] ,,,,,,,,,,
7505,NOR2X1_184,,,,,,,,,,
7506,NAND3X1_881,,,,,,,,,,
7507,AOI22X1_124,,,,,,,,,,
7508,INPUT_\key[109] ,,,,,,,,,,
7509,NAND3X1_46,,,,,,,,,,
7510,OAI21X1_24,,,,,,,,,,
7511,INVX1_408,,,,,,,,,,
7512,NAND3X1_212,,,,,,,,,,
7513,INPUT_\key[127] ,,,,,,,,,,
7514,NOR2X1_467,,,,,,,,,,
7515,OAI21X1_114,,,,,,,,,,
7516,AOI22X1_175,,,,,,,,,,
7517,NAND2X1_521,,,,,,,,,,
7518,NAND2X1_565,,,,,,,,,,
7519,OAI22X1_74,,,,,,,,,,
7520,AOI22X1_171,,,,,,,,,,
7521,OAI21X1_78,,,,,,,,,,
7522,NAND2X1_484,,,,,,,,,,
7523,NAND2X1_452,,,,,,,,,,
7524,NOR2X1_570,,,,,,,,,,
7525,AOI21X1_288,,,,,,,,,,
7526,NAND2X1_427,,,,,,,,,,
