file,#nodes,#edges,#inputs,#outputs,#XOR,#AND,#OR,avg_degree,is_connected
automated_osu035_iwls_final_eth_cr.gml,272,582,8,33,1,80,34,4.28,True
automated_osu035_cookbook_final_crc32_dat104_flat.gml,4712,9539,136,32,310,1246,1851,4.05,True
automated_osu035_cookbook_final_fec_rot_14.gml,213,313,32,32,16,47,36,2.94,True
automated_osu035_xge_mac_latest_final_sync_clk_xgmii_tx.gml,17,24,5,3,0,0,0,2.82,True
automated_osu035_turbo8051_latest_final_uart_rxfsm.gml,221,465,8,11,3,50,33,4.21,True
automated_osu035_m32632_latest_final_DFPU_DIV.gml,7423,15786,124,138,49,1602,1097,4.25,True
automated_osu035_cookbook_final_encoder.gml,2585,5282,13,128,47,1075,425,4.09,True
automated_osu035_des-master_final_crp.gml,1388,3066,80,32,0,522,393,4.42,True
automated_osu035_ft816float_latest_final_delay1.gml,9,10,3,1,0,1,0,2.22,True
automated_osu035_m1_core_latest_final_m1_cor.gml,20178,46992,35,71,58,3218,1819,4.66,True
automated_osu035_cookbook_final_vga_driver.gml,443,777,32,55,1,80,62,3.51,False
automated_osu035_cookbook_final_fec_rot_28.gml,486,902,32,32,31,138,138,3.71,True
automated_osu035_Lightweight-Threshold-Implementations-master_final_quick_mux_128.gml,913,1040,257,128,0,128,0,2.28,True
automated_osu035_pairing_latest_final_f33m_mux2.gml,4230,4810,1166,582,0,1746,0,2.27,True
automated_osu035_mriscvcore_final_NOR4_X4.gml,8,7,4,1,0,1,2,1.75,True
automated_osu035_openmsp430_latest_final_cyclonev_io_ibuf.gml,3,2,1,1,0,0,0,1.33,True
automated_osu035_cookbook_final_gearbox_32_66.gml,1432,3099,36,74,1,319,104,4.33,True
automated_osu035_rs_encoder_decoder_latest_final_GF8Mult249.gml,66,104,8,8,3,14,15,3.15,True
automated_osu035_m1_core_latest_final_m1_mmu.gml,571,730,112,137,0,44,24,2.56,False
automated_osu035_sha_core_latest_final_sha1.gml,8654,20844,38,36,41,1187,1025,4.82,True
automated_osu035_cookbook_final_passwd_to_bi.gml,184,120,56,64,0,0,0,1.3,False
automated_osu035_turbo8051_latest_final_oc8051_sfr.gml,3584,8029,100,96,4,918,456,4.48,True
automated_osu035_csa_latest_final_block_perm.gml,24,16,8,8,0,0,0,1.33,False
automated_osu035_edge_latest_final_alu_decoder.gml,61,97,10,4,0,21,11,3.18,True
automated_osu035_edge_latest_final_mult_unit.gml,12812,32001,64,64,112,5344,1128,5.0,True
automated_osu035_xge_mac_latest_final_tx_dequeu.gml,4856,10292,150,163,204,379,1367,4.24,True
automated_osu035_jt51_latest_final_jt51_sh2.gml,653,1300,8,5,0,160,5,3.98,True
automated_osu035_a-z80_latest_final_decode_stat.gml,59,81,15,8,0,7,4,2.75,False
automated_osu035_iwls_final_key_sel.gml,3970,7056,58,768,0,768,0,3.55,True
automated_osu035_orsoc_graphics_accelerator_final_gfx_wbs.gml,40,48,8,8,6,0,16,2.4,True
automated_osu035_iwls_final_pci_wb_master.gml,1024,1905,131,128,1,139,100,3.72,False
automated_osu035_a-z80_latest_final_alu_flags.gml,613,1082,36,6,40,269,231,3.53,True
automated_osu035_openmsp430_latest_final_spartan6_pmem.gml,32,16,0,16,0,0,0,1.0,False
automated_osu035_cookbook_final_float_to_fixed.gml,122,227,16,9,0,50,13,3.72,False
automated_osu035_RSA-Verilog-master_final_serial_to_parallel.gml,862,1495,10,116,0,180,19,3.47,True
automated_osu035_cookbook_final_crc32_dat96_flat.gml,3810,7631,128,32,298,935,1739,4.01,True
automated_osu035_generic_fifos_latest_final_generic_fifo_d.gml,13042,29658,14,14,10,2624,548,4.55,True
automated_osu035_minsoc_latest_final_or1200_fpu_pre_norm_di.gml,1394,2754,63,87,1,312,277,3.95,False
automated_osu035_dpll-isdn_latest_final_dpll.gml,304,631,2,5,2,67,64,4.15,True
automated_osu035_mriscvcore_final_AOI22_X2.gml,6,5,4,1,0,0,0,1.67,True
automated_osu035_8051_latest_final_oc8051_indi_addr.gml,402,917,23,8,0,80,51,4.56,True
automated_osu035_mriscvcore_final_OAI211_X2.gml,7,6,4,1,0,1,0,1.71,True
automated_osu035_turbo8051_latest_final_clkg.gml,167,343,4,5,0,32,22,4.11,True
automated_osu035_iwls_final_ADDHX1.gml,4,2,0,2,0,0,0,1.0,False
automated_osu035_signed_integer_divider_latest_final_shift_7.gml,402,657,39,32,0,111,1,3.27,True
automated_osu035_minsoc_latest_final_or1200_ic_ram.gml,64,32,0,32,0,0,0,1.0,False
automated_osu035_cookbook_final_gearbox_20_66.gml,972,2084,22,67,0,158,68,4.29,True
automated_osu035_mriscvcore_final_OAI22_X4.gml,6,5,4,1,0,0,0,1.67,True
automated_osu035_iwls_final_sbox5.gml,152,355,6,4,0,61,41,4.67,True
automated_osu035_jt51_latest_final_jt51_sintabl.gml,634,1562,8,12,0,192,119,4.93,True
automated_osu035_rs_encoder_decoder_latest_final_GF8Mult103.gml,66,108,8,8,5,15,18,3.27,True
automated_osu035_openmsp430_latest_final_spartan3a_dmem.gml,32,16,0,16,0,0,0,1.0,False
automated_osu035_cookbook_final_gearbox_33_32.gml,939,2095,37,34,0,320,62,4.46,True
automated_osu035_mriscvcore_final_TBUF_X16.gml,3,2,1,1,0,0,0,1.33,True
automated_osu035_minsoc_latest_final_or1200_dpram_32x32.gml,5760,12719,49,32,0,663,1029,4.42,True
automated_osu035_rs_encoder_decoder_latest_final_GF8Mult117.gml,121,243,8,8,1,36,29,4.02,True
automated_osu035_reed_solomon_codec_generator_latest_final_RsDecodeDpRam.gml,18065,39536,30,9,0,3266,1543,4.38,True
automated_osu035_cookbook_final_gf_mult_by_d3.gml,129,268,8,8,1,47,17,4.16,True
automated_osu035_8051_latest_final_oc8051_divid.gml,420,913,19,17,2,120,40,4.35,True
automated_osu035_sha3_latest_final_f_permutatio.gml,39370,92018,579,1602,339,15782,2861,4.67,True
automated_osu035_cookbook_final_gf_mult_by_18.gml,80,137,8,8,1,19,17,3.42,True
automated_osu035_cookbook_final_gf_mult_by_3f.gml,120,239,8,8,4,51,12,3.98,True
automated_osu035_openmsp430_latest_final_sync_debouncer_10ms.gml,133,288,3,1,1,24,26,4.33,True
automated_osu035_cookbook_final_gf_mult_by_e7.gml,129,267,8,8,1,52,10,4.14,True
automated_osu035_double_fpu_latest_final_fpu_su.gml,6049,12866,134,68,8,1201,807,4.25,True
automated_osu035_sdr_ctrl_latest_final_sdrc_bs_convert.gml,577,1039,60,54,0,88,8,3.6,True
automated_osu035_cookbook_final_gf_mult_by_24.gml,100,183,8,8,3,39,17,3.66,True
automated_osu035_cookbook_final_gf_mult_by_30.gml,56,87,8,8,3,11,16,3.11,True
automated_osu035_cookbook_final_gf_mult_by_ea.gml,53,80,8,8,4,11,14,3.02,True
automated_osu035_iscas_final_c7552.gml,1805,3366,207,108,33,432,337,3.73,False
automated_osu035_iwls_final_pci_wbw_fifo_control.gml,396,922,5,19,17,95,65,4.66,True
automated_osu035_aes-master_final_aes_encipher_block.gml,4514,9637,292,165,158,949,1183,4.27,True
automated_osu035_csa_latest_final_ts_serial_out.gml,615,1150,70,9,0,262,5,3.74,True
automated_osu035_minsoc_latest_final_eth_registers.gml,2649,4877,112,290,0,709,130,3.68,True
automated_osu035_rs_encoder_decoder_latest_final_GF8Mult48.gml,52,71,8,8,5,6,12,2.73,True
automated_osu035_des-master_final_sbox4.gml,151,343,6,4,0,59,36,4.54,True
automated_osu035_m32632_latest_final_DRAM_SM.gml,1121,2040,96,48,8,182,128,3.64,False
automated_osu035_pairing_latest_final_f32m_add4.gml,10476,18818,1552,388,0,2910,582,3.59,False
automated_osu035_aes_highthroughput_lowarea_latest_final_MULD.gml,138,229,8,8,0,41,34,3.32,True
automated_osu035_rs_encoder_decoder_latest_final_GF8Mult74.gml,79,135,8,8,2,20,18,3.42,True
automated_osu035_a-z80_latest_final_pin_control.gml,29,36,9,3,0,4,3,2.48,True
automated_osu035_rs_encoder_decoder_latest_final_GF8Mult60.gml,94,174,8,8,6,33,21,3.7,True
automated_osu035_rs_encoder_decoder_latest_final_GF8Mult61.gml,90,169,8,8,4,28,13,3.76,True
automated_osu035_cookbook_final_chain_delay_rand.gml,545,1124,2,11,0,108,110,4.12,True
automated_osu035_cookbook_final_error_loc_poly_round.gml,26094,58353,393,260,999,9879,5278,4.47,False
automated_osu035_cookbook_final_pipe_equal.gml,356,535,130,1,0,74,69,3.01,True
automated_osu035_iwls_final_TLATSRX1.gml,4,2,0,2,0,0,0,1.0,False
automated_osu035_aes_highthroughput_lowarea_latest_final_MULE.gml,138,229,8,8,0,41,34,3.32,True
automated_osu035_amber_latest_final_wb_xs6_ddr3_bridg.gml,2028,3392,198,213,0,168,17,3.35,False
automated_osu035_rs_encoder_decoder_latest_final_GF8Mult75.gml,94,167,8,8,3,33,22,3.55,True
automated_osu035_iwls_final_mc_cs_rf.gml,463,851,63,68,0,87,13,3.68,True
automated_osu035_iwls_final_s1494_.gml,430,1050,10,19,0,112,62,4.88,True
automated_osu035_des-master_final_sbox5.gml,149,346,6,4,0,56,35,4.64,True
automated_osu035_ft816float_latest_final_fpDecompos.gml,233,251,32,64,0,16,25,2.15,False
automated_osu035_Aquarius_latest_final_rom.gml,2350,5236,13,32,0,750,674,4.46,True
automated_osu035_aes_highthroughput_lowarea_latest_final_MUL3.gml,62,87,8,8,0,11,22,2.81,True
automated_osu035_rs_encoder_decoder_latest_final_GF8Mult49.gml,64,97,8,8,2,9,17,3.03,True
automated_osu035_mriscvcore_final_NAND4_X1.gml,8,7,4,1,0,3,0,1.75,True
automated_osu035_cookbook_final_crc24_zer64x2_flat.gml,668,1371,24,24,34,273,180,4.1,True
automated_osu035_cookbook_final_gf_mult_by_31.gml,73,117,8,8,5,13,21,3.21,True
automated_osu035_pairing_latest_final_f3m_cubi.gml,1814,3116,194,194,0,440,88,3.44,False
automated_osu035_gcm-aes_latest_final_aes_sbox.gml,687,1732,8,8,0,179,132,5.04,True
automated_osu035_openmsp430_latest_final_spartan6_dmem.gml,32,16,0,16,0,0,0,1.0,False
automated_osu035_iscas_final_s1488.gml,1012,1743,9,19,0,404,214,3.44,True
automated_osu035_a-z80_latest_final_ir.gml,61,98,12,8,0,9,0,3.21,True
automated_osu035_m1_core_latest_final_ddr_pulse78.gml,51,108,2,1,0,14,5,4.24,True
automated_osu035_cookbook_final_gf_mult_by_dd.gml,93,172,8,8,2,29,14,3.7,True
automated_osu035_cookbook_final_crc24_zer64x3_flat.gml,599,1194,24,24,38,201,202,3.99,True
automated_osu035_cookbook_final_two_to_o.gml,535,1013,70,35,0,133,2,3.79,True
automated_osu035_cookbook_final_gf_mult_by_25.gml,74,126,8,8,2,31,6,3.41,True
automated_osu035_iwls_final_mc_timing.gml,1489,3264,73,32,3,356,319,4.38,True
automated_osu035_ft816float_latest_final_cntlo64.gml,371,571,64,7,0,51,49,3.08,True
automated_osu035_cookbook_final_gf_mult_by_e6.gml,106,208,8,8,1,28,19,3.92,True
automated_osu035_Aquarius_latest_final_decod.gml,2374,5160,41,136,1,528,230,4.35,True
automated_osu035_cookbook_final_gf_mult_by_d2.gml,60,95,8,8,1,10,19,3.17,True
automated_osu035_cookbook_final_gf_mult_by_19.gml,60,95,8,8,4,11,15,3.17,True
automated_osu035_reed_solomon_decoder_latest_final_RS_d.gml,64956,149495,11,10,140,11716,6458,4.6,True
automated_osu035_double_fpu_latest_final_fpu.gml,64809,154279,136,70,921,18716,9052,4.76,True
automated_osu035_rs_encoder_decoder_latest_final_GF8Mult116.gml,96,180,8,8,0,33,12,3.75,True
automated_osu035_fpu_latest_final_except.gml,206,263,63,12,0,33,45,2.55,True
automated_osu035_mriscvcore_final_divM.gml,535,1098,35,1,1,155,129,4.1,True
automated_osu035_rs_encoder_decoder_latest_final_GF8Mult102.gml,49,70,8,8,3,5,15,2.86,True
automated_osu035_cookbook_final_k_tabl.gml,1380,3258,7,64,0,440,248,4.72,True
automated_osu035_cavlc_latest_final_cavlc_read_run_befores.gml,2169,4366,168,152,2,252,120,4.03,True
automated_osu035_cookbook_final_gearbox_20_67.gml,1198,2625,23,68,1,307,91,4.38,True
automated_osu035_cookbook_final_gearbox_66_32.gml,1409,3097,70,34,0,440,69,4.4,True
automated_osu035_iwls_final_sbox4.gml,153,365,6,4,0,61,35,4.77,True
automated_osu035_minsoc_latest_final_or1200_tt.gml,660,1409,38,33,14,148,79,4.27,True
automated_osu035_RSA-CRYPTOSYSTEM-using-verilog-master_final_mod.gml,6511,15357,38,38,44,2509,593,4.72,True
automated_osu035_iwls_final_mfa.gml,14,22,3,2,0,4,2,3.14,True
automated_osu035_Lightweight-Threshold-Implementations-master_final_data_share2.gml,2499,4773,133,128,0,1004,257,3.82,True
automated_osu035_mem_ctrl_latest_final_mc_wb_if.gml,357,483,76,39,0,49,7,2.71,True
automated_osu035_iwls_final_mc_rf.gml,4508,8871,90,233,0,2013,138,3.94,False
automated_osu035_systemcaes_latest_final_mixcolum.gml,2948,6153,132,129,28,679,313,4.17,True
automated_osu035_mriscvcore_final_AND3_X4.gml,6,5,3,1,0,1,0,1.67,True
automated_osu035_m32632_latest_final_DFPU_MISC.gml,1488,2951,95,70,1,287,142,3.97,True
automated_osu035_8051_latest_final_oc8051_ram_256x8_two_bist.gml,12343,26782,28,8,0,2497,651,4.34,True
automated_osu035_iwls_final_s444_.gml,141,325,5,6,0,27,17,4.61,True
automated_osu035_amber_latest_final_eth_shiftreg.gml,254,446,37,18,0,46,19,3.51,True
automated_osu035_mriscvcore_final_AOI211_X1.gml,8,7,4,1,0,2,1,1.75,True
automated_osu035_systemcaes_latest_final_wb_aes_controller.gml,2784,5042,174,291,0,314,15,3.62,True
automated_osu035_16x2_lcd_display_driver_latest_final_lcd_fpga.gml,301,655,3,10,0,54,40,4.35,True
automated_osu035_edge_latest_final_regfil.gml,7939,18203,49,64,0,1106,917,4.59,True
automated_osu035_rsencoder_latest_final_GFADD.gml,56,64,16,8,0,8,16,2.29,False
automated_osu035_orsoc_graphics_accelerator_latest_final_gfx_vector_processor.gml,5,4,2,1,0,0,2,1.6,True
automated_osu035_cookbook_final_adder_tree_nod.gml,220,345,33,17,2,39,44,3.14,True
automated_osu035_two_dimensional_fast_hartley_transform_latest_final_signed_mult_const_fpga.gml,411,977,11,9,2,159,42,4.75,True
automated_osu035_orsoc_graphics_accelerator_latest_final_gfx_triangl.gml,29328,67542,196,130,502,9135,5373,4.61,True
automated_osu035_reed_solomon_codec_generator_latest_final_RsDecodePolymul.gml,13088,29525,364,177,154,4363,1736,4.51,True
automated_osu035_iwls_final_can_registers.gml,1965,3922,73,218,1,459,239,3.99,False
automated_osu035_iwls_final_can_btl.gml,351,743,31,5,3,77,73,4.23,True
automated_osu035_cookbook_final_crc32_dat72_flat.gml,3485,7127,104,32,258,1018,1320,4.09,True
automated_osu035_openmsp430_latest_final_DE0_NANO_SOC_QSYS_sw.gml,279,487,26,33,0,56,34,3.49,False
automated_osu035_turbo8051_latest_final_spi_cfg.gml,762,1301,77,91,0,94,14,3.41,False
automated_osu035_iwls_final_pci_pcir_fifo_control.gml,351,830,6,19,11,52,55,4.73,True
automated_osu035_xge_mac_latest_final_generic_fifo_ctrl.gml,208,455,6,14,5,56,24,4.38,True
automated_osu035_pairing_latest_final_f33m_mux3.gml,5472,6633,1749,582,0,2328,0,2.42,True
automated_osu035_mriscvcore_final_MUX2_X1.gml,7,7,3,1,0,1,0,2.0,True
automated_osu035_openmsp430_latest_final_spartan3a_pmem.gml,32,16,0,16,0,0,0,1.0,False
automated_osu035_turbo8051_latest_final_g_deferral.gml,78,154,12,1,0,14,10,3.95,True
automated_osu035_generic_fifos_latest_final_generic_fifo_dc_gray.gml,25816,58816,22,22,6,4952,779,4.56,True
automated_osu035_epfl_final_mem_ctrl.gml,35954,80020,1204,1231,37,4670,3866,4.45,False
automated_osu035_openmsp430_latest_final_simple_counter.gml,193,351,1,32,5,47,46,3.64,True
automated_osu035_rs_encoder_decoder_latest_final_GF8Mult248.gml,72,125,8,8,2,22,17,3.47,True
automated_osu035_cookbook_final_fec_rot_29.gml,528,1007,32,32,29,180,124,3.81,True
automated_osu035_turbo8051_latest_final_wb_crossbar.gml,2270,4635,290,272,0,65,99,4.08,True
automated_osu035_tiny_aes_latest_final_T.gml,1463,3676,9,32,0,379,312,5.03,True
automated_osu035_reed_solomon_codec_generator_latest_final_RsDecodeErasur.gml,11391,25852,5,191,162,4488,1716,4.54,True
automated_osu035_aes-128_pipelined_encryption_latest_final_SubBytes.gml,11923,29282,131,129,0,3280,1952,4.91,True
automated_osu035_cavlc_latest_final_cavlc_fsm.gml,289,599,27,14,1,69,52,4.15,True
automated_osu035_tiny_aes_latest_final_expand_key_type_C_192.gml,4495,9538,201,320,88,920,816,4.24,True
automated_osu035_cookbook_final_crc24_zer64_flat.gml,771,1608,24,24,36,314,192,4.17,True
automated_osu035_cookbook_final_fec_rot_15.gml,232,353,32,32,15,65,33,3.04,True
automated_osu035_trigonometric_functions_in_double_fpu_latest_final_top.gml,12422,28161,37,64,17,4011,3699,4.53,True
automated_osu035_iwls_final_key_g.gml,626,1264,61,104,0,74,5,4.04,True
automated_osu035_tiny_aes_latest_final_expand_key_type_A_256.gml,4963,10222,265,384,152,984,856,4.12,True
automated_osu035_viterb_encoder_and_decoder_final_mem_disp.gml,6552,14990,13,1,0,1122,309,4.58,True
automated_osu035_cookbook_final_fec_rot_17.gml,273,441,32,32,14,80,49,3.23,True
automated_osu035_turbo8051_latest_final_g_tx_fsm.gml,565,1091,51,35,0,113,50,3.86,True
automated_osu035_iwls_final_mc_wb_if.gml,305,430,76,39,0,51,7,2.82,True
automated_osu035_iwls_final_pci_mas_ch_state_crit.gml,9,8,4,1,0,1,0,1.78,True
automated_osu035_cookbook_final_passwd_crypt.gml,25702,63070,74,97,897,8276,5678,4.91,False
automated_osu035_m32632_latest_final_KOLDETECT.gml,781,1395,115,37,2,155,86,3.57,True
automated_osu035_ft816float_latest_final_delay2.gml,13,18,3,1,0,2,0,2.77,True
automated_osu035_aes-128_pipelined_encryption_latest_final_AddRoundKey.gml,1345,2240,260,129,0,385,128,3.33,True
automated_osu035_a-z80_latest_final_alu_mux_4.gml,11,11,6,1,0,0,0,2.0,True
automated_osu035_openmsp430_latest_final_omsp_dbg_hwbrk.gml,526,997,63,18,26,100,108,3.79,True
automated_osu035_openmsp430_latest_final_ext_de1_sram.gml,65,91,14,7,1,19,21,2.8,True
automated_osu035_iwls_final_s526n_.gml,172,403,5,6,0,50,26,4.69,True
automated_osu035_iwls_final_simple_spi_top.gml,719,1644,16,12,1,96,134,4.57,True
automated_osu035_sha256-master_final_sha256_w_mem.gml,6037,12701,516,32,13,817,340,4.21,True
automated_osu035_minsoc_latest_final_eth_rxcounters.gml,416,763,30,32,2,87,94,3.67,True
automated_osu035_jt51_latest_final_jt51.gml,27162,59363,13,109,96,8404,2244,4.37,False
automated_osu035_trigonometric_functions_in_double_fpu_latest_final_cosecant_lut.gml,1840,3926,34,64,0,554,525,4.27,True
automated_osu035_aes-128_pipelined_encryption_latest_final_RoundKeyG.gml,6299,14356,163,129,0,1716,744,4.56,True
automated_osu035_aes_highthroughput_lowarea_latest_final_mix_columns.gml,3472,5936,128,128,0,608,1216,3.42,False
automated_osu035_jt51_latest_final_jt51_sh1.gml,137,264,4,1,0,32,1,3.85,True
automated_osu035_reed_solomon_decoder_latest_final_GF_matrix_d.gml,639,1576,10,8,0,124,41,4.93,True
automated_osu035_m1_core_latest_final_ddr_rpat.gml,1746,3589,21,33,0,322,53,4.11,False
automated_osu035_rs_encoder_decoder_latest_final_GF8Add.gml,56,64,16,8,0,8,16,2.29,False
automated_osu035_iwls_final_clock_ckt.gml,516,985,61,77,0,55,35,3.82,False
automated_osu035_tiny_tate_bilinear_pairing_latest_final_muxer.gml,1447,1644,397,198,0,198,0,2.27,True
automated_osu035_RSA-Verilog-master_final_parallel_to_serial.gml,2087,3704,259,9,0,531,9,3.55,True
automated_osu035_cpu8080_latest_final_intcontrol.gml,5342,10580,44,34,0,2015,805,3.96,False
automated_osu035_iscas_final_NR2.gml,5,4,2,1,0,0,1,1.6,True
automated_osu035_cookbook_final_dec_67_64.gml,409,539,68,66,0,67,132,2.64,False
automated_osu035_viterb_encoder_and_decoder_final_decoder.gml,84190,184174,5,1,25,4569,9920,4.38,True
automated_osu035_cookbook_final_reg_cam_cell.gml,486,873,100,1,0,35,10,3.59,True
automated_osu035_cookbook_final_shift_rows.gml,384,256,128,128,0,0,0,1.33,False
automated_osu035_iwls_final_key_sel3.gml,1992,4762,175,48,0,1072,192,4.78,True
automated_osu035_jt51_latest_final_jt51_nois.gml,1178,2610,19,11,0,124,65,4.43,True
automated_osu035_minsoc_latest_final_or1200_fpu.gml,160,80,0,80,0,0,1,1.0,False
automated_osu035_csa_latest_final_hex2seg.gml,55,99,4,8,0,15,6,3.6,False
automated_osu035_mriscvcore_final_AOI22_X1.gml,6,5,4,1,0,0,0,1.67,True
automated_osu035_AES-T1000_final_S4.gml,2838,7177,33,32,0,760,608,5.06,True
automated_osu035_iwls_final_pci_wb_addr_mux.gml,184,248,36,38,0,34,2,2.7,False
automated_osu035_Aquarius_latest_final_uart.gml,933,1998,33,34,2,193,122,4.28,False
automated_osu035_mem_ctrl_latest_final_mc_cs_rf.gml,578,966,63,68,0,98,9,3.34,True
automated_osu035_m1_core_latest_final_wb_int_ctrl.gml,134,132,34,34,0,12,20,1.97,False
automated_osu035_mriscv_final_DAC_interface_AXI.gml,275,397,19,49,0,14,21,2.89,False
automated_osu035_aes_highthroughput_lowarea_latest_final_aes_top_exampl.gml,51639,113558,45,35,396,12045,11520,4.4,True
automated_osu035_AES-T1000_final_Trojan_Trigger.gml,2,1,0,1,0,0,0,1.0,True
automated_osu035_iscas_final_c6288.gml,3071,7631,32,32,15,1639,292,4.97,True
automated_osu035_iwls_final_eth_maccontrol.gml,976,2035,103,20,14,205,166,4.17,True
automated_osu035_pairing_latest_final_f3m_mux6.gml,2412,3376,1170,194,0,194,0,2.8,True
automated_osu035_mriscvcore_final_OAI211_X1.gml,7,6,4,1,0,1,0,1.71,True
automated_osu035_rs_encoder_decoder_latest_final_RS8Controller.gml,404,801,6,33,0,83,80,3.97,True
automated_osu035_iwls_final_s8.gml,140,332,6,4,0,38,41,4.74,True
automated_osu035_openmsp430_latest_final_io_mux.gml,184,200,48,32,0,24,8,2.17,False
automated_osu035_cookbook_final_reset_filter.gml,8,11,3,1,0,0,0,2.75,True
automated_osu035_crcahb_latest_final_crc_control_unit.gml,157,321,6,11,0,32,24,4.09,True
automated_osu035_reed_solomon_decoder_latest_final_GF_matrix_ascending_binary.gml,630,1535,10,8,1,119,48,4.87,True
automated_osu035_iwls_final_ac97_out_fifo.gml,2826,7094,38,24,2,634,234,5.02,True
automated_osu035_reed_solomon_codec_generator_latest_final_RsDecodeTop.gml,91823,211671,13,36,1476,26999,12444,4.61,False
automated_osu035_iwls_final_sbox6.gml,147,347,6,4,0,60,37,4.72,True
automated_osu035_rs_encoder_decoder_latest_final_GF8Mult128.gml,70,119,8,8,2,9,22,3.4,True
automated_osu035_mriscvcore_final_OR2_X4.gml,4,3,2,1,0,0,1,1.5,True
automated_osu035_aes_highthroughput_lowarea_latest_final_inv_byte_mix_columns.gml,580,1016,32,8,0,164,184,3.5,True
automated_osu035_iwls_final_ac97_top.gml,702,1312,20,26,2,207,173,3.74,True
automated_osu035_rs_encoder_decoder_latest_final_GF8Mult114.gml,97,187,8,8,2,30,17,3.86,True
automated_osu035_cookbook_final_ab_register.gml,11647,23962,643,512,93,3700,1285,4.11,True
automated_osu035_rs_encoder_decoder_latest_final_GF8Mult100.gml,65,102,8,8,3,15,15,3.14,True
automated_osu035_minsoc_latest_final_eth_txethma.gml,1373,2858,85,24,10,322,263,4.16,True
automated_osu035_cookbook_final_gf_mult_by_e4.gml,93,162,8,8,3,26,17,3.48,True
automated_osu035_ecg_latest_final_f3_mult.gml,18,24,4,2,0,4,0,2.67,True
automated_osu035_rs_encoder_decoder_latest_final_GF8Mult88.gml,106,194,8,8,4,41,17,3.66,True
automated_osu035_cookbook_final_gf_mult_by_2a.gml,50,73,8,8,1,5,17,2.92,True
automated_osu035_cookbook_final_gf_mult_by_d0.gml,87,155,8,8,1,29,16,3.56,True
automated_osu035_cookbook_final_gf_mult_by_f8.gml,98,179,8,8,2,40,12,3.65,True
automated_osu035_amber_latest_final_interrupt_controller.gml,1112,2386,59,36,0,204,63,4.29,False
automated_osu035_iwls_final_eth_rxethma.gml,1181,2412,143,38,5,255,183,4.08,True
automated_osu035_Lightweight-Threshold-Implementations-master_final_p_keysch11.gml,1184,2609,5,64,2,319,110,4.41,True
automated_osu035_cookbook_final_gf_mult_by_33.gml,60,98,8,8,4,5,23,3.27,True
automated_osu035_cookbook_final_gf_mult_by_27.gml,73,125,8,8,1,24,8,3.42,True
automated_osu035_cookbook_final_gf_mult_by_df.gml,121,231,8,8,4,31,27,3.82,True
automated_osu035_openmsp430_latest_final_DE0_NANO_SOC_Default.gml,172,323,2,11,3,45,36,3.76,False
automated_osu035_iscas_final_s382.gml,235,400,4,6,0,57,63,3.4,True
automated_osu035_des-master_final_sbox7.gml,152,343,6,4,0,58,36,4.51,True
automated_osu035_iwls_final_usbf_mem_ar.gml,466,532,132,115,0,3,3,2.28,False
automated_osu035_amber_latest_final_eth_fifo.gml,1898,4082,37,40,0,246,187,4.3,True
automated_osu035_jt51_latest_final_sh_encod.gml,192,402,18,2,1,51,21,4.19,True
automated_osu035_iwls_final_ejtag_dclkand2.gml,4,3,2,1,0,1,0,1.5,True
automated_osu035_turbo8051_latest_final_toggle_sy.gml,23,36,6,1,1,5,4,3.13,True
automated_osu035_iscas_final_AN3.gml,7,6,3,1,0,1,0,1.71,True
automated_osu035_rs_encoder_decoder_latest_final_GF8Mult63.gml,87,151,8,8,3,16,21,3.47,True
automated_osu035_cookbook_final_split_add.gml,266,423,40,20,5,40,66,3.18,True
automated_osu035_jt51_latest_final_jt51_lfo_lfsr.gml,112,235,3,1,1,10,4,4.2,True
automated_osu035_rs_encoder_decoder_latest_final_GF8Mult77.gml,113,220,8,8,3,46,17,3.89,True
automated_osu035_iscas_final_s15850.gml,11256,15505,77,150,0,2757,897,2.75,False
automated_osu035_minsoc_latest_final_eth_rxaddrcheck.gml,437,679,145,2,3,39,46,3.11,True
automated_osu035_suslik_latest_final_datacache_get_write_data.gml,3199,3861,518,512,0,536,71,2.41,True
automated_osu035_iwls_final_adc_comb_d.gml,1760,4067,7,18,35,482,360,4.62,True
automated_osu035_ecg_latest_final_f3_su.gml,22,35,4,2,0,5,1,3.18,True
automated_osu035_rs_encoder_decoder_latest_final_GF8Mult76.gml,98,176,8,8,5,33,29,3.59,True
automated_osu035_cookbook_final_uart_tx.gml,188,390,11,2,1,22,37,4.15,True
automated_osu035_cookbook_final_expand.gml,128,96,32,48,0,0,0,1.5,False
automated_osu035_rs_encoder_decoder_latest_final_GF8Mult62.gml,97,178,8,8,1,26,16,3.67,True
automated_osu035_pairing_latest_final_f3_su.gml,22,35,4,2,0,5,1,3.18,True
automated_osu035_iscas_final_AN2.gml,5,4,2,1,0,1,0,1.6,True
automated_osu035_cmac-master_final_cma.gml,34030,83294,44,32,326,7541,5392,4.9,True
automated_osu035_mriscvcore_final_NAND4_X2.gml,8,7,4,1,0,3,0,1.75,True
automated_osu035_mem_ctrl_latest_final_mc_timing.gml,2999,6468,72,32,0,858,739,4.31,True
automated_osu035_des-master_final_sbox6.gml,156,352,6,4,0,68,36,4.51,True
automated_osu035_cookbook_final_gf_mult_by_26.gml,76,134,8,8,3,20,12,3.53,True
automated_osu035_openmsp430_latest_final_omsp_timerA.gml,1726,3924,47,24,0,435,218,4.55,True
automated_osu035_AES-T100_final_final_round.gml,11985,29728,257,128,0,3168,2688,4.96,True
automated_osu035_cookbook_final_gf_mult_by_f9.gml,85,145,8,8,2,27,16,3.41,True
automated_osu035_cookbook_final_gf_mult_by_32.gml,59,96,8,8,3,10,17,3.25,True
automated_osu035_Lightweight-Threshold-Implementations-master_final_p_keysch10.gml,994,2174,12,64,0,31,200,4.37,True
automated_osu035_reed_solomon_decoder_latest_final_out_stag.gml,196,358,11,20,0,26,26,3.65,True
automated_osu035_rs_encoder_decoder_latest_final_GF8Mult89.gml,122,247,8,8,4,31,27,4.05,True
automated_osu035_iscas_final_s13207.gml,9690,13394,62,152,0,2209,785,2.76,False
automated_osu035_cookbook_final_gf_mult_by_d1.gml,118,222,8,8,6,33,32,3.76,True
automated_osu035_iwls_final_spi_shift.gml,2136,5070,57,131,4,342,269,4.75,True
automated_osu035_cookbook_final_gf_mult_by_e5.gml,120,235,8,8,5,44,25,3.92,True
automated_osu035_cookbook_final_gf_mult_by_3d.gml,83,147,8,8,4,25,22,3.54,True
automated_osu035_rs_encoder_decoder_latest_final_GF8Mult101.gml,73,118,8,8,2,16,17,3.23,True
automated_osu035_xgate_latest_final_semaphore_bit.gml,31,54,8,2,0,12,0,3.48,True
automated_osu035_rs_encoder_decoder_latest_final_GF8Mult115.gml,85,147,8,8,5,23,20,3.46,True
automated_osu035_iwls_final_ac97_dma_req.gml,28,34,10,1,0,8,1,2.43,True
automated_osu035_iwls_final_mc_obct_dummy.gml,6,3,0,3,0,0,0,1.0,False
automated_osu035_iwls_final_DSP_CORE_vsia_tst_wp_cell_i.gml,12,13,5,2,0,1,0,2.17,True
automated_osu035_iwls_final_lmi_alig.gml,189,333,37,32,0,40,5,3.52,True
automated_osu035_iwls_final_pci_target32_sm.gml,519,638,98,133,0,43,38,2.46,False
automated_osu035_rs_encoder_decoder_latest_final_GF8GenMultBitSer.gml,237,439,19,9,3,11,17,3.7,True
automated_osu035_rs_encoder_decoder_latest_final_GF8Mult129.gml,85,150,8,8,2,18,20,3.53,True
automated_osu035_iwls_final_sbox7.gml,154,367,6,4,0,62,39,4.77,True
automated_osu035_double_fpu_latest_final_fpu_di.gml,9535,20629,131,69,33,1981,1254,4.33,False
automated_osu035_RSA-Verilog-master_final_LED_Verilog.gml,161,309,1,8,3,47,39,3.84,True
automated_osu035_fast_log_latest_final_Log2flowthru.gml,401,914,21,8,0,135,39,4.56,True
automated_osu035_amber_latest_final_eth_wishbo.gml,57303,135822,144,122,8,18181,727,4.74,True
automated_osu035_aes-encryption_latest_final_aes_cipher_top.gml,32926,80985,259,129,411,8216,7286,4.92,True
automated_osu035_orsoc_graphics_accelerator_latest_final_gfx_transform.gml,68027,146575,486,241,3678,19555,21613,4.31,True
automated_osu035_iwls_final_pci_wb_decoder.gml,161,169,56,33,0,17,4,2.1,False
automated_osu035_sha1-master_final_sha1_w_mem.gml,4827,9731,516,32,0,336,176,4.03,True
automated_osu035_cookbook_final_min_max_signed.gml,175,340,18,16,1,49,13,3.89,True
automated_osu035_edge_latest_final_shifter_right_arithmeti.gml,499,998,37,32,0,173,23,4.0,True
automated_osu035_a-z80_latest_final_memory_if.gml,131,239,13,8,0,20,15,3.65,True
automated_osu035_minsoc_latest_final_eth_shiftreg.gml,241,461,37,18,0,46,27,3.83,True
automated_osu035_cpu8080_latest_final_chrrom.gml,1320,3202,11,8,0,356,256,4.85,False
automated_osu035_cookbook_final_buf_3to2.gml,655,1424,28,18,0,91,33,4.35,True
automated_osu035_reed_solomon_codec_generator_latest_final_RsDecodeSyndrom.gml,2264,4797,12,177,62,580,313,4.24,True
automated_osu035_mriscvcore_final_AOI211_X2.gml,8,7,4,1,0,2,1,1.75,True
automated_osu035_aes_highthroughput_lowarea_latest_final_ram_16x64.gml,5480,13112,75,64,0,299,417,4.79,True
automated_osu035_cookbook_final_ecc_correction_8bit.gml,74,142,5,9,0,13,17,3.84,True
automated_osu035_turbo8051_latest_final_g_tx_crc32.gml,512,1039,12,32,13,128,100,4.06,True
automated_osu035_xge_mac_latest_final_rx_stats_fifo.gml,1660,3657,19,15,6,270,86,4.41,True
automated_osu035_cookbook_final_salt_to_bi.gml,210,440,16,12,0,46,46,4.19,False
automated_osu035_orsoc_graphics_accelerator_final_color_to_memory.gml,214,344,36,36,0,26,46,3.21,True
automated_osu035_jt51_latest_final_jt51_s.gml,188,342,6,5,0,0,0,3.64,True
automated_osu035_tiny_tate_bilinear_pairing_latest_final_PPG.gml,1580,2354,196,194,0,388,0,2.98,True
automated_osu035_iwls_final_FS90B779_DAI.gml,551,1232,10,37,0,129,81,4.47,True
automated_osu035_iwls_final_DFFSRX1.gml,4,2,0,2,0,0,0,1.0,False
automated_osu035_turbo8051_latest_final_oc8051_cy_select.gml,9,9,4,1,0,2,0,2.0,True
automated_osu035_pairing_latest_final_f33m_mult.gml,45059,97077,1166,583,0,13844,1951,4.31,True
automated_osu035_rsencoder_latest_final_GFMUL8.gml,521,1117,16,8,17,221,102,4.29,True
automated_osu035_iscas_final_NR3.gml,6,5,3,1,0,0,1,1.67,True
automated_osu035_orsoc_graphics_accelerator_latest_final_memory_to_color.gml,264,432,36,36,0,20,54,3.27,False
automated_osu035_amber_latest_final_a25_coprocessor.gml,1027,1844,81,66,0,62,87,3.59,True
automated_osu035_iwls_final_pci_pciw_pcir_fifos.gml,3874,9050,88,91,16,786,317,4.67,False
automated_osu035_iwls_final_except.gml,192,253,63,12,0,35,45,2.64,True
automated_osu035_minsoc_latest_final_or1200_fpu_mul.gml,1748,3882,52,50,1,590,118,4.44,True
automated_osu035_a-z80_latest_final_alu_bit_select.gml,32,45,3,8,0,2,7,2.81,True
automated_osu035_m32632_latest_final_I_PFAD.gml,5882,12847,352,58,30,1446,806,4.37,False
automated_osu035_iwls_final_ES_ARRAY.gml,1177,2981,72,32,0,330,180,5.07,True
automated_osu035_mriscvcore_final_MUX2_X2.gml,7,7,3,1,0,1,0,2.0,True
automated_osu035_ft816float_latest_final_fp_cmp_unit.gml,511,871,64,6,17,101,143,3.41,False
automated_osu035_iwls_final_wb_dma_ch_rf.gml,36,42,12,6,0,6,12,2.33,False
automated_osu035_sha256-master_final_sha256_stream.gml,14295,31444,517,258,98,2617,1760,4.4,True
automated_osu035_cookbook_final_crc16_dat24_flat.gml,539,1101,40,16,32,166,154,4.09,True
automated_osu035_cpu8080_latest_final_scnromu.gml,239,548,8,8,0,82,45,4.59,False
automated_osu035_rs_decoder_31_19_6_latest_final_gfadder.gml,35,40,10,5,0,5,10,2.29,False
automated_osu035_ft816float_latest_final_delay3.gml,17,26,3,1,0,3,0,3.06,True
automated_osu035_trigonometric_functions_in_double_fpu_latest_final_secant_lut.gml,1770,3735,35,64,0,546,568,4.22,True
automated_osu035_sha1-master_final_sha1.gml,12325,28362,44,33,54,1647,1190,4.6,True
automated_osu035_cavlc_latest_final_cavlc_read_levels.gml,2460,5500,33,149,1,275,287,4.47,True
automated_osu035_Lightweight-Threshold-Implementations-master_final_simon_datapath_shiftreg.gml,583,1189,6,7,0,150,10,4.08,True
automated_osu035_jt51_latest_final_jt51_timers.gml,307,600,30,4,0,54,44,3.91,True
automated_osu035_cookbook_final_fec_rot_16.gml,257,407,32,32,14,76,39,3.17,True
automated_osu035_configurable_crc_core_latest_final_cfg_cr.gml,44,79,5,5,0,4,3,3.59,True
automated_osu035_tiny_aes_latest_final_S.gml,709,1793,9,8,0,190,152,5.06,True
automated_osu035_hight_latest_final_HIGHT_CORE_TOP.gml,3973,8751,198,66,49,1341,507,4.41,True
automated_osu035_iwls_final_delay1.gml,7,6,3,2,0,0,0,1.71,True
automated_osu035_present_encryptor_latest_final_sub_per.gml,688,1296,64,64,0,176,96,3.77,False
automated_osu035_m32632_latest_final_DP_LOGIK.gml,16541,35964,306,84,96,4102,2375,4.35,True
automated_osu035_cookbook_final_fec_rot_12.gml,173,229,32,32,25,20,46,2.65,True
automated_osu035_iwls_final_subbytes.gml,1192,2584,140,138,0,237,98,4.34,True
automated_osu035_Lightweight-Threshold-Implementations-master_final_serial_simo.gml,1286,2672,4,3,1,330,48,4.16,True
automated_osu035_iwls_final_tv80_mcod.gml,2222,5362,19,68,0,704,576,4.83,True
automated_osu035_mips_16_latest_final_MEM_stag.gml,18734,44129,40,40,0,526,1288,4.71,True
automated_osu035_iwls_final_tv80s.gml,6943,16804,14,32,13,1422,1084,4.84,True
osu035_osu035_automated_osu035_pairing_latest_final_f33m_mux3.gml,5241,6402,1749,582,0,2328,0,2.44,True
automated_osu035_iwls_final_pci_conf_cyc_addr_d.gml,138,195,32,32,0,34,2,2.83,False
automated_osu035_turbo8051_latest_final_oc8051_wb_iinterfa.gml,233,251,52,51,0,0,0,2.15,False
automated_osu035_amber_latest_final_a25_register_bank.gml,10165,22488,141,160,0,1987,303,4.42,False
automated_osu035_iwls_final_eth_macstatus.gml,395,654,92,19,0,61,51,3.31,True
automated_osu035_mriscvcore_final_NOR4_X2.gml,8,7,4,1,0,1,2,1.75,True
automated_osu035_pairing_latest_final_f3m_neg.gml,582,388,194,194,0,0,0,1.33,False
automated_osu035_orsoc_graphics_accelerator_final_gfx_blender.gml,8265,18754,183,117,181,2847,1353,4.54,False
automated_osu035_a-z80_latest_final_address_lat.gml,163,306,6,4,0,72,70,3.75,True
automated_osu035_edge_latest_final_shifter_left.gml,500,991,37,32,0,166,28,3.96,True
automated_osu035_i2c_latest_final_i2c_master_bit_ctrl.gml,590,1260,27,8,5,127,106,4.27,False
automated_osu035_cookbook_final_permut.gml,96,64,32,32,0,0,0,1.33,False
automated_osu035_Lightweight-Threshold-Implementations-master_final_p_datapat.gml,5589,10914,141,128,128,2271,644,3.91,True
automated_osu035_cookbook_final_crc32c_dat32_flat.gml,2380,4979,64,32,131,862,754,4.18,True
automated_osu035_mips_16_latest_final_EX_stag.gml,232,268,24,41,0,0,38,2.31,True
automated_osu035_fast_antilog_latest_final_AntiLog2.gml,742,1714,11,24,0,207,114,4.62,True
automated_osu035_mriscvcore_final_AOI22_X4.gml,6,5,4,1,0,0,0,1.67,True
automated_osu035_iwls_final_ejtag_datai.gml,207,200,66,48,0,21,28,1.93,False
automated_osu035_rs_decoder_31_19_6_latest_final_MainControl.gml,246,469,12,16,0,44,49,3.81,True
automated_osu035_orsoc_graphics_accelerator_final_gfx_fragment_processor.gml,7343,17012,273,125,70,2640,912,4.63,False
automated_osu035_cookbook_final_crc32_dat80_flat.gml,3717,7485,112,32,247,996,1431,4.03,True
automated_osu035_minsoc_latest_final_or1200_fpu_post_norm_intfloat_co.gml,2616,5662,66,36,3,619,392,4.33,True
automated_osu035_gcm-aes_latest_final_aes_key_expand_128.gml,4336,9968,130,128,1,1092,826,4.6,True
automated_osu035_mriscvcore_final_ALU.gml,3275,6658,111,36,14,782,474,4.07,True
automated_osu035_turbo8051_latest_final_sfifo.gml,2219,4535,24,10,0,626,233,4.09,True
automated_osu035_gost28147-89_latest_final_gost89_sbox.gml,204,306,68,4,0,60,20,3.0,True
automated_osu035_cookbook_final_fec_rot_n2112.gml,504,920,32,32,56,118,209,3.65,True
automated_osu035_mriscvcore_final_OAI211_X4.gml,7,6,4,1,0,1,0,1.71,True
automated_osu035_pairing_latest_final_f3m_mux3.gml,1788,2173,585,194,0,776,0,2.43,True
automated_osu035_AES-T100_final_S4.gml,2838,7177,33,32,0,760,608,5.06,True
automated_osu035_rs_encoder_decoder_latest_final_GF8Mult111.gml,84,154,8,8,3,25,15,3.67,True
automated_osu035_amber_latest_final_eth_outputcontrol.gml,69,119,14,2,0,12,8,3.45,True
automated_osu035_rs_encoder_decoder_latest_final_GF8Mult105.gml,95,175,8,8,0,16,33,3.68,True
automated_osu035_openmsp430_latest_final_spartan3adsp_pmem.gml,32,16,0,16,0,0,0,1.0,False
automated_osu035_iwls_final_usbf_pl.gml,43,54,8,8,7,0,19,2.51,True
automated_osu035_iwls_final_i2c_master_bit_ctrl.gml,433,971,27,8,0,106,83,4.48,False
automated_osu035_iwls_final_pci_frame_en_crit.gml,8,7,4,1,0,2,0,1.75,True
automated_osu035_mriscvcore_final_OR2_X1.gml,4,3,2,1,0,0,1,1.5,True
automated_osu035_mriscvcore_final_OAI22_X2.gml,6,5,4,1,0,0,0,1.67,True
automated_osu035_iwls_final_spi_top.gml,2654,6530,45,45,4,487,319,4.92,False
automated_osu035_iwls_final_sbox3.gml,146,331,6,4,0,52,41,4.53,True
automated_osu035_signed_integer_divider_latest_final_shift_1.gml,199,260,33,32,0,31,1,2.61,True
automated_osu035_rs_encoder_decoder_latest_final_GF8Mult139.gml,84,140,8,8,0,19,20,3.33,True
automated_osu035_cookbook_final_gf_mult_by_36.gml,60,96,8,8,3,16,12,3.2,True
automated_osu035_sha512-master_final_sha512_w_mem.gml,11855,25236,1028,64,28,1486,718,4.26,True
automated_osu035_cookbook_final_gf_mult_by_22.gml,73,112,8,8,2,17,12,3.07,True
automated_osu035_turbo8051_latest_final_g_cfg_mgmt.gml,3125,6080,77,255,6,673,225,3.89,True
automated_osu035_minsoc_latest_final_uart_sync_flops.gml,14,17,5,1,0,2,0,2.43,True
automated_osu035_iwls_final_ejtag_edge2toggl.gml,12,18,3,1,0,2,0,3.0,True
automated_osu035_rs_encoder_decoder_latest_final_GF8Mult99.gml,66,103,8,8,3,13,16,3.12,True
automated_osu035_cookbook_final_crc32_dat112_flat.gml,5138,10450,144,32,320,1369,1939,4.07,True
automated_osu035_iwls_final_aes_cipher_top.gml,539,934,41,16,4,312,124,3.47,True
automated_osu035_cookbook_final_gf_mult_by_e1.gml,105,204,8,8,1,44,15,3.89,True
automated_osu035_iscas_final_s344.gml,219,333,10,11,0,65,36,3.04,True
automated_osu035_AES-T1000_final_final_round.gml,11985,29728,257,128,0,3168,2688,4.96,True
automated_osu035_cookbook_final_gf_mult_by_d5.gml,90,156,8,8,3,28,17,3.47,True
automated_osu035_iwls_final_pci_io_mux_ad_load_crit.gml,10,9,4,1,0,2,0,1.8,True
automated_osu035_signed_integer_divider_latest_final_divider_dshift.gml,4726,10118,67,65,5,1124,539,4.28,True
automated_osu035_mem_ctrl_latest_final_mc_adr_sel.gml,967,1998,61,50,4,153,98,4.13,False
automated_osu035_rtf8088_latest_final_evaluate_bra.gml,111,182,29,1,0,21,26,3.28,True
automated_osu035_cookbook_final_gf_mult_by_2d.gml,64,104,8,8,5,12,21,3.25,True
automated_osu035_des-master_final_key_sel.gml,1229,2903,61,48,3,296,105,4.72,True
automated_osu035_iwls_final_wb_dma_pri_enc_su.gml,16,8,0,8,0,0,0,1.0,False
automated_osu035_amber_latest_final_eth_cr.gml,312,610,8,33,5,79,43,3.91,True
automated_osu035_rs_encoder_decoder_latest_final_GF8Mult66.gml,62,98,8,8,2,12,19,3.16,True
automated_osu035_turbo8051_latest_final_oc8051_dptr.gml,170,269,30,16,0,39,5,3.16,True
automated_osu035_cookbook_final_chain_delay_adjust.gml,372,753,5,25,0,75,43,4.05,True
automated_osu035_rs_encoder_decoder_latest_final_Mux8To1.gml,57,64,17,8,0,8,0,2.25,True
automated_osu035_aes_highthroughput_lowarea_latest_final_MULB.gml,142,233,8,8,0,41,34,3.28,True
automated_osu035_iwls_final_tv80_reg.gml,1125,2625,29,48,0,229,11,4.67,True
automated_osu035_rs_encoder_decoder_latest_final_GF8Mult72.gml,69,115,8,8,1,17,15,3.33,True
automated_osu035_jt51_latest_final_fsm_control.gml,85,55,4,36,0,0,1,1.29,False
automated_osu035_des-master_final_sbox2.gml,153,360,6,4,0,58,38,4.71,True
automated_osu035_rs_encoder_decoder_latest_final_GF8Fir8t.gml,5860,11828,85,8,72,1781,633,4.04,True
automated_osu035_aes_highthroughput_lowarea_latest_final_xtimes.gml,38,39,8,8,0,3,6,2.05,False
automated_osu035_iwls_final_pci_parity_check.gml,480,840,94,9,15,124,113,3.5,False
automated_osu035_iwls_final_pci_serr_en_crit.gml,8,9,3,1,0,1,2,2.25,True
automated_osu035_minsoc_latest_final_adbg_wb_biu.gml,875,1583,106,111,0,123,27,3.62,False
automated_osu035_fpu_latest_final_delay2.gml,11,12,3,2,0,0,0,2.18,True
automated_osu035_cookbook_final_cntr_upd.gml,261,523,22,16,4,40,31,4.01,True
automated_osu035_minsoc_latest_final_OutputCell.gml,22,29,7,2,0,2,2,2.64,True
automated_osu035_fpu_latest_final_delay3.gml,13,16,3,2,0,0,0,2.46,True
automated_osu035_des-master_final_sbox3.gml,141,318,6,4,0,50,36,4.51,True
automated_osu035_signed_integer_divider_latest_final_operator_A.gml,9,10,2,2,0,1,2,2.22,True
automated_osu035_pairing_latest_final_f32m_add3.gml,7372,12804,1164,388,0,1940,388,3.47,False
automated_osu035_aes_highthroughput_lowarea_latest_final_key_exp.gml,6922,15683,261,71,184,1644,1037,4.53,True
automated_osu035_iscas_final_s386.gml,275,461,8,7,0,98,48,3.35,True
automated_osu035_iscas_final_TX.gml,3,2,1,1,0,0,0,1.33,True
automated_osu035_verilog_fixed_point_math_library_latest_final_qmults.gml,1714,3542,66,34,15,306,292,4.13,True
automated_osu035_iwls_final_aes_rco.gml,106,137,2,32,0,14,7,2.58,False
automated_osu035_rs_encoder_decoder_latest_final_GF8Mult73.gml,77,140,8,8,0,19,20,3.64,True
automated_osu035_rs_encoder_decoder_latest_final_GF8Mult67.gml,79,136,8,8,4,16,22,3.44,True
automated_osu035_a-z80_latest_final_address_pins.gml,120,166,18,16,0,16,0,2.77,True
automated_osu035_fixed_point_arithmetic_parameterized_latest_final_top.gml,1083,2183,66,32,13,171,137,4.03,True
automated_osu035_cookbook_final_thirtysix_six_comp.gml,462,1052,36,6,0,223,93,4.55,True
automated_osu035_apbtoaes128_latest_final_host_interfa.gml,596,948,119,63,1,81,52,3.18,True
automated_osu035_cookbook_final_gf_mult_by_d4.gml,116,231,8,8,0,38,24,3.98,True
automated_osu035_AES-T100_final_one_round.gml,24732,62587,257,128,128,6960,5504,5.06,True
automated_osu035_cookbook_final_c_rand.gml,2911,7237,34,16,21,1199,332,4.97,False
automated_osu035_mem_ctrl_latest_final_mc_incn_r.gml,231,332,33,32,5,38,43,2.87,True
automated_osu035_rs_encoder_decoder_latest_final_GF8Mult98.gml,66,101,8,8,3,12,15,3.06,True
automated_osu035_minsoc_latest_final_eth_register.gml,62,98,12,8,0,16,0,3.16,True
automated_osu035_cookbook_final_gf_mult_by_3a.gml,52,77,8,8,6,5,19,2.96,True
automated_osu035_m32632_latest_final_REG_LIST.gml,60,92,12,4,0,14,4,3.07,True
automated_osu035_rs_encoder_decoder_latest_final_GF8GenMultModA.gml,68,121,16,1,0,22,4,3.56,True
automated_osu035_iwls_final_CLKBUFX1.gml,2,1,0,1,0,0,0,1.0,True
automated_osu035_cookbook_final_gf_mult_by_e0.gml,81,138,8,8,1,31,8,3.41,True
automated_osu035_iwls_final_IDEBN.gml,8,12,2,1,0,2,0,3.0,True
automated_osu035_cookbook_final_gf_mult_by_23.gml,58,87,8,8,4,11,14,3.0,True
automated_osu035_cookbook_final_gf_mult_by_37.gml,59,91,8,8,6,12,15,3.08,True
automated_osu035_cookbook_final_scrambler_lfsr.gml,735,1411,63,66,38,143,133,3.84,True
automated_osu035_apbtoaes128_latest_final_control_unit.gml,255,474,8,34,0,37,36,3.72,True
automated_osu035_cookbook_final_gf_mult_by_ef.gml,60,96,8,8,4,12,16,3.2,True
automated_osu035_rs_encoder_decoder_latest_final_GF8Mult138.gml,68,108,8,8,2,14,15,3.18,True
automated_osu035_iwls_final_s832_.gml,253,528,20,19,0,61,50,4.17,True
automated_osu035_cookbook_final_gearbox_66_20.gml,1471,3526,68,21,0,378,248,4.79,True
automated_osu035_systemcaes_latest_final_keysched.gml,1264,2322,143,139,32,209,100,3.67,False
automated_osu035_cookbook_final_inv_shift_rows.gml,384,256,128,128,0,0,0,1.33,False
automated_osu035_iwls_final_sbox2.gml,148,349,6,4,0,61,38,4.72,True
automated_osu035_rtf8088_latest_final_stkmem.gml,87854,189047,32,9,0,17039,3921,4.3,True
automated_osu035_aes_decrypt_fpga_latest_final_MUXF7.gml,8,8,3,1,0,1,0,2.0,True
automated_osu035_rs_encoder_decoder_latest_final_GF8Mult104.gml,62,102,8,8,4,10,20,3.29,True
automated_osu035_rs_encoder_decoder_latest_final_GF8Mult110.gml,93,178,8,8,2,16,23,3.83,True
automated_osu035_iwls_final_spi_clg.gml,176,353,21,3,0,32,31,4.01,True
automated_osu035_openmsp430_latest_final_ogfx_backend_frame_fifo.gml,2272,5050,84,35,8,718,208,4.45,True
automated_osu035_cookbook_final_sum_of_3bit_pair.gml,108,238,6,4,0,34,22,4.41,True
automated_osu035_iscas_final_BU.gml,3,2,1,1,0,0,0,1.33,True
automated_osu035_altor32_latest_final_altor32_wb_fet.gml,537,759,70,103,1,21,35,2.83,False
automated_osu035_mriscvcore_final_AND3_X2.gml,6,5,3,1,0,1,0,1.67,True
automated_osu035_cookbook_final_crc32_dat64_flat.gml,3496,7137,96,32,202,1053,1237,4.08,True
automated_osu035_xge_mac_latest_final_xge_ma.gml,82880,185555,170,179,416,15891,6509,4.48,True
automated_osu035_two_dimensional_fast_hartley_transform_latest_final_fht_1d_x8.gml,3160,6908,11,12,79,653,467,4.37,True
automated_osu035_iwls_final_ES_DEC.gml,81,106,20,16,0,16,7,2.62,True
automated_osu035_openmsp430_latest_final_DE0_NANO_SOC_QSYS_jtag_uart.gml,179,232,8,36,0,29,16,2.59,False
automated_osu035_tiny_aes_latest_final_aes_128.gml,8,7,3,1,0,1,0,1.75,True
automated_osu035_mriscv_final_ADC_interface_APB.gml,154,201,16,33,0,34,2,2.61,False
automated_osu035_openmsp430_latest_final_ogfx_reg_vram_if.gml,2161,4417,76,120,7,483,239,4.09,False
automated_osu035_gost28147-89_latest_final_gost89_pipelined_ecb_decrypt.gml,48206,103309,833,64,1344,17280,9824,4.29,True
automated_osu035_iwls_final_eth_spram_256x32.gml,44931,110148,44,32,0,10087,1699,4.9,True
automated_osu035_mem_ctrl_latest_final_mc_obct_dummy.gml,6,3,0,3,0,0,0,1.0,False
automated_osu035_aes_highthroughput_lowarea_latest_final_inv_mix_columns.gml,9184,16544,128,128,0,2624,2944,3.6,False
automated_osu035_amber_latest_final_eth_macstatus.gml,403,663,92,19,1,57,57,3.29,True
automated_osu035_trigonometric_functions_in_double_fpu_latest_final_dividor.gml,1144,2648,34,32,12,326,142,4.63,True
automated_osu035_cookbook_final_h_register.gml,10231,18293,515,1024,37,1544,1575,3.58,True
automated_osu035_openmsp430_latest_final_ram_8x512_hi.gml,16,8,0,8,0,0,0,1.0,False
automated_osu035_cookbook_final_syndrome_flat.gml,19,27,6,1,3,3,3,2.84,True
automated_osu035_csa_latest_final_ts_sy.gml,863,1684,11,73,2,176,22,3.9,True
automated_osu035_Aquarius_latest_final_register.gml,5678,12669,84,96,0,642,105,4.46,True
automated_osu035_viterb_encoder_and_decoder_final_tbu.gml,104,207,20,2,0,12,8,3.98,True
automated_osu035_minsoc_latest_final_or1200_ic_top.gml,914,1510,79,111,0,118,40,3.3,False
automated_osu035_aes_core_latest_final_aes_inv_cipher_top.gml,30216,73843,260,129,94,7258,5119,4.89,True
automated_osu035_m32632_latest_final_GRUPPE_2.gml,2934,6047,172,201,0,529,375,4.12,False
automated_osu035_m32632_latest_final_ex_io_bus_ctrl.gml,308,423,81,36,1,31,9,2.75,True
automated_osu035_suslik_latest_final_subagu.gml,505,765,96,38,9,76,127,3.03,False
automated_osu035_jt51_latest_final_jt51_a.gml,1312,2849,30,64,6,283,124,4.34,True
automated_osu035_aes_core_latest_final_aes_cipher_top.gml,19272,46526,259,129,213,5606,4058,4.83,True
automated_osu035_iwls_final_mc_refres.gml,202,420,22,1,2,65,51,4.16,True
automated_osu035_mriscv_final_spi_axi_slav.gml,460,788,38,40,0,72,23,3.43,False
automated_osu035_openmsp430_latest_final_spartan3adsp_dmem.gml,32,16,0,16,0,0,0,1.0,False
automated_osu035_hamming_latest_final_ham_7_4_d.gml,150,338,4,2,2,29,10,4.51,True
automated_osu035_orsoc_graphics_accelerator_latest_final_div_uu.gml,3312,6970,26,18,33,908,481,4.21,True
automated_osu035_m1_core_latest_final_ps2_keyboard.gml,702,1468,31,14,11,154,137,4.18,True
automated_osu035_iwls_final_pci_target32_clk_.gml,12,11,7,1,0,2,1,1.83,True
automated_osu035_m32632_latest_final_SHIFTER.gml,814,1751,75,37,0,430,9,4.3,True
automated_osu035_two_dimensional_fast_hartley_transform_latest_final_signed_mult_const_asi.gml,368,852,11,9,4,140,37,4.63,True
automated_osu035_cavlc_latest_final_cavlc_len_g.gml,71,85,25,5,0,7,7,2.39,True
automated_osu035_iwls_final_vga_wb_slav.gml,2108,4542,86,351,0,197,416,4.31,False
automated_osu035_amber_latest_final_wishbone_arbiter.gml,2710,3536,415,636,0,196,87,2.61,True
automated_osu035_cookbook_final_fec_rot_13.gml,194,279,32,32,21,35,41,2.88,True
automated_osu035_m32632_latest_final_DFPU_ADDSUB.gml,5178,11199,121,104,32,1395,594,4.33,True
automated_osu035_cookbook_final_uart.gml,446,922,12,11,0,56,69,4.13,True
automated_osu035_amber_latest_final_eth_miim.gml,567,1126,40,25,0,117,60,3.97,True
automated_osu035_cookbook_final_clock_mux.gml,39,60,8,1,0,5,6,3.08,True
automated_osu035_cookbook_final_eight_input_rom.gml,2,1,0,1,0,0,0,1.0,True
automated_osu035_iwls_final_s9234_1_.gml,959,2157,30,39,4,227,125,4.5,False
automated_osu035_reed_solomon_codec_generator_latest_final_RsDecodeEuclid.gml,27251,62804,185,358,478,9362,3629,4.61,True
automated_osu035_cookbook_final_crc24_dat64_only_flat.gml,1626,3310,64,24,117,559,585,4.07,True
automated_osu035_ft816float_latest_final_delay4.gml,21,34,3,1,0,4,0,3.24,True
automated_osu035_gng_latest_final_gng_smul_16_18.gml,4105,10155,35,34,35,1816,321,4.95,True
automated_osu035_iwls_final_delay2.gml,9,10,3,2,0,0,0,2.22,True
automated_osu035_a-z80_latest_final_alu_mux_2.gml,8,8,3,1,0,1,0,2.0,True
automated_osu035_iwls_final_ac97_int.gml,33,38,12,3,0,6,0,2.3,True
automated_osu035_a-z80_latest_final_interrupts.gml,60,93,12,5,0,8,2,3.1,True
automated_osu035_cookbook_final_fec_rot_11.gml,228,336,32,32,10,28,56,2.95,True
automated_osu035_sha512-master_final_sha512_cor.gml,29867,65524,1063,514,170,5384,3747,4.39,True
automated_osu035_fpga-median_latest_final_pixel_network.gml,806,1646,72,8,8,210,162,4.08,True
automated_osu035_iwls_final_s1196_.gml,425,978,16,14,0,98,71,4.6,True
automated_osu035_minsoc_latest_final_or1200_mem2reg.gml,348,654,38,32,0,113,6,3.76,True
automated_osu035_cavlc_latest_final_cavlc_read_total_zeros.gml,403,909,16,8,0,96,76,4.51,True
automated_osu035_ecg_latest_final_f3m_mult3.gml,16760,30926,1166,583,0,5595,302,3.69,True
automated_osu035_mriscvcore_final_NOR4_X1.gml,8,7,4,1,0,1,2,1.75,True
automated_osu035_cookbook_final_stream_mux.gml,112,160,24,12,0,17,8,2.86,True
automated_osu035_reed_solomon_decoder_latest_final_GF_mult_add_syndromes.gml,1893,4420,22,9,12,367,414,4.67,True
automated_osu035_orsoc_graphics_accelerator_latest_final_gfx_interp.gml,38662,83737,84,66,125,8177,4696,4.33,True
automated_osu035_turbo8051_latest_final_g_dpath_ctrl.gml,428,752,29,51,1,41,35,3.51,True
automated_osu035_iscas_final_NR4.gml,9,8,4,1,0,1,2,1.78,True
automated_osu035_iwls_final_pci_cur_out_reg.gml,346,572,90,54,0,39,33,3.31,True
automated_osu035_openmsp430_latest_final_omsp_multiplier.gml,2683,6424,35,16,17,891,326,4.79,True
automated_osu035_orsoc_graphics_accelerator_final_basic_fifo.gml,10352,22259,36,41,3,1409,1534,4.3,True
automated_osu035_suslik_latest_final_datacache_data_sel.gml,64,32,0,32,0,0,0,1.0,False
automated_osu035_mriscv_final_macstate2.gml,80,141,8,5,0,15,14,3.52,True
automated_osu035_systemcaes_latest_final_word_mixcolum.gml,1548,3364,32,64,28,420,312,4.35,True
automated_osu035_cookbook_final_ecc_raw_data_32bit.gml,96,64,32,32,0,0,0,1.33,False
automated_osu035_cookbook_final_reg_word_mux.gml,520,772,133,32,0,96,1,2.97,True
automated_osu035_mod3_calc_latest_final_type_co.gml,10,10,2,2,0,0,2,2.0,True
automated_osu035_mriscvcore_final_CLKGATE_X8.gml,2,1,0,1,0,0,0,1.0,True
automated_osu035_iwls_final_eth_rxstatem.gml,63,117,8,6,0,14,5,3.71,True
automated_osu035_rs_encoder_decoder_latest_final_GF8Mult106.gml,54,81,8,8,4,7,20,3.0,True
automated_osu035_RSA-CRYPTOSYSTEM-using-verilog-master_final_dff.gml,7,6,3,1,0,0,0,1.71,True
automated_osu035_minsoc_latest_final_adbg_or1k_biu.gml,720,1209,102,99,0,135,4,3.36,True
automated_osu035_rs_encoder_decoder_latest_final_GF8Mult112.gml,93,173,8,8,3,32,12,3.72,True
automated_osu035_cookbook_final_sum_of_64.gml,1074,2488,64,7,6,443,243,4.63,True
automated_osu035_iscas_final_s838.gml,586,924,35,1,0,185,117,3.15,True
automated_osu035_openmsp430_latest_final_counter_bus_mux.gml,8,4,0,4,0,0,0,1.0,False
automated_osu035_mriscvcore_final_OR2_X2.gml,4,3,2,1,0,0,1,1.5,True
automated_osu035_mriscvcore_final_OAI22_X1.gml,6,5,4,1,0,0,0,1.67,True
automated_osu035_cookbook_final_gf_mult_by_21.gml,68,110,8,8,2,13,17,3.24,True
automated_osu035_suslik_latest_final_codecacheramtag.gml,50807,109443,138,124,0,12629,3346,4.31,True
automated_osu035_ft816float_latest_final_cntlo48.gml,273,417,48,6,0,34,38,3.05,True
automated_osu035_md5_core-master_final_sram.gml,12977,27361,42,32,0,3120,765,4.22,True
automated_osu035_cookbook_final_gf_mult_by_ed.gml,97,177,8,8,6,31,21,3.65,True
automated_osu035_m32632_latest_final_ADDSUB.gml,600,1035,73,36,13,150,127,3.45,True
automated_osu035_cookbook_final_gf_mult_by_35.gml,58,86,8,8,2,9,18,2.97,True
automated_osu035_rs_decoder_31_19_6_latest_final_degree4_cell.gml,55,84,8,5,2,14,5,3.05,True
automated_osu035_cookbook_final_gf_mult_by_d6.gml,120,234,8,8,4,40,17,3.9,True
automated_osu035_cookbook_final_gf_mult_by_e2.gml,63,102,8,8,4,17,16,3.24,True
automated_osu035_rs_decoder_31_19_6_latest_final_degree5_cell.gml,62,100,8,5,1,18,7,3.23,True
automated_osu035_iwls_final_CLKBUFX3.gml,2,1,0,1,0,0,0,1.0,True
automated_osu035_cookbook_final_gf_mult_by_09.gml,47,67,8,8,6,5,14,2.85,True
automated_osu035_ecpu_alu_latest_final_alu_adder.gml,190,249,19,41,9,26,48,2.62,True
automated_osu035_AES-T200_final_xS.gml,697,1793,9,8,0,181,144,5.14,True
automated_osu035_rs_encoder_decoder_latest_final_GF8Mult71.gml,78,138,8,8,2,17,16,3.54,True
automated_osu035_trigonometric_functions_in_double_fpu_latest_final_cosine_lut.gml,1944,4171,35,64,0,642,522,4.29,False
automated_osu035_openmsp430_latest_final_virtex4_dmem.gml,32,16,0,16,0,0,0,1.0,False
automated_osu035_suslik_latest_final_brpred_ram.gml,39381,85078,111,97,0,10144,2675,4.32,True
automated_osu035_iwls_final_aes.gml,10671,26556,260,129,75,2356,801,4.98,True
automated_osu035_rs_encoder_decoder_latest_final_GF8Mult65.gml,77,134,8,8,5,21,17,3.48,True
automated_osu035_openmsp430_latest_final_virtex5_dmem.gml,32,16,0,16,0,0,0,1.0,False
automated_osu035_apbtoaes128_latest_final_aes_cor.gml,10876,25038,61,97,198,3035,1277,4.6,True
automated_osu035_fpu_latest_final_delay1.gml,9,8,3,2,0,0,0,1.78,True
automated_osu035_iwls_final_word_mixcolum.gml,1400,3216,32,64,28,420,312,4.59,True
automated_osu035_iwls_final_pci_cbe_en_crit.gml,8,7,4,1,0,2,0,1.75,True
automated_osu035_signed_integer_divider_latest_final_operator_C.gml,8,7,3,1,0,2,0,1.75,True
automated_osu035_fpga-median_latest_final_media.gml,5286,12070,98,72,109,1598,851,4.57,True
automated_osu035_suslik_latest_final_dataca.gml,1090,545,0,545,0,0,0,1.0,False
automated_osu035_des-master_final_sbox1.gml,158,369,6,4,0,63,40,4.67,True
automated_osu035_suslik_latest_final_brpred.gml,40712,87813,136,67,11,10514,2792,4.31,True
automated_osu035_rs_encoder_decoder_latest_final_GF8Mult59.gml,92,163,8,8,5,28,23,3.54,True
automated_osu035_pairing_latest_final_f3m_mult.gml,11201,21841,390,195,0,3231,524,3.9,True
automated_osu035_minsoc_latest_final_eth_txcounters.gml,633,1223,55,40,4,124,105,3.86,True
automated_osu035_signed_integer_divider_latest_final_operator_B.gml,12,11,4,2,0,3,0,1.83,True
automated_osu035_iwls_final_mc_incn_r.gml,198,303,33,32,4,38,44,3.06,True
automated_osu035_RSA-CRYPTOSYSTEM-using-verilog-master_final_mux.gml,8,8,3,1,0,1,0,2.0,True
automated_osu035_openmsp430_latest_final_ogfx_if_lt24.gml,966,1900,115,30,12,188,176,3.93,True
automated_osu035_rs_encoder_decoder_latest_final_GF8Mult58.gml,89,164,8,8,2,30,17,3.69,True
automated_osu035_cookbook_final_crc16_dat32_flat.gml,820,1675,48,16,43,277,273,4.09,True
automated_osu035_mriscvcore_final_NAND4_X4.gml,8,7,4,1,0,3,0,1.75,True
automated_osu035_minsoc_latest_final_adbg_top.gml,362,181,0,181,0,0,0,1.0,False
automated_osu035_turbo8051_latest_final_oc8051_memory_interfa.gml,2326,4788,199,123,5,403,203,4.12,False
automated_osu035_jt51_latest_final_jt51_lfo.gml,3124,6803,28,15,30,531,318,4.36,True
automated_osu035_minsoc_latest_final_or1200_lsu.gml,1076,1791,145,112,7,262,116,3.33,False
automated_osu035_ft816float_latest_final_f2i.gml,1033,2203,34,33,2,392,99,4.27,True
automated_osu035_iwls_final_mc_adr_sel.gml,873,1933,61,50,4,132,113,4.43,False
automated_osu035_rs_encoder_decoder_latest_final_GF8Mult64.gml,90,169,8,8,7,21,27,3.76,True
automated_osu035_iscas_final_AN4.gml,9,8,4,1,0,2,1,1.78,True
automated_osu035_openmsp430_latest_final_omsp_dbg.gml,1269,2718,54,40,4,231,182,4.28,True
automated_osu035_AES-T100_final_expand_key_128.gml,4298,9429,137,256,152,984,856,4.39,True
automated_osu035_rs_encoder_decoder_latest_final_GF8Mult70.gml,72,125,8,8,0,14,18,3.47,True
automated_osu035_tiny_tate_bilinear_pairing_latest_final_select.gml,47,52,14,7,0,7,0,2.21,True
automated_osu035_csa_latest_final_key_computer.gml,1408,1344,64,448,0,0,0,1.91,False
automated_osu035_dpll-isdn_latest_final_variableresetrandomwalkfilter.gml,234,496,3,2,2,52,51,4.24,True
automated_osu035_cookbook_final_gf_mult_by_e3.gml,75,127,8,8,4,23,15,3.39,True
automated_osu035_minsoc_latest_final_or1200_rfram_generi.gml,6742,16574,53,64,0,909,569,4.92,True
automated_osu035_iwls_final_generic_dpram.gml,2722,6202,31,16,0,745,102,4.56,True
automated_osu035_cookbook_final_gf_mult_by_08.gml,60,87,8,8,1,10,12,2.9,False
automated_osu035_iscas_final_s420.gml,285,447,19,1,0,89,57,3.14,True
automated_osu035_8051_latest_final_oc8051_psw.gml,139,248,25,10,0,29,15,3.57,False
automated_osu035_rs_encoder_decoder_latest_final_GF8GenMultModB.gml,72,123,8,7,5,23,19,3.42,True
automated_osu035_cookbook_final_gf_mult_by_2f.gml,101,185,8,8,0,30,21,3.66,True
automated_osu035_cookbook_final_gf_mult_by_d7.gml,93,174,8,8,4,27,23,3.74,True
automated_osu035_iscas_final_FD1.gml,5,4,2,1,0,0,0,1.6,True
automated_osu035_cookbook_final_gf_mult_by_34.gml,58,88,8,8,4,10,20,3.03,True
automated_osu035_numbert_sort_device_latest_final_SEG7_LUT_4.gml,204,360,16,28,0,60,24,3.53,False
automated_osu035_iwls_final_pci_out_reg.gml,16,19,6,2,0,1,0,2.38,True
automated_osu035_cookbook_final_gf_mult_by_20.gml,80,135,8,8,1,14,20,3.38,True
automated_osu035_cookbook_final_gf_mult_by_da.gml,90,159,8,8,0,23,18,3.53,True
automated_osu035_iwls_final_usbf_rf.gml,86,153,8,8,4,13,28,3.56,True
automated_osu035_iwls_final_sbox1.gml,152,364,6,4,0,59,40,4.79,True
automated_osu035_ft816float_latest_final_FloatToInt.gml,920,1994,34,33,2,265,114,4.33,True
automated_osu035_altor32_latest_final_cpu_if.gml,12142,27124,106,265,6,1514,1572,4.47,False
automated_osu035_signed_integer_divider_latest_final_shift_3.gml,295,451,35,32,0,67,1,3.06,True
automated_osu035_rs_encoder_decoder_latest_final_GF8Mult113.gml,101,186,8,8,4,37,21,3.68,True
automated_osu035_minsoc_latest_final_eth_clockg.gml,87,175,9,3,0,13,18,4.02,True
automated_osu035_xge_mac_latest_final_rx_enqueu.gml,5184,10888,148,171,199,1130,1455,4.2,False
automated_osu035_xge_mac_latest_final_stats.gml,4565,9815,40,128,23,887,376,4.3,True
automated_osu035_rs_encoder_decoder_latest_final_GF8Mult107.gml,79,141,8,8,3,27,18,3.57,True
automated_osu035_cookbook_final_ecc_raw_data_16bit.gml,48,32,16,16,0,0,0,1.33,False
automated_osu035_mriscvcore_final_AND3_X1.gml,6,5,3,1,0,1,0,1.67,True
automated_osu035_fpga-median_latest_final_state_machi.gml,648,1291,2,62,4,134,113,3.98,False
automated_osu035_sha3_latest_final_round.gml,30813,69216,1607,1600,384,14239,2309,4.49,True
automated_osu035_iwls_final_wb_conmax_rf.gml,1753,3627,108,362,0,399,130,4.14,False
automated_osu035_cookbook_final_parallax_gps.gml,2117,4098,3,199,0,175,114,3.87,True
automated_osu035_ft816float_latest_final_fpMulnr.gml,10403,23862,69,36,87,3766,1177,4.59,True
automated_osu035_iwls_final_eth_txethma.gml,1324,2820,85,24,5,326,257,4.26,True
automated_osu035_trigonometric_functions_in_double_fpu_latest_final_sine_lut.gml,1855,3982,34,64,0,647,517,4.29,False
automated_osu035_openmsp430_latest_final_virtex5_pmem.gml,32,16,0,16,0,0,0,1.0,False
automated_osu035_iwls_final_can_cr.gml,99,205,4,15,0,14,3,4.14,True
automated_osu035_minsoc_latest_final_eth_top.gml,56153,132861,96,115,40,14762,3333,4.73,False
automated_osu035_openmsp430_latest_final_virtex4_pmem.gml,32,16,0,16,0,0,0,1.0,False
automated_osu035_m32632_latest_final_ICACHE_SM.gml,73,105,13,10,0,13,7,2.88,True
automated_osu035_mriscvcore_final_AOI211_X4.gml,8,7,4,1,0,2,1,1.75,True
automated_osu035_mem_ctrl_latest_final_mc_refres.gml,176,350,22,1,1,38,35,3.98,True
automated_osu035_gng_latest_final_gng_coef.gml,3284,7718,9,53,0,703,801,4.7,True
automated_osu035_a-z80_latest_final_z80_top_direct_.gml,1858,3839,6,24,0,478,344,4.13,True
automated_osu035_orsoc_graphics_accelerator_latest_final_gfx_wbm_writ.gml,233,159,71,78,0,0,0,1.36,False
automated_osu035_suslik_latest_final_get_new_pos.gml,16,8,0,8,0,0,0,1.0,False
automated_osu035_minsoc_latest_final_eth_spram_256x32.gml,49069,107320,47,32,0,17706,2449,4.37,True
automated_osu035_iwls_final_eth_random.gml,135,259,25,2,0,30,19,3.84,True
automated_osu035_turbo8051_latest_final_wb_wr_mem2mem.gml,803,1657,59,55,0,140,48,4.13,True
automated_osu035_tiny_aes_latest_final_expand_key_type_B_192.gml,1948,3035,193,320,0,416,96,3.12,True
automated_osu035_AES-T100_final_TSC.gml,342,419,10,64,0,26,26,2.45,True
automated_osu035_orsoc_graphics_accelerator_final_gfx_wbm_writ.gml,233,159,71,78,0,0,0,1.36,False
automated_osu035_iwls_final_sasc_fifo4.gml,211,452,13,10,0,43,26,4.28,True
automated_osu035_iwls_final_aes_sbox.gml,860,2303,8,8,0,282,158,5.36,True
automated_osu035_BLAKE_final_BLAKE_CORE.gml,23390,54890,101,257,320,5711,3419,4.69,True
automated_osu035_des_latest_final_key_sel.gml,1229,2903,61,48,3,296,105,4.72,True
automated_osu035_8051_latest_final_RAMB4_S8_S8.gml,32,16,0,16,0,0,0,1.0,False
automated_osu035_suslik_latest_final_datacacheram.gml,43,54,8,8,4,0,19,2.51,True
automated_osu035_cookbook_final_reset_control.gml,45,78,7,4,0,1,0,3.47,True
automated_osu035_double_fpu_latest_final_fpu_add.gml,4453,9238,130,68,13,793,568,4.15,True
automated_osu035_signed_integer_divider_latest_final_shifter.gml,958,1749,32,37,2,291,21,3.65,False
automated_osu035_amber_latest_final_eth_register.gml,62,98,12,8,0,16,0,3.16,True
automated_osu035_m32632_latest_final_MULFILTER.gml,336,429,67,64,0,55,3,2.55,False
automated_osu035_orsoc_graphics_accelerator_latest_final_gfx_cuvz.gml,45237,107887,310,154,849,16552,6906,4.77,True
automated_osu035_cookbook_final_fec_rot_10.gml,202,271,32,32,13,27,39,2.68,True
automated_osu035_minsoc_latest_final_eth_rxethma.gml,1292,2517,143,38,6,252,191,3.9,True
automated_osu035_altor32_latest_final_altor32_regfile_sim.gml,6260,14433,50,64,0,537,656,4.61,True
automated_osu035_altor32_latest_final_altor32_noica.gml,479,709,69,70,1,22,36,2.96,False
automated_osu035_tiny_tate_bilinear_pairing_latest_final_tiny.gml,32,16,0,16,0,0,0,1.0,False
automated_osu035_rs_encoder_decoder_latest_final_GF8GenMult.gml,609,1213,16,8,6,194,61,3.98,True
automated_osu035_ft816float_latest_final_delay5.gml,25,42,3,1,0,5,0,3.36,True
automated_osu035_iwls_final_delay3.gml,11,14,3,2,0,0,0,2.55,True
automated_osu035_altor32_latest_final_altor32_lsu.gml,55,66,19,4,0,7,11,2.4,True
automated_osu035_ecg_latest_final_func11.gml,46328,96738,778,389,0,12974,2510,4.18,True
automated_osu035_iwls_final_ac97_rf.gml,994,2102,85,140,0,104,69,4.23,False
automated_osu035_altor32_latest_final_altor32_ram_sp.gml,31,39,8,4,4,9,7,2.52,True
automated_osu035_m32632_latest_final_SCHALE.gml,554,937,68,34,20,115,130,3.38,True
automated_osu035_cookbook_final_des.gml,23909,59515,122,64,0,6976,6768,4.98,True
automated_osu035_cookbook_final_gf_mult_by_9.gml,60,96,8,8,4,12,17,3.2,True
automated_osu035_iwls_final_can_register_asy.gml,52,81,11,8,0,8,0,3.12,True
automated_osu035_reed_solomon_codec_generator_latest_final_RsDecodeI.gml,901,2222,8,8,0,238,151,4.93,True
automated_osu035_csa_latest_final_block_sbox.gml,763,1902,8,8,0,236,160,4.99,True
automated_osu035_viterb_encoder_and_decoder_final_encoder.gml,46,93,4,3,0,3,4,4.04,True
automated_osu035_iwls_final_mc_cs_rf_dummy.gml,136,68,0,68,0,0,0,1.0,False
automated_osu035_rs_encoder_decoder_latest_final_GF8Mult216.gml,86,152,8,8,3,22,19,3.53,True
automated_osu035_mriscvcore_final_TBUF_X2.gml,3,2,1,1,0,0,0,1.33,True
automated_osu035_des_latest_final_sbox1.gml,158,369,6,4,0,63,40,4.67,True
automated_osu035_sdr_ctrl_latest_final_wb2sdr.gml,3825,7981,104,106,6,443,300,4.17,True
automated_osu035_rs_encoder_decoder_latest_final_GF8Mult202.gml,69,115,8,8,2,13,18,3.33,True
automated_osu035_iwls_final_eth_fifo.gml,1693,4044,37,40,1,541,26,4.78,True
automated_osu035_mriscv_final_DAC_interface_APB.gml,237,355,17,45,0,12,17,3.0,False
automated_osu035_mriscvcore_final_ALU_blt.gml,255,407,64,1,7,57,42,3.19,True
automated_osu035_csa_latest_final_key_perm.gml,192,128,64,64,0,0,0,1.33,False
automated_osu035_csa_latest_final_sbox7.gml,49,98,5,2,0,12,9,4.0,True
automated_osu035_ecg_latest_final_func2.gml,586,390,194,196,0,0,0,1.33,False
automated_osu035_hamming_latest_final_ham_7_4_.gml,80,135,7,8,0,13,8,3.38,True
automated_osu035_pairing_latest_final_func2.gml,586,390,194,196,0,0,0,1.33,False
automated_osu035_iwls_final_byte_mixcolum.gml,374,804,32,16,7,105,78,4.3,True
automated_osu035_tiny_tate_bilinear_pairing_latest_final_mod_p.gml,630,475,194,194,0,18,2,1.51,False
automated_osu035_iwls_final_can_register.gml,50,72,10,8,0,8,0,2.88,True
automated_osu035_sha512-master_final_sha512_h_constants.gml,1164,1101,2,512,1,3,3,1.89,False
automated_osu035_mriscvcore_final_NAND2_X2.gml,4,3,2,1,0,1,0,1.5,True
automated_osu035_mriscvcore_final_OAI221_X1.gml,9,8,5,1,0,1,2,1.78,True
automated_osu035_amber_latest_final_eth_top.gml,63386,149618,96,115,62,19880,1637,4.72,False
automated_osu035_cookbook_final_fec_rot_8.gml,170,212,32,32,14,24,32,2.49,False
automated_osu035_minsoc_latest_final_or1200_spram_128x32.gml,25372,56987,44,32,0,5391,1231,4.49,True
automated_osu035_amber_latest_final_eth_txethma.gml,1307,2713,85,24,13,316,234,4.15,True
automated_osu035_turbo8051_latest_final_generic_intr_stat_reg.gml,12,12,5,1,0,1,0,2.0,True
automated_osu035_rs_encoder_decoder_latest_final_GF8SigmaAdder8t.gml,504,576,144,72,0,72,144,2.29,False
automated_osu035_iscas_final_OR2.gml,5,4,2,1,0,0,1,1.6,True
automated_osu035_m1_core_latest_final_rotary.gml,146,288,5,3,1,38,18,3.95,True
automated_osu035_cookbook_final_sbox6.gml,159,380,6,4,0,45,34,4.78,True
automated_osu035_md5_core-master_final_tlut.gml,690,1597,6,32,0,198,126,4.63,True
automated_osu035_iscas_final_IV.gml,4,3,1,1,0,0,0,1.5,True
automated_osu035_xtea_latest_final_xtea.gml,9903,22900,195,65,76,3317,1478,4.62,True
automated_osu035_m32632_latest_final_WR_ALIGNER.gml,500,906,70,36,0,125,11,3.62,True
automated_osu035_rs_encoder_decoder_latest_final_GF8Mult148.gml,68,111,8,8,5,18,19,3.26,True
automated_osu035_minsoc_latest_final_or1200_pi.gml,347,646,46,34,0,78,8,3.72,False
automated_osu035_systemcaes_latest_final_sbox.gml,592,1437,11,8,10,239,101,4.85,True
automated_osu035_rs_encoder_decoder_latest_final_Memmory.gml,15758,34871,18,8,0,6238,1374,4.43,True
automated_osu035_rs_encoder_decoder_latest_final_GF8Mult160.gml,82,147,8,8,6,29,18,3.59,True
automated_osu035_rs_encoder_decoder_latest_final_GF8Mult174.gml,90,160,8,8,6,26,24,3.56,True
automated_osu035_sha3_latest_final_keccak.gml,39545,95995,38,514,339,15853,2922,4.85,True
automated_osu035_rs_encoder_decoder_latest_final_GF8tmmult.gml,602,1092,3,8,8,206,59,3.63,True
automated_osu035_aes-encryption_latest_final_aes_key_expand_128.gml,8128,19165,130,256,32,2300,1485,4.72,True
automated_osu035_cookbook_final_gf_mult_by_4a.gml,81,140,8,8,0,28,12,3.46,True
automated_osu035_iwls_final_DSP_CORE_wpreg.gml,6576,10756,842,838,0,837,838,3.27,True
automated_osu035_mriscvcore_final_CLKGATETST_X1.gml,2,1,0,1,0,0,0,1.0,True
automated_osu035_cookbook_final_gf_mult_by_b0.gml,105,204,8,8,2,36,17,3.89,True
automated_osu035_cookbook_final_gf_mult_by_c4.gml,76,134,8,8,3,16,16,3.53,True
automated_osu035_amber_latest_final_a25_shifter.gml,5272,11964,44,33,0,1338,658,4.54,True
automated_osu035_Lightweight-Threshold-Implementations-master_final_lut_datapat.gml,29,44,8,1,0,12,4,3.03,True
automated_osu035_cookbook_final_gray_plus_o.gml,49,92,6,6,0,22,3,3.76,True
automated_osu035_pairing_latest_final_f3m_add3.gml,3686,6402,582,194,0,970,194,3.47,False
automated_osu035_openmsp430_latest_final_omsp_sync_cell.gml,8,9,3,1,0,0,0,2.25,True
automated_osu035_cookbook_final_gf_mult_by_47.gml,42,50,8,8,2,6,4,2.38,False
automated_osu035_cookbook_final_gf_mult_by_bf.gml,114,226,8,8,3,39,10,3.96,True
automated_osu035_RSA-Verilog-master_final_mon_prod_s.gml,49757,105008,1550,1555,343,9651,6151,4.22,True
automated_osu035_ft816float_latest_final_fpAddsu.gml,12186,25584,262,242,12,4030,1272,4.2,True
automated_osu035_amber_latest_final_a23_coprocessor.gml,1027,1844,81,66,0,62,86,3.59,True
automated_osu035_minsoc_latest_final_or1200_immu_tl.gml,14954,31711,53,55,0,4290,1139,4.24,False
automated_osu035_fast_log_latest_final_Log2higha.gml,422,893,23,12,0,97,65,4.23,True
automated_osu035_cookbook_final_gf_mult_by_53.gml,74,130,8,8,1,17,7,3.51,True
automated_osu035_systemcaes_latest_final_byte_mixcolum.gml,390,820,32,16,7,105,78,4.21,True
automated_osu035_openmsp430_latest_final_omsp_sfr.gml,112,139,21,20,0,13,12,2.48,False
automated_osu035_m32632_latest_final_OPDEC_REG.gml,992,2104,50,68,1,253,39,4.24,True
automated_osu035_cookbook_final_gf_mult_by_9f.gml,47,66,8,8,5,5,13,2.81,True
automated_osu035_minsoc_latest_final_eth_rxstatem.gml,67,121,8,6,0,14,5,3.61,True
automated_osu035_cookbook_final_gf_mult_by_84.gml,54,82,8,8,4,11,15,3.04,True
automated_osu035_amber_latest_final_eth_registers.gml,2595,4782,80,290,0,761,122,3.69,True
automated_osu035_rs_encoder_decoder_latest_final_GF8Mult17.gml,65,107,8,8,6,10,21,3.29,True
automated_osu035_edge_latest_final_register.gml,248,373,35,32,0,64,0,3.01,True
automated_osu035_cookbook_final_gf_mult_by_90.gml,104,193,8,8,4,27,32,3.71,True
automated_osu035_xge_mac_latest_final_tx_stats_fifo.gml,1660,3657,19,15,6,270,86,4.41,True
automated_osu035_xge_mac_latest_final_sync_clk_w.gml,105,189,12,10,0,8,22,3.6,True
automated_osu035_iwls_final_DSP_CORE_vsia_tst_wp_cell_out.gml,12,13,5,2,0,1,0,2.17,True
automated_osu035_cookbook_final_gf_mult_by_91.gml,126,265,8,8,1,42,15,4.21,True
automated_osu035_cookbook_final_uart_rx.gml,266,534,3,9,1,35,42,4.02,True
automated_osu035_rs_encoder_decoder_latest_final_GF8Mult16.gml,74,120,8,8,2,23,16,3.24,True
automated_osu035_ft816float_latest_final_IntToFloat.gml,966,1904,36,32,3,241,128,3.94,True
automated_osu035_amber_latest_final_a23_ram_register_bank.gml,18832,39587,88,160,0,4853,774,4.2,False
automated_osu035_cookbook_final_gf_mult_by_85.gml,83,147,8,8,3,26,17,3.54,True
automated_osu035_iwls_final_ac97_cra.gml,239,296,44,60,0,23,3,2.48,False
automated_osu035_openmsp430_latest_final_ram_sp.gml,11778,26497,27,16,0,3479,374,4.5,True
automated_osu035_cookbook_final_gf_mult_by_52.gml,52,77,8,8,5,5,19,2.96,True
automated_osu035_cookbook_final_gf_mult_by_46.gml,52,73,8,8,5,7,13,2.81,True
automated_osu035_cookbook_final_big_sigma_0_512.gml,693,1205,64,64,0,257,127,3.48,True
automated_osu035_Aquarius_latest_final_sasc_brg.gml,162,309,18,2,0,26,39,3.81,True
automated_osu035_ft816float_latest_final_fpRoundReg.gml,2012,3802,136,128,13,645,242,3.78,True
automated_osu035_cookbook_final_gf_mult_by_c5.gml,73,124,8,8,4,19,18,3.4,True
automated_osu035_cpu8080_latest_final_M8080.gml,4875,11687,17,29,15,784,763,4.79,True
automated_osu035_cookbook_final_gf_mult_by_5d.gml,108,213,8,8,3,36,16,3.94,True
automated_osu035_minsoc_latest_final_eth_maccontrol.gml,1041,2100,103,20,14,205,166,4.03,True
automated_osu035_cookbook_final_gf_mult_by_b1.gml,125,246,8,8,1,53,15,3.94,True
automated_osu035_iwls_final_usbf_ep_rf.gml,1776,3697,88,134,7,207,187,4.16,False
automated_osu035_a-z80_latest_final_alu_sli.gml,20,28,6,2,0,3,1,2.8,True
automated_osu035_rs_encoder_decoder_latest_final_GF8Mult175.gml,116,219,8,8,0,52,13,3.78,True
automated_osu035_rs_encoder_decoder_latest_final_GF8Mult161.gml,101,183,8,8,2,47,8,3.62,True
automated_osu035_rs_encoder_decoder_latest_final_GF8Mult149.gml,54,82,8,8,2,7,17,3.04,True
automated_osu035_a-z80_latest_final_clk_delay.gml,41,52,9,7,0,3,4,2.54,True
automated_osu035_xge_mac_latest_final_rx_dequeu.gml,541,832,75,74,0,73,5,3.08,True
automated_osu035_jt51_latest_final_jt51_exptabl.gml,541,1322,8,13,0,153,100,4.89,False
automated_osu035_minsoc_latest_final_or1200_dmmu_top.gml,180,110,38,71,0,0,0,1.22,False
automated_osu035_amber_latest_final_a25_wishbone_buf.gml,2987,5431,309,307,0,179,23,3.64,False
automated_osu035_iscas_final_c3540.gml,855,1945,50,22,5,240,117,4.55,True
automated_osu035_8bit_vedic_multiplier_latest_final_full_adder.gml,14,18,3,2,0,2,5,2.57,True
automated_osu035_mriscvcore_final_AOI221_X2.gml,9,8,5,1,0,2,0,1.78,True
automated_osu035_iscas_final_OR3.gml,9,8,3,1,0,1,0,1.78,True
automated_osu035_cookbook_final_sbox7.gml,145,337,6,4,0,36,42,4.65,True
automated_osu035_cookbook_final_flag_array.gml,176,372,19,2,0,27,9,4.23,True
automated_osu035_gost28147-89_latest_final_gost89_round.gml,2074,3159,608,64,42,539,311,3.05,True
automated_osu035_cookbook_final_fec_rot_9.gml,177,230,32,32,15,28,36,2.6,False
automated_osu035_turbo8051_latest_final_bit_register.gml,10,11,4,1,0,1,0,2.2,True
automated_osu035_iwls_final_CSA_d.gml,14,22,3,2,0,4,2,3.14,True
automated_osu035_altor32_latest_final_altor32_lfu.gml,308,555,42,33,0,116,6,3.6,True
automated_osu035_iscas_final_Summodul.gml,59,97,13,5,0,17,13,3.29,True
automated_osu035_mriscvcore_final_BUF_X8.gml,3,2,1,1,0,0,0,1.33,True
automated_osu035_iwls_final_eth_rxcounters.gml,355,704,30,32,1,82,80,3.97,True
automated_osu035_Aquarius_latest_final_sasc_fifo4.gml,237,476,13,10,0,46,22,4.02,True
automated_osu035_double_fpu_latest_final_fpu_round.gml,1212,2247,73,76,0,101,92,3.71,True
automated_osu035_pairing_latest_final_func3.gml,634,477,194,196,0,18,2,1.5,False
automated_osu035_ecg_latest_final_func3.gml,634,477,194,196,0,18,2,1.5,False
automated_osu035_m32632_latest_final_DP_FPU.gml,51251,121433,160,210,490,19604,6260,4.74,True
automated_osu035_csa_latest_final_sbox6.gml,53,107,5,2,0,19,7,4.04,True
automated_osu035_AES-T1000_final_xS.gml,697,1793,9,8,0,181,144,5.14,True
automated_osu035_edge_latest_final_adder.gml,393,609,65,33,12,60,109,3.1,True
automated_osu035_ecg_latest_final_f3m_add.gml,2134,3395,388,194,0,485,97,3.18,False
automated_osu035_minsoc_latest_final_ethma.gml,230,115,0,115,0,0,0,1.0,False
automated_osu035_rs_encoder_decoder_latest_final_GF8Mult203.gml,73,128,8,8,2,16,11,3.51,True
automated_osu035_ecg_latest_final_f3_add.gml,22,35,4,2,0,5,1,3.18,True
automated_osu035_rs_encoder_decoder_latest_final_GF8Mult217.gml,59,95,8,8,5,12,15,3.22,True
automated_osu035_sdr_ctrl_latest_final_sdrc_cor.gml,4564,9548,147,78,17,758,435,4.18,True
automated_osu035_mriscvcore_final_OR4_X4.gml,8,7,4,1,0,1,2,1.75,True
automated_osu035_a-z80_latest_final_inc_dec_2bit.gml,19,22,5,3,1,5,3,2.32,True
automated_osu035_Lightweight-Threshold-Implementations-master_final_sub1.gml,960,1344,256,64,0,320,128,2.8,False
automated_osu035_minsoc_latest_final_eth_outputcontrol.gml,57,93,14,2,0,9,7,3.26,True
automated_osu035_8051_latest_final_oc8051_t.gml,696,1481,27,42,0,140,84,4.26,True
automated_osu035_cookbook_final_gf_mult_by_8.gml,64,97,8,8,2,9,17,3.03,True
automated_osu035_mips_16_latest_final_IF_stag.gml,228,440,10,24,0,51,29,3.86,False
automated_osu035_ecg_latest_final_func10.gml,30127,62890,390,389,0,7800,1595,4.17,True
automated_osu035_orsoc_graphics_accelerator_final_gfx_triangl.gml,30235,70999,196,130,483,10171,5052,4.7,True
automated_osu035_iwls_final_s1488_.gml,427,1030,10,19,0,113,63,4.82,True
automated_osu035_iscas_final_s526.gml,348,616,4,6,0,135,81,3.54,True
automated_osu035_openmsp430_latest_final_omsp_and_gat.gml,5,4,2,1,0,1,0,1.6,True
automated_osu035_verilog_fixed_point_math_library_latest_final_qadd.gml,1021,2053,64,32,4,272,178,4.02,True
automated_osu035_minsoc_latest_final_or1200_gmultp2_32x32.gml,14477,36175,66,64,83,5509,1324,5.0,True
automated_osu035_8051_latest_final_oc8051_a.gml,205,400,31,9,0,55,28,3.9,True
automated_osu035_minsoc_latest_final_or1200_fpu_intfloat_co.gml,3130,6768,38,38,6,698,517,4.32,True
automated_osu035_iwls_final_vga_curpro.gml,103,176,10,5,19,27,44,3.42,True
automated_osu035_mriscvcore_final_ALU_su.gml,463,760,66,32,2,58,81,3.28,True
automated_osu035_iwls_final_eth_outputcontrol.gml,64,111,14,2,0,13,8,3.47,True
automated_osu035_ft816float_latest_final_fpRound.gml,1471,2751,134,128,13,517,242,3.74,True
automated_osu035_xge_mac_latest_final_generic_mem_small.gml,1618,3330,42,32,0,265,40,4.12,True
automated_osu035_amber_latest_final_eth_rxstatem.gml,68,123,8,6,0,15,4,3.62,True
automated_osu035_a-z80_latest_final_sequencer.gml,77,141,7,12,0,8,5,3.66,True
automated_osu035_minirisc_latest_final_mux8_8.gml,214,290,67,8,0,23,17,2.71,True
automated_osu035_iwls_final_s27_.gml,22,31,6,1,0,3,2,2.82,True
automated_osu035_numbert_sort_device_latest_final_SEG7_LUT.gml,51,90,4,7,0,15,6,3.53,True
automated_osu035_minsoc_latest_final_adbg_jsp_biu.gml,1380,2923,39,51,4,367,126,4.24,False
automated_osu035_rs_encoder_decoder_latest_final_GF8Mult229.gml,89,159,8,8,2,35,15,3.57,True
automated_osu035_iscas_final_s1238.gml,685,1221,15,14,0,282,164,3.56,True
automated_osu035_cookbook_final_ascii_to_bi.gml,105,220,8,6,0,23,23,4.19,True
automated_osu035_rs_encoder_decoder_latest_final_GF8Mult201.gml,76,134,8,8,3,20,15,3.53,True
automated_osu035_des_latest_final_sbox2.gml,153,360,6,4,0,58,38,4.71,True
automated_osu035_turbo8051_latest_final_g_mii_intf.gml,589,1228,32,28,0,106,70,4.17,False
automated_osu035_rs_encoder_decoder_latest_final_GF8Mult215.gml,100,187,8,8,4,28,24,3.74,True
automated_osu035_m1_core_latest_final_ddr_init.gml,216,423,4,21,0,27,24,3.92,True
automated_osu035_mriscvcore_final_TBUF_X1.gml,3,2,1,1,0,0,0,1.33,True
automated_osu035_csa_latest_final_sbox4.gml,36,68,5,2,0,7,10,3.78,True
automated_osu035_cpu8080_latest_final_alu.gml,417,932,20,13,2,132,64,4.47,True
automated_osu035_amber_latest_final_a23_register_bank.gml,7374,15955,102,160,0,940,227,4.33,False
automated_osu035_iwls_final_desround.gml,1099,2118,159,168,0,151,165,3.85,True
automated_osu035_pairing_latest_final_func1.gml,3166,5516,394,196,0,882,98,3.48,True
automated_osu035_iwls_final_wb_dma_ch_ar.gml,1531,3568,34,5,0,345,305,4.66,True
automated_osu035_ecg_latest_final_func1.gml,3166,5516,394,196,0,882,98,3.48,True
automated_osu035_turbo8051_latest_final_oc8051_multiply.gml,324,691,19,17,3,83,30,4.27,True
automated_osu035_turbo8051_latest_final_stat_counter.gml,23,31,7,2,0,7,2,2.7,False
automated_osu035_minsoc_latest_final_or1200_fpu_pre_norm_addsu.gml,1112,2217,63,64,2,219,98,3.99,False
automated_osu035_suslik_latest_final_regram.gml,6145,13397,44,32,0,849,459,4.36,True
automated_osu035_mriscvcore_final_OAI221_X2.gml,9,8,5,1,0,1,2,1.78,True
automated_osu035_mriscvcore_final_NAND2_X1.gml,4,3,2,1,0,1,0,1.5,True
automated_osu035_pairing_latest_final_f33m_mult2.gml,56229,115258,2330,1165,0,18275,2183,4.1,True
automated_osu035_cookbook_final_sbox5.gml,144,338,6,4,0,53,30,4.69,True
automated_osu035_dvb_s2_ldpc_decoder_latest_final_ldpc_ram_beha.gml,375,814,14,4,0,49,54,4.34,True
automated_osu035_rs_encoder_decoder_latest_final_GF8Mult188.gml,86,152,8,8,1,21,20,3.53,True
automated_osu035_edge_latest_final_div_unit.gml,9827,22904,64,64,51,3793,1015,4.66,True
automated_osu035_iscas_final_s38584.gml,23809,38699,39,304,0,8659,4153,3.25,False
automated_osu035_iwls_final_pcm_slv_top.gml,439,966,19,9,0,86,6,4.4,True
automated_osu035_iwls_final_vga_pg.gml,3700,8378,191,78,4,580,464,4.53,False
automated_osu035_iscas_final_foobar.gml,339,570,60,26,4,75,48,3.36,False
automated_osu035_rs_decoder_31_19_6_latest_final_degree3_cell.gml,54,80,8,5,0,13,6,2.96,True
automated_osu035_rs_decoder_31_19_6_latest_final_degree2_cell.gml,52,75,8,5,0,12,4,2.88,True
automated_osu035_a-z80_latest_final_alu_mux_2z.gml,25,28,6,5,0,4,5,2.24,True
automated_osu035_gost28147-89_latest_final_gost89_cf.gml,4963,8912,836,65,42,1134,521,3.59,True
automated_osu035_iscas_final_c1355.gml,709,1652,41,32,4,278,38,4.66,True
automated_osu035_iscas_final_Emodul.gml,31,37,10,4,0,8,4,2.39,True
automated_osu035_iwls_final_mixcolum.gml,2540,5714,132,129,28,584,313,4.5,True
automated_osu035_iwls_final_can_acf.gml,456,815,122,1,8,102,54,3.57,True
automated_osu035_iscas_final_Dmodul.gml,34,40,10,4,0,8,0,2.35,True
automated_osu035_simon_core_latest_final_simon_datapath_shiftreg.gml,583,1189,6,7,0,150,10,4.08,True
automated_osu035_openmsp430_latest_final_adc_data_fifo.gml,28,14,0,14,0,0,0,1.0,False
automated_osu035_rs_encoder_decoder_latest_final_GF8Mult177.gml,72,123,8,8,4,18,21,3.42,True
automated_osu035_mriscvcore_final_ALU_bltu.gml,248,397,64,1,1,40,34,3.2,True
automated_osu035_rs_encoder_decoder_latest_final_GF8Mult163.gml,57,84,8,8,1,8,18,2.95,True
automated_osu035_cookbook_final_bitsca.gml,94,118,16,16,0,16,19,2.51,True
automated_osu035_minsoc_latest_final_or1200_s.gml,318,212,106,106,0,0,0,1.33,False
automated_osu035_iscas_final_s444.gml,261,449,4,6,0,88,53,3.44,True
automated_osu035_pairing_latest_final_f3_sub1.gml,9,9,2,2,0,0,2,2.0,True
automated_osu035_cookbook_final_gf_mult_by_5f.gml,77,130,8,8,7,17,24,3.38,True
automated_osu035_mesi_isc_final_mesi_isc_basic_fifo.gml,1164,2597,36,34,3,304,44,4.46,True
automated_osu035_cookbook_final_gf_mult_by_c7.gml,88,158,8,8,4,31,15,3.59,True
automated_osu035_cookbook_final_final_permut.gml,192,128,64,64,0,0,0,1.33,False
automated_osu035_cookbook_final_gf_mult_by_b3.gml,84,144,8,8,2,15,25,3.43,True
automated_osu035_cookbook_final_gf_mult_by_78.gml,125,243,8,8,3,42,25,3.89,True
automated_osu035_mriscvcore_final_CLKGATETST_X2.gml,2,1,0,1,0,0,0,1.0,True
automated_osu035_cookbook_final_gf_mult_by_50.gml,88,157,8,8,5,22,26,3.57,True
automated_osu035_cookbook_final_gf_mult_by_ca.gml,79,143,8,8,0,16,22,3.62,True
automated_osu035_amber_latest_final_ddr3_afifo.gml,2746,5838,110,108,21,58,140,4.25,True
automated_osu035_AES-T100_final_lfsr_counter.gml,101,154,2,20,0,18,10,3.05,True
automated_osu035_cookbook_final_gf_mult_by_44.gml,51,74,8,8,3,5,17,2.9,True
automated_osu035_m32632_latest_final_DFPU_BCD.gml,642,1272,72,34,10,176,61,3.96,True
automated_osu035_minsoc_latest_final_or1200_dmmu_tl.gml,15762,33776,55,57,0,4299,1178,4.29,False
automated_osu035_cookbook_final_fec_parity.gml,1210,2447,64,32,75,423,396,4.04,True
automated_osu035_rs_encoder_decoder_latest_final_GF8Mult28.gml,78,131,8,8,1,10,24,3.36,True
automated_osu035_cookbook_final_gf_mult_by_8a.gml,47,67,8,8,7,5,14,2.85,True
automated_osu035_amber_latest_final_a25_alu.gml,1194,2434,75,36,0,324,111,4.08,True
automated_osu035_cookbook_final_gf_mult_by_93.gml,61,92,8,8,3,12,16,3.02,True
automated_osu035_cookbook_final_crc32_dat56_flat.gml,1954,3748,88,32,217,327,1154,3.84,True
automated_osu035_openmsp430_latest_final_ogfx_gpu.gml,6288,14317,49,39,12,1759,765,4.55,True
automated_osu035_iwls_final_pci_delayed_write_reg.gml,196,321,35,32,0,32,0,3.28,True
automated_osu035_cookbook_final_gf_mult_by_87.gml,51,75,8,8,6,5,18,2.94,True
automated_osu035_cookbook_final_gf_divid.gml,1544,3563,16,8,18,595,290,4.62,True
automated_osu035_rs_encoder_decoder_latest_final_GF8Mult14.gml,71,116,8,8,1,17,12,3.27,True
automated_osu035_amber_latest_final_generic_sram_line_.gml,88853,201283,137,128,0,11617,1490,4.53,True
automated_osu035_rs_encoder_decoder_latest_final_GF8Mult15.gml,72,126,8,8,4,16,20,3.5,True
automated_osu035_minsoc_latest_final_or1200_dc_top.gml,338,232,108,112,0,0,4,1.37,False
automated_osu035_cookbook_final_gf_mult_by_86.gml,66,99,8,8,3,11,14,3.0,True
automated_osu035_cookbook_final_gf_mult_by_92.gml,96,173,8,8,1,38,15,3.6,True
automated_osu035_iwls_final_TBUFX8.gml,2,1,0,1,0,0,0,1.0,True
automated_osu035_cookbook_final_twenty_to_fiv.gml,11691,23594,1324,332,0,3965,333,4.04,True
automated_osu035_rs_encoder_decoder_latest_final_GF8Mult29.gml,57,87,8,8,4,13,15,3.05,True
automated_osu035_reed_solomon_decoder_latest_final_lamda_roots.gml,3599,7822,107,101,15,693,464,4.35,True
automated_osu035_tiny_aes_latest_final_expand_key_type_B_256.gml,4955,10318,257,384,128,1016,832,4.16,True
automated_osu035_m32632_latest_final_SFPU_MUL.gml,393,582,69,37,1,73,53,2.96,True
automated_osu035_cookbook_final_gf_mult_by_9d.gml,68,117,8,8,3,24,10,3.44,True
automated_osu035_suslik_latest_final_codecacheram.gml,93640,212598,144,128,0,16455,4888,4.54,True
automated_osu035_cookbook_final_gf_mult_by_bd.gml,93,176,8,8,2,20,19,3.78,True
automated_osu035_pairing_latest_final_f32m_mult.gml,24513,50134,778,389,0,8408,792,4.09,True
automated_osu035_cookbook_final_gf_mult_by_45.gml,61,91,8,8,4,11,12,2.98,True
automated_osu035_iwls_final_generic_spram.gml,2937,6581,17,8,0,1128,187,4.48,True
automated_osu035_cookbook_final_uart_hw_test.gml,525,1128,3,1,1,79,93,4.3,True
automated_osu035_cookbook_final_gf_mult_by_51.gml,87,158,8,8,5,25,17,3.63,True
automated_osu035_iwls_final_usbf_w.gml,494,552,121,119,0,45,6,2.23,False
automated_osu035_cookbook_final_gf_mult_by_b2.gml,91,166,8,8,5,37,13,3.65,True
automated_osu035_cookbook_final_gf_mult_by_79.gml,118,228,8,8,2,45,20,3.86,True
automated_osu035_viterb_encoder_and_decoder_final_viterbi_tx_rx.gml,84332,184537,4,1,1,4514,10017,4.38,True
automated_osu035_cookbook_final_gf_mult_by_c6.gml,128,267,8,8,4,36,25,4.17,True
automated_osu035_rs_encoder_decoder_latest_final_GF8Mult162.gml,101,196,8,8,2,26,22,3.88,True
automated_osu035_tiny_tate_bilinear_pairing_latest_final_const_.gml,2134,3395,388,194,0,485,97,3.18,False
automated_osu035_turbo8051_latest_final_oc8051_ports.gml,583,1061,54,64,0,111,27,3.64,True
automated_osu035_cookbook_final_crc32_dat120_flat.gml,4073,7938,152,32,364,771,2166,3.9,True
automated_osu035_cookbook_final_error_value_round.gml,2308,4871,81,80,29,794,478,4.22,True
automated_osu035_rs_encoder_decoder_latest_final_GF8Mult176.gml,96,182,8,8,1,37,13,3.79,True
automated_osu035_minsoc_latest_final_syncreg.gml,98,199,7,4,1,22,17,4.06,True
automated_osu035_mriscvcore_final_NOR2_X4.gml,4,3,2,1,0,0,1,1.5,True
automated_osu035_openmsp430_latest_final_cyclonev_io_obuf.gml,6,5,1,2,0,0,0,1.67,True
automated_osu035_edge_latest_final_sign_extend.gml,84,68,16,32,0,0,0,1.62,False
automated_osu035_Aquarius_latest_final_pio.gml,301,429,72,64,0,68,0,2.85,True
automated_osu035_openmsp430_latest_final_altera_avalon_st_pipeline_bas.gml,99,180,12,10,0,9,1,3.64,True
automated_osu035_priority_encoder_latest_final_bitsca.gml,94,118,16,16,0,16,19,2.51,True
automated_osu035_iwls_final_usb_phy.gml,487,1011,15,18,2,96,48,4.15,True
automated_osu035_mriscvcore_final_AOI221_X1.gml,9,8,5,1,0,2,0,1.78,True
automated_osu035_iwls_final_eth_register.gml,54,90,12,8,0,16,0,3.33,True
automated_osu035_double_fpu_latest_final_fpu_addsu.gml,17510,38457,134,65,14,2473,1544,4.39,True
automated_osu035_RSA-Verilog-master_final_mon_exp.gml,35,30,15,5,0,5,5,1.71,False
automated_osu035_amber_latest_final_eth_transmitcontrol.gml,391,681,75,14,0,57,48,3.48,True
automated_osu035_csa_latest_final_stream_8bytes.gml,15931,34255,172,171,288,4160,3360,4.3,True
automated_osu035_aes-128_pipelined_encryption_latest_final_MixColumns.gml,2769,5838,131,129,84,1079,306,4.22,True
automated_osu035_iwls_final_i2c_master_byte_ctrl.gml,589,1334,35,16,0,126,100,4.53,False
automated_osu035_m32632_latest_final_STEUERUNG.gml,10816,23704,107,246,14,2518,1728,4.38,True
automated_osu035_cookbook_final_sbox4.gml,141,356,6,4,0,36,30,5.05,True
automated_osu035_Lightweight-Threshold-Implementations-master_final_share_roundTI.gml,65,115,10,3,2,14,14,3.54,True
automated_osu035_rs_encoder_decoder_latest_final_GF8Mult189.gml,91,155,8,8,0,22,19,3.41,True
automated_osu035_m32632_latest_final_DEBUG_AE.gml,255,341,98,1,10,42,46,2.67,True
automated_osu035_jt51_latest_final_bus_manager.gml,169,246,52,11,0,27,15,2.91,True
automated_osu035_minsoc_latest_final_or1200_spram_64x22.gml,9083,19359,33,22,0,2709,704,4.26,True
automated_osu035_m1_core_latest_final_GrayCounter.gml,26,46,3,2,0,1,0,3.54,True
automated_osu035_pairing_latest_final_f33m_mult3.gml,62643,125171,3494,1747,0,20022,2183,4.0,True
automated_osu035_m32632_latest_final_MMU_MATCH.gml,429,722,73,37,3,89,42,3.37,True
automated_osu035_amber_latest_final_a25_barrel_shift.gml,6125,13894,45,34,0,1510,748,4.54,True
automated_osu035_minsoc_latest_final_or1200_immu_top.gml,444,613,41,104,0,62,26,2.76,False
automated_osu035_minsoc_latest_final_or1200_cfgr.gml,132,112,32,32,0,13,21,1.7,False
automated_osu035_cookbook_final_six_three_comp.gml,47,98,6,3,0,21,8,4.17,True
automated_osu035_8bit_vedic_multiplier_latest_final_half_adder.gml,9,10,2,2,0,1,2,2.22,True
automated_osu035_fpu_latest_final_add_sub27.gml,618,1158,55,28,1,110,123,3.75,True
automated_osu035_minsoc_latest_final_mux2.gml,233,264,65,32,0,32,0,2.27,True
automated_osu035_epfl_final_top.gml,1883,2901,256,129,14,277,488,3.08,True
automated_osu035_csa_latest_final_sbox5.gml,47,94,5,2,0,11,8,4.0,True
automated_osu035_jt51_latest_final_jt51_phinc_rom.gml,2018,4763,10,12,0,564,419,4.72,True
automated_osu035_iwls_final_pci_synchronizer_flop.gml,6,5,3,1,0,0,0,1.67,True
automated_osu035_sha256-master_final_sha256.gml,17335,40519,44,33,87,3338,1983,4.67,False
automated_osu035_des_latest_final_sbox3.gml,141,318,6,4,0,50,36,4.51,True
automated_osu035_amber_latest_final_eth_clockg.gml,89,178,9,3,1,14,17,4.0,True
automated_osu035_rs_encoder_decoder_latest_final_GF8Mult214.gml,84,141,8,8,4,28,18,3.36,True
automated_osu035_rs_encoder_decoder_latest_final_GF8Mult200.gml,74,130,8,8,3,21,15,3.51,True
automated_osu035_minsoc_latest_final_or1200_freez.gml,78,111,21,5,0,9,10,2.85,True
automated_osu035_rs_encoder_decoder_latest_final_GF8Mult228.gml,78,135,8,8,3,16,19,3.46,True
automated_osu035_m32632_latest_final_MAKE_STAT.gml,47,46,14,8,0,4,1,1.96,True
automated_osu035_mesi_isc_final_mesi_isc_broad_cntl.gml,128,238,11,13,0,38,13,3.72,True
automated_osu035_amber_latest_final_a23_execut.gml,17408,38771,192,171,5,3348,1506,4.45,False
automated_osu035_amber_latest_final_a23_wishbo.gml,797,1361,72,72,1,129,45,3.42,True
automated_osu035_tiny_aes_latest_final_final_round.gml,11985,29728,257,128,0,3168,2688,4.96,True
automated_osu035_iwls_final_ac97_dma_if.gml,245,315,74,9,0,72,9,2.57,True
automated_osu035_cookbook_final_approx_fp_div_lut.gml,130,286,6,7,0,36,21,4.4,True
automated_osu035_fast_log_latest_final_Log2pipelined.gml,290,587,22,8,0,66,32,4.05,True
automated_osu035_iwls_final_s15850_.gml,773,1506,14,87,3,142,130,3.9,False
automated_osu035_openmsp430_latest_final_omsp_dbg_i2.gml,461,942,32,25,4,76,32,4.09,True
automated_osu035_reed_solomon_codec_generator_latest_final_RsEncodeTop.gml,1786,3992,12,8,42,558,306,4.47,True
automated_osu035_cookbook_final_crc_flat.gml,240,191,59,58,0,4,3,1.59,False
automated_osu035_a-z80_latest_final_resets.gml,35,56,6,2,0,5,3,3.2,True
automated_osu035_iwls_final_s382_.gml,129,288,5,6,0,20,14,4.47,True
automated_osu035_orsoc_graphics_accelerator_latest_final_gfx_blender.gml,8123,18225,183,117,188,2597,1361,4.49,False
automated_osu035_csa_latest_final_sboxes.gml,334,670,35,14,0,83,53,4.01,False
automated_osu035_minsoc_latest_final_or1200_fpu_di.gml,1337,2706,81,57,6,273,164,4.05,False
automated_osu035_iwls_final_vga_vtim.gml,408,877,51,3,0,91,47,4.3,True
automated_osu035_present_encryptor_latest_final_permutatio.gml,192,128,64,64,0,0,0,1.33,False
automated_osu035_iwls_final_mc_rd_fifo.gml,737,1621,41,36,0,264,7,4.4,True
automated_osu035_altor32_latest_final_intr_perip.gml,248,403,30,33,0,31,18,3.25,False
automated_osu035_orsoc_graphics_accelerator_final_gfx_cuvz.gml,43528,102742,310,154,923,16727,6968,4.72,True
automated_osu035_iwls_final_sbox.gml,574,1378,11,8,8,259,88,4.8,True
automated_osu035_rs_encoder_decoder_latest_final_GF8Mult204.gml,87,159,8,8,1,20,14,3.66,True
automated_osu035_rs_encoder_decoder_latest_final_GF8Mult210.gml,105,197,8,8,7,34,28,3.75,True
automated_osu035_verilog-trivium-master_final_Trivium.gml,55561,148235,162,1,343,26914,6283,5.34,True
automated_osu035_mriscvcore_final_TBUF_X4.gml,3,2,1,1,0,0,0,1.33,True
automated_osu035_des_latest_final_sbox7.gml,152,343,6,4,0,58,36,4.51,True
automated_osu035_minsoc_latest_final_tap_top.gml,283,650,7,13,0,46,24,4.59,True
automated_osu035_ft816float_latest_final_fpNormaliz.gml,6834,16075,245,131,2,3382,284,4.7,True
automated_osu035_rs_encoder_decoder_latest_final_GF8Mult238.gml,67,109,8,8,4,17,18,3.25,True
automated_osu035_iwls_final_pci_par_crit.gml,25,40,7,1,1,9,4,3.2,True
automated_osu035_RSA-Verilog-master_final_uart.gml,747,1644,12,21,3,172,96,4.4,True
automated_osu035_m1_core_latest_final_m1_cpu.gml,13896,31040,230,305,19,2317,768,4.47,False
automated_osu035_pairing_latest_final_func4.gml,1598,2380,198,196,0,392,0,2.98,True
automated_osu035_cookbook_final_crc16_dat16_flat.gml,322,600,32,16,16,100,89,3.73,True
automated_osu035_ecg_latest_final_func4.gml,1598,2380,198,196,0,392,0,2.98,True
automated_osu035_turbo8051_latest_final_s2f_sy.gml,10,14,3,1,0,0,1,2.8,True
automated_osu035_AES-T100_final_table_lookup.gml,5857,14712,33,128,0,1516,1248,5.02,True
automated_osu035_iwls_final_tv80_alu.gml,607,1277,38,16,5,124,134,4.21,True
automated_osu035_csa_latest_final_sbox1.gml,49,97,5,2,0,8,7,3.96,True
automated_osu035_Aquarius_latest_final_sasc_top.gml,658,1408,16,12,0,82,91,4.28,True
automated_osu035_Aquarius_latest_final_sys.gml,599,1170,77,48,5,82,82,3.91,True
automated_osu035_iwls_final_pci_target32_trdy_crit.gml,11,11,5,1,0,2,1,2.0,True
automated_osu035_minsoc_latest_final_bytefifo.gml,454,987,12,16,0,132,25,4.35,True
automated_osu035_cookbook_final_test_patter.gml,100,188,3,16,3,21,15,3.76,True
automated_osu035_m32632_latest_final_CA_MATCH.gml,420,678,90,30,2,72,44,3.23,True
automated_osu035_iwls_final_MUX_IO.gml,134,89,44,45,0,0,0,1.33,False
automated_osu035_iwls_final_usbf_utmi_ls.gml,531,1133,6,11,1,131,104,4.27,True
automated_osu035_minsoc_latest_final_or1200_except.gml,3267,6635,182,280,0,437,243,4.06,True
automated_osu035_mriscvcore_final_NAND2_X4.gml,4,3,2,1,0,1,0,1.5,True
automated_osu035_iwls_final_lbc_mux.gml,7,7,3,1,0,1,0,2.0,True
automated_osu035_iwls_final_s38417_.gml,7883,19496,30,106,39,1624,1052,4.95,True
automated_osu035_openmsp430_latest_final_omsp_uart.gml,847,1877,37,19,0,82,91,4.43,True
automated_osu035_pairing_latest_final_f33m_i.gml,91119,190078,584,583,0,31170,3555,4.17,True
automated_osu035_fpu_latest_final_pre_norm.gml,1788,3917,70,66,5,536,188,4.38,True
automated_osu035_iscas_final_OR4.gml,9,8,4,1,0,1,2,1.78,True
automated_osu035_xgate_latest_final_xgate_tdo_mux.gml,26,31,13,2,0,8,1,2.38,True
automated_osu035_cookbook_final_sbox0.gml,137,331,6,4,0,39,33,4.83,True
automated_osu035_iwls_final_pci_wb_slave_unit.gml,9058,20366,158,174,16,1908,780,4.5,False
automated_osu035_rs_encoder_decoder_latest_final_GF8Mult199.gml,52,77,8,8,3,5,19,2.96,True
automated_osu035_pci_express_crc_latest_final_crc32d16N.gml,64,32,0,32,0,0,0,1.0,False
automated_osu035_rs_encoder_decoder_latest_final_GF8Mult172.gml,91,166,8,8,4,32,21,3.65,True
automated_osu035_iwls_final_mul_r2.gml,6791,16942,49,48,67,2738,731,4.99,True
automated_osu035_xge_mac_latest_final_stats_sm.gml,1409,2688,36,128,12,389,169,3.82,True
automated_osu035_iwls_final_wb_conmax_pri_.gml,4,2,0,2,0,0,0,1.0,False
automated_osu035_minsoc_latest_final_adbg_wb_modul.gml,2512,5493,95,79,6,688,181,4.37,False
automated_osu035_SHA_final_ROM.gml,769,1753,8,32,0,192,128,4.56,True
automated_osu035_m1_core_latest_final_async_fifo.gml,764,1736,13,10,0,52,165,4.54,False
automated_osu035_rs_encoder_decoder_latest_final_GF8Mult166.gml,106,193,8,8,2,28,28,3.64,True
automated_osu035_rs_encoder_decoder_latest_final_GF8Mult8.gml,82,146,8,8,3,26,19,3.56,True
automated_osu035_iwls_final_s510_.gml,199,421,21,7,0,50,39,4.23,True
automated_osu035_iwls_final_eth_txcounters.gml,600,1215,55,40,3,130,109,4.05,True
automated_osu035_cookbook_final_gf_mult_by_cd.gml,61,100,8,8,7,11,18,3.28,True
automated_osu035_cookbook_final_error_mag_poly_round.gml,4731,10576,144,8,162,1805,929,4.47,True
automated_osu035_cookbook_final_gf_mult_by_55.gml,63,105,8,8,4,10,22,3.33,True
automated_osu035_a-z80_latest_final_bus_swit.gml,15,10,5,5,0,0,0,1.33,False
automated_osu035_cookbook_final_gf_mult_by_41.gml,76,126,8,8,2,19,16,3.32,True
automated_osu035_turbo8051_latest_final_oc8051_alu_src_sel.gml,312,482,72,24,0,54,19,3.09,True
automated_osu035_cookbook_final_gf_mult_by_c2.gml,86,150,8,8,2,17,21,3.49,True
automated_osu035_des_latest_final_des3.gml,3944,9039,240,64,1,2075,538,4.58,True
automated_osu035_cookbook_final_synchronizer.gml,130,238,20,16,0,0,0,3.66,True
automated_osu035_cookbook_final_gf_mult_by_69.gml,107,207,8,8,4,37,15,3.87,True
automated_osu035_8051_latest_final_oc8051_rom.gml,915,2114,17,25,1,168,102,4.62,True
automated_osu035_xge_mac_latest_final_generic_fifo.gml,1827,3765,38,36,5,354,64,4.12,True
automated_osu035_cookbook_final_clock_follow.gml,9,13,1,1,0,2,1,2.89,True
automated_osu035_cookbook_final_gf_mult_by_b6.gml,68,112,8,8,4,13,20,3.29,True
automated_osu035_AES-T1000_final_expand_key_128.gml,4298,9429,137,256,152,984,856,4.39,True
automated_osu035_minsoc_latest_final_syncflop.gml,18,27,5,1,0,1,1,3.0,True
automated_osu035_cookbook_final_gf_mult_by_96.gml,75,128,8,8,3,18,20,3.41,True
automated_osu035_siphash-master_final_siphash_cor.gml,7044,14797,206,130,157,1536,1375,4.2,True
automated_osu035_signed_integer_divider_latest_final_shift_15.gml,529,891,47,32,0,171,1,3.37,True
automated_osu035_cookbook_final_gf_mult_by_82.gml,72,119,8,8,3,14,22,3.31,True
automated_osu035_rs_encoder_decoder_latest_final_GF8Mult11.gml,82,139,8,8,2,17,24,3.39,True
automated_osu035_cookbook_final_crc24_dat64_flat.gml,2337,4856,88,24,119,785,781,4.16,True
automated_osu035_rs_encoder_decoder_latest_final_GF8Mult39.gml,102,186,8,8,1,44,17,3.65,True
automated_osu035_cookbook_final_gf_mult_by_8d.gml,58,93,8,8,4,8,17,3.21,True
automated_osu035_pairing_latest_final_f32m_cubi.gml,4077,7244,389,388,0,880,176,3.55,True
automated_osu035_rs_encoder_decoder_latest_final_GF8Mult38.gml,95,179,8,8,2,35,14,3.77,True
automated_osu035_cookbook_final_gf_mult_by_9a.gml,86,154,8,8,1,15,25,3.58,True
automated_osu035_rs_encoder_decoder_latest_final_GF8Mult10.gml,65,102,8,8,2,10,20,3.14,True
automated_osu035_cookbook_final_gf_mult_by_83.gml,74,128,8,8,5,18,19,3.46,True
automated_osu035_cookbook_final_gf_mult_by_97.gml,79,143,8,8,1,20,15,3.62,True
automated_osu035_jt51_latest_final_jt51_lin2exp.gml,136,290,16,13,0,43,7,4.26,True
automated_osu035_cookbook_final_gf_mult_by_4f.gml,70,117,8,8,1,21,10,3.34,True
automated_osu035_cookbook_final_gf_mult_by_b7.gml,82,140,8,8,4,19,21,3.41,True
automated_osu035_ft816float_latest_final_cntlz32Reg.gml,172,285,34,6,0,27,24,3.31,True
automated_osu035_turbo8051_latest_final_stat_register.gml,12,12,5,1,0,1,0,2.0,True
automated_osu035_csa_latest_final_decrypt.gml,79011,184134,77,9,1184,22747,14866,4.66,True
automated_osu035_cookbook_final_gf_mult_by_c3.gml,62,100,8,8,4,14,15,3.23,True
automated_osu035_cookbook_final_gf_mult_by_68.gml,64,107,8,8,6,10,23,3.34,True
automated_osu035_iwls_final_mc_mem_if.gml,488,567,150,123,0,42,9,2.32,False
automated_osu035_jt51_latest_final_jt51_reg.gml,8818,20500,28,74,3,657,268,4.65,True
automated_osu035_cookbook_final_gf_mult_by_40.gml,81,138,8,8,1,19,20,3.41,True
automated_osu035_pairing_latest_final_f3m_add4.gml,5238,9409,776,194,0,1455,291,3.59,False
automated_osu035_Lightweight-Threshold-Implementations-master_final_key_schedule_modified3_simon_parallel.gml,539,1086,11,1,0,108,35,4.03,True
automated_osu035_rs_encoder_decoder_latest_final_GF8Dft_Idft.gml,35561,74889,12,8,710,11431,8495,4.21,True
automated_osu035_cookbook_final_gf_mult_by_ba.gml,106,203,8,8,1,37,10,3.83,True
automated_osu035_cookbook_final_rx_buffer_fifo_2.gml,6734,13592,404,402,0,815,411,4.04,True
automated_osu035_altor32_latest_final_altor32_fet.gml,929,1671,69,113,1,116,94,3.6,False
automated_osu035_AES-T200_final_S4.gml,2838,7177,33,32,0,760,608,5.06,True
automated_osu035_cookbook_final_gf_mult_by_54.gml,86,152,8,8,0,18,21,3.53,True
automated_osu035_iwls_final_eth_shiftreg.gml,222,392,37,18,0,17,20,3.53,True
automated_osu035_iwls_final_vga_enh_top.gml,91455,226162,87,109,6,16937,3646,4.95,False
automated_osu035_AES-T200_final_final_round.gml,11985,29728,257,128,0,3168,2688,4.96,True
automated_osu035_mriscvcore_final_NOR2_X1.gml,4,3,2,1,0,0,1,1.5,True
automated_osu035_ft816float_latest_final_isqrt.gml,1896,4033,36,65,9,226,279,4.25,True
automated_osu035_tiny_aes_latest_final_expand_key_type_A_192.gml,4631,9826,201,320,152,984,856,4.24,True
automated_osu035_m32632_latest_final_ILL_UNDEF.gml,230,440,31,2,0,69,47,3.83,True
automated_osu035_aes-master_final_aes_key_mem.gml,13845,33667,296,161,58,2104,1201,4.86,True
automated_osu035_xge_mac_latest_final_wishbone_if.gml,723,1294,159,39,2,104,47,3.58,True
automated_osu035_minirisc_latest_final_mux2_7.gml,50,56,15,7,0,7,0,2.24,True
automated_osu035_minsoc_latest_final_or1200_rf.gml,12621,26652,102,97,0,3006,363,4.22,True
automated_osu035_rs_encoder_decoder_latest_final_GF8Mult9.gml,74,125,8,8,3,21,21,3.38,True
automated_osu035_rs_encoder_decoder_latest_final_GF8Mult167.gml,106,201,8,8,3,33,26,3.79,True
automated_osu035_rs_decoder_31_19_6_latest_final_fifo_register.gml,731,1510,11,5,0,320,0,4.13,True
automated_osu035_turbo8051_latest_final_oc8051_t.gml,696,1481,27,42,0,140,84,4.26,True
automated_osu035_rs_encoder_decoder_latest_final_GF8Mult173.gml,105,197,8,8,6,33,31,3.75,True
automated_osu035_iwls_final_pci_wbw_wbr_fifos.gml,7391,16899,88,85,7,1539,577,4.57,True
automated_osu035_iwls_final_pci_perr_en_crit.gml,16,19,6,2,0,2,2,2.38,True
automated_osu035_rs_encoder_decoder_latest_final_GF8Mult198.gml,52,77,8,8,4,8,17,2.96,True
automated_osu035_mriscvcore_final_BUF_X16.gml,3,2,1,1,0,0,0,1.33,True
automated_osu035_cookbook_final_addsu.gml,269,460,33,17,4,65,57,3.42,True
automated_osu035_iscas_final_MUX21H.gml,8,8,3,1,0,1,0,2.0,True
automated_osu035_iwls_final_noise_shaper.gml,1400,3057,21,1,41,356,391,4.37,True
automated_osu035_iscas_final_c2670.gml,763,1211,157,64,12,163,91,3.17,False
automated_osu035_cookbook_final_sbox1.gml,171,418,6,4,0,57,37,4.89,True
automated_osu035_ft816float_latest_final_cntlz32.gml,146,237,32,6,0,21,24,3.25,True
automated_osu035_iwls_final_fpu.gml,29916,72178,70,40,197,10691,4615,4.83,True
automated_osu035_iwls_final_ac97_wb_if.gml,517,733,172,81,0,117,21,2.84,False
automated_osu035_mriscvcore_final_AOI221_X4.gml,9,8,5,1,0,2,0,1.78,True
automated_osu035_edge_latest_final_ex_mem_pipereg.gml,2558,3809,335,330,0,660,0,2.98,True
automated_osu035_reed_solomon_codec_generator_latest_final_RsDecodeChi.gml,11242,25166,541,14,609,2328,2852,4.48,True
automated_osu035_a-z80_latest_final_alu_mux_3z.gml,36,43,11,5,0,9,1,2.39,True
automated_osu035_iscas_final_s35932.gml,19151,33047,36,320,0,11052,1152,3.45,True
automated_osu035_orsoc_graphics_accelerator_final_gfx_transform.gml,98646,247356,486,241,1131,37161,12631,5.02,True
automated_osu035_minsoc_latest_final_eth_macstatus.gml,392,636,92,19,1,44,44,3.24,True
automated_osu035_pairing_latest_final_f3_add.gml,22,35,4,2,0,5,1,3.18,True
automated_osu035_turbo8051_latest_final_g_md_intf.gml,446,906,32,21,0,58,49,4.06,True
automated_osu035_minsoc_latest_final_adbg_crc32.gml,298,601,6,33,0,58,9,4.03,True
automated_osu035_iwls_final_can_ibo.gml,24,16,8,8,0,0,0,1.33,False
automated_osu035_minsoc_latest_final_or1200_dpram.gml,6121,13021,47,32,0,1482,136,4.25,True
automated_osu035_iwls_final_pci_master32_sm.gml,568,825,165,85,1,48,60,2.9,False
automated_osu035_orsoc_graphics_accelerator_final_div_uu.gml,3371,7143,26,18,25,814,494,4.24,True
automated_osu035_minsoc_latest_final_or1200_fpu_post_norm_mul.gml,2872,5918,124,33,9,818,406,4.12,True
automated_osu035_ecg_latest_final_func5.gml,600,421,194,196,0,5,1,1.4,False
automated_osu035_fpu_latest_final_fcmp.gml,426,766,64,6,5,97,95,3.6,True
automated_osu035_bch_configurable_latest_final_test_bch_bm.gml,425,978,16,14,0,98,71,4.6,True
automated_osu035_mips_16_latest_final_instruction_mem.gml,96,156,8,16,0,26,12,3.25,False
automated_osu035_pairing_latest_final_func5.gml,600,421,194,196,0,5,1,1.4,False
automated_osu035_SHA_final_SHA256.gml,12900,29211,21,41,108,2404,2479,4.53,True
automated_osu035_double_fpu_latest_final_fpu_exceptions.gml,3135,6175,214,70,0,504,370,3.94,True
automated_osu035_mriscvcore_final_OR4_X2.gml,8,7,4,1,0,1,2,1.75,True
automated_osu035_rs_encoder_decoder_latest_final_GF8Mult239.gml,80,138,8,8,6,19,24,3.45,True
automated_osu035_rs_encoder_decoder_latest_final_GF8Mult211.gml,97,181,8,8,3,37,13,3.73,True
automated_osu035_des_latest_final_sbox6.gml,156,352,6,4,0,68,36,4.51,True
automated_osu035_amber_latest_final_eth_rxethma.gml,1314,2577,143,38,17,298,214,3.92,True
automated_osu035_rs_encoder_decoder_latest_final_GF8Mult205.gml,85,155,8,8,0,22,11,3.65,True
automated_osu035_cookbook_final_scrambler.gml,8946,19960,515,512,51,2892,357,4.46,True
automated_osu035_fpga-median_latest_final_dff_3_pip.gml,106,128,26,24,0,0,0,2.42,True
automated_osu035_iwls_final_usbf_top.gml,3,2,1,1,0,0,0,1.33,True
automated_osu035_a-z80_latest_final_inc_d.gml,191,301,19,16,14,65,24,3.15,True
automated_osu035_Lightweight-Threshold-Implementations-master_final_key_schedule_1.gml,642,1341,18,10,1,101,17,4.18,True
automated_osu035_xgate_latest_final_xgate_regs.gml,1236,2273,56,310,0,49,24,3.68,True
automated_osu035_rs_5_3_gf256_latest_final_inv_gf256.gml,1053,2443,8,8,0,406,193,4.64,True
automated_osu035_numbert_sort_device_latest_final_dbg_7seg.gml,182,249,65,17,1,0,18,2.74,True
automated_osu035_csa_latest_final_block_decypher.gml,52336,125912,512,64,896,16800,11200,4.81,True
automated_osu035_cookbook_final_mask_16.gml,63,85,4,16,0,7,3,2.7,False
automated_osu035_ft816float_latest_final_i2f.gml,1031,2077,37,32,5,323,127,4.03,True
automated_osu035_iwls_final_mc_obct.gml,366,847,20,3,0,42,41,4.63,True
automated_osu035_minsoc_latest_final_or1200_dc_ram.gml,64,32,0,32,0,0,0,1.0,False
automated_osu035_pairing_latest_final_f33m_add.gml,6402,10185,1164,582,0,1455,291,3.18,False
automated_osu035_apbtoaes128_latest_final_sBox.gml,2035,4581,34,64,24,932,252,4.5,True
automated_osu035_xge_mac_latest_final_tx_enqueu.gml,242,183,74,75,0,9,0,1.51,False
automated_osu035_pairing_latest_final_f32m_add.gml,4268,6790,776,388,0,970,194,3.18,False
automated_osu035_sha512-master_final_sha512_k_constants.gml,1380,3258,7,64,0,440,248,4.72,True
automated_osu035_cookbook_final_twenty_to_eight.gml,17205,36128,1324,530,0,3082,1405,4.2,True
automated_osu035_rs_encoder_decoder_latest_final_RS8FreqDecod.gml,71375,151056,11,10,959,24181,11859,4.23,True
automated_osu035_apbtoaes128_latest_final_sBox_8.gml,507,1142,10,16,6,233,63,4.5,True
automated_osu035_cookbook_final_gray_to_bi.gml,56,103,8,8,0,25,3,3.68,True
automated_osu035_des_latest_final_sbox4.gml,151,343,6,4,0,59,36,4.54,True
automated_osu035_cookbook_final_ecc_correction_32bit.gml,296,586,7,33,0,54,57,3.96,True
automated_osu035_rs_encoder_decoder_latest_final_GF8Mult213.gml,101,189,8,8,3,37,19,3.74,True
automated_osu035_mriscv_final_spi_axi_master.gml,2427,4508,42,113,0,520,97,3.71,False
automated_osu035_iwls_final_add_sub27.gml,554,1062,55,28,5,90,127,3.83,True
automated_osu035_minsoc_latest_final_or1200_spram_256x21.gml,35741,78451,34,21,0,6619,1206,4.39,True
automated_osu035_Aquarius_latest_final_mem.gml,1443,2574,139,122,0,289,47,3.57,True
automated_osu035_gcm-aes_latest_final_gfm128_16.gml,6967,12735,272,256,350,2629,2165,3.66,True
automated_osu035_rs_encoder_decoder_latest_final_GF8Mult207.gml,86,153,8,8,5,20,14,3.56,True
automated_osu035_cookbook_final_crc32_dat40_flat.gml,1738,3375,72,32,145,393,878,3.88,True
automated_osu035_mesi_isc_final_mesi_isc_breq_fifos_cntl.gml,732,1048,187,100,2,116,34,2.86,False
automated_osu035_minsoc_latest_final_or1200_fpu_addsu.gml,1061,2148,60,29,3,218,173,4.05,True
automated_osu035_jt51_latest_final_jt51_pm.gml,542,1186,23,13,4,162,84,4.38,True
automated_osu035_openmsp430_latest_final_ogfx_gpu_reg.gml,2345,5090,24,109,5,649,251,4.34,True
automated_osu035_turbo8051_latest_final_g_rx_fsm.gml,1458,3180,38,38,4,315,212,4.36,True
automated_osu035_ecg_latest_final_func7.gml,624,481,194,194,0,15,3,1.54,False
automated_osu035_dvb_s2_ldpc_decoder_latest_final_ldpc_.gml,1367,2723,101,92,4,177,98,3.98,True
automated_osu035_pairing_latest_final_func7.gml,624,481,194,194,0,15,3,1.54,False
automated_osu035_csa_latest_final_stream_iteratio.gml,837,1293,116,109,9,128,105,3.09,False
automated_osu035_csa_latest_final_sbox2.gml,47,96,5,2,0,12,5,4.09,True
automated_osu035_fpu_latest_final_mul_r2.gml,7295,18018,49,48,64,3138,609,4.94,True
automated_osu035_chacha-master_final_chacha_cor.gml,19650,40489,905,514,498,3230,4144,4.12,True
automated_osu035_iwls_final_pci_wbr_fifo_control.gml,259,583,6,17,10,53,33,4.5,True
automated_osu035_iwls_final_wb_conmax_slave_if.gml,2853,4431,621,351,0,312,312,3.11,False
automated_osu035_turbo8051_latest_final_oc8051_uart.gml,574,1202,27,26,0,113,52,4.19,True
automated_osu035_cookbook_final_fixed_to_float.gml,559,1093,9,32,0,168,28,3.91,False
automated_osu035_openmsp430_latest_final_ram_16x1k_sp.gml,32,16,0,16,0,0,0,1.0,False
automated_osu035_mriscvcore_final_OAI221_X4.gml,9,8,5,1,0,1,2,1.78,True
automated_osu035_mriscvcore_final_LOGIC0_X1.gml,2,1,0,1,0,0,0,1.0,True
automated_osu035_iwls_final_wb_dma_top.gml,3011,5442,175,48,1,1636,963,3.61,True
automated_osu035_mriscvcore_final_MEMORY_INTERFACE.gml,1436,2350,173,179,6,187,152,3.27,False
automated_osu035_iwls_final_keysched.gml,1081,2130,143,139,32,217,99,3.94,False
automated_osu035_ft816float_latest_final_cntlz24.gml,105,168,24,5,0,12,19,3.2,True
automated_osu035_cookbook_final_rgb_to_hu.gml,3223,7368,25,8,9,748,650,4.57,True
automated_osu035_cookbook_final_sbox3.gml,127,293,6,4,0,38,25,4.61,True
automated_osu035_rs_encoder_decoder_latest_final_GF8Mult165.gml,122,248,8,8,1,42,19,4.07,True
automated_osu035_fixed_point_arithmetic_parameterized_latest_final_qtwosComp.gml,306,397,31,64,10,41,36,2.59,True
automated_osu035_rs_encoder_decoder_latest_final_GF8Mult171.gml,137,277,8,8,3,68,14,4.04,True
automated_osu035_rs_encoder_decoder_latest_final_GF8Mult159.gml,106,208,8,8,2,28,23,3.92,True
automated_osu035_turbo8051_latest_final_oc8051_a.gml,227,446,31,9,1,58,20,3.93,True
automated_osu035_openmsp430_latest_final_rom_8x2k_lo.gml,16,8,0,8,0,0,0,1.0,False
automated_osu035_two_dimensional_fast_hartley_transform_latest_final_mtx_trps_8x8_dpsram.gml,89,171,3,9,1,21,10,3.84,False
automated_osu035_iwls_final_pci_sync_modul.gml,22,36,4,2,0,0,1,3.27,True
automated_osu035_a-z80_latest_final_alu_control.gml,115,139,28,18,0,14,9,2.42,False
automated_osu035_Lightweight-Threshold-Implementations-master_final_key_shar.gml,508,987,13,3,2,26,19,3.89,True
automated_osu035_iwls_final_wb_dma_ch_pri_.gml,33,30,1,3,0,8,18,1.82,False
automated_osu035_aes-encryption_latest_final_aes_sbox.gml,687,1732,8,8,0,179,132,5.04,True
automated_osu035_cookbook_final_gf_mult_by_a9.gml,85,146,8,8,2,20,23,3.44,True
automated_osu035_iwls_final_adc_.gml,102,202,3,5,4,28,18,3.96,True
automated_osu035_cookbook_final_gf_mult_by_42.gml,80,136,8,8,1,13,23,3.4,True
automated_osu035_aes_highthroughput_lowarea_latest_final_byte_mix_columns.gml,220,350,32,8,0,38,76,3.18,True
automated_osu035_cookbook_final_gf_mult_by_56.gml,68,108,8,8,1,12,16,3.18,True
automated_osu035_m32632_latest_final_NEU_VALID.gml,4826,10327,36,24,0,710,352,4.28,True
automated_osu035_cookbook_final_crc32c_dat64_only_flat.gml,2158,4433,64,32,121,792,709,4.11,True
automated_osu035_iwls_final_usbf_p.gml,31,39,8,4,4,9,7,2.52,True
automated_osu035_cookbook_final_gf_mult_by_b5.gml,93,170,8,8,3,21,25,3.66,True
automated_osu035_cookbook_final_gf_mult_by_4d.gml,57,90,8,8,2,12,16,3.16,True
automated_osu035_openmsp430_latest_final_ogfx_gpu_dma.gml,4235,9312,138,37,11,1173,594,4.4,True
automated_osu035_mriscvcore_final_CLKGATETST_X4.gml,2,1,0,1,0,0,0,1.0,True
automated_osu035_turbo8051_latest_final_oc8051_psw.gml,139,248,25,10,0,29,15,3.57,False
automated_osu035_cookbook_final_gf_mult_by_c1.gml,50,72,8,8,7,7,15,2.88,True
automated_osu035_cookbook_final_gf_mult_by_81.gml,99,189,8,8,1,28,24,3.82,True
automated_osu035_8051_latest_final_oc8051_comp.gml,43,47,20,1,0,7,10,2.19,True
automated_osu035_rs_5_3_gf256_latest_final_RS_5_3_GF256.gml,1805,4112,12,9,21,561,316,4.56,True
automated_osu035_rs_encoder_decoder_latest_final_GF8Mult12.gml,55,85,8,8,5,7,19,3.09,True
automated_osu035_iwls_final_pci_conf_spa.gml,13280,28362,196,195,0,2556,792,4.27,True
automated_osu035_cookbook_final_gf_mult_by_95.gml,78,129,8,8,3,20,24,3.31,True
automated_osu035_iwls_final_wb_conmax_ar.gml,184,413,11,3,0,43,38,4.49,True
automated_osu035_iwls_final_mpcs50.gml,797,1195,150,99,0,200,100,3.0,False
automated_osu035_mem_ctrl_latest_final_mc_mem_if.gml,621,700,150,123,0,42,9,2.25,False
automated_osu035_mesi_isc_final_mesi_is.gml,4199,9288,146,48,10,859,109,4.42,True
automated_osu035_numbert_sort_device_latest_final_VGA_Ctrl.gml,415,680,32,57,1,45,80,3.28,False
automated_osu035_minsoc_latest_final_xilinx_dist_ram_16x32.gml,3821,8259,42,32,0,896,416,4.32,True
automated_osu035_iwls_final_fir_8x.gml,521,1174,23,19,4,100,70,4.51,True
automated_osu035_cookbook_final_gf_mult_by_8f.gml,48,68,8,8,4,10,9,2.83,True
automated_osu035_m32632_latest_final_FP_STAT_REG.gml,237,327,35,35,0,26,4,2.76,False
automated_osu035_cookbook_final_gf_mult_by_94.gml,54,79,8,8,4,6,14,2.93,True
automated_osu035_jt51_latest_final_jt51_timer.gml,149,294,16,2,0,36,22,3.95,True
automated_osu035_iwls_final_SDFFSRX1.gml,4,2,0,2,0,0,0,1.0,False
automated_osu035_configurable_crc_core_latest_final_crc_7.gml,51,92,4,7,0,9,2,3.61,True
automated_osu035_rs_encoder_decoder_latest_final_GF8Mult13.gml,64,104,8,8,3,17,17,3.25,True
automated_osu035_cookbook_final_gf_mult_by_80.gml,88,156,8,8,1,18,28,3.55,True
automated_osu035_ecg_latest_final_f3_add1.gml,9,9,2,2,0,0,2,2.0,True
automated_osu035_cookbook_final_gf_mult_by_5a.gml,52,77,8,8,4,6,18,2.96,True
automated_osu035_amber_latest_final_ethmac_w.gml,630,420,210,210,0,0,0,1.33,False
automated_osu035_cookbook_final_gf_mult_by_c0.gml,61,99,8,8,4,7,21,3.25,True
automated_osu035_ft816float_latest_final_cntlo16.gml,90,129,16,5,0,10,11,2.87,True
automated_osu035_cookbook_final_gf_mult_by_b4.gml,51,75,8,8,4,5,18,2.94,True
automated_osu035_cookbook_final_gf_mult_by_57.gml,84,144,8,8,0,21,15,3.43,True
automated_osu035_rsencoder_latest_final_FF.gml,34,40,10,8,0,0,0,2.35,True
automated_osu035_orsoc_graphics_accelerator_final_gfx_wbm_read_arbiter.gml,580,689,138,135,0,141,4,2.38,False
automated_osu035_sha_core_latest_final_sha512.gml,26143,61329,39,37,252,3973,4344,4.69,True
automated_osu035_cookbook_final_gf_mult_by_cf.gml,75,134,8,8,4,20,20,3.57,True
automated_osu035_cookbook_final_ecc_correction_16bit.gml,155,300,6,17,0,33,34,3.87,True
automated_osu035_m32632_latest_final_MMU_UP.gml,338,450,78,42,0,63,23,2.66,True
automated_osu035_cookbook_final_gf_mult_by_a8.gml,49,71,8,8,2,7,15,2.9,True
automated_osu035_cookbook_final_gf_mult_by_43.gml,67,102,8,8,3,10,16,3.04,True
automated_osu035_iwls_final_eth_miim.gml,519,1069,40,25,0,88,72,4.12,True
automated_osu035_mriscv_final_ADC_interface_AXI.gml,157,196,17,37,0,31,2,2.5,False
automated_osu035_dvb_s2_ldpc_decoder_latest_final_ldpc_v.gml,603,1189,53,46,1,85,41,3.94,True
automated_osu035_minsoc_latest_final_or1200_pm.gml,88,44,0,44,0,0,0,1.0,False
automated_osu035_apbtoaes128_latest_final_aes_ip.gml,11084,25732,41,38,199,3111,1327,4.64,False
automated_osu035_minsoc_latest_final_or1200_fpu_pre_norm_mul.gml,279,323,63,58,4,28,39,2.32,False
automated_osu035_rs_encoder_decoder_latest_final_GF8Mult158.gml,111,211,8,8,0,36,19,3.8,True
automated_osu035_mriscvcore_final_NOR2_X2.gml,4,3,2,1,0,0,1,1.5,True
automated_osu035_cookbook_final_gearbox_66_40.gml,2266,5688,68,43,0,405,293,5.02,True
automated_osu035_turbo8051_latest_final_uart_cfg.gml,277,443,17,38,0,25,35,3.2,True
automated_osu035_a-z80_latest_final_uart.gml,246,504,11,2,2,29,34,4.1,True
automated_osu035_aes_highthroughput_lowarea_latest_final_xram_16x64.gml,5485,13084,74,64,0,259,435,4.77,True
automated_osu035_rs_encoder_decoder_latest_final_GF8Mult170.gml,106,206,8,8,4,39,24,3.89,True
automated_osu035_rs_encoder_decoder_latest_final_GF8Mult164.gml,97,184,8,8,1,33,14,3.79,True
automated_osu035_iwls_final_ejtag_dclknr3.gml,5,4,3,1,0,0,1,1.6,True
automated_osu035_minsoc_latest_final_uart_tfifo.gml,848,1908,14,14,0,95,152,4.5,True
automated_osu035_pairing_latest_final_f32m_mux6.gml,5022,6956,2334,388,0,388,0,2.77,True
automated_osu035_cookbook_final_sbox2.gml,154,374,6,4,0,52,32,4.86,True
automated_osu035_iwls_final_aes_key_expand_128.gml,5205,12496,130,128,43,1959,796,4.8,True
automated_osu035_iscas_final_s641.gml,557,700,36,24,0,116,17,2.51,False
automated_osu035_tiny_tate_bilinear_pairing_latest_final_f3_add.gml,22,35,4,2,0,5,1,3.18,True
automated_osu035_iwls_final_pci_pciw_fifo_control.gml,567,1323,5,22,26,145,96,4.67,True
automated_osu035_cookbook_final_big_sigma_1_512.gml,692,1204,64,64,0,256,128,3.48,True
automated_osu035_minsoc_latest_final_minsoc_onchip_ram.gml,83440,216096,23,8,0,7219,3315,5.18,True
automated_osu035_AES-T100_final_xS.gml,697,1793,9,8,0,181,144,5.14,True
automated_osu035_minsoc_latest_final_or1200_fpu_arit.gml,11911,26191,71,41,41,3347,1833,4.4,True
automated_osu035_Aquarius_latest_final_cpu.gml,21711,53311,51,73,54,6005,2130,4.91,True
automated_osu035_turbo8051_latest_final_spi_if.gml,128,218,19,14,0,19,4,3.41,False
automated_osu035_iwls_final_pci_frame_crit.gml,7,6,3,1,0,0,1,1.71,True
automated_osu035_mem_ctrl_latest_final_mc_dp.gml,1516,3023,90,69,9,386,87,3.99,True
automated_osu035_minsoc_latest_final_or1200_spram_64x24.gml,9866,21234,35,24,0,2780,761,4.3,True
automated_osu035_cookbook_final_twelve_four_comp.gml,184,422,12,4,0,76,38,4.59,True
automated_osu035_suslik_latest_final_ioinstr.gml,494,542,113,103,0,41,11,2.19,False
automated_osu035_edge_latest_final_controller.gml,301,539,17,35,0,80,63,3.58,False
automated_osu035_csa_latest_final_sbox3.gml,53,110,5,2,0,14,7,4.15,True
automated_osu035_cookbook_final_cordi.gml,425,871,6,4,0,106,49,4.1,True
automated_osu035_Lightweight-Threshold-Implementations-master_final_and4.gml,20,16,8,4,0,8,0,1.6,False
automated_osu035_cookbook_final_round.gml,1698,3515,120,120,0,436,423,4.14,False
automated_osu035_cookbook_final_ecc_encode_2bit.gml,22,23,2,6,0,1,2,2.09,True
automated_osu035_pairing_latest_final_func6.gml,12,14,3,1,0,0,3,2.33,True
automated_osu035_hight_latest_final_RF.gml,1303,2683,98,64,23,322,206,4.12,True
automated_osu035_ecg_latest_final_func6.gml,12,14,3,1,0,0,3,2.33,True
automated_osu035_iwls_final_wb_dma_wb_mast.gml,694,856,175,140,0,103,1,2.47,False
automated_osu035_mriscvcore_final_OR4_X1.gml,8,7,4,1,0,1,2,1.75,True
automated_osu035_systemcaes_latest_final_subbytes.gml,1403,2768,140,138,0,206,65,3.95,True
automated_osu035_iwls_final_s526_.gml,172,399,5,6,0,47,27,4.64,True
automated_osu035_xgate_latest_final_xgate_barrel_shift.gml,694,1894,38,17,0,192,109,5.46,True
automated_osu035_openmsp430_latest_final_driver_7segment.gml,392,750,35,28,4,36,43,3.83,True
automated_osu035_mem_ctrl_latest_final_mc_rd_fifo.gml,847,1731,41,36,0,264,7,4.09,True
automated_osu035_rs_encoder_decoder_latest_final_GF8Mult206.gml,91,160,8,8,1,35,9,3.52,True
automated_osu035_minsoc_latest_final_or1200_sb_fifo.gml,2265,4884,72,70,0,429,220,4.31,True
automated_osu035_des_latest_final_sbox5.gml,149,346,6,4,0,56,35,4.64,True
automated_osu035_mem_ctrl_latest_final_sync_cs_d.gml,147,312,4,2,5,30,30,4.24,True
automated_osu035_openmsp430_latest_final_omsp_scan_mux.gml,8,8,3,1,0,1,0,2.0,True
automated_osu035_rs_encoder_decoder_latest_final_GF8Mult212.gml,136,274,8,8,2,48,26,4.03,True
automated_osu035_Lightweight-Threshold-Implementations-master_final_key_schedule_2.gml,562,1125,18,1,0,109,42,4.0,True
automated_osu035_cookbook_final_chain_delay_ra.gml,197,355,10,3,0,43,60,3.6,True
automated_osu035_mriscvcore_final_FA_X1.gml,12,19,3,2,0,2,2,3.17,True
automated_osu035_iwls_final_mc_obct_top.gml,754,1765,29,3,0,93,86,4.68,True
automated_osu035_a-z80_latest_final_alu_select.gml,51,34,17,17,0,0,6,1.33,False
automated_osu035_des_latest_final_key_sel3.gml,1985,4606,175,48,1,1355,139,4.64,True
automated_osu035_turbo8051_latest_final_g_mac_cor.gml,6502,13865,79,209,38,1447,850,4.26,False
automated_osu035_iscas_final_c432.gml,181,343,36,7,0,30,21,3.79,True
automated_osu035_minsoc_latest_final_eth_wishbo.gml,50936,121150,144,127,6,12875,2505,4.76,False
automated_osu035_gost28147-89_latest_final_gost89_pipelined_ecb_encrypt.gml,48206,103309,833,64,1344,17280,9824,4.29,True
automated_osu035_cookbook_final_gf_mult_by_0.gml,91,165,8,8,2,21,20,3.63,True
automated_osu035_iwls_final_mc_top.gml,314,372,64,64,6,0,122,2.37,True
automated_osu035_Lightweight-Threshold-Implementations-master_final_key_schedule_modified2_simon_parallel.gml,552,1105,17,1,0,106,40,4.0,True
automated_osu035_cookbook_final_error_loc_poly_round_multi_step.gml,8229,17248,396,261,274,2285,1420,4.19,False
automated_osu035_pairing_latest_final_tate_pairing.gml,654,496,194,196,0,36,16,1.52,False
automated_osu035_des-master_final_des3.gml,3944,9039,240,64,1,2075,538,4.58,True
automated_osu035_cookbook_final_gf_mult_by_f.gml,99,186,8,8,1,32,18,3.76,True
automated_osu035_8051_latest_final_oc8051_sp.gml,218,412,26,16,0,43,33,3.78,True
automated_osu035_tiny_aes_latest_final_xS.gml,697,1793,9,8,0,181,144,5.14,True
automated_osu035_gng_latest_final_gng_lzd.gml,234,369,61,6,0,33,47,3.15,True
automated_osu035_iwls_final_pci_perr_crit.gml,12,17,3,2,0,3,3,2.83,True
automated_osu035_present_encryptor_latest_final_present_encryptor_top.gml,1545,3158,83,64,64,203,181,4.09,True
automated_osu035_xgate_latest_final_bc_2.gml,25,32,9,2,0,4,0,2.56,True
automated_osu035_des_latest_final_sbox8.gml,152,347,6,4,0,62,40,4.57,True
automated_osu035_iwls_final_pci_frame_load_crit.gml,9,8,4,1,0,1,0,1.78,True
automated_osu035_rs_decoder_31_19_6_latest_final_lcpmult.gml,144,308,10,5,3,58,23,4.28,True
automated_osu035_rs_encoder_decoder_latest_final_GF8Mult237.gml,61,101,8,8,2,6,20,3.31,True
automated_osu035_a-z80_latest_final_alu_shifter_cor.gml,56,86,11,10,0,0,1,3.07,True
automated_osu035_aes_highthroughput_lowarea_latest_final_sbox.gml,533,1176,12,16,23,195,107,4.41,True
automated_osu035_generic_fifos_latest_final_generic_fifo_sc_.gml,13065,29619,13,18,1,2617,537,4.53,True
automated_osu035_cookbook_final_word_adder_plai.gml,88,130,16,8,3,18,19,2.95,True
automated_osu035_rs_encoder_decoder_latest_final_GF8Mult223.gml,67,109,8,8,3,21,13,3.25,True
automated_osu035_minsoc_latest_final_eth_transmitcontrol.gml,364,646,75,14,0,64,41,3.55,True
automated_osu035_iwls_final_ejtag_rsflop.gml,9,9,4,1,0,0,0,2.0,True
automated_osu035_minsoc_latest_final_or1200_wbmux.gml,632,998,135,65,0,105,18,3.16,True
automated_osu035_minsoc_latest_final_InputCell.gml,12,14,5,1,0,1,0,2.33,True
automated_osu035_jt51_latest_final_jt51_phaseg.gml,4951,11095,35,25,19,1200,759,4.48,True
automated_osu035_cookbook_final_crc32_dat88_flat.gml,3536,7074,120,32,278,846,1572,4.0,True
automated_osu035_cookbook_final_fec_rot_1.gml,136,116,32,32,0,4,8,1.71,False
automated_osu035_edge_latest_final_zero_extend.gml,80,48,16,32,0,0,0,1.2,False
automated_osu035_mriscv_final_gpioAPB.gml,429,675,19,65,0,96,24,3.15,False
automated_osu035_mem_ctrl_latest_final_mc_obct.gml,396,868,20,3,0,48,49,4.38,True
automated_osu035_iwls_final_aes_inv_cipher_top.gml,30219,77659,260,129,73,8455,4273,5.14,True
automated_osu035_md5_core-master_final_slut.gml,35,57,4,5,0,6,3,3.26,True
automated_osu035_rs_decoder_31_19_6_latest_final_CSEEblock.gml,1082,2116,72,8,24,396,154,3.91,True
automated_osu035_ft816float_latest_final_cntlz8.gml,34,48,8,4,0,3,5,2.82,True
automated_osu035_orsoc_graphics_accelerator_final_gfx_interp.gml,39983,88387,84,66,104,8046,4734,4.42,True
automated_osu035_rs_encoder_decoder_latest_final_GF8Mult182.gml,64,105,8,8,3,11,21,3.28,True
automated_osu035_rs_encoder_decoder_latest_final_GF8Mult196.gml,49,71,8,8,3,5,16,2.9,True
automated_osu035_Lightweight-Threshold-Implementations-master_final_shar.gml,516,1002,14,5,1,24,17,3.88,True
automated_osu035_rs_encoder_decoder_latest_final_GF8Mult169.gml,109,209,8,8,4,46,17,3.83,True
automated_osu035_rs_encoder_decoder_latest_final_GF8Mult7.gml,92,167,8,8,0,20,22,3.63,True
automated_osu035_SHA_final_SHA256_INTERFACE.gml,1235,2072,277,50,0,282,81,3.36,True
automated_osu035_gcm-aes_latest_final_gcm_aes_v0.gml,34869,80371,267,136,729,10439,7296,4.61,True
automated_osu035_rs_encoder_decoder_latest_final_GF8Mult141.gml,53,79,8,8,4,10,16,2.98,True
automated_osu035_orsoc_graphics_accelerator_latest_final_basic_fifo.gml,10013,21648,36,41,1,853,1266,4.32,True
automated_osu035_rs_encoder_decoder_latest_final_GF8Mult155.gml,112,226,8,8,0,36,20,4.04,True
automated_osu035_minsoc_latest_final_or1200_dc_tag.gml,42,21,0,21,0,0,0,1.0,False
automated_osu035_cookbook_final_gf_mult_by_a5.gml,90,156,8,8,1,19,22,3.47,True
automated_osu035_openmsp430_latest_final_virtex6_dmem.gml,32,16,0,16,0,0,0,1.0,False
automated_osu035_iscas_final_TopLevel74182.gml,33,44,9,5,0,5,2,2.67,True
automated_osu035_cookbook_final_gf_mult_by_7d.gml,83,143,8,8,1,25,18,3.45,True
automated_osu035_8051_latest_final_oc8051_multiply.gml,324,691,19,17,3,83,30,4.27,True
automated_osu035_cookbook_final_equal_const.gml,18,17,8,1,0,3,2,1.89,True
automated_osu035_cookbook_final_gf_mult_by_66.gml,88,156,8,8,0,23,21,3.55,True
automated_osu035_cookbook_final_gf_mult_by_b9.gml,104,197,8,8,1,37,14,3.79,True
automated_osu035_mriscvcore_final_CLKGATETST_X8.gml,2,1,0,1,0,0,0,1.0,True
automated_osu035_tiny_tate_bilinear_pairing_latest_final_v1.gml,482,338,94,194,0,0,0,1.4,False
automated_osu035_cookbook_final_gf_mult_by_72.gml,109,209,8,8,0,32,17,3.83,True
automated_osu035_cookbook_final_gf_mult_by_99.gml,91,163,8,8,1,23,22,3.58,True
automated_osu035_turbo8051_latest_final_wb_interfa.gml,1771,3809,103,101,1,196,160,4.3,False
automated_osu035_rs_decoder_31_19_6_latest_final_RSDecoder.gml,8931,20573,9,10,138,3825,1558,4.61,True
automated_osu035_AES-T100_final_S.gml,709,1793,9,8,0,190,152,5.06,True
automated_osu035_rs_encoder_decoder_latest_final_GF8Mult36.gml,76,128,8,8,5,24,15,3.37,True
automated_osu035_iwls_final_CSA15.gml,240,360,45,30,0,60,30,3.0,False
automated_osu035_openmsp430_latest_final_openMSP430.gml,5943,13246,66,107,15,1259,762,4.46,False
automated_osu035_amber_latest_final_a25_wishbo.gml,9025,18451,664,566,0,1055,997,4.09,False
automated_osu035_rs_encoder_decoder_latest_final_GF8Mult22.gml,59,92,8,8,3,13,16,3.12,True
automated_osu035_amber_latest_final_a25_execut.gml,22412,50072,218,245,8,4856,1618,4.47,False
automated_osu035_rs_decoder_31_19_6_latest_final_degree6_cell.gml,62,100,8,5,2,18,7,3.23,True
automated_osu035_rs_encoder_decoder_latest_final_GF8Mult23.gml,57,85,8,8,3,9,11,2.98,True
automated_osu035_rs_encoder_decoder_latest_final_GF8Mult37.gml,82,149,8,8,4,13,25,3.63,True
automated_osu035_m32632_latest_final_WB_CONTROL.gml,961,1870,34,35,2,377,48,3.89,False
automated_osu035_mriscvcore_final_OAI21_X2.gml,5,4,3,1,0,0,0,1.6,True
automated_osu035_openmsp430_latest_final_omsp_clock_mux.gml,21,31,5,1,0,0,4,2.95,True
automated_osu035_turbo8051_latest_final_half_dup_dble_reg.gml,8,11,3,1,0,0,0,2.75,True
automated_osu035_turbo8051_latest_final_oc8051_decoder.gml,834,1870,13,39,0,196,146,4.48,True
automated_osu035_mem_ctrl_latest_final_mc_cs_rf_dummy.gml,136,68,0,68,0,0,0,1.0,False
osu035_osu035_automated_osu035_des_latest_final_sbox4.gml,151,350,6,4,0,65,37,4.64,True
automated_osu035_cookbook_final_gf_mult_by_98.gml,82,152,8,8,3,15,27,3.71,True
automated_osu035_cookbook_final_crc32_dat24_flat.gml,824,1491,56,32,76,122,483,3.62,True
automated_osu035_ft816float_latest_final_cntlo8.gml,42,56,8,4,0,3,5,2.67,True
automated_osu035_cookbook_final_gf_mult_by_b8.gml,67,107,8,8,4,10,23,3.19,True
automated_osu035_cookbook_final_gf_mult_by_73.gml,81,143,8,8,5,27,16,3.53,True
automated_osu035_iwls_final_TLATX1.gml,4,2,0,2,0,0,0,1.0,False
automated_osu035_tiny_tate_bilinear_pairing_latest_final_v0.gml,518,388,130,194,0,0,0,1.5,False
automated_osu035_iwls_final_ejtag_dclknd2.gml,4,3,2,1,0,1,0,1.5,True
automated_osu035_BLAKE_final_CSA.gml,511,764,96,64,0,128,64,2.99,False
automated_osu035_cookbook_final_gf_mult_by_67.gml,90,155,8,8,3,39,13,3.44,True
automated_osu035_generic_fifos_latest_final_generic_fifo_lfsr.gml,449,978,13,12,0,76,16,4.36,True
automated_osu035_cookbook_final_gf_mult_by_a4.gml,53,79,8,8,2,5,20,2.98,True
automated_osu035_rs_decoder_31_19_6_latest_final_mux2_to_1.gml,36,40,11,5,0,5,0,2.22,True
automated_osu035_cookbook_final_des_to_string.gml,790,1450,64,88,0,121,110,3.67,False
automated_osu035_present_encryptor_latest_final_substitutio.gml,688,1296,64,64,0,176,96,3.77,False
automated_osu035_cookbook_final_gf_mult_by_6a.gml,103,197,8,8,0,35,12,3.83,True
automated_osu035_amber_latest_final_eth_txstatem.gml,272,438,51,20,3,50,32,3.22,True
automated_osu035_csa_latest_final_key_cnt.gml,9529,17755,68,1025,0,1033,6,3.73,True
automated_osu035_openmsp430_latest_final_ogfx_reg.gml,8141,17663,79,245,15,1624,1055,4.34,True
automated_osu035_ft816float_latest_final_cntlo32.gml,178,269,32,6,0,21,24,3.02,True
automated_osu035_rs_encoder_decoder_latest_final_GF8Mult154.gml,93,169,8,8,5,26,22,3.63,True
automated_osu035_reed_solomon_codec_generator_latest_final_RsDecodeMult.gml,431,976,16,8,7,186,66,4.53,True
automated_osu035_m32632_latest_final_PROG_COUNTER.gml,1602,3019,78,99,11,305,197,3.77,True
automated_osu035_rs_encoder_decoder_latest_final_GF8Mult140.gml,55,85,8,8,3,10,16,3.09,True
automated_osu035_crcahb_latest_final_host_interfa.gml,532,653,151,78,0,126,9,2.45,False
automated_osu035_rs_encoder_decoder_latest_final_GF8Mult6.gml,50,72,8,8,4,8,14,2.88,True
automated_osu035_rs_encoder_decoder_latest_final_GF8Mult168.gml,69,118,8,8,1,20,19,3.42,True
automated_osu035_minirisc_latest_final_mux2_8.gml,57,64,17,8,0,8,0,2.25,True
automated_osu035_minsoc_latest_final_or1200_fpu_post_norm_addsu.gml,1393,2770,105,33,8,394,256,3.98,True
automated_osu035_minsoc_latest_final_uart_transmitter.gml,1246,3103,20,9,2,202,141,4.98,True
automated_osu035_amber_latest_final_eth_rxcounters.gml,457,860,30,32,2,101,82,3.76,True
automated_osu035_turbo8051_latest_final_double_sync_hig.gml,8,11,3,1,0,0,0,2.75,True
automated_osu035_rs_encoder_decoder_latest_final_GF8Mult197.gml,58,90,8,8,3,12,18,3.1,True
automated_osu035_trigonometric_functions_in_double_fpu_latest_final_cotangent_lut.gml,1826,3842,34,64,0,611,552,4.21,True
automated_osu035_rs_encoder_decoder_latest_final_GF8Mult183.gml,86,146,8,8,4,18,25,3.4,True
automated_osu035_altor32_latest_final_altor32_dfu.gml,844,1482,155,66,3,66,43,3.51,True
automated_osu035_mriscvcore_final_MULT.gml,4834,10131,79,34,99,1067,898,4.19,True
automated_osu035_c7552-NS5150_final_AntiSAT.gml,1187,1548,466,1,67,223,309,2.61,True
automated_osu035_ecg_latest_final_point_scalar_mult.gml,87462,186242,542,390,74,23371,4296,4.26,True
automated_osu035_cookbook_final_fn_.gml,512,512,192,64,0,64,0,2.0,False
automated_osu035_amber_latest_final_wb_ddr3_bridg.gml,1290,1774,198,213,0,83,8,2.75,False
automated_osu035_minsoc_latest_final_or1200_spram_64x14.gml,5845,12297,25,14,0,1742,461,4.21,True
automated_osu035_mriscvcore_final_BUF_X1.gml,3,2,1,1,0,0,0,1.33,True
automated_osu035_iwls_final_usb_rx_phy.gml,240,483,6,14,2,51,27,4.03,True
automated_osu035_openmsp430_latest_final_virtex6_pmem.gml,32,16,0,16,0,0,0,1.0,False
automated_osu035_turbo8051_latest_final_g_rx_top.gml,2009,4509,46,39,13,442,362,4.49,True
automated_osu035_8051_latest_final_oc8051_dptr.gml,170,269,30,16,0,39,5,3.16,True
automated_osu035_dpll-isdn_latest_final_phasecomparator.gml,15,20,3,2,0,0,2,2.67,True
automated_osu035_mriscvcore_final_true_dpram_sclk.gml,8116,18778,44,64,0,1047,211,4.63,True
automated_osu035_reed_solomon_decoder_latest_final_input_syndromes.gml,25258,57415,20,137,64,4695,2335,4.55,True
automated_osu035_minsoc_latest_final_BiDirectionalCell.gml,23,28,7,3,0,1,2,2.43,True
automated_osu035_cookbook_final_bus_mux.gml,421,578,131,16,0,64,0,2.75,True
automated_osu035_rs_encoder_decoder_latest_final_GF8Mult222.gml,54,81,8,8,3,9,10,3.0,True
automated_osu035_rs_encoder_decoder_latest_final_GF8Mult236.gml,57,86,8,8,4,11,18,3.02,True
automated_osu035_mriscvcore_final_AOI21_X4.gml,5,4,3,1,0,0,0,1.6,True
automated_osu035_BLAKE_final_BLAKE_G_FUNCTION.gml,2596,4871,192,128,80,732,603,3.75,True
automated_osu035_mriscvcore_final_OR3_X4.gml,8,7,3,1,0,1,0,1.75,True
automated_osu035_apbtoaes128_latest_final_datapat.gml,10567,24077,91,97,199,2892,1212,4.56,False
automated_osu035_iscas_final_Circuit74181.gml,118,218,14,8,0,47,19,3.69,True
automated_osu035_a-z80_latest_final_control_pins_.gml,49,35,14,14,0,0,2,1.43,False
automated_osu035_pairing_latest_final_f3m_ni.gml,3254,6421,195,194,0,880,176,3.95,True
automated_osu035_pairing_latest_final_f3_add1.gml,9,9,2,2,0,0,2,2.0,True
automated_osu035_cookbook_final_buf_2to3.gml,666,1420,20,26,0,158,43,4.26,True
automated_osu035_mem_ctrl_latest_final_mc_rf.gml,5277,9772,90,233,1,2304,150,3.7,False
automated_osu035_turbo8051_latest_final_oc8051_divid.gml,420,913,19,17,2,120,40,4.35,True
automated_osu035_reed_solomon_decoder_latest_final_error_correctio.gml,7206,15762,304,83,47,1201,1151,4.37,True
automated_osu035_mem_ctrl_latest_final_mc_obct_top.gml,807,1800,29,3,0,105,102,4.46,True
automated_osu035_cookbook_final_gf_mult_by_1.gml,67,109,8,8,5,17,17,3.25,True
automated_osu035_mriscvcore_final_Alg_Boot.gml,753,1494,39,34,4,96,96,3.97,True
automated_osu035_RS232-T100_final_uart.gml,40,51,2,11,0,0,0,2.55,False
automated_osu035_minirisc_latest_final_mux8_1.gml,29,36,11,1,0,4,0,2.48,True
automated_osu035_aes_highthroughput_lowarea_latest_final_aes.gml,50214,108813,392,131,525,11504,11204,4.33,True
automated_osu035_turbo8051_latest_final_generic_register.gml,10,11,4,1,0,1,0,2.2,True
automated_osu035_AES-T200_final_TSC.gml,405,502,30,64,0,32,22,2.48,True
automated_osu035_xge_mac_latest_final_meta_sync_singl.gml,7,8,3,1,0,0,0,2.29,True
automated_osu035_openmsp430_latest_final_DAC121S101.gml,120,219,3,12,0,20,5,3.65,True
automated_osu035_8051_latest_final_oc8051_top.gml,20905,48123,84,78,16,4690,1858,4.6,False
automated_osu035_cookbook_final_gf_mult_by_3.gml,79,129,8,8,3,27,19,3.27,True
automated_osu035_orsoc_graphics_accelerator_final_bresenham_li.gml,160,179,31,32,6,19,22,2.24,False
automated_osu035_mriscvcore_final_FSM_Boot.gml,44,65,8,3,0,10,7,2.95,True
automated_osu035_turbo8051_latest_final_oc8051_ram_256x8_two_bist.gml,12343,26782,28,8,0,2497,651,4.34,True
automated_osu035_iscas_final_CLAmodul.gml,43,59,9,7,0,12,0,2.74,True
automated_osu035_mriscvcore_final_AND2_X4.gml,4,3,2,1,0,1,0,1.5,True
automated_osu035_cookbook_final_five_to_twenty.gml,8933,16550,334,1322,0,1327,2,3.71,True
automated_osu035_iwls_final_pci_spoci_ctrl.gml,607,1394,25,13,0,107,102,4.59,True
automated_osu035_mriscvcore_final_TBUF_X8.gml,3,2,1,1,0,0,0,1.33,True
automated_osu035_tiny_aes_latest_final_table_lookup.gml,5857,14712,33,128,0,1516,1248,5.02,True
automated_osu035_cookbook_final_ecc_raw_data_64bit.gml,192,128,64,64,0,0,0,1.33,False
automated_osu035_cookbook_final_gearbox_32_33.gml,1151,2612,36,34,0,350,75,4.54,True
automated_osu035_orsoc_graphics_accelerator_latest_final_bresenham_li.gml,4375,9591,132,35,27,666,789,4.38,True
automated_osu035_orsoc_graphics_accelerator_final_gfx_rasterizer.gml,38,44,8,8,3,0,14,2.32,True
automated_osu035_8051_latest_final_oc8051_tc2.gml,552,1120,24,44,0,71,44,4.06,True
automated_osu035_mriscv_final_decodificador_axi.gml,37,47,4,8,0,5,9,2.54,True
automated_osu035_rs_encoder_decoder_latest_final_GF8Mult208.gml,96,168,8,8,4,38,15,3.5,True
automated_osu035_minsoc_latest_final_or1200_sprs.gml,2548,3713,639,203,0,391,164,2.91,True
automated_osu035_rs_encoder_decoder_latest_final_GF8Mult220.gml,59,85,8,8,4,9,13,2.88,True
automated_osu035_openmsp430_latest_final_omsp_clock_gat.gml,5,4,1,1,0,1,0,1.6,True
automated_osu035_rs_encoder_decoder_latest_final_GF8Mult234.gml,72,123,8,8,3,12,21,3.42,True
automated_osu035_minsoc_latest_final_minsoc_tc_top.gml,7556,11288,916,956,0,356,1859,2.99,False
automated_osu035_systemcaes_latest_final_aes192.gml,14070,32779,324,129,92,2983,955,4.66,True
automated_osu035_viterb_encoder_and_decoder_final_bmc010.gml,17,20,2,4,0,3,2,2.35,True
automated_osu035_ecg_latest_final_func8.gml,6334,12590,200,194,0,2149,197,3.98,True
automated_osu035_xgate_latest_final_xgate_jtag_sm.gml,70,139,3,14,0,14,18,3.97,True
automated_osu035_csa_latest_final_key_schedul.gml,3494,5950,67,450,0,67,5,3.41,True
automated_osu035_iscas_final_s713.gml,575,756,36,23,0,144,21,2.63,False
automated_osu035_m1_core_latest_final_ps2_translation_tabl.gml,504,1183,24,18,0,69,36,4.69,True
automated_osu035_gng_latest_final_gng_interp.gml,12341,29939,67,17,87,4538,1669,4.85,True
automated_osu035_sdr_ctrl_latest_final_BUFFER.gml,3,2,1,1,0,0,0,1.33,True
automated_osu035_cookbook_final_key_shift.gml,168,112,56,56,0,0,0,1.33,False
automated_osu035_pairing_latest_final_func8.gml,6334,12590,200,194,0,2149,197,3.98,True
automated_osu035_iwls_final_pci_pci_tpram.gml,55664,136647,61,80,0,11676,1752,4.91,False
automated_osu035_sha512-master_final_sha512.gml,35746,84397,44,33,168,5842,4813,4.72,True
automated_osu035_iwls_final_lbc_and.gml,4,3,2,1,0,1,0,1.5,True
automated_osu035_sha256-master_final_sha256_cor.gml,14196,31381,517,258,96,2780,1747,4.42,True
automated_osu035_tiny_aes_latest_final_expand_key_type_D_192.gml,4207,8930,201,320,88,792,720,4.25,True
automated_osu035_iwls_final_s838_1_.gml,308,616,36,1,2,85,71,4.0,True
automated_osu035_cookbook_final_fec_rot_2.gml,144,136,32,32,0,8,16,1.89,False
automated_osu035_m32632_latest_final_BITMASK.gml,192,373,7,32,0,31,15,3.89,True
automated_osu035_edge_latest_final_mux_WBResult.gml,395,564,163,32,0,66,100,2.86,True
automated_osu035_m1_core_latest_final_m1_di.gml,2956,6525,68,65,28,417,421,4.41,True
automated_osu035_gost28147-89_latest_final_gost89_ecb_decrypt.gml,3435,5675,835,65,42,717,422,3.3,True
automated_osu035_openmsp430_latest_final_ram_8x512_lo.gml,16,8,0,8,0,0,0,1.0,False
automated_osu035_mips_16_latest_final_alu.gml,32,16,0,16,0,0,0,1.0,False
automated_osu035_cookbook_final_rot_word.gml,96,64,32,32,0,0,0,1.33,False
automated_osu035_tiny_tate_bilinear_pairing_latest_final_FSM.gml,723,1414,28,34,0,49,30,3.91,True
automated_osu035_AES-T200_final_expand_key_128.gml,4298,9429,137,256,152,984,856,4.39,True
automated_osu035_AES-T200_final_one_round.gml,24732,62587,257,128,128,6960,5504,5.06,True
automated_osu035_iwls_final_mcsa6.gml,53,88,9,5,0,16,8,3.32,True
automated_osu035_rs_encoder_decoder_latest_final_GF8Mult195.gml,63,103,8,8,3,16,16,3.27,True
automated_osu035_cookbook_final_word_align_control.gml,97,216,4,2,0,15,13,4.45,True
automated_osu035_cookbook_final_seconds_counter.gml,251,521,2,11,0,52,38,4.15,True
automated_osu035_rs_encoder_decoder_latest_final_GF8Mult181.gml,77,131,8,8,2,22,16,3.4,True
automated_osu035_orsoc_graphics_accelerator_latest_final_gfx_wbm_read.gml,243,184,71,78,0,1,0,1.51,False
automated_osu035_rs_encoder_decoder_latest_final_GF8Mult4.gml,67,103,8,8,1,10,15,3.07,True
automated_osu035_cookbook_final_sboxes.gml,1178,2827,48,32,0,356,263,4.8,False
automated_osu035_openmsp430_latest_final_DE0_NANO_SOC_QSYS_sysid_qsys.gml,65,47,1,32,0,0,0,1.45,False
automated_osu035_RSA-Verilog-master_final_shift_add_mult2.gml,4210,4208,1025,1025,0,1024,0,2.0,False
automated_osu035_aes-master_final_aes.gml,30647,75957,44,32,328,7072,4636,4.96,True
automated_osu035_rs_encoder_decoder_latest_final_GF8Mult156.gml,72,114,8,8,5,14,23,3.17,True
automated_osu035_orsoc_graphics_accelerator_final_gfx_wbm_read.gml,243,184,71,78,0,1,0,1.51,False
automated_osu035_iwls_final_pci_target32_interfa.gml,1525,2625,277,182,11,328,76,3.44,False
automated_osu035_RSA-Verilog-master_final_mon_prod.gml,17688,37406,525,531,97,4410,2156,4.23,True
automated_osu035_rs_encoder_decoder_latest_final_GF8Mult142.gml,49,71,8,8,2,5,16,2.9,True
automated_osu035_ecg_latest_final_f3m_add3.gml,3686,6402,582,194,0,970,194,3.47,False
automated_osu035_aes-128_pipelined_encryption_latest_final_KeyExpantio.gml,61961,141910,131,1290,0,16560,7400,4.58,True
automated_osu035_iscas_final_TopLevel74181.gml,118,218,14,8,0,47,19,3.69,True
automated_osu035_cookbook_final_gf_mult_by_a6.gml,69,119,8,8,2,9,18,3.45,True
automated_osu035_rs_encoder_decoder_latest_final_GF8lfsr.gml,57,103,3,8,0,17,3,3.61,True
automated_osu035_cookbook_final_gf_mult_by_59.gml,108,203,8,8,1,51,8,3.76,True
automated_osu035_tiny_tate_bilinear_pairing_latest_final_v2.gml,428,258,40,194,0,0,0,1.21,False
automated_osu035_cookbook_final_gf_mult_by_71.gml,62,102,8,8,4,16,16,3.29,True
automated_osu035_cookbook_final_gf_mult_by_65.gml,60,98,8,8,4,5,23,3.27,True
automated_osu035_csa_latest_final_stream_cypher.gml,16440,35574,132,64,288,4438,3403,4.33,True
automated_osu035_minsoc_latest_final_or1200_fpu_post_norm_di.gml,1447,2730,130,33,13,293,273,3.77,True
automated_osu035_suslik_latest_final_regfileint0.gml,18427,40261,54,96,0,2547,1377,4.37,True
automated_osu035_openmsp430_latest_final_omsp_execution_unit.gml,3876,8636,178,72,14,762,406,4.46,True
automated_osu035_iscas_final_s1423.gml,790,1353,18,5,0,268,232,3.43,True
automated_osu035_rs_encoder_decoder_latest_final_GF8Mult21.gml,65,109,8,8,6,16,17,3.35,True
automated_osu035_cookbook_final_ecc_raw_data_8bit.gml,24,16,8,8,0,0,0,1.33,False
automated_osu035_openmsp430_latest_final_DE0_NANO_SOC_QSYS_jtag_uart_sim_scfifo_w.gml,32,16,0,16,0,0,0,1.0,False
automated_osu035_rs_encoder_decoder_latest_final_GF8Mult35.gml,59,95,8,8,5,16,11,3.22,True
automated_osu035_xge_mac_latest_final_fault_sm.gml,174,379,6,2,1,33,25,4.36,True
automated_osu035_hight_latest_final_KEY_SCHED.gml,1728,3752,138,32,5,580,191,4.34,True
automated_osu035_rs_encoder_decoder_latest_final_GF8Mult34.gml,78,132,8,8,2,24,14,3.38,True
automated_osu035_iwls_final_s1238_.gml,417,971,16,14,1,103,60,4.66,True
automated_osu035_mriscvcore_final_OAI21_X1.gml,5,4,3,1,0,0,0,1.6,True
automated_osu035_rs_encoder_decoder_latest_final_GF8Mult20.gml,51,75,8,8,4,5,18,2.94,True
automated_osu035_m1_core_latest_final_ps2_wb_if.gml,797,1549,38,62,0,139,60,3.89,True
automated_osu035_minsoc_latest_final_adbg_jsp_modul.gml,1602,3495,41,37,5,428,141,4.36,False
automated_osu035_mriscv_final_latchW.gml,23,32,6,3,0,6,0,2.78,True
automated_osu035_xgate_latest_final_xgate_bypass_reg.gml,5,4,3,1,0,0,0,1.6,True
automated_osu035_cookbook_final_gf_mult_by_64.gml,59,95,8,8,3,14,14,3.22,True
automated_osu035_cookbook_final_gf_mult_by_70.gml,65,108,8,8,5,14,17,3.32,True
automated_osu035_cookbook_final_gf_mult_by_aa.gml,78,140,8,8,4,20,24,3.59,True
automated_osu035_iwls_final_s38584_.gml,6916,16291,13,278,42,1176,1032,4.71,False
automated_osu035_cookbook_final_gf_mult_by_58.gml,92,165,8,8,3,28,17,3.59,True
automated_osu035_gng_latest_final_gng.gml,13706,33155,3,17,131,4676,2036,4.84,True
automated_osu035_cookbook_final_gf_mult_by_7f.gml,69,117,8,8,1,13,19,3.39,True
automated_osu035_cookbook_final_gf_mult_by_a7.gml,65,108,8,8,2,20,7,3.32,True
automated_osu035_rs_encoder_decoder_latest_final_GF8Mult143.gml,85,149,8,8,1,19,24,3.51,True
automated_osu035_iwls_final_s641_.gml,215,368,37,23,0,47,25,3.42,False
automated_osu035_turbo8051_latest_final_async_fifo.gml,337,728,14,18,2,48,30,4.32,True
automated_osu035_sdr_ctrl_latest_final_async_fifo.gml,325,713,14,12,2,34,41,4.39,True
automated_osu035_cookbook_final_bin_to_7seg.gml,53,94,4,7,0,16,8,3.55,True
automated_osu035_rs_encoder_decoder_latest_final_GF8Mult157.gml,136,273,8,8,2,54,18,4.01,True
automated_osu035_rs_encoder_decoder_latest_final_GF8Mult5.gml,76,129,8,8,0,12,19,3.39,True
automated_osu035_rs_encoder_decoder_latest_final_GF8Mult180.gml,75,138,8,8,2,15,18,3.68,True
automated_osu035_jt51_latest_final_jt51_exp2li.gml,138,270,13,16,0,30,9,3.91,True
automated_osu035_cookbook_final_non_carry_add.gml,115,195,20,10,2,21,6,3.39,True
automated_osu035_rs_5_3_gf256_latest_final_SYN2ERR.gml,1258,2886,16,3,5,491,249,4.59,True
automated_osu035_iwls_final_wb_dma_wb_sl.gml,564,640,139,173,0,38,4,2.27,False
automated_osu035_rs_encoder_decoder_latest_final_GF8Mult194.gml,63,104,8,8,4,16,17,3.3,True
automated_osu035_fpu_latest_final_post_norm.gml,1990,4295,74,35,5,565,378,4.32,True
automated_osu035_ft816float_latest_final_fpCompar.gml,513,874,64,5,10,99,152,3.41,False
automated_osu035_ft816float_latest_final_cntlz16.gml,74,113,16,5,0,10,11,3.05,True
automated_osu035_cookbook_final_priority_mux.gml,30,36,12,1,0,6,1,2.4,True
automated_osu035_a-z80_latest_final_reg_control.gml,122,157,24,23,0,13,14,2.57,False
automated_osu035_iwls_final_fifo4.gml,211,452,13,10,0,43,26,4.28,True
automated_osu035_AES-T200_final_T.gml,1463,3676,9,32,0,379,312,5.03,True
automated_osu035_Lightweight-Threshold-Implementations-master_final_sasebo_simo.gml,7093,14651,772,131,0,602,54,4.13,True
automated_osu035_mriscvcore_final_BUF_X32.gml,3,2,1,1,0,0,0,1.33,True
automated_osu035_mriscvcore_final_BUF_X2.gml,3,2,1,1,0,0,0,1.33,True
automated_osu035_mriscvcore_final_OAI33_X1.gml,10,9,6,1,0,0,2,1.8,True
automated_osu035_uart-master_final_uart.gml,355,579,26,52,1,30,26,3.26,False
automated_osu035_turbo8051_latest_final_oc8051_ram_64x32_dual_bist.gml,11961,26643,23,64,1,3454,1466,4.45,True
automated_osu035_iwls_final_s35932_.gml,10226,22833,37,320,334,3457,2177,4.47,False
automated_osu035_cookbook_final_fec_rot_3.gml,135,122,32,32,9,4,12,1.81,False
automated_osu035_sha3_latest_final_rconst2in1.gml,306,225,12,128,0,18,14,1.47,False
automated_osu035_apbtoaes128_latest_final_data_swap.gml,260,516,34,32,0,97,1,3.97,True
automated_osu035_amber_latest_final_a25_write_back.gml,325,455,46,44,0,44,0,2.8,True
automated_osu035_edge_latest_final_shift_left2.gml,94,62,30,32,0,0,0,1.32,False
automated_osu035_cookbook_final_little_sigma_1_512.gml,641,1105,64,64,6,237,117,3.45,True
automated_osu035_ecg_latest_final_func9.gml,2841,3228,778,389,0,1165,0,2.27,True
automated_osu035_tiny_tate_bilinear_pairing_latest_final_rom.gml,2748,6344,10,26,0,821,753,4.62,True
automated_osu035_viterb_encoder_and_decoder_final_bmc011.gml,14,15,2,4,0,1,2,2.14,True
automated_osu035_cookbook_final_compress_42.gml,419,706,65,33,0,128,64,3.37,True
automated_osu035_rs_encoder_decoder_latest_final_GF8Mult235.gml,65,108,8,8,2,16,17,3.32,True
automated_osu035_Lightweight-Threshold-Implementations-master_final_bitSpeck128_128_hierarchy_carry_sharing.gml,3142,6210,12,7,6,178,113,3.95,True
automated_osu035_minsoc_latest_final_eth_txstatem.gml,302,503,51,20,2,55,47,3.33,True
automated_osu035_rs_encoder_decoder_latest_final_GF8Mult221.gml,62,92,8,8,3,10,12,2.97,True
automated_osu035_gng_latest_final_gng_smul_16_18_sadd_37.gml,4477,10798,72,38,66,1852,453,4.82,True
automated_osu035_double_fpu_latest_final_fpu_mul.gml,41153,95953,133,65,872,12790,5678,4.66,True
automated_osu035_iscas_final_Circuit74182.gml,33,44,9,5,0,5,2,2.67,True
automated_osu035_rs_encoder_decoder_latest_final_GF8Mult209.gml,93,169,8,8,0,21,18,3.63,True
automated_osu035_mod3_calc_latest_final_mod3.gml,82,142,8,2,0,24,26,3.46,True
automated_osu035_minsoc_latest_final_gpio_top.gml,1776,3782,79,97,0,154,59,4.26,False
automated_osu035_generic_fifos_latest_final_lfsr.gml,52,94,4,8,0,15,1,3.62,True
automated_osu035_reed_solomon_decoder_latest_final_transport_in2out.gml,154,298,3,19,2,23,26,3.87,True
automated_osu035_cookbook_final_gf_mult_by_d.gml,96,176,8,8,0,19,28,3.67,True
automated_osu035_iwls_final_ac97_si.gml,609,1086,8,116,0,116,0,3.57,True
automated_osu035_iwls_final_ac97_pr.gml,222,321,44,25,0,22,22,2.89,False
automated_osu035_cookbook_final_cntr_modulus.gml,206,424,21,16,0,21,19,4.12,True
automated_osu035_turbo8051_latest_final_g_mac_top.gml,11249,24588,79,164,69,2199,1366,4.37,False
automated_osu035_cookbook_final_mask_32.gml,127,190,5,32,0,16,10,2.99,False
automated_osu035_Lightweight-Threshold-Implementations-master_final_simon2shar.gml,7420,15544,5,130,129,2600,957,4.19,True
automated_osu035_mips_16_latest_final_register_fil.gml,708,1656,28,32,0,25,38,4.68,True
automated_osu035_minsoc_latest_final_or1200_operandmuxes.gml,1141,1914,168,128,0,258,99,3.35,True
automated_osu035_cookbook_final_gf_mult_by_2.gml,81,145,8,8,5,21,17,3.58,True
automated_osu035_iwls_final_pci_wb_slav.gml,868,1283,176,138,0,146,69,2.96,False
automated_osu035_iscas_final_s510.gml,266,465,20,7,0,104,83,3.5,True
automated_osu035_minirisc_latest_final_sfifo4x11.gml,233,461,14,11,0,44,0,3.96,True
automated_osu035_iwls_final_wb_conmax_pri_d.gml,8,4,0,4,0,0,0,1.0,False
automated_osu035_mriscvcore_final_CLKBUF_X1.gml,3,2,1,1,0,0,0,1.33,True
automated_osu035_rs_decoder_31_19_6_latest_final_register5_wl.gml,38,55,8,5,0,10,0,2.89,True
automated_osu035_xge_mac_latest_final_generic_mem_medium.gml,1618,3330,42,32,0,265,40,4.12,True
automated_osu035_mriscvcore_final_AND2_X1.gml,4,3,2,1,0,1,0,1.5,True
automated_osu035_edge_latest_final_Edge_Cor.gml,51026,120798,68,100,254,16894,5264,4.73,True
automated_osu035_cookbook_final_insert_parity.gml,285,415,45,50,10,60,40,2.91,False
automated_osu035_iwls_final_vga_wb_master.gml,3953,9168,180,91,1,263,749,4.64,False
automated_osu035_turbo8051_latest_final_spi_cor.gml,1179,2514,45,39,5,229,72,4.26,True
automated_osu035_openmsp430_latest_final_ogfx_ram_arbiter.gml,747,853,193,145,0,162,9,2.28,False
automated_osu035_cookbook_final_gf_mult_by_6.gml,63,97,8,8,0,10,17,3.08,True
automated_osu035_iwls_final_tv80_cor.gml,6926,16723,23,40,13,1412,1089,4.83,True
automated_osu035_gost28147-89_latest_final_gost89_cfb_decrypt.gml,4631,8197,835,65,42,941,522,3.54,True
automated_osu035_rs_encoder_decoder_latest_final_GF8Mult225.gml,66,118,8,8,3,21,10,3.58,True
automated_osu035_mriscvcore_final_UTILITY.gml,3089,6303,145,66,38,556,669,4.08,True
automated_osu035_a-z80_latest_final_pla_decod.gml,406,567,14,105,0,70,89,2.79,False
automated_osu035_rs_encoder_decoder_latest_final_GF8Mult231.gml,70,113,8,8,4,15,18,3.23,True
automated_osu035_crcahb_latest_final_crc_datapat.gml,5155,9951,54,106,0,1866,763,3.86,True
automated_osu035_rs_encoder_decoder_latest_final_GF8Mult219.gml,71,111,8,8,1,12,18,3.13,True
automated_osu035_cookbook_final_unstable_counters.gml,224,264,0,8,16,80,72,2.36,False
automated_osu035_cpu8080_latest_final_selecto.gml,116,149,24,1,0,40,9,2.57,True
automated_osu035_amber_latest_final_a23_barrel_shift_fpga.gml,708,1582,44,33,0,241,47,4.47,True
automated_osu035_xtea_latest_final_cipher_test.gml,2830,5304,132,258,0,557,358,3.75,True
automated_osu035_openmsp430_latest_final_omsp_frontend.gml,1628,3098,59,184,1,264,183,3.81,True
automated_osu035_ecg_latest_final_f3_sub1.gml,9,9,2,2,0,0,2,2.0,True
automated_osu035_fpga-median_latest_final_common_network.gml,1428,2892,96,96,24,384,180,4.05,False
automated_osu035_present_encryptor_latest_final_key_updat.gml,362,334,85,80,0,16,16,1.85,False
automated_osu035_orsoc_graphics_accelerator_latest_final_gfx_wbm_read_arbiter.gml,556,666,138,135,0,141,3,2.4,False
automated_osu035_ft816float_latest_final_fpLOOUnit.gml,2223,4855,49,33,9,872,245,4.37,True
automated_osu035_iwls_final_aes_inv_sbox.gml,780,2110,8,8,0,235,140,5.41,True
automated_osu035_altor32_latest_final_altor32_lit.gml,11161,25797,39,76,6,1370,1366,4.62,False
automated_osu035_viterb_encoder_and_decoder_final_bmc001.gml,17,20,2,4,0,3,2,2.35,True
automated_osu035_AES-T1000_final_aes_128.gml,22412,50072,218,245,8,4856,1618,4.47,False
automated_osu035_cookbook_final_system_timer.gml,489,932,2,50,0,83,79,3.81,True
automated_osu035_m32632_latest_final_DCACHE_SM.gml,840,1287,118,102,0,117,55,3.06,False
automated_osu035_iwls_final_FXADDA162H90A.gml,72,36,0,36,0,0,0,1.0,False
automated_osu035_cookbook_final_fec_rot_7.gml,163,194,32,32,13,20,28,2.38,False
automated_osu035_iwls_final_s713_.gml,218,375,37,23,0,46,29,3.44,False
automated_osu035_suslik_latest_final_datacacheramtag.gml,48396,104887,134,120,0,12497,3320,4.33,True
automated_osu035_amber_latest_final_eth_txcounters.gml,642,1236,55,40,4,134,115,3.85,True
automated_osu035_iscas_final_s38417.gml,24454,35640,29,106,0,6320,2477,2.91,True
automated_osu035_8051_latest_final_disp.gml,114,214,8,14,0,24,11,3.75,False
automated_osu035_rs_encoder_decoder_latest_final_GF8Mult190.gml,81,139,8,8,1,16,20,3.43,True
automated_osu035_minsoc_latest_final_uart_debug_if.gml,214,293,59,32,0,72,10,2.74,True
automated_osu035_openmsp430_latest_final_ram_16x8k_dp.gml,64,32,0,32,0,0,0,1.0,False
automated_osu035_rs_encoder_decoder_latest_final_GF8Mult184.gml,74,121,8,8,3,22,16,3.27,True
automated_osu035_sha3_latest_final_padder.gml,4057,7231,39,578,0,72,39,3.56,True
automated_osu035_cookbook_final_gearbox_40_67.gml,1724,3873,43,68,0,516,82,4.49,True
automated_osu035_rs_encoder_decoder_latest_final_GF8Mult153.gml,96,186,8,8,3,27,10,3.88,True
automated_osu035_cookbook_final_tern_nod.gml,218,408,25,10,0,56,39,3.74,True
automated_osu035_rs_encoder_decoder_latest_final_GF8Mult147.gml,81,140,8,8,1,13,26,3.46,True
automated_osu035_ft816float_latest_final_fpAddsubnr.gml,19943,44963,262,128,26,8357,1750,4.51,True
automated_osu035_gost28147-89_latest_final_gost89_ma.gml,3694,6274,835,33,42,752,537,3.4,True
automated_osu035_rs_encoder_decoder_latest_final_GF8Mult1.gml,38,39,8,8,0,3,6,2.05,False
automated_osu035_cookbook_final_gearbox_20_22.gml,602,1362,23,23,0,126,64,4.52,True
automated_osu035_aes-master_final_aes_inv_sbox.gml,2787,7197,32,32,0,705,589,5.16,False
automated_osu035_mriscv_final_impl_axi.gml,50,94,6,2,0,6,6,3.76,True
automated_osu035_cookbook_final_gf_mult_by_74.gml,52,77,8,8,4,5,19,2.96,True
automated_osu035_cookbook_final_gf_mult_by_60.gml,49,71,8,8,4,6,15,2.9,True
automated_osu035_iscas_final_c5315.gml,1508,2781,178,123,10,279,185,3.69,False
automated_osu035_cookbook_final_scale_up.gml,228,462,16,20,0,72,10,4.05,True
automated_osu035_cookbook_final_gf_mult_by_a3.gml,110,199,8,8,3,50,10,3.62,True
automated_osu035_Lightweight-Threshold-Implementations-master_final_TI_Simon_TopModul.gml,9076,18892,772,131,3,815,364,4.16,True
automated_osu035_iwls_final_DSP_CORE_vsia_tst_control_cell.gml,8,9,3,1,0,1,0,2.25,True
automated_osu035_cookbook_final_reference_arbiter.gml,403,923,20,16,0,204,6,4.58,True
automated_osu035_cookbook_final_gf_mult_by_48.gml,86,150,8,8,3,24,22,3.49,True
automated_osu035_openmsp430_latest_final_omsp_de0_nano_soc_led_key_sw.gml,1120,2377,39,26,6,216,196,4.24,True
automated_osu035_two_dimensional_fast_hartley_transform_latest_final_fht_8x8_cor.gml,4292,9413,3,15,122,918,655,4.39,True
automated_osu035_mriscvcore_final_XNOR2_X2.gml,6,7,2,1,0,2,1,2.33,True
automated_osu035_cookbook_final_gf_mult_by_6f.gml,80,135,8,8,5,23,22,3.38,True
automated_osu035_iwls_final_DFFX1.gml,4,2,0,2,0,0,0,1.0,False
automated_osu035_iwls_final_wb_dma_wb_if.gml,1257,1496,313,313,0,141,5,2.38,False
automated_osu035_openmsp430_latest_final_DE0_NANO_SOC_QSYS_jtag_uart_sim_scfifo_r.gml,32,16,0,16,0,0,0,1.0,False
automated_osu035_iwls_final_eth_rxaddrcheck.gml,411,654,144,2,3,41,44,3.18,True
automated_osu035_rs_encoder_decoder_latest_final_GF8Mult24.gml,48,68,8,8,4,10,9,2.83,True
automated_osu035_rs_encoder_decoder_latest_final_GF8Mult30.gml,49,71,8,8,6,8,14,2.9,True
automated_osu035_minsoc_latest_final_or1200_dc_fsm.gml,1065,2189,101,48,0,212,85,4.11,False
automated_osu035_openmsp430_latest_final_omsp_dbg_uart.gml,547,1136,25,25,4,102,78,4.15,True
automated_osu035_altor32_latest_final_altor32_alu.gml,1953,4194,69,40,0,383,307,4.29,True
automated_osu035_tiny_tate_bilinear_pairing_latest_final_f3_mult.gml,18,24,4,2,0,4,0,2.67,True
automated_osu035_cookbook_final_eight_to_twenty.gml,13122,26362,532,1322,0,1329,533,4.02,True
automated_osu035_iwls_final_vga_clkg.gml,13,14,2,4,0,0,2,2.15,False
automated_osu035_reed_solomon_codec_generator_latest_final_RsDecodeShiftOmega.gml,2957,6793,181,176,0,745,328,4.59,True
automated_osu035_cookbook_final_crc32c_dat64_flat.gml,2613,5239,96,32,169,758,1118,4.01,True
automated_osu035_present_encryptor_latest_final_sbox.gml,43,81,4,4,0,11,6,3.77,True
automated_osu035_rs_encoder_decoder_latest_final_GF8Mult18.gml,66,110,8,8,6,14,18,3.33,True
automated_osu035_mriscv_final_flipsdataw.gml,19,24,5,2,0,4,0,2.53,True
automated_osu035_AES-T100_final_T.gml,1463,3676,9,32,0,379,312,5.03,True
automated_osu035_cookbook_final_pipeline_add_ms.gml,328,592,42,21,5,59,54,3.61,True
automated_osu035_rs_encoder_decoder_latest_final_GF8Mult19.gml,85,151,8,8,4,28,21,3.55,True
automated_osu035_mriscvcore_final_ALU_add.gml,512,884,66,33,6,90,96,3.45,True
automated_osu035_rs_encoder_decoder_latest_final_GF8Mult31.gml,62,98,8,8,1,17,13,3.16,True
automated_osu035_mriscvcore_final_OAI21_X4.gml,5,4,3,1,0,0,0,1.6,True
automated_osu035_iwls_final_s400_.gml,131,287,5,6,0,23,15,4.38,True
automated_osu035_mriscvcore_final_ALU_synt.gml,2921,6150,111,36,12,490,296,4.21,True
automated_osu035_iwls_final_s953_.gml,46,23,0,23,0,0,2,1.0,False
automated_osu035_rs_encoder_decoder_latest_final_GF8Mult25.gml,48,68,8,8,5,10,9,2.83,True
automated_osu035_iwls_final_pci_master32_sm_if.gml,1313,2426,163,199,1,151,94,3.7,False
automated_osu035_minsoc_latest_final_or1200_du.gml,971,1290,155,191,3,59,78,2.66,False
automated_osu035_cookbook_final_pn2112_tabl.gml,643,1508,7,32,0,223,135,4.69,True
automated_osu035_reed_solomon_decoder_latest_final_DP_RAM.gml,9250,20480,27,8,0,1744,437,4.43,True
automated_osu035_cookbook_final_gf_mult_by_a2.gml,66,109,8,8,2,9,17,3.3,True
automated_osu035_cookbook_final_gf_mult_by_49.gml,91,158,8,8,2,32,14,3.47,True
automated_osu035_iwls_final_can_top.gml,5465,12514,36,53,32,1305,869,4.58,True
automated_osu035_cookbook_final_gf_mult_by_61.gml,63,103,8,8,4,12,19,3.27,True
automated_osu035_cookbook_final_approx_fp_sqrt.gml,170,202,31,32,1,21,11,2.38,False
automated_osu035_cookbook_final_gf_mult_by_ad.gml,62,93,8,8,0,10,12,3.0,False
automated_osu035_cookbook_final_gf_mult_by_75.gml,66,108,8,8,5,18,17,3.27,True
automated_osu035_sha_core_latest_final_sha256.gml,12580,29522,38,36,132,2097,1972,4.69,True
automated_osu035_dvb_s2_ldpc_decoder_latest_final_ldpc_muxreg.gml,59,87,20,4,0,10,1,2.95,True
automated_osu035_gcm-aes_latest_final_aes_rco.gml,66,120,2,8,0,10,13,3.64,True
automated_osu035_csa_latest_final_usb_cnt.gml,66,105,8,8,8,17,16,3.18,True
automated_osu035_xgate_latest_final_xgate_irq_encod.gml,1498,2230,381,134,0,127,264,2.98,True
automated_osu035_rs_encoder_decoder_latest_final_GF8Mult0.gml,24,16,8,8,0,0,0,1.33,False
automated_osu035_turbo8051_latest_final_g_eth_parser.gml,556,1013,60,38,17,85,128,3.64,False
automated_osu035_iwls_final_mux32.gml,198,229,67,32,0,33,0,2.31,True
automated_osu035_iscas_final_Circuit74L85.gml,48,74,11,3,0,5,3,3.08,True
automated_osu035_rs_encoder_decoder_latest_final_GF8Mult146.gml,77,133,8,8,2,15,22,3.45,True
automated_osu035_rs_encoder_decoder_latest_final_GF8Mult152.gml,93,171,8,8,5,31,13,3.68,True
automated_osu035_turbo8051_latest_final_req_register.gml,11,11,5,1,0,1,0,2.0,True
automated_osu035_rs_5_3_gf256_latest_final_gf256mult.gml,525,1117,16,8,12,197,119,4.26,True
automated_osu035_iscas_final_c17.gml,15,16,5,2,0,2,0,2.13,True
automated_osu035_cookbook_final_gearbox_40_66.gml,2642,6319,42,69,0,377,355,4.78,True
automated_osu035_cookbook_final_ready_skid.gml,315,604,20,18,0,94,4,3.83,True
automated_osu035_8bit_vedic_multiplier_latest_final_ripple_adder_12bit.gml,135,194,25,13,0,24,60,2.87,True
automated_osu035_cookbook_final_bin_to_ascii.gml,72,133,6,8,0,11,10,3.69,False
automated_osu035_rs_encoder_decoder_latest_final_GF8Mult185.gml,82,141,8,8,3,26,15,3.44,True
automated_osu035_mriscv_final_completogpio.gml,476,746,24,69,0,98,33,3.13,False
automated_osu035_reed_solomon_codec_generator_latest_final_RsDecodeDegr.gml,380,433,168,5,0,74,111,2.28,True
automated_osu035_a-z80_latest_final_wait_stat.gml,13,16,3,2,0,1,0,2.46,True
automated_osu035_rs_encoder_decoder_latest_final_GF8Mult191.gml,71,113,8,8,2,14,13,3.18,True
automated_osu035_minirisc_latest_final_mux4_8.gml,86,126,34,8,0,25,1,2.93,True
automated_osu035_cookbook_final_min_max_unsigned.gml,160,304,18,16,2,31,12,3.8,True
automated_osu035_cookbook_final_fec_rot_6.gml,156,176,32,32,12,16,24,2.26,False
automated_osu035_Lightweight-Threshold-Implementations-master_final_bitSpeck128_128_unpro.gml,72,148,2,3,0,17,6,4.11,False
automated_osu035_des_latest_final_crp.gml,1388,3066,80,32,0,522,393,4.42,True
osu035_osu035_automated_osu035_des_latest_final_key_sel3.gml,1934,4572,175,48,0,1325,205,4.73,True
automated_osu035_ecg_latest_final_f3m_ni.gml,3254,6421,195,194,0,880,176,3.95,True
automated_osu035_viterb_encoder_and_decoder_final_bmc000.gml,14,15,2,4,0,1,2,2.14,True
automated_osu035_openmsp430_latest_final_omsp_clock_modul.gml,220,370,23,21,0,31,41,3.36,True
automated_osu035_m32632_latest_final_DRAMIF.gml,325,365,80,45,0,14,26,2.25,True
automated_osu035_mriscvcore_final_XOR2_X1.gml,6,7,2,1,0,1,2,2.33,True
automated_osu035_m32632_latest_final_ex_in_reg.gml,41,48,9,8,0,0,0,2.34,True
automated_osu035_openmsp430_latest_final_altera_reset_controller.gml,41,42,17,2,0,5,10,2.05,True
automated_osu035_cookbook_final_ternary_add.gml,187,345,24,10,1,49,28,3.69,True
automated_osu035_amber_latest_final_uart.gml,2735,5832,29,37,5,379,334,4.26,False
automated_osu035_mriscvcore_final_TINV_X1.gml,3,2,1,1,0,0,0,1.33,True
automated_osu035_mips_16_latest_final_WB_stag.gml,136,147,37,23,0,16,0,2.16,False
automated_osu035_turbo8051_latest_final_uart_txfsm.gml,192,390,15,2,0,32,37,4.06,True
automated_osu035_iwls_final_pci_irdy_out_crit.gml,9,8,4,1,0,1,0,1.78,True
automated_osu035_minsoc_latest_final_spi_flash_shift.gml,873,1766,53,35,4,248,162,4.05,True
automated_osu035_cookbook_final_crc32_dat32_flat.gml,1816,3656,64,32,128,557,741,4.03,True
automated_osu035_siphash-master_final_siphas.gml,8601,18995,44,32,163,1665,1379,4.42,True
automated_osu035_mriscvcore_final_IRQ.gml,3031,5624,176,161,9,604,398,3.71,True
automated_osu035_iwls_final_NAND2X2.gml,2,1,0,1,0,0,0,1.0,True
automated_osu035_rs_encoder_decoder_latest_final_GF8Mult218.gml,78,132,8,8,0,15,21,3.38,True
automated_osu035_openmsp430_latest_final_ogfx_backend_lut_fifo.gml,782,1645,54,28,0,88,80,4.21,True
automated_osu035_rs_encoder_decoder_latest_final_GF8Mult230.gml,71,120,8,8,2,17,21,3.38,True
automated_osu035_mriscvcore_final_AOI21_X2.gml,5,4,3,1,0,0,0,1.6,True
automated_osu035_minirisc_latest_final_alu.gml,446,943,29,11,6,161,73,4.23,True
automated_osu035_mriscvcore_final_OR3_X2.gml,8,7,3,1,0,1,0,1.75,True
automated_osu035_iwls_final_s13207_.gml,1069,2196,11,121,14,160,169,4.11,False
automated_osu035_sdr_ctrl_latest_final_sdrc_top.gml,12127,29373,67,17,82,3959,1799,4.84,True
automated_osu035_cookbook_final_mix_one_colum.gml,578,1214,32,32,11,240,63,4.2,True
automated_osu035_RSA-CRYPTOSYSTEM-using-verilog-master_final_divider.gml,571,1161,26,25,4,138,75,4.07,True
automated_osu035_8051_latest_final_oc8051_ram_top.gml,12269,27062,29,9,2,2157,948,4.41,True
automated_osu035_rs_encoder_decoder_latest_final_GF8Mult224.gml,55,83,8,8,4,13,10,3.02,True
automated_osu035_openmsp430_latest_final_ogfx_gpu_dma_addr.gml,1181,2580,51,21,3,358,138,4.37,True
automated_osu035_cookbook_final_gf_mult_by_7.gml,92,166,8,8,5,29,24,3.61,True
automated_osu035_cookbook_final_little_sigma_0_512.gml,654,1110,64,64,7,271,78,3.39,True
automated_osu035_cookbook_final_gf_mult_by_a.gml,80,149,8,8,2,20,21,3.73,True
automated_osu035_minsoc_latest_final_ControlCell.gml,22,29,7,2,0,2,1,2.64,True
automated_osu035_openmsp430_latest_final_ram_16x1k_dp.gml,64,32,0,32,0,0,0,1.0,False
automated_osu035_mriscvcore_final_AND2_X2.gml,4,3,2,1,0,1,0,1.5,True
automated_osu035_cookbook_final_error_loc_poly_roots.gml,744,1264,72,73,15,168,180,3.4,True
automated_osu035_mriscvcore_final_CLKBUF_X2.gml,3,2,1,1,0,0,0,1.33,True
automated_osu035_xgate_latest_final_xgate_jtag_ir.gml,44,85,7,5,0,8,0,3.86,True
automated_osu035_mriscvcore_final_Count.gml,1148,2153,67,33,7,280,219,3.75,True
automated_osu035_cookbook_final_gf_mult_by_5.gml,90,163,8,8,4,29,17,3.62,True
automated_osu035_openmsp430_latest_final_omsp_register_fil.gml,2278,5381,96,57,0,449,233,4.72,True
automated_osu035_RSA-Verilog-master_final_bram.gml,16,8,0,8,0,0,0,1.0,False
automated_osu035_sha3_latest_final_rconst.gml,211,191,24,64,0,22,31,1.81,False
automated_osu035_m1_core_latest_final_ps2_io_ctrl.gml,22,25,6,3,0,3,0,2.27,True
automated_osu035_sha256-master_final_sha256_k_constants.gml,673,1531,6,32,0,230,123,4.55,True
automated_osu035_sdr_ctrl_latest_final_sdrc_req_g.gml,985,1938,50,46,1,233,103,3.94,False
automated_osu035_rs_encoder_decoder_latest_final_GF8Mult232.gml,83,147,8,8,5,18,22,3.54,True
automated_osu035_rs_encoder_decoder_latest_final_GF8Mult226.gml,70,120,8,8,1,24,14,3.43,True
automated_osu035_cookbook_final_gearbox_67_20.gml,2070,5015,70,20,0,538,22,4.85,True
automated_osu035_iwls_final_ac97_rst.gml,66,139,3,2,1,15,11,4.21,True
automated_osu035_openmsp430_latest_final_altera_reset_synchronizer.gml,6,5,2,1,0,0,0,1.67,True
automated_osu035_xgate_latest_final_bc_7.gml,32,42,11,2,0,4,0,2.62,True
automated_osu035_cavlc_latest_final_cavlc_read_total_coeffs.gml,848,1894,27,19,0,125,111,4.47,True
automated_osu035_ecg_latest_final_f3m_i.gml,13458,28345,196,195,0,3153,785,4.21,True
automated_osu035_i2c_latest_final_delay.gml,3,2,1,1,0,0,0,1.33,True
automated_osu035_pairing_latest_final_f32m_su.gml,4268,6790,776,388,0,970,194,3.18,False
automated_osu035_pairing_latest_final_f3m_i.gml,13458,28345,196,195,0,3153,785,4.21,True
automated_osu035_minirisc_latest_final_inc8.gml,47,64,8,8,2,10,9,2.72,True
automated_osu035_turbo8051_latest_final_clk_ctl.gml,19,31,4,1,0,3,1,3.26,True
automated_osu035_8051_latest_final_oc8051_alu.gml,1386,3071,33,35,5,330,197,4.43,True
automated_osu035_iscas_final_TopLevel74L85.gml,48,74,11,3,0,5,3,3.08,True
automated_osu035_cookbook_final_mix_columns.gml,2312,4856,128,128,44,960,252,4.2,False
automated_osu035_iwls_final_wb_dma_d.gml,2162,3672,280,255,11,336,239,3.4,False
automated_osu035_xgate_latest_final_xgate_wbs_bus.gml,1334,2054,557,77,0,273,153,3.08,True
automated_osu035_iwls_final_DSP_CORE_vsia_tst_bypass_reg.gml,4,3,2,1,0,0,0,1.5,True
automated_osu035_turbo8051_latest_final_spi_ctl.gml,645,1230,66,48,5,103,63,3.81,True
automated_osu035_apbtoaes128_latest_final_shift_rows.gml,640,512,128,256,0,0,0,1.6,False
automated_osu035_ecg_latest_final_point_add.gml,80971,170526,780,390,73,22386,4595,4.21,True
automated_osu035_fixed_point_arithmetic_parameterized_latest_final_qadd.gml,926,1848,64,32,1,172,145,3.99,True
automated_osu035_verilog_fixed_point_math_library_latest_final_qmult.gml,10029,25091,64,33,71,4339,822,5.0,False
automated_osu035_cookbook_final_gf_mult_by_.gml,88,165,8,8,1,19,26,3.75,True
automated_osu035_cookbook_final_fec_rot_4.gml,142,140,32,32,10,8,16,1.97,False
automated_osu035_iwls_final_s820_.gml,245,502,20,19,0,61,40,4.1,True
automated_osu035_8bit_vedic_multiplier_latest_final_vedic4x4.gml,173,292,8,8,0,56,93,3.38,True
automated_osu035_iwls_final_pci_target_unit.gml,6242,13937,206,245,27,1297,518,4.47,False
automated_osu035_rs_encoder_decoder_latest_final_GF8Mult187.gml,97,175,8,8,1,17,32,3.61,True
automated_osu035_rs_encoder_decoder_latest_final_GF8Mult193.gml,59,94,8,8,3,11,15,3.19,True
automated_osu035_edge_latest_final_id_ex_pipereg.gml,2257,3414,293,290,0,580,2,3.03,True
automated_osu035_AES-T1000_final_one_round.gml,24732,62587,257,128,128,6960,5504,5.06,True
automated_osu035_edge_latest_final_shifter_decoder.gml,23,26,6,3,0,3,3,2.26,True
automated_osu035_jt51_latest_final_jt51_sum_op.gml,385,785,17,16,3,62,45,4.08,True
automated_osu035_iscas_final_s1196.gml,687,1170,15,14,0,258,146,3.41,True
automated_osu035_AES-T200_final_S.gml,709,1793,9,8,0,190,152,5.06,True
automated_osu035_rs_encoder_decoder_latest_final_GF8Mult144.gml,61,95,8,8,2,15,17,3.11,True
automated_osu035_rs_5_3_gf256_latest_final_MULT_BY_ALPHA51.gml,47,67,8,8,6,5,14,2.85,True
automated_osu035_RSA-Verilog-master_final_shift_add_mult4.gml,139,290,8,8,0,49,11,4.17,True
automated_osu035_8051_latest_final_oc8051_int.gml,630,1343,29,35,1,140,50,4.26,True
automated_osu035_rs_encoder_decoder_latest_final_GF8Mult150.gml,82,145,8,8,3,28,21,3.54,True
automated_osu035_reed_solomon_decoder_latest_final_Omega_Phy.gml,4733,10158,228,193,4,535,695,4.29,True
automated_osu035_rs_encoder_decoder_latest_final_GF8Mult178.gml,74,134,8,8,4,24,16,3.62,True
automated_osu035_8bit_vedic_multiplier_latest_final_vedic2x2.gml,22,28,4,4,0,6,4,2.55,True
automated_osu035_8051_latest_final_oc8051_b_register.gml,153,292,21,8,0,46,8,3.82,True
automated_osu035_mips_16_latest_final_mips_16_core_top.gml,20103,47079,2,8,0,677,1437,4.68,True
automated_osu035_rs_encoder_decoder_latest_final_GF8Mult2.gml,42,50,8,8,2,6,4,2.38,False
automated_osu035_minsoc_latest_final_adbg_or1k_modul.gml,1921,3989,95,70,12,453,185,4.15,True
automated_osu035_cookbook_final_gf_mult_by_c8.gml,54,83,8,8,3,10,15,3.07,True
automated_osu035_iwls_final_pci_io_mux_ad_en_crit.gml,8,7,4,1,0,1,0,1.75,True
automated_osu035_uart-master_final_uart_cor.gml,1009,2168,35,11,4,273,193,4.3,True
automated_osu035_cookbook_final_gf_mult_by_63.gml,104,196,8,8,3,43,9,3.77,True
automated_osu035_m32632_latest_final_REGISTER.gml,12007,26796,83,33,0,1669,972,4.46,True
automated_osu035_cookbook_final_gf_mult_by_77.gml,86,150,8,8,2,26,14,3.49,True
automated_osu035_cookbook_final_gf_mult_by_af.gml,70,112,8,8,2,12,19,3.2,True
automated_osu035_mriscvcore_final_XNOR2_X1.gml,6,7,2,1,0,2,1,2.33,True
automated_osu035_fpu_latest_final_pre_norm_fmul.gml,650,1130,68,64,1,144,98,3.48,True
automated_osu035_cookbook_final_gf_mult_by_7a.gml,101,197,8,8,2,32,13,3.9,True
automated_osu035_cookbook_final_iter_addsu.gml,29,50,6,1,0,7,4,3.45,True
automated_osu035_cookbook_final_gf_mult_by_a0.gml,101,179,8,8,5,33,21,3.54,True
automated_osu035_xgate_latest_final_xgate_id_reg.gml,139,307,7,1,0,32,10,4.42,True
automated_osu035_iwls_final_post_norm.gml,1969,4354,74,35,4,542,419,4.42,True
automated_osu035_rs_encoder_decoder_latest_final_GF8Mult33.gml,73,128,8,8,0,17,18,3.51,True
automated_osu035_Lightweight-Threshold-Implementations-master_final_round.gml,32,53,6,2,0,6,8,3.31,True
automated_osu035_rs_encoder_decoder_latest_final_GF8Mult27.gml,77,127,8,8,2,13,22,3.3,True
automated_osu035_RSA-CRYPTOSYSTEM-using-verilog-master_final_inverter.gml,1393,2770,105,33,8,394,256,3.98,True
automated_osu035_aes-128_pipelined_encryption_latest_final_ShiftRows.gml,944,1455,131,129,0,128,0,3.08,True
automated_osu035_a-z80_latest_final_address_mux.gml,118,133,33,16,0,16,0,2.25,True
automated_osu035_ft816float_latest_final_fpSqrt.gml,18885,41081,132,243,97,2824,2513,4.35,False
automated_osu035_cookbook_final_gf_mult_by_88.gml,52,77,8,8,4,5,19,2.96,True
automated_osu035_aes_core_latest_final_aes_sbox.gml,687,1732,8,8,0,179,132,5.04,True
automated_osu035_cookbook_final_gf_mult_by_89.gml,91,165,8,8,2,31,16,3.63,True
automated_osu035_aes_highthroughput_lowarea_latest_final_word_mix_columns.gml,868,1484,32,32,0,152,304,3.42,True
automated_osu035_8051_latest_final_oc8051_ram.gml,16,8,0,8,0,0,0,1.0,False
automated_osu035_rs_encoder_decoder_latest_final_GF8Mult26.gml,61,91,8,8,3,11,12,2.98,True
automated_osu035_minsoc_latest_final_or1200_if.gml,657,1248,75,70,0,112,45,3.8,True
automated_osu035_iwls_final_ad_clock_ckt.gml,472,901,55,67,0,42,28,3.82,False
automated_osu035_rs_encoder_decoder_latest_final_GF8Mult32.gml,75,140,8,8,2,19,12,3.73,True
automated_osu035_iwls_final_pci_async_reset_flop.gml,6,5,3,1,0,0,0,1.67,True
automated_osu035_tiny_aes_latest_final_one_round.gml,24732,62587,257,128,128,6960,5504,5.06,True
automated_osu035_iwls_final_vga_fifo_d.gml,10901,26861,22,18,1,1969,645,4.93,True
automated_osu035_cookbook_final_gf_mult_by_a1.gml,83,144,8,8,4,17,21,3.47,True
automated_osu035_crcahb_latest_final_bit_reversal.gml,260,516,34,32,0,97,1,3.97,True
automated_osu035_iwls_final_vga_colpro.gml,704,1524,64,35,0,180,53,4.33,True
automated_osu035_cookbook_final_gf_mult.gml,515,1136,16,8,18,189,97,4.41,True
automated_osu035_cookbook_final_gf_mult_by_6d.gml,50,73,8,8,5,5,17,2.92,True
automated_osu035_iwls_final_ejtag_edge2puls.gml,7,7,3,1,0,0,1,2.0,True
automated_osu035_iwls_final_wb_conmax_msel.gml,183,402,10,3,0,43,38,4.39,True
automated_osu035_cookbook_final_gf_mult_by_76.gml,101,190,8,8,2,35,16,3.76,True
automated_osu035_openmsp430_latest_final_bit_revers.gml,24,16,8,8,0,0,0,1.33,False
automated_osu035_cookbook_final_gf_mult_by_c9.gml,57,85,8,8,3,9,11,2.98,True
automated_osu035_pairing_latest_final_f3m_add.gml,2134,3395,388,194,0,485,97,3.18,False
automated_osu035_cookbook_final_gf_mult_by_62.gml,76,131,8,8,4,14,21,3.45,True
automated_osu035_minsoc_latest_final_or1200_spram_512x20.gml,51488,133623,34,20,0,4648,1982,5.19,True
automated_osu035_rs_encoder_decoder_latest_final_GF8Mult3.gml,59,84,8,8,1,10,11,2.85,False
automated_osu035_rs_encoder_decoder_latest_final_GF8Mult179.gml,85,154,8,8,2,29,19,3.62,True
automated_osu035_gcm-aes_latest_final_aes_cipher_top.gml,18942,45907,259,129,220,5430,4037,4.85,True
automated_osu035_rs_encoder_decoder_latest_final_GF8Mult151.gml,78,136,8,8,2,20,20,3.49,True
automated_osu035_ecg_latest_final_f3m_add4.gml,5238,9409,776,194,0,1455,291,3.59,False
automated_osu035_rs_encoder_decoder_latest_final_GF8Mult145.gml,62,99,8,8,2,14,18,3.19,True
automated_osu035_m32632_latest_final_RD_ALIGNER.gml,822,1743,42,33,0,166,55,4.24,True
automated_osu035_Lightweight-Threshold-Implementations-master_final_key_schedule_modified1_simon_parallel.gml,718,1483,11,18,1,181,31,4.13,True
automated_osu035_iscas_final_EO.gml,7,8,2,1,0,1,2,2.29,True
automated_osu035_openmsp430_latest_final_omsp_alu.gml,876,1751,61,40,14,169,131,4.0,True
automated_osu035_cookbook_final_descrambler.gml,8160,15039,515,512,0,3035,989,3.69,True
automated_osu035_iwls_final_eth_clockg.gml,90,181,9,3,0,20,17,4.02,True
automated_osu035_cookbook_final_remove_parity.gml,135,90,45,45,0,0,0,1.33,False
automated_osu035_rs_encoder_decoder_latest_final_GF8Mult192.gml,72,118,8,8,3,9,22,3.28,True
automated_osu035_rs_encoder_decoder_latest_final_GF8Mult186.gml,83,145,8,8,4,25,23,3.49,True
automated_osu035_8051_latest_final_oc8051_alu_src_sel.gml,312,482,72,24,0,54,19,3.09,True
automated_osu035_iwls_final_pre_norm.gml,1592,3629,70,66,2,539,198,4.56,True
automated_osu035_cookbook_final_fec_rot_5.gml,149,158,32,32,11,12,20,2.12,False
automated_osu035_orsoc_graphics_accelerator_latest_final_gfx_clip.gml,6021,13166,415,189,36,1636,723,4.37,False
automated_osu035_rs_encoder_decoder_latest_final_RS8Encoder8t.gml,1765,3842,11,10,54,381,303,4.35,True
automated_osu035_ft816float_latest_final_fpDecomp.gml,233,251,32,64,0,16,25,2.15,False
automated_osu035_mriscvcore_final_REG_FILE.gml,8136,18808,49,64,0,1052,211,4.62,True
automated_osu035_viterb_encoder_and_decoder_final_mem.gml,38380,86097,20,8,0,1397,4660,4.49,True
automated_osu035_minsoc_latest_final_eth_random.gml,145,269,25,2,0,30,19,3.71,True
automated_osu035_mriscvcore_final_BUF_X4.gml,3,2,1,1,0,0,0,1.33,True
automated_osu035_mriscvcore_final_XOR2_X2.gml,6,7,2,1,0,1,2,2.33,True
automated_osu035_cookbook_final_reed_sol_tx.gml,2464,5327,12,10,48,1100,443,4.32,True
automated_osu035_rtf8088_latest_final_rtf8088.gml,24531,59951,14,34,217,5456,4563,4.89,True
automated_osu035_iwls_final_pci_in_reg.gml,262,431,46,43,0,43,0,3.29,True
automated_osu035_iwls_final_can_bsp.gml,3628,7927,226,115,26,740,569,4.37,False
automated_osu035_Aquarius_latest_final_clk_gat.gml,3,2,1,1,0,0,0,1.33,True
automated_osu035_iwls_final_usbf_crc16.gml,168,296,24,16,5,43,42,3.52,False
automated_osu035_rs_encoder_decoder_latest_final_GF8Mult227.gml,74,120,8,8,4,16,17,3.24,True
automated_osu035_mriscvcore_final_OR3_X1.gml,8,7,3,1,0,1,0,1.75,True
automated_osu035_cookbook_final_bin_to_gray.gml,46,59,8,8,0,7,14,2.57,True
automated_osu035_rs_encoder_decoder_latest_final_GF8Mult233.gml,74,129,8,8,2,26,12,3.49,True
automated_osu035_mriscvcore_final_AOI21_X1.gml,5,4,3,1,0,0,0,1.6,True
automated_osu035_md5_core-master_final_ilut.gml,151,342,6,4,0,58,41,4.53,True
automated_osu035_iwls_final_s420_1_.gml,155,305,20,1,1,45,33,3.94,True
automated_osu035_8bit_vedic_multiplier_latest_final_vedic8x8.gml,865,1540,16,16,0,288,529,3.56,True
automated_osu035_cookbook_final_gf_mult_by_4.gml,92,166,8,8,2,24,20,3.61,True
automated_osu035_iwls_final_ac97_so.gml,179,383,5,13,1,45,30,4.28,True
automated_osu035_m32632_latest_final_SIGNMUL.gml,14238,35901,64,64,89,6094,1059,5.04,True
automated_osu035_mriscvcore_final_CLKBUF_X3.gml,3,2,1,1,0,0,0,1.33,True
automated_osu035_suslik_latest_final_instr_sel.gml,344,470,130,32,0,0,32,2.73,True
automated_osu035_iwls_final_ES_EXP.gml,328,714,29,8,10,99,93,4.35,True
automated_osu035_amber_latest_final_boot_mem128.gml,135,249,17,10,0,32,16,3.69,True
automated_osu035_csa_latest_final_ledseg_cnt.gml,170,313,17,12,2,45,28,3.68,False
automated_osu035_cookbook_final_fec_rot_21.gml,210,291,32,32,15,20,72,2.77,True
automated_osu035_jt51_latest_final_jt51_mmr.gml,10566,23076,13,135,2,4839,155,4.37,True
automated_osu035_tiny_aes_latest_final_expand_key_128.gml,4298,9429,137,256,152,984,856,4.39,True
automated_osu035_m32632_latest_final_DCA_CONTROL.gml,240,333,42,35,1,47,17,2.77,True
automated_osu035_gost28147-89_latest_final_gost89_ecb_encrypt.gml,3519,5729,835,65,42,747,454,3.26,True
automated_osu035_minsoc_latest_final_eth_fifo.gml,1871,3988,37,40,0,332,27,4.26,True
automated_osu035_aes-master_final_aes_decipher_block.gml,8825,20646,260,133,102,2826,1704,4.68,True
automated_osu035_minsoc_latest_final_eth_receivecontrol.gml,664,1344,74,4,13,130,117,4.05,True
automated_osu035_edge_latest_final_shift_unit.gml,1459,3310,39,32,0,640,76,4.54,True
automated_osu035_altor32_latest_final_cpu.gml,11388,26119,38,113,6,1447,1360,4.59,False
automated_osu035_rs_encoder_decoder_latest_final_GF8Mult254.gml,38,39,8,8,0,3,6,2.05,False
automated_osu035_turbo8051_latest_final_oc8051_sp.gml,218,412,26,16,0,43,33,3.78,True
automated_osu035_rs_encoder_decoder_latest_final_GF8Mult240.gml,76,131,8,8,2,25,12,3.45,True
automated_osu035_8bit_vedic_multiplier_latest_final_ripple_adder_4bit.gml,47,66,9,5,0,8,20,2.81,True
automated_osu035_mriscvcore_final_NOR3_X4.gml,5,4,3,1,0,0,1,1.6,True
automated_osu035_iscas_final_TopLevel74283.gml,50,73,9,5,0,10,11,2.92,True
automated_osu035_cpu8080_latest_final_cpu8080.gml,250,485,19,9,3,9,37,3.88,True
automated_osu035_orsoc_graphics_accelerator_final_gfx_renderer.gml,4886,11429,163,68,38,1751,485,4.68,True
automated_osu035_edge_latest_final_shifter_right_logical.gml,499,998,37,32,0,173,23,4.0,True
automated_osu035_suslik_latest_final_datacache_write_shift.gml,1279,917,6,576,0,24,71,1.43,False
automated_osu035_aes-128_pipelined_encryption_latest_final_Top_PipelinedCipher.gml,1538,3012,36,74,12,447,318,3.92,True
automated_osu035_amber_latest_final_a23_multiply.gml,1414,3042,69,35,5,203,247,4.3,True
automated_osu035_dvb_s2_ldpc_decoder_latest_final_ldpc_iocontrol.gml,1459,3205,30,50,3,195,132,4.39,False
automated_osu035_AES-T1000_final_lfsr_counter.gml,181,301,23,20,0,29,6,3.33,True
automated_osu035_cookbook_final_tx_4channel_arbiter.gml,9873,16284,2091,534,2,1600,2610,3.3,True
automated_osu035_mriscvcore_final_ALU_or.gml,236,266,66,32,0,0,32,2.25,True
automated_osu035_turbo8051_latest_final_wb_rd_mem2mem.gml,678,1365,36,47,3,100,84,4.03,True
automated_osu035_m1_core_latest_final_m1_alu.gml,1774,3847,70,33,3,389,257,4.34,True
automated_osu035_mriscvcore_final_ALU_beq.gml,134,151,64,1,0,24,39,2.25,True
automated_osu035_orsoc_graphics_accelerator_latest_final_gfx_renderer.gml,4940,11451,163,68,32,1782,457,4.64,True
automated_osu035_iwls_final_ad_filter.gml,1423,3347,78,41,3,369,181,4.7,True
automated_osu035_cookbook_final_ecc_decode_2bit.gml,76,156,6,5,0,29,12,4.11,True
automated_osu035_xge_mac_latest_final_tx_hold_fifo.gml,7303,16559,76,76,3,594,68,4.53,True
automated_osu035_simon_core_latest_final_top_modul.gml,1255,2613,4,1,0,330,37,4.16,True
automated_osu035_aes_core_latest_final_aes_inv_sbox.gml,740,1868,8,8,0,201,142,5.05,True
automated_osu035_ft816float_latest_final_redor64.gml,519,966,70,1,0,172,187,3.72,True
automated_osu035_mriscvcore_final_mriscvcore_synt.gml,32,16,0,16,0,0,0,1.0,False
automated_osu035_c6288-RN320_final_c6288.gml,2671,5848,64,32,23,801,536,4.38,True
automated_osu035_8051_latest_final_oc8051_cy_select.gml,9,9,4,1,0,2,0,2.0,True
automated_osu035_mips_16_latest_final_hazard_detection_unit.gml,52,80,15,1,0,12,20,3.08,True
automated_osu035_sdr_ctrl_latest_final_sdrc_bank_ctl.gml,2446,5140,69,36,4,386,154,4.2,True
automated_osu035_viterb_encoder_and_decoder_final_bmc110.gml,17,20,2,4,0,3,2,2.35,True
automated_osu035_minsoc_latest_final_or1200_spram_1024x8.gml,49881,114200,23,8,0,9597,1431,4.58,True
automated_osu035_pairing_latest_final_f36m_cubi.gml,21549,42692,1165,1164,0,5550,1110,3.96,True
automated_osu035_crcahb_latest_final_crc_com.gml,95,133,24,8,0,31,17,2.8,True
automated_osu035_csa_latest_final_led_cnt.gml,55,109,3,8,0,15,0,3.96,True
automated_osu035_mriscvcore_final_CLKGATE_X4.gml,2,1,0,1,0,0,0,1.0,True
automated_osu035_iwls_final_s2.gml,162,391,6,4,0,55,41,4.83,True
automated_osu035_turbo8051_latest_final_oc8051_b_register.gml,153,292,21,8,0,46,8,3.82,True
automated_osu035_16x2_lcd_display_driver_latest_final_lcd_16x2_8bit.gml,203,398,12,11,0,37,28,3.92,True
automated_osu035_verilog_fixed_point_math_library_latest_final_qdi.gml,1853,3788,66,34,12,347,301,4.09,True
automated_osu035_jt51_latest_final_ramp_a_to.gml,176,356,2,16,5,51,33,4.05,True
automated_osu035_iwls_final_wb_conmax_master_if.gml,3789,4370,633,1171,0,190,133,2.31,False
automated_osu035_m1_core_latest_final_fontmap_rom.gml,2658,6178,13,8,0,723,514,4.65,True
automated_osu035_cookbook_final_asc_to_7seg.gml,192,432,8,7,0,60,54,4.5,True
automated_osu035_rs_encoder_decoder_latest_final_GF8Mult122.gml,82,146,8,8,3,26,17,3.56,True
automated_osu035_turbo8051_latest_final_g_rx_crc32.gml,571,1346,12,1,14,186,103,4.71,True
automated_osu035_minsoc_latest_final_or1200_fpu_fcmp.gml,379,677,64,6,0,80,82,3.57,True
automated_osu035_a-z80_latest_final_alu_cor.gml,67,114,12,6,0,13,6,3.4,True
automated_osu035_apbtoaes128_latest_final_mix_columns.gml,593,1106,32,64,24,148,189,3.73,True
automated_osu035_rs_encoder_decoder_latest_final_GF8Mult136.gml,54,82,8,8,3,10,16,3.04,True
automated_osu035_iscas_final_s820.gml,612,1066,19,19,0,249,159,3.48,True
automated_osu035_altor32_latest_final_soc_pif8.gml,1511,1946,304,369,0,201,22,2.58,False
automated_osu035_cookbook_final_gf_mult_by_f2.gml,97,195,8,8,1,25,21,4.02,True
automated_osu035_cookbook_final_gf_mult_by_39.gml,111,203,8,8,5,37,20,3.66,True
automated_osu035_mriscvcore_final_AOI222_X4.gml,10,9,6,1,0,2,0,1.8,True
automated_osu035_iscas_final_s1494.gml,1012,1755,9,19,0,410,218,3.47,True
automated_osu035_ft816float_latest_final_fp_decomp.gml,233,251,32,64,0,16,25,2.15,False
automated_osu035_xgate_latest_final_xgate_wbm_bus.gml,171,124,56,55,0,1,3,1.45,False
automated_osu035_cookbook_final_gf_mult_by_fd.gml,114,236,8,8,0,29,15,4.14,True
automated_osu035_rs_encoder_decoder_latest_final_GF8Mult96.gml,50,72,8,8,4,8,14,2.88,True
automated_osu035_cookbook_final_gf_mult_by_05.gml,66,102,8,8,2,11,15,3.09,True
automated_osu035_aes_highthroughput_lowarea_latest_final_shift_rows.gml,384,256,128,128,0,0,0,1.33,False
automated_osu035_cookbook_final_gf_mult_by_11.gml,65,96,8,8,3,12,12,2.95,True
automated_osu035_rs_encoder_decoder_latest_final_GF8Mult82.gml,129,262,8,8,1,39,23,4.06,True
automated_osu035_iwls_final_ADDA162H90A_atop.gml,22,11,0,11,0,0,0,1.0,False
automated_osu035_minsoc_latest_final_uart_w.gml,18,20,5,3,0,2,2,2.22,True
automated_osu035_m1_core_latest_final_wb_text_vga.gml,90697,198395,13,38,2,15926,6097,4.37,False
automated_osu035_mriscv_final_latchW_ap.gml,26,35,6,3,0,6,0,2.69,True
automated_osu035_cookbook_final_ycbcr_to_rg.gml,1734,3598,25,24,32,463,370,4.15,True
automated_osu035_edge_latest_final_hazard_unit.gml,241,433,45,13,5,39,48,3.59,False
automated_osu035_8bit_vedic_multiplier_latest_final_ripple_adder_8bit.gml,91,130,17,9,0,16,40,2.86,True
automated_osu035_rs_encoder_decoder_latest_final_GF8Mult69.gml,80,151,8,8,3,19,19,3.77,True
automated_osu035_Lightweight-Threshold-Implementations-master_final_datapath_simon2shar.gml,1193,2368,15,2,0,176,148,3.97,True
automated_osu035_ecg_latest_final_f3m_mux6.gml,2412,3376,1170,194,0,194,0,2.8,True
automated_osu035_minirisc_latest_final_cmp8_eq.gml,33,36,16,1,0,5,9,2.18,True
automated_osu035_iscas_final_FD1S2.gml,15,15,5,2,0,2,0,2.0,True
automated_osu035_mriscvcore_final_ALU_xor.gml,269,363,66,32,32,32,96,2.7,True
automated_osu035_rs_encoder_decoder_latest_final_GF8Mult55.gml,77,136,8,8,4,20,18,3.53,True
automated_osu035_rs_encoder_decoder_latest_final_GF8Mult41.gml,94,165,8,8,2,35,17,3.51,True
automated_osu035_mriscv_final_flipflopRS.gml,17,24,4,2,0,2,0,2.82,True
automated_osu035_minsoc_latest_final_uart_receiver.gml,1555,3849,13,27,0,234,173,4.95,True
automated_osu035_rs_encoder_decoder_latest_final_GF8Mult40.gml,107,215,8,8,3,36,24,4.02,True
automated_osu035_mriscvcore_final_NAND3_X1.gml,5,4,3,1,0,1,0,1.6,True
automated_osu035_rs_encoder_decoder_latest_final_GF8Mult54.gml,78,133,8,8,3,26,10,3.41,True
automated_osu035_mriscv_final_AXI_SP32B1024.gml,541,796,95,81,0,4,32,2.94,False
automated_osu035_m32632_latest_final_ADDR_UNIT.gml,3207,6804,200,81,13,649,452,4.24,True
automated_osu035_rs_encoder_decoder_latest_final_GF8Mult68.gml,76,127,8,8,3,17,23,3.34,True
automated_osu035_rs_encoder_decoder_latest_final_GF8Mult83.gml,80,142,8,8,4,20,24,3.55,True
automated_osu035_cookbook_final_gf_mult_by_10.gml,70,108,8,8,1,12,16,3.09,True
automated_osu035_rtf8088_latest_final_divr2.gml,1605,3429,70,50,11,188,208,4.27,True
automated_osu035_cookbook_final_gf_mult_by_04.gml,45,57,8,8,2,8,6,2.53,False
automated_osu035_rs_encoder_decoder_latest_final_GF8Mult97.gml,77,128,8,8,2,14,21,3.32,True
automated_osu035_cookbook_final_gf_mult_by_1f.gml,101,198,8,8,2,31,17,3.92,True
automated_osu035_sdr_ctrl_latest_final_sdrc_bank_fsm.gml,655,1179,64,45,1,73,40,3.6,True
automated_osu035_tiny_tate_bilinear_pairing_latest_final_PE.gml,14869,29865,599,194,0,3322,497,4.02,True
automated_osu035_amber_latest_final_eth_rxaddrcheck.gml,425,643,144,2,9,81,60,3.03,True
automated_osu035_cookbook_final_gf_mult_by_f3.gml,65,105,8,8,2,17,13,3.23,True
automated_osu035_cookbook_final_gf_mult_by_38.gml,82,144,8,8,2,24,15,3.51,True
automated_osu035_iscas_final_s9234.gml,3781,5192,29,39,0,903,334,2.75,False
automated_osu035_rs_encoder_decoder_latest_final_GF8Mult137.gml,47,66,8,8,2,8,11,2.81,True
automated_osu035_rs_encoder_decoder_latest_final_GF8Mult123.gml,82,138,8,8,5,33,12,3.37,True
automated_osu035_iwls_final_ac97_sout.gml,941,1505,178,1,0,176,20,3.2,True
automated_osu035_iwls_final_mcst50.gml,2297,4179,300,100,0,800,400,3.64,True
automated_osu035_iwls_final_pci_target32_devs_crit.gml,11,11,5,1,0,2,1,2.0,True
automated_osu035_aes_decrypt_fpga_latest_final_MUXF8.gml,8,8,3,1,0,1,0,2.0,True
automated_osu035_iwls_final_pre_norm_fmul.gml,621,1171,68,64,3,141,91,3.77,True
automated_osu035_openmsp430_latest_final_rom_8x2k_hi.gml,16,8,0,8,0,0,0,1.0,False
automated_osu035_iwls_final_vga_tg.gml,798,1721,99,7,2,187,85,4.31,True
automated_osu035_jt51_latest_final_jt51_noise_lfsr.gml,104,229,3,1,0,10,5,4.4,True
automated_osu035_mriscvcore_final_AND4_X4.gml,8,7,4,1,0,2,1,1.75,True
automated_osu035_iwls_final_s3.gml,153,376,6,4,0,45,36,4.92,True
automated_osu035_iwls_final_can_register_sy.gml,52,81,11,8,0,16,0,3.12,True
automated_osu035_ft816float_latest_final_cntlz64Reg.gml,337,563,66,7,0,58,49,3.34,True
automated_osu035_viterb_encoder_and_decoder_final_bmc111.gml,14,15,2,4,0,1,2,2.14,True
automated_osu035_Lightweight-Threshold-Implementations-master_final_datapath_shar.gml,560,1137,10,2,0,85,71,4.06,True
automated_osu035_ft816float_latest_final_fpDecompReg.gml,609,941,34,96,0,56,21,3.09,True
automated_osu035_m32632_latest_final_DIVI_PREP.gml,525,943,36,39,2,124,81,3.59,True
automated_osu035_tiny_tate_bilinear_pairing_latest_final_f3_su.gml,26,42,4,2,0,8,6,3.23,True
automated_osu035_iwls_final_DSP_CORE_vsia_tst_capture_cell.gml,9,9,4,1,0,1,0,2.0,True
automated_osu035_m32632_latest_final_PREPDATA.gml,448,476,70,109,0,50,41,2.12,True
automated_osu035_m1_core_latest_final_m1_mul.gml,3003,6672,68,65,15,337,426,4.44,True
automated_osu035_iwls_final_s344_.gml,128,258,11,11,0,24,8,4.03,True
automated_osu035_sdr_ctrl_latest_final_sync_fifo.gml,242,499,12,10,0,34,42,4.12,True
automated_osu035_cookbook_final_initial_permut.gml,192,128,64,64,0,0,0,1.33,False
automated_osu035_chacha-master_final_chacha_qr.gml,2119,3978,128,128,56,589,438,3.75,True
automated_osu035_iwls_final_pci_wb_tpram.gml,55664,136647,61,80,0,11676,1752,4.91,False
automated_osu035_cookbook_final_arbiter.gml,263,460,32,16,4,52,60,3.5,True
automated_osu035_cookbook_final_eight_to_o.gml,29,36,11,1,0,4,0,2.48,True
automated_osu035_xgate_latest_final_xgate_instr_decod.gml,49,79,4,14,0,9,14,3.22,True
automated_osu035_rs_encoder_decoder_latest_final_GF8Mult241.gml,104,201,8,8,3,43,13,3.87,True
automated_osu035_dpll-isdn_latest_final_randomwalkfilter.gml,84,183,3,2,0,21,16,4.36,True
automated_osu035_turbo8051_latest_final_double_sync_low.gml,8,11,3,1,0,0,0,2.75,True
automated_osu035_openmsp430_latest_final_DE0_NANO_SOC_QSYS_jtag_uart_scfifo_w.gml,32,16,0,16,0,0,0,1.0,False
automated_osu035_cookbook_final_inv_mix_one_colum.gml,866,1786,32,32,35,317,249,4.12,True
automated_osu035_rsencoder_latest_final_rs_encod.gml,8777,19079,139,128,272,3673,1904,4.35,True
automated_osu035_iscas_final_ND4.gml,9,8,4,1,0,3,0,1.78,True
automated_osu035_cookbook_final_crc32c_zer64_flat.gml,972,2021,32,32,38,327,293,4.16,True
automated_osu035_openmsp430_latest_final_omsp_gpio.gml,1086,1889,51,162,0,192,34,3.48,False
automated_osu035_cookbook_final_fec_rot_20.gml,368,645,32,32,10,128,56,3.51,True
automated_osu035_ca_prng_latest_final_ca_prng.gml,809,1770,45,32,0,216,73,4.38,True
automated_osu035_cookbook_final_fec_rot_22.gml,391,694,32,32,24,125,94,3.55,True
automated_osu035_iwls_final_SW10200C.gml,24,12,0,12,0,0,0,1.0,False
automated_osu035_viterb_encoder_and_decoder_final_ACS.gml,208,402,22,10,3,66,30,3.87,True
automated_osu035_iwls_final_pci_delayed_sy.gml,414,774,51,48,0,66,20,3.74,True
automated_osu035_AES-T200_final_table_lookup.gml,5857,14712,33,128,0,1516,1248,5.02,True
automated_osu035_iwls_final_usbf_idma.gml,1417,2936,96,70,8,264,147,4.14,True
automated_osu035_csa_latest_final_stream_byt.gml,2266,4462,116,115,36,520,420,3.94,True
automated_osu035_openmsp430_latest_final_spartan3_pmem.gml,16,8,0,8,0,0,0,1.0,False
automated_osu035_dvb_s2_ldpc_decoder_latest_final_ldpc_edgetabl.gml,28281,67985,15,17,0,7240,6101,4.81,True
automated_osu035_aes_highthroughput_lowarea_latest_final_inv_shift_rows.gml,384,256,128,128,0,0,0,1.33,False
automated_osu035_rs_encoder_decoder_latest_final_GF8Mult243.gml,118,239,8,8,0,34,26,4.05,True
automated_osu035_iscas_final_c1908.gml,455,968,33,25,3,132,69,4.25,True
automated_osu035_amber_latest_final_a23_decod.gml,3666,7241,88,276,1,506,449,3.95,True
automated_osu035_amber_latest_final_eth_maccontrol.gml,1069,2144,103,20,20,198,172,4.01,True
automated_osu035_minsoc_latest_final_or1200_spram_2048x8.gml,82985,215529,24,8,0,7042,3393,5.19,True
automated_osu035_aes_core_latest_final_aes_key_expand_128.gml,4515,10157,130,128,32,1366,891,4.5,True
automated_osu035_altor32_latest_final_so.gml,1702,3563,49,34,5,431,325,4.19,True
automated_osu035_minsoc_latest_final_or1200_ic_fsm.gml,454,860,40,42,0,78,27,3.79,True
automated_osu035_m32632_latest_final_SP_FPU.gml,5084,10468,129,75,82,1211,976,4.12,True
automated_osu035_orsoc_graphics_accelerator_latest_final_gfx_fragment_processor.gml,7038,16306,273,125,58,2153,902,4.63,False
automated_osu035_iwls_final_pci_pci_decoder.gml,174,183,63,33,0,15,6,2.1,False
automated_osu035_m32632_latest_final_DFPU_MUL.gml,765,1155,136,70,2,125,83,3.02,True
automated_osu035_iwls_final_s208_1_.gml,75,145,12,1,1,24,9,3.87,True
automated_osu035_pairing_latest_final_f3m_su.gml,2134,3395,388,194,0,485,97,3.18,False
automated_osu035_8051_latest_final_oc8051_ports.gml,583,1061,54,64,0,111,27,3.64,True
automated_osu035_minsoc_latest_final_raminfr.gml,722,1600,18,8,0,71,109,4.43,True
automated_osu035_cookbook_final_key_init_perm.gml,168,112,56,56,0,0,0,1.33,False
automated_osu035_cookbook_final_ecc_correction_64bit.gml,493,943,8,65,0,109,104,3.83,True
automated_osu035_openmsp430_latest_final_ogfx_reg_vram_addr.gml,1041,2258,53,21,4,276,133,4.34,True
automated_osu035_reed_solomon_decoder_latest_final_BM_lamda.gml,3569,8124,160,89,6,389,528,4.55,True
automated_osu035_minirisc_latest_final_mux2_11.gml,82,92,23,11,0,11,0,2.24,True
automated_osu035_iwls_final_pci_mas_ad_en_crit.gml,7,6,3,1,0,0,0,1.71,True
automated_osu035_iwls_final_pci_io_mux.gml,756,1122,101,92,0,89,3,2.97,True
automated_osu035_openmsp430_latest_final_omsp_sync_reset.gml,7,8,2,1,0,0,0,2.29,True
automated_osu035_aes-128_pipelined_encryption_latest_final_SBox.gml,746,1828,11,8,0,205,122,4.9,True
automated_osu035_iscas_final_FDMASK.gml,7,6,3,1,0,1,0,1.71,True
automated_osu035_gost28147-89_latest_final_gost89_.gml,3690,6534,836,65,42,944,393,3.54,True
automated_osu035_fixed_point_arithmetic_parameterized_latest_final_qdi.gml,1089,2178,66,33,7,177,170,4.0,True
automated_osu035_m32632_latest_final_BCDADDER.gml,160,367,10,5,4,51,21,4.59,True
automated_osu035_iwls_final_rounding.gml,436,1014,27,22,1,116,80,4.65,True
automated_osu035_ft816float_latest_final_cntlz48.gml,225,369,48,6,0,34,38,3.28,True
automated_osu035_turbo8051_latest_final_uart_cor.gml,2404,5420,17,34,14,238,496,4.51,True
automated_osu035_minsoc_latest_final_uart_rfifo.gml,1157,2676,11,15,0,218,181,4.63,True
automated_osu035_openmsp430_latest_final_ogfx_reg_fifo.gml,1475,3240,21,28,2,209,148,4.39,True
automated_osu035_iwls_final_s1.gml,128,314,6,4,0,43,23,4.91,True
automated_osu035_openmsp430_latest_final_ram.gml,11778,26497,27,16,0,3479,374,4.5,True
automated_osu035_md5_core-master_final_fifo.gml,13233,30130,132,128,0,1126,492,4.55,True
automated_osu035_rs_encoder_decoder_latest_final_GF8Mult109.gml,57,84,8,8,3,8,18,2.95,True
automated_osu035_cookbook_final_frequency_monitor.gml,1373,2678,5,80,4,249,210,3.9,True
automated_osu035_aes_core_latest_final_aes_rco.gml,114,144,2,32,0,10,13,2.53,False
automated_osu035_cookbook_final_cntr.gml,182,361,21,16,0,14,9,3.97,True
automated_osu035_xge_mac_latest_final_tx_data_fifo.gml,27287,61359,78,76,12,4249,1920,4.5,True
automated_osu035_rs_encoder_decoder_latest_final_GF8Mult135.gml,80,140,8,8,1,13,23,3.5,True
automated_osu035_minsoc_latest_final_or1200_genp.gml,1035,1802,204,42,0,199,48,3.48,False
automated_osu035_edge_latest_final_mux2.gml,233,264,65,32,0,32,0,2.27,True
automated_osu035_m32632_latest_final_CONFIG_REGS.gml,778,1274,85,72,0,63,62,3.28,True
automated_osu035_rs_encoder_decoder_latest_final_GF8Mult121.gml,89,158,8,8,4,29,23,3.55,True
automated_osu035_ecg_latest_final_f3m_neg.gml,582,388,194,194,0,0,0,1.33,False
automated_osu035_cookbook_final_gf_mult_by_1d.gml,77,131,8,8,3,24,20,3.4,True
automated_osu035_rs_decoder_31_19_6_latest_final_inverscom.gml,218,508,5,5,0,68,18,4.66,True
automated_osu035_mriscv_final_latchW_axi.gml,26,35,6,3,0,6,0,2.69,True
automated_osu035_cookbook_final_gf_mult_by_f1.gml,68,110,8,8,3,15,17,3.24,True
automated_osu035_amber_latest_final_eth_receivecontrol.gml,637,1270,74,4,30,107,126,3.99,True
automated_osu035_cookbook_final_gf_mult_by_d9.gml,49,70,8,8,3,8,13,2.86,True
automated_osu035_cookbook_final_gf_mult_by_12.gml,78,133,8,8,3,22,12,3.41,True
automated_osu035_rs_encoder_decoder_latest_final_GF8Mult81.gml,114,217,8,8,5,39,20,3.81,True
automated_osu035_openmsp430_latest_final_spartan3e_dmem.gml,16,8,0,8,0,0,0,1.0,False
automated_osu035_rs_encoder_decoder_latest_final_GF8Mult95.gml,51,75,8,8,4,5,18,2.94,True
automated_osu035_iwls_final_sasc_top.gml,567,1253,16,12,0,133,38,4.42,True
automated_osu035_cookbook_final_gf_mult_by_06.gml,62,94,8,8,3,10,14,3.03,True
automated_osu035_m32632_latest_final_IO_SWITCH.gml,324,402,80,45,0,38,24,2.48,True
automated_osu035_cookbook_final_crc32_dat48_flat.gml,1870,3635,80,32,188,391,991,3.89,True
automated_osu035_a-z80_latest_final_execut.gml,3952,8420,109,111,0,1015,861,4.26,True
automated_osu035_two_dimensional_fast_hartley_transform_latest_final_fht_bfly_noFF.gml,186,319,16,18,7,37,41,3.43,True
automated_osu035_tiny_tate_bilinear_pairing_latest_final_const.gml,436,266,7,199,0,10,7,1.22,False
automated_osu035_rs_encoder_decoder_latest_final_GF8Mult42.gml,90,167,8,8,4,26,23,3.71,True
automated_osu035_rs_encoder_decoder_latest_final_GF8Mult56.gml,110,205,8,8,3,35,23,3.73,True
automated_osu035_iwls_final_pci_target32_stop_crit.gml,11,11,5,1,0,0,1,2.0,True
automated_osu035_rs_encoder_decoder_latest_final_GF8Mult57.gml,94,175,8,8,2,37,17,3.72,True
automated_osu035_rs_encoder_decoder_latest_final_GF8SyndromBuffer.gml,775,1775,17,8,0,146,82,4.58,True
automated_osu035_amber_latest_final_eth_random.gml,143,274,25,2,0,27,20,3.83,True
automated_osu035_aes_highthroughput_lowarea_latest_final_MUL9.gml,90,133,8,8,0,17,34,2.96,True
automated_osu035_edge_latest_final_alu.gml,6830,16631,68,34,91,2976,684,4.87,True
automated_osu035_iwls_final_ejtag_setclr.gml,50,94,6,2,0,6,6,3.76,True
automated_osu035_mriscvcore_final_NAND3_X2.gml,5,4,3,1,0,1,0,1.6,True
automated_osu035_Lightweight-Threshold-Implementations-master_final_key_share_roundTI.gml,61,109,9,3,1,14,10,3.57,True
automated_osu035_rs_encoder_decoder_latest_final_GF8Mult43.gml,95,181,8,8,2,29,22,3.81,True
automated_osu035_iwls_final_pci_wbs_wbb3_2_wbb2.gml,791,1430,114,107,1,100,76,3.62,True
automated_osu035_i2c_latest_final_i2c_master_top.gml,1049,2401,19,14,5,242,138,4.58,False
automated_osu035_Aquarius_latest_final_mult.gml,9194,22861,79,65,53,3427,1023,4.97,True
automated_osu035_cookbook_final_gf_mult_by_07.gml,56,84,8,8,4,10,18,3.0,True
automated_osu035_des-master_final_key_sel3.gml,1985,4606,175,48,1,1355,139,4.64,True
automated_osu035_rs_encoder_decoder_latest_final_GF8Mult94.gml,60,94,8,8,3,12,17,3.13,True
automated_osu035_iscas_final_s349.gml,220,337,10,11,0,66,38,3.06,True
automated_osu035_cookbook_final_gf_mult_by_ff.gml,67,113,8,8,2,20,16,3.37,True
automated_osu035_cookbook_final_gf_mult_by_d8.gml,52,75,8,8,2,11,10,2.88,True
automated_osu035_rs_encoder_decoder_latest_final_GF8Mult80.gml,108,200,8,8,4,32,30,3.7,True
automated_osu035_8051_latest_final_oc8051_uart.gml,574,1202,27,26,0,113,52,4.19,True
automated_osu035_cookbook_final_gf_mult_by_13.gml,61,100,8,8,3,12,18,3.28,True
automated_osu035_cookbook_final_gf_mult_by_0a.gml,47,67,8,8,6,5,14,2.85,True
automated_osu035_cookbook_final_gf_mult_by_f0.gml,129,256,8,8,1,51,22,3.97,True
automated_osu035_rs_encoder_decoder_latest_final_GF8Mult120.gml,91,159,8,8,2,23,20,3.49,True
automated_osu035_minirisc_latest_final_inc11.gml,59,79,11,11,2,9,12,2.68,True
automated_osu035_ecg_latest_final_f3m_cubi.gml,1814,3116,194,194,0,440,88,3.44,False
automated_osu035_two_dimensional_fast_hartley_transform_latest_final_fht_bfly.gml,247,458,19,18,6,37,40,3.71,True
automated_osu035_rs_encoder_decoder_latest_final_GF8Mult134.gml,88,157,8,8,2,14,33,3.57,True
automated_osu035_openmsp430_latest_final_spartan3_dmem.gml,16,8,0,8,0,0,0,1.0,False
automated_osu035_iwls_final_usbf_ep_rf_dummy.gml,268,134,0,134,0,0,0,1.0,False
automated_osu035_iwls_final_adc_rom.gml,546,1292,10,26,0,161,139,4.73,False
automated_osu035_m32632_latest_final_ex_copro.gml,439,565,67,65,0,32,32,2.57,True
automated_osu035_simon_core_latest_final_simon_key_expansion_shiftreg.gml,673,1413,10,2,0,180,27,4.2,True
automated_osu035_rs_encoder_decoder_latest_final_GF8Mult108.gml,74,124,8,8,2,14,19,3.35,True
automated_osu035_iwls_final_usbf_pa.gml,347,733,18,12,8,62,64,4.22,True
automated_osu035_iscas_final_Circuit74283.gml,50,73,9,5,0,10,11,2.92,True
automated_osu035_iwls_final_des3.gml,3897,9203,240,64,0,1797,603,4.72,True
automated_osu035_mod_mult_exp_latest_final_blockMemory.gml,1024,512,0,512,0,0,0,1.0,False
osu035_osu035_automated_osu035_amber_latest_final_a25_coprocessor.gml,1028,1978,81,66,0,120,70,3.85,True
automated_osu035_aes_highthroughput_lowarea_latest_final_inv_word_mix_columns.gml,2296,4136,32,32,0,656,736,3.6,True
automated_osu035_cookbook_final_enc_64_67.gml,1977,4418,69,67,11,540,289,4.47,True
automated_osu035_iwls_final_DSP_CORE_t.gml,60,106,6,6,0,12,0,3.53,True
automated_osu035_m1_core_latest_final_BUFG.gml,3,2,1,1,0,0,0,1.33,True
automated_osu035_iwls_final_DSP_CORE_vsia_tst_hold_cell.gml,6,6,3,1,0,0,1,2.0,True
automated_osu035_edge_latest_final_Coprocessor0.gml,6516,14927,110,33,12,834,668,4.58,True
automated_osu035_RSA-Verilog-master_final_and_add.gml,116,191,18,9,3,27,21,3.29,True
automated_osu035_iwls_final_DSP_CORE_vsia_tst_tcb_cell.gml,16,21,5,2,0,2,0,2.62,True
automated_osu035_iwls_final_usbf_utmi_if.gml,631,1282,29,31,1,143,107,4.06,True
automated_osu035_xge_mac_latest_final_meta_sy.gml,7,8,3,1,0,0,0,2.29,True
automated_osu035_openmsp430_latest_final_altera_avalon_sc_fifo.gml,1202,2470,15,49,3,413,61,4.11,False
automated_osu035_SHA_final_SHA256_CORE.gml,12289,27251,36,257,100,2038,2348,4.44,True
automated_osu035_iwls_final_can_register_asyn_sy.gml,54,90,12,8,0,16,0,3.33,True
automated_osu035_jt51_latest_final_jt51_envelop.gml,1829,3811,52,10,9,256,231,4.17,True
automated_osu035_turbo8051_latest_final_half_dup_byte_reg.gml,66,88,18,8,0,8,0,2.67,True
automated_osu035_mem_ctrl_latest_final_mc_top.gml,10413,21813,115,152,17,3169,1235,4.19,True
automated_osu035_systemcaes_latest_final_keysched192.gml,2002,3739,207,203,55,522,128,3.74,False
automated_osu035_hight_latest_final_WF.gml,487,652,97,64,22,64,59,2.68,False
automated_osu035_iwls_final_vga_cur_cregs.gml,1743,4298,42,49,0,146,87,4.93,True
automated_osu035_turbo8051_latest_final_oc8051_comp.gml,43,47,20,1,0,7,10,2.19,True
automated_osu035_iwls_final_OAI33X1.gml,2,1,0,1,0,0,0,1.0,True
automated_osu035_iwls_final_vga_fifo.gml,456,989,13,16,0,114,37,4.34,True
automated_osu035_turbo8051_latest_final_oc8051_indi_addr.gml,402,917,23,8,0,80,51,4.56,True
automated_osu035_openmsp430_latest_final_spartan3e_pmem.gml,16,8,0,8,0,0,0,1.0,False
automated_osu035_cookbook_final_three_two_comp.gml,16,24,3,2,0,4,3,3.0,True
automated_osu035_tiny_aes_latest_final_S4.gml,2838,7177,33,32,0,760,608,5.06,True
automated_osu035_mriscvcore_final_OAI222_X4.gml,11,10,6,1,0,1,3,1.82,True
automated_osu035_minsoc_latest_final_or1200_spram_32x24.gml,4412,9709,34,24,0,435,793,4.4,True
automated_osu035_openmsp430_latest_final_ogfx_backend.gml,3034,6746,114,45,4,802,297,4.45,True
automated_osu035_rs_encoder_decoder_latest_final_GF8Mult242.gml,110,214,8,8,1,43,18,3.89,True
automated_osu035_cookbook_final_ternary_sum_ni.gml,759,1492,73,12,5,216,129,3.93,True
automated_osu035_turbo8051_latest_final_oc8051_tc2.gml,552,1120,24,44,0,71,44,4.06,True
automated_osu035_hight_latest_final_WKG.gml,250,348,66,32,0,66,2,2.78,True
automated_osu035_turbo8051_latest_final_oc8051_ram_top.gml,12269,27062,29,9,2,2157,948,4.41,True
automated_osu035_fpu_latest_final_fpu.gml,31123,72267,70,40,204,11123,4472,4.64,True
automated_osu035_minsoc_latest_final_or1200_alu.gml,2612,5674,112,38,0,716,272,4.34,True
automated_osu035_cookbook_final_fn_maj.gml,512,576,192,64,0,128,0,2.25,False
automated_osu035_rs_encoder_decoder_latest_final_RS8ErrLocPoly8t.gml,14566,30013,20,218,177,4515,1527,4.12,True
automated_osu035_mesi_isc_final_mesi_isc_broad.gml,1411,3137,43,45,3,367,66,4.45,True
automated_osu035_Lightweight-Threshold-Implementations-master_final_TI_Simon_Cor.gml,2486,5098,5,11,2,417,229,4.1,True
automated_osu035_cookbook_final_fec_rot_23.gml,273,433,32,32,16,44,87,3.17,True
automated_osu035_turbo8051_latest_final_oc8051_top.gml,18948,45632,83,77,16,4842,1547,4.82,False
automated_osu035_AES-T1000_final_S.gml,709,1793,9,8,0,190,152,5.06,True
automated_osu035_minirisc_latest_final_presclr_wdt.gml,169,347,12,2,1,39,24,4.11,True
automated_osu035_mriscv_final_decodificador_apd.gml,37,47,4,8,0,5,9,2.54,True
automated_osu035_cookbook_final_font_rom.gml,3282,7590,12,24,0,965,805,4.63,False
automated_osu035_c7552-NS5150_final_c7552.gml,2844,4948,463,108,76,635,542,3.48,False
automated_osu035_a-z80_latest_final_alu_mux_8.gml,28,37,11,1,0,4,0,2.64,True
automated_osu035_cookbook_final_fec_rot_27.gml,397,708,32,32,28,106,123,3.57,True
automated_osu035_aes-master_final_aes_cor.gml,29272,71393,390,130,332,6889,4701,4.88,True
automated_osu035_iwls_final_eth_receivecontrol.gml,630,1310,74,4,13,130,117,4.16,True
automated_osu035_altor32_latest_final_altor32_writeback.gml,529,927,80,38,0,148,8,3.5,True
automated_osu035_rs_encoder_decoder_latest_final_GF8Mult246.gml,80,145,8,8,4,24,22,3.62,True
automated_osu035_mriscvcore_final_NOR3_X2.gml,5,4,3,1,0,0,1,1.6,True
automated_osu035_RSA-Verilog-master_final_memtest.gml,190,302,18,25,0,2,3,3.18,True
automated_osu035_cookbook_final_gearbox_67_40.gml,2491,6083,69,41,0,369,197,4.88,True
automated_osu035_cookbook_final_round_key_select.gml,144,96,48,48,0,0,0,1.33,False
automated_osu035_rs_encoder_decoder_latest_final_GF8Mult252.gml,66,101,8,8,0,11,15,3.06,False
automated_osu035_orsoc_graphics_accelerator_latest_final_gfx_rasterizer.gml,37196,85069,330,163,584,10549,6901,4.57,True
automated_osu035_mriscv_final_bus_sync_sf.gml,398,655,35,32,0,130,0,3.29,True
automated_osu035_iwls_final_wb_dma_inc30r.gml,177,262,31,30,5,30,40,2.96,True
automated_osu035_iscas_final_c499.gml,709,1652,41,32,4,278,38,4.66,True
automated_osu035_amber_latest_final_eth_spram_256x32.gml,47945,114561,46,32,0,17024,322,4.78,True
automated_osu035_pairing_latest_final_f3_mult.gml,18,24,4,2,0,4,0,2.67,True
automated_osu035_epfl_final_i2.gml,1352,2394,147,142,1,235,172,3.54,False
automated_osu035_iscas_final_ND3.gml,6,5,3,1,0,1,0,1.67,True
automated_osu035_iwls_final_pci_bridge32.gml,50,72,18,8,0,1,9,2.88,True
automated_osu035_orsoc_graphics_accelerator_final_gfx_clip.gml,6221,13582,415,189,42,1846,804,4.37,False
automated_osu035_md5_core-master_final_md5_ctl.gml,10552,23559,35,130,34,2637,1158,4.47,True
automated_osu035_iwls_final_s349_.gml,127,258,11,11,0,24,8,4.06,True
automated_osu035_iscas_final_c880.gml,372,654,60,26,4,109,44,3.52,False
automated_osu035_suslik_latest_final_datacache_get_new_pos.gml,16,8,0,8,0,0,0,1.0,False
automated_osu035_aes-128_pipelined_encryption_latest_final_Round.gml,16133,38301,260,129,81,4644,2508,4.75,True
automated_osu035_minsoc_latest_final_or1200_dpram_256x32.gml,53100,118187,55,32,0,10181,1744,4.45,True
automated_osu035_mriscv_final_decodificador.gml,29,39,4,8,0,5,9,2.69,True
automated_osu035_AES-T200_final_aes_128.gml,5842,9201,54,106,0,2031,2054,3.15,True
automated_osu035_aes-master_final_aes_sbox.gml,2777,7026,32,32,0,748,546,5.06,False
automated_osu035_amber_latest_final_generic_sram_byte_.gml,92844,216889,153,128,0,8961,46,4.67,True
automated_osu035_m32632_latest_final_FILTCMP.gml,168,196,51,17,0,23,30,2.33,True
automated_osu035_trigonometric_functions_in_double_fpu_latest_final_tangent_lut.gml,1939,4167,34,64,0,628,577,4.3,True
automated_osu035_minsoc_latest_final_minsoc_wb_32_8_bridg.gml,314,368,74,72,0,29,35,2.34,False
automated_osu035_cookbook_final_random_delay.gml,24,16,8,8,0,0,0,1.33,False
automated_osu035_apbtoaes128_latest_final_key_expander.gml,901,1172,166,160,124,130,164,2.6,True
automated_osu035_m32632_latest_final_DECODER.gml,8505,18701,103,224,1,1888,1476,4.4,True
automated_osu035_a-z80_latest_final_alu_prep_daa.gml,20,20,7,3,0,1,3,2.0,False
automated_osu035_mriscvcore_final_CLKGATE_X2.gml,2,1,0,1,0,0,0,1.0,True
automated_osu035_iwls_final_s4.gml,127,299,6,4,0,41,28,4.71,True
automated_osu035_iscas_final_DFF.gml,5,4,2,1,0,0,0,1.6,True
automated_osu035_ecg_latest_final_f3m_mult.gml,11201,21841,390,195,0,3231,524,3.9,True
automated_osu035_cookbook_final_pipeline_add.gml,326,590,42,20,5,59,54,3.62,True
automated_osu035_AES-T200_final_lfsr_counter.gml,164,237,22,20,0,24,6,2.89,True
automated_osu035_rs_encoder_decoder_latest_final_GF8Mult130.gml,84,140,8,8,4,17,28,3.33,True
automated_osu035_iwls_final_usbf_crc5.gml,114,209,16,5,4,38,35,3.67,True
automated_osu035_rs_encoder_decoder_latest_final_GF8Mult124.gml,85,151,8,8,0,22,19,3.55,True
automated_osu035_minsoc_latest_final_uart_regs.gml,18,20,5,3,0,2,2,2.22,True
automated_osu035_iscas_final_s832.gml,618,1086,19,19,0,255,167,3.51,True
automated_osu035_rtf8088_latest_final_nmi_detector.gml,15,19,4,1,0,4,0,2.53,True
automated_osu035_cpu8080_latest_final_SM8080.gml,167,319,15,2,3,27,31,3.82,True
automated_osu035_iwls_final_pci_rst_int.gml,26,21,6,8,0,1,0,1.62,False
automated_osu035_sha3_latest_final_round2in1.gml,61573,148355,1614,1600,405,27708,5270,4.82,True
automated_osu035_rs_decoder_31_19_6_latest_final_degree0_cell.gml,43,60,8,5,0,10,0,2.79,True
automated_osu035_pairing_latest_final_second_part.gml,6,5,4,1,0,0,0,1.67,True
automated_osu035_hight_latest_final_SKG.gml,1440,3140,134,32,10,474,185,4.36,True
automated_osu035_rs_encoder_decoder_latest_final_GF8Mult118.gml,81,138,8,8,3,22,18,3.41,True
automated_osu035_edge_latest_final_if_id_pipereg.gml,720,1101,99,96,0,192,0,3.06,True
automated_osu035_rs_decoder_31_19_6_latest_final_degree1_cell.gml,50,70,8,5,0,11,2,2.8,True
automated_osu035_openmsp430_latest_final_omsp_wakeup_cell.gml,6,5,2,1,0,0,0,1.67,True
automated_osu035_cookbook_final_gf_mult_by_17.gml,79,143,8,8,3,17,22,3.62,True
automated_osu035_rs_encoder_decoder_latest_final_GF8Mult84.gml,133,278,8,8,0,53,13,4.18,True
automated_osu035_cookbook_final_gf_mult_by_e8.gml,75,130,8,8,4,23,20,3.47,True
automated_osu035_rs_encoder_decoder_latest_final_GF8Mult90.gml,124,243,8,8,2,51,14,3.92,True
automated_osu035_cookbook_final_gf_mult_by_03.gml,49,69,8,8,5,10,9,2.82,True
automated_osu035_cookbook_final_gf_mult_by_1a.gml,96,177,8,8,0,23,23,3.69,True
automated_osu035_mriscvcore_final_AOI222_X2.gml,10,9,6,1,0,2,0,1.8,True
automated_osu035_cookbook_final_gf_mult_by_f4.gml,63,106,8,8,3,17,14,3.37,True
automated_osu035_rs_encoder_decoder_latest_final_GF8Mult47.gml,58,85,8,8,4,10,13,2.93,True
automated_osu035_BLAKE_final_BLAKE_INTERFACE.gml,1759,3012,277,115,12,295,232,3.42,True
automated_osu035_chacha-master_final_chacha.gml,23169,51809,44,32,429,4494,4216,4.47,True
automated_osu035_rs_encoder_decoder_latest_final_GF8Mult53.gml,85,147,8,8,2,27,16,3.46,True
automated_osu035_systemcaes_latest_final_aes.gml,11658,27305,260,129,70,2404,746,4.68,True
automated_osu035_pairing_latest_final_f33m_neg.gml,1746,1164,582,582,0,0,0,1.33,False
automated_osu035_pairing_latest_final_f32m_neg.gml,1164,776,388,388,0,0,0,1.33,False
automated_osu035_edge_latest_final_clock_manager.gml,196,385,1,1,3,55,62,3.93,True
automated_osu035_amber_latest_final_boot_mem32.gml,41,58,6,6,4,5,9,2.83,True
automated_osu035_rs_encoder_decoder_latest_final_GF8Mult52.gml,48,69,8,8,3,5,15,2.88,True
automated_osu035_rs_encoder_decoder_latest_final_GF8Invers.gml,1300,2631,11,9,16,406,123,4.05,True
automated_osu035_mriscvcore_final_LOGIC1_X1.gml,2,1,0,1,0,0,0,1.0,True
automated_osu035_rs_encoder_decoder_latest_final_GF8Mult46.gml,49,70,8,8,4,5,15,2.86,True
automated_osu035_cookbook_final_gf_mult_by_f5.gml,79,141,8,8,2,26,11,3.57,True
automated_osu035_minsoc_latest_final_or1200_fpu_intfloat_conv_except.gml,178,216,63,12,0,28,37,2.43,True
automated_osu035_cookbook_final_gf_mult_by_0d.gml,64,107,8,8,5,10,23,3.34,True
automated_osu035_iwls_final_ahb2w.gml,244,400,36,51,0,12,6,3.28,False
automated_osu035_cookbook_final_gf_mult_by_e9.gml,76,130,8,8,3,20,22,3.42,True
automated_osu035_cookbook_final_gf_mult_by_02.gml,38,39,8,8,0,3,6,2.05,False
automated_osu035_mriscvcore_final_ALU_and.gml,236,266,66,32,0,64,0,2.25,True
automated_osu035_iwls_final_div_r2.gml,17157,41158,75,100,118,6022,2742,4.8,True
automated_osu035_rs_encoder_decoder_latest_final_GF8Mult91.gml,113,206,8,8,3,37,21,3.65,True
automated_osu035_amber_latest_final_afifo.gml,786,1708,36,34,7,19,24,4.35,True
automated_osu035_rs_encoder_decoder_latest_final_GF8Mult85.gml,127,244,8,8,1,56,13,3.84,True
automated_osu035_cookbook_final_gf_mult_by_16.gml,80,140,8,8,5,18,25,3.5,True
automated_osu035_rs_encoder_decoder_latest_final_GF8Mult119.gml,105,199,8,8,2,34,21,3.79,True
automated_osu035_iwls_final_usbf_pd.gml,693,1379,13,53,16,211,131,3.98,True
automated_osu035_rs_encoder_decoder_latest_final_GF8Mult125.gml,64,105,8,8,5,7,24,3.28,True
automated_osu035_cookbook_final_gf_invers.gml,1053,2443,8,8,0,406,193,4.64,True
automated_osu035_rs_encoder_decoder_latest_final_GF8Mult131.gml,68,108,8,8,2,18,17,3.18,True
automated_osu035_edge_latest_final_reset_logi.gml,5,4,2,1,0,0,0,1.6,True
automated_osu035_ft816float_latest_final_cntlz64.gml,307,507,64,7,0,51,49,3.3,True
automated_osu035_sdr_ctrl_latest_final_sdrc_xfr_ctl.gml,1204,2158,111,78,5,190,131,3.58,False
automated_osu035_m32632_latest_final_SFPU_ADDSUB.gml,4344,9083,73,71,81,1077,796,4.18,True
automated_osu035_mriscvcore_final_AND4_X2.gml,8,7,4,1,0,2,1,1.75,True
automated_osu035_iwls_final_s5.gml,133,339,6,4,0,36,29,5.1,True
automated_osu035_iwls_final_s1423_.gml,490,1122,19,5,0,71,66,4.58,True
automated_osu035_xge_mac_latest_final_rx_hold_fifo.gml,7301,16550,76,74,3,599,69,4.53,True
automated_osu035_amber_latest_final_a25_multiply.gml,1414,3042,69,35,5,203,248,4.3,True
automated_osu035_reed_solomon_codec_generator_latest_final_RsDecodeDelay.gml,18145,39757,12,9,3,3296,1564,4.38,True
automated_osu035_iwls_final_eth_txstatem.gml,282,483,51,20,2,55,47,3.43,True
automated_osu035_altor32_latest_final_dmem_mux3.gml,1171,1482,176,256,0,139,216,2.53,False
automated_osu035_iwls_final_s298_.gml,95,213,5,6,0,14,14,4.48,True
automated_osu035_jt51_latest_final_jt51_op.gml,4092,8476,38,14,23,801,524,4.14,True
automated_osu035_iscas_final_s953.gml,496,856,17,23,0,167,150,3.45,True
automated_osu035_cookbook_final_reed_sol_rx.gml,32951,73725,12,19,536,7772,3373,4.47,False
automated_osu035_cookbook_final_asc_hex_to_nybbl.gml,22,27,5,4,1,2,2,2.45,True
automated_osu035_pairing_latest_final_f3m_mult3.gml,16760,30926,1166,583,0,5595,302,3.69,True
automated_osu035_cookbook_final_tx_buffer_fifo_8word.gml,18383,46122,404,403,1,967,30,5.02,True
automated_osu035_pci_express_crc_latest_final_crc32d16.gml,1068,2184,52,32,38,324,289,4.09,True
automated_osu035_AES-T1000_final_TSC.gml,422,566,31,64,0,37,22,2.68,True
automated_osu035_edge_latest_final_mem_wb_pipereg.gml,2026,3039,257,254,0,508,0,3.0,True
automated_osu035_fixed_point_arithmetic_parameterized_latest_final_qmult.gml,13717,34431,64,32,113,5610,1356,5.02,True
automated_osu035_cookbook_final_gray_cntr.gml,268,609,4,20,0,150,14,4.54,True
automated_osu035_iscas_final_ND2.gml,5,4,2,1,0,1,0,1.6,True
automated_osu035_altor32_latest_final_timer_perip.gml,1103,2264,44,34,5,206,286,4.11,True
automated_osu035_fpga-median_latest_final_nod.gml,131,219,16,16,0,29,13,3.34,True
automated_osu035_m1_core_latest_final_ps2_top.gml,1901,4267,29,38,9,416,215,4.49,False
automated_osu035_asynchronous_master_spi_final_spi_master.gml,333,424,98,1,7,72,101,2.55,True
automated_osu035_generic_fifos_latest_final_generic_fifo_sc_a.gml,13065,29614,13,18,2,2580,516,4.53,True
automated_osu035_iwls_final_ac97_fifo_ctrl.gml,22,30,7,2,0,2,2,2.73,True
automated_osu035_iwls_final_usb_tx_phy.gml,211,438,13,4,0,41,12,4.15,True
automated_osu035_rs_encoder_decoder_latest_final_GF8Mult253.gml,45,57,8,8,2,8,6,2.53,False
automated_osu035_epfl_final_d.gml,831,1129,8,256,0,37,267,2.72,True
automated_osu035_rs_encoder_decoder_latest_final_GF8Mult247.gml,79,137,8,8,2,24,16,3.47,True
automated_osu035_iwls_final_dac_rom.gml,519,1208,10,26,0,174,126,4.66,False
automated_osu035_mriscvcore_final_OAI222_X1.gml,11,10,6,1,0,1,3,1.82,True
automated_osu035_turbo8051_latest_final_g_tx_top.gml,1049,2253,28,33,19,202,173,4.3,True
automated_osu035_minsoc_latest_final_or1200_wb_biu.gml,713,1095,113,110,2,91,9,3.07,False
automated_osu035_mesi_isc_final_mesi_isc_breq_fifos.gml,3375,7274,143,48,10,581,51,4.31,True
automated_osu035_iwls_final_ac97_in_fifo.gml,2846,6857,26,36,0,1185,30,4.82,True
automated_osu035_bch_configurable_latest_final_test_correct.gml,3512,7903,38,19,16,222,374,4.5,True
automated_osu035_minsoc_latest_final_or1200_reg2mem.gml,209,300,38,32,0,39,15,2.87,True
automated_osu035_md5_core-master_final_md5_fsm.gml,6663,15153,35,128,48,1828,944,4.55,True
automated_osu035_cookbook_final_fec_rot_26.gml,356,620,32,32,24,82,115,3.48,True
automated_osu035_tiny_tate_bilinear_pairing_latest_final_pairing.gml,83440,216096,23,8,0,7219,3315,5.18,True
automated_osu035_cookbook_final_fec_rot_32.gml,480,862,32,32,42,130,181,3.59,True
automated_osu035_a-z80_latest_final_alu.gml,22412,50072,218,245,8,4856,1618,4.47,False
automated_osu035_signed_integer_divider_latest_final_adder_32bit.gml,615,953,65,33,0,275,128,3.1,True
automated_osu035_Lightweight-Threshold-Implementations-master_final_simon_key_expansion_shiftreg.gml,687,1427,10,9,0,180,27,4.15,True
automated_osu035_cookbook_final_fec_rot_18.gml,298,492,32,32,16,81,65,3.3,True
automated_osu035_cavlc_latest_final_cavlc_top.gml,5782,13292,31,156,6,846,615,4.6,True
automated_osu035_iwls_final_can_fifo.gml,569,1137,34,57,5,101,103,4.0,False
automated_osu035_iwls_final_i2c_master_top.gml,896,2152,19,14,0,229,134,4.8,False
automated_osu035_csa_latest_final_single_block_decyper.gml,1123,2374,72,64,16,300,200,4.23,False
automated_osu035_cookbook_final_fec_rot_24.gml,307,508,32,32,16,58,95,3.31,True
automated_osu035_pairing_latest_final_duursma_lee_algo.gml,42,52,8,8,6,0,18,2.48,True
automated_osu035_sha1-master_final_sha1_cor.gml,9501,20448,516,162,51,1170,1057,4.3,True
automated_osu035_AES-T1000_final_T.gml,1463,3676,9,32,0,379,312,5.03,True
automated_osu035_md5_core-master_final_md5_cor.gml,3023,6603,199,32,15,1041,348,4.37,True
automated_osu035_cookbook_final_fec_rot_30.gml,477,872,32,32,41,148,163,3.66,True
automated_osu035_iwls_final_SW10201A.gml,52,26,0,26,0,0,0,1.0,False
automated_osu035_rs_encoder_decoder_latest_final_GF8Mult251.gml,53,75,8,8,2,10,12,2.83,True
automated_osu035_crcahb_latest_final_crc_ip.gml,5342,10580,44,34,0,2015,805,3.96,False
automated_osu035_rs_encoder_decoder_latest_final_RS8CALCR08.gml,1241,2609,84,17,8,228,104,4.2,True
automated_osu035_cookbook_final_compress_32.gml,256,384,48,32,0,64,32,3.0,False
automated_osu035_ecg_latest_final_f3m_su.gml,2134,3395,388,194,0,485,97,3.18,False
automated_osu035_rs_encoder_decoder_latest_final_GF8Mult245.gml,90,157,8,8,3,18,24,3.49,True
automated_osu035_mriscvcore_final_NOR3_X1.gml,5,4,3,1,0,0,1,1.6,True
automated_osu035_SHA_final_CSA.gml,511,764,96,64,0,128,64,2.99,False
automated_osu035_i2c_latest_final_i2c_master_byte_ctrl.gml,805,1747,35,16,5,179,131,4.34,False
automated_osu035_minsoc_latest_final_uart_fifo.gml,1049,2639,14,16,1,166,110,5.03,True
automated_osu035_minsoc_latest_final_eth_cr.gml,319,629,8,33,1,80,34,3.94,True
automated_osu035_mriscvcore_final_ALU_sXXx.gml,1051,2028,40,97,0,191,12,3.86,True
automated_osu035_openmsp430_latest_final_DE0_NANO_SOC_QSYS_nios2_qsys_test_.gml,102,57,12,45,0,0,2,1.12,False
automated_osu035_minsoc_latest_final_or1200_ic_tag.gml,40,20,0,20,0,0,0,1.0,False
automated_osu035_gost28147-89_latest_final_gost89_cfb_encrypt.gml,4477,8042,835,65,42,813,521,3.59,True
automated_osu035_minsoc_latest_final_spi_flash_top.gml,1051,2111,45,37,6,286,178,4.02,True
automated_osu035_aes-encryption_latest_final_aes_rco.gml,98,182,2,16,0,24,9,3.71,True
automated_osu035_iwls_final_s5378_.gml,1117,2429,37,49,12,246,236,4.35,False
automated_osu035_mriscvcore_final_CLKGATE_X1.gml,2,1,0,1,0,0,0,1.0,True
automated_osu035_iwls_final_s7.gml,150,354,6,4,0,51,37,4.72,True
automated_osu035_cookbook_final_crc32_dat16_flat.gml,840,1665,48,32,41,211,324,3.96,True
automated_osu035_iwls_final_DSP_CORE_wrapper.gml,6706,10946,862,847,0,858,837,3.26,False
automated_osu035_minsoc_latest_final_or1200_qmem_top.gml,585,390,195,195,0,0,0,1.33,False
automated_osu035_viterb_encoder_and_decoder_final_bmc101.gml,17,20,2,4,0,3,2,2.35,True
automated_osu035_turbo8051_latest_final_g_deferral_rx.gml,83,167,11,1,0,15,11,4.02,True
automated_osu035_m32632_latest_final_SCANDIG.gml,17,18,4,3,0,1,2,2.12,True
automated_osu035_rs_encoder_decoder_latest_final_GF8Mult127.gml,78,134,8,8,1,20,17,3.44,True
automated_osu035_iscas_final_s5378.gml,3418,4994,36,49,0,125,1003,2.92,True
automated_osu035_rs_encoder_decoder_latest_final_GF8Mult133.gml,79,141,8,8,3,27,14,3.57,True
automated_osu035_8051_latest_final_oc8051_memory_interfa.gml,2316,4769,199,123,4,388,200,4.12,False
automated_osu035_cookbook_final_cntr_modulus_la.gml,238,472,21,16,0,27,30,3.97,True
automated_osu035_minsoc_latest_final_or1200_mult_ma.gml,15164,37759,75,67,82,5659,1412,4.98,False
automated_osu035_rs_encoder_decoder_latest_final_GF8Mult93.gml,78,136,8,8,4,22,19,3.49,True
automated_osu035_cookbook_final_gf_mult_by_fa.gml,77,138,8,8,3,19,15,3.58,True
automated_osu035_cookbook_final_gf_mult_by_14.gml,54,80,8,8,4,9,17,2.96,True
automated_osu035_rs_encoder_decoder_latest_final_GF8Mult87.gml,123,256,8,8,0,37,16,4.16,True
automated_osu035_cookbook_final_gf_mult_by_0f.gml,80,138,8,8,3,21,22,3.45,True
automated_osu035_cookbook_final_syndrome_round.gml,1822,3270,137,128,42,807,396,3.59,True
automated_osu035_cookbook_final_prio_encod.gml,28,41,6,3,0,4,4,2.93,True
automated_osu035_cookbook_final_gf_mult_by_f7.gml,69,117,8,8,2,22,10,3.39,True
automated_osu035_iwls_final_DSP_CORE_vsia_tst_tcb_cell_captur.gml,18,23,7,2,0,2,0,2.56,True
automated_osu035_AES-T1000_final_table_lookup.gml,5857,14712,33,128,0,1516,1248,5.02,True
automated_osu035_mriscvcore_final_AOI222_X1.gml,10,9,6,1,0,2,0,1.8,True
automated_osu035_openmsp430_latest_final_omsp_mem_backbo.gml,975,1550,135,136,0,192,19,3.18,True
automated_osu035_8051_latest_final_oc8051_cache_ram.gml,28582,65013,49,64,0,5824,1831,4.55,True
automated_osu035_iscas_final_s400.gml,241,416,4,6,0,63,64,3.45,True
automated_osu035_cookbook_final_gf_mult_by_28.gml,67,116,8,8,4,17,15,3.46,True
automated_osu035_des-master_final_sbox8.gml,152,347,6,4,0,62,40,4.57,True
automated_osu035_rs_encoder_decoder_latest_final_GF8Mult50.gml,66,102,8,8,2,11,15,3.09,True
automated_osu035_rc4-prbs_latest_final_rc4.gml,26241,70658,10,9,4,4381,3093,5.39,True
automated_osu035_8bit_vedic_multiplier_latest_final_ripple_adder_6bit.gml,69,98,13,7,0,12,30,2.84,True
automated_osu035_mriscvcore_final_HA_X1.gml,7,8,2,2,0,1,2,2.29,True
automated_osu035_rs_encoder_decoder_latest_final_GF8Mult44.gml,66,106,8,8,3,13,18,3.21,True
automated_osu035_iscas_final_FD1S.gml,12,11,4,2,0,1,0,1.83,False
automated_osu035_crcahb_latest_final_crc_unit.gml,5277,10235,46,107,0,1909,796,3.88,True
automated_osu035_iwls_final_eth_transmitcontrol.gml,340,622,75,14,0,64,41,3.66,True
automated_osu035_mod3_calc_latest_final_mod3_adder.gml,26,42,4,2,0,8,6,3.23,True
automated_osu035_cpu8080_latest_final_scnrom.gml,252,565,8,8,0,81,55,4.48,False
automated_osu035_ecg_latest_final_f3m_mux3.gml,1788,2173,585,194,0,776,0,2.43,True
automated_osu035_rs_encoder_decoder_latest_final_GF8Mult78.gml,118,256,8,8,1,30,19,4.34,True
automated_osu035_minsoc_latest_final_adbg_or1k_status_reg.gml,38,60,7,4,0,5,1,3.16,True
automated_osu035_rs_encoder_decoder_latest_final_GF8Mult79.gml,85,153,8,8,5,18,24,3.6,True
automated_osu035_mips_16_latest_final_data_mem.gml,18466,43801,26,16,0,526,1251,4.74,True
automated_osu035_8051_latest_final_oc8051_decoder.gml,845,1883,13,39,0,207,143,4.46,True
automated_osu035_mriscvcore_final_NAND3_X4.gml,5,4,3,1,0,1,0,1.6,True
automated_osu035_iwls_final_mc_dp.gml,1344,2859,90,69,15,388,92,4.25,True
automated_osu035_rs_encoder_decoder_latest_final_GF8Mult45.gml,50,72,8,8,4,5,16,2.88,True
automated_osu035_minsoc_latest_final_OR1K_startup.gml,252,512,9,33,0,38,42,4.06,True
automated_osu035_rs_encoder_decoder_latest_final_GF8Mult51.gml,54,81,8,8,6,9,10,3.0,True
automated_osu035_mriscv_final_axi4_interconnect.gml,32,16,0,16,0,0,0,1.0,False
automated_osu035_minsoc_latest_final_eth_miim.gml,531,1104,40,25,0,113,74,4.16,True
automated_osu035_sha3_latest_final_padder1.gml,143,153,26,32,0,15,1,2.14,False
automated_osu035_cookbook_final_gf_mult_by_29.gml,94,165,8,8,1,21,24,3.51,True
automated_osu035_gng_latest_final_gng_ctg.gml,1563,3345,3,65,43,136,366,4.28,True
automated_osu035_cookbook_final_gf_mult_by_f6.gml,73,127,8,8,2,24,18,3.48,True
automated_osu035_csa_latest_final_group_decrypt.gml,69592,163337,581,65,1184,21501,14827,4.69,True
automated_osu035_rs_encoder_decoder_latest_final_GF8Mult86.gml,117,224,8,8,3,38,19,3.83,True
automated_osu035_cookbook_final_gf_mult_by_15.gml,56,87,8,8,2,11,16,3.11,True
automated_osu035_cookbook_final_gf_mult_by_01.gml,24,16,8,8,0,0,0,1.33,False
automated_osu035_mriscvcore_final_FSM.gml,147,267,17,10,0,29,22,3.63,True
automated_osu035_iwls_final_crp.gml,1379,3119,80,32,0,527,405,4.52,True
automated_osu035_rs_encoder_decoder_latest_final_GF8Mult92.gml,94,172,8,8,4,24,24,3.66,True
automated_osu035_iwls_final_ejtag_toggle2puls.gml,10,16,3,1,0,1,2,3.2,True
automated_osu035_amber_latest_final_a23_alu.gml,1194,2434,75,36,0,324,111,4.08,True
automated_osu035_cookbook_final_inv_mix_columns.gml,3684,7848,128,128,112,1428,984,4.26,False
automated_osu035_pairing_latest_final_f36m_mult.gml,93709,202806,2330,1165,0,28946,4322,4.33,True
automated_osu035_turbo8051_latest_final_oc8051_int.gml,630,1343,29,35,1,140,50,4.26,True
automated_osu035_rs_encoder_decoder_latest_final_GF8Mult132.gml,62,98,8,8,5,14,15,3.16,True
automated_osu035_rs_encoder_decoder_latest_final_GF8Reg.gml,60,89,11,8,0,8,0,2.97,True
automated_osu035_iwls_final_sbox8.gml,151,353,6,4,0,63,38,4.68,True
automated_osu035_rs_encoder_decoder_latest_final_GF8Mult126.gml,74,119,8,8,2,21,16,3.22,True
automated_osu035_viterb_encoder_and_decoder_final_bmc100.gml,14,15,2,4,0,1,2,2.14,True
automated_osu035_altor32_latest_final_altor32_dcache_mem_if.gml,1992,4045,166,170,1,201,123,4.06,True
automated_osu035_amber_latest_final_a25_decod.gml,4327,8929,88,241,2,604,372,4.13,True
automated_osu035_m32632_latest_final_FFS_LOGIK.gml,255,506,39,6,0,80,22,3.97,True
automated_osu035_amber_latest_final_a23_barrel_shift.gml,5272,11964,44,33,0,1338,658,4.54,True
automated_osu035_mriscvcore_final_AND4_X1.gml,8,7,4,1,0,2,1,1.75,True
automated_osu035_iwls_final_s6.gml,126,294,6,4,0,34,29,4.67,True
automated_osu035_BLAKE_final_BLAKE_TOP.gml,24076,57182,21,17,337,5998,3651,4.75,True
automated_osu035_two_dimensional_fast_hartley_transform_latest_final_dpsram_128x16.gml,64,32,0,32,0,0,0,1.0,False
automated_osu035_xgate_latest_final_xgate_jtag.gml,277,614,6,14,0,71,41,4.43,True
automated_osu035_openmsp430_latest_final_dac_spi_if.gml,203,378,2,27,0,14,6,3.72,False
automated_osu035_8051_latest_final_oc8051_wb_iinterfa.gml,233,251,52,51,0,0,0,2.15,False
automated_osu035_cookbook_final_crc32_dat128_flat.gml,5251,10537,160,32,374,1242,2265,4.01,True
automated_osu035_iwls_final_lmi_lbc_alig.gml,202,328,37,32,0,65,5,3.25,True
automated_osu035_dpll-isdn_latest_final_freqdivider.gml,57,112,3,1,1,12,9,3.93,True
automated_osu035_iwls_final_pci_serr_crit.gml,7,8,3,1,0,2,1,2.29,True
automated_osu035_m32632_latest_final_ex_out_reg.gml,58,80,10,8,0,8,0,2.76,True
automated_osu035_iwls_final_wb_dma_ch_rf_dummy.gml,582,291,0,291,0,0,0,1.0,False
automated_osu035_iwls_final_sasc_brg.gml,172,333,18,2,0,40,36,3.87,True
automated_osu035_minirisc_latest_final_add_sub8_co.gml,148,262,17,9,3,33,28,3.54,True
automated_osu035_turbo8051_latest_final_oc8051_alu.gml,1220,2838,33,35,6,319,183,4.65,True
automated_osu035_minsoc_latest_final_or1200_top.gml,432,216,0,216,0,0,0,1.0,False
automated_osu035_xge_mac_latest_final_rx_data_fifo.gml,29677,64047,78,75,11,7696,2035,4.32,True
automated_osu035_hight_latest_final_CONTROL.gml,252,562,5,13,0,72,66,4.46,True
automated_osu035_orsoc_graphics_accelerator_latest_final_color_to_memory.gml,225,349,36,36,0,62,49,3.1,True
automated_osu035_mips_16_latest_final_ID_stag.gml,467,765,51,76,0,50,20,3.28,True
automated_osu035_fpu_latest_final_div_r2.gml,18224,41222,75,100,106,6159,2847,4.52,True
automated_osu035_cr_div_latest_final_cr_di.gml,37953,88473,73,65,284,10820,3124,4.66,True
automated_osu035_mriscvcore_final_OAI222_X2.gml,11,10,6,1,0,1,3,1.82,True
automated_osu035_orsoc_graphics_accelerator_final_memory_to_color.gml,256,410,36,36,0,41,59,3.2,False
automated_osu035_rs_encoder_decoder_latest_final_GF8Mult244.gml,83,148,8,8,3,24,19,3.57,True
automated_osu035_openmsp430_latest_final_DE0_NANO_SOC_QSYS_jtag_uart_scfifo_r.gml,32,16,0,16,0,0,0,1.0,False
automated_osu035_openmsp430_latest_final_openGFX430.gml,17786,40316,76,102,41,4438,2364,4.53,True
automated_osu035_rs_encoder_decoder_latest_final_GF8Mult250.gml,67,105,8,8,1,18,14,3.13,True
automated_osu035_cookbook_final_ring_counter.gml,32,16,0,16,0,0,0,1.0,False
automated_osu035_openmsp430_latest_final_omsp_watchdog.gml,298,523,33,20,0,46,65,3.51,False
automated_osu035_cookbook_final_fec_rot_31.gml,421,742,32,32,45,108,166,3.52,True
automated_osu035_xgate_latest_final_bus_arbitratio.gml,604,845,142,98,0,108,40,2.8,False
automated_osu035_hight_latest_final_CRYPTO_PATH.gml,2150,4561,103,64,45,692,272,4.24,True
automated_osu035_cookbook_final_fec_rot_25.gml,327,561,32,32,24,78,110,3.43,True
automated_osu035_tiny_tate_bilinear_pairing_latest_final_f3m_add.gml,2134,3395,388,194,0,485,97,3.18,False
automated_osu035_iwls_final_vga_csm_p.gml,44745,109790,85,66,0,9382,1364,4.91,True
automated_osu035_iwls_final_pci_mas_ad_load_crit.gml,7,6,3,1,0,0,0,1.71,True
automated_osu035_cookbook_final_fec_rot_19.gml,338,586,32,32,13,104,55,3.47,True
automated_osu035_iwls_final_s386_.gml,123,252,9,7,0,32,23,4.1,True
