11631
2935
13720
2935
13941
13915
11244
13915
14057
13915
12483
13915
8943
13915
12381
5201
5202
5201
12580
13907
1752
10198
11661
5071
5945
4820
1650
13912
13843
12264
11116
13835
11116
9389
10980
12253
12482
5529
13912
11110
13912
13966
13912
5231
10309
6919
1420
1021
6873
4191
5865
4191
13440
10228
7350
11006
199
230
12413
12268
14147
12268
609
610
811
610
5840
2148
3794
2148
495
220
221
220
494
220
240
220
295
220
254
220
11845
11389
5981
4923
757
580
685
580
2665
7506
1596
11601
11295
11601
6656
11601
10240
9230
8121
9230
49
69
7
69
111
519
9220
3110
9704
3110
6349
3110
3085
9978
8762
3857
9367
3857
10293
3857
12473
3857
7838
14074
9965
14074
11301
9543
843
1516
850
1516
926
1516
1211
1516
1054
1516
847
1516
1375
1516
853
1516
5200
14083
5418
4893
7323
12716
5937
12716
13411
12716
3878
8248
3300
7608
8528
7608
3180
7608
13210
7608
10739
7608
13121
7608
4118
7608
4113
7608
12973
7608
4122
7608
13256
7608
8538
7608
11922
7608
4123
7608
13334
7608
10751
7608
4112
7608
13320
7608
10741
7608
10746
7608
3761
7608
4127
7608
4119
7608
7214
7608
8530
7608
8517
7608
10737
7608
12938
7608
2230
7608
10735
7608
3727
7608
10747
7608
8539
7608
7246
7608
10740
7608
6791
7608
13143
7608
1845
7608
3406
7608
10733
7608
4120
7608
8529
7608
13029
7608
13036
7608
10748
7608
10727
7608
1926
7608
5315
7608
8503
7608
10752
7608
13340
7608
13510
7608
4722
7608
5320
7608
3147
7608
1883
7608
5785
7608
9413
4965
9884
11631
11978
11631
9921
11631
9401
11631
9408
11631
13830
11631
2606
2608
8057
2608
4098
2608
3649
2608
1804
9200
1790
9200
4158
6306
8596
6306
705
359
235
359
276
359
5825
2213
4886
2213
5945
2213
5389
2213
10955
10922
4460
2414
9209
1700
1715
2465
10103
9960
14027
12046
14027
13081
12962
7035
7832
11486
10013
11487
10013
5890
8038
11528
2778
11325
2778
12533
2778
13662
2778
11031
2778
9838
2778
2321
8755
1534
1013
5348
6803
2499
2513
8614
2513
13589
10892
3513
2954
6830
2954
9979
9540
5659
11974
6502
8146
3222
10538
3998
10538
9475
5541
4152
9153
4134
9153
12397
4485
10462
4485
6902
5366
9604
7476
9620
7476
9787
2601
10264
2601
8853
2601
8695
2601
3355
3767
6897
4009
3400
4284
11693
4284
8764
4284
11012
4284
10266
5825
10996
13629
12590
12589
12590
12589
5173
8942
3214
8259
1023
1342
1661
1662
13286
5776
12131
8790
9839
13380
13527
13380
6494
13380
6446
5863
69
633
454
633
2070
9272
3550
9705
1832
9705
3321
10636
4684
10636
1916
4308
5420
5795
12265
5575
6620
5575
13835
5575
1902
4859
11189
3392
8649
7230
7271
7230
13218
9023
9149
9023
4676
2292
4666
2292
1377
1059
4155
7978
1825
7978
10410
8884
4635
12034
3845
12034
5410
2458
3687
2458
5917
11315
9197
7091
8536
7091
3631
2383
4702
2383
4665
12951
11961
12951
3358
7832
9506
6636
9506
6631
9506
2224
3483
2626
8993
7977
9608
5741
9608
1963
4149
6803
6340
3694
6340
3818
6340
3188
6340
6368
6340
13451
6340
7642
6340
3693
6340
1905
6340
1788
6340
3555
6340
13091
6340
1683
6340
12980
6340
1766
6340
7660
6340
11599
6340
1694
6340
13287
6340
1782
6340
3205
6340
4147
6340
7655
6340
4178
6340
4140
6340
1849
6340
3411
6340
1689
6340
4138
6340
3472
6340
1805
6340
4180
6340
3701
6340
7643
6340
3799
6340
3153
6340
6802
6340
4155
6340
4162
6340
1735
6340
1947
6340
13250
6340
8060
6340
4137
6340
1717
6340
1825
6340
3202
6340
3456
6340
2486
6340
1701
6340
3501
6340
5801
6340
4145
6340
4736
6340
4151
6340
1712
6340
1759
6340
3277
6340
13189
6340
3265
6340
4167
6340
3851
6340
12881
6340
1743
6340
667
336
385
336
670
336
3775
7200
8634
7200
6168
6612
6155
6612
8197
11537
5004
11537
5017
11537
9674
9065
9675
9065
6730
9065
5348
4747
773
759
3374
6960
5770
7543
10115
7543
1539
1374
3850
13366
9339
12286
6424
8556
2186
13308
13971
13953
13996
13953
5608
13953
3801
11043
7433
8971
5198
8971
2413
10610
12023
3813
12438
3813
4447
3813
851
857
973
857
927
857
844
857
848
857
854
857
842
857
840
857
3734
2001
4222
2001
1607
4512
12711
8658
12485
8658
2180
13045
3300
3062
8528
3062
3180
3062
13210
3062
10739
3062
4118
3062
4113
3062
12973
3062
4122
3062
13256
3062
8538
3062
11922
3062
4123
3062
13334
3062
10751
3062
10729
3062
10149
3062
4112
3062
8047
3062
13320
3062
10746
3062
3761
3062
4127
3062
4119
3062
7214
3062
8530
3062
8479
3062
8517
3062
6332
3062
10737
3062
2230
3062
10735
3062
3727
3062
8539
3062
4669
3062
10740
3062
6791
3062
13143
3062
1845
3062
3406
3062
10733
3062
10713
3062
4120
3062
8529
3062
13029
3062
13036
3062
10727
3062
1926
3062
5315
3062
8503
3062
10752
3062
8483
3062
13340
3062
13510
3062
4722
3062
9204
3062
5320
3062
3147
3062
1883
3062
5785
3062
5449
3155
13400
3155
10403
6985
6614
6985
2580
10629
5042
2257
2174
2257
9820
5405
8844
11040
11774
12515
7755
4761
11471
4761
10232
4761
12501
4761
5636
5627
6118
5042
13883
5042
6995
5042
9484
5042
5572
5042
14115
5204
4502
5204
10408
4419
3289
4014
13976
9476
12406
9476
12407
9476
6547
13641
4547
12669
13106
12957
8118
7272
12973
10599
4112
10599
10855
7705
4249
7705
8684
7705
4231
7705
6883
7705
10256
7705
12860
7705
10841
7705
1783
7705
5844
7705
10860
7705
7729
7705
4254
7705
1769
7705
1710
7705
6887
7705
1733
7705
10240
7705
6885
7705
3668
7705
5852
7705
6878
7705
4251
7705
10238
7705
1693
7705
4246
7705
12282
7705
8116
7705
4253
7705
8121
7705
6863
7705
4237
7705
5875
7705
4235
7705
10239
7705
4261
7705
3076
7705
10249
7705
8117
7705
10852
7705
12934
7705
5869
7705
8686
7705
5853
7705
8668
7705
4822
7705
3659
7705
10242
7705
4240
7705
8134
7705
12670
7705
7290
7705
4227
7705
4259
7705
1719
7705
10236
7705
1744
7705
13134
7705
1906
7705
5866
7705
4763
2557
5462
4848
6981
4848
11498
10513
8308
10513
11530
3050
2341
3050
7221
3050
3889
12337
6140
5597
5612
5597
13859
10391
5412
5388
2331
3966
4442
11227
14000
8220
11605
11604
1547
1581
3382
1581
13064
8103
13273
8103
3593
6465
13498
6465
11823
6465
6964
6465
7768
9832
3177
3134
6438
8013
8493
8013
12258
8013
3133
2008
4150
2008
5736
6264
6443
6846
4835
6393
2329
8649
13360
7209
13446
7209
13076
8491
2448
3980
4166
7540
4168
7540
9931
11197
14103
11197
11989
11197
7216
10146
2739
10038
11439
4714
9156
7132
5675
1438
6789
6343
10283
6423
2545
2595
5308
11971
1724
10214
2607
4625
2609
4625
5038
13653
12539
6140
503
781
3386
10415
12014
11556
5038
11556
4409
4407
334
302
128
302
346
302
6838
3287
13857
9787
5127
11658
13837
11658
10399
11658
5734
4595
8408
4595
7584
4595
4638
3587
4594
3587
12121
12413
1608
12413
5215
12413
1460
1086
2943
2946
2947
2946
2135
4070
4177
4663
6036
5503
1991
2003
12680
10925
3300
5395
3300
11032
6525
3968
2400
5269
2400
2832
9034
2844
8315
4446
12023
2564
6841
14034
11884
5571
13758
1714
1721
5350
7217
2322
4076
2214
13488
8027
12065
7636
12065
10154
12065
158
784
10731
10141
10754
10141
7263
10141
5786
10141
9291
10141
6804
10141
5789
10141
12913
10141
5778
10141
10182
10141
10743
10141
4712
10141
6845
10141
8049
10141
8177
6495
4917
8537
13692
11993
13692
11993
4600
5258
11733
5258
10929
10261
10908
10261
4935
10261
6990
6563
12398
6563
8003
2453
9125
2453
1807
10855
9198
2388
3748
2388
11629
11649
4767
10082
4796
10082
5411
10082
3353
4164
7188
13635
7325
5974
7325
11251
12356
5232
7445
5764
3488
7206
3488
8490
3488
2792
4577
2946
13301
3355
7773
12957
12936
13201
12936
13026
12936
13071
12936
11945
12936
3500
12936
6895
12936
7288
12936
11644
12936
11238
11220
5355
8604
10231
8604
12174
7244
9357
7244
8240
8227
9042
7866
3944
7866
8508
5745
3200
5745
13540
7295
10916
7295
8739
7295
13631
7295
10861
7295
4871
7295
8621
12853
8563
12853
11367
3169
5992
3169
2088
3694
7516
6235
7117
6235
9467
5074
10311
2972
5495
2972
13669
2972
13781
2972
9446
8197
9456
7363
8888
7363
13833
7363
5076
7363
5096
7363
12219
7363
12420
9888
4263
9621
1793
1804
9406
5473
4663
11491
4698
11491
4659
11491
3781
11491
4679
11491
11932
11491
3562
11491
4682
11491
5304
11491
13257
11491
4689
11491
2914
11491
4667
11491
3238
11491
3631
11491
4697
11491
4676
11491
6334
11491
4695
11491
3840
11491
4681
11491
3486
11491
4702
11491
3560
11491
3268
11491
4691
11491
4700
11491
4709
11491
3231
11491
4686
11491
4693
11491
4675
11491
3270
11491
2120
11491
4677
11491
4696
11491
3485
11491
4701
11491
3257
11491
3235
11491
4708
11491
4673
11491
4687
11491
3321
11491
4660
11491
4685
11491
3195
11491
4703
11491
4678
11491
3112
11491
3003
11491
4658
11491
3247
11491
4684
11491
12906
11491
5302
11491
13413
11491
3256
11491
13322
11491
4688
11491
4666
11491
13172
11491
3173
11491
4705
11491
9350
6434
13380
3496
10492
1380
4944
10247
8785
5332
13998
13941
2257
12592
11236
5620
13091
9654
11599
9654
10589
2941
10069
2941
7331
10890
5631
6143
6545
13714
4386
13714
7353
5952
11659
5952
7528
5249
9050
5249
10551
6677
10569
6677
8481
6739
7614
6739
13500
6739
11401
12622
10245
4185
10872
4185
2307
3196
515
819
8081
3818
12374
3818
10273
3818
8983
5186
6980
8175
2580
4042
7750
10662
11014
4934
4354
13805
11734
13817
13873
13817
3552
13817
10401
13817
8855
13558
5040
13558
6038
13558
11987
8601
10946
2796
4928
2796
11346
2796
5440
2796
1143
1117
1106
1117
6814
9217
1574
1575
1573
1575
5021
4354
6026
4354
11065
4354
11065
4354
5506
4354
3758
4354
2214
2218
5945
2218
2602
4102
4754
8389
4755
8389
9946
14009
14011
14009
11254
14009
48
768
874
1005
8707
8631
5477
1840
1842
1840
3744
1840
13090
10784
14137
14112
9541
14112
13919
11248
8249
11248
2921
3984
13860
13802
352
21
479
21
747
21
350
21
12731
2773
3656
2773
2565
13076
6319
6683
14094
14050
12128
8141
4309
2518
3831
2518
5837
12910
8619
12910
8622
12910
9752
12910
9743
12910
13983
5546
13983
5546
2000
4827
13045
10489
7068
10489
10499
10489
2746
2747
2732
2747
92
717
232
717
787
196
12641
5487
6135
5487
12624
5487
12505
13615
5917
13607
2692
13607
4447
12438
4447
12438
1141
919
890
919
3010
4321
7213
13184
11675
13184
5298
13184
3815
4797
7960
6281
3628
6281
13940
13890
14024
13890
13667
13612
7367
7787
12753
7787
3595
7787
9532
5648
14073
5648
5287
4583
4629
4583
4696
10651
3173
10651
2416
2417
3655
2417
12254
11942
11815
11942
4403
13929
11102
13929
12338
11259
5187
11259
2527
13472
6757
6696
9638
6696
12044
3317
4802
3317
9776
3317
12221
5168
6437
6875
1806
1827
1830
1827
6837
7654
8111
7654
1230
1471
1198
1471
5334
12153
13541
13514
3216
13514
1450
1506
1248
1506
1352
1506
257
179
586
179
591
179
810
179
398
619
575
619
12065
6726
5434
6907
5434
6907
3865
10175
10791
10175
4310
1995
4311
1995
11966
2143
3226
2143
10975
13475
2335
13475
10285
13475
2738
13344
10974
3161
4894
3161
8743
3161
7004
6106
787
480
8464
10582
8003
10582
4382
6016
11791
11790
12783
510
10487
510
11571
510
12952
10657
4238
10657
5289
10657
10930
9773
4303
9244
519
725
6839
12899
6849
12899
9286
12899
8109
12899
13207
12899
7258
12899
13956
9866
13563
13193
11558
13193
13600
13193
14113
5659
4500
5659
3234
4728
186
209
10922
2177
9372
2177
12355
2177
3325
2177
1634
8082
8747
9325
11117
9445
4859
12929
7289
12929
4863
12929
12527
12929
3751
12929
2517
12929
3318
12929
13504
12929
12949
12929
12518
12929
13259
12929
1760
12929
6874
12929
4833
12929
13221
12929
13235
12929
3669
12929
4840
12929
3862
12929
4841
12929
3695
12929
4846
12929
3334
12929
4855
12929
1757
12929
4862
12929
1832
12929
1772
12929
3258
12929
3364
12929
11453
12929
3679
12929
3339
12929
4826
12929
4839
12929
1747
12929
11620
12929
8659
12929
1728
12929
2867
7888
12511
7621
5918
7621
8143
7621
11281
8974
13378
9363
9833
5967
4848
1819
9411
1819
9829
1819
10937
1819
10289
2603
4355
2603
13842
2603
2440
4698
3777
3329
4741
3329
7424
11755
8488
7166
8046
7166
3246
7166
13051
7166
2310
9295
10323
10969
4317
2429
7308
2429
13074
2887
3714
2887
9762
11831
6406
11831
10254
11831
13827
6074
4404
6074
13846
6074
774
314
12651
7033
8315
8300
8311
8300
5553
9428
5531
9428
11999
9428
460
428
1571
9348
12177
7808
12411
7808
13931
7808
13928
7808
4433
7808
229
534
461
534
368
534
7173
9067
1892
4745
804
332
12652
11535
8252
4473
4477
4473
7935
3933
3976
3933
2276
4129
223
275
372
275
1235
1163
13524
9398
9420
9398
11038
9398
6023
6520
11802
11801
4710
8450
7547
8330
12894
8330
8636
11317
13461
11317
9304
11317
4652
10579
11714
10579
8651
2052
4223
2052
12517
8564
11044
8564
11343
8564
2245
8564
10304
8002
11916
2165
3240
2165
13288
13201
4430
5577
4430
5577
10859
8112
10565
3037
10546
3037
11162
6987
5582
6987
11161
6987
451
439
711
439
11759
13047
6885
8079
5814
8079
5603
11710
11711
11710
774
140
10268
3879
5444
3879
10992
3879
4872
10502
3770
3461
13100
3461
8939
13970
11533
13970
11723
6186
1655
8916
13517
9180
13853
10400
7229
2361
13430
2361
11370
5143
12752
5143
12990
4117
2159
4117
6810
4117
2144
4117
10194
4117
2200
4117
10187
4117
1981
4117
9732
4117
2223
4117
2375
4117
2157
4117
2109
4117
13216
4117
2341
4117
13098
4117
2136
4117
2168
4117
2068
4117
2098
4117
12930
4117
9727
4117
2397
4117
9718
4117
2463
4117
2130
4117
3199
4620
3240
4620
10350
4332
6517
4332
6001
4332
13779
4332
4365
4332
6228
803
12093
803
10007
803
11868
803
5673
803
12958
12470
11350
12470
3597
12544
13762
10350
11613
10350
4394
10350
9146
2616
12155
2616
7957
2616
4033
2616
14032
10430
9362
4249
4932
4249
6080
4952
12359
4952
5115
4952
6536
4952
291
284
10919
13104
13468
13104
5903
13104
7831
5595
12222
5595
5913
10836
12515
11729
7826
11729
11444
11729
5875
13014
13134
13014
4438
12335
13342
8372
3249
8372
2946
3030
480
83
3079
1599
5211
4503
14127
4503
11283
5663
4511
5663
1644
5663
10858
7707
9314
7707
11419
7707
3214
3215
12976
7926
9739
12955
10764
12955
13406
11699
5773
11699
7768
9359
7447
1171
545
267
8
267
8272
11142
8271
11142
5582
10409
13988
5625
11598
5625
13984
5625
12972
6256
13054
6256
10400
10333
10392
10333
12095
10333
9813
8762
9774
3515
7680
3515
13350
3515
9523
9939
8947
9939
1548
9939
1440
1533
3949
7896
3635
7896
7790
12517
4924
5407
9425
10953
6177
5140
909
910
12536
11394
9943
11394
14086
11394
11279
11263
3242
10704
4184
10704
2739
9092
3089
10472
8110
12990
4773
12990
3857
4258
14099
6603
14033
6603
12537
11195
9925
11195
5205
7050
14118
7050
14027
12169
8885
2090
7390
2090
1565
7632
2688
11344
4974
7320
523
113
12810
11424
11657
11424
1566
1567
6921
12742
3847
2402
3361
2402
8068
8433
13649
8433
2723
8309
2829
13061
2780
13061
9297
9122
7268
9122
9745
9122
3684
3302
8693
3302
7333
6467
7758
6467
10978
6467
5973
6467
12691
6467
13698
6467
12272
11225
13146
2485
13264
2485
6397
2128
3740
2128
893
947
7061
14173
14182
14173
11876
14173
12668
14173
3385
12108
8858
977
1327
6725
13101
6725
13101
5541
5016
5585
5016
13702
5016
5554
5016
5095
5016
12235
5106
6144
5106
5610
5106
1074
1139
901
1139
6387
10079
13053
10079
8645
13244
8643
13244
4451
6168
13476
10810
8180
1630
6137
11171
11191
11171
5597
13933
5559
13933
6600
13933
12063
8751
13616
8751
8771
8751
11817
8751
4104
9052
12560
9052
480
416
214
416
462
416
12625
13399
2112
3611
2449
13131
5625
6559
13923
6559
5527
6559
11863
6559
3857
2999
4265
2999
818
3
2
3
7351
4967
3506
2369
3129
2369
8435
2690
13591
2690
11683
2690
8420
2690
8438
2690
7594
2690
11198
3469
11592
3469
5110
3469
1859
1878
1880
1878
14146
12381
156
92
155
92
7654
11411
13244
11411
9072
11411
2647
11411
9649
11411
9561
11411
3436
11411
4584
11411
2901
11411
3905
11411
10006
11411
2886
11411
10188
11411
10011
11411
6760
11411
2667
11411
8010
11411
3926
11411
10041
11411
7161
11411
2505
11411
2852
11411
10135
11411
9071
11411
9016
11411
13260
11411
9557
11411
9239
11411
7944
11411
12968
11411
10032
11411
13487
6812
14126
7428
11594
7428
13451
10701
4138
10701
4939
9808
8197
7348
5004
7348
5017
7348
3281
5698
13072
5698
1562
7108
1917
4153
12570
10002
8345
10002
5143
7018
1908
3188
551
552
713
552
12802
12771
11825
12771
5883
10112
8454
10112
10130
10112
10847
10731
11846
7398
829
937
1501
937
921
937
4341
8684
10925
8684
5395
8684
1002
1297
1251
1297
501
354
2292
5728
2383
5728
10651
5728
2479
5728
9639
5728
7966
5728
9116
5728
2779
5728
2881
5728
8417
5728
2882
5728
2332
5728
2901
5728
9629
5728
2868
5728
8425
5728
7969
5728
8413
5728
3441
5728
8416
5728
8421
5728
7964
5728
2835
5728
10652
5728
7156
5728
7578
5728
7959
5728
8422
5728
9118
5728
10645
5728
7144
5728
10640
5728
2239
5728
7967
5728
7965
5728
7148
5728
2206
4659
12364
13293
5771
2815
4099
2815
12830
1532
12779
1532
1721
3732
2429
3732
4154
3732
3133
3732
1803
3732
3269
3732
3789
3732
12256
3732
4221
3732
13507
3732
3800
3732
3853
3732
3651
3732
1784
3732
4142
3732
4176
3732
13171
3732
1767
3732
13136
3732
13429
3732
12832
3732
13321
3732
1745
3732
1736
3732
13422
3732
13517
3732
1789
3732
4174
3732
4152
3732
3303
3732
6825
3732
3716
3732
4133
3732
1709
3732
13302
3732
4134
3732
4150
3732
1691
3732
3330
3732
13168
3732
12125
3732
13518
3732
3777
3732
1702
3732
13248
3732
3320
3732
4202
3732
13581
3732
4741
3732
3706
3732
3143
3732
13333
3732
3794
3732
4195
3732
4136
3732
8587
3732
1810
3732
4217
3732
4200
3732
3599
3598
3599
3598
6062
6548
10415
14165
7009
14165
4425
14165
1637
10976
8757
4682
8418
3238
8418
2612
2652
2657
2652
2552
2579
6371
2579
4396
8849
4396
8849
8209
6973
13972
6973
8206
6973
13549
4100
1584
6646
6205
6646
13543
5934
12554
9632
10840
9632
9376
2279
7340
2279
12351
9320
7149
11804
4025
11804
5873
5354
4967
10276
3591
6452
5797
916
1179
1228
1179
12441
10318
13493
5321
11808
9707
12163
9707
9373
9707
5456
9707
11809
9707
7747
9707
12045
9926
6625
9926
12182
9926
7719
10799
11533
5583
14038
5583
5146
5583
12019
4648
12505
4648
5878
4648
7735
4648
11582
11581
6971
11581
3765
11581
4156
2016
10200
2016
3516
7939
5100
9896
1724
13661
1748
13661
13101
12869
6265
12869
7123
12869
6723
12869
6280
12869
2845
3781
67
456
1204
1358
4791
5827
3878
4546
13726
1964
1956
1964
4936
1964
10889
1964
9461
7359
6589
7359
6995
7359
11737
11736
14112
4487
12187
4487
10867
10829
14010
13976
5970
3682
13772
3682
2137
3682
7756
3682
2718
2719
5267
2719
12495
7760
9330
8411
105
556
9265
6368
1778
1787
910
988
1193
988
5496
3593
13751
3593
13620
3593
12455
3593
8204
3593
13790
13738
5568
13738
12029
2334
9835
2334
10378
2334
4975
2334
13706
9414
12349
9414
876
1051
5502
5460
2997
3434
4121
2074
13454
2074
3703
8183
11523
11684
6196
6641
7251
9215
7223
6778
10760
6778
12566
6778
3771
7289
3645
12880
3721
12880
10
400
792
400
3047
1279
1808
4863
12503
7785
3758
7785
4294
9719
13225
9719
10690
13280
4844
4776
5384
4795
2060
4795
4955
4795
11891
4795
7237
5308
11798
11858
13670
3221
4954
3221
2203
13416
11569
10311
5572
9461
1888
1920
13813
4366
5519
5485
11500
5485
5028
5485
1627
4541
3189
12052
2840
13633
11517
13497
4362
11751
4988
11751
12254
4825
2998
3521
4102
2727
7202
2727
2605
2727
6438
5284
6868
5284
4825
4231
10874
4231
7312
4231
12066
10862
13386
7154
11575
7154
362
348
7691
12998
6900
12998
9748
12998
12466
12998
8630
12998
2085
8581
843
1197
842
1197
1936
1939
5446
1939
8829
2123
6017
2123
3473
2123
796
452
798
452
2778
10177
12163
6905
9373
6905
7747
6905
13372
2355
4175
2355
10758
12822
7229
12822
7216
12822
3456
3455
1427
1445
1514
1445
4795
13676
3051
1043
11695
12206
11361
13028
8308
13028
1848
1847
1836
1847
5923
6877
7315
6877
12370
6877
5437
8736
3641
4201
9883
9854
4620
12792
10570
12792
1874
12792
8476
12792
1734
12792
9155
12792
2009
12792
10174
12792
9228
12792
1851
12792
10584
12792
4604
12792
7170
12792
8378
12792
8429
12792
4257
5820
4801
5820
13601
5820
2509
10690
10362
11068
11994
13961
8253
13961
6644
13961
7814
6071
8013
10070
4905
5893
8164
5893
6918
5893
9826
2449
6498
2449
10944
2449
12718
2449
13362
11418
9326
9297
6205
14135
9089
2740
5724
2740
9095
2740
3349
8805
9821
12484
11757
13399
9688
10783
9688
10907
3660
11957
3660
10287
3660
9398
5965
1563
7568
5492
12653
4885
12653
1858
1873
6905
9327
9880
8804
1688
1696
1697
1696
13743
9447
11747
9447
1966
7666
3093
3092
5127
13794
13837
13794
10399
13794
10315
5923
6018
5923
10938
5923
7603
9586
3269
2171
13518
2171
1237
1227
852
1227
1351
1227
7336
4158
5712
7121
1563
10655
9657
10655
2800
3183
13036
3806
13340
3806
13916
7011
3662
11849
2456
11849
12163
5848
11431
5848
538
371
14159
12240
13602
12180
12603
11916
5809
11916
10196
11916
12623
10851
7151
2926
3960
2926
11685
8710
2579
7461
3938
7461
7494
7461
2985
7461
9112
7461
7535
7461
3534
7461
7942
7461
2529
7461
2888
7461
2476
7461
2957
7461
13025
7461
2345
7461
3925
7461
2785
7461
12741
7461
2735
7461
8402
7461
9087
7461
9633
7461
3906
7461
2376
7461
2891
7461
2968
7461
12935
7461
2359
7461
2897
7461
3577
7461
3243
7461
7595
7461
2828
7461
6543
13670
11572
13670
13800
13670
11073
13670
6594
4388
5908
9785
8750
7719
8411
4597
4645
4597
9120
4597
6525
2206
8803
2206
3589
2206
9396
2206
10967
2206
6014
2206
6599
13697
3307
13697
5105
13697
10822
10758
3625
5761
9900
4405
9917
10417
2178
3775
1042
1365
6683
2506
6318
2506
5542
12509
13702
12509
11152
12509
5728
812
5725
812
7539
812
12770
812
12067
5419
11104
5419
12617
5419
6577
5419
6566
5419
1199
904
1006
904
1839
4204
2331
4627
6056
6042
6453
6883
1463
882
13998
7024
9272
8535
8097
8535
11666
12572
4429
12572
11665
12572
3484
6497
3274
12067
3274
12067
3421
9760
11081
8831
5029
8831
10374
8831
2687
2704
4225
2704
400
637
327
637
215
637
7649
5714
10842
5714
9700
5714
1415
1271
1649
11300
4115
1986
6362
1986
3136
7215
3315
7215
2175
9289
9393
13158
782
173
4902
11564
6400
6386
5359
6386
13953
6994
5118
6994
925
1455
1491
1455
1114
1455
11104
13538
12617
13538
6566
13538
7379
8801
8854
8801
8935
7414
4268
11450
4590
8317
10628
8317
12493
11330
13770
6527
9853
6527
6529
6527
4146
10183
10778
10183
562
278
11465
2674
11493
2674
14106
14091
5793
9169
3454
9169
6973
12092
9103
9568
3956
9568
3675
3938
9147
3938
1446
1463
12471
8195
8626
10749
7243
8070
5367
8070
12702
8070
611
793
5039
1897
1896
1897
11021
1897
5034
1897
9043
6237
10104
6237
5407
7297
5406
7297
13143
8394
10748
8394
5120
11174
14029
11174
3568
5747
2499
5747
12353
7688
11940
7821
1665
8263
1560
7586
6899
12122
4786
12122
5594
8225
5536
11433
12559
5859
5645
11309
5645
11309
10832
4575
3618
4575
10594
4575
2820
8344
8163
7327
7184
8424
186
539
13850
12479
13850
12479
2261
7447
12782
7447
10306
2310
6933
2310
4207
9666
11720
9666
9792
2821
8144
2821
12170
2821
10277
2821
13680
2821
13714
3410
7305
10857
11982
11086
11989
3391
3389
3391
2057
4022
11867
13149
8815
8177
7348
10294
9258
12500
6567
5512
4831
12402
3245
2491
3958
2491
12009
13851
13924
13851
8896
13851
8752
8729
4908
8729
7195
12774
13107
12774
2243
12774
7237
12774
10140
12774
4836
11372
978
1263
544
61
4492
12243
14007
12243
4497
12243
356
645
12676
7854
9280
2159
6740
6675
13405
13266
13575
13266
9407
13266
11974
10444
3755
12530
13658
10324
4325
3605
5990
12364
203
528
10082
10570
11919
10570
403
434
2334
11762
5925
8699
13643
8699
8810
8699
11534
8699
9399
8699
12394
10245
12088
10245
238
308
676
308
564
308
2801
13208
13271
9160
9284
9160
1670
9984
9171
3955
4914
3955
3908
3955
8200
1750
1742
1750
2151
4079
14015
13968
2312
6701
8112
8059
11329
8059
7511
5682
9098
5682
6600
13906
8889
13906
7294
10812
5474
11018
13628
11018
4364
8783
10338
4972
12729
4972
13194
4972
5500
4972
6542
4972
6556
6021
205
334
771
334
5591
11108
6892
5870
8718
5870
5635
6111
199
532
10662
6731
7739
6731
13085
6731
78
312
86
312
542
312
13184
7518
14042
13992
324
282
435
282
638
282
10468
11282
10476
11282
14137
11282
11242
4453
11834
4453
14065
4453
13298
9185
4963
5915
805
783
9360
10110
11111
9871
5539
6054
8324
10020
9037
10020
875
967
873
967
2962
4909
10138
2949
6770
2949
12465
11468
12342
11468
7218
12708
7616
2837
12497
2837
8040
2708
2687
2708
5300
2708
5583
5557
12589
6810
6393
6810
12590
6810
1831
1852
1646
8238
3061
1461
5185
13995
12129
7171
10843
7171
10840
7171
12478
13799
8383
10559
13191
10559
1611
9533
7222
7616
14083
14026
5200
14026
3641
3199
3293
4930
7842
12189
8528
9249
8528
2825
9302
2416
10129
6778
6318
9545
1615
4516
1615
8966
10452
9966
10452
4874
4278
9746
8596
10216
8596
5832
8596
7260
9223
1983
3180
13547
6799
13455
6799
12492
10099
9550
9365
8136
11563
8136
10289
8136
4255
9265
10816
9265
9292
9265
6473
3499
7748
3499
13420
3499
7240
13081
6816
13081
5313
13081
5419
4900
12379
8498
7108
3934
10089
3934
10799
6829
13385
6829
7709
6829
10534
2678
10533
2678
6886
8626
9222
9193
10168
9193
8640
8048
8638
8048
8854
1890
1884
1890
13902
9464
3166
9517
8932
1764
1762
1754
1762
4242
12975
2698
2701
11325
2830
2833
2830
12533
2830
13662
2830
4683
8352
2042
3667
12540
4813
4090
10548
3780
10548
585
471
11149
5551
13805
9769
471
121
476
121
131
121
10327
10973
2875
11988
10170
11988
8013
10646
12138
14180
11383
4316
5481
4316
4092
6276
11714
6276
886
908
906
908
5504
9379
9404
9379
8825
9379
8809
9379
2887
12807
2909
12807
2500
12807
12888
12807
12325
12807
9655
12807
8077
12807
7094
12807
3042
12807
13084
12807
3014
12807
6750
12807
10087
12807
5685
12807
2731
12807
13133
12807
2269
12807
5746
12807
2963
12807
2750
12807
6702
12807
8419
12807
7644
12807
3028
12807
7196
12807
10668
12807
10532
12807
2788
12807
2848
12807
3056
12807
3626
12807
3528
12807
10832
8110
3618
8110
10246
8110
13101
12941
6688
12941
1543
8213
9040
7871
8324
7871
5890
12044
7732
8020
6014
10987
3343
9518
684
176
5930
6400
11451
6400
645
616
355
616
3809
3438
4617
3438
4237
2078
3659
2078
11990
12361
10064
9009
6489
3530
12266
5989
11772
5989
13636
5989
6520
6502
11009
6502
5459
6502
4035
9119
8482
9119
4852
2338
3750
2338
14143
3910
4504
3910
2566
4679
2822
11486
6334
3015
3235
3015
1374
1127
1511
1127
1142
1127
1161
1127
5881
4737
2761
7533
13188
9616
3572
9616
2799
3230
11761
11547
2209
6350
4840
1931
4892
1931
1384
1339
1456
899
9780
6430
8152
6430
7737
6430
59
690
1278
929
5713
10059
3978
10059
4379
11033
718
352
363
352
8692
2991
3755
2991
3650
7984
7665
7984
5575
8878
1300
1097
1333
1097
941
1097
580
554
725
554
79
554
516
448
4641
4602
4936
1963
1957
1963
13684
1963
9482
5562
3593
13367
5569
6579
2796
2799
2794
2799
4730
13035
5338
13035
783
94
6324
12314
9267
12314
10552
12314
1982
12314
7974
12314
8338
12314
8437
12314
3538
12314
10564
12314
2389
12314
6699
12314
6259
12314
9178
12314
5299
12314
8361
12314
2026
12314
1930
12314
8356
12314
2349
12314
10659
12314
2063
12314
7549
12314
6706
12314
10553
12314
3071
12314
8446
12314
2038
12314
13060
12314
9583
12314
10717
12314
2708
10520
819
206
542
206
9537
5191
9982
5191
4027
9072
13508
9072
12276
11712
12277
11712
1891
4135
1464
1143
5281
6704
3118
6704
8229
3237
537
293
12464
12397
12528
12397
11284
12397
1813
1816
8842
5032
6456
11561
6475
11561
5379
11561
6967
7769
4239
2426
4280
2426
1705
11050
8211
11050
13944
6124
10960
6472
12198
6472
5578
6472
12030
3326
7397
3326
13705
3326
5554
3326
4423
3326
7663
11966
3661
10603
4020
10603
13725
5469
5489
5469
1457
1451
1524
1451
1428
1451
1459
1451
1456
1451
1536
1451
1458
1451
1061
1451
1529
1451
12887
3537
4758
3537
2940
12347
3392
7379
6603
7379
9463
7379
11713
7379
6991
7379
859
1002
861
1002
7051
12427
11796
10467
11289
10467
6491
4838
11847
12605
11997
6094
6601
6094
12526
6094
10769
7223
6430
5764
5802
12107
3754
12107
2263
8639
1893
4154
5297
9030
6526
8777
5173
12017
4865
6836
7291
6836
8788
6836
4300
6836
966
1360
889
1360
896
1360
898
1360
891
1360
957
1360
959
1360
1415
1360
1414
984
1247
984
5916
7302
13714
9842
5012
9842
13356
8129
9351
8129
12700
8129
7308
5374
5848
6409
12771
500
12769
500
10568
500
13344
9000
8332
9000
5312
6333
13443
10256
10870
10256
13080
10256
5318
10048
9210
10048
7655
7193
7949
7464
7950
7464
2230
7142
13036
7142
9223
8367
5328
8367
4314
8099
2691
11514
8844
6953
10754
7550
7266
7550
1683
10136
1689
10136
4145
10136
5847
7265
1246
1151
604
199
8930
9481
1076
1251
3044
1031
1582
11878
3332
5499
7349
10883
8932
6150
12580
6150
13969
6150
9939
5613
14064
5613
10353
11024
13226
13064
12804
4756
4883
4756
3453
4756
2682
2695
3477
2695
13344
10497
7888
10497
13081
10497
9030
10497
4590
10497
3814
10497
4638
10497
4580
10497
10534
10497
8313
10497
3645
10497
7954
10497
9020
10497
11481
10497
2648
10497
3322
10497
7493
10497
4598
10497
3721
10497
9033
10497
7517
10497
5738
10497
2339
10497
7953
10497
7110
10497
9035
10497
4594
10497
5723
10497
10533
10497
7497
10497
4646
10497
7868
10497
10529
10497
9019
10497
10577
10497
10595
10497
7150
10497
4610
10497
7088
10497
8305
10497
7891
10497
9062
10497
9029
10497
4592
10497
11898
10497
3442
10497
7894
10497
8303
10497
4572
10497
7084
10497
7114
10497
7906
10497
3860
10497
7897
10497
3657
10497
7522
10497
8332
10497
10628
10497
10526
10497
6299
10497
10693
10497
13165
10497
7113
10497
3298
10497
7900
10497
5719
10497
3571
10497
7955
600
12184
600
11853
600
12789
600
2541
13278
863
1079
1322
1079
865
1079
1442
1079
6592
5529
13697
10386
8189
10994
476
757
584
757
1319
990
1510
990
1160
990
1466
1354
1205
1354
6535
12567
7506
12885
3110
12885
4595
12885
9034
12885
4577
12885
4597
12885
10520
12885
7086
12885
3809
12885
4613
12885
4609
12885
8320
12885
4617
12885
4615
12885
6732
12885
10515
12885
7486
12885
10517
12885
9040
12885
10537
12885
8318
12885
5255
12885
8324
12885
6712
12885
11579
12885
3803
12885
4656
12885
2742
12885
2749
12885
10540
12885
9037
12885
4640
12885
2649
12885
7525
12885
10524
12885
2782
12885
10551
12885
10536
12885
8322
12885
5276
12885
10541
12885
3213
12885
12923
12885
8312
12885
3470
12885
9041
12885
3253
12885
4552
12885
10569
12885
4607
12885
3118
12885
3107
12885
2621
12885
3290
12885
6255
12885
10531
12885
9054
12885
2827
12885
3797
12885
6285
12885
3104
12885
10516
12885
10542
12885
7664
10527
13127
10527
671
356
8766
8712
14012
12072
4493
1582
3730
2124
3337
2124
1621
9067
7494
13187
7494
4498
14144
5186
12119
4467
12119
57
187
5107
12009
10848
6851
4015
9044
4038
9044
5512
2522
13583
2522
11066
2522
12706
2522
4381
2522
10329
2522
11584
8027
8200
7780
5083
7780
8882
7780
13600
13563
13600
13563
3165
3184
9511
11213
9549
11213
10969
6417
12677
6417
9345
6417
6906
12860
7276
6758
3316
6758
12098
2902
11429
2902
2823
2902
8567
8547
6385
8547
2738
7524
867
1345
1084
1345
11108
7370
895
1001
893
1001
1873
1874
1865
1874
1721
10151
2429
10151
4154
10151
3133
10151
1803
10151
3269
10151
3789
10151
12256
10151
4221
10151
3725
10151
13507
10151
3853
10151
3651
10151
1784
10151
4142
10151
4176
10151
12904
10151
1767
10151
13136
10151
13429
10151
3481
10151
13321
10151
1745
10151
1736
10151
13422
10151
13517
10151
1789
10151
5375
10151
4174
10151
4152
10151
3303
10151
4133
10151
1709
10151
13302
10151
4134
10151
4150
10151
1691
10151
13168
10151
12125
10151
13518
10151
1702
10151
13248
10151
3320
10151
4202
10151
13581
10151
4741
10151
3706
10151
3143
10151
13333
10151
3794
10151
4195
10151
4136
10151
1810
10151
4217
10151
4200
10151
1527
877
4701
2222
13172
2222
13794
13740
6337
7997
5051
5480
5097
5480
11069
5480
2415
8486
11614
12946
10269
12946
5401
7234
4868
7234
10851
2073
3138
2073
5471
2073
2072
2073
5859
3433
6872
3433
13102
3433
2040
13451
3167
9511
8786
12673
836
1243
1270
1243
2611
7086
1043
1023
976
1023
9227
6294
4097
6294
9226
6294
12256
2333
4176
2333
9635
9017
9584
9017
11778
11777
5585
12030
1657
7435
15
88
10151
11639
3800
11639
13171
11639
3716
11639
13004
11639
3330
11639
3777
11639
13306
11639
5787
11639
10698
9107
7643
10675
3501
10675
8756
6444
2803
4006
6787
6324
3176
6324
8171
8162
8564
8514
502
454
97
548
7140
6245
8387
6245
8139
3594
6533
11367
7621
5735
13189
5735
4449
6570
13485
12000
1378
1239
4496
8966
10919
6749
13468
6749
5903
6749
13792
1968
13640
1968
6052
1968
3395
1968
819
195
686
195
531
195
485
195
86
195
10202
5239
11718
5239
6949
4882
5465
4882
2558
3961
10178
10157
5319
10157
10756
10157
12481
12291
13220
12291
10882
12291
3163
7174
6396
7174
13678
6133
8605
8561
13235
8561
7702
7692
12218
5342
13266
5422
13266
5422
9336
10237
11
66
638
66
351
66
809
516
7798
9874
1560
3135
2047
4193
2047
10875
7722
13883
5088
938
993
1411
993
1102
993
13873
12420
2555
6857
5416
5392
9433
5510
4205
4670
4775
4670
10646
10027
3569
10027
7334
9780
11970
13763
9680
8468
7939
8282
3979
8282
9742
12185
11679
12185
7711
12185
5633
9494
13952
9494
10418
14124
3801
14124
6948
14124
11604
12552
7316
12552
6953
4944
4374
4944
12071
4944
6945
4944
8187
13816
6069
13816
5083
13816
6090
13816
10728
6311
11373
6311
8067
2107
4110
2107
12071
9370
268
571
413
571
193
571
11306
8151
8165
8151
4040
2673
2672
2673
5247
9997
2621
9997
10542
9997
13586
13540
11244
11238
14057
11238
8943
11238
13336
13178
13370
13178
14136
14107
9950
9524
10386
13606
6087
13606
11860
13606
8869
13606
11128
13606
11897
13606
6124
12448
3553
12448
10387
12448
14022
12328
12045
12328
1841
4146
8309
7481
6682
7481
11159
13668
5214
12160
12697
10368
5378
5371
11324
2647
7072
2647
12105
5536
11160
5536
11355
5536
6169
5536
7037
5638
9538
5638
5655
5638
14156
5638
10698
10641
12686
12687
6150
12298
6595
12298
1827
10778
11784
11783
1505
1071
909
1071
9568
12819
2127
12819
13018
12819
2235
12819
2337
12819
9194
12819
2504
12819
6320
12819
2354
12819
13275
12819
2199
12819
9571
12819
10117
12819
10522
12819
7093
12819
4907
5781
12461
13249
9282
9692
3787
5066
4302
12754
6453
5802
13694
11352
3070
11352
5089
11352
428
339
352
339
20
339
3530
11932
5906
11932
11786
11932
1618
5196
6726
2985
3942
2985
5359
3822
8773
8157
4856
13394
3076
9722
8135
9722
2542
13210
14177
6655
1677
6655
12523
6008
10361
6008
5509
6008
5523
6008
13785
6008
3885
5226
6013
11011
2004
4141
3000
4590
9484
6118
9484
6118
9622
7874
9580
7874
13301
8988
11699
8988
8309
8988
10559
8988
11498
8988
11323
8988
12368
8988
4600
8988
10523
8988
6660
8988
4623
8988
6224
8988
12570
8988
7903
8988
3662
8988
11400
8988
2456
8988
7099
8988
2641
8988
11361
8988
4624
8988
13105
8988
8345
8988
9994
8988
9588
8988
4603
8988
3514
8988
2632
8988
6659
8988
11474
8988
4582
8988
6682
8988
9022
8988
13317
8988
6689
8988
12820
8988
9637
8988
9051
8988
10085
8988
9036
8988
3913
8988
6221
8988
11650
8988
2768
8988
13304
8988
3861
8988
4596
8988
13179
8988
10549
8988
11583
8988
10578
8988
8308
8988
5699
8988
11503
8988
10661
8988
3912
8988
2637
8988
7499
8988
5674
8988
7541
8988
3119
8988
9039
8988
11913
8988
11733
8988
7893
8988
7485
8988
13942
11121
13942
11121
11165
11154
8213
9435
9894
9435
6092
11596
609
432
353
432
11352
6862
6066
6862
6565
6862
6901
6862
5063
6862
13366
9234
4745
9234
4737
9234
12185
9234
7684
9234
3664
9234
12812
9234
1823
9234
3313
9234
4750
9234
5339
9234
13236
9234
4740
9234
3267
9234
13177
9234
1814
9234
13141
9234
3871
9234
13213
9234
3327
9234
3536
9234
13160
9234
8086
9234
8565
9234
13173
9234
8592
9234
3497
9234
3286
9234
4752
9234
3405
9234
13346
9234
8090
9234
7686
9234
7693
9234
5812
9234
4726
9234
3673
9234
7253
9234
3674
9234
13251
9234
13437
9234
13283
9234
13374
9234
13291
9234
1903
9234
4754
9234
4732
9234
8571
9234
13418
9234
6373
9234
4746
9234
3407
9234
12976
9234
3670
9234
4755
9234
13097
9234
13276
9234
8597
9234
3171
9234
4757
9234
13376
13285
4793
4172
10574
7511
9751
3969
6852
3969
7278
3969
411
328
5944
10905
6534
4917
13707
11528
6029
11528
11529
11528
5145
11626
5144
11626
5918
10877
7421
12459
8033
3021
3517
3021
7501
7068
7100
7068
13560
1925
3726
1925
2604
12721
7866
4555
6235
4555
5249
4555
2674
4555
9568
4555
12941
4555
3930
4555
2765
4555
3033
4555
6669
4555
6233
4555
7878
4555
2578
4555
2713
4555
12642
4555
2459
4555
10564
4555
8294
4555
7479
4555
9592
4555
5681
4555
10076
4555
12035
4555
4571
4555
7513
4555
10543
4555
2863
4555
2473
4555
10654
4555
2952
4555
2741
4555
8286
4555
2395
4555
7898
4555
11681
4555
2814
4555
9007
4555
10051
4555
7886
4555
13049
4555
10512
4555
2781
4555
10507
4555
10505
4555
2854
4555
2396
4555
6274
4555
6665
4555
6257
4555
5678
4555
7477
4555
7069
4555
9585
4555
2951
4555
2897
4555
10539
4555
9016
4555
9004
4555
9001
4555
3403
4555
2592
4555
2374
4555
2788
4555
2982
4555
2666
4555
2432
4555
5924
5879
2739
11498
2697
2703
8103
10162
1780
10162
6843
10162
10256
12903
5875
12903
10224
13282
8641
13282
9209
6690
10716
6690
1467
1063
2510
2514
9968
11270
1672
11270
4206
1951
6404
1951
14093
9958
7832
7816
5577
7816
6636
7816
6631
7816
14001
7816
11546
11545
2999
3250
13529
9338
12331
9338
6064
9338
5027
9338
5125
6610
10883
4735
4876
4735
6535
4735
5463
4735
3604
3988
2448
12983
4197
2953
6383
2953
232
410
11263
7043
12739
7043
12377
7043
1800
3550
5473
2214
5460
2214
4986
2214
2205
2214
1790
9671
1771
9671
12250
7313
5927
7313
11915
7313
11043
10985
6948
10985
3372
2472
11364
2472
8616
8440
11909
8440
4061
4057
9671
7591
2441
7591
2384
7591
4126
7591
3187
7591
3763
7591
13132
7591
12939
7591
11929
7591
2466
7591
12879
7591
2379
7591
2198
7591
9672
7591
7196
7591
9176
7591
6921
3372
6451
3372
8405
3372
1391
1496
946
1496
601
657
3068
5670
11749
2441
12959
2441
7834
8908
13064
13037
13161
13037
8700
13037
10411
13719
13845
13719
12082
4510
14161
4510
11734
4392
3552
4392
10401
4392
3341
11130
11091
13922
6088
5087
6088
12210
6088
5405
5882
4898
5882
3655
4239
12892
10612
456
380
11349
12534
7119
2716
2715
2716
13933
10340
5455
2112
5470
2112
2092
2112
11852
2112
1575
4422
5139
4422
8183
4342
1507
1407
1270
1407
1364
1407
7420
5133
11235
5133
5639
5133
1129
1453
1498
1453
997
1453
13711
10960
12223
12224
2407
12607
2628
8279
1699
5668
4529
5228
10465
7896
7456
2369
7456
10059
7456
7464
7456
8282
7456
7904
7456
9564
7456
3736
7456
9013
7456
2888
7456
8295
7456
10509
7456
10530
7456
7468
7456
6282
7456
6699
7456
12363
7456
7482
7456
3525
7456
2772
7456
7465
7456
2490
7456
2256
7456
9563
7456
2401
7456
10550
7456
12061
7456
7079
7456
10018
7456
10011
7456
9014
7456
7883
7456
4566
7456
2354
7456
2892
7456
12815
7456
3006
7456
7478
7456
2955
7456
5701
7456
8290
7456
8307
7456
2469
7456
2353
7456
2533
7456
5680
7456
2342
7456
7466
7456
2306
7456
6262
7456
2925
7456
2816
7456
9008
7456
10026
7456
7469
7456
10508
7456
7879
7456
9049
7456
10566
7456
2520
7456
2894
7456
10532
7456
2497
7456
2893
7456
3440
7456
7097
7456
12550
12345
14070
12345
14044
12345
12019
12425
5878
12425
7735
12425
6922
11703
4842
11703
7695
3809
8831
11921
13882
10264
2321
10846
1515
1465
883
1465
1253
1465
1105
1465
6794
9173
6619
10393
8922
10393
5628
10393
12011
10393
13993
10393
11205
10393
560
559
6
559
639
559
2176
4613
5162
5150
7435
4499
10461
4499
3346
7054
9949
4413
12463
4413
12463
13162
2446
3229
2446
2024
9252
9426
12194
13627
13378
13501
13378
9862
10343
5133
10423
13378
12395
3293
11132
11854
5756
9742
5756
6780
5756
7045
7040
6200
7040
11889
7040
9034
8293
10524
8293
3388
8826
1965
7267
11250
6629
2526
3262
456
665
68
665
200
41
750
41
62
41
863
1217
942
1217
1238
1217
3834
2900
9143
2900
9625
8365
14071
4480
11726
4480
6136
6599
13615
3562
11678
3562
8051
3562
10301
11954
9432
6513
9895
6513
8650
8443
9290
8443
4018
8323
7146
8323
3468
13771
13658
8796
5858
6391
6195
12015
5991
8775
11528
11334
3812
12732
1932
1936
4360
1936
4368
1936
5476
1936
6596
12105
1705
8202
11885
8202
7375
8202
2160
7642
476
536
365
536
12603
13519
5809
13519
10196
13519
5915
13310
7751
13310
6920
13310
8742
1989
10893
1989
10924
1989
8631
8576
12722
8576
8635
8576
8911
5118
11478
5118
6152
5590
11565
13924
10139
2917
10138
2917
4339
4226
11686
4226
10349
4226
6078
5008
6077
5008
2534
3711
13561
4802
6572
6066
1088
1259
7988
2862
3666
2862
13436
13349
3601
8678
2135
4196
8789
8741
1718
1730
1729
1730
2455
4013
1799
1801
5212
12211
8262
12211
9440
7338
8811
7338
11994
6198
8253
6198
6644
6198
6053
2790
9400
2790
7369
2790
7786
2790
4663
7958
4703
7958
10332
9816
13449
13382
13559
13382
4317
4879
5555
3598
2509
13548
2509
3599
2509
13679
2509
13652
2509
1940
3133
13533
10919
10589
2929
3819
2929
6610
7006
11206
7006
5112
7006
12034
6228
2454
6228
12960
6228
5693
6228
6719
6228
6672
6228
2487
6228
2255
6228
7483
6228
9593
6228
12843
6228
12814
6228
9590
6228
12558
6228
2830
9591
2193
13443
2673
7116
5061
6980
678
250
13389
9187
9832
5917
9831
5917
7767
5917
8179
5917
13525
2209
4926
2209
4301
9313
7704
7671
7713
7671
7719
13385
9934
14004
1120
1362
3176
2156
3412
2156
9121
2752
7575
2752
8410
2752
1726
1737
1716
1737
7339
1808
1796
1808
11729
6538
8430
8406
1783
9267
1769
9267
13947
3698
13947
3698
14109
14097
6192
14097
9851
3632
9383
3632
9814
3632
3128
3632
1941
12089
784
653
406
653
270
653
13532
9642
11893
9642
11321
9642
1163
1443
1500
1443
1069
1443
3326
3484
4333
5944
11255
6636
817
794
3359
2384
13516
2384
6033
13571
6065
8839
4907
12805
6485
12805
12834
12805
12917
12805
13295
12805
4564
1440
7007
9456
160
791
2378
3814
5032
10306
12247
10306
5520
10306
5056
10306
10357
10306
5734
4638
8408
4638
7584
4638
7350
6922
6027
6922
2601
4781
4389
4781
333
298
518
298
12117
13977
11746
10803
5907
6892
2601
2850
4790
2850
1265
1186
1526
836
8839
11746
6552
11746
8837
11746
8850
11746
11055
11746
13582
11746
3306
4536
4371
962
885
2712
7949
13056
12977
5873
7252
2962
3681
13802
13760
13205
12912
12950
12912
6909
5900
6553
5900
7177
10063
3875
10063
2216
3693
1684
1687
1688
1687
4965
6489
5999
6489
1263
1286
943
1286
10513
9995
5258
9995
10002
9995
13028
9995
11849
9995
7481
9995
10025
9995
2774
9995
11443
9995
8297
9995
7884
9995
9038
9995
2553
9995
3437
9995
3538
9995
3921
9995
13068
9995
12829
9995
12400
9995
3915
9995
5236
9995
5720
9995
13027
9995
11333
9995
11502
9995
2642
9995
7067
9995
13223
9995
12808
9995
2722
9995
11423
9995
3464
9995
13044
9995
6252
9995
12974
9995
2735
9995
10511
9995
2681
9995
4548
9995
9554
9995
9999
9995
10029
9995
11307
9995
12895
9995
12825
9995
3529
9995
7488
9995
13133
9995
12891
9995
3943
9995
8278
9995
11735
9995
11480
9995
7867
9995
11827
9995
12383
9995
2650
9995
11473
9995
2787
9995
9562
9995
12940
9995
3524
9995
5705
9995
6222
9995
2589
9995
12197
12660
1794
1803
2616
2619
2614
2619
5908
3782
5382
3782
4807
5278
541
304
78
304
575
304
9806
10281
8152
10281
3354
11796
12187
8978
12187
14137
12187
7331
5930
3718
2454
9617
2454
544
801
12240
6651
545
765
3275
3876
3877
3876
6534
13490
11147
7382
1015
1434
1004
1434
11699
10025
4600
10025
12293
13624
11738
13624
569
766
10865
11576
6894
11576
6449
11576
11634
13405
185
804
4843
13417
10206
12685
10835
12685
8557
12685
3351
9931
10774
5316
8148
5316
12473
5316
9354
5316
2626
2627
8975
14152
1618
14152
9965
14152
2325
3870
11828
13402
2447
13496
4014
11741
3488
11741
4042
11741
4022
11741
3230
11741
5756
11741
1989
11741
8428
11741
4026
11741
8447
11741
4046
11741
4054
11741
4053
11741
3280
11741
4017
11741
4029
11741
2095
11741
8464
11741
4016
11741
4052
11741
7977
11741
12958
11741
3371
11741
12688
11741
12024
11741
4019
11741
4027
11741
4047
11741
4044
11741
3373
11741
4056
11741
3239
11741
3661
11741
3172
11741
7999
11741
4037
11741
3218
11741
8003
11741
13457
11741
9125
11741
3517
11741
3748
11741
6793
11741
8404
11741
13292
11741
3124
11741
5741
11741
13277
11741
13170
11741
4032
11741
3273
11741
4045
11741
4031
11741
4025
11741
3244
11741
3490
11741
13508
11741
4020
11741
3375
11741
5410
6784
13237
6784
1260
825
8650
10683
4211
10683
2148
4551
10002
4551
8535
4551
10027
4551
8282
4551
13178
4551
8398
4551
7450
4551
7537
4551
4585
4551
9576
4551
2153
4551
3532
4551
7687
4551
7998
4551
2590
4551
2300
4551
10706
4551
7876
4551
2260
4551
5678
4551
7865
4551
7451
4551
9114
4551
11793
4551
2482
4551
2393
4551
8996
4551
7249
4551
10709
4551
10691
4551
7512
4551
7965
4551
13455
11678
1850
4126
1833
4126
10281
5813
11174
9901
8919
5111
11625
5111
8920
5111
2206
4870
10344
13525
9427
13525
4382
13525
12468
5972
9863
5972
6488
13096
12503
5021
5235
6657
4734
9674
6530
3335
13577
3335
10988
3335
7342
3335
3324
2435
13072
2435
13151
13126
13247
13126
13399
8155
8765
8155
2352
3842
4835
12218
9346
12218
6302
4018
7186
4018
9648
4018
5916
13522
13810
6969
7021
6969
7404
6969
13589
8746
4759
4682
10943
13677
10416
11166
11182
11166
7548
7904
5716
7904
3651
10696
4134
10696
7088
4557
7522
4557
12096
11406
14122
11406
13405
7753
13575
7753
9407
7753
1901
1945
11217
13872
7409
13872
12201
13872
13723
3760
12687
103
7456
103
12780
103
11652
103
1202
1159
2607
2640
2639
2640
1546
12376
10301
10875
13641
4915
8190
4915
8193
4915
5449
10907
6957
5453
12549
11839
11696
13875
12041
13875
3552
13875
11585
13875
6792
10726
1998
2004
1957
2004
13774
8190
11676
3138
11986
6582
6136
6582
11669
5909
10354
5909
5047
5909
6549
5909
6521
5909
4401
5054
11874
12766
2642
12766
13755
9437
3081
1596
396
436
2727
9089
12020
1378
11247
14079
6167
14079
5350
12873
6410
12873
11045
12493
9878
12493
13815
12493
6028
12493
9879
12493
11046
12493
4219
2144
2114
2144
8064
7931
5775
7931
8553
7931
2407
12619
13524
11908
4380
11908
11038
11908
13445
10525
5344
10525
12221
4469
7012
5094
7012
5094
5876
12887
5971
12565
13544
12250
4796
5838
5411
5838
540
13
5881
10841
13972
6032
9905
6032
13045
10495
10038
10495
8315
10495
9009
10495
7068
10495
2627
10495
10525
10495
3038
10495
3192
10495
9556
10495
2743
10495
5706
10495
2659
10495
9025
10495
8997
10495
3233
10495
3425
10495
3281
10495
11570
10495
11324
10495
7072
10495
2676
10495
3575
10495
8311
10495
3324
10495
5275
10495
3186
10495
9024
10495
13082
10495
3511
10495
11393
10495
10632
10495
13072
10495
5717
10495
7892
10495
4606
10495
7905
10495
10499
10495
12982
10495
10083
10495
2694
10495
4579
10495
10620
10495
3724
10495
3029
10495
3535
10495
2829
10495
10053
10495
2930
10495
7454
10495
6229
10495
10501
10495
4576
10495
3471
10495
4581
10495
4591
10495
6691
10495
2683
10495
7529
10495
2780
10495
7090
10495
4568
10495
4654
10495
4608
10495
8279
3466
866
1317
13935
13888
6985
12523
6803
2366
4736
2366
4003
7901
3972
7901
3007
3675
5271
6261
6709
6261
4073
10563
4069
10563
14089
5124
5171
5124
11140
13696
9816
2604
8760
2604
12722
2604
5940
2604
9316
2604
1383
1534
108
160
13515
7995
13373
7995
3661
2242
4031
2242
14184
6214
9551
6214
12327
4374
11434
4374
12736
4374
1857
13560
4194
8545
13584
8545
5377
2996
10863
2996
8761
2996
4866
2996
1822
8063
4220
8063
602
459
14179
8270
4533
8270
4847
6415
5896
6415
4454
14048
1547
14048
12536
14048
4984
9382
6438
13056
2928
4764
11978
11440
9408
11440
13137
8025
3203
8025
7755
2542
4267
2542
8030
2380
3843
2380
2022
2040
2041
2040
5501
3480
11027
3480
6011
3480
11606
3480
12316
5737
2545
3983
2208
2270
4108
2270
8150
6890
434
419
229
419
167
419
3515
2958
3846
2958
10112
11365
3290
5679
6285
5679
2660
6247
12816
12788
9084
12788
13149
10739
3597
10739
10790
10739
13200
3892
13434
3892
3083
11293
5009
11826
7303
9753
4187
10677
3713
10677
11498
2774
9036
2774
8604
9105
10748
9105
3087
6211
11202
14181
11202
11776
11775
6210
7437
2008
9015
3806
9015
2479
9015
2104
9015
9175
9015
11538
9015
7105
9015
2471
9015
8502
9015
7544
9015
9132
9015
2571
9015
2952
9015
5693
9015
11653
9015
3576
9015
4657
9015
8307
9015
1973
9015
3017
9015
5291
9015
5687
9015
4619
9015
13159
9015
2436
9015
13233
9015
3448
9015
8487
9015
2460
9015
6693
9015
4090
8334
4088
8334
10139
2570
3691
2570
13317
11443
13179
11443
5219
11796
5218
11796
5008
4989
2834
11323
7091
6662
9608
6662
2171
6662
9169
6662
10020
6662
10675
6662
8323
6662
6788
6662
13040
6662
2906
6662
10160
6662
7966
6662
3897
6662
9211
6662
7869
6662
6248
6662
2404
6662
10511
6662
6258
6662
8319
6662
2287
6662
6817
6662
7176
6662
8004
6662
2267
6662
13022
6662
7879
6662
7536
6662
8296
6662
2197
6662
2982
6662
10618
6662
3759
2019
4215
2019
6880
10190
5198
8954
1635
7674
8246
8921
13995
6191
14061
6191
5606
11188
8593
12173
8593
12173
5447
12233
10315
6855
6018
6855
10938
6855
4312
2027
3141
2027
2132
8703
13762
13725
11613
13725
4394
13725
3319
2276
2277
2276
11282
11279
10467
11279
11579
13139
8312
13139
9794
10235
13343
3705
4297
3705
8900
9904
1579
9904
11665
9904
6891
13267
10517
4562
3104
4562
13305
10155
8171
2576
5430
2576
5951
2576
4361
2576
13534
2576
12300
10434
1781
1795
1796
1795
5612
5602
9282
13722
4170
2127
3648
2127
8678
13337
13369
13337
8137
13337
11848
9450
4354
4902
4893
9330
13567
9330
5931
9330
3761
8398
10740
8398
13968
11178
12378
11178
11181
11178
12263
12183
7710
7684
9277
7684
5821
7684
1506
1110
1524
1110
1132
1110
14056
6181
1241
1308
9983
11289
10476
11289
7929
9564
2730
9564
9703
8428
9219
8428
5760
8428
4667
2479
12906
2479
11372
8348
4782
8348
7194
10067
7663
10067
9591
2861
10093
2861
14053
14016
12756
11760
3379
4653
10552
3190
10552
7722
9300
6427
9300
11955
9300
489
81
6057
1843
6101
1843
6587
1843
10410
1843
6732
5689
6692
5689
2518
12778
6281
12778
2674
12778
2695
12778
8461
12778
13108
12778
7131
12778
7468
12778
9565
12778
10035
12778
10547
12778
6658
12778
10043
12778
8544
12778
4548
12778
8992
12778
12963
12778
10003
12778
7656
12778
3142
12778
2835
12778
7986
12778
8458
12778
3027
12778
10114
12778
10001
12778
13062
12778
2878
12778
6715
12778
13073
12778
2905
12778
9577
12778
8674
10819
5176
14111
14140
14111
9355
6880
10933
6880
5447
6880
12712
8052
1859
1877
10951
1877
3069
1877
8670
1877
5737
111
4067
111
12824
111
5736
111
3653
111
5121
13897
3182
10687
3478
10687
12887
5301
5307
5301
12593
5301
1715
5817
4308
5817
13131
5817
1920
5817
3499
5817
7313
5817
13310
5817
1801
5817
12805
5817
4870
5817
3415
5817
7300
5817
7309
5817
5410
5817
3858
5817
13237
5817
5403
5817
3266
5817
4296
5817
1732
5817
4290
5817
3730
5817
4283
5817
13339
5817
3687
5817
13331
5817
4292
5817
12543
5817
7318
5817
3304
5817
4287
5817
4310
5817
4299
5817
3132
5817
4312
5817
1722
5817
4883
5817
3141
5817
1770
5817
3453
5817
13343
5817
4311
5817
3292
5817
4286
5817
3337
5817
1746
5817
13520
5817
1785
5817
4291
5817
4298
5817
1758
5817
4887
5817
3709
5817
1774
5817
4293
5817
3676
5817
4309
5817
3108
5817
4297
5817
3831
5817
4289
5817
5414
5817
10976
10298
4963
7751
11183
12641
2993
12368
7050
11785
3317
3187
3728
3187
689
258
437
258
288
258
7402
9916
5233
7858
4196
10180
13439
10180
11891
5451
9335
2119
2118
2119
5885
2119
6840
5331
13586
3686
13669
3686
10861
3686
4871
3686
5023
10328
5023
10328
9957
10448
14095
10448
13741
4979
6068
4979
12143
4979
11097
4979
1763
1783
4985
3802
3207
3802
12214
4384
5087
4384
12210
4384
6004
4996
10339
4996
5065
4996
11029
4996
13744
4996
8589
13121
5396
9762
1394
1457
5828
13242
3425
2771
7892
2771
5403
13011
4309
13011
4129
8359
3810
8359
3855
3597
3075
1638
1827
5844
6832
5266
3789
2285
13302
2285
11780
8939
11781
8939
3092
3096
9550
3096
1686
1692
637
340
312
340
2250
13561
2455
13245
10955
9372
1964
4208
802
322
13706
5026
13796
5026
8872
5026
6653
2122
2140
2131
2140
9323
10754
3657
2585
13165
2585
5792
6792
6488
6792
13550
5457
8784
10903
9909
11666
8586
5718
10653
5718
10108
5718
13633
10721
13633
10721
3667
2044
6362
2044
4724
10122
10150
10122
5230
10459
8244
7028
11234
7028
12160
6206
13766
9433
2164
3269
220
132
276
132
3084
7849
8121
12877
12934
12877
10272
9309
13086
12905
4005
12905
10448
7418
11322
2723
13532
2723
11893
2723
2710
2723
4763
6822
2458
4553
2773
4553
2900
4553
4557
4553
2366
4553
11443
4553
2861
4553
2258
4553
2677
4553
13313
4553
2717
4553
2741
4553
2685
4553
3031
4553
11929
4553
12849
4553
12815
4553
13164
4553
3009
4553
2813
4553
2399
4553
2584
4553
13046
4553
13120
4553
3907
4553
3540
4553
3832
4553
2425
4553
13005
4553
2871
4553
3024
4553
1877
1905
8180
7757
2547
3569
6470
13289
6504
13289
4014
10092
3280
10092
5147
11568
6170
11568
12486
13154
13268
13154
1388
1460
6603
6998
4177
4609
1890
1893
1870
1893
10209
13298
9258
13298
5828
2315
6420
9751
8910
5569
6149
5569
13754
5569
2443
12527
6910
3415
8161
3415
4931
3415
11228
5615
3803
10567
3797
10567
5905
10885
598
599
12629
12386
12630
12386
4498
12386
5865
7158
7162
7158
7163
7158
7954
10052
7953
10052
7666
1982
4115
1982
13069
12994
6445
2104
3752
2104
6799
12497
1629
8180
5315
7916
13510
7916
8856
9858
10404
9858
1358
1469
826
1469
997
1469
13878
11064
11462
11461
3581
12883
4229
12883
6870
12883
13075
12883
6881
12883
1076
1450
3999
9079
8447
13024
6772
13024
803
787
6469
11719
2996
3038
6099
6572
3162
2869
10144
2869
14059
11215
6539
5982
11532
6509
12688
9112
12893
9112
10628
3620
3298
3620
4752
7564
4757
7564
998
1447
1313
1447
3106
9002
7952
9002
3109
2502
4081
2502
3738
13938
11232
13938
11724
13938
7908
7450
10519
7450
13890
11414
13690
7330
7353
7330
13632
7330
11022
7330
5052
7330
12004
7330
1794
10860
748
487
7220
9684
6790
9684
4491
5156
4481
5156
2639
2644
2610
2644
1459
1346
13664
2202
10996
2202
4348
2202
2187
2202
1230
1177
1355
1177
834
1177
1962
4118
3652
3885
3886
3885
3675
6240
8007
6240
5504
8808
12507
8808
12133
8808
8825
8808
8809
8808
2085
8067
8149
2922
2565
2922
722
705
203
705
482
705
13519
5750
3182
5750
2820
4672
9364
7300
7749
7300
13182
7300
11640
11586
6444
8122
5393
8122
9252
6364
3710
6364
63
606
11287
7433
18
226
22
226
362
226
11639
3639
3640
3639
12585
7309
10283
7309
6012
9849
2846
8320
11805
11327
2815
11447
5735
11447
4665
11447
10500
11447
10126
11447
2956
11447
12939
11447
7955
11447
7910
11447
5681
11447
2994
11447
7651
11447
2772
11447
2839
11447
12971
11447
12884
11447
7452
11447
9641
11447
2876
11447
8062
11447
7945
11447
9999
11447
8377
11447
2872
11447
2745
11447
13077
11447
7462
11447
10521
11447
5671
11447
3544
11447
8522
11447
3523
11447
12157
2759
11532
2759
4884
2759
4370
2759
4532
12675
3095
12675
526
1
9873
6530
11089
6530
5532
6530
11098
6530
11051
6530
13657
6530
11420
8632
855
949
852
949
1207
949
849
949
1761
6774
13140
6774
1756
6774
8688
5733
5845
5733
6866
5733
1271
1329
902
1329
12308
8092
2701
6243
4487
12070
14077
12070
5986
6500
7794
6500
13621
6500
10120
7149
7795
9418
1164
1137
2525
4026
11297
506
154
6415
6402
6000
10946
7212
10673
13649
10673
2089
9757
2423
11821
3805
11821
10651
11688
13061
11688
2485
11688
6245
11688
2917
11688
7227
11688
2273
11688
5695
11688
10535
11688
7479
11688
9018
11688
10703
11688
9690
11688
3525
11688
9651
11688
13023
11688
13228
11688
7566
11688
7508
11688
6761
11688
9606
11688
6781
11688
7078
11688
3529
11688
4565
11688
10558
11688
12720
11688
7125
11688
6765
11688
12933
11688
7473
11688
9728
11688
5949
6479
11679
11854
5906
3261
6925
3261
2312
5304
2071
3745
4889
1960
10932
1960
1937
1960
7329
1960
9494
6135
11565
8896
7018
13761
6623
13761
6624
13761
8936
10420
918
939
9448
5039
1200
1299
13619
7762
10988
7762
7342
7762
3196
4630
12822
4630
7666
4630
8070
4630
8059
4630
3667
4630
13519
4630
8052
4630
13245
4630
8067
4630
6356
4630
13515
4630
13373
4630
6361
4630
13151
4630
6367
4630
3650
4630
2208
4630
13387
4630
13247
4630
13255
4630
13330
4630
6363
4630
4108
4630
7646
4630
3182
4630
4116
4630
7668
4630
13137
4630
7640
4630
9172
4630
8488
4630
4110
4630
6358
4630
8508
4630
9203
4630
3246
4630
4115
4630
3200
4630
7647
4630
4121
4630
8069
4630
7645
4630
2569
4630
13454
4630
3776
4630
3793
4630
3073
4630
7667
4630
3203
4630
7665
4630
6360
4630
12606
4630
4125
4630
8485
4630
1821
4630
6353
4630
6362
4630
6357
4630
6329
4630
13430
4630
13578
4630
3478
4630
7659
4630
8071
4630
96
495
245
495
13919
8926
8249
8926
12171
12177
12046
12177
5157
12177
13703
12237
2803
3561
10950
10291
9670
5288
7698
5288
1568
9365
8707
11563
8707
10289
8707
4192
4600
3140
4600
4304
13491
10397
7372
5546
5462
4405
5462
11061
5462
13983
5462
5548
5462
55
576
550
576
797
216
348
697
18
697
701
697
271
697
87
476
782
476
6974
6544
12735
3510
4964
13638
1639
7801
8009
8414
4159
2612
8057
2612
2651
2612
3649
2612
9293
3789
5829
3789
10820
3789
6469
7317
10446
12002
14067
12002
10415
8215
113
55
10381
4791
6068
4791
2138
4791
12143
4791
13572
6470
5243
1033
14030
12112
11875
7831
7833
7831
3547
9411
764
595
244
595
785
595
596
595
760
595
245
595
748
595
710
595
64
595
1899
1911
4335
5358
3559
5358
4832
5358
11008
11808
1271
1199
7786
3210
6985
10361
13006
7535
8035
7535
3155
12987
1804
12987
13676
12987
11703
12987
1761
12987
1865
12987
13155
12987
11527
12987
13265
12987
1826
12987
1948
12987
2005
12987
3429
12987
13041
12987
13263
12987
1833
12987
1922
12987
1771
12987
13446
12987
12132
10941
6202
7047
10900
5938
3935
3930
4589
3930
2764
2765
7913
2765
176
148
150
148
6892
4644
6389
4644
5826
4644
359
689
1438
1524
3710
2056
3408
2056
889
1229
4330
12520
8195
10314
12209
10314
11002
10314
7355
10314
7791
10314
13745
10314
11121
5492
5050
5492
8203
5492
13942
5492
8829
11035
13738
13733
13905
5137
11673
5137
13909
5137
5640
5137
6169
5137
11630
5137
2833
2834
2789
2834
4927
5410
12410
5410
5417
5410
13422
2291
13333
2291
5926
8719
12078
12079
930
843
11920
7710
5834
8461
2486
8461
11716
13033
13219
13033
4991
13570
3572
2591
3612
2591
3332
5522
103
506
1563
4037
10605
13457
10605
5874
7699
11920
7699
9309
4617
4262
4617
4816
4617
14189
7061
3294
3306
9325
5349
11719
9736
4950
5429
3582
12467
5796
12467
8220
13776
5114
13776
9468
13776
3856
2406
8864
2406
5514
2406
4241
3937
13232
3937
9274
3937
5039
1898
13881
1898
5034
1898
9872
1898
12628
1898
9916
11896
11186
11896
7010
11896
5232
7329
4889
7329
4889
3391
10427
9931
10427
3401
10347
1056
1041
865
1041
3392
8854
9463
8854
11713
8854
5068
8854
5067
8854
768
47
588
47
10814
6742
1540
1277
13897
6990
6109
6990
5122
6990
106
587
12604
12603
10081
9581
13192
9581
1632
7729
9356
13050
9356
13050
3232
3033
3996
3033
11381
5399
11727
5399
14052
6164
5136
6164
2352
3849
1852
11707
9012
11707
13155
9177
8721
9177
6860
11926
5592
10397
13806
6517
2564
13311
2676
11632
2683
11632
10968
9804
7946
8327
9106
8327
7356
7344
11054
7344
14081
7344
1690
7344
12996
11320
5719
11320
10220
8447
8104
8447
13580
8447
7426
7424
8956
7424
13070
5694
10116
5694
187
797
2767
13257
8644
8586
13949
5580
2280
12256
8087
7225
11323
8297
7893
8297
12648
14145
13855
7394
2161
5724
5900
7263
7317
7263
7317
8688
11758
8821
12244
8821
10348
8821
1058
851
2100
3664
3300
9070
8530
9070
7402
6955
11186
6955
7390
6955
7010
6955
11535
2855
4731
2855
2841
2855
10017
499
12764
499
6294
7104
6744
7104
298
200
506
200
511
200
604
200
6807
7195
10759
7195
4827
4113
4896
4113
9673
6335
6848
6335
13839
7014
13813
8169
4359
8169
1629
1633
11000
3751
5921
3751
2245
13533
12071
13597
9244
3255
10267
3255
8723
3255
5959
5830
1776
1788
13421
13108
13263
13108
3966
13018
3986
13018
12096
4490
14122
4490
7699
6771
7273
6771
1760
9710
1772
9710
11953
3555
9264
3555
13552
3555
6851
12812
7261
12812
8108
12812
7266
12812
12914
12812
6833
12812
6850
12812
2935
5800
11339
13770
1828
4221
6881
6381
2195
8785
1868
4254
10743
7131
6833
7131
12272
13999
9030
8289
9033
8289
1044
1418
6470
12559
5409
12559
12339
12559
1970
5913
4941
2249
10830
2249
7296
2249
10255
2249
13686
11398
9231
9183
9958
4455
4475
4455
9483
13795
11032
9801
10989
9801
10967
9801
9231
10708
8678
5711
6869
5711
13369
5711
8704
9317
3955
7101
9591
7101
11995
7101
11495
7101
7527
7101
7531
7101
9584
7101
3942
7101
9580
7101
1637
9535
10332
8760
8822
9831
10999
9831
10433
7411
13870
7411
5635
7411
2724
2728
4808
2728
13205
2549
12577
2549
2680
11428
513
63
10470
14113
6656
14113
12657
11348
13869
13792
11340
13203
7579
13203
12724
13203
2583
3899
13326
3899
12292
9225
1446
1082
11154
6078
8137
6869
657
264
250
264
533
264
3693
3534
13091
3534
6074
11081
9799
9344
1648
7804
13765
9424
11556
8666
2546
8666
13395
8666
4141
2012
8559
2012
1710
8568
10242
8568
9411
4970
799
373
8648
9195
6057
1848
11768
1848
3548
1848
5380
5872
8093
10169
12639
14125
5195
14125
14188
14125
2948
12452
13660
9394
6854
9263
11317
3891
13428
3891
13865
13826
1953
3234
13386
11939
4964
3421
4976
3421
13471
4815
1682
10807
6008
2810
10335
2810
12006
2810
8188
2810
13
171
148
171
367
171
10321
2321
9392
2321
7235
9699
5337
9699
8985
14160
1663
14160
6216
14160
10879
5809
4869
7736
6188
11359
5174
11359
6185
11359
9777
12973
10878
12973
12618
12973
9394
13576
6941
13576
13634
13576
13985
12646
8226
12646
12017
12548
5155
12548
2612
2656
2658
2656
1463
1208
1082
1208
1535
1104
12653
4157
11491
7581
6764
7581
6882
9729
2563
5436
4021
3736
5279
3736
12255
10975
8800
10975
12045
4399
6625
4399
12182
4399
11138
4399
6425
7658
10763
7658
12081
12563
14111
14088
4459
14088
2767
10523
3194
2457
12159
2457
3357
6035
12495
8955
5164
12094
5164
5187
5164
2804
4072
5137
3121
5578
3121
9466
3121
7183
7971
13756
10250
10148
12841
10744
12841
4431
4429
1578
4429
9824
10887
7252
10565
6378
10565
7672
10565
7363
4349
13671
4349
5624
5617
9586
6680
3988
6680
11378
12525
3868
12525
6804
7556
8090
7556
1681
1684
1678
1684
9160
10493
3015
10493
7550
10493
8547
10493
9177
10493
12841
10493
6669
10493
6279
10493
10037
10493
7607
10493
7534
10493
8520
10493
6684
10493
6225
10493
10666
10493
2973
10493
8277
10493
2910
10493
8578
10493
8521
10493
12848
10493
6288
10493
9598
10493
8310
10493
3644
10493
10681
10493
8278
10493
6664
10493
10021
10493
10133
10493
2894
10493
7453
10493
10920
5889
9803
4232
2215
4232
4144
10619
13419
10619
1882
10619
2071
6413
5948
2942
4911
2942
9812
2942
4337
2942
5000
2942
4334
2942
11424
159
4555
159
5676
159
10204
8065
9715
8065
9311
4724
10205
8543
448
631
582
631
109
460
14075
8200
7008
8200
9474
8200
11080
8200
13776
11056
7677
7993
7646
7993
4785
9248
13914
13848
7020
13848
5603
13848
11711
13848
6663
2624
6667
2624
4719
4694
8632
13211
5360
13211
10223
13211
2429
8023
3716
8023
2754
4580
9022
7884
7893
7884
9541
8978
8757
13357
10298
13357
4318
13357
7243
4041
5355
4041
12702
4041
11259
11217
6151
8230
1848
1859
1860
1859
8779
9755
5975
9755
10310
9755
2112
4046
3068
11295
2248
4358
13302
2258
12125
2258
10888
3283
8454
3283
10130
3283
4836
2970
8813
2970
380
420
123
420
68
420
10854
8540
8770
4938
4941
4938
5150
6622
1580
6622
6646
11363
14175
11363
2568
3192
2712
7491
4612
3583
3507
3583
13819
12677
7721
7649
4427
8209
11330
11325
11446
11445
11268
12739
13354
2558
2540
2558
8791
2558
7314
5791
10813
10788
10817
10788
3151
9013
3808
9013
7826
11773
11444
11773
13423
7220
10443
11244
6127
6592
6121
6592
3489
11866
2859
3492
823
242
181
242
2182
9103
5654
12434
10914
9790
12056
8705
10923
8705
1752
1769
2003
2007
2005
2007
3183
2976
3707
2976
5848
6853
3113
4522
14073
12175
5153
12175
6173
12235
6218
8272
7848
8272
13801
11139
12636
13541
10297
13541
8740
13541
9525
5644
12226
5644
11405
6936
12738
6936
6606
6936
1732
10153
1722
10153
11686
13729
11257
9942
4421
4410
4214
3725
3417
3725
2993
9259
14051
6137
9919
6137
9762
10233
10254
10233
10857
6356
6437
6356
5214
4492
2581
13188
13663
4872
2252
4872
12740
4872
11026
4872
1818
1823
6862
8608
4830
8608
2180
7248
9993
6513
5970
8198
2413
5005
2413
4934
3313
5830
3313
10961
3313
4072
10065
4074
10065
1325
1285
1328
1285
943
1285
4475
12141
13236
12281
13177
12281
10760
7184
8029
7184
7188
10023
6757
10023
3456
10660
2486
10660
610
750
493
750
58
795
5111
9884
4349
13303
3399
13303
4994
13303
11303
13303
904
1400
1361
1400
1265
1400
9495
13958
5632
13958
11851
6438
8748
6438
8629
8506
6501
10912
4296
2147
3730
2147
11870
5078
11442
7076
6676
7076
8580
7076
9210
2173
9667
2173
11542
13450
12683
7762
6910
1064
1430
11209
4436
12537
4436
11196
4436
13082
11787
10620
11787
3483
9658
4182
9658
7854
14172
7853
14172
7851
14172
7855
14172
10481
14172
7850
14172
1609
14172
7442
14172
7852
14172
2310
3858
10993
1871
4971
1871
1869
1871
13208
9556
13249
9556
12896
9556
13426
5815
13379
5815
2832
4106
5987
13409
3186
2883
4581
2883
6354
10685
12408
9971
10169
2792
10757
2792
5777
2792
4325
2792
955
1391
1392
1391
13476
4809
1171
826
2606
2607
4087
2607
10724
2607
4098
2607
9784
13166
6455
4800
10248
10218
12669
5221
12666
5221
14168
5221
9836
6929
12424
6929
3085
3084
7411
11126
11671
7790
11907
7790
7371
7790
13141
7942
7693
7942
4744
2777
13564
2777
2775
2777
6064
13529
6064
13529
3374
4830
8868
4830
13635
4830
5044
4830
5974
4830
2280
7259
1086
1057
1533
1057
1430
1057
1087
1057
1528
1057
1446
1057
1539
1057
1444
1057
1464
1057
1540
1057
1531
1057
11518
5490
6058
5490
5514
5490
6069
11096
5083
11096
6090
11096
1801
8476
3676
8476
10408
13741
5800
11654
8788
8153
6998
13914
7017
13914
6138
13914
6089
13914
6991
13914
10890
6899
5930
6899
12273
6899
1538
859
11220
13879
11200
13879
11622
11621
9915
11621
1714
11888
7632
9146
10730
9146
10297
10873
8740
10873
1753
1761
9926
9491
1731
10766
6633
3768
10201
12726
5338
12726
13770
7755
9853
7755
6529
7755
3418
7755
11667
7755
2726
2743
10050
9038
5699
9038
7251
12907
14088
14075
8218
14075
4449
14075
7543
12875
3287
12875
7939
12875
7116
12875
7949
12875
3983
12875
5718
12875
5711
12875
4041
12875
2748
12875
13384
12875
3987
12875
7139
12875
3964
12875
3151
12875
3808
12875
7929
12875
3963
12875
5713
12875
3982
12875
12703
12875
3784
12875
3967
12875
7548
12875
13466
12875
7928
12875
3953
12875
3333
12875
3949
12875
3991
12875
3506
12875
3129
12875
3946
12875
3979
12875
3838
12875
7950
12875
5716
12875
3272
12875
3072
12875
3792
12875
7128
12875
5708
12875
3606
12875
3252
12875
3959
12875
2730
12875
3201
12875
7172
12875
3993
12875
2696
12875
4036
12875
3978
12875
3947
12875
2231
12875
3990
12875
3974
12875
3635
12875
7934
12875
3387
8832
12111
5254
1545
712
136
198
136
4727
9220
9912
10376
9911
10376
7074
1383
12811
1383
4956
2024
13588
2024
1999
2024
3857
4711
11537
4711
10307
4711
3825
14072
9298
9649
11574
9649
14052
12696
8242
12696
4756
779
12601
779
12602
779
12415
12082
14164
12082
5470
5455
5470
5455
1936
4913
5985
8787
10383
6026
14157
5208
1959
4054
6415
10211
3016
13512
864
953
1107
953
7287
13345
10942
13474
12252
13474
9377
13474
3319
2217
2215
2217
4277
13483
10252
13483
9772
13483
13545
13483
3430
6716
13207
6716
12180
13515
11812
13515
10776
13515
1958
13507
12479
13753
13799
13753
13850
13753
5308
821
12774
821
12862
821
12791
821
12886
821
2944
13342
1703
1710
6559
5996
9550
1589
6959
5384
2481
3800
5415
4266
12449
4266
10347
4844
10990
4844
9397
4844
6942
4844
7789
4844
11597
4844
8751
2517
13804
3731
8894
3731
11360
3731
8895
3731
5789
6268
6850
6268
3433
2529
8614
2529
8036
9141
5565
5553
6105
5553
2736
2748
11342
11608
10302
6482
8800
6482
5990
13389
1564
7631
12552
12919
3114
3763
13152
3763
6651
9537
4590
10034
7110
10034
12072
7389
11992
7389
12003
7389
920
1488
13386
9315
806
249
2692
4718
3246
2229
8071
2229
12524
4457
12750
4457
12474
4457
10343
11506
4357
11506
11507
11506
13448
7601
7274
7601
6106
13658
7384
13658
6103
13658
7155
2909
3491
2909
11779
12038
10338
2418
3655
2418
13194
2418
5500
2418
1526
961
1437
961
1412
961
2318
3318
1806
1828
1830
1828
13202
9197
13202
9197
4539
12146
11989
12146
4180
7974
1825
7974
8666
8621
3813
8888
8259
5181
5657
5181
3341
1666
5733
9082
4010
9082
778
764
7006
6589
4890
5902
12102
5902
12229
5902
3771
13237
1389
1424
4095
4035
11421
9604
9342
9604
6898
9604
10768
9227
7015
13804
12070
11832
6524
10977
3414
10977
6097
5979
5515
5979
5059
5979
8208
5979
6538
4331
3731
4331
8874
4331
13481
4331
1045
1394
4482
4451
6647
4451
11378
4451
5519
2178
8139
2178
11500
2178
5028
2178
4272
2178
55
761
605
805
2513
12803
9654
12803
12955
12803
11804
12803
13028
12803
9722
12803
7958
12803
2958
12803
2291
12803
2976
12803
12409
12803
3005
12803
12842
12803
9166
12803
9064
12803
7563
12803
8286
12803
9559
12803
3013
12803
4563
12803
7071
12803
12867
12803
7558
12803
3254
12803
2786
12803
12870
12803
2379
12803
7992
12803
9578
12803
2816
12803
9128
12803
8331
12803
833
835
834
835
1262
1185
5896
8654
1662
14101
8966
14101
9964
14101
6557
13614
6557
13614
9439
6962
2241
13427
2447
11476
12887
3115
5307
3115
12593
3115
2226
4689
13294
3853
4904
3853
6821
12306
12305
12306
1673
1680
1678
1680
885
886
1014
886
5366
10805
4788
10805
8699
4817
2795
4817
1998
4301
3991
2888
3072
2888
12261
7045
1750
1755
1738
1755
2182
3950
8582
12985
12544
4733
11867
4733
6749
9631
11236
11200
9209
7537
8489
7537
7463
3066
2109
3066
13809
11543
7023
11543
6986
11543
278
409
3962
2253
3816
2253
12701
3288
4060
3288
9539
1551
3273
9601
3375
9601
5160
11230
11627
8217
2824
2914
6530
10983
9421
11978
4102
8034
2179
9389
8702
3588
6913
7315
8565
6286
3674
6286
4623
2553
3861
2553
546
672
2193
4288
9122
12960
9617
12960
2660
10534
4227
12340
3080
14125
4462
3549
13712
12613
12612
6617
5600
4847
13091
6827
13091
8585
13091
8931
5135
10435
5135
13595
6951
347
379
272
379
578
379
5512
4304
2406
4304
5426
4304
10395
11037
9899
11037
8879
11037
13775
13715
4438
13715
2138
13553
5020
13707
3693
2296
4178
2296
7424
5630
7034
5630
5551
6039
10363
6039
3390
6039
9881
6039
11170
6039
9907
3396
9473
10395
10742
9175
13446
9175
57
396
13174
13132
13152
13132
5222
11272
14178
11272
8012
2387
4032
2387
5232
3829
12476
11705
762
23
3001
3487
6008
12423
10946
12423
11346
12423
5440
12423
8494
12343
9127
12343
3889
12343
4512
10463
1966
10194
9749
10194
12265
12264
6079
12393
2434
12846
7562
12846
3050
1119
9932
10425
7525
4569
9054
4569
13878
10345
250
560
49
560
74
560
9278
13198
1853
1865
6191
5609
12464
12465
11290
12465
1591
12465
1733
1734
1719
1734
4226
10224
2185
4615
3850
10607
1279
917
2183
3962
1631
4179
3822
6337
9699
6337
4490
11540
4490
11540
12153
7197
12721
10732
10472
9974
7543
8363
3287
8363
7939
8363
7949
8363
3983
8363
5718
8363
5711
8363
4041
8363
2748
8363
13384
8363
3987
8363
7139
8363
7921
8363
3964
8363
3151
8363
3808
8363
7929
8363
3963
8363
5713
8363
3982
8363
12703
8363
3967
8363
7548
8363
13466
8363
7928
8363
3953
8363
3333
8363
3949
8363
3991
8363
3506
8363
3129
8363
3946
8363
3979
8363
3838
8363
7950
8363
5716
8363
3272
8363
3072
8363
6271
8363
3792
8363
7128
8363
5708
8363
3606
8363
3252
8363
3959
8363
2730
8363
3201
8363
3993
8363
2696
8363
4036
8363
3978
8363
3947
8363
2231
8363
3990
8363
3974
8363
3635
8363
7934
8363
4448
6156
6962
6957
9430
6957
2648
5672
1915
4750
7543
8295
3808
8295
4247
2200
3624
7227
7271
7227
6777
7604
11265
8244
11890
8244
9519
8244
9818
12103
10304
12103
3731
8866
5016
4982
7533
6669
7907
6669
4373
8773
9703
12013
9219
12013
9698
12013
2449
3817
9621
8325
3569
8325
13256
2500
5320
2500
8516
8445
8510
8445
7783
6515
5036
6515
5011
6515
5138
11209
5139
11209
4412
13850
4907
8671
10303
10910
4793
4122
8200
8187
7360
8187
4575
3584
3507
3584
5535
11076
903
1006
14079
14002
5599
14002
2325
13336
11383
11382
3846
2918
4077
2918
8482
12784
11116
9440
11180
3841
7005
3841
12356
13809
12705
13809
8946
13809
1938
2059
3671
3284
13089
6685
7210
6685
1948
1975
3869
1975
3356
8958
4179
4560
3584
4560
11377
4560
4640
8338
3107
8338
11240
14017
12419
14017
6178
14017
8247
14005
14013
14005
3465
14005
2224
3872
12522
12651
6199
12651
12211
14090
14110
14090
5595
13896
8151
7741
9738
7678
5615
11184
13918
11184
12145
11184
53
496
3642
4867
12382
5441
3115
4585
3715
4585
9944
10438
7318
3786
13343
3786
70
43
613
43
29
43
2625
6660
4693
7576
4703
7576
4950
6912
915
1219
1158
1219
999
1219
9509
9908
5102
9908
8917
9908
13721
13619
8868
13619
13635
13619
6552
12489
11055
12489
13582
12489
5117
5098
5117
5098
12669
12582
4488
8949
12154
12155
6735
12155
12688
6766
14130
8252
9963
8252
801
244
143
668
144
668
11293
1592
5483
13479
6541
13479
11383
13479
5037
13479
7339
1807
1796
1807
4818
5834
4378
1738
7360
1738
1488
1476
1168
1476
12214
13922
6897
6873
9282
2671
2663
2671
9320
3697
8662
3697
8620
3697
1679
1683
7695
11904
3671
4216
13958
13925
7293
6376
4769
6376
11722
5128
399
620
639
620
541
180
4972
9279
759
479
6822
10173
5542
9443
13702
9443
2698
13384
11807
9323
6923
9323
9456
13671
13706
13671
13833
13671
13796
13671
11477
13671
8872
13671
4921
9796
10739
12969
8583
12969
14108
7839
7559
5706
5710
5706
7130
5706
5683
509
5688
509
4735
13373
5458
5927
10454
12190
5658
12190
10458
12190
12343
210
12836
210
4062
210
7587
210
1390
1409
950
1409
3769
7126
13212
7126
9265
9202
8105
9202
12239
9775
12138
6218
1725
4378
7784
4378
6487
10929
4713
3846
3259
5897
5490
2409
13614
2409
4961
2409
6557
2409
7416
7406
8667
9293
13496
9826
6098
11753
11754
11753
9230
3309
4117
3309
13014
3309
2078
3309
12107
3309
12877
3309
12340
3309
2297
3309
9690
3309
2142
3309
2002
3309
12831
3309
9237
3309
8055
3309
8062
3309
8521
3309
3142
3309
2399
3309
8053
3309
9229
3309
2064
3309
2269
3309
13124
3309
3297
3309
12935
3309
9689
3309
2348
3309
9239
3309
2398
3309
2616
2623
2617
2623
2810
10899
10317
9365
690
686
10577
7096
7113
7096
12446
12657
11564
4768
10250
4768
4906
4768
2890
9678
7416
10413
1944
11901
141
651
382
651
6671
1398
12069
1398
5245
1398
3209
2546
13686
2546
13573
2546
2969
13448
2798
3987
4916
9741
2536
4623
1594
7056
1597
7056
4399
5505
8643
4665
12057
4665
6502
11931
8556
2992
3686
2992
4821
2992
14150
12415
1619
12415
2792
7908
4526
4519
1658
4519
6300
4593
3279
4593
3083
5104
12214
4062
4058
3594
2246
4929
2246
7226
2246
4272
2246
13086
9576
3757
9576
10994
2071
8173
2071
12610
2071
10995
2071
10997
2071
5994
2071
1457
1085
1760
8591
1757
8591
5221
12261
12475
12025
4398
12025
1596
7440
13373
2362
13430
2362
7951
8313
5273
8313
4716
8313
1961
10187
9734
10187
11772
6523
13636
6523
3233
3462
5717
3462
6004
4852
10339
4852
2324
4852
8186
4852
5016
3720
13751
3720
12455
3720
8204
3720
4925
2023
8812
2023
10939
2023
4998
2023
6572
6565
3872
5740
3780
5740
4845
6887
11776
6887
4901
6887
6993
5058
2903
11995
1467
1428
11525
6250
1720
6493
6944
6493
13977
13960
9498
13960
12231
13960
11219
6619
3121
12063
2743
2744
11570
2744
12975
10680
12937
10680
5003
8816
5788
7202
6457
8642
4243
8642
13397
4786
13848
7775
14072
11437
11426
11437
14047
11437
2645
2659
9627
2572
8384
2572
7381
13281
9837
13281
1461
1257
3086
7443
3955
2350
6701
2350
6500
7323
6988
7796
8184
9839
3353
3739
5769
3450
4278
10853
7769
10936
4970
10936
4028
2272
4030
2272
2508
5475
13843
1824
9445
1824
6039
1824
6562
1824
6984
7365
7703
7139
5341
7139
4046
5274
4053
5274
4573
6233
7115
6233
11112
10356
3801
3314
9502
3314
5553
9406
5531
9406
11999
9406
5754
12855
10647
12855
10876
7293
11404
7826
11295
8267
1598
8267
4981
2414
10258
2414
4233
2414
11331
2414
3246
5743
3200
5743
3145
2884
3158
2884
12485
2241
4926
2241
4100
12662
13626
12662
5088
5049
6118
5049
9484
5049
10430
4412
11705
4412
3827
4412
13997
4412
13950
4412
9511
6145
11214
6145
6160
6145
8690
3645
10844
3645
5372
3645
3008
10622
608
799
10070
11674
9107
11674
8365
11674
7173
11674
9043
11674
7129
11674
11364
11674
10602
11674
3449
11674
7526
11674
9046
11674
10574
11674
8349
11674
10071
11674
6143
2174
9491
2174
3637
2174
4443
2174
5129
2174
9923
2174
3159
3896
11927
3896
12633
8173
3130
8456
3409
8456
4263
2541
4267
2541
4047
10592
7999
10592
4595
12890
6285
12890
7553
822
4616
822
7277
6788
6856
6788
7299
7279
12248
12247
824
823
11314
11313
5486
11313
7198
2470
5325
2470
4172
2116
13513
2116
2987
3689
2655
9025
13607
2712
8040
2712
5300
2712
7638
2712
6983
6534
12546
6534
13780
6534
13967
11591
3198
3370
8628
3370
5592
5573
4971
10951
4817
7270
793
789
11596
11816
5996
5948
7427
7037
9973
7037
13709
13660
13742
13660
10355
13660
1823
7545
3267
7545
10607
9063
9611
9063
9534
4477
14130
4477
4486
4477
2644
8995
3996
3376
5163
5147
9522
5147
7357
11045
13245
2476
13330
2476
7017
8901
2658
2665
2664
2665
6762
4634
3195
4634
12544
3854
13149
3854
10790
3854
2181
4000
4999
12610
12264
6983
10402
6983
7391
6983
6620
6983
13787
6983
13835
6983
2174
13724
579
101
5342
13043
6398
13043
9842
10286
1193
1157
8954
8931
8954
8931
8950
8931
12123
12391
12091
5114
5820
6732
13186
6732
7682
6732
7816
1932
12091
1932
14000
1932
5451
5959
4955
5959
3515
2957
10109
2957
10350
10337
9558
5242
6976
5004
12600
12599
2086
13777
11404
12513
8649
3566
7265
3566
8805
10957
11790
5403
12206
5403
10904
5403
4933
9746
2311
5339
1767
10669
4200
10669
3089
3088
8146
4053
11931
4053
5404
4053
12597
11456
2859
10515
10912
3266
8738
3266
4910
3266
14159
4507
8315
13040
13249
13040
12425
7703
14154
5667
9988
12629
14178
12629
7971
7921
6293
7921
7956
7921
7145
7921
6296
7921
5279
7921
5282
7921
7972
7921
6734
7921
8704
8674
3581
3580
2185
7954
5862
6395
2412
13256
3799
2028
4151
2028
8496
8015
13541
8437
3696
8437
2426
2442
13332
2442
10990
7334
9397
7334
6942
7334
10655
10089
1560
10089
4551
1459
8808
6463
3342
7297
8105
7286
8105
9514
11642
12226
11642
5649
11642
14119
6194
13193
6425
7696
6345
7697
6345
1966
1981
8261
11267
9982
11267
4511
11267
3604
3280
8671
3835
13331
3835
4483
3099
3682
3764
4440
6607
2624
6224
6661
6224
6193
5161
797
785
8175
10268
1681
1688
1685
1688
1296
1470
1338
1470
1487
1470
11497
2880
2058
2880
3495
2880
8586
5271
10653
5271
10108
5271
4689
2235
4701
2235
1567
13596
4694
13596
2634
13596
1037
1449
12326
12228
8074
13006
5327
13006
2040
3651
7837
14043
7041
14043
1723
1733
4545
10482
8566
13116
12404
13116
5499
5001
9707
12980
7043
13919
12042
13919
13659
2535
5043
2535
5402
2535
4327
2535
739
685
198
685
5807
2190
3204
2190
100
609
6083
5031
11062
13524
135
229
329
229
9466
12198
3296
8382
4168
8382
1985
3130
504
579
708
219
243
219
240
219
1647
6211
9119
520
12389
520
5125
13883
5112
13883
46
70
788
70
2838
2866
2421
10716
11603
13874
13950
13874
13889
13874
722
715
11773
11671
11774
11671
7775
4925
13856
11338
2629
2628
8354
2628
8366
2628
10571
2628
2137
4963
13285
9270
8677
9270
11065
11958
1035
1467
2236
4895
7855
9545
1613
9545
455
674
564
674
455
238
7905
10015
10053
10015
6847
8089
13229
8089
8719
9334
3724
2913
4581
2913
13472
10105
5556
6977
1356
1319
5181
5652
7839
5652
820
360
3105
2554
10600
2554
7191
12892
5150
6176
13764
5920
13764
5920
6354
9190
8967
9954
6164
13971
13846
13827
13846
13827
11017
10962
359
677
688
677
761
596
823
596
233
596
753
596
736
596
815
596
773
596
234
596
4773
4017
12218
6805
4922
8753
4922
8753
4103
2254
9681
2254
8570
12922
355
11
13619
13577
8230
8904
8914
8904
10931
12636
2004
5823
4208
5296
4222
5296
5950
7746
10958
7746
6084
3588
4029
9336
4029
13679
13622
12749
11949
719
707
468
707
11278
4483
6361
9155
6367
9155
1549
11252
6812
5326
7678
5326
7280
5326
9736
5793
5835
5793
11820
5793
4366
5446
4360
5446
9386
5446
4368
5446
5476
5446
4359
5446
2919
10589
10210
9703
11150
3636
5567
3636
13923
9921
9930
9921
4273
5865
5600
5587
9490
5587
11694
13404
10799
3137
13385
3137
7709
3137
3762
2065
6840
2065
8586
13200
6818
13200
4748
2756
2763
2756
2636
12538
13310
2152
12543
2152
5914
13625
5332
2226
9821
2226
10957
2226
13555
2226
13473
2226
5394
2226
12462
9783
3784
10509
3606
10509
5483
12417
6541
12417
10883
6860
12567
6860
4876
6860
5463
6860
10578
3437
3119
3437
5686
2906
11487
2906
3472
2077
3265
2077
4944
8072
2465
4667
10089
12758
1562
12758
3847
2337
4626
2337
5535
5507
11053
6004
9826
4242
10944
4242
6460
4242
12718
4242
13826
4959
6963
4959
4993
4959
11872
4959
860
1310
1504
1310
7528
7878
9066
7878
8642
10160
6831
10160
8984
8234
6114
12279
6114
8243
6114
1763
1784
5909
2526
13572
2526
5409
2526
12339
2526
10483
1204
4992
4339
5017
4339
6976
4339
7472
1108
8298
1108
3386
4403
2263
10240
888
1366
1530
1366
13282
12851
8602
12851
10766
9238
1729
9238
2603
2724
8159
2724
4276
2724
9366
2724
3067
1586
3984
11524
11831
11524
11344
11524
3988
11524
3870
11524
7931
11524
5266
11524
13203
11524
3950
11524
3962
11524
5271
11524
6270
11524
7946
11524
7941
11524
4003
11524
12821
11524
3816
11524
7936
11524
5277
11524
11525
11524
3968
11524
3245
11524
4007
11524
2265
11524
3960
11524
3181
11524
8395
11524
2700
11524
5715
11524
13347
11524
6272
11524
5269
11524
9076
11524
6707
11524
3975
11524
3981
11524
3958
11524
7140
11524
2711
11524
3985
11524
2682
11524
3972
11524
3518
11524
7935
11524
3954
11524
8387
11524
4055
11524
3170
11524
9090
11524
3992
11524
3970
11524
3976
11524
3656
11524
3994
11524
3977
11524
3948
11524
7938
11524
3477
11524
9106
11524
6709
11524
3103
11524
3036
832
11371
11370
908
1182
1250
1182
1326
1182
11896
11158
4149
8533
4153
8533
6386
8533
4135
8533
3537
8533
4172
8533
13188
8533
13342
8533
4733
8533
3487
8533
3430
8533
13142
8533
9721
8533
13162
8533
4148
8533
4143
8533
3804
8533
4144
8533
13262
8533
3505
8533
13146
8533
3769
8533
3175
8533
13419
8533
3225
8533
8680
8533
13246
8533
12942
8533
13264
8533
3160
8533
1882
8533
4166
8533
4169
8533
13513
8533
4742
8533
3712
8533
3572
8533
12388
8533
3217
8533
3229
8533
3296
8533
3413
8533
3612
8533
3249
8533
6387
8533
4139
8533
3613
8533
4168
8533
3519
8533
13212
8533
3336
8533
3148
8533
13431
8533
3224
8533
13053
8533
13325
8533
3452
8533
6377
8533
3178
8533
13338
8533
11882
6161
7013
11997
1841
6885
13841
6567
5072
6567
4717
2095
4188
2043
4215
2043
5942
13356
5240
7064
12759
7064
1757
10185
1747
10185
5322
11494
8691
8119
6340
8009
7621
8009
2643
9020
1586
11780
5192
11780
4984
12027
5160
13963
2755
10572
196
473
142
473
2903
9110
687
123
692
123
11771
8871
6609
8871
9913
8871
6806
7213
13216
3061
7066
3061
1660
8265
8268
8265
7293
3238
7724
3238
4769
3238
55
763
5952
6420
12302
6420
6915
6420
4013
12857
3630
12857
7200
12162
4670
12162
6771
12162
6788
12162
6330
12162
5772
12162
6769
12162
7629
12162
6327
12162
7192
12162
6781
12162
7199
12162
7634
12162
13057
12162
5154
9498
13262
9099
9286
9099
13729
4948
11074
4948
10349
4948
4988
4948
14177
10479
4875
8550
947
1414
891
1414
905
1414
3373
9626
4025
9626
13774
8193
1846
1844
1835
1844
598
324
2249
8464
8866
7367
1798
5477
1759
8000
1743
8000
12730
9129
5899
13174
13296
13174
11265
11234
5182
11234
11246
11234
14167
11234
11239
11234
12213
6291
4639
6291
12179
3430
9740
3430
6390
3430
11400
3538
10661
3538
2323
2330
2289
2330
1554
9528
9034
8302
8320
8302
5712
4573
11947
12749
10346
12749
7805
11435
6037
11435
11436
11435
9888
7777
11079
7777
6560
7777
2326
8030
10149
9596
10752
9596
102
540
9480
8223
13938
13891
8554
7639
11595
12245
8216
10364
2858
12570
3354
1669
7044
11722
12186
11722
10741
8379
10735
8379
213
246
353
246
349
246
3967
10530
3252
10530
11345
12324
12445
12444
9171
4002
4873
4002
3908
4002
567
134
8701
10243
9939
9932
14064
9932
6917
10774
4451
6147
5622
6147
13281
3625
12547
3625
3859
3625
13499
3625
6915
3625
6940
3625
8821
6946
8228
10402
6627
5634
5158
5634
4613
6673
4615
6673
14088
14051
12195
14051
4974
8769
11693
11692
4713
13086
5148
12294
2659
10500
11324
10500
926
969
854
969
6922
9352
6123
11149
9477
11149
13297
10880
8685
8616
11910
8616
2619
12151
12407
13940
6841
6819
5826
7238
11965
3399
3413
6687
6377
6687
7620
6298
980
973
6386
2299
13431
2299
518
291
12078
4652
11492
4652
2511
4085
12498
9213
159
399
8830
8185
8830
8185
13136
6328
1990
4142
5326
10119
1599
14164
7849
14164
14183
14164
5669
14164
5905
6448
9708
8518
6200
5176
6516
4920
6516
4920
11486
10009
9574
10009
6768
7178
6724
10072
8931
4446
8933
4446
2090
4793
5001
4793
11013
4793
5984
4793
4338
4326
4203
13300
3367
13300
9864
7783
9588
3921
10549
3921
10607
4587
10634
4587
5960
4865
5960
4865
10411
5084
13791
5084
9472
5084
12721
2707
8474
2707
5731
2707
5755
2707
8473
2707
8412
2707
11094
6552
10993
3069
12653
2838
4884
2838
8731
4296
11766
4296
12643
4823
10632
9059
4606
9059
5643
12311
2281
11481
5037
5483
5037
5483
11124
9878
9376
8160
516
152
9637
13068
11650
13068
12973
6721
8530
6721
4849
10792
11001
6903
7770
6903
8181
6903
8581
2103
3648
2103
1196
1129
4067
12690
12297
6031
4895
6459
4873
6459
11411
11874
1488
981
1135
981
1492
981
837
1337
839
1337
13484
10206
6054
11028
12371
11028
9882
11028
1422
897
10920
10822
5849
10822
10909
4271
6477
4271
499
406
1891
1894
10897
4176
5942
4176
8209
7352
11063
7352
5482
6001
6973
10998
9025
2677
2676
2677
13334
7932
12365
12862
4370
12157
4370
12157
4091
9048
4089
9048
7315
7626
12370
7626
5894
7626
11227
12655
7828
12655
7412
12655
11951
9367
7771
5963
2703
10000
2715
10000
2640
2643
2635
2643
8231
13994
3358
1661
3123
3668
3981
7498
3985
7498
5429
5895
5939
5895
715
376
716
376
451
376
2437
9136
6143
3826
9923
3826
10913
9777
932
927
9110
10030
9615
10030
8644
10653
7217
7596
10707
7596
5886
7596
7720
7596
10176
7596
8031
7596
8066
7596
7231
7596
4702
9639
4660
9639
11452
5925
2112
4170
2653
11511
1196
1099
997
1099
7193
6754
11636
6754
10368
8842
13658
8842
3007
7528
34
395
3844
11131
3110
3034
4609
3034
9917
6128
1606
5216
4166
6708
6377
6708
1847
1856
1855
1856
6739
12810
3984
12810
11831
12810
11344
12810
3988
12810
3870
12810
7931
12810
5266
12810
13203
12810
3950
12810
3962
12810
5271
12810
6270
12810
7946
12810
7941
12810
4003
12810
3816
12810
7936
12810
5277
12810
11525
12810
3968
12810
3245
12810
4007
12810
2265
12810
3960
12810
3181
12810
2700
12810
5715
12810
12839
12810
13347
12810
6272
12810
5269
12810
9076
12810
6707
12810
3975
12810
3932
12810
3981
12810
3958
12810
7140
12810
2711
12810
3985
12810
2682
12810
3972
12810
3518
12810
7935
12810
3954
12810
8387
12810
4055
12810
3170
12810
9090
12810
3992
12810
3970
12810
3976
12810
3656
12810
3994
12810
3977
12810
3948
12810
7938
12810
3477
12810
9106
12810
13307
12810
6709
12810
3103
12810
13676
2108
5364
2108
6467
13171
13474
13395
13474
13395
4841
9712
4892
9712
2351
3631
10288
4834
13080
4834
9695
8481
11115
11101
5966
13568
4415
6098
4415
6098
6655
14153
7057
14153
8072
12059
5992
13392
9321
13506
7856
1610
1610
9547
7851
9547
2560
3663
6739
12731
13613
4897
8732
5768
11028
13640
9757
10771
4460
9486
2087
4114
2636
2648
13079
9151
8600
9151
11801
11616
5544
11616
5524
11616
7389
11518
7814
11518
2856
12701
4344
4927
7755
13273
856
1237
9293
4706
5779
4706
9236
4706
2972
7282
13389
13284
14144
14134
4494
14134
10892
5378
8746
5378
6060
5378
5922
5378
10296
5378
5932
5378
7000
10381
9618
10044
5286
10044
8640
3150
12827
3150
13384
7468
7128
7468
13730
5560
12737
5560
9520
9514
251
387
702
387
12592
12136
4263
12276
4797
6807
6409
6807
6853
6807
3829
14120
3911
14120
5371
12048
6118
11842
5503
2101
7819
2101
6952
2101
4997
2101
6829
8511
12803
3055
9727
3055
7801
6975
6836
13236
13187
10107
5754
10107
8002
2979
9818
2979
4942
2979
1755
1766
1410
1077
1261
1077
12684
10017
12781
10017
2857
3162
2831
7988
12208
12829
4582
12829
8894
8874
6612
5585
6146
5585
14035
4441
2288
5867
878
879
1527
879
1564
89
740
6677
7081
7904
7081
1911
7081
8327
7081
7104
7081
6268
7081
6379
7081
5294
7081
6809
7081
9021
7081
7889
7081
7204
7081
11685
10869
1768
1780
1849
9157
4155
9157
577
777
7092
12799
3358
9966
2766
4049
11549
13426
2601
2833
2599
2833
763
156
6027
12318
9599
9561
3971
9561
6391
4109
6394
4109
2618
8997
12662
7486
4643
7486
14129
4475
12396
4475
4135
8370
4742
8370
14068
11533
5872
4743
2757
4743
4772
4743
4785
4743
4165
3233
1425
1522
1816
8524
1822
8524
4358
12579
6537
12579
8032
7547
1655
8491
6314
11407
6314
733
730
223
730
85
730
15
730
7042
7035
12665
7035
470
128
688
128
252
128
13311
4274
6388
12110
12489
13381
12608
11871
12609
11871
11454
11871
10848
5786
5989
8780
9705
9027
2165
9027
10704
9027
2369
9027
12880
9027
2222
9027
2435
9027
6261
9027
10605
9027
12890
9027
9238
9027
2103
9027
10056
9027
8548
9027
10561
9027
10543
9027
9582
9027
2244
9027
8470
9027
10590
9027
7937
9027
9717
9027
8041
9027
2370
9027
11961
9027
7940
9027
8026
9027
1866
9027
7989
9027
2303
9027
8021
9027
10194
12020
10504
12020
9692
8044
13724
13663
13899
9468
1430
863
10211
3533
6328
3533
13814
9282
5898
9282
9768
9282
9786
9282
10794
8494
273
440
582
35
384
35
593
35
10394
12430
10377
12430
4058
12350
4061
12350
12013
10544
3236
10544
6906
7712
3082
10470
563
139
7760
5412
6932
5412
5956
5412
8345
12400
13304
12400
1978
6361
11338
6049
7377
6049
9889
6049
13769
13706
331
318
14004
12502
11402
12502
8923
12502
2175
11984
13660
6941
1419
1420
12405
11047
9891
13768
5547
13768
11253
5145
6185
5145
679
573
5275
12953
13092
12953
13525
8722
14150
5665
5227
5665
1657
4505
9364
10517
13182
10517
5854
10517
13748
11379
6934
11379
7332
11379
13858
3010
6543
3010
11572
3010
3858
12409
3304
12409
1664
9988
6210
12333
6659
3915
5674
3915
7410
5593
2933
13142
11105
5519
13540
8692
10916
8692
12084
8692
4871
8692
11610
10955
1309
1282
1348
1282
14155
1634
6930
1634
9380
1634
10947
1634
4113
7561
4120
7561
9849
11769
9403
11769
5988
11769
81
262
6550
10335
13939
5623
5471
11014
11676
11014
1418
871
11577
11104
4691
7966
4688
7966
2001
12836
7174
12836
8443
12836
9649
12836
10680
12836
5296
12836
9660
12836
10684
12836
5748
12836
2191
12836
10678
12836
8459
12836
9651
12836
9662
12836
4657
12836
3458
12836
10117
12836
10665
12836
9656
12836
10706
12836
13327
12836
2167
12836
10672
12836
9645
12836
8453
12836
8004
12836
10697
12836
2295
12836
8008
12836
6310
12836
2162
12836
8455
12836
2033
12836
2347
12836
223
27
12272
11193
11567
6605
5619
6605
4366
1967
1968
1967
9386
1967
4359
1967
8864
6058
11870
11464
11096
11061
2030
4740
975
1210
3587
12099
2402
12099
10677
12099
2253
12099
2553
12099
10592
12099
2459
12099
7975
12099
3951
12099
6344
12099
2146
12099
8552
12099
10616
12099
9189
12099
10159
12099
2521
12099
2221
12099
2391
12099
2302
12099
10714
12099
2353
12099
2045
12099
10573
12099
10615
12099
1863
12099
7167
12099
9609
12099
8477
12099
2239
12099
1914
12099
12049
11550
4012
7514
3997
7514
976
1304
1338
1304
9766
10742
8985
11265
6888
6427
6390
6347
3725
9162
11229
11223
4459
11223
13475
4091
4270
8107
8056
3322
8058
3322
13542
3322
7343
10990
3787
12472
13551
8435
11829
2422
6542
2422
13469
2422
13452
2422
13171
8017
13321
8017
1867
12704
11457
12704
3131
2048
3144
2048
7736
5852
7741
5852
10884
5852
2088
6397
2662
11302
12167
8234
12554
12129
1807
1812
13256
6279
10737
6279
11060
5022
14056
5647
7368
7788
10934
4319
3419
4319
11522
4319
13593
9376
3416
9376
6945
9376
9755
10220
12647
10649
11856
11855
11315
4798
8576
5305
12500
7173
9188
7173
9184
7173
2101
2100
2075
2100
148
646
449
646
12502
6134
13719
9873
4443
3637
4443
3637
13424
12437
12436
12437
5505
13779
13890
4992
5100
4992
11156
4992
13930
4992
9732
10491
12798
10491
1354
1510
1356
1510
6893
9766
12135
5488
410
727
409
727
479
727
731
727
1723
1732
4934
3136
5830
3136
1277
1369
894
1369
7988
5262
7609
5262
1596
1598
1597
1598
13707
2757
5920
2757
11345
2757
6029
2757
11529
2757
2598
4828
883
1014
2566
3964
5349
6826
10793
6826
6312
6293
2890
9040
10238
7233
8116
7233
8713
8629
8770
8629
13270
8629
5051
12674
5097
12674
11087
12674
9910
13841
6604
13841
6141
13841
1516
1507
1370
1507
11265
11247
11873
11247
8251
11247
6216
11247
6216
11247
13666
8139
4047
10096
3124
10096
13816
1781
5977
1781
6892
6365
7238
6365
6389
6365
5457
13354
12626
11890
47
724
6417
8513
8709
8513
11962
8599
6111
11662
9938
11662
4185
6323
13052
6323
6369
6796
2428
4016
583
169
5472
6443
11041
6443
95
470
407
470
7273
6775
7262
6775
166
120
263
120
8092
9218
3406
8391
1883
8391
11272
6202
8260
6202
14131
6202
3853
10126
4174
10126
13829
11415
12568
11415
4400
11415
9107
10556
13192
9685
13192
9685
1610
1611
10853
4697
6455
4697
10839
12931
13071
12931
8513
7619
2778
7493
4956
5968
12653
2867
12022
2867
10671
3630
11976
3630
7289
7250
10269
7250
12376
11214
9549
11214
11706
8610
12382
10971
9607
9043
10746
7565
4722
7565
7888
7887
8303
7887
1032
1252
3724
2912
4576
2912
5612
5080
4425
5080
13079
12901
12992
12901
6442
4727
2705
7523
13756
4906
8731
6440
4204
4128
13584
4128
206
543
606
543
101
543
540
543
792
543
38
543
9973
5661
4498
5661
12136
10658
10722
10658
6924
10658
8151
10884
2824
13318
4201
9660
3125
9660
8842
11023
5634
5614
8574
3151
5760
3151
13094
12995
2257
2325
10225
2325
13509
2325
9307
2325
12308
6908
13310
2153
3108
2153
2766
3425
13259
13063
13221
13063
11223
14060
10426
14060
14168
9912
5220
9912
10426
9912
8232
9912
8075
8056
13416
13025
6811
13025
5186
11261
1558
11261
3121
13548
1876
10993
1063
966
9530
5167
14136
5167
3878
11880
11065
11880
11065
9163
5257
4083
5257
11311
10139
6369
10139
373
749
224
749
10821
8096
1800
8096
6145
11153
11201
11153
14061
14025
9263
8538
10773
8538
8689
8538
11376
4940
5000
4940
12635
10259
13877
13829
5867
6406
7341
10942
9376
2278
7340
2278
9869
4360
4149
9233
12899
9233
4153
9233
6386
9233
4135
9233
3537
9233
4172
9233
9259
9233
13188
9233
4733
9233
3487
9233
3430
9233
13142
9233
9721
9233
13162
9233
4148
9233
4143
9233
3804
9233
4144
9233
13262
9233
3505
9233
13146
9233
3769
9233
3175
9233
13419
9233
3225
9233
13246
9233
12942
9233
13264
9233
3160
9233
1882
9233
4166
9233
4169
9233
13482
9233
4742
9233
3712
9233
3572
9233
12388
9233
3217
9233
3229
9233
3296
9233
3413
9233
3612
9233
3249
9233
6387
9233
4139
9233
3613
9233
4168
9233
3519
9233
13212
9233
3336
9233
3148
9233
13431
9233
3224
9233
13053
9233
3512
9233
13325
9233
3452
9233
6377
9233
3178
9233
13338
9233
2406
3599
12040
14022
7044
14022
4464
14022
9212
3011
9181
3011
7246
7218
11867
10790
5498
11582
4828
8126
13533
13155
11769
13155
3969
2578
3957
2578
5840
12904
8648
12904
12713
12904
10243
8636
8132
6839
8133
6839
3046
1275
13414
2713
9053
2713
4406
12753
5900
5845
5641
8922
12771
501
12768
501
3712
2956
3512
2956
5241
1381
4554
1381
8364
1381
4903
9788
11524
11657
13595
5466
5082
4385
2212
4090
10391
7376
7393
7376
12176
7376
7265
3567
6831
3567
13691
8892
6107
8892
11456
13190
4357
13190
5810
10755
11211
4408
11224
4408
11226
4408
12113
11969
6247
7873
7504
7873
1813
3267
4321
13579
4386
7766
939
1126
1494
1126
1130
1126
2448
4052
12679
14183
1654
3377
5224
3377
8266
3377
4285
4165
3684
4165
7951
7912
5273
7912
11515
7912
4595
2477
4597
2477
2947
2998
6891
2998
12646
13917
12301
6576
13954
13905
6888
7660
10301
7660
11678
6678
8051
6678
13547
6678
9903
1933
13808
1933
4122
2129
8517
2129
3197
10056
9667
10056
6583
11784
12516
11784
13507
6741
13517
6741
5007
12382
12269
12382
10341
12382
9032
5251
6607
13902
8906
13902
13934
13902
2090
13748
4877
10248
6449
10248
12228
9250
10815
9250
11818
9250
8960
3189
13892
3189
13979
3189
4452
3189
12055
3189
6640
3189
8858
8198
11799
8198
8903
8198
12450
8198
13730
8198
13784
8198
7033
5152
10441
5152
11698
5152
6988
9887
9603
9565
3427
9565
11433
4943
13405
4943
13524
4943
4380
4943
12133
11489
6955
2117
5073
2117
975
1373
2213
4676
1687
7685
10798
7685
4123
9619
6791
9619
804
780
11709
9493
11710
3468
13914
3468
6098
3468
4415
3468
5121
8228
5122
8228
4577
9006
10516
9006
366
737
612
737
1859
1879
1880
1879
5135
13996
11622
13990
9915
13990
11917
5986
4594
4578
10595
4578
447
691
468
691
12408
8980
4675
9116
12906
9116
4322
11651
3779
2368
3360
2368
5525
13643
7800
13643
3343
8596
7187
6376
7187
10449
9523
7744
2443
9384
2443
5995
2443
1327
1096
1488
1096
1257
1096
8692
2993
6424
2993
13608
2993
4821
2993
2822
3145
8138
8657
6435
13504
4331
3431
3111
3431
9770
3431
6432
3431
2581
11922
7304
4814
4882
2331
12394
2331
2323
2331
1168
1135
3082
8506
3897
11927
3897
2227
9732
10809
9732
10991
10974
6856
6746
9201
6746
5207
14071
14112
8969
12187
8969
6220
5236
3210
11892
1933
1938
1935
1938
13577
13477
6546
13477
7854
1605
1604
1605
5872
4748
9248
4748
4772
4748
12620
4748
10323
9345
5560
7805
8205
9425
4196
11538
10212
11538
10909
4159
8120
4159
8118
4159
8600
9224
2969
9607
10980
13286
12131
13286
3348
13627
9395
11808
2448
8821
2448
11810
2448
13383
2448
11708
11636
5935
4861
3233
3463
6691
3463
7338
12252
3161
9194
3864
9194
8812
2022
4998
2022
4995
2022
5895
12949
6450
12949
6445
12949
13225
12949
6846
8582
8611
8582
8627
8582
2414
7977
11189
9463
4661
2363
3634
2363
5255
7089
6712
7089
11904
13234
13324
13234
10442
4454
13269
10037
7147
10037
4870
2273
4287
2273
5161
14019
11250
14019
2418
8489
14048
11198
8241
11198
6072
6053
3879
4255
5035
13807
11637
13815
1765
1775
11604
2573
3369
2573
8663
2573
399
6
2712
2718
5839
7211
10836
8651
4245
8651
11704
12116
11704
12116
4972
11980
3876
13943
8943
13943
703
601
149
601
9963
9534
7785
12006
11230
11228
13963
11228
7030
11228
6049
13690
11871
13812
5132
5598
4879
5387
1006
1175
1314
1175
923
1175
3239
10601
4032
10601
3863
13424
13681
13617
3276
3060
3223
3060
7441
9983
1603
9983
5223
9983
5453
13605
11440
13605
8764
13605
11540
12338
4484
12338
2317
3986
3308
4847
13759
5526
3469
10389
13417
2547
11397
2547
4824
2547
8669
2547
11488
2547
11988
12958
1828
4290
967
876
963
876
12773
818
12783
818
2320
13602
2320
4759
11813
4759
10828
4759
4854
4759
6559
8784
4384
8784
11002
8784
7791
8784
14026
5628
11545
5628
4732
10631
3407
10631
13554
12671
5439
2794
4928
2794
8767
2794
4432
4421
13920
4421
4402
5496
3594
2247
4929
2247
7226
2247
4272
2247
7397
8890
5901
5876
4275
5763
14104
8247
3699
7607
5819
7607
11311
7224
2176
3194
8929
11629
13978
11629
13218
5695
7628
5695
2308
3847
8787
9805
5421
9805
14090
12456
11050
7345
8202
7345
7799
7345
11095
7345
12186
12040
7045
7425
6643
7425
4009
3939
7570
3939
1916
4123
2145
7194
8264
9977
1663
9977
13043
7105
9709
7105
8300
7463
7871
7463
7234
7463
9017
7463
7995
7463
5694
7463
9013
7463
6685
7463
3786
7463
3896
7463
3567
7463
6746
7463
2386
7463
8534
7463
2142
7463
2293
7463
9028
7463
9005
7463
2988
7463
12144
7463
7924
7463
7156
7463
2357
7463
6748
7463
11480
7463
7560
7463
10697
7463
2188
7463
9001
7463
6686
7463
7503
7463
8301
7463
5008
5373
11837
5373
8636
6334
6366
6334
4228
6334
6634
7015
6634
7015
4456
7015
5562
11391
5549
11391
9460
11391
10636
5725
8418
5725
3015
5725
2222
5725
7958
5725
7576
5725
4634
5725
2235
5725
13059
5725
10639
5725
5285
5725
3610
5725
9641
5725
10638
5725
2349
5725
7574
5725
9633
5725
3014
5725
2813
5725
2915
5725
3035
5725
2849
5725
11937
5725
3004
5725
7970
5725
10111
5725
2981
5725
10643
5725
2967
5725
7577
5725
10263
8662
7398
7395
13708
7395
9428
6954
11514
11513
8523
11513
12695
3494
12481
11599
11833
11599
2111
4171
11916
2158
4078
2158
12242
6921
5229
14135
12267
1556
12267
4045
6703
3490
6703
7339
1806
3547
1806
7806
8855
482
443
10771
3696
4814
3696
8590
3696
10786
10604
8177
5432
11011
5432
4270
10227
13739
13704
14060
6123
9914
6123
3215
1660
4474
6165
678
662
1244
1152
9410
3873
12683
5199
3376
12642
3935
12642
12348
6093
769
96
6518
7732
2427
7732
2428
10197
6085
5069
4404
5069
11631
4307
6046
10315
13665
11034
5301
12816
12337
570
12343
570
13562
4645
744
79
2820
4074
4154
7983
4136
7983
10469
5210
5217
5210
5666
5210
14170
12313
12312
12313
92
718
731
718
8227
3787
8908
3787
13999
3787
11193
3787
3883
3787
13818
3787
1015
1517
1274
1517
1209
1517
7028
5539
14041
5539
5599
5539
1499
1481
1225
1481
9543
1593
14190
1593
1681
1682
1679
1682
11883
8261
8977
8261
11294
12591
9981
12591
5220
12591
2661
10537
1023
1020
1535
1020
1523
1020
8954
12043
6609
13853
11728
13853
9913
13853
12707
11610
13709
11610
3398
11610
13620
11610
11510
11610
8890
8214
13705
8214
2942
2944
4264
2944
1424
1520
5070
6545
2616
2622
2620
2622
10658
8415
9217
8037
9215
8037
10173
8037
5326
8037
8518
8037
12110
8037
13089
8037
5318
8037
9212
8037
13192
8037
5325
8037
912
1482
1054
1482
1134
1482
840
1482
11389
6270
11941
6270
8507
6270
9731
9211
3154
9211
12920
7534
13240
7534
12875
3920
12833
3920
12686
3920
10097
3005
3422
3005
821
109
11720
4720
6003
6528
13565
7754
13394
9291
13166
9291
9333
9291
6325
8318
12075
8318
10700
8318
2120
2779
3321
2779
13413
2779
5446
1966
1967
1966
11211
11862
11224
11862
11226
11862
6394
3532
5347
3532
2858
13157
13907
6596
9517
6596
13969
6596
7860
1009
11037
8799
8983
11690
11287
11690
4514
11690
1558
11690
4310
2014
4286
2014
13727
5454
13408
6498
6108
6498
6150
13861
10393
9420
4165
13334
4173
12068
406
286
287
286
9907
8829
6120
8829
12909
12874
6824
12874
3289
3232
591
735
4858
5255
10594
5255
6577
5053
13974
6626
12757
6626
5837
4628
3769
4628
5448
6932
11316
5759
573
644
658
644
195
268
139
268
5629
10418
11876
10418
1652
10418
11939
6352
9315
6352
11575
6352
14146
4496
5094
1980
6098
1980
11754
1980
13962
1980
4415
1980
7012
1980
5985
5421
8093
10757
4929
12511
6428
9673
5310
3281
5317
3281
5773
3281
7429
9946
2278
4008
945
915
905
915
9023
7459
2949
7459
7874
7459
2774
7459
9105
7459
10509
7459
8302
7459
3533
7459
8400
7459
7880
7459
7470
7459
2290
7459
8448
7459
9158
7459
3045
7459
12309
7459
6231
7459
9730
7459
13058
7459
2385
7459
7571
7459
6301
7459
6800
7459
8005
7459
7661
7459
8362
7459
7959
7459
9689
7459
7569
7459
9004
7459
2812
7459
3901
7459
146
435
265
40
4
40
130
40
6443
10849
14187
4387
5533
4387
2420
4598
6093
11655
13887
11655
6584
11655
4710
5290
7086
8276
10537
8276
4838
3581
11854
3581
11514
7903
7120
7903
3681
7721
10278
7721
8698
7721
1071
1216
876
1216
1155
1216
874
1216
1643
4526
7758
5847
10978
5847
10871
5847
7307
5847
4352
5847
12691
5847
4387
13894
2725
7160
1431
892
1044
1332
6360
2149
6329
2149
9793
4236
10294
8701
10921
8701
11003
8701
3405
7552
4757
7552
1575
14174
11245
14174
7031
14174
7217
6783
7706
6783
641
623
10129
2471
9173
2471
14070
14040
14044
14040
498
183
6836
13151
2920
3371
506
411
8651
10684
5861
10684
5888
5814
9865
8178
9890
9860
4946
8731
4865
11311
7291
11311
5960
11311
7306
5861
4860
5861
11782
10858
3638
2423
11337
2423
8997
7448
10501
7448
1213
1164
5450
7328
7647
7185
6353
7185
2217
3323
5360
10064
10625
10064
358
381
1526
1270
2608
2609
2612
2609
4848
1813
1797
1813
1274
1068
2377
4001
533
213
239
213
6464
12481
1310
1406
1254
1406
1958
10751
13403
7298
452
427
774
427
404
427
2004
7687
3591
7687
10811
7687
5343
5748
13368
5748
4895
9171
7160
6238
4043
6238
11059
8810
6135
7819
14006
7819
11183
7819
8899
7819
12624
7819
9183
9567
10708
9567
6776
9567
9891
9885
9451
9885
8865
9885
2943
13386
1407
922
1359
922
12468
11052
1656
4539
13568
8704
9371
8704
8733
8704
3318
7673
8659
7673
13375
12174
5971
12174
5870
12234
7283
12234
13492
7946
9361
7946
2437
11749
11618
12435
11130
11092
4290
8472
4283
8472
2440
3715
9489
9903
10412
9903
5589
9903
8937
9903
11858
11857
9779
11857
13377
11857
2207
9721
5901
5307
2412
13162
2378
4210
5093
9459
3388
11122
10328
10309
9402
10309
5023
10309
12525
5645
12474
5645
9938
10433
1355
1187
12522
6639
6199
6639
917
837
13741
10372
9444
8836
6635
7030
12622
6777
7716
6777
6834
6777
12582
11294
13301
5720
9637
5720
13894
12692
4367
12692
2728
12086
4340
9754
5152
13951
4900
7291
5733
8333
3854
8333
1704
10762
7396
7000
6116
7000
13847
7000
453
192
7985
8409
2707
11570
4728
6367
4252
6367
6823
9142
5807
9142
4460
11245
10648
3662
7283
3662
7426
8953
8956
8953
2646
11324
11308
11444
12654
7420
1755
1767
8707
12722
4149
2009
4143
2009
5669
6213
7441
6213
4373
8433
2614
10673
2614
9146
2614
4033
2614
2042
4148
4361
11851
7009
13717
10916
10434
11180
10420
11180
7829
11180
12238
11180
6142
11180
14008
11180
5887
3163
12510
3163
4042
8400
3373
8400
2672
7119
9462
9448
9252
8502
9257
8502
6457
9328
4201
2191
13341
2191
9758
8064
11086
4725
11816
4725
8732
4725
10949
4725
11085
4725
5239
1028
9390
9819
7150
7885
9062
7885
3761
7567
3147
7567
7320
4763
13474
4763
13395
4763
13412
4763
7725
4763
1012
1248
1514
1248
1008
1248
8804
4876
10337
4876
13779
4876
12188
4876
11015
4876
6950
4876
13050
3650
9356
3650
13592
3650
3302
9298
3833
9687
6613
11758
6110
11758
826
1050
1204
1050
2857
4695
13475
3359
3781
2881
3231
2881
9103
2459
13150
2459
4076
11417
7188
11417
4079
11417
10129
11417
3675
11417
3261
11417
4085
11417
4706
11417
7988
11417
3323
11417
13218
11417
6757
11417
3139
11417
10131
11417
3666
11417
13269
11417
10116
11417
3263
11417
10132
11417
5303
11417
4071
11417
9149
11417
7177
11417
4065
11417
8011
11417
3790
11417
4704
11417
8007
11417
3109
11417
4680
11417
9163
11417
3665
11417
3623
11417
4083
11417
6740
11417
4080
11417
3834
11417
3723
11417
3722
11417
4081
11417
3875
11417
3609
11417
3779
11417
13127
11417
4082
11417
9143
11417
13353
11417
9147
11417
4093
11417
3360
11417
2150
11417
5753
11417
9137
11417
4086
11417
7279
8430
11459
8430
10797
8430
2708
8350
3756
4199
10358
11067
365
251
584
251
12386
12494
2524
10300
14085
5165
9552
1847
1857
1869
1857
8882
6069
1234
1499
1039
1499
8146
6878
5432
6878
12116
5093
11704
5093
11763
5093
6645
14063
11455
14063
1050
998
1007
998
2833
2832
5850
2832
8114
2832
11483
2832
7092
12780
7519
12780
13301
13027
12114
13027
6954
10330
5010
10330
10336
10330
12525
12524
3018
8579
7842
10450
13427
3445
6407
3445
11590
4229
3735
4229
2635
7072
13321
2345
13333
2345
4724
10178
10485
7860
12930
7860
12755
5123
14037
5123
766
745
486
745
3123
3131
13337
12997
8612
12997
14021
4432
8020
10564
9088
10564
6913
12370
7827
13651
12263
12769
4817
3168
6489
5906
7530
8294
9066
8294
9516
7397
12431
7397
12212
7397
1393
1055
13851
6080
12315
5727
4016
9086
3273
9086
12177
11836
14099
7017
14033
7017
2279
4661
7127
7107
8265
9975
4520
9975
1653
9975
4022
3995
2095
3995
1990
4143
5328
10729
6960
7347
8849
7347
13797
7347
4396
7347
6047
7347
5044
7347
13390
12379
10856
12379
2821
8324
10966
9807
10966
9807
12387
7427
2821
3489
12215
8444
6812
5697
7280
5697
9738
5697
2658
2670
2664
2670
3828
3827
14036
3827
3842
2389
3449
2389
8676
11953
10334
6514
9850
6514
6010
12142
3411
10699
3851
10699
12401
14150
13171
7605
3330
7605
3165
8245
2632
11333
5674
11333
12457
8570
9733
8570
3367
11409
10327
4968
2699
10195
12499
8749
6065
6966
2508
11472
4431
11169
5677
1044
13016
12223
8620
12223
1242
1148
9361
10263
11123
6561
5092
6561
6574
6561
10413
10394
11177
10394
11635
13129
1826
9174
1833
9174
14106
6167
13281
12302
2559
3819
4368
13726
5497
13726
10430
11704
11705
11704
13997
11704
269
347
393
347
7437
12464
2031
12193
11422
12193
7302
3365
5972
10225
2281
4614
8777
4177
13579
4177
12473
4177
10312
4177
2996
13218
11476
2465
5937
2465
11795
2465
12479
8857
12478
8857
9150
10081
12438
12265
4446
12265
13967
10424
12716
13099
12551
12550
13654
10344
13654
10344
2660
2676
4488
7143
10535
3222
10535
11365
13020
3973
13020
6022
5992
6382
12871
8638
12871
2850
7941
4066
13110
3159
13110
5441
5828
10971
5828
13352
5828
11005
5828
12691
5828
11941
3840
11845
3840
8507
3840
5196
3275
10459
3275
3911
3275
1614
3275
9336
10831
8735
4262
7796
7361
6568
7361
6569
7361
3396
13692
12638
13692
11144
13692
1968
1984
1971
1984
2686
2706
5755
2706
8473
2706
12532
12533
6397
2102
3708
2102
4810
5319
9706
5319
5804
5319
9424
6022
8841
6022
8840
6022
8848
6022
2864
4647
8922
5134
12011
5134
12575
5134
2246
6712
11662
13695
2645
11579
1317
1287
911
1287
1344
1287
7352
10317
10998
10317
6422
5798
2538
4305
8112
9708
11328
9708
10818
9708
3008
3575
13488
10801
9938
13870
6689
11502
11503
11502
4739
10710
8852
8851
3324
2504
3511
2504
9278
11400
8969
7044
4825
12984
10874
12984
7312
12984
8531
2204
4160
2204
2995
8035
4277
11430
12016
11430
4658
8417
4705
8417
2641
2642
2637
2642
13612
7314
8851
7314
13687
7314
6050
7314
12477
7314
4014
11350
3488
11350
4042
11350
4022
11350
3230
11350
7997
11350
5756
11350
1989
11350
8428
11350
4026
11350
8447
11350
4046
11350
4054
11350
4053
11350
8015
11350
3280
11350
4017
11350
4029
11350
2095
11350
8464
11350
4016
11350
4052
11350
7977
11350
3371
11350
8430
11350
4019
11350
4027
11350
4047
11350
4044
11350
3373
11350
4056
11350
3239
11350
3661
11350
3482
11350
3172
11350
7999
11350
8012
11350
4037
11350
3218
11350
8003
11350
12893
11350
13457
11350
3517
11350
3748
11350
13292
11350
8449
11350
3124
11350
5741
11350
13277
11350
13170
11350
4032
11350
3273
11350
4045
11350
4031
11350
4025
11350
3244
11350
3490
11350
13508
11350
4020
11350
3375
11350
605
355
13758
6547
10402
6547
13787
6547
5954
8758
4342
2924
10896
2924
10934
2924
7321
2924
3419
2924
11522
2924
11993
6486
11108
6486
6017
6486
12402
13254
8128
13254
7773
14155
12150
14155
7057
14155
2338
3804
12173
12842
3773
12842
13612
13526
8851
13526
6050
13526
460
307
20
307
1893
4251
1687
1694
511
527
5376
8081
5026
13594
3474
13594
13780
13594
2334
2351
2335
2351
12630
11276
14151
11276
10858
13136
9314
13136
11946
13136
4641
3451
1649
14182
1753
10804
1037
1264
6745
13048
927
1170
847
1170
4820
8655
12301
6988
10298
3125
11682
3125
13213
10581
8086
10581
4848
1818
1798
1818
13711
5578
9406
4986
12298
11799
1803
7975
1810
7975
2023
2042
2041
2042
13716
8862
12714
8862
1399
911
12404
11318
4322
2185
2184
2185
2427
2428
4947
2428
11864
2428
5419
2540
6529
2540
11339
2540
7343
9397
2217
3328
11971
523
3309
523
7630
523
12924
523
272
73
54
73
11482
10736
6629
6152
6193
6152
10644
9605
14143
14130
10455
14130
4518
14130
579
277
6168
13876
5622
13876
5536
11829
6148
7807
10914
9347
8658
2240
6561
9427
2840
2875
2873
2875
2945
9068
1386
1232
8281
5676
13296
8690
13576
5943
8162
6468
4349
6468
5430
6468
1345
1316
866
1316
1344
1316
8984
1587
409
363
17
363
8173
2070
4999
2070
10997
2070
5468
2070
10716
2519
9685
2519
12967
6282
3272
6282
461
315
326
315
5304
13059
4660
13059
2834
8311
144
535
6929
5940
1450
1072
4959
4257
561
274
9960
12171
356
638
11438
5360
10627
10035
9098
10035
5456
11810
11782
9314
2214
2219
5007
2219
12269
2219
10341
2219
1165
1473
1485
1473
7007
13833
3319
2227
5397
2227
13464
2227
4367
5408
7354
5408
11184
10411
13469
13406
2562
13492
5436
9361
6492
9361
13363
9361
7732
12518
2439
11701
9678
2907
3162
2907
8109
2076
3217
2076
3603
3436
8577
3436
13533
13468
966
903
7997
2336
13277
2336
9527
9941
14086
9941
6969
13495
13529
13495
5573
11731
4901
4845
4901
4845
13690
2527
5019
2527
5045
2527
12574
2527
12004
2527
799
161
8411
3721
4645
3721
9120
3721
6434
7708
10826
7708
8683
7708
11589
7708
6428
7708
13052
7708
10838
7708
5851
7708
12057
7708
5860
7708
725
285
79
285
2410
4003
2458
12616
2518
12616
1995
12616
2124
12616
6784
12616
2027
12616
3705
12616
13011
12616
10153
12616
2147
12616
8476
12616
3786
12616
3835
12616
2152
12616
12409
12616
2153
12616
2273
12616
2014
12616
8472
12616
9206
12616
2013
12616
10158
12616
8497
12616
2290
12616
12325
12616
7622
12616
10142
12616
9178
12616
3531
12616
1921
12616
9677
12616
12971
12616
3683
12616
8500
12616
8470
12616
3126
12616
2346
12616
2189
12616
7618
12616
6331
12616
7637
12616
1864
12616
2238
12616
2376
12616
2036
12616
2105
12616
9676
12616
3644
12616
10145
12616
9191
12616
1929
12616
13233
12616
12346
12616
8039
12616
2037
12616
8477
12616
6336
12616
12748
12616
9196
12616
2197
12616
7204
12616
4064
12616
10143
12616
7625
12616
1976
12616
729
629
574
629
6021
5385
5925
5385
13643
5385
9399
5385
11057
5385
10299
5385
14028
4466
4476
4466
1721
9653
1709
9653
4781
10777
11064
11030
10345
11030
6555
11030
13900
6144
11932
10639
3268
10639
8028
13591
3155
6372
2003
6372
1804
6372
3317
6372
13676
6372
1873
6372
8626
6372
11712
6372
13278
6372
12983
6372
11703
6372
13357
6372
1761
6372
1865
6372
3764
6372
13174
6372
1812
6372
11749
6372
3359
6372
3131
6372
13265
6372
3621
6372
8721
6372
13335
6372
1826
6372
13153
6372
3766
6372
12916
6372
13516
6372
1948
6372
13205
6372
2005
6372
11697
6372
3206
6372
13001
6372
12959
6372
3429
6372
3114
6372
12577
6372
2266
6372
13140
6372
1927
6372
3728
6372
3869
6372
3798
6372
3144
6372
11469
6372
1790
6372
1850
6372
3363
6372
3867
6372
1756
6372
13152
6372
13421
6372
13263
6372
1833
6372
1922
6372
1771
6372
13258
6372
13446
6372
1807
4212
5829
5779
12731
12821
7151
12821
7582
12821
5732
12821
12421
12821
12864
12821
13415
12688
13186
12688
7682
12688
11799
12297
13784
12297
5158
5637
398
9
8536
13070
6083
10367
4159
2657
4190
2657
13728
2657
2651
2657
7344
1698
1685
1698
9688
6762
5659
8256
2524
11000
1630
1632
7757
1632
9380
1632
10947
1632
4489
12586
5361
4156
6904
5369
4104
11675
7428
3737
2992
3808
6578
12327
6070
12327
8775
12447
6931
12447
10945
12447
8344
7479
7912
7479
7033
7402
10441
7402
11698
7402
6507
9822
7418
11237
2568
13177
11826
8149
4959
8149
10342
8149
6531
8149
7582
7500
7938
7500
14124
1681
10985
1681
6043
1681
9861
1681
8726
7243
4771
8603
5365
8603
4572
9998
7897
9998
2557
7092
6683
7092
3434
7092
6778
7092
3183
7092
2701
7092
6294
7092
4006
7092
3250
7092
4013
7092
4018
7092
7158
7092
5733
7092
3854
7092
4000
7092
2866
7092
4002
7092
13086
7092
2979
7092
3630
7092
3145
7092
2573
7092
2718
7092
4008
7092
7160
7092
4001
7092
6300
7092
4004
7092
7153
7092
2709
7092
3475
7092
6338
7092
4012
7092
7155
7092
7146
7092
4043
7092
4059
7092
4028
7092
7143
7092
3222
7092
4015
7092
3158
7092
3491
7092
4030
7092
3279
7092
8360
7092
4010
7092
3707
7092
4653
7092
4038
7092
3424
7092
7585
7092
4005
7092
2194
7092
3757
7092
3998
7092
4011
7092
3190
7092
3997
7092
4632
7092
3228
7092
2769
7092
11050
7774
8202
7774
7356
7774
14081
7774
3016
9050
513
463
10261
13259
3702
13259
2415
3324
9141
7530
10115
7530
8016
7530
2793
5275
7390
5073
2086
5073
3674
2424
13291
2424
7604
5702
3690
5702
4726
12854
8426
12854
10899
9792
12317
6309
6544
5474
6544
5474
46
642
12032
6433
871
1172
1746
9206
1758
9206
9101
10028
9074
10028
1797
1814
4107
8467
8054
8467
12907
7122
5762
7122
7803
7364
266
423
351
423
12565
6300
10887
6300
13375
6300
4817
9033
11356
12461
11542
12461
2110
3730
10085
7067
11650
7067
4286
2013
13520
2013
2845
11497
11876
3801
14141
3801
12426
7240
12775
611
12768
611
12439
611
1703
1711
752
231
9415
5881
6056
5881
11039
5881
7776
5881
13450
12024
11356
12024
13459
12024
13203
12719
7935
12719
12240
11883
10913
10878
10364
11072
8679
11527
6835
8520
12353
8520
10951
4918
3069
4918
9381
4918
1896
4918
8683
6330
7277
6330
1346
1132
11984
6450
14016
11994
9454
6564
12022
11386
3434
7509
4018
7509
3322
3989
4610
3989
9185
8987
9259
8987
8462
8987
4737
7572
3327
7572
13937
6117
5510
6007
13647
6007
6048
6007
6418
10213
13454
13365
4125
13365
3387
11119
6019
11009
10956
6916
13387
7180
13247
7180
8259
14108
12494
14108
5658
14108
67
816
12534
8158
12657
8158
12656
8158
4399
9880
3480
13362
242
221
156
221
231
221
157
221
234
221
1051
1070
1172
1070
1367
1070
1505
1070
781
581
819
581
548
581
599
581
579
581
102
581
545
581
158
581
508
581
12104
12215
13191
12215
2326
4664
4099
2965
4105
2965
974
1268
6564
5504
7380
5504
8207
5504
4512
12414
12413
12414
5216
12414
8939
14038
7706
7998
13125
7998
6880
9243
4930
10932
3420
9774
2177
6757
7346
9402
3743
4950
5126
7822
8915
7822
11623
7822
1912
8548
4194
8548
11175
10352
5570
10352
11179
10352
10788
10149
2943
6418
9935
9500
12278
9500
10251
6849
5641
12011
671
76
1795
1809
1567
2613
13639
2613
4719
2613
12271
12121
2680
8028
7282
7206
7721
8646
10842
8646
8813
4782
1645
8973
11701
9364
517
817
1668
9530
9956
9530
11783
3164
11100
3164
2543
3699
937
983
1156
983
943
983
185
455
3688
7792
6363
2501
13137
2501
3768
3307
6170
3307
5142
3307
3409
8452
3753
8452
4002
10528
4011
10528
11518
2407
6058
2407
5030
2407
5514
2407
11751
11905
10116
3936
12443
3936
5553
5531
5553
5531
9715
7653
9262
7653
1562
11617
12568
12760
12154
1565
12154
13845
13791
785
194
600
106
11719
5835
4054
10596
4029
10596
2694
10498
2683
10498
9509
4416
5102
4416
5119
4416
4228
13461
13610
5501
13629
2201
13664
2201
4348
2201
2187
2201
4538
12666
7847
12666
4540
12666
7017
9479
1554
11877
6409
10626
6853
10626
12541
10626
1523
829
12668
11185
5797
12760
13649
12760
3521
3032
12347
3032
4416
5087
1938
2057
2060
2057
5630
13916
11591
13916
10424
13916
5887
6858
1399
1048
1508
1048
1388
1250
3609
9572
9137
9572
11258
1550
1549
1550
942
1144
1167
1144
3049
1030
10546
5241
7882
5241
1674
10238
10862
13183
1985
1988
7270
6751
13254
6751
1602
7052
5217
7052
6678
7880
9026
7880
3199
3951
3811
3951
1715
10158
1722
10158
4887
10158
3156
4584
3208
4584
1965
8559
1018
991
1491
991
1188
991
219
447
271
447
13656
13599
13840
12289
208
99
12690
12785
4332
4933
855
856
9015
11368
7885
11368
4319
2928
2924
2928
4864
2928
7733
2928
11164
11160
5094
8812
13962
8812
5101
8812
7012
8812
1332
1155
6862
4112
8654
2208
3308
2208
6827
2208
1692
9240
10204
9240
12621
4353
13811
4353
8817
4353
3082
3081
895
1000
8072
9108
13493
9108
12002
9509
12142
10783
6522
10783
11167
11778
8306
9018
9026
9018
11642
11641
6166
11641
10157
6684
5326
6684
13827
2508
3856
2508
4424
2508
871
1519
1055
1519
868
1519
1083
1519
1061
1519
873
1519
1084
1519
971
1519
4949
4856
14032
13997
6649
5189
8751
4019
13982
6581
14107
14096
8958
14096
14183
9990
13242
9154
8584
9154
1255
1509
1226
1509
1142
1509
759
747
494
747
6148
8905
1841
4283
13827
6085
13846
6085
908
994
1246
994
13740
11452
13733
11452
12496
11452
7674
5246
7089
5246
11717
5246
4903
5864
2335
13476
6398
6736
8637
6736
1870
1892
1895
1892
11521
8877
5724
10061
4629
10061
1425
1255
4838
9742
11833
13220
1968
1983
1971
1983
11751
2971
13506
2971
12246
2971
2201
13287
898
1361
8265
9955
9961
9955
14169
9955
732
547
2247
3795
2511
4681
10472
14115
12336
14115
11581
2203
5916
2203
10319
2203
7326
11548
2724
4738
10610
10014
9621
10014
4627
10014
3372
10014
3842
10014
9089
10014
3569
10014
5724
10014
3283
10014
3492
10014
10607
10014
10622
10014
11674
10014
10572
10014
9110
10014
3847
10014
3168
10014
9068
10014
9108
10014
3282
10014
4633
10014
5287
10014
10586
10014
9056
10014
3105
10014
9101
10014
5739
10014
9100
10014
4629
10014
3361
10014
9611
10014
10627
10014
9618
10014
10634
10014
9095
10014
9614
10014
10617
10014
9075
10014
10630
10014
10600
10014
9077
10014
5754
10014
8316
10014
4626
10014
9074
10014
4631
10014
9615
10014
10598
10014
12031
10014
9098
10014
9084
10014
3248
10014
13109
10014
9078
10014
9892
6060
5929
9335
3312
1705
2224
3139
7173
10104
4342
2923
10896
2923
13720
2923
7321
2923
8115
2503
8106
2503
9771
6804
1463
1024
1143
1024
1063
1024
1277
1024
1075
1024
1212
1024
1401
1024
1379
1024
1062
1024
1142
1024
1074
1024
1141
1024
1527
1024
1530
1024
1339
1150
9033
7869
10529
7869
14030
9517
12959
12939
3867
12939
1276
1244
10983
11646
4651
9121
6534
5991
6546
10988
3227
11973
3422
9011
9580
9011
3749
12359
568
87
5297
4027
3314
1675
3911
14123
11813
11812
10828
11812
4854
11812
13294
4924
10836
6411
8657
6411
4245
6411
4399
13806
7194
10047
10604
10047
3160
8368
3413
8368
13175
3120
8133
3120
10806
3120
11188
13868
5081
13868
6119
13868
1386
1087
6421
8101
4913
4894
7591
188
3852
188
7589
188
3888
188
3459
188
12861
188
13460
8641
9756
8641
9321
8641
1382
1528
9544
463
649
664
649
3383
9470
11503
13223
7485
13223
1881
4144
12565
13339
10887
13339
13375
13339
11385
12018
10885
8131
6448
8131
2614
2618
2635
2618
5993
8778
13861
12108
12299
12108
7019
12108
11731
7381
6586
7381
11157
7381
520
555
1031
1353
12679
10468
8044
4040
2657
4040
7627
4040
4707
4040
12623
5471
5996
4837
2540
4837
4911
4837
4347
13616
13906
12428
7383
12428
13973
12348
8913
12348
6908
10282
685
166
702
166
7396
7771
13820
7771
8799
11559
9391
11559
13503
11559
9506
13899
8937
13899
147
739
329
739
1141
889
8082
13433
4146
13433
10778
13433
13560
13433
1692
13433
10766
13433
4212
13433
9716
13433
3865
13433
3710
13433
10761
13433
10791
13433
4186
13433
3408
13433
3726
13433
4181
13433
61
95
10397
12398
6912
7169
4385
12050
8862
12050
13743
12050
13536
12050
7374
12050
7655
8014
11948
8014
12579
7335
11886
11603
6649
6195
1556
6195
2962
10966
1462
1168
9755
8104
4618
12926
6267
12926
12993
12926
12948
12926
3617
12926
12483
8237
7646
7955
8069
7955
6044
1842
5464
1842
751
481
742
481
6226
1064
7158
6263
4632
6263
11919
10561
3646
10561
5331
2018
3759
2018
4402
12707
5123
5558
5579
5558
9755
6394
13580
6394
2749
6225
10531
6225
3099
5656
5189
5656
12005
5656
6890
2959
2794
2959
6483
2959
6484
2959
13453
11467
6553
11467
11375
11467
1637
3075
6527
4911
13811
6424
4770
6344
6848
6344
8248
6172
11890
6172
6742
12896
6384
12896
10208
12896
9893
9869
2710
7517
704
327
490
327
38
327
150
327
475
327
13683
4713
10232
4713
4801
4713
13601
4713
4189
4713
12501
4713
765
729
8
729
125
729
5130
6109
11072
6019
11075
6019
13361
3596
8699
5322
10308
5442
11199
5115
5596
5115
5604
5115
13981
5115
12380
5115
6585
11107
6585
11107
11790
6729
12206
6729
10904
6729
3910
5203
3911
5203
11041
11017
12298
5005
6060
5005
12450
5005
5513
5005
13784
5005
2690
4004
3088
3097
9552
3097
13655
7990
11000
7742
6740
10514
2150
10514
5753
10514
2796
12320
12492
5292
502
511
6871
12632
8676
12632
7736
8675
9542
11256
8103
8061
2727
3945
1753
1760
4041
6699
3963
6699
3514
12808
12820
12808
19
20
77
20
255
272
330
272
4639
4635
9465
1876
8834
1876
6978
13470
9215
2495
6767
2495
970
1272
921
1272
4662
6710
4971
9381
2938
11987
11218
6130
7790
11044
12701
10547
3476
10547
13760
2195
12220
2195
10366
2195
6979
2195
5565
2195
8859
2195
970
1116
60
563
2580
3803
1763
1782
13388
3186
11593
5549
5882
9771
4850
9771
10050
10486
12208
10486
12114
10486
11481
13112
4610
13112
12225
6100
1686
1693
2175
3687
560
335
261
335
7692
13002
9300
13002
9739
13002
8583
8047
10880
13079
13156
13079
12196
13079
7903
2722
6682
2722
12500
9024
9188
9024
9184
9024
4422
8883
7002
8883
9469
8883
4171
2126
3315
2126
7364
6535
6041
6535
13734
6535
9807
5770
10966
5770
12644
5770
8539
10101
6791
10101
1884
1870
1869
1870
12121
14143
4296
8497
3108
8497
10949
12033
2307
6831
7888
7470
7084
7470
10710
10131
9182
10131
11935
10131
7517
8994
11898
8994
1823
8386
4752
8386
5920
5380
12324
5380
13764
5380
4764
6317
5816
6317
4320
13331
13712
4277
8553
6801
3206
10712
3798
10712
9721
7544
9743
7544
12926
11520
9560
11520
4207
8527
2832
8306
9688
3498
5923
5894
5644
14014
11875
14014
1583
14014
2534
2552
9136
9592
9081
9592
8044
2679
13393
2679
7168
2679
3311
2679
7627
2679
4707
2679
14101
12654
12236
12654
8658
13239
9599
13323
7527
13323
4375
5924
9227
12166
9226
12166
6016
8803
13185
6755
8625
6755
3558
3198
13148
3198
5314
3816
8804
2252
2174
2252
3826
2252
11015
2252
7295
9622
4633
7899
9100
7899
3286
2386
13276
2386
2705
7153
12191
9936
2999
3486
7430
11875
9363
9356
12395
9356
13677
9356
9940
11696
2559
13082
7392
13972
3262
6259
12307
6259
13672
6942
12668
10406
1707
10406
1908
13429
14126
4471
11594
4471
8129
5837
13423
6790
736
722
10732
7929
5731
7929
8412
7929
9269
12888
4751
12888
5060
12621
10382
12621
11109
12621
14035
13975
13106
10839
12516
11907
13248
2154
3320
2154
11541
9853
7052
11726
5662
11726
12490
14058
3809
3931
3213
3931
4307
4864
2024
4246
767
343
138
343
4859
1910
3679
1910
11691
13509
12335
3211
13775
3211
9487
3211
4320
13320
2759
9680
195
658
735
658
218
658
8264
14106
14132
14106
8251
14106
5651
14106
6216
14106
2145
4078
1239
1475
856
1475
1485
1475
5170
6189
14067
6189
5151
8919
4214
3511
12952
3511
5289
3511
3156
7910
3212
7910
4235
2297
8555
2297
2183
13141
3882
11281
5213
11281
6599
5085
11986
5085
5105
5085
13472
5283
13653
13550
8836
13550
4383
13550
12014
13550
1023
1052
4762
8076
8829
3397
7413
11187
4083
2590
7208
2590
2704
2709
3067
13699
2135
5929
2135
5885
2135
12640
2135
5398
2135
14160
7438
4521
7438
4525
7438
6212
7438
12432
7438
5323
10576
3326
4991
6042
8184
9052
5681
7516
5681
4216
10678
12937
10678
11428
11683
4287
2290
3709
2290
2183
3963
7788
9413
5494
9413
2919
13387
6506
2948
12451
2948
6704
12787
4670
12787
2027
12787
2007
12787
9082
12787
2065
12787
6708
12787
5720
12787
6282
12787
2336
12787
9091
12787
10171
12787
2332
12787
8376
12787
6719
12787
9152
12787
10593
12787
9656
12787
4605
12787
6274
12787
10123
12787
9652
12787
7948
12787
7982
12787
7232
12787
3573
12787
9140
12787
6700
12787
2034
12787
2286
12787
4621
12787
9614
6248
10630
6248
14171
14162
143
141
492
141
145
141
15
141
4417
5060
2209
10741
2575
5738
9903
1934
11151
1934
4411
1934
5099
1934
13339
12325
3132
12325
1676
7356
7373
7356
13977
12445
9498
12445
12231
12445
8857
11739
5048
11677
10886
10826
9813
10293
8603
3890
8504
3890
11178
9899
8495
12866
13030
12866
2838
7936
12611
12244
2133
13441
1449
1075
12790
12773
4550
12773
6998
10365
6089
10365
6991
10365
10425
5100
13991
5100
13981
5100
12837
4549
6029
10323
5020
10323
9758
10796
14074
10443
5175
10443
5164
5635
12296
12295
11273
12295
7859
7853
11901
10202
1919
10202
11884
5130
5140
5130
13986
5130
778
297
9953
9929
9948
9929
3287
12363
4036
12363
9723
3615
7702
3615
4866
10775
9281
8465
8615
8465
9420
4380
432
626
311
626
7064
6220
1585
6220
12166
7592
12573
7592
3682
10279
8229
11173
10642
8393
3826
12188
11731
8846
6586
8846
11157
8846
9985
8264
14167
8264
6363
2444
5796
2444
6205
6649
6414
5277
8715
5277
3344
10099
13231
2866
13231
12448
11434
4874
4770
12194
6491
13617
6491
9855
6491
12743
6491
13598
6491
3356
1667
1278
1349
7309
7622
10184
7622
4158
9132
3331
9132
8149
3420
1960
3762
12654
11235
8132
13175
10321
2320
9392
2320
2954
8423
2579
8423
2355
8423
9169
8423
6324
8423
2953
8423
2156
8423
2127
8423
2012
8423
12841
8423
2442
8423
13116
8423
2103
8423
13234
8423
3436
8423
3032
8423
12866
8423
2079
8423
2146
8423
9166
8423
13252
8423
8006
8423
3025
8423
3031
8423
2097
8423
2262
8423
2484
8423
9144
8423
2011
8423
5749
8423
2461
8423
6737
8423
6750
8423
8019
8423
5742
8423
2597
8423
8458
8423
2260
8423
6748
8423
2596
8423
2808
8423
9168
8423
3428
8423
9161
8423
5295
8423
8457
8423
8436
8423
3523
8423
9097
8343
5721
8343
3723
2811
6759
2811
4428
9438
13064
6884
13161
6884
8700
6884
4327
11841
12612
4656
9669
4656
13809
7023
13809
7023
10110
5713
5278
5713
10845
5713
11344
2714
2700
2714
3300
9091
8538
9091
6645
5172
11455
5172
2661
11525
3600
10908
6572
5911
4908
5911
13842
11563
882
1326
4644
8340
3848
8340
6134
6993
10405
6993
12661
6993
2938
8612
1272
946
954
946
191
305
12243
8960
10103
11495
4009
11495
3966
11495
3980
11495
9122
11495
10112
11495
6701
11495
3711
11495
2752
11495
3849
11495
9604
11495
3284
11495
3986
11495
9622
11495
3260
11495
7570
11495
9599
11495
9610
11495
9612
11495
9603
11495
8380
11495
11496
11495
6266
11495
3422
11495
13074
11495
11752
11495
3122
11495
10093
11495
3106
11495
8401
11495
3714
11495
3971
11495
3965
11495
10098
11495
6275
11495
2169
11495
10078
11495
3718
11495
9617
11495
6277
11495
9613
11495
7555
11495
8403
11495
3973
11495
9602
11495
9627
11495
9620
11495
8384
11495
7952
11495
3427
11495
3845
11495
13295
10184
2330
2339
10517
4558
3290
4558
6551
3750
2324
3750
10973
1955
13771
1955
4968
1955
1889
1955
2620
7065
3745
2079
2059
2079
11589
3439
14018
13988
7418
7413
7417
7413
7415
7413
11106
13709
1383
1235
13740
6556
13733
6556
12496
6556
12423
2798
2795
2798
4326
4292
8154
4292
4784
7680
8797
12217
9803
2216
2215
2216
12844
3852
12357
3852
1154
936
1314
936
11461
6971
5064
6971
11083
6971
976
1296
11755
4442
5172
4442
6180
4442
4439
9910
8892
4322
12050
4322
13609
4322
11425
13750
6979
13750
6062
5019
3137
10076
3957
10076
12245
5109
13651
5109
6616
5109
11070
6005
12320
4203
12151
6658
7065
6658
11723
10440
109
800
10657
2516
13280
2516
4546
8985
5108
6115
110
755
550
790
7190
10703
13051
10703
4070
9589
4068
9589
3740
2141
13439
2141
9068
7515
9078
7515
9278
11393
7335
5918
5137
11846
10209
9188
1668
11264
10453
11264
2573
2574
4005
2574
6958
10921
10200
7669
8097
7669
2654
11465
6667
6227
13945
6604
4624
11423
7541
11423
12449
11343
6187
12705
6374
2274
4182
2274
1171
1196
13696
12132
13687
12132
12477
12132
9942
12272
11964
12272
14049
12272
9927
8235
1818
1822
7631
7957
12154
7957
11185
3312
3680
3312
11974
6197
3836
6197
2248
4881
12581
2412
4961
2412
4980
2412
4376
2412
1694
8434
1689
8434
7348
7337
1369
895
959
895
9567
2770
7502
2770
1385
1335
7693
13013
13283
13013
7493
3925
7894
3925
8863
13727
3781
2882
4686
2882
1004
925
11274
9962
3633
13262
9798
13262
10837
13262
10910
13103
10911
13103
13566
13103
12471
12209
13376
8677
13376
8677
1396
1441
10771
3205
8590
3205
7304
3205
5665
4504
12121
4504
13717
8739
6890
2793
8774
2793
2598
2793
877
1226
1259
1226
1356
1226
14163
5664
6212
5664
2318
13265
13357
2172
3363
2172
11028
1969
6052
1969
13869
1969
4779
2776
4744
2776
13502
2776
5846
2776
9288
2776
9761
2776
4888
12540
6032
10334
9858
10334
10351
5007
9880
11015
3326
11105
11180
5117
11060
10954
11261
14098
4468
14098
4288
3505
4912
3505
507
289
5391
12978
1104
1484
1060
1484
1411
1484
13437
12230
6845
12230
6984
13453
512
401
13483
2860
10755
2860
12652
2860
4731
2860
5910
10270
5780
7951
4391
4369
4652
10545
3848
10545
4455
12200
12663
5212
12312
5212
14166
11985
14157
11985
3101
11985
11256
5144
5174
5144
1553
5144
3218
2994
13508
2994
1944
4107
5949
9716
4939
9716
3482
4637
13786
13783
10295
12543
11380
12543
8734
12543
8095
2606
4163
2606
8694
2606
7372
13774
12398
13774
11843
13774
2757
4779
5808
8525
2322
4702
4904
7286
8880
6073
9902
6073
9816
4275
8760
4275
5940
4275
12422
4275
12557
4275
3433
6315
3570
6315
13899
12091
5172
7034
2213
13359
13694
8841
3338
8841
3070
8841
5089
8841
1197
912
1336
912
1003
912
8030
2364
4661
2364
1434
1433
1260
1433
10085
3464
3119
3464
4474
11977
13688
12961
8495
12248
11960
4329
9268
6507
9268
7792
6537
9422
6537
11739
11612
11738
11612
11797
11612
8550
2146
4170
2146
12999
8563
753
203
13976
9482
12406
9482
12407
9482
5388
11340
8125
11340
11341
11340
2725
2742
5329
8045
9697
8045
5014
13672
11396
13672
5670
1594
2539
8696
8696
4241
6402
12832
6395
12832
12735
12832
7255
12832
8648
12832
8027
7962
12068
7962
7994
7962
3621
2006
2005
2006
9179
2977
3722
2977
12009
8875
13924
8875
8896
8875
10395
8875
9899
8875
8879
8875
6042
13527
5607
5584
9492
5584
6465
8726
5563
6087
6974
13675
11862
8907
5856
13038
7717
13038
6861
13038
6838
13146
2087
4073
11133
11089
2160
4047
9218
9669
9702
9669
14074
12476
14050
12476
9200
7589
9175
7589
2108
7589
2048
7589
9174
7589
10712
7589
2172
7589
2006
7589
10719
7589
2293
7589
2474
7589
13023
7589
10714
7589
2385
7589
3149
7589
2284
7589
2166
7589
8469
7589
2232
7589
2359
7589
7617
7589
2267
7589
4674
7589
3152
7589
2220
7589
2061
7589
10709
7589
7045
9515
7045
9515
5176
9515
12745
5856
12417
11306
2803
3560
449
664
13879
6974
13994
6974
9459
6974
6575
6974
4409
6974
10396
6974
5948
2943
8784
2943
4911
2943
9812
2943
4315
5933
8762
9337
9367
9337
10293
9337
4252
5353
9608
11803
2453
11803
2388
11803
10582
11803
11804
11803
9072
11803
10603
11803
3021
11803
2242
11803
10092
11803
13024
11803
9112
11803
10605
11803
9601
11803
2387
11803
5274
11803
10592
11803
9626
11803
10096
11803
10601
11803
6703
11803
8400
11803
9086
11803
3995
11803
2336
11803
10596
11803
2994
11803
2106
11803
7136
11803
10086
11803
4611
11803
12028
11803
7566
11803
11911
11803
9073
11803
2961
11803
13275
11803
12689
11803
9109
11803
7542
11803
7133
11803
12925
11803
3009
11803
6718
11803
6288
11803
2233
11803
7924
11803
6706
11803
10080
11803
9102
11803
6720
11803
3527
11803
3448
11803
2939
11803
3028
11803
2301
11803
6287
11803
2975
11803
2482
11803
7917
11803
10588
11803
7930
11803
3952
11803
7546
11803
2905
11803
2084
11803
2552
9166
12944
9166
8991
1535
98
60
256
60
6860
3260
6171
13877
9924
13877
5626
13877
2330
3968
10190
10746
9243
10746
10765
10746
1937
1961
3887
1961
13718
1961
8973
9957
7049
9957
7245
5782
6870
5782
1376
1018
10822
3582
6184
6601
1003
1497
944
1497
2202
4124
8158
13824
13048
3493
12291
9286
8145
6389
5348
3282
11255
6631
158
370
7939
7482
3946
7482
10586
10045
9625
10045
14144
14132
14145
14132
5661
14132
6643
14132
2791
2805
2807
2805
6505
5950
4812
7268
3824
3193
7731
8683
8084
12506
6837
12506
2140
3874
3551
3874
11264
9951
9956
9951
14139
9951
12663
4501
6208
4501
9849
5416
5988
5416
4725
2456
13538
13407
11668
13407
3418
13407
3356
5820
13415
4531
7292
7716
5046
13583
11354
8281
13623
13574
1941
3621
4876
4835
11397
13412
2438
11919
1236
1500
864
1500
5118
12608
152
621
262
621
593
621
13746
11347
11611
11347
13785
11347
2796
11427
8183
10896
496
181
12561
2559
13683
2559
4801
2559
4189
2559
2671
2672
11302
2672
7627
2672
8028
8420
10658
6265
134
265
565
265
12523
6550
10361
6550
5523
6550
2247
7953
2643
7099
521
413
12066
8142
8780
6464
13456
6464
12480
6464
14114
6193
8962
6193
13303
11605
13644
7333
11259
7409
7769
9829
1413
868
4332
4715
5957
4715
10750
4715
5443
4715
13550
12561
10886
10707
8318
8291
9037
8291
12585
9318
10650
7129
13267
6302
4915
11397
11398
11397
13573
11397
4059
2259
4653
2259
5479
10926
9949
7836
8589
5709
5320
5709
10969
9799
13819
9799
6796
12966
7224
12966
6795
12966
1136
1122
942
1122
1442
1122
2624
6223
6661
6223
1529
1092
7666
4024
4125
4024
4385
5003
13743
5003
13536
5003
12268
5205
9540
5205
12270
5205
4205
5772
7231
5772
7608
4650
8511
4650
5799
4650
10715
4650
11245
5113
13491
10632
12745
10632
5432
5404
4240
6379
1906
6379
2119
4219
4422
3545
10407
3545
13440
9276
13546
10320
11548
12514
10827
13017
2180
13017
12664
13017
10025
7472
5274
7472
5296
7472
10530
7472
6673
7472
9619
7472
10528
7472
10047
7472
9589
7472
7513
7472
6674
7472
9247
7472
5285
7472
9131
7472
9130
7472
6747
7472
5749
7472
6239
7472
6679
7472
9275
7472
13398
7472
6242
7472
8431
7472
10145
7472
9094
7472
8480
7472
9623
7472
10181
7472
9232
7472
9711
7472
7087
7472
9575
7472
2618
2641
5390
5362
9250
13107
5333
13107
280
383
6410
6769
8066
6769
10110
3245
5278
3245
10845
3245
4910
8673
11251
8946
2307
3761
293
211
440
211
54
211
478
211
1750
1768
13816
1768
6422
7704
499
257
7797
11002
1932
11112
12487
12486
731
19
13613
4147
12756
4147
13755
8860
9300
9731
2566
4633
2640
2646
2610
2646
12546
12547
3474
12547
13780
12547
7990
7579
4624
13044
13304
13044
8599
11941
2866
2895
3475
2895
3841
6984
1273
1115
11478
3823
2707
11361
13680
5811
13497
10808
4794
10808
6633
6170
1517
1007
1010
1007
2759
9701
13560
10171
9716
10171
4008
5700
6300
5700
9393
12712
2184
12712
3795
12035
6280
12035
7430
5043
11314
5049
7350
11052
7350
12232
7350
11766
9810
6960
6533
8849
6533
13797
6533
4396
6533
6047
6533
5044
6533
1847
1858
1855
1858
13874
5574
13874
5574
1856
3871
4232
8567
4053
2106
2095
2106
7821
8885
11591
8885
5566
8885
9471
8885
13952
8885
2701
2702
7158
2702
2194
2702
9121
7502
7575
7502
8410
7502
13143
9064
13029
9064
4076
5730
4093
5730
473
32
658
32
6102
6077
11215
7400
14055
7020
4948
4173
12420
11079
13552
6871
3007
7110
11878
12081
5649
12081
11918
8721
13279
8721
11412
5824
5558
6083
11822
6083
13638
4285
5928
4285
8763
4285
8761
4285
13778
4285
1374
1040
899
1040
1082
1040
1085
1040
897
1040
892
1040
894
1040
878
1040
880
1040
888
1040
1426
1040
884
1040
890
1040
901
1040
1106
1040
10237
7276
10831
7276
8702
7276
6619
8903
6139
8903
11205
8903
14115
4484
4502
4484
4488
1583
595
698
7946
2571
6695
2571
13239
8459
8615
8459
939
1479
837
1479
1245
1479
11362
5138
1009
1256
11552
5794
7389
13926
9567
2785
3929
2785
8078
9704
2542
13247
3283
2271
4631
2271
3135
2046
4188
2046
11184
9472
13793
5046
5072
5046
11120
5046
8210
10359
11114
10359
10385
10359
7281
10142
12834
10142
9302
2903
12098
2903
11429
2903
2823
2903
10359
1725
11078
1725
10369
1725
11077
1725
6500
5937
3097
14170
8257
7048
8260
7048
14178
7048
8719
9333
13279
4260
1143
962
6052
9409
8936
7829
8141
12988
10866
12988
13241
12988
11808
11807
11810
11807
11809
11807
4191
2223
4247
2223
10865
5357
6894
5357
6449
5357
4995
10939
3172
7136
3490
7136
12386
9953
6201
9953
9961
9953
8832
9836
11615
9836
12683
3094
2278
3769
5904
4007
518
253
11885
7799
9452
7799
8953
11975
6632
11975
6638
11975
12493
4789
11805
7318
11685
7318
6875
6842
10857
6842
13181
6842
2522
2523
5909
2523
1059
850
1570
8754
7827
6616
5928
3684
10292
3684
6558
3684
5025
3684
13778
3684
7359
8819
11052
8819
13470
8819
12232
8819
6086
8819
9863
8819
273
54
13671
8171
10912
13335
8673
13335
8738
13335
2600
2845
2843
2845
13886
9430
8897
9430
13852
9430
5568
7810
8741
9350
9804
9350
8730
9350
7953
8298
7114
8298
10283
8687
4462
14068
9522
14068
3238
2332
4685
2332
131
650
746
650
614
392
8195
4964
11178
4964
12209
4964
7355
4964
8879
4964
5503
2072
5487
2072
5024
2072
5048
2072
4646
3432
10693
3432
9279
8448
3568
8448
102
488
11298
9502
4706
8328
3623
8328
8953
14006
6632
14006
6638
14006
556
594
791
594
804
594
816
594
566
594
754
594
592
594
64
594
577
594
769
594
558
594
549
594
721
594
2437
13332
13701
9400
3841
6518
12037
6518
11523
6518
11020
6518
11946
5401
11782
5401
6122
13895
6122
13895
3451
2381
3260
2381
1613
4516
11467
7731
8147
7731
3508
7731
11171
10398
4293
9178
4289
9178
9163
9579
12614
9579
4925
2041
10939
2041
4998
2041
1953
2041
12632
3481
267
116
32
116
5391
11708
6940
3859
6940
3859
801
466
1733
8552
1744
8552
877
1189
9781
12282
917
839
12243
13892
13546
5431
4815
5351
6896
5351
9767
5351
1624
7059
12611
10348
11696
10428
9937
10428
9505
10428
1881
7701
10378
12468
7157
4618
13199
4891
1858
7690
7701
7690
5861
3734
6899
9324
13548
8807
6983
9444
5797
8068
8450
9570
8352
9570
5290
9570
10221
13213
2656
2654
2609
2654
1138
1289
1230
1289
1133
1289
6200
14140
5655
14140
1698
9245
1900
3865
13488
9294
11959
12352
6954
3319
2211
3319
13673
3319
7977
10086
3375
10086
11710
11754
8204
13751
8204
13751
13594
6511
279
155
752
155
11908
2419
4943
2419
5454
2419
5452
2419
12151
7862
8998
7862
1620
8975
1617
8975
3059
978
4066
12932
3127
12932
802
566
1806
1829
1830
1829
4794
5833
1795
1817
10226
1817
2990
3236
11460
11459
6895
6874
114
588
14144
12626
786
494
773
494
6384
7655
10208
7655
10779
7655
6270
2889
3181
2889
8059
10666
8488
10666
8841
11903
11107
2427
6092
2427
5978
2427
9875
9857
13647
9857
11744
9857
6156
11721
9501
11721
12521
11721
10894
9081
10850
9081
11386
12498
8985
5182
8767
13494
13831
13494
7764
13494
2132
3327
2327
7157
7805
12596
11332
12596
4695
2901
4700
2901
10237
9749
3588
9749
10831
9749
8228
5571
4782
5336
7263
3536
8389
10568
7926
10568
7550
10568
7564
10568
7131
10568
7556
10568
12281
10568
7942
10568
6268
10568
6286
10568
7545
10568
10631
10568
7552
10568
10581
10568
2424
10568
12854
10568
7572
10568
8386
10568
2386
10568
13013
10568
12230
10568
2404
10568
7141
10568
12699
10568
9104
10568
6289
10568
7947
10568
5726
10568
8369
10568
9085
10568
1993
10568
10102
10568
7571
10568
12274
10568
8373
10568
7135
10568
8377
10568
7558
10568
9113
10568
7940
10568
2039
10568
4619
10568
7573
10568
9111
10568
8374
10568
9094
10568
12362
10568
8371
10568
6702
10568
13120
10568
9071
10568
8388
10568
10614
10568
9609
10568
9114
10568
7557
10568
2083
10568
10606
10568
8378
10568
6273
10568
5722
10568
2010
10568
7125
10568
10611
10568
2038
10568
4621
10568
13292
4611
3410
1962
5012
1962
1956
1962
9827
1962
12333
12528
12529
12528
4756
48
12601
48
5340
48
12602
48
11485
48
12847
48
9728
48
3311
13626
13751
2179
6965
2179
13713
2179
6061
2179
9870
2179
1912
10174
4213
10174
12495
5956
11280
1588
1423
1446
10317
10289
1439
844
11138
4390
331
806
6802
13230
4736
13230
2131
3551
11165
3551
7781
8708
3756
5287
6053
13595
7369
13595
5621
11183
2599
5850
11448
12238
7350
12178
368
147
491
147
2639
2635
2615
2635
13294
6481
3556
13592
4859
1950
4846
1950
13669
3755
13811
3755
4230
13185
5759
3251
5334
3251
7365
11552
13453
11552
6059
11552
11973
5041
9763
10760
12092
4355
9418
4355
7352
4355
8196
4355
2208
2228
8071
2228
1642
11298
184
100
7808
11687
9344
9758
10265
9758
8697
9758
5534
13797
854
855
2447
9417
11820
11819
4672
2908
9678
2908
6487
4935
13571
13440
12137
13440
4550
12783
6752
7151
1263
1156
13750
9851
9810
7311
11765
7311
3855
2440
3654
2440
14134
14114
8974
11448
11406
11448
2736
2749
606
704
31
704
6356
2528
3203
2528
11329
11328
13050
3340
9356
3340
12322
3340
1800
10785
5847
13160
5250
1034
2874
3475
4833
2035
4826
2035
11259
10447
11850
10447
1898
10327
3167
5234
7857
10233
2375
6406
2375
5828
2375
7263
6722
6582
13694
13069
13000
5005
4981
5030
4981
11907
6012
6583
6012
7371
6012
9674
3666
9675
3666
8492
3666
5791
5329
6525
5449
8803
5449
10989
5449
599
10
4648
10586
9918
6102
6396
12367
1261
1103
4147
9655
3202
9655
3820
3828
11101
11070
11767
11070
3548
11070
281
361
6267
6692
1829
10821
7211
10688
4147
10688
11355
11673
11419
11946
11489
8174
12507
8174
8828
8174
13880
8174
6566
8174
4919
10297
6739
5691
7931
5691
5863
5818
6859
5818
11956
5818
7840
12639
10453
12639
11269
12639
12442
13030
9387
7749
8776
7749
9384
7749
12792
12777
10762
12777
6252
12777
3301
5299
4218
5299
1846
1853
1834
1853
3756
7570
10190
13255
9243
13255
11560
13255
3314
3680
11208
3680
1449
1456
7254
7245
5895
8605
436
163
689
163
677
163
10852
9690
10280
9690
2310
13321
11980
10854
11233
14099
14105
14099
6873
7162
9819
7324
6511
7324
5433
7324
9666
8347
9681
8347
11335
11420
11421
11420
5228
7444
1701
8427
1712
8427
4114
10068
4132
10068
9591
2851
7532
2851
6202
6179
7794
9862
11410
9862
1073
872
4856
4178
5926
4178
11132
6435
10356
6435
10286
6435
6982
6435
11663
6435
10891
6435
8566
13252
13324
13252
12499
7294
8744
7294
5602
11177
2928
8397
2737
5744
13160
2404
13276
2404
1055
1493
1335
1493
1395
1493
2576
8086
5562
5075
5126
5075
8915
5075
11623
5075
11593
5075
5780
5273
13607
13551
10474
11291
6467
3304
13661
6234
12649
6234
3312
11885
10390
11885
11568
11567
6597
6997
8898
6997
4970
1800
9829
1800
1799
1800
10937
1800
4378
1731
1720
1731
7729
6370
8116
6370
13477
6524
11005
7758
3234
3710
10792
3710
5353
3710
2417
13072
6637
7417
13675
3589
2819
9035
915
1111
1184
1111
7153
8314
2709
8314
3764
10719
3429
10719
4114
2836
4101
2836
2093
2836
12915
12878
6445
13463
4838
6780
7035
7027
3421
9311
10293
9311
11951
9311
7856
7851
12725
5717
8693
3289
6442
3289
1970
2054
10356
5458
5516
5458
11619
6494
1661
10461
6108
12064
13938
10414
12727
13838
13911
13838
13406
5310
11861
11860
4342
2565
2538
2565
11554
2565
10856
4624
7963
4624
9317
10215
6465
4207
3660
13009
11924
13009
4076
8361
3665
8361
2790
2791
12083
2791
13757
5542
3601
13369
5803
13119
12262
13119
13816
1763
1754
1763
4662
12213
10445
8941
11416
521
5690
521
11840
521
5272
521
359
71
216
71
466
71
10890
2265
5930
2265
12273
2265
9707
4594
3861
6252
5699
6252
12237
8766
13648
8766
13736
8766
6961
6949
13854
8873
6401
2026
4193
2026
13935
11146
5795
13089
3830
13679
107
541
7803
6041
11062
11038
7662
7892
9231
7892
5040
2277
2211
2277
6038
2277
4003
8376
5277
8376
4896
5390
4858
10832
5115
13904
7585
2577
3228
2577
8511
7922
5785
7922
4288
4850
2218
4287
1639
2464
13330
1360
1515
1466
1515
5856
12746
2540
2543
4267
2543
6022
13471
11268
9513
12068
7636
2777
9599
7841
14077
11393
9126
4654
9126
6630
11977
1561
12619
3568
4880
3568
1623
8218
5480
9391
3087
3086
4697
9629
3195
9629
1397
1538
6350
2243
6811
2243
3299
11805
7160
10040
7153
10040
5367
5355
10729
7538
3727
7538
2163
3268
1737
1745
2558
3960
13719
5935
10372
5935
9441
5935
11097
5935
11051
5935
3537
9096
12942
9096
3087
10476
597
59
5266
6671
7112
6671
3378
8045
2478
4065
2478
71
682
743
682
2693
4104
12175
11211
871
1367
872
1367
9680
7980
1635
8116
13563
2997
2947
2997
11558
2997
4960
13543
11904
8006
8577
8006
13075
7228
7694
7228
5377
8685
10863
8685
8761
8685
590
369
4354
2825
7765
2825
10347
6958
7789
6958
11597
6958
2756
3982
4704
10043
9137
10043
9708
7198
11924
3893
13219
3893
14048
14024
8241
14024
3689
13313
4063
13313
2704
9610
2511
6338
13986
5611
6177
5611
11064
1885
10345
1885
6555
1885
3207
1885
5979
4336
7524
4571
3945
4571
5279
10608
5279
10608
1885
4956
6977
2118
5073
2118
5086
2118
13710
2118
6229
3467
1940
3175
4773
2367
4861
8660
1979
4833
296
712
182
712
12015
6182
11252
6182
11258
6182
12696
8912
4515
1620
10478
1620
7570
10506
9610
10506
2169
10506
3008
13419
1857
4140
5654
6642
8233
11194
10417
11463
6128
11463
11464
11463
5571
7391
5910
10272
789
760
561
760
5171
4458
1577
4458
1579
4458
7422
4458
12172
11395
836
960
972
960
4614
7513
6265
7513
7361
9636
12819
1384
5679
1384
12777
1384
4178
10705
3277
10705
5451
4717
5384
4717
8814
4717
4955
4717
9823
4717
5491
4717
6803
7599
7621
7599
10217
3638
6652
9538
7140
2974
5732
2974
13261
9139
1951
11607
2044
11607
6335
11607
12846
11607
9059
11607
9712
11607
10096
11607
4578
11607
10631
11607
8472
11607
5700
11607
12954
11607
1928
11607
5696
11607
7976
11607
13049
11607
13147
11607
9691
11607
13176
11607
7181
11607
9664
11607
8439
11607
9251
11607
10084
11607
9587
11607
9161
11607
10111
11607
10566
11607
10066
11607
2589
11607
8399
11607
8938
11224
1377
1195
2481
3692
13674
3783
10860
1802
5853
1802
11225
8233
8240
8233
844
1336
1211
1336
9225
12921
12404
12921
10744
12921
6434
7629
5886
7629
1212
896
2855
12703
7171
6267
4350
11345
6509
2758
12157
2758
5956
2758
5448
2758
4370
2758
4412
11425
3081
1597
9687
8040
1569
10812
13269
4823
13269
10222
13269
4544
4542
1600
4542
12038
9892
9458
9892
9483
9892
3950
12954
3962
12954
4270
3225
6416
3225
98
693
931
926
6619
5594
6139
5594
2462
13105
956
1225
1340
1225
849
1225
8035
3020
9683
3020
11733
11732
3039
3905
13432
3905
13264
13015
6387
13015
2623
10540
4466
12334
12356
9922
6187
9922
1990
4310
3784
3525
3990
3525
1315
1402
1242
1402
10278
10209
9802
10209
6475
6456
6475
6456
11111
11103
5499
11013
5210
5207
14121
5207
11723
5624
12549
5624
8808
8788
2121
4044
13311
4691
12447
4691
11719
4818
11819
4818
3795
10543
3956
10543
2319
3843
8988
290
8588
3039
9254
3039
4753
3039
4695
2868
4686
2868
1795
4299
13703
13648
6311
9056
4913
10200
5424
10200
3934
2626
8329
2626
8366
2626
10571
2626
12444
12545
13871
12545
12413
12270
1992
4127
2161
10230
4445
5102
4459
4449
11004
10978
5982
4329
3873
4329
11672
11983
5057
5012
5482
5981
4365
5981
8844
5981
12260
13352
1422
1212
8984
9980
3094
9980
2922
10116
13965
6591
5082
13743
13803
11534
13682
11534
7800
11534
10766
9228
3647
9228
9029
10006
4572
10006
2278
4119
1684
1686
1688
1686
9544
5179
5334
6313
3632
4273
5557
6075
5564
6075
6112
6075
4779
4744
4779
4744
3888
36
11485
36
10195
8523
8105
8043
10745
9198
12036
9198
9353
9198
11463
8887
8112
8565
11328
8565
10818
8565
5251
503
12093
503
2276
13355
3699
7610
13185
7610
14108
8250
7718
8619
13056
8493
9533
14109
14130
14109
10456
14109
12132
12037
9789
13221
3179
13221
6454
13221
7703
6816
1615
3877
3910
3877
1614
3877
9536
3877
9815
8732
9065
2863
2853
2863
11149
10363
12667
12775
11217
12202
7409
12202
12201
12202
1890
1891
1870
1891
2938
4012
813
603
5656
5170
6230
1076
11727
10295
10300
4811
12716
3848
10671
3848
13127
12443
11821
12796
3627
12796
13039
12796
3117
12796
9207
12796
13398
12796
9199
12796
12928
12796
8487
12796
10428
12323
11286
9969
6854
10773
6007
11788
1564
9657
12154
9657
10198
12365
9272
12365
4747
12365
11942
12365
13416
12365
6350
12365
9252
12365
6807
12365
3136
12365
9250
12365
4171
12365
10197
12365
4156
12365
1711
12365
13433
12365
13002
12365
8076
12365
9268
12365
8567
12365
9245
12365
10200
12365
10787
12365
9269
12365
5803
12365
9723
12365
8097
12365
3647
12365
3154
12365
5333
12365
1718
12365
10204
12365
10201
12365
9715
12365
9262
12365
9257
12365
1729
12365
3157
12365
3315
12365
8098
12365
1773
12365
4751
12365
10767
12365
6811
12365
7239
12365
5338
12365
8088
12365
10192
12365
12262
12365
10205
12365
12128
10866
5997
10244
2818
3181
7857
7855
12962
12826
12996
12826
11670
12826
4407
12293
5093
12293
5647
5633
14063
5633
11780
10445
11781
10445
1337
1312
1245
1312
11042
10325
1381
1393
1871
1899
1895
1899
12978
6674
12981
6674
12262
4730
5555
5077
9905
5077
10404
5077
3592
2157
4760
2157
4562
1423
12192
1423
2732
7662
12326
3132
13511
3132
1724
1736
7962
8395
6132
11175
2522
6437
6067
8194
4001
9582
4015
9582
4107
8463
8512
8463
4781
2831
4789
2831
8114
2831
13318
8345
9791
8345
4685
8425
3256
8425
2698
2700
2225
13173
9518
11233
1659
11233
2899
4700
5594
8224
12548
12279
4254
7247
4261
7247
1639
12139
1632
8607
2557
7890
3228
7890
12470
4574
8279
3394
7065
3394
7005
11523
742
733
3695
2294
12460
2294
2669
5715
576
754
569
754
8938
7025
9542
1555
1554
1555
12225
13790
4216
9651
9279
9651
2535
4709
9300
8534
9268
8534
11590
12908
3735
12908
6326
3788
13222
3788
2804
9037
5166
7415
6636
9489
9929
9489
7027
9489
14039
9489
900
945
913
945
1169
945
902
945
10069
7063
13054
7063
12981
7063
7562
7063
13197
7063
9415
11619
11039
11619
7776
11619
2661
11493
7502
2753
7507
2753
12246
13460
1026
1325
13629
3633
13664
3633
1740
1751
14134
11250
8962
11250
14131
11250
1939
7214
7006
6995
1431
1401
13968
11565
8918
11565
12378
11565
13896
11887
11192
11887
12077
11887
1387
1431
13465
12056
5926
9784
4765
12440
6100
4362
5075
4362
9467
4362
6045
4362
13757
13702
9323
7261
1427
1236
13995
13948
8945
13948
13765
6901
1244
1295
940
1295
904
935
1264
935
13165
2916
7113
2916
4952
13717
14001
6113
8983
4423
13705
857
1390
1512
1390
12295
5650
5184
5650
961
954
5380
4772
2218
4205
5005
6003
587
751
4962
10217
10187
3064
8999
3064
12319
6931
12415
5219
4424
4404
1799
5964
1839
1849
5637
11218
6627
11218
10432
11218
7603
7582
4507
8977
9970
8977
1593
12126
3909
12126
10758
7190
11857
13232
6820
3373
3163
9662
9306
9662
11458
2473
9088
2473
2514
3898
8494
3898
1787
9247
8653
9247
11292
12096
12120
12096
6104
9890
5092
9890
9348
13814
12692
13814
8754
13814
8020
10654
9136
10654
7270
6753
7274
6753
3961
2952
3100
2952
6006
8805
3596
13235
11928
13235
4302
13235
3410
1937
13776
1937
5057
1937
12259
1937
4395
1937
9827
1937
2250
6904
793
743
197
743
205
743
13660
4351
11610
4351
13634
4351
13748
2113
6934
2113
2089
2113
4983
2113
5171
4431
5162
4431
9586
12839
7518
12839
7962
12839
7112
12839
6695
12839
4681
7969
4687
7969
4232
13422
12626
11873
4926
10888
4123
10621
4120
10621
6916
5891
14043
5618
3465
5618
14020
13979
3348
1664
2117
11766
2890
7155
3347
14024
12406
9426
9855
954
1501
1392
1501
13651
2447
12744
2447
11595
2447
11132
5516
10379
11082
13897
4401
6109
4401
5592
4401
5122
4401
6857
7657
8621
7657
6964
13604
3302
13425
7791
11376
13745
11376
4295
4794
8572
13187
5311
13187
2831
3231
14182
11141
6172
6138
6174
6138
4840
1930
3679
1930
7799
7784
10369
7784
11095
7784
11077
7784
5027
6046
3335
13396
14143
3911
11812
9261
13564
13502
1416
1539
4715
13347
3498
5285
3268
5285
6090
5083
6090
5083
7320
4824
3499
3531
12543
3531
11372
11912
7525
2717
3470
2717
2069
13517
6092
13505
11661
11660
1115
1505
1513
1505
7807
13858
8905
13858
12369
13858
1776
1789
11070
5484
3581
12741
5798
12741
8887
13590
11539
13590
9457
13590
5902
6382
8115
7651
8111
7651
3166
8211
10723
3563
3700
10787
5276
2548
3797
2548
7517
2729
7522
2729
6373
5789
7445
12678
5670
12678
6657
12678
7858
12678
3084
12678
3081
12678
7857
12678
7444
12678
3086
12678
3079
12678
7856
12678
12679
12678
4545
12678
12676
12678
14190
12678
7859
12678
11301
12678
5611
12576
9305
9214
2972
2990
3686
2990
2860
3263
3870
5260
13347
5260
745
441
467
441
2323
4937
8833
9415
9089
7489
13381
11685
12486
11685
12488
11685
7364
2248
3688
2248
13734
2248
9862
4357
2534
4056
14082
7423
9952
7423
6970
7343
5025
7343
5473
9803
5460
9803
10324
9803
10368
9803
8796
9803
6266
5693
7555
5693
2557
3539
2573
3539
2522
8132
13400
11957
9774
8622
4784
8622
8108
5765
6543
6540
11073
6540
7971
2772
2748
2772
6472
11337
7319
11337
6439
11337
8514
3894
8506
3894
4869
2176
3325
2176
5664
6209
2806
11515
5235
10456
13859
7393
1544
7846
4938
9306
8123
7264
7727
7264
2523
5723
2326
3239
13901
7013
6563
11669
286
341
675
341
578
341
9785
5375
5382
5375
13466
7465
7934
7465
13269
7103
8007
7103
4672
2886
5771
2886
5314
4103
6875
8592
13181
8592
7305
8592
12392
6125
4112
2170
6798
2170
11088
2416
13410
2416
13585
2416
6508
2416
10880
12197
13156
12197
12196
12197
3169
10642
4185
10642
7707
10642
3775
10642
7267
10642
4764
10642
7699
10642
5815
10642
13448
10642
7270
10642
6805
10642
5823
10642
7596
10642
13157
10642
9673
10642
3489
10642
13254
10642
3699
10642
1988
10642
3198
10642
4770
10642
3439
10642
7276
10642
6842
10642
13185
10642
4205
10642
3316
10642
9343
10642
6398
10642
3301
10642
7256
10642
6405
10642
8637
10642
12085
10642
6848
10642
8645
10642
6392
10642
7273
10642
8647
10642
3773
10642
8628
10642
6844
10642
7275
10642
6410
10642
8643
10642
8606
10642
7277
10642
5819
10642
7274
10642
7706
10642
4775
10642
8613
10642
8625
10642
13125
10642
6856
10642
8634
10642
12058
10642
8593
10642
5816
10642
9201
10642
1959
3316
13857
8853
4799
4640
1819
1826
13262
6705
3505
6705
9324
6272
13397
6272
7285
6272
7376
5029
607
143
178
143
1979
4312
11775
5269
4845
5269
4901
5269
2207
3661
1667
1668
1346
1495
1524
1495
1310
1495
3450
13328
3248
13328
7820
6095
12334
8936
8951
8936
3874
12604
135
667
9353
12227
2067
4999
8755
10267
851
852
9515
6163
4646
8356
3860
8356
3945
2741
7117
2741
13673
5010
9344
2746
10265
2746
8697
2746
12620
2746
5138
12537
8038
7985
4802
7985
9776
7985
6863
2142
5330
2142
11212
9919
8927
9919
512
569
14046
5588
13924
4976
7807
4976
8905
4976
5107
4976
12369
4976
8238
5120
4444
5120
2664
4643
13078
10591
7258
10591
9389
10313
2072
2085
2060
2085
140
80
91
80
9313
10816
2855
5686
12671
8680
8708
8680
10986
8680
6993
11951
7388
11951
693
684
919
1466
1139
1466
1366
1466
1369
1466
958
1466
924
1466
964
1466
1206
1466
1354
1511
879
1511
1357
1511
3727
13034
10733
13034
12316
12315
3139
2244
13353
2244
3112
8413
4705
8413
9816
2602
6929
2602
13838
2602
10305
2602
8168
2602
12423
2797
2795
2797
13868
6543
10752
7960
547
714
741
714
4177
3520
12631
6200
5188
6200
5822
7612
3688
7340
3416
7340
5646
12045
2330
3220
415
110
5231
11286
273
675
11489
2544
12252
2544
9377
2544
12507
2544
8828
2544
3751
8091
2517
8091
1920
1921
3292
1921
6086
6978
12347
3025
6383
3025
2053
6230
11353
6230
3836
14053
5811
2820
2809
2820
10277
2820
5938
2311
7322
2311
5884
2311
6933
2311
10228
3497
9276
3497
11800
3497
13888
13871
11146
13871
1940
3411
12563
8929
8949
8929
13105
12974
4603
12974
1167
1136
892
958
1401
958
13915
3844
1980
5036
7280
13246
13487
13246
4762
3197
402
0
10972
6476
7119
2685
7504
2685
2797
11962
11210
13927
13916
8899
5644
5148
8949
5148
12081
5148
11449
7146
10199
7146
12016
10252
5201
4478
8966
4478
8963
4478
11684
10949
12037
10949
11020
10949
10364
9423
9461
7803
6589
7803
6995
7803
4875
9343
7616
10132
9173
10132
9197
10132
13070
10132
8045
10132
9205
10132
7628
10132
9179
10132
6779
10132
7208
10132
7201
10132
9951
7038
5992
5947
3345
1625
13479
6832
7734
6832
10331
6832
8795
6832
11197
9465
14102
9465
5607
9465
9492
9465
4249
2002
8134
2002
13318
11589
9791
11589
8893
3390
8816
9393
5003
9393
11048
9393
11814
9393
9405
9393
13475
3669
7743
7306
10898
7306
13548
9846
8676
9264
5713
2490
3272
2490
7299
9612
11460
9612
10641
2973
3168
2973
12456
14012
8968
14012
14084
14012
5850
11482
8114
11482
11483
11482
1954
4253
5934
9340
4403
6055
5080
6055
5550
6055
12311
6608
12752
6608
10444
5159
8256
5159
13987
5159
8253
5159
12390
9960
9258
9184
10318
5914
9382
5914
12027
5914
2960
3784
4491
11268
3352
3614
4077
13551
8438
4597
2452
4613
2452
6182
14015
7419
14015
6206
14007
4350
13819
6088
6506
11826
6506
11655
6506
10342
6506
6531
6506
8208
6506
4002
2298
4028
2298
8214
3398
7154
10091
7154
10091
7008
6090
9474
6090
13506
9076
13460
9076
9756
9076
8710
11716
11327
11716
10869
11716
5120
13983
14029
13983
3068
6147
8910
11963
10671
4529
4508
12333
4508
7531
2839
3971
2839
1507
1347
1390
1347
9993
5668
3090
5668
11158
13650
11756
13650
5543
13650
1235
1176
1500
1176
12345
13974
12910
4095
8533
4095
13078
4095
2736
4043
1627
9985
1417
875
10741
7919
2230
7919
6212
12631
4306
3286
4279
3286
6505
10958
8175
5961
5444
5961
10992
5961
12784
12389
4095
12389
6602
13609
6107
13609
10314
2947
8784
2947
2775
5341
5633
5566
2525
4606
11553
10338
12447
3586
12730
12601
4743
2754
4748
2754
9246
9235
9246
9235
11695
10904
11506
8166
13650
9434
13045
12790
10038
12790
8315
12790
7068
12790
2627
12790
10525
12790
3038
12790
3192
12790
2743
12790
5706
12790
2659
12790
9025
12790
8997
12790
3233
12790
3425
12790
3281
12790
11570
12790
11324
12790
7072
12790
2676
12790
3575
12790
8311
12790
3324
12790
5275
12790
3186
12790
9024
12790
13082
12790
3511
12790
11393
12790
6223
12790
10632
12790
13072
12790
5717
12790
7892
12790
4606
12790
13092
12790
7905
12790
10499
12790
10083
12790
2694
12790
4579
12790
10620
12790
3724
12790
3029
12790
3535
12790
2829
12790
10053
12790
2930
12790
7454
12790
6229
12790
10501
12790
4576
12790
11923
12790
3471
12790
4581
12790
4591
12790
6691
12790
2683
12790
7529
12790
2780
12790
7090
12790
4568
12790
4654
12790
4608
12790
9604
2978
3942
2978
8221
11155
11348
13822
11349
13822
5963
6888
4945
6888
4969
6888
7407
6621
4320
3634
13808
5057
904
1112
914
1112
1183
1112
12786
4554
1875
4554
2266
2293
13258
2293
12527
10188
11453
10188
10083
7082
2930
7082
3802
1915
1885
1915
3264
3393
3264
3393
4395
12259
4395
12259
14060
14029
7401
14029
4444
14029
8107
8589
10227
8589
7698
8589
9327
12942
11635
12942
2311
13153
2067
13825
11366
3482
12637
3482
108
403
10496
1276
3521
3031
8579
3031
566
16
4690
2382
4111
2382
3963
2256
3792
2256
4221
4048
4195
4048
11749
11929
13041
11929
3747
4383
8867
4383
11119
3812
11615
3812
4162
2091
3265
2091
11433
13575
2762
7907
6662
3063
2098
3063
10423
11190
5593
11190
12583
11190
4852
5843
12394
5843
10872
5843
12088
5843
5904
5396
710
201
4842
7726
12118
12755
12149
4521
1542
4521
2689
13414
10497
11899
5242
11899
2205
4886
5221
6654
11921
2556
8782
2556
9852
2556
9429
2556
8825
2556
2211
13627
9612
7875
11752
7875
1640
8962
6479
5346
12384
5346
5376
9739
10257
9739
5069
5426
4281
7696
4298
9677
4293
9677
5047
13572
12578
13572
6521
13572
5791
10753
2331
3967
10379
12248
12249
12248
13447
5840
10808
6787
939
1125
1166
1125
7809
10382
5966
11910
9371
11910
8733
11910
7300
7281
11572
13674
11886
13950
5420
8716
6325
12076
12075
12076
10700
12076
4257
13683
5059
5051
11801
3655
10960
3655
12198
3655
5578
3655
5544
3655
5524
3655
2850
2864
2838
2864
2073
2109
4198
2109
13954
13909
8309
2735
11361
2735
1829
4752
14019
9495
12183
12184
12797
12184
13173
7141
3670
7141
1625
8268
10239
7683
10236
7683
12202
13788
4969
4945
4969
4945
3987
9563
3606
9563
13342
8482
9233
8482
1589
14122
4508
14122
1590
14122
6234
1388
6666
1388
12349
13796
4229
3460
1582
9525
6292
2360
3278
2360
885
1095
1232
1095
907
1095
11439
11438
2636
2649
9425
13458
11396
9841
9922
13775
8142
7175
12062
7175
11761
7175
7011
9907
8899
9907
11742
9907
1893
3766
5392
5303
5889
5303
5891
5303
5745
11853
2361
11853
2074
11853
1986
11853
7984
11853
2107
11853
13126
11853
7995
11853
8025
11853
2270
11853
10687
11853
2044
11853
1982
11853
5750
11853
7993
11853
2229
11853
2362
11853
5743
11853
2476
11853
9155
11853
2149
11853
7185
11853
13365
11853
7180
11853
2501
11853
2444
11853
10703
11853
4024
11853
10666
11853
2228
11853
2528
11853
9131
11853
3619
11853
10670
11853
9152
11853
2300
11853
7611
11853
4655
11853
6301
11853
2045
11853
1904
11853
10667
11853
7176
11853
2937
11853
9170
11853
5291
11853
7992
11853
3574
11853
3027
11853
10702
11853
10128
11853
10135
11853
5757
11853
3540
11853
10676
11853
8419
11853
2343
11853
2468
11853
7989
11853
13123
11853
2394
11853
3729
11853
9663
11853
2475
11853
9164
11853
10914
9726
11573
9726
13831
5439
12190
12491
12665
12491
562
245
10907
4868
11957
4868
10287
4868
2760
4101
7032
10437
3074
5222
11369
5806
8633
5806
11357
11356
6466
7739
1711
9696
1718
9696
10379
5062
6099
13772
9751
7677
6852
7677
7278
7677
2292
12649
13514
12649
6256
12649
1986
12649
1931
12649
2156
12649
2076
12649
2381
12649
2473
12649
2256
12649
4048
12649
1923
12649
1977
12649
2433
12649
2237
12649
11307
12649
6342
12649
2358
12649
1864
12649
5335
12649
3457
12649
13021
12649
2039
12649
2015
12649
4131
12649
3578
12649
7182
12649
2390
12649
3952
12649
2373
12649
3791
12649
717
708
242
708
747
708
17
708
5195
5192
1628
5192
11425
12220
4157
11936
1485
1480
1049
1480
1113
1480
5078
9875
6128
9875
998
1477
1256
1477
7434
7188
8337
5303
8337
1428
1521
572
678
62
678
2409
6363
3293
3264
8235
11622
14105
11622
12147
11622
2241
3780
6400
7235
8965
8957
12153
6295
6313
6295
11316
6295
10217
10166
3131
2049
11697
2049
7317
6866
10078
3564
2383
6244
2074
6244
2491
6244
2242
6244
8334
6244
8445
6244
2190
6244
2043
6244
2368
6244
12808
6244
2548
6244
1921
6244
2049
6244
8381
6244
2594
6244
1811
6244
2515
6244
8466
6244
8341
6244
2167
6244
2255
6244
1974
6244
1837
6244
7634
6244
7979
6244
2010
6244
2405
6244
2586
6244
2497
6244
2115
6244
8358
6244
2432
6244
583
170
11641
11592
6392
6773
10711
6773
14079
14041
7320
8669
13404
5734
5442
6445
10926
6445
6471
6445
6550
8188
11647
6325
3725
10674
1691
10674
1702
10674
127
119
716
119
438
119
1692
8515
9245
8515
504
469
3537
7563
4733
7563
4239
4767
8102
12658
8694
12658
4085
2512
4081
2512
10129
9045
4082
9045
4507
14142
11985
14142
13257
3610
7518
7495
2711
7495
640
237
1630
1631
7757
1631
5316
9683
4934
10901
5959
10901
10961
10901
10982
13588
4471
11413
8157
5898
12692
5898
5408
5898
12139
6217
11370
3856
13905
3856
6608
3856
13909
3856
11630
3856
8839
4377
8837
4377
8850
4377
12296
7841
11273
7841
13131
12971
13237
12971
2212
4108
5825
2212
9803
2212
4886
2212
5389
2212
12983
2474
3114
2474
6495
10931
11011
10931
9828
10931
13638
5928
13638
5928
10490
1537
2691
7525
3338
3374
11452
12556
9399
12556
13148
5280
2896
8286
3944
8286
4247
9281
12579
13065
8720
13065
9808
3405
5346
3405
6374
2305
12650
2305
13936
5127
13094
12993
6049
11025
12004
11025
9297
13264
7268
13264
9745
13264
8206
11063
12116
13860
11704
13860
11763
13860
4793
2114
2117
2114
11468
8951
14072
8951
4967
11680
12633
10995
11133
5532
3352
1663
870
965
971
965
5111
5097
13830
5097
13432
12884
9679
12884
13265
13023
4787
13023
13607
2691
2680
2691
795
772
13201
9256
8617
9256
11103
6051
6805
6359
8606
6359
6107
11048
11170
11136
2567
5752
1715
12804
4308
12804
13131
12804
1920
12804
3499
12804
7313
12804
13310
12804
1801
12804
4870
12804
3415
12804
7309
12804
5410
12804
3858
12804
13237
12804
3266
12804
4296
12804
1732
12804
4290
12804
3730
12804
4283
12804
13339
12804
3687
12804
13331
12804
4292
12804
12543
12804
7318
12804
3304
12804
4287
12804
4310
12804
4299
12804
3132
12804
4312
12804
1722
12804
3141
12804
1770
12804
7700
12804
12852
12804
13343
12804
4311
12804
3292
12804
4286
12804
3337
12804
1746
12804
13520
12804
1785
12804
4291
12804
4298
12804
1758
12804
4887
12804
3709
12804
1774
12804
4293
12804
11512
12804
3676
12804
4309
12804
3108
12804
4234
12804
4297
12804
3831
12804
4289
12804
5414
12804
1236
942
12675
3824
12715
3824
13627
6939
1238
1322
2535
3105
387
421
285
421
1738
1739
1731
1739
1520
870
1793
8653
1881
4840
8706
10842
9995
613
12773
613
9994
613
7497
7452
9029
7452
549
233
1581
14175
1582
14175
7430
14175
1583
14175
1439
1211
12749
3308
10320
3308
5431
3308
5469
8792
11785
11869
12755
11869
14045
11869
8863
2408
12738
2408
777
223
41
583
572
583
7392
8206
2576
7646
3250
9028
7146
9028
7822
9467
5391
4174
5168
14076
14096
14076
9866
1896
5068
1896
8843
1896
9462
1896
4718
7973
8040
7973
7638
7973
12327
12736
10324
5945
8796
5945
12697
5945
7366
5945
1036
1413
1645
1152
1292
940
1292
1231
1292
846
932
2555
7548
4371
8822
3782
10050
3782
10050
2617
8998
2727
9603
11435
12581
4264
2940
2936
2940
9518
14033
14185
14033
12147
14033
1938
2058
1005
1315
1172
1315
909
1315
4493
9520
9475
5554
4157
4071
9213
4071
12018
4071
7726
6398
5877
6398
12239
6398
13031
8018
9339
8018
3593
12131
8131
8108
5857
8108
10370
11059
8861
11059
5511
11059
2023
1987
1969
1987
8270
14163
5225
14163
8271
14163
3198
6348
7275
6348
12604
6428
10879
6428
4426
7812
4426
7812
1248
1503
1504
1503
7931
10033
3976
10033
755
734
5529
6057
8223
6057
11153
6057
5586
6057
762
753
13605
2919
2561
2919
4962
12101
11728
11771
7588
7559
1376
1203
5952
13499
3180
10616
4127
10616
7003
8880
3712
2927
3613
2927
2312
5886
4574
34
11475
34
279
731
11195
4426
4436
4426
11949
2207
10320
2207
5431
2207
12485
2207
2131
4346
11165
4346
4989
11381
11837
11381
6938
11381
7076
1421
10028
1421
8148
5383
1665
9987
7345
1720
7784
1720
3640
4023
9453
5521
3338
4396
6910
3301
8161
3301
4931
3301
13162
2507
13338
2507
10565
10518
5697
10518
4915
4843
11398
4843
13573
4843
70
630
392
630
112
461
3953
2401
3506
2401
4435
12411
4152
9646
4202
9646
1528
1056
10515
7467
8322
7467
6854
3160
8624
3160
9976
9973
4664
8364
10623
8364
8763
5377
7684
12699
10182
12699
5411
4280
4770
6320
5851
6320
11395
4928
7815
4928
9388
4928
11384
4928
6639
6632
114
741
4960
11517
3698
10379
11445
10379
13947
10379
4791
8530
11829
12729
9444
12014
13286
8050
7344
1697
1685
1697
2657
2658
2662
2658
4353
8774
12083
11335
5813
7603
12056
7603
10923
7603
5648
8243
11589
5767
6485
3683
12103
12104
1010
1038
4912
4898
3018
9149
11954
11955
4299
8500
1785
8500
4800
3592
10853
3592
4792
3592
7688
3807
7713
3807
9763
10769
7428
3738
8047
8402
13029
8402
8986
9548
1542
9548
14006
11742
1059
848
3967
10550
3953
10550
4317
12344
3314
11099
10416
11099
8835
12424
8827
12424
11615
12424
9223
8479
7218
8479
8589
8479
10738
8479
6798
8479
6355
8479
6533
6896
11358
10265
2071
7256
11649
12225
5595
12225
5097
6097
3252
12061
3974
12061
12629
10464
9976
10464
12680
4532
13259
10193
12029
10302
9835
10302
5737
744
5727
744
8393
744
6515
6926
12559
6707
6872
6707
9234
12263
10388
9452
8219
9452
5085
11129
13462
12394
1843
1846
1836
1846
3668
13364
4246
13364
11814
13691
6408
13169
11420
10223
7059
12195
4538
12195
8924
6127
7399
6127
4489
11990
4779
12317
4744
12317
13502
12317
4076
12801
7188
12801
4079
12801
10129
12801
3675
12801
4085
12801
4706
12801
7988
12801
3323
12801
13218
12801
3139
12801
10131
12801
3666
12801
13269
12801
10116
12801
5303
12801
9149
12801
7177
12801
4065
12801
8011
12801
3790
12801
4704
12801
8007
12801
3109
12801
4680
12801
9163
12801
3665
12801
3623
12801
4083
12801
7664
12801
7147
12801
3834
12801
3723
12801
3722
12801
4081
12801
8536
12801
12508
12801
3875
12801
3609
12801
4082
12801
9143
12801
13353
12801
9147
12801
9638
12801
12614
12801
5753
12801
9137
12801
4086
12801
5573
6062
6586
6062
587
592
555
592
561
592
104
592
6891
4806
1842
1841
10979
1841
9378
1841
11895
1841
110
394
10038
9559
7892
9559
12712
4059
6017
13699
2413
4192
2510
3975
2654
10533
7635
9158
12292
9158
3737
4439
11232
4439
11724
4439
4332
4303
10214
12831
13661
12831
1852
12831
12860
12831
7674
12831
2315
12831
1911
12831
7729
12831
7248
12831
4179
12831
8096
12831
7685
12831
1775
12831
10762
12831
2240
12831
1809
12831
10202
12831
7690
12831
1817
12831
10785
12831
2367
12831
1751
12831
6821
12831
2053
12831
1994
12831
9709
12831
1867
12831
1875
12831
9275
12831
2031
12831
5869
12831
7681
12831
1952
12831
2261
12831
1695
12831
6828
12831
2275
12831
8094
12831
8580
12831
1792
12831
8838
10871
1991
4222
3959
7079
644
52
738
52
4952
5868
6592
11110
3237
2122
11721
2122
5103
2122
1905
7987
4140
7987
9305
8572
12132
11020
7434
1584
1556
1584
9539
1584
1548
1584
7624
12535
2728
2726
8034
2726
7202
2726
8475
2726
2850
4734
7626
7112
11389
8509
8599
8509
12597
11470
8375
10018
7972
10018
1575
7002
5138
7002
6818
10108
3093
6733
3045
10617
3045
4791
3182
1209
827
5046
2524
12706
2524
6972
2524
5047
2524
12578
2524
1783
1786
5853
1786
10626
7520
3646
7520
4583
11544
2052
11544
9671
11544
10563
11544
8065
11544
3583
11544
8591
11544
8370
11544
7233
11544
9653
11544
3989
11544
8386
11544
8463
11544
9047
11544
6756
11544
9650
11544
7964
11544
10060
11544
10073
11544
2396
11544
2306
11544
10161
11544
3503
11544
10128
11544
11557
11544
3428
11544
9600
11544
12940
11544
9196
11544
13019
11544
2084
11544
4000
12047
4059
12047
11030
10984
4074
2904
4060
2904
1027
974
3659
6808
8630
6808
4254
1872
5888
1872
12330
8240
14065
8240
6527
9812
14087
14070
7658
8033
3632
2224
13539
2224
12480
2224
4480
12710
8877
9877
8873
9877
6571
9877
4111
9061
3839
9061
3818
12309
13287
12309
8236
12433
3089
1031
980
10572
13122
13217
13122
11190
11162
766
366
222
366
10238
7675
10236
7675
4156
2017
10767
2017
5961
8742
2867
4686
2118
6854
9947
11479
1557
11479
9512
10435
11413
5643
14082
5643
9952
5643
9916
6120
12655
6120
13208
13092
13208
13092
11040
5976
5469
5976
4618
4588
13535
4588
2941
8990
3037
8990
2929
8990
5241
8990
8343
8990
10518
8990
8335
8990
10555
8990
3576
8990
3542
8990
2594
8990
7881
8990
3573
8990
10074
8990
4173
10154
4173
10154
12380
13991
6033
6010
13603
6010
12137
6010
9079
2395
4599
2395
10868
10234
1497
1089
1301
1089
4427
9905
2186
7177
3295
6235
11530
8330
11530
8440
11530
2441
11530
6784
11530
7993
11530
7873
11530
2965
11530
2503
11530
13107
11530
2851
11530
7922
11530
7599
11530
2927
11530
12699
11530
2983
11530
7478
11530
10010
11530
5758
11530
9207
11530
2915
11530
2668
11530
10080
11530
13113
11530
9168
11530
9569
11530
4556
11530
2650
11530
10039
11530
7602
11530
2398
11530
2114
8517
2465
4065
12520
10722
7746
6447
5943
6447
1955
4152
7707
6327
4775
6327
1117
887
962
887
2748
10011
7929
10011
1636
12013
10121
12472
12762
12472
12762
3067
3098
13761
6586
5301
11364
5288
6688
10807
6821
1680
6821
5968
2029
13588
2029
2000
2029
10959
2029
11403
11402
7592
6297
7705
7237
12660
7237
12659
7237
3754
7237
12148
12149
11501
11500
9529
8955
10519
7070
9031
7070
3694
10692
3205
10692
464
388
8951
11243
16
492
497
492
5339
9104
13160
9104
6024
12372
12513
11774
4389
2600
4780
2600
7139
9014
3201
9014
9605
8335
13197
8335
10777
4723
2914
9641
4700
9641
2754
7527
12542
8544
13090
8544
12723
6414
5436
13438
10154
7994
10409
7386
11162
7386
1801
8470
4299
8470
11082
4375
5062
4375
13873
4375
3368
4375
8120
4190
8691
4190
11344
11509
3477
11509
3215
6215
7325
9778
1650
1651
2945
4693
10425
3733
13991
3733
13981
3733
2691
7497
9193
13180
11449
13180
14097
11240
4834
12916
4625
2653
2611
2653
4837
4765
1784
8024
1767
8024
4030
9047
4632
9047
13829
3688
12568
3688
4400
3688
13836
3688
10436
3688
13910
3688
10316
9368
7128
7883
3959
7883
4271
12158
12540
12158
3637
5095
4443
5095
5129
5095
12334
12564
11243
12564
6183
12564
9455
10370
7692
13228
10787
13228
8189
10997
12337
56
9119
56
12796
56
12389
56
3884
56
8198
4269
737
702
712
702
294
702
14125
5163
11744
12450
14109
12330
6192
12330
2761
10524
11019
5999
9884
11572
12209
11572
12216
11572
11084
11572
13830
11572
11194
13863
13908
13863
6129
13863
10803
10780
13610
11027
10103
6719
9122
6719
12050
3111
5128
5125
9936
5125
9945
5125
2775
5312
9954
12300
12278
12300
12280
12300
2068
10494
12765
10494
6073
6461
13749
6029
5836
13067
6147
13716
6621
13716
6149
13716
10447
5640
611
561
4165
8011
4553
3051
2375
3051
3746
3051
474
325
7739
8121
8714
8121
4017
12028
3239
12028
12169
11206
11832
11206
12329
11206
12254
10874
4479
14061
8967
14061
13902
8869
4606
6666
4568
6666
2029
2053
11902
2053
12981
11792
12981
11792
5616
11998
4395
5055
5723
5253
6299
5253
7381
6568
1566
13761
11157
806
28
565
28
820
28
4949
4914
2655
3932
13863
11822
13863
11822
8079
9237
9722
9237
12903
9237
9267
9237
8568
9237
1734
9237
7233
9237
7687
9237
6379
9237
8552
9237
6370
9237
1802
9237
7247
9237
7683
9237
13364
9237
1786
9237
6808
9237
1872
9237
7675
9237
12817
9237
1811
9237
9717
9237
1907
9237
6813
9237
6817
9237
1973
9237
5335
9237
9713
9237
13442
9237
8073
9237
9251
9237
8551
9237
9266
9237
7232
9237
9711
9237
12140
9237
7679
9237
1838
9237
7249
9237
4452
6159
6640
6159
1104
1303
1525
1303
7780
1764
8187
1764
4734
9675
6031
4961
12600
4961
6034
4961
6508
4961
1040
1513
1017
1513
7178
12849
10633
12849
2773
7877
3933
7877
2926
7877
2491
7877
2695
7877
6245
7877
7901
7877
8327
7877
6680
7877
6250
7877
7498
7877
7500
7877
12719
7877
2714
7877
2571
7877
2889
7877
5691
7877
8376
7877
2974
7877
7495
7877
10033
7877
11509
7877
2675
7877
2988
7877
2530
7877
3402
7877
8319
7877
2950
7877
2891
7877
8357
7877
3026
7877
8310
7877
2745
7877
13003
7877
13224
7877
10058
7877
2721
7877
5684
7877
9569
7877
7085
7877
12074
7877
6681
7877
7083
7877
7102
7877
2812
7877
10032
7877
7095
7877
2848
7877
2551
7877
8331
7877
2865
7877
7512
7877
10105
3981
5283
3981
8711
3981
1824
1835
1836
1835
8919
5606
11625
5606
8920
5606
7139
4566
10090
4566
2123
4341
12345
12757
11323
10511
7499
10511
13388
4668
5552
5508
1515
916
906
916
12412
12418
5545
12418
2690
7905
580
39
387
39
391
39
14004
5090
8905
5090
11402
5090
8923
5090
5581
5090
9265
11653
4138
11653
4474
1580
1192
1215
1502
1215
1395
1215
198
135
2288
8154
2213
4028
11416
12684
371
317
447
317
289
317
295
317
2241
13346
8216
6036
8789
13397
14005
11151
12572
11880
5079
11880
7414
6148
6154
6148
13989
6148
4973
8771
4973
8771
1331
1192
11220
13840
13898
13840
4861
4116
13543
4116
3885
14154
1682
1689
2319
13516
2614
2617
2615
2617
724
483
201
483
827
1311
1274
1311
2226
6785
3160
8381
3336
8381
5886
13052
5886
13052
10484
9994
9409
9386
13366
6289
13291
6289
514
513
7568
2629
9657
2629
5494
7778
6358
9131
6353
9131
4171
7641
3154
7641
570
808
1980
2000
10984
2000
4356
2000
9845
2000
11762
3303
13476
3303
9183
7183
10708
7183
6776
7183
3381
9527
836
1405
1349
1405
940
1405
10740
2403
4722
2403
863
864
862
864
1787
12751
3550
12751
5399
12751
10279
12751
5401
12751
8716
12751
4868
12751
3752
12751
9357
12751
8727
12751
4892
12751
4294
12751
3479
12751
13229
12751
10262
12751
10269
12751
13725
5478
4545
10481
2186
9101
1311
1222
996
1222
9205
10024
13202
10024
11687
9883
5065
9883
13668
7368
11118
7368
13735
7368
4343
1854
4953
1854
3741
1854
1834
1854
13495
4947
6018
4947
132
127
551
127
8043
6760
13189
6760
13098
3036
7460
3036
11285
14133
10466
14133
14147
14133
1621
9497
5739
12858
10602
12858
11194
13849
13908
13849
6129
13849
4940
8681
11313
11950
13308
7914
4070
7914
10657
7914
3515
7914
5284
7914
11916
7914
3199
7914
4644
7914
3255
7914
4072
7914
3115
7914
3872
7914
3846
7914
3689
7914
4652
7914
12701
7914
4091
7914
4090
7914
4074
7914
3715
7914
4647
7914
11497
7914
4078
7914
4073
7914
3236
7914
3340
7914
3848
7914
4077
7914
3780
7914
2058
7914
3276
7914
7554
7914
4092
7914
3719
7914
3690
7914
4034
7914
4069
7914
4088
7914
3476
7914
4084
7914
4096
7914
3811
7914
3495
7914
4075
7914
3156
7914
3208
7914
11714
7914
3219
7914
3240
7914
4060
7914
3278
7914
4089
7914
13240
7914
4063
7914
3212
7914
4068
7914
13214
7914
3271
7914
3223
7914
13696
13687
13696
13687
6567
11066
768
445
477
445
732
445
615
30
442
30
6314
12208
3602
12208
13104
13026
9618
2842
9615
2842
8684
8055
10841
8055
4321
3018
8777
3018
10312
3018
13637
3018
3559
3018
6501
8738
7050
14045
13864
13810
6949
2335
13648
2335
5465
2335
8818
2335
13736
2335
4930
1959
4889
1959
1937
1959
318
634
130
634
5503
2075
11067
2075
11677
2075
5024
2075
6952
2075
4997
2075
10788
3435
5036
5011
5036
5011
9958
14042
12141
14042
9959
14042
12175
5121
7025
5121
7150
12996
2196
11782
4143
10590
3148
10590
5949
12384
1987
4138
12687
813
3920
813
14142
14136
10224
9588
8641
9588
11240
5154
12419
5154
6178
5154
2979
6231
7143
6231
12733
5919
1329
914
923
914
11363
14089
3291
9189
3864
9189
10248
7668
10213
7668
8113
7668
8305
8283
7891
8283
5194
12553
5197
12553
5193
12553
11188
13885
6119
13885
4329
4905
5438
10917
13471
8090
6867
8090
8581
2097
3745
2097
14169
6201
3732
3640
3725
3640
13306
3640
5787
3640
10314
4877
735
269
369
269
4042
7566
4056
7566
8190
7341
6547
7341
11417
11416
7147
11416
12614
11416
10629
10555
9159
10555
12662
7961
5405
9686
4850
9686
4898
9686
8214
13620
2758
2760
2789
2760
11121
13882
13964
13882
7662
6776
13646
8837
12674
13480
9077
2876
12031
2876
216
437
2997
10125
2111
6863
3333
2354
3129
2354
12086
12087
8658
13216
4183
13216
13496
10944
5848
3454
12541
3454
6369
6795
12418
6541
11751
11584
6729
10095
9304
6366
4813
13728
8119
13728
8120
13728
2754
2782
7668
3619
7667
3619
3299
2186
3642
2186
13358
9269
13297
9269
4212
10163
10761
10163
11315
2693
8664
2693
4225
2693
12632
6825
12957
12902
6864
12902
1545
8924
1714
1722
10155
7947
8108
7947
13402
12979
12079
12979
11740
12979
5781
3126
3453
3126
8576
9693
9253
9693
9242
9693
4923
5803
10950
5803
10260
5803
7200
11353
8317
11353
3438
11353
2470
11353
2554
11353
12953
11353
12642
11353
5748
11353
8340
11353
2574
11353
13044
11353
2228
11353
2512
11353
2372
11353
2955
11353
3002
11353
2588
11353
3026
11353
3502
11353
13138
11353
2166
11353
6720
11353
8422
11353
7557
11353
12986
11353
13435
3627
13428
3627
10093
2870
10098
2870
12370
9765
5894
9765
8721
11933
9869
4368
1380
1165
6846
9723
5373
9723
6347
4641
12179
4641
9740
4641
11760
5306
13290
5306
4866
11856
599
792
13961
8894
11309
8894
6198
8894
5645
8894
4432
8894
11310
8894
13558
9375
9395
9375
6939
9375
1084
866
4780
13623
6877
4778
5806
9668
6312
10090
9570
9005
5686
9005
2693
7588
7225
4087
13639
4087
2634
4087
6311
9115
3750
5985
7060
11212
4540
11212
7287
3570
8672
3570
2844
13466
1519
1427
1017
1427
5794
4675
12049
4675
10801
7686
8655
7686
9294
7686
3349
9961
12703
2892
3993
2892
4333
3774
5109
13408
2800
3270
4063
2983
3212
2983
12048
3958
10663
3958
6305
3958
10078
9566
3427
9566
13792
1971
13640
1971
8178
1971
4987
1971
13685
1971
3395
1971
10927
9341
3255
10055
4091
10055
229
652
403
652
9719
5340
8089
5340
10185
5340
13063
5340
2035
5340
2294
5340
10193
5340
9730
5340
8578
5340
13243
5340
10189
5340
9725
5340
9720
5340
7242
5340
2155
5340
2445
5340
7221
5340
13022
5340
11793
5340
10191
5340
3565
5340
13144
5340
5697
3576
5721
3576
11833
10882
6071
12600
13872
12600
13926
12600
463
390
12539
5612
8916
9914
11202
9914
8174
5960
1960
4237
5763
2705
8474
2705
2686
2705
8473
2705
5091
2139
7818
2139
5543
2139
3930
1397
12193
1397
10075
1397
3766
1923
1922
1923
13844
6575
14160
12630
10178
3276
10756
3276
10150
3276
13309
13039
10156
13039
12200
13959
13980
13959
12181
13959
5586
6091
13505
11088
7101
12073
11602
12073
2179
8713
4116
10670
3776
10670
12696
8911
11525
2675
2265
2675
6272
2675
5021
7765
6026
7765
7786
7765
3758
7765
10358
5024
2351
4883
8971
9947
6617
6132
9490
6132
2118
2120
4724
10756
12983
2466
13041
2466
2182
7693
7379
13878
7293
5343
7724
5343
4804
5343
4412
3366
4503
4497
10936
5423
11965
4994
12463
4386
9886
4386
4413
4386
10333
5465
8211
7375
12640
7723
4101
5264
8709
5846
4531
4527
1617
1618
10894
5393
13158
11918
13953
12609
4580
8277
11670
8277
9316
8635
1045
1258
3380
12673
12672
10930
12672
4778
2480
12241
2480
4437
6597
1119
1060
13297
13156
9632
3542
3663
3542
5954
8125
10805
6388
13489
6388
10451
11664
5177
11664
10829
6405
13522
6405
8665
6405
6528
8163
5987
8163
8176
8163
5280
3996
4636
3996
12375
3996
14076
6627
4268
3604
4265
3604
12675
6204
14138
6204
2070
3242
1568
8095
8703
13528
7284
7269
3961
7898
3937
7898
2797
13388
2807
13388
6561
11032
10344
11032
13654
11032
6081
5495
1087
1379
12534
5050
12646
5050
12657
5050
7812
5050
12656
5050
3858
2346
3709
2346
8717
4603
11609
4603
10690
6258
7138
6258
11831
3446
3968
3446
5583
5563
6112
5563
8428
11911
3280
11911
979
1054
6431
7280
34
102
7857
1613
2810
2809
12423
2809
5074
5525
6100
5525
7810
5525
11661
13659
6496
13659
12948
12889
4607
12889
2874
7928
11621
11713
4044
9073
13457
9073
7738
10838
8105
5841
8971
4467
1558
4467
8729
2164
6530
2164
5911
2164
9778
2164
677
656
316
656
1233
1158
13880
12617
14090
12115
14084
12115
11141
8212
11143
8212
5472
9840
14135
12005
6649
12005
4383
2562
2563
2562
5982
6503
3873
6503
11016
6503
13336
3900
13434
3900
9338
4256
5259
1045
3876
14057
13042
7532
2799
7140
13065
2262
4175
2262
8085
7222
5344
7222
11697
2032
3869
2032
1960
3472
9865
4987
12807
3057
2240
3057
12388
2372
3178
2372
1664
7439
6030
9396
3262
2550
9159
2550
7792
9843
10300
7303
3214
12718
11635
7676
12791
8499
12791
6802
10679
8060
10679
10781
6332
7962
2988
9076
2988
6162
6620
7707
7192
6405
7192
2377
3953
4281
10737
11412
10737
9141
7143
10115
7143
8016
7143
9634
3514
13055
3514
5487
6952
10569
6249
6255
6249
1817
5677
5244
5677
6436
8664
9880
9426
12188
9426
4388
2250
13713
2250
3416
2250
2177
5739
12589
9346
6095
7806
5552
7806
12087
6745
13312
6745
5530
5033
5235
3766
1928
1927
1928
1030
976
4966
6473
4242
3716
12979
10602
2089
5434
10751
2081
6355
2081
3562
3441
13257
3441
1605
11277
9972
11277
2419
13137
5843
2341
5131
11191
8927
11191
4540
11191
10450
6188
5222
4520
7439
4520
12728
8918
13618
7734
9819
13401
6511
13401
5433
13401
8768
12644
12635
10930
12984
2484
3509
2484
3384
3681
10278
3681
10278
1671
11283
4456
4452
5752
5281
4974
12189
4499
7840
7432
7840
9970
7840
3101
7840
1421
1265
1662
14166
4505
14166
1666
6648
10460
6648
5403
12970
12769
802
12184
802
6066
6546
6565
6546
5063
6546
2693
2698
13549
2698
13961
13920
6198
13920
3350
1657
538
748
2622
2632
3112
8416
3256
8416
13704
10900
13523
10900
12124
10900
2100
3752
11979
6487
6639
14003
6638
14003
5190
9532
8857
11738
10427
14102
14116
14102
11474
2681
7485
2681
11970
9898
14016
13987
7914
5683
5703
5683
2408
3850
3743
3850
4531
8950
3999
11681
10624
11681
4258
10813
6660
4548
6224
4548
6444
4646
5393
4646
5892
4646
9414
8782
3830
4973
4960
9280
4295
9280
5682
537
10017
537
5251
537
4570
537
11830
537
9555
1371
9836
10316
12424
10316
14019
9928
6293
12815
3982
12815
3561
2814
7912
2814
9512
8933
8958
12221
14136
12221
14139
12221
10622
3013
10071
3013
5551
6967
11103
6967
10363
6967
10371
6967
9881
6967
2708
2711
9520
6166
5649
6166
3139
8353
3875
8353
1939
3862
7734
4812
8795
4812
49
639
3310
11924
2057
9734
8797
10972
3829
12490
14123
12490
5203
12490
5625
13923
5625
13923
1038
1491
1004
1491
3164
5018
8995
3917
12538
3917
5590
5108
7400
5108
11203
5108
12880
11894
3814
11894
2648
11894
4578
11894
2339
11894
8298
11894
5256
11894
6676
11894
4604
11894
1392
920
2626
6659
5555
8856
4733
9087
3229
9087
6563
3209
6564
3209
8194
3209
7380
3209
8207
3209
6994
9439
8217
9439
13884
9439
3497
5726
4712
5726
13847
7396
13847
7396
2207
9303
7443
7843
9990
7843
12682
5907
1667
10453
9824
13375
10203
9222
12547
13444
1854
4133
2755
3929
1227
1472
1195
1472
4070
7106
4078
7106
646
628
664
628
390
628
1569
10909
6171
7016
9924
7016
13723
11837
2163
3790
12228
13372
10815
13372
13511
13372
6855
3509
13190
3509
4124
5696
6785
5696
5191
7426
11267
7426
8957
7426
9453
9806
6061
12455
9868
7346
8196
7346
7302
5875
9358
5875
896
1363
792
12
8096
4559
11326
4559
99
545
5446
1965
1957
1965
13303
13199
12402
9192
6927
12254
5370
8584
10629
2594
4601
2594
12532
13662
13921
9886
12099
12100
7681
12100
2807
11549
2040
8504
1273
909
714
710
8789
4739
8686
8062
6375
8062
4206
1977
6401
1977
7543
3006
3990
3006
8537
4677
8769
4677
4324
4677
794
525
82
75
18
75
5752
12130
11824
12130
4643
9117
12599
5987
6031
5987
2618
7868
12304
9383
11655
13665
5515
13665
8208
13665
3561
9007
8336
9007
8604
12938
10788
12938
10781
12938
5328
12938
8583
12938
10789
12938
3107
2433
3104
2433
6016
10989
9760
7186
9971
14138
8980
14138
608
186
12082
12358
4530
12358
48
114
5369
3333
10207
3333
8569
3333
1551
9521
6195
9521
88
84
27
84
8151
9554
8675
9554
13105
9554
10736
12492
4723
12492
8505
12492
7802
5520
5209
5188
36
357
369
726
177
726
672
168
733
168
4433
13931
4433
13931
4344
12410
1276
1526
11381
11380
6997
6577
6590
6577
10973
1943
4968
1943
1901
1943
5445
1943
9024
7074
7529
7074
2216
4235
10372
6033
9441
6033
11097
6033
703
680
149
680
5191
12522
1670
12522
9968
12522
1018
1015
1371
1015
7031
4434
2544
11770
13915
13867
8736
10562
5400
10562
8737
10562
1028
1107
8225
8881
6126
8881
6365
10057
10770
10057
3230
2961
3172
2961
10534
8275
7897
8275
1319
992
1350
992
12468
12232
7823
12172
11587
12172
6214
4525
12090
4525
10475
10469
3259
8702
12430
12429
12430
12429
5526
11094
11129
11094
5528
11094
10167
8474
11848
7377
11736
12349
8909
12349
9064
67
11943
67
7553
67
13005
67
11844
67
11943
517
12789
517
9859
5467
1853
4841
3632
11656
12313
4495
4501
4495
1588
4495
8647
13164
7275
13164
11559
11558
2276
3695
6494
13288
6928
13288
12191
9945
443
283
357
283
133
283
10524
4563
2827
4563
12732
7767
11122
7767
8823
7767
14055
5603
1793
1805
13667
6050
12553
12399
3545
11124
11148
11124
173
365
412
365
7123
10051
6725
10051
6074
10374
12112
12580
1958
8097
2992
3222
5646
6625
3645
5256
7954
5256
322
313
4745
8369
4746
8369
5652
14011
2219
6407
3092
11292
1589
11292
13000
3902
11716
3902
680
533
10251
9752
7519
12694
5252
12694
7301
8127
13512
3522
9298
3522
3454
9144
3509
9144
14059
11203
12299
6595
7019
6595
1959
4184
13416
10764
5872
13564
13767
13564
2001
11442
2400
11442
8063
11442
10067
11442
2457
11442
4634
11442
7552
11442
7185
11442
13020
11442
10101
11442
3890
11442
2106
11442
2298
11442
7683
11442
8515
11442
12061
11442
11681
11442
6698
11442
2011
11442
9093
11442
7991
11442
6743
11442
2192
11442
10580
11442
8469
11442
11827
11442
8039
11442
10191
11442
6260
11442
9135
11442
2692
11322
1561
6663
8085
12724
4313
12019
1389
1242
10319
8779
9476
12109
10247
8637
5369
8637
1452
1022
13154
10870
6133
6108
6613
6108
6131
6108
11174
11111
11134
11111
1943
3141
6046
6018
11448
13939
14008
13939
4393
11021
3385
1574
13280
7554
10649
7554
8409
7554
10109
7554
8001
7554
12956
7554
7152
7554
8407
7554
13163
7554
910
1180
1071
1180
1157
1180
1372
1274
8468
6728
4100
13393
8993
12830
9092
12830
6675
12830
13278
12830
7116
12830
3466
12830
6243
12830
6250
12830
4049
12830
3494
12830
8987
12830
4004
12830
8061
12830
3493
12830
9139
12830
3563
12830
7489
12830
3460
12830
3564
12830
3610
12830
3683
12830
10193
12830
7079
12830
3932
12830
4668
12830
3435
12830
5264
12830
7868
12830
5237
12830
3402
12830
10512
12830
3941
12830
3608
12830
8432
12830
7135
12830
5680
12830
10189
12830
6221
12830
3918
12830
3541
12830
9676
12830
10713
12830
8316
12830
4777
12830
5238
12830
2808
12830
7144
12830
5248
12830
7551
12830
3403
12830
2932
12830
3919
12830
3927
12830
4234
12830
3404
12830
3863
3985
8099
8057
8558
8057
10905
2822
9792
2822
5811
2822
3146
2822
9811
2822
10277
2822
6395
10682
3320
10682
3062
12800
10741
12800
4650
12800
10748
12800
8783
5812
7762
5812
4469
5166
14096
5166
1752
1770
12896
6698
10587
6698
4100
7168
6884
12913
2948
4696
1547
8241
10442
8241
14086
8241
8518
10062
8489
10062
6994
3703
8217
3703
11871
3703
13884
3703
7385
3703
12203
3703
1861
1882
13367
13272
13367
13272
3790
10557
4680
10557
13753
12711
12266
12711
6006
12711
13636
12711
8397
7886
4589
7886
8660
13299
9340
13299
9341
13299
1781
1793
5006
1793
3685
4021
11204
5559
2117
4875
4946
4875
7999
13275
4037
13275
4714
3172
11647
3172
1764
1776
1777
1776
4948
2969
4836
2969
7330
10915
11608
4907
5953
4907
2919
4726
196
292
480
292
4038
7521
4011
7521
8213
11054
1675
11054
6217
11054
13538
11471
3418
11471
11667
11471
13933
7383
7795
9868
12436
8501
6839
13078
755
736
9801
6827
5997
7752
1522
1062
1118
1062
11101
1860
11767
1860
8834
1860
3548
1860
13455
8051
2111
3673
13599
11864
8172
11864
11865
11864
12065
10097
14132
11246
12626
11246
13469
4281
11418
6797
10780
6797
10782
6797
11908
5452
11908
5452
5843
12085
6368
6321
3851
6321
811
353
1029
928
10870
8531
10288
8531
13080
8531
6452
1994
8140
1994
10811
1994
1721
10127
1736
10127
11671
6583
5533
8835
7444
1606
9056
12872
10650
12872
12430
13764
12429
13764
13798
13764
10013
12809
6256
12809
10570
12809
2716
12809
3466
12809
7450
12809
2457
12809
3583
12809
12846
12809
3584
12809
2906
12809
10009
12809
10000
12809
7873
12809
7880
12809
9018
12809
10561
12809
6259
12809
6658
12809
2770
12809
2785
12809
7862
12809
6674
12809
3394
12809
2753
12809
2685
12809
7520
12809
7070
12809
9005
12809
2550
12809
3917
12809
2667
12809
5237
12809
7449
12809
2984
12809
7474
12809
3002
12809
2826
12809
2786
12809
10573
12809
2720
12809
2731
12809
3914
12809
7462
12809
2451
12809
7872
12809
5263
12809
6664
12809
9996
12809
7870
12809
3012
12809
2877
12809
7341
9377
13644
5973
1118
1140
4441
11991
817
151
12169
5646
11832
5646
12329
5646
13748
6934
13748
6934
1043
1338
1075
898
5336
6354
11912
6354
9273
6354
13471
9767
5179
14092
5178
14092
8952
14092
7388
12060
8610
12436
10802
12436
5352
12436
1739
3647
318
4
9901
5548
10398
5548
11134
5548
10721
4683
13574
4683
4806
10551
11856
10551
2810
3146
8529
7945
5785
7945
1725
1742
7360
1742
4307
2934
2923
2934
7733
2934
3010
8148
1944
3678
11950
6485
11785
14037
14045
14037
7099
9999
2641
9999
11288
14157
4226
8036
10344
13546
9427
13546
13654
13546
2420
2499
6437
13181
12654
11241
5799
6284
9204
6284
6458
8471
1808
4180
1382
1238
5761
6308
3197
2199
9686
2199
6352
9640
1353
1134
9186
13316
9181
13316
12368
10029
9588
10029
8701
9312
12458
12301
11172
12301
13708
12301
7712
12817
6498
6460
3270
10638
4673
10638
12233
4306
10933
4306
14083
5641
11545
5641
5200
5641
13097
5778
9735
13639
6766
12689
3371
12689
10823
10781
12510
10781
1647
14181
9796
3701
10864
3701
9795
3701
9370
4803
5137
3830
3856
3830
8284
2667
7077
2667
6969
12331
5009
12451
8764
12451
6531
12451
9280
4166
11800
5368
5546
10371
9900
10371
2969
10536
10855
1811
10860
1811
3982
7478
10613
7478
11712
12844
12987
12844
13516
12844
11697
12844
3114
12844
12577
12844
2266
12844
12863
12844
3144
12844
3867
12844
13360
12844
11091
12266
11092
12266
13821
12266
12242
6923
1700
1714
1708
1714
11159
11118
11447
8991
2397
8991
14046
6121
1813
10226
10348
11008
11432
11008
13732
6011
9794
10802
11312
8159
6042
6893
9797
6893
10089
9060
12604
10196
5711
2955
3838
2955
4388
6965
3080
3079
6845
7253
8225
8864
8224
8864
8222
8864
5166
8246
7039
8246
7660
7606
4167
7606
6039
1798
6967
1798
9352
5877
13474
6820
13395
6820
7725
6820
8750
6820
4806
12457
9295
3837
3611
3837
5827
3837
4201
3837
9289
3837
12975
3837
8639
3837
3433
3837
13037
3837
12089
3837
1945
3837
13337
3837
4208
3837
13512
3837
4216
3837
9279
3837
8616
3837
8651
3837
3163
3837
9298
3837
3125
3837
12215
3837
8646
3837
13441
3837
8612
3837
3734
3837
12367
3837
3568
3837
3692
3837
13355
3837
9306
3837
9281
3837
4222
3837
3570
3837
5343
3837
3242
3837
9303
3837
4184
3837
3678
3837
2499
3837
8614
3837
13391
3837
8650
3837
9290
3837
4211
3837
4187
3837
11574
3837
3770
3837
11909
3837
9339
3837
12937
3837
13368
3837
9301
3837
9724
3837
13341
3837
3713
3837
13261
3837
13271
3837
13371
3837
4223
3837
8652
3837
13100
3837
8615
3837
9308
3837
9284
3837
2085
3708
12135
11501
5109
12718
12064
12718
13408
12718
6002
12718
7894
7071
8303
7071
5438
10879
7486
10010
3470
10010
11488
11835
2075
4919
4450
6154
1227
1280
1499
1280
1191
1280
3377
9976
4525
9976
12966
10120
9753
9643
4811
9643
1159
1174
911
1174
1048
1174
2410
3949
5249
11531
7174
11531
6690
11531
9002
11531
2883
11531
8325
11531
2152
11531
4109
11531
5257
11531
6783
11531
7482
11531
7969
11531
7070
11531
10692
11531
2403
11531
8283
11531
3900
11531
12895
11531
2496
11531
2392
11531
9003
11531
9720
11531
2064
11531
2198
11531
7895
11531
6738
11531
2343
11531
6273
11531
7670
11531
7930
11531
7095
11531
8457
11531
11024
5905
5962
5905
10940
5905
1194
1078
1411
1078
7526
7508
10598
7508
3286
9085
13437
9085
10538
12615
8330
12615
2719
12615
2506
12615
9044
12615
8323
12615
10552
12615
12905
12615
6243
12615
7104
12615
2976
12615
2909
12615
9082
12615
4593
12615
9576
12615
2272
12615
2884
12615
12857
12615
7514
12615
3494
12615
6238
12615
8333
12615
10535
12615
7509
12615
10528
12615
6263
12615
13231
12615
2574
12615
2259
12615
2895
12615
5700
12615
2702
12615
8314
12615
2577
12615
10040
12615
9582
12615
7890
12615
3539
12615
2298
12615
9028
12615
12047
12615
9047
12615
12849
12615
7521
12615
2910
12615
3926
12615
9571
12615
2980
12615
2358
12615
2817
12615
3607
12615
5687
12615
2493
12615
2968
12615
6251
12615
7895
12615
2489
12615
8321
12615
7109
12615
2847
12615
9577
12615
8304
12615
8358
12615
6253
12615
2802
10529
4844
8380
4485
4465
12361
4465
2942
5386
5468
5994
1539
1142
8941
13998
14036
13998
3820
13998
12084
13631
1673
1679
1678
1679
7842
1552
14071
12569
11725
12569
14054
12569
5071
2537
11660
2537
9404
2537
6496
2537
9448
4393
13988
5527
11598
5527
8898
5527
11811
5527
13984
5527
1917
4846
5676
207
11588
207
10314
4264
4337
4264
5000
4264
4334
4264
2246
10499
10525
3426
2829
3426
5576
11150
10888
5883
371
433
7787
6024
7183
10613
12090
11881
8266
11881
3731
8770
8816
8770
9405
8770
2257
2326
10225
2326
13509
2326
9307
2326
5597
9478
5602
9478
10413
9478
6785
2237
4130
2237
6612
4423
12257
4423
7816
5497
3741
4343
3741
4343
12116
5132
13943
5132
3487
6714
4169
6714
2151
7999
3818
6761
3555
6761
10622
10036
10617
10036
12107
11504
2716
11504
2285
11504
2591
11504
11632
11504
3899
11504
4569
11504
7250
11504
12997
11504
12871
11504
3032
11504
13230
11504
2528
11504
5691
11504
13119
11504
4571
11504
3788
11504
2729
11504
6348
11504
4566
11504
6289
11504
2870
11504
2466
11504
11911
11504
13118
11504
2885
11504
12868
11504
12346
11504
11473
11504
2847
11504
2967
11504
13314
11504
11658
13746
3086
10480
4761
9100
9263
8549
10773
8549
8624
8549
4725
12982
14002
13962
12919
10148
13403
6419
1512
1011
12190
7042
14181
14168
7845
14168
781
177
255
177
5915
6848
7751
6848
6920
6848
154
617
192
617
405
617
1900
7640
12569
12750
10769
8029
12566
8029
11815
7312
11969
13965
6614
13965
13537
12007
2121
3154
11785
12117
12118
12117
1745
9130
4200
9130
2225
2230
9584
8292
9602
8292
1994
5675
11441
5675
727
719
75
719
4262
11369
3145
2910
7155
2910
10801
10735
8655
10735
9294
10735
4669
9606
8503
9606
2322
4015
94
215
531
215
3748
9109
13170
9109
10394
11637
13903
11637
5378
2438
2439
2438
6015
6512
6707
2530
3975
2530
13512
8442
9301
8442
1699
9508
8352
8322
4710
8322
6607
3338
6130
3338
11567
3338
8906
3338
13934
3338
5619
3338
13810
11779
7021
11779
7404
11779
2970
9019
3800
8010
4174
8010
831
1483
1410
1483
830
1483
1876
4985
9462
4985
7767
12733
8179
12733
555
174
525
174
497
174
91
174
742
174
796
174
7642
12144
3501
12144
4888
8120
4195
7976
1810
7976
13964
8203
4766
7643
515
78
3092
1590
210
108
8154
8656
11151
2067
4420
2067
4411
2067
5099
2067
1703
1709
2655
11474
2042
3135
13401
6859
2752
10510
9603
10510
13802
12304
5565
12304
8859
12304
3760
11702
4989
11702
11837
11702
1978
3799
7086
13135
11579
13135
4512
11275
10465
11275
10466
11275
5103
5091
13853
10392
8570
9172
948
1003
1269
1003
2805
3991
3431
4612
291
261
446
261
1684
10239
249
625
360
625
130
625
6687
185
12595
185
12772
185
4616
185
3549
12462
2072
4340
7264
9253
1918
1948
6554
10342
10198
10159
3647
10159
8280
5237
12491
10422
4419
4960
13668
4960
4346
4960
8102
8558
11139
11133
5567
11133
5576
11133
7256
6747
6392
6747
8974
12288
8778
8748
5951
8748
12350
112
11700
112
5030
6557
13625
5810
9783
5810
10275
5810
13941
11168
7024
11168
8237
11168
12161
11360
4872
13535
8706
9700
12287
6171
6983
13686
4859
13128
1787
13128
3550
13128
13463
13128
4868
13128
4840
13128
4841
13128
3695
13128
4855
13128
9357
13128
1757
13128
4862
13128
1772
13128
11620
13128
13426
9574
10718
9574
10152
9574
8247
11940
14013
11940
3465
11940
7414
12216
6154
12216
13989
12216
11893
13532
11893
13532
9455
8861
3711
10077
3122
10077
3318
9730
3339
9730
3355
13576
2455
7314
2455
5950
2455
13281
6915
7054
8608
13098
4199
13098
12283
4582
9295
4657
9290
4657
11825
12768
2805
3158
13864
7021
11386
11385
2210
4183
13103
6870
8395
7111
2790
2806
4920
2806
12571
2806
6516
2806
13841
13793
13286
4092
11374
4092
9693
5731
5522
8814
1035
1307
5776
10728
8050
10728
8238
7401
12728
12378
187
557
2652
2660
4040
2660
3949
5701
7145
5701
9741
10170
9255
10170
4729
10170
2873
10170
11068
7351
13617
7351
13598
7351
5944
9811
12268
7431
11275
7431
2960
10698
5769
3449
9642
6682
7588
6682
243
82
6907
3740
13531
3740
3367
11408
5304
2349
4666
2349
11035
4969
3397
4969
12584
4969
7619
13217
6309
13217
7620
13217
2525
13205
6957
10934
13712
9772
465
659
214
659
12685
9205
685
131
6806
12560
6067
10354
10267
3334
4303
3334
8723
3334
2523
5276
10608
8290
3946
8290
2411
2434
2733
8083
9434
8847
9432
8847
6063
8847
5613
7824
5596
7824
5029
9404
10374
9404
8207
9404
9454
9404
4284
4784
1969
9362
4230
13202
3803
2593
3118
2593
6924
8759
2568
3719
4678
8421
3247
8421
2670
2682
11917
7794
8855
6551
12545
6551
5040
6551
11167
6551
7166
11943
4630
11943
7301
10827
12126
4489
7436
4489
11067
11676
11677
11676
5024
11676
2933
3727
3511
2521
10632
2521
11543
13634
11121
7357
8203
7357
13942
7357
8722
8454
1901
1944
1946
1944
13570
5829
4982
5829
9847
5829
832
1042
292
738
462
738
4113
7937
10727
7937
1621
1622
9967
8255
11794
12152
7259
12867
3580
12867
4340
12585
106
321
4124
2221
9686
2221
152
565
489
565
10786
5318
7299
10797
1963
2005
4390
10321
13762
10321
5561
10321
6578
10321
6070
10321
12756
13290
12756
13290
10538
11578
7230
11578
2361
11578
10527
11578
2570
11578
6771
11578
10678
11578
3615
11578
12230
11578
12932
11578
2974
11578
13015
11578
2294
11578
7467
11578
2814
11578
3006
11578
3426
11578
7542
11578
10597
11578
2238
11578
10689
11578
7098
11578
13124
11578
7505
11578
7080
11578
10645
11578
2787
11578
3152
11578
12876
11578
3043
11578
2877
11578
6303
11578
3700
5799
207
333
11971
10583
7630
10583
5305
4651
7264
4651
1899
9709
9744
9709
1365
1359
1268
1359
6851
1993
4755
1993
9821
3310
8785
3310
10957
3310
13555
3310
13473
3310
5970
2145
6480
2145
2138
2145
1983
4855
6164
3821
13996
3821
13949
5579
3557
11798
13614
2410
4981
2410
6557
2410
12008
2410
9421
9401
13625
12022
9783
12022
4885
12022
10275
12022
3933
11319
2333
11319
2953
11319
2765
11319
12726
11319
3763
11319
6286
11319
3835
11319
3150
11319
12931
11319
2501
11319
13223
11319
2895
11319
2842
11319
13316
11319
3117
11319
2587
11319
3191
11319
12927
11319
2966
11319
3058
11319
2720
11319
2751
11319
3590
11319
3924
11319
2348
11319
2981
11319
6287
11319
7613
11319
7597
11319
2911
11319
3440
11319
13489
10577
6902
10577
481
728
492
728
372
728
6865
2082
11469
2082
7781
8170
12052
7811
5942
9351
1935
9431
5521
11074
574
636
458
636
125
636
1187
1178
1268
1178
1138
1178
834
1178
11492
11828
1065
1074
1379
883
7753
3674
12101
3674
4148
9069
3148
9069
11166
14081
3680
14081
7373
14081
5183
11992
2128
12786
2506
12786
2472
12786
5750
12786
2387
12786
3462
12786
2028
12786
3437
12786
7498
12786
2014
12786
8417
12786
7572
12786
2478
12786
3893
12786
2916
12786
2170
12786
6278
12786
2533
12786
8346
12786
2314
12786
2487
12786
6786
12786
8453
12786
1949
12786
8551
12786
2062
12786
2050
12786
7617
12786
2592
12786
8326
12786
2935
2938
2923
2938
11117
6562
5461
13467
8631
2605
12722
2605
8635
2605
7730
2605
8123
2605
7727
2605
3480
4247
3642
4247
12101
4890
4709
7574
4677
7574
791
294
13404
5350
4256
5350
13534
5430
13534
5430
11313
7700
4419
13735
12655
11186
11905
5400
7015
12412
11360
12412
3966
2391
3849
2391
6919
7730
8159
7730
9366
7730
11458
13049
13150
13049
13026
8077
11620
8077
5064
13732
11083
13732
11462
13732
13342
3022
13142
3022
2856
3491
5321
4662
12059
4662
8526
4662
6097
6989
6106
5502
6103
5502
5540
5502
2227
6374
4715
3506
124
553
126
553
6504
5409
8632
10625
10223
10625
4238
4214
12592
5333
4330
5333
9940
9937
4758
12593
14042
12519
9500
6142
841
930
8901
4415
9479
4415
8902
4415
11245
10407
4434
10407
6943
5953
4978
5953
11260
12665
2024
11697
13561
9357
8160
9357
10969
2775
11334
2775
12677
2775
9345
2775
11031
2775
9838
2775
10356
12623
5516
12623
6982
12623
9190
6764
3498
6764
1573
1416
1262
3633
3206
10837
3206
10918
3206
11466
10595
11968
10595
1713
1718
11770
7709
5418
5836
13567
5836
3874
11727
12267
12080
6195
12080
12511
8720
1401
891
3424
3926
2769
3926
1945
11906
3678
11906
13261
11906
278
93
9331
10663
11684
6469
10941
6469
3841
6469
850
956
848
956
2067
2060
1935
2060
11654
10083
12440
10083
10179
10083
11006
9824
12318
9824
12178
9824
3983
8307
7548
8307
12332
7404
1541
7772
3381
1547
510
2
3425
13058
2780
13058
4823
8645
7294
8645
13140
7205
5706
7094
10053
7094
3691
5704
6269
5704
8750
9794
6190
12167
5980
12852
11466
12852
3508
12852
846
1340
898
900
964
900
4525
3704
858
1234
1267
1234
1407
1138
1409
1138
8862
7362
7374
7362
10738
7124
10789
7124
1781
1794
5006
1794
3551
5472
1879
4261
4598
2515
4592
2515
5955
5417
2163
4629
8647
5758
12058
5758
1794
10761
8828
12507
8828
12507
7806
5040
7413
10419
856
1240
858
1240
1540
894
8847
11042
842
1334
11424
811
12767
811
13772
6480
7476
7458
7244
7458
13014
7458
2884
7458
7605
7458
2722
7458
10705
7458
7610
7458
2753
7458
3898
7458
7103
7458
2507
7458
3807
7458
2892
7458
2488
7458
3458
7458
2854
7458
2284
7458
10667
7458
3040
7458
12850
7458
13012
7458
2596
7458
12362
7458
5684
7458
13329
7458
2939
7458
6336
7458
3023
7458
10643
7458
2783
7458
2734
7458
8559
2011
8594
2011
5473
2215
4986
2215
5502
2215
2205
2215
6452
10848
10274
10848
8140
10848
4523
4513
7844
4513
2378
4599
13382
7717
9343
5851
1577
1578
10211
13004
13038
13004
8623
13004
928
831
8514
13114
13200
13114
4593
1386
4558
1386
12100
1386
6944
1713
1700
1713
2210
4030
8883
4391
3545
4391
6580
4391
11148
4391
11541
6529
5715
3402
13273
13161
3323
2302
10131
2302
13450
9022
11357
9022
13459
9022
9076
8319
7938
8319
7766
1956
6545
1956
4990
1956
8794
1956
1247
1162
8856
9850
8201
9850
9419
9850
5434
7310
8672
9287
7793
8798
14141
8798
2627
8992
7454
8992
162
814
5479
6499
8101
7150
7612
7150
5327
7150
13678
6613
12314
12069
1751
12069
1063
924
1521
924
7837
14056
7041
14056
1873
10714
1927
10714
4026
7542
4056
7542
9437
8828
9440
8828
13624
13569
680
453
13570
11645
4982
11645
9847
11645
12158
8102
2430
10859
12134
12477
8995
7449
7077
7449
11056
7329
12259
7329
5061
9833
9198
8012
4766
4037
7783
1998
5036
1998
5011
1998
8794
1998
11400
11307
4596
11307
5897
5857
4795
6392
8826
6510
3812
6510
8191
6510
2924
7299
8742
9336
10893
9336
10924
9336
4001
9571
3279
9571
2059
5749
8594
5749
505
288
2923
2933
4864
2933
9319
2933
9075
6239
9074
6239
2325
3129
8155
7691
3341
9956
5617
7818
13963
7818
13951
7818
6635
7818
7029
7818
11890
6174
11246
6174
7835
6174
9726
10747
5756
7133
8464
7133
9301
9167
9308
9167
6428
6342
7720
6342
5392
6422
5889
6422
5891
6422
4093
3616
3360
3616
9799
8697
9885
5444
12634
5324
3415
2189
3266
2189
11534
13521
1013
1080
1308
1080
1012
1080
1069
1080
4568
5245
4654
5245
5071
5043
9887
5043
11660
5043
6568
5043
6569
5043
13823
5043
3055
1278
12224
3117
8501
3117
324
266
215
266
146
266
6132
5570
7631
6735
2327
4610
4440
8906
2073
12634
10144
2879
12106
2879
11864
13351
12984
2461
4161
2461
4799
7273
5088
6086
11842
6086
4869
11720
10953
7744
9857
7744
11788
7744
13458
7744
3633
8727
9798
8727
10918
8727
4153
9080
4742
9080
5345
3361
3940
10512
4142
5294
4150
5294
1164
989
941
989
8182
8179
8191
8179
8823
8179
4602
13147
3849
13147
6510
4922
4345
4922
1033
1417
8953
6638
8953
6638
8715
9310
7858
7850
3189
11814
12180
3279
9261
3279
10776
3279
7330
7287
1668
10460
2921
3100
4135
8385
4144
8385
7699
6781
6842
6781
803
465
13404
8408
4408
13769
12385
13769
9542
1857
4892
9108
3579
3248
3579
12678
3652
2603
2732
12620
2732
4760
2136
1749
1757
2575
6371
4362
2598
3174
2598
13851
6536
2719
10485
5682
10485
7195
10485
10660
10485
9596
10485
13063
10485
12854
10485
9572
10485
3394
10485
8018
10485
7883
10485
3619
10485
9566
10485
13039
10485
3441
10485
6714
10485
7118
10485
12925
10485
6316
10485
10172
10485
10005
10485
12825
10485
8053
10485
13224
10485
3459
10485
12898
10485
2964
10485
9058
10485
3916
10485
2638
10485
7625
10485
2666
10485
1624
4538
14085
8940
431
417
22
417
701
417
14034
13986
10422
14000
14100
14000
14039
14000
10099
8360
7547
8360
9624
8360
7943
8360
5267
8360
10633
8360
3251
2781
2764
2781
10935
10284
3396
11748
12638
11748
11144
11748
5195
14117
12476
12483
14032
12483
11779
9458
5001
10308
11013
10308
5984
10308
13148
4636
11603
11861
13950
11861
13889
11861
1710
9717
1719
9717
12530
5311
174
172
767
172
498
172
2087
4198
5181
11255
8250
11255
4110
9152
6360
9152
12215
13031
2608
2611
2652
2611
8075
3999
11580
3999
1831
1867
11900
1867
7000
6068
13970
13934
10881
6879
13953
11454
11138
11071
10443
8943
509
457
11139
13721
11150
13721
5567
13721
8667
10820
7581
5690
7925
5690
8781
8676
1871
1912
9357
8578
11620
8578
8935
5116
4450
5116
9766
13001
5364
13001
6865
13001
9759
13001
12734
13001
13095
13001
4787
13001
4376
4980
4376
4980
927
1207
10279
13243
3500
13243
8735
4228
9871
5006
9874
5006
11061
5006
6051
5006
8845
5006
11049
5006
2133
5862
4765
10179
2559
3485
4782
9273
13047
2385
3359
2385
1909
9744
12417
13294
6937
13294
6025
13294
389
425
124
425
2193
11847
13465
10923
3874
2151
5438
2151
12570
12895
9039
12895
8205
3815
6002
3815
9993
11290
5664
5655
14149
5655
9531
5655
14051
7008
5131
7008
7825
7008
7081
6226
6670
6226
7483
6226
3536
10102
8565
10102
2164
3153
4647
7118
3476
7118
7388
9449
13309
12963
9216
12963
1987
4188
6905
9329
12081
7833
1583
7833
11995
10012
13074
10012
4942
9818
4942
9818
7175
7956
10198
9691
1773
9691
12958
12925
3244
12925
3605
11421
13356
6802
9351
6802
12700
6802
9817
10893
5861
9299
6879
9299
12964
9299
11760
11759
4897
11759
13290
11759
9854
7336
5505
7336
10337
7336
5478
7336
5489
7336
6950
7336
12185
7571
13418
7571
7316
3369
2944
3690
14031
6196
4476
6196
4041
2469
4036
2469
6515
10965
8722
6882
5883
6882
3654
4749
4097
12573
2409
9611
5106
11539
4776
4169
10824
4169
7961
2694
9117
2694
7583
2694
11877
5174
5189
5174
81
632
152
632
582
632
2422
3972
2510
8614
5156
11210
9510
11210
4133
7981
4217
7981
5481
13618
12535
10575
4938
3453
7209
6670
10701
6670
10180
6670
6364
6670
9099
6670
8347
6670
6359
6670
10518
6670
12028
6670
10670
6670
7898
6670
10029
6670
6694
6670
7164
6670
7137
6670
6236
6670
4586
6670
2347
6670
8451
6670
7148
6670
6732
12948
810
8
3388
6468
4857
8592
10182
5718
2353
3333
2353
2699
7088
10739
2488
10737
2488
3706
2125
3794
2125
4768
2818
2809
2818
9255
2818
2133
4294
11387
5086
13240
3042
3223
3042
5981
8075
13305
13251
14185
3185
2195
2196
6006
2196
11331
8661
7347
13552
12414
14129
11286
14129
8769
4324
8769
4324
11223
4444
4414
13866
3715
2496
3219
2496
5623
5610
1858
1875
4583
4570
2402
4570
2740
4570
6237
4570
7494
4570
10027
4570
2472
4570
12788
4570
8325
4570
12855
4570
9063
4570
2554
4570
2337
4570
4587
4570
10030
4570
10044
4570
2389
4570
10035
4570
10028
4570
10061
4570
7899
4570
6248
4570
7515
4570
3493
4570
10045
4570
2271
4570
7489
4570
13328
4570
2973
4570
3045
4570
13122
4570
12858
4570
2842
4570
2876
4570
3013
4570
12872
4570
7508
4570
10036
4570
6239
4570
3579
4570
10075
4570
12965
4570
11806
4570
8341
4570
12813
4570
7496
4570
13118
4570
7505
4570
2282
4570
2963
4570
2852
4570
7948
4570
9021
4570
13012
4570
10049
4570
2436
4570
10039
4570
2303
4570
10066
4570
2390
4570
2467
4570
7487
4570
7503
4570
2871
4570
10042
4570
9877
13713
6523
13555
5204
8968
5577
13808
6113
13808
4430
13808
10412
13808
5589
13808
8937
13808
7559
3941
5710
3941
7130
3941
6975
6043
1675
6043
11099
6043
4282
4245
12053
4851
7028
5599
7028
5599
13188
2587
8619
2587
2998
3946
11744
5513
13862
3070
9271
12403
6504
12339
11726
11725
4893
5391
11382
5391
5931
5391
5461
5391
10781
10597
8503
10597
11374
11373
14180
10388
6218
10388
4890
12959
12102
12959
12229
12959
6946
12242
13383
12242
11010
12242
11007
9355
1351
1485
6054
6040
12371
6040
9882
6040
12844
12667
13041
12667
12818
12667
12357
12667
2430
4758
4981
11695
5188
5629
9531
5629
13212
2287
3452
2287
12502
10405
8928
4417
11624
4417
8866
3595
12482
13654
11131
13654
10375
13654
9954
9935
12280
9935
13943
11763
1682
10204
8481
10627
4738
10627
1651
11876
10014
12093
9032
12093
11548
8488
13169
8488
9221
8488
13722
7594
9504
11199
8608
13478
4251
1907
1906
1907
3700
3076
13289
12165
3666
10041
4071
10041
7267
6756
7276
6756
3088
8262
10473
8262
6178
12123
4461
12123
3764
7207
13528
7207
3604
8647
5323
7624
11758
11432
6548
9390
5019
9390
13693
9390
12108
13730
5764
8305
7206
8305
8490
8305
23
241
753
241
4108
2300
12606
2300
4145
9134
12693
3400
12666
11229
1964
4862
12702
10231
2176
4161
8608
2168
11091
6006
6966
6006
3366
6006
3772
6006
5228
2202
13343
13820
6116
11968
5980
13805
13752
1633
8986
1213
1439
13674
6917
9830
6917
10634
10075
10600
10075
12401
12271
2527
13485
13530
13513
1669
1670
6114
13755
5571
13755
2317
10201
4947
12053
8980
5198
4514
5198
5965
3417
13266
3417
5422
3417
2351
4690
13530
13482
8981
14149
13881
6555
12395
2317
10943
2317
3556
2317
551
716
13956
5068
274
197
4996
2329
2288
2329
6726
11496
7154
11496
8424
11496
3451
11496
4635
11496
6297
11496
4662
11496
9635
11496
2954
7066
3461
7066
9000
7066
3021
7066
13132
7066
10015
7066
10044
7066
12437
7066
3011
7066
3060
7066
11502
7066
12719
7066
6317
7066
2297
7066
2444
7066
2977
7066
5709
7066
10688
7066
7465
7066
10591
7066
12902
7066
2480
7066
2781
7066
10102
7066
10012
7066
9010
7066
3607
7066
10664
7066
3004
7066
7872
7066
12748
7066
12164
7066
13537
13449
10910
3429
11702
3429
4397
3887
32
50
770
50
574
50
125
50
13975
11628
11643
11628
3016
3603
9172
7611
3352
8251
3075
14186
537
590
13505
13410
11122
8182
13522
11526
11553
13194
7059
9981
7060
9981
9989
9981
11811
6590
3237
11387
11173
11387
11388
11387
315
654
167
654
6189
11598
13519
4655
4116
4655
3680
1676
2545
3773
8001
12920
13308
13176
3811
13176
7834
11236
12729
5892
6542
5892
13452
5892
3019
3518
3161
8041
3753
8041
7908
2984
10562
2984
4885
12652
4073
9594
4075
9594
11143
1706
6423
13530
9318
13530
8687
13530
10371
8845
3064
846
2986
3218
1699
3102
12054
5922
13581
8466
4136
8466
6768
9624
11987
9207
12761
9207
793
205
11591
7390
10424
7390
14003
7390
9471
7390
7828
7390
1890
3796
1229
1145
1414
1145
1249
1145
12608
13880
12609
13880
11454
13880
4336
10863
13602
10776
1984
4311
7345
6944
7774
6944
9515
5636
12090
5636
12090
5636
4559
1036
4250
10795
12414
12296
1604
12296
9972
12296
12286
12823
3629
12823
13424
13084
8598
13084
597
98
2148
12587
9153
12587
2008
12587
3329
12587
2171
12587
2333
12587
10696
12587
2285
12587
3510
12587
2291
12587
8023
12587
2258
12587
10669
12587
3533
12587
9162
12587
8017
12587
10126
12587
6741
12587
7983
12587
2345
12587
7605
12587
7975
12587
9653
12587
2154
12587
4048
12587
10674
12587
9646
12587
8024
12587
10682
12587
10127
12587
9130
12587
8010
12587
7976
12587
5294
12587
7981
12587
2125
12587
8466
12587
6316
12587
6304
12587
9148
12587
7986
12587
10123
12587
8022
12587
10681
12587
6763
12587
10664
12587
1996
12587
2328
12587
2050
12587
6322
12587
6738
12587
2188
12587
3443
12587
8026
12587
1913
12587
7179
12587
10668
12587
12876
12587
9145
12587
7602
12587
8446
12587
6765
12587
2268
12587
9135
12587
8429
12587
10669
12865
4128
12865
9174
12865
2079
12865
10621
12865
9696
12865
6773
12865
13327
12865
1904
12865
9138
12865
8562
12865
9266
12865
10614
12865
2055
12865
10143
12865
1641
1642
1378
1058
2762
7935
14134
8257
9890
5538
2617
10541
13866
10366
12216
7355
9904
12446
7817
12446
10791
1924
3726
1924
10646
12793
10641
12793
3450
12793
10107
12793
12816
12793
13048
12793
10104
12793
13217
12793
6733
12793
10647
12793
11952
12793
4944
12326
3823
3747
8912
3747
8911
3747
3821
3747
5096
3747
1372
1260
13279
10825
1006
1154
13615
13547
1350
1160
8588
3954
9254
3954
4753
3954
2178
13302
1438
1254
6198
11251
14021
11251
10445
14036
2998
8628
3196
8046
7666
8046
8070
8046
8059
8046
3667
8046
13519
8046
8052
8046
13245
8046
8067
8046
12467
8046
6356
8046
13515
8046
13373
8046
12922
8046
7639
8046
6361
8046
13151
8046
6367
8046
3650
8046
2208
8046
13387
8046
13247
8046
13255
8046
13330
8046
7677
8046
6363
8046
4108
8046
7646
8046
3182
8046
4116
8046
7668
8046
13137
8046
7640
8046
4110
8046
6358
8046
8508
8046
4115
8046
3200
8046
7647
8046
4121
8046
8069
8046
7645
8046
2569
8046
13454
8046
3776
8046
3793
8046
3073
8046
7667
8046
3203
8046
7665
8046
6360
8046
12606
8046
4125
8046
1821
8046
6353
8046
6362
8046
6357
8046
13430
8046
13578
8046
3478
8046
7659
8046
8071
8046
9257
5784
3157
5784
13704
3778
5007
3778
11058
3778
13523
3778
5913
8138
4249
6813
3668
6813
4720
8496
8527
8496
8525
8496
4197
3513
793
104
47
104
817
104
800
104
755
104
808
104
762
104
568
104
612
104
162
104
4065
7484
4080
7484
2798
8387
10526
10003
7900
10003
13345
8598
9287
8598
8609
8598
1694
9650
1701
9650
1011
1351
5927
13305
10253
13305
2646
13317
4129
10113
3328
10113
8072
8526
6899
7285
2986
3213
530
700
1000
995
945
995
958
995
891
995
8574
9219
6919
4276
1636
14189
5375
6316
13168
6316
3505
6278
9752
6278
1680
9715
3401
7789
11682
4318
1275
1245
7773
6930
4521
6930
10491
1025
5870
10648
5182
5651
9398
4799
5422
4799
11908
4799
13727
4799
5452
4799
3307
11986
11421
13390
9342
13390
6898
13390
4894
6900
10906
6900
8743
6900
9883
5489
2996
10546
13822
12441
2697
9053
173
746
87
746
782
746
412
746
8674
7260
6425
7260
4284
3601
3488
3009
8428
3009
2763
2767
2762
2767
6517
4829
6001
4829
4365
4829
4549
10487
12838
10487
9805
6453
5413
6453
413
648
270
648
641
189
4516
1614
925
1474
1203
1474
508
490
13955
5582
12145
5582
13453
6909
6539
11016
4830
2163
5935
2163
5620
13844
13898
13844
12852
12834
4697
7964
4684
7964
12708
3191
13121
3191
7394
11106
4421
11106
6996
11106
1580
5171
1576
5171
9337
4810
1021
1343
1083
1343
2995
3935
1880
1881
1861
1881
3275
11257
3877
11257
6016
10967
12970
7618
12917
7618
2987
7891
3609
3608
11001
5969
7770
5969
8181
5969
2841
2857
4790
2857
5204
14084
12596
12706
5199
14073
3193
14073
1534
1012
1820
1832
5150
8236
6165
8236
11996
8236
2201
4701
13037
12927
3770
12927
11338
6972
7377
6972
11467
11466
12494
5657
10931
4110
4919
4110
441
303
670
303
5133
2131
12583
2131
5103
2131
2704
7516
5810
4731
7593
12897
12614
12897
4663
9633
13322
9633
2806
11845
13441
10659
9724
10659
13803
4836
13682
4836
4988
4836
7800
4836
12365
4050
9659
4050
2508
11661
13
671
684
671
700
671
522
671
25
671
3723
2966
3722
2966
1768
1779
1777
1779
6859
7715
6446
7715
10928
9789
10513
10503
7866
10503
8394
10503
5747
10503
8293
10503
2384
10503
2771
10503
11821
10503
2918
10503
7576
10503
9626
10503
7887
10503
7673
10503
9011
10503
12866
10503
2889
10503
9096
10503
9563
10503
2346
10503
10036
10503
2980
10503
2826
10503
10134
10503
9111
10503
10031
10503
12945
10503
12140
10503
2468
10503
2268
10503
13115
10503
5707
10503
8042
10503
7363
3557
13812
3557
8886
3557
5147
5142
3235
3014
3003
3014
5836
9260
6021
4333
3210
4333
6951
4333
5466
4333
13689
4333
11601
5214
11600
5214
8908
4409
12289
4409
3883
4409
11715
11968
7760
12505
5920
12505
12324
12505
6932
12505
5956
12505
13764
12505
2760
3257
12434
11140
13804
11140
6196
11140
8895
11140
12161
11140
568
782
6956
4953
1034
1065
12517
5415
12517
5415
4713
10138
12040
7032
7044
7032
4464
7032
1891
8539
2777
4704
6080
13747
3749
13747
4269
10258
2979
2980
3707
2980
3038
5261
5717
5261
5189
4472
317
337
4096
10046
3219
10046
1567
9285
6426
9285
10197
7219
9493
9484
12323
9484
8880
12740
5776
8003
8050
8003
11373
8003
6450
11614
1636
8210
8098
7650
7239
7650
9338
6838
10343
6838
4357
6838
11507
6838
1065
1536
1978
4134
13955
13918
6418
8113
8549
9165
8510
9165
7841
11262
9438
8199
9332
10745
1390
918
9552
10473
4153
9093
3224
9093
13153
3149
13258
3149
13653
11488
8836
11488
12014
11488
13691
6602
6588
9891
2805
9618
11227
8229
7828
8229
7412
8229
3570
3458
13271
3458
11977
12134
7408
12134
12341
12134
9291
12274
7686
12274
3638
7191
10166
7191
11336
7191
11672
9516
3383
6814
7633
11334
11305
7761
11305
2428
4579
5887
5855
4008
2358
3190
2358
11351
12743
6283
2483
4591
2483
13282
8432
3430
2392
13325
2392
5124
12475
9470
12475
4431
12475
1892
3292
7978
9123
9654
9123
10701
9123
3455
9123
10136
9123
10675
9123
2366
9123
8461
9123
3534
9123
10660
9123
7974
9123
2296
9123
2028
9123
2077
9123
8000
9123
6754
9123
9157
9123
10699
9123
8014
9123
8434
9123
13230
9123
9655
9123
10688
9123
8427
9123
10705
9123
7599
9123
2091
9123
7987
9123
12309
9123
10692
9123
11653
9123
6760
9123
10679
9123
6321
9123
7606
9123
6761
9123
12144
9123
9134
9123
9650
9123
7181
9123
7991
9123
2051
9123
3554
9123
9661
9123
9647
9123
10134
9123
9138
9123
8431
9123
3585
9123
7167
9123
7982
9123
7189
9123
10695
9123
7979
9123
7996
9123
7170
9123
10124
9123
8021
9123
10133
9123
8441
9123
7182
9123
10686
9123
7597
9123
6303
9123
10691
9123
5614
13801
11187
13801
10419
13801
4831
11647
13239
4062
3837
4062
3169
13145
8613
13145
1828
4155
530
14
3664
8373
3673
8373
3350
9964
3840
2813
3560
2813
6657
1609
472
345
9974
4502
5212
4502
12336
4502
9978
5662
1599
5662
5666
5662
11573
8725
13877
4400
2541
10620
7009
8876
3312
11143
11176
11143
13211
6737
2054
6737
6341
6737
8160
5890
12003
13954
5183
13954
3261
6679
7177
6679
7157
5247
4964
8763
10334
10332
9850
10332
6161
4430
9928
4430
11222
4430
13929
4350
13906
4350
10340
4350
13913
4350
12063
10952
12027
8695
13917
8695
13822
8695
7812
8695
4426
8695
10936
10249
5964
10249
12103
8383
6078
13765
6077
13765
11125
13765
8573
4055
9017
10007
9002
10007
9561
10007
9565
10007
13323
10007
2381
10007
10506
10007
7875
10007
3564
10007
9566
10007
8292
10007
10510
10007
10019
10007
2588
10007
8287
10007
3928
10007
5248
10007
7073
10007
3043
10007
2933
3979
5735
281
8414
281
4050
281
9123
281
3242
10117
4187
10117
5442
4162
10926
4162
780
165
564
165
138
165
5226
14148
851
968
853
968
9729
8521
10772
8521
11807
6451
4292
6331
4883
6331
2684
6689
13293
13227
13348
13227
6478
13227
13410
4962
11802
4962
5524
4962
13585
4962
10475
14121
5666
14121
1633
12148
6117
8886
12205
8886
4394
13762
4394
13762
11415
5880
7364
5880
6041
5880
6086
5880
11390
5880
6914
5880
8052
6301
3582
6301
2218
12460
6878
6817
6863
6817
4279
12036
14066
9504
14062
9504
9489
13946
3752
7241
7288
7241
13622
12308
8807
12308
9846
12308
2602
3833
9368
3833
3546
3833
12422
3833
10376
9881
10726
9057
10147
9057
12350
58
12785
58
8423
58
11700
58
12794
58
12845
58
12778
10483
7248
10483
2315
3049
11504
3049
11479
11478
8934
11478
4759
13437
2944
4589
6440
8554
9810
8554
11765
8554
10450
12284
5174
12284
1788
7181
1805
7181
13858
13800
230
311
328
311
657
311
662
311
89
311
586
531
11076
12485
5507
12485
5537
12485
4382
12485
12978
12159
12978
12159
5185
8945
550
157
5386
5822
160
368
3421
4268
4951
4268
103
472
646
122
14
122
699
122
227
122
10501
2631
3471
2631
11025
11001
3868
4482
11256
11253
1552
11253
13768
5998
7742
5792
5969
5792
12208
12820
2236
6457
6908
9702
7203
6718
6727
6718
1680
9275
11984
13071
2834
4034
6035
11031
906
907
4369
6028
4518
5206
9546
5206
9497
9474
5131
9474
8248
7835
10586
12965
13109
12965
2867
10144
6194
5653
9957
5653
1963
4150
13042
7531
11515
4716
6832
13283
10775
9637
9714
9637
12966
12893
4341
10925
4341
10925
12787
11508
10785
11508
908
1109
1151
1109
1465
1109
2971
13274
6463
9779
7787
10963
11461
11606
5574
11606
5064
11606
12484
11606
2464
3114
2099
3648
2690
9051
8164
10895
5863
6844
13401
6844
11956
6844
5041
6266
9636
6266
9630
6266
9359
2663
9831
2663
5898
2663
9786
2663
6565
8752
743
386
12758
7501
6697
7501
12499
9369
1686
1691
12995
12923
5281
12923
13535
12923
5247
12923
10637
12923
918
940
838
940
11142
11114
10390
11114
76
351
327
351
845
1300
8187
1754
1742
1754
1119
1194
9097
7881
4622
7881
5032
11004
11023
11004
11960
11004
11376
4337
5240
8602
12848
13117
12848
1946
1978
1999
1978
1070
1489
1306
1489
6830
6750
8575
6750
10330
4957
1226
1098
1262
1098
2449
4010
8604
4669
11112
6982
11611
5509
2914
2915
3840
2915
4461
12419
6728
13042
13206
13042
7580
13042
7085
1385
12039
1385
1616
4515
2921
12761
11493
10507
7115
10507
2029
2031
12313
14128
11280
14128
1528
862
12171
11640
5650
11640
11499
12714
12255
12029
13891
13856
10414
13856
12576
13856
4355
11312
3091
7777
13565
4352
13565
6992
8868
9854
2322
5478
2322
5489
2322
2289
2322
7695
8007
10751
2063
7214
2063
912
1291
1153
1291
1486
1291
10868
8117
10280
8117
5888
8117
11750
8117
2987
3422
7016
5572
5626
5572
6573
11999
3130
13398
8504
13398
922
1128
1323
1128
6576
6569
1555
1556
1552
1556
2670
7504
556
153
4212
9241
4186
9241
2928
9062
960
950
838
950
13844
6615
4316
13562
1387
1330
4453
6158
4453
6158
11190
11161
1257
1224
977
1224
14153
9531
5209
9531
7300
7637
8540
7637
7956
2533
3947
2533
8430
6288
9640
6288
9426
7779
2406
12747
11966
12010
12907
12010
9685
12010
7198
12010
9668
12010
7633
12010
10786
12010
7210
12010
6770
12010
12001
12010
6767
12010
12255
9835
10295
13391
11380
13391
8734
13391
4348
13664
4348
13664
2561
6462
4529
12120
12529
12120
7844
12120
3146
8144
13099
11976
6403
11976
3161
9127
3660
9127
8514
9127
2514
9127
13298
9127
12994
9127
13541
9127
8506
9127
13336
9127
3130
9127
13200
9127
1894
9127
13424
9127
3696
9127
2423
9127
11987
9127
13079
9127
4107
9127
3039
9127
3520
9127
11716
9127
11924
9127
8504
9127
13299
9127
8549
9127
13478
9127
8598
9127
13274
9127
12761
9127
3643
9127
13309
9127
3409
9127
13195
9127
4066
9127
2583
9127
8516
9127
3291
9127
13326
9127
3805
9127
3216
9127
13434
9127
8510
9127
8512
9127
13370
9127
3159
9127
10156
9127
12992
9127
3116
9127
13196
9127
13432
9127
13435
9127
13219
9127
3864
9127
11927
9127
13428
9127
3753
9127
13238
9127
3717
9127
3127
9127
8600
9127
12835
9127
12698
11643
8814
5479
5491
5479
13518
6304
13248
6304
8447
2233
4031
2233
6080
4951
12359
4951
4976
4951
6536
4951
11975
9501
13097
7135
13701
7369
4283
1864
4289
1864
2412
3109
9545
10477
9547
10477
9986
10477
10478
10477
9546
10477
8701
9097
13461
9097
25
26
1723
1735
7592
12859
9270
5774
8126
5774
13180
6733
8894
11147
7764
8767
7764
8767
7372
5045
12398
5045
11843
5045
12829
5243
1809
5243
11972
5243
11616
5500
8974
12512
8976
12512
11838
12512
12127
6149
1013
1283
1500
1283
1241
1283
5041
10634
9636
10634
9630
10634
13659
5402
13659
5402
10873
5364
12636
5364
9570
7474
9573
7474
8592
8377
10725
8377
1648
1649
13440
7702
5368
7702
1962
4286
3685
7275
8885
5530
1824
1820
1798
1820
5630
9471
5833
10786
11517
10786
5831
10786
6436
8130
7101
11868
9479
13881
7378
13881
8902
13881
2818
13074
2689
9029
2644
8312
13599
2430
6060
2430
8172
2430
10296
2430
5932
2430
11865
2430
6010
6522
9413
4853
3399
2538
4994
2538
3703
2538
11303
2538
8688
8640
5845
8640
6866
8640
4326
3330
8656
3330
5356
3330
1042
833
784
255
257
255
1264
1183
8169
4936
10983
8100
8680
7549
13482
7549
10915
12577
10928
12577
13490
6492
4372
4356
4870
2238
4297
2238
11054
1685
6043
1685
9861
1685
1690
1685
13183
12062
10013
8999
7916
8999
8297
8999
8289
8999
7126
8999
7500
8999
6330
8999
7509
8999
2516
8999
8291
8999
10086
8999
3894
8999
10018
8999
9104
8999
7641
8999
10024
8999
9144
8999
2189
8999
9057
8999
6304
8999
10165
8999
9725
8999
9645
8999
8287
8999
7069
8999
2232
8999
8441
8999
7679
8999
2394
8999
2898
8999
7967
8999
7487
8999
1531
878
9327
6410
13129
6410
9329
6410
14009
10412
1892
6358
7714
13186
11096
11049
11859
7770
9436
6047
2991
4622
3760
6938
3934
2625
7501
2625
8329
2625
7100
2625
5098
5544
11662
5544
5714
3002
10562
3002
11379
13531
10391
7380
7393
7380
12176
7380
2509
4592
13863
13739
11822
13739
13832
13739
2090
5470
1409
1230
13141
7558
3171
7558
4253
1973
4240
1973
7169
6724
5939
6724
5428
6724
4513
12663
14148
12663
1026
1324
1328
1324
13618
5955
10331
5955
8795
5955
949
944
1011
944
5101
4413
5616
6104
13828
6104
11768
11767
7540
12595
8372
12595
2485
12595
10079
12595
9616
12595
2446
12595
2591
12595
10619
12595
6716
12595
7126
12595
2116
12595
8382
12595
9099
12595
2299
12595
6708
12595
8370
12595
2956
12595
4628
12595
2009
12595
2076
12595
8368
12595
7544
12595
9096
12595
13015
12595
6705
12595
10591
12595
7563
12595
2927
12595
2507
12595
8381
12595
10590
12595
2372
12595
9087
12595
6714
12595
9069
12595
3022
12595
9080
12595
8385
12595
2587
12595
2287
12595
6278
12595
9093
12595
2392
12595
7549
12595
10100
12595
2584
12595
10087
12595
9598
12595
10615
12595
9083
12595
10084
12595
8392
12595
7560
12595
9623
12595
7569
12595
2371
12595
7551
12595
10094
12595
11925
12595
6717
12595
2393
12595
2055
12595
12968
12595
6715
12595
9595
12595
1769
5335
12670
5335
4079
10060
4680
10060
6030
6014
8409
10623
8318
3526
10516
3526
4211
10665
13368
10665
1195
1191
5537
5517
289
247
433
247
719
247
11476
13411
3066
841
11865
8172
11865
8172
2430
2437
3855
2437
13238
3906
3717
3906
14010
12407
2100
3337
7152
6694
3278
6694
3340
10593
4089
10593
10636
11377
10153
11377
7545
11377
10185
11377
8391
11377
3939
11377
7653
11377
10596
11377
10061
11377
6263
11377
8434
11377
10068
11377
6370
11377
12974
11377
4588
11377
8385
11377
2094
11377
6339
11377
6262
11377
9133
11377
9672
11377
8519
11377
2374
11377
9145
11377
8339
11377
12856
11377
2033
11377
3447
11377
5295
11377
12911
11377
9663
11377
11409
10519
12320
10519
11408
10519
2119
3226
9486
6580
7002
6580
9992
9991
6807
7656
8088
7656
7788
12625
7778
12625
11036
12625
12194
5990
9855
5990
12743
5990
13681
5990
10362
5990
13598
5990
12459
12127
9516
12127
12212
12127
9330
9120
11281
8976
6430
8643
7282
8643
6793
7203
2742
9010
9041
9010
1961
2068
1842
1839
3744
1839
10979
1839
11895
1839
12823
4061
8883
13964
6580
13964
829
955
1116
955
4805
6399
7444
7442
8584
7164
3331
7164
5958
7322
4258
10085
10817
10085
13211
8019
8680
8109
9777
10852
10878
10852
12618
10852
12472
11058
12762
11058
13789
11058
6579
6061
7387
6061
8078
6349
9788
6429
5698
12097
9044
12097
1730
12097
4126
12097
8545
12097
8568
12097
2173
12097
2350
12097
8000
12097
7561
12097
2477
12097
2158
12097
8452
12097
12035
12097
2271
12097
2401
12097
8500
12097
7520
12097
8024
12097
2097
12097
9073
12097
8353
12097
5256
12097
8369
12097
9069
12097
7615
12097
2365
12097
5705
12097
2066
12097
7577
12097
9164
12097
4209
12097
6096
9864
2733
9246
1918
1947
2858
3724
6244
6232
1792
6232
235
815
2924
7292
1030
1200
1414
1294
1162
1294
995
1294
10808
5742
6782
5742
2161
4680
1137
934
1497
934
941
934
5587
6101
8713
9770
6075
11098
9225
8478
2776
3677
10281
12057
8705
12057
1762
1772
7040
14103
3682
3176
12149
9380
7772
9380
8986
9380
5912
10216
10420
6131
7829
6131
6142
6131
401
385
11739
13539
11738
13539
11797
13539
13697
11128
6962
11554
8824
11554
11555
11554
10963
6913
11633
6913
12373
6913
2411
13168
4985
1886
3207
1886
5058
13731
12060
13731
9449
13731
6731
6711
11926
6800
3624
6800
10736
3170
4723
3170
8505
3170
471
263
536
263
12119
12698
14098
12698
12435
11521
13927
11521
6611
11521
9019
7471
7891
7471
3639
415
9129
415
12616
415
12602
415
7161
415
6678
2826
3677
2826
8722
10130
6538
4929
13481
4929
11764
4929
13666
4929
7382
11383
11140
11383
5545
11383
13700
11383
10400
10378
9493
10378
10428
10378
10392
10378
12095
10378
11135
10378
8153
5381
4300
5381
8156
5381
13697
13646
5563
13646
14078
12728
14069
12728
2659
2668
9025
2668
12575
13993
90
572
2558
6830
929
972
5309
9036
11645
4899
11533
11886
14038
11886
5146
11886
4133
9148
13581
9148
265
374
248
374
13289
10768
4378
1741
1742
1741
13246
10100
3519
10100
1546
9549
1909
3643
4716
5771
5780
5771
6533
4910
7820
9442
361
431
4762
8508
667
660
486
660
467
660
1727
1746
8142
9322
4231
3142
5852
3142
13655
8085
5839
13250
11752
10019
3106
10019
11477
5076
6777
10109
5796
9203
8753
6436
5919
6436
4922
6436
3085
6883
2399
6887
2399
12379
13209
6411
13209
10808
13209
4197
13209
12564
12354
4656
10560
5276
10560
501
64
4301
9292
2922
11752
640
377
13606
3299
11606
3299
6874
6809
13463
6809
1775
12051
12383
12051
11689
12051
10533
7864
7900
7864
10877
12934
8720
12934
8143
12934
13175
7246
13486
7246
10806
7246
11561
8606
6880
8606
7410
12583
14053
8253
9978
1602
1601
1602
5462
1797
5977
1797
8755
8060
9244
8060
6903
6872
13366
12797
10141
12797
4745
12797
3030
12797
4737
12797
12185
12797
10155
12797
7684
12797
3664
12797
1823
12797
3313
12797
4750
12797
5339
12797
13236
12797
4740
12797
3267
12797
13177
12797
1814
12797
13141
12797
3871
12797
13213
12797
3327
12797
13160
12797
8086
12797
8565
12797
13173
12797
5765
12797
3497
12797
3286
12797
4752
12797
3405
12797
13346
12797
8090
12797
7686
12797
7693
12797
3673
12797
3674
12797
13437
12797
13283
12797
13374
12797
13291
12797
1903
12797
4754
12797
4732
12797
13418
12797
4746
12797
3407
12797
12976
12797
3670
12797
4755
12797
13276
12797
3171
12797
10725
12797
4757
12797
12390
5184
13344
9558
7888
9558
9030
9558
4590
9558
3814
9558
4638
9558
4580
9558
10534
9558
8313
9558
3645
9558
7954
9558
9020
9558
11481
9558
2648
9558
3322
9558
7493
9558
4598
9558
3721
9558
9033
9558
7517
9558
5738
9558
2339
9558
7953
9558
7110
9558
9035
9558
4594
9558
12826
9558
5723
9558
10533
9558
7497
9558
4646
9558
10529
9558
9019
9558
10577
9558
10595
9558
4610
9558
7088
9558
8305
9558
7891
9558
9062
9558
9029
9558
4592
9558
11898
9558
7894
9558
8303
9558
4572
9558
7084
9558
7114
9558
7906
9558
3860
9558
7897
9558
3657
9558
7522
9558
8332
9558
10628
9558
10526
9558
6299
9558
10693
9558
13165
9558
7113
9558
3298
9558
7900
9558
5719
9558
3571
9558
4717
4069
2792
3707
12794
12321
2543
3838
244
407
9789
9159
3179
9159
6454
9159
10977
11945
11646
11945
13974
4438
12757
4438
12360
4438
3480
10867
13334
10585
1845
10585
3406
10585
1543
1544
9281
9656
13341
9656
4284
2921
12451
2921
1717
7991
1712
7991
7084
7078
7906
7078
4833
2025
3258
2025
1631
5869
10784
10172
12908
10172
12241
12827
2219
2266
10657
7911
4096
7911
9992
11280
4274
13140
3586
13140
13204
13140
13451
2051
3799
2051
13361
11928
2313
10505
5265
10505
3940
10505
7058
4517
3389
4517
13158
7713
4260
7713
10825
7713
9328
4088
4243
4088
6876
4088
4617
3053
3253
3053
2134
13457
4937
5413
6114
13787
2725
11898
6959
4955
8153
2566
11789
2566
8156
2566
2539
2566
4164
9681
12572
12503
5079
12503
6431
9738
5115
5014
1200
1066
1487
1066
3010
4335
1465
1408
1321
1408
2575
3957
11626
5104
5151
5104
2802
4099
2756
2764
5345
10740
12463
5061
6096
5061
13921
5061
6035
11532
9933
6617
11231
6617
11221
6617
1909
4742
2696
5680
12466
8686
6962
13720
11978
13720
13807
13720
9401
13720
8824
13720
11555
13720
3562
2835
3257
2835
5946
6889
6933
6889
2250
2280
5880
2280
7492
3442
3850
8115
8716
10189
6868
12258
6842
8005
6844
8005
12240
14146
14158
14146
6271
2342
3974
2342
11910
8588
3658
4990
9379
2580
2537
2580
5817
9283
5013
13628
70
42
614
42
5652
14001
9946
14001
1203
1114
7846
8269
6217
8269
11974
6644
8256
6644
11629
11192
8167
5936
2151
9095
3080
10475
10747
7137
13340
7137
4726
10743
5967
10274
6515
10274
1186
1218
1361
1218
914
1218
900
1218
8154
5356
8537
9163
8769
9163
4324
9163
5287
11806
9101
11806
2689
3470
5632
11222
297
18
8496
9125
2542
3712
13722
2689
13591
2689
11683
2689
8420
2689
13551
2689
6701
2370
3986
2370
8799
12473
8875
12473
9391
12473
13503
12473
6576
9837
6951
11439
5466
11439
11892
11439
12083
11439
13382
12745
1778
5853
4515
1617
11304
11303
12442
7635
3417
12952
6217
9894
14179
9894
11701
7277
5854
7277
3368
12249
8755
8723
3084
4544
1629
9311
3000
4810
3000
9706
3000
5804
3000
11585
11734
10122
8375
10452
4470
4478
4470
3551
13723
1902
6791
14025
12332
13948
12332
11884
5592
5140
5592
12311
5592
13986
5592
11371
5592
12752
5592
4355
12620
12645
12620
6838
13143
13670
8693
13638
8693
5928
8693
13834
8693
6467
3665
12287
9924
7533
2854
2853
2854
4292
2376
3304
2376
12142
8765
6522
8765
7043
5622
4480
5622
12578
5047
11167
11145
4311
2036
4291
2036
8450
3476
5290
3476
4683
3476
6646
8961
1939
13520
10833
6815
2991
13309
3669
3254
8659
3254
11072
2089
9423
2089
5033
2089
8815
2089
859
860
1072
860
11905
8566
8737
8566
9108
8341
3282
8341
4609
3017
10551
3017
458
770
3411
3554
3472
3554
13715
6076
2726
9090
4784
13350
3654
7283
8141
8668
10866
8668
13241
8668
11536
5910
10322
5910
10307
5910
8036
10115
11248
13836
1934
8189
9023
11840
7091
11840
6696
11840
3938
11840
6675
11840
2837
11840
10527
11840
2900
11840
2862
11840
10063
11840
2502
11840
6240
11840
5694
11840
10023
11840
5262
11840
5257
11840
2368
11840
10037
11840
5695
11840
2471
11840
3936
11840
9572
11840
10514
11840
2590
11840
2811
11840
2977
11840
5730
11840
8328
11840
9579
11840
8361
11840
2478
11840
10043
11840
7103
11840
2244
11840
8337
11840
2512
11840
9045
11840
10024
11840
8353
11840
10557
11840
2302
11840
3616
11840
10041
11840
7484
11840
3608
11840
12897
11840
2966
11840
6679
11840
10060
11840
2872
11840
5685
11840
2192
11840
10522
11840
9578
11840
2885
11840
13113
11840
2356
11840
9587
11840
10031
11840
2532
11840
7902
11840
5692
11840
8339
11840
2286
11840
4586
11840
2373
11840
9962
14126
4501
14126
9991
14126
9020
10005
10526
10005
3782
3913
1038
996
1015
996
704
699
700
699
1854
4137
13606
12487
978
1026
4965
3756
11746
3756
4853
3756
11019
3756
12489
13403
12487
13403
12651
10441
6078
5438
6102
5438
4346
5438
11125
5438
1423
1246
5254
605
5683
605
2237
605
12627
605
10421
9911
8232
9911
2640
2636
2615
2636
5026
12546
9394
4869
11543
4869
6941
4869
13604
4869
13498
4869
2073
2098
10855
9713
10249
9713
2946
3029
8146
7738
11931
7738
5404
7738
14153
12648
6209
12648
12432
12648
8982
12648
3955
9055
3965
9055
6134
6970
10405
6970
12661
6970
2321
13587
5627
8914
8245
8914
3079
1600
11888
7681
1704
7681
13974
6184
4465
6184
8288
1429
571
190
12124
13523
12124
13523
4449
5131
11216
5131
11497
6254
2831
7894
11920
9277
5407
3535
7286
3535
5406
3535
11519
489
8274
489
5970
6455
6480
6455
7756
6455
1013
1504
953
1504
1427
1504
9340
10834
9341
10834
14087
14044
4938
13106
7272
2651
4813
2651
10909
2651
394
706
716
706
9320
13016
8662
13016
7028
5101
11215
5101
6152
5101
14041
5101
5599
5101
3349
1653
7431
14093
10457
14093
12267
8947
9526
8947
4019
7924
5741
7924
12530
3235
9214
3235
11562
3235
11298
3880
6882
12659
3825
11426
2252
10897
11347
11346
5362
4771
5363
4771
5997
6490
452
676
687
676
450
676
7260
3628
594
597
10922
5899
9372
5899
12355
5899
5580
13873
13931
13873
5579
13873
4435
13873
13957
13873
13747
11396
13670
3866
3783
3866
8681
3866
9830
3866
13543
10927
6990
11843
10125
9635
6994
13884
5455
2111
11748
2111
2092
2111
8639
10706
6879
10706
2206
4130
5069
4381
7064
6221
1585
6221
2122
5929
13083
12967
868
1399
1115
1399
951
1399
6651
7837
9535
7837
10408
13759
4979
2160
4977
2160
3226
10073
4132
10073
439
695
127
695
4278
4792
11850
12201
1919
4206
11105
5028
10352
7782
9631
5268
6292
5268
9387
3671
2439
3671
8776
3671
9384
3671
3739
1658
7973
7950
7159
7950
7121
11914
6731
11914
9079
11914
3376
11914
8415
11914
6688
11914
10095
11914
6725
11914
2699
2697
13549
2697
6059
6553
6462
10271
6459
4822
566
497
7775
4998
6634
12055
6124
5482
3553
5482
10387
5482
4783
13489
5154
12231
5321
3623
12059
3623
8526
3623
8134
13442
5866
13442
13855
6996
14080
11566
5180
11566
13190
6384
13190
6384
6458
11341
7416
9313
3409
4255
3409
9292
3409
610
49
740
49
601
49
10826
11961
8532
11961
925
1468
1018
1468
1201
1468
5938
2309
3778
2309
7322
2309
5884
2309
2247
4653
11352
8840
6173
7026
13900
7026
3097
6208
141
589
1040
1514
1016
1514
7579
13445
12724
13445
5806
9212
2600
2846
2843
2846
9773
13374
12673
13374
10259
13374
12067
11668
5053
11668
3274
11668
9417
13383
10105
5716
5283
5716
7324
5716
3134
12090
9549
12090
8163
4880
4256
7584
6009
5962
12089
13327
4208
13327
525
687
151
687
728
687
178
687
5914
2841
10275
2841
13545
2841
3611
9664
3713
9664
5778
8426
3728
2284
13095
2284
4103
8346
3634
8346
4682
10652
3631
10652
3852
505
12775
505
2621
3918
844
845
13866
6979
1319
1146
1189
1146
1258
1146
10494
1377
1566
8087
2581
3122
7973
8396
3612
2584
3613
2584
8272
11176
10956
10920
5067
8843
1725
1726
1720
1726
6224
12825
6221
12825
5229
7856
8921
9918
5637
9918
6627
9918
7830
9918
10432
9918
9358
10793
9859
10326
9506
5589
6462
6902
5656
10446
4717
2093
3667
2045
6361
2045
13367
2182
13349
2182
4351
2182
13272
2182
2316
12366
3929
2786
3677
2786
4797
12541
12982
10587
10903
10865
4560
1035
9892
10296
6858
10823
5855
10823
5066
11947
9921
11084
8414
807
5729
807
8372
12795
8561
12795
12912
12795
13126
12795
12877
12795
8023
12795
10065
12795
7601
12795
6754
12795
5262
12795
13234
12795
7448
12795
6238
12795
11333
12795
2907
12795
2882
12795
13034
12795
3917
12795
2961
12795
8275
12795
8442
12795
13135
12795
7650
12795
12965
12795
7637
12795
13008
12795
6665
12795
7573
12795
9008
12795
2721
12795
8541
12795
7073
12795
7640
1904
6358
1904
8846
7353
931
854
3263
2872
4071
2872
9230
12776
2862
12776
9564
12776
2713
12776
8276
12776
10581
12776
9998
12776
13323
12776
10045
12776
12506
12776
10142
12776
2908
12776
8006
12776
2868
12776
7495
12776
3522
12776
3022
12776
7449
12776
8390
12776
2492
12776
12879
12776
3585
12776
12891
12776
13253
12776
2445
12776
10554
12776
2975
12776
13123
12776
10140
12776
7062
12776
13007
12776
6253
12776
8538
7933
8517
7933
3285
14080
5197
14080
11933
12863
13528
12863
10229
12863
13087
12863
11059
9416
13242
2314
12650
2314
5993
5951
11391
11686
6081
11686
3882
4479
5213
4479
12063
10948
13477
3414
12048
3272
10663
3272
6305
3272
4471
12575
14082
12575
9343
8532
6641
6630
12434
6630
6642
6630
10448
7039
1501
1492
920
1492
3350
7309
2105
3337
2105
2605
2739
2737
2739
11086
2450
11596
2450
13496
2450
6460
2450
8281
11588
11516
11588
10082
10573
2434
10573
7719
3572
11770
3572
2070
3659
2409
13291
1572
6600
8068
7212
12300
14008
9375
9782
3636
4364
9873
4364
6075
4364
5532
4364
13657
4364
11642
8928
6166
8928
12747
13559
4537
4530
6219
4530
4246
8073
4253
8073
2874
2896
9521
14066
9950
14066
12076
5286
549
24
2628
8280
11712
3541
3622
4243
7810
6045
2611
2645
2610
2645
849
1318
8127
4774
13514
3884
13178
3884
3892
3884
13298
3884
13033
3884
3899
3884
3891
3884
8445
3884
3896
3884
8456
3884
8437
3884
1894
3884
9151
3884
12437
3884
12901
3884
3897
3884
13110
3884
8467
3884
8452
3884
3890
3884
12932
3884
13009
3884
3893
3884
3905
3884
8463
3884
3898
3884
3894
3884
12884
3884
3900
3884
3902
3884
13114
3884
13084
3884
9165
3884
8432
3884
12848
3884
3906
3884
3643
3884
8439
3884
13008
3884
11930
3884
13138
3884
9133
3884
3907
3884
8460
3884
9140
3884
12947
3884
9128
3884
3904
3884
13319
3884
12933
3884
8451
3884
3901
3884
3895
3884
13007
3884
3903
3884
3380
9950
7394
4402
4410
4402
1985
3241
4437
8898
4455
5149
12181
5149
1088
1120
12358
4500
1595
4500
6656
4500
11024
1940
1936
1940
5962
1940
10940
1940
7385
12204
12203
12204
2143
12627
2815
12627
2949
12627
10048
12627
6690
12627
2917
12627
2380
12627
2570
12627
10067
12627
8359
12627
2869
12627
7535
12627
9581
12627
2173
12627
7537
12627
6685
12627
2470
12627
2254
12627
3011
12627
10056
12627
2363
12627
2519
12627
2907
12627
7122
12627
2965
12627
6684
12627
10047
12627
2495
12627
2364
12627
2908
12627
8347
12627
10068
12627
2836
12627
3020
12627
3788
12627
3563
12627
2886
12627
2382
12627
9061
12627
5264
12627
5696
12627
10057
12627
10062
12627
2199
12627
13316
12627
2221
12627
5704
12627
2879
12627
10113
12627
9057
12627
10073
12627
8346
12627
4605
12627
12870
12627
3040
12627
3832
12627
2878
12627
13315
12627
7536
12627
9058
12627
2460
12627
2405
12627
3056
12627
5707
12627
9583
12627
10929
4083
10908
4083
4935
4083
11727
8734
3276
3058
12956
3058
14177
4509
2203
3246
7365
11375
7443
5669
10452
11723
4478
11723
3469
12405
13763
12405
10746
7918
13510
7918
9860
9856
5538
9856
11947
9856
6088
5515
2860
3992
8488
10667
3073
10667
4956
10959
12557
3546
4226
2987
3681
2987
10278
2987
8698
2987
6400
5337
1698
10242
11766
11765
3342
9933
7811
12597
6076
12597
10384
12597
12709
12597
10380
12597
11490
12597
2317
12388
4679
7156
4691
7156
5469
5957
12113
10403
7107
6672
6277
6672
1887
1919
1888
1919
11071
10339
6963
11693
1918
4240
4306
9353
2945
7664
11903
8806
13467
12163
9378
3744
1878
1927
13960
6609
13665
8192
5167
5158
5169
5158
6302
9584
7186
9584
9648
9584
6598
12095
5149
13928
5149
13928
1666
11269
5397
3362
6839
10087
3225
10087
6927
2462
11694
2462
3291
8439
3216
8439
2703
2720
7491
2720
2846
8303
2679
4572
6126
8222
3431
12125
12621
11484
5075
13803
3486
3035
13322
3035
835
1410
1409
1410
13293
6441
4899
6441
6478
6441
3125
2167
13391
2167
2948
9614
7052
5660
5662
5660
1933
13718
5116
5081
7175
12900
8792
5912
5957
5912
5443
5912
1083
1266
10186
9182
1606
11285
7442
11285
3739
14185
8227
13947
13999
13947
11193
13947
10330
10970
13099
7251
6403
7251
11963
7251
10849
8611
12295
12046
13538
3418
13538
3418
4479
12278
3166
12138
5924
2318
5973
2318
5425
2318
11730
2318
2249
12930
13017
12930
4774
12930
13354
13226
8791
13226
10964
13226
12326
10815
2427
4807
2830
2853
7147
5685
11938
5685
13010
3888
8595
3888
3785
3888
12173
12316
12403
12316
233
243
9929
14100
12494
11260
8970
11260
1967
4115
4996
13613
3346
9968
1832
1851
4839
1851
3557
11789
10070
12813
3105
12813
3188
9661
3701
9661
13168
7986
4741
7986
11610
13436
6610
4975
11206
4975
5112
4975
967
952
1367
952
965
952
7347
6897
3128
6897
3340
8355
4084
8355
5385
2800
12217
2800
12556
2800
7523
2731
8350
2731
3019
3517
672
640
321
640
589
640
10493
10490
2223
10490
7407
13754
4799
12972
5590
6096
5094
6096
14002
6096
7400
6096
11203
6096
5145
8935
5144
8935
10833
7257
2562
13484
13843
1836
9445
1836
6057
1836
6562
1836
1034
1314
1227
1220
1340
1220
1318
1220
3482
6706
7968
6706
6435
3217
11612
13473
4331
6927
7367
6927
4406
6927
5134
6126
7461
3054
2168
3054
12415
5218
4537
5218
1
44
642
44
129
44
11257
11964
13417
10221
2546
10221
4843
10221
11835
10221
5396
10254
1345
1502
1343
1502
1508
1502
13210
8390
10733
8390
3299
5376
7949
7466
13384
7466
7056
3909
4530
3909
1947
9647
4151
9647
11599
10134
13287
10134
7732
13195
1565
9065
11516
9052
11516
8344
11516
8020
11516
7533
11516
7524
11516
3961
11516
3969
11516
8348
11516
3561
11516
3937
11516
9103
11516
3697
11516
3137
11516
9136
11516
11511
11516
7528
11516
7912
11516
3232
11516
4614
11516
9050
11516
7530
11516
3795
11516
3120
11516
3945
11516
11465
11516
9081
11516
3251
11516
8397
11516
11493
11516
3220
11516
7907
11516
13414
11516
4599
11516
3100
11516
9053
11516
3935
11516
7516
11516
4589
11516
3957
11516
2764
11516
11914
11516
2896
11516
2853
11516
2313
11516
11458
11516
13150
11516
8336
11516
9088
11516
9066
11516
7117
11516
7913
11516
9042
11516
3944
11516
7115
11516
3956
11516
5265
11516
3927
11516
3940
11516
11399
11516
1614
10455
1617
10455
12594
13630
3113
7845
8692
9305
2418
4708
2422
3229
12992
12909
9499
9488
10810
5766
4809
5766
1779
1791
2797
13379
7292
6834
2086
11891
14071
11618
11725
11618
14054
11618
8697
2763
12505
2763
11358
2763
5383
5873
9354
5873
13718
12453
4897
3748
5306
3748
2706
9041
9036
3529
2768
3529
1674
9262
10862
13192
11547
13192
11168
5565
8481
6740
7614
6740
13500
6740
11784
5887
6461
5887
11100
5887
3843
4605
4690
4605
2999
10617
8993
12838
10629
12838
10082
12838
10502
12838
9632
12838
5714
12838
4575
12838
11486
12838
2703
12838
8279
12838
3262
12838
6247
12838
10565
12838
7491
12838
7908
12838
8995
12838
10589
12838
12538
12838
12151
12838
3663
12838
7523
12838
6678
12838
3194
12838
9567
12838
7119
12838
8350
12838
5697
12838
3819
12838
10626
12838
8306
12838
7065
12838
11919
12838
7502
12838
9570
12838
7063
12838
5686
12838
8998
12838
3929
12838
10562
12838
4612
12838
9574
12838
2434
12838
10546
12838
12159
12838
7504
12838
9097
12838
4622
12838
10519
12838
3677
12838
9159
12838
8280
12838
5721
12838
9573
12838
7507
12838
4601
12838
8284
12838
2715
12838
11487
12838
7077
12838
9031
12838
3507
12838
9026
12838
3646
12838
11544
5250
4567
5250
6828
5250
6797
7968
2789
13655
5511
5493
3830
4347
4427
8169
10889
11218
5619
3342
1654
14142
14139
7840
14139
11472
13652
1609
9986
1608
9986
8076
7661
10787
7661
969
858
855
858
4642
9075
11086
11715
11816
11715
11085
11715
3387
3775
13032
5860
13032
12025
5523
10576
2829
12535
2829
5312
2829
1934
4397
3284
2487
6277
2487
5483
6505
12418
6505
5037
6505
4006
2817
3158
2817
5399
3500
12112
11219
12115
11219
6084
14187
11122
14187
11119
14187
13917
13857
7812
13857
4426
13857
8801
1889
11033
1889
8185
1889
8830
1889
14012
12003
12631
8981
9695
7614
12725
11650
2160
13518
1580
12113
11996
12113
9503
12113
1897
1901
1898
1901
1150
1046
916
1046
907
1046
13362
3200
10782
3200
13763
2962
4992
2962
10389
2962
9898
2962
11645
13348
813
405
10915
3179
12670
9251
1744
9251
5073
6056
5086
6056
13710
6056
3122
2588
9627
2588
1991
8134
11470
11633
11979
7305
11030
9845
13944
3553
8903
12737
12538
3914
8998
3914
3796
10791
4921
10791
11673
9466
5640
9466
6169
9466
4808
5788
8689
8624
7380
8207
7380
8207
3077
12679
1856
7647
8682
7262
3000
3253
13817
2288
6551
2288
9404
4361
1634
1635
1632
1635
13083
7145
10559
7488
10549
7488
3984
2950
3977
2950
1451
1437
1450
1437
1057
1437
1107
1437
1452
1437
1073
1437
1941
8594
8816
4941
5003
4941
9843
4941
7362
4941
9422
4941
6935
4941
3771
4066
5800
10644
10694
10644
2164
3296
9392
6475
3393
13554
3264
13554
7358
13554
5628
6139
3123
9257
3220
2396
4599
2396
12217
13191
6476
13191
5941
13191
3802
1908
4918
1908
3120
6274
6723
6274
5233
5625
5035
13923
5035
11863
5035
4314
1275
975
3316
6743
7256
6743
8893
11137
9283
12602
2450
4080
1738
1749
1726
1749
519
397
6822
7210
2340
8650
6352
11981
9856
5983
13236
9113
12913
9113
5002
9387
3225
9598
13338
9598
3800
2492
3716
2492
4577
9003
10536
9003
8696
2583
13232
2583
9274
2583
4373
1571
9539
9526
4335
3558
3559
3558
4832
3558
3294
8219
9209
9628
5795
9628
4129
9628
9666
9628
10157
9628
4106
9628
9678
9628
10716
9628
8030
9628
10119
9628
4114
9628
3162
9628
10139
9628
8489
9628
7194
9628
4661
9628
8035
9628
3328
9628
4124
9628
3843
9628
4103
9628
3197
9628
3634
9628
4101
9628
9683
9628
6785
9628
4690
9628
10138
9628
10144
9628
12010
9628
3226
9628
5771
9628
9681
9628
4099
9628
4130
9628
2093
9628
9210
9628
6326
9628
3810
9628
9667
9628
10147
9628
10770
9628
9150
9628
5762
9628
9186
9628
12106
9628
4111
9628
13222
9628
4105
9628
10723
9628
3691
9628
3839
9628
4132
9628
9181
9628
8462
9628
3261
2192
3790
2192
1778
1785
1577
9496
7581
7539
7459
3046
2157
3046
1954
3258
2706
3970
13320
2283
6332
2283
2959
4673
6955
4946
11158
4946
11756
4946
5543
4946
1347
1494
918
1494
1900
1903
1749
12670
2728
2725
8034
2725
7202
2725
8475
2725
6215
14169
4534
14169
483
389
357
389
482
389
1641
6948
5560
6037
6181
4420
5647
4420
5605
4420
13982
4420
14023
4420
13394
13088
13166
13088
9334
13088
284
301
253
301
639
301
446
301
13642
11039
11237
13955
7415
13955
6637
13955
2697
10053
4837
10630
4069
2094
3495
2094
2776
3976
12290
8715
4714
12075
2030
4291
6318
12882
12892
12882
7178
12882
5292
12882
6307
12882
6319
12882
6744
12882
12695
12882
12894
12882
12573
10600
12165
10600
4414
5534
11940
13952
5598
6573
11998
6573
13828
6573
9375
5425
5879
5345
10871
5345
9782
5345
5425
5345
7307
5345
4352
5345
6295
10609
3686
7695
3755
7695
10851
4121
3138
4121
5471
4121
5255
4567
3617
4567
8158
4885
5050
4885
13752
4885
1835
1845
14103
5607
8239
5607
14116
5607
11296
5224
7344
7763
7774
7763
8384
7876
7952
7876
12015
14078
7836
14078
12080
14078
10595
3457
3860
3457
13320
2357
4119
2357
5435
5395
11127
5064
3750
12756
2818
3072
11556
7725
3295
7373
7349
5463
12715
5194
8136
8123
11299
11207
10429
11207
12294
11624
8929
11624
2200
3041
7458
3041
5663
7432
12758
6667
1559
6667
13227
7229
9362
4860
9309
8633
4816
8633
13307
5732
8221
11156
4353
8093
3332
6959
10112
6242
3965
6242
2319
3624
12313
11594
9991
11594
11274
11594
11866
7199
8667
9236
5485
8165
2793
3942
12716
6403
5827
10672
13391
10672
7267
6339
5823
6339
3348
8260
1670
1672
1671
1672
1559
9851
10996
12304
10996
12310
10996
6094
10384
6055
13913
7336
12590
290
29
4231
8053
4227
8053
12727
13842
13911
13842
2438
3777
11394
14010
9941
14010
275
145
9918
13845
6855
10208
2311
4084
13724
11026
4510
5211
1592
5211
3909
5211
1316
1490
1048
1490
3255
13066
13163
13066
1965
4754
4473
14049
13783
8789
5467
8789
10326
8789
5983
8789
6015
8789
1437
1512
1460
1118
508
38
6953
4903
13593
4903
6945
4903
8959
14082
1391
1487
4484
12555
9268
4721
9723
4721
14022
12182
13180
7526
10098
8285
8403
8285
6010
9210
12625
9210
5176
4459
12402
8484
6147
7387
6149
7387
13754
7387
910
1214
1332
1214
874
1214
1239
1320
1240
1320
13125
7598
8634
7598
11980
12917
727
22
9621
7496
4633
7496
8198
3743
12738
3743
3379
9539
1549
9539
1641
1735
9138
1743
9138
3872
10553
3271
10553
4532
14085
10451
14085
5193
14085
273
270
12122
6271
3827
13889
12021
9046
7664
7628
9433
13647
13895
11611
13965
11611
2766
2768
5336
6326
11912
6326
9273
6326
12079
6793
11828
6793
11740
6793
3733
13930
3733
13930
3921
1382
11368
1382
10321
10902
13499
6446
6915
6446
12934
9229
8668
9229
4295
8516
4527
5178
12672
6865
13429
10123
4202
10123
8904
6587
13388
13304
1646
13650
9432
14
137
7359
11390
12994
9199
13478
9199
4760
3413
12961
12944
13504
7236
6895
7236
5842
6823
314
673
68
673
404
673
10122
6296
5904
2313
8642
10165
6407
10165
2622
4552
1896
1895
1884
1895
9505
12041
2859
7084
6474
8618
11164
8891
4734
10093
6730
10093
8564
3792
13464
4819
13464
4819
10186
11935
10186
11935
7319
9763
12199
9763
6439
9763
13590
9876
13590
9876
3475
3607
3491
3607
12072
11355
11992
11355
12003
11355
13483
2858
2824
2858
9780
5805
8152
5805
7737
5805
1878
4298
2523
4687
10796
9695
8083
9695
4761
3106
11238
3883
1696
1702
9964
8964
13467
9373
7780
5977
9901
5977
10398
5977
11134
5977
1279
1166
12591
6652
7055
6652
1430
865
6503
6920
13515
7176
13255
7176
779
762
5477
10979
12651
4448
4470
4448
5964
4328
8727
9725
6847
9725
885
1404
887
1404
13539
13456
6094
6064
6076
6064
3231
2849
3257
2849
2464
11458
13808
4395
3639
507
4023
507
9200
11717
2143
11717
11849
11717
6758
11717
7564
11717
9710
11717
2012
11717
2272
11717
8524
11717
10684
11717
3995
11717
9206
11717
8467
11717
9240
11717
13112
11717
8427
11717
9629
11717
7675
11717
2395
11717
3446
11717
10557
11717
10127
11717
9080
11717
9594
11717
2483
11717
2342
11717
11806
11717
9170
11717
2234
11717
2451
11717
9597
11717
7801
9861
1675
9861
10968
8730
2846
9077
1868
4194
3094
4463
3824
4463
10241
13150
4339
12499
7632
4033
12760
4033
930
842
4304
12613
13226
8700
10841
9748
12428
13798
8826
4345
9412
4345
11204
4425
1572
4425
5357
10569
5386
10569
1025
970
1026
970
5667
12529
14148
12529
1919
1952
12012
8574
12122
2306
5282
2306
13131
7161
12852
7161
552
133
13464
4224
4149
10615
3175
10615
12444
13786
11146
13786
10360
13786
5366
4607
4788
4607
4783
4607
13699
5885
13699
5885
13801
5567
1844
3406
13387
2937
3793
2937
5598
7004
11998
7004
13828
7004
171
323
699
323
1655
3113
1955
4732
10662
7114
6466
7114
9682
7114
6820
8069
5469
10750
2875
11542
12115
13969
2671
2664
2662
2664
7647
9170
7645
9170
8990
331
12809
331
8989
331
11519
331
9437
8811
8860
8811
10892
3855
8746
3855
9857
3855
5922
3855
1532
1448
1009
1448
998
1448
10984
10982
4356
10982
9845
10982
3065
1032
5989
12480
741
477
6441
5860
13750
9814
5159
11310
13553
6507
722
720
723
720
1642
11299
8703
9759
5690
515
7539
515
4077
8362
3719
8362
3420
10733
7680
10733
13350
10733
4173
7147
11584
7147
13076
2930
3602
2930
6086
11691
11390
11691
7340
11818
12393
5946
5031
5946
10367
5946
13783
5946
5467
5946
10326
5946
6640
6634
6640
6634
7476
5673
2887
5673
2985
5673
7874
5673
2861
5673
13018
5673
2572
5673
2350
5673
6291
5673
3939
5673
3005
5673
13020
5673
9011
5673
2851
5673
2839
5673
2978
5673
2870
5673
10077
5673
2391
5673
13147
5673
10012
5673
2370
5673
9055
5673
7876
5673
6242
5673
8285
5673
2234
5673
4565
5673
3503
5673
10021
5673
8296
5673
2911
5673
13060
5673
5527
9421
13525
2210
10266
2210
5389
2210
6076
8205
10384
8205
10380
8205
13766
8205
1844
7645
12101
12102
5375
12735
11450
11449
610
474
532
474
411
474
6955
4983
5378
11329
132
124
72
124
4844
12012
1713
1717
58
568
6506
8772
4982
9847
7777
7307
8406
8404
6337
8404
4637
8404
9198
8404
9640
8404
10120
8404
7968
8404
6727
8404
10106
8404
3598
2510
13622
2510
3599
2510
11472
2510
8807
2510
9846
2510
12493
2789
4884
2789
6841
3612
7257
3612
5370
9290
8508
5291
3776
5291
13443
10288
1972
3591
14133
11273
11277
11273
6689
13133
9051
13133
5609
11744
13932
11744
12094
11744
5187
11744
9529
11744
7405
11744
7740
7720
12598
7720
10316
12422
12528
12342
7053
12342
12464
10462
10471
10462
805
586
5412
8709
8758
8709
6493
1729
3380
1548
1625
4534
10846
12179
6922
12239
11709
11135
11415
13734
9379
5420
11851
5420
8778
5420
5951
5420
6641
12392
12434
12392
6642
12392
11736
9454
8907
9454
8909
9454
5967
1990
6926
1990
10965
1990
1942
1990
12135
5037
2821
3834
28
46
567
46
9928
13921
11222
13921
4418
13921
4266
12510
8810
10304
13521
10304
9416
10304
2069
3291
9741
9255
9741
9255
6971
3765
6971
3765
277
485
488
485
10
485
490
485
31
485
1504
1309
6477
4841
1863
4839
1863
14017
5552
13908
5552
3992
2891
3994
2891
4598
8351
10693
8351
6275
2234
3973
2234
1735
8431
1717
8431
8774
6483
556
91
10644
10069
14097
6178
13872
7814
13872
7814
12456
11850
8968
11850
14084
11850
7330
2534
13594
2534
5433
2534
12728
11181
12514
8401
13169
8401
9221
8401
1532
1100
276
551
9544
11287
4527
11287
7823
13837
3767
14177
13367
2181
13349
2181
4351
2181
13272
2181
1342
938
946
938
11949
13400
10320
13400
10320
13400
877
1298
879
1298
1258
1298
12447
13204
2873
2899
2823
2899
1025
1328
13668
4977
5085
4977
11118
4977
13735
4977
5528
4977
1987
3157
969
948
1170
948
956
948
968
948
2123
2132
2140
2132
5305
2736
9253
2736
2732
2736
9242
2736
8961
12536
7046
12536
11753
12371
3095
10451
2738
3656
13526
10331
10218
5328
8113
5328
8113
5328
12430
5448
12429
5448
13798
5448
1166
1130
12574
13632
2367
7861
12795
7861
5670
14161
7440
14161
1820
1831
1834
1831
7774
1700
1697
1700
2426
10689
2431
10689
9841
13586
9385
13586
4958
13586
9092
12781
3261
12781
6757
12781
3263
12781
4071
12781
12801
12781
6740
12781
4080
12781
3779
12781
4093
12781
3360
12781
2150
12781
2920
5819
6120
12638
4943
2421
2408
2421
6992
13635
4966
7748
1320
1091
1049
1091
6486
10301
2308
3810
6294
5687
7585
5687
3720
4805
12560
5298
9760
10817
13267
10817
2119
3321
7336
4211
13358
12196
8806
6925
4363
6925
9848
6925
11841
2555
2556
2555
13659
2555
5402
2555
5768
5754
12033
5754
10290
5754
11945
9720
10262
9720
8103
12802
8649
12802
4204
12802
1816
12802
7265
12802
6857
12802
6391
12802
4196
12802
11926
12802
6413
12802
7259
12802
8621
12802
13427
12802
8642
12802
3580
12802
1780
12802
6397
12802
5798
12802
6394
12802
6831
12802
3762
12802
1822
12802
5351
12802
13396
12802
6382
12802
6407
12802
3708
12802
3135
12802
3740
12802
1912
12802
4188
12802
8640
12802
7713
12802
8115
12802
4206
12802
3624
12802
4194
12802
3759
12802
5347
12802
13584
12802
7271
12802
7165
12802
4213
12802
8638
12802
6835
12802
13439
12802
4220
12802
6837
12802
1815
12802
13090
12802
6404
12802
2932
12802
6401
12802
8111
12802
4193
12802
4215
12802
8106
12802
6843
12802
1581
12226
8961
12226
3520
13008
13435
13008
14009
8937
13447
7255
1362
1357
1085
1357
6597
6963
6590
6963
3747
6963
8898
6963
3492
13118
9110
13118
1534
1458
1522
1458
1420
1458
1520
1458
1441
1458
1538
1458
1431
1458
1417
1458
1422
1458
1754
1753
1741
1753
13344
2751
11898
2751
9414
13534
11921
13534
9852
13534
5277
8357
3975
8357
2630
7454
13554
6895
7781
6895
13296
10844
3718
2255
3845
2255
7366
10266
6446
11956
11983
7421
7785
3549
11958
3549
8188
3549
11880
3549
12026
3549
2251
3728
12463
8794
8812
8794
9886
8794
4413
8794
9480
7001
12744
7759
11337
11336
10489
11571
8300
11571
13061
11571
5698
11571
2647
11571
2435
11571
2771
11571
11632
11571
11787
11571
2883
11571
3462
11571
2744
11571
13040
11571
10015
11571
2913
11571
10500
11571
9059
11571
2677
11571
12953
11571
2912
11571
3463
11571
7448
11571
2504
11571
10498
11571
9126
11571
3467
11571
7082
11571
9559
11571
6666
11571
7074
11571
6698
11571
3426
11571
2521
11571
13058
11571
7094
11571
8992
11571
5245
11571
5261
11571
2483
11571
2631
11571
2668
11571
13111
11571
10022
11571
2931
11571
6236
11571
3590
11571
5238
11571
3923
11571
2989
11571
11557
11571
13159
11571
6241
11571
7087
11571
7480
11571
2586
11571
7453
11571
2633
11571
3916
11571
2898
11571
3577
11571
8996
11571
3543
11571
10016
11571
12911
11571
2734
11571
7062
11571
1886
1916
1887
1916
13379
10718
2995
3249
4172
9083
3336
9083
9430
8824
5972
9307
10749
12879
13087
12879
3742
7847
3001
5721
10465
10457
10463
10457
12270
10457
11769
5903
6900
7290
9289
9645
8652
9645
6677
809
6704
809
10567
809
3034
809
2548
809
11899
809
12889
809
6249
809
2593
809
10560
809
3017
809
3918
809
12840
809
3919
809
8274
809
8326
809
6668
809
4237
2064
7290
2064
7031
6023
5459
12711
11833
963
874
1420
1083
1460
880
11505
13932
12597
12682
8205
12682
4820
10800
13488
10800
11708
3585
5801
3585
5358
6378
7720
4218
8928
5126
6537
10830
5194
3285
602
824
4846
1974
3258
1974
14075
7360
10359
7360
11078
7360
11080
7360
2414
4096
4453
13935
12391
13935
6158
13935
2761
6768
5385
2802
4333
2802
5266
13021
3950
13021
3813
5096
11470
3771
6024
3771
11795
3771
9217
12870
12001
12870
4745
7940
1903
7940
2595
2597
6371
2597
1739
1758
3192
13111
11393
13111
4914
4873
2560
2569
2184
13279
9992
12612
13054
9218
13054
9702
13054
5982
4766
11016
4766
9410
4766
2137
4766
5284
7098
13214
7098
9443
11351
11152
11351
2856
13292
10348
11431
11432
11431
12611
11431
911
987
1202
987
3774
3723
9192
3723
8484
3723
3862
2020
4862
2020
4834
12915
6630
7408
6013
9828
3038
10022
3029
10022
4319
9319
7733
9319
2688
7128
8886
7385
12599
4376
6031
4376
6034
4376
4235
2269
12659
2269
4541
6216
9612
8287
10091
8287
6819
5708
6815
5708
7257
5708
6510
12557
4345
12557
10176
10711
8793
9798
10962
10913
9840
10913
11042
10913
3772
8850
2935
11401
12454
13295
13462
10872
2799
8336
5818
8571
4740
2039
3407
2039
11945
3479
2543
13326
1846
1868
1855
1868
11314
3861
5486
3861
2604
10167
11795
11794
5191
8956
8965
8956
11703
2379
13516
2379
1353
1124
840
1124
1486
1124
2318
4660
1626
2122
8833
13795
6585
12038
6585
6896
6867
8212
11078
8210
11078
1232
1228
1404
1228
9400
12083
7369
12083
6072
12083
3174
12083
10637
11824
11745
4912
12109
6081
12303
6081
1027
1198
3488
10080
3218
10080
10230
9727
9280
9727
9485
9906
2602
2686
4808
2686
12126
12551
7436
12551
11248
10436
10319
5975
937
1094
1324
1094
4658
7578
5302
7578
4795
4187
779
451
4392
6560
7191
7943
10280
7676
2280
4685
13067
9697
9260
9697
13633
11357
10721
11357
13574
11357
6524
5807
8100
5807
3414
5807
4698
11937
4708
11937
10473
14110
12336
14110
4506
14110
4786
10809
9324
10809
7285
10809
7334
8152
11113
10358
9773
6412
10259
6412
8786
6412
7446
1209
5944
12170
4441
11811
12698
11811
1956
5361
4936
5361
10889
5361
13684
5361
12381
7049
14166
7049
3977
3026
3948
3026
5035
9408
29
225
9476
13669
13904
13669
11396
13669
9385
13669
12303
13669
4958
13669
13093
12989
5313
12989
4442
7828
2724
8542
12690
585
12321
585
12824
585
12556
5941
13495
10938
8070
7992
13245
7992
718
709
383
709
19
709
5361
3759
5548
7798
7936
8310
3170
8310
569
486
3383
1577
2429
8022
3777
8022
10271
4788
13611
7319
13747
9385
13596
2639
2613
2639
4087
2639
10724
2639
11729
13481
1543
4185
6786
12085
6786
183
372
775
372
4483
14067
4472
14067
12781
12562
5272
12562
3323
10522
13353
10522
573
574
11629
12077
13817
11730
275
118
668
118
27
118
313
118
7323
8717
5937
8717
13411
8717
209
468
364
468
4959
2561
11692
2561
3400
2561
11012
2561
13300
8458
11318
8458
4420
2086
12624
2086
5621
2086
1021
1016
1092
1016
872
1016
875
1016
870
1016
1022
1016
1061
1016
867
1016
563
679
726
679
11362
5139
3018
11574
12519
9940
11640
9940
2249
2261
469
615
323
615
8904
10410
11783
5314
9849
5314
5488
5314
6461
5314
9403
5314
11100
5314
1981
10492
11531
10492
9090
2745
3970
2745
9878
6035
11637
6035
4391
6035
4269
4233
6518
9360
37
235
4057
11700
4062
11700
13936
10399
8684
13124
7676
13124
5774
9179
8011
9578
9147
9578
500
577
478
217
11836
11709
5149
11709
13928
11709
2316
4038
1943
3869
552
696
445
696
179
62
787
62
63
62
180
62
581
62
12174
8080
3334
8080
7730
7727
4855
1997
3364
1997
4909
8744
12189
6852
6954
5397
5010
5397
10336
5397
3096
4523
2899
7906
12235
11164
5623
11164
12275
11164
6810
8273
12766
8273
4837
4250
12704
1419
5618
5605
5423
1825
4328
1825
9800
1825
1656
7058
5521
10349
13379
10152
3880
10429
6298
13094
8513
13094
6309
13094
13096
4887
7742
4887
5921
4887
9622
4565
8380
4565
9527
9943
11410
13621
7411
12469
2088
3315
4887
9676
4281
7697
4281
7697
3497
4619
6373
4619
12561
10232
4962
5427
12605
5347
13403
5347
4493
13409
2415
6528
2415
8661
2415
4233
2415
8176
2415
3834
2885
6779
2885
3037
3922
12788
3922
2056
3922
7096
3922
2254
3922
2108
3922
3463
3922
10601
3922
2013
3922
9154
3922
2141
3922
13009
3922
6705
3922
2360
3922
6249
3922
6284
3922
1907
3922
4655
3922
7484
3922
2051
3922
6672
3922
7236
3922
7578
3922
6251
3922
1996
3922
13057
3922
10539
3922
2295
3922
10606
3922
3524
3922
7097
3922
11506
8167
1569
8691
6961
8818
13639
10724
8087
10724
899
964
1075
964
8871
5056
12562
12764
6628
6623
13339
3644
5414
3644
5345
3202
11363
11362
4458
11362
10221
3118
3298
8299
5719
8299
6846
13248
10849
13248
8627
13248
4351
2175
3325
2175
4765
10694
13414
6665
7490
6665
13836
11404
10436
11404
13910
11404
5562
13811
5549
13811
13904
13811
12109
13811
12303
13811
9460
13811
6343
8449
6766
8449
8033
8449
7203
8449
11981
8449
6772
8449
4075
10580
4068
10580
4867
12374
595
607
7108
8329
9060
8329
13753
11772
12155
2620
7957
2620
2629
2620
8354
2620
9153
9012
2941
9012
7896
9012
5689
9012
10023
9012
12855
9012
8382
9012
6721
9012
2578
9012
2274
9012
2364
9012
8459
9012
7629
9012
1872
9012
10055
9012
8416
9012
3902
9012
9109
9012
2530
9012
1924
9012
8373
9012
2036
9012
10022
9012
2021
9012
2489
9012
6246
9012
10124
9012
2061
9012
3729
9012
2096
9012
12558
9012
12458
6593
395
227
11219
11205
5351
3502
13396
3502
13277
9102
13170
9102
5629
6519
6947
6519
14141
6519
3353
9927
7816
13773
9337
9706
11494
3606
9644
3606
4671
3606
2778
5323
5824
5796
7696
5796
7697
5796
10685
10635
6762
10635
12450
13784
11040
5443
8083
5775
9436
5044
5663
5202
5208
5202
8977
5202
10170
3994
2411
3107
4932
7743
2443
3860
217
429
4547
9182
5293
8124
5826
1523
921
14155
1673
8798
1673
6930
1673
6519
1673
7013
9897
1933
12633
4828
7274
13376
7274
3484
11679
11680
11679
7351
11679
4827
5365
1961
13454
4504
4486
6203
4486
12548
11737
6190
11737
8313
7475
9035
7475
169
130
565
130
9856
9834
517
320
10103
11602
4009
11602
3966
11602
3980
11602
9122
11602
3955
11602
6701
11602
3711
11602
9591
11602
2752
11602
3849
11602
9604
11602
3284
11602
11995
11602
10072
11602
3986
11602
9622
11602
3260
11602
7570
11602
9599
11602
9610
11602
9612
11602
9603
11602
7527
11602
10125
11602
7532
11602
8380
11602
3941
11602
6266
11602
3422
11602
13074
11602
11752
11602
3122
11602
9584
11602
3942
11602
10093
11602
3106
11602
8401
11602
3714
11602
4639
11602
3971
11602
3965
11602
10098
11602
6275
11602
2169
11602
11934
11602
9580
11602
10078
11602
3718
11602
9617
11602
6277
11602
9613
11602
8403
11602
3973
11602
9602
11602
9627
11602
9620
11602
8384
11602
7952
11602
3427
11602
3845
11602
11000
6488
10953
8145
11788
8145
13458
8145
3347
3742
11977
13678
7408
13678
12717
13678
13359
6262
6734
6262
5427
8756
1646
1647
5316
5279
5660
6647
394
438
505
544
1992
3364
9338
2464
11694
2464
10899
10277
9331
6305
12555
6173
8944
6173
668
342
535
342
388
342
14077
12191
11262
12191
12285
12191
5812
4712
1559
7134
10306
2312
5441
2312
10971
2312
13352
2312
6137
8882
11191
8882
2135
3412
4979
4966
734
723
736
723
11857
3770
4241
3770
3747
3274
6965
12032
13713
12032
9870
12032
1969
1985
1971
1985
13081
4561
7493
4561
8980
12715
2279
13418
966
913
924
913
11406
11838
1434
1432
825
1432
996
1432
6622
6614
9503
6614
6987
9441
5965
5908
13266
5908
5422
5908
10303
10911
9381
8670
4711
10713
4242
9088
10598
7505
9078
7505
7667
3574
12734
2505
3867
2505
6000
5440
3335
3776
6091
11115
7001
11115
6999
11115
14004
5107
11403
5107
3672
13736
6227
6661
6663
6661
9446
5017
4375
11005
12482
2205
11131
2205
5531
2205
6573
2205
10375
2205
12675
4514
9980
4514
1437
1370
3821
12219
2934
3793
4862
2021
3364
2021
13773
6968
3964
2925
3838
2925
3263
13113
9143
13113
8730
12650
9296
12650
965
1306
1341
1306
869
1306
1697
1703
7763
1703
4508
3882
10474
3882
3958
13003
3972
13003
6473
7740
7748
7740
3671
3805
5751
13206
5961
10924
13606
2193
11606
2193
11574
12964
3282
2282
7129
2282
4473
7834
11964
7834
1687
1695
13381
13268
12488
13268
1770
10145
1774
10145
5427
10894
9775
6845
9352
6845
7726
6845
3630
2493
4010
2493
6497
6466
7351
6466
4401
13823
10183
11972
10059
11972
10603
11972
2454
11972
2019
11972
10567
11972
11787
11972
12857
11972
2048
11972
9660
11972
2129
11972
7983
11972
8368
11972
9061
11972
7947
11972
7192
11972
10051
11972
2025
11972
9713
11972
10652
11972
13003
11972
2282
11972
2356
11972
9191
11972
2344
11972
10676
11972
8460
11972
7189
11972
7600
11972
2531
11972
10074
11972
12577
2582
13421
2582
562
769
3641
3124
2619
2621
10917
12618
2632
12891
2637
12891
8793
10837
2940
11909
8972
4468
11271
4468
8542
7927
4490
8944
11540
8944
4915
13573
4915
13573
9447
2184
12050
2184
9843
2184
6935
2184
9330
7706
13562
7706
10810
5839
4809
5839
11638
5839
2023
4282
2422
11453
1854
13584
4614
6257
6711
6257
4192
3456
3140
3456
8926
9475
3637
9475
1897
1902
4918
1902
1530
957
3623
2356
3779
2356
12291
9743
13633
2874
10721
2874
2875
2874
13623
2874
6481
5406
7003
12516
2665
7897
11857
9274
1397
1348
5803
13046
5333
13046
2450
3073
11197
11189
14102
11189
11747
13536
7022
6986
11468
14047
3704
14156
2514
11930
3717
11930
12002
8917
14040
6187
12550
6187
6040
13685
5522
10283
9823
10283
5491
10283
3378
11278
3116
13138
13196
13138
2934
3977
8237
12484
7403
12484
10846
9740
10423
13820
5593
13820
12583
13820
5525
13682
4487
12285
1844
11900
6459
8555
9214
9066
5311
9066
11562
9066
12988
2260
13065
2260
9908
13887
4829
11813
3183
2968
4006
2968
3303
10681
3330
10681
3232
5678
9050
5678
9285
13649
9735
13649
7166
12789
10523
3943
11913
3943
12007
5741
13449
5741
13559
5741
12634
10738
6338
6251
6319
6251
4743
11316
3184
14184
14077
9505
11262
9505
12285
9505
11089
13610
5532
13610
11098
13610
13550
2560
13438
2560
13363
2560
9757
8590
11688
3047
2136
3047
11568
5576
6130
5576
5619
5576
5075
4988
5495
4988
13781
4988
11569
4988
5032
12260
11023
12260
11960
12260
14183
7441
4807
13041
10845
13041
12660
3297
12366
3297
3598
2511
10952
2511
10948
2511
4347
2511
13652
2511
9303
8453
13371
8453
14072
5185
11426
5185
14047
5185
6532
11944
8528
7920
7246
7920
6003
8176
4210
2397
5843
2397
6989
11087
11942
7652
7239
7652
764
202
11862
8909
3078
13990
6089
2408
4238
4118
2015
7214
2015
6106
2211
3698
2211
13947
2211
11446
2211
5540
2211
4490
14030
11540
14030
12555
14030
14129
12390
12396
12390
3180
10584
10727
10584
13082
2931
2930
2931
7264
9242
3516
3948
14093
9959
6186
5160
11839
5160
10440
5160
1385
1061
11007
10933
8736
9339
5400
9339
8737
9339
7715
8084
1998
1991
1942
1991
13100
5746
9284
5746
6012
9403
4358
7296
8236
7823
11648
7823
5374
3290
5387
3290
12344
3290
3168
2963
8349
2963
3575
6236
6691
6236
6980
10353
9885
10353
6463
13377
6967
1799
5006
1799
10256
12935
4259
12935
12451
4783
10536
7865
3213
7865
9971
8972
4514
8972
2513
7587
2052
7587
3461
7587
10704
7587
5747
7587
9160
7587
8440
7587
10683
7587
10677
7587
2529
7587
12997
7587
8444
7587
8465
7587
6315
7587
8448
7587
9139
7587
8018
7587
3522
7587
8442
7587
11906
7587
9167
7587
12927
7587
10659
7587
9664
7587
5746
7587
10114
7587
9665
7587
3578
7587
10118
7587
3544
7587
2066
7587
3024
7587
7905
3590
2694
3590
2798
10856
3335
9667
12984
4067
4692
4067
2264
3709
12990
7446
10488
7446
7759
12355
11107
7326
8172
7326
6585
7326
13656
7326
5978
7326
1650
7793
3987
2816
3991
2816
1972
4932
13905
6628
5642
6628
2316
3252
12306
1387
3923
1387
12227
7271
12036
7271
9332
7271
13729
8813
10370
8813
8861
8813
11074
8813
5493
8813
10349
8813
5976
10950
12123
13949
6158
13949
13616
12066
10952
12066
10948
12066
13823
6496
8838
4352
13335
2198
12916
2198
609
349
11836
6598
5149
6598
13928
6598
9796
3679
10864
3679
9795
3679
2181
6387
13959
3552
10812
13324
12643
13324
10222
13324
1007
1498
13055
11590
14043
14013
10803
10782
4457
13910
11034
6526
13480
6526
8192
6526
4055
2498
12864
2498
2707
8316
11209
13985
1574
13985
9488
13985
7903
8278
9051
8278
1020
1053
970
1053
1525
1053
8892
11917
13609
11917
7420
8930
11241
8930
5639
8930
3177
4528
2844
9573
12245
12611
13651
12611
6616
12611
10261
4596
3702
4596
10487
820
8989
820
10418
10416
11207
10416
9439
11555
9920
8900
8981
4498
14156
4498
12387
4498
12432
4498
5209
4498
11701
13182
10422
13982
14100
13982
14039
13982
14145
9948
9955
9948
6207
9948
6643
9948
10710
4626
11935
4626
5293
4626
11290
7053
3090
7053
3386
2438
2486
5091
11756
3175
10084
3217
10084
9871
7339
8845
7339
8820
7339
6981
7339
6889
3339
2742
2750
2749
2750
13941
7403
7024
7403
7688
7165
5331
7165
7245
7165
12908
7165
8084
7165
10212
7165
12999
7165
7689
7165
7694
7165
12241
7165
8741
9296
9431
9823
6007
2439
9857
2439
13458
2439
5148
13978
897
1206
1212
1206
11270
6199
11267
6199
8716
7242
1747
7242
1728
7242
10794
8602
426
758
4693
7959
4696
7959
5271
7093
3816
7093
1271
905
903
905
1361
905
1363
905
929
1364
1368
1364
11035
4878
3397
4878
12584
4878
2804
3714
8793
10918
4308
9191
1920
9191
8881
5072
5969
5921
2625
6229
10775
7667
9714
7667
3780
5703
5268
5703
12828
5703
5058
9446
12060
9446
9449
9446
12290
9793
13479
9326
264
627
444
627
8713
6432
6729
7123
10131
9587
4086
9587
3468
9865
3483
9652
4160
9652
6596
12594
11160
12594
8891
12594
13860
6105
332
296
555
296
751
296
16
296
151
296
153
296
775
296
798
296
4264
3516
2936
3516
10910
6373
10911
6373
13566
6373
9288
5334
12156
5334
12762
6015
13789
6015
12763
6015
1899
4213
4236
6725
9310
6725
12723
6725
8917
5119
6509
5954
12157
5954
7422
9920
7738
10176
6093
5009
13887
5009
6584
5009
3865
1949
3408
1949
5437
8737
10926
3216
6499
3216
10308
3216
6457
6876
10778
1837
4186
1837
7345
1708
7763
1708
8365
2852
12031
2852
6825
6763
12713
6763
9494
12624
3370
12207
5823
12207
6783
12207
3489
12207
1988
12207
6348
12207
13164
12207
5758
12207
6339
12207
8042
12207
6893
8679
1024
1019
1120
1019
4176
10664
5787
10664
6752
6695
5858
3798
13177
7573
13213
7573
13872
5030
11126
5030
13926
5030
13788
5030
7814
5030
12469
5030
2801
4777
5893
10212
8433
2615
10673
2615
13596
2615
2613
2615
9187
4639
13284
4639
6399
4639
10980
2180
8790
2180
10313
2180
13272
2180
13436
2180
209
538
539
538
328
444
154
444
405
444
4371
4367
761
279
12051
1416
13111
1416
2481
12981
13782
5000
642
635
526
635
11147
5545
9115
7948
5739
7948
14124
1678
10985
1678
8798
1678
6519
1678
9302
2890
9741
2890
11430
2890
9255
2890
4729
2890
12098
2890
7978
5270
2047
5270
13024
5270
1975
5270
5740
5270
2116
5270
6291
5270
13059
5270
1910
5270
2259
5270
4024
5270
5730
5270
3432
5270
9126
5270
10654
5270
13328
5270
9677
5270
1786
5270
10163
5270
2550
5270
2081
5270
1993
5270
2469
5270
7981
5270
10113
5270
5742
5270
2498
5270
6290
5270
11735
5270
3904
5270
2162
5270
6346
5270
3169
9271
4185
9271
7707
9271
3775
9271
5342
9271
7267
9271
4764
9271
7699
9271
5815
9271
13448
9271
7270
9271
5823
9271
3489
9271
13254
9271
7708
9271
3699
9271
1988
9271
3198
9271
4770
9271
7276
9271
6842
9271
13185
9271
4205
9271
3316
9271
6398
9271
3301
9271
7256
9271
6405
9271
8637
9271
12085
9271
6848
9271
5350
9271
8645
9271
6392
9271
7273
9271
8647
9271
3773
9271
8628
9271
6844
9271
7275
9271
6410
9271
8643
9271
8606
9271
7277
9271
7262
9271
5819
9271
4218
9271
7274
9271
7706
9271
4775
9271
8613
9271
8625
9271
13125
9271
6856
9271
8634
9271
5816
9271
4943
2420
5454
2420
5452
2420
13357
2166
3429
2166
10572
9032
10054
9032
5893
13075
2757
2762
2758
2762
4766
3320
2139
6539
11953
3811
6871
3811
9264
3811
1696
1701
383
309
344
309
12043
14052
5179
14052
4527
14052
3547
1830
5464
1830
401
529
667
529
14019
11882
13868
11073
4882
12088
3057
1462
13891
13859
5611
13859
6391
3444
13427
3444
12139
14179
4088
2344
4084
2344
10609
11670
6172
14055
6174
14055
5520
8838
5056
8838
10357
8838
14154
6210
1983
3144
4858
3618
7431
12118
10457
12118
6441
8031
5715
13224
2682
13224
5490
12008
180
86
8938
11226
563
214
726
214
4656
6290
4640
6290
7298
6847
6419
6847
11847
6847
1512
1269
1370
1269
2535
10147
9925
11196
5513
5932
4728
4120
10792
4120
5353
4120
154
175
603
175
8509
6759
12457
8001
10720
8001
10235
5352
12105
11802
11160
11802
8891
11802
84
546
144
546
5386
6421
4251
8551
4261
8551
3735
9634
12676
1604
4012
7895
3757
7895
8252
11879
4477
11879
10915
6454
11757
5498
13874
5498
5574
5498
6904
13434
10207
13434
8569
13434
2619
10501
12122
12833
13359
12833
10608
12833
10090
12833
4021
12833
10613
12833
8375
12833
12967
12833
12900
12833
8916
9477
14181
9477
4444
9477
4142
1996
3143
1996
13390
7963
233
240
24
240
7292
6255
11401
6255
6175
5626
13759
5528
2747
10531
457
422
26
422
442
422
10121
12956
1541
1542
4663
7925
4698
7925
4659
7925
3781
7925
4679
7925
11932
7925
3562
7925
4682
7925
5304
7925
13257
7925
4689
7925
2914
7925
4667
7925
3238
7925
3631
7925
4049
7925
4697
7925
4676
7925
6334
7925
4695
7925
3840
7925
4681
7925
3486
7925
4702
7925
3560
7925
3268
7925
4691
7925
4700
7925
4709
7925
3231
7925
4686
7925
4693
7925
4675
7925
3270
7925
2120
7925
4677
7925
4696
7925
3485
7925
4701
7925
3257
7925
3235
7925
4708
7925
4673
7925
4687
7925
3321
7925
4660
7925
4685
7925
10635
7925
3195
7925
4703
7925
4678
7925
3112
7925
3003
7925
4658
7925
3247
7925
4684
7925
12906
7925
5302
7925
13413
7925
3256
7925
13322
7925
4688
7925
4666
7925
13172
7925
3173
7925
4705
7925
692
68
159
518
4857
10835
69
624
527
624
319
624
3920
184
7877
184
12767
184
12806
184
9504
5596
12312
12336
10335
12571
12006
12571
8188
12571
10119
3040
9683
3040
4857
8557
9945
12287
10439
12287
5793
6748
13332
6748
14176
14167
1429
1444
4889
1958
10286
1958
10932
1958
7329
1958
6020
1958
10891
1958
7314
10241
5943
10241
5950
10241
10958
10241
7068
5238
12962
12850
7492
12850
4648
3971
5909
13486
1816
10161
1815
10161
453
643
1765
1774
13491
6861
6495
2087
6520
2087
11011
2087
11009
2087
5459
2087
9828
2087
8928
8915
9528
6185
12005
6185
100
358
7765
13756
136
167
366
167
329
167
1570
13862
5089
3221
3019
10774
3019
5383
3019
9354
3019
97
462
861
1352
7213
9054
11675
9054
5298
9054
10610
9021
9084
9021
1586
11781
12639
11781
1628
11781
3157
5783
10767
5783
4738
13500
961
1010
1053
1010
12185
9111
3171
9111
6111
8870
10433
8870
13870
8870
7668
3027
3793
3027
5156
9507
4009
3503
6275
3503
7279
6814
11459
6814
10797
6814
11762
11638
11537
11536
3737
11371
3738
11371
11566
11371
12286
10114
8646
10114
9515
6160
11249
6160
8424
7483
10072
7483
1970
4139
3281
3923
4579
3923
2649
10004
8312
10004
6889
13277
1576
11347
2795
4928
2795
5440
2795
1878
4746
7710
3203
9277
3203
5821
3203
13556
8682
8724
8682
13794
6000
13733
6000
10556
13012
9607
13012
11583
11735
10661
11735
11729
12449
11764
12449
7524
7477
7913
7477
5229
9963
4737
8374
3673
8374
14027
12329
9372
5367
7759
5367
12559
13102
2604
2687
4275
2687
932
847
3227
4270
13497
3195
5833
3195
5831
3195
980
1375
7818
9895
3078
4545
7804
10369
1706
10369
10482
1619
1610
1619
1613
1619
1606
1619
1604
1619
1608
1619
1616
1619
1612
1619
1607
1619
11439
2803
4831
2803
1819
4186
5653
5639
13826
8764
6963
8764
4993
8764
11743
8764
13494
5777
11076
6030
5507
6030
5517
6030
9907
11144
7026
12299
7171
10637
8015
6720
6793
6720
10814
10779
2057
3495
6372
12818
11004
12691
3385
9925
12922
10702
1821
10702
13578
10702
12356
11510
12705
11510
8946
11510
4503
14021
12160
14021
1804
8469
1812
8469
10579
11392
2165
11392
4620
11392
10548
11392
6276
11392
10563
11392
2958
11392
8334
11392
10065
11392
3288
11392
2918
11392
4585
11392
5740
11392
2957
11392
2880
11392
9048
11392
10544
11392
3060
11392
2158
11392
7534
11392
5702
11392
3951
11392
4584
11392
10547
11392
7910
11392
8340
11392
2516
11392
9589
11392
10545
11392
13313
11392
2360
11392
8364
11392
2904
11392
2983
11392
10055
11392
6258
11392
7106
11392
7118
11392
3042
11392
2496
11392
13176
11392
9594
11392
10046
11392
6694
11392
10593
11392
7911
11392
6254
11392
3058
11392
8355
11392
2094
11392
13066
11392
10553
11392
8362
11392
10580
11392
2344
11392
10558
11392
3423
11392
2494
11392
10554
11392
7915
11392
3023
11392
6693
11392
6686
11392
13314
11392
3791
11392
8032
6307
1496
1454
1299
1454
1487
1454
294
326
368
326
12462
10275
9149
10031
8011
10031
3871
9094
3405
9094
3093
10474
12427
6645
14186
6645
9967
6645
2453
11422
9719
11422
2124
11422
3620
11422
2502
11422
7556
11422
2229
11422
8379
11422
11423
11422
10545
11422
10719
11422
3539
11422
2017
11422
10057
11422
10077
11422
6813
11422
10665
11422
3053
11422
3554
11422
13032
11422
2950
11422
11937
11422
2925
11422
2989
11422
8392
11422
7179
11422
3012
11422
7648
11422
8436
11422
3903
11422
1626
1627
12517
11342
11044
11342
11343
11342
1351
1049
1039
1049
12335
12744
3189
12744
13775
12744
9487
12744
8878
12133
12205
12133
13893
12133
11451
12273
6405
7634
8613
7634
6794
9124
2800
3722
5980
8147
2653
13179
9519
11239
1510
1281
1298
1281
5246
1037
2649
10001
10541
10001
2726
7507
3866
4703
13895
6072
6591
6072
6122
6072
1871
4921
2684
3959
12412
13700
2113
4075
1358
828
13749
11529
12334
12717
11243
12717
6183
12717
6606
12458
12364
10881
13348
10881
8348
7069
7530
7069
4390
11613
4521
12150
5850
8114
5850
8114
11305
5878
13839
11499
7382
13667
5545
13667
13700
13667
4863
8562
8653
8562
5609
9483
13932
9483
7405
9483
3692
8004
8652
8004
590
591
7499
11480
11913
11480
7762
8161
2942
2945
3783
2945
8681
2945
9830
2945
9918
13862
1640
7215
10504
2078
10504
12873
10504
3892
10504
6716
10504
2913
10504
7878
10504
7514
10504
7565
10504
9006
10504
9086
10504
2519
10504
9579
10504
9662
10504
3531
10504
10682
10504
8290
10504
2461
10504
10046
10504
12274
10504
7471
10504
10019
10504
7496
10504
3444
10504
7867
10504
5757
10504
6681
10504
7970
10504
10695
10504
7870
10504
2220
10504
3565
10504
13750
12310
11291
5213
4508
5213
12120
5213
10333
11007
6949
11007
8818
11007
11065
5015
13782
4334
6994
13865
11627
13865
6136
5105
3390
11117
11136
11117
11137
11117
10685
3004
3003
3004
2527
4097
11993
2138
7370
2138
13692
2138
2139
2138
13768
6009
6968
6009
11288
14158
6540
4954
5090
4954
13800
4954
644
51
214
51
212
51
5606
6119
9949
14069
12015
14069
2595
2596
7623
2596
4274
12542
3586
12542
13204
12542
4549
8989
12619
13556
1019
1273
4005
7519
7923
7519
6055
9867
3969
9585
3120
9585
12338
12094
12685
7593
1185
1173
1226
1173
1511
1173
5275
2989
4608
2989
7604
10656
12013
10656
6308
10656
12647
10656
6386
8392
3178
8392
7398
11172
2338
7665
1886
1917
1887
1917
5084
4908
1444
888
6435
11469
2132
8510
12052
12709
5979
5966
4146
1862
9716
1862
9508
8239
12762
12124
13849
12124
12552
7623
11696
5561
9937
5561
12041
5561
3643
9133
8512
9133
3719
10558
13214
10558
4708
8422
3247
8422
612
491
2706
2730
5738
8342
3571
8342
1788
7167
1782
7167
5385
2801
12217
2801
10972
2801
5941
2801
13285
12404
8126
12404
8677
12404
7134
6697
2217
3965
6970
10292
11518
5514
11518
5514
7506
9560
3110
9560
4595
9560
9034
9560
4577
9560
4597
9560
10520
9560
7086
9560
3809
9560
4613
9560
4609
9560
8320
9560
4617
9560
4615
9560
10515
9560
7486
9560
10517
9560
9040
9560
10537
9560
8318
9560
5255
9560
8324
9560
6712
9560
11579
9560
3803
9560
4656
9560
2742
9560
2749
9560
10540
9560
9037
9560
4640
9560
2649
9560
7525
9560
5752
9560
10524
9560
2782
9560
10551
9560
10536
9560
8322
9560
5276
9560
10541
9560
3213
9560
8312
9560
3470
9560
9041
9560
3253
9560
10569
9560
4607
9560
3118
9560
3107
9560
2621
9560
3290
9560
6255
9560
10531
9560
9054
9560
2827
9560
3797
9560
6285
9560
3104
9560
10516
9560
10542
9560
1779
1790
13587
8058
5575
12205
4035
12772
4095
12772
9397
8735
13672
8735
9453
8735
1533
1141
4322
11374
2123
2133
7771
2133
4945
2133
6552
11019
10373
11019
3292
1929
4298
1929
7789
10322
13731
10322
12152
6906
5936
6906
8745
6906
3382
10442
7445
7852
7809
11109
9035
7080
7906
7080
6789
6727
3237
6017
7819
6017
11173
6017
11388
6017
10219
10203
13283
12362
8049
12362
7014
6107
13716
6107
8874
11764
3768
4440
6170
4440
5142
4440
454
5
995
1181
1302
1181
11494
3156
9644
3156
4671
3156
1750
1752
1741
1752
8136
2737
7730
2737
7727
2737
2733
2737
1868
4293
2030
4826
12379
2808
5577
5547
6113
5547
4430
5547
2567
3657
7361
5486
5041
5486
2971
10549
1812
8480
1826
8480
13806
4365
6073
11100
727
701
708
701
5408
9768
9349
9768
10437
4443
9507
4443
9510
4443
3102
11989
4280
4796
4951
4323
6306
12811
5745
12811
7142
12811
9151
12811
9116
12811
7122
12811
6736
12811
7622
12811
8343
12811
7228
12811
9045
12811
8073
12811
7488
12811
1952
12811
6322
12811
12843
12811
9176
12811
12416
12811
5370
13170
9464
11130
11861
11130
1915
4202
13912
6044
6091
6044
6562
6044
7001
6044
11093
6044
12523
7786
12025
7786
13895
7786
6591
7786
6122
7786
3362
4775
4819
4775
4224
4775
1856
13581
5464
9378
11317
9216
3614
8529
8863
12574
13715
10380
7645
10128
7659
10128
9684
6319
7269
6319
6626
7022
12360
7022
2334
4279
7808
2324
5031
2324
6079
2324
7961
5712
9117
5712
7583
5712
10897
12700
1587
5173
3094
5173
6204
5173
5799
6798
1198
1133
11384
13831
2756
3424
11386
10098
11936
10098
8572
11562
6181
13967
5647
13967
14023
13967
11550
10770
11552
10770
11551
10770
10411
6992
13791
6992
9472
6992
1839
1850
12605
8613
7298
8613
6419
8613
6792
9150
10855
8499
4249
8499
8684
8499
4231
8499
12998
8499
10256
8499
5802
8499
1783
8499
5844
8499
10860
8499
7729
8499
4254
8499
9729
8499
1769
8499
1710
8499
6887
8499
1733
8499
10240
8499
6885
8499
3668
8499
7712
8499
5852
8499
5814
8499
6878
8499
4251
8499
10238
8499
1693
8499
4246
8499
8116
8499
12197
8499
4253
8499
8121
8499
6863
8499
4237
8499
5875
8499
4235
8499
10239
8499
4261
8499
3076
8499
10249
8499
10852
8499
12934
8499
5869
8499
5853
8499
8668
8499
12366
8499
3659
8499
10242
8499
4240
8499
8134
8499
12670
8499
8555
8499
8135
8499
4227
8499
10164
8499
1719
8499
10236
8499
1744
8499
13134
8499
1906
8499
6375
8499
5866
8499
8607
6828
1631
6828
12527
13077
12518
13077
9765
8049
9283
12730
14003
7412
6749
7152
3245
10058
4055
10058
8397
2951
3100
2951
10276
10246
6497
10246
7351
10246
3796
10864
2552
12824
3048
12824
9473
8879
6345
13083
5824
13083
11481
6676
7114
6676
11033
1953
13848
1953
8185
1953
8830
1953
13053
7560
3452
7560
3164
6943
12328
6578
812
107
11982
11085
10846
4032
6347
4032
1010
1004
12512
5187
4067
12794
8831
9852
2003
12357
3317
12357
13047
12357
1873
12357
12983
12357
13357
12357
3764
12357
13174
12357
1812
12357
11749
12357
3359
12357
3131
12357
3621
12357
13335
12357
12878
12357
13153
12357
3766
12357
13205
12357
3206
12357
12959
12357
13140
12357
1927
12357
3728
12357
3869
12357
3798
12357
11469
12357
1790
12357
1850
12357
3363
12357
1756
12357
13152
12357
13421
12357
12950
12357
13258
12357
9289
9665
9306
9665
11715
3508
1339
982
907
982
280
562
1626
9519
13345
7585
9287
7585
8609
7585
539
364
373
364
224
364
2419
4081
9022
7867
9039
7867
12537
8226
1574
8226
9499
8226
3284
9593
8401
9593
5374
12937
9764
12937
7950
9008
2730
9008
409
77
11024
10991
6009
10991
5488
5988
2855
4576
4698
9118
4675
9118
60
273
12049
11551
2421
4678
6532
8802
7784
1716
6944
1716
11608
3112
6943
3112
4978
3112
2802
3208
10415
8196
5080
8196
8876
8196
4139
9623
3224
9623
5838
4741
4767
4741
11082
11060
5062
11060
12249
11060
2752
3928
9613
3928
12352
14035
11479
14035
1531
1527
5371
8638
9331
8638
9393
4164
9770
4164
6432
4164
13270
4164
698
178
182
178
213
618
358
618
4798
2699
8664
2699
8130
2699
4225
2699
298
524
662
524
325
524
474
74
12681
12111
7677
7216
10434
11870
12238
11870
14008
11870
3614
3613
9424
8781
8841
8781
8840
8781
8848
8781
11936
12021
12504
12021
13088
6385
3774
8128
6159
13839
6634
13839
6469
6408
136
670
135
670
4977
11682
2201
13306
3283
10049
9075
10049
14120
14032
14058
14032
691
115
719
115
3812
9412
11651
8098
12128
8098
10950
13368
9809
13368
10260
13368
4761
8536
3664
8371
3313
8371
7353
6940
11022
6940
11659
6940
207
446
13894
7768
8822
7768
7354
7768
1897
1900
1895
1900
525
85
3886
12401
6907
6360
11379
6360
5434
6360
7811
4406
12709
4406
11490
4406
3535
11557
4591
11557
2760
3201
5219
14137
1934
5468
3091
10471
13861
12054
7026
12054
8773
9786
12692
9786
896
1169
1206
1169
6081
13781
8901
7378
9777
3501
10917
3501
13544
11915
3778
2307
5884
2307
5958
2307
6231
208
12073
208
12694
208
12615
208
10521
208
13359
5282
13359
5282
1831
4839
9361
12351
2029
3407
11631
2936
13720
2936
1444
1530
7421
12431
10365
5034
10322
10307
10322
10307
4947
4315
12589
9718
6393
9718
12590
9718
12588
9718
7162
6275
4273
6275
7163
6275
6722
6702
7261
6702
5462
1796
5977
1796
11463
9457
8162
2575
2537
2575
5430
2575
13534
2575
354
346
760
346
8064
5309
6801
5309
9235
5309
8542
5309
5775
5309
2099
3706
13392
6474
5947
6474
11366
6474
11669
11859
10354
11859
6549
11859
9390
5433
1393
1452
3485
10645
3173
10645
12433
6122
6157
6122
7387
11747
11967
11747
2227
2275
9769
2840
13824
2840
5050
2840
13752
2840
9807
12643
12644
12643
1762
1773
465
212
12622
12976
7716
12976
6834
12976
13366
13120
7684
13120
6133
6092
11180
6092
6613
6092
6110
6092
4319
7733
4319
7733
1445
1069
1041
1069
864
1069
8605
13010
13128
13010
8618
13010
14172
4537
5227
4537
10520
3924
9041
3924
13448
13253
8645
13253
1727
1747
10753
5762
13067
5762
9260
5762
13484
8625
10835
8625
524
622
430
622
334
182
23
182
496
182
724
182
749
182
95
182
734
182
814
182
157
182
24
182
204
182
756
182
786
182
776
182
440
424
369
424
429
424
393
424
8673
3204
6501
3204
1441
867
13303
6369
5501
3642
13732
3642
4364
3642
3530
8135
5906
8135
11786
8135
1693
9266
10242
9266
6934
7304
7332
7304
13768
9844
5761
8407
12929
8595
3817
8595
12174
8595
8653
8595
12460
8595
6847
8595
12943
8595
8617
8595
13413
7144
6247
7462
8284
7462
5899
5372
8509
6779
6907
7288
7310
7288
13531
7288
7316
8663
8671
11512
10854
11512
7281
11512
12970
11512
7728
11512
7039
6637
5351
3504
5347
3504
11855
10720
4248
10720
12710
12042
5946
13462
14160
14151
9977
14151
13569
11419
11944
11419
8802
11419
281
558
10707
7615
10838
7615
500
464
7691
9689
10852
9689
3854
2489
7943
2489
10220
3670
8104
3670
11656
3670
13583
6504
12706
6504
10329
6504
4648
2827
13146
7569
12942
7569
3102
3389
4304
11761
5998
9817
6968
9817
9844
9817
10270
9301
11369
9301
11823
13498
2710
7117
63
31
8907
7007
11737
7007
8909
7007
13563
2995
13568
2995
11559
2995
8772
2995
13600
2995
7337
13465
11003
13465
1984
3143
13571
2161
5935
2161
13603
2161
12137
2161
7744
9331
6862
4168
5547
9451
7034
6180
11582
5916
9383
5916
9814
5916
3765
5916
12310
5916
9910
11848
6604
11848
6141
11848
12270
14118
9979
14118
2986
9186
4204
10181
4220
10181
9748
5330
5016
5450
12571
13737
12542
12999
5423
3676
4328
3676
9800
3676
4638
4604
3721
4604
8717
4227
11609
4227
6605
5564
3870
2365
6709
2365
1905
7982
3701
7982
5813
8577
13465
8577
3167
3177
14104
3465
4718
5300
3096
12312
5667
12312
4524
12312
5349
9074
3365
9074
10793
9074
10827
11714
4774
11714
12664
11714
2450
13029
6491
7750
9450
6067
7377
6067
13856
6067
2809
2819
13545
2819
12679
1603
7396
12640
6116
12640
13847
12640
1041
1008
1107
1008
6989
11069
5902
6881
6869
4197
3601
4197
8801
1887
8185
1887
4379
1887
12327
12071
8877
12071
11434
12071
8873
12071
12736
12071
6571
12071
10470
1595
1660
10454
6215
10454
4961
13361
8069
10135
2569
10135
4976
13834
6022
6501
1108
1233
2417
3219
9765
7266
7326
11820
5668
7844
9312
9304
8832
8827
12372
13215
8129
13207
4358
10255
759
276
371
276
297
276
790
276
93
276
243
276
279
276
232
276
5354
3519
5358
3519
3250
8321
3998
8321
6417
9288
8810
8797
13521
8797
9416
8797
3575
13159
7529
13159
6554
6531
11757
12253
13874
12253
5574
12253
905
999
1898
1946
3468
1946
12514
8583
6408
8583
3392
9462
11621
9462
9465
9462
13389
13212
6399
13212
10241
6835
5416
5849
1429
1249
7649
3003
10842
3003
9700
3003
8666
4601
3822
12606
7235
12606
5337
12606
11959
8934
3041
1029
8853
4389
13882
4389
4391
4389
10064
11923
10587
11923
6283
11923
7510
11923
2145
10847
13472
7718
8711
7718
9815
10290
2700
2721
12421
2721
12958
3527
7568
8354
10088
8354
1315
1081
1341
1081
1223
1081
9605
7457
12978
7457
11792
7457
12972
7457
12307
7457
7882
7457
12234
10759
12761
3907
13326
3907
10610
2436
9611
2436
332
306
343
306
676
306
2110
3336
7363
11965
510
526
11855
9733
4248
9733
2212
4631
3196
5757
3650
5757
3121
3227
7395
3227
6593
3227
12497
12508
12443
12508
13202
12508
6759
12508
9124
12508
7593
12508
7609
12508
7590
12508
11938
12508
3833
11893
4331
5418
11223
10421
14168
10421
1028
1241
8777
13148
13579
13148
9987
9982
14186
9982
1522
1426
1521
1426
675
193
270
193
5897
4125
5905
4125
6923
8728
11025
8181
7941
5684
7936
5684
13190
10814
3351
6163
14046
8924
14046
6160
14046
2936
11460
6826
13036
3365
13036
4374
13593
3194
2451
4612
2451
13614
13537
12008
13537
1537
830
1139
902
1415
902
4965
2169
5999
2169
4853
2169
13641
4974
6548
4974
8190
4974
8193
4974
5019
4974
13693
4974
5011
1972
4987
1972
9864
1972
13685
1972
4236
9750
9310
9750
2791
2804
2806
2804
9802
8698
10471
11284
2203
3875
13208
6241
10064
6241
10228
3240
9276
3240
5368
3240
8579
9168
13425
9168
5388
5751
8125
5751
8471
5751
9090
9569
3656
9569
8742
1941
9817
1941
3259
1941
4429
7817
9920
7817
1579
7817
11730
13698
11306
7301
6937
7301
6025
7301
2455
10748
12780
810
11652
810
13925
6052
6115
6052
5108
6052
5101
6052
8595
11485
14145
14131
5661
14131
11276
14131
9538
14131
1445
1442
1236
1442
1418
1073
1087
884
2819
9615
8913
13886
6877
7689
397
391
10987
7331
3589
7331
9396
7331
4141
3428
3241
3428
7110
7451
8305
7451
4323
10861
10146
3540
6356
3540
11612
5858
2196
5858
13555
5858
5394
5858
3789
2328
12256
2328
11309
11308
5645
11308
11310
11308
13915
12478
264
299
192
299
345
299
11707
1396
7067
1396
1380
931
5643
12752
8082
9694
10197
9694
9262
9694
9065
11354
9052
11354
12869
11354
8344
11354
8020
11354
7533
11354
7524
11354
3961
11354
3969
11354
8348
11354
3561
11354
3937
11354
9103
11354
3697
11354
3137
11354
4573
11354
9136
11354
11511
11354
7528
11354
7912
11354
3232
11354
4614
11354
9050
11354
7530
11354
3795
11354
3120
11354
3945
11354
11465
11354
9081
11354
3251
11354
8397
11354
11493
11354
3220
11354
7907
11354
13414
11354
3996
11354
4599
11354
3100
11354
3999
11354
9053
11354
3935
11354
7516
11354
4589
11354
3957
11354
2764
11354
2896
11354
2853
11354
2313
11354
11458
11354
13150
11354
8336
11354
9088
11354
9066
11354
7117
11354
7913
11354
9042
11354
3944
11354
7115
11354
3956
11354
5265
11354
3940
11354
11399
11354
5868
5804
9934
8923
12202
13711
12469
13711
8693
8078
4602
11934
11365
11934
6710
11934
10091
11934
10097
11934
12859
11934
7127
11934
13990
6991
2990
9580
2622
3471
1434
1435
1068
1435
827
1435
13227
13051
3804
2371
12388
2371
9912
8893
9911
8893
1533
890
13380
9724
5638
14105
12146
14105
4517
14105
780
767
7491
7872
8350
7872
3354
8965
1622
7060
11856
4248
784
287
370
287
3657
6246
3571
6246
13104
6864
6483
13376
8150
13376
6484
13376
11116
9429
9437
9429
8860
9429
12315
5736
8754
9349
1571
9349
11198
7809
11592
7809
5110
7809
5095
11152
8067
10676
4121
10676
11699
11827
3662
11827
6051
8820
4375
10943
8086
9071
8571
9071
1711
9232
9245
9232
5309
3609
13643
9399
13643
9399
9311
3001
5868
3001
4810
3001
9543
7436
4510
7436
8979
7436
14015
5581
12378
5581
2541
11583
4776
10578
10824
10578
13504
2062
3862
2062
8076
12945
8560
12945
4647
3423
10279
2155
4294
2155
1036
1341
11322
11321
3985
7085
9106
7085
1536
901
12293
11797
6004
2323
11071
2323
5065
2323
11029
2323
13744
2323
8186
2323
4725
10164
1462
977
903
923
913
923
3155
2232
3798
2232
10353
10940
5190
5153
12725
8485
6474
13229
6099
9410
8813
4942
8930
7830
113
426
8135
4259
2264
13333
2654
8284
13888
10360
4900
12554
4865
12554
5960
12554
12167
12168
9508
9492
14103
9492
4085
2532
7590
2532
12085
13057
8606
13057
6653
1557
4277
4790
10252
4790
9772
4790
8695
4790
6499
6471
3651
2050
3143
2050
14117
9522
14188
9522
12086
8308
13312
8308
1348
1149
13803
7800
13803
7800
4735
3779
8582
8460
8516
8460
4838
7711
13937
13893
487
295
749
295
4935
2581
2556
2581
3600
2581
12200
11728
13980
11728
12181
11728
6486
2134
7723
2134
4878
2134
5398
2134
9235
7913
9246
7913
7927
7913
11300
10385
14182
10385
10921
3008
7337
3008
8735
3008
11003
3008
2121
13439
10175
12886
12955
12886
2016
12886
8535
12886
7215
12886
10183
12886
13035
12886
8547
12886
1925
12886
1730
12886
6364
12886
2056
12886
8065
12886
8543
12886
12726
12886
9238
12886
13025
12886
9211
12886
8502
12886
7653
12886
9240
12886
2126
12886
12888
12886
3615
12886
7669
12886
10171
12886
13119
12886
9228
12886
8534
12886
9696
12886
8515
12886
2017
12886
13228
12886
7641
12886
10163
12886
10159
12886
9691
12886
1924
12886
5784
12886
7219
12886
7650
12886
9241
12886
7656
12886
7661
12886
4721
12886
13046
12886
7652
12886
1949
12886
1837
12886
5783
12886
1862
12886
9694
12886
9232
12886
12945
12886
4131
12886
13329
12886
8546
12886
13260
12886
3071
12886
7670
12886
12164
12886
8522
12886
4470
11698
1967
4755
11975
12521
8747
9358
9481
10408
8921
10408
5634
10408
11187
10408
10419
10408
7830
10408
11616
5411
13194
5411
9788
2281
6433
2281
5864
2281
4803
2281
5871
2281
6191
9938
11505
9938
3514
12383
11583
12383
959
893
841
1333
9903
1935
11113
1935
7985
6292
13076
11407
3317
2359
11703
2359
7497
4556
7088
4556
3767
3881
3215
3881
3184
3881
3306
3881
1633
3881
1666
3881
3739
3881
1669
3881
1661
3881
3075
3881
1667
3881
12139
3881
1664
3881
1625
3881
1663
3881
3098
3881
1651
3881
1657
3881
1622
3881
3102
3881
1642
3881
14189
3881
1649
3881
1544
3881
1653
3881
12138
3881
1654
3881
3113
3881
3742
3881
1647
3881
1542
3881
1627
3881
3177
3881
3074
3881
1628
3881
1665
3881
1546
3881
3305
3881
3101
3881
1643
3881
1656
3881
1644
3881
14176
3881
1624
3881
5844
7232
6885
7232
11712
3459
13263
3459
12975
10697
3692
10697
6005
4971
5484
4971
7782
4971
11626
11625
7047
7429
7048
7429
4923
9809
5042
7349
4481
12377
12746
5699
7717
5699
6861
5699
7099
2650
13317
2650
1917
8512
6778
7109
10612
7109
1972
10727
6570
11080
8218
11080
12158
4163
7026
7019
6020
11663
13553
8164
3133
6322
13507
6322
10974
10906
4954
6442
10292
6442
6558
6442
5025
6442
6163
7399
6582
9436
5089
9436
3555
5729
8009
5729
10137
5729
11657
12767
2177
4658
1615
6203
1620
6203
5206
6203
11858
3614
9779
3614
2538
3614
13377
3614
13688
11595
12341
11595
4860
3148
7743
3148
10898
3148
13929
5023
9867
5023
11300
5225
11299
5225
4535
5225
1652
5225
1707
5225
12082
6656
1773
4131
4181
4131
7980
7580
5492
4884
11045
4884
6028
4884
11046
4884
12452
13097
10795
13097
11168
8859
13103
7694
10991
5424
13235
2445
11453
2445
11340
5344
11818
13511
2210
7172
5455
2110
5470
2110
2092
2110
11852
2110
3345
2723
10078
5640
6169
5640
6169
4393
9872
9521
14064
1548
14064
10449
14064
13865
4993
14142
5195
6648
5195
807
362
13222
3832
4105
3832
11654
13127
12440
13127
10179
13127
99
458
13888
11167
12445
11167
12411
11167
13931
11167
4433
11167
80
564
692
564
11145
5065
10626
5263
11792
5263
8779
8747
5975
8747
10310
8747
10876
7724
5090
6558
6657
1608
6523
5394
8878
11577
12205
11577
13893
11577
7347
10319
8846
11022
1827
4220
2517
6380
5895
6380
1696
10798
2688
2715
4749
5317
2216
13431
1693
9711
10239
9711
3161
4649
3660
4649
8514
4649
13541
4649
8506
4649
12985
4649
13336
4649
3130
4649
13200
4649
3696
4649
12874
4649
8603
4649
13079
4649
4107
4649
13000
4649
3039
4649
3520
4649
11716
4649
11924
4649
8504
4649
13299
4649
8549
4649
13478
4649
12761
4649
3643
4649
13309
4649
8516
4649
3216
4649
13434
4649
8512
4649
13370
4649
3159
4649
13196
4649
13435
4649
3864
4649
13428
4649
3753
4649
8600
4649
5841
5801
5815
13062
13254
13062
13960
9913
1768
1778
1777
1778
2992
7938
8528
12868
11922
12868
11279
4491
6388
6770
12479
5535
13799
5535
13850
5535
361
418
22
418
6980
10992
38
522
4968
1954
1889
1954
5445
1954
720
72
408
72
13825
7358
10902
10828
7750
8714
3954
12074
3948
12074
4794
5831
13951
7410
5624
7410
7029
7410
4336
8761
4940
9830
1599
1601
1600
1601
6295
7492
6067
6549
12758
7100
7134
7100
11651
13241
2903
9042
13814
2662
4190
2662
13728
2662
9768
2662
8059
8419
9203
8419
11282
12186
10467
12186
7132
7522
8396
7522
7159
7522
13765
8848
13602
13370
9261
13370
5964
9800
5964
9800
9642
5710
9642
7130
2526
6837
8103
5790
8649
5790
4204
5790
1816
5790
7265
5790
6857
5790
6391
5790
4196
5790
12883
5790
11926
5790
6413
5790
7259
5790
8621
5790
13427
5790
8642
5790
1780
5790
6397
5790
6394
5790
6831
5790
3762
5790
1822
5790
7704
5790
5351
5790
13396
5790
4778
5790
6407
5790
3708
5790
3135
5790
3740
5790
1912
5790
4188
5790
7715
5790
8640
5790
12827
5790
7713
5790
8115
5790
4206
5790
3624
5790
4194
5790
3759
5790
5347
5790
13584
5790
7271
5790
4213
5790
12542
5790
8638
5790
6835
5790
13439
5790
4220
5790
6837
5790
7254
5790
1815
5790
13090
5790
6404
5790
6401
5790
8111
5790
4193
5790
4215
5790
12353
5790
8106
5790
6843
5790
6840
5790
9382
12016
12027
12016
12441
12016
5995
8776
3817
7221
12518
7221
5143
8863
10393
8863
6624
8863
2845
12106
1879
1926
5128
13944
9936
13944
9945
13944
4902
13680
4906
13680
9632
3573
3819
3573
13526
8795
8629
3718
10655
8366
7586
8366
6857
8541
7715
8541
9959
6153
5322
9644
12374
10257
10273
10257
7121
7490
5504
8825
5504
8825
6803
10137
3694
10137
3818
10137
7621
10137
3188
10137
8486
10137
13451
10137
7642
10137
3693
10137
1905
10137
1788
10137
13091
10137
1683
10137
9202
10137
1766
10137
7660
10137
7211
10137
11599
10137
1694
10137
13287
10137
1782
10137
3205
10137
4147
10137
11708
10137
7655
10137
4178
10137
4140
10137
4818
10137
1849
10137
3411
10137
1689
10137
4138
10137
3472
10137
1805
10137
4180
10137
3701
10137
7643
10137
3799
10137
3153
10137
6802
10137
4155
10137
4162
10137
1735
10137
1947
10137
8060
10137
4137
10137
1717
10137
1825
10137
3202
10137
3456
10137
2486
10137
1701
10137
3501
10137
4145
10137
4736
10137
4151
10137
1712
10137
11948
10137
1759
10137
3277
10137
13189
10137
3265
10137
4167
10137
3851
10137
1743
10137
7313
13233
7728
13233
5270
5259
8094
5259
2443
3273
5972
5942
11691
5942
6350
13329
8567
13329
19
344
13946
4411
4330
6924
2110
3794
12414
12396
9969
12396
14133
12396
6266
12843
12859
12843
5763
5755
7327
3247
4880
3247
13556
3247
5569
11967
497
15
1698
1704
7763
1704
541
542
12425
12426
8556
2986
9807
2986
10966
2986
13608
2986
8768
2986
4821
2986
10520
7455
9054
7455
3687
12346
3453
12346
3390
3547
11136
3547
11137
3547
6981
3547
5052
11659
4877
6894
9360
10845
8660
7254
10834
7254
2902
4060
8661
13423
10258
13423
4233
13423
10905
9791
9811
9791
8144
9791
7850
10466
1607
10466
14119
14095
3988
6681
3103
6681
1634
1674
1673
1674
3684
13487
9790
10251
9347
10251
8725
10251
4709
7970
4687
7970
9065
2897
2896
2897
10020
12840
7871
12840
3438
12840
9997
12840
8293
12840
5679
12840
13139
12840
4562
12840
5689
12840
4569
12840
8338
12840
12890
12840
8302
12840
6673
12840
2477
12840
9006
12840
7089
12840
8276
12840
6225
12840
3931
12840
4558
12840
8291
12840
2717
12840
2452
12840
7467
12840
4588
12840
12130
12840
2433
12840
4563
12840
10010
12840
13135
12840
3526
12840
9010
12840
3053
12840
9003
12840
4567
12840
7865
12840
2750
12840
6290
12840
10004
12840
10001
12840
3924
12840
7455
12840
9557
12840
5671
12840
7075
12840
2784
12840
6260
12840
7473
12840
2783
12840
2638
12840
2828
12840
9610
5248
7255
6738
8623
6738
2410
2431
5880
4804
3357
14188
8656
3331
5356
3331
4338
3331
2413
4082
10170
3993
2417
4145
1818
1821
9491
13757
5631
13757
9923
13757
5480
13503
715
711
720
711
2462
2463
7781
10986
689
681
396
681
6157
11648
5638
14116
7040
14116
2822
4581
13477
3363
11646
3363
4140
7189
4137
7189
11242
8231
11834
8231
14065
8231
1464
1106
12197
2348
4822
2348
12896
6283
12896
6283
5756
3448
4017
3448
253
7
333
7
1373
1368
839
1368
4720
9617
8527
9617
5808
9617
2263
4736
8206
8201
9905
8201
2902
11487
4812
3159
9326
3159
2338
13276
9450
9889
11887
7815
12598
13420
4495
11546
14128
11546
1713
1719
14189
4535
9431
5491
2837
10488
2678
10488
7464
10488
13139
10488
2869
10488
2549
10488
12281
10488
6233
10488
3915
10488
2881
10488
7180
10488
8014
10488
2714
10488
7136
10488
13252
10488
10040
10488
7538
10488
6753
10488
7657
10488
2904
10488
13122
10488
3627
10488
9167
10488
7618
10488
2631
10488
3914
10488
9229
10488
8022
10488
7652
10488
3928
10488
6380
10488
9595
10488
11474
11473
13179
11473
12073
97
11868
97
14014
12222
8757
10262
10298
10262
4318
10262
6021
4831
13689
4831
4325
4831
10299
4831
10523
2787
2768
2787
1252
1153
13904
12303
13904
12303
11746
11745
7230
12439
12853
12439
7654
12439
2128
12439
8048
12439
2047
12439
10162
12439
1951
12439
7671
12439
8545
12439
8063
12439
2019
12439
10180
12439
7227
12439
3566
12439
2065
12439
10160
12439
2043
12439
3150
12439
4109
12439
8524
12439
4128
12439
3567
12439
11538
12439
3532
12439
3445
12439
12871
12439
2102
12439
8520
12439
8548
12439
2503
12439
2018
12439
8061
12439
2141
12439
5782
12439
12506
12439
2046
12439
10174
12439
2026
12439
7228
12439
7657
12439
12741
12439
7651
12439
3460
12439
3807
12439
8544
12439
2480
12439
1977
12439
12867
12439
6800
12439
10172
12439
10165
12439
3502
12439
3444
12439
10161
12439
3504
12439
10181
12439
8541
12439
7644
12439
2425
12439
8519
12439
7648
12439
2096
12439
13115
12439
1914
12439
2080
12439
4522
5220
6211
5220
10214
12192
11607
12192
11910
9254
12979
10647
1640
3074
6184
13901
7797
7791
2400
12806
6261
12806
2253
12806
6671
12806
12954
12806
5260
12806
3446
12806
13021
12806
2498
12806
7093
12806
2365
12806
12856
12806
9575
12806
13019
12806
13763
9455
10389
9455
9898
9455
11171
11134
13601
4801
13601
4801
1581
5649
7046
5649
2418
6277
6518
4317
13838
10305
13838
10305
12022
4710
3111
13270
12654
6635
5653
6635
8090
8388
5812
8388
6408
9221
13605
2920
2561
2920
4891
4005
4039
4005
7745
4005
9291
8597
8728
8405
686
150
98
150
7425
11249
7427
11249
14140
11249
8149
8137
2277
3622
12021
11952
7386
12143
2251
11620
6835
7644
7689
7644
6594
8204
5373
8627
11436
11332
4815
13341
9767
13341
6867
13341
6493
1727
1726
1727
868
1508
1092
1508
1513
1508
952
1508
13167
12734
693
449
5636
9490
8925
9490
2857
3944
6124
13854
9906
13854
2673
11503
4644
2494
3115
2494
5815
12898
3439
12898
822
105
12276
10661
12277
10661
8406
2939
3371
2939
1255
1161
2022
3123
2041
3123
6125
7005
12564
7005
13810
7005
12332
7005
12386
5658
6207
5658
6650
5658
4768
4729
2670
7115
6897
2194
12513
13666
11308
13666
7003
13666
10577
7889
9062
7889
9185
12928
9194
12928
9189
12928
12963
12928
8041
12928
5461
9815
7819
5556
5292
2847
9624
2847
3076
12140
11750
12140
8967
12280
13676
7617
10229
7617
8637
4699
8031
4699
10916
13608
8739
13608
13631
13608
1398
1350
2236
10968
12567
5971
5463
5971
3377
9970
9977
9970
12591
9970
9975
9970
14163
9970
9548
9970
1677
9970
8982
9970
3379
11258
1819
4195
11979
5993
1731
1740
1741
1740
9951
5169
7808
4394
8808
4263
8174
4263
698
198
172
198
13646
6065
11564
2873
9769
2873
10250
2873
4906
2873
13824
2873
13752
2873
1413
1529
2679
2696
2599
12532
13777
2092
5001
2092
8815
2092
9888
13703
11079
13703
6560
13703
4230
8575
6936
13557
10900
5884
13840
13818
3871
10614
4746
10614
8753
4225
4275
4225
5919
4225
4922
4225
3393
6023
7358
6023
7586
6713
3164
3171
11342
3171
13479
4344
13891
4424
10414
4424
12576
4424
8770
2183
4941
2183
922
985
1103
985
1410
985
5428
6911
11721
11388
8849
3128
12220
3128
10366
3128
6979
3128
5534
3128
10386
10373
6087
10373
11128
10373
7984
12765
9581
12765
3736
12765
6680
12765
7884
12765
9601
12765
8089
12765
10009
12765
2912
12765
4628
12765
3445
12765
8294
12765
2126
12765
10712
12765
7899
12765
2154
12765
6769
12765
7875
12765
6808
12765
2484
12765
7606
12765
7574
12765
13114
12765
12897
12765
3526
12765
7911
12765
7918
12765
9665
12765
5722
12765
10008
12765
4064
12765
8304
12765
13731
11597
832
1355
3912
12553
5180
5466
4916
11892
4916
7765
4916
4383
12693
5818
10725
5233
9979
12754
3867
13361
3867
10819
10763
10215
10763
9235
8332
9246
8332
7927
8332
2628
2630
2620
2630
3558
12375
558
204
2899
9143
11006
10876
12318
10876
12178
10876
4441
11627
11628
11627
7406
11204
13492
8620
3205
10695
4167
10695
7043
8249
12710
8249
7222
7609
5198
8952
8972
8952
7018
11405
6623
11405
6624
11405
1980
1999
9845
1999
4372
1999
6936
12723
7523
6664
7507
6664
577
775
9465
5067
10219
10199
8166
8745
1419
1344
9435
1690
11099
1690
5873
7672
11789
4300
763
756
64
756
769
756
9481
11165
11230
11165
13963
11165
7030
11165
8246
11165
7830
11165
4106
2878
12106
2878
8788
8156
7741
13125
10884
13125
8675
13125
12680
5197
10167
8473
6999
11093
5519
3325
13604
3325
11501
3325
13498
3325
11823
3325
14078
4450
14069
4450
13724
9902
8819
4330
1029
1261
9822
6918
4664
13163
3269
2188
3481
2188
6381
2425
8106
2425
469
647
442
647
12672
10229
11692
13601
12693
13601
11058
12269
12586
14028
11990
14028
13867
11123
1955
4151
13155
13095
12097
4564
1695
4564
14076
10432
3886
5227
1797
1815
5613
5604
3937
10539
3697
10539
882
1518
962
1518
883
1518
807
549
1877
4136
11866
9553
12817
9553
9208
9553
2920
3757
4407
5537
9459
5537
10396
5537
2623
2637
13849
13789
13867
5092
2327
12588
9537
8258
8261
8258
3384
1579
1651
1652
8363
12686
3784
12686
7527
7073
9613
7073
4735
5315
12297
6034
11542
13459
5130
5122
12012
10210
1384
1464
12117
4433
12231
4433
175
89
11576
11575
2420
4309
8531
7600
3204
7600
14173
6212
8272
6212
8269
6212
3880
6212
4384
13745
13848
4372
5310
9208
5317
9208
5773
9208
5711
10026
3979
10026
12712
8503
4268
3016
4265
3016
9387
9384
9387
9384
1770
8039
1758
8039
10502
9996
4575
9996
8280
9996
4377
4762
8806
4762
8781
4762
7237
7630
11510
13742
123
655
427
655
2209
13353
8233
13908
887
1253
8498
2964
13300
2964
13299
9140
13478
9140
11153
13966
13282
10156
13721
5974
6512
6933
13739
6933
13523
6933
5983
6933
9834
6933
12124
6933
12465
8967
12342
8967
1877
6353
1679
10236
1761
9672
1771
9672
7295
3998
2329
8659
5242
3052
8712
2377
6482
2377
6456
2377
13565
2377
3109
7902
4082
7902
8122
6856
10850
6856
3165
2134
4684
4312
2037
4291
2037
2679
3477
3196
2343
12606
2343
13529
11795
12331
11795
6064
11795
5027
11795
4872
4858
12982
7087
4579
7087
9195
3443
3706
3443
571
260
12985
12947
13299
12947
1849
7979
4137
7979
8610
9106
10802
9106
5352
9106
8070
2468
8052
2468
9930
11863
11869
13980
11777
13644
5022
13644
5580
3368
5579
3368
13957
3368
10284
11776
12251
11776
10285
11776
9052
9016
9053
9016
4750
9609
4732
9609
13088
4751
5790
11825
7445
1616
11471
4189
12348
6584
11367
11366
12067
11541
5053
11541
3274
11541
4401
5052
3496
3578
3611
3578
9771
12914
2099
3713
2022
2030
2000
2030
535
663
464
663
5492
2599
4369
2599
7357
2599
4920
13545
3549
13545
13737
13545
1926
9600
1883
9600
11881
11231
11249
11231
10732
13312
9693
13312
2309
4011
1784
8026
1789
8026
6423
8648
9754
8648
8687
8648
6351
7208
2565
13055
11942
8546
8088
8546
7861
1372
13
442
137
442
449
442
2251
3278
2793
13261
8771
6416
4973
6416
11817
6416
9224
8487
6824
8487
9077
10039
11952
10039
11220
7384
11200
7384
8231
7384
12980
7996
4818
7996
13587
13542
11973
9630
6598
11053
11090
11053
2960
13307
11213
11201
6163
11201
6326
13315
9186
13315
472
338
643
338
4727
10628
8078
10628
3155
2267
2266
2267
6171
5631
6175
5631
5106
13589
9457
13589
12129
13090
10843
13090
10840
13090
2159
10496
10503
10496
11882
4418
4650
7553
10350
6950
1840
4757
3305
12668
12607
12566
12717
12341
5842
6782
3091
3090
5316
10598
13438
2567
2562
2567
6492
2567
13363
2567
6151
5601
9906
10387
1889
4849
12000
12961
9753
12961
4811
12961
2644
10526
486
329
414
329
4260
3956
11918
3956
10825
3956
4886
5389
4886
5389
3879
10767
4301
10767
12951
3653
13244
3653
6758
3653
12873
3653
6335
3653
7601
3653
13043
3653
12162
3653
6323
3653
6775
3653
6746
3653
7607
3653
12842
3653
7998
3653
6751
3653
6736
3653
6344
3653
6317
3653
6755
3653
5299
3653
7610
3653
6753
3653
6773
3653
6359
3653
6320
3653
5767
3653
6747
3653
6342
3653
6756
3653
13145
3653
8005
3653
13032
3653
6743
3653
7598
3653
6786
3653
12207
3653
13253
3653
7615
3653
13062
3653
12898
3653
4699
3653
7613
3653
6346
3653
3626
3653
7595
3653
3000
9147
11428
2688
8435
2688
13591
2688
8438
2688
7594
2688
1984
6362
5907
8124
11624
11623
1876
1880
1860
1880
8056
5769
8058
5769
13542
5769
1654
9551
9327
12906
13129
12906
9329
12906
2185
8634
6919
2733
11312
2733
12645
2733
13154
13080
9438
12727
8201
12727
7754
4901
8766
4901
9825
4901
12885
11519
11520
11519
9478
10377
10804
8094
1740
8094
11641
11593
5110
11593
11690
6205
12408
6205
6797
6772
9187
3190
13284
3190
4805
3190
587
742
1908
6404
6482
5379
5124
11665
9496
11665
3698
12697
11445
12697
8783
4931
637
65
9
65
575
65
293
641
268
641
73
641
217
641
3964
7469
5708
7469
2114
2130
14017
6129
5329
5302
5836
5302
6912
13167
13557
13167
6911
13167
11748
11852
2281
6709
1865
1866
1850
1866
5557
11127
5564
11127
6112
11127
11437
13864
13901
13864
2340
4111
11047
7764
11484
7764
8817
7764
9990
5223
6558
5025
6558
5025
4747
13260
10192
13260
521
158
540
367
488
367
3357
1628
5867
5265
5396
5265
5084
5063
1060
1525
6140
5550
4425
5550
5615
6099
7818
6099
13918
6099
12145
6099
5529
5464
6039
5464
11110
5464
13966
5464
12057
12058
14138
5193
12715
5193
5539
4995
12371
4995
4290
8477
3676
8477
6987
11097
13716
7374
11499
7374
9927
9915
9944
9915
6367
7989
6357
7989
13308
12828
4070
12828
10657
12828
3515
12828
5284
12828
10690
12828
11916
12828
3199
12828
4644
12828
3255
12828
4072
12828
3115
12828
3872
12828
3846
12828
3689
12828
4652
12828
12701
12828
4091
12828
4090
12828
4074
12828
3715
12828
4647
12828
11497
12828
4664
12828
4078
12828
4073
12828
3236
12828
3340
12828
3848
12828
4077
12828
2058
12828
3276
12828
4092
12828
3719
12828
3690
12828
12920
12828
4069
12828
4088
12828
3476
12828
4084
12828
4096
12828
3811
12828
3495
12828
4075
12828
10656
12828
3156
12828
3208
12828
11714
12828
3219
12828
3240
12828
4060
12828
3278
12828
4089
12828
13240
12828
4063
12828
3212
12828
4068
12828
13214
12828
3271
12828
3223
12828
11028
3395
13795
13656
12038
13656
9458
13656
8492
6730
4625
7077
4154
1913
13429
1913
13355
2295
13371
2295
3378
1554
11056
6020
12259
6020
5055
6020
13050
12992
12322
12992
6925
11786
10610
10054
9621
10054
4627
10054
3372
10054
3842
10054
9089
10054
3569
10054
5724
10054
3283
10054
3492
10054
10607
10054
10622
10054
9110
10054
9607
10054
3847
10054
3168
10054
9068
10054
9108
10054
3282
10054
4633
10054
5287
10054
10586
10054
3105
10054
9101
10054
9115
10054
5739
10054
9100
10054
4629
10054
3361
10054
9611
10054
10627
10054
12793
10054
9618
10054
10634
10054
9095
10054
5286
10054
9614
10054
10617
10054
9075
10054
10630
10054
10600
10054
9077
10054
4626
10054
9074
10054
4631
10054
9615
10054
10598
10054
12031
10054
9098
10054
9084
10054
3248
10054
10650
10054
9625
10054
9078
10054
3823
4437
8912
4437
8911
4437
13597
5871
13597
5871
9932
13981
6131
6110
10901
10868
5536
11062
5738
6700
6299
6700
808
222
170
582
7506
9557
10537
9557
8048
12798
9616
12798
13035
12798
12946
12798
8025
12798
10092
12798
3370
12798
10000
12798
10030
12798
10544
12798
2424
12798
10498
12798
8994
12798
13231
12798
2811
12798
3025
12798
2474
12798
10033
12798
9014
12798
3126
12798
10679
12798
2681
12798
10638
12798
8285
12798
3297
12798
7920
12798
7477
12798
2328
12798
7455
12798
13315
12798
10118
12798
3895
12798
8550
9161
3412
9161
5077
5533
7392
5533
6104
6574
4349
12319
448
384
852
1267
968
1267
2329
4089
8727
13022
11644
13022
188
57
12972
7562
12972
7562
808
414
11382
13567
8344
9004
9042
9004
13173
9114
13346
9114
3209
3600
13777
5984
823
232
8714
9682
13351
12049
4851
12049
4315
12049
13220
6811
6464
6811
10882
6811
112
612
1766
7170
1782
7170
12199
11412
6439
11412
4659
10111
4676
10111
9877
9870
580
375
397
375
3714
10021
9620
10021
12658
4098
8095
4098
2003
4674
3144
4674
11993
2137
7370
2137
13692
2137
2139
2137
2130
3065
12531
3065
11962
8507
1749
1756
13265
3152
13153
3152
13535
3617
13535
3617
12482
4382
11091
4382
11092
4382
3844
4382
13821
4382
5387
9764
12344
9764
2377
3116
1347
1231
1368
1231
838
1231
9933
8925
14184
8925
1704
1712
4966
5842
13420
5842
826
1436
1498
1436
828
1436
3636
11051
5485
6937
9875
6048
5997
9374
9966
8963
1916
6357
1148
1284
1070
1284
1315
1284
1254
1190
979
840
5614
6136
10419
6136
7252
10752
6378
10752
7672
10752
7015
8895
11561
11560
4169
7551
5991
10945
6832
4036
11550
6794
5794
6794
11551
6794
919
1302
889
1302
1249
1302
13793
12578
5072
12578
11120
12578
8336
9001
11399
9001
3344
1665
3188
10124
1947
10124
8787
13196
5421
13196
5413
13196
824
53
4626
2303
4631
2303
10800
6824
134
593
169
593
3984
7083
3960
7083
11511
3403
1371
1201
5231
12676
10839
12943
12751
12943
6864
12943
9486
9469
10241
13152
13992
11585
11586
11585
12519
11585
6849
10094
3296
10094
7744
11867
9192
9031
8484
9031
8128
9031
3496
3629
9295
3629
3611
3629
5827
3629
4201
3629
9289
3629
12975
3629
8639
3629
3433
3629
13037
3629
12089
3629
1945
3629
13337
3629
4208
3629
13512
3629
4216
3629
9279
3629
8616
3629
8651
3629
3163
3629
9298
3629
3125
3629
8646
3629
13239
3629
13441
3629
8612
3629
3568
3629
3692
3629
13355
3629
9306
3629
9281
3629
4222
3629
3570
3629
5343
3629
3242
3629
9303
3629
4184
3629
3678
3629
2499
3629
13031
3629
9299
3629
8614
3629
13391
3629
8650
3629
9290
3629
4211
3629
4187
3629
3770
3629
11909
3629
4777
3629
12937
3629
13368
3629
9301
3629
13341
3629
3713
3629
13261
3629
13271
3629
13371
3629
4223
3629
8652
3629
13100
3629
8615
3629
9308
3629
9284
3629
445
126
133
126
7714
7682
8491
2932
11407
2932
4094
2932
4285
6431
12000
6351
7303
6351
7766
1957
8794
1957
3658
1957
5070
1957
11107
6059
6585
6059
8870
6059
5986
4904
7794
4904
13621
4904
10328
13767
9402
13767
5023
13767
9302
12098
9302
12098
10559
9562
7541
9562
6829
8483
1587
5155
4463
5155
869
1223
13746
11057
5509
11057
13785
11057
2959
13222
1943
6401
2101
2088
6019
2088
5459
2088
4465
12360
4072
10554
3208
10554
848
849
2509
8111
202
254
204
254
2456
12940
4603
12940
4538
11216
9574
7870
9031
7870
2514
4051
13298
4051
12851
4051
1894
4051
13424
4051
2423
4051
12223
4051
8501
4051
8598
4051
3409
4051
13195
4051
4066
4051
2583
4051
3291
4051
13326
4051
3805
4051
8510
4051
9216
4051
3116
4051
13432
4051
13219
4051
12918
4051
13238
4051
3717
4051
3127
4051
13288
13225
10980
12128
8790
12128
10313
12128
1766
8021
1759
8021
5979
13600
1307
1047
8603
8054
5660
11378
11981
3028
10106
3028
12475
10383
4398
10383
5226
12408
14162
12408
5284
7915
6308
7915
3742
9989
6307
10521
3424
10521
1011
1039
1269
1039
3516
13432
5199
5190
3824
5190
6204
5190
13718
5518
9942
5616
11964
5616
14049
5616
9190
2981
4673
2981
2113
10886
13859
12385
1033
1193
8884
11768
6101
11768
6587
11768
2101
2099
2075
2099
3289
13435
216
316
288
316
252
316
3670
7557
12914
7557
8685
4753
588
732
6176
6157
6165
6157
10240
9239
12282
9239
13174
7196
11933
7196
10540
3919
13854
6571
4883
6336
5414
6336
12250
10253
11915
10253
13006
12001
9447
9422
1059
1412
929
1412
917
1412
1537
1412
932
1412
974
1412
980
1412
928
1412
1042
1412
930
1412
1439
1412
1058
1412
975
1412
931
1412
979
1412
3605
9342
1545
1546
10409
11159
11162
11159
11161
11159
13863
7802
11822
7802
13832
7802
1307
1293
1496
933
1304
933
3202
10133
3277
10133
1843
6956
6884
6833
5475
5874
8771
5874
4973
5874
2830
12031
6477
8118
8888
8867
13833
8867
5076
8867
5096
8867
12219
8867
6926
1992
9833
1992
10965
1992
1942
1992
8654
8585
8646
8008
9308
8008
4881
7226
13875
12255
13251
2083
13374
2083
11526
13219
8665
13219
7032
9510
9888
9392
4392
9392
13875
9392
62
703
12671
12454
8170
12454
10986
12454
12399
14034
14080
14034
10761
3071
4181
3071
2246
3507
6337
2301
4020
2301
13184
12421
5060
5511
10382
5511
11109
5511
11427
4671
7172
10508
2696
10508
2231
10508
360
248
806
248
9721
11925
13431
11925
8875
3401
1561
12759
6667
12759
3690
3023
8001
3023
3743
12290
5014
4958
9739
8560
5477
11895
829
943
920
943
3151
7879
6296
7879
9705
12847
7244
12847
1931
12847
12946
12847
7234
12847
8561
12847
2104
12847
9710
12847
8591
12847
9712
12847
12931
12847
7250
12847
7673
12847
1910
12847
1950
12847
9247
12847
1930
12847
8091
12847
10188
12847
9256
12847
12902
12847
8077
12847
7241
12847
6809
12847
2025
12847
3254
12847
1851
12847
7236
12847
1863
12847
1974
12847
2020
12847
8080
12847
1997
12847
2021
12847
8562
12847
13077
12847
2062
12847
6380
12847
2034
12847
3746
12847
13073
12847
3243
12847
4209
12847
7379
3207
8854
3207
928
1323
830
1323
4996
4338
10731
10606
3327
10606
12158
9735
4244
9735
12682
11963
1737
1744
2646
3927
6232
1425
1572
9953
14104
9948
14104
1658
1659
14185
1659
2555
13271
944
941
5322
4105
11427
4105
1336
1301
845
1301
1333
1301
4750
8378
1903
8378
11899
493
3052
493
7368
11036
4510
14127
11293
14127
2825
2824
4916
2824
4439
13846
6141
13846
3711
12814
6297
12814
6145
9480
11201
9480
4867
13340
8081
13340
1396
1202
8861
8768
5493
8768
8245
6151
5636
6151
11231
6151
5113
11148
7002
11148
4434
11148
5795
7536
10147
7536
9866
1884
5068
1884
8843
1884
8834
1884
12516
7371
2747
9613
5319
10150
1573
9499
5744
9098
4651
9098
6544
4949
5474
4949
5467
4949
13786
4949
5013
4949
7852
10478
1616
10478
974
834
1001
1184
1330
1184
4789
11483
2645
3940
1252
1290
1486
1290
4849
4252
6125
5481
11140
5481
12354
5481
6082
5481
7209
12861
1874
12861
12912
12861
6774
12861
9177
12861
13108
12861
2549
12861
2007
12861
1975
12861
2049
12861
1923
12861
2032
12861
1928
12861
2082
12861
7205
12861
7207
12861
3541
12861
2505
12861
2582
12861
8480
12861
1866
12861
10717
12861
1394
1088
2423
9128
13238
9128
3887
7781
12453
7781
5518
7781
1172
951
869
951
963
951
11887
3174
12172
3174
7815
3174
11384
3174
7046
14086
13939
13900
1381
1331
7821
8216
6581
8216
5566
8216
13952
8216
5605
8216
7813
8216
1541
12512
9529
3778
2308
5946
2308
13331
12748
3132
12748
4014
6287
3517
6287
1915
3408
866
1395
1399
1395
1266
1395
10847
6850
381
300
213
300
311
300
9687
7638
9180
7179
8648
7179
9417
11010
6334
10643
3486
10643
2462
4591
5963
5435
4945
5435
4969
5435
4979
10976
8881
11120
1879
3726
13809
8852
7023
8852
6986
8852
6338
6744
13346
6273
7686
6273
1885
1918
1886
1918
11330
4313
13662
4313
5234
56
512
4313
7735
12023
11477
12438
11477
4447
11477
11319
3059
2275
3059
3230
2975
4027
2975
4106
9058
10723
9058
10328
12645
7346
12645
4350
12645
10270
4816
3863
13421
13054
12307
13054
12307
12279
6162
8243
6162
12168
6162
11124
9879
203
408
241
408
7422
11047
9802
11484
9802
8817
9802
1064
1167
6546
7342
426
378
4704
5692
7201
5692
8478
12720
2431
12720
13486
8133
13590
11634
13630
11634
9876
11634
1954
3224
2179
6818
4711
6691
8127
7239
9747
7239
10438
12147
1732
9196
1746
9196
5862
8623
3625
6299
3696
3904
8549
3904
714
482
3362
4182
4819
4182
4224
4182
12368
3524
10578
3524
12461
7510
14165
7392
12539
7392
10867
8665
5339
5722
8597
5722
7020
7012
5603
7012
6618
7012
8554
6329
13037
10118
13337
10118
10903
6449
1815
8519
6843
8519
7111
7102
13307
7102
12165
9226
5766
4093
11638
4093
9030
10008
9019
10008
12977
8593
6438
8593
12258
8593
2819
4045
3983
9049
5708
9049
9693
8412
3697
2592
3137
2592
2790
2807
4920
2807
13737
2807
6516
2807
13452
6542
13452
6542
9876
13469
12594
13469
5002
13469
2605
2738
2737
2738
10459
9536
8975
9536
8628
7613
5816
7613
8772
9371
1669
1671
4386
3658
12283
12114
5439
8150
8767
8150
7764
8150
10177
7499
7909
7499
2673
2683
12574
12004
128
164
71
164
386
164
11456
11507
6206
4456
4497
4456
7036
4456
8639
6310
5343
6310
8045
9638
12520
9781
12136
9781
8759
9781
12711
4160
1108
1540
2993
7529
9790
13069
9347
13069
8725
13069
5541
13681
12030
13681
5554
13681
297
271
254
271
13490
13363
2791
5780
5042
6027
5332
4642
8780
4642
8805
4642
13456
4642
12480
4642
10994
8786
12610
8786
10997
8786
13419
6717
4679
10640
3485
10640
8758
6458
6526
10312
5526
5494
11129
5494
5528
5494
11175
13956
5570
13956
11179
13956
11145
11029
10525
7480
8311
7480
7779
5997
11351
5997
8960
12161
13892
12161
13979
12161
5879
5370
7333
5370
5973
5370
9782
5370
5425
5370
13698
5370
1623
5544
5524
5544
5524
5419
4267
8174
4267
13894
10999
5665
14147
10477
14147
13973
8897
4305
3735
4891
3735
7745
3735
6412
6355
11359
5151
12284
5151
2656
2655
2609
2655
3019
13240
7792
6935
5458
3864
13544
3864
8749
8706
9369
8706
8744
8706
4232
13371
14152
14094
5203
14094
13726
13684
725
721
61
721
161
721
772
721
744
721
186
721
557
721
53
721
584
721
4408
12176
5201
12236
1662
12236
10461
12236
8964
12236
13210
7944
8529
7944
3227
11920
3347
8927
6974
13673
12799
11652
5252
11652
642
259
2
259
402
259
8099
3649
8102
3649
4163
3649
5981
6390
495
17
93
17
7005
11865
5127
11587
9666
2460
5762
2460
4715
3360
4453
11446
12391
11446
6158
11446
5399
11793
10262
11793
7540
11326
8079
11326
1925
11326
2929
11326
2380
11326
9070
11326
9658
11326
13068
11326
9048
11326
2149
11326
8333
11326
8465
11326
2006
11326
5772
11326
8425
11326
8337
11326
9646
11326
12858
11326
12130
11326
5701
11326
9661
11326
9199
11326
8357
11326
1997
11326
9102
11326
9585
11326
8342
11326
8371
11326
2037
11326
9590
11326
3543
11326
2080
11326
2279
13430
5210
4481
14121
4481
7519
5252
1835
5949
5587
8834
5584
8834
5570
8834
6587
8834
1165
1113
12246
9756
4992
12084
12427
7041
8258
7041
8254
7041
7772
10947
12148
10947
12707
11823
3398
11823
13620
11823
3184
11296
13834
13778
8629
13053
6343
2482
4052
2482
7660
8441
7643
8441
5858
4031
6351
7590
9434
4874
4946
4874
9432
4874
6063
4874
3382
5765
2010
4754
2010
9657
10088
8220
3293
14005
3293
9468
3293
11163
3293
5099
3293
1805
7182
4180
7182
4759
13510
3804
2393
13325
2393
13370
13319
3116
13319
8107
9670
10227
9670
11210
6611
8573
3978
11094
11055
9735
2634
11753
9882
5184
5157
11287
11271
8781
10914
12366
3754
548
142
4798
13549
8664
13549
2663
13549
8130
13549
7731
8066
6724
7555
11437
12526
10373
13582
8871
5958
5520
5958
101
25
3560
2967
3270
2967
11014
10961
7788
12598
7778
12598
11036
12598
12261
12387
10351
10341
13817
3556
5022
3556
11778
3556
10954
3556
2777
13413
5718
10566
3792
10566
4937
5338
5985
5338
13645
13585
7506
5671
7486
5671
3303
10668
5787
10668
8263
4511
1638
4511
13853
11090
2970
4063
1297
1121
1503
1121
4026
7917
4019
7917
13738
12496
5779
3256
10820
3256
9236
3256
3483
3048
2595
3048
3521
3048
8581
3048
4158
3048
8596
3048
8498
3048
2426
3048
12347
3048
4141
3048
13242
3048
3745
3048
13211
3048
2059
3048
11904
3048
6376
3048
5793
3048
8550
3048
13300
3048
4170
3048
8579
3048
12984
3048
8559
3048
8495
3048
12988
3048
13332
3048
2054
3048
12921
3048
13425
3048
6787
3048
13065
3048
4668
3048
3454
3048
13372
3048
3509
3048
8584
3048
8531
3048
6374
3048
6371
3048
4161
3048
3603
3048
3513
3048
3648
3048
3176
3048
6830
3048
7635
3048
8566
3048
3241
3048
8594
3048
5807
3048
3412
3048
12650
3048
13324
3048
7623
3048
3204
3048
8577
3048
2431
3048
3331
3048
6782
3048
4182
3048
4160
3048
6341
3048
4175
3048
6383
3048
370
330
257
330
13878
12628
6270
2812
8387
2812
12266
13636
4855
2034
4826
2034
5054
3474
10177
10723
9701
10723
11668
11667
11513
12695
3220
2374
5265
2374
1360
1356
1118
1356
1118
1356
1518
1356
6002
5456
13306
12876
8587
12876
11535
2856
10755
2856
4731
2856
2841
2856
10464
6207
4520
6207
14151
6207
6628
6624
12472
12763
12253
10375
4341
3108
10925
3108
5435
3108
5297
3212
6513
7756
5527
11339
3221
12725
3866
12725
14066
11403
14062
11403
1829
13578
11695
10693
11791
10693
11879
11242
12435
6594
12524
6594
13927
6594
12750
6594
6611
6594
12474
6594
8971
11959
4468
11959
1557
11959
8622
3512
1709
9145
1702
9145
7098
504
11392
504
11475
504
5688
504
12372
12373
2608
2610
2607
2610
5254
598
12770
598
11560
10765
6218
11095
1705
11095
8219
11095
4389
4370
5788
8475
12146
12432
3185
12432
1643
12432
12410
10269
5955
10269
6036
4997
2560
3691
5132
13828
13151
13123
2569
13123
5114
11163
7753
12229
11520
8274
5424
8743
11513
5267
4529
4524
800
786
1648
7423
5642
11413
5642
9787
4780
10264
4780
8853
4780
8695
4780
3211
5027
6125
5027
12354
5027
12709
5027
6082
5027
8666
13263
7240
13093
6816
13093
11154
11125
3810
2405
3839
2405
12630
4494
6836
13165
7040
9944
12146
9944
6472
12199
3295
3305
4874
2150
4919
8740
11305
13455
4313
13455
4416
12210
507
550
12776
9555
9718
9555
11363
5162
4499
14119
8973
14119
14166
14119
5202
14119
12980
11948
6559
13782
11576
5816
11939
5816
9315
5816
7642
10686
3153
10686
483
694
241
694
723
694
13590
13452
13630
13452
9876
13452
8806
11573
4363
11573
9848
11573
1989
10588
4029
10588
13292
10588
9958
4435
12141
4435
6153
4435
5617
5591
6156
5591
13951
5591
9501
5591
12521
5591
1645
3101
2536
4234
11658
13785
5341
5313
4148
2055
4139
2055
59
90
10515
7075
9040
7075
2746
2766
2763
2766
14174
12539
11362
12539
1946
1979
1999
1979
9500
9917
7829
9917
5827
2162
13441
2162
2340
4722
11794
8088
8167
8088
10777
8505
5556
13710
1277
959
9272
7670
3136
7670
4994
2564
2563
2564
11304
2564
10103
9590
3980
9590
5546
6981
4405
6981
5551
6981
10376
6981
13983
6981
2776
2780
166
236
131
236
228
236
9878
13749
13815
13749
9879
13749
3483
4692
2595
4692
3521
4692
8581
4692
4158
4692
8596
4692
2426
4692
12347
4692
4141
4692
13242
4692
3745
4692
13211
4692
12919
4692
2059
4692
11904
4692
6376
4692
5793
4692
8550
4692
13300
4692
4170
4692
8579
4692
11318
4692
8559
4692
2552
4692
12988
4692
13332
4692
13030
4692
2054
4692
13425
4692
13065
4692
3454
4692
13372
4692
3509
4692
8584
4692
8531
4692
6374
4692
6371
4692
4161
4692
3603
4692
3648
4692
3176
4692
6830
4692
13209
4692
8566
4692
3241
4692
8594
4692
12944
4692
6823
4692
5807
4692
3412
4692
12650
4692
13324
4692
3204
4692
8577
4692
2431
4692
3331
4692
8575
4692
4182
4692
4160
4692
4175
4692
6383
4692
12292
4692
4627
10066
3361
10066
1820
1833
11018
2264
2277
2264
4957
2264
13197
7882
13197
7882
11872
11743
5258
12305
10048
12305
10063
12305
10052
12305
8456
12305
10639
12305
5260
12305
2452
12305
10550
12305
7106
12305
7521
12305
12865
12305
9055
12305
6257
12305
10049
12305
5263
12305
7546
12305
1058
853
8132
10806
3310
13134
11297
11274
6878
7679
10234
7679
2526
12647
9806
7737
12470
11475
11741
11475
1544
4533
2178
10192
321
666
546
666
11017
10303
10325
10303
9840
10303
11722
10439
11775
12262
4845
12262
9896
9453
11414
9453
11155
9453
3733
9453
11156
9453
13930
9453
11198
5110
11198
5110
7289
3746
3817
3746
7082
1389
11508
1389
4323
4871
7294
10222
4948
5437
12428
5020
12429
5020
3384
9909
12489
12488
2567
4025
5207
14054
10800
10734
3078
9972
5990
8667
12878
2220
3206
2220
8616
3544
12964
3544
5167
6633
7038
6633
11119
8191
8835
8191
2630
5674
11880
4984
5015
4984
12026
4984
220
688
814
688
815
688
694
688
3393
2069
13825
2069
3264
2069
12453
2069
4397
2069
5518
2069
3305
1707
5844
1838
10249
1838
14092
8242
3853
7602
12125
7602
1224
1478
1492
1478
90
149
4495
8959
14128
8959
11228
12145
2902
3244
4094
3602
153
450
91
450
3625
3797
4079
8339
5753
8339
12900
2520
3635
2520
2860
8403
13415
7113
7714
7113
1538
861
13142
12968
8622
12968
14123
7838
1618
7838
12648
6650
6652
6650
12582
3886
3881
3886
4457
7003
13829
7003
13836
7003
11617
7003
3302
3103
6514
9316
10305
9316
9822
10280
4905
10280
10895
10280
5418
5931
4542
6219
4543
6219
13914
4379
12288
11505
8976
11505
11838
11505
3859
10928
13444
10928
4659
2239
4689
2239
816
796
11860
3772
8869
3772
11897
3772
7824
12661
12703
2894
7928
2894
796
774
5933
5901
13351
5901
12053
5901
3703
2539
3557
2539
4932
10898
8875
9813
8513
8032
12317
8032
3767
1677
4804
4769
13946
5099
12490
8948
603
604
10495
4550
777
498
9895
6063
4952
4265
4951
4265
6044
3741
6123
9900
9477
9900
5364
13360
3343
1643
12119
14018
14098
14018
2652
2661
4040
2661
2547
12614
561
771
12054
5995
13589
5995
1979
4193
13466
10532
7928
10532
818
402
8969
4464
12078
11740
9509
9930
4445
9930
2407
4302
8926
5129
13417
9278
13412
9278
4824
9278
8669
9278
4843
9278
11835
9278
3487
6715
13246
6715
5485
6025
1233
986
999
986
5362
4223
5365
4223
5363
4223
12448
3416
12736
3416
11521
3416
13854
3416
6946
8573
3815
8573
13383
8573
11010
8573
9363
2316
12395
2316
13677
2316
3556
2316
5280
3298
4636
3298
12375
3298
4221
8446
4217
8446
4607
8326
6255
8326
2187
8793
6887
2398
12466
2398
6008
6516
1787
10191
1772
10191
12233
2352
10284
2352
9355
2352
10933
2352
12251
2352
10285
2352
13876
12257
12713
8587
3077
4021
7972
4021
7972
1902
1906
6588
8865
2352
13325
4266
3452
6858
3452
5855
3452
11777
5904
5022
5904
9395
5904
10954
5904
6939
5904
13501
5904
13885
5059
5081
5059
2440
9084
12993
2784
2782
2784
6084
8823
7154
8296
10125
8296
9220
13322
9704
13322
6349
13322
2226
3973
11037
6891
12674
6891
11034
6891
8192
6891
13503
6891
8244
6618
11234
6618
12330
11834
11450
9602
9222
9602
10168
9602
5622
6155
9643
3947
13485
3947
8601
9679
1708
1724
1716
1724
3192
2586
10620
2586
10291
12466
9809
12466
1674
9737
12800
4616
4800
5753
10853
5753
4792
5753
6306
12845
9658
12845
2190
12845
7187
12845
9142
12845
2204
12845
9154
12845
9132
12845
2274
12845
2305
12845
9158
12845
7164
12845
2314
12845
10689
12845
9652
12845
7600
12845
2964
12845
12720
12845
5538
10346
13902
11897
14111
10426
10431
10426
3095
13709
6964
13742
6964
10355
6964
8380
3043
9602
3043
4927
8652
12410
8652
5417
8652
9701
7909
4706
2286
5303
2286
1612
4518
5381
10843
5648
6190
5093
10396
2181
11927
5151
8920
9759
9176
8679
9176
6189
13973
14018
13973
2544
11706
5881
4068
5847
3839
5706
7453
7090
7453
3621
2061
11469
2061
14018
13984
4615
6260
6712
6260
4285
3685
6442
3685
8216
5048
3083
14190
2600
2844
2843
2844
14092
5136
4625
7900
3266
2197
7318
2197
7831
13936
5141
13936
13449
5382
12747
5382
13537
5382
10975
12251
5381
10840
14120
3820
8948
3820
2671
3311
4016
7930
4052
7930
3287
2497
3978
2497
2252
4842
12152
6789
5936
6789
8745
6789
6420
7278
13409
2411
11435
2411
6003
2411
4980
2411
4376
2411
6468
7316
4627
2390
3842
2390
2656
2669
2665
2669
1019
1017
9707
6285
11549
3490
10718
3490
10152
3490
11031
9838
11031
9838
1379
1105
884
1105
2270
11441
12905
11441
3033
11441
10034
11441
2572
11441
12400
11441
7567
11441
8497
11441
3931
11441
7669
11441
2172
11441
2091
11441
7141
11441
2262
11441
10062
11441
8421
11441
13243
11441
2125
11441
2984
11441
6718
11441
13442
11441
12813
11441
7598
11441
3504
11441
6241
11441
2371
11441
2532
11441
12074
11441
2494
11441
10026
11441
6310
11441
13319
11441
558
778
8774
6484
14180
8271
4536
8271
13982
7813
2711
10032
3970
10032
10649
7138
6646
7046
6465
13296
2016
12986
2355
12986
2147
12986
2077
12986
2002
12986
2155
12986
3443
12986
2304
12986
6440
13447
7311
13447
3
788
10173
6269
7454
2633
3471
2633
3001
13428
1117
1205
1208
1205
1105
1205
881
1205
10309
9366
3518
7095
3103
7095
3077
9541
9692
7627
6491
8644
7313
7204
13520
7204
12033
11609
8732
11609
10290
11609
2755
9137
3251
2788
7907
2788
13565
9825
6873
7163
8601
12918
6191
7405
1360
906
528
713
715
713
1964
3753
5049
9863
5090
7388
7253
7125
13418
7125
6426
4719
13250
7597
8060
7597
5054
13780
8160
9776
4921
9795
13255
2394
7665
2394
3782
5705
11732
5705
1421
1422
11416
5272
5205
4461
14118
4461
3294
12754
13238
3596
13238
11928
13238
4509
5209
12150
5209
3499
4064
3415
4064
13970
4414
6607
4414
3828
4414
8941
4414
14036
4414
1256
1313
961
1392
6447
12664
5288
6723
1992
4215
8415
10624
11072
6013
9423
6013
5530
6013
10247
10207
13407
8791
9781
6375
7004
6103
354
683
789
683
274
683
71
683
9631
6693
4092
6693
4482
11672
6647
11672
11378
11672
2627
3916
6229
3916
5846
12156
9761
12156
13136
6765
13306
6765
7384
5540
10246
10594
7054
1549
6493
1728
8831
4327
8782
4327
8942
4447
5155
4447
1334
1486
944
1486
845
1486
607
144
8870
5978
4080
4586
9124
4586
11018
10981
5230
5744
7575
13719
13657
1776
4181
5714
3012
4622
3012
1074
1415
9893
5070
12791
280
10583
280
3310
4297
11896
5543
13203
2848
3170
2848
13608
4821
13608
4821
4763
4688
12211
5200
14110
5200
6197
12212
2556
3863
2537
3863
11309
13855
5159
13855
7690
12039
3922
12039
5642
11630
7288
8617
1808
1810
882
1321
1208
1321
1250
1321
2970
13508
8682
9201
63
530
10902
4854
12629
14159
10479
14159
7438
14159
6654
14159
1653
14159
14169
14159
8751
3831
8407
6686
12647
6686
7325
3700
5911
3700
4364
3700
459
310
479
310
20
310
11702
13566
3751
13073
13221
13073
14091
14059
11247
14059
5602
8889
7406
8889
8267
11600
12358
11600
3351
1656
2746
9231
8913
13852
13925
6588
6115
6588
5108
6588
4532
5177
5194
5177
2113
4132
5033
11075
11588
502
3052
502
7863
502
1853
4289
5912
5832
3473
12584
11166
10390
10406
10390
7859
1612
9535
8254
10836
11902
8138
11902
4282
11902
9921
13830
14083
5183
11546
5183
107
398
13239
8455
9303
8455
2421
3717
5723
2531
4592
2531
13876
6146
11995
2911
8403
2911
13167
13087
4642
2231
6486
4760
7723
4760
4878
4760
5398
4760
8847
11041
12545
6038
7793
6947
10218
13197
10213
13197
8113
13197
1755
1765
1764
1765
11106
10355
9497
7825
7362
9405
4007
12856
6272
12856
6860
3248
10157
3056
9668
3056
10378
10935
5497
5476
6430
8490
9370
2263
2248
2263
4903
2263
8002
3990
9818
3990
4942
3990
3787
7366
11123
7366
5092
7366
6574
7366
1824
1834
6044
1834
2801
7541
9726
9204
2547
9627
8215
7795
8876
7795
5550
7795
8690
12353
10844
12353
5372
12353
7639
3729
3478
3729
11115
3548
5512
11979
11081
11979
7376
11979
11066
11979
10374
11979
4381
11979
11887
9388
6134
8221
7824
8221
3587
7863
8317
7863
2678
7863
9000
7863
4557
7863
2585
7863
10052
7863
3620
7863
11320
7863
8289
7863
10034
7863
5672
7863
7096
7863
7887
7863
7885
7863
9998
7863
3989
7863
7869
7863
13112
7863
7470
7863
8994
7863
3925
7863
3432
7863
10006
7863
2916
7863
2729
7863
8356
7863
7452
7863
5253
7863
8283
7863
8277
7863
11894
7863
8275
7863
7071
7863
2515
7863
10003
7863
7471
7863
7864
7863
7078
7863
10005
7863
3457
7863
8351
7863
2751
7863
8299
7863
7475
7863
4561
7863
12850
7863
8342
7863
7080
7863
7451
7863
6246
7863
4556
7863
7889
7863
6700
7863
10008
7863
2531
7863
3447
7863
3528
7863
8301
7863
3404
7863
13767
4785
11656
13580
3090
1591
13195
12933
3127
12933
8539
9597
1926
9597
13642
7776
13671
2563
8867
2563
4637
3952
3124
3952
12393
6961
5031
6961
10367
6961
13995
13766
14025
13766
6601
13766
8945
13766
9897
13766
12526
13766
7011
8815
8885
8815
8899
8815
11742
8815
4576
2898
7510
2898
6411
6341
11577
6566
13896
11384
10382
11384
4417
11384
11192
11384
12077
11384
9893
13813
14089
11996
5162
11996
12853
12782
3329
12782
8367
12782
13011
12782
3891
12782
3288
12782
13116
12782
6703
12782
6751
12782
7862
12782
8314
12782
8091
12782
11509
12782
10510
12782
2879
12782
10507
12782
10100
12782
7864
12782
7466
12782
9113
12782
2849
12782
2937
12782
2582
12782
10004
12782
8546
12782
7996
12782
8008
12782
5692
12782
2633
12782
12924
12782
6222
12782
10042
12782
13985
13942
8226
13942
6799
7201
11405
13708
7132
7090
8396
7090
7159
7090
730
692
607
692
3665
2373
4086
2373
6886
12950
459
350
3110
6668
3253
6668
5591
3473
3678
2033
4223
2033
12011
13945
13993
13945
9350
7231
5506
12026
8269
11208
10381
13603
7386
13603
6068
13603
13347
9575
5269
9575
9904
5506
7817
5506
9295
2347
13355
2347
2264
4666
3814
3447
3322
3447
8270
11182
8269
11182
2926
12416
6276
12416
8443
12416
11320
12416
9063
12416
3034
12416
2577
12416
5726
12416
6321
12416
7133
12416
5784
12416
7241
12416
2951
12416
11925
12416
9049
12416
8935
13989
3267
10611
1814
10611
12976
10611
2536
4568
6215
8970
10458
8970
6654
7055
5135
5608
1848
1855
6005
1855
5484
1855
7782
1855
11088
11553
13410
11553
13645
11553
6978
6914
3689
13314
3236
13314
1785
10143
1774
10143
3072
2893
3993
2893
8960
5654
14020
5654
11420
9620
11438
9620
4306
9332
3211
11490
14063
14023
3169
6346
3301
6346
6426
6420
9249
12397
3825
10462
3825
8348
2982
11399
2982
8959
9952
12989
12894
4972
3104
2940
3997
5770
8016
14184
11221
11296
11221
12607
8106
9763
8106
5457
10964
9842
13544
11663
13544
8712
2378
7754
2378
6456
2378
6475
2378
5379
2378
9825
2378
5852
12924
8668
12924
14190
8979
1779
6843
10881
6396
5786
2038
4740
2038
7722
3478
6427
3478
11955
3478
1843
1869
10352
1869
5484
1869
11169
4398
9470
4398
1638
11455
8255
11455
14186
11455
8258
11455
11409
10516
4203
10516
11408
10516
12392
6082
1840
7659
6138
8902
3372
2467
5754
2467
10830
4175
7296
4175
10255
4175
7429
11254
8699
3367
11395
13701
7815
13701
3346
1644
4428
3128
4348
9326
9745
10629
12837
10082
12837
10502
12837
9632
12837
5714
12837
4575
12837
11486
12837
2703
12837
8279
12837
3262
12837
6247
12837
10565
12837
7491
12837
7908
12837
8995
12837
10589
12837
12538
12837
12151
12837
3663
12837
7523
12837
6678
12837
3194
12837
9567
12837
7119
12837
8350
12837
5697
12837
3819
12837
10626
12837
8306
12837
7065
12837
11919
12837
7502
12837
9570
12837
5686
12837
8998
12837
3929
12837
10562
12837
4612
12837
9574
12837
2434
12837
10546
12837
7504
12837
9097
12837
4622
12837
10519
12837
3677
12837
9159
12837
8280
12837
5721
12837
9573
12837
7507
12837
4601
12837
7457
12837
8284
12837
2715
12837
11487
12837
7077
12837
9031
12837
3507
12837
9026
12837
3646
12837
1888
1922
4677
7967
4688
7967
11188
9473
5116
9473
9808
5888
6479
5888
12384
5888
11755
5621
5172
5621
6180
5621
4119
10618
5315
10618
9842
10891
10038
3577
2743
3577
557
776
10935
10285
14044
14020
12551
14020
1739
1759
10306
13358
13301
10484
11699
10484
8309
10484
10559
10484
11498
10484
11323
10484
12368
10484
4600
10484
10523
10484
6660
10484
4623
10484
6224
10484
12570
10484
7903
10484
3662
10484
11400
10484
10486
10484
6220
10484
2456
10484
7099
10484
2641
10484
11361
10484
4624
10484
13105
10484
8345
10484
9588
10484
4603
10484
3514
10484
2632
10484
6659
10484
11474
10484
6682
10484
9022
10484
13317
10484
6689
10484
9637
10484
9051
10484
10085
10484
9036
10484
6221
10484
11650
10484
2768
10484
13304
10484
3861
10484
4596
10484
13179
10484
10549
10484
11583
10484
10578
10484
8308
10484
5699
10484
11503
10484
10661
10484
2637
10484
7499
10484
5674
10484
7541
10484
3119
10484
9039
10484
11913
10484
11733
10484
7893
10484
7485
10484
9478
13903
13945
6141
10796
8553
12169
11138
13992
11138
11586
11138
12070
11138
12519
11138
12452
12283
4250
12283
6889
3277
11414
11970
3733
11970
13930
11970
4909
9258
8749
9258
9369
9258
5591
13847
4546
14176
7357
11046
11057
13689
3431
13189
6977
13642
11387
13642
13710
13642
9409
4359
6402
2268
13422
2268
9100
7487
10630
7487
2794
2960
10757
2960
13494
2960
10206
8384
10835
8384
8557
8384
9009
8996
3186
8996
5976
10260
2309
4086
4343
4939
4953
4939
3741
4939
4316
11815
4046
7546
4044
7546
3669
3243
3334
3243
8098
10140
10192
10140
11655
8208
11655
8208
13396
7648
7254
7648
105
404
8468
9026
13206
9026
7580
9026
10885
6840
6448
6840
5857
6840
9746
5787
10216
5787
5832
5787
5098
13645
13695
13645
5117
13645
8858
12738
10393
12738
13730
12738
12737
12738
12319
2568
10945
2568
2564
2568
9209
12681
4129
12681
9666
12681
10157
12681
10726
12681
4672
12681
4106
12681
9678
12681
13006
12681
10716
12681
8030
12681
4114
12681
3162
12681
6365
12681
10139
12681
8489
12681
7194
12681
8037
12681
4661
12681
8035
12681
3328
12681
4124
12681
3843
12681
4103
12681
3197
12681
3634
12681
4101
12681
9683
12681
6785
12681
9686
12681
4690
12681
10138
12681
10144
12681
3226
12681
5771
12681
9681
12681
4099
12681
4130
12681
2093
12681
9210
12681
6326
12681
3810
12681
9667
12681
10147
12681
5762
12681
9186
12681
12106
12681
4111
12681
13222
12681
4105
12681
10723
12681
3691
12681
3839
12681
4132
12681
9181
12681
7663
12681
1576
9503
6412
10789
10083
3543
3029
3543
12862
602
4050
602
5211
14087
14127
14087
8573
3127
1962
5866
8418
5244
12941
5244
2107
5244
7901
5244
12960
5244
6687
5244
2191
5244
13027
5244
2204
5244
2018
5244
8328
5244
2035
5244
2490
5244
2382
5244
7987
5244
6327
5244
5253
5244
3542
5244
12872
5244
2593
5244
7933
5244
8355
5244
2493
5244
2931
5244
1862
5244
12947
5244
1913
5244
4674
5244
2083
5244
2301
5244
1838
5244
1976
5244
5510
5002
8887
5002
11539
5002
13647
5002
9457
5002
6048
5002
4749
5773
13558
13501
12581
11791
4980
11791
11206
5112
11206
5112
7172
6734
13771
5445
12989
10633
10770
5325
4764
3626
5819
3626
1331
1403
1395
1403
10198
9659
9272
9659
4747
9659
11942
9659
8082
9659
13416
9659
6350
9659
4146
9659
10778
9659
9252
9659
13560
9659
1692
9659
10766
9659
6807
9659
3136
9659
9250
9659
4171
9659
10197
9659
4212
9659
4156
9659
1711
9659
8076
9659
9716
9659
9268
9659
9731
9659
8567
9659
9245
9659
3865
9659
3710
9659
10200
9659
10787
9659
9269
9659
5803
9659
9723
9659
8097
9659
3647
9659
3154
9659
5333
9659
1718
9659
10761
9659
10204
9659
10201
9659
9715
9659
7702
9659
9262
9659
10791
9659
9257
9659
1729
9659
3157
9659
3315
9659
4186
9659
6385
9659
8098
9659
1773
9659
10759
9659
9208
9659
10767
9659
6811
9659
8560
9659
3408
9659
3726
9659
7239
9659
5338
9659
8088
9659
10192
9659
4181
9659
12991
9659
4305
4039
14113
3868
4500
3868
3344
9967
1860
1861
4343
1861
6956
1861
8320
7473
8322
7473
511
430
319
430
2687
9156
4896
5363
0
45
2
45
129
45
395
661
664
661
14
661
46
129
3859
8672
13444
8672
6940
8672
1506
1221
1310
1221
1190
1221
8173
12635
10995
12635
5994
12635
2840
2843
4780
2843
2603
4808
13838
4808
10305
4808
8168
4808
6411
5295
3241
5295
13199
7745
13532
6806
11321
6806
493
319
13603
12137
13603
12137
6468
12277
6900
7249
5866
7249
7287
8609
8306
2877
9573
2877
4891
7952
4039
7952
12579
8143
5401
11644
8513
7620
4486
6192
11266
6192
4983
7332
11263
6175
9513
6175
12377
6175
3555
6303
3153
6303
5501
2187
6971
2187
11027
2187
6011
2187
3765
2187
5498
2187
13611
6439
520
138
9024
10016
4608
10016
7658
10106
1461
1523
977
1523
4711
3119
4429
5079
9909
5079
11687
13744
6660
6222
6659
6222
2782
2783
10531
2783
11327
12713
13130
12713
5968
4896
10959
4896
10982
4896
3704
11889
1762
1771
7853
9546
1612
9546
3591
8140
10383
3758
13045
12911
3535
12911
13927
11617
11618
11617
1391
1411
1052
1411
10901
8630
10540
2638
10541
2638
2195
6532
9922
9487
2309
3974
6413
2096
3708
2096
11988
9039
8753
2692
9368
2692
12733
2692
3546
2692
12422
2692
9068
7503
9614
7503
5324
10715
3628
10715
11302
4707
5066
4926
5507
4926
9860
4926
5538
4926
5517
4926
36
37
2416
3140
3063
1213
13267
9648
9804
8600
8730
8600
9296
8600
5240
1585
761
752
6958
11003
6213
5217
5218
5217
4543
5217
5123
13957
6581
11113
9489
11113
5618
11113
7813
11113
5314
10650
2144
3044
11578
3044
3221
10219
2524
2525
11001
2525
11859
2525
4642
4632
9839
6928
13527
6928
3720
4320
6490
4320
5450
4320
6731
6280
7718
7258
11922
13005
8483
13005
1708
1723
1716
1723
2219
4020
11926
13115
7259
13115
4045
2905
3244
2905
816
798
13624
2225
2196
2225
11944
2225
1243
1305
1349
1305
11335
6898
6953
6945
6953
6945
4743
2755
4748
2755
5859
10794
6903
10794
13102
10794
69
33
5
33
524
33
9682
13085
3720
2251
7328
2251
7752
2251
9374
2251
14014
5141
12089
2066
4184
2066
13886
11872
8897
11872
13852
11872
7220
3635
6790
3635
7284
3635
6707
2551
3981
2551
4387
7354
12988
8457
4161
8457
4213
1914
6404
1914
7295
10824
11127
11083
8145
8718
6927
12078
10777
7934
11482
7934
2972
12246
7626
12864
9328
13258
6876
13258
3622
13258
1552
1553
6710
13060
3260
13060
8225
11436
8224
11436
8222
11436
41
567
572
567
11759
4787
3249
9595
3519
9595
12662
7583
3201
3440
7934
3440
6413
2080
3762
2080
4580
3528
8332
3528
11199
3749
5596
3749
5604
3749
13578
9663
7659
9663
11554
7321
9908
7797
6584
7797
4852
2340
2289
2340
4730
12991
4895
3908
7980
9625
5751
9625
6651
7051
4949
5359
11008
11809
7769
10937
2576
3228
6796
6752
7224
6752
6795
6752
12376
8266
4528
8266
7023
7827
7022
7827
12328
8844
13875
8844
5561
8844
6070
8844
11634
9407
7802
10357
13557
5939
481
382
733
382
320
382
2934
6383
800
773
6972
6521
5558
13832
2320
2319
4829
2319
4854
2319
4957
10186
10970
10186
10981
10186
255
478
4977
11800
3181
8331
3994
8331
539
224
3660
8451
10734
8451
5453
3419
1251
1067
859
1067
1309
1067
585
584
12491
14039
9335
8689
13699
8689
5885
8689
3815
3654
5002
3654
5420
4654
7941
2865
3992
2865
10282
6886
12613
6886
322
669
27
669
535
669
5188
14141
10221
13214
12562
11830
12405
8817
8313
8301
10529
8301
11570
2734
7090
2734
6162
13835
6514
8168
6416
7698
12666
10431
9981
10431
76
575
12
575
146
575
7366
10351
7328
5348
4991
5348
10244
5348
7752
5348
9847
5348
4950
5428
3663
10074
4601
10074
4521
7057
9548
7057
1571
4888
4367
4888
1570
4888
7354
4888
3313
4621
13374
4621
13195
3901
3805
3901
5104
12471
12210
12471
783
146
11841
2536
5043
2536
5402
2536
4649
3889
4051
3889
11927
3889
6618
11711
509
508
613
614
4954
13637
13597
13493
12032
13493
5871
13493
2705
3427
2990
9181
13959
10401
12454
7728
6594
5082
790
234
13826
6554
11743
6554
6333
11913
10576
11913
10575
11913
8819
2327
5880
2327
4878
5398
2718
9577
2709
9577
6544
2236
5474
2236
13675
2236
13628
2236
6030
2236
971
869
795
412
4957
5926
10970
5926
10981
5926
6551
2289
2324
2289
12110
5707
7633
5707
4353
9321
9038
8288
9027
8288
7685
8288
2134
7663
9269
12164
10201
12164
1201
1188
11619
9797
1210
838
837
838
3980
12558
8401
12558
13569
13464
11944
13464
8802
13464
2959
11399
11601
3836
11600
3836
1417
873
1441
1084
13335
10709
3363
10709
3773
7595
8625
7595
3328
9583
4130
9583
7184
7127
6333
8462
7624
8462
13714
9827
3434
8304
3997
8304
12127
7407
3833
2710
2686
2710
457
191
323
191
25
191
484
191
9801
5896
11418
13172
10780
13172
10782
13172
7428
11232
1745
9135
1736
9135
4623
2589
4596
2589
12446
12656
7700
7625
3831
7625
5716
7097
3947
7097
11430
11429
11195
11349
4436
11349
503
393
12509
10362
8772
8733
1727
1748
8886
12203
2069
3265
6365
6767
13217
13109
13308
3791
3271
3791
11831
13019
4007
13019
11566
11724
11547
12442
13183
12442
9322
12442
13592
12322
6182
9934
7419
9934
13134
10772
8618
3565
3479
3565
13587
11580
4963
6377
6503
6377
1194
1102
12234
10205
1840
4217
7367
11694
12753
11694
3595
11694
5481
11694
6917
9354
2419
5320
6414
12292
9750
12292
4428
10404
6032
13911
8199
13911
8201
13911
7048
5632
6179
5632
3802
1909
4918
1909
5774
11938
4377
4363
8710
13130
10869
13130
194
252
776
252
5805
9698
10274
10811
1140
881
880
881
12995
2828
2827
2828
5588
11170
6127
11170
4207
5808
2140
4295
4346
4295
12645
11358
1007
997
7338
8750
10942
8750
3209
8750
9377
8750
8101
8074
5822
8074
11605
13100
3369
13100
8663
13100
6605
6112
11932
7577
13172
7577
14101
12549
12236
12549
4519
8982
4517
8982
11511
2666
11465
2666
13597
4773
6433
4773
5864
4773
4803
4773
6429
4773
5871
4773
10417
6002
6128
6002
11464
6002
13766
6002
1568
4244
8694
4244
6506
4866
13480
4866
13665
4866
13330
2475
3073
2475
5045
13693
4875
4167
3695
9728
3339
9728
3638
3375
10166
3375
11336
3375
4362
4325
3174
4325
11359
4445
12284
4445
12760
10730
7804
11077
11143
11077
11114
11077
9020
3404
11053
8186
11440
11522
14094
5175
10735
2304
3147
2304
11771
6079
6609
6079
9379
6868
2308
3178
4672
12770
9686
12770
9628
12770
12111
12770
12744
11410
12586
14031
11990
14031
10247
8569
1440
1247
12509
13598
8997
7062
7072
7062
11647
10700
4122
2115
5324
2115
3054
1027
4316
11492
10199
10168
5361
3851
10829
8615
11526
8615
8665
8615
5917
2680
2663
2680
8801
1888
4985
1888
6745
10574
11394
12380
9941
12380
5874
5821
5703
5688
7327
8724
4880
8724
3030
12779
7926
12779
3455
12779
8486
12779
3510
12779
8543
12779
12340
12779
13198
12779
5672
12779
7932
12779
9162
12779
5236
12779
13157
12779
8444
12779
12024
12779
13038
12779
6223
12779
4611
12779
3467
12779
5767
12779
7205
12779
9134
12779
7611
12779
7219
12779
4034
12779
13274
12779
8019
12779
6254
12779
4552
12779
3574
12779
3527
12779
3423
12779
10164
12779
8485
12779
2463
12779
3912
12779
9553
12779
6717
12779
11431
7747
2825
2823
4916
2823
3694
10691
4162
10691
10859
10818
10480
4543
1603
4543
10169
5297
10757
5297
2598
5297
5777
5297
13392
12637
5947
12637
13958
9893
9946
9893
6115
9893
14011
9893
11254
9893
5561
6070
5561
6070
6556
10299
4868
13144
12460
13144
5234
9965
2415
11733
1503
1147
1309
1147
1149
1147
12223
3895
2583
3895
1740
4200
8273
1376
5581
12369
6508
13611
9926
9923
9736
3646
5835
3646
11819
3646
4314
8694
12237
5447
13648
5447
3672
5447
5357
5327
1303
1093
938
1093
5230
7859
5080
11102
11798
4230
13377
4230
2539
4230
12693
11012
1635
8580
9737
8580
4739
3147
10186
3147
12596
10329
8914
5586
5601
5586
5018
4978
7434
10449
6652
6643
10195
7120
9896
6976
11155
6976
11156
6976
4414
11462
4118
8399
4127
8399
2922
3173
5584
11179
1055
1123
1022
1123
1502
1123
1131
1123
12655
7010
4867
10273
9984
11288
9982
11288
1644
11288
7640
9164
6357
9164
3518
7512
3954
7512
5165
6177
11664
6177
8575
10744
1803
8429
1789
8429
12569
12474
12076
8349
3492
2871
9046
2871
1861
1883
4917
3702
4324
3702
1791
1792
1765
1792
13187
10071
4547
8232
6144
12275
7394
12135
4410
12135
8890
12135
13705
12135
4423
12135
6996
12135
8726
12702
13812
11304
12204
11304
3366
13821
11745
9820
7749
5854
7858
1607
13193
5719
10819
5719
10215
5719
5834
12881
11636
12881
7197
6312
5759
6312
5334
6312
3345
10458
13612
5461
13696
5461
13687
5461
12134
5461
8852
5461
5152
7029
4881
4272
4164
4705
1948
10717
1922
10717
1932
3259
5998
3259
13773
3259
9844
3259
4022
2084
4054
2084
6197
6640
11983
6640
4747
8522
9250
8522
3306
7848
2991
9308
7780
1777
11061
1777
11049
1777
7798
1777
6844
8042
8593
8042
10437
9485
9507
9485
9510
9485
1550
7419
12080
7419
5533
11615
9794
9284
11706
9284
9493
3672
12323
3672
11135
3672
4335
3559
4335
3559
4781
8492
1312
1101
1494
1101
11391
11569
5744
8410
9838
7761
11238
13898
8223
6999
6096
13869
13663
2245
12740
2245
11026
2245
13666
2245
8819
10542
13354
7714
13407
7714
10964
7714
8155
11750
2759
2761
2758
2761
1335
1131
3074
14178
4013
8358
4000
8358
8598
13117
1737
1743
8729
3641
4830
3641
5911
3641
9778
3641
1622
4540
11664
8938
8940
8938
3039
13007
3520
13007
1032
979
11879
14065
9213
12504
12018
12504
11581
10310
9482
9460
2546
2545
2544
2545
1330
1090
999
1090
893
1090
4933
5414
5912
5414
4863
4209
3550
4209
7269
13338
13423
13338
94
256
543
256
8612
3024
11909
3024
1231
1288
1305
1288
6186
5103
11839
5103
10440
5103
4448
5103
12521
5103
9524
14062
9521
14062
8947
14062
5109
11982
12064
11982
13408
11982
6095
5013
5508
5013
9442
5013
1611
5215
4516
5215
4515
5215
4518
5215
11126
6508
5098
6508
13695
6508
5117
6508
13788
6508
12469
6508
8954
9512
8950
9512
8952
9512
746
228
4420
3332
11113
3332
4023
608
12587
608
2492
608
5729
608
6264
514
5737
514
8393
514
11803
514
4574
514
9081
2432
10095
2432
6376
8436
13372
8436
6056
2121
11039
2121
8833
2121
2225
8071
8564
3845
9547
11266
1611
11266
10456
11266
13879
7820
13994
7820
6615
7820
10599
11844
6281
11844
3806
11844
8394
11844
7142
11844
8367
11844
9105
11844
8398
11844
7916
11844
9070
11844
2500
11844
12969
11844
9596
11844
8379
11844
6721
11844
7932
11844
7561
11844
6279
11844
8391
11844
7565
11844
2129
11844
9619
11844
7567
11844
10101
11844
9091
11844
5709
11844
7922
11844
7538
11844
10621
11844
2170
11844
13034
11844
7919
11844
10616
11844
8402
11844
2403
11844
3435
11844
2081
11844
7945
11844
6284
11844
9606
11844
7937
11844
7124
11844
2488
11844
10597
11844
3191
11844
2063
11844
10585
11844
7137
11844
7933
11844
7918
11844
8390
11844
2283
11844
2357
11844
7920
11844
2015
11844
10584
11844
12868
11844
9600
11844
7944
11844
9597
11844
10618
11844
2304
11844
2115
11844
8399
11844
9429
8809
2672
2684
13626
2684
13393
2684
7168
2684
367
475
484
475
873
963
11846
6606
83
125
548
125
2971
4608
10655
10571
6713
10571
9428
10336
4043
6253
2769
6253
7822
5568
4681
7965
4678
7965
13769
8872
9891
1942
5061
1942
9451
1942
8865
1942
11317
12835
12224
12835
8582
12835
12436
12835
8054
12835
10734
12835
6447
9747
89
239
2245
10956
2864
7893
9156
7159
10079
12531
3705
12531
8295
12531
2362
12531
10680
12531
3566
12531
2442
12531
6775
12531
13110
12531
3936
12531
7515
12531
8055
12531
9007
12531
9085
12531
8292
12531
5704
12531
3149
12531
7474
12531
2283
12531
4721
12531
7475
12531
3943
12531
6763
12531
8321
12531
7915
12531
7102
12531
10640
12531
7480
12531
7917
12531
10686
12531
7075
12531
13144
12531
1623
1624
268
578
781
218
330
218
6095
9859
5508
9859
9442
9859
101
484
277
484
1398
1531
8775
10833
6931
10833
10945
10833
3381
2557
7923
3434
7923
3183
7923
2701
7923
6294
7923
4006
7923
3250
7923
4013
7923
4018
7923
7158
7923
5733
7923
3854
7923
4000
7923
2866
7923
4002
7923
13086
7923
2979
7923
3630
7923
3145
7923
2573
7923
2718
7923
4008
7923
7160
7923
4001
7923
6300
7923
7153
7923
2709
7923
3475
7923
4012
7923
7155
7923
7146
7923
4043
7923
4059
7923
4028
7923
7143
7923
3222
7923
4015
7923
3158
7923
3491
7923
4030
7923
3279
7923
4010
7923
3707
7923
4653
7923
12882
7923
4038
7923
3424
7923
7585
7923
2194
7923
3757
7923
3998
7923
4011
7923
3190
7923
3997
7923
4632
7923
3228
7923
2769
7923
12561
12501
2997
9078
10582
11718
10579
11718
10683
11718
5743
11718
2299
11718
4587
11718
12901
11718
6741
11718
7187
11718
10699
11718
2495
11718
5782
11718
7890
11718
7919
11718
9256
11718
13364
11718
7886
11718
7207
11718
7881
11718
2105
11718
8299
11718
5783
11718
9118
11718
8388
11718
4699
11718
7902
11718
7469
11718
7083
11718
9562
11718
12814
11718
6668
11718
10016
11718
5219
5666
7843
5666
10963
2481
11633
2481
12682
2481
13215
2481
3088
4506
13483
2859
4790
2859
10599
11457
2388
11457
6696
11457
10175
11457
1995
11457
10696
11457
10687
11457
2585
11457
13033
11457
6323
11457
2363
11457
2102
11457
10076
11457
3464
11457
7247
11457
8413
11457
2305
11457
8335
11457
12889
11457
2082
11457
5261
11457
9647
11457
13066
11457
2020
11457
8374
11457
9593
11457
7109
11457
10094
11457
2520
11457
8455
11457
2467
11457
2551
11457
12364
6478
2202
3271
8178
1970
4987
1970
6040
1970
1953
1970
14068
5146
8867
5038
3866
9714
5805
5760
12936
3785
7289
3785
4863
3785
12527
3785
3751
3785
2517
3785
3318
3785
13198
3785
3817
3785
13504
3785
12174
3785
12518
3785
13259
3785
1760
3785
10279
3785
4833
3785
13221
3785
13235
3785
3669
3785
8716
3785
8653
3785
3752
3785
3862
3785
4846
3785
3334
3785
8727
3785
4892
3785
4294
3785
1832
3785
12460
3785
3258
3785
3364
3785
11453
3785
3679
3785
3339
3785
6847
3785
4826
3785
4839
3785
1747
3785
10262
3785
8659
3785
10269
3785
1728
3785
37
162
6820
3571
13637
4832
3417
5289
6653
1558
11869
12181
12742
12241
6451
12241
8728
12241
5892
10850
4466
6183
13975
8913
11991
8913
11643
8913
6237
7460
7481
7460
12903
7460
2446
7460
7671
7460
3187
7460
6240
7460
2296
7460
12969
7460
2744
7460
8017
7460
5702
7460
6755
7460
2770
7460
13013
7460
6315
7460
2243
7460
3020
7460
2863
7460
2978
7460
12689
7460
6331
7460
3035
7460
2817
7460
2597
7460
8080
7460
4561
7460
11930
7460
2784
7460
2893
7460
2865
7460
2475
7460
7324
8711
168
117
320
117
13971
13937
13996
13937
5608
13937
5449
10287
1424
971
570
467
4975
8800
7805
11331
6037
11331
11332
11331
6512
11451
5983
11451
9834
11451
13425
3523
3603
3523
7326
7308
11903
9848
13605
4094
4339
3007
11536
3007
10322
3007
10307
3007
4308
1976
3141
1976
2747
2769
6819
5785
6815
5785
7257
5785
3685
3223
6936
7284
9757
13446
4814
13446
4492
7036
5475
11817
8709
9761
9448
8830
10365
8830
11301
5441
13297
12260
13297
12909
3903
13196
3903
10572
10042
10627
10042
2669
7485
4667
7148
5302
7148
3096
14171
11297
14171
3097
14171
5668
14171
9991
14171
10404
9419
4485
4476
12034
11689
8389
11689
10548
11689
8359
11689
9639
11689
9157
11689
9142
11689
13365
11689
9592
11689
12363
11689
2046
11689
1950
11689
1802
11689
12047
11689
10555
11689
2032
11689
7124
11689
3616
11689
3579
11689
9165
11689
13145
11689
9241
11689
2233
11689
9148
11689
10560
11689
10672
11689
8351
11689
9083
11689
1929
11689
10058
11689
