"DesignName","Gates","Edges","DesignPath","CellLib","FileType","Category","Time","Inputs","Outputs","NrDffs"
"a25_alu",677,1455,"./designFilesNangate/a25_alu.v","designFilesNangate","v","alu, arithmetic, add, sub",1462362555.45247,75,32,0
"a25_alu",1118,1953,"./designFilesOsu/a25_alu.v","designFilesOsu","v","alu, arithmetic, add, sub",1462378048.8665,75,32,"n.a."
"a25_alu_16bit",539,934,"./designFilesOsu/a25_alu_16bit.v","designFilesOsu","v","alu, arithmetic, add, sub",1462362556.8136,43,16,0
"a25_alu_16bit",328,702,"./designFilesNangate/a25_alu_16bit.v","designFilesNangate","v","alu, arithmetic, add, sub",1504541154.11962,43,16,0
"a25_multiply",1169,2625,"./designFilesNangate/a25_multiply.v","designFilesNangate","v","mult, arithmetic",1524751029.81613,69,34,"{}"
"a25_multiply",1668,3014,"./designFilesOsu/a25_multiply.v","designFilesOsu","v","mult, arithmetic",1462378048.8835,69,34,"n.a."
"ADC_interface_AXI",108,183,"./designFilesOsu/ADC_interface_AXI.v","designFilesOsu","v","adc, axi",1506006570.95451,118,37,0
"add_key",96,48,"./designFilesNangate/add_key.v","designFilesNangate","v","add, arithmetic",1462362555.46547,96,48,0
"adder",1397,1905,"./designFilesOsu/adder.v","designFilesOsu","v","add, arithmetic",1462362556.82359,256,129,"n.a."
"adder",1486,2335,"./designFilesNangate/adder.v","designFilesNangate","v","add, arithmetic",1462362555.47047,256,129,"n.a."
"adder_tree_node",195,291,"./designFilesOsu/adder_tree_node.v","designFilesOsu","v","add, arithmetic",1462362556.82759,33,17,"{}"
"Adder10bit",111,159,"./designFilesOsu/Adder10bit.v","designFilesOsu","v","add, arithmetic",1462362556.17954,21,11,"{}"
"Adder10bit",86,132,"./designFilesNangate/Adder10bit.v","designFilesNangate","v","add, arithmetic",1462362554.91943,21,11,"{}"
"Adder16bit",176,255,"./designFilesOsu/Adder16bit.v","designFilesOsu","v","add, arithmetic",1462362556.18354,32,16,"n.a."
"Adder16bitnoCin",177,258,"./designFilesOsu/Adder16bitnoCin.v","designFilesOsu","v","add, arithmetic",1462362556.18654,32,17,"{}"
"Adder1bit",17,25,"./designFilesOsu/Adder1bit.v","designFilesOsu","v","add, arithmetic",1462362556.19054,3,2,"{}"
"Adder1bit",10,12,"./designFilesNangate/Adder1bit.v","designFilesNangate","v","add, arithmetic",1462362554.92243,3,2,"n.a."
"Adder2bit",16,21,"./designFilesNangate/Adder2bit.v","designFilesNangate","v","add, arithmetic",1462362554.92642,5,3,"{}"
"Adder2bit",22,29,"./designFilesOsu/Adder2bit.v","designFilesOsu","v","add, arithmetic",1462362556.19355,5,3,"n.a."
"Adder32bit",309,495,"./designFilesNangate/Adder32bit.v","designFilesNangate","v","add, arithmetic",1462362554.92943,65,33,"{}"
"Adder32bit",431,630,"./designFilesOsu/Adder32bit.v","designFilesOsu","v","add, arithmetic",1462362556.19754,65,33,"{}"
"Adder32bitnoC",291,464,"./designFilesNangate/Adder32bitnoC.v","designFilesNangate","v","add, arithmetic",1462362554.94043,64,32,"{}"
"Adder32bitnoCin",291,470,"./designFilesNangate/Adder32bitnoCin.v","designFilesNangate","v","add, arithmetic",1524751030.23613,64,33,0
"Adder32bitnoCin",401,594,"./designFilesOsu/Adder32bitnoCin.v","designFilesOsu","v","add, arithmetic",1462362556.20154,64,33,"n.a."
"Adder3bit",21,26,"./designFilesOsu/Adder3bit.v","designFilesOsu","v","add, arithmetic",1462362556.20554,6,3,"{}"
"Adder3bit",17,20,"./designFilesNangate/Adder3bit.v","designFilesNangate","v","add, arithmetic",1462362554.94843,6,3,"n.a."
"Adder4bit",37,50,"./designFilesOsu/Adder4bit.v","designFilesOsu","v","add, arithmetic",1462362554.95143,9,5,0
"Adder4bit2",24,30,"./designFilesNangate/Adder4bit2.v","designFilesNangate","v","add, arithmetic",1462362554.95443,8,4,"{}"
"Adder4bit2",29,37,"./designFilesOsu/Adder4bit2.v","designFilesOsu","v","add, arithmetic",1462362556.21254,8,4,"{}"
"Adder4bitnoCin",30,44,"./designFilesNangate/Adder4bitnoCin.v","designFilesNangate","v","add, arithmetic",1462362554.95743,8,5,"{}"
"Adder4bitnoCin",35,47,"./designFilesOsu/Adder4bitnoCin.v","designFilesOsu","v","add, arithmetic",1462362556.21554,8,5,"{}"
"Adder5bit",32,44,"./designFilesNangate/Adder5bit.v","designFilesNangate","v","add, arithmetic",1524751030.24813,10,5,0
"Adder5bit",42,57,"./designFilesOsu/Adder5bit.v","designFilesOsu","v","add, arithmetic",1462362556.21855,10,5,"n.a."
"Adder6bit",39,54,"./designFilesNangate/Adder6bit.v","designFilesNangate","v","add, arithmetic",1462362554.96443,12,6,"{}"
"Adder6bit",50,68,"./designFilesOsu/Adder6bit.v","designFilesOsu","v","add, arithmetic",1462362556.22254,12,6,"n.a."
"Adder7bit",47,68,"./designFilesNangate/Adder7bit.v","designFilesNangate","v","add, arithmetic",1462362554.96743,14,7,"{}"
"Adder7bit",65,91,"./designFilesOsu/Adder7bit.v","designFilesOsu","v","add, arithmetic",1462362556.22654,14,7,"n.a."
"Adder8bit",73,102,"./designFilesOsu/Adder8bit.v","designFilesOsu","v","add, arithmetic",1462362556.22954,16,8,"{}"
"Adder8bit",57,83,"./designFilesNangate/Adder8bit.v","designFilesNangate","v","add, arithmetic",1462362554.97043,16,8,"{}"
"Adder8bit2",100,167,"./designFilesOsu/Adder8bit2.v","designFilesOsu","v","add, arithmetic",1462362556.23354,16,8,"{}"
"Adder8bitnoCin",68,104,"./designFilesNangate/Adder8bitnoCin.v","designFilesNangate","v","add, arithmetic",1462362554.97443,16,9,"n.a."
"Adder8bitnoCin",79,112,"./designFilesOsu/Adder8bitnoCin.v","designFilesOsu","v","add, arithmetic",1462362556.23655,16,9,"n.a."
"Adder9bit",76,115,"./designFilesNangate/Adder9bit.v","designFilesNangate","v","add, arithmetic",1524751030.25213,19,10,0
"Adder9bit",103,146,"./designFilesOsu/Adder9bit.v","designFilesOsu","v","add, arithmetic",1462362556.24054,19,10,"{}"
"addop",176,255,"./designFilesOsu/addop.v","designFilesOsu","v","add, arithmetic",1462362556.83059,32,16,"{}"
"addop",130,203,"./designFilesNangate/addop.v","designFilesNangate","v","add, arithmetic",1462362555.47447,32,16,"{}"
"addop_small",24,30,"./designFilesNangate/addop_small.v","designFilesNangate","v","add, arithmetic",1462362555.47748,8,4,"{}"
"addop_small",29,37,"./designFilesOsu/addop_small.v","designFilesOsu","v","add, arithmetic",1462362556.8336,8,4,"{}"
"addsub",39,55,"./designFilesNangate/addsub.v","designFilesNangate","v","add, sub, addsub arithmetic",1524751030.83613,9,5,0
"addsub_10bit",153,287,"./designFilesNangate/addsub_10bit.v","designFilesNangate","v","add, sub, addsub arithmetic",1524751029.79613,21,10,0
"addsub_11bit",174,331,"./designFilesNangate/addsub_11bit.v","designFilesNangate","v","add, sub, addsub arithmetic",1524751030.25213,23,11,0
"addsub_13bit",204,378,"./designFilesNangate/addsub_13bit.v","designFilesNangate","v","add, sub, addsub arithmetic",1524751029.79613,27,13,"{}"
"addsub_5bit",59,100,"./designFilesNangate/addsub_5bit.v","designFilesNangate","v","add, sub, addsub arithmetic",1524751030.85613,11,5,0
"addsub_6bit",87,161,"./designFilesNangate/addsub_6bit.v","designFilesNangate","v","add, sub, addsub arithmetic",1524751030.64813,13,6,0
"adrnd_key",128,96,"./designFilesNangate/adrnd_key.v","designFilesNangate","v","crypto, addroundkey",1462362555.53048,64,32,"{}"
"adrnd_key",192,224,"./designFilesOsu/adrnd_key.v","designFilesOsu","v","crypto, addroundkey",1462362556.8966,64,32,"n.a."
"aes_cipher_top",27848,55966,"./osu018/aes_cipher_top.v","osu018","v","aes, crypto, topfile",1478707329.1108,259,129,"n.a."
"aes_cipher_top",22246,58307,"./designFilesOsu/aes_cipher_top.v","designFilesOsu","v","aes, crypto,,  topfile",1506006570.41446,259,129,"{}"
"aes_inv_cipher_top",29565,74234,"./designFilesOsu/aes_inv_cipher_top.v","designFilesOsu","v","aes, crypto, ,  topfile",1462378081.4344,260,129,"{}"
"aes_inv_sbox",780,2110,"./designFilesOsu/aes_inv_sbox.v","designFilesOsu","v","aes, crypto,",1462378049.59756,8,8,"n.a."
"aes_key_expand_128",5217,12751,"./designFilesOsu/aes_key_expand_128.v","designFilesOsu","v","aes, crypto,",1462378049.56056,130,128,"n.a."
"aes_rcon",80,106,"./designFilesOsu/aes_rcon.v","designFilesOsu","v","aes, crypto,",1462378048.9315,2,32,"n.a."
"aes_sbox",860,2303,"./designFilesOsu/aes_sbox.v","designFilesOsu","v","aes, crypto,",1462378048.9275,8,8,"n.a."
"aes_sbox",1235,2404,"./osu018/aes_sbox.v","osu018","v","smallfile, sbox, crypto, aes",1478707329.19182,8,8,"n.a."
"aes_top_unrolled",9829,18652,"./designFilesOsu/aes_top_unrolled.bench","designFilesOsu","bench","aes, crypto, ,  topfile",1497275563.80695,195,32,"{}"
"aes_top_unrolled",5891,10902,"./osu018/aes_top_unrolled.v","osu018","v","aes, crypto, ,  topfile",1478707329.44284,195,32,"{}"
"aes_top_unrolled",9829,18652,"./designFilesOsu/aes_top_unrolled.v","designFilesOsu","v","aes, crypto, ,  topfile",1462362556.9196,195,32,"n.a."
"aes_top_unrolled",5265,10008,"./designFilesNangate/aes_top_unrolled.v","designFilesNangate","v","aes, crypto,,  topfile",1462362555.54548,195,32,"{}"
"aes_top_unrolled_old",5264,9948,"./designFilesNangate/aes_top_unrolled_old.v","designFilesNangate","v","aes, crypto, topfile",1524751029.79213,194,32,0
"aes_top_unrolled_old",9828,18570,"./designFilesOsu/aes_top_unrolled_old.v","designFilesOsu","v","aes, crypto,,  topfile",1462362556.94562,194,32,"n.a."
"alu",56,102,"./designFilesNangate/alu.v","designFilesNangate","v","alu, arithmetic, add, sub",1462362555.56448,37,4,"{}"
"ALU",2365,5540,"./designFilesNangate/ALU.v","designFilesNangate","v","alu, arithmetic, add, sub",1524751030.87613,111,36,0
"ALU",2667,5896,"./designFilesOsu/ALU.v","designFilesOsu","v","alu, arithmetic, add, sub",1506006570.51447,111,36,"{}"
"alu",65,98,"./designFilesOsu/alu.v","designFilesOsu","v","alu, arithmetic, add, sub",1462362556.94961,37,4,"n.a."
"alu_avr",317,629,"./designFilesNangate/alu_avr.v","designFilesNangate","v","alu, arithmetic, add, sub",1462362555.57848,45,14,"{}"
"alu_avr",383,761,"./designFilesOsu/alu_avr.v","designFilesOsu","v","alu, arithmetic, add, sub",1510315077.58552,45,14,"{}"
"alu_avr_adc",105,179,"./designFilesNangate/alu_avr_adc.v","designFilesNangate","v","alu, arithmetic, add, sub",1462362555.59849,45,9,"n.a."
"alu_avr_adc",87,127,"./designFilesOsu/alu_avr_adc.v","designFilesOsu","v","alu, arithmetic, add, sub",1462362557.00261,45,9,"n.a."
"alu_avr_adc2",82,115,"./designFilesNangate/alu_avr_adc2.v","designFilesNangate","v","add, arithmetic",1524751030.24013,45,9,0
"alu_avr_adc2",96,127,"./designFilesOsu/alu_avr_adc2.v","designFilesOsu","v","add, arithmetic",1462362557.00562,45,9,"n.a."
"alu_avr_add",92,152,"./designFilesNangate/alu_avr_add.v","designFilesNangate","v","add, arithmetic",1524751030.22813,45,8,0
"alu_avr_add",78,112,"./designFilesOsu/alu_avr_add.v","designFilesOsu","v","add, arithmetic",1462362557.00861,45,8,"{}"
"alu_avr_add2",65,91,"./designFilesNangate/alu_avr_add2.v","designFilesNangate","v","add, arithmetic",1462362555.60849,45,8,0
"alu_avr_add2",71,95,"./designFilesOsu/alu_avr_add2.v","designFilesOsu","v","add, arithmetic",1462362557.01162,45,8,"{}"
"alu_avr_add3",28,36,"./designFilesOsu/alu_avr_add3.v","designFilesOsu","v","add, arithmetic",1462362557.01561,37,4,"{}"
"alu_avr_add3",26,34,"./designFilesNangate/alu_avr_add3.v","designFilesNangate","v","add, arithmetic",1462362555.61248,37,4,"{}"
"alu_avr_andi",32,24,"./designFilesOsu/alu_avr_andi.v","designFilesOsu","v","alu, arithmetic",1462362557.01862,45,8,"{}"
"alu_avr_asr",58,94,"./designFilesNangate/alu_avr_asr.v","designFilesNangate","v","alu, arithmetic",1462362555.61549,45,8,"{}"
"alu_avr_asr",24,24,"./designFilesOsu/alu_avr_asr.v","designFilesOsu","v","alu, arithmetic",1462362557.02261,45,8,"{}"
"alu_avr_com",86,123,"./designFilesOsu/alu_avr_com.v","designFilesOsu","v","alu, arithmetic",1462362557.02561,45,8,"{}"
"alu_avr_com",52,89,"./designFilesNangate/alu_avr_com.v","designFilesNangate","v","alu, arithmetic",1524751030.27213,45,8,0
"alu_avr_cp",105,196,"./designFilesNangate/alu_avr_cp.v","designFilesNangate","v","alu, arithmetic",1524751029.79613,45,8,0
"alu_avr_cp",162,265,"./designFilesOsu/alu_avr_cp.v","designFilesOsu","v","alu, arithmetic",1462362557.02862,45,8,"n.a."
"alu_avr_dec",120,185,"./designFilesOsu/alu_avr_dec.v","designFilesOsu","v","alu, arithmetic",1462362557.03361,45,8,"n.a."
"alu_avr_dec",75,141,"./designFilesNangate/alu_avr_dec.v","designFilesNangate","v","alu, arithmetic",1462362555.6305,45,8,"{}"
"alu_avr_inc",43,56,"./designFilesOsu/alu_avr_inc.v","designFilesOsu","v","alu, arithmetic",1462362557.03761,45,8,"{}"
"alu_avr_inc",72,136,"./designFilesNangate/alu_avr_inc.v","designFilesNangate","v","alu, arithmetic",1462362555.63449,45,8,"{}"
"alu_avr_inc2",22,29,"./designFilesOsu/alu_avr_inc2.v","designFilesOsu","v","alu, arithmetic",1462362557.04061,37,4,"{}"
"alu_avr_inc2",14,16,"./designFilesNangate/alu_avr_inc2.v","designFilesNangate","v","alu, arithmetic",1462362555.63749,37,4,0
"alu_avr_lsr",58,93,"./designFilesNangate/alu_avr_lsr.v","designFilesNangate","v","alu, arithmetic",1462362555.64149,45,8,"n.a."
"alu_avr_lsr",89,124,"./designFilesOsu/alu_avr_lsr.v","designFilesOsu","v","alu, arithmetic",1462362557.04661,45,8,"n.a."
"alu_avr_neg",33,37,"./designFilesOsu/alu_avr_neg.v","designFilesOsu","v","alu, arithmetic",1462362557.04962,45,8,"{}"
"alu_avr_new",165,266,"./designFilesOsu/alu_avr_new.v","designFilesOsu","v","alu, arithmetic",1462362557.05361,45,8,"{}"
"alu_avr_new2",50,72,"./designFilesNangate/alu_avr_new2.v","designFilesNangate","v","alu, arithmetic",1462362555.64449,45,8,"{}"
"alu_avr_new2",75,97,"./designFilesOsu/alu_avr_new2.v","designFilesOsu","v","alu, arithmetic",1462362557.05761,45,8,"{}"
"alu_avr_reduced",306,525,"./designFilesOsu/alu_avr_reduced.v","designFilesOsu","v","alu, arithmetic",1462362557.06361,45,8,"{}"
"alu_avr_reduced",234,470,"./designFilesNangate/alu_avr_reduced.v","designFilesNangate","v","alu, arithmetic",1524751030.27213,45,8,"{}"
"alu_avr_sbc",104,176,"./designFilesNangate/alu_avr_sbc.v","designFilesNangate","v","alu, arithmetic",1462362555.65149,45,8,"{}"
"alu_avr_sbc",92,137,"./designFilesOsu/alu_avr_sbc.v","designFilesOsu","v","alu, arithmetic",1462362557.06662,45,8,"{}"
"alu_avr_sub",88,132,"./designFilesOsu/alu_avr_sub.v","designFilesOsu","v","sub, arithmetic",1462362557.06962,45,8,"n.a."
"alu_avr_sub",100,169,"./designFilesNangate/alu_avr_sub.v","designFilesNangate","v","sub, arithmetic",1462362555.65449,45,8,"n.a."
"alu_avr2",363,603,"./designFilesOsu/alu_avr2.v","designFilesOsu","v","alu, arithmetic, add, sub",1462362556.97961,44,8,"n.a."
"alu_avr3",363,603,"./designFilesOsu/alu_avr3.v","designFilesOsu","v","alu, arithmetic, add, sub",1462362556.98361,45,8,"{}"
"alu_avr3",163,316,"./designFilesNangate/alu_avr3.v","designFilesNangate","v","alu, arithmetic, add, sub",1504541154.25663,44,8,"{}"
"alu_avr4",163,316,"./designFilesNangate/alu_avr4.v","designFilesNangate","v","alu, arithmetic, add, sub",1504541154.24163,44,8,"{}"
"alu_avr4",190,313,"./designFilesOsu/alu_avr4.v","designFilesOsu","v","alu, arithmetic, add, sub",1462362556.98661,45,8,"n.a."
"alu_avr5",317,629,"./designFilesNangate/alu_avr5.v","designFilesNangate","v","alu, arithmetic, add, sub",1462362555.58849,45,14,"{}"
"alu_avr5",408,669,"./designFilesOsu/alu_avr5.v","designFilesOsu","v","alu, arithmetic, add, sub",1462362556.99061,45,14,"{}"
"alu_avr6",190,349,"./designFilesNangate/alu_avr6.v","designFilesNangate","v","alu, arithmetic, add, sub",1462362555.59248,45,14,"{}"
"alu_avr6",277,456,"./designFilesOsu/alu_avr6.v","designFilesOsu","v","alu, arithmetic, add, sub",1462362556.99561,45,14,"{}"
"alu_avr7",114,194,"./designFilesNangate/alu_avr7.v","designFilesNangate","v","alu, arithmetic, add, sub",1462362555.59549,45,9,"{}"
"alu_avr7",117,183,"./designFilesOsu/alu_avr7.v","designFilesOsu","v","alu, arithmetic, add, sub",1462362556.99862,45,9,"n.a."
"alu2",67,125,"./designFilesNangate/alu2.v","designFilesNangate","v","alu, arithmetic, add, sub",1462362555.56748,37,5,"{}"
"alu2",81,122,"./designFilesOsu/alu2.v","designFilesOsu","v","alu, arithmetic, add, sub",1462362556.95261,37,5,"{}"
"alu3",74,131,"./designFilesNangate/alu3.v","designFilesNangate","v","alu, arithmetic, add, sub",1462362555.57148,37,5,"n.a."
"alu3",114,179,"./designFilesOsu/alu3.v","designFilesOsu","v","alu, arithmetic, add, sub",1462362556.9566,37,5,"n.a."
"alu4",133,247,"./designFilesNangate/alu4.v","designFilesNangate","v","alu, arithmetic, add, sub",1462362555.57548,45,9,"{}"
"alu4",205,334,"./designFilesOsu/alu4.v","designFilesOsu","v","alu, arithmetic, add, sub",1462362556.96761,45,9,"{}"
"And16bit",64,48,"./designFilesNangate/And16bit.v","designFilesNangate","v","and, logic",1524751030.86013,32,16,0
"And16bit",64,48,"./designFilesOsu/And16bit.v","designFilesOsu","v","and, logic",1462362556.24354,32,16,"{}"
"And1bit",4,3,"./designFilesNangate/And1bit.v","designFilesNangate","v","and, logic",1462362554.98143,2,1,"{}"
"And1bit",4,3,"./designFilesOsu/And1bit.v","designFilesOsu","v","and, logic",1462362556.25255,2,1,"n.a."
"And2bit",8,6,"./designFilesNangate/And2bit.v","designFilesNangate","v","and, logic",1524751029.81613,4,2,"{}"
"And2bit",8,6,"./designFilesOsu/And2bit.v","designFilesOsu","v","and, logic",1462362556.25555,4,2,"{}"
"And3_3bit",15,12,"./designFilesNangate/And3_3bit.v","designFilesNangate","v","and, logic",1462362554.98743,9,3,"{}"
"And3_3bit",21,18,"./designFilesOsu/And3_3bit.v","designFilesOsu","v","and, logic",1462362556.25954,9,3,"{}"
"And3_4bit",20,16,"./designFilesNangate/And3_4bit.v","designFilesNangate","v","and, logic",1462362554.99043,12,4,"{}"
"And3_4bit",28,24,"./designFilesOsu/And3_4bit.v","designFilesOsu","v","and, logic",1462362556.26255,12,4,"n.a."
"And3_5bit",35,30,"./designFilesOsu/And3_5bit.v","designFilesOsu","v","and, logic",1462362556.26555,15,5,"{}"
"And3_5bit",25,20,"./designFilesNangate/And3_5bit.v","designFilesNangate","v","and, logic",1462362554.99344,15,5,"{}"
"And3_6bit",30,24,"./designFilesNangate/And3_6bit.v","designFilesNangate","v","and, logic",1462362554.99643,18,6,"n.a."
"And3_6bit",42,36,"./designFilesOsu/And3_6bit.v","designFilesOsu","v","and, logic",1462362556.26954,18,6,"n.a."
"And3_7bit",49,42,"./designFilesOsu/And3_7bit.v","designFilesOsu","v","and, logic",1462362556.27255,21,7,"n.a."
"And3_7bit",35,28,"./designFilesNangate/And3_7bit.v","designFilesNangate","v","and, logic",1524751029.81613,21,7,"{}"
"And3_8bit",56,48,"./designFilesOsu/And3_8bit.v","designFilesOsu","v","and, logic",1462362556.27555,24,8,"{}"
"And3_8bit",40,32,"./designFilesNangate/And3_8bit.v","designFilesNangate","v","and, logic",1524751030.64413,24,8,0
"And3bit",12,9,"./designFilesNangate/And3bit.v","designFilesNangate","v","and, logic",1462362555.00643,6,3,"n.a."
"And3bit",12,9,"./designFilesOsu/And3bit.v","designFilesOsu","v","and, logic",1462362556.27955,6,3,"n.a."
"And4bit",16,12,"./designFilesNangate/And4bit.v","designFilesNangate","v","and, logic",1462362555.01643,8,4,"{}"
"And4bit",16,12,"./designFilesOsu/And4bit.v","designFilesOsu","v","and, logic",1462362556.28255,8,4,"{}"
"And5bit",20,15,"./designFilesNangate/And5bit.v","designFilesNangate","v","and, logic",1462362555.02443,10,5,"{}"
"And5bit",20,15,"./designFilesOsu/And5bit.v","designFilesOsu","v","and, logic",1462362556.28555,10,5,"{}"
"And6bit",24,18,"./designFilesOsu/And6bit.v","designFilesOsu","v","and, logic",1462362556.28855,12,6,"n.a."
"And6bit",24,18,"./designFilesNangate/And6bit.v","designFilesNangate","v","and, logic",1462362555.02744,12,6,"{}"
"And7bit",28,21,"./designFilesOsu/And7bit.v","designFilesOsu","v","and, logic",1462362556.29255,14,7,"n.a."
"And7bit",28,21,"./designFilesNangate/And7bit.v","designFilesNangate","v","and, logic",1524751030.64413,14,7,0
"And8bit",32,24,"./designFilesOsu/And8bit.v","designFilesOsu","v","and, logic",1462362556.29555,16,8,"n.a."
"And8bit",32,24,"./designFilesNangate/And8bit.v","designFilesNangate","v","arbiter",1462362555.03344,16,8,"{}"
"arbiter",243,380,"./designFilesOsu/arbiter.v","designFilesOsu","v","arbiter",1462362557.07262,32,16,"{}"
"automated_nangate_16x2_lcd_display_driver_latest_final_lcd_16x2_8bit",147,356,"./automated_nangate/automated_nangate_16x2_lcd_display_driver_latest_final_lcd_16x2_8bit.v","automated_nangate","v",,1536144014.16431,12,11,0
"automated_nangate_16x2_lcd_display_driver_latest_final_lcd_fpga",226,583,"./automated_nangate/automated_nangate_16x2_lcd_display_driver_latest_final_lcd_fpga.v","automated_nangate","v",,1536144014.34431,3,10,0
"automated_nangate_8051_latest_final_disp",86,170,"./automated_nangate/automated_nangate_8051_latest_final_disp.v","automated_nangate","v",,1536150953.44932,8,14,0
"automated_nangate_8051_latest_final_oc8051_alu_src_sel",240,407,"./automated_nangate/automated_nangate_8051_latest_final_oc8051_alu_src_sel.v","automated_nangate","v","alu, arithmetic, add, sub",1536150953.46532,81,24,0
"automated_nangate_8051_latest_final_oc8051_b_register",108,222,"./automated_nangate/automated_nangate_8051_latest_final_oc8051_b_register.v","automated_nangate","v","memory",1536150953.48132,21,8,0
"automated_nangate_8051_latest_final_oc8051_cache_ram",128,64,"./automated_nangate/automated_nangate_8051_latest_final_oc8051_cache_ram.v","automated_nangate","v","ram, memory, cache",1536150953.49732,49,64,0
"automated_nangate_8051_latest_final_oc8051_comp",32,35,"./automated_nangate/automated_nangate_8051_latest_final_oc8051_comp.v","automated_nangate","v",,1536150953.50532,20,1,0
"automated_nangate_8051_latest_final_oc8051_cy_select",8,8,"./automated_nangate/automated_nangate_8051_latest_final_oc8051_cy_select.v","automated_nangate","v",,1536150953.51732,4,1,0
"automated_nangate_8051_latest_final_oc8051_divide",235,539,"./automated_nangate/automated_nangate_8051_latest_final_oc8051_divide.v","automated_nangate","v","div, arithmetic,",1536150953.53732,19,17,0
"automated_nangate_8051_latest_final_oc8051_dptr",96,160,"./automated_nangate/automated_nangate_8051_latest_final_oc8051_dptr.v","automated_nangate","v",,1536150953.55332,30,16,0
"automated_nangate_8051_latest_final_oc8051_indi_addr",299,750,"./automated_nangate/automated_nangate_8051_latest_final_oc8051_indi_addr.v","automated_nangate","v","add, arithmetic",1536150953.57332,23,8,0
"automated_nangate_8051_latest_final_oc8051_int",487,1191,"./automated_nangate/automated_nangate_8051_latest_final_oc8051_int.v","automated_nangate","v",,1536150953.60132,29,35,0
"automated_nangate_8051_latest_final_oc8051_multiply",213,442,"./automated_nangate/automated_nangate_8051_latest_final_oc8051_multiply.v","automated_nangate","v","mult, arithmetic",1536150953.62132,19,17,0
"automated_nangate_8051_latest_final_oc8051_ports",390,848,"./automated_nangate/automated_nangate_8051_latest_final_oc8051_ports.v","automated_nangate","v","ram, memory",1536150953.65332,54,64,0
"automated_nangate_8051_latest_final_oc8051_psw",108,195,"./automated_nangate/automated_nangate_8051_latest_final_oc8051_psw.v","automated_nangate","v",,1536150953.66932,26,10,0
"automated_nangate_8051_latest_final_oc8051_ram",16,8,"./automated_nangate/automated_nangate_8051_latest_final_oc8051_ram.v","automated_nangate","v","ram, memory",1536150954.36531,27,8,0
"automated_nangate_8051_latest_final_oc8051_ram_256x8_two_bist",7062,18634,"./automated_nangate/automated_nangate_8051_latest_final_oc8051_ram_256x8_two_bist.v","automated_nangate","v","ram, memory",1536150954.01331,29,8,0
"automated_nangate_8051_latest_final_oc8051_ram_top",7189,18982,"./automated_nangate/automated_nangate_8051_latest_final_oc8051_ram_top.v","automated_nangate","v","ram, memory ,  topfile",1536150954.35331,29,9,0
"automated_nangate_8051_latest_final_oc8051_sp",177,365,"./automated_nangate/automated_nangate_8051_latest_final_oc8051_sp.v","automated_nangate","v",,1536150954.38131,26,16,0
"automated_nangate_8051_latest_final_oc8051_tc",626,1567,"./automated_nangate/automated_nangate_8051_latest_final_oc8051_tc.v","automated_nangate","v",,1536150954.44931,27,42,0
"automated_nangate_8051_latest_final_oc8051_tc2",410,962,"./automated_nangate/automated_nangate_8051_latest_final_oc8051_tc2.v","automated_nangate","v",,1536150954.40931,24,44,0
"automated_nangate_8051_latest_final_oc8051_uart",454,1074,"./automated_nangate/automated_nangate_8051_latest_final_oc8051_uart.v","automated_nangate","v","uart",1536150954.48531,27,26,0
"automated_nangate_8051_latest_final_RAMB4_S8_S8",32,16,"./automated_nangate/automated_nangate_8051_latest_final_RAMB4_S8_S8.v","automated_nangate","v","ram, memory",1536150954.49731,42,16,0
"automated_nangate_8bit_vedic_multiplier_latest_final_full_adder",10,12,"./automated_nangate/automated_nangate_8bit_vedic_multiplier_latest_final_full_adder.v","automated_nangate","v","mult, arithmetic, adder",1536150970.09316,3,2,0
"automated_nangate_8bit_vedic_multiplier_latest_final_half_adder",6,6,"./automated_nangate/automated_nangate_8bit_vedic_multiplier_latest_final_half_adder.v","automated_nangate","v","mult, arithmetic, adder",1536150970.11316,2,2,0
"automated_nangate_8bit_vedic_multiplier_latest_final_ripple_adder_12bit",110,145,"./automated_nangate/automated_nangate_8bit_vedic_multiplier_latest_final_ripple_adder_12bit.v","automated_nangate","v","mult, arithmetic, adder",1536150970.14516,25,13,0
"automated_nangate_8bit_vedic_multiplier_latest_final_ripple_adder_4bit",38,49,"./automated_nangate/automated_nangate_8bit_vedic_multiplier_latest_final_ripple_adder_4bit.v","automated_nangate","v","mult, arithmetic, adder",1536150970.16116,9,5,0
"automated_nangate_8bit_vedic_multiplier_latest_final_ripple_adder_6bit",56,73,"./automated_nangate/automated_nangate_8bit_vedic_multiplier_latest_final_ripple_adder_6bit.v","automated_nangate","v","mult, arithmetic, adder",1536150970.18116,13,7,0
"automated_nangate_8bit_vedic_multiplier_latest_final_ripple_adder_8bit",74,97,"./automated_nangate/automated_nangate_8bit_vedic_multiplier_latest_final_ripple_adder_8bit.v","automated_nangate","v","mult, arithmetic, adder",1536150970.21316,17,9,0
"automated_nangate_8bit_vedic_multiplier_latest_final_vedic2x2",20,24,"./automated_nangate/automated_nangate_8bit_vedic_multiplier_latest_final_vedic2x2.v","automated_nangate","v","mult, arithmetic",1536150970.22916,4,4,0
"automated_nangate_8bit_vedic_multiplier_latest_final_vedic4x4",127,203,"./automated_nangate/automated_nangate_8bit_vedic_multiplier_latest_final_vedic4x4.v","automated_nangate","v","mult, arithmetic",1536150970.25316,8,8,0
"automated_nangate_8bit_vedic_multiplier_latest_final_vedic8x8",611,1047,"./automated_nangate/automated_nangate_8bit_vedic_multiplier_latest_final_vedic8x8.v","automated_nangate","v","mult, arithmetic",1536150970.34516,16,16,0
"automated_nangate_a-z80_latest_final_address_latch",186,418,"./automated_nangate/automated_nangate_a-z80_latest_final_address_latch.v","automated_nangate","v","latch",1536153477.29662,26,17,0
"automated_nangate_a-z80_latest_final_address_mux",65,64,"./automated_nangate/automated_nangate_a-z80_latest_final_address_mux.v","automated_nangate","v","add, arithmetic",1536153477.30862,33,16,0
"automated_nangate_a-z80_latest_final_address_pins",67,97,"./automated_nangate/automated_nangate_a-z80_latest_final_address_pins.v","automated_nangate","v","add, arithmetic",1536153477.32462,19,16,0
"automated_nangate_a-z80_latest_final_alu",230,1070,"./automated_nangate/automated_nangate_a-z80_latest_final_alu.v","automated_nangate","v","alu, arithmetic, add, sub",1536153477.53662,35,20,0
"automated_nangate_a-z80_latest_final_alu_bit_select",22,35,"./automated_nangate/automated_nangate_a-z80_latest_final_alu_bit_select.v","automated_nangate","v","alu, arithmetic, add, sub",1536153477.34062,3,8,0
"automated_nangate_a-z80_latest_final_alu_control",92,119,"./automated_nangate/automated_nangate_a-z80_latest_final_alu_control.v","automated_nangate","v","alu, arithmetic, add, sub",1536153477.35262,29,18,0
"automated_nangate_a-z80_latest_final_alu_core",51,96,"./automated_nangate/automated_nangate_a-z80_latest_final_alu_core.v","automated_nangate","v","alu, arithmetic, add, sub",1536153477.36862,12,6,0
"automated_nangate_a-z80_latest_final_alu_flags",109,165,"./automated_nangate/automated_nangate_a-z80_latest_final_alu_flags.v","automated_nangate","v","alu, arithmetic, add, sub",1536153477.38462,38,8,0
"automated_nangate_a-z80_latest_final_alu_mux_2",5,4,"./automated_nangate/automated_nangate_a-z80_latest_final_alu_mux_2.v","automated_nangate","v","alu, arithmetic, add, sub",1536153477.40062,3,1,0
"automated_nangate_a-z80_latest_final_alu_mux_2z",21,24,"./automated_nangate/automated_nangate_a-z80_latest_final_alu_mux_2z.v","automated_nangate","v","alu, arithmetic, add, sub",1536153477.41262,6,5,0
"automated_nangate_a-z80_latest_final_alu_mux_3z",25,32,"./automated_nangate/automated_nangate_a-z80_latest_final_alu_mux_3z.v","automated_nangate","v","alu, arithmetic, add, sub",1536153477.42462,11,5,0
"automated_nangate_a-z80_latest_final_alu_mux_4",10,10,"./automated_nangate/automated_nangate_a-z80_latest_final_alu_mux_4.v","automated_nangate","v","alu, arithmetic, add, sub",1536153477.44062,6,1,0
"automated_nangate_a-z80_latest_final_alu_mux_8",26,44,"./automated_nangate/automated_nangate_a-z80_latest_final_alu_mux_8.v","automated_nangate","v","alu, arithmetic, add, sub",1536153477.45262,11,1,0
"automated_nangate_a-z80_latest_final_alu_prep_daa",16,15,"./automated_nangate/automated_nangate_a-z80_latest_final_alu_prep_daa.v","automated_nangate","v","alu, arithmetic, add, sub",1536153477.46462,8,3,0
"automated_nangate_a-z80_latest_final_alu_select",51,34,"./automated_nangate/automated_nangate_a-z80_latest_final_alu_select.v","automated_nangate","v","alu, arithmetic, add, sub",1536153477.48062,17,17,0
"automated_nangate_a-z80_latest_final_alu_shifter_core",48,78,"./automated_nangate/automated_nangate_a-z80_latest_final_alu_shifter_core.v","automated_nangate","v","alu, arithmetic, add, sub",1536153477.49262,11,10,0
"automated_nangate_a-z80_latest_final_alu_slice",15,23,"./automated_nangate/automated_nangate_a-z80_latest_final_alu_slice.v","automated_nangate","v","alu, arithmetic, add, sub",1536153477.50862,6,2,0
"automated_nangate_a-z80_latest_final_bus_control",0,0,"./automated_nangate/automated_nangate_a-z80_latest_final_bus_control.v","automated_nangate","v",,1536153477.55262,10,0,0
"automated_nangate_a-z80_latest_final_bus_switch",15,10,"./automated_nangate/automated_nangate_a-z80_latest_final_bus_switch.v","automated_nangate","v",,1536153477.56862,5,5,0
"automated_nangate_a-z80_latest_final_clk_delay",32,42,"./automated_nangate/automated_nangate_a-z80_latest_final_clk_delay.v","automated_nangate","v",,1536153477.58062,9,7,0
"automated_nangate_a-z80_latest_final_control_pins_n",42,28,"./automated_nangate/automated_nangate_a-z80_latest_final_control_pins_n.v","automated_nangate","v",,1536153477.59662,15,14,0
"automated_nangate_a-z80_latest_final_data_pins",0,0,"./automated_nangate/automated_nangate_a-z80_latest_final_data_pins.v","automated_nangate","v",,1536153477.60862,21,0,0
"automated_nangate_a-z80_latest_final_data_switch",0,0,"./automated_nangate/automated_nangate_a-z80_latest_final_data_switch.v","automated_nangate","v",,1536153477.63262,18,0,0
"automated_nangate_a-z80_latest_final_data_switch_mask",0,0,"./automated_nangate/automated_nangate_a-z80_latest_final_data_switch_mask.v","automated_nangate","v",,1536153477.62062,19,0,0
"automated_nangate_a-z80_latest_final_decode_state",43,59,"./automated_nangate/automated_nangate_a-z80_latest_final_decode_state.v","automated_nangate","v",,1536153477.64862,15,8,0
"automated_nangate_a-z80_latest_final_execute",2754,6751,"./automated_nangate/automated_nangate_a-z80_latest_final_execute.v","automated_nangate","v",,1536153477.76462,128,111,0
"automated_nangate_a-z80_latest_final_ila",0,0,"./automated_nangate/automated_nangate_a-z80_latest_final_ila.v","automated_nangate","v",,1536153477.78062,53,0,0
"automated_nangate_a-z80_latest_final_inc_dec",105,160,"./automated_nangate/automated_nangate_a-z80_latest_final_inc_dec.v","automated_nangate","v",,1536153477.80862,19,16,0
"automated_nangate_a-z80_latest_final_inc_dec_2bit",12,12,"./automated_nangate/automated_nangate_a-z80_latest_final_inc_dec_2bit.v","automated_nangate","v",,1536153477.79262,5,3,0
"automated_nangate_a-z80_latest_final_interrupts",47,76,"./automated_nangate/automated_nangate_a-z80_latest_final_interrupts.v","automated_nangate","v",,1536153477.82462,12,5,0
"automated_nangate_a-z80_latest_final_ir",37,58,"./automated_nangate/automated_nangate_a-z80_latest_final_ir.v","automated_nangate","v",,1536153477.84062,12,8,0
"automated_nangate_a-z80_latest_final_memory_ifc",79,169,"./automated_nangate/automated_nangate_a-z80_latest_final_memory_ifc.v","automated_nangate","v",,1536153477.85661,13,8,0
"automated_nangate_a-z80_latest_final_pin_control",23,29,"./automated_nangate/automated_nangate_a-z80_latest_final_pin_control.v","automated_nangate","v",,1536153477.86861,9,3,0
"automated_nangate_a-z80_latest_final_pla_decode",280,459,"./automated_nangate/automated_nangate_a-z80_latest_final_pla_decode.v","automated_nangate","v",,1536153477.88861,15,105,0
"automated_nangate_a-z80_latest_final_reg_control",99,139,"./automated_nangate/automated_nangate_a-z80_latest_final_reg_control.v","automated_nangate","v",,1536153477.90861,24,23,0
"automated_nangate_a-z80_latest_final_reg_file",0,0,"./automated_nangate/automated_nangate_a-z80_latest_final_reg_file.v","automated_nangate","v",,1536153477.92061,61,0,0
"automated_nangate_a-z80_latest_final_reg_latch",0,0,"./automated_nangate/automated_nangate_a-z80_latest_final_reg_latch.v","automated_nangate","v",,1536153477.93261,11,0,0
"automated_nangate_a-z80_latest_final_resets",28,47,"./automated_nangate/automated_nangate_a-z80_latest_final_resets.v","automated_nangate","v",,1536153477.94861,6,2,0
"automated_nangate_a-z80_latest_final_sequencer",61,117,"./automated_nangate/automated_nangate_a-z80_latest_final_sequencer.v","automated_nangate","v",,1536153477.96461,7,12,0
"automated_nangate_a-z80_latest_final_uart",223,524,"./automated_nangate/automated_nangate_a-z80_latest_final_uart.v","automated_nangate","v","uart",1536153477.98861,11,2,0
"automated_nangate_a-z80_latest_final_wait_state",10,13,"./automated_nangate/automated_nangate_a-z80_latest_final_wait_state.v","automated_nangate","v",,1536153478.00061,3,2,0
"automated_nangate_a-z80_latest_final_z80_top_direct_n",1371,3272,"./automated_nangate/automated_nangate_a-z80_latest_final_z80_top_direct_n.v","automated_nangate","v","topfile",1536153478.07261,14,24,0
"automated_nangate_aes_core_latest_final_aes_cipher_top",16526,47344,"./automated_nangate/automated_nangate_aes_core_latest_final_aes_cipher_top.v","automated_nangate","v","aes, crypto, topfile",1536150303.47167,259,129,0
"automated_nangate_aes_core_latest_final_aes_inv_cipher_top",21637,60365,"./automated_nangate/automated_nangate_aes_core_latest_final_aes_inv_cipher_top.v","automated_nangate","v","aes, crypto, topfile",1536150304.45166,260,129,0
"automated_nangate_aes_core_latest_final_aes_inv_sbox",692,2065,"./automated_nangate/automated_nangate_aes_core_latest_final_aes_inv_sbox.v","automated_nangate","v","aes, crypto, sbox",1536150304.49966,8,8,0
"automated_nangate_aes_core_latest_final_aes_key_expand_128",3751,10133,"./automated_nangate/automated_nangate_aes_core_latest_final_aes_key_expand_128.v","automated_nangate","v","aes, crypto,",1536150304.66766,130,128,0
"automated_nangate_aes_core_latest_final_aes_rcon",100,127,"./automated_nangate/automated_nangate_aes_core_latest_final_aes_rcon.v","automated_nangate","v","aes, crypto,",1536150304.68766,2,32,0
"automated_nangate_aes_core_latest_final_aes_sbox",712,2128,"./automated_nangate/automated_nangate_aes_core_latest_final_aes_sbox.v","automated_nangate","v","aes, crypto, sbox",1536150304.73566,8,8,0
"automated_nangate_aes_decrypt_fpga_latest_final_MUXF7",5,4,"./automated_nangate/automated_nangate_aes_decrypt_fpga_latest_final_MUXF7.v","automated_nangate","v","aes, crypto,",1536150307.46363,3,1,0
"automated_nangate_aes_decrypt_fpga_latest_final_MUXF8",5,4,"./automated_nangate/automated_nangate_aes_decrypt_fpga_latest_final_MUXF8.v","automated_nangate","v","aes, crypto,",1536150307.47963,3,1,0
"automated_nangate_aes_highthroughput_lowarea_latest_final_aes",21777,52436,"./automated_nangate/automated_nangate_aes_highthroughput_lowarea_latest_final_aes.v","automated_nangate","v","aes, crypto,",1536150499.52175,392,131,0
"automated_nangate_aes_highthroughput_lowarea_latest_final_aes_top_example",22301,55422,"./automated_nangate/automated_nangate_aes_highthroughput_lowarea_latest_final_aes_top_example.v","automated_nangate","v","aes, crypto,,  topfile",1536150498.51376,45,35,0
"automated_nangate_aes_highthroughput_lowarea_latest_final_byte_mix_columns",78,84,"./automated_nangate/automated_nangate_aes_highthroughput_lowarea_latest_final_byte_mix_columns.v","automated_nangate","v","aes, crypto,",1536150499.54175,32,8,0
"automated_nangate_aes_highthroughput_lowarea_latest_final_inv_byte_mix_columns",156,240,"./automated_nangate/automated_nangate_aes_highthroughput_lowarea_latest_final_inv_byte_mix_columns.v","automated_nangate","v","aes, crypto,",1536150499.56175,32,8,0
"automated_nangate_aes_highthroughput_lowarea_latest_final_inv_mix_columns",2112,3840,"./automated_nangate/automated_nangate_aes_highthroughput_lowarea_latest_final_inv_mix_columns.v","automated_nangate","v","aes, crypto,",1536150499.69775,128,128,0
"automated_nangate_aes_highthroughput_lowarea_latest_final_inv_shift_rows",384,256,"./automated_nangate/automated_nangate_aes_highthroughput_lowarea_latest_final_inv_shift_rows.v","automated_nangate","v","aes, crypto,",1536150499.71775,128,128,0
"automated_nangate_aes_highthroughput_lowarea_latest_final_inv_word_mix_columns",528,960,"./automated_nangate/automated_nangate_aes_highthroughput_lowarea_latest_final_inv_word_mix_columns.v","automated_nangate","v","aes, crypto,",1536150499.76175,32,32,0
"automated_nangate_aes_highthroughput_lowarea_latest_final_key_exp",4480,10631,"./automated_nangate/automated_nangate_aes_highthroughput_lowarea_latest_final_key_exp.v","automated_nangate","v","aes, crypto,",1536150499.94975,261,71,0
"automated_nangate_aes_highthroughput_lowarea_latest_final_mix_columns",992,1472,"./automated_nangate/automated_nangate_aes_highthroughput_lowarea_latest_final_mix_columns.v","automated_nangate","v","aes, crypto,",1536150500.00175,128,128,0
"automated_nangate_aes_highthroughput_lowarea_latest_final_MUL3",27,30,"./automated_nangate/automated_nangate_aes_highthroughput_lowarea_latest_final_MUL3.v","automated_nangate","v","aes, crypto,",1536150500.02175,8,8,0
"automated_nangate_aes_highthroughput_lowarea_latest_final_MUL9",33,42,"./automated_nangate/automated_nangate_aes_highthroughput_lowarea_latest_final_MUL9.v","automated_nangate","v","aes, crypto,",1536150500.03775,8,8,0
"automated_nangate_aes_highthroughput_lowarea_latest_final_MULB",41,58,"./automated_nangate/automated_nangate_aes_highthroughput_lowarea_latest_final_MULB.v","automated_nangate","v","aes, crypto,",1536150500.05775,8,8,0
"automated_nangate_aes_highthroughput_lowarea_latest_final_MULD",41,58,"./automated_nangate/automated_nangate_aes_highthroughput_lowarea_latest_final_MULD.v","automated_nangate","v","aes, crypto,",1536150500.07775,8,8,0
"automated_nangate_aes_highthroughput_lowarea_latest_final_MULE",41,58,"./automated_nangate/automated_nangate_aes_highthroughput_lowarea_latest_final_MULE.v","automated_nangate","v","aes, crypto,",1536150500.09775,8,8,0
"automated_nangate_aes_highthroughput_lowarea_latest_final_ram_16x64",3295,8522,"./automated_nangate/automated_nangate_aes_highthroughput_lowarea_latest_final_ram_16x64.v","automated_nangate","v","ram, memory",1536150500.25375,75,64,0
"automated_nangate_aes_highthroughput_lowarea_latest_final_sbox",301,673,"./automated_nangate/automated_nangate_aes_highthroughput_lowarea_latest_final_sbox.v","automated_nangate","v","aes, crypto, sbox",1536150500.28175,12,16,0
"automated_nangate_aes_highthroughput_lowarea_latest_final_shift_rows",384,256,"./automated_nangate/automated_nangate_aes_highthroughput_lowarea_latest_final_shift_rows.v","automated_nangate","v","aes, crypto,",1536150500.30575,128,128,0
"automated_nangate_aes_highthroughput_lowarea_latest_final_word_mix_columns",216,336,"./automated_nangate/automated_nangate_aes_highthroughput_lowarea_latest_final_word_mix_columns.v","automated_nangate","v","aes, crypto,",1536150500.32974,32,32,0
"automated_nangate_aes_highthroughput_lowarea_latest_final_xram_16x64",3268,8439,"./automated_nangate/automated_nangate_aes_highthroughput_lowarea_latest_final_xram_16x64.v","automated_nangate","v","ram, memory",1536150500.48974,74,64,0
"automated_nangate_aes_highthroughput_lowarea_latest_final_xtimes",24,19,"./automated_nangate/automated_nangate_aes_highthroughput_lowarea_latest_final_xtimes.v","automated_nangate","v","aes, crypto,",1536150500.50574,8,8,0
"automated_nangate_aes-128_pipelined_encryption_latest_final_AddRoundKey",776,1160,"./automated_nangate/automated_nangate_aes-128_pipelined_encryption_latest_final_AddRoundKey.v","automated_nangate","v","aes, crypto,",1536148631.32791,260,129,0
"automated_nangate_aes-128_pipelined_encryption_latest_final_KeyExpantion",39001,107230,"./automated_nangate/automated_nangate_aes-128_pipelined_encryption_latest_final_KeyExpantion.v","automated_nangate","v","aes, crypto,",1536148632.87989,131,1290,0
"automated_nangate_aes-128_pipelined_encryption_latest_final_MixColumns",1124,2096,"./automated_nangate/automated_nangate_aes-128_pipelined_encryption_latest_final_MixColumns.v","automated_nangate","v","aes, crypto,",1536148632.94789,131,129,0
"automated_nangate_aes-128_pipelined_encryption_latest_final_Round",11802,32029,"./automated_nangate/automated_nangate_aes-128_pipelined_encryption_latest_final_Round.v","automated_nangate","v","aes, crypto,",1536148633.57989,260,129,0
"automated_nangate_aes-128_pipelined_encryption_latest_final_RoundKeyGen",4031,10718,"./automated_nangate/automated_nangate_aes-128_pipelined_encryption_latest_final_RoundKeyGen.v","automated_nangate","v","aes, crypto,",1536148633.11589,163,129,0
"automated_nangate_aes-128_pipelined_encryption_latest_final_SBox",633,1745,"./automated_nangate/automated_nangate_aes-128_pipelined_encryption_latest_final_SBox.v","automated_nangate","v","aes, crypto, sbox",1536148633.62388,11,8,0
"automated_nangate_aes-128_pipelined_encryption_latest_final_ShiftRows",517,900,"./automated_nangate/automated_nangate_aes-128_pipelined_encryption_latest_final_ShiftRows.v","automated_nangate","v","aes, crypto,",1536148633.65588,131,129,0
"automated_nangate_aes-128_pipelined_encryption_latest_final_SubBytes",10085,27924,"./automated_nangate/automated_nangate_aes-128_pipelined_encryption_latest_final_SubBytes.v","automated_nangate","v","sub, arithmetic",1536148634.04388,131,129,0
"automated_nangate_aes-128_pipelined_encryption_latest_final_Top_PipelinedCipher",151709,424734,"./automated_nangate/automated_nangate_aes-128_pipelined_encryption_latest_final_Top_PipelinedCipher.v","automated_nangate","v","aes, crypto, ,  topfile",1536148640.20382,260,129,0
"automated_nangate_aes-encryption_latest_final_aes_cipher_top",148884,442274,"./automated_nangate/automated_nangate_aes-encryption_latest_final_aes_cipher_top.v","automated_nangate","v","aes, crypto, ,  topfile",1536150169.11698,259,129,0
"automated_nangate_aes-encryption_latest_final_aes_key_expand_128",31503,89791,"./automated_nangate/automated_nangate_aes-encryption_latest_final_aes_key_expand_128.v","automated_nangate","v","aes, crypto,",1536150170.33697,129,1408,0
"automated_nangate_aes-encryption_latest_final_aes_rcon",160,80,"./automated_nangate/automated_nangate_aes-encryption_latest_final_aes_rcon.v","automated_nangate","v","aes, crypto,",1536150170.36497,1,80,0
"automated_nangate_aes-encryption_latest_final_aes_sbox",712,2128,"./automated_nangate/automated_nangate_aes-encryption_latest_final_aes_sbox.v","automated_nangate","v","aes, crypto, sbox",1536150170.41297,8,8,0
"automated_nangate_AES-T100_final_aes_128",209209,600080,"./automated_nangate/automated_nangate_AES-T100_final_aes_128.v","automated_nangate","v","aes, crypto,",1536157405.15001,257,128,0
"automated_nangate_AES-T100_final_expand_key_128",3141,7784,"./automated_nangate/automated_nangate_AES-T100_final_expand_key_128.v","automated_nangate","v","aes, crypto,",1536157405.39401,137,256,0
"automated_nangate_AES-T100_final_final_round",9681,26848,"./automated_nangate/automated_nangate_AES-T100_final_final_round.v","automated_nangate","v","aes, crypto,",1536157405.778,257,128,0
"automated_nangate_AES-T100_final_lfsr_counter",66,109,"./automated_nangate/automated_nangate_AES-T100_final_lfsr_counter.v","automated_nangate","v","aes, crypto,",1536157405.79,2,20,0
"automated_nangate_AES-T100_final_one_round",19473,55408,"./automated_nangate/automated_nangate_AES-T100_final_one_round.v","automated_nangate","v","aes, crypto,",1536157406.57,257,128,0
"automated_nangate_AES-T100_final_S",582,1646,"./automated_nangate/automated_nangate_AES-T100_final_S.v","automated_nangate","v","aes, crypto,",1536157406.70599,9,8,0
"automated_nangate_AES-T100_final_S4",2325,6584,"./automated_nangate/automated_nangate_AES-T100_final_S4.v","automated_nangate","v","aes, crypto,",1536157406.674,33,32,0
"automated_nangate_AES-T100_final_T",1202,3415,"./automated_nangate/automated_nangate_AES-T100_final_T.v","automated_nangate","v","aes, crypto,",1536157414.82192,9,32,0
"automated_nangate_AES-T100_final_table_lookup",4805,13660,"./automated_nangate/automated_nangate_AES-T100_final_table_lookup.v","automated_nangate","v","aes, crypto,",1536157406.90199,33,128,0
"automated_nangate_AES-T100_final_top",209390,600321,"./automated_nangate/automated_nangate_AES-T100_final_top.v","automated_nangate","v","aes, crypto,,  topfile",1536157414.60592,258,192,0
"automated_nangate_AES-T100_final_TSC",190,241,"./automated_nangate/automated_nangate_AES-T100_final_TSC.v","automated_nangate","v","aes, crypto,",1536157414.72192,130,64,0
"automated_nangate_AES-T100_final_xS",597,1729,"./automated_nangate/automated_nangate_AES-T100_final_xS.v","automated_nangate","v","aes, crypto,",1536157414.85392,9,8,0
"automated_nangate_AES-T1000_final_aes_128",209209,600080,"./automated_nangate/automated_nangate_AES-T1000_final_aes_128.v","automated_nangate","v","aes, crypto,",1536159614.65623,257,128,0
"automated_nangate_AES-T1000_final_expand_key_128",3141,7784,"./automated_nangate/automated_nangate_AES-T1000_final_expand_key_128.v","automated_nangate","v","aes, crypto,",1536159614.92823,137,256,0
"automated_nangate_AES-T1000_final_final_round",9681,26848,"./automated_nangate/automated_nangate_AES-T1000_final_final_round.v","automated_nangate","v","aes, crypto,",1536159615.31223,257,128,0
"automated_nangate_AES-T1000_final_lfsr_counter",106,186,"./automated_nangate/automated_nangate_AES-T1000_final_lfsr_counter.v","automated_nangate","v","aes, crypto,",1536159615.32823,131,20,0
"automated_nangate_AES-T1000_final_one_round",19473,55408,"./automated_nangate/automated_nangate_AES-T1000_final_one_round.v","automated_nangate","v","aes, crypto,",1536159616.10022,257,128,0
"automated_nangate_AES-T1000_final_S",582,1646,"./automated_nangate/automated_nangate_AES-T1000_final_S.v","automated_nangate","v","aes, crypto,",1536159616.24022,9,8,0
"automated_nangate_AES-T1000_final_S4",2325,6584,"./automated_nangate/automated_nangate_AES-T1000_final_S4.v","automated_nangate","v","aes, crypto,",1536159616.20422,33,32,0
"automated_nangate_AES-T1000_final_T",1202,3415,"./automated_nangate/automated_nangate_AES-T1000_final_T.v","automated_nangate","v","aes, crypto,",1536159616.51221,9,32,0
"automated_nangate_AES-T1000_final_table_lookup",4805,13660,"./automated_nangate/automated_nangate_AES-T1000_final_table_lookup.v","automated_nangate","v","aes, crypto,",1536159616.42822,33,128,0
"automated_nangate_AES-T1000_final_Trojan_Trigger",0,0,"./automated_nangate/automated_nangate_AES-T1000_final_Trojan_Trigger.v","automated_nangate","v","aes, crypto,",1536159616.44022,129,1,0
"automated_nangate_AES-T1000_final_TSC",230,318,"./automated_nangate/automated_nangate_AES-T1000_final_TSC.v","automated_nangate","v","aes, crypto,",1536159616.46021,259,64,0
"automated_nangate_AES-T1000_final_xS",597,1729,"./automated_nangate/automated_nangate_AES-T1000_final_xS.v","automated_nangate","v","aes, crypto,",1536159616.54821,9,8,0
"automated_nangate_AES-T200_final_aes_128",209209,600080,"./automated_nangate/automated_nangate_AES-T200_final_aes_128.v","automated_nangate","v","aes, crypto,",1536163989.07317,257,128,0
"automated_nangate_AES-T200_final_expand_key_128",3141,7784,"./automated_nangate/automated_nangate_AES-T200_final_expand_key_128.v","automated_nangate","v","aes, crypto,",1536163989.43316,137,256,0
"automated_nangate_AES-T200_final_final_round",9681,26848,"./automated_nangate/automated_nangate_AES-T200_final_final_round.v","automated_nangate","v","aes, crypto,",1536163989.82116,257,128,0
"automated_nangate_AES-T200_final_lfsr_counter",85,126,"./automated_nangate/automated_nangate_AES-T200_final_lfsr_counter.v","automated_nangate","v","aes, crypto,",1536163989.94916,130,20,0
"automated_nangate_AES-T200_final_one_round",19473,55408,"./automated_nangate/automated_nangate_AES-T200_final_one_round.v","automated_nangate","v","aes, crypto,",1536163990.89315,257,128,0
"automated_nangate_AES-T200_final_S",582,1646,"./automated_nangate/automated_nangate_AES-T200_final_S.v","automated_nangate","v","aes, crypto,",1536163991.07315,9,8,0
"automated_nangate_AES-T200_final_S4",2325,6584,"./automated_nangate/automated_nangate_AES-T200_final_S4.v","automated_nangate","v","aes, crypto,",1536163991.00515,33,32,0
"automated_nangate_AES-T200_final_T",1202,3415,"./automated_nangate/automated_nangate_AES-T200_final_T.v","automated_nangate","v","aes, crypto,",1536163999.03707,9,32,0
"automated_nangate_AES-T200_final_table_lookup",4805,13660,"./automated_nangate/automated_nangate_AES-T200_final_table_lookup.v","automated_nangate","v","aes, crypto,",1536163991.28914,33,128,0
"automated_nangate_AES-T200_final_top",209389,600338,"./automated_nangate/automated_nangate_AES-T200_final_top.v","automated_nangate","v","aes, crypto,  topfile",1536163998.73707,258,192,0
"automated_nangate_AES-T200_final_TSC",209,258,"./automated_nangate/automated_nangate_AES-T200_final_TSC.v","automated_nangate","v","aes, crypto,",1536163998.97707,258,64,0
"automated_nangate_AES-T200_final_xS",597,1729,"./automated_nangate/automated_nangate_AES-T200_final_xS.v","automated_nangate","v","aes, crypto,",1536163999.09707,9,8,0
"automated_nangate_altor32_latest_final_altor32_alu",1449,3507,"./automated_nangate/automated_nangate_altor32_latest_final_altor32_alu.v","automated_nangate","v","alu, arithmetic, add, sub",1536145513.26994,69,40,0
"automated_nangate_altor32_latest_final_altor32_dcache_mem_if",1547,3447,"./automated_nangate/automated_nangate_altor32_latest_final_altor32_dcache_mem_if.v","automated_nangate","v","memory, cache",1536145513.40994,171,170,0
"automated_nangate_altor32_latest_final_altor32_dfu",645,1231,"./automated_nangate/automated_nangate_altor32_latest_final_altor32_dfu.v","automated_nangate","v","alu, arithmetic",1536145513.54194,155,66,0
"automated_nangate_altor32_latest_final_altor32_fetch",700,1412,"./automated_nangate/automated_nangate_altor32_latest_final_altor32_fetch.v","automated_nangate","v","alu, arithmetic",1536145513.70594,69,113,0
"automated_nangate_altor32_latest_final_altor32_lfu",233,493,"./automated_nangate/automated_nangate_altor32_latest_final_altor32_lfu.v","automated_nangate","v","alu, arithmetic",1536145513.76594,42,33,0
"automated_nangate_altor32_latest_final_altor32_lite",8472,22999,"./automated_nangate/automated_nangate_altor32_latest_final_altor32_lite.v","automated_nangate","v","alu, arithmetic",1536145514.20993,39,76,0
"automated_nangate_altor32_latest_final_altor32_lsu",47,61,"./automated_nangate/automated_nangate_altor32_latest_final_altor32_lsu.v","automated_nangate","v","alu, arithmetic",1536145514.29793,19,4,0
"automated_nangate_altor32_latest_final_altor32_noicache",332,543,"./automated_nangate/automated_nangate_altor32_latest_final_altor32_noicache.v","automated_nangate","v","memory, cache",1536145514.42193,70,70,0
"automated_nangate_altor32_latest_final_altor32_regfile_sim",4494,12515,"./automated_nangate/automated_nangate_altor32_latest_final_altor32_regfile_sim.v","automated_nangate","v","alu, arithmetic",1536145514.72593,50,64,0
"automated_nangate_altor32_latest_final_altor32_wb_fetch",387,590,"./automated_nangate/automated_nangate_altor32_latest_final_altor32_wb_fetch.v","automated_nangate","v","alu, arithmetic",1536145514.74993,70,103,0
"automated_nangate_altor32_latest_final_altor32_writeback",348,735,"./automated_nangate/automated_nangate_altor32_latest_final_altor32_writeback.v","automated_nangate","v","alu, arithmetic",1536145515.00992,170,38,0
"automated_nangate_altor32_latest_final_cpu",8532,22982,"./automated_nangate/automated_nangate_altor32_latest_final_cpu.v","automated_nangate","v","cpu, ",1536145516.61391,72,113,0
"automated_nangate_altor32_latest_final_cpu_if",9114,23788,"./automated_nangate/automated_nangate_altor32_latest_final_cpu_if.v","automated_nangate","v","cpu, ",1536145515.86192,140,265,0
"automated_nangate_altor32_latest_final_dmem_mux3",868,1080,"./automated_nangate/automated_nangate_altor32_latest_final_dmem_mux3.v","automated_nangate","v","mux, memory",1536145516.82591,176,256,0
"automated_nangate_altor32_latest_final_intr_periph",215,377,"./automated_nangate/automated_nangate_altor32_latest_final_intr_periph.v","automated_nangate","v","cpu, ",1536145516.87391,53,33,0
"automated_nangate_altor32_latest_final_soc",1434,3287,"./automated_nangate/automated_nangate_altor32_latest_final_soc.v","automated_nangate","v","cpu, ",1536145517.2819,69,34,0
"automated_nangate_altor32_latest_final_soc_pif8",1506,1882,"./automated_nangate/automated_nangate_altor32_latest_final_soc_pif8.v","automated_nangate","v","cpu, ",1536145517.0019,324,369,0
"automated_nangate_altor32_latest_final_timer_periph",800,2009,"./automated_nangate/automated_nangate_altor32_latest_final_timer_periph.v","automated_nangate","v","cpu, ",1536145517.3579,44,34,0
"automated_nangate_amber_latest_final_a23_alu",766,1658,"./automated_nangate/automated_nangate_amber_latest_final_a23_alu.v","automated_nangate","v","alu, arithmetic, add, sub",1536195233.61063,75,36,0
"automated_nangate_amber_latest_final_a23_coprocessor",758,1520,"./automated_nangate/automated_nangate_amber_latest_final_a23_coprocessor.v","automated_nangate","v","cpu, coprocessor",1536195233.64663,95,66,0
"automated_nangate_amber_latest_final_a23_multiply",1335,3142,"./automated_nangate/automated_nangate_amber_latest_final_a23_multiply.v","automated_nangate","v","mult, arithmetic",1536195233.68663,69,35,0
"automated_nangate_amber_latest_final_a23_wishbone",508,986,"./automated_nangate/automated_nangate_amber_latest_final_a23_wishbone.v","automated_nangate","v","alu, arithmetic, add, sub",1536195233.86263,108,72,0
"automated_nangate_amber_latest_final_a25_alu",766,1658,"./automated_nangate/automated_nangate_amber_latest_final_a25_alu.v","automated_nangate","v","alu, arithmetic, add, sub",1536195233.88663,75,36,0
"automated_nangate_amber_latest_final_a25_coprocessor",758,1520,"./automated_nangate/automated_nangate_amber_latest_final_a25_coprocessor.v","automated_nangate","v","cpu, coprocessor",1536195233.94663,95,66,0
"automated_nangate_amber_latest_final_a25_multiply",1335,3142,"./automated_nangate/automated_nangate_amber_latest_final_a25_multiply.v","automated_nangate","v","mult, arithmetic",1536195233.99063,69,35,0
"automated_nangate_amber_latest_final_a25_wishbone",5905,12429,"./automated_nangate/automated_nangate_amber_latest_final_a25_wishbone.v","automated_nangate","v",,1536195234.21062,665,566,0
"automated_nangate_amber_latest_final_a25_wishbone_buf",1870,3408,"./automated_nangate/automated_nangate_amber_latest_final_a25_wishbone_buf.v","automated_nangate","v",,1536195234.04263,309,307,0
"automated_nangate_amber_latest_final_a25_write_back",222,308,"./automated_nangate/automated_nangate_amber_latest_final_a25_write_back.v","automated_nangate","v",,1536195234.25862,79,44,0
"automated_nangate_amber_latest_final_afifo",528,1195,"./automated_nangate/automated_nangate_amber_latest_final_afifo.v","automated_nangate","v","fifo, memory",1536195234.29862,36,34,0
"automated_nangate_amber_latest_final_boot_mem128",390871,1057429,"./automated_nangate/automated_nangate_amber_latest_final_boot_mem128.v","automated_nangate","v","memory",1536195247.53449,180,130,0
"automated_nangate_amber_latest_final_boot_mem32",414789,1098596,"./automated_nangate/automated_nangate_amber_latest_final_boot_mem32.v","automated_nangate","v","memory",1536195264.38233,72,34,0
"automated_nangate_amber_latest_final_ddr3_afifo",1644,3743,"./automated_nangate/automated_nangate_amber_latest_final_ddr3_afifo.v","automated_nangate","v","fifo, memory",1536195264.93432,110,108,0
"automated_nangate_amber_latest_final_eth_clockgen",72,150,"./automated_nangate/automated_nangate_amber_latest_final_eth_clockgen.v","automated_nangate","v",,1536195264.94232,10,3,0
"automated_nangate_amber_latest_final_eth_crc",198,450,"./automated_nangate/automated_nangate_amber_latest_final_eth_crc.v","automated_nangate","v",,1536195264.97432,8,33,0
"automated_nangate_amber_latest_final_eth_fifo",1127,2728,"./automated_nangate/automated_nangate_amber_latest_final_eth_fifo.v","automated_nangate","v","fifo, memory, eth",1536195265.03432,37,40,0
"automated_nangate_amber_latest_final_eth_maccontrol",847,1882,"./automated_nangate/automated_nangate_amber_latest_final_eth_maccontrol.v","automated_nangate","v","eth, interface",1536195265.06632,103,20,0
"automated_nangate_amber_latest_final_eth_macstatus",316,520,"./automated_nangate/automated_nangate_amber_latest_final_eth_macstatus.v","automated_nangate","v","eth, interface",1536195265.07832,94,19,0
"automated_nangate_amber_latest_final_eth_miim",393,920,"./automated_nangate/automated_nangate_amber_latest_final_eth_miim.v","automated_nangate","v","eth, interface",1536195265.11832,41,25,0
"automated_nangate_amber_latest_final_eth_outputcontrol",46,80,"./automated_nangate/automated_nangate_amber_latest_final_eth_outputcontrol.v","automated_nangate","v",,1536195265.14232,14,2,0
"automated_nangate_amber_latest_final_eth_random",102,212,"./automated_nangate/automated_nangate_amber_latest_final_eth_random.v","automated_nangate","v",,1536195265.15032,34,2,0
"automated_nangate_amber_latest_final_eth_receivecontrol",514,1129,"./automated_nangate/automated_nangate_amber_latest_final_eth_receivecontrol.v","automated_nangate","v","eth, interface",1536195265.19032,74,4,0
"automated_nangate_amber_latest_final_eth_register",53,89,"./automated_nangate/automated_nangate_amber_latest_final_eth_register.v","automated_nangate","v",,1536195265.26632,12,8,0
"automated_nangate_amber_latest_final_eth_registers",2037,4251,"./automated_nangate/automated_nangate_amber_latest_final_eth_registers.v","automated_nangate","v","eth, interface",1536195265.25832,80,290,0
"automated_nangate_amber_latest_final_eth_rxaddrcheck",351,583,"./automated_nangate/automated_nangate_amber_latest_final_eth_rxaddrcheck.v","automated_nangate","v","add, arithmetic, eth, interface",1536195265.28232,144,2,0
"automated_nangate_amber_latest_final_eth_rxcounters",333,732,"./automated_nangate/automated_nangate_amber_latest_final_eth_rxcounters.v","automated_nangate","v","eth, interface",1536195265.31832,30,32,0
"automated_nangate_amber_latest_final_eth_rxethmac",978,2147,"./automated_nangate/automated_nangate_amber_latest_final_eth_rxethmac.v","automated_nangate","v","eth, interface",1536195265.46632,143,38,0
"automated_nangate_amber_latest_final_eth_rxstatem",63,127,"./automated_nangate/automated_nangate_amber_latest_final_eth_rxstatem.v","automated_nangate","v",,1536195265.47432,10,6,0
"automated_nangate_amber_latest_final_eth_shiftreg",176,359,"./automated_nangate/automated_nangate_amber_latest_final_eth_shiftreg.v","automated_nangate","v",,1536195265.52232,37,18,0
"automated_nangate_amber_latest_final_eth_spram_256x32",26033,69573,"./automated_nangate/automated_nangate_amber_latest_final_eth_spram_256x32.v","automated_nangate","v","ram, memory",1536195266.46631,48,32,0
"automated_nangate_amber_latest_final_eth_top",37618,98857,"./automated_nangate/automated_nangate_amber_latest_final_eth_top.v","automated_nangate","v","topfile",1536195267.92629,96,115,0
"automated_nangate_amber_latest_final_eth_transmitcontrol",325,642,"./automated_nangate/automated_nangate_amber_latest_final_eth_transmitcontrol.v","automated_nangate","v","eth, interface",1536195268.01829,75,14,0
"automated_nangate_amber_latest_final_eth_txcounters",462,965,"./automated_nangate/automated_nangate_amber_latest_final_eth_txcounters.v","automated_nangate","v","eth, interface",1536195268.05829,55,40,0
"automated_nangate_amber_latest_final_eth_txethmac",977,2228,"./automated_nangate/automated_nangate_amber_latest_final_eth_txethmac.v","automated_nangate","v","eth, interface",1536195268.09029,85,24,0
"automated_nangate_amber_latest_final_eth_txstatem",226,412,"./automated_nangate/automated_nangate_amber_latest_final_eth_txstatem.v","automated_nangate","v","eth, interface",1536195268.12229,51,20,0
"automated_nangate_amber_latest_final_eth_wishbone",34398,88314,"./automated_nangate/automated_nangate_amber_latest_final_eth_wishbone.v","automated_nangate","v","eth, interface",1536195269.43428,145,122,0
"automated_nangate_amber_latest_final_generic_sram_byte_en",62428,150269,"./automated_nangate/automated_nangate_amber_latest_final_generic_sram_byte_en.v","automated_nangate","v","ram, memory",1536195271.51026,153,128,0
"automated_nangate_amber_latest_final_generic_sram_line_en",54907,138548,"./automated_nangate/automated_nangate_amber_latest_final_generic_sram_line_en.v","automated_nangate","v","ram, memory",1536195273.50224,137,128,0
"automated_nangate_amber_latest_final_wb_ddr3_bridge",948,1337,"./automated_nangate/automated_nangate_amber_latest_final_wb_ddr3_bridge.v","automated_nangate","v","cpu, ",1536195273.59824,203,213,0
"automated_nangate_Aquarius_latest_final_clk_gate",4,3,"./automated_nangate/automated_nangate_Aquarius_latest_final_clk_gate.v","automated_nangate","v",,1536191470.75976,2,1,0
"automated_nangate_Aquarius_latest_final_cpu",14499,36426,"./automated_nangate/automated_nangate_Aquarius_latest_final_cpu.v","automated_nangate","v","cpu, ",1536191471.30375,51,73,0
"automated_nangate_Aquarius_latest_final_decode",1810,4715,"./automated_nangate/automated_nangate_Aquarius_latest_final_decode.v","automated_nangate","v","cpu, ",1536191471.48375,42,136,0
"automated_nangate_Aquarius_latest_final_mem",961,1912,"./automated_nangate/automated_nangate_Aquarius_latest_final_mem.v","automated_nangate","v","memory",1536191486.7116,139,122,0
"automated_nangate_Aquarius_latest_final_memory",445561,1183434,"./automated_nangate/automated_nangate_Aquarius_latest_final_memory.v","automated_nangate","v","memory",1536191486.1916,53,32,0
"automated_nangate_Aquarius_latest_final_mult",5258,12112,"./automated_nangate/automated_nangate_Aquarius_latest_final_mult.v","automated_nangate","v","mult, arithmetic",1536191487.71959,79,65,0
"automated_nangate_Aquarius_latest_final_pio",237,333,"./automated_nangate/automated_nangate_Aquarius_latest_final_pio.v","automated_nangate","v","cpu, ",1536191487.78759,72,64,0
"automated_nangate_Aquarius_latest_final_register",3299,8689,"./automated_nangate/automated_nangate_Aquarius_latest_final_register.v","automated_nangate","v","cpu, ",1536191487.93159,84,96,0
"automated_nangate_Aquarius_latest_final_rom",1646,4544,"./automated_nangate/automated_nangate_Aquarius_latest_final_rom.v","automated_nangate","v","cpu, ",1536191488.09559,52,32,0
"automated_nangate_Aquarius_latest_final_sasc_brg",133,264,"./automated_nangate/automated_nangate_Aquarius_latest_final_sasc_brg.v","automated_nangate","v",,1536191488.12758,18,2,0
"automated_nangate_Aquarius_latest_final_sasc_fifo4",142,317,"./automated_nangate/automated_nangate_Aquarius_latest_final_sasc_fifo4.v","automated_nangate","v","fifo, memory",1536191488.15158,13,10,0
"automated_nangate_Aquarius_latest_final_sasc_top",415,967,"./automated_nangate/automated_nangate_Aquarius_latest_final_sasc_top.v","automated_nangate","v","topfile",1536191488.22358,16,12,0
"automated_nangate_Aquarius_latest_final_sys",481,956,"./automated_nangate/automated_nangate_Aquarius_latest_final_sys.v","automated_nangate","v","cpu, ",1536191488.27958,77,48,0
"automated_nangate_Aquarius_latest_final_top",461398,1223671,"./automated_nangate/automated_nangate_Aquarius_latest_final_top.v","automated_nangate","v","topfile",1536191504.08743,17,18,0
"automated_nangate_Aquarius_latest_final_uart",659,1488,"./automated_nangate/automated_nangate_Aquarius_latest_final_uart.v","automated_nangate","v","uart",1536191504.59942,42,34,0
"automated_nangate_asynchronous_master_spi_final_spi_master",308,764,"./automated_nangate/automated_nangate_asynchronous_master_spi_final_spi_master.v","automated_nangate","v",,1536153075.36057,20,6,0
"automated_nangate_bch_configurable_latest_final_test_bch_bm",78336,164203,"./automated_nangate/automated_nangate_bch_configurable_latest_final_test_bch_bm.v","automated_nangate","v",,1536153797.64146,605,617,0
"automated_nangate_bch_configurable_latest_final_test_correct",2243,5835,"./automated_nangate/automated_nangate_bch_configurable_latest_final_test_correct.v","automated_nangate","v",,1536153797.74946,40,19,0
"automated_nangate_bsim_final_aes_top_unrolled",5344,10087,"./automated_nangate/automated_nangate_bsim_final_aes_top_unrolled.v","automated_nangate","v","aes, crypto,  ,  topfile",1529595062.24081,195,32,0
"automated_nangate_c6288-RN320_final_c6288",1598,3316,"./automated_nangate/automated_nangate_c6288-RN320_final_c6288.v","automated_nangate","v",,1536144026.88819,64,32,0
"automated_nangate_c7552-NS5150_final_AntiSAT",861,900,"./automated_nangate/automated_nangate_c7552-NS5150_final_AntiSAT.v","automated_nangate","v",,1536144054.03993,466,1,0
"automated_nangate_c7552-NS5150_final_c7552",2044,3370,"./automated_nangate/automated_nangate_c7552-NS5150_final_c7552.v","automated_nangate","v",,1536144054.17993,722,108,0
"automated_nangate_ca_prng_latest_final_ca_prng",783,2048,"./automated_nangate/automated_nangate_ca_prng_latest_final_ca_prng.v","automated_nangate","v",,1536144059.24388,45,32,0
"automated_nangate_cavlc_latest_final_cavlc_fsm",221,472,"./automated_nangate/automated_nangate_cavlc_latest_final_cavlc_fsm.v","automated_nangate","v",,1536144118.85131,27,14,0
"automated_nangate_cavlc_latest_final_cavlc_len_gen",52,64,"./automated_nangate/automated_nangate_cavlc_latest_final_cavlc_len_gen.v","automated_nangate","v",,1536144118.88731,26,5,0
"automated_nangate_cavlc_latest_final_cavlc_read_levels",2055,5175,"./automated_nangate/automated_nangate_cavlc_latest_final_cavlc_read_levels.v","automated_nangate","v",,1536144119.15931,34,149,0
"automated_nangate_cavlc_latest_final_cavlc_read_run_befores",1609,3648,"./automated_nangate/automated_nangate_cavlc_latest_final_cavlc_read_run_befores.v","automated_nangate","v",,1536144119.37931,169,152,0
"automated_nangate_cavlc_latest_final_cavlc_read_total_coeffs",933,2337,"./automated_nangate/automated_nangate_cavlc_latest_final_cavlc_read_total_coeffs.v","automated_nangate","v",,1536144119.5353,27,19,0
"automated_nangate_cavlc_latest_final_cavlc_read_total_zeros",338,889,"./automated_nangate/automated_nangate_cavlc_latest_final_cavlc_read_total_zeros.v","automated_nangate","v",,1536144119.6633,16,8,0
"automated_nangate_cavlc_latest_final_cavlc_top",4811,12475,"./automated_nangate/automated_nangate_cavlc_latest_final_cavlc_top.v","automated_nangate","v","topfile",1536144120.3073,31,156,0
"automated_nangate_configurable_crc_core_latest_final_cfg_crc",32,59,"./automated_nangate/automated_nangate_configurable_crc_core_latest_final_cfg_crc.v","automated_nangate","v",,1536144124.21526,5,5,0
"automated_nangate_configurable_crc_core_latest_final_crc_7",29,56,"./automated_nangate/automated_nangate_configurable_crc_core_latest_final_crc_7.v","automated_nangate","v",,1536144124.23526,4,7,0
"automated_nangate_cookbook_final_ab_register",6731,13278,"./automated_nangate/automated_nangate_cookbook_final_ab_register.v","automated_nangate","v","register, memory",1536163571.92925,643,512,0
"automated_nangate_cookbook_final_adder_tree_node",151,243,"./automated_nangate/automated_nangate_cookbook_final_adder_tree_node.v","automated_nangate","v","add, arithmetic",1536163571.94525,33,17,0
"automated_nangate_cookbook_final_addsub",165,265,"./automated_nangate/automated_nangate_cookbook_final_addsub.v","automated_nangate","v","add, sub, addsub arithmetic",1536163571.96125,33,17,0
"automated_nangate_cookbook_final_approx_fp_div_lut",0,0,"./automated_nangate/automated_nangate_cookbook_final_approx_fp_div_lut.v","automated_nangate","v",,1536163571.97325,6,7,0
"automated_nangate_cookbook_final_approx_fp_sqrt",119,134,"./automated_nangate/automated_nangate_cookbook_final_approx_fp_sqrt.v","automated_nangate","v",,1536163571.98925,32,32,0
"automated_nangate_cookbook_final_arbiter",212,375,"./automated_nangate/automated_nangate_cookbook_final_arbiter.v","automated_nangate","v",,1536163572.00525,32,16,0
"automated_nangate_cookbook_final_asc_hex_to_nybble",16,17,"./automated_nangate/automated_nangate_cookbook_final_asc_hex_to_nybble.v","automated_nangate","v",,1536163572.02125,8,4,0
"automated_nangate_cookbook_final_asc_to_7seg",139,373,"./automated_nangate/automated_nangate_cookbook_final_asc_to_7seg.v","automated_nangate","v",,1536163572.07725,8,7,0
"automated_nangate_cookbook_final_ascii_to_bin",76,162,"./automated_nangate/automated_nangate_cookbook_final_ascii_to_bin.v","automated_nangate","v",,1536163572.04525,8,6,0
"automated_nangate_cookbook_final_big_sigma_0_512",256,320,"./automated_nangate/automated_nangate_cookbook_final_big_sigma_0_512.v","automated_nangate","v",,1536163572.09725,64,64,0
"automated_nangate_cookbook_final_big_sigma_1_512",256,320,"./automated_nangate/automated_nangate_cookbook_final_big_sigma_1_512.v","automated_nangate","v",,1536163572.11325,64,64,0
"automated_nangate_cookbook_final_bin_to_7seg",41,85,"./automated_nangate/automated_nangate_cookbook_final_bin_to_7seg.v","automated_nangate","v",,1536163572.12925,4,7,0
"automated_nangate_cookbook_final_bin_to_ascii",51,94,"./automated_nangate/automated_nangate_cookbook_final_bin_to_ascii.v","automated_nangate","v",,1536163572.14125,6,8,0
"automated_nangate_cookbook_final_bin_to_gray",24,23,"./automated_nangate/automated_nangate_cookbook_final_bin_to_gray.v","automated_nangate","v",,1536163572.17725,8,8,0
"automated_nangate_cookbook_final_bitscan",69,100,"./automated_nangate/automated_nangate_cookbook_final_bitscan.v","automated_nangate","v",,1536163572.18925,16,16,0
"automated_nangate_cookbook_final_buf_2to3",443,1085,"./automated_nangate/automated_nangate_cookbook_final_buf_2to3.v","automated_nangate","v",,1536163572.21724,20,26,0
"automated_nangate_cookbook_final_buf_3to2",474,1170,"./automated_nangate/automated_nangate_cookbook_final_buf_3to2.v","automated_nangate","v",,1536163572.24924,28,18,0
"automated_nangate_cookbook_final_bus_mux",259,352,"./automated_nangate/automated_nangate_cookbook_final_bus_mux.v","automated_nangate","v",,1536163572.26524,131,16,0
"automated_nangate_cookbook_final_c_rand",1345,2892,"./automated_nangate/automated_nangate_cookbook_final_c_rand.v","automated_nangate","v",,1536163572.57324,35,16,0
"automated_nangate_cookbook_final_chain_delay_adjust",307,718,"./automated_nangate/automated_nangate_cookbook_final_chain_delay_adjust.v","automated_nangate","v",,1536163572.28924,5,25,0
"automated_nangate_cookbook_final_chain_delay_race",151,314,"./automated_nangate/automated_nangate_cookbook_final_chain_delay_race.v","automated_nangate","v",,1536163572.30924,10,3,0
"automated_nangate_cookbook_final_chain_delay_rand",456,1086,"./automated_nangate/automated_nangate_cookbook_final_chain_delay_rand.v","automated_nangate","v",,1536163572.33324,2,11,0
"automated_nangate_cookbook_final_clock_follow",6,8,"./automated_nangate/automated_nangate_cookbook_final_clock_follow.v","automated_nangate","v",,1536163572.35724,1,1,0
"automated_nangate_cookbook_final_clock_mux",37,59,"./automated_nangate/automated_nangate_cookbook_final_clock_mux.v","automated_nangate","v",,1536163572.38924,8,1,0
"automated_nangate_cookbook_final_clock_mux_tb",0,0,"./automated_nangate/automated_nangate_cookbook_final_clock_mux_tb.v","automated_nangate","v",,1536163572.37724,0,0,0
"automated_nangate_cookbook_final_cntr",145,320,"./automated_nangate/automated_nangate_cookbook_final_cntr.v","automated_nangate","v",,1536163572.45324,21,16,0
"automated_nangate_cookbook_final_cntr_modulus",158,354,"./automated_nangate/automated_nangate_cookbook_final_cntr_modulus.v","automated_nangate","v",,1536163572.41324,21,16,0
"automated_nangate_cookbook_final_cntr_modulus_la",177,405,"./automated_nangate/automated_nangate_cookbook_final_cntr_modulus_la.v","automated_nangate","v",,1536163572.40124,21,16,0
"automated_nangate_cookbook_final_cntr_updn",193,424,"./automated_nangate/automated_nangate_cookbook_final_cntr_updn.v","automated_nangate","v",,1536163572.44124,22,16,0
"automated_nangate_cookbook_final_compress_32",160,208,"./automated_nangate/automated_nangate_cookbook_final_compress_32.v","automated_nangate","v",,1536163572.46524,48,32,0
"automated_nangate_cookbook_final_compress_42",258,385,"./automated_nangate/automated_nangate_cookbook_final_compress_42.v","automated_nangate","v",,1536163572.48524,65,33,0
"automated_nangate_cookbook_final_cordic",370,843,"./automated_nangate/automated_nangate_cookbook_final_cordic.v","automated_nangate","v",,1536163572.51324,6,4,0
"automated_nangate_cookbook_final_crc_flat",175,118,"./automated_nangate/automated_nangate_cookbook_final_crc_flat.v","automated_nangate","v",,1536163574.07723,59,58,0
"automated_nangate_cookbook_final_crc16_dat16_flat",162,226,"./automated_nangate/automated_nangate_cookbook_final_crc16_dat16_flat.v","automated_nangate","v",,1536163572.59324,32,16,0
"automated_nangate_cookbook_final_crc16_dat24_flat",225,335,"./automated_nangate/automated_nangate_cookbook_final_crc16_dat24_flat.v","automated_nangate","v","crc",1536163572.61324,40,16,0
"automated_nangate_cookbook_final_crc16_dat32_flat",357,582,"./automated_nangate/automated_nangate_cookbook_final_crc16_dat32_flat.v","automated_nangate","v","crc",1536163572.63724,48,16,0
"automated_nangate_cookbook_final_crc24_dat64_flat",1019,1812,"./automated_nangate/automated_nangate_cookbook_final_crc24_dat64_flat.v","automated_nangate","v","crc",1536163572.68924,88,24,0
"automated_nangate_cookbook_final_crc24_dat64_only_flat",713,1260,"./automated_nangate/automated_nangate_cookbook_final_crc24_dat64_only_flat.v","automated_nangate","v","crc",1536163572.72524,64,24,0
"automated_nangate_cookbook_final_crc24_zer64_flat",253,430,"./automated_nangate/automated_nangate_cookbook_final_crc24_zer64_flat.v","automated_nangate","v","crc",1536163572.74524,24,24,0
"automated_nangate_cookbook_final_crc24_zer64x2_flat",257,438,"./automated_nangate/automated_nangate_cookbook_final_crc24_zer64x2_flat.v","automated_nangate","v","crc",1536163572.76524,24,24,0
"automated_nangate_cookbook_final_crc24_zer64x3_flat",242,408,"./automated_nangate/automated_nangate_cookbook_final_crc24_zer64x3_flat.v","automated_nangate","v","crc",1536163572.78524,24,24,0
"automated_nangate_cookbook_final_crc32_dat104_flat",2240,4098,"./automated_nangate/automated_nangate_cookbook_final_crc32_dat104_flat.v","automated_nangate","v","crc",1536163573.07724,136,32,0
"automated_nangate_cookbook_final_crc32_dat112_flat",2377,4353,"./automated_nangate/automated_nangate_cookbook_final_crc32_dat112_flat.v","automated_nangate","v","crc",1536163573.17724,144,32,0
"automated_nangate_cookbook_final_crc32_dat120_flat",2557,4690,"./automated_nangate/automated_nangate_cookbook_final_crc32_dat120_flat.v","automated_nangate","v","crc",1536163573.28123,152,32,0
"automated_nangate_cookbook_final_crc32_dat128_flat",2716,4991,"./automated_nangate/automated_nangate_cookbook_final_crc32_dat128_flat.v","automated_nangate","v","crc",1536163573.36523,160,32,0
"automated_nangate_cookbook_final_crc32_dat16_flat",440,712,"./automated_nangate/automated_nangate_cookbook_final_crc32_dat16_flat.v","automated_nangate","v","crc",1536163573.39323,48,32,0
"automated_nangate_cookbook_final_crc32_dat24_flat",628,1069,"./automated_nangate/automated_nangate_cookbook_final_crc32_dat24_flat.v","automated_nangate","v","crc",1536163573.42523,56,32,0
"automated_nangate_cookbook_final_crc32_dat32_flat",922,1633,"./automated_nangate/automated_nangate_cookbook_final_crc32_dat32_flat.v","automated_nangate","v","crc",1536163573.46923,64,32,0
"automated_nangate_cookbook_final_crc32_dat40_flat",1049,1867,"./automated_nangate/automated_nangate_cookbook_final_crc32_dat40_flat.v","automated_nangate","v","crc",1536163573.51723,72,32,0
"automated_nangate_cookbook_final_crc32_dat48_flat",1188,2136,"./automated_nangate/automated_nangate_cookbook_final_crc32_dat48_flat.v","automated_nangate","v","crc",1536163573.57323,80,32,0
"automated_nangate_cookbook_final_crc32_dat56_flat",1349,2434,"./automated_nangate/automated_nangate_cookbook_final_crc32_dat56_flat.v","automated_nangate","v","crc",1536163573.63323,88,32,0
"automated_nangate_cookbook_final_crc32_dat64_flat",1502,2719,"./automated_nangate/automated_nangate_cookbook_final_crc32_dat64_flat.v","automated_nangate","v","crc",1536163573.71723,96,32,0
"automated_nangate_cookbook_final_crc32_dat72_flat",1613,2925,"./automated_nangate/automated_nangate_cookbook_final_crc32_dat72_flat.v","automated_nangate","v","crc",1536163573.77723,104,32,0
"automated_nangate_cookbook_final_crc32_dat80_flat",1767,3212,"./automated_nangate/automated_nangate_cookbook_final_crc32_dat80_flat.v","automated_nangate","v","crc",1536163573.86923,112,32,0
"automated_nangate_cookbook_final_crc32_dat88_flat",1925,3506,"./automated_nangate/automated_nangate_cookbook_final_crc32_dat88_flat.v","automated_nangate","v","crc",1536163573.97323,120,32,0
"automated_nangate_cookbook_final_crc32_dat96_flat",2059,3759,"./automated_nangate/automated_nangate_cookbook_final_crc32_dat96_flat.v","automated_nangate","v","crc",1536163574.06123,128,32,0
"automated_nangate_cookbook_final_crc32c_dat32_flat",938,1692,"./automated_nangate/automated_nangate_cookbook_final_crc32c_dat32_flat.v","automated_nangate","v","crc",1536163572.85324,64,32,0
"automated_nangate_cookbook_final_crc32c_dat64_flat",1354,2457,"./automated_nangate/automated_nangate_cookbook_final_crc32c_dat64_flat.v","automated_nangate","v","crc",1536163572.91724,96,32,0
"automated_nangate_cookbook_final_crc32c_dat64_only_flat",889,1603,"./automated_nangate/automated_nangate_cookbook_final_crc32c_dat64_only_flat.v","automated_nangate","v","crc",1536163572.96124,64,32,0
"automated_nangate_cookbook_final_crc32c_zer64_flat",392,681,"./automated_nangate/automated_nangate_cookbook_final_crc32c_zer64_flat.v","automated_nangate","v","crc",1536163572.98524,32,32,0
"automated_nangate_cookbook_final_dec_67_64",200,198,"./automated_nangate/automated_nangate_cookbook_final_dec_67_64.v","automated_nangate","v",,1536163574.09323,70,66,0
"automated_nangate_cookbook_final_des",15850,45424,"./automated_nangate/automated_nangate_cookbook_final_des.v","automated_nangate","v","des, crypto",1536163574.92922,142,64,0
"automated_nangate_cookbook_final_des_to_string",559,1022,"./automated_nangate/automated_nangate_cookbook_final_des_to_string.v","automated_nangate","v",,1536163574.28922,64,88,0
"automated_nangate_cookbook_final_descrambler",3705,7006,"./automated_nangate/automated_nangate_cookbook_final_descrambler.v","automated_nangate","v","ram, memory",1536163574.25722,515,512,0
"automated_nangate_cookbook_final_ecc_correction_16bit",122,292,"./automated_nangate/automated_nangate_cookbook_final_ecc_correction_16bit.v","automated_nangate","v",,1536163574.94922,6,17,0
"automated_nangate_cookbook_final_ecc_correction_32bit",229,544,"./automated_nangate/automated_nangate_cookbook_final_ecc_correction_32bit.v","automated_nangate","v","errorcorrection",1536163574.96522,7,33,0
"automated_nangate_cookbook_final_ecc_correction_64bit",393,966,"./automated_nangate/automated_nangate_cookbook_final_ecc_correction_64bit.v","automated_nangate","v","errorcorrection",1536163574.99322,8,65,0
"automated_nangate_cookbook_final_ecc_correction_8bit",61,129,"./automated_nangate/automated_nangate_cookbook_final_ecc_correction_8bit.v","automated_nangate","v",,1536163575.00522,5,9,0
"automated_nangate_cookbook_final_ecc_decode_2bit",59,148,"./automated_nangate/automated_nangate_cookbook_final_ecc_decode_2bit.v","automated_nangate","v",,1536163575.02122,6,5,0
"automated_nangate_cookbook_final_ecc_encode_2bit",14,13,"./automated_nangate/automated_nangate_cookbook_final_ecc_encode_2bit.v","automated_nangate","v",,1536163575.03322,2,6,0
"automated_nangate_cookbook_final_ecc_raw_data_16bit",48,32,"./automated_nangate/automated_nangate_cookbook_final_ecc_raw_data_16bit.v","automated_nangate","v",,1536163575.04522,24,16,0
"automated_nangate_cookbook_final_ecc_raw_data_32bit",96,64,"./automated_nangate/automated_nangate_cookbook_final_ecc_raw_data_32bit.v","automated_nangate","v",,1536163575.06122,41,32,0
"automated_nangate_cookbook_final_ecc_raw_data_64bit",192,128,"./automated_nangate/automated_nangate_cookbook_final_ecc_raw_data_64bit.v","automated_nangate","v",,1536163575.07722,74,64,0
"automated_nangate_cookbook_final_ecc_raw_data_8bit",24,16,"./automated_nangate/automated_nangate_cookbook_final_ecc_raw_data_8bit.v","automated_nangate","v",,1536163575.08922,15,8,0
"automated_nangate_cookbook_final_eight_input_rom",2,1,"./automated_nangate/automated_nangate_cookbook_final_eight_input_rom.v","automated_nangate","v",,1536163575.11722,8,1,0
"automated_nangate_cookbook_final_eight_to_one",19,22,"./automated_nangate/automated_nangate_cookbook_final_eight_to_one.v","automated_nangate","v",,1536163575.12922,11,1,0
"automated_nangate_cookbook_final_eight_to_twenty",8215,19603,"./automated_nangate/automated_nangate_cookbook_final_eight_to_twenty.v","automated_nangate","v",,1536163575.42921,532,1322,0
"automated_nangate_cookbook_final_enc_64_67",1522,3642,"./automated_nangate/automated_nangate_cookbook_final_enc_64_67.v","automated_nangate","v",,1536163575.50121,69,67,0
"automated_nangate_cookbook_final_encoder",1314,2716,"./automated_nangate/automated_nangate_cookbook_final_encoder.v","automated_nangate","v","encoder, decoder",1536163575.56121,13,128,0
"automated_nangate_cookbook_final_equal_const",13,12,"./automated_nangate/automated_nangate_cookbook_final_equal_const.v","automated_nangate","v",,1536163575.57321,8,1,0
"automated_nangate_cookbook_final_error_loc_poly_roots",325,414,"./automated_nangate/automated_nangate_cookbook_final_error_loc_poly_roots.v","automated_nangate","v",,1536163575.59321,72,73,0
"automated_nangate_cookbook_final_error_loc_poly_round",10818,21981,"./automated_nangate/automated_nangate_cookbook_final_error_loc_poly_round.v","automated_nangate","v",,1536163576.17321,393,260,0
"automated_nangate_cookbook_final_error_loc_poly_round_multi_step",4301,9362,"./automated_nangate/automated_nangate_cookbook_final_error_loc_poly_round_multi_step.v","automated_nangate","v","mult, arithmetic",1536163575.76121,396,261,0
"automated_nangate_cookbook_final_error_mag_poly_round",1962,3745,"./automated_nangate/automated_nangate_cookbook_final_error_mag_poly_round.v","automated_nangate","v",,1536163576.26121,144,8,0
"automated_nangate_cookbook_final_error_value_round",1175,2756,"./automated_nangate/automated_nangate_cookbook_final_error_value_round.v","automated_nangate","v","alu, arithmetic, add, sub",1536163576.3132,81,80,0
"automated_nangate_cookbook_final_expand",128,96,"./automated_nangate/automated_nangate_cookbook_final_expand.v","automated_nangate","v",,1536163576.3292,32,48,0
"automated_nangate_cookbook_final_fec_parity",485,804,"./automated_nangate/automated_nangate_cookbook_final_fec_parity.v","automated_nangate","v",,1536163576.3812,64,32,0
"automated_nangate_cookbook_final_fec_rot_1",96,68,"./automated_nangate/automated_nangate_cookbook_final_fec_rot_1.v","automated_nangate","v",,1536163576.5612,32,32,0
"automated_nangate_cookbook_final_fec_rot_10",98,99,"./automated_nangate/automated_nangate_cookbook_final_fec_rot_10.v","automated_nangate","v",,1536163576.3932,32,32,0
"automated_nangate_cookbook_final_fec_rot_11",100,104,"./automated_nangate/automated_nangate_cookbook_final_fec_rot_11.v","automated_nangate","v",,1536163576.4052,32,32,0
"automated_nangate_cookbook_final_fec_rot_12",106,115,"./automated_nangate/automated_nangate_cookbook_final_fec_rot_12.v","automated_nangate","v",,1536163576.4212,32,32,0
"automated_nangate_cookbook_final_fec_rot_13",111,122,"./automated_nangate/automated_nangate_cookbook_final_fec_rot_13.v","automated_nangate","v",,1536163576.4332,32,32,0
"automated_nangate_cookbook_final_fec_rot_14",111,122,"./automated_nangate/automated_nangate_cookbook_final_fec_rot_14.v","automated_nangate","v",,1536163576.4492,32,32,0
"automated_nangate_cookbook_final_fec_rot_15",115,128,"./automated_nangate/automated_nangate_cookbook_final_fec_rot_15.v","automated_nangate","v",,1536163576.4612,32,32,0
"automated_nangate_cookbook_final_fec_rot_16",119,136,"./automated_nangate/automated_nangate_cookbook_final_fec_rot_16.v","automated_nangate","v",,1536163576.5052,32,32,0
"automated_nangate_cookbook_final_fec_rot_17",126,149,"./automated_nangate/automated_nangate_cookbook_final_fec_rot_17.v","automated_nangate","v",,1536163576.5172,32,32,0
"automated_nangate_cookbook_final_fec_rot_18",133,163,"./automated_nangate/automated_nangate_cookbook_final_fec_rot_18.v","automated_nangate","v",,1536163576.5332,32,32,0
"automated_nangate_cookbook_final_fec_rot_19",137,170,"./automated_nangate/automated_nangate_cookbook_final_fec_rot_19.v","automated_nangate","v",,1536163576.5492,32,32,0
"automated_nangate_cookbook_final_fec_rot_2",96,72,"./automated_nangate/automated_nangate_cookbook_final_fec_rot_2.v","automated_nangate","v",,1536163576.6972,32,32,0
"automated_nangate_cookbook_final_fec_rot_20",142,179,"./automated_nangate/automated_nangate_cookbook_final_fec_rot_20.v","automated_nangate","v",,1536163576.5732,32,32,0
"automated_nangate_cookbook_final_fec_rot_21",148,190,"./automated_nangate/automated_nangate_cookbook_final_fec_rot_21.v","automated_nangate","v",,1536163576.5852,32,32,0
"automated_nangate_cookbook_final_fec_rot_22",154,203,"./automated_nangate/automated_nangate_cookbook_final_fec_rot_22.v","automated_nangate","v",,1536163576.5972,32,32,0
"automated_nangate_cookbook_final_fec_rot_23",159,214,"./automated_nangate/automated_nangate_cookbook_final_fec_rot_23.v","automated_nangate","v",,1536163576.6092,32,32,0
"automated_nangate_cookbook_final_fec_rot_24",169,235,"./automated_nangate/automated_nangate_cookbook_final_fec_rot_24.v","automated_nangate","v",,1536163576.6212,32,32,0
"automated_nangate_cookbook_final_fec_rot_25",177,251,"./automated_nangate/automated_nangate_cookbook_final_fec_rot_25.v","automated_nangate","v",,1536163576.6332,32,32,0
"automated_nangate_cookbook_final_fec_rot_26",187,272,"./automated_nangate/automated_nangate_cookbook_final_fec_rot_26.v","automated_nangate","v",,1536163576.6452,32,32,0
"automated_nangate_cookbook_final_fec_rot_27",195,288,"./automated_nangate/automated_nangate_cookbook_final_fec_rot_27.v","automated_nangate","v",,1536163576.6612,32,32,0
"automated_nangate_cookbook_final_fec_rot_28",204,307,"./automated_nangate/automated_nangate_cookbook_final_fec_rot_28.v","automated_nangate","v",,1536163576.6732,32,32,0
"automated_nangate_cookbook_final_fec_rot_29",207,315,"./automated_nangate/automated_nangate_cookbook_final_fec_rot_29.v","automated_nangate","v",,1536163576.6852,32,32,0
"automated_nangate_cookbook_final_fec_rot_3",96,75,"./automated_nangate/automated_nangate_cookbook_final_fec_rot_3.v","automated_nangate","v",,1536163576.7972,32,32,0
"automated_nangate_cookbook_final_fec_rot_30",217,335,"./automated_nangate/automated_nangate_cookbook_final_fec_rot_30.v","automated_nangate","v",,1536163576.7332,32,32,0
"automated_nangate_cookbook_final_fec_rot_31",223,347,"./automated_nangate/automated_nangate_cookbook_final_fec_rot_31.v","automated_nangate","v",,1536163576.7452,32,32,0
"automated_nangate_cookbook_final_fec_rot_32",225,354,"./automated_nangate/automated_nangate_cookbook_final_fec_rot_32.v","automated_nangate","v",,1536163576.7612,32,32,0
"automated_nangate_cookbook_final_fec_rot_4",96,78,"./automated_nangate/automated_nangate_cookbook_final_fec_rot_4.v","automated_nangate","v",,1536163576.8092,32,32,0
"automated_nangate_cookbook_final_fec_rot_5",96,81,"./automated_nangate/automated_nangate_cookbook_final_fec_rot_5.v","automated_nangate","v",,1536163576.8252,32,32,0
"automated_nangate_cookbook_final_fec_rot_6",96,84,"./automated_nangate/automated_nangate_cookbook_final_fec_rot_6.v","automated_nangate","v",,1536163576.8372,32,32,0
"automated_nangate_cookbook_final_fec_rot_7",96,87,"./automated_nangate/automated_nangate_cookbook_final_fec_rot_7.v","automated_nangate","v",,1536163576.8492,32,32,0
"automated_nangate_cookbook_final_fec_rot_8",96,90,"./automated_nangate/automated_nangate_cookbook_final_fec_rot_8.v","automated_nangate","v",,1536163576.8612,32,32,0
"automated_nangate_cookbook_final_fec_rot_9",96,93,"./automated_nangate/automated_nangate_cookbook_final_fec_rot_9.v","automated_nangate","v",,1536163576.8732,32,32,0
"automated_nangate_cookbook_final_fec_rot_n2112",277,456,"./automated_nangate/automated_nangate_cookbook_final_fec_rot_n2112.v","automated_nangate","v",,1536163576.8892,32,32,0
"automated_nangate_cookbook_final_final_permute",192,128,"./automated_nangate/automated_nangate_cookbook_final_final_permute.v","automated_nangate","v",,1536163576.9012,64,64,0
"automated_nangate_cookbook_final_five_to_twenty",4314,9286,"./automated_nangate/automated_nangate_cookbook_final_five_to_twenty.v","automated_nangate","v",,1536163577.0052,334,1322,0
"automated_nangate_cookbook_final_fixed_to_float",298,630,"./automated_nangate/automated_nangate_cookbook_final_fixed_to_float.v","automated_nangate","v",,1536163577.0252,9,32,0
"automated_nangate_cookbook_final_flag_array",157,335,"./automated_nangate/automated_nangate_cookbook_final_flag_array.v","automated_nangate","v",,1536163577.0652,19,2,0
"automated_nangate_cookbook_final_float_to_fixed",85,157,"./automated_nangate/automated_nangate_cookbook_final_float_to_fixed.v","automated_nangate","v",,1536163577.0772,32,9,0
"automated_nangate_cookbook_final_fn_ch",320,256,"./automated_nangate/automated_nangate_cookbook_final_fn_ch.v","automated_nangate","v",,1536163577.0892,192,64,0
"automated_nangate_cookbook_final_fn_maj",448,512,"./automated_nangate/automated_nangate_cookbook_final_fn_maj.v","automated_nangate","v",,1536163577.1132,192,64,0
"automated_nangate_cookbook_final_font_rom",2401,7159,"./automated_nangate/automated_nangate_cookbook_final_font_rom.v","automated_nangate","v",,1536163577.2172,12,24,0
"automated_nangate_cookbook_final_frequency_monitor",1069,2387,"./automated_nangate/automated_nangate_cookbook_final_frequency_monitor.v","automated_nangate","v",,1536163577.2732,5,80,0
"automated_nangate_cookbook_final_gearbox_20_22",437,1125,"./automated_nangate/automated_nangate_cookbook_final_gearbox_20_22.v","automated_nangate","v",,1536163577.3012,23,23,0
"automated_nangate_cookbook_final_gearbox_20_66",854,2046,"./automated_nangate/automated_nangate_cookbook_final_gearbox_20_66.v","automated_nangate","v",,1536163577.34919,22,67,0
"automated_nangate_cookbook_final_gearbox_20_67",753,2128,"./automated_nangate/automated_nangate_cookbook_final_gearbox_20_67.v","automated_nangate","v",,1536163577.38919,23,68,0
"automated_nangate_cookbook_final_gearbox_32_33",752,1952,"./automated_nangate/automated_nangate_cookbook_final_gearbox_32_33.v","automated_nangate","v",,1536163577.42919,36,34,0
"automated_nangate_cookbook_final_gearbox_32_66",895,2282,"./automated_nangate/automated_nangate_cookbook_final_gearbox_32_66.v","automated_nangate","v",,1536163577.47319,36,74,0
"automated_nangate_cookbook_final_gearbox_33_32",587,1473,"./automated_nangate/automated_nangate_cookbook_final_gearbox_33_32.v","automated_nangate","v",,1536163577.54119,37,34,0
"automated_nangate_cookbook_final_gearbox_40_66",1923,5685,"./automated_nangate/automated_nangate_cookbook_final_gearbox_40_66.v","automated_nangate","v",,1536163577.62919,42,69,0
"automated_nangate_cookbook_final_gearbox_40_67",1526,4161,"./automated_nangate/automated_nangate_cookbook_final_gearbox_40_67.v","automated_nangate","v",,1536163577.70119,43,68,0
"automated_nangate_cookbook_final_gearbox_66_20",1050,2837,"./automated_nangate/automated_nangate_cookbook_final_gearbox_66_20.v","automated_nangate","v",,1536163577.75719,68,21,0
"automated_nangate_cookbook_final_gearbox_66_32",840,2067,"./automated_nangate/automated_nangate_cookbook_final_gearbox_66_32.v","automated_nangate","v",,1536163577.80119,70,34,0
"automated_nangate_cookbook_final_gearbox_66_40",2056,5821,"./automated_nangate/automated_nangate_cookbook_final_gearbox_66_40.v","automated_nangate","v",,1536163577.88919,68,43,0
"automated_nangate_cookbook_final_gearbox_67_20",1364,4312,"./automated_nangate/automated_nangate_cookbook_final_gearbox_67_20.v","automated_nangate","v",,1536163577.95719,70,20,0
"automated_nangate_cookbook_final_gearbox_67_40",2002,5827,"./automated_nangate/automated_nangate_cookbook_final_gearbox_67_40.v","automated_nangate","v",,1536163578.04919,69,41,0
"automated_nangate_cookbook_final_gf_divide",853,2337,"./automated_nangate/automated_nangate_cookbook_final_gf_divide.v","automated_nangate","v","div, arithmetic",1536163578.09319,16,8,0
"automated_nangate_cookbook_final_gf_inverse",651,1936,"./automated_nangate/automated_nangate_cookbook_final_gf_inverse.v","automated_nangate","v","inv, arithmetic",1536163578.12919,8,8,0
"automated_nangate_cookbook_final_gf_mult",218,409,"./automated_nangate/automated_nangate_cookbook_final_gf_mult.v","automated_nangate","v","mult, arithmetic",1536163582.38515,16,8,0
"automated_nangate_cookbook_final_gf_mult_by_01",24,16,"./automated_nangate/automated_nangate_cookbook_final_gf_mult_by_01.v","automated_nangate","v","mult, arithmetic",1536163578.14119,8,8,0
"automated_nangate_cookbook_final_gf_mult_by_02",24,19,"./automated_nangate/automated_nangate_cookbook_final_gf_mult_by_02.v","automated_nangate","v","mult, arithmetic",1536163578.15319,8,8,0
"automated_nangate_cookbook_final_gf_mult_by_03",26,28,"./automated_nangate/automated_nangate_cookbook_final_gf_mult_by_03.v","automated_nangate","v","mult, arithmetic",1536163578.16519,8,8,0
"automated_nangate_cookbook_final_gf_mult_by_04",26,24,"./automated_nangate/automated_nangate_cookbook_final_gf_mult_by_04.v","automated_nangate","v","mult, arithmetic",1536163578.17719,8,8,0
"automated_nangate_cookbook_final_gf_mult_by_05",27,30,"./automated_nangate/automated_nangate_cookbook_final_gf_mult_by_05.v","automated_nangate","v","mult, arithmetic",1536163578.18919,8,8,0
"automated_nangate_cookbook_final_gf_mult_by_06",27,30,"./automated_nangate/automated_nangate_cookbook_final_gf_mult_by_06.v","automated_nangate","v","mult, arithmetic",1536163578.20119,8,8,0
"automated_nangate_cookbook_final_gf_mult_by_07",31,38,"./automated_nangate/automated_nangate_cookbook_final_gf_mult_by_07.v","automated_nangate","v","mult, arithmetic",1536163578.21319,8,8,0
"automated_nangate_cookbook_final_gf_mult_by_08",27,27,"./automated_nangate/automated_nangate_cookbook_final_gf_mult_by_08.v","automated_nangate","v","mult, arithmetic",1536163578.22919,8,8,0
"automated_nangate_cookbook_final_gf_mult_by_09",28,32,"./automated_nangate/automated_nangate_cookbook_final_gf_mult_by_09.v","automated_nangate","v","mult, arithmetic",1536163578.23719,8,8,0
"automated_nangate_cookbook_final_gf_mult_by_0a",28,32,"./automated_nangate/automated_nangate_cookbook_final_gf_mult_by_0a.v","automated_nangate","v","mult, arithmetic",1536163578.24919,8,8,0
"automated_nangate_cookbook_final_gf_mult_by_0b",33,42,"./automated_nangate/automated_nangate_cookbook_final_gf_mult_by_0b.v","automated_nangate","v","mult, arithmetic",1536163578.29319,8,8,0
"automated_nangate_cookbook_final_gf_mult_by_0c",30,36,"./automated_nangate/automated_nangate_cookbook_final_gf_mult_by_0c.v","automated_nangate","v","mult, arithmetic",1536163578.30519,8,8,0
"automated_nangate_cookbook_final_gf_mult_by_0d",36,48,"./automated_nangate/automated_nangate_cookbook_final_gf_mult_by_0d.v","automated_nangate","v","mult, arithmetic",1536163578.31719,8,8,0
"automated_nangate_cookbook_final_gf_mult_by_0e",34,44,"./automated_nangate/automated_nangate_cookbook_final_gf_mult_by_0e.v","automated_nangate","v","mult, arithmetic",1536163578.32918,8,8,0
"automated_nangate_cookbook_final_gf_mult_by_0f",36,48,"./automated_nangate/automated_nangate_cookbook_final_gf_mult_by_0f.v","automated_nangate","v","mult, arithmetic",1536163578.34118,8,8,0
"automated_nangate_cookbook_final_gf_mult_by_10",29,32,"./automated_nangate/automated_nangate_cookbook_final_gf_mult_by_10.v","automated_nangate","v","mult, arithmetic",1536163578.35318,8,8,0
"automated_nangate_cookbook_final_gf_mult_by_11",29,33,"./automated_nangate/automated_nangate_cookbook_final_gf_mult_by_11.v","automated_nangate","v","mult, arithmetic",1536163578.36518,8,8,0
"automated_nangate_cookbook_final_gf_mult_by_12",33,41,"./automated_nangate/automated_nangate_cookbook_final_gf_mult_by_12.v","automated_nangate","v","mult, arithmetic",1536163578.37718,8,8,0
"automated_nangate_cookbook_final_gf_mult_by_13",33,42,"./automated_nangate/automated_nangate_cookbook_final_gf_mult_by_13.v","automated_nangate","v","mult, arithmetic",1536163578.38918,8,8,0
"automated_nangate_cookbook_final_gf_mult_by_14",30,36,"./automated_nangate/automated_nangate_cookbook_final_gf_mult_by_14.v","automated_nangate","v","mult, arithmetic",1536163578.40518,8,8,0
"automated_nangate_cookbook_final_gf_mult_by_15",31,38,"./automated_nangate/automated_nangate_cookbook_final_gf_mult_by_15.v","automated_nangate","v","mult, arithmetic",1536163578.41718,8,8,0
"automated_nangate_cookbook_final_gf_mult_by_16",35,46,"./automated_nangate/automated_nangate_cookbook_final_gf_mult_by_16.v","automated_nangate","v","mult, arithmetic",1536163578.42918,8,8,0
"automated_nangate_cookbook_final_gf_mult_by_17",36,48,"./automated_nangate/automated_nangate_cookbook_final_gf_mult_by_17.v","automated_nangate","v","mult, arithmetic",1536163578.44118,8,8,0
"automated_nangate_cookbook_final_gf_mult_by_18",29,34,"./automated_nangate/automated_nangate_cookbook_final_gf_mult_by_18.v","automated_nangate","v","mult, arithmetic",1536163578.45318,8,8,0
"automated_nangate_cookbook_final_gf_mult_by_19",30,36,"./automated_nangate/automated_nangate_cookbook_final_gf_mult_by_19.v","automated_nangate","v","mult, arithmetic",1536163578.46518,8,8,0
"automated_nangate_cookbook_final_gf_mult_by_1a",32,40,"./automated_nangate/automated_nangate_cookbook_final_gf_mult_by_1a.v","automated_nangate","v","mult, arithmetic",1536163578.47718,8,8,0
"automated_nangate_cookbook_final_gf_mult_by_1b",32,40,"./automated_nangate/automated_nangate_cookbook_final_gf_mult_by_1b.v","automated_nangate","v","mult, arithmetic",1536163578.48918,8,8,0
"automated_nangate_cookbook_final_gf_mult_by_1c",32,40,"./automated_nangate/automated_nangate_cookbook_final_gf_mult_by_1c.v","automated_nangate","v","mult, arithmetic",1536163578.52118,8,8,0
"automated_nangate_cookbook_final_gf_mult_by_1d",33,42,"./automated_nangate/automated_nangate_cookbook_final_gf_mult_by_1d.v","automated_nangate","v","mult, arithmetic",1536163578.53318,8,8,0
"automated_nangate_cookbook_final_gf_mult_by_1e",40,55,"./automated_nangate/automated_nangate_cookbook_final_gf_mult_by_1e.v","automated_nangate","v","mult, arithmetic",1536163578.54918,8,8,0
"automated_nangate_cookbook_final_gf_mult_by_1f",35,46,"./automated_nangate/automated_nangate_cookbook_final_gf_mult_by_1f.v","automated_nangate","v","mult, arithmetic",1536163578.57318,8,8,0
"automated_nangate_cookbook_final_gf_mult_by_20",30,35,"./automated_nangate/automated_nangate_cookbook_final_gf_mult_by_20.v","automated_nangate","v","mult, arithmetic",1536163578.58518,8,8,0
"automated_nangate_cookbook_final_gf_mult_by_21",29,33,"./automated_nangate/automated_nangate_cookbook_final_gf_mult_by_21.v","automated_nangate","v","mult, arithmetic",1536163578.60118,8,8,0
"automated_nangate_cookbook_final_gf_mult_by_22",30,35,"./automated_nangate/automated_nangate_cookbook_final_gf_mult_by_22.v","automated_nangate","v","mult, arithmetic",1536163578.61318,8,8,0
"automated_nangate_cookbook_final_gf_mult_by_23",28,31,"./automated_nangate/automated_nangate_cookbook_final_gf_mult_by_23.v","automated_nangate","v","mult, arithmetic",1536163578.62518,8,8,0
"automated_nangate_cookbook_final_gf_mult_by_24",34,43,"./automated_nangate/automated_nangate_cookbook_final_gf_mult_by_24.v","automated_nangate","v","mult, arithmetic",1536163578.63718,8,8,0
"automated_nangate_cookbook_final_gf_mult_by_25",28,32,"./automated_nangate/automated_nangate_cookbook_final_gf_mult_by_25.v","automated_nangate","v","mult, arithmetic",1536163578.64918,8,8,0
"automated_nangate_cookbook_final_gf_mult_by_26",35,46,"./automated_nangate/automated_nangate_cookbook_final_gf_mult_by_26.v","automated_nangate","v","mult, arithmetic",1536163578.66118,8,8,0
"automated_nangate_cookbook_final_gf_mult_by_27",27,30,"./automated_nangate/automated_nangate_cookbook_final_gf_mult_by_27.v","automated_nangate","v","mult, arithmetic",1536163578.67318,8,8,0
"automated_nangate_cookbook_final_gf_mult_by_28",32,39,"./automated_nangate/automated_nangate_cookbook_final_gf_mult_by_28.v","automated_nangate","v","mult, arithmetic",1536163578.68918,8,8,0
"automated_nangate_cookbook_final_gf_mult_by_29",32,40,"./automated_nangate/automated_nangate_cookbook_final_gf_mult_by_29.v","automated_nangate","v","mult, arithmetic",1536163578.70118,8,8,0
"automated_nangate_cookbook_final_gf_mult_by_2a",31,38,"./automated_nangate/automated_nangate_cookbook_final_gf_mult_by_2a.v","automated_nangate","v","mult, arithmetic",1536163578.71318,8,8,0
"automated_nangate_cookbook_final_gf_mult_by_2b",28,32,"./automated_nangate/automated_nangate_cookbook_final_gf_mult_by_2b.v","automated_nangate","v","mult, arithmetic",1536163578.72518,8,8,0
"automated_nangate_cookbook_final_gf_mult_by_2c",35,46,"./automated_nangate/automated_nangate_cookbook_final_gf_mult_by_2c.v","automated_nangate","v","mult, arithmetic",1536163578.74118,8,8,0
"automated_nangate_cookbook_final_gf_mult_by_2d",35,46,"./automated_nangate/automated_nangate_cookbook_final_gf_mult_by_2d.v","automated_nangate","v","mult, arithmetic",1536163578.75318,8,8,0
"automated_nangate_cookbook_final_gf_mult_by_2e",35,46,"./automated_nangate/automated_nangate_cookbook_final_gf_mult_by_2e.v","automated_nangate","v","mult, arithmetic",1536163578.76918,8,8,0
"automated_nangate_cookbook_final_gf_mult_by_2f",34,44,"./automated_nangate/automated_nangate_cookbook_final_gf_mult_by_2f.v","automated_nangate","v","mult, arithmetic",1536163578.78118,8,8,0
"automated_nangate_cookbook_final_gf_mult_by_30",31,38,"./automated_nangate/automated_nangate_cookbook_final_gf_mult_by_30.v","automated_nangate","v","mult, arithmetic",1536163578.79318,8,8,0
"automated_nangate_cookbook_final_gf_mult_by_31",34,43,"./automated_nangate/automated_nangate_cookbook_final_gf_mult_by_31.v","automated_nangate","v","mult, arithmetic",1536163578.80518,8,8,0
"automated_nangate_cookbook_final_gf_mult_by_32",30,36,"./automated_nangate/automated_nangate_cookbook_final_gf_mult_by_32.v","automated_nangate","v","mult, arithmetic",1536163578.81718,8,8,0
"automated_nangate_cookbook_final_gf_mult_by_33",34,44,"./automated_nangate/automated_nangate_cookbook_final_gf_mult_by_33.v","automated_nangate","v","mult, arithmetic",1536163578.82918,8,8,0
"automated_nangate_cookbook_final_gf_mult_by_34",34,44,"./automated_nangate/automated_nangate_cookbook_final_gf_mult_by_34.v","automated_nangate","v","mult, arithmetic",1536163578.84118,8,8,0
"automated_nangate_cookbook_final_gf_mult_by_35",37,49,"./automated_nangate/automated_nangate_cookbook_final_gf_mult_by_35.v","automated_nangate","v","mult, arithmetic",1536163578.85318,8,8,0
"automated_nangate_cookbook_final_gf_mult_by_36",30,36,"./automated_nangate/automated_nangate_cookbook_final_gf_mult_by_36.v","automated_nangate","v","mult, arithmetic",1536163578.86518,8,8,0
"automated_nangate_cookbook_final_gf_mult_by_37",35,46,"./automated_nangate/automated_nangate_cookbook_final_gf_mult_by_37.v","automated_nangate","v","mult, arithmetic",1536163578.87718,8,8,0
"automated_nangate_cookbook_final_gf_mult_by_38",33,42,"./automated_nangate/automated_nangate_cookbook_final_gf_mult_by_38.v","automated_nangate","v","mult, arithmetic",1536163578.89318,8,8,0
"automated_nangate_cookbook_final_gf_mult_by_39",38,50,"./automated_nangate/automated_nangate_cookbook_final_gf_mult_by_39.v","automated_nangate","v","mult, arithmetic",1536163578.90518,8,8,0
"automated_nangate_cookbook_final_gf_mult_by_3a",33,42,"./automated_nangate/automated_nangate_cookbook_final_gf_mult_by_3a.v","automated_nangate","v","mult, arithmetic",1536163578.91718,8,8,0
"automated_nangate_cookbook_final_gf_mult_by_3b",36,48,"./automated_nangate/automated_nangate_cookbook_final_gf_mult_by_3b.v","automated_nangate","v","mult, arithmetic",1536163578.92918,8,8,0
"automated_nangate_cookbook_final_gf_mult_by_3c",36,48,"./automated_nangate/automated_nangate_cookbook_final_gf_mult_by_3c.v","automated_nangate","v","mult, arithmetic",1536163578.94118,8,8,0
"automated_nangate_cookbook_final_gf_mult_by_3d",35,46,"./automated_nangate/automated_nangate_cookbook_final_gf_mult_by_3d.v","automated_nangate","v","mult, arithmetic",1536163578.95318,8,8,0
"automated_nangate_cookbook_final_gf_mult_by_3e",36,48,"./automated_nangate/automated_nangate_cookbook_final_gf_mult_by_3e.v","automated_nangate","v","mult, arithmetic",1536163578.96518,8,8,0
"automated_nangate_cookbook_final_gf_mult_by_3f",38,52,"./automated_nangate/automated_nangate_cookbook_final_gf_mult_by_3f.v","automated_nangate","v","mult, arithmetic",1536163578.98118,8,8,0
"automated_nangate_cookbook_final_gf_mult_by_40",31,38,"./automated_nangate/automated_nangate_cookbook_final_gf_mult_by_40.v","automated_nangate","v","mult, arithmetic",1536163579.01318,8,8,0
"automated_nangate_cookbook_final_gf_mult_by_41",31,37,"./automated_nangate/automated_nangate_cookbook_final_gf_mult_by_41.v","automated_nangate","v","mult, arithmetic",1536163579.02518,8,8,0
"automated_nangate_cookbook_final_gf_mult_by_42",31,37,"./automated_nangate/automated_nangate_cookbook_final_gf_mult_by_42.v","automated_nangate","v","mult, arithmetic",1536163579.03718,8,8,0
"automated_nangate_cookbook_final_gf_mult_by_43",30,34,"./automated_nangate/automated_nangate_cookbook_final_gf_mult_by_43.v","automated_nangate","v","mult, arithmetic",1536163579.04918,8,8,0
"automated_nangate_cookbook_final_gf_mult_by_44",33,40,"./automated_nangate/automated_nangate_cookbook_final_gf_mult_by_44.v","automated_nangate","v","mult, arithmetic",1536163579.06118,8,8,0
"automated_nangate_cookbook_final_gf_mult_by_45",28,32,"./automated_nangate/automated_nangate_cookbook_final_gf_mult_by_45.v","automated_nangate","v","mult, arithmetic",1536163579.07318,8,8,0
"automated_nangate_cookbook_final_gf_mult_by_46",27,29,"./automated_nangate/automated_nangate_cookbook_final_gf_mult_by_46.v","automated_nangate","v","mult, arithmetic",1536163579.08518,8,8,0
"automated_nangate_cookbook_final_gf_mult_by_47",25,22,"./automated_nangate/automated_nangate_cookbook_final_gf_mult_by_47.v","automated_nangate","v","mult, arithmetic",1536163579.09718,8,8,0
"automated_nangate_cookbook_final_gf_mult_by_48",33,42,"./automated_nangate/automated_nangate_cookbook_final_gf_mult_by_48.v","automated_nangate","v","mult, arithmetic",1536163579.10918,8,8,0
"automated_nangate_cookbook_final_gf_mult_by_49",37,49,"./automated_nangate/automated_nangate_cookbook_final_gf_mult_by_49.v","automated_nangate","v","mult, arithmetic",1536163579.12118,8,8,0
"automated_nangate_cookbook_final_gf_mult_by_4a",28,32,"./automated_nangate/automated_nangate_cookbook_final_gf_mult_by_4a.v","automated_nangate","v","mult, arithmetic",1536163579.13318,8,8,0
"automated_nangate_cookbook_final_gf_mult_by_4b",33,42,"./automated_nangate/automated_nangate_cookbook_final_gf_mult_by_4b.v","automated_nangate","v","mult, arithmetic",1536163579.14918,8,8,0
"automated_nangate_cookbook_final_gf_mult_by_4c",33,42,"./automated_nangate/automated_nangate_cookbook_final_gf_mult_by_4c.v","automated_nangate","v","mult, arithmetic",1536163579.16118,8,8,0
"automated_nangate_cookbook_final_gf_mult_by_4d",32,40,"./automated_nangate/automated_nangate_cookbook_final_gf_mult_by_4d.v","automated_nangate","v","mult, arithmetic",1536163579.17318,8,8,0
"automated_nangate_cookbook_final_gf_mult_by_4e",27,30,"./automated_nangate/automated_nangate_cookbook_final_gf_mult_by_4e.v","automated_nangate","v","mult, arithmetic",1536163579.18518,8,8,0
"automated_nangate_cookbook_final_gf_mult_by_4f",29,34,"./automated_nangate/automated_nangate_cookbook_final_gf_mult_by_4f.v","automated_nangate","v","mult, arithmetic",1536163579.19718,8,8,0
"automated_nangate_cookbook_final_gf_mult_by_50",35,46,"./automated_nangate/automated_nangate_cookbook_final_gf_mult_by_50.v","automated_nangate","v","mult, arithmetic",1536163579.20918,8,8,0
"automated_nangate_cookbook_final_gf_mult_by_51",32,38,"./automated_nangate/automated_nangate_cookbook_final_gf_mult_by_51.v","automated_nangate","v","mult, arithmetic",1536163579.22118,8,8,0
"automated_nangate_cookbook_final_gf_mult_by_52",33,42,"./automated_nangate/automated_nangate_cookbook_final_gf_mult_by_52.v","automated_nangate","v","mult, arithmetic",1536163579.23318,8,8,0
"automated_nangate_cookbook_final_gf_mult_by_53",28,31,"./automated_nangate/automated_nangate_cookbook_final_gf_mult_by_53.v","automated_nangate","v","mult, arithmetic",1536163579.24518,8,8,0
"automated_nangate_cookbook_final_gf_mult_by_54",31,38,"./automated_nangate/automated_nangate_cookbook_final_gf_mult_by_54.v","automated_nangate","v","mult, arithmetic",1536163579.26118,8,8,0
"automated_nangate_cookbook_final_gf_mult_by_55",35,45,"./automated_nangate/automated_nangate_cookbook_final_gf_mult_by_55.v","automated_nangate","v","mult, arithmetic",1536163579.27318,8,8,0
"automated_nangate_cookbook_final_gf_mult_by_56",26,28,"./automated_nangate/automated_nangate_cookbook_final_gf_mult_by_56.v","automated_nangate","v","mult, arithmetic",1536163579.29318,8,8,0
"automated_nangate_cookbook_final_gf_mult_by_57",31,38,"./automated_nangate/automated_nangate_cookbook_final_gf_mult_by_57.v","automated_nangate","v","mult, arithmetic",1536163579.30518,8,8,0
"automated_nangate_cookbook_final_gf_mult_by_58",35,45,"./automated_nangate/automated_nangate_cookbook_final_gf_mult_by_58.v","automated_nangate","v","mult, arithmetic",1536163579.31718,8,8,0
"automated_nangate_cookbook_final_gf_mult_by_59",36,47,"./automated_nangate/automated_nangate_cookbook_final_gf_mult_by_59.v","automated_nangate","v","mult, arithmetic",1536163579.32918,8,8,0
"automated_nangate_cookbook_final_gf_mult_by_5a",33,42,"./automated_nangate/automated_nangate_cookbook_final_gf_mult_by_5a.v","automated_nangate","v","mult, arithmetic",1536163579.34917,8,8,0
"automated_nangate_cookbook_final_gf_mult_by_5b",37,49,"./automated_nangate/automated_nangate_cookbook_final_gf_mult_by_5b.v","automated_nangate","v","mult, arithmetic",1536163579.36117,8,8,0
"automated_nangate_cookbook_final_gf_mult_by_5c",33,42,"./automated_nangate/automated_nangate_cookbook_final_gf_mult_by_5c.v","automated_nangate","v","mult, arithmetic",1536163579.37717,8,8,0
"automated_nangate_cookbook_final_gf_mult_by_5d",39,54,"./automated_nangate/automated_nangate_cookbook_final_gf_mult_by_5d.v","automated_nangate","v","mult, arithmetic",1536163579.38917,8,8,0
"automated_nangate_cookbook_final_gf_mult_by_5e",34,44,"./automated_nangate/automated_nangate_cookbook_final_gf_mult_by_5e.v","automated_nangate","v","mult, arithmetic",1536163579.42117,8,8,0
"automated_nangate_cookbook_final_gf_mult_by_5f",37,50,"./automated_nangate/automated_nangate_cookbook_final_gf_mult_by_5f.v","automated_nangate","v","mult, arithmetic",1536163579.43317,8,8,0
"automated_nangate_cookbook_final_gf_mult_by_60",29,34,"./automated_nangate/automated_nangate_cookbook_final_gf_mult_by_60.v","automated_nangate","v","mult, arithmetic",1536163579.46117,8,8,0
"automated_nangate_cookbook_final_gf_mult_by_61",33,42,"./automated_nangate/automated_nangate_cookbook_final_gf_mult_by_61.v","automated_nangate","v","mult, arithmetic",1536163579.47717,8,8,0
"automated_nangate_cookbook_final_gf_mult_by_62",35,46,"./automated_nangate/automated_nangate_cookbook_final_gf_mult_by_62.v","automated_nangate","v","mult, arithmetic",1536163579.49317,8,8,0
"automated_nangate_cookbook_final_gf_mult_by_63",37,50,"./automated_nangate/automated_nangate_cookbook_final_gf_mult_by_63.v","automated_nangate","v","mult, arithmetic",1536163579.52517,8,8,0
"automated_nangate_cookbook_final_gf_mult_by_64",29,34,"./automated_nangate/automated_nangate_cookbook_final_gf_mult_by_64.v","automated_nangate","v","mult, arithmetic",1536163579.53717,8,8,0
"automated_nangate_cookbook_final_gf_mult_by_65",34,44,"./automated_nangate/automated_nangate_cookbook_final_gf_mult_by_65.v","automated_nangate","v","mult, arithmetic",1536163579.54917,8,8,0
"automated_nangate_cookbook_final_gf_mult_by_66",36,48,"./automated_nangate/automated_nangate_cookbook_final_gf_mult_by_66.v","automated_nangate","v","mult, arithmetic",1536163579.56517,8,8,0
"automated_nangate_cookbook_final_gf_mult_by_67",38,52,"./automated_nangate/automated_nangate_cookbook_final_gf_mult_by_67.v","automated_nangate","v","mult, arithmetic",1536163579.57717,8,8,0
"automated_nangate_cookbook_final_gf_mult_by_68",34,44,"./automated_nangate/automated_nangate_cookbook_final_gf_mult_by_68.v","automated_nangate","v","mult, arithmetic",1536163579.59717,8,8,0
"automated_nangate_cookbook_final_gf_mult_by_69",36,48,"./automated_nangate/automated_nangate_cookbook_final_gf_mult_by_69.v","automated_nangate","v","mult, arithmetic",1536163579.61317,8,8,0
"automated_nangate_cookbook_final_gf_mult_by_6a",37,49,"./automated_nangate/automated_nangate_cookbook_final_gf_mult_by_6a.v","automated_nangate","v","mult, arithmetic",1536163579.62517,8,8,0
"automated_nangate_cookbook_final_gf_mult_by_6b",35,46,"./automated_nangate/automated_nangate_cookbook_final_gf_mult_by_6b.v","automated_nangate","v","mult, arithmetic",1536163579.63717,8,8,0
"automated_nangate_cookbook_final_gf_mult_by_6c",29,33,"./automated_nangate/automated_nangate_cookbook_final_gf_mult_by_6c.v","automated_nangate","v","mult, arithmetic",1536163579.66517,8,8,0
"automated_nangate_cookbook_final_gf_mult_by_6d",32,40,"./automated_nangate/automated_nangate_cookbook_final_gf_mult_by_6d.v","automated_nangate","v","mult, arithmetic",1536163579.67717,8,8,0
"automated_nangate_cookbook_final_gf_mult_by_6e",35,46,"./automated_nangate/automated_nangate_cookbook_final_gf_mult_by_6e.v","automated_nangate","v","mult, arithmetic",1536163579.68917,8,8,0
"automated_nangate_cookbook_final_gf_mult_by_6f",35,46,"./automated_nangate/automated_nangate_cookbook_final_gf_mult_by_6f.v","automated_nangate","v","mult, arithmetic",1536163579.70117,8,8,0
"automated_nangate_cookbook_final_gf_mult_by_70",33,41,"./automated_nangate/automated_nangate_cookbook_final_gf_mult_by_70.v","automated_nangate","v","mult, arithmetic",1536163579.71317,8,8,0
"automated_nangate_cookbook_final_gf_mult_by_71",31,38,"./automated_nangate/automated_nangate_cookbook_final_gf_mult_by_71.v","automated_nangate","v","mult, arithmetic",1536163579.72517,8,8,0
"automated_nangate_cookbook_final_gf_mult_by_72",39,52,"./automated_nangate/automated_nangate_cookbook_final_gf_mult_by_72.v","automated_nangate","v","mult, arithmetic",1536163579.73717,8,8,0
"automated_nangate_cookbook_final_gf_mult_by_73",34,44,"./automated_nangate/automated_nangate_cookbook_final_gf_mult_by_73.v","automated_nangate","v","mult, arithmetic",1536163579.74917,8,8,0
"automated_nangate_cookbook_final_gf_mult_by_74",34,44,"./automated_nangate/automated_nangate_cookbook_final_gf_mult_by_74.v","automated_nangate","v","mult, arithmetic",1536163579.77317,8,8,0
"automated_nangate_cookbook_final_gf_mult_by_75",30,36,"./automated_nangate/automated_nangate_cookbook_final_gf_mult_by_75.v","automated_nangate","v","mult, arithmetic",1536163579.78517,8,8,0
"automated_nangate_cookbook_final_gf_mult_by_76",33,42,"./automated_nangate/automated_nangate_cookbook_final_gf_mult_by_76.v","automated_nangate","v","mult, arithmetic",1536163579.79717,8,8,0
"automated_nangate_cookbook_final_gf_mult_by_77",32,40,"./automated_nangate/automated_nangate_cookbook_final_gf_mult_by_77.v","automated_nangate","v","mult, arithmetic",1536163579.80917,8,8,0
"automated_nangate_cookbook_final_gf_mult_by_78",37,50,"./automated_nangate/automated_nangate_cookbook_final_gf_mult_by_78.v","automated_nangate","v","mult, arithmetic",1536163579.82517,8,8,0
"automated_nangate_cookbook_final_gf_mult_by_79",37,50,"./automated_nangate/automated_nangate_cookbook_final_gf_mult_by_79.v","automated_nangate","v","mult, arithmetic",1536163579.83717,8,8,0
"automated_nangate_cookbook_final_gf_mult_by_7a",34,44,"./automated_nangate/automated_nangate_cookbook_final_gf_mult_by_7a.v","automated_nangate","v","mult, arithmetic",1536163579.84917,8,8,0
"automated_nangate_cookbook_final_gf_mult_by_7b",38,52,"./automated_nangate/automated_nangate_cookbook_final_gf_mult_by_7b.v","automated_nangate","v","mult, arithmetic",1536163579.86117,8,8,0
"automated_nangate_cookbook_final_gf_mult_by_7c",38,52,"./automated_nangate/automated_nangate_cookbook_final_gf_mult_by_7c.v","automated_nangate","v","mult, arithmetic",1536163579.88517,8,8,0
"automated_nangate_cookbook_final_gf_mult_by_7d",36,47,"./automated_nangate/automated_nangate_cookbook_final_gf_mult_by_7d.v","automated_nangate","v","mult, arithmetic",1536163579.90117,8,8,0
"automated_nangate_cookbook_final_gf_mult_by_7e",40,55,"./automated_nangate/automated_nangate_cookbook_final_gf_mult_by_7e.v","automated_nangate","v","mult, arithmetic",1536163579.91317,8,8,0
"automated_nangate_cookbook_final_gf_mult_by_7f",38,52,"./automated_nangate/automated_nangate_cookbook_final_gf_mult_by_7f.v","automated_nangate","v","mult, arithmetic",1536163579.92517,8,8,0
"automated_nangate_cookbook_final_gf_mult_by_80",33,42,"./automated_nangate/automated_nangate_cookbook_final_gf_mult_by_80.v","automated_nangate","v","mult, arithmetic",1536163579.93717,8,8,0
"automated_nangate_cookbook_final_gf_mult_by_81",34,44,"./automated_nangate/automated_nangate_cookbook_final_gf_mult_by_81.v","automated_nangate","v","mult, arithmetic",1536163579.96917,8,8,0
"automated_nangate_cookbook_final_gf_mult_by_82",31,38,"./automated_nangate/automated_nangate_cookbook_final_gf_mult_by_82.v","automated_nangate","v","mult, arithmetic",1536163579.98117,8,8,0
"automated_nangate_cookbook_final_gf_mult_by_83",35,45,"./automated_nangate/automated_nangate_cookbook_final_gf_mult_by_83.v","automated_nangate","v","mult, arithmetic",1536163579.99717,8,8,0
"automated_nangate_cookbook_final_gf_mult_by_84",32,38,"./automated_nangate/automated_nangate_cookbook_final_gf_mult_by_84.v","automated_nangate","v","mult, arithmetic",1536163580.02117,8,8,0
"automated_nangate_cookbook_final_gf_mult_by_85",35,46,"./automated_nangate/automated_nangate_cookbook_final_gf_mult_by_85.v","automated_nangate","v","mult, arithmetic",1536163580.03317,8,8,0
"automated_nangate_cookbook_final_gf_mult_by_86",29,33,"./automated_nangate/automated_nangate_cookbook_final_gf_mult_by_86.v","automated_nangate","v","mult, arithmetic",1536163580.04517,8,8,0
"automated_nangate_cookbook_final_gf_mult_by_87",32,40,"./automated_nangate/automated_nangate_cookbook_final_gf_mult_by_87.v","automated_nangate","v","mult, arithmetic",1536163580.05717,8,8,0
"automated_nangate_cookbook_final_gf_mult_by_88",34,44,"./automated_nangate/automated_nangate_cookbook_final_gf_mult_by_88.v","automated_nangate","v","mult, arithmetic",1536163580.08517,8,8,0
"automated_nangate_cookbook_final_gf_mult_by_89",32,40,"./automated_nangate/automated_nangate_cookbook_final_gf_mult_by_89.v","automated_nangate","v","mult, arithmetic",1536163580.09717,8,8,0
"automated_nangate_cookbook_final_gf_mult_by_8a",28,32,"./automated_nangate/automated_nangate_cookbook_final_gf_mult_by_8a.v","automated_nangate","v","mult, arithmetic",1536163580.10917,8,8,0
"automated_nangate_cookbook_final_gf_mult_by_8b",34,43,"./automated_nangate/automated_nangate_cookbook_final_gf_mult_by_8b.v","automated_nangate","v","mult, arithmetic",1536163580.12117,8,8,0
"automated_nangate_cookbook_final_gf_mult_by_8c",27,29,"./automated_nangate/automated_nangate_cookbook_final_gf_mult_by_8c.v","automated_nangate","v","mult, arithmetic",1536163580.13717,8,8,0
"automated_nangate_cookbook_final_gf_mult_by_8d",31,38,"./automated_nangate/automated_nangate_cookbook_final_gf_mult_by_8d.v","automated_nangate","v","mult, arithmetic",1536163580.14917,8,8,0
"automated_nangate_cookbook_final_gf_mult_by_8e",24,19,"./automated_nangate/automated_nangate_cookbook_final_gf_mult_by_8e.v","automated_nangate","v","mult, arithmetic",1536163580.16117,8,8,0
"automated_nangate_cookbook_final_gf_mult_by_8f",25,26,"./automated_nangate/automated_nangate_cookbook_final_gf_mult_by_8f.v","automated_nangate","v","mult, arithmetic",1536163580.17317,8,8,0
"automated_nangate_cookbook_final_gf_mult_by_90",38,52,"./automated_nangate/automated_nangate_cookbook_final_gf_mult_by_90.v","automated_nangate","v","mult, arithmetic",1536163580.18517,8,8,0
"automated_nangate_cookbook_final_gf_mult_by_91",40,56,"./automated_nangate/automated_nangate_cookbook_final_gf_mult_by_91.v","automated_nangate","v","mult, arithmetic",1536163580.19717,8,8,0
"automated_nangate_cookbook_final_gf_mult_by_92",36,47,"./automated_nangate/automated_nangate_cookbook_final_gf_mult_by_92.v","automated_nangate","v","mult, arithmetic",1536163580.20917,8,8,0
"automated_nangate_cookbook_final_gf_mult_by_93",33,42,"./automated_nangate/automated_nangate_cookbook_final_gf_mult_by_93.v","automated_nangate","v","mult, arithmetic",1536163580.22117,8,8,0
"automated_nangate_cookbook_final_gf_mult_by_94",30,36,"./automated_nangate/automated_nangate_cookbook_final_gf_mult_by_94.v","automated_nangate","v","mult, arithmetic",1536163580.24117,8,8,0
"automated_nangate_cookbook_final_gf_mult_by_95",34,44,"./automated_nangate/automated_nangate_cookbook_final_gf_mult_by_95.v","automated_nangate","v","mult, arithmetic",1536163580.25317,8,8,0
"automated_nangate_cookbook_final_gf_mult_by_96",33,42,"./automated_nangate/automated_nangate_cookbook_final_gf_mult_by_96.v","automated_nangate","v","mult, arithmetic",1536163580.26517,8,8,0
"automated_nangate_cookbook_final_gf_mult_by_97",35,45,"./automated_nangate/automated_nangate_cookbook_final_gf_mult_by_97.v","automated_nangate","v","mult, arithmetic",1536163580.29317,8,8,0
"automated_nangate_cookbook_final_gf_mult_by_98",35,46,"./automated_nangate/automated_nangate_cookbook_final_gf_mult_by_98.v","automated_nangate","v","mult, arithmetic",1536163580.30917,8,8,0
"automated_nangate_cookbook_final_gf_mult_by_99",36,48,"./automated_nangate/automated_nangate_cookbook_final_gf_mult_by_99.v","automated_nangate","v","mult, arithmetic",1536163580.33717,8,8,0
"automated_nangate_cookbook_final_gf_mult_by_9a",32,40,"./automated_nangate/automated_nangate_cookbook_final_gf_mult_by_9a.v","automated_nangate","v","mult, arithmetic",1536163580.34916,8,8,0
"automated_nangate_cookbook_final_gf_mult_by_9b",31,37,"./automated_nangate/automated_nangate_cookbook_final_gf_mult_by_9b.v","automated_nangate","v","mult, arithmetic",1536163580.36116,8,8,0
"automated_nangate_cookbook_final_gf_mult_by_9c",27,30,"./automated_nangate/automated_nangate_cookbook_final_gf_mult_by_9c.v","automated_nangate","v","mult, arithmetic",1536163580.38116,8,8,0
"automated_nangate_cookbook_final_gf_mult_by_9d",27,30,"./automated_nangate/automated_nangate_cookbook_final_gf_mult_by_9d.v","automated_nangate","v","mult, arithmetic",1536163580.39316,8,8,0
"automated_nangate_cookbook_final_gf_mult_by_9e",28,32,"./automated_nangate/automated_nangate_cookbook_final_gf_mult_by_9e.v","automated_nangate","v","mult, arithmetic",1536163580.40516,8,8,0
"automated_nangate_cookbook_final_gf_mult_by_9f",29,33,"./automated_nangate/automated_nangate_cookbook_final_gf_mult_by_9f.v","automated_nangate","v","mult, arithmetic",1536163580.43316,8,8,0
"automated_nangate_cookbook_final_gf_mult_by_a0",37,49,"./automated_nangate/automated_nangate_cookbook_final_gf_mult_by_a0.v","automated_nangate","v","mult, arithmetic",1536163580.44516,8,8,0
"automated_nangate_cookbook_final_gf_mult_by_a1",35,46,"./automated_nangate/automated_nangate_cookbook_final_gf_mult_by_a1.v","automated_nangate","v","mult, arithmetic",1536163580.48116,8,8,0
"automated_nangate_cookbook_final_gf_mult_by_a2",34,43,"./automated_nangate/automated_nangate_cookbook_final_gf_mult_by_a2.v","automated_nangate","v","mult, arithmetic",1536163580.49316,8,8,0
"automated_nangate_cookbook_final_gf_mult_by_a3",38,52,"./automated_nangate/automated_nangate_cookbook_final_gf_mult_by_a3.v","automated_nangate","v","mult, arithmetic",1536163580.50516,8,8,0
"automated_nangate_cookbook_final_gf_mult_by_a4",34,44,"./automated_nangate/automated_nangate_cookbook_final_gf_mult_by_a4.v","automated_nangate","v","mult, arithmetic",1536163580.51716,8,8,0
"automated_nangate_cookbook_final_gf_mult_by_a5",33,42,"./automated_nangate/automated_nangate_cookbook_final_gf_mult_by_a5.v","automated_nangate","v","mult, arithmetic",1536163580.55316,8,8,0
"automated_nangate_cookbook_final_gf_mult_by_a6",29,33,"./automated_nangate/automated_nangate_cookbook_final_gf_mult_by_a6.v","automated_nangate","v","mult, arithmetic",1536163580.56516,8,8,0
"automated_nangate_cookbook_final_gf_mult_by_a7",26,28,"./automated_nangate/automated_nangate_cookbook_final_gf_mult_by_a7.v","automated_nangate","v","mult, arithmetic",1536163580.58516,8,8,0
"automated_nangate_cookbook_final_gf_mult_by_a8",31,38,"./automated_nangate/automated_nangate_cookbook_final_gf_mult_by_a8.v","automated_nangate","v","mult, arithmetic",1536163580.59716,8,8,0
"automated_nangate_cookbook_final_gf_mult_by_a9",29,34,"./automated_nangate/automated_nangate_cookbook_final_gf_mult_by_a9.v","automated_nangate","v","mult, arithmetic",1536163580.60916,8,8,0
"automated_nangate_cookbook_final_gf_mult_by_aa",34,44,"./automated_nangate/automated_nangate_cookbook_final_gf_mult_by_aa.v","automated_nangate","v","mult, arithmetic",1536163580.62116,8,8,0
"automated_nangate_cookbook_final_gf_mult_by_ab",33,42,"./automated_nangate/automated_nangate_cookbook_final_gf_mult_by_ab.v","automated_nangate","v","mult, arithmetic",1536163580.63316,8,8,0
"automated_nangate_cookbook_final_gf_mult_by_ac",26,28,"./automated_nangate/automated_nangate_cookbook_final_gf_mult_by_ac.v","automated_nangate","v","mult, arithmetic",1536163580.66116,8,8,0
"automated_nangate_cookbook_final_gf_mult_by_ad",27,27,"./automated_nangate/automated_nangate_cookbook_final_gf_mult_by_ad.v","automated_nangate","v","mult, arithmetic",1536163580.67316,8,8,0
"automated_nangate_cookbook_final_gf_mult_by_ae",32,39,"./automated_nangate/automated_nangate_cookbook_final_gf_mult_by_ae.v","automated_nangate","v","mult, arithmetic",1536163580.68516,8,8,0
"automated_nangate_cookbook_final_gf_mult_by_af",30,35,"./automated_nangate/automated_nangate_cookbook_final_gf_mult_by_af.v","automated_nangate","v","mult, arithmetic",1536163580.70116,8,8,0
"automated_nangate_cookbook_final_gf_mult_by_b0",35,46,"./automated_nangate/automated_nangate_cookbook_final_gf_mult_by_b0.v","automated_nangate","v","mult, arithmetic",1536163580.71316,8,8,0
"automated_nangate_cookbook_final_gf_mult_by_b1",40,56,"./automated_nangate/automated_nangate_cookbook_final_gf_mult_by_b1.v","automated_nangate","v","mult, arithmetic",1536163580.72516,8,8,0
"automated_nangate_cookbook_final_gf_mult_by_b2",36,47,"./automated_nangate/automated_nangate_cookbook_final_gf_mult_by_b2.v","automated_nangate","v","mult, arithmetic",1536163580.73716,8,8,0
"automated_nangate_cookbook_final_gf_mult_by_b3",41,57,"./automated_nangate/automated_nangate_cookbook_final_gf_mult_by_b3.v","automated_nangate","v","mult, arithmetic",1536163580.74916,8,8,0
"automated_nangate_cookbook_final_gf_mult_by_b4",33,42,"./automated_nangate/automated_nangate_cookbook_final_gf_mult_by_b4.v","automated_nangate","v","mult, arithmetic",1536163580.76916,8,8,0
"automated_nangate_cookbook_final_gf_mult_by_b5",33,42,"./automated_nangate/automated_nangate_cookbook_final_gf_mult_by_b5.v","automated_nangate","v","mult, arithmetic",1536163580.84116,8,8,0
"automated_nangate_cookbook_final_gf_mult_by_b6",34,44,"./automated_nangate/automated_nangate_cookbook_final_gf_mult_by_b6.v","automated_nangate","v","mult, arithmetic",1536163580.91316,8,8,0
"automated_nangate_cookbook_final_gf_mult_by_b7",32,39,"./automated_nangate/automated_nangate_cookbook_final_gf_mult_by_b7.v","automated_nangate","v","mult, arithmetic",1536163581.00516,8,8,0
"automated_nangate_cookbook_final_gf_mult_by_b8",33,42,"./automated_nangate/automated_nangate_cookbook_final_gf_mult_by_b8.v","automated_nangate","v","mult, arithmetic",1536163581.05716,8,8,0
"automated_nangate_cookbook_final_gf_mult_by_b9",34,44,"./automated_nangate/automated_nangate_cookbook_final_gf_mult_by_b9.v","automated_nangate","v","mult, arithmetic",1536163581.10916,8,8,0
"automated_nangate_cookbook_final_gf_mult_by_ba",34,44,"./automated_nangate/automated_nangate_cookbook_final_gf_mult_by_ba.v","automated_nangate","v","mult, arithmetic",1536163581.17316,8,8,0
"automated_nangate_cookbook_final_gf_mult_by_bb",36,47,"./automated_nangate/automated_nangate_cookbook_final_gf_mult_by_bb.v","automated_nangate","v","mult, arithmetic",1536163581.24116,8,8,0
"automated_nangate_cookbook_final_gf_mult_by_bc",35,46,"./automated_nangate/automated_nangate_cookbook_final_gf_mult_by_bc.v","automated_nangate","v","mult, arithmetic",1536163581.30116,8,8,0
"automated_nangate_cookbook_final_gf_mult_by_bd",35,46,"./automated_nangate/automated_nangate_cookbook_final_gf_mult_by_bd.v","automated_nangate","v","mult, arithmetic",1536163581.34916,8,8,0
"automated_nangate_cookbook_final_gf_mult_by_be",35,46,"./automated_nangate/automated_nangate_cookbook_final_gf_mult_by_be.v","automated_nangate","v","mult, arithmetic",1536163581.36116,8,8,0
"automated_nangate_cookbook_final_gf_mult_by_bf",36,48,"./automated_nangate/automated_nangate_cookbook_final_gf_mult_by_bf.v","automated_nangate","v","mult, arithmetic",1536163581.37715,8,8,0
"automated_nangate_cookbook_final_gf_mult_by_c0",30,36,"./automated_nangate/automated_nangate_cookbook_final_gf_mult_by_c0.v","automated_nangate","v","mult, arithmetic",1536163581.38915,8,8,0
"automated_nangate_cookbook_final_gf_mult_by_c1",31,37,"./automated_nangate/automated_nangate_cookbook_final_gf_mult_by_c1.v","automated_nangate","v","mult, arithmetic",1536163581.40115,8,8,0
"automated_nangate_cookbook_final_gf_mult_by_c2",35,46,"./automated_nangate/automated_nangate_cookbook_final_gf_mult_by_c2.v","automated_nangate","v","mult, arithmetic",1536163581.41315,8,8,0
"automated_nangate_cookbook_final_gf_mult_by_c3",32,40,"./automated_nangate/automated_nangate_cookbook_final_gf_mult_by_c3.v","automated_nangate","v","mult, arithmetic",1536163581.42515,8,8,0
"automated_nangate_cookbook_final_gf_mult_by_c4",35,46,"./automated_nangate/automated_nangate_cookbook_final_gf_mult_by_c4.v","automated_nangate","v","mult, arithmetic",1536163581.43715,8,8,0
"automated_nangate_cookbook_final_gf_mult_by_c5",32,40,"./automated_nangate/automated_nangate_cookbook_final_gf_mult_by_c5.v","automated_nangate","v","mult, arithmetic",1536163581.44915,8,8,0
"automated_nangate_cookbook_final_gf_mult_by_c6",39,54,"./automated_nangate/automated_nangate_cookbook_final_gf_mult_by_c6.v","automated_nangate","v","mult, arithmetic",1536163581.46515,8,8,0
"automated_nangate_cookbook_final_gf_mult_by_c7",33,42,"./automated_nangate/automated_nangate_cookbook_final_gf_mult_by_c7.v","automated_nangate","v","mult, arithmetic",1536163581.47715,8,8,0
"automated_nangate_cookbook_final_gf_mult_by_c8",29,34,"./automated_nangate/automated_nangate_cookbook_final_gf_mult_by_c8.v","automated_nangate","v","mult, arithmetic",1536163581.48915,8,8,0
"automated_nangate_cookbook_final_gf_mult_by_c9",26,28,"./automated_nangate/automated_nangate_cookbook_final_gf_mult_by_c9.v","automated_nangate","v","mult, arithmetic",1536163581.50115,8,8,0
"automated_nangate_cookbook_final_gf_mult_by_ca",34,44,"./automated_nangate/automated_nangate_cookbook_final_gf_mult_by_ca.v","automated_nangate","v","mult, arithmetic",1536163581.51315,8,8,0
"automated_nangate_cookbook_final_gf_mult_by_cb",31,38,"./automated_nangate/automated_nangate_cookbook_final_gf_mult_by_cb.v","automated_nangate","v","mult, arithmetic",1536163581.52515,8,8,0
"automated_nangate_cookbook_final_gf_mult_by_cc",34,44,"./automated_nangate/automated_nangate_cookbook_final_gf_mult_by_cc.v","automated_nangate","v","mult, arithmetic",1536163581.53715,8,8,0
"automated_nangate_cookbook_final_gf_mult_by_cd",31,38,"./automated_nangate/automated_nangate_cookbook_final_gf_mult_by_cd.v","automated_nangate","v","mult, arithmetic",1536163581.55715,8,8,0
"automated_nangate_cookbook_final_gf_mult_by_ce",35,46,"./automated_nangate/automated_nangate_cookbook_final_gf_mult_by_ce.v","automated_nangate","v","mult, arithmetic",1536163581.56915,8,8,0
"automated_nangate_cookbook_final_gf_mult_by_cf",34,44,"./automated_nangate/automated_nangate_cookbook_final_gf_mult_by_cf.v","automated_nangate","v","mult, arithmetic",1536163581.58115,8,8,0
"automated_nangate_cookbook_final_gf_mult_by_d0",37,50,"./automated_nangate/automated_nangate_cookbook_final_gf_mult_by_d0.v","automated_nangate","v","mult, arithmetic",1536163581.59715,8,8,0
"automated_nangate_cookbook_final_gf_mult_by_d1",43,60,"./automated_nangate/automated_nangate_cookbook_final_gf_mult_by_d1.v","automated_nangate","v","mult, arithmetic",1536163581.64115,8,8,0
"automated_nangate_cookbook_final_gf_mult_by_d2",35,46,"./automated_nangate/automated_nangate_cookbook_final_gf_mult_by_d2.v","automated_nangate","v","mult, arithmetic",1536163581.65315,8,8,0
"automated_nangate_cookbook_final_gf_mult_by_d3",40,56,"./automated_nangate/automated_nangate_cookbook_final_gf_mult_by_d3.v","automated_nangate","v","mult, arithmetic",1536163581.66515,8,8,0
"automated_nangate_cookbook_final_gf_mult_by_d4",36,48,"./automated_nangate/automated_nangate_cookbook_final_gf_mult_by_d4.v","automated_nangate","v","mult, arithmetic",1536163581.70115,8,8,0
"automated_nangate_cookbook_final_gf_mult_by_d5",34,43,"./automated_nangate/automated_nangate_cookbook_final_gf_mult_by_d5.v","automated_nangate","v","mult, arithmetic",1536163581.71315,8,8,0
"automated_nangate_cookbook_final_gf_mult_by_d6",38,52,"./automated_nangate/automated_nangate_cookbook_final_gf_mult_by_d6.v","automated_nangate","v","mult, arithmetic",1536163581.72915,8,8,0
"automated_nangate_cookbook_final_gf_mult_by_d7",41,57,"./automated_nangate/automated_nangate_cookbook_final_gf_mult_by_d7.v","automated_nangate","v","mult, arithmetic",1536163581.74115,8,8,0
"automated_nangate_cookbook_final_gf_mult_by_d8",28,30,"./automated_nangate/automated_nangate_cookbook_final_gf_mult_by_d8.v","automated_nangate","v","mult, arithmetic",1536163581.75315,8,8,0
"automated_nangate_cookbook_final_gf_mult_by_d9",29,34,"./automated_nangate/automated_nangate_cookbook_final_gf_mult_by_d9.v","automated_nangate","v","mult, arithmetic",1536163581.76515,8,8,0
"automated_nangate_cookbook_final_gf_mult_by_da",30,36,"./automated_nangate/automated_nangate_cookbook_final_gf_mult_by_da.v","automated_nangate","v","mult, arithmetic",1536163581.80115,8,8,0
"automated_nangate_cookbook_final_gf_mult_by_db",32,40,"./automated_nangate/automated_nangate_cookbook_final_gf_mult_by_db.v","automated_nangate","v","mult, arithmetic",1536163581.81315,8,8,0
"automated_nangate_cookbook_final_gf_mult_by_dc",34,44,"./automated_nangate/automated_nangate_cookbook_final_gf_mult_by_dc.v","automated_nangate","v","mult, arithmetic",1536163581.82515,8,8,0
"automated_nangate_cookbook_final_gf_mult_by_dd",30,36,"./automated_nangate/automated_nangate_cookbook_final_gf_mult_by_dd.v","automated_nangate","v","mult, arithmetic",1536163581.84115,8,8,0
"automated_nangate_cookbook_final_gf_mult_by_de",34,44,"./automated_nangate/automated_nangate_cookbook_final_gf_mult_by_de.v","automated_nangate","v","mult, arithmetic",1536163581.85315,8,8,0
"automated_nangate_cookbook_final_gf_mult_by_df",39,54,"./automated_nangate/automated_nangate_cookbook_final_gf_mult_by_df.v","automated_nangate","v","mult, arithmetic",1536163581.86515,8,8,0
"automated_nangate_cookbook_final_gf_mult_by_e0",32,40,"./automated_nangate/automated_nangate_cookbook_final_gf_mult_by_e0.v","automated_nangate","v","mult, arithmetic",1536163581.87715,8,8,0
"automated_nangate_cookbook_final_gf_mult_by_e1",37,50,"./automated_nangate/automated_nangate_cookbook_final_gf_mult_by_e1.v","automated_nangate","v","mult, arithmetic",1536163581.88915,8,8,0
"automated_nangate_cookbook_final_gf_mult_by_e2",30,36,"./automated_nangate/automated_nangate_cookbook_final_gf_mult_by_e2.v","automated_nangate","v","mult, arithmetic",1536163581.92515,8,8,0
"automated_nangate_cookbook_final_gf_mult_by_e3",34,44,"./automated_nangate/automated_nangate_cookbook_final_gf_mult_by_e3.v","automated_nangate","v","mult, arithmetic",1536163581.93715,8,8,0
"automated_nangate_cookbook_final_gf_mult_by_e4",35,45,"./automated_nangate/automated_nangate_cookbook_final_gf_mult_by_e4.v","automated_nangate","v","mult, arithmetic",1536163581.94915,8,8,0
"automated_nangate_cookbook_final_gf_mult_by_e5",41,58,"./automated_nangate/automated_nangate_cookbook_final_gf_mult_by_e5.v","automated_nangate","v","mult, arithmetic",1536163581.96515,8,8,0
"automated_nangate_cookbook_final_gf_mult_by_e6",35,45,"./automated_nangate/automated_nangate_cookbook_final_gf_mult_by_e6.v","automated_nangate","v","mult, arithmetic",1536163581.97715,8,8,0
"automated_nangate_cookbook_final_gf_mult_by_e7",40,56,"./automated_nangate/automated_nangate_cookbook_final_gf_mult_by_e7.v","automated_nangate","v","mult, arithmetic",1536163581.98915,8,8,0
"automated_nangate_cookbook_final_gf_mult_by_e8",33,42,"./automated_nangate/automated_nangate_cookbook_final_gf_mult_by_e8.v","automated_nangate","v","mult, arithmetic",1536163582.00115,8,8,0
"automated_nangate_cookbook_final_gf_mult_by_e9",37,50,"./automated_nangate/automated_nangate_cookbook_final_gf_mult_by_e9.v","automated_nangate","v","mult, arithmetic",1536163582.01315,8,8,0
"automated_nangate_cookbook_final_gf_mult_by_ea",28,32,"./automated_nangate/automated_nangate_cookbook_final_gf_mult_by_ea.v","automated_nangate","v","mult, arithmetic",1536163582.02515,8,8,0
"automated_nangate_cookbook_final_gf_mult_by_eb",29,34,"./automated_nangate/automated_nangate_cookbook_final_gf_mult_by_eb.v","automated_nangate","v","mult, arithmetic",1536163582.03715,8,8,0
"automated_nangate_cookbook_final_gf_mult_by_ec",34,44,"./automated_nangate/automated_nangate_cookbook_final_gf_mult_by_ec.v","automated_nangate","v","mult, arithmetic",1536163582.05315,8,8,0
"automated_nangate_cookbook_final_gf_mult_by_ed",36,48,"./automated_nangate/automated_nangate_cookbook_final_gf_mult_by_ed.v","automated_nangate","v","mult, arithmetic",1536163582.08915,8,8,0
"automated_nangate_cookbook_final_gf_mult_by_ee",33,40,"./automated_nangate/automated_nangate_cookbook_final_gf_mult_by_ee.v","automated_nangate","v","mult, arithmetic",1536163582.12915,8,8,0
"automated_nangate_cookbook_final_gf_mult_by_ef",34,44,"./automated_nangate/automated_nangate_cookbook_final_gf_mult_by_ef.v","automated_nangate","v","mult, arithmetic",1536163582.14515,8,8,0
"automated_nangate_cookbook_final_gf_mult_by_f0",39,54,"./automated_nangate/automated_nangate_cookbook_final_gf_mult_by_f0.v","automated_nangate","v","mult, arithmetic",1536163582.15715,8,8,0
"automated_nangate_cookbook_final_gf_mult_by_f1",37,49,"./automated_nangate/automated_nangate_cookbook_final_gf_mult_by_f1.v","automated_nangate","v","mult, arithmetic",1536163582.17315,8,8,0
"automated_nangate_cookbook_final_gf_mult_by_f2",39,53,"./automated_nangate/automated_nangate_cookbook_final_gf_mult_by_f2.v","automated_nangate","v","mult, arithmetic",1536163582.18915,8,8,0
"automated_nangate_cookbook_final_gf_mult_by_f3",30,36,"./automated_nangate/automated_nangate_cookbook_final_gf_mult_by_f3.v","automated_nangate","v","mult, arithmetic",1536163582.20115,8,8,0
"automated_nangate_cookbook_final_gf_mult_by_f4",30,36,"./automated_nangate/automated_nangate_cookbook_final_gf_mult_by_f4.v","automated_nangate","v","mult, arithmetic",1536163582.21315,8,8,0
"automated_nangate_cookbook_final_gf_mult_by_f5",29,34,"./automated_nangate/automated_nangate_cookbook_final_gf_mult_by_f5.v","automated_nangate","v","mult, arithmetic",1536163582.22515,8,8,0
"automated_nangate_cookbook_final_gf_mult_by_f6",36,47,"./automated_nangate/automated_nangate_cookbook_final_gf_mult_by_f6.v","automated_nangate","v","mult, arithmetic",1536163582.23715,8,8,0
"automated_nangate_cookbook_final_gf_mult_by_f7",29,34,"./automated_nangate/automated_nangate_cookbook_final_gf_mult_by_f7.v","automated_nangate","v","mult, arithmetic",1536163582.26515,8,8,0
"automated_nangate_cookbook_final_gf_mult_by_f8",38,52,"./automated_nangate/automated_nangate_cookbook_final_gf_mult_by_f8.v","automated_nangate","v","mult, arithmetic",1536163582.28115,8,8,0
"automated_nangate_cookbook_final_gf_mult_by_f9",36,48,"./automated_nangate/automated_nangate_cookbook_final_gf_mult_by_f9.v","automated_nangate","v","mult, arithmetic",1536163582.29315,8,8,0
"automated_nangate_cookbook_final_gf_mult_by_fa",34,43,"./automated_nangate/automated_nangate_cookbook_final_gf_mult_by_fa.v","automated_nangate","v","mult, arithmetic",1536163582.30515,8,8,0
"automated_nangate_cookbook_final_gf_mult_by_fb",28,32,"./automated_nangate/automated_nangate_cookbook_final_gf_mult_by_fb.v","automated_nangate","v","mult, arithmetic",1536163582.31715,8,8,0
"automated_nangate_cookbook_final_gf_mult_by_fc",39,54,"./automated_nangate/automated_nangate_cookbook_final_gf_mult_by_fc.v","automated_nangate","v","mult, arithmetic",1536163582.32915,8,8,0
"automated_nangate_cookbook_final_gf_mult_by_fd",38,52,"./automated_nangate/automated_nangate_cookbook_final_gf_mult_by_fd.v","automated_nangate","v","mult, arithmetic",1536163582.34115,8,8,0
"automated_nangate_cookbook_final_gf_mult_by_fe",37,48,"./automated_nangate/automated_nangate_cookbook_final_gf_mult_by_fe.v","automated_nangate","v","mult, arithmetic",1536163582.35315,8,8,0
"automated_nangate_cookbook_final_gf_mult_by_ff",35,46,"./automated_nangate/automated_nangate_cookbook_final_gf_mult_by_ff.v","automated_nangate","v","mult, arithmetic",1536163582.36515,8,8,0
"automated_nangate_cookbook_final_gray_cntr",156,351,"./automated_nangate/automated_nangate_cookbook_final_gray_cntr.v","automated_nangate","v",,1536163582.40514,4,20,0
"automated_nangate_cookbook_final_gray_plus_one",27,42,"./automated_nangate/automated_nangate_cookbook_final_gray_plus_one.v","automated_nangate","v",,1536163582.41714,6,6,0
"automated_nangate_cookbook_final_gray_to_bin",26,25,"./automated_nangate/automated_nangate_cookbook_final_gray_to_bin.v","automated_nangate","v",,1536163582.42914,8,8,0
"automated_nangate_cookbook_final_h_register",6824,13341,"./automated_nangate/automated_nangate_cookbook_final_h_register.v","automated_nangate","v","register, memory",1536163582.66114,515,1024,0
"automated_nangate_cookbook_final_initial_permute",192,128,"./automated_nangate/automated_nangate_cookbook_final_initial_permute.v","automated_nangate","v",,1536163582.67714,64,64,0
"automated_nangate_cookbook_final_insert_parity",185,180,"./automated_nangate/automated_nangate_cookbook_final_insert_parity.v","automated_nangate","v",,1536163582.69314,45,50,0
"automated_nangate_cookbook_final_inv_mix_columns",1392,2352,"./automated_nangate/automated_nangate_cookbook_final_inv_mix_columns.v","automated_nangate","v","crypto",1536163582.74914,128,128,0
"automated_nangate_cookbook_final_inv_mix_one_column",350,595,"./automated_nangate/automated_nangate_cookbook_final_inv_mix_one_column.v","automated_nangate","v","crypto",1536163582.77314,32,32,0
"automated_nangate_cookbook_final_inv_shift_rows",384,256,"./automated_nangate/automated_nangate_cookbook_final_inv_shift_rows.v","automated_nangate","v","inv, arithmetic",1536163582.79314,128,128,0
"automated_nangate_cookbook_final_iter_addsub",15,20,"./automated_nangate/automated_nangate_cookbook_final_iter_addsub.v","automated_nangate","v","add, sub, addsub arithmetic",1536163582.80514,6,1,0
"automated_nangate_cookbook_final_k_table",932,2740,"./automated_nangate/automated_nangate_cookbook_final_k_table.v","automated_nangate","v",,1536163582.88514,7,64,0
"automated_nangate_cookbook_final_key_init_perm",168,112,"./automated_nangate/automated_nangate_cookbook_final_key_init_perm.v","automated_nangate","v",,1536163582.82114,64,56,0
"automated_nangate_cookbook_final_key_shift",168,112,"./automated_nangate/automated_nangate_cookbook_final_key_shift.v","automated_nangate","v",,1536163582.84114,56,56,0
"automated_nangate_cookbook_final_little_sigma_0_512",249,306,"./automated_nangate/automated_nangate_cookbook_final_little_sigma_0_512.v","automated_nangate","v",,1536163582.90514,64,64,0
"automated_nangate_cookbook_final_little_sigma_1_512",250,308,"./automated_nangate/automated_nangate_cookbook_final_little_sigma_1_512.v","automated_nangate","v",,1536163582.92514,64,64,0
"automated_nangate_cookbook_final_mask_16",43,62,"./automated_nangate/automated_nangate_cookbook_final_mask_16.v","automated_nangate","v",,1536163582.93714,4,16,0
"automated_nangate_cookbook_final_mask_32",89,151,"./automated_nangate/automated_nangate_cookbook_final_mask_32.v","automated_nangate","v",,1536163582.94914,5,32,0
"automated_nangate_cookbook_final_min_max_signed",126,242,"./automated_nangate/automated_nangate_cookbook_final_min_max_signed.v","automated_nangate","v",,1536163582.96514,18,16,0
"automated_nangate_cookbook_final_min_max_unsigned",118,229,"./automated_nangate/automated_nangate_cookbook_final_min_max_unsigned.v","automated_nangate","v",,1536163582.98114,18,16,0
"automated_nangate_cookbook_final_mix_columns",728,1064,"./automated_nangate/automated_nangate_cookbook_final_mix_columns.v","automated_nangate","v",,1536163583.01314,128,128,0
"automated_nangate_cookbook_final_mix_one_column",182,266,"./automated_nangate/automated_nangate_cookbook_final_mix_one_column.v","automated_nangate","v",,1536163583.03314,32,32,0
"automated_nangate_cookbook_final_non_carry_add",85,138,"./automated_nangate/automated_nangate_cookbook_final_non_carry_add.v","automated_nangate","v","add, arithmetic",1536163583.08514,20,10,0
"automated_nangate_cookbook_final_parallax_gps",1647,3777,"./automated_nangate/automated_nangate_cookbook_final_parallax_gps.v","automated_nangate","v",,1536163583.16114,3,199,0
"automated_nangate_cookbook_final_passwd_crypt",16919,48146,"./automated_nangate/automated_nangate_cookbook_final_passwd_crypt.v","automated_nangate","v",,1536163583.88513,82,97,0
"automated_nangate_cookbook_final_passwd_to_bin",184,120,"./automated_nangate/automated_nangate_cookbook_final_passwd_to_bin.v","automated_nangate","v",,1536163583.92513,64,64,0
"automated_nangate_cookbook_final_permute",96,64,"./automated_nangate/automated_nangate_cookbook_final_permute.v","automated_nangate","v",,1536163583.93713,32,32,0
"automated_nangate_cookbook_final_pipe_equal",261,314,"./automated_nangate/automated_nangate_cookbook_final_pipe_equal.v","automated_nangate","v",,1536163583.95713,130,1,0
"automated_nangate_cookbook_final_pipeline_add",211,395,"./automated_nangate/automated_nangate_cookbook_final_pipeline_add.v","automated_nangate","v","add, arithmetic",1536163583.99713,42,20,0
"automated_nangate_cookbook_final_pipeline_add_msb",212,396,"./automated_nangate/automated_nangate_cookbook_final_pipeline_add_msb.v","automated_nangate","v","add, arithmetic",1536163583.97713,42,21,0
"automated_nangate_cookbook_final_pn2112_table",461,1218,"./automated_nangate/automated_nangate_cookbook_final_pn2112_table.v","automated_nangate","v",,1536163584.02513,7,32,0
"automated_nangate_cookbook_final_prio_encode",19,29,"./automated_nangate/automated_nangate_cookbook_final_prio_encode.v","automated_nangate","v",,1536163584.03713,6,3,0
"automated_nangate_cookbook_final_priority_mux",24,30,"./automated_nangate/automated_nangate_cookbook_final_priority_mux.v","automated_nangate","v",,1536163584.04913,48,1,0
"automated_nangate_cookbook_final_rand_test",0,0,"./automated_nangate/automated_nangate_cookbook_final_rand_test.v","automated_nangate","v",,1536163584.07313,0,0,0
"automated_nangate_cookbook_final_random_delay",24,16,"./automated_nangate/automated_nangate_cookbook_final_random_delay.v","automated_nangate","v",,1536163584.06113,8,8,0
"automated_nangate_cookbook_final_ready_skid",142,313,"./automated_nangate/automated_nangate_cookbook_final_ready_skid.v","automated_nangate","v",,1536163584.11713,20,18,0
"automated_nangate_cookbook_final_reed_sol_rx",17239,42341,"./automated_nangate/automated_nangate_cookbook_final_reed_sol_rx.v","automated_nangate","v",,1536163584.86912,12,19,0
"automated_nangate_cookbook_final_reed_sol_tb",0,0,"./automated_nangate/automated_nangate_cookbook_final_reed_sol_tb.v","automated_nangate","v",,1536163584.88512,0,0,0
"automated_nangate_cookbook_final_reed_sol_tx",1259,2786,"./automated_nangate/automated_nangate_cookbook_final_reed_sol_tx.v","automated_nangate","v",,1536163584.94912,12,10,0
"automated_nangate_cookbook_final_reference_arbiter",214,521,"./automated_nangate/automated_nangate_cookbook_final_reference_arbiter.v","automated_nangate","v","arbiter",1536163584.96912,20,16,0
"automated_nangate_cookbook_final_reg_cam_cell",428,775,"./automated_nangate/automated_nangate_cookbook_final_reg_cam_cell.v","automated_nangate","v","register, memory",1536163584.99712,100,1,0
"automated_nangate_cookbook_final_reg_word_mux",360,643,"./automated_nangate/automated_nangate_cookbook_final_reg_word_mux.v","automated_nangate","v","register, memory",1536163585.01712,133,32,0
"automated_nangate_cookbook_final_remove_parity",135,90,"./automated_nangate/automated_nangate_cookbook_final_remove_parity.v","automated_nangate","v",,1536163585.03312,50,45,0
"automated_nangate_cookbook_final_reset_control",44,77,"./automated_nangate/automated_nangate_cookbook_final_reset_control.v","automated_nangate","v",,1536163585.04512,7,4,0
"automated_nangate_cookbook_final_reset_filter",8,11,"./automated_nangate/automated_nangate_cookbook_final_reset_filter.v","automated_nangate","v",,1536163585.05712,3,1,0
"automated_nangate_cookbook_final_rgb_to_hue",3262,9584,"./automated_nangate/automated_nangate_cookbook_final_rgb_to_hue.v","automated_nangate","v",,1536163585.19712,26,8,0
"automated_nangate_cookbook_final_ring_counter",32,16,"./automated_nangate/automated_nangate_cookbook_final_ring_counter.v","automated_nangate","v",,1536163585.20912,2,16,0
"automated_nangate_cookbook_final_rot_word",96,64,"./automated_nangate/automated_nangate_cookbook_final_rot_word.v","automated_nangate","v",,1536163585.22112,32,32,0
"automated_nangate_cookbook_final_round",1158,2598,"./automated_nangate/automated_nangate_cookbook_final_round.v","automated_nangate","v","crypto",1536163585.28912,134,120,0
"automated_nangate_cookbook_final_round_key_select",144,96,"./automated_nangate/automated_nangate_cookbook_final_round_key_select.v","automated_nangate","v",,1536163585.23712,56,48,0
"automated_nangate_cookbook_final_rx_buffer_fifo_2",3637,8877,"./automated_nangate/automated_nangate_cookbook_final_rx_buffer_fifo_2.v","automated_nangate","v","fifo, memory",1536163585.44111,404,402,0
"automated_nangate_cookbook_final_salt_to_bin",152,324,"./automated_nangate/automated_nangate_cookbook_final_salt_to_bin.v","automated_nangate","v",,1536163585.45711,16,12,0
"automated_nangate_cookbook_final_sbox0",120,315,"./automated_nangate/automated_nangate_cookbook_final_sbox0.v","automated_nangate","v","aes, crypto, sbox",1536163585.47311,6,4,0
"automated_nangate_cookbook_final_sbox1",94,259,"./automated_nangate/automated_nangate_cookbook_final_sbox1.v","automated_nangate","v","aes, crypto, sbox",1536163585.48911,6,4,0
"automated_nangate_cookbook_final_sbox2",116,316,"./automated_nangate/automated_nangate_cookbook_final_sbox2.v","automated_nangate","v","aes, crypto, sbox",1536163585.50511,6,4,0
"automated_nangate_cookbook_final_sbox3",90,255,"./automated_nangate/automated_nangate_cookbook_final_sbox3.v","automated_nangate","v","aes, crypto, sbox",1536163585.52111,6,4,0
"automated_nangate_cookbook_final_sbox4",98,262,"./automated_nangate/automated_nangate_cookbook_final_sbox4.v","automated_nangate","v","aes, crypto, sbox",1536163585.53711,6,4,0
"automated_nangate_cookbook_final_sbox5",92,247,"./automated_nangate/automated_nangate_cookbook_final_sbox5.v","automated_nangate","v","aes, crypto, sbox",1536163585.56111,6,4,0
"automated_nangate_cookbook_final_sbox6",119,334,"./automated_nangate/automated_nangate_cookbook_final_sbox6.v","automated_nangate","v","aes, crypto, sbox",1536163585.59311,6,4,0
"automated_nangate_cookbook_final_sbox7",101,274,"./automated_nangate/automated_nangate_cookbook_final_sbox7.v","automated_nangate","v","aes, crypto, sbox",1536163585.60911,6,4,0
"automated_nangate_cookbook_final_sboxes",830,2262,"./automated_nangate/automated_nangate_cookbook_final_sboxes.v","automated_nangate","v","aes, crypto, sbox",1536163585.65311,48,32,0
"automated_nangate_cookbook_final_scale_up",136,276,"./automated_nangate/automated_nangate_cookbook_final_scale_up.v","automated_nangate","v",,1536163585.66911,16,20,0
"automated_nangate_cookbook_final_scrambler",3690,6960,"./automated_nangate/automated_nangate_cookbook_final_scrambler.v","automated_nangate","v","ram, memory",1536163585.82911,515,512,0
"automated_nangate_cookbook_final_scrambler_lfsr",509,1037,"./automated_nangate/automated_nangate_cookbook_final_scrambler_lfsr.v","automated_nangate","v","ram, memory",1536163585.69711,63,66,0
"automated_nangate_cookbook_final_seconds_counter",214,488,"./automated_nangate/automated_nangate_cookbook_final_seconds_counter.v","automated_nangate","v",,1536163585.85311,2,11,0
"automated_nangate_cookbook_final_shift_rows",384,256,"./automated_nangate/automated_nangate_cookbook_final_shift_rows.v","automated_nangate","v",,1536163585.86911,128,128,0
"automated_nangate_cookbook_final_six_three_comp",47,98,"./automated_nangate/automated_nangate_cookbook_final_six_three_comp.v","automated_nangate","v",,1536163585.90911,6,3,0
"automated_nangate_cookbook_final_split_add",166,255,"./automated_nangate/automated_nangate_cookbook_final_split_add.v","automated_nangate","v","add, arithmetic",1536163585.92511,40,20,0
"automated_nangate_cookbook_final_stream_mux",79,131,"./automated_nangate/automated_nangate_cookbook_final_stream_mux.v","automated_nangate","v",,1536163585.93711,24,12,0
"automated_nangate_cookbook_final_sum_of_3bit_pair",91,219,"./automated_nangate/automated_nangate_cookbook_final_sum_of_3bit_pair.v","automated_nangate","v",,1536163585.95311,6,4,0
"automated_nangate_cookbook_final_sum_of_64",982,2313,"./automated_nangate/automated_nangate_cookbook_final_sum_of_64.v","automated_nangate","v",,1536163586.00111,64,7,0
"automated_nangate_cookbook_final_synchronizer",102,210,"./automated_nangate/automated_nangate_cookbook_final_synchronizer.v","automated_nangate","v",,1536163586.01711,20,16,0
"automated_nangate_cookbook_final_syndrome_round",731,1180,"./automated_nangate/automated_nangate_cookbook_final_syndrome_round.v","automated_nangate","v",,1536163586.04911,137,128,0
"automated_nangate_cookbook_final_system_timer",392,891,"./automated_nangate/automated_nangate_cookbook_final_system_timer.v","automated_nangate","v",,1536163586.07711,2,50,0
"automated_nangate_cookbook_final_tern_node",126,203,"./automated_nangate/automated_nangate_cookbook_final_tern_node.v","automated_nangate","v",,1536163586.16911,25,10,0
"automated_nangate_cookbook_final_ternary_add",115,183,"./automated_nangate/automated_nangate_cookbook_final_ternary_add.v","automated_nangate","v","add, arithmetic",1536163586.09311,24,10,0
"automated_nangate_cookbook_final_ternary_sum_nine",470,833,"./automated_nangate/automated_nangate_cookbook_final_ternary_sum_nine.v","automated_nangate","v",,1536163586.15311,73,12,0
"automated_nangate_cookbook_final_test_pattern",79,162,"./automated_nangate/automated_nangate_cookbook_final_test_pattern.v","automated_nangate","v",,1536163586.18111,3,16,0
"automated_nangate_cookbook_final_thirtysix_six_comp",433,948,"./automated_nangate/automated_nangate_cookbook_final_thirtysix_six_comp.v","automated_nangate","v",,1536163586.20911,36,6,0
"automated_nangate_cookbook_final_three_two_comp",11,14,"./automated_nangate/automated_nangate_cookbook_final_three_two_comp.v","automated_nangate","v",,1536163586.22111,3,2,0
"automated_nangate_cookbook_final_twelve_four_comp",173,409,"./automated_nangate/automated_nangate_cookbook_final_twelve_four_comp.v","automated_nangate","v",,1536163586.24111,12,4,0
"automated_nangate_cookbook_final_twenty_to_eight",11217,27281,"./automated_nangate/automated_nangate_cookbook_final_twenty_to_eight.v","automated_nangate","v",,1536163586.6651,1324,530,0
"automated_nangate_cookbook_final_twenty_to_five",5640,11939,"./automated_nangate/automated_nangate_cookbook_final_twenty_to_five.v","automated_nangate","v",,1536163586.8771,1324,332,0
"automated_nangate_cookbook_final_two_to_one",315,624,"./automated_nangate/automated_nangate_cookbook_final_two_to_one.v","automated_nangate","v",,1536163586.9011,70,35,0
"automated_nangate_cookbook_final_tx_buffer_fifo_8word",12668,34478,"./automated_nangate/automated_nangate_cookbook_final_tx_buffer_fifo_8word.v","automated_nangate","v","fifo, memory",1536163587.4331,404,403,0
"automated_nangate_cookbook_final_uart",386,891,"./automated_nangate/automated_nangate_cookbook_final_uart.v","automated_nangate","v","uart",1536163587.56109,12,11,0
"automated_nangate_cookbook_final_uart_hw_test",442,1072,"./automated_nangate/automated_nangate_cookbook_final_uart_hw_test.v","automated_nangate","v","uart",1536163587.4691,3,1,0
"automated_nangate_cookbook_final_uart_rx",219,514,"./automated_nangate/automated_nangate_cookbook_final_uart_rx.v","automated_nangate","v","fifo, memory",1536163587.50909,3,9,0
"automated_nangate_cookbook_final_uart_tx",158,362,"./automated_nangate/automated_nangate_cookbook_final_uart_tx.v","automated_nangate","v","uart",1536163587.53309,11,2,0
"automated_nangate_cookbook_final_unstable_counters",64,56,"./automated_nangate/automated_nangate_cookbook_final_unstable_counters.v","automated_nangate","v",,1536163587.57309,2,8,0
"automated_nangate_cookbook_final_vga_driver",386,766,"./automated_nangate/automated_nangate_cookbook_final_vga_driver.v","automated_nangate","v",,1536163587.60109,32,55,0
"automated_nangate_cookbook_final_word_adder_plain",57,83,"./automated_nangate/automated_nangate_cookbook_final_word_adder_plain.v","automated_nangate","v","add, arithmetic",1536163587.61309,16,8,0
"automated_nangate_cookbook_final_word_align_control",79,192,"./automated_nangate/automated_nangate_cookbook_final_word_align_control.v","automated_nangate","v",,1536163587.62909,4,2,0
"automated_nangate_cookbook_final_ycbcr_to_rgb",1196,2466,"./automated_nangate/automated_nangate_cookbook_final_ycbcr_to_rgb.v","automated_nangate","v",,1536163587.68909,25,24,0
"automated_nangate_cpu8080_latest_final_alu",281,631,"./automated_nangate/automated_nangate_cpu8080_latest_final_alu.v","automated_nangate","v","alu, arithmetic, add, sub",1536163640.40458,20,13,0
"automated_nangate_cpu8080_latest_final_chrrom",858,2467,"./automated_nangate/automated_nangate_cpu8080_latest_final_chrrom.v","automated_nangate","v","cpu, ",1536163640.48857,11,8,0
"automated_nangate_cpu8080_latest_final_cpu8080",4532,12182,"./automated_nangate/automated_nangate_cpu8080_latest_final_cpu8080.v","automated_nangate","v","cpu, ",1536163640.67657,12,21,0
"automated_nangate_cpu8080_latest_final_scnrom",183,477,"./automated_nangate/automated_nangate_cpu8080_latest_final_scnrom.v","automated_nangate","v","cpu, ",1536163640.72857,8,8,0
"automated_nangate_cpu8080_latest_final_scnromu",209,527,"./automated_nangate/automated_nangate_cpu8080_latest_final_scnromu.v","automated_nangate","v","cpu, ",1536163640.71257,8,8,0
"automated_nangate_cpu8080_latest_final_SM8080",4278,11335,"./automated_nangate/automated_nangate_cpu8080_latest_final_SM8080.v","automated_nangate","v","cpu, ",1536163640.90857,12,21,0
"automated_nangate_cr_div_latest_final_cr_div",22663,58197,"./automated_nangate/automated_nangate_cr_div_latest_final_cr_div.v","automated_nangate","v",,1536163767.94332,99,65,0
"automated_nangate_cr_div_latest_final_cr_div_tb",0,0,"./automated_nangate/automated_nangate_cr_div_latest_final_cr_div_tb.v","automated_nangate","v",,1536163766.95933,0,0,0
"automated_nangate_crcahb_latest_final_bit_reversal",229,516,"./automated_nangate/automated_nangate_crcahb_latest_final_bit_reversal.v","automated_nangate","v",,1536163806.30695,34,32,0
"automated_nangate_crcahb_latest_final_crc_comb",70,69,"./automated_nangate/automated_nangate_crcahb_latest_final_crc_comb.v","automated_nangate","v",,1536163806.32295,24,8,0
"automated_nangate_crcahb_latest_final_crc_control_unit",135,316,"./automated_nangate/automated_nangate_crcahb_latest_final_crc_control_unit.v","automated_nangate","v",,1536163806.34295,6,11,0
"automated_nangate_crcahb_latest_final_crc_datapath",3610,7302,"./automated_nangate/automated_nangate_crcahb_latest_final_crc_datapath.v","automated_nangate","v","crc",1536163806.49495,54,106,0
"automated_nangate_crcahb_latest_final_crc_ip",3834,8007,"./automated_nangate/automated_nangate_crcahb_latest_final_crc_ip.v","automated_nangate","v","crc",1536163806.65895,74,34,0
"automated_nangate_crcahb_latest_final_crc_parallel",461,804,"./automated_nangate/automated_nangate_crcahb_latest_final_crc_parallel.v","automated_nangate","v","crc",1536163806.69895,32,8,0
"automated_nangate_crcahb_latest_final_crc_unit",3728,7636,"./automated_nangate/automated_nangate_crcahb_latest_final_crc_unit.v","automated_nangate","v","crc",1536163806.85494,46,107,0
"automated_nangate_crcahb_latest_final_host_interface",439,567,"./automated_nangate/automated_nangate_crcahb_latest_final_host_interface.v","automated_nangate","v","crc",1536163806.87894,181,78,0
"automated_nangate_csa_latest_final_hex2seg",0,0,"./automated_nangate/automated_nangate_csa_latest_final_hex2seg.v","automated_nangate","v",,1536163819.09483,4,8,0
"automated_nangate_csa_latest_final_led_cnt",45,92,"./automated_nangate/automated_nangate_csa_latest_final_led_cnt.v","automated_nangate","v",,1536163819.11083,3,8,0
"automated_nangate_csa_latest_final_ledseg_cnt",97,181,"./automated_nangate/automated_nangate_csa_latest_final_ledseg_cnt.v","automated_nangate","v",,1536163819.12682,18,12,0
"automated_nangate_csa_latest_final_usb_cnt",130,124,"./automated_nangate/automated_nangate_csa_latest_final_usb_cnt.v","automated_nangate","v",,1536163819.14282,37,42,0
"automated_nangate_des_latest_final_crp",956,2618,"./automated_nangate/automated_nangate_des_latest_final_crp.v","automated_nangate","v","des, crypto",1536144189.73063,80,32,0
"automated_nangate_des_latest_final_des3",2904,7822,"./automated_nangate/automated_nangate_des_latest_final_des3.v","automated_nangate","v","des, crypto",1536144189.97463,240,64,0
"automated_nangate_des_latest_final_key_sel3",1718,4567,"./automated_nangate/automated_nangate_des_latest_final_key_sel3.v","automated_nangate","v","des, crypto",1536144190.12663,175,48,0
"automated_nangate_des_latest_final_key_selh",749,2200,"./automated_nangate/automated_nangate_des_latest_final_key_selh.v","automated_nangate","v","des, crypto",1536144190.21463,61,48,0
"automated_nangate_des_latest_final_sbox1",123,351,"./automated_nangate/automated_nangate_des_latest_final_sbox1.v","automated_nangate","v","aes, crypto, sbox",1536144190.26263,6,4,0
"automated_nangate_des_latest_final_sbox2",95,279,"./automated_nangate/automated_nangate_des_latest_final_sbox2.v","automated_nangate","v","aes, crypto, sbox",1536144190.32263,6,4,0
"automated_nangate_des_latest_final_sbox3",100,278,"./automated_nangate/automated_nangate_des_latest_final_sbox3.v","automated_nangate","v","aes, crypto, sbox",1536144190.37862,6,4,0
"automated_nangate_des_latest_final_sbox4",98,285,"./automated_nangate/automated_nangate_des_latest_final_sbox4.v","automated_nangate","v","aes, crypto, sbox",1536144190.44262,6,4,0
"automated_nangate_des_latest_final_sbox5",115,328,"./automated_nangate/automated_nangate_des_latest_final_sbox5.v","automated_nangate","v","aes, crypto, sbox",1536144190.45862,6,4,0
"automated_nangate_des_latest_final_sbox6",123,356,"./automated_nangate/automated_nangate_des_latest_final_sbox6.v","automated_nangate","v","aes, crypto, sbox",1536144190.47462,6,4,0
"automated_nangate_des_latest_final_sbox7",105,306,"./automated_nangate/automated_nangate_des_latest_final_sbox7.v","automated_nangate","v","aes, crypto, sbox",1536144190.53062,6,4,0
"automated_nangate_des_latest_final_sbox8",117,339,"./automated_nangate/automated_nangate_des_latest_final_sbox8.v","automated_nangate","v","aes, crypto, sbox",1536144190.58662,6,4,0
"automated_nangate_double_fpu_latest_final_fpu_add",3597,8124,"./automated_nangate/automated_nangate_double_fpu_latest_final_fpu_add.v","automated_nangate","v","add, arithmetic, fpu",1536144455.44008,131,68,0
"automated_nangate_double_fpu_latest_final_fpu_addsub",14724,34991,"./automated_nangate/automated_nangate_double_fpu_latest_final_fpu_addsub.v","automated_nangate","v","add, sub, addsub arithmetic, fpu",1536144455.24809,134,65,0
"automated_nangate_double_fpu_latest_final_fpu_div",7138,17502,"./automated_nangate/automated_nangate_double_fpu_latest_final_fpu_div.v","automated_nangate","v","fpu, div, arithmetic",1536144455.88808,131,69,0
"automated_nangate_double_fpu_latest_final_fpu_exceptions",2629,5684,"./automated_nangate/automated_nangate_double_fpu_latest_final_fpu_exceptions.v","automated_nangate","v","fpu",1536144456.03608,214,70,0
"automated_nangate_double_fpu_latest_final_fpu_mul",27421,64493,"./automated_nangate/automated_nangate_double_fpu_latest_final_fpu_mul.v","automated_nangate","v","fpu, mult, arithmetic",1536144457.14807,133,65,0
"automated_nangate_double_fpu_latest_final_fpu_round",1003,2101,"./automated_nangate/automated_nangate_double_fpu_latest_final_fpu_round.v","automated_nangate","v","fpu",1536144457.32007,74,76,0
"automated_nangate_double_fpu_latest_final_fpu_sub",4874,11468,"./automated_nangate/automated_nangate_double_fpu_latest_final_fpu_sub.v","automated_nangate","v","sub, arithmetic",1536144457.56806,134,68,0
"automated_nangate_dpll-isdn_latest_final_dpll",245,590,"./automated_nangate/automated_nangate_dpll-isdn_latest_final_dpll.v","automated_nangate","v",,1536144468.35996,2,5,0
"automated_nangate_dpll-isdn_latest_final_freqdivider",44,93,"./automated_nangate/automated_nangate_dpll-isdn_latest_final_freqdivider.v","automated_nangate","v",,1536144468.37596,3,1,0
"automated_nangate_dpll-isdn_latest_final_phasecomparator",12,17,"./automated_nangate/automated_nangate_dpll-isdn_latest_final_phasecomparator.v","automated_nangate","v",,1536144468.39196,3,2,0
"automated_nangate_dpll-isdn_latest_final_randomwalkfilter",76,170,"./automated_nangate/automated_nangate_dpll-isdn_latest_final_randomwalkfilter.v","automated_nangate","v",,1536144468.41996,3,2,0
"automated_nangate_dpll-isdn_latest_final_variableresetrandomwalkfilter",196,480,"./automated_nangate/automated_nangate_dpll-isdn_latest_final_variableresetrandomwalkfilter.v","automated_nangate","v",,1536144468.44796,3,2,0
"automated_nangate_dvb_s2_ldpc_decoder_latest_final_ldpc_cn",1124,2283,"./automated_nangate/automated_nangate_dvb_s2_ldpc_decoder_latest_final_ldpc_cn.v","automated_nangate","v","decoder, encoder",1529008311.39008,101,92,0
"automated_nangate_dvb_s2_ldpc_decoder_latest_final_ldpc_edgetable",22546,62409,"./automated_nangate/automated_nangate_dvb_s2_ldpc_decoder_latest_final_ldpc_edgetable.v","automated_nangate","v","decoder, encoder",1529008312.06207,15,17,0
"automated_nangate_dvb_s2_ldpc_decoder_latest_final_ldpc_iocontrol",1501,3511,"./automated_nangate/automated_nangate_dvb_s2_ldpc_decoder_latest_final_ldpc_iocontrol.v","automated_nangate","v","decoder, encoder",1529008312.17807,30,50,"{}"
"automated_nangate_dvb_s2_ldpc_decoder_latest_final_ldpc_muxreg",56,85,"./automated_nangate/automated_nangate_dvb_s2_ldpc_decoder_latest_final_ldpc_muxreg.v","automated_nangate","v",,1529008312.21407,20,4,"{}"
"automated_nangate_dvb_s2_ldpc_decoder_latest_final_ldpc_ram_behav",269,627,"./automated_nangate/automated_nangate_dvb_s2_ldpc_decoder_latest_final_ldpc_ram_behav.v","automated_nangate","v","ram, memory,decoder, encoder",1529008312.26207,14,4,"{}"
"automated_nangate_dvb_s2_ldpc_decoder_latest_final_ldpc_shuffle",11649,30808,"./automated_nangate/automated_nangate_dvb_s2_ldpc_decoder_latest_final_ldpc_shuffle.v","automated_nangate","v","errorcorrection",1529008312.59806,731,360,0
"automated_nangate_dvb_s2_ldpc_decoder_latest_final_ldpc_vn",559,1110,"./automated_nangate/automated_nangate_dvb_s2_ldpc_decoder_latest_final_ldpc_vn.v","automated_nangate","v","errorcorrection",1529008314.30605,54,46,0
"automated_nangate_dvb_s2_ldpc_decoder_latest_final_ldpc_vncluster",50387,122809,"./automated_nangate/automated_nangate_dvb_s2_ldpc_decoder_latest_final_ldpc_vncluster.v","automated_nangate","v","errorcorrection",1529008314.15005,61,36,0
"automated_nangate_ecg_latest_final_f3_add",20,38,"./automated_nangate/automated_nangate_ecg_latest_final_f3_add.v","automated_nangate","v","add, arithmetic",1536148015.70988,4,2,0
"automated_nangate_ecg_latest_final_f3_add1",7,7,"./automated_nangate/automated_nangate_ecg_latest_final_f3_add1.v","automated_nangate","v","add, arithmetic",1536148015.64588,2,2,0
"automated_nangate_ecg_latest_final_f3_mult",14,20,"./automated_nangate/automated_nangate_ecg_latest_final_f3_mult.v","automated_nangate","v","mult, arithmetic",1536148019.12184,4,2,0
"automated_nangate_ecg_latest_final_f3_sub",20,38,"./automated_nangate/automated_nangate_ecg_latest_final_f3_sub.v","automated_nangate","v","sub, arithmetic",1536148019.14984,4,2,0
"automated_nangate_ecg_latest_final_f3_sub1",7,7,"./automated_nangate/automated_nangate_ecg_latest_final_f3_sub1.v","automated_nangate","v","sub, arithmetic",1536148019.13784,2,2,0
"automated_nangate_ecg_latest_final_f3m_add",1940,3686,"./automated_nangate/automated_nangate_ecg_latest_final_f3m_add.v","automated_nangate","v","add, arithmetic",1536148016.59787,388,194,0
"automated_nangate_ecg_latest_final_f3m_add3",3298,6984,"./automated_nangate/automated_nangate_ecg_latest_final_f3m_add3.v","automated_nangate","v","add, arithmetic",1536148016.00587,582,194,0
"automated_nangate_ecg_latest_final_f3m_add4",4656,10282,"./automated_nangate/automated_nangate_ecg_latest_final_f3m_add4.v","automated_nangate","v","add, arithmetic",1536148016.39787,776,194,0
"automated_nangate_ecg_latest_final_f3m_cubic",1638,3380,"./automated_nangate/automated_nangate_ecg_latest_final_f3m_cubic.v","automated_nangate","v",,1536148016.79387,194,194,0
"automated_nangate_ecg_latest_final_f3m_inv",11386,26308,"./automated_nangate/automated_nangate_ecg_latest_final_f3m_inv.v","automated_nangate","v","inv, arithmetic",1536148017.56186,196,195,0
"automated_nangate_ecg_latest_final_f3m_mult",8100,19352,"./automated_nangate/automated_nangate_ecg_latest_final_f3m_mult.v","automated_nangate","v","mult, arithmetic",1536148018.70985,390,195,0
"automated_nangate_ecg_latest_final_f3m_mult3",11622,25815,"./automated_nangate/automated_nangate_ecg_latest_final_f3m_mult3.v","automated_nangate","v","mult, arithmetic",1536148018.08585,1166,583,0
"automated_nangate_ecg_latest_final_f3m_mux3",1362,1747,"./automated_nangate/automated_nangate_ecg_latest_final_f3m_mux3.v","automated_nangate","v",,1536148018.76985,585,194,0
"automated_nangate_ecg_latest_final_f3m_mux6",2140,3104,"./automated_nangate/automated_nangate_ecg_latest_final_f3m_mux6.v","automated_nangate","v",,1536148018.84185,1170,194,0
"automated_nangate_ecg_latest_final_f3m_neg",582,388,"./automated_nangate/automated_nangate_ecg_latest_final_f3m_neg.v","automated_nangate","v",,1536148018.87385,194,194,0
"automated_nangate_ecg_latest_final_f3m_nine",2695,6566,"./automated_nangate/automated_nangate_ecg_latest_final_f3m_nine.v","automated_nangate","v",,1536148019.00184,195,194,0
"automated_nangate_ecg_latest_final_f3m_sub",1940,3686,"./automated_nangate/automated_nangate_ecg_latest_final_f3m_sub.v","automated_nangate","v","sub, arithmetic",1536148019.09384,388,194,0
"automated_nangate_ecg_latest_final_func1",2746,5488,"./automated_nangate/automated_nangate_ecg_latest_final_func1.v","automated_nangate","v",,1536148022.29781,394,196,0
"automated_nangate_ecg_latest_final_func10",24247,58789,"./automated_nangate/automated_nangate_ecg_latest_final_func10.v","automated_nangate","v",,1536148020.22183,390,389,0
"automated_nangate_ecg_latest_final_func11",36817,91161,"./automated_nangate/automated_nangate_ecg_latest_final_func11.v","automated_nangate","v",,1536148021.96982,778,389,0
"automated_nangate_ecg_latest_final_func2",586,390,"./automated_nangate/automated_nangate_ecg_latest_final_func2.v","automated_nangate","v",,1536148022.42581,196,196,0
"automated_nangate_ecg_latest_final_func3",626,482,"./automated_nangate/automated_nangate_ecg_latest_final_func3.v","automated_nangate","v",,1536148022.54581,196,196,0
"automated_nangate_ecg_latest_final_func4",1178,1960,"./automated_nangate/automated_nangate_ecg_latest_final_func4.v","automated_nangate","v",,1536148022.69381,198,196,0
"automated_nangate_ecg_latest_final_func5",598,424,"./automated_nangate/automated_nangate_ecg_latest_final_func5.v","automated_nangate","v",,1536148022.84581,196,196,0
"automated_nangate_ecg_latest_final_func6",11,13,"./automated_nangate/automated_nangate_ecg_latest_final_func6.v","automated_nangate","v",,1536148022.96581,3,1,0
"automated_nangate_ecg_latest_final_func7",618,490,"./automated_nangate/automated_nangate_ecg_latest_final_func7.v","automated_nangate","v",,1536148023.0618,194,194,0
"automated_nangate_ecg_latest_final_func8",5280,12324,"./automated_nangate/automated_nangate_ecg_latest_final_func8.v","automated_nangate","v",,1536148023.5218,200,194,0
"automated_nangate_ecg_latest_final_func9",2333,2720,"./automated_nangate/automated_nangate_ecg_latest_final_func9.v","automated_nangate","v",,1536148023.6578,778,389,0
"automated_nangate_ecg_latest_final_point_add",64835,160384,"./automated_nangate/automated_nangate_ecg_latest_final_point_add.v","automated_nangate","v","add, arithmetic",1536148026.28977,780,390,0
"automated_nangate_ecg_latest_final_point_scalar_mult",70052,173500,"./automated_nangate/automated_nangate_ecg_latest_final_point_scalar_mult.v","automated_nangate","v","mult, arithmetic",1536148030.05374,542,390,0
"automated_nangate_ecpu_alu_latest_final_alu_adder",189,268,"./automated_nangate/automated_nangate_ecpu_alu_latest_final_alu_adder.v","automated_nangate","v","add, arithmetic",1528128670.7183,19,41,0
"automated_nangate_edge_latest_final_adder",309,495,"./automated_nangate/automated_nangate_edge_latest_final_adder.v","automated_nangate","v","add, arithmetic",1536149020.42014,65,33,0
"automated_nangate_edge_latest_final_alu",3623,8512,"./automated_nangate/automated_nangate_edge_latest_final_alu.v","automated_nangate","v","alu, arithmetic, add, sub",1536149020.59614,68,34,0
"automated_nangate_edge_latest_final_alu_decoder",44,77,"./automated_nangate/automated_nangate_edge_latest_final_alu_decoder.v","automated_nangate","v","alu, arithmetic, add, sub",1536149020.44814,10,4,0
"automated_nangate_edge_latest_final_clock_manager",139,320,"./automated_nangate/automated_nangate_edge_latest_final_clock_manager.v","automated_nangate","v",,1536149020.62014,1,1,0
"automated_nangate_edge_latest_final_controller",209,429,"./automated_nangate/automated_nangate_edge_latest_final_controller.v","automated_nangate","v",,1536149020.64014,44,35,0
"automated_nangate_edge_latest_final_Coprocessor0",4710,11782,"./automated_nangate/automated_nangate_edge_latest_final_Coprocessor0.v","automated_nangate","v","cpu, coprocessor",1536149020.84813,110,33,0
"automated_nangate_edge_latest_final_div_unit",6194,16081,"./automated_nangate/automated_nangate_edge_latest_final_div_unit.v","automated_nangate","v",,1536149021.12013,64,64,0
"automated_nangate_edge_latest_final_Edge_Core",31952,80384,"./automated_nangate/automated_nangate_edge_latest_final_Edge_Core.v","automated_nangate","v",,1536149022.39212,68,100,0
"automated_nangate_edge_latest_final_ex_mem_pipereg",1985,3236,"./automated_nangate/automated_nangate_edge_latest_final_ex_mem_pipereg.v","automated_nangate","v","register, memory",1536149022.47212,335,330,0
"automated_nangate_edge_latest_final_hazard_unit",188,338,"./automated_nangate/automated_nangate_edge_latest_final_hazard_unit.v","automated_nangate","v",,1536149022.49612,46,13,0
"automated_nangate_edge_latest_final_id_ex_pipereg",1743,2900,"./automated_nangate/automated_nangate_edge_latest_final_id_ex_pipereg.v","automated_nangate","v","register, memory",1536149022.56412,293,290,0
"automated_nangate_edge_latest_final_if_id_pipereg",579,960,"./automated_nangate/automated_nangate_edge_latest_final_if_id_pipereg.v","automated_nangate","v","register, memory",1536149022.60012,99,96,0
"automated_nangate_edge_latest_final_mem_wb_pipereg",1527,2540,"./automated_nangate/automated_nangate_edge_latest_final_mem_wb_pipereg.v","automated_nangate","v","register, memory",1536149022.66012,257,254,0
"automated_nangate_edge_latest_final_mult_unit",6506,15688,"./automated_nangate/automated_nangate_edge_latest_final_mult_unit.v","automated_nangate","v","mult, arithmetic",1536149022.91211,64,64,0
"automated_nangate_edge_latest_final_mux_WBResult",332,468,"./automated_nangate/automated_nangate_edge_latest_final_mux_WBResult.v","automated_nangate","v",,1536149022.95211,163,32,0
"automated_nangate_edge_latest_final_mux2",129,128,"./automated_nangate/automated_nangate_edge_latest_final_mux2.v","automated_nangate","v",,1536149022.93211,65,32,0
"automated_nangate_edge_latest_final_regfile",5206,13975,"./automated_nangate/automated_nangate_edge_latest_final_regfile.v","automated_nangate","v","register, memory",1536149023.18011,50,64,0
"automated_nangate_edge_latest_final_register",195,320,"./automated_nangate/automated_nangate_edge_latest_final_register.v","automated_nangate","v",,1536149023.20411,35,32,0
"automated_nangate_edge_latest_final_reset_logic",5,4,"./automated_nangate/automated_nangate_edge_latest_final_reset_logic.v","automated_nangate","v",,1536149023.22011,2,1,0
"automated_nangate_edge_latest_final_shift_left2",94,62,"./automated_nangate/automated_nangate_edge_latest_final_shift_left2.v","automated_nangate","v",,1536149023.33611,32,32,0
"automated_nangate_edge_latest_final_shift_unit",740,1878,"./automated_nangate/automated_nangate_edge_latest_final_shift_unit.v","automated_nangate","v",,1536149023.38811,39,32,0
"automated_nangate_edge_latest_final_shifter_decoder",16,19,"./automated_nangate/automated_nangate_edge_latest_final_shifter_decoder.v","automated_nangate","v",,1536149023.23611,6,3,0
"automated_nangate_edge_latest_final_shifter_left",243,515,"./automated_nangate/automated_nangate_edge_latest_final_shifter_left.v","automated_nangate","v",,1536149023.26011,37,32,0
"automated_nangate_edge_latest_final_shifter_right_arithmetic",250,533,"./automated_nangate/automated_nangate_edge_latest_final_shifter_right_arithmetic.v","automated_nangate","v",,1536149023.28411,37,32,0
"automated_nangate_edge_latest_final_shifter_right_logical",250,533,"./automated_nangate/automated_nangate_edge_latest_final_shifter_right_logical.v","automated_nangate","v",,1536149023.31211,37,32,0
"automated_nangate_edge_latest_final_sign_extend",80,64,"./automated_nangate/automated_nangate_edge_latest_final_sign_extend.v","automated_nangate","v",,1536149023.40811,16,32,0
"automated_nangate_edge_latest_final_zero_extend",80,48,"./automated_nangate/automated_nangate_edge_latest_final_zero_extend.v","automated_nangate","v",,1536149023.42411,16,32,0
"automated_nangate_epfl_final_dec",568,888,"./automated_nangate/automated_nangate_epfl_final_dec.v","automated_nangate","v",,1536149426.54821,8,256,0
"automated_nangate_epfl_final_i2c",1042,2076,"./automated_nangate/automated_nangate_epfl_final_i2c.v","automated_nangate","v",,1536149426.5922,147,142,0
"automated_nangate_epfl_final_mem_ctrl",28821,71022,"./automated_nangate/automated_nangate_epfl_final_mem_ctrl.v","automated_nangate","v",,1536149427.63619,1204,1231,0
"automated_nangate_epfl_final_top",1454,1962,"./automated_nangate/automated_nangate_epfl_final_top.v","automated_nangate","v","topfile",1536149427.69219,256,129,0
"automated_nangate_fast_antilog_latest_final_AntiLog2",530,1399,"./automated_nangate/automated_nangate_fast_antilog_latest_final_AntiLog2.v","automated_nangate","v",,1536149431.40016,11,24,0
"automated_nangate_fast_log_latest_final_Log2flowthru",230,610,"./automated_nangate/automated_nangate_fast_log_latest_final_Log2flowthru.v","automated_nangate","v",,1536149438.86409,24,8,0
"automated_nangate_fast_log_latest_final_Log2highacc",395,993,"./automated_nangate/automated_nangate_fast_log_latest_final_Log2highacc.v","automated_nangate","v",,1536149438.89609,25,12,0
"automated_nangate_fast_log_latest_final_Log2pipelined",254,586,"./automated_nangate/automated_nangate_fast_log_latest_final_Log2pipelined.v","automated_nangate","v",,1536149438.92009,25,8,0
"automated_nangate_fixed_point_arithmetic_parameterized_latest_final_qadd",721,1505,"./automated_nangate/automated_nangate_fixed_point_arithmetic_parameterized_latest_final_qadd.v","automated_nangate","v","ram, memory",1536149452.53595,64,32,0
"automated_nangate_fixed_point_arithmetic_parameterized_latest_final_qdiv",877,1979,"./automated_nangate/automated_nangate_fixed_point_arithmetic_parameterized_latest_final_qdiv.v","automated_nangate","v","ram, memory",1536149452.59195,66,33,0
"automated_nangate_fixed_point_arithmetic_parameterized_latest_final_qtwosComp",209,299,"./automated_nangate/automated_nangate_fixed_point_arithmetic_parameterized_latest_final_qtwosComp.v","automated_nangate","v","ram, memory",1536149452.61595,31,64,0
"automated_nangate_fixed_point_arithmetic_parameterized_latest_final_top",875,1977,"./automated_nangate/automated_nangate_fixed_point_arithmetic_parameterized_latest_final_top.v","automated_nangate","v","ram, memory,  topfile",1536149452.67195,66,32,0
"automated_nangate_fpga-median_latest_final_common_network",792,1536,"./automated_nangate/automated_nangate_fpga-median_latest_final_common_network.v","automated_nangate","v",,1536149472.32776,96,96,0
"automated_nangate_fpga-median_latest_final_dff_3_pipe",74,96,"./automated_nangate/automated_nangate_fpga-median_latest_final_dff_3_pipe.v","automated_nangate","v",,1536149472.34776,26,24,0
"automated_nangate_fpga-median_latest_final_median",2866,6557,"./automated_nangate/automated_nangate_fpga-median_latest_final_median.v","automated_nangate","v",,1536149472.47576,98,72,0
"automated_nangate_fpga-median_latest_final_node",99,180,"./automated_nangate/automated_nangate_fpga-median_latest_final_node.v","automated_nangate","v",,1536149472.49576,16,16,0
"automated_nangate_fpga-median_latest_final_pixel_network",534,1104,"./automated_nangate/automated_nangate_fpga-median_latest_final_pixel_network.v","automated_nangate","v",,1536149472.53576,72,8,0
"automated_nangate_fpga-median_latest_final_state_machine",480,1044,"./automated_nangate/automated_nangate_fpga-median_latest_final_state_machine.v","automated_nangate","v",,1536149472.57176,2,62,0
"automated_nangate_fpu_latest_final_delay1",7,6,"./automated_nangate/automated_nangate_fpu_latest_final_delay1.v","automated_nangate","v","fpu",1536150821.00261,3,2,0
"automated_nangate_fpu_latest_final_delay2",9,10,"./automated_nangate/automated_nangate_fpu_latest_final_delay2.v","automated_nangate","v","fpu",1536150821.01861,3,2,0
"automated_nangate_fpu_latest_final_delay3",11,14,"./automated_nangate/automated_nangate_fpu_latest_final_delay3.v","automated_nangate","v","fpu",1536150821.03061,3,2,0
"automated_nangate_fpu_latest_final_except",146,201,"./automated_nangate/automated_nangate_fpu_latest_final_except.v","automated_nangate","v","fpu",1536150821.05861,65,12,0
"automated_nangate_fpu_latest_final_fcmp",336,650,"./automated_nangate/automated_nangate_fpu_latest_final_fcmp.v","automated_nangate","v","fpu",1536150821.09061,64,6,0
"automated_nangate_fpu_latest_final_fpu",19252,47773,"./automated_nangate/automated_nangate_fpu_latest_final_fpu.v","automated_nangate","v","fpu",1536150821.8866,70,40,0
"automated_nangate_fpu_latest_final_post_norm",1415,3381,"./automated_nangate/automated_nangate_fpu_latest_final_post_norm.v","automated_nangate","v","fpu",1536150821.9866,75,35,0
"automated_nangate_fpu_latest_final_pre_norm",1147,2699,"./automated_nangate/automated_nangate_fpu_latest_final_pre_norm.v","automated_nangate","v","fpu",1536150822.1386,70,66,0
"automated_nangate_fpu_latest_final_pre_norm_fmul",460,828,"./automated_nangate/automated_nangate_fpu_latest_final_pre_norm_fmul.v","automated_nangate","v","fpu",1536150822.0506,68,64,0
"automated_nangate_ft816float_latest_final_f2i",686,1711,"./automated_nangate/automated_nangate_ft816float_latest_final_f2i.v","automated_nangate","v",,1536150975.10111,34,33,0
"automated_nangate_ft816float_latest_final_FloatToInt",576,1354,"./automated_nangate/automated_nangate_ft816float_latest_final_FloatToInt.v","automated_nangate","v",,1536150975.13711,34,33,0
"automated_nangate_ft816float_latest_final_fp_cmp_unit",373,712,"./automated_nangate/automated_nangate_ft816float_latest_final_fp_cmp_unit.v","automated_nangate","v",,1536150975.16511,64,6,0
"automated_nangate_ft816float_latest_final_fp_decomp",175,195,"./automated_nangate/automated_nangate_ft816float_latest_final_fp_decomp.v","automated_nangate","v",,1536150975.28911,32,64,0
"automated_nangate_ft816float_latest_final_fpCompare",351,673,"./automated_nangate/automated_nangate_ft816float_latest_final_fpCompare.v","automated_nangate","v",,1536150975.18911,64,5,0
"automated_nangate_ft816float_latest_final_fpDecompose",175,195,"./automated_nangate/automated_nangate_ft816float_latest_final_fpDecompose.v","automated_nangate","v",,1536150975.20511,32,64,0
"automated_nangate_ft816float_latest_final_fpDecompReg",464,796,"./automated_nangate/automated_nangate_ft816float_latest_final_fpDecompReg.v","automated_nangate","v","register, memory",1536150975.26511,34,96,0
"automated_nangate_ft816float_latest_final_fpRound",906,2140,"./automated_nangate/automated_nangate_ft816float_latest_final_fpRound.v","automated_nangate","v",,1536150975.32911,134,128,0
"automated_nangate_ft816float_latest_final_fpSqrt",15628,39824,"./automated_nangate/automated_nangate_ft816float_latest_final_fpSqrt.v","automated_nangate","v",,1536150975.9651,132,243,0
"automated_nangate_ft816float_latest_final_isqrt",2099,5244,"./automated_nangate/automated_nangate_ft816float_latest_final_isqrt.v","automated_nangate","v",,1536150976.0611,36,65,0
"automated_nangate_ft816float_latest_final_redor64",383,980,"./automated_nangate/automated_nangate_ft816float_latest_final_redor64.v","automated_nangate","v",,1536150976.0931,70,1,0
"automated_nangate_gcm-aes_latest_final_aes_cipher_top",16429,47181,"./automated_nangate/automated_nangate_gcm-aes_latest_final_aes_cipher_top.v","automated_nangate","v","aes, crypto, ,  topfile",1536151191.83498,259,129,0
"automated_nangate_gcm-aes_latest_final_aes_key_expand_128",3668,9998,"./automated_nangate/automated_nangate_gcm-aes_latest_final_aes_key_expand_128.v","automated_nangate","v","aes, crypto,",1536151192.03498,130,128,0
"automated_nangate_gcm-aes_latest_final_aes_rcon",52,103,"./automated_nangate/automated_nangate_gcm-aes_latest_final_aes_rcon.v","automated_nangate","v","aes, crypto,",1536151192.09898,2,8,0
"automated_nangate_gcm-aes_latest_final_aes_sbox",712,2128,"./automated_nangate/automated_nangate_gcm-aes_latest_final_aes_sbox.v","automated_nangate","v","aes, crypto, sbox",1536151192.23498,8,8,0
"automated_nangate_gcm-aes_latest_final_gcm_aes_v0",26825,71943,"./automated_nangate/automated_nangate_gcm-aes_latest_final_gcm_aes_v0.v","automated_nangate","v","aes, crypto,",1536151193.38297,267,136,0
"automated_nangate_gcm-aes_latest_final_gfm128_16",4824,8718,"./automated_nangate/automated_nangate_gcm-aes_latest_final_gfm128_16.v","automated_nangate","v","aes, crypto,",1536151193.57097,272,256,0
"automated_nangate_generic_fifos_latest_final_lfsr",42,84,"./automated_nangate/automated_nangate_generic_fifos_latest_final_lfsr.v","automated_nangate","v","fifo, memory",1536151197.10293,4,8,0
"automated_nangate_gng_latest_final_gng",7729,19538,"./automated_nangate/automated_nangate_gng_latest_final_gng.v","automated_nangate","v",,1536151305.64987,3,17,0
"automated_nangate_gng_latest_final_gng_coef",2043,5917,"./automated_nangate/automated_nangate_gng_latest_final_gng_coef.v","automated_nangate","v",,1536151304.66988,9,53,0
"automated_nangate_gng_latest_final_gng_ctg",1019,2331,"./automated_nangate/automated_nangate_gng_latest_final_gng_ctg.v","automated_nangate","v",,1536151304.73388,3,65,0
"automated_nangate_gng_latest_final_gng_interp",6834,17258,"./automated_nangate/automated_nangate_gng_latest_final_gng_interp.v","automated_nangate","v",,1536151305.05787,67,17,0
"automated_nangate_gng_latest_final_gng_lzd",191,364,"./automated_nangate/automated_nangate_gng_latest_final_gng_lzd.v","automated_nangate","v",,1536151305.08187,61,6,0
"automated_nangate_gng_latest_final_gng_smul_16_18",1997,4673,"./automated_nangate/automated_nangate_gng_latest_final_gng_smul_16_18.v","automated_nangate","v",,1536151305.30187,35,34,0
"automated_nangate_gng_latest_final_gng_smul_16_18_sadd_37",2413,5497,"./automated_nangate/automated_nangate_gng_latest_final_gng_smul_16_18_sadd_37.v","automated_nangate","v","add, arithmetic",1536151305.20187,72,38,0
"automated_nangate_gost28147-89_latest_final_gost89_cfb",3518,6375,"./automated_nangate/automated_nangate_gost28147-89_latest_final_gost89_cfb.v","automated_nangate","v",,1536150832.6745,836,65,0
"automated_nangate_gost28147-89_latest_final_gost89_cfb_decrypt",3453,6183,"./automated_nangate/automated_nangate_gost28147-89_latest_final_gost89_cfb_decrypt.v","automated_nangate","v",,1536150832.3905,835,65,0
"automated_nangate_gost28147-89_latest_final_gost89_cfb_encrypt",3646,6567,"./automated_nangate/automated_nangate_gost28147-89_latest_final_gost89_cfb_encrypt.v","automated_nangate","v",,1536150832.5345,835,65,0
"automated_nangate_gost28147-89_latest_final_gost89_ecb",3061,5639,"./automated_nangate/automated_nangate_gost28147-89_latest_final_gost89_ecb.v","automated_nangate","v",,1536150833.08649,836,65,0
"automated_nangate_gost28147-89_latest_final_gost89_ecb_decrypt",2934,4886,"./automated_nangate/automated_nangate_gost28147-89_latest_final_gost89_ecb_decrypt.v","automated_nangate","v",,1536150832.8065,835,65,0
"automated_nangate_gost28147-89_latest_final_gost89_ecb_encrypt",2934,4887,"./automated_nangate/automated_nangate_gost28147-89_latest_final_gost89_ecb_encrypt.v","automated_nangate","v",,1536150832.9425,835,65,0
"automated_nangate_gost28147-89_latest_final_gost89_mac",2854,5156,"./automated_nangate/automated_nangate_gost28147-89_latest_final_gost89_mac.v","automated_nangate","v",,1536150833.19049,835,33,0
"automated_nangate_gost28147-89_latest_final_gost89_pipelined_ecb_decrypt",39009,90336,"./automated_nangate/automated_nangate_gost28147-89_latest_final_gost89_pipelined_ecb_decrypt.v","automated_nangate","v",,1536150834.78248,833,64,0
"automated_nangate_gost28147-89_latest_final_gost89_pipelined_ecb_encrypt",39009,90336,"./automated_nangate/automated_nangate_gost28147-89_latest_final_gost89_pipelined_ecb_encrypt.v","automated_nangate","v",,1536150836.37446,833,64,0
"automated_nangate_gost28147-89_latest_final_gost89_round",1834,2792,"./automated_nangate/automated_nangate_gost28147-89_latest_final_gost89_round.v","automated_nangate","v",,1536150836.47446,609,64,0
"automated_nangate_gost28147-89_latest_final_gost89_sbox",0,0,"./automated_nangate/automated_nangate_gost28147-89_latest_final_gost89_sbox.v","automated_nangate","v","aes, crypto, sbox",1536150836.49046,68,4,0
"automated_nangate_hamming_latest_final_ham_7_4_dec",106,273,"./automated_nangate/automated_nangate_hamming_latest_final_ham_7_4_dec.v","automated_nangate","v",,1536150840.13843,4,2,0
"automated_nangate_hamming_latest_final_ham_7_4_enc",53,88,"./automated_nangate/automated_nangate_hamming_latest_final_ham_7_4_enc.v","automated_nangate","v",,1536150840.15843,7,8,0
"automated_nangate_hight_latest_final_CONTROL",217,566,"./automated_nangate/automated_nangate_hight_latest_final_CONTROL.v","automated_nangate","v",,1536150877.35806,5,13,0
"automated_nangate_hight_latest_final_CRYPTO_PATH",1515,3303,"./automated_nangate/automated_nangate_hight_latest_final_CRYPTO_PATH.v","automated_nangate","v",,1536150877.44606,103,64,0
"automated_nangate_hight_latest_final_HIGHT_CORE_TOP",2865,6433,"./automated_nangate/automated_nangate_hight_latest_final_HIGHT_CORE_TOP.v","automated_nangate","v","topfile",1536150877.57006,198,66,0
"automated_nangate_hight_latest_final_KEY_SCHED",1252,2691,"./automated_nangate/automated_nangate_hight_latest_final_KEY_SCHED.v","automated_nangate","v",,1536150877.64606,138,32,0
"automated_nangate_hight_latest_final_RF",958,1895,"./automated_nangate/automated_nangate_hight_latest_final_RF.v","automated_nangate","v",,1536150877.70206,98,64,0
"automated_nangate_hight_latest_final_SKG",1109,2335,"./automated_nangate/automated_nangate_hight_latest_final_SKG.v","automated_nangate","v",,1536150877.75806,134,32,0
"automated_nangate_hight_latest_final_WF",363,485,"./automated_nangate/automated_nangate_hight_latest_final_WF.v","automated_nangate","v",,1536150877.77806,97,64,0
"automated_nangate_hight_latest_final_WKG",131,130,"./automated_nangate/automated_nangate_hight_latest_final_WKG.v","automated_nangate","v",,1536150877.79806,66,32,0
"automated_nangate_hpdmc_latest_final_hpdmc_banktimer",29,52,"./automated_nangate/automated_nangate_hpdmc_latest_final_hpdmc_banktimer.v","automated_nangate","v",,1528980807.52699,7,1,0
"automated_nangate_hpdmc_latest_final_hpdmc_busif",85,61,"./automated_nangate/automated_nangate_hpdmc_latest_final_hpdmc_busif.v","automated_nangate","v",,1528980807.53499,32,26,0
"automated_nangate_hpdmc_latest_final_hpdmc_ctlif",563,926,"./automated_nangate/automated_nangate_hpdmc_latest_final_hpdmc_ctlif.v","automated_nangate","v",,1528980807.55499,52,83,0
"automated_nangate_hpdmc_latest_final_hpdmc_datactl",210,424,"./automated_nangate/automated_nangate_hpdmc_latest_final_hpdmc_datactl.v","automated_nangate","v",,1528980807.56699,11,9,"{}"
"automated_nangate_hpdmc_latest_final_hpdmc_iobuf32",128,96,"./automated_nangate/automated_nangate_hpdmc_latest_final_hpdmc_iobuf32.v","automated_nangate","v",,1528980807.57499,96,32,"{}"
"automated_nangate_hpdmc_latest_final_hpdmc_mgmt",593,1185,"./automated_nangate/automated_nangate_hpdmc_latest_final_hpdmc_mgmt.v","automated_nangate","v",,1528980807.59899,54,26,0
"automated_nangate_hpdmc_latest_final_hpdmc_obuft4",12,8,"./automated_nangate/automated_nangate_hpdmc_latest_final_hpdmc_obuft4.v","automated_nangate","v",,1528980807.60699,8,4,0
"automated_nangate_hpdmc_latest_final_IDELAY",3,2,"./automated_nangate/automated_nangate_hpdmc_latest_final_IDELAY.v","automated_nangate","v",,1528980807.61099,5,1,0
"automated_nangate_hpdmc_latest_final_OBUFT",3,2,"./automated_nangate/automated_nangate_hpdmc_latest_final_OBUFT.v","automated_nangate","v",,1528980807.61899,2,1,"{}"
"automated_nangate_i2c_latest_final_i2c_master_bit_ctrl",423,1041,"./automated_nangate/automated_nangate_i2c_latest_final_i2c_master_bit_ctrl.v","automated_nangate","v",,1536150893.9099,27,8,0
"automated_nangate_i2c_latest_final_i2c_master_byte_ctrl",622,1513,"./automated_nangate/automated_nangate_i2c_latest_final_i2c_master_byte_ctrl.v","automated_nangate","v",,1536150894.0299,35,16,0
"automated_nangate_i2c_latest_final_i2c_master_top",873,2213,"./automated_nangate/automated_nangate_i2c_latest_final_i2c_master_top.v","automated_nangate","v","topfile",1536150894.2179,19,14,0
"automated_nangate_iscas_final_AN2",4,3,"./automated_nangate/automated_nangate_iscas_final_AN2.v","automated_nangate","v",,1536151756.28945,2,1,0
"automated_nangate_iscas_final_AN3",5,4,"./automated_nangate/automated_nangate_iscas_final_AN3.v","automated_nangate","v",,1536151756.30945,3,1,0
"automated_nangate_iscas_final_AN4",6,5,"./automated_nangate/automated_nangate_iscas_final_AN4.v","automated_nangate","v",,1536151756.32545,4,1,0
"automated_nangate_iscas_final_BU",3,2,"./automated_nangate/automated_nangate_iscas_final_BU.v","automated_nangate","v",,1536151756.34945,1,1,0
"automated_nangate_iscas_final_c1355",245,456,"./automated_nangate/automated_nangate_iscas_final_c1355.v","automated_nangate","v",,1536151756.37345,41,32,0
"automated_nangate_iscas_final_c17",13,14,"./automated_nangate/automated_nangate_iscas_final_c17.v","automated_nangate","v",,1536151756.38945,5,2,0
"automated_nangate_iscas_final_c1908",217,396,"./automated_nangate/automated_nangate_iscas_final_c1908.v","automated_nangate","v",,1536151756.40945,33,25,0
"automated_nangate_iscas_final_c2670",566,886,"./automated_nangate/automated_nangate_iscas_final_c2670.v","automated_nangate","v",,1536151756.45345,157,64,0
"automated_nangate_iscas_final_c3540",600,1465,"./automated_nangate/automated_nangate_iscas_final_c3540.v","automated_nangate","v",,1536151756.50145,50,22,0
"automated_nangate_iscas_final_c432",183,370,"./automated_nangate/automated_nangate_iscas_final_c432.v","automated_nangate","v",,1536151756.52945,36,7,0
"automated_nangate_iscas_final_c499",245,456,"./automated_nangate/automated_nangate_iscas_final_c499.v","automated_nangate","v",,1536151756.54945,41,32,0
"automated_nangate_iscas_final_c5315",1099,2052,"./automated_nangate/automated_nangate_iscas_final_c5315.v","automated_nangate","v",,1536151756.60545,178,123,0
"automated_nangate_iscas_final_c6288",1857,4543,"./automated_nangate/automated_nangate_iscas_final_c6288.v","automated_nangate","v",,1536151756.72545,32,32,0
"automated_nangate_iscas_final_c7552",1296,2335,"./automated_nangate/automated_nangate_iscas_final_c7552.v","automated_nangate","v",,1536151756.78945,207,108,0
"automated_nangate_iscas_final_c880",300,571,"./automated_nangate/automated_nangate_iscas_final_c880.v","automated_nangate","v",,1536151756.82145,60,26,0
"automated_nangate_iscas_final_Circuit74181b",67,128,"./automated_nangate/automated_nangate_iscas_final_Circuit74181b.v","automated_nangate","v",,1536151756.84145,14,8,0
"automated_nangate_iscas_final_Circuit74182",30,43,"./automated_nangate/automated_nangate_iscas_final_Circuit74182.v","automated_nangate","v",,1536151756.86545,9,5,0
"automated_nangate_iscas_final_Circuit74283b",36,53,"./automated_nangate/automated_nangate_iscas_final_Circuit74283b.v","automated_nangate","v",,1536151756.89745,9,5,0
"automated_nangate_iscas_final_Circuit74L85b",38,61,"./automated_nangate/automated_nangate_iscas_final_Circuit74L85b.v","automated_nangate","v",,1536151756.91745,11,3,0
"automated_nangate_iscas_final_CLAmodule",32,59,"./automated_nangate/automated_nangate_iscas_final_CLAmodule.v","automated_nangate","v",,1536151756.93345,9,7,0
"automated_nangate_iscas_final_DFF",4,3,"./automated_nangate/automated_nangate_iscas_final_DFF.v","automated_nangate","v",,1536151756.94545,2,1,0
"automated_nangate_iscas_final_Dmodule",22,24,"./automated_nangate/automated_nangate_iscas_final_Dmodule.v","automated_nangate","v",,1536151756.98145,12,4,0
"automated_nangate_iscas_final_Emodule",22,24,"./automated_nangate/automated_nangate_iscas_final_Emodule.v","automated_nangate","v",,1536151756.99745,12,4,0
"automated_nangate_iscas_final_EO",4,3,"./automated_nangate/automated_nangate_iscas_final_EO.v","automated_nangate","v",,1536151757.01345,2,1,0
"automated_nangate_iscas_final_FD1",4,3,"./automated_nangate/automated_nangate_iscas_final_FD1.v","automated_nangate","v",,1536151757.05745,2,1,0
"automated_nangate_iscas_final_FD1S",9,7,"./automated_nangate/automated_nangate_iscas_final_FD1S.v","automated_nangate","v",,1536151757.04145,4,2,0
"automated_nangate_iscas_final_FD1S2",11,11,"./automated_nangate/automated_nangate_iscas_final_FD1S2.v","automated_nangate","v",,1536151757.02945,5,2,0
"automated_nangate_iscas_final_FDMASK",6,5,"./automated_nangate/automated_nangate_iscas_final_FDMASK.v","automated_nangate","v",,1536151757.07345,3,1,0
"automated_nangate_iscas_final_foobar",286,530,"./automated_nangate/automated_nangate_iscas_final_foobar.v","automated_nangate","v",,1536151757.09745,60,26,0
"automated_nangate_iscas_final_IV",3,2,"./automated_nangate/automated_nangate_iscas_final_IV.v","automated_nangate","v",,1536151757.11345,1,1,0
"automated_nangate_iscas_final_MUX21H",5,4,"./automated_nangate/automated_nangate_iscas_final_MUX21H.v","automated_nangate","v",,1536151757.15745,3,1,0
"automated_nangate_iscas_final_ND2",4,3,"./automated_nangate/automated_nangate_iscas_final_ND2.v","automated_nangate","v",,1536151757.17344,2,1,0
"automated_nangate_iscas_final_ND3",5,4,"./automated_nangate/automated_nangate_iscas_final_ND3.v","automated_nangate","v",,1536151757.18944,3,1,0
"automated_nangate_iscas_final_ND4",6,5,"./automated_nangate/automated_nangate_iscas_final_ND4.v","automated_nangate","v",,1536151757.22944,4,1,0
"automated_nangate_iscas_final_NR2",4,3,"./automated_nangate/automated_nangate_iscas_final_NR2.v","automated_nangate","v",,1536151757.24544,2,1,0
"automated_nangate_iscas_final_NR3",5,4,"./automated_nangate/automated_nangate_iscas_final_NR3.v","automated_nangate","v",,1536151757.26144,3,1,0
"automated_nangate_iscas_final_NR4",6,5,"./automated_nangate/automated_nangate_iscas_final_NR4.v","automated_nangate","v",,1536151757.27344,4,1,0
"automated_nangate_iscas_final_OR2",4,3,"./automated_nangate/automated_nangate_iscas_final_OR2.v","automated_nangate","v",,1536151757.28944,2,1,0
"automated_nangate_iscas_final_OR3",5,4,"./automated_nangate/automated_nangate_iscas_final_OR3.v","automated_nangate","v",,1536151757.30544,3,1,0
"automated_nangate_iscas_final_OR4",6,5,"./automated_nangate/automated_nangate_iscas_final_OR4.v","automated_nangate","v",,1536151757.32144,4,1,0
"automated_nangate_iscas_final_s1196",576,1059,"./automated_nangate/automated_nangate_iscas_final_s1196.v","automated_nangate","v",,1536151757.35744,16,14,0
"automated_nangate_iscas_final_s1238",555,1091,"./automated_nangate/automated_nangate_iscas_final_s1238.v","automated_nangate","v",,1536151757.47744,16,14,0
"automated_nangate_iscas_final_s13207",8632,12336,"./automated_nangate/automated_nangate_iscas_final_s13207.v","automated_nangate","v",,1536151757.86544,64,152,0
"automated_nangate_iscas_final_s1423",754,1317,"./automated_nangate/automated_nangate_iscas_final_s1423.v","automated_nangate","v",,1536151757.94544,19,5,0
"automated_nangate_iscas_final_s1488",687,1418,"./automated_nangate/automated_nangate_iscas_final_s1488.v","automated_nangate","v",,1536151757.98944,10,19,0
"automated_nangate_iscas_final_s1494",681,1424,"./automated_nangate/automated_nangate_iscas_final_s1494.v","automated_nangate","v",,1536151758.03344,10,19,0
"automated_nangate_iscas_final_s15850",10371,14620,"./automated_nangate/automated_nangate_iscas_final_s15850.v","automated_nangate","v",,1536151758.45343,79,150,0
"automated_nangate_iscas_final_s344",196,310,"./automated_nangate/automated_nangate_iscas_final_s344.v","automated_nangate","v",,1536151758.50143,11,11,0
"automated_nangate_iscas_final_s349",197,314,"./automated_nangate/automated_nangate_iscas_final_s349.v","automated_nangate","v",,1536151758.52543,11,11,0
"automated_nangate_iscas_final_s35932",18149,32045,"./automated_nangate/automated_nangate_iscas_final_s35932.v","automated_nangate","v",,1536151759.27342,37,320,0
"automated_nangate_iscas_final_s382",189,354,"./automated_nangate/automated_nangate_iscas_final_s382.v","automated_nangate","v",,1536151759.29742,5,6,0
"automated_nangate_iscas_final_s38417",23069,34255,"./automated_nangate/automated_nangate_iscas_final_s38417.v","automated_nangate","v",,1536151760.28941,30,106,0
"automated_nangate_iscas_final_s38584",21022,35912,"./automated_nangate/automated_nangate_iscas_final_s38584.v","automated_nangate","v",,1536151761.17341,40,304,0
"automated_nangate_iscas_final_s386",180,366,"./automated_nangate/automated_nangate_iscas_final_s386.v","automated_nangate","v",,1536151761.19741,9,7,0
"automated_nangate_iscas_final_s400",193,368,"./automated_nangate/automated_nangate_iscas_final_s400.v","automated_nangate","v",,1536151761.22141,5,6,0
"automated_nangate_iscas_final_s420",254,416,"./automated_nangate/automated_nangate_iscas_final_s420.v","automated_nangate","v",,1536151761.24541,20,1,0
"automated_nangate_iscas_final_s444",212,400,"./automated_nangate/automated_nangate_iscas_final_s444.v","automated_nangate","v",,1536151761.2694,5,6,0
"automated_nangate_iscas_final_s510",244,443,"./automated_nangate/automated_nangate_iscas_final_s510.v","automated_nangate","v",,1536151761.2934,21,7,0
"automated_nangate_iscas_final_s526",224,493,"./automated_nangate/automated_nangate_iscas_final_s526.v","automated_nangate","v",,1536151761.3414,5,6,0
"automated_nangate_iscas_final_s526n",225,493,"./automated_nangate/automated_nangate_iscas_final_s526n.v","automated_nangate","v",,1536151761.3174,5,6,0
"automated_nangate_iscas_final_s5378",3043,4619,"./automated_nangate/automated_nangate_iscas_final_s5378.v","automated_nangate","v",,1536151761.4774,37,49,0
"automated_nangate_iscas_final_s641",458,601,"./automated_nangate/automated_nangate_iscas_final_s641.v","automated_nangate","v",,1536151761.5094,37,24,0
"automated_nangate_iscas_final_s713",471,652,"./automated_nangate/automated_nangate_iscas_final_s713.v","automated_nangate","v",,1536151761.5414,37,23,0
"automated_nangate_iscas_final_s820",332,786,"./automated_nangate/automated_nangate_iscas_final_s820.v","automated_nangate","v",,1536151761.5694,20,19,0
"automated_nangate_iscas_final_s832",330,798,"./automated_nangate/automated_nangate_iscas_final_s832.v","automated_nangate","v",,1536151761.5974,20,19,0
"automated_nangate_iscas_final_s838",514,852,"./automated_nangate/automated_nangate_iscas_final_s838.v","automated_nangate","v",,1536151761.6294,36,1,0
"automated_nangate_iscas_final_s9234",3483,4894,"./automated_nangate/automated_nangate_iscas_final_s9234.v","automated_nangate","v",,1536151761.8054,38,39,0
"automated_nangate_iscas_final_s953",464,824,"./automated_nangate/automated_nangate_iscas_final_s953.v","automated_nangate","v",,1536151761.8574,18,23,0
"automated_nangate_iscas_final_Summodule",31,33,"./automated_nangate/automated_nangate_iscas_final_Summodule.v","automated_nangate","v",,1536151761.8774,13,5,0
"automated_nangate_iscas_final_TopLevel74181b",67,128,"./automated_nangate/automated_nangate_iscas_final_TopLevel74181b.v","automated_nangate","v","topfile",1536151761.8934,14,8,0
"automated_nangate_iscas_final_TopLevel74182b",30,43,"./automated_nangate/automated_nangate_iscas_final_TopLevel74182b.v","automated_nangate","v","topfile",1536151761.9094,9,5,0
"automated_nangate_iscas_final_TopLevel74283b",36,53,"./automated_nangate/automated_nangate_iscas_final_TopLevel74283b.v","automated_nangate","v","topfile",1536151761.9294,9,5,0
"automated_nangate_iscas_final_TopLevel74L85b",38,61,"./automated_nangate/automated_nangate_iscas_final_TopLevel74L85b.v","automated_nangate","v","topfile",1536151761.9454,11,3,0
"automated_nangate_iscas_final_TX",3,2,"./automated_nangate/automated_nangate_iscas_final_TX.v","automated_nangate","v",,1536151761.9694,2,1,0
"automated_nangate_iwls_final_DSP_CORE_wpreg",4902,8245,"./automated_nangate/automated_nangate_iwls_final_DSP_CORE_wpreg.v","automated_nangate","v","register, memory",1542470733.55554,842,838,0
"automated_nangate_md5_pipelined_latest_final_Md5Core",82877,172137,"./automated_nangate/automated_nangate_md5_pipelined_latest_final_Md5Core.v","automated_nangate","v","crypto, hash, md5, top",1536192240.87614,641,128,0
"automated_nangate_mem_ctrl_latest_final_mc_adr_sel",705,1629,"./automated_nangate/automated_nangate_mem_ctrl_latest_final_mc_adr_sel.v","automated_nangate","v","memory_control",1536193070.25595,110,50,0
"automated_nangate_mem_ctrl_latest_final_mc_cs_rf",435,777,"./automated_nangate/automated_nangate_mem_ctrl_latest_final_mc_cs_rf.v","automated_nangate","v","memory_control",1536193070.27595,134,68,0
"automated_nangate_mem_ctrl_latest_final_mc_dp",897,2018,"./automated_nangate/automated_nangate_mem_ctrl_latest_final_mc_dp.v","automated_nangate","v","memory_control",1536193070.31195,121,69,0
"automated_nangate_mem_ctrl_latest_final_mc_incn_r",155,241,"./automated_nangate/automated_nangate_mem_ctrl_latest_final_mc_incn_r.v","automated_nangate","v",,1536193070.32395,33,32,0
"automated_nangate_mem_ctrl_latest_final_mc_mem_if",457,523,"./automated_nangate/automated_nangate_mem_ctrl_latest_final_mc_mem_if.v","automated_nangate","v","memory_control",1536193070.34395,150,123,0
"automated_nangate_mem_ctrl_latest_final_mc_obct",271,645,"./automated_nangate/automated_nangate_mem_ctrl_latest_final_mc_obct.v","automated_nangate","v","memory_control",1536193070.47195,20,3,0
"automated_nangate_mem_ctrl_latest_final_mc_obct_dummy",6,3,"./automated_nangate/automated_nangate_mem_ctrl_latest_final_mc_obct_dummy.v","automated_nangate","v",,1536193070.37595,20,3,0
"automated_nangate_mem_ctrl_latest_final_mc_obct_top",1566,3967,"./automated_nangate/automated_nangate_mem_ctrl_latest_final_mc_obct_top.v","automated_nangate","v","topfile",1536193070.45595,29,3,0
"automated_nangate_mem_ctrl_latest_final_mc_rd_fifo",515,1217,"./automated_nangate/automated_nangate_mem_ctrl_latest_final_mc_rd_fifo.v","automated_nangate","v","fifo, memory",1536193070.49595,41,36,0
"automated_nangate_mem_ctrl_latest_final_mc_refresh",144,309,"./automated_nangate/automated_nangate_mem_ctrl_latest_final_mc_refresh.v","automated_nangate","v",,1536193070.51195,22,1,0
"automated_nangate_mem_ctrl_latest_final_mc_rf",4683,11110,"./automated_nangate/automated_nangate_mem_ctrl_latest_final_mc_rf.v","automated_nangate","v","memory_control",1536193070.64795,106,233,0
"automated_nangate_mem_ctrl_latest_final_mc_timing",1265,3045,"./automated_nangate/automated_nangate_mem_ctrl_latest_final_mc_timing.v","automated_nangate","v","memory_control",1536193070.69195,105,32,0
"automated_nangate_mem_ctrl_latest_final_mc_top",8463,20891,"./automated_nangate/automated_nangate_mem_ctrl_latest_final_mc_top.v","automated_nangate","v","topfile",1536193070.94794,115,152,0
"automated_nangate_mem_ctrl_latest_final_mc_wb_if",229,325,"./automated_nangate/automated_nangate_mem_ctrl_latest_final_mc_wb_if.v","automated_nangate","v","memory_control",1536193070.96394,105,39,0
"automated_nangate_mem_ctrl_latest_final_sync_cs_dev",99434,302097,"./automated_nangate/automated_nangate_mem_ctrl_latest_final_sync_cs_dev.v","automated_nangate","v","memory_control",1536193074.12391,52,1,0
"automated_nangate_mesi_isc_final_mesi_isc_basic_fifo",843,2236,"./automated_nangate/automated_nangate_mesi_isc_final_mesi_isc_basic_fifo.v","automated_nangate","v","fifo, memory",1536193082.81583,36,34,0
"automated_nangate_mesi_isc_final_mesi_isc_breq_fifos_cntl",722,989,"./automated_nangate/automated_nangate_mesi_isc_final_mesi_isc_breq_fifos_cntl.v","automated_nangate","v","fifo, memory",1536193082.83983,187,100,0
"automated_nangate_mesi_isc_final_mesi_isc_broad",1042,2738,"./automated_nangate/automated_nangate_mesi_isc_final_mesi_isc_broad.v","automated_nangate","v",,1536193082.89183,48,45,0
"automated_nangate_mesi_isc_final_mesi_isc_broad_cntl",115,245,"./automated_nangate/automated_nangate_mesi_isc_final_mesi_isc_broad_cntl.v","automated_nangate","v",,1536193082.85183,17,13,0
"automated_nangate_mesi_isc_latest_final_mesi_isc",2345,6219,"./automated_nangate/automated_nangate_mesi_isc_latest_final_mesi_isc.v","automated_nangate","v",,1524756442.92447,146,48,0
"automated_nangate_mesi_isc_latest_final_mesi_isc_basic_fifo",779,2074,"./automated_nangate/automated_nangate_mesi_isc_latest_final_mesi_isc_basic_fifo.v","automated_nangate","v","fifo, memory",1524756442.70047,36,34,"{}"
"automated_nangate_mesi_isc_latest_final_mesi_isc_breq_fifos",1743,4432,"./automated_nangate/automated_nangate_mesi_isc_latest_final_mesi_isc_breq_fifos.v","automated_nangate","v","fifo, memory",1524756442.78447,143,48,0
"automated_nangate_mesi_isc_latest_final_mesi_isc_breq_fifos_cntl",715,982,"./automated_nangate/automated_nangate_mesi_isc_latest_final_mesi_isc_breq_fifos_cntl.v","automated_nangate","v","fifo, memory",1524756442.72847,187,100,0
"automated_nangate_mesi_isc_latest_final_mesi_isc_broad",978,2557,"./automated_nangate/automated_nangate_mesi_isc_latest_final_mesi_isc_broad.v","automated_nangate","v",,1524756442.83247,48,45,"{}"
"automated_nangate_mesi_isc_latest_final_mesi_isc_broad_cntl",125,243,"./automated_nangate/automated_nangate_mesi_isc_latest_final_mesi_isc_broad_cntl.v","automated_nangate","v",,1524756442.79647,17,13,"{}"
"automated_nangate_minirisc_latest_final_add_sub8_co",98,175,"./automated_nangate/automated_nangate_minirisc_latest_final_add_sub8_co.v","automated_nangate","v","sub, arithmetic",1536193616.28657,17,9,0
"automated_nangate_minirisc_latest_final_alu",345,731,"./automated_nangate/automated_nangate_minirisc_latest_final_alu.v","automated_nangate","v","alu, arithmetic, add, sub",1536193616.30257,29,11,0
"automated_nangate_minirisc_latest_final_cmp8_eq",28,27,"./automated_nangate/automated_nangate_minirisc_latest_final_cmp8_eq.v","automated_nangate","v",,1536193616.31057,16,1,0
"automated_nangate_minirisc_latest_final_inc11",48,67,"./automated_nangate/automated_nangate_minirisc_latest_final_inc11.v","automated_nangate","v",,1536193616.31857,11,11,0
"automated_nangate_minirisc_latest_final_inc8",33,44,"./automated_nangate/automated_nangate_minirisc_latest_final_inc8.v","automated_nangate","v",,1536193616.32657,8,8,0
"automated_nangate_minirisc_latest_final_mux2_11",45,44,"./automated_nangate/automated_nangate_minirisc_latest_final_mux2_11.v","automated_nangate","v",,1536193616.33457,23,11,0
"automated_nangate_minirisc_latest_final_mux2_7",29,28,"./automated_nangate/automated_nangate_minirisc_latest_final_mux2_7.v","automated_nangate","v",,1536193616.34657,15,7,0
"automated_nangate_minirisc_latest_final_mux2_8",33,32,"./automated_nangate/automated_nangate_minirisc_latest_final_mux2_8.v","automated_nangate","v",,1536193616.35457,17,8,0
"automated_nangate_minirisc_latest_final_mux4_8",79,105,"./automated_nangate/automated_nangate_minirisc_latest_final_mux4_8.v","automated_nangate","v",,1536193616.36657,34,8,0
"automated_nangate_minirisc_latest_final_mux8_1",19,22,"./automated_nangate/automated_nangate_minirisc_latest_final_mux8_1.v","automated_nangate","v",,1536193616.39057,11,1,0
"automated_nangate_minirisc_latest_final_mux8_8",126,195,"./automated_nangate/automated_nangate_minirisc_latest_final_mux8_8.v","automated_nangate","v",,1536193616.40257,67,8,0
"automated_nangate_minirisc_latest_final_presclr_wdt",122,262,"./automated_nangate/automated_nangate_minirisc_latest_final_presclr_wdt.v","automated_nangate","v",,1536193616.41457,12,2,0
"automated_nangate_minirisc_latest_final_prog_mem",81847,217957,"./automated_nangate/automated_nangate_minirisc_latest_final_prog_mem.v","automated_nangate","v","memory,",1536193619.45454,25,12,0
"automated_nangate_minirisc_latest_final_sfifo4x11",146,330,"./automated_nangate/automated_nangate_minirisc_latest_final_sfifo4x11.v","automated_nangate","v","fifo, memory",1536193619.51854,14,11,0
"automated_nangate_minsoc_latest_final_adbg_crc32",264,535,"./automated_nangate/automated_nangate_minsoc_latest_final_adbg_crc32.v","automated_nangate","v",,1529231706.6792,6,33,0
"automated_nangate_minsoc_latest_final_adbg_jsp_biu",990,2267,"./automated_nangate/automated_nangate_minsoc_latest_final_adbg_jsp_biu.v","automated_nangate","v",,1529231706.8992,91,51,0
"automated_nangate_minsoc_latest_final_adbg_jsp_module",1169,2772,"./automated_nangate/automated_nangate_minsoc_latest_final_adbg_jsp_module.v","automated_nangate","v",,1529231706.9632,139,37,0
"automated_nangate_minsoc_latest_final_adbg_or1k_biu",562,888,"./automated_nangate/automated_nangate_minsoc_latest_final_adbg_or1k_biu.v","automated_nangate","v",,1529231707.0432,102,99,0
"automated_nangate_minsoc_latest_final_adbg_or1k_module",1417,3201,"./automated_nangate/automated_nangate_minsoc_latest_final_adbg_or1k_module.v","automated_nangate","v",,1529231707.1672,95,70,0
"automated_nangate_minsoc_latest_final_adbg_or1k_status_reg",32,53,"./automated_nangate/automated_nangate_minsoc_latest_final_adbg_or1k_status_reg.v","automated_nangate","v",,1529231707.2032,7,4,0
"automated_nangate_minsoc_latest_final_adbg_top",362,181,"./automated_nangate/automated_nangate_minsoc_latest_final_adbg_top.v","automated_nangate","v","topfile",1529231707.24319,156,181,0
"automated_nangate_minsoc_latest_final_adbg_wb_biu",789,1387,"./automated_nangate/automated_nangate_minsoc_latest_final_adbg_wb_biu.v","automated_nangate","v",,1529231707.28319,106,111,0
"automated_nangate_minsoc_latest_final_adbg_wb_module",1931,4440,"./automated_nangate/automated_nangate_minsoc_latest_final_adbg_wb_module.v","automated_nangate","v",,1529231707.43119,95,79,0
"automated_nangate_minsoc_latest_final_altera_pll",2,1,"./automated_nangate/automated_nangate_minsoc_latest_final_altera_pll.v","automated_nangate","v",,1529231707.47519,1,1,0
"automated_nangate_minsoc_latest_final_BiDirectionalCell",21,25,"./automated_nangate/automated_nangate_minsoc_latest_final_BiDirectionalCell.v","automated_nangate","v",,1529231707.48319,8,3,0
"automated_nangate_minsoc_latest_final_bytefifo",339,802,"./automated_nangate/automated_nangate_minsoc_latest_final_bytefifo.v","automated_nangate","v","fifo, memory",1529231707.55519,12,16,0
"automated_nangate_minsoc_latest_final_ControlCell",19,23,"./automated_nangate/automated_nangate_minsoc_latest_final_ControlCell.v","automated_nangate","v",,1529231707.58319,7,2,0
"automated_nangate_minsoc_latest_final_eth_clockgen",75,153,"./automated_nangate/automated_nangate_minsoc_latest_final_eth_clockgen.v","automated_nangate","v",,1529231707.59919,10,3,0
"automated_nangate_minsoc_latest_final_eth_crc",249,501,"./automated_nangate/automated_nangate_minsoc_latest_final_eth_crc.v","automated_nangate","v","eth, interface",1529231707.62319,8,33,0
"automated_nangate_minsoc_latest_final_eth_fifo",1325,2926,"./automated_nangate/automated_nangate_minsoc_latest_final_eth_fifo.v","automated_nangate","v","fifo, memory",1529231707.70719,37,40,0
"automated_nangate_minsoc_latest_final_eth_maccontrol",909,1944,"./automated_nangate/automated_nangate_minsoc_latest_final_eth_maccontrol.v","automated_nangate","v","eth, interface",1529231707.81519,103,20,0
"automated_nangate_minsoc_latest_final_eth_macstatus",339,543,"./automated_nangate/automated_nangate_minsoc_latest_final_eth_macstatus.v","automated_nangate","v","eth, interface",1529231707.89519,94,19,0
"automated_nangate_minsoc_latest_final_eth_miim",446,973,"./automated_nangate/automated_nangate_minsoc_latest_final_eth_miim.v","automated_nangate","v","eth, interface",1529231708.02319,41,25,0
"automated_nangate_minsoc_latest_final_eth_outputcontrol",48,82,"./automated_nangate/automated_nangate_minsoc_latest_final_eth_outputcontrol.v","automated_nangate","v",,1529231708.06319,14,2,0
"automated_nangate_minsoc_latest_final_eth_random",112,222,"./automated_nangate/automated_nangate_minsoc_latest_final_eth_random.v","automated_nangate","v",,1529231708.09919,34,2,0
"automated_nangate_minsoc_latest_final_eth_receivecontrol",547,1162,"./automated_nangate/automated_nangate_minsoc_latest_final_eth_receivecontrol.v","automated_nangate","v","eth, interface",1529231708.17519,74,4,0
"automated_nangate_minsoc_latest_final_eth_register",61,97,"./automated_nangate/automated_nangate_minsoc_latest_final_eth_register.v","automated_nangate","v",,1529231708.30318,12,8,0
"automated_nangate_minsoc_latest_final_eth_registers",2537,4847,"./automated_nangate/automated_nangate_minsoc_latest_final_eth_registers.v","automated_nangate","v","eth, interface",1529231708.26318,112,290,0
"automated_nangate_minsoc_latest_final_eth_rxaddrcheck",413,660,"./automated_nangate/automated_nangate_minsoc_latest_final_eth_rxaddrcheck.v","automated_nangate","v","add, arithmetic",1529231708.39918,145,2,0
"automated_nangate_minsoc_latest_final_eth_rxcounters",380,779,"./automated_nangate/automated_nangate_minsoc_latest_final_eth_rxcounters.v","automated_nangate","v","eth, interface",1529231708.43918,30,32,0
"automated_nangate_minsoc_latest_final_eth_rxethmac",1107,2296,"./automated_nangate/automated_nangate_minsoc_latest_final_eth_rxethmac.v","automated_nangate","v","eth, interface",1529231708.50318,143,38,0
"automated_nangate_minsoc_latest_final_eth_rxstatem",67,131,"./automated_nangate/automated_nangate_minsoc_latest_final_eth_rxstatem.v","automated_nangate","v",,1529231708.55918,10,6,0
"automated_nangate_minsoc_latest_final_eth_shiftreg",208,391,"./automated_nangate/automated_nangate_minsoc_latest_final_eth_shiftreg.v","automated_nangate","v","eth, interface",1529231708.57918,37,18,0
"automated_nangate_minsoc_latest_final_eth_spram_256x32",30938,76668,"./automated_nangate/automated_nangate_minsoc_latest_final_eth_spram_256x32.v","automated_nangate","v","ram, memory",1529231709.47917,48,32,0
"automated_nangate_minsoc_latest_final_eth_top",43400,106505,"./automated_nangate/automated_nangate_minsoc_latest_final_eth_top.v","automated_nangate","v","topfile",1529231710.81916,96,115,0
"automated_nangate_minsoc_latest_final_eth_transmitcontrol",348,665,"./automated_nangate/automated_nangate_minsoc_latest_final_eth_transmitcontrol.v","automated_nangate","v","eth, interface",1529231710.90716,75,14,0
"automated_nangate_minsoc_latest_final_eth_txcounters",512,1015,"./automated_nangate/automated_nangate_minsoc_latest_final_eth_txcounters.v","automated_nangate","v","eth, interface",1529231710.93116,55,40,0
"automated_nangate_minsoc_latest_final_eth_txethmac",1037,2288,"./automated_nangate/automated_nangate_minsoc_latest_final_eth_txethmac.v","automated_nangate","v","eth, interface",1529231711.11516,85,24,0
"automated_nangate_minsoc_latest_final_eth_txstatem",246,432,"./automated_nangate/automated_nangate_minsoc_latest_final_eth_txstatem.v","automated_nangate","v","eth, interface",1529231711.27116,51,20,0
"automated_nangate_minsoc_latest_final_eth_wishbone",37592,97098,"./automated_nangate/automated_nangate_minsoc_latest_final_eth_wishbone.v","automated_nangate","v","eth, interface",1529231712.72714,145,127,0
"automated_nangate_minsoc_latest_final_ethmac",230,115,"./automated_nangate/automated_nangate_minsoc_latest_final_ethmac.v","automated_nangate","v","eth, interface",1529231707.94719,96,115,0
"automated_nangate_minsoc_latest_final_gpio_top",1560,3417,"./automated_nangate/automated_nangate_minsoc_latest_final_gpio_top.v","automated_nangate","v","topfile",1529231712.88714,80,97,0
"automated_nangate_minsoc_latest_final_InputCell",12,13,"./automated_nangate/automated_nangate_minsoc_latest_final_InputCell.v","automated_nangate","v",,1529231712.93514,5,1,0
"automated_nangate_minsoc_latest_final_minsoc_memory_model",243202,609128,"./automated_nangate/automated_nangate_minsoc_latest_final_minsoc_memory_model.v","automated_nangate","v","ram, memory",1529231720.55107,73,34,0
"automated_nangate_minsoc_latest_final_minsoc_onchip_ram",61219,152737,"./automated_nangate/automated_nangate_minsoc_latest_final_minsoc_onchip_ram.v","automated_nangate","v","ram, memory",1529231751.08677,24,8,0
"automated_nangate_minsoc_latest_final_minsoc_onchip_ram_top",986168,2449475,"./automated_nangate/automated_nangate_minsoc_latest_final_minsoc_onchip_ram_top.v","automated_nangate","v","ram, memory ,  topfile",1529231748.2188,73,34,0
"automated_nangate_minsoc_latest_final_minsoc_tc_top",5928,9652,"./automated_nangate/automated_nangate_minsoc_latest_final_minsoc_tc_top.v","automated_nangate","v","topfile",1529231751.31077,916,956,0
"automated_nangate_minsoc_latest_final_minsoc_wb_32_8_bridge",310,349,"./automated_nangate/automated_nangate_minsoc_latest_final_minsoc_wb_32_8_bridge.v","automated_nangate","v",,1529231751.33077,76,72,0
"automated_nangate_minsoc_latest_final_or1200_alu",2015,4644,"./automated_nangate/automated_nangate_minsoc_latest_final_or1200_alu.v","automated_nangate","v","alu, arithmetic, add, sub",1529231751.40676,123,38,0
"automated_nangate_minsoc_latest_final_or1200_cfgr",110,90,"./automated_nangate/automated_nangate_minsoc_latest_final_or1200_cfgr.v","automated_nangate","v",,1529231751.41476,32,32,0
"automated_nangate_minsoc_latest_final_or1200_dc_fsm",1065,2426,"./automated_nangate/automated_nangate_minsoc_latest_final_or1200_dc_fsm.v","automated_nangate","v",,1529231751.47876,102,48,0
"automated_nangate_minsoc_latest_final_or1200_dc_ram",64,32,"./automated_nangate/automated_nangate_minsoc_latest_final_or1200_dc_ram.v","automated_nangate","v","ram, memory",1529231751.50676,50,32,0
"automated_nangate_minsoc_latest_final_or1200_dc_tag",42,21,"./automated_nangate/automated_nangate_minsoc_latest_final_or1200_dc_tag.v","automated_nangate","v",,1529231751.53476,34,21,0
"automated_nangate_minsoc_latest_final_or1200_dc_top",338,232,"./automated_nangate/automated_nangate_minsoc_latest_final_or1200_dc_top.v","automated_nangate","v","topfile",1529231751.58676,179,112,0
"automated_nangate_minsoc_latest_final_or1200_dmmu_tlb",9223,22383,"./automated_nangate/automated_nangate_minsoc_latest_final_or1200_dmmu_tlb.v","automated_nangate","v",,1529231751.90676,101,57,0
"automated_nangate_minsoc_latest_final_or1200_dmmu_top",180,110,"./automated_nangate/automated_nangate_minsoc_latest_final_or1200_dmmu_top.v","automated_nangate","v","topfile",1529231751.95876,110,71,0
"automated_nangate_minsoc_latest_final_or1200_dpram",3856,9888,"./automated_nangate/automated_nangate_minsoc_latest_final_or1200_dpram.v","automated_nangate","v","ram, memory",1529231753.24275,47,32,0
"automated_nangate_minsoc_latest_final_or1200_dpram_256x32",30880,75611,"./automated_nangate/automated_nangate_minsoc_latest_final_or1200_dpram_256x32.v","automated_nangate","v","ram, memory",1529231752.89475,56,32,0
"automated_nangate_minsoc_latest_final_or1200_dpram_32x32",4463,10443,"./automated_nangate/automated_nangate_minsoc_latest_final_or1200_dpram_32x32.v","automated_nangate","v","ram, memory",1529231753.10275,50,32,0
"automated_nangate_minsoc_latest_final_or1200_du",877,1161,"./automated_nangate/automated_nangate_minsoc_latest_final_or1200_du.v","automated_nangate","v",,1529231753.29075,413,191,0
"automated_nangate_minsoc_latest_final_or1200_except",2863,6020,"./automated_nangate/automated_nangate_minsoc_latest_final_or1200_except.v","automated_nangate","v",,1529231753.39475,209,280,0
"automated_nangate_minsoc_latest_final_or1200_fpu",160,80,"./automated_nangate/automated_nangate_minsoc_latest_final_or1200_fpu.v","automated_nangate","v","fpu",1529231754.96273,143,80,0
"automated_nangate_minsoc_latest_final_or1200_fpu_addsub",774,1613,"./automated_nangate/automated_nangate_minsoc_latest_final_or1200_fpu_addsub.v","automated_nangate","v","add, sub, addsub arithmetic",1529231753.44674,60,29,0
"automated_nangate_minsoc_latest_final_or1200_fpu_arith",8916,21125,"./automated_nangate/automated_nangate_minsoc_latest_final_or1200_fpu_arith.v","automated_nangate","v","fpu",1529231753.70674,71,41,0
"automated_nangate_minsoc_latest_final_or1200_fpu_div",1195,2448,"./automated_nangate/automated_nangate_minsoc_latest_final_or1200_fpu_div.v","automated_nangate","v","fpu",1529231753.75874,81,57,0
"automated_nangate_minsoc_latest_final_or1200_fpu_fcmp",342,656,"./automated_nangate/automated_nangate_minsoc_latest_final_or1200_fpu_fcmp.v","automated_nangate","v","fpu",1529231753.79074,64,6,0
"automated_nangate_minsoc_latest_final_or1200_fpu_intfloat_conv",2341,5631,"./automated_nangate/automated_nangate_minsoc_latest_final_or1200_fpu_intfloat_conv.v","automated_nangate","v","fpu",1529231753.99874,38,38,0
"automated_nangate_minsoc_latest_final_or1200_fpu_intfloat_conv_except",149,191,"./automated_nangate/automated_nangate_minsoc_latest_final_or1200_fpu_intfloat_conv_except.v","automated_nangate","v","fpu",1529231753.80274,65,12,0
"automated_nangate_minsoc_latest_final_or1200_fpu_mul",1313,2910,"./automated_nangate/automated_nangate_minsoc_latest_final_or1200_fpu_mul.v","automated_nangate","v","fpu",1529231754.17874,52,50,0
"automated_nangate_minsoc_latest_final_or1200_fpu_post_norm_addsub",1090,2306,"./automated_nangate/automated_nangate_minsoc_latest_final_or1200_fpu_post_norm_addsub.v","automated_nangate","v","add, sub, addsub arithmetic",1529231754.32674,105,33,0
"automated_nangate_minsoc_latest_final_or1200_fpu_post_norm_div",1123,2297,"./automated_nangate/automated_nangate_minsoc_latest_final_or1200_fpu_post_norm_div.v","automated_nangate","v","fpu",1529231754.55473,132,33,0
"automated_nangate_minsoc_latest_final_or1200_fpu_post_norm_intfloat_conv",2004,4661,"./automated_nangate/automated_nangate_minsoc_latest_final_or1200_fpu_post_norm_intfloat_conv.v","automated_nangate","v","fpu",1529231754.70273,68,36,0
"automated_nangate_minsoc_latest_final_or1200_fpu_post_norm_mul",2202,4997,"./automated_nangate/automated_nangate_minsoc_latest_final_or1200_fpu_post_norm_mul.v","automated_nangate","v","fpu",1529231754.79073,126,33,0
"automated_nangate_minsoc_latest_final_or1200_fpu_pre_norm_addsub",886,1855,"./automated_nangate/automated_nangate_minsoc_latest_final_or1200_fpu_pre_norm_addsub.v","automated_nangate","v","add, sub, addsub arithmetic",1529231754.84273,65,64,0
"automated_nangate_minsoc_latest_final_or1200_fpu_pre_norm_div",1025,2093,"./automated_nangate/automated_nangate_minsoc_latest_final_or1200_fpu_pre_norm_div.v","automated_nangate","v","fpu, mult, arithmetic",1529231754.89473,65,87,0
"automated_nangate_minsoc_latest_final_or1200_fpu_pre_norm_mul",255,288,"./automated_nangate/automated_nangate_minsoc_latest_final_or1200_fpu_pre_norm_mul.v","automated_nangate","v","fpu",1529231754.93873,65,58,0
"automated_nangate_minsoc_latest_final_or1200_freeze",79,127,"./automated_nangate/automated_nangate_minsoc_latest_final_or1200_freeze.v","automated_nangate","v",,1529231754.99073,21,5,0
"automated_nangate_minsoc_latest_final_or1200_genpc",916,1635,"./automated_nangate/automated_nangate_minsoc_latest_final_or1200_genpc.v","automated_nangate","v",,1529231755.03473,275,42,0
"automated_nangate_minsoc_latest_final_or1200_gmultp2_32x32",7679,17934,"./automated_nangate/automated_nangate_minsoc_latest_final_or1200_gmultp2_32x32.v","automated_nangate","v","mult, arithmetic",1529231755.27873,66,64,0
"automated_nangate_minsoc_latest_final_or1200_ic_fsm",492,1010,"./automated_nangate/automated_nangate_minsoc_latest_final_or1200_ic_fsm.v","automated_nangate","v",,1529231755.34273,40,42,0
"automated_nangate_minsoc_latest_final_or1200_ic_ram",64,32,"./automated_nangate/automated_nangate_minsoc_latest_final_or1200_ic_ram.v","automated_nangate","v","ram, memory",1529231755.36273,50,32,0
"automated_nangate_minsoc_latest_final_or1200_ic_tag",40,20,"./automated_nangate/automated_nangate_minsoc_latest_final_or1200_ic_tag.v","automated_nangate","v",,1529231755.39873,33,20,0
"automated_nangate_minsoc_latest_final_or1200_ic_top",809,1402,"./automated_nangate/automated_nangate_minsoc_latest_final_or1200_ic_top.v","automated_nangate","v","topfile",1529231755.45873,113,111,0
"automated_nangate_minsoc_latest_final_or1200_if",647,1223,"./automated_nangate/automated_nangate_minsoc_latest_final_or1200_if.v","automated_nangate","v",,1529231755.49472,76,70,0
"automated_nangate_minsoc_latest_final_or1200_immu_tlb",8802,21373,"./automated_nangate/automated_nangate_minsoc_latest_final_or1200_immu_tlb.v","automated_nangate","v",,1529231755.89472,101,55,0
"automated_nangate_minsoc_latest_final_or1200_immu_top",429,588,"./automated_nangate/automated_nangate_minsoc_latest_final_or1200_immu_top.v","automated_nangate","v","topfile",1529231755.95872,111,104,0
"automated_nangate_minsoc_latest_final_or1200_lsu",848,1404,"./automated_nangate/automated_nangate_minsoc_latest_final_or1200_lsu.v","automated_nangate","v",,1529231756.08272,209,112,0
"automated_nangate_minsoc_latest_final_or1200_mem2reg",253,497,"./automated_nangate/automated_nangate_minsoc_latest_final_or1200_mem2reg.v","automated_nangate","v","gpu",1529231756.11072,38,32,0
"automated_nangate_minsoc_latest_final_or1200_mult_mac",8411,19681,"./automated_nangate/automated_nangate_minsoc_latest_final_or1200_mult_mac.v","automated_nangate","v","mult, arithmetic",1529231756.34672,143,67,0
"automated_nangate_minsoc_latest_final_or1200_operandmuxes",931,1517,"./automated_nangate/automated_nangate_minsoc_latest_final_or1200_operandmuxes.v","automated_nangate","v",,1529231756.39872,168,128,0
"automated_nangate_minsoc_latest_final_or1200_pic",322,584,"./automated_nangate/automated_nangate_minsoc_latest_final_or1200_pic.v","automated_nangate","v",,1529231756.47072,88,34,0
"automated_nangate_minsoc_latest_final_or1200_pm",88,44,"./automated_nangate/automated_nangate_minsoc_latest_final_or1200_pm.v","automated_nangate","v",,1529231756.49072,69,44,0
"automated_nangate_minsoc_latest_final_or1200_qmem_top",585,390,"./automated_nangate/automated_nangate_minsoc_latest_final_or1200_qmem_top.v","automated_nangate","v","topfile",1529231756.53871,197,195,0
"automated_nangate_minsoc_latest_final_or1200_reg2mem",164,218,"./automated_nangate/automated_nangate_minsoc_latest_final_or1200_reg2mem.v","automated_nangate","v",,1529231756.59071,38,32,0
"automated_nangate_minsoc_latest_final_or1200_rf",7823,19998,"./automated_nangate/automated_nangate_minsoc_latest_final_or1200_rf.v","automated_nangate","v",,1529231757.15871,124,97,0
"automated_nangate_minsoc_latest_final_or1200_rfram_generic",5760,15011,"./automated_nangate/automated_nangate_minsoc_latest_final_or1200_rfram_generic.v","automated_nangate","v","ram, memory",1529231756.82271,53,64,0
"automated_nangate_minsoc_latest_final_or1200_sb",318,212,"./automated_nangate/automated_nangate_minsoc_latest_final_or1200_sb.v","automated_nangate","v",,1529231757.25471,109,106,0
"automated_nangate_minsoc_latest_final_or1200_sb_fifo",1766,4115,"./automated_nangate/automated_nangate_minsoc_latest_final_or1200_sb_fifo.v","automated_nangate","v","fifo, memory",1529231757.22671,72,70,0
"automated_nangate_minsoc_latest_final_or1200_spram",120015,315653,"./automated_nangate/automated_nangate_minsoc_latest_final_or1200_spram.v","automated_nangate","v","ram, memory",1529231795.06234,45,32,0
"automated_nangate_minsoc_latest_final_or1200_spram_1024x32",120907,316720,"./automated_nangate/automated_nangate_minsoc_latest_final_or1200_spram_1024x32.v","automated_nangate","v","ram, memory",1529231764.62264,47,32,0
"automated_nangate_minsoc_latest_final_or1200_spram_1024x32_bw",124108,307618,"./automated_nangate/automated_nangate_minsoc_latest_final_or1200_spram_1024x32_bw.v","automated_nangate","v","ram, memory",1529231760.81467,50,32,0
"automated_nangate_minsoc_latest_final_or1200_spram_1024x8",31132,76921,"./automated_nangate/automated_nangate_minsoc_latest_final_or1200_spram_1024x8.v","automated_nangate","v","ram, memory",1529231766.04262,23,8,0
"automated_nangate_minsoc_latest_final_or1200_spram_128x32",15543,38044,"./automated_nangate/automated_nangate_minsoc_latest_final_or1200_spram_128x32.v","automated_nangate","v","ram, memory",1529231766.58662,44,32,0
"automated_nangate_minsoc_latest_final_or1200_spram_2048x32",240551,632450,"./automated_nangate/automated_nangate_minsoc_latest_final_or1200_spram_2048x32.v","automated_nangate","v","ram, memory",1529231782.11847,48,32,0
"automated_nangate_minsoc_latest_final_or1200_spram_2048x32_bw",244893,615580,"./automated_nangate/automated_nangate_minsoc_latest_final_or1200_spram_2048x32_bw.v","automated_nangate","v","ram, memory",1529231773.77055,51,32,0
"automated_nangate_minsoc_latest_final_or1200_spram_2048x8",61859,154237,"./automated_nangate/automated_nangate_minsoc_latest_final_or1200_spram_2048x8.v","automated_nangate","v","ram, memory",1529231784.24644,24,8,0
"automated_nangate_minsoc_latest_final_or1200_spram_256x21",20644,50117,"./automated_nangate/automated_nangate_minsoc_latest_final_or1200_spram_256x21.v","automated_nangate","v","ram, memory",1529231784.98244,34,21,0
"automated_nangate_minsoc_latest_final_or1200_spram_32_bw",123482,308070,"./automated_nangate/automated_nangate_minsoc_latest_final_or1200_spram_32_bw.v","automated_nangate","v","ram, memory",1529231789.1224,48,32,0
"automated_nangate_minsoc_latest_final_or1200_spram_32x24",3318,7813,"./automated_nangate/automated_nangate_minsoc_latest_final_or1200_spram_32x24.v","automated_nangate","v","ram, memory",1529231789.39039,34,24,0
"automated_nangate_minsoc_latest_final_or1200_spram_512x20",40881,98168,"./automated_nangate/automated_nangate_minsoc_latest_final_or1200_spram_512x20.v","automated_nangate","v","ram, memory",1529231790.63438,34,20,0
"automated_nangate_minsoc_latest_final_or1200_spram_64x14",3694,9011,"./automated_nangate/automated_nangate_minsoc_latest_final_or1200_spram_64x14.v","automated_nangate","v","ram, memory",1529231790.78638,25,14,0
"automated_nangate_minsoc_latest_final_or1200_spram_64x22",5983,14262,"./automated_nangate/automated_nangate_minsoc_latest_final_or1200_spram_64x22.v","automated_nangate","v","ram, memory",1529231791.19838,33,22,0
"automated_nangate_minsoc_latest_final_or1200_spram_64x24",6440,15404,"./automated_nangate/automated_nangate_minsoc_latest_final_or1200_spram_64x24.v","automated_nangate","v","ram, memory",1529231791.40638,35,24,0
"automated_nangate_minsoc_latest_final_or1200_sprs",2018,3057,"./automated_nangate/automated_nangate_minsoc_latest_final_or1200_sprs.v","automated_nangate","v",,1529231795.36234,639,203,0
"automated_nangate_minsoc_latest_final_or1200_top",432,216,"./automated_nangate/automated_nangate_minsoc_latest_final_or1200_top.v","automated_nangate","v","topfile",1529231795.42234,167,216,0
"automated_nangate_minsoc_latest_final_or1200_tt",523,1124,"./automated_nangate/automated_nangate_minsoc_latest_final_or1200_tt.v","automated_nangate","v",,1529231795.45434,69,33,0
"automated_nangate_minsoc_latest_final_or1200_wb_biu",620,953,"./automated_nangate/automated_nangate_minsoc_latest_final_or1200_wb_biu.v","automated_nangate","v",,1529231795.48234,113,110,0
"automated_nangate_minsoc_latest_final_or1200_wbmux",593,941,"./automated_nangate/automated_nangate_minsoc_latest_final_or1200_wbmux.v","automated_nangate","v",,1529231795.52234,167,65,0
"automated_nangate_minsoc_latest_final_OR1K_startup",254,550,"./automated_nangate/automated_nangate_minsoc_latest_final_OR1K_startup.v","automated_nangate","v",,1529231795.55433,9,33,0
"automated_nangate_minsoc_latest_final_OutputCell",19,23,"./automated_nangate/automated_nangate_minsoc_latest_final_OutputCell.v","automated_nangate","v",,1529231795.57033,8,2,0
"automated_nangate_minsoc_latest_final_raminfr",480,1155,"./automated_nangate/automated_nangate_minsoc_latest_final_raminfr.v","automated_nangate","v","ram, memory",1529231795.61033,18,8,0
"automated_nangate_minsoc_latest_final_spi_flash_clgen",28,50,"./automated_nangate/automated_nangate_minsoc_latest_final_spi_flash_clgen.v","automated_nangate","v",,1529231795.64633,5,3,0
"automated_nangate_minsoc_latest_final_spi_flash_shift",730,1558,"./automated_nangate/automated_nangate_minsoc_latest_final_spi_flash_shift.v","automated_nangate","v",,1529231795.88233,53,35,0
"automated_nangate_minsoc_latest_final_spi_flash_top",920,1906,"./automated_nangate/automated_nangate_minsoc_latest_final_spi_flash_top.v","automated_nangate","v","topfile",1529231796.07433,45,37,0
"automated_nangate_minsoc_latest_final_syncflop",16,24,"./automated_nangate/automated_nangate_minsoc_latest_final_syncflop.v","automated_nangate","v",,1529231796.19033,5,1,0
"automated_nangate_minsoc_latest_final_syncreg",61,124,"./automated_nangate/automated_nangate_minsoc_latest_final_syncreg.v","automated_nangate","v",,1529231796.31033,7,4,0
"automated_nangate_minsoc_latest_final_tap_top",341,794,"./automated_nangate/automated_nangate_minsoc_latest_final_tap_top.v","automated_nangate","v","topfile",1529231796.44633,7,13,0
"automated_nangate_minsoc_latest_final_uart_debug_if",223,248,"./automated_nangate/automated_nangate_minsoc_latest_final_uart_debug_if.v","automated_nangate","v","uart",1529231796.47833,59,32,0
"automated_nangate_minsoc_latest_final_uart_fifo",1237,3117,"./automated_nangate/automated_nangate_minsoc_latest_final_uart_fifo.v","automated_nangate","v","fifo, memory",1529231796.52633,14,16,0
"automated_nangate_minsoc_latest_final_uart_receiver",2114,5376,"./automated_nangate/automated_nangate_minsoc_latest_final_uart_receiver.v","automated_nangate","v","uart",1529231796.63032,16,27,0
"automated_nangate_minsoc_latest_final_uart_regs",4016,10199,"./automated_nangate/automated_nangate_minsoc_latest_final_uart_regs.v","automated_nangate","v","uart",1529231796.77032,20,13,0
"automated_nangate_minsoc_latest_final_uart_rfifo",1215,2975,"./automated_nangate/automated_nangate_minsoc_latest_final_uart_rfifo.v","automated_nangate","v","fifo, memory",1529231796.83432,14,15,0
"automated_nangate_minsoc_latest_final_uart_sync_flops",13,16,"./automated_nangate/automated_nangate_minsoc_latest_final_uart_sync_flops.v","automated_nangate","v","uart",1529231796.88232,5,1,0
"automated_nangate_minsoc_latest_final_uart_tfifo",621,1485,"./automated_nangate/automated_nangate_minsoc_latest_final_uart_tfifo.v","automated_nangate","v","fifo, memory",1529231796.92232,14,14,0
"automated_nangate_minsoc_latest_final_uart_transmitter",1392,3530,"./automated_nangate/automated_nangate_minsoc_latest_final_uart_transmitter.v","automated_nangate","v","uart",1529231796.99032,21,9,0
"automated_nangate_minsoc_latest_final_uart_wb",17,20,"./automated_nangate/automated_nangate_minsoc_latest_final_uart_wb.v","automated_nangate","v","uart",1529231797.01432,5,3,0
"automated_nangate_minsoc_latest_final_xilinx_dist_ram_16x32",2831,6341,"./automated_nangate/automated_nangate_minsoc_latest_final_xilinx_dist_ram_16x32.v","automated_nangate","v","ram, memory",1529231797.14232,42,32,0
"automated_nangate_mips_16_latest_final_ID_stage",312,578,"./automated_nangate/automated_nangate_mips_16_latest_final_ID_stage.v","automated_nangate","v",,1536193624.06649,51,76,0
"automated_nangate_mips_16_latest_final_instruction_mem",65,128,"./automated_nangate/automated_nangate_mips_16_latest_final_instruction_mem.v","automated_nangate","v",,1536193624.07849,9,16,0
"automated_nangate_mod_mult_exp_latest_final_blockMemory",1024,512,"./automated_nangate/automated_nangate_mod_mult_exp_latest_final_blockMemory.v","automated_nangate","v","mult, arithmetic",1536193628.19045,519,512,0
"automated_nangate_mod3_calc_latest_final_mod3",58,124,"./automated_nangate/automated_nangate_mod3_calc_latest_final_mod3.v","automated_nangate","v",,1536193627.33846,8,2,0
"automated_nangate_mod3_calc_latest_final_mod3_adder",18,36,"./automated_nangate/automated_nangate_mod3_calc_latest_final_mod3_adder.v","automated_nangate","v","add, arithmetic",1536193627.33046,4,2,0
"automated_nangate_mod3_calc_latest_final_type_conv",7,7,"./automated_nangate/automated_nangate_mod3_calc_latest_final_type_conv.v","automated_nangate","v",,1536193627.34646,2,2,0
"automated_nangate_mriscv_final_ADC_interface_APB",128,173,"./automated_nangate/automated_nangate_mriscv_final_ADC_interface_APB.v","automated_nangate","v","adc, apb",1536195240.91456,84,33,0
"automated_nangate_mriscv_final_ADC_interface_AXI",150,203,"./automated_nangate/automated_nangate_mriscv_final_ADC_interface_AXI.v","automated_nangate","v","adc, axi",1536195240.93056,118,37,0
"automated_nangate_mriscv_final_AXI_SP32B1024",457,681,"./automated_nangate/automated_nangate_mriscv_final_AXI_SP32B1024.v","automated_nangate","v","dac, axi",1536195240.94656,145,81,0
"automated_nangate_mriscv_final_DAC_interface_APB",206,333,"./automated_nangate/automated_nangate_mriscv_final_DAC_interface_APB.v","automated_nangate","v",,1536195240.95856,73,45,0
"automated_nangate_mriscv_final_DAC_interface_AXI",223,349,"./automated_nangate/automated_nangate_mriscv_final_DAC_interface_AXI.v","automated_nangate","v","dax, axi",1536195240.97456,75,49,0
"automated_nangate_mriscv_final_decodificador",24,41,"./automated_nangate/automated_nangate_mriscv_final_decodificador.v","automated_nangate","v",,1536195240.98256,5,8,0
"automated_nangate_mriscv_final_flipflopRS",14,20,"./automated_nangate/automated_nangate_mriscv_final_flipflopRS.v","automated_nangate","v",,1536195240.98656,4,2,0
"automated_nangate_mriscv_final_flipsdataw",16,21,"./automated_nangate/automated_nangate_mriscv_final_flipsdataw.v","automated_nangate","v",,1536195240.99456,5,2,0
"automated_nangate_mriscv_final_gpioAPB",390,643,"./automated_nangate/automated_nangate_mriscv_final_gpioAPB.v","automated_nangate","v",,1536195241.01056,81,65,0
"automated_nangate_mriscv_final_latchW",22,31,"./automated_nangate/automated_nangate_mriscv_final_latchW.v","automated_nangate","v",,1536195241.01856,35,3,0
"automated_nangate_mriscv_final_macstate2",46,89,"./automated_nangate/automated_nangate_mriscv_final_macstate2.v","automated_nangate","v",,1536195241.02656,5,1,0
"automated_nangate_mriscv_final_SP32B1024",98018,264552,"./automated_nangate/automated_nangate_mriscv_final_SP32B1024.v","automated_nangate","v",,1536195244.19853,45,32,0
"automated_nangate_mriscv_final_xilinx_single_port_ram_write_first",98103,264670,"./automated_nangate/automated_nangate_mriscv_final_xilinx_single_port_ram_write_first.v","automated_nangate","v","ram, memory",1536195247.33849,45,32,0
"automated_nangate_mriscvcore_final_Alg_Booth",565,1186,"./automated_nangate/automated_nangate_mriscvcore_final_Alg_Booth.v","automated_nangate","v",,1536233293.76827,39,34,0
"automated_nangate_mriscvcore_final_ALU",2374,5295,"./automated_nangate/automated_nangate_mriscvcore_final_ALU.v","automated_nangate","v","alu, arithmetic, add, sub",1536233293.84027,111,36,0
"automated_nangate_mriscvcore_final_DECO_INSTR",424,942,"./automated_nangate/automated_nangate_mriscvcore_final_DECO_INSTR.v","automated_nangate","v",,1536233293.85627,33,71,0
"automated_nangate_mriscvcore_final_FSM",136,293,"./automated_nangate/automated_nangate_mriscvcore_final_FSM.v","automated_nangate","v",,1536233293.87627,19,10,0
"automated_nangate_mriscvcore_final_FSM_Booth",30,50,"./automated_nangate/automated_nangate_mriscvcore_final_FSM_Booth.v","automated_nangate","v",,1536233293.86427,8,3,0
"automated_nangate_mriscvcore_final_IRQ",2324,4863,"./automated_nangate/automated_nangate_mriscvcore_final_IRQ.v","automated_nangate","v",,1536233293.94427,176,161,0
"automated_nangate_mriscvcore_final_MEMORY_INTERFACE",1095,1880,"./automated_nangate/automated_nangate_mriscvcore_final_MEMORY_INTERFACE.v","automated_nangate","v","memory_interface",1536233293.97627,173,179,0
"automated_nangate_mriscvcore_final_mriscvcore",16608,44302,"./automated_nangate/automated_nangate_mriscvcore_final_mriscvcore.v","automated_nangate","v",,1536233294.45227,71,144,0
"automated_nangate_mriscvcore_final_MULT",3704,8271,"./automated_nangate/automated_nangate_mriscvcore_final_MULT.v","automated_nangate","v","mult, arithmetic",1536233294.56026,79,34,0
"automated_nangate_mriscvcore_final_REG_FILE",5403,14472,"./automated_nangate/automated_nangate_mriscvcore_final_REG_FILE.v","automated_nangate","v","memory,",1536233294.72426,50,64,0
"automated_nangate_mriscvcore_final_UTILITY",2556,5910,"./automated_nangate/automated_nangate_mriscvcore_final_UTILITY.v","automated_nangate","v",,1536233294.79626,145,66,0
"automated_nangate_numbert_sort_device_latest_final_SEG7_LUT",41,84,"./automated_nangate/automated_nangate_numbert_sort_device_latest_final_SEG7_LUT.v","automated_nangate","v",,1536233298.62023,4,7,0
"automated_nangate_numbert_sort_device_latest_final_VGA_Ctrl",359,715,"./automated_nangate/automated_nangate_numbert_sort_device_latest_final_VGA_Ctrl.v","automated_nangate","v",,1536233298.63223,33,57,0
"automated_nangate_openmsp430_latest_final_adc_data_fifo",28,14,"./automated_nangate/automated_nangate_openmsp430_latest_final_adc_data_fifo.v","automated_nangate","v","fifo, memory",1524754968.6517,17,14,0
"automated_nangate_openmsp430_latest_final_altera_avalon_st_pipeline_base",73,137,"./automated_nangate/automated_nangate_openmsp430_latest_final_altera_avalon_st_pipeline_base.v","automated_nangate","v",,1524754968.6597,12,10,0
"automated_nangate_openmsp430_latest_final_bit_reverse",24,16,"./automated_nangate/automated_nangate_openmsp430_latest_final_bit_reverse.v","automated_nangate","v",,1524754968.6677,8,8,0
"automated_nangate_openmsp430_latest_final_counter_bus_mux",8,4,"./automated_nangate/automated_nangate_openmsp430_latest_final_counter_bus_mux.v","automated_nangate","v",,1524754968.6757,9,4,"{}"
"automated_nangate_openmsp430_latest_final_dac_spi_if",158,288,"./automated_nangate/automated_nangate_openmsp430_latest_final_dac_spi_if.v","automated_nangate","v",,1524754968.6957,35,27,0
"automated_nangate_openmsp430_latest_final_DAC121S101",86,163,"./automated_nangate/automated_nangate_openmsp430_latest_final_DAC121S101.v","automated_nangate","v",,1524754968.6837,3,12,0
"automated_nangate_openmsp430_latest_final_DE0_NANO_SOC_Default",114,234,"./automated_nangate/automated_nangate_openmsp430_latest_final_DE0_NANO_SOC_Default.v","automated_nangate","v",,1524754968.7077,82,11,"{}"
"automated_nangate_openmsp430_latest_final_DE0_NANO_SOC_QSYS_jtag_uart",153,189,"./automated_nangate/automated_nangate_openmsp430_latest_final_DE0_NANO_SOC_QSYS_jtag_uart.v","automated_nangate","v","uart",1524754968.7197,38,36,0
"automated_nangate_openmsp430_latest_final_DE0_NANO_SOC_QSYS_nios2_qsys_test_bench",102,57,"./automated_nangate/automated_nangate_openmsp430_latest_final_DE0_NANO_SOC_QSYS_nios2_qsys_test_bench.v","automated_nangate","v",,1524754968.7317,363,45,"{}"
"automated_nangate_openmsp430_latest_final_DE0_NANO_SOC_QSYS_sw",227,496,"./automated_nangate/automated_nangate_openmsp430_latest_final_DE0_NANO_SOC_QSYS_sw.v","automated_nangate","v",,1524754968.7437,48,33,"{}"
"automated_nangate_openmsp430_latest_final_DE0_NANO_SOC_QSYS_sysid_qsys",65,47,"./automated_nangate/automated_nangate_openmsp430_latest_final_DE0_NANO_SOC_QSYS_sysid_qsys.v","automated_nangate","v",,1524754968.7517,3,32,"{}"
"automated_nangate_openmsp430_latest_final_driver_7segment",229,401,"./automated_nangate/automated_nangate_openmsp430_latest_final_driver_7segment.v","automated_nangate","v",,1524754968.7637,35,48,"{}"
"automated_nangate_openmsp430_latest_final_ext_de1_sram",195,245,"./automated_nangate/automated_nangate_openmsp430_latest_final_ext_de1_sram.v","automated_nangate","v","ram, memory",1524754968.7757,45,39,0
"automated_nangate_openmsp430_latest_final_in_buf",3,2,"./automated_nangate/automated_nangate_openmsp430_latest_final_in_buf.v","automated_nangate","v",,1524754968.7837,1,1,"{}"
"automated_nangate_openmsp430_latest_final_io_mux",152,152,"./automated_nangate/automated_nangate_openmsp430_latest_final_io_mux.v","automated_nangate","v",,1524754968.7917,48,32,0
"automated_nangate_openmsp430_latest_final_ogfx_backend",1904,4617,"./automated_nangate/automated_nangate_openmsp430_latest_final_ogfx_backend.v","automated_nangate","v",,1524754968.92369,114,45,0
"automated_nangate_openmsp430_latest_final_ogfx_backend_frame_fifo",1379,3198,"./automated_nangate/automated_nangate_openmsp430_latest_final_ogfx_backend_frame_fifo.v","automated_nangate","v","fifo, memory",1524754968.8357,84,35,0
"automated_nangate_openmsp430_latest_final_ogfx_backend_lut_fifo",602,1438,"./automated_nangate/automated_nangate_openmsp430_latest_final_ogfx_backend_lut_fifo.v","automated_nangate","v","fifo, memory",1524754968.85969,54,28,0
"automated_nangate_openmsp430_latest_final_ogfx_gpu",3623,9037,"./automated_nangate/automated_nangate_openmsp430_latest_final_ogfx_gpu.v","automated_nangate","v","gpu",1524754969.18369,49,39,"{}"
"automated_nangate_openmsp430_latest_final_ogfx_gpu_dma",2449,5664,"./automated_nangate/automated_nangate_openmsp430_latest_final_ogfx_gpu_dma.v","automated_nangate","v","gpu",1524754969.01969,138,37,"{}"
"automated_nangate_openmsp430_latest_final_ogfx_gpu_dma_addr",604,1281,"./automated_nangate/automated_nangate_openmsp430_latest_final_ogfx_gpu_dma_addr.v","automated_nangate","v","add, arithmetic, gpu",1524754968.94369,51,21,"{}"
"automated_nangate_openmsp430_latest_final_ogfx_gpu_reg",1489,3485,"./automated_nangate/automated_nangate_openmsp430_latest_final_ogfx_gpu_reg.v","automated_nangate","v","gpu, register, memory",1524754969.06369,24,109,"{}"
"automated_nangate_openmsp430_latest_final_ogfx_if_lt24",802,1799,"./automated_nangate/automated_nangate_openmsp430_latest_final_ogfx_if_lt24.v","automated_nangate","v",,1524754969.21169,123,30,"{}"
"automated_nangate_openmsp430_latest_final_ogfx_ram_arbiter",716,793,"./automated_nangate/automated_nangate_openmsp430_latest_final_ogfx_ram_arbiter.v","automated_nangate","v","ram, memory",1524754969.23169,193,145,0
"automated_nangate_openmsp430_latest_final_ogfx_reg",5485,13073,"./automated_nangate/automated_nangate_openmsp430_latest_final_ogfx_reg.v","automated_nangate","v","register, memory",1524754969.49969,79,245,0
"automated_nangate_openmsp430_latest_final_ogfx_reg_fifo",1049,2826,"./automated_nangate/automated_nangate_openmsp430_latest_final_ogfx_reg_fifo.v","automated_nangate","v","fifo, memory",1524754969.27569,21,28,0
"automated_nangate_openmsp430_latest_final_ogfx_reg_vram_addr",582,1190,"./automated_nangate/automated_nangate_openmsp430_latest_final_ogfx_reg_vram_addr.v","automated_nangate","v","ram, memory",1524754969.52369,53,21,0
"automated_nangate_openmsp430_latest_final_ogfx_reg_vram_if",1502,3027,"./automated_nangate/automated_nangate_openmsp430_latest_final_ogfx_reg_vram_if.v","automated_nangate","v","ram, memory",1524754969.57169,76,120,"{}"
"automated_nangate_openmsp430_latest_final_omsp_alu",681,1401,"./automated_nangate/automated_nangate_openmsp430_latest_final_omsp_alu.v","automated_nangate","v","alu, arithmetic, add, sub",1524754969.59569,67,40,0
"automated_nangate_openmsp430_latest_final_omsp_and_gate",5,4,"./automated_nangate/automated_nangate_openmsp430_latest_final_omsp_and_gate.v","automated_nangate","v",,1524754969.59969,2,1,0
"automated_nangate_openmsp430_latest_final_omsp_clock_gate",5,4,"./automated_nangate/automated_nangate_openmsp430_latest_final_omsp_clock_gate.v","automated_nangate","v",,1524754969.60769,3,1,0
"automated_nangate_openmsp430_latest_final_omsp_clock_module",195,349,"./automated_nangate/automated_nangate_openmsp430_latest_final_omsp_clock_module.v","automated_nangate","v",,1524754969.61969,34,21,"{}"
"automated_nangate_openmsp430_latest_final_omsp_clock_mux",20,30,"./automated_nangate/automated_nangate_openmsp430_latest_final_omsp_clock_mux.v","automated_nangate","v",,1524754969.62769,5,1,0
"automated_nangate_openmsp430_latest_final_omsp_dbg",2271,5762,"./automated_nangate/automated_nangate_openmsp430_latest_final_omsp_dbg.v","automated_nangate","v",,1524754969.76369,123,40,"{}"
"automated_nangate_openmsp430_latest_final_omsp_dbg_hwbrk",404,860,"./automated_nangate/automated_nangate_openmsp430_latest_final_omsp_dbg_hwbrk.v","automated_nangate","v",,1524754969.64369,95,18,0
"automated_nangate_openmsp430_latest_final_omsp_dbg_i2c",387,887,"./automated_nangate/automated_nangate_openmsp430_latest_final_omsp_dbg_i2c.v","automated_nangate","v",,1524754969.65969,39,25,"{}"
"automated_nangate_openmsp430_latest_final_omsp_dbg_uart",402,930,"./automated_nangate/automated_nangate_openmsp430_latest_final_omsp_dbg_uart.v","automated_nangate","v","uart",1524754969.69169,25,25,0
"automated_nangate_openmsp430_latest_final_omsp_de0_nano_soc_led_key_sw",836,1883,"./automated_nangate/automated_nangate_openmsp430_latest_final_omsp_de0_nano_soc_led_key_sw.v","automated_nangate","v",,1524754969.79569,41,26,"{}"
"automated_nangate_openmsp430_latest_final_omsp_execution_unit",2949,7291,"./automated_nangate/automated_nangate_openmsp430_latest_final_omsp_execution_unit.v","automated_nangate","v",,1524754969.88369,186,72,"{}"
"automated_nangate_openmsp430_latest_final_omsp_frontend",1349,2775,"./automated_nangate/automated_nangate_openmsp430_latest_final_omsp_frontend.v","automated_nangate","v",,1524754969.92369,59,184,"{}"
"automated_nangate_openmsp430_latest_final_omsp_gpio",934,1701,"./automated_nangate/automated_nangate_openmsp430_latest_final_omsp_gpio.v","automated_nangate","v",,1524754969.95169,83,162,0
"automated_nangate_openmsp430_latest_final_omsp_mem_backbone",658,992,"./automated_nangate/automated_nangate_openmsp430_latest_final_omsp_mem_backbone.v","automated_nangate","v",,1524754969.97169,136,136,"{}"
"automated_nangate_openmsp430_latest_final_omsp_multiplier",1507,3493,"./automated_nangate/automated_nangate_openmsp430_latest_final_omsp_multiplier.v","automated_nangate","v","mult, arithmetic",1524754970.01969,36,16,"{}"
"automated_nangate_openmsp430_latest_final_omsp_register_file",1872,4799,"./automated_nangate/automated_nangate_openmsp430_latest_final_omsp_register_file.v","automated_nangate","v","register, memory",1524754970.07569,97,57,"{}"
"automated_nangate_openmsp430_latest_final_omsp_scan_mux",6,5,"./automated_nangate/automated_nangate_openmsp430_latest_final_omsp_scan_mux.v","automated_nangate","v",,1524754970.08369,3,1,0
"automated_nangate_openmsp430_latest_final_omsp_sfr",95,115,"./automated_nangate/automated_nangate_openmsp430_latest_final_omsp_sfr.v","automated_nangate","v",,1524754970.09169,35,20,0
"automated_nangate_openmsp430_latest_final_omsp_sync_cell",8,9,"./automated_nangate/automated_nangate_openmsp430_latest_final_omsp_sync_cell.v","automated_nangate","v",,1524754970.09969,3,1,0
"automated_nangate_openmsp430_latest_final_omsp_sync_reset",7,8,"./automated_nangate/automated_nangate_openmsp430_latest_final_omsp_sync_reset.v","automated_nangate","v",,1524754970.10769,2,1,0
"automated_nangate_openmsp430_latest_final_omsp_timerA",1264,3130,"./automated_nangate/automated_nangate_openmsp430_latest_final_omsp_timerA.v","automated_nangate","v",,1524754970.14769,47,24,"{}"
"automated_nangate_openmsp430_latest_final_omsp_uart",666,1627,"./automated_nangate/automated_nangate_openmsp430_latest_final_omsp_uart.v","automated_nangate","v","uart",1524754970.17569,37,19,"{}"
"automated_nangate_openmsp430_latest_final_omsp_wakeup_cell",6,5,"./automated_nangate/automated_nangate_openmsp430_latest_final_omsp_wakeup_cell.v","automated_nangate","v",,1524754970.18369,5,1,"{}"
"automated_nangate_openmsp430_latest_final_omsp_watchdog",213,386,"./automated_nangate/automated_nangate_openmsp430_latest_final_omsp_watchdog.v","automated_nangate","v",,1524754970.19169,35,20,0
"automated_nangate_openmsp430_latest_final_openGFX430",11259,28485,"./automated_nangate/automated_nangate_openmsp430_latest_final_openGFX430.v","automated_nangate","v",,1524754970.55569,84,102,0
"automated_nangate_openmsp430_latest_final_openMSP430",6496,16889,"./automated_nangate/automated_nangate_openmsp430_latest_final_openMSP430.v","automated_nangate","v",,1524754970.75969,67,107,"{}"
"automated_nangate_openmsp430_latest_final_ram",7937,20631,"./automated_nangate/automated_nangate_openmsp430_latest_final_ram.v","automated_nangate","v","ram, memory",1524754971.28768,27,16,"{}"
"automated_nangate_openmsp430_latest_final_ram_16x1k_dp",64,32,"./automated_nangate/automated_nangate_openmsp430_latest_final_ram_16x1k_dp.v","automated_nangate","v","ram, memory",1524754970.76769,60,32,0
"automated_nangate_openmsp430_latest_final_ram_16x1k_sp",32,16,"./automated_nangate/automated_nangate_openmsp430_latest_final_ram_16x1k_sp.v","automated_nangate","v","ram, memory",1524754970.77569,30,16,0
"automated_nangate_openmsp430_latest_final_ram_16x8k_dp",64,32,"./automated_nangate/automated_nangate_openmsp430_latest_final_ram_16x8k_dp.v","automated_nangate","v","ram, memory",1524754970.78369,66,32,0
"automated_nangate_openmsp430_latest_final_ram_8x512_hi",16,8,"./automated_nangate/automated_nangate_openmsp430_latest_final_ram_8x512_hi.v","automated_nangate","v","ram, memory",1524754970.79169,20,8,"{}"
"automated_nangate_openmsp430_latest_final_ram_8x512_lo",16,8,"./automated_nangate/automated_nangate_openmsp430_latest_final_ram_8x512_lo.v","automated_nangate","v","ram, memory",1524754970.79969,20,8,"{}"
"automated_nangate_openmsp430_latest_final_ram_sp",7937,20631,"./automated_nangate/automated_nangate_openmsp430_latest_final_ram_sp.v","automated_nangate","v","ram, memory",1524754971.04768,27,16,0
"automated_nangate_openmsp430_latest_final_rom_8x2k_hi",16,8,"./automated_nangate/automated_nangate_openmsp430_latest_final_rom_8x2k_hi.v","automated_nangate","v",,1524754971.29568,22,8,0
"automated_nangate_openmsp430_latest_final_rom_8x2k_lo",16,8,"./automated_nangate/automated_nangate_openmsp430_latest_final_rom_8x2k_lo.v","automated_nangate","v",,1524754971.30368,22,8,0
"automated_nangate_openmsp430_latest_final_simple_counter",175,293,"./automated_nangate/automated_nangate_openmsp430_latest_final_simple_counter.v","automated_nangate","v",,1524754971.31568,1,32,"{}"
"automated_nangate_openmsp430_latest_final_spartan3_dmem",16,8,"./automated_nangate/automated_nangate_openmsp430_latest_final_spartan3_dmem.v","automated_nangate","v",,1524754971.35168,21,8,0
"automated_nangate_openmsp430_latest_final_spartan3_pmem",16,8,"./automated_nangate/automated_nangate_openmsp430_latest_final_spartan3_pmem.v","automated_nangate","v",,1524754971.38368,23,8,"{}"
"automated_nangate_openmsp430_latest_final_spartan3a_dmem",32,16,"./automated_nangate/automated_nangate_openmsp430_latest_final_spartan3a_dmem.v","automated_nangate","v",,1524754971.32368,30,16,0
"automated_nangate_openmsp430_latest_final_spartan3a_pmem",32,16,"./automated_nangate/automated_nangate_openmsp430_latest_final_spartan3a_pmem.v","automated_nangate","v",,1524754971.34768,32,16,0
"automated_nangate_openmsp430_latest_final_spartan3adsp_dmem",32,16,"./automated_nangate/automated_nangate_openmsp430_latest_final_spartan3adsp_dmem.v","automated_nangate","v",,1524754971.33168,30,16,"{}"
"automated_nangate_openmsp430_latest_final_spartan3adsp_pmem",32,16,"./automated_nangate/automated_nangate_openmsp430_latest_final_spartan3adsp_pmem.v","automated_nangate","v",,1524754971.33968,32,16,"{}"
"automated_nangate_openmsp430_latest_final_spartan3e_dmem",16,8,"./automated_nangate/automated_nangate_openmsp430_latest_final_spartan3e_dmem.v","automated_nangate","v",,1524754971.36768,21,8,0
"automated_nangate_openmsp430_latest_final_spartan3e_pmem",16,8,"./automated_nangate/automated_nangate_openmsp430_latest_final_spartan3e_pmem.v","automated_nangate","v",,1524754971.37568,23,8,0
"automated_nangate_openmsp430_latest_final_spartan6_dmem",32,16,"./automated_nangate/automated_nangate_openmsp430_latest_final_spartan6_dmem.v","automated_nangate","v",,1524754971.39168,30,16,0
"automated_nangate_openmsp430_latest_final_spartan6_pmem",32,16,"./automated_nangate/automated_nangate_openmsp430_latest_final_spartan6_pmem.v","automated_nangate","v",,1524754971.39968,32,16,0
"automated_nangate_openmsp430_latest_final_sync_debouncer_10ms",99,230,"./automated_nangate/automated_nangate_openmsp430_latest_final_sync_debouncer_10ms.v","automated_nangate","v",,1524754971.40768,3,1,0
"automated_nangate_openmsp430_latest_final_virtex4_dmem",32,16,"./automated_nangate/automated_nangate_openmsp430_latest_final_virtex4_dmem.v","automated_nangate","v",,1524754971.41568,30,16,"{}"
"automated_nangate_openmsp430_latest_final_virtex4_pmem",32,16,"./automated_nangate/automated_nangate_openmsp430_latest_final_virtex4_pmem.v","automated_nangate","v",,1524754971.42368,32,16,"{}"
"automated_nangate_openmsp430_latest_final_virtex5_dmem",32,16,"./automated_nangate/automated_nangate_openmsp430_latest_final_virtex5_dmem.v","automated_nangate","v",,1524754971.43168,30,16,0
"automated_nangate_openmsp430_latest_final_virtex5_pmem",32,16,"./automated_nangate/automated_nangate_openmsp430_latest_final_virtex5_pmem.v","automated_nangate","v",,1524754971.43968,32,16,0
"automated_nangate_openmsp430_latest_final_virtex6_dmem",32,16,"./automated_nangate/automated_nangate_openmsp430_latest_final_virtex6_dmem.v","automated_nangate","v",,1524754971.44768,30,16,0
"automated_nangate_openmsp430_latest_final_virtex6_pmem",32,16,"./automated_nangate/automated_nangate_openmsp430_latest_final_virtex6_pmem.v","automated_nangate","v",,1524754971.45568,32,16,0
"automated_nangate_orsoc_graphics_accelerator_latest_final_basic_fifo",8671,22630,"./automated_nangate/automated_nangate_orsoc_graphics_accelerator_latest_final_basic_fifo.v","automated_nangate","v","fifo, memory",1528989841.23173,36,41,0
"automated_nangate_orsoc_graphics_accelerator_latest_final_bresenham_line",3899,8842,"./automated_nangate/automated_nangate_orsoc_graphics_accelerator_latest_final_bresenham_line.v","automated_nangate","v",,1528989841.33973,132,35,0
"automated_nangate_orsoc_graphics_accelerator_latest_final_color_to_memory",211,325,"./automated_nangate/automated_nangate_orsoc_graphics_accelerator_latest_final_color_to_memory.v","automated_nangate","v",,1528989841.35173,36,36,"{}"
"automated_nangate_orsoc_graphics_accelerator_latest_final_div_uu",2254,5087,"./automated_nangate/automated_nangate_orsoc_graphics_accelerator_latest_final_div_uu.v","automated_nangate","v",,1528989841.42373,26,18,0
"automated_nangate_orsoc_graphics_accelerator_latest_final_gfx_blender",5637,12018,"./automated_nangate/automated_nangate_orsoc_graphics_accelerator_latest_final_gfx_blender.v","automated_nangate","v",,1528989841.57172,199,117,0
"automated_nangate_orsoc_graphics_accelerator_latest_final_gfx_clip",4467,9131,"./automated_nangate/automated_nangate_orsoc_graphics_accelerator_latest_final_gfx_clip.v","automated_nangate","v",,1528989841.68372,415,189,"{}"
"automated_nangate_orsoc_graphics_accelerator_latest_final_gfx_cuvz",26812,58181,"./automated_nangate/automated_nangate_orsoc_graphics_accelerator_latest_final_gfx_cuvz.v","automated_nangate","v",,1528989842.41972,334,154,0
"automated_nangate_orsoc_graphics_accelerator_latest_final_gfx_fragment_processor",4993,10832,"./automated_nangate/automated_nangate_orsoc_graphics_accelerator_latest_final_gfx_fragment_processor.v","automated_nangate","v","cpu, coprocessor",1528989842.56371,289,125,0
"automated_nangate_orsoc_graphics_accelerator_latest_final_gfx_interp",27980,64273,"./automated_nangate/automated_nangate_orsoc_graphics_accelerator_latest_final_gfx_interp.v","automated_nangate","v",,1528989843.39171,132,66,"{}"
"automated_nangate_orsoc_graphics_accelerator_latest_final_gfx_rasterizer",26515,58967,"./automated_nangate/automated_nangate_orsoc_graphics_accelerator_latest_final_gfx_rasterizer.v","automated_nangate","v",,1528989844.1677,362,163,"{}"
"automated_nangate_orsoc_graphics_accelerator_latest_final_gfx_renderer",3321,7394,"./automated_nangate/automated_nangate_orsoc_graphics_accelerator_latest_final_gfx_renderer.v","automated_nangate","v",,1528989844.2597,179,68,0
"automated_nangate_orsoc_graphics_accelerator_latest_final_gfx_top",326413,777225,"./automated_nangate/automated_nangate_orsoc_graphics_accelerator_latest_final_gfx_top.v","automated_nangate","v","topfile",1528989853.32761,114,155,"{}"
"automated_nangate_orsoc_graphics_accelerator_latest_final_gfx_transform",60690,141095,"./automated_nangate/automated_nangate_orsoc_graphics_accelerator_latest_final_gfx_transform.v","automated_nangate","v",,1528989855.09959,486,241,"{}"
"automated_nangate_orsoc_graphics_accelerator_latest_final_gfx_triangle",19624,42784,"./automated_nangate/automated_nangate_orsoc_graphics_accelerator_latest_final_gfx_triangle.v","automated_nangate","v",,1528989855.60359,197,130,"{}"
"automated_nangate_orsoc_graphics_accelerator_latest_final_gfx_wbm_read",242,185,"./automated_nangate/automated_nangate_orsoc_graphics_accelerator_latest_final_gfx_wbm_read.v","automated_nangate","v",,1528989855.63159,71,78,0
"automated_nangate_orsoc_graphics_accelerator_latest_final_gfx_wbm_read_arbiter",535,577,"./automated_nangate/automated_nangate_orsoc_graphics_accelerator_latest_final_gfx_wbm_read_arbiter.v","automated_nangate","v",,1528989855.62359,138,135,"{}"
"automated_nangate_orsoc_graphics_accelerator_latest_final_gfx_wbm_write",232,158,"./automated_nangate/automated_nangate_orsoc_graphics_accelerator_latest_final_gfx_wbm_write.v","automated_nangate","v",,1528989855.64359,71,78,0
"automated_nangate_orsoc_graphics_accelerator_latest_final_gfx_wbs",171265,415246,"./automated_nangate/automated_nangate_orsoc_graphics_accelerator_latest_final_gfx_wbs.v","automated_nangate","v",,1528989860.53554,55,1071,0
"automated_nangate_orsoc_graphics_accelerator_latest_final_memory_to_color",229,363,"./automated_nangate/automated_nangate_orsoc_graphics_accelerator_latest_final_memory_to_color.v","automated_nangate","v",,1528989860.71954,36,36,0
"automated_nangate_pairing_latest_final_f3m_add",1940,3686,"./automated_nangate/automated_nangate_pairing_latest_final_f3m_add.v","automated_nangate","v","add, arithmetic",1528983078.74888,388,194,0
"automated_nangate_pairing_latest_final_f3m_add3",3298,6984,"./automated_nangate/automated_nangate_pairing_latest_final_f3m_add3.v","automated_nangate","v","add, arithmetic",1528983078.53288,582,194,0
"automated_nangate_pairing_latest_final_f3m_add4",4656,10282,"./automated_nangate/automated_nangate_pairing_latest_final_f3m_add4.v","automated_nangate","v","add, arithmetic",1528983078.70088,776,194,"{}"
"automated_nangate_pairing_latest_final_f3m_cubic",1638,3380,"./automated_nangate/automated_nangate_pairing_latest_final_f3m_cubic.v","automated_nangate","v",,1528983078.78888,194,194,0
"automated_nangate_pairing_latest_final_f3m_inv",12286,27208,"./automated_nangate/automated_nangate_pairing_latest_final_f3m_inv.v","automated_nangate","v",,1528983079.12887,196,195,0
"automated_nangate_pairing_latest_final_f3m_mult",8544,19796,"./automated_nangate/automated_nangate_pairing_latest_final_f3m_mult.v","automated_nangate","v","mult, arithmetic",1528983079.69287,390,195,"{}"
"automated_nangate_pairing_latest_final_f3m_mult3",12689,26882,"./automated_nangate/automated_nangate_pairing_latest_final_f3m_mult3.v","automated_nangate","v","mult, arithmetic",1528983079.45687,1166,583,0
"automated_nangate_pairing_latest_final_f3m_mux3",1595,1980,"./automated_nangate/automated_nangate_pairing_latest_final_f3m_mux3.v","automated_nangate","v",,1528983079.72887,585,194,"{}"
"automated_nangate_pairing_latest_final_f3m_mux6",2412,3376,"./automated_nangate/automated_nangate_pairing_latest_final_f3m_mux6.v","automated_nangate","v",,1528983079.77687,1170,194,0
"automated_nangate_pairing_latest_final_f3m_neg",582,388,"./automated_nangate/automated_nangate_pairing_latest_final_f3m_neg.v","automated_nangate","v",,1528983079.79287,194,194,0
"automated_nangate_pairing_latest_final_f3m_nine",2902,6773,"./automated_nangate/automated_nangate_pairing_latest_final_f3m_nine.v","automated_nangate","v",,1528983079.87686,195,194,"{}"
"automated_nangate_pairing_latest_final_f3m_sub",1940,3686,"./automated_nangate/automated_nangate_pairing_latest_final_f3m_sub.v","automated_nangate","v","sub, arithmetic",1528983079.93286,388,194,0
"automated_nangate_pairing_latest_final_func1",2769,5511,"./automated_nangate/automated_nangate_pairing_latest_final_func1.v","automated_nangate","v",,1528983080.00086,394,196,0
"automated_nangate_pairing_latest_final_func2",586,390,"./automated_nangate/automated_nangate_pairing_latest_final_func2.v","automated_nangate","v",,1528983080.01286,196,196,"{}"
"automated_nangate_pairing_latest_final_func3",626,482,"./automated_nangate/automated_nangate_pairing_latest_final_func3.v","automated_nangate","v",,1528983080.02886,196,196,0
"automated_nangate_pairing_latest_final_func4",1397,2179,"./automated_nangate/automated_nangate_pairing_latest_final_func4.v","automated_nangate","v",,1528983080.06486,198,196,0
"automated_nangate_pairing_latest_final_func5",598,424,"./automated_nangate/automated_nangate_pairing_latest_final_func5.v","automated_nangate","v",,1528983080.07686,196,196,0
"automated_nangate_pairing_latest_final_func6",12,14,"./automated_nangate/automated_nangate_pairing_latest_final_func6.v","automated_nangate","v",,1528983080.08486,3,1,"{}"
"automated_nangate_pairing_latest_final_func7",618,490,"./automated_nangate/automated_nangate_pairing_latest_final_func7.v","automated_nangate","v",,1528983080.10086,194,194,"{}"
"automated_nangate_pairing_latest_final_func8",5346,12390,"./automated_nangate/automated_nangate_pairing_latest_final_func8.v","automated_nangate","v",,1528983080.23686,200,194,"{}"
"automated_nangate_pairing_latest_final_tate_pairing",287436,744980,"./automated_nangate/automated_nangate_pairing_latest_final_tate_pairing.v","automated_nangate","v",,1528983088.89278,778,1165,"{}"
"automated_nangate_pci_express_crc_latest_final_crc32d16",594,1161,"./automated_nangate/automated_nangate_pci_express_crc_latest_final_crc32d16.v","automated_nangate","v",,1524756567.35984,52,32,0
"automated_nangate_pci_express_crc_latest_final_crc32d16N",64,32,"./automated_nangate/automated_nangate_pci_express_crc_latest_final_crc32d16N.v","automated_nangate","v",,1524756567.33984,20,32,0
"automated_nangate_present_encryptor_latest_final_key_update",186,127,"./automated_nangate/automated_nangate_present_encryptor_latest_final_key_update.v","automated_nangate","v",,1524747496.56929,85,80,0
"automated_nangate_present_encryptor_latest_final_permutation",128,64,"./automated_nangate/automated_nangate_present_encryptor_latest_final_permutation.v","automated_nangate","v",,1524747570.94091,64,64,0
"automated_nangate_present_encryptor_latest_final_present_encryptor_top",1090,2326,"./automated_nangate/automated_nangate_present_encryptor_latest_final_present_encryptor_top.v","automated_nangate","v","topfile",1524747736.58005,83,64,0
"automated_nangate_present_encryptor_latest_final_sbox",24,41,"./automated_nangate/automated_nangate_present_encryptor_latest_final_sbox.v","automated_nangate","v","aes, crypto, sbox",1524747496.42529,4,4,"{}"
"automated_nangate_priority_encoder_latest_final_bitscan",84,115,"./automated_nangate/automated_nangate_priority_encoder_latest_final_bitscan.v","automated_nangate","v","encoder, decoder",1529003899.8089,16,16,0
"automated_nangate_reed_solomon_codec_generator_latest_final_RsDecodeChien",8505,19325,"./automated_nangate/automated_nangate_reed_solomon_codec_generator_latest_final_RsDecodeChien.v","automated_nangate","v",,1528983044.30121,541,14,0
"automated_nangate_reed_solomon_codec_generator_latest_final_RsDecodeDegree",270,316,"./automated_nangate/automated_nangate_reed_solomon_codec_generator_latest_final_RsDecodeDegree.v","automated_nangate","v",,1528983044.31321,176,5,0
"automated_nangate_reed_solomon_codec_generator_latest_final_RsDecodeDelay",12629,31054,"./automated_nangate/automated_nangate_reed_solomon_codec_generator_latest_final_RsDecodeDelay.v","automated_nangate","v",,1528983044.70121,12,9,0
"automated_nangate_reed_solomon_codec_generator_latest_final_RsDecodeDpRam",12532,30786,"./automated_nangate/automated_nangate_reed_solomon_codec_generator_latest_final_RsDecodeDpRam.v","automated_nangate","v","ram, memory",1528983045.0732,30,9,0
"automated_nangate_reed_solomon_codec_generator_latest_final_RsDecodeErasure",4603,9322,"./automated_nangate/automated_nangate_reed_solomon_codec_generator_latest_final_RsDecodeErasure.v","automated_nangate","v",,1528983045.1972,5,191,"{}"
"automated_nangate_reed_solomon_codec_generator_latest_final_RsDecodeEuclide",15349,32662,"./automated_nangate/automated_nangate_reed_solomon_codec_generator_latest_final_RsDecodeEuclide.v","automated_nangate","v",,1528983045.6092,185,358,0
"automated_nangate_reed_solomon_codec_generator_latest_final_RsDecodeInv",784,2159,"./automated_nangate/automated_nangate_reed_solomon_codec_generator_latest_final_RsDecodeInv.v","automated_nangate","v",,1528983045.6372,8,8,0
"automated_nangate_reed_solomon_codec_generator_latest_final_RsDecodeMult",173,298,"./automated_nangate/automated_nangate_reed_solomon_codec_generator_latest_final_RsDecodeMult.v","automated_nangate","v","mult, arithmetic",1528983045.6492,16,8,0
"automated_nangate_reed_solomon_codec_generator_latest_final_RsDecodePolymul",6394,13074,"./automated_nangate/automated_nangate_reed_solomon_codec_generator_latest_final_RsDecodePolymul.v","automated_nangate","v",,1528983045.8252,364,177,0
"automated_nangate_reed_solomon_codec_generator_latest_final_RsDecodeShiftOmega",2443,6214,"./automated_nangate/automated_nangate_reed_solomon_codec_generator_latest_final_RsDecodeShiftOmega.v","automated_nangate","v",,1528983045.8892,181,176,0
"automated_nangate_reed_solomon_codec_generator_latest_final_RsDecodeSyndrome",1737,3437,"./automated_nangate/automated_nangate_reed_solomon_codec_generator_latest_final_RsDecodeSyndrome.v","automated_nangate","v",,1528983045.9372,12,177,0
"automated_nangate_reed_solomon_codec_generator_latest_final_RsDecodeTop",51581,122057,"./automated_nangate/automated_nangate_reed_solomon_codec_generator_latest_final_RsDecodeTop.v","automated_nangate","v","topfile",1528983047.35718,13,36,"{}"
"automated_nangate_reed_solomon_codec_generator_latest_final_RsEncodeTop",1154,2632,"./automated_nangate/automated_nangate_reed_solomon_codec_generator_latest_final_RsEncodeTop.v","automated_nangate","v","topfile",1528983047.45718,12,8,"{}"
"automated_nangate_rs_5_3_gf256_latest_final_gf256mult",230,418,"./automated_nangate/automated_nangate_rs_5_3_gf256_latest_final_gf256mult.v","automated_nangate","v","mult, arithmetic",1529040253.95174,16,8,0
"automated_nangate_rs_5_3_gf256_latest_final_inv_gf256",16,8,"./automated_nangate/automated_nangate_rs_5_3_gf256_latest_final_inv_gf256.v","automated_nangate","v",,1529040254.42374,8,8,0
"automated_nangate_rs_5_3_gf256_latest_final_MULT_BY_ALPHA51",36,40,"./automated_nangate/automated_nangate_rs_5_3_gf256_latest_final_MULT_BY_ALPHA51.v","automated_nangate","v","mult, arithmetic",1529040255.69572,8,8,0
"automated_nangate_rs_5_3_gf256_latest_final_RS_5_3_GF256",1355,3332,"./automated_nangate/automated_nangate_rs_5_3_gf256_latest_final_RS_5_3_GF256.v","automated_nangate","v",,1529040256.42372,12,9,0
"automated_nangate_rs_5_3_gf256_latest_final_SYN2ERR",101,145,"./automated_nangate/automated_nangate_rs_5_3_gf256_latest_final_SYN2ERR.v","automated_nangate","v",,1529040257.07171,16,3,0
"automated_nangate_rsencoder_latest_final_FF",34,40,"./automated_nangate/automated_nangate_rsencoder_latest_final_FF.v","automated_nangate","v","encoder, decoder",1524756563.96786,10,8,0
"automated_nangate_rsencoder_latest_final_GFADD",40,32,"./automated_nangate/automated_nangate_rsencoder_latest_final_GFADD.v","automated_nangate","v","add, arithmetic,",1524756563.97586,16,8,0
"automated_nangate_rsencoder_latest_final_GFMUL8",232,448,"./automated_nangate/automated_nangate_rsencoder_latest_final_GFMUL8.v","automated_nangate","v","mult, arithmetic",1524756563.98786,16,8,"{}"
"automated_nangate_rsencoder_latest_final_rs_encode",3860,7818,"./automated_nangate/automated_nangate_rsencoder_latest_final_rs_encode.v","automated_nangate","v","encoder, decoder",1524756564.08786,139,128,"{}"
"automated_nangate_sha_core_latest_final_sha1",6780,16329,"./automated_nangate/automated_nangate_sha_core_latest_final_sha1.v","automated_nangate","v",,1524747722.89212,38,36,"{}"
"automated_nangate_sha_core_latest_final_sha256",9704,23370,"./automated_nangate/automated_nangate_sha_core_latest_final_sha256.v","automated_nangate","v",,1524747506.38124,38,36,0
"automated_nangate_sha_core_latest_final_sha512",20102,48723,"./automated_nangate/automated_nangate_sha_core_latest_final_sha512.v","automated_nangate","v",,1524747463.11746,39,37,0
"automated_nangate_sha3_latest_final_f_permutation",18041,35515,"./automated_nangate/automated_nangate_sha3_latest_final_f_permutation.v","automated_nangate","v",,1524747631.1446,579,1602,0
"automated_nangate_sha3_latest_final_keccak",18406,39019,"./automated_nangate/automated_nangate_sha3_latest_final_keccak.v","automated_nangate","v",,1524747601.93675,38,514,0
"automated_nangate_sha3_latest_final_padder",2727,5653,"./automated_nangate/automated_nangate_sha3_latest_final_padder.v","automated_nangate","v","add, arithmetic",1524747500.31727,39,578,0
"automated_nangate_sha3_latest_final_padder1",87,89,"./automated_nangate/automated_nangate_sha3_latest_final_padder1.v","automated_nangate","v","add, arithmetic",1524747581.62885,34,32,0
"automated_nangate_sha3_latest_final_rconst",115,96,"./automated_nangate/automated_nangate_sha3_latest_final_rconst.v","automated_nangate","v",,1524747504.43325,24,64,"{}"
"automated_nangate_sha3_latest_final_rconst2in1",60,97,"./automated_nangate/automated_nangate_sha3_latest_final_rconst2in1.v","automated_nangate","v",,1524747554.65299,12,128,0
"automated_nangate_sha3_latest_final_round",11415,18016,"./automated_nangate/automated_nangate_sha3_latest_final_round.v","automated_nangate","v",,1524747712.58418,1664,1600,"{}"
"automated_nangate_sha3_latest_final_round2in1",25521,52741,"./automated_nangate/automated_nangate_sha3_latest_final_round2in1.v","automated_nangate","v",,1524747494.1213,1728,1600,"{}"
"automated_nangate_simon_core_latest_final_simon_datapath_shiftreg",358,813,"./automated_nangate/automated_nangate_simon_core_latest_final_simon_datapath_shiftreg.v","automated_nangate","v","register, memory",1529040351.6708,6,7,"{}"
"automated_nangate_simon_core_latest_final_simon_key_expansion_shiftreg",413,973,"./automated_nangate/automated_nangate_simon_core_latest_final_simon_key_expansion_shiftreg.v","automated_nangate","v","register, memory",1529040352.11879,10,2,0
"automated_nangate_simon_core_latest_final_top_module",769,1796,"./automated_nangate/automated_nangate_simon_core_latest_final_top_module.v","automated_nangate","v","topfile",1529040352.74279,4,1,0
"automated_nangate_tiny_aes_latest_final_aes_192",237649,681312,"./automated_nangate/automated_nangate_tiny_aes_latest_final_aes_192.v","automated_nangate","v","aes, crypto,",1524751257.5429,321,128,0
"automated_nangate_tiny_aes_latest_final_expand_key_type_A_256",3945,8572,"./automated_nangate/automated_nangate_tiny_aes_latest_final_expand_key_type_A_256.v","automated_nangate","v","aes, crypto,",1524751257.9189,265,384,0
"automated_nangate_tiny_aes_latest_final_expand_key_type_B_256",3929,8556,"./automated_nangate/automated_nangate_tiny_aes_latest_final_expand_key_type_B_256.v","automated_nangate","v","aes, crypto,",1524751258.0269,257,384,0
"automated_nangate_tiny_tate_bilinear_pairing_latest_final_const_",2411,1260,"./automated_nangate/automated_nangate_tiny_tate_bilinear_pairing_latest_final_const_.v","automated_nangate","v",,1524756357.87289,7,1189,0
"automated_nangate_tiny_tate_bilinear_pairing_latest_final_f3_add",20,38,"./automated_nangate/automated_nangate_tiny_tate_bilinear_pairing_latest_final_f3_add.v","automated_nangate","v","add, arithmetic",1524756357.88489,4,2,"{}"
"automated_nangate_tiny_tate_bilinear_pairing_latest_final_f3_mult",16,22,"./automated_nangate/automated_nangate_tiny_tate_bilinear_pairing_latest_final_f3_mult.v","automated_nangate","v","mult, arithmetic",1524756357.90489,4,2,0
"automated_nangate_tiny_tate_bilinear_pairing_latest_final_f3_sub",20,38,"./automated_nangate/automated_nangate_tiny_tate_bilinear_pairing_latest_final_f3_sub.v","automated_nangate","v","sub, arithmetic",1524756357.92089,4,2,0
"automated_nangate_tiny_tate_bilinear_pairing_latest_final_FSM",2538,5781,"./automated_nangate/automated_nangate_tiny_tate_bilinear_pairing_latest_final_FSM.v","automated_nangate","v",,1524756358.00089,31,34,"{}"
"automated_nangate_tiny_tate_bilinear_pairing_latest_final_mod_p",3598,2464,"./automated_nangate/automated_nangate_tiny_tate_bilinear_pairing_latest_final_mod_p.v","automated_nangate","v",,1524756358.04889,1186,1186,0
"automated_nangate_tiny_tate_bilinear_pairing_latest_final_rom",1862,5121,"./automated_nangate/automated_nangate_tiny_tate_bilinear_pairing_latest_final_rom.v","automated_nangate","v",,1524756358.12089,10,29,"{}"
"automated_nangate_trigonometric_functions_in_double_fpu_latest_final_cosecant_lut",1188,2974,"./automated_nangate/automated_nangate_trigonometric_functions_in_double_fpu_latest_final_cosecant_lut.v","automated_nangate","v","fpu",1524757364.96785,37,64,"{}"
"automated_nangate_trigonometric_functions_in_double_fpu_latest_final_cosine_lut",1214,2952,"./automated_nangate/automated_nangate_trigonometric_functions_in_double_fpu_latest_final_cosine_lut.v","automated_nangate","v","fpu",1524757365.00785,37,64,0
"automated_nangate_trigonometric_functions_in_double_fpu_latest_final_cotangent_lut",1233,2974,"./automated_nangate/automated_nangate_trigonometric_functions_in_double_fpu_latest_final_cotangent_lut.v","automated_nangate","v","fpu",1524757365.04385,37,64,0
"automated_nangate_trigonometric_functions_in_double_fpu_latest_final_dividor",737,1637,"./automated_nangate/automated_nangate_trigonometric_functions_in_double_fpu_latest_final_dividor.v","automated_nangate","v","fpu",1524757365.07185,34,32,0
"automated_nangate_trigonometric_functions_in_double_fpu_latest_final_secant_lut",1186,2886,"./automated_nangate/automated_nangate_trigonometric_functions_in_double_fpu_latest_final_secant_lut.v","automated_nangate","v","fpu",1524757365.10785,37,64,0
"automated_nangate_trigonometric_functions_in_double_fpu_latest_final_sine_lut",1220,3172,"./automated_nangate/automated_nangate_trigonometric_functions_in_double_fpu_latest_final_sine_lut.v","automated_nangate","v","fpu",1524757365.14385,37,64,"{}"
"automated_nangate_trigonometric_functions_in_double_fpu_latest_final_tangent_lut",1243,2999,"./automated_nangate/automated_nangate_trigonometric_functions_in_double_fpu_latest_final_tangent_lut.v","automated_nangate","v","fpu",1524757365.18385,37,64,0
"automated_nangate_trigonometric_functions_in_double_fpu_latest_final_top",7950,21248,"./automated_nangate/automated_nangate_trigonometric_functions_in_double_fpu_latest_final_top.v","automated_nangate","v","topfile, fpu",1524757365.40385,38,64,0
"automated_nangate_two_dimensional_fast_hartley_transform_latest_final_dpsram_128x16",64,32,"./automated_nangate/automated_nangate_two_dimensional_fast_hartley_transform_latest_final_dpsram_128x16.v","automated_nangate","v","ram, memory",1529008331.66988,52,32,0
"automated_nangate_two_dimensional_fast_hartley_transform_latest_final_fht_1d_x8",2164,5014,"./automated_nangate/automated_nangate_two_dimensional_fast_hartley_transform_latest_final_fht_1d_x8.v","automated_nangate","v",,1529008331.73388,11,12,0
"automated_nangate_two_dimensional_fast_hartley_transform_latest_final_fht_8x8_core",2991,6951,"./automated_nangate/automated_nangate_two_dimensional_fast_hartley_transform_latest_final_fht_8x8_core.v","automated_nangate","v",,1529008332.07788,11,15,0
"automated_nangate_two_dimensional_fast_hartley_transform_latest_final_fht_bfly",205,383,"./automated_nangate/automated_nangate_two_dimensional_fast_hartley_transform_latest_final_fht_bfly.v","automated_nangate","v",,1529008332.11388,19,18,0
"automated_nangate_two_dimensional_fast_hartley_transform_latest_final_fht_bfly_noFF",128,203,"./automated_nangate/automated_nangate_two_dimensional_fast_hartley_transform_latest_final_fht_bfly_noFF.v","automated_nangate","v",,1529008332.08988,16,18,0
"automated_nangate_two_dimensional_fast_hartley_transform_latest_final_mtx_trps_8x8_dpsram",71,134,"./automated_nangate/automated_nangate_two_dimensional_fast_hartley_transform_latest_final_mtx_trps_8x8_dpsram.v","automated_nangate","v","ram, memory",1529008332.12588,11,9,"{}"
"automated_nangate_two_dimensional_fast_hartley_transform_latest_final_signed_mult_const_asic",330,776,"./automated_nangate/automated_nangate_two_dimensional_fast_hartley_transform_latest_final_signed_mult_const_asic.v","automated_nangate","v","mult, arithmetic",1529008332.13788,11,9,0
"automated_nangate_two_dimensional_fast_hartley_transform_latest_final_signed_mult_const_fpga",244,503,"./automated_nangate/automated_nangate_two_dimensional_fast_hartley_transform_latest_final_signed_mult_const_fpga.v","automated_nangate","v","mult, arithmetic",1529008332.15388,11,9,0
"automated_nangate_verilog_fixed_point_math_library_latest_final_qadd",766,1491,"./automated_nangate/automated_nangate_verilog_fixed_point_math_library_latest_final_qadd.v","automated_nangate","v","add, arithmetic",1524755055.97529,64,32,0
"automated_nangate_verilog_fixed_point_math_library_latest_final_qdiv",1578,3465,"./automated_nangate/automated_nangate_verilog_fixed_point_math_library_latest_final_qdiv.v","automated_nangate","v",,1524755056.02729,66,34,0
"automated_nangate_verilog_fixed_point_math_library_latest_final_qmult",4858,10313,"./automated_nangate/automated_nangate_verilog_fixed_point_math_library_latest_final_qmult.v","automated_nangate","v","mult, arithmetic",1524755056.19529,64,33,0
"automated_nangate_verilog_fixed_point_math_library_latest_final_qmults",1256,2694,"./automated_nangate/automated_nangate_verilog_fixed_point_math_library_latest_final_qmults.v","automated_nangate","v","mult, arithmetic",1524755056.06729,66,34,"{}"
"automated_nangate_xtea_latest_final_cipher_testbench",2209,4338,"./automated_nangate/automated_nangate_xtea_latest_final_cipher_testbench.v","automated_nangate","v",,1529591308.89096,132,258,0
"automated_nangate_xtea_latest_final_xtea",7003,16006,"./automated_nangate/automated_nangate_xtea_latest_final_xtea.v","automated_nangate","v",,1529591309.08295,195,65,0
"automated_osu035_16x2_lcd_display_driver_latest_final_lcd_16x2_8bit",190,401,"./automated_osu035/automated_osu035_16x2_lcd_display_driver_latest_final_lcd_16x2_8bit.v","automated_osu035","v",,1536250404.02388,12,11,0
"automated_osu035_16x2_lcd_display_driver_latest_final_lcd_fpga",283,642,"./automated_osu035/automated_osu035_16x2_lcd_display_driver_latest_final_lcd_fpga.v","automated_osu035","v",,1536250404.04788,3,10,0
"automated_osu035_8051_latest_final_disp",120,222,"./automated_osu035/automated_osu035_8051_latest_final_disp.v","automated_osu035","v",,1535118203.82192,8,14,0
"automated_osu035_8051_latest_final_oc8051_acc",205,400,"./automated_osu035/automated_osu035_8051_latest_final_oc8051_acc.v","automated_osu035","v","alu",1535118203.83392,31,9,0
"automated_osu035_8051_latest_final_oc8051_alu",1324,2942,"./automated_osu035/automated_osu035_8051_latest_final_oc8051_alu.v","automated_osu035","v","alu, arithmetic, add, sub",1535557190.38197,33,35,0
"automated_osu035_8051_latest_final_oc8051_alu_src_sel",322,504,"./automated_osu035/automated_osu035_8051_latest_final_oc8051_alu_src_sel.v","automated_osu035","v","alu, arithmetic, add, sub",1535557190.29797,81,24,0
"automated_osu035_8051_latest_final_oc8051_b_register",151,291,"./automated_osu035/automated_osu035_8051_latest_final_oc8051_b_register.v","automated_osu035","v",,1535557190.40197,21,8,0
"automated_osu035_8051_latest_final_oc8051_comp",44,48,"./automated_osu035/automated_osu035_8051_latest_final_oc8051_comp.v","automated_osu035","v",,1535118203.86592,20,1,0
"automated_osu035_8051_latest_final_oc8051_cy_select",11,11,"./automated_osu035/automated_osu035_8051_latest_final_oc8051_cy_select.v","automated_osu035","v",,1535557190.41396,4,1,0
"automated_osu035_8051_latest_final_oc8051_decoder",845,1883,"./automated_osu035/automated_osu035_8051_latest_final_oc8051_decoder.v","automated_osu035","v","alu",1535118203.90192,13,39,0
"automated_osu035_8051_latest_final_oc8051_divide",415,898,"./automated_osu035/automated_osu035_8051_latest_final_oc8051_divide.v","automated_osu035","v","div, arithmetic,",1535557190.44196,19,17,0
"automated_osu035_8051_latest_final_oc8051_dptr",168,271,"./automated_osu035/automated_osu035_8051_latest_final_oc8051_dptr.v","automated_osu035","v",,1535118203.92992,30,16,0
"automated_osu035_8051_latest_final_oc8051_indi_addr",418,914,"./automated_osu035/automated_osu035_8051_latest_final_oc8051_indi_addr.v","automated_osu035","v","add, arithmetic",1535118203.94992,23,8,0
"automated_osu035_8051_latest_final_oc8051_int",594,1273,"./automated_osu035/automated_osu035_8051_latest_final_oc8051_int.v","automated_osu035","v","alu",1535557190.47796,29,35,0
"automated_osu035_8051_latest_final_oc8051_memory_interface",2359,4852,"./automated_osu035/automated_osu035_8051_latest_final_oc8051_memory_interface.v","automated_osu035","v","memory_interface",1535118204.03792,199,123,0
"automated_osu035_8051_latest_final_oc8051_multiply",327,707,"./automated_osu035/automated_osu035_8051_latest_final_oc8051_multiply.v","automated_osu035","v","mult, arithmetic",1535118204.05392,19,17,0
"automated_osu035_8051_latest_final_oc8051_ports",631,1172,"./automated_osu035/automated_osu035_8051_latest_final_oc8051_ports.v","automated_osu035","v","alu",1535557190.51396,54,64,0
"automated_osu035_8051_latest_final_oc8051_psw",158,290,"./automated_osu035/automated_osu035_8051_latest_final_oc8051_psw.v","automated_osu035","v",,1535118204.08592,26,10,0
"automated_osu035_8051_latest_final_oc8051_ram_256x8_two_bist",12306,28128,"./automated_osu035/automated_osu035_8051_latest_final_oc8051_ram_256x8_two_bist.v","automated_osu035","v","ram",1535557191.07796,29,8,0
"automated_osu035_8051_latest_final_oc8051_ram_top",12400,28661,"./automated_osu035/automated_osu035_8051_latest_final_oc8051_ram_top.v","automated_osu035","v","ram,  topfile",1535118204.80591,29,9,0
"automated_osu035_8051_latest_final_oc8051_rom",1303,2558,"./automated_osu035/automated_osu035_8051_latest_final_oc8051_rom.v","automated_osu035","v","alu, rom, memory",1535118204.84991,18,25,0
"automated_osu035_8051_latest_final_oc8051_sp",214,399,"./automated_osu035/automated_osu035_8051_latest_final_oc8051_sp.v","automated_osu035","v","alu",1535557191.15796,26,16,0
"automated_osu035_8051_latest_final_oc8051_tc2",514,1058,"./automated_osu035/automated_osu035_8051_latest_final_oc8051_tc2.v","automated_osu035","v","alu",1535118204.88191,24,44,0
"automated_osu035_8051_latest_final_oc8051_top",21047,48258,"./automated_osu035/automated_osu035_8051_latest_final_oc8051_top.v","automated_osu035","v","topfile",1535118205.5259,86,78,0
"automated_osu035_8051_latest_final_oc8051_uart",560,1188,"./automated_osu035/automated_osu035_8051_latest_final_oc8051_uart.v","automated_osu035","v","uart",1542470584.10648,27,26,0
"automated_osu035_8051_latest_final_oc8051_wb_iinterface",233,251,"./automated_osu035/automated_osu035_8051_latest_final_oc8051_wb_iinterface.v","automated_osu035","v","alu",1535118205.6299,53,51,0
"automated_osu035_8051_latest_final_RAMB4_S8_S8",32,16,"./automated_osu035/automated_osu035_8051_latest_final_RAMB4_S8_S8.v","automated_osu035","v","ram, memory",1535118205.6379,42,16,0
"automated_osu035_8bit_vedic_multiplier_latest_final_full_adder",12,16,"./automated_osu035/automated_osu035_8bit_vedic_multiplier_latest_final_full_adder.v","automated_osu035","v","mult, arithmetic, adder",1536250416.85975,3,2,0
"automated_osu035_8bit_vedic_multiplier_latest_final_half_adder",7,8,"./automated_osu035/automated_osu035_8bit_vedic_multiplier_latest_final_half_adder.v","automated_osu035","v","mult, arithmetic, adder",1536250416.87175,2,2,0
"automated_osu035_8bit_vedic_multiplier_latest_final_ripple_adder_12bit",134,193,"./automated_osu035/automated_osu035_8bit_vedic_multiplier_latest_final_ripple_adder_12bit.v","automated_osu035","v","mult, arithmetic, adder",1536250416.88375,25,13,0
"automated_osu035_8bit_vedic_multiplier_latest_final_ripple_adder_4bit",46,65,"./automated_osu035/automated_osu035_8bit_vedic_multiplier_latest_final_ripple_adder_4bit.v","automated_osu035","v","mult, arithmetic, adder",1536250416.90375,9,5,0
"automated_osu035_8bit_vedic_multiplier_latest_final_ripple_adder_6bit",68,97,"./automated_osu035/automated_osu035_8bit_vedic_multiplier_latest_final_ripple_adder_6bit.v","automated_osu035","v","mult, arithmetic, adder",1536250416.91175,13,7,0
"automated_osu035_8bit_vedic_multiplier_latest_final_ripple_adder_8bit",90,129,"./automated_osu035/automated_osu035_8bit_vedic_multiplier_latest_final_ripple_adder_8bit.v","automated_osu035","v","mult, arithmetic, adder",1536250416.92375,17,9,0
"automated_osu035_8bit_vedic_multiplier_latest_final_vedic2x2",22,28,"./automated_osu035/automated_osu035_8bit_vedic_multiplier_latest_final_vedic2x2.v","automated_osu035","v","mult, arithmetic",1536250416.93175,4,4,0
"automated_osu035_8bit_vedic_multiplier_latest_final_vedic4x4",173,292,"./automated_osu035/automated_osu035_8bit_vedic_multiplier_latest_final_vedic4x4.v","automated_osu035","v","mult, arithmetic",1536250416.96775,8,8,0
"automated_osu035_8bit_vedic_multiplier_latest_final_vedic8x8",865,1540,"./automated_osu035/automated_osu035_8bit_vedic_multiplier_latest_final_vedic8x8.v","automated_osu035","v","mult, arithmetic",1536250417.03575,16,16,0
"automated_osu035_a-z80_latest_final_address_latch",355,693,"./automated_osu035/automated_osu035_a-z80_latest_final_address_latch.v","automated_osu035","v","latch",1536055003.48961,26,17,0
"automated_osu035_a-z80_latest_final_address_mux",97,112,"./automated_osu035/automated_osu035_a-z80_latest_final_address_mux.v","automated_osu035","v","mux",1536055003.64561,33,16,0
"automated_osu035_a-z80_latest_final_address_pins",99,145,"./automated_osu035/automated_osu035_a-z80_latest_final_address_pins.v","automated_osu035","v",,1536055003.8696,19,16,0
"automated_osu035_a-z80_latest_final_alu",317,1151,"./automated_osu035/automated_osu035_a-z80_latest_final_alu.v","automated_osu035","v","alu, arithmetic, add, sub",1536055008.63756,35,20,0
"automated_osu035_a-z80_latest_final_alu_bit_select",24,37,"./automated_osu035/automated_osu035_a-z80_latest_final_alu_bit_select.v","automated_osu035","v","alu, arithmetic, add, sub",1536055004.1616,3,8,0
"automated_osu035_a-z80_latest_final_alu_control",110,140,"./automated_osu035/automated_osu035_a-z80_latest_final_alu_control.v","automated_osu035","v","alu, arithmetic, add, sub",1536055004.2976,29,18,0
"automated_osu035_a-z80_latest_final_alu_core",65,112,"./automated_osu035/automated_osu035_a-z80_latest_final_alu_core.v","automated_osu035","v","alu, arithmetic, add, sub",1536055004.86959,12,6,0
"automated_osu035_a-z80_latest_final_alu_flags",118,176,"./automated_osu035/automated_osu035_a-z80_latest_final_alu_flags.v","automated_osu035","v","alu, arithmetic, add, sub",1536055005.74959,38,8,0
"automated_osu035_a-z80_latest_final_alu_mux_2",7,7,"./automated_osu035/automated_osu035_a-z80_latest_final_alu_mux_2.v","automated_osu035","v","alu, arithmetic, add, sub",1536055006.05758,3,1,0
"automated_osu035_a-z80_latest_final_alu_mux_2z",21,24,"./automated_osu035/automated_osu035_a-z80_latest_final_alu_mux_2z.v","automated_osu035","v","alu, arithmetic, add, sub",1536055006.25358,6,5,0
"automated_osu035_a-z80_latest_final_alu_mux_3z",31,38,"./automated_osu035/automated_osu035_a-z80_latest_final_alu_mux_3z.v","automated_osu035","v","alu, arithmetic, add, sub",1536055006.74158,11,5,0
"automated_osu035_a-z80_latest_final_alu_mux_4",10,10,"./automated_osu035/automated_osu035_a-z80_latest_final_alu_mux_4.v","automated_osu035","v","alu, arithmetic, add, sub",1536055006.83757,6,1,0
"automated_osu035_a-z80_latest_final_alu_mux_8",32,47,"./automated_osu035/automated_osu035_a-z80_latest_final_alu_mux_8.v","automated_osu035","v","alu, arithmetic, add, sub",1536055007.02157,11,1,0
"automated_osu035_a-z80_latest_final_alu_prep_daa",18,18,"./automated_osu035/automated_osu035_a-z80_latest_final_alu_prep_daa.v","automated_osu035","v","alu, arithmetic, add, sub",1536055007.10557,8,3,0
"automated_osu035_a-z80_latest_final_alu_select",51,34,"./automated_osu035/automated_osu035_a-z80_latest_final_alu_select.v","automated_osu035","v","alu, arithmetic, add, sub",1536055007.33757,17,17,0
"automated_osu035_a-z80_latest_final_alu_shifter_core",48,78,"./automated_osu035/automated_osu035_a-z80_latest_final_alu_shifter_core.v","automated_osu035","v","alu, arithmetic, add, sub",1536055007.98156,11,10,0
"automated_osu035_a-z80_latest_final_alu_slice",18,26,"./automated_osu035/automated_osu035_a-z80_latest_final_alu_slice.v","automated_osu035","v","alu, arithmetic, add, sub",1536055008.28556,6,2,0
"automated_osu035_a-z80_latest_final_bus_control",0,0,"./automated_osu035/automated_osu035_a-z80_latest_final_bus_control.v","automated_osu035","v",,1536055008.96555,10,0,0
"automated_osu035_a-z80_latest_final_bus_switch",15,10,"./automated_osu035/automated_osu035_a-z80_latest_final_bus_switch.v","automated_osu035","v",,1536055009.10955,5,5,0
"automated_osu035_a-z80_latest_final_clk_delay",34,44,"./automated_osu035/automated_osu035_a-z80_latest_final_clk_delay.v","automated_osu035","v",,1536055009.41755,9,7,0
"automated_osu035_a-z80_latest_final_control_pins_n",42,28,"./automated_osu035/automated_osu035_a-z80_latest_final_control_pins_n.v","automated_osu035","v",,1536055009.72955,15,14,0
"automated_osu035_a-z80_latest_final_data_pins",0,0,"./automated_osu035/automated_osu035_a-z80_latest_final_data_pins.v","automated_osu035","v",,1536055009.88155,21,0,0
"automated_osu035_a-z80_latest_final_data_switch",0,0,"./automated_osu035/automated_osu035_a-z80_latest_final_data_switch.v","automated_osu035","v",,1536055009.90955,18,0,0
"automated_osu035_a-z80_latest_final_data_switch_mask",0,0,"./automated_osu035/automated_osu035_a-z80_latest_final_data_switch_mask.v","automated_osu035","v",,1536055009.89355,19,0,0
"automated_osu035_a-z80_latest_final_decode_state",53,75,"./automated_osu035/automated_osu035_a-z80_latest_final_decode_state.v","automated_osu035","v",,1536055010.29754,15,8,0
"automated_osu035_a-z80_latest_final_execute",3393,7704,"./automated_osu035/automated_osu035_a-z80_latest_final_execute.v","automated_osu035","v","alu",1536055012.41352,128,111,0
"automated_osu035_a-z80_latest_final_ila",0,0,"./automated_osu035/automated_osu035_a-z80_latest_final_ila.v","automated_osu035","v",,1542470580.76645,0,0,0
"automated_osu035_a-z80_latest_final_inc_dec",168,272,"./automated_osu035/automated_osu035_a-z80_latest_final_inc_dec.v","automated_osu035","v",,1536055013.80951,19,16,0
"automated_osu035_a-z80_latest_final_inc_dec_2bit",16,19,"./automated_osu035/automated_osu035_a-z80_latest_final_inc_dec_2bit.v","automated_osu035","v",,1536055013.20951,5,3,0
"automated_osu035_a-z80_latest_final_interrupts",55,88,"./automated_osu035/automated_osu035_a-z80_latest_final_interrupts.v","automated_osu035","v",,1536055013.90151,12,5,0
"automated_osu035_a-z80_latest_final_ir",53,90,"./automated_osu035/automated_osu035_a-z80_latest_final_ir.v","automated_osu035","v",,1536055014.13351,12,8,0
"automated_osu035_a-z80_latest_final_memory_ifc",113,221,"./automated_osu035/automated_osu035_a-z80_latest_final_memory_ifc.v","automated_osu035","v",,1536055014.5215,13,8,0
"automated_osu035_a-z80_latest_final_pin_control",28,35,"./automated_osu035/automated_osu035_a-z80_latest_final_pin_control.v","automated_osu035","v",,1536055015.37749,9,3,0
"automated_osu035_a-z80_latest_final_pla_decode",322,481,"./automated_osu035/automated_osu035_a-z80_latest_final_pla_decode.v","automated_osu035","v","alu",1536055015.80949,15,105,0
"automated_osu035_a-z80_latest_final_reg_control",107,142,"./automated_osu035/automated_osu035_a-z80_latest_final_reg_control.v","automated_osu035","v",,1536055016.44148,24,23,0
"automated_osu035_a-z80_latest_final_reg_file",0,0,"./automated_osu035/automated_osu035_a-z80_latest_final_reg_file.v","automated_osu035","v",,1536055016.45748,61,0,0
"automated_osu035_a-z80_latest_final_reg_latch",0,0,"./automated_osu035/automated_osu035_a-z80_latest_final_reg_latch.v","automated_osu035","v",,1536055016.60548,11,0,0
"automated_osu035_a-z80_latest_final_resets",34,55,"./automated_osu035/automated_osu035_a-z80_latest_final_resets.v","automated_osu035","v",,1536055016.72148,6,2,0
"automated_osu035_a-z80_latest_final_sequencer",65,129,"./automated_osu035/automated_osu035_a-z80_latest_final_sequencer.v","automated_osu035","v",,1536055016.93348,7,12,0
"automated_osu035_a-z80_latest_final_uart",227,497,"./automated_osu035/automated_osu035_a-z80_latest_final_uart.v","automated_osu035","v","uart",1536055017.08148,11,2,0
"automated_osu035_a-z80_latest_final_wait_state",11,14,"./automated_osu035/automated_osu035_a-z80_latest_final_wait_state.v","automated_osu035","v",,1536055017.23748,3,2,0
"automated_osu035_a-z80_latest_final_z80_top_direct_n",1758,3818,"./automated_osu035/automated_osu035_a-z80_latest_final_z80_top_direct_n.v","automated_osu035","v","topfile",1536055019.46145,14,24,0
"automated_osu035_aes_core_latest_final_aes_cipher_top",22246,58758,"./automated_osu035/automated_osu035_aes_core_latest_final_aes_cipher_top.v","automated_osu035","v","aes, crypto,  topfile",1536257124.29419,259,129,0
"automated_osu035_aes_core_latest_final_aes_inv_cipher_top",30219,77659,"./automated_osu035/automated_osu035_aes_core_latest_final_aes_inv_cipher_top.v","automated_osu035","v","aes, crypto, topfile",1536257125.50218,260,129,0
"automated_osu035_aes_core_latest_final_aes_inv_sbox",780,2110,"./automated_osu035/automated_osu035_aes_core_latest_final_aes_inv_sbox.v","automated_osu035","v","aes, crypto, sbox",1536257125.55418,8,8,0
"automated_osu035_aes_core_latest_final_aes_key_expand_128",5205,12496,"./automated_osu035/automated_osu035_aes_core_latest_final_aes_key_expand_128.v","automated_osu035","v","aes, crypto, key_expansion",1536257125.77018,130,128,0
"automated_osu035_aes_core_latest_final_aes_rcon",106,137,"./automated_osu035/automated_osu035_aes_core_latest_final_aes_rcon.v","automated_osu035","v","aes, crypto,",1536257125.79018,2,32,0
"automated_osu035_aes_core_latest_final_aes_sbox",860,2303,"./automated_osu035/automated_osu035_aes_core_latest_final_aes_sbox.v","automated_osu035","v","aes, crypto, sbox",1536257125.83818,8,8,0
"automated_osu035_aes_decrypt_fpga_latest_final_MUXF7",7,7,"./automated_osu035/automated_osu035_aes_decrypt_fpga_latest_final_MUXF7.v","automated_osu035","v","aes, crypto,",1536257128.18215,3,1,0
"automated_osu035_aes_decrypt_fpga_latest_final_MUXF8",7,7,"./automated_osu035/automated_osu035_aes_decrypt_fpga_latest_final_MUXF8.v","automated_osu035","v","aes, crypto,",1536257128.19815,3,1,0
"automated_osu035_aes_highthroughput_lowarea_latest_final_aes",42844,99266,"./automated_osu035/automated_osu035_aes_highthroughput_lowarea_latest_final_aes.v","automated_osu035","v","aes, crypto",1536257608.61336,392,131,0
"automated_osu035_aes_highthroughput_lowarea_latest_final_aes_top_example",44420,105091,"./automated_osu035/automated_osu035_aes_highthroughput_lowarea_latest_final_aes_top_example.v","automated_osu035","v","aes, crypto ,  topfile",1536257606.64938,45,35,0
"automated_osu035_aes_highthroughput_lowarea_latest_final_byte_mix_columns",202,332,"./automated_osu035/automated_osu035_aes_highthroughput_lowarea_latest_final_byte_mix_columns.v","automated_osu035","v","aes, crypto,",1536257608.66536,32,8,0
"automated_osu035_aes_highthroughput_lowarea_latest_final_inv_byte_mix_columns",484,920,"./automated_osu035/automated_osu035_aes_highthroughput_lowarea_latest_final_inv_byte_mix_columns.v","automated_osu035","v","aes, crypto,",1536257608.72536,32,8,0
"automated_osu035_aes_highthroughput_lowarea_latest_final_inv_mix_columns",7360,14720,"./automated_osu035/automated_osu035_aes_highthroughput_lowarea_latest_final_inv_mix_columns.v","automated_osu035","v","aes, crypto, mix_columns",1536257609.06935,128,128,0
"automated_osu035_aes_highthroughput_lowarea_latest_final_inv_shift_rows",384,256,"./automated_osu035/automated_osu035_aes_highthroughput_lowarea_latest_final_inv_shift_rows.v","automated_osu035","v","aes, crypto,",1536257609.09735,128,128,0
"automated_osu035_aes_highthroughput_lowarea_latest_final_inv_word_mix_columns",1840,3680,"./automated_osu035/automated_osu035_aes_highthroughput_lowarea_latest_final_inv_word_mix_columns.v","automated_osu035","v","aes, crypto,",1536257609.20135,32,32,0
"automated_osu035_aes_highthroughput_lowarea_latest_final_key_exp",6218,14932,"./automated_osu035/automated_osu035_aes_highthroughput_lowarea_latest_final_key_exp.v","automated_osu035","v","aes, crypto, key_expansion",1536257609.48135,261,71,0
"automated_osu035_aes_highthroughput_lowarea_latest_final_mix_columns",2976,5440,"./automated_osu035/automated_osu035_aes_highthroughput_lowarea_latest_final_mix_columns.v","automated_osu035","v","aes, crypto,",1536257609.62135,128,128,0
"automated_osu035_aes_highthroughput_lowarea_latest_final_MUL3",49,74,"./automated_osu035/automated_osu035_aes_highthroughput_lowarea_latest_final_MUL3.v","automated_osu035","v","aes, crypto,",1536257609.64535,8,8,0
"automated_osu035_aes_highthroughput_lowarea_latest_final_MUL9",67,110,"./automated_osu035/automated_osu035_aes_highthroughput_lowarea_latest_final_MUL9.v","automated_osu035","v","aes, crypto,",1536257609.66535,8,8,0
"automated_osu035_aes_highthroughput_lowarea_latest_final_MULB",107,198,"./automated_osu035/automated_osu035_aes_highthroughput_lowarea_latest_final_MULB.v","automated_osu035","v","aes, crypto,",1536257609.69335,8,8,0
"automated_osu035_aes_highthroughput_lowarea_latest_final_MULD",107,198,"./automated_osu035/automated_osu035_aes_highthroughput_lowarea_latest_final_MULD.v","automated_osu035","v","aes, crypto,",1536257609.71735,8,8,0
"automated_osu035_aes_highthroughput_lowarea_latest_final_MULE",107,198,"./automated_osu035/automated_osu035_aes_highthroughput_lowarea_latest_final_MULE.v","automated_osu035","v","aes, crypto,",1536257609.74535,8,8,0
"automated_osu035_aes_highthroughput_lowarea_latest_final_ram_16x64",4780,12599,"./automated_osu035/automated_osu035_aes_highthroughput_lowarea_latest_final_ram_16x64.v","automated_osu035","v","ram, aes",1536257609.96935,75,64,0
"automated_osu035_aes_highthroughput_lowarea_latest_final_sbox",501,1190,"./automated_osu035/automated_osu035_aes_highthroughput_lowarea_latest_final_sbox.v","automated_osu035","v","aes, crypto, sbox",1536257610.07334,12,16,0
"automated_osu035_aes_highthroughput_lowarea_latest_final_shift_rows",384,256,"./automated_osu035/automated_osu035_aes_highthroughput_lowarea_latest_final_shift_rows.v","automated_osu035","v","aes, crypto,",1536257610.16934,128,128,0
"automated_osu035_aes_highthroughput_lowarea_latest_final_word_mix_columns",712,1328,"./automated_osu035/automated_osu035_aes_highthroughput_lowarea_latest_final_word_mix_columns.v","automated_osu035","v","aes, crypto,",1536257610.25734,32,32,0
"automated_osu035_aes_highthroughput_lowarea_latest_final_xram_16x64",4748,12534,"./automated_osu035/automated_osu035_aes_highthroughput_lowarea_latest_final_xram_16x64.v","automated_osu035","v","ram, aes",1536257610.48534,74,64,0
"automated_osu035_aes_highthroughput_lowarea_latest_final_xtimes",30,31,"./automated_osu035/automated_osu035_aes_highthroughput_lowarea_latest_final_xtimes.v","automated_osu035","v","aes, crypto,",1536257610.55734,8,8,0
"automated_osu035_aes-128_pipelined_encryption_latest_final_AddRoundKey",1161,2056,"./automated_osu035/automated_osu035_aes-128_pipelined_encryption_latest_final_AddRoundKey.v","automated_osu035","v","aes, crypto,",1536254023.92858,260,129,0
"automated_osu035_aes-128_pipelined_encryption_latest_final_KeyExpantion",58001,143750,"./automated_osu035/automated_osu035_aes-128_pipelined_encryption_latest_final_KeyExpantion.v","automated_osu035","v","aes, crypto, key_expansion",1536254026.68055,131,1290,0
"automated_osu035_aes-128_pipelined_encryption_latest_final_MixColumns",2665,5857,"./automated_osu035/automated_osu035_aes-128_pipelined_encryption_latest_final_MixColumns.v","automated_osu035","v","aes, crypto,",1536254026.94055,131,129,0
"automated_osu035_aes-128_pipelined_encryption_latest_final_Round",15696,40254,"./automated_osu035/automated_osu035_aes-128_pipelined_encryption_latest_final_Round.v","automated_osu035","v","aes, crypto, round",1536254027.94854,260,129,0
"automated_osu035_aes-128_pipelined_encryption_latest_final_RoundKeyGen",5773,14228,"./automated_osu035/automated_osu035_aes-128_pipelined_encryption_latest_final_RoundKeyGen.v","automated_osu035","v","aes, crypto, round",1536254027.23655,163,129,0
"automated_osu035_aes-128_pipelined_encryption_latest_final_SBox",745,1954,"./automated_osu035/automated_osu035_aes-128_pipelined_encryption_latest_final_SBox.v","automated_osu035","v","aes, crypto, sbox",1536254028.00054,11,8,0
"automated_osu035_aes-128_pipelined_encryption_latest_final_ShiftRows",773,1284,"./automated_osu035/automated_osu035_aes-128_pipelined_encryption_latest_final_ShiftRows.v","automated_osu035","v","aes, crypto,",1536254028.04854,131,129,0
"automated_osu035_aes-128_pipelined_encryption_latest_final_SubBytes",11877,31252,"./automated_osu035/automated_osu035_aes-128_pipelined_encryption_latest_final_SubBytes.v","automated_osu035","v","aes, crypto,subbytes",1536254028.59653,131,129,0
"automated_osu035_aes-128_pipelined_encryption_latest_final_Top_PipelinedCipher",208749,541343,"./automated_osu035/automated_osu035_aes-128_pipelined_encryption_latest_final_Top_PipelinedCipher.v","automated_osu035","v","aes, crypto,  topfile",1536254038.88444,260,129,0
"automated_osu035_aes-encryption_latest_final_aes_cipher_top",181682,484237,"./automated_osu035/automated_osu035_aes-encryption_latest_final_aes_cipher_top.v","automated_osu035","v","aes, crypto, ,  topfile",1536256938.98404,259,129,0
"automated_osu035_aes-encryption_latest_final_aes_key_expand_128",39208,101293,"./automated_osu035/automated_osu035_aes-encryption_latest_final_aes_key_expand_128.v","automated_osu035","v","aes, crypto, key_expansion",1536256940.55602,129,1408,0
"automated_osu035_aes-encryption_latest_final_aes_rcon",160,80,"./automated_osu035/automated_osu035_aes-encryption_latest_final_aes_rcon.v","automated_osu035","v","aes, crypto,",1536256940.59202,1,80,0
"automated_osu035_aes-encryption_latest_final_aes_sbox",860,2303,"./automated_osu035/automated_osu035_aes-encryption_latest_final_aes_sbox.v","automated_osu035","v","aes, crypto, sbox",1536256940.64002,8,8,0
"automated_osu035_AES-T100_final_aes_128",269177,724168,"./automated_osu035/automated_osu035_AES-T100_final_aes_128.v","automated_osu035","v","aes, crypto, topfile",1536263440.63591,257,128,0
"automated_osu035_AES-T100_final_expand_key_128",3981,9588,"./automated_osu035/automated_osu035_AES-T100_final_expand_key_128.v","automated_osu035","v","aes, crypto, key_expansion",1536263441.3159,137,256,0
"automated_osu035_AES-T100_final_final_round",11889,31536,"./automated_osu035/automated_osu035_AES-T100_final_final_round.v","automated_osu035","v","aes, crypto, round",1536263441.9159,257,128,0
"automated_osu035_AES-T100_final_lfsr_counter",77,130,"./automated_osu035/automated_osu035_AES-T100_final_lfsr_counter.v","automated_osu035","v","aes, crypto,",1536263442.0039,2,20,0
"automated_osu035_AES-T100_final_one_round",24929,66640,"./automated_osu035/automated_osu035_AES-T100_final_one_round.v","automated_osu035","v","aes, crypto, aes_round, interfile",1536263443.22789,257,128,0
"automated_osu035_AES-T100_final_S",704,1907,"./automated_osu035/automated_osu035_AES-T100_final_S.v","automated_osu035","v","aes, crypto,",1536263443.48388,9,8,0
"automated_osu035_AES-T100_final_S4",2813,7628,"./automated_osu035/automated_osu035_AES-T100_final_S4.v","automated_osu035","v","aes, crypto,",1536263443.41588,33,32,0
"automated_osu035_AES-T100_final_T",1463,3917,"./automated_osu035/automated_osu035_AES-T100_final_T.v","automated_osu035","v","aes, crypto,",1536263456.19576,9,32,0
"automated_osu035_AES-T100_final_table_lookup",5849,15668,"./automated_osu035/automated_osu035_AES-T100_final_table_lookup.v","automated_osu035","v","aes, crypto",1536263443.79988,33,128,0
"automated_osu035_AES-T100_final_top",269385,724462,"./automated_osu035/automated_osu035_AES-T100_final_top.v","automated_osu035","v","aes, crypto, ,  topfile",1536263455.50776,258,192,0
"automated_osu035_AES-T100_final_TSC",217,294,"./automated_osu035/automated_osu035_AES-T100_final_TSC.v","automated_osu035","v","aes, crypto,",1536263456.06376,130,64,0
"automated_osu035_AES-T100_final_xS",720,1938,"./automated_osu035/automated_osu035_AES-T100_final_xS.v","automated_osu035","v","aes, crypto,",1536263456.23576,9,8,0
"automated_osu035_AES-T1000_final_aes_128",269177,724168,"./automated_osu035/automated_osu035_AES-T1000_final_aes_128.v","automated_osu035","v","aes, crypto,",1536270567.80113,257,128,0
"automated_osu035_AES-T1000_final_expand_key_128",3981,9588,"./automated_osu035/automated_osu035_AES-T1000_final_expand_key_128.v","automated_osu035","v","aes, crypto, key_expansion",1536270568.56512,137,256,0
"automated_osu035_AES-T1000_final_final_round",11889,31536,"./automated_osu035/automated_osu035_AES-T1000_final_final_round.v","automated_osu035","v","aes, crypto, round",1536270569.20511,257,128,0
"automated_osu035_AES-T1000_final_lfsr_counter",133,240,"./automated_osu035/automated_osu035_AES-T1000_final_lfsr_counter.v","automated_osu035","v","aes, crypto,",1536270569.23311,131,20,0
"automated_osu035_AES-T1000_final_one_round",24929,66640,"./automated_osu035/automated_osu035_AES-T1000_final_one_round.v","automated_osu035","v","aes, crypto, aes_round, interfile",1536270570.3611,257,128,0
"automated_osu035_AES-T1000_final_S",704,1907,"./automated_osu035/automated_osu035_AES-T1000_final_S.v","automated_osu035","v","aes, crypto,",1536270570.6291,9,8,0
"automated_osu035_AES-T1000_final_S4",2813,7628,"./automated_osu035/automated_osu035_AES-T1000_final_S4.v","automated_osu035","v","aes, crypto,",1536270570.5611,33,32,0
"automated_osu035_AES-T1000_final_T",1463,3917,"./automated_osu035/automated_osu035_AES-T1000_final_T.v","automated_osu035","v","aes, crypto,",1536270571.17709,9,32,0
"automated_osu035_AES-T1000_final_table_lookup",5849,15668,"./automated_osu035/automated_osu035_AES-T1000_final_table_lookup.v","automated_osu035","v","aes, crypto",1536270570.92909,33,128,0
"automated_osu035_AES-T1000_final_Trojan_Trigger",0,0,"./automated_osu035/automated_osu035_AES-T1000_final_Trojan_Trigger.v","automated_osu035","v","aes, crypto,",1536270570.96509,129,1,0
"automated_osu035_AES-T1000_final_TSC",287,431,"./automated_osu035/automated_osu035_AES-T1000_final_TSC.v","automated_osu035","v","aes, crypto,",1536270571.02509,259,64,0
"automated_osu035_AES-T1000_final_xS",720,1938,"./automated_osu035/automated_osu035_AES-T1000_final_xS.v","automated_osu035","v","aes, crypto,",1536270571.22509,9,8,0
"automated_osu035_AES-T200_final_aes_128",269177,724168,"./automated_osu035/automated_osu035_AES-T200_final_aes_128.v","automated_osu035","v","aes, crypto, topfile",1536263372.80058,257,128,0
"automated_osu035_AES-T200_final_expand_key_128",3981,9588,"./automated_osu035/automated_osu035_AES-T200_final_expand_key_128.v","automated_osu035","v","aes, crypto, key_expansion",1536263373.53657,137,256,0
"automated_osu035_AES-T200_final_final_round",11889,31536,"./automated_osu035/automated_osu035_AES-T200_final_final_round.v","automated_osu035","v","aes, crypto, round",1536263374.08457,257,128,0
"automated_osu035_AES-T200_final_lfsr_counter",134,207,"./automated_osu035/automated_osu035_AES-T200_final_lfsr_counter.v","automated_osu035","v","aes, crypto,",1536263374.13257,130,20,0
"automated_osu035_AES-T200_final_one_round",24929,66640,"./automated_osu035/automated_osu035_AES-T200_final_one_round.v","automated_osu035","v","aes, crypto, aes_round, interfile",1536263375.30855,257,128,0
"automated_osu035_AES-T200_final_S",704,1907,"./automated_osu035/automated_osu035_AES-T200_final_S.v","automated_osu035","v","aes, crypto,",1536263375.56455,9,8,0
"automated_osu035_AES-T200_final_S4",2813,7628,"./automated_osu035/automated_osu035_AES-T200_final_S4.v","automated_osu035","v","aes, crypto,",1536263375.51255,33,32,0
"automated_osu035_AES-T200_final_T",1463,3917,"./automated_osu035/automated_osu035_AES-T200_final_T.v","automated_osu035","v","aes, crypto,",1536263388.81642,9,32,0
"automated_osu035_AES-T200_final_table_lookup",5849,15668,"./automated_osu035/automated_osu035_AES-T200_final_table_lookup.v","automated_osu035","v","aes, crypto",1542470591.10253,33,128,0
"automated_osu035_AES-T200_final_top",269422,724539,"./automated_osu035/automated_osu035_AES-T200_final_top.v","automated_osu035","v","aes, crypto, topfile",1536263388.19243,258,192,0
"automated_osu035_AES-T200_final_TSC",274,371,"./automated_osu035/automated_osu035_AES-T200_final_TSC.v","automated_osu035","v","aes, crypto,",1536263388.69642,258,64,0
"automated_osu035_AES-T200_final_xS",720,1938,"./automated_osu035/automated_osu035_AES-T200_final_xS.v","automated_osu035","v","aes, crypto,",1536263388.86442,9,8,0
"automated_osu035_altor32_latest_final_altor32_alu",1740,3879,"./automated_osu035/automated_osu035_altor32_latest_final_altor32_alu.v","automated_osu035","v","alu, arithmetic, add, sub",1536072011.22489,69,40,0
"automated_osu035_altor32_latest_final_altor32_dcache_mem_if",1645,3643,"./automated_osu035/automated_osu035_altor32_latest_final_altor32_dcache_mem_if.v","automated_osu035","v","memory, cache",1536072011.30889,171,170,0
"automated_osu035_altor32_latest_final_altor32_dfu",786,1451,"./automated_osu035/automated_osu035_altor32_latest_final_altor32_dfu.v","automated_osu035","v","alu, arithmetic",1536072011.39289,155,66,0
"automated_osu035_altor32_latest_final_altor32_fetch",805,1566,"./automated_osu035/automated_osu035_altor32_latest_final_altor32_fetch.v","automated_osu035","v","alu, arithmetic",1536072011.44489,69,113,0
"automated_osu035_altor32_latest_final_altor32_lfu",258,504,"./automated_osu035/automated_osu035_altor32_latest_final_altor32_lfu.v","automated_osu035","v","alu, arithmetic",1536072011.46489,42,33,0
"automated_osu035_altor32_latest_final_altor32_lite",9890,24842,"./automated_osu035/automated_osu035_altor32_latest_final_altor32_lite.v","automated_osu035","v","alu, arithmetic",1536072011.84088,39,76,0
"automated_osu035_altor32_latest_final_altor32_lsu",53,66,"./automated_osu035/automated_osu035_altor32_latest_final_altor32_lsu.v","automated_osu035","v",,1536072011.90888,19,4,0
"automated_osu035_altor32_latest_final_altor32_noicache",391,621,"./automated_osu035/automated_osu035_altor32_latest_final_altor32_noicache.v","automated_osu035","v","memory, cache",1536072011.95288,70,70,0
"automated_osu035_altor32_latest_final_altor32_ram_sp",0,0,"./automated_osu035/automated_osu035_altor32_latest_final_altor32_ram_sp.v","automated_osu035","v","ram, memory",1536072019.6448,0,0,0
"automated_osu035_altor32_latest_final_altor32_regfile_sim",5520,14103,"./automated_osu035/automated_osu035_altor32_latest_final_altor32_regfile_sim.v","automated_osu035","v","register, memory",1536072019.8208,50,64,0
"automated_osu035_altor32_latest_final_altor32_wb_fetch",446,668,"./automated_osu035/automated_osu035_altor32_latest_final_altor32_wb_fetch.v","automated_osu035","v","alu, arithmetic",1536072019.8648,70,103,0
"automated_osu035_altor32_latest_final_altor32_writeback",455,863,"./automated_osu035/automated_osu035_altor32_latest_final_altor32_writeback.v","automated_osu035","v","alu, arithmetic",1536072019.8968,170,38,0
"automated_osu035_altor32_latest_final_cpu",10013,24891,"./automated_osu035/automated_osu035_altor32_latest_final_cpu.v","automated_osu035","v","cpu, ",1536072020.61679,72,113,0
"automated_osu035_altor32_latest_final_cpu_if",10670,25961,"./automated_osu035/automated_osu035_altor32_latest_final_cpu_if.v","automated_osu035","v","cpu, ",1536072020.2528,140,265,0
"automated_osu035_altor32_latest_final_dmem_mux3",867,1178,"./automated_osu035/automated_osu035_altor32_latest_final_dmem_mux3.v","automated_osu035","v","memory",1536072020.66479,176,256,0
"automated_osu035_altor32_latest_final_intr_periph",237,400,"./automated_osu035/automated_osu035_altor32_latest_final_intr_periph.v","automated_osu035","v","alu",1536072020.70079,53,33,0
"automated_osu035_altor32_latest_final_soc",1622,3560,"./automated_osu035/automated_osu035_altor32_latest_final_soc.v","automated_osu035","v","alu",1536072020.80079,69,34,0
"automated_osu035_altor32_latest_final_soc_pif8",1394,1830,"./automated_osu035/automated_osu035_altor32_latest_final_soc_pif8.v","automated_osu035","v","alu",1536072020.74879,324,369,0
"automated_osu035_altor32_latest_final_timer_periph",1087,2300,"./automated_osu035/automated_osu035_altor32_latest_final_timer_periph.v","automated_osu035","v","alu",1536072020.94479,44,34,0
"automated_osu035_amber_latest_final_a23_alu",1119,2381,"./automated_osu035/automated_osu035_amber_latest_final_a23_alu.v","automated_osu035","v","alu, arithmetic, add, sub",1536144130.94319,75,36,0
"automated_osu035_amber_latest_final_a23_barrel_shift",4315,11007,"./automated_osu035/automated_osu035_amber_latest_final_a23_barrel_shift.v","automated_osu035","v","shift, arithemtic",1536144131.18319,44,33,0
"automated_osu035_amber_latest_final_a23_barrel_shift_fpga",708,1582,"./automated_osu035/automated_osu035_amber_latest_final_a23_barrel_shift_fpga.v","automated_osu035","v","alu",1536144130.98319,44,33,0
"automated_osu035_amber_latest_final_a23_cache",749948,1960557,"./automated_osu035/automated_osu035_amber_latest_final_a23_cache.v","automated_osu035","v","memory, cache",1536144162.98289,172,34,0
"automated_osu035_amber_latest_final_a23_coprocessor",946,1785,"./automated_osu035/automated_osu035_amber_latest_final_a23_coprocessor.v","automated_osu035","v","cpu, coprocessor",1536144164.55087,95,66,0
"automated_osu035_amber_latest_final_a23_decode",3249,6824,"./automated_osu035/automated_osu035_amber_latest_final_a23_decode.v","automated_osu035","v","decode",1536144164.77487,112,276,0
"automated_osu035_amber_latest_final_a23_execute",15167,36530,"./automated_osu035/automated_osu035_amber_latest_final_a23_execute.v","automated_osu035","v","alu",1536144165.79086,208,171,0
"automated_osu035_amber_latest_final_a23_multiply",1263,2724,"./automated_osu035/mult/automated_osu035_amber_latest_final_a23_multiply.v","automated_osu035","v","mult, arithmetic",1521198008.07862,69,35,"{}"
"automated_osu035_amber_latest_final_a23_multiply",1545,3435,"./automated_osu035/automated_osu035_amber_latest_final_a23_multiply.v","automated_osu035","v","mult, arithmetic",1536144165.94286,69,35,0
"automated_osu035_amber_latest_final_a23_ram_register_bank",16877,37632,"./automated_osu035/automated_osu035_amber_latest_final_a23_ram_register_bank.v","automated_osu035","v","ram, register",1536144167.19885,88,160,0
"automated_osu035_amber_latest_final_a23_register_bank",6336,14917,"./automated_osu035/automated_osu035_amber_latest_final_a23_register_bank.v","automated_osu035","v","register",1536144167.46684,102,160,0
"automated_osu035_amber_latest_final_a23_wishbone",671,1224,"./automated_osu035/automated_osu035_amber_latest_final_a23_wishbone.v","automated_osu035","v","alu, wishbone, bus",1536144167.56684,108,72,0
"automated_osu035_amber_latest_final_a25_alu",1119,2381,"./automated_osu035/automated_osu035_amber_latest_final_a25_alu.v","automated_osu035","v","alu, arithmetic, add, sub",1536144167.66284,75,36,0
"automated_osu035_amber_latest_final_a25_barrel_shift",5045,12814,"./automated_osu035/automated_osu035_amber_latest_final_a25_barrel_shift.v","automated_osu035","v","shift, arithemtic",1536144167.90684,45,34,0
"automated_osu035_amber_latest_final_a25_coprocessor",946,1785,"./automated_osu035/automated_osu035_amber_latest_final_a25_coprocessor.v","automated_osu035","v","cpu, coprocessor",1536144167.95484,95,66,0
"automated_osu035_amber_latest_final_a25_decode",3879,8481,"./automated_osu035/automated_osu035_amber_latest_final_a25_decode.v","automated_osu035","v","decode",1536144168.14284,144,241,0
"automated_osu035_amber_latest_final_a25_execute",19378,47038,"./automated_osu035/automated_osu035_amber_latest_final_a25_execute.v","automated_osu035","v","alu",1536144168.95483,218,245,0
"automated_osu035_amber_latest_final_a25_multiply",1263,2724,"./automated_osu035/mult/automated_osu035_amber_latest_final_a25_multiply.v","automated_osu035","v","mult, arithmetic",1521198008.07862,69,35,"{}"
"automated_osu035_amber_latest_final_a25_multiply",1545,3435,"./automated_osu035/automated_osu035_amber_latest_final_a25_multiply.v","automated_osu035","v","mult, arithmetic",1536144169.07083,69,35,0
"automated_osu035_amber_latest_final_a25_register_bank",8692,21015,"./automated_osu035/automated_osu035_amber_latest_final_a25_register_bank.v","automated_osu035","v","register",1536144169.75882,141,160,0
"automated_osu035_amber_latest_final_a25_shifter",4315,11007,"./automated_osu035/automated_osu035_amber_latest_final_a25_shifter.v","automated_osu035","v","shift, arithemtic",1536144170.12682,44,33,0
"automated_osu035_amber_latest_final_a25_wishbone",8051,17477,"./automated_osu035/automated_osu035_amber_latest_final_a25_wishbone.v","automated_osu035","v","alu , wishbone, bus",1536144171.13481,665,566,0
"automated_osu035_amber_latest_final_a25_wishbone_buf",2568,5012,"./automated_osu035/automated_osu035_amber_latest_final_a25_wishbone_buf.v","automated_osu035","v","alu , wishbone, bus",1536144170.52681,309,307,0
"automated_osu035_amber_latest_final_a25_write_back",310,440,"./automated_osu035/automated_osu035_amber_latest_final_a25_write_back.v","automated_osu035","v","alu",1536144171.25081,79,44,0
"automated_osu035_amber_latest_final_afifo",683,1590,"./automated_osu035/automated_osu035_amber_latest_final_afifo.v","automated_osu035","v","fifo, memory",1536144171.50681,36,34,0
"automated_osu035_amber_latest_final_boot_mem128",0,0,"./automated_osu035/automated_osu035_amber_latest_final_boot_mem128.v","automated_osu035","v",,1536144190.87862,0,0,0
"automated_osu035_amber_latest_final_boot_mem32",664340,1722070,"./automated_osu035/automated_osu035_amber_latest_final_boot_mem32.v","automated_osu035","v","memory",1536144229.07825,72,34,0
"automated_osu035_amber_latest_final_ddr3_afifo",2171,5074,"./automated_osu035/automated_osu035_amber_latest_final_ddr3_afifo.v","automated_osu035","v","fifo, memory",1536144230.13424,110,108,0
"automated_osu035_amber_latest_final_dumpvcd",0,0,"./automated_osu035/automated_osu035_amber_latest_final_dumpvcd.v","automated_osu035","v",,1536144230.21024,0,0,0
"automated_osu035_amber_latest_final_eth_clockgen",90,181,"./automated_osu035/automated_osu035_amber_latest_final_eth_clockgen.v","automated_osu035","v",,1536144230.39024,10,3,0
"DesignName",272,582,"./automated_osu035/automated_osu035_amber_latest_final_eth_crc.v","automated_osu035","v","eth, interface, crc",1536144230.54624,8,33,0
"automated_osu035_amber_latest_final_eth_fifo",1627,3746,"./automated_osu035/automated_osu035_amber_latest_final_eth_fifo.v","automated_osu035","v","fifo, memory",1536144230.80224,37,40,0
"automated_osu035_amber_latest_final_eth_maccontrol",976,2035,"./automated_osu035/automated_osu035_amber_latest_final_eth_maccontrol.v","automated_osu035","v","eth, interface",1536144230.97424,103,20,0
"automated_osu035_amber_latest_final_eth_macstatus",394,656,"./automated_osu035/automated_osu035_amber_latest_final_eth_macstatus.v","automated_osu035","v","eth, interface",1536144231.09823,94,19,0
"automated_osu035_amber_latest_final_eth_miim",526,1099,"./automated_osu035/automated_osu035_amber_latest_final_eth_miim.v","automated_osu035","v","eth, interface",1536144231.37423,41,25,0
"automated_osu035_amber_latest_final_eth_outputcontrol",64,111,"./automated_osu035/automated_osu035_amber_latest_final_eth_outputcontrol.v","automated_osu035","v",,1536144231.43823,14,2,0
"automated_osu035_amber_latest_final_eth_random",135,259,"./automated_osu035/automated_osu035_amber_latest_final_eth_random.v","automated_osu035","v",,1536144231.54623,34,2,0
"automated_osu035_amber_latest_final_eth_receivecontrol",630,1310,"./automated_osu035/automated_osu035_amber_latest_final_eth_receivecontrol.v","automated_osu035","v","eth, interface",1536144231.66623,74,4,0
"automated_osu035_amber_latest_final_eth_register",54,90,"./automated_osu035/automated_osu035_amber_latest_final_eth_register.v","automated_osu035","v",,1536144231.79823,12,8,0
"automated_osu035_amber_latest_final_eth_registers",2188,4415,"./automated_osu035/automated_osu035_amber_latest_final_eth_registers.v","automated_osu035","v","register, memory",1536144231.76223,80,290,0
"automated_osu035_amber_latest_final_eth_rxaddrcheck",411,654,"./automated_osu035/automated_osu035_amber_latest_final_eth_rxaddrcheck.v","automated_osu035","v","add, arithmetic",1536144231.88223,144,2,0
"automated_osu035_amber_latest_final_eth_rxcounters",369,716,"./automated_osu035/automated_osu035_amber_latest_final_eth_rxcounters.v","automated_osu035","v","eth, interface",1536144231.94223,30,32,0
"automated_osu035_amber_latest_final_eth_rxethmac",1188,2414,"./automated_osu035/automated_osu035_amber_latest_final_eth_rxethmac.v","automated_osu035","v","eth, interface",1536144232.12622,143,38,0
"automated_osu035_amber_latest_final_eth_rxstatem",63,117,"./automated_osu035/automated_osu035_amber_latest_final_eth_rxstatem.v","automated_osu035","v",,1536144232.14622,10,6,0
"automated_osu035_amber_latest_final_eth_shiftreg",229,423,"./automated_osu035/automated_osu035_amber_latest_final_eth_shiftreg.v","automated_osu035","v","register, memory",1536144232.24222,37,18,0
"automated_osu035_amber_latest_final_eth_spram_256x32",41429,108034,"./automated_osu035/automated_osu035_amber_latest_final_eth_spram_256x32.v","automated_osu035","v","ram, spram",1536144235.41419,48,32,0
"automated_osu035_amber_latest_final_eth_top",56006,142734,"./automated_osu035/automated_osu035_amber_latest_final_eth_top.v","automated_osu035","v","eth, interface ,  topfile",1536144237.75817,96,115,0
"automated_osu035_amber_latest_final_eth_transmitcontrol",340,622,"./automated_osu035/automated_osu035_amber_latest_final_eth_transmitcontrol.v","automated_osu035","v","eth, interface",1536144237.93817,75,14,0
"automated_osu035_amber_latest_final_eth_txcounters",583,1173,"./automated_osu035/automated_osu035_amber_latest_final_eth_txcounters.v","automated_osu035","v","eth, interface",1536144238.12217,55,40,0
"automated_osu035_amber_latest_final_eth_txethmac",1313,2798,"./automated_osu035/automated_osu035_amber_latest_final_eth_txethmac.v","automated_osu035","v","eth, interface",1536144238.25017,85,24,0
"automated_osu035_amber_latest_final_eth_txstatem",282,483,"./automated_osu035/automated_osu035_amber_latest_final_eth_txstatem.v","automated_osu035","v","eth, interface",1536144238.34216,51,20,0
"automated_osu035_amber_latest_final_eth_wishbone",53493,132152,"./automated_osu035/automated_osu035_amber_latest_final_eth_wishbone.v","automated_osu035","v","eth, interface , wishbone, bus",1536144241.88213,145,122,0
"automated_osu035_amber_latest_final_ethmac_wb",630,420,"./automated_osu035/automated_osu035_amber_latest_final_ethmac_wb.v","automated_osu035","v","eth, interface",1536144231.20623,210,210,0
"automated_osu035_amber_latest_final_generic_sram_byte_en",82653,206692,"./automated_osu035/automated_osu035_amber_latest_final_generic_sram_byte_en.v","automated_osu035","v","ram, memory",1536144245.86609,153,128,0
"automated_osu035_amber_latest_final_generic_sram_line_en",82490,202702,"./automated_osu035/automated_osu035_amber_latest_final_generic_sram_line_en.v","automated_osu035","v","ram, memory",1536144253.79002,137,128,0
"automated_osu035_amber_latest_final_interrupt_controller",1017,2291,"./automated_osu035/automated_osu035_amber_latest_final_interrupt_controller.v","automated_osu035","v","alu",1536144254.01801,80,36,0
"automated_osu035_amber_latest_final_uart",2519,5616,"./automated_osu035/automated_osu035_amber_latest_final_uart.v","automated_osu035","v","uart",1536144254.32201,74,37,0
"automated_osu035_amber_latest_final_wb_ddr3_bridge",1017,1500,"./automated_osu035/automated_osu035_amber_latest_final_wb_ddr3_bridge.v","automated_osu035","v","alu",1536144254.57801,203,213,0
"automated_osu035_amber_latest_final_wb_xs6_ddr3_bridge",1672,3036,"./automated_osu035/automated_osu035_amber_latest_final_wb_xs6_ddr3_bridge.v","automated_osu035","v","alu",1536144254.72601,204,213,0
"automated_osu035_amber_latest_final_wishbone_arbiter",2470,3296,"./automated_osu035/automated_osu035_amber_latest_final_wishbone_arbiter.v","automated_osu035","v","alu, wishbone, bus",1536144254.87801,415,636,0
"automated_osu035_Aquarius_latest_final_clk_gate",4,3,"./automated_osu035/automated_osu035_Aquarius_latest_final_clk_gate.v","automated_osu035","v",,1536072013.34887,2,1,0
"automated_osu035_Aquarius_latest_final_cpu",21711,53311,"./automated_osu035/automated_osu035_Aquarius_latest_final_cpu.v","automated_osu035","v","cpu, ",1536072014.64085,51,73,0
"automated_osu035_Aquarius_latest_final_decode",2210,5168,"./automated_osu035/automated_osu035_Aquarius_latest_final_decode.v","automated_osu035","v","alu",1536072014.88485,42,136,0
"automated_osu035_Aquarius_latest_final_mem",1207,2380,"./automated_osu035/automated_osu035_Aquarius_latest_final_mem.v","automated_osu035","v","alu",1536072015.06885,139,122,0
"automated_osu035_Aquarius_latest_final_mult",9194,22861,"./automated_osu035/automated_osu035_Aquarius_latest_final_mult.v","automated_osu035","v","mult, arithmetic",1536072015.59284,79,65,0
"automated_osu035_Aquarius_latest_final_pio",301,429,"./automated_osu035/automated_osu035_Aquarius_latest_final_pio.v","automated_osu035","v","alu",1536072015.60484,72,64,0
"automated_osu035_Aquarius_latest_final_register",4943,11933,"./automated_osu035/automated_osu035_Aquarius_latest_final_register.v","automated_osu035","v","register",1536072015.97684,84,96,0
"automated_osu035_Aquarius_latest_final_rom",2047,4711,"./automated_osu035/automated_osu035_Aquarius_latest_final_rom.v","automated_osu035","v","alu, rom, memory",1536072016.16884,52,32,0
"automated_osu035_Aquarius_latest_final_sasc_brg",172,333,"./automated_osu035/automated_osu035_Aquarius_latest_final_sasc_brg.v","automated_osu035","v",,1536072016.18084,18,2,0
"automated_osu035_Aquarius_latest_final_sasc_fifo4",211,452,"./automated_osu035/automated_osu035_Aquarius_latest_final_sasc_fifo4.v","automated_osu035","v","fifo, memory",1536072016.19284,13,10,0
"automated_osu035_Aquarius_latest_final_sasc_top",567,1253,"./automated_osu035/automated_osu035_Aquarius_latest_final_sasc_top.v","automated_osu035","v","topfile",1536072016.31284,16,12,0
"automated_osu035_Aquarius_latest_final_sys",599,1170,"./automated_osu035/automated_osu035_Aquarius_latest_final_sys.v","automated_osu035","v","alu",1536072016.34884,77,48,0
"automated_osu035_Aquarius_latest_final_uart",933,1998,"./automated_osu035/automated_osu035_Aquarius_latest_final_uart.v","automated_osu035","v","uart",1536072016.38884,42,34,0
"automated_osu035_asynchronous_master_spi_final_spi_master",452,1045,"./automated_osu035/automated_osu035_asynchronous_master_spi_final_spi_master.v","automated_osu035","v","spi, interface",1535726028.65664,20,6,0
"automated_osu035_bch_configurable_latest_final_test_correct",3570,7994,"./automated_osu035/automated_osu035_bch_configurable_latest_final_test_correct.v","automated_osu035","v",,1535710902.09604,40,19,0
"automated_osu035_c6288-RN320_final_c6288",2671,5848,"./automated_osu035/automated_osu035_c6288-RN320_final_c6288.v","automated_osu035","v",,1535711392.02343,64,32,0
"automated_osu035_c7552-NS5150_final_AntiSAT",1240,1666,"./automated_osu035/automated_osu035_c7552-NS5150_final_AntiSAT.v","automated_osu035","v",,1536250422.83169,466,1,0
"automated_osu035_c7552-NS5150_final_c7552",2800,5001,"./automated_osu035/automated_osu035_c7552-NS5150_final_c7552.v","automated_osu035","v",,1536250422.97969,722,108,0
"automated_osu035_ca_prng_latest_final_ca_prng",671,1569,"./automated_osu035/automated_osu035_ca_prng_latest_final_ca_prng.v","automated_osu035","v",,1536250426.57566,45,32,0
"automated_osu035_cavlc_latest_final_cavlc_fsm",280,579,"./automated_osu035/automated_osu035_cavlc_latest_final_cavlc_fsm.v","automated_osu035","v","fsm",1536250473.17919,27,14,0
"automated_osu035_cavlc_latest_final_cavlc_len_gen",66,80,"./automated_osu035/automated_osu035_cavlc_latest_final_cavlc_len_gen.v","automated_osu035","v",,1536250473.19119,26,5,0
"automated_osu035_cavlc_latest_final_cavlc_read_levels",2199,5367,"./automated_osu035/automated_osu035_cavlc_latest_final_cavlc_read_levels.v","automated_osu035","v",,1536250473.30319,34,149,0
"automated_osu035_cavlc_latest_final_cavlc_read_run_befores",1917,3952,"./automated_osu035/automated_osu035_cavlc_latest_final_cavlc_read_run_befores.v","automated_osu035","v",,1536250473.41119,169,152,0
"automated_osu035_cavlc_latest_final_cavlc_read_total_coeffs",802,1847,"./automated_osu035/automated_osu035_cavlc_latest_final_cavlc_read_total_coeffs.v","automated_osu035","v",,1536250473.47119,27,19,0
"automated_osu035_cavlc_latest_final_cavlc_read_total_zeros",385,884,"./automated_osu035/automated_osu035_cavlc_latest_final_cavlc_read_total_zeros.v","automated_osu035","v",,1536250473.49919,16,8,0
"automated_osu035_cavlc_latest_final_cavlc_top",5095,12304,"./automated_osu035/automated_osu035_cavlc_latest_final_cavlc_top.v","automated_osu035","v","topfile",1536250473.77519,31,156,0
"automated_osu035_configurable_crc_core_latest_final_cfg_crc",39,74,"./automated_osu035/automated_osu035_configurable_crc_core_latest_final_cfg_crc.v","automated_osu035","v",,1536250476.26316,5,5,0
"automated_osu035_configurable_crc_core_latest_final_crc_7",44,85,"./automated_osu035/automated_osu035_configurable_crc_core_latest_final_crc_7.v","automated_osu035","v",,1536250476.28716,4,7,0
"automated_osu035_cookbook_final_ab_register",10607,22415,"./automated_osu035/automated_osu035_cookbook_final_ab_register.v","automated_osu035","v","register",1542470574.95041,643,512,0
"automated_osu035_cookbook_final_adder_tree_node",187,304,"./automated_osu035/automated_osu035_cookbook_final_adder_tree_node.v","automated_osu035","v","add, arithmetic",1536000278.56776,33,17,0
"automated_osu035_cookbook_final_addsub",260,465,"./automated_osu035/automated_osu035_cookbook_final_addsub.v","automated_osu035","v","add, sub, addsub arithmetic",1536000278.62776,33,17,0
"automated_osu035_cookbook_final_approx_fp_div_lut",0,0,"./automated_osu035/automated_osu035_cookbook_final_approx_fp_div_lut.v","automated_osu035","v",,1536000278.70776,6,7,0
"automated_osu035_cookbook_final_approx_fp_sqrt",141,174,"./automated_osu035/automated_osu035_cookbook_final_approx_fp_sqrt.v","automated_osu035","v",,1536000278.76776,32,32,0
"automated_osu035_cookbook_final_arbiter",250,464,"./automated_osu035/automated_osu035_cookbook_final_arbiter.v","automated_osu035","v","arbiter",1536000278.85176,32,16,0
"automated_osu035_cookbook_final_asc_hex_to_nybble",18,23,"./automated_osu035/automated_osu035_cookbook_final_asc_hex_to_nybble.v","automated_osu035","v",,1536000278.91976,8,4,0
"automated_osu035_cookbook_final_asc_to_7seg",193,445,"./automated_osu035/automated_osu035_cookbook_final_asc_to_7seg.v","automated_osu035","v",,1536000279.03175,8,7,0
"automated_osu035_cookbook_final_ascii_to_bin",95,199,"./automated_osu035/automated_osu035_cookbook_final_ascii_to_bin.v","automated_osu035","v",,1536000278.93976,8,6,0
"automated_osu035_cookbook_final_big_sigma_0_512",629,1141,"./automated_osu035/automated_osu035_cookbook_final_big_sigma_0_512.v","automated_osu035","v",,1536000279.11175,64,64,0
"automated_osu035_cookbook_final_big_sigma_1_512",628,1140,"./automated_osu035/automated_osu035_cookbook_final_big_sigma_1_512.v","automated_osu035","v",,1536000279.18375,64,64,0
"automated_osu035_cookbook_final_bin_to_7seg",47,89,"./automated_osu035/automated_osu035_cookbook_final_bin_to_7seg.v","automated_osu035","v",,1536000279.26775,4,7,0
"automated_osu035_cookbook_final_bin_to_ascii",69,140,"./automated_osu035/automated_osu035_cookbook_final_bin_to_ascii.v","automated_osu035","v",,1536000279.30375,6,8,0
"automated_osu035_cookbook_final_bin_to_gray",38,51,"./automated_osu035/automated_osu035_cookbook_final_bin_to_gray.v","automated_osu035","v",,1536000279.37175,8,8,0
"automated_osu035_cookbook_final_bitscan",78,102,"./automated_osu035/automated_osu035_cookbook_final_bitscan.v","automated_osu035","v",,1536000279.43575,16,16,0
"automated_osu035_cookbook_final_buf_2to3",541,1285,"./automated_osu035/automated_osu035_cookbook_final_buf_2to3.v","automated_osu035","v",,1536000279.54774,20,26,0
"automated_osu035_cookbook_final_buf_3to2",610,1422,"./automated_osu035/automated_osu035_cookbook_final_buf_3to2.v","automated_osu035","v",,1536000279.62774,28,18,0
"automated_osu035_cookbook_final_bus_mux",389,546,"./automated_osu035/automated_osu035_cookbook_final_bus_mux.v","automated_osu035","v","bus, interface",1536000279.67574,131,16,0
"automated_osu035_cookbook_final_c_rand",2740,6789,"./automated_osu035/automated_osu035_cookbook_final_c_rand.v","automated_osu035","v",,1536000280.82772,35,16,0
"automated_osu035_cookbook_final_chain_delay_adjust",350,752,"./automated_osu035/automated_osu035_cookbook_final_chain_delay_adjust.v","automated_osu035","v",,1536000279.73974,5,25,0
"automated_osu035_cookbook_final_chain_delay_race",182,341,"./automated_osu035/automated_osu035_cookbook_final_chain_delay_race.v","automated_osu035","v",,1536000279.79574,10,3,0
"automated_osu035_cookbook_final_chain_delay_rand",529,1128,"./automated_osu035/automated_osu035_cookbook_final_chain_delay_rand.v","automated_osu035","v",,1536000279.90774,2,11,0
"automated_osu035_cookbook_final_clock_follow",8,12,"./automated_osu035/automated_osu035_cookbook_final_clock_follow.v","automated_osu035","v",,1536000279.94374,1,1,0
"automated_osu035_cookbook_final_clock_mux",38,59,"./automated_osu035/automated_osu035_cookbook_final_clock_mux.v","automated_osu035","v",,1536000280.02774,8,1,0
"automated_osu035_cookbook_final_clock_mux_tb",0,0,"./automated_osu035/automated_osu035_cookbook_final_clock_mux_tb.v","automated_osu035","v",,1536000279.99974,0,0,0
"automated_osu035_cookbook_final_cntr",162,339,"./automated_osu035/automated_osu035_cookbook_final_cntr.v","automated_osu035","v",,1536000280.33973,21,16,0
"automated_osu035_cookbook_final_cntr_modulus",188,408,"./automated_osu035/automated_osu035_cookbook_final_cntr_modulus.v","automated_osu035","v",,1536000280.19973,21,16,0
"automated_osu035_cookbook_final_cntr_modulus_la",204,441,"./automated_osu035/automated_osu035_cookbook_final_cntr_modulus_la.v","automated_osu035","v",,1536000280.11173,21,16,0
"automated_osu035_cookbook_final_cntr_updn",237,510,"./automated_osu035/automated_osu035_cookbook_final_cntr_updn.v","automated_osu035","v",,1536000280.28373,22,16,0
"automated_osu035_cookbook_final_compress_32",224,352,"./automated_osu035/automated_osu035_cookbook_final_compress_32.v","automated_osu035","v",,1536000280.38773,48,32,0
"automated_osu035_cookbook_final_compress_42",386,673,"./automated_osu035/automated_osu035_cookbook_final_compress_42.v","automated_osu035","v",,1536000280.54773,65,33,0
"automated_osu035_cookbook_final_cordic",392,847,"./automated_osu035/automated_osu035_cookbook_final_cordic.v","automated_osu035","v",,1536000280.59173,6,4,0
"automated_osu035_cookbook_final_crc_flat",182,133,"./automated_osu035/automated_osu035_cookbook_final_crc_flat.v","automated_osu035","v",,1536000285.03964,59,58,0
"DesignName",322,600,"./automated_osu035/automated_osu035_cookbook_final_crc16_dat16_flat.v","automated_osu035","v","crc",1536000280.86772,32,16,0
"DesignName",539,1101,"./automated_osu035/automated_osu035_cookbook_final_crc16_dat24_flat.v","automated_osu035","v","crc",1536000280.91972,40,16,0
"DesignName",820,1675,"./automated_osu035/automated_osu035_cookbook_final_crc16_dat32_flat.v","automated_osu035","v","crc",1536000281.00372,48,16,0
"DesignName",2305,4824,"./automated_osu035/automated_osu035_cookbook_final_crc24_dat64_flat.v","automated_osu035","v","crc",1536000281.11972,88,24,0
"DesignName",1602,3286,"./automated_osu035/automated_osu035_cookbook_final_crc24_dat64_only_flat.v","automated_osu035","v","crc",1536000281.21171,64,24,0
"DesignName",743,1580,"./automated_osu035/automated_osu035_cookbook_final_crc24_zer64_flat.v","automated_osu035","v","crc",1536000281.26371,24,24,0
"DesignName",640,1343,"./automated_osu035/automated_osu035_cookbook_final_crc24_zer64x2_flat.v","automated_osu035","v","crc",1536000281.42771,24,24,0
"DesignName",575,1170,"./automated_osu035/automated_osu035_cookbook_final_crc24_zer64x3_flat.v","automated_osu035","v","crc",1536000281.59171,24,24,0
"DesignName",4476,9303,"./automated_osu035/automated_osu035_cookbook_final_crc32_dat104_flat.v","automated_osu035","v","crc",1536000282.53569,136,32,0
"DesignName",4865,10177,"./automated_osu035/automated_osu035_cookbook_final_crc32_dat112_flat.v","automated_osu035","v","crc",1536000282.77569,144,32,0
"DesignName",3913,7778,"./automated_osu035/automated_osu035_cookbook_final_crc32_dat120_flat.v","automated_osu035","v","crc",1536000282.95568,152,32,0
"DesignName",4988,10274,"./automated_osu035/automated_osu035_cookbook_final_crc32_dat128_flat.v","automated_osu035","v","crc",1536000283.24768,160,32,0
"DesignName",840,1665,"./automated_osu035/automated_osu035_cookbook_final_crc32_dat16_flat.v","automated_osu035","v","crc",1536000283.31968,48,32,0
"DesignName",824,1491,"./automated_osu035/automated_osu035_cookbook_final_crc32_dat24_flat.v","automated_osu035","v","crc",1536000283.45167,56,32,0
"DesignName",1792,3632,"./automated_osu035/automated_osu035_cookbook_final_crc32_dat32_flat.v","automated_osu035","v","crc",1536000283.69167,64,32,0
"DesignName",1710,3347,"./automated_osu035/automated_osu035_cookbook_final_crc32_dat40_flat.v","automated_osu035","v","crc",1536000283.91966,72,32,0
"DesignName",1850,3615,"./automated_osu035/automated_osu035_cookbook_final_crc32_dat48_flat.v","automated_osu035","v","crc",1536000284.05966,80,32,0
"DesignName",1934,3728,"./automated_osu035/automated_osu035_cookbook_final_crc32_dat56_flat.v","automated_osu035","v","crc",1536000284.16366,88,32,0
"DesignName",3316,6957,"./automated_osu035/automated_osu035_cookbook_final_crc32_dat64_flat.v","automated_osu035","v","crc",1536000284.31966,96,32,0
"DesignName",3339,6981,"./automated_osu035/automated_osu035_cookbook_final_crc32_dat72_flat.v","automated_osu035","v","crc",1536000284.48365,104,32,0
"DesignName",3529,7297,"./automated_osu035/automated_osu035_cookbook_final_crc32_dat80_flat.v","automated_osu035","v","crc",1536000284.63965,112,32,0
"DesignName",3412,6950,"./automated_osu035/automated_osu035_cookbook_final_crc32_dat88_flat.v","automated_osu035","v","crc",1536000284.83165,120,32,0
"DesignName",3694,7515,"./automated_osu035/automated_osu035_cookbook_final_crc32_dat96_flat.v","automated_osu035","v","crc",1536000284.99965,128,32,0
"DesignName",2308,4907,"./automated_osu035/automated_osu035_cookbook_final_crc32c_dat32_flat.v","automated_osu035","v","crc",1536000281.8317,64,32,0
"DesignName",2573,5199,"./automated_osu035/automated_osu035_cookbook_final_crc32c_dat64_flat.v","automated_osu035","v","crc",1536000281.9477,96,32,0
"DesignName",2094,4369,"./automated_osu035/automated_osu035_cookbook_final_crc32c_dat64_only_flat.v","automated_osu035","v","crc",1536000282.0797,64,32,0
"DesignName",936,1985,"./automated_osu035/automated_osu035_cookbook_final_crc32c_zer64_flat.v","automated_osu035","v","crc",1536000282.1677,32,32,0
"automated_osu035_cookbook_final_dec_67_64",332,462,"./automated_osu035/automated_osu035_cookbook_final_dec_67_64.v","automated_osu035","v",,1536000285.07164,70,66,0
"automated_osu035_cookbook_final_des",23034,57536,"./automated_osu035/automated_osu035_cookbook_final_des.v","automated_osu035","v","des, crypto",1536000286.45962,142,64,0
"automated_osu035_cookbook_final_des_to_string",757,1526,"./automated_osu035/automated_osu035_cookbook_final_des_to_string.v","automated_osu035","v",,1536000285.49164,64,88,0
"automated_osu035_cookbook_final_descrambler",6831,13710,"./automated_osu035/automated_osu035_cookbook_final_descrambler.v","automated_osu035","v","ram, memory",1536000285.38364,515,512,0
"automated_osu035_cookbook_final_ecc_correction_16bit",129,260,"./automated_osu035/automated_osu035_cookbook_final_ecc_correction_16bit.v","automated_osu035","v",,1536000286.48762,6,17,0
"automated_osu035_cookbook_final_ecc_correction_32bit",266,555,"./automated_osu035/automated_osu035_cookbook_final_ecc_correction_32bit.v","automated_osu035","v",,1536000286.53162,7,33,0
"automated_osu035_cookbook_final_ecc_correction_64bit",496,1134,"./automated_osu035/automated_osu035_cookbook_final_ecc_correction_64bit.v","automated_osu035","v",,1536000286.63162,8,65,0
"automated_osu035_cookbook_final_ecc_correction_8bit",70,142,"./automated_osu035/automated_osu035_cookbook_final_ecc_correction_8bit.v","automated_osu035","v",,1536000286.76761,5,9,0
"automated_osu035_cookbook_final_ecc_decode_2bit",77,166,"./automated_osu035/automated_osu035_cookbook_final_ecc_decode_2bit.v","automated_osu035","v",,1536000286.90761,6,5,0
"automated_osu035_cookbook_final_ecc_encode_2bit",16,17,"./automated_osu035/automated_osu035_cookbook_final_ecc_encode_2bit.v","automated_osu035","v",,1536000287.02761,2,6,0
"automated_osu035_cookbook_final_ecc_raw_data_16bit",48,32,"./automated_osu035/automated_osu035_cookbook_final_ecc_raw_data_16bit.v","automated_osu035","v",,1536000287.16361,24,16,0
"automated_osu035_cookbook_final_ecc_raw_data_32bit",96,64,"./automated_osu035/automated_osu035_cookbook_final_ecc_raw_data_32bit.v","automated_osu035","v",,1536000287.3076,41,32,0
"automated_osu035_cookbook_final_ecc_raw_data_64bit",192,128,"./automated_osu035/automated_osu035_cookbook_final_ecc_raw_data_64bit.v","automated_osu035","v",,1536000287.4476,74,64,0
"automated_osu035_cookbook_final_ecc_raw_data_8bit",24,16,"./automated_osu035/automated_osu035_cookbook_final_ecc_raw_data_8bit.v","automated_osu035","v",,1536000287.5876,15,8,0
"automated_osu035_cookbook_final_eight_input_rom",2,1,"./automated_osu035/automated_osu035_cookbook_final_eight_input_rom.v","automated_osu035","v",,1536000287.72759,8,1,0
"automated_osu035_cookbook_final_eight_to_one",28,35,"./automated_osu035/automated_osu035_cookbook_final_eight_to_one.v","automated_osu035","v",,1536000287.90759,11,1,0
"automated_osu035_cookbook_final_eight_to_twenty",10600,23840,"./automated_osu035/automated_osu035_cookbook_final_eight_to_twenty.v","automated_osu035","v",,1536000288.34758,532,1322,0
"automated_osu035_cookbook_final_enc_64_67",2057,4635,"./automated_osu035/automated_osu035_cookbook_final_enc_64_67.v","automated_osu035","v",,1536000288.46758,69,67,0
"automated_osu035_cookbook_final_encoder",2284,4981,"./automated_osu035/automated_osu035_cookbook_final_encoder.v","automated_osu035","v","encoder, decoder",1536000288.61958,13,128,0
"automated_osu035_cookbook_final_equal_const",16,15,"./automated_osu035/automated_osu035_cookbook_final_equal_const.v","automated_osu035","v",,1536000288.65958,8,1,0
"automated_osu035_cookbook_final_error_loc_poly_roots",671,1191,"./automated_osu035/automated_osu035_cookbook_final_error_loc_poly_roots.v","automated_osu035","v",,1536000288.73958,72,73,0
"automated_osu035_cookbook_final_error_loc_poly_round",24116,56400,"./automated_osu035/automated_osu035_cookbook_final_error_loc_poly_round.v","automated_osu035","v",,1536000290.11155,393,260,0
"automated_osu035_cookbook_final_error_loc_poly_round_multi_step",7315,16339,"./automated_osu035/automated_osu035_cookbook_final_error_loc_poly_round_multi_step.v","automated_osu035","v","mult, arithmetic",1536000289.08757,396,261,0
"automated_osu035_cookbook_final_error_mag_poly_round",4498,10343,"./automated_osu035/automated_osu035_cookbook_final_error_mag_poly_round.v","automated_osu035","v",,1536000290.39155,144,8,0
"automated_osu035_cookbook_final_error_value_round",2035,4621,"./automated_osu035/automated_osu035_cookbook_final_error_value_round.v","automated_osu035","v","alu, arithmetic, add, sub",1536000290.52754,81,80,0
"automated_osu035_cookbook_final_expand",128,96,"./automated_osu035/automated_osu035_cookbook_final_expand.v","automated_osu035","v",,1536000290.55554,32,48,0
"automated_osu035_cookbook_final_fec_parity",1174,2411,"./automated_osu035/automated_osu035_cookbook_final_fec_parity.v","automated_osu035","v",,1536000290.63954,64,32,0
"automated_osu035_cookbook_final_fec_rot_1",104,84,"./automated_osu035/automated_osu035_cookbook_final_fec_rot_1.v","automated_osu035","v",,1536000291.12753,32,32,0
"automated_osu035_cookbook_final_fec_rot_10",170,239,"./automated_osu035/automated_osu035_cookbook_final_fec_rot_10.v","automated_osu035","v",,1536000290.67954,32,32,0
"automated_osu035_cookbook_final_fec_rot_11",196,304,"./automated_osu035/automated_osu035_cookbook_final_fec_rot_11.v","automated_osu035","v",,1536000290.71154,32,32,0
"automated_osu035_cookbook_final_fec_rot_12",141,197,"./automated_osu035/automated_osu035_cookbook_final_fec_rot_12.v","automated_osu035","v",,1536000290.76354,32,32,0
"automated_osu035_cookbook_final_fec_rot_13",162,247,"./automated_osu035/automated_osu035_cookbook_final_fec_rot_13.v","automated_osu035","v",,1536000290.77954,32,32,0
"automated_osu035_cookbook_final_fec_rot_14",181,281,"./automated_osu035/automated_osu035_cookbook_final_fec_rot_14.v","automated_osu035","v",,1536000290.82754,32,32,0
"automated_osu035_cookbook_final_fec_rot_15",200,321,"./automated_osu035/automated_osu035_cookbook_final_fec_rot_15.v","automated_osu035","v",,1536000290.84354,32,32,0
"automated_osu035_cookbook_final_fec_rot_16",225,375,"./automated_osu035/automated_osu035_cookbook_final_fec_rot_16.v","automated_osu035","v",,1536000290.87154,32,32,0
"automated_osu035_cookbook_final_fec_rot_17",241,409,"./automated_osu035/automated_osu035_cookbook_final_fec_rot_17.v","automated_osu035","v",,1536000290.93154,32,32,0
"automated_osu035_cookbook_final_fec_rot_18",266,460,"./automated_osu035/automated_osu035_cookbook_final_fec_rot_18.v","automated_osu035","v",,1536000290.99954,32,32,0
"automated_osu035_cookbook_final_fec_rot_19",306,554,"./automated_osu035/automated_osu035_cookbook_final_fec_rot_19.v","automated_osu035","v",,1536000291.04753,32,32,0
"automated_osu035_cookbook_final_fec_rot_2",112,104,"./automated_osu035/automated_osu035_cookbook_final_fec_rot_2.v","automated_osu035","v",,1536000291.81952,32,32,0
"automated_osu035_cookbook_final_fec_rot_20",336,613,"./automated_osu035/automated_osu035_cookbook_final_fec_rot_20.v","automated_osu035","v",,1536000291.18353,32,32,0
"automated_osu035_cookbook_final_fec_rot_21",178,259,"./automated_osu035/automated_osu035_cookbook_final_fec_rot_21.v","automated_osu035","v",,1536000291.24753,32,32,0
"automated_osu035_cookbook_final_fec_rot_22",355,658,"./automated_osu035/automated_osu035_cookbook_final_fec_rot_22.v","automated_osu035","v",,1536000291.31953,32,32,0
"automated_osu035_cookbook_final_fec_rot_23",241,401,"./automated_osu035/automated_osu035_cookbook_final_fec_rot_23.v","automated_osu035","v",,1536000291.37553,32,32,0
"automated_osu035_cookbook_final_fec_rot_24",275,476,"./automated_osu035/automated_osu035_cookbook_final_fec_rot_24.v","automated_osu035","v",,1536000291.44353,32,32,0
"automated_osu035_cookbook_final_fec_rot_25",295,529,"./automated_osu035/automated_osu035_cookbook_final_fec_rot_25.v","automated_osu035","v",,1536000291.51553,32,32,0
"automated_osu035_cookbook_final_fec_rot_26",324,588,"./automated_osu035/automated_osu035_cookbook_final_fec_rot_26.v","automated_osu035","v",,1536000291.57952,32,32,0
"automated_osu035_cookbook_final_fec_rot_27",365,676,"./automated_osu035/automated_osu035_cookbook_final_fec_rot_27.v","automated_osu035","v",,1536000291.64352,32,32,0
"automated_osu035_cookbook_final_fec_rot_28",446,862,"./automated_osu035/automated_osu035_cookbook_final_fec_rot_28.v","automated_osu035","v",,1536000291.72352,32,32,0
"automated_osu035_cookbook_final_fec_rot_29",488,967,"./automated_osu035/automated_osu035_cookbook_final_fec_rot_29.v","automated_osu035","v",,1536000291.77952,32,32,0
"automated_osu035_cookbook_final_fec_rot_3",103,90,"./automated_osu035/automated_osu035_cookbook_final_fec_rot_3.v","automated_osu035","v",,1536000292.04352,32,32,0
"automated_osu035_cookbook_final_fec_rot_30",445,840,"./automated_osu035/automated_osu035_cookbook_final_fec_rot_30.v","automated_osu035","v",,1536000291.87952,32,32,0
"automated_osu035_cookbook_final_fec_rot_31",389,710,"./automated_osu035/automated_osu035_cookbook_final_fec_rot_31.v","automated_osu035","v",,1536000291.93552,32,32,0
"automated_osu035_cookbook_final_fec_rot_32",448,830,"./automated_osu035/automated_osu035_cookbook_final_fec_rot_32.v","automated_osu035","v",,1536000291.99152,32,32,0
"automated_osu035_cookbook_final_fec_rot_4",110,108,"./automated_osu035/automated_osu035_cookbook_final_fec_rot_4.v","automated_osu035","v",,1536000292.09152,32,32,0
"automated_osu035_cookbook_final_fec_rot_5",117,126,"./automated_osu035/automated_osu035_cookbook_final_fec_rot_5.v","automated_osu035","v",,1536000292.13951,32,32,0
"automated_osu035_cookbook_final_fec_rot_6",124,144,"./automated_osu035/automated_osu035_cookbook_final_fec_rot_6.v","automated_osu035","v",,1536000292.18351,32,32,0
"automated_osu035_cookbook_final_fec_rot_7",131,162,"./automated_osu035/automated_osu035_cookbook_final_fec_rot_7.v","automated_osu035","v",,1536000292.24751,32,32,0
"automated_osu035_cookbook_final_fec_rot_8",138,180,"./automated_osu035/automated_osu035_cookbook_final_fec_rot_8.v","automated_osu035","v",,1536000292.29551,32,32,0
"automated_osu035_cookbook_final_fec_rot_9",145,198,"./automated_osu035/automated_osu035_cookbook_final_fec_rot_9.v","automated_osu035","v",,1536000292.32751,32,32,0
"automated_osu035_cookbook_final_fec_rot_n2112",472,888,"./automated_osu035/automated_osu035_cookbook_final_fec_rot_n2112.v","automated_osu035","v",,1536000292.38751,32,32,0
"automated_osu035_cookbook_final_final_permute",192,128,"./automated_osu035/automated_osu035_cookbook_final_final_permute.v","automated_osu035","v",,1536000292.42751,64,64,0
"automated_osu035_cookbook_final_five_to_twenty",6554,12849,"./automated_osu035/automated_osu035_cookbook_final_five_to_twenty.v","automated_osu035","v",,1536000292.6955,334,1322,0
"automated_osu035_cookbook_final_fixed_to_float",462,1024,"./automated_osu035/automated_osu035_cookbook_final_fixed_to_float.v","automated_osu035","v",,1536000292.7515,9,32,0
"automated_osu035_cookbook_final_flag_array",170,370,"./automated_osu035/automated_osu035_cookbook_final_flag_array.v","automated_osu035","v",,1536000292.8195,19,2,0
"automated_osu035_cookbook_final_float_to_fixed",111,213,"./automated_osu035/automated_osu035_cookbook_final_float_to_fixed.v","automated_osu035","v",,1536000292.8715,32,9,0
"automated_osu035_cookbook_final_fn_ch",448,448,"./automated_osu035/automated_osu035_cookbook_final_fn_ch.v","automated_osu035","v",,1536000292.9035,192,64,0
"automated_osu035_cookbook_final_fn_maj",448,512,"./automated_osu035/automated_osu035_cookbook_final_fn_maj.v","automated_osu035","v",,1536000292.9435,192,64,0
"automated_osu035_cookbook_final_font_rom",3008,7524,"./automated_osu035/automated_osu035_cookbook_final_font_rom.v","automated_osu035","v","rom, rom, memory",1536000293.1395,12,24,0
"automated_osu035_cookbook_final_frequency_monitor",1399,2861,"./automated_osu035/automated_osu035_cookbook_final_frequency_monitor.v","automated_osu035","v",,1536000293.27549,5,80,0
"automated_osu035_cookbook_final_gearbox_20_22",536,1279,"./automated_osu035/automated_osu035_cookbook_final_gearbox_20_22.v","automated_osu035","v",,1536000293.43149,23,23,0
"automated_osu035_cookbook_final_gearbox_20_66",899,2054,"./automated_osu035/automated_osu035_cookbook_final_gearbox_20_66.v","automated_osu035","v",,1536000293.61549,22,67,0
"automated_osu035_cookbook_final_gearbox_20_67",1007,2423,"./automated_osu035/automated_osu035_cookbook_final_gearbox_20_67.v","automated_osu035","v",,1536000293.79548,23,68,0
"automated_osu035_cookbook_final_gearbox_32_33",1001,2542,"./automated_osu035/automated_osu035_cookbook_final_gearbox_32_33.v","automated_osu035","v",,1536000293.93148,36,34,0
"automated_osu035_cookbook_final_gearbox_32_66",1232,3011,"./automated_osu035/automated_osu035_cookbook_final_gearbox_32_66.v","automated_osu035","v",,1536000294.02748,36,74,0
"automated_osu035_cookbook_final_gearbox_33_32",811,1971,"./automated_osu035/automated_osu035_cookbook_final_gearbox_33_32.v","automated_osu035","v",,1536000294.14748,37,34,0
"automated_osu035_cookbook_final_gearbox_40_66",2212,5947,"./automated_osu035/automated_osu035_cookbook_final_gearbox_40_66.v","automated_osu035","v",,1536000294.43947,42,69,0
"automated_osu035_cookbook_final_gearbox_40_67",1438,3589,"./automated_osu035/automated_osu035_cookbook_final_gearbox_40_67.v","automated_osu035","v",,1536000294.57547,43,68,0
"automated_osu035_cookbook_final_gearbox_66_20",1274,3249,"./automated_osu035/automated_osu035_cookbook_final_gearbox_66_20.v","automated_osu035","v",,1536000294.83546,68,21,0
"automated_osu035_cookbook_final_gearbox_66_32",1203,2877,"./automated_osu035/automated_osu035_cookbook_final_gearbox_66_32.v","automated_osu035","v",,1536000295.16346,70,34,0
"automated_osu035_cookbook_final_gearbox_66_40",2002,5273,"./automated_osu035/automated_osu035_cookbook_final_gearbox_66_40.v","automated_osu035","v",,1536000295.48745,68,43,0
"automated_osu035_cookbook_final_gearbox_67_20",1600,4565,"./automated_osu035/automated_osu035_cookbook_final_gearbox_67_20.v","automated_osu035","v",,1536000295.65945,70,20,0
"automated_osu035_cookbook_final_gearbox_67_40",2067,5612,"./automated_osu035/automated_osu035_cookbook_final_gearbox_67_40.v","automated_osu035","v",,1536000295.81545,69,41,0
"automated_osu035_cookbook_final_gf_divide",1343,3385,"./automated_osu035/automated_osu035_cookbook_final_gf_divide.v","automated_osu035","v","div, arithmetic,",1536000295.90345,16,8,0
"automated_osu035_cookbook_final_gf_inverse",877,2290,"./automated_osu035/automated_osu035_cookbook_final_gf_inverse.v","automated_osu035","v","inv, arithmetic",1536000295.97544,8,8,0
"automated_osu035_cookbook_final_gf_mult",482,1103,"./automated_osu035/automated_osu035_cookbook_final_gf_mult.v","automated_osu035","v","mult, arithmetic",1536000319.991,16,8,0
"automated_osu035_cookbook_final_gf_mult_by_01",24,16,"./automated_osu035/automated_osu035_cookbook_final_gf_mult_by_01.v","automated_osu035","v","mult, arithmetic",1536000296.01944,8,8,0
"automated_osu035_cookbook_final_gf_mult_by_02",30,31,"./automated_osu035/automated_osu035_cookbook_final_gf_mult_by_02.v","automated_osu035","v","mult, arithmetic",1536000296.03944,8,8,0
"automated_osu035_cookbook_final_gf_mult_by_03",41,61,"./automated_osu035/automated_osu035_cookbook_final_gf_mult_by_03.v","automated_osu035","v","mult, arithmetic",1536000296.06744,8,8,0
"automated_osu035_cookbook_final_gf_mult_by_04",37,49,"./automated_osu035/automated_osu035_cookbook_final_gf_mult_by_04.v","automated_osu035","v","mult, arithmetic",1536000296.08344,8,8,0
"automated_osu035_cookbook_final_gf_mult_by_05",58,94,"./automated_osu035/automated_osu035_cookbook_final_gf_mult_by_05.v","automated_osu035","v","mult, arithmetic",1536000296.11944,8,8,0
"automated_osu035_cookbook_final_gf_mult_by_06",54,86,"./automated_osu035/automated_osu035_cookbook_final_gf_mult_by_06.v","automated_osu035","v","mult, arithmetic",1536000296.16744,8,8,0
"automated_osu035_cookbook_final_gf_mult_by_07",48,76,"./automated_osu035/automated_osu035_cookbook_final_gf_mult_by_07.v","automated_osu035","v","mult, arithmetic",1536000296.22344,8,8,0
"automated_osu035_cookbook_final_gf_mult_by_08",52,79,"./automated_osu035/automated_osu035_cookbook_final_gf_mult_by_08.v","automated_osu035","v","mult, arithmetic",1536000296.31944,8,8,0
"automated_osu035_cookbook_final_gf_mult_by_09",39,59,"./automated_osu035/automated_osu035_cookbook_final_gf_mult_by_09.v","automated_osu035","v","mult, arithmetic",1536000296.50743,8,8,0
"automated_osu035_cookbook_final_gf_mult_by_0a",39,59,"./automated_osu035/automated_osu035_cookbook_final_gf_mult_by_0a.v","automated_osu035","v","mult, arithmetic",1536000296.64743,8,8,0
"automated_osu035_cookbook_final_gf_mult_by_0b",83,157,"./automated_osu035/automated_osu035_cookbook_final_gf_mult_by_0b.v","automated_osu035","v","mult, arithmetic",1536000296.80743,8,8,0
"automated_osu035_cookbook_final_gf_mult_by_0c",70,122,"./automated_osu035/automated_osu035_cookbook_final_gf_mult_by_0c.v","automated_osu035","v","mult, arithmetic",1536000296.96743,8,8,0
"automated_osu035_cookbook_final_gf_mult_by_0d",56,99,"./automated_osu035/automated_osu035_cookbook_final_gf_mult_by_0d.v","automated_osu035","v","mult, arithmetic",1536000297.14742,8,8,0
"automated_osu035_cookbook_final_gf_mult_by_0e",45,71,"./automated_osu035/automated_osu035_cookbook_final_gf_mult_by_0e.v","automated_osu035","v","mult, arithmetic",1536000297.30342,8,8,0
"automated_osu035_cookbook_final_gf_mult_by_0f",72,130,"./automated_osu035/automated_osu035_cookbook_final_gf_mult_by_0f.v","automated_osu035","v","mult, arithmetic",1536000297.46742,8,8,0
"automated_osu035_cookbook_final_gf_mult_by_10",62,100,"./automated_osu035/automated_osu035_cookbook_final_gf_mult_by_10.v","automated_osu035","v","mult, arithmetic",1536000297.62741,8,8,0
"automated_osu035_cookbook_final_gf_mult_by_11",57,88,"./automated_osu035/automated_osu035_cookbook_final_gf_mult_by_11.v","automated_osu035","v","mult, arithmetic",1536000297.78741,8,8,0
"automated_osu035_cookbook_final_gf_mult_by_12",70,125,"./automated_osu035/automated_osu035_cookbook_final_gf_mult_by_12.v","automated_osu035","v","mult, arithmetic",1536000297.92341,8,8,0
"automated_osu035_cookbook_final_gf_mult_by_13",53,92,"./automated_osu035/automated_osu035_cookbook_final_gf_mult_by_13.v","automated_osu035","v","mult, arithmetic",1536000298.06741,8,8,0
"automated_osu035_cookbook_final_gf_mult_by_14",46,72,"./automated_osu035/automated_osu035_cookbook_final_gf_mult_by_14.v","automated_osu035","v","mult, arithmetic",1536000298.2274,8,8,0
"automated_osu035_cookbook_final_gf_mult_by_15",48,79,"./automated_osu035/automated_osu035_cookbook_final_gf_mult_by_15.v","automated_osu035","v","mult, arithmetic",1536000298.3874,8,8,0
"automated_osu035_cookbook_final_gf_mult_by_16",72,132,"./automated_osu035/automated_osu035_cookbook_final_gf_mult_by_16.v","automated_osu035","v","mult, arithmetic",1536000298.5274,8,8,0
"automated_osu035_cookbook_final_gf_mult_by_17",71,135,"./automated_osu035/automated_osu035_cookbook_final_gf_mult_by_17.v","automated_osu035","v","mult, arithmetic",1536000298.69539,8,8,0
"automated_osu035_cookbook_final_gf_mult_by_18",72,129,"./automated_osu035/automated_osu035_cookbook_final_gf_mult_by_18.v","automated_osu035","v","mult, arithmetic",1536000298.84739,8,8,0
"automated_osu035_cookbook_final_gf_mult_by_19",52,87,"./automated_osu035/automated_osu035_cookbook_final_gf_mult_by_19.v","automated_osu035","v","mult, arithmetic",1536000298.98339,8,8,0
"automated_osu035_cookbook_final_gf_mult_by_1a",88,169,"./automated_osu035/automated_osu035_cookbook_final_gf_mult_by_1a.v","automated_osu035","v","mult, arithmetic",1536000299.14739,8,8,0
"automated_osu035_cookbook_final_gf_mult_by_1b",59,101,"./automated_osu035/automated_osu035_cookbook_final_gf_mult_by_1b.v","automated_osu035","v","mult, arithmetic",1536000299.28738,8,8,0
"automated_osu035_cookbook_final_gf_mult_by_1c",54,93,"./automated_osu035/automated_osu035_cookbook_final_gf_mult_by_1c.v","automated_osu035","v","mult, arithmetic",1536000299.35538,8,8,0
"automated_osu035_cookbook_final_gf_mult_by_1d",69,123,"./automated_osu035/automated_osu035_cookbook_final_gf_mult_by_1d.v","automated_osu035","v","mult, arithmetic",1536000299.42338,8,8,0
"automated_osu035_cookbook_final_gf_mult_by_1e",112,232,"./automated_osu035/automated_osu035_cookbook_final_gf_mult_by_1e.v","automated_osu035","v","mult, arithmetic",1536000299.58738,8,8,0
"automated_osu035_cookbook_final_gf_mult_by_1f",93,190,"./automated_osu035/automated_osu035_cookbook_final_gf_mult_by_1f.v","automated_osu035","v","mult, arithmetic",1536000299.72738,8,8,0
"automated_osu035_cookbook_final_gf_mult_by_20",72,127,"./automated_osu035/automated_osu035_cookbook_final_gf_mult_by_20.v","automated_osu035","v","mult, arithmetic",1536000299.90737,8,8,0
"automated_osu035_cookbook_final_gf_mult_by_21",60,102,"./automated_osu035/automated_osu035_cookbook_final_gf_mult_by_21.v","automated_osu035","v","mult, arithmetic",1536000300.04737,8,8,0
"automated_osu035_cookbook_final_gf_mult_by_22",65,104,"./automated_osu035/automated_osu035_cookbook_final_gf_mult_by_22.v","automated_osu035","v","mult, arithmetic",1536000300.18737,8,8,0
"automated_osu035_cookbook_final_gf_mult_by_23",50,79,"./automated_osu035/automated_osu035_cookbook_final_gf_mult_by_23.v","automated_osu035","v","mult, arithmetic",1536000300.32336,8,8,0
"automated_osu035_cookbook_final_gf_mult_by_24",92,175,"./automated_osu035/automated_osu035_cookbook_final_gf_mult_by_24.v","automated_osu035","v","mult, arithmetic",1536000300.45136,8,8,0
"automated_osu035_cookbook_final_gf_mult_by_25",66,118,"./automated_osu035/automated_osu035_cookbook_final_gf_mult_by_25.v","automated_osu035","v","mult, arithmetic",1536000300.60336,8,8,0
"automated_osu035_cookbook_final_gf_mult_by_26",68,126,"./automated_osu035/automated_osu035_cookbook_final_gf_mult_by_26.v","automated_osu035","v","mult, arithmetic",1536000300.76736,8,8,0
"automated_osu035_cookbook_final_gf_mult_by_27",65,117,"./automated_osu035/automated_osu035_cookbook_final_gf_mult_by_27.v","automated_osu035","v","mult, arithmetic",1536000300.92335,8,8,0
"automated_osu035_cookbook_final_gf_mult_by_28",59,108,"./automated_osu035/automated_osu035_cookbook_final_gf_mult_by_28.v","automated_osu035","v","mult, arithmetic",1536000301.12335,8,8,0
"automated_osu035_cookbook_final_gf_mult_by_29",86,157,"./automated_osu035/automated_osu035_cookbook_final_gf_mult_by_29.v","automated_osu035","v","mult, arithmetic",1536000301.28735,8,8,0
"automated_osu035_cookbook_final_gf_mult_by_2a",42,65,"./automated_osu035/automated_osu035_cookbook_final_gf_mult_by_2a.v","automated_osu035","v","mult, arithmetic",1536000301.42734,8,8,0
"automated_osu035_cookbook_final_gf_mult_by_2b",70,124,"./automated_osu035/automated_osu035_cookbook_final_gf_mult_by_2b.v","automated_osu035","v","mult, arithmetic",1536000301.58734,8,8,0
"automated_osu035_cookbook_final_gf_mult_by_2c",60,104,"./automated_osu035/automated_osu035_cookbook_final_gf_mult_by_2c.v","automated_osu035","v","mult, arithmetic",1536000301.75934,8,8,0
"automated_osu035_cookbook_final_gf_mult_by_2d",56,96,"./automated_osu035/automated_osu035_cookbook_final_gf_mult_by_2d.v","automated_osu035","v","mult, arithmetic",1536000301.77534,8,8,0
"automated_osu035_cookbook_final_gf_mult_by_2e",73,137,"./automated_osu035/automated_osu035_cookbook_final_gf_mult_by_2e.v","automated_osu035","v","mult, arithmetic",1536000301.80734,8,8,0
"automated_osu035_cookbook_final_gf_mult_by_2f",93,177,"./automated_osu035/automated_osu035_cookbook_final_gf_mult_by_2f.v","automated_osu035","v","mult, arithmetic",1536000301.82734,8,8,0
"automated_osu035_cookbook_final_gf_mult_by_30",48,79,"./automated_osu035/automated_osu035_cookbook_final_gf_mult_by_30.v","automated_osu035","v","mult, arithmetic",1536000301.87134,8,8,0
"automated_osu035_cookbook_final_gf_mult_by_31",65,109,"./automated_osu035/automated_osu035_cookbook_final_gf_mult_by_31.v","automated_osu035","v","mult, arithmetic",1536000301.89134,8,8,0
"automated_osu035_cookbook_final_gf_mult_by_32",51,88,"./automated_osu035/automated_osu035_cookbook_final_gf_mult_by_32.v","automated_osu035","v","mult, arithmetic",1536000302.00733,8,8,0
"automated_osu035_cookbook_final_gf_mult_by_33",52,90,"./automated_osu035/automated_osu035_cookbook_final_gf_mult_by_33.v","automated_osu035","v","mult, arithmetic",1536000302.16733,8,8,0
"automated_osu035_cookbook_final_gf_mult_by_34",50,80,"./automated_osu035/automated_osu035_cookbook_final_gf_mult_by_34.v","automated_osu035","v","mult, arithmetic",1536000302.30733,8,8,0
"automated_osu035_cookbook_final_gf_mult_by_35",50,78,"./automated_osu035/automated_osu035_cookbook_final_gf_mult_by_35.v","automated_osu035","v","mult, arithmetic",1536000302.44333,8,8,0
"automated_osu035_cookbook_final_gf_mult_by_36",52,88,"./automated_osu035/automated_osu035_cookbook_final_gf_mult_by_36.v","automated_osu035","v","mult, arithmetic",1536000302.60332,8,8,0
"automated_osu035_cookbook_final_gf_mult_by_37",51,83,"./automated_osu035/automated_osu035_cookbook_final_gf_mult_by_37.v","automated_osu035","v","mult, arithmetic",1536000302.62332,8,8,0
"automated_osu035_cookbook_final_gf_mult_by_38",74,136,"./automated_osu035/automated_osu035_cookbook_final_gf_mult_by_38.v","automated_osu035","v","mult, arithmetic",1536000302.66332,8,8,0
"automated_osu035_cookbook_final_gf_mult_by_39",103,195,"./automated_osu035/automated_osu035_cookbook_final_gf_mult_by_39.v","automated_osu035","v","mult, arithmetic",1536000302.68732,8,8,0
"automated_osu035_cookbook_final_gf_mult_by_3a",44,69,"./automated_osu035/automated_osu035_cookbook_final_gf_mult_by_3a.v","automated_osu035","v","mult, arithmetic",1536000302.71132,8,8,0
"automated_osu035_cookbook_final_gf_mult_by_3b",71,121,"./automated_osu035/automated_osu035_cookbook_final_gf_mult_by_3b.v","automated_osu035","v","mult, arithmetic",1536000302.73532,8,8,0
"automated_osu035_cookbook_final_gf_mult_by_3c",121,254,"./automated_osu035/automated_osu035_cookbook_final_gf_mult_by_3c.v","automated_osu035","v","mult, arithmetic",1536000302.77532,8,8,0
"automated_osu035_cookbook_final_gf_mult_by_3d",75,139,"./automated_osu035/automated_osu035_cookbook_final_gf_mult_by_3d.v","automated_osu035","v","mult, arithmetic",1536000302.82732,8,8,0
"automated_osu035_cookbook_final_gf_mult_by_3e",91,175,"./automated_osu035/automated_osu035_cookbook_final_gf_mult_by_3e.v","automated_osu035","v","mult, arithmetic",1536000302.85532,8,8,0
"automated_osu035_cookbook_final_gf_mult_by_3f",112,231,"./automated_osu035/automated_osu035_cookbook_final_gf_mult_by_3f.v","automated_osu035","v","mult, arithmetic",1536000302.87932,8,8,0
"automated_osu035_cookbook_final_gf_mult_by_40",73,130,"./automated_osu035/automated_osu035_cookbook_final_gf_mult_by_40.v","automated_osu035","v","mult, arithmetic",1536000302.91532,8,8,0
"automated_osu035_cookbook_final_gf_mult_by_41",68,118,"./automated_osu035/automated_osu035_cookbook_final_gf_mult_by_41.v","automated_osu035","v","mult, arithmetic",1536000302.94732,8,8,0
"automated_osu035_cookbook_final_gf_mult_by_42",72,128,"./automated_osu035/automated_osu035_cookbook_final_gf_mult_by_42.v","automated_osu035","v","mult, arithmetic",1536000303.01531,8,8,0
"automated_osu035_cookbook_final_gf_mult_by_43",59,94,"./automated_osu035/automated_osu035_cookbook_final_gf_mult_by_43.v","automated_osu035","v","mult, arithmetic",1536000303.03531,8,8,0
"automated_osu035_cookbook_final_gf_mult_by_44",43,66,"./automated_osu035/automated_osu035_cookbook_final_gf_mult_by_44.v","automated_osu035","v","mult, arithmetic",1536000303.06731,8,8,0
"automated_osu035_cookbook_final_gf_mult_by_45",53,83,"./automated_osu035/automated_osu035_cookbook_final_gf_mult_by_45.v","automated_osu035","v","mult, arithmetic",1536000303.09131,8,8,0
"automated_osu035_cookbook_final_gf_mult_by_46",44,65,"./automated_osu035/automated_osu035_cookbook_final_gf_mult_by_46.v","automated_osu035","v","mult, arithmetic",1536000303.11931,8,8,0
"automated_osu035_cookbook_final_gf_mult_by_47",34,42,"./automated_osu035/automated_osu035_cookbook_final_gf_mult_by_47.v","automated_osu035","v","mult, arithmetic",1536000303.16731,8,8,0
"automated_osu035_cookbook_final_gf_mult_by_48",78,142,"./automated_osu035/automated_osu035_cookbook_final_gf_mult_by_48.v","automated_osu035","v","mult, arithmetic",1536000303.21531,8,8,0
"automated_osu035_cookbook_final_gf_mult_by_49",83,150,"./automated_osu035/automated_osu035_cookbook_final_gf_mult_by_49.v","automated_osu035","v","mult, arithmetic",1536000303.23531,8,8,0
"automated_osu035_cookbook_final_gf_mult_by_4a",73,132,"./automated_osu035/automated_osu035_cookbook_final_gf_mult_by_4a.v","automated_osu035","v","mult, arithmetic",1536000303.26731,8,8,0
"automated_osu035_cookbook_final_gf_mult_by_4b",68,122,"./automated_osu035/automated_osu035_cookbook_final_gf_mult_by_4b.v","automated_osu035","v","mult, arithmetic",1536000303.28331,8,8,0
"automated_osu035_cookbook_final_gf_mult_by_4c",84,158,"./automated_osu035/automated_osu035_cookbook_final_gf_mult_by_4c.v","automated_osu035","v","mult, arithmetic",1536000303.34331,8,8,0
"automated_osu035_cookbook_final_gf_mult_by_4d",49,82,"./automated_osu035/automated_osu035_cookbook_final_gf_mult_by_4d.v","automated_osu035","v","mult, arithmetic",1536000303.37931,8,8,0
"automated_osu035_cookbook_final_gf_mult_by_4e",61,111,"./automated_osu035/automated_osu035_cookbook_final_gf_mult_by_4e.v","automated_osu035","v","mult, arithmetic",1536000303.39931,8,8,0
"automated_osu035_cookbook_final_gf_mult_by_4f",62,109,"./automated_osu035/automated_osu035_cookbook_final_gf_mult_by_4f.v","automated_osu035","v","mult, arithmetic",1536000303.44331,8,8,0
"automated_osu035_cookbook_final_gf_mult_by_50",80,149,"./automated_osu035/automated_osu035_cookbook_final_gf_mult_by_50.v","automated_osu035","v","mult, arithmetic",1536000303.46731,8,8,0
"automated_osu035_cookbook_final_gf_mult_by_51",79,150,"./automated_osu035/automated_osu035_cookbook_final_gf_mult_by_51.v","automated_osu035","v","mult, arithmetic",1536000303.50731,8,8,0
"automated_osu035_cookbook_final_gf_mult_by_52",44,69,"./automated_osu035/automated_osu035_cookbook_final_gf_mult_by_52.v","automated_osu035","v","mult, arithmetic",1536000303.5473,8,8,0
"automated_osu035_cookbook_final_gf_mult_by_53",66,122,"./automated_osu035/automated_osu035_cookbook_final_gf_mult_by_53.v","automated_osu035","v","mult, arithmetic",1536000303.5753,8,8,0
"automated_osu035_cookbook_final_gf_mult_by_54",78,144,"./automated_osu035/automated_osu035_cookbook_final_gf_mult_by_54.v","automated_osu035","v","mult, arithmetic",1536000303.6233,8,8,0
"automated_osu035_cookbook_final_gf_mult_by_55",55,97,"./automated_osu035/automated_osu035_cookbook_final_gf_mult_by_55.v","automated_osu035","v","mult, arithmetic",1536000303.6633,8,8,0
"automated_osu035_cookbook_final_gf_mult_by_56",60,100,"./automated_osu035/automated_osu035_cookbook_final_gf_mult_by_56.v","automated_osu035","v","mult, arithmetic",1536000303.6873,8,8,0
"automated_osu035_cookbook_final_gf_mult_by_57",76,136,"./automated_osu035/automated_osu035_cookbook_final_gf_mult_by_57.v","automated_osu035","v","mult, arithmetic",1536000303.7873,8,8,0
"automated_osu035_cookbook_final_gf_mult_by_58",84,157,"./automated_osu035/automated_osu035_cookbook_final_gf_mult_by_58.v","automated_osu035","v","mult, arithmetic",1536000303.9273,8,8,0
"automated_osu035_cookbook_final_gf_mult_by_59",100,195,"./automated_osu035/automated_osu035_cookbook_final_gf_mult_by_59.v","automated_osu035","v","mult, arithmetic",1536000304.08729,8,8,0
"automated_osu035_cookbook_final_gf_mult_by_5a",44,69,"./automated_osu035/automated_osu035_cookbook_final_gf_mult_by_5a.v","automated_osu035","v","mult, arithmetic",1536000304.22729,8,8,0
"automated_osu035_cookbook_final_gf_mult_by_5b",82,155,"./automated_osu035/automated_osu035_cookbook_final_gf_mult_by_5b.v","automated_osu035","v","mult, arithmetic",1536000304.40329,8,8,0
"automated_osu035_cookbook_final_gf_mult_by_5c",65,125,"./automated_osu035/automated_osu035_cookbook_final_gf_mult_by_5c.v","automated_osu035","v","mult, arithmetic",1536000304.54729,8,8,0
"automated_osu035_cookbook_final_gf_mult_by_5d",100,205,"./automated_osu035/automated_osu035_cookbook_final_gf_mult_by_5d.v","automated_osu035","v","mult, arithmetic",1536000304.70728,8,8,0
"automated_osu035_cookbook_final_gf_mult_by_5e",81,151,"./automated_osu035/automated_osu035_cookbook_final_gf_mult_by_5e.v","automated_osu035","v","mult, arithmetic",1536000304.84728,8,8,0
"automated_osu035_cookbook_final_gf_mult_by_5f",69,122,"./automated_osu035/automated_osu035_cookbook_final_gf_mult_by_5f.v","automated_osu035","v","mult, arithmetic",1536000304.86328,8,8,0
"automated_osu035_cookbook_final_gf_mult_by_60",41,63,"./automated_osu035/automated_osu035_cookbook_final_gf_mult_by_60.v","automated_osu035","v","mult, arithmetic",1536000304.98728,8,8,0
"automated_osu035_cookbook_final_gf_mult_by_61",55,95,"./automated_osu035/automated_osu035_cookbook_final_gf_mult_by_61.v","automated_osu035","v","mult, arithmetic",1536000305.12728,8,8,0
"automated_osu035_cookbook_final_gf_mult_by_62",68,123,"./automated_osu035/automated_osu035_cookbook_final_gf_mult_by_62.v","automated_osu035","v","mult, arithmetic",1536000305.18727,8,8,0
"automated_osu035_cookbook_final_gf_mult_by_63",96,188,"./automated_osu035/automated_osu035_cookbook_final_gf_mult_by_63.v","automated_osu035","v","mult, arithmetic",1536000305.22327,8,8,0
"automated_osu035_cookbook_final_gf_mult_by_64",51,87,"./automated_osu035/automated_osu035_cookbook_final_gf_mult_by_64.v","automated_osu035","v","mult, arithmetic",1536000305.24727,8,8,0
"automated_osu035_cookbook_final_gf_mult_by_65",52,90,"./automated_osu035/automated_osu035_cookbook_final_gf_mult_by_65.v","automated_osu035","v","mult, arithmetic",1536000305.28727,8,8,0
"automated_osu035_cookbook_final_gf_mult_by_66",80,148,"./automated_osu035/automated_osu035_cookbook_final_gf_mult_by_66.v","automated_osu035","v","mult, arithmetic",1536000305.31927,8,8,0
"automated_osu035_cookbook_final_gf_mult_by_67",82,147,"./automated_osu035/automated_osu035_cookbook_final_gf_mult_by_67.v","automated_osu035","v","mult, arithmetic",1536000305.33927,8,8,0
"automated_osu035_cookbook_final_gf_mult_by_68",56,99,"./automated_osu035/automated_osu035_cookbook_final_gf_mult_by_68.v","automated_osu035","v","mult, arithmetic",1536000305.36727,8,8,0
"automated_osu035_cookbook_final_gf_mult_by_69",99,199,"./automated_osu035/automated_osu035_cookbook_final_gf_mult_by_69.v","automated_osu035","v","mult, arithmetic",1536000305.41127,8,8,0
"automated_osu035_cookbook_final_gf_mult_by_6a",95,189,"./automated_osu035/automated_osu035_cookbook_final_gf_mult_by_6a.v","automated_osu035","v","mult, arithmetic",1536000305.43127,8,8,0
"automated_osu035_cookbook_final_gf_mult_by_6b",92,181,"./automated_osu035/automated_osu035_cookbook_final_gf_mult_by_6b.v","automated_osu035","v","mult, arithmetic",1536000305.46727,8,8,0
"automated_osu035_cookbook_final_gf_mult_by_6c",55,89,"./automated_osu035/automated_osu035_cookbook_final_gf_mult_by_6c.v","automated_osu035","v","mult, arithmetic",1536000305.52327,8,8,0
"automated_osu035_cookbook_final_gf_mult_by_6d",42,65,"./automated_osu035/automated_osu035_cookbook_final_gf_mult_by_6d.v","automated_osu035","v","mult, arithmetic",1536000305.57927,8,8,0
"automated_osu035_cookbook_final_gf_mult_by_6e",71,130,"./automated_osu035/automated_osu035_cookbook_final_gf_mult_by_6e.v","automated_osu035","v","mult, arithmetic",1536000305.59927,8,8,0
"automated_osu035_cookbook_final_gf_mult_by_6f",72,127,"./automated_osu035/automated_osu035_cookbook_final_gf_mult_by_6f.v","automated_osu035","v","mult, arithmetic",1536000305.63927,8,8,0
"automated_osu035_cookbook_final_gf_mult_by_70",57,100,"./automated_osu035/automated_osu035_cookbook_final_gf_mult_by_70.v","automated_osu035","v","mult, arithmetic",1536000305.65927,8,8,0
"automated_osu035_cookbook_final_gf_mult_by_71",54,94,"./automated_osu035/automated_osu035_cookbook_final_gf_mult_by_71.v","automated_osu035","v","mult, arithmetic",1536000305.68727,8,8,0
"automated_osu035_cookbook_final_gf_mult_by_72",101,201,"./automated_osu035/automated_osu035_cookbook_final_gf_mult_by_72.v","automated_osu035","v","mult, arithmetic",1536000305.72327,8,8,0
"automated_osu035_cookbook_final_gf_mult_by_73",73,135,"./automated_osu035/automated_osu035_cookbook_final_gf_mult_by_73.v","automated_osu035","v","mult, arithmetic",1536000305.74326,8,8,0
"automated_osu035_cookbook_final_gf_mult_by_74",44,69,"./automated_osu035/automated_osu035_cookbook_final_gf_mult_by_74.v","automated_osu035","v","mult, arithmetic",1536000305.78326,8,8,0
"automated_osu035_cookbook_final_gf_mult_by_75",58,100,"./automated_osu035/automated_osu035_cookbook_final_gf_mult_by_75.v","automated_osu035","v","mult, arithmetic",1536000305.80326,8,8,0
"automated_osu035_cookbook_final_gf_mult_by_76",93,182,"./automated_osu035/automated_osu035_cookbook_final_gf_mult_by_76.v","automated_osu035","v","mult, arithmetic",1536000305.83526,8,8,0
"automated_osu035_cookbook_final_gf_mult_by_77",78,142,"./automated_osu035/automated_osu035_cookbook_final_gf_mult_by_77.v","automated_osu035","v","mult, arithmetic",1536000305.86726,8,8,0
"automated_osu035_cookbook_final_gf_mult_by_78",117,235,"./automated_osu035/automated_osu035_cookbook_final_gf_mult_by_78.v","automated_osu035","v","mult, arithmetic",1536000305.89126,8,8,0
"automated_osu035_cookbook_final_gf_mult_by_79",110,220,"./automated_osu035/automated_osu035_cookbook_final_gf_mult_by_79.v","automated_osu035","v","mult, arithmetic",1536000305.93526,8,8,0
"automated_osu035_cookbook_final_gf_mult_by_7a",93,189,"./automated_osu035/automated_osu035_cookbook_final_gf_mult_by_7a.v","automated_osu035","v","mult, arithmetic",1536000305.97526,8,8,0
"automated_osu035_cookbook_final_gf_mult_by_7b",92,176,"./automated_osu035/automated_osu035_cookbook_final_gf_mult_by_7b.v","automated_osu035","v","mult, arithmetic",1536000306.02726,8,8,0
"automated_osu035_cookbook_final_gf_mult_by_7c",84,158,"./automated_osu035/automated_osu035_cookbook_final_gf_mult_by_7c.v","automated_osu035","v","mult, arithmetic",1536000306.04726,8,8,0
"automated_osu035_cookbook_final_gf_mult_by_7d",75,135,"./automated_osu035/automated_osu035_cookbook_final_gf_mult_by_7d.v","automated_osu035","v","mult, arithmetic",1536000306.07126,8,8,0
"automated_osu035_cookbook_final_gf_mult_by_7e",108,220,"./automated_osu035/automated_osu035_cookbook_final_gf_mult_by_7e.v","automated_osu035","v","mult, arithmetic",1536000306.10326,8,8,0
"automated_osu035_cookbook_final_gf_mult_by_7f",61,109,"./automated_osu035/automated_osu035_cookbook_final_gf_mult_by_7f.v","automated_osu035","v","mult, arithmetic",1536000306.13526,8,8,0
"automated_osu035_cookbook_final_gf_mult_by_80",80,148,"./automated_osu035/automated_osu035_cookbook_final_gf_mult_by_80.v","automated_osu035","v","mult, arithmetic",1536000306.16726,8,8,0
"automated_osu035_cookbook_final_gf_mult_by_81",91,181,"./automated_osu035/automated_osu035_cookbook_final_gf_mult_by_81.v","automated_osu035","v","mult, arithmetic",1536000306.18726,8,8,0
"automated_osu035_cookbook_final_gf_mult_by_82",64,111,"./automated_osu035/automated_osu035_cookbook_final_gf_mult_by_82.v","automated_osu035","v","mult, arithmetic",1536000306.23126,8,8,0
"automated_osu035_cookbook_final_gf_mult_by_83",66,120,"./automated_osu035/automated_osu035_cookbook_final_gf_mult_by_83.v","automated_osu035","v","mult, arithmetic",1536000306.25526,8,8,0
"automated_osu035_cookbook_final_gf_mult_by_84",46,74,"./automated_osu035/automated_osu035_cookbook_final_gf_mult_by_84.v","automated_osu035","v","mult, arithmetic",1536000306.29125,8,8,0
"automated_osu035_cookbook_final_gf_mult_by_85",75,139,"./automated_osu035/automated_osu035_cookbook_final_gf_mult_by_85.v","automated_osu035","v","mult, arithmetic",1536000306.31125,8,8,0
"automated_osu035_cookbook_final_gf_mult_by_86",58,91,"./automated_osu035/automated_osu035_cookbook_final_gf_mult_by_86.v","automated_osu035","v","mult, arithmetic",1536000306.44325,8,8,0
"automated_osu035_cookbook_final_gf_mult_by_87",43,67,"./automated_osu035/automated_osu035_cookbook_final_gf_mult_by_87.v","automated_osu035","v","mult, arithmetic",1536000306.47525,8,8,0
"automated_osu035_cookbook_final_gf_mult_by_88",44,69,"./automated_osu035/automated_osu035_cookbook_final_gf_mult_by_88.v","automated_osu035","v","mult, arithmetic",1536000306.51925,8,8,0
"automated_osu035_cookbook_final_gf_mult_by_89",83,157,"./automated_osu035/automated_osu035_cookbook_final_gf_mult_by_89.v","automated_osu035","v","mult, arithmetic",1536000306.57125,8,8,0
"automated_osu035_cookbook_final_gf_mult_by_8a",39,59,"./automated_osu035/automated_osu035_cookbook_final_gf_mult_by_8a.v","automated_osu035","v","mult, arithmetic",1536000306.59125,8,8,0
"automated_osu035_cookbook_final_gf_mult_by_8b",66,123,"./automated_osu035/automated_osu035_cookbook_final_gf_mult_by_8b.v","automated_osu035","v","mult, arithmetic",1536000306.62725,8,8,0
"automated_osu035_cookbook_final_gf_mult_by_8c",56,89,"./automated_osu035/automated_osu035_cookbook_final_gf_mult_by_8c.v","automated_osu035","v","mult, arithmetic",1536000306.65125,8,8,0
"automated_osu035_cookbook_final_gf_mult_by_8d",50,85,"./automated_osu035/automated_osu035_cookbook_final_gf_mult_by_8d.v","automated_osu035","v","mult, arithmetic",1536000306.75525,8,8,0
"automated_osu035_cookbook_final_gf_mult_by_8e",30,31,"./automated_osu035/automated_osu035_cookbook_final_gf_mult_by_8e.v","automated_osu035","v","mult, arithmetic",1536000306.83124,8,8,0
"automated_osu035_cookbook_final_gf_mult_by_8f",40,60,"./automated_osu035/automated_osu035_cookbook_final_gf_mult_by_8f.v","automated_osu035","v","mult, arithmetic",1536000306.94724,8,8,0
"automated_osu035_cookbook_final_gf_mult_by_90",96,185,"./automated_osu035/automated_osu035_cookbook_final_gf_mult_by_90.v","automated_osu035","v","mult, arithmetic",1536000307.01524,8,8,0
"automated_osu035_cookbook_final_gf_mult_by_91",118,257,"./automated_osu035/automated_osu035_cookbook_final_gf_mult_by_91.v","automated_osu035","v","mult, arithmetic",1536000307.09524,8,8,0
"automated_osu035_cookbook_final_gf_mult_by_92",88,165,"./automated_osu035/automated_osu035_cookbook_final_gf_mult_by_92.v","automated_osu035","v","mult, arithmetic",1536000307.20724,8,8,0
"automated_osu035_cookbook_final_gf_mult_by_93",53,84,"./automated_osu035/automated_osu035_cookbook_final_gf_mult_by_93.v","automated_osu035","v","mult, arithmetic",1536000307.25524,8,8,0
"automated_osu035_cookbook_final_gf_mult_by_94",46,71,"./automated_osu035/automated_osu035_cookbook_final_gf_mult_by_94.v","automated_osu035","v","mult, arithmetic",1536000307.27924,8,8,0
"automated_osu035_cookbook_final_gf_mult_by_95",70,121,"./automated_osu035/automated_osu035_cookbook_final_gf_mult_by_95.v","automated_osu035","v","mult, arithmetic",1536000307.29924,8,8,0
"automated_osu035_cookbook_final_gf_mult_by_96",67,120,"./automated_osu035/automated_osu035_cookbook_final_gf_mult_by_96.v","automated_osu035","v","mult, arithmetic",1536000307.35923,8,8,0
"automated_osu035_cookbook_final_gf_mult_by_97",71,135,"./automated_osu035/automated_osu035_cookbook_final_gf_mult_by_97.v","automated_osu035","v","mult, arithmetic",1536000307.38723,8,8,0
"automated_osu035_cookbook_final_gf_mult_by_98",74,144,"./automated_osu035/automated_osu035_cookbook_final_gf_mult_by_98.v","automated_osu035","v","mult, arithmetic",1536000307.41123,8,8,0
"automated_osu035_cookbook_final_gf_mult_by_99",83,155,"./automated_osu035/automated_osu035_cookbook_final_gf_mult_by_99.v","automated_osu035","v","mult, arithmetic",1536000307.43923,8,8,0
"automated_osu035_cookbook_final_gf_mult_by_9a",78,146,"./automated_osu035/automated_osu035_cookbook_final_gf_mult_by_9a.v","automated_osu035","v","mult, arithmetic",1536000307.54723,8,8,0
"automated_osu035_cookbook_final_gf_mult_by_9b",52,88,"./automated_osu035/automated_osu035_cookbook_final_gf_mult_by_9b.v","automated_osu035","v","mult, arithmetic",1536000307.70323,8,8,0
"automated_osu035_cookbook_final_gf_mult_by_9c",54,92,"./automated_osu035/automated_osu035_cookbook_final_gf_mult_by_9c.v","automated_osu035","v","mult, arithmetic",1536000307.86323,8,8,0
"automated_osu035_cookbook_final_gf_mult_by_9d",60,109,"./automated_osu035/automated_osu035_cookbook_final_gf_mult_by_9d.v","automated_osu035","v","mult, arithmetic",1536000307.98322,8,8,0
"automated_osu035_cookbook_final_gf_mult_by_9e",44,67,"./automated_osu035/automated_osu035_cookbook_final_gf_mult_by_9e.v","automated_osu035","v","mult, arithmetic",1536000308.14322,8,8,0
"automated_osu035_cookbook_final_gf_mult_by_9f",39,58,"./automated_osu035/automated_osu035_cookbook_final_gf_mult_by_9f.v","automated_osu035","v","mult, arithmetic",1536000308.32722,8,8,0
"automated_osu035_cookbook_final_gf_mult_by_a0",93,171,"./automated_osu035/automated_osu035_cookbook_final_gf_mult_by_a0.v","automated_osu035","v","mult, arithmetic",1536000308.48721,8,8,0
"automated_osu035_cookbook_final_gf_mult_by_a1",75,136,"./automated_osu035/automated_osu035_cookbook_final_gf_mult_by_a1.v","automated_osu035","v","mult, arithmetic",1536000308.62321,8,8,0
"automated_osu035_cookbook_final_gf_mult_by_a2",58,101,"./automated_osu035/automated_osu035_cookbook_final_gf_mult_by_a2.v","automated_osu035","v","mult, arithmetic",1536000308.76721,8,8,0
"automated_osu035_cookbook_final_gf_mult_by_a3",102,191,"./automated_osu035/automated_osu035_cookbook_final_gf_mult_by_a3.v","automated_osu035","v","mult, arithmetic",1536000308.80721,8,8,0
"automated_osu035_cookbook_final_gf_mult_by_a4",45,71,"./automated_osu035/automated_osu035_cookbook_final_gf_mult_by_a4.v","automated_osu035","v","mult, arithmetic",1536000308.84321,8,8,0
"automated_osu035_cookbook_final_gf_mult_by_a5",82,148,"./automated_osu035/automated_osu035_cookbook_final_gf_mult_by_a5.v","automated_osu035","v","mult, arithmetic",1536000308.96721,8,8,0
"automated_osu035_cookbook_final_gf_mult_by_a6",61,111,"./automated_osu035/automated_osu035_cookbook_final_gf_mult_by_a6.v","automated_osu035","v","mult, arithmetic",1536000309.1272,8,8,0
"automated_osu035_cookbook_final_gf_mult_by_a7",57,100,"./automated_osu035/automated_osu035_cookbook_final_gf_mult_by_a7.v","automated_osu035","v","mult, arithmetic",1536000309.2872,8,8,0
"automated_osu035_cookbook_final_gf_mult_by_a8",41,63,"./automated_osu035/automated_osu035_cookbook_final_gf_mult_by_a8.v","automated_osu035","v","mult, arithmetic",1536000309.4432,8,8,0
"automated_osu035_cookbook_final_gf_mult_by_a9",77,138,"./automated_osu035/automated_osu035_cookbook_final_gf_mult_by_a9.v","automated_osu035","v","mult, arithmetic",1536000309.53519,8,8,0
"automated_osu035_cookbook_final_gf_mult_by_aa",70,132,"./automated_osu035/automated_osu035_cookbook_final_gf_mult_by_aa.v","automated_osu035","v","mult, arithmetic",1536000309.57919,8,8,0
"automated_osu035_cookbook_final_gf_mult_by_ab",72,141,"./automated_osu035/automated_osu035_cookbook_final_gf_mult_by_ab.v","automated_osu035","v","mult, arithmetic",1536000309.60319,8,8,0
"automated_osu035_cookbook_final_gf_mult_by_ac",48,72,"./automated_osu035/automated_osu035_cookbook_final_gf_mult_by_ac.v","automated_osu035","v","mult, arithmetic",1536000309.64319,8,8,0
"automated_osu035_cookbook_final_gf_mult_by_ad",54,85,"./automated_osu035/automated_osu035_cookbook_final_gf_mult_by_ad.v","automated_osu035","v","mult, arithmetic",1536000309.78719,8,8,0
"automated_osu035_cookbook_final_gf_mult_by_ae",73,131,"./automated_osu035/automated_osu035_cookbook_final_gf_mult_by_ae.v","automated_osu035","v","mult, arithmetic",1536000309.94719,8,8,0
"automated_osu035_cookbook_final_gf_mult_by_af",62,104,"./automated_osu035/automated_osu035_cookbook_final_gf_mult_by_af.v","automated_osu035","v","mult, arithmetic",1536000310.02319,8,8,0
"automated_osu035_cookbook_final_gf_mult_by_b0",97,196,"./automated_osu035/automated_osu035_cookbook_final_gf_mult_by_b0.v","automated_osu035","v","mult, arithmetic",1536000310.12318,8,8,0
"automated_osu035_cookbook_final_gf_mult_by_b1",117,238,"./automated_osu035/automated_osu035_cookbook_final_gf_mult_by_b1.v","automated_osu035","v","mult, arithmetic",1536000310.26718,8,8,0
"automated_osu035_cookbook_final_gf_mult_by_b2",83,158,"./automated_osu035/automated_osu035_cookbook_final_gf_mult_by_b2.v","automated_osu035","v","mult, arithmetic",1536000310.44318,8,8,0
"automated_osu035_cookbook_final_gf_mult_by_b3",76,136,"./automated_osu035/automated_osu035_cookbook_final_gf_mult_by_b3.v","automated_osu035","v","mult, arithmetic",1536000310.60718,8,8,0
"automated_osu035_cookbook_final_gf_mult_by_b4",43,67,"./automated_osu035/automated_osu035_cookbook_final_gf_mult_by_b4.v","automated_osu035","v","mult, arithmetic",1542470571.23838,8,8,0
"automated_osu035_cookbook_final_gf_mult_by_b5",85,162,"./automated_osu035/automated_osu035_cookbook_final_gf_mult_by_b5.v","automated_osu035","v","mult, arithmetic",1536000310.90717,8,8,0
"automated_osu035_cookbook_final_gf_mult_by_b6",60,104,"./automated_osu035/automated_osu035_cookbook_final_gf_mult_by_b6.v","automated_osu035","v","mult, arithmetic",1536000311.04717,8,8,0
"automated_osu035_cookbook_final_gf_mult_by_b7",74,132,"./automated_osu035/automated_osu035_cookbook_final_gf_mult_by_b7.v","automated_osu035","v","mult, arithmetic",1536000311.18716,8,8,0
"automated_osu035_cookbook_final_gf_mult_by_b8",59,99,"./automated_osu035/automated_osu035_cookbook_final_gf_mult_by_b8.v","automated_osu035","v","mult, arithmetic",1536000311.34716,8,8,0
"automated_osu035_cookbook_final_gf_mult_by_b9",96,189,"./automated_osu035/automated_osu035_cookbook_final_gf_mult_by_b9.v","automated_osu035","v","mult, arithmetic",1542470581.89046,8,8,0
"automated_osu035_cookbook_final_gf_mult_by_ba",98,195,"./automated_osu035/automated_osu035_cookbook_final_gf_mult_by_ba.v","automated_osu035","v","mult, arithmetic",1536000311.66716,8,8,0
"automated_osu035_cookbook_final_gf_mult_by_bb",66,113,"./automated_osu035/automated_osu035_cookbook_final_gf_mult_by_bb.v","automated_osu035","v","mult, arithmetic",1536000311.82715,8,8,0
"automated_osu035_cookbook_final_gf_mult_by_bc",67,124,"./automated_osu035/automated_osu035_cookbook_final_gf_mult_by_bc.v","automated_osu035","v","mult, arithmetic",1536000311.96715,8,8,0
"automated_osu035_cookbook_final_gf_mult_by_bd",85,168,"./automated_osu035/automated_osu035_cookbook_final_gf_mult_by_bd.v","automated_osu035","v","mult, arithmetic",1536000312.12715,8,8,0
"automated_osu035_cookbook_final_gf_mult_by_be",60,112,"./automated_osu035/automated_osu035_cookbook_final_gf_mult_by_be.v","automated_osu035","v","mult, arithmetic",1536000312.32714,8,8,0
"automated_osu035_cookbook_final_gf_mult_by_bf",106,218,"./automated_osu035/automated_osu035_cookbook_final_gf_mult_by_bf.v","automated_osu035","v","mult, arithmetic",1536000312.48714,8,8,0
"automated_osu035_cookbook_final_gf_mult_by_c0",53,91,"./automated_osu035/automated_osu035_cookbook_final_gf_mult_by_c0.v","automated_osu035","v","mult, arithmetic",1536000312.66714,8,8,0
"automated_osu035_cookbook_final_gf_mult_by_c1",42,64,"./automated_osu035/automated_osu035_cookbook_final_gf_mult_by_c1.v","automated_osu035","v","mult, arithmetic",1536000312.82713,8,8,0
"automated_osu035_cookbook_final_gf_mult_by_c2",78,142,"./automated_osu035/automated_osu035_cookbook_final_gf_mult_by_c2.v","automated_osu035","v","mult, arithmetic",1536000312.98713,8,8,0
"automated_osu035_cookbook_final_gf_mult_by_c3",54,92,"./automated_osu035/automated_osu035_cookbook_final_gf_mult_by_c3.v","automated_osu035","v","mult, arithmetic",1536000313.14713,8,8,0
"automated_osu035_cookbook_final_gf_mult_by_c4",68,126,"./automated_osu035/automated_osu035_cookbook_final_gf_mult_by_c4.v","automated_osu035","v","mult, arithmetic",1536000313.30713,8,8,0
"automated_osu035_cookbook_final_gf_mult_by_c5",65,116,"./automated_osu035/automated_osu035_cookbook_final_gf_mult_by_c5.v","automated_osu035","v","mult, arithmetic",1536000313.46712,8,8,0
"automated_osu035_cookbook_final_gf_mult_by_c6",120,259,"./automated_osu035/automated_osu035_cookbook_final_gf_mult_by_c6.v","automated_osu035","v","mult, arithmetic",1536000313.64712,8,8,0
"automated_osu035_cookbook_final_gf_mult_by_c7",80,150,"./automated_osu035/automated_osu035_cookbook_final_gf_mult_by_c7.v","automated_osu035","v","mult, arithmetic",1536000313.80712,8,8,0
"automated_osu035_cookbook_final_gf_mult_by_c8",46,75,"./automated_osu035/automated_osu035_cookbook_final_gf_mult_by_c8.v","automated_osu035","v","mult, arithmetic",1536000313.96711,8,8,0
"automated_osu035_cookbook_final_gf_mult_by_c9",49,77,"./automated_osu035/automated_osu035_cookbook_final_gf_mult_by_c9.v","automated_osu035","v","mult, arithmetic",1536000314.16711,8,8,0
"automated_osu035_cookbook_final_gf_mult_by_ca",71,135,"./automated_osu035/automated_osu035_cookbook_final_gf_mult_by_ca.v","automated_osu035","v","mult, arithmetic",1536000314.30711,8,8,0
"automated_osu035_cookbook_final_gf_mult_by_cb",48,79,"./automated_osu035/automated_osu035_cookbook_final_gf_mult_by_cb.v","automated_osu035","v","mult, arithmetic",1536000314.4671,8,8,0
"automated_osu035_cookbook_final_gf_mult_by_cc",80,157,"./automated_osu035/automated_osu035_cookbook_final_gf_mult_by_cc.v","automated_osu035","v","mult, arithmetic",1536000314.6271,8,8,0
"automated_osu035_cookbook_final_gf_mult_by_cd",53,92,"./automated_osu035/automated_osu035_cookbook_final_gf_mult_by_cd.v","automated_osu035","v","mult, arithmetic",1536000314.7671,8,8,0
"automated_osu035_cookbook_final_gf_mult_by_ce",67,121,"./automated_osu035/automated_osu035_cookbook_final_gf_mult_by_ce.v","automated_osu035","v","mult, arithmetic",1536000314.9071,8,8,0
"automated_osu035_cookbook_final_gf_mult_by_cf",67,126,"./automated_osu035/automated_osu035_cookbook_final_gf_mult_by_cf.v","automated_osu035","v","mult, arithmetic",1536000314.9631,8,8,0
"automated_osu035_cookbook_final_gf_mult_by_d0",79,147,"./automated_osu035/automated_osu035_cookbook_final_gf_mult_by_d0.v","automated_osu035","v","mult, arithmetic",1536000315.01909,8,8,0
"automated_osu035_cookbook_final_gf_mult_by_d1",110,214,"./automated_osu035/automated_osu035_cookbook_final_gf_mult_by_d1.v","automated_osu035","v","mult, arithmetic",1536000315.07909,8,8,0
"automated_osu035_cookbook_final_gf_mult_by_d2",52,87,"./automated_osu035/automated_osu035_cookbook_final_gf_mult_by_d2.v","automated_osu035","v","mult, arithmetic",1536000315.09909,8,8,0
"automated_osu035_cookbook_final_gf_mult_by_d3",121,260,"./automated_osu035/automated_osu035_cookbook_final_gf_mult_by_d3.v","automated_osu035","v","mult, arithmetic",1536000315.13109,8,8,0
"automated_osu035_cookbook_final_gf_mult_by_d4",108,223,"./automated_osu035/automated_osu035_cookbook_final_gf_mult_by_d4.v","automated_osu035","v","mult, arithmetic",1536000315.16309,8,8,0
"automated_osu035_cookbook_final_gf_mult_by_d5",82,148,"./automated_osu035/automated_osu035_cookbook_final_gf_mult_by_d5.v","automated_osu035","v","mult, arithmetic",1536000315.17909,8,8,0
"automated_osu035_cookbook_final_gf_mult_by_d6",112,226,"./automated_osu035/automated_osu035_cookbook_final_gf_mult_by_d6.v","automated_osu035","v","mult, arithmetic",1536000315.24709,8,8,0
"automated_osu035_cookbook_final_gf_mult_by_d7",85,166,"./automated_osu035/automated_osu035_cookbook_final_gf_mult_by_d7.v","automated_osu035","v","mult, arithmetic",1536000315.38709,8,8,0
"automated_osu035_cookbook_final_gf_mult_by_d8",44,67,"./automated_osu035/automated_osu035_cookbook_final_gf_mult_by_d8.v","automated_osu035","v","mult, arithmetic",1536000315.54308,8,8,0
"automated_osu035_cookbook_final_gf_mult_by_d9",41,62,"./automated_osu035/automated_osu035_cookbook_final_gf_mult_by_d9.v","automated_osu035","v","mult, arithmetic",1536000315.70708,8,8,0
"automated_osu035_cookbook_final_gf_mult_by_da",82,151,"./automated_osu035/automated_osu035_cookbook_final_gf_mult_by_da.v","automated_osu035","v","mult, arithmetic",1536000315.84708,8,8,0
"automated_osu035_cookbook_final_gf_mult_by_db",75,140,"./automated_osu035/automated_osu035_cookbook_final_gf_mult_by_db.v","automated_osu035","v","mult, arithmetic",1536000315.94708,8,8,0
"automated_osu035_cookbook_final_gf_mult_by_dc",88,168,"./automated_osu035/automated_osu035_cookbook_final_gf_mult_by_dc.v","automated_osu035","v","mult, arithmetic",1536000316.10707,8,8,0
"automated_osu035_cookbook_final_gf_mult_by_dd",85,164,"./automated_osu035/automated_osu035_cookbook_final_gf_mult_by_dd.v","automated_osu035","v","mult, arithmetic",1536000316.26307,8,8,0
"automated_osu035_cookbook_final_gf_mult_by_de",79,141,"./automated_osu035/automated_osu035_cookbook_final_gf_mult_by_de.v","automated_osu035","v","mult, arithmetic",1536000316.42707,8,8,0
"automated_osu035_cookbook_final_gf_mult_by_df",113,223,"./automated_osu035/automated_osu035_cookbook_final_gf_mult_by_df.v","automated_osu035","v","mult, arithmetic",1536000316.58307,8,8,0
"automated_osu035_cookbook_final_gf_mult_by_e0",73,130,"./automated_osu035/automated_osu035_cookbook_final_gf_mult_by_e0.v","automated_osu035","v","mult, arithmetic",1536000316.74706,8,8,0
"automated_osu035_cookbook_final_gf_mult_by_e1",97,196,"./automated_osu035/automated_osu035_cookbook_final_gf_mult_by_e1.v","automated_osu035","v","mult, arithmetic",1536000316.88706,8,8,0
"automated_osu035_cookbook_final_gf_mult_by_e2",55,94,"./automated_osu035/automated_osu035_cookbook_final_gf_mult_by_e2.v","automated_osu035","v","mult, arithmetic",1536000317.02706,8,8,0
"automated_osu035_cookbook_final_gf_mult_by_e3",67,119,"./automated_osu035/automated_osu035_cookbook_final_gf_mult_by_e3.v","automated_osu035","v","mult, arithmetic",1536000317.18705,8,8,0
"automated_osu035_cookbook_final_gf_mult_by_e4",85,154,"./automated_osu035/automated_osu035_cookbook_final_gf_mult_by_e4.v","automated_osu035","v","mult, arithmetic",1536000317.32305,8,8,0
"automated_osu035_cookbook_final_gf_mult_by_e5",112,227,"./automated_osu035/automated_osu035_cookbook_final_gf_mult_by_e5.v","automated_osu035","v","mult, arithmetic",1536000317.44705,8,8,0
"automated_osu035_cookbook_final_gf_mult_by_e6",98,200,"./automated_osu035/automated_osu035_cookbook_final_gf_mult_by_e6.v","automated_osu035","v","mult, arithmetic",1536000317.64705,8,8,0
"automated_osu035_cookbook_final_gf_mult_by_e7",121,259,"./automated_osu035/automated_osu035_cookbook_final_gf_mult_by_e7.v","automated_osu035","v","mult, arithmetic",1536000317.80704,8,8,0
"automated_osu035_cookbook_final_gf_mult_by_e8",67,122,"./automated_osu035/automated_osu035_cookbook_final_gf_mult_by_e8.v","automated_osu035","v","mult, arithmetic",1536000317.94704,8,8,0
"automated_osu035_cookbook_final_gf_mult_by_e9",68,122,"./automated_osu035/automated_osu035_cookbook_final_gf_mult_by_e9.v","automated_osu035","v","mult, arithmetic",1536000318.10704,8,8,0
"automated_osu035_cookbook_final_gf_mult_by_ea",45,72,"./automated_osu035/automated_osu035_cookbook_final_gf_mult_by_ea.v","automated_osu035","v","mult, arithmetic",1536000318.24303,8,8,0
"automated_osu035_cookbook_final_gf_mult_by_eb",49,82,"./automated_osu035/automated_osu035_cookbook_final_gf_mult_by_eb.v","automated_osu035","v","mult, arithmetic",1536000318.32703,8,8,0
"automated_osu035_cookbook_final_gf_mult_by_ec",85,161,"./automated_osu035/automated_osu035_cookbook_final_gf_mult_by_ec.v","automated_osu035","v","mult, arithmetic",1536000318.42703,8,8,0
"automated_osu035_cookbook_final_gf_mult_by_ed",89,169,"./automated_osu035/automated_osu035_cookbook_final_gf_mult_by_ed.v","automated_osu035","v","mult, arithmetic",1536000318.50703,8,8,0
"automated_osu035_cookbook_final_gf_mult_by_ee",62,116,"./automated_osu035/automated_osu035_cookbook_final_gf_mult_by_ee.v","automated_osu035","v","mult, arithmetic",1536000318.59103,8,8,0
"automated_osu035_cookbook_final_gf_mult_by_ef",52,88,"./automated_osu035/automated_osu035_cookbook_final_gf_mult_by_ef.v","automated_osu035","v","mult, arithmetic",1536000318.62703,8,8,0
"automated_osu035_cookbook_final_gf_mult_by_f0",121,248,"./automated_osu035/automated_osu035_cookbook_final_gf_mult_by_f0.v","automated_osu035","v","mult, arithmetic",1536000318.64703,8,8,0
"automated_osu035_cookbook_final_gf_mult_by_f1",60,102,"./automated_osu035/automated_osu035_cookbook_final_gf_mult_by_f1.v","automated_osu035","v","mult, arithmetic",1536000318.68303,8,8,0
"automated_osu035_cookbook_final_gf_mult_by_f2",89,187,"./automated_osu035/automated_osu035_cookbook_final_gf_mult_by_f2.v","automated_osu035","v","mult, arithmetic",1536000318.76703,8,8,0
"automated_osu035_cookbook_final_gf_mult_by_f3",57,97,"./automated_osu035/automated_osu035_cookbook_final_gf_mult_by_f3.v","automated_osu035","v","mult, arithmetic",1536000318.85902,8,8,0
"automated_osu035_cookbook_final_gf_mult_by_f4",55,98,"./automated_osu035/automated_osu035_cookbook_final_gf_mult_by_f4.v","automated_osu035","v","mult, arithmetic",1536000318.96702,8,8,0
"automated_osu035_cookbook_final_gf_mult_by_f5",71,133,"./automated_osu035/automated_osu035_cookbook_final_gf_mult_by_f5.v","automated_osu035","v","mult, arithmetic",1536000319.05502,8,8,0
"automated_osu035_cookbook_final_gf_mult_by_f6",65,119,"./automated_osu035/automated_osu035_cookbook_final_gf_mult_by_f6.v","automated_osu035","v","mult, arithmetic",1536000319.13502,8,8,0
"automated_osu035_cookbook_final_gf_mult_by_f7",61,109,"./automated_osu035/automated_osu035_cookbook_final_gf_mult_by_f7.v","automated_osu035","v","mult, arithmetic",1536000319.19102,8,8,0
"automated_osu035_cookbook_final_gf_mult_by_f8",90,171,"./automated_osu035/automated_osu035_cookbook_final_gf_mult_by_f8.v","automated_osu035","v","mult, arithmetic",1536000319.27902,8,8,0
"automated_osu035_cookbook_final_gf_mult_by_f9",77,137,"./automated_osu035/automated_osu035_cookbook_final_gf_mult_by_f9.v","automated_osu035","v","mult, arithmetic",1536000319.35101,8,8,0
"automated_osu035_cookbook_final_gf_mult_by_fa",69,130,"./automated_osu035/automated_osu035_cookbook_final_gf_mult_by_fa.v","automated_osu035","v","mult, arithmetic",1536000319.41901,8,8,0
"automated_osu035_cookbook_final_gf_mult_by_fb",53,93,"./automated_osu035/automated_osu035_cookbook_final_gf_mult_by_fb.v","automated_osu035","v","mult, arithmetic",1536000319.55101,8,8,0
"automated_osu035_cookbook_final_gf_mult_by_fc",132,289,"./automated_osu035/automated_osu035_cookbook_final_gf_mult_by_fc.v","automated_osu035","v","mult, arithmetic",1536000319.65501,8,8,0
"automated_osu035_cookbook_final_gf_mult_by_fd",106,228,"./automated_osu035/automated_osu035_cookbook_final_gf_mult_by_fd.v","automated_osu035","v","mult, arithmetic",1536000319.73501,8,8,0
"automated_osu035_cookbook_final_gf_mult_by_fe",91,178,"./automated_osu035/automated_osu035_cookbook_final_gf_mult_by_fe.v","automated_osu035","v","mult, arithmetic",1536000319.82301,8,8,0
"automated_osu035_cookbook_final_gf_mult_by_ff",59,105,"./automated_osu035/automated_osu035_cookbook_final_gf_mult_by_ff.v","automated_osu035","v","mult, arithmetic",1536000319.899,8,8,0
"automated_osu035_cookbook_final_gray_cntr",268,609,"./automated_osu035/automated_osu035_cookbook_final_gray_cntr.v","automated_osu035","v",,1536000320.023,4,20,0
"automated_osu035_cookbook_final_gray_plus_one",49,92,"./automated_osu035/automated_osu035_cookbook_final_gray_plus_one.v","automated_osu035","v",,1536000320.043,6,6,0
"automated_osu035_cookbook_final_gray_to_bin",56,103,"./automated_osu035/automated_osu035_cookbook_final_gray_to_bin.v","automated_osu035","v",,1536000320.083,8,8,0
"automated_osu035_cookbook_final_h_register",8607,16353,"./automated_osu035/automated_osu035_cookbook_final_h_register.v","automated_osu035","v","register",1536000320.387,515,1024,0
"automated_osu035_cookbook_final_initial_permute",192,128,"./automated_osu035/automated_osu035_cookbook_final_initial_permute.v","automated_osu035","v",,1536000320.411,64,64,0
"automated_osu035_cookbook_final_insert_parity",285,415,"./automated_osu035/automated_osu035_cookbook_final_insert_parity.v","automated_osu035","v",,1536000320.47099,45,50,0
"automated_osu035_cookbook_final_inv_mix_columns",4252,9476,"./automated_osu035/automated_osu035_cookbook_final_inv_mix_columns.v","automated_osu035","v",,1536000320.64299,128,128,0
"automated_osu035_cookbook_final_inv_mix_one_column",1041,2316,"./automated_osu035/automated_osu035_cookbook_final_inv_mix_one_column.v","automated_osu035","v",,1536000320.71099,32,32,0
"automated_osu035_cookbook_final_inv_shift_rows",384,256,"./automated_osu035/automated_osu035_cookbook_final_inv_shift_rows.v","automated_osu035","v","aes, crypto,",1536000320.74299,128,128,0
"automated_osu035_cookbook_final_iter_addsub",28,49,"./automated_osu035/automated_osu035_cookbook_final_iter_addsub.v","automated_osu035","v","add, sub, addsub arithmetic",1536000320.88699,6,1,0
"automated_osu035_cookbook_final_k_table",1183,3075,"./automated_osu035/automated_osu035_cookbook_final_k_table.v","automated_osu035","v",,1536000321.21498,7,64,0
"automated_osu035_cookbook_final_key_init_perm",168,112,"./automated_osu035/automated_osu035_cookbook_final_key_init_perm.v","automated_osu035","v",,1536000320.95898,64,56,0
"automated_osu035_cookbook_final_key_shift",168,112,"./automated_osu035/automated_osu035_cookbook_final_key_shift.v","automated_osu035","v",,1536000321.02698,56,56,0
"automated_osu035_cookbook_final_little_sigma_0_512",590,1046,"./automated_osu035/automated_osu035_cookbook_final_little_sigma_0_512.v","automated_osu035","v",,1536000321.36698,64,64,0
"automated_osu035_cookbook_final_little_sigma_1_512",577,1041,"./automated_osu035/automated_osu035_cookbook_final_little_sigma_1_512.v","automated_osu035","v",,1536000321.41098,64,64,0
"automated_osu035_cookbook_final_mask_16",48,70,"./automated_osu035/automated_osu035_cookbook_final_mask_16.v","automated_osu035","v",,1536000321.44698,4,16,0
"automated_osu035_cookbook_final_mask_32",96,154,"./automated_osu035/automated_osu035_cookbook_final_mask_32.v","automated_osu035","v",,1536000321.51097,5,32,0
"automated_osu035_cookbook_final_min_max_signed",155,312,"./automated_osu035/automated_osu035_cookbook_final_min_max_signed.v","automated_osu035","v",,1536000321.53497,18,16,0
"automated_osu035_cookbook_final_min_max_unsigned",146,287,"./automated_osu035/automated_osu035_cookbook_final_min_max_unsigned.v","automated_osu035","v",,1536000321.55897,18,16,0
"automated_osu035_cookbook_final_mix_columns",2136,4680,"./automated_osu035/automated_osu035_cookbook_final_mix_columns.v","automated_osu035","v",,1536000321.67097,128,128,0
"automated_osu035_cookbook_final_mix_one_column",534,1170,"./automated_osu035/automated_osu035_cookbook_final_mix_one_column.v","automated_osu035","v",,1536000321.71497,32,32,0
"automated_osu035_cookbook_final_non_carry_add",105,185,"./automated_osu035/automated_osu035_cookbook_final_non_carry_add.v","automated_osu035","v","add, arithmetic",1536000321.75497,20,10,0
"automated_osu035_cookbook_final_parallax_gps",1796,3806,"./automated_osu035/automated_osu035_cookbook_final_parallax_gps.v","automated_osu035","v",,1536000321.87897,3,199,0
"automated_osu035_cookbook_final_passwd_crypt",24664,60910,"./automated_osu035/automated_osu035_cookbook_final_passwd_crypt.v","automated_osu035","v",,1536000322.90295,82,97,0
"automated_osu035_cookbook_final_passwd_to_bin",184,120,"./automated_osu035/automated_osu035_cookbook_final_passwd_to_bin.v","automated_osu035","v",,1536000322.93495,64,64,0
"automated_osu035_cookbook_final_permute",96,64,"./automated_osu035/automated_osu035_cookbook_final_permute.v","automated_osu035","v",,1536000322.95495,32,32,0
"automated_osu035_cookbook_final_pipe_equal",345,524,"./automated_osu035/automated_osu035_cookbook_final_pipe_equal.v","automated_osu035","v",,1536000323.01095,130,1,0
"automated_osu035_cookbook_final_pipeline_add",291,555,"./automated_osu035/automated_osu035_cookbook_final_pipeline_add.v","automated_osu035","v","add, arithmetic",1536000323.13494,42,20,0
"automated_osu035_cookbook_final_pipeline_add_msb",292,556,"./automated_osu035/automated_osu035_cookbook_final_pipeline_add_msb.v","automated_osu035","v","add, arithmetic",1536000323.06695,42,21,0
"automated_osu035_cookbook_final_pn2112_table",544,1353,"./automated_osu035/automated_osu035_cookbook_final_pn2112_table.v","automated_osu035","v",,1536000323.19894,7,32,0
"automated_osu035_cookbook_final_prio_encode",25,38,"./automated_osu035/automated_osu035_cookbook_final_prio_encode.v","automated_osu035","v",,1536000323.25094,6,3,0
"automated_osu035_cookbook_final_priority_mux",27,33,"./automated_osu035/automated_osu035_cookbook_final_priority_mux.v","automated_osu035","v",,1536000323.32694,48,1,0
"automated_osu035_cookbook_final_rand_test",0,0,"./automated_osu035/automated_osu035_cookbook_final_rand_test.v","automated_osu035","v",,1536000323.44694,0,0,0
"automated_osu035_cookbook_final_random_delay",24,16,"./automated_osu035/automated_osu035_cookbook_final_random_delay.v","automated_osu035","v",,1536000323.38294,8,8,0
"automated_osu035_cookbook_final_ready_skid",247,516,"./automated_osu035/automated_osu035_cookbook_final_ready_skid.v","automated_osu035","v",,1536000323.59894,20,18,0
"automated_osu035_cookbook_final_reed_sol_rx",30007,70667,"./automated_osu035/automated_osu035_cookbook_final_reed_sol_rx.v","automated_osu035","v",,1536000324.81491,12,19,0
"automated_osu035_cookbook_final_reed_sol_tb",0,0,"./automated_osu035/automated_osu035_cookbook_final_reed_sol_tb.v","automated_osu035","v",,1536000324.88691,0,0,0
"automated_osu035_cookbook_final_reed_sol_tx",2265,5100,"./automated_osu035/automated_osu035_cookbook_final_reed_sol_tx.v","automated_osu035","v",,1536000325.01891,12,10,0
"automated_osu035_cookbook_final_reference_arbiter",347,871,"./automated_osu035/automated_osu035_cookbook_final_reference_arbiter.v","automated_osu035","v",,1536000325.04691,20,16,0
"automated_osu035_cookbook_final_reg_cam_cell",458,845,"./automated_osu035/automated_osu035_cookbook_final_reg_cam_cell.v","automated_osu035","v","register, memory",1536000325.09891,100,1,0
"automated_osu035_cookbook_final_reg_word_mux",503,787,"./automated_osu035/automated_osu035_cookbook_final_reg_word_mux.v","automated_osu035","v","register, memory",1536000325.13091,133,32,0
"automated_osu035_cookbook_final_remove_parity",135,90,"./automated_osu035/automated_osu035_cookbook_final_remove_parity.v","automated_osu035","v",,1536000325.17091,50,45,0
"automated_osu035_cookbook_final_reset_control",45,78,"./automated_osu035/automated_osu035_cookbook_final_reset_control.v","automated_osu035","v",,1536000325.22291,7,4,0
"automated_osu035_cookbook_final_reset_filter",8,11,"./automated_osu035/automated_osu035_cookbook_final_reset_filter.v","automated_osu035","v",,1536000325.27891,3,1,0
"automated_osu035_cookbook_final_rgb_to_hue",2670,6837,"./automated_osu035/automated_osu035_cookbook_final_rgb_to_hue.v","automated_osu035","v",,1536000325.4229,26,8,0
"automated_osu035_cookbook_final_ring_counter",32,16,"./automated_osu035/automated_osu035_cookbook_final_ring_counter.v","automated_osu035","v",,1536000325.4549,2,16,0
"automated_osu035_cookbook_final_rot_word",96,64,"./automated_osu035/automated_osu035_cookbook_final_rot_word.v","automated_osu035","v",,1536000325.4709,32,32,0
"automated_osu035_cookbook_final_round",1607,3355,"./automated_osu035/automated_osu035_cookbook_final_round.v","automated_osu035","v",,1536000325.5909,134,120,0
"automated_osu035_cookbook_final_round_key_select",144,96,"./automated_osu035/automated_osu035_cookbook_final_round_key_select.v","automated_osu035","v",,1536000325.5029,56,48,0
"automated_osu035_cookbook_final_rx_buffer_fifo_2",6047,12893,"./automated_osu035/automated_osu035_cookbook_final_rx_buffer_fifo_2.v","automated_osu035","v","fifo",1536000325.89489,404,402,0
"automated_osu035_cookbook_final_salt_to_bin",190,398,"./automated_osu035/automated_osu035_cookbook_final_salt_to_bin.v","automated_osu035","v",,1536000325.93089,16,12,0
"automated_osu035_cookbook_final_sbox0",128,314,"./automated_osu035/automated_osu035_cookbook_final_sbox0.v","automated_osu035","v","aes, crypto, sbox",1536000325.96289,6,4,0
"automated_osu035_cookbook_final_sbox1",162,391,"./automated_osu035/automated_osu035_cookbook_final_sbox1.v","automated_osu035","v","aes, crypto, sbox",1536000325.99489,6,4,0
"automated_osu035_cookbook_final_sbox2",153,376,"./automated_osu035/automated_osu035_cookbook_final_sbox2.v","automated_osu035","v","aes, crypto, sbox",1536000326.01489,6,4,0
"automated_osu035_cookbook_final_sbox3",127,299,"./automated_osu035/automated_osu035_cookbook_final_sbox3.v","automated_osu035","v","aes, crypto, sbox",1536000326.05889,6,4,0
"automated_osu035_cookbook_final_sbox4",133,339,"./automated_osu035/automated_osu035_cookbook_final_sbox4.v","automated_osu035","v","aes, crypto, sbox",1536000326.07889,6,4,0
"automated_osu035_cookbook_final_sbox5",126,294,"./automated_osu035/automated_osu035_cookbook_final_sbox5.v","automated_osu035","v","aes, crypto, sbox",1536000326.10289,6,4,0
"automated_osu035_cookbook_final_sbox6",150,354,"./automated_osu035/automated_osu035_cookbook_final_sbox6.v","automated_osu035","v","aes, crypto, sbox",1536000326.13889,6,4,0
"automated_osu035_cookbook_final_sbox7",140,332,"./automated_osu035/automated_osu035_cookbook_final_sbox7.v","automated_osu035","v","aes, crypto, sbox",1536000326.17489,6,4,0
"automated_osu035_cookbook_final_sboxes",1119,2699,"./automated_osu035/automated_osu035_cookbook_final_sboxes.v","automated_osu035","v","aes, crypto, sbox",1536000326.23889,48,32,0
"automated_osu035_cookbook_final_scale_up",200,439,"./automated_osu035/automated_osu035_cookbook_final_scale_up.v","automated_osu035","v",,1536000326.28289,16,20,0
"automated_osu035_cookbook_final_scrambler",8518,20249,"./automated_osu035/automated_osu035_cookbook_final_scrambler.v","automated_osu035","v","ram, memory",1536000326.75488,515,512,0
"automated_osu035_cookbook_final_scrambler_lfsr",677,1425,"./automated_osu035/automated_osu035_cookbook_final_scrambler_lfsr.v","automated_osu035","v","ram, memory",1536000326.34689,63,66,0
"automated_osu035_cookbook_final_seconds_counter",240,512,"./automated_osu035/automated_osu035_cookbook_final_seconds_counter.v","automated_osu035","v",,1536000326.81488,2,11,0
"automated_osu035_cookbook_final_shift_rows",384,256,"./automated_osu035/automated_osu035_cookbook_final_shift_rows.v","automated_osu035","v","shift, arithemtic",1536000326.83488,128,128,0
"automated_osu035_cookbook_final_six_three_comp",62,119,"./automated_osu035/automated_osu035_cookbook_final_six_three_comp.v","automated_osu035","v",,1536000326.88288,6,3,0
"automated_osu035_cookbook_final_split_add",244,401,"./automated_osu035/automated_osu035_cookbook_final_split_add.v","automated_osu035","v","add, arithmetic",1536000326.91088,40,20,0
"automated_osu035_cookbook_final_stream_mux",98,143,"./automated_osu035/automated_osu035_cookbook_final_stream_mux.v","automated_osu035","v",,1536000326.95087,24,12,0
"automated_osu035_cookbook_final_sum_of_3bit_pair",102,229,"./automated_osu035/automated_osu035_cookbook_final_sum_of_3bit_pair.v","automated_osu035","v",,1536000327.00687,6,4,0
"automated_osu035_cookbook_final_sum_of_64",1250,2700,"./automated_osu035/automated_osu035_cookbook_final_sum_of_64.v","automated_osu035","v",,1536000327.09487,64,7,0
"automated_osu035_cookbook_final_synchronizer",102,210,"./automated_osu035/automated_osu035_cookbook_final_synchronizer.v","automated_osu035","v",,1536000327.13487,20,16,0
"automated_osu035_cookbook_final_syndrome_flat",0,0,"./automated_osu035/automated_osu035_cookbook_final_syndrome_flat.v","automated_osu035","v",,1536000327.18687,0,0,0
"automated_osu035_cookbook_final_syndrome_round",1617,3065,"./automated_osu035/automated_osu035_cookbook_final_syndrome_round.v","automated_osu035","v",,1536000327.31487,137,128,0
"automated_osu035_cookbook_final_system_timer",450,929,"./automated_osu035/automated_osu035_cookbook_final_system_timer.v","automated_osu035","v",,1536000327.39887,2,50,0
"automated_osu035_cookbook_final_tern_node",197,381,"./automated_osu035/automated_osu035_cookbook_final_tern_node.v","automated_osu035","v",,1536000327.60286,25,10,0
"automated_osu035_cookbook_final_ternary_add",186,361,"./automated_osu035/automated_osu035_cookbook_final_ternary_add.v","automated_osu035","v","add, arithmetic",1536000327.49486,24,10,0
"automated_osu035_cookbook_final_ternary_sum_nine",774,1568,"./automated_osu035/automated_osu035_cookbook_final_ternary_sum_nine.v","automated_osu035","v",,1536000327.56686,73,12,0
"automated_osu035_cookbook_final_test_pattern",95,190,"./automated_osu035/automated_osu035_cookbook_final_test_pattern.v","automated_osu035","v",,1536000327.75886,3,16,0
"automated_osu035_cookbook_final_thirtysix_six_comp",611,1235,"./automated_osu035/automated_osu035_cookbook_final_thirtysix_six_comp.v","automated_osu035","v",,1536000327.88686,36,6,0
"automated_osu035_cookbook_final_three_two_comp",14,22,"./automated_osu035/automated_osu035_cookbook_final_three_two_comp.v","automated_osu035","v",,1536000328.02685,3,2,0
"automated_osu035_cookbook_final_twelve_four_comp",214,461,"./automated_osu035/automated_osu035_cookbook_final_twelve_four_comp.v","automated_osu035","v",,1536000328.18685,12,4,0
"automated_osu035_cookbook_final_twenty_to_eight",14977,34091,"./automated_osu035/automated_osu035_cookbook_final_twenty_to_eight.v","automated_osu035","v",,1536000328.96284,1324,530,0
"automated_osu035_cookbook_final_twenty_to_five",10257,22158,"./automated_osu035/automated_osu035_cookbook_final_twenty_to_five.v","automated_osu035","v",,1536000329.47083,1324,332,0
"automated_osu035_cookbook_final_two_to_one",452,929,"./automated_osu035/automated_osu035_cookbook_final_two_to_one.v","automated_osu035","v",,1536000329.59083,70,35,0
"automated_osu035_cookbook_final_tx_buffer_fifo_8word",15342,41903,"./automated_osu035/automated_osu035_cookbook_final_tx_buffer_fifo_8word.v","automated_osu035","v","fifo",1536000330.23081,404,403,0
"automated_osu035_cookbook_final_uart",450,955,"./automated_osu035/automated_osu035_cookbook_final_uart.v","automated_osu035","v","uart",1536000330.39481,12,11,0
"automated_osu035_cookbook_final_uart_hw_test",516,1138,"./automated_osu035/automated_osu035_cookbook_final_uart_hw_test.v","automated_osu035","v","uart",1536000330.29081,3,1,0
"automated_osu035_cookbook_final_uart_rx",248,522,"./automated_osu035/automated_osu035_cookbook_final_uart_rx.v","automated_osu035","v","uart",1536000330.32281,3,9,0
"automated_osu035_cookbook_final_uart_tx",194,406,"./automated_osu035/automated_osu035_cookbook_final_uart_tx.v","automated_osu035","v","uart",1536000330.34681,11,2,0
"automated_osu035_cookbook_final_unstable_counters",216,256,"./automated_osu035/automated_osu035_cookbook_final_unstable_counters.v","automated_osu035","v",,1536000330.45481,2,8,0
"automated_osu035_cookbook_final_vga_driver",440,820,"./automated_osu035/automated_osu035_cookbook_final_vga_driver.v","automated_osu035","v","vga, interface",1536000330.59081,32,55,0
"automated_osu035_cookbook_final_word_adder_plain",80,122,"./automated_osu035/automated_osu035_cookbook_final_word_adder_plain.v","automated_osu035","v","add, arithmetic",1536000330.67481,16,8,0
"automated_osu035_cookbook_final_word_align_control",97,219,"./automated_osu035/automated_osu035_cookbook_final_word_align_control.v","automated_osu035","v",,1536000330.7908,4,2,0
"automated_osu035_cookbook_final_ycbcr_to_rgb",1723,3685,"./automated_osu035/automated_osu035_cookbook_final_ycbcr_to_rgb.v","automated_osu035","v",,1536000330.9388,25,24,0
"automated_osu035_cpu8080_latest_final_alu",388,851,"./automated_osu035/automated_osu035_cpu8080_latest_final_alu.v","automated_osu035","v","alu, arithmetic, add, sub",1536250499.73093,20,13,0
"automated_osu035_cpu8080_latest_final_chrrom",1329,3171,"./automated_osu035/automated_osu035_cpu8080_latest_final_chrrom.v","automated_osu035","v","cpu, , rom, memory",1536250499.80293,11,8,0
"automated_osu035_cpu8080_latest_final_cpu8080",5198,12527,"./automated_osu035/automated_osu035_cpu8080_latest_final_cpu8080.v","automated_osu035","v","cpu, ",1536250500.05093,12,21,0
"automated_osu035_cpu8080_latest_final_intcontrol",393,941,"./automated_osu035/automated_osu035_cpu8080_latest_final_intcontrol.v","automated_osu035","v","cpu, ",1535963673.86769,25,1,0
"automated_osu035_cpu8080_latest_final_M8080",4755,11433,"./automated_osu035/automated_osu035_cpu8080_latest_final_M8080.v","automated_osu035","v","cpu, ",1536250500.29893,17,29,0
"automated_osu035_cpu8080_latest_final_ram",0,0,"./automated_osu035/automated_osu035_cpu8080_latest_final_ram.v","automated_osu035","v","ram, memory",1535963674.12369,23,0,0
"automated_osu035_cpu8080_latest_final_scnrom",245,557,"./automated_osu035/automated_osu035_cpu8080_latest_final_scnrom.v","automated_osu035","v","cpu, , rom, memory",1536250500.35093,8,8,0
"automated_osu035_cpu8080_latest_final_scnromu",277,641,"./automated_osu035/automated_osu035_cpu8080_latest_final_scnromu.v","automated_osu035","v","cpu, , rom, memory",1536250500.32693,8,8,0
"automated_osu035_cpu8080_latest_final_selectone",116,149,"./automated_osu035/automated_osu035_cpu8080_latest_final_selectone.v","automated_osu035","v","cpu, ",1535963674.27568,28,1,0
"automated_osu035_cpu8080_latest_final_SM8080",4766,11492,"./automated_osu035/automated_osu035_cpu8080_latest_final_SM8080.v","automated_osu035","v","cpu, ",1536250500.57892,12,21,0
"automated_osu035_cr_div_latest_final_cr_div",38732,90601,"./automated_osu035/automated_osu035_cr_div_latest_final_cr_div.v","automated_osu035","v","div, arithmetic",1536250751.90044,99,65,0
"automated_osu035_cr_div_latest_final_cr_div_tb",0,0,"./automated_osu035/automated_osu035_cr_div_latest_final_cr_div_tb.v","automated_osu035","v",,1536250749.93246,0,0,0
"DesignName",229,485,"./automated_osu035/automated_osu035_crcahb_latest_final_bit_reversal.v","automated_osu035","v","crc",1535963934.20922,34,32,0
"automated_osu035_crcahb_latest_final_crc_comb",87,125,"./automated_osu035/automated_osu035_crcahb_latest_final_crc_comb.v","automated_osu035","v",,1535963934.22522,24,8,0
"automated_osu035_crcahb_latest_final_crc_control_unit",142,297,"./automated_osu035/automated_osu035_crcahb_latest_final_crc_control_unit.v","automated_osu035","v",,1535963934.26922,6,11,0
"DesignName",4557,9353,"./automated_osu035/automated_osu035_crcahb_latest_final_crc_datapath.v","automated_osu035","v","crc",1535963934.46522,54,106,0
"DesignName",4813,10051,"./automated_osu035/automated_osu035_crcahb_latest_final_crc_ip.v","automated_osu035","v","crc",1535963934.72122,74,34,0
"DesignName",4682,9640,"./automated_osu035/automated_osu035_crcahb_latest_final_crc_unit.v","automated_osu035","v","crc",1535963935.04122,46,107,0
"DesignName",469,590,"./automated_osu035/automated_osu035_crcahb_latest_final_host_interface.v","automated_osu035","v","crc",1535963935.16921,181,78,0
"automated_osu035_csa_latest_final_led_cnt",55,109,"./automated_osu035/automated_osu035_csa_latest_final_led_cnt.v","automated_osu035","v",,1535711414.51921,3,8,0
"automated_osu035_csa_latest_final_usb_cnt",137,130,"./automated_osu035/automated_osu035_csa_latest_final_usb_cnt.v","automated_osu035","v",,1535711414.56321,37,42,0
"automated_osu035_des_latest_final_crp",1411,3151,"./automated_osu035/automated_osu035_des_latest_final_crp.v","automated_osu035","v","crypto, des",1542470582.07046,80,32,0
"automated_osu035_des_latest_final_des3",3897,9203,"./automated_osu035/automated_osu035_des_latest_final_des3.v","automated_osu035","v","des, crypto",1536250537.13056,240,64,0
"automated_osu035_des_latest_final_key_sel3",1992,4762,"./automated_osu035/automated_osu035_des_latest_final_key_sel3.v","automated_osu035","v","crypto, des",1536250537.23056,175,48,0
"automated_osu035_des_latest_final_key_selh",1082,2761,"./automated_osu035/automated_osu035_des_latest_final_key_selh.v","automated_osu035","v","crypto, des",1536250537.31456,61,48,0
"automated_osu035_des_latest_final_sbox1",152,364,"./automated_osu035/automated_osu035_des_latest_final_sbox1.v","automated_osu035","v","aes, crypto, sbox",1536250537.34256,6,4,0
"automated_osu035_des_latest_final_sbox1",152,360,"./automated_osu035/sboxes/automated_osu035_des_latest_final_sbox1.v","automated_osu035","v","aes, crypto, sbox",1521198115.98554,6,4,"{}"
"automated_osu035_des_latest_final_sbox2",148,349,"./automated_osu035/automated_osu035_des_latest_final_sbox2.v","automated_osu035","v","aes, crypto, sbox",1536250537.37056,6,4,0
"automated_osu035_des_latest_final_sbox2",138,320,"./automated_osu035/sboxes/automated_osu035_des_latest_final_sbox2.v","automated_osu035","v","aes, crypto, sbox",1521198115.98554,6,4,"{}"
"automated_osu035_des_latest_final_sbox3",146,331,"./automated_osu035/automated_osu035_des_latest_final_sbox3.v","automated_osu035","v","aes, crypto, sbox",1536250537.40256,6,4,0
"automated_osu035_des_latest_final_sbox3",136,308,"./automated_osu035/sboxes/automated_osu035_des_latest_final_sbox3.v","automated_osu035","v","aes, crypto, sbox",1521198115.98554,6,4,"{}"
"automated_osu035_des_latest_final_sbox4",151,350,"./automated_osu035/sboxes/automated_osu035_des_latest_final_sbox4.v","automated_osu035","v","aes, crypto, sbox",1521198115.98554,6,4,0
"automated_osu035_des_latest_final_sbox4",153,365,"./automated_osu035/automated_osu035_des_latest_final_sbox4.v","automated_osu035","v","aes, crypto, sbox",1536250537.42656,6,4,0
"automated_osu035_des_latest_final_sbox5",152,363,"./automated_osu035/sboxes/automated_osu035_des_latest_final_sbox5.v","automated_osu035","v","aes, crypto, sbox",1521198115.98554,6,4,"{}"
"automated_osu035_des_latest_final_sbox5",152,355,"./automated_osu035/automated_osu035_des_latest_final_sbox5.v","automated_osu035","v","aes, crypto, sbox",1536250537.55056,6,4,0
"automated_osu035_des_latest_final_sbox6",144,344,"./automated_osu035/sboxes/automated_osu035_des_latest_final_sbox6.v","automated_osu035","v","aes, crypto, sbox",1521198115.98554,6,4,"{}"
"automated_osu035_des_latest_final_sbox6",147,347,"./automated_osu035/automated_osu035_des_latest_final_sbox6.v","automated_osu035","v","aes, crypto, sbox",1536250537.62656,6,4,0
"automated_osu035_des_latest_final_sbox7",154,367,"./automated_osu035/automated_osu035_des_latest_final_sbox7.v","automated_osu035","v","aes, crypto, sbox",1536250537.74256,6,4,0
"automated_osu035_des_latest_final_sbox7",150,352,"./automated_osu035/sboxes/automated_osu035_des_latest_final_sbox7.v","automated_osu035","v","aes, crypto, sbox",1521198115.98554,6,4,"{}"
"automated_osu035_des_latest_final_sbox8",151,353,"./automated_osu035/automated_osu035_des_latest_final_sbox8.v","automated_osu035","v","aes, crypto, sbox",1536250537.79856,6,4,0
"automated_osu035_des_latest_final_sbox8",152,357,"./automated_osu035/sboxes/automated_osu035_des_latest_final_sbox8.v","automated_osu035","v","aes, crypto, sbox",1521198115.98554,6,4,0
"automated_osu035_double_fpu_latest_final_fpu",64809,154279,"./automated_osu035/automated_osu035_double_fpu_latest_final_fpu.v","automated_osu035","v","fpu",1536251419.65785,136,70,0
"automated_osu035_double_fpu_latest_final_fpu_add",4048,8938,"./automated_osu035/automated_osu035_double_fpu_latest_final_fpu_add.v","automated_osu035","v","add, arithmetic, fpu",1536251413.88591,131,68,0
"automated_osu035_double_fpu_latest_final_fpu_addsub",16154,37109,"./automated_osu035/automated_osu035_double_fpu_latest_final_fpu_addsub.v","automated_osu035","v","add, sub, addsub arithmetic, fpu",1536251413.68991,134,65,0
"automated_osu035_double_fpu_latest_final_fpu_div",9006,20372,"./automated_osu035/automated_osu035_double_fpu_latest_final_fpu_div.v","automated_osu035","v","div, arithmetic, fpu",1536251414.40191,131,69,0
"automated_osu035_double_fpu_latest_final_fpu_exceptions",2803,5848,"./automated_osu035/automated_osu035_double_fpu_latest_final_fpu_exceptions.v","automated_osu035","v","fpu",1536251414.5859,214,70,0
"automated_osu035_double_fpu_latest_final_fpu_mul",41752,101218,"./automated_osu035/automated_osu035_double_fpu_latest_final_fpu_mul.v","automated_osu035","v","fpu, mult",1536251416.38589,131,69,0
"automated_osu035_double_fpu_latest_final_fpu_round",1100,2205,"./automated_osu035/automated_osu035_double_fpu_latest_final_fpu_round.v","automated_osu035","v","fpu",1536251416.48989,74,76,0
"automated_osu035_double_fpu_latest_final_fpu_sub",5656,12534,"./automated_osu035/automated_osu035_double_fpu_latest_final_fpu_sub.v","automated_osu035","v","sub, arithmetic, fpu",1536251416.75788,134,68,0
"automated_osu035_dpll-isdn_latest_final_dpll",270,591,"./automated_osu035/automated_osu035_dpll-isdn_latest_final_dpll.v","automated_osu035","v",,1536251429.91775,2,5,0
"automated_osu035_dpll-isdn_latest_final_freqdivider",56,112,"./automated_osu035/automated_osu035_dpll-isdn_latest_final_freqdivider.v","automated_osu035","v",,1536251429.93775,3,1,0
"automated_osu035_dpll-isdn_latest_final_phasecomparator",13,18,"./automated_osu035/automated_osu035_dpll-isdn_latest_final_phasecomparator.v","automated_osu035","v",,1536251429.95375,3,2,0
"automated_osu035_dpll-isdn_latest_final_randomwalkfilter",94,205,"./automated_osu035/automated_osu035_dpll-isdn_latest_final_randomwalkfilter.v","automated_osu035","v",,1536251429.98175,3,2,0
"automated_osu035_dpll-isdn_latest_final_variableresetrandomwalkfilter",208,461,"./automated_osu035/automated_osu035_dpll-isdn_latest_final_variableresetrandomwalkfilter.v","automated_osu035","v",,1536251430.00975,3,2,0
"automated_osu035_dvb_s2_ldpc_decoder_latest_final_ldpc_cn",1218,2540,"./automated_osu035/automated_osu035_dvb_s2_ldpc_decoder_latest_final_ldpc_cn.v","automated_osu035","v",,1519995118.78267,101,92,"{}"
"automated_osu035_dvb_s2_ldpc_decoder_latest_final_ldpc_edgetable",24106,62098,"./automated_osu035/automated_osu035_dvb_s2_ldpc_decoder_latest_final_ldpc_edgetable.v","automated_osu035","v","decode",1519995118.78667,15,17,"{}"
"automated_osu035_dvb_s2_ldpc_decoder_latest_final_ldpc_iocontrol",1294,2996,"./automated_osu035/automated_osu035_dvb_s2_ldpc_decoder_latest_final_ldpc_iocontrol.v","automated_osu035","v",,1519995118.78667,30,50,"{}"
"automated_osu035_dvb_s2_ldpc_decoder_latest_final_ldpc_muxreg",59,87,"./automated_osu035/automated_osu035_dvb_s2_ldpc_decoder_latest_final_ldpc_muxreg.v","automated_osu035","v",,1519995118.78667,20,4,"{}"
"automated_osu035_dvb_s2_ldpc_decoder_latest_final_ldpc_ram_behav",375,814,"./automated_osu035/automated_osu035_dvb_s2_ldpc_decoder_latest_final_ldpc_ram_behav.v","automated_osu035","v","ram, memory",1519995118.80267,14,4,"{}"
"automated_osu035_dvb_s2_ldpc_decoder_latest_final_ldpc_vn",603,1189,"./automated_osu035/automated_osu035_dvb_s2_ldpc_decoder_latest_final_ldpc_vn.v","automated_osu035","v",,1519995118.80267,54,46,"{}"
"automated_osu035_ecg_latest_final_f3_add",26,42,"./automated_osu035/automated_osu035_ecg_latest_final_f3_add.v","automated_osu035","v","add, arithmetic",1536582803.56272,4,2,0
"automated_osu035_ecg_latest_final_f3_add1",7,7,"./automated_osu035/automated_osu035_ecg_latest_final_f3_add1.v","automated_osu035","v","add, arithmetic",1536253318.09128,2,2,0
"automated_osu035_ecg_latest_final_f3_mult",16,22,"./automated_osu035/automated_osu035_ecg_latest_final_f3_mult.v","automated_osu035","v","mult, arithmetic",1536253321.15126,4,2,0
"automated_osu035_ecg_latest_final_f3_sub",26,42,"./automated_osu035/automated_osu035_ecg_latest_final_f3_sub.v","automated_osu035","v","sub, arithmetic",1536253321.17526,4,2,0
"automated_osu035_ecg_latest_final_f3_sub1",7,7,"./automated_osu035/automated_osu035_ecg_latest_final_f3_sub1.v","automated_osu035","v","sub, arithmetic",1536253321.16326,2,2,0
"automated_osu035_ecg_latest_final_f3m_add",2522,4074,"./automated_osu035/automated_osu035_ecg_latest_final_f3m_add.v","automated_osu035","v","add, arithmetic",1536253318.71928,388,194,0
"automated_osu035_ecg_latest_final_f3m_add3",4462,7760,"./automated_osu035/automated_osu035_ecg_latest_final_f3m_add3.v","automated_osu035","v","add, arithmetic",1536253318.32328,582,194,0
"automated_osu035_ecg_latest_final_f3m_add4",6402,11446,"./automated_osu035/automated_osu035_ecg_latest_final_f3m_add4.v","automated_osu035","v","add, arithmetic",1536253318.60328,776,194,0
"automated_osu035_ecg_latest_final_f3m_cubic",2166,3732,"./automated_osu035/automated_osu035_ecg_latest_final_f3m_cubic.v","automated_osu035","v","cubic, arithmetic",1536253318.81928,194,194,0
"automated_osu035_ecg_latest_final_f3m_inv",12985,28079,"./automated_osu035/automated_osu035_ecg_latest_final_f3m_inv.v","automated_osu035","v","inv, arithmetic",1536253319.44327,196,195,0
"automated_osu035_ecg_latest_final_f3m_mult",11812,23046,"./automated_osu035/mult/automated_osu035_ecg_latest_final_f3m_mult.v","automated_osu035","v","mult, arithmetic",1521198008.08262,390,195,"{}"
"automated_osu035_ecg_latest_final_f3m_mult",11617,22851,"./automated_osu035/automated_osu035_ecg_latest_final_f3m_mult.v","automated_osu035","v","mult, arithmetic",1536253320.76726,390,195,0
"automated_osu035_ecg_latest_final_f3m_mult3",16693,31453,"./automated_osu035/automated_osu035_ecg_latest_final_f3m_mult3.v","automated_osu035","v","mult, arithmetic",1536253320.17526,1166,583,0
"automated_osu035_ecg_latest_final_f3m_mult3",17276,32036,"./automated_osu035/mult/automated_osu035_ecg_latest_final_f3m_mult3.v","automated_osu035","v","mult, arithmetic",1521198008.07862,1166,583,"{}"
"automated_osu035_ecg_latest_final_f3m_mux3",1555,1940,"./automated_osu035/automated_osu035_ecg_latest_final_f3m_mux3.v","automated_osu035","v",,1536253320.83126,585,194,0
"automated_osu035_ecg_latest_final_f3m_mux6",2140,3104,"./automated_osu035/automated_osu035_ecg_latest_final_f3m_mux6.v","automated_osu035","v",,1536253320.90726,1170,194,0
"automated_osu035_ecg_latest_final_f3m_neg",582,388,"./automated_osu035/automated_osu035_ecg_latest_final_f3m_neg.v","automated_osu035","v","neg, arithmetic",1536253320.94326,194,194,0
"automated_osu035_ecg_latest_final_f3m_nine",3751,7270,"./automated_osu035/automated_osu035_ecg_latest_final_f3m_nine.v","automated_osu035","v",,1536253321.06326,195,194,0
"automated_osu035_ecg_latest_final_f3m_sub",2522,4074,"./automated_osu035/automated_osu035_ecg_latest_final_f3m_sub.v","automated_osu035","v","sub, arithmetic",1536253321.13926,388,194,0
"automated_osu035_ecg_latest_final_func1",3530,6076,"./automated_osu035/automated_osu035_ecg_latest_final_func1.v","automated_osu035","v",,1536253325.07922,394,196,0
"automated_osu035_ecg_latest_final_func10",31250,65571,"./automated_osu035/automated_osu035_ecg_latest_final_func10.v","automated_osu035","v","crypto, eliptic, ",1536253322.58324,390,389,0
"automated_osu035_ecg_latest_final_func11",49669,103007,"./automated_osu035/automated_osu035_ecg_latest_final_func11.v","automated_osu035","v","crypto, eliptic, ",1536253324.91122,778,389,0
"automated_osu035_ecg_latest_final_func2",586,390,"./automated_osu035/automated_osu035_ecg_latest_final_func2.v","automated_osu035","v",,1536253325.11522,196,196,0
"automated_osu035_ecg_latest_final_func3",642,490,"./automated_osu035/automated_osu035_ecg_latest_final_func3.v","automated_osu035","v",,1536253325.15122,196,196,0
"automated_osu035_ecg_latest_final_func4",1374,2156,"./automated_osu035/automated_osu035_ecg_latest_final_func4.v","automated_osu035","v",,1536253325.21522,198,196,0
"automated_osu035_ecg_latest_final_func5",604,428,"./automated_osu035/automated_osu035_ecg_latest_final_func5.v","automated_osu035","v",,1536253325.26322,196,196,0
"automated_osu035_ecg_latest_final_func6",11,13,"./automated_osu035/automated_osu035_ecg_latest_final_func6.v","automated_osu035","v",,1536253325.29522,3,1,0
"automated_osu035_ecg_latest_final_func7",636,502,"./automated_osu035/automated_osu035_ecg_latest_final_func7.v","automated_osu035","v",,1536253325.32322,194,194,0
"automated_osu035_ecg_latest_final_func8",7044,13694,"./automated_osu035/automated_osu035_ecg_latest_final_func8.v","automated_osu035","v",,1536253325.63921,200,194,0
"automated_osu035_ecg_latest_final_func9",2332,2719,"./automated_osu035/automated_osu035_ecg_latest_final_func9.v","automated_osu035","v",,1536253325.71521,778,389,0
"automated_osu035_ecg_latest_final_point_add",84601,178734,"./automated_osu035/automated_osu035_ecg_latest_final_point_add.v","automated_osu035","v","add, arithmetic",1536253329.30318,780,390,0
"automated_osu035_ecg_latest_final_point_scalar_mult",90307,193675,"./automated_osu035/automated_osu035_ecg_latest_final_point_scalar_mult.v","automated_osu035","v","mult, arithmetic",1536253333.05114,542,390,0
"automated_osu035_ecpu_alu_latest_final_alu_adder",190,249,"./automated_osu035/automated_osu035_ecpu_alu_latest_final_alu_adder.v","automated_osu035","v","add, arithmetic",1528128672.01429,19,41,"{}"
"automated_osu035_edge_latest_final_adder",423,662,"./automated_osu035/automated_osu035_edge_latest_final_adder.v","automated_osu035","v","add, arithmetic",1535715422.80004,65,33,0
"automated_osu035_edge_latest_final_alu",6751,16156,"./automated_osu035/automated_osu035_edge_latest_final_alu.v","automated_osu035","v","alu, arithmetic",1535715423.18404,68,34,0
"automated_osu035_edge_latest_final_alu_decoder",61,96,"./automated_osu035/automated_osu035_edge_latest_final_alu_decoder.v","automated_osu035","v","alu, arithmetic, add, sub",1535715422.84404,10,4,0
"automated_osu035_edge_latest_final_clock_manager",204,399,"./automated_osu035/automated_osu035_edge_latest_final_clock_manager.v","automated_osu035","v",,1535715423.20804,1,1,0
"automated_osu035_edge_latest_final_controller",280,490,"./automated_osu035/automated_osu035_edge_latest_final_controller.v","automated_osu035","v",,1535715423.25604,44,35,0
"automated_osu035_edge_latest_final_Coprocessor0",6634,15362,"./automated_osu035/automated_osu035_edge_latest_final_Coprocessor0.v","automated_osu035","v","cpu, coprocessor",1535715423.58404,110,33,0
"automated_osu035_edge_latest_final_div_unit",10342,24605,"./automated_osu035/automated_osu035_edge_latest_final_div_unit.v","automated_osu035","v","div, arithmetic",1535715424.12403,64,64,0
"automated_osu035_edge_latest_final_Edge_Core",51527,122319,"./automated_osu035/automated_osu035_edge_latest_final_Edge_Core.v","automated_osu035","v","mips, core",1535715426.47601,68,100,0
"automated_osu035_edge_latest_final_ex_mem_pipereg",2558,3809,"./automated_osu035/automated_osu035_edge_latest_final_ex_mem_pipereg.v","automated_osu035","v","register, memory",1535715426.61601,335,330,0
"automated_osu035_edge_latest_final_hazard_unit",236,439,"./automated_osu035/automated_osu035_edge_latest_final_hazard_unit.v","automated_osu035","v",,1535715426.63601,46,13,0
"automated_osu035_edge_latest_final_id_ex_pipereg",2257,3414,"./automated_osu035/automated_osu035_edge_latest_final_id_ex_pipereg.v","automated_osu035","v","register, memory",1535715426.724,293,290,0
"automated_osu035_edge_latest_final_if_id_pipereg",720,1101,"./automated_osu035/automated_osu035_edge_latest_final_if_id_pipereg.v","automated_osu035","v","register, memory",1535715426.764,99,96,0
"automated_osu035_edge_latest_final_mem_wb_pipereg",2026,3039,"./automated_osu035/automated_osu035_edge_latest_final_mem_wb_pipereg.v","automated_osu035","v","register, memory",1535715426.872,257,254,0
"automated_osu035_edge_latest_final_mult_unit",12875,31985,"./automated_osu035/automated_osu035_edge_latest_final_mult_unit.v","automated_osu035","v","mult, arithmetic",1535715427.544,64,64,0
"automated_osu035_edge_latest_final_mux_WBResult",394,563,"./automated_osu035/automated_osu035_edge_latest_final_mux_WBResult.v","automated_osu035","v",,1535715427.6,163,32,0
"automated_osu035_edge_latest_final_mux2",233,264,"./automated_osu035/automated_osu035_edge_latest_final_mux2.v","automated_osu035","v",,1535715427.572,65,32,0
"automated_osu035_edge_latest_final_regfile",7962,18229,"./automated_osu035/automated_osu035_edge_latest_final_regfile.v","automated_osu035","v","register, memory",1535715428.01199,50,64,0
"automated_osu035_edge_latest_final_register",248,373,"./automated_osu035/automated_osu035_edge_latest_final_register.v","automated_osu035","v","register, memory",1535715428.05999,35,32,0
"automated_osu035_edge_latest_final_reset_logic",5,4,"./automated_osu035/automated_osu035_edge_latest_final_reset_logic.v","automated_osu035","v",,1535715428.07599,2,1,0
"automated_osu035_edge_latest_final_shift_left2",94,62,"./automated_osu035/automated_osu035_edge_latest_final_shift_left2.v","automated_osu035","v",,1535715428.22399,32,32,0
"automated_osu035_edge_latest_final_shift_unit",1444,3313,"./automated_osu035/automated_osu035_edge_latest_final_shift_unit.v","automated_osu035","v","shift, arithemtic",1535715428.31599,39,32,0
"automated_osu035_edge_latest_final_shifter_decoder",23,26,"./automated_osu035/automated_osu035_edge_latest_final_shifter_decoder.v","automated_osu035","v",,1535715428.09199,6,3,0
"automated_osu035_edge_latest_final_shifter_left",505,1004,"./automated_osu035/automated_osu035_edge_latest_final_shifter_left.v","automated_osu035","v","shift, arithemtic",1535715428.12799,37,32,0
"automated_osu035_edge_latest_final_shifter_right_arithmetic",421,925,"./automated_osu035/automated_osu035_edge_latest_final_shifter_right_arithmetic.v","automated_osu035","v","shift, arithemtic",1542470579.21444,37,32,0
"automated_osu035_edge_latest_final_shifter_right_logical",505,1009,"./automated_osu035/automated_osu035_edge_latest_final_shifter_right_logical.v","automated_osu035","v","shift, arithemtic",1535715428.19999,37,32,0
"automated_osu035_edge_latest_final_sign_extend",84,68,"./automated_osu035/automated_osu035_edge_latest_final_sign_extend.v","automated_osu035","v",,1535715428.33199,16,32,0
"automated_osu035_edge_latest_final_zero_extend",80,48,"./automated_osu035/automated_osu035_edge_latest_final_zero_extend.v","automated_osu035","v",,1535715428.35199,16,32,0
"automated_osu035_fast_antilog_latest_final_AntiLog2",644,1589,"./automated_osu035/automated_osu035_fast_antilog_latest_final_AntiLog2.v","automated_osu035","v","log, arithmetic",1536250756.68439,11,24,0
"automated_osu035_fast_log_latest_final_Log2flowthru",387,961,"./automated_osu035/automated_osu035_fast_log_latest_final_Log2flowthru.v","automated_osu035","v","log, arithmetic",1536250767.52429,24,8,0
"automated_osu035_fast_log_latest_final_Log2highacc",392,867,"./automated_osu035/automated_osu035_fast_log_latest_final_Log2highacc.v","automated_osu035","v","log, arithmetic",1536250767.64028,25,12,0
"automated_osu035_fast_log_latest_final_Log2pipelined",275,584,"./automated_osu035/automated_osu035_fast_log_latest_final_Log2pipelined.v","automated_osu035","v","log, arithmetic",1536250767.78428,25,8,0
"automated_osu035_fixed_point_arithmetic_parameterized_latest_final_qadd",865,1790,"./automated_osu035/automated_osu035_fixed_point_arithmetic_parameterized_latest_final_qadd.v","automated_osu035","v","ram, memory",1536250818.78378,64,32,0
"automated_osu035_fixed_point_arithmetic_parameterized_latest_final_qdiv",997,2087,"./automated_osu035/automated_osu035_fixed_point_arithmetic_parameterized_latest_final_qdiv.v","automated_osu035","v","ram, memory",1536250818.99178,66,33,0
"automated_osu035_fixed_point_arithmetic_parameterized_latest_final_qmult",12623,31975,"./automated_osu035/automated_osu035_fixed_point_arithmetic_parameterized_latest_final_qmult.v","automated_osu035","v","mult, arithmetic",1536250820.01177,64,32,0
"automated_osu035_fixed_point_arithmetic_parameterized_latest_final_qtwosComp",235,326,"./automated_osu035/automated_osu035_fixed_point_arithmetic_parameterized_latest_final_qtwosComp.v","automated_osu035","v","ram, memory",1536250820.06777,31,64,0
"automated_osu035_fixed_point_arithmetic_parameterized_latest_final_top",995,2085,"./automated_osu035/automated_osu035_fixed_point_arithmetic_parameterized_latest_final_top.v","automated_osu035","v","ram, memory,  topfile",1536250820.14777,66,32,0
"automated_osu035_fpga-median_latest_final_common_network",1284,2736,"./automated_osu035/automated_osu035_fpga-median_latest_final_common_network.v","automated_osu035","v",,1535992625.66652,96,96,0
"automated_osu035_fpga-median_latest_final_dff_3_pipe",74,96,"./automated_osu035/automated_osu035_fpga-median_latest_final_dff_3_pipe.v","automated_osu035","v",,1535992625.85852,26,24,0
"automated_osu035_fpga-median_latest_final_median",5384,12507,"./automated_osu035/automated_osu035_fpga-median_latest_final_median.v","automated_osu035","v",,1535992626.23452,98,72,0
"automated_osu035_fpga-median_latest_final_node",123,236,"./automated_osu035/automated_osu035_fpga-median_latest_final_node.v","automated_osu035","v",,1535992626.27052,16,16,0
"automated_osu035_fpga-median_latest_final_pixel_network",882,1848,"./automated_osu035/automated_osu035_fpga-median_latest_final_pixel_network.v","automated_osu035","v",,1535992626.32651,72,8,0
"automated_osu035_fpga-median_latest_final_state_machine",573,1196,"./automated_osu035/automated_osu035_fpga-median_latest_final_state_machine.v","automated_osu035","v",,1535992626.35851,2,62,0
"automated_osu035_fpu_latest_final_add_sub27",554,1062,"./automated_osu035/automated_osu035_fpu_latest_final_add_sub27.v","automated_osu035","v","sub, arithmetic",1536253864.64609,55,28,0
"automated_osu035_fpu_latest_final_delay1",7,6,"./automated_osu035/automated_osu035_fpu_latest_final_delay1.v","automated_osu035","v","fpu",1536253864.67009,3,2,0
"automated_osu035_fpu_latest_final_delay2",9,10,"./automated_osu035/automated_osu035_fpu_latest_final_delay2.v","automated_osu035","v","fpu",1536253864.69009,3,2,0
"automated_osu035_fpu_latest_final_delay3",11,14,"./automated_osu035/automated_osu035_fpu_latest_final_delay3.v","automated_osu035","v","fpu",1536253864.70609,3,2,0
"automated_osu035_fpu_latest_final_div_r2",17157,41158,"./automated_osu035/automated_osu035_fpu_latest_final_div_r2.v","automated_osu035","v","div, arithmetic, fpu",1536253865.44609,75,100,0
"automated_osu035_fpu_latest_final_except",192,253,"./automated_osu035/automated_osu035_fpu_latest_final_except.v","automated_osu035","v","fpu",1536253865.47009,65,12,0
"automated_osu035_fpu_latest_final_fcmp",434,795,"./automated_osu035/automated_osu035_fpu_latest_final_fcmp.v","automated_osu035","v","fpu",1536253865.50209,64,6,0
"automated_osu035_fpu_latest_final_fpu",29916,72178,"./automated_osu035/automated_osu035_fpu_latest_final_fpu.v","automated_osu035","v","fpu",1536253866.76207,70,40,0
"automated_osu035_fpu_latest_final_mul_r2",6791,16942,"./automated_osu035/automated_osu035_fpu_latest_final_mul_r2.v","automated_osu035","v","fpu",1536253867.09007,49,48,0
"automated_osu035_fpu_latest_final_post_norm",1969,4354,"./automated_osu035/automated_osu035_fpu_latest_final_post_norm.v","automated_osu035","v","fpu",1536253867.19407,75,35,0
"automated_osu035_fpu_latest_final_pre_norm",1592,3629,"./automated_osu035/automated_osu035_fpu_latest_final_pre_norm.v","automated_osu035","v","fpu",1536253867.31807,70,66,0
"automated_osu035_fpu_latest_final_pre_norm_fmul",621,1171,"./automated_osu035/automated_osu035_fpu_latest_final_pre_norm_fmul.v","automated_osu035","v","fpu",1536253867.23407,68,64,0
"automated_osu035_ft816float_latest_final_cntlo16",90,129,"./automated_osu035/automated_osu035_ft816float_latest_final_cntlo16.v","automated_osu035","v",,1535721700.05075,16,5,0
"automated_osu035_ft816float_latest_final_cntlo32",178,269,"./automated_osu035/automated_osu035_ft816float_latest_final_cntlo32.v","automated_osu035","v",,1535721700.15475,32,6,0
"automated_osu035_ft816float_latest_final_cntlo48",273,417,"./automated_osu035/automated_osu035_ft816float_latest_final_cntlo48.v","automated_osu035","v","fpu",1535721700.22274,48,6,0
"automated_osu035_ft816float_latest_final_cntlo64",371,571,"./automated_osu035/automated_osu035_ft816float_latest_final_cntlo64.v","automated_osu035","v","fpu",1535721700.35874,64,7,0
"automated_osu035_ft816float_latest_final_cntlo8",42,56,"./automated_osu035/automated_osu035_ft816float_latest_final_cntlo8.v","automated_osu035","v",,1535721700.43474,8,4,0
"automated_osu035_ft816float_latest_final_cntlz16",74,113,"./automated_osu035/automated_osu035_ft816float_latest_final_cntlz16.v","automated_osu035","v",,1535721700.50274,16,5,0
"automated_osu035_ft816float_latest_final_cntlz24",105,168,"./automated_osu035/automated_osu035_ft816float_latest_final_cntlz24.v","automated_osu035","v",,1535721700.57874,24,5,0
"automated_osu035_ft816float_latest_final_cntlz32",146,237,"./automated_osu035/automated_osu035_ft816float_latest_final_cntlz32.v","automated_osu035","v",,1535721700.74674,32,6,0
"automated_osu035_ft816float_latest_final_cntlz32Reg",172,285,"./automated_osu035/automated_osu035_ft816float_latest_final_cntlz32Reg.v","automated_osu035","v",,1535721700.65074,34,6,0
"automated_osu035_ft816float_latest_final_cntlz48",225,369,"./automated_osu035/automated_osu035_ft816float_latest_final_cntlz48.v","automated_osu035","v","fpu",1535721700.82274,48,6,0
"automated_osu035_ft816float_latest_final_cntlz64",307,507,"./automated_osu035/automated_osu035_ft816float_latest_final_cntlz64.v","automated_osu035","v","fpu",1535721700.92674,64,7,0
"automated_osu035_ft816float_latest_final_cntlz64Reg",337,563,"./automated_osu035/automated_osu035_ft816float_latest_final_cntlz64Reg.v","automated_osu035","v","register, memory",1535721700.87874,66,7,0
"automated_osu035_ft816float_latest_final_cntlz8",34,48,"./automated_osu035/automated_osu035_ft816float_latest_final_cntlz8.v","automated_osu035","v",,1535721701.03074,8,4,0
"automated_osu035_ft816float_latest_final_delay1",9,10,"./automated_osu035/automated_osu035_ft816float_latest_final_delay1.v","automated_osu035","v",,1535721701.06674,3,1,0
"automated_osu035_ft816float_latest_final_delay2",13,18,"./automated_osu035/automated_osu035_ft816float_latest_final_delay2.v","automated_osu035","v",,1535721701.12674,3,1,0
"automated_osu035_ft816float_latest_final_delay3",17,26,"./automated_osu035/automated_osu035_ft816float_latest_final_delay3.v","automated_osu035","v",,1535721701.18674,3,1,0
"automated_osu035_ft816float_latest_final_delay4",21,34,"./automated_osu035/automated_osu035_ft816float_latest_final_delay4.v","automated_osu035","v",,1535721701.23073,3,1,0
"automated_osu035_ft816float_latest_final_delay5",25,42,"./automated_osu035/automated_osu035_ft816float_latest_final_delay5.v","automated_osu035","v",,1535721701.37873,3,1,0
"automated_osu035_ft816float_latest_final_f2i",919,1917,"./automated_osu035/automated_osu035_ft816float_latest_final_f2i.v","automated_osu035","v","fpu",1535721701.52673,34,33,0
"automated_osu035_ft816float_latest_final_FloatToInt",1032,2242,"./automated_osu035/automated_osu035_ft816float_latest_final_FloatToInt.v","automated_osu035","v","fpu",1535721701.59873,34,33,0
"automated_osu035_ft816float_latest_final_fp_cmp_unit",467,828,"./automated_osu035/automated_osu035_ft816float_latest_final_fp_cmp_unit.v","automated_osu035","v","fpu",1535721701.67073,64,6,0
"automated_osu035_ft816float_latest_final_fp_decomp",210,228,"./automated_osu035/automated_osu035_ft816float_latest_final_fp_decomp.v","automated_osu035","v","fpu",1535721701.92673,32,64,0
"automated_osu035_ft816float_latest_final_fpCompare",489,873,"./automated_osu035/automated_osu035_ft816float_latest_final_fpCompare.v","automated_osu035","v","fpu",1535721701.71473,64,5,0
"automated_osu035_ft816float_latest_final_fpDecomp",210,228,"./automated_osu035/automated_osu035_ft816float_latest_final_fpDecomp.v","automated_osu035","v","fpu",1535721701.95873,32,64,0
"automated_osu035_ft816float_latest_final_fpDecompose",210,228,"./automated_osu035/automated_osu035_ft816float_latest_final_fpDecompose.v","automated_osu035","v","fpu",1535721701.76673,32,64,0
"automated_osu035_ft816float_latest_final_fpDecompReg",610,943,"./automated_osu035/automated_osu035_ft816float_latest_final_fpDecompReg.v","automated_osu035","v","register, memory",1535721701.87873,34,96,0
"automated_osu035_ft816float_latest_final_fpMul",157531,391588,"./automated_osu035/automated_osu035_ft816float_latest_final_fpMul.v","automated_osu035","v","fpu",1535721709.45465,258,246,0
"automated_osu035_ft816float_latest_final_fpRound",1518,2852,"./automated_osu035/automated_osu035_ft816float_latest_final_fpRound.v","automated_osu035","v","fpu",1535721709.90265,134,128,0
"automated_osu035_ft816float_latest_final_fpRoundReg",2137,4082,"./automated_osu035/automated_osu035_ft816float_latest_final_fpRoundReg.v","automated_osu035","v","register, memory",1535721709.80665,136,128,0
"automated_osu035_ft816float_latest_final_fpSqrt",16738,37745,"./automated_osu035/automated_osu035_ft816float_latest_final_fpSqrt.v","automated_osu035","v","fpu",1535721710.75864,132,243,0
"automated_osu035_ft816float_latest_final_isqrt",2361,5244,"./automated_osu035/automated_osu035_ft816float_latest_final_isqrt.v","automated_osu035","v","fpu",1535721710.92264,36,65,0
"automated_osu035_ft816float_latest_final_redor64",529,1005,"./automated_osu035/automated_osu035_ft816float_latest_final_redor64.v","automated_osu035","v","fpu",1535721710.99864,70,1,0
"automated_osu035_gcm-aes_latest_final_aes_cipher_top",21921,56195,"./automated_osu035/automated_osu035_gcm-aes_latest_final_aes_cipher_top.v","automated_osu035","v","aes, crypto, gcm,  topfile",1536254136.37951,259,129,0
"automated_osu035_gcm-aes_latest_final_aes_key_expand_128",4833,11775,"./automated_osu035/automated_osu035_gcm-aes_latest_final_aes_key_expand_128.v","automated_osu035","v","aes, crypto, key_expansion",1536254136.59151,130,128,0
"automated_osu035_gcm-aes_latest_final_aes_rcon",58,113,"./automated_osu035/automated_osu035_gcm-aes_latest_final_aes_rcon.v","automated_osu035","v","aes, crypto,",1536254136.61151,2,8,0
"automated_osu035_gcm-aes_latest_final_aes_sbox",860,2303,"./automated_osu035/automated_osu035_gcm-aes_latest_final_aes_sbox.v","automated_osu035","v","aes, crypto, sbox",1536254136.65951,8,8,0
"automated_osu035_gcm-aes_latest_final_gcm_aes_v0",35904,88299,"./automated_osu035/automated_osu035_gcm-aes_latest_final_gcm_aes_v0.v","automated_osu035","v","aes, crypto, gcm",1536254138.18349,267,136,0
"automated_osu035_gcm-aes_latest_final_gfm128_16",6022,11630,"./automated_osu035/automated_osu035_gcm-aes_latest_final_gfm128_16.v","automated_osu035","v","aes, crypto",1536254138.42749,272,256,0
"automated_osu035_generic_fifos_latest_final_generic_fifo_dc",11676,28292,"./automated_osu035/automated_osu035_generic_fifos_latest_final_generic_fifo_dc.v","automated_osu035","v","fifo",1536254294.91,14,14,0
"automated_osu035_generic_fifos_latest_final_generic_fifo_dc_gray",22875,55875,"./automated_osu035/automated_osu035_generic_fifos_latest_final_generic_fifo_dc_gray.v","automated_osu035","v","fifo",1536254294.382,22,22,0
"automated_osu035_generic_fifos_latest_final_generic_fifo_lfsr",449,978,"./automated_osu035/automated_osu035_generic_fifos_latest_final_generic_fifo_lfsr.v","automated_osu035","v","fifo, memory",1536254294.954,13,12,0
"automated_osu035_generic_fifos_latest_final_generic_fifo_sc_a",11619,28168,"./automated_osu035/automated_osu035_generic_fifos_latest_final_generic_fifo_sc_a.v","automated_osu035","v","fifo",1536254295.48199,13,18,0
"automated_osu035_generic_fifos_latest_final_generic_fifo_sc_b",11637,28191,"./automated_osu035/automated_osu035_generic_fifos_latest_final_generic_fifo_sc_b.v","automated_osu035","v","fifo",1536254296.08599,13,18,0
"automated_osu035_generic_fifos_latest_final_lfsr",44,86,"./automated_osu035/automated_osu035_generic_fifos_latest_final_lfsr.v","automated_osu035","v","fifo, memory",1536254296.10999,4,8,0
"automated_osu035_gng_latest_final_gng",12628,31665,"./automated_osu035/automated_osu035_gng_latest_final_gng.v","automated_osu035","v",,1536254419.34081,3,17,0
"automated_osu035_gng_latest_final_gng_coef",2666,7125,"./automated_osu035/automated_osu035_gng_latest_final_gng_coef.v","automated_osu035","v",,1536254417.72483,9,53,0
"automated_osu035_gng_latest_final_gng_ctg",1227,2703,"./automated_osu035/automated_osu035_gng_latest_final_gng_ctg.v","automated_osu035","v",,1536254417.84083,3,65,0
"automated_osu035_gng_latest_final_gng_interp",11303,28475,"./automated_osu035/automated_osu035_gng_latest_final_gng_interp.v","automated_osu035","v",,1536254418.36882,67,17,0
"automated_osu035_gng_latest_final_gng_lzd",227,361,"./automated_osu035/automated_osu035_gng_latest_final_gng_lzd.v","automated_osu035","v",,1536254418.39282,61,6,0
"automated_osu035_gng_latest_final_gng_smul_16_18",3883,9755,"./automated_osu035/automated_osu035_gng_latest_final_gng_smul_16_18.v","automated_osu035","v",,1536254418.76082,35,34,0
"automated_osu035_gng_latest_final_gng_smul_16_18_sadd_37",4296,10545,"./automated_osu035/automated_osu035_gng_latest_final_gng_smul_16_18_sadd_37.v","automated_osu035","v","add, arithmetic",1536254418.58882,72,38,0
"automated_osu035_gost28147-89_latest_final_gost89_cfb",4489,8274,"./automated_osu035/automated_osu035_gost28147-89_latest_final_gost89_cfb.v","automated_osu035","v","crypto, gost, ",1536253738.0673,836,65,0
"automated_osu035_gost28147-89_latest_final_gost89_cfb_decrypt",4168,7570,"./automated_osu035/automated_osu035_gost28147-89_latest_final_gost89_cfb_decrypt.v","automated_osu035","v","crypto, gost",1536253737.6553,835,65,0
"automated_osu035_gost28147-89_latest_final_gost89_cfb_encrypt",4038,7439,"./automated_osu035/automated_osu035_gost28147-89_latest_final_gost89_cfb_encrypt.v","automated_osu035","v","crypto, gost",1536253737.8393,835,65,0
"automated_osu035_gost28147-89_latest_final_gost89_ecb",3544,6452,"./automated_osu035/automated_osu035_gost28147-89_latest_final_gost89_ecb.v","automated_osu035","v","crypto, gost",1536253738.50329,836,65,0
"automated_osu035_gost28147-89_latest_final_gost89_ecb_decrypt",3137,5221,"./automated_osu035/automated_osu035_gost28147-89_latest_final_gost89_ecb_decrypt.v","automated_osu035","v","crypto, gost",1536253738.2033,835,65,0
"automated_osu035_gost28147-89_latest_final_gost89_ecb_encrypt",3195,5245,"./automated_osu035/automated_osu035_gost28147-89_latest_final_gost89_ecb_encrypt.v","automated_osu035","v","crypto, gost",1536253738.37529,835,65,0
"automated_osu035_gost28147-89_latest_final_gost89_mac",3471,5958,"./automated_osu035/automated_osu035_gost28147-89_latest_final_gost89_mac.v","automated_osu035","v","crypto, gost",1536253738.63529,835,33,0
"automated_osu035_gost28147-89_latest_final_gost89_pipelined_ecb_decrypt",42977,92992,"./automated_osu035/automated_osu035_gost28147-89_latest_final_gost89_pipelined_ecb_decrypt.v","automated_osu035","v","crypto, gost",1536253740.60327,833,64,0
"automated_osu035_gost28147-89_latest_final_gost89_pipelined_ecb_encrypt",42977,92992,"./automated_osu035/automated_osu035_gost28147-89_latest_final_gost89_pipelined_ecb_encrypt.v","automated_osu035","v","crypto, gost",1536253742.45926,833,64,0
"automated_osu035_gost28147-89_latest_final_gost89_round",1955,2872,"./automated_osu035/automated_osu035_gost28147-89_latest_final_gost89_round.v","automated_osu035","v","crypto, gost",1536253742.55525,609,64,0
"automated_osu035_gost28147-89_latest_final_gost89_sbox",0,0,"./automated_osu035/automated_osu035_gost28147-89_latest_final_gost89_sbox.v","automated_osu035","v","aes, crypto, sbox",1536253742.57125,68,4,0
"automated_osu035_hamming_latest_final_ham_7_4_dec",134,324,"./automated_osu035/automated_osu035_hamming_latest_final_ham_7_4_dec.v","automated_osu035","v",,1536253745.47523,4,2,0
"automated_osu035_hamming_latest_final_ham_7_4_enc",68,123,"./automated_osu035/automated_osu035_hamming_latest_final_ham_7_4_enc.v","automated_osu035","v",,1536253745.49123,7,8,0
"automated_osu035_hight_latest_final_CONTROL",250,590,"./automated_osu035/automated_osu035_hight_latest_final_CONTROL.v","automated_osu035","v","crypto, hight",1536253783.34287,5,13,0
"automated_osu035_hight_latest_final_CRYPTO_PATH",2005,4438,"./automated_osu035/automated_osu035_hight_latest_final_CRYPTO_PATH.v","automated_osu035","v","crypto, hight",1536253783.48287,103,64,0
"automated_osu035_hight_latest_final_HIGHT_CORE_TOP",3680,8206,"./automated_osu035/automated_osu035_hight_latest_final_HIGHT_CORE_TOP.v","automated_osu035","v","crypto, hight,  ,  topfile",1536253783.63086,198,66,0
"automated_osu035_hight_latest_final_KEY_SCHED",1557,3374,"./automated_osu035/automated_osu035_hight_latest_final_KEY_SCHED.v","automated_osu035","v","crypto, hight",1536253783.69886,138,32,0
"automated_osu035_hight_latest_final_RF",1252,2660,"./automated_osu035/automated_osu035_hight_latest_final_RF.v","automated_osu035","v","crypto, hight",1536253783.76686,98,64,0
"automated_osu035_hight_latest_final_SKG",1353,2779,"./automated_osu035/automated_osu035_hight_latest_final_SKG.v","automated_osu035","v","crypto, hight",1536253783.83486,134,32,0
"automated_osu035_hight_latest_final_WF",416,570,"./automated_osu035/automated_osu035_hight_latest_final_WF.v","automated_osu035","v","crypto, hight",1536253783.87086,97,64,0
"automated_osu035_hight_latest_final_WKG",198,296,"./automated_osu035/automated_osu035_hight_latest_final_WKG.v","automated_osu035","v",,1536253783.89486,66,32,0
"automated_osu035_i2c_latest_final_i2c_master_bit_ctrl",577,1235,"./automated_osu035/automated_osu035_i2c_latest_final_i2c_master_bit_ctrl.v","automated_osu035","v",,1535718206.09255,27,8,0
"automated_osu035_i2c_latest_final_i2c_master_byte_ctrl",788,1719,"./automated_osu035/automated_osu035_i2c_latest_final_i2c_master_byte_ctrl.v","automated_osu035","v",,1535718206.15255,35,16,0
"automated_osu035_i2c_latest_final_i2c_master_top",1073,2457,"./automated_osu035/automated_osu035_i2c_latest_final_i2c_master_top.v","automated_osu035","v","topfile",1535718206.21654,19,14,0
"automated_osu035_iscas_final_AN2",4,3,"./automated_osu035/automated_osu035_iscas_final_AN2.v","automated_osu035","v",,1536254596.19113,2,1,0
"automated_osu035_iscas_final_AN3",6,5,"./automated_osu035/automated_osu035_iscas_final_AN3.v","automated_osu035","v",,1536254596.27513,3,1,0
"automated_osu035_iscas_final_AN4",8,7,"./automated_osu035/automated_osu035_iscas_final_AN4.v","automated_osu035","v",,1536254596.28713,4,1,0
"automated_osu035_iscas_final_BU",3,2,"./automated_osu035/automated_osu035_iscas_final_BU.v","automated_osu035","v",,1536254596.30313,1,1,0
"automated_osu035_iscas_final_c1355",617,1380,"./automated_osu035/automated_osu035_iscas_final_c1355.v","automated_osu035","v","iscas_bench",1536254596.33913,41,32,0
"automated_osu035_iscas_final_c17",13,14,"./automated_osu035/automated_osu035_iscas_final_c17.v","automated_osu035","v",,1536254596.35513,5,2,0
"automated_osu035_iscas_final_c1908",390,794,"./automated_osu035/automated_osu035_iscas_final_c1908.v","automated_osu035","v","iscas_bench",1536254596.37913,33,25,0
"automated_osu035_iscas_final_c2670",717,1184,"./automated_osu035/automated_osu035_iscas_final_c2670.v","automated_osu035","v","iscas_bench",1536254596.41912,157,64,0
"automated_osu035_iscas_final_c3540",804,1932,"./automated_osu035/automated_osu035_iscas_final_c3540.v","automated_osu035","v","iscas_bench",1536254596.45912,50,22,0
"automated_osu035_iscas_final_c432",183,355,"./automated_osu035/automated_osu035_iscas_final_c432.v","automated_osu035","v",,1536254596.47912,36,7,0
"automated_osu035_iscas_final_c499",617,1380,"./automated_osu035/automated_osu035_iscas_final_c499.v","automated_osu035","v","iscas_bench",1536254596.51912,41,32,0
"automated_osu035_iscas_final_c5315",1358,2574,"./automated_osu035/automated_osu035_iscas_final_c5315.v","automated_osu035","v","iscas_bench",1536254596.58312,178,123,0
"automated_osu035_iscas_final_c6288",2568,5930,"./automated_osu035/automated_osu035_iscas_final_c6288.v","automated_osu035","v","iscas_bench",1536254596.72312,32,32,0
"automated_osu035_iscas_final_c7552",1707,3269,"./automated_osu035/automated_osu035_iscas_final_c7552.v","automated_osu035","v","iscas_bench",1536254596.79912,207,108,0
"automated_osu035_iscas_final_c880",346,616,"./automated_osu035/automated_osu035_iscas_final_c880.v","automated_osu035","v","iscas_bench",1536254596.83112,60,26,0
"automated_osu035_iscas_final_Circuit74181b",108,204,"./automated_osu035/automated_osu035_iscas_final_Circuit74181b.v","automated_osu035","v",,1536254596.85912,14,8,0
"automated_osu035_iscas_final_Circuit74182",34,50,"./automated_osu035/automated_osu035_iscas_final_Circuit74182.v","automated_osu035","v",,1536254596.88312,9,5,0
"automated_osu035_iscas_final_Circuit74283b",45,68,"./automated_osu035/automated_osu035_iscas_final_Circuit74283b.v","automated_osu035","v",,1536254596.90312,9,5,0
"automated_osu035_iscas_final_Circuit74L85b",46,73,"./automated_osu035/automated_osu035_iscas_final_Circuit74L85b.v","automated_osu035","v",,1536254596.93512,11,3,0
"automated_osu035_iscas_final_CLAmodule",38,58,"./automated_osu035/automated_osu035_iscas_final_CLAmodule.v","automated_osu035","v",,1536254596.95512,9,7,0
"automated_osu035_iscas_final_DFF",4,3,"./automated_osu035/automated_osu035_iscas_final_DFF.v","automated_osu035","v",,1536254596.97512,2,1,0
"automated_osu035_iscas_final_Dmodule",30,36,"./automated_osu035/automated_osu035_iscas_final_Dmodule.v","automated_osu035","v",,1536254596.99512,12,4,0
"automated_osu035_iscas_final_Emodule",27,33,"./automated_osu035/automated_osu035_iscas_final_Emodule.v","automated_osu035","v",,1536254597.01912,12,4,0
"automated_osu035_iscas_final_EO",6,7,"./automated_osu035/automated_osu035_iscas_final_EO.v","automated_osu035","v",,1536254597.03912,2,1,0
"automated_osu035_iscas_final_FD1",4,3,"./automated_osu035/automated_osu035_iscas_final_FD1.v","automated_osu035","v",,1536254597.11112,2,1,0
"automated_osu035_iscas_final_FD1S",11,10,"./automated_osu035/automated_osu035_iscas_final_FD1S.v","automated_osu035","v",,1536254597.08312,4,2,0
"automated_osu035_iscas_final_FD1S2",13,13,"./automated_osu035/automated_osu035_iscas_final_FD1S2.v","automated_osu035","v",,1536254597.06312,5,2,0
"automated_osu035_iscas_final_FDMASK",6,5,"./automated_osu035/automated_osu035_iscas_final_FDMASK.v","automated_osu035","v",,1536254597.13512,3,1,0
"automated_osu035_iscas_final_foobar",1628,3024,"./automated_osu035/automated_osu035_iscas_final_foobar.v","automated_osu035","v","iscas_bench",1536254597.20712,207,108,0
"automated_osu035_iscas_final_IV",3,2,"./automated_osu035/automated_osu035_iscas_final_IV.v","automated_osu035","v",,1536254597.22312,1,1,0
"automated_osu035_iscas_final_MUX21H",7,7,"./automated_osu035/automated_osu035_iscas_final_MUX21H.v","automated_osu035","v",,1536254597.24712,3,1,0
"automated_osu035_iscas_final_ND2",4,3,"./automated_osu035/automated_osu035_iscas_final_ND2.v","automated_osu035","v",,1536254597.26712,2,1,0
"automated_osu035_iscas_final_ND3",5,4,"./automated_osu035/automated_osu035_iscas_final_ND3.v","automated_osu035","v",,1536254597.28312,3,1,0
"automated_osu035_iscas_final_ND4",8,7,"./automated_osu035/automated_osu035_iscas_final_ND4.v","automated_osu035","v",,1536254597.29912,4,1,0
"automated_osu035_iscas_final_NR2",4,3,"./automated_osu035/automated_osu035_iscas_final_NR2.v","automated_osu035","v",,1536254597.31512,2,1,0
"automated_osu035_iscas_final_NR3",5,4,"./automated_osu035/automated_osu035_iscas_final_NR3.v","automated_osu035","v",,1536254597.33512,3,1,0
"automated_osu035_iscas_final_NR4",8,7,"./automated_osu035/automated_osu035_iscas_final_NR4.v","automated_osu035","v",,1536254597.35112,4,1,0
"automated_osu035_iscas_final_OR2",4,3,"./automated_osu035/automated_osu035_iscas_final_OR2.v","automated_osu035","v",,1536254597.36712,2,1,0
"automated_osu035_iscas_final_OR3",8,7,"./automated_osu035/automated_osu035_iscas_final_OR3.v","automated_osu035","v",,1536254597.38312,3,1,0
"automated_osu035_iscas_final_OR4",8,7,"./automated_osu035/automated_osu035_iscas_final_OR4.v","automated_osu035","v",,1536254597.39912,4,1,0
"automated_osu035_iscas_final_s1196",661,1144,"./automated_osu035/automated_osu035_iscas_final_s1196.v","automated_osu035","v","iscas_bench",1536254597.44711,16,14,0
"automated_osu035_iscas_final_s1238",651,1187,"./automated_osu035/automated_osu035_iscas_final_s1238.v","automated_osu035","v","iscas_bench",1536254597.48711,16,14,0
"automated_osu035_iscas_final_s13207",9332,13036,"./automated_osu035/automated_osu035_iscas_final_s13207.v","automated_osu035","v","iscas_bench",1536254597.90711,64,152,0
"automated_osu035_iscas_final_s1423",766,1329,"./automated_osu035/automated_osu035_iscas_final_s1423.v","automated_osu035","v","iscas_bench",1536254597.95911,19,5,0
"automated_osu035_iscas_final_s1488",911,1642,"./automated_osu035/automated_osu035_iscas_final_s1488.v","automated_osu035","v","iscas_bench",1536254598.01911,10,19,0
"automated_osu035_iscas_final_s1494",911,1654,"./automated_osu035/automated_osu035_iscas_final_s1494.v","automated_osu035","v","iscas_bench",1536254598.07911,10,19,0
"automated_osu035_iscas_final_s15850",10882,15131,"./automated_osu035/automated_osu035_iscas_final_s15850.v","automated_osu035","v","iscas_bench",1536254598.5471,79,150,0
"automated_osu035_iscas_final_s344",208,322,"./automated_osu035/automated_osu035_iscas_final_s344.v","automated_osu035","v","iscas_bench",1536254598.5791,11,11,0
"automated_osu035_iscas_final_s349",209,326,"./automated_osu035/automated_osu035_iscas_final_s349.v","automated_osu035","v","iscas_bench",1536254598.6151,11,11,0
"automated_osu035_iscas_final_s35932",18149,32045,"./automated_osu035/automated_osu035_iscas_final_s35932.v","automated_osu035","v","iscas_bench",1536254599.3751,37,320,0
"automated_osu035_iscas_final_s382",221,386,"./automated_osu035/automated_osu035_iscas_final_s382.v","automated_osu035","v","iscas_bench",1536254599.4111,5,6,0
"automated_osu035_iscas_final_s38417",23886,35072,"./automated_osu035/automated_osu035_iscas_final_s38417.v","automated_osu035","v","iscas_bench",1536254600.42709,30,106,0
"automated_osu035_iscas_final_s38584",22862,37752,"./automated_osu035/automated_osu035_iscas_final_s38584.v","automated_osu035","v","iscas_bench",1536254601.39108,40,304,0
"automated_osu035_iscas_final_s386",252,438,"./automated_osu035/automated_osu035_iscas_final_s386.v","automated_osu035","v","iscas_bench",1536254601.49908,9,7,0
"automated_osu035_iscas_final_s400",227,402,"./automated_osu035/automated_osu035_iscas_final_s400.v","automated_osu035","v","iscas_bench",1536254601.57908,5,6,0
"automated_osu035_iscas_final_s420",284,446,"./automated_osu035/automated_osu035_iscas_final_s420.v","automated_osu035","v","iscas_bench",1536254601.65108,20,1,0
"automated_osu035_iscas_final_s444",247,435,"./automated_osu035/automated_osu035_iscas_final_s444.v","automated_osu035","v","iscas_bench",1536254601.67507,5,6,0
"automated_osu035_iscas_final_s510",259,458,"./automated_osu035/automated_osu035_iscas_final_s510.v","automated_osu035","v","iscas_bench",1536254601.70707,21,7,0
"automated_osu035_iscas_final_s526",337,606,"./automated_osu035/automated_osu035_iscas_final_s526.v","automated_osu035","v","iscas_bench",1536254601.76707,5,6,0
"automated_osu035_iscas_final_s526n",338,606,"./automated_osu035/automated_osu035_iscas_final_s526n.v","automated_osu035","v","iscas_bench",1536254601.73507,5,6,0
"automated_osu035_iscas_final_s5378",3356,4932,"./automated_osu035/automated_osu035_iscas_final_s5378.v","automated_osu035","v","iscas_bench",1536254601.91107,37,49,0
"automated_osu035_iscas_final_s641",529,672,"./automated_osu035/automated_osu035_iscas_final_s641.v","automated_osu035","v","iscas_bench",1536254601.94707,37,24,0
"automated_osu035_iscas_final_s713",548,729,"./automated_osu035/automated_osu035_iscas_final_s713.v","automated_osu035","v","iscas_bench",1536254601.97907,37,23,0
"automated_osu035_iscas_final_s820",540,994,"./automated_osu035/automated_osu035_iscas_final_s820.v","automated_osu035","v","iscas_bench",1536254602.01507,20,19,0
"automated_osu035_iscas_final_s832",545,1013,"./automated_osu035/automated_osu035_iscas_final_s832.v","automated_osu035","v","iscas_bench",1536254602.04707,20,19,0
"automated_osu035_iscas_final_s838",576,914,"./automated_osu035/automated_osu035_iscas_final_s838.v","automated_osu035","v","iscas_bench",1536254602.08707,36,1,0
"automated_osu035_iscas_final_s9234",3720,5131,"./automated_osu035/automated_osu035_iscas_final_s9234.v","automated_osu035","v","iscas_bench",1536254602.23907,38,39,0
"automated_osu035_iscas_final_s953",468,828,"./automated_osu035/automated_osu035_iscas_final_s953.v","automated_osu035","v","iscas_bench",1536254602.27507,18,23,0
"automated_osu035_iscas_final_Summodule",54,92,"./automated_osu035/automated_osu035_iscas_final_Summodule.v","automated_osu035","v",,1536254602.30307,13,5,0
"automated_osu035_iscas_final_TopLevel74181b",108,204,"./automated_osu035/automated_osu035_iscas_final_TopLevel74181b.v","automated_osu035","v","topfile",1536254602.32307,14,8,0
"automated_osu035_iscas_final_TopLevel74182b",34,50,"./automated_osu035/automated_osu035_iscas_final_TopLevel74182b.v","automated_osu035","v","topfile",1536254602.34707,9,5,0
"automated_osu035_iscas_final_TopLevel74283b",45,68,"./automated_osu035/automated_osu035_iscas_final_TopLevel74283b.v","automated_osu035","v","topfile",1536254602.36707,9,5,0
"automated_osu035_iscas_final_TopLevel74L85b",46,73,"./automated_osu035/automated_osu035_iscas_final_TopLevel74L85b.v","automated_osu035","v","topfile",1536254602.38307,11,3,0
"automated_osu035_iscas_final_TX",3,2,"./automated_osu035/automated_osu035_iscas_final_TX.v","automated_osu035","v",,1536254602.39907,2,1,0
"automated_osu035_iwls_final_ac97_cra",239,296,"./automated_osu035/automated_osu035_iwls_final_ac97_cra.v","automated_osu035","v",,1536007393.09715,56,60,0
"automated_osu035_iwls_final_ac97_dma_if",245,315,"./automated_osu035/automated_osu035_iwls_final_ac97_dma_if.v","automated_osu035","v",,1536007393.13315,110,9,0
"automated_osu035_iwls_final_ac97_dma_req",28,34,"./automated_osu035/automated_osu035_iwls_final_ac97_dma_req.v","automated_osu035","v",,1536007393.19315,14,1,0
"automated_osu035_iwls_final_ac97_fifo_ctrl",22,30,"./automated_osu035/automated_osu035_iwls_final_ac97_fifo_ctrl.v","automated_osu035","v","fifo, memory",1536007393.20915,7,2,0
"automated_osu035_iwls_final_ac97_in_fifo",2846,6857,"./automated_osu035/automated_osu035_iwls_final_ac97_in_fifo.v","automated_osu035","v","fifo, memory",1536007393.34514,27,36,0
"automated_osu035_iwls_final_ac97_int",33,38,"./automated_osu035/automated_osu035_iwls_final_ac97_int.v","automated_osu035","v",,1536007393.38514,17,3,0
"automated_osu035_iwls_final_ac97_out_fifo",2826,7094,"./automated_osu035/automated_osu035_iwls_final_ac97_out_fifo.v","automated_osu035","v","fifo, memory",1536007393.51714,39,24,0
"automated_osu035_iwls_final_ac97_prc",222,321,"./automated_osu035/automated_osu035_iwls_final_ac97_prc.v","automated_osu035","v",,1536007393.57714,125,25,0
"automated_osu035_iwls_final_ac97_rf",994,2102,"./automated_osu035/automated_osu035_iwls_final_ac97_rf.v","automated_osu035","v",,1536007393.70914,86,140,0
"automated_osu035_iwls_final_ac97_rst",66,139,"./automated_osu035/automated_osu035_iwls_final_ac97_rst.v","automated_osu035","v",,1536007393.72914,3,2,0
"automated_osu035_iwls_final_ac97_sin",609,1086,"./automated_osu035/automated_osu035_iwls_final_ac97_sin.v","automated_osu035","v",,1536007393.79714,9,116,0
"automated_osu035_iwls_final_ac97_soc",179,383,"./automated_osu035/automated_osu035_iwls_final_ac97_soc.v","automated_osu035","v",,1536007393.85714,5,13,0
"automated_osu035_iwls_final_ac97_sout",941,1505,"./automated_osu035/automated_osu035_iwls_final_ac97_sout.v","automated_osu035","v",,1536007393.96914,179,1,0
"automated_osu035_iwls_final_ac97_top",28711,71241,"./automated_osu035/automated_osu035_iwls_final_ac97_top.v","automated_osu035","v","topfile",1536007395.15712,84,48,0
"automated_osu035_iwls_final_ac97_wb_if",517,733,"./automated_osu035/automated_osu035_iwls_final_ac97_wb_if.v","automated_osu035","v",,1536007395.23712,201,81,0
"automated_osu035_iwls_final_ad_clock_ckt",472,901,"./automated_osu035/automated_osu035_iwls_final_ad_clock_ckt.v","automated_osu035","v",,1536007395.40912,56,67,0
"automated_osu035_iwls_final_ad_filter",1423,3347,"./automated_osu035/automated_osu035_iwls_final_ad_filter.v","automated_osu035","v",,1536007395.85711,78,41,0
"automated_osu035_iwls_final_adc_comb_den",1760,4067,"./automated_osu035/automated_osu035_iwls_final_adc_comb_den.v","automated_osu035","v","adc",1536007395.33712,7,18,0
"automated_osu035_iwls_final_adc_ec",102,202,"./automated_osu035/automated_osu035_iwls_final_adc_ec.v","automated_osu035","v","adc",1536007395.36912,4,5,0
"automated_osu035_iwls_final_adc_rom",546,1292,"./automated_osu035/automated_osu035_iwls_final_adc_rom.v","automated_osu035","v","adc, rom, memory",1536007395.44912,10,26,0
"automated_osu035_iwls_final_add_sub27",554,1062,"./automated_osu035/automated_osu035_iwls_final_add_sub27.v","automated_osu035","v","sub, arithmetic",1536007395.64911,55,28,0
"automated_osu035_iwls_final_ADDA162H90A_atop",22,11,"./automated_osu035/automated_osu035_iwls_final_ADDA162H90A_atop.v","automated_osu035","v","topfile",1536007395.46912,51,11,0
"automated_osu035_iwls_final_ADDFX1",4,2,"./automated_osu035/automated_osu035_iwls_final_ADDFX1.v","automated_osu035","v","add, arithmetic",1536007395.50112,3,2,0
"automated_osu035_iwls_final_ADDHX1",4,2,"./automated_osu035/automated_osu035_iwls_final_ADDHX1.v","automated_osu035","v","add, arithmetic",1536007395.51712,2,2,0
"automated_osu035_iwls_final_aes",10671,26556,"./automated_osu035/automated_osu035_iwls_final_aes.v","automated_osu035","v","aes, crypto, ",1536007399.28506,260,129,0
"automated_osu035_iwls_final_aes_cipher_top",22246,56838,"./automated_osu035/automated_osu035_iwls_final_aes_cipher_top.v","automated_osu035","v","aes, crypto,  topfile",1536007396.9971,259,129,0
"automated_osu035_iwls_final_aes_inv_cipher_top",30219,77659,"./automated_osu035/automated_osu035_iwls_final_aes_inv_cipher_top.v","automated_osu035","v","aes, crypto ,  topfile",1536007398.32508,260,129,0
"automated_osu035_iwls_final_aes_inv_sbox",780,2110,"./automated_osu035/automated_osu035_iwls_final_aes_inv_sbox.v","automated_osu035","v","aes, crypto, sbox",1536007398.44508,8,8,0
"automated_osu035_iwls_final_aes_key_expand_128",5205,12624,"./automated_osu035/automated_osu035_iwls_final_aes_key_expand_128.v","automated_osu035","v","aes, crypto, key_expansion",1536007398.66907,130,128,0
"automated_osu035_iwls_final_aes_rcon",106,137,"./automated_osu035/automated_osu035_iwls_final_aes_rcon.v","automated_osu035","v","aes, crypto,",1536007398.70107,2,32,0
"automated_osu035_iwls_final_aes_sbox",860,2303,"./automated_osu035/automated_osu035_iwls_final_aes_sbox.v","automated_osu035","v","aes, crypto, sbox",1536007398.78107,8,8,0
"automated_osu035_iwls_final_ahb2wb",244,400,"./automated_osu035/automated_osu035_iwls_final_ahb2wb.v","automated_osu035","v",,1536007399.32506,46,51,0
"automated_osu035_iwls_final_BUFX1",2,1,"./automated_osu035/automated_osu035_iwls_final_BUFX1.v","automated_osu035","v",,1536007399.34906,1,1,0
"automated_osu035_iwls_final_BUFX3",2,1,"./automated_osu035/automated_osu035_iwls_final_BUFX3.v","automated_osu035","v",,1536007399.37306,1,1,0
"automated_osu035_iwls_final_byte_mixcolum",374,804,"./automated_osu035/automated_osu035_iwls_final_byte_mixcolum.v","automated_osu035","v",,1536007399.44106,32,16,0
"automated_osu035_iwls_final_can_acf",456,815,"./automated_osu035/automated_osu035_iwls_final_can_acf.v","automated_osu035","v",,1536007399.49306,122,1,0
"automated_osu035_iwls_final_can_bsp",3628,7927,"./automated_osu035/automated_osu035_iwls_final_can_bsp.v","automated_osu035","v",,1536007399.64906,228,115,0
"automated_osu035_iwls_final_can_btl",351,743,"./automated_osu035/automated_osu035_iwls_final_can_btl.v","automated_osu035","v",,1536007399.74106,31,5,0
"automated_osu035_iwls_final_can_crc",99,205,"./automated_osu035/automated_osu035_iwls_final_can_crc.v","automated_osu035","v",,1536007399.82506,4,15,0
"automated_osu035_iwls_final_can_fifo",569,1137,"./automated_osu035/automated_osu035_iwls_final_can_fifo.v","automated_osu035","v","fifo, memory",1536007399.89706,34,57,0
"automated_osu035_iwls_final_can_ibo",24,16,"./automated_osu035/automated_osu035_iwls_final_can_ibo.v","automated_osu035","v",,1536007399.92106,8,8,0
"automated_osu035_iwls_final_can_register",50,72,"./automated_osu035/automated_osu035_iwls_final_can_register.v","automated_osu035","v",,1536007400.28905,10,8,0
"automated_osu035_iwls_final_can_register_asyn",52,81,"./automated_osu035/automated_osu035_iwls_final_can_register_asyn.v","automated_osu035","v",,1536007400.01705,11,8,0
"automated_osu035_iwls_final_can_register_asyn_syn",54,90,"./automated_osu035/automated_osu035_iwls_final_can_register_asyn_syn.v","automated_osu035","v",,1536007399.94106,12,8,0
"automated_osu035_iwls_final_can_register_syn",52,81,"./automated_osu035/automated_osu035_iwls_final_can_register_syn.v","automated_osu035","v",,1536007400.19705,11,8,0
"automated_osu035_iwls_final_can_registers",1965,3922,"./automated_osu035/automated_osu035_iwls_final_can_registers.v","automated_osu035","v","register, memory",1536007400.14505,74,218,0
"automated_osu035_iwls_final_can_top",5465,12514,"./automated_osu035/automated_osu035_iwls_final_can_top.v","automated_osu035","v","topfile",1536007400.58105,36,53,0
"automated_osu035_iwls_final_CLKBUFX1",2,1,"./automated_osu035/automated_osu035_iwls_final_CLKBUFX1.v","automated_osu035","v",,1536007400.60105,1,1,0
"automated_osu035_iwls_final_CLKBUFX2",2,1,"./automated_osu035/automated_osu035_iwls_final_CLKBUFX2.v","automated_osu035","v",,1536007400.64105,1,1,0
"automated_osu035_iwls_final_CLKBUFX3",2,1,"./automated_osu035/automated_osu035_iwls_final_CLKBUFX3.v","automated_osu035","v",,1536007400.65705,1,1,0
"automated_osu035_iwls_final_clock_ckt",516,985,"./automated_osu035/automated_osu035_iwls_final_clock_ckt.v","automated_osu035","v",,1536007400.70905,62,77,0
"automated_osu035_iwls_final_crp",1379,3119,"./automated_osu035/automated_osu035_iwls_final_crp.v","automated_osu035","v",,1536007400.89704,80,32,0
"automated_osu035_iwls_final_CSA_d",14,22,"./automated_osu035/automated_osu035_iwls_final_CSA_d.v","automated_osu035","v",,1536007401.16504,3,2,0
"automated_osu035_iwls_final_CSA15",240,360,"./automated_osu035/automated_osu035_iwls_final_CSA15.v","automated_osu035","v",,1536007401.02504,45,30,0
"automated_osu035_iwls_final_dac_rom",519,1208,"./automated_osu035/automated_osu035_iwls_final_dac_rom.v","automated_osu035","v","rom, memory",1536007401.30904,10,26,0
"automated_osu035_iwls_final_delay1",7,6,"./automated_osu035/automated_osu035_iwls_final_delay1.v","automated_osu035","v",,1536007401.48104,3,2,0
"automated_osu035_iwls_final_delay2",9,10,"./automated_osu035/automated_osu035_iwls_final_delay2.v","automated_osu035","v",,1536007401.62503,3,2,0
"automated_osu035_iwls_final_delay3",11,14,"./automated_osu035/automated_osu035_iwls_final_delay3.v","automated_osu035","v",,1536007401.76503,3,2,0
"automated_osu035_iwls_final_des3",3897,9203,"./automated_osu035/automated_osu035_iwls_final_des3.v","automated_osu035","v","des, crypto",1536007401.96903,240,64,0
"automated_osu035_iwls_final_desround",1099,2118,"./automated_osu035/automated_osu035_iwls_final_desround.v","automated_osu035","v",,1536007402.02103,159,168,0
"automated_osu035_iwls_final_DFFSRX1",4,2,"./automated_osu035/automated_osu035_iwls_final_DFFSRX1.v","automated_osu035","v",,1536007402.04903,4,2,0
"automated_osu035_iwls_final_DFFX1",4,2,"./automated_osu035/automated_osu035_iwls_final_DFFX1.v","automated_osu035","v",,1536007402.08903,2,2,0
"automated_osu035_iwls_final_div_r2",17157,41158,"./automated_osu035/automated_osu035_iwls_final_div_r2.v","automated_osu035","v","div, arithmetic",1536007402.81302,75,100,0
"automated_osu035_iwls_final_DSP_CORE_tcb",60,106,"./automated_osu035/automated_osu035_iwls_final_DSP_CORE_tcb.v","automated_osu035","v",,1536007402.84902,6,7,0
"automated_osu035_iwls_final_DSP_CORE_vsia_tst_antiskew",0,0,"./automated_osu035/automated_osu035_iwls_final_DSP_CORE_vsia_tst_antiskew.v","automated_osu035","v",,1536007402.88502,2,1,0
"automated_osu035_iwls_final_DSP_CORE_vsia_tst_bypass_reg",4,3,"./automated_osu035/automated_osu035_iwls_final_DSP_CORE_vsia_tst_bypass_reg.v","automated_osu035","v",,1536007402.96902,2,1,0
"automated_osu035_iwls_final_DSP_CORE_vsia_tst_capture_cell",9,9,"./automated_osu035/automated_osu035_iwls_final_DSP_CORE_vsia_tst_capture_cell.v","automated_osu035","v",,1536007403.06501,4,1,0
"automated_osu035_iwls_final_DSP_CORE_vsia_tst_control_cell",8,9,"./automated_osu035/automated_osu035_iwls_final_DSP_CORE_vsia_tst_control_cell.v","automated_osu035","v",,1536007403.20501,3,1,0
"automated_osu035_iwls_final_DSP_CORE_vsia_tst_hold_cell",6,6,"./automated_osu035/automated_osu035_iwls_final_DSP_CORE_vsia_tst_hold_cell.v","automated_osu035","v",,1536007403.32101,3,1,0
"automated_osu035_iwls_final_DSP_CORE_vsia_tst_mas",0,0,"./automated_osu035/automated_osu035_iwls_final_DSP_CORE_vsia_tst_mas.v","automated_osu035","v",,1536007403.48501,4,1,0
"automated_osu035_iwls_final_DSP_CORE_vsia_tst_tcb_cell",16,21,"./automated_osu035/automated_osu035_iwls_final_DSP_CORE_vsia_tst_tcb_cell.v","automated_osu035","v",,1536007403.765,5,2,0
"automated_osu035_iwls_final_DSP_CORE_vsia_tst_tcb_cell_capture",18,23,"./automated_osu035/automated_osu035_iwls_final_DSP_CORE_vsia_tst_tcb_cell_capture.v","automated_osu035","v",,1536007403.61701,7,2,0
"automated_osu035_iwls_final_DSP_CORE_vsia_tst_wp_cell_in",12,13,"./automated_osu035/automated_osu035_iwls_final_DSP_CORE_vsia_tst_wp_cell_in.v","automated_osu035","v",,1536007403.901,5,2,0
"automated_osu035_iwls_final_DSP_CORE_vsia_tst_wp_cell_out",12,13,"./automated_osu035/automated_osu035_iwls_final_DSP_CORE_vsia_tst_wp_cell_out.v","automated_osu035","v",,1536007404.045,5,2,0
"automated_osu035_iwls_final_DSP_CORE_wpreg",6576,10756,"./automated_osu035/automated_osu035_iwls_final_DSP_CORE_wpreg.v","automated_osu035","v","register, memory",1536007404.397,842,838,0
"automated_osu035_iwls_final_DSP_CORE_wrapper",6706,10946,"./automated_osu035/automated_osu035_iwls_final_DSP_CORE_wrapper.v","automated_osu035","v",,1536007404.69699,862,849,0
"automated_osu035_iwls_final_ejtag_datain",207,200,"./automated_osu035/automated_osu035_iwls_final_ejtag_datain.v","automated_osu035","v","jtag",1536007404.72899,66,48,0
"automated_osu035_iwls_final_ejtag_dclkand2",4,3,"./automated_osu035/automated_osu035_iwls_final_ejtag_dclkand2.v","automated_osu035","v",,1536007404.76099,2,1,0
"automated_osu035_iwls_final_ejtag_dclknd2",4,3,"./automated_osu035/automated_osu035_iwls_final_ejtag_dclknd2.v","automated_osu035","v",,1536007404.78899,2,1,0
"automated_osu035_iwls_final_ejtag_dclknr3",5,4,"./automated_osu035/automated_osu035_iwls_final_ejtag_dclknr3.v","automated_osu035","v",,1536007404.80899,3,1,0
"automated_osu035_iwls_final_ejtag_edge2pulse",7,7,"./automated_osu035/automated_osu035_iwls_final_ejtag_edge2pulse.v","automated_osu035","v",,1536007404.82499,3,1,0
"automated_osu035_iwls_final_ejtag_edge2toggle",12,18,"./automated_osu035/automated_osu035_iwls_final_ejtag_edge2toggle.v","automated_osu035","v",,1536007404.85699,3,1,0
"automated_osu035_iwls_final_ejtag_rsflop",9,9,"./automated_osu035/automated_osu035_iwls_final_ejtag_rsflop.v","automated_osu035","v",,1536007404.87699,4,1,0
"automated_osu035_iwls_final_ejtag_setclr",50,94,"./automated_osu035/automated_osu035_iwls_final_ejtag_setclr.v","automated_osu035","v",,1536007404.90899,6,2,0
"automated_osu035_iwls_final_ejtag_toggle2pulse",10,16,"./automated_osu035/automated_osu035_iwls_final_ejtag_toggle2pulse.v","automated_osu035","v",,1536007404.92899,3,1,0
"automated_osu035_iwls_final_ES_ARRAY",1177,2981,"./automated_osu035/automated_osu035_iwls_final_ES_ARRAY.v","automated_osu035","v",,1536007405.00499,72,32,0
"automated_osu035_iwls_final_ES_DEC",81,106,"./automated_osu035/automated_osu035_iwls_final_ES_DEC.v","automated_osu035","v",,1536007405.02499,22,16,0
"automated_osu035_iwls_final_ES_EXP",328,714,"./automated_osu035/automated_osu035_iwls_final_ES_EXP.v","automated_osu035","v",,1536007405.06899,29,8,0
"automated_osu035_iwls_final_eth_clockgen",90,181,"./automated_osu035/automated_osu035_iwls_final_eth_clockgen.v","automated_osu035","v",,1536007405.08899,10,3,0
"DesignName",272,582,"./automated_osu035/automated_osu035_iwls_final_eth_crc.v","automated_osu035","v","eth, interface, crc",1536007405.12499,8,33,0
"automated_osu035_iwls_final_eth_fifo",1693,4044,"./automated_osu035/automated_osu035_iwls_final_eth_fifo.v","automated_osu035","v","fifo, memory",1536007405.22498,37,40,0
"automated_osu035_iwls_final_eth_maccontrol",976,2035,"./automated_osu035/automated_osu035_iwls_final_eth_maccontrol.v","automated_osu035","v","eth, interface",1536007405.29698,103,20,0
"automated_osu035_iwls_final_eth_macstatus",395,654,"./automated_osu035/automated_osu035_iwls_final_eth_macstatus.v","automated_osu035","v","eth, interface",1536007405.34098,93,19,0
"automated_osu035_iwls_final_eth_miim",519,1069,"./automated_osu035/automated_osu035_iwls_final_eth_miim.v","automated_osu035","v","eth, interface",1536007405.39298,41,25,0
"automated_osu035_iwls_final_eth_outputcontrol",64,111,"./automated_osu035/automated_osu035_iwls_final_eth_outputcontrol.v","automated_osu035","v",,1536007405.42498,14,2,0
"automated_osu035_iwls_final_eth_random",135,259,"./automated_osu035/automated_osu035_iwls_final_eth_random.v","automated_osu035","v",,1536007405.46098,34,2,0
"automated_osu035_iwls_final_eth_receivecontrol",630,1310,"./automated_osu035/automated_osu035_iwls_final_eth_receivecontrol.v","automated_osu035","v","eth, interface",1536007405.51698,74,4,0
"automated_osu035_iwls_final_eth_register",54,90,"./automated_osu035/automated_osu035_iwls_final_eth_register.v","automated_osu035","v",,1536007405.53698,12,8,0
"automated_osu035_iwls_final_eth_rxaddrcheck",411,654,"./automated_osu035/automated_osu035_iwls_final_eth_rxaddrcheck.v","automated_osu035","v","add, arithmetic",1536007405.57298,144,2,0
"automated_osu035_iwls_final_eth_rxcounters",355,704,"./automated_osu035/automated_osu035_iwls_final_eth_rxcounters.v","automated_osu035","v","eth, interface",1536007405.62498,30,32,0
"automated_osu035_iwls_final_eth_rxethmac",1181,2412,"./automated_osu035/automated_osu035_iwls_final_eth_rxethmac.v","automated_osu035","v","eth, interface",1536007405.68498,143,38,0
"automated_osu035_iwls_final_eth_rxstatem",63,117,"./automated_osu035/automated_osu035_iwls_final_eth_rxstatem.v","automated_osu035","v",,1536007405.72898,10,6,0
"automated_osu035_iwls_final_eth_shiftreg",222,392,"./automated_osu035/automated_osu035_iwls_final_eth_shiftreg.v","automated_osu035","v","register, memory",1536007405.75298,37,18,0
"automated_osu035_iwls_final_eth_spram_256x32",44931,110148,"./automated_osu035/automated_osu035_iwls_final_eth_spram_256x32.v","automated_osu035","v","ram, spram",1536007407.65695,45,32,0
"automated_osu035_iwls_final_eth_transmitcontrol",340,622,"./automated_osu035/automated_osu035_iwls_final_eth_transmitcontrol.v","automated_osu035","v","eth, interface",1536007407.70495,75,14,0
"automated_osu035_iwls_final_eth_txcounters",600,1215,"./automated_osu035/automated_osu035_iwls_final_eth_txcounters.v","automated_osu035","v","eth, interface",1536007407.76495,55,40,0
"automated_osu035_iwls_final_eth_txethmac",1324,2820,"./automated_osu035/automated_osu035_iwls_final_eth_txethmac.v","automated_osu035","v","eth, interface",1536007407.82895,85,24,0
"automated_osu035_iwls_final_eth_txstatem",282,483,"./automated_osu035/automated_osu035_iwls_final_eth_txstatem.v","automated_osu035","v","eth, interface",1536007407.85695,51,20,0
"automated_osu035_iwls_final_except",192,253,"./automated_osu035/automated_osu035_iwls_final_except.v","automated_osu035","v",,1536007407.88895,65,12,0
"automated_osu035_iwls_final_fifo4",211,452,"./automated_osu035/automated_osu035_iwls_final_fifo4.v","automated_osu035","v","fifo, memory",1536007407.92895,13,10,0
"automated_osu035_iwls_final_fir_8x",521,1174,"./automated_osu035/automated_osu035_iwls_final_fir_8x.v","automated_osu035","v",,1536007407.97695,23,19,0
"automated_osu035_iwls_final_fpu",29916,72178,"./automated_osu035/automated_osu035_iwls_final_fpu.v","automated_osu035","v","fpu",1536007409.24093,70,40,0
"automated_osu035_iwls_final_FS90B779_DAI",551,1232,"./automated_osu035/automated_osu035_iwls_final_FS90B779_DAI.v","automated_osu035","v",,1536007409.29293,42,37,0
"automated_osu035_iwls_final_FXADDA162H90A",72,36,"./automated_osu035/automated_osu035_iwls_final_FXADDA162H90A.v","automated_osu035","v","add, arithmetic",1536007409.31693,82,36,0
"automated_osu035_iwls_final_generic_dpram",2722,6202,"./automated_osu035/automated_osu035_iwls_final_generic_dpram.v","automated_osu035","v","ram, memory",1536007409.66492,34,16,0
"automated_osu035_iwls_final_generic_spram",2937,6581,"./automated_osu035/automated_osu035_iwls_final_generic_spram.v","automated_osu035","v","ram, memory",1536007409.92492,19,8,0
"automated_osu035_iwls_final_i2c_master_bit_ctrl",433,971,"./automated_osu035/automated_osu035_iwls_final_i2c_master_bit_ctrl.v","automated_osu035","v",,1536007409.96892,27,8,0
"automated_osu035_iwls_final_i2c_master_byte_ctrl",589,1334,"./automated_osu035/automated_osu035_iwls_final_i2c_master_byte_ctrl.v","automated_osu035","v",,1536007410.04892,35,16,0
"automated_osu035_iwls_final_i2c_master_top",896,2152,"./automated_osu035/automated_osu035_iwls_final_i2c_master_top.v","automated_osu035","v","topfile",1536007410.12492,19,14,0
"automated_osu035_iwls_final_IDEBN",8,12,"./automated_osu035/automated_osu035_iwls_final_IDEBN.v","automated_osu035","v",,1536007410.14092,2,1,0
"automated_osu035_iwls_final_key_gen",626,1264,"./automated_osu035/automated_osu035_iwls_final_key_gen.v","automated_osu035","v",,1536007410.21292,61,104,0
"automated_osu035_iwls_final_key_sel",3970,7056,"./automated_osu035/automated_osu035_iwls_final_key_sel.v","automated_osu035","v",,1536007410.52491,58,768,0
"automated_osu035_iwls_final_key_sel3",1992,4762,"./automated_osu035/automated_osu035_iwls_final_key_sel3.v","automated_osu035","v",,1536007410.38492,175,48,0
"automated_osu035_iwls_final_keysched",1081,2130,"./automated_osu035/automated_osu035_iwls_final_keysched.v","automated_osu035","v",,1536007410.26492,143,139,0
"automated_osu035_iwls_final_lbc_and",4,3,"./automated_osu035/automated_osu035_iwls_final_lbc_and.v","automated_osu035","v",,1536007410.55291,2,1,0
"automated_osu035_iwls_final_lbc_mux",7,7,"./automated_osu035/automated_osu035_iwls_final_lbc_mux.v","automated_osu035","v",,1536007410.58091,3,1,0
"automated_osu035_iwls_final_lmi_align",189,333,"./automated_osu035/automated_osu035_iwls_final_lmi_align.v","automated_osu035","v",,1536007410.61691,37,32,0
"automated_osu035_iwls_final_lmi_lbc_align",202,328,"./automated_osu035/automated_osu035_iwls_final_lmi_lbc_align.v","automated_osu035","v",,1536007410.64891,37,32,0
"automated_osu035_iwls_final_mc_adr_sel",873,1933,"./automated_osu035/automated_osu035_iwls_final_mc_adr_sel.v","automated_osu035","v",,1536007410.77691,110,50,0
"automated_osu035_iwls_final_mc_cs_rf",463,851,"./automated_osu035/automated_osu035_iwls_final_mc_cs_rf.v","automated_osu035","v",,1536007410.86491,134,68,0
"automated_osu035_iwls_final_mc_cs_rf_dummy",136,68,"./automated_osu035/automated_osu035_iwls_final_mc_cs_rf_dummy.v","automated_osu035","v",,1536007410.82091,134,68,0
"automated_osu035_iwls_final_mc_dp",1344,2859,"./automated_osu035/automated_osu035_iwls_final_mc_dp.v","automated_osu035","v",,1536007410.92891,121,69,0
"automated_osu035_iwls_final_mc_incn_r",198,303,"./automated_osu035/automated_osu035_iwls_final_mc_incn_r.v","automated_osu035","v",,1536007410.97691,33,32,0
"automated_osu035_iwls_final_mc_mem_if",488,567,"./automated_osu035/automated_osu035_iwls_final_mc_mem_if.v","automated_osu035","v",,1536007411.04491,150,123,0
"automated_osu035_iwls_final_mc_obct",366,847,"./automated_osu035/automated_osu035_iwls_final_mc_obct.v","automated_osu035","v",,1536007411.3849,20,3,0
"automated_osu035_iwls_final_mc_obct_dummy",6,3,"./automated_osu035/automated_osu035_iwls_final_mc_obct_dummy.v","automated_osu035","v",,1536007411.06491,20,3,0
"automated_osu035_iwls_final_mc_obct_top",754,1765,"./automated_osu035/automated_osu035_iwls_final_mc_obct_top.v","automated_osu035","v","topfile",1536007411.2529,29,3,0
"automated_osu035_iwls_final_mc_rd_fifo",737,1621,"./automated_osu035/automated_osu035_iwls_final_mc_rd_fifo.v","automated_osu035","v","fifo, memory",1536007411.5689,41,36,0
"automated_osu035_iwls_final_mc_refresh",202,420,"./automated_osu035/automated_osu035_iwls_final_mc_refresh.v","automated_osu035","v",,1536007411.7449,22,1,0
"automated_osu035_iwls_final_mc_rf",4508,8871,"./automated_osu035/automated_osu035_iwls_final_mc_rf.v","automated_osu035","v",,1536007412.04889,106,233,0
"automated_osu035_iwls_final_mc_timing",1489,3264,"./automated_osu035/automated_osu035_iwls_final_mc_timing.v","automated_osu035","v",,1536007412.40489,105,32,0
"automated_osu035_iwls_final_mc_top",8244,18085,"./automated_osu035/automated_osu035_iwls_final_mc_top.v","automated_osu035","v","topfile",1536007412.75688,115,152,0
"automated_osu035_iwls_final_mc_wb_if",305,430,"./automated_osu035/automated_osu035_iwls_final_mc_wb_if.v","automated_osu035","v",,1536007412.80888,105,39,0
"automated_osu035_iwls_final_mcsa6",53,88,"./automated_osu035/automated_osu035_iwls_final_mcsa6.v","automated_osu035","v",,1536007412.07289,9,5,0
"automated_osu035_iwls_final_mcst50",2297,4179,"./automated_osu035/automated_osu035_iwls_final_mcst50.v","automated_osu035","v",,1536007412.24089,300,100,0
"automated_osu035_iwls_final_mfa",14,22,"./automated_osu035/automated_osu035_iwls_final_mfa.v","automated_osu035","v",,1536007412.84488,3,2,0
"automated_osu035_iwls_final_mixcolum",2540,5714,"./automated_osu035/automated_osu035_iwls_final_mixcolum.v","automated_osu035","v",,1536007413.16488,132,129,0
"automated_osu035_iwls_final_mpcs50",797,1195,"./automated_osu035/automated_osu035_iwls_final_mpcs50.v","automated_osu035","v",,1536007413.32088,150,99,0
"automated_osu035_iwls_final_mul_r2",6791,16942,"./automated_osu035/automated_osu035_iwls_final_mul_r2.v","automated_osu035","v",,1536007413.71687,49,48,0
"automated_osu035_iwls_final_MUX_IO",134,89,"./automated_osu035/automated_osu035_iwls_final_MUX_IO.v","automated_osu035","v",,1536007413.87287,44,45,0
"automated_osu035_iwls_final_mux32",198,229,"./automated_osu035/automated_osu035_iwls_final_mux32.v","automated_osu035","v",,1536007413.81687,67,32,0
"automated_osu035_iwls_final_MX2X1",2,1,"./automated_osu035/automated_osu035_iwls_final_MX2X1.v","automated_osu035","v",,1536007413.89287,3,1,0
"automated_osu035_iwls_final_NAND2X2",2,1,"./automated_osu035/automated_osu035_iwls_final_NAND2X2.v","automated_osu035","v",,1536007413.92487,2,1,0
"automated_osu035_iwls_final_NAND4X1",2,1,"./automated_osu035/automated_osu035_iwls_final_NAND4X1.v","automated_osu035","v",,1536007413.94087,4,1,0
"automated_osu035_iwls_final_noise_shaper",1400,3057,"./automated_osu035/automated_osu035_iwls_final_noise_shaper.v","automated_osu035","v",,1536007414.02087,21,1,0
"automated_osu035_iwls_final_NOR4X1",2,1,"./automated_osu035/automated_osu035_iwls_final_NOR4X1.v","automated_osu035","v",,1536007414.04487,4,1,0
"automated_osu035_iwls_final_OAI33X1",2,1,"./automated_osu035/automated_osu035_iwls_final_OAI33X1.v","automated_osu035","v",,1536007414.06087,6,1,0
"automated_osu035_iwls_final_OR4X1",2,1,"./automated_osu035/automated_osu035_iwls_final_OR4X1.v","automated_osu035","v",,1536007414.09287,4,1,0
"automated_osu035_iwls_final_pci_async_reset_flop",6,5,"./automated_osu035/automated_osu035_iwls_final_pci_async_reset_flop.v","automated_osu035","v",,1536007414.13286,3,1,0
"automated_osu035_iwls_final_pci_bridge32",18271,42339,"./automated_osu035/automated_osu035_iwls_final_pci_bridge32.v","automated_osu035","v","pci, interface",1536007414.88485,162,207,0
"automated_osu035_iwls_final_pci_cbe_en_crit",8,7,"./automated_osu035/automated_osu035_iwls_final_pci_cbe_en_crit.v","automated_osu035","v",,1536007414.92085,4,1,0
"automated_osu035_iwls_final_pci_conf_cyc_addr_dec",138,195,"./automated_osu035/automated_osu035_iwls_final_pci_conf_cyc_addr_dec.v","automated_osu035","v","add, arithmetic",1536007414.97685,32,32,0
"automated_osu035_iwls_final_pci_conf_space",2906,4760,"./automated_osu035/automated_osu035_iwls_final_pci_conf_space.v","automated_osu035","v","pci, interface",1536007415.09685,226,610,0
"automated_osu035_iwls_final_pci_cur_out_reg",346,572,"./automated_osu035/automated_osu035_iwls_final_pci_cur_out_reg.v","automated_osu035","v","register, memory",1536007415.16485,90,54,0
"automated_osu035_iwls_final_pci_delayed_sync",414,774,"./automated_osu035/automated_osu035_iwls_final_pci_delayed_sync.v","automated_osu035","v","pci, interface",1536007415.21685,51,48,0
"automated_osu035_iwls_final_pci_delayed_write_reg",196,321,"./automated_osu035/automated_osu035_iwls_final_pci_delayed_write_reg.v","automated_osu035","v",,1536007415.28485,35,32,0
"automated_osu035_iwls_final_pci_frame_crit",7,6,"./automated_osu035/automated_osu035_iwls_final_pci_frame_crit.v","automated_osu035","v","ram, memory",1536007415.34485,3,1,0
"automated_osu035_iwls_final_pci_frame_en_crit",8,7,"./automated_osu035/automated_osu035_iwls_final_pci_frame_en_crit.v","automated_osu035","v","ram, memory",1536007415.36485,4,1,0
"automated_osu035_iwls_final_pci_frame_load_crit",9,8,"./automated_osu035/automated_osu035_iwls_final_pci_frame_load_crit.v","automated_osu035","v","ram, memory",1536007415.42485,4,1,0
"automated_osu035_iwls_final_pci_in_reg",262,431,"./automated_osu035/automated_osu035_iwls_final_pci_in_reg.v","automated_osu035","v","register, memory",1536007415.52485,46,43,0
"automated_osu035_iwls_final_pci_io_mux",756,1122,"./automated_osu035/automated_osu035_iwls_final_pci_io_mux.v","automated_osu035","v","pci, interface",1536007415.84084,101,92,0
"automated_osu035_iwls_final_pci_io_mux_ad_en_crit",8,7,"./automated_osu035/automated_osu035_iwls_final_pci_io_mux_ad_en_crit.v","automated_osu035","v",,1536007415.60484,4,1,0
"automated_osu035_iwls_final_pci_io_mux_ad_load_crit",10,9,"./automated_osu035/automated_osu035_iwls_final_pci_io_mux_ad_load_crit.v","automated_osu035","v",,1536007415.71284,4,1,0
"automated_osu035_iwls_final_pci_irdy_out_crit",9,8,"./automated_osu035/automated_osu035_iwls_final_pci_irdy_out_crit.v","automated_osu035","v",,1536007415.94484,4,1,0
"automated_osu035_iwls_final_pci_mas_ad_en_crit",7,6,"./automated_osu035/automated_osu035_iwls_final_pci_mas_ad_en_crit.v","automated_osu035","v",,1536007415.96084,3,1,0
"automated_osu035_iwls_final_pci_mas_ad_load_crit",7,6,"./automated_osu035/automated_osu035_iwls_final_pci_mas_ad_load_crit.v","automated_osu035","v",,1536007416.04884,3,1,0
"automated_osu035_iwls_final_pci_mas_ch_state_crit",9,8,"./automated_osu035/automated_osu035_iwls_final_pci_mas_ch_state_crit.v","automated_osu035","v",,1536007416.15284,4,1,0
"automated_osu035_iwls_final_pci_master32_sm",568,825,"./automated_osu035/automated_osu035_iwls_final_pci_master32_sm.v","automated_osu035","v","pci, interface",1536007416.30084,165,85,0
"automated_osu035_iwls_final_pci_master32_sm_if",1313,2426,"./automated_osu035/automated_osu035_iwls_final_pci_master32_sm_if.v","automated_osu035","v","pci, interface",1536007416.26084,166,199,0
"automated_osu035_iwls_final_pci_out_reg",16,19,"./automated_osu035/automated_osu035_iwls_final_pci_out_reg.v","automated_osu035","v",,1536007416.33284,6,2,0
"automated_osu035_iwls_final_pci_par_crit",25,40,"./automated_osu035/automated_osu035_iwls_final_pci_par_crit.v","automated_osu035","v",,1536007416.39283,7,1,0
"automated_osu035_iwls_final_pci_parity_check",480,840,"./automated_osu035/automated_osu035_iwls_final_pci_parity_check.v","automated_osu035","v","pci, interface",1536007416.46883,94,9,0
"automated_osu035_iwls_final_pci_pci_decoder",174,183,"./automated_osu035/automated_osu035_iwls_final_pci_pci_decoder.v","automated_osu035","v",,1536007416.49683,76,33,0
"automated_osu035_iwls_final_pci_pci_tpram",55664,136647,"./automated_osu035/automated_osu035_iwls_final_pci_pci_tpram.v","automated_osu035","v","PCI, ram ",1536007419.0568,106,80,0
"automated_osu035_iwls_final_pci_pcir_fifo_control",351,830,"./automated_osu035/automated_osu035_iwls_final_pci_pcir_fifo_control.v","automated_osu035","v","fifo, memory",1536007416.56083,6,19,0
"automated_osu035_iwls_final_pci_pciw_fifo_control",567,1323,"./automated_osu035/automated_osu035_iwls_final_pci_pciw_fifo_control.v","automated_osu035","v","fifo, memory",1536007419.1808,5,22,0
"automated_osu035_iwls_final_pci_pciw_pcir_fifos",3874,9050,"./automated_osu035/automated_osu035_iwls_final_pci_pciw_pcir_fifos.v","automated_osu035","v","fifo",1536007419.49679,88,91,0
"automated_osu035_iwls_final_pci_perr_crit",12,17,"./automated_osu035/automated_osu035_iwls_final_pci_perr_crit.v","automated_osu035","v",,1536007419.52079,3,2,0
"automated_osu035_iwls_final_pci_perr_en_crit",16,19,"./automated_osu035/automated_osu035_iwls_final_pci_perr_en_crit.v","automated_osu035","v",,1536007419.56079,6,2,0
"automated_osu035_iwls_final_pci_rst_int",26,21,"./automated_osu035/automated_osu035_iwls_final_pci_rst_int.v","automated_osu035","v",,1536007419.58479,8,8,0
"automated_osu035_iwls_final_pci_serr_crit",7,8,"./automated_osu035/automated_osu035_iwls_final_pci_serr_crit.v","automated_osu035","v",,1536007419.63279,3,1,0
"automated_osu035_iwls_final_pci_serr_en_crit",8,9,"./automated_osu035/automated_osu035_iwls_final_pci_serr_en_crit.v","automated_osu035","v",,1536007419.68079,3,1,0
"automated_osu035_iwls_final_pci_spoci_ctrl",607,1394,"./automated_osu035/automated_osu035_iwls_final_pci_spoci_ctrl.v","automated_osu035","v","pci, interface",1536007419.75279,25,13,0
"automated_osu035_iwls_final_pci_sync_module",22,36,"./automated_osu035/automated_osu035_iwls_final_pci_sync_module.v","automated_osu035","v",,1536007419.82479,4,2,0
"automated_osu035_iwls_final_pci_synchronizer_flop",6,5,"./automated_osu035/automated_osu035_iwls_final_pci_synchronizer_flop.v","automated_osu035","v",,1536007419.80079,3,1,0
"automated_osu035_iwls_final_pci_target_unit",6242,13937,"./automated_osu035/automated_osu035_iwls_final_pci_target_unit.v","automated_osu035","v","pci, interface",1536007421.06877,582,245,0
"automated_osu035_iwls_final_pci_target32_clk_en",12,11,"./automated_osu035/automated_osu035_iwls_final_pci_target32_clk_en.v","automated_osu035","v",,1536007419.91679,7,1,0
"automated_osu035_iwls_final_pci_target32_devs_crit",11,11,"./automated_osu035/automated_osu035_iwls_final_pci_target32_devs_crit.v","automated_osu035","v",,1536007419.98879,5,1,0
"automated_osu035_iwls_final_pci_target32_interface",1525,2625,"./automated_osu035/automated_osu035_iwls_final_pci_target32_interface.v","automated_osu035","v","pci, interface",1536007420.21678,661,182,0
"automated_osu035_iwls_final_pci_target32_sm",519,638,"./automated_osu035/automated_osu035_iwls_final_pci_target32_sm.v","automated_osu035","v","pci, interface",1536007420.38878,99,133,0
"automated_osu035_iwls_final_pci_target32_stop_crit",11,11,"./automated_osu035/automated_osu035_iwls_final_pci_target32_stop_crit.v","automated_osu035","v","topfile",1536007420.54478,5,1,0
"automated_osu035_iwls_final_pci_target32_trdy_crit",11,11,"./automated_osu035/automated_osu035_iwls_final_pci_target32_trdy_crit.v","automated_osu035","v",,1536007420.70478,5,1,0
"automated_osu035_iwls_final_pci_wb_addr_mux",184,248,"./automated_osu035/automated_osu035_iwls_final_pci_wb_addr_mux.v","automated_osu035","v","add, arithmetic",1536007421.17277,56,38,0
"automated_osu035_iwls_final_pci_wb_decoder",161,169,"./automated_osu035/automated_osu035_iwls_final_pci_wb_decoder.v","automated_osu035","v",,1536007421.24077,69,33,0
"automated_osu035_iwls_final_pci_wb_master",1024,1905,"./automated_osu035/automated_osu035_iwls_final_pci_wb_master.v","automated_osu035","v","pci, interface",1536007421.34077,131,128,0
"automated_osu035_iwls_final_pci_wb_slave",868,1283,"./automated_osu035/automated_osu035_iwls_final_pci_wb_slave.v","automated_osu035","v","pci, interface",1536007421.86076,251,138,0
"automated_osu035_iwls_final_pci_wb_slave_unit",9058,20366,"./automated_osu035/automated_osu035_iwls_final_pci_wb_slave_unit.v","automated_osu035","v","pci, interface",1536007421.80876,237,174,0
"automated_osu035_iwls_final_pci_wb_tpram",55664,136647,"./automated_osu035/automated_osu035_iwls_final_pci_wb_tpram.v","automated_osu035","v","PCI, ram ",1536007424.38073,106,80,0
"automated_osu035_iwls_final_pci_wbr_fifo_control",259,583,"./automated_osu035/automated_osu035_iwls_final_pci_wbr_fifo_control.v","automated_osu035","v","fifo, memory",1536007421.39277,6,17,0
"automated_osu035_iwls_final_pci_wbs_wbb3_2_wbb2",791,1430,"./automated_osu035/automated_osu035_iwls_final_pci_wbs_wbb3_2_wbb2.v","automated_osu035","v","pci, interface",1536007421.92876,114,107,0
"automated_osu035_iwls_final_pci_wbw_fifo_control",396,922,"./automated_osu035/automated_osu035_iwls_final_pci_wbw_fifo_control.v","automated_osu035","v","fifo, memory",1536007424.84872,5,19,0
"automated_osu035_iwls_final_pci_wbw_wbr_fifos",7391,16899,"./automated_osu035/automated_osu035_iwls_final_pci_wbw_wbr_fifos.v","automated_osu035","v","fifo",1536007425.17272,88,85,0
"automated_osu035_iwls_final_pcm_slv_top",439,966,"./automated_osu035/automated_osu035_iwls_final_pcm_slv_top.v","automated_osu035","v","topfile",1536007425.22872,19,9,0
"automated_osu035_iwls_final_post_norm",1969,4354,"./automated_osu035/automated_osu035_iwls_final_post_norm.v","automated_osu035","v",,1536007425.34871,75,35,0
"automated_osu035_iwls_final_pre_norm",1592,3629,"./automated_osu035/automated_osu035_iwls_final_pre_norm.v","automated_osu035","v",,1536007425.75671,70,66,0
"automated_osu035_iwls_final_pre_norm_fmul",621,1171,"./automated_osu035/automated_osu035_iwls_final_pre_norm_fmul.v","automated_osu035","v",,1536007425.52471,68,64,0
"automated_osu035_iwls_final_rounding",436,1014,"./automated_osu035/automated_osu035_iwls_final_rounding.v","automated_osu035","v",,1536007425.79671,27,23,0
"automated_osu035_iwls_final_s1",128,314,"./automated_osu035/automated_osu035_iwls_final_s1.v","automated_osu035","v",,1536007426.6647,6,4,0
"automated_osu035_iwls_final_s1196_bench",425,978,"./automated_osu035/automated_osu035_iwls_final_s1196_bench.v","automated_osu035","v",,1536007425.83271,16,14,0
"automated_osu035_iwls_final_s1238_bench",417,971,"./automated_osu035/automated_osu035_iwls_final_s1238_bench.v","automated_osu035","v",,1536007425.87271,16,14,0
"automated_osu035_iwls_final_s13207_bench",1069,2196,"./automated_osu035/automated_osu035_iwls_final_s13207_bench.v","automated_osu035","v",,1536007425.94071,33,121,0
"automated_osu035_iwls_final_s1423_bench",490,1122,"./automated_osu035/automated_osu035_iwls_final_s1423_bench.v","automated_osu035","v",,1536007426.0647,19,5,0
"automated_osu035_iwls_final_s1488_bench",427,1030,"./automated_osu035/automated_osu035_iwls_final_s1488_bench.v","automated_osu035","v",,1536007426.2047,10,19,0
"automated_osu035_iwls_final_s1494_bench",430,1050,"./automated_osu035/automated_osu035_iwls_final_s1494_bench.v","automated_osu035","v",,1536007426.3687,10,19,0
"automated_osu035_iwls_final_s15850_bench",773,1506,"./automated_osu035/automated_osu035_iwls_final_s15850_bench.v","automated_osu035","v",,1536007426.5287,16,87,0
"automated_osu035_iwls_final_s2",162,391,"./automated_osu035/automated_osu035_iwls_final_s2.v","automated_osu035","v",,1536007427.22469,6,4,0
"automated_osu035_iwls_final_s208_1_bench",75,145,"./automated_osu035/automated_osu035_iwls_final_s208_1_bench.v","automated_osu035","v",,1536007426.80069,12,1,0
"automated_osu035_iwls_final_s27_bench",22,31,"./automated_osu035/automated_osu035_iwls_final_s27_bench.v","automated_osu035","v",,1536007426.94469,6,1,0
"automated_osu035_iwls_final_s298_bench",95,213,"./automated_osu035/automated_osu035_iwls_final_s298_bench.v","automated_osu035","v",,1536007427.08469,5,6,0
"automated_osu035_iwls_final_s3",153,376,"./automated_osu035/automated_osu035_iwls_final_s3.v","automated_osu035","v",,1536007428.78867,6,4,0
"automated_osu035_iwls_final_s344_bench",128,258,"./automated_osu035/automated_osu035_iwls_final_s344_bench.v","automated_osu035","v",,1536007427.36469,11,11,0
"automated_osu035_iwls_final_s349_bench",127,258,"./automated_osu035/automated_osu035_iwls_final_s349_bench.v","automated_osu035","v",,1536007427.54068,11,11,0
"automated_osu035_iwls_final_s35932_bench",10226,22833,"./automated_osu035/automated_osu035_iwls_final_s35932_bench.v","automated_osu035","v",,1536007428.02868,37,320,0
"automated_osu035_iwls_final_s382_bench",129,288,"./automated_osu035/automated_osu035_iwls_final_s382_bench.v","automated_osu035","v",,1536007428.05268,5,6,0
"automated_osu035_iwls_final_s38417_bench",7883,19496,"./automated_osu035/automated_osu035_iwls_final_s38417_bench.v","automated_osu035","v",,1536007428.39667,30,106,0
"automated_osu035_iwls_final_s38584_bench",6916,16291,"./automated_osu035/automated_osu035_iwls_final_s38584_bench.v","automated_osu035","v",,1536007428.70067,14,278,0
"automated_osu035_iwls_final_s386_bench",123,252,"./automated_osu035/automated_osu035_iwls_final_s386_bench.v","automated_osu035","v",,1536007428.74867,9,7,0
"automated_osu035_iwls_final_s4",127,299,"./automated_osu035/automated_osu035_iwls_final_s4.v","automated_osu035","v",,1536007428.90867,6,4,0
"automated_osu035_iwls_final_s400_bench",131,287,"./automated_osu035/automated_osu035_iwls_final_s400_bench.v","automated_osu035","v",,1536007428.80867,5,6,0
"automated_osu035_iwls_final_s420_1_bench",155,305,"./automated_osu035/automated_osu035_iwls_final_s420_1_bench.v","automated_osu035","v",,1536007428.83667,20,1,0
"automated_osu035_iwls_final_s444_bench",141,325,"./automated_osu035/automated_osu035_iwls_final_s444_bench.v","automated_osu035","v",,1536007428.86067,5,6,0
"automated_osu035_iwls_final_s5",133,339,"./automated_osu035/automated_osu035_iwls_final_s5.v","automated_osu035","v",,1536007429.28866,6,4,0
"automated_osu035_iwls_final_s510_bench",199,421,"./automated_osu035/automated_osu035_iwls_final_s510_bench.v","automated_osu035","v",,1536007428.92867,21,7,0
"automated_osu035_iwls_final_s526_bench",172,399,"./automated_osu035/automated_osu035_iwls_final_s526_bench.v","automated_osu035","v",,1536007428.99266,5,6,0
"automated_osu035_iwls_final_s526n_bench",172,403,"./automated_osu035/automated_osu035_iwls_final_s526n_bench.v","automated_osu035","v",,1536007429.09666,5,6,0
"automated_osu035_iwls_final_s5378_bench",1117,2429,"./automated_osu035/automated_osu035_iwls_final_s5378_bench.v","automated_osu035","v",,1536007429.18866,37,49,0
"automated_osu035_iwls_final_s6",126,294,"./automated_osu035/automated_osu035_iwls_final_s6.v","automated_osu035","v",,1536007429.54466,6,4,0
"automated_osu035_iwls_final_s641_bench",215,368,"./automated_osu035/automated_osu035_iwls_final_s641_bench.v","automated_osu035","v",,1536007429.40466,37,23,0
"automated_osu035_iwls_final_s7",150,354,"./automated_osu035/automated_osu035_iwls_final_s7.v","automated_osu035","v",,1536007429.82465,6,4,0
"automated_osu035_iwls_final_s713_bench",218,375,"./automated_osu035/automated_osu035_iwls_final_s713_bench.v","automated_osu035","v",,1536007429.66466,37,23,0
"automated_osu035_iwls_final_s8",140,332,"./automated_osu035/automated_osu035_iwls_final_s8.v","automated_osu035","v",,1536007430.30465,6,4,0
"automated_osu035_iwls_final_s820_bench",245,502,"./automated_osu035/automated_osu035_iwls_final_s820_bench.v","automated_osu035","v",,1536007429.98465,20,19,0
"automated_osu035_iwls_final_s832_bench",253,528,"./automated_osu035/automated_osu035_iwls_final_s832_bench.v","automated_osu035","v",,1536007430.14465,20,19,0
"automated_osu035_iwls_final_s838_1_bench",308,616,"./automated_osu035/automated_osu035_iwls_final_s838_1_bench.v","automated_osu035","v",,1536007430.28065,36,1,0
"automated_osu035_iwls_final_s9234_1_bench",959,2157,"./automated_osu035/automated_osu035_iwls_final_s9234_1_bench.v","automated_osu035","v",,1536007430.36465,38,39,0
"automated_osu035_iwls_final_s953_bench",46,23,"./automated_osu035/automated_osu035_iwls_final_s953_bench.v","automated_osu035","v",,1536007430.38465,18,23,0
"automated_osu035_iwls_final_sasc_brg",172,333,"./automated_osu035/automated_osu035_iwls_final_sasc_brg.v","automated_osu035","v",,1536007430.52464,18,2,0
"automated_osu035_iwls_final_sasc_fifo4",211,452,"./automated_osu035/automated_osu035_iwls_final_sasc_fifo4.v","automated_osu035","v","fifo, memory",1536007430.70064,13,10,0
"automated_osu035_iwls_final_sasc_top",567,1253,"./automated_osu035/automated_osu035_iwls_final_sasc_top.v","automated_osu035","v","topfile",1536007430.84064,16,12,0
"automated_osu035_iwls_final_sbox",574,1378,"./automated_osu035/automated_osu035_iwls_final_sbox.v","automated_osu035","v","aes, crypto, sbox",1536007431.89263,11,8,0
"automated_osu035_iwls_final_sbox1",152,364,"./automated_osu035/automated_osu035_iwls_final_sbox1.v","automated_osu035","v","aes, crypto, sbox",1536007430.88864,6,4,0
"automated_osu035_iwls_final_sbox2",148,349,"./automated_osu035/automated_osu035_iwls_final_sbox2.v","automated_osu035","v","aes, crypto, sbox",1536007430.94864,6,4,0
"automated_osu035_iwls_final_sbox3",146,331,"./automated_osu035/automated_osu035_iwls_final_sbox3.v","automated_osu035","v","aes, crypto, sbox",1536007430.97664,6,4,0
"automated_osu035_iwls_final_sbox4",153,365,"./automated_osu035/automated_osu035_iwls_final_sbox4.v","automated_osu035","v","aes, crypto, sbox",1536007431.04464,6,4,0
"automated_osu035_iwls_final_sbox5",152,355,"./automated_osu035/automated_osu035_iwls_final_sbox5.v","automated_osu035","v","aes, crypto, sbox",1536007431.20463,6,4,0
"automated_osu035_iwls_final_sbox6",147,347,"./automated_osu035/automated_osu035_iwls_final_sbox6.v","automated_osu035","v","aes, crypto, sbox",1536007431.36463,6,4,0
"automated_osu035_iwls_final_sbox7",154,367,"./automated_osu035/automated_osu035_iwls_final_sbox7.v","automated_osu035","v","aes, crypto, sbox",1536007431.54463,6,4,0
"automated_osu035_iwls_final_sbox8",151,353,"./automated_osu035/automated_osu035_iwls_final_sbox8.v","automated_osu035","v","aes, crypto, sbox",1536007431.72463,6,4,0
"automated_osu035_iwls_final_SDFFSRX1",4,2,"./automated_osu035/automated_osu035_iwls_final_SDFFSRX1.v","automated_osu035","v",,1536007432.04462,6,2,0
"automated_osu035_iwls_final_simple_spi_top",719,1644,"./automated_osu035/automated_osu035_iwls_final_simple_spi_top.v","automated_osu035","v","topfile, spi, interface",1536007432.21262,16,12,0
"automated_osu035_iwls_final_spi_clgen",176,353,"./automated_osu035/automated_osu035_iwls_final_spi_clgen.v","automated_osu035","v",,1536007432.28462,21,3,0
"automated_osu035_iwls_final_spi_shift",2136,5070,"./automated_osu035/automated_osu035_iwls_final_spi_shift.v","automated_osu035","v","spi, interface",1536007432.47262,57,131,0
"automated_osu035_iwls_final_spi_top",2654,6530,"./automated_osu035/automated_osu035_iwls_final_spi_top.v","automated_osu035","v","topfile, spi, interface",1536007432.62862,47,45,0
"automated_osu035_iwls_final_subbytes",1192,2584,"./automated_osu035/automated_osu035_iwls_final_subbytes.v","automated_osu035","v","crypto, aes, sbox",1536007432.74861,140,138,0
"automated_osu035_iwls_final_SW10200C",24,12,"./automated_osu035/automated_osu035_iwls_final_SW10200C.v","automated_osu035","v",,1536007432.78861,28,12,0
"automated_osu035_iwls_final_SW10201A",52,26,"./automated_osu035/automated_osu035_iwls_final_SW10201A.v","automated_osu035","v",,1536007432.83261,42,26,0
"automated_osu035_iwls_final_TBUFX4",2,1,"./automated_osu035/automated_osu035_iwls_final_TBUFX4.v","automated_osu035","v",,1536007432.86061,2,1,0
"automated_osu035_iwls_final_TBUFX8",2,1,"./automated_osu035/automated_osu035_iwls_final_TBUFX8.v","automated_osu035","v",,1536007432.88061,2,1,0
"automated_osu035_iwls_final_TINVX1",2,1,"./automated_osu035/automated_osu035_iwls_final_TINVX1.v","automated_osu035","v",,1536007432.98461,2,1,0
"automated_osu035_iwls_final_TLATSRX1",4,2,"./automated_osu035/automated_osu035_iwls_final_TLATSRX1.v","automated_osu035","v",,1536007433.12461,4,2,0
"automated_osu035_iwls_final_TLATX1",4,2,"./automated_osu035/automated_osu035_iwls_final_TLATX1.v","automated_osu035","v",,1536007433.26061,2,2,0
"automated_osu035_iwls_final_tv80_alu",607,1277,"./automated_osu035/automated_osu035_iwls_final_tv80_alu.v","automated_osu035","v","alu, arithmetic, add, sub",1536007433.4686,38,16,0
"automated_osu035_iwls_final_tv80_core",6926,16723,"./automated_osu035/automated_osu035_iwls_final_tv80_core.v","automated_osu035","v",,1536007433.8846,23,40,0
"automated_osu035_iwls_final_tv80_mcode",2222,5362,"./automated_osu035/automated_osu035_iwls_final_tv80_mcode.v","automated_osu035","v",,1536007434.0126,23,68,0
"automated_osu035_iwls_final_tv80_reg",1125,2625,"./automated_osu035/automated_osu035_iwls_final_tv80_reg.v","automated_osu035","v","register, memory",1536007434.1086,29,48,0
"automated_osu035_iwls_final_tv80s",6943,16804,"./automated_osu035/automated_osu035_iwls_final_tv80s.v","automated_osu035","v",,1536007434.39259,14,32,0
"automated_osu035_iwls_final_usb_phy",487,1011,"./automated_osu035/automated_osu035_iwls_final_usb_phy.v","automated_osu035","v","usb, interface, phy",1536007436.97256,15,18,0
"automated_osu035_iwls_final_usb_rx_phy",240,483,"./automated_osu035/automated_osu035_iwls_final_usb_rx_phy.v","automated_osu035","v","usb, interface, phy",1536007437.02856,6,14,0
"automated_osu035_iwls_final_usb_tx_phy",211,438,"./automated_osu035/automated_osu035_iwls_final_usb_tx_phy.v","automated_osu035","v","usb, interface, phy",1536007437.05656,13,4,0
"automated_osu035_iwls_final_usbf_crc16",168,296,"./automated_osu035/automated_osu035_iwls_final_usbf_crc16.v","automated_osu035","v",,1536007434.42059,24,16,0
"automated_osu035_iwls_final_usbf_crc5",114,209,"./automated_osu035/automated_osu035_iwls_final_usbf_crc5.v","automated_osu035","v",,1536007434.45259,16,5,0
"automated_osu035_iwls_final_usbf_ep_rf",1776,3697,"./automated_osu035/automated_osu035_iwls_final_usbf_ep_rf.v","automated_osu035","v","usb, interface",1536007434.58059,88,134,0
"automated_osu035_iwls_final_usbf_ep_rf_dummy",268,134,"./automated_osu035/automated_osu035_iwls_final_usbf_ep_rf_dummy.v","automated_osu035","v","usb, interface",1536007434.49659,88,134,0
"automated_osu035_iwls_final_usbf_idma",1417,2936,"./automated_osu035/automated_osu035_iwls_final_usbf_idma.v","automated_osu035","v","usb, interface",1536007434.68059,96,70,0
"automated_osu035_iwls_final_usbf_mem_arb",466,532,"./automated_osu035/automated_osu035_iwls_final_usbf_mem_arb.v","automated_osu035","v","usb, interface",1536007434.70859,133,115,0
"automated_osu035_iwls_final_usbf_pa",347,733,"./automated_osu035/automated_osu035_iwls_final_usbf_pa.v","automated_osu035","v","usb, interface",1536007434.76059,18,12,0
"automated_osu035_iwls_final_usbf_pd",693,1379,"./automated_osu035/automated_osu035_iwls_final_usbf_pd.v","automated_osu035","v","usb, interface",1536007434.84859,13,53,0
"automated_osu035_iwls_final_usbf_pe",1792,3623,"./automated_osu035/automated_osu035_iwls_final_usbf_pe.v","automated_osu035","v","usb, interface",1536007434.93258,142,100,0
"automated_osu035_iwls_final_usbf_pl",4352,9269,"./automated_osu035/automated_osu035_iwls_final_usbf_pl.v","automated_osu035","v","usb, interface",1536007435.11258,158,143,0
"automated_osu035_iwls_final_usbf_rf",10403,21814,"./automated_osu035/automated_osu035_iwls_final_usbf_rf.v","automated_osu035","v","usb, interface",1536007435.56858,159,162,0
"automated_osu035_iwls_final_usbf_top",15067,32423,"./automated_osu035/automated_osu035_iwls_final_usbf_top.v","automated_osu035","v","topfile, usb, interface",1536007436.26857,128,121,0
"automated_osu035_iwls_final_usbf_utmi_if",631,1282,"./automated_osu035/automated_osu035_iwls_final_usbf_utmi_if.v","automated_osu035","v","usb, interface",1536007436.44456,29,31,0
"automated_osu035_iwls_final_usbf_utmi_ls",531,1133,"./automated_osu035/automated_osu035_iwls_final_usbf_utmi_ls.v","automated_osu035","v","usb, interface",1536007436.62856,8,11,0
"automated_osu035_iwls_final_usbf_wb",494,552,"./automated_osu035/automated_osu035_iwls_final_usbf_wb.v","automated_osu035","v","usb, interface",1536007436.78456,121,119,0
"automated_osu035_iwls_final_vga_clkgen",13,14,"./automated_osu035/automated_osu035_iwls_final_vga_clkgen.v","automated_osu035","v",,1536007437.10056,2,4,0
"automated_osu035_iwls_final_vga_colproc",704,1524,"./automated_osu035/automated_osu035_iwls_final_vga_colproc.v","automated_osu035","v","vga, interface",1536007437.18455,64,35,0
"automated_osu035_iwls_final_vga_csm_pb",44745,109790,"./automated_osu035/automated_osu035_iwls_final_vga_csm_pb.v","automated_osu035","v","vga, interface",1536007439.14453,85,66,0
"automated_osu035_iwls_final_vga_cur_cregs",1743,4298,"./automated_osu035/automated_osu035_iwls_final_vga_cur_cregs.v","automated_osu035","v","register, memory",1536007439.39252,44,49,0
"automated_osu035_iwls_final_vga_curproc",89231,245277,"./automated_osu035/automated_osu035_iwls_final_vga_curproc.v","automated_osu035","v","vga, interface",1536007443.07647,151,29,0
"automated_osu035_iwls_final_vga_enh_top",91455,226162,"./automated_osu035/automated_osu035_iwls_final_vga_enh_top.v","automated_osu035","v","topfile",1536007447.03642,89,109,0
"automated_osu035_iwls_final_vga_fifo",456,989,"./automated_osu035/automated_osu035_iwls_final_vga_fifo.v","automated_osu035","v","fifo, memory",1536007447.78841,13,16,0
"automated_osu035_iwls_final_vga_fifo_dc",10901,26861,"./automated_osu035/automated_osu035_iwls_final_vga_fifo_dc.v","automated_osu035","v","fifo",1536007447.68441,22,18,0
"automated_osu035_iwls_final_vga_pgen",3700,8378,"./automated_osu035/automated_osu035_iwls_final_vga_pgen.v","automated_osu035","v","vga, interface",1536007447.96441,302,78,0
"automated_osu035_iwls_final_vga_tgen",798,1721,"./automated_osu035/automated_osu035_iwls_final_vga_tgen.v","automated_osu035","v","vga, interface",1536007448.16441,99,7,0
"automated_osu035_iwls_final_vga_vtim",408,877,"./automated_osu035/automated_osu035_iwls_final_vga_vtim.v","automated_osu035","v","vga, interface",1536007448.3004,51,3,0
"automated_osu035_iwls_final_vga_wb_master",3953,9168,"./automated_osu035/automated_osu035_iwls_final_vga_wb_master.v","automated_osu035","v","vga, interface",1536007448.6044,180,91,0
"automated_osu035_iwls_final_vga_wb_slave",2108,4542,"./automated_osu035/automated_osu035_iwls_final_vga_wb_slave.v","automated_osu035","v","vga, interface",1536007448.7164,94,351,0
"automated_osu035_iwls_final_wb_conmax_arb",184,413,"./automated_osu035/automated_osu035_iwls_final_wb_conmax_arb.v","automated_osu035","v",,1536007448.7884,11,3,0
"automated_osu035_iwls_final_wb_conmax_master_if",3789,4370,"./automated_osu035/automated_osu035_iwls_final_wb_conmax_master_if.v","automated_osu035","v",,1536007448.9284,633,1171,0
"automated_osu035_iwls_final_wb_conmax_msel",183,402,"./automated_osu035/automated_osu035_iwls_final_wb_conmax_msel.v","automated_osu035","v",,1536007449.00039,27,3,0
"automated_osu035_iwls_final_wb_conmax_pri_dec",8,4,"./automated_osu035/automated_osu035_iwls_final_wb_conmax_pri_dec.v","automated_osu035","v",,1536007449.03639,3,4,0
"automated_osu035_iwls_final_wb_conmax_pri_enc",4,2,"./automated_osu035/automated_osu035_iwls_final_wb_conmax_pri_enc.v","automated_osu035","v",,1536007449.10439,24,2,0
"automated_osu035_iwls_final_wb_conmax_rf",1753,3627,"./automated_osu035/automated_osu035_iwls_final_wb_conmax_rf.v","automated_osu035","v",,1536007449.20439,108,362,0
"automated_osu035_iwls_final_wb_conmax_slave_if",2853,4431,"./automated_osu035/automated_osu035_iwls_final_wb_conmax_slave_if.v","automated_osu035","v",,1536007449.40439,621,351,0
"automated_osu035_iwls_final_wb_dma_ch_arb",1531,3568,"./automated_osu035/automated_osu035_iwls_final_wb_dma_ch_arb.v","automated_osu035","v",,1536007449.54439,34,5,0
"automated_osu035_iwls_final_wb_dma_ch_pri_enc",33,30,"./automated_osu035/automated_osu035_iwls_final_wb_dma_ch_pri_enc.v","automated_osu035","v",,1536007449.60039,125,3,0
"automated_osu035_iwls_final_wb_dma_ch_rf",2119,4347,"./automated_osu035/automated_osu035_iwls_final_wb_dma_ch_rf.v","automated_osu035","v",,1536007449.76438,169,291,0
"automated_osu035_iwls_final_wb_dma_ch_rf_dummy",582,291,"./automated_osu035/automated_osu035_iwls_final_wb_dma_ch_rf_dummy.v","automated_osu035","v",,1536007449.64039,169,291,0
"automated_osu035_iwls_final_wb_dma_de",2162,3672,"./automated_osu035/automated_osu035_iwls_final_wb_dma_de.v","automated_osu035","v",,1536007449.87238,330,255,0
"automated_osu035_iwls_final_wb_dma_inc30r",177,262,"./automated_osu035/automated_osu035_iwls_final_wb_dma_inc30r.v","automated_osu035","v",,1536007449.91638,31,30,0
"automated_osu035_iwls_final_wb_dma_pri_enc_sub",16,8,"./automated_osu035/automated_osu035_iwls_final_wb_dma_pri_enc_sub.v","automated_osu035","v","sub, arithmetic",1536007449.94438,4,8,0
"automated_osu035_iwls_final_wb_dma_top",16892,31627,"./automated_osu035/automated_osu035_iwls_final_wb_dma_top.v","automated_osu035","v","topfile",1536007450.65237,217,215,0
"automated_osu035_iwls_final_wb_dma_wb_if",1257,1496,"./automated_osu035/automated_osu035_iwls_final_wb_dma_wb_if.v","automated_osu035","v",,1536007450.70437,314,313,0
"automated_osu035_iwls_final_wb_dma_wb_mast",694,856,"./automated_osu035/automated_osu035_iwls_final_wb_dma_wb_mast.v","automated_osu035","v",,1536007450.74837,176,140,0
"automated_osu035_iwls_final_wb_dma_wb_slv",564,640,"./automated_osu035/automated_osu035_iwls_final_wb_dma_wb_slv.v","automated_osu035","v",,1536007450.78037,140,173,0
"automated_osu035_iwls_final_word_mixcolum",1400,3216,"./automated_osu035/automated_osu035_iwls_final_word_mixcolum.v","automated_osu035","v",,1536007450.85237,32,64,0
"automated_osu035_jt51_latest_final_bus_manager",162,257,"./automated_osu035/automated_osu035_jt51_latest_final_bus_manager.v","automated_osu035","v",,1536254795.57723,63,11,0
"automated_osu035_jt51_latest_final_jt51",23964,56397,"./automated_osu035/automated_osu035_jt51_latest_final_jt51.v","automated_osu035","v",,1536254798.5772,13,109,0
"automated_osu035_jt51_latest_final_jt51_acc",1043,2366,"./automated_osu035/automated_osu035_jt51_latest_final_jt51_acc.v","automated_osu035","v",,1536254795.69322,30,64,0
"automated_osu035_jt51_latest_final_jt51_envelope",1683,3570,"./automated_osu035/automated_osu035_jt51_latest_final_jt51_envelope.v","automated_osu035","v",,1536254795.77722,52,10,0
"automated_osu035_jt51_latest_final_jt51_exp2lin",0,0,"./automated_osu035/automated_osu035_jt51_latest_final_jt51_exp2lin.v","automated_osu035","v",,1536254795.79322,13,16,0
"automated_osu035_jt51_latest_final_jt51_exptable",2,1,"./automated_osu035/automated_osu035_jt51_latest_final_jt51_exptable.v","automated_osu035","v",,1536254795.81322,8,13,0
"automated_osu035_jt51_latest_final_jt51_lfo",2778,6288,"./automated_osu035/automated_osu035_jt51_latest_final_jt51_lfo.v","automated_osu035","v",,1536254795.99322,28,15,0
"automated_osu035_jt51_latest_final_jt51_lfo_lfsr",101,219,"./automated_osu035/automated_osu035_jt51_latest_final_jt51_lfo_lfsr.v","automated_osu035","v",,1536254795.83722,3,1,0
"automated_osu035_jt51_latest_final_jt51_lin2exp",0,0,"./automated_osu035/automated_osu035_jt51_latest_final_jt51_lin2exp.v","automated_osu035","v",,1536254796.01322,16,13,0
"automated_osu035_jt51_latest_final_jt51_mmr",7272,18323,"./automated_osu035/automated_osu035_jt51_latest_final_jt51_mmr.v","automated_osu035","v",,1536254796.35722,13,135,0
"automated_osu035_jt51_latest_final_jt51_noise",987,2461,"./automated_osu035/automated_osu035_jt51_latest_final_jt51_noise.v","automated_osu035","v",,1536254796.44122,19,11,0
"automated_osu035_jt51_latest_final_jt51_noise_lfsr",83,208,"./automated_osu035/automated_osu035_jt51_latest_final_jt51_noise_lfsr.v","automated_osu035","v",,1536254796.38122,3,1,0
"automated_osu035_jt51_latest_final_jt51_op",3566,8121,"./automated_osu035/automated_osu035_jt51_latest_final_jt51_op.v","automated_osu035","v",,1536254796.62522,39,14,0
"automated_osu035_jt51_latest_final_jt51_phasegen",4583,10770,"./automated_osu035/automated_osu035_jt51_latest_final_jt51_phasegen.v","automated_osu035","v",,1536254796.84521,35,25,0
"automated_osu035_jt51_latest_final_jt51_phinc_rom",0,0,"./automated_osu035/automated_osu035_jt51_latest_final_jt51_phinc_rom.v","automated_osu035","v",,1536254796.86921,10,12,0
"automated_osu035_jt51_latest_final_jt51_pm",564,1292,"./automated_osu035/automated_osu035_jt51_latest_final_jt51_pm.v","automated_osu035","v",,1536254796.90521,23,13,0
"automated_osu035_jt51_latest_final_jt51_reg",8351,20410,"./automated_osu035/automated_osu035_jt51_latest_final_jt51_reg.v","automated_osu035","v","register, memory",1536254797.28921,28,74,0
"automated_osu035_jt51_latest_final_jt51_sh",171,325,"./automated_osu035/automated_osu035_jt51_latest_final_jt51_sh.v","automated_osu035","v",,1536254797.38521,6,5,0
"automated_osu035_jt51_latest_final_jt51_sh1",121,248,"./automated_osu035/automated_osu035_jt51_latest_final_jt51_sh1.v","automated_osu035","v",,1536254797.31321,4,1,0
"automated_osu035_jt51_latest_final_jt51_sh2",598,1245,"./automated_osu035/automated_osu035_jt51_latest_final_jt51_sh2.v","automated_osu035","v",,1536254797.35721,8,5,0
"automated_osu035_jt51_latest_final_jt51_sintable",0,0,"./automated_osu035/automated_osu035_jt51_latest_final_jt51_sintable.v","automated_osu035","v",,1536254797.40521,8,12,0
"automated_osu035_jt51_latest_final_jt51_sum_op",347,749,"./automated_osu035/automated_osu035_jt51_latest_final_jt51_sum_op.v","automated_osu035","v",,1536254797.43721,17,16,0
"automated_osu035_jt51_latest_final_jt51_timer",149,302,"./automated_osu035/automated_osu035_jt51_latest_final_jt51_timer.v","automated_osu035","v",,1536254797.50121,16,2,0
"automated_osu035_jt51_latest_final_jt51_timers",335,695,"./automated_osu035/automated_osu035_jt51_latest_final_jt51_timers.v","automated_osu035","v",,1536254797.47321,30,4,0
"automated_osu035_jt51_latest_final_ramp_a_tone",157,340,"./automated_osu035/automated_osu035_jt51_latest_final_ramp_a_tone.v","automated_osu035","v","ram, memory",1536254798.6172,2,16,0
"automated_osu035_jt51_latest_final_sh_encode",181,403,"./automated_osu035/automated_osu035_jt51_latest_final_sh_encode.v","automated_osu035","v",,1536254798.6412,18,2,0
"automated_osu035_m1_core_latest_final_async_fifo",786,1774,"./automated_osu035/automated_osu035_m1_core_latest_final_async_fifo.v","automated_osu035","v","fifo, memory",1536259613.38951,13,10,0
"automated_osu035_m1_core_latest_final_BUFG",3,2,"./automated_osu035/automated_osu035_m1_core_latest_final_BUFG.v","automated_osu035","v",,1536259613.40951,1,1,0
"automated_osu035_m1_core_latest_final_ddr_init",183,397,"./automated_osu035/automated_osu035_m1_core_latest_final_ddr_init.v","automated_osu035","v",,1536259613.43351,4,21,0
"automated_osu035_m1_core_latest_final_ddr_pulse78",53,114,"./automated_osu035/automated_osu035_m1_core_latest_final_ddr_pulse78.v","automated_osu035","v",,1536259613.45351,2,1,0
"automated_osu035_m1_core_latest_final_ddr_rpath",1508,3539,"./automated_osu035/automated_osu035_m1_core_latest_final_ddr_rpath.v","automated_osu035","v","cpu",1536259613.56951,23,33,0
"automated_osu035_m1_core_latest_final_dpram",152829,384316,"./automated_osu035/automated_osu035_m1_core_latest_final_dpram.v","automated_osu035","v","ram, memory",1536259620.47744,93,72,0
"automated_osu035_m1_core_latest_final_fontmap_rom",2178,5562,"./automated_osu035/automated_osu035_m1_core_latest_final_fontmap_rom.v","automated_osu035","v","cpu, rom, memory",1536259620.79744,13,8,0
"automated_osu035_m1_core_latest_final_GrayCounter",21,39,"./automated_osu035/automated_osu035_m1_core_latest_final_GrayCounter.v","automated_osu035","v",,1536259620.83344,3,2,0
"automated_osu035_m1_core_latest_final_m1_alu",1629,3688,"./automated_osu035/automated_osu035_m1_core_latest_final_m1_alu.v","automated_osu035","v","alu, arithmetic, add, sub",1536259620.91343,70,33,0
"automated_osu035_m1_core_latest_final_m1_core",19118,47274,"./automated_osu035/automated_osu035_m1_core_latest_final_m1_core.v","automated_osu035","v","cpu",1536259621.75343,36,71,0
"automated_osu035_m1_core_latest_final_m1_cpu",12298,29841,"./automated_osu035/automated_osu035_m1_core_latest_final_m1_cpu.v","automated_osu035","v","cpu, ",1536259622.32542,232,305,0
"automated_osu035_m1_core_latest_final_m1_div",2834,6641,"./automated_osu035/automated_osu035_m1_core_latest_final_m1_div.v","automated_osu035","v","cpu",1536259622.46542,68,65,0
"automated_osu035_m1_core_latest_final_m1_mmu",532,677,"./automated_osu035/automated_osu035_m1_core_latest_final_m1_mmu.v","automated_osu035","v","cpu, mmu",1536259622.49742,138,137,0
"automated_osu035_m1_core_latest_final_m1_mul",3036,7028,"./automated_osu035/automated_osu035_m1_core_latest_final_m1_mul.v","automated_osu035","v","mul, ",1536259622.64942,68,65,0
"automated_osu035_m1_core_latest_final_ps2_io_ctrl",19,22,"./automated_osu035/automated_osu035_m1_core_latest_final_ps2_io_ctrl.v","automated_osu035","v",,1536259622.66542,6,3,0
"automated_osu035_m1_core_latest_final_ps2_keyboard",666,1448,"./automated_osu035/automated_osu035_m1_core_latest_final_ps2_keyboard.v","automated_osu035","v","cpu",1536259622.74942,31,14,0
"automated_osu035_m1_core_latest_final_ps2_wb_if",687,1445,"./automated_osu035/automated_osu035_m1_core_latest_final_ps2_wb_if.v","automated_osu035","v","cpu",1536259622.82941,56,62,0
"automated_osu035_m1_core_latest_final_rotary",147,310,"./automated_osu035/automated_osu035_m1_core_latest_final_rotary.v","automated_osu035","v",,1536259622.85341,5,3,0
"automated_osu035_m1_core_latest_final_video_ram",104395,271892,"./automated_osu035/automated_osu035_m1_core_latest_final_video_ram.v","automated_osu035","v","ram, memory",1536259627.20537,32,16,0
"automated_osu035_m1_core_latest_final_wb_int_ctrl",132,130,"./automated_osu035/automated_osu035_m1_core_latest_final_wb_int_ctrl.v","automated_osu035","v",,1536259627.38537,105,34,0
"automated_osu035_m1_core_latest_final_wb_text_vga",89966,223711,"./automated_osu035/automated_osu035_m1_core_latest_final_wb_text_vga.v","automated_osu035","v","cpu",1536259631.82132,73,38,0
"automated_osu035_m32632_latest_final_ADDR_UNIT",2808,6107,"./automated_osu035/automated_osu035_m32632_latest_final_ADDR_UNIT.v","automated_osu035","v","add, arithmetic",1536082073.78776,200,81,0
"automated_osu035_m32632_latest_final_ADDSUB",531,937,"./automated_osu035/automated_osu035_m32632_latest_final_ADDSUB.v","automated_osu035","v","add, sub, addsub arithmetic",1536082073.80776,73,36,0
"automated_osu035_m32632_latest_final_BCDADDER",160,374,"./automated_osu035/automated_osu035_m32632_latest_final_BCDADDER.v","automated_osu035","v","add, arithmetic",1536082073.81976,10,5,0
"automated_osu035_m32632_latest_final_BITMASK",159,340,"./automated_osu035/automated_osu035_m32632_latest_final_BITMASK.v","automated_osu035","v",,1536082073.83176,7,32,0
"automated_osu035_m32632_latest_final_CA_MATCH",386,652,"./automated_osu035/automated_osu035_m32632_latest_final_CA_MATCH.v","automated_osu035","v",,1536082073.84776,96,30,0
"automated_osu035_m32632_latest_final_CONFIG_REGS",716,1275,"./automated_osu035/automated_osu035_m32632_latest_final_CONFIG_REGS.v","automated_osu035","v","register, memory",1536082073.87176,86,72,0
"automated_osu035_m32632_latest_final_DATENPFAD",97666,237058,"./automated_osu035/automated_osu035_m32632_latest_final_DATENPFAD.v","automated_osu035","v",,1536082076.46374,344,362,0
"automated_osu035_m32632_latest_final_DCA_CONTROL",201,293,"./automated_osu035/automated_osu035_m32632_latest_final_DCA_CONTROL.v","automated_osu035","v",,1536082076.60373,42,35,0
"automated_osu035_m32632_latest_final_DCACHE_SM",790,1278,"./automated_osu035/automated_osu035_m32632_latest_final_DCACHE_SM.v","automated_osu035","v","memory, cache",1536082076.59173,118,102,0
"automated_osu035_m32632_latest_final_DEBUG_AE",271,394,"./automated_osu035/automated_osu035_m32632_latest_final_DEBUG_AE.v","automated_osu035","v",,1536082076.61573,98,1,0
"automated_osu035_m32632_latest_final_DECODER",8113,18774,"./automated_osu035/automated_osu035_m32632_latest_final_DECODER.v","automated_osu035","v","decode",1536082076.83173,137,224,0
"automated_osu035_m32632_latest_final_DFPU_ADDSUB",4843,11009,"./automated_osu035/automated_osu035_m32632_latest_final_DFPU_ADDSUB.v","automated_osu035","v","add, sub, addsub arithmetic, fpu",1536082076.96373,121,104,0
"automated_osu035_m32632_latest_final_DFPU_BCD",598,1294,"./automated_osu035/automated_osu035_m32632_latest_final_DFPU_BCD.v","automated_osu035","v","fpu",1536082076.98373,72,34,0
"automated_osu035_m32632_latest_final_DFPU_DIV",6749,15006,"./automated_osu035/automated_osu035_m32632_latest_final_DFPU_DIV.v","automated_osu035","v","div, arithmetic, fpu",1536082077.16773,124,138,0
"automated_osu035_m32632_latest_final_DFPU_MISC",1354,2822,"./automated_osu035/automated_osu035_m32632_latest_final_DFPU_MISC.v","automated_osu035","v","fpu, mult, arithmetic",1536082077.20773,97,70,0
"automated_osu035_m32632_latest_final_DFPU_MUL",647,1012,"./automated_osu035/automated_osu035_m32632_latest_final_DFPU_MUL.v","automated_osu035","v","fpu",1536082077.23173,178,70,0
"automated_osu035_m32632_latest_final_DIVI_PREP",468,891,"./automated_osu035/automated_osu035_m32632_latest_final_DIVI_PREP.v","automated_osu035","v",,1536082077.25173,36,39,0
"automated_osu035_m32632_latest_final_DP_FPU",47920,116379,"./automated_osu035/automated_osu035_m32632_latest_final_DP_FPU.v","automated_osu035","v","fpu",1536082078.50772,178,210,0
"automated_osu035_m32632_latest_final_DP_LOGIK",15384,35040,"./automated_osu035/automated_osu035_m32632_latest_final_DP_LOGIK.v","automated_osu035","v",,1536082078.91571,324,84,0
"automated_osu035_m32632_latest_final_DRAM_SM",1003,1925,"./automated_osu035/automated_osu035_m32632_latest_final_DRAM_SM.v","automated_osu035","v","ram, dram",1536082078.95171,107,48,0
"automated_osu035_m32632_latest_final_ex_copro",357,483,"./automated_osu035/automated_osu035_m32632_latest_final_ex_copro.v","automated_osu035","v",,1536082078.96771,154,65,0
"automated_osu035_m32632_latest_final_ex_in_reg",33,40,"./automated_osu035/automated_osu035_m32632_latest_final_ex_in_reg.v","automated_osu035","v",,1536082078.97571,9,8,0
"automated_osu035_m32632_latest_final_ex_io_bus_ctrl",254,369,"./automated_osu035/automated_osu035_m32632_latest_final_ex_io_bus_ctrl.v","automated_osu035","v","bus, interface",1536082078.98771,84,36,0
"automated_osu035_m32632_latest_final_ex_out_reg",50,72,"./automated_osu035/automated_osu035_m32632_latest_final_ex_out_reg.v","automated_osu035","v",,1536082078.99971,34,8,0
"automated_osu035_m32632_latest_final_FFS_LOGIK",237,490,"./automated_osu035/automated_osu035_m32632_latest_final_FFS_LOGIK.v","automated_osu035","v",,1536082079.01171,39,6,0
"automated_osu035_m32632_latest_final_FILTCMP",145,170,"./automated_osu035/automated_osu035_m32632_latest_final_FILTCMP.v","automated_osu035","v",,1536082079.01971,51,17,0
"automated_osu035_m32632_latest_final_FP_STAT_REG",201,291,"./automated_osu035/automated_osu035_m32632_latest_final_FP_STAT_REG.v","automated_osu035","v","register, memory",1536082079.03171,35,35,0
"automated_osu035_m32632_latest_final_GRUPPE_2",2669,5957,"./automated_osu035/automated_osu035_m32632_latest_final_GRUPPE_2.v","automated_osu035","v",,1536082079.10371,174,201,0
"automated_osu035_m32632_latest_final_I_PFAD",5197,11900,"./automated_osu035/automated_osu035_m32632_latest_final_I_PFAD.v","automated_osu035","v",,1536082079.28371,352,58,0
"automated_osu035_m32632_latest_final_ICACHE_SM",62,93,"./automated_osu035/automated_osu035_m32632_latest_final_ICACHE_SM.v","automated_osu035","v","memory, cache",1536082079.11171,14,10,0
"automated_osu035_m32632_latest_final_ILL_UNDEF",232,467,"./automated_osu035/automated_osu035_m32632_latest_final_ILL_UNDEF.v","automated_osu035","v",,1536082079.12771,31,2,0
"automated_osu035_m32632_latest_final_IO_SWITCH",272,348,"./automated_osu035/automated_osu035_m32632_latest_final_IO_SWITCH.v","automated_osu035","v",,1536082079.13971,80,45,0
"automated_osu035_m32632_latest_final_KOLDETECT",769,1501,"./automated_osu035/automated_osu035_m32632_latest_final_KOLDETECT.v","automated_osu035","v",,1536082079.30771,115,37,0
"automated_osu035_m32632_latest_final_MAKE_STAT",35,34,"./automated_osu035/automated_osu035_m32632_latest_final_MAKE_STAT.v","automated_osu035","v",,1536082079.31571,14,8,0
"automated_osu035_m32632_latest_final_MMU_MATCH",372,639,"./automated_osu035/automated_osu035_m32632_latest_final_MMU_MATCH.v","automated_osu035","v","mmu",1536082079.33171,77,37,0
"automated_osu035_m32632_latest_final_MMU_UP",289,405,"./automated_osu035/automated_osu035_m32632_latest_final_MMU_UP.v","automated_osu035","v","mmu",1536082079.34771,78,42,0
"automated_osu035_m32632_latest_final_MULFILTER",251,355,"./automated_osu035/automated_osu035_m32632_latest_final_MULFILTER.v","automated_osu035","v",,1536082079.35971,67,64,0
"automated_osu035_m32632_latest_final_NEU_VALID",4206,9756,"./automated_osu035/automated_osu035_m32632_latest_final_NEU_VALID.v","automated_osu035","v",,1536082079.48771,36,24,0
"automated_osu035_m32632_latest_final_OPDEC_REG",917,2134,"./automated_osu035/automated_osu035_m32632_latest_final_OPDEC_REG.v","automated_osu035","v","register, memory",1536082079.53971,50,68,0
"automated_osu035_m32632_latest_final_PREPDATA",328,356,"./automated_osu035/automated_osu035_m32632_latest_final_PREPDATA.v","automated_osu035","v",,1536082079.59971,70,109,0
"automated_osu035_m32632_latest_final_PROG_COUNTER",1387,2777,"./automated_osu035/automated_osu035_m32632_latest_final_PROG_COUNTER.v","automated_osu035","v",,1536082079.6717,78,99,0
"automated_osu035_m32632_latest_final_RD_ALIGNER",696,1615,"./automated_osu035/automated_osu035_m32632_latest_final_RD_ALIGNER.v","automated_osu035","v",,1536082079.7317,42,33,0
"automated_osu035_m32632_latest_final_REG_LIST",45,74,"./automated_osu035/automated_osu035_m32632_latest_final_REG_LIST.v","automated_osu035","v",,1536082080.0717,12,4,0
"automated_osu035_m32632_latest_final_REGISTER",10753,25642,"./automated_osu035/automated_osu035_m32632_latest_final_REGISTER.v","automated_osu035","v","register, memory",1536082080.0637,83,33,0
"automated_osu035_m32632_latest_final_SCANDIG",14,15,"./automated_osu035/automated_osu035_m32632_latest_final_SCANDIG.v","automated_osu035","v",,1536082080.0797,4,3,0
"automated_osu035_m32632_latest_final_SCHALE",499,874,"./automated_osu035/automated_osu035_m32632_latest_final_SCHALE.v","automated_osu035","v",,1536082080.0997,68,34,0
"automated_osu035_m32632_latest_final_SFPU_ADDSUB",3866,8465,"./automated_osu035/automated_osu035_m32632_latest_final_SFPU_ADDSUB.v","automated_osu035","v","add, sub, addsub arithmetic",1536082080.2077,73,71,0
"automated_osu035_m32632_latest_final_SFPU_MUL",350,564,"./automated_osu035/automated_osu035_m32632_latest_final_SFPU_MUL.v","automated_osu035","v","fpu, mult, arithmetic",1536082080.2237,115,37,0
"automated_osu035_m32632_latest_final_SHIFTER",697,1618,"./automated_osu035/automated_osu035_m32632_latest_final_SHIFTER.v","automated_osu035","v","shift, arithemtic",1536082080.2517,77,37,0
"automated_osu035_m32632_latest_final_SIGNMUL",13633,35073,"./automated_osu035/automated_osu035_m32632_latest_final_SIGNMUL.v","automated_osu035","v",,1536082080.6317,64,64,0
"automated_osu035_m32632_latest_final_SP_FPU",4638,10006,"./automated_osu035/automated_osu035_m32632_latest_final_SP_FPU.v","automated_osu035","v","fpu",1536082080.77169,131,75,0
"automated_osu035_m32632_latest_final_STEUERUNG",10404,24265,"./automated_osu035/automated_osu035_m32632_latest_final_STEUERUNG.v","automated_osu035","v",,1536082081.04769,114,246,0
"automated_osu035_m32632_latest_final_WB_CONTROL",831,1710,"./automated_osu035/automated_osu035_m32632_latest_final_WB_CONTROL.v","automated_osu035","v",,1536082081.07969,34,35,0
"automated_osu035_m32632_latest_final_WR_ALIGNER",421,817,"./automated_osu035/automated_osu035_m32632_latest_final_WR_ALIGNER.v","automated_osu035","v",,1536082081.09569,70,36,0
"automated_osu035_md5_pipelined_latest_final_Md5Core",111161,233347,"./automated_osu035/automated_osu035_md5_pipelined_latest_final_Md5Core.v","automated_osu035","v","crypto, hash, md5",1535964629.72664,641,128,0
"automated_osu035_mem_ctrl_latest_final_cs_check",0,0,"./automated_osu035/automated_osu035_mem_ctrl_latest_final_cs_check.v","automated_osu035","v",,1535966268.9991,8,0,0
"automated_osu035_mem_ctrl_latest_final_err_check",0,0,"./automated_osu035/automated_osu035_mem_ctrl_latest_final_err_check.v","automated_osu035","v",,1535966269.07909,2,0,0
"automated_osu035_mem_ctrl_latest_final_mc_adr_sel",873,1933,"./automated_osu035/automated_osu035_mem_ctrl_latest_final_mc_adr_sel.v","automated_osu035","v","memory_control",1535966269.21909,110,50,0
"automated_osu035_mem_ctrl_latest_final_mc_cs_rf",449,793,"./automated_osu035/automated_osu035_mem_ctrl_latest_final_mc_cs_rf.v","automated_osu035","v","memory_control",1535966269.71109,134,68,0
"automated_osu035_mem_ctrl_latest_final_mc_cs_rf_dummy",136,68,"./automated_osu035/automated_osu035_mem_ctrl_latest_final_mc_cs_rf_dummy.v","automated_osu035","v",,1535966269.33509,134,68,0
"automated_osu035_mem_ctrl_latest_final_mc_dp",1344,2859,"./automated_osu035/automated_osu035_mem_ctrl_latest_final_mc_dp.v","automated_osu035","v","memory_control",1535966269.95109,121,69,0
"automated_osu035_mem_ctrl_latest_final_mc_incn_r",198,303,"./automated_osu035/automated_osu035_mem_ctrl_latest_final_mc_incn_r.v","automated_osu035","v",,1535966270.04709,33,32,0
"automated_osu035_mem_ctrl_latest_final_mc_mem_if",488,567,"./automated_osu035/automated_osu035_mem_ctrl_latest_final_mc_mem_if.v","automated_osu035","v","memory_control",1535966270.13908,150,123,0
"automated_osu035_mem_ctrl_latest_final_mc_obct",366,847,"./automated_osu035/automated_osu035_mem_ctrl_latest_final_mc_obct.v","automated_osu035","v","memory_control",1535966270.47908,20,3,0
"automated_osu035_mem_ctrl_latest_final_mc_obct_dummy",6,3,"./automated_osu035/automated_osu035_mem_ctrl_latest_final_mc_obct_dummy.v","automated_osu035","v",,1535966270.19108,20,3,0
"automated_osu035_mem_ctrl_latest_final_mc_obct_top",2142,5185,"./automated_osu035/automated_osu035_mem_ctrl_latest_final_mc_obct_top.v","automated_osu035","v","topfile",1535966270.37508,29,3,0
"automated_osu035_mem_ctrl_latest_final_mc_rd_fifo",737,1621,"./automated_osu035/automated_osu035_mem_ctrl_latest_final_mc_rd_fifo.v","automated_osu035","v","fifo, memory",1535966270.61508,41,36,0
"automated_osu035_mem_ctrl_latest_final_mc_refresh",202,420,"./automated_osu035/automated_osu035_mem_ctrl_latest_final_mc_refresh.v","automated_osu035","v","memory_control",1535966270.69508,22,1,0
"automated_osu035_mem_ctrl_latest_final_mc_rf",5811,12714,"./automated_osu035/automated_osu035_mem_ctrl_latest_final_mc_rf.v","automated_osu035","v","memory_control",1535966271.00708,106,233,0
"automated_osu035_mem_ctrl_latest_final_mc_timing",1489,3264,"./automated_osu035/automated_osu035_mem_ctrl_latest_final_mc_timing.v","automated_osu035","v","memory_control",1535966271.13107,105,32,0
"automated_osu035_mem_ctrl_latest_final_mc_top",10918,25060,"./automated_osu035/automated_osu035_mem_ctrl_latest_final_mc_top.v","automated_osu035","v","topfile",1535966271.66707,115,152,0
"automated_osu035_mem_ctrl_latest_final_mc_wb_if",305,430,"./automated_osu035/automated_osu035_mem_ctrl_latest_final_mc_wb_if.v","automated_osu035","v","memory_control",1535966271.76307,105,39,0
"automated_osu035_mem_ctrl_latest_final_sync_cs_dev",137186,366569,"./automated_osu035/automated_osu035_mem_ctrl_latest_final_sync_cs_dev.v","automated_osu035","v","memory_control",1535966277.70701,52,1,0
"automated_osu035_mesi_isc_final_mesi_isc",3719,8748,"./automated_osu035/automated_osu035_mesi_isc_final_mesi_isc.v","automated_osu035","v",,1536254624.13486,146,48,0
"automated_osu035_mesi_isc_final_mesi_isc_basic_fifo",1018,2451,"./automated_osu035/automated_osu035_mesi_isc_final_mesi_isc_basic_fifo.v","automated_osu035","v","fifo, memory",1536254623.72686,36,34,0
"automated_osu035_mesi_isc_final_mesi_isc_breq_fifos_cntl",607,930,"./automated_osu035/automated_osu035_mesi_isc_final_mesi_isc_breq_fifos_cntl.v","automated_osu035","v","fifo, memory",1536254623.79086,187,100,0
"automated_osu035_mesi_isc_final_mesi_isc_broad",1249,2986,"./automated_osu035/automated_osu035_mesi_isc_final_mesi_isc_broad.v","automated_osu035","v",,1536254623.89886,48,45,0
"automated_osu035_mesi_isc_final_mesi_isc_broad_cntl",124,245,"./automated_osu035/automated_osu035_mesi_isc_final_mesi_isc_broad_cntl.v","automated_osu035","v",,1536254623.82286,17,13,0
"automated_osu035_minirisc_latest_final_glbl",0,0,"./automated_osu035/automated_osu035_minirisc_latest_final_glbl.v","automated_osu035","v",,1535968067.56567,1,0,0
"automated_osu035_minirisc_latest_final_presclr_wdt",156,329,"./automated_osu035/automated_osu035_minirisc_latest_final_presclr_wdt.v","automated_osu035","v",,1535968067.61367,12,2,0
"automated_osu035_minirisc_latest_final_prog_mem",130254,324742,"./automated_osu035/automated_osu035_minirisc_latest_final_prog_mem.v","automated_osu035","v",,1535968073.16561,25,12,0
"automated_osu035_minirisc_latest_final_sfifo4x11",201,429,"./automated_osu035/automated_osu035_minirisc_latest_final_sfifo4x11.v","automated_osu035","v","fifo, memory",1535968073.25761,14,11,0
"DesignName",227,476,"./automated_osu035/automated_osu035_minsoc_latest_final_adbg_crc32.v","automated_osu035","v","crc",1529249929.22838,6,33,0
"automated_osu035_minsoc_latest_final_adbg_jsp_biu",1254,2777,"./automated_osu035/automated_osu035_minsoc_latest_final_adbg_jsp_biu.v","automated_osu035","v",,1529249929.37638,91,51,0
"automated_osu035_minsoc_latest_final_adbg_jsp_module",1475,3336,"./automated_osu035/automated_osu035_minsoc_latest_final_adbg_jsp_module.v","automated_osu035","v",,1529249929.44838,139,37,0
"automated_osu035_minsoc_latest_final_adbg_or1k_biu",720,1209,"./automated_osu035/automated_osu035_minsoc_latest_final_adbg_or1k_biu.v","automated_osu035","v",,1529249929.48838,102,99,0
"automated_osu035_minsoc_latest_final_adbg_or1k_module",1614,3522,"./automated_osu035/automated_osu035_minsoc_latest_final_adbg_or1k_module.v","automated_osu035","v",,1529249929.59638,95,70,0
"automated_osu035_minsoc_latest_final_adbg_or1k_status_reg",38,60,"./automated_osu035/automated_osu035_minsoc_latest_final_adbg_or1k_status_reg.v","automated_osu035","v",,1529249929.63638,7,4,0
"automated_osu035_minsoc_latest_final_adbg_top",362,181,"./automated_osu035/automated_osu035_minsoc_latest_final_adbg_top.v","automated_osu035","v","topfile",1529249929.67238,156,181,0
"automated_osu035_minsoc_latest_final_adbg_wb_biu",875,1583,"./automated_osu035/automated_osu035_minsoc_latest_final_adbg_wb_biu.v","automated_osu035","v",,1529249929.70038,106,111,0
"automated_osu035_minsoc_latest_final_adbg_wb_module",2124,4895,"./automated_osu035/automated_osu035_minsoc_latest_final_adbg_wb_module.v","automated_osu035","v",,1529249929.82038,95,79,0
"automated_osu035_minsoc_latest_final_altera_pll",2,1,"./automated_osu035/automated_osu035_minsoc_latest_final_altera_pll.v","automated_osu035","v",,1529249929.86038,1,1,0
"automated_osu035_minsoc_latest_final_BiDirectionalCell",23,28,"./automated_osu035/automated_osu035_minsoc_latest_final_BiDirectionalCell.v","automated_osu035","v",,1529249929.88838,8,3,0
"automated_osu035_minsoc_latest_final_bytefifo",422,962,"./automated_osu035/automated_osu035_minsoc_latest_final_bytefifo.v","automated_osu035","v","fifo, memory",1529249929.96838,12,16,0
"automated_osu035_minsoc_latest_final_ControlCell",22,29,"./automated_osu035/automated_osu035_minsoc_latest_final_ControlCell.v","automated_osu035","v",,1529249929.99238,7,2,0
"automated_osu035_minsoc_latest_final_eth_clockgen",87,175,"./automated_osu035/automated_osu035_minsoc_latest_final_eth_clockgen.v","automated_osu035","v",,1529249930.03237,10,3,0
"DesignName",297,621,"./automated_osu035/automated_osu035_minsoc_latest_final_eth_crc.v","automated_osu035","v","eth, interface",1529249930.16037,8,33,0
"automated_osu035_minsoc_latest_final_eth_fifo",1635,3756,"./automated_osu035/automated_osu035_minsoc_latest_final_eth_fifo.v","automated_osu035","v","fifo, memory",1529249930.22037,37,40,0
"automated_osu035_minsoc_latest_final_eth_maccontrol",952,1970,"./automated_osu035/automated_osu035_minsoc_latest_final_eth_maccontrol.v","automated_osu035","v","eth, interface",1529249930.27237,103,20,0
"automated_osu035_minsoc_latest_final_eth_macstatus",392,636,"./automated_osu035/automated_osu035_minsoc_latest_final_eth_macstatus.v","automated_osu035","v","eth, interface",1529249930.31637,94,19,0
"automated_osu035_minsoc_latest_final_eth_miim",531,1104,"./automated_osu035/automated_osu035_minsoc_latest_final_eth_miim.v","automated_osu035","v","eth, interface",1529249930.44437,41,25,0
"automated_osu035_minsoc_latest_final_eth_outputcontrol",57,93,"./automated_osu035/automated_osu035_minsoc_latest_final_eth_outputcontrol.v","automated_osu035","v",,1529249930.48037,14,2,0
"automated_osu035_minsoc_latest_final_eth_random",128,243,"./automated_osu035/automated_osu035_minsoc_latest_final_eth_random.v","automated_osu035","v",,1529249930.52837,34,2,0
"automated_osu035_minsoc_latest_final_eth_receivecontrol",602,1227,"./automated_osu035/automated_osu035_minsoc_latest_final_eth_receivecontrol.v","automated_osu035","v","eth, interface",1529249930.60837,74,4,0
"automated_osu035_minsoc_latest_final_eth_register",62,98,"./automated_osu035/automated_osu035_minsoc_latest_final_eth_register.v","automated_osu035","v",,1529249930.76837,12,8,0
"automated_osu035_minsoc_latest_final_eth_registers",2503,4697,"./automated_osu035/automated_osu035_minsoc_latest_final_eth_registers.v","automated_osu035","v","register, memory",1529249930.74037,112,290,0
"automated_osu035_minsoc_latest_final_eth_rxaddrcheck",423,674,"./automated_osu035/automated_osu035_minsoc_latest_final_eth_rxaddrcheck.v","automated_osu035","v","mux",1529249930.84837,145,2,0
"automated_osu035_minsoc_latest_final_eth_rxcounters",382,697,"./automated_osu035/automated_osu035_minsoc_latest_final_eth_rxcounters.v","automated_osu035","v","eth, interface",1529249930.88837,30,32,0
"automated_osu035_minsoc_latest_final_eth_rxethmac",1182,2369,"./automated_osu035/automated_osu035_minsoc_latest_final_eth_rxethmac.v","automated_osu035","v","eth, interface",1529249930.94837,143,38,0
"automated_osu035_minsoc_latest_final_eth_rxstatem",65,117,"./automated_osu035/automated_osu035_minsoc_latest_final_eth_rxstatem.v","automated_osu035","v",,1529249930.98037,10,6,0
"automated_osu035_minsoc_latest_final_eth_shiftreg",241,461,"./automated_osu035/automated_osu035_minsoc_latest_final_eth_shiftreg.v","automated_osu035","v","register, memory",1529249931.12036,37,18,0
"automated_osu035_minsoc_latest_final_eth_spram_256x32",42602,101018,"./automated_osu035/automated_osu035_minsoc_latest_final_eth_spram_256x32.v","automated_osu035","v","eth, interface, ram, spram",1529249932.37635,48,32,0
"automated_osu035_minsoc_latest_final_eth_top",56153,132861,"./automated_osu035/automated_osu035_minsoc_latest_final_eth_top.v","automated_osu035","v","eth, interface,  topfile",1529249934.46833,96,115,0
"automated_osu035_minsoc_latest_final_eth_transmitcontrol",321,564,"./automated_osu035/automated_osu035_minsoc_latest_final_eth_transmitcontrol.v","automated_osu035","v","eth, interface",1529249934.70833,75,14,0
"automated_osu035_minsoc_latest_final_eth_txcounters",566,1072,"./automated_osu035/automated_osu035_minsoc_latest_final_eth_txcounters.v","automated_osu035","v","eth, interface",1529249934.73633,55,40,0
"automated_osu035_minsoc_latest_final_eth_txethmac",1193,2527,"./automated_osu035/automated_osu035_minsoc_latest_final_eth_txethmac.v","automated_osu035","v","eth, interface",1529249934.79233,85,24,0
"automated_osu035_minsoc_latest_final_eth_txstatem",251,414,"./automated_osu035/automated_osu035_minsoc_latest_final_eth_txstatem.v","automated_osu035","v","eth, interface",1529249934.84433,51,20,0
"automated_osu035_minsoc_latest_final_eth_wishbone",50936,121150,"./automated_osu035/automated_osu035_minsoc_latest_final_eth_wishbone.v","automated_osu035","v","eth, interface, wishbone, bus",1529249936.24031,145,127,0
"automated_osu035_minsoc_latest_final_ethmac",230,115,"./automated_osu035/automated_osu035_minsoc_latest_final_ethmac.v","automated_osu035","v","eth, interface",1529249930.35237,96,115,0
"automated_osu035_minsoc_latest_final_gpio_top",1462,3301,"./automated_osu035/automated_osu035_minsoc_latest_final_gpio_top.v","automated_osu035","v","topfile, gpio",1529249936.39231,80,97,0
"automated_osu035_minsoc_latest_final_InputCell",12,14,"./automated_osu035/automated_osu035_minsoc_latest_final_InputCell.v","automated_osu035","v",,1529249936.43231,5,1,0
"automated_osu035_minsoc_latest_final_minsoc_memory_model",333183,863784,"./automated_osu035/automated_osu035_minsoc_latest_final_minsoc_memory_model.v","automated_osu035","v",,1529249947.5202,73,34,0
"automated_osu035_minsoc_latest_final_minsoc_onchip_ram",83440,216096,"./automated_osu035/automated_osu035_minsoc_latest_final_minsoc_onchip_ram.v","automated_osu035","v","ram, memory",1529249950.65217,24,8,0
"automated_osu035_minsoc_latest_final_minsoc_tc_top",6654,10654,"./automated_osu035/automated_osu035_minsoc_latest_final_minsoc_tc_top.v","automated_osu035","v","topfile",1529249951.02017,916,956,0
"automated_osu035_minsoc_latest_final_minsoc_wb_32_8_bridge",314,368,"./automated_osu035/automated_osu035_minsoc_latest_final_minsoc_wb_32_8_bridge.v","automated_osu035","v",,1529249951.04817,76,72,0
"automated_osu035_minsoc_latest_final_or1200_alu",2022,4463,"./automated_osu035/automated_osu035_minsoc_latest_final_or1200_alu.v","automated_osu035","v","alu, arithmetic, add, sub",1529249951.11617,123,38,0
"automated_osu035_minsoc_latest_final_or1200_cfgr",132,112,"./automated_osu035/automated_osu035_minsoc_latest_final_or1200_cfgr.v","automated_osu035","v",,1529249951.15217,32,32,0
"automated_osu035_minsoc_latest_final_or1200_dc_fsm",812,1662,"./automated_osu035/automated_osu035_minsoc_latest_final_or1200_dc_fsm.v","automated_osu035","v","fsm",1529249951.21617,102,48,0
"automated_osu035_minsoc_latest_final_or1200_dc_ram",64,32,"./automated_osu035/automated_osu035_minsoc_latest_final_or1200_dc_ram.v","automated_osu035","v","ram, memory",1529249951.25616,50,32,0
"automated_osu035_minsoc_latest_final_or1200_dc_tag",42,21,"./automated_osu035/automated_osu035_minsoc_latest_final_or1200_dc_tag.v","automated_osu035","v",,1529249951.26816,34,21,0
"automated_osu035_minsoc_latest_final_or1200_dc_top",338,232,"./automated_osu035/automated_osu035_minsoc_latest_final_or1200_dc_top.v","automated_osu035","v","topfile",1529249951.29216,179,112,0
"automated_osu035_minsoc_latest_final_or1200_dmmu_tlb",12989,30684,"./automated_osu035/automated_osu035_minsoc_latest_final_or1200_dmmu_tlb.v","automated_osu035","v","mmu",1529249951.73216,101,57,0
"automated_osu035_minsoc_latest_final_or1200_dmmu_top",180,110,"./automated_osu035/automated_osu035_minsoc_latest_final_or1200_dmmu_top.v","automated_osu035","v","topfile",1529249951.76416,110,71,0
"automated_osu035_minsoc_latest_final_or1200_dpram",5427,12434,"./automated_osu035/automated_osu035_minsoc_latest_final_or1200_dpram.v","automated_osu035","v","dpram",1529249953.30414,47,32,0
"automated_osu035_minsoc_latest_final_or1200_dpram_256x32",41345,106826,"./automated_osu035/automated_osu035_minsoc_latest_final_or1200_dpram_256x32.v","automated_osu035","v","ram, dpram",1529249952.92815,56,32,0
"automated_osu035_minsoc_latest_final_or1200_dpram_32x32",5171,12314,"./automated_osu035/automated_osu035_minsoc_latest_final_or1200_dpram_32x32.v","automated_osu035","v","ram, dpram",1529249953.14015,50,32,0
"automated_osu035_minsoc_latest_final_or1200_du",895,1201,"./automated_osu035/automated_osu035_minsoc_latest_final_or1200_du.v","automated_osu035","v",,1529249953.34414,413,191,0
"automated_osu035_minsoc_latest_final_or1200_except",3022,6356,"./automated_osu035/automated_osu035_minsoc_latest_final_or1200_except.v","automated_osu035","v",,1529249953.46414,209,280,0
"automated_osu035_minsoc_latest_final_or1200_fpu",160,80,"./automated_osu035/automated_osu035_minsoc_latest_final_or1200_fpu.v","automated_osu035","v","fpu",1529249954.74813,143,80,0
"automated_osu035_minsoc_latest_final_or1200_fpu_addsub",845,1656,"./automated_osu035/automated_osu035_minsoc_latest_final_or1200_fpu_addsub.v","automated_osu035","v","add, sub, addsub arithmetic",1529249953.52814,60,29,0
"automated_osu035_minsoc_latest_final_or1200_fpu_arith",9757,21614,"./automated_osu035/automated_osu035_minsoc_latest_final_or1200_fpu_arith.v","automated_osu035","v","fpu",1529249953.85614,71,41,0
"automated_osu035_minsoc_latest_final_or1200_fpu_div",1086,2103,"./automated_osu035/automated_osu035_minsoc_latest_final_or1200_fpu_div.v","automated_osu035","v","fpu",1529249953.90814,81,57,0
"automated_osu035_minsoc_latest_final_or1200_fpu_fcmp",379,677,"./automated_osu035/automated_osu035_minsoc_latest_final_or1200_fpu_fcmp.v","automated_osu035","v","fpu",1529249953.98814,64,6,0
"automated_osu035_minsoc_latest_final_or1200_fpu_intfloat_conv",2718,6061,"./automated_osu035/automated_osu035_minsoc_latest_final_or1200_fpu_intfloat_conv.v","automated_osu035","v","fpu",1529249954.10814,38,38,0
"automated_osu035_minsoc_latest_final_or1200_fpu_intfloat_conv_except",178,216,"./automated_osu035/automated_osu035_minsoc_latest_final_or1200_fpu_intfloat_conv_except.v","automated_osu035","v","fpu",1529249954.02014,65,12,0
"automated_osu035_minsoc_latest_final_or1200_fpu_mul",1152,2404,"./automated_osu035/automated_osu035_minsoc_latest_final_or1200_fpu_mul.v","automated_osu035","v","fpu",1529249954.16814,52,50,0
"automated_osu035_minsoc_latest_final_or1200_fpu_post_norm_addsub",1222,2459,"./automated_osu035/automated_osu035_minsoc_latest_final_or1200_fpu_post_norm_addsub.v","automated_osu035","v","add, sub, addsub arithmetic, fpu",1529249954.24014,105,33,0
"automated_osu035_minsoc_latest_final_or1200_fpu_post_norm_div",1382,2647,"./automated_osu035/automated_osu035_minsoc_latest_final_or1200_fpu_post_norm_div.v","automated_osu035","v","fpu",1529249954.30813,132,33,0
"automated_osu035_minsoc_latest_final_or1200_fpu_post_norm_intfloat_conv",2270,5024,"./automated_osu035/automated_osu035_minsoc_latest_final_or1200_fpu_post_norm_intfloat_conv.v","automated_osu035","v","fpu",1529249954.41213,68,36,0
"automated_osu035_minsoc_latest_final_or1200_fpu_post_norm_mul",2617,5538,"./automated_osu035/automated_osu035_minsoc_latest_final_or1200_fpu_post_norm_mul.v","automated_osu035","v","fpu",1529249954.51613,126,33,0
"automated_osu035_minsoc_latest_final_or1200_fpu_pre_norm_addsub",988,2055,"./automated_osu035/automated_osu035_minsoc_latest_final_or1200_fpu_pre_norm_addsub.v","automated_osu035","v","add, sub, addsub arithmetic",1529249954.57613,65,64,0
"automated_osu035_minsoc_latest_final_or1200_fpu_pre_norm_div",1200,2325,"./automated_osu035/automated_osu035_minsoc_latest_final_or1200_fpu_pre_norm_div.v","automated_osu035","v","fpu",1529249954.62413,65,87,0
"automated_osu035_minsoc_latest_final_or1200_fpu_pre_norm_mul",282,327,"./automated_osu035/automated_osu035_minsoc_latest_final_or1200_fpu_pre_norm_mul.v","automated_osu035","v","fpu",1529249954.66413,65,58,0
"automated_osu035_minsoc_latest_final_or1200_freeze",78,111,"./automated_osu035/automated_osu035_minsoc_latest_final_or1200_freeze.v","automated_osu035","v",,1529249954.78013,21,5,0
"automated_osu035_minsoc_latest_final_or1200_genpc",919,1660,"./automated_osu035/automated_osu035_minsoc_latest_final_or1200_genpc.v","automated_osu035","v",,1529249954.83213,275,42,0
"automated_osu035_minsoc_latest_final_or1200_gmultp2_32x32",8794,18752,"./automated_osu035/automated_osu035_minsoc_latest_final_or1200_gmultp2_32x32.v","automated_osu035","v","mult, arithmetic",1529249955.12813,66,64,0
"automated_osu035_minsoc_latest_final_or1200_ic_fsm",410,764,"./automated_osu035/automated_osu035_minsoc_latest_final_or1200_ic_fsm.v","automated_osu035","v","fsm",1529249955.16413,40,42,0
"automated_osu035_minsoc_latest_final_or1200_ic_ram",64,32,"./automated_osu035/automated_osu035_minsoc_latest_final_or1200_ic_ram.v","automated_osu035","v","ram, memory",1529249955.20813,50,32,0
"automated_osu035_minsoc_latest_final_or1200_ic_tag",40,20,"./automated_osu035/automated_osu035_minsoc_latest_final_or1200_ic_tag.v","automated_osu035","v",,1529249955.22813,33,20,0
"automated_osu035_minsoc_latest_final_or1200_ic_top",867,1415,"./automated_osu035/automated_osu035_minsoc_latest_final_or1200_ic_top.v","automated_osu035","v","topfile",1529249955.26813,113,111,0
"automated_osu035_minsoc_latest_final_or1200_if",657,1248,"./automated_osu035/automated_osu035_minsoc_latest_final_or1200_if.v","automated_osu035","v",,1529249955.32412,76,70,0
"automated_osu035_minsoc_latest_final_or1200_immu_tlb",12213,29025,"./automated_osu035/automated_osu035_minsoc_latest_final_or1200_immu_tlb.v","automated_osu035","v","mmu",1529249955.72412,101,55,0
"automated_osu035_minsoc_latest_final_or1200_immu_top",444,613,"./automated_osu035/automated_osu035_minsoc_latest_final_or1200_immu_top.v","automated_osu035","v","mmu",1529249955.76412,111,104,0
"automated_osu035_minsoc_latest_final_or1200_lsu",971,1577,"./automated_osu035/automated_osu035_minsoc_latest_final_or1200_lsu.v","automated_osu035","v",,1529249955.86812,209,112,0
"automated_osu035_minsoc_latest_final_or1200_mem2reg",300,543,"./automated_osu035/automated_osu035_minsoc_latest_final_or1200_mem2reg.v","automated_osu035","v","register, memory",1529249955.92412,38,32,0
"automated_osu035_minsoc_latest_final_or1200_mult_mac",9447,20349,"./automated_osu035/automated_osu035_minsoc_latest_final_or1200_mult_mac.v","automated_osu035","v","mult, arithmetic",1529249956.23612,143,67,0
"automated_osu035_minsoc_latest_final_or1200_operandmuxes",1051,1803,"./automated_osu035/automated_osu035_minsoc_latest_final_or1200_operandmuxes.v","automated_osu035","v",,1529249956.28412,168,128,0
"automated_osu035_minsoc_latest_final_or1200_pic",347,646,"./automated_osu035/automated_osu035_minsoc_latest_final_or1200_pic.v","automated_osu035","v",,1529249956.35611,88,34,0
"automated_osu035_minsoc_latest_final_or1200_pm",88,44,"./automated_osu035/automated_osu035_minsoc_latest_final_or1200_pm.v","automated_osu035","v",,1529249956.37211,69,44,0
"automated_osu035_minsoc_latest_final_or1200_qmem_top",585,390,"./automated_osu035/automated_osu035_minsoc_latest_final_or1200_qmem_top.v","automated_osu035","v","topfile",1529249956.39611,197,195,0
"automated_osu035_minsoc_latest_final_or1200_reg2mem",187,277,"./automated_osu035/automated_osu035_minsoc_latest_final_or1200_reg2mem.v","automated_osu035","v",,1529249956.40811,38,32,0
"automated_osu035_minsoc_latest_final_or1200_rf",11145,25367,"./automated_osu035/automated_osu035_minsoc_latest_final_or1200_rf.v","automated_osu035","v",,1529249957.20011,124,97,0
"automated_osu035_minsoc_latest_final_or1200_rfram_generic",5643,15375,"./automated_osu035/automated_osu035_minsoc_latest_final_or1200_rfram_generic.v","automated_osu035","v","ram",1529249956.64411,53,64,0
"automated_osu035_minsoc_latest_final_or1200_sb",318,212,"./automated_osu035/automated_osu035_minsoc_latest_final_or1200_sb.v","automated_osu035","v",,1529249957.3201,109,106,0
"automated_osu035_minsoc_latest_final_or1200_sb_fifo",1992,4590,"./automated_osu035/automated_osu035_minsoc_latest_final_or1200_sb_fifo.v","automated_osu035","v","fifo, memory",1529249957.27611,72,70,0
"automated_osu035_minsoc_latest_final_or1200_spram",163954,421410,"./automated_osu035/automated_osu035_minsoc_latest_final_or1200_spram.v","automated_osu035","v","ram, memory",1529250002.76766,45,32,0
"automated_osu035_minsoc_latest_final_or1200_spram_1024x32",164170,423749,"./automated_osu035/automated_osu035_minsoc_latest_final_or1200_spram_1024x32.v","automated_osu035","v","ram, memory",1529249966.63601,47,32,0
"automated_osu035_minsoc_latest_final_or1200_spram_1024x32_bw",168723,402198,"./automated_osu035/automated_osu035_minsoc_latest_final_or1200_spram_1024x32_bw.v","automated_osu035","v","ram, memory",1529249961.88406,50,32,0
"automated_osu035_minsoc_latest_final_or1200_spram_1024x8",42121,107813,"./automated_osu035/automated_osu035_minsoc_latest_final_or1200_spram_1024x8.v","automated_osu035","v","spram, ram",1529249967.984,23,8,0
"automated_osu035_minsoc_latest_final_or1200_spram_128x32",20606,52234,"./automated_osu035/automated_osu035_minsoc_latest_final_or1200_spram_128x32.v","automated_osu035","v","ram, spram",1529249968.61999,44,32,0
"automated_osu035_minsoc_latest_final_or1200_spram_2048x32",325779,849554,"./automated_osu035/automated_osu035_minsoc_latest_final_or1200_spram_2048x32.v","automated_osu035","v","ram, memory",1529249987.43581,48,32,0
"automated_osu035_minsoc_latest_final_or1200_spram_2048x32_bw",334854,801614,"./automated_osu035/automated_osu035_minsoc_latest_final_or1200_spram_2048x32_bw.v","automated_osu035","v","ram, memory",1529249977.7359,51,32,0
"automated_osu035_minsoc_latest_final_or1200_spram_2048x8",82985,215529,"./automated_osu035/automated_osu035_minsoc_latest_final_or1200_spram_2048x8.v","automated_osu035","v","ram, memory",1529249990.19578,24,8,0
"automated_osu035_minsoc_latest_final_or1200_spram_256x21",27332,70420,"./automated_osu035/automated_osu035_minsoc_latest_final_or1200_spram_256x21.v","automated_osu035","v","ram, spram",1529249991.13577,34,21,0
"automated_osu035_minsoc_latest_final_or1200_spram_32_bw",168200,401598,"./automated_osu035/automated_osu035_minsoc_latest_final_or1200_spram_32_bw.v","automated_osu035","v","ram, memory",1529249995.67173,48,32,0
"automated_osu035_minsoc_latest_final_or1200_spram_32x24",3916,9262,"./automated_osu035/automated_osu035_minsoc_latest_final_or1200_spram_32x24.v","automated_osu035","v","spram, ram",1529249995.99972,34,24,0
"automated_osu035_minsoc_latest_final_or1200_spram_512x20",51488,133623,"./automated_osu035/automated_osu035_minsoc_latest_final_or1200_spram_512x20.v","automated_osu035","v","ram, spram",1529249997.40771,34,20,0
"automated_osu035_minsoc_latest_final_or1200_spram_64x14",4698,11138,"./automated_osu035/automated_osu035_minsoc_latest_final_or1200_spram_64x14.v","automated_osu035","v","ram, sram",1529249997.62371,25,14,0
"automated_osu035_minsoc_latest_final_or1200_spram_64x22",7283,17597,"./automated_osu035/automated_osu035_minsoc_latest_final_or1200_spram_64x22.v","automated_osu035","v","ram, spram",1529249997.8437,33,22,0
"automated_osu035_minsoc_latest_final_or1200_spram_64x24",7943,19177,"./automated_osu035/automated_osu035_minsoc_latest_final_or1200_spram_64x24.v","automated_osu035","v","ram, spram",1529249998.0797,35,24,0
"automated_osu035_minsoc_latest_final_or1200_sprs",2414,3605,"./automated_osu035/automated_osu035_minsoc_latest_final_or1200_sprs.v","automated_osu035","v",,1529250003.07965,639,203,0
"automated_osu035_minsoc_latest_final_or1200_top",432,216,"./automated_osu035/automated_osu035_minsoc_latest_final_or1200_top.v","automated_osu035","v","topfile",1529250003.11565,167,216,0
"automated_osu035_minsoc_latest_final_or1200_tt",660,1409,"./automated_osu035/automated_osu035_minsoc_latest_final_or1200_tt.v","automated_osu035","v",,1529250003.14365,69,33,0
"automated_osu035_minsoc_latest_final_or1200_wb_biu",713,1095,"./automated_osu035/automated_osu035_minsoc_latest_final_or1200_wb_biu.v","automated_osu035","v",,1529250003.17165,113,110,0
"automated_osu035_minsoc_latest_final_or1200_wbmux",632,998,"./automated_osu035/automated_osu035_minsoc_latest_final_or1200_wbmux.v","automated_osu035","v",,1529250003.19965,167,65,0
"automated_osu035_minsoc_latest_final_OR1K_startup",252,512,"./automated_osu035/automated_osu035_minsoc_latest_final_OR1K_startup.v","automated_osu035","v",,1529250003.21165,9,33,0
"automated_osu035_minsoc_latest_final_OutputCell",22,29,"./automated_osu035/automated_osu035_minsoc_latest_final_OutputCell.v","automated_osu035","v",,1529250003.24765,8,2,0
"automated_osu035_minsoc_latest_final_raminfr",704,1568,"./automated_osu035/automated_osu035_minsoc_latest_final_raminfr.v","automated_osu035","v","ram, memory",1529250003.28365,18,8,0
"automated_osu035_minsoc_latest_final_spi_flash_shift",812,1678,"./automated_osu035/automated_osu035_minsoc_latest_final_spi_flash_shift.v","automated_osu035","v","spi, interface",1529250003.37565,53,35,0
"automated_osu035_minsoc_latest_final_spi_flash_top",983,2001,"./automated_osu035/automated_osu035_minsoc_latest_final_spi_flash_top.v","automated_osu035","v","topfile, spi, interface",1529250003.47565,45,37,0
"automated_osu035_minsoc_latest_final_syncflop",18,27,"./automated_osu035/automated_osu035_minsoc_latest_final_syncflop.v","automated_osu035","v",,1529250003.51565,5,1,0
"automated_osu035_minsoc_latest_final_syncreg",96,195,"./automated_osu035/automated_osu035_minsoc_latest_final_syncreg.v","automated_osu035","v",,1529250003.54765,7,4,0
"automated_osu035_minsoc_latest_final_tap_top",283,650,"./automated_osu035/automated_osu035_minsoc_latest_final_tap_top.v","automated_osu035","v","topfile",1529250003.62765,7,13,0
"automated_osu035_minsoc_latest_final_uart_debug_if",214,293,"./automated_osu035/automated_osu035_minsoc_latest_final_uart_debug_if.v","automated_osu035","v","uart",1529250003.67565,59,32,0
"automated_osu035_minsoc_latest_final_uart_fifo",799,2096,"./automated_osu035/automated_osu035_minsoc_latest_final_uart_fifo.v","automated_osu035","v","fifo, memory",1529250003.77165,14,16,0
"automated_osu035_minsoc_latest_final_uart_receiver",1301,3354,"./automated_osu035/automated_osu035_minsoc_latest_final_uart_receiver.v","automated_osu035","v","uart",1529250003.87164,16,27,0
"automated_osu035_minsoc_latest_final_uart_regs",2809,7172,"./automated_osu035/automated_osu035_minsoc_latest_final_uart_regs.v","automated_osu035","v","uart, register, memory",1529250003.98364,20,13,0
"automated_osu035_minsoc_latest_final_uart_rfifo",1062,2503,"./automated_osu035/automated_osu035_minsoc_latest_final_uart_rfifo.v","automated_osu035","v","fifo, memory",1529250004.15964,14,15,0
"automated_osu035_minsoc_latest_final_uart_sync_flops",14,17,"./automated_osu035/automated_osu035_minsoc_latest_final_uart_sync_flops.v","automated_osu035","v","uart",1529250004.20364,5,1,0
"automated_osu035_minsoc_latest_final_uart_tfifo",817,1833,"./automated_osu035/automated_osu035_minsoc_latest_final_uart_tfifo.v","automated_osu035","v","fifo, memory",1529250004.24764,14,14,0
"automated_osu035_minsoc_latest_final_uart_transmitter",955,2474,"./automated_osu035/automated_osu035_minsoc_latest_final_uart_transmitter.v","automated_osu035","v","uart",1529250004.32364,21,9,0
"automated_osu035_minsoc_latest_final_uart_wb",18,20,"./automated_osu035/automated_osu035_minsoc_latest_final_uart_wb.v","automated_osu035","v","uart",1529250004.36764,5,3,0
"automated_osu035_minsoc_latest_final_xilinx_dist_ram_16x32",3530,7712,"./automated_osu035/automated_osu035_minsoc_latest_final_xilinx_dist_ram_16x32.v","automated_osu035","v","ram",1529250004.47964,42,32,0
"automated_osu035_mips_16_latest_final_alu",32,16,"./automated_osu035/automated_osu035_mips_16_latest_final_alu.v","automated_osu035","v","alu, arithmetic, add, sub",1536254807.08112,35,16,0
"automated_osu035_mips_16_latest_final_data_mem",16782,44168,"./automated_osu035/automated_osu035_mips_16_latest_final_data_mem.v","automated_osu035","v","mem",1536254807.83311,34,16,0
"automated_osu035_mips_16_latest_final_EX_stage",182,218,"./automated_osu035/automated_osu035_mips_16_latest_final_EX_stage.v","automated_osu035","v",,1536254807.85711,59,41,0
"automated_osu035_mips_16_latest_final_hazard_detection_unit",51,79,"./automated_osu035/automated_osu035_mips_16_latest_final_hazard_detection_unit.v","automated_osu035","v",,1536254807.87711,15,1,0
"automated_osu035_mips_16_latest_final_ID_stage",353,645,"./automated_osu035/automated_osu035_mips_16_latest_final_ID_stage.v","automated_osu035","v",,1536254807.90111,51,76,0
"automated_osu035_mips_16_latest_final_IF_stage",202,399,"./automated_osu035/automated_osu035_mips_16_latest_final_IF_stage.v","automated_osu035","v",,1536254807.92511,10,24,0
"automated_osu035_mips_16_latest_final_instruction_mem",80,137,"./automated_osu035/automated_osu035_mips_16_latest_final_instruction_mem.v","automated_osu035","v",,1536254807.94511,9,16,0
"automated_osu035_mips_16_latest_final_MEM_stage",16934,44380,"./automated_osu035/automated_osu035_mips_16_latest_final_MEM_stage.v","automated_osu035","v","mem",1536254808.8411,40,40,0
"automated_osu035_mips_16_latest_final_mips_16_core_top",17961,46935,"./automated_osu035/automated_osu035_mips_16_latest_final_mips_16_core_top.v","automated_osu035","v","topfile",1536254809.73709,2,8,0
"automated_osu035_mips_16_latest_final_register_file",645,1591,"./automated_osu035/automated_osu035_mips_16_latest_final_register_file.v","automated_osu035","v","register, memory",1536254809.78109,28,32,0
"automated_osu035_mips_16_latest_final_WB_stage",115,126,"./automated_osu035/automated_osu035_mips_16_latest_final_WB_stage.v","automated_osu035","v",,1536254809.81309,37,23,0
"automated_osu035_mod_mult_exp_latest_final_blockMemory",1024,512,"./automated_osu035/automated_osu035_mod_mult_exp_latest_final_blockMemory.v","automated_osu035","v","mult, arithmetic",1536254815.45304,519,512,0
"automated_osu035_mod3_calc_latest_final_mod3",80,140,"./automated_osu035/automated_osu035_mod3_calc_latest_final_mod3.v","automated_osu035","v",,1536254814.18505,8,2,0
"automated_osu035_mod3_calc_latest_final_mod3_adder",24,40,"./automated_osu035/automated_osu035_mod3_calc_latest_final_mod3_adder.v","automated_osu035","v","add, arithmetic",1536254814.14105,4,2,0
"automated_osu035_mod3_calc_latest_final_type_conv",8,8,"./automated_osu035/automated_osu035_mod3_calc_latest_final_type_conv.v","automated_osu035","v",,1536254814.20105,2,2,0
"automated_osu035_mriscv_final_ADC_interface_APB",144,190,"./automated_osu035/automated_osu035_mriscv_final_ADC_interface_APB.v","automated_osu035","v","adc",1536258738.24633,84,33,0
"automated_osu035_mriscv_final_ADC_interface_AXI",155,208,"./automated_osu035/automated_osu035_mriscv_final_ADC_interface_AXI.v","automated_osu035","v","adc, axi",1536258738.40233,118,37,0
"automated_osu035_mriscv_final_AXI_SP32B1024",468,728,"./automated_osu035/automated_osu035_mriscv_final_AXI_SP32B1024.v","automated_osu035","v","axi",1536258738.72633,145,81,0
"automated_osu035_mriscv_final_axi4_interconnect",1510,2092,"./automated_osu035/automated_osu035_mriscv_final_axi4_interconnect.v","automated_osu035","v","axi",1536258738.67033,335,407,0
"automated_osu035_mriscv_final_bus_sync_sf",330,587,"./automated_osu035/automated_osu035_mriscv_final_bus_sync_sf.v","automated_osu035","v","bus, interface",1536258738.75433,35,32,0
"automated_osu035_mriscv_final_DAC_interface_APB",212,330,"./automated_osu035/automated_osu035_mriscv_final_DAC_interface_APB.v","automated_osu035","v","dac, apb",1536258738.80233,73,45,0
"automated_osu035_mriscv_final_DAC_interface_AXI",230,355,"./automated_osu035/automated_osu035_mriscv_final_DAC_interface_AXI.v","automated_osu035","v","axi, dac",1536258738.83433,75,49,0
"automated_osu035_mriscv_final_decodificador",29,39,"./automated_osu035/automated_osu035_mriscv_final_decodificador.v","automated_osu035","v",,1535967550.29479,5,8,0
"automated_osu035_mriscv_final_decodificador_apd",29,39,"./automated_osu035/automated_osu035_mriscv_final_decodificador_apd.v","automated_osu035","v",,1536258738.85833,5,8,0
"automated_osu035_mriscv_final_decodificador_axi",29,39,"./automated_osu035/automated_osu035_mriscv_final_decodificador_axi.v","automated_osu035","v","axi",1536258738.88633,5,8,0
"automated_osu035_mriscv_final_flipflopRS",15,22,"./automated_osu035/automated_osu035_mriscv_final_flipflopRS.v","automated_osu035","v",,1536258738.90233,4,2,0
"automated_osu035_mriscv_final_flipsdataw",17,22,"./automated_osu035/automated_osu035_mriscv_final_flipsdataw.v","automated_osu035","v",,1536258738.92633,5,2,0
"automated_osu035_mriscv_final_gpioAPB",429,675,"./automated_osu035/automated_osu035_mriscv_final_gpioAPB.v","automated_osu035","v","apb, gpio",1535967550.45079,81,65,0
"automated_osu035_mriscv_final_impl_axi",21981,50441,"./automated_osu035/automated_osu035_mriscv_final_impl_axi.v","automated_osu035","v","axi",1536258740.07432,24,49,0
"automated_osu035_mriscv_final_latchW",23,32,"./automated_osu035/automated_osu035_mriscv_final_latchW.v","automated_osu035","v",,1535967551.89877,35,3,0
"automated_osu035_mriscv_final_latchW_apb",23,32,"./automated_osu035/automated_osu035_mriscv_final_latchW_apb.v","automated_osu035","v",,1536258740.13832,35,3,0
"automated_osu035_mriscv_final_latchW_axi",23,32,"./automated_osu035/automated_osu035_mriscv_final_latchW_axi.v","automated_osu035","v","axi",1536258740.21831,35,3,0
"automated_osu035_mriscv_final_macstate2",53,95,"./automated_osu035/automated_osu035_mriscv_final_macstate2.v","automated_osu035","v",,1536258740.37831,5,1,0
"automated_osu035_mriscv_final_SP32B1024",135709,364642,"./automated_osu035/automated_osu035_mriscv_final_SP32B1024.v","automated_osu035","v",,1536258747.31824,45,32,0
"automated_osu035_mriscv_final_spi_axi_master",2066,4148,"./automated_osu035/automated_osu035_mriscv_final_spi_axi_master.v","automated_osu035","v","axi, spi, interface",1536258747.73424,42,113,0
"automated_osu035_mriscv_final_spi_axi_slave",425,799,"./automated_osu035/automated_osu035_mriscv_final_spi_axi_slave.v","automated_osu035","v","axi, spi, interface",1536258747.81424,113,40,0
"automated_osu035_mriscv_final_xilinx_single_port_ram_write_first",135889,365451,"./automated_osu035/automated_osu035_mriscv_final_xilinx_single_port_ram_write_first.v","automated_osu035","v","ram, memory",1536258754.01418,45,32,0
"automated_osu035_mriscvcore_final_Alg_Booth",688,1421,"./automated_osu035/automated_osu035_mriscvcore_final_Alg_Booth.v","automated_osu035","v",,1536259306.1406,39,34,0
"automated_osu035_mriscvcore_final_ALU",2817,6276,"./automated_osu035/automated_osu035_mriscvcore_final_ALU.v","automated_osu035","v","alu, arithmetic, add, sub",1536259306.7486,111,36,0
"automated_osu035_mriscvcore_final_ALU_add",456,816,"./automated_osu035/automated_osu035_mriscvcore_final_ALU_add.v","automated_osu035","v","add, arithmetic",1536259306.1886,66,33,0
"automated_osu035_mriscvcore_final_ALU_and",194,224,"./automated_osu035/automated_osu035_mriscvcore_final_ALU_and.v","automated_osu035","v","alu, arithmetic, add, sub",1536259306.2086,66,32,0
"automated_osu035_mriscvcore_final_ALU_beq",160,223,"./automated_osu035/automated_osu035_mriscvcore_final_ALU_beq.v","automated_osu035","v","alu, arithmetic, add, sub",1536259306.2486,66,1,0
"automated_osu035_mriscvcore_final_ALU_blt",249,396,"./automated_osu035/automated_osu035_mriscvcore_final_ALU_blt.v","automated_osu035","v","alu, arithmetic, add, sub",1536259306.3046,66,1,0
"automated_osu035_mriscvcore_final_ALU_bltu",252,406,"./automated_osu035/automated_osu035_mriscvcore_final_ALU_bltu.v","automated_osu035","v","alu, arithmetic, add, sub",1536259306.2726,66,1,0
"automated_osu035_mriscvcore_final_ALU_or",194,224,"./automated_osu035/automated_osu035_mriscvcore_final_ALU_or.v","automated_osu035","v","alu, arithmetic, add, sub",1536259306.3326,66,32,0
"automated_osu035_mriscvcore_final_ALU_sub",452,803,"./automated_osu035/automated_osu035_mriscvcore_final_ALU_sub.v","automated_osu035","v","sub, arithmetic",1536259306.3726,66,32,0
"automated_osu035_mriscvcore_final_ALU_sXXx",825,1797,"./automated_osu035/automated_osu035_mriscvcore_final_ALU_sXXx.v","automated_osu035","v","alu, arithmetic, add, sub",1536259306.4326,67,97,0
"automated_osu035_mriscvcore_final_ALU_synth",2667,5896,"./automated_osu035/automated_osu035_mriscvcore_final_ALU_synth.v","automated_osu035","v","alu, arithmetic, add, sub",1536259306.6006,111,36,0
"automated_osu035_mriscvcore_final_ALU_xor",227,321,"./automated_osu035/automated_osu035_mriscvcore_final_ALU_xor.v","automated_osu035","v","alu, arithmetic, add, sub",1536259306.7806,66,32,0
"automated_osu035_mriscvcore_final_AND2_X1",4,3,"./automated_osu035/automated_osu035_mriscvcore_final_AND2_X1.v","automated_osu035","v",,1536259306.8006,2,1,0
"automated_osu035_mriscvcore_final_AND2_X2",4,3,"./automated_osu035/automated_osu035_mriscvcore_final_AND2_X2.v","automated_osu035","v",,1536259306.8246,2,1,0
"automated_osu035_mriscvcore_final_AND2_X4",4,3,"./automated_osu035/automated_osu035_mriscvcore_final_AND2_X4.v","automated_osu035","v",,1536259306.8446,2,1,0
"automated_osu035_mriscvcore_final_AND3_X1",6,5,"./automated_osu035/automated_osu035_mriscvcore_final_AND3_X1.v","automated_osu035","v",,1536259306.8686,3,1,0
"automated_osu035_mriscvcore_final_AND3_X2",6,5,"./automated_osu035/automated_osu035_mriscvcore_final_AND3_X2.v","automated_osu035","v",,1536259306.8886,3,1,0
"automated_osu035_mriscvcore_final_AND3_X4",6,5,"./automated_osu035/automated_osu035_mriscvcore_final_AND3_X4.v","automated_osu035","v",,1536259306.9126,3,1,0
"automated_osu035_mriscvcore_final_AND4_X1",8,7,"./automated_osu035/automated_osu035_mriscvcore_final_AND4_X1.v","automated_osu035","v",,1536259306.9326,4,1,0
"automated_osu035_mriscvcore_final_AND4_X2",8,7,"./automated_osu035/automated_osu035_mriscvcore_final_AND4_X2.v","automated_osu035","v",,1536259306.9526,4,1,0
"automated_osu035_mriscvcore_final_AND4_X4",8,7,"./automated_osu035/automated_osu035_mriscvcore_final_AND4_X4.v","automated_osu035","v",,1536259306.97659,4,1,0
"automated_osu035_mriscvcore_final_ANTENNA_X1",0,0,"./automated_osu035/automated_osu035_mriscvcore_final_ANTENNA_X1.v","automated_osu035","v",,1536259306.99659,1,0,0
"automated_osu035_mriscvcore_final_AOI21_X1",5,4,"./automated_osu035/automated_osu035_mriscvcore_final_AOI21_X1.v","automated_osu035","v",,1536259307.08459,3,1,0
"automated_osu035_mriscvcore_final_AOI21_X2",5,4,"./automated_osu035/automated_osu035_mriscvcore_final_AOI21_X2.v","automated_osu035","v",,1536259307.10459,3,1,0
"automated_osu035_mriscvcore_final_AOI21_X4",5,4,"./automated_osu035/automated_osu035_mriscvcore_final_AOI21_X4.v","automated_osu035","v",,1536259307.12859,3,1,0
"automated_osu035_mriscvcore_final_AOI211_X1",8,7,"./automated_osu035/automated_osu035_mriscvcore_final_AOI211_X1.v","automated_osu035","v",,1536259307.01659,4,1,0
"automated_osu035_mriscvcore_final_AOI211_X2",8,7,"./automated_osu035/automated_osu035_mriscvcore_final_AOI211_X2.v","automated_osu035","v",,1536259307.04059,4,1,0
"automated_osu035_mriscvcore_final_AOI211_X4",8,7,"./automated_osu035/automated_osu035_mriscvcore_final_AOI211_X4.v","automated_osu035","v",,1536259307.06059,4,1,0
"automated_osu035_mriscvcore_final_AOI22_X1",6,5,"./automated_osu035/automated_osu035_mriscvcore_final_AOI22_X1.v","automated_osu035","v",,1536259307.28859,4,1,0
"automated_osu035_mriscvcore_final_AOI22_X2",6,5,"./automated_osu035/automated_osu035_mriscvcore_final_AOI22_X2.v","automated_osu035","v",,1536259307.30859,4,1,0
"automated_osu035_mriscvcore_final_AOI22_X4",6,5,"./automated_osu035/automated_osu035_mriscvcore_final_AOI22_X4.v","automated_osu035","v",,1536259307.33259,4,1,0
"automated_osu035_mriscvcore_final_AOI221_X1",9,8,"./automated_osu035/automated_osu035_mriscvcore_final_AOI221_X1.v","automated_osu035","v",,1536259307.14859,5,1,0
"automated_osu035_mriscvcore_final_AOI221_X2",9,8,"./automated_osu035/automated_osu035_mriscvcore_final_AOI221_X2.v","automated_osu035","v",,1536259307.17259,5,1,0
"automated_osu035_mriscvcore_final_AOI221_X4",9,8,"./automated_osu035/automated_osu035_mriscvcore_final_AOI221_X4.v","automated_osu035","v",,1536259307.19659,5,1,0
"automated_osu035_mriscvcore_final_AOI222_X1",10,9,"./automated_osu035/automated_osu035_mriscvcore_final_AOI222_X1.v","automated_osu035","v",,1536259307.21659,6,1,0
"automated_osu035_mriscvcore_final_AOI222_X2",10,9,"./automated_osu035/automated_osu035_mriscvcore_final_AOI222_X2.v","automated_osu035","v",,1536259307.23659,6,1,0
"automated_osu035_mriscvcore_final_AOI222_X4",10,9,"./automated_osu035/automated_osu035_mriscvcore_final_AOI222_X4.v","automated_osu035","v",,1536259307.26459,6,1,0
"automated_osu035_mriscvcore_final_BUF_X1",3,2,"./automated_osu035/automated_osu035_mriscvcore_final_BUF_X1.v","automated_osu035","v",,1536259307.37659,1,1,0
"automated_osu035_mriscvcore_final_BUF_X16",3,2,"./automated_osu035/automated_osu035_mriscvcore_final_BUF_X16.v","automated_osu035","v",,1536259307.35659,1,1,0
"automated_osu035_mriscvcore_final_BUF_X2",3,2,"./automated_osu035/automated_osu035_mriscvcore_final_BUF_X2.v","automated_osu035","v",,1536259307.40059,1,1,0
"automated_osu035_mriscvcore_final_BUF_X32",3,2,"./automated_osu035/automated_osu035_mriscvcore_final_BUF_X32.v","automated_osu035","v",,1536259307.42459,1,1,0
"automated_osu035_mriscvcore_final_BUF_X4",3,2,"./automated_osu035/automated_osu035_mriscvcore_final_BUF_X4.v","automated_osu035","v",,1536259307.44459,1,1,0
"automated_osu035_mriscvcore_final_BUF_X8",3,2,"./automated_osu035/automated_osu035_mriscvcore_final_BUF_X8.v","automated_osu035","v",,1536259307.46059,1,1,0
"automated_osu035_mriscvcore_final_CLKBUF_X1",3,2,"./automated_osu035/automated_osu035_mriscvcore_final_CLKBUF_X1.v","automated_osu035","v",,1536259307.48459,1,1,0
"automated_osu035_mriscvcore_final_CLKBUF_X2",3,2,"./automated_osu035/automated_osu035_mriscvcore_final_CLKBUF_X2.v","automated_osu035","v",,1536259307.50459,1,1,0
"automated_osu035_mriscvcore_final_CLKBUF_X3",3,2,"./automated_osu035/automated_osu035_mriscvcore_final_CLKBUF_X3.v","automated_osu035","v",,1536259307.52859,1,1,0
"automated_osu035_mriscvcore_final_CLKGATE_X1",2,1,"./automated_osu035/automated_osu035_mriscvcore_final_CLKGATE_X1.v","automated_osu035","v",,1536259307.63259,2,1,0
"automated_osu035_mriscvcore_final_CLKGATE_X2",2,1,"./automated_osu035/automated_osu035_mriscvcore_final_CLKGATE_X2.v","automated_osu035","v",,1536259307.65259,2,1,0
"automated_osu035_mriscvcore_final_CLKGATE_X4",2,1,"./automated_osu035/automated_osu035_mriscvcore_final_CLKGATE_X4.v","automated_osu035","v",,1536259307.67659,2,1,0
"automated_osu035_mriscvcore_final_CLKGATE_X8",2,1,"./automated_osu035/automated_osu035_mriscvcore_final_CLKGATE_X8.v","automated_osu035","v",,1536259307.69659,2,1,0
"automated_osu035_mriscvcore_final_CLKGATETST_X1",2,1,"./automated_osu035/automated_osu035_mriscvcore_final_CLKGATETST_X1.v","automated_osu035","v",,1536259307.54859,3,1,0
"automated_osu035_mriscvcore_final_CLKGATETST_X2",2,1,"./automated_osu035/automated_osu035_mriscvcore_final_CLKGATETST_X2.v","automated_osu035","v",,1536259307.56859,3,1,0
"automated_osu035_mriscvcore_final_CLKGATETST_X4",2,1,"./automated_osu035/automated_osu035_mriscvcore_final_CLKGATETST_X4.v","automated_osu035","v",,1536259307.58859,3,1,0
"automated_osu035_mriscvcore_final_CLKGATETST_X8",2,1,"./automated_osu035/automated_osu035_mriscvcore_final_CLKGATETST_X8.v","automated_osu035","v",,1536259307.61259,3,1,0
"automated_osu035_mriscvcore_final_Count",1083,2061,"./automated_osu035/automated_osu035_mriscvcore_final_Count.v","automated_osu035","v",,1536259307.76059,67,33,0
"automated_osu035_mriscvcore_final_divM",487,989,"./automated_osu035/automated_osu035_mriscvcore_final_divM.v","automated_osu035","v",,1536259307.80459,35,1,0
"automated_osu035_mriscvcore_final_FA_X1",12,19,"./automated_osu035/automated_osu035_mriscvcore_final_FA_X1.v","automated_osu035","v",,1536259307.82459,3,2,0
"automated_osu035_mriscvcore_final_FILLCELL_X1",0,0,"./automated_osu035/automated_osu035_mriscvcore_final_FILLCELL_X1.v","automated_osu035","v",,1536259307.86859,0,0,0
"automated_osu035_mriscvcore_final_FILLCELL_X16",0,0,"./automated_osu035/automated_osu035_mriscvcore_final_FILLCELL_X16.v","automated_osu035","v",,1536259307.84459,0,0,0
"automated_osu035_mriscvcore_final_FILLCELL_X2",0,0,"./automated_osu035/automated_osu035_mriscvcore_final_FILLCELL_X2.v","automated_osu035","v",,1536259307.88859,0,0,0
"automated_osu035_mriscvcore_final_FILLCELL_X32",0,0,"./automated_osu035/automated_osu035_mriscvcore_final_FILLCELL_X32.v","automated_osu035","v",,1536259307.90859,0,0,0
"automated_osu035_mriscvcore_final_FILLCELL_X4",0,0,"./automated_osu035/automated_osu035_mriscvcore_final_FILLCELL_X4.v","automated_osu035","v",,1536259307.92859,0,0,0
"automated_osu035_mriscvcore_final_FILLCELL_X8",0,0,"./automated_osu035/automated_osu035_mriscvcore_final_FILLCELL_X8.v","automated_osu035","v",,1536259307.94859,0,0,0
"automated_osu035_mriscvcore_final_FSM",145,273,"./automated_osu035/automated_osu035_mriscvcore_final_FSM.v","automated_osu035","v",,1536259307.99658,19,10,0
"automated_osu035_mriscvcore_final_FSM_Booth",41,62,"./automated_osu035/automated_osu035_mriscvcore_final_FSM_Booth.v","automated_osu035","v",,1536259307.96858,8,3,0
"automated_osu035_mriscvcore_final_HA_X1",7,8,"./automated_osu035/automated_osu035_mriscvcore_final_HA_X1.v","automated_osu035","v",,1536259308.02058,2,2,0
"automated_osu035_mriscvcore_final_INV_X1",3,2,"./automated_osu035/automated_osu035_mriscvcore_final_INV_X1.v","automated_osu035","v",,1536259308.06458,1,1,0
"automated_osu035_mriscvcore_final_INV_X16",3,2,"./automated_osu035/automated_osu035_mriscvcore_final_INV_X16.v","automated_osu035","v",,1536259308.04058,1,1,0
"automated_osu035_mriscvcore_final_INV_X2",3,2,"./automated_osu035/automated_osu035_mriscvcore_final_INV_X2.v","automated_osu035","v",,1536259308.08458,1,1,0
"automated_osu035_mriscvcore_final_INV_X32",3,2,"./automated_osu035/automated_osu035_mriscvcore_final_INV_X32.v","automated_osu035","v",,1536259308.10858,1,1,0
"automated_osu035_mriscvcore_final_INV_X4",3,2,"./automated_osu035/automated_osu035_mriscvcore_final_INV_X4.v","automated_osu035","v",,1536259308.12858,1,1,0
"automated_osu035_mriscvcore_final_INV_X8",3,2,"./automated_osu035/automated_osu035_mriscvcore_final_INV_X8.v","automated_osu035","v",,1536259308.15658,1,1,0
"automated_osu035_mriscvcore_final_IRQ",2665,5214,"./automated_osu035/automated_osu035_mriscvcore_final_IRQ.v","automated_osu035","v","irq",1536259308.30458,176,161,0
"automated_osu035_mriscvcore_final_LOGIC0_X1",2,1,"./automated_osu035/automated_osu035_mriscvcore_final_LOGIC0_X1.v","automated_osu035","v",,1536259308.33658,0,1,0
"automated_osu035_mriscvcore_final_LOGIC1_X1",2,1,"./automated_osu035/automated_osu035_mriscvcore_final_LOGIC1_X1.v","automated_osu035","v",,1536259308.36458,0,1,0
"automated_osu035_mriscvcore_final_MEMORY_INTERFACE",1208,2067,"./automated_osu035/automated_osu035_mriscvcore_final_MEMORY_INTERFACE.v","automated_osu035","v","memory_interface",1536259308.42858,173,179,0
"automated_osu035_mriscvcore_final_mriscvcore_synth",19805,45807,"./automated_osu035/automated_osu035_mriscvcore_final_mriscvcore_synth.v","automated_osu035","v",,1536259309.30457,71,144,0
"automated_osu035_mriscvcore_final_MULT",4815,10456,"./automated_osu035/automated_osu035_mriscvcore_final_MULT.v","automated_osu035","v","mult, arithmetic",1536259309.56057,79,34,0
"automated_osu035_mriscvcore_final_MUX2_X1",7,7,"./automated_osu035/automated_osu035_mriscvcore_final_MUX2_X1.v","automated_osu035","v",,1536259309.58457,3,1,0
"automated_osu035_mriscvcore_final_MUX2_X2",7,7,"./automated_osu035/automated_osu035_mriscvcore_final_MUX2_X2.v","automated_osu035","v",,1536259309.60057,3,1,0
"automated_osu035_mriscvcore_final_NAND2_X1",4,3,"./automated_osu035/automated_osu035_mriscvcore_final_NAND2_X1.v","automated_osu035","v",,1536259309.62457,2,1,0
"automated_osu035_mriscvcore_final_NAND2_X2",4,3,"./automated_osu035/automated_osu035_mriscvcore_final_NAND2_X2.v","automated_osu035","v",,1536259309.64057,2,1,0
"automated_osu035_mriscvcore_final_NAND2_X4",4,3,"./automated_osu035/automated_osu035_mriscvcore_final_NAND2_X4.v","automated_osu035","v",,1536259309.65657,2,1,0
"automated_osu035_mriscvcore_final_NAND3_X1",5,4,"./automated_osu035/automated_osu035_mriscvcore_final_NAND3_X1.v","automated_osu035","v",,1536259309.67657,3,1,0
"automated_osu035_mriscvcore_final_NAND3_X2",5,4,"./automated_osu035/automated_osu035_mriscvcore_final_NAND3_X2.v","automated_osu035","v",,1536259309.69257,3,1,0
"automated_osu035_mriscvcore_final_NAND3_X4",5,4,"./automated_osu035/automated_osu035_mriscvcore_final_NAND3_X4.v","automated_osu035","v",,1536259309.71657,3,1,0
"automated_osu035_mriscvcore_final_NAND4_X1",8,7,"./automated_osu035/automated_osu035_mriscvcore_final_NAND4_X1.v","automated_osu035","v",,1536259309.73657,4,1,0
"automated_osu035_mriscvcore_final_NAND4_X2",8,7,"./automated_osu035/automated_osu035_mriscvcore_final_NAND4_X2.v","automated_osu035","v",,1536259309.76057,4,1,0
"automated_osu035_mriscvcore_final_NAND4_X4",8,7,"./automated_osu035/automated_osu035_mriscvcore_final_NAND4_X4.v","automated_osu035","v",,1536259309.83257,4,1,0
"automated_osu035_mriscvcore_final_NOR2_X1",4,3,"./automated_osu035/automated_osu035_mriscvcore_final_NOR2_X1.v","automated_osu035","v",,1536259309.84857,2,1,0
"automated_osu035_mriscvcore_final_NOR2_X2",4,3,"./automated_osu035/automated_osu035_mriscvcore_final_NOR2_X2.v","automated_osu035","v",,1536259309.86857,2,1,0
"automated_osu035_mriscvcore_final_NOR2_X4",4,3,"./automated_osu035/automated_osu035_mriscvcore_final_NOR2_X4.v","automated_osu035","v",,1536259309.88857,2,1,0
"automated_osu035_mriscvcore_final_NOR3_X1",5,4,"./automated_osu035/automated_osu035_mriscvcore_final_NOR3_X1.v","automated_osu035","v",,1536259309.91657,3,1,0
"automated_osu035_mriscvcore_final_NOR3_X2",5,4,"./automated_osu035/automated_osu035_mriscvcore_final_NOR3_X2.v","automated_osu035","v",,1536259309.94057,3,1,0
"automated_osu035_mriscvcore_final_NOR3_X4",5,4,"./automated_osu035/automated_osu035_mriscvcore_final_NOR3_X4.v","automated_osu035","v",,1536259309.96056,3,1,0
"automated_osu035_mriscvcore_final_NOR4_X1",8,7,"./automated_osu035/automated_osu035_mriscvcore_final_NOR4_X1.v","automated_osu035","v",,1536259309.98056,4,1,0
"automated_osu035_mriscvcore_final_NOR4_X2",8,7,"./automated_osu035/automated_osu035_mriscvcore_final_NOR4_X2.v","automated_osu035","v",,1536259310.00456,4,1,0
"automated_osu035_mriscvcore_final_NOR4_X4",8,7,"./automated_osu035/automated_osu035_mriscvcore_final_NOR4_X4.v","automated_osu035","v",,1536259310.02456,4,1,0
"automated_osu035_mriscvcore_final_OAI21_X1",5,4,"./automated_osu035/automated_osu035_mriscvcore_final_OAI21_X1.v","automated_osu035","v",,1536259310.11656,3,1,0
"automated_osu035_mriscvcore_final_OAI21_X2",5,4,"./automated_osu035/automated_osu035_mriscvcore_final_OAI21_X2.v","automated_osu035","v",,1536259310.13656,3,1,0
"automated_osu035_mriscvcore_final_OAI21_X4",5,4,"./automated_osu035/automated_osu035_mriscvcore_final_OAI21_X4.v","automated_osu035","v",,1536259310.16056,3,1,0
"automated_osu035_mriscvcore_final_OAI211_X1",7,6,"./automated_osu035/automated_osu035_mriscvcore_final_OAI211_X1.v","automated_osu035","v",,1536259310.04456,4,1,0
"automated_osu035_mriscvcore_final_OAI211_X2",7,6,"./automated_osu035/automated_osu035_mriscvcore_final_OAI211_X2.v","automated_osu035","v",,1536259310.06856,4,1,0
"automated_osu035_mriscvcore_final_OAI211_X4",7,6,"./automated_osu035/automated_osu035_mriscvcore_final_OAI211_X4.v","automated_osu035","v",,1536259310.09256,4,1,0
"automated_osu035_mriscvcore_final_OAI22_X1",6,5,"./automated_osu035/automated_osu035_mriscvcore_final_OAI22_X1.v","automated_osu035","v",,1536259310.31256,4,1,0
"automated_osu035_mriscvcore_final_OAI22_X2",6,5,"./automated_osu035/automated_osu035_mriscvcore_final_OAI22_X2.v","automated_osu035","v",,1536259310.33256,4,1,0
"automated_osu035_mriscvcore_final_OAI22_X4",6,5,"./automated_osu035/automated_osu035_mriscvcore_final_OAI22_X4.v","automated_osu035","v",,1536259310.35656,4,1,0
"automated_osu035_mriscvcore_final_OAI221_X1",9,8,"./automated_osu035/automated_osu035_mriscvcore_final_OAI221_X1.v","automated_osu035","v",,1536259310.17656,5,1,0
"automated_osu035_mriscvcore_final_OAI221_X2",9,8,"./automated_osu035/automated_osu035_mriscvcore_final_OAI221_X2.v","automated_osu035","v",,1536259310.20456,5,1,0
"automated_osu035_mriscvcore_final_OAI221_X4",9,8,"./automated_osu035/automated_osu035_mriscvcore_final_OAI221_X4.v","automated_osu035","v",,1536259310.22456,5,1,0
"automated_osu035_mriscvcore_final_OAI222_X1",11,10,"./automated_osu035/automated_osu035_mriscvcore_final_OAI222_X1.v","automated_osu035","v",,1536259310.24856,6,1,0
"automated_osu035_mriscvcore_final_OAI222_X2",11,10,"./automated_osu035/automated_osu035_mriscvcore_final_OAI222_X2.v","automated_osu035","v",,1536259310.26856,6,1,0
"automated_osu035_mriscvcore_final_OAI222_X4",11,10,"./automated_osu035/automated_osu035_mriscvcore_final_OAI222_X4.v","automated_osu035","v",,1536259310.28856,6,1,0
"automated_osu035_mriscvcore_final_OAI33_X1",10,9,"./automated_osu035/automated_osu035_mriscvcore_final_OAI33_X1.v","automated_osu035","v",,1536259310.38056,6,1,0
"automated_osu035_mriscvcore_final_OR2_X1",4,3,"./automated_osu035/automated_osu035_mriscvcore_final_OR2_X1.v","automated_osu035","v",,1536259310.40056,2,1,0
"automated_osu035_mriscvcore_final_OR2_X2",4,3,"./automated_osu035/automated_osu035_mriscvcore_final_OR2_X2.v","automated_osu035","v",,1536259310.42056,2,1,0
"automated_osu035_mriscvcore_final_OR2_X4",4,3,"./automated_osu035/automated_osu035_mriscvcore_final_OR2_X4.v","automated_osu035","v",,1536259310.44056,2,1,0
"automated_osu035_mriscvcore_final_OR3_X1",8,7,"./automated_osu035/automated_osu035_mriscvcore_final_OR3_X1.v","automated_osu035","v",,1536259310.46056,3,1,0
"automated_osu035_mriscvcore_final_OR3_X2",8,7,"./automated_osu035/automated_osu035_mriscvcore_final_OR3_X2.v","automated_osu035","v",,1536259310.48456,3,1,0
"automated_osu035_mriscvcore_final_OR3_X4",8,7,"./automated_osu035/automated_osu035_mriscvcore_final_OR3_X4.v","automated_osu035","v",,1536259310.50856,3,1,0
"automated_osu035_mriscvcore_final_OR4_X1",8,7,"./automated_osu035/automated_osu035_mriscvcore_final_OR4_X1.v","automated_osu035","v",,1536259310.53256,4,1,0
"automated_osu035_mriscvcore_final_OR4_X2",8,7,"./automated_osu035/automated_osu035_mriscvcore_final_OR4_X2.v","automated_osu035","v",,1536259310.55656,4,1,0
"automated_osu035_mriscvcore_final_OR4_X4",8,7,"./automated_osu035/automated_osu035_mriscvcore_final_OR4_X4.v","automated_osu035","v",,1536259310.57656,4,1,0
"automated_osu035_mriscvcore_final_REG_FILE",7010,17684,"./automated_osu035/automated_osu035_mriscvcore_final_REG_FILE.v","automated_osu035","v","register, memory",1536259310.93255,50,64,0
"automated_osu035_mriscvcore_final_TBUF_X1",3,2,"./automated_osu035/automated_osu035_mriscvcore_final_TBUF_X1.v","automated_osu035","v",,1536259310.97655,2,1,0
"automated_osu035_mriscvcore_final_TBUF_X16",3,2,"./automated_osu035/automated_osu035_mriscvcore_final_TBUF_X16.v","automated_osu035","v",,1536259310.95255,2,1,0
"automated_osu035_mriscvcore_final_TBUF_X2",3,2,"./automated_osu035/automated_osu035_mriscvcore_final_TBUF_X2.v","automated_osu035","v",,1536259310.99255,2,1,0
"automated_osu035_mriscvcore_final_TBUF_X4",3,2,"./automated_osu035/automated_osu035_mriscvcore_final_TBUF_X4.v","automated_osu035","v",,1536259311.01655,2,1,0
"automated_osu035_mriscvcore_final_TBUF_X8",3,2,"./automated_osu035/automated_osu035_mriscvcore_final_TBUF_X8.v","automated_osu035","v",,1536259311.04055,2,1,0
"automated_osu035_mriscvcore_final_TINV_X1",3,2,"./automated_osu035/automated_osu035_mriscvcore_final_TINV_X1.v","automated_osu035","v",,1536259311.06055,2,1,0
"automated_osu035_mriscvcore_final_true_dpram_sclk",6990,17654,"./automated_osu035/automated_osu035_mriscvcore_final_true_dpram_sclk.v","automated_osu035","v","ram, dpram",1536259311.43255,45,64,0
"automated_osu035_mriscvcore_final_UTILITY",3244,6820,"./automated_osu035/automated_osu035_mriscvcore_final_UTILITY.v","automated_osu035","v",,1536259311.60855,145,66,0
"automated_osu035_mriscvcore_final_XNOR2_X1",6,7,"./automated_osu035/automated_osu035_mriscvcore_final_XNOR2_X1.v","automated_osu035","v",,1536259311.62855,2,1,0
"automated_osu035_mriscvcore_final_XNOR2_X2",6,7,"./automated_osu035/automated_osu035_mriscvcore_final_XNOR2_X2.v","automated_osu035","v",,1536259311.64455,2,1,0
"automated_osu035_mriscvcore_final_XOR2_X1",6,7,"./automated_osu035/automated_osu035_mriscvcore_final_XOR2_X1.v","automated_osu035","v",,1536259311.66055,2,1,0
"automated_osu035_mriscvcore_final_XOR2_X2",6,7,"./automated_osu035/automated_osu035_mriscvcore_final_XOR2_X2.v","automated_osu035","v",,1536259311.68055,2,1,0
"automated_osu035_numbert_sort_device_latest_final_dbg_7seg",151,218,"./automated_osu035/automated_osu035_numbert_sort_device_latest_final_dbg_7seg.v","automated_osu035","v",,1535968708.45136,65,17,0
"automated_osu035_numbert_sort_device_latest_final_SEG7_LUT",45,86,"./automated_osu035/automated_osu035_numbert_sort_device_latest_final_SEG7_LUT.v","automated_osu035","v",,1535968708.61936,4,7,0
"automated_osu035_numbert_sort_device_latest_final_SEG7_LUT_4",180,344,"./automated_osu035/automated_osu035_numbert_sort_device_latest_final_SEG7_LUT_4.v","automated_osu035","v",,1535968708.50736,16,28,0
"automated_osu035_numbert_sort_device_latest_final_VGA_Ctrl",362,666,"./automated_osu035/automated_osu035_numbert_sort_device_latest_final_VGA_Ctrl.v","automated_osu035","v","vga, interface",1535968708.68736,33,57,0
"automated_osu035_openmsp430_latest_final_adc_data_fifo",28,14,"./automated_osu035/automated_osu035_openmsp430_latest_final_adc_data_fifo.v","automated_osu035","v","fifo, memory",1536264410.19431,17,14,0
"automated_osu035_openmsp430_latest_final_altera_avalon_sc_fifo",1099,2374,"./automated_osu035/automated_osu035_openmsp430_latest_final_altera_avalon_sc_fifo.v","automated_osu035","v","fifo, memory",1536264410.27031,53,49,0
"automated_osu035_openmsp430_latest_final_altera_avalon_st_pipeline_base",81,162,"./automated_osu035/automated_osu035_openmsp430_latest_final_altera_avalon_st_pipeline_base.v","automated_osu035","v",,1536264410.29031,12,10,0
"automated_osu035_openmsp430_latest_final_altera_reset_controller",41,46,"./automated_osu035/automated_osu035_openmsp430_latest_final_altera_reset_controller.v","automated_osu035","v",,1536264410.33031,33,2,0
"automated_osu035_openmsp430_latest_final_altera_reset_synchronizer",7,10,"./automated_osu035/automated_osu035_openmsp430_latest_final_altera_reset_synchronizer.v","automated_osu035","v",,1536264410.36631,2,1,0
"automated_osu035_openmsp430_latest_final_bit_reverse",24,16,"./automated_osu035/automated_osu035_openmsp430_latest_final_bit_reverse.v","automated_osu035","v",,1536264410.38631,8,8,0
"automated_osu035_openmsp430_latest_final_chipscope_icon",0,0,"./automated_osu035/automated_osu035_openmsp430_latest_final_chipscope_icon.v","automated_osu035","v",,1536264410.41031,36,0,0
"automated_osu035_openmsp430_latest_final_chipscope_ila",0,0,"./automated_osu035/automated_osu035_openmsp430_latest_final_chipscope_ila.v","automated_osu035","v",,1536264410.43031,61,0,0
"automated_osu035_openmsp430_latest_final_counter_bus_mux",8,4,"./automated_osu035/automated_osu035_openmsp430_latest_final_counter_bus_mux.v","automated_osu035","v",,1536264410.4663,9,4,0
"automated_osu035_openmsp430_latest_final_cyclonev_io_ibuf",3,2,"./automated_osu035/automated_osu035_openmsp430_latest_final_cyclonev_io_ibuf.v","automated_osu035","v",,1536264410.4823,3,1,0
"automated_osu035_openmsp430_latest_final_cyclonev_io_obuf",5,4,"./automated_osu035/automated_osu035_openmsp430_latest_final_cyclonev_io_obuf.v","automated_osu035","v",,1536264410.5023,36,2,0
"automated_osu035_openmsp430_latest_final_dac_spi_if",173,316,"./automated_osu035/automated_osu035_openmsp430_latest_final_dac_spi_if.v","automated_osu035","v",,1536264410.5703,35,27,0
"automated_osu035_openmsp430_latest_final_DAC121S101",105,206,"./automated_osu035/automated_osu035_openmsp430_latest_final_DAC121S101.v","automated_osu035","v",,1536264410.5463,3,12,0
"automated_osu035_openmsp430_latest_final_DE0_NANO_SOC_Default",154,305,"./automated_osu035/automated_osu035_openmsp430_latest_final_DE0_NANO_SOC_Default.v","automated_osu035","v",,1536264410.5943,82,11,0
"automated_osu035_openmsp430_latest_final_DE0_NANO_SOC_QSYS_jtag_uart",157,208,"./automated_osu035/automated_osu035_openmsp430_latest_final_DE0_NANO_SOC_QSYS_jtag_uart.v","automated_osu035","v","uart",1536264410.6623,38,36,0
"automated_osu035_openmsp430_latest_final_DE0_NANO_SOC_QSYS_jtag_uart_scfifo_r",32,16,"./automated_osu035/automated_osu035_openmsp430_latest_final_DE0_NANO_SOC_QSYS_jtag_uart_scfifo_r.v","automated_osu035","v","fifo, memory",1536264410.6143,13,16,0
"automated_osu035_openmsp430_latest_final_DE0_NANO_SOC_QSYS_jtag_uart_scfifo_w",32,16,"./automated_osu035/automated_osu035_openmsp430_latest_final_DE0_NANO_SOC_QSYS_jtag_uart_scfifo_w.v","automated_osu035","v","fifo, memory",1536264410.6263,12,16,0
"automated_osu035_openmsp430_latest_final_DE0_NANO_SOC_QSYS_jtag_uart_sim_scfifo_r",32,16,"./automated_osu035/automated_osu035_openmsp430_latest_final_DE0_NANO_SOC_QSYS_jtag_uart_sim_scfifo_r.v","automated_osu035","v","fifo, memory",1536264410.6343,3,16,0
"automated_osu035_openmsp430_latest_final_DE0_NANO_SOC_QSYS_jtag_uart_sim_scfifo_w",32,16,"./automated_osu035/automated_osu035_openmsp430_latest_final_DE0_NANO_SOC_QSYS_jtag_uart_sim_scfifo_w.v","automated_osu035","v","fifo, memory",1536264410.6463,10,16,0
"automated_osu035_openmsp430_latest_final_DE0_NANO_SOC_QSYS_nios2_qsys_oci_test_bench",0,0,"./automated_osu035/automated_osu035_openmsp430_latest_final_DE0_NANO_SOC_QSYS_nios2_qsys_oci_test_bench.v","automated_osu035","v",,1536264410.6743,36,0,0
"automated_osu035_openmsp430_latest_final_DE0_NANO_SOC_QSYS_nios2_qsys_test_bench",102,57,"./automated_osu035/automated_osu035_openmsp430_latest_final_DE0_NANO_SOC_QSYS_nios2_qsys_test_bench.v","automated_osu035","v",,1536264410.6943,363,45,0
"automated_osu035_openmsp430_latest_final_DE0_NANO_SOC_QSYS_sw",250,548,"./automated_osu035/automated_osu035_openmsp430_latest_final_DE0_NANO_SOC_QSYS_sw.v","automated_osu035","v",,1536264410.7183,48,33,0
"automated_osu035_openmsp430_latest_final_DE0_NANO_SOC_QSYS_sysid_qsys",65,47,"./automated_osu035/automated_osu035_openmsp430_latest_final_DE0_NANO_SOC_QSYS_sysid_qsys.v","automated_osu035","v",,1536264410.7343,3,32,0
"automated_osu035_openmsp430_latest_final_driver_7segment",267,503,"./automated_osu035/automated_osu035_openmsp430_latest_final_driver_7segment.v","automated_osu035","v",,1536264410.7583,35,48,0
"automated_osu035_openmsp430_latest_final_ext_de1_sram",196,278,"./automated_osu035/automated_osu035_openmsp430_latest_final_ext_de1_sram.v","automated_osu035","v","ram, memory",1536264410.7983,45,39,0
"automated_osu035_openmsp430_latest_final_in_buf",3,2,"./automated_osu035/automated_osu035_openmsp430_latest_final_in_buf.v","automated_osu035","v",,1536264410.8223,1,1,0
"automated_osu035_openmsp430_latest_final_in_buf_iobuf_in_v0i",3,2,"./automated_osu035/automated_osu035_openmsp430_latest_final_in_buf_iobuf_in_v0i.v","automated_osu035","v",,1536264410.8103,1,1,0
"automated_osu035_openmsp430_latest_final_io_mux",152,168,"./automated_osu035/automated_osu035_openmsp430_latest_final_io_mux.v","automated_osu035","v",,1536264410.8383,48,32,0
"automated_osu035_openmsp430_latest_final_ogfx_backend",2701,6355,"./automated_osu035/automated_osu035_openmsp430_latest_final_ogfx_backend.v","automated_osu035","v",,1536264411.1063,114,45,0
"automated_osu035_openmsp430_latest_final_ogfx_backend_frame_fifo",2036,4809,"./automated_osu035/automated_osu035_openmsp430_latest_final_ogfx_backend_frame_fifo.v","automated_osu035","v","fifo, memory",1536264410.9303,84,35,0
"automated_osu035_openmsp430_latest_final_ogfx_backend_lut_fifo",735,1665,"./automated_osu035/automated_osu035_openmsp430_latest_final_ogfx_backend_lut_fifo.v","automated_osu035","v","fifo, memory",1536264410.9743,54,28,0
"automated_osu035_openmsp430_latest_final_ogfx_gpu",5860,14095,"./automated_osu035/automated_osu035_openmsp430_latest_final_ogfx_gpu.v","automated_osu035","v","gpu",1536264411.75029,49,39,0
"automated_osu035_openmsp430_latest_final_ogfx_gpu_dma",3977,9223,"./automated_osu035/automated_osu035_openmsp430_latest_final_ogfx_gpu_dma.v","automated_osu035","v","gpu",1536264411.3783,138,37,0
"automated_osu035_openmsp430_latest_final_ogfx_gpu_dma_addr",1045,2357,"./automated_osu035/automated_osu035_openmsp430_latest_final_ogfx_gpu_dma_addr.v","automated_osu035","v","add, arithmetic, gpu",1536264411.1703,51,21,0
"automated_osu035_openmsp430_latest_final_ogfx_gpu_reg",2104,5006,"./automated_osu035/automated_osu035_openmsp430_latest_final_ogfx_gpu_reg.v","automated_osu035","v","gpu, register, memory",1536264411.47429,24,109,0
"automated_osu035_openmsp430_latest_final_ogfx_if_lt24",946,1960,"./automated_osu035/automated_osu035_openmsp430_latest_final_ogfx_if_lt24.v","automated_osu035","v",,1536264411.80629,123,30,0
"automated_osu035_openmsp430_latest_final_ogfx_ram_arbiter",650,756,"./automated_osu035/automated_osu035_openmsp430_latest_final_ogfx_ram_arbiter.v","automated_osu035","v","ram, memory",1536264411.83829,193,145,0
"automated_osu035_openmsp430_latest_final_ogfx_reg",7424,17143,"./automated_osu035/automated_osu035_openmsp430_latest_final_ogfx_reg.v","automated_osu035","v","register, memory",1536264412.29829,79,245,0
"automated_osu035_openmsp430_latest_final_ogfx_reg_fifo",1258,3050,"./automated_osu035/automated_osu035_openmsp430_latest_final_ogfx_reg_fifo.v","automated_osu035","v","fifo, memory",1536264411.90629,21,28,0
"automated_osu035_openmsp430_latest_final_ogfx_reg_vram_addr",1001,2235,"./automated_osu035/automated_osu035_openmsp430_latest_final_ogfx_reg_vram_addr.v","automated_osu035","v","ram, memory",1536264412.36229,53,21,0
"automated_osu035_openmsp430_latest_final_ogfx_reg_vram_if",2053,4454,"./automated_osu035/automated_osu035_openmsp430_latest_final_ogfx_reg_vram_if.v","automated_osu035","v","ram, memory",1536264412.47028,76,120,0
"automated_osu035_openmsp430_latest_final_omsp_alu",829,1691,"./automated_osu035/automated_osu035_openmsp430_latest_final_omsp_alu.v","automated_osu035","v","alu, arithmetic, add, sub",1536264412.52228,67,40,0
"automated_osu035_openmsp430_latest_final_omsp_and_gate",4,3,"./automated_osu035/automated_osu035_openmsp430_latest_final_omsp_and_gate.v","automated_osu035","v",,1536264412.56628,2,1,0
"automated_osu035_openmsp430_latest_final_omsp_clock_gate",4,3,"./automated_osu035/automated_osu035_openmsp430_latest_final_omsp_clock_gate.v","automated_osu035","v",,1536264412.58228,3,1,0
"automated_osu035_openmsp430_latest_final_omsp_clock_mux",21,31,"./automated_osu035/automated_osu035_openmsp430_latest_final_omsp_clock_mux.v","automated_osu035","v",,1536264412.60228,5,1,0
"automated_osu035_openmsp430_latest_final_omsp_dbg",3169,7317,"./automated_osu035/automated_osu035_openmsp430_latest_final_omsp_dbg.v","automated_osu035","v",,1536264412.88228,123,40,0
"automated_osu035_openmsp430_latest_final_omsp_dbg_hwbrk",549,1139,"./automated_osu035/automated_osu035_openmsp430_latest_final_omsp_dbg_hwbrk.v","automated_osu035","v",,1536264412.68228,95,18,0
"automated_osu035_openmsp430_latest_final_omsp_dbg_i2c",419,921,"./automated_osu035/automated_osu035_openmsp430_latest_final_omsp_dbg_i2c.v","automated_osu035","v",,1536264412.71028,39,25,0
"automated_osu035_openmsp430_latest_final_omsp_dbg_uart",485,1080,"./automated_osu035/automated_osu035_openmsp430_latest_final_omsp_dbg_uart.v","automated_osu035","v","uart",1536264412.74228,25,25,0
"automated_osu035_openmsp430_latest_final_omsp_de0_nano_soc_led_key_sw",1023,2293,"./automated_osu035/automated_osu035_openmsp430_latest_final_omsp_de0_nano_soc_led_key_sw.v","automated_osu035","v",,1536264412.95028,41,26,0
"automated_osu035_openmsp430_latest_final_omsp_execution_unit",3357,8083,"./automated_osu035/automated_osu035_openmsp430_latest_final_omsp_execution_unit.v","automated_osu035","v",,1536264413.10628,186,72,0
"automated_osu035_openmsp430_latest_final_omsp_frontend",1386,2904,"./automated_osu035/automated_osu035_openmsp430_latest_final_omsp_frontend.v","automated_osu035","v",,1536264413.18228,59,184,0
"automated_osu035_openmsp430_latest_final_omsp_gpio",970,1856,"./automated_osu035/automated_osu035_openmsp430_latest_final_omsp_gpio.v","automated_osu035","v","gpio",1536264413.26228,83,162,0
"automated_osu035_openmsp430_latest_final_omsp_mem_backbone",799,1383,"./automated_osu035/automated_osu035_openmsp430_latest_final_omsp_mem_backbone.v","automated_osu035","v",,1536264413.31428,136,136,0
"automated_osu035_openmsp430_latest_final_omsp_multiplier",2624,6440,"./automated_osu035/automated_osu035_openmsp430_latest_final_omsp_multiplier.v","automated_osu035","v","mult, arithmetic",1536264413.45427,36,16,0
"automated_osu035_openmsp430_latest_final_omsp_register_file",1966,5059,"./automated_osu035/automated_osu035_openmsp430_latest_final_omsp_register_file.v","automated_osu035","v","register, memory",1536264413.55827,97,57,0
"automated_osu035_openmsp430_latest_final_omsp_scan_mux",7,7,"./automated_osu035/automated_osu035_openmsp430_latest_final_omsp_scan_mux.v","automated_osu035","v",,1536264413.58627,3,1,0
"automated_osu035_openmsp430_latest_final_omsp_sfr",105,132,"./automated_osu035/automated_osu035_openmsp430_latest_final_omsp_sfr.v","automated_osu035","v",,1536264413.60627,35,20,0
"automated_osu035_openmsp430_latest_final_omsp_sync_cell",7,8,"./automated_osu035/automated_osu035_openmsp430_latest_final_omsp_sync_cell.v","automated_osu035","v",,1536264413.63027,3,1,0
"automated_osu035_openmsp430_latest_final_omsp_sync_reset",6,7,"./automated_osu035/automated_osu035_openmsp430_latest_final_omsp_sync_reset.v","automated_osu035","v",,1536264413.65027,2,1,0
"automated_osu035_openmsp430_latest_final_omsp_timerA",1681,4024,"./automated_osu035/automated_osu035_openmsp430_latest_final_omsp_timerA.v","automated_osu035","v",,1536264413.74627,47,24,0
"automated_osu035_openmsp430_latest_final_omsp_uart",797,1847,"./automated_osu035/automated_osu035_openmsp430_latest_final_omsp_uart.v","automated_osu035","v","uart",1536264413.79827,37,19,0
"automated_osu035_openmsp430_latest_final_omsp_wakeup_cell",5,4,"./automated_osu035/automated_osu035_openmsp430_latest_final_omsp_wakeup_cell.v","automated_osu035","v",,1536264413.82227,5,1,0
"automated_osu035_openmsp430_latest_final_omsp_watchdog",255,475,"./automated_osu035/automated_osu035_openmsp430_latest_final_omsp_watchdog.v","automated_osu035","v",,1536264413.85027,35,20,0
"automated_osu035_openmsp430_latest_final_openGFX430",16693,40024,"./automated_osu035/automated_osu035_openmsp430_latest_final_openGFX430.v","automated_osu035","v",,1536264414.74226,84,102,0
"automated_osu035_openmsp430_latest_final_openMSP430",8388,20280,"./automated_osu035/automated_osu035_openmsp430_latest_final_openMSP430.v","automated_osu035","v",,1536264415.19826,67,107,0
"automated_osu035_openmsp430_latest_final_ram",10798,25533,"./automated_osu035/automated_osu035_openmsp430_latest_final_ram.v","automated_osu035","v","ram",1536264416.26625,27,16,0
"automated_osu035_openmsp430_latest_final_ram_16x1k_dp",64,32,"./automated_osu035/automated_osu035_openmsp430_latest_final_ram_16x1k_dp.v","automated_osu035","v","ram, memory",1536264415.21826,60,32,0
"automated_osu035_openmsp430_latest_final_ram_16x1k_sp",32,16,"./automated_osu035/automated_osu035_openmsp430_latest_final_ram_16x1k_sp.v","automated_osu035","v","ram, memory",1536264415.23826,30,16,0
"automated_osu035_openmsp430_latest_final_ram_16x8k_dp",64,32,"./automated_osu035/automated_osu035_openmsp430_latest_final_ram_16x8k_dp.v","automated_osu035","v","ram, memory",1536264415.26626,66,32,0
"automated_osu035_openmsp430_latest_final_ram_8x512_hi",16,8,"./automated_osu035/automated_osu035_openmsp430_latest_final_ram_8x512_hi.v","automated_osu035","v","ram, memory",1536264415.28626,20,8,0
"automated_osu035_openmsp430_latest_final_ram_8x512_lo",16,8,"./automated_osu035/automated_osu035_openmsp430_latest_final_ram_8x512_lo.v","automated_osu035","v","ram, memory",1536264415.30626,20,8,0
"automated_osu035_openmsp430_latest_final_ram_sp",10798,25533,"./automated_osu035/automated_osu035_openmsp430_latest_final_ram_sp.v","automated_osu035","v","ram",1536264415.83425,27,16,0
"automated_osu035_openmsp430_latest_final_rom_8x2k_hi",16,8,"./automated_osu035/automated_osu035_openmsp430_latest_final_rom_8x2k_hi.v","automated_osu035","v",,1536264416.36625,22,8,0
"automated_osu035_openmsp430_latest_final_rom_8x2k_lo",16,8,"./automated_osu035/automated_osu035_openmsp430_latest_final_rom_8x2k_lo.v","automated_osu035","v",,1536264416.41825,22,8,0
"automated_osu035_openmsp430_latest_final_simple_counter",193,351,"./automated_osu035/automated_osu035_openmsp430_latest_final_simple_counter.v","automated_osu035","v",,1536264416.49825,1,32,0
"automated_osu035_openmsp430_latest_final_spartan3_dmem",16,8,"./automated_osu035/automated_osu035_openmsp430_latest_final_spartan3_dmem.v","automated_osu035","v",,1536264416.90224,21,8,0
"automated_osu035_openmsp430_latest_final_spartan3_pmem",16,8,"./automated_osu035/automated_osu035_openmsp430_latest_final_spartan3_pmem.v","automated_osu035","v",,1536264416.96624,23,8,0
"automated_osu035_openmsp430_latest_final_spartan3a_dmem",32,16,"./automated_osu035/automated_osu035_openmsp430_latest_final_spartan3a_dmem.v","automated_osu035","v",,1536264416.57424,30,16,0
"automated_osu035_openmsp430_latest_final_spartan3a_pmem",32,16,"./automated_osu035/automated_osu035_openmsp430_latest_final_spartan3a_pmem.v","automated_osu035","v",,1536264416.83024,32,16,0
"automated_osu035_openmsp430_latest_final_spartan3adsp_dmem",32,16,"./automated_osu035/automated_osu035_openmsp430_latest_final_spartan3adsp_dmem.v","automated_osu035","v",,1536264416.64224,30,16,0
"automated_osu035_openmsp430_latest_final_spartan3adsp_pmem",32,16,"./automated_osu035/automated_osu035_openmsp430_latest_final_spartan3adsp_pmem.v","automated_osu035","v",,1536264416.75424,32,16,0
"automated_osu035_openmsp430_latest_final_spartan3e_dmem",16,8,"./automated_osu035/automated_osu035_openmsp430_latest_final_spartan3e_dmem.v","automated_osu035","v",,1536264416.93424,21,8,0
"automated_osu035_openmsp430_latest_final_spartan3e_pmem",16,8,"./automated_osu035/automated_osu035_openmsp430_latest_final_spartan3e_pmem.v","automated_osu035","v",,1536264416.95024,23,8,0
"automated_osu035_openmsp430_latest_final_spartan6_dmem",32,16,"./automated_osu035/automated_osu035_openmsp430_latest_final_spartan6_dmem.v","automated_osu035","v",,1536264416.98224,30,16,0
"automated_osu035_openmsp430_latest_final_spartan6_pmem",32,16,"./automated_osu035/automated_osu035_openmsp430_latest_final_spartan6_pmem.v","automated_osu035","v",,1536264417.00224,32,16,0
"automated_osu035_openmsp430_latest_final_sync_debouncer_10ms",126,288,"./automated_osu035/automated_osu035_openmsp430_latest_final_sync_debouncer_10ms.v","automated_osu035","v",,1536264417.02224,3,1,0
"automated_osu035_openmsp430_latest_final_virtex4_dmem",32,16,"./automated_osu035/automated_osu035_openmsp430_latest_final_virtex4_dmem.v","automated_osu035","v",,1536264417.04224,30,16,0
"automated_osu035_openmsp430_latest_final_virtex4_pmem",32,16,"./automated_osu035/automated_osu035_openmsp430_latest_final_virtex4_pmem.v","automated_osu035","v",,1536264417.06224,32,16,0
"automated_osu035_openmsp430_latest_final_virtex5_dmem",32,16,"./automated_osu035/automated_osu035_openmsp430_latest_final_virtex5_dmem.v","automated_osu035","v",,1536264417.08224,30,16,0
"automated_osu035_openmsp430_latest_final_virtex5_pmem",32,16,"./automated_osu035/automated_osu035_openmsp430_latest_final_virtex5_pmem.v","automated_osu035","v",,1536264417.10224,32,16,0
"automated_osu035_openmsp430_latest_final_virtex6_dmem",32,16,"./automated_osu035/automated_osu035_openmsp430_latest_final_virtex6_dmem.v","automated_osu035","v",,1536264417.12224,30,16,0
"automated_osu035_openmsp430_latest_final_virtex6_pmem",32,16,"./automated_osu035/automated_osu035_openmsp430_latest_final_virtex6_pmem.v","automated_osu035","v",,1536264417.17024,32,16,0
"automated_osu035_orsoc_graphics_accelerator_final_basic_fifo",8851,20486,"./automated_osu035/automated_osu035_orsoc_graphics_accelerator_final_basic_fifo.v","automated_osu035","v","fifo",1536277109.98091,36,41,0
"automated_osu035_orsoc_graphics_accelerator_final_bresenham_line",4070,9286,"./automated_osu035/automated_osu035_orsoc_graphics_accelerator_final_bresenham_line.v","automated_osu035","v",,1536277110.2569,132,35,0
"automated_osu035_orsoc_graphics_accelerator_final_color_to_memory",181,305,"./automated_osu035/automated_osu035_orsoc_graphics_accelerator_final_color_to_memory.v","automated_osu035","v",,1536277110.3049,36,36,0
"automated_osu035_orsoc_graphics_accelerator_final_div_uu",3087,6745,"./automated_osu035/automated_osu035_orsoc_graphics_accelerator_final_div_uu.v","automated_osu035","v","div, arithmetic",1536277110.5129,26,18,0
"automated_osu035_orsoc_graphics_accelerator_final_gfx_blender",7723,17825,"./automated_osu035/automated_osu035_orsoc_graphics_accelerator_final_gfx_blender.v","automated_osu035","v",,1536277110.8569,199,117,0
"automated_osu035_orsoc_graphics_accelerator_final_gfx_clip",5621,12766,"./automated_osu035/automated_osu035_orsoc_graphics_accelerator_final_gfx_clip.v","automated_osu035","v",,1536277111.10089,415,189,0
"automated_osu035_orsoc_graphics_accelerator_final_gfx_cuvz",43765,106415,"./automated_osu035/automated_osu035_orsoc_graphics_accelerator_final_gfx_cuvz.v","automated_osu035","v",,1536277113.06087,334,154,0
"automated_osu035_orsoc_graphics_accelerator_final_gfx_fragment_processor",6684,15952,"./automated_osu035/automated_osu035_orsoc_graphics_accelerator_final_gfx_fragment_processor.v","automated_osu035","v","cpu, coprocessor",1536277113.37287,289,125,0
"automated_osu035_orsoc_graphics_accelerator_final_gfx_interp",36103,81178,"./automated_osu035/automated_osu035_orsoc_graphics_accelerator_final_gfx_interp.v","automated_osu035","v",,1536277115.05285,132,66,0
"automated_osu035_orsoc_graphics_accelerator_final_gfx_rasterizer",35800,83673,"./automated_osu035/automated_osu035_orsoc_graphics_accelerator_final_gfx_rasterizer.v","automated_osu035","v",,1536277116.84884,362,163,0
"automated_osu035_orsoc_graphics_accelerator_final_gfx_renderer",4680,11191,"./automated_osu035/automated_osu035_orsoc_graphics_accelerator_final_gfx_renderer.v","automated_osu035","v",,1536277117.16883,179,68,0
"automated_osu035_orsoc_graphics_accelerator_final_gfx_top",418126,992818,"./automated_osu035/automated_osu035_orsoc_graphics_accelerator_final_gfx_top.v","automated_osu035","v","topfile",1536277137.31663,114,155,0
"automated_osu035_orsoc_graphics_accelerator_final_gfx_transform",98646,247356,"./automated_osu035/automated_osu035_orsoc_graphics_accelerator_final_gfx_transform.v","automated_osu035","v",,1536277142.74857,486,241,0
"automated_osu035_orsoc_graphics_accelerator_final_gfx_triangle",28373,66587,"./automated_osu035/automated_osu035_orsoc_graphics_accelerator_final_gfx_triangle.v","automated_osu035","v",,1536277144.06456,197,130,0
"automated_osu035_orsoc_graphics_accelerator_final_gfx_wbm_read",237,178,"./automated_osu035/automated_osu035_orsoc_graphics_accelerator_final_gfx_wbm_read.v","automated_osu035","v",,1536277144.23656,71,78,0
"automated_osu035_orsoc_graphics_accelerator_final_gfx_wbm_read_arbiter",517,627,"./automated_osu035/automated_osu035_orsoc_graphics_accelerator_final_gfx_wbm_read_arbiter.v","automated_osu035","v",,1536277144.19656,138,135,0
"automated_osu035_orsoc_graphics_accelerator_final_gfx_wbm_write",231,157,"./automated_osu035/automated_osu035_orsoc_graphics_accelerator_final_gfx_wbm_write.v","automated_osu035","v",,1536277144.28056,71,78,0
"automated_osu035_orsoc_graphics_accelerator_final_gfx_wbs",183231,416862,"./automated_osu035/automated_osu035_orsoc_graphics_accelerator_final_gfx_wbs.v","automated_osu035","v",,1536277152.16448,55,1071,0
"automated_osu035_orsoc_graphics_accelerator_final_memory_to_color",217,385,"./automated_osu035/automated_osu035_orsoc_graphics_accelerator_final_memory_to_color.v","automated_osu035","v",,1536277152.40448,36,36,0
"automated_osu035_orsoc_graphics_accelerator_latest_final_basic_fifo",9708,22822,"./automated_osu035/automated_osu035_orsoc_graphics_accelerator_latest_final_basic_fifo.v","automated_osu035","v","fifo",1519995119.34266,36,41,"{}"
"automated_osu035_orsoc_graphics_accelerator_latest_final_bresenham_line",3774,8558,"./automated_osu035/automated_osu035_orsoc_graphics_accelerator_latest_final_bresenham_line.v","automated_osu035","v",,1519995119.41466,132,35,"{}"
"automated_osu035_orsoc_graphics_accelerator_latest_final_color_to_memory",221,331,"./automated_osu035/automated_osu035_orsoc_graphics_accelerator_latest_final_color_to_memory.v","automated_osu035","v",,1519995119.42266,36,36,"{}"
"automated_osu035_orsoc_graphics_accelerator_latest_final_div_uu",2673,5700,"./automated_osu035/automated_osu035_orsoc_graphics_accelerator_latest_final_div_uu.v","automated_osu035","v",,1519995119.42266,26,18,"{}"
"automated_osu035_orsoc_graphics_accelerator_latest_final_gfx_blender",6196,13037,"./automated_osu035/automated_osu035_orsoc_graphics_accelerator_latest_final_gfx_blender.v","automated_osu035","v",,1519995119.44666,199,117,0
"automated_osu035_orsoc_graphics_accelerator_latest_final_gfx_clip",4555,9273,"./automated_osu035/automated_osu035_orsoc_graphics_accelerator_latest_final_gfx_clip.v","automated_osu035","v",,1519995119.47066,415,189,"{}"
"automated_osu035_orsoc_graphics_accelerator_latest_final_gfx_cuvz",33358,74014,"./automated_osu035/automated_osu035_orsoc_graphics_accelerator_latest_final_gfx_cuvz.v","automated_osu035","v",,1519995119.63466,334,154,0
"automated_osu035_orsoc_graphics_accelerator_latest_final_gfx_fragment_processor",5154,11085,"./automated_osu035/automated_osu035_orsoc_graphics_accelerator_latest_final_gfx_fragment_processor.v","automated_osu035","v","cpu, coprocessor",1519995119.76666,289,125,0
"automated_osu035_orsoc_graphics_accelerator_latest_final_gfx_interp",31866,71041,"./automated_osu035/automated_osu035_orsoc_graphics_accelerator_latest_final_gfx_interp.v","automated_osu035","v",,1519995119.83065,132,66,0
"automated_osu035_orsoc_graphics_accelerator_latest_final_gfx_rasterizer",28365,62169,"./automated_osu035/automated_osu035_orsoc_graphics_accelerator_latest_final_gfx_rasterizer.v","automated_osu035","v",,1519995119.97465,362,163,0
"automated_osu035_orsoc_graphics_accelerator_latest_final_gfx_renderer",3647,7857,"./automated_osu035/automated_osu035_orsoc_graphics_accelerator_latest_final_gfx_renderer.v","automated_osu035","v",,1519995120.08265,179,68,"{}"
"automated_osu035_orsoc_graphics_accelerator_latest_final_gfx_top",396151,883338,"./automated_osu035/automated_osu035_orsoc_graphics_accelerator_latest_final_gfx_top.v","automated_osu035","v","topfile",1519995120.66665,114,155,0
"automated_osu035_orsoc_graphics_accelerator_latest_final_gfx_transform",68027,146575,"./automated_osu035/automated_osu035_orsoc_graphics_accelerator_latest_final_gfx_transform.v","automated_osu035","v",,1519995121.55464,486,241,"{}"
"automated_osu035_orsoc_graphics_accelerator_latest_final_gfx_triangle",21634,46551,"./automated_osu035/automated_osu035_orsoc_graphics_accelerator_latest_final_gfx_triangle.v","automated_osu035","v",,1519995121.85863,197,130,"{}"
"automated_osu035_orsoc_graphics_accelerator_latest_final_gfx_vector_processor",5,4,"./automated_osu035/automated_osu035_orsoc_graphics_accelerator_latest_final_gfx_vector_processor.v","automated_osu035","v","cpu, coprocessor",1519995121.89463,3,1,"{}"
"automated_osu035_orsoc_graphics_accelerator_latest_final_gfx_wbm_read",243,184,"./automated_osu035/automated_osu035_orsoc_graphics_accelerator_latest_final_gfx_wbm_read.v","automated_osu035","v",,1519995121.90263,71,78,"{}"
"automated_osu035_orsoc_graphics_accelerator_latest_final_gfx_wbm_read_arbiter",556,666,"./automated_osu035/automated_osu035_orsoc_graphics_accelerator_latest_final_gfx_wbm_read_arbiter.v","automated_osu035","v",,1519995121.89863,138,135,"{}"
"automated_osu035_orsoc_graphics_accelerator_latest_final_gfx_wbm_write",233,159,"./automated_osu035/automated_osu035_orsoc_graphics_accelerator_latest_final_gfx_wbm_write.v","automated_osu035","v",,1519995121.90263,71,78,"{}"
"automated_osu035_orsoc_graphics_accelerator_latest_final_gfx_wbs",223496,496207,"./automated_osu035/automated_osu035_orsoc_graphics_accelerator_latest_final_gfx_wbs.v","automated_osu035","v",,1519995122.73863,55,1071,"{}"
"automated_osu035_orsoc_graphics_accelerator_latest_final_memory_to_color",237,384,"./automated_osu035/automated_osu035_orsoc_graphics_accelerator_latest_final_memory_to_color.v","automated_osu035","v",,1519995123.15462,36,36,"{}"
"automated_osu035_pairing_latest_final_duursma_lee_algo",174256,366668,"./automated_osu035/automated_osu035_pairing_latest_final_duursma_lee_algo.v","automated_osu035","v",,1536016932.65852,778,1165,0
"automated_osu035_pairing_latest_final_f3_add",26,42,"./automated_osu035/automated_osu035_pairing_latest_final_f3_add.v","automated_osu035","v","add, arithmetic",1536016944.99841,4,2,0
"automated_osu035_pairing_latest_final_f3_add1",7,7,"./automated_osu035/automated_osu035_pairing_latest_final_f3_add1.v","automated_osu035","v","add, arithmetic",1536016944.97841,2,2,0
"automated_osu035_pairing_latest_final_f3_mult",16,22,"./automated_osu035/automated_osu035_pairing_latest_final_f3_mult.v","automated_osu035","v","mult, arithmetic",1536016949.49037,4,2,0
"automated_osu035_pairing_latest_final_f3_sub",26,42,"./automated_osu035/automated_osu035_pairing_latest_final_f3_sub.v","automated_osu035","v","sub, arithmetic",1536016949.53437,4,2,0
"automated_osu035_pairing_latest_final_f3_sub1",7,7,"./automated_osu035/automated_osu035_pairing_latest_final_f3_sub1.v","automated_osu035","v","sub, arithmetic",1536016949.50637,2,2,0
"automated_osu035_pairing_latest_final_f32m_add",5044,8148,"./automated_osu035/automated_osu035_pairing_latest_final_f32m_add.v","automated_osu035","v","add, arithmetic",1536016934.1625,776,388,0
"automated_osu035_pairing_latest_final_f32m_add3",8924,15520,"./automated_osu035/automated_osu035_pairing_latest_final_f32m_add3.v","automated_osu035","v","add, arithmetic",1536016933.29051,1164,388,0
"automated_osu035_pairing_latest_final_f32m_add4",12804,22892,"./automated_osu035/automated_osu035_pairing_latest_final_f32m_add4.v","automated_osu035","v","add, arithmetic",1536016933.90651,1552,388,0
"automated_osu035_pairing_latest_final_f32m_cubic",4333,7852,"./automated_osu035/automated_osu035_pairing_latest_final_f32m_cubic.v","automated_osu035","v","cubic, arithmetic",1536016934.3545,389,388,0
"automated_osu035_pairing_latest_final_f32m_mult",26404,53589,"./automated_osu035/automated_osu035_pairing_latest_final_f32m_mult.v","automated_osu035","v","mult, arithmetic",1536016935.49849,778,389,0
"automated_osu035_pairing_latest_final_f32m_neg",1164,776,"./automated_osu035/automated_osu035_pairing_latest_final_f32m_neg.v","automated_osu035","v","neg, arithmetic",1536016935.60249,388,388,0
"automated_osu035_pairing_latest_final_f32m_sub",5044,8148,"./automated_osu035/automated_osu035_pairing_latest_final_f32m_sub.v","automated_osu035","v","sub, arithmetic",1536016935.95049,776,388,0
"automated_osu035_pairing_latest_final_f33m_add",7566,12222,"./automated_osu035/automated_osu035_pairing_latest_final_f33m_add.v","automated_osu035","v","add, arithmetic",1536016936.30249,1164,582,0
"automated_osu035_pairing_latest_final_f33m_inv",96861,200924,"./automated_osu035/automated_osu035_pairing_latest_final_f33m_inv.v","automated_osu035","v","inv, arithmetic",1536016940.74245,584,583,0
"automated_osu035_pairing_latest_final_f33m_mult",51269,107179,"./automated_osu035/automated_osu035_pairing_latest_final_f33m_mult.v","automated_osu035","v","mult, arithmetic",1536016943.30643,1166,583,0
"automated_osu035_pairing_latest_final_f33m_mult2",0,0,"./automated_osu035/automated_osu035_pairing_latest_final_f33m_mult2.v","automated_osu035","v","mult, arithmetic",1536016940.93845,0,0,0
"automated_osu035_pairing_latest_final_f33m_mux2",3494,4074,"./automated_osu035/automated_osu035_pairing_latest_final_f33m_mux2.v","automated_osu035","v","mux",1536016943.57442,1166,582,0
"automated_osu035_pairing_latest_final_f33m_mux3",4659,5820,"./automated_osu035/automated_osu035_pairing_latest_final_f33m_mux3.v","automated_osu035","v","mux",1536016943.75042,1749,582,0
"automated_osu035_pairing_latest_final_f33m_neg",1746,1164,"./automated_osu035/automated_osu035_pairing_latest_final_f33m_neg.v","automated_osu035","v","neg, arithmetic",1536016943.83842,582,582,0
"automated_osu035_pairing_latest_final_f36m_cubic",24637,48000,"./automated_osu035/automated_osu035_pairing_latest_final_f36m_cubic.v","automated_osu035","v","cubic, arithmetic",1536016944.91041,1165,1164,0
"automated_osu035_pairing_latest_final_f3m_add",2522,4074,"./automated_osu035/automated_osu035_pairing_latest_final_f3m_add.v","automated_osu035","v","add, arithmetic",1536016946.0984,388,194,0
"automated_osu035_pairing_latest_final_f3m_add3",4462,7760,"./automated_osu035/automated_osu035_pairing_latest_final_f3m_add3.v","automated_osu035","v","add, arithmetic",1536016945.22241,582,194,0
"automated_osu035_pairing_latest_final_f3m_add4",6402,11446,"./automated_osu035/automated_osu035_pairing_latest_final_f3m_add4.v","automated_osu035","v","add, arithmetic",1536016945.81441,776,194,0
"automated_osu035_pairing_latest_final_f3m_cubic",2166,3732,"./automated_osu035/automated_osu035_pairing_latest_final_f3m_cubic.v","automated_osu035","v","cubic, arithmetic",1536016946.4184,194,194,0
"automated_osu035_pairing_latest_final_f3m_inv",12985,28079,"./automated_osu035/automated_osu035_pairing_latest_final_f3m_inv.v","automated_osu035","v","inv, arithmetic",1536016947.25039,196,195,0
"automated_osu035_pairing_latest_final_f3m_mult",11812,23046,"./automated_osu035/mult/automated_osu035_pairing_latest_final_f3m_mult.v","automated_osu035","v","mult, arithmetic",1521198008.09062,390,195,"{}"
"automated_osu035_pairing_latest_final_f3m_mult",11617,22851,"./automated_osu035/automated_osu035_pairing_latest_final_f3m_mult.v","automated_osu035","v","mult, arithmetic",1536016948.71438,390,195,0
"automated_osu035_pairing_latest_final_f3m_mult3",17276,32036,"./automated_osu035/mult/automated_osu035_pairing_latest_final_f3m_mult3.v","automated_osu035","v","mult, arithmetic",1521198008.08662,1166,583,"{}"
"automated_osu035_pairing_latest_final_f3m_mult3",16693,31453,"./automated_osu035/automated_osu035_pairing_latest_final_f3m_mult3.v","automated_osu035","v","mult, arithmetic",1536016948.13839,1166,583,0
"automated_osu035_pairing_latest_final_f3m_mux3",1555,1940,"./automated_osu035/automated_osu035_pairing_latest_final_f3m_mux3.v","automated_osu035","v",,1536016948.81838,585,194,0
"automated_osu035_pairing_latest_final_f3m_mux6",2140,3104,"./automated_osu035/automated_osu035_pairing_latest_final_f3m_mux6.v","automated_osu035","v",,1536016948.93438,1170,194,0
"automated_osu035_pairing_latest_final_f3m_neg",582,388,"./automated_osu035/automated_osu035_pairing_latest_final_f3m_neg.v","automated_osu035","v","neg, arithmetic",1536016949.00238,194,194,0
"automated_osu035_pairing_latest_final_f3m_nine",3751,7270,"./automated_osu035/automated_osu035_pairing_latest_final_f3m_nine.v","automated_osu035","v",,1536016949.23438,195,194,0
"automated_osu035_pairing_latest_final_f3m_sub",2522,4074,"./automated_osu035/automated_osu035_pairing_latest_final_f3m_sub.v","automated_osu035","v","sub, arithmetic",1536016949.45837,388,194,0
"automated_osu035_pairing_latest_final_func1",3530,6076,"./automated_osu035/automated_osu035_pairing_latest_final_func1.v","automated_osu035","v",,1536016949.70237,394,196,0
"automated_osu035_pairing_latest_final_func2",586,390,"./automated_osu035/automated_osu035_pairing_latest_final_func2.v","automated_osu035","v",,1536016949.75037,196,196,0
"automated_osu035_pairing_latest_final_func3",642,490,"./automated_osu035/automated_osu035_pairing_latest_final_func3.v","automated_osu035","v",,1536016949.78237,196,196,0
"automated_osu035_pairing_latest_final_func4",1374,2156,"./automated_osu035/automated_osu035_pairing_latest_final_func4.v","automated_osu035","v",,1536016949.99437,198,196,0
"automated_osu035_pairing_latest_final_func5",604,428,"./automated_osu035/automated_osu035_pairing_latest_final_func5.v","automated_osu035","v",,1536016950.04637,196,196,0
"automated_osu035_pairing_latest_final_func6",11,13,"./automated_osu035/automated_osu035_pairing_latest_final_func6.v","automated_osu035","v",,1536016950.07437,3,1,0
"automated_osu035_pairing_latest_final_func7",636,502,"./automated_osu035/automated_osu035_pairing_latest_final_func7.v","automated_osu035","v",,1536016950.11437,194,194,0
"automated_osu035_pairing_latest_final_func8",7044,13694,"./automated_osu035/automated_osu035_pairing_latest_final_func8.v","automated_osu035","v",,1536016950.43437,200,194,0
"automated_osu035_pairing_latest_final_second_part",232997,487989,"./automated_osu035/automated_osu035_pairing_latest_final_second_part.v","automated_osu035","v",,1536016960.37828,1166,1165,0
"automated_osu035_pairing_latest_final_tate_pairing",408251,861505,"./automated_osu035/automated_osu035_pairing_latest_final_tate_pairing.v","automated_osu035","v",,1536016979.97811,778,1165,0
"DesignName",1001,2117,"./automated_osu035/automated_osu035_pci_express_crc_latest_final_crc32d16.v","automated_osu035","v","pci, interface, crc",1536016988.93403,52,32,0
"automated_osu035_pci_express_crc_latest_final_crc32d16N",64,32,"./automated_osu035/automated_osu035_pci_express_crc_latest_final_crc32d16N.v","automated_osu035","v",,1536016988.86604,20,32,0
"automated_osu035_present_encryptor_latest_final_key_update",279,246,"./automated_osu035/automated_osu035_present_encryptor_latest_final_key_update.v","automated_osu035","v",,1536017002.50992,85,80,0
"automated_osu035_present_encryptor_latest_final_permutation",192,128,"./automated_osu035/automated_osu035_present_encryptor_latest_final_permutation.v","automated_osu035","v",,1536017002.74192,64,64,0
"automated_osu035_present_encryptor_latest_final_present_encryptor_top",1308,2834,"./automated_osu035/automated_osu035_present_encryptor_latest_final_present_encryptor_top.v","automated_osu035","v","topfile",1536017002.85791,83,64,0
"automated_osu035_present_encryptor_latest_final_sbox",36,69,"./automated_osu035/automated_osu035_present_encryptor_latest_final_sbox.v","automated_osu035","v","aes, crypto, sbox",1536017002.94991,4,4,0
"automated_osu035_present_encryptor_latest_final_sub_per",576,1104,"./automated_osu035/automated_osu035_present_encryptor_latest_final_sub_per.v","automated_osu035","v","sub, arithmetic",1536017002.99391,64,64,0
"automated_osu035_present_encryptor_latest_final_substitution",576,1104,"./automated_osu035/automated_osu035_present_encryptor_latest_final_substitution.v","automated_osu035","v",,1536017003.02991,64,64,0
"automated_osu035_priority_encoder_latest_final_bitscan",78,102,"./automated_osu035/automated_osu035_priority_encoder_latest_final_bitscan.v","automated_osu035","v","encoder, decoder",1536017005.30589,16,16,0
"automated_osu035_rc4-prbs_latest_final_rc4",26241,70658,"./automated_osu035/automated_osu035_rc4-prbs_latest_final_rc4.v","automated_osu035","v",,1536264691.99152,10,9,0
"automated_osu035_reed_solomon_codec_generator_latest_final_RsDecodeChien",10546,24659,"./automated_osu035/automated_osu035_reed_solomon_codec_generator_latest_final_RsDecodeChien.v","automated_osu035","v","decode",1536265804.80859,541,14,0
"automated_osu035_reed_solomon_codec_generator_latest_final_RsDecodeDegree",377,429,"./automated_osu035/automated_osu035_reed_solomon_codec_generator_latest_final_RsDecodeDegree.v","automated_osu035","v",,1536265804.88459,176,5,0
"automated_osu035_reed_solomon_codec_generator_latest_final_RsDecodeDelay",17442,42735,"./automated_osu035/automated_osu035_reed_solomon_codec_generator_latest_final_RsDecodeDelay.v","automated_osu035","v","decode",1536265805.74458,12,9,0
"automated_osu035_reed_solomon_codec_generator_latest_final_RsDecodeDpRam",17359,42492,"./automated_osu035/automated_osu035_reed_solomon_codec_generator_latest_final_RsDecodeDpRam.v","automated_osu035","v","ram, decode",1536265806.62857,30,9,0
"automated_osu035_reed_solomon_codec_generator_latest_final_RsDecodeErasure",10431,24933,"./automated_osu035/automated_osu035_reed_solomon_codec_generator_latest_final_RsDecodeErasure.v","automated_osu035","v","decode",1536265807.21256,5,191,0
"automated_osu035_reed_solomon_codec_generator_latest_final_RsDecodeEuclide",26360,64193,"./automated_osu035/automated_osu035_reed_solomon_codec_generator_latest_final_RsDecodeEuclide.v","automated_osu035","v","decode",1536265808.75255,185,358,0
"automated_osu035_reed_solomon_codec_generator_latest_final_RsDecodeInv",790,2144,"./automated_osu035/automated_osu035_reed_solomon_codec_generator_latest_final_RsDecodeInv.v","automated_osu035","v",,1536265808.87655,8,8,0
"automated_osu035_reed_solomon_codec_generator_latest_final_RsDecodeMult",423,968,"./automated_osu035/automated_osu035_reed_solomon_codec_generator_latest_final_RsDecodeMult.v","automated_osu035","v","mult, arithmetic",1536265808.94455,16,8,0
"automated_osu035_reed_solomon_codec_generator_latest_final_RsDecodePolymul",12179,28614,"./automated_osu035/automated_osu035_reed_solomon_codec_generator_latest_final_RsDecodePolymul.v","automated_osu035","v","decode",1536265809.55654,364,177,0
"automated_osu035_reed_solomon_codec_generator_latest_final_RsDecodeShiftOmega",2478,6291,"./automated_osu035/automated_osu035_reed_solomon_codec_generator_latest_final_RsDecodeShiftOmega.v","automated_osu035","v","shift, arithemtic",1536265809.81254,181,176,0
"automated_osu035_reed_solomon_codec_generator_latest_final_RsDecodeSyndrome",1716,3971,"./automated_osu035/automated_osu035_reed_solomon_codec_generator_latest_final_RsDecodeSyndrome.v","automated_osu035","v",,1536265809.96054,12,177,0
"automated_osu035_reed_solomon_codec_generator_latest_final_RsDecodeTop",83987,206721,"./automated_osu035/automated_osu035_reed_solomon_codec_generator_latest_final_RsDecodeTop.v","automated_osu035","v","topfile",1536265814.42449,13,36,0
"automated_osu035_reed_solomon_codec_generator_latest_final_RsEncodeTop",1637,3865,"./automated_osu035/automated_osu035_reed_solomon_codec_generator_latest_final_RsEncodeTop.v","automated_osu035","v","topfile",1536265814.78049,12,8,0
"automated_osu035_reed_solomon_decoder_latest_final_BM_lamda",3130,7368,"./automated_osu035/automated_osu035_reed_solomon_decoder_latest_final_BM_lamda.v","automated_osu035","v","decode",1536266530.90957,160,89,0
"automated_osu035_reed_solomon_decoder_latest_final_DP_RAM",8946,21560,"./automated_osu035/automated_osu035_reed_solomon_decoder_latest_final_DP_RAM.v","automated_osu035","v","ram, dpram",1536266531.35756,27,8,0
"automated_osu035_reed_solomon_decoder_latest_final_error_correction",6447,14557,"./automated_osu035/automated_osu035_reed_solomon_decoder_latest_final_error_correction.v","automated_osu035","v","decode",1536266531.69356,304,83,0
"automated_osu035_reed_solomon_decoder_latest_final_GF_matrix_ascending_binary",548,1463,"./automated_osu035/automated_osu035_reed_solomon_decoder_latest_final_GF_matrix_ascending_binary.v","automated_osu035","v",,1536266531.73756,10,8,0
"automated_osu035_reed_solomon_decoder_latest_final_GF_matrix_dec",535,1414,"./automated_osu035/automated_osu035_reed_solomon_decoder_latest_final_GF_matrix_dec.v","automated_osu035","v",,1536266531.84956,10,8,0
"automated_osu035_reed_solomon_decoder_latest_final_GF_mult_add_syndromes",1588,3863,"./automated_osu035/automated_osu035_reed_solomon_decoder_latest_final_GF_mult_add_syndromes.v","automated_osu035","v","mult, arithmetic",1536266532.00556,22,9,0
"automated_osu035_reed_solomon_decoder_latest_final_input_syndromes",23658,57014,"./automated_osu035/automated_osu035_reed_solomon_decoder_latest_final_input_syndromes.v","automated_osu035","v","decode",1536266533.07755,20,137,0
"automated_osu035_reed_solomon_decoder_latest_final_lamda_roots",3232,7415,"./automated_osu035/automated_osu035_reed_solomon_decoder_latest_final_lamda_roots.v","automated_osu035","v","decode",1536266533.24155,107,101,0
"automated_osu035_reed_solomon_decoder_latest_final_Omega_Phy",4267,9754,"./automated_osu035/automated_osu035_reed_solomon_decoder_latest_final_Omega_Phy.v","automated_osu035","v","decode, phy",1536266533.43354,228,193,0
"automated_osu035_reed_solomon_decoder_latest_final_out_stage",156,312,"./automated_osu035/automated_osu035_reed_solomon_decoder_latest_final_out_stage.v","automated_osu035","v",,1536266533.46154,11,20,0
"automated_osu035_reed_solomon_decoder_latest_final_RS_dec",60594,148224,"./automated_osu035/automated_osu035_reed_solomon_decoder_latest_final_RS_dec.v","automated_osu035","v",,1536266536.73751,11,10,0
"automated_osu035_reed_solomon_decoder_latest_final_transport_in2out",129,281,"./automated_osu035/automated_osu035_reed_solomon_decoder_latest_final_transport_in2out.v","automated_osu035","v",,1536266536.82151,3,19,0
"automated_osu035_rs_5_3_gf256_latest_final_gf256mult",497,1093,"./automated_osu035/automated_osu035_rs_5_3_gf256_latest_final_gf256mult.v","automated_osu035","v","mult, arithmetic",1536266570.06119,16,8,0
"automated_osu035_rs_5_3_gf256_latest_final_inv_gf256",0,0,"./automated_osu035/automated_osu035_rs_5_3_gf256_latest_final_inv_gf256.v","automated_osu035","v",,1536266570.07719,8,8,0
"automated_osu035_rs_5_3_gf256_latest_final_MULT_BY_ALPHA51",39,59,"./automated_osu035/automated_osu035_rs_5_3_gf256_latest_final_MULT_BY_ALPHA51.v","automated_osu035","v","mult, arithmetic",1536266570.10519,8,8,0
"automated_osu035_rs_5_3_gf256_latest_final_RS_5_3_GF256",1559,3768,"./automated_osu035/automated_osu035_rs_5_3_gf256_latest_final_RS_5_3_GF256.v","automated_osu035","v",,1536266570.18919,12,9,0
"automated_osu035_rs_5_3_gf256_latest_final_SYN2ERR",196,356,"./automated_osu035/automated_osu035_rs_5_3_gf256_latest_final_SYN2ERR.v","automated_osu035","v",,1536266570.21719,16,3,0
"automated_osu035_rs_decoder_31_19_6_latest_final_CSEEblock",1018,2058,"./automated_osu035/automated_osu035_rs_decoder_31_19_6_latest_final_CSEEblock.v","automated_osu035","v",,1536266634.82456,72,8,0
"automated_osu035_rs_decoder_31_19_6_latest_final_degree0_cell",38,55,"./automated_osu035/automated_osu035_rs_decoder_31_19_6_latest_final_degree0_cell.v","automated_osu035","v",,1536266634.85656,8,5,0
"automated_osu035_rs_decoder_31_19_6_latest_final_degree1_cell",41,61,"./automated_osu035/automated_osu035_rs_decoder_31_19_6_latest_final_degree1_cell.v","automated_osu035","v",,1536266634.88056,8,5,0
"automated_osu035_rs_decoder_31_19_6_latest_final_degree2_cell",44,67,"./automated_osu035/automated_osu035_rs_decoder_31_19_6_latest_final_degree2_cell.v","automated_osu035","v",,1536266634.90456,8,5,0
"automated_osu035_rs_decoder_31_19_6_latest_final_degree3_cell",47,73,"./automated_osu035/automated_osu035_rs_decoder_31_19_6_latest_final_degree3_cell.v","automated_osu035","v",,1536266634.92456,8,5,0
"automated_osu035_rs_decoder_31_19_6_latest_final_degree4_cell",49,78,"./automated_osu035/automated_osu035_rs_decoder_31_19_6_latest_final_degree4_cell.v","automated_osu035","v",,1536266634.94456,8,5,0
"automated_osu035_rs_decoder_31_19_6_latest_final_degree5_cell",57,95,"./automated_osu035/automated_osu035_rs_decoder_31_19_6_latest_final_degree5_cell.v","automated_osu035","v",,1536266634.96856,8,5,0
"automated_osu035_rs_decoder_31_19_6_latest_final_degree6_cell",57,95,"./automated_osu035/automated_osu035_rs_decoder_31_19_6_latest_final_degree6_cell.v","automated_osu035","v",,1536266634.98856,8,5,0
"automated_osu035_rs_decoder_31_19_6_latest_final_fifo_register",651,1430,"./automated_osu035/automated_osu035_rs_decoder_31_19_6_latest_final_fifo_register.v","automated_osu035","v","fifo, memory",1536266635.03656,11,5,0
"automated_osu035_rs_decoder_31_19_6_latest_final_gfadder",30,35,"./automated_osu035/automated_osu035_rs_decoder_31_19_6_latest_final_gfadder.v","automated_osu035","v","add, arithmetic",1536266635.06456,10,5,0
"automated_osu035_rs_decoder_31_19_6_latest_final_inverscomb",173,416,"./automated_osu035/automated_osu035_rs_decoder_31_19_6_latest_final_inverscomb.v","automated_osu035","v",,1536266635.10056,5,5,0
"automated_osu035_rs_decoder_31_19_6_latest_final_lcpmult",139,303,"./automated_osu035/automated_osu035_rs_decoder_31_19_6_latest_final_lcpmult.v","automated_osu035","v","mult, arithmetic",1536266635.12456,10,5,0
"automated_osu035_rs_decoder_31_19_6_latest_final_MainControl",212,431,"./automated_osu035/automated_osu035_rs_decoder_31_19_6_latest_final_MainControl.v","automated_osu035","v",,1536266635.15656,12,16,0
"automated_osu035_rs_decoder_31_19_6_latest_final_mux2_to_1",31,35,"./automated_osu035/automated_osu035_rs_decoder_31_19_6_latest_final_mux2_to_1.v","automated_osu035","v",,1536266635.18456,11,5,0
"automated_osu035_rs_decoder_31_19_6_latest_final_register5_wl",22,25,"./automated_osu035/automated_osu035_rs_decoder_31_19_6_latest_final_register5_wl.v","automated_osu035","v",,1536266635.22856,7,5,0
"automated_osu035_rs_decoder_31_19_6_latest_final_register5_wlh",33,50,"./automated_osu035/automated_osu035_rs_decoder_31_19_6_latest_final_register5_wlh.v","automated_osu035","v",,1536266635.20856,8,5,0
"automated_osu035_rs_decoder_31_19_6_latest_final_RSDecoder",8931,20573,"./automated_osu035/automated_osu035_rs_decoder_31_19_6_latest_final_RSDecoder.v","automated_osu035","v","decode",1536266635.70855,9,10,0
"automated_osu035_rs_encoder_decoder_latest_final_GF8Add",48,56,"./automated_osu035/automated_osu035_rs_encoder_decoder_latest_final_GF8Add.v","automated_osu035","v","add, arithmetic,",1536270718.93561,16,8,0
"automated_osu035_rs_encoder_decoder_latest_final_GF8Dft_Idft",34562,73890,"./automated_osu035/automated_osu035_rs_encoder_decoder_latest_final_GF8Dft_Idft.v","automated_osu035","v","decode",1536270720.72759,12,8,0
"automated_osu035_rs_encoder_decoder_latest_final_GF8Fir8t",4631,10601,"./automated_osu035/automated_osu035_rs_encoder_decoder_latest_final_GF8Fir8t.v","automated_osu035","v","decode",1536270721.00759,85,8,0
"automated_osu035_rs_encoder_decoder_latest_final_GF8GenMult",491,1095,"./automated_osu035/automated_osu035_rs_encoder_decoder_latest_final_GF8GenMult.v","automated_osu035","v","mult, arithmetic",1536270721.16759,16,8,0
"automated_osu035_rs_encoder_decoder_latest_final_GF8GenMultBitSer",213,442,"./automated_osu035/automated_osu035_rs_encoder_decoder_latest_final_GF8GenMultBitSer.v","automated_osu035","v","mult, arithmetic",1536270721.03559,19,9,0
"automated_osu035_rs_encoder_decoder_latest_final_GF8GenMultModA",67,120,"./automated_osu035/automated_osu035_rs_encoder_decoder_latest_final_GF8GenMultModA.v","automated_osu035","v","mult, arithmetic",1536270721.06759,16,1,0
"automated_osu035_rs_encoder_decoder_latest_final_GF8GenMultModB",65,116,"./automated_osu035/automated_osu035_rs_encoder_decoder_latest_final_GF8GenMultModB.v","automated_osu035","v","mult, arithmetic",1536270721.10359,8,7,0
"automated_osu035_rs_encoder_decoder_latest_final_GF8Inverse",1015,2331,"./automated_osu035/automated_osu035_rs_encoder_decoder_latest_final_GF8Inverse.v","automated_osu035","v","encoder, decoder",1536270721.23158,11,9,0
"automated_osu035_rs_encoder_decoder_latest_final_GF8lfsr",49,95,"./automated_osu035/automated_osu035_rs_encoder_decoder_latest_final_GF8lfsr.v","automated_osu035","v","encoder, decoder",1536270721.25558,3,8,0
"automated_osu035_rs_encoder_decoder_latest_final_GF8Mult0",24,16,"./automated_osu035/automated_osu035_rs_encoder_decoder_latest_final_GF8Mult0.v","automated_osu035","v","mult, arithmetic",1536270721.27558,8,8,0
"automated_osu035_rs_encoder_decoder_latest_final_GF8Mult1",30,31,"./automated_osu035/automated_osu035_rs_encoder_decoder_latest_final_GF8Mult1.v","automated_osu035","v","mult, arithmetic",1536270724.10756,8,8,0
"automated_osu035_rs_encoder_decoder_latest_final_GF8Mult10",57,94,"./automated_osu035/automated_osu035_rs_encoder_decoder_latest_final_GF8Mult10.v","automated_osu035","v","mult, arithmetic",1536270721.53558,8,8,0
"automated_osu035_rs_encoder_decoder_latest_final_GF8Mult100",57,94,"./automated_osu035/automated_osu035_rs_encoder_decoder_latest_final_GF8Mult100.v","automated_osu035","v","mult, arithmetic",1536270721.30358,8,8,0
"automated_osu035_rs_encoder_decoder_latest_final_GF8Mult101",65,110,"./automated_osu035/automated_osu035_rs_encoder_decoder_latest_final_GF8Mult101.v","automated_osu035","v","mult, arithmetic",1536270721.32358,8,8,0
"automated_osu035_rs_encoder_decoder_latest_final_GF8Mult102",41,62,"./automated_osu035/automated_osu035_rs_encoder_decoder_latest_final_GF8Mult102.v","automated_osu035","v","mult, arithmetic",1536270721.34358,8,8,0
"automated_osu035_rs_encoder_decoder_latest_final_GF8Mult103",58,100,"./automated_osu035/automated_osu035_rs_encoder_decoder_latest_final_GF8Mult103.v","automated_osu035","v","mult, arithmetic",1536270721.37158,8,8,0
"automated_osu035_rs_encoder_decoder_latest_final_GF8Mult104",54,94,"./automated_osu035/automated_osu035_rs_encoder_decoder_latest_final_GF8Mult104.v","automated_osu035","v","mult, arithmetic",1536270721.39558,8,8,0
"automated_osu035_rs_encoder_decoder_latest_final_GF8Mult105",87,167,"./automated_osu035/automated_osu035_rs_encoder_decoder_latest_final_GF8Mult105.v","automated_osu035","v","mult, arithmetic",1536270721.41958,8,8,0
"automated_osu035_rs_encoder_decoder_latest_final_GF8Mult106",46,73,"./automated_osu035/automated_osu035_rs_encoder_decoder_latest_final_GF8Mult106.v","automated_osu035","v","mult, arithmetic",1536270721.44358,8,8,0
"automated_osu035_rs_encoder_decoder_latest_final_GF8Mult107",71,133,"./automated_osu035/automated_osu035_rs_encoder_decoder_latest_final_GF8Mult107.v","automated_osu035","v","mult, arithmetic",1536270721.46758,8,8,0
"automated_osu035_rs_encoder_decoder_latest_final_GF8Mult108",66,116,"./automated_osu035/automated_osu035_rs_encoder_decoder_latest_final_GF8Mult108.v","automated_osu035","v","mult, arithmetic",1536270721.48758,8,8,0
"automated_osu035_rs_encoder_decoder_latest_final_GF8Mult109",49,76,"./automated_osu035/automated_osu035_rs_encoder_decoder_latest_final_GF8Mult109.v","automated_osu035","v","mult, arithmetic",1536270721.51158,8,8,0
"automated_osu035_rs_encoder_decoder_latest_final_GF8Mult11",74,131,"./automated_osu035/automated_osu035_rs_encoder_decoder_latest_final_GF8Mult11.v","automated_osu035","v","mult, arithmetic",1536270721.81158,8,8,0
"automated_osu035_rs_encoder_decoder_latest_final_GF8Mult110",85,170,"./automated_osu035/automated_osu035_rs_encoder_decoder_latest_final_GF8Mult110.v","automated_osu035","v","mult, arithmetic",1536270721.55958,8,8,0
"automated_osu035_rs_encoder_decoder_latest_final_GF8Mult111",76,146,"./automated_osu035/automated_osu035_rs_encoder_decoder_latest_final_GF8Mult111.v","automated_osu035","v","mult, arithmetic",1536270721.58358,8,8,0
"automated_osu035_rs_encoder_decoder_latest_final_GF8Mult112",85,165,"./automated_osu035/automated_osu035_rs_encoder_decoder_latest_final_GF8Mult112.v","automated_osu035","v","mult, arithmetic",1536270721.61158,8,8,0
"automated_osu035_rs_encoder_decoder_latest_final_GF8Mult113",93,178,"./automated_osu035/automated_osu035_rs_encoder_decoder_latest_final_GF8Mult113.v","automated_osu035","v","mult, arithmetic",1536270721.63558,8,8,0
"automated_osu035_rs_encoder_decoder_latest_final_GF8Mult114",89,179,"./automated_osu035/automated_osu035_rs_encoder_decoder_latest_final_GF8Mult114.v","automated_osu035","v","mult, arithmetic",1536270721.65958,8,8,0
"automated_osu035_rs_encoder_decoder_latest_final_GF8Mult115",77,139,"./automated_osu035/automated_osu035_rs_encoder_decoder_latest_final_GF8Mult115.v","automated_osu035","v","mult, arithmetic",1536270721.68358,8,8,0
"automated_osu035_rs_encoder_decoder_latest_final_GF8Mult116",88,172,"./automated_osu035/automated_osu035_rs_encoder_decoder_latest_final_GF8Mult116.v","automated_osu035","v","mult, arithmetic",1536270721.71158,8,8,0
"automated_osu035_rs_encoder_decoder_latest_final_GF8Mult117",113,235,"./automated_osu035/automated_osu035_rs_encoder_decoder_latest_final_GF8Mult117.v","automated_osu035","v","mult, arithmetic",1536270721.73558,8,8,0
"automated_osu035_rs_encoder_decoder_latest_final_GF8Mult118",73,130,"./automated_osu035/automated_osu035_rs_encoder_decoder_latest_final_GF8Mult118.v","automated_osu035","v","mult, arithmetic",1536270721.76358,8,8,0
"automated_osu035_rs_encoder_decoder_latest_final_GF8Mult119",97,191,"./automated_osu035/automated_osu035_rs_encoder_decoder_latest_final_GF8Mult119.v","automated_osu035","v","mult, arithmetic",1536270721.78758,8,8,0
"automated_osu035_rs_encoder_decoder_latest_final_GF8Mult12",47,77,"./automated_osu035/automated_osu035_rs_encoder_decoder_latest_final_GF8Mult12.v","automated_osu035","v","mult, arithmetic",1536270722.12758,8,8,0
"automated_osu035_rs_encoder_decoder_latest_final_GF8Mult120",83,151,"./automated_osu035/automated_osu035_rs_encoder_decoder_latest_final_GF8Mult120.v","automated_osu035","v","mult, arithmetic",1536270721.83958,8,8,0
"automated_osu035_rs_encoder_decoder_latest_final_GF8Mult121",81,150,"./automated_osu035/automated_osu035_rs_encoder_decoder_latest_final_GF8Mult121.v","automated_osu035","v","mult, arithmetic",1536270721.87158,8,8,0
"automated_osu035_rs_encoder_decoder_latest_final_GF8Mult122",74,138,"./automated_osu035/automated_osu035_rs_encoder_decoder_latest_final_GF8Mult122.v","automated_osu035","v","mult, arithmetic",1536270721.90358,8,8,0
"automated_osu035_rs_encoder_decoder_latest_final_GF8Mult123",74,130,"./automated_osu035/automated_osu035_rs_encoder_decoder_latest_final_GF8Mult123.v","automated_osu035","v","mult, arithmetic",1536270721.91958,8,8,0
"automated_osu035_rs_encoder_decoder_latest_final_GF8Mult124",77,143,"./automated_osu035/automated_osu035_rs_encoder_decoder_latest_final_GF8Mult124.v","automated_osu035","v","mult, arithmetic",1536270721.94358,8,8,0
"automated_osu035_rs_encoder_decoder_latest_final_GF8Mult125",56,97,"./automated_osu035/automated_osu035_rs_encoder_decoder_latest_final_GF8Mult125.v","automated_osu035","v","mult, arithmetic",1536270721.96758,8,8,0
"automated_osu035_rs_encoder_decoder_latest_final_GF8Mult126",66,111,"./automated_osu035/automated_osu035_rs_encoder_decoder_latest_final_GF8Mult126.v","automated_osu035","v","mult, arithmetic",1536270721.99158,8,8,0
"automated_osu035_rs_encoder_decoder_latest_final_GF8Mult127",70,126,"./automated_osu035/automated_osu035_rs_encoder_decoder_latest_final_GF8Mult127.v","automated_osu035","v","mult, arithmetic",1536270722.01958,8,8,0
"automated_osu035_rs_encoder_decoder_latest_final_GF8Mult128",62,111,"./automated_osu035/automated_osu035_rs_encoder_decoder_latest_final_GF8Mult128.v","automated_osu035","v","mult, arithmetic",1536270722.04758,8,8,0
"automated_osu035_rs_encoder_decoder_latest_final_GF8Mult129",77,142,"./automated_osu035/automated_osu035_rs_encoder_decoder_latest_final_GF8Mult129.v","automated_osu035","v","mult, arithmetic",1536270722.07158,8,8,0
"automated_osu035_rs_encoder_decoder_latest_final_GF8Mult13",56,96,"./automated_osu035/automated_osu035_rs_encoder_decoder_latest_final_GF8Mult13.v","automated_osu035","v","mult, arithmetic",1536270722.41157,8,8,0
"automated_osu035_rs_encoder_decoder_latest_final_GF8Mult130",76,132,"./automated_osu035/automated_osu035_rs_encoder_decoder_latest_final_GF8Mult130.v","automated_osu035","v","mult, arithmetic",1536270722.15158,8,8,0
"automated_osu035_rs_encoder_decoder_latest_final_GF8Mult131",60,100,"./automated_osu035/automated_osu035_rs_encoder_decoder_latest_final_GF8Mult131.v","automated_osu035","v","mult, arithmetic",1536270722.17158,8,8,0
"automated_osu035_rs_encoder_decoder_latest_final_GF8Mult132",54,90,"./automated_osu035/automated_osu035_rs_encoder_decoder_latest_final_GF8Mult132.v","automated_osu035","v","mult, arithmetic",1536270722.19557,8,8,0
"automated_osu035_rs_encoder_decoder_latest_final_GF8Mult133",71,133,"./automated_osu035/automated_osu035_rs_encoder_decoder_latest_final_GF8Mult133.v","automated_osu035","v","mult, arithmetic",1536270722.21957,8,8,0
"automated_osu035_rs_encoder_decoder_latest_final_GF8Mult134",80,149,"./automated_osu035/automated_osu035_rs_encoder_decoder_latest_final_GF8Mult134.v","automated_osu035","v","mult, arithmetic",1536270722.27157,8,8,0
"automated_osu035_rs_encoder_decoder_latest_final_GF8Mult135",72,132,"./automated_osu035/automated_osu035_rs_encoder_decoder_latest_final_GF8Mult135.v","automated_osu035","v","mult, arithmetic",1536270722.29157,8,8,0
"automated_osu035_rs_encoder_decoder_latest_final_GF8Mult136",46,74,"./automated_osu035/automated_osu035_rs_encoder_decoder_latest_final_GF8Mult136.v","automated_osu035","v","mult, arithmetic",1536270722.31157,8,8,0
"automated_osu035_rs_encoder_decoder_latest_final_GF8Mult137",39,58,"./automated_osu035/automated_osu035_rs_encoder_decoder_latest_final_GF8Mult137.v","automated_osu035","v","mult, arithmetic",1536270722.33557,8,8,0
"automated_osu035_rs_encoder_decoder_latest_final_GF8Mult138",60,100,"./automated_osu035/automated_osu035_rs_encoder_decoder_latest_final_GF8Mult138.v","automated_osu035","v","mult, arithmetic",1536270722.35957,8,8,0
"automated_osu035_rs_encoder_decoder_latest_final_GF8Mult139",76,132,"./automated_osu035/automated_osu035_rs_encoder_decoder_latest_final_GF8Mult139.v","automated_osu035","v","mult, arithmetic",1536270722.38757,8,8,0
"automated_osu035_rs_encoder_decoder_latest_final_GF8Mult14",63,108,"./automated_osu035/automated_osu035_rs_encoder_decoder_latest_final_GF8Mult14.v","automated_osu035","v","mult, arithmetic",1536270722.69157,8,8,0
"automated_osu035_rs_encoder_decoder_latest_final_GF8Mult140",47,77,"./automated_osu035/automated_osu035_rs_encoder_decoder_latest_final_GF8Mult140.v","automated_osu035","v","mult, arithmetic",1536270722.43557,8,8,0
"automated_osu035_rs_encoder_decoder_latest_final_GF8Mult141",45,71,"./automated_osu035/automated_osu035_rs_encoder_decoder_latest_final_GF8Mult141.v","automated_osu035","v","mult, arithmetic",1536270722.45957,8,8,0
"automated_osu035_rs_encoder_decoder_latest_final_GF8Mult142",41,63,"./automated_osu035/automated_osu035_rs_encoder_decoder_latest_final_GF8Mult142.v","automated_osu035","v","mult, arithmetic",1536270722.48757,8,8,0
"automated_osu035_rs_encoder_decoder_latest_final_GF8Mult143",77,141,"./automated_osu035/automated_osu035_rs_encoder_decoder_latest_final_GF8Mult143.v","automated_osu035","v","mult, arithmetic",1536270722.51157,8,8,0
"automated_osu035_rs_encoder_decoder_latest_final_GF8Mult144",53,87,"./automated_osu035/automated_osu035_rs_encoder_decoder_latest_final_GF8Mult144.v","automated_osu035","v","mult, arithmetic",1536270722.53557,8,8,0
"automated_osu035_rs_encoder_decoder_latest_final_GF8Mult145",54,91,"./automated_osu035/automated_osu035_rs_encoder_decoder_latest_final_GF8Mult145.v","automated_osu035","v","mult, arithmetic",1536270722.55557,8,8,0
"automated_osu035_rs_encoder_decoder_latest_final_GF8Mult146",69,125,"./automated_osu035/automated_osu035_rs_encoder_decoder_latest_final_GF8Mult146.v","automated_osu035","v","mult, arithmetic",1536270722.57957,8,8,0
"automated_osu035_rs_encoder_decoder_latest_final_GF8Mult147",73,132,"./automated_osu035/automated_osu035_rs_encoder_decoder_latest_final_GF8Mult147.v","automated_osu035","v","mult, arithmetic",1536270722.60357,8,8,0
"automated_osu035_rs_encoder_decoder_latest_final_GF8Mult148",60,103,"./automated_osu035/automated_osu035_rs_encoder_decoder_latest_final_GF8Mult148.v","automated_osu035","v","mult, arithmetic",1536270722.62757,8,8,0
"automated_osu035_rs_encoder_decoder_latest_final_GF8Mult149",46,74,"./automated_osu035/automated_osu035_rs_encoder_decoder_latest_final_GF8Mult149.v","automated_osu035","v","mult, arithmetic",1536270722.65557,8,8,0
"automated_osu035_rs_encoder_decoder_latest_final_GF8Mult15",64,118,"./automated_osu035/automated_osu035_rs_encoder_decoder_latest_final_GF8Mult15.v","automated_osu035","v","mult, arithmetic",1536270722.99157,8,8,0
"automated_osu035_rs_encoder_decoder_latest_final_GF8Mult150",74,137,"./automated_osu035/automated_osu035_rs_encoder_decoder_latest_final_GF8Mult150.v","automated_osu035","v","mult, arithmetic",1536270722.73157,8,8,0
"automated_osu035_rs_encoder_decoder_latest_final_GF8Mult151",70,128,"./automated_osu035/automated_osu035_rs_encoder_decoder_latest_final_GF8Mult151.v","automated_osu035","v","mult, arithmetic",1536270722.75157,8,8,0
"automated_osu035_rs_encoder_decoder_latest_final_GF8Mult152",85,163,"./automated_osu035/automated_osu035_rs_encoder_decoder_latest_final_GF8Mult152.v","automated_osu035","v","mult, arithmetic",1536270722.77157,8,8,0
"automated_osu035_rs_encoder_decoder_latest_final_GF8Mult153",88,178,"./automated_osu035/automated_osu035_rs_encoder_decoder_latest_final_GF8Mult153.v","automated_osu035","v","mult, arithmetic",1536270722.79157,8,8,0
"automated_osu035_rs_encoder_decoder_latest_final_GF8Mult154",85,161,"./automated_osu035/automated_osu035_rs_encoder_decoder_latest_final_GF8Mult154.v","automated_osu035","v","mult, arithmetic",1536270722.82757,8,8,0
"automated_osu035_rs_encoder_decoder_latest_final_GF8Mult155",104,218,"./automated_osu035/automated_osu035_rs_encoder_decoder_latest_final_GF8Mult155.v","automated_osu035","v","mult, arithmetic",1536270722.85157,8,8,0
"automated_osu035_rs_encoder_decoder_latest_final_GF8Mult156",64,106,"./automated_osu035/automated_osu035_rs_encoder_decoder_latest_final_GF8Mult156.v","automated_osu035","v","mult, arithmetic",1536270722.88357,8,8,0
"automated_osu035_rs_encoder_decoder_latest_final_GF8Mult157",128,265,"./automated_osu035/automated_osu035_rs_encoder_decoder_latest_final_GF8Mult157.v","automated_osu035","v","mult, arithmetic",1536270722.90357,8,8,0
"automated_osu035_rs_encoder_decoder_latest_final_GF8Mult158",103,203,"./automated_osu035/automated_osu035_rs_encoder_decoder_latest_final_GF8Mult158.v","automated_osu035","v","mult, arithmetic",1536270722.93157,8,8,0
"automated_osu035_rs_encoder_decoder_latest_final_GF8Mult159",98,200,"./automated_osu035/automated_osu035_rs_encoder_decoder_latest_final_GF8Mult159.v","automated_osu035","v","mult, arithmetic",1536270722.96357,8,8,0
"automated_osu035_rs_encoder_decoder_latest_final_GF8Mult16",66,112,"./automated_osu035/automated_osu035_rs_encoder_decoder_latest_final_GF8Mult16.v","automated_osu035","v","mult, arithmetic",1536270723.27556,8,8,0
"automated_osu035_rs_encoder_decoder_latest_final_GF8Mult160",74,139,"./automated_osu035/automated_osu035_rs_encoder_decoder_latest_final_GF8Mult160.v","automated_osu035","v","mult, arithmetic",1536270723.01957,8,8,0
"automated_osu035_rs_encoder_decoder_latest_final_GF8Mult161",93,175,"./automated_osu035/automated_osu035_rs_encoder_decoder_latest_final_GF8Mult161.v","automated_osu035","v","mult, arithmetic",1536270723.04757,8,8,0
"automated_osu035_rs_encoder_decoder_latest_final_GF8Mult162",93,188,"./automated_osu035/automated_osu035_rs_encoder_decoder_latest_final_GF8Mult162.v","automated_osu035","v","mult, arithmetic",1536270723.07557,8,8,0
"automated_osu035_rs_encoder_decoder_latest_final_GF8Mult163",49,76,"./automated_osu035/automated_osu035_rs_encoder_decoder_latest_final_GF8Mult163.v","automated_osu035","v","mult, arithmetic",1536270723.09557,8,8,0
"automated_osu035_rs_encoder_decoder_latest_final_GF8Mult164",89,176,"./automated_osu035/automated_osu035_rs_encoder_decoder_latest_final_GF8Mult164.v","automated_osu035","v","mult, arithmetic",1536270723.12357,8,8,0
"automated_osu035_rs_encoder_decoder_latest_final_GF8Mult165",114,240,"./automated_osu035/automated_osu035_rs_encoder_decoder_latest_final_GF8Mult165.v","automated_osu035","v","mult, arithmetic",1536270723.15157,8,8,0
"automated_osu035_rs_encoder_decoder_latest_final_GF8Mult166",98,185,"./automated_osu035/automated_osu035_rs_encoder_decoder_latest_final_GF8Mult166.v","automated_osu035","v","mult, arithmetic",1536270723.17557,8,8,0
"automated_osu035_rs_encoder_decoder_latest_final_GF8Mult167",98,193,"./automated_osu035/automated_osu035_rs_encoder_decoder_latest_final_GF8Mult167.v","automated_osu035","v","mult, arithmetic",1536270723.19957,8,8,0
"automated_osu035_rs_encoder_decoder_latest_final_GF8Mult168",61,110,"./automated_osu035/automated_osu035_rs_encoder_decoder_latest_final_GF8Mult168.v","automated_osu035","v","mult, arithmetic",1536270723.22756,8,8,0
"automated_osu035_rs_encoder_decoder_latest_final_GF8Mult169",101,201,"./automated_osu035/automated_osu035_rs_encoder_decoder_latest_final_GF8Mult169.v","automated_osu035","v","mult, arithmetic",1542470600.37859,8,8,0
"automated_osu035_rs_encoder_decoder_latest_final_GF8Mult17",57,99,"./automated_osu035/automated_osu035_rs_encoder_decoder_latest_final_GF8Mult17.v","automated_osu035","v","mult, arithmetic",1536270723.55556,8,8,0
"automated_osu035_rs_encoder_decoder_latest_final_GF8Mult170",98,198,"./automated_osu035/automated_osu035_rs_encoder_decoder_latest_final_GF8Mult170.v","automated_osu035","v","mult, arithmetic",1536270723.30756,8,8,0
"automated_osu035_rs_encoder_decoder_latest_final_GF8Mult171",129,269,"./automated_osu035/automated_osu035_rs_encoder_decoder_latest_final_GF8Mult171.v","automated_osu035","v","mult, arithmetic",1536270723.33556,8,8,0
"automated_osu035_rs_encoder_decoder_latest_final_GF8Mult172",83,158,"./automated_osu035/automated_osu035_rs_encoder_decoder_latest_final_GF8Mult172.v","automated_osu035","v","mult, arithmetic",1536270723.35956,8,8,0
"automated_osu035_rs_encoder_decoder_latest_final_GF8Mult173",97,189,"./automated_osu035/automated_osu035_rs_encoder_decoder_latest_final_GF8Mult173.v","automated_osu035","v","mult, arithmetic",1536270723.38356,8,8,0
"automated_osu035_rs_encoder_decoder_latest_final_GF8Mult174",82,152,"./automated_osu035/automated_osu035_rs_encoder_decoder_latest_final_GF8Mult174.v","automated_osu035","v","mult, arithmetic",1536270723.41156,8,8,0
"automated_osu035_rs_encoder_decoder_latest_final_GF8Mult175",108,211,"./automated_osu035/automated_osu035_rs_encoder_decoder_latest_final_GF8Mult175.v","automated_osu035","v","mult, arithmetic",1536270723.43956,8,8,0
"automated_osu035_rs_encoder_decoder_latest_final_GF8Mult176",88,174,"./automated_osu035/automated_osu035_rs_encoder_decoder_latest_final_GF8Mult176.v","automated_osu035","v","mult, arithmetic",1536270723.46756,8,8,0
"automated_osu035_rs_encoder_decoder_latest_final_GF8Mult177",64,115,"./automated_osu035/automated_osu035_rs_encoder_decoder_latest_final_GF8Mult177.v","automated_osu035","v","mult, arithmetic",1536270723.49156,8,8,0
"automated_osu035_rs_encoder_decoder_latest_final_GF8Mult178",66,126,"./automated_osu035/automated_osu035_rs_encoder_decoder_latest_final_GF8Mult178.v","automated_osu035","v","mult, arithmetic",1536270723.50756,8,8,0
"automated_osu035_rs_encoder_decoder_latest_final_GF8Mult179",77,146,"./automated_osu035/automated_osu035_rs_encoder_decoder_latest_final_GF8Mult179.v","automated_osu035","v","mult, arithmetic",1536270723.53556,8,8,0
"automated_osu035_rs_encoder_decoder_latest_final_GF8Mult18",58,102,"./automated_osu035/automated_osu035_rs_encoder_decoder_latest_final_GF8Mult18.v","automated_osu035","v","mult, arithmetic",1536270723.83156,8,8,0
"automated_osu035_rs_encoder_decoder_latest_final_GF8Mult180",67,130,"./automated_osu035/automated_osu035_rs_encoder_decoder_latest_final_GF8Mult180.v","automated_osu035","v","mult, arithmetic",1536270723.58356,8,8,0
"automated_osu035_rs_encoder_decoder_latest_final_GF8Mult181",69,123,"./automated_osu035/automated_osu035_rs_encoder_decoder_latest_final_GF8Mult181.v","automated_osu035","v","mult, arithmetic",1536270723.60756,8,8,0
"automated_osu035_rs_encoder_decoder_latest_final_GF8Mult182",56,97,"./automated_osu035/automated_osu035_rs_encoder_decoder_latest_final_GF8Mult182.v","automated_osu035","v","mult, arithmetic",1536270723.63156,8,8,0
"automated_osu035_rs_encoder_decoder_latest_final_GF8Mult183",78,138,"./automated_osu035/automated_osu035_rs_encoder_decoder_latest_final_GF8Mult183.v","automated_osu035","v","mult, arithmetic",1536270723.65556,8,8,0
"automated_osu035_rs_encoder_decoder_latest_final_GF8Mult184",66,113,"./automated_osu035/automated_osu035_rs_encoder_decoder_latest_final_GF8Mult184.v","automated_osu035","v","mult, arithmetic",1536270723.68356,8,8,0
"automated_osu035_rs_encoder_decoder_latest_final_GF8Mult185",74,133,"./automated_osu035/automated_osu035_rs_encoder_decoder_latest_final_GF8Mult185.v","automated_osu035","v","mult, arithmetic",1536270723.70356,8,8,0
"automated_osu035_rs_encoder_decoder_latest_final_GF8Mult186",75,137,"./automated_osu035/automated_osu035_rs_encoder_decoder_latest_final_GF8Mult186.v","automated_osu035","v","mult, arithmetic",1536270723.72756,8,8,0
"automated_osu035_rs_encoder_decoder_latest_final_GF8Mult187",89,167,"./automated_osu035/automated_osu035_rs_encoder_decoder_latest_final_GF8Mult187.v","automated_osu035","v","mult, arithmetic",1536270723.75556,8,8,0
"automated_osu035_rs_encoder_decoder_latest_final_GF8Mult188",78,144,"./automated_osu035/automated_osu035_rs_encoder_decoder_latest_final_GF8Mult188.v","automated_osu035","v","mult, arithmetic",1536270723.77956,8,8,0
"automated_osu035_rs_encoder_decoder_latest_final_GF8Mult189",83,147,"./automated_osu035/automated_osu035_rs_encoder_decoder_latest_final_GF8Mult189.v","automated_osu035","v","mult, arithmetic",1536270723.80756,8,8,0
"automated_osu035_rs_encoder_decoder_latest_final_GF8Mult19",77,143,"./automated_osu035/automated_osu035_rs_encoder_decoder_latest_final_GF8Mult19.v","automated_osu035","v","mult, arithmetic",1536270724.08756,8,8,0
"automated_osu035_rs_encoder_decoder_latest_final_GF8Mult190",73,131,"./automated_osu035/automated_osu035_rs_encoder_decoder_latest_final_GF8Mult190.v","automated_osu035","v","mult, arithmetic",1536270723.85556,8,8,0
"automated_osu035_rs_encoder_decoder_latest_final_GF8Mult191",63,105,"./automated_osu035/automated_osu035_rs_encoder_decoder_latest_final_GF8Mult191.v","automated_osu035","v","mult, arithmetic",1536270723.87956,8,8,0
"automated_osu035_rs_encoder_decoder_latest_final_GF8Mult192",64,110,"./automated_osu035/automated_osu035_rs_encoder_decoder_latest_final_GF8Mult192.v","automated_osu035","v","mult, arithmetic",1536270723.90356,8,8,0
"automated_osu035_rs_encoder_decoder_latest_final_GF8Mult193",51,86,"./automated_osu035/automated_osu035_rs_encoder_decoder_latest_final_GF8Mult193.v","automated_osu035","v","mult, arithmetic",1536270723.92756,8,8,0
"automated_osu035_rs_encoder_decoder_latest_final_GF8Mult194",55,96,"./automated_osu035/automated_osu035_rs_encoder_decoder_latest_final_GF8Mult194.v","automated_osu035","v","mult, arithmetic",1536270723.94756,8,8,0
"automated_osu035_rs_encoder_decoder_latest_final_GF8Mult195",55,95,"./automated_osu035/automated_osu035_rs_encoder_decoder_latest_final_GF8Mult195.v","automated_osu035","v","mult, arithmetic",1536270723.97556,8,8,0
"automated_osu035_rs_encoder_decoder_latest_final_GF8Mult196",41,63,"./automated_osu035/automated_osu035_rs_encoder_decoder_latest_final_GF8Mult196.v","automated_osu035","v","mult, arithmetic",1536270723.99556,8,8,0
"automated_osu035_rs_encoder_decoder_latest_final_GF8Mult197",50,82,"./automated_osu035/automated_osu035_rs_encoder_decoder_latest_final_GF8Mult197.v","automated_osu035","v","mult, arithmetic",1536270724.01956,8,8,0
"automated_osu035_rs_encoder_decoder_latest_final_GF8Mult198",44,69,"./automated_osu035/automated_osu035_rs_encoder_decoder_latest_final_GF8Mult198.v","automated_osu035","v","mult, arithmetic",1536270724.03956,8,8,0
"automated_osu035_rs_encoder_decoder_latest_final_GF8Mult199",44,69,"./automated_osu035/automated_osu035_rs_encoder_decoder_latest_final_GF8Mult199.v","automated_osu035","v","mult, arithmetic",1536270724.06356,8,8,0
"automated_osu035_rs_encoder_decoder_latest_final_GF8Mult2",34,42,"./automated_osu035/automated_osu035_rs_encoder_decoder_latest_final_GF8Mult2.v","automated_osu035","v","mult, arithmetic",1536270725.87554,8,8,0
"automated_osu035_rs_encoder_decoder_latest_final_GF8Mult20",43,67,"./automated_osu035/automated_osu035_rs_encoder_decoder_latest_final_GF8Mult20.v","automated_osu035","v","mult, arithmetic",1536270724.39555,8,8,0
"automated_osu035_rs_encoder_decoder_latest_final_GF8Mult200",66,122,"./automated_osu035/automated_osu035_rs_encoder_decoder_latest_final_GF8Mult200.v","automated_osu035","v","mult, arithmetic",1536270724.13156,8,8,0
"automated_osu035_rs_encoder_decoder_latest_final_GF8Mult201",68,126,"./automated_osu035/automated_osu035_rs_encoder_decoder_latest_final_GF8Mult201.v","automated_osu035","v","mult, arithmetic",1536270724.15556,8,8,0
"automated_osu035_rs_encoder_decoder_latest_final_GF8Mult202",61,107,"./automated_osu035/automated_osu035_rs_encoder_decoder_latest_final_GF8Mult202.v","automated_osu035","v","mult, arithmetic",1536270724.17956,8,8,0
"automated_osu035_rs_encoder_decoder_latest_final_GF8Mult203",65,120,"./automated_osu035/automated_osu035_rs_encoder_decoder_latest_final_GF8Mult203.v","automated_osu035","v","mult, arithmetic",1536270724.22755,8,8,0
"automated_osu035_rs_encoder_decoder_latest_final_GF8Mult204",79,151,"./automated_osu035/automated_osu035_rs_encoder_decoder_latest_final_GF8Mult204.v","automated_osu035","v","mult, arithmetic",1536270724.25955,8,8,0
"automated_osu035_rs_encoder_decoder_latest_final_GF8Mult205",77,147,"./automated_osu035/automated_osu035_rs_encoder_decoder_latest_final_GF8Mult205.v","automated_osu035","v","mult, arithmetic",1536270724.27955,8,8,0
"automated_osu035_rs_encoder_decoder_latest_final_GF8Mult206",83,152,"./automated_osu035/automated_osu035_rs_encoder_decoder_latest_final_GF8Mult206.v","automated_osu035","v","mult, arithmetic",1536270724.30355,8,8,0
"automated_osu035_rs_encoder_decoder_latest_final_GF8Mult207",78,145,"./automated_osu035/automated_osu035_rs_encoder_decoder_latest_final_GF8Mult207.v","automated_osu035","v","mult, arithmetic",1536270724.32355,8,8,0
"automated_osu035_rs_encoder_decoder_latest_final_GF8Mult208",88,160,"./automated_osu035/automated_osu035_rs_encoder_decoder_latest_final_GF8Mult208.v","automated_osu035","v","mult, arithmetic",1536270724.34755,8,8,0
"automated_osu035_rs_encoder_decoder_latest_final_GF8Mult209",85,161,"./automated_osu035/automated_osu035_rs_encoder_decoder_latest_final_GF8Mult209.v","automated_osu035","v","mult, arithmetic",1536270724.37155,8,8,0
"automated_osu035_rs_encoder_decoder_latest_final_GF8Mult21",57,101,"./automated_osu035/automated_osu035_rs_encoder_decoder_latest_final_GF8Mult21.v","automated_osu035","v","mult, arithmetic",1536270724.74355,8,8,0
"automated_osu035_rs_encoder_decoder_latest_final_GF8Mult210",97,189,"./automated_osu035/automated_osu035_rs_encoder_decoder_latest_final_GF8Mult210.v","automated_osu035","v","mult, arithmetic",1536270724.41955,8,8,0
"automated_osu035_rs_encoder_decoder_latest_final_GF8Mult211",89,173,"./automated_osu035/automated_osu035_rs_encoder_decoder_latest_final_GF8Mult211.v","automated_osu035","v","mult, arithmetic",1536270724.44755,8,8,0
"automated_osu035_rs_encoder_decoder_latest_final_GF8Mult212",128,266,"./automated_osu035/automated_osu035_rs_encoder_decoder_latest_final_GF8Mult212.v","automated_osu035","v","mult, arithmetic",1536270724.47155,8,8,0
"automated_osu035_rs_encoder_decoder_latest_final_GF8Mult213",93,181,"./automated_osu035/automated_osu035_rs_encoder_decoder_latest_final_GF8Mult213.v","automated_osu035","v","mult, arithmetic",1536270724.49955,8,8,0
"automated_osu035_rs_encoder_decoder_latest_final_GF8Mult214",76,133,"./automated_osu035/automated_osu035_rs_encoder_decoder_latest_final_GF8Mult214.v","automated_osu035","v","mult, arithmetic",1536270724.53155,8,8,0
"automated_osu035_rs_encoder_decoder_latest_final_GF8Mult215",92,179,"./automated_osu035/automated_osu035_rs_encoder_decoder_latest_final_GF8Mult215.v","automated_osu035","v","mult, arithmetic",1536270724.55555,8,8,0
"automated_osu035_rs_encoder_decoder_latest_final_GF8Mult216",78,144,"./automated_osu035/automated_osu035_rs_encoder_decoder_latest_final_GF8Mult216.v","automated_osu035","v","mult, arithmetic",1536270724.57955,8,8,0
"automated_osu035_rs_encoder_decoder_latest_final_GF8Mult217",51,87,"./automated_osu035/automated_osu035_rs_encoder_decoder_latest_final_GF8Mult217.v","automated_osu035","v","mult, arithmetic",1536270724.67955,8,8,0
"automated_osu035_rs_encoder_decoder_latest_final_GF8Mult218",70,124,"./automated_osu035/automated_osu035_rs_encoder_decoder_latest_final_GF8Mult218.v","automated_osu035","v","mult, arithmetic",1536270724.70355,8,8,0
"automated_osu035_rs_encoder_decoder_latest_final_GF8Mult219",63,103,"./automated_osu035/automated_osu035_rs_encoder_decoder_latest_final_GF8Mult219.v","automated_osu035","v","mult, arithmetic",1536270724.72355,8,8,0
"automated_osu035_rs_encoder_decoder_latest_final_GF8Mult22",51,84,"./automated_osu035/automated_osu035_rs_encoder_decoder_latest_final_GF8Mult22.v","automated_osu035","v","mult, arithmetic",1536270725.00355,8,8,0
"automated_osu035_rs_encoder_decoder_latest_final_GF8Mult220",51,77,"./automated_osu035/automated_osu035_rs_encoder_decoder_latest_final_GF8Mult220.v","automated_osu035","v","mult, arithmetic",1536270724.76355,8,8,0
"automated_osu035_rs_encoder_decoder_latest_final_GF8Mult221",54,84,"./automated_osu035/automated_osu035_rs_encoder_decoder_latest_final_GF8Mult221.v","automated_osu035","v","mult, arithmetic",1536270724.78755,8,8,0
"automated_osu035_rs_encoder_decoder_latest_final_GF8Mult222",46,73,"./automated_osu035/automated_osu035_rs_encoder_decoder_latest_final_GF8Mult222.v","automated_osu035","v","mult, arithmetic",1536270724.80755,8,8,0
"automated_osu035_rs_encoder_decoder_latest_final_GF8Mult223",59,101,"./automated_osu035/automated_osu035_rs_encoder_decoder_latest_final_GF8Mult223.v","automated_osu035","v","mult, arithmetic",1536270724.82755,8,8,0
"automated_osu035_rs_encoder_decoder_latest_final_GF8Mult224",47,75,"./automated_osu035/automated_osu035_rs_encoder_decoder_latest_final_GF8Mult224.v","automated_osu035","v","mult, arithmetic",1536270724.84755,8,8,0
"automated_osu035_rs_encoder_decoder_latest_final_GF8Mult225",58,110,"./automated_osu035/automated_osu035_rs_encoder_decoder_latest_final_GF8Mult225.v","automated_osu035","v","mult, arithmetic",1536270724.86755,8,8,0
"automated_osu035_rs_encoder_decoder_latest_final_GF8Mult226",62,112,"./automated_osu035/automated_osu035_rs_encoder_decoder_latest_final_GF8Mult226.v","automated_osu035","v","mult, arithmetic",1536270724.88755,8,8,0
"automated_osu035_rs_encoder_decoder_latest_final_GF8Mult227",66,112,"./automated_osu035/automated_osu035_rs_encoder_decoder_latest_final_GF8Mult227.v","automated_osu035","v","mult, arithmetic",1536270724.91155,8,8,0
"automated_osu035_rs_encoder_decoder_latest_final_GF8Mult228",70,127,"./automated_osu035/automated_osu035_rs_encoder_decoder_latest_final_GF8Mult228.v","automated_osu035","v","mult, arithmetic",1542470586.9745,8,8,0
"automated_osu035_rs_encoder_decoder_latest_final_GF8Mult229",81,151,"./automated_osu035/automated_osu035_rs_encoder_decoder_latest_final_GF8Mult229.v","automated_osu035","v","mult, arithmetic",1536270724.97955,8,8,0
"automated_osu035_rs_encoder_decoder_latest_final_GF8Mult23",49,77,"./automated_osu035/automated_osu035_rs_encoder_decoder_latest_final_GF8Mult23.v","automated_osu035","v","mult, arithmetic",1536270725.29554,8,8,0
"automated_osu035_rs_encoder_decoder_latest_final_GF8Mult230",63,112,"./automated_osu035/automated_osu035_rs_encoder_decoder_latest_final_GF8Mult230.v","automated_osu035","v","mult, arithmetic",1536270725.02755,8,8,0
"automated_osu035_rs_encoder_decoder_latest_final_GF8Mult231",62,105,"./automated_osu035/automated_osu035_rs_encoder_decoder_latest_final_GF8Mult231.v","automated_osu035","v","mult, arithmetic",1536270725.04755,8,8,0
"automated_osu035_rs_encoder_decoder_latest_final_GF8Mult232",75,139,"./automated_osu035/automated_osu035_rs_encoder_decoder_latest_final_GF8Mult232.v","automated_osu035","v","mult, arithmetic",1536270725.07155,8,8,0
"automated_osu035_rs_encoder_decoder_latest_final_GF8Mult233",66,121,"./automated_osu035/automated_osu035_rs_encoder_decoder_latest_final_GF8Mult233.v","automated_osu035","v","mult, arithmetic",1536270725.09955,8,8,0
"automated_osu035_rs_encoder_decoder_latest_final_GF8Mult234",64,115,"./automated_osu035/automated_osu035_rs_encoder_decoder_latest_final_GF8Mult234.v","automated_osu035","v","mult, arithmetic",1536270725.12755,8,8,0
"automated_osu035_rs_encoder_decoder_latest_final_GF8Mult235",57,100,"./automated_osu035/automated_osu035_rs_encoder_decoder_latest_final_GF8Mult235.v","automated_osu035","v","mult, arithmetic",1536270725.15155,8,8,0
"automated_osu035_rs_encoder_decoder_latest_final_GF8Mult236",49,78,"./automated_osu035/automated_osu035_rs_encoder_decoder_latest_final_GF8Mult236.v","automated_osu035","v","mult, arithmetic",1536270725.17955,8,8,0
"automated_osu035_rs_encoder_decoder_latest_final_GF8Mult237",53,93,"./automated_osu035/automated_osu035_rs_encoder_decoder_latest_final_GF8Mult237.v","automated_osu035","v","mult, arithmetic",1536270725.20755,8,8,0
"automated_osu035_rs_encoder_decoder_latest_final_GF8Mult238",59,101,"./automated_osu035/automated_osu035_rs_encoder_decoder_latest_final_GF8Mult238.v","automated_osu035","v","mult, arithmetic",1536270725.23555,8,8,0
"automated_osu035_rs_encoder_decoder_latest_final_GF8Mult239",72,130,"./automated_osu035/automated_osu035_rs_encoder_decoder_latest_final_GF8Mult239.v","automated_osu035","v","mult, arithmetic",1536270725.26754,8,8,0
"automated_osu035_rs_encoder_decoder_latest_final_GF8Mult24",40,60,"./automated_osu035/automated_osu035_rs_encoder_decoder_latest_final_GF8Mult24.v","automated_osu035","v","mult, arithmetic",1536270725.58754,8,8,0
"automated_osu035_rs_encoder_decoder_latest_final_GF8Mult240",68,123,"./automated_osu035/automated_osu035_rs_encoder_decoder_latest_final_GF8Mult240.v","automated_osu035","v","mult, arithmetic",1536270725.31954,8,8,0
"automated_osu035_rs_encoder_decoder_latest_final_GF8Mult241",96,193,"./automated_osu035/automated_osu035_rs_encoder_decoder_latest_final_GF8Mult241.v","automated_osu035","v","mult, arithmetic",1536270725.34354,8,8,0
"automated_osu035_rs_encoder_decoder_latest_final_GF8Mult242",102,206,"./automated_osu035/automated_osu035_rs_encoder_decoder_latest_final_GF8Mult242.v","automated_osu035","v","mult, arithmetic",1536270725.37554,8,8,0
"automated_osu035_rs_encoder_decoder_latest_final_GF8Mult243",110,231,"./automated_osu035/automated_osu035_rs_encoder_decoder_latest_final_GF8Mult243.v","automated_osu035","v","mult, arithmetic",1536270725.39954,8,8,0
"automated_osu035_rs_encoder_decoder_latest_final_GF8Mult244",75,140,"./automated_osu035/automated_osu035_rs_encoder_decoder_latest_final_GF8Mult244.v","automated_osu035","v","mult, arithmetic",1536270725.42754,8,8,0
"automated_osu035_rs_encoder_decoder_latest_final_GF8Mult245",82,149,"./automated_osu035/automated_osu035_rs_encoder_decoder_latest_final_GF8Mult245.v","automated_osu035","v","mult, arithmetic",1536270725.45954,8,8,0
"automated_osu035_rs_encoder_decoder_latest_final_GF8Mult246",72,137,"./automated_osu035/automated_osu035_rs_encoder_decoder_latest_final_GF8Mult246.v","automated_osu035","v","mult, arithmetic",1536270725.48754,8,8,0
"automated_osu035_rs_encoder_decoder_latest_final_GF8Mult247",71,129,"./automated_osu035/automated_osu035_rs_encoder_decoder_latest_final_GF8Mult247.v","automated_osu035","v","mult, arithmetic",1536270725.51154,8,8,0
"automated_osu035_rs_encoder_decoder_latest_final_GF8Mult248",64,117,"./automated_osu035/automated_osu035_rs_encoder_decoder_latest_final_GF8Mult248.v","automated_osu035","v","mult, arithmetic",1536270725.53954,8,8,0
"automated_osu035_rs_encoder_decoder_latest_final_GF8Mult249",58,96,"./automated_osu035/automated_osu035_rs_encoder_decoder_latest_final_GF8Mult249.v","automated_osu035","v","mult, arithmetic",1536270725.56754,8,8,0
"automated_osu035_rs_encoder_decoder_latest_final_GF8Mult25",40,60,"./automated_osu035/automated_osu035_rs_encoder_decoder_latest_final_GF8Mult25.v","automated_osu035","v","mult, arithmetic",1536270725.73154,8,8,0
"automated_osu035_rs_encoder_decoder_latest_final_GF8Mult250",59,97,"./automated_osu035/automated_osu035_rs_encoder_decoder_latest_final_GF8Mult250.v","automated_osu035","v","mult, arithmetic",1536270725.61154,8,8,0
"automated_osu035_rs_encoder_decoder_latest_final_GF8Mult251",45,67,"./automated_osu035/automated_osu035_rs_encoder_decoder_latest_final_GF8Mult251.v","automated_osu035","v","mult, arithmetic",1536270725.63554,8,8,0
"automated_osu035_rs_encoder_decoder_latest_final_GF8Mult252",58,93,"./automated_osu035/automated_osu035_rs_encoder_decoder_latest_final_GF8Mult252.v","automated_osu035","v","mult, arithmetic",1536270725.65554,8,8,0
"automated_osu035_rs_encoder_decoder_latest_final_GF8Mult253",37,49,"./automated_osu035/automated_osu035_rs_encoder_decoder_latest_final_GF8Mult253.v","automated_osu035","v","mult, arithmetic",1536270725.68354,8,8,0
"automated_osu035_rs_encoder_decoder_latest_final_GF8Mult254",30,31,"./automated_osu035/automated_osu035_rs_encoder_decoder_latest_final_GF8Mult254.v","automated_osu035","v","mult, arithmetic",1536270725.70754,8,8,0
"automated_osu035_rs_encoder_decoder_latest_final_GF8Mult26",53,83,"./automated_osu035/automated_osu035_rs_encoder_decoder_latest_final_GF8Mult26.v","automated_osu035","v","mult, arithmetic",1536270725.79154,8,8,0
"automated_osu035_rs_encoder_decoder_latest_final_GF8Mult27",69,119,"./automated_osu035/automated_osu035_rs_encoder_decoder_latest_final_GF8Mult27.v","automated_osu035","v","mult, arithmetic",1536270725.81154,8,8,0
"automated_osu035_rs_encoder_decoder_latest_final_GF8Mult28",70,123,"./automated_osu035/automated_osu035_rs_encoder_decoder_latest_final_GF8Mult28.v","automated_osu035","v","mult, arithmetic",1536270725.83154,8,8,0
"automated_osu035_rs_encoder_decoder_latest_final_GF8Mult29",49,79,"./automated_osu035/automated_osu035_rs_encoder_decoder_latest_final_GF8Mult29.v","automated_osu035","v","mult, arithmetic",1536270725.85154,8,8,0
"automated_osu035_rs_encoder_decoder_latest_final_GF8Mult3",51,76,"./automated_osu035/automated_osu035_rs_encoder_decoder_latest_final_GF8Mult3.v","automated_osu035","v","mult, arithmetic",1536270726.15154,8,8,0
"automated_osu035_rs_encoder_decoder_latest_final_GF8Mult30",41,63,"./automated_osu035/automated_osu035_rs_encoder_decoder_latest_final_GF8Mult30.v","automated_osu035","v","mult, arithmetic",1536270725.89954,8,8,0
"automated_osu035_rs_encoder_decoder_latest_final_GF8Mult31",54,90,"./automated_osu035/automated_osu035_rs_encoder_decoder_latest_final_GF8Mult31.v","automated_osu035","v","mult, arithmetic",1536270725.92354,8,8,0
"automated_osu035_rs_encoder_decoder_latest_final_GF8Mult32",67,132,"./automated_osu035/automated_osu035_rs_encoder_decoder_latest_final_GF8Mult32.v","automated_osu035","v","mult, arithmetic",1536270725.95154,8,8,0
"automated_osu035_rs_encoder_decoder_latest_final_GF8Mult33",65,120,"./automated_osu035/automated_osu035_rs_encoder_decoder_latest_final_GF8Mult33.v","automated_osu035","v","mult, arithmetic",1536270725.97554,8,8,0
"automated_osu035_rs_encoder_decoder_latest_final_GF8Mult34",70,124,"./automated_osu035/automated_osu035_rs_encoder_decoder_latest_final_GF8Mult34.v","automated_osu035","v","mult, arithmetic",1536270725.99954,8,8,0
"automated_osu035_rs_encoder_decoder_latest_final_GF8Mult35",51,87,"./automated_osu035/automated_osu035_rs_encoder_decoder_latest_final_GF8Mult35.v","automated_osu035","v","mult, arithmetic",1536270726.01954,8,8,0
"automated_osu035_rs_encoder_decoder_latest_final_GF8Mult36",68,120,"./automated_osu035/automated_osu035_rs_encoder_decoder_latest_final_GF8Mult36.v","automated_osu035","v","mult, arithmetic",1536270726.05154,8,8,0
"automated_osu035_rs_encoder_decoder_latest_final_GF8Mult37",74,141,"./automated_osu035/automated_osu035_rs_encoder_decoder_latest_final_GF8Mult37.v","automated_osu035","v","mult, arithmetic",1536270726.07554,8,8,0
"automated_osu035_rs_encoder_decoder_latest_final_GF8Mult38",87,171,"./automated_osu035/automated_osu035_rs_encoder_decoder_latest_final_GF8Mult38.v","automated_osu035","v","mult, arithmetic",1536270726.09954,8,8,0
"automated_osu035_rs_encoder_decoder_latest_final_GF8Mult39",94,178,"./automated_osu035/automated_osu035_rs_encoder_decoder_latest_final_GF8Mult39.v","automated_osu035","v","mult, arithmetic",1536270726.12754,8,8,0
"automated_osu035_rs_encoder_decoder_latest_final_GF8Mult4",59,95,"./automated_osu035/automated_osu035_rs_encoder_decoder_latest_final_GF8Mult4.v","automated_osu035","v","mult, arithmetic",1536270726.42353,8,8,0
"automated_osu035_rs_encoder_decoder_latest_final_GF8Mult40",99,207,"./automated_osu035/automated_osu035_rs_encoder_decoder_latest_final_GF8Mult40.v","automated_osu035","v","mult, arithmetic",1536270726.18354,8,8,0
"automated_osu035_rs_encoder_decoder_latest_final_GF8Mult41",86,157,"./automated_osu035/automated_osu035_rs_encoder_decoder_latest_final_GF8Mult41.v","automated_osu035","v","mult, arithmetic",1536270726.20354,8,8,0
"automated_osu035_rs_encoder_decoder_latest_final_GF8Mult42",82,159,"./automated_osu035/automated_osu035_rs_encoder_decoder_latest_final_GF8Mult42.v","automated_osu035","v","mult, arithmetic",1536270726.23153,8,8,0
"automated_osu035_rs_encoder_decoder_latest_final_GF8Mult43",87,173,"./automated_osu035/automated_osu035_rs_encoder_decoder_latest_final_GF8Mult43.v","automated_osu035","v","mult, arithmetic",1536270726.25953,8,8,0
"automated_osu035_rs_encoder_decoder_latest_final_GF8Mult44",58,98,"./automated_osu035/automated_osu035_rs_encoder_decoder_latest_final_GF8Mult44.v","automated_osu035","v","mult, arithmetic",1536270726.28353,8,8,0
"automated_osu035_rs_encoder_decoder_latest_final_GF8Mult45",42,64,"./automated_osu035/automated_osu035_rs_encoder_decoder_latest_final_GF8Mult45.v","automated_osu035","v","mult, arithmetic",1536270726.30753,8,8,0
"automated_osu035_rs_encoder_decoder_latest_final_GF8Mult46",41,62,"./automated_osu035/automated_osu035_rs_encoder_decoder_latest_final_GF8Mult46.v","automated_osu035","v","mult, arithmetic",1536270726.33153,8,8,0
"automated_osu035_rs_encoder_decoder_latest_final_GF8Mult47",50,77,"./automated_osu035/automated_osu035_rs_encoder_decoder_latest_final_GF8Mult47.v","automated_osu035","v","mult, arithmetic",1536270726.35553,8,8,0
"automated_osu035_rs_encoder_decoder_latest_final_GF8Mult48",44,63,"./automated_osu035/automated_osu035_rs_encoder_decoder_latest_final_GF8Mult48.v","automated_osu035","v","mult, arithmetic",1536270726.37953,8,8,0
"automated_osu035_rs_encoder_decoder_latest_final_GF8Mult49",56,89,"./automated_osu035/automated_osu035_rs_encoder_decoder_latest_final_GF8Mult49.v","automated_osu035","v","mult, arithmetic",1536270726.39953,8,8,0
"automated_osu035_rs_encoder_decoder_latest_final_GF8Mult5",68,121,"./automated_osu035/automated_osu035_rs_encoder_decoder_latest_final_GF8Mult5.v","automated_osu035","v","mult, arithmetic",1536270726.68753,8,8,0
"automated_osu035_rs_encoder_decoder_latest_final_GF8Mult50",58,94,"./automated_osu035/automated_osu035_rs_encoder_decoder_latest_final_GF8Mult50.v","automated_osu035","v","mult, arithmetic",1536270726.44353,8,8,0
"automated_osu035_rs_encoder_decoder_latest_final_GF8Mult51",46,73,"./automated_osu035/automated_osu035_rs_encoder_decoder_latest_final_GF8Mult51.v","automated_osu035","v","mult, arithmetic",1536270726.47153,8,8,0
"automated_osu035_rs_encoder_decoder_latest_final_GF8Mult52",40,61,"./automated_osu035/automated_osu035_rs_encoder_decoder_latest_final_GF8Mult52.v","automated_osu035","v","mult, arithmetic",1536270726.49553,8,8,0
"automated_osu035_rs_encoder_decoder_latest_final_GF8Mult53",77,139,"./automated_osu035/automated_osu035_rs_encoder_decoder_latest_final_GF8Mult53.v","automated_osu035","v","mult, arithmetic",1536270726.51953,8,8,0
"automated_osu035_rs_encoder_decoder_latest_final_GF8Mult54",70,125,"./automated_osu035/automated_osu035_rs_encoder_decoder_latest_final_GF8Mult54.v","automated_osu035","v","mult, arithmetic",1536270726.54353,8,8,0
"automated_osu035_rs_encoder_decoder_latest_final_GF8Mult55",69,128,"./automated_osu035/automated_osu035_rs_encoder_decoder_latest_final_GF8Mult55.v","automated_osu035","v","mult, arithmetic",1536270726.56753,8,8,0
"automated_osu035_rs_encoder_decoder_latest_final_GF8Mult56",102,197,"./automated_osu035/automated_osu035_rs_encoder_decoder_latest_final_GF8Mult56.v","automated_osu035","v","mult, arithmetic",1536270726.59153,8,8,0
"automated_osu035_rs_encoder_decoder_latest_final_GF8Mult57",86,167,"./automated_osu035/automated_osu035_rs_encoder_decoder_latest_final_GF8Mult57.v","automated_osu035","v","mult, arithmetic",1536270726.61953,8,8,0
"automated_osu035_rs_encoder_decoder_latest_final_GF8Mult58",81,156,"./automated_osu035/automated_osu035_rs_encoder_decoder_latest_final_GF8Mult58.v","automated_osu035","v","mult, arithmetic",1536270726.64353,8,8,0
"automated_osu035_rs_encoder_decoder_latest_final_GF8Mult59",84,155,"./automated_osu035/automated_osu035_rs_encoder_decoder_latest_final_GF8Mult59.v","automated_osu035","v","mult, arithmetic",1536270726.66353,8,8,0
"automated_osu035_rs_encoder_decoder_latest_final_GF8Mult6",42,64,"./automated_osu035/automated_osu035_rs_encoder_decoder_latest_final_GF8Mult6.v","automated_osu035","v","mult, arithmetic",1536270726.95153,8,8,0
"automated_osu035_rs_encoder_decoder_latest_final_GF8Mult60",86,166,"./automated_osu035/automated_osu035_rs_encoder_decoder_latest_final_GF8Mult60.v","automated_osu035","v","mult, arithmetic",1536270726.70753,8,8,0
"automated_osu035_rs_encoder_decoder_latest_final_GF8Mult61",82,161,"./automated_osu035/automated_osu035_rs_encoder_decoder_latest_final_GF8Mult61.v","automated_osu035","v","mult, arithmetic",1536270726.73553,8,8,0
"automated_osu035_rs_encoder_decoder_latest_final_GF8Mult62",89,170,"./automated_osu035/automated_osu035_rs_encoder_decoder_latest_final_GF8Mult62.v","automated_osu035","v","mult, arithmetic",1536270726.75953,8,8,0
"automated_osu035_rs_encoder_decoder_latest_final_GF8Mult63",79,143,"./automated_osu035/automated_osu035_rs_encoder_decoder_latest_final_GF8Mult63.v","automated_osu035","v","mult, arithmetic",1536270726.78353,8,8,0
"automated_osu035_rs_encoder_decoder_latest_final_GF8Mult64",82,161,"./automated_osu035/automated_osu035_rs_encoder_decoder_latest_final_GF8Mult64.v","automated_osu035","v","mult, arithmetic",1536270726.80353,8,8,0
"automated_osu035_rs_encoder_decoder_latest_final_GF8Mult65",69,126,"./automated_osu035/automated_osu035_rs_encoder_decoder_latest_final_GF8Mult65.v","automated_osu035","v","mult, arithmetic",1536270726.82753,8,8,0
"automated_osu035_rs_encoder_decoder_latest_final_GF8Mult66",54,90,"./automated_osu035/automated_osu035_rs_encoder_decoder_latest_final_GF8Mult66.v","automated_osu035","v","mult, arithmetic",1536270726.85153,8,8,0
"automated_osu035_rs_encoder_decoder_latest_final_GF8Mult67",71,128,"./automated_osu035/automated_osu035_rs_encoder_decoder_latest_final_GF8Mult67.v","automated_osu035","v","mult, arithmetic",1536270726.87553,8,8,0
"automated_osu035_rs_encoder_decoder_latest_final_GF8Mult68",68,119,"./automated_osu035/automated_osu035_rs_encoder_decoder_latest_final_GF8Mult68.v","automated_osu035","v","mult, arithmetic",1536270726.90353,8,8,0
"automated_osu035_rs_encoder_decoder_latest_final_GF8Mult69",72,143,"./automated_osu035/automated_osu035_rs_encoder_decoder_latest_final_GF8Mult69.v","automated_osu035","v","mult, arithmetic",1536270726.93153,8,8,0
"automated_osu035_rs_encoder_decoder_latest_final_GF8Mult7",84,159,"./automated_osu035/automated_osu035_rs_encoder_decoder_latest_final_GF8Mult7.v","automated_osu035","v","mult, arithmetic",1536270727.20753,8,8,0
"automated_osu035_rs_encoder_decoder_latest_final_GF8Mult70",64,117,"./automated_osu035/automated_osu035_rs_encoder_decoder_latest_final_GF8Mult70.v","automated_osu035","v","mult, arithmetic",1536270726.97553,8,8,0
"automated_osu035_rs_encoder_decoder_latest_final_GF8Mult71",70,130,"./automated_osu035/automated_osu035_rs_encoder_decoder_latest_final_GF8Mult71.v","automated_osu035","v","mult, arithmetic",1536270727.00353,8,8,0
"automated_osu035_rs_encoder_decoder_latest_final_GF8Mult72",61,107,"./automated_osu035/automated_osu035_rs_encoder_decoder_latest_final_GF8Mult72.v","automated_osu035","v","mult, arithmetic",1536270727.02753,8,8,0
"automated_osu035_rs_encoder_decoder_latest_final_GF8Mult73",69,132,"./automated_osu035/automated_osu035_rs_encoder_decoder_latest_final_GF8Mult73.v","automated_osu035","v","mult, arithmetic",1536270727.05153,8,8,0
"automated_osu035_rs_encoder_decoder_latest_final_GF8Mult74",71,127,"./automated_osu035/automated_osu035_rs_encoder_decoder_latest_final_GF8Mult74.v","automated_osu035","v","mult, arithmetic",1536270727.07153,8,8,0
"automated_osu035_rs_encoder_decoder_latest_final_GF8Mult75",86,159,"./automated_osu035/automated_osu035_rs_encoder_decoder_latest_final_GF8Mult75.v","automated_osu035","v","mult, arithmetic",1536270727.09553,8,8,0
"automated_osu035_rs_encoder_decoder_latest_final_GF8Mult76",90,168,"./automated_osu035/automated_osu035_rs_encoder_decoder_latest_final_GF8Mult76.v","automated_osu035","v","mult, arithmetic",1536270727.11553,8,8,0
"automated_osu035_rs_encoder_decoder_latest_final_GF8Mult77",105,212,"./automated_osu035/automated_osu035_rs_encoder_decoder_latest_final_GF8Mult77.v","automated_osu035","v","mult, arithmetic",1536270727.13953,8,8,0
"automated_osu035_rs_encoder_decoder_latest_final_GF8Mult78",110,248,"./automated_osu035/automated_osu035_rs_encoder_decoder_latest_final_GF8Mult78.v","automated_osu035","v","mult, arithmetic",1536270727.15953,8,8,0
"automated_osu035_rs_encoder_decoder_latest_final_GF8Mult79",77,145,"./automated_osu035/automated_osu035_rs_encoder_decoder_latest_final_GF8Mult79.v","automated_osu035","v","mult, arithmetic",1536270727.18353,8,8,0
"automated_osu035_rs_encoder_decoder_latest_final_GF8Mult8",74,138,"./automated_osu035/automated_osu035_rs_encoder_decoder_latest_final_GF8Mult8.v","automated_osu035","v","mult, arithmetic",1536270727.51952,8,8,0
"automated_osu035_rs_encoder_decoder_latest_final_GF8Mult80",100,192,"./automated_osu035/automated_osu035_rs_encoder_decoder_latest_final_GF8Mult80.v","automated_osu035","v","mult, arithmetic",1536270727.23153,8,8,0
"automated_osu035_rs_encoder_decoder_latest_final_GF8Mult81",106,209,"./automated_osu035/automated_osu035_rs_encoder_decoder_latest_final_GF8Mult81.v","automated_osu035","v","mult, arithmetic",1536270727.25153,8,8,0
"automated_osu035_rs_encoder_decoder_latest_final_GF8Mult82",121,254,"./automated_osu035/automated_osu035_rs_encoder_decoder_latest_final_GF8Mult82.v","automated_osu035","v","mult, arithmetic",1536270727.28352,8,8,0
"automated_osu035_rs_encoder_decoder_latest_final_GF8Mult83",72,134,"./automated_osu035/automated_osu035_rs_encoder_decoder_latest_final_GF8Mult83.v","automated_osu035","v","mult, arithmetic",1536270727.34752,8,8,0
"automated_osu035_rs_encoder_decoder_latest_final_GF8Mult84",125,270,"./automated_osu035/automated_osu035_rs_encoder_decoder_latest_final_GF8Mult84.v","automated_osu035","v","mult, arithmetic",1536270727.37152,8,8,0
"automated_osu035_rs_encoder_decoder_latest_final_GF8Mult85",119,236,"./automated_osu035/automated_osu035_rs_encoder_decoder_latest_final_GF8Mult85.v","automated_osu035","v","mult, arithmetic",1536270727.39152,8,8,0
"automated_osu035_rs_encoder_decoder_latest_final_GF8Mult86",109,216,"./automated_osu035/automated_osu035_rs_encoder_decoder_latest_final_GF8Mult86.v","automated_osu035","v","mult, arithmetic",1536270727.41552,8,8,0
"automated_osu035_rs_encoder_decoder_latest_final_GF8Mult87",115,248,"./automated_osu035/automated_osu035_rs_encoder_decoder_latest_final_GF8Mult87.v","automated_osu035","v","mult, arithmetic",1536270727.43952,8,8,0
"automated_osu035_rs_encoder_decoder_latest_final_GF8Mult88",98,186,"./automated_osu035/automated_osu035_rs_encoder_decoder_latest_final_GF8Mult88.v","automated_osu035","v","mult, arithmetic",1536270727.46752,8,8,0
"automated_osu035_rs_encoder_decoder_latest_final_GF8Mult89",114,239,"./automated_osu035/automated_osu035_rs_encoder_decoder_latest_final_GF8Mult89.v","automated_osu035","v","mult, arithmetic",1536270727.49952,8,8,0
"automated_osu035_rs_encoder_decoder_latest_final_GF8Mult9",66,117,"./automated_osu035/automated_osu035_rs_encoder_decoder_latest_final_GF8Mult9.v","automated_osu035","v","mult, arithmetic",1536270727.79552,8,8,0
"automated_osu035_rs_encoder_decoder_latest_final_GF8Mult90",116,235,"./automated_osu035/automated_osu035_rs_encoder_decoder_latest_final_GF8Mult90.v","automated_osu035","v","mult, arithmetic",1536270727.54352,8,8,0
"automated_osu035_rs_encoder_decoder_latest_final_GF8Mult91",105,198,"./automated_osu035/automated_osu035_rs_encoder_decoder_latest_final_GF8Mult91.v","automated_osu035","v","mult, arithmetic",1536270727.57552,8,8,0
"automated_osu035_rs_encoder_decoder_latest_final_GF8Mult92",86,164,"./automated_osu035/automated_osu035_rs_encoder_decoder_latest_final_GF8Mult92.v","automated_osu035","v","mult, arithmetic",1536270727.60352,8,8,0
"automated_osu035_rs_encoder_decoder_latest_final_GF8Mult93",70,128,"./automated_osu035/automated_osu035_rs_encoder_decoder_latest_final_GF8Mult93.v","automated_osu035","v","mult, arithmetic",1536270727.62752,8,8,0
"automated_osu035_rs_encoder_decoder_latest_final_GF8Mult94",52,86,"./automated_osu035/automated_osu035_rs_encoder_decoder_latest_final_GF8Mult94.v","automated_osu035","v","mult, arithmetic",1536270727.64752,8,8,0
"automated_osu035_rs_encoder_decoder_latest_final_GF8Mult95",43,67,"./automated_osu035/automated_osu035_rs_encoder_decoder_latest_final_GF8Mult95.v","automated_osu035","v","mult, arithmetic",1536270727.67552,8,8,0
"automated_osu035_rs_encoder_decoder_latest_final_GF8Mult96",42,64,"./automated_osu035/automated_osu035_rs_encoder_decoder_latest_final_GF8Mult96.v","automated_osu035","v","mult, arithmetic",1536270727.69552,8,8,0
"automated_osu035_rs_encoder_decoder_latest_final_GF8Mult97",69,120,"./automated_osu035/automated_osu035_rs_encoder_decoder_latest_final_GF8Mult97.v","automated_osu035","v","mult, arithmetic",1536270727.71952,8,8,0
"automated_osu035_rs_encoder_decoder_latest_final_GF8Mult98",58,93,"./automated_osu035/automated_osu035_rs_encoder_decoder_latest_final_GF8Mult98.v","automated_osu035","v","mult, arithmetic",1536270727.74352,8,8,0
"automated_osu035_rs_encoder_decoder_latest_final_GF8Mult99",58,95,"./automated_osu035/automated_osu035_rs_encoder_decoder_latest_final_GF8Mult99.v","automated_osu035","v","mult, arithmetic",1536270727.77152,8,8,0
"automated_osu035_rs_encoder_decoder_latest_final_GF8Reg",52,81,"./automated_osu035/automated_osu035_rs_encoder_decoder_latest_final_GF8Reg.v","automated_osu035","v","encoder, decoder",1536270727.81552,11,8,0
"automated_osu035_rs_encoder_decoder_latest_final_GF8SigmaAdder8t",432,504,"./automated_osu035/automated_osu035_rs_encoder_decoder_latest_final_GF8SigmaAdder8t.v","automated_osu035","v","add, arithmetic",1536270727.85152,144,72,0
"automated_osu035_rs_encoder_decoder_latest_final_GF8SyndromBuffer",680,1675,"./automated_osu035/automated_osu035_rs_encoder_decoder_latest_final_GF8SyndromBuffer.v","automated_osu035","v","encoder, decoder",1536270727.90352,17,8,0
"automated_osu035_rs_encoder_decoder_latest_final_GF8tmmult",500,990,"./automated_osu035/automated_osu035_rs_encoder_decoder_latest_final_GF8tmmult.v","automated_osu035","v","mult, arithmetic",1536270727.94352,11,8,0
"automated_osu035_rs_encoder_decoder_latest_final_Memmory",13968,31341,"./automated_osu035/automated_osu035_rs_encoder_decoder_latest_final_Memmory.v","automated_osu035","v","mem, decode",1542470576.85042,18,8,0
"automated_osu035_rs_encoder_decoder_latest_final_Mux8To1",49,56,"./automated_osu035/automated_osu035_rs_encoder_decoder_latest_final_Mux8To1.v","automated_osu035","v","mux",1536270728.59551,17,8,0
"automated_osu035_rs_encoder_decoder_latest_final_RS8CALCR08",1057,2431,"./automated_osu035/automated_osu035_rs_encoder_decoder_latest_final_RS8CALCR08.v","automated_osu035","v","encoder, decoder",1536270728.68351,84,17,0
"automated_osu035_rs_encoder_decoder_latest_final_RS8Controller",351,705,"./automated_osu035/automated_osu035_rs_encoder_decoder_latest_final_RS8Controller.v","automated_osu035","v","encoder, decoder",1536270728.71951,6,33,0
"automated_osu035_rs_encoder_decoder_latest_final_RS8Encoder8t",1639,3602,"./automated_osu035/automated_osu035_rs_encoder_decoder_latest_final_RS8Encoder8t.v","automated_osu035","v","encoder, decoder",1536270728.80751,11,10,0
"automated_osu035_rs_encoder_decoder_latest_final_RS8ErrLocPoly8t",11590,26939,"./automated_osu035/automated_osu035_rs_encoder_decoder_latest_final_RS8ErrLocPoly8t.v","automated_osu035","v","decode,encode, errorcorrection",1536270729.3675,20,218,0
"automated_osu035_rs_encoder_decoder_latest_final_RS8FreqDecode",65924,146673,"./automated_osu035/automated_osu035_rs_encoder_decoder_latest_final_RS8FreqDecode.v","automated_osu035","v","encoder, decoder",1536270732.75947,11,10,0
"automated_osu035_RS232-T100_final_uart",40,51,"./automated_osu035/automated_osu035_RS232-T100_final_uart.v","automated_osu035","v","uart",1536054239.84087,12,11,0
"automated_osu035_rsencoder_latest_final_FF",26,32,"./automated_osu035/automated_osu035_rsencoder_latest_final_FF.v","automated_osu035","v","encoder, decoder",1536270750.63529,10,8,0
"automated_osu035_rsencoder_latest_final_GFADD",48,56,"./automated_osu035/automated_osu035_rsencoder_latest_final_GFADD.v","automated_osu035","v","add, arithmetic,",1536270750.69929,16,8,0
"automated_osu035_rsencoder_latest_final_GFMUL8",497,1093,"./automated_osu035/automated_osu035_rsencoder_latest_final_GFMUL8.v","automated_osu035","v","mult, arithmetic",1536270750.74329,16,8,0
"automated_osu035_rsencoder_latest_final_rs_encode",8372,18674,"./automated_osu035/automated_osu035_rsencoder_latest_final_rs_encode.v","automated_osu035","v","encoder, decoder",1536270751.12729,139,128,0
"automated_osu035_rtf8088_latest_final_divr2",1412,3202,"./automated_osu035/automated_osu035_rtf8088_latest_final_divr2.v","automated_osu035","v",,1536272308.48002,70,50,0
"automated_osu035_rtf8088_latest_final_divr2_tb",0,0,"./automated_osu035/automated_osu035_rtf8088_latest_final_divr2_tb.v","automated_osu035","v",,1536272308.38002,0,0,0
"automated_osu035_rtf8088_latest_final_evaluate_branch",121,205,"./automated_osu035/automated_osu035_rtf8088_latest_final_evaluate_branch.v","automated_osu035","v","alu, arithmetic, add, sub",1536272308.52002,29,1,0
"automated_osu035_rtf8088_latest_final_nmi_detector",14,18,"./automated_osu035/automated_osu035_rtf8088_latest_final_nmi_detector.v","automated_osu035","v",,1536272308.58802,4,1,0
"automated_osu035_rtf8088_latest_final_rtf8088",24531,59951,"./automated_osu035/automated_osu035_rtf8088_latest_final_rtf8088.v","automated_osu035","v",,1536272309.76001,14,34,0
"automated_osu035_rtf8088_latest_final_stkmem",80467,181977,"./automated_osu035/automated_osu035_rtf8088_latest_final_stkmem.v","automated_osu035","v",,1536272313.55197,32,9,0
"automated_osu035_sdr_ctrl_latest_final_async_fifo",298,686,"./automated_osu035/automated_osu035_sdr_ctrl_latest_final_async_fifo.v","automated_osu035","v","fifo, memory",1536272388.70325,14,12,0
"automated_osu035_sdr_ctrl_latest_final_BUFFER",3,2,"./automated_osu035/automated_osu035_sdr_ctrl_latest_final_BUFFER.v","automated_osu035","v",,1536272388.73525,1,1,0
"automated_osu035_sdr_ctrl_latest_final_sdrc_bank_ctl",2215,4872,"./automated_osu035/automated_osu035_sdr_ctrl_latest_final_sdrc_bank_ctl.v","automated_osu035","v",,1536272388.86725,72,36,0
"automated_osu035_sdr_ctrl_latest_final_sdrc_bank_fsm",585,1128,"./automated_osu035/automated_osu035_sdr_ctrl_latest_final_sdrc_bank_fsm.v","automated_osu035","v","fsm",1536272388.90724,64,45,0
"automated_osu035_sdr_ctrl_latest_final_sdrc_bs_convert",470,919,"./automated_osu035/automated_osu035_sdr_ctrl_latest_final_sdrc_bs_convert.v","automated_osu035","v",,1536272388.94724,62,54,0
"automated_osu035_sdr_ctrl_latest_final_sdrc_core",4279,9357,"./automated_osu035/automated_osu035_sdr_ctrl_latest_final_sdrc_core.v","automated_osu035","v",,1536272389.17524,152,78,0
"automated_osu035_sdr_ctrl_latest_final_sdrc_top",7144,16318,"./automated_osu035/automated_osu035_sdr_ctrl_latest_final_sdrc_top.v","automated_osu035","v","topfile",1536272389.59124,146,56,0
"automated_osu035_sdr_ctrl_latest_final_sdrc_xfr_ctl",1107,2112,"./automated_osu035/automated_osu035_sdr_ctrl_latest_final_sdrc_xfr_ctl.v","automated_osu035","v",,1536272389.65524,115,78,0
"automated_osu035_sdr_ctrl_latest_final_sync_fifo",220,478,"./automated_osu035/automated_osu035_sdr_ctrl_latest_final_sync_fifo.v","automated_osu035","v","fifo, memory",1536272389.69524,12,10,0
"automated_osu035_sdr_ctrl_latest_final_wb2sdrc",3286,7515,"./automated_osu035/automated_osu035_sdr_ctrl_latest_final_wb2sdrc.v","automated_osu035","v",,1536272389.86324,109,106,0
"automated_osu035_sha_core_latest_final_sha1",7598,18505,"./automated_osu035/automated_osu035_sha_core_latest_final_sha1.v","automated_osu035","v",,1536271708.53381,38,36,0
"automated_osu035_sha_core_latest_final_sha256",11405,27241,"./automated_osu035/automated_osu035_sha_core_latest_final_sha256.v","automated_osu035","v",,1536271709.03381,38,36,0
"automated_osu035_sha_core_latest_final_sha512",24180,57932,"./automated_osu035/automated_osu035_sha_core_latest_final_sha512.v","automated_osu035","v","crypto, hash, sha",1536271710.1178,39,37,0
"automated_osu035_sha3_latest_final_f_permutation",40337,95608,"./designFilesOsu/automated_osu035_sha3_latest_final_f_permutation.v","designFilesOsu","v",,1519316741.68879,579,1602,"n.a."
"automated_osu035_sha3_latest_final_f_permutation",35712,84098,"./automated_osu035/automated_osu035_sha3_latest_final_f_permutation.v","automated_osu035","v","crypto, sha3, hash, permutation",1536271494.51193,579,1602,0
"automated_osu035_sha3_latest_final_keccak",39670,98106,"./designFilesOsu/automated_osu035_sha3_latest_final_keccak.v","designFilesOsu","v",,1519316742.83678,38,514,"{}"
"automated_osu035_sha3_latest_final_keccak",36160,87734,"./automated_osu035/automated_osu035_sha3_latest_final_keccak.v","automated_osu035","v","crypto, sha3, hash",1536271496.36391,38,514,0
"automated_osu035_sha3_latest_final_padder",3170,5707,"./designFilesOsu/automated_osu035_sha3_latest_final_padder.v","designFilesOsu","v","add, arithmetic",1519316743.08478,39,578,"n.a."
"automated_osu035_sha3_latest_final_padder",3041,6023,"./automated_osu035/automated_osu035_sha3_latest_final_padder.v","automated_osu035","v","crypto, hash, sha, padder",1536271496.55991,39,578,0
"automated_osu035_sha3_latest_final_padder1",134,143,"./designFilesOsu/automated_osu035_sha3_latest_final_padder1.v","designFilesOsu","v","add, arithmetic",1519316742.94478,34,32,"n.a."
"automated_osu035_sha3_latest_final_padder1",109,119,"./automated_osu035/automated_osu035_sha3_latest_final_padder1.v","automated_osu035","v","add, arithmetic",1536271496.43191,34,32,0
"automated_osu035_sha3_latest_final_rconst",212,188,"./designFilesOsu/automated_osu035_sha3_latest_final_rconst.v","designFilesOsu","v",,1519316743.12478,24,64,"{}"
"automated_osu035_sha3_latest_final_rconst",206,182,"./automated_osu035/automated_osu035_sha3_latest_final_rconst.v","automated_osu035","v",,1536271496.61591,24,64,0
"automated_osu035_sha3_latest_final_rconst2in1",294,216,"./automated_osu035/automated_osu035_sha3_latest_final_rconst2in1.v","automated_osu035","v",,1536271496.58791,12,128,0
"automated_osu035_sha3_latest_final_rconst2in1",306,226,"./designFilesOsu/automated_osu035_sha3_latest_final_rconst2in1.v","designFilesOsu","v",,1519316743.10478,12,128,"n.a."
"automated_osu035_sha3_latest_final_round",31896,72867,"./designFilesOsu/automated_osu035_sha3_latest_final_round.v","designFilesOsu","v",,1519316745.46475,1664,1600,"n.a."
"automated_osu035_sha3_latest_final_round",28490,63257,"./automated_osu035/automated_osu035_sha3_latest_final_round.v","automated_osu035","v","crypto, hash, sha3",1536271500.52387,1664,1600,0
"automated_osu035_sha3_latest_final_round2in1",58508,142487,"./designFilesOsu/automated_osu035_sha3_latest_final_round2in1.v","designFilesOsu","v",,1519316744.62476,1728,1600,0
"automated_osu035_sha3_latest_final_round2in1",59978,145315,"./automated_osu035/automated_osu035_sha3_latest_final_round2in1.v","automated_osu035","v","crypto, hash, sha3",1536271499.29588,1728,1600,0
"automated_osu035_signed_integer_divider_latest_final_adder_32bit",582,920,"./automated_osu035/automated_osu035_signed_integer_divider_latest_final_adder_32bit.v","automated_osu035","v","add, arithmetic",1536271745.32145,65,33,0
"automated_osu035_signed_integer_divider_latest_final_divider_dshift",4260,9721,"./automated_osu035/automated_osu035_signed_integer_divider_latest_final_divider_dshift.v","automated_osu035","v","div, arithmetic, shifter",1536271745.56945,67,65,0
"automated_osu035_signed_integer_divider_latest_final_operator_A",7,8,"./automated_osu035/automated_osu035_signed_integer_divider_latest_final_operator_A.v","automated_osu035","v",,1536271745.59345,2,2,0
"automated_osu035_signed_integer_divider_latest_final_operator_B",10,9,"./automated_osu035/automated_osu035_signed_integer_divider_latest_final_operator_B.v","automated_osu035","v",,1536271745.61745,4,2,0
"automated_osu035_signed_integer_divider_latest_final_operator_C",7,6,"./automated_osu035/automated_osu035_signed_integer_divider_latest_final_operator_C.v","automated_osu035","v",,1536271745.64145,3,1,0
"automated_osu035_signed_integer_divider_latest_final_shift_15b",444,795,"./automated_osu035/automated_osu035_signed_integer_divider_latest_final_shift_15b.v","automated_osu035","v","shift, arithemtic",1536271745.68545,47,32,0
"automated_osu035_signed_integer_divider_latest_final_shift_1b",160,221,"./automated_osu035/automated_osu035_signed_integer_divider_latest_final_shift_1b.v","automated_osu035","v",,1536271745.71745,33,32,0
"automated_osu035_signed_integer_divider_latest_final_shift_3b",244,399,"./automated_osu035/automated_osu035_signed_integer_divider_latest_final_shift_3b.v","automated_osu035","v","div, arithmetic, shift, arithemtic",1536271745.75345,35,32,0
"automated_osu035_signed_integer_divider_latest_final_shift_7b",337,588,"./automated_osu035/automated_osu035_signed_integer_divider_latest_final_shift_7b.v","automated_osu035","v","shift, arithemtic",1536271745.78945,39,32,0
"automated_osu035_signed_integer_divider_latest_final_shifter",845,1647,"./automated_osu035/automated_osu035_signed_integer_divider_latest_final_shifter.v","automated_osu035","v","shift, arithemtic",1536271745.91744,32,37,0
"automated_osu035_signed_integer_divider_latest_final_shifter_tb",0,0,"./automated_osu035/automated_osu035_signed_integer_divider_latest_final_shifter_tb.v","automated_osu035","v",,1536271745.82945,0,0,0
"automated_osu035_simon_core_latest_final_simon_datapath_shiftreg",543,1153,"./automated_osu035/automated_osu035_simon_core_latest_final_simon_datapath_shiftreg.v","automated_osu035","v","register, memory",1536271758.67732,6,7,0
"automated_osu035_simon_core_latest_final_simon_key_expansion_shiftreg",645,1403,"./automated_osu035/automated_osu035_simon_core_latest_final_simon_key_expansion_shiftreg.v","automated_osu035","v","register, memory",1536271758.73732,10,2,0
"automated_osu035_simon_core_latest_final_top_module",1168,2548,"./automated_osu035/automated_osu035_simon_core_latest_final_top_module.v","automated_osu035","v","topfile",1536271758.80532,4,1,0
"automated_osu035_suslik_latest_final_brpred",35890,85106,"./automated_osu035/automated_osu035_suslik_latest_final_brpred.v","automated_osu035","v","cpu, ",1536056491.46744,137,67,0
"automated_osu035_suslik_latest_final_brpred_ram",34639,82444,"./automated_osu035/automated_osu035_suslik_latest_final_brpred_ram.v","automated_osu035","v","ram, cpu",1536056489.99945,111,97,0
"automated_osu035_suslik_latest_final_ioinstr",439,490,"./automated_osu035/automated_osu035_suslik_latest_final_ioinstr.v","automated_osu035","v",,1536056491.50344,137,103,0
"automated_osu035_suslik_latest_final_regfileint0",15963,37818,"./automated_osu035/automated_osu035_suslik_latest_final_regfileint0.v","automated_osu035","v","register, memory",1536056492.18743,54,96,0
"automated_osu035_suslik_latest_final_regram",5347,12606,"./automated_osu035/automated_osu035_suslik_latest_final_regram.v","automated_osu035","v","ram",1536056492.45143,44,32,0
"automated_osu035_suslik_latest_final_subagu",443,700,"./automated_osu035/automated_osu035_suslik_latest_final_subagu.v","automated_osu035","v","sub, arithmetic",1536056492.49943,167,38,0
"automated_osu035_systemcaes_latest_final_aes",10671,26556,"./automated_osu035/automated_osu035_systemcaes_latest_final_aes.v","automated_osu035","v","aes, crypto, ",1536271874.9562,260,129,0
"automated_osu035_systemcaes_latest_final_aes192",13436,33100,"./automated_osu035/automated_osu035_systemcaes_latest_final_aes192.v","automated_osu035","v","aes, crypto",1536271874.47221,324,129,0
"automated_osu035_systemcaes_latest_final_byte_mixcolum",374,804,"./automated_osu035/automated_osu035_systemcaes_latest_final_byte_mixcolum.v","automated_osu035","v","aes, crypto,",1536271874.9962,32,16,0
"automated_osu035_systemcaes_latest_final_keysched",1081,2130,"./automated_osu035/automated_osu035_systemcaes_latest_final_keysched.v","automated_osu035","v","aes, crypto,",1536271875.1362,143,139,0
"automated_osu035_systemcaes_latest_final_keysched192",1738,3457,"./automated_osu035/automated_osu035_systemcaes_latest_final_keysched192.v","automated_osu035","v","aes, crypto,",1536271875.0762,207,203,0
"automated_osu035_systemcaes_latest_final_mixcolum",2540,5714,"./automated_osu035/automated_osu035_systemcaes_latest_final_mixcolum.v","automated_osu035","v","aes, crypto,",1536271875.2562,132,129,0
"automated_osu035_systemcaes_latest_final_sbox",574,1378,"./automated_osu035/automated_osu035_systemcaes_latest_final_sbox.v","automated_osu035","v","aes, crypto, sbox",1536271875.3002,11,8,0
"automated_osu035_systemcaes_latest_final_subbytes",1192,2584,"./automated_osu035/automated_osu035_systemcaes_latest_final_subbytes.v","automated_osu035","v","aes, crypto, sbox",1536271875.4082,140,138,0
"automated_osu035_systemcaes_latest_final_wb_aes_controller",2251,4508,"./automated_osu035/automated_osu035_systemcaes_latest_final_wb_aes_controller.v","automated_osu035","v","aes, crypto,",1536271875.5402,202,291,0
"automated_osu035_systemcaes_latest_final_word_mixcolum",1400,3216,"./automated_osu035/automated_osu035_systemcaes_latest_final_word_mixcolum.v","automated_osu035","v","aes, crypto,",1536271875.6202,32,64,0
"automated_osu035_tiny_aes_latest_final_aes_128",269177,724168,"./automated_osu035/automated_osu035_tiny_aes_latest_final_aes_128.v","automated_osu035","v","aes, crypto,",1536093899.14465,257,128,0
"automated_osu035_tiny_aes_latest_final_aes_192",315473,848032,"./automated_osu035/automated_osu035_tiny_aes_latest_final_aes_192.v","automated_osu035","v","aes, crypto,",1536093907.82856,321,128,0
"automated_osu035_tiny_aes_latest_final_aes_256",382005,1026260,"./automated_osu035/automated_osu035_tiny_aes_latest_final_aes_256.v","automated_osu035","v","aes, crypto,",1536093918.31246,385,128,0
"automated_osu035_tiny_aes_latest_final_expand_key_128",3981,9588,"./automated_osu035/automated_osu035_tiny_aes_latest_final_expand_key_128.v","automated_osu035","v","aes, crypto, key_expansion",1536093918.82846,137,256,0
"automated_osu035_tiny_aes_latest_final_expand_key_type_A_192",4237,9908,"./automated_osu035/automated_osu035_tiny_aes_latest_final_expand_key_type_A_192.v","automated_osu035","v","aes, crypto",1536093919.07646,201,320,0
"automated_osu035_tiny_aes_latest_final_expand_key_type_A_256",4493,10228,"./automated_osu035/automated_osu035_tiny_aes_latest_final_expand_key_type_A_256.v","automated_osu035","v","aes, crypto",1536093919.19246,265,384,0
"automated_osu035_tiny_aes_latest_final_expand_key_type_B_192",1569,2656,"./automated_osu035/automated_osu035_tiny_aes_latest_final_expand_key_type_B_192.v","automated_osu035","v","aes, crypto,",1536093919.23645,193,320,0
"automated_osu035_tiny_aes_latest_final_expand_key_type_B_256",4509,10348,"./automated_osu035/automated_osu035_tiny_aes_latest_final_expand_key_type_B_256.v","automated_osu035","v","aes, crypto",1536093919.35645,257,384,0
"automated_osu035_tiny_aes_latest_final_expand_key_type_C_192",4101,9620,"./automated_osu035/automated_osu035_tiny_aes_latest_final_expand_key_type_C_192.v","automated_osu035","v","aes, crypto",1536093919.46445,201,320,0
"automated_osu035_tiny_aes_latest_final_expand_key_type_D_192",3813,9012,"./automated_osu035/automated_osu035_tiny_aes_latest_final_expand_key_type_D_192.v","automated_osu035","v","aes, crypto",1536093919.56845,201,320,0
"automated_osu035_tiny_aes_latest_final_final_round",11889,31536,"./automated_osu035/automated_osu035_tiny_aes_latest_final_final_round.v","automated_osu035","v","aes, crypto, round",1536093919.90045,257,128,0
"automated_osu035_tiny_aes_latest_final_one_round",24929,66640,"./automated_osu035/automated_osu035_tiny_aes_latest_final_one_round.v","automated_osu035","v","aes, crypto, aes_round, interfile",1536093920.59644,257,128,0
"automated_osu035_tiny_aes_latest_final_S",704,1907,"./automated_osu035/automated_osu035_tiny_aes_latest_final_S.v","automated_osu035","v","aes, crypto,",1536093920.73644,9,8,0
"automated_osu035_tiny_aes_latest_final_S4",2813,7628,"./automated_osu035/automated_osu035_tiny_aes_latest_final_S4.v","automated_osu035","v","aes, crypto,",1536093920.70844,33,32,0
"automated_osu035_tiny_aes_latest_final_T",1463,3917,"./automated_osu035/automated_osu035_tiny_aes_latest_final_T.v","automated_osu035","v","aes, crypto,",1536093920.95644,9,32,0
"automated_osu035_tiny_aes_latest_final_table_lookup",5849,15668,"./automated_osu035/automated_osu035_tiny_aes_latest_final_table_lookup.v","automated_osu035","v","aes, crypto",1536093920.90844,33,128,0
"automated_osu035_tiny_aes_latest_final_xS",720,1938,"./automated_osu035/automated_osu035_tiny_aes_latest_final_xS.v","automated_osu035","v","aes, crypto,",1536093920.98844,9,8,0
"automated_osu035_tiny_tate_bilinear_pairing_latest_final_const_",2410,1253,"./automated_osu035/automated_osu035_tiny_tate_bilinear_pairing_latest_final_const_.v","automated_osu035","v",,1536119171.33078,7,1189,0
"automated_osu035_tiny_tate_bilinear_pairing_latest_final_f3_add",26,42,"./automated_osu035/automated_osu035_tiny_tate_bilinear_pairing_latest_final_f3_add.v","automated_osu035","v","add, arithmetic",1536119171.34678,4,2,0
"automated_osu035_tiny_tate_bilinear_pairing_latest_final_f3_mult",16,22,"./automated_osu035/automated_osu035_tiny_tate_bilinear_pairing_latest_final_f3_mult.v","automated_osu035","v","mult, arithmetic",1536119171.37478,4,2,0
"automated_osu035_tiny_tate_bilinear_pairing_latest_final_f3_sub",26,42,"./automated_osu035/automated_osu035_tiny_tate_bilinear_pairing_latest_final_f3_sub.v","automated_osu035","v","sub, arithmetic",1536119171.40677,4,2,0
"automated_osu035_tiny_tate_bilinear_pairing_latest_final_FSM",2664,5863,"./automated_osu035/automated_osu035_tiny_tate_bilinear_pairing_latest_final_FSM.v","automated_osu035","v","fsm",1536119171.49477,31,34,0
"automated_osu035_tiny_tate_bilinear_pairing_latest_final_mod_p",3614,2472,"./automated_osu035/automated_osu035_tiny_tate_bilinear_pairing_latest_final_mod_p.v","automated_osu035","v",,1536119171.55477,1186,1186,0
"automated_osu035_tiny_tate_bilinear_pairing_latest_final_pairing",588022,1501887,"./automated_osu035/automated_osu035_tiny_tate_bilinear_pairing_latest_final_pairing.v","automated_osu035","v",,1536119191.31058,13,2,0
"automated_osu035_tiny_tate_bilinear_pairing_latest_final_PE",0,0,"./automated_osu035/automated_osu035_tiny_tate_bilinear_pairing_latest_final_PE.v","automated_osu035","v",,1536119191.67457,0,0,0
"automated_osu035_tiny_tate_bilinear_pairing_latest_final_PPG",8304,13046,"./automated_osu035/automated_osu035_tiny_tate_bilinear_pairing_latest_final_PPG.v","automated_osu035","v",,1536119191.95057,1188,1186,0
"automated_osu035_tiny_tate_bilinear_pairing_latest_final_rom",2361,5941,"./automated_osu035/automated_osu035_tiny_tate_bilinear_pairing_latest_final_rom.v","automated_osu035","v",", rom, memory",1536119192.23057,10,29,0
"automated_osu035_tiny_tate_bilinear_pairing_latest_final_select",40,45,"./automated_osu035/automated_osu035_tiny_tate_bilinear_pairing_latest_final_select.v","automated_osu035","v",,1536119192.23857,14,7,0
"automated_osu035_tiny_tate_bilinear_pairing_latest_final_tiny",580888,1480501,"./automated_osu035/automated_osu035_tiny_tate_bilinear_pairing_latest_final_tiny.v","automated_osu035","v",,1536119210.44239,1198,1189,0
"automated_osu035_tiny_tate_bilinear_pairing_latest_final_v0",3002,2372,"./automated_osu035/automated_osu035_tiny_tate_bilinear_pairing_latest_final_v0.v","automated_osu035","v",,1536119211.85837,1186,1186,0
"automated_osu035_tiny_tate_bilinear_pairing_latest_final_v1",3124,2372,"./automated_osu035/automated_osu035_tiny_tate_bilinear_pairing_latest_final_v1.v","automated_osu035","v",,1536119211.93037,1186,1186,0
"automated_osu035_tiny_tate_bilinear_pairing_latest_final_v2",2520,1334,"./automated_osu035/automated_osu035_tiny_tate_bilinear_pairing_latest_final_v2.v","automated_osu035","v",,1536119211.98637,1186,1186,0
"automated_osu035_trigonometric_functions_in_double_fpu_latest_final_cosecant_lut",1671,3801,"./automated_osu035/automated_osu035_trigonometric_functions_in_double_fpu_latest_final_cosecant_lut.v","automated_osu035","v","fpu",1536119338.87312,37,64,0
"automated_osu035_trigonometric_functions_in_double_fpu_latest_final_cosine_lut",1761,3891,"./automated_osu035/automated_osu035_trigonometric_functions_in_double_fpu_latest_final_cosine_lut.v","automated_osu035","v","fpu",1536119338.94111,37,64,0
"automated_osu035_trigonometric_functions_in_double_fpu_latest_final_cotangent_lut",1729,3801,"./automated_osu035/automated_osu035_trigonometric_functions_in_double_fpu_latest_final_cotangent_lut.v","automated_osu035","v","fpu",1536119338.99711,37,64,0
"automated_osu035_trigonometric_functions_in_double_fpu_latest_final_dividor",1167,2742,"./automated_osu035/automated_osu035_trigonometric_functions_in_double_fpu_latest_final_dividor.v","automated_osu035","v","fpu, div, arithmetic",1536119339.03711,34,32,0
"automated_osu035_trigonometric_functions_in_double_fpu_latest_final_secant_lut",1635,3604,"./automated_osu035/automated_osu035_trigonometric_functions_in_double_fpu_latest_final_secant_lut.v","automated_osu035","v","fpu",1536119339.10111,37,64,0
"automated_osu035_trigonometric_functions_in_double_fpu_latest_final_sine_lut",1749,3859,"./automated_osu035/automated_osu035_trigonometric_functions_in_double_fpu_latest_final_sine_lut.v","automated_osu035","v","fpu",1536119339.15711,37,64,0
"automated_osu035_trigonometric_functions_in_double_fpu_latest_final_tangent_lut",1798,4017,"./automated_osu035/automated_osu035_trigonometric_functions_in_double_fpu_latest_final_tangent_lut.v","automated_osu035","v","fpu",1536119339.21311,37,64,0
"automated_osu035_trigonometric_functions_in_double_fpu_latest_final_top",12016,28211,"./automated_osu035/automated_osu035_trigonometric_functions_in_double_fpu_latest_final_top.v","automated_osu035","v","topfile",1536119339.54511,38,64,0
"automated_osu035_turbo8051_latest_final_async_fifo",311,714,"./automated_osu035/automated_osu035_turbo8051_latest_final_async_fifo.v","automated_osu035","v","fifo, memory",1536137978.53823,14,18,0
"automated_osu035_turbo8051_latest_final_bit_register",9,10,"./automated_osu035/automated_osu035_turbo8051_latest_final_bit_register.v","automated_osu035","v",,1536137978.57823,4,1,0
"automated_osu035_turbo8051_latest_final_clk_ctl",18,30,"./automated_osu035/automated_osu035_turbo8051_latest_final_clk_ctl.v","automated_osu035","v",,1536137978.59423,4,1,0
"automated_osu035_turbo8051_latest_final_clkgen",150,326,"./automated_osu035/automated_osu035_turbo8051_latest_final_clkgen.v","automated_osu035","v",,1536137978.64223,4,5,0
"automated_osu035_turbo8051_latest_final_double_sync_high",7,10,"./automated_osu035/automated_osu035_turbo8051_latest_final_double_sync_high.v","automated_osu035","v",,1536137978.66223,3,1,0
"automated_osu035_turbo8051_latest_final_double_sync_low",7,10,"./automated_osu035/automated_osu035_turbo8051_latest_final_double_sync_low.v","automated_osu035","v",,1536137978.71023,3,1,0
"automated_osu035_turbo8051_latest_final_g_cfg_mgmt",2913,5889,"./automated_osu035/automated_osu035_turbo8051_latest_final_g_cfg_mgmt.v","automated_osu035","v",,1536137978.79423,77,255,0
"automated_osu035_turbo8051_latest_final_g_deferral",78,161,"./automated_osu035/automated_osu035_turbo8051_latest_final_g_deferral.v","automated_osu035","v",,1536137978.83023,12,1,0
"automated_osu035_turbo8051_latest_final_g_deferral_rx",82,168,"./automated_osu035/automated_osu035_turbo8051_latest_final_g_deferral_rx.v","automated_osu035","v",,1536137978.81823,11,1,0
"automated_osu035_turbo8051_latest_final_g_dpath_ctrl",355,682,"./automated_osu035/automated_osu035_turbo8051_latest_final_g_dpath_ctrl.v","automated_osu035","v",,1536137979.03023,43,51,0
"automated_osu035_turbo8051_latest_final_g_eth_parser",525,1005,"./automated_osu035/automated_osu035_turbo8051_latest_final_g_eth_parser.v","automated_osu035","v","eth, interface",1536137979.11823,124,38,0
"automated_osu035_turbo8051_latest_final_g_md_intf",336,734,"./automated_osu035/automated_osu035_turbo8051_latest_final_g_md_intf.v","automated_osu035","v",,1536137979.13823,32,21,0
"automated_osu035_turbo8051_latest_final_g_mii_intf",521,1139,"./automated_osu035/automated_osu035_turbo8051_latest_final_g_mii_intf.v","automated_osu035","v",,1536137979.18223,34,28,0
"DesignName",529,1262,"./automated_osu035/automated_osu035_turbo8051_latest_final_g_rx_crc32.v","automated_osu035","v","crc",1536137979.20623,12,1,0
"automated_osu035_turbo8051_latest_final_g_rx_fsm",1418,3339,"./automated_osu035/automated_osu035_turbo8051_latest_final_g_rx_fsm.v","automated_osu035","v","fsm",1536137979.29423,41,38,0
"automated_osu035_turbo8051_latest_final_g_rx_top",1989,4638,"./automated_osu035/automated_osu035_turbo8051_latest_final_g_rx_top.v","automated_osu035","v","topfile",1536137979.38623,53,39,0
"DesignName",455,982,"./automated_osu035/automated_osu035_turbo8051_latest_final_g_tx_crc32.v","automated_osu035","v","crc",1536137979.43423,12,32,0
"automated_osu035_turbo8051_latest_final_g_tx_fsm",496,1021,"./automated_osu035/automated_osu035_turbo8051_latest_final_g_tx_fsm.v","automated_osu035","v","fsm",1536137979.45823,103,35,0
"automated_osu035_turbo8051_latest_final_g_tx_top",944,2133,"./automated_osu035/automated_osu035_turbo8051_latest_final_g_tx_top.v","automated_osu035","v","topfile",1536137979.51822,79,33,0
"automated_osu035_turbo8051_latest_final_generic_intr_stat_reg",11,11,"./automated_osu035/automated_osu035_turbo8051_latest_final_generic_intr_stat_reg.v","automated_osu035","v",,1536137979.06623,5,1,0
"automated_osu035_turbo8051_latest_final_generic_register",9,10,"./automated_osu035/automated_osu035_turbo8051_latest_final_generic_register.v","automated_osu035","v",,1536137979.08623,4,1,0
"automated_osu035_turbo8051_latest_final_half_dup_byte_reg",66,88,"./automated_osu035/automated_osu035_turbo8051_latest_final_half_dup_byte_reg.v","automated_osu035","v",,1536137979.56622,18,8,0
"automated_osu035_turbo8051_latest_final_half_dup_dble_reg",7,10,"./automated_osu035/automated_osu035_turbo8051_latest_final_half_dup_dble_reg.v","automated_osu035","v",,1536137979.58622,3,1,0
"automated_osu035_turbo8051_latest_final_oc8051_acc",196,391,"./automated_osu035/automated_osu035_turbo8051_latest_final_oc8051_acc.v","automated_osu035","v",,1536137979.61022,31,9,0
"automated_osu035_turbo8051_latest_final_oc8051_alu_src_sel",286,468,"./automated_osu035/automated_osu035_turbo8051_latest_final_oc8051_alu_src_sel.v","automated_osu035","v","alu, arithmetic, add, sub",1536137979.63022,81,24,0
"automated_osu035_turbo8051_latest_final_oc8051_b_register",143,283,"./automated_osu035/automated_osu035_turbo8051_latest_final_oc8051_b_register.v","automated_osu035","v",,1536137979.68222,21,8,0
"automated_osu035_turbo8051_latest_final_oc8051_comp",43,47,"./automated_osu035/automated_osu035_turbo8051_latest_final_oc8051_comp.v","automated_osu035","v",,1536137979.70222,20,1,0
"automated_osu035_turbo8051_latest_final_oc8051_cy_select",10,10,"./automated_osu035/automated_osu035_turbo8051_latest_final_oc8051_cy_select.v","automated_osu035","v",,1536137979.73022,4,1,0
"automated_osu035_turbo8051_latest_final_oc8051_decoder",767,1815,"./automated_osu035/automated_osu035_turbo8051_latest_final_oc8051_decoder.v","automated_osu035","v",,1536137979.78622,13,39,0
"automated_osu035_turbo8051_latest_final_oc8051_divide",385,868,"./automated_osu035/automated_osu035_turbo8051_latest_final_oc8051_divide.v","automated_osu035","v",,1536137979.83022,19,17,0
"automated_osu035_turbo8051_latest_final_oc8051_dptr",152,255,"./automated_osu035/automated_osu035_turbo8051_latest_final_oc8051_dptr.v","automated_osu035","v",,1536137979.84222,30,16,0
"automated_osu035_turbo8051_latest_final_oc8051_indi_addr",394,890,"./automated_osu035/automated_osu035_turbo8051_latest_final_oc8051_indi_addr.v","automated_osu035","v","add, arithmetic",1536137979.86222,23,8,0
"automated_osu035_turbo8051_latest_final_oc8051_int",541,1220,"./automated_osu035/automated_osu035_turbo8051_latest_final_oc8051_int.v","automated_osu035","v",,1536137979.90622,29,35,0
"automated_osu035_turbo8051_latest_final_oc8051_memory_interface",2126,4619,"./automated_osu035/automated_osu035_turbo8051_latest_final_oc8051_memory_interface.v","automated_osu035","v","memory_interface",1536137979.97022,199,123,0
"automated_osu035_turbo8051_latest_final_oc8051_multiply",302,682,"./automated_osu035/automated_osu035_turbo8051_latest_final_oc8051_multiply.v","automated_osu035","v","mult, arithmetic",1536137980.01422,19,17,0
"automated_osu035_turbo8051_latest_final_oc8051_ports",529,1070,"./automated_osu035/automated_osu035_turbo8051_latest_final_oc8051_ports.v","automated_osu035","v",,1536137980.04622,54,64,0
"automated_osu035_turbo8051_latest_final_oc8051_psw",149,281,"./automated_osu035/automated_osu035_turbo8051_latest_final_oc8051_psw.v","automated_osu035","v",,1536137980.06622,26,10,0
"automated_osu035_turbo8051_latest_final_oc8051_ram_256x8_two_bist",11144,26966,"./automated_osu035/automated_osu035_turbo8051_latest_final_oc8051_ram_256x8_two_bist.v","automated_osu035","v","ram",1536137980.50222,29,8,0
"automated_osu035_turbo8051_latest_final_oc8051_ram_64x32_dual_bist",10628,25259,"./automated_osu035/automated_osu035_turbo8051_latest_final_oc8051_ram_64x32_dual_bist.v","automated_osu035","v","ram",1536137980.91021,25,64,0
"automated_osu035_turbo8051_latest_final_oc8051_ram_top",11100,27361,"./automated_osu035/automated_osu035_turbo8051_latest_final_oc8051_ram_top.v","automated_osu035","v","ram",1536137981.33821,29,9,0
"automated_osu035_turbo8051_latest_final_oc8051_sp",198,383,"./automated_osu035/automated_osu035_turbo8051_latest_final_oc8051_sp.v","automated_osu035","v",,1536137981.37021,26,16,0
"automated_osu035_turbo8051_latest_final_oc8051_tc",627,1425,"./automated_osu035/automated_osu035_turbo8051_latest_final_oc8051_tc.v","automated_osu035","v",,1536137981.45821,27,42,0
"automated_osu035_turbo8051_latest_final_oc8051_tc2",458,1002,"./automated_osu035/automated_osu035_turbo8051_latest_final_oc8051_tc2.v","automated_osu035","v",,1536137981.43021,24,44,0
"automated_osu035_turbo8051_latest_final_oc8051_uart",515,1143,"./automated_osu035/automated_osu035_turbo8051_latest_final_oc8051_uart.v","automated_osu035","v","uart",1536137981.48221,27,26,0
"automated_osu035_turbo8051_latest_final_oc8051_wb_iinterface",208,226,"./automated_osu035/automated_osu035_turbo8051_latest_final_oc8051_wb_iinterface.v","automated_osu035","v",,1536137981.49421,53,51,0
"automated_osu035_turbo8051_latest_final_req_register",10,10,"./automated_osu035/automated_osu035_turbo8051_latest_final_req_register.v","automated_osu035","v",,1536137981.53421,5,1,0
"automated_osu035_turbo8051_latest_final_s2f_sync",9,13,"./automated_osu035/automated_osu035_turbo8051_latest_final_s2f_sync.v","automated_osu035","v",,1536137981.55021,3,1,0
"automated_osu035_turbo8051_latest_final_sfifo",1903,4221,"./automated_osu035/automated_osu035_turbo8051_latest_final_sfifo.v","automated_osu035","v","fifo, memory",1536137981.6142,24,10,0
"automated_osu035_turbo8051_latest_final_spi_cfg",708,1250,"./automated_osu035/automated_osu035_turbo8051_latest_final_spi_cfg.v","automated_osu035","v","spi, interface",1536137981.6862,77,91,0
"automated_osu035_turbo8051_latest_final_spi_core",1061,2352,"./automated_osu035/automated_osu035_turbo8051_latest_final_spi_core.v","automated_osu035","v","spi, interface",1536137981.7542,45,39,0
"automated_osu035_turbo8051_latest_final_spi_ctl",558,1135,"./automated_osu035/automated_osu035_turbo8051_latest_final_spi_ctl.v","automated_osu035","v","spi, interface",1536137981.8022,66,48,0
"automated_osu035_turbo8051_latest_final_spi_if",107,197,"./automated_osu035/automated_osu035_turbo8051_latest_final_spi_if.v","automated_osu035","v",,1536137981.8302,19,14,0
"automated_osu035_turbo8051_latest_final_stat_counter",22,30,"./automated_osu035/automated_osu035_turbo8051_latest_final_stat_counter.v","automated_osu035","v",,1536137981.8622,7,2,0
"automated_osu035_turbo8051_latest_final_stat_register",11,11,"./automated_osu035/automated_osu035_turbo8051_latest_final_stat_register.v","automated_osu035","v",,1536137981.8702,5,1,0
"automated_osu035_turbo8051_latest_final_toggle_sync",22,35,"./automated_osu035/automated_osu035_turbo8051_latest_final_toggle_sync.v","automated_osu035","v",,1536137981.8782,6,1,0
"automated_osu035_turbo8051_latest_final_uart_cfg",196,363,"./automated_osu035/automated_osu035_turbo8051_latest_final_uart_cfg.v","automated_osu035","v","uart",1536137981.8942,47,38,0
"automated_osu035_turbo8051_latest_final_uart_core",2261,5306,"./automated_osu035/automated_osu035_turbo8051_latest_final_uart_core.v","automated_osu035","v","uart",1536137981.9702,47,34,0
"automated_osu035_turbo8051_latest_final_uart_rxfsm",199,438,"./automated_osu035/automated_osu035_turbo8051_latest_final_uart_rxfsm.v","automated_osu035","v","uart",1536137981.9862,8,11,0
"automated_osu035_turbo8051_latest_final_uart_txfsm",180,380,"./automated_osu035/automated_osu035_turbo8051_latest_final_uart_txfsm.v","automated_osu035","v","uart",1536137982.0302,15,2,0
"automated_osu035_turbo8051_latest_final_wb_crossbar",1834,4226,"./automated_osu035/automated_osu035_turbo8051_latest_final_wb_crossbar.v","automated_osu035","v",,1536137982.0942,290,272,0
"automated_osu035_turbo8051_latest_final_wb_interface",1451,3291,"./automated_osu035/automated_osu035_turbo8051_latest_final_wb_interface.v","automated_osu035","v",,1536137982.1702,104,101,0
"automated_osu035_turbo8051_latest_final_wb_rd_mem2mem",541,1171,"./automated_osu035/automated_osu035_turbo8051_latest_final_wb_rd_mem2mem.v","automated_osu035","v",,1536137982.2262,38,47,0
"automated_osu035_turbo8051_latest_final_wb_wr_mem2mem",612,1333,"./automated_osu035/automated_osu035_turbo8051_latest_final_wb_wr_mem2mem.v","automated_osu035","v",,1536137982.2542,80,55,0
"automated_osu035_two_dimensional_fast_hartley_transform_latest_final_dpsram_128x16",64,32,"./automated_osu035/automated_osu035_two_dimensional_fast_hartley_transform_latest_final_dpsram_128x16.v","automated_osu035","v","ram, memory",1536272423.09491,52,32,0
"automated_osu035_two_dimensional_fast_hartley_transform_latest_final_fht_1d_x8",2912,6641,"./automated_osu035/automated_osu035_two_dimensional_fast_hartley_transform_latest_final_fht_1d_x8.v","automated_osu035","v",,1536272423.26691,11,12,0
"automated_osu035_two_dimensional_fast_hartley_transform_latest_final_fht_8x8_core",3965,9078,"./automated_osu035/automated_osu035_two_dimensional_fast_hartley_transform_latest_final_fht_8x8_core.v","automated_osu035","v",,1536272423.47891,11,15,0
"automated_osu035_two_dimensional_fast_hartley_transform_latest_final_fht_bfly",224,435,"./automated_osu035/automated_osu035_two_dimensional_fast_hartley_transform_latest_final_fht_bfly.v","automated_osu035","v",,1536272423.56691,19,18,0
"automated_osu035_two_dimensional_fast_hartley_transform_latest_final_fht_bfly_noFF",168,301,"./automated_osu035/automated_osu035_two_dimensional_fast_hartley_transform_latest_final_fht_bfly_noFF.v","automated_osu035","v",,1536272423.50291,16,18,0
"automated_osu035_two_dimensional_fast_hartley_transform_latest_final_mtx_trps_8x8_dpsram",87,169,"./automated_osu035/automated_osu035_two_dimensional_fast_hartley_transform_latest_final_mtx_trps_8x8_dpsram.v","automated_osu035","v","ram, memory",1536272423.58691,11,9,0
"automated_osu035_two_dimensional_fast_hartley_transform_latest_final_signed_mult_const_asic",308,670,"./automated_osu035/mult/automated_osu035_two_dimensional_fast_hartley_transform_latest_final_signed_mult_const_asic.v","automated_osu035","v","mult, arithmetic",1521198008.09062,11,9,"{}"
"automated_osu035_two_dimensional_fast_hartley_transform_latest_final_signed_mult_const_asic",357,844,"./automated_osu035/automated_osu035_two_dimensional_fast_hartley_transform_latest_final_signed_mult_const_asic.v","automated_osu035","v","mult, arithmetic",1536272423.63491,11,9,0
"automated_osu035_two_dimensional_fast_hartley_transform_latest_final_signed_mult_const_fpga",393,917,"./automated_osu035/automated_osu035_two_dimensional_fast_hartley_transform_latest_final_signed_mult_const_fpga.v","automated_osu035","v","mult, arithmetic",1536272423.67891,11,9,0
"automated_osu035_two_dimensional_fast_hartley_transform_latest_final_signed_mult_const_fpga",341,762,"./automated_osu035/mult/automated_osu035_two_dimensional_fast_hartley_transform_latest_final_signed_mult_const_fpga.v","automated_osu035","v","mult, arithmetic",1521198008.09062,11,9,"{}"
"automated_osu035_verilog_fixed_point_math_library_latest_final_qadd",968,2043,"./automated_osu035/automated_osu035_verilog_fixed_point_math_library_latest_final_qadd.v","automated_osu035","v","add, arithmetic",1536272466.63449,64,32,0
"automated_osu035_verilog_fixed_point_math_library_latest_final_qdiv",1767,3801,"./automated_osu035/automated_osu035_verilog_fixed_point_math_library_latest_final_qdiv.v","automated_osu035","v","div, arithmetic",1536272466.77849,66,34,0
"automated_osu035_verilog_fixed_point_math_library_latest_final_qmult",9515,24180,"./automated_osu035/automated_osu035_verilog_fixed_point_math_library_latest_final_qmult.v","automated_osu035","v","mult, arithmetic",1536272467.29849,64,33,0
"automated_osu035_verilog_fixed_point_math_library_latest_final_qmults",1569,3373,"./automated_osu035/automated_osu035_verilog_fixed_point_math_library_latest_final_qmults.v","automated_osu035","v","mult, arithmetic",1536272466.86249,66,34,0
"automated_osu035_viterb_encoder_and_decoder_final_ACS",194,381,"./automated_osu035/automated_osu035_viterb_encoder_and_decoder_final_ACS.v","automated_osu035","v","encoder, decoder",1536275010.18192,22,10,0
"automated_osu035_viterb_encoder_and_decoder_final_bmc000",10,11,"./automated_osu035/automated_osu035_viterb_encoder_and_decoder_final_bmc000.v","automated_osu035","v","encoder, decoder",1536275010.24592,2,4,0
"automated_osu035_viterb_encoder_and_decoder_final_bmc001",13,16,"./automated_osu035/automated_osu035_viterb_encoder_and_decoder_final_bmc001.v","automated_osu035","v","encoder, decoder",1536275010.28592,2,4,0
"automated_osu035_viterb_encoder_and_decoder_final_bmc010",13,16,"./automated_osu035/automated_osu035_viterb_encoder_and_decoder_final_bmc010.v","automated_osu035","v","encoder, decoder",1536275010.30592,2,4,0
"automated_osu035_viterb_encoder_and_decoder_final_bmc011",10,11,"./automated_osu035/automated_osu035_viterb_encoder_and_decoder_final_bmc011.v","automated_osu035","v","encoder, decoder",1536275010.32192,2,4,0
"automated_osu035_viterb_encoder_and_decoder_final_bmc100",10,11,"./automated_osu035/automated_osu035_viterb_encoder_and_decoder_final_bmc100.v","automated_osu035","v","encoder, decoder",1536275010.34192,2,4,0
"automated_osu035_viterb_encoder_and_decoder_final_bmc101",13,16,"./automated_osu035/automated_osu035_viterb_encoder_and_decoder_final_bmc101.v","automated_osu035","v","encoder, decoder",1536275010.38192,2,4,0
"automated_osu035_viterb_encoder_and_decoder_final_bmc110",13,16,"./automated_osu035/automated_osu035_viterb_encoder_and_decoder_final_bmc110.v","automated_osu035","v","encoder, decoder",1536275010.41392,2,4,0
"automated_osu035_viterb_encoder_and_decoder_final_bmc111",10,11,"./automated_osu035/automated_osu035_viterb_encoder_and_decoder_final_bmc111.v","automated_osu035","v","encoder, decoder",1536275010.42992,2,4,0
"automated_osu035_viterb_encoder_and_decoder_final_decoder",153460,403523,"./automated_osu035/automated_osu035_viterb_encoder_and_decoder_final_decoder.v","automated_osu035","v","encoder, decoder",1536275018.64583,4,1,0
"automated_osu035_viterb_encoder_and_decoder_final_encoder",45,94,"./automated_osu035/automated_osu035_viterb_encoder_and_decoder_final_encoder.v","automated_osu035","v","encoder, decoder",1536275018.84183,4,3,0
"automated_osu035_viterb_encoder_and_decoder_final_mem",35141,92749,"./automated_osu035/automated_osu035_viterb_encoder_and_decoder_final_mem.v","automated_osu035","v","mem",1536275020.88981,20,8,0
"automated_osu035_viterb_encoder_and_decoder_final_mem_disp",5468,13880,"./automated_osu035/automated_osu035_viterb_encoder_and_decoder_final_mem_disp.v","automated_osu035","v","decode, encoder",1536275019.16983,13,1,0
"automated_osu035_viterb_encoder_and_decoder_final_tbu",93,189,"./automated_osu035/automated_osu035_viterb_encoder_and_decoder_final_tbu.v","automated_osu035","v","encoder, decoder",1536275020.96581,20,2,0
"automated_osu035_xgate_latest_final_bc_2",25,32,"./automated_osu035/automated_osu035_xgate_latest_final_bc_2.v","automated_osu035","v",,1536056154.95465,9,2,0
"automated_osu035_xgate_latest_final_bc_7",32,42,"./automated_osu035/automated_osu035_xgate_latest_final_bc_7.v","automated_osu035","v",,1536056154.97465,11,2,0
"automated_osu035_xgate_latest_final_bus_arbitration",604,845,"./automated_osu035/automated_osu035_xgate_latest_final_bus_arbitration.v","automated_osu035","v","bus, interface",1536056155.01065,145,98,0
"automated_osu035_xgate_latest_final_semaphore_bit",31,54,"./automated_osu035/automated_osu035_xgate_latest_final_semaphore_bit.v","automated_osu035","v",,1536056155.10665,8,2,0
"automated_osu035_xgate_latest_final_xgate_barrel_shift",694,1894,"./automated_osu035/automated_osu035_xgate_latest_final_xgate_barrel_shift.v","automated_osu035","v","shift, arithemtic",1536056155.20265,38,17,0
"automated_osu035_xgate_latest_final_xgate_bypass_reg",5,4,"./automated_osu035/automated_osu035_xgate_latest_final_xgate_bypass_reg.v","automated_osu035","v",,1536056155.22665,3,1,0
"automated_osu035_xgate_latest_final_xgate_id_reg",139,307,"./automated_osu035/automated_osu035_xgate_latest_final_xgate_id_reg.v","automated_osu035","v",,1536056155.37465,7,1,0
"automated_osu035_xgate_latest_final_xgate_instr_decode",49,79,"./automated_osu035/automated_osu035_xgate_latest_final_xgate_instr_decode.v","automated_osu035","v",,1536056155.52664,4,14,0
"automated_osu035_xgate_latest_final_xgate_irq_encode",1498,2230,"./automated_osu035/automated_osu035_xgate_latest_final_xgate_irq_encode.v","automated_osu035","v","irq",1536056155.79064,381,134,0
"automated_osu035_xgate_latest_final_xgate_jtag",277,614,"./automated_osu035/automated_osu035_xgate_latest_final_xgate_jtag.v","automated_osu035","v","jtag",1536056156.16664,6,14,0
"automated_osu035_xgate_latest_final_xgate_jtag_ir",44,85,"./automated_osu035/automated_osu035_xgate_latest_final_xgate_jtag_ir.v","automated_osu035","v",,1536056155.86664,7,5,0
"automated_osu035_xgate_latest_final_xgate_jtag_sm",70,139,"./automated_osu035/automated_osu035_xgate_latest_final_xgate_jtag_sm.v","automated_osu035","v",,1536056156.00664,3,14,0
"automated_osu035_xgate_latest_final_xgate_regs",1236,2273,"./automated_osu035/automated_osu035_xgate_latest_final_xgate_regs.v","automated_osu035","v","register, memory",1536056156.37064,56,310,0
"automated_osu035_xgate_latest_final_xgate_tdo_mux",26,31,"./automated_osu035/automated_osu035_xgate_latest_final_xgate_tdo_mux.v","automated_osu035","v",,1536056156.50263,13,2,0
"automated_osu035_xgate_latest_final_xgate_wbm_bus",171,124,"./automated_osu035/automated_osu035_xgate_latest_final_xgate_wbm_bus.v","automated_osu035","v",,1536056156.66663,56,55,0
"automated_osu035_xgate_latest_final_xgate_wbs_bus",1334,2054,"./automated_osu035/automated_osu035_xgate_latest_final_xgate_wbs_bus.v","automated_osu035","v","bus, interface",1536056156.90663,557,77,0
"automated_osu035_xge_mac_latest_final_fault_sm",165,374,"./automated_osu035/automated_osu035_xge_mac_latest_final_fault_sm.v","automated_osu035","v",,1536275519.11281,6,2,0
"automated_osu035_xge_mac_latest_final_generic_fifo",1625,3597,"./automated_osu035/automated_osu035_xge_mac_latest_final_generic_fifo.v","automated_osu035","v","fifo, memory",1536275519.31281,38,36,0
"automated_osu035_xge_mac_latest_final_generic_fifo_ctrl",196,446,"./automated_osu035/automated_osu035_xge_mac_latest_final_generic_fifo_ctrl.v","automated_osu035","v","fifo, memory",1536275519.15681,6,14,0
"automated_osu035_xge_mac_latest_final_generic_mem_medium",1450,3162,"./automated_osu035/automated_osu035_xge_mac_latest_final_generic_mem_medium.v","automated_osu035","v",,1536275519.39281,45,32,0
"automated_osu035_xge_mac_latest_final_generic_mem_small",1450,3162,"./automated_osu035/automated_osu035_xge_mac_latest_final_generic_mem_small.v","automated_osu035","v",,1536275519.47681,45,32,0
"automated_osu035_xge_mac_latest_final_meta_sync",6,7,"./automated_osu035/automated_osu035_xge_mac_latest_final_meta_sync.v","automated_osu035","v",,1536275519.52881,3,1,0
"automated_osu035_xge_mac_latest_final_meta_sync_single",6,7,"./automated_osu035/automated_osu035_xge_mac_latest_final_meta_sync_single.v","automated_osu035","v",,1536275519.50881,3,1,0
"automated_osu035_xge_mac_latest_final_rx_data_fifo",26048,61991,"./automated_osu035/automated_osu035_xge_mac_latest_final_rx_data_fifo.v","automated_osu035","v","fifo, memory",1536275520.81679,78,75,0
"automated_osu035_xge_mac_latest_final_rx_dequeue",440,731,"./automated_osu035/automated_osu035_xge_mac_latest_final_rx_dequeue.v","automated_osu035","v",,1536275520.87679,77,74,0
"automated_osu035_xge_mac_latest_final_rx_enqueue",5334,11874,"./automated_osu035/automated_osu035_xge_mac_latest_final_rx_enqueue.v","automated_osu035","v",,1536275521.14879,149,171,0
"automated_osu035_xge_mac_latest_final_rx_hold_fifo",6348,15610,"./automated_osu035/automated_osu035_xge_mac_latest_final_rx_hold_fifo.v","automated_osu035","v","fifo, memory",1536275521.51279,76,74,0
"automated_osu035_xge_mac_latest_final_rx_stats_fifo",1497,3519,"./automated_osu035/automated_osu035_xge_mac_latest_final_rx_stats_fifo.v","automated_osu035","v","fifo, memory",1536275521.59679,19,15,0
"automated_osu035_xge_mac_latest_final_stats",4087,9348,"./automated_osu035/automated_osu035_xge_mac_latest_final_stats.v","automated_osu035","v",,1536275521.86078,40,128,0
"automated_osu035_xge_mac_latest_final_stats_sm",1218,2514,"./automated_osu035/automated_osu035_xge_mac_latest_final_stats_sm.v","automated_osu035","v",,1536275521.66479,36,128,0
"automated_osu035_xge_mac_latest_final_sync_clk_core",0,0,"./automated_osu035/automated_osu035_xge_mac_latest_final_sync_clk_core.v","automated_osu035","v",,1536275521.88478,2,0,0
"automated_osu035_xge_mac_latest_final_sync_clk_wb",83,167,"./automated_osu035/automated_osu035_xge_mac_latest_final_sync_clk_wb.v","automated_osu035","v",,1536275521.90878,12,10,0
"automated_osu035_xge_mac_latest_final_sync_clk_xgmii_tx",14,21,"./automated_osu035/automated_osu035_xge_mac_latest_final_sync_clk_xgmii_tx.v","automated_osu035","v",,1536275521.92878,5,3,0
"automated_osu035_xge_mac_latest_final_tx_data_fifo",23903,59565,"./automated_osu035/automated_osu035_xge_mac_latest_final_tx_data_fifo.v","automated_osu035","v","fifo, memory",1536275523.11677,78,76,0
"automated_osu035_xge_mac_latest_final_tx_dequeue",4304,9766,"./automated_osu035/automated_osu035_xge_mac_latest_final_tx_dequeue.v","automated_osu035","v",,1536275523.37277,155,163,0
"automated_osu035_xge_mac_latest_final_tx_enqueue",236,177,"./automated_osu035/automated_osu035_xge_mac_latest_final_tx_enqueue.v","automated_osu035","v",,1536275523.40077,74,75,0
"automated_osu035_xge_mac_latest_final_tx_hold_fifo",6349,15611,"./automated_osu035/automated_osu035_xge_mac_latest_final_tx_hold_fifo.v","automated_osu035","v","fifo, memory",1536275523.74476,76,76,0
"automated_osu035_xge_mac_latest_final_tx_stats_fifo",1497,3519,"./automated_osu035/automated_osu035_xge_mac_latest_final_tx_stats_fifo.v","automated_osu035","v","fifo, memory",1536275523.83276,19,15,0
"automated_osu035_xge_mac_latest_final_wishbone_if",633,1164,"./automated_osu035/automated_osu035_xge_mac_latest_final_wishbone_if.v","automated_osu035","v",", wishbone, bus",1536275523.89676,183,39,0
"automated_osu035_xtea_latest_final_cipher_testbench",2378,4852,"./automated_osu035/automated_osu035_xtea_latest_final_cipher_testbench.v","automated_osu035","v","crypto, xtea",1536275561.68038,132,258,0
"automated_osu035_xtea_latest_final_xtea",9333,21399,"./automated_osu035/automated_osu035_xtea_latest_final_xtea.v","automated_osu035","v","crypto, xtea, topfile",1536275562.12038,195,65,0
"AXI_SP32B1024",435,690,"./designFilesOsu/AXI_SP32B1024.v","designFilesOsu","v","axi",1506006570.96651,145,81,"n.a."
"axi4_interconnect",1694,3035,"./designFilesNangate/axi4_interconnect.v","designFilesNangate","v","axi",1524751030.22413,409,629,"{}"
"b03",382,712,"./designFilesOsu/b03.v","designFilesOsu","v",,1506006555.47014,6,4,"{}"
"b03",4,0,"./designFilesNangate/b03.v","designFilesNangate","v",,1504541154.17562,4,4,"{}"
"bitscan",74,85,"./designFilesOsu/bitscan.v","designFilesOsu","v",,1462362557.07662,16,16,"n.a."
"block_top",160,96,"./designFilesNangate/block_top.v","designFilesNangate","v","topfile",1462362555.65749,112,64,0
"bus_sync_sf",330,587,"./designFilesOsu/bus_sync_sf.v","designFilesOsu","v",,1506006571.04652,35,32,"n.a."
"byte_masked_bSbox_top",1102,2425,"./designFilesOsu/byte_masked_bSbox_top.v","designFilesOsu","v","topfile, aes, crypto, sbox",1462362557.07962,25,8,"n.a."
"c1908",380,637,"./designFilesOsu/c1908.v","designFilesOsu","v",,1462362557.08362,33,25,"n.a."
"c1908",270,553,"./designFilesNangate/c1908.v","designFilesNangate","v",,1462362555.66149,33,25,"{}"
"c3540",1064,1919,"./designFilesOsu/c3540.v","designFilesOsu","v",,1462362557.08962,50,22,"n.a."
"c3540",679,1690,"./designFilesNangate/c3540.v","designFilesNangate","v",,1462362555.6655,50,22,"{}"
"c3540g",44,22,"./designFilesNangate/c3540g.v","designFilesNangate","v",,1462362555.6695,50,22,"n.a."
"c432",229,356,"./designFilesOsu/c432.v","designFilesOsu","v",,1462362557.09362,36,7,"n.a."
"c432",138,284,"./designFilesNangate/c432.v","designFilesNangate","v",,1462362555.6735,36,7,"{}"
"c7552",1990,3274,"./designFilesNangate/c7552.v","designFilesNangate","v",,1504541155.40673,722,108,"{}"
"chi",7,6,"./designFilesNangate/chi.v","designFilesNangate","v",,1504541154.44464,4,1,"{}"
"Circuit6288",1595,3874,"./designFilesNangate/Circuit6288.v","designFilesNangate","v",,1504541154.16762,32,32,"n.a."
"Circuit6288",1687,3191,"./osu018/Circuit6288.v","osu018","v",,1478707329.55185,32,32,"{}"
"Circuit6288",2437,4507,"./designFilesOsu/Circuit6288.v","designFilesOsu","v",,1462362556.30255,32,32,"n.a."
"Circuit74181",104,159,"./osu018/Circuit74181.v","osu018","v",,1478707329.62785,14,8,"n.a."
"Circuit74181",67,132,"./designFilesNangate/Circuit74181.v","designFilesNangate","v",,1462362555.04344,14,8,"{}"
"Circuit74181",122,187,"./designFilesOsu/Circuit74181.v","designFilesOsu","v",,1462362556.30756,14,8,"{}"
"Circuit74L85",45,74,"./designFilesNangate/Circuit74L85.v","designFilesNangate","v",,1462362555.04644,11,3,"{}"
"Circuit74L85",59,86,"./designFilesOsu/Circuit74L85.v","designFilesOsu","v",,1462362556.31155,11,3,"{}"
"completogpio",390,627,"./designFilesOsu/completogpio.v","designFilesOsu","v",,1506006570.99451,111,69,"{}"
"completogpio",316,625,"./designFilesNangate/completogpio.v","designFilesNangate","v",,1524751030.27213,111,69,0
"cordic",483,903,"./designFilesOsu/cordic.v","designFilesOsu","v",,1462362557.10462,6,4,"n.a."
"cpu8080",8235,15826,"./osu018/cpu8080.v","osu018","v","cpu, ",1478707329.92288,12,21,"{}"
"cpu8080",4572,12549,"./designFilesNangate/cpu8080.v","designFilesNangate","v","cpu, ",1504541154.29663,12,21,"{}"
"crp",1629,3003,"./designFilesOsu/crp.v","designFilesOsu","v",,1462362557.11062,80,32,"{}"
"crp",919,2505,"./designFilesNangate/crp.v","designFilesNangate","v",,1462362555.6785,80,32,"{}"
"DAC_interface_AXI",161,300,"./designFilesOsu/DAC_interface_AXI.v","designFilesOsu","v","axi, dac",1506006570.97851,75,49,0
"dec",568,888,"./designFilesNangate/dec.v","designFilesNangate","v",,1462362555.6825,8,256,"n.a."
"dec",576,872,"./designFilesOsu/dec.v","designFilesOsu","v",,1462362557.12062,8,256,"n.a."
"Dec3bit",11,11,"./designFilesOsu/Dec3bit.v","designFilesOsu","v",,1462362556.31456,3,3,"n.a."
"Dec3bit",10,10,"./designFilesNangate/Dec3bit.v","designFilesNangate","v",,1462362555.04944,3,3,"n.a."
"Dec4bit",14,16,"./designFilesNangate/Dec4bit.v","designFilesNangate","v",,1462362555.05244,4,4,"{}"
"Dec4bit",15,16,"./designFilesOsu/Dec4bit.v","designFilesOsu","v",,1462362556.31755,4,4,"n.a."
"Dec5bit",26,33,"./designFilesOsu/Dec5bit.v","designFilesOsu","v",,1462362556.32155,5,5,"{}"
"Dec5bit",18,23,"./designFilesNangate/Dec5bit.v","designFilesNangate","v",,1524751030.66813,5,5,0
"Dec6bit",30,37,"./designFilesOsu/Dec6bit.v","designFilesOsu","v",,1462362556.32456,6,6,"n.a."
"Dec6bit",23,29,"./designFilesNangate/Dec6bit.v","designFilesNangate","v",,1524751030.27213,6,6,"{}"
"Dec7bit",40,53,"./designFilesOsu/Dec7bit.v","designFilesOsu","v",,1462362556.33355,7,7,"{}"
"Dec7bit",28,36,"./designFilesNangate/Dec7bit.v","designFilesNangate","v",,1524751030.25213,7,7,"{}"
"Dec8bit",42,53,"./designFilesOsu/Dec8bit.v","designFilesOsu","v",,1462362556.33755,8,8,"{}"
"Dec8bit",33,44,"./designFilesNangate/Dec8bit.v","designFilesNangate","v",,1462362555.06544,8,8,"{}"
"DECO_INSTR",424,942,"./designFilesNangate/DECO_INSTR.v","designFilesNangate","v",,1504541154.59366,33,71,0
"DECO_INSTR",480,1001,"./designFilesOsu/DECO_INSTR.v","designFilesOsu","v",,1506006570.52747,33,71,"{}"
"decoder16bitout",51,80,"./designFilesNangate/decoder16bitout.v","designFilesNangate","v",,1462362555.68649,5,16,"{}"
"decoder16bitout",57,82,"./designFilesOsu/decoder16bitout.v","designFilesOsu","v",,1462362557.12363,5,16,"n.a."
"decodificador",24,41,"./designFilesNangate/decodificador.v","designFilesNangate","v",,1524751030.86013,5,8,"{}"
"demux_2bit",14,19,"./designFilesNangate/demux_2bit.v","designFilesNangate","v",,1462362555.6895,3,4,"{}"
"demux_2bit",15,19,"./designFilesOsu/demux_2bit.v","designFilesOsu","v",,1462362557.12762,3,4,"n.a."
"des",1796,4957,"./designFilesNangate/des.v","designFilesNangate","v",,1504541154.85668,126,64,"{}"
"des",3494,6512,"./designFilesOsu/des.v","designFilesOsu","v",,1462362557.13562,126,64,"n.a."
"des",3368,6155,"./osu018/des.v","osu018","v",,1478707330.2229,125,64,"{}"
"des_RI_500",7974,11557,"./designFilesNangate/des_RI_500.bench","designFilesNangate","bench",,1500382620.39998,756,245,0
"des_SL_333",7640,11223,"./designFilesNangate/des_SL_333.bench","designFilesNangate","bench",,1500382620.42898,589,245,0
"des_SLWC_493",7960,11543,"./designFilesNangate/des_SLWC_493.bench","designFilesNangate","bench",,1500382620.45398,749,245,0
"des3",5075,9287,"./osu018/des3.v","osu018","v",,1478707330.08389,240,64,"n.a."
"encoder16bitin",131,211,"./designFilesOsu/encoder16bitin.v","designFilesOsu","v","encoder, decoder",1462362557.13862,17,4,"{}"
"encoder16bitin",95,195,"./designFilesNangate/encoder16bitin.v","designFilesNangate","v","encoder, decoder",1462362555.70149,17,4,"{}"
"equal_const",13,12,"./designFilesNangate/equal_const.v","designFilesNangate","v",,1524751030.22813,8,1,0
"equal_const",17,16,"./designFilesOsu/equal_const.v","designFilesOsu","v",,1462362557.14162,8,1,"{}"
"extend0_16bit",16,0,"./designFilesOsu/extend0_16bit.v","designFilesOsu","v",,1462362557.14462,32,16,"n.a."
"extendsign_16bit",16,0,"./designFilesOsu/extendsign_16bit.v","designFilesOsu","v",,1462362557.14862,32,16,"n.a."
"extendsign_16bit",16,0,"./designFilesNangate/extendsign_16bit.v","designFilesNangate","v",,1524751030.22813,32,16,"{}"
"FAC_2",6,3,"./designFilesOsu/FAC_2.v","designFilesOsu","v",,1462362556.34055,2,3,"{}"
"FAC_2",8,7,"./designFilesNangate/FAC_2.v","designFilesNangate","v",,1462362555.06944,2,3,0
"FAC_4",16,13,"./designFilesOsu/FAC_4.v","designFilesOsu","v",,1462362556.34355,4,9,0
"FAC_4",22,21,"./designFilesNangate/FAC_4.v","designFilesNangate","v",,1462362555.07244,4,9,"{}"
"FSM",135,244,"./designFilesOsu/FSM.v","designFilesOsu","v",,1506006570.53747,19,10,"{}"
"FSM",147,298,"./designFilesNangate/FSM.v","designFilesNangate","v",,1524751030.87613,19,10,0
"FullAdder",10,12,"./designFilesNangate/FullAdder.v","designFilesNangate","v","add, arithmetic",1524751029.79213,3,2,"{}"
"FullAdder",12,16,"./designFilesOsu/FullAdder.v","designFilesOsu","v","add, arithmetic",1462362556.34655,3,2,"{}"
"GF_INV_4",95,162,"./designFilesNangate/GF_INV_4.v","designFilesNangate","v",,1462362555.08644,12,4,"{}"
"GF_INV_4",214,394,"./designFilesOsu/GF_INV_4.v","designFilesOsu","v","inv, arithmetic",1462362556.35655,12,4,"n.a."
"GF_INV_8",715,1369,"./designFilesOsu/GF_INV_8.v","designFilesOsu","v","inv, arithmetic",1462362556.36155,24,8,"{}"
"GF_INV_8",359,662,"./designFilesNangate/GF_INV_8.v","designFilesNangate","v","inv, arithmetic",1462362555.09444,24,8,"{}"
"GF_MULS_2",20,26,"./designFilesOsu/GF_MULS_2.v","designFilesOsu","v",,1462362556.36455,6,2,"n.a."
"GF_MULS_2",13,12,"./designFilesNangate/GF_MULS_2.v","designFilesNangate","v",,1524751030.86013,6,2,0
"GF_MULS_4",70,100,"./designFilesOsu/GF_MULS_4.v","designFilesOsu","v",,1462362556.36855,18,4,"{}"
"GF_MULS_4",41,42,"./designFilesNangate/GF_MULS_4.v","designFilesNangate","v",,1462362555.10044,18,4,"{}"
"GF_MULS_SCL_2",20,26,"./designFilesOsu/GF_MULS_SCL_2.v","designFilesOsu","v",,1462362556.37155,6,2,"{}"
"GF_MULS_SCL_2",13,12,"./designFilesNangate/GF_MULS_SCL_2.v","designFilesNangate","v",,1462362555.10344,6,2,"{}"
"HalfAdder",6,6,"./designFilesNangate/HalfAdder.v","designFilesNangate","v","add, arithmetic",1462362555.10645,2,2,"{}"
"HalfAdder",7,8,"./designFilesOsu/HalfAdder.v","designFilesOsu","v","add, arithmetic",1462362556.37456,2,2,"{}"
"hm7_4_decoder",77,132,"./designFilesOsu/hm7_4_decoder.v","designFilesOsu","v",,1462362557.15163,7,4,"n.a."
"hm7_4_decoder",29,44,"./designFilesNangate/hm7_4_decoder.v","designFilesNangate","v",,1462362555.7045,7,4,"{}"
"hm7_4_encoder",23,22,"./designFilesOsu/hm7_4_encoder.v","designFilesOsu","v","encoder, decoder",1462362557.15962,4,7,0
"hm7_4_encoder",20,21,"./designFilesNangate/hm7_4_encoder.v","designFilesNangate","v","encoder, decoder",1462362555.7135,4,7,"{}"
"idea",63074,148854,"./designFilesNangate/idea.v","designFilesNangate","v",,1462362555.82151,192,64,"n.a."
"idea",90908,178140,"./designFilesOsu/idea.bench","designFilesOsu","bench",,1497275759.44036,192,64,"{}"
"idea",91198,173550,"./designFilesOsu/idea.v","designFilesOsu","v",,1497275740.26266,192,64,"{}"
"idea_small",7144,15515,"./designFilesOsu/idea_small.v","designFilesOsu","v",,1506006570.46647,24,16,"{}"
"impl_axi",22670,51787,"./designFilesOsu/impl_axi.v","designFilesOsu","v","axi",1506006571.48056,24,49,"{}"
"Inc3bit",10,10,"./designFilesOsu/Inc3bit.v","designFilesOsu","v","increment, logic",1462362556.38556,3,3,"{}"
"Inc3bit",10,10,"./designFilesNangate/Inc3bit.v","designFilesNangate","v","increment, logic",1462362555.10945,3,3,"{}"
"Inc4bit",22,29,"./designFilesOsu/Inc4bit.v","designFilesOsu","v","increment, logic",1462362556.38955,4,4,"{}"
"Inc4bit",14,16,"./designFilesNangate/Inc4bit.v","designFilesNangate","v","increment, logic",1524751030.22813,4,4,0
"Inc5bit",18,23,"./designFilesNangate/Inc5bit.v","designFilesNangate","v","increment, logic",1524751030.24013,5,5,"{}"
"Inc5bit",32,45,"./designFilesOsu/Inc5bit.v","designFilesOsu","v","increment, logic",1462362556.39256,5,5,"{}"
"Inc6bit",23,29,"./designFilesNangate/Inc6bit.v","designFilesNangate","v","increment, logic",1462362555.11944,6,6,"n.a."
"Inc6bit",25,30,"./designFilesOsu/Inc6bit.v","designFilesOsu","v","increment, logic",1462362556.39656,6,6,"n.a."
"Inc7bit",28,36,"./designFilesNangate/Inc7bit.v","designFilesNangate","v","increment, logic",1524751030.85613,7,7,"{}"
"Inc7bit",30,37,"./designFilesOsu/Inc7bit.v","designFilesOsu","v","increment, logic",1462362556.39956,7,7,"{}"
"Inc8bit",33,44,"./designFilesNangate/Inc8bit.v","designFilesNangate","v","increment, logic",1462362555.12544,8,8,"{}"
"Inc8bit",46,64,"./designFilesOsu/Inc8bit.v","designFilesOsu","v","increment, logic",1462362556.40256,8,8,"n.a."
"IRQ",2636,5109,"./designFilesOsu/IRQ.v","designFilesOsu","v",,1506006570.56547,176,161,"n.a."
"IRQ",2218,4399,"./designFilesNangate/IRQ.v","designFilesNangate","v",,1524751030.24813,176,161,0
"iscas85_74181",67,136,"./designFilesNangate/iscas85_74181.v","designFilesNangate","v",,1524751030.23613,14,8,0
"iscas85_74181",122,187,"./designFilesOsu/iscas85_74181.v","designFilesOsu","v",,1462362557.31164,14,8,"{}"
"iscas85_c432",238,370,"./designFilesOsu/iscas85_c432.v","designFilesOsu","v",,1462362557.31564,36,7,"n.a."
"iscas85_c432",173,336,"./designFilesNangate/iscas85_c432.v","designFilesNangate","v",,1524751030.86013,36,7,0
"iter_addsub",31,45,"./designFilesOsu/iter_addsub.v","designFilesOsu","v","add, sub, addsub arithmetic",1462362557.33365,6,1,"n.a."
"keccak",18604,38319,"./designFilesNangate/keccak.v","designFilesNangate","v","crypto, hash, sha3, topfile",1504541154.43765,38,514,"{}"
"keccak",23598,42809,"./osu018/keccak.v","osu018","v","crypto, hash, sha3, topfile",1478707330.90296,38,514,"{}"
"key_sel",749,2200,"./designFilesNangate/key_sel.v","designFilesNangate","v","key, crypto, aes",1462362555.83351,61,48,"{}"
"key_sel",1348,2525,"./designFilesOsu/key_sel.v","designFilesOsu","v","key, crypto, aes",1462362557.33865,61,48,"{}"
"majority_decoder",41,63,"./designFilesOsu/majority_decoder.v","designFilesOsu","v","encoder, decoder",1462362557.34264,7,1,"n.a."
"majority_decoder",24,35,"./designFilesNangate/majority_decoder.v","designFilesNangate","v","encoder, decoder",1462362555.83751,7,1,"n.a."
"majority_encoder",7,0,"./designFilesOsu/majority_encoder.v","designFilesOsu","v","encoder, decoder",1462362557.34565,1,7,"n.a."
"majority_encoder",15,14,"./designFilesNangate/majority_encoder.v","designFilesNangate","v","encoder, decoder",1462362555.84051,1,7,"{}"
"masked_bSbox",1053,1985,"./designFilesOsu/masked_bSbox.v","designFilesOsu","v","aes, crypto, sbox",1467202461.37214,25,8,"n.a."
"masked_bSbox",546,1021,"./designFilesNangate/masked_bSbox.v","designFilesNangate","v","aes, crypto, sbox",1504541154.23563,25,8,"{}"
"masked_bSbox_encrypt",1052,1921,"./designFilesOsu/masked_bSbox_encrypt.v","designFilesOsu","v","aes, crypto, sbox",1467202461.36214,25,8,"n.a."
"masked_bSbox_new",1005,1832,"./designFilesOsu/masked_bSbox_new.v","designFilesOsu","v","aes, crypto, sbox",1462362557.37464,25,8,"n.a."
"masked_bSbox_old",1102,2425,"./designFilesOsu/masked_bSbox_old.v","designFilesOsu","v","aes, crypto, sbox",1462362557.37965,25,8,"n.a."
"masked_ecc",154,254,"./designFilesOsu/masked_ecc.v","designFilesOsu","v","ecc, crypto",1462362557.40565,18,4,"n.a."
"masked_ecc",63,90,"./designFilesNangate/masked_ecc.v","designFilesNangate","v","ecc, crypto",1462362555.85851,18,4,"n.a."
"masked_ecc_new",47,65,"./designFilesNangate/masked_ecc_new.v","designFilesNangate","v","ecc, crypto",1524751030.86813,15,1,"{}"
"masked_ecc_new",92,142,"./designFilesOsu/masked_ecc_new.v","designFilesOsu","v","ecc, crypto",1462362557.40965,15,1,"n.a."
"masked_Sbox_top",4022,7585,"./designFilesOsu/masked_Sbox_top.v","designFilesOsu","v","topfile, aes, crypto, sbox",1462362557.35764,97,32,"{}"
"masked_sbox_top",4022,7585,"./designFilesOsu/masked_sbox_top.v","designFilesOsu","v","topfile, aes, crypto, sbox",1462362557.42066,97,32,"n.a."
"masked_Sbox_top",2182,4089,"./designFilesNangate/masked_Sbox_top.v","designFilesNangate","v","topfile, aes, crypto, sbox",1462362555.84851,97,32,"{}"
"masked_sbox_top",2182,4089,"./designFilesNangate/masked_sbox_top.v","designFilesNangate","v","topfile, aes, crypto, sbox",1462362555.86951,97,32,"{}"
"Md5Core",78224,157988,"./designFilesNangate/Md5Core.v","designFilesNangate","v","crypto, hash, md5",1524751030.62813,641,128,0
"MEMORY_INTERFACE",1121,1877,"./designFilesOsu/MEMORY_INTERFACE.v","designFilesOsu","v","memory_interface",1506006570.59048,173,179,"n.a."
"MEMORY_INTERFACE",1000,1742,"./designFilesNangate/MEMORY_INTERFACE.v","designFilesNangate","v","memory_interface",1524751030.66813,173,179,0
"mips16",0,0,"./designFilesOsu/mips16.v","designFilesOsu","v",,1462362557.42465,35,16,0
"mix_columns",1160,1920,"./designFilesOsu/mix_columns.v","designFilesOsu","v","crypto, aes",1462362557.42865,128,128,"n.a."
"mixcol",420,739,"./designFilesNangate/mixcol.v","designFilesNangate","v","crypto, aes",1462362555.87351,33,32,"{}"
"mixcol",702,1261,"./designFilesOsu/mixcol.v","designFilesOsu","v","crypto, aes",1462362557.43465,33,32,"n.a."
"mriscvcore",15946,43127,"./designFilesNangate/mriscvcore.v","designFilesNangate","v",,1524751030.83213,71,144,0
"mriscvcore",19729,45769,"./designFilesOsu/mriscvcore.v","designFilesOsu","v","core, topfile",1506006570.94251,71,144,0
"mulop",1791,4160,"./designFilesNangate/mulop.v","designFilesNangate","v","mult, arithmetic",1462362555.87952,32,16,"n.a."
"mulop",2527,4744,"./designFilesOsu/mulop.v","designFilesOsu","v","mult, arithmetic",1462362557.44265,32,16,"n.a."
"mulop_small",131,310,"./designFilesNangate/mulop_small.v","designFilesNangate","v","mult, arithmetic",1462362555.89051,8,4,"{}"
"mulop_small",185,417,"./designFilesOsu/mulop_small.v","designFilesOsu","v","mult, arithmetic",1506006570.47646,8,4,"{}"
"MULT",3554,7532,"./designFilesNangate/MULT.v","designFilesNangate","v","mult, arithmetic",1524751030.89212,79,34,"{}"
"MULT",3986,8500,"./designFilesOsu/MULT.v","designFilesOsu","v","mult, arithmetic",1506006570.62448,79,34,"n.a."
"multiplier4_4",352,680,"./designFilesOsu/multiplier4_4.v","designFilesOsu","v","mult, arithmetic",1462362557.45565,8,8,"n.a."
"multiplier4_8",528,1032,"./designFilesNangate/multiplier4_8.v","designFilesNangate","v","mult, arithmetic",1504541154.14462,8,8,"n.a."
"multiplier4_8",688,1352,"./designFilesOsu/multiplier4_8.v","designFilesOsu","v","mult, arithmetic",1462362557.45965,8,8,"n.a."
"multiplier4bit",100,176,"./designFilesOsu/multiplier4bit.v","designFilesOsu","v","mult, arithmetic",1462362557.46365,8,8,0
"multiplier4bit",80,136,"./designFilesNangate/multiplier4bit.v","designFilesNangate","v","mult, arithmetic",1462362555.90251,8,8,0
"multiplier8_4",1968,3704,"./designFilesOsu/multiplier8_4.v","designFilesOsu","v","mult, arithmetic",1462362557.46866,16,16,"n.a."
"multiplier8_4",1556,3896,"./designFilesNangate/multiplier8_4.v","designFilesNangate","v","mult, arithmetic",1504541154.20663,16,16,"{}"
"MUX21I",7,7,"./designFilesNangate/MUX21I.v","designFilesNangate","v","mux, logic",1462362555.12844,3,1,"{}"
"MUX21I",8,8,"./designFilesOsu/MUX21I.v","designFilesOsu","v","mux, logic",1462362556.41656,3,1,"{}"
"mux2to1_1bit",8,8,"./designFilesOsu/mux2to1_1bit.v","designFilesOsu","v","mux, logic",1462362557.47265,3,1,"{}"
"mux2to1_1bit",7,7,"./designFilesNangate/mux2to1_1bit.v","designFilesNangate","v","mux, logic",1524751030.83613,3,1,0
"mux2to1_2bit",14,13,"./designFilesNangate/mux2to1_2bit.v","designFilesNangate","v","mux, logic",1462362555.91352,5,2,"{}"
"mux2to1_2bit",15,16,"./designFilesOsu/mux2to1_2bit.v","designFilesOsu","v","mux, logic",1462362557.47565,5,2,"n.a."
"mux2to1_3bit",20,19,"./designFilesNangate/mux2to1_3bit.v","designFilesNangate","v","mux, logic",1462362555.91652,7,3,0
"mux2to1_3bit",22,24,"./designFilesOsu/mux2to1_3bit.v","designFilesOsu","v","mux, logic",1462362557.47865,7,3,"n.a."
"mux2to1_4bit",8,4,"./designFilesNangate/mux2to1_4bit.v","designFilesNangate","v","mux, logic",1462362555.91951,9,4,0
"mux2to1_4bit",4,0,"./designFilesOsu/mux2to1_4bit.v","designFilesOsu","v","mux, logic",1462362557.48166,9,4,"n.a."
"mux2to1_5bit",32,31,"./designFilesNangate/mux2to1_5bit.v","designFilesNangate","v","mux, logic",1462362555.92252,11,5,"{}"
"mux2to1_5bit",36,40,"./designFilesOsu/mux2to1_5bit.v","designFilesOsu","v","mux, logic",1462362557.48565,11,5,"n.a."
"mux2to1_6bit",38,37,"./designFilesNangate/mux2to1_6bit.v","designFilesNangate","v","mux, logic",1462362555.92552,13,6,"{}"
"mux2to1_6bit",43,48,"./designFilesOsu/mux2to1_6bit.v","designFilesOsu","v","mux, logic",1462362557.48866,13,6,"{}"
"mux2to1_7bit",50,56,"./designFilesOsu/mux2to1_7bit.v","designFilesOsu","v","mux, logic",1462362557.49165,15,7,"n.a."
"mux2to1_7bit",44,43,"./designFilesNangate/mux2to1_7bit.v","designFilesNangate","v","mux, logic",1462362555.92852,15,7,"n.a."
"mux2to1_8bit",50,49,"./designFilesNangate/mux2to1_8bit.v","designFilesNangate","v","mux, logic",1462362555.93152,17,8,"n.a."
"mux2to1_8bit",57,64,"./designFilesOsu/mux2to1_8bit.v","designFilesOsu","v","mux, logic",1462362557.49565,17,8,"n.a."
"mux4to1_1bit",18,21,"./designFilesOsu/mux4to1_1bit.v","designFilesOsu","v","mux, logic",1462362557.50466,6,1,"n.a."
"mux4to1_1bit",10,10,"./designFilesNangate/mux4to1_1bit.v","designFilesNangate","v","mux, logic",1462362555.93452,6,1,"n.a."
"mux4to1_2bit",18,21,"./designFilesOsu/mux4to1_2bit.v","designFilesOsu","v","mux, logic",1462362557.50965,10,2,0
"mux4to1_2bit",11,10,"./designFilesNangate/mux4to1_2bit.v","designFilesNangate","v","mux, logic",1524751030.22413,10,2,"{}"
"Nand2bit",8,6,"./designFilesOsu/Nand2bit.v","designFilesOsu","v","nand, logic",1462362556.41956,4,2,"{}"
"Nand2bit",8,6,"./designFilesNangate/Nand2bit.v","designFilesNangate","v","nand, logic",1462362555.13144,4,2,"{}"
"Nand3_3bit",15,12,"./designFilesNangate/Nand3_3bit.v","designFilesNangate","v","nand, logic",1462362555.13444,9,3,"{}"
"Nand3_3bit",18,15,"./designFilesOsu/Nand3_3bit.v","designFilesOsu","v","nand, logic",1462362556.42357,9,3,"{}"
"Nand3_4bit",20,16,"./designFilesNangate/Nand3_4bit.v","designFilesNangate","v","nand, logic",1462362555.13745,12,4,"{}"
"Nand3_4bit",24,20,"./designFilesOsu/Nand3_4bit.v","designFilesOsu","v","nand, logic",1462362556.42756,12,4,"n.a."
"Nand3_5bit",30,25,"./designFilesOsu/Nand3_5bit.v","designFilesOsu","v","nand, logic",1462362556.43056,15,5,"{}"
"Nand3_5bit",25,20,"./designFilesNangate/Nand3_5bit.v","designFilesNangate","v","nand, logic",1462362555.14044,15,5,"{}"
"Nand3_6bit",30,24,"./designFilesNangate/Nand3_6bit.v","designFilesNangate","v","nand, logic",1462362555.14344,18,6,"{}"
"Nand3_6bit",36,30,"./designFilesOsu/Nand3_6bit.v","designFilesOsu","v","nand, logic",1462362556.43356,18,6,0
"Nand3_7bit",35,28,"./designFilesNangate/Nand3_7bit.v","designFilesNangate","v","nand, logic",1462362555.14644,21,7,"{}"
"Nand3_7bit",42,35,"./designFilesOsu/Nand3_7bit.v","designFilesOsu","v","nand, logic",1462362556.43657,21,7,"{}"
"Nand3_8bit",40,32,"./designFilesNangate/Nand3_8bit.v","designFilesNangate","v","nand, logic",1462362555.14944,24,8,"{}"
"Nand3_8bit",48,40,"./designFilesOsu/Nand3_8bit.v","designFilesOsu","v","nand, logic",1462362556.44056,24,8,"{}"
"Nand3bit",12,9,"./designFilesNangate/Nand3bit.v","designFilesNangate","v","nand, logic",1462362555.15245,6,3,"{}"
"Nand3bit",12,9,"./designFilesOsu/Nand3bit.v","designFilesOsu","v","nand, logic",1462362556.44359,6,3,"{}"
"Nand4bit",16,12,"./designFilesNangate/Nand4bit.v","designFilesNangate","v","nand, logic",1462362555.15545,8,4,"{}"
"Nand4bit",16,12,"./designFilesOsu/Nand4bit.v","designFilesOsu","v","nand, logic",1462362556.44656,8,4,"n.a."
"Nand5bit",20,15,"./designFilesNangate/Nand5bit.v","designFilesNangate","v","nand, logic",1462362555.16545,10,5,"{}"
"Nand5bit",20,15,"./designFilesOsu/Nand5bit.v","designFilesOsu","v","nand, logic",1462362556.44956,10,5,"{}"
"Nand6bit",24,18,"./designFilesOsu/Nand6bit.v","designFilesOsu","v","nand, logic",1462362556.45256,12,6,"n.a."
"Nand6bit",24,18,"./designFilesNangate/Nand6bit.v","designFilesNangate","v","nand, logic",1524751030.23613,12,6,0
"Nand7bit",28,21,"./designFilesNangate/Nand7bit.v","designFilesNangate","v","nand, logic",1462362555.17145,14,7,"{}"
"Nand7bit",28,21,"./designFilesOsu/Nand7bit.v","designFilesOsu","v","nand, logic",1462362556.45656,14,7,"{}"
"Nand8bit",32,24,"./designFilesOsu/Nand8bit.v","designFilesOsu","v","nand, logic",1462362556.45956,16,8,"{}"
"Nand8bit",32,24,"./designFilesNangate/Nand8bit.v","designFilesNangate","v","nand, logic",1462362555.17445,16,8,"{}"
"Nor3_3bit",15,12,"./designFilesNangate/Nor3_3bit.v","designFilesNangate","v","nor, logic",1462362555.17745,9,3,0
"Nor3_3bit",21,18,"./designFilesOsu/Nor3_3bit.v","designFilesOsu","v","nor, logic",1462362556.46256,9,3,"n.a."
"Nor3_4bit",28,24,"./designFilesOsu/Nor3_4bit.v","designFilesOsu","v","nor, logic",1462362556.46556,12,4,"n.a."
"Nor3_4bit",20,16,"./designFilesNangate/Nor3_4bit.v","designFilesNangate","v","nor, logic",1462362555.18145,12,4,"{}"
"Nor3_5bit",25,20,"./designFilesNangate/Nor3_5bit.v","designFilesNangate","v","nor, logic",1462362555.18445,15,5,0
"Nor3_5bit",35,30,"./designFilesOsu/Nor3_5bit.v","designFilesOsu","v","nor, logic",1462362556.46856,15,5,"{}"
"Nor3_6bit",42,36,"./designFilesOsu/Nor3_6bit.v","designFilesOsu","v","nor, logic",1462362556.47157,18,6,"{}"
"Nor3_6bit",30,24,"./designFilesNangate/Nor3_6bit.v","designFilesNangate","v","nor, logic",1462362555.18745,18,6,"{}"
"Nor3_7bit",35,28,"./designFilesNangate/Nor3_7bit.v","designFilesNangate","v","nor, logic",1462362555.19045,21,7,"{}"
"Nor3_7bit",49,42,"./designFilesOsu/Nor3_7bit.v","designFilesOsu","v","nor, logic",1462362556.47556,21,7,"{}"
"Nor3_8bit",40,32,"./designFilesNangate/Nor3_8bit.v","designFilesNangate","v","nor, logic",1462362555.19345,24,8,"{}"
"Nor3_8bit",56,48,"./designFilesOsu/Nor3_8bit.v","designFilesOsu","v","nor, logic",1462362556.47856,24,8,"n.a."
"Nor3bit",12,9,"./designFilesOsu/Nor3bit.v","designFilesOsu","v","nor, logic",1462362556.48156,6,3,"{}"
"Nor3bit",12,9,"./designFilesNangate/Nor3bit.v","designFilesNangate","v","nor, logic",1462362555.19645,6,3,"{}"
"Nor4bit",16,12,"./designFilesOsu/Nor4bit.v","designFilesOsu","v","nor, logic",1462362556.48856,8,4,"n.a."
"Nor4bit",16,12,"./designFilesNangate/Nor4bit.v","designFilesNangate","v","nor, logic",1462362555.19846,8,4,"{}"
"Nor5bit",20,15,"./designFilesOsu/Nor5bit.v","designFilesOsu","v","nor, logic",1462362556.49256,10,5,"{}"
"Nor5bit",20,15,"./designFilesNangate/Nor5bit.v","designFilesNangate","v","nor, logic",1462362555.20146,10,5,"{}"
"Nor6bit",24,18,"./designFilesOsu/Nor6bit.v","designFilesOsu","v","nor, logic",1462362556.49556,12,6,"{}"
"Nor6bit",24,18,"./designFilesNangate/Nor6bit.v","designFilesNangate","v","nor, logic",1524751029.79213,12,6,0
"Nor7bit",28,21,"./designFilesOsu/Nor7bit.v","designFilesOsu","v","nor, logic",1462362556.49857,14,7,"{}"
"Nor7bit",28,21,"./designFilesNangate/Nor7bit.v","designFilesNangate","v","nor, logic",1462362555.20846,14,7,"n.a."
"Nor8bit",32,24,"./designFilesOsu/Nor8bit.v","designFilesOsu","v","nor, logic",1462362556.50157,16,8,"{}"
"Nor8bit",32,24,"./designFilesNangate/Nor8bit.v","designFilesNangate","v","nor, logic",1462362555.21245,16,8,"n.a."
"Or16bit",64,48,"./designFilesOsu/Or16bit.v","designFilesOsu","v","or, logic",1462362556.50557,32,16,"{}"
"Or3_3bit",21,18,"./designFilesOsu/Or3_3bit.v","designFilesOsu","v","or, logic",1462362556.50857,9,3,"n.a."
"Or3_3bit",15,12,"./designFilesNangate/Or3_3bit.v","designFilesNangate","v","or, logic",1524751030.64413,9,3,"{}"
"Or3_4bit",20,16,"./designFilesNangate/Or3_4bit.v","designFilesNangate","v","or, logic",1462362555.21945,12,4,"{}"
"Or3_4bit",28,24,"./designFilesOsu/Or3_4bit.v","designFilesOsu","v","or, logic",1462362556.51157,12,4,"{}"
"Or3_5bit",35,30,"./designFilesOsu/Or3_5bit.v","designFilesOsu","v","or, logic",1462362556.51457,15,5,"n.a."
"Or3_5bit",25,20,"./designFilesNangate/Or3_5bit.v","designFilesNangate","v","or, logic",1462362555.22245,15,5,"{}"
"Or3_6bit",30,24,"./designFilesNangate/Or3_6bit.v","designFilesNangate","v","or, logic",1462362555.22545,18,6,"{}"
"Or3_6bit",42,36,"./designFilesOsu/Or3_6bit.v","designFilesOsu","v","or, logic",1462362556.51757,18,6,"n.a."
"Or3_7bit",35,28,"./designFilesNangate/Or3_7bit.v","designFilesNangate","v","or, logic",1524751030.86013,21,7,0
"Or3_7bit",49,42,"./designFilesOsu/Or3_7bit.v","designFilesOsu","v","or, logic",1462362556.52157,21,7,"n.a."
"Or3_8bit",40,32,"./designFilesNangate/Or3_8bit.v","designFilesNangate","v","or, logic",1524751030.86013,24,8,"{}"
"Or3_8bit",56,48,"./designFilesOsu/Or3_8bit.v","designFilesOsu","v","or, logic",1462362556.52457,24,8,"{}"
"Or3bit",12,9,"./designFilesOsu/Or3bit.v","designFilesOsu","v","or, logic",1462362556.52757,6,3,"{}"
"Or3bit",12,9,"./designFilesNangate/Or3bit.v","designFilesNangate","v","or, logic",1524751030.24013,6,3,"{}"
"Or4bit",16,12,"./designFilesNangate/Or4bit.v","designFilesNangate","v","or, logic",1462362555.24545,8,4,"{}"
"Or4bit",16,12,"./designFilesOsu/Or4bit.v","designFilesOsu","v","or, logic",1462362556.53057,8,4,0
"Or5bit",20,15,"./designFilesOsu/Or5bit.v","designFilesOsu","v","or, logic",1510328836.31226,10,5,"{}"
"Or5bit",20,15,"./designFilesNangate/Or5bit.v","designFilesNangate","v","or, logic",1462362555.24846,10,5,"{}"
"Or6bit",24,18,"./designFilesOsu/Or6bit.v","designFilesOsu","v","or, logic",1462362556.53657,12,6,"{}"
"Or6bit",24,18,"./designFilesNangate/Or6bit.v","designFilesNangate","v","or, logic",1462362555.25146,12,6,"{}"
"Or7bit",28,21,"./designFilesNangate/Or7bit.v","designFilesNangate","v","or, logic",1462362555.25545,14,7,"{}"
"Or7bit",28,21,"./designFilesOsu/Or7bit.v","designFilesOsu","v","or, logic",1462362556.54057,14,7,"n.a."
"Or8bit",32,24,"./designFilesNangate/Or8bit.v","designFilesNangate","v","or, logic",1462362555.25846,16,8,"{}"
"Or8bit",32,24,"./designFilesOsu/Or8bit.v","designFilesOsu","v","or, logic",1462362556.54358,16,8,"n.a."
"osu035_osu035_automated_osu035_amber_latest_final_a25_coprocessor",1028,1978,"./automated_osu035/osu035_osu035_automated_osu035_amber_latest_final_a25_coprocessor.v","automated_osu035","v","cpu, coprocessor",1521101659.19521,95,66,0
"osu035_osu035_automated_osu035_des_latest_final_key_sel3",1934,4572,"./automated_osu035/osu035_osu035_automated_osu035_des_latest_final_key_sel3.v","automated_osu035","v","key, crypto, aes",1521101635.61145,175,48,0
"osu035_osu035_automated_osu035_des_latest_final_sbox4",151,350,"./automated_osu035/osu035_osu035_automated_osu035_des_latest_final_sbox4.v","automated_osu035","v","aes, crypto, sbox",1521101640.3314,6,4,0
"osu035_osu035_automated_osu035_pairing_latest_final_f33m_mux3",5241,6402,"./automated_osu035/osu035_osu035_automated_osu035_pairing_latest_final_f33m_mux3.v","automated_osu035","v","mux",1521101635.74745,1749,582,0
"p_box",64,32,"./designFilesNangate/p_box.v","designFilesNangate","v",,1462362556.07153,32,32,0
"pipe_equal",329,424,"./designFilesOsu/pipe_equal.v","designFilesOsu","v",,1462362557.53066,130,1,"n.a."
"pipeline_add",274,473,"./designFilesOsu/pipeline_add.v","designFilesOsu","v","add, arithmetic",1462362557.53466,42,20,"{}"
"pipeline_add",211,386,"./designFilesNangate/pipeline_add.v","designFilesNangate","v","add, arithmetic",1524751030.22813,42,20,"{}"
"pipeline_add_msb",275,474,"./designFilesOsu/pipeline_add_msb.v","designFilesOsu","v","add, arithmetic",1462362557.53766,42,21,"n.a."
"present_encryptor_top",1771,2953,"./osu018/present_encryptor_top.v","osu018","v","topfile",1478707331.07597,83,64,"{}"
"prio_encode",27,36,"./designFilesOsu/prio_encode.v","designFilesOsu","v",,1462362557.54166,6,3,"n.a."
"RCAdder",42,61,"./designFilesOsu/RCAdder.v","designFilesOsu","v","add, arithmetic",1510315085.31344,9,5,"n.a."
"RCAdder",34,45,"./designFilesNangate/RCAdder.v","designFilesNangate","v","add, arithmetic",1524751030.86013,9,5,0
"RCAdder10bit",86,132,"./designFilesNangate/RCAdder10bit.v","designFilesNangate","v","add, arithmetic",1462362555.26446,21,11,"{}"
"RCAdder10bit",111,159,"./designFilesOsu/RCAdder10bit.v","designFilesOsu","v","add, arithmetic",1462362556.55057,21,11,"n.a."
"RCAdder11bit",104,171,"./designFilesNangate/RCAdder11bit.v","designFilesNangate","v","add, arithmetic",1524751030.66813,23,12,0
"RCAdder11bit",128,184,"./designFilesOsu/RCAdder11bit.v","designFilesOsu","v","add, arithmetic",1462362556.55357,23,12,"{}"
"RCAdder12bit",104,165,"./designFilesNangate/RCAdder12bit.v","designFilesNangate","v","add, arithmetic",1462362555.27146,25,13,"{}"
"RCAdder12bit",134,193,"./designFilesOsu/RCAdder12bit.v","designFilesOsu","v","add, arithmetic",1462362556.56458,25,13,"n.a."
"RCAdder13bit",152,219,"./designFilesOsu/RCAdder13bit.v","designFilesOsu","v","add, arithmetic",1462362556.56857,27,14,"{}"
"RCAdder13bit",111,175,"./designFilesNangate/RCAdder13bit.v","designFilesNangate","v","add, arithmetic",1462362555.27446,27,14,"{}"
"RCAdder14bit",123,194,"./designFilesNangate/RCAdder14bit.v","designFilesNangate","v","add, arithmetic",1462362555.27746,29,15,"{}"
"RCAdder14bit",165,238,"./designFilesOsu/RCAdder14bit.v","designFilesOsu","v","add, arithmetic",1462362556.57257,29,15,"{}"
"RCAdder15bit",182,263,"./designFilesOsu/RCAdder15bit.v","designFilesOsu","v","add, arithmetic",1462362556.57658,31,16,"{}"
"RCAdder15bit",141,236,"./designFilesNangate/RCAdder15bit.v","designFilesNangate","v","add, arithmetic",1462362555.28146,31,16,"{}"
"RCAdder16bit",142,220,"./designFilesNangate/RCAdder16bit.v","designFilesNangate","v","add, arithmetic",1462362555.28446,33,17,"{}"
"RCAdder16bit",196,284,"./designFilesOsu/RCAdder16bit.v","designFilesOsu","v","add, arithmetic",1462362556.58057,33,17,"n.a."
"RCAdder24bit",221,354,"./designFilesNangate/RCAdder24bit.v","designFilesNangate","v","add, arithmetic",1462362555.28746,49,25,"{}"
"RCAdder24bit",306,448,"./designFilesOsu/RCAdder24bit.v","designFilesOsu","v","add, arithmetic",1462362556.58357,49,25,"n.a."
"RCAdder32bit",431,630,"./designFilesOsu/RCAdder32bit.v","designFilesOsu","v","add, arithmetic",1462362556.58758,65,33,"{}"
"RCAdder32bit",384,570,"./osu018/RCAdder32bit.v","osu018","v","add, arithmetic",1478707331.13598,65,33,"n.a."
"RCAdder32bit",309,495,"./designFilesNangate/RCAdder32bit.v","designFilesNangate","v","add, arithmetic",1462362555.29146,65,33,"n.a."
"RCAdder3bit",25,34,"./designFilesNangate/RCAdder3bit.v","designFilesNangate","v","add, arithmetic",1462362555.29446,7,4,"n.a."
"RCAdder3bit",30,40,"./designFilesOsu/RCAdder3bit.v","designFilesOsu","v","add, arithmetic",1462362556.59158,7,4,"{}"
"RCAdder4bit",35,52,"./designFilesNangate/RCAdder4bit.v","designFilesNangate","v","add, arithmetic",1462362555.29746,9,5,"{}"
"RCAdder4bit",38,51,"./designFilesOsu/RCAdder4bit.v","designFilesOsu","v","add, arithmetic",1462362556.59457,9,5,"n.a."
"RCAdder5bit",41,59,"./designFilesNangate/RCAdder5bit.v","designFilesNangate","v","add, arithmetic",1524751030.22813,11,6,0
"RCAdder5bit",53,74,"./designFilesOsu/RCAdder5bit.v","designFilesOsu","v","add, arithmetic",1462362556.59758,11,6,"{}"
"RCAdder6bit",50,78,"./designFilesNangate/RCAdder6bit.v","designFilesNangate","v","add, arithmetic",1462362555.30746,13,7,"n.a."
"RCAdder6bit",61,85,"./designFilesOsu/RCAdder6bit.v","designFilesOsu","v","add, arithmetic",1462362556.60157,13,7,"n.a."
"RCAdder7bit",78,110,"./designFilesOsu/RCAdder7bit.v","designFilesOsu","v","add, arithmetic",1462362556.60457,15,8,"n.a."
"RCAdder7bit",60,91,"./designFilesNangate/RCAdder7bit.v","designFilesNangate","v","add, arithmetic",1462362555.31246,15,8,"{}"
"RCAdder8bit",93,131,"./designFilesOsu/RCAdder8bit.v","designFilesOsu","v","add, arithmetic",1462362556.60758,17,9,"n.a."
"RCAdder8bit",68,102,"./designFilesNangate/RCAdder8bit.v","designFilesNangate","v","add, arithmetic",1524751030.86013,17,9,0
"RCAdder9bit",103,146,"./designFilesOsu/RCAdder9bit.v","designFilesOsu","v","add, arithmetic",1462362556.61058,19,10,"{}"
"RCAdder9bit",76,115,"./designFilesNangate/RCAdder9bit.v","designFilesNangate","v","add, arithmetic",1462362555.31947,19,10,"{}"
"RCSub4bit",55,77,"./designFilesOsu/RCSub4bit.v","designFilesOsu","v","sub, arithmetic",1462362556.62659,9,5,"n.a."
"RCSub4bit",41,61,"./designFilesNangate/RCSub4bit.v","designFilesNangate","v","sub, arithmetic",1462362555.32346,9,5,"{}"
"REG_FILE",4849,13243,"./designFilesNangate/REG_FILE.v","designFilesNangate","v","register, memory",1524751030.85613,50,64,"{}"
"REG_FILE",7007,17497,"./designFilesOsu/REG_FILE.v","designFilesOsu","v","register, memory",1506006570.68048,50,64,"{}"
"round",10940,20508,"./designFilesOsu/round.v","designFilesOsu","v","crypto, des",1462362557.56467,160,64,"n.a."
"round",7620,17580,"./designFilesNangate/round.v","designFilesNangate","v","crypto, des",1462362556.08653,160,64,"n.a."
"round",9008,16900,"./osu018/round.v","osu018","v","crypto, des",1478707331.53802,160,64,"n.a."
"round_des",1154,2538,"./designFilesNangate/round_des.v","designFilesNangate","v","crypto, des",1524751030.86813,134,120,"{}"
"round_des",1792,3040,"./designFilesOsu/round_des.v","designFilesOsu","v","crypto, des",1462362557.57167,134,120,"n.a."
"round_small",604,1392,"./designFilesNangate/round_small.v","designFilesNangate","v","crypto, des",1462362556.09153,40,16,"{}"
"round_small",896,1608,"./designFilesOsu/round_small.v","designFilesOsu","v","crypto, des",1462362557.57666,40,16,"{}"
"round_small",752,1336,"./osu018/round_small.v","osu018","v","crypto, des",1478707331.22499,40,16,"n.a."
"router",349,493,"./designFilesOsu/router.v","designFilesOsu","v","crypto, des",1462362557.58266,60,30,"n.a."
"router",222,407,"./designFilesNangate/router.v","designFilesNangate","v","crypto, des",1524751029.79213,60,30,0
"s_box",220,401,"./designFilesNangate/s_box.v","designFilesNangate","v","crypto, aes, sbox",1462362556.10754,48,32,0
"s1_box",154,363,"./designFilesNangate/s1_box.v","designFilesNangate","v","crypto, aes, sbox",1462362556.09954,6,4,"{}"
"s298",86,176,"./designFilesOsu/s298.v","designFilesOsu","v",,1511263901.51459,4,6,"{}"
"s298",86,176,"./designFilesOsu/not_bench/s298.v","designFilesOsu","v",,1506006571.75858,4,6,"n.a."
"s298",130,205,"./designFilesOsu/s298.bench","designFilesOsu","bench",,1511263595.17373,3,6,"{}"
"s8_box",8,4,"./designFilesNangate/s8_box.v","designFilesNangate","v",,1462362556.10353,6,4,0
"sbox_small",33,57,"./designFilesNangate/sbox_small.v","designFilesNangate","v","aes, crypto, sbox",1462362556.14053,5,5,"{}"
"sbox_small",57,93,"./designFilesOsu/sbox_small.v","designFilesOsu","v","aes, crypto, sbox",1462362557.61967,5,5,"{}"
"sbox1",183,342,"./designFilesOsu/sbox1.v","designFilesOsu","v","aes, crypto, sbox",1462362557.58667,6,4,"n.a."
"sbox1",119,347,"./designFilesNangate/sbox1.v","designFilesNangate","v","aes, crypto, sbox",1462362556.11353,6,4,"{}"
"sbox2",98,285,"./designFilesNangate/sbox2.v","designFilesNangate","v","aes, crypto, sbox",1462362556.11653,6,4,"{}"
"sbox2",182,340,"./designFilesOsu/sbox2.v","designFilesOsu","v","aes, crypto, sbox",1462362557.59167,6,4,"{}"
"sbox3",177,329,"./designFilesOsu/sbox3.v","designFilesOsu","v","aes, crypto, sbox",1462362557.59567,6,4,"{}"
"sbox3",98,274,"./designFilesNangate/sbox3.v","designFilesNangate","v","aes, crypto, sbox",1462362556.11953,6,4,"n.a."
"sbox4",101,284,"./designFilesNangate/sbox4.v","designFilesNangate","v","aes, crypto, sbox",1462362556.12353,6,4,"n.a."
"sbox4",181,340,"./designFilesOsu/sbox4.v","designFilesOsu","v","aes, crypto, sbox",1462362557.59967,6,4,"{}"
"sbox5",183,343,"./designFilesOsu/sbox5.v","designFilesOsu","v","aes, crypto, sbox",1462362557.60466,6,4,"{}"
"sbox5",102,299,"./designFilesNangate/sbox5.v","designFilesNangate","v","aes, crypto, sbox",1524751030.85613,6,4,0
"sbox6",181,339,"./designFilesOsu/sbox6.v","designFilesOsu","v","aes, crypto, sbox",1462362557.60866,6,4,"n.a."
"sbox6",97,282,"./designFilesNangate/sbox6.v","designFilesNangate","v","aes, crypto, sbox",1462362556.13053,6,4,"{}"
"sbox7",106,302,"./designFilesNangate/sbox7.v","designFilesNangate","v","aes, crypto, sbox",1462362556.13354,6,4,"{}"
"sbox7",181,337,"./designFilesOsu/sbox7.v","designFilesOsu","v","aes, crypto, sbox",1462362557.61167,6,4,"{}"
"sbox8",185,345,"./designFilesOsu/sbox8.v","designFilesOsu","v","aes, crypto, sbox",1462362557.61666,6,4,"{}"
"sbox8",116,328,"./designFilesNangate/sbox8.v","designFilesNangate","v","aes, crypto, sbox",1462362556.13753,6,4,"{}"
"sboxes",814,2171,"./designFilesNangate/sboxes.v","designFilesNangate","v","aes, crypto, sbox",1524751030.64813,48,32,0
"sboxes",1480,2752,"./designFilesOsu/sboxes.v","designFilesOsu","v","aes, crypto, sbox",1462362557.62566,48,32,"n.a."
"SELECT_NOT_8",49,56,"./designFilesNangate/SELECT_NOT_8.v","designFilesNangate","v",,1462362555.32646,17,8,"{}"
"SELECT_NOT_8",57,64,"./designFilesOsu/SELECT_NOT_8.v","designFilesOsu","v",,1462362556.63058,17,8,"{}"
"sha1",10248,19362,"./osu018/sha1.v","osu018","v",,1478707331.84604,38,36,"n.a."
"sha3_f_permutation",38735,86158,"./designFilesOsu/sha3_f_permutation.v","designFilesOsu","v",,1506006571.73259,579,1602,"{}"
"sha3_f_permutation",18043,35517,"./designFilesNangate/sha3_f_permutation.v","designFilesNangate","v",,1504541154.58566,579,1602,0
"sha3_rconst",58,96,"./designFilesNangate/sha3_rconst.v","designFilesNangate","v",,1524751030.86413,24,64,0
"shift_rows",256,128,"./designFilesNangate/shift_rows.v","designFilesNangate","v",,1524751030.23213,128,128,0
"shift_rows",0,0,"./designFilesOsu/shift_rows.v","designFilesOsu","v",,1462362557.62967,128,128,0
"Simon_bit_serial_datapath_FPGA",603,1177,"./osu018/Simon_bit_serial_datapath_FPGA.v","osu018","v",,1478707331.92605,6,7,"n.a."
"Simon_bit_serial_top_module_FPGA",1277,2519,"./osu018/Simon_bit_serial_top_module_FPGA.v","osu018","v","topfile",1478707332.05606,4,1,"{}"
"six_three_comp",70,120,"./designFilesOsu/six_three_comp.v","designFilesOsu","v",,1462362557.63367,6,3,"{}"
"six_three_comp",35,76,"./designFilesNangate/six_three_comp.v","designFilesNangate","v",,1524751030.86813,6,3,0
"spi_axi_master",2035,4074,"./designFilesOsu/spi_axi_master.v","designFilesOsu","v","axi",1506006571.02252,42,113,"n.a."
"spi_axi_slave",231,489,"./designFilesOsu/spi_axi_slave.v","designFilesOsu","v","axi",1506006571.03352,113,40,0
"split_add",228,328,"./designFilesOsu/split_add.v","designFilesOsu","v","add, arithmetic",1462362557.63767,40,20,"{}"
"Sub16bit",179,253,"./designFilesOsu/Sub16bit.v","designFilesOsu","v","sub, arithmetic",1462362556.63359,32,16,"n.a."
"Sub3bit",22,27,"./designFilesOsu/Sub3bit.v","designFilesOsu","v","sub, arithmetic",1462362556.66459,6,3,"n.a."
"Sub3bit",19,24,"./designFilesNangate/Sub3bit.v","designFilesNangate","v","sub, arithmetic",1462362555.32946,6,3,"{}"
"Sub4bit",31,39,"./designFilesOsu/Sub4bit.v","designFilesOsu","v","sub, arithmetic",1462362556.67058,8,4,"{}"
"Sub4bit",27,33,"./designFilesNangate/Sub4bit.v","designFilesNangate","v","sub, arithmetic",1462362555.33246,8,4,"n.a."
"Sub4bitnoCin",31,40,"./designFilesNangate/Sub4bitnoCin.v","designFilesNangate","v","sub, arithmetic",1462362555.33646,8,5,"n.a."
"Sub4bitnoCin",42,57,"./designFilesOsu/Sub4bitnoCin.v","designFilesOsu","v","sub, arithmetic",1462362556.67759,8,5,"n.a."
"Sub5bit",45,59,"./designFilesOsu/Sub5bit.v","designFilesOsu","v","sub, arithmetic",1462362556.68758,10,5,"{}"
"Sub5bit",39,54,"./designFilesNangate/Sub5bit.v","designFilesNangate","v","sub, arithmetic",1462362555.33947,10,5,"{}"
"Sub6bit",55,72,"./designFilesOsu/Sub6bit.v","designFilesOsu","v","sub, arithmetic",1462362556.69559,12,6,"n.a."
"Sub6bit",47,67,"./designFilesNangate/Sub6bit.v","designFilesNangate","v","sub, arithmetic",1462362555.34346,12,6,"{}"
"Sub7bit",71,96,"./designFilesOsu/Sub7bit.v","designFilesOsu","v","sub, arithmetic",1462362556.69958,14,7,"{}"
"Sub7bit",57,83,"./designFilesNangate/Sub7bit.v","designFilesNangate","v","sub, arithmetic",1462362555.34646,14,7,"n.a."
"Sub8bit",80,108,"./designFilesOsu/Sub8bit.v","designFilesOsu","v","sub, arithmetic",1462362556.70358,16,8,"{}"
"Sub8bit",65,94,"./designFilesNangate/Sub8bit.v","designFilesNangate","v","sub, arithmetic",1462362555.34947,16,8,"n.a."
"sum_of_3bit_pair",145,266,"./designFilesOsu/sum_of_3bit_pair.v","designFilesOsu","v",,1462362557.64167,6,4,"{}"
"sum_of_3bit_pair",88,212,"./designFilesNangate/sum_of_3bit_pair.v","designFilesNangate","v",,1524751030.65213,6,4,0
"sum_of_64",831,2021,"./designFilesNangate/sum_of_64.v","designFilesNangate","v",,1524751030.23613,64,7,"{}"
"sum_of_64",1548,2861,"./designFilesOsu/sum_of_64.v","designFilesOsu","v",,1462362557.64667,64,7,"{}"
"table_lookup",10629,20556,"./designFilesOsu/table_lookup.v","designFilesOsu","v",,1462362557.66767,33,128,"n.a."
"ternary_add",127,190,"./designFilesOsu/ternary_add.v","designFilesOsu","v","add, arithmetic",1462362557.67167,24,10,"n.a."
"ternary_add",115,177,"./designFilesNangate/ternary_add.v","designFilesNangate","v","add, arithmetic",1524751030.24013,24,10,0
"ternary_sum_nine",536,886,"./designFilesOsu/ternary_sum_nine.v","designFilesOsu","v",,1462362557.67567,73,12,"n.a."
"thirtysix_six_comp",659,1173,"./designFilesOsu/thirtysix_six_comp.v","designFilesOsu","v",,1462362557.67967,36,6,0
"three_two_comp",15,20,"./designFilesOsu/three_two_comp.v","designFilesOsu","v",,1462362557.68367,3,2,"{}"
"trafo",3842,8726,"./designFilesNangate/trafo.v","designFilesNangate","v",,1462362556.14854,128,64,"{}"
"trafo",5406,9998,"./designFilesOsu/trafo.v","designFilesOsu","v",,1462362557.69467,128,64,"{}"
"trafo_small",430,910,"./designFilesOsu/trafo_small.v","designFilesOsu","v",,1506006570.48846,32,16,"{}"
"twelve_four_comp",146,358,"./designFilesNangate/twelve_four_comp.v","designFilesNangate","v",,1524751030.64413,12,4,"{}"
"twelve_four_comp",276,508,"./designFilesOsu/twelve_four_comp.v","designFilesOsu","v",,1462362557.69867,12,4,"n.a."
"UTILITY",2967,6077,"./designFilesOsu/UTILITY.v","designFilesOsu","v",,1506006570.72149,145,66,"{}"
"Xnor3_2bit",24,32,"./designFilesOsu/Xnor3_2bit.v","designFilesOsu","v","xnor, logic",1462362556.70658,6,2,"{}"
"Xnor3_2bit",12,10,"./designFilesNangate/Xnor3_2bit.v","designFilesNangate","v","xnor, logic",1462362555.35346,6,2,"n.a."
"Xnor3_3bit",18,15,"./designFilesNangate/Xnor3_3bit.v","designFilesNangate","v","xnor, logic",1462362555.35647,9,3,"{}"
"Xnor3_3bit",36,48,"./designFilesOsu/Xnor3_3bit.v","designFilesOsu","v","xnor, logic",1462362556.70959,9,3,"n.a."
"Xnor3_4bit",48,64,"./designFilesOsu/Xnor3_4bit.v","designFilesOsu","v","xnor, logic",1462362556.71259,12,4,"n.a."
"Xnor3_4bit",24,20,"./designFilesNangate/Xnor3_4bit.v","designFilesNangate","v","xnor, logic",1524751030.85613,12,4,0
"Xnor3_5bit",30,25,"./designFilesNangate/Xnor3_5bit.v","designFilesNangate","v","xnor, logic",1462362555.36346,15,5,"{}"
"Xnor3_5bit",60,80,"./designFilesOsu/Xnor3_5bit.v","designFilesOsu","v","xnor, logic",1462362556.71659,15,5,"{}"
"Xnor3_6bit",72,96,"./designFilesOsu/Xnor3_6bit.v","designFilesOsu","v","xnor, logic",1462362556.71959,18,6,"{}"
"Xnor3_6bit",36,30,"./designFilesNangate/Xnor3_6bit.v","designFilesNangate","v","xnor, logic",1462362555.36647,18,6,"{}"
"Xnor3_7bit",42,35,"./designFilesNangate/Xnor3_7bit.v","designFilesNangate","v","xnor, logic",1462362555.36947,21,7,"{}"
"Xnor3_7bit",84,112,"./designFilesOsu/Xnor3_7bit.v","designFilesOsu","v","xnor, logic",1462362556.72358,21,7,"n.a."
"Xnor3_8bit",48,40,"./designFilesNangate/Xnor3_8bit.v","designFilesNangate","v","xnor, logic",1462362555.37347,24,8,"{}"
"Xnor3_8bit",96,128,"./designFilesOsu/Xnor3_8bit.v","designFilesOsu","v","xnor, logic",1462362556.72659,24,8,"{}"
"Xnor3bit",18,21,"./designFilesOsu/Xnor3bit.v","designFilesOsu","v","xnor, logic",1462362556.72959,6,3,"n.a."
"Xnor3bit",12,9,"./designFilesNangate/Xnor3bit.v","designFilesNangate","v","xnor, logic",1462362555.38547,6,3,"{}"
"Xnor4bit",24,28,"./designFilesOsu/Xnor4bit.v","designFilesOsu","v","xnor, logic",1462362556.74159,8,4,"n.a."
"Xnor4bit",16,12,"./designFilesNangate/Xnor4bit.v","designFilesNangate","v","xnor, logic",1462362555.38947,8,4,"{}"
"Xnor5bit",20,15,"./designFilesNangate/Xnor5bit.v","designFilesNangate","v","xnor, logic",1462362555.39247,10,5,"{}"
"Xnor5bit",30,35,"./designFilesOsu/Xnor5bit.v","designFilesOsu","v","xnor, logic",1462362556.74459,10,5,"n.a."
"Xnor6bit",36,42,"./designFilesOsu/Xnor6bit.v","designFilesOsu","v","xnor, logic",1462362556.74759,12,6,"n.a."
"Xnor6bit",24,18,"./designFilesNangate/Xnor6bit.v","designFilesNangate","v","xnor, logic",1524751030.65213,12,6,0
"Xnor7bit",28,21,"./designFilesNangate/Xnor7bit.v","designFilesNangate","v","xnor, logic",1462362555.39847,14,7,"{}"
"Xnor7bit",42,49,"./designFilesOsu/Xnor7bit.v","designFilesOsu","v","xnor, logic",1462362556.75059,14,7,"{}"
"Xnor8bit",32,24,"./designFilesNangate/Xnor8bit.v","designFilesNangate","v","xnor, logic",1462362555.40147,16,8,"{}"
"Xnor8bit",48,56,"./designFilesOsu/Xnor8bit.v","designFilesOsu","v","xnor, logic",1462362556.75459,16,8,"{}"
"Xor16bit",96,112,"./designFilesOsu/Xor16bit.v","designFilesOsu","v","xnor, logic",1462362556.75759,32,16,"n.a."
"Xor3_2bit",20,24,"./designFilesOsu/Xor3_2bit.v","designFilesOsu","v","xor, logic",1462362556.76159,6,2,"{}"
"Xor3_2bit",12,10,"./designFilesNangate/Xor3_2bit.v","designFilesNangate","v","xor, logic",1462362555.40447,6,2,"{}"
"Xor3_3bit",30,36,"./designFilesOsu/Xor3_3bit.v","designFilesOsu","v","xor, logic",1462362556.76459,9,3,"{}"
"Xor3_3bit",18,15,"./designFilesNangate/Xor3_3bit.v","designFilesNangate","v","xor, logic",1462362555.40748,9,3,"{}"
"Xor3_4bit",40,48,"./designFilesOsu/Xor3_4bit.v","designFilesOsu","v","xor, logic",1462362556.7676,12,4,"{}"
"Xor3_4bit",24,20,"./designFilesNangate/Xor3_4bit.v","designFilesNangate","v","xor, logic",1462362555.41147,12,4,"{}"
"Xor3_5bit",30,25,"./designFilesNangate/Xor3_5bit.v","designFilesNangate","v","xor, logic",1462362555.41448,15,5,"{}"
"Xor3_5bit",50,60,"./designFilesOsu/Xor3_5bit.v","designFilesOsu","v","xor, logic",1462362556.77159,15,5,"{}"
"Xor3_6bit",36,30,"./designFilesNangate/Xor3_6bit.v","designFilesNangate","v","xor, logic",1462362555.41847,18,6,"{}"
"Xor3_6bit",60,72,"./designFilesOsu/Xor3_6bit.v","designFilesOsu","v","xor, logic",1462362556.77459,18,6,"{}"
"Xor3_7bit",70,84,"./designFilesOsu/Xor3_7bit.v","designFilesOsu","v","xor, logic",1542470566.06635,21,7,0
"Xor3_7bit",42,35,"./designFilesNangate/Xor3_7bit.v","designFilesNangate","v","xor, logic",1462362555.42148,21,7,"{}"
"Xor3_8bit",48,40,"./designFilesNangate/Xor3_8bit.v","designFilesNangate","v","xor, logic",1524751030.24813,24,8,0
"Xor3_8bit",80,96,"./designFilesOsu/Xor3_8bit.v","designFilesOsu","v","xor, logic",1462362556.78659,24,8,"n.a."
"Xor3bit",18,21,"./designFilesOsu/Xor3bit.v","designFilesOsu","v","xor, logic",1462362556.79059,6,3,"{}"
"Xor3bit",12,9,"./designFilesNangate/Xor3bit.v","designFilesNangate","v","xor, logic",1524751029.79213,6,3,0
"Xor4bit",16,12,"./designFilesNangate/Xor4bit.v","designFilesNangate","v","xor, logic",1524751030.66813,8,4,"{}"
"Xor4bit",24,28,"./designFilesOsu/Xor4bit.v","designFilesOsu","v","xor, logic",1462362556.79359,8,4,"n.a."
"Xor5bit",20,15,"./designFilesNangate/Xor5bit.v","designFilesNangate","v","xor, logic",1462362555.43448,10,5,"{}"
"Xor5bit",30,35,"./designFilesOsu/Xor5bit.v","designFilesOsu","v","xor, logic",1462362556.79659,10,5,"{}"
"Xor6bit",24,18,"./designFilesNangate/Xor6bit.v","designFilesNangate","v","xor, logic",1462362555.44147,12,6,"{}"
"Xor6bit",36,42,"./designFilesOsu/Xor6bit.v","designFilesOsu","v","xor, logic",1462362556.79959,12,6,"n.a."
"Xor7bit",42,49,"./designFilesOsu/Xor7bit.v","designFilesOsu","v","xor, logic",1462362556.80259,14,7,"n.a."
"Xor7bit",28,21,"./designFilesNangate/Xor7bit.v","designFilesNangate","v","xor, logic",1524751030.86013,14,7,"{}"
"Xor8bit",32,24,"./designFilesNangate/Xor8bit.v","designFilesNangate","v","xor, logic",1462362555.44847,16,8,"{}"
"Xor8bit",48,56,"./designFilesOsu/Xor8bit.v","designFilesOsu","v","xor, logic",1462362556.80559,16,8,"{}"
"xorop",64,48,"./designFilesNangate/xorop.v","designFilesNangate","v","xor, logic",1524751029.79613,32,16,0
"xorop",96,112,"./designFilesOsu/xorop.v","designFilesOsu","v","xor, logic",1462362557.70867,32,16,0
"xorop_small",24,28,"./designFilesOsu/xorop_small.v","designFilesOsu","v","xor, logic",1462362557.71167,8,4,"n.a."
"xorop_small",16,12,"./designFilesNangate/xorop_small.v","designFilesNangate","v","xor, logic",1462362556.16254,8,4,"n.a."
,,,,,,,,,,
,,,,,,,,,,
,,,,,,,,,,
,,,,,,,,,,
,,,,,,,,,,
,,,,,,,,,,
,,,,,,,,,,
,,,,,,,,,,
,,,,,,,,,,
,,,,,,2838,,,,
