1938
1998
7329
1966
3527
3533
3622
3637
1143
1146
1129
1146
1848
1851
7923
1851
10124
812
2098
9124
8559
859
7316
859
4517
2497
2441
2497
4659
4646
1463
4646
2401
2492
2284
2396
2403
2396
2222
2368
2622
5574
2673
5574
1072
4578
1086
4578
7190
2116
4768
2116
5101
7451
8750
7451
3037
3074
9945
3074
7268
3074
6975
2054
6986
2054
6985
2054
7936
2054
6974
2054
6987
2054
4020
7194
9766
7194
2485
2487
4795
2487
4794
2487
10058
10039
2497
2502
2475
2502
8063
6941
10019
6941
1869
1988
1992
1988
7402
807
10335
10150
6943
4935
1558
4935
4684
7060
4688
7060
1616
2803
2515
2803
3993
2803
1905
2803
2377
2803
9742
2803
4680
2803
5297
2803
1243
2803
1319
2803
4493
2803
1809
2803
1003
2803
1176
2803
1112
2803
4032
2803
3918
2803
7805
2803
2780
2803
4502
2803
1468
2803
9857
2803
4079
2803
1716
2803
1055
2803
4718
2803
4119
2803
3991
2803
969
2803
1674
2803
1281
2803
1134
2803
959
2803
3883
2803
1088
2803
9856
2803
2005
2803
6815
2803
2801
2803
5577
2803
1226
2803
1152
2803
4691
2803
9844
2803
2215
2803
9830
2803
2445
2803
4656
2803
9867
2803
9822
2803
1950
2803
2037
2803
9914
2803
2488
2803
9804
2803
1024
2803
2709
2803
3632
3642
9273
8318
9907
7184
5946
2386
5950
2386
4146
9761
10096
9761
1926
2001
1452
1464
1453
1464
7571
4503
7959
1848
6713
1848
7594
1848
1852
1848
9256
8282
1981
2043
2360
4787
2306
4787
2398
2399
2285
2399
2286
2399
3292
7140
2225
9941
8858
9941
8864
9941
2504
4802
8289
2119
9262
2119
8340
2119
2022
2119
4103
4649
1463
4649
1148
4581
7502
4581
7598
2371
8358
2371
8401
9673
1670
4713
1646
4713
897
914
7802
4617
1262
4617
1188
1213
1216
1213
3433
7448
3184
7448
2949
7448
4072
7448
3132
7448
3046
7448
2279
7448
4763
7448
2159
7448
2663
7448
2462
7448
2000
7448
9817
7448
3423
7448
2913
7448
4149
7448
4820
7448
2065
7448
3135
7448
2800
7448
2378
7448
8649
7373
9350
1969
8429
1969
6717
1969
7999
1969
2100
2332
8568
856
9403
856
8105
10024
801
10024
7745
10024
1304
7864
4248
9423
2705
6575
5291
6575
1117
1149
9314
1149
4297
1149
9330
1149
2458
4797
2239
2389
2401
4792
1680
6938
8315
8277
4048
1991
7302
1991
8334
8321
8334
8321
2313
2327
3928
6470
3344
6470
9196
4622
1694
9145
236
488
521
488
2058
6739
1552
1554
1404
1403
1390
1403
673
674
3616
4873
3641
4873
2972
5368
3020
5368
3140
5396
3174
5396
8777
2574
2543
2574
9252
2574
4799
6308
3947
6308
910
4364
903
4364
1540
1616
3104
3139
3920
5078
2160
5078
1620
6074
1562
6074
8787
3838
1687
1786
1732
1786
8869
9960
3251
3262
8643
8624
10089
8624
7374
8624
3846
5492
2092
5492
4755
4033
7501
4033
8251
4033
4215
5497
2329
5497
7378
7744
7752
7744
2847
5386
2288
5502
4077
5502
547
403
7799
5487
2148
5487
9683
6560
2295
6560
3197
5803
1
424
3241
3257
3270
3257
1667
1768
7225
1768
1724
1796
7597
1796
5699
9373
3060
7075
7651
9974
3705
6311
4798
6311
3023
5371
2912
5371
3334
9183
4134
5117
2159
5117
1234
4305
9797
9723
7045
9723
9569
9723
833
8670
9234
1789
1787
1789
1693
1789
4184
5081
2039
5081
2987
5332
9203
5332
2038
3841
8716
3841
3758
3841
5382
3136
3122
3136
9845
1619
4690
1619
1529
1543
1546
1543
8257
1647
8990
4147
9499
4147
8657
4147
5779
6736
9187
6736
409
370
9193
4967
1672
4967
3840
5399
3173
5399
5977
5327
3014
5327
5928
5122
5934
5122
3613
9740
8736
9740
1581
9740
1776
1799
1834
1799
4233
9500
1643
4972
1497
4972
6689
7753
7385
7753
2656
4152
3619
3665
7549
5389
1392
1652
1655
1652
2845
9902
7150
1771
9181
9030
5985
9030
4445
9030
1294
8157
1280
8157
3671
3676
4278
9419
4345
8874
3409
3411
7974
8363
8526
7272
9378
7272
7676
7272
9712
7272
7691
7272
9148
4727
9142
4727
1282
9137
1320
4623
4480
4623
250
251
2765
6883
6332
6883
1980
2041
2851
2924
8986
1960
10081
1960
133
7431
9852
9256
9222
7088
5983
2980
5988
2980
9574
9575
3368
3548
7604
3548
1202
1227
1204
1227
2340
9696
2211
9696
1005
9696
888
9696
948
9696
9089
9696
9099
9696
1180
9696
8193
9696
9086
9696
9096
9696
5198
9696
1611
9696
9084
9696
9094
9696
9082
9696
935
9696
9090
9696
9100
9696
953
9696
1759
9696
899
9696
7444
9696
839
9696
1247
9696
1042
9696
1300
9696
1509
9696
9088
9696
9098
9696
9091
9696
9101
9696
1447
9696
1353
9696
1604
9696
1897
9696
2048
9696
1114
9696
1763
9696
2195
9696
9080
9696
970
9696
9092
9696
9087
9696
9102
9696
1075
9696
872
9696
8717
9696
923
9696
1623
9696
1649
9696
1094
9696
1678
9696
1921
9696
1058
9696
9085
9696
9095
9696
1156
9696
9078
9696
9081
9696
837
9696
2074
9696
7447
9696
9164
9696
9083
9696
9093
9696
8194
9696
9421
9418
1426
7016
1412
8005
1433
8005
7029
8162
1262
8162
2805
5515
6334
5515
812
6954
807
6954
4257
6954
4262
6954
10108
6954
10111
6954
678
6954
693
6954
5656
6954
5659
6954
4259
6954
4256
6954
826
6954
696
6954
804
6954
806
6954
10110
6954
4261
6954
6930
6954
716
6954
691
6954
688
6954
2251
2313
2311
2313
8826
8808
7255
8808
9943
8808
6434
7098
8755
7098
3808
7098
1236
1232
1199
1232
9137
7066
1293
7066
8759
8239
4497
8239
7520
8239
4848
6459
3299
6459
4294
1105
1106
1105
9950
2249
8411
2249
1987
4025
8064
5705
10063
5705
9711
5705
8006
7267
2767
6893
6345
6893
1819
4732
1916
4732
1706
1710
1692
1710
238
239
143
7433
864
870
869
870
3405
3408
9430
9404
3671
4210
7583
7920
8913
10003
8532
10003
7696
10003
10153
10284
10310
10284
3697
1520
1395
1520
1984
2038
2005
5085
2037
5085
3676
7091
3184
7091
2949
7091
3132
7091
2279
7091
3928
7091
2159
7091
6007
7091
3623
7091
9827
7091
9628
7091
2000
7091
9854
7091
3580
7091
3339
7091
2913
7091
4149
7091
2065
7091
9642
7091
3135
7091
2800
7091
2378
7091
1774
1833
1834
1833
2650
6362
2659
6362
7779
7428
698
7428
3539
3551
2368
3679
2705
3679
2648
3679
2091
3679
9590
3679
2465
3679
4774
3679
2725
3679
4184
3679
1829
3679
2315
3679
1867
3679
2607
3679
1743
3679
2416
3679
3667
3679
4852
3679
3627
3679
2472
3679
3613
3679
2039
3679
3242
3679
9619
3679
1670
3679
2182
3679
2134
3679
3847
3679
2199
3679
2891
3679
3125
3679
8736
3679
1915
3679
1947
3679
3615
3679
4191
3679
3149
3679
3047
3679
3273
3679
9587
3679
3598
3679
3704
3679
3018
3679
3089
3679
3677
3679
1581
3679
1646
3679
2326
3679
1751
3679
3645
3679
3306
3679
4135
3679
7496
3679
5291
3679
3225
3679
2202
3679
9832
3679
3133
3679
3011
3679
5425
3679
3582
3679
2922
3679
2619
3679
5061
3679
2905
3679
3181
3679
2736
3679
1597
3679
2402
5955
4870
6514
3612
6514
9861
7069
2261
2246
2245
2246
555
245
3297
6456
9617
6456
9872
8236
9852
8236
8057
7655
8471
7655
10005
7655
4333
7655
10035
7655
8483
7655
6908
8811
8420
8811
4487
7101
3762
3763
3755
6357
4812
6357
9336
6704
8435
6704
9329
6704
1544
6943
9876
7019
1740
6163
1730
6163
3951
5095
6204
5095
4111
4048
3810
4048
7832
4928
1612
4928
3568
9625
1895
5924
114
218
2763
6588
2945
5980
6972
3919
3829
3919
1528
1541
1546
1541
10162
10309
2284
9889
3234
3843
7404
9006
9009
8659
9010
8659
8661
8659
2177
5123
4148
5123
3189
3218
3393
4420
7036
1729
7956
1729
7662
4229
9334
4229
8847
4229
2391
6818
3960
6818
3277
7680
16
392
642
643
642
10033
9719
9986
9719
8467
9719
2450
5249
4176
5249
3007
5313
4217
5313
3236
9888
2493
2705
4097
6566
2353
6566
2773
6598
2754
6598
7746
9396
8025
9718
7297
9718
6910
9718
9555
750
2504
2515
9598
4051
653
4051
6908
4051
1564
4931
1600
4931
833
4226
9562
4226
6353
6591
5295
6591
1174
4585
1194
4585
7005
3993
446
534
632
534
4377
1538
1513
1538
9719
7235
7983
7235
7628
7235
297
298
7367
6925
10060
6925
5687
8504
8515
8504
9584
8504
7320
8504
9988
8504
1704
1726
1684
1726
3096
3916
3215
3221
679
9009
680
9009
3067
3177
3818
3177
7392
8656
4299
8656
2627
4815
4012
6821
7872
6821
9526
9704
3976
9704
7386
9704
7411
3854
10109
9566
2041
8714
1556
8714
1740
8714
8234
8714
1730
8714
2334
8714
1155
8714
1301
8714
1298
8714
9193
8714
2884
8714
1445
8714
1241
8714
1259
8714
3007
8714
8252
8714
2463
8714
1816
8714
1754
8714
2517
8714
2650
8714
2978
8714
9843
8714
1913
8714
8241
8714
2713
8714
3048
8714
2177
8714
9683
8714
2295
8714
2901
8714
2687
8714
1172
8714
2659
8714
8244
8714
1317
8714
2346
8714
1933
8714
2741
8714
5977
8714
1416
8714
4488
8714
8237
8714
8242
8714
1672
8714
9820
8714
3982
8714
4040
8714
9608
8714
4217
8714
3151
8714
2007
8714
4504
8714
1890
8714
6347
8714
3764
8714
4030
8714
3114
8714
2144
8714
4148
8714
4494
8714
8199
8714
1208
8714
4482
8714
2087
8714
3014
8714
7825
6777
7455
6777
8662
3983
9754
3983
9508
3983
1192
4595
9136
4595
9204
6601
2661
6601
867
9451
830
9451
831
9451
405
442
4685
6782
8262
6782
10039
1975
10014
1975
7025
1975
8908
1975
8933
1975
2866
2955
5240
6569
2464
6569
2808
5246
4176
5246
7548
3182
9350
8837
6717
8837
8854
8837
912
919
2825
2847
2824
2847
1435
4644
9305
843
8399
843
3137
5648
3111
5648
7136
7869
1405
9126
1784
5003
1719
5003
131
139
7935
1144
7205
1144
1141
1144
1051
1048
1016
1048
1487
8745
1383
1501
187
553
4812
2735
7484
2735
9956
1964
1400
7901
8808
7196
4304
7196
8765
2056
2053
2056
6974
2056
7157
2056
9894
7168
3038
3076
3075
3076
649
7948
1448
1469
9507
8610
4391
2114
3967
2114
5577
5576
5733
2394
8378
2394
3290
3605
1382
1491
1019
8258
4015
6438
3245
6438
8904
8842
7272
2852
9994
2852
3791
7120
7259
7625
1342
1328
1325
1328
3141
6423
3117
6423
823
3750
818
3750
828
3750
831
3750
65
145
4514
2384
2383
2384
7115
2384
7940
7186
1357
9755
7343
9755
9448
9755
9455
9755
2310
7891
10051
6970
252
253
9145
6150
1756
6150
9239
5772
7935
5772
1142
5772
7149
5772
6842
2992
2853
2992
972
993
1375
8223
3032
5579
9855
5579
7487
5651
7842
5651
2926
2997
1014
1051
1052
1051
2552
9935
9926
2059
3900
2059
9911
2059
3453
7199
3496
7199
1374
1498
1449
1466
2071
2340
9133
2340
3105
3079
4531
3079
7963
8350
7179
9242
1702
9129
1391
7898
9209
7866
3832
7171
9922
7171
4292
854
1576
4653
3428
4557
3439
4557
7345
1367
4282
1367
9940
7951
7014
2173
2166
2173
7902
2173
68
147
9302
916
850
916
9951
916
915
916
1119
1153
7728
8093
2639
9592
5788
7189
7222
7189
1493
1488
1394
1488
962
4435
946
4435
7925
3002
8778
3002
2977
3002
6000
6441
6008
6441
1166
8261
971
983
8270
5767
9243
5767
2974
2987
1326
1331
1327
1331
120
190
7110
9846
8604
8083
7725
8083
4223
8083
3287
3345
7687
1372
4325
1372
8033
1372
8013
1372
7280
1372
4326
1372
1450
9151
567
563
238
563
3396
7888
720
7888
983
4562
1003
4562
4690
6076
4694
6076
1540
1614
1805
9110
2184
6800
4133
6800
936
4366
9377
4398
8300
2576
9777
2576
7564
2576
6753
2576
3139
5394
3981
5394
3832
3200
9922
3200
675
676
1551
1556
7445
9797
9807
9797
3323
3322
3293
3322
1206
4467
1244
4467
5663
8638
5972
2648
7191
2648
3936
2648
7416
8626
1022
5847
1002
5847
7738
9437
8489
5735
1780
1784
1422
8185
6940
8185
4386
4388
1358
4388
7138
5384
7019
1335
7020
1335
1333
1335
7017
1335
3200
3190
4826
3190
10317
10206
9512
7746
7427
8125
67
154
4747
6790
1891
6790
5303
6620
5589
6620
10084
1794
6976
1794
1008
1025
1022
8195
3742
8195
4158
8195
6747
8195
3732
8195
4027
8195
3733
8195
4013
8195
1500
8195
871
8195
8202
8195
1999
8195
1127
8195
2190
8195
4065
8195
4154
8195
3822
8195
4804
8195
1812
8195
8228
8195
3740
8195
6744
8195
3736
8195
3739
8195
8211
8195
3734
8195
3761
8195
4028
8195
3809
8195
4740
8195
8214
8195
7471
8195
1280
8195
3738
8195
1089
8195
8204
8195
3731
8195
4714
8195
3952
8195
283
458
528
458
3276
3281
8453
3281
1022
5852
8211
5852
1285
4472
4094
4472
7200
3317
3274
3317
7715
4105
8593
4105
7212
7593
7256
7593
7254
7593
10030
7697
9993
7697
10031
7697
9441
7697
3115
6395
9879
6395
7702
7692
60
143
4403
4401
7755
8629
3702
5173
4129
5173
1954
5057
2010
5057
1991
3870
3967
3870
8380
2579
8385
2579
2547
2579
2614
2651
3229
5997
1278
4369
104
8641
1496
1559
1548
1559
1317
6734
4494
6734
3099
5992
3187
5992
2615
2772
678
679
2958
5340
2883
5340
5915
6079
7879
6079
7551
3134
7131
3134
9637
3134
2138
5062
1718
1740
10299
10248
4048
4391
1837
4391
100
4233
1367
7687
4283
7687
7695
7687
9918
7583
5987
6385
3790
6385
9435
7702
9515
7749
4266
7749
3721
7749
8741
7813
8046
8865
7327
8865
7670
8865
10050
3278
7723
3278
9470
3278
9464
3278
4527
5987
4818
5987
5292
2767
2766
2767
3214
6002
762
763
398
430
565
430
209
215
213
215
1082
8217
8242
5910
4504
5910
1417
8181
4485
8181
8043
8876
6909
9598
297
479
417
479
2069
2070
1976
2070
7938
7933
3671
3674
3256
3295
8524
3037
9588
3037
7325
3037
4124
3037
8052
3037
1114
9047
57
133
9091
1033
7168
9581
6460
9581
837
838
7187
2926
2917
2926
8387
2231
2230
2231
8368
2231
7590
2231
3132
5633
3046
5633
7241
8290
4228
5537
6349
5537
2025
2020
7999
2020
10160
10287
10148
10287
6909
6709
7300
6709
7607
3285
3327
3285
8336
3285
914
6956
9145
6956
1153
6956
6991
6956
1736
6956
4655
6956
985
6956
4744
6956
2703
6956
4687
6956
4749
6956
962
6956
1316
6956
7478
6956
1599
6956
1756
6956
946
6956
1032
6956
1534
6956
1277
6956
2763
6956
4695
6956
1074
6956
979
6956
9622
6956
1054
6956
4658
6956
4689
6956
1186
6956
1091
6956
4120
6956
5902
6956
2490
6956
1206
6956
1111
6956
4704
6956
2379
6956
2518
6956
922
6956
1472
6956
2081
6956
2275
6956
4167
6956
2348
6956
1444
6956
2155
6956
2301
6956
1021
6956
2192
6956
3932
6956
1825
6956
7027
6956
4641
6956
4157
6956
1159
6956
999
6956
932
6956
2789
6956
1244
6956
2331
6956
4484
6956
1418
6956
4477
6956
4743
6956
1130
6956
4754
6956
2547
9947
2020
7014
402
485
162
485
429
485
2043
9599
4152
9599
3827
9599
1598
9599
1470
9599
9837
9599
1422
9599
3908
9599
2280
9599
1826
9599
4022
9599
4196
9599
4746
9599
3224
9599
4683
9599
4063
9599
3201
9599
6205
9599
3164
9599
6940
9599
6754
9599
9848
9599
3123
9599
4627
9599
2605
9599
4717
9599
6915
9599
9868
9599
2106
9599
4097
9599
3030
9599
1533
9599
6838
9599
1583
9599
2353
9599
4800
9599
4758
9599
3021
9599
2907
9599
8220
9599
3806
9599
2798
9599
3179
9599
3259
9599
3165
9599
4698
9599
5298
9599
3045
9599
1918
9599
8224
9599
2700
9599
4090
9599
2179
9599
6953
9599
2960
9599
1253
9599
2491
9599
3842
9599
1555
9599
5938
9599
9847
9599
1785
9599
2620
9599
6244
9599
2454
9599
1778
9599
8296
8222
9905
8222
3345
5455
3342
5455
208
209
4305
1273
4307
1273
7219
1273
1230
1273
3572
6519
3552
6519
8777
8300
6739
2253
993
2253
2059
2253
4369
2253
920
2253
3891
2253
891
2253
933
2253
1150
2253
5198
2253
978
2253
1192
2253
4139
2253
1225
2253
4693
2253
1645
2253
2356
2253
9148
2253
886
2253
1053
2253
1499
2253
877
2253
9666
2253
839
2253
9143
2253
9152
2253
910
2253
1258
2253
4037
2253
9157
2253
9163
2253
1675
2253
6745
2253
9150
2253
9142
2253
9156
2253
4192
2253
9140
2253
4180
2253
9138
2253
9139
2253
903
2253
1108
2253
945
2253
5927
2253
6957
2253
1131
2253
2252
2253
961
2253
4701
2253
1000
2253
1071
2253
9153
2253
9167
2253
1090
2253
9144
2253
1036
2253
9159
2253
9135
2253
9141
2253
9164
2253
9835
2253
9162
2253
1942
2253
4741
2253
9136
2253
2723
5542
2739
5542
3905
6378
2923
6378
4002
6443
6001
6443
2305
4780
2254
4780
9971
9352
2927
3042
3151
7064
4416
9052
9893
9052
6022
9052
2035
9052
2925
2929
86
456
348
4275
9369
4003
8178
4108
8178
1291
7860
10070
9483
8072
8530
4347
8530
9433
8530
8086
8530
7698
8530
2407
2480
4317
1460
3924
1460
3922
1460
1453
1460
6710
841
8852
2228
8411
2228
8902
8879
8922
8879
4397
8879
3171
6422
4825
6422
7823
6454
3298
6454
7914
8234
7924
8234
7913
8234
6729
2244
2232
2244
1400
9200
9900
7505
7516
6015
3572
6516
4869
6516
4314
9368
4314
9368
3100
6417
4653
6065
7490
6065
3518
3525
4059
6381
4821
6381
4276
7715
7367
7715
8538
6706
1800
1905
8090
6959
9921
2565
2562
2565
4376
4375
4376
4375
9517
665
7388
9004
8658
9004
7757
9004
5660
9004
70
137
7199
3493
3475
3493
3481
6037
2039
6212
5061
6212
3263
9631
9801
9631
4760
9631
10147
10257
7088
8719
9166
8719
8205
8719
7463
8719
7082
8719
7084
8719
8227
8719
7465
8719
7083
8719
7833
8719
9161
8719
7078
8719
8219
8719
8209
8719
7846
8719
7477
8719
8210
8719
8226
8719
8218
8719
9147
8719
7087
8719
9160
8719
250
520
532
520
7342
8547
7342
8547
9905
3859
1898
3812
9506
8643
4087
5231
2362
5231
2174
5926
4141
2633
9944
2537
4521
2537
871
4360
3728
4360
4626
9616
3060
3158
1522
1570
12
9534
2845
2910
2873
2910
7259
9284
8059
8509
3557
6758
5809
6758
1553
7832
310
401
400
412
422
412
2484
5253
5956
5253
2921
3807
9690
8552
3915
8552
1924
7875
3822
6564
3738
6564
2537
2542
2536
2542
5655
10093
7403
10093
3505
6042
9580
6042
10082
10069
7729
10069
5062
6207
2047
6207
4262
9652
8816
3483
9303
3483
7631
3483
7640
3483
9304
3483
3381
7827
114
4251
4767
6245
4086
6245
4806
2455
1454
1475
1437
1475
9407
8506
8910
8506
1660
1724
7620
1724
4008
1724
9286
1724
3550
5480
3580
5480
394
641
638
641
7317
4224
3537
4224
3365
4224
2359
5228
2272
5228
2861
8716
4170
8716
9929
4755
7748
9669
7414
10115
149
10192
10193
10191
10193
3042
3161
3159
3161
1927
3856
6726
5929
2166
5929
8767
5929
7902
5929
9553
8654
8455
8407
3522
6761
3543
6761
7310
3914
4400
3065
7639
3065
9972
3065
9301
3065
9396
7303
8539
7303
7703
7303
66
135
2632
5565
2731
5565
332
474
618
474
2992
3015
108
4248
7274
8412
8010
8412
7354
9445
8020
6730
8426
6730
8414
6730
2713
5244
9608
5244
10133
10328
7617
3323
3280
3323
9669
9668
7368
9668
10190
10192
7301
8427
8908
10014
8908
10014
1440
1456
1478
1456
7331
9413
4197
9413
4213
9413
5681
9936
4517
2476
2440
2476
3967
2069
3956
2069
1962
2069
4330
2069
7275
1514
1368
1514
933
5762
945
5762
1384
5909
4296
1163
1143
1163
1970
2019
7954
2019
4393
2019
9917
2019
2363
5208
3958
5208
9258
7914
9912
8289
1849
1943
10131
4204
9420
1357
8066
1357
7357
1357
7330
1357
9752
1357
3972
1704
1638
1704
8551
8526
8548
8526
9978
2421
2242
2377
1037
4567
1024
4567
1492
7856
1489
7161
7957
2101
8810
2101
8236
4663
9177
4663
868
864
9283
864
8370
864
842
864
3271
3303
3294
3303
3402
5757
3407
5757
7163
8271
301
443
542
443
9336
8432
9453
8432
8670
6710
8110
6710
2243
2382
8566
7323
1057
4572
1066
4572
4802
6833
2437
6833
8458
1362
9948
1362
7298
1362
7656
1362
2303
4779
2105
4779
2027
2091
2760
7038
4542
8299
4542
8299
3551
6520
3573
6520
1589
9845
1883
1954
8062
8529
8062
8529
1606
7812
3079
7859
2940
2974
2964
2974
10020
10009
10051
10009
8357
2016
7954
2016
7969
2016
2925
2930
3307
7493
8318
8286
4619
8286
9399
8880
3537
8880
1878
1893
443
426
290
426
526
426
1616
5906
4502
5906
2337
5211
2256
5211
3067
3832
3818
3832
4200
2418
2419
2418
1075
9024
4317
1459
3924
1459
7270
1459
3922
1459
4216
7158
8389
2066
7960
2066
2067
2066
9282
2066
4758
6232
2179
6232
2016
2098
2018
2098
2478
2479
2392
2479
8130
10109
10150
10155
10318
10155
10137
10155
3138
7483
3694
8296
1343
8268
2342
7807
2058
3875
2302
4776
2082
4776
7316
10008
8523
10008
10026
10008
2127
6227
2014
2088
2073
2088
9599
9756
9183
9650
3136
9650
1647
9650
2651
9650
3295
9650
7870
9650
2336
9650
3951
9650
5103
9650
1790
9650
9171
9650
5201
9650
1830
9650
6333
9650
3305
9650
6760
9650
5957
9650
9186
9650
3188
9650
3672
9650
9180
9650
9182
9650
5967
9650
3890
9650
7868
9650
2972
9650
5928
9650
2595
9650
9168
9650
9169
9650
3565
9650
9173
9650
5303
9650
3974
9650
2746
9650
9179
9650
4878
9650
7883
9650
3328
9650
4747
9650
1891
9650
1911
9650
5589
9650
4761
9650
9194
9650
6000
9650
5934
9650
7862
9650
2711
9650
6204
9650
4771
9650
3596
9650
5197
9650
6008
9650
5316
9650
3148
9650
2895
9650
3001
9650
3624
9650
3020
9650
6250
9650
9174
9650
3610
9650
7865
9650
2943
9650
3088
9650
8026
6960
2008
5035
1955
5035
129
7391
7041
1870
1883
1861
1883
2932
3827
564
628
246
628
629
628
2111
2208
3955
2208
2006
5067
2047
5067
1518
1601
568
564
252
564
3195
3860
8236
8720
7875
8720
2442
8720
5979
8720
7873
8720
4057
8720
4750
8720
9181
8720
2343
8720
2325
8720
7512
8720
7877
8720
7882
8720
2981
8720
5779
8720
3703
8720
5985
8720
7513
8720
1148
8720
9170
8720
2797
8720
7871
8720
4012
8720
2983
8720
4657
8720
3025
8720
3980
8720
3992
8720
6300
8720
9178
8720
7502
8720
7519
8720
3009
8720
2178
8720
4445
8720
4075
8720
2630
8720
4684
8720
5915
8720
4620
8720
7511
8720
4706
8720
2756
8720
7872
8720
9187
8720
7499
8720
4688
8720
2608
8720
6839
8720
3863
8720
5301
8720
4720
8720
1302
8720
4036
8720
4121
8720
9177
8720
4006
8720
4489
8720
4496
8720
7880
8720
6817
8720
2704
8720
7879
8720
7509
8720
2102
8720
7874
8720
1817
8720
9673
9883
8395
9883
8803
9883
2232
9883
2950
5377
9620
5377
3149
5421
3181
5421
3625
5476
3636
5476
1789
4981
1757
4981
1758
5017
7035
5017
7689
9713
8930
8510
2845
2909
2873
2909
2617
2762
8360
2762
1517
1569
1779
1782
1972
6975
877
4359
9157
4359
7014
6726
1881
1925
1900
1925
5103
6538
3974
6538
7188
5382
1588
1591
1586
1591
84
4021
5072
4071
5072
3503
3505
1775
1777
1774
1777
4265
753
7771
753
9544
753
2738
2757
1767
1821
446
367
406
367
1917
5022
1831
5022
8463
8855
8078
3715
7563
7525
7140
9202
4292
7674
700
7674
1516
3933
9108
2211
2132
2211
7303
7295
9753
7295
8527
7295
8916
7295
2836
2906
9881
1598
4505
1598
1573
1566
1503
1566
3408
4356
6015
5479
3640
5479
3206
5418
3180
5418
7143
4414
4117
4978
1755
4978
5976
5974
2170
5930
175
177
171
177
1207
4457
1194
4457
8873
9350
743
744
2060
6541
2152
6541
3199
4535
7202
4535
3717
1588
1504
1588
9276
1588
1515
1588
8899
7285
8884
7285
9992
7285
7754
7285
1245
4462
1209
4462
628
554
562
554
7527
1818
5732
6729
8400
6729
2428
2437
8561
8447
2128
6991
3514
7870
7169
1938
1882
1938
1515
3697
1480
3697
6938
4985
1788
4985
9625
3593
7230
3593
3587
3593
8792
3593
912
920
2410
3692
279
280
9888
7134
9497
8609
7380
8609
1448
1470
2097
2336
7608
8346
3811
7119
3549
3583
3575
3583
1728
4995
1742
4995
10069
3687
3813
7043
9788
7043
216
536
408
536
2171
3702
6843
6848
3971
6848
7000
7001
2436
2442
7098
6464
7695
8452
7866
6149
7834
6149
1461
1575
1549
1575
7292
7278
125
655
2553
2555
2544
2555
2069
6969
2041
6213
2144
6213
8745
3749
1501
3749
1469
3749
2455
3749
1601
3749
1560
3749
4370
3749
2751
3749
1260
3749
2302
3749
2695
3749
3147
3749
1677
3749
2774
3749
3198
3749
1738
3749
9676
3749
5325
3749
1814
3749
9629
3749
1618
3749
4651
3749
4772
3749
4767
3749
2391
3749
2082
3749
1760
3749
4492
3749
1318
3749
2009
3749
4722
3749
1506
3749
5323
3749
1299
3749
4748
3749
7492
3749
4682
3749
3960
3749
4700
3749
7033
3749
3106
3749
4215
3749
2947
3749
2701
3749
2660
3749
2915
3749
4163
3749
2621
3749
4491
3749
2989
3749
2205
3749
2329
3749
4086
3749
1884
3749
1219
3749
5718
3749
3128
3749
4766
3749
6390
3749
3185
3749
2794
3749
1421
3749
1909
3749
5385
3749
2970
3749
5959
3749
2492
3813
1554
3813
3262
3813
5062
3813
2693
3813
1531
3813
2748
3813
2108
3813
1348
3813
3359
3813
6945
3813
4702
3813
9643
3813
2512
3813
1885
3813
4642
3813
1596
3813
1741
3813
3297
3813
5981
3813
2779
3813
3022
3813
3143
3813
2792
3813
2136
3813
1811
3813
2006
3813
2859
3813
4015
3813
2914
3813
2047
3813
5951
3813
2680
3813
1914
3813
1750
3813
4699
3813
2664
3813
6916
3813
3163
3813
5427
3813
2952
3813
6750
3813
2294
3813
3245
3813
1419
3813
2337
3813
1467
3813
1931
3813
5387
3813
4652
3813
3183
3813
9770
3813
2973
3813
2187
3813
6404
3813
5383
3813
1793
3813
2319
3813
2256
3813
9627
3813
9862
3813
2466
3813
3203
3813
9617
3813
9818
3813
2598
3813
4500
3813
7843
6055
7467
6055
7596
8349
3081
3080
4531
3080
5189
2339
6748
2339
1712
4742
5100
2060
7226
7200
8470
7200
4255
8413
2117
6988
156
16
457
2858
5580
9854
5580
3950
1941
6715
1941
1935
1941
9272
1941
9510
8606
4302
9261
2628
9837
6694
9429
7774
9429
3687
7322
1629
7322
8926
7322
255
568
333
338
637
338
2404
9679
1122
9130
6923
3746
3337
5465
3604
5465
3269
4845
122
402
557
411
623
411
3609
4125
9121
1005
975
1005
1902
4737
1813
4737
4420
9701
2929
9701
7493
9701
7483
9701
8203
9701
7843
9701
3753
9701
8738
9701
9165
9701
3765
9701
7467
9701
7845
9701
3248
9701
3755
9701
4812
9701
3360
9701
3113
9701
7462
9701
7457
9701
7481
9701
7825
9701
7836
9701
7839
9701
717
9701
7474
9701
3767
9701
7476
9701
3757
9701
7455
9701
7847
9701
3358
9701
7497
9701
3768
9701
7459
9701
7456
9701
7470
9701
7466
9701
7488
9701
7469
9701
7460
9701
7475
9701
7464
9701
2982
9701
7081
9701
7830
9701
7857
9701
3661
9701
5310
9701
7489
9701
7468
9701
7494
9701
7484
9701
3028
9701
3760
9701
3769
9701
3766
9701
7458
9701
7461
9701
3402
9701
3407
9701
7855
9701
2469
9701
7837
9701
7074
9701
4191
6851
2922
6851
6938
6146
3973
6146
9931
7190
1965
7190
123
4042
6966
7363
6966
8991
6998
8633
6998
8657
6998
754
6998
1584
7054
7816
7054
7284
7281
1990
9678
8641
7317
7373
8105
1964
2263
7281
2263
8003
2263
9950
2263
5953
7116
10311
10204
10240
10204
6694
9428
3037
3199
3938
3199
9970
3199
7638
3199
2640
9590
5926
6799
4763
6799
1347
9109
7948
9240
4268
9240
3021
5336
2960
5336
643
619
9572
6771
5816
6771
125
9868
5437
3259
5437
2900
6652
9687
6652
7727
4093
8628
4093
9509
4093
3196
9571
8121
8664
9952
3898
3096
3171
3289
3866
318
319
2130
4765
3424
8203
1980
3951
2774
5555
2660
5555
5915
6789
7509
6789
4826
3189
3694
3189
1309
1311
1231
1311
3058
3055
2833
3055
2074
2075
7740
3888
8974
3888
1713
1736
397
325
9893
6543
2213
6543
3242
5442
3225
5442
4191
6647
2905
6647
6696
9446
1405
4083
2678
6619
5306
6619
8619
7345
7718
7345
313
595
5665
3869
735
3869
2526
3869
8644
8630
8756
9729
4553
9729
1920
9729
10257
10239
10158
10239
4285
9379
8261
9189
1908
5023
9816
5023
3469
6768
3477
6768
5778
9106
8273
9106
7828
6796
5925
6796
7854
6080
1532
6080
587
199
2878
5339
2959
5339
678
680
6720
3196
9923
3196
9903
3196
2525
3901
8046
3168
7685
3168
7304
3168
1537
1560
9670
4370
5975
3948
7550
9615
7917
9615
7552
9615
8363
2580
8371
2580
2582
2580
7624
2580
10052
9378
4189
6616
2609
6616
5717
9188
1310
1308
1272
1308
9938
7605
8381
7605
7238
7605
1390
7605
1727
9728
3500
9728
1762
9728
2451
5263
2516
5263
325
600
615
600
1706
1739
1690
1739
2292
6554
2349
6554
4823
6403
3185
3186
1801
3891
2448
2465
202
205
1556
6786
8242
6786
3590
3625
7411
7750
127
8557
9401
4173
7993
5736
7993
9989
7993
3190
3235
1519
1516
4506
1516
4554
5822
3439
5822
8364
2474
8545
8051
8969
8051
8959
8051
8564
8051
8981
8051
1459
1454
1439
1454
9134
9029
9154
9029
1041
9029
1374
7854
892
898
864
866
863
866
2605
5597
3030
5597
8634
5693
2934
2979
7646
951
965
951
3710
951
853
951
7335
8524
1686
1706
9885
1706
8592
6905
9447
6905
2622
5592
2606
5592
7383
1959
10083
1959
3152
4911
4148
4911
2656
4206
3093
3097
3091
3097
8811
7221
4051
7221
6708
7221
6707
7221
1307
7916
1370
1381
1371
1381
1328
1417
7209
7177
8325
3092
3066
3092
1065
1093
2341
2361
5782
5781
31
10128
4414
5817
4548
5817
4547
5817
20
9593
7996
7983
7996
7983
1138
9146
2033
7182
1330
1422
3070
3087
4143
3102
7651
3102
1084
1083
1068
1083
2249
2250
2228
2250
10325
10323
873
888
9127
888
10030
5683
10031
5683
1482
8240
3921
6460
3777
6460
2680
5587
2598
5587
7924
9851
6845
5602
2954
5602
9255
8284
8331
7919
3395
7919
2173
4209
10155
10269
10227
10269
105
9489
9931
2014
2013
2014
3463
7843
8582
8048
8563
8048
8424
2976
843
869
868
869
842
869
874
869
595
413
359
413
8995
9964
1667
1709
1662
1709
7539
1956
4745
1956
7112
1956
4250
9363
896
901
890
901
9249
2064
7586
2064
3679
3680
3678
3680
2197
5103
3964
9026
7460
9026
8188
9026
4769
9026
9119
948
925
948
4001
5904
8230
5904
9721
7218
9721
7218
1381
1378
1366
1378
1442
1443
6926
1443
3478
4908
9691
4908
2219
2358
4090
6273
5938
6273
1395
1519
1503
1519
8298
5778
2116
4774
4681
7070
3741
7070
10308
10149
650
8294
4268
8294
9865
8675
8233
8675
106
9488
14
7023
7020
9339
7020
8481
7020
11
397
2668
2725
884
891
137
7408
9531
8660
7767
8660
7431
697
7194
2592
7192
2592
10108
692
2558
2597
2962
5979
1982
3920
2638
2693
1535
6092
1502
6092
2924
5361
4222
5361
7529
6097
9208
6097
3418
3433
1531
4957
1596
4957
3426
3428
3873
7679
5382
7551
7175
4230
4269
4230
7186
1730
7581
1730
7906
1730
317
557
10156
10333
10144
10333
3419
4419
2817
2822
9312
2822
8822
2822
8414
2822
1287
4478
4344
4343
3628
5474
3639
5474
4718
6102
4696
6102
8745
6087
1501
6087
4204
687
9345
8831
8555
8831
8870
8831
4186
2602
2600
2602
1301
6724
1298
6724
7415
702
9875
5250
2589
2683
2592
2587
2554
2587
28
10125
7760
749
5742
2817
8443
2817
8454
2817
9340
2817
1731
1761
2616
2781
10122
813
3629
3655
77
7763
1792
4962
9829
4962
4131
8915
3387
4416
94
7411
3919
10078
7386
10078
7387
10078
8655
10078
1183
1207
7883
5358
3001
5358
1275
4603
1242
4603
6708
4354
3383
4354
6707
4354
9292
4354
1490
4707
1648
4707
1553
1564
2903
2904
8569
10043
9660
10043
8572
10043
10052
7676
3430
3431
3338
6475
3315
6475
1217
1245
8319
7548
6719
7548
3091
7548
8303
7548
7613
4517
8806
4517
7626
4517
8813
4517
7593
3272
3274
3272
2487
9663
4802
9663
6943
9663
9846
9663
1569
9663
2437
9663
1956
9663
1245
9663
1072
9663
2201
9663
1810
9663
1320
9663
1179
9663
6932
9663
4480
9663
2360
9663
1558
9663
2147
9663
1049
9663
8256
9663
1132
9663
9895
9663
4662
9663
1745
9663
1641
9663
2323
9663
2004
9663
2186
9663
2655
9663
4166
9663
7454
9663
1676
9663
9897
9663
4001
9663
1525
9663
9861
9663
1948
9663
2773
9663
2306
9663
2754
9663
1209
9663
1792
9663
9743
9663
1040
9663
1160
9663
8230
9663
3816
9663
2107
9663
1086
9663
1446
9663
1297
9663
4719
9663
1276
9663
1039
9663
3874
9663
9829
9663
2799
9663
1004
9663
9823
9663
9610
9663
5620
9663
1145
9663
3897
9663
2706
9663
1109
9663
1904
9663
10124
9010
10326
10187
2963
5976
1261
4481
2056
4005
8804
5725
1646
4712
7496
4712
10012
8828
1188
1212
1211
1212
9560
746
241
567
1123
1125
1116
1125
1702
1758
1683
8025
3793
2778
7148
2778
4814
2778
7134
3267
9578
3267
3250
3267
9994
4522
2533
4522
9788
9784
5285
6570
2460
6570
236
237
636
476
339
476
1428
1441
2793
2795
9671
860
10099
860
8352
860
523
441
231
441
527
441
8521
8897
10265
10141
4852
6488
3306
6488
8923
8892
9362
4325
3009
5312
2608
5312
1408
8344
2928
6372
2099
2334
1269
7841
2899
7136
4097
6331
2491
6331
8580
8887
8553
8887
8089
8887
3601
6466
3348
6466
3674
6498
3638
6498
7095
7059
8226
7059
9997
8902
3057
9900
6744
5145
3761
5145
7920
5965
7562
5965
5235
5965
2784
2785
2617
2615
2601
2615
9476
10084
9546
10084
772
10084
3927
10084
1738
6153
1760
6153
665
9502
307
308
4261
715
3258
3753
2648
5307
2736
5307
1677
6115
4700
6115
6368
6367
8024
7665
1553
9742
2021
2120
6985
2120
9254
2120
7178
2120
4408
8353
726
8604
3320
7139
553
622
184
622
587
622
588
622
8005
1438
1411
1438
2398
2400
1344
4485
3601
6491
6493
6491
924
933
953
8167
2932
2937
8986
8947
10081
8947
9693
9962
3801
9576
1120
1150
9361
9357
7687
8033
7687
8033
4049
1970
7966
1970
7977
1970
8408
1970
4392
1970
9852
9255
8268
1423
6926
1423
1287
7838
2518
6328
7027
6328
9379
7262
4325
7262
8494
7262
8502
7262
4284
7262
9151
4650
7840
4650
3627
6501
3677
6501
8285
2942
7345
6964
4282
6964
5695
8952
9468
8952
3460
5823
3440
5823
3842
6144
9847
6144
9177
8172
4496
8172
8320
2390
7181
2390
1331
4495
1452
9695
8747
3744
3870
7257
3882
7114
3866
6469
3340
6469
4642
7056
1467
7056
2307
2312
2251
2312
4339
4338
4339
4338
2967
5334
2988
5334
4388
1385
5723
1385
3104
3140
10134
10298
2058
6740
3438
3448
3370
3373
3369
3373
9955
5795
10108
9565
2585
3864
9676
8698
9629
8698
703
8666
298
585
417
585
362
585
2852
4523
7985
4523
8403
4523
8418
4523
8197
5615
2879
5615
8977
10054
9764
10054
9757
10054
9307
1395
1480
1395
9769
1395
2229
2307
5796
2307
3058
3115
2043
8688
4152
8688
9616
8688
3827
8688
1598
8688
1470
8688
9837
8688
1422
8688
3908
8688
2280
8688
1826
8688
4022
8688
4196
8688
4746
8688
3224
8688
4683
8688
4063
8688
3201
8688
3302
8688
6205
8688
3164
8688
6940
8688
6754
8688
9848
8688
3123
8688
2605
8688
4717
8688
6915
8688
9868
8688
2106
8688
4097
8688
3030
8688
1533
8688
6838
8688
1583
8688
2353
8688
4800
8688
4758
8688
3021
8688
2907
8688
8220
8688
3806
8688
2798
8688
3179
8688
3259
8688
3165
8688
4698
8688
5298
8688
3045
8688
1918
8688
8224
8688
2700
8688
4090
8688
2179
8688
6953
8688
2960
8688
1253
8688
2491
8688
3842
8688
1555
8688
5938
8688
9847
8688
1785
8688
2620
8688
6244
8688
2454
8688
1778
8688
71
7817
6559
2296
6559
5786
5785
5978
2965
2885
2965
1705
1734
1725
1734
7491
8135
7851
8135
2143
2145
4078
1790
7155
1790
8670
8669
8671
8669
8551
4341
8548
4341
3722
9657
8097
9657
6687
9657
1367
4283
1367
4283
10012
7637
9968
7637
322
606
614
606
1248
7533
2464
6335
5969
6335
2492
9626
1554
9626
5062
9626
1531
9626
2108
9626
6945
9626
9643
9626
4642
9626
3297
9626
5981
9626
2779
9626
3143
9626
2792
9626
2136
9626
1811
9626
2006
9626
2859
9626
2914
9626
2680
9626
4699
9626
3163
9626
2952
9626
3245
9626
2973
9626
2187
9626
1793
9626
2319
9626
2256
9626
9627
9626
2466
9626
3203
9626
9818
9626
4500
9626
3201
5400
3179
5400
6704
3451
3455
3451
7264
3451
7645
3451
3832
3194
7165
3194
4530
3194
2238
5937
4493
8701
9822
8701
4174
9621
8059
9621
8513
9621
1589
9104
1933
6794
1890
6794
3750
832
7776
832
7774
832
716
832
1543
1620
2279
6556
3931
6556
1063
4293
1052
4293
843
875
845
875
881
875
874
875
1136
7642
1733
1800
1834
1800
9651
6614
2768
6614
7198
8773
104
252
826
827
4492
8691
1318
8691
6988
5942
2347
5942
4689
6784
5902
6784
9958
2823
8809
2823
4529
2823
9966
2823
3106
5390
3128
5390
6702
9395
9405
9395
1966
9297
7278
9297
9391
9297
7650
9297
10036
9297
8836
9297
7548
3184
6969
7011
7031
7011
6968
7011
8862
845
9323
845
423
333
5304
2733
6840
2733
9082
3712
3565
6032
9179
6032
7005
8743
253
518
568
518
533
518
7301
8819
8119
737
1716
5005
9833
5005
1960
8589
9669
7732
6709
4267
651
4267
2952
6658
5387
6658
3514
3522
7251
9294
7251
9294
6247
5160
2080
5160
7726
8571
8602
8571
8605
8571
9553
742
3268
3354
3290
3603
3544
6027
3552
6027
9124
9654
5955
9654
2384
9654
1570
9654
1954
9654
7812
9654
2930
9654
7807
9654
1821
9654
2979
9654
7797
9654
7802
9654
4715
9654
4813
9654
4190
9654
6348
9654
8728
9654
2603
9654
1193
9654
5978
9654
1584
9654
3023
9654
1151
9654
2755
9654
2787
9654
1113
9654
5931
9654
1205
9654
7817
9654
7029
9654
2010
9654
7803
9654
1262
9654
7800
9654
7818
9654
1171
9654
2296
9654
1303
9654
7799
9654
2688
9654
5240
9654
7804
9654
2912
9654
7809
9654
7806
9654
7810
9654
2148
9654
1748
9654
2903
9654
1949
9654
6963
9654
7798
9654
7801
9654
1607
9654
3008
9654
7814
9654
8727
9654
7816
9654
2885
9654
2464
9654
5969
9654
2042
9654
8196
9654
9655
9654
7811
9654
1781
9654
2207
9654
7287
3707
7372
3707
4213
3707
3388
3416
4223
10068
3916
6425
3142
6425
3467
3481
4220
3481
2028
7623
3487
3517
3486
3517
3036
7727
859
4272
10008
4272
8886
4272
7688
4272
7028
9875
113
8599
942
4431
8208
4431
7508
8225
233
234
9678
7008
1764
1824
4207
995
7661
995
8457
995
8472
995
8107
8586
7361
8586
7739
8586
2639
3962
10311
10203
10240
10203
1574
4655
4408
8816
10024
8095
1356
8095
5386
6661
3884
6661
1122
1155
7557
8754
9961
2175
684
8568
8618
8596
10059
8596
8607
8596
960
4433
968
4433
10326
10185
3382
7210
3379
7210
10313
10250
1583
4920
8220
4920
975
985
2524
6830
2456
6830
2590
9680
3464
3478
3285
3343
7166
3343
6966
8085
10320
10314
10324
10314
3393
3419
10201
10202
10319
10202
3231
3230
3178
3230
10129
9430
2644
3957
3147
5424
3198
5424
920
4428
933
4428
4088
9588
3036
8982
9765
8982
1907
6174
1930
6174
9225
1301
7105
1301
7536
1301
5997
6857
3861
6857
2132
9089
958
9238
7579
3774
32
3851
8183
4395
5733
8028
5733
7630
5733
30
2575
3032
1266
1269
5720
1269
9948
8458
9948
8458
4082
6238
5099
6238
1436
9099
8340
7928
3753
6862
7497
6862
7024
6809
2103
6809
4371
1333
1334
1333
2538
9925
4367
9239
5654
9021
4194
9589
5698
9589
768
8123
761
8123
9571
3209
3171
3209
7196
1291
1273
1291
8316
1291
10149
10279
10159
10279
7763
8977
8829
9953
159
7420
5772
1180
9123
1180
8718
8193
836
8193
3971
3027
5988
3027
7294
9354
1008
1023
2139
2160
9733
3908
9929
3908
3054
9215
1429
4103
1494
1528
1527
1528
9694
7229
1247
9071
1432
4680
7183
9733
570
350
329
350
9186
6393
9194
6393
8379
7595
8379
7595
1257
1266
1228
1266
1288
1298
3929
5175
2185
5175
755
9493
7751
9493
548
539
244
539
5
394
1545
9086
4765
6241
6946
6241
5742
8461
9737
9190
710
9380
711
9380
175
545
453
545
170
545
4352
9306
4401
7226
8892
7226
9641
7226
9289
7226
7957
7931
2421
2424
9953
2424
7989
2424
2422
2424
10228
10138
9022
9018
5987
6383
9738
6383
9261
1288
8316
1288
8771
1288
1274
1288
9673
7585
2230
7585
8395
7585
8803
7585
10189
10220
9561
4235
7101
9730
7866
9730
9176
9730
9175
9730
9192
9730
8247
9730
9172
9730
8243
9730
7096
9730
9185
9730
8232
9730
8245
9730
8246
9730
7093
9730
9197
9730
8250
9730
7095
9730
7103
9730
7867
9730
8248
9730
8235
9730
1710
9171
7437
8863
7820
7815
2224
3911
8441
3911
5398
3206
5802
3206
9959
8374
7980
8374
9973
8374
2227
8374
764
765
1483
1531
10171
10235
10242
10235
104
1848
9866
38
1777
9096
923
9068
6991
6806
2192
6806
10068
6700
9700
6700
9438
6700
3732
5889
1127
5889
774
776
9548
776
3279
3293
4406
3293
90
271
4367
7935
2183
5188
9217
5188
7945
8309
1030
1035
2124
4184
2742
2748
7796
9787
3536
8738
2929
5635
3769
5635
1658
1684
1664
1684
4620
5899
9187
5899
7412
9526
10194
10196
10195
10196
4044
9672
4406
3283
8453
3283
48
7746
6690
4246
6690
7376
6690
8642
6690
3603
5453
3347
5453
9356
7646
8856
7646
7525
3341
3797
3341
3796
3341
3354
6445
3329
6445
2110
2111
367
460
418
460
269
460
2237
2255
1688
1694
1732
1694
1249
1275
9550
9521
783
9521
2030
7578
5788
7578
2281
5198
3732
5871
1089
5871
4069
5166
2333
5166
7331
4194
9409
4194
5947
5946
1186
4451
1206
4451
4641
7792
4484
7792
1376
7797
42
2070
8306
9734
8306
9271
8306
9583
5280
2710
5280
10115
779
2266
5191
1132
5886
1109
5886
2665
2672
9619
6634
2891
6634
8236
8741
7875
8741
2442
8741
5979
8741
7873
8741
4057
8741
4750
8741
9181
8741
2343
8741
2325
8741
7512
8741
7877
8741
7882
8741
5779
8741
3703
8741
5985
8741
7513
8741
1148
8741
9170
8741
2797
8741
7871
8741
4012
8741
2983
8741
4657
8741
3025
8741
3980
8741
3992
8741
6300
8741
9178
8741
7502
8741
7519
8741
3009
8741
2178
8741
4445
8741
4075
8741
2630
8741
4684
8741
5915
8741
4620
8741
7511
8741
4706
8741
2756
8741
7872
8741
9187
8741
7499
8741
4688
8741
2608
8741
6839
8741
3863
8741
5301
8741
4720
8741
1302
8741
4036
8741
4121
8741
9177
8741
4006
8741
4489
8741
4496
8741
7880
8741
6817
8741
2704
8741
7879
8741
7509
8741
2102
8741
7874
8741
1817
8741
2744
2751
9461
9649
6714
7622
1522
7503
9201
6013
3329
6013
2191
5169
2209
5169
1385
1640
1639
1640
2322
5949
4516
5949
1252
7802
3916
4140
5997
4140
2757
4140
3655
4140
3448
4140
3522
4140
3578
4140
4107
4140
9623
4140
3861
4140
9814
4140
9586
4140
3597
4140
3937
4140
6009
4140
3543
4140
3652
4140
3004
4140
3469
4140
9611
4140
3459
4140
4045
4140
3316
4140
3511
4140
9677
4140
9839
4140
3477
4140
3584
4140
3996
4140
3994
4140
3499
4140
4009
4140
3223
4140
5964
4140
4104
4140
2381
4140
4336
10010
8512
10010
4337
10010
9170
7787
7874
7787
3335
3338
6741
2108
9309
7617
7245
7617
3275
7617
4350
7617
7009
9648
3483
3523
3485
3523
4147
7713
6998
7713
9344
7649
1468
6063
4656
6063
8339
7581
9520
663
3667
4864
3645
4864
642
428
349
428
1087
5868
1110
5868
7841
5896
1350
5896
2308
5201
9369
4373
4315
4373
7296
4373
9198
4448
7483
5444
4844
5444
2653
2667
2571
2667
1799
1903
9536
9465
5302
2563
8310
2563
9907
2563
4809
2563
5749
5748
7274
3495
8821
3495
3488
3495
9957
3495
1860
4744
2187
2188
9862
2188
2580
2635
2629
2635
7381
8645
8883
8490
2869
2889
7369
7364
1625
7364
3826
7364
2461
5255
2520
5255
2591
7873
2843
2946
1835
8078
7730
8078
7349
8936
7349
8936
8353
3485
8816
3485
3371
3485
7611
3485
5781
1611
9104
1611
7815
1611
5900
1611
7305
9967
7305
9967
9942
2166
8800
2166
4510
2166
2868
2871
8278
2871
2121
2198
2165
2198
5700
9372
3649
3650
8788
2899
2890
2899
954
978
4800
6319
2491
6319
5721
1348
7800
1473
6963
1473
5707
8500
5707
8500
769
9476
7933
2453
2430
2453
8327
2453
2059
6243
9666
6243
9543
8122
761
8122
7267
5751
9327
5751
4351
5751
8282
9811
8284
9811
7915
9811
7610
8330
2172
2191
2870
2886
9671
5672
5653
5672
1060
1072
9367
9349
1870
7152
9228
4753
1920
4753
7988
7972
7154
2280
2258
2280
2259
2280
2389
9602
3218
9602
2997
9602
4653
9602
7832
9602
3235
9602
7854
9602
6740
9602
3206
9602
2946
9602
1351
9602
2352
9602
4697
9602
1254
9602
1917
9602
5962
9602
2522
9602
7858
9602
2293
9602
1582
9602
2622
9602
2967
9602
2305
9602
2807
9602
7480
9602
2888
9602
3005
9602
1831
9602
1698
9602
2157
9602
3124
9602
3146
9602
4043
9602
2606
9602
2452
9602
7848
9602
3959
9602
6398
9602
2939
9602
3180
9602
7826
9602
2133
9602
2673
9602
7824
9602
7853
9602
6722
9602
4660
9602
2747
9602
1612
9602
3756
9602
1532
9602
1406
9602
4509
9602
7482
9602
3968
9602
7850
9602
2254
9602
7819
9602
9603
9602
1858
9602
7490
9602
7828
9602
2988
9602
5925
9602
2777
9602
4490
9602
1255
1260
1009
1022
9654
3063
3835
3063
5963
6316
4009
6316
9367
9348
1048
1067
5703
8434
8260
6254
2436
2444
5668
5667
5300
5563
5299
5563
8588
8081
4014
8081
4211
8117
3721
8117
8241
1608
9820
1608
1966
7305
3997
7305
1963
7305
4522
2868
7224
2868
9277
2868
9278
2868
6752
2896
6751
2896
8278
2896
4816
2896
2050
2201
8954
8939
1027
1017
1015
1017
2838
2949
980
981
9358
981
996
981
855
981
3002
3013
187
188
8772
2169
3824
2169
2115
2169
655
7967
7515
1351
8231
1351
1305
1351
7177
7147
8784
7147
8332
7147
3281
3325
3280
3325
7560
3535
7176
3535
4902
3535
113
220
412
364
625
364
4503
8759
713
8912
5674
8912
3325
9899
3637
6508
9677
6508
5293
5292
5293
5292
1828
1829
1772
1829
2745
5297
1466
7780
4083
7780
8530
6718
4088
6718
3442
3462
272
273
5709
3414
7970
9898
8590
8907
10041
8907
2387
5220
5960
5220
10318
10255
10215
10255
3242
5429
3273
5429
3343
3356
7145
2805
3795
2805
6585
2805
43
10120
3739
4933
1557
4933
3451
3457
3466
3457
10021
9386
3460
6050
4552
6050
7522
9176
7948
650
2546
5302
2562
5302
9454
8540
4334
8540
4335
8540
2541
3978
1520
9881
2811
5287
403
382
404
382
7224
2550
9277
2550
5973
2550
9278
2550
3428
4072
4134
4072
3046
4072
4763
4072
2462
4072
7086
4072
4793
4072
2236
4072
4862
4072
3308
4072
3528
4072
5816
4072
4554
4072
4820
4072
9828
4072
5998
4072
4853
4072
2938
4072
2959
4072
1403
4505
7355
8584
7822
5532
1766
1826
295
300
569
300
3612
6511
3656
6511
4076
2045
1995
2045
4716
4715
1734
8756
3080
4022
2787
6573
5240
6573
8530
8814
6404
6677
5383
6677
7041
7375
8111
7375
9357
1215
9341
1215
1189
1215
4306
1215
3199
6721
10225
10179
10174
10179
173
174
8883
2410
9435
2410
6346
5527
4104
5527
4068
4067
4068
4067
10097
8594
3637
4860
3655
4860
3313
5426
7498
3359
3040
6682
3131
6682
2920
4017
3116
3981
7190
2297
9932
2297
7172
3776
9677
4875
3584
4875
2276
2292
1337
1405
1407
1405
365
515
219
515
224
515
1902
6176
1944
6176
6333
6881
9168
6881
4145
6917
4130
6917
178
179
2569
7251
3200
4827
1402
4035
7901
6922
1668
6922
9247
6922
3958
6922
9243
6922
1442
6922
6924
6922
7985
8379
8403
8379
8418
8379
184
185
2850
3050
1921
9040
10169
10170
10321
10170
9297
9931
1958
9931
131
9870
9686
535
509
165
509
450
509
10112
8518
8543
8518
1203
8518
677
8518
925
9226
2283
2287
2290
2287
2757
5550
6346
5550
7389
8961
9757
8961
2117
2302
2223
2220
4205
2220
9368
9834
9366
9834
8493
9834
9976
2031
7222
2031
1961
7360
1626
7360
5957
8708
5967
8708
5100
9916
3183
4832
3203
4832
902
9221
7625
2429
9284
2429
2418
2429
7600
2429
3197
5805
1765
1810
7500
7073
2280
6878
2353
6878
1256
1264
5719
1264
1211
4303
8542
8482
7895
6179
7531
6179
1529
1545
1546
1545
8468
7248
8016
7248
8442
7248
8448
7248
8009
7248
4046
2532
5740
2532
1524
9084
8726
3779
3561
3572
8895
8477
8934
8521
8566
8521
10023
8521
2423
2426
2422
2426
7242
7224
8989
8958
8631
8958
5930
6804
4760
6804
1261
9094
5751
3567
7243
3567
7604
3567
3653
3663
2503
9165
1975
2028
3930
2028
1406
8711
4490
8711
10087
7755
7392
7755
6936
8376
8459
8376
4162
8376
3176
3204
3191
5410
3205
5410
2086
6270
4773
6270
10314
10229
10258
10229
8114
2527
10098
2527
773
774
2955
6639
4189
6639
1871
8365
1795
8365
1658
1686
1664
1686
3942
6885
6334
6885
2596
5612
4029
5612
10313
10306
10145
10306
7518
4625
6924
4625
9662
3112
4221
6631
3912
6631
3937
4891
3543
4891
8842
4186
7978
4186
5797
4186
9316
4186
8827
4186
1080
7644
4420
5840
7459
5840
390
331
3263
5449
6005
5449
9956
8003
6333
5513
2746
5513
3571
4869
1525
4948
4719
4948
9306
3370
7976
3370
9359
3370
4353
3370
9313
3370
3727
5944
4513
5944
9772
5944
1085
1103
1116
1103
9557
9515
1431
4196
3532
4901
3513
4901
9900
3107
4823
3107
3232
4168
2282
2315
2210
5164
2078
5164
9020
10087
1684
1696
1685
1696
2767
6895
7472
6895
4716
1668
9302
908
907
908
849
908
915
908
8078
10062
4128
10062
5704
5703
9949
4023
3867
5607
2971
5607
1402
9193
152
7435
8326
8304
2997
5352
2988
5352
2576
4189
9884
1689
1685
1689
9871
8770
2038
5083
2162
5083
1680
1747
771
9546
9679
7562
9204
6628
2599
6628
2595
6636
5316
6636
4062
1835
8994
1835
538
368
405
368
1108
5884
1131
5884
3525
4888
5811
4888
1639
1699
4389
1699
8796
5953
4286
9490
3433
9722
4123
9722
2000
9722
2982
5347
3760
5347
416
645
388
645
7285
4199
1198
4199
4002
5446
3296
5446
3713
4951
1490
4951
2809
3765
4478
5894
4138
5894
3293
7557
3635
4866
3673
4866
5732
7653
4892
4898
3526
4898
4172
4171
3889
6165
1791
6165
2043
5093
6205
5093
1650
1671
3116
9892
7401
9471
7001
1752
7156
1752
7004
1752
1651
6945
55
141
908
911
896
911
4261
712
9528
7388
9527
7388
1987
3737
2565
2612
2592
2612
1837
1872
1855
1872
3122
7131
8842
3845
4218
5125
2176
5125
10170
10301
10166
10301
8223
6112
8735
6112
1850
4746
4035
6137
4122
6137
2641
7472
6945
6107
4699
6107
1994
2164
2163
2164
1756
6142
4704
6142
2603
5315
3008
5315
9473
10057
9425
10038
8942
10038
8583
8934
2942
2944
7141
2944
8302
2944
9667
3742
9749
10092
2494
2703
1860
1867
2557
2607
4259
707
6954
7398
6955
7398
796
7366
789
7366
8879
8850
7265
2840
3442
7467
2427
2513
7024
6259
2344
6259
8851
8439
2394
2449
2432
2449
1168
1187
10076
8062
10075
8062
3252
7128
8518
1202
8921
1202
9991
1202
9397
1202
6929
7391
9575
9805
9576
9805
3800
9805
2870
2884
7914
6923
9851
6923
7913
6923
1383
4702
1856
7233
7677
7233
6712
7233
7258
7233
4391
3995
1872
3995
1147
4583
1126
4583
1580
4687
2614
4813
2312
2352
8367
8342
8367
8342
1841
4749
1265
1320
940
962
9754
8990
9636
2894
2892
2894
10038
10017
6935
4692
2438
2446
1397
4697
8883
8436
9124
6256
7807
6256
1151
4593
1171
4593
7089
3985
7285
1197
9964
1197
8032
1197
8068
8057
1164
1192
2480
6314
3830
6314
136
7401
10003
2953
2976
2953
7995
2953
8486
2953
3693
2953
4212
2953
181
454
1968
1973
1972
1973
8659
9000
7409
7369
951
957
938
957
382
490
380
490
183
490
9984
9422
7716
9422
9752
9422
7577
2347
9887
8337
7171
3233
3231
3233
7678
7995
2906
6640
3050
6640
4182
4062
8109
4062
3387
3391
3048
6903
3114
6903
7356
4278
8079
4278
8620
5695
9773
5695
2707
5274
2796
5274
1094
1095
7235
8798
7578
7108
2031
7108
6728
8766
7932
8766
2050
4057
12
396
3561
4870
6007
5450
9699
5450
3400
3401
8253
3401
4153
9420
4418
5839
3415
5839
667
8618
662
8618
7368
8618
10179
10180
10173
10180
8437
7985
6740
5138
3968
5138
1069
1085
4294
1085
7182
4134
5101
4134
8750
4134
10300
10244
2535
8788
2534
8788
8920
5685
8002
1634
6911
1634
8000
1634
1657
1634
9395
3369
3367
3369
7673
3369
8030
3369
7099
7845
4532
7845
4227
7845
9492
8582
10079
8582
1221
8769
1686
1690
1666
1690
2127
4190
8641
7737
9240
3388
8294
3388
4230
3388
9708
3388
3449
3472
3924
4317
3924
4317
4037
5105
4192
5105
1455
9643
4105
4281
3926
4281
4706
6132
7880
6132
2091
6275
4774
6275
5669
732
825
6694
10105
6694
8024
8801
536
499
206
499
201
499
4770
7111
2625
2632
1429
1445
5732
4200
4144
4200
9692
7742
7047
7742
3397
3398
7317
3366
9414
3366
310
630
8656
8621
8658
8621
5667
8577
734
8577
9467
8577
4692
8673
1603
8673
7602
1700
7003
1700
8315
1700
8287
1700
7545
1700
2692
2627
2600
2627
2640
2723
4164
5141
4129
5141
4420
5836
7081
5836
370
505
193
505
3935
6684
3833
6684
4132
8791
812
9537
8600
727
4405
9287
1728
6127
9819
6127
9226
9175
10123
9385
8485
4322
3466
3467
3456
3467
2672
6608
2681
6608
9601
2695
2262
2274
2267
2274
7089
1254
3858
8986
9504
8986
9002
8986
3418
3435
1264
1316
3567
3562
3376
3562
2565
6351
9411
4345
7318
4345
7612
8324
3524
9890
7755
8996
9471
8968
7769
8968
10097
8968
1989
2138
2125
2138
916
931
926
931
1620
8148
1609
8148
10327
10225
2586
2685
6977
9311
235
236
2435
2450
75
310
813
815
7225
9871
10303
10230
10213
10230
2343
6260
6817
6260
2420
9720
3983
9492
749
9492
4235
9492
8874
8440
8469
8440
8019
8440
1289
9118
10040
8913
9211
9166
73
7765
2817
2839
8820
2839
3608
3653
3629
3653
10062
8849
3517
3557
7873
6611
5301
6611
3064
3132
403
381
453
381
8828
9944
9331
9944
9776
9944
8839
9944
5739
9944
7668
9343
3047
5632
3133
5632
10021
8484
7519
4605
4121
4605
8645
8989
9515
8989
9503
8989
1217
1243
1270
1319
4045
6473
3316
6473
2642
6348
1804
4750
121
1384
9082
4283
8494
7334
8494
9517
8971
3990
5627
2969
5627
4303
9225
8501
8846
1345
4003
1618
8151
7492
8151
4386
5723
7635
5723
8381
5723
9902
2836
7573
2836
2820
2836
7180
2836
1988
2141
2125
2141
918
928
927
928
4295
1123
1124
1123
7075
9685
9137
9685
9151
9685
1614
9685
6417
9685
5909
9685
1943
9685
7856
9685
2382
9685
1893
9685
3933
9685
1417
9685
9146
9685
2683
9685
2795
9685
7841
9685
4485
9685
2145
9685
5191
9685
4035
9685
9916
9685
3107
9685
2513
9685
3985
9685
3049
9685
4122
9685
2662
9685
4221
9685
4085
9685
6355
9685
2086
9685
4822
9685
3889
9685
4050
9685
9149
9685
1791
9685
7840
9685
1820
9685
2916
9685
1350
9685
2200
9685
8740
9685
3852
9685
2345
9685
4721
9685
2321
9685
3126
9685
1605
9685
2447
9685
1293
9685
7829
9685
5903
9685
4773
9685
2696
9685
3990
9685
7849
9685
3912
9685
5241
9685
2046
9685
4195
9685
1246
9685
7831
9685
2969
9685
5966
9685
4126
9685
4183
9685
3607
3644
3121
3127
10167
10169
1219
9077
5718
9077
3185
9077
991
9121
8881
8023
9518
7370
8654
8999
9001
8999
3319
9915
2760
2793
2425
2793
791
792
10155
10300
10322
10300
7136
8760
7750
797
5689
797
2427
2512
691
7779
9736
7572
8488
4323
7500
3248
2424
2722
2760
2722
786
9545
9732
1830
1827
1830
3214
3224
274
561
2409
2507
8787
2507
234
579
529
579
560
579
3263
5430
3850
5430
2426
2783
4805
2783
5965
5963
7891
5219
2375
5219
2492
6824
5951
6824
10121
802
6700
10056
10061
10056
4164
5143
4041
5143
9731
8731
8216
8731
1924
2008
786
787
5973
2549
2538
2549
2591
2681
1469
4914
1506
4914
676
713
712
713
710
713
1740
5918
1816
5918
4100
7204
4246
8539
1631
1661
1630
1661
3842
6155
1785
6155
7978
2613
5797
2613
2637
2613
9316
2613
130
649
2716
2717
3947
2717
8019
7663
7669
7663
3472
6049
3479
6049
8317
4856
2190
4161
8198
4161
3548
7567
3574
7567
1671
6113
8735
6113
8374
2406
2405
2406
2762
3755
1354
4483
642
570
456
570
3870
8355
7377
10079
9501
10079
707
7776
9568
7776
925
935
2582
4807
308
477
303
477
522
477
7714
8035
629
551
10193
10197
10190
10197
3252
3251
3236
3251
1153
5882
1130
5882
7814
1425
8196
1425
3655
4859
3652
4859
4551
6046
3498
6046
2649
4812
3431
5825
3425
5825
8374
2409
7613
2409
1304
4493
7700
8536
688
9531
7637
2546
8392
2546
8393
2546
2539
2546
9464
646
1107
8728
9088
2011
1785
5921
1778
5921
3659
9794
2327
5216
2381
5216
2578
2678
8932
1658
9351
1658
9979
1658
1722
1658
1134
5877
1152
5877
2234
4158
8973
9434
9124
5154
7810
5154
3353
3360
8115
9516
2389
6288
2352
6288
1107
1122
1121
1122
1378
1383
1380
1383
8086
8072
8086
8072
9650
9806
1213
1241
9812
5722
9812
5722
8830
9958
1807
1806
1725
1806
7658
5793
1967
5793
7096
6531
7846
6531
967
972
956
972
3370
3375
3376
3375
8802
4525
4292
8022
8495
8022
4038
5512
2752
5512
2783
9583
2597
5613
9778
5613
1146
5717
7341
5681
6348
5549
2755
5549
8577
8067
8956
8067
2874
2918
7566
2918
3110
3113
1080
1081
1070
1081
4022
5406
3123
5406
5946
6298
5195
6298
5191
6266
2345
6266
4384
1393
1363
1393
4381
1393
2048
9039
1030
9233
2849
3049
4272
1117
4295
1117
9939
8380
2701
5507
2794
5507
8569
8017
9660
8017
8572
8017
2394
2430
2418
2430
631
592
286
592
7648
7981
3927
10086
9477
10086
1988
2143
2125
2143
9973
9959
9973
9959
10074
7359
957
967
966
967
9102
8133
8782
2963
8802
2963
5784
5783
5784
5783
2023
2219
5796
2219
10134
10322
294
295
2384
6291
7817
6291
9555
9499
3649
9739
8233
9739
1465
9739
1765
1809
1857
1862
1852
1862
2646
6333
1257
1238
1235
1238
7561
7535
7561
7535
7707
4285
3789
4285
2881
2882
388
332
1629
8932
4131
8932
8077
8932
3757
6528
7464
6528
3492
7462
7573
3780
5019
6180
1910
6180
2994
9738
8983
7356
7720
7356
8752
2877
7566
2921
4187
2216
9924
2216
6963
4674
7814
4674
864
873
869
873
3814
5678
1080
4295
1099
4295
1854
1857
8384
1857
7968
1857
1836
1857
4793
6301
4801
6301
7405
9498
96
7414
1144
1174
1079
1078
1047
1078
1326
8775
9949
2154
288
289
2813
2825
4529
2825
2347
6269
4179
6269
3189
5409
1625
9481
791
9481
7993
7978
2848
3046
422
598
321
598
1180
9036
3633
7457
2747
5546
2777
5546
7364
8927
7365
8927
2644
9600
73
534
427
537
427
263
427
1093
5890
4447
5890
1653
4122
785
6699
9547
6699
3700
8764
3700
8764
9925
6752
1850
1945
1146
1165
1166
1165
7482
6671
7850
6671
8215
3152
6949
3152
2707
5276
2451
5276
1444
4665
1418
4665
6960
3972
9351
3972
5702
3972
9979
3972
5701
3972
8446
3972
8781
8310
5229
4081
1635
4117
725
6689
729
6689
726
6689
730
6689
728
6689
731
6689
8665
6689
7140
3305
4539
3305
8076
8558
7820
5900
8903
3967
9374
3967
3690
3967
4508
1636
1373
1636
3960
6835
5959
6835
7338
7325
10048
1628
3083
3147
7273
9707
8451
9707
3208
4841
3227
4841
3076
4136
2119
6747
9168
5279
2711
5279
637
636
423
636
936
9199
7510
7495
7778
6696
9023
6696
7435
4257
7075
6668
3049
6668
1879
1895
1868
1895
10115
780
1732
4078
1119
9198
2169
7485
1331
4139
2269
5950
4388
1639
1638
1639
8055
9370
8889
9370
9712
9370
7681
3364
7287
3364
5931
5170
2207
5170
2411
3873
3794
3873
8959
8561
9463
8561
9460
8561
1956
5033
2004
5033
1334
9876
7322
1631
8932
1631
9382
1631
9375
1631
9607
4262
7329
9391
10274
10256
7278
7650
7278
7650
7903
6686
7127
6686
1864
1885
3391
5834
4418
5834
3226
4838
5999
4838
1043
9181
1951
6192
1906
6192
28
7632
1314
5680
1314
1200
1314
3696
1314
8624
8984
10080
8984
4750
6197
9178
6197
8383
1256
1200
1256
9266
1256
4309
1256
3074
3792
175
176
4216
2276
2267
2276
7523
3797
5727
8326
7955
8326
9279
8326
77
7972
2890
7634
2890
2534
2890
3589
3622
3618
3622
277
278
10106
6973
6962
6973
8882
8489
4817
3802
10298
10219
7347
7338
3167
7338
3963
3787
2610
3787
3862
3787
1882
1923
1900
1923
7340
9305
3497
3503
7203
3503
1887
6202
1930
6202
2068
2128
8307
2128
5663
8994
8997
8994
7747
8994
4056
9407
8048
8471
5019
6187
1955
6187
4338
10012
4339
10012
10025
10012
1509
9058
6702
8499
9408
8499
8522
8499
7410
755
1510
9865
2514
6320
2443
6320
2841
2900
7125
3713
7538
3713
7122
3713
3318
7523
7211
3617
3619
3617
3564
3581
3606
3649
4031
8853
1405
4642
3596
6867
7865
6867
9386
7293
7689
7293
7304
7293
10003
8486
10003
8486
5384
3935
7109
3935
4068
3935
1379
8329
1123
1142
1143
1142
1255
1259
7154
2279
5192
2279
8459
8402
8882
8402
8860
8402
7282
8402
339
340
9299
8387
8825
8387
5794
8387
1136
1137
1124
1137
1764
9231
40
10333
10251
10256
10251
3607
3646
9692
7341
8087
7341
7047
7341
9993
7341
2126
2131
7485
6872
2213
6872
2817
2834
8820
2834
2033
9926
8878
8844
10323
10175
364
366
3473
9691
9379
7283
8502
7283
4284
7283
4534
4533
10011
8468
7683
8468
8536
8496
22
9143
4637
9156
4637
8194
9061
1012
9134
7637
8392
3084
9216
8434
8397
8017
8397
2101
2170
7201
2170
10190
10194
2838
2950
75
9944
9921
8386
9921
3563
3578
1282
9670
8943
8940
7265
8820
8845
8820
3803
9893
5101
9893
264
265
1753
4983
1783
4983
3276
3595
8409
3595
7247
3595
3586
3595
106
779
4182
780
4182
1627
4182
798
4182
79
6
456
1634
1682
4389
1682
8100
8590
3894
5237
5954
5237
2658
2662
766
9551
7046
7045
1458
1511
1512
1511
9455
9977
4027
4993
9606
4993
3549
3585
2270
6826
258
259
2082
5159
2205
5159
1885
5051
2006
5051
5200
3931
3212
3226
9165
5242
3768
5242
7826
6215
7828
6215
8015
1721
9347
1721
1632
1721
7660
1721
557
625
271
625
561
625
558
625
627
625
591
625
2247
2404
2405
2404
4250
9466
7192
2553
9934
2553
2568
2657
2652
2657
1768
9732
8420
653
9529
8600
8280
4854
1035
5858
1057
5858
1514
1573
9933
1573
1636
1677
3469
6053
3459
6053
4366
9192
4128
4177
50
7110
3815
7186
7911
7581
7911
3090
7206
9149
4916
9114
4916
2567
4221
7322
9382
7322
9382
651
8415
7474
3012
7475
3012
9566
7774
709
7774
10264
10305
10334
10305
7712
10061
10073
10061
9152
1508
4180
1508
5805
4843
7106
4123
7896
4919
7524
4919
3605
5463
8757
5463
2535
2544
9934
2544
537
576
262
576
8935
8534
6729
7209
2566
3007
1891
5048
6204
5048
3291
3928
5684
9525
991
1003
7462
6044
7464
6044
784
8103
1690
1718
7197
1718
406
537
632
537
1050
5861
9880
5861
4057
5156
2102
5156
3228
3229
3178
3229
3385
3420
7908
4218
8312
4218
9249
4218
200
589
626
589
2382
5214
2321
5214
7586
7908
5968
6829
4799
6829
2262
2265
2260
2265
1185
9090
1059
1062
1028
1062
5935
2237
2223
2237
8639
5662
8993
5662
9232
8247
1266
1270
1256
1270
9190
4095
9191
4095
3925
4095
8805
7962
2430
7028
4366
8205
4764
4763
1796
1804
1734
1804
9442
9432
3943
9432
661
9432
3196
3210
2574
2858
2334
6264
2346
6264
2244
2242
9883
2242
9365
4408
8868
4408
9359
4408
1863
1878
7596
1878
2757
5553
2775
5553
3144
5404
7842
5404
9397
5657
8261
8252
5717
8252
2067
2073
2013
2073
1020
1057
9849
9682
2191
6810
2131
6810
1697
9100
3065
3053
2819
3053
3491
4551
1432
4679
9309
7230
7245
7230
7247
7230
9981
7230
9332
7230
9310
7957
2025
7957
3771
7957
9965
7957
1375
7478
7354
7343
2140
2159
2168
4085
10144
10274
9710
10027
158
7419
5189
6545
5195
6545
1165
1179
9700
7712
7725
7712
8602
7712
7597
1922
1838
1922
900
7522
1082
3732
9201
6012
8757
6012
1934
5025
1908
5025
7257
7031
2122
2156
2577
2861
1802
1917
1936
1881
1873
1881
26
7416
1140
1176
8129
10108
3373
4411
7979
4411
8396
4411
4413
4411
4825
6405
4114
6405
3746
4676
1441
4676
2480
5265
4156
5265
404
383
453
383
4033
2214
5129
2214
410
582
337
582
3888
7707
687
7707
7767
7707
9528
7707
9312
7603
8020
7603
8822
7603
8414
7603
9478
7354
3878
7354
8987
9475
8985
9475
9005
9475
2448
2463
2781
5544
2740
5544
4054
4548
271
272
7744
10091
7041
10091
5661
10091
9623
9034
9814
9034
1896
9034
3055
7481
2927
3044
3251
6007
7181
3727
9890
7517
3590
3623
1521
1596
1517
1568
7272
7265
4341
7265
4340
7265
7308
7265
3949
10042
10065
10042
2836
2908
3159
3160
9591
3160
8591
9454
3949
5707
10065
5707
1711
4027
629
270
6370
5354
2998
5354
6368
5603
9157
4358
9141
4358
3536
6760
1098
1107
1106
1107
10171
10320
10242
10320
10242
10320
7385
10088
3204
5416
3223
5416
3102
3103
3068
3103
3578
5481
3937
5481
1673
4976
1757
4976
689
9563
1136
8007
2795
5517
2696
5517
2051
2209
7167
7544
684
10111
220
223
1184
1225
8797
6731
24
8832
8824
1096
1112
2171
4032
891
5712
903
5712
1464
1586
9920
1586
7227
1586
203
204
1816
4725
1913
4725
455
558
277
558
1770
1816
268
461
418
461
2615
2774
8241
8155
4482
8155
6838
5522
2798
5522
5747
8012
7156
1754
7004
1754
7217
1754
2131
6539
6948
6539
3078
9882
4693
1571
9153
1571
2873
2911
7566
2911
2040
5097
1997
5097
2052
2206
3728
4361
887
4361
110
2010
5092
2042
5092
7480
4979
1698
4979
2616
6355
138
7404
3052
7553
8020
7657
1225
4474
9139
4474
5981
5343
2952
5343
4125
5478
3640
5478
106
246
8995
9480
3235
5419
3206
5419
2316
5230
2367
5230
1518
1599
554
548
420
548
3417
3424
3422
3424
2508
5957
8567
7662
9927
6728
109
4250
5062
6536
9627
6536
323
324
3812
5087
4010
5087
1711
1743
7527
1819
46
2197
5102
302
303
7920
5962
7562
5962
5235
5962
1594
1589
1587
1589
8534
9393
9963
9393
9378
9994
7676
9994
2528
9994
8036
9994
1460
1461
9695
1461
9270
1461
2507
2517
2407
2481
9418
8044
8529
8044
8062
8044
815
10006
8560
10006
814
10006
10015
10006
1970
2018
2015
2018
723
8288
3395
8288
6914
5209
6748
5209
4440
7463
860
840
834
840
9274
840
835
840
2500
2707
1857
1863
1853
1863
4081
2354
4016
2354
2559
2603
1360
7214
1364
7214
7214
1374
1379
1374
3970
5908
1617
5908
10094
703
5815
4904
3482
4904
1960
10058
7360
10058
4093
8531
8601
8531
926
944
938
944
2371
2416
1674
6103
4696
6103
9634
7861
5386
9758
4025
9758
5924
9758
2987
9758
2358
9758
2781
9758
3478
9758
3957
9758
3535
9758
3112
9758
2882
9758
3646
9758
2707
9758
2210
9758
3579
9758
9580
9758
5808
9758
3614
9758
3150
9758
1920
9758
4155
9758
3266
9758
5982
9758
2599
9758
2376
9758
2078
9758
4828
9758
3329
9758
2273
9758
3641
9758
2516
9758
5099
9758
7000
7156
2028
2068
6968
2068
9954
2068
6967
2068
2018
2096
5791
2096
8780
2096
7934
2096
8887
10037
2913
6380
4820
6380
3435
7039
7485
7039
3420
7039
4551
7039
7040
7039
2948
7039
9635
7039
3498
7039
9825
7039
3205
7039
6400
7039
6982
8266
1271
8298
1239
5774
1222
5774
2509
2522
2094
4778
2304
4778
10169
10302
10163
10302
7513
6133
7880
6133
8565
9759
5699
9759
7290
9759
8264
2086
2085
2086
7892
2086
2468
2712
1797
3733
1552
9222
8051
2419
4144
2419
1459
1458
1439
1458
2579
7159
7192
7159
2016
2099
2017
2099
4384
8333
1363
8333
4385
8333
4381
8333
2342
2343
2407
2478
5738
9939
5799
9939
7889
4822
7878
4822
3791
4822
1969
2021
2020
2021
2899
2957
4525
2957
3802
2957
7173
2957
7655
2230
5730
2230
8
9530
941
953
721
8291
1985
1977
1937
1977
8779
9253
5961
8180
5943
8180
8547
8053
8069
8053
7342
8053
267
634
1164
1193
9843
5911
4504
5911
2093
5206
3958
5206
1150
4592
9136
4592
8597
8528
3880
8528
2533
7242
2665
6932
9225
7858
7105
7858
7536
7858
6937
4693
2066
2071
2072
2071
890
894
882
894
1195
4597
1158
4597
9941
9932
5795
9932
5794
9932
1965
9932
1940
1982
1978
1982
7467
6775
7455
6775
3802
2962
7173
2962
2898
2962
4524
2962
7206
8301
3097
3175
8927
9693
5687
9693
7710
9693
9584
9693
9988
9693
2890
4817
34
10127
2303
4781
2235
4781
2027
2089
7635
9938
7533
4602
1240
4602
1291
6927
8254
4587
1178
4587
883
884
878
884
1510
4683
6730
7237
1696
7036
633
601
327
601
5715
1183
1167
1183
8790
1183
9269
1183
1476
8269
1394
9726
10263
10224
2501
3899
2614
2650
1232
9891
744
8640
7381
8640
4266
8640
9521
9472
9496
9472
784
9472
9169
5283
2711
5283
17
9557
1659
9376
10048
9376
9985
9376
4229
3453
4055
3453
3488
3453
9957
3453
8001
9310
2935
5341
3058
9186
7462
6766
7847
6766
2169
9108
6205
6798
8224
6798
10
398
3999
9721
3556
9870
804
805
3863
4937
7509
4937
3085
3166
1433
3871
3138
3198
2404
2485
8947
8903
8973
8903
3810
8903
10106
3946
6962
3946
7013
3946
8874
4400
8531
4400
8469
4400
4346
4400
8898
4400
9853
6618
4109
6618
1272
1306
7234
1306
1715
3889
389
342
8360
5293
3095
3188
1718
1741
2473
2495
2475
2495
3950
4390
7812
6788
7806
6788
1568
4942
1563
4942
3621
3635
8865
3169
3168
3169
7665
3169
1849
4013
3907
3949
7050
3949
2291
2325
3477
6769
3499
6769
4335
4334
6915
5338
2960
5338
4228
6582
5285
6582
8095
9448
4113
5523
9842
5523
892
9111
9666
6801
5927
6801
4481
8694
7838
8694
2055
4063
7568
8275
3194
3896
2961
3868
3194
3201
10326
10189
2399
4795
6739
9665
993
9665
2059
9665
4369
9665
920
9665
3891
9665
891
9665
933
9665
1150
9665
5198
9665
978
9665
1192
9665
4139
9665
1225
9665
4693
9665
1645
9665
2356
9665
9148
9665
886
9665
1053
9665
1499
9665
877
9665
9666
9665
839
9665
9143
9665
9152
9665
910
9665
1258
9665
4037
9665
9157
9665
9163
9665
1675
9665
6745
9665
9150
9665
9142
9665
9156
9665
4192
9665
9140
9665
4180
9665
9112
9665
9138
9665
9139
9665
903
9665
1108
9665
945
9665
5927
9665
6957
9665
1131
9665
2252
9665
961
9665
4701
9665
1000
9665
1071
9665
9153
9665
9167
9665
1090
9665
9144
9665
1036
9665
9159
9665
9135
9665
9141
9665
9164
9665
9835
9665
9162
9665
1942
9665
4741
9665
9136
9665
6907
3444
7264
3444
7645
3444
6906
3444
2785
6577
2719
6577
3164
6673
3045
6673
2725
6621
2619
6621
3985
4615
1293
4615
3275
3280
7277
3280
8191
3886
3098
3191
1313
1309
1339
1309
8428
1309
2306
4785
2107
4785
1697
1738
9593
9449
4013
6791
4028
6791
4693
8684
1499
8684
5662
9421
9482
9421
3911
7950
6984
6986
3257
3255
3239
3255
2413
7170
2146
5485
3902
5485
1438
1434
1410
1434
4238
8608
7169
1939
1929
1939
3124
5650
6398
5650
2489
6324
2519
6324
2248
2283
2268
2283
6959
9426
1377
7834
0
7928
2341
8314
2341
2226
2341
9262
2341
9947
8351
9947
8351
1043
1050
2869
9676
4190
5495
7799
5495
148
9595
3749
3748
1326
1330
1327
1330
9373
7279
7290
7279
7834
6148
7477
6148
3072
4823
8615
6996
7257
6968
3877
6849
4059
6849
36
1979
6913
8295
7118
2276
2293
4769
8260
3890
6440
6000
6440
4959
7900
8297
7900
2414
2523
3341
6484
3330
6484
3562
3563
3375
3563
8499
9365
6703
9365
3664
3667
1837
1936
7982
1936
8357
9744
394
351
8989
8611
8631
8611
9923
9267
121
187
9232
7082
7951
9907
9909
9907
9909
9907
8797
8348
10053
8473
1376
1500
2097
2338
9480
4312
4274
4312
6980
4312
553
493
186
493
378
493
2933
5325
8984
6989
10226
10147
3736
4965
4739
4965
3747
3751
8762
3672
4855
3672
247
517
532
517
562
517
7544
4145
9659
4145
8276
4145
5980
6846
5986
6846
1481
1645
1730
6151
1754
6151
9246
7890
4852
6494
5425
6494
5653
6971
10099
6971
1630
7276
1382
1490
2155
5115
3932
5115
8808
4307
531
574
533
574
257
574
1634
6999
7909
7121
2408
7077
9492
10074
10079
10074
3175
5414
3150
5414
3392
4418
7519
4479
1302
4479
3215
3220
7475
5356
3028
5356
3426
3429
5967
6820
7868
6820
10052
7678
8036
7678
1505
1594
1515
1594
2776
6590
4149
6590
7493
5457
3358
5457
3619
7546
3319
7546
2837
4050
442
486
242
486
9742
4930
1567
4930
10185
10186
95
7409
3258
3302
1752
4974
1674
4974
3282
3287
3286
3287
2961
5978
392
330
7820
1584
5782
1584
119
2807
5535
9603
5535
9556
748
9943
8826
9943
8826
8777
9777
9663
3035
4495
3035
8190
3035
1649
9045
1681
1756
4406
3292
3294
3292
3255
3297
2624
2776
1769
1814
9592
6600
2768
6600
1556
8215
2334
8215
1301
8215
9193
8215
1259
8215
3007
8215
2463
8215
1816
8215
1754
8215
2206
8215
9683
8215
2901
8215
2687
8215
1172
8215
2659
8215
2346
8215
1933
8215
2741
8215
5977
8215
1416
8215
9820
8215
9608
8215
3151
8215
2007
8215
4504
8215
3764
8215
4030
8215
3114
8215
2144
8215
4494
8215
1208
8215
4482
8215
626
216
3605
5462
3646
5462
3416
4421
5708
4421
9502
667
154
7406
7164
2663
7208
2663
1833
1907
2542
2567
2541
2567
4325
4377
4323
4377
7280
4377
9639
4377
8462
4377
4326
4377
10327
10325
7199
3527
4409
3527
9264
3527
3820
3527
2410
7613
9959
7613
7980
7613
9973
7613
7360
7717
4209
2204
4005
2204
8616
10050
7728
10050
7568
7549
7372
7681
4197
7681
9216
6415
3150
6415
4655
6067
4687
6067
3019
5359
4819
5359
7221
3426
3380
3426
779
10106
774
10106
787
10106
783
10106
772
10106
785
10106
778
10106
790
10106
4661
7783
3897
7783
7751
9613
756
9613
7374
9613
7889
7507
3663
6017
3669
6017
2945
5981
1528
1540
1542
1540
1178
4476
1224
4476
4688
6072
3863
6072
8608
7722
8652
7722
3998
7722
7756
7722
3494
3532
9947
2572
9294
2572
7251
2572
8351
2572
8359
2572
3720
2572
2147
6534
9743
6534
9129
1759
1636
1759
1801
1912
4383
4382
9558
751
3793
2779
4808
2779
4814
2779
8648
672
8459
8829
8860
8829
7282
8829
4856
6022
4543
6022
2866
7512
69
4483
7793
1415
7793
1478
1477
1437
1477
2054
6247
1403
1521
1520
1521
4242
9486
10317
10236
10178
10236
2449
2457
9259
2457
9260
2457
7938
2457
3539
3550
9111
899
885
899
7327
8046
7327
8046
2934
2978
9227
9172
9577
7090
7323
1958
9391
1958
10036
1958
8905
1958
10023
1958
1963
1958
3430
7825
2088
2094
7158
7154
866
871
928
946
2371
2414
2498
2414
1042
9028
1706
1711
1692
1711
1939
6205
3510
4906
3701
4906
753
4211
747
4211
4146
4211
885
7921
1378
1376
4507
1376
8814
7216
1077
7877
2038
3805
5980
3805
3182
3805
1466
3805
3015
3805
3702
3805
3087
3805
2886
3805
3050
3805
4117
3805
3705
3805
4156
3805
4002
3805
5914
3805
4041
3805
3227
3805
7491
3805
1746
3805
2604
3805
9831
3805
5098
3805
3830
3805
3330
3805
2671
3805
1894
3805
3961
3805
1613
3805
4077
3805
1502
3805
3349
3805
4130
3805
1906
3805
2318
2356
709
889
824
889
10105
889
880
889
1222
5776
1177
5776
7278
8810
7650
8810
8836
8810
1976
8810
3978
7100
2185
6252
5129
6252
7151
8264
5250
2462
8751
2462
8229
2462
1393
1482
1489
1482
1162
7882
8980
8545
9581
9827
3433
9827
3585
9827
2663
9827
3532
9827
3513
9827
9572
9827
5811
9827
3895
9827
3436
9827
3439
9827
2878
9827
8392
2535
8393
2535
5741
2535
7204
2084
7910
2084
7574
2084
4225
2084
4551
6035
7912
6035
782
9550
424
637
410
637
1381
1379
1366
1379
8808
7219
1980
2040
7235
7963
8306
4762
8307
4762
9628
4909
5816
4909
2219
2359
3457
7143
1520
1518
4506
1518
6981
2981
995
1013
997
1013
763
1961
9516
1961
3858
1961
8120
1961
155
7430
939
949
927
949
9688
3017
2876
3017
8546
8049
8928
8049
778
5663
2680
5567
2664
5567
847
896
9982
896
907
896
849
896
841
868
7975
868
867
868
1155
9031
8244
9031
3151
9031
1667
1708
1662
1708
7758
8113
7163
7918
2359
5204
2333
5204
1710
9148
6718
3067
8046
3067
7327
3067
7670
3067
9491
4208
8615
4208
8506
1063
9390
1063
9987
1063
858
1063
3409
3410
2993
3022
641
353
328
353
8410
8405
8772
4757
179
491
454
491
380
491
8337
9149
5780
9149
9873
9149
3073
3072
7609
3072
9479
7034
3826
7034
5689
7034
791
7034
1312
5779
878
886
4152
5572
2620
5572
9079
8699
8427
9885
1631
9885
7266
9885
3194
3840
3446
3449
3940
3449
2575
9629
3504
3513
9297
7627
7376
7723
220
221
7687
9715
8033
9715
8013
9715
2512
6310
2466
6310
7860
3944
898
3944
1441
3944
9730
3944
1747
3944
4095
3944
2156
3944
7834
3944
1239
3944
1222
3944
4087
3944
1902
3944
1177
3944
2714
3944
7821
3944
1866
3944
5958
3944
2003
3944
1175
3944
2362
3944
5943
3944
9924
3944
8744
3944
2092
3944
8272
3944
3022
5370
2973
5370
3885
10067
3061
3164
451
463
314
463
8949
4339
8950
4339
7429
8671
2156
5080
4127
5080
3323
3607
3630
3607
2872
8752
2857
8752
3576
6023
3975
6023
2098
3703
9691
6764
9580
6764
2698
2742
2690
2742
799
4263
7891
6558
5196
6558
1313
7632
1310
1304
1271
1304
3473
9628
1321
8689
4092
8689
1768
1770
8309
1770
8770
1770
8774
1770
863
8747
3570
3612
4074
2737
6345
2737
5669
733
8445
8835
113
2856
2845
2827
2845
630
312
631
301
4337
4336
4337
4336
3954
3953
8198
3953
7579
9230
7358
9690
2525
9690
9774
9690
3287
3347
78
9522
10323
10174
3774
2985
8266
2985
9230
2985
945
5765
961
5765
3444
3446
3456
3446
2427
3894
4256
9671
1479
9920
4034
8696
714
8668
7407
8668
8208
4437
977
4437
10194
10195
5201
6561
5197
6561
63
3351
3352
4851
3352
8002
1365
6911
1365
1360
1365
8000
1365
3436
4555
3026
8686
5989
8686
1040
4442
1039
4442
8764
2995
2854
2995
7556
2995
3700
2995
2843
3884
8007
9317
3312
3315
8271
4107
7028
4107
7359
9415
8970
9415
7821
4580
1175
4580
1434
1436
1413
1436
7613
2370
7598
2370
3781
8197
622
547
421
547
2995
3023
5662
10072
9482
10072
10320
10211
4341
5742
10056
5742
4340
5742
7308
5742
4342
5742
2049
6984
2389
8192
3218
8192
2997
8192
4653
8192
7832
8192
3235
8192
7854
8192
6740
8192
3206
8192
2946
8192
1351
8192
7073
8192
2352
8192
4697
8192
1254
8192
1917
8192
5962
8192
2522
8192
7858
8192
2293
8192
1582
8192
2622
8192
2967
8192
2305
8192
2807
8192
7480
8192
2888
8192
3005
8192
1831
8192
1698
8192
2157
8192
3124
8192
3146
8192
4043
8192
2606
8192
2452
8192
7848
8192
3959
8192
6398
8192
2939
8192
3180
8192
7826
8192
2133
8192
2673
8192
7824
8192
7853
8192
6722
8192
4660
8192
2747
8192
1612
8192
3756
8192
1532
8192
1406
8192
4509
8192
7482
8192
3968
8192
7850
8192
2254
8192
7819
8192
9603
8192
1858
8192
7490
8192
7828
8192
2988
8192
5925
8192
2777
8192
4490
8192
1013
1027
994
1027
7869
9154
5976
9154
8760
9154
814
8127
3238
9579
8721
6489
3600
6489
3723
8973
3989
8973
1926
2000
2612
7836
2824
7141
247
248
265
577
634
577
418
577
65
2455
6326
5959
6326
1333
1337
1338
1337
4492
8187
4491
8187
735
6994
3823
6994
736
6994
1010
1032
4847
6471
3600
6471
1120
8202
9600
9601
4336
5737
8512
5737
4337
5737
1002
5845
8212
5845
117
1193
4465
1205
4465
7736
4112
1324
1342
7992
1342
7998
1342
7483
6853
7845
6853
1377
9843
8328
8320
8328
8320
9579
9578
7830
6499
3661
6499
4180
8132
9159
8132
8234
7058
4482
7058
9834
9812
7992
9812
7998
9812
1991
1990
9995
1990
3409
7839
115
5293
2765
3965
2765
2764
2765
2506
6329
2486
6329
7541
5985
4818
5985
4526
5985
1843
1934
3928
6486
4853
6486
8598
8867
10127
9371
8740
7450
7923
1850
1847
1850
2978
6387
3764
6387
4060
6402
7338
7685
7335
7685
4826
9180
4067
7138
4317
1439
1411
1439
3923
1439
8910
9390
4056
9390
8533
9390
3676
6496
4853
6496
3339
6468
3344
6468
6845
6844
3817
8872
8563
8872
3770
8872
3184
5995
9195
5995
1347
6940
3812
5055
1887
5055
67
9901
6397
3115
6392
3044
6392
9363
7274
9372
7274
7334
7695
2523
7061
3431
6057
9821
6057
7898
9182
5783
9182
5784
9182
6947
4173
1
9416
9392
8924
9392
9412
9392
3224
5401
3201
5401
3446
3450
3940
3450
2545
2557
2560
2557
380
492
182
492
2613
2653
2570
2653
7114
3839
9604
3839
3881
3839
8237
1621
9820
1621
1575
1577
1650
1673
5979
8700
3025
8700
8478
657
3104
3138
9903
3138
3920
5079
4024
5079
1694
1791
4341
4340
4341
4340
10009
9987
685
9987
9023
9987
8914
9987
4502
6738
9844
6738
415
535
1821
4992
7803
4992
3022
5369
2914
5369
1790
4997
9171
4997
7457
3685
7458
3685
3830
6309
4798
6309
1579
1582
9518
662
1768
1769
9871
1769
7945
1769
4186
2562
8386
2562
2356
5233
2252
5233
4065
8690
7471
8690
3147
5391
3128
5391
8219
6062
8248
6062
1736
5002
1825
5002
9621
3274
7254
3274
563
529
538
529
3485
3695
1761
4987
1746
4987
1796
1801
1733
1801
2429
2435
2430
2435
8876
8445
8053
8445
8890
8445
3754
10112
1965
4394
4797
6306
2444
6306
7121
5398
5990
5398
2990
5366
2971
5366
9431
7315
8542
7315
1539
1618
731
8107
4167
5076
2155
5076
8932
3836
3078
3141
2599
3003
9748
3003
981
1007
997
1007
3733
4735
1812
4735
9234
1788
1787
1788
1693
1788
3289
4847
1982
4127
2014
6741
9919
6741
4511
6741
5790
6741
8100
10041
8096
10041
7383
8634
10083
8634
7493
5467
7494
5467
8311
2644
2643
2644
4151
2644
3866
9810
6351
9810
1490
9810
2765
9810
6003
9810
1728
9810
3576
9810
3145
9810
1669
9810
3311
9810
1595
9810
3558
9810
3643
9810
3626
9810
1648
9810
4109
9810
3019
9810
4819
9810
800
8112
89
267
4385
4384
4385
4384
8275
5388
8977
9443
10045
9443
4210
5472
4193
5472
8824
4132
7636
4132
1836
4132
3334
4852
998
1012
982
1012
1776
1798
1803
1798
1709
1766
1773
1766
7262
1494
4377
1494
8441
1971
1967
1971
5749
9922
3818
9922
8971
7347
9458
7347
1120
1151
5325
6645
2915
6645
9311
1846
4160
1846
7232
1846
8388
1846
9735
2369
7598
2369
3699
2369
396
326
1576
4651
1150
4579
1131
4579
7577
4772
1972
7953
1019
1053
9006
9692
9008
9692
9005
9692
80
9520
2400
2401
2406
2401
2285
2401
9745
2401
2072
2077
4225
2077
4084
2121
7271
2121
2823
3057
3039
3057
10175
10176
1923
1999
3637
7446
2332
7446
2327
7446
2361
7446
2064
7446
2937
7446
4140
7446
3204
7446
9892
7446
6816
7446
6346
7446
2951
7446
2184
7446
3905
7446
3109
7446
2958
7446
2708
7446
3040
7446
2775
7446
3142
7446
1896
7446
3977
7446
4021
7446
4071
7446
2682
7446
2923
7446
3131
7446
3659
7446
9908
7446
4133
7446
2002
7446
2883
7446
3432
7446
2662
5557
6355
5557
7432
5653
987
9232
3642
6490
3602
6490
1552
7894
8554
858
857
858
9023
858
9881
9767
1994
4767
8917
6936
9726
9244
6002
5435
3246
5435
4382
1484
4384
1484
4385
1484
1404
1484
9481
7352
9479
7352
4440
8243
1869
1989
1992
1989
2776
5562
2663
5562
8844
2233
8445
2233
2224
2233
4868
6500
3628
6500
7941
8319
3571
7884
3727
2391
8328
2391
9772
2391
6372
3062
5324
3062
2077
2082
555
244
10259
10152
10140
10152
7099
7449
4532
7449
4227
7449
9967
1968
7305
1968
9980
1968
3986
1968
1928
1996
205
206
765
3723
3722
3723
767
3723
9017
3723
3859
6003
7540
6003
8753
6003
1779
7513
1017
1044
1031
1044
3591
3627
1118
1148
9220
4648
1442
4648
3089
5644
3133
5644
2453
2467
8620
9485
2490
6330
2379
6330
8541
10011
8074
10011
1428
7840
1071
4576
1090
4576
2365
2366
2298
2366
2247
2398
5722
1440
1439
1440
9295
1440
646
7703
7728
7703
8642
7703
9287
7607
4404
7607
7618
7607
2019
2118
2022
2118
8795
7944
1804
1913
2572
7164
840
861
863
861
9546
10107
9545
10107
780
10107
9550
10107
9552
10107
795
10107
9548
10107
9547
10107
7923
1849
1847
1849
1144
8254
8768
6434
2458
2472
10152
10153
10310
10153
3325
3632
3630
3632
1952
1986
9727
1986
4302
8316
2839
7612
342
343
2239
2388
4322
6939
4323
6939
9639
6939
9990
6939
8462
6939
8843
6939
5680
1324
4314
1324
3696
1324
8807
1324
8047
1324
3795
4228
6587
4228
2377
6819
2488
6819
2323
5224
9610
5224
3422
3430
3380
3430
9919
6743
4511
6743
5789
6743
5803
3219
5409
3219
1486
1536
7535
4480
7561
4480
8283
4480
6938
3963
3221
3963
1491
3963
2767
3963
3042
3963
9845
3963
9571
3963
3171
3963
4209
3963
4005
3963
2785
3963
1824
3963
1903
3963
3663
3963
7472
3963
4692
3963
2685
3963
1945
3963
4081
3963
2950
3963
2478
3963
2089
3963
2985
3963
1788
3963
3159
3963
1590
3963
3662
3963
9591
3963
4074
3963
9620
3963
4076
3963
4825
3963
9688
3963
3647
3963
2876
3963
4070
3963
2719
3963
4690
3963
4114
3963
9751
3963
9636
3963
4016
3963
2892
3963
4694
3963
6345
3963
2524
3963
3260
3963
3351
3963
1603
3963
1737
3963
1995
3963
2365
3963
3973
3963
3243
3963
1644
3963
3682
3963
4848
3963
4851
3963
2392
3963
1886
3963
2298
3963
2149
3963
2456
3963
3299
3963
6992
3963
3669
3963
1695
1728
3079
3143
8666
9011
9014
9011
2084
3918
832
8658
5672
8658
6934
8658
5679
8658
7403
8658
9562
8658
7759
8658
7407
8658
156
7410
7832
4929
3756
4929
7999
4049
7046
9569
4150
6589
9831
6589
7839
5755
7456
5755
2722
4113
2242
2375
1023
4565
1001
4565
7745
1355
9768
1355
4095
6571
2811
6571
10110
9568
2748
6599
2779
6599
13
4244
2712
5248
5970
5248
8455
8425
7654
8425
8775
7550
4792
4231
3812
4231
6988
4231
1207
4231
3962
4231
4103
4231
1275
4231
2446
4231
2347
4231
4483
4231
9583
4231
1907
4231
6247
4231
1415
4231
6961
4231
2750
4231
4141
4231
4138
4231
2161
4231
4092
4231
1887
4231
4179
4231
9674
4231
1194
4231
3970
4231
2330
4231
2380
4231
4099
4231
9859
4231
1783
4231
4811
4231
1242
4231
1463
4231
2710
4231
3865
4231
2080
4231
947
4231
1930
4231
4010
4231
1564
4926
1617
4926
8500
4046
9388
4046
3686
4046
10022
4046
10046
4046
710
9381
9737
9191
408
419
2935
3825
6587
6586
4765
9731
7503
9731
8254
9731
1178
9731
1087
9731
1224
9731
3804
9731
7518
9731
9162
5037
1942
5037
2169
6225
1696
1731
1699
1731
8664
9008
4387
9886
1361
9886
619
609
330
609
2926
6754
4536
3921
8060
3216
1528
1539
1542
1539
9013
8661
9535
8661
7100
7805
3979
7805
8749
7805
6367
3877
5603
3877
7104
3877
1102
9170
7138
3154
4066
3154
4068
3154
4416
9634
6349
9634
5285
9634
2519
9634
7111
6816
5936
6816
10235
10234
10223
10234
10207
10234
4249
9398
846
9716
2990
5360
4222
5360
2616
2780
777
9552
1679
1760
1998
5042
3879
5042
553
425
185
425
371
425
6838
6596
5298
6596
2705
6568
2465
6568
119
4253
8623
9399
3236
3882
5957
5251
9169
5251
2812
8830
8514
8830
9364
8830
9410
8830
8859
8830
6939
3717
3556
3613
8309
7527
8770
7527
1708
7527
8774
7527
1233
7089
1237
7089
222
438
365
438
369
438
901
900
893
900
3567
3549
3538
3549
8130
8857
7885
3681
2738
2755
8291
3406
5671
3406
1058
8174
2839
6982
1726
1775
1723
1775
1516
9207
3506
3507
10157
10158
1867
6183
5061
6183
8897
2224
10037
2224
2217
2224
8871
2224
7578
2036
7183
2036
101
7426
742
10066
8988
10066
9841
3783
1901
1927
1929
1927
1630
6977
1181
7021
1826
5015
1918
5015
9595
8862
9958
8809
9958
8809
4198
7099
4198
7099
1346
8238
8769
7532
3847
6458
5425
6458
6973
3722
3946
3722
889
890
847
890
9308
890
9982
890
2249
2248
2227
2248
1843
1932
5198
7071
4822
5375
4050
5375
4815
3793
630
311
76
302
1905
6193
1950
6193
2004
5065
9897
5065
3494
3512
3504
3512
8909
9753
8937
9753
8907
950
8911
950
6971
7429
10225
10184
10176
10184
9618
3678
3668
3678
3403
9698
6914
9698
6698
9416
2341
2360
3478
4910
6733
4910
5801
8393
8595
9334
1982
2039
403
380
7275
9933
1453
9933
5723
1380
1366
1380
9974
7220
9974
7220
7919
3409
8288
3409
3406
3409
7886
3409
10298
10277
10300
10277
8064
7302
3988
7302
8056
7302
9711
7302
4538
4537
8322
834
1259
4633
1317
4633
4247
7287
9680
9681
7091
7086
8327
9259
1102
1133
4252
9431
3695
3546
7094
3546
3545
3546
10309
10252
82
91
7356
8050
8079
8050
9581
9699
8252
4455
1208
4455
9876
7018
4308
8383
2228
2251
8368
2251
7590
2251
5426
6461
4846
6461
1574
8241
3692
8806
8344
9258
7021
7068
1195
7068
9207
7096
221
222
9887
5780
3617
4542
10014
7292
5693
7292
10058
7292
8102
7292
4102
7292
3825
6374
2998
6374
9962
7297
3866
6863
6010
6863
8589
4332
7717
4332
3688
4332
7301
7667
3285
7563
7478
6081
1534
6081
2669
5305
1895
9623
1641
6117
1676
6117
3013
6365
4109
6365
7418
8639
9936
4371
1197
4371
4312
4371
4311
4371
122
717
5972
2649
7191
2649
8335
2649
3936
2649
8363
2581
8371
2581
2582
2581
7958
2581
2692
2617
4020
2617
10118
681
2468
2713
7153
3900
1559
1561
3997
10036
8851
4399
2721
2787
2397
5967
280
469
525
469
782
783
8723
2802
3918
5147
6248
5147
7749
8631
3726
8631
10327
10326
89
9507
7328
8885
2497
2503
2434
2503
2587
2622
3189
3890
123
722
4234
7751
641
633
395
633
9173
6122
9174
6122
7283
4327
9434
7672
9389
7672
7699
7672
7684
7672
7694
7672
10120
8895
102
3972
4389
1638
4389
2722
2797
2104
5152
2065
5152
7295
3276
9589
3276
9999
3276
522
475
305
475
3854
793
10115
793
755
793
10113
793
757
793
762
793
786
793
771
793
761
793
758
793
782
793
777
793
10114
793
770
793
4234
793
766
793
773
793
2629
5972
2783
2792
4071
5074
2002
5074
7856
6078
3933
6078
5815
6770
4552
6770
3015
5364
3961
5364
2548
2578
2588
2578
4793
6304
2378
6304
9998
4396
1856
3950
1163
4368
4026
7255
7877
5873
7874
5873
1550
1558
10130
678
3168
3170
7293
3170
4807
2646
2697
2646
8311
2646
8338
2646
9498
8636
8998
8636
4286
8636
4498
4497
7765
8628
9184
4492
108
34
4232
3834
7288
3834
3275
3279
7277
3279
8510
4386
8534
4386
8515
4386
9963
4386
7314
4386
3698
4386
7753
7748
7384
7748
2936
2935
2835
2935
1708
1764
1773
1764
9012
8945
8962
8945
7049
8945
4804
4803
5964
8165
2381
8165
1343
4487
1309
1310
1231
1310
1591
4502
940
963
1491
8137
4692
8137
7174
5802
2141
2147
10162
10321
8349
5787
2962
2967
1922
7169
1935
7169
1895
9131
2289
5503
2316
5503
1808
1844
1839
1844
7671
8013
8376
7949
7643
7949
1503
1496
1371
1496
1448
1468
1541
7896
8766
7868
7115
7868
6727
2305
2175
7201
7957
7201
8800
7201
8373
7201
2034
2061
4169
2061
1362
1392
1361
1392
7119
3117
6686
3117
1043
1049
902
7444
1083
1113
15
313
3077
3081
3075
3081
1388
1397
1386
1397
2886
5617
3961
5617
7542
9848
7124
9848
1305
9848
904
5713
3729
5713
911
918
921
918
53
9573
805
8063
8667
8063
7348
8063
4318
8063
9854
5581
2679
5581
3981
5649
9879
5649
8791
1940
4390
1940
1935
1940
8333
1486
1489
1486
8494
7280
1342
1329
1325
1329
5793
5792
7772
6934
5656
6934
4271
6934
7137
2972
6368
2972
871
8142
3740
8142
296
297
2124
2152
8468
5797
8016
5797
8442
5797
1841
9849
3246
6439
3264
6439
7543
8259
2605
5622
2620
5622
5972
7191
5972
7191
8291
7886
9241
7886
1387
1402
1389
1402
5989
6850
9687
6850
7605
1387
1359
1387
3101
3122
319
462
623
462
357
462
7538
7453
7092
7453
9432
8923
5696
8923
3113
5646
7488
5646
9349
1046
9348
1046
9343
1046
1014
1046
8505
10005
1482
7899
913
9128
3995
1994
1880
1994
10109
825
8213
1471
4681
1471
1434
9872
7422
9491
8461
9312
7582
6990
3237
7198
3213
7198
1182
7871
3327
7166
7588
7166
213
214
8350
2058
2066
2058
8785
2058
7939
2058
1376
1499
7015
7946
3105
3078
4531
3078
916
921
908
921
2856
2873
2857
2873
10132
10226
8610
9470
2700
6342
2454
6342
2221
2364
3864
5578
9855
5578
6714
1853
1871
1853
1067
4574
1088
4574
870
877
7905
7889
9912
8314
1973
5935
5933
5935
9664
5935
5932
5935
1940
1984
1978
1984
976
8256
6003
6436
3850
6436
3676
9817
3525
9817
5926
9817
3428
9817
4134
9817
3585
9817
3931
9817
4123
9817
3928
9817
2858
9817
6007
9817
3623
9817
3166
9817
3896
9817
2776
9817
3532
9817
3550
9817
3513
9817
9628
9817
9699
9817
9854
9817
2679
9817
4793
9817
9195
9817
3580
9817
2702
9817
3339
9817
2104
9817
9572
9817
2236
9817
5811
9817
2654
9817
4862
9817
3308
9817
3528
9817
5816
9817
3895
9817
4554
9817
3436
9817
3439
9817
2878
9817
5998
9817
4853
9817
4801
9817
9642
9817
2938
9817
3344
9817
2959
9817
9834
1326
7992
1326
3724
1326
1323
1326
3822
6337
4804
6337
845
882
889
882
9308
882
881
882
9755
7635
1637
7000
59
3077
7188
3059
7188
450
484
385
484
166
484
1493
1489
1394
1489
10011
8508
2245
9930
1485
1534
1358
6912
2611
5585
2689
5585
6760
6759
10144
10264
2483
5226
2373
5226
2172
5931
568
573
531
573
254
573
3060
3159
3053
3085
3069
3085
2130
9666
840
8718
3234
3242
3946
3858
9543
3858
768
3858
10189
10190
14
9532
2051
2210
7128
9604
3464
5815
1450
9220
3380
4053
447
507
429
507
55
1329
1415
724
7175
784
10100
7761
10100
5661
10100
788
10100
3092
3095
6719
3095
7941
3095
8303
3095
8482
6907
9431
6907
6705
6907
2604
5595
2684
5595
351
352
9214
6540
5099
6540
102
4246
5749
3237
3232
3237
1675
6123
4701
6123
9211
9185
4520
9277
8517
8511
3443
3463
3458
3463
8901
9375
1761
4980
1755
4980
9165
6584
3765
6584
2587
2623
2726
2727
10066
4044
10085
4044
8992
4044
8976
4044
1266
9725
8331
723
7894
4924
7896
4924
5929
5928
8317
8721
5317
9619
1518
1600
9495
8573
9457
8573
7738
8573
5934
6814
6250
6814
2231
5229
2307
5229
9643
8677
4652
8677
6372
3156
3154
3156
7128
3861
3882
3861
3125
5420
3149
5420
4535
3214
3213
3214
5808
6756
3554
6756
2753
6594
9842
6594
1767
1820
5304
2732
3892
2732
1322
4313
110
4249
57
7741
7733
2368
9618
2705
9618
2648
9618
2091
9618
1829
9618
2416
9618
2472
9618
3613
9618
2039
9618
9619
9618
1670
9618
2182
9618
2199
9618
8736
9618
1947
9618
3615
9618
4191
9618
3149
9618
3047
9618
3018
9618
3089
9618
3677
9618
2326
9618
3645
9618
3306
9618
7496
9618
3011
9618
5425
9618
2619
9618
2736
9618
1597
9618
4651
8682
7492
8682
1587
1590
836
839
2338
5210
2090
5210
4334
8917
4044
8917
8591
8917
2772
3657
2060
3657
4206
3657
3267
3657
2889
3657
4827
3657
4870
3657
2723
3657
3347
3657
2375
3657
3825
3657
3051
3657
3651
3657
5807
3657
5812
3657
5196
3657
1919
3657
4176
3657
6746
3657
2506
3657
4064
3657
3333
3657
2183
3657
3174
3657
6370
3657
3111
3657
2611
3657
3656
3657
3879
3657
3638
3657
2335
3657
3529
3657
1762
3657
8569
8881
8603
8881
1416
8176
4488
8176
8047
9366
3403
3404
4545
3553
7142
3553
44
4062
9482
8993
9482
8637
9482
4080
2815
2816
2815
8840
2815
8838
2815
7159
2585
2554
2585
10111
685
24
7424
2030
2034
9976
2034
2930
2931
5793
2226
5729
2226
4718
6085
4691
6085
1062
9880
645
612
343
612
10250
10294
10304
10294
2171
6961
7884
6518
3573
6518
3609
3662
1500
4955
8228
4955
3551
7040
5987
7040
8222
7040
7827
7040
4845
7040
3625
7040
2390
7040
3419
7040
3435
7040
4856
7040
2678
7040
3420
7040
7861
7040
3191
7040
4847
7040
7884
7040
9863
7040
5295
7040
2303
7040
3476
7040
2235
7040
2879
7040
2350
7040
2105
7040
3144
7040
2035
7040
5996
7040
2062
7040
3573
7040
5820
7040
3636
7040
2489
7040
4892
7040
9877
7040
7133
7040
7912
7040
5806
7040
3205
7040
3600
7040
3310
7040
2213
7040
2460
7040
3427
7040
3526
7040
3764
6379
3014
6379
8552
8922
4336
8922
8240
6095
1602
6095
2555
2595
8413
6708
7312
6708
6908
6708
7405
695
6009
6482
4045
6482
5795
2229
9299
2229
8825
2229
5730
2229
8496
8878
8501
8878
1232
1252
1237
1252
7444
9073
3786
3265
4165
3265
26
2016
2100
2017
2100
3497
7160
4340
8027
7326
8027
2564
9854
8917
2420
6997
2420
7094
3544
7129
3544
1103
1127
4199
9675
3118
3123
9207
7084
332
341
416
341
4112
10071
7361
10071
9474
10071
8083
9425
8571
9425
8575
9425
2828
2928
2831
2928
834
836
835
836
9971
9327
9971
9327
2595
5623
5589
5623
4485
8179
1350
8179
8815
5727
827
4007
817
4007
822
4007
830
4007
52
53
7742
8032
8731
6958
2027
2090
7585
4515
621
408
1185
1247
9120
1247
7469
6521
7468
6521
132
9596
3340
6477
3311
6477
958
8270
8872
5732
8031
5732
4047
5732
7116
4012
5952
4012
4011
4012
3018
6376
3011
6376
1654
4705
7400
6711
6978
6711
6979
6711
1182
1205
1306
9143
1665
8804
1115
1132
3515
7094
9105
1042
1010
1042
1455
9152
1249
1277
9761
8991
9754
8991
1265
1321
3267
6447
3355
6447
3158
5642
3108
5642
2237
2257
7764
7390
85
294
2642
6346
2778
6609
2672
6609
249
250
2536
7942
6463
6452
3363
6452
3935
5637
3041
5637
6350
5533
2810
5533
8117
9001
743
9001
6402
9591
6397
9591
8758
9591
8891
8464
8794
2262
7952
2262
2820
2838
2844
2838
937
926
8423
926
850
926
9951
926
8023
8848
8044
8848
8474
8848
5704
8848
8321
1282
7532
1282
1268
1282
1604
9043
6952
3033
6951
3033
5671
9241
2665
9857
1029
1037
928
9119
9882
9570
7211
3574
7604
3574
1325
7937
235
560
1435
8213
8980
8969
8669
7400
10092
7400
1989
2139
9949
2139
3831
2139
7662
9324
7812
8149
1607
8149
411
550
552
550
2572
2665
2653
2665
6932
6606
3816
6606
239
487
442
487
567
487
9195
6413
3135
6413
9001
8988
704
8988
2641
6349
7032
7615
1270
1318
8227
7785
4913
7785
2720
9168
7593
7130
7198
7130
192
193
442
571
368
571
243
571
6970
9400
8568
9400
10237
10232
10209
10232
8983
8966
9004
8998
8112
8998
8647
8998
8514
8851
9364
8851
9410
8851
9806
8146
8308
2124
1993
2124
3780
2841
7180
2841
2821
2841
2132
2136
7707
7334
3789
7334
626
217
10149
10233
10159
10233
9183
9116
3136
9116
1647
9116
2651
9116
3295
9116
7870
9116
2336
9116
3951
9116
5103
9116
1790
9116
9171
9116
5201
9116
1830
9116
6333
9116
3305
9116
6760
9116
5957
9116
9186
9116
3188
9116
3672
9116
9180
9116
9182
9116
5967
9116
3890
9116
7868
9116
2972
9116
5928
9116
2595
9116
9168
9116
9169
9116
3565
9116
9173
9116
5303
9116
3974
9116
2746
9116
9179
9116
4878
9116
7883
9116
3328
9116
4747
9116
1891
9116
1911
9116
5589
9116
4761
9116
9194
9116
6000
9116
5934
9116
7862
9116
2711
9116
6204
9116
4771
9116
3596
9116
5197
9116
6008
9116
5316
9116
3148
9116
2895
9116
3001
9116
3624
9116
3020
9116
6250
9116
9174
9116
3610
9116
7865
9116
2943
9116
3088
9116
10077
9473
9494
9473
9602
7795
2428
9169
918
929
1005
9054
2061
9895
4066
7109
8805
8799
3313
7823
8050
4279
3384
3386
3417
3386
7904
6203
7895
6203
3504
3502
7203
3502
3373
3487
3374
3487
5349
6664
3157
6664
2580
2642
2636
2642
2522
5257
2452
5257
9519
8652
739
8652
7162
3803
7196
8771
5980
4170
3182
4170
1466
4170
3134
4170
2480
4170
3015
4170
7859
4170
2906
4170
1818
4170
3702
4170
4083
4170
3087
4170
1761
4170
8743
4170
3341
4170
2886
4170
3050
4170
4117
4170
4145
4170
1561
4170
2257
4170
3705
4170
4156
4170
4002
4170
5914
4170
3208
4170
7852
4170
3336
4170
4164
4170
2162
4170
4041
4170
3227
4170
1951
4170
7491
4170
1746
4170
4098
4170
2604
4170
7851
4170
4150
4170
9831
4170
5098
4170
1535
4170
3830
4170
1755
4170
5986
4170
3330
4170
2684
4170
7844
4170
2288
4170
2671
4170
1894
4170
3961
4170
1613
4170
4077
4170
8732
4170
8221
4170
3162
4170
1502
4170
6001
4170
4798
4170
4129
4170
3349
4170
4130
4170
3296
4170
1906
4170
8352
9274
10102
9274
4720
4950
7879
4950
721
3396
5671
3396
9759
3368
7279
3368
7675
3368
8875
3368
6739
5139
6745
5139
900
910
2666
4074
1635
1670
7612
8789
10121
8619
7459
5838
7456
5838
3210
4834
3193
4834
5735
2637
8879
2637
7643
2637
5741
2533
2528
2533
8951
8543
10210
10237
10171
10237
799
8647
2446
5262
9674
5262
3493
3492
3474
3492
4410
3497
3489
3497
12
3522
6033
3994
6033
9913
7145
7226
3327
8470
3327
6725
7965
10225
10182
10176
10182
3550
4890
5811
4890
9530
9700
5323
6630
2621
6630
995
1015
1007
1015
7420
8115
18
6941
7307
3387
3389
4240
5665
9549
4276
808
4276
10236
10205
10177
10205
1048
1065
1064
1065
679
10104
9559
10104
237
433
529
433
521
433
8378
8796
2245
8796
1952
7106
9727
7106
8773
8768
7436
8554
8418
8403
8418
8403
3531
4900
9365
3371
3372
3371
8868
3371
9359
3371
9545
9523
787
9523
8106
8616
3314
3332
10175
10183
10182
10183
9176
5841
9161
5841
7485
5136
2062
5136
8798
8786
8327
9260
139
9607
7041
1624
8201
3399
4254
7312
7414
9496
3486
3515
728
7725
2409
9736
3143
6427
6404
6427
9826
9814
4052
9814
1234
1236
1201
1236
1765
1811
9381
852
7306
852
3553
6526
3577
6526
2502
3705
5201
6289
7868
6289
3546
6025
3553
6025
9231
5012
1919
5012
4489
8710
4496
8710
4239
7358
4827
6432
3849
6432
10156
10217
10238
10217
750
4265
5677
5676
7950
2218
5792
2218
9265
2218
2023
2218
3192
5411
3844
5411
1079
1076
1047
1076
2334
6271
2087
6271
8008
9303
10125
8520
2574
9863
2416
6299
2472
6299
5664
735
3889
5007
1820
5007
1113
9038
2903
9038
8727
9038
2849
3048
8419
7976
2844
2843
2821
2843
8878
8833
9002
10081
9511
10081
2693
5548
2748
5548
9251
4544
3774
2919
6982
2919
2874
2919
9716
847
8421
847
2051
3955
2349
6286
2387
6286
9811
4662
8915
9351
9975
7250
4797
9809
5930
9809
3866
9809
2255
9809
2444
9809
3013
9809
2944
9809
6351
9809
3127
9809
2877
9809
3713
9809
3935
9809
6826
9809
1819
9809
5102
9809
2481
9809
3899
9809
5341
9809
3635
9809
1490
9809
2040
9809
3840
9809
2765
9809
6003
9809
1728
9809
1932
9809
3955
9809
2322
9809
3576
9809
3173
9809
3340
9809
2158
9809
3263
9809
6005
9809
3145
9809
1669
9809
1916
9809
3975
9809
3833
9809
3559
9809
3311
9809
3941
9809
3566
9809
6010
9809
4516
9809
1742
9809
1595
9809
3850
9809
1953
9809
2634
9809
3673
9809
9853
9809
3041
9809
4760
9809
3643
9809
3626
9809
1997
9809
1648
9809
6332
9809
4109
9809
3019
9809
9819
9809
4819
9809
2758
9809
3762
8102
1163
1162
1142
1162
7103
6529
7087
6529
9475
8087
2173
2182
988
987
973
987
1807
1808
1707
1808
8269
8232
2099
7024
987
1002
1214
1239
2919
2983
9199
5763
934
5763
616
604
329
604
4038
6880
2786
6880
7233
2030
2029
2030
4061
9808
10088
7361
7736
7361
5929
2177
7731
8092
659
8092
4792
9582
1498
9582
3812
9582
6988
9582
1093
9582
4478
9582
1207
9582
1564
9582
3962
9582
1023
9582
4103
9582
1035
9582
1275
9582
2446
9582
2347
9582
4483
9582
9583
9582
1174
9582
1057
9582
1907
9582
6247
9582
1415
9582
1600
9582
1321
9582
929
9582
7555
9582
2750
9582
4141
9582
4138
9582
1530
9582
2161
9582
4092
9582
1887
9582
4179
9582
9674
9582
9746
9582
1642
9582
1001
9582
960
9582
1066
9582
1194
9582
1753
9582
3970
9582
2330
9582
1128
9582
2380
9582
1617
9582
4099
9582
4447
9582
1717
9582
1783
9582
1154
9582
984
9582
4811
9582
4659
9582
1242
9582
1463
9582
968
9582
2710
9582
3865
9582
2080
9582
947
9582
1930
9582
4010
9582
2226
2221
4205
2221
2909
2916
10006
1157
9402
1157
8507
1157
10007
1157
8632
8097
1475
4657
2292
6296
2363
6296
2275
6268
2348
6268
3450
4553
4405
4404
3173
5408
3145
5408
1855
1874
1838
1874
3369
7979
7218
2854
2840
2854
9721
2854
2855
2854
9755
1363
4383
1363
4293
1079
1046
1079
294
631
569
631
2896
7474
2850
3051
9146
9041
3126
9041
2527
8960
4207
997
7661
997
996
997
855
997
1958
9956
967
992
982
992
8269
8227
2630
5551
2756
5551
702
5679
4273
5679
8764
2993
2854
2993
7930
2993
8192
3249
7795
3249
3317
3313
3272
3313
6721
6720
686
7778
2995
3025
8625
8975
81
9518
3661
6510
7468
6510
9178
5044
4036
5044
370
504
191
504
196
504
1412
3924
5817
6048
3479
6048
395
328
539
523
448
523
9947
2548
8351
2548
8377
2548
8359
2548
6692
8538
8567
8538
1814
5919
4722
5919
1714
3980
1205
4463
1303
4463
7486
8726
9920
1504
9175
5843
8205
5843
4245
648
1998
4214
7891
4214
2772
4214
3674
4214
6037
4214
3860
4214
2060
4214
4206
4214
3267
4214
3140
4214
3603
4214
9215
4214
2889
4214
4827
4214
4870
4214
2723
4214
2450
4214
9231
4214
2908
4214
3868
4214
3612
4214
3347
4214
3825
4214
2152
4214
3051
4214
9219
4214
3651
4214
5807
4214
5812
4214
3480
4214
5196
4214
9213
4214
1919
4214
2808
4214
4176
4214
6746
4214
2506
4214
4091
4214
4064
4214
3333
4214
2183
4214
5814
4214
3174
4214
3917
4214
1727
4214
3508
4214
3137
4214
2486
4214
6370
4214
3111
4214
3500
4214
2611
4214
9217
4214
2689
4214
5810
4214
3031
4214
3355
4214
3849
4214
3656
4214
2998
4214
3879
4214
3638
4214
2335
4214
2739
4214
3529
4214
1762
4214
5735
2676
8850
2676
8402
2676
8456
2676
1883
7904
2376
5218
2320
5218
1927
2009
1362
1656
1633
1656
4845
6855
5996
6855
2270
4156
3654
4861
3641
4861
10000
2411
8118
9519
1691
1714
7197
1714
6981
5983
2759
2763
10113
767
10259
10154
10143
10154
1469
7781
4682
7781
35
10130
2291
7817
9998
7683
6841
9651
9927
7587
198
371
409
371
7
4237
6999
7602
4057
5182
2178
5182
420
546
3233
3246
3472
6051
3461
6051
7080
4159
2809
7822
8082
8541
8082
8541
771
772
3182
5993
7859
5993
2578
2679
9935
2551
8377
2551
7610
2551
121
651
1925
2006
3836
1659
2388
5221
2477
5221
1647
5916
9174
5916
9895
5177
2186
5177
4171
8729
7517
8729
4893
8729
1995
5053
1886
5053
8848
7597
7620
7597
4008
7597
9286
7597
3646
4858
3654
4858
10043
7693
10043
7693
4797
9632
2877
9632
9630
9632
3566
9632
1997
9632
1023
5854
1035
5854
9511
9504
7962
7592
7237
7592
8799
7592
2813
7592
2409
2408
2290
2408
18
4242
7189
9928
2198
9928
246
247
2859
5605
6916
5605
5297
6892
2780
6892
7307
8488
4280
8488
9394
8488
1316
4632
4641
4632
6351
6897
2727
6897
3934
7263
3217
7263
1238
1261
5719
1261
3068
3105
3077
3105
2271
2317
88
2267
2281
2268
2281
160
722
8331
261
566
2170
2190
5751
5750
7967
8372
8812
8372
2455
6344
2701
6344
1044
9218
715
980
8477
980
712
980
964
980
1181
1223
3647
3648
9751
3648
2309
2322
9703
9585
10028
9585
7189
9929
870
9235
970
9059
7531
4723
1815
4723
5322
6902
6369
6902
909
924
917
924
5778
4627
8273
4627
4628
4627
9398
8498
4396
8466
8508
8466
7683
8466
9371
9337
8475
9337
9590
6887
5291
6887
1308
1350
9310
9942
8823
9942
9965
9942
4070
2129
6992
2129
7623
8367
8389
8367
1845
9219
2120
2200
1577
8153
4501
8153
3560
3576
9474
7339
7719
7339
8972
8080
3903
6947
7572
9762
9231
6167
1762
6167
8894
8491
1511
7555
1255
1258
9775
6604
2730
6604
6354
6353
1806
1842
1839
1842
7158
2278
2258
2278
7123
2278
2287
3767
4448
7442
1158
7442
9883
8328
5982
5345
9224
5345
3988
1837
4111
1837
82
9786
3772
559
556
226
556
5697
7336
8578
7336
3563
3579
3606
3651
4762
2134
1811
6172
1914
6172
8290
2126
7011
2126
2068
2126
7010
2126
3735
8144
3872
8144
4033
6952
7838
6952
9134
6952
6913
6952
9154
6952
1577
6952
2272
6952
2373
6952
2753
6952
1285
6952
1041
6952
8735
6952
9842
6952
1744
6952
7835
6952
1563
6952
4094
6952
7012
6952
5129
6952
2631
6952
4058
6952
9158
6952
1615
6952
2443
6952
1739
1745
8547
8501
8069
8501
7342
8501
10070
8964
2589
9204
899
9056
10335
10161
4345
8469
9865
1610
1609
1610
2868
2870
2549
2870
8239
9114
7120
9620
7507
9620
7878
9620
153
7437
3057
9901
9189
8740
9188
8740
5716
8740
8372
3384
3383
3384
9292
3384
4290
3384
2745
2750
10322
10318
5935
5190
2238
5190
563
521
405
521
9233
7465
8272
9196
111
7406
705
8
400
7710
6698
3050
6666
3162
6666
1862
1865
1861
1865
2557
2605
6225
5132
2063
5132
2744
3852
2446
5281
2710
5281
9551
9543
9017
9543
4695
6105
4704
6105
2542
5317
7564
5317
9664
9878
447
163
9915
7580
9915
7580
1983
4076
4269
3394
10069
1629
2307
5200
2251
5200
9193
6135
9843
6135
1399
1641
2576
5322
7168
3847
4536
3847
7431
8559
2181
5127
4187
5127
3071
9879
1575
3735
5382
9637
6841
4141
3210
4836
3220
4836
4244
6688
5664
6688
8119
6688
5669
6688
5666
6688
9012
6688
8118
6688
5668
6688
2218
2345
2579
8335
2675
8335
956
955
943
955
3163
6669
5387
6669
8844
8794
8835
8794
8833
8794
9950
8794
7137
7104
8550
8055
9705
8055
672
6701
9765
6701
9007
6701
1162
1195
61
9964
4274
87
264
1397
4695
1986
3987
4107
5278
2708
5278
10187
10199
10198
10199
7114
4002
9604
4002
3881
4002
455
282
3476
6773
3498
6773
10126
8614
6741
2110
3895
4839
5998
4839
8728
4450
1113
4450
1108
5870
1090
5870
10122
8556
3097
3173
1358
1638
1683
1638
6910
1638
9483
3997
6989
3997
10070
3997
8337
4685
5780
4685
9858
4685
763
1626
8115
1626
9002
1626
1981
3992
2341
4079
9930
8784
3334
3340
7514
5134
8790
1185
5714
1185
1168
1185
9269
1185
4248
6691
7735
6691
7734
6691
372
373
621
373
1252
4138
9357
1234
1202
1234
8021
1234
5286
5285
1282
7029
8432
3455
3454
3455
8593
803
8738
3542
3757
3542
2782
2807
3579
6524
3554
6524
8583
8905
7116
2483
3906
2483
5952
2483
9669
10059
662
10059
666
10059
2001
3910
5386
3910
4025
3910
5924
3910
3843
3910
3605
3910
2987
3910
3505
3910
2358
3910
2781
3910
3354
3910
3478
3910
3957
3910
3535
3910
3462
3910
8756
3910
3112
3910
2882
3910
3646
3910
9691
3910
9216
3910
2707
3910
3175
3910
3884
3910
2210
3910
4553
3910
3579
3910
9204
3910
9223
3910
9228
3910
9229
3910
9580
3910
9201
3910
5808
3910
3554
3910
3616
3910
3614
3910
8757
3910
3150
3910
1920
3910
4155
3910
3266
3910
5982
3910
2599
3910
3202
3910
9206
3910
2376
3910
2078
3910
4828
3910
2320
3910
2661
3910
6733
3910
9212
3910
4082
3910
9748
3910
3329
3910
2796
3910
2273
3910
9224
3910
3654
3910
9203
3910
3641
3910
2740
3910
9214
3910
2516
3910
5099
3910
6743
7479
2140
2158
1061
1074
25
7418
1165
1178
5296
5295
1472
4678
1444
4678
715
5674
7777
5674
711
5674
1487
1530
3484
4546
2855
7930
2496
2493
2473
2493
9908
6240
4133
6240
4338
8460
8067
8460
324
607
565
607
10320
10303
10214
10303
2439
7974
10049
3537
658
3537
3325
3633
7546
3633
2574
2859
8034
2812
9906
4409
10142
10267
10151
10267
1853
1879
7965
1879
9290
1879
7973
1879
10029
9345
1718
4722
6701
9764
670
9764
3859
4015
7540
4015
8753
4015
912
9247
2309
2323
9229
6284
2376
6284
1181
1222
8113
7382
8114
7382
1269
4065
9725
8273
1968
4512
9118
1300
1283
1300
6348
5525
2787
5525
2401
4793
7241
7026
2024
2052
2053
2052
2852
2856
8403
2856
8437
2856
2139
2161
4300
1217
1216
1217
9263
1217
3519
9223
9761
7377
4265
7377
8662
7377
8646
7377
27
7421
1166
1181
9280
1181
3123
6675
3165
6675
1875
1876
9287
4406
4404
4406
9275
4406
3284
4406
4016
6294
2365
6294
10161
10167
2523
9070
9235
9070
8265
9070
2910
2914
3492
4549
1430
4681
1375
4717
4480
4613
1297
4613
5229
9683
1979
2047
2305
4783
3968
4783
8103
10076
10091
10076
9496
10076
1273
1290
9261
1290
8316
1290
8771
1290
190
191
3190
7476
9749
9020
2425
9913
1360
4507
1364
4507
3516
5807
7198
3253
3240
3253
267
268
757
10089
3829
10089
760
10089
3983
4042
8644
4042
8595
9452
2947
6660
5385
6660
7088
5483
8235
5483
9223
4882
5808
4882
8356
2285
5683
1412
4279
1412
8938
1412
5682
1412
4277
1412
10330
10335
1308
9850
185
186
9609
8724
1476
1506
5962
6831
2522
6831
1987
4037
4063
5493
2179
5493
3078
4825
7715
3926
803
3926
4318
3926
5748
3231
3170
3231
7212
3231
7256
3231
1056
5859
3731
5859
1893
5046
7849
5046
3527
5812
1715
1716
2867
6915
390
644
635
644
9757
10045
2128
4154
381
516
173
516
2081
5158
4157
5158
3585
4877
3580
4877
1392
1654
1655
1654
1338
1407
1426
1407
7036
7906
2274
2295
7230
7211
3568
7211
2675
2674
2570
2674
8220
4921
1555
4921
8794
4216
7952
4216
1547
1552
1495
1552
737
2525
740
2525
9003
2525
809
7757
3540
3565
3221
3244
3243
3244
9644
9645
7241
7010
2556
5323
9485
9468
6701
9468
9773
9468
905
8475
9384
8475
1898
2004
8440
4143
4400
4143
9972
4143
3871
4219
2467
6828
5956
6828
9860
7909
9860
7909
751
7762
3468
3480
1751
4963
9832
4963
946
4430
932
4430
1714
1719
5748
3228
4168
3228
3170
3228
7256
3228
1538
1547
4375
1547
4378
1547
4376
1547
1401
1643
663
9469
2161
5113
3865
5113
197
431
377
431
2056
3929
2001
5049
5924
5049
1037
5856
1055
5856
6746
5161
2335
5161
9465
8570
1436
1509
9103
1509
7357
9984
6695
9383
1702
9173
1582
4918
1612
4918
2652
7208
8761
5914
4946
5914
6931
5914
4813
6363
9655
6363
4171
3757
7517
3757
4893
3757
2668
5303
4119
6874
6815
6874
10167
10222
10165
10222
4620
1296
4121
1296
1221
1268
1250
1268
2198
7565
7803
6157
1781
6157
2714
2715
1203
7030
8549
7030
7333
7030
8857
9308
9323
9308
10105
9308
158
3233
9868
3854
785
90
1939
9088
5950
2505
5968
2505
8048
8883
10057
8883
8057
8883
9415
8883
280
281
3368
7244
9512
8954
1494
1529
1527
1529
1741
6162
1811
6162
2026
7228
9999
9309
9999
9309
10093
9016
8668
9016
10242
10223
1731
7480
7721
3909
8962
3909
9080
1286
1961
3762
1626
3762
1872
1880
1873
1880
6964
8893
3495
4410
8396
4410
4413
4410
2610
2860
9636
2860
3195
3208
3381
9869
1969
2024
2026
2024
9689
8459
10114
795
4155
6239
4082
6239
5772
9098
4765
6808
2189
6808
1348
9066
5427
9066
9818
9066
7937
7929
8712
9803
4314
8042
1229
1271
1228
1271
1407
9852
7268
7253
1092
5875
9197
5875
7946
1432
8313
1432
8345
1432
1336
1432
9896
8362
10054
9450
1010
9091
3428
5827
3436
5827
1289
1299
930
942
9101
1427
9342
9314
6991
6236
3932
6236
8489
8456
63
152
3490
4550
7129
9236
8817
7231
1300
9069
8329
7926
84
93
9410
8514
9410
8514
3491
9586
10235
10208
334
410
3873
8037
9996
8037
866
9157
9337
937
817
937
818
937
7229
4805
8361
4805
7961
4805
2423
4805
7029
8163
1303
8163
832
9019
9021
9019
3421
5832
4415
5832
2403
3906
8973
8943
5803
3211
3187
3211
9225
1289
1274
1289
9250
1289
2920
2933
2835
2933
8831
8357
9300
8357
7966
8357
8408
8357
4392
8357
3697
1526
1404
1526
4488
8704
4494
8704
311
522
414
522
1332
9101
4079
6811
6815
6811
7005
7006
2946
6659
7482
6659
852
965
964
965
8444
965
9707
3382
6907
3382
9771
3382
6906
3382
4136
4532
8990
8588
8991
8588
8101
8588
4156
5505
2288
5505
7667
8015
10319
10200
1101
1115
1084
1115
8853
8818
95
6727
2303
5690
8065
8531
10034
1190
5715
1067
5860
1055
5860
111
8598
8953
8566
9612
8566
5706
8566
2917
4527
8417
3377
9321
3377
3385
3421
9
3458
3476
86
9513
919
4426
8207
4426
3625
6504
7884
6504
7415
8925
3438
7455
3079
9195
8609
8591
8975
8591
821
823
7265
2827
2816
2827
8434
6714
3689
6714
8834
6714
1632
6714
5973
8777
8010
8821
3870
7009
7642
4297
3049
6656
4050
6656
7269
1855
8832
1855
1305
7542
1305
7542
8516
4292
8911
4292
3002
2875
8752
2875
4528
2832
2818
2832
8982
8601
9484
8601
8648
8601
9509
8601
7252
5933
9347
1720
1632
1720
7660
1720
942
4429
8207
4429
3468
3479
7576
7910
3466
4220
7203
4220
4354
3418
3422
3418
7653
7633
2138
3974
3776
7537
7547
7537
10091
4287
781
4287
3904
4287
10224
10307
10254
10307
1211
4302
1458
1510
1549
1510
97
10072
8569
9623
5050
2002
5050
4332
3930
7672
3930
4330
3930
7972
8782
2534
8782
7971
8782
7236
8782
77
296
5688
5687
3815
5583
9863
5583
9392
5702
2869
2888
1085
1102
1101
1102
1311
7124
3076
3083
3081
3083
7283
9346
1076
1087
177
432
383
432
1795
7987
7664
8002
9713
5749
9386
5749
8484
5749
3938
5749
9633
5749
9334
4055
9324
4055
2170
2189
13
395
3519
5813
4166
1349
9823
1349
1077
1092
4800
6318
2454
6318
3067
3093
3066
3093
1064
1097
1098
1097
7
3218
9060
7858
9060
6722
9060
4817
7173
1342
1413
1410
1413
2623
5593
2596
5593
2837
2951
8093
5697
8606
5697
8574
8941
2550
2866
6752
2866
4096
2866
7135
2866
8788
2898
8782
2898
2101
2171
7201
2171
3697
1606
1542
1606
1959
5692
1959
5692
954
979
6925
8079
8966
8079
7720
8079
7
389
841
7340
830
7340
2165
9961
2196
2199
270
544
452
544
7663
7997
4169
2130
6983
2130
9834
7992
9834
7992
6704
3465
3455
3465
7260
3465
7261
3465
4188
9741
2162
5112
5098
5112
4347
5746
4348
5746
7288
5746
9763
5746
1748
6125
1781
6125
2871
2891
2113
2186
7390
7384
7389
7384
4245
7384
7393
7384
9007
7384
4235
9501
7760
9501
9544
9501
2377
6282
4119
6282
9532
725
5
7194
2625
2626
2625
207
506
375
506
8005
1452
4321
1452
1592
7852
8967
8575
8223
9824
8217
9824
7838
9824
4448
9824
1671
9824
9134
9824
1050
9824
1195
9824
1158
9824
1744
9824
3029
9824
5019
9824
7835
9824
4094
9824
9158
9824
1955
9824
1910
9824
8636
9478
763
7394
8123
7394
9126
1447
1332
1447
2487
6321
4802
6321
2368
6277
4774
6277
7750
10082
792
10082
1624
10082
7378
10082
3563
3580
8576
8938
8946
8938
4287
8076
7351
8076
2838
2948
4316
4315
2841
2901
2001
5107
4025
5107
2198
2196
2163
2196
2167
2168
2115
2168
9488
7735
99
1550
9163
967
976
952
976
2868
2869
2549
2869
1589
1609
10139
10227
8509
8470
8892
8470
8513
8470
7324
8470
7337
8470
1341
1346
5721
1346
3481
7847
7413
9479
118
192
3487
3555
3541
3555
802
7767
2114
8308
1992
8308
5190
5189
9759
4352
7279
4352
8626
781
8439
2813
8830
2813
4399
2813
7997
2813
29
10123
816
817
8375
2749
2677
2749
3875
8739
3920
8739
2292
8739
9199
8739
2523
8739
7894
8739
963
8739
7896
8739
2189
8739
7893
8739
7895
8739
7531
8739
2387
8739
934
8739
1034
8739
7524
8739
110
235
2494
2702
1128
5888
4447
5888
681
683
3551
4884
5806
4884
2590
2687
5799
2583
3864
6624
2670
6624
4061
9646
7210
3442
3443
3442
5667
9760
2527
9760
732
9760
4717
6083
1533
6083
821
822
2312
5199
9418
1630
8529
1630
8062
1630
9382
1630
8901
1630
4348
4347
4348
4347
2639
9622
3756
4953
1532
4953
815
7772
8072
7651
4400
7651
8086
7651
7698
7651
2940
7579
3307
3336
2083
2106
3
8223
6093
1536
6093
7210
3437
3378
3437
8742
5898
7012
5898
2192
5171
4157
5171
1087
5866
1073
5866
9720
2692
9694
2692
9975
2692
3534
4894
3509
4894
8955
8560
10125
693
2269
5951
7107
2593
7949
2697
2676
2697
1097
4446
111
229
3163
6670
5383
6670
777
778
802
9528
8338
8311
8338
8311
737
9774
7382
9774
741
9774
738
9774
3251
3263
1353
9075
3118
3125
4158
5186
6747
5186
1153
5891
1159
5891
1566
8736
2742
2746
2987
5625
9224
5625
1294
4612
3743
4612
9
9529
1086
5869
1109
5869
8328
4513
8728
4449
1151
4449
10325
10177
3226
4840
3207
4840
2108
2109
9862
2109
4521
9940
1157
7648
7533
4607
6927
4607
1653
4703
894
904
2013
7576
3335
3339
2812
4080
8025
1664
7297
1664
1663
1664
6910
1664
8645
10077
8650
10077
6741
4164
2190
5168
3761
5168
7864
5901
7833
5901
2274
5196
1614
4944
1605
4944
2255
5948
4516
5948
7705
1203
8075
1203
5974
3781
8760
3781
8760
3781
523
440
559
440
228
440
2001
4175
3843
4175
3605
4175
3505
4175
3354
4175
8756
4175
9691
4175
9216
4175
3175
4175
3884
4175
4553
4175
9204
4175
9223
4175
9228
4175
9229
4175
9201
4175
2451
4175
3554
4175
3616
4175
8757
4175
3202
4175
9206
4175
2320
4175
2661
4175
6733
4175
9212
4175
4082
4175
9748
4175
2796
4175
9224
4175
3654
4175
9203
4175
2740
4175
9214
4175
4042
3817
7363
3817
32
10126
1290
1294
316
449
358
449
4744
6181
4754
6181
2278
6876
2350
6876
1652
1675
4037
6217
9167
6217
2645
2655
9715
7246
2325
6290
7872
6290
8409
3587
7247
3587
3586
3587
3682
3683
8754
3602
4541
3602
3853
3602
9006
7047
9514
7047
10264
10156
10334
10156
4370
1284
5718
1284
2156
6222
9924
6222
2110
9630
2726
9630
5236
5235
2431
2428
2413
2428
279
455
6711
9014
2312
3822
8715
9747
4003
8709
7012
8709
9906
9264
5667
8956
9486
8956
8960
8956
2530
3693
4523
2920
2834
2920
4655
7052
4658
7052
3321
3597
2022
9904
3806
9064
1253
9064
265
266
7983
2026
7991
2026
7628
2026
7996
2026
3569
3592
3608
3592
8027
8443
8400
8378
7630
8378
7625
2433
2420
2433
8382
2433
4790
6300
6336
6300
10062
8519
8232
6530
7083
6530
1879
9228
7190
2267
2263
2267
2375
3778
8726
3778
4214
3778
8439
7249
4399
7249
7997
7249
10323
10172
3733
6178
4013
6178
199
378
376
378
10013
7313
2991
9688
2327
6879
6816
6879
8460
8422
1819
4733
1742
4733
2573
3005
50
51
10160
10253
10148
10253
1214
1240
8796
9918
10262
10289
10296
10289
10172
10173
8436
7980
713
8516
6997
9689
7625
2431
9284
2431
2418
2431
7600
2431
1434
7924
2485
9229
4794
9229
4796
9229
9370
8454
5103
6234
4761
6234
2265
2272
7672
2029
7677
2029
4331
2029
1339
5680
4100
9919
1351
8706
4490
8706
1484
1524
1526
1524
8611
8959
7366
3904
6699
3904
8111
3904
5661
3904
4328
8381
4253
8417
8506
1080
9702
1080
4270
1080
8465
1080
3762
4102
4158
6547
3738
6547
2907
6643
3045
6643
7591
6719
2264
4087
1827
1828
971
8212
7627
7955
9888
3250
7602
7004
7601
7004
7002
7004
9901
8758
1044
1055
4125
6509
3611
6509
205
207
201
207
6696
5655
693
5655
8128
5655
7480
5920
4509
5920
2565
3979
918
8207
3262
3361
2693
3361
2748
3361
1348
3361
4702
3361
2512
3361
1885
3361
1596
3361
1741
3361
3022
3361
4015
3361
2047
3361
5951
3361
1914
3361
1750
3361
2664
3361
6916
3361
5427
3361
6750
3361
2294
3361
1419
3361
2337
3361
1467
3361
1931
3361
5387
3361
4652
3361
3183
3361
9770
3361
6404
3361
5383
3361
9862
3361
9617
3361
2598
3361
1308
4092
8958
8564
7426
10113
3248
5433
7497
5433
4179
6552
2330
6552
2314
4097
5996
5428
7133
5428
9221
4424
8281
4424
2220
2235
9237
8245
1927
2010
3465
3474
3475
3474
3490
9580
3256
6005
9615
3725
7124
7515
3292
9201
3856
5032
1957
5032
3178
9896
1777
1831
20
7862
6506
3624
6506
4505
8761
9014
7705
9535
7705
2946
6654
2939
6654
3127
6407
3145
6407
4113
5267
4058
5267
326
327
10042
9388
1844
9178
779
10095
10100
10095
1798
1915
2069
6716
1658
1660
1628
1660
1659
1660
9985
1660
2578
2680
1915
5027
1947
5027
766
9554
7498
3358
10043
4160
8023
4160
8044
4160
7693
4160
8519
4160
8474
4160
8943
9389
3220
5431
3247
5431
10265
10259
10265
10259
10266
10259
3695
9179
3515
9179
9236
9179
1729
8730
7901
8730
8258
8730
1025
8730
8268
8730
3875
8730
4765
8730
7916
8730
3920
8730
7533
8730
2160
8730
7503
8730
2292
8730
9221
8730
1668
8730
9199
8730
6927
8730
2523
8730
7921
8730
7894
8730
963
8730
7896
8730
9220
8730
8270
8730
7904
8730
9235
8730
1178
8730
9247
8730
1087
8730
2189
8730
1240
8730
2363
8730
7893
8730
2349
8730
2093
8730
7895
8730
6928
8730
1224
8730
1073
8730
3804
8730
7531
8730
1815
8730
2387
8730
1147
8730
934
8730
3958
8730
7518
8730
1034
8730
6946
8730
9243
8730
7524
8730
1126
8730
5960
8730
1110
8730
8262
8730
7529
8730
8281
8730
1442
8730
2470
8730
6924
8730
4024
8730
9208
8730
7076
8730
6926
8730
8611
9463
3134
6412
3087
6412
2799
5272
2706
5272
6972
3976
1870
1952
1869
1952
2095
6745
3252
7126
1138
1172
4088
7327
1422
4672
4196
4672
3080
3145
5787
4751
3966
3965
3767
6837
3766
6837
1794
10064
2779
6610
2664
6610
8520
9702
682
9702
7686
9702
7575
4115
3292
3307
3324
3307
7839
5753
3407
5753
7763
7389
3074
9923
1218
9120
9109
1353
1312
1353
7453
1604
1524
1604
7125
1604
2977
6842
4181
6842
2604
2864
2863
2864
985
4563
999
4563
9910
8438
9440
7332
3943
7332
9447
7332
4680
4667
9804
4667
2317
6258
2344
6258
7163
2448
2417
2448
2240
2373
421
372
1149
1167
1169
1167
8113
7371
5666
7371
4288
7371
9912
9262
1845
1947
9770
8150
4500
8150
4023
2140
2154
2140
1989
2140
2153
2140
703
7399
6711
7399
10104
7399
278
283
455
283
10074
8970
3272
3312
3294
3312
7658
9955
9371
8423
817
8423
851
8423
2219
9213
1865
1887
5665
3823
9774
3823
2638
6350
1799
1902
7633
9735
9296
9735
758
7386
2174
2184
2157
6223
7826
6223
128
162
2816
5744
730
9495
1841
4748
1711
7803
381
514
176
514
171
514
1139
7502
3695
7129
3695
7129
6401
7487
9078
2194
2435
2451
7722
8074
8088
8074
4771
6261
5197
6261
9967
8441
7305
8441
10037
8441
8896
8441
8871
8441
3986
8441
120
4255
1851
1897
9131
1897
1877
1892
4226
7396
9018
7396
9020
7396
9019
7396
7748
7368
931
930
921
930
125
184
1591
7492
1315
1344
1340
1344
3253
7497
951
974
966
974
8955
9402
8070
9402
814
9402
4281
4280
3583
3615
9961
8800
7184
7110
5302
7110
8310
7110
4809
7110
7412
757
1720
1773
7225
1773
2743
2753
5725
1691
1666
1691
7599
1691
5726
1691
1866
6185
2003
6185
806
9549
3996
6626
2682
6626
8362
3785
168
169
2933
4191
3525
4886
3513
4886
8541
9997
8082
9997
9684
9997
2955
6638
3010
6638
352
603
638
603
9717
8790
3326
3334
3318
3334
1635
1669
7417
762
901
909
908
909
3875
5140
2189
5140
1569
4949
1525
4949
2070
4169
7031
4169
9954
4169
6967
4169
1821
5013
7809
5013
6990
3795
1054
4444
1021
4444
6005
5448
3311
5448
7883
5373
2943
5373
1969
4201
1967
4201
3533
4896
3531
4896
3570
4868
172
175
9880
5864
9158
5864
2147
5063
9897
5063
1913
6195
1933
6195
8277
1701
9242
1701
1682
1701
8287
1701
2083
2104
773
9548
1512
9873
7764
8620
2597
6629
9775
6629
5809
4889
3701
4889
5728
8395
9884
1688
1685
1688
5777
4635
8272
4635
539
365
556
365
2745
3942
2691
2744
2698
2744
4416
3390
1477
8734
2332
5184
2361
5184
9081
1135
2908
6641
3051
6641
1009
9150
6956
4188
2791
4188
7250
8385
7250
8385
9533
9457
1187
4453
1176
4453
3449
9572
3535
4899
9223
4899
596
615
3357
5451
3346
5451
9767
4946
3397
3400
8267
3400
5937
5194
5193
5194
3615
4871
3084
4198
1307
4166
8438
1666
1665
1666
7994
1666
8841
1666
3597
6865
6009
6865
1689
1698
411
359
358
359
3540
3937
7204
7574
7204
7574
905
906
848
906
1689
7956
9380
964
950
964
9612
7709
1939
2048
7452
2048
1922
1843
1808
1843
2317
5504
4115
5504
8536
8014
1365
4508
1633
4508
1805
1919
3371
3541
3538
3541
7430
5656
1248
7519
9202
6009
4540
6009
6014
6009
884
3729
58
788
7378
4369
7443
9144
7443
4368
1218
4301
1218
1220
1218
9263
1218
1065
1114
9125
1114
1374
4718
5715
5714
9011
10004
1044
1056
3828
8064
6970
9403
2503
2811
6934
6933
9016
6933
7396
6933
4299
6933
188
500
371
500
9233
8246
364
421
624
421
2220
2236
2896
7454
2024
2051
2053
2051
645
473
342
473
8927
8924
3623
6505
4862
6505
1027
1059
1046
1059
9919
4511
9919
4511
7401
5659
3617
7516
7546
7516
4211
3726
7381
3726
3259
6006
5750
3538
3372
3538
7243
3538
9291
3538
10077
8980
9494
8980
1990
1993
1880
1993
2567
3030
1165
1177
160
7417
5678
1221
8826
1221
4298
1221
9285
1221
4026
1221
747
7381
752
7381
10096
7381
8791
6715
1798
1916
2122
2157
7621
7959
8972
7706
1679
4721
4523
2874
2857
2874
7715
10019
805
10019
705
10019
1770
9142
1093
4573
1066
4573
8234
4677
1445
4677
2221
2363
7636
1854
7015
8313
2782
2808
7177
2239
7585
2239
9930
2239
1977
1983
1940
1983
4518
8249
4518
8249
3295
6860
6008
6860
1430
4682
8092
10018
6691
10018
3541
9251
3556
3975
2139
2162
52
22
7422
1167
1182
5714
1182
9717
1182
1654
1676
2278
6875
2235
6875
8124
10103
2537
7564
2548
7564
2653
2656
2568
2656
2566
3009
4685
4917
7524
4917
9500
9703
695
9703
8998
9703
2874
7207
9369
1411
1412
1411
4315
1411
7296
1411
5807
4881
5810
4881
2468
4176
2502
2714
2119
4041
5955
6827
5969
6827
783
784
1538
1548
4375
1548
6942
1548
4376
1548
3212
3227
258
594
632
594
9589
7245
4517
2504
2369
2504
8625
9456
2397
3960
1554
4922
1596
4922
7430
8955
4168
7212
9918
5236
190
587
195
587
109
3523
5811
9713
3232
9386
3232
8484
3232
8060
3232
10013
3232
76
7292
2025
7271
2025
2483
6832
2514
6832
10103
7758
7397
7758
793
794
4123
5073
2159
5073
303
309
307
309
3703
5157
2102
5157
7857
6030
7461
6030
950
3710
7306
3710
8856
3710
4792
6303
9674
6303
2877
5363
3019
5363
3560
4878
1338
1408
1409
1408
8217
5874
9158
5874
2646
4038
2266
4179
3514
3520
8638
7730
7747
7730
8993
7730
1547
1551
1495
1551
1699
1679
4508
1679
9901
3833
4060
3833
2657
2659
3005
3006
2606
3006
8540
9996
7756
740
314
315
9422
8515
6746
5162
9217
5162
10218
10238
4040
5239
4030
5239
1697
1763
9117
1763
2287
4804
3516
5808
683
4270
8497
4270
682
4270
8533
4270
790
7761
8196
8705
7811
8705
1260
4639
1318
4639
7974
8371
9349
1070
9348
1070
9343
1070
1063
1070
2507
9674
4544
3554
4545
3554
7142
3554
7888
3403
8274
3403
9466
5670
8598
5670
7724
5670
9930
8332
142
7438
457
416
636
416
9489
9424
1125
1139
1142
1139
3575
3616
762
8120
8583
10023
10154
10286
10261
10286
1017
1020
1018
1020
7098
3786
1238
1262
2684
6625
2671
6625
9311
1838
8397
1838
4160
1838
161
7423
5806
4885
3526
4885
2297
2282
2268
2282
1866
6186
1944
6186
2564
9855
5297
6891
9856
6891
7253
7970
5745
7970
3068
7970
9945
7970
2030
2033
5788
2033
7438
8399
9361
9341
1321
4631
4138
4631
9732
7150
2459
8327
7084
6869
7093
6869
6843
6901
6369
6901
1914
6196
1931
6196
1824
6168
1903
6168
7986
8389
7108
6948
107
2264
2277
2457
3768
7523
3796
2310
2321
5812
4895
3508
4895
1201
1257
1250
1257
7979
8396
7979
8396
8387
8368
1945
6189
1886
6189
10321
10165
4204
3789
7767
3789
7718
3789
4448
7441
7835
7441
914
9074
9622
9074
922
9074
544
531
543
531
3523
3543
3606
3647
8603
9660
7006
9746
4654
7083
7230
3619
3276
3619
1806
1841
1847
1841
8886
1136
8507
1136
10007
1136
7688
1136
3118
3124
105
8520
8497
7841
4636
3985
4636
2785
6888
7472
6888
2969
5624
4126
5624
7434
8492
7558
4628
4159
3799
8828
8386
3845
8386
8818
8386
9776
8386
8839
8386
8827
8386
8837
9300
9219
6199
3879
6199
3873
8487
7873
6898
2608
6898
6010
6866
3643
6866
4742
6171
7035
6171
1663
1665
1657
1665
8528
8502
895
905
8535
905
4644
6951
8223
6951
8217
6951
1782
6951
4481
6951
3864
6951
3032
6951
4448
6951
1671
6951
4003
6951
2008
6951
4679
6951
1568
6951
1050
6951
2359
6951
1536
6951
4113
6951
7021
6951
9880
6951
1195
6951
2483
6951
3929
6951
8734
6951
9855
6951
2670
6951
1158
6951
2185
6951
1749
6951
4069
6951
3893
6951
4108
6951
5019
6951
4501
6951
2324
6951
6845
6951
2333
6951
8742
6951
1955
6951
1910
6951
2514
6951
2954
6951
1822
6951
7271
3771
1614
4945
5903
4945
9899
3652
7526
3652
5728
8803
7500
4165
9222
7093
2297
2318
2241
2318
2445
5282
2709
5282
6961
3851
4705
3851
4558
3851
3083
3146
2136
5131
2187
5131
1485
1533
1634
1637
1365
1637
7382
3998
9003
3998
5292
3966
4174
9641
2076
6746
9900
4137
8293
7125
4483
7790
4092
7790
10156
10281
10238
10281
7276
7620
253
254
8852
9973
2141
4116
8041
9374
7684
9374
9850
9184
969
9724
959
9724
9830
9724
4220
4054
289
290
10133
10144
2667
2670
2166
4142
2115
4142
1436
7800
103
2888
5321
3005
5321
1398
1642
560
555
590
555
1794
3988
3715
3988
4177
3988
10067
3988
3714
3988
2452
5277
3959
5277
1979
9897
9597
4259
3678
3848
2181
5128
3846
5128
4701
6124
4741
6124
9606
9605
1593
4001
8918
9360
3457
3464
3445
3464
2308
4119
7194
2624
2627
2624
2805
6583
2699
6583
6973
6687
6688
7385
7758
7385
2032
4043
7735
6702
8565
6702
126
724
7503
4923
7894
4923
2118
6749
2086
6813
2200
6813
10076
8574
10075
8574
397
565
596
565
3082
3149
8277
3969
9242
3969
1682
3969
8287
3969
3199
3213
3934
3213
6698
6697
9596
4256
3962
6593
2750
6593
8667
7395
4251
6692
9452
6692
9453
6692
5681
4314
7704
4314
3004
5318
3996
5318
2096
3991
9489
7734
10329
10327
8503
8480
7330
8480
1494
1493
1369
1493
1912
5011
1823
5011
8468
8016
8468
8016
2379
5506
2331
5506
7294
851
1769
1812
1486
8228
9085
1859
7011
7005
7026
7005
7010
7005
8389
7005
7960
7005
9282
7005
9917
7954
9917
7954
980
966
965
966
9358
966
853
966
997
998
989
998
2865
2879
7567
3570
3547
3570
1019
1054
7339
8929
5694
8929
9495
8098
7739
8098
7733
8066
8104
8066
1139
1158
5717
5716
3392
7459
4142
2178
8654
10085
8640
10085
9588
9969
1081
1116
1100
1116
1477
4658
987
7893
4772
6267
4215
6267
4046
2530
4022
5407
3179
5407
8628
9484
7427
5654
587
198
974
988
989
988
9311
1807
1661
1807
7232
1807
8388
1807
8092
8565
1488
1483
1393
1483
7731
10049
5935
2234
2223
2234
2336
6272
6250
6272
1107
8244
3192
5412
5991
5412
2851
7883
9221
4425
9247
4425
3202
6431
4828
6431
3453
3475
3452
3475
8608
8088
8612
8088
9647
9968
1759
9037
1105
1119
1121
1119
2848
3047
3227
6004
6001
6004
7022
3724
7023
3724
8481
3724
1016
1043
1031
1043
2057
7514
4099
5008
1717
5008
8077
8926
7542
8231
8733
5643
6400
5643
7713
8069
2747
5547
9603
5547
151
2250
2290
8374
2290
8537
848
846
848
3413
7456
8383
5719
1257
5719
9266
5719
4309
5719
990
1001
8635
8101
5325
6655
2947
6655
9098
1161
7302
1856
7269
1856
8547
2217
7713
2217
8580
2217
8553
2217
8089
2217
2173
2181
8752
2876
4311
7704
955
969
10024
7357
1356
7357
3631
7943
1804
1914
8898
8019
2462
5509
2702
5509
2432
7163
2439
7163
9811
4661
543
533
3941
2300
5144
2300
2756
5552
6839
5552
3843
6433
4828
6433
3398
8253
8267
8253
976
991
988
991
8376
9952
1763
9042
3065
3052
2819
3052
317
318
1729
6920
8258
6920
8268
6920
2160
6920
9221
6920
9235
6920
2363
6920
8262
6920
4024
6920
9726
9245
16
10330
86
10330
129
10330
156
10330
123
10330
125
10330
127
10330
14
10330
32
10330
30
10330
104
10330
121
10330
73
10330
28
10330
77
10330
22
10330
75
10330
106
10330
79
10330
24
10330
110
10330
0
10330
36
10330
119
10330
113
10330
117
10330
115
10330
1
10330
102
10330
108
10330
34
10330
26
10330
53
10330
12
10330
18
10330
88
10330
160
10330
111
10330
158
10330
90
10330
95
10330
9
10330
97
10330
7
10330
5
10330
99
10330
3
10330
51
10330
20
10330
109
10330
76
10330
107
10330
105
10330
103
10330
120
10330
81
10330
112
10330
118
10330
11
10330
161
10330
74
10330
101
10330
2
10330
8
10330
159
10330
157
10330
98
10330
126
10330
124
10330
10
10330
89
10330
85
10330
87
10330
100
10330
19
10330
13
10330
17
10330
15
10330
21
10330
128
10330
96
10330
122
10330
6
10330
130
10330
4
10330
94
10330
31
10330
41
10330
29
10330
23
10330
25
10330
72
10330
27
10330
78
10330
114
10330
116
10330
39
10330
45
10330
47
10330
43
10330
33
10330
49
10330
80
10330
35
10330
7667
9347
3188
4830
3148
4830
3763
8091
5693
8091
8102
8091
2527
7362
7371
7362
9180
6428
3890
6428
9368
1323
4371
1323
9366
1323
8042
1323
2226
2222
4205
2222
2502
2716
6905
4174
9432
4174
7332
4174
5696
4174
391
345
8085
10055
7711
10055
6965
10055
2209
5178
2090
5178
9626
9788
3361
9788
3962
5530
9583
5530
2290
2407
2403
2407
2641
2654
7595
7566
8379
7566
2856
7566
5743
7566
7653
7598
2230
7598
5731
7598
9296
7598
3663
4857
1281
1295
9836
1295
2061
4070
1652
1674
70
9762
2506
7559
2506
4790
2506
7413
786
7248
4020
2583
4020
5798
4020
2561
4020
1133
5879
7821
5879
3622
4862
8781
4809
805
9015
1283
1285
7226
7588
4089
7588
2416
5234
3704
5234
4
4238
4200
2412
7291
2412
10170
10299
10162
10299
8189
9789
457
339
7761
796
9524
796
767
768
9554
768
7130
3273
1447
9065
6390
6680
5385
6680
1265
7818
2091
5181
2202
5181
1092
5876
8218
5876
289
584
526
584
9523
789
788
789
10
9533
7969
4393
10118
8910
8206
5217
2328
5217
2370
2509
2498
2509
8394
9283
8390
9283
6999
7601
2573
3004
120
3441
3460
4644
7782
8734
7782
2228
7569
2229
7569
9586
6047
3499
6047
7723
647
2495
2719
10323
10317
10323
10317
10327
10317
4807
2643
8904
2547
4031
2547
822
8537
3704
5290
2326
5290
9499
8633
8904
9647
6
4241
3038
7591
9594
799
7679
8455
8540
8455
8487
8455
5102
6235
4760
6235
2374
5222
5954
5222
7942
7925
1357
4383
4327
4383
9346
4383
8450
4383
9779
2552
7422
771
1492
1525
116
8542
318
597
623
597
7927
5300
8415
652
1118
7821
2449
4806
2431
4806
9572
6052
4554
6052
2992
3905
675
7777
72
387
9686
3614
3120
3129
1399
4700
7665
7941
8801
7941
8354
7941
3538
3556
3575
3556
2948
5629
9877
5629
4642
8173
1419
8173
1197
1200
1196
1200
9656
8060
9656
8060
8999
8992
8640
8992
3196
9587
17
423
9552
8997
778
8997
3911
2223
1971
2223
949
960
7697
1322
7341
1322
3112
5641
9212
5641
1867
6184
1947
6184
1270
9156
8472
9335
547
404
1038
1041
972
9237
2575
9861
7954
8340
4393
8340
9917
8340
7964
3784
5200
2350
2253
9079
1189
1190
4296
1190
3326
3335
3318
3335
1543
4690
1074
5865
1091
5865
9672
3794
1062
4445
8794
2261
7952
2261
2083
2105
6973
9002
768
9002
1264
1317
3332
6451
3363
6451
1278
1281
9542
8987
811
8987
1912
6194
1946
6194
10158
10159
10226
10159
1498
6110
1642
6110
898
9076
2714
9076
2439
7938
4132
1870
1846
1870
2563
2610
4260
710
5673
8394
2820
2837
2844
2837
3555
3559
8567
8847
2916
5626
3990
5626
3087
5638
3162
5638
259
260
3468
7470
1316
4634
4120
4634
4257
833
2257
5185
4041
5185
1012
1038
1031
1038
3121
3126
1104
1134
2691
2745
2698
2745
1399
8735
546
446
452
446
10259
10268
7636
8384
2269
3740
561
471
272
471
524
471
4703
6140
7867
6140
2276
5195
2997
6373
2939
6373
3354
6448
3266
6448
2238
2258
9902
2842
3780
2842
7180
2842
2821
2842
3305
6864
3596
6864
8321
1278
8769
1278
8334
1278
1267
1278
8057
8852
8471
8852
10005
8852
10055
8852
8483
8852
2250
7575
2311
7575
2373
5223
2324
5223
737
8651
735
8651
739
8651
827
8579
828
8579
2580
2641
2636
2641
2049
8772
2095
6744
3500
3501
6995
3964
2849
5350
8225
9635
7485
9635
4228
9635
2278
9635
2948
9635
7487
9635
5306
9635
8733
9635
4543
9635
3080
3144
3450
3469
7176
7560
7176
7560
9446
4056
10051
4056
6945
6129
1750
6129
9533
729
3120
4114
7248
2629
8405
2629
7990
2629
731
7739
3493
3491
3474
3491
1526
1605
7326
7308
2550
2865
2872
2865
7931
8767
2463
5261
2517
5261
3969
1750
3304
3328
5
4243
4320
4319
9530
726
2581
2638
4151
2638
7393
8648
8203
5837
7081
5837
9869
9840
3256
9611
2629
2626
2600
2626
5746
5745
421
621
7143
3498
4054
3498
3465
3466
3452
3466
2113
2185
2994
4059
4715
6126
1748
6126
9252
6753
9423
3367
9408
3367
9406
3367
660
9442
3057
3110
3090
3110
8714
3153
4911
3153
2206
3153
8614
8576
7720
8576
808
8576
9810
9802
9815
9802
2859
5610
2598
5610
9014
8075
9466
3488
9326
3488
9401
7311
4253
7311
7451
2195
7182
2195
2164
2195
8050
4316
5682
4316
10186
10201
10200
10201
9172
5842
9160
5842
118
4254
2513
5258
5966
5258
1341
1345
1315
1345
5427
3331
7385
7736
3368
3372
8419
3372
9313
3372
973
975
958
975
5947
7466
3285
7498
7166
7498
5697
8059
8578
8059
1196
1199
1198
1199
2944
5630
3041
5630
8073
10029
4033
9800
4481
9800
3864
9800
3032
9800
4003
9800
2008
9800
4679
9800
1568
9800
2359
9800
9154
9800
1577
9800
4113
9800
9880
9800
2483
9800
3929
9800
2272
9800
2373
9800
2753
9800
8734
9800
9855
9800
2670
9800
1041
9800
8735
9800
2185
9800
9842
9800
4069
9800
3893
9800
4108
9800
4501
9800
2324
9800
6845
9800
1563
9800
2333
9800
8742
9800
7012
9800
2631
9800
4058
9800
2514
9800
2954
9800
1615
9800
2443
9800
1398
4699
8592
9440
9591
3130
4114
3130
1283
9080
5200
2349
7956
8339
1351
4671
7848
4671
2031
7153
2088
2093
4702
6106
4699
6106
5924
4752
9228
4752
2412
2413
8358
2413
1842
1951
8629
7367
949
959
9353
706
2557
2606
1860
1866
9215
6665
3051
6665
1881
1898
1868
1898
1138
1171
2635
9842
1606
4689
570
616
8319
8263
7591
8263
2126
4075
3100
7488
1157
1189
4118
1189
3303
3311
9500
10028
8099
10028
1700
3736
8349
1888
9587
4835
3181
4835
9513
7372
4715
6136
7798
6136
2602
6841
2626
6841
410
583
336
583
7204
2083
7576
2083
7574
2083
4225
2083
1850
4747
2999
9246
2999
9246
9513
7331
957
956
944
956
9896
7964
4258
709
9733
7501
9891
7144
7110
2609
4132
1869
9995
1869
9946
8336
9946
8336
81
2218
2346
995
1014
994
1014
4698
6109
9847
6109
8443
8437
8454
8437
9340
8437
7807
6257
2296
6257
1445
4668
1416
4668
1397
4696
4239
5664
2438
2447
7758
8114
3564
7469
2358
5203
9206
5203
1844
1948
3562
3560
3374
3560
10063
8056
1149
1168
1170
1168
1051
1064
4293
1064
8365
1901
1874
1901
7285
1196
4202
1196
7511
6139
4706
6139
8957
8555
1510
7491
1541
3739
3303
3308
2032
7033
1168
1186
8349
1891
1875
1891
1580
4686
2635
6838
2336
6262
4771
6262
10010
8442
3945
7328
8071
7328
1624
1625
2435
2452
7505
3106
6403
3106
4137
3106
4073
4197
3916
5413
3204
5413
2850
5349
2123
4192
5725
1692
1666
1692
7614
1692
3867
5606
4029
5606
1689
1697
1690
1697
1588
1593
1586
1593
8089
8580
8089
8580
7309
3938
68
2625
2630
9536
730
8919
9979
1782
6130
1749
6130
7922
7559
430
355
322
355
4553
3470
4135
4973
1597
4973
1640
1702
1699
1702
112
1579
1583
1704
1687
9884
1687
9390
8465
2061
4187
10132
10308
8996
7740
5684
7740
5657
4202
8511
4202
9991
4202
9992
4202
8075
10001
8126
10001
3913
9978
348
349
9419
4320
8918
4320
4277
4320
3567
3575
3574
3575
550
540
591
540
1769
1813
3969
1749
7420
761
3636
4867
4543
4867
8038
10033
7930
7556
3072
4060
2908
6642
3825
6642
5300
2664
5299
2664
3719
2664
3262
5447
3297
5447
7647
7614
7266
7614
7629
7614
2116
3941
4005
2203
2089
2203
118
2858
5609
2878
5609
4658
7784
1472
7784
9483
9461
8984
9461
6402
3109
6397
3109
8758
3109
116
208
5981
5346
2914
5346
2114
2125
1990
2125
1739
1746
2215
6533
9914
6533
3347
5452
4091
5452
2891
6637
3011
6637
9439
7335
4018
7335
3616
4872
3614
4872
309
478
361
478
948
9055
3856
7794
2597
7794
1620
7794
3338
7794
2191
7794
3649
7794
2131
7794
3226
7794
2209
7794
2338
7794
3315
7794
1934
7794
3839
7794
3141
7794
2467
7794
3877
7794
3117
7794
2090
7794
9651
7794
1643
7794
1609
7794
6948
7794
4116
7794
4059
7794
5349
7794
2880
7794
3601
7794
2289
7794
3362
7794
2902
7794
3207
7794
6493
7794
3348
7794
1908
7794
9653
7794
3086
7794
9816
7794
1957
7794
9775
7794
4821
7794
5999
7794
2484
7794
9838
7794
8233
7794
2044
7794
3157
7794
9778
7794
2367
7794
3172
7794
2730
7794
7419
758
62
2865
2880
1848
1860
1862
1860
8754
3601
4541
3601
3853
3601
8845
8418
7008
6983
9648
6983
8355
6983
9734
6983
9271
6983
8783
6983
3835
3024
10315
10160
10157
10160
8091
8479
4744
6182
4749
6182
336
337
10042
2529
10022
2529
4197
9409
8621
8974
809
8974
5684
8974
4344
3782
3291
9751
5190
7460
9445
8930
9448
8930
9455
8930
8356
2286
3548
3569
7193
3569
4231
6993
2788
6993
3169
4826
7202
4826
7875
5045
4036
5045
7918
3925
6939
1505
1479
1505
4683
7051
6953
7051
3569
3591
3589
3591
3496
3821
7845
6854
7488
6854
2264
4215
2249
2268
2263
2268
4017
7905
2274
2296
4537
3777
2867
6916
2160
6221
6946
6221
1691
1715
7197
1715
1903
6177
1945
6177
7735
9408
5699
9408
8383
5720
9675
5720
1200
5720
259
459
537
459
566
459
2283
2289
3540
3566
3291
3598
7428
8070
7344
8070
1843
1933
2525
2526
7439
8421
1105
1120
1121
1120
10152
10285
10310
10285
9779
8377
5740
8377
3365
9414
2369
2427
2413
2427
6905
10013
7332
10013
2703
5510
7027
5510
4343
8020
10017
8020
8514
8020
3782
8020
8900
8020
5734
8476
4251
9336
941
970
9132
970
3637
9155
2361
9155
2064
9155
3204
9155
9892
9155
6346
9155
3597
9155
2184
9155
3652
9155
3004
9155
3905
9155
3109
9155
2708
9155
3040
9155
2775
9155
3316
9155
3142
9155
3977
9155
4021
9155
4071
9155
3994
9155
4009
9155
9908
9155
4133
9155
2883
9155
2381
9155
7533
6919
6927
6919
8270
6919
2349
6919
6928
6919
1815
6919
1110
6919
6926
6919
5734
8382
4101
6843
8748
6843
5975
6843
9760
7048
7050
7048
3593
3588
7193
3588
2089
2299
2298
2299
401
465
356
465
3037
3818
3938
3818
9970
3818
7638
3818
2297
2271
2261
2271
3993
6218
2215
6218
3188
4829
9180
4829
255
256
5733
2432
2419
2432
1056
5855
8211
5855
8557
7273
2076
4069
10054
9709
351
639
638
639
2763
5529
2789
5529
3451
3456
3465
3456
2497
5286
2496
5286
4411
3514
4410
3514
4249
7724
524
472
275
472
8556
8906
8618
3943
9469
3943
1029
8211
8217
5880
7835
5880
9003
4019
3054
3163
3002
4101
7809
5028
1949
5028
4870
6763
5814
6763
7498
3357
4544
6024
4546
6024
7142
6024
8259
3704
7117
3704
8763
3704
6687
4264
8632
4264
4824
6408
3099
6408
2749
5296
2691
5296
3899
5268
2758
5268
1212
1303
7175
9708
3394
9708
4811
4810
3343
4091
3269
3362
8846
9950
8496
9950
8014
9950
8039
9950
4178
9950
8040
9950
2275
6551
2331
6551
3086
6679
3157
6679
5668
734
10150
10334
10328
10334
10134
10334
4546
4545
2576
9636
3744
3954
3737
3954
3742
3954
6747
3954
3732
3954
4027
3954
3733
3954
8202
3954
8213
3954
3735
3954
8212
3954
8207
3954
3729
3954
4804
3954
8228
3954
3740
3954
3736
3954
3739
3954
8211
3954
8208
3954
3734
3954
3730
3954
3761
3954
7085
3954
4028
3954
8214
3954
7471
3954
3741
3954
3738
3954
3743
3954
8204
3954
3728
3954
3731
3954
3314
5427
6979
9714
2410
2510
7746
8909
8539
8909
3857
8762
10114
790
2282
4016
2289
5289
9838
5289
3763
7025
8634
7025
4102
7025
940
8208
9096
1832
2142
3893
2424
2720
8375
2720
8438
9884
7994
9884
8841
9884
4387
9884
8326
7570
1898
4098
3052
4066
9608
5526
6347
5526
3441
3459
1934
5031
1957
5031
595
414
451
414
2437
5271
2706
5271
3134
6411
7859
6411
3324
8757
10116
800
6463
5432
3247
5432
2953
2855
3999
2855
7336
4405
4349
4405
7324
4405
1863
1875
3132
6676
3166
6676
2875
7475
570
638
393
638
9443
4088
9709
4088
4018
4088
10047
4088
9205
9197
2293
6548
2254
6548
5971
5299
1865
3883
1774
1827
4238
8119
9466
9957
8867
9957
9328
9957
644
610
346
610
1125
1140
1141
1140
4354
3385
3384
3385
6966
8043
7711
8043
4242
5669
8298
7848
9725
7848
1070
1069
1052
1069
60
3512
7464
4084
8001
1319
4640
9867
4640
4792
6278
2380
6278
7205
7149
1862
1864
1861
1864
4294
1101
1100
1101
5229
2353
2559
2604
4892
4903
7912
4903
8844
8400
8835
8400
8833
8400
7652
8400
4039
8400
3691
8400
4236
704
7658
7969
1407
1448
1451
1448
1409
7213
7214
1373
1365
1373
304
305
931
943
944
943
7478
6104
4695
6104
2175
2167
8800
2167
4510
2167
8373
2167
8743
5108
5098
5108
8616
8937
647
8937
8642
8937
5685
9362
8893
9362
5686
9362
1017
1019
1018
1019
2843
2947
9392
5701
9719
7991
3982
6870
4148
6870
724
3395
4269
3395
4644
5773
1782
5773
6913
5773
1536
5773
7021
5773
6952
5773
9824
5773
6951
5773
1285
5773
9800
5773
1749
5773
5129
5773
1822
5773
8083
8942
8967
8942
2837
2952
3885
5691
3736
6134
4714
6134
2101
2172
7201
2172
569
299
1078
1091
1401
3734
7435
8390
2342
2344
1015
1016
1014
1016
10226
10146
7508
3790
9280
8334
1457
7851
2406
7146
4746
6190
8224
6190
7984
7966
3724
7998
943
954
952
954
4293
1098
1081
1098
8555
8054
8073
8054
1048
1066
1164
1194
2390
6281
2350
6281
1452
1451
1409
1451
2462
6317
4801
6317
1237
8795
9250
7105
9846
2897
5620
2897
3702
5111
8743
5111
3588
3620
3618
3620
223
225
219
225
8663
8116
2871
2892
7697
4275
9413
5698
4240
5666
1565
4694
890
893
882
893
10132
10133
5663
8615
775
8615
8109
8615
595
593
630
593
302
593
1951
6200
1894
6200
4212
7988
8424
7988
2531
7988
3801
3800
2886
2887
2862
2887
2449
9737
3878
5688
8978
5688
2841
2902
218
219
10335
10132
1511
4684
875
883
882
883
2105
5135
2062
5135
4019
9497
2515
6322
2445
6322
1167
1184
9280
1184
1076
1088
7963
8785
3741
7789
4486
7789
7210
3441
3443
3441
1254
4608
6722
4608
3827
5353
6754
5353
6916
5604
2973
5604
9661
9662
2231
5947
2241
5947
2494
2701
3105
3104
7970
3104
5930
5167
3955
5167
9352
4351
7416
782
2674
2669
2571
2669
11
1663
7647
2246
7543
8335
6345
9295
7619
8380
2691
7250
2691
8385
2691
2677
2691
4190
5172
5931
5172
3771
8823
5953
5952
2196
7799
7302
9995
1836
9995
909
925
917
925
751
7771
10101
9302
9319
9302
9355
9302
9344
7652
108
238
7433
4260
2615
2773
7439
821
7418
777
7001
1753
7004
1753
7217
1753
3437
3438
3381
3438
7032
7616
9867
4611
9836
4611
7944
4120
7144
4120
430
422
399
422
6932
6605
2773
6605
161
1176
5892
1152
5892
7949
2698
2677
2698
2572
2666
2674
2666
1319
5897
4493
5897
693
7403
7425
7403
7775
7403
8304
7554
7570
7554
7185
7554
3884
5344
5982
5344
8342
8312
8786
8312
8367
8312
8095
9455
1591
3970
5695
4348
9468
4348
1240
4473
1224
4473
535
510
168
510
3082
3150
1148
7786
9170
7786
3386
3423
2434
6750
2590
2688
1551
5902
1126
5887
1110
5887
1739
1744
7362
8965
8979
8965
4134
2135
4763
2135
7877
8145
4445
8145
9685
7796
75
7768
7409
10114
816
818
179
180
9648
8307
8355
8307
6716
8307
9271
8307
8783
8307
7007
8307
1062
9115
1805
1920
10257
10280
10158
10280
7646
938
937
938
8423
938
3710
938
2995
3026
4105
1433
3926
1433
8576
1433
8946
1433
9703
7710
10028
7710
4200
8358
7633
8358
5731
8358
9296
8358
2248
2284
8378
2284
9229
6323
2516
6323
1335
1428
5722
1428
9812
1428
7619
1428
4487
7833
742
8976
8640
8976
704
8976
1959
8038
5692
8038
8627
8038
8900
9364
8930
9963
900
3730
8356
9745
3321
6010
8279
7520
7864
8725
1784
8725
7860
8725
898
8725
1441
8725
1747
8725
4095
8725
2156
8725
7834
8725
4127
8725
1133
8725
1239
8725
7822
8725
1222
8725
1719
8725
1092
8725
4703
8725
4087
8725
1902
8725
2811
8725
1177
8725
2714
8725
6749
8725
2181
8725
7821
8725
1866
8725
4187
8725
1813
8725
5958
8725
5961
8725
2003
8725
8206
8725
1175
8725
1944
8725
3846
8725
7863
8725
1279
8725
2328
8725
4621
8725
2362
8725
5777
8725
9924
8725
2092
8725
3429
5828
4415
5828
3121
4824
2168
4155
2055
3761
78
277
6743
6914
7510
6914
2281
2294
2676
2675
2569
2675
1362
1655
1633
1655
3847
6856
3273
6856
1741
6161
1793
6161
10102
10099
4241
8979
3195
3207
7408
5660
7823
6483
3342
6483
930
941
943
941
2508
2524
1059
1060
1028
1060
7075
9097
9137
9097
9151
9097
1614
9097
6417
9097
5909
9097
1943
9097
7856
9097
2382
9097
1893
9097
3933
9097
1417
9097
9146
9097
2683
9097
2795
9097
7841
9097
4485
9097
2145
9097
5191
9097
4035
9097
9916
9097
3107
9097
2513
9097
3985
9097
3049
9097
4122
9097
2662
9097
4221
9097
4085
9097
6355
9097
2086
9097
4822
9097
3889
9097
4050
9097
9149
9097
7450
9097
1791
9097
7449
9097
7840
9097
1820
9097
2916
9097
1350
9097
2200
9097
9114
9097
3852
9097
2345
9097
4721
9097
2321
9097
3126
9097
1605
9097
2447
9097
1293
9097
7829
9097
4773
9097
2696
9097
3990
9097
7849
9097
3912
9097
5241
9097
2046
9097
4195
9097
1246
9097
7831
9097
2969
9097
5966
9097
4126
9097
4183
9097
7033
6807
4766
6807
3562
3564
3375
3564
3828
10063
975
9092
9720
8361
3233
3245
149
74
84
74
71
74
131
74
69
74
63
74
65
74
67
74
59
74
55
74
57
74
82
74
61
74
58
74
151
74
70
74
68
74
62
74
60
74
83
74
56
74
64
74
66
74
54
74
37
74
3717
7227
2638
9856
7946
1431
7947
1431
8345
1431
1336
1431
7623
7960
7694
8041
8044
8474
2996
3029
9227
9161
1229
1272
1228
1272
7495
9087
7479
9087
6742
9087
2361
6812
6816
6812
873
9102
3295
6859
3328
6859
1925
2005
10265
10263
9238
8250
2244
2240
7585
2240
3633
6493
9267
3212
6720
3212
3213
3212
9268
3212
3419
5831
3420
5831
1221
1267
1250
1267
21
9594
2861
3758
3805
3758
9791
3758
8761
5915
9210
5915
9148
6158
4741
6158
6977
7232
10088
7726
8098
7726
729
7726
3485
3516
3486
3516
1215
1235
1234
1235
2801
5284
2709
5284
7161
7538
9519
4288
736
4288
738
4288
1344
9140
9452
3454
8847
3454
8003
9664
3876
9664
8004
9664
3948
3010
8748
3010
560
489
521
489
233
489
450
444
164
444
10187
10188
7911
9606
7906
9606
3544
6026
3520
6026
3914
3706
9401
3706
8417
3706
2500
3959
7253
4531
5745
4531
9945
4531
3075
4531
7221
3417
4354
3417
3565
6525
4878
6525
8936
8904
3903
8904
8931
8904
3379
3381
3940
3381
1020
1075
9115
1075
8195
9783
3737
9783
8213
9783
3954
9783
8198
9783
3743
9783
3887
9783
419
495
211
495
8779
8778
2792
5294
6750
5294
9565
5675
701
5675
746
4266
8404
4298
564
532
543
532
7221
3422
3378
3422
7962
2828
8799
2828
2830
2828
7606
2828
5664
736
8416
7975
8990
4014
8635
4014
8509
9289
8513
9289
9141
4291
9164
4291
10170
10249
7207
7541
8738
6029
7461
6029
2388
6285
5199
6285
9084
3709
8903
3956
806
9539
8426
8822
8505
4333
6730
4528
7639
4528
9972
4528
9301
4528
2658
2660
2797
5524
6839
5524
9522
8592
1986
4064
1682
1680
1637
1680
7795
8693
9487
8597
8617
8597
7375
7729
797
7729
7378
7729
789
7729
4411
3519
4409
3519
9264
3519
3821
3519
1435
4180
8811
3378
4051
3378
3377
3378
3706
3378
3382
3443
3445
3443
9720
8817
3164
6674
3165
6674
36
10131
8118
739
2368
6295
2315
6295
807
9538
9921
8781
5676
9288
7641
9288
1191
4301
2909
2915
649
4269
4268
4269
546
406
728
8602
4528
2831
2818
2831
10316
10293
10168
10293
10053
8587
9138
8683
9135
8683
2493
5240
3868
5330
6370
5330
2979
6644
2912
6644
9796
8672
4375
1495
4378
1495
1371
1495
2724
2741
593
627
307
627
7028
8751
7028
8751
7002
7003
1840
7895
2096
2306
9573
829
101
7657
7639
3570
3611
10146
10245
10297
10245
2064
5120
2184
5120
3248
5434
7476
5434
1488
1485
8333
1485
3817
8563
3817
8563
985
4438
979
4438
804
8667
7921
4423
8281
4423
8299
7885
9932
5939
2229
5939
10321
10316
10321
10316
9886
1650
1655
1650
8412
7631
9425
9410
8942
9410
9920
9276
5296
4150
98
9555
4220
3473
3456
3473
7511
4970
4720
4970
3288
3348
7569
2309
5939
2309
10009
1045
9400
1045
4101
8748
4101
8748
7438
826
2749
2738
2675
2738
19
391
3113
5645
7481
5645
2978
6653
2901
6653
6227
5490
3902
5490
2325
6557
6817
6557
3792
7165
3799
9792
3798
9792
3240
3260
1720
7945
454
453
178
453
3267
6435
3849
6435
673
8255
7887
8255
3574
3608
3594
3608
1516
9667
1039
4441
1004
4441
10190
10191
5937
5936
2315
6562
2326
6562
1975
7628
3930
7628
1323
1325
7234
1325
3288
3351
8434
7636
3689
7636
8834
7636
2272
5500
2324
5500
2511
4800
9251
7142
3665
8280
9915
8280
7580
8280
1291
1293
3013
6366
2877
6366
7549
6398
7102
6398
2667
5306
8500
5741
5707
5741
2529
5741
8018
5741
7289
5741
7575
2330
150
9597
3345
6467
3602
6467
7813
8191
8720
8191
9430
8886
7316
8886
698
8886
7516
3684
2419
7259
3995
9949
2933
2939
8321
1283
7532
1283
1268
1283
8334
1283
8960
8949
8979
8949
703
9013
3984
9013
8867
9326
9983
9326
2937
6388
2923
6388
9756
8169
91
8131
1314
1341
1324
1341
10325
10311
10317
10311
7170
4790
387
386
7732
9710
9505
9710
9436
9710
2964
7137
7447
9063
7295
3275
3277
3275
9401
9321
3939
9321
3169
3694
3934
3694
10067
4111
10064
4111
5691
4111
8084
4111
3828
4111
8318
4620
9891
4620
4618
4620
9755
9948
4847
6472
4849
6472
2429
2434
2433
2434
1013
1031
998
1031
10335
10215
8492
8444
8521
8896
4353
8868
674
8201
8255
8201
8490
4395
7097
2490
4791
2490
7876
2490
230
231
5748
7256
5748
7256
10119
810
3126
7057
7320
7314
8526
8889
5389
6401
5388
6401
7113
6401
4027
4734
1812
4734
86
258
4173
5738
5736
5738
9989
5738
3978
5309
8749
5309
5805
8188
8200
8188
2896
6369
9558
8635
8311
2645
2643
2645
8338
2645
2636
2645
7657
9972
3620
3640
8517
8899
682
8128
1577
7062
8734
7062
4535
9905
3114
6391
1369
4385
7959
7923
1707
7923
6713
7923
7594
7923
2476
2500
3898
2500
2474
2500
7195
2500
4373
1338
4313
1338
9298
1338
1334
1338
3908
6233
4758
6233
7680
8453
7295
8453
4404
8453
1484
1523
1526
1523
1328
4108
6925
8946
9538
8946
8963
8946
808
8946
3869
3903
9690
3903
6994
3903
3915
3903
5792
9265
5792
9265
1027
1028
1026
1028
2834
2936
2940
2936
8521
8871
7916
8166
6924
8166
4154
8198
856
9367
1045
9367
6464
3301
4846
3301
9645
9798
9646
9798
8885
2816
8027
2816
7690
2816
9340
2816
4342
2816
7725
9438
1721
1774
1723
1774
2743
2754
4495
8175
1446
8175
8745
6086
1601
6086
2217
2225
7159
2586
2554
2586
7588
3269
3238
3269
6993
9781
7436
686
10047
9439
3313
3333
3603
5461
3651
5461
1645
4709
1675
4709
1568
4956
1536
4956
1185
1209
3283
3291
3320
3291
8594
10030
9471
10030
7399
10030
3787
9799
3788
9799
1820
5014
4195
5014
7120
7508
7889
7508
3667
6018
3677
6018
1833
1908
2924
5374
2941
5374
9294
2568
8386
2568
3720
2568
2555
2596
1032
4443
1021
4443
162
447
6942
4378
8258
5863
1073
5863
3845
4519
8818
4519
5800
4519
665
668
663
668
662
668
661
668
8653
668
10123
696
3094
3180
6913
5064
3893
5064
592
591
291
591
1531
6096
4702
6096
4657
6068
4684
6068
3491
3528
7740
7718
9149
6780
7829
6780
2079
2103
2551
2589
2588
2589
7134
3266
9578
3266
3250
3266
3255
3298
10117
689
2945
5982
1498
6089
1530
6089
5677
9293
558
285
8322
835
3365
7682
7506
8733
2749
2743
2690
2743
5708
4422
9958
2819
7603
2819
8809
2819
7249
2819
9561
747
2360
5183
3874
5183
1581
6099
1597
6099
80
279
7410
9506
1186
4454
1159
4454
3356
5458
3337
5458
3282
3288
3286
3288
2961
5977
2558
2599
1401
7511
697
699
3673
6021
3643
6021
2241
4516
4382
4381
7762
752
8662
752
7760
752
1801
1911
1182
1206
8351
2571
7240
2571
2570
2571
9509
671
2935
9653
3386
4417
5936
5193
6712
7677
6712
7677
8346
7573
8797
7573
4683
6071
1583
6071
1651
4706
7926
4959
3512
3531
5341
6375
4819
6375
9760
7721
9012
7721
9736
7922
2530
4212
2628
9831
3070
3086
4115
5225
2374
5225
861
872
9113
872
88
274
2611
5586
3031
5586
1708
1712
1692
1712
6716
9734
3458
5816
4813
6360
2755
6360
1771
9816
1828
9816
7528
9816
8645
9494
3726
9494
745
9494
3408
5754
3410
5754
4759
4758
1403
1522
1519
1522
1311
1354
1340
1354
1523
1603
1661
1707
1662
1707
2861
2863
2240
2374
2630
5568
5301
5568
5309
5596
3892
5596
1032
4564
999
4564
119
200
6710
867
8613
867
7726
10073
4223
10073
8558
10048
8941
10048
8562
10048
9904
7881
1329
1416
3524
7176
249
562
7929
7917
285
363
541
363
3092
3096
3093
3096
9652
4207
8022
4207
8464
4207
701
4207
8530
3068
7651
3068
9190
2461
9191
2461
3925
2461
1519
1517
4506
1517
2106
6251
5938
6251
7898
1481
5783
1481
1389
1481
9649
9980
8473
9980
10033
9980
8587
9980
9986
9980
8467
9980
10322
10137
8913
8424
8532
8424
7696
8424
2991
3018
85
4245
7565
3824
3448
5819
5102
6224
2158
6224
2168
2183
172
173
5744
5743
1156
9032
1396
7804
2919
2982
2618
5589
7107
5589
9864
5589
3559
6755
4332
1962
4762
4761
627
552
5389
3089
5388
3089
7102
3089
3154
3155
6396
3155
3871
7270
7307
7270
4280
7270
9394
7270
4004
7270
9597
9353
6969
9954
1611
9027
6961
2193
9746
2193
4481
8160
8742
8160
8080
8073
7709
8073
7706
8073
4152
5571
9837
5571
400
320
4017
7878
10215
10270
10136
10270
3090
3071
3056
3071
2054
6248
1385
7179
1330
1419
1818
4730
1906
4730
2394
2458
2459
2458
4136
3099
4198
3099
1438
1478
1479
1478
1315
1343
1340
1343
957
973
974
973
2993
3021
7539
1957
4745
1957
7112
1957
1227
1230
1198
1230
2953
2977
2536
2977
4221
5599
4126
5599
1456
3872
1713
1737
10056
7690
3047
6646
2905
6646
1808
1845
1839
1845
5803
7445
3408
7445
6015
7445
4125
7445
5817
7445
3431
7445
6372
7445
5426
7445
5409
7445
5950
7445
3581
7445
3410
7445
3154
7445
5983
7445
5322
7445
4549
7445
3479
7445
5189
7445
6350
7445
3357
7445
6024
7445
4824
7445
6914
7445
6369
7445
3640
7445
4417
7445
3187
7445
5304
7445
3425
7445
9821
7445
4799
7445
2810
7445
3415
7445
6840
7445
5988
7445
4106
7445
6396
7445
3346
7445
3510
7445
3701
7445
3947
7445
3892
7445
2833
9194
6727
2304
2806
6578
2718
6578
5980
5342
2906
5342
6350
2770
6364
2770
9860
5990
79
288
1561
4941
1613
4941
8081
7700
7709
7700
7706
7700
8580
7700
5706
7700
3224
5436
9868
5436
1170
9717
2
2867
3867
1710
1742
7899
6935
1953
5060
1997
5060
9896
6000
4534
6000
1458
9887
0
9561
3905
5337
2958
5337
3624
6503
3610
6503
59
134
3176
3202
3095
3187
8
1928
1995
5928
6802
4761
6802
5947
9112
8857
824
1598
6787
1555
6787
7622
6713
2681
6617
2609
6617
2900
6649
5350
6649
2798
6581
2700
6581
2222
2365
1053
4575
1071
4575
7617
3320
3279
3320
2120
5934
4748
6792
1884
6792
9995
1985
7677
1985
6712
1985
7258
1985
1570
4938
7806
4938
8257
9107
1885
6797
1931
6797
10325
10240
1639
8315
218
624
554
624
223
624
556
624
555
624
3098
3192
39
10122
6721
3197
9267
3197
9268
3197
9903
3197
10003
7634
7995
7634
8486
7634
1243
4470
1226
4470
1651
3973
7082
5850
8245
5850
3839
5439
5999
5439
2726
6622
7432
8352
2669
5304
1201
4308
1575
9138
8289
2342
7928
2342
8314
2342
9265
2342
8347
2342
2762
6364
413
361
312
361
9605
4739
4075
6873
7499
6873
9237
7078
2975
2990
7893
5770
9243
5770
8945
3686
3909
3686
8659
8884
10018
7319
7244
7243
8972
8953
7890
3000
1213
9139
10046
10022
10046
10022
7950
8347
2097
2337
9607
8894
8561
9417
983
4560
969
4560
8919
8446
8476
9315
2429
2436
2417
2436
9325
1370
9320
1370
4329
1370
4379
1370
1971
2023
4201
2023
1313
3696
9590
3668
2465
3668
4774
3668
2725
3668
4184
3668
2315
3668
1867
3668
2607
3668
1743
3668
3667
3668
4852
3668
3627
3668
3242
3668
2134
3668
3847
3668
2891
3668
3125
3668
1915
3668
3273
3668
9587
3668
3598
3668
3704
3668
1581
3668
1646
3668
1751
3668
4135
3668
5291
3668
3225
3668
2202
3668
9832
3668
3133
3668
2922
3668
5061
3668
2905
3668
3181
3668
10242
10209
4312
4311
4312
4311
7344
7316
4116
5075
2044
5075
3232
7254
4174
7254
3386
7081
2915
5365
2989
5365
7147
7117
5703
3689
2465
6305
2472
6305
3749
3747
3819
3747
4766
3747
4019
8612
7756
8612
7257
6967
9124
3835
5955
3835
2384
3835
1570
3835
1954
3835
7812
3835
2930
3835
7807
3835
1821
3835
2979
3835
7797
3835
7802
3835
4715
3835
4813
3835
4190
3835
6348
3835
8728
3835
2603
3835
1193
3835
5978
3835
1584
3835
3023
3835
1151
3835
2755
3835
2787
3835
1113
3835
5931
3835
1205
3835
7817
3835
7029
3835
2010
3835
7803
3835
1262
3835
7800
3835
7818
3835
1171
3835
2296
3835
1303
3835
7799
3835
2688
3835
5240
3835
7804
3835
2912
3835
7809
3835
7806
3835
7810
3835
2148
3835
1748
3835
2903
3835
1949
3835
6963
3835
7798
3835
1607
3835
3008
3835
7814
3835
8727
3835
7816
3835
2885
3835
2464
3835
5969
3835
2042
3835
8196
3835
9655
3835
7811
3835
1781
3835
2207
3835
1668
6147
6928
6147
1814
4736
1909
4736
810
9540
5785
7122
9244
7122
9245
7122
7592
2850
2829
2850
8859
8840
170
171
9926
9911
9926
9911
159
2510
3699
8923
8513
2100
9206
5734
2439
8433
2439
8035
8449
8479
8449
8877
8449
6725
9290
1677
6152
1760
6152
49
10117
4370
8164
1299
8164
2936
2934
2835
2934
10106
6972
7394
6972
6962
6972
1709
1765
1707
1765
9016
8944
6978
8944
8096
8944
7323
3752
8934
3752
8905
3752
9520
8607
4139
8703
9140
8703
8355
9271
8355
9271
9915
3671
3617
3671
7580
3671
3666
3671
7888
3405
3406
3405
7886
3405
8274
3405
2738
2756
64
155
1724
1776
1723
1776
5742
2814
2812
2814
8840
2814
8838
2814
3566
5482
146
684
5807
4883
5814
4883
554
549
366
549
685
7425
9567
7425
4394
6727
5791
6727
4768
6727
7934
6727
2670
6623
2631
6623
7610
2584
2591
9775
2033
2035
1567
6084
4691
6084
3992
5088
4006
5088
7702
8011
3957
5521
2740
5521
1907
5016
4099
5016
3658
5477
3634
5477
1599
4954
1534
4954
2509
5958
1246
4459
7831
4459
9997
4031
3903
4031
8888
4031
3729
5711
887
5711
4694
6094
1603
6094
7108
5098
2008
5066
6913
5066
6733
6732
8855
8410
8448
8410
8009
8410
10029
7658
8555
7658
7700
7658
8870
7658
9890
4893
5655
694
2555
2594
8278
2594
1096
1111
4822
5376
2916
5376
9657
3810
3723
3810
4264
3810
3989
3810
4167
6210
4754
6210
8773
3264
7126
3264
3653
7830
2351
7085
10334
10304
9236
3545
2910
2912
2720
2759
8360
2759
3742
1572
1557
1572
1726
1779
1687
1779
7875
5091
3992
5091
886
4362
877
4362
407
417
4515
4514
8061
9986
7673
8008
8030
8008
333
581
613
581
2695
5518
2794
5518
2949
5379
2938
5379
229
559
18
393
9586
6040
3511
6040
2396
5961
1241
4456
1208
4456
157
8936
2540
6947
2540
10032
2540
7349
2540
9989
2540
2145
5069
2046
5069
8586
8550
8570
8550
7346
8550
411
451
3412
5708
1876
4028
4751
4028
1888
4028
3402
4357
7855
4357
10133
10134
1653
4704
894
903
1517
1567
7182
5101
2836
2907
5701
1663
4131
1663
8026
1663
1842
5019
4686
7095
2815
8805
854
7661
9652
7661
8891
7661
4142
4163
8621
10060
8996
10060
8518
1204
7030
1204
8921
1204
7321
1204
1082
1108
1562
4943
1602
4943
1174
4588
1154
4588
1486
1535
4328
7238
10040
8532
9846
5584
3816
5584
1680
6928
4542
7862
7885
7862
9577
7862
1798
7809
9738
9825
9893
9825
3815
9825
4551
9825
3498
9825
7473
9825
3471
9825
6352
9825
4849
9825
7842
9825
8325
3084
3069
3084
5192
7123
3840
6420
6003
6420
3410
5756
3415
5756
8122
3829
8120
3829
7013
3829
1464
1462
7589
1462
9270
1462
9874
1462
58
144
98
9916
6229
4183
6229
3487
5814
7207
4818
6826
2482
2481
2482
3092
3094
8263
3094
10228
10275
10273
10275
9822
1414
9804
1414
3177
7174
2499
2711
3555
7857
536
498
203
498
7882
4598
7502
4598
1003
4566
1024
4566
9830
5594
2242
2376
0
334
387
334
8939
8527
7703
8527
8937
8527
8112
1356
1355
1356
801
1356
2396
2477
5958
2521
5961
2521
1454
1457
1440
1457
4343
8426
10017
8426
3782
8426
1985
1978
1937
1978
2957
2958
7008
7241
7009
7241
7007
7241
1128
4591
1154
4591
7955
2072
2067
2072
8815
2072
8323
6931
2182
6226
2134
6226
3343
4045
1599
4925
5902
4925
3976
7383
8663
7383
1570
5912
7804
5912
6586
6585
920
5759
910
5759
7375
3826
1624
3826
8776
8297
5937
6815
5193
6815
4770
6815
2021
2022
4201
2022
8773
8292
126
4535
3215
3694
3215
2583
9766
2540
9766
5798
9766
2561
9766
6988
4777
2080
4777
2911
4821
1537
7806
1566
8220
7555
5907
3970
5907
1786
9833
7768
7393
2500
2708
2753
6595
2631
6595
8660
10090
9525
10090
5660
10090
232
233
2028
2067
2012
2067
1239
4601
1279
4601
8854
8429
2195
9050
2314
2379
2846
3040
1050
4569
1041
4569
9938
1359
4386
1359
8381
1359
7238
1359
83
92
2364
4782
2304
4782
8249
2518
3837
2518
7179
8287
1941
1981
1977
1981
2751
5540
2774
5540
56
153
8789
8302
8343
8302
3802
2961
2898
2961
4524
2961
8357
2017
2015
2017
1322
8045
6709
3383
652
3383
1994
7826
4401
3241
3254
3241
4402
3241
3217
3241
10220
10198
10188
10198
1379
1375
4507
1375
2840
7215
3511
4905
3994
4905
7466
2355
7489
2355
7130
3806
7252
5932
123
172
9219
6206
1919
6206
6912
6911
936
945
3779
9793
3778
9793
3739
8678
4499
8678
1223
5775
8204
5775
9443
9433
9450
9433
3385
3393
4355
3393
6037
6036
9981
8409
2976
2536
3693
2536
2531
2536
4521
2536
2174
5927
7727
8546
8982
8546
8584
8546
8740
4460
7831
4460
6622
2728
2634
2728
124
163
384
429
384
9955
9299
7849
6209
2046
6209
7263
3238
4089
3238
9790
8722
6938
3862
3221
3862
1491
3862
2767
3862
3042
3862
9845
3862
9571
3862
3171
3862
4209
3862
4005
3862
2785
3862
1824
3862
1903
3862
3663
3862
7472
3862
4692
3862
2685
3862
1945
3862
4081
3862
2950
3862
2478
3862
2089
3862
2985
3862
1788
3862
3159
3862
1590
3862
9591
3862
4074
3862
9620
3862
4076
3862
4825
3862
9688
3862
3647
3862
2876
3862
4070
3862
2719
3862
4690
3862
2610
3862
4114
3862
9751
3862
9636
3862
4016
3862
2892
3862
4694
3862
6345
3862
2524
3862
3260
3862
3351
3862
1603
3862
1737
3862
1995
3862
2365
3862
3973
3862
3243
3862
1644
3862
3682
3862
4848
3862
4851
3862
2392
3862
1886
3862
2298
3862
2149
3862
2456
3862
3299
3862
6992
3862
3669
3862
7153
3809
9911
3809
4654
7103
9899
8793
1726
1780
1687
1780
7607
9658
7229
2760
7231
2760
2433
2760
8361
2760
8552
8512
10
9429
895
879
895
9563
4273
677
4273
1475
7829
6909
6908
4651
8681
1506
8681
3594
3857
8075
8549
4398
2539
8422
2539
2540
2539
9322
2539
2152
5070
4064
5070
861
8717
7037
8613
7847
6774
7470
6774
10226
10315
4550
6039
3509
6039
2937
5380
2951
5380
4313
9298
4313
9298
8412
8406
9318
8406
3097
3174
883
885
878
885
62
146
9899
9281
8556
8507
8070
8507
1905
5020
1809
5020
10253
10246
10148
10246
407
362
542
362
9678
8783
10309
10292
10252
10292
10299
10292
7038
9659
51
10116
2666
2731
2094
5133
2063
5133
2982
5355
3028
5355
2920
2932
2830
2932
6706
7264
657
7264
6705
7264
217
375
373
375
2079
7810
2183
6230
3917
6230
412
623
1606
6957
2414
3830
10262
10142
3360
6478
3358
6478
2719
6343
2456
6343
10159
10331
10132
10331
1267
1248
1220
1248
3198
6419
8917
8882
8541
8882
8082
8882
9684
8882
6999
7545
9941
8825
6225
9046
2212
9046
5709
9046
1061
9205
1103
1128
1184
1224
7753
3036
9128
923
902
923
556
369
448
369
3804
4724
1815
4724
10318
10136
5729
5728
9376
4008
2723
5536
2808
5536
2825
2927
2828
2927
10261
10143
8091
8877
3609
3661
10112
8921
8549
8921
8951
8921
6922
8216
8739
8216
6920
8216
6919
8216
6921
8216
8746
8216
1681
1755
770
6962
6929
6962
9435
8028
2624
2775
9163
8154
6957
8154
712
9358
8895
9358
852
9358
919
5760
3730
5760
6417
6416
8651
10098
5666
10098
135
7405
9839
6603
2682
6603
4815
6354
4808
6354
9598
6707
7312
6707
656
6707
1192
4475
1225
4475
3417
3425
3356
6481
3332
6481
1232
1251
1231
1251
4878
6517
3610
6517
4111
6712
4327
8430
9346
8430
8450
8430
1115
1131
89
164
165
9365
9359
9365
9359
9152
8143
9138
8143
10321
10241
3906
4011
7655
5731
2128
2133
8018
9331
7659
9331
8614
8963
10265
10262
9205
8219
3592
3658
7469
6522
7857
6522
9585
9584
10209
10210
6355
5539
3852
5539
8938
8918
5797
9316
5797
9316
866
9113
8504
1360
7286
1360
8043
8031
8890
8031
7155
9234
4143
3039
2813
3039
1053
4570
1036
4570
2243
2380
2340
9049
3642
9644
3411
9644
2955
9644
3345
9644
6002
9644
3158
9644
2778
9644
3416
9644
2672
9644
2805
9644
4189
9644
2681
9644
2900
9644
3429
9644
2094
9644
2388
9644
6225
9644
3546
9644
2364
9644
5815
9644
3553
9644
7823
9644
3389
9644
3246
9644
4550
9644
3421
9644
5813
9644
5199
9644
3602
9644
4868
9644
3942
9644
2277
9644
3460
9644
3129
9644
5350
9644
2609
9644
3026
9644
3010
9644
3298
9644
2461
9644
2304
9644
3192
9644
3264
9644
5708
9644
2477
9644
5989
9644
3628
9644
3639
9644
3108
9644
2063
9644
3342
9644
2699
9644
3482
9644
4552
9644
3440
9644
3577
9644
9687
9644
3534
9644
3844
9644
4415
9644
2520
9644
3670
9644
5991
9644
3509
9644
6334
9644
2212
9644
5709
9644
85
9641
3254
8596
7689
7350
7689
3312
3316
7499
5484
4006
5484
7426
8632
6586
2801
6990
2801
7145
2801
1413
1435
1451
1435
6944
4488
8407
2582
9315
2582
7643
2582
7654
2582
4373
4372
1102
7835
1559
1562
6364
2769
6840
2769
2460
6325
2519
6325
2918
5989
681
682
1598
6082
1533
6082
8041
4331
3690
4331
7684
4331
7421
7747
1025
5846
7893
5846
3993
8723
4680
8723
3918
8723
8737
8723
2215
8723
7904
5059
4024
5059
4063
5151
2106
5151
7379
8627
914
2791
9145
2791
1153
2791
6991
2791
1736
2791
4655
2791
985
2791
4744
2791
2703
2791
4687
2791
4749
2791
962
2791
1316
2791
7478
2791
1599
2791
1756
2791
946
2791
1032
2791
1534
2791
1277
2791
2763
2791
4695
2791
1074
2791
979
2791
9622
2791
1054
2791
4658
2791
4689
2791
1186
2791
1091
2791
4120
2791
5902
2791
2490
2791
1206
2791
1111
2791
4704
2791
2379
2791
2518
2791
922
2791
1472
2791
2081
2791
2275
2791
4167
2791
2348
2791
1444
2791
2155
2791
2301
2791
1021
2791
2192
2791
3932
2791
1825
2791
7027
2791
4641
2791
4157
2791
1159
2791
999
2791
932
2791
2771
2791
2789
2791
1244
2791
2331
2791
4484
2791
1418
2791
4477
2791
4743
2791
1130
2791
4754
2791
7208
5971
4184
5494
2199
5494
7882
4466
7871
4466
1594
4498
7417
9511
3836
9985
8947
7699
7901
6121
1668
6121
239
240
7761
7752
6709
9292
8415
9292
8597
4153
3880
4153
8528
7671
4284
7671
3933
6077
1605
6077
1392
1653
1656
1653
1550
1557
2587
2621
3754
677
5658
9542
2656
2673
3229
5999
129
721
8300
2577
9777
2577
7564
2577
6753
2577
1116
4367
3598
6485
3306
6485
1346
4491
7541
5986
4818
5986
4526
5986
2722
2798
2764
2766
7617
3319
3279
3319
535
508
169
508
385
508
9968
9776
3234
3243
4329
4328
2842
5324
3048
6650
2901
6650
4056
7686
8545
4144
8969
4144
8564
4144
4047
4144
2332
5148
3977
5148
1899
2003
1592
4501
1670
4964
1751
4964
2408
5968
7130
5996
275
276
1498
2788
1093
2788
4478
2788
1564
2788
1023
2788
1035
2788
1174
2788
1057
2788
5305
2788
1600
2788
4705
2788
1321
2788
929
2788
7555
2788
1530
2788
3851
2788
1642
2788
1001
2788
960
2788
1066
2788
1753
2788
1128
2788
1617
2788
4447
2788
1717
2788
1154
2788
984
2788
4659
2788
968
2788
9183
6495
3328
6495
87
1481
1644
2157
5114
4043
5114
8221
6118
1502
6118
9987
7668
858
7668
8929
7696
6007
5440
5998
5440
8668
10020
10041
10020
7773
10020
9864
2618
9864
2618
9150
5849
1000
5849
1932
5056
1953
5056
126
178
1277
4469
1244
4469
7797
5913
7804
5913
127
718
993
5769
978
5769
2975
2989
1236
1233
1199
1233
100
2678
5582
3815
5582
2442
6338
2704
6338
10239
10278
10147
10278
1361
1391
2057
2062
7665
7202
8801
7202
8354
7202
3038
7202
366
452
420
452
9605
4740
3076
3082
3081
3082
7218
7187
9721
7187
2855
7187
7215
7187
10128
804
955
9132
8031
9344
9977
7320
7343
7320
7753
9765
1189
9943
5953
2484
4011
2484
8018
5801
5739
5801
7659
5801
3581
6523
6024
6523
1387
1401
1389
1401
3065
3077
3834
3077
9766
7192
2539
7192
3119
3121
3101
3121
550
407
1061
1073
5725
7197
9885
7197
7599
7197
5726
7197
8342
2057
8798
2057
7953
2057
8785
2057
69
136
6971
5673
7187
2999
2612
5577
869
878
875
878
2607
5621
2619
5621
9744
5791
2968
2971
2496
2494
2473
2494
2825
2846
2824
2846
4076
2151
2149
2151
4662
8141
1446
8141
8449
8836
7262
1369
8861
1369
4379
1369
7987
7973
3621
3634
984
4559
968
4559
876
9127
5705
3690
913
922
2447
6341
5241
6341
4514
7872
2383
7872
7115
7872
10066
4335
8976
4335
9869
9826
7132
9826
7605
1388
1359
1388
2375
6283
2486
6283
2309
2324
3008
8695
2885
8695
3396
8274
8305
8274
9851
1472
9258
1472
2399
4794
3451
3445
3444
3445
2985
2986
9620
2986
5799
5798
9185
5766
8210
5766
9869
9821
7132
9821
4052
9821
8480
8450
4162
2440
8433
2440
1388
1398
1386
1398
1370
1366
7286
1366
3429
4556
3440
4556
5196
6293
9213
6293
9200
7867
3103
3118
3119
3118
2977
3700
2910
2913
708
881
9323
881
880
881
9676
5618
2970
5618
9647
8839
7592
2849
2829
2849
916
917
911
917
1298
4614
1259
4614
3918
4784
3991
4784
7233
5788
1937
5788
8764
2996
7556
2996
7187
2996
3700
2996
2963
2968
2898
2968
4644
8138
4679
8138
2142
2148
7021
8685
4094
8685
1449
1467
8660
9487
7740
9487
83
188
189
2066
7824
2371
2415
2458
2415
1938
6204
4243
9012
2014
2095
4511
2095
5789
2095
1688
7155
9621
3270
7254
3270
565
608
323
608
1714
3804
9683
6567
4040
6567
2930
6663
2979
6663
9490
3878
9498
3878
10140
10310
9090
1210
1645
4710
1499
4710
192
195
7731
4073
876
8265
3182
4833
3208
4833
41
10121
9844
6779
4656
6779
10044
8544
2461
6572
2699
6572
5741
2534
2528
2534
3094
3179
7765
9007
2532
4520
10141
10254
10151
10254
19
7151
2085
109
232
3532
6034
3528
6034
1943
5038
1893
5038
3742
6090
8228
6090
3923
3922
689
690
7159
2590
2551
2590
2463
5247
2713
5247
750
8662
3257
9894
2822
2820
7603
2820
1704
1732
1684
1732
7663
4232
8049
4232
4399
4232
10034
4232
4346
4232
6749
5205
2092
5205
7762
8657
3882
3881
3177
3176
3093
3176
2478
5252
2524
5252
8081
8553
7648
8404
9333
8404
9652
700
692
700
7993
2600
7248
2600
9316
2600
4759
3917
3448
6776
3459
6776
7854
6100
4697
6100
8421
9982
895
9982
846
9982
72
9556
1750
4960
1793
4960
8936
9377
10032
9377
7349
9377
1695
7035
4198
4227
1251
9187
7618
9275
4390
9727
6715
9727
1985
9727
9272
9727
1695
1727
1545
1623
9122
1623
1996
5041
1892
5041
3218
7067
3175
5415
3202
5415
7647
7266
7647
7266
8510
7298
9393
7298
9693
7298
1521
1595
444
429
415
429
9876
7017
3774
6981
8324
6981
8266
6981
9230
6981
8789
6981
8366
6981
1698
4975
7819
4975
2651
6359
2746
6359
7090
3682
3681
3682
4542
3682
3239
4538
941
9211
8037
8463
363
435
276
435
524
435
9093
1585
8952
7288
8072
7288
8049
7288
10034
7288
4346
7288
9592
5534
2806
5534
3502
3511
3891
4726
9142
4726
1184
1226
3806
7072
1840
1931
5773
3034
1647
9044
7870
9044
9182
9044
3483
9906
3561
3573
4369
8156
9139
8156
9420
8861
8503
8861
7330
8861
8299
3677
7090
3677
3
392
4308
9266
746
3721
1797
7531
1212
8214
1770
1815
8045
7022
8259
9838
7117
9838
8763
9838
2750
6356
4811
6356
4053
5820
9840
5820
3687
7301
8915
7301
1629
7301
8058
7301
8919
7301
2052
2205
3166
6414
3135
6414
8849
7269
10067
7269
7693
7269
10064
7269
5691
7269
3039
3090
3073
3090
694
6978
7773
6978
3298
6457
3264
6457
1545
8237
2603
5590
2688
5590
2227
2247
7630
2247
8051
7291
4144
7291
7557
4541
8308
2123
1993
2123
3592
9677
3503
3508
2657
9839
4380
9325
9449
7333
1880
1928
1901
1928
1243
8159
1281
8159
4033
6535
3893
6535
8581
9427
5310
5600
7837
5600
8931
10032
4199
1229
8428
1229
8869
8858
8793
3718
3753
6462
3360
6462
1524
8242
7907
7528
2234
2252
7188
3100
3084
3100
935
9053
4750
4729
1817
4729
1419
1420
9818
1420
9902
7180
9902
7180
1743
4991
9832
4991
6948
5486
4116
5486
3317
3314
3272
3314
1796
1797
1776
1797
1786
1792
3257
3256
3239
3256
2884
5329
5977
5329
6984
6985
9086
1622
829
830
2847
5387
3207
5402
3172
5402
13
992
1008
1006
1008
9167
5043
9162
5043
4219
3923
4319
3923
4004
3923
4078
1787
5926
5119
2065
5119
2019
6995
1733
1802
1803
1802
1824
5001
1737
5001
3369
7640
8925
9991
10001
9991
7871
4464
1302
4464
7457
5468
7494
5468
2257
5496
4077
5496
3312
4848
10086
4128
6996
4128
4208
4128
665
9505
9166
5844
9192
5844
256
257
1372
1503
1514
1503
1500
4969
3734
4969
7584
7903
10049
4213
4073
4213
3139
5397
3193
5397
8246
6061
8209
6061
5296
4149
3129
5392
5991
5392
9522
661
2302
5940
4772
5940
9633
9970
9107
1649
1384
1649
1565
1581
1691
1713
1705
1713
1539
1617
5738
2561
548
538
549
538
10116
8108
2617
2764
6743
6742
5985
5984
1838
1935
7982
1935
424
336
1744
4988
1822
4988
9570
3142
7569
2310
5939
2310
5705
7684
3253
3259
9154
5326
7033
5489
4086
5489
115
210
1481
1646
2875
6845
10301
10271
10260
10271
998
1011
982
1011
3116
3137
4210
5471
3634
5471
3143
5994
3183
5994
5909
4966
4035
4966
1789
4998
1735
4998
6940
6737
9848
6737
3335
4851
7397
4146
7034
4131
7352
4131
10082
4131
7729
4131
2320
5499
2273
5499
8055
9712
8055
9712
3883
5054
2005
5054
295
480
299
480
417
480
8203
6058
7825
6058
1025
5853
1034
5853
1460
1578
9933
1578
5685
7275
8893
7275
8485
7275
5686
7275
8843
7275
3810
7694
7372
658
4247
658
2553
2558
2545
2558
7391
8111
1627
8111
4021
5116
9908
5116
1789
9790
9592
9790
3856
9790
8240
9790
2597
9790
1620
9790
3338
9790
2191
9790
9865
9790
3649
9790
3226
9790
2209
9790
2338
9790
3315
9790
1934
9790
3839
9790
1673
9790
3141
9790
2467
9790
3877
9790
3117
9790
2090
9790
9651
9790
1643
9790
1609
9790
6948
9790
4116
9790
4059
9790
5349
9790
2880
9790
3601
9790
2289
9790
3362
9790
2902
9790
3207
9790
6493
9790
3348
9790
1908
9790
9653
9790
3086
9790
9816
9790
1957
9790
9775
9790
4821
9790
1562
9790
5999
9790
2484
9790
9838
9790
2806
9790
2316
9790
8233
9790
2718
9790
2044
9790
3157
9790
1497
9790
2768
9790
9778
9790
1735
9790
2367
9790
1465
9790
1757
9790
3172
9790
1602
9790
5956
9790
7571
8279
2400
2402
2404
2402
2286
2402
9745
2402
2414
4799
4023
2122
2154
2122
1993
2122
3831
2122
2239
2387
1576
4652
3085
3165
3454
7260
8435
7260
8431
7260
3914
9771
7273
9771
3939
9771
2218
4771
10068
3945
8600
3945
2485
2486
4795
2486
4796
2486
7983
1972
7991
1972
9980
1972
7996
1972
2313
2329
9628
6765
3528
6765
10126
806
1119
1152
3053
3061
2832
3061
1271
1305
2814
7608
2119
9133
7495
9133
7479
9133
6742
9133
9744
2117
4768
2117
8780
2117
7147
2392
7543
2392
2236
4789
9642
4789
2077
2081
2406
2397
2284
2397
4120
8170
4477
8170
2663
5561
2679
5561
8960
8950
8965
8950
8820
2940
4181
2940
17
3591
3628
1118
1147
3621
3636
8626
7351
10091
7351
9967
1967
9980
1967
3752
1967
8017
8834
7944
4619
2839
2844
6731
2844
8348
2844
7608
2844
4854
4543
3857
4543
4855
4543
9220
4647
8262
4647
7933
2468
9259
2468
9260
2468
2475
2468
8376
2496
2441
2496
2291
2326
8053
8890
8193
862
7395
809
7766
809
6930
809
9889
2489
7146
2489
540
525
3212
3895
9199
5764
963
5764
2983
2984
5683
7023
4279
7023
5682
7023
1970
4768
2021
4768
2399
4796
2974
6370
7100
5310
3979
5310
8749
5310
5930
9815
2255
9815
2444
9815
3013
9815
2944
9815
3127
9815
3713
9815
3935
9815
6826
9815
1819
9815
5102
9815
2481
9815
3899
9815
5341
9815
3635
9815
2040
9815
3840
9815
1932
9815
3955
9815
2322
9815
3173
9815
3340
9815
2158
9815
6005
9815
1916
9815
3975
9815
3833
9815
3559
9815
3941
9815
6010
9815
4516
9815
1742
9815
3850
9815
1953
9815
2634
9815
3673
9815
9853
9815
3041
9815
6332
9815
9819
9815
2758
9815
7167
8276
15
6927
4616
7518
4616
7710
9412
2823
3058
3039
3058
7640
7611
2476
2499
2474
2499
9952
2499
7195
2499
2076
2078
1855
1873
1871
1873
2687
5558
2659
5558
6970
857
9411
8900
7318
8900
3441
4554
3216
4403
7313
4403
9656
4403
7218
2853
7215
2853
4181
2853
1370
1364
7286
1364
3620
3639
3281
3631
3595
3631
3781
7473
705
7348
10086
3885
6996
3885
4208
3885
10215
10276
10136
10276
2470
2471
2854
2994
6842
2994
8070
10007
8906
10007
10015
10007
2104
4786
9642
4786
533
519
256
519
9629
6632
5323
6632
9725
7558
3071
3111
5813
4897
3534
4897
1238
1255
1233
1255
9622
2694
2266
2275
7160
4892
7560
4892
7176
4892
2880
5611
9778
5611
3433
3434
7310
3939
9974
8325
8814
8325
7220
8325
3073
8325
2929
5348
3760
5348
6015
5473
3644
5473
621
409
588
409
6700
4344
10061
4344
3314
3330
9756
9785
8688
9785
1701
1748
5812
4887
5810
4887
2585
2684
1301
6723
1241
6723
7160
4902
2683
6627
3912
6627
7315
7310
8538
7310
545
415
547
415
813
814
76
7764
755
756
1274
7561
8945
10040
3909
10040
7505
3108
6403
3108
4137
3108
1983
4167
4257
9562
5909
4947
7856
4947
1297
4604
1276
4604
9395
4353
3367
4353
906
907
706
907
9319
907
9486
9467
7362
9467
9863
5608
2879
5608
2647
3936
6941
8485
4280
8485
1559
1563
2842
2903
1665
1667
7032
1667
5724
1667
9560
8650
2581
2640
2697
2640
3930
9976
2029
9976
3473
3500
6754
5351
3021
5351
1650
1672
8912
8495
8907
8495
7386
759
911
912
897
912
1700
1751
4135
4952
7496
4952
3497
4172
3607
3645
3493
3490
3474
3490
8759
9820
4497
9820
7520
9820
2513
5260
2447
5260
8791
9272
1307
7471
939
958
952
958
9718
7994
1881
1899
1868
1899
230
482
527
482
2459
2473
2441
2473
7577
2348
7974
8338
7958
8338
4322
1453
4219
1453
4319
1453
9990
1453
8843
1453
4004
1453
90
9510
10071
5694
1431
7853
1398
4698
1417
4666
7840
4666
2807
5275
3959
5275
8559
8523
4705
6111
1642
6111
1845
1946
8001
9965
2197
9743
4260
711
2196
7499
8926
8058
1065
1094
9840
7132
1202
1198
4202
1198
1149
1166
1169
1166
8848
1871
8832
1871
2563
2611
4201
9912
8429
7984
8873
7984
211
212
200
201
9202
3306
4539
3306
6014
3306
4751
1889
8301
7127
10147
10148
10315
10148
7550
3741
7937
3741
2318
7489
1081
1084
1069
1084
1190
1188
1170
1188
8293
4135
7092
4135
4276
5684
9015
5684
6930
5684
1656
1635
1373
1635
4012
6836
6300
6836
4122
6141
4721
6141
1580
4688
359
464
315
464
451
464
3945
7326
8071
7326
3583
7468
1382
7496
949
961
1844
1949
1233
8283
6398
5640
7850
5640
9297
2013
2012
2013
8944
10026
7344
10026
3322
7844
21
7981
1169
1137
1169
9317
1169
9333
1169
4103
4669
1415
4669
9281
8341
919
2351
1022
2351
4158
2351
4013
2351
1500
2351
871
2351
1999
2351
1127
2351
1002
2351
2190
2351
1223
2351
4065
2351
4681
2351
942
2351
904
2351
1294
2351
3822
2351
1056
2351
1812
2351
6744
2351
9606
2351
3872
2351
3809
2351
1557
2351
1280
2351
977
2351
1089
2351
4714
2351
4499
2351
4486
2351
1173
2351
887
2351
3952
2351
1038
1040
7956
7940
2057
2063
1701
4701
9710
10021
7708
10021
4717
6108
4698
6108
4025
5104
9214
5104
1343
9248
8862
708
6954
7397
794
7397
6955
7397
1429
1444
8239
5903
2252
6274
9835
6274
10104
7392
5659
7392
5654
7392
10097
7392
6693
7392
8544
8061
10016
8061
8933
8061
10101
6695
820
6695
8365
1868
1857
1868
1227
1201
4202
1201
1879
1896
2564
2608
2099
4773
320
321
2635
6839
8585
7329
7714
7329
1278
1280
3657
7486
3675
7486
7161
8293
2263
2260
9878
2260
5932
2260
1974
2260
4845
6450
3310
6450
758
7387
2281
3738
328
640
620
640
147
7402
4298
1191
4296
1191
3814
1191
9892
6685
3109
6685
1865
1886
9581
3309
3308
3309
1487
4691
3734
6138
4714
6138
8312
9249
8312
9249
2882
5333
9203
5333
4324
9639
1858
5029
5925
5029
3442
3461
2784
5291
8961
4018
648
4018
2848
9877
5944
8206
8590
8911
3370
3374
3376
3374
4163
5180
2205
5180
1541
3863
2832
4068
9925
4096
8382
7600
4525
4524
2693
5528
2792
5528
5563
5301
3719
5301
7424
770
4911
9638
8664
9993
8985
9993
811
9993
1462
7820
7075
6678
3107
6678
4281
9394
3
4240
2123
4086
7223
7590
10306
10283
10305
10283
2294
6546
2256
6546
3136
6409
3148
6409
1724
1733
1705
1733
2444
5269
3899
5269
8610
9706
8093
9706
9464
9706
1766
4099
4
390
3457
3458
3445
3458
1289
6722
691
9564
9218
8209
2084
3977
7553
7534
3766
5288
2469
5288
4285
4284
9342
9330
325
354
596
354
2140
4021
9434
8908
8940
8908
7699
8908
3098
3193
4869
6512
3658
6512
8599
9453
7106
4071
10162
10260
3765
5531
7074
5531
1999
6793
4028
6793
1457
9103
1932
5026
1916
5026
2484
5266
9838
5266
2743
5298
1441
4675
3725
4675
3127
6406
3833
6406
5676
4294
1070
4294
9293
4294
7641
4294
2036
3982
8873
6717
9871
8774
2765
6613
2634
6613
4401
4089
3254
4089
4402
4089
3217
4089
2122
2155
145
7415
5199
6549
2277
6549
3106
6681
6390
6681
1140
1175
7397
10096
4529
2824
2826
2824
1554
6783
9770
6783
3656
6507
3638
6507
7548
3183
4209
2180
4070
2180
1973
2027
2073
2027
6984
9254
8125
8100
6710
8100
5772
1160
3321
3596
4224
3568
3707
3568
3366
3568
3364
3568
1968
7252
8282
4660
8284
4660
7915
4660
8500
2528
8913
2528
5707
2528
8929
2528
7289
2528
2120
9217
6332
6882
2758
6882
8499
8419
6703
8419
2232
9927
2100
2333
8045
9339
8366
8343
4252
8478
9461
8957
8587
8957
990
1000
1511
8230
2250
2291
2311
2291
3184
4831
3896
4831
3214
3225
3586
7247
3586
7247
5803
7046
3408
7046
6015
7046
6464
7046
4125
7046
5817
7046
3431
7046
6372
7046
5946
7046
5426
7046
3391
7046
3472
7046
3557
7046
3644
7046
5409
7046
5950
7046
3581
7046
4418
7046
3410
7046
3154
7046
5983
7046
5322
7046
5134
7046
4549
7046
3479
7046
5189
7046
6350
7046
3403
7046
4165
7046
2716
7046
5195
7046
6843
7046
3357
7046
6024
7046
4824
7046
6914
7046
3611
7046
5309
7046
6369
7046
3640
7046
4417
7046
3099
7046
3187
7046
5304
7046
6364
7046
3425
7046
5324
7046
5968
7046
9821
7046
4799
7046
3461
7046
2810
7046
5809
7046
3971
7046
6748
7046
3415
7046
6840
7046
5988
7046
4846
7046
4106
7046
6396
7046
3346
7046
3510
7046
3701
7046
3947
7046
3892
7046
7364
8090
7365
8090
5951
6825
2319
6825
2246
2269
6728
2269
7587
2269
7932
2269
4194
3586
5698
3586
7189
2032
2034
2032
1791
6154
4721
6154
2586
3816
976
990
988
990
4660
4915
7490
4915
1129
7205
2117
2301
4244
8962
9593
3754
8466
9694
8463
9694
8009
9694
9220
6921
1240
6921
2093
6921
1073
6921
8265
6921
1147
6921
5960
6921
7529
6921
9208
6921
3737
6216
1999
6216
2280
6877
4090
6877
8599
9338
1835
8603
7730
8603
8865
8354
8268
8707
7916
8707
7567
3571
3547
3571
924
934
2530
2531
47
10118
9573
8416
229
230
10212
10290
10258
10290
10241
10163
1830
5010
1911
5010
9011
8517
8661
8517
4203
8517
627
316
7734
9406
8045
8481
5678
9280
4298
9280
1169
9280
9285
9280
8885
8034
7690
8034
4342
8034
4495
1424
9823
1424
9751
3599
3351
3599
2283
2288
9354
850
8863
850
4417
5824
3425
5824
6740
6219
7824
6219
3200
4828
1432
6963
10161
10162
1747
6143
4703
6143
443
468
293
468
8745
3819
1501
3819
1469
3819
2455
3819
1601
3819
1560
3819
4370
3819
2751
3819
1260
3819
2302
3819
2695
3819
3147
3819
1677
3819
2774
3819
3198
3819
1738
3819
9676
3819
5325
3819
1814
3819
9629
3819
1618
3819
4651
3819
4772
3819
4767
3819
2391
3819
2082
3819
1760
3819
4492
3819
1318
3819
2009
3819
4722
3819
1506
3819
5323
3819
1299
3819
4748
3819
7492
3819
4682
3819
3960
3819
4700
3819
7033
3819
3106
3819
4215
3819
2947
3819
2701
3819
2660
3819
2915
3819
4163
3819
2621
3819
4491
3819
2989
3819
2205
3819
2329
3819
4086
3819
1884
3819
1219
3819
5804
3819
5718
3819
3128
3819
6390
3819
3185
3819
2794
3819
1421
3819
1909
3819
5385
3819
2970
3819
5959
3819
4015
6430
3203
6430
3551
8712
5987
8712
8222
8712
7827
8712
4845
8712
3625
8712
4416
8712
2390
8712
3419
8712
2678
8712
9738
8712
9893
8712
3815
8712
3191
8712
8197
8712
4847
8712
7884
8712
4228
8712
3783
8712
8721
8712
6349
8712
9863
8712
6353
8712
2278
8712
5285
8712
5295
8712
2303
8712
3476
8712
2235
8712
2879
8712
2350
8712
2105
8712
3144
8712
3790
8712
5306
8712
2035
8712
5996
8712
2062
8712
3573
8712
5820
8712
3636
8712
4543
8712
2489
8712
4892
8712
9877
8712
3775
8712
7912
8712
5806
8712
3600
8712
3471
8712
3310
8712
2213
8712
2460
8712
7842
8712
4850
8712
3427
8712
3526
8712
7808
8712
2519
8712
7535
3743
7561
3743
7530
3743
733
7049
7371
7049
734
7049
2262
2266
2260
2266
2116
2298
3593
3589
7193
3589
3072
7113
2654
6918
2800
6918
4218
5155
2103
5155
9424
8522
3424
3436
10119
8985
2084
2107
7680
7618
79
9517
1314
1315
5720
1315
1096
4447
2644
2696
2674
2668
2571
2668
7339
10052
5694
10052
1112
5867
1088
5867
8049
4346
8049
4346
7040
4000
9635
4000
9825
4000
1223
7788
8214
7788
3324
3337
1260
4609
1299
4609
286
287
1091
5872
1111
5872
2685
2686
2610
2686
1187
4452
1226
4452
3134
9791
2480
9791
7859
9791
2906
9791
1818
9791
4083
9791
1761
9791
8743
9791
3341
9791
4145
9791
1561
9791
2257
9791
3208
9791
7852
9791
3336
9791
4164
9791
2162
9791
1951
9791
4098
9791
7851
9791
4150
9791
1535
9791
1755
9791
5986
9791
2684
9791
2288
9791
8732
9791
8221
9791
3162
9791
6001
9791
4798
9791
4129
9791
3296
9791
9000
8995
7754
8995
9087
2112
1402
7798
7762
754
7771
754
9539
7766
9538
7766
1543
9770
3797
3342
7563
3342
3796
3342
2974
3990
7437
816
8498
7673
7319
7673
9387
7673
5792
7577
9265
7577
8347
7577
2023
7577
3168
3934
7293
3934
1720
7621
7860
4606
1279
4606
2667
2671
2258
5192
2258
5192
7337
4349
8406
4413
2282
5197
2744
2752
1251
8742
2532
5973
8377
5973
5286
2699
3230
3850
2136
5130
9627
5130
4484
7791
1418
7791
3437
3439
631
445
9213
5202
2335
5202
2742
2747
9355
819
7079
8737
4085
5187
2200
5187
9557
743
9542
7769
9541
7769
2822
2835
2834
2835
8486
8845
7678
8845
8055
8845
8889
8845
9712
8845
8425
7582
2433
7582
8410
7582
7990
7582
522
439
361
439
306
439
2928
7801
225
494
369
494
9681
2689
167
450
3004
5320
2883
5320
1806
1840
1922
1840
9859
5109
3865
5109
1015
1018
1006
1018
7270
1513
7275
1513
2602
7148
2391
6279
2329
6279
1975
7996
8824
7968
1408
1449
1451
1449
1433
9990
1923
7849
648
10047
9764
10047
7389
10047
1051
1068
1069
1068
1064
1096
1084
1096
1146
1164
1163
1164
10130
4203
7228
8765
9257
7913
9682
1944
4237
8118
4498
1607
7571
1607
1640
1703
2550
2867
4096
2867
6751
2867
4816
2867
3613
7440
4224
9971
3366
9971
4679
4664
4108
4664
860
863
9274
863
9283
863
8370
863
4241
5668
661
5696
9447
5696
660
5696
128
3317
3304
3271
3304
7796
6950
9097
6950
9976
7986
1825
6170
4743
6170
8582
3770
406
418
7336
7324
7336
7324
2515
6834
2488
6834
4522
2872
2538
2872
1544
1612
8920
5686
1076
1086
1883
1953
241
242
954
977
8092
5699
6367
2973
5603
2973
7104
2973
1018
1021
10250
10216
7802
4630
7818
4630
859
1099
10008
1099
9702
1099
4270
1099
2073
7151
9209
7846
6349
6890
5295
6890
1341
1347
5721
1347
9377
9322
7988
7971
3322
7494
1060
1071
1878
1894
2255
6276
3941
6276
96
1431
1446
7428
10015
8944
10015
4271
10015
8035
7999
7292
7999
8479
7999
8877
7999
9018
8370
7429
8370
8390
8370
8391
8370
10111
9023
3416
5752
3389
5752
7183
2197
2163
2197
3737
5106
3952
5106
7399
8121
722
5671
3395
5671
1522
9153
2172
2192
4287
8077
7351
8077
9083
1352
1078
1089
7836
6900
5310
6900
2669
7484
2310
2320
9887
9844
9858
9844
796
5689
7752
5689
981
982
974
982
4073
3365
658
3365
8609
8082
9456
8082
2113
2187
5946
9807
3391
9807
3401
9807
3472
9807
3557
9807
3644
9807
4418
9807
5134
9807
3403
9807
3786
9807
4165
9807
2716
9807
5195
9807
6843
9807
3611
9807
5309
9807
3099
9807
6364
9807
5324
9807
5968
9807
3461
9807
5809
9807
3971
9807
6748
9807
4846
9807
122
2050
2202
4347
5747
4348
5747
9763
5747
1864
1884
3391
5835
4417
5835
9978
7989
61
140
9376
9286
7870
3521
6690
7731
8106
7731
3464
3477
4946
9210
6931
9210
2118
3958
9247
4427
934
4427
9493
9614
10089
9614
11
9536
1548
1550
1495
1550
6
1678
3711
6760
6031
9179
6031
4527
4526
10018
8567
5670
8567
7419
8663
10140
10265
331
611
617
611
1214
4094
7542
7012
7515
7012
1734
1805
1803
1805
9306
3376
7976
3376
5750
3376
7244
3376
9291
3376
9313
3376
9866
7539
1162
8204
8107
4289
7738
4289
8805
2829
2826
2829
7606
2829
2345
6265
4773
6265
3191
5405
3144
5405
151
150
978
4432
961
4432
3467
3482
748
7760
699
4271
9564
4271
10092
4299
9678
7007
8652
741
10072
8572
2178
6544
4075
6544
7951
8779
9909
8779
7239
8779
4048
4084
7672
4084
4259
10101
4411
3518
9906
3518
3820
3518
2944
6662
5341
6662
8106
7728
2270
4040
4263
4286
801
4286
8649
4286
9707
3379
3377
3379
3706
3379
9771
3379
4303
7536
8830
4529
2814
4529
7869
3961
5974
3961
8760
3961
2487
9609
4802
9609
6943
9609
9846
9609
1569
9609
2437
9609
1956
9609
1245
9609
1072
9609
2201
9609
1810
9609
1320
9609
1179
9609
6932
9609
4480
9609
2360
9609
1558
9609
2147
9609
1049
9609
8256
9609
1132
9609
9895
9609
1745
9609
1641
9609
2323
9609
2004
9609
2186
9609
2655
9609
4166
9609
1676
9609
9897
9609
4001
9609
4661
9609
1525
9609
9861
9609
1948
9609
2773
9609
2306
9609
2754
9609
1209
9609
1792
9609
9743
9609
1040
9609
1160
9609
8230
9609
3816
9609
2107
9609
1086
9609
1446
9609
1297
9609
4719
9609
1039
9609
3874
9609
9829
9609
2799
9609
1004
9609
9823
9609
9610
9609
5620
9609
1145
9609
3897
9609
2706
9609
1109
9609
1904
9609
1829
5024
1915
5024
3557
6028
6024
6028
9100
3708
10180
10181
10172
10181
4313
1410
1411
1410
9298
1410
4372
1410
3975
4880
3626
4880
8190
9782
3518
5810
2721
9608
8329
8776
7768
7355
7642
4296
1157
4296
9330
4296
2951
6657
3040
6657
655
4268
4267
4268
7119
6404
7584
6404
2352
6553
2293
6553
4755
2215
7501
2215
8251
2215
5960
5264
2470
5264
2741
5545
6347
5545
8119
738
2827
2826
2814
2826
1897
9035
2847
3045
1215
1220
1191
1220
4237
7380
8054
8039
10304
10295
202
203
2567
3031
3595
3594
3587
3594
9624
3594
8792
3594
401
360
413
360
414
360
223
224
929
9067
4141
9067
947
9067
1335
1429
5722
1429
9812
1429
7619
1429
7118
4720
7900
4720
10146
10312
6986
2050
2024
2050
9254
2050
7178
2050
9841
7133
7240
8359
7006
9859
1273
1287
1268
1287
10085
8981
8992
8981
1212
1302
931
939
938
939
2025
4510
8001
4510
8823
4510
10113
9017
3549
3584
7448
7044
4083
9072
8732
9072
3349
9072
6434
6463
8755
6463
3808
6463
8280
4855
1288
1297
5672
9022
6971
9022
3951
6214
3974
6214
3435
5829
3427
5829
4622
1292
7860
1292
1523
3756
8436
2405
9959
2405
4395
2405
7666
2405
8866
2405
4118
3814
9873
9858
345
346
3861
6861
9611
6861
1782
6156
1744
6156
1923
9167
540
528
541
528
683
7775
9760
3907
8461
8414
73
304
2996
3028
917
936
927
936
9704
10070
10078
10070
10171
10231
398
323
4377
1527
1513
1527
2248
8356
7208
7927
4154
6237
3809
6237
7674
8457
9385
8457
7022
1426
7023
1426
9339
1426
4321
1426
7691
8036
3375
3540
3484
3540
8636
8978
2546
2545
2535
2545
823
8535
822
8535
1485
1532
9145
6159
1736
6159
129
170
5817
6045
4549
6045
5820
5826
3427
5826
2556
3912
3758
3759
1470
7053
6953
7053
2809
2810
8488
8462
4163
6242
4766
6242
4216
2264
2260
2264
2330
5215
2380
5215
9611
6858
3316
6858
9937
7932
1731
9832
1637
1681
7601
1681
7003
1681
7545
1681
4749
6175
4743
6175
1460
1549
1513
1549
8131
10110
2658
2661
1715
1717
1544
1613
2559
4217
3129
5393
3108
5393
7506
3775
7304
9633
9732
7907
1337
1406
9454
9998
4334
9998
4335
9998
2953
4181
3999
4181
3578
4876
3584
4876
4267
4290
7967
4290
1878
4036
3707
9981
3364
9981
8296
7540
8213
1507
3872
1507
4098
5047
1894
5047
776
3927
4182
3927
8997
3927
1780
1783
2566
3008
8577
10046
8956
10046
3085
5383
3807
4222
3000
4222
2999
4222
7303
9999
9753
9999
2586
9830
3494
7912
5659
7759
7769
7759
7770
7759
2495
5241
8446
1722
7595
2830
8379
2830
2815
2830
5743
2830
3854
9547
1786
1793
4394
8780
9928
3932
2009
5052
1884
5052
3516
5806
205
588
589
588
1459
1512
9933
1512
4301
4300
105
241
7621
7594
8258
5857
1034
5857
103
255
1636
1678
9898
4530
9898
4530
2568
2658
2652
2658
3378
3380
3379
3380
8872
4039
7700
4178
4032
5174
6248
5174
644
466
345
466
3579
4879
3614
4879
9298
1409
4372
1409
4321
1409
3463
6733
10302
10272
10241
10272
1538
1546
1505
1546
3064
3133
3948
3011
4101
3011
8748
3011
10059
9459
2517
5238
4030
5238
7206
7584
97
4234
107
249
2423
2425
2422
2425
1074
5862
1054
5862
3518
5809
2421
8375
9953
8375
8402
8375
7989
8375
326
602
633
602
7732
9458
8775
7814
7917
7814
7552
7814
739
7756
7423
764
8329
4719
8295
4719
130
7016
1430
8313
1430
7947
1430
1336
1430
7231
7961
4054
4547
7340
844
9444
844
7853
4643
1406
4643
9888
6008
9579
6008
873
3728
7535
7518
7530
7518
9314
1143
4297
1143
9330
1143
1124
1143
1729
5004
3804
5004
8968
10031
4310
10031
37
132
8054
8040
7329
1963
4368
1219
4300
1219
9263
1219
9704
7379
10078
7379
3523
3536
3524
3536
785
5661
1775
4509
930
940
939
940
1802
1918
7025
10016
2167
2113
4100
2113
9668
7708
9502
7708
7370
7708
9505
7708
2692
8360
8375
8360
1059
1061
1028
1061
7637
9934
8392
9934
2539
9934
5801
9934
4081
2393
2392
2393
2121
2049
7628
2049
8007
9333
2782
2806
3268
3355
3449
4552
534
575
566
575
260
575
8766
2383
3141
6424
3172
6424
3389
5830
3421
5830
6247
9780
6961
9780
9929
8251
539
527
5728
2241
8401
2241
5796
2241
1766
1825
7624
7958
3972
7032
856
994
9335
994
1045
994
8457
994
1986
2046
7169
8224
10334
10157
10133
10157
1395
4506
1390
4506
3336
6011
1060
3731
884
7521
9200
7477
1574
4654
852
853
8492
853
9352
4407
1863
1877
7596
1877
7404
5658
9110
1921
1777
1921
9510
7376
1215
1216
1191
1216
3541
3539
3484
3539
2852
2857
4522
2857
8292
8755
6965
7711
6965
7711
9472
10075
3904
10075
6726
2174
8767
2174
2167
2174
7902
2174
1656
4716
1373
4716
3061
9212
1122
1154
7733
8094
8104
8094
1020
1058
71
138
6981
3760
2846
7482
4
971
984
1738
6160
4722
6160
10096
9754
9875
7027
8751
7027
8229
7027
9657
8084
4264
8084
208
626
213
626
3304
5425
2861
2862
2434
2809
7582
2809
9304
4412
3911
2238
9878
2238
5933
2238
1974
2238
9218
8248
1936
1882
1873
1882
2182
5126
2202
5126
4067
3151
7109
3151
8114
9003
2055
3846
7199
3494
3475
3494
2996
3971
4185
4745
8084
9711
9925
6751
9587
4837
3225
4837
5386
6672
9212
6672
2628
2634
9556
8644
1258
4610
9144
4610
1288
4121
2271
4077
8861
9320
10213
10214
7272
3999
9994
3999
2294
6563
2319
6563
3158
6667
5350
6667
9595
4258
2477
5254
2520
5254
827
9444
7369
7365
7743
7365
3896
4842
3895
4842
5317
5316
8353
3484
8816
3484
3371
3484
7611
3484
767
3989
6687
3989
764
3989
4764
4082
94
149
148
313
314
7615
1723
1660
1723
7616
1723
5724
1723
191
197
195
197
3082
3148
7398
1627
6929
1627
6711
9535
6933
9535
2556
3996
2095
3968
9332
4350
10018
9387
2118
6748
8404
9285
1413
9177
729
4223
7736
4223
4289
4223
559
483
527
483
227
483
10006
4118
7030
4118
9402
4118
7321
4118
10004
9992
4203
9992
3437
3440
54
142
88
8653
2126
5129
3230
3849
117
8557
5286
2700
7291
3913
6997
3913
7434
4261
680
7770
9537
7770
10027
7304
7347
7304
7708
7304
3167
7304
3752
3986
7322
1632
9382
1632
9375
1632
5704
1632
2343
6255
3703
6255
7662
8435
9452
8435
2438
2445
10110
820
2882
5319
9748
5319
8076
8562
3768
5243
2469
5243
9939
2690
7250
2690
2676
2690
8385
2690
210
213
3280
3324
3326
3324
1408
1450
7589
1450
9270
1450
9874
1450
7291
8398
2822
8366
2390
6280
2489
6280
9744
7934
3560
3577
645
635
389
635
4854
3673
8762
3673
4855
3673
3993
5110
4032
5110
1846
1839
1807
1839
3588
3621
3618
3621
7428
9749
8127
9749
5656
9749
141
7439
2830
3791
1125
1138
1141
1138
1030
1034
9866
4185
9877
5634
3775
5634
2655
6886
2754
6886
9718
1685
1664
1685
8841
1685
4746
6191
1918
6191
1258
4638
9156
4638
8061
8467
4627
4626
8571
9411
725
9411
9427
9411
3061
7850
2928
3769
414
356
3564
3582
1910
6169
1822
6169
7398
7013
10107
7013
770
7013
8397
8388
2041
6949
1740
6949
8234
6949
1730
6949
1155
6949
1298
6949
2884
6949
1445
6949
1241
6949
8252
6949
2517
6949
2650
6949
2978
6949
9843
6949
1913
6949
8241
6949
2713
6949
3048
6949
2177
6949
2295
6949
8244
6949
1317
6949
4488
6949
8237
6949
8242
6949
1672
6949
3982
6949
4040
6949
4217
6949
1890
6949
6347
6949
2087
6949
3014
6949
1696
1695
1688
1695
2780
6896
9857
6896
7830
6868
7458
6868
3883
6201
1950
6201
4307
1274
7219
1274
1230
1274
4304
1274
8222
6444
3783
6444
2234
2254
9385
8472
5675
8472
700
8472
8495
8472
2573
9748
3533
3801
3139
3801
2924
3801
4210
3801
6227
3801
4742
3801
1758
3801
3115
3801
3356
3801
3981
3801
3572
3801
4869
3801
2632
3801
4218
3801
3210
3801
3044
3801
2712
3801
3220
3801
1912
3801
3894
3801
1996
3801
2623
3801
3544
3801
3332
3801
7024
3801
2317
3801
9879
3801
3987
3801
4115
3801
1892
3801
4038
3801
3520
3801
2344
3801
2596
3801
2103
3801
3531
3801
2374
3801
3867
3801
2990
3801
2731
3801
3658
3801
2971
3801
3634
3801
7035
3801
1946
3801
3193
3801
3337
3801
2752
3801
1703
3801
6463
3801
4222
3801
3247
3801
2176
3801
3363
3801
2146
3801
2786
3801
3506
3801
3552
3801
2941
3801
5954
3801
3604
3801
3902
3801
1823
3801
5970
3801
4193
3801
4029
3801
2271
2316
3735
7063
4499
7063
1802
4195
2233
8401
2654
6889
4149
6889
7818
4629
7811
4629
7644
1100
5676
1100
1099
1100
888
9057
134
7436
7724
5700
7319
5700
251
437
532
437
530
437
9300
9917
7977
9917
8408
9917
7211
3618
3630
3618
913
9227
3278
7337
9706
7337
3862
3788
5316
6635
2895
6635
10043
1836
7693
1836
8519
1836
3988
1836
1123
1141
1137
1141
9735
8369
7664
8000
1306
4641
10329
10171
4747
6188
1911
6188
2934
9687
8290
2127
7011
2127
2068
2127
7026
2127
9883
2243
6728
2243
7587
2243
9937
2243
1457
8233
7034
5690
7352
5690
3839
6453
3362
6453
2308
2319
8110
8391
8256
9062
9861
9062
1004
9062
5322
6899
5309
6899
1078
1090
8320
9772
8425
7990
8425
7990
3908
6871
6244
6871
1892
6198
1946
6198
8306
2132
6983
2132
4742
6166
1823
6166
2036
6946
972
9243
4159
3798
3910
3798
2451
3798
2408
3766
9617
5445
3639
4865
3670
4865
8588
7342
4014
7342
128
673
3585
4874
3623
4874
2424
2721
4805
2721
6960
1657
9693
1657
5702
1657
5701
1657
1112
5878
1134
5878
1496
1553
1547
1553
7246
1404
9307
1404
1480
1404
9769
1404
7921
4363
8265
4363
8402
2677
9975
2677
9253
2573
7925
2573
8778
2573
2543
2573
1917
5030
1858
5030
2056
4157
4687
6073
4689
6073
1587
7571
7986
9282
2369
2511
8787
2511
7614
7599
8902
9975
8882
9975
4397
9975
8888
9975
399
322
7752
791
1068
8727
2210
5179
4155
5179
107
8623
8731
4034
8254
4034
4685
4034
8730
4034
8265
4034
7692
4162
8447
4162
2411
4162
3794
4162
8011
4162
8525
4162
1652
7819
1625
7743
7424
769
2589
2682
1631
1662
7647
1662
7266
1662
7629
1662
800
801
4058
5270
2443
5270
1337
8732
3136
6410
3088
6410
7148
4808
3197
5804
7213
7589
19
4239
3237
3252
4089
3252
1133
5881
4446
5881
2201
5176
2186
5176
2495
2718
2640
9603
3973
5917
1644
5917
9238
8210
2070
4100
8810
4100
1256
1265
5719
1265
1853
7596
7965
7596
9290
7596
7973
7596
3056
7568
2370
2508
2498
2508
8590
10051
7773
10051
1594
1544
1529
1544
117
202
210
211
1924
2007
10167
10324
787
788
688
9527
1851
9085
5191
6550
2321
6550
2220
4090
2
4236
8350
7586
8785
7586
7939
7586
1831
5922
4509
5922
273
578
561
578
363
578
3230
3247
8819
7225
7615
7225
8015
7225
9347
7225
7616
7225
7299
7225
8719
9786
3746
9786
3944
9786
8725
9786
3745
9786
7423
766
679
7754
9010
7754
9750
7754
9521
798
6699
798
9523
798
9524
798
7650
2012
8449
2012
1976
2012
4043
6805
2133
6805
5190
9095
1462
7816
2649
4811
287
481
292
481
526
481
7174
3205
9860
3205
8831
7977
3527
3534
1717
5006
1783
5006
9189
9123
9188
9123
5716
9123
1477
4659
2716
5511
2810
5511
1204
8021
8067
10025
9428
846
844
846
695
8099
4286
8099
7727
8928
7355
8928
1139
1159
956
971
973
971
2145
6532
9916
6532
7516
7458
4142
2179
9999
9332
1063
5677
10068
8071
727
8071
10073
8071
8271
8229
2673
5573
2777
5573
1851
1858
990
999
1314
5721
5720
5721
1213
1242
2865
2878
1117
1121
1106
1121
4232
3073
7288
3073
209
496
419
496
214
496
2026
2053
2049
2053
7267
7193
9327
7193
4407
7193
9624
7193
8792
7193
4254
8420
1079
1077
1047
1077
2563
9853
3576
6527
3559
6527
2246
2270
8796
2270
9613
8089
9614
8089
3413
3415
1290
9144
4160
7982
7269
7982
2803
2804
8713
2804
1098
1082
1068
1082
2121
7183
7222
7183
1236
1237
1235
1237
31
9892
6426
3142
6426
422
599
320
599
981
989
966
989
5683
5682
5683
5682
1450
1463
8091
8585
2703
5508
2789
5508
10002
8018
9491
9477
1396
4504
548
405
7897
8226
8949
8931
8950
8931
1983
2044
854
996
8022
996
8491
996
955
968
3517
7461
8085
8068
7711
8068
6965
8068
9019
8096
9714
8096
7037
8096
7965
1861
7987
1861
1852
1861
9130
1156
1104
1156
9353
849
9319
849
4523
2917
7595
2917
5744
2917
7139
3600
7557
3600
4716
4714
7249
9966
909
913
897
913
5929
2176
10318
10135
2549
2881
2872
2881
1218
5718
757
7374
6972
7374
759
7374
1188
1214
1216
1214
1105
1118
1129
1118
2487
6292
9610
6292
641
620
2012
8815
1809
5009
1716
5009
7521
7863
3767
6297
7466
6297
1475
4656
3235
6429
3821
3820
9
399
9092
986
112
8595
2133
6220
7824
6220
2492
6302
2512
6302
2389
6287
5962
6287
4093
8086
8601
8086
3569
3590
3589
3590
4243
7050
2918
2922
754
8646
1826
5923
1778
5923
9529
728
8405
2636
8425
2636
2637
2636
7990
2636
2602
2628
2626
2628
3495
3496
9303
3496
7631
3496
4412
3496
3467
3468
3446
3468
7121
3844
5802
3844
5990
3844
9465
9705
7346
9705
6227
5124
2176
5124
1669
6128
9819
6128
3396
3397
719
3397
3388
3392
4355
3392
242
243
3642
4061
2955
4061
3345
4061
6002
4061
3158
4061
2778
4061
3416
4061
2672
4061
2805
4061
4189
4061
2681
4061
2900
4061
3429
4061
2094
4061
2388
4061
6225
4061
3546
4061
2364
4061
5815
4061
3553
4061
7823
4061
3389
4061
3246
4061
4550
4061
3421
4061
5813
4061
5199
4061
3602
4061
4868
4061
3942
4061
2277
4061
3460
4061
3129
4061
5350
4061
2609
4061
3026
4061
3010
4061
3298
4061
2461
4061
2304
4061
3192
4061
3264
4061
5708
4061
2477
4061
5989
4061
3628
4061
3639
4061
3108
4061
2063
4061
3342
4061
2699
4061
3482
4061
4552
4061
3440
4061
3577
4061
9687
4061
3534
4061
3844
4061
4415
4061
2520
4061
3670
4061
5991
4061
3509
4061
6334
4061
2212
4061
5709
4061
8093
8578
10050
8578
9462
8578
3444
3940
3382
3940
3373
3486
7979
3486
8396
3486
8406
3486
9585
8935
9988
8935
8324
2945
8789
2945
2936
2945
8343
2945
4276
4318
10060
4318
7766
4318
2884
5314
3007
5314
4391
2165
4084
2165
305
306
3304
3329
4095
5256
5958
5256
730
7738
3384
3387
4355
3387
3400
3402
8253
3402
8524
7309
7325
7309
8052
7309
9534
731
10203
10291
10240
10291
2412
8787
3699
8787
8369
8787
2372
8787
3875
5137
2093
5137
7298
9910
2625
2631
7152
7112
810
9541
7972
8802
8845
8802
7971
8802
7236
8802
5751
9291
7560
3994
4902
3994
3450
3471
10150
10266
10134
10266
1676
6131
9829
6131
2870
2885
3888
4282
7718
4282
7353
4282
8066
8503
331
344
635
344
4414
3499
4548
3499
4547
3499
2501
4058
87
9512
9625
9624
2581
2639
4151
2639
7213
9270
8656
8649
10090
8649
8665
8581
7139
3853
983
8713
1067
8713
1752
8713
1187
8713
1037
8713
4696
8713
6248
8713
1567
8713
9833
8713
8723
8713
9836
8713
7408
8617
4278
4277
4256
10102
40
41
5679
3984
10094
3984
2871
2895
8911
7306
9419
4321
9369
4321
9360
4321
4316
4321
4277
4321
112
226
2108
5142
2337
5142
4107
6315
4009
6315
2827
8797
2553
7107
7387
760
3587
8792
3587
8792
7373
8622
7200
3326
7277
3326
3894
5259
5970
5259
3495
3489
3453
3489
7373
7741
8108
7741
9768
7741
774
775
1252
9867
7228
7936
2164
9078
8038
8873
9986
8873
3374
3561
3547
3561
124
167
8365
1900
1874
1900
2440
8364
6354
6352
2949
5628
3046
5628
921
927
926
927
4065
4624
3743
4624
2911
2923
7171
7500
3231
7500
4150
6884
4130
6884
10306
10221
7481
5636
3769
5636
9423
9405
7734
9405
1029
1036
3120
3128
9715
9307
1
9560
1876
1890
1888
1890
1889
1890
1346
9822
2642
6347
8478
7645
6705
7645
1455
6953
3929
5165
4069
5165
2231
2314
2244
2314
2356
5945
2237
2256
3333
6446
3355
6446
1476
7490
1249
1276
924
932
2725
6894
2736
6894
1012
1039
719
8305
1712
9117
1104
9081
144
7434
9848
4670
4627
4670
7981
1170
1137
1170
9317
1170
9333
1170
3533
9574
3139
9574
2924
9574
4210
9574
6227
9574
4742
9574
1758
9574
3115
9574
3356
9574
3981
9574
3572
9574
4869
9574
2632
9574
4218
9574
3210
9574
3044
9574
2712
9574
3220
9574
1912
9574
3894
9574
1996
9574
2623
9574
3544
9574
3332
9574
7024
9574
2317
9574
9879
9574
3987
9574
4115
9574
1892
9574
4038
9574
3520
9574
2344
9574
2596
9574
2103
9574
3531
9574
2374
9574
3867
9574
2990
9574
2731
9574
3658
9574
2971
9574
3634
9574
7035
9574
1946
9574
3193
9574
3337
9574
2752
9574
1703
9574
6463
9574
4222
9574
3247
9574
2176
9574
3363
9574
2146
9574
2786
9574
3506
9574
3552
9574
3530
9574
2941
9574
5954
9574
3604
9574
3902
9574
1823
9574
5970
9574
4193
9574
4029
9574
3517
3558
9215
5639
3111
5639
1842
1950
9089
2137
3044
5631
2941
5631
10324
10242
7852
8147
7491
8147
1430
9159
10140
10261
9532
8967
1721
1834
1795
1834
3064
3131
9831
6612
2671
6612
1132
5885
1145
5885
7953
7939
10142
10296
10151
10296
3315
6449
3362
6449
7123
2259
4868
6513
3577
6513
1248
1279
409
377
376
377
4153
7330
6841
6840
1565
9122
1320
5895
4166
5895
9857
6607
5577
6607
9424
6703
9408
6703
2911
3764
3303
3310
9248
6944
8624
8972
10080
8972
9540
10097
811
10097
1077
9158
7513
6164
3980
6164
1988
2142
8308
2142
4652
8152
4500
8152
5426
6479
3357
6479
1197
1313
7655
2232
2233
2232
3112
6418
9216
6418
7402
8983
1267
1249
1220
1249
2994
4820
557
358
357
358
8008
9318
7406
6930
8863
9951
8475
9951
7294
9951
9779
7240
10264
10313
8202
4590
1127
4590
7228
6974
10314
10212
10258
10212
9143
8182
9140
8182
8504
8029
1592
9135
2211
9051
2927
3041
1900
1924
1929
1924
2957
2960
3588
9577
4410
3504
3489
3504
7306
9356
1941
1980
1978
1980
2632
5541
2752
5541
8109
8993
8852
2227
8411
2227
10324
10213
9960
5729
8441
5729
2225
5729
8858
5729
2511
4009
7101
8177
3745
8177
3592
3656
7703
8916
8954
8916
1400
8221
8078
3714
1579
7524
848
9319
8252
4600
1172
4600
9649
8854
8473
8854
8587
8854
1117
1129
1100
1129
841
842
8416
842
3015
6377
5986
6377
8880
7675
7737
7675
3860
6421
4827
6421
564
530
544
530
9383
7294
848
7294
3418
4415
2963
5975
3339
6476
3308
6476
1789
9813
9592
9813
8240
9813
9865
9813
1673
9813
3684
9813
1562
9813
2806
9813
2316
9813
2718
9813
1497
9813
2768
9813
1735
9813
1465
9813
1757
9813
1602
9813
5956
9813
1218
1246
644
643
391
643
8650
745
2509
2520
2592
9864
1103
1126
8012
3038
5746
3038
9969
3038
4124
3038
3713
9048
3566
9048
1595
9048
8804
5726
9990
8843
9990
8843
2143
4006
9155
3659
4110
3659
2819
2833
2818
2833
29
3228
4534
836
837
9738
6382
7473
6382
9426
8919
8065
8919
8090
8919
167
168
9856
5538
2801
5538
8039
7284
4178
7284
8040
7284
2499
2710
10133
10140
81
286
4446
8218
10144
10218
6959
8026
5690
8026
9318
9304
103
4247
1183
7831
5731
9296
5731
9296
2043
5090
6244
5090
9922
3236
3237
3236
6939
1515
1368
1515
9872
7915
1973
4205
1971
4205
7543
8763
2364
5232
2277
5232
288
291
3103
3811
8717
865
6706
6906
9431
6906
654
6906
1686
1705
9885
1705
4127
6211
2003
6211
7578
5100
2031
5100
2685
2729
4074
2729
4266
9503
115
4252
8837
8408
7299
7660
4549
6041
3510
6041
7108
9627
9921
2541
9940
2541
9909
2541
7239
2541
8586
8551
8573
8551
7852
8679
1613
8679
2358
5227
2273
5227
2396
5960
9011
9750
8948
9656
7350
9656
2853
2975
2964
2975
7152
1955
4185
1955
7311
6909
7310
6909
1899
7828
3533
6762
3520
6762
3054
3162
7263
3239
3241
3239
7126
3808
635
617
1623
9025
1996
6208
3987
6208
3776
3157
7534
3157
7547
3157
9643
8676
1467
8676
891
5710
886
5710
2402
4030
3269
3363
3546
6757
5813
6757
1097
1110
2265
3874
8876
8411
8846
8411
8496
8411
8053
8411
8014
8411
8890
8411
4550
6038
3482
6038
1956
5034
1948
5034
9363
8010
5700
8010
9983
8010
2751
5520
2695
5520
9437
8548
9457
8548
7346
8548
2532
2538
2533
2538
2668
2726
3435
5833
3420
5833
3969
9829
8959
10000
9463
10000
9460
10000
4388
1386
5723
1386
7931
7902
181
182
718
7887
3397
7887
1488
1487
8333
1487
15
8665
10104
4310
6933
4310
7770
4310
3984
4310
1383
1502
2975
2988
5793
5796
5729
5796
963
5768
8270
5768
8306
4764
6983
4764
2442
6339
6300
6339
7597
1803
1725
1803
9758
7080
4175
7080
1367
1368
8452
1368
4283
1368
4323
1368
4324
1368
3525
9828
5926
9828
3931
9828
4123
9828
2858
9828
3166
9828
3896
9828
2776
9828
3550
9828
2679
9828
9195
9828
2702
9828
2104
9828
2654
9828
4801
9828
3344
9828
7605
1396
1381
1396
7554
7892
2781
5554
2661
5554
3860
5403
3174
5403
9534
9474
3103
3116
7188
3116
536
501
204
501
375
501
221
512
365
512
2295
6263
2346
6263
1539
7897
9582
4558
2071
2074
3664
3670
3053
3054
2833
3054
2972
5616
2895
5616
1364
5786
2926
2998
2889
2966
3868
2966
9451
879
8579
879
127
164
2826
2851
2917
2851
2143
2146
9910
8841
7800
8136
7816
8136
364
420
7118
1497
4959
1497
8297
1497
6978
7344
8100
7344
9726
1492
1484
1492
5786
1492
10010
5799
8016
5799
9762
6336
7559
6336
1323
1327
7234
1327
7522
9147
2831
7172
1964
7952
2224
7952
7284
7952
3876
7952
1359
1389
4387
1389
9348
1052
7668
1052
994
1052
408
374
373
374
993
5771
1000
5771
6842
2991
2853
2991
56
5409
6437
4165
6437
5783
8257
9886
8257
1391
8257
5784
8257
3125
5652
3089
5652
7015
7947
2071
9862
1372
1371
9325
1371
9320
1371
4379
1371
2425
7167
1001
4561
984
4561
870
876
875
876
4757
2213
7565
2213
3824
2213
1335
1332
1327
1332
2279
6555
2236
6555
2968
2969
5790
5789
872
8139
8619
7353
3568
7604
9971
7604
8006
7604
844
9323
2142
2149
23
8981
9460
1456
8262
2448
2464
3843
6442
3266
6442
3117
5647
3086
5647
262
263
2772
5543
2739
5543
2921
3001
7890
3001
2999
3001
8034
8838
5620
5619
7592
2848
2829
2848
3042
3043
2950
3043
1758
9033
1703
9033
3506
9033
1388
1399
1386
1399
1046
1047
1016
1047
3590
3624
3102
3119
3059
3119
4145
6580
3705
6580
3293
3321
3319
3321
3278
3277
8527
3277
9706
3277
8916
3277
2918
5988
5293
2768
2766
2768
2761
2768
2793
2796
25
1784
4984
1747
4984
415
385
2890
7135
4398
9779
8422
9779
2540
9779
9322
9779
1345
4489
9362
4326
72
9404
7688
699
7688
10026
7688
698
7688
9809
9801
2110
9801
2726
9801
6747
5146
6744
5146
9150
5851
1036
5851
8336
3282
8453
3282
9658
3282
9946
3282
2397
5966
3229
5998
2784
2786
1829
4994
1743
4994
7838
4471
1285
4471
3338
6465
3348
6465
9475
9441
2247
2403
2405
2403
9935
2554
8330
2554
2584
2554
9934
2554
1641
6116
4719
6116
1461
1574
1549
1574
8482
654
8952
7698
8028
7666
7546
4853
1954
5058
1949
5058
7843
6054
7470
6054
9613
9612
9614
9612
2627
2616
2601
2616
795
9524
790
9524
10127
716
371
379
378
379
189
379
10055
10035
1593
4499
2577
9778
4327
4329
9984
4329
8480
4329
7716
4329
9752
4329
714
7773
9507
8642
7200
3318
3274
3318
9294
2652
7251
2652
2613
2652
4519
2652
1344
4486
3083
5991
2762
2771
4403
4402
8458
4387
7298
4387
7656
4387
7038
2799
7544
2799
8550
7691
9705
7691
5805
4844
5747
4124
2593
2619
2618
2619
27
8250
5848
7078
5848
10020
8533
7701
8533
1332
4496
8639
8637
1245
4468
1276
4468
3604
5464
4193
5464
124
719
2613
2647
4533
6001
3785
6001
3784
6001
2537
2543
2548
2543
4117
6119
8221
6119
991
1004
330
347
643
347
4345
7669
3508
6043
3529
6043
8795
9273
78
8108
8104
8622
8104
1584
7055
1607
7055
6696
7701
7425
7701
1563
4940
1615
4940
4049
4392
4049
4392
1928
5061
2064
5149
3977
5149
9997
4397
245
448
549
448
2382
5213
5966
5213
7170
5969
9736
5969
2783
2789
2265
2273
140
7432
2650
6358
2741
6358
540
524
284
524
7089
1253
7242
9252
9278
9252
370
503
377
503
194
503
10039
7271
10014
7271
8903
7271
8908
7271
4762
4760
1981
2042
7919
3412
4230
3412
8288
3412
9708
3412
5745
9945
5745
9945
9433
9763
1628
7299
3836
7299
772
6976
8615
6976
769
6976
3635
5475
3626
5475
9881
8323
1984
2037
861
9141
3503
3506
1818
4731
1746
4731
1721
6725
1199
1231
8428
1231
1901
1926
1882
1926
1290
9836
2993
3020
6694
7427
4007
7427
6695
7427
716
7427
2141
9914
2909
9224
9137
8161
1246
8161
7433
8856
64
4206
5570
2689
5570
7048
10065
7049
10065
7943
7526
3944
3716
4540
4539
3056
3070
3069
3070
10222
10168
10164
10168
3686
7289
8554
8914
3629
3654
3405
3407
8074
9684
2651
6361
5303
6361
9926
9908
3900
9908
9911
9908
7122
7092
7632
8807
7146
7097
3539
3552
1566
1565
1496
1565
4275
7296
2842
2905
8012
7268
9969
7268
4124
7268
227
228
8068
8483
8125
6979
9240
4355
8294
4355
8372
4355
4290
4355
45
10119
10251
10332
10274
10332
1217
1244
4848
6474
4851
6474
102
261
9923
9268
278
470
282
470
525
470
1357
7286
8515
7286
7314
7286
3698
7286
7262
1480
1368
1480
8042
8493
4538
4536
3980
4728
1817
4728
7918
2460
9737
2460
7554
6250
7151
6250
4320
4004
8819
5724
7239
9909
7239
9909
10038
8859
4344
8859
4267
8812
3548
3547
3372
3547
7113
7102
4199
1228
1230
1228
4272
1124
1099
1124
3632
3643
1377
7529
7164
3719
4686
7087
114
8214
8158
1280
8158
1936
1929
1874
1929
6718
8024
9717
9269
3502
3509
1700
7880
7171
3234
3228
3234
1454
1455
1440
1455
8829
2475
9978
2475
2440
2475
10000
8525
6417
6904
3107
6904
1505
1542
1527
1542
674
7855
8255
7855
2708
5273
4104
5273
99
9558
7390
670
3169
3178
3170
3178
8033
4380
7671
4380
1797
1910
1943
5039
4195
5039
2547
2570
2569
2570
7776
9384
6695
9384
7724
9983
9387
9983
3492
3530
7367
7720
8236
6778
4657
6778
8230
6070
3897
6070
1640
9174
4764
4133
812
9559
10305
10282
430
614
2017
7510
1877
3879
3672
6020
7862
6020
10169
10247
1548
1537
1493
1537
6912
1633
8002
1633
1657
1633
8810
2015
4049
2015
7984
2015
4392
2015
10059
9447
664
9447
5955
6822
2384
6822
8302
8285
8302
8285
2
388
10167
10329
3221
3222
9571
3222
3260
3300
3299
3300
7908
2065
8312
2065
9249
2065
6971
6693
5655
6693
833
6693
714
6693
10094
6693
9163
4932
9153
4932
9837
6597
5298
6597
4053
4052
6943
5905
4001
5905
2778
6592
3942
6592
3094
3181
9956
3876
7293
3217
7313
3217
8060
3217
9656
3217
2081
4775
2301
4775
7853
6781
4660
6781
7214
8295
7111
6817
5194
6817
33
10129
7039
8674
9913
6587
3598
5460
3645
5460
3109
6683
3131
6683
2697
2724
2690
2724
2683
6602
2662
6602
7359
4047
9473
4047
3817
4047
8563
4047
3770
4047
1616
4927
9742
4927
9226
9160
3283
3290
3320
3290
3891
5036
1942
5036
7106
7452
2313
2328
2967
5335
2888
5335
1380
1384
1396
1384
9773
9757
669
9757
9928
3865
1482
6937
2130
4766
2453
4798
7097
2491
4791
2491
7876
2491
9955
5794
6401
6400
5658
811
8788
8278
2544
8278
6714
1852
1854
1852
8384
1852
7968
1852
3877
5614
2880
5614
2823
3056
7609
3056
2962
9203
4619
4618
7570
2076
2072
2076
7185
2076
2415
2469
8957
8870
3055
3114
3593
3629
3631
3629
2660
5556
2621
5556
885
7447
4383
1394
1369
1394
7622
1847
1846
1847
7959
1847
7553
6390
7172
6390
3620
3641
4112
7346
8107
7346
8809
7609
4232
7609
9966
7609
10260
10166
1466
8134
7851
8134
2138
2144
4079
4788
3991
4788
1393
5784
1372
6942
8782
2964
8802
2964
2476
2501
3898
2501
8364
2501
1713
1735
7575
2331
4495
8190
8724
8190
1276
8190
4398
5740
8460
5740
9388
5740
10022
5740
10046
5740
10307
10288
10263
10288
550
542
449
542
2645
6334
9735
2372
8254
4582
1147
4582
9904
4769
3177
3195
9898
3195
7165
3195
4530
3195
9679
2488
9918
2488
2511
4801
2007
6795
1890
6795
1038
9105
1926
2002
7943
8317
3718
8317
8341
8317
892
8281
1977
1987
1952
1987
807
808
4272
9342
2332
4110
2327
4110
3916
4110
5997
4110
2757
4110
3655
4110
2937
4110
3448
4110
3522
4110
5963
4110
3578
4110
4107
4110
6816
4110
9623
4110
3861
4110
9814
4110
9586
4110
2951
4110
3937
4110
6009
4110
3543
4110
3469
4110
9611
4110
3459
4110
2958
4110
4045
4110
3511
4110
9677
4110
9839
4110
1896
4110
3477
4110
3584
4110
3996
4110
2682
4110
3499
4110
2923
4110
3131
4110
2002
4110
3223
4110
4104
4110
9196
4621
7237
7606
2222
2367
1089
4577
3731
4577
9451
874
7340
874
8399
874
4682
4673
1421
4673
23
7413
1144
1173
4420
8200
2929
8200
7493
8200
7483
8200
8203
8200
7843
8200
3753
8200
8738
8200
9165
8200
3765
8200
7467
8200
7845
8200
3248
8200
3755
8200
4812
8200
3360
8200
3113
8200
7462
8200
7457
8200
7481
8200
7825
8200
7836
8200
7839
8200
7474
8200
3767
8200
7476
8200
3757
8200
7455
8200
7847
8200
3358
8200
7497
8200
3768
8200
7459
8200
7456
8200
7470
8200
7466
8200
7488
8200
7469
8200
7460
8200
7475
8200
7464
8200
8201
8200
2982
8200
7081
8200
7830
8200
7857
8200
3661
8200
5310
8200
7489
8200
7468
8200
7494
8200
7484
8200
3028
8200
3760
8200
3769
8200
3766
8200
7458
8200
7461
8200
3402
8200
3407
8200
7855
8200
2469
8200
7837
8200
7074
8200
2114
2153
1011
1030
1026
1030
5306
6615
6352
6615
3869
7349
6994
7349
3591
3626
1991
1992
1872
1992
1556
6785
8237
6785
281
434
525
434
528
434
2688
5559
9655
5559
92
8130
1938
1997
9596
8322
3622
3638
4143
3059
4528
3059
3095
3185
6729
9937
2453
2466
1309
1340
1324
1340
8806
2498
2510
2498
8369
2498
2372
2498
7626
2498
8813
2498
9889
4791
8304
2079
4512
2079
7910
2079
7574
2079
7570
2079
1729
4986
6928
4986
14
317
3809
5491
3952
5491
2793
2794
3260
3261
3243
3261
7016
8345
2098
2335
6964
4324
5685
4324
5685
4324
5978
5328
3023
5328
3215
3223
8257
1648
4072
9795
7391
8109
10095
8109
7460
6823
7489
6823
7797
4968
7798
4968
9171
4996
1830
4996
3349
3350
2426
2784
4805
2784
5965
5964
2323
5501
3874
5501
2127
4148
2110
5144
8958
9435
10057
9435
7359
9435
8969
9435
8970
9435
3489
7203
3452
7203
6923
4913
3644
5469
4106
5469
713
714
696
714
700
714
7191
2614
2647
2614
2601
2614
2054
4129
7504
4849
9821
6056
3461
6056
8504
7664
8413
656
1009
4440
287
293
291
293
992
1009
1006
1009
1461
1576
1512
1576
6739
5118
5927
5118
1501
6114
4700
6114
2544
2556
2560
2556
2059
5488
4192
5488
1354
4484
726
8605
1709
1767
1773
1767
1679
3842
3271
3258
3240
3258
748
9544
2724
2740
7162
8750
10324
10258
5979
5331
7512
5331
2037
5082
9914
5082
1745
4989
1792
4989
2983
5372
3025
5372
6750
6312
2466
6312
1573
1579
1578
1579
4705
6145
1753
6145
9886
1651
4508
1651
7737
659
658
659
8623
659
1007
1006
989
1006
1771
1772
7528
1772
2545
2559
2560
2559
4147
6965
6998
6965
3838
3837
4087
5498
2328
5498
3597
5466
3652
5466
1304
4494
9615
3745
1673
4971
1643
4971
7649
7630
4039
7630
4047
7630
3691
7630
2881
4126
7949
4151
2637
4151
8247
6059
7463
6059
3258
4846
2989
5367
2970
5367
4515
7115
4797
6307
2481
6307
1788
4999
1737
4999
2096
9642
3856
5077
2044
5077
7810
5153
2207
5153
702
10094
8126
10094
7748
8106
668
8106
3571
3610
193
194
2206
5121
2177
5121
1345
9823
2542
2575
2543
2575
7903
7842
7127
7842
3811
7842
642
605
348
605
904
4365
3730
4365
2646
6332
4331
7258
1551
1555
10120
675
1561
6075
5914
6075
4820
6371
2959
6371
7512
5311
3009
5311
5737
5736
9194
6399
2943
6399
4491
8186
1421
8186
8129
8891
1428
1442
3998
8625
4019
8625
7380
8625
840
9164
9594
7745
3281
3630
3595
3630
10112
8126
690
8126
8897
8869
8887
8869
8896
8869
2415
2470
7020
1336
1333
1336
7018
1336
7017
1336
2490
6327
2518
6327
10322
10228
563
590
232
590
2594
7837
4824
9640
6396
9640
1438
1437
1410
1437
3322
4106
9766
7610
1013
1026
1007
1026
2932
2938
10264
10145
8596
8948
8225
6389
2948
6389
8558
8901
8574
8901
1277
8168
4477
8168
1354
8196
2261
4770
2759
7074
9338
7261
8435
7261
9094
1263
10002
5739
7813
8189
637
613
2648
5308
9590
5308
4305
4304
5700
9328
2899
6368
3110
6396
6493
6492
636
586
340
586
10155
10243
10227
10243
8922
8888
3676
6497
4862
6497
274
275
1312
9083
3284
9946
8607
7350
9459
7350
4118
9361
1011
1029
1026
1029
3110
8199
9453
9329
6254
9835
3964
9835
7881
9835
9653
6386
4821
6386
5730
7223
5317
4109
2077
2080
7580
3664
3594
3664
3666
3664
7341
1339
5781
9093
7815
9093
5900
9093
2134
6803
2199
6803
2832
3060
3052
3060
268
269
3176
3203
10117
8951
8285
2941
3855
2941
3627
6502
3615
6502
8546
8898
8928
8898
8490
8866
93
8129
9801
8171
2775
5560
9839
5560
9183
6487
3305
6487
1083
9125
826
828
8335
2736
1025
8746
7916
8746
7921
8746
7904
8746
4685
8746
6946
8746
1126
8746
8281
8746
2470
8746
6351
5575
9853
5575
8387
2311
9932
2311
8368
2311
7223
2311
8364
7195
8342
2055
8786
2055
8367
2055
8765
2055
7936
2055
7157
2055
558
284
671
9773
3036
9773
9007
9773
3834
3075
5746
3075
3388
3413
3412
3413
261
262
3288
3349
5673
8110
3323
3606
3631
3606
8260
5938
7881
5938
6995
5938
1569
4934
1558
4934
4512
7185
10177
10178
992
1010
1011
1010
8212
4439
977
4439
8398
7626
7504
4850
2645
4130
9370
9340
3674
5470
3651
5470
7309
7638
4139
8702
9159
8702
9483
8583
6989
8583
8964
8583
1160
8687
1145
8687
1449
1465
829
831
4229
3452
4055
3452
7260
3452
7261
3452
419
497
212
497
374
497
8440
9301
4520
9278
707
915
906
915
819
915
10101
915
1810
4990
1745
4990
7328
4342
7569
2308
5939
2308
3632
7865
182
183
3692
8813
2797
6574
2704
6574
248
572
562
572
530
572
3979
8749
3979
8749
2724
2739
8243
6060
7465
6060
10316
10164
8427
7629
9814
3447
5779
8692
4489
8692
2546
2560
2562
2560
3353
9617
2889
8697
3031
8697
962
4436
979
4436
10128
8593
8653
660
1573
1580
1578
1580
2348
5941
2301
5941
174
513
381
513
383
513
7567
3609
3608
3609
7722
4337
8088
4337
3071
9661
8815
9279
7644
7641
3287
3346
9816
5000
1735
5000
5785
1382
9244
1382
1380
1382
9245
1382
7233
7222
2029
7222
1254
4912
7848
4912
4169
4759
8307
4759
2221
2362
1864
5925
8325
3091
3066
3091
1654
9847
2687
5591
4217
5591
951
952
944
952
7335
8052
1329
9804
7827
5821
5820
5821
1264
5777
7312
7300
4255
7300
3995
2163
2165
2163
1877
9162
2991
3019
928
947
2942
2943
8302
2943
3855
2943
3032
5601
2954
5601
9506
10080
7374
10080
10044
8933
2493
2704
9665
2357
9079
2357
1330
1421
9889
7876
7209
7181
8784
7181
8332
7181
7000
7217
1378
1377
4507
1377
3505
4907
3535
4907
9974
3101
3102
3101
7216
3101
7220
3101
4806
2456
4352
9313
4767
6246
2009
6246
1478
1476
1437
1476
226
227
9488
7290
3834
3069
7609
3069
3283
4540
1578
5782
10223
10207
2504
2514
2772
5569
4206
5569
7697
8047
7742
6980
3070
3088
2217
8505
901
902
894
902
1269
6924
2881
2883
8202
4584
1173
4584
876
887
3755
5588
7074
5588
4371
7234
1229
7234
7827
5818
3471
5818
4815
4814
1701
9819
7565
4756
2131
8715
8722
8715
2730
8715
7141
3855
893
892
883
892
4519
3720
2876
2893
2892
2893
8283
7530
896
897
893
897
1155
4594
1172
4594
9689
8860
6915
5598
3030
5598
2623
5566
2731
5566
1328
1418
6987
7178
6745
6249
9835
6249
5733
2459
8433
2459
7202
3098
3091
3098
6718
3066
7216
3066
7220
3066
8005
1479
7270
1479
2467
6313
2718
6313
1492
7879
3502
3510
2866
2954
7252
1974
2985
3016
9688
3016
304
307
1347
9818
1840
1930
2624
2777
7588
3268
3238
3268
3255
3296
1681
1757
7421
773
8346
2821
7603
2821
6731
2821
8348
2821
116
8657
9508
4374
7552
7737
8875
9399
8875
7682
8875
3018
5362
2922
5362
2828
2925
2851
2925
5914
6091
1535
6091
2551
2591
2588
2591
8853
8827
10129
691
7393
9509
7555
6069
4659
6069
7679
7643
4396
7643
8508
7643
7683
7643
9996
7643
8487
7643
7172
7547
4112
7719
3310
5456
4850
5456
3490
3529
1671
4961
1749
4961
4233
6955
10109
6955
697
6955
702
6955
813
6955
802
6955
5653
6955
681
6955
695
6955
799
6955
800
6955
4260
6955
821
6955
5660
6955
829
6955
810
6955
686
6955
689
6955
3754
6955
816
6955
5658
6955
4258
6955
675
6955
5735
2569
8850
2569
8456
2569
4031
2569
1948
5040
1904
5040
3327
3286
8336
3286
9658
3286
9946
3286
1712
1762
1833
1909
4380
4379
2370
4518
2426
2782
7582
2782
7281
8004
7390
669
2655
5514
2799
5514
5944
5943
4186
2601
4020
2601
3715
8832
4177
8832
8881
8832
8474
8832
3714
8832
1183
1208
1085
1104
1101
1104
449
541
591
541
9206
5163
2078
5163
8660
3880
7388
3880
8974
3880
8617
3880
3672
6019
7865
6019
1537
7509
4262
701
372
376
588
376
4697
6101
7819
6101
8529
5704
8558
5704
9421
5704
8941
5704
8562
5704
1925
4024
3001
5357
3020
5357
1669
4708
1648
4708
7593
3271
3270
3271
1462
4482
6730
2818
2815
2818
7591
8303
3430
3432
1600
6088
1530
6088
2161
5084
4010
5084
1235
9250
66
165
166
157
7412
3921
3299
3777
3299
9894
3299
2579
2588
8330
2588
2552
2588
2584
2588
10131
688
1111
5883
1130
5883
3581
6515
3611
6515
7370
9436
7503
4958
9208
4958
3426
3427
8121
9514
2402
5954
9806
9796
9116
9796
8729
9796
1287
4477
3642
6016
3670
6016
7537
7506
7534
7506
4046
4521
5740
4521
1514
4376
2558
2598
9253
2566
7942
2566
8778
2566
2541
2566
8538
6705
3282
3289
3286
3289
8826
1211
7255
1211
1190
1211
9943
1211
1800
1906
5674
7407
5675
7407
696
7407
9505
666
8476
7654
697
698
4478
5893
1275
5893
4653
6066
1582
6066
8240
6098
1497
6098
2040
5094
2158
5094
4258
10105
1491
4711
1644
4711
3341
5459
3336
5459
8094
7716
3519
3526
634
632
264
632
8083
7318
725
7318
8581
7318
1540
1615
1483
9208
300
467
362
467
4748
6173
1909
6173
396
596
633
596
9783
3773
3140
5395
3137
5395
296
569
1616
7079
2515
7079
983
7079
1905
7079
2377
7079
9742
7079
1067
7079
5297
7079
1752
7079
1187
7079
1243
7079
1319
7079
4493
7079
1809
7079
1003
7079
1176
7079
1112
7079
4032
7079
2780
7079
4502
7079
1468
7079
9857
7079
1037
7079
4079
7079
1716
7079
1055
7079
4718
7079
4119
7079
3991
7079
969
7079
1674
7079
1281
7079
1134
7079
959
7079
4696
7079
3883
7079
1088
7079
9856
7079
2005
7079
6248
7079
1567
7079
6815
7079
9833
7079
2801
7079
5577
7079
1226
7079
1152
7079
4691
7079
9844
7079
9830
7079
2445
7079
4656
7079
9867
7079
9822
7079
1950
7079
2037
7079
9836
7079
9914
7079
2488
7079
9804
7079
1024
7079
2709
7079
2450
6340
2506
6340
8031
3691
38
39
7471
8184
4486
8184
8051
6997
4044
6997
9675
4309
1719
4738
1813
4738
2032
6992
7692
5734
9672
5734
2411
5734
9417
5734
8525
5734
1780
1785
3664
3669
2846
5385
9936
1334
4312
1334
1322
1334
4311
1334
750
8124
746
8124
742
8124
748
8124
751
8124
747
8124
743
8124
4236
8124
44
45
1483
9209
9106
8194
1261
8194
7558
8194
7235
6987
3939
8451
7276
1795
8848
1795
4008
1795
8806
2441
8398
2441
4162
2441
4389
7002
1008
1024
2721
4104
9890
3701
4172
3701
844
880
879
880
10322
10139
9186
6394
3088
6394
8021
4306
9449
7321
8549
7321
8470
7277
3277
7277
46
47
2457
7076
8827
5800
1849
1942
7864
6735
5777
6735
393
329
1960
3688
9845
9697
1590
9697
3682
9697
7551
3135
7131
3135
9637
3135
5983
6847
5324
6847
7246
1390
8430
1390
9307
1390
4329
1390
1694
4741
2149
2150
6992
2150
2240
9610
4533
9841
3785
9841
3784
9841
8344
9257
4680
8140
1468
8140
2968
2970
2015
5790
8131
9355
6936
7282
1140
9136
3026
6384
3010
6384
2420
2423
3913
2423
291
292
2124
9214
3119
3120
3101
3120
8222
6852
3205
6852
8869
8864
2036
9924
1385
1400
1387
1400
2431
2438
2417
2438
567
580
368
580
240
580
9942
8373
8466
8448
2594
5620
402
335
1856
1937
7982
1937
9422
3698
3665
3666
3096
3172
9151
4645
7829
4645
2123
3952
7864
8744
1784
8744
4127
8744
1133
8744
1719
8744
1092
8744
4446
8744
4703
8744
3725
8744
2811
8744
6749
8744
2181
8744
4187
8744
1813
8744
5961
8744
1944
8744
3846
8744
7863
8744
1279
8744
2328
8744
4913
8744
5777
8744
7836
2734
7484
2734
3476
6772
3471
6772
1958
1965
8039
1965
4178
1965
2902
6651
9653
6651
2702
6579
2800
6579
9239
1145
7935
1145
7149
1145
8589
10044
7717
10044
3688
10044
8238
4490
6826
2395
2322
2395
551
543
546
543
1310
1307
1272
1307
2020
2115
4510
2115
1560
4936
1618
4936
5997
5441
3223
5441
7166
3353
3268
3353
3290
3604
686
9567
6037
6767
3529
6767
2457
3947
8606
9462
9668
3167
7732
3167
8971
3167
1593
4500
1311
1312
1251
1312
3740
2385
54
8407
7624
9315
7624
7654
7624
9898
9860
3792
9860
4530
9860
9928
3902
919
3887
3744
3887
7077
3887
1002
3887
1223
3887
3735
3887
4681
3887
942
3887
904
3887
1294
3887
8212
3887
8207
3887
3729
3887
1056
3887
8208
3887
3730
3887
3872
3887
1557
3887
3741
3887
977
3887
3728
3887
4499
3887
4486
3887
1173
3887
887
3887
416
618
1764
1823
1426
9295
5349
6648
2902
6648
3956
4330
3956
4330
8925
9397
7705
9397
4273
9397
8126
9397
4338
10002
4339
10002
10025
10002
2795
6576
5241
6576
42
43
854
855
8894
855
7544
2800
9659
2800
8276
2800
9905
8753
3262
5438
3245
5438
7685
7670
960
4434
947
4434
7901
6120
7529
6120
8305
720
2585
3892
9695
9874
407
526
445
526
2593
2620
2618
2620
9864
2620
1456
3897
2428
5970
6956
2790
2657
9655
3289
3344
2201
5150
2107
5150
1601
4939
1560
4939
3146
5423
3180
5423
8264
2087
2085
2087
7892
2087
2412
2422
3913
2422
1799
4743
2060
6228
3917
6228
2034
7162
2079
2102
7399
9005
4310
9005
3807
4819
9246
4819
1227
1250
9357
1250
9341
1250
4306
1250
10084
3828
6976
3828
33
4091
6480
3333
6480
718
8267
195
196
922
5761
932
5761
1179
4589
1160
4589
8430
9769
9944
7239
6954
6929
6955
6929
3392
7808
3983
7363
8630
7363
7377
7363
1941
1979
9727
1979
1083
7874
3931
6565
2378
6565
2957
2959
2501
2706
1072
4571
1049
4571
6975
7157
2019
2097
2018
2097
2243
2381
2088
2092
2432
2417
8358
2417
8458
1361
1363
1361
9948
1361
8029
1361
9398
8030
7319
8030
1177
4599
1175
4599
9004
9768
8649
9768
1115
1130
2507
2516
566
629
594
629
9338
8431
9099
1474
2164
6244
9960
5730
10005
5730
4333
5730
2225
5730
10035
5730
8864
5730
1984
4010
4806
2454
8286
8272
7144
8272
7634
7236
8204
4586
1173
4586
1331
6926
4085
6231
4183
6231
1661
1725
1660
1725
9931
4225
7627
4225
5727
4225
9279
4225
2153
3831
2338
5212
2367
5212
4226
7037
8669
7037
9022
7037
10266
10151
898
5758
9147
5758
1899
4754
3901
3915
7358
3915
7135
4816
9526
8655
1306
7811
6749
5207
2362
5207
3074
9903
7970
9903
8063
8920
10019
8920
2831
3064
3059
3064
7794
7042
9813
7042
8715
7042
7446
3660
8094
9752
2314
2378
3919
10083
3976
10083
8116
10083
2436
2443
9651
5564
2730
5564
1049
4568
1040
4568
1193
4596
1171
4596
2206
6253
2087
6253
7692
8433
8447
8433
4395
8433
8011
8433
7666
8433
8866
8433
8924
1358
6697
1358
9963
1358
9412
1358
8935
1358
3838
2519
8249
2519
4518
2519
2712
5245
2786
5245
9964
8428
9480
8428
1196
8428
6980
8428
2992
3014
3956
1976
1962
1976
8544
1976
10016
1976
8933
1976
4330
1976
7474
2956
7837
2956
2499
2709
4368
9263
4368
9263
7527
1817
30
10124
3966
2761
1779
1781
2148
5089
2042
5089
1752
4982
9833
4982
5688
9988
1998
3675
7891
3675
3674
3675
6037
3675
3860
3675
3140
3675
3603
3675
9215
3675
2450
3675
9231
3675
2908
3675
3868
3675
3612
3675
2152
3675
9219
3675
9213
3675
2808
3675
4091
3675
5814
3675
3917
3675
1727
3675
3508
3675
3137
3675
2486
3675
3500
3675
9217
3675
2689
3675
5810
3675
3031
3675
3355
3675
3849
3675
2998
3675
2739
3675
3270
3294
3284
3294
4759
4183
3124
5422
3146
5422
1523
1602
367
436
634
436
266
436
1464
1587
1504
1587
7227
1587
9276
1587
6959
1683
8065
1683
8090
1683
37
3957
5516
2796
5516
2529
7659
7675
8006
8875
8006
1810
5021
1904
5021
5737
9989
10326
10319
10326
10319
1754
4977
1672
4977
9621
3284
7336
3284
4349
3284
7324
3284
1207
4458
1242
4458
2666
2730
7376
9464
4106
5454
3346
5454
7019
7015
7020
7015
7018
7015
1767
1822
5100
5099
8249
5959
3837
5959
4518
5959
8972
5706
1588
1592
1586
1592
1204
4026
6957
8680
9135
8680
1998
5071
4064
5071
7155
1693
1521
1597
3718
4193
8341
4193
7526
4193
4501
7065
1615
7065
6002
5417
3844
5417
16
9553
2913
5381
2938
5381
4295
1106
9288
1106
9293
1106
2720
2758
1775
1778
9962
6910
48
49
3982
6537
2144
6537
2607
6633
9619
6633
10331
10297
10312
10297
4757
2212
3824
2212
4756
2212
7263
3240
3241
3240
2038
5086
4098
5086
382
511
454
511
180
511
10138
10273
10255
10273
215
502
374
502
1790
5018
9173
5018
7525
7504
7523
7504
7140
6014
7897
8235
1097
1109
3330
6455
3296
6455
2233
2245
8400
2245
2508
5956
3412
5709
2577
4029
1179
4461
1209
4461
80
412
357
35
3483
3524
3496
3524
5692
7714
7379
7714
2041
5096
2007
5096
3987
5068
2146
5068
2052
2207
130
181
1470
6064
4196
6064
3852
5519
2696
5519
8029
7656
3647
4863
3669
4863
663
664
8037
8009
1959
10053
5692
10053
8627
10053
3827
5378
2907
5378
4843
5443
7476
5443
1800
1904
7184
2564
5302
2564
8781
2564
9895
6542
9743
6542
7937
4374
