1998
1938
1966
7329
3533
3527
3637
3622
1146
1143
1146
1129
1851
1848
1851
7923
812
10124
9124
2098
859
8559
859
7316
2497
4517
2497
2441
4646
4659
4646
1463
2492
2401
2396
2284
2396
2403
2368
2222
5574
2622
5574
2673
4578
1072
4578
1086
2116
7190
2116
4768
7451
5101
7451
8750
3074
3037
3074
9945
3074
7268
2054
6975
2054
6986
2054
6985
2054
7936
2054
6974
2054
6987
7194
4020
7194
9766
2487
2485
2487
4795
2487
4794
10039
10058
2502
2497
2502
2475
6941
8063
6941
10019
1988
1869
1988
1992
807
7402
10150
10335
4935
6943
4935
1558
7060
4684
7060
4688
2803
1616
2803
2515
2803
3993
2803
1905
2803
2377
2803
9742
2803
4680
2803
5297
2803
1243
2803
1319
2803
4493
2803
1809
2803
1003
2803
1176
2803
1112
2803
4032
2803
3918
2803
7805
2803
2780
2803
4502
2803
1468
2803
9857
2803
4079
2803
1716
2803
1055
2803
4718
2803
4119
2803
3991
2803
969
2803
1674
2803
1281
2803
1134
2803
959
2803
3883
2803
1088
2803
9856
2803
2005
2803
6815
2803
2801
2803
5577
2803
1226
2803
1152
2803
4691
2803
9844
2803
2215
2803
9830
2803
2445
2803
4656
2803
9867
2803
9822
2803
1950
2803
2037
2803
9914
2803
2488
2803
9804
2803
1024
2803
2709
3642
3632
8318
9273
7184
9907
2386
5946
2386
5950
9761
4146
9761
10096
2001
1926
1464
1452
1464
1453
4503
7571
1848
7959
1848
6713
1848
7594
1848
1852
8282
9256
2043
1981
4787
2360
4787
2306
2399
2398
2399
2285
2399
2286
7140
3292
9941
2225
9941
8858
9941
8864
4802
2504
2119
8289
2119
9262
2119
8340
2119
2022
4649
4103
4649
1463
4581
1148
4581
7502
2371
7598
2371
8358
9673
8401
4713
1670
4713
1646
914
897
4617
7802
4617
1262
1213
1188
1213
1216
7448
3433
7448
3184
7448
2949
7448
4072
7448
3132
7448
3046
7448
2279
7448
4763
7448
2159
7448
2663
7448
2462
7448
2000
7448
9817
7448
3423
7448
2913
7448
4149
7448
4820
7448
2065
7448
3135
7448
2800
7448
2378
7373
8649
1969
9350
1969
8429
1969
6717
1969
7999
2332
2100
856
8568
856
9403
10024
8105
10024
801
10024
7745
7864
1304
9423
4248
6575
2705
6575
5291
1149
1117
1149
9314
1149
4297
1149
9330
4797
2458
2389
2239
4792
2401
6938
1680
8277
8315
1991
4048
1991
7302
8321
8334
8321
8334
2327
2313
6470
3928
6470
3344
4622
9196
9145
1694
488
236
488
521
6739
2058
1554
1552
1403
1404
1403
1390
674
673
4873
3616
4873
3641
5368
2972
5368
3020
5396
3140
5396
3174
2574
8777
2574
2543
2574
9252
6308
4799
6308
3947
4364
910
4364
903
1616
1540
3139
3104
5078
3920
5078
2160
6074
1620
6074
1562
3838
8787
1786
1687
1786
1732
9960
8869
3262
3251
8624
8643
8624
10089
8624
7374
5492
3846
5492
2092
4033
4755
4033
7501
4033
8251
5497
4215
5497
2329
7744
7378
7744
7752
5386
2847
5502
2288
5502
4077
403
547
5487
7799
5487
2148
6560
9683
6560
2295
5803
3197
424
1
3257
3241
3257
3270
1768
1667
1768
7225
1796
1724
1796
7597
9373
5699
7075
3060
9974
7651
6311
3705
6311
4798
5371
3023
5371
2912
9183
3334
5117
4134
5117
2159
4305
1234
9723
9797
9723
7045
9723
9569
8670
833
1789
9234
1789
1787
1789
1693
5081
4184
5081
2039
5332
2987
5332
9203
3841
2038
3841
8716
3841
3758
3136
5382
3136
3122
1619
9845
1619
4690
1543
1529
1543
1546
1647
8257
4147
8990
4147
9499
4147
8657
6736
5779
6736
9187
370
409
4967
9193
4967
1672
5399
3840
5399
3173
5327
5977
5327
3014
5122
5928
5122
5934
9740
3613
9740
8736
9740
1581
1799
1776
1799
1834
9500
4233
4972
1643
4972
1497
7753
6689
7753
7385
4152
2656
3665
3619
5389
7549
1652
1392
1652
1655
9902
2845
1771
7150
9030
9181
9030
5985
9030
4445
8157
1294
8157
1280
3676
3671
9419
4278
8874
4345
3411
3409
8363
7974
7272
8526
7272
9378
7272
7676
7272
9712
7272
7691
4727
9148
4727
9142
9137
1282
4623
1320
4623
4480
251
250
6883
2765
6883
6332
2041
1980
2924
2851
1960
8986
1960
10081
7431
133
9256
9852
7088
9222
2980
5983
2980
5988
9575
9574
3548
3368
3548
7604
1227
1202
1227
1204
9696
2340
9696
2211
9696
1005
9696
888
9696
948
9696
9089
9696
9099
9696
1180
9696
8193
9696
9086
9696
9096
9696
5198
9696
1611
9696
9084
9696
9094
9696
9082
9696
935
9696
9090
9696
9100
9696
953
9696
1759
9696
899
9696
7444
9696
839
9696
1247
9696
1042
9696
1300
9696
1509
9696
9088
9696
9098
9696
9091
9696
9101
9696
1447
9696
1353
9696
1604
9696
1897
9696
2048
9696
1114
9696
1763
9696
2195
9696
9080
9696
970
9696
9092
9696
9087
9696
9102
9696
1075
9696
872
9696
8717
9696
923
9696
1623
9696
1649
9696
1094
9696
1678
9696
1921
9696
1058
9696
9085
9696
9095
9696
1156
9696
9078
9696
9081
9696
837
9696
2074
9696
7447
9696
9164
9696
9083
9696
9093
9696
8194
9418
9421
7016
1426
8005
1412
8005
1433
8162
7029
8162
1262
5515
2805
5515
6334
6954
812
6954
807
6954
4257
6954
4262
6954
10108
6954
10111
6954
678
6954
693
6954
5656
6954
5659
6954
4259
6954
4256
6954
826
6954
696
6954
804
6954
806
6954
10110
6954
4261
6954
6930
6954
716
6954
691
6954
688
2313
2251
2313
2311
8808
8826
8808
7255
8808
9943
7098
6434
7098
8755
7098
3808
1232
1236
1232
1199
7066
9137
7066
1293
8239
8759
8239
4497
8239
7520
6459
4848
6459
3299
1105
4294
1105
1106
2249
9950
2249
8411
4025
1987
5705
8064
5705
10063
5705
9711
7267
8006
6893
2767
6893
6345
4732
1819
4732
1916
1710
1706
1710
1692
239
238
7433
143
870
864
870
869
3408
3405
9404
9430
4210
3671
7920
7583
10003
8913
10003
8532
10003
7696
10284
10153
10284
10310
1520
3697
1520
1395
2038
1984
5085
2005
5085
2037
7091
3676
7091
3184
7091
2949
7091
3132
7091
2279
7091
3928
7091
2159
7091
6007
7091
3623
7091
9827
7091
9628
7091
2000
7091
9854
7091
3580
7091
3339
7091
2913
7091
4149
7091
2065
7091
9642
7091
3135
7091
2800
7091
2378
1833
1774
1833
1834
6362
2650
6362
2659
7428
7779
7428
698
3551
3539
3679
2368
3679
2705
3679
2648
3679
2091
3679
9590
3679
2465
3679
4774
3679
2725
3679
4184
3679
1829
3679
2315
3679
1867
3679
2607
3679
1743
3679
2416
3679
3667
3679
4852
3679
3627
3679
2472
3679
3613
3679
2039
3679
3242
3679
9619
3679
1670
3679
2182
3679
2134
3679
3847
3679
2199
3679
2891
3679
3125
3679
8736
3679
1915
3679
1947
3679
3615
3679
4191
3679
3149
3679
3047
3679
3273
3679
9587
3679
3598
3679
3704
3679
3018
3679
3089
3679
3677
3679
1581
3679
1646
3679
2326
3679
1751
3679
3645
3679
3306
3679
4135
3679
7496
3679
5291
3679
3225
3679
2202
3679
9832
3679
3133
3679
3011
3679
5425
3679
3582
3679
2922
3679
2619
3679
5061
3679
2905
3679
3181
3679
2736
3679
1597
5955
2402
6514
4870
6514
3612
7069
9861
2246
2261
2246
2245
245
555
6456
3297
6456
9617
8236
9872
8236
9852
7655
8057
7655
8471
7655
10005
7655
4333
7655
10035
7655
8483
8811
6908
8811
8420
7101
4487
3763
3762
6357
3755
6357
4812
6704
9336
6704
8435
6704
9329
6943
1544
7019
9876
6163
1740
6163
1730
5095
3951
5095
6204
4048
4111
4048
3810
4928
7832
4928
1612
9625
3568
5924
1895
218
114
6588
2763
5980
2945
3919
6972
3919
3829
1541
1528
1541
1546
10309
10162
9889
2284
3843
3234
9006
7404
8659
9009
8659
9010
8659
8661
5123
2177
5123
4148
3218
3189
4420
3393
1729
7036
1729
7956
4229
7662
4229
9334
4229
8847
6818
2391
6818
3960
7680
3277
16
642
392
642
643
9719
10033
9719
9986
9719
8467
5249
2450
5249
4176
5313
3007
5313
4217
9888
3236
2705
2493
6566
4097
6566
2353
6598
2773
6598
2754
9396
7746
9718
8025
9718
7297
9718
6910
750
9555
2515
2504
4051
9598
4051
653
4051
6908
4931
1564
4931
1600
4226
833
4226
9562
6591
6353
6591
5295
4585
1174
4585
1194
3993
7005
534
446
534
632
1538
4377
1538
1513
7235
9719
7235
7983
7235
7628
298
297
6925
7367
6925
10060
8504
5687
8504
8515
8504
9584
8504
7320
8504
9988
1726
1704
1726
1684
3916
3096
3221
3215
9009
679
9009
680
3177
3067
3177
3818
8656
7392
8656
4299
4815
2627
6821
4012
6821
7872
9704
9526
9704
3976
9704
7386
3854
7411
9566
10109
8714
2041
8714
1556
8714
1740
8714
8234
8714
1730
8714
2334
8714
1155
8714
1301
8714
1298
8714
9193
8714
2884
8714
1445
8714
1241
8714
1259
8714
3007
8714
8252
8714
2463
8714
1816
8714
1754
8714
2517
8714
2650
8714
2978
8714
9843
8714
1913
8714
8241
8714
2713
8714
3048
8714
2177
8714
9683
8714
2295
8714
2901
8714
2687
8714
1172
8714
2659
8714
8244
8714
1317
8714
2346
8714
1933
8714
2741
8714
5977
8714
1416
8714
4488
8714
8237
8714
8242
8714
1672
8714
9820
8714
3982
8714
4040
8714
9608
8714
4217
8714
3151
8714
2007
8714
4504
8714
1890
8714
6347
8714
3764
8714
4030
8714
3114
8714
2144
8714
4148
8714
4494
8714
8199
8714
1208
8714
4482
8714
2087
8714
3014
6777
7825
6777
7455
3983
8662
3983
9754
3983
9508
4595
1192
4595
9136
6601
9204
6601
2661
9451
867
9451
830
9451
831
442
405
6782
4685
6782
8262
1975
10039
1975
10014
1975
7025
1975
8908
1975
8933
2955
2866
6569
5240
6569
2464
5246
2808
5246
4176
3182
7548
8837
9350
8837
6717
8837
8854
919
912
2847
2825
2847
2824
4644
1435
843
9305
843
8399
5648
3137
5648
3111
7869
7136
9126
1405
5003
1784
5003
1719
139
131
1144
7935
1144
7205
1144
1141
1048
1051
1048
1016
8745
1487
1501
1383
553
187
2735
4812
2735
7484
1964
9956
7901
1400
7196
8808
7196
4304
2056
8765
2056
2053
2056
6974
2056
7157
7168
9894
3076
3038
3076
3075
7948
649
1469
1448
8610
9507
2114
4391
2114
3967
5576
5577
2394
5733
2394
8378
3605
3290
1491
1382
8258
1019
6438
4015
6438
3245
8842
8904
2852
7272
2852
9994
7120
3791
7625
7259
1328
1342
1328
1325
6423
3141
6423
3117
3750
823
3750
818
3750
828
3750
831
145
65
2384
4514
2384
2383
2384
7115
7186
7940
9755
1357
9755
7343
9755
9448
9755
9455
7891
2310
6970
10051
253
252
6150
9145
6150
1756
5772
9239
5772
7935
5772
1142
5772
7149
2992
6842
2992
2853
993
972
8223
1375
5579
3032
5579
9855
5651
7487
5651
7842
2997
2926
1051
1014
1051
1052
9935
2552
2059
9926
2059
3900
2059
9911
7199
3453
7199
3496
1498
1374
1466
1449
2340
2071
2340
9133
3079
3105
3079
4531
8350
7963
9242
7179
9129
1702
7898
1391
7866
9209
7171
3832
7171
9922
854
4292
4653
1576
4557
3428
4557
3439
1367
7345
1367
4282
7951
9940
2173
7014
2173
2166
2173
7902
147
68
916
9302
916
850
916
9951
916
915
1153
1119
8093
7728
9592
2639
7189
5788
7189
7222
1488
1493
1488
1394
4435
962
4435
946
3002
7925
3002
8778
3002
2977
6441
6000
6441
6008
8261
1166
983
971
5767
8270
5767
9243
2987
2974
1331
1326
1331
1327
190
120
9846
7110
8083
8604
8083
7725
8083
4223
3345
3287
1372
7687
1372
4325
1372
8033
1372
8013
1372
7280
1372
4326
9151
1450
563
567
563
238
7888
3396
7888
720
4562
983
4562
1003
6076
4690
6076
4694
1614
1540
9110
1805
6800
2184
6800
4133
4366
936
4398
9377
2576
8300
2576
9777
2576
7564
2576
6753
5394
3139
5394
3981
3200
3832
3200
9922
676
675
1556
1551
9797
7445
9797
9807
3322
3323
3322
3293
4467
1206
4467
1244
8638
5663
2648
5972
2648
7191
2648
3936
8626
7416
5847
1022
5847
1002
9437
7738
5735
8489
1784
1780
8185
1422
8185
6940
4388
4386
4388
1358
5384
7138
1335
7019
1335
7020
1335
1333
1335
7017
3190
3200
3190
4826
10206
10317
7746
9512
8125
7427
154
67
6790
4747
6790
1891
6620
5303
6620
5589
1794
10084
1794
6976
1025
1008
8195
1022
8195
3742
8195
4158
8195
6747
8195
3732
8195
4027
8195
3733
8195
4013
8195
1500
8195
871
8195
8202
8195
1999
8195
1127
8195
2190
8195
4065
8195
4154
8195
3822
8195
4804
8195
1812
8195
8228
8195
3740
8195
6744
8195
3736
8195
3739
8195
8211
8195
3734
8195
3761
8195
4028
8195
3809
8195
4740
8195
8214
8195
7471
8195
1280
8195
3738
8195
1089
8195
8204
8195
3731
8195
4714
8195
3952
458
283
458
528
3281
3276
3281
8453
5852
1022
5852
8211
4472
1285
4472
4094
3317
7200
3317
3274
4105
7715
4105
8593
7593
7212
7593
7256
7593
7254
7697
10030
7697
9993
7697
10031
7697
9441
6395
3115
6395
9879
7692
7702
143
60
4401
4403
8629
7755
5173
3702
5173
4129
5057
1954
5057
2010
3870
1991
3870
3967
2579
8380
2579
8385
2579
2547
2651
2614
5997
3229
4369
1278
8641
104
1559
1496
1559
1548
6734
1317
6734
4494
5992
3099
5992
3187
2772
2615
679
678
5340
2958
5340
2883
6079
5915
6079
7879
3134
7551
3134
7131
3134
9637
5062
2138
1740
1718
10248
10299
4391
4048
4391
1837
4233
100
7687
1367
7687
4283
7687
7695
7583
9918
6385
5987
6385
3790
7702
9435
7749
9515
7749
4266
7749
3721
7813
8741
8865
8046
8865
7327
8865
7670
3278
10050
3278
7723
3278
9470
3278
9464
5987
4527
5987
4818
2767
5292
2767
2766
6002
3214
763
762
430
398
430
565
215
209
215
213
8217
1082
5910
8242
5910
4504
8181
1417
8181
4485
8876
8043
9598
6909
479
297
479
417
2070
2069
2070
1976
7933
7938
3674
3671
3295
3256
3037
8524
3037
9588
3037
7325
3037
4124
3037
8052
9047
1114
133
57
1033
9091
9581
7168
9581
6460
838
837
2926
7187
2926
2917
2231
8387
2231
2230
2231
8368
2231
7590
5633
3132
5633
3046
8290
7241
5537
4228
5537
6349
2020
2025
2020
7999
10287
10160
10287
10148
6709
6909
6709
7300
3285
7607
3285
3327
3285
8336
6956
914
6956
9145
6956
1153
6956
6991
6956
1736
6956
4655
6956
985
6956
4744
6956
2703
6956
4687
6956
4749
6956
962
6956
1316
6956
7478
6956
1599
6956
1756
6956
946
6956
1032
6956
1534
6956
1277
6956
2763
6956
4695
6956
1074
6956
979
6956
9622
6956
1054
6956
4658
6956
4689
6956
1186
6956
1091
6956
4120
6956
5902
6956
2490
6956
1206
6956
1111
6956
4704
6956
2379
6956
2518
6956
922
6956
1472
6956
2081
6956
2275
6956
4167
6956
2348
6956
1444
6956
2155
6956
2301
6956
1021
6956
2192
6956
3932
6956
1825
6956
7027
6956
4641
6956
4157
6956
1159
6956
999
6956
932
6956
2789
6956
1244
6956
2331
6956
4484
6956
1418
6956
4477
6956
4743
6956
1130
6956
4754
9947
2547
7014
2020
485
402
485
162
485
429
9599
2043
9599
4152
9599
3827
9599
1598
9599
1470
9599
9837
9599
1422
9599
3908
9599
2280
9599
1826
9599
4022
9599
4196
9599
4746
9599
3224
9599
4683
9599
4063
9599
3201
9599
6205
9599
3164
9599
6940
9599
6754
9599
9848
9599
3123
9599
4627
9599
2605
9599
4717
9599
6915
9599
9868
9599
2106
9599
4097
9599
3030
9599
1533
9599
6838
9599
1583
9599
2353
9599
4800
9599
4758
9599
3021
9599
2907
9599
8220
9599
3806
9599
2798
9599
3179
9599
3259
9599
3165
9599
4698
9599
5298
9599
3045
9599
1918
9599
8224
9599
2700
9599
4090
9599
2179
9599
6953
9599
2960
9599
1253
9599
2491
9599
3842
9599
1555
9599
5938
9599
9847
9599
1785
9599
2620
9599
6244
9599
2454
9599
1778
8222
8296
8222
9905
5455
3345
5455
3342
209
208
1273
4305
1273
4307
1273
7219
1273
1230
6519
3572
6519
3552
8300
8777
2253
6739
2253
993
2253
2059
2253
4369
2253
920
2253
3891
2253
891
2253
933
2253
1150
2253
5198
2253
978
2253
1192
2253
4139
2253
1225
2253
4693
2253
1645
2253
2356
2253
9148
2253
886
2253
1053
2253
1499
2253
877
2253
9666
2253
839
2253
9143
2253
9152
2253
910
2253
1258
2253
4037
2253
9157
2253
9163
2253
1675
2253
6745
2253
9150
2253
9142
2253
9156
2253
4192
2253
9140
2253
4180
2253
9138
2253
9139
2253
903
2253
1108
2253
945
2253
5927
2253
6957
2253
1131
2253
2252
2253
961
2253
4701
2253
1000
2253
1071
2253
9153
2253
9167
2253
1090
2253
9144
2253
1036
2253
9159
2253
9135
2253
9141
2253
9164
2253
9835
2253
9162
2253
1942
2253
4741
2253
9136
5542
2723
5542
2739
6378
3905
6378
2923
6443
4002
6443
6001
4780
2305
4780
2254
9352
9971
3042
2927
7064
3151
9052
4416
9052
9893
9052
6022
9052
2035
2929
2925
86
348
456
9369
4275
8178
4003
8178
4108
7860
1291
9483
10070
8530
8072
8530
4347
8530
9433
8530
8086
8530
7698
2480
2407
1460
4317
1460
3924
1460
3922
1460
1453
841
6710
2228
8852
2228
8411
8879
8902
8879
8922
8879
4397
6422
3171
6422
4825
6454
7823
6454
3298
8234
7914
8234
7924
8234
7913
2244
6729
2244
2232
9200
1400
7505
9900
6015
7516
6516
3572
6516
4869
9368
4314
9368
4314
6417
3100
6065
4653
6065
7490
3525
3518
6381
4059
6381
4821
7715
4276
7715
7367
6706
8538
1905
1800
6959
8090
2565
9921
2565
2562
4375
4376
4375
4376
665
9517
9004
7388
9004
8658
9004
7757
9004
5660
137
70
3493
7199
3493
3475
6037
3481
6212
2039
6212
5061
9631
3263
9631
9801
9631
4760
10257
10147
8719
7088
8719
9166
8719
8205
8719
7463
8719
7082
8719
7084
8719
8227
8719
7465
8719
7083
8719
7833
8719
9161
8719
7078
8719
8219
8719
8209
8719
7846
8719
7477
8719
8210
8719
8226
8719
8218
8719
9147
8719
7087
8719
9160
520
250
520
532
8547
7342
8547
7342
3859
9905
3812
1898
8643
9506
5231
4087
5231
2362
5926
2174
2633
4141
2537
9944
2537
4521
4360
871
4360
3728
9616
4626
3158
3060
1570
1522
9534
12
2910
2845
2910
2873
9284
7259
8509
8059
6758
3557
6758
5809
7832
1553
401
310
412
400
412
422
5253
2484
5253
5956
3807
2921
8552
9690
8552
3915
7875
1924
6564
3822
6564
3738
2542
2537
2542
2536
10093
5655
10093
7403
6042
3505
6042
9580
10069
10082
10069
7729
6207
5062
6207
2047
9652
4262
3483
8816
3483
9303
3483
7631
3483
7640
3483
9304
7827
3381
4251
114
6245
4767
6245
4086
2455
4806
1475
1454
1475
1437
8506
9407
8506
8910
1724
1660
1724
7620
1724
4008
1724
9286
5480
3550
5480
3580
641
394
641
638
4224
7317
4224
3537
4224
3365
5228
2359
5228
2272
8716
2861
8716
4170
4755
9929
9669
7748
10115
7414
149
10193
10192
10193
10191
3161
3042
3161
3159
3856
1927
5929
6726
5929
2166
5929
8767
5929
7902
8654
9553
8407
8455
6761
3522
6761
3543
3914
7310
3065
4400
3065
7639
3065
9972
3065
9301
7303
9396
7303
8539
7303
7703
135
66
5565
2632
5565
2731
474
332
474
618
3015
2992
4248
108
8412
7274
8412
8010
9445
7354
6730
8020
6730
8426
6730
8414
5244
2713
5244
9608
10328
10133
3323
7617
3323
3280
9668
9669
9668
7368
10192
10190
8427
7301
10014
8908
10014
8908
1456
1440
1456
1478
9413
7331
9413
4197
9413
4213
9936
5681
2476
4517
2476
2440
2069
3967
2069
3956
2069
1962
2069
4330
1514
7275
1514
1368
5762
933
5762
945
5909
1384
1163
4296
1163
1143
2019
1970
2019
7954
2019
4393
2019
9917
5208
2363
5208
3958
7914
9258
8289
9912
1943
1849
4204
10131
1357
9420
1357
8066
1357
7357
1357
7330
1357
9752
1704
3972
1704
1638
8526
8551
8526
8548
2421
9978
2377
2242
4567
1037
4567
1024
7856
1492
7161
1489
2101
7957
2101
8810
4663
8236
4663
9177
864
868
864
9283
864
8370
864
842
3303
3271
3303
3294
5757
3402
5757
3407
8271
7163
443
301
443
542
8432
9336
8432
9453
6710
8670
6710
8110
2382
2243
7323
8566
4572
1057
4572
1066
6833
4802
6833
2437
1362
8458
1362
9948
1362
7298
1362
7656
4779
2303
4779
2105
2091
2027
7038
2760
8299
4542
8299
4542
6520
3551
6520
3573
9845
1589
1954
1883
8529
8062
8529
8062
7812
1606
7859
3079
2974
2940
2974
2964
10009
10020
10009
10051
2016
8357
2016
7954
2016
7969
2930
2925
7493
3307
8286
8318
8286
4619
8880
9399
8880
3537
1893
1878
426
443
426
290
426
526
5906
1616
5906
4502
5211
2337
5211
2256
3832
3067
3832
3818
2418
4200
2418
2419
9024
1075
1459
4317
1459
3924
1459
7270
1459
3922
7158
4216
2066
8389
2066
7960
2066
2067
2066
9282
6232
4758
6232
2179
2098
2016
2098
2018
2479
2478
2479
2392
10109
8130
10155
10150
10155
10318
10155
10137
7483
3138
8296
3694
8268
1343
7807
2342
3875
2058
4776
2302
4776
2082
10008
7316
10008
8523
10008
10026
6227
2127
2088
2014
2088
2073
9756
9599
9650
9183
9650
3136
9650
1647
9650
2651
9650
3295
9650
7870
9650
2336
9650
3951
9650
5103
9650
1790
9650
9171
9650
5201
9650
1830
9650
6333
9650
3305
9650
6760
9650
5957
9650
9186
9650
3188
9650
3672
9650
9180
9650
9182
9650
5967
9650
3890
9650
7868
9650
2972
9650
5928
9650
2595
9650
9168
9650
9169
9650
3565
9650
9173
9650
5303
9650
3974
9650
2746
9650
9179
9650
4878
9650
7883
9650
3328
9650
4747
9650
1891
9650
1911
9650
5589
9650
4761
9650
9194
9650
6000
9650
5934
9650
7862
9650
2711
9650
6204
9650
4771
9650
3596
9650
5197
9650
6008
9650
5316
9650
3148
9650
2895
9650
3001
9650
3624
9650
3020
9650
6250
9650
9174
9650
3610
9650
7865
9650
2943
9650
3088
6960
8026
5035
2008
5035
1955
129
7041
7391
1883
1870
1883
1861
3827
2932
628
564
628
246
628
629
2208
2111
2208
3955
5067
2006
5067
2047
1601
1518
564
568
564
252
3860
3195
8720
8236
8720
7875
8720
2442
8720
5979
8720
7873
8720
4057
8720
4750
8720
9181
8720
2343
8720
2325
8720
7512
8720
7877
8720
7882
8720
2981
8720
5779
8720
3703
8720
5985
8720
7513
8720
1148
8720
9170
8720
2797
8720
7871
8720
4012
8720
2983
8720
4657
8720
3025
8720
3980
8720
3992
8720
6300
8720
9178
8720
7502
8720
7519
8720
3009
8720
2178
8720
4445
8720
4075
8720
2630
8720
4684
8720
5915
8720
4620
8720
7511
8720
4706
8720
2756
8720
7872
8720
9187
8720
7499
8720
4688
8720
2608
8720
6839
8720
3863
8720
5301
8720
4720
8720
1302
8720
4036
8720
4121
8720
9177
8720
4006
8720
4489
8720
4496
8720
7880
8720
6817
8720
2704
8720
7879
8720
7509
8720
2102
8720
7874
8720
1817
9883
9673
9883
8395
9883
8803
9883
2232
5377
2950
5377
9620
5421
3149
5421
3181
5476
3625
5476
3636
4981
1789
4981
1757
5017
1758
5017
7035
9713
7689
8510
8930
2909
2845
2909
2873
2762
2617
2762
8360
1569
1517
1782
1779
6975
1972
4359
877
4359
9157
6726
7014
1925
1881
1925
1900
6538
5103
6538
3974
5382
7188
1591
1588
1591
1586
84
5072
4021
5072
4071
3505
3503
1777
1775
1777
1774
753
4265
753
7771
753
9544
2757
2738
1821
1767
367
446
367
406
5022
1917
5022
1831
8855
8463
3715
8078
7525
7563
9202
7140
7674
4292
7674
700
3933
1516
2211
9108
2211
2132
7295
7303
7295
9753
7295
8527
7295
8916
2906
2836
1598
9881
1598
4505
1566
1573
1566
1503
4356
3408
5479
6015
5479
3640
5418
3206
5418
3180
4414
7143
4978
4117
4978
1755
5974
5976
5930
2170
177
175
177
171
4457
1207
4457
1194
9350
8873
744
743
6541
2060
6541
2152
4535
3199
4535
7202
1588
3717
1588
1504
1588
9276
1588
1515
7285
8899
7285
8884
7285
9992
7285
7754
4462
1245
4462
1209
554
628
554
562
1818
7527
6729
5732
6729
8400
2437
2428
8447
8561
6991
2128
7870
3514
1938
7169
1938
1882
3697
1515
3697
1480
4985
6938
4985
1788
3593
9625
3593
7230
3593
3587
3593
8792
920
912
3692
2410
280
279
7134
9888
8609
9497
8609
7380
1470
1448
2336
2097
8346
7608
7119
3811
3583
3549
3583
3575
4995
1728
4995
1742
3687
10069
7043
3813
7043
9788
536
216
536
408
3702
2171
6848
6843
6848
3971
7001
7000
2442
2436
6464
7098
8452
7695
6149
7866
6149
7834
1575
1461
1575
1549
7278
7292
655
125
2555
2553
2555
2544
6969
2069
6213
2041
6213
2144
3749
8745
3749
1501
3749
1469
3749
2455
3749
1601
3749
1560
3749
4370
3749
2751
3749
1260
3749
2302
3749
2695
3749
3147
3749
1677
3749
2774
3749
3198
3749
1738
3749
9676
3749
5325
3749
1814
3749
9629
3749
1618
3749
4651
3749
4772
3749
4767
3749
2391
3749
2082
3749
1760
3749
4492
3749
1318
3749
2009
3749
4722
3749
1506
3749
5323
3749
1299
3749
4748
3749
7492
3749
4682
3749
3960
3749
4700
3749
7033
3749
3106
3749
4215
3749
2947
3749
2701
3749
2660
3749
2915
3749
4163
3749
2621
3749
4491
3749
2989
3749
2205
3749
2329
3749
4086
3749
1884
3749
1219
3749
5718
3749
3128
3749
4766
3749
6390
3749
3185
3749
2794
3749
1421
3749
1909
3749
5385
3749
2970
3749
5959
3813
2492
3813
1554
3813
3262
3813
5062
3813
2693
3813
1531
3813
2748
3813
2108
3813
1348
3813
3359
3813
6945
3813
4702
3813
9643
3813
2512
3813
1885
3813
4642
3813
1596
3813
1741
3813
3297
3813
5981
3813
2779
3813
3022
3813
3143
3813
2792
3813
2136
3813
1811
3813
2006
3813
2859
3813
4015
3813
2914
3813
2047
3813
5951
3813
2680
3813
1914
3813
1750
3813
4699
3813
2664
3813
6916
3813
3163
3813
5427
3813
2952
3813
6750
3813
2294
3813
3245
3813
1419
3813
2337
3813
1467
3813
1931
3813
5387
3813
4652
3813
3183
3813
9770
3813
2973
3813
2187
3813
6404
3813
5383
3813
1793
3813
2319
3813
2256
3813
9627
3813
9862
3813
2466
3813
3203
3813
9617
3813
9818
3813
2598
3813
4500
6055
7843
6055
7467
8349
7596
3080
3081
3080
4531
2339
5189
2339
6748
4742
1712
2060
5100
7200
7226
7200
8470
8413
4255
6988
2117
156
457
16
5580
2858
5580
9854
1941
3950
1941
6715
1941
1935
1941
9272
8606
9510
9261
4302
9837
2628
9429
6694
9429
7774
7322
3687
7322
1629
7322
8926
568
255
338
333
338
637
9679
2404
9130
1122
3746
6923
5465
3337
5465
3604
4845
3269
402
122
411
557
411
623
4125
3609
1005
9121
1005
975
4737
1902
4737
1813
9701
4420
9701
2929
9701
7493
9701
7483
9701
8203
9701
7843
9701
3753
9701
8738
9701
9165
9701
3765
9701
7467
9701
7845
9701
3248
9701
3755
9701
4812
9701
3360
9701
3113
9701
7462
9701
7457
9701
7481
9701
7825
9701
7836
9701
7839
9701
717
9701
7474
9701
3767
9701
7476
9701
3757
9701
7455
9701
7847
9701
3358
9701
7497
9701
3768
9701
7459
9701
7456
9701
7470
9701
7466
9701
7488
9701
7469
9701
7460
9701
7475
9701
7464
9701
2982
9701
7081
9701
7830
9701
7857
9701
3661
9701
5310
9701
7489
9701
7468
9701
7494
9701
7484
9701
3028
9701
3760
9701
3769
9701
3766
9701
7458
9701
7461
9701
3402
9701
3407
9701
7855
9701
2469
9701
7837
9701
7074
6851
4191
6851
2922
6146
6938
6146
3973
7190
9931
7190
1965
123
6966
4042
6966
7363
6998
8991
6998
8633
6998
8657
6998
754
7054
1584
7054
7816
7281
7284
9678
1990
7317
8641
8105
7373
2263
1964
2263
7281
2263
8003
2263
9950
7116
5953
10204
10311
10204
10240
9428
6694
3199
3037
3199
3938
3199
9970
3199
7638
9590
2640
6799
5926
6799
4763
9109
1347
9240
7948
9240
4268
5336
3021
5336
2960
619
643
6771
9572
6771
5816
125
5437
9868
5437
3259
6652
2900
6652
9687
4093
7727
4093
8628
4093
9509
9571
3196
8664
8121
3898
9952
3171
3096
3866
3289
319
318
4765
2130
8203
3424
3951
1980
5555
2774
5555
2660
6789
5915
6789
7509
3189
4826
3189
3694
1311
1309
1311
1231
3055
3058
3055
2833
2075
2074
3888
7740
3888
8974
1736
1713
325
397
6543
9893
6543
2213
5442
3242
5442
3225
6647
4191
6647
2905
9446
6696
4083
1405
6619
2678
6619
5306
7345
8619
7345
7718
595
313
3869
5665
3869
735
3869
2526
8630
8644
9729
8756
9729
4553
9729
1920
10239
10257
10239
10158
9379
4285
9189
8261
5023
1908
5023
9816
6768
3469
6768
3477
9106
5778
9106
8273
6796
7828
6796
5925
6080
7854
6080
1532
199
587
5339
2878
5339
2959
680
678
3196
6720
3196
9923
3196
9903
3901
2525
3168
8046
3168
7685
3168
7304
1560
1537
4370
9670
3948
5975
9615
7550
9615
7917
9615
7552
2580
8363
2580
8371
2580
2582
2580
7624
9378
10052
6616
4189
6616
2609
9188
5717
1308
1310
1308
1272
7605
9938
7605
8381
7605
7238
7605
1390
9728
1727
9728
3500
9728
1762
5263
2451
5263
2516
600
325
600
615
1739
1706
1739
1690
6554
2292
6554
2349
6403
4823
3186
3185
3891
1801
2465
2448
205
202
6786
1556
6786
8242
3625
3590
7750
7411
127
9401
8557
7993
4173
7993
5736
7993
9989
3235
3190
1516
1519
1516
4506
5822
4554
5822
3439
2474
8364
8051
8545
8051
8969
8051
8959
8051
8564
8051
8981
1454
1459
1454
1439
9029
9134
9029
9154
9029
1041
7854
1374
898
892
866
864
866
863
5597
2605
5597
3030
5693
8634
2979
2934
951
7646
951
965
951
3710
951
853
8524
7335
1706
1686
1706
9885
6905
8592
6905
9447
5592
2622
5592
2606
1959
7383
1959
10083
4911
3152
4911
4148
4206
2656
3097
3093
3097
3091
7221
8811
7221
4051
7221
6708
7221
6707
7916
1307
1381
1370
1381
1371
1417
1328
7177
7209
3092
8325
3092
3066
1093
1065
2361
2341
5781
5782
10128
31
5817
4414
5817
4548
5817
4547
9593
20
7983
7996
7983
7996
9146
1138
7182
2033
1422
1330
3087
3070
3102
4143
3102
7651
1083
1084
1083
1068
2250
2249
2250
2228
10323
10325
888
873
888
9127
5683
10030
5683
10031
8240
1482
6460
3921
6460
3777
5587
2680
5587
2598
9851
7924
5602
6845
5602
2954
8284
9255
7919
8331
7919
3395
4209
2173
10269
10155
10269
10227
9489
105
2014
9931
2014
2013
7843
3463
8048
8582
8048
8563
2976
8424
869
843
869
868
869
842
869
874
413
595
413
359
9964
8995
1709
1667
1709
1662
1956
7539
1956
4745
1956
7112
9363
4250
901
896
901
890
2064
9249
2064
7586
3680
3679
3680
3678
5103
2197
9026
3964
9026
7460
9026
8188
9026
4769
948
9119
948
925
5904
4001
5904
8230
7218
9721
7218
9721
1378
1381
1378
1366
1443
1442
1443
6926
4908
3478
4908
9691
2358
2219
6273
4090
6273
5938
1519
1395
1519
1503
5778
8298
4774
2116
7070
4681
7070
3741
10149
10308
8294
650
8294
4268
8675
9865
8675
8233
9488
106
14
7020
7023
7020
9339
7020
8481
397
11
2725
2668
891
884
7408
137
8660
9531
8660
7767
697
7431
2592
7194
2592
7192
692
10108
2597
2558
5979
2962
3920
1982
2693
2638
6092
1535
6092
1502
5361
2924
5361
4222
6097
7529
6097
9208
3433
3418
4957
1531
4957
1596
3428
3426
7679
3873
7551
5382
4230
7175
4230
4269
1730
7186
1730
7581
1730
7906
557
317
10333
10156
10333
10144
4419
3419
2822
2817
2822
9312
2822
8822
2822
8414
4478
1287
4343
4344
5474
3628
5474
3639
6102
4718
6102
4696
6087
8745
6087
1501
687
4204
8831
9345
8831
8555
8831
8870
2602
4186
2602
2600
6724
1301
6724
1298
702
7415
5250
9875
2683
2589
2587
2592
2587
2554
10125
28
749
7760
2817
5742
2817
8443
2817
8454
2817
9340
1761
1731
2781
2616
813
10122
3655
3629
7763
77
4962
1792
4962
9829
8915
4131
4416
3387
7411
94
10078
3919
10078
7386
10078
7387
10078
8655
1207
1183
5358
7883
5358
3001
4603
1275
4603
1242
4354
6708
4354
3383
4354
6707
4354
9292
4707
1490
4707
1648
1564
1553
2904
2903
10043
8569
10043
9660
10043
8572
7676
10052
3431
3430
6475
3338
6475
3315
1245
1217
7548
8319
7548
6719
7548
3091
7548
8303
4517
7613
4517
8806
4517
7626
4517
8813
3272
7593
3272
3274
9663
2487
9663
4802
9663
6943
9663
9846
9663
1569
9663
2437
9663
1956
9663
1245
9663
1072
9663
2201
9663
1810
9663
1320
9663
1179
9663
6932
9663
4480
9663
2360
9663
1558
9663
2147
9663
1049
9663
8256
9663
1132
9663
9895
9663
4662
9663
1745
9663
1641
9663
2323
9663
2004
9663
2186
9663
2655
9663
4166
9663
7454
9663
1676
9663
9897
9663
4001
9663
1525
9663
9861
9663
1948
9663
2773
9663
2306
9663
2754
9663
1209
9663
1792
9663
9743
9663
1040
9663
1160
9663
8230
9663
3816
9663
2107
9663
1086
9663
1446
9663
1297
9663
4719
9663
1276
9663
1039
9663
3874
9663
9829
9663
2799
9663
1004
9663
9823
9663
9610
9663
5620
9663
1145
9663
3897
9663
2706
9663
1109
9663
1904
9010
10124
10187
10326
5976
2963
4481
1261
4005
2056
5725
8804
4712
1646
4712
7496
8828
10012
1212
1188
1212
1211
746
9560
567
241
1125
1123
1125
1116
1758
1702
8025
1683
2778
3793
2778
7148
2778
4814
3267
7134
3267
9578
3267
3250
4522
9994
4522
2533
9784
9788
6570
5285
6570
2460
237
236
476
636
476
339
1441
1428
2795
2793
860
9671
860
10099
860
8352
441
523
441
231
441
527
8897
8521
10141
10265
6488
4852
6488
3306
8892
8923
4325
9362
5312
3009
5312
2608
8344
1408
6372
2928
2334
2099
7841
1269
7136
2899
6331
4097
6331
2491
8887
8580
8887
8553
8887
8089
6466
3601
6466
3348
6498
3674
6498
3638
7059
7095
7059
8226
8902
9997
9900
3057
5145
6744
5145
3761
5965
7920
5965
7562
5965
5235
2785
2784
2615
2617
2615
2601
10084
9476
10084
9546
10084
772
10084
3927
6153
1738
6153
1760
9502
665
308
307
715
4261
3753
3258
5307
2648
5307
2736
6115
1677
6115
4700
6367
6368
7665
8024
9742
1553
2120
2021
2120
6985
2120
9254
2120
7178
8353
4408
8604
726
7139
3320
622
553
622
184
622
587
622
588
1438
8005
1438
1411
2400
2398
4485
1344
6491
3601
6491
6493
933
924
8167
953
2937
2932
8947
8986
8947
10081
9962
9693
9576
3801
1150
1120
9357
9361
8033
7687
8033
7687
1970
4049
1970
7966
1970
7977
1970
8408
1970
4392
9255
9852
1423
8268
1423
6926
7838
1287
6328
2518
6328
7027
7262
9379
7262
4325
7262
8494
7262
8502
7262
4284
4650
9151
4650
7840
6501
3627
6501
3677
2942
8285
6964
7345
6964
4282
8952
5695
8952
9468
5823
3460
5823
3440
6144
3842
6144
9847
8172
9177
8172
4496
2390
8320
2390
7181
4495
1331
9695
1452
3744
8747
7257
3870
7114
3882
6469
3866
6469
3340
7056
4642
7056
1467
2312
2307
2312
2251
4338
4339
4338
4339
5334
2967
5334
2988
1385
4388
1385
5723
3140
3104
10298
10134
6740
2058
3448
3438
3373
3370
3373
3369
5795
9955
9565
10108
3864
2585
8698
9676
8698
9629
8666
703
585
298
585
417
585
362
4523
2852
4523
7985
4523
8403
4523
8418
5615
8197
5615
2879
10054
8977
10054
9764
10054
9757
1395
9307
1395
1480
1395
9769
2307
2229
2307
5796
3115
3058
8688
2043
8688
4152
8688
9616
8688
3827
8688
1598
8688
1470
8688
9837
8688
1422
8688
3908
8688
2280
8688
1826
8688
4022
8688
4196
8688
4746
8688
3224
8688
4683
8688
4063
8688
3201
8688
3302
8688
6205
8688
3164
8688
6940
8688
6754
8688
9848
8688
3123
8688
2605
8688
4717
8688
6915
8688
9868
8688
2106
8688
4097
8688
3030
8688
1533
8688
6838
8688
1583
8688
2353
8688
4800
8688
4758
8688
3021
8688
2907
8688
8220
8688
3806
8688
2798
8688
3179
8688
3259
8688
3165
8688
4698
8688
5298
8688
3045
8688
1918
8688
8224
8688
2700
8688
4090
8688
2179
8688
6953
8688
2960
8688
1253
8688
2491
8688
3842
8688
1555
8688
5938
8688
9847
8688
1785
8688
2620
8688
6244
8688
2454
8688
1778
71
6559
7817
6559
2296
5785
5786
2965
5978
2965
2885
1734
1705
1734
1725
8135
7491
8135
7851
2145
2143
1790
4078
1790
7155
8669
8670
8669
8671
4341
8551
4341
8548
9657
3722
9657
8097
9657
6687
4283
1367
4283
1367
7637
10012
7637
9968
606
322
606
614
7533
1248
6335
2464
6335
5969
9626
2492
9626
1554
9626
5062
9626
1531
9626
2108
9626
6945
9626
9643
9626
4642
9626
3297
9626
5981
9626
2779
9626
3143
9626
2792
9626
2136
9626
1811
9626
2006
9626
2859
9626
2914
9626
2680
9626
4699
9626
3163
9626
2952
9626
3245
9626
2973
9626
2187
9626
1793
9626
2319
9626
2256
9626
9627
9626
2466
9626
3203
9626
9818
9626
4500
5400
3201
5400
3179
3451
6704
3451
3455
3451
7264
3451
7645
3194
3832
3194
7165
3194
4530
5937
2238
8701
4493
8701
9822
9621
4174
9621
8059
9621
8513
9104
1589
6794
1933
6794
1890
832
3750
832
7776
832
7774
832
716
1620
1543
6556
2279
6556
3931
4293
1063
4293
1052
875
843
875
845
875
881
875
874
7642
1136
1800
1733
1800
1834
6614
9651
6614
2768
8773
7198
252
104
827
826
8691
4492
8691
1318
5942
6988
5942
2347
6784
4689
6784
5902
2823
9958
2823
8809
2823
4529
2823
9966
5390
3106
5390
3128
9395
6702
9395
9405
9297
1966
9297
7278
9297
9391
9297
7650
9297
10036
9297
8836
3184
7548
7011
6969
7011
7031
7011
6968
845
8862
845
9323
333
423
2733
5304
2733
6840
3712
9082
6032
3565
6032
9179
8743
7005
518
253
518
568
518
533
8819
7301
737
8119
5005
1716
5005
9833
8589
1960
7732
9669
4267
6709
4267
651
6658
2952
6658
5387
3522
3514
9294
7251
9294
7251
5160
6247
5160
2080
8571
7726
8571
8602
8571
8605
742
9553
3354
3268
3603
3290
6027
3544
6027
3552
9654
9124
9654
5955
9654
2384
9654
1570
9654
1954
9654
7812
9654
2930
9654
7807
9654
1821
9654
2979
9654
7797
9654
7802
9654
4715
9654
4813
9654
4190
9654
6348
9654
8728
9654
2603
9654
1193
9654
5978
9654
1584
9654
3023
9654
1151
9654
2755
9654
2787
9654
1113
9654
5931
9654
1205
9654
7817
9654
7029
9654
2010
9654
7803
9654
1262
9654
7800
9654
7818
9654
1171
9654
2296
9654
1303
9654
7799
9654
2688
9654
5240
9654
7804
9654
2912
9654
7809
9654
7806
9654
7810
9654
2148
9654
1748
9654
2903
9654
1949
9654
6963
9654
7798
9654
7801
9654
1607
9654
3008
9654
7814
9654
8727
9654
7816
9654
2885
9654
2464
9654
5969
9654
2042
9654
8196
9654
9655
9654
7811
9654
1781
9654
2207
3707
7287
3707
7372
3707
4213
3416
3388
10068
4223
6425
3916
6425
3142
3481
3467
3481
4220
7623
2028
3517
3487
3517
3486
7727
3036
4272
859
4272
10008
4272
8886
4272
7688
9875
7028
8599
113
4431
942
4431
8208
8225
7508
234
233
7008
9678
1824
1764
995
4207
995
7661
995
8457
995
8472
8586
8107
8586
7361
8586
7739
3962
2639
10203
10311
10203
10240
4655
1574
8816
4408
8095
10024
8095
1356
6661
5386
6661
3884
1155
1122
8754
7557
2175
9961
8568
684
8596
8618
8596
10059
8596
8607
4433
960
4433
968
10185
10326
7210
3382
7210
3379
10250
10313
4920
1583
4920
8220
985
975
6830
2524
6830
2456
9680
2590
3478
3464
3343
3285
3343
7166
8085
6966
10314
10320
10314
10324
3419
3393
10202
10201
10202
10319
3230
3231
3230
3178
9430
10129
3957
2644
5424
3147
5424
3198
4428
920
4428
933
9588
4088
8982
3036
8982
9765
6174
1907
6174
1930
1301
9225
1301
7105
1301
7536
6857
5997
6857
3861
9089
2132
9238
958
3774
7579
32
8183
3851
5733
4395
5733
8028
5733
7630
30
3032
2575
1269
1266
1269
5720
8458
9948
8458
9948
6238
4082
6238
5099
9099
1436
7928
8340
6862
3753
6862
7497
6809
7024
6809
2103
1333
4371
1333
1334
9925
2538
9239
4367
9021
5654
9589
4194
9589
5698
8123
768
8123
761
3209
9571
3209
3171
1291
7196
1291
1273
1291
8316
10279
10149
10279
10159
8977
7763
9953
8829
7420
159
1180
5772
1180
9123
8193
8718
8193
836
3027
3971
3027
5988
9354
7294
1023
1008
2160
2139
3908
9733
3908
9929
9215
3054
4103
1429
1528
1494
1528
1527
7229
9694
9071
1247
4680
1432
9733
7183
350
570
350
329
6393
9186
6393
9194
7595
8379
7595
8379
1266
1257
1266
1228
1298
1288
5175
3929
5175
2185
9493
755
9493
7751
539
548
539
244
394
5
9086
1545
6241
4765
6241
6946
8461
5742
9190
9737
9380
710
9380
711
545
175
545
453
545
170
9306
4352
7226
4401
7226
8892
7226
9641
7226
9289
7931
7957
2424
2421
2424
9953
2424
7989
2424
2422
10138
10228
9018
9022
6383
5987
6383
9738
1288
9261
1288
8316
1288
8771
1288
1274
7585
9673
7585
2230
7585
8395
7585
8803
10220
10189
4235
9561
9730
7101
9730
7866
9730
9176
9730
9175
9730
9192
9730
8247
9730
9172
9730
8243
9730
7096
9730
9185
9730
8232
9730
8245
9730
8246
9730
7093
9730
9197
9730
8250
9730
7095
9730
7103
9730
7867
9730
8248
9730
8235
9171
1710
8863
7437
7815
7820
3911
2224
3911
8441
3206
5398
3206
5802
8374
9959
8374
7980
8374
9973
8374
2227
765
764
1531
1483
10235
10171
10235
10242
104
9866
1848
38
9096
1777
9068
923
6806
6991
6806
2192
6700
10068
6700
9700
6700
9438
5889
3732
5889
1127
776
774
776
9548
3293
3279
3293
4406
271
90
7935
4367
5188
2183
5188
9217
8309
7945
1035
1030
4184
2124
2748
2742
9787
7796
8738
3536
5635
2929
5635
3769
1684
1658
1684
1664
5899
4620
5899
9187
9526
7412
10196
10194
10196
10195
9672
4044
3283
4406
3283
8453
48
6690
7746
6690
4246
6690
7376
6690
8642
5453
3603
5453
3347
7646
9356
7646
8856
3341
7525
3341
3797
3341
3796
6445
3354
6445
3329
2111
2110
460
367
460
418
460
269
2255
2237
1694
1688
1694
1732
1275
1249
9521
9550
9521
783
7578
2030
7578
5788
5198
2281
5871
3732
5871
1089
5166
4069
5166
2333
4194
7331
4194
9409
5946
5947
4451
1186
4451
1206
7792
4641
7792
4484
7797
1376
42
8306
2070
8306
9734
8306
9271
5280
9583
5280
2710
779
10115
5191
2266
5886
1132
5886
1109
2672
2665
6634
9619
6634
2891
8741
8236
8741
7875
8741
2442
8741
5979
8741
7873
8741
4057
8741
4750
8741
9181
8741
2343
8741
2325
8741
7512
8741
7877
8741
7882
8741
5779
8741
3703
8741
5985
8741
7513
8741
1148
8741
9170
8741
2797
8741
7871
8741
4012
8741
2983
8741
4657
8741
3025
8741
3980
8741
3992
8741
6300
8741
9178
8741
7502
8741
7519
8741
3009
8741
2178
8741
4445
8741
4075
8741
2630
8741
4684
8741
5915
8741
4620
8741
7511
8741
4706
8741
2756
8741
7872
8741
9187
8741
7499
8741
4688
8741
2608
8741
6839
8741
3863
8741
5301
8741
4720
8741
1302
8741
4036
8741
4121
8741
9177
8741
4006
8741
4489
8741
4496
8741
7880
8741
6817
8741
2704
8741
7879
8741
7509
8741
2102
8741
7874
8741
1817
2751
2744
9649
9461
7622
6714
7503
1522
6013
9201
6013
3329
5169
2191
5169
2209
1640
1385
1640
1639
5949
2322
5949
4516
7802
1252
4140
3916
4140
5997
4140
2757
4140
3655
4140
3448
4140
3522
4140
3578
4140
4107
4140
9623
4140
3861
4140
9814
4140
9586
4140
3597
4140
3937
4140
6009
4140
3543
4140
3652
4140
3004
4140
3469
4140
9611
4140
3459
4140
4045
4140
3316
4140
3511
4140
9677
4140
9839
4140
3477
4140
3584
4140
3996
4140
3994
4140
3499
4140
4009
4140
3223
4140
5964
4140
4104
4140
2381
10010
4336
10010
8512
10010
4337
7787
9170
7787
7874
3338
3335
2108
6741
7617
9309
7617
7245
7617
3275
7617
4350
9648
7009
3523
3483
3523
3485
7713
4147
7713
6998
7649
9344
6063
1468
6063
4656
7581
8339
663
9520
4864
3667
4864
3645
428
642
428
349
5868
1087
5868
1110
5896
7841
5896
1350
5201
2308
4373
9369
4373
4315
4373
7296
4448
9198
5444
7483
5444
4844
2667
2653
2667
2571
1903
1799
9465
9536
2563
5302
2563
8310
2563
9907
2563
4809
5748
5749
3495
7274
3495
8821
3495
3488
3495
9957
4744
1860
2188
2187
2188
9862
2635
2580
2635
2629
8645
7381
8490
8883
2889
2869
7364
7369
7364
1625
7364
3826
5255
2461
5255
2520
7873
2591
2946
2843
8078
1835
8078
7730
8936
7349
8936
7349
3485
8353
3485
8816
3485
3371
3485
7611
1611
5781
1611
9104
1611
7815
1611
5900
9967
7305
9967
7305
2166
9942
2166
8800
2166
4510
2871
2868
2871
8278
2198
2121
2198
2165
9372
5700
3650
3649
2899
8788
2899
2890
978
954
6319
4800
6319
2491
1348
5721
1473
7800
1473
6963
8500
5707
8500
5707
9476
769
2453
7933
2453
2430
2453
8327
6243
2059
6243
9666
8122
9543
8122
761
5751
7267
5751
9327
5751
4351
9811
8282
9811
8284
9811
7915
8330
7610
2191
2172
2886
2870
5672
9671
5672
5653
1072
1060
9349
9367
7152
1870
4753
9228
4753
1920
7972
7988
2280
7154
2280
2258
2280
2259
9602
2389
9602
3218
9602
2997
9602
4653
9602
7832
9602
3235
9602
7854
9602
6740
9602
3206
9602
2946
9602
1351
9602
2352
9602
4697
9602
1254
9602
1917
9602
5962
9602
2522
9602
7858
9602
2293
9602
1582
9602
2622
9602
2967
9602
2305
9602
2807
9602
7480
9602
2888
9602
3005
9602
1831
9602
1698
9602
2157
9602
3124
9602
3146
9602
4043
9602
2606
9602
2452
9602
7848
9602
3959
9602
6398
9602
2939
9602
3180
9602
7826
9602
2133
9602
2673
9602
7824
9602
7853
9602
6722
9602
4660
9602
2747
9602
1612
9602
3756
9602
1532
9602
1406
9602
4509
9602
7482
9602
3968
9602
7850
9602
2254
9602
7819
9602
9603
9602
1858
9602
7490
9602
7828
9602
2988
9602
5925
9602
2777
9602
4490
1260
1255
1022
1009
3063
9654
3063
3835
6316
5963
6316
4009
9348
9367
1067
1048
8434
5703
6254
8260
2444
2436
5667
5668
5563
5300
5563
5299
8081
8588
8081
4014
8117
4211
8117
3721
1608
8241
1608
9820
7305
1966
7305
3997
7305
1963
2868
4522
2868
7224
2868
9277
2868
9278
2896
6752
2896
6751
2896
8278
2896
4816
2201
2050
8939
8954
1017
1027
1017
1015
2949
2838
981
980
981
9358
981
996
981
855
3013
3002
188
187
2169
8772
2169
3824
2169
2115
7967
655
1351
7515
1351
8231
1351
1305
7147
7177
7147
8784
7147
8332
3325
3281
3325
3280
3535
7560
3535
7176
3535
4902
220
113
364
412
364
625
8759
4503
8912
713
8912
5674
9899
3325
6508
3637
6508
9677
5292
5293
5292
5293
1829
1828
1829
1772
5297
2745
7780
1466
7780
4083
6718
8530
6718
4088
3462
3442
273
272
3414
5709
9898
7970
8907
8590
8907
10041
5220
2387
5220
5960
10255
10318
10255
10215
5429
3242
5429
3273
3356
3343
2805
7145
2805
3795
2805
6585
10120
43
4933
3739
4933
1557
3457
3451
3457
3466
9386
10021
6050
3460
6050
4552
9176
7522
650
7948
5302
2546
5302
2562
8540
9454
8540
4334
8540
4335
3978
2541
9881
1520
5287
2811
382
403
382
404
2550
7224
2550
9277
2550
5973
2550
9278
4072
3428
4072
4134
4072
3046
4072
4763
4072
2462
4072
7086
4072
4793
4072
2236
4072
4862
4072
3308
4072
3528
4072
5816
4072
4554
4072
4820
4072
9828
4072
5998
4072
4853
4072
2938
4072
2959
4505
1403
8584
7355
5532
7822
1826
1766
300
295
300
569
6511
3612
6511
3656
2045
4076
2045
1995
4715
4716
8756
1734
4022
3080
6573
2787
6573
5240
8814
8530
6677
6404
6677
5383
7375
7041
7375
8111
1215
9357
1215
9341
1215
1189
1215
4306
6721
3199
10179
10225
10179
10174
174
173
2410
8883
2410
9435
5527
6346
5527
4104
4067
4068
4067
4068
8594
10097
4860
3637
4860
3655
5426
3313
3359
7498
6682
3040
6682
3131
4017
2920
3981
3116
2297
7190
2297
9932
3776
7172
4875
9677
4875
3584
2292
2276
1405
1337
1405
1407
515
365
515
219
515
224
6176
1902
6176
1944
6881
6333
6881
9168
6917
4145
6917
4130
179
178
7251
2569
4827
3200
4035
1402
6922
7901
6922
1668
6922
9247
6922
3958
6922
9243
6922
1442
6922
6924
8379
7985
8379
8403
8379
8418
185
184
3050
2850
9040
1921
10170
10169
10170
10321
9931
9297
9931
1958
131
9686
9870
509
535
509
165
509
450
8518
10112
8518
8543
8518
1203
8518
677
9226
925
2287
2283
2287
2290
5550
2757
5550
6346
8961
7389
8961
9757
2302
2117
2220
2223
2220
4205
9834
9368
9834
9366
9834
8493
2031
9976
2031
7222
7360
1961
7360
1626
8708
5957
8708
5967
9916
5100
4832
3183
4832
3203
9221
902
2429
7625
2429
9284
2429
2418
2429
7600
5805
3197
1810
1765
7073
7500
6878
2280
6878
2353
1264
1256
1264
5719
4303
1211
8482
8542
6179
7895
6179
7531
1545
1529
1545
1546
7248
8468
7248
8016
7248
8442
7248
8448
7248
8009
2532
4046
2532
5740
9084
1524
3779
8726
3572
3561
8477
8895
8521
8934
8521
8566
8521
10023
2426
2423
2426
2422
7224
7242
8958
8989
8958
8631
6804
5930
6804
4760
9094
1261
3567
5751
3567
7243
3567
7604
3663
3653
9165
2503
2028
1975
2028
3930
8711
1406
8711
4490
7755
10087
7755
7392
8376
6936
8376
8459
8376
4162
3204
3176
5410
3191
5410
3205
6270
2086
6270
4773
10229
10314
10229
10258
2527
8114
2527
10098
774
773
6639
2955
6639
4189
8365
1871
8365
1795
1686
1658
1686
1664
6885
3942
6885
6334
5612
2596
5612
4029
10306
10313
10306
10145
4625
7518
4625
6924
3112
9662
6631
4221
6631
3912
4891
3937
4891
3543
4186
8842
4186
7978
4186
5797
4186
9316
4186
8827
7644
1080
5840
4420
5840
7459
331
390
5449
3263
5449
6005
8003
9956
5513
6333
5513
2746
4869
3571
4948
1525
4948
4719
3370
9306
3370
7976
3370
9359
3370
4353
3370
9313
5944
3727
5944
4513
5944
9772
1103
1085
1103
1116
9515
9557
4196
1431
4901
3532
4901
3513
3107
9900
3107
4823
4168
3232
2315
2282
5164
2210
5164
2078
10087
9020
1696
1684
1696
1685
6895
2767
6895
7472
1668
4716
908
9302
908
907
908
849
908
915
10062
8078
10062
4128
5703
5704
4023
9949
5607
3867
5607
2971
9193
1402
7435
152
8304
8326
5352
2997
5352
2988
4189
2576
1689
9884
1689
1685
8770
9871
5083
2038
5083
2162
1747
1680
9546
771
7562
9679
6628
9204
6628
2599
6636
2595
6636
5316
1835
4062
1835
8994
368
538
368
405
5884
1108
5884
1131
4888
3525
4888
5811
1699
1639
1699
4389
5953
8796
9490
4286
9722
3433
9722
4123
9722
2000
5347
2982
5347
3760
645
416
645
388
4199
7285
4199
1198
5446
4002
5446
3296
4951
3713
4951
1490
3765
2809
5894
4478
5894
4138
7557
3293
4866
3635
4866
3673
7653
5732
4898
4892
4898
3526
4171
4172
6165
3889
6165
1791
5093
2043
5093
6205
1671
1650
9892
3116
9471
7401
1752
7001
1752
7156
1752
7004
6945
1651
141
55
911
908
911
896
712
4261
7388
9528
7388
9527
3737
1987
2612
2565
2612
2592
1872
1837
1872
1855
7131
3122
3845
8842
5125
4218
5125
2176
10301
10170
10301
10166
6112
8223
6112
8735
4746
1850
6137
4035
6137
4122
7472
2641
6107
6945
6107
4699
2164
1994
2164
2163
6142
1756
6142
4704
5315
2603
5315
3008
10057
9473
10038
9425
10038
8942
8934
8583
2944
2942
2944
7141
2944
8302
3742
9667
10092
9749
2703
2494
1867
1860
2607
2557
707
4259
7398
6954
7398
6955
7366
796
7366
789
8850
8879
2840
7265
7467
3442
2513
2427
6259
7024
6259
2344
8439
8851
2449
2394
2449
2432
1187
1168
8062
10076
8062
10075
7128
3252
1202
8518
1202
8921
1202
9991
1202
9397
7391
6929
9805
9575
9805
9576
9805
3800
2884
2870
6923
7914
6923
9851
6923
7913
4702
1383
7233
1856
7233
7677
7233
6712
7233
7258
3995
4391
3995
1872
4583
1147
4583
1126
4687
1580
4813
2614
2352
2312
8342
8367
8342
8367
4749
1841
1320
1265
962
940
8990
9754
2894
9636
2894
2892
10017
10038
4692
6935
2446
2438
4697
1397
8436
8883
6256
9124
6256
7807
4593
1151
4593
1171
3985
7089
1197
7285
1197
9964
1197
8032
8057
8068
1192
1164
6314
2480
6314
3830
7401
136
2953
10003
2953
2976
2953
7995
2953
8486
2953
3693
2953
4212
454
181
1973
1968
1973
1972
9000
8659
7369
7409
957
951
957
938
490
382
490
380
490
183
9422
9984
9422
7716
9422
9752
2347
7577
8337
9887
3233
7171
3233
3231
7995
7678
6640
2906
6640
3050
4062
4182
4062
8109
3391
3387
6903
3048
6903
3114
4278
7356
4278
8079
5695
8620
5695
9773
5274
2707
5274
2796
1095
1094
8798
7235
7108
7578
7108
2031
8766
6728
8766
7932
4057
2050
396
12
4870
3561
5450
6007
5450
9699
3401
3400
3401
8253
9420
4153
5839
4418
5839
3415
8618
667
8618
662
8618
7368
10180
10179
10180
10173
7985
8437
5138
6740
5138
3968
1085
1069
1085
4294
4134
7182
4134
5101
4134
8750
10244
10300
8788
2535
8788
2534
5685
8920
1634
8002
1634
6911
1634
8000
1634
1657
3369
9395
3369
3367
3369
7673
3369
8030
7845
7099
7845
4532
7845
4227
8582
9492
8582
10079
8769
1221
1690
1686
1690
1666
4190
2127
7737
8641
3388
9240
3388
8294
3388
4230
3388
9708
3472
3449
4317
3924
4317
3924
5105
4037
5105
4192
9643
1455
4281
4105
4281
3926
6132
4706
6132
7880
6275
2091
6275
4774
732
5669
6694
825
6694
10105
8801
8024
499
536
499
206
499
201
7111
4770
2632
2625
1445
1429
4200
5732
4200
4144
7742
9692
7742
7047
3398
3397
3366
7317
3366
9414
630
310
8621
8656
8621
8658
8577
5667
8577
734
8577
9467
8673
4692
8673
1603
1700
7602
1700
7003
1700
8315
1700
8287
1700
7545
2627
2692
2627
2600
2723
2640
5141
4164
5141
4129
5836
4420
5836
7081
505
370
505
193
6684
3935
6684
3833
8791
4132
9537
812
727
8600
9287
4405
6127
1728
6127
9819
9175
9226
9385
10123
4322
8485
3467
3466
3467
3456
6608
2672
6608
2681
2695
9601
2274
2262
2274
2267
1254
7089
8986
3858
8986
9504
8986
9002
3435
3418
1316
1264
3562
3567
3562
3376
6351
2565
4345
9411
4345
7318
8324
7612
9890
3524
8996
7755
8968
9471
8968
7769
8968
10097
2138
1989
2138
2125
931
916
931
926
8148
1620
8148
1609
10225
10327
2685
2586
9311
6977
236
235
2450
2435
310
75
815
813
9871
7225
10230
10303
10230
10213
6260
2343
6260
6817
9720
2420
9492
3983
9492
749
9492
4235
8440
8874
8440
8469
8440
8019
9118
1289
8913
10040
9166
9211
7765
73
2839
2817
2839
8820
3653
3608
3653
3629
8849
10062
3557
3517
6611
7873
6611
5301
3132
3064
381
403
381
453
9944
8828
9944
9331
9944
9776
9944
8839
9944
5739
9343
7668
5632
3047
5632
3133
8484
10021
4605
7519
4605
4121
8989
8645
8989
9515
8989
9503
1243
1217
1319
1270
6473
4045
6473
3316
6348
2642
4750
1804
121
9082
1384
8494
4283
8494
7334
8971
9517
5627
3990
5627
2969
9225
4303
8846
8501
4003
1345
8151
1618
8151
7492
5723
4386
5723
7635
5723
8381
2836
9902
2836
7573
2836
2820
2836
7180
2141
1988
2141
2125
928
918
928
927
1123
4295
1123
1124
9685
7075
9685
9137
9685
9151
9685
1614
9685
6417
9685
5909
9685
1943
9685
7856
9685
2382
9685
1893
9685
3933
9685
1417
9685
9146
9685
2683
9685
2795
9685
7841
9685
4485
9685
2145
9685
5191
9685
4035
9685
9916
9685
3107
9685
2513
9685
3985
9685
3049
9685
4122
9685
2662
9685
4221
9685
4085
9685
6355
9685
2086
9685
4822
9685
3889
9685
4050
9685
9149
9685
1791
9685
7840
9685
1820
9685
2916
9685
1350
9685
2200
9685
8740
9685
3852
9685
2345
9685
4721
9685
2321
9685
3126
9685
1605
9685
2447
9685
1293
9685
7829
9685
5903
9685
4773
9685
2696
9685
3990
9685
7849
9685
3912
9685
5241
9685
2046
9685
4195
9685
1246
9685
7831
9685
2969
9685
5966
9685
4126
9685
4183
3644
3607
3127
3121
10169
10167
9077
1219
9077
5718
9077
3185
9121
991
8023
8881
7370
9518
8999
8654
8999
9001
9915
3319
2793
2760
2793
2425
792
791
10300
10155
10300
10322
8760
7136
797
7750
797
5689
2512
2427
7779
691
7572
9736
4323
8488
3248
7500
2722
2424
2722
2760
9545
786
1830
9732
1830
1827
3224
3214
561
274
2507
2409
2507
8787
579
234
579
529
579
560
5430
3263
5430
3850
2783
2426
2783
4805
5963
5965
5219
7891
5219
2375
6824
2492
6824
5951
802
10121
10056
6700
10056
10061
5143
4164
5143
4041
8731
9731
8731
8216
2008
1924
787
786
2549
5973
2549
2538
2681
2591
4914
1469
4914
1506
713
676
713
712
713
710
5918
1740
5918
1816
7204
4100
8539
4246
1661
1631
1661
1630
6155
3842
6155
1785
2613
7978
2613
5797
2613
2637
2613
9316
649
130
2717
2716
2717
3947
7663
8019
7663
7669
6049
3472
6049
3479
4856
8317
4161
2190
4161
8198
7567
3548
7567
3574
6113
1671
6113
8735
2406
8374
2406
2405
3755
2762
4483
1354
570
642
570
456
8355
3870
10079
7377
10079
9501
7776
707
7776
9568
935
925
4807
2582
477
308
477
303
477
522
8035
7714
551
629
10197
10193
10197
10190
3251
3252
3251
3236
5882
1153
5882
1130
1425
7814
1425
8196
4859
3655
4859
3652
6046
4551
6046
3498
4812
2649
5825
3431
5825
3425
2409
8374
2409
7613
4493
1304
8536
7700
9531
688
2546
7637
2546
8392
2546
8393
2546
2539
646
9464
8728
1107
2011
9088
5921
1785
5921
1778
9794
3659
5216
2327
5216
2381
2678
2578
1658
8932
1658
9351
1658
9979
1658
1722
5877
1134
5877
1152
4158
2234
9434
8973
5154
9124
5154
7810
3360
3353
9516
8115
6288
2389
6288
2352
1122
1107
1122
1121
1383
1378
1383
1380
8072
8086
8072
8086
9806
9650
1241
1213
5722
9812
5722
9812
9958
8830
1806
1807
1806
1725
5793
7658
5793
1967
6531
7096
6531
7846
972
967
972
956
3375
3370
3375
3376
4525
8802
8022
4292
8022
8495
5512
4038
5512
2752
9583
2783
5613
2597
5613
9778
5717
1146
5681
7341
5549
6348
5549
2755
8067
8577
8067
8956
2918
2874
2918
7566
3113
3110
1081
1080
1081
1070
5406
4022
5406
3123
6298
5946
6298
5195
6266
5191
6266
2345
1393
4384
1393
1363
1393
4381
9039
2048
9233
1030
3049
2849
1117
4272
1117
4295
8380
9939
5507
2701
5507
2794
8017
8569
8017
9660
8017
8572
2430
2394
2430
2418
592
631
592
286
7981
7648
10086
3927
10086
9477
2143
1988
2143
2125
9959
9973
9959
9973
7359
10074
967
957
967
966
8133
9102
2963
8782
2963
8802
5783
5784
5783
5784
2219
2023
2219
5796
10322
10134
295
294
6291
2384
6291
7817
9499
9555
9739
3649
9739
8233
9739
1465
1809
1765
1862
1857
1862
1852
6333
2646
1238
1257
1238
1235
7535
7561
7535
7561
4285
7707
4285
3789
2882
2881
332
388
8932
1629
8932
4131
8932
8077
6528
3757
6528
7464
7462
3492
3780
7573
6180
5019
6180
1910
9738
2994
7356
8983
7356
7720
2877
8752
2921
7566
2216
4187
2216
9924
4674
6963
4674
7814
873
864
873
869
5678
3814
4295
1080
4295
1099
1857
1854
1857
8384
1857
7968
1857
1836
6301
4793
6301
4801
9498
7405
7414
96
1174
1144
1078
1079
1078
1047
8775
1326
2154
9949
289
288
2825
2813
2825
4529
6269
2347
6269
4179
5409
3189
9481
1625
9481
791
7978
7993
3046
2848
598
422
598
321
9036
1180
7457
3633
5546
2747
5546
2777
8927
7364
8927
7365
9600
2644
73
427
534
427
537
427
263
5890
1093
5890
4447
4122
1653
6699
785
6699
9547
8764
3700
8764
3700
6752
9925
1945
1850
1165
1146
1165
1166
6671
7482
6671
7850
3152
8215
3152
6949
5276
2707
5276
2451
4665
1444
4665
1418
3972
6960
3972
9351
3972
5702
3972
9979
3972
5701
3972
8446
8310
8781
4081
5229
4117
1635
6689
725
6689
729
6689
726
6689
730
6689
728
6689
731
6689
8665
3305
7140
3305
4539
8558
8076
5900
7820
3967
8903
3967
9374
3967
3690
1636
4508
1636
1373
6835
3960
6835
5959
7325
7338
1628
10048
3147
3083
9707
7273
9707
8451
4841
3208
4841
3227
4136
3076
6747
2119
5279
9168
5279
2711
636
637
636
423
9199
936
7495
7510
6696
7778
6696
9023
4257
7435
6668
7075
6668
3049
1895
1879
1895
1868
780
10115
4078
1732
9198
1119
7485
2169
4139
1331
5950
2269
1639
4388
1639
1638
9370
8055
9370
8889
9370
9712
3364
7681
3364
7287
5170
5931
5170
2207
3873
2411
3873
3794
8561
8959
8561
9463
8561
9460
5033
1956
5033
2004
9876
1334
1631
7322
1631
8932
1631
9382
1631
9375
4262
9607
9391
7329
10256
10274
7650
7278
7650
7278
6686
7903
6686
7127
1885
1864
5834
3391
5834
4418
4838
3226
4838
5999
9181
1043
6192
1951
6192
1906
28
1314
7632
1314
5680
1314
1200
1314
3696
8984
8624
8984
10080
6197
4750
6197
9178
1256
8383
1256
1200
1256
9266
1256
4309
3792
3074
176
175
2276
4216
2276
2267
3797
7523
8326
5727
8326
7955
8326
9279
77
2890
7972
2890
7634
2890
2534
3622
3589
3622
3618
278
277
6973
10106
6973
6962
8489
8882
3802
4817
10219
10298
7338
7347
7338
3167
3787
3963
3787
2610
3787
3862
1923
1882
1923
1900
9305
7340
3503
3497
3503
7203
6202
1887
6202
1930
2128
2068
2128
8307
8994
5663
8994
8997
8994
7747
9407
4056
8471
8048
6187
5019
6187
1955
10012
4338
10012
4339
10012
10025
9058
1509
8499
6702
8499
9408
8499
8522
755
7410
9865
1510
6320
2514
6320
2443
2900
2841
3713
7125
3713
7538
3713
7122
7523
3318
3617
7211
3617
3619
3581
3564
3649
3606
8853
4031
4642
1405
6867
3596
6867
7865
7293
9386
7293
7689
7293
7304
8486
10003
8486
10003
3935
5384
3935
7109
3935
4068
8329
1379
1142
1123
1142
1143
1259
1255
2279
7154
2279
5192
8402
8459
8402
8882
8402
8860
8402
7282
340
339
8387
9299
8387
8825
8387
5794
1137
1136
1137
1124
9231
1764
40
10251
10333
10251
10256
3646
3607
7341
9692
7341
8087
7341
7047
7341
9993
2131
2126
6872
7485
6872
2213
2834
2817
2834
8820
9926
2033
8844
8878
10175
10323
366
364
9691
3473
7283
9379
7283
8502
7283
4284
4533
4534
8468
10011
8468
7683
8496
8536
22
4637
9143
4637
9156
9061
8194
9134
1012
8392
7637
9216
3084
8397
8434
8397
8017
2170
2101
2170
7201
10194
10190
2950
2838
75
9921
9944
9921
8386
3578
3563
9670
1282
8940
8943
8820
7265
8820
8845
9893
3803
9893
5101
265
264
4983
1753
4983
1783
3595
3276
3595
8409
3595
7247
3595
3586
106
4182
779
4182
780
4182
1627
4182
798
79
456
6
1682
1634
1682
4389
8590
8100
5237
3894
5237
5954
2662
2658
9551
766
7045
7046
1511
1458
1511
1512
9977
9455
4993
4027
4993
9606
3585
3549
6826
2270
259
258
5159
2082
5159
2205
5051
1885
5051
2006
3931
5200
3226
3212
5242
9165
5242
3768
6215
7826
6215
7828
1721
8015
1721
9347
1721
1632
1721
7660
625
557
625
271
625
561
625
558
625
627
625
591
2404
2247
2404
2405
9466
4250
2553
7192
2553
9934
2657
2568
2657
2652
9732
1768
653
8420
8600
9529
4854
8280
5858
1035
5858
1057
1573
1514
1573
9933
1677
1636
6053
3469
6053
3459
9192
4366
4177
4128
50
3815
7110
7911
7186
7911
7581
7206
3090
4916
9149
4916
9114
4221
2567
9382
7322
9382
7322
8415
651
3012
7474
3012
7475
7774
9566
7774
709
10305
10264
10305
10334
10061
7712
10061
10073
1508
9152
1508
4180
4843
5805
4123
7106
4919
7896
4919
7524
5463
3605
5463
8757
2544
2535
2544
9934
576
537
576
262
8534
8935
7209
6729
3007
2566
5048
1891
5048
6204
3928
3291
9525
5684
1003
991
6044
7462
6044
7464
8103
784
1718
1690
1718
7197
537
406
537
632
5861
1050
5861
9880
5156
4057
5156
2102
3229
3228
3229
3178
3420
3385
4218
7908
4218
8312
4218
9249
589
200
589
626
5214
2382
5214
2321
7908
7586
6829
5968
6829
4799
2265
2262
2265
2260
9090
1185
1062
1059
1062
1028
2237
5935
2237
2223
5662
8639
5662
8993
8247
9232
1270
1266
1270
1256
4095
9190
4095
9191
4095
3925
7962
8805
7028
2430
8205
4366
4763
4764
1804
1796
1804
1734
9432
9442
9432
3943
9432
661
3210
3196
2858
2574
6264
2334
6264
2346
2242
2244
2242
9883
4408
9365
4408
8868
4408
9359
1878
1863
1878
7596
5553
2757
5553
2775
5404
3144
5404
7842
5657
9397
8252
8261
8252
5717
2073
2067
2073
2013
1057
1020
9682
9849
6810
2191
6810
2131
9100
1697
3053
3065
3053
2819
4551
3491
4679
1432
7230
9309
7230
7245
7230
7247
7230
9981
7230
9332
7957
9310
7957
2025
7957
3771
7957
9965
7478
1375
7343
7354
2159
2140
4085
2168
10274
10144
10027
9710
7419
158
6545
5189
6545
5195
1179
1165
7712
9700
7712
7725
7712
8602
1922
7597
1922
1838
7522
900
3732
1082
6012
9201
6012
8757
5025
1934
5025
1908
7031
7257
2156
2122
2861
2577
1917
1802
1881
1936
1881
1873
7416
26
1176
1140
10108
8129
4411
3373
4411
7979
4411
8396
4411
4413
6405
4825
6405
4114
4676
3746
4676
1441
5265
2480
5265
4156
383
404
383
453
2214
4033
2214
5129
582
410
582
337
7707
3888
7707
687
7707
7767
7707
9528
7603
9312
7603
8020
7603
8822
7603
8414
7354
9478
7354
3878
9475
8987
9475
8985
9475
9005
2463
2448
5544
2781
5544
2740
4548
4054
272
271
10091
7744
10091
7041
10091
5661
9034
9623
9034
9814
9034
1896
7481
3055
3044
2927
6007
3251
3727
7181
7517
9890
3623
3590
1596
1521
1568
1517
7265
7272
7265
4341
7265
4340
7265
7308
10042
3949
10042
10065
2908
2836
3160
3159
3160
9591
9454
8591
5707
3949
5707
10065
4027
1711
270
629
5354
6370
5354
2998
5603
6368
4358
9157
4358
9141
6760
3536
1107
1098
1107
1106
10320
10171
10320
10242
10320
10242
10088
7385
5416
3204
5416
3223
3103
3102
3103
3068
5481
3578
5481
3937
4976
1673
4976
1757
9563
689
8007
1136
5517
2795
5517
2696
2209
2051
7544
7167
10111
684
223
220
1225
1184
6731
8797
24
8824
8832
1112
1096
4032
2171
5712
891
5712
903
1586
1464
1586
9920
1586
7227
204
203
4725
1816
4725
1913
558
455
558
277
1816
1770
461
268
461
418
2774
2615
8155
8241
8155
4482
5522
6838
5522
2798
8012
5747
1754
7156
1754
7004
1754
7217
6539
2131
6539
6948
9882
3078
1571
4693
1571
9153
2911
2873
2911
7566
5097
2040
5097
1997
2206
2052
4361
3728
4361
887
110
5092
2010
5092
2042
4979
7480
4979
1698
6355
2616
7404
138
7553
3052
7657
8020
4474
1225
4474
9139
5343
5981
5343
2952
5478
4125
5478
3640
246
106
9480
8995
5419
3235
5419
3206
5230
2316
5230
2367
1599
1518
548
554
548
420
3424
3417
3424
3422
5957
2508
7662
8567
6728
9927
4250
109
6536
5062
6536
9627
324
323
5087
3812
5087
4010
1743
1711
1819
7527
46
5102
2197
303
302
5962
7920
5962
7562
5962
5235
1589
1594
1589
1587
9393
8534
9393
9963
9994
9378
9994
7676
9994
2528
9994
8036
1461
1460
1461
9695
1461
9270
2517
2507
2481
2407
8044
9418
8044
8529
8044
8062
10006
815
10006
8560
10006
814
10006
10015
2018
1970
2018
2015
8288
723
8288
3395
5209
6914
5209
6748
7463
4440
840
860
840
834
840
9274
840
835
2707
2500
1863
1857
1863
1853
2354
4081
2354
4016
2603
2559
7214
1360
7214
1364
1374
7214
1374
1379
5908
3970
5908
1617
703
10094
4904
5815
4904
3482
10058
1960
10058
7360
8531
4093
8531
8601
944
926
944
938
2416
2371
6103
1674
6103
4696
7861
9634
9758
5386
9758
4025
9758
5924
9758
2987
9758
2358
9758
2781
9758
3478
9758
3957
9758
3535
9758
3112
9758
2882
9758
3646
9758
2707
9758
2210
9758
3579
9758
9580
9758
5808
9758
3614
9758
3150
9758
1920
9758
4155
9758
3266
9758
5982
9758
2599
9758
2376
9758
2078
9758
4828
9758
3329
9758
2273
9758
3641
9758
2516
9758
5099
7156
7000
2068
2028
2068
6968
2068
9954
2068
6967
2096
2018
2096
5791
2096
8780
2096
7934
10037
8887
6380
2913
6380
4820
7039
3435
7039
7485
7039
3420
7039
4551
7039
7040
7039
2948
7039
9635
7039
3498
7039
9825
7039
3205
7039
6400
8266
6982
8298
1271
5774
1239
5774
1222
2522
2509
4778
2094
4778
2304
10302
10169
10302
10163
6133
7513
6133
7880
9759
8565
9759
5699
9759
7290
2086
8264
2086
2085
2086
7892
2712
2468
3733
1797
9222
1552
2419
8051
2419
4144
1458
1459
1458
1439
7159
2579
7159
7192
2099
2016
2099
2017
8333
4384
8333
1363
8333
4385
8333
4381
2343
2342
2478
2407
9939
5738
9939
5799
4822
7889
4822
7878
4822
3791
2021
1969
2021
2020
2957
2899
2957
4525
2957
3802
2957
7173
2230
7655
2230
5730
9530
8
953
941
8291
721
1977
1985
1977
1937
9253
8779
8180
5961
8180
5943
8053
8547
8053
8069
8053
7342
634
267
1193
1164
5911
9843
5911
4504
5206
2093
5206
3958
4592
1150
4592
9136
8528
8597
8528
3880
7242
2533
6932
2665
7858
9225
7858
7105
7858
7536
4693
6937
2071
2066
2071
2072
894
890
894
882
4597
1195
4597
1158
9932
9941
9932
5795
9932
5794
9932
1965
1982
1940
1982
1978
6775
7467
6775
7455
2962
3802
2962
7173
2962
2898
2962
4524
8301
7206
3175
3097
9693
8927
9693
5687
9693
7710
9693
9584
9693
9988
4817
2890
10127
34
4781
2303
4781
2235
2089
2027
9938
7635
4602
7533
4602
1240
6927
1291
4587
8254
4587
1178
884
883
884
878
4683
1510
7237
6730
7036
1696
601
633
601
327
1183
5715
1183
1167
1183
8790
1183
9269
8269
1476
9726
1394
10224
10263
3899
2501
2650
2614
9891
1232
8640
744
8640
7381
8640
4266
9472
9521
9472
9496
9472
784
5283
9169
5283
2711
9557
17
9376
1659
9376
10048
9376
9985
3453
4229
3453
4055
3453
3488
3453
9957
9310
8001
5341
2935
9186
3058
6766
7462
6766
7847
9108
2169
6798
6205
6798
8224
398
10
9721
3999
9870
3556
805
804
4937
3863
4937
7509
3166
3085
3871
1433
3198
3138
2485
2404
8903
8947
8903
8973
8903
3810
3946
10106
3946
6962
3946
7013
4400
8874
4400
8531
4400
8469
4400
4346
4400
8898
6618
9853
6618
4109
1306
1272
1306
7234
3889
1715
342
389
5293
8360
3188
3095
1741
1718
2495
2473
2495
2475
4390
3950
6788
7812
6788
7806
4942
1568
4942
1563
3635
3621
3169
8865
3169
3168
3169
7665
4013
1849
3949
3907
3949
7050
2325
2291
6769
3477
6769
3499
4334
4335
5338
6915
5338
2960
6582
4228
6582
5285
9448
8095
5523
4113
5523
9842
9111
892
6801
9666
6801
5927
8694
4481
8694
7838
4063
2055
8275
7568
3896
3194
3868
2961
3201
3194
10189
10326
4795
2399
9665
6739
9665
993
9665
2059
9665
4369
9665
920
9665
3891
9665
891
9665
933
9665
1150
9665
5198
9665
978
9665
1192
9665
4139
9665
1225
9665
4693
9665
1645
9665
2356
9665
9148
9665
886
9665
1053
9665
1499
9665
877
9665
9666
9665
839
9665
9143
9665
9152
9665
910
9665
1258
9665
4037
9665
9157
9665
9163
9665
1675
9665
6745
9665
9150
9665
9142
9665
9156
9665
4192
9665
9140
9665
4180
9665
9112
9665
9138
9665
9139
9665
903
9665
1108
9665
945
9665
5927
9665
6957
9665
1131
9665
2252
9665
961
9665
4701
9665
1000
9665
1071
9665
9153
9665
9167
9665
1090
9665
9144
9665
1036
9665
9159
9665
9135
9665
9141
9665
9164
9665
9835
9665
9162
9665
1942
9665
4741
9665
9136
3444
6907
3444
7264
3444
7645
3444
6906
6577
2785
6577
2719
6673
3164
6673
3045
6621
2725
6621
2619
4615
3985
4615
1293
3280
3275
3280
7277
3886
8191
3191
3098
1309
1313
1309
1339
1309
8428
4785
2306
4785
2107
1738
1697
9449
9593
6791
4013
6791
4028
8684
4693
8684
1499
9421
5662
9421
9482
7950
3911
6986
6984
3255
3257
3255
3239
7170
2413
5485
2146
5485
3902
1434
1438
1434
1410
8608
4238
1939
7169
1939
1929
5650
3124
5650
6398
6324
2489
6324
2519
2283
2248
2283
2268
9426
6959
7834
1377
0
2341
7928
2341
8314
2341
2226
2341
9262
8351
9947
8351
9947
1050
1043
9676
2869
5495
4190
5495
7799
9595
148
3748
3749
1330
1326
1330
1327
7279
9373
7279
7290
6148
7834
6148
7477
4823
3072
6996
8615
6968
7257
6849
3877
6849
4059
36
6913
1979
7118
8295
2293
2276
8260
4769
6440
3890
6440
6000
7900
4959
7900
8297
2523
2414
6484
3341
6484
3330
3563
3562
3563
3375
9365
8499
9365
6703
3667
3664
1936
1837
1936
7982
9744
8357
351
394
8611
8989
8611
8631
9267
9923
187
121
7082
9232
9907
7951
9907
9909
9907
9909
8348
8797
8473
10053
1500
1376
2338
2097
4312
9480
4312
4274
4312
6980
493
553
493
186
493
378
5325
2933
6989
8984
10147
10226
4965
3736
4965
4739
3751
3747
3672
8762
3672
4855
517
247
517
532
517
562
4145
7544
4145
9659
4145
8276
6846
5980
6846
5986
1645
1481
6151
1730
6151
1754
7890
9246
6494
4852
6494
5425
6971
5653
6971
10099
7276
1630
1490
1382
5115
2155
5115
3932
4307
8808
574
531
574
533
574
257
6999
1634
7121
7909
7077
2408
10074
9492
10074
10079
5414
3175
5414
3150
4418
3392
4479
7519
4479
1302
3220
3215
5356
7475
5356
3028
3429
3426
6820
5967
6820
7868
7678
10052
7678
8036
1594
1505
1594
1515
6590
2776
6590
4149
5457
7493
5457
3358
7546
3619
7546
3319
4050
2837
486
442
486
242
4930
9742
4930
1567
10186
10185
7409
95
3302
3258
4974
1752
4974
1674
3287
3282
3287
3286
5978
2961
330
392
1584
7820
1584
5782
119
5535
2807
5535
9603
748
9556
8826
9943
8826
9943
9777
8777
3035
9663
3035
4495
3035
8190
9045
1649
1756
1681
3292
4406
3292
3294
3297
3255
2776
2624
1814
1769
6600
9592
6600
2768
8215
1556
8215
2334
8215
1301
8215
9193
8215
1259
8215
3007
8215
2463
8215
1816
8215
1754
8215
2206
8215
9683
8215
2901
8215
2687
8215
1172
8215
2659
8215
2346
8215
1933
8215
2741
8215
5977
8215
1416
8215
9820
8215
9608
8215
3151
8215
2007
8215
4504
8215
3764
8215
4030
8215
3114
8215
2144
8215
4494
8215
1208
8215
4482
216
626
5462
3605
5462
3646
4421
3416
4421
5708
667
9502
7406
154
2663
7164
2663
7208
1907
1833
2567
2542
2567
2541
4377
4325
4377
4323
4377
7280
4377
9639
4377
8462
4377
4326
10325
10327
3527
7199
3527
4409
3527
9264
3527
3820
7613
2410
7613
9959
7613
7980
7613
9973
7717
7360
2204
4209
2204
4005
10050
8616
10050
7728
7549
7568
7681
7372
7681
4197
6415
9216
6415
3150
6067
4655
6067
4687
5359
3019
5359
4819
3426
7221
3426
3380
10106
779
10106
774
10106
787
10106
783
10106
772
10106
785
10106
778
10106
790
7783
4661
7783
3897
9613
7751
9613
756
9613
7374
7507
7889
6017
3663
6017
3669
5981
2945
1540
1528
1540
1542
4476
1178
4476
1224
6072
4688
6072
3863
7722
8608
7722
8652
7722
3998
7722
7756
3532
3494
2572
9947
2572
9294
2572
7251
2572
8351
2572
8359
2572
3720
6534
2147
6534
9743
1759
9129
1759
1636
1912
1801
4382
4383
751
9558
2779
3793
2779
4808
2779
4814
672
8648
8829
8459
8829
8860
8829
7282
6022
4856
6022
4543
7512
2866
69
7793
4483
7793
1415
1477
1478
1477
1437
6247
2054
1521
1403
1521
1520
9486
4242
10236
10317
10236
10178
2457
2449
2457
9259
2457
9260
2457
7938
3550
3539
899
9111
899
885
8046
7327
8046
7327
2978
2934
9172
9227
7090
9577
1958
7323
1958
9391
1958
10036
1958
8905
1958
10023
1958
1963
7825
3430
2094
2088
7154
7158
871
866
946
928
2414
2371
2414
2498
9028
1042
1711
1706
1711
1692
6205
1939
4906
3510
4906
3701
4211
753
4211
747
4211
4146
7921
885
1376
1378
1376
4507
7216
8814
7877
1077
3805
2038
3805
5980
3805
3182
3805
1466
3805
3015
3805
3702
3805
3087
3805
2886
3805
3050
3805
4117
3805
3705
3805
4156
3805
4002
3805
5914
3805
4041
3805
3227
3805
7491
3805
1746
3805
2604
3805
9831
3805
5098
3805
3830
3805
3330
3805
2671
3805
1894
3805
3961
3805
1613
3805
4077
3805
1502
3805
3349
3805
4130
3805
1906
2356
2318
889
709
889
824
889
10105
889
880
5776
1222
5776
1177
8810
7278
8810
7650
8810
8836
8810
1976
7100
3978
6252
2185
6252
5129
8264
7151
2462
5250
2462
8751
2462
8229
1482
1393
1482
1489
7882
1162
8545
8980
9827
9581
9827
3433
9827
3585
9827
2663
9827
3532
9827
3513
9827
9572
9827
5811
9827
3895
9827
3436
9827
3439
9827
2878
2535
8392
2535
8393
2535
5741
2084
7204
2084
7910
2084
7574
2084
4225
6035
4551
6035
7912
9550
782
637
424
637
410
1379
1381
1379
1366
7219
8808
2040
1980
7963
7235
4762
8306
4762
8307
4909
9628
4909
5816
2359
2219
7143
3457
1518
1520
1518
4506
2981
6981
1013
995
1013
997
1961
763
1961
9516
1961
3858
1961
8120
7430
155
949
939
949
927
3017
9688
3017
2876
8049
8546
8049
8928
5663
778
5567
2680
5567
2664
896
847
896
9982
896
907
896
849
868
841
868
7975
868
867
9031
1155
9031
8244
9031
3151
1708
1667
1708
1662
8113
7758
7918
7163
5204
2359
5204
2333
9148
1710
3067
6718
3067
8046
3067
7327
3067
7670
4208
9491
4208
8615
1063
8506
1063
9390
1063
9987
1063
858
3410
3409
3022
2993
353
641
353
328
8405
8410
4757
8772
491
179
491
454
491
380
9149
8337
9149
5780
9149
9873
3072
3073
3072
7609
7034
9479
7034
3826
7034
5689
7034
791
5779
1312
886
878
5572
4152
5572
2620
8699
9079
9885
8427
9885
1631
9885
7266
3840
3194
3449
3446
3449
3940
9629
2575
3513
3504
7627
9297
7723
7376
221
220
9715
7687
9715
8033
9715
8013
6310
2512
6310
2466
3944
7860
3944
898
3944
1441
3944
9730
3944
1747
3944
4095
3944
2156
3944
7834
3944
1239
3944
1222
3944
4087
3944
1902
3944
1177
3944
2714
3944
7821
3944
1866
3944
5958
3944
2003
3944
1175
3944
2362
3944
5943
3944
9924
3944
8744
3944
2092
3944
8272
5370
3022
5370
2973
10067
3885
3164
3061
463
451
463
314
4339
8949
4339
8950
8671
7429
5080
2156
5080
4127
3607
3323
3607
3630
8752
2872
8752
2857
6023
3576
6023
3975
3703
2098
6764
9691
6764
9580
2742
2698
2742
2690
4263
799
6558
7891
6558
5196
7632
1313
1304
1310
1304
1271
9628
3473
8689
1321
8689
4092
1770
1768
1770
8309
1770
8770
1770
8774
8747
863
3612
3570
2737
4074
2737
6345
733
5669
8835
8445
113
2845
2856
2845
2827
312
630
301
631
4336
4337
4336
4337
3953
3954
3953
8198
9230
7579
9690
7358
9690
2525
9690
9774
3347
3287
9522
78
10174
10323
2985
3774
2985
8266
2985
9230
5765
945
5765
961
3446
3444
3446
3456
3894
2427
9671
4256
9920
1479
8696
4034
8668
714
8668
7407
4437
8208
4437
977
10195
10194
6561
5201
6561
5197
63
3352
3351
3352
4851
1365
8002
1365
6911
1365
1360
1365
8000
4555
3436
8686
3026
8686
5989
4442
1040
4442
1039
2995
8764
2995
2854
2995
7556
2995
3700
3884
2843
9317
8007
3315
3312
4107
8271
4107
7028
9415
7359
9415
8970
4580
7821
4580
1175
1436
1434
1436
1413
2370
7613
2370
7598
8197
3781
547
622
547
421
3023
2995
10072
5662
10072
9482
10211
10320
5742
4341
5742
10056
5742
4340
5742
7308
5742
4342
6984
2049
8192
2389
8192
3218
8192
2997
8192
4653
8192
7832
8192
3235
8192
7854
8192
6740
8192
3206
8192
2946
8192
1351
8192
7073
8192
2352
8192
4697
8192
1254
8192
1917
8192
5962
8192
2522
8192
7858
8192
2293
8192
1582
8192
2622
8192
2967
8192
2305
8192
2807
8192
7480
8192
2888
8192
3005
8192
1831
8192
1698
8192
2157
8192
3124
8192
3146
8192
4043
8192
2606
8192
2452
8192
7848
8192
3959
8192
6398
8192
2939
8192
3180
8192
7826
8192
2133
8192
2673
8192
7824
8192
7853
8192
6722
8192
4660
8192
2747
8192
1612
8192
3756
8192
1532
8192
1406
8192
4509
8192
7482
8192
3968
8192
7850
8192
2254
8192
7819
8192
9603
8192
1858
8192
7490
8192
7828
8192
2988
8192
5925
8192
2777
8192
4490
1027
1013
1027
994
9154
7869
9154
5976
9154
8760
8127
814
9579
3238
6489
8721
6489
3600
8973
3723
8973
3989
2000
1926
7836
2612
7141
2824
248
247
577
265
577
634
577
418
65
6326
2455
6326
5959
1337
1333
1337
1338
8187
4492
8187
4491
6994
735
6994
3823
6994
736
1032
1010
6471
4847
6471
3600
8202
1120
9601
9600
5737
4336
5737
8512
5737
4337
5845
1002
5845
8212
117
4465
1193
4465
1205
4112
7736
1342
1324
1342
7992
1342
7998
6853
7483
6853
7845
9843
1377
8320
8328
8320
8328
9578
9579
6499
7830
6499
3661
8132
4180
8132
9159
7058
8234
7058
4482
9812
9834
9812
7992
9812
7998
1990
1991
1990
9995
7839
3409
115
2765
5293
2765
3965
2765
2764
6329
2506
6329
2486
5985
7541
5985
4818
5985
4526
1934
1843
6486
3928
6486
4853
8867
8598
9371
10127
7450
8740
1850
7923
1850
1847
6387
2978
6387
3764
6402
4060
7685
7338
7685
7335
9180
4826
7138
4067
1439
4317
1439
1411
1439
3923
9390
8910
9390
4056
9390
8533
6496
3676
6496
4853
6468
3339
6468
3344
6844
6845
8872
3817
8872
8563
8872
3770
5995
3184
5995
9195
6940
1347
5055
3812
5055
1887
67
6397
9901
6392
3115
6392
3044
7274
9363
7274
9372
7695
7334
7061
2523
6057
3431
6057
9821
9182
7898
9182
5783
9182
5784
4173
6947
1
9392
9416
9392
8924
9392
9412
5401
3224
5401
3201
3450
3446
3450
3940
2557
2545
2557
2560
492
380
492
182
2653
2613
2653
2570
3839
7114
3839
9604
3839
3881
1621
8237
1621
9820
1577
1575
1673
1650
8700
5979
8700
3025
657
8478
3138
3104
3138
9903
5079
3920
5079
4024
1791
1694
4340
4341
4340
4341
9987
10009
9987
685
9987
9023
9987
8914
6738
4502
6738
9844
535
415
4992
1821
4992
7803
5369
3022
5369
2914
4997
1790
4997
9171
3685
7457
3685
7458
6309
3830
6309
4798
1582
1579
662
9518
1769
1768
1769
9871
1769
7945
2562
4186
2562
8386
5233
2356
5233
2252
8690
4065
8690
7471
5391
3147
5391
3128
6062
8219
6062
8248
5002
1736
5002
1825
3274
9621
3274
7254
529
563
529
538
3695
3485
4987
1761
4987
1746
1801
1796
1801
1733
2435
2429
2435
2430
8445
8876
8445
8053
8445
8890
10112
3754
4394
1965
6306
4797
6306
2444
5398
7121
5398
5990
5366
2990
5366
2971
7315
9431
7315
8542
1618
1539
8107
731
5076
4167
5076
2155
3836
8932
3141
3078
3003
2599
3003
9748
1007
981
1007
997
4735
3733
4735
1812
1788
9234
1788
1787
1788
1693
4847
3289
4127
1982
6741
2014
6741
9919
6741
4511
6741
5790
10041
8100
10041
8096
8634
7383
8634
10083
5467
7493
5467
7494
2644
8311
2644
2643
2644
4151
9810
3866
9810
6351
9810
1490
9810
2765
9810
6003
9810
1728
9810
3576
9810
3145
9810
1669
9810
3311
9810
1595
9810
3558
9810
3643
9810
3626
9810
1648
9810
4109
9810
3019
9810
4819
8112
800
267
89
4384
4385
4384
4385
5388
8275
9443
8977
9443
10045
5472
4210
5472
4193
4132
8824
4132
7636
4132
1836
4852
3334
1012
998
1012
982
1798
1776
1798
1803
1766
1709
1766
1773
1494
7262
1494
4377
1971
8441
1971
1967
9922
5749
9922
3818
7347
8971
7347
9458
1151
1120
6645
5325
6645
2915
1846
9311
1846
4160
1846
7232
1846
8388
2369
9735
2369
7598
2369
3699
326
396
4651
1576
4579
1150
4579
1131
4772
7577
7953
1972
1053
1019
9692
9006
9692
9008
9692
9005
9520
80
2401
2400
2401
2406
2401
2285
2401
9745
2077
2072
2077
4225
2121
4084
2121
7271
3057
2823
3057
3039
10176
10175
1999
1923
7446
3637
7446
2332
7446
2327
7446
2361
7446
2064
7446
2937
7446
4140
7446
3204
7446
9892
7446
6816
7446
6346
7446
2951
7446
2184
7446
3905
7446
3109
7446
2958
7446
2708
7446
3040
7446
2775
7446
3142
7446
1896
7446
3977
7446
4021
7446
4071
7446
2682
7446
2923
7446
3131
7446
3659
7446
9908
7446
4133
7446
2002
7446
2883
7446
3432
5557
2662
5557
6355
5653
7432
9232
987
6490
3642
6490
3602
7894
1552
858
8554
858
857
858
9023
9767
9881
4767
1994
6936
8917
9244
9726
5435
6002
5435
3246
1484
4382
1484
4384
1484
4385
1484
1404
7352
9481
7352
9479
8243
4440
1989
1869
1989
1992
5562
2776
5562
2663
2233
8844
2233
8445
2233
2224
6500
4868
6500
3628
8319
7941
7884
3571
2391
3727
2391
8328
2391
9772
3062
6372
3062
5324
2082
2077
244
555
10152
10259
10152
10140
7449
7099
7449
4532
7449
4227
1968
9967
1968
7305
1968
9980
1968
3986
1996
1928
206
205
3723
765
3723
3722
3723
767
3723
9017
6003
3859
6003
7540
6003
8753
7513
1779
1044
1017
1044
1031
3627
3591
1148
1118
4648
9220
4648
1442
5644
3089
5644
3133
2467
2453
9485
8620
6330
2490
6330
2379
10011
8541
10011
8074
7840
1428
4576
1071
4576
1090
2366
2365
2366
2298
2398
2247
1440
5722
1440
1439
1440
9295
7703
646
7703
7728
7703
8642
7607
9287
7607
4404
7607
7618
2118
2019
2118
2022
7944
8795
1913
1804
7164
2572
861
840
861
863
10107
9546
10107
9545
10107
780
10107
9550
10107
9552
10107
795
10107
9548
10107
9547
1849
7923
1849
1847
8254
1144
6434
8768
2472
2458
10153
10152
10153
10310
3632
3325
3632
3630
1986
1952
1986
9727
8316
4302
7612
2839
343
342
2388
2239
6939
4322
6939
4323
6939
9639
6939
9990
6939
8462
6939
8843
1324
5680
1324
4314
1324
3696
1324
8807
1324
8047
4228
3795
4228
6587
6819
2377
6819
2488
5224
2323
5224
9610
3430
3422
3430
3380
6743
9919
6743
4511
6743
5789
3219
5803
3219
5409
1536
1486
4480
7535
4480
7561
4480
8283
3963
6938
3963
3221
3963
1491
3963
2767
3963
3042
3963
9845
3963
9571
3963
3171
3963
4209
3963
4005
3963
2785
3963
1824
3963
1903
3963
3663
3963
7472
3963
4692
3963
2685
3963
1945
3963
4081
3963
2950
3963
2478
3963
2089
3963
2985
3963
1788
3963
3159
3963
1590
3963
3662
3963
9591
3963
4074
3963
9620
3963
4076
3963
4825
3963
9688
3963
3647
3963
2876
3963
4070
3963
2719
3963
4690
3963
4114
3963
9751
3963
9636
3963
4016
3963
2892
3963
4694
3963
6345
3963
2524
3963
3260
3963
3351
3963
1603
3963
1737
3963
1995
3963
2365
3963
3973
3963
3243
3963
1644
3963
3682
3963
4848
3963
4851
3963
2392
3963
1886
3963
2298
3963
2149
3963
2456
3963
3299
3963
6992
3963
3669
1728
1695
3143
3079
9011
8666
9011
9014
3918
2084
8658
832
8658
5672
8658
6934
8658
5679
8658
7403
8658
9562
8658
7759
8658
7407
7410
156
4929
7832
4929
3756
4049
7999
9569
7046
6589
4150
6589
9831
5755
7839
5755
7456
4113
2722
2375
2242
4565
1023
4565
1001
1355
7745
1355
9768
6571
4095
6571
2811
9568
10110
6599
2748
6599
2779
4244
13
5248
2712
5248
5970
8425
8455
8425
7654
7550
8775
4231
4792
4231
3812
4231
6988
4231
1207
4231
3962
4231
4103
4231
1275
4231
2446
4231
2347
4231
4483
4231
9583
4231
1907
4231
6247
4231
1415
4231
6961
4231
2750
4231
4141
4231
4138
4231
2161
4231
4092
4231
1887
4231
4179
4231
9674
4231
1194
4231
3970
4231
2330
4231
2380
4231
4099
4231
9859
4231
1783
4231
4811
4231
1242
4231
1463
4231
2710
4231
3865
4231
2080
4231
947
4231
1930
4231
4010
4926
1564
4926
1617
4046
8500
4046
9388
4046
3686
4046
10022
4046
10046
9381
710
9191
9737
419
408
3825
2935
6586
6587
9731
4765
9731
7503
9731
8254
9731
1178
9731
1087
9731
1224
9731
3804
9731
7518
5037
9162
5037
1942
6225
2169
1731
1696
1731
1699
9008
8664
9886
4387
9886
1361
609
619
609
330
6754
2926
3921
4536
3216
8060
1539
1528
1539
1542
8661
9013
8661
9535
7805
7100
7805
3979
7805
8749
3877
6367
3877
5603
3877
7104
9170
1102
3154
7138
3154
4066
3154
4068
9634
4416
9634
6349
9634
5285
9634
2519
6816
7111
6816
5936
10234
10235
10234
10223
10234
10207
9398
4249
9716
846
5360
2990
5360
4222
2780
2616
9552
777
1760
1679
5042
1998
5042
3879
425
553
425
185
425
371
6596
6838
6596
5298
6568
2705
6568
2465
4253
119
9399
8623
3882
3236
5251
5957
5251
9169
8830
2812
8830
8514
8830
9364
8830
9410
8830
8859
3717
6939
3613
3556
7527
8309
7527
8770
7527
1708
7527
8774
7089
1233
7089
1237
438
222
438
365
438
369
900
901
900
893
3549
3567
3549
3538
8857
8130
3681
7885
2755
2738
3406
8291
3406
5671
8174
1058
6982
2839
1775
1726
1775
1723
9207
1516
3507
3506
10158
10157
6183
1867
6183
5061
2224
8897
2224
10037
2224
2217
2224
8871
2036
7578
2036
7183
7426
101
10066
742
10066
8988
3783
9841
1927
1901
1927
1929
6977
1630
7021
1181
5015
1826
5015
1918
8862
9595
8809
9958
8809
9958
7099
4198
7099
4198
8238
1346
7532
8769
6458
3847
6458
5425
3722
6973
3722
3946
890
889
890
847
890
9308
890
9982
2248
2249
2248
2227
1932
1843
7071
5198
5375
4822
5375
4050
3793
4815
311
630
302
76
6193
1905
6193
1950
5065
2004
5065
9897
3512
3494
3512
3504
9753
8909
9753
8937
950
8907
950
8911
7429
6971
10184
10225
10184
10176
3678
9618
3678
3668
9698
3403
9698
6914
9416
6698
2360
2341
4910
3478
4910
6733
8393
5801
9334
8595
2039
1982
380
403
9933
7275
9933
1453
1380
5723
1380
1366
7220
9974
7220
9974
3409
7919
3409
8288
3409
3406
3409
7886
10277
10298
10277
10300
7302
8064
7302
3988
7302
8056
7302
9711
4537
4538
834
8322
4633
1259
4633
1317
7287
4247
9681
9680
7086
7091
9259
8327
1133
1102
9431
4252
3546
3695
3546
7094
3546
3545
10252
10309
91
82
8050
7356
8050
8079
9699
9581
4455
8252
4455
1208
7018
9876
8383
4308
2251
2228
2251
8368
2251
7590
6461
5426
6461
4846
8241
1574
8806
3692
9258
8344
7068
7021
7068
1195
7096
9207
222
221
5780
9887
4542
3617
7292
10014
7292
5693
7292
10058
7292
8102
7292
4102
6374
3825
6374
2998
7297
9962
6863
3866
6863
6010
4332
8589
4332
7717
4332
3688
7667
7301
7563
3285
6081
7478
6081
1534
5305
2669
9623
1895
6117
1641
6117
1676
6365
3013
6365
4109
8639
7418
4371
9936
4371
1197
4371
4312
4371
4311
717
122
2649
5972
2649
7191
2649
8335
2649
3936
2581
8363
2581
8371
2581
2582
2581
7958
2617
2692
2617
4020
681
10118
2713
2468
3900
7153
1561
1559
10036
3997
4399
8851
2787
2721
5967
2397
469
280
469
525
783
782
2802
8723
5147
3918
5147
6248
8631
7749
8631
3726
10326
10327
9507
89
8885
7328
2503
2497
2503
2434
2622
2587
3890
3189
722
123
7751
4234
633
641
633
395
6122
9173
6122
9174
4327
7283
7672
9434
7672
9389
7672
7699
7672
7684
7672
7694
8895
10120
102
4389
3972
4389
1638
2797
2722
5152
2104
5152
2065
3276
7295
3276
9589
3276
9999
475
522
475
305
793
3854
793
10115
793
755
793
10113
793
757
793
762
793
786
793
771
793
761
793
758
793
782
793
777
793
10114
793
770
793
4234
793
766
793
773
5972
2629
2792
2783
5074
4071
5074
2002
6078
7856
6078
3933
6770
5815
6770
4552
5364
3015
5364
3961
2578
2548
2578
2588
6304
4793
6304
2378
4396
9998
3950
1856
4368
1163
7255
4026
5873
7877
5873
7874
1558
1550
678
10130
3170
3168
3170
7293
2646
4807
2646
2697
2646
8311
2646
8338
8636
9498
8636
8998
8636
4286
4497
4498
8628
7765
4492
9184
108
34
3834
4232
3834
7288
3279
3275
3279
7277
4386
8510
4386
8534
4386
8515
4386
9963
4386
7314
4386
3698
7748
7753
7748
7384
2935
2936
2935
2835
1764
1708
1764
1773
8945
9012
8945
8962
8945
7049
4803
4804
8165
5964
8165
2381
4487
1343
1310
1309
1310
1231
4502
1591
963
940
8137
1491
8137
4692
5802
7174
2147
2141
10321
10162
5787
8349
2967
2962
7169
1922
7169
1935
9131
1895
5503
2289
5503
2316
1844
1808
1844
1839
8013
7671
7949
8376
7949
7643
1496
1503
1496
1371
1468
1448
7896
1541
7868
8766
7868
7115
2305
6727
7201
2175
7201
7957
7201
8800
7201
8373
2061
2034
2061
4169
1392
1362
1392
1361
3117
7119
3117
6686
1049
1043
7444
902
1113
1083
313
15
3081
3077
3081
3075
1397
1388
1397
1386
5617
2886
5617
3961
9848
7542
9848
7124
9848
1305
5713
904
5713
3729
918
911
918
921
9573
53
8063
805
8063
8667
8063
7348
8063
4318
5581
9854
5581
2679
5649
3981
5649
9879
1940
8791
1940
4390
1940
1935
1486
8333
1486
1489
7280
8494
1329
1342
1329
1325
5792
5793
6934
7772
6934
5656
6934
4271
2972
7137
2972
6368
8142
871
8142
3740
297
296
2152
2124
5797
8468
5797
8016
5797
8442
9849
1841
6439
3246
6439
3264
8259
7543
5622
2605
5622
2620
7191
5972
7191
5972
7886
8291
7886
9241
1402
1387
1402
1389
6850
5989
6850
9687
1387
7605
1387
1359
3122
3101
462
319
462
623
462
357
7453
7538
7453
7092
8923
9432
8923
5696
5646
3113
5646
7488
1046
9349
1046
9348
1046
9343
1046
1014
10005
8505
7899
1482
9128
913
1994
3995
1994
1880
825
10109
1471
8213
1471
4681
9872
1434
9491
7422
9312
8461
6990
7582
7198
3237
7198
3213
7871
1182
7166
3327
7166
7588
214
213
2058
8350
2058
2066
2058
8785
2058
7939
1499
1376
7946
7015
3078
3105
3078
4531
921
916
921
908
2873
2856
2873
2857
10226
10132
9470
8610
6342
2700
6342
2454
2364
2221
5578
3864
5578
9855
1853
6714
1853
1871
4574
1067
4574
1088
877
870
7889
7905
8314
9912
5935
1973
5935
5933
5935
9664
5935
5932
1984
1940
1984
1978
8256
976
6436
6003
6436
3850
9817
3676
9817
3525
9817
5926
9817
3428
9817
4134
9817
3585
9817
3931
9817
4123
9817
3928
9817
2858
9817
6007
9817
3623
9817
3166
9817
3896
9817
2776
9817
3532
9817
3550
9817
3513
9817
9628
9817
9699
9817
9854
9817
2679
9817
4793
9817
9195
9817
3580
9817
2702
9817
3339
9817
2104
9817
9572
9817
2236
9817
5811
9817
2654
9817
4862
9817
3308
9817
3528
9817
5816
9817
3895
9817
4554
9817
3436
9817
3439
9817
2878
9817
5998
9817
4853
9817
4801
9817
9642
9817
2938
9817
3344
9817
2959
1326
9834
1326
7992
1326
3724
1326
1323
6337
3822
6337
4804
882
845
882
889
882
9308
882
881
7635
9755
7000
1637
59
7188
3077
7188
3059
484
450
484
385
484
166
1489
1493
1489
1394
8508
10011
9930
2245
1534
1485
6912
1358
5585
2611
5585
2689
6759
6760
10264
10144
5226
2483
5226
2373
5931
2172
573
568
573
531
573
254
3159
3060
3085
3053
3085
3069
9666
2130
8718
840
3242
3234
3858
3946
3858
9543
3858
768
10190
10189
9532
14
2210
2051
9604
7128
5815
3464
9220
1450
4053
3380
507
447
507
429
55
1415
1329
7175
724
10100
784
10100
7761
10100
5661
10100
788
3095
3092
3095
6719
3095
7941
3095
8303
6907
8482
6907
9431
6907
6705
5595
2604
5595
2684
352
351
6540
9214
6540
5099
4246
102
3237
5749
3237
3232
6123
1675
6123
4701
9185
9211
9277
4520
8511
8517
3463
3443
3463
3458
9375
8901
4980
1761
4980
1755
6584
9165
6584
3765
2623
2587
2727
2726
4044
10066
4044
10085
4044
8992
4044
8976
9725
1266
723
8331
4924
7894
4924
7896
5928
5929
8721
8317
9619
5317
1600
1518
8573
9495
8573
9457
8573
7738
6814
5934
6814
6250
5229
2231
5229
2307
8677
9643
8677
4652
3156
6372
3156
3154
3861
7128
3861
3882
5420
3125
5420
3149
3214
4535
3214
3213
6756
5808
6756
3554
6594
2753
6594
9842
1820
1767
2732
5304
2732
3892
4313
1322
4249
110
57
7733
7741
9618
2368
9618
2705
9618
2648
9618
2091
9618
1829
9618
2416
9618
2472
9618
3613
9618
2039
9618
9619
9618
1670
9618
2182
9618
2199
9618
8736
9618
1947
9618
3615
9618
4191
9618
3149
9618
3047
9618
3018
9618
3089
9618
3677
9618
2326
9618
3645
9618
3306
9618
7496
9618
3011
9618
5425
9618
2619
9618
2736
9618
1597
8682
4651
8682
7492
1590
1587
839
836
5210
2338
5210
2090
8917
4334
8917
4044
8917
8591
3657
2772
3657
2060
3657
4206
3657
3267
3657
2889
3657
4827
3657
4870
3657
2723
3657
3347
3657
2375
3657
3825
3657
3051
3657
3651
3657
5807
3657
5812
3657
5196
3657
1919
3657
4176
3657
6746
3657
2506
3657
4064
3657
3333
3657
2183
3657
3174
3657
6370
3657
3111
3657
2611
3657
3656
3657
3879
3657
3638
3657
2335
3657
3529
3657
1762
8881
8569
8881
8603
8176
1416
8176
4488
9366
8047
3404
3403
3553
4545
3553
7142
44
9482
4062
9482
8993
9482
8637
2815
4080
2815
2816
2815
8840
2815
8838
2585
7159
2585
2554
685
10111
7424
24
2034
2030
2034
9976
2931
2930
2226
5793
2226
5729
6085
4718
6085
4691
9880
1062
612
645
612
343
10294
10250
10294
10304
6961
2171
6518
7884
6518
3573
3662
3609
4955
1500
4955
8228
7040
3551
7040
5987
7040
8222
7040
7827
7040
4845
7040
3625
7040
2390
7040
3419
7040
3435
7040
4856
7040
2678
7040
3420
7040
7861
7040
3191
7040
4847
7040
7884
7040
9863
7040
5295
7040
2303
7040
3476
7040
2235
7040
2879
7040
2350
7040
2105
7040
3144
7040
2035
7040
5996
7040
2062
7040
3573
7040
5820
7040
3636
7040
2489
7040
4892
7040
9877
7040
7133
7040
7912
7040
5806
7040
3205
7040
3600
7040
3310
7040
2213
7040
2460
7040
3427
7040
3526
6379
3764
6379
3014
8922
8552
8922
4336
6095
8240
6095
1602
2595
2555
6708
8413
6708
7312
6708
6908
695
7405
6482
6009
6482
4045
2229
5795
2229
9299
2229
8825
2229
5730
8878
8496
8878
8501
1252
1232
1252
1237
9073
7444
3265
3786
3265
4165
26
2100
2016
2100
2017
7160
3497
8027
4340
8027
7326
9854
2564
2420
8917
2420
6997
3544
7094
3544
7129
1127
1103
9675
4199
3123
3118
7084
9207
341
332
341
416
10071
4112
10071
7361
10071
9474
9425
8083
9425
8571
9425
8575
2928
2828
2928
2831
836
834
836
835
9327
9971
9327
9971
5623
2595
5623
5589
8179
4485
8179
1350
5727
8815
4007
827
4007
817
4007
822
4007
830
53
52
8032
7742
6958
8731
2090
2027
4515
7585
408
621
1247
1185
1247
9120
6521
7469
6521
7468
9596
132
6477
3340
6477
3311
8270
958
5732
8872
5732
8031
5732
4047
4012
7116
4012
5952
4012
4011
6376
3018
6376
3011
4705
1654
6711
7400
6711
6978
6711
6979
1205
1182
9143
1306
8804
1665
1132
1115
7094
3515
1042
9105
1042
1010
9152
1455
1277
1249
8991
9761
8991
9754
1321
1265
6447
3267
6447
3355
5642
3158
5642
3108
2257
2237
7390
7764
294
85
6346
2642
6609
2778
6609
2672
250
249
7942
2536
6452
6463
6452
3363
5637
3935
5637
3041
5533
6350
5533
2810
9001
8117
9001
743
9591
6402
9591
6397
9591
8758
8464
8891
2262
8794
2262
7952
2838
2820
2838
2844
926
937
926
8423
926
850
926
9951
8848
8023
8848
8044
8848
8474
8848
5704
1282
8321
1282
7532
1282
1268
9043
1604
3033
6952
3033
6951
9241
5671
9857
2665
1037
1029
9119
928
9570
9882
3574
7211
3574
7604
7937
1325
560
235
8213
1435
8969
8980
7400
8669
7400
10092
2139
1989
2139
9949
2139
3831
9324
7662
8149
7812
8149
1607
550
411
550
552
2665
2572
2665
2653
6606
6932
6606
3816
487
239
487
442
487
567
6413
9195
6413
3135
8988
9001
8988
704
6349
2641
7615
7032
1318
1270
7785
8227
7785
4913
9168
2720
7130
7593
7130
7198
193
192
571
442
571
368
571
243
9400
6970
9400
8568
10232
10237
10232
10209
8966
8983
8998
9004
8998
8112
8998
8647
8851
8514
8851
9364
8851
9410
8146
9806
2124
8308
2124
1993
2841
3780
2841
7180
2841
2821
2136
2132
7334
7707
7334
3789
217
626
10233
10149
10233
10159
9116
9183
9116
3136
9116
1647
9116
2651
9116
3295
9116
7870
9116
2336
9116
3951
9116
5103
9116
1790
9116
9171
9116
5201
9116
1830
9116
6333
9116
3305
9116
6760
9116
5957
9116
9186
9116
3188
9116
3672
9116
9180
9116
9182
9116
5967
9116
3890
9116
7868
9116
2972
9116
5928
9116
2595
9116
9168
9116
9169
9116
3565
9116
9173
9116
5303
9116
3974
9116
2746
9116
9179
9116
4878
9116
7883
9116
3328
9116
4747
9116
1891
9116
1911
9116
5589
9116
4761
9116
9194
9116
6000
9116
5934
9116
7862
9116
2711
9116
6204
9116
4771
9116
3596
9116
5197
9116
6008
9116
5316
9116
3148
9116
2895
9116
3001
9116
3624
9116
3020
9116
6250
9116
9174
9116
3610
9116
7865
9116
2943
9116
3088
9473
10077
9473
9494
7795
9602
9169
2428
929
918
9054
1005
9895
2061
7109
4066
8799
8805
7823
3313
4279
8050
3386
3384
3386
3417
6203
7904
6203
7895
3502
3504
3502
7203
3487
3373
3487
3374
6664
5349
6664
3157
2642
2580
2642
2636
5257
2522
5257
2452
8652
9519
8652
739
3803
7162
8771
7196
4170
5980
4170
3182
4170
1466
4170
3134
4170
2480
4170
3015
4170
7859
4170
2906
4170
1818
4170
3702
4170
4083
4170
3087
4170
1761
4170
8743
4170
3341
4170
2886
4170
3050
4170
4117
4170
4145
4170
1561
4170
2257
4170
3705
4170
4156
4170
4002
4170
5914
4170
3208
4170
7852
4170
3336
4170
4164
4170
2162
4170
4041
4170
3227
4170
1951
4170
7491
4170
1746
4170
4098
4170
2604
4170
7851
4170
4150
4170
9831
4170
5098
4170
1535
4170
3830
4170
1755
4170
5986
4170
3330
4170
2684
4170
7844
4170
2288
4170
2671
4170
1894
4170
3961
4170
1613
4170
4077
4170
8732
4170
8221
4170
3162
4170
1502
4170
6001
4170
4798
4170
4129
4170
3349
4170
4130
4170
3296
4170
1906
9274
8352
9274
10102
4950
4720
4950
7879
3396
721
3396
5671
3368
9759
3368
7279
3368
7675
3368
8875
5139
6739
5139
6745
910
900
4074
2666
1670
1635
8789
7612
8619
10121
5838
7459
5838
7456
4834
3210
4834
3193
2637
5735
2637
8879
2637
7643
2533
5741
2533
2528
8543
8951
10237
10210
10237
10171
8647
799
5262
2446
5262
9674
3492
3493
3492
3474
3497
4410
3497
3489
12
6033
3522
6033
3994
7145
9913
3327
7226
3327
8470
7965
6725
10182
10225
10182
10176
4890
3550
4890
5811
9700
9530
6630
5323
6630
2621
1015
995
1015
1007
8115
7420
18
7307
6941
3389
3387
5665
4240
4276
9549
4276
808
10205
10236
10205
10177
1065
1048
1065
1064
10104
679
10104
9559
433
237
433
529
433
521
8796
8378
8796
2245
7106
1952
7106
9727
8768
8773
8554
7436
8403
8418
8403
8418
4900
3531
3371
9365
3371
3372
3371
8868
3371
9359
9523
9545
9523
787
8616
8106
3332
3314
10183
10175
10183
10182
5841
9176
5841
9161
5136
7485
5136
2062
8786
8798
9260
8327
9607
139
1624
7041
3399
8201
7312
4254
9496
7414
3515
3486
7725
728
9736
2409
6427
3143
6427
6404
9814
9826
9814
4052
1236
1234
1236
1201
1811
1765
852
9381
852
7306
6526
3553
6526
3577
3705
2502
6289
5201
6289
7868
6025
3546
6025
3553
5012
9231
5012
1919
8710
4489
8710
4496
7358
4239
6432
4827
6432
3849
10217
10156
10217
10238
4265
750
5676
5677
2218
7950
2218
5792
2218
9265
2218
2023
5411
3192
5411
3844
1076
1079
1076
1047
6271
2334
6271
2087
9303
8008
8520
10125
9863
2574
6299
2416
6299
2472
735
5664
5007
3889
5007
1820
9038
1113
9038
2903
9038
8727
3048
2849
7976
8419
2843
2844
2843
2821
8833
8878
10081
9002
10081
9511
5548
2693
5548
2748
4544
9251
2919
3774
2919
6982
2919
2874
847
9716
847
8421
3955
2051
6286
2349
6286
2387
4662
9811
9351
8915
7250
9975
9809
4797
9809
5930
9809
3866
9809
2255
9809
2444
9809
3013
9809
2944
9809
6351
9809
3127
9809
2877
9809
3713
9809
3935
9809
6826
9809
1819
9809
5102
9809
2481
9809
3899
9809
5341
9809
3635
9809
1490
9809
2040
9809
3840
9809
2765
9809
6003
9809
1728
9809
1932
9809
3955
9809
2322
9809
3576
9809
3173
9809
3340
9809
2158
9809
3263
9809
6005
9809
3145
9809
1669
9809
1916
9809
3975
9809
3833
9809
3559
9809
3311
9809
3941
9809
3566
9809
6010
9809
4516
9809
1742
9809
1595
9809
3850
9809
1953
9809
2634
9809
3673
9809
9853
9809
3041
9809
4760
9809
3643
9809
3626
9809
1997
9809
1648
9809
6332
9809
4109
9809
3019
9809
9819
9809
4819
9809
2758
8102
3762
1162
1163
1162
1142
6529
7103
6529
7087
8087
9475
2182
2173
987
988
987
973
1808
1807
1808
1707
8232
8269
7024
2099
1002
987
1239
1214
2983
2919
5763
9199
5763
934
604
616
604
329
6880
4038
6880
2786
2030
7233
2030
2029
9808
4061
7361
10088
7361
7736
2177
5929
8092
7731
8092
659
9582
4792
9582
1498
9582
3812
9582
6988
9582
1093
9582
4478
9582
1207
9582
1564
9582
3962
9582
1023
9582
4103
9582
1035
9582
1275
9582
2446
9582
2347
9582
4483
9582
9583
9582
1174
9582
1057
9582
1907
9582
6247
9582
1415
9582
1600
9582
1321
9582
929
9582
7555
9582
2750
9582
4141
9582
4138
9582
1530
9582
2161
9582
4092
9582
1887
9582
4179
9582
9674
9582
9746
9582
1642
9582
1001
9582
960
9582
1066
9582
1194
9582
1753
9582
3970
9582
2330
9582
1128
9582
2380
9582
1617
9582
4099
9582
4447
9582
1717
9582
1783
9582
1154
9582
984
9582
4811
9582
4659
9582
1242
9582
1463
9582
968
9582
2710
9582
3865
9582
2080
9582
947
9582
1930
9582
4010
2221
2226
2221
4205
2916
2909
1157
10006
1157
9402
1157
8507
1157
10007
8097
8632
4657
1475
6296
2292
6296
2363
6268
2275
6268
2348
4553
3450
4404
4405
5408
3173
5408
3145
1874
1855
1874
1838
7979
3369
2854
7218
2854
2840
2854
9721
2854
2855
1363
9755
1363
4383
1079
4293
1079
1046
631
294
631
569
7474
2896
3051
2850
9041
9146
9041
3126
8960
2527
997
4207
997
7661
997
996
997
855
9956
1958
992
967
992
982
8227
8269
5551
2630
5551
2756
5679
702
5679
4273
2993
8764
2993
2854
2993
7930
3249
8192
3249
7795
3313
3317
3313
3272
6720
6721
7778
686
3025
2995
8975
8625
9518
81
6510
3661
6510
7468
5044
9178
5044
4036
504
370
504
191
504
196
3924
1412
6048
5817
6048
3479
328
395
523
539
523
448
2548
9947
2548
8351
2548
8377
2548
8359
8538
6692
8538
8567
5919
1814
5919
4722
3980
1714
4463
1205
4463
1303
8726
7486
1504
9920
5843
9175
5843
8205
648
4245
4214
1998
4214
7891
4214
2772
4214
3674
4214
6037
4214
3860
4214
2060
4214
4206
4214
3267
4214
3140
4214
3603
4214
9215
4214
2889
4214
4827
4214
4870
4214
2723
4214
2450
4214
9231
4214
2908
4214
3868
4214
3612
4214
3347
4214
3825
4214
2152
4214
3051
4214
9219
4214
3651
4214
5807
4214
5812
4214
3480
4214
5196
4214
9213
4214
1919
4214
2808
4214
4176
4214
6746
4214
2506
4214
4091
4214
4064
4214
3333
4214
2183
4214
5814
4214
3174
4214
3917
4214
1727
4214
3508
4214
3137
4214
2486
4214
6370
4214
3111
4214
3500
4214
2611
4214
9217
4214
2689
4214
5810
4214
3031
4214
3355
4214
3849
4214
3656
4214
2998
4214
3879
4214
3638
4214
2335
4214
2739
4214
3529
4214
1762
2676
5735
2676
8850
2676
8402
2676
8456
7904
1883
5218
2376
5218
2320
2009
1927
1656
1362
1656
1633
6855
4845
6855
5996
4156
2270
4861
3654
4861
3641
2411
10000
9519
8118
1714
1691
1714
7197
5983
6981
2763
2759
767
10113
10154
10259
10154
10143
7781
1469
7781
4682
10130
35
7817
2291
7683
9998
9651
6841
7587
9927
371
198
371
409
4237
7
7602
6999
5182
4057
5182
2178
546
420
3246
3233
6051
3472
6051
3461
4159
7080
7822
2809
8541
8082
8541
8082
772
771
5993
3182
5993
7859
2679
2578
2551
9935
2551
8377
2551
7610
651
121
2006
1925
1659
3836
5221
2388
5221
2477
5916
1647
5916
9174
5177
9895
5177
2186
8729
4171
8729
7517
8729
4893
5053
1995
5053
1886
7597
8848
7597
7620
7597
4008
7597
9286
4858
3646
4858
3654
7693
10043
7693
10043
9632
4797
9632
2877
9632
9630
9632
3566
9632
1997
5854
1023
5854
1035
9504
9511
7592
7962
7592
7237
7592
8799
7592
2813
2408
2409
2408
2290
4242
18
9928
7189
9928
2198
247
246
5605
2859
5605
6916
6892
5297
6892
2780
8488
7307
8488
4280
8488
9394
4632
1316
4632
4641
6897
6351
6897
2727
7263
3934
7263
3217
1261
1238
1261
5719
3105
3068
3105
3077
2317
2271
88
2281
2267
2281
2268
160
8331
722
566
261
2190
2170
5750
5751
8372
7967
8372
8812
6344
2455
6344
2701
9218
1044
980
715
980
8477
980
712
980
964
1223
1181
3648
3647
3648
9751
2322
2309
9585
9703
9585
10028
9929
7189
9235
870
9059
970
4723
7531
4723
1815
6902
5322
6902
6369
924
909
924
917
4627
5778
4627
8273
4627
4628
8498
9398
8466
4396
8466
8508
8466
7683
9337
9371
9337
8475
6887
9590
6887
5291
1350
1308
9942
9310
9942
8823
9942
9965
2129
4070
2129
6992
8367
7623
8367
8389
9219
1845
2200
2120
8153
1577
8153
4501
3576
3560
7339
9474
7339
7719
8080
8972
6947
3903
9762
7572
6167
9231
6167
1762
8491
8894
7555
1511
1258
1255
6604
9775
6604
2730
6353
6354
1842
1806
1842
1839
2278
7158
2278
2258
2278
7123
3767
2287
7442
4448
7442
1158
8328
9883
5345
5982
5345
9224
1837
3988
1837
4111
82
3772
9786
556
559
556
226
7336
5697
7336
8578
3579
3563
3651
3606
2134
4762
6172
1811
6172
1914
2126
8290
2126
7011
2126
2068
2126
7010
8144
3735
8144
3872
6952
4033
6952
7838
6952
9134
6952
6913
6952
9154
6952
1577
6952
2272
6952
2373
6952
2753
6952
1285
6952
1041
6952
8735
6952
9842
6952
1744
6952
7835
6952
1563
6952
4094
6952
7012
6952
5129
6952
2631
6952
4058
6952
9158
6952
1615
6952
2443
1745
1739
8501
8547
8501
8069
8501
7342
8964
10070
9204
2589
9056
899
10161
10335
8469
4345
1610
9865
1610
1609
2870
2868
2870
2549
9114
8239
9620
7120
9620
7507
9620
7878
7437
153
9901
3057
8740
9189
8740
9188
8740
5716
3384
8372
3384
3383
3384
9292
3384
4290
2750
2745
10318
10322
5190
5935
5190
2238
521
563
521
405
7465
9233
9196
8272
111
705
7406
400
8
6698
7710
6666
3050
6666
3162
1865
1862
1865
1861
2605
2557
5132
6225
5132
2063
3852
2744
5281
2446
5281
2710
9543
9551
9543
9017
6105
4695
6105
4704
5317
2542
5317
7564
9878
9664
163
447
7580
9915
7580
9915
4076
1983
3394
4269
1629
10069
5200
2307
5200
2251
6135
9193
6135
9843
1641
1399
5322
2576
3847
7168
3847
4536
8559
7431
5127
2181
5127
4187
9879
3071
3735
1575
9637
5382
4141
6841
4836
3210
4836
3220
6688
4244
6688
5664
6688
8119
6688
5669
6688
5666
6688
9012
6688
8118
6688
5668
2345
2218
8335
2579
8335
2675
955
956
955
943
6669
3163
6669
5387
8794
8844
8794
8835
8794
8833
8794
9950
7104
7137
8055
8550
8055
9705
6701
672
6701
9765
6701
9007
1195
1162
61
4274
9964
264
87
4695
1397
3987
1986
5278
4107
5278
2708
10199
10187
10199
10198
4002
7114
4002
9604
4002
3881
282
455
6773
3476
6773
3498
8614
10126
2110
6741
4839
3895
4839
5998
4450
8728
4450
1113
5870
1108
5870
1090
8556
10122
3173
3097
1638
1358
1638
1683
1638
6910
3997
9483
3997
6989
3997
10070
4685
8337
4685
5780
4685
9858
1626
763
1626
8115
1626
9002
3992
1981
4079
2341
8784
9930
3340
3334
5134
7514
1185
8790
1185
5714
1185
1168
1185
9269
6691
4248
6691
7735
6691
7734
373
372
373
621
4138
1252
1234
9357
1234
1202
1234
8021
5285
5286
7029
1282
3455
8432
3455
3454
803
8593
3542
8738
3542
3757
2807
2782
6524
3579
6524
3554
8905
8583
2483
7116
2483
3906
2483
5952
10059
9669
10059
662
10059
666
3910
2001
3910
5386
3910
4025
3910
5924
3910
3843
3910
3605
3910
2987
3910
3505
3910
2358
3910
2781
3910
3354
3910
3478
3910
3957
3910
3535
3910
3462
3910
8756
3910
3112
3910
2882
3910
3646
3910
9691
3910
9216
3910
2707
3910
3175
3910
3884
3910
2210
3910
4553
3910
3579
3910
9204
3910
9223
3910
9228
3910
9229
3910
9580
3910
9201
3910
5808
3910
3554
3910
3616
3910
3614
3910
8757
3910
3150
3910
1920
3910
4155
3910
3266
3910
5982
3910
2599
3910
3202
3910
9206
3910
2376
3910
2078
3910
4828
3910
2320
3910
2661
3910
6733
3910
9212
3910
4082
3910
9748
3910
3329
3910
2796
3910
2273
3910
9224
3910
3654
3910
9203
3910
3641
3910
2740
3910
9214
3910
2516
3910
5099
7479
6743
2158
2140
1074
1061
7418
25
1178
1165
5295
5296
4678
1472
4678
1444
5674
715
5674
7777
5674
711
1530
1487
4546
3484
7930
2855
2493
2496
2493
2473
6240
9908
6240
4133
8460
4338
8460
8067
607
324
607
565
10303
10320
10303
10214
7974
2439
3537
10049
3537
658
3633
3325
3633
7546
2859
2574
2812
8034
4409
9906
10267
10142
10267
10151
1879
1853
1879
7965
1879
9290
1879
7973
9345
10029
4722
1718
9764
6701
9764
670
4015
3859
4015
7540
4015
8753
9247
912
2323
2309
6284
9229
6284
2376
1222
1181
7382
8113
7382
8114
4065
1269
8273
9725
4512
1968
1300
9118
1300
1283
5525
6348
5525
2787
4793
2401
7026
7241
2052
2024
2052
2053
2856
2852
2856
8403
2856
8437
2161
2139
1217
4300
1217
1216
1217
9263
9223
3519
7377
9761
7377
4265
7377
8662
7377
8646
7421
27
1181
1166
1181
9280
6675
3123
6675
3165
1876
1875
4406
9287
4406
4404
4406
9275
4406
3284
6294
4016
6294
2365
10167
10161
9070
2523
9070
9235
9070
8265
2914
2910
4549
3492
4681
1430
4717
1375
4613
4480
4613
1297
9683
5229
2047
1979
4783
2305
4783
3968
10076
8103
10076
10091
10076
9496
1290
1273
1290
9261
1290
8316
1290
8771
191
190
7476
3190
9020
9749
9913
2425
4507
1360
4507
1364
5807
3516
3253
7198
3253
3240
268
267
10089
757
10089
3829
10089
760
4042
3983
4042
8644
9452
8595
6660
2947
6660
5385
5483
7088
5483
8235
4882
9223
4882
5808
2285
8356
1412
5683
1412
4279
1412
8938
1412
5682
1412
4277
10335
10330
9850
1308
186
185
8724
9609
1506
1476
6831
5962
6831
2522
4037
1987
5493
4063
5493
2179
4825
3078
3926
7715
3926
803
3926
4318
3231
5748
3231
3170
3231
7212
3231
7256
5859
1056
5859
3731
5046
1893
5046
7849
5812
3527
1716
1715
6915
2867
644
390
644
635
10045
9757
4154
2128
516
381
516
173
5158
2081
5158
4157
4877
3585
4877
3580
1654
1392
1654
1655
1407
1338
1407
1426
7906
7036
2295
2274
7211
7230
7211
3568
2674
2675
2674
2570
4921
8220
4921
1555
4216
8794
4216
7952
1552
1547
1552
1495
2525
737
2525
740
2525
9003
7757
809
3565
3540
3244
3221
3244
3243
9645
9644
7010
7241
5323
2556
9468
9485
9468
6701
9468
9773
8475
905
8475
9384
2004
1898
4143
8440
4143
4400
4143
9972
4219
3871
6828
2467
6828
5956
7909
9860
7909
9860
7762
751
3480
3468
4963
1751
4963
9832
4430
946
4430
932
1719
1714
3228
5748
3228
4168
3228
3170
3228
7256
1547
1538
1547
4375
1547
4378
1547
4376
1643
1401
9469
663
5113
2161
5113
3865
431
197
431
377
3929
2056
5049
2001
5049
5924
5856
1037
5856
1055
5161
6746
5161
2335
8570
9465
1509
1436
1509
9103
9984
7357
9383
6695
9173
1702
4918
1582
4918
1612
7208
2652
5914
8761
5914
4946
5914
6931
6363
4813
6363
9655
3757
4171
3757
7517
3757
4893
5303
2668
6874
4119
6874
6815
10222
10167
10222
10165
1296
4620
1296
4121
1268
1221
1268
1250
7565
2198
6157
7803
6157
1781
2715
2714
7030
1203
7030
8549
7030
7333
9308
8857
9308
9323
9308
10105
158
9868
3233
785
3854
90
9088
1939
2505
5950
2505
5968
8883
8048
8883
10057
8883
8057
8883
9415
281
280
7244
3368
8954
9512
1529
1494
1529
1527
6162
1741
6162
1811
7228
2026
9309
9999
9309
9999
9016
10093
9016
8668
10223
10242
7480
1731
3909
7721
3909
8962
1286
9080
3762
1961
3762
1626
1880
1872
1880
1873
8893
6964
4410
3495
4410
8396
4410
4413
2860
2610
2860
9636
3208
3195
9869
3381
2024
1969
2024
2026
8459
9689
795
10114
6239
4155
6239
4082
9098
5772
6808
4765
6808
2189
9066
1348
9066
5427
9066
9818
7929
7937
9803
8712
8042
4314
1271
1229
1271
1228
9852
1407
7253
7268
5875
1092
5875
9197
1432
7946
1432
8313
1432
8345
1432
1336
8362
9896
9450
10054
9091
1010
5827
3428
5827
3436
1299
1289
942
930
1427
9101
9314
9342
6236
6991
6236
3932
8456
8489
152
63
4550
3490
9236
7129
7231
8817
9069
1300
7926
8329
93
84
8514
9410
8514
9410
9586
3491
10208
10235
410
334
8037
3873
8037
9996
9157
866
937
9337
937
817
937
818
4805
7229
4805
8361
4805
7961
4805
2423
8163
7029
8163
1303
9019
832
9019
9021
5832
3421
5832
4415
3906
2403
8943
8973
3211
5803
3211
3187
1289
9225
1289
1274
1289
9250
2933
2920
2933
2835
8357
8831
8357
9300
8357
7966
8357
8408
8357
4392
1526
3697
1526
1404
8704
4488
8704
4494
522
311
522
414
9101
1332
6811
4079
6811
6815
7006
7005
6659
2946
6659
7482
965
852
965
964
965
8444
3382
9707
3382
6907
3382
9771
3382
6906
4532
4136
8588
8990
8588
8991
8588
8101
5505
4156
5505
2288
8015
7667
10200
10319
1115
1101
1115
1084
8818
8853
95
2303
6727
8065
5690
10034
8531
5715
1190
5860
1067
5860
1055
8598
111
8566
8953
8566
9612
8566
5706
4527
2917
3377
8417
3377
9321
3421
3385
9
3476
3458
9513
86
4426
919
4426
8207
6504
3625
6504
7884
8925
7415
7455
3438
9195
3079
8591
8609
8591
8975
823
821
2827
7265
2827
2816
6714
8434
6714
3689
6714
8834
6714
1632
8777
5973
8821
8010
7009
3870
4297
7642
6656
3049
6656
4050
1855
7269
1855
8832
7542
1305
7542
1305
4292
8516
4292
8911
2875
3002
2875
8752
2832
4528
2832
2818
8601
8982
8601
9484
8601
8648
8601
9509
5933
7252
1720
9347
1720
1632
1720
7660
4429
942
4429
8207
3479
3468
7910
7576
4220
3466
4220
7203
3418
4354
3418
3422
7633
7653
3974
2138
7537
3776
7537
7547
4287
10091
4287
781
4287
3904
10307
10224
10307
10254
4302
1211
1510
1458
1510
1549
97
8569
10072
5050
9623
5050
2002
3930
4332
3930
7672
3930
4330
8782
7972
8782
2534
8782
7971
8782
7236
296
77
5687
5688
5583
3815
5583
9863
5702
9392
2888
2869
1102
1085
1102
1101
7124
1311
3083
3076
3083
3081
9346
7283
1087
1076
432
177
432
383
7987
1795
8002
7664
5749
9713
5749
9386
5749
8484
5749
3938
5749
9633
4055
9334
4055
9324
2189
2170
395
13
5813
3519
1349
4166
1349
9823
1092
1077
6318
4800
6318
2454
3093
3067
3093
3066
1097
1064
1097
1098
7
9060
3218
9060
7858
9060
6722
7173
4817
1413
1342
1413
1410
5593
2623
5593
2596
2951
2837
5697
8093
5697
8606
8941
8574
2866
2550
2866
6752
2866
4096
2866
7135
2898
8788
2898
8782
2171
2101
2171
7201
1606
3697
1606
1542
5692
1959
5692
1959
979
954
8079
6925
8079
8966
8079
7720
389
7
7340
841
7340
830
9961
2165
2199
2196
544
270
544
452
7997
7663
2130
4169
2130
6983
7992
9834
7992
9834
3465
6704
3465
3455
3465
7260
3465
7261
9741
4188
5112
2162
5112
5098
5746
4347
5746
4348
5746
7288
5746
9763
6125
1748
6125
1781
2891
2871
2186
2113
7384
7390
7384
7389
7384
4245
7384
7393
7384
9007
9501
4235
9501
7760
9501
9544
6282
2377
6282
4119
725
9532
5
2625
7194
2625
2626
506
207
506
375
1452
8005
1452
4321
7852
1592
8575
8967
9824
8223
9824
8217
9824
7838
9824
4448
9824
1671
9824
9134
9824
1050
9824
1195
9824
1158
9824
1744
9824
3029
9824
5019
9824
7835
9824
4094
9824
9158
9824
1955
9824
1910
9478
8636
7394
763
7394
8123
1447
9126
1447
1332
6321
2487
6321
4802
6277
2368
6277
4774
10082
7750
10082
792
10082
1624
10082
7378
3580
3563
8938
8576
8938
8946
8076
4287
8076
7351
2948
2838
4315
4316
2901
2841
5107
2001
5107
4025
2196
2198
2196
2163
2168
2167
2168
2115
7735
9488
99
9163
1550
976
967
976
952
2869
2868
2869
2549
1609
1589
10227
10139
8470
8509
8470
8892
8470
8513
8470
7324
8470
7337
1346
1341
1346
5721
7847
3481
9479
7413
192
118
3555
3487
3555
3541
7767
802
8308
2114
8308
1992
5189
5190
4352
9759
4352
7279
781
8626
2813
8439
2813
8830
2813
4399
2813
7997
10123
29
817
816
2749
8375
2749
2677
8739
3875
8739
3920
8739
2292
8739
9199
8739
2523
8739
7894
8739
963
8739
7896
8739
2189
8739
7893
8739
7895
8739
7531
8739
2387
8739
934
8739
1034
8739
7524
235
110
2702
2494
5888
1128
5888
4447
683
681
4884
3551
4884
5806
2687
2590
2583
5799
6624
3864
6624
2670
9646
4061
3442
7210
3442
3443
9760
5667
9760
2527
9760
732
6083
4717
6083
1533
822
821
5199
2312
1630
9418
1630
8529
1630
8062
1630
9382
1630
8901
4347
4348
4347
4348
9622
2639
4953
3756
4953
1532
7772
815
7651
8072
7651
4400
7651
8086
7651
7698
7579
2940
3336
3307
2106
2083
3
6093
8223
6093
1536
3437
7210
3437
3378
5898
8742
5898
7012
5171
2192
5171
4157
5866
1087
5866
1073
2692
9720
2692
9694
2692
9975
4894
3534
4894
3509
8560
8955
693
10125
5951
2269
2593
7107
2697
7949
2697
2676
4446
1097
229
111
6670
3163
6670
5383
778
777
9528
802
8311
8338
8311
8338
9774
737
9774
7382
9774
741
9774
738
3263
3251
9075
1353
3125
3118
5186
4158
5186
6747
5891
1153
5891
1159
8736
1566
2746
2742
5625
2987
5625
9224
4612
1294
4612
3743
9529
9
5869
1086
5869
1109
4513
8328
4449
8728
4449
1151
10177
10325
4840
3226
4840
3207
2109
2108
2109
9862
9940
4521
7648
1157
4607
7533
4607
6927
4703
1653
904
894
7576
2013
3339
3335
4080
2812
1664
8025
1664
7297
1664
1663
1664
6910
10077
8645
10077
8650
4164
6741
5168
2190
5168
3761
5901
7864
5901
7833
5196
2274
4944
1614
4944
1605
5948
2255
5948
4516
1203
7705
1203
8075
3781
5974
3781
8760
3781
8760
440
523
440
559
440
228
4175
2001
4175
3843
4175
3605
4175
3505
4175
3354
4175
8756
4175
9691
4175
9216
4175
3175
4175
3884
4175
4553
4175
9204
4175
9223
4175
9228
4175
9229
4175
9201
4175
2451
4175
3554
4175
3616
4175
8757
4175
3202
4175
9206
4175
2320
4175
2661
4175
6733
4175
9212
4175
4082
4175
9748
4175
2796
4175
9224
4175
3654
4175
9203
4175
2740
4175
9214
3817
4042
3817
7363
10126
32
1294
1290
449
316
449
358
6181
4744
6181
4754
6876
2278
6876
2350
1675
1652
6217
4037
6217
9167
2655
2645
7246
9715
6290
2325
6290
7872
3587
8409
3587
7247
3587
3586
3683
3682
3602
8754
3602
4541
3602
3853
7047
9006
7047
9514
10156
10264
10156
10334
1284
4370
1284
5718
6222
2156
6222
9924
9630
2110
9630
2726
5235
5236
2428
2431
2428
2413
455
279
9014
6711
3822
2312
9747
8715
8709
4003
8709
7012
9264
9906
8956
5667
8956
9486
8956
8960
3693
2530
2920
4523
2920
2834
7052
4655
7052
4658
3597
3321
9904
2022
9064
3806
9064
1253
266
265
2026
7983
2026
7991
2026
7628
2026
7996
3592
3569
3592
3608
8443
8027
8378
8400
8378
7630
2433
7625
2433
2420
2433
8382
6300
4790
6300
6336
8519
10062
6530
8232
6530
7083
9228
1879
2267
7190
2267
2263
3778
2375
3778
8726
3778
4214
7249
8439
7249
4399
7249
7997
10172
10323
6178
3733
6178
4013
378
199
378
376
7313
10013
9688
2991
6879
2327
6879
6816
8422
8460
4733
1819
4733
1742
3005
2573
51
50
10253
10160
10253
10148
1240
1214
9918
8796
10289
10262
10289
10296
10173
10172
7980
8436
8516
713
9689
6997
2431
7625
2431
9284
2431
2418
2431
7600
7924
1434
9229
2485
9229
4794
9229
4796
8454
9370
6234
5103
6234
4761
2272
2265
2029
7672
2029
7677
2029
4331
5680
1339
9919
4100
8706
1351
8706
4490
1524
1484
1524
1526
8959
8611
3904
7366
3904
6699
3904
8111
3904
5661
8381
4328
8417
4253
1080
8506
1080
9702
1080
4270
1080
8465
4102
3762
6547
4158
6547
3738
6643
2907
6643
3045
6719
7591
4087
2264
1828
1827
8212
971
7955
7627
3250
9888
7004
7602
7004
7601
7004
7002
8758
9901
1055
1044
6509
4125
6509
3611
207
205
207
201
5655
6696
5655
693
5655
8128
5920
7480
5920
4509
3979
2565
8207
918
3361
3262
3361
2693
3361
2748
3361
1348
3361
4702
3361
2512
3361
1885
3361
1596
3361
1741
3361
3022
3361
4015
3361
2047
3361
5951
3361
1914
3361
1750
3361
2664
3361
6916
3361
5427
3361
6750
3361
2294
3361
1419
3361
2337
3361
1467
3361
1931
3361
5387
3361
4652
3361
3183
3361
9770
3361
6404
3361
5383
3361
9862
3361
9617
3361
2598
4092
1308
8564
8958
10113
7426
5433
3248
5433
7497
6552
4179
6552
2330
4097
2314
5428
5996
5428
7133
4424
9221
4424
8281
2235
2220
8245
9237
2010
1927
3474
3465
3474
3475
9580
3490
6005
3256
3725
9615
7515
7124
9201
3292
5032
3856
5032
1957
9896
3178
1831
1777
20
6506
7862
6506
3624
8761
4505
7705
9014
7705
9535
6654
2946
6654
2939
6407
3127
6407
3145
5267
4113
5267
4058
327
326
9388
10042
9178
1844
10095
779
10095
10100
1915
1798
6716
2069
1660
1658
1660
1628
1660
1659
1660
9985
2680
2578
5027
1915
5027
1947
9554
766
3358
7498
4160
10043
4160
8023
4160
8044
4160
7693
4160
8519
4160
8474
9389
8943
5431
3220
5431
3247
10259
10265
10259
10265
10259
10266
9179
3695
9179
3515
9179
9236
8730
1729
8730
7901
8730
8258
8730
1025
8730
8268
8730
3875
8730
4765
8730
7916
8730
3920
8730
7533
8730
2160
8730
7503
8730
2292
8730
9221
8730
1668
8730
9199
8730
6927
8730
2523
8730
7921
8730
7894
8730
963
8730
7896
8730
9220
8730
8270
8730
7904
8730
9235
8730
1178
8730
9247
8730
1087
8730
2189
8730
1240
8730
2363
8730
7893
8730
2349
8730
2093
8730
7895
8730
6928
8730
1224
8730
1073
8730
3804
8730
7531
8730
1815
8730
2387
8730
1147
8730
934
8730
3958
8730
7518
8730
1034
8730
6946
8730
9243
8730
7524
8730
1126
8730
5960
8730
1110
8730
8262
8730
7529
8730
8281
8730
1442
8730
2470
8730
6924
8730
4024
8730
9208
8730
7076
8730
6926
9463
8611
6412
3134
6412
3087
5272
2799
5272
2706
3976
6972
1952
1870
1952
1869
6745
2095
7126
3252
1172
1138
7327
4088
4672
1422
4672
4196
3145
3080
4751
5787
3965
3966
6837
3767
6837
3766
10064
1794
6610
2779
6610
2664
9702
8520
9702
682
9702
7686
4115
7575
3307
3292
3307
3324
5753
7839
5753
3407
7389
7763
9923
3074
9120
1218
1353
9109
1353
1312
1604
7453
1604
1524
1604
7125
6842
2977
6842
4181
2864
2604
2864
2863
4563
985
4563
999
8438
9910
7332
9440
7332
3943
7332
9447
4667
4680
4667
9804
6258
2317
6258
2344
2448
7163
2448
2417
2373
2240
372
421
1167
1149
1167
1169
7371
8113
7371
5666
7371
4288
9262
9912
1947
1845
8150
9770
8150
4500
2140
4023
2140
2154
2140
1989
2140
2153
7399
703
7399
6711
7399
10104
283
278
283
455
8970
10074
3312
3272
3312
3294
9955
7658
8423
9371
8423
817
8423
851
9213
2219
1887
1865
3823
5665
3823
9774
6350
2638
1902
1799
9735
7633
9735
9296
7386
758
2184
2174
6223
2157
6223
7826
162
128
5744
2816
9495
730
4748
1841
7803
1711
514
381
514
176
514
171
7502
1139
7129
3695
7129
3695
7487
6401
2194
9078
2451
2435
8074
7722
8074
8088
6261
4771
6261
5197
8441
9967
8441
7305
8441
10037
8441
8896
8441
8871
8441
3986
4255
120
1897
1851
1897
9131
1892
1877
7396
4226
7396
9018
7396
9020
7396
9019
7368
7748
930
931
930
921
184
125
7492
1591
1344
1315
1344
1340
7497
3253
974
951
974
966
9402
8955
9402
8070
9402
814
4280
4281
3615
3583
8800
9961
7110
7184
7110
5302
7110
8310
7110
4809
757
7412
1773
1720
1773
7225
2753
2743
1691
5725
1691
1666
1691
7599
1691
5726
6185
1866
6185
2003
9549
806
6626
3996
6626
2682
3785
8362
169
168
4191
2933
4886
3525
4886
3513
9997
8541
9997
8082
9997
9684
6638
2955
6638
3010
603
352
603
638
8790
9717
3334
3326
3334
3318
1669
1635
762
7417
909
901
909
908
5140
3875
5140
2189
4949
1569
4949
1525
4169
2070
4169
7031
4169
9954
4169
6967
5013
1821
5013
7809
3795
6990
4444
1054
4444
1021
5448
6005
5448
3311
5373
7883
5373
2943
4201
1969
4201
1967
4896
3533
4896
3531
4868
3570
175
172
5864
9880
5864
9158
5063
2147
5063
9897
6195
1913
6195
1933
1701
8277
1701
9242
1701
1682
1701
8287
2104
2083
9548
773
9873
1512
8620
7764
6629
2597
6629
9775
4889
5809
4889
3701
8395
5728
1688
9884
1688
1685
4635
5777
4635
8272
365
539
365
556
3942
2745
2744
2691
2744
2698
3390
4416
8734
1477
5184
2332
5184
2361
1135
9081
6641
2908
6641
3051
9150
1009
4188
6956
4188
2791
8385
7250
8385
7250
9457
9533
4453
1187
4453
1176
9572
3449
4899
3535
4899
9223
615
596
5451
3357
5451
3346
4946
9767
3400
3397
3400
8267
5194
5937
5194
5193
4871
3615
4198
3084
4166
1307
1666
8438
1666
1665
1666
7994
1666
8841
6865
3597
6865
6009
1698
1689
359
411
359
358
3937
3540
7574
7204
7574
7204
906
905
906
848
7956
1689
964
9380
964
950
7709
9612
2048
1939
2048
7452
1843
1922
1843
1808
5504
2317
5504
4115
8014
8536
4508
1365
4508
1633
1919
1805
3541
3371
3541
3538
5656
7430
7519
1248
6009
9202
6009
4540
6009
6014
3729
884
58
7378
788
7443
4369
7443
9144
1218
4368
1218
4301
1218
1220
1218
9263
1114
1065
1114
9125
4718
1374
5714
5715
10004
9011
1056
1044
8064
3828
9403
6970
2811
2503
6933
6934
6933
9016
6933
7396
6933
4299
500
188
500
371
8246
9233
421
364
421
624
2236
2220
7454
2896
2051
2024
2051
2053
473
645
473
342
8924
8927
6505
3623
6505
4862
1059
1027
1059
1046
4511
9919
4511
9919
5659
7401
7516
3617
7516
7546
3726
4211
3726
7381
6006
3259
3538
5750
3538
3372
3538
7243
3538
9291
8980
10077
8980
9494
1993
1990
1993
1880
3030
2567
1177
1165
7417
160
1221
5678
1221
8826
1221
4298
1221
9285
1221
4026
7381
747
7381
752
7381
10096
6715
8791
1916
1798
2157
2122
7959
7621
7706
8972
4721
1679
2874
4523
2874
2857
10019
7715
10019
805
10019
705
9142
1770
4573
1093
4573
1066
4677
8234
4677
1445
2363
2221
1854
7636
8313
7015
2808
2782
2239
7177
2239
7585
2239
9930
1983
1977
1983
1940
8249
4518
8249
4518
6860
3295
6860
6008
4682
1430
10018
8092
10018
6691
9251
3541
3975
3556
2162
2139
52
7422
22
1182
1167
1182
5714
1182
9717
1676
1654
6875
2278
6875
2235
10103
8124
7564
2537
7564
2548
2656
2653
2656
2568
3009
2566
4917
4685
4917
7524
9703
9500
9703
695
9703
8998
7207
2874
1411
9369
1411
1412
1411
4315
1411
7296
4881
5807
4881
5810
4176
2468
2714
2502
4041
2119
6827
5955
6827
5969
784
783
1548
1538
1548
4375
1548
6942
1548
4376
3227
3212
594
258
594
632
7245
9589
2504
4517
2504
2369
9456
8625
3960
2397
4922
1554
4922
1596
8955
7430
7212
4168
5236
9918
587
190
587
195
109
5811
3523
3232
9713
3232
9386
3232
8484
3232
8060
3232
10013
76
2025
7292
2025
7271
6832
2483
6832
2514
7758
10103
7758
7397
794
793
5073
4123
5073
2159
309
303
309
307
5157
3703
5157
2102
6030
7857
6030
7461
3710
950
3710
7306
3710
8856
6303
4792
6303
9674
5363
2877
5363
3019
4878
3560
1408
1338
1408
1409
5874
8217
5874
9158
4038
2646
4179
2266
3520
3514
7730
8638
7730
7747
7730
8993
1551
1547
1551
1495
1679
1699
1679
4508
3833
9901
3833
4060
2659
2657
3006
3005
3006
2606
9996
8540
740
7756
315
314
8515
9422
5162
6746
5162
9217
10238
10218
5239
4040
5239
4030
1763
1697
1763
9117
4804
2287
5808
3516
4270
683
4270
8497
4270
682
4270
8533
7761
790
8705
8196
8705
7811
4639
1260
4639
1318
8371
7974
1070
9349
1070
9348
1070
9343
1070
1063
9674
2507
3554
4544
3554
4545
3554
7142
3403
7888
3403
8274
5670
9466
5670
8598
5670
7724
8332
9930
7438
142
416
457
416
636
9424
9489
1139
1125
1139
1142
3616
3575
8120
762
10023
8583
10286
10154
10286
10261
1020
1017
1020
1018
3786
7098
1262
1238
6625
2684
6625
2671
1838
9311
1838
8397
1838
4160
7423
161
4885
5806
4885
3526
2282
2297
2282
2268
6186
1866
6186
1944
9855
2564
6891
5297
6891
9856
7970
7253
7970
5745
7970
3068
7970
9945
2033
2030
2033
5788
8399
7438
9341
9361
4631
1321
4631
4138
7150
9732
8327
2459
6869
7084
6869
7093
6901
6843
6901
6369
6196
1914
6196
1931
6168
1824
6168
1903
8389
7986
6948
7108
107
2277
2264
3768
2457
3796
7523
2321
2310
4895
5812
4895
3508
1257
1201
1257
1250
8396
7979
8396
7979
8368
8387
6189
1945
6189
1886
10165
10321
3789
4204
3789
7767
3789
7718
7441
4448
7441
7835
9074
914
9074
9622
9074
922
531
544
531
543
3543
3523
3647
3606
9660
8603
9746
7006
7083
4654
3619
7230
3619
3276
1841
1806
1841
1847
1136
8886
1136
8507
1136
10007
1136
7688
3124
3118
105
8497
8520
4636
7841
4636
3985
6888
2785
6888
7472
5624
2969
5624
4126
8492
7434
4628
7558
3799
4159
8386
8828
8386
3845
8386
8818
8386
9776
8386
8839
8386
8827
9300
8837
6199
9219
6199
3879
8487
3873
6898
7873
6898
2608
6866
6010
6866
3643
6171
4742
6171
7035
1665
1663
1665
1657
8502
8528
905
895
905
8535
6951
4644
6951
8223
6951
8217
6951
1782
6951
4481
6951
3864
6951
3032
6951
4448
6951
1671
6951
4003
6951
2008
6951
4679
6951
1568
6951
1050
6951
2359
6951
1536
6951
4113
6951
7021
6951
9880
6951
1195
6951
2483
6951
3929
6951
8734
6951
9855
6951
2670
6951
1158
6951
2185
6951
1749
6951
4069
6951
3893
6951
4108
6951
5019
6951
4501
6951
2324
6951
6845
6951
2333
6951
8742
6951
1955
6951
1910
6951
2514
6951
2954
6951
1822
3771
7271
4945
1614
4945
5903
3652
9899
3652
7526
8803
5728
4165
7500
7093
9222
2318
2297
2318
2241
5282
2445
5282
2709
3851
6961
3851
4705
3851
4558
3146
3083
5131
2136
5131
2187
1533
1485
1637
1634
1637
1365
3998
7382
3998
9003
3966
5292
9641
4174
6746
2076
4137
9900
7125
8293
7790
4483
7790
4092
10281
10156
10281
10238
7620
7276
254
253
9973
8852
4116
2141
9374
8041
9374
7684
9184
9850
9724
969
9724
959
9724
9830
4054
4220
290
289
10144
10133
2670
2667
4142
2166
4142
2115
7800
1436
103
5321
2888
5321
3005
1642
1398
555
560
555
590
3988
1794
3988
3715
3988
4177
3988
10067
3988
3714
5277
2452
5277
3959
9897
1979
4259
9597
3848
3678
5128
2181
5128
3846
6124
4701
6124
4741
9605
9606
4001
1593
9360
8918
3464
3457
3464
3445
4119
2308
2624
7194
2624
2627
6583
2805
6583
2699
6687
6973
7385
6688
7385
7758
4043
2032
6702
7735
6702
8565
724
126
4923
7503
4923
7894
6749
2118
6813
2086
6813
2200
8574
10076
8574
10075
565
397
565
596
3149
3082
3969
8277
3969
9242
3969
1682
3969
8287
3213
3199
3213
3934
6697
6698
4256
9596
6593
3962
6593
2750
7395
8667
6692
4251
6692
9452
6692
9453
4314
5681
4314
7704
5318
3004
5318
3996
3991
2096
7734
9489
10327
10329
8480
8503
8480
7330
1493
1494
1493
1369
5011
1912
5011
1823
8016
8468
8016
8468
5506
2379
5506
2331
851
7294
1812
1769
8228
1486
1859
9085
7005
7011
7005
7026
7005
7010
7005
8389
7005
7960
7005
9282
7954
9917
7954
9917
966
980
966
965
966
9358
966
853
998
997
998
989
2879
2865
3570
7567
3570
3547
1054
1019
8929
7339
8929
5694
8098
9495
8098
7739
8066
7733
8066
8104
1158
1139
5716
5717
7459
3392
2178
4142
10085
8654
10085
8640
9969
9588
1116
1081
1116
1100
4658
1477
7893
987
6267
4772
6267
4215
2530
4046
5407
4022
5407
3179
9484
8628
5654
7427
198
587
988
974
988
989
1807
9311
1807
1661
1807
7232
1807
8388
8565
8092
1483
1488
1483
1393
10049
7731
2234
5935
2234
2223
6272
2336
6272
6250
8244
1107
5412
3192
5412
5991
7883
2851
4425
9221
4425
9247
6431
3202
6431
4828
3475
3453
3475
3452
8088
8608
8088
8612
9968
9647
9037
1759
1119
1105
1119
1121
3047
2848
6004
3227
6004
6001
3724
7022
3724
7023
3724
8481
1043
1016
1043
1031
7514
2057
5008
4099
5008
1717
8926
8077
8231
7542
5643
8733
5643
6400
8069
7713
5547
2747
5547
9603
151
2290
2250
2290
8374
848
8537
848
846
7456
3413
5719
8383
5719
1257
5719
9266
5719
4309
1001
990
8101
8635
6655
5325
6655
2947
1161
9098
1856
7302
1856
7269
2217
8547
2217
7713
2217
8580
2217
8553
2217
8089
2181
2173
2876
8752
7704
4311
969
955
7357
10024
7357
1356
7943
3631
1914
1804
8019
8898
5509
2462
5509
2702
7163
2432
7163
2439
4661
9811
533
543
2300
3941
2300
5144
5552
2756
5552
6839
6433
3843
6433
4828
8253
3398
8253
8267
991
976
991
988
9952
8376
9042
1763
3052
3065
3052
2819
318
317
6920
1729
6920
8258
6920
8268
6920
2160
6920
9221
6920
9235
6920
2363
6920
8262
6920
4024
9245
9726
10330
16
10330
86
10330
129
10330
156
10330
123
10330
125
10330
127
10330
14
10330
32
10330
30
10330
104
10330
121
10330
73
10330
28
10330
77
10330
22
10330
75
10330
106
10330
79
10330
24
10330
110
10330
0
10330
36
10330
119
10330
113
10330
117
10330
115
10330
1
10330
102
10330
108
10330
34
10330
26
10330
53
10330
12
10330
18
10330
88
10330
160
10330
111
10330
158
10330
90
10330
95
10330
9
10330
97
10330
7
10330
5
10330
99
10330
3
10330
51
10330
20
10330
109
10330
76
10330
107
10330
105
10330
103
10330
120
10330
81
10330
112
10330
118
10330
11
10330
161
10330
74
10330
101
10330
2
10330
8
10330
159
10330
157
10330
98
10330
126
10330
124
10330
10
10330
89
10330
85
10330
87
10330
100
10330
19
10330
13
10330
17
10330
15
10330
21
10330
128
10330
96
10330
122
10330
6
10330
130
10330
4
10330
94
10330
31
10330
41
10330
29
10330
23
10330
25
10330
72
10330
27
10330
78
10330
114
10330
116
10330
39
10330
45
10330
47
10330
43
10330
33
10330
49
10330
80
10330
35
9347
7667
4830
3188
4830
3148
8091
3763
8091
5693
8091
8102
7362
2527
7362
7371
6428
9180
6428
3890
1323
9368
1323
4371
1323
9366
1323
8042
2222
2226
2222
4205
2716
2502
4174
6905
4174
9432
4174
7332
4174
5696
345
391
10055
8085
10055
7711
10055
6965
5178
2209
5178
2090
9788
9626
9788
3361
5530
3962
5530
9583
2407
2290
2407
2403
2654
2641
7566
7595
7566
8379
7566
2856
7566
5743
7598
7653
7598
2230
7598
5731
7598
9296
4857
3663
1295
1281
1295
9836
4070
2061
1674
1652
70
2506
9762
2506
7559
2506
4790
786
7413
4020
7248
4020
2583
4020
5798
4020
2561
5879
1133
5879
7821
4862
3622
4809
8781
9015
805
1285
1283
7588
7226
7588
4089
5234
2416
5234
3704
4238
4
2412
4200
2412
7291
10299
10170
10299
10162
9789
8189
339
457
796
7761
796
9524
768
767
768
9554
3273
7130
9065
1447
6680
6390
6680
5385
7818
1265
5181
2091
5181
2202
5876
1092
5876
8218
584
289
584
526
789
9523
789
788
9533
10
4393
7969
8910
10118
5217
8206
5217
2328
2509
2370
2509
2498
9283
8394
9283
8390
7601
6999
3004
2573
120
3460
3441
7782
4644
7782
8734
7569
2228
7569
2229
6047
9586
6047
3499
647
7723
2719
2495
10317
10323
10317
10323
10317
10327
2643
4807
2547
8904
2547
4031
8537
822
5290
3704
5290
2326
8633
9499
9647
8904
4241
6
7591
3038
799
9594
8455
7679
8455
8540
8455
8487
6235
5102
6235
4760
5222
2374
5222
5954
7925
7942
4383
1357
4383
4327
4383
9346
4383
8450
2552
9779
771
7422
1525
1492
8542
116
597
318
597
623
5300
7927
652
8415
7821
1118
4806
2449
4806
2431
6052
9572
6052
4554
3905
2992
7777
675
387
72
3614
9686
3129
3120
4700
1399
7941
7665
7941
8801
7941
8354
3556
3538
3556
3575
5629
2948
5629
9877
8173
4642
8173
1419
1200
1197
1200
1196
8060
9656
8060
9656
8992
8999
8992
8640
9587
3196
423
17
8997
9552
8997
778
2223
3911
2223
1971
960
949
1322
7697
1322
7341
5641
3112
5641
9212
6184
1867
6184
1947
9156
1270
9335
8472
404
547
1041
1038
9237
972
9861
2575
8340
7954
8340
4393
8340
9917
3784
7964
2350
5200
9079
2253
1190
1189
1190
4296
3335
3326
3335
3318
4690
1543
5865
1074
5865
1091
3794
9672
4445
1062
2261
8794
2261
7952
2105
2083
9002
6973
9002
768
1317
1264
6451
3332
6451
3363
1281
1278
8987
9542
8987
811
6194
1912
6194
1946
10159
10158
10159
10226
6110
1498
6110
1642
9076
898
9076
2714
7938
2439
1870
4132
1870
1846
2610
2563
710
4260
8394
5673
2837
2820
2837
2844
3559
3555
8847
8567
5626
2916
5626
3990
5638
3087
5638
3162
260
259
7470
3468
4634
1316
4634
4120
833
4257
5185
2257
5185
4041
1038
1012
1038
1031
3126
3121
1134
1104
2745
2691
2745
2698
8735
1399
446
546
446
452
10268
10259
8384
7636
3740
2269
471
561
471
272
471
524
6140
4703
6140
7867
5195
2276
6373
2997
6373
2939
6448
3354
6448
3266
2258
2238
2842
9902
2842
3780
2842
7180
2842
2821
6864
3305
6864
3596
1278
8321
1278
8769
1278
8334
1278
1267
8852
8057
8852
8471
8852
10005
8852
10055
8852
8483
7575
2250
7575
2311
5223
2373
5223
2324
8651
737
8651
735
8651
739
8579
827
8579
828
2641
2580
2641
2636
8772
2049
6744
2095
3501
3500
3964
6995
5350
2849
9635
8225
9635
7485
9635
4228
9635
2278
9635
2948
9635
7487
9635
5306
9635
8733
9635
4543
3144
3080
3469
3450
7560
7176
7560
7176
4056
9446
4056
10051
6129
6945
6129
1750
729
9533
4114
3120
2629
7248
2629
8405
2629
7990
7739
731
3491
3493
3491
3474
1605
1526
7308
7326
2865
2550
2865
2872
8767
7931
5261
2463
5261
2517
1750
3969
3328
3304
4243
5
4319
4320
726
9530
2638
2581
2638
4151
8648
7393
5837
8203
5837
7081
9840
9869
9611
3256
2626
2629
2626
2600
5745
5746
621
421
3498
7143
3498
4054
3466
3465
3466
3452
2185
2113
4059
2994
6126
4715
6126
1748
6753
9252
3367
9423
3367
9408
3367
9406
9442
660
3110
3057
3110
3090
3153
8714
3153
4911
3153
2206
8576
8614
8576
7720
8576
808
9802
9810
9802
9815
5610
2859
5610
2598
8075
9014
3488
9466
3488
9326
7311
9401
7311
4253
2195
7451
2195
7182
2195
2164
4316
8050
4316
5682
10201
10186
10201
10200
5842
9172
5842
9160
4254
118
5258
2513
5258
5966
1345
1341
1345
1315
3331
5427
7736
7385
3372
3368
3372
8419
3372
9313
975
973
975
958
7466
5947
7498
3285
7498
7166
8059
5697
8059
8578
1199
1196
1199
1198
5630
2944
5630
3041
10029
8073
9800
4033
9800
4481
9800
3864
9800
3032
9800
4003
9800
2008
9800
4679
9800
1568
9800
2359
9800
9154
9800
1577
9800
4113
9800
9880
9800
2483
9800
3929
9800
2272
9800
2373
9800
2753
9800
8734
9800
9855
9800
2670
9800
1041
9800
8735
9800
2185
9800
9842
9800
4069
9800
3893
9800
4108
9800
4501
9800
2324
9800
6845
9800
1563
9800
2333
9800
8742
9800
7012
9800
2631
9800
4058
9800
2514
9800
2954
9800
1615
9800
2443
4699
1398
9440
8592
3130
9591
3130
4114
9080
1283
2349
5200
8339
7956
4671
1351
4671
7848
7153
2031
2093
2088
6106
4702
6106
4699
4752
5924
4752
9228
2413
2412
2413
8358
1951
1842
7367
8629
959
949
706
9353
2606
2557
1866
1860
6665
9215
6665
3051
1898
1881
1898
1868
1171
1138
9842
2635
4689
1606
616
570
8263
8319
8263
7591
4075
2126
7488
3100
1189
1157
1189
4118
3311
3303
10028
9500
10028
8099
3736
1700
1888
8349
4835
9587
4835
3181
7372
9513
6136
4715
6136
7798
6841
2602
6841
2626
583
410
583
336
2083
7204
2083
7576
2083
7574
2083
4225
4747
1850
9246
2999
9246
2999
7331
9513
956
957
956
944
7964
9896
709
4258
7501
9733
7144
9891
2609
7110
1869
4132
1869
9995
8336
9946
8336
9946
81
2346
2218
1014
995
1014
994
6109
4698
6109
9847
8437
8443
8437
8454
8437
9340
6257
7807
6257
2296
4668
1445
4668
1416
4696
1397
5664
4239
2447
2438
8114
7758
7469
3564
5203
2358
5203
9206
1948
1844
3560
3562
3560
3374
8056
10063
1168
1149
1168
1170
1064
1051
1064
4293
1901
8365
1901
1874
1196
7285
1196
4202
6139
7511
6139
4706
8555
8957
7491
1510
3739
1541
3308
3303
7033
2032
1186
1168
1891
8349
1891
1875
4686
1580
6838
2635
6262
2336
6262
4771
8442
10010
7328
3945
7328
8071
1625
1624
2452
2435
3106
7505
3106
6403
3106
4137
4197
4073
5413
3916
5413
3204
5349
2850
4192
2123
1692
5725
1692
1666
1692
7614
5606
3867
5606
4029
1697
1689
1697
1690
1593
1588
1593
1586
8580
8089
8580
8089
3938
7309
68
2630
2625
730
9536
9979
8919
6130
1782
6130
1749
7559
7922
355
430
355
322
3470
4553
4973
4135
4973
1597
1702
1640
1702
1699
112
1583
1579
1687
1704
1687
9884
8465
9390
4187
2061
10308
10132
7740
8996
7740
5684
4202
5657
4202
8511
4202
9991
4202
9992
10001
8075
10001
8126
9978
3913
349
348
4320
9419
4320
8918
4320
4277
3575
3567
3575
3574
540
550
540
591
1813
1769
1749
3969
761
7420
4867
3636
4867
4543
10033
8038
7556
7930
4060
3072
6642
2908
6642
3825
2664
5300
2664
5299
2664
3719
5447
3262
5447
3297
7614
7647
7614
7266
7614
7629
3941
2116
2203
4005
2203
2089
118
5609
2858
5609
2878
7784
4658
7784
1472
9461
9483
9461
8984
3109
6402
3109
6397
3109
8758
208
116
5346
5981
5346
2914
2125
2114
2125
1990
1746
1739
6533
2215
6533
9914
5452
3347
5452
4091
6637
2891
6637
3011
7335
9439
7335
4018
4872
3616
4872
3614
478
309
478
361
9055
948
7794
3856
7794
2597
7794
1620
7794
3338
7794
2191
7794
3649
7794
2131
7794
3226
7794
2209
7794
2338
7794
3315
7794
1934
7794
3839
7794
3141
7794
2467
7794
3877
7794
3117
7794
2090
7794
9651
7794
1643
7794
1609
7794
6948
7794
4116
7794
4059
7794
5349
7794
2880
7794
3601
7794
2289
7794
3362
7794
2902
7794
3207
7794
6493
7794
3348
7794
1908
7794
9653
7794
3086
7794
9816
7794
1957
7794
9775
7794
4821
7794
5999
7794
2484
7794
9838
7794
8233
7794
2044
7794
3157
7794
9778
7794
2367
7794
3172
7794
2730
758
7419
62
2880
2865
1860
1848
1860
1862
3601
8754
3601
4541
3601
3853
8418
8845
6983
7008
6983
9648
6983
8355
6983
9734
6983
9271
6983
8783
3024
3835
10160
10315
10160
10157
8479
8091
6182
4744
6182
4749
337
336
2529
10042
2529
10022
9409
4197
8974
8621
8974
809
8974
5684
3782
4344
9751
3291
7460
5190
8930
9445
8930
9448
8930
9455
2286
8356
3569
3548
3569
7193
6993
4231
6993
2788
4826
3169
4826
7202
5045
7875
5045
4036
3925
7918
1505
6939
1505
1479
7051
4683
7051
6953
3591
3569
3591
3589
3821
3496
6854
7845
6854
7488
4215
2264
2268
2249
2268
2263
7905
4017
2296
2274
3777
4537
6916
2867
6221
2160
6221
6946
1715
1691
1715
7197
6177
1903
6177
1945
9408
7735
9408
5699
5720
8383
5720
9675
5720
1200
459
259
459
537
459
566
2289
2283
3566
3540
3598
3291
8070
7428
8070
7344
1933
1843
2526
2525
8421
7439
1120
1105
1120
1121
10285
10152
10285
10310
8377
9779
8377
5740
9414
3365
2427
2369
2427
2413
10013
6905
10013
7332
5510
2703
5510
7027
8020
4343
8020
10017
8020
8514
8020
3782
8020
8900
8476
5734
9336
4251
970
941
970
9132
9155
3637
9155
2361
9155
2064
9155
3204
9155
9892
9155
6346
9155
3597
9155
2184
9155
3652
9155
3004
9155
3905
9155
3109
9155
2708
9155
3040
9155
2775
9155
3316
9155
3142
9155
3977
9155
4021
9155
4071
9155
3994
9155
4009
9155
9908
9155
4133
9155
2883
9155
2381
6919
7533
6919
6927
6919
8270
6919
2349
6919
6928
6919
1815
6919
1110
6919
6926
8382
5734
6843
4101
6843
8748
6843
5975
7048
9760
7048
7050
3588
3593
3588
7193
2299
2089
2299
2298
465
401
465
356
3818
3037
3818
3938
3818
9970
3818
7638
2271
2297
2271
2261
6218
3993
6218
2215
4829
3188
4829
9180
256
255
2432
5733
2432
2419
5855
1056
5855
8211
7273
8557
4069
2076
9709
10054
639
351
639
638
5529
2763
5529
2789
3456
3451
3456
3465
5286
2497
5286
2496
3514
4411
3514
4410
7724
4249
472
524
472
275
8906
8556
3943
8618
3943
9469
8211
1029
5880
8217
5880
7835
4019
9003
3163
3054
4101
3002
5028
7809
5028
1949
6763
4870
6763
5814
3357
7498
6024
4544
6024
4546
6024
7142
3704
8259
3704
7117
3704
8763
4264
6687
4264
8632
6408
4824
6408
3099
5296
2749
5296
2691
5268
3899
5268
2758
1303
1212
9708
7175
9708
3394
4810
4811
4091
3343
3362
3269
9950
8846
9950
8496
9950
8014
9950
8039
9950
4178
9950
8040
6551
2275
6551
2331
6679
3086
6679
3157
734
5668
10334
10150
10334
10328
10334
10134
4545
4546
9636
2576
3954
3744
3954
3737
3954
3742
3954
6747
3954
3732
3954
4027
3954
3733
3954
8202
3954
8213
3954
3735
3954
8212
3954
8207
3954
3729
3954
4804
3954
8228
3954
3740
3954
3736
3954
3739
3954
8211
3954
8208
3954
3734
3954
3730
3954
3761
3954
7085
3954
4028
3954
8214
3954
7471
3954
3741
3954
3738
3954
3743
3954
8204
3954
3728
3954
3731
5427
3314
9714
6979
2510
2410
8909
7746
8909
8539
8762
3857
790
10114
4016
2282
5289
2289
5289
9838
7025
3763
7025
8634
7025
4102
8208
940
1832
9096
3893
2142
2720
2424
2720
8375
9884
8438
9884
7994
9884
8841
9884
4387
7570
8326
4098
1898
4066
3052
5526
9608
5526
6347
3459
3441
5031
1934
5031
1957
414
595
414
451
5271
2437
5271
2706
6411
3134
6411
7859
8757
3324
800
10116
5432
6463
5432
3247
2855
2953
2855
3999
4405
7336
4405
4349
4405
7324
1875
1863
6676
3132
6676
3166
7475
2875
638
570
638
393
4088
9443
4088
9709
4088
4018
4088
10047
9197
9205
6548
2293
6548
2254
5299
5971
3883
1865
1827
1774
8119
4238
9957
9466
9957
8867
9957
9328
610
644
610
346
1140
1125
1140
1141
3385
4354
3385
3384
8043
6966
8043
7711
5669
4242
7848
8298
7848
9725
1069
1070
1069
1052
60
7464
3512
8001
4084
4640
1319
4640
9867
6278
4792
6278
2380
7149
7205
1864
1862
1864
1861
1101
4294
1101
1100
2353
5229
2604
2559
4903
4892
4903
7912
8400
8844
8400
8835
8400
8833
8400
7652
8400
4039
8400
3691
704
4236
7969
7658
1448
1407
1448
1451
7213
1409
1373
7214
1373
1365
305
304
943
931
943
944
6104
7478
6104
4695
2167
2175
2167
8800
2167
4510
2167
8373
5108
8743
5108
5098
8937
8616
8937
647
8937
8642
9362
5685
9362
8893
9362
5686
1019
1017
1019
1018
2947
2843
5701
9392
7991
9719
6870
3982
6870
4148
3395
724
3395
4269
5773
4644
5773
1782
5773
6913
5773
1536
5773
7021
5773
6952
5773
9824
5773
6951
5773
1285
5773
9800
5773
1749
5773
5129
5773
1822
8942
8083
8942
8967
2952
2837
5691
3885
6134
3736
6134
4714
2172
2101
2172
7201
299
569
1091
1078
3734
1401
8390
7435
2344
2342
1016
1015
1016
1014
10146
10226
3790
7508
8334
9280
7851
1457
7146
2406
6190
4746
6190
8224
7966
7984
7998
3724
954
943
954
952
1098
4293
1098
1081
8054
8555
8054
8073
1066
1048
1194
1164
6281
2390
6281
2350
1451
1452
1451
1409
6317
2462
6317
4801
8795
1237
7105
9250
2897
9846
2897
5620
5111
3702
5111
8743
3620
3588
3620
3618
225
223
225
219
8116
8663
2892
2871
4275
7697
5698
9413
5666
4240
4694
1565
893
890
893
882
10133
10132
8615
5663
8615
775
8615
8109
593
595
593
630
593
302
6200
1951
6200
1894
7988
4212
7988
8424
7988
2531
3800
3801
2887
2886
2887
2862
9737
2449
5688
3878
5688
8978
2902
2841
219
218
10132
10335
4684
1511
883
875
883
882
5135
2105
5135
2062
9497
4019
6322
2515
6322
2445
1184
1167
1184
9280
1088
1076
8785
7963
7789
3741
7789
4486
3441
7210
3441
3443
4608
1254
4608
6722
5353
3827
5353
6754
5604
6916
5604
2973
9662
9661
5947
2231
5947
2241
2701
2494
3104
3105
3104
7970
5167
5930
5167
3955
4351
9352
782
7416
2669
2674
2669
2571
11
7647
1663
7543
2246
6345
8335
7619
9295
2691
8380
2691
7250
2691
8385
2691
2677
5172
4190
5172
5931
8823
3771
5952
5953
7799
2196
9995
7302
9995
1836
925
909
925
917
7771
751
9302
10101
9302
9319
9302
9355
7652
9344
238
108
4260
7433
2773
2615
821
7439
777
7418
1753
7001
1753
7004
1753
7217
3438
3437
3438
3381
7616
7032
4611
9867
4611
9836
4120
7944
4120
7144
422
430
422
399
6605
6932
6605
2773
161
5892
1176
5892
1152
2698
7949
2698
2677
2666
2572
2666
2674
5897
1319
5897
4493
7403
693
7403
7425
7403
7775
7554
8304
7554
7570
7554
7185
5344
3884
5344
5982
8312
8342
8312
8786
8312
8367
9455
8095
3970
1591
4348
5695
4348
9468
4473
1240
4473
1224
510
535
510
168
3150
3082
7786
1148
7786
9170
3423
3386
6750
2434
2688
2590
5902
1551
5887
1126
5887
1110
1744
1739
8965
7362
8965
8979
2135
4134
2135
4763
8145
7877
8145
4445
7796
9685
7768
75
10114
7409
818
816
180
179
8307
9648
8307
8355
8307
6716
8307
9271
8307
8783
8307
7007
9115
1062
1920
1805
10280
10257
10280
10158
938
7646
938
937
938
8423
938
3710
3026
2995
1433
4105
1433
3926
1433
8576
1433
8946
7710
9703
7710
10028
8358
4200
8358
7633
8358
5731
8358
9296
2284
2248
2284
8378
6323
9229
6323
2516
1428
1335
1428
5722
1428
9812
1428
7619
7833
4487
8976
742
8976
8640
8976
704
8038
1959
8038
5692
8038
8627
9364
8900
9963
8930
3730
900
9745
8356
6010
3321
7520
8279
8725
7864
8725
1784
8725
7860
8725
898
8725
1441
8725
1747
8725
4095
8725
2156
8725
7834
8725
4127
8725
1133
8725
1239
8725
7822
8725
1222
8725
1719
8725
1092
8725
4703
8725
4087
8725
1902
8725
2811
8725
1177
8725
2714
8725
6749
8725
2181
8725
7821
8725
1866
8725
4187
8725
1813
8725
5958
8725
5961
8725
2003
8725
8206
8725
1175
8725
1944
8725
3846
8725
7863
8725
1279
8725
2328
8725
4621
8725
2362
8725
5777
8725
9924
8725
2092
5828
3429
5828
4415
4824
3121
4155
2168
3761
2055
277
78
6914
6743
6914
7510
2294
2281
2675
2676
2675
2569
1655
1362
1655
1633
6856
3847
6856
3273
6161
1741
6161
1793
10099
10102
8979
4241
3207
3195
5660
7408
6483
7823
6483
3342
941
930
941
943
2524
2508
1060
1059
1060
1028
9097
7075
9097
9137
9097
9151
9097
1614
9097
6417
9097
5909
9097
1943
9097
7856
9097
2382
9097
1893
9097
3933
9097
1417
9097
9146
9097
2683
9097
2795
9097
7841
9097
4485
9097
2145
9097
5191
9097
4035
9097
9916
9097
3107
9097
2513
9097
3985
9097
3049
9097
4122
9097
2662
9097
4221
9097
4085
9097
6355
9097
2086
9097
4822
9097
3889
9097
4050
9097
9149
9097
7450
9097
1791
9097
7449
9097
7840
9097
1820
9097
2916
9097
1350
9097
2200
9097
9114
9097
3852
9097
2345
9097
4721
9097
2321
9097
3126
9097
1605
9097
2447
9097
1293
9097
7829
9097
4773
9097
2696
9097
3990
9097
7849
9097
3912
9097
5241
9097
2046
9097
4195
9097
1246
9097
7831
9097
2969
9097
5966
9097
4126
9097
4183
6807
7033
6807
4766
3564
3562
3564
3375
10063
3828
9092
975
8361
9720
3245
3233
74
149
74
84
74
71
74
131
74
69
74
63
74
65
74
67
74
59
74
55
74
57
74
82
74
61
74
58
74
151
74
70
74
68
74
62
74
60
74
83
74
56
74
64
74
66
74
54
74
37
7227
3717
9856
2638
1431
7946
1431
7947
1431
8345
1431
1336
7960
7623
8041
7694
8474
8044
3029
2996
9161
9227
1272
1229
1272
1228
9087
7495
9087
7479
9087
6742
6812
2361
6812
6816
9102
873
6859
3295
6859
3328
2005
1925
10263
10265
8250
9238
2240
2244
2240
7585
6493
3633
3212
9267
3212
6720
3212
3213
3212
9268
5831
3419
5831
3420
1267
1221
1267
1250
9594
21
3758
2861
3758
3805
3758
9791
5915
8761
5915
9210
6158
9148
6158
4741
7232
6977
7726
10088
7726
8098
7726
729
3516
3485
3516
3486
1235
1215
1235
1234
5284
2801
5284
2709
7538
7161
4288
9519
4288
736
4288
738
9140
1344
3454
9452
3454
8847
9664
8003
9664
3876
9664
8004
3010
3948
3010
8748
489
560
489
521
489
233
444
450
444
164
10188
10187
9606
7911
9606
7906
6026
3544
6026
3520
3706
3914
3706
9401
3706
8417
3959
2500
4531
7253
4531
5745
4531
9945
4531
3075
3417
7221
3417
4354
6525
3565
6525
4878
8904
8936
8904
3903
8904
8931
3381
3379
3381
3940
1075
1020
1075
9115
9783
8195
9783
3737
9783
8213
9783
3954
9783
8198
9783
3743
9783
3887
495
419
495
211
8778
8779
5294
2792
5294
6750
5675
9565
5675
701
4266
746
4298
8404
532
564
532
543
3422
7221
3422
3378
2828
7962
2828
8799
2828
2830
2828
7606
736
5664
7975
8416
4014
8990
4014
8635
9289
8509
9289
8513
4291
9141
4291
9164
10249
10170
7541
7207
6029
8738
6029
7461
6285
2388
6285
5199
3709
9084
3956
8903
9539
806
8822
8426
4333
8505
4528
6730
4528
7639
4528
9972
4528
9301
2660
2658
5524
2797
5524
6839
8592
9522
4064
1986
1680
1682
1680
1637
8693
7795
8597
9487
8597
8617
7729
7375
7729
797
7729
7378
7729
789
3519
4411
3519
4409
3519
9264
3519
3821
4180
1435
3378
8811
3378
4051
3378
3377
3378
3706
3443
3382
3443
3445
8817
9720
6674
3164
6674
3165
10131
36
739
8118
6295
2368
6295
2315
9538
807
8781
9921
9288
5676
9288
7641
4301
1191
2915
2909
4269
649
4269
4268
406
546
8602
728
2831
4528
2831
2818
10293
10316
10293
10168
8587
10053
8683
9138
8683
9135
5240
2493
5330
3868
5330
6370
6644
2979
6644
2912
8672
9796
1495
4375
1495
4378
1495
1371
2741
2724
627
593
627
307
8751
7028
8751
7028
7003
7002
7895
1840
2306
2096
829
9573
101
7639
7657
3611
3570
10245
10146
10245
10297
5120
2064
5120
2184
5434
3248
5434
7476
1485
1488
1485
8333
8563
3817
8563
3817
4438
985
4438
979
8667
804
4423
7921
4423
8281
7885
8299
5939
9932
5939
2229
10316
10321
10316
10321
1650
9886
1650
1655
7631
8412
9410
9425
9410
8942
9276
9920
4150
5296
9555
98
3473
4220
3473
3456
4970
7511
4970
4720
3348
3288
2309
7569
2309
5939
1045
10009
1045
9400
8748
4101
8748
4101
826
7438
2738
2749
2738
2675
391
19
5645
3113
5645
7481
6653
2978
6653
2901
5490
6227
5490
3902
6557
2325
6557
6817
7165
3792
9792
3799
9792
3798
3260
3240
7945
1720
453
454
453
178
6435
3267
6435
3849
8255
673
8255
7887
3608
3574
3608
3594
9667
1516
4441
1039
4441
1004
10191
10190
5936
5937
6562
2315
6562
2326
7628
1975
7628
3930
1325
1323
1325
7234
3351
3288
7636
8434
7636
3689
7636
8834
5500
2272
5500
2324
4800
2511
7142
9251
8280
3665
8280
9915
8280
7580
1293
1291
6366
3013
6366
2877
6398
7549
6398
7102
5306
2667
5741
8500
5741
5707
5741
2529
5741
8018
5741
7289
2330
7575
9597
150
6467
3345
6467
3602
8191
7813
8191
8720
8886
9430
8886
7316
8886
698
3684
7516
7259
2419
9949
3995
2939
2933
1283
8321
1283
7532
1283
1268
1283
8334
8949
8960
8949
8979
9013
703
9013
3984
9326
8867
9326
9983
6388
2937
6388
2923
8169
9756
8131
91
1341
1314
1341
1324
10311
10325
10311
10317
4790
7170
386
387
9710
7732
9710
9505
9710
9436
7137
2964
9063
7447
3275
7295
3275
3277
9321
9401
9321
3939
3694
3169
3694
3934
4111
10067
4111
10064
4111
5691
4111
8084
4111
3828
4620
8318
4620
9891
4620
4618
9948
9755
6472
4847
6472
4849
2434
2429
2434
2433
1031
1013
1031
998
10215
10335
8444
8492
8896
8521
8868
4353
8201
674
8201
8255
4395
8490
2490
7097
2490
4791
2490
7876
231
230
7256
5748
7256
5748
810
10119
7057
3126
7314
7320
8889
8526
6401
5389
6401
5388
6401
7113
4734
4027
4734
1812
258
86
5738
4173
5738
5736
5738
9989
5309
3978
5309
8749
8188
5805
8188
8200
6369
2896
8635
9558
2645
8311
2645
2643
2645
8338
2645
2636
9972
7657
3640
3620
8899
8517
8128
682
7062
1577
7062
8734
9905
4535
6391
3114
4385
1369
7923
7959
7923
1707
7923
6713
7923
7594
2500
2476
2500
3898
2500
2474
2500
7195
1338
4373
1338
4313
1338
9298
1338
1334
6233
3908
6233
4758
8453
7680
8453
7295
8453
4404
1523
1484
1523
1526
4108
1328
8946
6925
8946
9538
8946
8963
8946
808
3903
3869
3903
9690
3903
6994
3903
3915
9265
5792
9265
5792
1028
1027
1028
1026
2936
2834
2936
2940
8871
8521
8166
7916
8166
6924
8198
4154
9367
856
9367
1045
3301
6464
3301
4846
9798
9645
9798
9646
2816
8885
2816
8027
2816
7690
2816
9340
2816
4342
9438
7725
1774
1721
1774
1723
2754
2743
8175
4495
8175
1446
6086
8745
6086
1601
2225
2217
2586
7159
2586
2554
3269
7588
3269
3238
9781
6993
686
7436
9439
10047
3333
3313
5461
3603
5461
3651
4709
1645
4709
1675
4956
1568
4956
1536
1209
1185
3291
3283
3291
3320
10030
8594
10030
9471
10030
7399
9799
3787
9799
3788
5014
1820
5014
4195
7508
7120
7508
7889
6018
3667
6018
3677
1908
1833
5374
2924
5374
2941
2568
9294
2568
8386
2568
3720
2596
2555
4443
1032
4443
1021
447
162
4378
6942
5863
8258
5863
1073
4519
3845
4519
8818
4519
5800
668
665
668
663
668
662
668
661
668
8653
696
10123
3180
3094
5064
6913
5064
3893
591
592
591
291
6096
1531
6096
4702
6068
4657
6068
4684
3528
3491
7718
7740
6780
9149
6780
7829
2103
2079
2589
2551
2589
2588
3266
7134
3266
9578
3266
3250
3298
3255
689
10117
5982
2945
6089
1498
6089
1530
9293
5677
285
558
835
8322
7682
3365
8733
7506
2743
2749
2743
2690
4422
5708
2819
9958
2819
7603
2819
8809
2819
7249
747
9561
5183
2360
5183
3874
6099
1581
6099
1597
279
80
9506
7410
4454
1186
4454
1159
5458
3356
5458
3337
3288
3282
3288
3286
5977
2961
2599
2558
7511
1401
699
697
6021
3673
6021
3643
4516
2241
4381
4382
752
7762
752
8662
752
7760
1911
1801
1206
1182
2571
8351
2571
7240
2571
2570
671
9509
9653
2935
4417
3386
5193
5936
7677
6712
7677
6712
7573
8346
7573
8797
6071
4683
6071
1583
4706
1651
4959
7926
3531
3512
6375
5341
6375
4819
7721
9760
7721
9012
7922
9736
4212
2530
9831
2628
3086
3070
5225
4115
5225
2374
872
861
872
9113
274
88
5586
2611
5586
3031
1712
1708
1712
1692
9734
6716
5816
3458
6360
4813
6360
2755
9816
1771
9816
1828
9816
7528
9494
8645
9494
3726
9494
745
5754
3408
5754
3410
4758
4759
1522
1403
1522
1519
1354
1311
1354
1340
1603
1523
1707
1661
1707
1662
2863
2861
2374
2240
5568
2630
5568
5301
5596
5309
5596
3892
4564
1032
4564
999
200
119
867
6710
867
8613
10073
7726
10073
4223
10048
8558
10048
8941
10048
8562
7881
9904
1416
1329
7176
3524
562
249
7917
7929
363
285
363
541
3096
3092
3096
3093
4207
9652
4207
8022
4207
8464
4207
701
3068
8530
3068
7651
2461
9190
2461
9191
2461
3925
1517
1519
1517
4506
6251
2106
6251
5938
1481
7898
1481
5783
1481
1389
9980
9649
9980
8473
9980
10033
9980
8587
9980
9986
9980
8467
10137
10322
8424
8913
8424
8532
8424
7696
3018
2991
4245
85
3824
7565
5819
3448
6224
5102
6224
2158
2183
2168
173
172
5743
5744
9032
1156
7804
1396
2982
2919
5589
2618
5589
7107
5589
9864
6755
3559
1962
4332
4761
4762
552
627
3089
5389
3089
5388
3089
7102
3155
3154
3155
6396
7270
3871
7270
7307
7270
4280
7270
9394
7270
4004
9353
9597
9954
6969
9027
1611
2193
6961
2193
9746
8160
4481
8160
8742
8073
8080
8073
7709
8073
7706
5571
4152
5571
9837
320
400
7878
4017
10270
10215
10270
10136
3071
3090
3071
3056
6248
2054
7179
1385
1419
1330
4730
1818
4730
1906
2458
2394
2458
2459
3099
4136
3099
4198
1478
1438
1478
1479
1343
1315
1343
1340
973
957
973
974
3021
2993
1957
7539
1957
4745
1957
7112
1230
1227
1230
1198
2977
2953
2977
2536
5599
4221
5599
4126
3872
1456
1737
1713
7690
10056
6646
3047
6646
2905
1845
1808
1845
1839
7445
5803
7445
3408
7445
6015
7445
4125
7445
5817
7445
3431
7445
6372
7445
5426
7445
5409
7445
5950
7445
3581
7445
3410
7445
3154
7445
5983
7445
5322
7445
4549
7445
3479
7445
5189
7445
6350
7445
3357
7445
6024
7445
4824
7445
6914
7445
6369
7445
3640
7445
4417
7445
3187
7445
5304
7445
3425
7445
9821
7445
4799
7445
2810
7445
3415
7445
6840
7445
5988
7445
4106
7445
6396
7445
3346
7445
3510
7445
3701
7445
3947
7445
3892
9194
2833
2304
6727
6578
2806
6578
2718
5342
5980
5342
2906
2770
6350
2770
6364
5990
9860
288
79
4941
1561
4941
1613
7700
8081
7700
7709
7700
7706
7700
8580
7700
5706
5436
3224
5436
9868
9717
1170
2
3867
2867
1742
1710
6935
7899
5060
1953
5060
1997
6000
9896
6000
4534
9887
1458
9561
0
5337
3905
5337
2958
6503
3624
6503
3610
134
59
3202
3176
3187
3095
8
1995
1928
6802
5928
6802
4761
9112
5947
824
8857
6787
1598
6787
1555
6713
7622
6617
2681
6617
2609
6649
2900
6649
5350
6581
2798
6581
2700
2365
2222
4575
1053
4575
1071
3320
7617
3320
3279
5934
2120
6792
4748
6792
1884
1985
9995
1985
7677
1985
6712
1985
7258
4938
1570
4938
7806
9107
8257
6797
1885
6797
1931
10240
10325
8315
1639
624
218
624
554
624
223
624
556
624
555
3192
3098
10122
39
3197
6721
3197
9267
3197
9268
3197
9903
7634
10003
7634
7995
7634
8486
4470
1243
4470
1226
3973
1651
5850
7082
5850
8245
5439
3839
5439
5999
6622
2726
8352
7432
5304
2669
4308
1201
9138
1575
2342
8289
2342
7928
2342
8314
2342
9265
2342
8347
6364
2762
361
413
361
312
4739
9605
6873
4075
6873
7499
7078
9237
2990
2975
5770
7893
5770
9243
3686
8945
3686
3909
8884
8659
7319
10018
7243
7244
8953
8972
3000
7890
9139
1213
10022
10046
10022
10046
8347
7950
2337
2097
8894
9607
9417
8561
4560
983
4560
969
8446
8919
9315
8476
2436
2429
2436
2417
1370
9325
1370
9320
1370
4329
1370
4379
2023
1971
2023
4201
3696
1313
3668
9590
3668
2465
3668
4774
3668
2725
3668
4184
3668
2315
3668
1867
3668
2607
3668
1743
3668
3667
3668
4852
3668
3627
3668
3242
3668
2134
3668
3847
3668
2891
3668
3125
3668
1915
3668
3273
3668
9587
3668
3598
3668
3704
3668
1581
3668
1646
3668
1751
3668
4135
3668
5291
3668
3225
3668
2202
3668
9832
3668
3133
3668
2922
3668
5061
3668
2905
3668
3181
10209
10242
4311
4312
4311
4312
7316
7344
5075
4116
5075
2044
7254
3232
7254
4174
7081
3386
5365
2915
5365
2989
7117
7147
3689
5703
6305
2465
6305
2472
3747
3749
3747
3819
3747
4766
8612
4019
8612
7756
6967
7257
3835
9124
3835
5955
3835
2384
3835
1570
3835
1954
3835
7812
3835
2930
3835
7807
3835
1821
3835
2979
3835
7797
3835
7802
3835
4715
3835
4813
3835
4190
3835
6348
3835
8728
3835
2603
3835
1193
3835
5978
3835
1584
3835
3023
3835
1151
3835
2755
3835
2787
3835
1113
3835
5931
3835
1205
3835
7817
3835
7029
3835
2010
3835
7803
3835
1262
3835
7800
3835
7818
3835
1171
3835
2296
3835
1303
3835
7799
3835
2688
3835
5240
3835
7804
3835
2912
3835
7809
3835
7806
3835
7810
3835
2148
3835
1748
3835
2903
3835
1949
3835
6963
3835
7798
3835
1607
3835
3008
3835
7814
3835
8727
3835
7816
3835
2885
3835
2464
3835
5969
3835
2042
3835
8196
3835
9655
3835
7811
3835
1781
3835
2207
6147
1668
6147
6928
4736
1814
4736
1909
9540
810
7122
5785
7122
9244
7122
9245
2850
7592
2850
2829
8840
8859
171
170
9911
9926
9911
9926
159
3699
2510
8513
8923
9206
2100
2439
5734
2439
8433
8449
8035
8449
8479
8449
8877
9290
6725
6152
1677
6152
1760
10117
49
8164
4370
8164
1299
2934
2936
2934
2835
6972
10106
6972
7394
6972
6962
1765
1709
1765
1707
8944
9016
8944
6978
8944
8096
3752
7323
3752
8934
3752
8905
8607
9520
8703
4139
8703
9140
9271
8355
9271
8355
3671
9915
3671
3617
3671
7580
3671
3666
3405
7888
3405
3406
3405
7886
3405
8274
2756
2738
155
64
1776
1724
1776
1723
2814
5742
2814
2812
2814
8840
2814
8838
5482
3566
684
146
4883
5807
4883
5814
549
554
549
366
7425
685
7425
9567
6727
4394
6727
5791
6727
4768
6727
7934
6623
2670
6623
2631
2584
7610
9775
2591
2035
2033
6084
1567
6084
4691
5088
3992
5088
4006
8011
7702
5521
3957
5521
2740
5016
1907
5016
4099
5477
3658
5477
3634
4954
1599
4954
1534
5958
2509
4459
1246
4459
7831
4031
9997
4031
3903
4031
8888
5711
3729
5711
887
6094
4694
6094
1603
5098
7108
5066
2008
5066
6913
6732
6733
8410
8855
8410
8448
8410
8009
7658
10029
7658
8555
7658
7700
7658
8870
4893
9890
694
5655
2594
2555
2594
8278
1111
1096
5376
4822
5376
2916
3810
9657
3810
3723
3810
4264
3810
3989
6210
4167
6210
4754
3264
8773
3264
7126
7830
3653
7085
2351
10304
10334
3545
9236
2912
2910
2759
2720
2759
8360
1572
3742
1572
1557
1779
1726
1779
1687
5091
7875
5091
3992
4362
886
4362
877
417
407
4514
4515
9986
8061
8008
7673
8008
8030
581
333
581
613
5518
2695
5518
2794
5379
2949
5379
2938
559
229
393
18
6040
9586
6040
3511
5961
2396
4456
1241
4456
1208
157
2540
8936
2540
6947
2540
10032
2540
7349
2540
9989
5069
2145
5069
2046
8550
8586
8550
8570
8550
7346
451
411
5708
3412
4028
1876
4028
4751
4028
1888
4357
3402
4357
7855
10134
10133
4704
1653
903
894
1567
1517
5101
7182
2907
2836
1663
5701
1663
4131
1663
8026
5019
1842
7095
4686
8805
2815
7661
854
7661
9652
7661
8891
4163
4142
10060
8621
10060
8996
1204
8518
1204
7030
1204
8921
1204
7321
1108
1082
4943
1562
4943
1602
4588
1174
4588
1154
1535
1486
7238
4328
8532
10040
5584
9846
5584
3816
6928
1680
7862
4542
7862
7885
7862
9577
7809
1798
9825
9738
9825
9893
9825
3815
9825
4551
9825
3498
9825
7473
9825
3471
9825
6352
9825
4849
9825
7842
3084
8325
3084
3069
7123
5192
6420
3840
6420
6003
5756
3410
5756
3415
3829
8122
3829
8120
3829
7013
1462
1464
1462
7589
1462
9270
1462
9874
144
58
98
6229
9916
6229
4183
5814
3487
4818
7207
2482
6826
2482
2481
3094
3092
3094
8263
10275
10228
10275
10273
1414
9822
1414
9804
7174
3177
2711
2499
7857
3555
498
536
498
203
4598
7882
4598
7502
4566
1003
4566
1024
5594
9830
2376
2242
334
0
334
387
8527
8939
8527
7703
8527
8937
1356
8112
1356
1355
1356
801
2477
2396
2521
5958
2521
5961
1457
1454
1457
1440
8426
4343
8426
10017
8426
3782
1978
1985
1978
1937
2958
2957
7241
7008
7241
7009
7241
7007
4591
1128
4591
1154
2072
7955
2072
2067
2072
8815
6931
8323
6226
2182
6226
2134
4045
3343
4925
1599
4925
5902
7383
3976
7383
8663
5912
1570
5912
7804
6585
6586
5759
920
5759
910
3826
7375
3826
1624
8297
8776
6815
5937
6815
5193
6815
4770
2022
2021
2022
4201
8292
8773
126
3215
4535
3215
3694
9766
2583
9766
2540
9766
5798
9766
2561
4777
6988
4777
2080
4821
2911
7806
1537
8220
1566
5907
7555
5907
3970
9833
1786
7393
7768
2708
2500
6595
2753
6595
2631
10090
8660
10090
9525
10090
5660
233
232
2067
2028
2067
2012
4601
1239
4601
1279
8429
8854
9050
2195
2379
2314
3040
2846
4569
1050
4569
1041
1359
9938
1359
4386
1359
8381
1359
7238
92
83
4782
2364
4782
2304
2518
8249
2518
3837
8287
7179
1981
1941
1981
1977
5540
2751
5540
2774
153
56
8302
8789
8302
8343
2961
3802
2961
2898
2961
4524
2017
8357
2017
2015
8045
1322
3383
6709
3383
652
7826
1994
3241
4401
3241
3254
3241
4402
3241
3217
10198
10220
10198
10188
1375
1379
1375
4507
7215
2840
4905
3511
4905
3994
2355
7466
2355
7489
3806
7130
5932
7252
172
123
6206
9219
6206
1919
6911
6912
945
936
9793
3779
9793
3778
8678
3739
8678
4499
5775
1223
5775
8204
9433
9443
9433
9450
3393
3385
3393
4355
6036
6037
8409
9981
2536
2976
2536
3693
2536
2531
2536
4521
5927
2174
8546
7727
8546
8982
8546
8584
4460
8740
4460
7831
2728
6622
2728
2634
124
384
163
384
429
9299
9955
6209
7849
6209
2046
3238
7263
3238
4089
8722
9790
3862
6938
3862
3221
3862
1491
3862
2767
3862
3042
3862
9845
3862
9571
3862
3171
3862
4209
3862
4005
3862
2785
3862
1824
3862
1903
3862
3663
3862
7472
3862
4692
3862
2685
3862
1945
3862
4081
3862
2950
3862
2478
3862
2089
3862
2985
3862
1788
3862
3159
3862
1590
3862
9591
3862
4074
3862
9620
3862
4076
3862
4825
3862
9688
3862
3647
3862
2876
3862
4070
3862
2719
3862
4690
3862
2610
3862
4114
3862
9751
3862
9636
3862
4016
3862
2892
3862
4694
3862
6345
3862
2524
3862
3260
3862
3351
3862
1603
3862
1737
3862
1995
3862
2365
3862
3973
3862
3243
3862
1644
3862
3682
3862
4848
3862
4851
3862
2392
3862
1886
3862
2298
3862
2149
3862
2456
3862
3299
3862
6992
3862
3669
3809
7153
3809
9911
7103
4654
8793
9899
1780
1726
1780
1687
9658
7607
2760
7229
2760
7231
2760
2433
2760
8361
8512
8552
10
895
9429
895
879
4273
9563
4273
677
7829
1475
6908
6909
8681
4651
8681
1506
3857
3594
8549
8075
2539
4398
2539
8422
2539
2540
2539
9322
5070
2152
5070
4064
8717
861
8613
7037
6774
7847
6774
7470
10315
10226
6039
4550
6039
3509
5380
2937
5380
2951
9298
4313
9298
4313
8406
8412
8406
9318
3174
3097
885
883
885
878
146
62
9281
9899
8507
8556
8507
8070
5020
1905
5020
1809
10246
10253
10246
10148
362
407
362
542
8783
9678
10292
10309
10292
10252
10292
10299
9659
7038
10116
51
2731
2666
5133
2094
5133
2063
5355
2982
5355
3028
2932
2920
2932
2830
7264
6706
7264
657
7264
6705
375
217
375
373
7810
2079
6230
2183
6230
3917
623
412
6957
1606
3830
2414
10142
10262
6478
3360
6478
3358
6343
2719
6343
2456
10331
10159
10331
10132
1248
1267
1248
1220
6419
3198
8882
8917
8882
8541
8882
8082
8882
9684
7545
6999
8825
9941
9046
6225
9046
2212
9046
5709
9205
1061
1128
1103
1224
1184
3036
7753
923
9128
923
902
369
556
369
448
4724
3804
4724
1815
10136
10318
5728
5729
4008
9376
5536
2723
5536
2808
2927
2825
2927
2828
10143
10261
8877
8091
3661
3609
8921
10112
8921
8549
8921
8951
8216
6922
8216
8739
8216
6920
8216
6919
8216
6921
8216
8746
1755
1681
6962
770
6962
6929
8028
9435
2775
2624
8154
9163
8154
6957
9358
712
9358
8895
9358
852
5760
919
5760
3730
6416
6417
10098
8651
10098
5666
7405
135
6603
9839
6603
2682
6354
4815
6354
4808
6707
9598
6707
7312
6707
656
4475
1192
4475
1225
3425
3417
6481
3356
6481
3332
1251
1232
1251
1231
6517
4878
6517
3610
6712
4111
8430
4327
8430
9346
8430
8450
1131
1115
89
165
164
9359
9365
9359
9365
8143
9152
8143
9138
10241
10321
4011
3906
5731
7655
2133
2128
9331
8018
9331
7659
8963
8614
10262
10265
8219
9205
3658
3592
6522
7469
6522
7857
9584
9585
10210
10209
5539
6355
5539
3852
8918
8938
9316
5797
9316
5797
9113
866
1360
8504
1360
7286
8031
8043
8031
8890
9234
7155
3039
4143
3039
2813
4570
1053
4570
1036
2380
2243
9049
2340
9644
3642
9644
3411
9644
2955
9644
3345
9644
6002
9644
3158
9644
2778
9644
3416
9644
2672
9644
2805
9644
4189
9644
2681
9644
2900
9644
3429
9644
2094
9644
2388
9644
6225
9644
3546
9644
2364
9644
5815
9644
3553
9644
7823
9644
3389
9644
3246
9644
4550
9644
3421
9644
5813
9644
5199
9644
3602
9644
4868
9644
3942
9644
2277
9644
3460
9644
3129
9644
5350
9644
2609
9644
3026
9644
3010
9644
3298
9644
2461
9644
2304
9644
3192
9644
3264
9644
5708
9644
2477
9644
5989
9644
3628
9644
3639
9644
3108
9644
2063
9644
3342
9644
2699
9644
3482
9644
4552
9644
3440
9644
3577
9644
9687
9644
3534
9644
3844
9644
4415
9644
2520
9644
3670
9644
5991
9644
3509
9644
6334
9644
2212
9644
5709
85
3254
9641
7689
8596
7689
7350
3316
3312
5484
7499
5484
4006
8632
7426
2801
6586
2801
6990
2801
7145
1435
1413
1435
1451
4488
6944
2582
8407
2582
9315
2582
7643
2582
7654
4372
4373
7835
1102
1562
1559
2769
6364
2769
6840
6325
2460
6325
2519
5989
2918
682
681
6082
1598
6082
1533
4331
8041
4331
3690
4331
7684
7747
7421
5846
1025
5846
7893
8723
3993
8723
4680
8723
3918
8723
8737
8723
2215
5059
7904
5059
4024
5151
4063
5151
2106
8627
7379
2791
914
2791
9145
2791
1153
2791
6991
2791
1736
2791
4655
2791
985
2791
4744
2791
2703
2791
4687
2791
4749
2791
962
2791
1316
2791
7478
2791
1599
2791
1756
2791
946
2791
1032
2791
1534
2791
1277
2791
2763
2791
4695
2791
1074
2791
979
2791
9622
2791
1054
2791
4658
2791
4689
2791
1186
2791
1091
2791
4120
2791
5902
2791
2490
2791
1206
2791
1111
2791
4704
2791
2379
2791
2518
2791
922
2791
1472
2791
2081
2791
2275
2791
4167
2791
2348
2791
1444
2791
2155
2791
2301
2791
1021
2791
2192
2791
3932
2791
1825
2791
7027
2791
4641
2791
4157
2791
1159
2791
999
2791
932
2791
2771
2791
2789
2791
1244
2791
2331
2791
4484
2791
1418
2791
4477
2791
4743
2791
1130
2791
4754
5971
7208
5494
4184
5494
2199
4466
7882
4466
7871
4498
1594
9511
7417
9985
3836
7699
8947
6121
7901
6121
1668
240
239
7752
7761
9292
6709
9292
8415
4153
8597
4153
3880
7671
8528
7671
4284
6077
3933
6077
1605
1653
1392
1653
1656
1557
1550
2621
2587
677
3754
9542
5658
2673
2656
5999
3229
721
129
2577
8300
2577
9777
2577
7564
2577
6753
4367
1116
6485
3598
6485
3306
4491
1346
5986
7541
5986
4818
5986
4526
2798
2722
2766
2764
3319
7617
3319
3279
508
535
508
169
508
385
9776
9968
3243
3234
4328
4329
5324
2842
6650
3048
6650
2901
7686
4056
4144
8545
4144
8969
4144
8564
4144
4047
5148
2332
5148
3977
2003
1899
4501
1592
4964
1670
4964
1751
5968
2408
5996
7130
276
275
2788
1498
2788
1093
2788
4478
2788
1564
2788
1023
2788
1035
2788
1174
2788
1057
2788
5305
2788
1600
2788
4705
2788
1321
2788
929
2788
7555
2788
1530
2788
3851
2788
1642
2788
1001
2788
960
2788
1066
2788
1753
2788
1128
2788
1617
2788
4447
2788
1717
2788
1154
2788
984
2788
4659
2788
968
6495
9183
6495
3328
87
1644
1481
5114
2157
5114
4043
6118
8221
6118
1502
7668
9987
7668
858
7696
8929
5440
6007
5440
5998
10020
8668
10020
10041
10020
7773
2618
9864
2618
9864
5849
9150
5849
1000
5056
1932
5056
1953
178
126
4469
1277
4469
1244
5913
7797
5913
7804
718
127
5769
993
5769
978
2989
2975
1233
1236
1233
1199
100
5582
2678
5582
3815
6338
2442
6338
2704
10278
10239
10278
10147
1391
1361
2062
2057
7202
7665
7202
8801
7202
8354
7202
3038
452
366
452
420
4740
9605
3082
3076
3082
3081
7187
7218
7187
9721
7187
2855
7187
7215
804
10128
9132
955
9344
8031
7320
9977
7320
7343
9765
7753
9943
1189
2484
5953
2484
4011
5801
8018
5801
5739
5801
7659
6523
3581
6523
6024
1401
1387
1401
1389
3077
3065
3077
3834
7192
9766
7192
2539
3121
3119
3121
3101
407
550
1073
1061
7197
5725
7197
9885
7197
7599
7197
5726
2057
8342
2057
8798
2057
7953
2057
8785
136
69
5673
6971
2999
7187
5577
2612
878
869
878
875
5621
2607
5621
2619
5791
9744
2971
2968
2494
2496
2494
2473
2846
2825
2846
2824
2151
4076
2151
2149
8141
4662
8141
1446
8836
8449
1369
7262
1369
8861
1369
4379
7973
7987
3634
3621
4559
984
4559
968
9127
876
3690
5705
922
913
6341
2447
6341
5241
7872
4514
7872
2383
7872
7115
4335
10066
4335
8976
9826
9869
9826
7132
1388
7605
1388
1359
6283
2375
6283
2486
2324
2309
8695
3008
8695
2885
8274
3396
8274
8305
1472
9851
1472
9258
4794
2399
3445
3451
3445
3444
2986
2985
2986
9620
5798
5799
5766
9185
5766
8210
9821
9869
9821
7132
9821
4052
8450
8480
2440
4162
2440
8433
1398
1388
1398
1386
1366
1370
1366
7286
4556
3429
4556
3440
6293
5196
6293
9213
7867
9200
3118
3103
3118
3119
3700
2977
2913
2910
881
708
881
9323
881
880
5618
9676
5618
2970
8839
9647
2849
7592
2849
2829
917
916
917
911
4614
1298
4614
1259
4784
3918
4784
3991
5788
7233
5788
1937
2996
8764
2996
7556
2996
7187
2996
3700
2968
2963
2968
2898
8138
4644
8138
4679
2148
2142
8685
7021
8685
4094
1467
1449
9487
8660
9487
7740
83
189
188
7824
2066
2415
2371
2415
2458
6204
1938
9012
4243
2095
2014
2095
4511
2095
5789
7155
1688
3270
9621
3270
7254
608
565
608
323
3804
1714
6567
9683
6567
4040
6663
2930
6663
2979
3878
9490
3878
9498
10310
10140
1210
9090
4710
1645
4710
1499
195
192
4073
7731
8265
876
4833
3182
4833
3208
10121
41
6779
9844
6779
4656
8544
10044
6572
2461
6572
2699
2534
5741
2534
2528
3179
3094
9007
7765
4520
2532
10254
10141
10254
10151
19
2085
7151
232
109
6034
3532
6034
3528
5038
1943
5038
1893
6090
3742
6090
8228
3922
3923
690
689
2590
7159
2590
2551
5247
2463
5247
2713
8662
750
9894
3257
2820
2822
2820
7603
1732
1704
1732
1684
4232
7663
4232
8049
4232
4399
4232
10034
4232
4346
5205
6749
5205
2092
8657
7762
3881
3882
3176
3177
3176
3093
5252
2478
5252
2524
8553
8081
8404
7648
8404
9333
700
9652
700
692
2600
7993
2600
7248
2600
9316
3917
4759
6776
3448
6776
3459
6100
7854
6100
4697
9982
8421
9982
895
9982
846
9556
72
4960
1750
4960
1793
9377
8936
9377
10032
9377
7349
7035
1695
4227
4198
9187
1251
9275
7618
9727
4390
9727
6715
9727
1985
9727
9272
1727
1695
1623
1545
1623
9122
5041
1996
5041
1892
7067
3218
5415
3175
5415
3202
7266
7647
7266
7647
7298
8510
7298
9393
7298
9693
1595
1521
429
444
429
415
7017
9876
6981
3774
6981
8324
6981
8266
6981
9230
6981
8789
6981
8366
4975
1698
4975
7819
6359
2651
6359
2746
3682
7090
3682
3681
3682
4542
4538
3239
9211
941
8463
8037
435
363
435
276
435
524
1585
9093
7288
8952
7288
8072
7288
8049
7288
10034
7288
4346
5534
9592
5534
2806
3511
3502
4726
3891
4726
9142
1226
1184
7072
3806
1931
1840
3034
5773
9044
1647
9044
7870
9044
9182
9906
3483
3573
3561
8156
4369
8156
9139
8861
9420
8861
8503
8861
7330
3677
8299
3677
7090
392
3
9266
4308
3721
746
7531
1797
8214
1212
1815
1770
7022
8045
9838
8259
9838
7117
9838
8763
6356
2750
6356
4811
5820
4053
5820
9840
7301
3687
7301
8915
7301
1629
7301
8058
7301
8919
2205
2052
6414
3166
6414
3135
7269
8849
7269
10067
7269
7693
7269
10064
7269
5691
3090
3039
3090
3073
6978
694
6978
7773
6457
3298
6457
3264
8237
1545
5590
2603
5590
2688
2247
2227
2247
7630
7291
8051
7291
4144
4541
7557
2123
8308
2123
1993
9677
3592
3508
3503
9839
2657
9325
4380
7333
9449
1928
1880
1928
1901
8159
1243
8159
1281
6535
4033
6535
3893
9427
8581
5600
5310
5600
7837
10032
8931
1229
4199
1229
8428
8858
8869
3718
8793
6462
3753
6462
3360
8242
1524
7528
7907
2252
2234
3100
7188
3100
3084
9053
935
4729
4750
4729
1817
1420
1419
1420
9818
7180
9902
7180
9902
4991
1743
4991
9832
5486
6948
5486
4116
3314
3317
3314
3272
1797
1796
1797
1776
1792
1786
3256
3257
3256
3239
5329
2884
5329
5977
6985
6984
1622
9086
830
829
5387
2847
5402
3207
5402
3172
13
1008
992
1008
1006
5043
9167
5043
9162
3923
4219
3923
4319
3923
4004
1787
4078
5119
5926
5119
2065
6995
2019
1802
1733
1802
1803
5001
1824
5001
1737
7640
3369
9991
8925
9991
10001
4464
7871
4464
1302
5468
7457
5468
7494
5496
2257
5496
4077
4848
3312
4128
10086
4128
6996
4128
4208
9505
665
5844
9166
5844
9192
257
256
1503
1372
1503
1514
4969
1500
4969
3734
7903
7584
4213
10049
4213
4073
5397
3139
5397
3193
6061
8246
6061
8209
4149
5296
5392
3129
5392
5991
661
9522
5940
2302
5940
4772
9970
9633
1649
9107
1649
1384
1581
1565
1713
1691
1713
1705
1617
1539
2561
5738
538
548
538
549
8108
10116
2764
2617
6742
6743
5984
5985
1935
1838
1935
7982
336
424
4988
1744
4988
1822
3142
9570
2310
7569
2310
5939
7684
5705
3259
3253
5326
9154
5489
7033
5489
4086
210
115
1646
1481
6845
2875
10271
10301
10271
10260
1011
998
1011
982
3137
3116
5471
4210
5471
3634
5994
3143
5994
3183
4966
5909
4966
4035
4998
1789
4998
1735
6737
6940
6737
9848
4851
3335
4146
7397
4131
7034
4131
7352
4131
10082
4131
7729
5499
2320
5499
2273
9712
8055
9712
8055
5054
3883
5054
2005
480
295
480
299
480
417
6058
8203
6058
7825
5853
1025
5853
1034
1578
1460
1578
9933
7275
5685
7275
8893
7275
8485
7275
5686
7275
8843
7694
3810
658
7372
658
4247
2558
2553
2558
2545
8111
7391
8111
1627
5116
4021
5116
9908
9790
1789
9790
9592
9790
3856
9790
8240
9790
2597
9790
1620
9790
3338
9790
2191
9790
9865
9790
3649
9790
3226
9790
2209
9790
2338
9790
3315
9790
1934
9790
3839
9790
1673
9790
3141
9790
2467
9790
3877
9790
3117
9790
2090
9790
9651
9790
1643
9790
1609
9790
6948
9790
4116
9790
4059
9790
5349
9790
2880
9790
3601
9790
2289
9790
3362
9790
2902
9790
3207
9790
6493
9790
3348
9790
1908
9790
9653
9790
3086
9790
9816
9790
1957
9790
9775
9790
4821
9790
1562
9790
5999
9790
2484
9790
9838
9790
2806
9790
2316
9790
8233
9790
2718
9790
2044
9790
3157
9790
1497
9790
2768
9790
9778
9790
1735
9790
2367
9790
1465
9790
1757
9790
3172
9790
1602
9790
5956
8279
7571
2402
2400
2402
2404
2402
2286
2402
9745
4799
2414
2122
4023
2122
2154
2122
1993
2122
3831
2387
2239
4652
1576
3165
3085
7260
3454
7260
8435
7260
8431
9771
3914
9771
7273
9771
3939
4771
2218
3945
10068
3945
8600
2486
2485
2486
4795
2486
4796
1972
7983
1972
7991
1972
9980
1972
7996
2329
2313
6765
9628
6765
3528
806
10126
1152
1119
3061
3053
3061
2832
1305
1271
7608
2814
9133
2119
9133
7495
9133
7479
9133
6742
2117
9744
2117
4768
2117
8780
2392
7147
2392
7543
4789
2236
4789
9642
2081
2077
2397
2406
2397
2284
8170
4120
8170
4477
5561
2663
5561
2679
8950
8960
8950
8965
2940
8820
2940
4181
17
3628
3591
1147
1118
3636
3621
7351
8626
7351
10091
1967
9967
1967
9980
1967
3752
8834
8017
4619
7944
2844
2839
2844
6731
2844
8348
2844
7608
4543
4854
4543
3857
4543
4855
4647
9220
4647
8262
2468
7933
2468
9259
2468
9260
2468
2475
2496
8376
2496
2441
2326
2291
8890
8053
862
8193
809
7395
809
7766
809
6930
2489
9889
2489
7146
525
540
3895
3212
5764
9199
5764
963
2984
2983
7023
5683
7023
4279
7023
5682
4768
1970
4768
2021
4796
2399
6370
2974
5310
7100
5310
3979
5310
8749
9815
5930
9815
2255
9815
2444
9815
3013
9815
2944
9815
3127
9815
3713
9815
3935
9815
6826
9815
1819
9815
5102
9815
2481
9815
3899
9815
5341
9815
3635
9815
2040
9815
3840
9815
1932
9815
3955
9815
2322
9815
3173
9815
3340
9815
2158
9815
6005
9815
1916
9815
3975
9815
3833
9815
3559
9815
3941
9815
6010
9815
4516
9815
1742
9815
3850
9815
1953
9815
2634
9815
3673
9815
9853
9815
3041
9815
6332
9815
9819
9815
2758
8276
7167
15
4616
6927
4616
7518
9412
7710
3058
2823
3058
3039
7611
7640
2499
2476
2499
2474
2499
9952
2499
7195
2078
2076
1873
1855
1873
1871
5558
2687
5558
2659
857
6970
8900
9411
8900
7318
4554
3441
4403
3216
4403
7313
4403
9656
2853
7218
2853
7215
2853
4181
1364
1370
1364
7286
3639
3620
3631
3281
3631
3595
7473
3781
7348
705
3885
10086
3885
6996
3885
4208
10276
10215
10276
10136
2471
2470
2994
2854
2994
6842
10007
8070
10007
8906
10007
10015
4786
2104
4786
9642
519
533
519
256
6632
9629
6632
5323
7558
9725
3111
3071
4897
5813
4897
3534
1255
1238
1255
1233
2694
9622
2275
2266
4892
7160
4892
7560
4892
7176
5611
2880
5611
9778
3434
3433
3939
7310
8325
9974
8325
8814
8325
7220
8325
3073
5348
2929
5348
3760
5473
6015
5473
3644
409
621
409
588
4344
6700
4344
10061
3330
3314
9785
9756
9785
8688
1748
1701
4887
5812
4887
5810
2684
2585
6723
1301
6723
1241
4902
7160
6627
2683
6627
3912
7310
7315
7310
8538
415
545
415
547
814
813
7764
76
756
755
7561
1274
10040
8945
10040
3909
3108
7505
3108
6403
3108
4137
4167
1983
9562
4257
4947
5909
4947
7856
4604
1297
4604
1276
4353
9395
4353
3367
907
906
907
706
907
9319
9467
9486
9467
7362
5608
9863
5608
2879
3936
2647
8485
6941
8485
4280
1563
1559
2903
2842
1667
1665
1667
7032
1667
5724
8650
9560
2640
2581
2640
2697
9976
3930
9976
2029
3500
3473
5351
6754
5351
3021
1672
1650
8495
8912
8495
8907
759
7386
912
911
912
897
1751
1700
4952
4135
4952
7496
4172
3497
3645
3607
3490
3493
3490
3474
9820
8759
9820
4497
9820
7520
5260
2513
5260
2447
9272
8791
7471
1307
958
939
958
952
7994
9718
1899
1881
1899
1868
482
230
482
527
2473
2459
2473
2441
2348
7577
8338
7974
8338
7958
1453
4322
1453
4219
1453
4319
1453
9990
1453
8843
1453
4004
9510
90
5694
10071
7853
1431
4698
1398
4666
1417
4666
7840
5275
2807
5275
3959
8523
8559
6111
4705
6111
1642
1946
1845
9965
8001
9743
2197
711
4260
7499
2196
8058
8926
1094
1065
7132
9840
1198
1202
1198
4202
1166
1149
1166
1169
1871
8848
1871
8832
2611
2563
9912
4201
7984
8429
7984
8873
212
211
201
200
3306
9202
3306
4539
3306
6014
1889
4751
7127
8301
10148
10147
10148
10315
3741
7550
3741
7937
7489
2318
1084
1081
1084
1069
1188
1190
1188
1170
4135
8293
4135
7092
5684
4276
5684
9015
5684
6930
1635
1656
1635
1373
6836
4012
6836
6300
6141
4122
6141
4721
4688
1580
464
359
464
315
464
451
7326
3945
7326
8071
7468
3583
7496
1382
961
949
1949
1844
8283
1233
5640
6398
5640
7850
2013
9297
2013
2012
10026
8944
10026
7344
7844
3322
21
1169
7981
1169
1137
1169
9317
1169
9333
4669
4103
4669
1415
8341
9281
2351
919
2351
1022
2351
4158
2351
4013
2351
1500
2351
871
2351
1999
2351
1127
2351
1002
2351
2190
2351
1223
2351
4065
2351
4681
2351
942
2351
904
2351
1294
2351
3822
2351
1056
2351
1812
2351
6744
2351
9606
2351
3872
2351
3809
2351
1557
2351
1280
2351
977
2351
1089
2351
4714
2351
4499
2351
4486
2351
1173
2351
887
2351
3952
1040
1038
7940
7956
2063
2057
4701
1701
10021
9710
10021
7708
6108
4717
6108
4698
5104
4025
5104
9214
9248
1343
708
8862
7397
6954
7397
794
7397
6955
1444
1429
5903
8239
6274
2252
6274
9835
7392
10104
7392
5659
7392
5654
7392
10097
7392
6693
8061
8544
8061
10016
8061
8933
6695
10101
6695
820
1868
8365
1868
1857
1201
1227
1201
4202
1896
1879
2608
2564
4773
2099
321
320
6839
2635
7329
8585
7329
7714
1280
1278
7486
3657
7486
3675
8293
7161
2260
2263
2260
9878
2260
5932
2260
1974
6450
4845
6450
3310
7387
758
3738
2281
640
328
640
620
7402
147
1191
4298
1191
4296
1191
3814
6685
9892
6685
3109
1886
1865
3309
9581
3309
3308
4691
1487
6138
3734
6138
4714
9249
8312
9249
8312
5333
2882
5333
9203
9639
4324
5029
1858
5029
5925
3461
3442
5291
2784
4018
8961
4018
648
9877
2848
8206
5944
8911
8590
3374
3370
3374
3376
5180
4163
5180
2205
3863
1541
4068
2832
4096
9925
7600
8382
4524
4525
5528
2693
5528
2792
5301
5563
5301
3719
770
7424
9638
4911
9993
8664
9993
8985
9993
811
7820
1462
6678
7075
6678
3107
9394
4281
4240
3
4086
2123
7590
7223
10283
10306
10283
10305
6546
2294
6546
2256
6409
3136
6409
3148
1733
1724
1733
1705
5269
2444
5269
3899
9706
8610
9706
8093
9706
9464
4099
1766
390
4
3458
3457
3458
3445
6722
1289
9564
691
8209
9218
3977
2084
7534
7553
5288
3766
5288
2469
4284
4285
9330
9342
354
325
354
596
4021
2140
8908
9434
8908
8940
8908
7699
3193
3098
6512
4869
6512
3658
9453
8599
4071
7106
10260
10162
5531
3765
5531
7074
6793
1999
6793
4028
9103
1457
5026
1932
5026
1916
5266
2484
5266
9838
5298
2743
4675
1441
4675
3725
6406
3127
6406
3833
4294
5676
4294
1070
4294
9293
4294
7641
3982
2036
6717
8873
8774
9871
6613
2765
6613
2634
4089
4401
4089
3254
4089
4402
4089
3217
2155
2122
7415
145
6549
5199
6549
2277
6681
3106
6681
6390
1175
1140
10096
7397
2824
4529
2824
2826
6783
1554
6783
9770
6507
3656
6507
3638
3183
7548
2180
4209
2180
4070
2027
1973
2027
2073
9254
6984
8100
8125
8100
6710
1160
5772
3596
3321
3568
4224
3568
3707
3568
3366
3568
3364
7252
1968
4660
8282
4660
8284
4660
7915
2528
8500
2528
8913
2528
5707
2528
8929
2528
7289
9217
2120
6882
6332
6882
2758
8419
8499
8419
6703
9927
2232
2333
2100
9339
8045
8343
8366
8478
4252
8957
9461
8957
8587
1000
990
8230
1511
2291
2250
2291
2311
4831
3184
4831
3896
3225
3214
7247
3586
7247
3586
7046
5803
7046
3408
7046
6015
7046
6464
7046
4125
7046
5817
7046
3431
7046
6372
7046
5946
7046
5426
7046
3391
7046
3472
7046
3557
7046
3644
7046
5409
7046
5950
7046
3581
7046
4418
7046
3410
7046
3154
7046
5983
7046
5322
7046
5134
7046
4549
7046
3479
7046
5189
7046
6350
7046
3403
7046
4165
7046
2716
7046
5195
7046
6843
7046
3357
7046
6024
7046
4824
7046
6914
7046
3611
7046
5309
7046
6369
7046
3640
7046
4417
7046
3099
7046
3187
7046
5304
7046
6364
7046
3425
7046
5324
7046
5968
7046
9821
7046
4799
7046
3461
7046
2810
7046
5809
7046
3971
7046
6748
7046
3415
7046
6840
7046
5988
7046
4846
7046
4106
7046
6396
7046
3346
7046
3510
7046
3701
7046
3947
7046
3892
8090
7364
8090
7365
6825
5951
6825
2319
2269
2246
2269
6728
2269
7587
2269
7932
3586
4194
3586
5698
2032
7189
2032
2034
6154
1791
6154
4721
3816
2586
990
976
990
988
4915
4660
4915
7490
7205
1129
2301
2117
8962
4244
3754
9593
9694
8466
9694
8463
9694
8009
6921
9220
6921
1240
6921
2093
6921
1073
6921
8265
6921
1147
6921
5960
6921
7529
6921
9208
6216
3737
6216
1999
6877
2280
6877
4090
9338
8599
8603
1835
8603
7730
8354
8865
8707
8268
8707
7916
3571
7567
3571
3547
934
924
2531
2530
10118
47
8416
9573
230
229
10290
10212
10290
10258
10163
10241
5010
1830
5010
1911
8517
9011
8517
8661
8517
4203
316
627
9406
7734
8481
8045
9280
5678
9280
4298
9280
1169
9280
9285
8034
8885
8034
7690
8034
4342
1424
4495
1424
9823
3599
9751
3599
3351
2288
2283
850
9354
850
8863
5824
4417
5824
3425
6219
6740
6219
7824
4828
3200
6963
1432
10162
10161
6143
1747
6143
4703
468
443
468
293
3819
8745
3819
1501
3819
1469
3819
2455
3819
1601
3819
1560
3819
4370
3819
2751
3819
1260
3819
2302
3819
2695
3819
3147
3819
1677
3819
2774
3819
3198
3819
1738
3819
9676
3819
5325
3819
1814
3819
9629
3819
1618
3819
4651
3819
4772
3819
4767
3819
2391
3819
2082
3819
1760
3819
4492
3819
1318
3819
2009
3819
4722
3819
1506
3819
5323
3819
1299
3819
4748
3819
7492
3819
4682
3819
3960
3819
4700
3819
7033
3819
3106
3819
4215
3819
2947
3819
2701
3819
2660
3819
2915
3819
4163
3819
2621
3819
4491
3819
2989
3819
2205
3819
2329
3819
4086
3819
1884
3819
1219
3819
5804
3819
5718
3819
3128
3819
6390
3819
3185
3819
2794
3819
1421
3819
1909
3819
5385
3819
2970
3819
5959
6430
4015
6430
3203
8712
3551
8712
5987
8712
8222
8712
7827
8712
4845
8712
3625
8712
4416
8712
2390
8712
3419
8712
2678
8712
9738
8712
9893
8712
3815
8712
3191
8712
8197
8712
4847
8712
7884
8712
4228
8712
3783
8712
8721
8712
6349
8712
9863
8712
6353
8712
2278
8712
5285
8712
5295
8712
2303
8712
3476
8712
2235
8712
2879
8712
2350
8712
2105
8712
3144
8712
3790
8712
5306
8712
2035
8712
5996
8712
2062
8712
3573
8712
5820
8712
3636
8712
4543
8712
2489
8712
4892
8712
9877
8712
3775
8712
7912
8712
5806
8712
3600
8712
3471
8712
3310
8712
2213
8712
2460
8712
7842
8712
4850
8712
3427
8712
3526
8712
7808
8712
2519
3743
7535
3743
7561
3743
7530
7049
733
7049
7371
7049
734
2266
2262
2266
2260
2298
2116
3589
3593
3589
7193
7113
3072
6918
2654
6918
2800
5155
4218
5155
2103
8522
9424
3436
3424
8985
10119
2107
2084
7618
7680
9517
79
1315
1314
1315
5720
4447
1096
2696
2644
2668
2674
2668
2571
10052
7339
10052
5694
5867
1112
5867
1088
4346
8049
4346
8049
4000
7040
4000
9635
4000
9825
7788
1223
7788
8214
3337
3324
4609
1260
4609
1299
287
286
5872
1091
5872
1111
2686
2685
2686
2610
4452
1187
4452
1226
9791
3134
9791
2480
9791
7859
9791
2906
9791
1818
9791
4083
9791
1761
9791
8743
9791
3341
9791
4145
9791
1561
9791
2257
9791
3208
9791
7852
9791
3336
9791
4164
9791
2162
9791
1951
9791
4098
9791
7851
9791
4150
9791
1535
9791
1755
9791
5986
9791
2684
9791
2288
9791
8732
9791
8221
9791
3162
9791
6001
9791
4798
9791
4129
9791
3296
8995
9000
8995
7754
2112
9087
7798
1402
754
7762
754
7771
7766
9539
7766
9538
9770
1543
3342
3797
3342
7563
3342
3796
3990
2974
816
7437
7673
8498
7673
7319
7673
9387
7577
5792
7577
9265
7577
8347
7577
2023
3934
3168
3934
7293
7621
1720
4606
7860
4606
1279
2671
2667
5192
2258
5192
2258
4349
7337
4413
8406
5197
2282
2752
2744
8742
1251
5973
2532
5973
8377
2699
5286
3850
3230
5130
2136
5130
9627
7791
4484
7791
1418
3439
3437
445
631
5202
9213
5202
2335
2747
2742
819
9355
8737
7079
5187
4085
5187
2200
743
9557
7769
9542
7769
9541
2835
2822
2835
2834
8845
8486
8845
7678
8845
8055
8845
8889
8845
9712
7582
8425
7582
2433
7582
8410
7582
7990
439
522
439
361
439
306
7801
2928
494
225
494
369
2689
9681
450
167
5320
3004
5320
2883
1840
1806
1840
1922
5109
9859
5109
3865
1018
1015
1018
1006
1513
7270
1513
7275
7148
2602
6279
2391
6279
2329
7996
1975
7968
8824
1449
1408
1449
1451
9990
1433
7849
1923
10047
648
10047
9764
10047
7389
1068
1051
1068
1069
1096
1064
1096
1084
1164
1146
1164
1163
4203
10130
8765
7228
7913
9257
1944
9682
8118
4237
1607
4498
1607
7571
1703
1640
2867
2550
2867
4096
2867
6751
2867
4816
7440
3613
9971
4224
9971
3366
4664
4679
4664
4108
863
860
863
9274
863
9283
863
8370
5668
4241
5696
661
5696
9447
5696
660
128
3304
3317
3304
3271
6950
7796
6950
9097
7986
9976
6170
1825
6170
4743
3770
8582
418
406
7324
7336
7324
7336
6834
2515
6834
2488
2872
4522
2872
2538
1612
1544
5686
8920
1086
1076
1953
1883
242
241
977
954
5699
8092
2973
6367
2973
5603
2973
7104
1021
1018
10216
10250
4630
7802
4630
7818
1099
859
1099
10008
1099
9702
1099
4270
7151
2073
7846
9209
6890
6349
6890
5295
1347
1341
1347
5721
9322
9377
7971
7988
7494
3322
1071
1060
1894
1878
6276
2255
6276
3941
96
1446
1431
10015
7428
10015
8944
10015
4271
7999
8035
7999
7292
7999
8479
7999
8877
8370
9018
8370
7429
8370
8390
8370
8391
9023
10111
5752
3416
5752
3389
2197
7183
2197
2163
5106
3737
5106
3952
8121
7399
5671
722
5671
3395
9153
1522
2192
2172
8077
4287
8077
7351
1352
9083
1089
1078
6900
7836
6900
5310
7484
2669
2320
2310
9844
9887
9844
9858
5689
796
5689
7752
982
981
982
974
3365
4073
3365
658
8082
8609
8082
9456
2187
2113
9807
5946
9807
3391
9807
3401
9807
3472
9807
3557
9807
3644
9807
4418
9807
5134
9807
3403
9807
3786
9807
4165
9807
2716
9807
5195
9807
6843
9807
3611
9807
5309
9807
3099
9807
6364
9807
5324
9807
5968
9807
3461
9807
5809
9807
3971
9807
6748
9807
4846
122
2202
2050
5747
4347
5747
4348
5747
9763
1884
1864
5835
3391
5835
4417
7989
9978
140
61
9286
9376
3521
7870
7731
6690
7731
8106
3477
3464
9210
4946
9210
6931
3958
2118
4427
9247
4427
934
9614
9493
9614
10089
9536
11
1550
1548
1550
1495
6
3711
1678
6031
6760
6031
9179
4526
4527
8567
10018
8567
5670
8663
7419
10265
10140
611
331
611
617
4094
1214
7012
7542
7012
7515
1805
1734
1805
1803
3376
9306
3376
7976
3376
5750
3376
7244
3376
9291
3376
9313
7539
9866
8204
1162
4289
8107
4289
7738
2829
8805
2829
2826
2829
7606
6265
2345
6265
4773
5405
3191
5405
3144
150
151
4432
978
4432
961
3482
3467
7760
748
4271
699
4271
9564
4299
10092
7007
9678
741
8652
8572
10072
6544
2178
6544
4075
8779
7951
8779
9909
8779
7239
4084
4048
4084
7672
10101
4259
3518
4411
3518
9906
3518
3820
6662
2944
6662
5341
7728
8106
4040
2270
4286
4263
4286
801
4286
8649
3379
9707
3379
3377
3379
3706
3379
9771
7536
4303
4529
8830
4529
2814
3961
7869
3961
5974
3961
8760
9609
2487
9609
4802
9609
6943
9609
9846
9609
1569
9609
2437
9609
1956
9609
1245
9609
1072
9609
2201
9609
1810
9609
1320
9609
1179
9609
6932
9609
4480
9609
2360
9609
1558
9609
2147
9609
1049
9609
8256
9609
1132
9609
9895
9609
1745
9609
1641
9609
2323
9609
2004
9609
2186
9609
2655
9609
4166
9609
1676
9609
9897
9609
4001
9609
4661
9609
1525
9609
9861
9609
1948
9609
2773
9609
2306
9609
2754
9609
1209
9609
1792
9609
9743
9609
1040
9609
1160
9609
8230
9609
3816
9609
2107
9609
1086
9609
1446
9609
1297
9609
4719
9609
1039
9609
3874
9609
9829
9609
2799
9609
1004
9609
9823
9609
9610
9609
5620
9609
1145
9609
3897
9609
2706
9609
1109
9609
1904
5024
1829
5024
1915
6028
3557
6028
6024
3708
9100
10181
10180
10181
10172
1410
4313
1410
1411
1410
9298
1410
4372
4880
3975
4880
3626
9782
8190
5810
3518
9608
2721
8776
8329
7355
7768
4296
7642
4296
1157
4296
9330
6657
2951
6657
3040
4268
655
4268
4267
6404
7119
6404
7584
6553
2352
6553
2293
2215
4755
2215
7501
2215
8251
5264
5960
5264
2470
5545
2741
5545
6347
738
8119
2826
2827
2826
2814
9035
1897
3045
2847
1220
1215
1220
1191
7380
4237
8039
8054
10295
10304
203
202
3031
2567
3594
3595
3594
3587
3594
9624
3594
8792
360
401
360
413
360
414
224
223
9067
929
9067
4141
9067
947
1429
1335
1429
5722
1429
9812
1429
7619
4720
7118
4720
7900
10312
10146
2050
6986
2050
2024
2050
9254
2050
7178
7133
9841
8359
7240
9859
7006
1287
1273
1287
1268
8981
10085
8981
8992
1302
1212
939
931
939
938
4510
2025
4510
8001
4510
8823
9017
10113
3584
3549
7044
7448
9072
4083
9072
8732
9072
3349
6463
6434
6463
8755
6463
3808
4855
8280
1297
1288
9022
5672
9022
6971
6214
3951
6214
3974
5829
3435
5829
3427
1292
4622
1292
7860
3756
1523
2405
8436
2405
9959
2405
4395
2405
7666
2405
8866
3814
4118
9858
9873
346
345
6861
3861
6861
9611
6156
1782
6156
1744
9167
1923
528
540
528
541
7775
683
3907
9760
8414
8461
304
73
3028
2996
936
917
936
927
10070
9704
10070
10078
10231
10171
323
398
1527
4377
1527
1513
8356
2248
7927
7208
6237
4154
6237
3809
8457
7674
8457
9385
1426
7022
1426
7023
1426
9339
1426
4321
8036
7691
3540
3375
3540
3484
8978
8636
2545
2546
2545
2535
8535
823
8535
822
1532
1485
6159
9145
6159
1736
170
129
6045
5817
6045
4549
5826
5820
5826
3427
3912
2556
3759
3758
7053
1470
7053
6953
2810
2809
8462
8488
6242
4163
6242
4766
2264
4216
2264
2260
5215
2330
5215
2380
6858
9611
6858
3316
7932
9937
9832
1731
1681
1637
1681
7601
1681
7003
1681
7545
6175
4749
6175
4743
1549
1460
1549
1513
10110
8131
2661
2658
1717
1715
1613
1544
4217
2559
5393
3129
5393
3108
3775
7506
9633
7304
7907
9732
1406
1337
9998
9454
9998
4334
9998
4335
4181
2953
4181
3999
4876
3578
4876
3584
4290
4267
4290
7967
4036
1878
9981
3707
9981
3364
7540
8296
1507
8213
1507
3872
5047
4098
5047
1894
3927
776
3927
4182
3927
8997
1783
1780
3008
2566
10046
8577
10046
8956
5383
3085
4222
3807
4222
3000
4222
2999
9999
7303
9999
9753
9830
2586
7912
3494
7759
5659
7759
7769
7759
7770
5241
2495
1722
8446
2830
7595
2830
8379
2830
2815
2830
5743
9547
3854
1793
1786
8780
4394
3932
9928
5052
2009
5052
1884
5806
3516
588
205
588
589
1512
1459
1512
9933
4300
4301
241
105
7594
7621
5857
8258
5857
1034
255
103
1678
1636
4530
9898
4530
9898
2658
2568
2658
2652
3380
3378
3380
3379
4039
8872
4178
7700
5174
4032
5174
6248
466
644
466
345
4879
3579
4879
3614
1409
9298
1409
4372
1409
4321
6733
3463
10272
10302
10272
10241
1546
1538
1546
1505
3133
3064
3011
3948
3011
4101
3011
8748
9459
10059
5238
2517
5238
4030
7584
7206
4234
97
249
107
2425
2423
2425
2422
5862
1074
5862
1054
5809
3518
8375
2421
8375
9953
8375
8402
8375
7989
602
326
602
633
9458
7732
7814
8775
7814
7917
7814
7552
7756
739
764
7423
4719
8329
4719
8295
130
1430
7016
1430
8313
1430
7947
1430
1336
7961
7231
4547
4054
844
7340
844
9444
4643
7853
4643
1406
6008
9888
6008
9579
3728
873
7518
7535
7518
7530
1143
9314
1143
4297
1143
9330
1143
1124
5004
1729
5004
3804
10031
8968
10031
4310
132
37
8040
8054
1963
7329
1219
4368
1219
4300
1219
9263
7379
9704
7379
10078
3536
3523
3536
3524
5661
785
4509
1775
940
930
940
939
1918
1802
10016
7025
2113
2167
2113
4100
7708
9668
7708
9502
7708
7370
7708
9505
8360
2692
8360
8375
1061
1059
1061
1028
9934
7637
9934
8392
9934
2539
9934
5801
2393
4081
2393
2392
2049
2121
2049
7628
9333
8007
2806
2782
3355
3268
4552
3449
575
534
575
566
575
260
2383
8766
6424
3141
6424
3172
5830
3389
5830
3421
9780
6247
9780
6961
8251
9929
527
539
2241
5728
2241
8401
2241
5796
1825
1766
7958
7624
7032
3972
994
856
994
9335
994
1045
994
8457
2046
1986
8224
7169
10157
10334
10157
10133
4506
1395
4506
1390
6011
3336
3731
1060
7521
884
7477
9200
4654
1574
853
852
853
8492
4407
9352
1877
1863
1877
7596
5658
7404
1921
9110
1921
1777
7376
9510
1216
1215
1216
1191
3539
3541
3539
3484
2857
2852
2857
4522
8755
8292
7711
6965
7711
6965
10075
9472
10075
3904
2174
6726
2174
8767
2174
2167
2174
7902
4716
1656
4716
1373
9212
3061
1154
1122
8094
7733
8094
8104
1058
1020
138
71
3760
6981
7482
2846
4
984
971
6160
1738
6160
4722
9754
10096
7027
9875
7027
8751
7027
8229
8084
9657
8084
4264
626
208
626
213
5425
3304
2862
2861
2809
2434
2809
7582
4412
9304
2238
3911
2238
9878
2238
5933
2238
1974
8248
9218
1882
1936
1882
1873
5126
2182
5126
2202
3151
4067
3151
7109
9003
8114
3846
2055
3494
7199
3494
3475
3971
2996
4745
4185
9711
8084
6751
9925
4837
9587
4837
3225
6672
5386
6672
9212
2634
2628
8644
9556
4610
1258
4610
9144
4121
1288
4077
2271
9320
8861
10214
10213
3999
7272
3999
9994
6563
2294
6563
2319
6667
3158
6667
5350
4258
9595
5254
2477
5254
2520
9444
827
7365
7369
7365
7743
4842
3896
4842
3895
5316
5317
3484
8353
3484
8816
3484
3371
3484
7611
3989
767
3989
6687
3989
764
4082
4764
94
148
149
314
313
1723
7615
1723
1660
1723
7616
1723
5724
197
191
197
195
3148
3082
1627
7398
1627
6929
9535
6711
9535
6933
3996
2556
3968
2095
4350
9332
9387
10018
6748
2118
9285
8404
9177
1413
4223
729
4223
7736
4223
4289
483
559
483
527
483
227
4118
10006
4118
7030
4118
9402
4118
7321
9992
10004
9992
4203
3440
3437
142
54
8653
88
5129
2126
3849
3230
8557
117
2700
5286
3913
7291
3913
6997
4261
7434
7770
680
7770
9537
7304
10027
7304
7347
7304
7708
7304
3167
3986
3752
1632
7322
1632
9382
1632
9375
1632
5704
6255
2343
6255
3703
8435
7662
8435
9452
2445
2438
820
10110
5319
2882
5319
9748
8562
8076
5243
3768
5243
2469
2690
9939
2690
7250
2690
2676
2690
8385
213
210
3324
3280
3324
3326
1450
1408
1450
7589
1450
9270
1450
9874
8398
7291
8366
2822
6280
2390
6280
2489
7934
9744
3577
3560
635
645
635
389
3673
4854
3673
8762
3673
4855
5110
3993
5110
4032
1839
1846
1839
1807
3621
3588
3621
3618
9749
7428
9749
8127
9749
5656
7439
141
3791
2830
1138
1125
1138
1141
1034
1030
4185
9866
5634
9877
5634
3775
6886
2655
6886
2754
1685
9718
1685
1664
1685
8841
6191
4746
6191
1918
4638
1258
4638
9156
8467
8061
4626
4627
9411
8571
9411
725
9411
9427
7850
3061
3769
2928
356
414
3582
3564
6169
1910
6169
1822
7013
7398
7013
10107
7013
770
8388
8397
6949
2041
6949
1740
6949
8234
6949
1730
6949
1155
6949
1298
6949
2884
6949
1445
6949
1241
6949
8252
6949
2517
6949
2650
6949
2978
6949
9843
6949
1913
6949
8241
6949
2713
6949
3048
6949
2177
6949
2295
6949
8244
6949
1317
6949
4488
6949
8237
6949
8242
6949
1672
6949
3982
6949
4040
6949
4217
6949
1890
6949
6347
6949
2087
6949
3014
1695
1696
1695
1688
6896
2780
6896
9857
6868
7830
6868
7458
6201
3883
6201
1950
1274
4307
1274
7219
1274
1230
1274
4304
6444
8222
6444
3783
2254
2234
8472
9385
8472
5675
8472
700
8472
8495
9748
2573
3801
3533
3801
3139
3801
2924
3801
4210
3801
6227
3801
4742
3801
1758
3801
3115
3801
3356
3801
3981
3801
3572
3801
4869
3801
2632
3801
4218
3801
3210
3801
3044
3801
2712
3801
3220
3801
1912
3801
3894
3801
1996
3801
2623
3801
3544
3801
3332
3801
7024
3801
2317
3801
9879
3801
3987
3801
4115
3801
1892
3801
4038
3801
3520
3801
2344
3801
2596
3801
2103
3801
3531
3801
2374
3801
3867
3801
2990
3801
2731
3801
3658
3801
2971
3801
3634
3801
7035
3801
1946
3801
3193
3801
3337
3801
2752
3801
1703
3801
6463
3801
4222
3801
3247
3801
2176
3801
3363
3801
2146
3801
2786
3801
3506
3801
3552
3801
2941
3801
5954
3801
3604
3801
3902
3801
1823
3801
5970
3801
4193
3801
4029
2316
2271
7063
3735
7063
4499
4195
1802
8401
2233
6889
2654
6889
4149
4629
7818
4629
7811
1100
7644
1100
5676
1100
1099
9057
888
7436
134
5700
7724
5700
7319
437
251
437
532
437
530
9917
9300
9917
7977
9917
8408
3618
7211
3618
3630
9227
913
7337
3278
7337
9706
3788
3862
6635
5316
6635
2895
1836
10043
1836
7693
1836
8519
1836
3988
1141
1123
1141
1137
8369
9735
8000
7664
4641
1306
10171
10329
6188
4747
6188
1911
9687
2934
2127
8290
2127
7011
2127
2068
2127
7026
2243
9883
2243
6728
2243
7587
2243
9937
8233
1457
5690
7034
5690
7352
6453
3839
6453
3362
2319
2308
8391
8110
9062
8256
9062
9861
9062
1004
6899
5322
6899
5309
1090
1078
9772
8320
7990
8425
7990
8425
6871
3908
6871
6244
6198
1892
6198
1946
2132
8306
2132
6983
6166
4742
6166
1823
6946
2036
9243
972
3798
4159
3798
3910
3798
2451
3766
2408
5445
9617
4865
3639
4865
3670
7342
8588
7342
4014
673
128
4874
3585
4874
3623
2721
2424
2721
4805
1657
6960
1657
9693
1657
5702
1657
5701
5878
1112
5878
1134
1553
1496
1553
1547
1404
7246
1404
9307
1404
1480
1404
9769
4363
7921
4363
8265
2677
8402
2677
9975
2573
9253
2573
7925
2573
8778
2573
2543
5030
1917
5030
1858
4157
2056
6073
4687
6073
4689
7571
1587
9282
7986
2511
2369
2511
8787
7599
7614
9975
8902
9975
8882
9975
4397
9975
8888
322
399
791
7752
8727
1068
5179
2210
5179
4155
8623
107
4034
8731
4034
8254
4034
4685
4034
8730
4034
8265
4162
7692
4162
8447
4162
2411
4162
3794
4162
8011
4162
8525
7819
1652
7743
1625
769
7424
2682
2589
1662
1631
1662
7647
1662
7266
1662
7629
801
800
5270
4058
5270
2443
8732
1337
6410
3136
6410
3088
4808
7148
5804
3197
7589
7213
4239
19
3252
3237
3252
4089
5881
1133
5881
4446
5176
2201
5176
2186
2718
2495
9603
2640
5917
3973
5917
1644
8210
9238
4100
2070
4100
8810
1265
1256
1265
5719
7596
1853
7596
7965
7596
9290
7596
7973
7568
3056
2508
2370
2508
2498
10051
8590
10051
7773
1544
1594
1544
1529
202
117
211
210
2007
1924
10324
10167
788
787
9527
688
9085
1851
6550
5191
6550
2321
4090
2220
4236
2
7586
8350
7586
8785
7586
7939
5922
1831
5922
4509
578
273
578
561
578
363
3247
3230
7225
8819
7225
7615
7225
8015
7225
9347
7225
7616
7225
7299
9786
8719
9786
3746
9786
3944
9786
8725
9786
3745
766
7423
7754
679
7754
9010
7754
9750
798
9521
798
6699
798
9523
798
9524
2012
7650
2012
8449
2012
1976
6805
4043
6805
2133
9095
5190
7816
1462
4811
2649
481
287
481
292
481
526
3205
7174
3205
9860
7977
8831
3534
3527
5006
1717
5006
1783
9123
9189
9123
9188
9123
5716
4659
1477
5511
2716
5511
2810
8021
1204
10025
8067
846
9428
846
844
8099
695
8099
4286
8928
7727
8928
7355
1159
1139
971
956
971
973
6532
2145
6532
9916
7458
7516
2179
4142
9332
9999
5677
1063
8071
10068
8071
727
8071
10073
8229
8271
5573
2673
5573
2777
1858
1851
999
990
5721
1314
5721
5720
1242
1213
2878
2865
1121
1117
1121
1106
3073
4232
3073
7288
496
209
496
419
496
214
2053
2026
2053
2049
7193
7267
7193
9327
7193
4407
7193
9624
7193
8792
8420
4254
1077
1079
1077
1047
9853
2563
6527
3576
6527
3559
2270
2246
2270
8796
8089
9613
8089
9614
3415
3413
9144
1290
7982
4160
7982
7269
2804
2803
2804
8713
1082
1098
1082
1068
7183
2121
7183
7222
1237
1236
1237
1235
31
6426
9892
6426
3142
599
422
599
320
989
981
989
966
5682
5683
5682
5683
1463
1450
8585
8091
5508
2703
5508
2789
8018
10002
9477
9491
4504
1396
405
548
8226
7897
8931
8949
8931
8950
2044
1983
996
854
996
8022
996
8491
968
955
7461
3517
8068
8085
8068
7711
8068
6965
8096
9019
8096
9714
8096
7037
1861
7965
1861
7987
1861
1852
1156
9130
1156
1104
849
9353
849
9319
2917
4523
2917
7595
2917
5744
3600
7139
3600
7557
4714
4716
9966
7249
913
909
913
897
2176
5929
10135
10318
2881
2549
2881
2872
5718
1218
7374
757
7374
6972
7374
759
1214
1188
1214
1216
1118
1105
1118
1129
6292
2487
6292
9610
620
641
8815
2012
5009
1809
5009
1716
7863
7521
6297
3767
6297
7466
4656
1475
6429
3235
3820
3821
399
9
986
9092
8595
112
6220
2133
6220
7824
6302
2492
6302
2512
6287
2389
6287
5962
8086
4093
8086
8601
3590
3569
3590
3589
7050
4243
2922
2918
8646
754
5923
1826
5923
1778
728
9529
2636
8405
2636
8425
2636
2637
2636
7990
2628
2602
2628
2626
3496
3495
3496
9303
3496
7631
3496
4412
3468
3467
3468
3446
3844
7121
3844
5802
3844
5990
9705
9465
9705
7346
5124
6227
5124
2176
6128
1669
6128
9819
3397
3396
3397
719
3392
3388
3392
4355
243
242
4061
3642
4061
2955
4061
3345
4061
6002
4061
3158
4061
2778
4061
3416
4061
2672
4061
2805
4061
4189
4061
2681
4061
2900
4061
3429
4061
2094
4061
2388
4061
6225
4061
3546
4061
2364
4061
5815
4061
3553
4061
7823
4061
3389
4061
3246
4061
4550
4061
3421
4061
5813
4061
5199
4061
3602
4061
4868
4061
3942
4061
2277
4061
3460
4061
3129
4061
5350
4061
2609
4061
3026
4061
3010
4061
3298
4061
2461
4061
2304
4061
3192
4061
3264
4061
5708
4061
2477
4061
5989
4061
3628
4061
3639
4061
3108
4061
2063
4061
3342
4061
2699
4061
3482
4061
4552
4061
3440
4061
3577
4061
9687
4061
3534
4061
3844
4061
4415
4061
2520
4061
3670
4061
5991
4061
3509
4061
6334
4061
2212
4061
5709
8578
8093
8578
10050
8578
9462
3940
3444
3940
3382
3486
3373
3486
7979
3486
8396
3486
8406
8935
9585
8935
9988
2945
8324
2945
8789
2945
2936
2945
8343
4318
4276
4318
10060
4318
7766
5314
2884
5314
3007
2165
4391
2165
4084
306
305
3329
3304
5256
4095
5256
5958
7738
730
3387
3384
3387
4355
3402
3400
3402
8253
7309
8524
7309
7325
7309
8052
731
9534
10291
10203
10291
10240
8787
2412
8787
3699
8787
8369
8787
2372
5137
3875
5137
2093
9910
7298
2631
2625
7112
7152
9541
810
8802
7972
8802
8845
8802
7971
8802
7236
9291
5751
3994
7560
3994
4902
3471
3450
10266
10150
10266
10134
6131
1676
6131
9829
2885
2870
4282
3888
4282
7718
4282
7353
8503
8066
344
331
344
635
3499
4414
3499
4548
3499
4547
4058
2501
9512
87
9624
9625
2639
2581
2639
4151
9270
7213
8649
8656
8649
10090
8581
8665
3853
7139
8713
983
8713
1067
8713
1752
8713
1187
8713
1037
8713
4696
8713
6248
8713
1567
8713
9833
8713
8723
8713
9836
8617
7408
4277
4278
10102
4256
41
40
3984
5679
3984
10094
2895
2871
7306
8911
4321
9419
4321
9369
4321
9360
4321
4316
4321
4277
226
112
5142
2108
5142
2337
6315
4107
6315
4009
8797
2827
7107
2553
760
7387
8792
3587
8792
3587
8622
7373
3326
7200
3326
7277
5259
3894
5259
5970
3489
3495
3489
3453
7741
7373
7741
8108
7741
9768
775
774
9867
1252
7936
7228
9078
2164
8873
8038
8873
9986
3561
3374
3561
3547
167
124
1900
8365
1900
1874
8364
2440
6352
6354
5628
2949
5628
3046
927
921
927
926
4624
4065
4624
3743
2923
2911
7500
7171
7500
3231
6884
4150
6884
4130
10221
10306
5636
7481
5636
3769
9405
9423
9405
7734
1036
1029
3128
3120
9307
9715
9560
1
1890
1876
1890
1888
1890
1889
9822
1346
6347
2642
7645
8478
7645
6705
6953
1455
5165
3929
5165
4069
2314
2231
2314
2244
5945
2356
2256
2237
6446
3333
6446
3355
7490
1476
1276
1249
932
924
6894
2725
6894
2736
1039
1012
8305
719
9117
1712
9081
1104
7434
144
4670
9848
4670
4627
1170
7981
1170
1137
1170
9317
1170
9333
9574
3533
9574
3139
9574
2924
9574
4210
9574
6227
9574
4742
9574
1758
9574
3115
9574
3356
9574
3981
9574
3572
9574
4869
9574
2632
9574
4218
9574
3210
9574
3044
9574
2712
9574
3220
9574
1912
9574
3894
9574
1996
9574
2623
9574
3544
9574
3332
9574
7024
9574
2317
9574
9879
9574
3987
9574
4115
9574
1892
9574
4038
9574
3520
9574
2344
9574
2596
9574
2103
9574
3531
9574
2374
9574
3867
9574
2990
9574
2731
9574
3658
9574
2971
9574
3634
9574
7035
9574
1946
9574
3193
9574
3337
9574
2752
9574
1703
9574
6463
9574
4222
9574
3247
9574
2176
9574
3363
9574
2146
9574
2786
9574
3506
9574
3552
9574
3530
9574
2941
9574
5954
9574
3604
9574
3902
9574
1823
9574
5970
9574
4193
9574
4029
3558
3517
5639
9215
5639
3111
1950
1842
2137
9089
5631
3044
5631
2941
10242
10324
8147
7852
8147
7491
9159
1430
10261
10140
8967
9532
1834
1721
1834
1795
3131
3064
6612
9831
6612
2671
5885
1132
5885
1145
7939
7953
10296
10142
10296
10151
6449
3315
6449
3362
2259
7123
6513
4868
6513
3577
1279
1248
377
409
377
376
7330
4153
6840
6841
9122
1565
5895
1320
5895
4166
6607
9857
6607
5577
6703
9424
6703
9408
3764
2911
3310
3303
6944
9248
8972
8624
8972
10080
10097
9540
10097
811
9158
1077
6164
7513
6164
3980
2142
1988
2142
8308
8152
4652
8152
4500
6479
5426
6479
3357
1313
1197
2232
7655
2232
2233
6418
3112
6418
9216
8983
7402
1249
1267
1249
1220
4820
2994
358
557
358
357
9318
8008
6930
7406
9951
8863
9951
8475
9951
7294
7240
9779
10313
10264
4590
8202
4590
1127
6974
7228
10212
10314
10212
10258
8182
9143
8182
9140
8029
8504
9135
1592
9051
2211
3041
2927
1924
1900
1924
1929
2960
2957
9577
3588
3504
4410
3504
3489
9356
7306
1980
1941
1980
1978
5541
2632
5541
2752
8993
8109
2227
8852
2227
8411
10213
10324
5729
9960
5729
8441
5729
2225
5729
8858
4009
2511
8177
7101
8177
3745
3656
3592
8916
7703
8916
8954
8221
1400
3714
8078
7524
1579
9319
848
4600
8252
4600
1172
8854
9649
8854
8473
8854
8587
1129
1117
1129
1100
842
841
842
8416
6377
3015
6377
5986
7675
8880
7675
7737
6421
3860
6421
4827
530
564
530
544
7294
9383
7294
848
4415
3418
5975
2963
6476
3339
6476
3308
9813
1789
9813
9592
9813
8240
9813
9865
9813
1673
9813
3684
9813
1562
9813
2806
9813
2316
9813
2718
9813
1497
9813
2768
9813
1735
9813
1465
9813
1757
9813
1602
9813
5956
1246
1218
643
644
643
391
745
8650
2520
2509
9864
2592
1126
1103
3038
8012
3038
5746
3038
9969
3038
4124
9048
3713
9048
3566
9048
1595
5726
8804
8843
9990
8843
9990
4006
2143
3659
9155
3659
4110
2833
2819
2833
2818
29
4534
3228
837
836
6382
9738
6382
7473
8919
9426
8919
8065
8919
8090
168
167
5538
9856
5538
2801
7284
8039
7284
4178
7284
8040
2710
2499
10140
10133
286
81
8218
4446
10218
10144
8026
6959
8026
5690
9304
9318
4247
103
7831
1183
9296
5731
9296
5731
5090
2043
5090
6244
3236
9922
3236
3237
1515
6939
1515
1368
7915
9872
4205
1973
4205
1971
8763
7543
5232
2364
5232
2277
291
288
3811
3103
865
8717
6906
6706
6906
9431
6906
654
1705
1686
1705
9885
6211
4127
6211
2003
5100
7578
5100
2031
2729
2685
2729
4074
9503
4266
4252
115
8408
8837
7660
7299
6041
4549
6041
3510
9627
7108
2541
9921
2541
9940
2541
9909
2541
7239
8551
8586
8551
8573
8679
7852
8679
1613
5227
2358
5227
2273
5960
2396
9750
9011
9656
8948
9656
7350
2975
2853
2975
2964
1955
7152
1955
4185
6909
7311
6909
7310
7828
1899
6762
3533
6762
3520
3162
3054
3239
7263
3239
3241
3808
7126
617
635
9025
1623
6208
1996
6208
3987
3157
3776
3157
7534
3157
7547
8676
9643
8676
1467
5710
891
5710
886
4030
2402
3363
3269
6757
3546
6757
5813
1110
1097
3874
2265
8411
8876
8411
8846
8411
8496
8411
8053
8411
8014
8411
8890
6038
4550
6038
3482
5034
1956
5034
1948
8010
9363
8010
5700
8010
9983
5520
2751
5520
2695
8548
9437
8548
9457
8548
7346
2538
2532
2538
2533
2726
2668
5833
3435
5833
3420
9829
3969
10000
8959
10000
9463
10000
9460
1386
4388
1386
5723
7902
7931
182
181
7887
718
7887
3397
1487
1488
1487
8333
8665
15
4310
10104
4310
6933
4310
7770
4310
3984
1502
1383
2988
2975
5796
5793
5796
5729
5768
963
5768
8270
4764
8306
4764
6983
6339
2442
6339
6300
1803
7597
1803
1725
7080
9758
7080
4175
1368
1367
1368
8452
1368
4283
1368
4323
1368
4324
9828
3525
9828
5926
9828
3931
9828
4123
9828
2858
9828
3166
9828
3896
9828
2776
9828
3550
9828
2679
9828
9195
9828
2702
9828
2104
9828
2654
9828
4801
9828
3344
1396
7605
1396
1381
7892
7554
5554
2781
5554
2661
5403
3860
5403
3174
9474
9534
3116
3103
3116
7188
501
536
501
204
501
375
512
221
512
365
6263
2295
6263
2346
7897
1539
4558
9582
2074
2071
3670
3664
3054
3053
3054
2833
5616
2972
5616
2895
5786
1364
2998
2926
2966
2889
2966
3868
879
9451
879
8579
164
127
2851
2826
2851
2917
2146
2143
8841
9910
8136
7800
8136
7816
420
364
1497
7118
1497
4959
1497
8297
7344
6978
7344
8100
1492
9726
1492
1484
1492
5786
5799
10010
5799
8016
6336
9762
6336
7559
1327
1323
1327
7234
9147
7522
7172
2831
7952
1964
7952
2224
7952
7284
7952
3876
1389
1359
1389
4387
1052
9348
1052
7668
1052
994
374
408
374
373
5771
993
5771
1000
2991
6842
2991
2853
56
6437
5409
6437
4165
8257
5783
8257
9886
8257
1391
8257
5784
5652
3125
5652
3089
7947
7015
9862
2071
1371
1372
1371
9325
1371
9320
1371
4379
7167
2425
4561
1001
4561
984
876
870
876
875
2213
4757
2213
7565
2213
3824
1332
1335
1332
1327
6555
2279
6555
2236
2969
2968
5789
5790
8139
872
7353
8619
7604
3568
7604
9971
7604
8006
9323
844
2149
2142
23
9460
8981
8262
1456
2464
2448
6442
3843
6442
3266
5647
3117
5647
3086
263
262
5543
2772
5543
2739
3001
2921
3001
7890
3001
2999
8838
8034
5619
5620
2848
7592
2848
2829
3043
3042
3043
2950
9033
1758
9033
1703
9033
3506
1399
1388
1399
1386
1047
1046
1047
1016
3624
3590
3119
3102
3119
3059
6580
4145
6580
3705
3321
3293
3321
3319
3277
3278
3277
8527
3277
9706
3277
8916
5988
2918
2768
5293
2768
2766
2768
2761
2796
2793
25
4984
1784
4984
1747
385
415
7135
2890
9779
4398
9779
8422
9779
2540
9779
9322
4489
1345
4326
9362
72
7688
9404
7688
699
7688
10026
7688
698
9801
9809
9801
2110
9801
2726
5146
6747
5146
6744
5851
9150
5851
1036
3282
8336
3282
8453
3282
9658
3282
9946
5966
2397
5998
3229
2786
2784
4994
1829
4994
1743
4471
7838
4471
1285
6465
3338
6465
3348
9441
9475
2403
2247
2403
2405
2554
9935
2554
8330
2554
2584
2554
9934
6116
1641
6116
4719
1574
1461
1574
1549
654
8482
7698
8952
7666
8028
4853
7546
5058
1954
5058
1949
6054
7843
6054
7470
9612
9613
9612
9614
2616
2627
2616
2601
9524
795
9524
790
716
10127
379
371
379
378
379
189
10035
10055
4499
1593
9778
2577
4329
4327
4329
9984
4329
8480
4329
7716
4329
9752
7773
714
8642
9507
3318
7200
3318
3274
2652
9294
2652
7251
2652
2613
2652
4519
4486
1344
5991
3083
2771
2762
4402
4403
4387
8458
4387
7298
4387
7656
2799
7038
2799
7544
7691
8550
7691
9705
4844
5805
4124
5747
2619
2593
2619
2618
27
5848
8250
5848
7078
8533
10020
8533
7701
4496
1332
8637
8639
4468
1245
4468
1276
5464
3604
5464
4193
719
124
2647
2613
6001
4533
6001
3785
6001
3784
2543
2537
2543
2548
6119
4117
6119
8221
1004
991
347
330
347
643
7669
4345
6043
3508
6043
3529
9273
8795
78
8104
8108
8104
8622
7055
1584
7055
1607
7701
6696
7701
7425
4940
1563
4940
1615
4392
4049
4392
4049
5061
1928
5149
2064
5149
3977
4397
9997
448
245
448
549
5213
2382
5213
5966
5969
7170
5969
9736
2789
2783
2273
2265
7432
140
6358
2650
6358
2741
524
540
524
284
1253
7089
9252
7242
9252
9278
503
370
503
377
503
194
7271
10039
7271
10014
7271
8903
7271
8908
4760
4762
2042
1981
3412
7919
3412
4230
3412
8288
3412
9708
9945
5745
9945
5745
9763
9433
7299
1628
7299
3836
6976
772
6976
8615
6976
769
5475
3635
5475
3626
8323
9881
2037
1984
9141
861
3506
3503
4731
1818
4731
1746
6725
1721
1231
1199
1231
8428
1926
1901
1926
1882
9836
1290
3020
2993
7427
6694
7427
4007
7427
6695
7427
716
9914
2141
9224
2909
8161
9137
8161
1246
8856
7433
64
5570
4206
5570
2689
10065
7048
10065
7049
7526
7943
3716
3944
4539
4540
3070
3056
3070
3069
10168
10222
10168
10164
7289
3686
8914
8554
3654
3629
3407
3405
9684
8074
6361
2651
6361
5303
9908
9926
9908
3900
9908
9911
7092
7122
8807
7632
7097
7146
3552
3539
1565
1566
1565
1496
7296
4275
2905
2842
7268
8012
7268
9969
7268
4124
228
227
8483
8068
6979
8125
4355
9240
4355
8294
4355
8372
4355
4290
10119
45
10332
10251
10332
10274
1244
1217
6474
4848
6474
4851
261
102
9268
9923
470
278
470
282
470
525
7286
1357
7286
8515
7286
7314
7286
3698
1480
7262
1480
1368
8493
8042
4536
4538
4728
3980
4728
1817
2460
7918
2460
9737
6250
7554
6250
7151
4004
4320
5724
8819
9909
7239
9909
7239
8859
10038
8859
4344
8812
4267
3547
3548
3547
3372
7102
7113
1228
4199
1228
1230
1124
4272
1124
1099
3643
3632
7529
1377
3719
7164
7087
4686
114
8158
8214
8158
1280
1929
1936
1929
1874
8024
6718
9269
9717
3509
3502
7880
1700
3234
7171
3234
3228
1455
1454
1455
1440
2475
8829
2475
9978
2475
2440
8525
10000
6904
6417
6904
3107
1542
1505
1542
1527
7855
674
7855
8255
5273
2708
5273
4104
9558
99
670
7390
3178
3169
3178
3170
4380
8033
4380
7671
1910
1797
5039
1943
5039
4195
2570
2547
2570
2569
9384
7776
9384
6695
9983
7724
9983
9387
3530
3492
7720
7367
6778
8236
6778
4657
6070
8230
6070
3897
9174
1640
4133
4764
9559
812
10282
10305
614
430
7510
2017
3879
1877
6020
3672
6020
7862
10247
10169
1537
1548
1537
1493
1633
6912
1633
8002
1633
1657
2015
8810
2015
4049
2015
7984
2015
4392
9447
10059
9447
664
6822
5955
6822
2384
8285
8302
8285
8302
388
2
10329
10167
3222
3221
3222
9571
3300
3260
3300
3299
2065
7908
2065
8312
2065
9249
6693
6971
6693
5655
6693
833
6693
714
6693
10094
4932
9163
4932
9153
6597
9837
6597
5298
4052
4053
5905
6943
5905
4001
6592
2778
6592
3942
3181
3094
3876
9956
3217
7293
3217
7313
3217
8060
3217
9656
4775
2081
4775
2301
6781
7853
6781
4660
8295
7214
6817
7111
6817
5194
10129
33
8674
7039
6587
9913
5460
3598
5460
3645
6683
3109
6683
3131
2724
2697
2724
2690
6602
2683
6602
2662
4047
7359
4047
9473
4047
3817
4047
8563
4047
3770
4927
1616
4927
9742
9160
9226
3290
3283
3290
3320
5036
3891
5036
1942
7452
7106
2328
2313
5335
2967
5335
2888
1384
1380
1384
1396
9757
9773
9757
669
3865
9928
6937
1482
4766
2130
4798
2453
2491
7097
2491
4791
2491
7876
5794
9955
6400
6401
811
5658
8278
8788
8278
2544
1852
6714
1852
1854
1852
8384
1852
7968
5614
3877
5614
2880
3056
2823
3056
7609
9203
2962
4618
4619
2076
7570
2076
2072
2076
7185
2469
2415
8870
8957
3114
3055
3629
3593
3629
3631
5556
2660
5556
2621
7447
885
1394
4383
1394
1369
1847
7622
1847
1846
1847
7959
6390
7553
6390
7172
3641
3620
7346
4112
7346
8107
7609
8809
7609
4232
7609
9966
10166
10260
8134
1466
8134
7851
2144
2138
4788
4079
4788
3991
5784
1393
6942
1372
2964
8782
2964
8802
2501
2476
2501
3898
2501
8364
1735
1713
2331
7575
8190
4495
8190
8724
8190
1276
5740
4398
5740
8460
5740
9388
5740
10022
5740
10046
10288
10307
10288
10263
542
550
542
449
6334
2645
2372
9735
4582
8254
4582
1147
4769
9904
3195
3177
3195
9898
3195
7165
3195
4530
2488
9679
2488
9918
4801
2511
6795
2007
6795
1890
9105
1038
2002
1926
8317
7943
8317
3718
8317
8341
8281
892
1987
1977
1987
1952
808
807
9342
4272
4110
2332
4110
2327
4110
3916
4110
5997
4110
2757
4110
3655
4110
2937
4110
3448
4110
3522
4110
5963
4110
3578
4110
4107
4110
6816
4110
9623
4110
3861
4110
9814
4110
9586
4110
2951
4110
3937
4110
6009
4110
3543
4110
3469
4110
9611
4110
3459
4110
2958
4110
4045
4110
3511
4110
9677
4110
9839
4110
1896
4110
3477
4110
3584
4110
3996
4110
2682
4110
3499
4110
2923
4110
3131
4110
2002
4110
3223
4110
4104
4621
9196
7606
7237
2367
2222
4577
1089
4577
3731
874
9451
874
7340
874
8399
4673
4682
4673
1421
7413
23
1173
1144
8200
4420
8200
2929
8200
7493
8200
7483
8200
8203
8200
7843
8200
3753
8200
8738
8200
9165
8200
3765
8200
7467
8200
7845
8200
3248
8200
3755
8200
4812
8200
3360
8200
3113
8200
7462
8200
7457
8200
7481
8200
7825
8200
7836
8200
7839
8200
7474
8200
3767
8200
7476
8200
3757
8200
7455
8200
7847
8200
3358
8200
7497
8200
3768
8200
7459
8200
7456
8200
7470
8200
7466
8200
7488
8200
7469
8200
7460
8200
7475
8200
7464
8200
8201
8200
2982
8200
7081
8200
7830
8200
7857
8200
3661
8200
5310
8200
7489
8200
7468
8200
7494
8200
7484
8200
3028
8200
3760
8200
3769
8200
3766
8200
7458
8200
7461
8200
3402
8200
3407
8200
7855
8200
2469
8200
7837
8200
7074
2153
2114
1030
1011
1030
1026
6615
5306
6615
6352
7349
3869
7349
6994
3626
3591
1992
1991
1992
1872
6785
1556
6785
8237
434
281
434
525
434
528
5559
2688
5559
9655
8130
92
1997
1938
8322
9596
3638
3622
3059
4143
3059
4528
3185
3095
9937
6729
2466
2453
1340
1309
1340
1324
2498
8806
2498
2510
2498
8369
2498
2372
2498
7626
2498
8813
4791
9889
2079
8304
2079
4512
2079
7910
2079
7574
2079
7570
4986
1729
4986
6928
317
14
5491
3809
5491
3952
2794
2793
3261
3260
3261
3243
8345
7016
2335
2098
4324
6964
4324
5685
4324
5685
5328
5978
5328
3023
3223
3215
1648
8257
9795
4072
8109
7391
8109
10095
6823
7460
6823
7489
4968
7797
4968
7798
4996
9171
4996
1830
3350
3349
2784
2426
2784
4805
5964
5965
5501
2323
5501
3874
4148
2127
5144
2110
9435
8958
9435
10057
9435
7359
9435
8969
9435
8970
7203
3489
7203
3452
4913
6923
5469
3644
5469
4106
714
713
714
696
714
700
2614
7191
2614
2647
2614
2601
4129
2054
4849
7504
6056
9821
6056
3461
7664
8504
656
8413
4440
1009
293
287
293
291
1009
992
1009
1006
1576
1461
1576
1512
5118
6739
5118
5927
6114
1501
6114
4700
2556
2544
2556
2560
5488
2059
5488
4192
4484
1354
8605
726
1767
1709
1767
1773
3842
1679
3258
3271
3258
3240
9544
748
2740
2724
8750
7162
10258
10324
5331
5979
5331
7512
5082
2037
5082
9914
4989
1745
4989
1792
5372
2983
5372
3025
6312
6750
6312
2466
1579
1573
1579
1578
6145
4705
6145
1753
1651
9886
1651
4508
659
7737
659
658
659
8623
1006
1007
1006
989
1772
1771
1772
7528
2559
2545
2559
2560
6965
4147
6965
6998
3837
3838
5498
4087
5498
2328
5466
3597
5466
3652
4494
1304
3745
9615
4971
1673
4971
1643
7630
7649
7630
4039
7630
4047
7630
3691
4126
2881
4151
7949
4151
2637
6059
8247
6059
7463
4846
3258
5367
2989
5367
2970
7115
4515
6307
4797
6307
2481
4999
1788
4999
1737
9642
2096
5077
3856
5077
2044
5153
7810
5153
2207
10094
702
10094
8126
8106
7748
8106
668
3610
3571
194
193
5121
2206
5121
2177
9823
1345
2575
2542
2575
2543
7842
7903
7842
7127
7842
3811
605
642
605
348
4365
904
4365
3730
6332
2646
7258
4331
1555
1551
675
10120
6075
1561
6075
5914
6371
4820
6371
2959
5311
7512
5311
3009
5736
5737
6399
9194
6399
2943
8186
4491
8186
1421
8891
8129
1442
1428
8625
3998
8625
4019
8625
7380
9164
840
7745
9594
3630
3281
3630
3595
8126
10112
8126
690
8869
8897
8869
8887
8869
8896
2470
2415
1336
7020
1336
1333
1336
7018
1336
7017
6327
2490
6327
2518
10228
10322
590
563
590
232
7837
2594
9640
4824
9640
6396
1437
1438
1437
1410
4106
3322
7610
9766
1026
1013
1026
1007
2938
2932
10145
10264
8948
8596
6389
8225
6389
2948
8901
8558
8901
8574
8168
1277
8168
4477
8196
1354
4770
2261
7074
2759
7261
9338
7261
8435
1263
9094
5739
10002
8189
7813
613
637
5308
2648
5308
9590
4304
4305
9328
5700
6368
2899
6396
3110
6492
6493
586
636
586
340
10243
10155
10243
10227
8888
8922
6497
3676
6497
4862
275
274
9083
1312
9946
3284
7350
8607
7350
9459
9361
4118
1029
1011
1029
1026
8199
3110
9329
9453
9835
6254
9835
3964
9835
7881
6386
9653
6386
4821
7223
5730
4109
5317
2080
2077
3664
7580
3664
3594
3664
3666
1339
7341
9093
5781
9093
7815
9093
5900
6803
2134
6803
2199
3060
2832
3060
3052
269
268
3203
3176
8951
10117
2941
8285
2941
3855
6502
3627
6502
3615
8898
8546
8898
8928
8866
8490
8129
93
8171
9801
5560
2775
5560
9839
6487
9183
6487
3305
9125
1083
828
826
2736
8335
8746
1025
8746
7916
8746
7921
8746
7904
8746
4685
8746
6946
8746
1126
8746
8281
8746
2470
5575
6351
5575
9853
2311
8387
2311
9932
2311
8368
2311
7223
7195
8364
2055
8342
2055
8786
2055
8367
2055
8765
2055
7936
2055
7157
284
558
9773
671
9773
3036
9773
9007
3075
3834
3075
5746
3413
3388
3413
3412
262
261
3349
3288
8110
5673
3606
3323
3606
3631
5938
8260
5938
7881
5938
6995
4934
1569
4934
1558
7185
4512
10178
10177
1010
992
1010
1011
4439
8212
4439
977
7626
8398
4850
7504
4130
2645
9340
9370
5470
3674
5470
3651
7638
7309
8702
4139
8702
9159
8583
9483
8583
6989
8583
8964
8687
1160
8687
1145
1465
1449
831
829
3452
4229
3452
4055
3452
7260
3452
7261
497
419
497
212
497
374
9301
8440
9278
4520
915
707
915
906
915
819
915
10101
4990
1810
4990
1745
4342
7328
2308
7569
2308
5939
7865
3632
183
182
8813
3692
6574
2797
6574
2704
572
248
572
562
572
530
8749
3979
8749
3979
2739
2724
6060
8243
6060
7465
10164
10316
7629
8427
3447
9814
8692
5779
8692
4489
2560
2546
2560
2562
9617
3353
8697
2889
8697
3031
4436
962
4436
979
8593
10128
660
8653
1580
1573
1580
1578
5941
2348
5941
2301
513
174
513
381
513
383
3609
7567
3609
3608
4337
7722
4337
8088
9661
3071
9279
8815
7641
7644
3346
3287
5000
9816
5000
1735
1382
5785
1382
9244
1382
1380
1382
9245
7222
7233
7222
2029
4912
1254
4912
7848
4759
4169
4759
8307
2362
2221
5925
1864
3091
8325
3091
3066
9847
1654
5591
2687
5591
4217
952
951
952
944
8052
7335
9804
1329
5821
7827
5821
5820
5777
1264
7300
7312
7300
4255
2163
3995
2163
2165
9162
1877
3019
2991
947
928
2943
2942
2943
8302
2943
3855
5601
3032
5601
2954
10080
9506
10080
7374
8933
10044
2704
2493
2357
9665
2357
9079
1421
1330
7876
9889
7181
7209
7181
8784
7181
8332
7217
7000
1377
1378
1377
4507
4907
3505
4907
3535
3101
9974
3101
3102
3101
7216
3101
7220
2456
4806
9313
4352
6246
4767
6246
2009
1476
1478
1476
1437
227
226
7290
9488
3069
3834
3069
7609
4540
3283
5782
1578
10207
10223
2514
2504
5569
2772
5569
4206
8047
7697
6980
7742
3088
3070
8505
2217
902
901
902
894
6924
1269
2883
2881
4584
8202
4584
1173
887
876
5588
3755
5588
7074
7234
4371
7234
1229
5818
7827
5818
3471
4814
4815
9819
1701
4756
7565
8715
2131
8715
8722
8715
2730
3855
7141
892
893
892
883
3720
4519
2893
2876
2893
2892
7530
8283
897
896
897
893
4594
1155
4594
1172
8860
9689
5598
6915
5598
3030
5566
2623
5566
2731
1418
1328
7178
6987
6249
6745
6249
9835
2459
5733
2459
8433
3098
7202
3098
3091
3066
6718
3066
7216
3066
7220
1479
8005
1479
7270
6313
2467
6313
2718
7879
1492
3510
3502
2954
2866
1974
7252
3016
2985
3016
9688
307
304
9818
1347
1930
1840
2777
2624
3268
7588
3268
3238
3296
3255
1757
1681
773
7421
2821
8346
2821
7603
2821
6731
2821
8348
116
9508
8657
7552
4374
8875
7737
8875
9399
8875
7682
5362
3018
5362
2922
2925
2828
2925
2851
6091
5914
6091
1535
2591
2551
2591
2588
8827
8853
691
10129
9509
7393
6069
7555
6069
4659
7643
7679
7643
4396
7643
8508
7643
7683
7643
9996
7643
8487
7547
7172
7719
4112
5456
3310
5456
4850
3529
3490
4961
1671
4961
1749
6955
4233
6955
10109
6955
697
6955
702
6955
813
6955
802
6955
5653
6955
681
6955
695
6955
799
6955
800
6955
4260
6955
821
6955
5660
6955
829
6955
810
6955
686
6955
689
6955
3754
6955
816
6955
5658
6955
4258
6955
675
2569
5735
2569
8850
2569
8456
2569
4031
5040
1948
5040
1904
3286
3327
3286
8336
3286
9658
3286
9946
1762
1712
1909
1833
4379
4380
4518
2370
2782
2426
2782
7582
8004
7281
669
7390
5514
2655
5514
2799
5943
5944
2601
4186
2601
4020
8832
3715
8832
4177
8832
8881
8832
8474
8832
3714
1208
1183
1104
1085
1104
1101
541
449
541
591
5163
9206
5163
2078
3880
8660
3880
7388
3880
8974
3880
8617
6019
3672
6019
7865
7509
1537
701
4262
376
372
376
588
6101
4697
6101
7819
5704
8529
5704
8558
5704
9421
5704
8941
5704
8562
4024
1925
5357
3001
5357
3020
4708
1669
4708
1648
3271
7593
3271
3270
4482
1462
2818
6730
2818
2815
8303
7591
3432
3430
6088
1600
6088
1530
5084
2161
5084
4010
9250
1235
66
166
165
7412
157
3299
3921
3299
3777
3299
9894
2588
2579
2588
8330
2588
2552
2588
2584
688
10131
5883
1111
5883
1130
6515
3581
6515
3611
9436
7370
4958
7503
4958
9208
3427
3426
9514
8121
5954
2402
9796
9806
9796
9116
9796
8729
4477
1287
6016
3642
6016
3670
7506
7537
7506
7534
4521
4046
4521
5740
4376
1514
2598
2558
2566
9253
2566
7942
2566
8778
2566
2541
6705
8538
3289
3282
3289
3286
1211
8826
1211
7255
1211
1190
1211
9943
1906
1800
7407
5674
7407
5675
7407
696
666
9505
7654
8476
698
697
5893
4478
5893
1275
6066
4653
6066
1582
6098
8240
6098
1497
5094
2040
5094
2158
10105
4258
4711
1491
4711
1644
5459
3341
5459
3336
7716
8094
3526
3519
632
634
632
264
7318
8083
7318
725
7318
8581
1615
1540
9208
1483
467
300
467
362
6173
4748
6173
1909
596
396
596
633
3773
9783
5395
3140
5395
3137
569
296
7079
1616
7079
2515
7079
983
7079
1905
7079
2377
7079
9742
7079
1067
7079
5297
7079
1752
7079
1187
7079
1243
7079
1319
7079
4493
7079
1809
7079
1003
7079
1176
7079
1112
7079
4032
7079
2780
7079
4502
7079
1468
7079
9857
7079
1037
7079
4079
7079
1716
7079
1055
7079
4718
7079
4119
7079
3991
7079
969
7079
1674
7079
1281
7079
1134
7079
959
7079
4696
7079
3883
7079
1088
7079
9856
7079
2005
7079
6248
7079
1567
7079
6815
7079
9833
7079
2801
7079
5577
7079
1226
7079
1152
7079
4691
7079
9844
7079
9830
7079
2445
7079
4656
7079
9867
7079
9822
7079
1950
7079
2037
7079
9836
7079
9914
7079
2488
7079
9804
7079
1024
7079
2709
6340
2450
6340
2506
3691
8031
39
38
8184
7471
8184
4486
6997
8051
6997
4044
4309
9675
4738
1719
4738
1813
6992
2032
5734
7692
5734
9672
5734
2411
5734
9417
5734
8525
1785
1780
3669
3664
5385
2846
1334
9936
1334
4312
1334
1322
1334
4311
8124
750
8124
746
8124
742
8124
748
8124
751
8124
747
8124
743
8124
4236
45
44
9209
1483
8194
9106
8194
1261
8194
7558
6987
7235
8451
3939
1795
7276
1795
8848
1795
4008
2441
8806
2441
8398
2441
4162
7002
4389
1024
1008
4104
2721
3701
9890
3701
4172
880
844
880
879
10139
10322
6394
9186
6394
3088
4306
8021
7321
9449
7321
8549
7277
8470
7277
3277
47
46
7076
2457
5800
8827
1942
1849
6735
7864
6735
5777
329
393
3688
1960
9697
9845
9697
1590
9697
3682
3135
7551
3135
7131
3135
9637
6847
5983
6847
5324
1390
7246
1390
8430
1390
9307
1390
4329
4741
1694
2150
2149
2150
6992
9610
2240
9841
4533
9841
3785
9841
3784
9257
8344
8140
4680
8140
1468
2970
2968
5790
2015
9355
8131
7282
6936
9136
1140
6384
3026
6384
3010
2423
2420
2423
3913
292
291
9214
2124
3120
3119
3120
3101
6852
8222
6852
3205
8864
8869
9924
2036
1400
1385
1400
1387
2438
2431
2438
2417
580
567
580
368
580
240
8373
9942
8448
8466
5620
2594
335
402
1937
1856
1937
7982
3698
9422
3666
3665
3172
3096
4645
9151
4645
7829
3952
2123
8744
7864
8744
1784
8744
4127
8744
1133
8744
1719
8744
1092
8744
4446
8744
4703
8744
3725
8744
2811
8744
6749
8744
2181
8744
4187
8744
1813
8744
5961
8744
1944
8744
3846
8744
7863
8744
1279
8744
2328
8744
4913
8744
5777
2734
7836
2734
7484
6772
3476
6772
3471
1965
1958
1965
8039
1965
4178
6651
2902
6651
9653
6579
2702
6579
2800
1145
9239
1145
7935
1145
7149
10044
8589
10044
7717
10044
3688
4490
8238
2395
6826
2395
2322
543
551
543
546
1307
1310
1307
1272
2115
2020
2115
4510
4936
1560
4936
1618
5441
5997
5441
3223
3353
7166
3353
3268
3604
3290
9567
686
6767
6037
6767
3529
3947
2457
9462
8606
3167
9668
3167
7732
3167
8971
4500
1593
1312
1311
1312
1251
2385
3740
54
7624
8407
7624
9315
7624
7654
9860
9898
9860
3792
9860
4530
3902
9928
3887
919
3887
3744
3887
7077
3887
1002
3887
1223
3887
3735
3887
4681
3887
942
3887
904
3887
1294
3887
8212
3887
8207
3887
3729
3887
1056
3887
8208
3887
3730
3887
3872
3887
1557
3887
3741
3887
977
3887
3728
3887
4499
3887
4486
3887
1173
3887
887
618
416
1823
1764
9295
1426
6648
5349
6648
2902
4330
3956
4330
3956
9397
8925
9397
7705
9397
4273
9397
8126
10002
4338
10002
4339
10002
10025
6576
2795
6576
5241
43
42
855
854
855
8894
2800
7544
2800
9659
2800
8276
8753
9905
5438
3262
5438
3245
7670
7685
4434
960
4434
947
6120
7901
6120
7529
720
8305
3892
2585
9874
9695
526
407
526
445
2620
2593
2620
2618
2620
9864
3897
1456
5970
2428
2790
6956
9655
2657
3344
3289
5150
2201
5150
2107
4939
1601
4939
1560
5423
3146
5423
3180
2087
8264
2087
2085
2087
7892
2422
2412
2422
3913
4743
1799
6228
2060
6228
3917
7162
2034
2102
2079
9005
7399
9005
4310
4819
3807
4819
9246
1250
1227
1250
9357
1250
9341
1250
4306
3828
10084
3828
6976
33
6480
4091
6480
3333
8267
718
196
195
5761
922
5761
932
4589
1179
4589
1160
9769
8430
7239
9944
6929
6954
6929
6955
7808
3392
7363
3983
7363
8630
7363
7377
1979
1941
1979
9727
7874
1083
6565
3931
6565
2378
2959
2957
2706
2501
4571
1072
4571
1049
7157
6975
2097
2019
2097
2018
2381
2243
2092
2088
2417
2432
2417
8358
1361
8458
1361
1363
1361
9948
1361
8029
8030
9398
8030
7319
4599
1177
4599
1175
9768
9004
9768
8649
1130
1115
2516
2507
629
566
629
594
8431
9338
1474
9099
6244
2164
5730
9960
5730
10005
5730
4333
5730
2225
5730
10035
5730
8864
4010
1984
2454
4806
8272
8286
8272
7144
7236
7634
4586
8204
4586
1173
6926
1331
6231
4085
6231
4183
1725
1661
1725
1660
4225
9931
4225
7627
4225
5727
4225
9279
3831
2153
5212
2338
5212
2367
7037
4226
7037
8669
7037
9022
10151
10266
5758
898
5758
9147
4754
1899
3915
3901
3915
7358
4816
7135
8655
9526
7811
1306
5207
6749
5207
2362
9903
3074
9903
7970
8920
8063
8920
10019
3064
2831
3064
3059
7042
7794
7042
9813
7042
8715
3660
7446
9752
8094
2378
2314
10083
3919
10083
3976
10083
8116
2443
2436
5564
9651
5564
2730
4568
1049
4568
1040
4596
1193
4596
1171
6253
2206
6253
2087
8433
7692
8433
8447
8433
4395
8433
8011
8433
7666
8433
8866
1358
8924
1358
6697
1358
9963
1358
9412
1358
8935
2519
3838
2519
8249
2519
4518
5245
2712
5245
2786
8428
9964
8428
9480
8428
1196
8428
6980
3014
2992
1976
3956
1976
1962
1976
8544
1976
10016
1976
8933
1976
4330
2956
7474
2956
7837
2709
2499
9263
4368
9263
4368
1817
7527
10124
30
2761
3966
1781
1779
5089
2148
5089
2042
4982
1752
4982
9833
9988
5688
3675
1998
3675
7891
3675
3674
3675
6037
3675
3860
3675
3140
3675
3603
3675
9215
3675
2450
3675
9231
3675
2908
3675
3868
3675
3612
3675
2152
3675
9219
3675
9213
3675
2808
3675
4091
3675
5814
3675
3917
3675
1727
3675
3508
3675
3137
3675
2486
3675
3500
3675
9217
3675
2689
3675
5810
3675
3031
3675
3355
3675
3849
3675
2998
3675
2739
3294
3270
3294
3284
4183
4759
5422
3124
5422
3146
1602
1523
436
367
436
634
436
266
1587
1464
1587
1504
1587
7227
1587
9276
1683
6959
1683
8065
1683
8090
37
5516
3957
5516
2796
7659
2529
8006
7675
8006
8875
5021
1810
5021
1904
9989
5737
10319
10326
10319
10326
4977
1754
4977
1672
3284
9621
3284
7336
3284
4349
3284
7324
4458
1207
4458
1242
2730
2666
9464
7376
5454
4106
5454
3346
7015
7019
7015
7020
7015
7018
1822
1767
5099
5100
5959
8249
5959
3837
5959
4518
5706
8972
1592
1588
1592
1586
4026
1204
8680
6957
8680
9135
5071
1998
5071
4064
1693
7155
1597
1521
4193
3718
4193
8341
4193
7526
7065
4501
7065
1615
5417
6002
5417
3844
9553
16
5381
2913
5381
2938
1106
4295
1106
9288
1106
9293
2758
2720
1778
1775
6910
9962
49
48
6537
3982
6537
2144
6633
2607
6633
9619
10297
10331
10297
10312
2212
4757
2212
3824
2212
4756
3240
7263
3240
3241
5086
2038
5086
4098
511
382
511
454
511
180
10273
10138
10273
10255
502
215
502
374
5018
1790
5018
9173
7504
7525
7504
7523
6014
7140
8235
7897
1109
1097
6455
3330
6455
3296
2245
2233
2245
8400
5956
2508
5709
3412
4029
2577
4461
1179
4461
1209
80
357
412
35
3524
3483
3524
3496
7714
5692
7714
7379
5096
2041
5096
2007
5068
3987
5068
2146
2207
2052
181
130
6064
1470
6064
4196
5519
3852
5519
2696
7656
8029
4863
3647
4863
3669
664
663
8009
8037
10053
1959
10053
5692
10053
8627
5378
3827
5378
2907
5443
4843
5443
7476
1904
1800
2564
7184
2564
5302
2564
8781
6542
9895
6542
9743
4374
7937
