3755
7695
3686
7695
188
57
13823
6496
10258
2414
11331
2414
4233
2414
4981
2414
10381
13603
7386
13603
6068
13603
2525
4026
5420
5795
11488
11835
11389
6270
11941
6270
8507
6270
4705
8413
3112
8413
6807
7656
8088
7656
14163
5664
6212
5664
8076
12945
8560
12945
6544
5474
6544
5474
3863
13421
13460
8641
9321
8641
9756
8641
6646
11363
14175
11363
99
545
7086
8276
10537
8276
7398
11172
8597
5722
5339
5722
5614
6136
10419
6136
12120
12096
11292
12096
7951
7912
11515
7912
5273
7912
5697
3576
5721
3576
5126
7822
11623
7822
8915
7822
1087
1379
5391
11708
12698
11811
4441
11811
6867
8090
13471
8090
2800
3183
10721
4683
13574
4683
2793
13261
7635
9158
12292
9158
5895
8605
2181
11927
9182
5293
2632
11333
5674
11333
12545
6551
5040
6551
11167
6551
8855
6551
1773
9691
10198
9691
1388
1250
5475
11817
9520
6166
5649
6166
2288
8154
3063
1213
1143
1117
1106
1117
11820
11819
5158
5634
6627
5634
12313
11594
9991
11594
11274
11594
3675
6240
8007
6240
9695
8481
7005
11865
10255
4175
10830
4175
7296
4175
4907
8671
9485
9906
8777
3018
4321
3018
10312
3018
3559
3018
13637
3018
12717
13678
7408
13678
11977
13678
13041
11929
11749
11929
2619
12151
5771
2815
4099
2815
2263
10240
2934
3793
12990
7446
10488
7446
10968
8730
840
1124
1486
1124
1353
1124
11487
2906
5686
2906
3756
7570
8120
13728
4813
13728
8119
13728
463
649
664
649
186
209
13174
7196
11933
7196
1990
4143
13
171
148
171
367
171
13351
12049
4315
12049
4851
12049
9610
5248
4059
12047
4000
12047
678
250
12158
4163
5991
8775
11856
10551
4806
10551
4979
2160
4977
2160
5364
2108
13676
2108
12050
2184
9843
2184
9447
2184
6935
2184
4878
5398
11439
11438
13455
11678
1829
4752
9502
3314
3801
3314
2210
7172
12342
11468
12465
11468
13154
13080
6403
7251
13099
7251
11963
7251
9945
13944
5128
13944
9936
13944
12125
2258
13302
2258
11759
4787
13525
2210
5389
2210
10266
2210
2933
3727
8238
7401
693
684
1414
1145
1249
1145
1229
1145
4920
2807
6516
2807
13737
2807
2790
2807
2004
4141
7429
11254
12493
4789
2159
10496
10503
10496
9884
11572
12216
11572
11084
11572
13830
11572
12209
11572
13612
7314
13687
7314
12477
7314
8851
7314
6050
7314
6811
13025
13416
13025
5910
10270
4163
2606
8694
2606
8095
2606
4166
7540
4168
7540
3366
13821
10700
8318
12075
8318
6325
8318
1194
1102
13524
9398
9420
9398
11038
9398
3081
12678
3086
12678
11301
12678
3084
12678
12679
12678
14190
12678
7856
12678
4545
12678
7857
12678
7859
12678
3079
12678
5670
12678
7858
12678
7444
12678
7445
12678
6657
12678
12676
12678
10378
12468
14087
14044
12267
12080
6195
12080
2202
4124
12307
6259
3262
6259
12317
8032
8513
8032
4785
9248
6927
12254
4614
6257
6711
6257
11665
12572
11666
12572
4429
12572
5477
1840
1842
1840
3744
1840
12475
12025
4398
12025
3450
13328
3248
13328
4516
1614
4092
6693
9631
6693
3272
6282
12967
6282
8866
3595
3390
3547
11136
3547
11137
3547
6981
3547
3133
6322
13507
6322
12223
3895
2583
3895
6404
1914
4213
1914
10781
10597
8503
10597
11703
2359
3317
2359
550
576
55
576
521
413
11458
13049
13150
13049
5961
10924
462
738
292
738
11759
13047
8969
7044
6375
8062
8686
8062
13190
10814
12973
10599
4112
10599
11314
3861
5486
3861
1778
1787
4447
12438
4447
12438
6831
3567
7265
3567
4330
6924
6322
12811
9151
12811
9045
12811
9176
12811
9116
12811
7622
12811
7488
12811
7228
12811
7122
12811
6736
12811
7142
12811
6306
12811
8073
12811
8343
12811
1952
12811
5745
12811
12416
12811
12843
12811
207
446
1116
955
829
955
7790
11044
7588
7559
12353
7688
13037
12927
3770
12927
8135
9722
3076
9722
8619
2587
13188
2587
6210
12333
10797
6814
11459
6814
7279
6814
6136
6599
11712
3459
13263
3459
1689
10136
1683
10136
4145
10136
7712
12817
187
797
10925
8684
5395
8684
4341
8684
5131
9474
9497
9474
8891
12594
11160
12594
6596
12594
1518
1356
1118
1356
1118
1356
1360
1356
2337
12819
2235
12819
13275
12819
2354
12819
6320
12819
9571
12819
9194
12819
10522
12819
2199
12819
10117
12819
2127
12819
2504
12819
13018
12819
7093
12819
9568
12819
7603
7582
7789
10322
13731
10322
10621
12865
10143
12865
1904
12865
9266
12865
6773
12865
10669
12865
10614
12865
8562
12865
13327
12865
4128
12865
9138
12865
2079
12865
9696
12865
9174
12865
2055
12865
4921
9795
3713
9664
3611
9664
1268
1178
834
1178
1138
1178
1187
1178
2131
4346
11165
4346
4437
6597
3724
2913
4581
2913
3670
7557
12914
7557
12949
12929
4863
12929
4833
12929
3862
12929
3364
12929
4839
12929
4846
12929
4826
12929
13221
12929
3669
12929
12527
12929
13259
12929
2517
12929
3258
12929
1747
12929
3751
12929
1757
12929
3318
12929
6874
12929
4841
12929
13504
12929
1760
12929
4840
12929
1772
12929
4859
12929
4855
12929
3679
12929
1832
12929
11453
12929
1728
12929
3339
12929
12518
12929
3334
12929
4862
12929
3695
12929
7289
12929
13235
12929
11620
12929
8659
12929
886
908
906
908
6836
13151
5621
2086
12624
2086
4420
2086
13639
2613
4719
2613
1567
2613
12374
10257
10273
10257
6607
4414
14036
4414
3828
4414
8941
4414
13970
4414
8582
12835
11317
12835
8054
12835
12224
12835
10734
12835
12436
12835
2986
9186
1023
1342
6489
5906
13947
3698
13947
3698
11646
11945
10977
11945
3735
9634
11695
10693
11791
10693
6908
10282
13288
13225
10217
10166
6739
5691
7931
5691
3287
12363
4036
12363
8667
9293
735
658
218
658
195
658
6488
13096
5419
4900
12635
10259
34
102
1998
4301
7218
12708
4471
11413
12304
9383
6724
10072
5533
8835
265
40
130
40
4
40
7714
13186
3658
4990
6151
5601
6166
11641
11642
11641
777
498
4592
2531
5723
2531
9478
13903
13900
6144
3545
4391
6580
4391
11148
4391
8883
4391
4436
4426
11195
4426
526
1
7781
8708
5868
5804
3082
3081
3382
10442
12630
11276
14151
11276
12703
8363
3959
8363
2696
8363
5713
8363
5718
8363
7928
8363
3983
8363
3072
8363
7949
8363
4041
8363
5711
8363
7929
8363
3129
8363
3635
8363
3201
8363
3949
8363
3964
8363
5708
8363
3963
8363
3606
8363
3838
8363
7548
8363
3272
8363
7543
8363
3946
8363
3990
8363
7128
8363
3953
8363
3978
8363
7139
8363
3151
8363
2231
8363
7950
8363
3506
8363
3987
8363
3979
8363
2730
8363
7921
8363
2748
8363
3808
8363
13384
8363
13466
8363
3967
8363
3947
8363
3333
8363
3252
8363
3991
8363
3993
8363
3287
8363
4036
8363
3974
8363
7939
8363
3982
8363
3792
8363
7934
8363
6271
8363
5716
8363
12142
10783
6522
10783
2178
10192
6422
7704
3537
9096
12942
9096
5665
14147
10477
14147
8865
9885
9891
9885
9451
9885
4725
2456
6377
6687
3413
6687
5733
8333
3854
8333
11416
12684
6295
7492
1610
9547
7851
9547
12405
8817
12169
5646
11832
5646
12329
5646
1044
1418
573
574
8860
8811
9437
8811
7055
6652
12591
6652
13303
11605
3347
8927
13949
5580
12540
12158
4271
12158
8949
8929
12563
8929
10874
4231
4825
4231
7312
4231
599
792
6100
5525
5074
5525
7810
5525
13079
9151
8600
9151
8634
7598
13125
7598
5148
13978
5057
5012
10956
6916
7057
14153
6655
14153
2281
11481
6588
8865
1941
8594
6086
8819
12232
8819
9863
8819
11052
8819
7359
8819
13470
8819
25
26
1546
9549
773
759
10793
6826
5349
6826
5090
6558
2684
6689
11774
11671
11773
11671
7260
9223
3264
2069
13825
2069
4397
2069
12453
2069
3393
2069
5518
2069
5717
5261
3038
5261
6003
8176
3356
6257
4555
13049
4555
2592
4555
9016
4555
2578
4555
10051
4555
8286
4555
5681
4555
3930
4555
5249
4555
10076
4555
2432
4555
2666
4555
6665
4555
5678
4555
6669
4555
2459
4555
2395
4555
11681
4555
10543
4555
8294
4555
7878
4555
2897
4555
10512
4555
3403
4555
2765
4555
7479
4555
12642
4555
7477
4555
10564
4555
9585
4555
2854
4555
9004
4555
6233
4555
7898
4555
12941
4555
9007
4555
10539
4555
7513
4555
2814
4555
6235
4555
3033
4555
2781
4555
9592
4555
2863
4555
2473
4555
2674
4555
2982
4555
7886
4555
10507
4555
12035
4555
2951
4555
10505
4555
2713
4555
9001
4555
6274
4555
2396
4555
2741
4555
7069
4555
2952
4555
2374
4555
2788
4555
4571
4555
7866
4555
9568
4555
10654
4555
3983
9049
5708
9049
13717
10916
6656
14113
10470
14113
279
731
2252
4842
932
847
13214
10558
3719
10558
10886
10826
13817
11730
2426
10689
2431
10689
4445
5102
909
1071
1505
1071
4884
2838
12653
2838
11776
11775
11293
1592
3478
10687
3182
10687
3486
3035
13322
3035
13551
8438
4030
9047
4632
9047
5399
3500
3631
10652
4682
10652
11697
2049
3131
2049
7434
244
407
11119
14187
11122
14187
6084
14187
502
511
1635
7674
7949
7464
7950
7464
6002
5456
7370
2137
11993
2137
13692
2137
2139
2137
6558
6442
5025
6442
4954
6442
10292
6442
7217
6783
7706
6783
1895
1892
1870
1892
11266
6192
4486
6192
3601
8678
504
469
524
622
430
622
9680
8468
11777
13644
5022
13644
7718
7258
9499
9488
12404
11318
810
8
9535
8254
9305
8572
1053
1010
961
1010
4378
1731
1720
1731
1954
3224
4648
10586
4990
1956
8794
1956
6545
1956
7766
1956
8637
4699
8031
4699
8172
7326
13656
7326
6585
7326
11107
7326
5978
7326
1985
3241
1733
1734
1719
1734
5534
13797
1768
1779
1777
1779
11871
13812
4153
9080
4742
9080
918
1494
1347
1494
2655
9025
13585
4962
5524
4962
13410
4962
11802
4962
6027
12318
5309
3609
7465
7066
2444
7066
2954
7066
3060
7066
6317
7066
2297
7066
9000
7066
12437
7066
10688
7066
11502
7066
2977
7066
9010
7066
3004
7066
10664
7066
10044
7066
12719
7066
10102
7066
10012
7066
12902
7066
5709
7066
13132
7066
12164
7066
10591
7066
10015
7066
12748
7066
3011
7066
7872
7066
3461
7066
2781
7066
3021
7066
2480
7066
3607
7066
1954
4253
11812
9261
2805
3158
10853
4697
6455
4697
9220
3110
9704
3110
6349
3110
2712
7491
2860
3263
13308
3791
3271
3791
1847
1857
1869
1857
12135
5488
4373
1571
106
321
9283
12730
7056
3909
4530
3909
1892
3292
4492
7036
1972
4932
12667
12775
9539
1551
7007
9456
6042
13527
3351
1656
12679
14183
4904
7286
3669
3243
3334
3243
13344
2751
11898
2751
11523
11684
7439
4520
5222
4520
1614
3275
5196
3275
10459
3275
3911
3275
3430
2392
13325
2392
10968
9804
513
63
11847
12605
13782
4334
9393
13158
975
1373
1416
1539
12080
14078
12015
14078
7836
14078
2867
10144
1759
8000
1743
8000
13320
2283
6332
2283
6300
4593
3279
4593
8566
13252
13324
13252
3375
9601
3273
9601
6464
12481
7892
2771
3425
2771
8148
5383
7368
11036
13554
12671
13895
6072
6591
6072
6122
6072
1608
12413
12121
12413
5215
12413
780
165
564
165
138
165
1158
1219
999
1219
915
1219
11282
12186
10467
12186
2946
3029
9990
5223
11183
12641
11593
5549
6567
11066
5185
8945
1582
9525
96
495
245
495
6639
14003
6638
14003
321
666
546
666
13761
6586
5433
2534
7330
2534
13594
2534
2990
9580
12313
14128
11280
14128
3758
7785
12503
7785
4202
9646
4152
9646
9873
4364
5532
4364
13657
4364
3636
4364
6075
4364
8789
13397
4263
12276
11397
13412
4430
5547
5577
5547
6113
5547
12645
2733
6919
2733
11312
2733
13699
5885
13699
5885
14136
14107
2552
2579
6371
2579
3862
2020
4862
2020
3363
2172
13357
2172
11240
5154
12419
5154
6178
5154
11540
12338
4484
12338
10762
12777
12792
12777
6252
12777
4255
3409
9313
3409
9292
3409
89
239
1247
1162
13140
6774
1761
6774
1756
6774
11864
13351
1017
1513
1040
1513
10786
10604
8923
5090
14004
5090
11402
5090
8905
5090
5581
5090
3078
9972
10236
7683
10239
7683
2250
13561
3685
3223
97
462
13755
8860
321
640
672
640
589
640
13488
10801
6355
2081
10751
2081
453
192
5889
6422
5891
6422
5392
6422
3527
12779
7932
12779
2463
12779
12024
12779
3030
12779
6254
12779
5767
12779
3574
12779
5236
12779
13157
12779
3423
12779
6223
12779
9553
12779
13198
12779
7611
12779
8543
12779
8485
12779
4611
12779
6717
12779
9162
12779
13274
12779
9134
12779
7219
12779
12340
12779
5672
12779
3912
12779
8486
12779
10164
12779
3467
12779
7205
12779
3510
12779
3455
12779
8444
12779
8019
12779
4552
12779
4034
12779
13038
12779
7926
12779
4364
3700
5911
3700
7325
3700
10605
9027
9717
9027
2370
9027
10704
9027
2369
9027
11961
9027
7940
9027
6261
9027
2244
9027
9582
9027
2103
9027
10561
9027
10543
9027
2435
9027
9705
9027
8548
9027
2303
9027
10590
9027
8470
9027
1866
9027
7989
9027
2222
9027
8041
9027
8021
9027
12880
9027
9238
9027
12890
9027
7937
9027
8026
9027
2165
9027
10056
9027
2960
10698
9669
4656
12612
4656
1705
8202
11885
8202
7375
8202
7394
11106
6996
11106
4421
11106
2857
4695
432
626
311
626
6459
4822
1539
1374
2855
12703
2321
10846
8155
11750
9924
7016
6171
7016
11745
4912
2993
12368
2329
4089
14015
13968
3302
9298
2689
9029
12512
9529
3595
7787
7367
7787
12753
7787
7741
5852
10884
5852
7736
5852
6880
9243
13897
4401
6109
4401
5122
4401
5592
4401
6443
6846
8786
12673
11814
9393
9405
9393
11048
9393
5003
9393
8816
9393
10426
14060
11223
14060
6539
11016
4488
8949
1893
4251
11147
5545
6353
9131
6358
9131
5997
7752
11784
5887
11100
5887
6461
5887
4413
12463
4413
12463
4357
11506
10343
11506
11507
11506
10993
3069
10920
5889
1622
4540
6175
5626
11504
3049
2315
3049
12896
6698
10587
6698
12267
8947
9526
8947
4833
2035
4826
2035
3401
7789
4314
3381
9527
4070
7106
4078
7106
3137
2592
3697
2592
10249
1838
5844
1838
13953
12609
12703
2892
3993
2892
5884
2309
7322
2309
3778
2309
5938
2309
2135
4196
1196
1129
1231
1292
1152
1292
940
1292
8931
4446
8933
4446
8553
6801
7709
3137
10799
3137
13385
3137
13328
4570
12788
4570
7948
4570
2337
4570
2963
4570
13012
4570
7496
4570
2876
4570
12813
4570
10045
4570
2842
4570
10027
4570
2472
4570
10049
4570
10066
4570
10036
4570
7489
4570
6248
4570
3579
4570
7487
4570
10044
4570
2389
4570
2871
4570
3013
4570
2740
4570
3493
4570
8341
4570
10028
4570
2852
4570
2303
4570
10061
4570
2390
4570
2271
4570
11806
4570
10039
4570
10035
4570
12872
4570
12858
4570
9021
4570
2467
4570
13118
4570
7899
4570
6237
4570
6239
4570
7515
4570
12855
4570
10042
4570
2973
4570
13122
4570
7508
4570
12965
4570
7503
4570
3045
4570
4583
4570
2402
4570
2554
4570
2436
4570
4587
4570
10030
4570
10075
4570
9063
4570
8325
4570
2282
4570
7505
4570
7494
4570
5997
9374
12491
10422
10382
12621
11109
12621
5060
12621
7523
2731
8350
2731
6871
3811
11953
3811
9264
3811
13944
6124
8236
12433
6917
10774
1496
1454
1487
1454
1299
1454
10469
5210
5666
5210
5217
5210
13945
6604
2407
12607
203
408
241
408
1042
1365
1004
925
7956
2533
3947
2533
11811
5527
11598
5527
13988
5527
8898
5527
13984
5527
10290
11609
8732
11609
12033
11609
12408
8980
13413
2779
2120
2779
3321
2779
5096
8867
5076
8867
13833
8867
8888
8867
12219
8867
11570
2734
7090
2734
1117
887
962
887
9450
9889
13474
13395
13474
13395
3160
8381
3336
8381
4025
9626
3373
9626
3512
2956
3712
2956
11622
11621
9915
11621
6988
9887
11852
2110
2092
2110
5470
2110
5455
2110
11916
2158
4078
2158
7210
6685
13089
6685
1063
966
13902
8869
5536
11433
10894
5393
1613
9545
7855
9545
11742
8815
8885
8815
8899
8815
7011
8815
11972
5243
12829
5243
1809
5243
8831
9852
6065
6966
253
7
333
7
10379
5062
6592
5529
9691
11607
13049
11607
9664
11607
12846
11607
6335
11607
13176
11607
8439
11607
10566
11607
10096
11607
13147
11607
10066
11607
7976
11607
9251
11607
9161
11607
9059
11607
12954
11607
2044
11607
1928
11607
8399
11607
9587
11607
8472
11607
7181
11607
5696
11607
5700
11607
1951
11607
9712
11607
10084
11607
10111
11607
10631
11607
4578
11607
2589
11607
14184
8925
9933
8925
8842
5032
3308
2208
6827
2208
8654
2208
12988
2260
13065
2260
12738
6936
11405
6936
6606
6936
6010
9210
12625
9210
6695
2571
7946
2571
4790
2857
2841
2857
13095
2284
3728
2284
12231
13960
13977
13960
9498
13960
11355
11673
3188
10124
1947
10124
217
429
904
1400
1265
1400
1361
1400
10417
11463
6128
11463
11464
11463
6837
12506
8084
12506
6065
8839
7308
5374
11476
13411
13646
8837
2658
2656
2612
2656
7951
8313
4716
8313
5273
8313
743
386
4996
13613
6707
2551
3981
2551
5549
13811
5562
13811
13904
13811
12303
13811
9460
13811
12109
13811
3238
8418
4682
8418
9735
13649
9285
13649
4382
13525
9427
13525
10344
13525
8935
7414
2902
3244
1740
1751
12468
5972
9863
5972
1972
3591
7769
10936
4970
10936
3293
3264
1762
1771
1029
1261
4842
11703
6922
11703
6025
7301
11306
7301
6937
7301
12569
12750
464
663
535
663
7885
11368
9015
11368
4625
7900
8204
13751
8204
13751
9522
14068
4462
14068
12560
5298
13856
11338
11778
11777
6354
10685
8096
4559
11326
4559
10129
9045
4082
9045
512
401
2962
10966
566
497
4763
4688
229
534
461
534
368
534
10959
2029
13588
2029
5968
2029
2000
2029
4152
9153
4134
9153
4714
3172
11647
3172
9683
3020
8035
3020
3384
1579
1723
1733
7522
4557
7088
4557
13697
13646
5563
13646
351
66
638
66
11
66
8196
7346
9868
7346
9483
13795
11615
3812
11119
3812
12283
4582
13810
11779
7404
11779
7021
11779
2180
13045
4028
2272
4030
2272
9363
9356
13677
9356
12395
9356
2311
13153
5214
4492
11028
3395
3614
4077
12958
3527
8924
14046
6160
14046
6163
14046
10961
3313
5830
3313
4934
3313
3796
10864
5412
5388
601
657
824
823
11466
10595
11968
10595
9198
8012
11861
11860
4724
10756
9350
7231
2420
4598
6211
11202
14181
11202
5571
7391
2747
10531
5251
503
12093
503
11401
6255
7292
6255
880
881
1140
881
9393
4164
9770
4164
6432
4164
13270
4164
5545
12418
12412
12418
11368
1382
3921
1382
4984
12027
4473
14049
5228
1439
1211
4941
2183
8770
2183
13655
7990
11510
13742
9341
10834
9340
10834
1797
1815
2777
4704
2110
3794
12255
12029
13860
13802
11159
13668
3759
2018
5331
2018
1881
4144
9029
10006
4572
10006
8957
7426
5191
7426
11267
7426
9377
8750
7338
8750
3209
8750
10942
8750
12749
11949
3593
12131
7962
12839
6695
12839
9586
12839
7112
12839
7518
12839
8629
8506
11828
13402
1902
1906
8969
4464
558
778
2003
4674
3144
4674
14043
14013
610
49
740
49
601
49
6554
6531
3165
3184
10925
3108
4341
3108
5435
3108
540
13
8624
3160
6854
3160
4358
10255
12151
12837
7491
12837
7502
12837
6678
12837
10502
12837
10082
12837
3929
12837
9159
12837
5714
12837
3507
12837
3663
12837
7523
12837
4622
12837
8350
12837
9031
12837
10626
12837
9570
12837
6247
12837
2715
12837
3646
12837
3677
12837
5697
12837
4601
12837
10562
12837
5721
12837
8280
12837
11487
12837
10546
12837
5686
12837
7908
12837
3819
12837
10629
12837
7119
12837
8995
12837
10565
12837
10519
12837
9573
12837
4612
12837
11486
12837
8998
12837
9574
12837
7457
12837
12538
12837
7077
12837
8306
12837
9567
12837
2434
12837
4575
12837
11919
12837
9097
12837
10589
12837
8279
12837
9026
12837
7065
12837
8284
12837
2703
12837
7504
12837
3194
12837
3262
12837
7507
12837
9632
12837
12312
12313
14170
12313
5066
11947
2070
3659
3857
4258
2922
10116
7292
6834
7339
1807
1796
1807
5037
5483
5037
5483
7259
12867
3580
12867
13104
6864
14146
12381
2684
3959
11619
9797
12299
6595
7019
6595
7842
9707
12980
6724
7555
6200
5176
7276
6756
7267
6756
5246
1037
3335
3776
13371
2295
13355
2295
10808
5742
6782
5742
7031
4434
7444
1606
5005
2413
8198
2413
3244
12925
12958
12925
2948
9614
13819
9799
10969
9799
6293
12815
3982
12815
12158
8102
27
84
88
84
6280
12869
7123
12869
13101
12869
6723
12869
6265
12869
13334
7932
13820
6116
7744
11867
11837
11381
4989
11381
6938
11381
3885
14154
3872
10553
3271
10553
4972
11980
7287
8609
3294
3306
685
131
1313
1447
998
1447
8433
2614
10673
2614
9146
2614
4033
2614
1962
4286
9688
3498
10846
4032
6347
4032
6478
13227
13293
13227
13348
13227
1632
8607
605
355
9721
11925
13431
11925
9769
2840
13752
2840
5050
2840
13824
2840
8666
8621
4316
11815
6785
2237
4130
2237
11785
11869
12755
11869
14045
11869
8192
6891
12674
6891
13503
6891
11034
6891
11037
6891
13649
8433
8068
8433
13225
12949
6450
12949
5895
12949
6445
12949
6856
6788
7277
6788
2449
13131
4910
8673
13742
13660
13709
13660
10355
13660
8512
8463
4107
8463
3700
5799
12549
11839
3771
4066
5634
5614
852
1227
1237
1227
1351
1227
1055
1123
1022
1123
1131
1123
1502
1123
1585
6220
7064
6220
2824
2914
6554
10342
1043
1338
4338
4326
5874
7699
11920
7699
1262
1185
4281
7697
4281
7697
6055
13913
4838
9742
11279
4491
10523
2787
2768
2787
5797
13723
11837
2112
4046
8027
7962
7994
7962
12068
7962
7774
6944
7345
6944
791
294
6845
7253
11314
11313
5486
11313
5609
9483
7405
9483
13932
9483
12985
12947
13299
12947
10353
11024
7409
12202
12201
12202
11217
12202
8984
1587
3355
3767
12114
13027
13301
13027
11887
9388
13362
11418
6158
13949
12123
13949
13496
10944
1332
1214
910
1214
874
1214
13998
7024
3160
8368
3413
8368
3087
3086
10817
10788
10813
10788
2450
13029
9755
10220
4154
1913
13429
1913
8154
5356
7803
7364
13767
4785
4468
14098
11261
14098
5096
3747
3821
3747
8912
3747
8911
3747
3823
3747
6428
6342
7720
6342
2132
8703
5646
12045
12785
58
12794
58
12350
58
11700
58
12845
58
8423
58
9397
7334
10990
7334
6942
7334
6966
6006
3366
6006
11091
6006
3772
6006
5334
12153
6526
8777
8864
2406
5514
2406
3856
2406
10626
7520
3646
7520
4640
8338
3107
8338
7857
1613
1486
1290
1252
1290
9842
10891
294
702
737
702
712
702
2944
13342
9489
13946
14134
14114
10319
8779
6059
6553
1513
1508
952
1508
1092
1508
868
1508
10766
9228
3647
9228
13782
5000
12685
7593
7347
13552
1916
4123
1485
1475
1239
1475
856
1475
6906
12860
3631
2383
4702
2383
8298
1108
7472
1108
10833
6815
11609
4603
8717
4603
8645
13253
13448
13253
5808
9617
8527
9617
4720
9617
979
840
8137
6869
2086
11891
3800
8010
4174
8010
5377
8685
10863
8685
8761
8685
13852
9430
8897
9430
13886
9430
8871
5958
5520
5958
13769
13706
8216
5048
8912
4437
8911
4437
3823
4437
6145
11153
11201
11153
4363
6925
8806
6925
9848
6925
9384
2443
7744
2443
5995
2443
11132
5516
2409
9611
4496
8966
7357
11045
3750
12756
2462
2463
8414
281
5735
281
4050
281
9123
281
10166
3375
11336
3375
3638
3375
4342
2923
10896
2923
7321
2923
13720
2923
2679
2696
11232
4439
11724
4439
3737
4439
5061
6980
1608
9986
1609
9986
455
238
6881
6381
7626
12864
7369
13595
6053
13595
3637
9475
8926
9475
7540
12595
2587
12595
9096
12595
9080
12595
2392
12595
8381
12595
2956
12595
11925
12595
8368
12595
2372
12595
6708
12595
6705
12595
7551
12595
10100
12595
2446
12595
2009
12595
10619
12595
10615
12595
9595
12595
2591
12595
6714
12595
7549
12595
9598
12595
2116
12595
2507
12595
6715
12595
7544
12595
10590
12595
6717
12595
8385
12595
10591
12595
10094
12595
2584
12595
3022
12595
4628
12595
9087
12595
2287
12595
7563
12595
2371
12595
8370
12595
8382
12595
7126
12595
8392
12595
2927
12595
7569
12595
6716
12595
7560
12595
9083
12595
8372
12595
9616
12595
10087
12595
9069
12595
13015
12595
9099
12595
2299
12595
10084
12595
10079
12595
9623
12595
2485
12595
9093
12595
2055
12595
12968
12595
2393
12595
2076
12595
6278
12595
2201
13287
9289
9665
9306
9665
6896
6867
4123
9619
6791
9619
8750
9794
4439
13846
6141
13846
5334
6313
12852
12834
6129
13849
11194
13849
13908
13849
2526
6837
6508
13611
11876
10418
1652
10418
5629
10418
6532
11944
10125
9635
2566
4679
2616
2623
2617
2623
2777
13413
980
1375
9479
4415
8902
4415
8901
4415
12221
4469
2283
12531
4721
12531
3705
12531
6775
12531
3149
12531
7102
12531
8055
12531
6763
12531
3943
12531
13144
12531
7474
12531
8321
12531
5704
12531
13110
12531
7475
12531
8295
12531
10680
12531
9085
12531
8292
12531
9007
12531
3566
12531
7515
12531
2362
12531
7075
12531
3936
12531
10686
12531
7480
12531
10079
12531
10640
12531
2442
12531
7917
12531
7915
12531
12662
7961
1858
1873
1558
4467
8971
4467
12334
8936
8951
8936
8769
4677
8537
4677
4324
4677
12959
2441
11749
2441
8132
6839
8133
6839
11238
11220
5599
14002
14079
14002
6007
11788
11106
13709
11080
7360
14075
7360
11078
7360
10359
7360
1030
976
2087
4114
7531
2839
3971
2839
4717
2095
11044
11342
12517
11342
11343
11342
9268
4721
9723
4721
10249
9713
10855
9713
13106
10839
1835
1845
11302
4707
10721
2874
13633
2874
2875
2874
13623
2874
3144
2048
3131
2048
11124
9878
1961
2068
9389
10313
11356
12024
13459
12024
13450
12024
3341
13537
13449
8793
10837
2943
6418
2535
4709
1623
1624
1853
1865
691
115
719
115
13875
12255
9893
13813
2410
4003
1348
1149
9389
10980
2224
3483
4888
8120
13410
11553
11088
11553
13645
11553
7000
10381
3343
14183
14164
5669
14164
1599
14164
7849
14164
10791
1924
3726
1924
3480
10867
4814
13446
9757
13446
12520
9781
12136
9781
8759
9781
12326
10815
11558
2997
2947
2997
13563
2997
9388
4928
7815
4928
11384
4928
11395
4928
11685
10869
13330
2475
3073
2475
239
213
533
213
11646
3363
13477
3363
270
653
406
653
784
653
11819
4818
11719
4818
4341
10925
4341
10925
2705
7153
2568
3192
12261
7045
6433
4773
5871
4773
13597
4773
4803
4773
5864
4773
6429
4773
5463
6860
10883
6860
12567
6860
4876
6860
6558
3684
5025
3684
13778
3684
5928
3684
10292
3684
576
754
569
754
9871
7339
8820
7339
8845
7339
6981
7339
769
96
3609
3608
13867
5092
11957
3660
10907
3660
10287
3660
5193
12553
5194
12553
5197
12553
7031
14174
11245
14174
1575
14174
4708
8422
3247
8422
3352
1663
9326
3159
4812
3159
7842
1552
11305
5878
4353
8774
9236
3256
5779
3256
10820
3256
10110
5713
5278
5713
10845
5713
3343
1643
570
467
3183
7923
3158
7923
7153
7923
4001
7923
7158
7923
5733
7923
7155
7923
4043
7923
3630
7923
4013
7923
4006
7923
3707
7923
3757
7923
3475
7923
3997
7923
4028
7923
3424
7923
4030
7923
4018
7923
13086
7923
2557
7923
3250
7923
4059
7923
3228
7923
3190
7923
6294
7923
4008
7923
2573
7923
7143
7923
4010
7923
7160
7923
4632
7923
2866
7923
4038
7923
3434
7923
7146
7923
2709
7923
4015
7923
2769
7923
4000
7923
12882
7923
3998
7923
2718
7923
2194
7923
4011
7923
3491
7923
4012
7923
6300
7923
2979
7923
3854
7923
3279
7923
2701
7923
4002
7923
4653
7923
7585
7923
3145
7923
3222
7923
8742
1941
3259
1941
9817
1941
538
371
1397
1348
1768
1778
1777
1778
7348
7337
5494
7778
278
409
929
1364
1368
1364
1063
924
1521
924
9852
13534
9414
13534
11921
13534
13982
7813
2421
3717
8866
7367
1415
902
1139
902
4622
7881
9097
7881
7053
12342
12528
12342
871
1172
5152
7029
2415
3324
4460
3844
11131
1641
1901
1943
10973
1943
5445
1943
4968
1943
4907
5781
11684
10949
11020
10949
12037
10949
9053
9016
9052
9016
4936
1963
1957
1963
13684
1963
12148
10947
7772
10947
6772
13024
8447
13024
7035
7027
460
428
2921
3984
5181
11255
8250
11255
11272
6202
14131
6202
8260
6202
6913
7315
2558
3960
798
452
796
452
4895
3908
13701
7369
7793
6947
5227
5665
14150
5665
9802
8698
12330
11834
11552
5794
2428
4016
11218
5619
13610
11027
12961
12944
2508
5475
13103
7694
5352
9106
8610
9106
10802
9106
11917
5986
1919
10202
11901
10202
13291
2424
3674
2424
6783
11531
2392
11531
2496
11531
2403
11531
5249
11531
2343
11531
6738
11531
4109
11531
5257
11531
9002
11531
2064
11531
7070
11531
9720
11531
7930
11531
12895
11531
2152
11531
8457
11531
6690
11531
7895
11531
9003
11531
7482
11531
3900
11531
7095
11531
8283
11531
2198
11531
7670
11531
10692
11531
2883
11531
7969
11531
8325
11531
6273
11531
7174
11531
13300
2964
8498
2964
6586
8846
11157
8846
11731
8846
170
582
11672
9516
4264
2944
2942
2944
6177
5611
13986
5611
556
91
1948
1975
3869
1975
11145
11029
13534
5430
13534
5430
925
1455
1491
1455
1114
1455
11425
12220
6607
13902
13934
13902
8906
13902
2201
13306
14093
9958
9084
12788
12816
12788
6833
7131
10743
7131
6961
6949
5624
5617
5799
4650
7608
4650
10715
4650
8511
4650
2991
13309
8105
8043
2632
12891
2637
12891
3727
7608
13029
7608
4123
7608
1845
7608
13510
7608
13340
7608
13036
7608
4113
7608
13210
7608
10741
7608
2230
7608
1926
7608
10752
7608
8529
7608
10733
7608
13256
7608
3406
7608
3761
7608
5785
7608
13143
7608
10746
7608
4722
7608
4119
7608
6791
7608
5315
7608
13334
7608
4120
7608
10739
7608
10737
7608
8528
7608
4118
7608
10735
7608
13320
7608
4127
7608
7246
7608
8539
7608
8517
7608
10748
7608
7214
7608
3180
7608
3300
7608
12973
7608
10727
7608
8538
7608
10747
7608
13121
7608
5320
7608
10740
7608
3147
7608
8503
7608
11922
7608
1883
7608
4112
7608
10751
7608
8530
7608
12938
7608
4122
7608
2855
4576
8765
8155
13399
8155
2610
2644
2639
2644
10231
8604
5355
8604
3969
2578
3957
2578
3314
1675
13343
3705
4297
3705
1277
959
1794
10860
5091
11756
7575
7502
8410
7502
9121
7502
10106
3028
11981
3028
591
735
1279
917
7765
2825
4354
2825
2671
2664
2662
2664
11865
11864
8172
11864
13599
11864
13688
11595
12341
11595
5164
5635
7575
2752
8410
2752
9121
2752
7379
8801
8854
8801
4440
6607
5421
9805
8787
9805
3010
4335
7663
11966
1364
1407
1270
1407
1507
1407
3874
12604
12032
6433
11164
8891
9404
9379
8809
9379
5504
9379
8825
9379
11553
10338
7407
6621
8924
6127
7399
6127
12488
11685
13381
11685
12486
11685
4781
10777
6122
13895
6122
13895
11111
9871
5993
5951
10814
10779
12463
5061
13921
5061
6096
5061
14017
6129
355
616
645
616
6431
9738
7341
9377
3609
12801
4704
12801
10116
12801
10129
12801
5303
12801
3109
12801
3323
12801
9638
12801
3834
12801
3623
12801
12614
12801
10131
12801
3675
12801
7147
12801
8536
12801
4081
12801
9149
12801
9147
12801
4086
12801
7664
12801
3666
12801
9143
12801
4083
12801
13353
12801
3722
12801
13269
12801
4065
12801
4082
12801
3723
12801
7988
12801
9137
12801
9163
12801
4076
12801
5753
12801
4680
12801
8007
12801
3790
12801
4706
12801
4085
12801
13218
12801
7177
12801
3875
12801
3665
12801
8011
12801
12508
12801
4079
12801
3139
12801
7188
12801
2422
3972
11833
13220
1774
10145
1770
10145
2697
10053
13960
6609
8658
13239
13404
5350
4256
5350
1808
4863
4938
13106
6533
4910
6518
4317
2207
9303
11135
3672
9493
3672
12323
3672
5739
7948
9115
7948
6836
13236
1979
4833
9950
9524
14098
12698
12119
12698
5383
3019
10774
3019
9354
3019
3221
3019
11396
9841
4474
1580
11540
8944
4490
8944
1984
4311
5408
9768
9349
9768
6545
13714
4386
13714
6032
13911
8201
13911
8199
13911
14000
8220
8808
6463
2022
2030
2000
2030
12246
13460
4613
6673
4615
6673
8808
8788
10900
5884
12697
10368
7562
12846
2434
12846
412
365
173
365
13051
10703
7190
10703
3419
4319
11522
4319
10934
4319
1696
1702
10369
7784
7799
7784
11077
7784
11095
7784
13806
4365
4157
11936
9801
5896
1107
953
864
953
13552
3555
11953
3555
9264
3555
4512
10463
8662
13016
9320
13016
11704
13860
12116
13860
11763
13860
13649
10673
7212
10673
658
32
473
32
9265
6368
609
610
811
610
3109
2502
4081
2502
3490
6703
4045
6703
2073
2109
4198
2109
13645
13585
5738
8342
3571
8342
4756
48
12601
48
11485
48
12847
48
9728
48
5340
48
12602
48
2680
8028
1444
1530
5035
9408
925
1474
1203
1474
917
1412
929
1412
928
1412
1059
1412
1058
1412
930
1412
1439
1412
932
1412
974
1412
979
1412
1537
1412
975
1412
931
1412
1042
1412
980
1412
12500
9024
9184
9024
9188
9024
142
473
196
473
2776
2780
10316
12422
12663
5212
12312
5212
10796
8553
8509
6779
14144
14134
4494
14134
5361
4156
12297
6031
8253
5159
13987
5159
8256
5159
10444
5159
6295
10609
3850
10607
8985
5182
2243
12774
10140
12774
7237
12774
13107
12774
7195
12774
9938
10433
4059
2259
4653
2259
5184
5157
2511
6338
4123
10621
4120
10621
6834
6777
12622
6777
7716
6777
2502
11422
2453
11422
6813
11422
2229
11422
9719
11422
3539
11422
13032
11422
10057
11422
3620
11422
2989
11422
10665
11422
3053
11422
8379
11422
2124
11422
10545
11422
2950
11422
3903
11422
10719
11422
7648
11422
3012
11422
8392
11422
3554
11422
2925
11422
11937
11422
11423
11422
7556
11422
10077
11422
8436
11422
7179
11422
2017
11422
13232
3937
9274
3937
4241
3937
2352
3842
4881
4272
4759
13510
1387
1431
1418
871
4367
5408
7354
5408
2341
3050
7221
3050
11530
3050
11374
4092
13286
4092
1875
4554
12786
4554
1464
1143
546
672
1307
1047
1240
1320
1239
1320
1657
7435
13862
3070
12513
11774
1939
3862
7282
7206
13533
13468
7570
10506
2169
10506
9610
10506
12027
12016
12441
12016
9382
12016
10236
7675
10238
7675
6830
6750
8575
6750
11601
3836
11600
3836
12080
7419
1550
7419
13466
7465
7934
7465
6637
7417
9967
8255
1001
1184
1330
1184
3214
1714
1721
9867
5023
13929
5023
7237
7630
4443
3637
4443
3637
9149
10031
8011
10031
5676
207
11588
207
469
647
442
647
5635
7411
10433
7411
13870
7411
3190
2358
4008
2358
10306
2310
6933
2310
5806
9212
11433
4943
13405
4943
13524
4943
4380
4943
2845
12106
14123
7838
1618
7838
6072
6053
3511
2521
10632
2521
8730
9350
9804
9350
8741
9350
13820
7771
7396
7771
13080
8531
10870
8531
10288
8531
11214
6145
9511
6145
6160
6145
2575
5738
4470
11698
5570
8834
5587
8834
5584
8834
6587
8834
8763
5377
13597
5871
13597
5871
2416
10129
11264
9951
14139
9951
9956
9951
5652
14011
47
724
2320
13602
5081
13868
6119
13868
11188
13868
6531
6506
10342
6506
11826
6506
8208
6506
11655
6506
6088
6506
1395
1215
1192
1215
1502
1215
1721
10127
1736
10127
6482
5379
10240
7705
8684
7705
4231
7705
4253
7705
4822
7705
5852
7705
4251
7705
1733
7705
1906
7705
3659
7705
12860
7705
10860
7705
12282
7705
4254
7705
6863
7705
3668
7705
5875
7705
1693
7705
4240
7705
4259
7705
10841
7705
6878
7705
5869
7705
6885
7705
4227
7705
4249
7705
10852
7705
6887
7705
8668
7705
10249
7705
6883
7705
8116
7705
4261
7705
7290
7705
10236
7705
10242
7705
13134
7705
7729
7705
1710
7705
4246
7705
1783
7705
5866
7705
4237
7705
5844
7705
4235
7705
10238
7705
10239
7705
8134
7705
1769
7705
1719
7705
10855
7705
8117
7705
8686
7705
1744
7705
5853
7705
10256
7705
12934
7705
8121
7705
3076
7705
12670
7705
13714
3410
5137
11846
5469
10750
13271
3458
3570
3458
7737
5805
9780
5805
8152
5805
6177
5140
11945
12936
3500
12936
12957
12936
11644
12936
6895
12936
13071
12936
13201
12936
13026
12936
7288
12936
5100
9896
2212
4090
1959
4054
7224
12966
6795
12966
6796
12966
5656
5170
11605
11604
4756
779
12601
779
12602
779
5111
9884
10835
12685
10206
12685
8557
12685
4686
2882
3781
2882
5185
13995
12929
8595
12460
8595
12943
8595
8617
8595
3817
8595
8653
8595
6847
8595
12174
8595
3689
13314
3236
13314
8224
8864
8225
8864
8222
8864
8732
5768
11802
11801
8105
5841
2543
3699
5544
5524
5544
5524
5427
8756
2618
7868
8151
7741
5889
5303
5891
5303
5392
5303
597
59
5166
7415
14134
8257
3964
7469
5708
7469
6878
7679
10234
7679
3979
8282
7939
8282
13834
8693
5928
8693
13638
8693
13670
8693
10948
12066
13616
12066
10952
12066
12655
11186
9869
4360
1674
9262
9961
9953
12386
9953
6201
9953
4550
12783
11607
12192
10214
12192
877
1298
879
1298
1258
1298
6852
7677
9751
7677
7278
7677
11547
12442
9322
12442
13183
12442
6031
4961
6034
4961
12600
4961
6508
4961
3214
8259
147
739
329
739
11103
6051
8322
7467
10515
7467
4038
9044
4015
9044
2202
13343
9379
2580
2537
2580
6210
7437
4215
2019
3759
2019
5861
10684
8651
10684
8638
8048
8640
8048
1711
9232
9245
9232
10923
7603
5813
7603
12056
7603
2138
13553
3119
3437
10578
3437
13673
5010
6559
5996
4279
12036
7158
2702
2194
2702
2701
2702
710
201
1456
1451
1459
1451
1457
1451
1061
1451
1524
1451
1536
1451
1529
1451
1458
1451
1428
1451
7061
14173
12668
14173
14182
14173
11876
14173
8352
8322
4710
8322
2321
13587
5359
3822
233
243
1664
7439
13811
3755
13669
3755
2946
3030
9291
8597
8401
12558
3980
12558
12962
12826
12996
12826
11670
12826
1338
1470
1487
1470
1296
1470
6766
12689
3371
12689
2412
3109
4626
2337
3847
2337
4834
12916
8238
5120
4444
5120
4386
3658
13257
3610
582
632
81
632
152
632
1386
1087
1264
1183
1768
1780
3355
7773
7029
7818
5617
7818
13951
7818
6635
7818
13963
7818
4885
12652
1545
8924
5326
6684
10157
6684
5383
5873
9354
5873
10837
3206
3633
3206
10918
3206
4867
13340
8081
13340
4710
5290
1166
1125
939
1125
413
648
270
648
6231
208
12694
208
12615
208
12073
208
10521
208
9544
3116
13319
13370
13319
11962
8599
5522
8814
8586
5718
10108
5718
10653
5718
12686
12687
2874
7928
5874
5821
608
186
2997
10125
9748
5330
11419
7707
9314
7707
10858
7707
5529
13912
11110
13912
13966
13912
9186
13316
9181
13316
5418
5931
12127
6149
5121
13897
2377
4001
8698
7721
3681
7721
10278
7721
11640
11586
6524
5807
3414
5807
8100
5807
67
456
942
1144
1167
1144
10879
5809
14143
3910
4504
3910
5622
6147
4451
6147
12048
3958
10663
3958
6305
3958
1462
1168
11770
7709
9785
5375
5382
5375
4196
10180
13439
10180
9760
7186
6393
9718
12590
9718
12589
9718
12588
9718
10411
13719
13845
13719
6240
7460
3035
7460
3020
7460
2475
7460
12689
7460
2865
7460
2817
7460
6315
7460
8080
7460
7671
7460
7481
7460
2446
7460
2243
7460
4561
7460
2597
7460
2296
7460
3187
7460
2784
7460
5702
7460
12903
7460
6237
7460
11930
7460
2863
7460
6331
7460
2770
7460
12969
7460
2978
7460
6755
7460
2744
7460
8017
7460
13013
7460
2893
7460
11662
5544
5098
5544
13420
3499
6473
3499
7748
3499
408
72
720
72
3143
2050
3651
2050
4092
6276
11714
6276
5370
9290
12456
14012
14084
14012
8968
14012
13794
13740
13719
9873
2248
4881
14032
13997
4489
12586
4371
4367
12489
13403
12487
13403
4947
4315
4391
4369
8527
8496
8525
8496
4720
8496
5404
4053
11931
4053
8146
4053
371
433
6196
6641
11410
13621
12441
10318
5468
2070
10997
2070
4999
2070
8173
2070
2071
6413
4533
8270
14179
8270
928
831
5009
11826
11559
11558
12760
10730
7034
6180
12047
11689
12363
11689
9639
11689
10058
11689
13365
11689
9157
11689
10555
11689
2046
11689
2032
11689
3579
11689
13145
11689
7124
11689
10548
11689
9148
11689
1929
11689
1802
11689
8389
11689
3616
11689
1950
11689
2233
11689
8359
11689
9165
11689
10560
11689
8351
11689
9241
11689
9142
11689
9592
11689
9083
11689
10672
11689
12034
11689
5266
6671
7112
6671
12330
8240
14065
8240
13294
6481
9395
9375
6939
9375
13558
9375
2535
10147
4992
4339
6976
4339
5017
4339
5809
11916
12603
11916
10196
11916
12308
8092
8608
13478
768
47
588
47
4923
9809
11904
13234
13324
13234
12540
4813
5619
6605
11567
6605
5865
7158
7162
7158
7163
7158
1277
1369
894
1369
10966
9807
10966
9807
1278
929
10788
10149
11376
4337
3351
9931
1960
3472
12799
11652
5252
11652
6877
4778
12220
2195
13760
2195
8859
2195
6979
2195
5565
2195
10366
2195
5931
9330
13567
9330
4893
9330
6621
13716
6149
13716
6147
13716
5981
4923
2700
2721
12421
2721
7808
11687
12392
6125
4251
8551
4261
8551
4866
10775
8805
9821
7123
10051
6725
10051
4037
10605
13457
10605
11896
11158
2986
3213
72
124
132
124
614
392
2971
4608
1587
5155
4463
5155
4703
7576
4693
7576
7609
5262
7988
5262
7239
7650
8098
7650
6943
5953
4978
5953
7262
6775
7273
6775
9887
5043
11660
5043
6569
5043
13823
5043
6568
5043
5071
5043
6826
13036
3365
13036
8492
6730
11963
10671
12388
2372
3178
2372
8270
14163
5225
14163
8271
14163
4545
10481
1007
997
7379
13878
5212
4502
12336
4502
9974
4502
961
954
5075
13803
1861
1882
4719
4694
10698
10641
6778
6318
214
659
465
659
3255
13066
13163
13066
10502
9996
8280
9996
4575
9996
7416
10413
8570
9172
11784
11783
4967
10276
11629
11192
5232
5082
13743
571
260
7683
11442
6698
11442
12061
11442
8469
11442
2192
11442
2106
11442
2001
11442
10580
11442
11681
11442
13020
11442
4634
11442
6743
11442
10067
11442
8515
11442
9135
11442
2011
11442
2400
11442
6260
11442
2457
11442
2298
11442
7185
11442
10191
11442
11827
11442
10101
11442
3890
11442
8063
11442
7552
11442
8039
11442
9093
11442
7991
11442
5991
10945
6963
11693
11765
7311
9810
7311
8688
5733
5845
5733
6866
5733
11562
9066
5311
9066
9214
9066
10468
11282
14137
11282
10476
11282
8938
7025
1992
3364
11747
13536
4988
4948
11074
4948
13729
4948
10349
4948
1583
7833
12081
7833
8864
6058
3275
11257
3877
11257
3156
7910
3212
7910
6469
7317
13611
7319
4229
3460
6984
7365
4284
4784
1915
3408
3326
3484
2807
13388
2797
13388
12764
499
10017
499
12338
11259
5187
11259
4564
1440
3344
3375
10086
7977
10086
11418
13172
10780
13172
10782
13172
7906
7080
9035
7080
1688
1696
1697
1696
3766
1923
1922
1923
1346
1495
1524
1495
1310
1495
1623
5890
12044
12579
7335
4243
4088
9328
4088
6876
4088
2690
4004
3652
3885
3886
3885
4896
4113
4827
4113
11797
13539
11738
13539
11739
13539
4201
9660
3125
9660
2531
7863
2751
7863
4557
7863
10006
7863
8342
7863
7080
7863
7096
7863
2916
7863
7869
7863
8301
7863
2585
7863
9000
7863
8317
7863
7864
7863
3620
7863
8356
7863
7471
7863
3587
7863
7452
7863
4561
7863
7885
7863
3432
7863
12850
7863
2515
7863
7887
7863
7889
7863
5253
7863
3989
7863
7475
7863
8299
7863
3404
7863
13112
7863
7071
7863
7451
7863
7078
7863
6700
7863
11894
7863
10034
7863
8994
7863
11320
7863
5672
7863
8351
7863
2729
7863
7470
7863
6246
7863
8283
7863
10052
7863
3447
7863
2678
7863
8277
7863
10005
7863
8275
7863
4556
7863
10003
7863
3528
7863
3925
7863
10008
7863
9998
7863
8289
7863
3457
7863
1939
13520
7237
5308
5309
9036
4275
5763
2692
11322
9769
2873
4906
2873
13752
2873
11564
2873
10250
2873
13824
2873
8103
8061
4175
3048
4141
3048
8594
3048
3241
3048
3483
3048
8531
3048
5807
3048
3648
3048
3745
3048
8559
3048
12650
3048
3204
3048
2059
3048
5793
3048
13332
3048
13211
3048
2426
3048
6787
3048
13425
3048
4668
3048
3521
3048
2054
3048
6383
3048
8566
3048
2595
3048
4158
3048
6374
3048
4160
3048
13242
3048
4170
3048
7635
3048
3603
3048
6371
3048
6341
3048
6830
3048
3454
3048
11904
3048
7623
3048
12984
3048
3513
3048
6376
3048
12921
3048
4182
3048
13324
3048
13372
3048
3412
3048
8581
3048
12988
3048
13065
3048
8495
3048
3509
3048
3331
3048
2431
3048
8596
3048
8584
3048
6782
3048
3176
3048
8579
3048
8577
3048
8550
3048
4161
3048
12347
3048
13300
3048
8498
3048
12206
5403
11790
5403
10904
5403
1873
1874
1865
1874
10459
9536
8975
9536
2600
2845
2843
2845
11312
8159
13731
11597
5158
5637
3095
752
155
279
155
722
715
13388
13304
1842
1839
11895
1839
3744
1839
10979
1839
14159
12240
12126
12551
7436
12551
603
604
8990
331
12809
331
8989
331
11519
331
6666
1388
6234
1388
3189
11814
452
427
774
427
404
427
8773
8157
12481
11599
11833
11599
5653
5639
3992
2865
7941
2865
6667
2624
6663
2624
3310
11924
3068
11122
8182
12071
13597
11694
2464
9338
2464
13376
13285
824
53
3419
2924
4342
2924
10896
2924
7321
2924
11522
2924
10934
2924
398
9
8644
8586
3715
2496
3219
2496
8814
5479
5491
5479
6570
11080
8218
11080
7443
5669
13667
13612
11228
5615
6953
6945
6953
6945
3359
2384
13516
2384
14154
5667
1804
9200
1790
9200
12160
14021
4503
14021
12413
12270
6049
11025
12004
11025
3778
2308
5946
2308
209
468
364
468
6292
2360
3278
2360
1798
5477
13738
12496
896
1363
903
923
913
923
11105
5028
6363
2444
5796
2444
3364
1997
4855
1997
11848
9450
3427
9566
10078
9566
10408
4419
2534
2552
4166
6708
6377
6708
4485
4465
12361
4465
9280
2159
9786
2663
9831
2663
9359
2663
5898
2663
12049
4675
5794
4675
4660
9639
4702
9639
4912
3505
4288
3505
13898
13844
5620
13844
7113
7096
10577
7096
12679
10468
4216
10678
12937
10678
2409
6363
882
1326
552
696
445
696
13946
4411
162
814
426
758
4418
13921
9928
13921
11222
13921
13739
13704
1672
11270
9968
11270
10241
6835
11031
2778
11528
2778
9838
2778
12533
2778
13662
2778
11325
2778
10775
9637
9714
9637
2429
8023
3716
8023
10069
2941
10589
2941
9635
11496
7154
11496
6726
11496
6297
11496
4635
11496
4662
11496
3451
11496
8424
11496
11160
5536
11355
5536
12105
5536
6169
5536
2635
2643
2640
2643
3793
4630
13151
4630
2208
4630
3776
4630
9172
4630
6363
4630
3246
4630
3650
4630
6360
4630
6367
4630
12822
4630
13578
4630
4116
4630
3203
4630
8488
4630
7668
4630
8059
4630
8070
4630
4110
4630
6356
4630
4108
4630
7646
4630
1821
4630
7665
4630
8485
4630
13387
4630
13519
4630
13454
4630
7667
4630
3200
4630
3478
4630
6357
4630
13255
4630
13430
4630
9203
4630
13137
4630
4125
4630
8052
4630
7666
4630
2569
4630
7647
4630
6353
4630
4115
4630
8071
4630
13373
4630
13515
4630
7645
4630
6358
4630
3667
4630
6362
4630
3196
4630
4121
4630
13330
4630
3073
4630
7659
4630
7640
4630
12606
4630
6361
4630
13247
4630
8069
4630
6329
4630
8067
4630
8508
4630
13245
4630
3182
4630
2755
10572
5396
10254
8928
4417
11624
4417
6012
9403
877
1189
1655
8916
8784
2943
5948
2943
9812
2943
4911
2943
5633
5566
5016
5450
11096
11049
8409
7554
8407
7554
10649
7554
10109
7554
13163
7554
12956
7554
7152
7554
13280
7554
8001
7554
2618
2641
2542
13210
8118
7272
6752
7151
9836
6929
12424
6929
5885
8689
9335
8689
13699
8689
7811
12597
12709
12597
6076
12597
10384
12597
11490
12597
10380
12597
8916
9477
14181
9477
4444
9477
8102
8558
3388
8826
3335
9667
6841
6819
12750
6594
13927
6594
12435
6594
6611
6594
12474
6594
12524
6594
2832
4106
12672
6865
14110
5200
12211
5200
14097
11240
6863
6817
6878
6817
13525
2209
4926
2209
9944
10438
9702
9669
9218
9669
1919
4206
2819
9615
12049
11551
10283
8687
5312
6333
12600
12599
7017
9479
6297
12814
3711
12814
9958
4435
6153
4435
12141
4435
7367
6927
4331
6927
4406
6927
13220
6811
6464
6811
10882
6811
4927
8652
5417
8652
12410
8652
11337
2423
3638
2423
5852
12924
8668
12924
3168
2963
8349
2963
12405
11047
9760
10817
13267
10817
11851
6438
8748
6438
468
691
447
691
1956
1964
4936
1964
10889
1964
13726
1964
10392
10333
10400
10333
12095
10333
11842
6086
5088
6086
13304
13044
4624
13044
7781
8170
12202
13788
13543
10927
2545
3983
10274
10811
6202
7047
4767
4741
5838
4741
1044
1332
12381
7049
14166
7049
3245
10058
4055
10058
14005
11151
11957
4868
10907
4868
10287
4868
6487
10929
2217
3323
3230
2975
4027
2975
3019
3517
13592
12322
1901
1944
1946
1944
8674
10819
4248
9733
11855
9733
10246
10594
10903
10865
14147
14133
11285
14133
10466
14133
4383
12693
6272
2675
11525
2675
2265
2675
1577
1578
9781
12282
4857
10835
7319
9763
6439
9763
12199
9763
3346
1644
5363
4771
5362
4771
2991
9308
6099
6572
13876
12257
11497
6254
7191
7943
6491
4838
7052
5660
5662
5660
13512
8442
9301
8442
6485
3683
3591
8140
9231
10708
1750
1752
1741
1752
4395
12259
4395
12259
640
237
11587
12172
7823
12172
12547
13444
3348
1664
5423
1825
9800
1825
4328
1825
6090
11096
6069
11096
5083
11096
5430
6468
8162
6468
4349
6468
4164
4705
1315
1081
1341
1081
1223
1081
13665
8192
11678
6678
8051
6678
13547
6678
3799
2028
4151
2028
4364
8783
11149
10363
3686
2990
2972
2990
5643
12752
3567
7463
6685
7463
8301
7463
2988
7463
7924
7463
2386
7463
10697
7463
9028
7463
12144
7463
2188
7463
6746
7463
5694
7463
7871
7463
7234
7463
3896
7463
6748
7463
9005
7463
8534
7463
7995
7463
2293
7463
7560
7463
2142
7463
9017
7463
7503
7463
9001
7463
6686
7463
8300
7463
3786
7463
7156
7463
11480
7463
9013
7463
2357
7463
5305
2736
9253
2736
9242
2736
2732
2736
3318
7673
8659
7673
89
740
1857
13560
14186
9982
9987
9982
6830
2954
3513
2954
4425
5080
5612
5080
6282
12787
7948
12787
6708
12787
2286
12787
4605
12787
3573
12787
4621
12787
10123
12787
6704
12787
9140
12787
10593
12787
7982
12787
9652
12787
9656
12787
9082
12787
2332
12787
7232
12787
6719
12787
5720
12787
10171
12787
8376
12787
6700
12787
2034
12787
2336
12787
2007
12787
6274
12787
9152
12787
9091
12787
2065
12787
4670
12787
2027
12787
9399
8699
5925
8699
13643
8699
11534
8699
8810
8699
14043
5618
3465
5618
6119
13885
11188
13885
4784
13350
7049
9957
8973
9957
5410
6784
13237
6784
6054
11028
12371
11028
9882
11028
13367
2181
13349
2181
4351
2181
13272
2181
2323
2330
2289
2330
14093
9959
7166
12789
1641
6948
9799
8697
6558
5025
6558
5025
6567
5512
14053
8253
1640
8962
9517
8932
3953
2401
3506
2401
290
29
7222
7609
5303
2286
4706
2286
2725
2742
9037
10020
8324
10020
11471
4189
3699
7607
5819
7607
2757
2762
2758
2762
11287
7433
641
623
8438
2690
11683
2690
7594
2690
8435
2690
8420
2690
13591
2690
8143
7621
12511
7621
5918
7621
2656
2654
2609
2654
557
776
5378
5371
6910
3301
8161
3301
4931
3301
12683
3349
1653
4479
14061
8967
14061
966
903
4090
8334
4088
8334
5992
3169
11367
3169
5382
3782
5908
3782
9352
5877
1562
2203
3246
1261
1077
1410
1077
1185
1173
1226
1173
1511
1173
8811
7338
9440
7338
6513
5970
6835
8520
12353
8520
9888
7777
6560
7777
11079
7777
10220
3670
11656
3670
8104
3670
8856
9850
9419
9850
8201
9850
2794
2799
2796
2799
9356
3650
13592
3650
13050
3650
9426
7779
5398
2135
5885
2135
5929
2135
13699
2135
12640
2135
8576
5305
9360
10110
11347
11346
8600
9224
13153
3149
13258
3149
5924
5879
1541
1542
4910
3266
10912
3266
8738
3266
6438
8593
12258
8593
12977
8593
11472
13652
8244
7028
11234
7028
10546
3037
10565
3037
11868
97
12073
97
12063
10948
13890
11414
9387
9384
9387
9384
456
380
5631
6143
2182
3950
3289
3232
5080
6055
4403
6055
5550
6055
4969
4945
4969
4945
13958
13925
4923
5803
10260
5803
10950
5803
2264
13333
2706
3970
439
695
127
695
1844
11900
13668
7368
13735
7368
11118
7368
6929
5940
9740
3430
6390
3430
12179
3430
801
466
8830
1953
13848
1953
11033
1953
8185
1953
12704
1419
12425
7703
11301
2775
5341
2527
13485
13090
10784
4664
8364
10623
8364
7738
10838
12677
6417
9345
6417
10969
6417
9757
10771
11296
5224
3406
8391
1883
8391
12413
12414
5216
12414
4512
12414
11124
9879
1897
1901
1898
1901
6641
6630
12434
6630
6642
6630
6131
6110
4876
4835
3576
8990
7881
8990
2941
8990
3037
8990
3573
8990
8335
8990
10555
8990
2929
8990
3542
8990
10518
8990
5241
8990
8343
8990
2594
8990
10074
8990
4245
6411
10836
6411
8657
6411
14061
14025
8692
9305
1714
1722
5966
13568
595
698
14163
9970
3377
9970
1677
9970
9548
9970
8982
9970
12591
9970
9975
9970
9977
9970
2599
5850
4377
4363
3277
10705
4178
10705
3813
5096
7175
12900
1938
2058
6740
6675
5765
2010
4754
2010
6491
7750
5778
8426
8873
9877
8877
9877
6571
9877
11172
12301
12458
12301
13708
12301
63
62
180
62
787
62
179
62
581
62
8772
9371
13403
6419
13498
6465
3593
6465
6964
6465
11823
6465
2418
4708
5484
1855
6005
1855
1848
1855
7782
1855
10300
4811
8253
13961
11994
13961
6644
13961
11428
11683
10891
6435
10286
6435
10356
6435
11132
6435
11663
6435
6982
6435
10927
9341
4344
4927
7539
812
12770
812
5728
812
5725
812
6951
4333
3210
4333
5466
4333
6021
4333
13689
4333
12519
9940
11640
9940
12160
6206
8699
4817
2795
4817
13738
13733
10368
9803
5473
9803
5460
9803
8796
9803
10324
9803
9707
4594
13464
4819
13464
4819
1361
1218
1186
1218
900
1218
914
1218
3255
10055
4091
10055
5960
4865
5960
4865
1785
10143
1774
10143
3453
12346
3687
12346
965
1306
869
1306
1341
1306
13505
13410
11764
4929
13666
4929
6538
4929
13481
4929
6959
5384
11834
8231
14065
8231
11242
8231
10901
10868
11359
5151
12284
5151
1599
1601
1600
1601
3353
10124
9012
9153
9012
1924
9012
2578
9012
12558
9012
2941
9012
10055
9012
6721
9012
2489
9012
2364
9012
5689
9012
8373
9012
7896
9012
10023
9012
3902
9012
2036
9012
2061
9012
8382
9012
8459
9012
2096
9012
10022
9012
12855
9012
6246
9012
2021
9012
7629
9012
2530
9012
9109
9012
1872
9012
8416
9012
2274
9012
3729
9012
2209
10741
10368
8842
13658
8842
8954
9512
8952
9512
8950
9512
13864
13810
10540
3919
9379
6868
4955
5959
5451
5959
9484
5049
5088
5049
6118
5049
6459
8555
13517
6741
13507
6741
6979
13750
11425
13750
12578
5047
842
1334
5469
5957
9512
10435
2805
9618
9125
2453
8003
2453
13170
9102
13277
9102
6539
5982
13484
10206
1119
1060
12360
4438
13974
4438
12757
4438
2421
4678
273
270
2922
11752
261
335
560
335
2665
7506
11066
2522
5512
2522
4381
2522
13583
2522
12706
2522
10329
2522
8972
4468
11271
4468
3505
6705
13262
6705
8517
2129
4122
2129
8645
13244
8643
13244
7643
10675
3501
10675
13082
11787
10620
11787
12259
6020
5055
6020
11056
6020
7413
10419
5228
10465
9338
6838
4357
6838
10343
6838
11507
6838
9917
10417
6889
3277
7668
3619
7667
3619
1868
4254
27
669
535
669
322
669
7699
6771
7273
6771
3557
11789
11298
3880
2679
4572
4837
10630
715
711
720
711
817
151
8133
3120
10806
3120
13175
3120
2818
3072
11184
10411
13406
11699
5773
11699
2177
5739
10367
6961
12393
6961
5031
6961
3388
1393
1452
8777
4177
12473
4177
13579
4177
10312
4177
6467
3304
7645
10128
7659
10128
495
220
221
220
240
220
494
220
295
220
254
220
3158
2817
4006
2817
14108
7839
11379
6360
5434
6360
6907
6360
5756
3448
4017
3448
3206
2220
12878
2220
2752
3928
9613
3928
5927
7313
11915
7313
12250
7313
4415
3468
13914
3468
11710
3468
6098
3468
2797
11962
9535
7837
6651
7837
1552
11253
11256
11253
9922
13775
12155
2616
7957
2616
9146
2616
4033
2616
13530
13513
12316
5737
2024
11697
5932
5378
8746
5378
10892
5378
6060
5378
5922
5378
10296
5378
13165
2916
7113
2916
4484
12555
9680
7980
13251
2083
13374
2083
8881
11120
11589
5767
6586
7381
11157
7381
11731
7381
3773
12842
12173
12842
7260
3628
1209
827
3499
4064
3415
4064
9039
7867
9022
7867
5906
11932
3530
11932
11786
11932
13452
5892
12729
5892
6542
5892
11887
7815
12559
13102
2121
4044
10529
7869
9033
7869
12655
7010
2669
5715
946
1496
1391
1496
4697
7925
4695
7925
4688
7925
2914
7925
4679
7925
13413
7925
4677
7925
4709
7925
3256
7925
13172
7925
4675
7925
4705
7925
4708
7925
4678
7925
11932
7925
4684
7925
4673
7925
4703
7925
2120
7925
5304
7925
4698
7925
4685
7925
3486
7925
4689
7925
4687
7925
6334
7925
4693
7925
4681
7925
3003
7925
10635
7925
12906
7925
3195
7925
4663
7925
4701
7925
4049
7925
3840
7925
3268
7925
3270
7925
4691
7925
4660
7925
4667
7925
3235
7925
3562
7925
13257
7925
3247
7925
3631
7925
4666
7925
4700
7925
3238
7925
3257
7925
3485
7925
3112
7925
4676
7925
5302
7925
3560
7925
4696
7925
3321
7925
4659
7925
3231
7925
4682
7925
13322
7925
4686
7925
4658
7925
4702
7925
3173
7925
3781
7925
13542
5769
8058
5769
8056
5769
5086
2118
13710
2118
5073
2118
6977
2118
9417
11010
6504
5409
2134
4684
9560
11520
12926
11520
1263
1156
8788
8153
4150
5294
4142
5294
11528
11334
12020
1378
9697
8045
5329
8045
5154
12231
12357
3852
12844
3852
5985
5421
9607
13012
10556
13012
10195
7120
5942
13356
11940
13952
5647
5633
14063
5633
11641
11593
5110
11593
2807
2805
2791
2805
3085
3084
819
206
542
206
449
646
148
646
55
763
4103
8346
3634
8346
4214
3725
3417
3725
4924
5407
3223
3060
3276
3060
13654
13546
9427
13546
10344
13546
7337
3008
8735
3008
10921
3008
11003
3008
13276
2404
13160
2404
893
1001
895
1001
8983
5186
4773
12990
8110
12990
3459
188
3852
188
7591
188
3888
188
7589
188
12861
188
1379
1105
884
1105
2663
13549
8664
13549
4798
13549
8130
13549
3421
9760
5914
13625
10448
7418
10739
2488
10737
2488
9406
5473
4822
2348
12197
2348
2213
13359
1644
5663
4511
5663
11283
5663
8009
8414
99
458
5023
13767
9402
13767
10328
13767
12123
12391
12425
12426
1539
1142
11014
10961
8313
8301
10529
8301
1606
5216
5301
11364
3360
2368
3779
2368
925
1468
1018
1468
1201
1468
9920
8900
13888
10360
5101
4413
11634
9407
4489
11990
13842
2603
4355
2603
10289
2603
9740
4641
6347
4641
12179
4641
11584
8027
916
1179
1228
1179
793
205
4663
9633
13322
9633
8618
3565
3479
3565
7765
13756
4765
10694
1273
909
1778
1785
5788
7202
3433
6315
3570
6315
11340
13203
12724
13203
7579
13203
5549
11391
5562
11391
9460
11391
5527
9421
13303
6369
3825
11426
4728
6367
4252
6367
11927
3897
8506
3897
13488
9294
5902
6881
5990
12364
4422
3545
10407
3545
12566
8029
10769
8029
6919
4276
6052
9409
2113
4132
79
554
580
554
725
554
3801
11043
5279
10608
5279
10608
4330
12520
8221
11155
12242
6923
3855
3597
7731
8683
3822
6337
9699
6337
1748
13661
1724
13661
12566
6778
7223
6778
10760
6778
12687
103
11652
103
7456
103
12780
103
4690
4605
3843
4605
3668
6813
4249
6813
8569
13434
6904
13434
10207
13434
10255
2249
10830
2249
7296
2249
4941
2249
9280
4166
4466
12334
11317
9216
5169
5158
5167
5158
11881
11231
11249
11231
4235
2269
12659
2269
13578
9663
7659
9663
10485
7860
12930
7860
10408
13759
4872
10502
3593
13367
2541
13278
1841
4146
504
579
7267
6339
5823
6339
4844
12012
1036
1413
5116
9473
11188
9473
4758
12593
12043
14052
4527
14052
5179
14052
5210
4481
14121
4481
5805
5760
1890
3796
1391
1487
11427
4671
2823
2903
9302
2903
12098
2903
11429
2903
1674
9737
6358
1904
7640
1904
6520
6502
11009
6502
5459
6502
5464
9378
11071
10339
6442
3289
8693
3289
9439
11555
1985
1988
9824
13375
6118
11842
12262
4730
4066
12932
3127
12932
12101
12102
4819
4775
4224
4775
3362
4775
12377
7043
12739
7043
11263
7043
12752
6608
12311
6608
2890
7155
13465
10923
10350
10337
13388
3186
1827
10778
9917
6128
4258
10813
10257
9739
5376
9739
4976
13834
967
952
965
952
1367
952
693
449
7684
12699
10182
12699
6083
10367
5985
8787
4333
3774
1320
1091
1049
1091
12364
10881
13348
10881
1680
9715
13805
9769
954
946
1272
946
3353
3739
6565
8752
10885
8131
6448
8131
2712
7949
3819
3573
9632
3573
3640
4023
10155
7947
8108
7947
9483
9892
9458
9892
12038
9892
101
484
277
484
192
617
405
617
154
617
13081
12962
11682
4318
867
1345
1084
1345
5574
12253
13874
12253
11757
12253
12676
1604
3278
6694
7152
6694
13471
9767
6046
10315
1681
1688
1685
1688
3698
12697
11445
12697
13165
2585
3657
2585
10326
8789
5467
8789
6015
8789
13783
8789
5983
8789
7804
10369
1706
10369
795
412
4177
4609
1693
9266
10242
9266
2111
6863
1833
4126
1850
4126
2121
13439
792
12
12598
13420
11070
5484
10226
1817
1795
1817
13358
12196
11162
11159
10409
11159
11161
11159
7817
12446
9904
12446
2858
12570
9935
9500
12278
9500
14189
7061
3313
4621
13374
4621
4722
2403
10740
2403
7445
1616
213
618
358
618
12231
4433
12117
4433
11125
13765
6078
13765
6077
13765
13761
11157
3944
8286
2896
8286
9673
6335
6848
6335
6987
9441
13183
12062
19
344
4788
4607
4783
4607
5366
4607
3246
2229
8071
2229
2211
13627
8270
11182
8269
11182
2747
9613
7407
13754
6022
5992
13713
12032
6965
12032
9870
12032
5630
9471
9684
6319
7269
6319
6389
6365
6892
6365
7238
6365
876
1051
6255
8326
4607
8326
1233
986
999
986
3886
12401
4164
9681
3990
3525
3784
3525
2959
4673
10192
13260
4747
13260
3083
3334
8080
12174
8080
10975
12251
3094
4463
3824
4463
1887
1916
1886
1916
11373
6311
10728
6311
4888
12540
10221
3118
7362
9405
7085
1385
12039
1385
3203
8025
13137
8025
6884
6833
2113
4075
11610
13436
13076
8491
8667
9236
6259
12314
10553
12314
8338
12314
8446
12314
2349
12314
8437
12314
5299
12314
6699
12314
3538
12314
8356
12314
2026
12314
2389
12314
7549
12314
1930
12314
2063
12314
10717
12314
10564
12314
7974
12314
3071
12314
1982
12314
9583
12314
2038
12314
8361
12314
13060
12314
9178
12314
10552
12314
10659
12314
6706
12314
6324
12314
9267
12314
4764
6317
5816
6317
7762
6910
8829
3397
1017
1427
1519
1427
1441
867
3878
11569
10311
2736
4043
8529
7945
5785
7945
12446
12656
8775
10833
10945
10833
6931
10833
13225
9719
4294
9719
11248
13836
12370
9765
5894
9765
7352
10317
10998
10317
10303
10910
11513
12695
28
46
567
46
4150
2008
3133
2008
7216
12822
7229
12822
10758
12822
7347
10319
1935
2060
2067
2060
6998
10365
6991
10365
6089
10365
2195
8785
8980
14138
9971
14138
1710
9717
1719
9717
891
1414
905
1414
947
1414
3866
4703
1793
1805
4054
2084
4022
2084
8555
2297
4235
2297
1693
9711
10239
9711
12950
12912
13205
12912
9869
4368
2970
4063
2086
13777
13268
13154
12486
13154
4996
4338
2801
4777
4939
9808
2327
7157
13503
11559
8799
11559
9391
11559
6550
10335
10558
11688
10703
11688
3525
11688
13061
11688
13023
11688
6781
11688
7473
11688
7125
11688
7227
11688
5695
11688
13228
11688
6245
11688
6765
11688
7566
11688
7479
11688
9651
11688
7078
11688
6761
11688
2917
11688
10535
11688
9606
11688
4565
11688
7508
11688
12720
11688
9728
11688
10651
11688
2485
11688
3529
11688
9018
11688
9690
11688
12933
11688
2273
11688
12129
13090
10840
13090
10843
13090
1382
1528
1805
7182
4180
7182
537
590
12158
9735
4244
9735
13344
9000
8332
9000
4336
10863
6634
13839
6159
13839
11762
3303
13476
3303
4591
11557
3535
11557
5593
13820
10423
13820
12583
13820
7863
502
3052
502
11588
502
9156
7159
7243
4041
5355
4041
12702
4041
12919
10148
5498
11582
11096
11061
2757
4779
12760
12154
1565
12154
1579
7817
9920
7817
4429
7817
4125
4024
7666
4024
57
187
4781
8492
3929
2785
9567
2785
8678
5711
6869
5711
13369
5711
13644
7333
3123
3668
6127
11170
5588
11170
12725
5717
5409
12559
12339
12559
6470
12559
8542
7927
12679
1603
13186
12688
13415
12688
7682
12688
12052
7811
9549
12090
3134
12090
13585
2416
13410
2416
11088
2416
6508
2416
509
457
281
361
11743
6554
13826
6554
2557
3539
2573
3539
8609
8598
13345
8598
9287
8598
13397
6272
9324
6272
7285
6272
10819
5719
13193
5719
10215
5719
6510
12557
4345
12557
2545
3773
8108
5765
11306
8151
8165
8151
10732
7929
5731
7929
8412
7929
2099
3648
13722
7594
14006
7819
12624
7819
8899
7819
6135
7819
11183
7819
12669
12582
3213
7865
10536
7865
7667
3574
1257
1096
1327
1096
1488
1096
3516
3948
7414
6148
6154
6148
13989
6148
8248
7835
3632
11656
13809
7023
13809
7023
4689
2235
4701
2235
7621
5735
13189
5735
4981
11695
4375
10943
13863
11822
13863
11822
1900
1903
1250
1182
908
1182
1326
1182
1052
1411
1391
1411
10826
7708
10838
7708
8683
7708
6434
7708
5860
7708
12057
7708
13052
7708
11589
7708
5851
7708
6428
7708
12434
11140
6196
11140
13804
11140
12161
11140
8895
11140
1915
4750
11372
11912
13568
8704
9371
8704
8733
8704
4207
5808
1800
8096
10821
8096
12488
13268
13381
13268
2330
3968
6463
13377
4141
3428
3241
3428
62
703
9456
7363
5096
7363
5076
7363
13833
7363
8888
7363
12219
7363
5860
13032
3775
13032
1449
1456
5457
13354
9939
5613
14064
5613
2799
7140
2249
8464
8704
8674
12382
5441
2935
11401
13454
13365
4125
13365
7962
2988
9076
2988
14021
11251
6198
11251
9842
13544
11663
13544
7128
7468
13384
7468
9738
7678
4060
2904
4074
2904
3088
4506
4490
11540
4490
11540
11616
5500
8261
8258
9537
8258
3299
2186
3642
2186
8842
11023
5043
11314
9493
9484
12323
9484
4737
7572
3327
7572
3789
2328
12256
2328
6832
5266
10834
7254
8660
7254
3164
6943
3208
10554
4072
10554
9765
8049
8679
9176
9759
9176
5910
10272
6220
5236
9925
11196
2707
11570
12391
11446
6158
11446
4453
11446
1959
3316
6433
2281
5871
2281
4803
2281
9788
2281
5864
2281
2071
3745
9820
5405
6212
7438
4525
7438
12432
7438
14160
7438
4521
7438
6971
3765
6971
3765
5240
1585
8438
2688
7594
2688
8435
2688
13591
2688
11428
2688
5940
2604
12722
2604
8760
2604
9816
2604
9316
2604
1782
7170
1766
7170
1689
8434
1694
8434
1501
1492
920
1492
7516
5681
9052
5681
13254
13062
5815
13062
1384
1339
12623
5471
9992
8583
8047
6365
10057
10770
10057
2320
2319
4854
2319
4829
2319
3642
4867
5069
4381
3684
13487
4376
4980
4376
4980
13611
6439
4767
10082
5411
10082
4796
10082
3811
13176
13308
13176
1889
1954
5445
1954
4968
1954
13467
9373
1724
1736
5967
1990
6926
1990
10965
1990
1942
1990
2928
9062
5654
12434
6854
10773
14060
6123
9914
6123
5231
11286
6164
3821
13996
3821
11210
13927
10859
10818
2522
6437
7775
4925
1380
1165
131
236
228
236
166
236
8257
7048
14178
7048
8260
7048
6984
13453
5713
10059
3978
10059
14033
6603
14099
6603
13471
4815
9394
4869
13604
4869
13498
4869
11543
4869
6941
4869
2818
3181
13444
10928
3859
10928
199
230
7360
1742
1725
1742
10272
9309
4303
9244
580
375
397
375
6152
5590
1831
4839
10886
10707
10551
6677
10569
6677
7437
12464
10572
9032
10054
9032
6128
9875
5078
9875
13633
10721
13633
10721
7540
11326
8333
11326
9646
11326
8342
11326
1997
11326
9102
11326
2149
11326
2037
11326
9590
11326
9048
11326
8465
11326
8337
11326
5701
11326
2929
11326
9070
11326
2006
11326
8371
11326
8079
11326
2380
11326
9658
11326
9585
11326
3543
11326
12858
11326
8357
11326
5772
11326
2080
11326
9199
11326
1925
11326
9661
11326
12130
11326
8425
11326
13068
11326
7333
6467
13698
6467
12691
6467
10978
6467
5973
6467
7758
6467
5051
12674
11087
12674
5097
12674
13660
9394
5896
6415
4847
6415
10221
13213
3342
1654
841
1333
4353
9321
4697
11491
4695
11491
4688
11491
2914
11491
4679
11491
13413
11491
4677
11491
4709
11491
3256
11491
13172
11491
4675
11491
4705
11491
4708
11491
4678
11491
11932
11491
4684
11491
4673
11491
4703
11491
2120
11491
5304
11491
4698
11491
4685
11491
3486
11491
4689
11491
4687
11491
6334
11491
4693
11491
4681
11491
3003
11491
12906
11491
3195
11491
4663
11491
4701
11491
3840
11491
3268
11491
3270
11491
4691
11491
4660
11491
4667
11491
3235
11491
3562
11491
13257
11491
3247
11491
3631
11491
4666
11491
4700
11491
3238
11491
3257
11491
3485
11491
3112
11491
4676
11491
5302
11491
3560
11491
4696
11491
3321
11491
4659
11491
3231
11491
4682
11491
13322
11491
4686
11491
4658
11491
4702
11491
3173
11491
3781
11491
574
629
729
629
11684
6469
10941
6469
3841
6469
9435
1690
11099
1690
1030
1200
4940
9830
3261
6679
7177
6679
922
1128
1323
1128
5996
4837
2540
4837
4911
4837
3363
10709
13335
10709
10822
3582
11330
4313
13662
4313
1764
1762
1754
1762
6868
12258
7422
9920
5972
9307
1523
921
3386
10415
513
463
8045
9638
10475
10469
5561
6070
5561
6070
6802
10679
8060
10679
11882
4418
4383
2562
2563
2562
12461
13249
4853
2169
5999
2169
4965
2169
2281
6709
4625
2653
2611
2653
270
193
675
193
11053
8186
1867
12704
11457
12704
5190
9532
4267
2542
7755
2542
6360
2149
6329
2149
12559
6707
6872
6707
1526
1270
3713
10677
4187
10677
14181
14168
7845
14168
7050
11785
12973
6721
8530
6721
2042
3135
5006
1799
6967
1799
11796
10467
11289
10467
61
95
7317
8688
10711
6773
6392
6773
1965
8559
12398
5045
7372
5045
11843
5045
8795
5955
10331
5955
13618
5955
5453
3419
2179
6818
7032
10437
5190
5153
1815
10161
1816
10161
5821
7684
9277
7684
7710
7684
10736
12492
4723
12492
8505
12492
6107
11048
6609
13853
11728
13853
9913
13853
4020
10603
3661
10603
4291
2037
4312
2037
13527
6928
9839
6928
10559
9562
7541
9562
271
697
18
697
348
697
701
697
13487
13246
7280
13246
1244
1295
940
1295
9908
13887
6383
2953
4197
2953
6846
8582
8611
8582
8627
8582
13485
12000
11722
10439
6054
6040
12371
6040
9882
6040
561
771
5806
9668
5043
2536
11841
2536
5402
2536
10413
9478
5597
9478
5602
9478
11036
12598
7778
12598
7788
12598
4857
8557
3330
7605
13171
7605
12656
8158
12534
8158
12657
8158
597
98
2726
9090
4695
2901
4700
2901
678
662
4316
11492
11133
5532
13242
9154
8584
9154
5323
10576
5314
10650
273
440
11535
2855
2841
2855
4731
2855
7704
7671
7713
7671
8309
7481
6682
7481
11572
3010
6543
3010
13858
3010
3276
3058
12956
3058
13069
13000
4985
3802
3207
3802
3183
7092
3158
7092
7153
7092
6338
7092
4001
7092
7158
7092
5733
7092
4004
7092
6778
7092
7155
7092
4043
7092
3630
7092
4013
7092
4006
7092
3707
7092
3757
7092
6683
7092
8360
7092
3475
7092
3997
7092
4028
7092
3424
7092
4030
7092
4018
7092
13086
7092
2557
7092
3250
7092
4059
7092
3228
7092
3190
7092
6294
7092
4008
7092
2573
7092
7143
7092
4010
7092
7160
7092
4632
7092
2866
7092
4038
7092
3434
7092
7146
7092
2709
7092
4015
7092
2769
7092
4000
7092
3998
7092
2718
7092
4005
7092
2194
7092
4011
7092
3491
7092
4012
7092
6300
7092
2979
7092
3854
7092
3279
7092
2701
7092
4002
7092
4653
7092
7585
7092
3145
7092
3222
7092
1245
1479
837
1479
939
1479
9362
4860
1120
1362
1407
922
1359
922
8013
10070
1829
13578
7903
2722
6682
2722
6189
11598
14156
5638
5655
5638
7037
5638
9538
5638
5480
13503
1915
4202
6701
2350
3955
2350
13725
5478
1199
904
1006
904
3090
5668
9993
5668
483
389
482
389
357
389
7153
10040
7160
10040
79
285
725
285
4426
8695
12027
8695
13917
8695
13822
8695
7812
8695
3154
7641
4171
7641
6125
5027
6082
5027
12709
5027
12354
5027
3211
5027
9617
2454
3718
2454
1159
1174
1048
1174
911
1174
8154
8656
7417
7413
7415
7413
7418
7413
5713
2490
3272
2490
12696
8912
13997
11704
11705
11704
10430
11704
6498
6460
9482
5562
8695
2601
9787
2601
8853
2601
10264
2601
11882
6161
7376
5029
10831
7276
10237
7276
8702
7276
113
426
3074
14178
12690
12785
4371
8822
761
752
9961
9955
8265
9955
14169
9955
3986
2370
6701
2370
5474
4949
6544
4949
5467
4949
13786
4949
5013
4949
3352
8251
1314
936
1154
936
8870
6059
6585
6059
11107
6059
1668
10460
11216
5131
4449
5131
755
736
5769
3450
2214
2218
5945
2218
11870
11464
8893
3390
4944
12326
3354
12514
8401
13169
8401
9221
8401
4202
10123
13429
10123
11364
11674
10070
11674
3449
11674
8365
11674
9043
11674
7129
11674
7526
11674
9107
11674
9046
11674
10071
11674
7173
11674
10574
11674
10602
11674
8349
11674
7153
8314
2709
8314
12665
12491
12190
12491
12392
6082
11837
5373
5008
5373
3935
3930
4589
3930
11685
7318
11805
7318
2689
3470
10854
8540
5529
6057
11153
6057
8223
6057
5586
6057
13495
4947
6018
4947
3379
11258
4217
8446
4221
8446
8159
7730
9366
7730
6919
7730
9733
8570
12457
8570
5901
5307
13764
5920
13764
5920
10671
3630
11976
3630
7
69
49
69
5959
5830
4408
12176
2325
3129
11130
11092
5737
111
3653
111
4067
111
12824
111
5736
111
5080
8196
10415
8196
8876
8196
13493
5321
6523
5394
12448
11434
9339
12286
9960
14027
12046
14027
5048
2072
5024
2072
5487
2072
5503
2072
2118
2120
2119
3226
7302
5875
9358
5875
3980
9590
10103
9590
12301
6576
6652
6650
12648
6650
6801
5309
5775
5309
8542
5309
9235
5309
8064
5309
6687
5244
2035
5244
1838
5244
8418
5244
2018
5244
4674
5244
12947
5244
13027
5244
1913
5244
2083
5244
2490
5244
2493
5244
1862
5244
2204
5244
5253
5244
2301
5244
3542
5244
12872
5244
12941
5244
8355
5244
1976
5244
7987
5244
12960
5244
2931
5244
8328
5244
7933
5244
2191
5244
2382
5244
6327
5244
2107
5244
7901
5244
2593
5244
804
780
13848
7775
3992
2891
3994
2891
2755
3929
13928
6598
5149
6598
11836
6598
6218
8272
7848
8272
5110
3469
11198
3469
11592
3469
8272
11176
11765
8554
6440
8554
9810
8554
1004
1491
1038
1491
4712
5726
3497
5726
6617
6132
9490
6132
6973
12092
13510
7916
5315
7916
859
860
1072
860
575
619
398
619
1021
1343
1083
1343
103
472
3171
7558
13141
7558
11404
7826
6877
7689
3102
3389
9194
12928
8041
12928
9189
12928
9185
12928
12963
12928
1368
1231
838
1231
1347
1231
3591
7687
10811
7687
2004
7687
13490
6492
69
33
524
33
5
33
6372
12818
7239
7652
11942
7652
5769
3449
12790
12773
4550
12773
12300
10434
76
351
327
351
1702
10674
3725
10674
1691
10674
271
447
219
447
13724
9902
9976
10464
12629
10464
2604
12721
12819
1384
12777
1384
5679
1384
4402
12707
2936
11460
5885
2119
2118
2119
9335
2119
3118
6704
5281
6704
4081
2512
4085
2512
1985
3130
4269
10258
12052
12709
198
135
9937
5561
12041
5561
11696
5561
3879
4255
13261
3629
9298
3629
13239
3629
9303
3629
9290
3629
8652
3629
9308
3629
4777
3629
13341
3629
13512
3629
9295
3629
8650
3629
9299
3629
13368
3629
8614
3629
8646
3629
2499
3629
3496
3629
4216
3629
8639
3629
8615
3629
3163
3629
4184
3629
13031
3629
13441
3629
9301
3629
4223
3629
13100
3629
3678
3629
12089
3629
5343
3629
5827
3629
8616
3629
4201
3629
3433
3629
3692
3629
4211
3629
9279
3629
11909
3629
3713
3629
3611
3629
13371
3629
12975
3629
9284
3629
4222
3629
9289
3629
13337
3629
8612
3629
1945
3629
12937
3629
9281
3629
8651
3629
13037
3629
13271
3629
4187
3629
3570
3629
13355
3629
3568
3629
3770
3629
3242
3629
3125
3629
4208
3629
9306
3629
13391
3629
8243
6162
12168
6162
12279
6162
9149
9023
13218
9023
10449
9523
13080
4834
10288
4834
10690
6258
7138
6258
9312
9304
6420
9249
13643
9399
13643
9399
3077
12679
662
524
325
524
298
524
1074
1415
10443
8943
1619
12415
14150
12415
7411
12469
4531
3488
3009
8428
3009
1707
5225
11299
5225
4535
5225
1652
5225
11300
5225
500
577
13148
5280
10888
5883
6867
13341
9767
13341
4815
13341
12978
6674
12981
6674
3582
12467
5796
12467
12422
3833
9368
3833
3546
3833
2602
3833
13478
9140
13299
9140
13456
6464
8780
6464
12480
6464
7343
9397
13819
12677
7444
7442
1787
9247
8653
9247
9864
7783
867
1016
1021
1016
1022
1016
1092
1016
1061
1016
870
1016
875
1016
872
1016
1704
1712
7707
7192
6405
7192
4230
13202
4184
10704
3242
10704
12725
11650
12604
12603
2760
4101
3836
14053
11531
10492
1981
10492
10865
11576
6894
11576
6449
11576
3129
2369
3506
2369
6745
13048
12436
12437
13424
12437
5361
3851
7647
9170
7645
9170
9350
6434
9399
5385
5925
5385
13643
5385
10299
5385
11057
5385
6021
5385
12804
4756
4883
4756
3453
4756
5316
10598
13255
7176
13515
7176
1856
3871
1914
12439
3567
12439
12506
12439
2018
12439
12867
12439
2019
12439
8048
12439
10180
12439
3460
12439
8061
12439
8520
12439
10161
12439
7671
12439
10162
12439
1977
12439
2128
12439
3150
12439
12741
12439
8545
12439
3502
12439
4109
12439
3444
12439
3807
12439
2046
12439
10172
12439
8544
12439
8524
12439
12871
12439
2026
12439
2141
12439
7227
12439
4128
12439
7228
12439
2043
12439
8548
12439
7648
12439
8519
12439
5782
12439
2102
12439
13115
12439
12853
12439
2096
12439
3532
12439
3566
12439
10174
12439
7644
12439
11538
12439
2080
12439
2425
12439
3504
12439
1951
12439
7654
12439
10160
12439
7657
12439
8541
12439
2480
12439
10165
12439
2065
12439
8063
12439
10181
12439
7651
12439
2503
12439
3445
12439
6800
12439
7230
12439
2047
12439
13812
3557
7363
3557
8886
3557
6880
10190
7943
2489
3854
2489
3911
14123
4307
4864
5734
4595
8408
4595
7584
4595
10586
10054
9614
10054
9611
10054
10607
10054
3842
10054
9615
10054
9618
10054
10630
10054
5739
10054
10650
10054
10598
10054
3168
10054
9621
10054
9607
10054
10617
10054
3372
10054
4633
10054
10634
10054
3283
10054
12031
10054
3248
10054
4626
10054
5286
10054
3847
10054
9110
10054
10622
10054
9100
10054
12793
10054
9101
10054
9089
10054
10627
10054
3492
10054
9115
10054
9084
10054
9078
10054
9075
10054
3282
10054
10600
10054
9077
10054
5287
10054
9074
10054
4627
10054
4629
10054
10610
10054
3105
10054
9625
10054
9095
10054
9098
10054
4631
10054
9108
10054
3361
10054
5724
10054
9068
10054
3569
10054
5304
2349
4666
2349
14127
14087
5211
14087
8730
12650
9296
12650
5608
13953
13996
13953
13971
13953
11886
11603
774
314
13199
4891
7157
5247
5611
12576
5371
12048
1799
1800
4970
1800
9829
1800
10937
1800
5010
5397
6954
5397
10336
5397
11426
11437
14047
11437
14072
11437
2241
13427
10408
13741
11687
9883
5065
9883
4295
9280
4960
9280
8565
6286
3674
6286
13197
8335
9605
8335
7220
3635
6790
3635
7284
3635
4874
2150
12292
9225
8214
13620
6798
2170
4112
2170
1527
877
9735
13639
5143
8863
10393
8863
6624
8863
6951
11439
11892
11439
5466
11439
12083
11439
2524
11000
11381
5399
11727
5399
2312
5304
7528
5249
9050
5249
3839
9061
4111
9061
14016
13987
12025
5523
4226
8036
1917
4153
927
1207
1261
1103
6402
2268
13422
2268
7731
8066
5539
6054
13652
2511
10948
2511
10952
2511
3598
2511
4347
2511
6945
4944
6953
4944
4374
4944
12071
4944
2834
8311
3484
11679
7351
11679
11680
11679
5648
6190
6147
8910
4590
8317
10628
8317
13747
9385
12568
11415
4400
11415
13829
11415
13598
6491
13617
6491
12743
6491
12194
6491
9855
6491
6435
11469
12266
13636
2122
8833
11912
6326
9273
6326
5336
6326
6553
11467
13453
11467
11375
11467
1800
10785
11288
14158
2995
3935
9625
8365
5048
11677
9076
8319
7938
8319
1827
4220
10271
4788
541
180
8149
3420
4551
1459
7364
2248
13734
2248
3688
2248
1560
7586
314
673
68
673
404
673
9859
10326
12270
14118
9979
14118
2226
6785
8183
4342
11517
13497
6156
11721
9501
11721
12521
11721
3016
13512
9012
11707
1852
11707
2218
12460
2962
3681
1356
1510
1354
1510
1422
1212
10358
5024
8673
3204
6501
3204
1703
1711
4060
3288
12701
3288
10924
1989
8742
1989
10893
1989
13928
11709
5149
11709
11836
11709
10914
9726
11573
9726
10321
2320
9392
2320
865
1041
1056
1041
6779
10132
8045
10132
13070
10132
7201
10132
7628
10132
7616
10132
9205
10132
9197
10132
9173
10132
7208
10132
9179
10132
12798
10491
9732
10491
1780
10162
8103
10162
6843
10162
12337
56
12389
56
12796
56
9119
56
3884
56
763
756
769
756
64
756
6116
7000
7396
7000
13847
7000
13208
13092
13208
13092
9599
9561
3971
9561
11929
4553
2258
4553
4557
4553
12815
4553
3009
4553
3540
4553
13120
4553
2677
4553
2717
4553
13313
4553
2458
4553
2861
4553
2871
4553
2366
4553
3024
4553
2773
4553
13164
4553
2584
4553
2399
4553
2900
4553
13005
4553
3031
4553
2813
4553
2425
4553
12849
4553
3832
4553
11443
4553
2741
4553
13046
4553
2685
4553
3907
4553
14152
14094
5203
14094
9789
9159
3179
9159
6454
9159
1682
1689
4155
9157
1849
9157
13361
11928
8711
3981
10105
3981
5283
3981
7340
11818
10186
9182
13846
13827
13846
13827
7428
3738
12102
5902
12229
5902
4890
5902
9842
10286
7826
11773
11444
11773
5139
4422
1575
4422
12426
7240
1213
1164
10082
10570
11919
10570
5656
10446
7529
13159
3575
13159
14178
11272
5222
11272
12604
10196
2739
9092
135
667
1242
1148
11555
11554
6962
11554
8824
11554
7159
7090
7132
7090
8396
7090
3137
10076
3957
10076
11701
13182
2758
2761
2759
2761
8127
4774
4169
7551
2858
13157
13386
7154
11575
7154
1987
4188
229
652
403
652
465
212
13702
5016
5554
5016
5585
5016
5541
5016
5095
5016
8582
8460
8516
8460
5224
3377
1654
3377
8266
3377
8725
10251
9347
10251
9790
10251
2693
4104
4950
6912
13959
10401
4763
6822
10398
5548
9901
5548
11134
5548
3866
9714
646
628
664
628
390
628
7861
1372
6752
6695
9621
7496
4633
7496
4446
12023
7791
10314
11002
10314
13745
10314
7355
10314
12209
10314
8195
10314
11413
5642
7423
5642
11730
13698
4817
7270
2455
4013
12082
6656
2623
10540
11534
13521
1401
891
4167
10695
3205
10695
4630
11943
7166
11943
6144
5106
12235
5106
5610
5106
5837
12910
8619
12910
9752
12910
8622
12910
9743
12910
12423
2798
2795
2798
4779
12317
13502
12317
4744
12317
10947
1632
1630
1632
9380
1632
7757
1632
4595
2477
4597
2477
10445
14036
12900
12833
13359
12833
10608
12833
8375
12833
10090
12833
10613
12833
12122
12833
12967
12833
4021
12833
13568
2995
11559
2995
13600
2995
13563
2995
8772
2995
8491
6314
11407
6314
2440
4698
5446
1966
1967
1966
4860
3148
10898
3148
7743
3148
6356
3540
10146
3540
7604
10656
6308
10656
12647
10656
12013
10656
6543
6540
11073
6540
5643
12311
908
1109
1465
1109
1151
1109
4817
3168
11865
8172
11865
8172
3468
1946
1898
1946
6338
6251
6319
6251
6501
10912
2310
9295
1943
6401
1917
4846
813
405
4349
12319
10920
10822
5849
10822
12225
6100
11750
12140
3076
12140
10192
12365
4156
12365
9262
12365
6811
12365
5803
12365
9715
12365
1711
12365
10787
12365
9245
12365
6350
12365
5338
12365
5333
12365
10200
12365
13416
12365
6807
12365
12262
12365
8076
12365
9257
12365
3154
12365
10767
12365
13002
12365
1773
12365
13433
12365
9272
12365
4747
12365
8567
12365
9250
12365
8088
12365
7239
12365
1729
12365
3136
12365
3315
12365
1718
12365
10201
12365
9252
12365
3647
12365
8098
12365
9268
12365
10198
12365
4751
12365
4171
12365
9723
12365
10197
12365
11942
12365
10204
12365
3157
12365
10205
12365
9269
12365
8097
12365
11900
1867
1831
1867
1461
1257
13853
11090
9883
5489
1561
4438
12335
5944
12170
4638
4604
3721
4604
1162
1294
1414
1294
995
1294
2340
8650
3000
3253
12722
8576
8635
8576
8631
8576
11165
11154
1646
3341
1666
2780
13061
2829
13061
11908
5452
11908
5452
3745
2097
8581
2097
4449
6570
6915
6446
13499
6446
13601
4801
13601
4801
14044
14020
12551
14020
11083
13732
11462
13732
5064
13732
12290
9793
14000
1932
12091
1932
7816
1932
4476
6196
14031
6196
12641
5487
12624
5487
6135
5487
1836
1847
1848
1847
12491
14039
13528
12863
10229
12863
13087
12863
11933
12863
805
783
572
583
41
583
499
406
3696
8437
13541
8437
13246
10100
3519
10100
4979
4966
12083
11335
3241
5295
6411
5295
8383
10559
13191
10559
9692
8044
5370
13170
7072
7062
8997
7062
4147
10688
7211
10688
1938
2059
4771
8603
5365
8603
5038
13653
4412
3366
4089
9048
4091
9048
2280
4685
8464
10582
8003
10582
7732
13195
13696
13687
13696
13687
3346
5958
7322
3252
12061
3974
12061
2760
3201
1687
1694
2440
3715
208
99
4680
10557
3790
10557
13961
13920
6198
13920
2999
3486
9930
11863
11448
13939
14008
13939
3216
8439
3291
8439
6864
12943
10839
12943
12751
12943
892
958
1401
958
9304
11317
13461
11317
8636
11317
9922
9487
9371
11910
8733
11910
5966
11910
6893
8679
1812
8469
1804
8469
5835
5793
11820
5793
9736
5793
12711
11833
2803
4006
7831
13936
5141
13936
2437
13332
10833
7257
10658
8415
10388
9452
8219
9452
4865
11311
7291
11311
5960
11311
2182
7693
2972
7282
10223
13211
5360
13211
8632
13211
923
1175
1314
1175
1006
1175
1363
905
903
905
1361
905
1271
905
464
388
8054
8467
4107
8467
2280
7259
7027
9489
14039
9489
9929
9489
6636
9489
12927
11319
2587
11319
2751
11319
13316
11319
2348
11319
2953
11319
3058
11319
6286
11319
7597
11319
2966
11319
3150
11319
2842
11319
7613
11319
3924
11319
12931
11319
2895
11319
2981
11319
2765
11319
12726
11319
3763
11319
2333
11319
3835
11319
3933
11319
13223
11319
2720
11319
3590
11319
3117
11319
3191
11319
6287
11319
2501
11319
2911
11319
3440
11319
11113
3332
4420
3332
7044
7032
4464
7032
12040
7032
13204
13140
4274
13140
3586
13140
8169
4936
13376
8677
13376
8677
10112
11365
9365
8707
11563
8707
10289
8707
4648
2827
2225
2230
2792
3707
1278
1349
8834
1876
9465
1876
13279
8721
11918
8721
6561
11032
13654
11032
10344
11032
13715
6076
3934
2626
10571
2626
8366
2626
8329
2626
4787
13023
13265
13023
10095
2432
9081
2432
3767
1677
2621
3918
223
27
380
420
68
420
123
420
5412
8709
8758
8709
6136
6582
11986
6582
4644
2494
3115
2494
4858
3618
4206
1977
6401
1977
1168
1476
1488
1476
9258
13298
10209
13298
13532
9642
11321
9642
11893
9642
12978
12159
12978
12159
13250
7597
8060
7597
5030
6557
14049
12272
9942
12272
11964
12272
13041
2466
12983
2466
3960
2926
7151
2926
11315
2693
8664
2693
4225
2693
680
453
4900
12554
4865
12554
5960
12554
4019
7924
5741
7924
14022
12182
6961
8818
10842
5714
7649
5714
9700
5714
1542
9548
8986
9548
3229
2446
13162
2446
5527
6559
11863
6559
13923
6559
5625
6559
4373
8773
1227
1280
1499
1280
1191
1280
3740
2128
6397
2128
5536
11062
5288
6688
3286
2386
13276
2386
6166
8928
11642
8928
7621
7599
6803
7599
4370
12157
4370
12157
13872
7814
13872
7814
692
68
7082
1389
11508
1389
12090
11881
8266
11881
53
496
4871
3686
13669
3686
13586
3686
10861
3686
817
794
8615
8465
9281
8465
8059
8419
9203
8419
6426
6533
11367
7736
8675
10901
8630
11730
2318
5924
2318
5425
2318
5973
2318
5917
11315
10437
9485
9510
9485
9507
9485
5858
6391
4262
11369
13447
7255
4705
8417
4658
8417
9330
8411
3669
3254
8659
3254
11943
67
7553
67
13005
67
9064
67
11844
67
4397
3887
1753
1761
5374
3290
5387
3290
12344
3290
3377
9976
4525
9976
474
325
13897
6990
6109
6990
5122
6990
2030
4826
3290
4558
10517
4558
7397
3326
5554
3326
12030
3326
13705
3326
4423
3326
1227
1472
1195
1472
2226
4689
5432
5404
77
20
19
20
8706
10842
9159
10555
10629
10555
7020
7012
6618
7012
5603
7012
5527
11339
3301
5299
4218
5299
7765
4916
11892
4916
5466
4916
7684
13120
13366
13120
7143
6231
2979
6231
5532
13610
11089
13610
11098
13610
4829
11813
6907
3740
13531
3740
13970
13934
738
52
644
52
13551
8435
2317
3986
7319
11337
6439
11337
6472
11337
5777
5297
2598
5297
10169
5297
10757
5297
11492
4652
12078
4652
11167
11778
565
28
820
28
806
28
7510
11923
10064
11923
10587
11923
6283
11923
7392
8206
5080
11102
2523
4687
7043
5622
4480
5622
3049
1030
4280
2426
4239
2426
12420
9888
3794
2148
5840
2148
3722
2966
3723
2966
4311
1995
4310
1995
11342
11608
12154
12155
6735
12155
3289
4014
7111
7102
13307
7102
2622
2632
8605
13010
8618
13010
13128
13010
6039
1798
6967
1798
8954
12043
13759
5528
12745
5856
799
161
7900
7864
10533
7864
10457
14093
7431
14093
5314
4103
6875
6842
13181
6842
10857
6842
3773
7595
8625
7595
8789
8741
13881
6555
12693
11012
702
387
251
387
612
491
2943
2946
2947
2946
8608
2168
6513
7756
6430
5764
6992
8868
12702
10231
6689
11502
11503
11502
2610
2646
2640
2646
13859
10391
4973
8771
4973
8771
13042
7531
3595
11694
7367
11694
5481
11694
12753
11694
13404
5734
5520
8838
10357
8838
5056
8838
2208
2270
4108
2270
7343
10990
11012
2561
4959
2561
11692
2561
3400
2561
12653
2867
12022
2867
4473
7834
11964
7834
4465
12360
10923
8705
12056
8705
9624
2847
5292
2847
12451
4783
13538
3418
13538
3418
13713
2250
4388
2250
3416
2250
8491
2932
11407
2932
4094
2932
13564
13502
2413
4192
3088
3097
9552
3097
6180
4442
5172
4442
11755
4442
205
743
793
743
197
743
9811
9791
8144
9791
10905
9791
1212
896
399
6
4811
12961
12000
12961
9753
12961
11465
2666
11511
2666
10431
10426
14111
10426
7134
6697
5387
9764
12344
9764
12490
8948
7519
12694
5252
12694
11319
3059
2275
3059
1307
1293
1554
9528
11947
9856
9860
9856
5538
9856
9439
6962
13210
7944
8529
7944
3787
5066
4043
6253
2769
6253
704
699
700
699
858
1240
856
1240
12161
11360
3630
2493
4010
2493
7368
7788
13423
7220
8216
10364
9808
5888
6479
5888
12384
5888
6559
8784
4384
8784
7791
8784
11002
8784
7961
2694
9117
2694
7583
2694
10826
11961
8532
11961
4041
6699
3963
6699
213
300
381
300
311
300
7295
9622
6032
10334
9858
10334
454
5
7314
5791
2708
10520
5118
12608
13533
13155
11769
13155
2987
7891
11966
12010
9668
12010
7633
12010
9685
12010
7210
12010
6767
12010
12907
12010
12001
12010
6770
12010
7198
12010
10786
12010
6398
13043
5342
13043
1980
5036
5448
6932
8913
13852
2057
9734
4089
10593
3340
10593
2246
3507
8923
12502
14004
12502
11402
12502
607
144
11040
5976
5469
5976
4930
10932
577
775
10418
14124
6948
14124
3801
14124
12031
2876
9077
2876
4650
7553
13543
4116
4861
4116
6504
12339
13630
13452
13590
13452
9876
13452
12458
6593
12529
12120
4529
12120
7844
12120
5028
5485
11500
5485
5519
5485
1806
1827
1830
1827
1201
1188
1385
1335
444
627
264
627
12399
14034
14080
14034
10070
12813
3105
12813
4228
6334
8636
6334
6366
6334
3889
12337
7539
515
5690
515
9025
2677
2676
2677
7656
12778
7131
12778
7468
12778
13062
12778
10547
12778
8544
12778
4548
12778
8992
12778
7986
12778
10043
12778
6715
12778
2878
12778
10035
12778
2905
12778
13073
12778
2695
12778
6281
12778
10001
12778
3142
12778
2518
12778
9577
12778
8458
12778
2674
12778
10114
12778
9565
12778
2835
12778
8461
12778
6658
12778
10003
12778
13108
12778
12963
12778
3027
12778
2214
2219
10341
2219
5007
2219
12269
2219
6023
6520
5247
12923
10637
12923
12995
12923
5281
12923
13535
12923
1626
1686
1693
1235
1163
859
1067
1251
1067
1309
1067
1879
1926
6399
13212
13389
13212
9252
6364
3710
6364
5834
12881
11636
12881
9326
9297
8113
13197
10218
13197
10213
13197
6546
7342
6040
13685
3722
2977
9179
2977
13350
3515
9774
3515
7680
3515
3851
10699
3411
10699
9124
4586
4080
4586
144
668
143
668
6396
12367
3692
10697
12975
10697
12316
12315
5581
12369
6879
9299
5861
9299
12964
9299
3250
9028
7146
9028
5029
9404
10374
9404
9454
9404
8207
9404
12220
3128
6979
3128
8849
3128
5534
3128
10366
3128
11017
10962
11915
10253
12250
10253
1058
851
1767
8024
1784
8024
11944
11419
13569
11419
8802
11419
69
633
454
633
2179
9389
4532
14085
5193
14085
10451
14085
8225
8881
6126
8881
2654
11465
3700
10787
4104
11675
9223
8367
5328
8367
9433
5510
5770
8016
6378
10752
7252
10752
7672
10752
2208
2228
8071
2228
1890
1891
1870
1891
2920
3757
10006
11411
8010
11411
9016
11411
13244
11411
13260
11411
2901
11411
9561
11411
7944
11411
9072
11411
2505
11411
9557
11411
10032
11411
3926
11411
6760
11411
2852
11411
7161
11411
10011
11411
2647
11411
2667
11411
9071
11411
10188
11411
3436
11411
2886
11411
7654
11411
9649
11411
10041
11411
10135
11411
3905
11411
12968
11411
4584
11411
9239
11411
12833
3920
12875
3920
12686
3920
9789
13221
3179
13221
6454
13221
3227
4270
6922
9352
4746
8369
4745
8369
6412
10789
14146
4496
5642
11630
10788
3435
1167
1136
2844
8315
8308
13028
11361
13028
3609
11417
3263
11417
4704
11417
10116
11417
10129
11417
5303
11417
3109
11417
3323
11417
2150
11417
10132
11417
3834
11417
3623
11417
10131
11417
3360
11417
3675
11417
4081
11417
9149
11417
9147
11417
3779
11417
13127
11417
4086
11417
3666
11417
9143
11417
4083
11417
13353
11417
3722
11417
13269
11417
4065
11417
4082
11417
3723
11417
7988
11417
9137
11417
9163
11417
4076
11417
5753
11417
4680
11417
8007
11417
3790
11417
4706
11417
4085
11417
6757
11417
13218
11417
6740
11417
3261
11417
7177
11417
4093
11417
3875
11417
3665
11417
8011
11417
4080
11417
4079
11417
3139
11417
4071
11417
7188
11417
5002
9387
2821
3834
10768
9227
4711
3119
5753
8339
4079
8339
4457
13910
561
760
789
760
3298
3620
10628
3620
12570
10002
8345
10002
896
1169
1206
1169
7422
10992
3879
10268
3879
5444
3879
1918
4240
9934
8923
12169
11206
11832
11206
12329
11206
692
564
80
564
2260
4551
8282
4551
7865
4551
10709
4551
7687
4551
2148
4551
10002
4551
7512
4551
10027
4551
5678
4551
8398
4551
7249
4551
10691
4551
8996
4551
2153
4551
9576
4551
7450
4551
11793
4551
7451
4551
8535
4551
9114
4551
7876
4551
7998
4551
3532
4551
7537
4551
2482
4551
13178
4551
2300
4551
4585
4551
2590
4551
7965
4551
2393
4551
10706
4551
8202
7774
7356
7774
11050
7774
14081
7774
4568
5245
4654
5245
7805
11435
6037
11435
11436
11435
5435
5395
11543
13634
10370
8813
11074
8813
13729
8813
5493
8813
10349
8813
8861
8813
11301
9543
5475
5874
8771
5874
4973
5874
5993
8778
3260
2381
3451
2381
10308
3216
10926
3216
6499
3216
4228
13461
6319
6683
5303
8337
7188
8337
2114
2130
8668
9229
12934
9229
6367
9155
6361
9155
4143
2009
4149
2009
4830
8608
6862
8608
9607
9043
1136
1122
1442
1122
942
1122
1234
1499
1039
1499
1200
1299
6777
7604
6150
13861
5883
10112
8454
10112
10130
10112
8650
10683
4211
10683
3949
5701
7145
5701
4026
11741
3244
11741
3172
11741
4032
11741
4046
11741
3375
11741
2095
11741
12024
11741
4016
11741
4054
11741
4053
11741
3517
11741
4044
11741
12688
11741
8464
11741
1989
11741
13170
11741
4014
11741
4056
11741
13277
11741
4019
11741
3124
11741
9125
11741
4029
11741
4020
11741
12958
11741
5756
11741
6793
11741
3230
11741
4037
11741
8404
11741
3488
11741
5741
11741
3490
11741
3218
11741
4045
11741
8003
11741
7977
11741
4025
11741
3239
11741
4047
11741
3661
11741
4027
11741
3273
11741
7999
11741
4017
11741
3373
11741
13457
11741
3280
11741
8428
11741
3371
11741
4022
11741
13292
11741
13508
11741
4042
11741
3748
11741
4052
11741
4031
11741
8447
11741
9257
8502
9252
8502
7638
2712
8040
2712
5300
2712
13607
2712
7101
11868
12632
3481
1639
7801
6416
7698
823
242
181
242
6732
12948
11728
11771
5936
6789
8745
6789
12152
6789
11406
11838
4314
8694
6422
5798
12607
8106
9763
8106
2534
4056
602
459
8482
12784
8967
9954
10808
6787
12240
14146
14158
14146
1544
7846
6645
5172
11455
5172
12476
11705
7224
6752
6795
6752
6796
6752
6949
2335
8818
2335
5465
2335
13736
2335
13648
2335
641
189
1535
1104
13100
5746
9284
5746
2945
4693
12827
3150
8640
3150
11818
13511
2067
13825
2023
4282
10661
3538
11400
3538
2860
3992
5385
2800
12217
2800
12556
2800
12980
11948
12802
12771
11825
12771
13938
10414
4163
3649
8102
3649
8099
3649
4959
4257
12151
12838
7491
12838
7502
12838
6678
12838
10502
12838
10082
12838
3929
12838
9159
12838
12159
12838
5714
12838
3507
12838
3663
12838
7523
12838
4622
12838
8350
12838
9031
12838
10626
12838
9570
12838
6247
12838
2715
12838
3646
12838
3677
12838
5697
12838
4601
12838
10562
12838
5721
12838
8280
12838
11487
12838
10546
12838
5686
12838
7908
12838
3819
12838
10629
12838
7119
12838
8995
12838
10565
12838
10519
12838
9573
12838
4612
12838
11486
12838
8998
12838
9574
12838
12538
12838
7077
12838
8306
12838
8993
12838
9567
12838
2434
12838
4575
12838
11919
12838
9097
12838
10589
12838
8279
12838
9026
12838
7065
12838
8284
12838
2703
12838
7504
12838
7063
12838
3194
12838
3262
12838
7507
12838
9632
12838
3266
2197
7318
2197
2759
9701
2838
7936
6605
6112
12516
11784
6583
11784
6646
8961
6486
10301
13475
3669
8135
4259
503
393
13704
10900
12124
10900
13523
10900
7943
8360
7547
8360
10633
8360
10099
8360
9624
8360
5267
8360
6187
12705
1503
1121
1297
1121
10736
3170
4723
3170
8505
3170
4933
9746
5821
3203
9277
3203
7710
3203
10798
7685
1687
7685
2742
9010
9041
9010
107
541
9436
5044
4688
7966
4691
7966
12157
5954
6509
5954
8251
14106
6216
14106
5651
14106
14132
14106
8264
14106
6852
3969
9751
3969
7278
3969
10910
3429
11702
3429
268
578
2410
3949
8793
9798
5798
12741
3581
12741
8528
12868
11922
12868
5538
10346
13609
4322
8892
4322
12050
4322
13529
13495
6969
13495
4879
5387
9330
9120
516
448
11394
14010
9941
14010
10235
5352
609
432
353
432
12811
1383
7074
1383
8411
4597
9120
4597
4645
4597
3301
6346
3169
6346
2288
2329
4996
2329
11695
12206
54
73
272
73
2378
4599
7304
4814
11618
12435
4608
2989
5275
2989
8751
3831
7032
9510
2708
2711
4886
5389
4886
5389
13294
4924
4461
12419
7798
9874
9488
13985
1574
13985
11209
13985
5229
11683
2689
13551
2689
8420
2689
13591
2689
13722
2689
12464
12465
11290
12465
1591
12465
1029
928
1373
1368
839
1368
3095
12675
4532
12675
13627
9395
3582
6301
8052
6301
11896
5543
1698
9245
1419
1344
8120
4190
8691
4190
10906
6900
8743
6900
4894
6900
1893
4154
4435
12411
3302
13425
10417
6002
6128
6002
11464
6002
13766
6002
677
656
316
656
603
175
154
175
14160
12630
12723
6414
5483
12417
6541
12417
3239
12028
4017
12028
3886
5227
8814
4717
5384
4717
4955
4717
5491
4717
9823
4717
5451
4717
820
360
10210
9703
5321
3623
12059
3623
8526
3623
6595
12298
6150
12298
2101
2088
6019
2088
5459
2088
3857
4711
10307
4711
11537
4711
1957
2004
1998
2004
6555
1885
3207
1885
11064
1885
10345
1885
5152
13951
10316
9368
2089
2113
4983
2113
6934
2113
13748
2113
5881
10841
13289
10768
9348
13814
12692
13814
8754
13814
8090
8388
5812
8388
3562
3441
13257
3441
11017
10303
10325
10303
9840
10303
6426
4719
6469
6408
4837
4765
2761
10524
11220
7384
8231
7384
11200
7384
11311
7224
11167
11145
3706
3443
9195
3443
979
1054
6598
11053
11090
11053
563
139
5463
4735
10883
4735
6535
4735
4876
4735
5122
8228
5121
8228
8949
5148
5644
5148
12081
5148
8838
10871
6463
9779
846
1340
1033
1193
12634
10738
3618
8110
10246
8110
10832
8110
1333
1097
1300
1097
941
1097
3383
9478
10377
2603
4808
10305
4808
13838
4808
8168
4808
3698
10379
13947
10379
11445
10379
9809
13368
10260
13368
10950
13368
5027
9338
6064
9338
12331
9338
13529
9338
6889
13277
7858
7850
10913
9777
4799
12972
4788
10805
5366
10805
480
292
196
292
3281
3923
4579
3923
10771
3696
4814
3696
8590
3696
13519
5750
3182
5750
6691
3463
3233
3463
10233
2375
6406
2375
5828
2375
13766
9433
2318
13265
978
1263
11546
11545
1906
6379
4240
6379
11192
11887
12077
11887
13896
11887
4263
9621
3196
2343
12606
2343
7817
5506
9904
5506
7732
8020
2969
9607
8128
13254
12402
13254
2176
4613
12218
6805
4591
2483
6283
2483
11748
11852
14035
4441
13083
7145
5415
4266
12449
4266
3090
7053
11290
7053
4750
9609
4732
9609
3790
2192
3261
2192
4867
12374
6656
4500
1595
4500
12358
4500
3704
11889
13552
6871
5144
11626
5145
11626
2874
3475
4661
2363
3634
2363
7255
6738
8623
6738
4963
6377
6503
6377
2940
3997
2564
6841
3551
3874
2140
3874
6829
8483
2761
6768
9900
4405
2689
13414
2443
12527
606
704
31
704
1231
1288
1305
1288
3555
6303
3153
6303
4693
7959
4696
7959
1383
1235
5961
8742
5634
10408
10419
10408
7830
10408
9481
10408
8921
10408
11187
10408
2464
3114
13477
6524
9793
4236
5847
3839
4492
12243
14007
12243
4497
12243
469
615
323
615
9510
11210
5156
11210
2511
4681
10842
3003
7649
3003
9700
3003
5667
12529
14148
12529
11594
4471
14126
4471
12154
7957
7631
7957
11189
9463
13849
12124
12762
12124
5843
2341
13802
13760
6079
12393
6428
9673
1905
7982
3701
7982
4675
9116
12906
9116
6035
11031
7808
2324
5031
2324
6079
2324
10650
7129
13595
6951
5893
10212
6191
5609
8679
11527
2209
6350
3470
2717
7525
2717
4502
4484
14115
4484
2095
2106
4053
2106
8951
11243
4416
12210
2794
2960
10757
2960
13494
2960
9678
2908
4672
2908
10562
2984
7908
2984
14103
5607
14116
5607
8239
5607
13749
11529
6180
5621
5172
5621
11755
5621
6636
9506
7832
9506
6631
9506
7184
7127
8684
13124
7676
13124
9390
5433
9278
11393
2839
5673
2350
5673
2370
5673
2861
5673
13147
5673
7874
5673
2851
5673
13020
5673
2887
5673
10012
5673
9055
5673
6242
5673
2572
5673
2234
5673
7876
5673
8296
5673
7476
5673
4565
5673
6291
5673
3503
5673
2391
5673
9011
5673
13060
5673
2978
5673
10021
5673
2870
5673
10077
5673
2985
5673
3005
5673
3939
5673
8285
5673
13018
5673
2911
5673
10491
1025
5364
13360
8120
4159
10909
4159
8118
4159
13161
6884
8700
6884
13064
6884
12444
12545
13871
12545
5876
12887
7349
5463
11037
8799
2510
8614
13653
13550
4383
13550
12014
13550
8836
13550
2606
2608
3649
2608
8057
2608
4098
2608
5100
4992
13890
4992
13930
4992
11156
4992
4040
2660
2652
2660
6533
6896
911
987
1202
987
5980
12852
3508
12852
11466
12852
823
596
736
596
761
596
773
596
233
596
815
596
234
596
753
596
185
804
2672
2684
13393
2684
7168
2684
13626
2684
12970
7618
12917
7618
1521
1426
1522
1426
1084
866
3954
7512
3518
7512
4607
12889
12948
12889
4322
11374
13521
8797
9416
8797
8810
8797
14144
12626
3963
2256
3792
2256
3496
3578
3611
3578
5414
3644
13339
3644
8684
8055
10841
8055
12579
8143
138
343
767
343
1679
1683
1903
7940
4745
7940
11800
5368
8151
10884
2100
3752
9461
7803
6995
7803
6589
7803
2245
13533
2531
11972
10652
11972
8368
11972
9713
11972
2048
11972
2019
11972
10051
11972
9660
11972
2129
11972
11787
11972
7947
11972
10059
11972
10603
11972
2454
11972
7192
11972
9061
11972
8460
11972
2344
11972
2356
11972
9191
11972
7983
11972
10567
11972
7600
11972
10183
11972
12857
11972
13003
11972
7189
11972
2025
11972
2282
11972
10676
11972
10074
11972
8183
10896
4646
8356
3860
8356
2100
3664
12397
3825
10462
3825
2213
4028
8190
7341
6547
7341
3780
5703
5268
5703
12828
5703
5763
2705
8474
2705
2686
2705
8473
2705
2566
3964
5691
7877
2571
7877
2551
7877
2721
7877
2865
7877
10058
7877
2675
7877
2988
7877
2891
7877
8319
7877
2926
7877
7102
7877
7512
7877
7500
7877
5684
7877
3026
7877
2812
7877
12719
7877
10032
7877
6245
7877
2950
7877
2773
7877
2745
7877
6681
7877
6680
7877
3402
7877
8376
7877
7085
7877
2491
7877
2889
7877
8357
7877
3933
7877
2695
7877
7083
7877
13003
7877
8331
7877
12074
7877
2974
7877
10033
7877
2530
7877
2714
7877
7095
7877
9569
7877
8310
7877
13224
7877
6250
7877
2848
7877
7498
7877
11509
7877
7495
7877
7901
7877
8327
7877
4236
9750
9310
9750
2756
3424
10516
9006
4577
9006
12516
7371
4709
7970
4687
7970
5547
13768
9891
13768
1642
11298
5985
5338
4937
5338
13494
5777
1968
1983
1971
1983
6112
11127
5557
11127
5564
11127
4265
3016
4268
3016
996
1432
1434
1432
825
1432
14088
14051
12195
14051
11387
13642
13710
13642
6977
13642
7031
5085
11129
4971
10951
5829
5779
11979
7305
14173
6212
3880
6212
8272
6212
8269
6212
243
82
4394
10350
11613
10350
13762
10350
590
591
2857
3944
3151
7879
6296
7879
7586
6713
12680
4532
467
441
745
441
317
337
7827
13651
12705
13809
12356
13809
8946
13809
8751
4019
1492
981
1488
981
1135
981
5432
6878
8146
6878
255
478
11302
2672
7627
2672
2671
2672
8074
13006
5327
13006
6441
5860
1818
1822
11382
13567
5734
4638
8408
4638
7584
4638
1738
1755
1750
1755
9958
14042
9959
14042
12141
14042
9878
13749
9879
13749
13815
13749
12495
7760
11721
11388
7795
9418
10685
10635
6762
10635
5042
6027
7030
11228
11230
11228
13963
11228
3080
10475
13368
10665
4211
10665
4144
10619
1882
10619
13419
10619
13102
10794
6903
10794
5859
10794
11658
13746
5663
5202
5208
5202
8977
5202
8966
4478
5201
4478
8963
4478
6671
1398
5245
1398
12069
1398
13388
4668
7781
10986
11251
12356
1722
10153
1732
10153
12976
10611
3267
10611
1814
10611
10311
2972
5495
2972
13669
2972
13781
2972
10586
10045
9625
10045
7699
6781
6842
6781
2999
10617
3104
4562
10517
4562
32
116
267
116
13749
6029
14032
10430
6193
5161
4399
13806
3385
9925
11210
6611
7023
8852
13809
8852
6986
8852
12510
10781
10823
10781
1835
5949
5461
9815
4671
3156
9644
3156
11494
3156
4194
8545
13584
8545
10420
6131
7829
6131
6142
6131
13885
5059
5081
5059
11231
6617
9933
6617
11221
6617
9893
9869
3734
2001
4222
2001
742
733
921
937
1501
937
829
937
7092
12799
7737
6430
9780
6430
8152
6430
2547
12614
11463
8887
13469
13406
8090
12797
4752
12797
3313
12797
13236
12797
3030
12797
3670
12797
5765
12797
1903
12797
4750
12797
13213
12797
7684
12797
3871
12797
7693
12797
3664
12797
13346
12797
4737
12797
4746
12797
3286
12797
5339
12797
12976
12797
10155
12797
8086
12797
13283
12797
3171
12797
10141
12797
8565
12797
3267
12797
13276
12797
4745
12797
3327
12797
13291
12797
13160
12797
1814
12797
4732
12797
1823
12797
10725
12797
13173
12797
13141
12797
3405
12797
12185
12797
4757
12797
13437
12797
7686
12797
13418
12797
3673
12797
4740
12797
3497
12797
13374
12797
13366
12797
4755
12797
3674
12797
3407
12797
4754
12797
13177
12797
6886
8626
4971
9381
9392
6475
7406
8889
5602
8889
13808
5057
13414
6665
7490
6665
10891
1958
6020
1958
10286
1958
10932
1958
4889
1958
7329
1958
5992
5947
4859
1910
3679
1910
6055
9867
1932
3259
9844
3259
13773
3259
5998
3259
11219
6619
5794
6794
11551
6794
11550
6794
6594
5082
8984
9980
3094
9980
7022
6986
4373
8868
4830
5044
4830
3374
4830
5974
4830
13635
4830
415
110
11433
13575
9877
13713
3010
4321
13396
3502
5351
3502
14006
11742
97
548
4301
9313
4789
11483
11631
4307
6516
4920
6516
4920
8566
13116
12404
13116
11841
2555
13659
2555
5402
2555
2556
2555
199
532
6576
9837
7856
1610
5653
6635
12654
6635
3739
1658
4711
10713
8184
9839
2241
3780
5987
13409
6794
9124
2420
4309
8694
4244
1568
4244
10913
10878
7808
4394
1636
8210
3774
8128
2117
4875
4946
4875
11968
5980
4207
8527
12732
7767
11122
7767
8823
7767
4114
2836
4101
2836
2093
2836
6921
12742
8971
9947
14032
12483
12476
12483
9231
7892
7662
7892
11704
12116
11704
12116
2288
5867
8153
5381
8156
5381
4300
5381
1370
1269
1512
1269
3358
9821
3310
8785
3310
10957
3310
13555
3310
13473
3310
7789
6958
11597
6958
10347
6958
9182
10131
10710
10131
11935
10131
13379
5815
13426
5815
7054
9949
500
464
1631
5869
2623
2637
10642
8393
6008
6516
5648
8243
5473
2214
5460
2214
4986
2214
2205
2214
12755
5123
14037
5123
785
194
6446
7715
6859
7715
3614
8529
6967
7769
11452
5925
3093
3092
6466
7739
12365
4050
9659
4050
9615
2842
9618
2842
6450
11614
3000
4590
12298
11799
11638
5839
4809
5839
10810
5839
752
231
3793
2937
13387
2937
8129
5837
12293
11797
4737
8374
3673
8374
3666
2862
7988
2862
2029
2053
11902
2053
5341
5313
2135
4070
9806
7737
4063
13313
3689
13313
8901
7378
4331
5418
10474
3882
4508
3882
13436
13349
12326
12228
12747
13559
9890
9860
2134
7663
2168
3054
7461
3054
9893
5070
3091
3090
8322
7473
8320
7473
11357
11356
4514
8972
9971
8972
6
559
639
559
560
559
8664
2699
4798
2699
4225
2699
8130
2699
7677
7216
1351
1485
12368
10029
9588
10029
6505
10958
1271
1199
7953
8298
7114
8298
11259
7409
11408
10516
11409
10516
4203
10516
7810
6045
8744
7294
12499
7294
6959
4955
7785
12006
2998
3521
9959
6153
7806
5040
12619
13556
6814
7633
8105
9202
9265
9202
6557
2410
13614
2410
12008
2410
4981
2410
5410
2458
3687
2458
11983
7421
2241
13346
13985
13942
8226
13942
12127
7407
2317
12388
10646
10027
3569
10027
5027
11795
6064
11795
12331
11795
13529
11795
11198
5110
11198
5110
11719
5835
13129
12906
9327
12906
9329
12906
1670
1672
1671
1672
10451
11664
5177
11664
2430
2437
3855
2437
3010
8148
2655
11474
11987
8601
4313
7735
3581
3580
3456
10660
2486
10660
1377
1059
3454
9144
3509
9144
13851
6536
13464
4224
2210
4030
9880
8804
6815
5708
6819
5708
7257
5708
4748
2755
4743
2755
13619
13577
11004
12691
5811
2822
9811
2822
3146
2822
10905
2822
10277
2822
9792
2822
4288
4850
4896
5363
4324
3702
4917
3702
7044
11722
12186
11722
4433
7808
12411
7808
13928
7808
13931
7808
12177
7808
14002
6096
5590
6096
11203
6096
5094
6096
7400
6096
12592
12136
11982
11086
3083
11293
4838
7711
4330
5333
12592
5333
3292
5817
3108
5817
4286
5817
13131
5817
4311
5817
13343
5817
3499
5817
13520
5817
5403
5817
3266
5817
1722
5817
3304
5817
7313
5817
1785
5817
7318
5817
3831
5817
4309
5817
3337
5817
7309
5817
3141
5817
4299
5817
4297
5817
4883
5817
12805
5817
1920
5817
4298
5817
4887
5817
5414
5817
4293
5817
1715
5817
4290
5817
3453
5817
12543
5817
13310
5817
3132
5817
4308
5817
1774
5817
13339
5817
4870
5817
4296
5817
1801
5817
1758
5817
4291
5817
5410
5817
3687
5817
1770
5817
3858
5817
4292
5817
3676
5817
3709
5817
13237
5817
4287
5817
4289
5817
4283
5817
3730
5817
13331
5817
4310
5817
4312
5817
7300
5817
3415
5817
1732
5817
1746
5817
9227
12166
9226
12166
551
716
13680
5811
7721
8646
10842
8646
9737
8580
1635
8580
13382
7717
5458
5927
8750
7719
2122
5929
12210
4384
5087
4384
12214
4384
6026
7765
5021
7765
3758
7765
7786
7765
5808
8525
11231
6151
8245
6151
5636
6151
11984
6450
11577
6566
13630
11634
13590
11634
9876
11634
12191
9945
6619
5594
6139
5594
2920
5819
13685
1972
9864
1972
4987
1972
5011
1972
1035
1307
5188
6200
12631
6200
4273
5865
13504
7236
6895
7236
5868
3001
9311
3001
4810
3001
11883
8261
8977
8261
11872
4959
4993
4959
6963
4959
13826
4959
7842
10450
9889
6049
11338
6049
7377
6049
3412
2156
3176
2156
5718
10566
3792
10566
5424
10200
4913
10200
6191
7405
11699
10025
4600
10025
2611
7086
3488
10080
3218
10080
5016
4982
13686
11398
4346
5438
11125
5438
6102
5438
6078
5438
13919
11248
8249
11248
7891
7471
9019
7471
7155
2910
3145
2910
9436
6047
10330
4957
3515
2958
3846
2958
11888
7681
1704
7681
2657
2658
2662
2658
2608
2610
2607
2610
14183
7441
9542
1555
1554
1555
12428
5020
12429
5020
2100
3337
3409
8456
3130
8456
3264
13554
7358
13554
3393
13554
344
309
383
309
5816
7613
8628
7613
3232
5678
9050
5678
1424
1520
6391
4109
6394
4109
1245
1312
1337
1312
297
271
254
271
7777
13565
4352
13565
1934
5468
2738
13344
12586
14028
11990
14028
714
710
7582
7500
7938
7500
98
150
686
150
6525
2206
8803
2206
6014
2206
3589
2206
10967
2206
9396
2206
9765
7266
12111
5254
2625
6660
2969
10536
7016
5572
5626
5572
2214
13488
7157
4618
5839
13250
8070
7992
13245
7992
732
547
10604
10047
7194
10047
4428
9438
1767
10669
4200
10669
3175
10615
4149
10615
6057
1836
13843
1836
6562
1836
9445
1836
14177
10479
13851
6080
5485
6025
9547
10477
9545
10477
9986
10477
10478
10477
9546
10477
5149
13928
5149
13928
8488
10667
3073
10667
1607
4512
13180
6733
8411
3721
9120
3721
4645
3721
13497
3195
5833
3195
5831
3195
11364
2472
3372
2472
1637
3283
10049
9075
10049
1656
7058
5761
6308
3410
1937
12259
1937
5057
1937
4395
1937
9827
1937
13776
1937
3609
9572
9137
9572
4065
7484
4080
7484
11910
9254
6044
1842
5464
1842
12113
10403
11548
8488
13169
8488
9221
8488
7015
13804
111
519
2420
2499
90
572
12713
6763
6825
6763
8815
2092
13777
2092
5001
2092
1419
1420
7171
10637
11932
10639
3268
10639
11687
13744
13899
9468
2890
9678
10397
12398
1381
1331
10379
12248
12249
12248
4146
1862
9716
1862
3253
3053
4617
3053
3075
14186
4407
12293
5093
12293
12522
6639
6199
6639
3124
10096
4047
10096
8885
2090
7390
2090
9411
4970
1970
2054
9784
13166
6230
1076
13378
9363
4371
10818
9708
8112
9708
11328
9708
10314
4877
4317
4879
5984
10308
11013
10308
5001
10308
12716
6403
1699
2073
12634
2538
4305
11694
13404
12255
9835
4027
9072
13508
9072
10819
10763
10215
10763
7039
6637
12103
8383
9480
8223
11333
12795
2882
12795
13234
12795
2721
12795
5262
12795
7650
12795
8023
12795
8442
12795
12912
12795
6665
12795
7601
12795
12877
12795
8561
12795
7637
12795
10065
12795
13126
12795
7073
12795
13135
12795
6238
12795
13008
12795
9008
12795
2907
12795
8372
12795
6754
12795
12965
12795
13034
12795
8541
12795
8275
12795
3917
12795
7448
12795
7573
12795
2961
12795
13261
11906
3678
11906
1945
11906
12752
5143
11370
5143
6477
472
338
643
338
854
855
6447
12664
10773
8549
8624
8549
9263
8549
1559
6667
12758
6667
4395
5055
13350
10733
3420
10733
7680
10733
9390
9819
4075
9594
4073
9594
12569
12474
12697
5945
8796
5945
7366
5945
10324
5945
3468
9865
358
381
741
477
5389
2213
5945
2213
5825
2213
4886
2213
12762
11058
12472
11058
13789
11058
69
624
527
624
319
624
3794
10151
1702
10151
1721
10151
5375
10151
4741
10151
13333
10151
3725
10151
3303
10151
1736
10151
4202
10151
3481
10151
4154
10151
13136
10151
3143
10151
12125
10151
1767
10151
13321
10151
13302
10151
3320
10151
2429
10151
4150
10151
4200
10151
3269
10151
1745
10151
12904
10151
1803
10151
1784
10151
3133
10151
13248
10151
4176
10151
1691
10151
1709
10151
4217
10151
3651
10151
3706
10151
3789
10151
4174
10151
13168
10151
13422
10151
13517
10151
13507
10151
4152
10151
12256
10151
4221
10151
13581
10151
13518
10151
4195
10151
4133
10151
3853
10151
4134
10151
1810
10151
4136
10151
4142
10151
13429
10151
1789
10151
9953
9929
9948
9929
13935
13888
3353
9927
2123
4341
5944
9811
9844
9817
6968
9817
5998
9817
6385
8547
8567
8547
6086
11691
11390
11691
7533
6669
7907
6669
13844
6615
1041
1008
1107
1008
9370
4803
7313
13233
7728
13233
8719
9333
8405
3372
6921
3372
6451
3372
8707
12722
9314
13136
10858
13136
11946
13136
5219
14137
5566
8885
13952
8885
9471
8885
7821
8885
11591
8885
5949
6479
5000
4940
11376
4940
10248
7668
8113
7668
10213
7668
10685
3004
3003
3004
6779
2885
3834
2885
3089
3088
11303
13303
4994
13303
3399
13303
4349
13303
7642
12144
3501
12144
10613
7478
3982
7478
4937
5413
6436
8664
13016
12223
8620
12223
13526
8795
6656
11601
11295
11601
1596
11601
5200
5641
11545
5641
14083
5641
12236
12549
14101
12549
10167
8474
7762
8161
2523
5276
3046
1275
7220
9684
6790
9684
12561
10232
9410
3873
13780
12547
12546
12547
3474
12547
2437
9136
3767
14177
10551
12885
8318
12885
3110
12885
4656
12885
10531
12885
6255
12885
8322
12885
3213
12885
2742
12885
7506
12885
4609
12885
4607
12885
3118
12885
3470
12885
4595
12885
10540
12885
3253
12885
2827
12885
3290
12885
10520
12885
12923
12885
4597
12885
10524
12885
4613
12885
10516
12885
7086
12885
10536
12885
5276
12885
5255
12885
9040
12885
3104
12885
7525
12885
2649
12885
2782
12885
4615
12885
4617
12885
9054
12885
7486
12885
3797
12885
10517
12885
6732
12885
9041
12885
6712
12885
8320
12885
10537
12885
10569
12885
10515
12885
2749
12885
3809
12885
10542
12885
4577
12885
9037
12885
10541
12885
9034
12885
2621
12885
8312
12885
3803
12885
4640
12885
8324
12885
11579
12885
3107
12885
6285
12885
4552
12885
6974
6544
12972
7562
12972
7562
13525
8722
562
769
7149
11804
4025
11804
1655
3113
10983
11646
724
483
201
483
5618
5605
13587
11580
4453
6158
4453
6158
4318
10262
10298
10262
8757
10262
10524
8293
9034
8293
9425
10953
7253
7125
13418
7125
4661
2364
8030
2364
13042
7532
12944
9166
2552
9166
6125
5481
11140
5481
6082
5481
12354
5481
5398
4760
4878
4760
6486
4760
7723
4760
2185
8634
13387
7180
13247
7180
3514
12383
11583
12383
4088
2344
4084
2344
7506
5671
7486
5671
4957
10186
10970
10186
10981
10186
2417
13072
2661
11525
12984
2484
3509
2484
6891
13267
9687
7638
13627
13378
13501
13378
5762
2460
9666
2460
8863
2408
12738
2408
12489
12488
10434
11180
12238
11180
10420
11180
7829
11180
14008
11180
6142
11180
4076
5730
4093
5730
7777
7307
13380
3496
8528
7920
7246
7920
124
553
126
553
11554
7321
5186
11261
1558
11261
8930
7830
10520
3924
9041
3924
3119
3464
10085
3464
4037
13275
7999
13275
1071
1180
910
1180
1157
1180
3878
8248
11752
7875
9612
7875
11722
5128
13427
3444
6391
3444
3083
14190
13855
7394
10320
3308
12749
3308
5431
3308
13359
6262
6734
6262
4715
3360
12585
7309
10283
7309
9357
7244
12174
7244
8083
5775
11154
11125
8844
6953
909
910
3384
3761
8398
10740
8398
4793
2114
2117
2114
6244
6232
1792
6232
12910
4095
13078
4095
8533
4095
3236
10544
12013
10544
8112
8059
11329
8059
893
947
8564
3845
12597
11456
4221
4048
4195
4048
5881
4068
1634
8082
3295
7373
2319
3624
1900
3865
8558
8057
8099
8057
10786
5318
47
104
568
104
817
104
800
104
612
104
755
104
793
104
808
104
762
104
162
104
1991
2003
6351
7590
4761
3106
1713
1717
5010
10330
6954
10330
10336
10330
6090
13816
6069
13816
5083
13816
8187
13816
12239
9775
1829
10821
6651
7051
8789
4739
242
221
231
221
157
221
234
221
156
221
1682
10807
10523
3943
11913
3943
1037
1449
14090
12456
9477
11149
6123
11149
9828
10931
6495
10931
11011
10931
4830
3641
9778
3641
5911
3641
8729
3641
2183
3963
8894
11147
4647
3423
5881
4737
7784
4378
1725
4378
9324
10809
4786
10809
7285
10809
5013
13628
3318
9730
3339
9730
1968
1984
1971
1984
3802
1908
4918
1908
10932
1960
1937
1960
4889
1960
7329
1960
12253
10375
6564
3209
6563
3209
7380
3209
8194
3209
8207
3209
1681
1684
1678
1684
1037
1264
13653
11488
12014
11488
8836
11488
12585
9318
3867
2505
12734
2505
13855
6996
3215
1660
1171
826
6657
1608
1857
4892
2560
3663
1008
1248
1514
1248
1012
1248
5221
12261
13959
3552
4239
4767
10750
4715
5957
4715
5443
4715
4332
4715
2193
13443
4804
4769
1636
14189
8136
8123
7559
3941
5710
3941
7130
3941
1909
3643
13379
10718
13704
3778
11058
3778
13523
3778
5007
3778
4350
13819
9815
10290
11220
13840
13898
13840
10297
10873
8740
10873
134
265
565
265
13985
12646
8226
12646
13912
13843
1020
1053
1525
1053
970
1053
1193
1157
12112
12580
2133
4294
7646
7955
8069
7955
6727
6718
7203
6718
3008
13419
8908
4409
3883
4409
12289
4409
1119
1194
7936
5684
7941
5684
13440
9276
4656
6290
4640
6290
12137
13440
13571
13440
3007
3675
6897
6873
2914
9641
4700
9641
3312
1705
12304
10996
12310
10996
9851
10996
7788
9413
5494
9413
5545
11383
11140
11383
7382
11383
13700
11383
4409
4407
14012
12072
9888
13703
6560
13703
11079
13703
11378
12525
3868
12525
13920
4421
4432
4421
9687
8040
2673
2683
2412
13256
2566
4633
4173
7147
11584
7147
4477
4473
8252
4473
4156
2016
10200
2016
3702
13259
10261
13259
4177
4663
4063
2983
3212
2983
4868
13144
12460
13144
13834
13778
7243
8070
5367
8070
12702
8070
6874
6809
13463
6809
11723
6186
11229
11223
4459
11223
1771
9671
1790
9671
4440
8906
743
682
71
682
12730
12601
8930
9481
9781
6375
2807
11549
8683
6330
7277
6330
2203
13416
1569
8691
11761
11547
10390
11885
3312
11885
14176
14167
2510
3975
8751
2517
11029
2323
8186
2323
13744
2323
11071
2323
6004
2323
5065
2323
10807
6821
1680
6821
3636
11051
10644
9605
1722
10158
4887
10158
1715
10158
3671
4216
3036
832
4797
6807
6409
6807
6853
6807
3292
12804
3108
12804
4286
12804
13131
12804
4311
12804
13343
12804
3499
12804
13520
12804
3266
12804
1722
12804
3304
12804
7313
12804
1785
12804
7318
12804
3831
12804
12852
12804
4309
12804
3337
12804
7309
12804
3141
12804
4299
12804
4297
12804
1920
12804
4298
12804
4887
12804
11512
12804
5414
12804
4293
12804
1715
12804
4290
12804
12543
12804
13310
12804
3132
12804
4308
12804
1774
12804
13339
12804
4870
12804
4296
12804
1801
12804
4234
12804
1758
12804
4291
12804
5410
12804
3687
12804
7700
12804
1770
12804
3858
12804
4292
12804
3676
12804
3709
12804
13237
12804
4287
12804
4289
12804
4283
12804
3730
12804
13331
12804
4310
12804
4312
12804
3415
12804
1732
12804
1746
12804
10120
7149
12319
6931
12121
14143
8772
8733
6572
6066
8603
8054
2971
10549
9778
2164
5911
2164
8729
2164
6530
2164
11420
10223
4106
9058
10723
9058
2210
4183
13774
8190
6002
3815
8205
3815
1571
4888
4367
4888
7354
4888
1570
4888
5006
1794
1781
1794
446
301
639
301
284
301
253
301
1348
1282
1309
1282
11689
12051
12383
12051
1775
12051
7186
4018
6302
4018
9648
4018
11977
13688
607
143
178
143
5905
10885
11288
14157
2114
2144
4219
2144
1940
3175
12701
10547
3476
10547
12468
12232
4254
7247
4261
7247
12462
9783
12402
9192
11775
12262
4845
12262
3948
3026
3977
3026
13092
12953
5275
12953
3184
14184
13477
3414
187
557
602
824
8943
13943
3876
13943
9516
7397
12212
7397
12431
7397
3472
2077
3265
2077
10381
4791
12143
4791
6068
4791
2138
4791
7820
9442
6163
7399
13312
8308
12086
8308
8216
6036
5162
11996
14089
11996
12475
10383
4398
10383
2705
7523
4964
8763
13534
2576
5430
2576
5951
2576
4361
2576
8171
2576
10364
11072
0
45
2
45
129
45
11000
6488
6934
7304
7332
7304
6900
7249
5866
7249
7688
3807
7713
3807
2860
8403
406
286
287
286
7202
2727
2605
2727
4102
2727
12397
4485
10462
4485
1937
1959
4889
1959
4930
1959
1954
3258
7786
3210
10247
8637
5369
8637
12369
4976
7807
4976
8905
4976
5107
4976
13924
4976
2934
6383
9193
13180
11449
13180
2635
7072
6964
13604
7464
10488
13252
10488
3928
10488
2904
10488
10040
10488
7652
10488
9229
10488
7618
10488
7180
10488
7136
10488
9595
10488
3914
10488
12281
10488
6233
10488
9167
10488
7538
10488
13139
10488
2549
10488
13122
10488
2714
10488
8022
10488
2869
10488
2631
10488
2881
10488
3627
10488
2678
10488
7657
10488
6753
10488
6380
10488
2837
10488
8014
10488
3915
10488
12650
2314
13242
2314
1764
1776
1777
1776
12407
13940
4671
3606
9644
3606
11494
3606
12626
11873
9993
11290
7043
13919
12042
13919
4699
11718
7881
11718
7469
11718
12814
11718
6741
11718
9562
11718
10582
11718
10699
11718
10683
11718
8388
11718
7902
11718
5783
11718
10016
11718
8299
11718
6668
11718
9256
11718
5782
11718
2495
11718
9118
11718
7083
11718
7886
11718
7890
11718
7207
11718
7187
11718
2105
11718
5743
11718
2299
11718
12901
11718
13364
11718
7919
11718
4587
11718
10579
11718
2263
8639
7741
13125
8675
13125
10884
13125
3357
14188
1378
1239
3109
7902
4082
7902
1943
3141
6502
11931
12148
12149
5441
13297
12260
13297
3483
9652
4160
9652
5601
5586
8914
5586
1984
3143
11809
11807
11808
11807
11810
11807
9223
8479
10738
8479
6798
8479
6355
8479
7218
8479
8589
8479
1487
1066
1200
1066
3717
3906
13238
3906
5195
14117
3597
12544
1841
6885
2423
11821
3805
11821
3833
9687
12493
11330
8665
8615
11526
8615
10829
8615
8774
2793
2598
2793
6890
2793
7320
8669
13787
6547
13758
6547
10402
6547
9693
13312
10732
13312
5630
13916
11591
13916
10424
13916
7365
11375
6067
6549
5990
8667
10693
9558
11481
9558
9029
9558
8313
9558
7900
9558
10595
9558
4598
9558
5738
9558
12826
9558
4594
9558
4572
9558
5719
9558
9062
9558
7891
9558
4638
9558
4590
9558
13344
9558
3721
9558
7888
9558
3571
9558
8303
9558
7954
9558
10529
9558
7906
9558
8305
9558
4646
9558
4580
9558
6299
9558
9020
9558
7110
9558
7953
9558
2648
9558
4610
9558
7084
9558
10534
9558
10526
9558
7522
9558
13165
9558
7114
9558
3298
9558
9030
9558
7897
9558
10533
9558
7517
9558
7088
9558
7113
9558
3860
9558
10628
9558
11898
9558
7894
9558
9019
9558
9035
9558
7493
9558
8332
9558
4592
9558
5723
9558
7497
9558
2339
9558
3645
9558
3322
9558
3657
9558
9033
9558
3814
9558
10577
9558
13496
9826
4290
8477
3676
8477
10852
9689
7691
9689
2624
6223
6661
6223
5887
3163
12510
3163
238
308
564
308
676
308
11008
11809
10438
12147
1658
1659
14185
1659
7402
9916
10839
12931
13071
12931
13475
3359
11867
13149
5235
10456
9771
6804
4184
2066
12089
2066
7196
12807
2731
12807
3028
12807
6750
12807
2963
12807
2269
12807
8419
12807
5746
12807
2500
12807
2909
12807
5685
12807
3626
12807
2887
12807
3014
12807
3056
12807
12888
12807
10668
12807
10532
12807
8077
12807
3042
12807
13084
12807
13133
12807
7644
12807
9655
12807
2750
12807
6702
12807
10087
12807
2848
12807
7094
12807
3528
12807
2788
12807
12325
12807
671
76
9047
11544
6756
11544
8463
11544
10128
11544
2084
11544
11557
11544
3428
11544
10161
11544
9671
11544
2306
11544
9196
11544
12940
11544
3989
11544
9650
11544
10060
11544
9653
11544
8370
11544
8591
11544
10563
11544
7233
11544
8386
11544
2052
11544
3503
11544
13019
11544
2396
11544
4583
11544
10073
11544
3583
11544
8065
11544
7964
11544
9600
11544
7582
12821
12864
12821
7151
12821
12421
12821
5732
12821
12731
12821
3475
2895
2866
2895
6192
12330
14109
12330
11488
2547
8669
2547
11397
2547
13417
2547
4824
2547
14053
14016
6184
6601
5675
1438
10093
2861
9591
2861
3558
12375
2562
2567
6492
2567
13438
2567
13363
2567
3041
1029
8171
8162
3135
2046
4188
2046
4761
8536
2906
12809
6259
12809
2731
12809
7520
12809
12846
12809
9996
12809
2785
12809
6674
12809
10570
12809
2984
12809
6664
12809
3914
12809
7474
12809
10000
12809
3466
12809
10561
12809
7070
12809
7873
12809
7450
12809
7870
12809
2877
12809
2667
12809
3012
12809
9005
12809
2826
12809
2720
12809
2786
12809
7872
12809
3394
12809
2457
12809
10013
12809
2550
12809
3002
12809
2770
12809
7862
12809
10573
12809
2451
12809
5263
12809
6658
12809
3584
12809
7449
12809
6256
12809
10009
12809
3917
12809
3583
12809
2753
12809
2685
12809
2716
12809
7880
12809
9018
12809
7462
12809
5237
12809
13413
7144
3849
13147
4602
13147
4113
7561
4120
7561
8737
8566
11905
8566
4842
7726
4710
8450
1795
4299
10929
10261
10908
10261
4935
10261
9383
5916
11582
5916
3765
5916
9814
5916
12310
5916
2522
8132
11032
6525
3641
3124
5123
5558
5579
5558
8124
5826
13602
12180
6732
5689
6692
5689
747
21
350
21
479
21
352
21
4424
4404
9474
8200
11080
8200
14075
8200
7008
8200
159
518
2545
2595
5350
12873
6410
12873
3549
13712
14044
14040
14070
14040
3743
12290
5161
14019
11250
14019
11697
2032
3869
2032
6002
12718
12064
12718
5109
12718
13408
12718
6294
5687
7585
5687
3431
12125
7603
9586
7002
6580
9486
6580
3310
4297
1584
6646
6205
6646
7839
5652
5181
5652
6599
13697
3307
13697
5105
13697
7841
11262
8676
11953
4016
9086
3273
9086
13549
2698
2693
2698
2991
4622
4075
10580
4068
10580
7837
14043
7041
14043
8013
10646
3614
3613
1512
1390
857
1390
6709
6261
5271
6261
4050
602
12862
602
5344
10525
13445
10525
508
490
2928
4764
8886
7385
7150
12996
108
160
6017
2123
8829
2123
3473
2123
4949
4856
3177
4528
7040
14103
4627
10066
3361
10066
4032
10601
3239
10601
13150
2459
9103
2459
10617
10036
10622
10036
1755
1767
4594
3587
4638
3587
759
747
494
747
8087
7225
9907
11144
4861
8660
2850
4734
6475
6456
6475
6456
1753
10804
10308
5442
3959
7883
7128
7883
10297
13541
12636
13541
8740
13541
6431
7280
177
726
369
726
13227
13051
3782
3913
1422
897
1727
1747
10767
5783
3157
5783
428
339
20
339
352
339
931
854
7428
11232
1628
5192
5195
5192
1650
7793
11893
13532
11893
13532
12057
12058
7774
1700
1697
1700
474
74
4083
5257
9163
5257
12197
12660
7555
5693
6266
5693
2415
11733
13359
5282
13359
5282
10974
10906
1372
1274
4192
3456
3140
3456
3001
13428
510
526
3694
10691
4162
10691
8815
2089
11072
2089
9423
2089
5033
2089
11206
5112
11206
5112
14018
13988
5270
5259
8094
5259
2690
9051
13912
6044
6562
6044
6091
6044
7001
6044
11093
6044
5090
4954
6540
4954
13800
4954
10916
7295
8739
7295
13540
7295
4871
7295
13631
7295
10861
7295
14107
14096
8958
14096
3499
3531
12543
3531
5525
13643
7800
13643
102
540
10784
10172
12908
10172
4713
13086
3186
8996
9009
8996
13943
11763
8699
5322
1461
1523
977
1523
2419
4081
11309
11308
11310
11308
5645
11308
110
394
8838
4352
13285
9270
8677
9270
11823
13498
646
122
699
122
14
122
227
122
13903
11637
10394
11637
6140
5597
5612
5597
11139
13721
5567
13721
11150
13721
5115
13904
4455
12200
14187
4387
5533
4387
12607
12566
11744
12450
14066
11403
14062
11403
1577
9496
13539
2224
3632
2224
12480
2224
4375
5924
10860
1811
10855
1811
4391
4389
8853
4389
13882
4389
961
1392
13354
7714
13407
7714
10964
7714
13854
8873
11028
13640
10608
8290
3946
8290
976
1023
1043
1023
8868
13619
13721
13619
13635
13619
7028
5599
7028
5599
13306
11639
10151
11639
5787
11639
3800
11639
3330
11639
13004
11639
3777
11639
3716
11639
13171
11639
5888
5814
8145
8718
12244
8821
10348
8821
11758
8821
1654
9551
9947
11479
1557
11479
6563
11669
4711
6691
4347
13616
7547
8330
12894
8330
5533
11615
11590
4229
3735
4229
8954
8931
8954
8931
8950
8931
4762
8076
3623
2356
3779
2356
3018
9149
13548
8807
257
255
784
255
1603
4543
10480
4543
8961
12536
7046
12536
9429
8809
13256
2500
5320
2500
3000
9147
11609
4227
8717
4227
4095
4035
11668
11667
10122
8375
1692
9240
10204
9240
5936
6906
8745
6906
12152
6906
5510
5002
8887
5002
6048
5002
11539
5002
13647
5002
9457
5002
12438
11477
12023
11477
4447
11477
2543
3838
5132
13828
7263
6722
13750
9814
13850
12479
13850
12479
2777
9599
13090
8544
12542
8544
4666
2292
4676
2292
7155
2909
3491
2909
3172
7136
3490
7136
4547
12669
12083
2791
2790
2791
12047
12615
8333
12615
9047
12615
4593
12615
2272
12615
2259
12615
2358
12615
9044
12615
2702
12615
2817
12615
3539
12615
10040
12615
8314
12615
2489
12615
6251
12615
2847
12615
6253
12615
2493
12615
9028
12615
2910
12615
2895
12615
5687
12615
8330
12615
2909
12615
6243
12615
9582
12615
9082
12615
8321
12615
3926
12615
3494
12615
10528
12615
2968
12615
2574
12615
9576
12615
8304
12615
13231
12615
6263
12615
2976
12615
10535
12615
12905
12615
9571
12615
6238
12615
8358
12615
12857
12615
7895
12615
9577
12615
10538
12615
7514
12615
2719
12615
2298
12615
2506
12615
7104
12615
12849
12615
7890
12615
5700
12615
8323
12615
10552
12615
2980
12615
7109
12615
2884
12615
7509
12615
7521
12615
2577
12615
3607
12615
12287
9924
2555
7548
2248
2263
4903
2263
9370
2263
12082
4510
14161
4510
845
1300
11537
11536
4402
5496
6811
2243
6350
2243
1164
1137
1108
1233
5947
6474
13392
6474
11366
6474
12818
12667
12357
12667
13041
12667
12844
12667
2310
13321
13328
5270
2081
5270
5742
5270
13024
5270
1975
5270
2259
5270
4024
5270
6346
5270
1910
5270
5730
5270
6290
5270
2498
5270
2469
5270
11735
5270
13059
5270
2116
5270
3432
5270
9677
5270
3904
5270
5740
5270
9126
5270
1993
5270
1786
5270
2162
5270
2550
5270
6291
5270
7978
5270
7981
5270
10113
5270
10163
5270
2047
5270
10654
5270
6369
6795
2160
7642
7523
6664
7507
6664
1926
9597
8539
9597
12134
12477
5947
12637
13392
12637
13517
9180
6640
6634
6640
6634
9934
14004
11236
11200
5240
4268
11450
5180
11566
14080
11566
12485
2241
4926
2241
9271
12403
13808
4395
48
768
7336
4158
10931
4110
4919
4110
9434
4874
9432
4874
6063
4874
4946
4874
4877
10248
6449
10248
2608
2609
2612
2609
11171
10398
3246
7166
8488
7166
13051
7166
8046
7166
8496
9125
1421
1265
6312
6293
11149
5551
4282
4245
7840
12639
11269
12639
10453
12639
2993
9259
9089
7489
9614
6248
10630
6248
5877
6398
7726
6398
12239
6398
11182
11166
10416
11166
9336
4029
3588
4029
2728
12086
9813
10293
7426
8953
8956
8953
3088
8262
10473
8262
1377
1195
9029
7452
7497
7452
12472
12763
3248
3579
9108
3579
9630
10634
5041
10634
9636
10634
13991
3733
13981
3733
10425
3733
8576
9693
9253
9693
9242
9693
9768
9282
13814
9282
9786
9282
5898
9282
130
634
318
634
14
137
10630
7487
9100
7487
2201
4701
1807
1812
3123
9257
3693
3534
13091
3534
8807
12308
9846
12308
13622
12308
2780
13058
3425
13058
11315
4798
60
563
11661
11660
11189
3392
3093
10474
7767
12733
8179
12733
8142
9322
898
1361
2227
2275
4250
10795
5787
10664
4176
10664
11000
3751
5921
3751
12520
10722
8248
6172
11890
6172
11795
3771
6024
3771
11470
3771
3090
1591
1423
1446
11170
11136
4547
8232
1878
4746
10888
3283
8454
3283
10130
3283
1383
1534
10983
8100
847
1170
927
1170
4459
14088
14111
14088
9618
10044
5286
10044
1934
4397
7350
11006
7797
7791
7912
11516
3137
11516
3937
11516
9066
11516
3232
11516
3120
11516
3935
11516
11465
11516
3969
11516
4599
11516
8020
11516
13414
11516
3944
11516
9136
11516
3956
11516
9053
11516
7528
11516
2313
11516
4614
11516
3561
11516
7516
11516
3220
11516
7524
11516
11399
11516
8397
11516
7115
11516
9052
11516
2853
11516
7117
11516
11511
11516
7533
11516
3795
11516
3961
11516
11458
11516
9050
11516
7907
11516
9088
11516
7530
11516
8348
11516
9065
11516
3927
11516
11914
11516
3251
11516
3100
11516
2896
11516
7913
11516
2764
11516
9042
11516
3945
11516
8336
11516
3697
11516
8344
11516
4589
11516
5265
11516
3957
11516
11493
11516
3940
11516
13150
11516
9103
11516
9081
11516
11254
14009
14011
14009
9946
14009
6916
5891
11927
9127
12835
9127
3409
9127
8506
9127
4066
9127
3660
9127
3159
9127
3717
9127
13309
9127
13478
9127
11924
9127
2423
9127
13434
9127
8598
9127
3130
9127
13195
9127
13298
9127
3216
9127
3696
9127
8549
9127
3643
9127
13541
9127
13428
9127
8516
9127
13432
9127
12992
9127
3116
9127
8512
9127
8510
9127
13219
9127
3805
9127
13336
9127
3291
9127
13274
9127
13370
9127
11987
9127
2583
9127
13200
9127
8514
9127
12761
9127
12994
9127
13299
9127
13326
9127
13079
9127
10156
9127
3753
9127
8600
9127
4107
9127
3161
9127
11716
9127
13238
9127
8504
9127
2514
9127
3127
9127
3039
9127
3864
9127
13435
9127
13424
9127
13196
9127
1894
9127
3520
9127
3480
4247
3642
4247
11065
11958
13757
13702
2698
2700
4932
4249
9362
4249
2406
4304
5512
4304
5426
4304
11468
8951
14072
8951
12730
9129
10995
12635
5994
12635
8173
12635
1212
1206
897
1206
3096
4523
3089
849
1318
564
674
455
674
2673
7116
9856
9834
13911
13842
12727
13842
14153
9531
5209
9531
2708
8350
12045
4399
12182
4399
6625
4399
11138
4399
967
876
963
876
1446
1463
4247
2223
4191
2223
5199
5190
3824
5190
6204
5190
3443
12986
2016
12986
2077
12986
2304
12986
2002
12986
2155
12986
2147
12986
2355
12986
12246
9756
11260
12665
4067
12794
2407
12619
6096
9864
4961
2409
6557
2409
13614
2409
5490
2409
11418
6797
10780
6797
10782
6797
4401
5054
3249
9595
3519
9595
5124
12475
4431
12475
9470
12475
4333
5944
6622
6614
9503
6614
13455
6799
13547
6799
10377
12430
10394
12430
496
181
1445
1442
1236
1442
4522
5220
6211
5220
8953
14006
6638
14006
6632
14006
4808
5788
10410
8884
13880
12617
1393
1055
520
138
13651
12611
12245
12611
6616
12611
2867
7888
11112
10356
11565
8896
3871
10614
4746
10614
7719
10799
1854
4137
3263
12781
12801
12781
2150
12781
9092
12781
3360
12781
3779
12781
6757
12781
6740
12781
3261
12781
4093
12781
4080
12781
4071
12781
8062
3309
2348
3309
2269
3309
2297
3309
9229
3309
13124
3309
8055
3309
9689
3309
12877
3309
8053
3309
2064
3309
3297
3309
2399
3309
4117
3309
2398
3309
12340
3309
9230
3309
12831
3309
3142
3309
2142
3309
2078
3309
2002
3309
12107
3309
12935
3309
8521
3309
13014
3309
9690
3309
9237
3309
9239
3309
13434
3892
13200
3892
6437
6356
10857
6356
12218
5342
322
313
736
722
3723
2811
6759
2811
7787
6024
7299
10797
11360
3731
13804
3731
8895
3731
8894
3731
11143
8212
11141
8212
6105
5553
5565
5553
9953
14104
9948
14104
4717
4069
4195
7976
1810
7976
8128
9031
9192
9031
8484
9031
12264
11116
13835
11116
5866
13442
8134
13442
2669
7485
9741
9255
9741
9255
4354
4902
11206
7006
5112
7006
6610
7006
4792
3592
10853
3592
4800
3592
858
1234
1267
1234
12915
12878
2766
4049
13130
12713
11327
12713
10805
6388
13489
6388
12332
7404
12778
10483
7248
10483
859
1002
861
1002
13202
10024
9205
10024
6820
3571
1779
1791
10293
3857
12473
3857
9367
3857
8762
3857
13404
8408
3671
3284
9766
10742
3802
1909
4918
1909
2924
7299
2919
4726
2802
3208
12116
5132
13943
5132
6860
3260
5407
7297
5406
7297
3605
9342
2131
3551
11165
3551
2738
3656
1582
11878
11621
11713
7630
523
12924
523
3309
523
11971
523
4260
3956
10825
3956
11918
3956
5861
3734
12639
11781
1628
11781
1586
11781
4735
3779
10211
3533
6328
3533
459
350
7493
4561
13081
4561
10594
5255
4858
5255
11363
5162
6657
1609
1379
1024
1530
1024
1143
1024
1142
1024
1212
1024
1463
1024
1141
1024
1277
1024
1527
1024
1401
1024
1075
1024
1063
1024
1074
1024
1062
1024
4498
14144
12817
9553
9208
9553
11866
9553
12558
6228
12814
6228
2454
6228
9590
6228
5693
6228
9593
6228
7483
6228
6719
6228
12960
6228
6672
6228
2255
6228
2487
6228
12034
6228
12843
6228
11475
34
4574
34
13618
7734
3307
11986
2697
9053
1702
9145
1709
9145
5553
5531
5553
5531
5919
4225
4922
4225
8753
4225
4275
4225
10725
8377
8592
8377
9496
11665
5124
11665
9415
11619
11039
11619
7776
11619
11795
11794
6501
8738
4818
5834
6609
8871
11771
8871
9913
8871
11741
11475
12470
11475
13440
10228
12016
11430
4277
11430
1538
859
802
566
6270
2812
8387
2812
8889
13906
6600
13906
2178
13302
10741
8379
10735
8379
1019
1017
6588
9891
13927
11617
11618
11617
5411
4280
2351
4883
11651
13241
13895
11611
13965
11611
6006
8805
4793
4172
2219
4020
13353
2244
3139
2244
7003
12516
7309
7622
10184
7622
13954
13909
4903
9788
1019
1273
1108
1540
11988
12958
4727
9220
6557
13614
6557
13614
6218
10388
14180
10388
5229
7856
3007
7528
5493
8768
8861
8768
4903
5864
12718
11635
7040
9944
12146
9944
12222
5595
7831
5595
8774
6483
3070
8841
13694
8841
5089
8841
3338
8841
5082
4385
9742
5756
11854
5756
6780
5756
1822
8524
1816
8524
8817
7764
11047
7764
11484
7764
10814
6742
3612
2591
3572
2591
4957
2264
2277
2264
11018
2264
2846
8303
4835
6393
10976
10298
3356
8958
7147
5685
11938
5685
9516
12127
12212
12127
12459
12127
11783
3164
11100
3164
11541
6529
5979
5966
2185
7954
4346
4295
2140
4295
2701
6243
4295
8516
9962
14126
9991
14126
4501
14126
13548
9846
1398
1350
4351
2175
3325
2175
12525
12524
1983
3144
6529
6527
13770
6527
9853
6527
7658
10106
4026
11350
3244
11350
3172
11350
8012
11350
4032
11350
4046
11350
3375
11350
2095
11350
4016
11350
4054
11350
4053
11350
3517
11350
4044
11350
8464
11350
1989
11350
13170
11350
4014
11350
4056
11350
13277
11350
4019
11350
3124
11350
4029
11350
4020
11350
5756
11350
8430
11350
3230
11350
4037
11350
3488
11350
5741
11350
3490
11350
3218
11350
4045
11350
8003
11350
7977
11350
4025
11350
3239
11350
4047
11350
3661
11350
4027
11350
3273
11350
7997
11350
7999
11350
12893
11350
4017
11350
3373
11350
13457
11350
3280
11350
8428
11350
3371
11350
4022
11350
13292
11350
13508
11350
4042
11350
3482
11350
3748
11350
8015
11350
4052
11350
4031
11350
8449
11350
8447
11350
13904
12303
13904
12303
759
479
12454
13295
7388
11951
6993
11951
11875
14014
1583
14014
5644
14014
12554
12129
11825
12768
4928
2794
8767
2794
5439
2794
5805
9698
10148
12841
10744
12841
1058
853
10393
12738
12737
12738
8858
12738
13730
12738
3077
11032
9801
10989
9801
10967
9801
3047
1279
4481
12377
8638
12871
6382
12871
2227
6374
4599
2395
9079
2395
2564
13311
6401
2026
4193
2026
8629
13053
12048
3272
10663
3272
6305
3272
3169
13145
8613
13145
2090
4793
5984
4793
11013
4793
5001
4793
11857
13232
356
645
9342
9604
11421
9604
6898
9604
733
730
85
730
223
730
15
730
8797
10972
10859
8112
12834
12805
13295
12805
6485
12805
4907
12805
12917
12805
1576
8167
5936
11186
11896
7010
11896
9916
11896
502
454
5904
2313
5045
2527
12004
2527
13690
2527
5019
2527
12574
2527
10856
12379
13390
12379
14034
11884
12783
818
12773
818
3295
5770
7543
10115
7543
4779
2776
13502
2776
5846
2776
9288
2776
4744
2776
9761
2776
11338
6972
7377
6972
13227
7229
11477
5076
6483
2959
2794
2959
6484
2959
6890
2959
6493
1727
1726
1727
3420
9774
13439
2141
3740
2141
12789
517
11943
517
285
421
387
421
10304
8002
6074
10374
9447
9422
585
584
4760
3413
3624
7227
7271
7227
5006
1793
1781
1793
14162
12408
5226
12408
13127
10527
7664
10527
6149
7387
6147
7387
13754
7387
4540
11212
7060
11212
11966
2143
3226
2143
9278
13198
11063
7352
8209
7352
2830
12031
2645
2659
6619
10393
13993
10393
12011
10393
8922
10393
11205
10393
5628
10393
9024
10016
4608
10016
7620
6298
1060
1484
1411
1484
1104
1484
4830
2163
5935
2163
12072
7389
11992
7389
12003
7389
2802
10529
2212
4108
11439
4714
12711
4160
807
549
8701
10243
1959
4184
3381
1547
3367
11408
837
838
1210
838
1896
1895
1884
1895
1132
1110
1524
1110
1506
1110
8998
3914
12538
3914
13266
5422
13266
5422
6197
12212
2109
3066
7463
3066
12215
13031
5575
8878
9270
5774
8126
5774
7254
7245
3545
11124
11148
11124
452
676
450
676
687
676
2040
13451
7459
3046
2157
3046
2179
8713
9580
7874
9622
7874
20
307
460
307
1566
1567
12012
10210
6956
1861
1860
1861
4343
1861
7398
7395
13708
7395
8227
3787
8908
3787
3883
3787
11193
3787
13999
3787
13818
3787
9777
10852
10878
10852
12618
10852
12461
7510
5282
2306
12122
2306
6660
4548
6224
4548
9824
10887
1424
971
3337
2124
3730
2124
4382
6016
4652
10545
3848
10545
8841
8781
8840
8781
9424
8781
8848
8781
8229
3237
8805
4642
13456
4642
5332
4642
8780
4642
12480
4642
8169
10889
11941
3840
11845
3840
8507
3840
6409
10626
6853
10626
12541
10626
3521
3032
12347
3032
13377
3614
9779
3614
2538
3614
11858
3614
12864
2498
4055
2498
10470
1595
12463
8794
4413
8794
9886
8794
8812
8794
8857
11738
13072
5698
3281
5698
7718
8619
10867
8665
8391
11377
9663
11377
6339
11377
8434
11377
5295
11377
8339
11377
10153
11377
6262
11377
9145
11377
7545
11377
12856
11377
10061
11377
8385
11377
8519
11377
6370
11377
6263
11377
10185
11377
9672
11377
10636
11377
2033
11377
9133
11377
2094
11377
10068
11377
12974
11377
12911
11377
3447
11377
10596
11377
4588
11377
2374
11377
3939
11377
7653
11377
12609
11871
12608
11871
11454
11871
5946
6889
6933
6889
11662
13695
5788
8475
1844
3406
13974
6626
12757
6626
5548
7798
7344
1698
1685
1698
7004
6106
4947
12053
1633
8986
281
558
11228
12145
10849
8611
3358
9966
12189
6852
8709
5846
2041
3123
2022
3123
1389
1242
3299
11805
13991
5100
13981
5100
10425
5100
6742
12896
6384
12896
10208
12896
8869
13606
11860
13606
11128
13606
11897
13606
10386
13606
6087
13606
11776
6887
4845
6887
4901
6887
10958
7746
5950
7746
10797
8430
11459
8430
7279
8430
13192
9685
13192
9685
7288
8617
5070
6545
13432
12884
9679
12884
6934
11379
13748
11379
7332
11379
10789
7124
10738
7124
6107
13609
6602
13609
8896
13851
12009
13851
13924
13851
12440
13127
10179
13127
11654
13127
2762
2767
2763
2767
12126
4489
7436
4489
12191
9936
1009
1256
14154
6210
5613
5604
8414
807
5729
807
6270
11524
4003
11524
3984
11524
3960
11524
9106
11524
3972
11524
3958
11524
3950
11524
3970
11524
5715
11524
13203
11524
6272
11524
3948
11524
3968
11524
7140
11524
5266
11524
3181
11524
6709
11524
6707
11524
9090
11524
3981
11524
3992
11524
7936
11524
3170
11524
2711
11524
11525
11524
3975
11524
12821
11524
2700
11524
3656
11524
3477
11524
3103
11524
3977
11524
3954
11524
8395
11524
8387
11524
9076
11524
7931
11524
3988
11524
3870
11524
13347
11524
5277
11524
4007
11524
11831
11524
5271
11524
3245
11524
4055
11524
3985
11524
7941
11524
3962
11524
2682
11524
3976
11524
3994
11524
7938
11524
3816
11524
7935
11524
11344
11524
7946
11524
3518
11524
5269
11524
2265
11524
14112
4487
12187
4487
2732
2747
2746
2747
4058
12350
4061
12350
1881
7701
11304
11303
9316
8635
12202
13711
12469
13711
6998
13914
6991
13914
6089
13914
7017
13914
6138
13914
11961
12951
4665
12951
11635
13129
8884
11768
6101
11768
6587
11768
4456
4452
2309
4086
4327
11841
5841
5801
8622
3512
12428
13798
6044
1834
1824
1834
9979
9540
3469
12405
13763
12405
1014
886
885
886
10478
1620
4515
1620
4531
4527
1880
1879
1859
1879
12621
11484
11782
9314
449
664
10461
12236
8964
12236
1662
12236
5201
12236
3622
4243
12153
6295
6313
6295
11316
6295
10136
9123
8000
9123
10124
9123
2028
9123
10705
9123
10675
9123
7182
9123
7170
9123
8434
9123
10679
9123
9157
9123
10695
9123
10688
9123
7597
9123
7599
9123
10699
9123
6303
9123
7982
9123
10660
9123
12144
9123
2077
9123
10691
9123
3534
9123
12309
9123
2366
9123
8441
9123
10701
9123
6760
9123
3585
9123
6321
9123
7996
9123
9650
9123
7167
9123
2296
9123
9134
9123
6761
9123
7979
9123
7974
9123
2051
9123
7987
9123
13230
9123
8431
9123
9654
9123
9138
9123
3554
9123
7181
9123
8021
9123
9655
9123
7978
9123
6754
9123
11653
9123
10134
9123
7189
9123
8461
9123
10686
9123
9647
9123
3455
9123
10692
9123
9661
9123
10133
9123
2091
9123
8014
9123
7606
9123
7991
9123
8427
9123
9421
9401
4124
12681
9186
12681
10144
12681
9210
12681
4114
12681
12106
12681
10147
12681
9667
12681
4106
12681
4132
12681
6365
12681
9681
12681
3226
12681
4101
12681
6326
12681
6785
12681
4103
12681
3839
12681
13006
12681
7663
12681
9678
12681
4130
12681
10726
12681
9683
12681
3197
12681
5771
12681
8489
12681
3328
12681
10157
12681
4129
12681
9686
12681
13222
12681
10723
12681
4661
12681
8030
12681
4690
12681
4105
12681
4099
12681
3634
12681
9209
12681
3162
12681
10716
12681
9181
12681
3810
12681
2093
12681
5762
12681
7194
12681
3691
12681
9666
12681
10139
12681
3843
12681
10138
12681
8037
12681
8035
12681
4111
12681
4672
12681
6586
6062
5573
6062
5668
4529
12210
12471
5104
12471
7568
2629
9657
2629
1873
10714
1927
10714
9448
4393
2206
4130
873
967
875
967
1744
9251
12670
9251
11879
14065
716
119
438
119
127
119
9757
8590
5183
11992
9905
6032
13972
6032
5207
14054
5535
11076
4304
12613
4041
2469
4036
2469
11317
3891
13428
3891
3819
2929
10589
2929
1749
1757
13822
12441
10944
2449
9826
2449
12718
2449
6498
2449
3516
13432
12079
6793
11740
6793
11828
6793
1888
1920
1732
9196
1746
9196
13821
12266
11092
12266
11091
12266
797
785
9258
12500
11434
4374
12736
4374
12327
4374
3842
2389
3449
2389
680
533
5290
9570
8450
9570
8352
9570
8703
13528
5058
9446
9449
9446
12060
9446
5558
13832
9358
10793
3300
9070
8530
9070
5375
12735
7532
2851
9591
2851
7316
3369
8777
13148
13579
13148
3408
2056
3710
2056
2899
7906
1645
3101
3514
12808
12820
12808
8155
7691
4173
10154
4173
10154
3349
7841
14077
10338
4972
5500
4972
12729
4972
6542
4972
13194
4972
6312
10090
2821
3489
11442
7076
8580
7076
6676
7076
3492
2871
9046
2871
4763
2557
12334
12717
11243
12717
6183
12717
11204
5559
9529
8955
11727
10295
6897
4009
5703
5688
6507
9822
792
400
10
400
409
77
4169
6714
3487
6714
1878
4298
6006
12711
13636
12711
12266
12711
13753
12711
14168
9912
10426
9912
8232
9912
5220
9912
3130
13398
8504
13398
13341
9656
9281
9656
12145
5582
13955
5582
10796
9695
8083
9695
2890
9040
951
1399
1115
1399
868
1399
2601
2833
2599
2833
13203
12719
7935
12719
5583
5557
5722
12765
9601
12765
9665
12765
4064
12765
2484
12765
7875
12765
2154
12765
8294
12765
3736
12765
6769
12765
2126
12765
7884
12765
6808
12765
8304
12765
6680
12765
4628
12765
12897
12765
13114
12765
10712
12765
7899
12765
3526
12765
8089
12765
7984
12765
7574
12765
7918
12765
10009
12765
7911
12765
3445
12765
10008
12765
2912
12765
7606
12765
9581
12765
9080
11717
2272
11717
7675
11717
10127
11717
10684
11717
9200
11717
9170
11717
10557
11717
8467
11717
2483
11717
9594
11717
9240
11717
9597
11717
8524
11717
2395
11717
2143
11717
3995
11717
3446
11717
13112
11717
9206
11717
11806
11717
2234
11717
2012
11717
2342
11717
7564
11717
11849
11717
2451
11717
9710
11717
9629
11717
6758
11717
8427
11717
13045
10489
10499
10489
7068
10489
9474
6090
7008
6090
11506
8166
4214
3511
12952
3511
5289
3511
4450
6154
9343
8532
6618
11711
11028
1969
13869
1969
6052
1969
10876
7293
2163
3268
13305
13251
3408
1949
3865
1949
8966
10452
9966
10452
6860
3248
4943
2420
5452
2420
5454
2420
62
678
572
678
8613
7634
6405
7634
12838
10487
4549
10487
13720
2935
11631
2935
73
641
293
641
268
641
217
641
6469
11719
5371
8638
9331
8638
11766
11765
7506
9557
10537
9557
9225
8478
2615
2635
2639
2635
370
287
784
287
9833
1992
6926
1992
10965
1992
1942
1992
7628
5695
13218
5695
10661
11735
11583
11735
13241
8668
10866
8668
8141
8668
4001
9582
4015
9582
9570
7474
9573
7474
1633
12148
1648
1649
5654
6642
5550
7795
8215
7795
8876
7795
12005
5656
3099
5656
5189
5656
2945
7664
4863
8562
8653
8562
2164
3153
10875
7722
5957
5912
5443
5912
8792
5912
9365
8136
11563
8136
10289
8136
1027
1198
11008
11808
12117
13977
3354
1669
3412
9161
8550
9161
5386
5822
6073
11100
6062
6548
7892
9559
10038
9559
10783
9688
13399
9688
1166
1130
6614
13965
11969
13965
9032
5251
3078
4545
10632
9059
4606
9059
13096
4887
7742
4887
5921
4887
5807
2190
3204
2190
12322
12992
13050
12992
4390
11613
12003
13954
5183
13954
105
556
4090
10548
3780
10548
7134
7100
12758
7100
10339
4852
8186
4852
2324
4852
6004
4852
3320
2154
13248
2154
8489
10062
8518
10062
11782
5401
11946
5401
7598
11441
2172
11441
13319
11441
2494
11441
2270
11441
12813
11441
2984
11441
6718
11441
13442
11441
10062
11441
8421
11441
13243
11441
7669
11441
2572
11441
10026
11441
12905
11441
2371
11441
3931
11441
10034
11441
2262
11441
7567
11441
3033
11441
12074
11441
3504
11441
8497
11441
6310
11441
12400
11441
7141
11441
2091
11441
2532
11441
6241
11441
2125
11441
5488
5314
11783
5314
9403
5314
11100
5314
9849
5314
6461
5314
3664
8373
3673
8373
1276
1244
9547
11266
10456
11266
1611
11266
5733
9082
4010
9082
2737
2738
2605
2738
4673
2981
9190
2981
7329
4889
7329
4889
11501
11500
7384
5540
5293
4626
10710
4626
11935
4626
7699
10642
3699
10642
7707
10642
3301
10642
3169
10642
8593
10642
1988
10642
4775
10642
3773
10642
3316
10642
7276
10642
13157
10642
7270
10642
6842
10642
13254
10642
6805
10642
9673
10642
5815
10642
5819
10642
8634
10642
8637
10642
13125
10642
4764
10642
12058
10642
6398
10642
3489
10642
8613
10642
6856
10642
6405
10642
6392
10642
3775
10642
9343
10642
3198
10642
12085
10642
8645
10642
7267
10642
8647
10642
5816
10642
8625
10642
8628
10642
8643
10642
13448
10642
5823
10642
6844
10642
7273
10642
4205
10642
7706
10642
8606
10642
6410
10642
13185
10642
7596
10642
7256
10642
9201
10642
3439
10642
4770
10642
7274
10642
6848
10642
7275
10642
4185
10642
7277
10642
10147
9057
10726
9057
974
1268
3983
8307
7548
8307
5151
8920
3591
6452
4360
5446
4368
5446
4359
5446
5476
5446
4366
5446
9386
5446
6132
5570
11474
2681
7485
2681
124
425
389
425
6624
11405
6623
11405
7018
11405
11979
6487
10365
8830
9448
8830
3250
8321
3998
8321
7403
12484
8237
12484
7834
11236
1618
5196
13143
8394
10748
8394
2378
4210
10624
11681
3999
11681
3418
11471
11667
11471
13538
11471
5999
6489
4965
6489
1241
1283
1013
1283
1500
1283
2180
7248
3970
10032
2711
10032
8896
8875
10395
8875
8879
8875
12009
8875
9899
8875
13924
8875
4766
3320
1834
1831
1820
1831
11846
7398
6551
2288
13817
2288
5171
5124
14089
5124
11265
8244
9519
8244
11890
8244
2723
8309
8531
2204
4160
2204
5248
12830
3608
12830
7868
12830
3610
12830
3460
12830
4004
12830
8061
12830
3683
12830
6675
12830
3919
12830
13278
12830
4777
12830
9092
12830
7551
12830
3918
12830
2932
12830
3435
12830
4668
12830
10713
12830
3941
12830
7144
12830
7489
12830
7116
12830
4049
12830
6243
12830
3466
12830
3494
12830
3932
12830
3493
12830
3404
12830
10512
12830
3403
12830
3564
12830
4234
12830
3402
12830
8987
12830
7135
12830
3563
12830
3541
12830
10189
12830
9139
12830
9676
12830
7079
12830
8993
12830
6250
12830
3927
12830
5238
12830
5680
12830
8432
12830
10193
12830
5264
12830
8316
12830
2808
12830
6221
12830
5237
12830
4805
6399
565
130
169
130
3061
1461
12402
8484
12794
12321
13565
2377
6456
2377
8712
2377
6482
2377
4972
3104
13636
6523
11772
6523
13054
12307
13054
12307
8001
12920
9369
9258
8749
9258
4909
9258
4450
5116
8935
5116
10559
7488
10549
7488
13248
6304
13518
6304
6255
6249
10569
6249
1908
3188
2660
6247
1731
1740
1741
1740
4115
1986
6362
1986
10622
3013
10071
3013
13287
12309
3818
12309
12611
12244
3739
14185
13462
12394
4734
9674
6178
12123
4461
12123
12076
5286
10321
10902
13902
9464
12089
13327
4208
13327
2088
6397
7172
12875
12703
12875
3959
12875
2696
12875
5713
12875
5718
12875
7928
12875
3983
12875
3072
12875
7949
12875
4041
12875
5711
12875
7929
12875
3129
12875
3635
12875
3201
12875
3949
12875
3964
12875
5708
12875
3963
12875
3606
12875
3838
12875
7548
12875
7116
12875
3272
12875
7543
12875
3946
12875
3990
12875
7128
12875
3953
12875
3978
12875
7139
12875
3151
12875
2231
12875
7950
12875
3506
12875
3987
12875
3979
12875
2730
12875
2748
12875
3808
12875
13384
12875
13466
12875
3967
12875
3947
12875
3333
12875
3252
12875
3991
12875
3993
12875
3287
12875
4036
12875
3784
12875
3974
12875
7939
12875
3982
12875
3792
12875
7934
12875
5716
12875
2627
8992
7454
8992
7678
5326
7280
5326
6812
5326
13650
9434
5304
13059
4660
13059
1688
1686
1684
1686
1356
1226
877
1226
1259
1226
8
729
765
729
125
729
9398
4799
5452
4799
5422
4799
13727
4799
11908
4799
13055
11590
2281
4614
3815
4797
7054
12085
13057
8606
13057
198
136
712
136
1138
1289
1230
1289
1133
1289
2307
3761
8801
1887
4379
1887
8185
1887
9431
5491
7738
10176
2559
13082
12372
12373
10758
7190
8680
7549
13482
7549
1675
11054
8213
11054
6217
11054
3962
2253
3816
2253
10769
7223
3225
9598
13338
9598
13915
12478
4487
12070
14077
12070
3305
12668
5593
11190
10423
11190
12583
11190
4372
4356
8259
14108
5658
14108
12494
14108
6815
5785
6819
5785
7257
5785
55
761
11293
14127
4510
14127
9062
7885
7150
7885
12781
12562
5272
12562
14103
9492
9508
9492
13273
13161
8032
7547
1420
1021
4944
10247
2599
12532
11339
2540
6529
2540
5419
2540
8078
9704
2042
4148
2095
3995
4022
3995
4286
2014
4310
2014
11954
11955
537
293
6462
6902
5592
10397
2679
3477
9871
5006
6051
5006
11049
5006
11061
5006
9874
5006
8845
5006
5858
3798
12186
12040
13936
10399
13733
6000
13794
6000
1386
1232
6120
12638
3648
2103
8581
2103
13933
7383
2767
10523
6862
4168
5828
13242
4944
8072
10936
10249
5964
10249
13521
10304
9416
10304
8810
10304
6035
11532
13942
5492
5050
5492
8203
5492
11121
5492
530
14
1010
1004
6687
185
12595
185
4616
185
12772
185
7324
8711
13411
8717
5937
8717
7323
8717
7980
7580
9739
12955
10764
12955
7543
3006
3990
3006
5226
14148
5908
9785
2576
7646
12065
6726
13249
13040
8315
13040
4685
2332
3238
2332
9156
7132
12142
8765
6522
8765
2691
7525
14182
10385
11300
10385
5132
5598
11762
11638
5926
8719
388
342
668
342
535
342
6594
4388
13448
7601
7274
7601
8735
4228
6803
2366
4736
2366
13581
9148
4133
9148
6873
7162
480
83
5972
10225
11479
11478
8934
11478
3146
8144
8536
13070
5053
11668
3274
11668
12067
11668
2715
10000
2703
10000
9397
8735
13672
8735
9453
8735
5092
6561
11123
6561
6574
6561
1648
7804
598
599
2438
2486
6604
13841
9910
13841
6141
13841
7349
10883
1381
1393
9822
10280
10895
10280
4905
10280
6269
5704
3691
5704
8809
8808
5504
8808
12133
8808
8825
8808
12507
8808
2688
2715
8572
11562
2187
2201
13664
2201
13629
2201
4348
2201
1306
1489
1070
1489
1452
1022
13892
12161
13979
12161
8960
12161
3858
2346
3709
2346
10943
13677
11131
13654
10375
13654
12482
13654
12605
8613
6419
8613
7298
8613
5529
5464
11110
5464
6039
5464
13966
5464
8863
13727
6282
7456
12363
7456
9049
7456
7464
7456
2892
7456
2533
7456
12815
7456
7465
7456
7469
7456
8282
7456
2401
7456
3525
7456
7468
7456
10059
7456
2490
7456
2369
7456
12061
7456
6699
7456
5701
7456
2256
7456
7879
7456
10566
7456
7478
7456
6262
7456
7883
7456
8290
7456
2306
7456
2469
7456
8307
7456
3006
7456
3736
7456
2353
7456
4566
7456
7896
7456
10532
7456
8295
7456
2354
7456
2888
7456
2955
7456
10011
7456
2772
7456
2816
7456
10026
7456
9008
7456
7904
7456
2520
7456
7482
7456
2342
7456
7079
7456
2497
7456
2925
7456
10018
7456
10509
7456
7097
7456
7466
7456
5680
7456
9564
7456
9014
7456
10508
7456
9563
7456
10530
7456
2894
7456
10550
7456
3440
7456
2893
7456
9013
7456
2133
13441
6453
6883
3424
3926
2769
3926
2216
3693
6731
6280
7660
8441
7643
8441
12291
9286
8279
3466
2630
5674
8072
12059
5515
13665
8208
13665
11655
13665
7336
12590
12695
3494
2614
2618
2635
2618
58
568
1785
8500
4299
8500
8705
12057
10281
12057
3386
11733
5258
4600
5258
11190
11162
10531
6225
2749
6225
3968
3446
11831
3446
14164
12082
12415
12082
4528
8266
12376
8266
11374
11373
3646
10561
11919
10561
6792
10726
4559
1036
12562
11830
9323
7261
5150
6176
3293
11132
13088
6385
11996
8236
5150
8236
6165
8236
11322
11321
9926
9491
1909
4742
13513
2116
4172
2116
12721
2707
8474
2707
8473
2707
5755
2707
5731
2707
8412
2707
11278
4483
3227
11920
2799
3230
11400
11307
4596
11307
8728
8405
14036
3827
3828
3827
11475
504
5688
504
11392
504
7098
504
827
1435
1434
1435
1068
1435
511
527
4077
2918
3846
2918
10693
3432
4646
3432
5645
11309
5645
11309
10443
11244
4940
8681
13479
9326
2089
5434
12536
11394
9943
11394
14086
11394
13151
13123
2569
13123
6458
8471
7430
11875
5819
3626
4764
3626
3481
2188
3269
2188
14054
11618
11725
11618
14071
11618
13717
8739
3956
10543
3795
10543
11886
13950
11365
13020
3973
13020
3752
2104
6445
2104
7626
7112
12672
10229
921
1272
970
1272
9307
2326
10225
2326
13509
2326
2257
2326
10787
13228
7692
13228
7797
11002
203
528
13716
7374
11499
7374
8671
11512
12970
11512
10854
11512
7281
11512
7728
11512
551
552
713
552
4270
10227
4286
2013
13520
2013
1903
8378
4750
8378
10966
2986
9807
2986
8768
2986
4821
2986
13608
2986
8556
2986
9089
2740
9095
2740
5724
2740
5437
8737
10928
9789
1533
1141
2754
7527
7764
8767
7764
8767
9906
10387
12102
12959
12229
12959
4890
12959
4808
2686
2602
2686
6107
8892
13691
8892
5570
10352
11179
10352
11175
10352
13859
7393
572
567
41
567
3709
2290
4287
2290
4725
12982
10251
9752
9681
2254
4103
2254
3714
2887
13074
2887
3469
10389
2993
7529
4974
8769
12290
8715
13106
12957
9428
6954
13857
9787
8726
7243
5638
14116
7040
14116
2318
3318
2803
3561
13361
3867
12754
3867
7985
8409
13403
7298
11414
11970
3733
11970
13930
11970
2800
3270
8145
6389
3738
11371
11566
11371
3737
11371
9066
8294
7530
8294
11060
10954
3704
14156
11819
3646
5835
3646
9736
3646
1554
11877
4678
8421
3247
8421
5949
12384
8492
3666
9674
3666
9675
3666
4477
11879
8252
11879
2527
4097
1045
1394
13795
13656
9458
13656
12038
13656
2181
6387
9309
8633
4816
8633
2655
3932
11334
11305
7761
11305
2999
3250
10338
2418
5500
2418
3655
2418
13194
2418
2308
3847
5761
8407
9315
6352
11939
6352
11575
6352
1362
1357
1085
1357
6479
5346
12384
5346
4066
13110
3159
13110
7386
12143
13756
4906
5138
7002
1575
7002
9383
3632
3128
3632
9814
3632
9851
3632
1269
1003
948
1003
6634
12055
3003
3014
3235
3014
2352
13325
10167
8473
2331
3966
6667
6227
10525
3426
2829
3426
12223
12224
6496
13659
11661
13659
7316
8663
5912
5414
4933
5414
7813
8216
5566
8216
13952
8216
5605
8216
7821
8216
6581
8216
13868
6543
6458
11341
12593
5301
5307
5301
12887
5301
714
482
2998
3946
4021
7972
4021
7972
6624
13761
6623
13761
7018
13761
5316
9683
1932
11112
2625
6229
808
414
3302
3103
13311
4691
12447
4691
7492
12850
12962
12850
5597
13933
5559
13933
6600
13933
9601
11803
9626
11803
3527
11803
12925
11803
13024
11803
3028
11803
6703
11803
12689
11803
10605
11803
10086
11803
2975
11803
2453
11803
9102
11803
3448
11803
2084
11803
10603
11803
3009
11803
10582
11803
7924
11803
12028
11803
2106
11803
10080
11803
10096
11803
9072
11803
11804
11803
13275
11803
6718
11803
9086
11803
10601
11803
7136
11803
3995
11803
2301
11803
9112
11803
9608
11803
2388
11803
4611
11803
10092
11803
7566
11803
7542
11803
7930
11803
2233
11803
5274
11803
3952
11803
2905
11803
2994
11803
9073
11803
2387
11803
2242
11803
7546
11803
3021
11803
2336
11803
2482
11803
2939
11803
7133
11803
9109
11803
11911
11803
6288
11803
6720
11803
8400
11803
10596
11803
10588
11803
7917
11803
10592
11803
6287
11803
6706
11803
2961
11803
14013
11940
8247
11940
3465
11940
6553
5900
6909
5900
6388
12110
11891
4795
5384
4795
2060
4795
4955
4795
6838
13143
12589
9346
2326
4664
2565
13055
3621
2006
2005
2006
4474
1696
10798
8938
11224
3812
6510
8826
6510
8191
6510
12717
12341
13162
2507
13338
2507
9243
10746
10190
10746
10765
10746
12456
11850
14084
11850
8968
11850
9722
12803
12867
12803
12842
12803
8286
12803
7558
12803
3254
12803
13028
12803
2958
12803
7992
12803
11804
12803
9166
12803
9559
12803
3013
12803
12955
12803
9128
12803
12409
12803
7958
12803
7071
12803
2816
12803
7563
12803
2976
12803
2379
12803
4563
12803
9578
12803
2786
12803
12870
12803
9654
12803
8331
12803
2513
12803
2291
12803
9064
12803
3005
12803
12147
14033
14185
14033
9518
14033
2340
4722
14092
5136
2456
12940
4603
12940
7140
6245
8387
6245
1868
4293
970
1116
9477
9900
6123
9900
13607
13551
5403
12970
4469
5166
14096
5166
11753
12371
6895
6874
12712
4059
5703
5683
7914
5683
4961
13361
5862
6395
10270
9301
11369
9301
12934
12877
8121
12877
5545
13667
7382
13667
13700
13667
13087
12879
10749
12879
13706
9414
12349
9414
11192
11384
4417
11384
10382
11384
12077
11384
13896
11384
2088
3694
1700
1715
13451
10701
4138
10701
3195
4634
6762
4634
6257
12305
12865
12305
7106
12305
8456
12305
10049
12305
10639
12305
5258
12305
9055
12305
10048
12305
7546
12305
10063
12305
5263
12305
10052
12305
2452
12305
7521
12305
10550
12305
5260
12305
4394
13725
11613
13725
13762
13725
10332
8760
354
683
71
683
274
683
789
683
13048
3493
1617
1618
583
170
2934
3977
4598
2515
4592
2515
6974
13675
4468
11959
1557
11959
8971
11959
2312
6701
10492
1380
12394
10245
12088
10245
5907
8124
12064
11982
5109
11982
13408
11982
11169
4398
9470
4398
4204
4128
13584
4128
11856
4248
12254
10874
2423
9128
13238
9128
365
251
584
251
13400
11957
6822
7210
9473
10395
9746
5787
10216
5787
5832
5787
7445
7852
2752
10510
9603
10510
10917
12618
10504
12020
10194
12020
14094
14050
834
835
833
835
3305
1707
2377
3116
2567
5752
7888
7887
8303
7887
6856
6746
9201
6746
3275
3876
3877
3876
3267
7545
1823
7545
11838
12512
8976
12512
8974
12512
9062
7889
10577
7889
7315
7626
12370
7626
5894
7626
2776
3677
5799
6798
2417
3219
1885
1918
1886
1918
1429
1249
6373
5789
954
1501
1392
1501
9452
7799
11885
7799
9695
7614
10144
2879
12106
2879
3536
10102
8565
10102
12155
2620
7957
2620
2629
2620
8354
2620
8857
11739
7717
5699
12746
5699
6861
5699
6474
8618
2833
2834
2789
2834
4945
6888
5963
6888
4969
6888
2278
4119
11756
13650
11158
13650
5543
13650
9718
9555
12776
9555
9803
2216
2215
2216
3381
6190
11737
12548
11737
9738
5697
7280
5697
6812
5697
1148
1284
1315
1284
1070
1284
5660
11378
1629
501
64
6009
5962
6584
7797
9908
7797
1917
8512
6299
5253
5723
5253
5012
9842
13714
9842
101
25
4488
3292
1929
4298
1929
5920
2757
11529
2757
6029
2757
13707
2757
11345
2757
2576
3228
4979
10976
1635
8116
5513
5932
3210
11892
517
320
3459
10485
12925
10485
2964
10485
9566
10485
3619
10485
2666
10485
3441
10485
10660
10485
9572
10485
9058
10485
7883
10485
10172
10485
6714
10485
3916
10485
8053
10485
9596
10485
3394
10485
2638
10485
7625
10485
5682
10485
12898
10485
12854
10485
7118
10485
2719
10485
12825
10485
13224
10485
13039
10485
10005
10485
7195
10485
8018
10485
13063
10485
6316
10485
11768
11767
14088
14075
8218
14075
4449
14075
11086
11715
11085
11715
11816
11715
9403
11769
9849
11769
5988
11769
1787
13128
4868
13128
1757
13128
4841
13128
4840
13128
1772
13128
4859
13128
4855
13128
4862
13128
3695
13128
9357
13128
3550
13128
13463
13128
11620
13128
1902
6791
75
719
727
719
3324
2435
13072
2435
1270
1243
836
1243
1649
14182
1227
1220
1340
1220
1318
1220
2561
2920
13605
2920
7819
2101
6952
2101
4997
2101
5503
2101
3313
8371
3664
8371
1536
901
505
288
3796
10791
4921
10791
9668
3056
10157
3056
11904
8006
8577
8006
11521
8877
9880
9426
12188
9426
12582
11294
9288
5334
12156
5334
4839
1851
1832
1851
3367
11409
7802
5520
6215
8970
10458
8970
7206
8305
5764
8305
8490
8305
7342
3335
13577
3335
10988
3335
6530
3335
13649
12760
5797
12760
6653
1557
9896
6976
11155
6976
11156
6976
8867
4383
3747
4383
10993
1871
4971
1871
1869
1871
13076
11407
14183
9990
13587
13542
8881
5072
9473
8879
11950
6485
3605
11421
5480
9391
4483
14067
4472
14067
1378
1058
7410
5593
11470
11633
12260
13352
5570
13956
11179
13956
11175
13956
11995
10012
13074
10012
11474
11473
13179
11473
6020
11663
12200
13959
12181
13959
13980
13959
2746
9231
5363
4223
5365
4223
5362
4223
2899
9143
12837
4549
3955
9055
3965
9055
6016
8803
2840
13633
1820
1833
4547
359
677
688
677
6192
14097
14109
14097
8158
4885
13752
4885
5050
4885
14085
8940
1172
1315
909
1315
1005
1315
11633
2481
13215
2481
10963
2481
12682
2481
3282
8341
9108
8341
4538
11216
343
306
676
306
332
306
800
773
2542
3712
4926
10888
7373
7356
1676
7356
10873
5364
12636
5364
4317
2429
7308
2429
10800
10734
13805
13752
13503
12473
8799
12473
8875
12473
9391
12473
8401
9593
3284
9593
4948
2969
4836
2969
11247
14059
14091
14059
14148
12663
4513
12663
5174
5144
11256
5144
1553
5144
515
78
5594
8224
5931
5391
5461
5391
11382
5391
4893
5391
2903
9110
13598
5990
12743
5990
10362
5990
12194
5990
9855
5990
13681
5990
10319
2203
5916
2203
11581
2203
8666
4601
7694
7228
13075
7228
62
41
200
41
750
41
3772
8850
4493
9520
11113
1935
9903
1935
5069
5426
7414
12216
6154
12216
13989
12216
8719
9334
5880
4804
1256
1477
998
1477
6770
2949
10138
2949
402
0
11701
9364
4762
3197
5393
4646
5892
4646
6444
4646
7592
6297
2636
2649
5148
12294
2754
4580
2481
3800
3008
10622
191
305
3686
2992
4821
2992
8556
2992
7860
1009
3304
12409
3858
12409
11303
2538
3703
2538
4994
2538
3399
2538
1632
1635
1634
1635
1963
4150
5090
7388
12756
11760
1908
6404
2798
10856
809
516
4011
10528
4002
10528
2112
4170
14010
12407
10835
8384
10206
8384
8557
8384
2656
2669
2665
2669
5231
13416
10764
12090
4525
6214
4525
14023
13967
5647
13967
6181
13967
13184
12421
3625
6299
7371
6012
11907
6012
6583
6012
7837
14056
7041
14056
3108
2153
13310
2153
1933
12633
2121
3154
4428
10404
11274
9962
10850
6856
8122
6856
6003
6528
13420
5842
4966
5842
766
745
486
745
7264
9253
10072
7483
8424
7483
4805
3190
13284
3190
9187
3190
3064
846
7191
12892
13067
9697
9260
9697
3498
6764
9190
6764
11000
7742
1879
4261
2987
3689
6556
10299
14128
8959
4495
8959
5555
11657
12767
14035
13975
8980
12715
8965
8957
4919
10297
10313
12128
10980
12128
8790
12128
12263
12769
5337
9699
7235
9699
1580
6622
5150
6622
1966
1981
7360
1738
4378
1738
9918
6102
4519
8982
4517
8982
4741
3329
3777
3329
11268
12739
1427
1445
1514
1445
14124
1681
6043
1681
10985
1681
9861
1681
12783
510
10487
510
11571
510
7036
4456
6206
4456
4497
4456
2643
9020
7172
6734
2534
3711
8903
12737
12728
12378
4789
2831
4781
2831
8114
2831
4610
3989
3322
3989
9939
9932
14064
9932
679
573
851
852
4306
3286
4279
3286
9415
5881
11039
5881
7776
5881
6056
5881
3347
3742
840
1482
1054
1482
1134
1482
912
1482
2132
8510
7759
5367
9372
5367
3887
7781
12453
7781
5518
7781
8875
3401
3084
4544
1434
1433
1260
1433
401
529
667
529
692
123
687
123
3815
3654
5002
3654
2944
3690
4735
5315
6904
5369
1960
3762
4493
1582
12966
10120
4452
3189
12055
3189
13892
3189
13979
3189
8960
3189
6640
3189
2311
5339
1642
11299
3552
13875
12041
13875
11585
13875
11696
13875
11076
12485
5507
12485
4382
12485
5537
12485
5461
13467
9254
3954
4753
3954
8588
3954
6834
12976
12622
12976
7716
12976
12553
5180
8043
6760
13189
6760
13836
11404
13910
11404
10436
11404
5279
3736
4021
3736
8002
3990
9818
3990
4942
3990
13158
7713
4260
7713
10825
7713
10315
5923
6018
5923
10938
5923
1818
1821
9945
5125
5128
5125
9936
5125
9066
7878
7528
7878
3165
8245
4165
13334
10281
5813
7962
8395
4326
3330
5356
3330
8656
3330
6400
5337
11297
29
225
13697
11128
8894
8874
13097
5778
5135
5608
5622
6155
8735
4262
11691
13509
6518
9360
3798
2232
3155
2232
6956
4953
1675
6043
6975
6043
11099
6043
3984
2950
3977
2950
866
1395
1399
1395
1266
1395
3349
9961
12147
11622
8235
11622
14105
11622
594
597
2688
7128
7676
12791
8499
12791
4766
4037
403
434
10294
8701
10921
8701
11003
8701
2335
13475
10975
13475
10285
13475
8874
11764
13915
13867
6106
5502
5540
5502
6103
5502
11865
2430
8172
2430
5932
2430
6060
2430
10296
2430
13599
2430
8813
2970
4836
2970
1015
996
1038
996
9763
10760
4866
11856
11529
11528
6029
11528
13707
11528
12442
7635
2664
2670
2658
2670
8313
7475
9035
7475
1437
1370
2338
7665
841
930
11917
7794
8513
7619
2754
2782
4272
2246
4929
2246
7226
2246
3594
2246
10824
4169
4776
4169
6337
2301
4020
2301
4741
7986
13168
7986
7793
8798
14141
8798
11585
11734
10116
5694
13070
5694
4751
12888
9269
12888
1255
1161
446
261
291
261
2219
2266
9172
7611
1963
4149
10229
7617
13676
7617
3470
10010
7486
10010
7099
2650
13317
2650
13589
8746
7430
9321
13506
9803
4232
2215
4232
1978
3799
13211
6737
2054
6737
6341
6737
9331
10663
5611
13859
13891
13859
11298
9502
5358
6378
9552
10473
13167
12734
12688
9112
12893
9112
1714
11888
5718
2353
3333
2353
10992
5961
5444
5961
8175
5961
8481
6739
7614
6739
13500
6739
5059
5051
5912
10216
11438
5360
4704
10043
9137
10043
5741
9608
7977
9608
13305
10155
1416
1262
4703
7958
4663
7958
5582
10409
13603
6010
12137
6010
6033
6010
2704
7516
14142
14136
11401
12622
7348
10294
5198
8954
3500
13243
10279
13243
1248
1503
1504
1503
13246
6715
3487
6715
4980
11791
12581
11791
8066
6769
6410
6769
12989
10633
12576
13856
10414
13856
13891
13856
9262
9694
8082
9694
10197
9694
6365
6767
12562
12764
280
562
14168
10421
11223
10421
11029
4996
10339
4996
13744
4996
6004
4996
5065
4996
5907
6892
4434
10407
11245
10407
10860
1802
5853
1802
12333
12528
12529
12528
6272
12856
4007
12856
511
200
604
200
298
200
506
200
1394
1457
7026
12299
2798
8387
5167
6633
7038
6633
13539
13456
4301
10767
3879
10767
9916
6120
12655
6120
8180
1630
8595
11485
13386
9315
12499
9369
5386
6421
6403
11976
13099
11976
13589
10892
4683
8352
9298
3522
13512
3522
2219
6407
13285
12404
8677
12404
8126
12404
1331
1192
4914
4873
3019
13240
1828
4290
2804
4072
8665
13219
11526
13219
4728
4120
10792
4120
5353
4120
2692
4718
5848
6409
2058
2880
3495
2880
11497
2880
11951
9367
9227
6294
4097
6294
9226
6294
11799
12297
13784
12297
10376
9881
1460
1086
3628
10715
5324
10715
9763
10769
1172
951
963
951
869
951
5040
2277
6038
2277
2211
2277
2614
2619
2616
2619
4755
8389
4754
8389
11227
8229
7828
8229
7412
8229
801
244
8783
4931
12181
5149
4455
5149
10293
9337
9367
9337
8762
9337
545
765
7325
9778
10205
8543
2561
2919
13605
2919
3597
10739
13149
10739
10790
10739
8875
9813
11415
13734
2427
4807
4541
6216
13608
4821
13608
4821
8819
4330
9926
9923
4183
13216
8658
13216
5062
4375
3368
4375
11082
4375
13873
4375
3106
9002
7952
9002
4938
3453
4281
10737
11412
10737
4840
1930
3679
1930
1561
6663
11542
13459
974
834
13476
4809
10392
10378
11135
10378
9493
10378
10400
10378
12095
10378
10428
10378
5163
5147
9522
5147
8737
9339
5400
9339
8736
9339
8240
8227
4966
6473
8999
3064
10187
3064
977
1327
458
770
2629
2628
8354
2628
10571
2628
8366
2628
10847
6850
6566
5419
12617
5419
11104
5419
12067
5419
6577
5419
12132
11020
1382
1238
1325
1285
1328
1285
943
1285
7753
12229
10333
5465
11441
5675
1994
5675
10295
12543
8734
12543
11380
12543
6229
3916
2627
3916
12705
11510
12356
11510
8946
11510
2624
6224
6661
6224
3306
4536
7424
5630
7034
5630
5955
5417
9353
12227
11616
5411
13194
5411
11677
2075
5024
2075
6952
2075
4997
2075
5503
2075
11067
2075
3007
7110
9739
13002
9300
13002
7692
13002
1880
1878
1859
1878
2144
3044
11578
3044
11959
12352
8821
2448
11808
2448
13383
2448
11810
2448
2330
3220
3315
2126
4171
2126
2449
3817
6337
8404
10106
8404
10120
8404
4637
8404
9198
8404
6727
8404
9640
8404
8406
8404
7968
8404
1740
4200
12261
12387
731
718
92
718
9101
10028
9074
10028
10090
4566
7139
4566
3167
3177
14078
4450
14069
4450
4956
10959
10735
2304
3147
2304
5719
8299
3298
8299
9198
2388
3748
2388
6920
13310
5915
13310
7751
13310
6630
7408
13190
6384
13190
6384
4945
5435
5963
5435
4969
5435
12172
11395
11658
13785
12784
12389
4095
12389
3360
3616
4093
3616
11411
11874
8805
10957
7893
8297
11323
8297
4518
5206
9546
5206
4460
11245
8070
2468
8052
2468
4319
2928
2924
2928
4864
2928
7733
2928
4356
10982
9845
10982
10984
10982
4784
8622
9774
8622
3950
12954
3962
12954
4546
14176
3348
9430
6957
6962
6957
1429
1444
5926
9784
548
142
7206
3488
5764
3488
8490
3488
1254
1190
11387
5086
59
690
11112
6982
9020
3404
12296
7841
11273
7841
962
1518
882
1518
883
1518
5555
8856
9249
8528
12189
8528
8822
7768
7354
7768
13894
7768
3216
13514
13541
13514
5580
3368
13957
3368
5579
3368
10300
7303
2439
11701
13449
5741
13559
5741
12007
5741
1953
2041
4925
2041
4998
2041
10939
2041
3332
6959
9955
9948
6643
9948
14145
9948
6207
9948
2738
7524
401
385
11743
8764
4993
8764
6963
8764
13826
8764
4952
5868
507
289
6094
10384
4226
10224
4716
5771
5780
5771
11788
8145
10953
8145
13458
8145
4188
2043
4215
2043
4231
8053
4227
8053
11727
8734
3557
11798
5411
5838
4796
5838
2318
4660
9040
7871
8324
7871
1034
1314
5404
7738
11931
7738
8146
7738
6592
11110
11848
7377
2902
4060
2278
4008
6603
7379
9463
7379
3392
7379
11713
7379
6991
7379
7202
2725
8475
2725
2728
2725
8034
2725
3782
5705
11732
5705
3671
3805
2311
4084
8839
11746
8837
11746
8850
11746
11055
11746
13582
11746
6552
11746
5892
10850
14055
7020
11481
13112
4610
13112
5560
7805
8365
2852
12031
2852
7214
2063
10751
2063
5996
5948
3166
6993
5058
1918
1948
813
603
503
781
7795
9868
2995
3249
3895
12798
2424
12798
8048
12798
8025
12798
2328
12798
10679
12798
7920
12798
10544
12798
2811
12798
2681
12798
10000
12798
3126
12798
3297
12798
10638
12798
10092
12798
3370
12798
7477
12798
13231
12798
8994
12798
2474
12798
7455
12798
10033
12798
13035
12798
9616
12798
13315
12798
9014
12798
12946
12798
3025
12798
10498
12798
10118
12798
10030
12798
8285
12798
2595
2597
6371
2597
4916
9741
11867
4733
12544
4733
6015
6512
11094
11055
11176
11143
3312
11143
827
1311
1274
1311
12909
3903
13196
3903
10353
10940
7893
7884
9022
7884
4928
2796
11346
2796
10946
2796
5440
2796
7007
13833
11746
10803
5856
12746
11542
13450
3635
7896
3949
7896
744
79
3813
8888
9257
5784
3157
5784
14030
12112
3395
1968
13640
1968
13792
1968
6052
1968
6928
13288
6494
13288
2810
3146
10351
10341
2164
3269
8244
6618
11234
6618
13588
2024
4956
2024
1999
2024
10301
11954
5918
10877
1662
14166
4505
14166
13407
8791
4342
2565
11554
2565
2538
2565
9900
10371
5546
10371
1667
1668
10330
10970
3016
3603
7301
8127
1832
9705
3550
9705
12326
3132
13511
3132
7553
822
4616
822
13412
4763
13395
4763
7725
4763
7320
4763
13474
4763
1762
1773
273
54
13356
8129
12700
8129
9351
8129
13838
10305
13838
10305
5780
7951
11031
9838
11031
9838
2544
2545
2546
2545
2856
12701
1648
5049
7350
12232
7350
11052
7350
4850
9771
5882
9771
9065
2897
2896
2897
3385
1574
1916
4308
5438
10879
1213
1439
3070
11352
13694
11352
5089
11352
11604
2573
3369
2573
8663
2573
11281
8976
3482
4637
6441
8031
5239
1028
3547
9411
12447
13204
8068
7212
9331
6305
2737
2739
2605
2739
2447
9417
11388
11387
3237
11387
11173
11387
9036
2774
11498
2774
3386
4403
1737
1745
12725
8485
11973
9630
10881
6879
13378
12395
4734
9675
11708
3585
5801
3585
1755
1765
1764
1765
7315
6877
5923
6877
12370
6877
12909
12874
6824
12874
11845
11389
10404
9419
2575
6371
5607
9465
9492
9465
14102
9465
11197
9465
223
275
372
275
10405
6970
12661
6970
6134
6970
370
330
257
330
320
117
168
117
11595
12245
3690
3023
8001
3023
6399
4639
13284
4639
9187
4639
667
336
385
336
670
336
7353
6940
11022
6940
11659
6940
3882
4479
5213
4479
1758
9206
1746
9206
8604
4669
3408
13433
13560
13433
4146
13433
10778
13433
8082
13433
3865
13433
10791
13433
4186
13433
4181
13433
4212
13433
10761
13433
10766
13433
3726
13433
1692
13433
3710
13433
9716
13433
5348
6803
2185
4615
4412
13850
7719
13385
6551
2289
2324
2289
12666
11229
8213
9435
9894
9435
6411
6341
7023
11543
13809
11543
6986
11543
4266
12510
4119
10618
5315
10618
5556
13710
1819
4186
4369
6028
4442
11227
6654
7055
3940
10512
2465
4667
8016
7143
9141
7143
10115
7143
10446
12002
14067
12002
4486
4477
14130
4477
9534
4477
1899
9709
9744
9709
1629
8180
10929
4083
10908
4083
4935
4083
10956
10920
10322
10307
10322
10307
11859
2525
11001
2525
2524
2525
8953
6638
8953
6638
87
476
782
476
3357
1628
6070
10321
5561
10321
13762
10321
6578
10321
4390
10321
7290
2064
4237
2064
7052
11726
5662
11726
6537
10830
13687
12132
12477
12132
13696
12132
6110
6092
11180
6092
6613
6092
6133
6092
3667
2044
6362
2044
12106
2878
4106
2878
6864
12902
12957
12902
10301
10875
2207
9721
4210
2397
5843
2397
1637
3075
10413
10394
11177
10394
37
235
158
370
3397
4878
12584
4878
11035
4878
5997
10244
5023
10309
9402
10309
10328
10309
5954
8125
2195
6532
1962
4118
4189
4713
4801
4713
10232
4713
12501
4713
13601
4713
13683
4713
5456
9707
9373
9707
11809
9707
11808
9707
7747
9707
12163
9707
13131
7161
12852
7161
10370
11059
5511
11059
8861
11059
5502
5460
9721
7544
9743
7544
2601
4781
4389
4781
12355
2177
3325
2177
9372
2177
10922
2177
1499
1481
1225
1481
972
960
836
960
14019
9928
11117
6562
10930
9773
4194
8548
1912
8548
5781
3126
3453
3126
4942
9818
4942
9818
1927
1928
3766
1928
10379
11082
3110
6668
3253
6668
5379
11561
6475
11561
6456
11561
2422
3229
11128
10373
10386
10373
6087
10373
6788
12162
6771
12162
7192
12162
6781
12162
6330
12162
7634
12162
13057
12162
6769
12162
7200
12162
5772
12162
7629
12162
7199
12162
4670
12162
6327
12162
12364
6478
13746
11057
13785
11057
5509
11057
4243
8642
6457
8642
27
118
668
118
313
118
275
118
11511
3403
6994
9439
8217
9439
13884
9439
2930
7082
10083
7082
3303
10668
5787
10668
11456
13190
4357
13190
10910
6373
13566
6373
10911
6373
9406
4986
12272
11225
1616
10478
7852
10478
12057
4665
8643
4665
9548
7057
4521
7057
4295
4794
6373
4619
3497
4619
6114
13787
9702
13054
12612
13054
9218
13054
12396
4475
14129
4475
6161
4430
9928
4430
11222
4430
11190
11161
6885
7232
5844
7232
9210
10048
5318
10048
5751
13206
7458
3041
2200
3041
12479
13753
13850
13753
13799
13753
1624
7059
2727
9603
8737
10562
5400
10562
8736
10562
9309
4617
4262
4617
4816
4617
9992
11280
13998
13941
12240
11883
59
90
4626
2303
4631
2303
13292
4611
4761
9100
13755
9437
4298
9677
4293
9677
12464
12397
12528
12397
11284
12397
6437
6875
2418
8489
7822
9467
84
546
144
546
9755
6394
13580
6394
12295
5650
5184
5650
6411
13209
12379
13209
10808
13209
4197
13209
8682
7262
2049
6244
8381
6244
2383
6244
8334
6244
2010
6244
2368
6244
2432
6244
1811
6244
12808
6244
7634
6244
2190
6244
2515
6244
8341
6244
2043
6244
2405
6244
7979
6244
2491
6244
2242
6244
8358
6244
2586
6244
2497
6244
1974
6244
2548
6244
2255
6244
2167
6244
2074
6244
1921
6244
1837
6244
8466
6244
2115
6244
8445
6244
2594
6244
12317
6309
803
787
2247
7953
7928
10532
13466
10532
12248
12247
9602
3043
8380
3043
5619
5576
11568
5576
6130
5576
3368
12249
13802
12304
8859
12304
5565
12304
4639
4635
3055
1278
1831
1852
6662
3063
2098
3063
6985
12523
12660
3297
12366
3297
3409
8452
3753
8452
6503
6920
8032
6307
11386
11385
8833
9415
114
741
1515
916
906
916
4673
10638
3270
10638
9486
9469
6368
6321
3851
6321
10369
1725
11078
1725
10359
1725
11077
1725
12553
12399
8601
9679
2558
6830
9224
8487
6824
8487
11398
11397
13573
11397
4915
11397
4948
5437
4960
13543
1613
4516
11610
10955
6729
7123
7543
8295
3808
8295
11562
3235
12530
3235
9214
3235
1339
1150
14055
5603
2209
13353
3081
1597
1256
1313
8251
11247
11873
11247
6216
11247
6216
11247
11265
11247
6506
2948
12451
2948
5014
4958
9875
6048
726
679
563
679
3429
2166
13357
2166
11864
2428
4947
2428
2427
2428
7425
11249
7427
11249
14140
11249
13812
11304
12204
11304
4170
2146
8550
2146
2919
13387
3183
2968
4006
2968
7005
11523
12980
7996
4818
7996
13859
12385
5462
1796
5977
1796
12791
280
10583
280
2959
11399
8844
11040
13831
5439
13854
3416
12736
3416
12448
3416
11521
3416
3290
5679
6285
5679
5658
12190
10454
12190
10458
12190
315
654
167
654
726
214
563
214
12517
5415
12517
5415
5489
5469
13725
5469
11767
11070
11101
11070
3548
11070
2187
8793
12574
13632
5595
12225
11649
12225
9025
2668
2659
2668
4863
3785
4833
3785
3862
3785
12936
3785
3364
3785
4839
3785
12460
3785
4846
3785
4826
3785
13221
3785
3669
3785
12527
3785
3752
3785
10262
3785
4892
3785
4294
3785
13259
3785
2517
3785
3258
3785
1747
3785
3751
3785
13198
3785
3318
3785
3817
3785
13504
3785
1760
3785
3679
3785
1832
3785
11453
3785
10269
3785
8727
3785
8716
3785
1728
3785
3339
3785
12518
3785
8653
3785
3334
3785
10279
3785
7289
3785
13235
3785
6847
3785
12174
3785
8659
3785
1565
13861
12054
7026
12054
11909
3024
8612
3024
2573
2574
4005
2574
11811
6590
11021
1897
1896
1897
5039
1897
5034
1897
3757
9576
13086
9576
1462
977
1694
9650
1701
9650
2636
2648
477
445
768
445
732
445
1545
8967
12280
13455
8051
6881
12883
4229
12883
13075
12883
6870
12883
3581
12883
14079
14041
9859
5467
3656
2773
12731
2773
1817
5677
5244
5677
3557
2539
3703
2539
2123
2132
2140
2132
4143
10590
3148
10590
13632
7330
7353
7330
12004
7330
13690
7330
5052
7330
11022
7330
2319
13516
7633
5707
12110
5707
3970
2745
9090
2745
1765
1774
569
766
9363
2316
13677
2316
12395
2316
3556
2316
5773
3281
5317
3281
5310
3281
11940
7821
1731
1739
1738
1739
232
717
92
717
1275
1245
6148
7807
6531
8149
10342
8149
11826
8149
4959
8149
13460
9076
9756
9076
13506
9076
8553
7931
5775
7931
8064
7931
1573
3001
5721
5980
8147
4925
2023
4998
2023
10939
2023
8812
2023
13550
12561
4014
10092
3280
10092
2412
13162
917
839
9031
7070
10519
7070
5110
7809
11198
7809
11592
7809
4265
3604
4268
3604
13836
3688
13910
3688
12568
3688
4400
3688
10436
3688
13829
3688
8589
5709
5320
5709
8211
7375
7913
2765
2764
2765
3696
3904
8549
3904
12509
13598
3604
3988
7045
7040
11889
7040
6200
7040
5338
12726
10201
12726
13152
13132
13174
13132
7750
8714
5863
5818
6859
5818
11956
5818
4282
11902
8138
11902
10836
11902
2217
3328
13867
11123
11186
6955
7010
6955
7402
6955
7390
6955
4749
5773
8711
7718
13472
7718
944
941
9482
9460
5809
13519
12603
13519
10196
13519
13638
5928
13638
5928
6900
7290
6247
7873
7504
7873
13586
13540
10103
6719
9122
6719
11416
5272
1679
10236
13306
6765
13136
6765
11224
4408
11226
4408
11211
4408
4158
9132
3331
9132
78
312
86
312
542
312
736
723
734
723
4056
7566
4042
7566
6465
8726
9475
5554
7908
7450
10519
7450
8634
7200
3775
7200
12502
10405
14036
13998
8941
13998
3820
13998
6731
6711
3266
2189
3415
2189
13421
2582
12577
2582
3091
10471
1042
833
11499
12714
916
1046
1150
1046
907
1046
13419
6717
1491
991
1188
991
1018
991
3303
10681
3330
10681
12651
10441
1023
1052
7326
11548
7183
10613
8592
10182
2565
13076
9906
13854
6124
13854
13577
13477
6546
13477
6994
13865
11627
13865
3659
6808
8630
6808
10756
10157
5319
10157
10178
10157
6954
3319
2211
3319
13673
3319
12226
11642
5649
11642
9514
11642
1776
4181
3647
10159
10198
10159
2659
10500
11324
10500
4667
7148
5302
7148
8605
8561
13235
8561
7631
6735
7366
10266
5795
7536
10147
7536
7358
6023
3393
6023
12170
2821
8144
2821
13680
2821
10277
2821
9792
2821
3725
9162
2724
4738
8839
4377
8837
4377
8850
4377
4323
4871
4434
11148
7002
11148
5113
11148
5986
6500
13621
6500
7794
6500
1356
1319
1003
1497
944
1497
4629
10061
5724
10061
4846
1950
4859
1950
13576
5943
10801
10735
9294
10735
8655
10735
760
595
596
595
710
595
785
595
64
595
244
595
245
595
748
595
764
595
9630
6266
5041
6266
9636
6266
6577
5053
4943
2419
5452
2419
11908
2419
5454
2419
5049
9863
11822
13739
13832
13739
13863
13739
10301
7660
6888
7660
11253
5145
6185
5145
10641
12793
3450
12793
13048
12793
6733
12793
10646
12793
10647
12793
10107
12793
11952
12793
10104
12793
13217
12793
12816
12793
11555
13720
6962
13720
9401
13720
13807
13720
11978
13720
8824
13720
14058
14032
14120
14032
5594
8225
5929
9335
2628
8280
6478
6441
4899
6441
13293
6441
4422
8883
7002
8883
9469
8883
6547
13641
1953
1970
6040
1970
4987
1970
8178
1970
12539
6140
7681
12100
12099
12100
3720
4805
13678
6613
7263
3536
1961
13454
5626
13877
9924
13877
6171
13877
2377
3953
7337
13465
11003
13465
13914
4379
13497
10808
4794
10808
10176
10711
2576
8086
7598
3653
4699
3653
6756
3653
6342
3653
13253
3653
6775
3653
7607
3653
13244
3653
5767
3653
12842
3653
6335
3653
6317
3653
13032
3653
13062
3653
6773
3653
5299
3653
7595
3653
13043
3653
6346
3653
7613
3653
12873
3653
13145
3653
12951
3653
7601
3653
3626
3653
6746
3653
12162
3653
7615
3653
6320
3653
6743
3653
7610
3653
6359
3653
7998
3653
6736
3653
8005
3653
12898
3653
6747
3653
6755
3653
6323
3653
6753
3653
6786
3653
12207
3653
6758
3653
6751
3653
6344
3653
11678
3562
8051
3562
13615
3562
1763
1782
6499
6471
12133
11489
4319
9319
7733
9319
10317
9365
12296
12295
11273
12295
1948
10717
1922
10717
6633
6170
1669
1670
3103
6681
3988
6681
3429
10719
3764
10719
5061
9833
3672
13736
6691
6236
3575
6236
4144
8385
4135
8385
1891
4135
4529
4524
1650
11560
10765
2902
11487
8704
9317
4439
9910
1397
1538
4332
4303
10293
9311
11951
9311
3421
9311
10221
13214
8665
6405
13522
6405
10829
6405
3663
3542
9632
3542
4906
4768
11564
4768
10250
4768
13740
11452
12496
11452
13733
11452
1853
4841
855
858
969
858
10718
3490
11549
3490
10152
3490
481
728
372
728
492
728
13936
5127
5848
3454
12541
3454
14104
8247
11055
12489
13582
12489
6552
12489
2928
8397
10192
10140
8098
10140
1254
1406
1310
1406
3068
11295
1769
5335
12670
5335
3350
610
474
532
474
411
474
4320
13320
3198
3370
8628
3370
7326
7308
8774
6484
13606
12487
12769
802
12184
802
9527
9943
13913
4350
13906
4350
10340
4350
13929
4350
13375
13339
10887
13339
12565
13339
6446
5863
4118
8399
4127
8399
874
1005
1494
1101
1312
1101
3997
8304
3434
8304
7043
8249
12710
8249
6536
4951
6080
4951
4976
4951
12359
4951
8926
5129
7387
6061
6579
6061
2948
12452
4284
3601
10195
8523
7774
7763
7344
7763
5298
9054
11675
9054
7213
9054
4319
7733
4319
7733
12530
5311
13195
3901
3805
3901
6354
9190
10322
5910
11536
5910
10307
5910
4749
5317
13587
8058
11505
13932
2325
13336
5254
598
12770
598
5399
11793
10262
11793
4794
5833
10982
13588
2873
10170
9255
10170
9741
10170
4729
10170
2800
3722
4333
2802
5385
2802
5804
5319
9706
5319
4810
5319
10411
6992
13791
6992
9472
6992
11605
13100
3369
13100
8663
13100
4827
5365
10959
4896
10982
4896
5968
4896
2449
4010
4062
4058
8746
3855
10892
3855
5922
3855
9857
3855
11045
4884
5492
4884
6028
4884
11046
4884
1334
1486
944
1486
845
1486
6980
10992
12775
611
12439
611
12768
611
5155
12548
12017
12548
2276
4129
10700
12076
12075
12076
6325
12076
10200
7669
8097
7669
10838
7615
10707
7615
2620
2630
2628
2630
512
569
38
522
7912
7479
8344
7479
1606
1619
1613
1619
1604
1619
1616
1619
1610
1619
1608
1619
10482
1619
1607
1619
1612
1619
3935
12642
3376
12642
7524
7477
7913
7477
10775
7667
9714
7667
1876
1880
1860
1880
9821
2226
5394
2226
10957
2226
13555
2226
5332
2226
13473
2226
8151
9554
8675
9554
13105
9554
2070
9272
6757
10023
7188
10023
3129
2354
3333
2354
3861
10484
2456
10484
6689
10484
12368
10484
6220
10484
4603
10484
9036
10484
13304
10484
9637
10484
2641
10484
11699
10484
12570
10484
11650
10484
10559
10484
2632
10484
3119
10484
2637
10484
11474
10484
6660
10484
10549
10484
8308
10484
11733
10484
9051
10484
7485
10484
8309
10484
10523
10484
5674
10484
5699
10484
6224
10484
7903
10484
4623
10484
4600
10484
7893
10484
3514
10484
4624
10484
10661
10484
9588
10484
2768
10484
10486
10484
3662
10484
11323
10484
11361
10484
10085
10484
10578
10484
9039
10484
7099
10484
13105
10484
13301
10484
11400
10484
13317
10484
6682
10484
7499
10484
6659
10484
11503
10484
4596
10484
9022
10484
11583
10484
11913
10484
6221
10484
7541
10484
11498
10484
13179
10484
8345
10484
3842
2390
4627
2390
7024
7403
13941
7403
2986
3218
6460
2450
11086
2450
11596
2450
13496
2450
1807
4212
1887
1919
1888
1919
6435
13504
11238
13898
1004
1434
1015
1434
4452
6159
6640
6159
8540
7637
7300
7637
6083
5031
8554
7639
6176
6157
6165
6157
5325
2470
7198
2470
13076
2930
3602
2930
4774
11714
12664
11714
10827
11714
11258
6182
12015
6182
11252
6182
6138
8902
12713
12904
8648
12904
5840
12904
2307
6831
9909
11666
2416
2417
3655
2417
2819
4045
2447
11476
10671
3848
12716
3848
13853
10392
5434
6907
5434
6907
5851
6320
4770
6320
14157
11985
3101
11985
14166
11985
5138
12537
12242
6921
1698
10242
12658
4098
8095
4098
4339
4226
11686
4226
10349
4226
6885
8079
5814
8079
10730
9146
7632
9146
13780
6534
12546
6534
6983
6534
13026
8077
11620
8077
5182
5651
1794
1803
14174
12539
11362
12539
11903
8806
10222
13269
4823
13269
10812
13269
14113
3868
4500
3868
13453
6909
8846
7353
9549
11213
9511
11213
2465
4065
6601
6094
11997
6094
12526
6094
12341
12134
7408
12134
11977
12134
2186
9101
9921
11084
1265
1186
10364
9423
9407
13266
13575
13266
13405
13266
7254
7648
13396
7648
10201
12164
9269
12164
483
694
723
694
241
694
3882
11281
5213
11281
11373
8003
8050
8003
5776
8003
2327
4610
1573
9499
6491
8644
14054
12569
11725
12569
14071
12569
5162
4431
5171
4431
11164
11160
11774
12515
902
1329
1271
1329
1529
1092
6535
12567
5763
5755
8206
6973
13972
6973
8209
6973
12463
4386
4413
4386
9886
4386
4026
7542
4056
7542
9454
6564
1621
9497
3295
3305
11708
11636
9504
5596
7857
7855
12251
2352
12233
2352
9355
2352
10933
2352
10285
2352
10284
2352
6476
13191
12217
13191
5941
13191
8468
6728
6418
8113
10327
10973
4868
7234
5401
7234
10949
4725
11086
4725
8732
4725
11085
4725
11816
4725
8020
10564
9088
10564
2618
8997
5795
13089
1646
8238
8050
10728
5776
10728
11561
11560
14097
6178
2859
7084
1335
1493
1055
1493
1395
1493
3839
2405
3810
2405
13527
13380
9839
13380
6494
13380
7679
8999
10086
8999
7641
8999
7916
8999
9144
8999
7500
8999
6330
8999
7487
8999
10024
8999
9057
8999
6304
8999
8441
8999
2232
8999
8297
8999
2189
8999
7126
8999
2898
8999
3894
8999
8291
8999
10013
8999
10018
8999
7069
8999
10165
8999
9104
8999
9645
8999
2516
8999
9725
8999
7967
8999
7509
8999
2394
8999
8287
8999
8289
8999
6457
9328
13167
13087
13612
5461
13687
5461
8852
5461
12134
5461
13696
5461
4266
3452
6858
3452
5855
3452
8695
4780
9787
4780
8853
4780
10264
4780
11027
2187
3765
2187
6011
2187
6971
2187
5498
2187
5501
2187
4278
4792
2725
7160
5886
13052
5886
13052
13281
12302
13425
3523
3603
3523
12044
3317
9776
3317
4802
3317
8722
8454
6417
9288
1569
10909
2791
2804
2806
2804
3085
3072
2888
3991
2888
11945
9720
10262
9720
2858
3724
2892
7458
2734
7458
2284
7458
3458
7458
10705
7458
13012
7458
2488
7458
7605
7458
2722
7458
10667
7458
7244
7458
5684
7458
3807
7458
12850
7458
2507
7458
3023
7458
2783
7458
7610
7458
2854
7458
13329
7458
7476
7458
2939
7458
10643
7458
3040
7458
3898
7458
2596
7458
13014
7458
12362
7458
2753
7458
7103
7458
2884
7458
6336
7458
1625
8268
334
302
346
302
128
302
9336
10831
1440
1533
4795
6392
5449
10907
13546
10320
11025
8181
8123
7264
7727
7264
7954
5256
3645
5256
6958
10921
2087
4073
10112
6242
3965
6242
2660
10534
2662
11302
4900
7291
5572
9461
6412
6355
8893
11137
499
257
8113
5328
8113
5328
10218
5328
11834
4453
14065
4453
11242
4453
14119
14095
1813
1816
5348
4747
1385
1061
5054
13780
1992
4127
8254
7041
8258
7041
12427
7041
3654
4749
4724
10178
1075
898
6044
3741
13801
11139
13869
13792
4515
1617
10401
13817
3552
13817
11734
13817
13873
13817
8573
3978
1944
3678
4643
7486
12662
7486
1887
1917
1886
1917
11478
5118
8911
5118
8617
9256
13201
9256
8616
3544
12964
3544
5436
13438
5848
6853
5916
13522
1941
12089
8303
7071
7894
7071
6999
11115
6091
11115
7001
11115
6806
12560
1803
7975
1810
7975
12738
3743
8198
3743
4431
11169
703
601
149
601
9907
3396
4016
7930
4052
7930
4488
1583
3114
3763
13152
3763
9637
5720
13301
5720
4433
11167
12411
11167
13888
11167
13931
11167
12445
11167
205
334
771
334
7698
5288
9670
5288
12086
12087
1339
982
907
982
6125
7005
13810
7005
12564
7005
12332
7005
10078
3564
1763
1784
2069
3291
2971
13274
6615
7820
13879
7820
13994
7820
7258
10591
13078
10591
10987
7331
3589
7331
9396
7331
7763
1708
7345
1708
1753
1760
3189
12052
6078
5008
6077
5008
3296
10094
6849
10094
1782
7167
1788
7167
8647
13164
7275
13164
13236
12281
13177
12281
13286
8050
2767
13257
2664
4643
10531
2783
2782
2783
1604
1605
7854
1605
4375
11005
4216
9651
9279
9651
727
22
13550
2560
13438
2560
13363
2560
13827
2508
4424
2508
3856
2508
3613
2584
3612
2584
13965
6591
11391
11569
3283
2271
4631
2271
2806
11515
7752
2251
9374
2251
7328
2251
3720
2251
11568
11567
3693
2296
4178
2296
2178
3775
13911
13838
12727
13838
4278
10853
4023
608
2492
608
12587
608
5729
608
10931
12636
11138
11071
6832
13283
2670
7115
574
50
32
50
770
50
125
50
11262
12191
14077
12191
12285
12191
6912
7169
7695
11904
8847
11041
805
586
8766
8712
4540
12666
4538
12666
7847
12666
10149
9596
10752
9596
14050
12476
14074
12476
7703
7139
5341
7139
5992
13392
8582
12985
5004
11537
5017
11537
8197
11537
7816
5497
4031
2233
8447
2233
4843
13417
8779
9755
10310
9755
5975
9755
12594
13630
1451
1437
1452
1437
1450
1437
1057
1437
1107
1437
1073
1437
1877
1905
11106
10355
7015
8895
5106
11539
3332
5499
13340
7137
10747
7137
4662
12213
10936
5423
2248
4358
3310
13134
6650
5658
12386
5658
6207
5658
9394
13576
13634
13576
6941
13576
4546
8985
1881
4840
13860
6105
9506
5589
8715
9310
9500
9917
7829
9917
4094
3602
588
732
11989
12146
4539
12146
6945
4903
6953
4903
13593
4903
13395
8666
2546
8666
11556
8666
8232
9911
10421
9911
2184
12712
9393
12712
931
926
1530
1366
888
1366
5646
6625
6653
1558
13714
9827
1801
8476
3676
8476
2656
2655
2609
2655
5405
9686
4850
9686
4898
9686
13199
7745
4046
5274
4053
5274
12287
6171
816
798
5433
13401
9819
13401
6511
13401
7769
9829
9586
6680
3988
6680
13572
6470
4145
9134
6066
6546
6565
6546
5063
6546
1543
8213
14017
5552
13908
5552
5900
5845
8927
9919
11212
9919
5234
9965
12555
14030
11540
14030
4490
14030
1762
1772
12570
12895
9039
12895
4739
10710
5913
8138
9101
11806
5287
11806
396
436
1940
3133
9490
5587
5600
5587
971
965
870
965
131
121
476
121
471
121
9954
9935
12280
9935
5401
11644
5760
3151
8574
3151
6514
8168
511
430
319
430
4962
12101
13945
6141
5385
2801
10972
2801
12217
2801
5941
2801
11634
13405
6357
9164
7640
9164
11354
8281
8731
6440
13741
4979
12143
4979
6068
4979
11097
4979
895
1000
10243
8636
13668
4977
5528
4977
5085
4977
13735
4977
11118
4977
5711
2955
3838
2955
13295
10184
10787
7661
8076
7661
2206
4870
7293
5343
4804
5343
7724
5343
6022
6501
11342
3171
3164
3171
4321
13579
4680
10060
4079
10060
13000
3902
11716
3902
13606
3299
11606
3299
8943
11238
11244
11238
14057
11238
8980
5198
4514
5198
5560
6037
7013
11997
9739
8560
4384
13745
471
263
536
263
2619
10501
12430
5448
13798
5448
12429
5448
5865
4191
6873
4191
12774
821
5308
821
12791
821
12886
821
12862
821
846
932
13847
7396
13847
7396
10806
7246
13486
7246
13175
7246
6887
2399
6883
2399
11379
13531
4354
13805
6573
11999
11723
10440
10363
6039
11170
6039
3390
6039
5551
6039
9881
6039
5398
2134
4878
2134
6486
2134
7723
2134
3113
4522
5614
13801
10419
13801
11187
13801
12975
10680
12937
10680
8882
6069
3082
10470
2996
10546
12763
6015
12762
6015
13789
6015
612
737
366
737
4662
6710
13953
11454
13751
2179
13713
2179
6061
2179
6965
2179
9870
2179
8384
2572
9627
2572
13342
3022
13142
3022
5837
4628
3769
4628
6799
7201
9450
6067
13856
6067
7377
6067
3833
2710
2686
2710
12157
2758
5448
2758
4370
2758
6509
2758
5956
2758
4491
11268
8305
7451
7110
7451
6593
3227
7395
3227
3121
3227
10223
10625
8632
10625
5137
3830
3856
3830
160
791
1716
1737
1726
1737
10302
6482
8800
6482
11952
10039
9077
10039
8210
11078
8212
11078
233
240
24
240
2236
6457
8320
8302
9034
8302
3316
6743
7256
6743
11593
5075
5562
5075
5126
5075
11623
5075
8915
5075
1941
3621
12671
12454
8170
12454
10986
12454
6523
13555
9462
9448
12552
7623
13788
5030
12469
5030
7814
5030
11126
5030
13926
5030
13872
5030
4873
6459
4895
6459
13940
13890
14024
13890
7287
13345
8030
2380
3843
2380
14147
12268
12413
12268
5133
2131
5103
2131
12583
2131
13767
13564
5872
13564
49
639
12036
9198
10745
9198
9353
9198
7147
10037
13269
10037
2727
9089
11448
12238
490
485
10
485
31
485
488
485
277
485
13337
12997
8612
12997
13953
6994
5118
6994
7663
10067
7194
10067
6468
4857
12647
10649
8854
1890
1884
1890
1834
1854
4953
1854
3741
1854
4343
1854
1027
974
6949
4882
5465
4882
22
226
18
226
362
226
893
1090
1330
1090
999
1090
4104
9052
12560
9052
12979
10647
10549
3921
9588
3921
10644
10069
1902
4859
10053
10015
7905
10015
4733
9087
3229
9087
12542
12999
3079
1599
8768
12644
14125
5163
10131
9587
4086
9587
12733
5919
11030
9845
9245
8515
1692
8515
5660
6647
10247
8569
1632
7729
11766
4296
8731
4296
9398
5965
6725
13101
6725
13101
9552
13560
10171
9716
10171
11857
9274
2855
5686
2041
2042
2023
2042
4982
5829
9847
5829
13570
5829
520
555
3862
2062
13504
2062
2830
2853
4791
5827
1920
9191
4308
9191
8189
10994
6572
5911
4908
5911
558
204
7767
5917
9832
5917
8179
5917
9831
5917
13406
5310
6205
6649
4232
8567
7730
7727
3483
9658
4182
9658
4070
9589
4068
9589
13472
10105
4917
8537
2792
7908
4311
2036
4291
2036
4875
9343
3743
4950
5230
10459
6838
13146
9892
6060
6534
13490
13660
4351
13634
4351
11610
4351
8914
8904
8230
8904
12276
11712
12277
11712
4465
6184
13974
6184
6846
13248
8627
13248
10849
13248
4545
10482
7906
7078
7084
7078
1407
1138
1409
1138
6496
2537
9404
2537
11660
2537
5071
2537
8049
10141
6804
10141
5789
10141
5778
10141
10182
10141
10743
10141
7263
10141
4712
10141
5786
10141
10754
10141
6845
10141
10731
10141
9291
10141
12913
10141
13148
3198
3558
3198
5639
5133
11235
5133
7420
5133
10463
10457
12270
10457
10465
10457
1895
1899
1871
1899
3733
13930
3733
13930
4238
4214
4726
10743
11027
3480
6011
3480
5501
3480
11606
3480
5477
11895
13719
5935
9441
5935
11051
5935
10372
5935
11097
5935
1891
8539
6671
12806
6261
12806
2498
12806
2253
12806
3446
12806
12856
12806
12954
12806
13021
12806
2400
12806
9575
12806
13019
12806
2365
12806
7093
12806
5260
12806
928
1323
830
1323
1655
12268
7431
11275
7431
8807
2510
9846
2510
13622
2510
11472
2510
3598
2510
3599
2510
13354
2558
2540
2558
8791
2558
3485
10645
3173
10645
7929
10011
2748
10011
13743
5003
13536
5003
4385
5003
3699
7610
13185
7610
12684
10017
12781
10017
3286
9085
13437
9085
5878
4648
7735
4648
12019
4648
12505
4648
11702
13566
7771
2133
4945
2133
2123
2133
13094
12995
2748
2772
7971
2772
4072
10065
4074
10065
11752
10019
3106
10019
1983
4855
4544
4542
1600
4542
4976
3421
4964
3421
11162
7386
10409
7386
1328
1324
1026
1324
11782
10858
2644
10526
1794
10761
4881
7226
4429
5079
9909
5079
1799
1801
1249
1302
919
1302
889
1302
5035
13807
3874
2151
5438
2151
13226
8700
10627
10035
9098
10035
13769
8872
9025
12790
3029
12790
13045
12790
3192
12790
3324
12790
4576
12790
10053
12790
9024
12790
2780
12790
4608
12790
3186
12790
5717
12790
11570
12790
8311
12790
13092
12790
7090
12790
11923
12790
2694
12790
8315
12790
11393
12790
7892
12790
13072
12790
2683
12790
7072
12790
6223
12790
10525
12790
6691
12790
2659
12790
3511
12790
13082
12790
7529
12790
6229
12790
3281
12790
2930
12790
8997
12790
3724
12790
10501
12790
3575
12790
2676
12790
4568
12790
3471
12790
4581
12790
5275
12790
2627
12790
5706
12790
7454
12790
10632
12790
10038
12790
7905
12790
4591
12790
4654
12790
4579
12790
3038
12790
2829
12790
2743
12790
3233
12790
10499
12790
7068
12790
11324
12790
3425
12790
10620
12790
10083
12790
3535
12790
4606
12790
4835
12218
9346
12218
186
721
53
721
161
721
557
721
584
721
772
721
725
721
744
721
61
721
13624
13569
12390
9960
4950
5428
3269
2171
13518
2171
8817
4353
12621
4353
13811
4353
6492
9361
5436
9361
13363
9361
5970
6455
7756
6455
6480
6455
10973
1955
1889
1955
13771
1955
4968
1955
10404
5077
5555
5077
9905
5077
11403
11402
6080
13747
3749
13747
2778
5323
1579
4458
7422
4458
5171
4458
1577
4458
2334
11762
6564
5504
7380
5504
8207
5504
472
345
1614
10455
1617
10455
13902
11897
6500
5937
12575
13993
980
973
3555
6761
3818
6761
9272
8535
8097
8535
10497
11899
5242
11899
13557
5939
2448
3980
724
182
814
182
776
182
95
182
756
182
496
182
334
182
204
182
23
182
734
182
157
182
24
182
749
182
786
182
4334
4264
5000
4264
4337
4264
10314
4264
8259
5181
5657
5181
3418
13407
11668
13407
13538
13407
1546
12376
6822
10173
8929
11624
12294
11624
1572
10915
3179
12013
10121
10266
5825
1815
8519
6843
8519
6012
9849
4963
5915
3314
3680
11208
3680
8181
5969
11001
5969
7770
5969
11556
7725
10818
8565
8112
8565
11328
8565
11245
5113
5754
10107
13187
10107
2536
4234
2559
3819
3177
3134
5887
6858
8192
6526
11034
6526
13480
6526
324
266
215
266
146
266
6777
10109
3120
9585
3969
9585
4982
9847
826
1050
1204
1050
8200
7780
5083
7780
8882
7780
2114
8517
3688
7792
1739
1758
14186
6645
9967
6645
12427
6645
866
1317
9833
5967
1703
1710
6829
8511
10321
2321
9392
2321
10756
3276
10178
3276
10150
3276
7364
5880
6086
5880
11415
5880
6914
5880
6041
5880
11390
5880
13472
5283
3909
12126
1593
12126
4704
5692
7201
5692
11733
11732
4998
2022
4995
2022
8812
2022
13346
9114
13173
9114
8240
8233
11225
8233
11206
4975
5112
4975
6610
4975
2959
13222
9701
10723
10177
10723
8944
6173
12555
6173
6477
8118
11004
10978
8947
9939
9523
9939
1548
9939
387
39
580
39
391
39
2733
2737
7730
2737
8136
2737
7727
2737
6203
4486
4504
4486
3731
4331
8874
4331
6538
4331
13481
4331
5715
3402
9940
9937
13623
13574
3123
3131
5945
4820
577
777
1618
14152
9965
14152
8975
14152
7314
2455
13576
2455
5950
2455
14066
9504
14062
9504
3293
4930
13151
13126
13247
13126
3812
12732
6923
9323
11807
9323
5817
9283
4399
9880
11250
6629
11431
7747
2853
2854
7533
2854
10282
6886
12613
6886
13212
2287
3452
2287
9282
9692
9255
2890
11430
2890
9741
2890
4729
2890
9302
2890
12098
2890
12472
12762
12472
12762
14188
14125
12639
14125
5195
14125
8685
8616
11910
8616
7090
7453
5706
7453
2413
4082
10871
5847
12691
5847
7307
5847
4352
5847
10978
5847
7758
5847
3344
9967
4877
6894
7593
12897
12614
12897
13937
13893
6612
5585
6146
5585
5130
6109
2030
4291
4549
8989
7258
12899
6839
12899
9286
12899
13207
12899
6849
12899
8109
12899
9259
8987
8462
8987
9185
8987
13716
6107
7014
6107
517
817
9927
9915
9944
9915
5416
5849
1376
1018
11286
9969
1665
8263
7791
11376
13745
11376
6970
10292
8972
8952
5198
8952
12302
6420
5952
6420
6915
6420
9494
12624
14076
6627
9384
7749
9387
7749
8776
7749
13565
9825
14046
6121
3223
3042
13240
3042
13549
4100
13646
6065
7985
6292
11072
6019
11075
6019
8936
10420
13556
3247
7327
3247
4880
3247
8481
10627
4738
10627
2408
3850
3743
3850
4369
2599
5492
2599
7357
2599
2325
3870
2580
10629
11791
11790
2113
10886
13825
7358
5637
11218
6627
11218
10432
11218
7819
6017
11388
6017
3237
6017
11173
6017
1813
3267
13732
6011
7568
8354
10088
8354
5427
10894
3727
3062
13029
3062
4123
3062
1845
3062
13510
3062
13340
3062
10149
3062
13036
3062
4113
3062
13210
3062
8047
3062
2230
3062
1926
3062
10752
3062
8483
3062
10713
3062
8529
3062
10733
3062
13256
3062
8479
3062
3406
3062
3761
3062
5785
3062
13143
3062
10746
3062
4722
3062
4119
3062
6791
3062
5315
3062
13334
3062
4120
3062
10739
3062
10737
3062
8528
3062
4669
3062
4118
3062
10735
3062
13320
3062
4127
3062
8539
3062
8517
3062
7214
3062
3180
3062
3300
3062
12973
3062
10729
3062
10727
3062
8538
3062
9204
3062
6332
3062
5320
3062
10740
3062
3147
3062
8503
3062
11922
3062
1883
3062
4112
3062
10751
3062
8530
3062
4122
3062
1834
1853
1846
1853
4831
12402
4715
13347
835
1410
1409
1410
1956
5361
4936
5361
10889
5361
13684
5361
9042
9004
8344
9004
407
470
95
470
8174
5960
14137
14112
9541
14112
12656
5050
12646
5050
12534
5050
7812
5050
12657
5050
6936
13557
4766
7643
5553
9428
5531
9428
11999
9428
9308
8008
8646
8008
7460
3036
13098
3036
5046
13583
2903
11995
4391
6035
9878
6035
11637
6035
3323
2302
10131
2302
2873
2899
2823
2899
5288
6723
715
376
716
376
451
376
12773
613
9995
613
9994
613
6086
6978
3355
3387
11119
6660
6222
6659
6222
7830
11165
9481
11165
8246
11165
7030
11165
11230
11165
13963
11165
4137
7979
1849
7979
13864
7021
4305
4039
5843
12085
11737
7007
8909
7007
8907
7007
1415
1271
2820
4074
12221
5168
12623
10851
10211
13004
8623
13004
13038
13004
11134
11111
11174
11111
1392
920
5571
13758
7009
9031
7870
9574
7870
12368
3524
10578
3524
1721
9653
1709
9653
2184
13279
2279
4661
11439
2803
4831
2803
10966
5770
9807
5770
12644
5770
3390
11117
11136
11117
11137
11117
2414
7977
3774
3723
9192
3723
8484
3723
11927
3896
3159
3896
4875
4167
13361
3596
13852
11872
8897
11872
13886
11872
3780
5740
3872
5740
4057
11700
4062
11700
9758
10796
7120
7903
11514
7903
6805
6359
8606
6359
2338
13276
1571
9348
9970
7840
3101
7840
4499
7840
7432
7840
11030
10984
11362
5138
12564
12354
783
94
13362
3200
10782
3200
26
422
457
422
442
422
2455
10748
7722
3478
11955
3478
6427
3478
1916
6357
3625
3797
13029
8402
8047
8402
11709
11135
595
607
9613
7073
7527
7073
1892
4745
5902
6382
13613
4147
12756
4147
8703
9759
5793
6748
13332
6748
5313
12989
13093
12989
13973
8897
7802
10357
13097
7135
13868
11073
3705
12616
10145
12616
3683
12616
6784
12616
10143
12616
12346
12616
4064
12616
2037
12616
1995
12616
2197
12616
7618
12616
3644
12616
10153
12616
2458
12616
13233
12616
10158
12616
8477
12616
3531
12616
7622
12616
2124
12616
9196
12616
2014
12616
2346
12616
8500
12616
2013
12616
2290
12616
1929
12616
12409
12616
2153
12616
9206
12616
3126
12616
9677
12616
2189
12616
7637
12616
8476
12616
9191
12616
2036
12616
12748
12616
12971
12616
3835
12616
2152
12616
1976
12616
8470
12616
2518
12616
9676
12616
7625
12616
8472
12616
1864
12616
6331
12616
13011
12616
2105
12616
9178
12616
2376
12616
8497
12616
2147
12616
1921
12616
7204
12616
2238
12616
8039
12616
6336
12616
12325
12616
3786
12616
2027
12616
2273
12616
10142
12616
7809
10382
7159
7522
7132
7522
8396
7522
850
956
848
956
9813
8762
5379
2378
6475
2378
6456
2378
8712
2378
9825
2378
7754
2378
3417
12952
8689
8624
9234
12263
9222
9193
10168
9193
11378
4451
6647
4451
4482
4451
3317
3187
3728
3187
6369
6796
9375
9782
1771
12987
11703
12987
1865
12987
13446
12987
1761
12987
13155
12987
3429
12987
13265
12987
11527
12987
1833
12987
1948
12987
1804
12987
1826
12987
13041
12987
13676
12987
3155
12987
13263
12987
2005
12987
1922
12987
13702
9443
5542
9443
7664
7628
12652
11535
6081
5495
3641
4201
8210
10359
10385
10359
11114
10359
13916
8899
9261
13370
13602
13370
832
1355
3841
6984
2089
9757
4642
2231
13968
11565
12378
11565
8918
11565
8395
7111
11520
11519
12885
11519
8801
1888
4985
1888
6019
11009
1793
1804
1371
1201
4927
5410
5417
5410
12410
5410
2060
2085
2072
2085
288
258
437
258
689
258
5447
12233
13200
13114
8514
13114
2710
7117
6171
5631
6175
5631
2672
7119
2866
13231
10099
13231
7294
10222
265
374
248
374
7688
7165
7694
7165
7689
7165
10212
7165
7245
7165
12999
7165
12908
7165
8084
7165
5331
7165
12241
7165
2653
11511
4393
11021
9815
8732
2024
4246
1236
942
11393
9126
4654
9126
6949
11007
10333
11007
8818
11007
3338
4396
10848
6851
4960
11517
1032
979
5971
12565
11339
13770
14042
12519
3650
5757
3196
5757
13197
7882
13197
7882
11040
5443
3987
2816
3991
2816
14019
9495
10897
4176
5942
4176
10490
1537
14138
5193
12715
5193
1659
11233
9518
11233
7245
5782
6870
5782
5234
7857
12283
12114
5820
13415
12980
6340
13287
6340
3555
6340
6368
6340
3472
6340
11599
6340
1825
6340
3277
6340
1805
6340
1712
6340
3851
6340
1689
6340
1694
6340
12881
6340
1683
6340
13250
6340
1717
6340
3456
6340
7642
6340
4137
6340
13451
6340
5801
6340
3153
6340
3188
6340
2486
6340
3693
6340
3694
6340
3799
6340
6803
6340
7660
6340
1782
6340
1905
6340
7643
6340
4167
6340
4147
6340
3205
6340
4155
6340
4736
6340
1759
6340
3818
6340
1947
6340
1735
6340
4145
6340
6802
6340
3411
6340
3265
6340
4138
6340
3701
6340
4140
6340
3501
6340
4180
6340
1849
6340
3202
6340
4178
6340
13091
6340
13189
6340
4151
6340
7655
6340
1743
6340
8060
6340
1788
6340
1701
6340
4162
6340
1766
6340
4929
12511
797
216
7340
2279
9376
2279
5230
7859
2614
2617
2615
2617
9850
6514
10334
6514
6275
2234
3973
2234
13660
6941
7790
12517
11316
5759
5981
8075
3102
11989
11083
6971
11461
6971
5064
6971
4374
13593
8116
6370
7729
6370
1129
1453
997
1453
1498
1453
3008
3575
11801
11616
5524
11616
5544
11616
10139
2917
10138
2917
2758
2760
2789
2760
12021
11952
8040
2708
5300
2708
2687
2708
4003
8376
5277
8376
11279
11263
2567
4025
6749
9631
3820
3828
2782
2784
12993
2784
9297
13264
7268
13264
9745
13264
9373
6905
7747
6905
12163
6905
2938
11987
6099
9410
1370
1507
1516
1507
7624
12535
9243
13255
10190
13255
11560
13255
2536
4623
13232
2583
9274
2583
8696
2583
2326
8030
8713
9770
3121
13548
1009
1448
998
1448
1532
1448
3682
3764
7434
1584
1548
1584
1556
1584
9539
1584
10650
12872
9056
12872
1560
10897
12700
13598
7351
13617
7351
11068
7351
7730
2605
12722
2605
8123
2605
8635
2605
7727
2605
8631
2605
5944
10905
9957
5653
6194
5653
10306
13358
1763
1783
10723
3563
12343
210
12836
210
4062
210
7587
210
131
650
746
650
7159
7950
7973
7950
12678
3652
5084
4908
7912
11354
3137
11354
12869
11354
3937
11354
9066
11354
3232
11354
3120
11354
3935
11354
11465
11354
3969
11354
4599
11354
8020
11354
13414
11354
3944
11354
9136
11354
3956
11354
9053
11354
7528
11354
2313
11354
4614
11354
3561
11354
7516
11354
3220
11354
7524
11354
11399
11354
8397
11354
7115
11354
9052
11354
2853
11354
7117
11354
11511
11354
7533
11354
3795
11354
3961
11354
11458
11354
9050
11354
7907
11354
9088
11354
3999
11354
7530
11354
8348
11354
9065
11354
3251
11354
3100
11354
2896
11354
7913
11354
2764
11354
9042
11354
3945
11354
8336
11354
3697
11354
3996
11354
8344
11354
4589
11354
5265
11354
3957
11354
11493
11354
3940
11354
13150
11354
4573
11354
9103
11354
9081
11354
3029
3543
10083
3543
13486
8133
12382
10971
1016
1514
1040
1514
1939
7214
12131
8790
806
249
1244
1152
9455
10370
1623
8218
9378
3744
1189
1146
1319
1146
1258
1146
11637
13815
13933
10340
917
837
9682
13085
2150
10514
5753
10514
6740
10514
4358
7296
4768
4729
12132
10941
8176
8163
6528
8163
5987
8163
11712
3541
12574
12004
7752
5348
10244
5348
9847
5348
7328
5348
4991
5348
291
284
3124
3952
4637
3952
6442
4727
2644
8995
10846
9740
3244
2905
4045
2905
5032
11004
11023
11004
11960
11004
8599
11941
13351
5901
12053
5901
5933
5901
1026
1325
8586
13200
6818
13200
10397
7372
2351
4690
2691
11514
13282
12851
8602
12851
2733
8083
1344
1287
1317
1287
911
1287
6729
10095
6851
1993
4755
1993
8943
13915
12483
13915
11244
13915
13941
13915
14057
13915
5803
13119
12262
13119
796
774
6836
13165
151
296
775
296
798
296
555
296
16
296
751
296
332
296
153
296
5388
11340
11341
11340
8125
11340
4718
5300
8598
13117
12233
4306
10933
4306
7115
6233
4573
6233
5322
4105
11427
4105
11615
9836
8832
9836
10662
7114
9682
7114
6466
7114
794
525
3192
13111
11393
13111
1559
13153
3152
13265
3152
10874
12984
4825
12984
7312
12984
5582
6987
11162
6987
11161
6987
4340
9754
11751
11905
12928
12796
11821
12796
13398
12796
8487
12796
9207
12796
9199
12796
3117
12796
3627
12796
13039
12796
5373
8627
8028
8420
5487
6952
13956
9866
10367
5946
10326
5946
12393
5946
5467
5946
5031
5946
13783
5946
5280
3298
12375
3298
4636
3298
7158
6263
4632
6263
8871
5056
7827
6616
4715
3506
6582
13694
3937
7898
3961
7898
11371
11370
6117
8886
12205
8886
7086
13135
11579
13135
8713
8629
8770
8629
13270
8629
6097
6989
5308
11971
3132
12748
13331
12748
13961
8894
11309
8894
11310
8894
6198
8894
5645
8894
4432
8894
6067
10354
4127
10616
3180
10616
1819
1826
13221
13073
3751
13073
10341
12382
5007
12382
12269
12382
1409
1230
2463
4117
2068
4117
2109
4117
9718
4117
2159
4117
12990
4117
2168
4117
2130
4117
2375
4117
2341
4117
2144
4117
2223
4117
1981
4117
13216
4117
2397
4117
10187
4117
12930
4117
2136
4117
9732
4117
2200
4117
2098
4117
2157
4117
13098
4117
9727
4117
6810
4117
10194
4117
6016
10989
9573
2877
8306
2877
5773
9208
5317
9208
5310
9208
13421
12357
13047
12357
13153
12357
1873
12357
3363
12357
3206
12357
11469
12357
13140
12357
2003
12357
3359
12357
1812
12357
12878
12357
3798
12357
12959
12357
3317
12357
3621
12357
3131
12357
3764
12357
1927
12357
3869
12357
11749
12357
3766
12357
12950
12357
12983
12357
13205
12357
13335
12357
1756
12357
13152
12357
1850
12357
1790
12357
13174
12357
13258
12357
3728
12357
13357
12357
6887
2398
12466
2398
11912
6354
9273
6354
5336
6354
2250
2280
5880
2280
1226
1098
1262
1098
1626
1627
6014
10987
3749
12359
1538
861
2761
7533
2660
2676
10383
6026
9584
8292
9602
8292
12063
10952
518
291
9361
10263
4733
7563
3537
7563
8755
8723
3183
2976
3707
2976
10254
10233
9762
10233
1825
7974
4180
7974
400
637
215
637
327
637
11142
11114
10390
11114
567
134
3660
13009
11924
13009
1878
1927
12157
2759
11532
2759
4884
2759
4370
2759
9541
8978
13828
7004
5598
7004
11998
7004
3218
2994
13508
2994
3039
13007
3520
13007
3950
13021
5266
13021
14014
12222
4272
2178
5028
2178
11500
2178
8139
2178
5519
2178
6932
5412
7760
5412
5956
5412
14144
14132
6643
14132
5661
14132
14145
14132
7416
7406
2175
3687
2536
4568
5711
10026
3979
10026
5107
12009
1374
1040
1426
1040
897
1040
901
1040
892
1040
890
1040
899
1040
1106
1040
880
1040
894
1040
1082
1040
888
1040
878
1040
884
1040
1085
1040
6400
7235
1165
1473
1485
1473
6378
10565
7252
10565
7672
10565
9311
4724
11408
10519
11409
10519
12320
10519
508
38
5321
4662
12059
4662
8526
4662
13182
10517
9364
10517
5854
10517
5189
4472
13537
12007
12582
3886
3881
3886
14157
5208
12771
500
12769
500
10568
500
11936
12021
12504
12021
9106
7085
3985
7085
489
81
5632
11222
11323
10511
7499
10511
104
592
555
592
561
592
587
592
5839
7211
7101
12073
11602
12073
3812
9412
11383
11382
2804
3714
1687
1695
4642
4632
10721
11357
13633
11357
13574
11357
5350
7217
13239
8455
9303
8455
2132
3327
4197
3513
10197
7219
5847
7265
6185
11359
6188
11359
5174
11359
7143
10535
3222
10535
566
16
6903
6872
5738
6700
6299
6700
1624
4538
2798
3987
5917
13607
2692
13607
5393
8122
6444
8122
2175
11984
4869
7736
58
795
7364
6535
13734
6535
6041
6535
4336
8761
6092
2427
11107
2427
5978
2427
1193
988
910
988
13462
10872
13086
12905
4005
12905
11647
10700
5218
11796
5219
11796
3270
2967
3560
2967
13567
5836
5418
5836
1597
1598
1596
1598
5418
4893
7722
9300
11955
9300
6427
9300
5850
2832
11483
2832
2833
2832
8114
2832
461
315
326
315
6767
2495
9215
2495
6913
12370
7394
12135
6996
12135
13705
12135
4410
12135
4423
12135
8890
12135
7820
6095
10314
2947
8784
2947
13131
12971
13237
12971
11144
11748
12638
11748
3396
11748
4707
4040
8044
4040
2657
4040
7627
4040
11174
9901
7294
8645
4823
8645
13806
6517
13883
5088
6688
12941
13101
12941
2838
2866
873
963
11548
12514
4361
11851
3641
3199
599
10
11982
11085
1431
892
12628
1898
9872
1898
5039
1898
5034
1898
13881
1898
7419
14015
6182
14015
4467
12119
5186
12119
7072
2647
11324
2647
13289
12165
12417
13294
6025
13294
6937
13294
13594
6511
4227
12340
12676
7854
11785
12117
12118
12117
1962
5866
7077
2667
8284
2667
7429
9946
11469
2061
3621
2061
3092
3096
9550
3096
8072
8526
5768
5754
10290
5754
12033
5754
12108
8858
4386
7766
6572
6565
12681
12111
2409
13291
2600
2846
2843
2846
6947
6519
14141
6519
5629
6519
6006
2196
2195
2196
3848
8340
4644
8340
2335
2351
2334
2351
1680
9275
12505
13615
13184
7518
5592
5573
3655
4239
10445
8941
1943
3869
8641
13282
10224
13282
3958
2491
3245
2491
7346
12645
4350
12645
10328
12645
105
404
1799
5964
7175
7956
13768
9844
586
531
8564
8514
5822
7612
11437
12526
5739
12858
10602
12858
7173
10104
1960
4237
2352
3849
7775
4998
4389
2600
4780
2600
10240
9230
8121
9230
12388
2371
3804
2371
2802
4099
12633
10995
6148
8905
9528
6185
12005
6185
4441
11627
11628
11627
11611
5509
4769
6376
7293
6376
6955
4983
11335
11420
11421
11420
6548
9390
13693
9390
5019
9390
11276
14131
5661
14131
14145
14131
9538
14131
6206
14007
9992
9991
3834
2900
9143
2900
854
969
926
969
2921
12761
1342
938
946
938
5419
4267
8174
4267
4100
13393
9453
5521
1992
4215
9212
3011
9181
3011
8198
4269
7433
8971
5198
8971
4669
9606
8503
9606
13543
5934
4604
11894
8298
11894
2648
11894
5256
11894
12880
11894
2339
11894
3814
11894
4578
11894
6676
11894
10248
10218
8929
11629
13978
11629
5535
5507
4176
2333
12256
2333
4742
8370
4135
8370
11867
10790
14038
11886
5146
11886
11533
11886
1205
1354
1466
1354
13841
13793
2351
3631
9467
5074
6061
12455
12138
6218
3930
1397
12193
1397
10075
1397
8160
9776
13423
6790
8833
2121
11039
2121
6056
2121
9912
10376
9911
10376
8785
5332
3092
11292
1589
11292
13102
3433
6872
3433
5859
3433
13
442
449
442
137
442
4641
3451
9421
11978
467
660
667
660
486
660
2481
3692
4478
11723
10452
11723
5390
5362
1533
890
7006
6995
3389
3391
11989
3391
10586
10014
9614
10014
9611
10014
10607
10014
3842
10014
10572
10014
9615
10014
9618
10014
10630
10014
5739
10014
11674
10014
10598
10014
3168
10014
9621
10014
10617
10014
3372
10014
4633
10014
10634
10014
3283
10014
12031
10014
3248
10014
4626
10014
3847
10014
9110
10014
10622
10014
9100
10014
9101
10014
9089
10014
10627
10014
5754
10014
3492
10014
9084
10014
9078
10014
9075
10014
3282
10014
10600
10014
9077
10014
5287
10014
9074
10014
4627
10014
9056
10014
4629
10014
10610
10014
3105
10014
13109
10014
9095
10014
9098
10014
8316
10014
4631
10014
9108
10014
3361
10014
5724
10014
9068
10014
3569
10014
642
259
2
259
402
259
14171
14162
1360
1515
1466
1515
11515
4716
3213
3931
3809
3931
6270
2889
3181
2889
12124
13523
12124
13523
2622
3471
10064
9009
11746
3756
4853
3756
11019
3756
4965
3756
10089
3934
7108
3934
5391
12978
4306
9332
1346
1132
6936
12723
2933
3979
13561
4802
1686
1691
7411
11126
13286
5776
12721
10732
9084
9021
10610
9021
10481
14172
7442
14172
7850
14172
1609
14172
7852
14172
7855
14172
7854
14172
7853
14172
7851
14172
515
819
6126
8222
5147
5142
8384
7876
7952
7876
3561
9007
8336
9007
6415
6402
3975
8357
5277
8357
2252
10897
1298
1281
1510
1281
8255
11455
8258
11455
14186
11455
1638
11455
1704
10762
453
643
4168
8382
3296
8382
1942
1991
1998
1991
4044
9073
13457
9073
6030
6014
1703
1709
13279
4260
9795
3679
10864
3679
9796
3679
6435
3217
1969
9362
8415
10624
6414
12292
9750
12292
8948
3820
14120
3820
5714
3012
4622
3012
1983
3180
2810
10899
4129
8359
3810
8359
4320
3634
2831
7988
13658
8796
2815
12627
6685
12627
3020
12627
6684
12627
13316
12627
8346
12627
4605
12627
10057
12627
9061
12627
2363
12627
2908
12627
2836
12627
10047
12627
2364
12627
2460
12627
9058
12627
2143
12627
10062
12627
9057
12627
5704
12627
2254
12627
2879
12627
3056
12627
2949
12627
2878
12627
10048
12627
5707
12627
7536
12627
2470
12627
2405
12627
2380
12627
10067
12627
2917
12627
3563
12627
2495
12627
3011
12627
8359
12627
2221
12627
12870
12627
7122
12627
7535
12627
7537
12627
2907
12627
6690
12627
2570
12627
2519
12627
10068
12627
3788
12627
2965
12627
5696
12627
9583
12627
2886
12627
2199
12627
3040
12627
3832
12627
2869
12627
13315
12627
10073
12627
10113
12627
2382
12627
5264
12627
8347
12627
2173
12627
10056
12627
9581
12627
360
248
806
248
5230
6628
6624
13873
12420
8984
13828
6104
5616
6104
12580
13907
5930
6899
12273
6899
10890
6899
4304
11761
823
232
8228
10402
3350
9964
3128
6897
7347
6897
5951
8748
8778
8748
1827
5844
2844
9573
12989
12894
1494
1126
1130
1126
939
1126
6397
2102
3708
2102
9688
6762
2822
4581
2793
5275
13652
2509
13548
2509
13679
2509
3598
2509
3599
2509
11788
7744
10953
7744
13458
7744
9857
7744
14178
12629
9988
12629
7656
12886
12945
12886
9691
12886
13025
12886
9228
12886
4721
12886
1924
12886
9232
12886
7650
12886
13260
12886
7641
12886
7652
12886
6364
12886
8502
12886
1862
12886
8547
12886
2016
12886
5783
12886
9240
12886
2056
12886
1949
12886
12955
12886
13228
12886
12888
12886
9694
12886
8543
12886
2126
12886
5784
12886
12726
12886
10159
12886
7669
12886
12164
12886
7661
12886
8515
12886
10171
12886
8535
12886
13119
12886
7219
12886
8534
12886
7215
12886
8546
12886
10183
12886
8522
12886
13329
12886
9241
12886
3071
12886
1925
12886
9696
12886
1730
12886
10175
12886
13035
12886
9238
12886
13046
12886
7670
12886
4131
12886
1837
12886
2017
12886
8065
12886
7653
12886
10163
12886
9211
12886
3615
12886
1736
9135
1745
9135
13212
7126
3769
7126
4061
4057
10771
3205
7304
3205
8590
3205
5156
9507
4523
4513
7844
4513
13186
6732
7682
6732
5820
6732
8549
9165
8510
9165
4035
9119
8482
9119
8804
2252
3826
2252
11015
2252
2174
2252
4982
11645
9847
11645
13570
11645
7419
9934
6182
9934
8852
8851
1551
9521
6195
9521
8920
5606
11625
5606
8919
5606
4192
4600
3140
4600
11798
11858
13522
11526
7677
7993
7646
7993
3171
9111
12185
9111
6534
5991
4643
9117
4896
5390
12002
9509
1747
10185
1757
10185
1357
1511
1354
1511
879
1511
6076
6064
6094
6064
8075
8056
3206
10712
3798
10712
2706
9041
11460
11459
255
272
330
272
8671
3835
13331
3835
2859
3492
4480
12710
11872
11743
4084
8355
3340
8355
8164
10895
3044
1031
8413
11457
10599
11457
5261
11457
10687
11457
2020
11457
2551
11457
13066
11457
2585
11457
8335
11457
10076
11457
1995
11457
2363
11457
12889
11457
8374
11457
3464
11457
7247
11457
9593
11457
2388
11457
10094
11457
8455
11457
2102
11457
2467
11457
2520
11457
10175
11457
2305
11457
9647
11457
2082
11457
7109
11457
6323
11457
10696
11457
6696
11457
13033
11457
2316
4038
9921
13830
3079
1600
4912
4898
8701
9312
5850
11482
11483
11482
8114
11482
1895
1900
1897
1900
433
247
719
247
289
247
7154
10091
7154
10091
11945
3479
13848
4372
7701
7690
1858
7690
2997
3434
4738
13500
6090
5083
6090
5083
684
176
9570
9005
5686
9005
13857
8853
4964
13638
14016
11994
12297
6034
10898
7306
7743
7306
8594
2011
8559
2011
8086
9071
8571
9071
11703
2379
13516
2379
4001
9571
3279
9571
13379
10152
12561
12501
11629
11649
5793
9169
3454
9169
8190
4974
6548
4974
13641
4974
13693
4974
8193
4974
5019
4974
6311
9115
9734
10187
1961
10187
2827
4563
10524
4563
584
757
476
757
12029
2334
9835
2334
10378
2334
4975
2334
598
324
14013
14005
8247
14005
3465
14005
8716
10189
11262
9505
14077
9505
12285
9505
1656
3881
3184
3881
3306
3881
3767
3881
1624
3881
1663
3881
1643
3881
1644
3881
1664
3881
1653
3881
1542
3881
3739
3881
1654
3881
1666
3881
3113
3881
14189
3881
3101
3881
1649
3881
1669
3881
3742
3881
3177
3881
14176
3881
1628
3881
3075
3881
3305
3881
1627
3881
3102
3881
12139
3881
1647
3881
1667
3881
1657
3881
12138
3881
3215
3881
1625
3881
1665
3881
1651
3881
1633
3881
3098
3881
3074
3881
1544
3881
1642
3881
1622
3881
1661
3881
1546
3881
4765
12440
9308
9167
9301
9167
1241
1308
4831
11647
1757
8591
1760
8591
1071
1216
876
1216
1155
1216
874
1216
5578
3121
9466
3121
5137
3121
3910
5203
3911
5203
13554
6895
7781
6895
10815
9250
11818
9250
12228
9250
5607
5584
9492
5584
2279
13430
5026
12546
12958
12470
11350
12470
6927
12078
6414
5277
8715
5277
13701
9400
12680
2755
9137
5652
14001
9946
14001
3556
13592
11036
12625
7778
12625
7788
12625
13261
9139
8801
1889
8830
1889
11033
1889
8185
1889
98
60
256
60
12318
9824
11006
9824
12178
9824
11622
13990
9915
13990
2246
6712
5316
5279
1544
4533
3077
9541
13681
13617
11202
9914
8916
9914
1660
10454
6215
10454
13532
6806
11321
6806
1840
4217
5796
9203
3968
2400
5269
2400
1565
7632
5737
514
8393
514
11803
514
6264
514
4574
514
7340
2278
9376
2278
733
382
320
382
481
382
12597
11470
14128
11546
4495
11546
6839
13078
4399
5505
5170
6189
14067
6189
7336
4211
11862
8909
4967
11680
6184
13901
2846
8320
11862
8907
275
145
11626
11625
14040
6187
12550
6187
3727
7538
10729
7538
14110
14090
12211
14090
5029
8831
10374
8831
11081
8831
8175
10268
1010
1007
1517
1007
6629
6152
6193
6152
9300
8534
9268
8534
10199
7146
11449
7146
2119
4219
8246
8921
8228
5571
13607
2691
2680
2691
4951
4265
4952
4265
1031
1353
11044
8564
12517
8564
11343
8564
2245
8564
2704
2709
10876
7724
12027
5914
10318
5914
9382
5914
5232
3829
3755
2991
8692
2991
2216
4235
1645
8973
9475
5541
12135
11501
3791
12649
2237
12649
6342
12649
2358
12649
1923
12649
7182
12649
1977
12649
2381
12649
2256
12649
3578
12649
2156
12649
4048
12649
2292
12649
1986
12649
11307
12649
13514
12649
5335
12649
2390
12649
3952
12649
13021
12649
1864
12649
2473
12649
2015
12649
2433
12649
1931
12649
2039
12649
6256
12649
4131
12649
2373
12649
2076
12649
3457
12649
1563
7568
6923
8728
11412
5824
4972
9279
1674
10238
7811
4406
12709
4406
11490
4406
8189
10997
1059
850
13954
13905
9408
11440
11978
11440
11905
5400
13894
10999
10313
2180
10980
2180
13436
2180
8790
2180
13272
2180
4141
2012
8559
2012
11920
9277
2323
2331
12394
2331
4882
2331
9580
7101
7531
7101
7527
7101
11995
7101
9584
7101
3942
7101
11495
7101
3955
7101
9591
7101
7186
9584
6302
9584
9648
9584
9131
7472
9619
7472
10145
7472
6673
7472
9232
7472
9711
7472
6679
7472
6674
7472
9247
7472
10025
7472
10047
7472
13398
7472
10528
7472
6242
7472
5274
7472
9589
7472
9275
7472
7087
7472
7513
7472
9575
7472
8431
7472
6239
7472
6747
7472
5285
7472
9094
7472
10181
7472
9623
7472
5749
7472
5296
7472
9130
7472
10530
7472
8480
7472
2526
12647
11974
6644
8256
6644
29
43
613
43
70
43
11544
5250
4567
5250
6828
5250
2732
7662
2775
5312
8223
6999
100
609
2440
9084
11115
11101
1534
1012
1048
1490
1316
1490
9284
9160
13271
9160
10694
10644
5800
10644
13664
3633
13629
3633
3811
3951
3199
3951
413
571
193
571
268
571
11794
8088
8167
8088
4648
3971
4331
3431
9770
3431
3111
3431
6432
3431
8028
13591
2137
4766
11016
4766
5982
4766
9410
4766
1699
3102
13069
12994
4043
6238
7160
6238
10902
4854
1828
4155
6597
6997
8898
6997
1028
1241
5360
10064
10625
10064
3178
8392
6386
8392
4590
10034
7110
10034
10925
3300
5395
3300
5789
6268
6850
6268
13935
11146
7421
12459
9384
3671
9387
3671
2439
3671
8776
3671
14092
8242
5130
5122
2263
4736
10915
6454
11711
11710
5603
11710
8132
10806
11351
12743
2040
3651
3976
3933
7935
3933
318
4
4806
12457
5586
6091
11778
3556
10954
3556
13817
3556
5022
3556
2864
7893
12253
12482
8699
3367
13239
8459
8615
8459
1965
7267
899
964
1075
964
8966
14101
9964
14101
1662
14101
4821
2993
8692
2993
6424
2993
13608
2993
11010
12242
6946
12242
13383
12242
2661
10537
4154
7983
4136
7983
1170
948
956
948
969
948
968
948
6641
12392
12434
12392
6642
12392
1771
9672
1761
9672
9505
12041
5482
6001
11695
10904
11621
9462
3392
9462
9465
9462
12543
2152
13310
2152
232
410
3001
3487
4189
2559
4801
2559
12561
2559
13683
2559
13342
8482
9233
8482
3937
10539
3697
10539
12072
11355
11992
11355
12003
11355
5424
8743
3136
7215
3315
7215
13267
6302
9147
9578
8011
9578
3347
12988
8457
4161
8457
7284
7269
1885
4956
5027
6046
5847
13160
5357
10569
5386
10569
1602
7052
5217
7052
2859
10515
10996
2202
2187
2202
13664
2202
4348
2202
8127
7239
9747
7239
6649
12005
14135
12005
10373
13582
5904
4007
9244
3255
8723
3255
10267
3255
1612
4518
12982
7087
4579
7087
8598
13084
13424
13084
8927
11191
4540
11191
5131
11191
7517
8994
11898
8994
13650
9432
11434
12071
8873
12071
8877
12071
12736
12071
6571
12071
12327
12071
5255
7089
6712
7089
7705
7237
12660
7237
3754
7237
12659
7237
3738
13938
11232
13938
11724
13938
10687
11853
9131
11853
2475
11853
10703
11853
2444
11853
3619
11853
10128
11853
9663
11853
1904
11853
2229
11853
8025
11853
4024
11853
3574
11853
13365
11853
2149
11853
9170
11853
7176
11853
3540
11853
8419
11853
2270
11853
2228
11853
9155
11853
6301
11853
5750
11853
2343
11853
2937
11853
7992
11853
10667
11853
7180
11853
1986
11853
13123
11853
7611
11853
2468
11853
2044
11853
9164
11853
13126
11853
5757
11853
7993
11853
2476
11853
10666
11853
7995
11853
7989
11853
2361
11853
1982
11853
2362
11853
2528
11853
7984
11853
7185
11853
10702
11853
2300
11853
5743
11853
2074
11853
4655
11853
9152
11853
10135
11853
2045
11853
5291
11853
10670
11853
5745
11853
2107
11853
2501
11853
2394
11853
10676
11853
3027
11853
3729
11853
13125
7998
7706
7998
3797
10567
3803
10567
3431
4612
14090
12115
14084
12115
9341
13299
8660
13299
9340
13299
14027
12169
14078
12728
14069
12728
10166
7191
11336
7191
3638
7191
3069
1877
10951
1877
8670
1877
1859
1877
6058
5490
11518
5490
5514
5490
11133
11089
2099
3706
12334
12564
11243
12564
6183
12564
2329
8649
13841
6567
5072
6567
13952
9494
5633
9494
462
416
214
416
480
416
6678
2826
3677
2826
9777
12973
10878
12973
12618
12973
3604
8647
13967
11591
6576
6569
7783
6515
5036
6515
5011
6515
12468
11052
8991
1535
7485
13223
11503
13223
4957
5926
10970
5926
10981
5926
3680
1676
7292
7716
6989
11087
2626
2627
6190
12167
11576
5816
9315
5816
11939
5816
489
565
152
565
2997
9078
5097
6097
13603
12137
13603
12137
3372
2467
5754
2467
3613
2927
3712
2927
1739
1759
12992
12909
2139
6539
5822
8074
8101
8074
12029
10302
9835
10302
3141
1976
4308
1976
1365
1359
1268
1359
11349
12534
36
37
2308
3178
8012
2387
4032
2387
6908
9702
12646
13917
9225
12921
12404
12921
10744
12921
9422
6537
7792
6537
11595
2447
13651
2447
12744
2447
1639
12139
7818
6099
5615
6099
12145
6099
13918
6099
2322
4015
2796
12320
7251
12907
10811
1994
8140
1994
6452
1994
6465
13296
12243
13892
7674
12831
1751
12831
12860
12831
10202
12831
13661
12831
1817
12831
8096
12831
10785
12831
1867
12831
7685
12831
5869
12831
2053
12831
8580
12831
7681
12831
6821
12831
2275
12831
7248
12831
9709
12831
1852
12831
7729
12831
1695
12831
9275
12831
10762
12831
7690
12831
1994
12831
2031
12831
1792
12831
2261
12831
1875
12831
10214
12831
2367
12831
1952
12831
4179
12831
1775
12831
6828
12831
8094
12831
2240
12831
1809
12831
2315
12831
1911
12831
2250
6904
12374
3818
8081
3818
10273
3818
6049
13690
5669
6213
7441
6213
8088
8546
11942
8546
1559
7134
4299
8470
1801
8470
10332
9816
8708
8680
12671
8680
10986
8680
2419
13137
12693
13601
11692
13601
2940
11909
356
638
12045
9926
12182
9926
6625
9926
396
681
689
681
5528
5494
11129
5494
5526
5494
13803
11534
13682
11534
7800
11534
10403
6985
6614
6985
8831
11921
11240
14017
12419
14017
6178
14017
8312
13139
11579
13139
10972
6476
12516
11907
5719
11320
12996
11320
8925
9490
5636
9490
14042
13992
10835
8625
13484
8625
10254
11831
6406
11831
9762
11831
6017
13699
8674
7260
6425
7260
4568
6666
4606
6666
11822
7802
13832
7802
13863
7802
7259
13115
11926
13115
8273
1376
6408
13169
12200
11728
12181
11728
13980
11728
4656
10560
5276
10560
11255
6636
12492
10099
11140
13696
1233
1158
7604
5702
3690
5702
3477
2695
2682
2695
497
174
91
174
555
174
525
174
796
174
742
174
3996
3376
4124
2221
9686
2221
4902
11564
3227
11973
12436
8501
5220
12591
11294
12591
9981
12591
1275
975
10337
4876
8804
4876
6950
4876
11015
4876
12188
4876
13779
4876
12065
10097
8616
8440
11909
8440
3331
7164
8584
7164
3628
6281
7960
6281
8764
13605
11440
13605
5453
13605
12066
8142
6912
13167
13557
13167
6911
13167
608
799
13711
5578
5214
12160
1968
1967
4359
1967
4366
1967
9386
1967
8483
13005
11922
13005
9806
10281
8152
10281
12235
11164
12275
11164
5623
11164
1440
1247
1088
1120
4992
12084
4614
7513
6265
7513
13330
2476
13245
2476
11061
5462
5548
5462
4405
5462
13983
5462
5546
5462
2649
10001
10541
10001
4392
6560
4684
10636
3321
10636
2099
3713
2648
5672
11984
13071
1918
1947
8621
12853
8563
12853
8939
14038
8531
7600
3204
7600
1820
1832
13865
4993
3174
2598
4362
2598
9634
3514
13055
3514
1646
1647
4576
2898
7510
2898
6948
10985
11043
10985
11879
11242
808
222
3087
10476
8177
5432
11011
5432
6693
11392
10558
11392
3791
11392
7106
11392
2158
11392
10553
11392
13314
11392
6276
11392
13066
11392
7910
11392
2496
11392
2360
11392
6254
11392
8334
11392
8364
11392
10055
11392
3060
11392
6694
11392
2904
11392
10554
11392
13176
11392
3058
11392
6258
11392
3288
11392
9048
11392
2494
11392
10593
11392
13313
11392
2958
11392
9594
11392
2344
11392
10544
11392
3423
11392
2983
11392
10547
11392
10580
11392
10545
11392
10548
11392
2918
11392
2880
11392
3023
11392
9589
11392
10065
11392
3042
11392
5740
11392
8340
11392
8355
11392
3951
11392
5702
11392
10046
11392
2957
11392
10563
11392
7534
11392
2094
11392
7118
11392
6686
11392
4620
11392
8362
11392
4585
11392
7911
11392
2516
11392
7915
11392
4584
11392
2165
11392
10579
11392
518
253
4807
13041
10845
13041
1865
1866
1850
1866
11569
4988
5075
4988
5495
4988
13781
4988
8488
10666
8059
10666
1836
1846
1843
1846
6418
10213
11171
11134
4779
4744
4779
4744
11491
7581
6764
7581
6413
2096
3708
2096
7066
3061
13216
3061
11685
8710
7759
12355
3219
10046
4096
10046
3356
1667
5871
13493
13597
13493
12032
13493
2407
4302
1143
962
711
439
451
439
3515
2957
10109
2957
6493
1729
7768
9832
4642
9075
2422
11453
10415
14165
7009
14165
4425
14165
959
893
7387
11747
11967
11747
2437
11749
12176
7376
10391
7376
7393
7376
81
262
10475
14121
5666
14121
5297
9030
4223
2033
3678
2033
7491
2720
2703
2720
13451
2051
3799
2051
6155
6612
6168
6612
11191
8882
6137
8882
10457
12118
7431
12118
3866
12725
3221
12725
463
390
13862
5089
11535
2856
2841
2856
10755
2856
4731
2856
12479
8857
12478
8857
11168
8859
4416
5087
11020
6518
11523
6518
12037
6518
3841
6518
13728
2657
4190
2657
4159
2657
2651
2657
12345
13974
7092
12780
7519
12780
739
685
198
685
1734
12792
9228
12792
1874
12792
7170
12792
10570
12792
4604
12792
9155
12792
2009
12792
8378
12792
1851
12792
8476
12792
10174
12792
10584
12792
4620
12792
8429
12792
10994
2071
10995
2071
10997
2071
12610
2071
5994
2071
8173
2071
1843
6956
7794
9862
11410
9862
5972
5942
11691
5942
5619
3338
6607
3338
13934
3338
8906
3338
11567
3338
6130
3338
4401
13823
4401
5052
5490
12008
5210
5207
14121
5207
505
544
9521
14066
9950
14066
12698
11643
5123
13957
5697
10518
10565
10518
4999
12610
8769
9163
8537
9163
4324
9163
8841
6022
8840
6022
9424
6022
8848
6022
904
935
1264
935
7525
4569
9054
4569
7421
12431
361
418
22
418
4270
3225
6416
3225
10125
8296
7154
8296
2245
10956
10258
13423
8661
13423
4233
13423
14168
5221
12669
5221
12666
5221
1616
4515
5255
4567
3617
4567
4146
10183
10778
10183
12892
10612
12630
12386
12629
12386
4498
12386
495
17
93
17
3912
5378
2438
2439
2438
5120
13983
14029
13983
9982
5191
9537
5191
13373
7995
13515
7995
12150
5209
4509
5209
11340
5344
10693
8351
4598
8351
5986
4904
13621
4904
7794
4904
7257
3612
6841
3612
3110
3034
4609
3034
1668
9530
9956
9530
13703
13648
3080
3079
7440
14161
5670
14161
5227
4537
14172
4537
46
70
788
70
8961
12226
1581
12226
4531
8950
9849
5416
5988
5416
13705
8214
8890
8214
3643
9133
8512
9133
11721
2122
3237
2122
5103
2122
5780
5273
8614
2529
3433
2529
1656
4539
8160
5890
9949
14069
12015
14069
13347
9575
5269
9575
7246
7218
1076
1251
12645
11358
4394
13762
4394
13762
11671
7790
7371
7790
11907
7790
6546
10988
3600
2581
2556
2581
4935
2581
2414
9209
9799
9344
2264
4666
4485
4476
574
636
458
636
125
636
1876
4985
9462
4985
11352
8840
4466
6183
8938
11226
6619
8903
6139
8903
11205
8903
11698
7402
10441
7402
7033
7402
6408
9221
1279
1166
3029
10022
3038
10022
12115
13969
8575
10744
1899
4213
12082
12358
4530
12358
12011
5134
8922
5134
12575
5134
11987
9207
12761
9207
3521
3031
8579
3031
13435
13008
3520
13008
1437
1512
2747
2769
11153
13966
3480
13362
4819
4182
4224
4182
3362
4182
8955
5164
12094
5164
5187
5164
13469
4281
14190
8979
901
1139
1074
1139
12265
5575
13835
5575
6620
5575
3876
14057
9807
12643
12644
12643
13709
11610
12707
11610
13620
11610
11510
11610
3398
11610
6457
6876
5092
9890
6104
9890
4782
9273
12611
11431
11432
11431
10348
11431
135
229
329
229
10433
8870
13870
8870
6111
8870
1876
10993
11059
9416
12022
11386
1723
1735
9970
8977
4507
8977
13148
4636
8885
5530
5200
14083
2736
2749
392
630
70
630
3075
1638
5777
2792
4325
2792
10169
2792
10757
2792
5043
2535
13659
2535
5402
2535
4327
2535
10405
6993
12661
6993
6134
6993
9110
13118
3492
13118
11726
11725
7054
1549
4231
3142
5852
3142
11377
4560
3584
4560
4179
4560
2181
4000
4828
8126
14143
3911
2427
7732
6518
7732
1569
9293
3789
5829
3789
10820
3789
611
561
2857
3162
5192
11780
1586
11780
12318
10876
11006
10876
12178
10876
7838
14074
9965
14074
5912
5832
12981
11792
12981
11792
2133
5862
2665
7897
11257
9942
12767
811
11424
811
5830
3136
4934
3136
4747
8522
9250
8522
7342
7762
13619
7762
10988
7762
13718
12453
1582
14175
7430
14175
1583
14175
1581
14175
6338
6744
2112
3611
2406
12747
778
297
12301
6988
11947
12749
10346
12749
13816
1781
5977
1781
3747
3274
5323
7624
976
1296
2326
3239
1935
1938
1933
1938
4633
7899
9100
7899
2998
8628
6170
3307
5142
3307
3768
3307
1172
1070
1051
1070
1367
1070
1505
1070
9303
8453
13371
8453
6205
14135
7222
7616
5391
4174
1670
12522
5191
12522
9968
12522
11335
6898
8779
8747
10310
8747
5975
8747
2607
2640
2639
2640
6367
7989
6357
7989
1970
4139
4714
12075
7912
2814
3561
2814
5474
2236
6544
2236
13628
2236
13675
2236
6030
2236
5585
12030
13878
12628
1905
7987
4140
7987
2654
10533
12499
8749
4891
7952
4039
7952
7317
7263
5900
7263
441
303
670
303
4069
10563
4073
10563
11450
9602
9222
9602
10168
9602
4175
2262
13065
2262
10991
10974
8116
7233
10238
7233
143
141
145
141
15
141
492
141
5850
8114
5850
8114
13377
11857
9779
11857
11858
11857
12984
4067
4692
4067
1232
1095
907
1095
885
1095
2266
2293
13258
2293
698
178
182
178
1512
1011
4675
9118
4698
9118
14019
11882
11572
13674
1035
1467
2160
4047
1699
9508
8176
2415
13409
2415
6528
2415
8661
2415
4233
2415
13421
6372
1771
6372
11703
6372
13153
6372
1873
6372
1865
6372
13446
6372
3363
6372
12916
6372
3206
6372
11697
6372
13278
6372
11469
6372
13140
6372
8721
6372
1761
6372
3429
6372
13265
6372
3114
6372
8626
6372
2003
6372
3359
6372
1812
6372
3144
6372
3798
6372
12959
6372
3867
6372
1833
6372
2266
6372
1948
6372
13516
6372
3317
6372
3621
6372
11712
6372
3131
6372
1804
6372
3764
6372
1826
6372
1927
6372
3869
6372
11749
6372
3766
6372
13676
6372
12983
6372
13205
6372
13335
6372
1756
6372
3155
6372
13152
6372
13001
6372
1850
6372
13263
6372
1790
6372
13174
6372
2005
6372
13258
6372
12577
6372
3728
6372
13357
6372
1922
6372
3984
7083
3960
7083
6549
11859
11669
11859
10354
11859
4264
2940
2936
2940
3661
2242
4031
2242
3929
2786
3677
2786
8652
8004
3692
8004
13467
12163
13765
9424
13741
10372
11127
11083
4782
5336
3184
11296
3264
3393
3264
3393
3067
1586
7950
9008
2730
9008
1893
3766
13719
13657
7282
8643
6430
8643
2174
13724
13402
12979
12079
12979
11740
12979
2088
3315
6990
6563
12398
6563
13056
12977
4409
6974
10396
6974
13879
6974
9459
6974
13994
6974
6575
6974
4257
13683
3817
3746
7289
3746
4232
13371
5348
3282
12001
12870
9217
12870
13712
9772
3087
5964
9800
5964
9800
1025
1328
8276
12840
8338
12840
6673
12840
7467
12840
10020
12840
7865
12840
2477
12840
4558
12840
9010
12840
2717
12840
9006
12840
4562
12840
7473
12840
3053
12840
8293
12840
5671
12840
3924
12840
6290
12840
5689
12840
9557
12840
6225
12840
10010
12840
7871
12840
5679
12840
2783
12840
8302
12840
2784
12840
13135
12840
3931
12840
4563
12840
7089
12840
13139
12840
10001
12840
4569
12840
4567
12840
3526
12840
6260
12840
8291
12840
9003
12840
2638
12840
7075
12840
7455
12840
2750
12840
10004
12840
2433
12840
9997
12840
2452
12840
4588
12840
2828
12840
12890
12840
3438
12840
12130
12840
6058
2407
5030
2407
11518
2407
5514
2407
11313
11950
5875
12903
10256
12903
856
1237
9443
11351
11152
11351
13797
6533
5044
6533
6047
6533
4396
6533
8849
6533
6960
6533
5812
4712
1198
1133
8945
13948
13995
13948
2184
2185
4322
2185
1797
1813
4848
1813
4013
8358
4000
8358
4932
10898
12348
6093
8878
12133
13893
12133
12205
12133
4736
13230
6802
13230
3794
3732
1702
3732
1721
3732
4741
3732
13333
3732
3303
3732
1736
3732
4202
3732
4154
3732
13136
3732
3143
3732
12125
3732
1767
3732
13321
3732
13302
3732
3320
3732
2429
3732
3800
3732
4150
3732
3330
3732
4200
3732
3269
3732
1745
3732
1803
3732
1784
3732
3133
3732
13248
3732
4176
3732
1691
3732
1709
3732
4217
3732
3651
3732
3706
3732
3789
3732
4174
3732
3777
3732
13168
3732
13422
3732
13517
3732
3716
3732
13507
3732
4152
3732
8587
3732
12256
3732
4221
3732
13581
3732
13171
3732
13518
3732
4195
3732
4133
3732
3853
3732
4134
3732
6825
3732
12832
3732
1810
3732
4136
3732
4142
3732
13429
3732
1789
3732
12
575
76
575
146
575
9549
11214
12376
11214
4387
7354
2236
4895
6902
5366
12401
14150
3388
11122
7231
5772
4205
5772
4543
6219
4542
6219
10658
6265
2322
4076
11482
10736
6240
11840
9045
11840
3608
11840
2502
11840
10031
11840
5262
11840
2286
11840
6675
11840
2368
11840
6679
11840
2512
11840
9023
11840
10557
11840
2966
11840
2977
11840
4586
11840
8339
11840
8337
11840
2192
11840
2862
11840
9572
11840
7484
11840
2885
11840
5730
11840
7902
11840
5257
11840
2356
11840
2811
11840
10024
11840
2244
11840
5685
11840
10527
11840
5695
11840
5694
11840
10043
11840
3616
11840
10023
11840
10060
11840
10037
11840
9587
11840
5692
11840
12897
11840
2302
11840
10514
11840
2900
11840
9578
11840
13113
11840
8353
11840
9579
11840
10522
11840
3936
11840
10063
11840
2471
11840
8361
11840
7091
11840
8328
11840
10041
11840
2478
11840
2590
11840
7103
11840
2373
11840
2837
11840
2872
11840
6696
11840
2532
11840
3938
11840
2935
5800
1574
8226
12537
8226
9499
8226
6886
12950
8841
11903
14068
5146
7491
7872
8350
7872
9361
12351
3468
13771
11313
7700
12536
14048
1547
14048
4454
14048
1647
6211
10222
13324
12643
13324
10812
13324
9385
13669
13904
13669
12303
13669
4958
13669
11396
13669
9476
13669
3802
1915
1885
1915
8506
3894
8514
3894
6689
13133
9051
13133
10991
5424
762
23
10924
9336
8742
9336
10893
9336
5104
12214
8318
3526
10516
3526
12139
6217
6891
4806
10309
9366
5826
4644
6389
4644
6892
4644
3054
1027
4506
14110
10473
14110
12336
14110
4664
13163
6730
10093
4734
10093
1717
8431
1735
8431
9972
12296
12414
12296
1604
12296
109
800
11308
13666
7003
13666
12513
13666
922
985
1103
985
1410
985
7028
5101
5599
5101
14041
5101
6152
5101
11215
5101
13655
8085
3831
2518
4309
2518
8139
3594
11706
8610
11066
11979
5512
11979
4381
11979
10374
11979
7376
11979
11081
11979
9545
1615
4516
1615
5867
6406
11980
10854
386
164
71
164
128
164
6630
11977
13100
3461
3770
3461
1731
10766
10434
11870
12238
11870
14008
11870
5897
4125
5905
4125
4752
8386
1823
8386
7516
6235
7117
6235
4593
1386
4558
1386
12100
1386
773
494
786
494
12668
10406
1707
10406
2118
6854
2408
4238
6940
3859
6940
3859
6036
4997
4251
1907
1906
1907
1456
899
3630
12857
4013
12857
12688
6766
9794
10235
883
1014
11573
8725
10746
7565
4722
7565
7923
7519
4005
7519
6318
12882
6319
12882
12695
12882
12892
12882
6307
12882
12894
12882
6744
12882
7178
12882
5292
12882
5469
8792
2710
7517
7229
2361
13430
2361
5989
8780
1713
1718
7592
12859
10574
7511
2067
4999
6415
10211
2438
3777
11440
11522
5552
5508
5893
13075
4962
10217
3547
1806
7339
1806
10442
4454
12907
7122
5762
7122
920
1488
3221
10219
11358
10265
8637
6736
6398
6736
12442
13030
13975
11628
11643
11628
13006
7535
8035
7535
4951
4268
3421
4268
141
589
5612
5602
7858
1607
2247
3795
6394
3532
5347
3532
1797
1814
8953
11975
6638
11975
6632
11975
2543
13326
12214
13922
7295
3998
13229
8089
6847
8089
2417
4145
1640
9043
6237
10104
6237
6603
6998
3263
13113
9143
13113
7283
12234
5870
12234
2822
11486
10305
9316
6514
9316
1540
1277
7805
11331
6037
11331
11332
11331
12712
8052
9075
6239
9074
6239
3684
4165
4285
4165
2421
10716
7326
11820
13530
13482
2558
3961
1566
8087
3717
11930
2514
11930
1531
1527
6606
12458
2207
3661
1534
1013
5521
11074
5916
7302
12557
3546
3215
6215
11558
13193
13600
13193
13563
13193
10474
11291
10173
6269
1783
1786
5853
1786
7265
3566
8649
3566
7171
6267
11024
1940
5962
1940
10940
1940
1936
1940
3161
9194
3864
9194
6437
13181
12265
12264
2789
13655
5862
8623
7391
6983
13787
6983
10402
6983
12264
6983
13835
6983
6620
6983
6031
4376
12599
4376
6034
4376
8279
3394
7065
3394
4348
13664
4348
13664
6983
9444
6350
13329
8567
13329
757
580
685
580
861
1352
12196
13079
10880
13079
13156
13079
8755
10267
10450
6188
3192
2586
10620
2586
7834
8908
8489
7537
9209
7537
6530
10983
7548
7904
5716
7904
8695
4790
9772
4790
10252
4790
4277
4790
6520
2087
11009
2087
9828
2087
5459
2087
6495
2087
11011
2087
91
450
153
450
13282
10156
7720
4218
8690
12353
10844
12353
5372
12353
12489
13381
7581
7539
9024
7074
7529
7074
9317
10215
12527
13077
12518
13077
12460
2294
3695
2294
5955
10269
12410
10269
13146
7569
12942
7569
8752
8729
4908
8729
14185
3185
9078
7515
9068
7515
11835
9278
13412
9278
8669
9278
13417
9278
4843
9278
4824
9278
351
423
266
423
1684
10239
816
796
3430
6716
13207
6716
13964
13882
11121
13882
3972
13003
3958
13003
13743
12050
13536
12050
4385
12050
7374
12050
8862
12050
902
945
1169
945
900
945
913
945
14153
12648
8982
12648
12432
12648
6209
12648
4948
4173
8981
14149
11599
9654
13091
9654
8835
8191
11119
8191
12371
4995
5539
4995
10647
12855
5754
12855
13204
12542
4274
12542
3586
12542
1459
1346
9336
10237
6973
10998
3761
7567
3147
7567
9798
8727
3633
8727
10918
8727
3840
2813
3560
2813
13425
9168
8579
9168
1372
1260
5297
4027
6081
13781
14012
12003
13553
8164
7300
7281
9356
13050
9356
13050
4448
6156
13036
7142
2230
7142
243
219
240
219
708
219
1353
1134
6157
11648
13172
2222
4701
2222
8308
10513
11498
10513
13356
6802
12700
6802
9351
6802
11331
8661
3654
2440
3855
2440
12068
7636
11856
11855
2875
11542
12527
10188
11453
10188
10038
3577
2743
3577
2914
2915
3840
2915
12165
10600
12573
10600
3830
13679
2613
2615
8433
2615
10673
2615
13596
2615
12078
12079
9776
7985
4802
7985
8038
7985
4795
13676
9604
7476
9620
7476
10456
14109
14130
14109
9533
14109
4615
6260
6712
6260
14020
5654
8960
5654
1966
7666
6806
7213
1991
8134
8166
8745
7557
11353
8422
11353
2372
11353
13044
11353
2512
11353
8317
11353
2228
11353
3502
11353
3026
11353
12953
11353
12986
11353
2166
11353
2574
11353
7200
11353
12642
11353
2470
11353
2955
11353
8340
11353
13138
11353
3002
11353
6720
11353
5748
11353
2554
11353
2588
11353
3438
11353
13213
10581
8086
10581
1735
9138
1743
9138
144
535
11629
12077
7394
4402
4410
4402
4807
5278
2464
11458
1332
1155
213
246
353
246
349
246
8781
4762
4377
4762
8806
4762
13982
6581
9678
2907
3162
2907
13613
4897
255
177
781
177
12481
12291
13220
12291
10882
12291
3059
978
8206
8201
9905
8201
11645
4899
10774
5316
8148
5316
12473
5316
9354
5316
1668
11264
10453
11264
11869
12181
2712
2718
4368
13726
5497
13726
10856
4624
7963
4624
13751
3593
13620
3593
5496
3593
12455
3593
8204
3593
3660
8451
10734
8451
5976
10260
9794
10802
9885
5444
11686
13729
4242
12975
13053
7560
3452
7560
4920
2806
6516
2806
12571
2806
2790
2806
7044
14022
4464
14022
12040
14022
1879
3726
11924
3893
13219
3893
1572
6600
1580
12113
11996
12113
9503
12113
5182
11234
14167
11234
11246
11234
11239
11234
11265
11234
12715
5194
1464
1106
12487
12486
6969
12331
2606
2607
4098
2607
10724
2607
4087
2607
7973
8396
12208
12820
9356
3340
12322
3340
13050
3340
8272
11142
8271
11142
12084
13631
5166
8246
7039
8246
2249
12930
4774
12930
13017
12930
8928
5126
1431
1401
1955
4732
9432
6513
9895
6513
498
183
2415
8486
4186
9241
4212
9241
13949
5579
1620
8975
1617
8975
4269
4233
7695
3809
12091
5114
7522
2729
7517
2729
3658
1957
5070
1957
8794
1957
7766
1957
4158
6306
8596
6306
518
298
333
298
13679
13622
7784
1720
7345
1720
12586
14031
11990
14031
4430
5577
4430
5577
3232
3033
3996
3033
2972
12246
5639
8930
7420
8930
11241
8930
9209
6690
10716
6690
11949
13400
10320
13400
10320
13400
3181
8331
3994
8331
6438
5284
6868
5284
5884
2311
7322
2311
5938
2311
6933
2311
14133
12396
12414
12396
9969
12396
4887
9676
6051
8820
9550
11673
9466
5640
9466
6169
9466
6036
5503
1855
1856
1847
1856
8318
8291
9037
8291
12634
5324
5008
4989
6582
9436
5089
9436
12800
4616
4553
3051
2375
3051
3746
3051
12685
9205
525
85
6536
4952
6080
4952
12359
4952
5115
4952
6056
6042
1597
7056
1594
7056
4181
3071
10761
3071
8808
4263
8174
4263
6580
13964
8883
13964
795
772
6531
12451
8764
12451
5009
12451
3350
1657
9865
4987
1349
1305
1243
1305
11850
12201
11624
11623
7415
13955
6637
13955
11237
13955
7699
9271
5350
9271
3699
9271
7707
9271
3301
9271
3169
9271
1988
9271
4775
9271
3773
9271
7708
9271
3316
9271
7276
9271
7270
9271
6842
9271
13254
9271
5815
9271
5819
9271
8634
9271
8637
9271
13125
9271
4764
9271
6398
9271
5342
9271
3489
9271
8613
9271
6856
9271
7262
9271
6405
9271
6392
9271
3775
9271
3198
9271
12085
9271
8645
9271
7267
9271
8647
9271
5816
9271
8625
9271
8628
9271
8643
9271
4218
9271
13448
9271
5823
9271
6844
9271
7273
9271
4205
9271
7706
9271
8606
9271
6410
9271
13185
9271
7256
9271
4770
9271
7274
9271
6848
9271
7275
9271
4185
9271
7277
9271
4213
10174
1912
10174
13776
11056
12054
5922
6906
7712
13475
4091
14096
14076
5168
14076
8783
5812
7762
5812
13524
11908
4380
11908
11038
11908
3116
13138
13196
13138
3757
7895
4012
7895
5506
4354
6026
4354
5021
4354
3758
4354
11065
4354
11065
4354
8687
13530
9318
13530
6423
13530
13382
12745
847
1516
1211
1516
1375
1516
1054
1516
853
1516
926
1516
850
1516
843
1516
3016
9050
12900
2520
3635
2520
9337
9706
3745
2079
2059
2079
657
311
230
311
662
311
328
311
89
311
2509
10690
13858
13800
2411
13168
4826
2034
4855
2034
7826
11729
12515
11729
11444
11729
735
269
369
269
11936
10098
11386
10098
6976
5004
6099
13772
3874
11727
1460
880
11247
14079
6167
14079
7824
12661
2581
3122
975
1210
5032
10306
5520
10306
12247
10306
10357
10306
5056
10306
135
670
136
670
1940
3411
10536
9003
4577
9003
2443
3273
8687
8648
9754
8648
6423
8648
6599
5085
11986
5085
5105
5085
6421
8101
5578
6472
12198
6472
10960
6472
11829
12729
12167
12168
6835
7644
7689
7644
2906
6662
6788
6662
6817
6662
10020
6662
10675
6662
7869
6662
2404
6662
3897
6662
6258
6662
7176
6662
8319
6662
2197
6662
7966
6662
7879
6662
6248
6662
13040
6662
9608
6662
10618
6662
7536
6662
2171
6662
2287
6662
10511
6662
9169
6662
8296
6662
8004
6662
2982
6662
8323
6662
7091
6662
10160
6662
2267
6662
13022
6662
9211
6662
13505
11088
1547
1581
3382
1581
2029
2031
7169
6724
5428
6724
5939
6724
2724
8542
5441
2312
13352
2312
10971
2312
10306
2312
6527
9812
13938
13891
11485
36
3888
36
13302
2285
3789
2285
9438
12727
8201
12727
14020
13979
7381
6568
12356
9922
6187
9922
2508
11661
7806
8855
11729
6538
2252
4872
11026
4872
12740
4872
13663
4872
2899
4700
112
612
6502
8146
615
30
442
30
3999
9079
10815
13372
13511
13372
12228
13372
14010
13976
22
417
701
417
431
417
5272
521
11840
521
11416
521
5690
521
12159
2457
3194
2457
1752
1769
11590
12908
3735
12908
13675
3589
5552
7806
6095
7806
3166
12138
4415
6098
4415
6098
1738
1749
1726
1749
6639
6632
297
18
2846
9077
7559
5706
5710
5706
7130
5706
8309
2735
11361
2735
3875
8353
3139
8353
1486
1291
1153
1291
912
1291
9817
10893
11746
11745
13595
5466
6140
5550
4425
5550
2630
7454
12745
10632
13491
10632
5330
2142
6863
2142
8281
5676
13205
2549
12577
2549
9794
9284
11706
9284
501
354
2709
9577
2718
9577
3357
11318
8458
13300
8458
9797
6893
6042
6893
1791
1792
1765
1792
10540
2638
10541
2638
3998
10538
3222
10538
12614
9579
9163
9579
9834
11451
6512
11451
5983
11451
9521
14064
1548
14064
10449
14064
4812
7268
13441
2162
5827
2162
14189
4535
2560
2569
10546
5241
7882
5241
11213
11201
6163
11201
6172
14055
6174
14055
5516
12623
10356
12623
6982
12623
14167
8264
9985
8264
2990
9181
7835
6174
11246
6174
11890
6174
8586
5271
10108
5271
10653
5271
13639
10724
8087
10724
2069
3265
9622
4565
8380
4565
1658
4519
4526
4519
840
857
851
857
854
857
973
857
842
857
848
857
927
857
844
857
4304
13491
12167
8234
1024
1019
1120
1019
13236
9113
12913
9113
5722
10568
7557
10568
2424
10568
7131
10568
2010
10568
2083
10568
2404
10568
12699
10568
7947
10568
4621
10568
7572
10568
5726
10568
7558
10568
6286
10568
2386
10568
13120
10568
8369
10568
8388
10568
9609
10568
7940
10568
10611
10568
8374
10568
7125
10568
10614
10568
8377
10568
8373
10568
8378
10568
7545
10568
10102
10568
8371
10568
8389
10568
4619
10568
12281
10568
9085
10568
9114
10568
7135
10568
1993
10568
9111
10568
9071
10568
6268
10568
8386
10568
10581
10568
9113
10568
7564
10568
12854
10568
10606
10568
7942
10568
2038
10568
6702
10568
9094
10568
7550
10568
12274
10568
2039
10568
7141
10568
7556
10568
10631
10568
9104
10568
12230
10568
12362
10568
7552
10568
6289
10568
7573
10568
6273
10568
13013
10568
7571
10568
7926
10568
4760
2136
487
295
749
295
578
379
272
379
347
379
1540
894
5826
7238
10572
10042
10627
10042
6337
7997
4433
13931
4433
13931
12270
5205
9540
5205
12268
5205
587
751
8263
4511
1638
4511
2151
7999
2923
2938
2935
2938
12626
11246
14132
11246
2135
3412
6899
9324
3089
10472
3251
2781
2764
2781
13747
11396
2563
5436
10110
3245
5278
3245
10845
3245
1576
9503
3389
4517
7058
4517
7750
10662
2699
7088
106
587
3691
2570
10139
2570
5147
11568
6170
11568
2249
2261
6532
8802
6227
6661
6663
6661
6697
7501
12758
7501
13887
5009
6093
5009
6584
5009
48
114
5483
13479
11383
13479
6541
13479
5037
13479
11566
11724
9938
11662
6111
11662
2508
11472
10351
5007
5093
10396
4100
7168
11487
10013
11486
10013
12503
5021
10276
10246
7351
10246
6497
10246
1991
4222
1987
4138
11384
13831
5807
9142
6823
9142
6092
13505
1596
7440
9159
2550
3262
2550
2086
5073
7390
5073
13312
6745
12087
6745
13558
13501
13821
4382
11092
4382
12482
4382
11091
4382
3844
4382
4784
7680
4046
7546
4044
7546
7888
7470
7084
7470
1933
13718
2683
11632
2676
11632
5140
5592
12752
5592
12311
5592
11884
5592
11371
5592
13986
5592
9862
4357
10649
7138
9150
10081
482
443
2335
13476
9409
4359
2092
2111
11748
2111
5455
2111
2317
10201
3348
8260
3095
10451
3831
7625
7700
7625
5574
5498
13874
5498
11757
5498
4196
11538
10212
11538
5622
13876
6168
13876
5791
5329
11880
4984
12026
4984
5015
4984
7666
1982
4115
1982
14169
6201
2778
10177
10323
9345
4280
4796
11807
6451
6438
13056
8932
6150
12580
6150
13969
6150
2085
8581
3833
11893
4315
5933
9332
10745
3066
841
3517
3021
8033
3021
10435
5135
8931
5135
13625
5810
9783
5810
10275
5810
1156
983
937
983
943
983
9248
4748
5872
4748
4772
4748
12620
4748
4765
10179
11920
7710
11586
11138
12070
11138
12519
11138
12169
11138
13992
11138
5357
5327
3756
5287
4882
12088
10422
14000
14039
14000
14100
14000
4067
12690
10881
6396
12053
4851
7024
11168
13941
11168
8237
11168
94
256
543
256
6417
8513
8709
8513
7519
5252
7792
9843
12571
13737
1742
1750
8200
1750
7771
5963
3571
6246
3657
6246
2216
13431
8917
5119
14085
5165
13874
5574
13874
5574
11180
5117
3472
3554
3411
3554
6821
12306
12305
12306
2465
10103
2694
3590
7905
3590
12276
10661
12277
10661
1752
1770
1011
944
949
944
11220
13879
11200
13879
1964
3753
8730
8600
9804
8600
9296
8600
8920
5111
11625
5111
8919
5111
851
968
853
968
3417
5289
1681
1682
1679
1682
12380
13991
918
939
5525
13682
3382
6905
9327
13166
13088
9334
13088
13394
13088
9508
8239
9422
4941
5003
4941
9843
4941
8816
4941
6935
4941
7362
4941
9795
3701
10864
3701
9796
3701
13939
13900
1558
11690
4514
11690
8983
11690
11287
11690
12675
4514
9980
4514
3214
3215
5328
10729
6202
6179
11766
9810
3342
9933
12372
13215
7492
3442
2072
4340
1198
1471
1230
1471
5717
3462
3233
3462
12417
11306
5319
10150
2108
3922
2295
3922
12788
3922
2360
3922
7096
3922
3037
3922
6705
3922
9154
3922
6251
3922
3463
3922
7236
3922
7484
3922
10601
3922
2141
3922
2056
3922
6249
3922
13057
3922
2013
3922
2254
3922
3524
3922
13009
3922
10539
3922
2051
3922
1907
3922
1996
3922
10606
3922
6672
3922
7097
3922
4655
3922
6284
3922
7578
3922
10154
7994
5879
5345
10871
5345
7307
5345
4352
5345
9782
5345
5425
5345
781
218
330
218
1168
1135
11664
6177
5165
6177
1972
10727
2617
8998
12483
8237
14106
14091
6905
9329
549
233
2175
9289
6628
6623
3603
3436
8577
3436
4313
13455
11305
13455
3600
10908
11295
8267
1598
8267
9158
7459
9023
7459
6231
7459
6301
7459
7959
7459
9730
7459
9689
7459
13058
7459
3533
7459
2812
7459
7874
7459
12309
7459
2290
7459
2949
7459
2774
7459
3901
7459
7661
7459
8302
7459
9004
7459
7569
7459
7470
7459
8005
7459
2385
7459
10509
7459
9105
7459
8448
7459
3045
7459
8400
7459
8362
7459
7880
7459
6800
7459
7571
7459
2277
3622
4329
4905
11944
13464
13569
13464
8802
13464
7004
6103
13465
12056
8983
12966
12893
10718
9574
10152
9574
13426
9574
3946
7482
7939
7482
8678
13337
8137
13337
13369
13337
4389
4370
4852
5843
12394
5843
10872
5843
12088
5843
2024
9252
5229
9963
7846
8269
6217
8269
5484
4971
6005
4971
7782
4971
12972
7457
9605
7457
12307
7457
7882
7457
12978
7457
11792
7457
10415
8215
9685
2519
10716
2519
4932
7743
8672
9287
852
1267
968
1267
6413
2080
3762
2080
11852
2112
2092
2112
5470
2112
5455
2112
13277
2336
7997
2336
8693
8078
1713
1719
6871
12632
8676
12632
11072
6013
9423
6013
5530
6013
10793
9074
3365
9074
5349
9074
938
1093
1303
1093
2308
3810
8409
10623
842
1197
843
1197
2310
3858
5159
13855
11309
13855
12308
6908
2706
2730
8573
4055
7379
3207
8854
3207
1006
1154
8887
13590
11539
13590
9457
13590
11437
13864
13901
13864
5714
3002
10562
3002
2636
12538
5154
9498
6343
2482
4052
2482
11617
12568
3974
2342
6271
2342
6789
6727
7721
7649
8085
12724
5420
8716
4100
12662
13626
12662
12303
6081
12109
6081
571
190
9136
9592
9081
9592
3787
12472
13430
2362
13373
2362
12206
6729
11790
6729
10904
6729
1856
7647
2824
13318
46
642
1076
1450
13606
2193
11606
2193
109
460
7813
11113
5618
11113
9489
11113
6581
11113
8714
9682
530
700
7638
7973
8040
7973
4718
7973
10868
10234
13452
6542
13452
6542
4752
7564
4757
7564
2840
2843
4780
2843
7819
5556
5441
5828
12691
5828
13352
5828
11005
5828
10971
5828
7327
8724
4880
8724
12154
9657
1564
9657
10315
6855
6018
6855
10938
6855
7335
5918
8891
11802
11160
11802
12105
11802
10242
8568
1710
8568
3093
12454
7728
192
299
345
299
264
299
10460
6648
1666
6648
6493
1728
13836
7003
11617
7003
4457
7003
13829
7003
10192
9659
4156
9659
9262
9659
3408
9659
6811
9659
13560
9659
5803
9659
4146
9659
10778
9659
9715
9659
1711
9659
10787
9659
9245
9659
6350
9659
5338
9659
5333
9659
10200
9659
8082
9659
3865
9659
13416
9659
6807
9659
8076
9659
9257
9659
6385
9659
10791
9659
3154
9659
10767
9659
1773
9659
4186
9659
4181
9659
9272
9659
4212
9659
4747
9659
8560
9659
8567
9659
10761
9659
9208
9659
9250
9659
8088
9659
7239
9659
1729
9659
3136
9659
3315
9659
10766
9659
1718
9659
3726
9659
10201
9659
9252
9659
9731
9659
3647
9659
1692
9659
8098
9659
9268
9659
10198
9659
4171
9659
3710
9659
10759
9659
12991
9659
9723
9659
10197
9659
11942
9659
10204
9659
3157
9659
7702
9659
9716
9659
9269
9659
8097
9659
8641
9588
10224
9588
6010
12142
10263
8662
4223
2052
8651
2052
2853
2863
9065
2863
13411
12716
5937
12716
7323
12716
1238
1322
4290
8472
4283
8472
997
1099
1196
1099
871
1519
1055
1519
971
1519
1061
1519
873
1519
1084
1519
1083
1519
868
1519
4625
7077
1944
4107
11420
8632
3338
3374
2818
13074
9958
4455
4475
4455
1338
1304
976
1304
9701
7909
1877
6353
6889
3339
3345
10458
8970
11260
12494
11260
7833
7831
11875
7831
8689
8538
10773
8538
9263
8538
4974
7320
2762
7907
13882
10264
12728
11181
9693
5731
7145
7921
5282
7921
6293
7921
7972
7921
6734
7921
7956
7921
5279
7921
7971
7921
6296
7921
5914
2841
10275
2841
13545
2841
3959
7079
12920
7534
13240
7534
7303
9753
1211
1336
844
1336
13743
9447
11747
9447
2448
12983
3114
2474
12983
2474
12539
7392
14165
7392
5736
6264
1805
7181
1788
7181
13202
9197
13202
9197
3068
5670
8129
13207
1747
7242
8716
7242
1728
7242
13458
2439
6007
2439
9857
2439
2739
10038
12420
11079
5051
5480
11069
5480
5097
5480
10232
4761
11471
4761
12501
4761
7755
4761
14135
12267
1556
12267
395
227
7804
11077
11143
11077
11114
11077
13191
12215
12104
12215
11058
12269
9375
5425
13478
9199
12994
9199
4264
3516
2936
3516
10360
13786
11146
13786
12444
13786
7388
9449
11582
11581
3765
11581
6971
11581
9885
10353
6980
10353
9912
8893
9911
8893
235
815
13560
1925
3726
1925
8758
6458
7715
8084
8523
11513
11514
11513
5870
10648
6958
11003
4289
1864
4283
1864
3345
1625
3203
2528
6356
2528
4242
9088
6922
12239
224
364
539
364
373
364
8959
14082
13562
4645
9376
8160
13849
13789
11238
3883
4069
2094
3495
2094
4114
10068
4132
10068
7714
7113
13415
7113
12358
11600
8267
11600
10447
5640
139
268
195
268
4872
4858
1967
4115
1643
4526
13661
6234
12649
6234
13703
12237
11814
13691
13490
13363
8819
10542
8630
12998
6900
12998
7691
12998
9748
12998
12466
12998
1846
1844
1835
1844
3078
1807
10855
2840
2875
2873
2875
519
725
7773
6930
4521
6930
11404
12513
1705
11050
8211
11050
6525
5449
8803
5449
10989
5449
3863
3985
6842
8005
6844
8005
9519
11239
12683
5199
2943
13386
10422
13982
14039
13982
14100
13982
13395
6820
8750
6820
7725
6820
13474
6820
4883
6331
4292
6331
5979
13600
8205
9425
13296
8690
7344
1697
1685
1697
6071
12600
13926
12600
13872
12600
6145
9480
11201
9480
6017
6486
11993
6486
11108
6486
12680
5197
7418
11237
12545
6038
5616
11998
7859
7853
10227
9670
8107
9670
6566
13538
12617
13538
11104
13538
4232
13422
3672
5447
13648
5447
12237
5447
1164
989
941
989
10641
2973
3168
2973
13604
3325
13498
3325
11501
3325
5519
3325
11823
3325
2225
8071
2832
8306
7801
6975
4792
5753
10853
5753
4800
5753
2331
4627
3753
8041
3161
8041
2672
2673
4040
2673
11672
11983
6311
9056
5605
4420
13982
4420
14023
4420
5647
4420
6181
4420
11970
13763
731
19
2736
2748
6352
9640
7000
6068
9982
11267
8261
11267
4511
11267
1496
933
1304
933
14059
11215
2766
2768
5990
13389
4639
6291
12213
6291
1666
11269
6442
3685
4285
3685
4913
4894
12216
7355
1818
1823
11435
12581
2163
4629
2205
4886
10950
10291
4525
3704
1250
1321
882
1321
1208
1321
1568
6326
3788
13222
3788
3948
12074
3954
12074
2664
2665
2658
2665
2825
2824
4916
2824
14113
5659
4500
5659
8149
8137
4009
3503
6275
3503
14046
5588
134
593
169
593
5032
12260
11023
12260
11960
12260
1639
5637
9918
7830
9918
6627
9918
8921
9918
10432
9918
12494
5657
13666
8139
2562
13492
8154
4292
4326
4292
3380
1548
2610
2645
2611
2645
1064
1430
1520
870
13249
9556
12896
9556
13208
9556
6013
9828
2069
13517
1673
1674
1634
1674
7511
5682
9098
5682
9830
2945
8681
2945
3783
2945
2942
2945
12114
10486
12208
10486
10050
10486
9300
9731
3978
2497
3287
2497
5018
4978
4846
1974
3258
1974
4769
3238
7293
3238
7724
3238
11348
13822
11349
13822
5446
1939
1936
1939
10777
4723
4196
12802
1815
12802
8621
12802
6837
12802
1780
12802
6413
12802
6835
12802
4206
12802
13439
12802
13090
12802
3135
12802
13427
12802
4220
12802
4188
12802
6401
12802
7259
12802
6391
12802
3740
12802
2932
12802
5798
12802
8106
12802
1822
12802
3580
12802
3624
12802
8638
12802
6397
12802
6404
12802
3762
12802
7713
12802
6407
12802
8642
12802
6394
12802
6831
12802
1816
12802
6382
12802
7165
12802
7265
12802
4215
12802
8649
12802
4213
12802
8115
12802
8111
12802
6857
12802
5347
12802
3759
12802
4194
12802
13396
12802
7271
12802
8103
12802
11926
12802
4204
12802
13584
12802
3708
12802
4193
12802
6843
12802
5351
12802
8640
12802
1912
12802
3850
8115
13813
8169
4359
8169
12255
10975
8800
10975
12635
10930
8743
3161
10974
3161
4894
3161
3143
1996
4142
1996
11506
8167
14118
7050
5205
7050
8952
14092
5179
14092
5178
14092
2933
13142
426
378
959
895
1369
895
10869
11716
8710
11716
11327
11716
8667
10820
11929
7591
7196
7591
2441
7591
2384
7591
4126
7591
9176
7591
2466
7591
9671
7591
12879
7591
13132
7591
3763
7591
3187
7591
2379
7591
9672
7591
12939
7591
2198
7591
4105
2965
4099
2965
13526
10331
578
341
286
341
675
341
6381
2425
8106
2425
216
437
4717
2093
11259
11217
6046
6018
13942
7357
8203
7357
11121
7357
3878
4546
4478
4470
10452
4470
6057
1843
6101
1843
6587
1843
10410
1843
4253
8073
4246
8073
12175
11211
11147
7382
2161
4680
13288
13201
3323
10522
13353
10522
2609
4625
2607
4625
5242
3052
184
100
4839
1863
4841
1863
751
481
742
481
12532
12533
640
377
2443
3860
4727
10628
8078
10628
2992
3808
8181
6903
11001
6903
7770
6903
9461
7359
6995
7359
6589
7359
4808
2728
2724
2728
12112
11219
12115
11219
4891
4005
7745
4005
4039
4005
2760
3257
10885
6840
6448
6840
5857
6840
3895
3884
9151
3884
8463
3884
12947
3884
13319
3884
3897
3884
12932
3884
9140
3884
12437
3884
8460
3884
8437
3884
8439
3884
8467
3884
13298
3884
8456
3884
3643
3884
3906
3884
3892
3884
12884
3884
3891
3884
13110
3884
9128
3884
13514
3884
3903
3884
8452
3884
3904
3884
3901
3884
3902
3884
3896
3884
13114
3884
13009
3884
13007
3884
9165
3884
13084
3884
9133
3884
13008
3884
3894
3884
11930
3884
8451
3884
3893
3884
13138
3884
3900
3884
13178
3884
3898
3884
8432
3884
3890
3884
3899
3884
12901
3884
3905
3884
12848
3884
8445
3884
13033
3884
1894
3884
12933
3884
3907
3884
394
438
8985
11265
2698
13384
8860
9429
11116
9429
9437
9429
6648
5195
14142
5195
12654
11235
12663
4501
6208
4501
7621
8009
6340
8009
13103
6870
2559
3485
13771
5445
4603
12974
13105
12974
11709
9493
3345
4242
3716
12081
12563
12096
11406
14122
11406
5556
6977
2525
13205
5344
7222
8085
7222
13866
6979
9378
1841
1842
1841
11895
1841
10979
1841
6170
4440
5142
4440
3768
4440
1360
906
1759
8021
1766
8021
7302
3365
11458
2473
9088
2473
7695
8007
1235
1176
1500
1176
11438
9620
11420
9620
7009
8876
755
734
6561
9427
1204
1358
8691
8119
5477
10979
5388
5751
8471
5751
8125
5751
13047
2385
3359
2385
5485
8165
9803
2212
5389
2212
5825
2212
4886
2212
6191
9938
11505
9938
2186
13308
6024
12372
110
755
5824
13083
6345
13083
7856
7851
4773
4017
11453
2445
13235
2445
1137
934
941
934
1497
934
434
419
229
419
167
419
3964
2925
3838
2925
2509
8111
6820
3373
11795
2465
11476
2465
5937
2465
2626
8993
2117
11766
13154
10870
1207
949
855
949
852
949
849
949
11750
8117
10868
8117
5888
8117
10280
8117
11679
11854
6524
10977
3414
10977
5664
5655
9531
5655
14149
5655
6988
7796
6131
6108
6613
6108
6133
6108
3861
8988
2456
8988
6689
8988
12368
8988
4582
8988
4603
8988
9036
8988
13304
8988
9637
8988
2641
8988
11699
8988
12570
8988
11650
8988
10559
8988
2632
8988
3119
8988
2637
8988
11474
8988
6660
8988
10549
8988
8308
8988
3913
8988
11733
8988
9051
8988
7485
8988
8309
8988
10523
8988
5674
8988
5699
8988
6224
8988
7903
8988
4623
8988
4600
8988
7893
8988
3514
8988
3912
8988
4624
8988
12820
8988
10661
8988
9588
8988
2768
8988
3662
8988
11323
8988
11361
8988
10085
8988
10578
8988
9039
8988
7099
8988
13105
8988
13301
8988
11400
8988
9994
8988
13317
8988
6682
8988
7499
8988
6659
8988
11503
8988
4596
8988
9022
8988
11583
8988
11913
8988
6221
8988
7541
8988
11498
8988
13179
8988
8345
8988
5642
6628
13905
6628
2838
2864
2850
2864
8784
10903
7100
2625
3934
2625
7501
2625
8329
2625
6899
12122
4786
12122
11737
11736
4124
5696
6785
5696
5381
10840
3650
7984
7665
7984
12022
4710
1858
1875
4966
7748
3659
2078
4237
2078
2600
2844
2843
2844
5906
8135
3530
8135
11786
8135
5815
12898
3439
12898
4735
13373
276
551
11431
5848
12163
5848
4909
8744
12683
3094
6010
6522
3346
9968
13914
13848
11711
13848
7020
13848
5603
13848
2690
7905
7366
10351
5176
4459
5976
10950
10572
13122
13217
13122
6635
7030
5188
14141
12327
12736
545
267
8
267
9040
7075
10515
7075
4785
4743
2757
4743
5872
4743
4772
4743
548
125
83
125
7183
7971
5576
11133
11139
11133
5567
11133
4253
1973
4240
1973
1724
10214
12750
4457
12474
4457
12524
4457
10900
5938
11405
13708
2725
11898
11108
7370
6420
9751
13549
2697
2699
2697
3868
4482
9708
8518
11903
9848
12180
13515
10776
13515
11812
13515
4956
5968
3416
7340
3688
7340
1727
1748
7816
13773
13401
6859
3997
7514
4012
7514
4836
11372
6072
12083
7369
12083
9400
12083
3174
12083
9892
10296
5191
8956
8965
8956
8798
1673
6519
1673
6930
1673
14155
1673
5114
11163
2850
7941
929
972
746
228
5883
6882
8722
6882
7385
3703
11871
3703
6994
3703
8217
3703
12203
3703
13884
3703
1711
9696
1718
9696
11874
12766
2642
12766
2825
2823
4916
2823
2938
8612
4147
9655
3202
9655
777
223
5347
3504
5351
3504
11965
4994
2555
6857
6818
10108
776
252
194
252
8426
12854
4726
12854
13816
1768
1750
1768
8702
3588
12450
13784
11833
10882
6173
12235
8506
4649
3660
4649
3159
4649
13309
4649
13478
4649
11924
4649
13434
4649
13000
4649
3130
4649
8603
4649
3216
4649
3696
4649
8549
4649
3643
4649
13541
4649
13428
4649
8516
4649
8512
4649
12874
4649
13336
4649
12985
4649
13370
4649
13200
4649
8514
4649
12761
4649
13299
4649
13079
4649
3753
4649
8600
4649
4107
4649
3161
4649
11716
4649
8504
4649
3039
4649
3864
4649
13435
4649
13196
4649
3520
4649
1104
1303
1525
1303
3344
1665
13843
1824
6562
1824
6039
1824
9445
1824
5659
11974
7305
10857
10945
2568
12319
2568
2564
2568
13842
11563
3698
2211
11446
2211
6106
2211
5540
2211
13947
2211
14024
12406
1537
830
11465
2674
11493
2674
1645
1857
4140
5276
2548
3797
2548
2430
10859
4780
13623
10122
6296
2864
4647
2613
2639
10724
2639
13596
2639
4087
2639
6873
7163
8375
10018
7972
10018
8797
12217
5033
11075
4962
5427
11236
5620
8406
2939
3371
2939
8464
7133
5756
7133
14184
6214
9551
6214
7140
2974
5732
2974
11870
5078
5212
12211
8262
12211
1901
1945
2969
13448
5446
1965
1957
1965
11117
9445
12756
13290
12756
13290
1202
1159
14068
11533
12000
6351
7303
6351
5511
5493
8648
9195
10350
6950
3821
12219
5377
2996
10863
2996
8761
2996
4866
2996
6555
11030
11064
11030
10345
11030
13603
2161
5935
2161
12137
2161
13571
2161
4950
5429
12438
12265
4446
12265
13944
3553
14038
5583
5146
5583
11533
5583
2237
605
5254
605
5683
605
12627
605
12594
13469
5002
13469
9876
13469
10648
3662
7283
3662
3166
8211
2962
4909
1504
1309
10520
7455
9054
7455
12366
3754
11627
8217
2163
3790
1570
6426
9285
1567
9285
10116
3936
12443
3936
11258
1550
1549
1550
1625
4534
7483
6226
6670
6226
7081
6226
9431
9823
4419
13735
1660
8265
8268
8265
3294
8219
1871
4921
11580
3999
8075
3999
4364
3642
13732
3642
5501
3642
13960
9913
5450
4320
6490
4320
3720
4320
5953
4907
11608
4907
10299
4831
4325
4831
6021
4831
13689
4831
547
714
741
714
506
154
5368
3240
9276
3240
10228
3240
7059
9981
9989
9981
7060
9981
3234
4728
2793
3942
12605
5347
13403
5347
13261
3837
9298
3837
9303
3837
9290
3837
8652
3837
9308
3837
13341
3837
13512
3837
9295
3837
8650
3837
12367
3837
13368
3837
8614
3837
8646
3837
2499
3837
4216
3837
8639
3837
8615
3837
3163
3837
3734
3837
4184
3837
13441
3837
9301
3837
4223
3837
9339
3837
13100
3837
3678
3837
12089
3837
5343
3837
5827
3837
8616
3837
4201
3837
3433
3837
3692
3837
4211
3837
9279
3837
11909
3837
3713
3837
3611
3837
13371
3837
12975
3837
9284
3837
4222
3837
9289
3837
13337
3837
12215
3837
8612
3837
1945
3837
12937
3837
9281
3837
8651
3837
13037
3837
13271
3837
4187
3837
3570
3837
13355
3837
3568
3837
3770
3837
3242
3837
3125
3837
4208
3837
9306
3837
11574
3837
13391
3837
9724
3837
8430
8406
12377
6175
11263
6175
9513
6175
1695
4564
12097
4564
5818
10725
12149
9380
8986
9380
7772
9380
3830
4973
9927
8235
6400
6386
5359
6386
937
1094
1324
1094
591
179
257
179
586
179
810
179
4285
6431
8747
9325
14063
14023
10803
10780
5567
3636
11150
3636
1651
11876
11218
6130
4849
10792
1252
1153
4502
5204
14115
5204
9325
5349
12050
3111
1539
1057
1087
1057
1528
1057
1446
1057
1540
1057
1086
1057
1444
1057
1533
1057
1430
1057
1531
1057
1464
1057
5125
6610
2987
3422
2844
13466
2183
3962
10121
12956
12666
10431
9981
10431
11839
5160
6186
5160
10440
5160
4838
6780
1396
1441
1844
7645
6488
6792
5792
6792
8773
9786
12692
9786
2413
10610
7732
12518
11399
2982
8348
2982
10411
5084
13791
5084
9472
5084
4414
13866
12058
5758
8647
5758
9463
8854
3392
8854
11713
8854
5068
8854
5067
8854
5478
2322
5489
2322
2289
2322
9854
2322
3364
2021
4862
2021
4236
6725
9310
6725
12723
6725
12613
12612
13692
11993
13692
11993
60
273
9441
6033
10372
6033
11097
6033
13697
10386
5233
7858
13180
7526
13736
8766
13648
8766
12237
8766
9838
7761
1813
10226
1647
14181
5437
8736
9895
6063
2742
2750
2749
2750
10944
4242
6460
4242
9826
4242
12718
4242
9297
9122
7268
9122
9745
9122
1958
13507
4860
5861
7306
5861
10401
4392
3552
4392
11734
4392
10170
11988
2875
11988
2670
2682
6096
13869
9529
11744
5609
11744
7405
11744
13932
11744
12094
11744
5187
11744
478
217
7502
2770
9567
2770
7931
10033
3976
10033
639
620
399
620
5668
14171
3097
14171
11297
14171
3096
14171
9991
14171
8697
9758
9344
9758
10265
9758
6897
2194
12654
7420
13468
6749
10919
6749
5903
6749
11973
5041
9692
7627
13241
12988
10866
12988
8141
12988
6392
6747
7256
6747
6434
7629
5886
7629
8397
7886
4589
7886
11113
10358
4437
8898
10472
14115
12336
14115
13775
12744
12335
12744
9487
12744
3189
12744
9805
6453
5413
6453
920
943
829
943
10848
5786
1398
1531
8196
4355
12092
4355
9418
4355
7352
4355
2831
7894
6446
11956
4172
9083
3336
9083
13342
8372
3249
8372
9377
13474
10942
13474
12252
13474
12298
5005
12450
5005
6060
5005
13784
5005
5513
5005
7814
11518
7389
11518
3486
10643
6334
10643
4426
13857
13917
13857
7812
13857
11432
11008
10348
11008
1308
1080
1012
1080
1013
1080
1069
1080
6707
2530
3975
2530
6943
3112
11608
3112
4978
3112
3080
5112
13883
5125
13883
1675
9861
7801
9861
1414
984
1247
984
11661
5071
7177
10063
3875
10063
4647
7118
3476
7118
9413
4853
11928
13238
3596
13238
12754
13238
11797
11612
11738
11612
11739
11612
2224
3872
13094
12993
5604
5115
5596
5115
13981
5115
12380
5115
11199
5115
9772
13483
13545
13483
10252
13483
4277
13483
9951
5169
11281
8974
1970
5913
12999
8563
2718
2719
5267
2719
12640
7723
12051
1416
13111
1416
11159
11118
1825
7978
4155
7978
8673
13335
10912
13335
8738
13335
2004
5823
3498
5285
3268
5285
2462
4591
4249
2002
8134
2002
5625
13923
5625
13923
11603
13874
13950
13874
13889
13874
13306
12876
8587
12876
1018
1015
1371
1015
280
383
4508
14122
1590
14122
1589
14122
11868
803
5673
803
6228
803
10007
803
12093
803
63
606
1729
1730
1718
1730
6652
6643
2134
13457
5131
7008
14051
7008
7825
7008
4130
9583
3328
9583
14136
5167
9530
5167
114
588
9726
10747
1892
6358
9726
9204
11673
5137
11630
5137
13909
5137
13905
5137
5640
5137
6169
5137
1571
9349
8754
9349
7773
14155
7057
14155
12150
14155
1667
10453
8722
10130
12653
4157
70
42
614
42
10770
5325
5920
5380
12324
5380
13764
5380
7619
13217
6309
13217
7620
13217
3865
10175
10791
10175
10914
9347
11362
5139
2924
7292
11547
13192
10862
13192
4365
5981
5482
5981
8844
5981
8626
10749
4143
8533
3224
8533
4144
8533
3160
8533
13342
8533
1882
8533
3505
8533
3430
8533
13513
8533
4166
8533
13246
8533
4153
8533
3148
8533
13212
8533
6377
8533
12388
8533
13419
8533
3175
8533
3613
8533
4172
8533
13053
8533
3413
8533
4148
8533
4168
8533
4742
8533
6387
8533
13325
8533
3712
8533
4169
8533
4149
8533
3249
8533
4733
8533
9721
8533
3229
8533
13162
8533
4135
8533
3452
8533
13146
8533
13264
8533
3217
8533
3487
8533
3178
8533
8680
8533
3225
8533
3612
8533
4139
8533
13431
8533
13142
8533
6386
8533
13262
8533
3804
8533
3296
8533
13338
8533
3572
8533
3537
8533
3519
8533
13188
8533
3336
8533
12942
8533
3769
8533
9777
3501
10917
3501
9617
12960
9122
12960
4028
2298
4002
2298
5744
7575
4491
5156
4481
5156
8092
9218
7662
6776
4316
13562
10914
9790
2003
2007
2005
2007
3327
10606
10731
10606
11468
14047
11990
12361
11024
10991
6009
10991
4730
13035
5338
13035
11166
10390
10406
10390
6318
2506
6683
2506
9405
8770
3731
8770
8816
8770
8016
7530
9141
7530
10115
7530
8720
13065
12579
13065
2161
10230
4007
13019
11831
13019
4919
8740
11233
14099
14105
14099
11333
9995
2787
9995
13027
9995
12891
9995
3437
9995
13044
9995
7867
9995
5236
9995
9562
9995
7481
9995
2722
9995
11502
9995
13028
9995
10002
9995
3538
9995
10029
9995
10025
9995
12383
9995
3464
9995
3943
9995
4548
9995
12808
9995
11735
9995
2681
9995
7488
9995
5258
9995
11307
9995
12940
9995
11473
9995
2650
9995
8297
9995
5705
9995
7884
9995
2774
9995
9554
9995
5720
9995
12895
9995
3921
9995
6222
9995
3524
9995
10511
9995
13223
9995
13133
9995
10513
9995
2735
9995
12974
9995
12825
9995
11849
9995
11443
9995
11423
9995
12829
9995
9999
9995
11827
9995
12400
9995
7067
9995
8278
9995
6252
9995
2553
9995
2642
9995
3529
9995
9038
9995
3915
9995
11480
9995
13068
9995
2589
9995
5420
4654
3703
8183
1260
825
11577
11104
1955
4152
5403
13011
4309
13011
1236
1500
864
1500
1183
1112
904
1112
914
1112
13659
5402
13659
5402
13296
10844
4874
4278
13839
7014
2535
3105
12664
13017
2180
13017
10827
13017
12462
10275
2680
11428
3243
12847
2020
12847
1997
12847
7673
12847
8080
12847
9247
12847
3254
12847
1910
12847
7236
12847
7244
12847
6809
12847
12931
12847
8562
12847
2104
12847
1851
12847
1930
12847
9705
12847
12902
12847
8561
12847
1950
12847
8077
12847
7234
12847
9256
12847
2062
12847
13073
12847
8591
12847
3746
12847
13077
12847
10188
12847
2034
12847
1974
12847
1863
12847
2021
12847
1931
12847
4209
12847
9712
12847
7241
12847
9710
12847
2025
12847
12946
12847
6380
12847
7250
12847
8091
12847
3259
5897
4708
11937
4698
11937
12151
7862
8998
7862
4340
12585
5863
6844
13401
6844
11956
6844
13217
13109
5361
3759
5471
11014
11676
11014
2834
11323
13067
5762
10753
5762
9260
5762
5691
11504
13314
11504
12346
11504
2466
11504
2847
11504
12868
11504
2885
11504
2591
11504
12871
11504
3032
11504
11473
11504
4566
11504
12997
11504
13119
11504
2967
11504
4569
11504
13118
11504
13230
11504
2729
11504
2285
11504
11632
11504
2528
11504
3788
11504
12107
11504
11911
11504
6348
11504
3899
11504
2870
11504
6289
11504
2716
11504
4571
11504
7250
11504
7162
6275
7163
6275
4273
6275
2776
3976
702
166
685
166
2053
6230
11353
6230
12549
5624
11723
5624
1088
1259
8589
13121
12961
8495
4118
2015
7214
2015
13386
11939
12355
5899
9372
5899
10922
5899
10170
3994
5481
4316
11383
4316
5333
13107
9250
13107
6294
7104
6744
7104
10633
12849
7178
12849
11572
13670
6543
13670
11073
13670
13800
13670
1798
1818
4848
1818
456
665
68
665
3604
3280
13544
11915
12113
11969
1028
1107
13990
6991
1376
1203
8214
3398
1868
4194
5744
8410
1614
3877
3910
3877
9536
3877
1615
3877
11143
1706
12224
3117
8501
3117
11223
4444
5790
11825
8707
8631
6945
9376
3416
9376
13593
9376
5981
6390
1417
873
2225
13173
324
282
638
282
435
282
12572
11880
5079
11880
13602
10776
5423
3676
9800
3676
4328
3676
5134
6126
1671
11283
11693
11692
13307
5732
5045
13693
11846
6606
7035
7832
5569
11967
8614
2513
2499
2513
10976
8757
4834
12915
10739
12969
8583
12969
8819
2327
5880
2327
3919
809
8326
809
6677
809
6704
809
3918
809
12889
809
6249
809
6668
809
11899
809
10567
809
10560
809
3034
809
12840
809
2548
809
8274
809
3017
809
2593
809
11178
9899
9290
8443
8650
8443
9414
8782
12509
10362
6224
12825
6221
12825
2700
2714
11344
2714
13774
8193
13354
13226
8791
13226
10964
13226
6768
9624
8593
12173
8593
12173
5396
9762
8698
2987
3681
2987
4226
2987
10278
2987
3721
12880
3645
12880
12452
12283
4250
12283
1390
918
4367
12692
13894
12692
13742
6964
13709
6964
10355
6964
7013
9897
7693
7942
13141
7942
13828
6573
5598
6573
11998
6573
6924
8759
10496
1276
13083
12967
2193
11847
13748
6934
13748
6934
5374
12937
9764
12937
12364
13293
6972
6521
9476
12109
11586
11585
12519
11585
13992
11585
4174
10126
3853
10126
13553
6507
2604
2687
4275
2687
10428
12323
10809
9732
2227
9732
9213
12504
12018
12504
3299
5376
9850
10332
10334
10332
545
581
102
581
579
581
548
581
599
581
781
581
819
581
158
581
508
581
429
424
440
424
393
424
369
424
11532
6509
7647
7185
6353
7185
155
92
156
92
6474
13229
12271
12121
12959
12939
3867
12939
5771
2886
4672
2886
3754
12107
5802
12107
209
538
539
538
2456
11849
3662
11849
8027
12065
10154
12065
7636
12065
10781
6332
4313
12019
1739
3647
3606
10509
3784
10509
12668
11185
3197
2199
9686
2199
1793
8653
7384
13658
6106
13658
6103
13658
7416
5209
5188
9830
3866
8681
3866
13670
3866
3783
3866
7381
13281
9837
13281
4713
3846
2557
7890
3228
7890
5641
12011
6957
10934
4799
7273
3424
10521
6307
10521
2414
4096
7115
10507
11493
10507
7704
5790
4196
5790
1815
5790
8621
5790
6837
5790
1780
5790
6413
5790
4778
5790
6835
5790
4206
5790
13439
5790
13090
5790
7254
5790
3135
5790
13427
5790
4220
5790
4188
5790
6401
5790
7259
5790
6391
5790
3740
5790
8106
5790
1822
5790
7715
5790
3624
5790
8638
5790
6397
5790
6404
5790
3762
5790
7713
5790
6407
5790
8642
5790
6394
5790
12883
5790
6831
5790
1816
5790
7265
5790
4215
5790
8649
5790
4213
5790
12353
5790
12542
5790
8115
5790
6840
5790
8111
5790
6857
5790
5347
5790
3759
5790
4194
5790
13396
5790
12827
5790
7271
5790
8103
5790
11926
5790
4204
5790
13584
5790
3708
5790
4193
5790
6843
5790
5351
5790
8640
5790
1912
5790
12415
5218
4537
5218
13906
12428
7383
12428
779
451
5173
12017
2042
3667
393
347
269
347
12248
11960
2331
3967
2705
3427
13528
7207
3764
7207
7346
9402
5457
10964
8227
13947
11193
13947
13999
13947
3817
7221
12518
7221
2707
11361
10082
10573
2434
10573
2429
8022
3777
8022
1335
1131
9683
3040
10119
3040
11372
8348
4782
8348
6944
1713
1700
1713
1390
1347
1507
1347
775
372
183
372
13485
3947
9643
3947
1984
6362
1690
7344
11054
7344
7356
7344
14081
7344
13446
7209
13360
7209
6280
12035
3795
12035
12054
5995
13589
5995
13222
3832
4105
3832
2057
3495
3097
6208
13434
3900
13336
3900
6917
9354
14143
14130
10455
14130
4518
14130
10399
13794
5127
13794
13837
13794
13846
6085
13827
6085
5737
744
8393
744
5727
744
811
353
5369
3333
8569
3333
10207
3333
12128
10866
2544
11770
13973
12348
8913
12348
2309
4011
9323
10754
12389
520
9119
520
5492
12653
4885
12653
12490
14058
13367
13272
13367
13272
2856
3491
1541
7772
13803
7800
13803
7800
10144
2869
3162
2869
63
31
3351
5380
5872
2307
3196
5913
10836
4008
5700
6300
5700
12078
11740
9293
4706
9236
4706
5779
4706
1705
11095
6218
11095
8219
11095
1836
1835
1824
1835
1523
1020
1023
1020
1535
1020
4483
3099
5760
8428
9703
8428
9219
8428
2920
3371
11062
13524
5786
2038
4740
2038
5117
5098
5117
5098
3209
3600
2649
10004
8312
10004
3257
2849
3231
2849
7426
7424
8956
7424
4018
8323
7146
8323
3103
7095
3518
7095
3966
2391
3849
2391
12422
2692
9368
2692
12733
2692
3546
2692
8753
2692
2040
8504
102
488
14028
4466
4476
4466
10495
4550
521
158
1449
1075
10598
7508
7526
7508
4612
2451
3194
2451
14009
8937
2213
4676
10129
2471
9173
2471
1105
1465
1515
1465
1253
1465
883
1465
7570
11495
7555
11495
9617
11495
2752
11495
11496
11495
11752
11495
9613
11495
2169
11495
8401
11495
3986
11495
9622
11495
10112
11495
3845
11495
3106
11495
8403
11495
9599
11495
3284
11495
3260
11495
9604
11495
4009
11495
3966
11495
6701
11495
8384
11495
3711
11495
9603
11495
6266
11495
3980
11495
3714
11495
3849
11495
3971
11495
7952
11495
9602
11495
10093
11495
10098
11495
3122
11495
10103
11495
13074
11495
9620
11495
3422
11495
9122
11495
6275
11495
3427
11495
6277
11495
10078
11495
9627
11495
3973
11495
3965
11495
9610
11495
8380
11495
9612
11495
3718
11495
12479
5535
13850
5535
13799
5535
13082
2931
2930
2931
11927
3889
4649
3889
4051
3889
11781
8939
11780
8939
8696
4241
11533
13970
8939
13970
930
842
12125
7602
3853
7602
4143
9233
3224
9233
4144
9233
3160
9233
1882
9233
3505
9233
3430
9233
4166
9233
13246
9233
4153
9233
3148
9233
13212
9233
6377
9233
12388
9233
13419
9233
3175
9233
3613
9233
9259
9233
4172
9233
13053
9233
3413
9233
3512
9233
4148
9233
4168
9233
4742
9233
6387
9233
13325
9233
3712
9233
4169
9233
4149
9233
3249
9233
4733
9233
9721
9233
3229
9233
13162
9233
4135
9233
3452
9233
13146
9233
12899
9233
13264
9233
3217
9233
3487
9233
3178
9233
3225
9233
3612
9233
4139
9233
13482
9233
13431
9233
13142
9233
6386
9233
13262
9233
3804
9233
3296
9233
13338
9233
3572
9233
3537
9233
3519
9233
13188
9233
3336
9233
12942
9233
3769
9233
8788
6836
4865
6836
7291
6836
4300
6836
12286
10114
8646
10114
5504
8825
5504
8825
11422
12193
2031
12193
6703
12782
12924
12782
8314
12782
3288
12782
10100
12782
7864
12782
8367
12782
13116
12782
2937
12782
3891
12782
10510
12782
2879
12782
3329
12782
7996
12782
2582
12782
5692
12782
8008
12782
6222
12782
8546
12782
12853
12782
9113
12782
10042
12782
13011
12782
7862
12782
10507
12782
10004
12782
2849
12782
2633
12782
7466
12782
11509
12782
6751
12782
8091
12782
1321
1408
1465
1408
8959
9952
7317
6866
9408
11631
9884
11631
9401
11631
11978
11631
13830
11631
9921
11631
6854
9263
10501
2631
3471
2631
14112
8969
12187
8969
6477
4271
10909
4271
11877
5174
5189
5174
11168
5565
12345
12757
11105
5519
8928
8915
13127
12443
1665
9987
12744
11410
11636
6754
7193
6754
855
856
3742
9989
6855
10208
11196
4436
12537
4436
11209
4436
1861
1881
1880
1881
12342
8967
12465
8967
5537
5517
1561
12759
6667
12759
3104
2433
3107
2433
3572
9616
13188
9616
2218
4205
10382
5511
11109
5511
5060
5511
4856
13394
10916
8692
13540
8692
4871
8692
12084
8692
611
793
103
506
7003
8880
7891
8283
8305
8283
2428
4579
5233
12272
11193
8243
6114
8234
6114
12279
6114
2196
11782
1806
1829
1830
1829
6794
9173
6212
12631
12484
11757
13317
11443
13179
11443
4344
12410
1637
9535
11693
4284
11012
4284
8764
4284
3400
4284
9735
2634
1808
4180
2938
4012
13765
6901
11760
11759
4897
11759
13290
11759
5811
2820
10277
2820
2809
2820
13375
6300
10887
6300
12565
6300
14009
10412
887
1253
2792
4577
4707
2679
8044
2679
13393
2679
7168
2679
7627
2679
3311
2679
3319
2217
2215
2217
12775
505
3852
505
1527
879
878
879
14049
5616
9942
5616
11964
5616
8002
2979
9818
2979
4942
2979
3167
9511
2923
2934
4307
2934
7733
2934
14127
4503
5211
4503
14030
9517
9434
8847
9432
8847
6063
8847
8654
8585
7446
1209
13170
9109
3748
9109
4748
2756
2763
2756
13636
5989
12266
5989
11772
5989
8769
4324
8769
4324
6031
5987
12599
5987
10698
9107
6035
12495
9603
9565
3427
9565
14087
14070
288
316
216
316
252
316
4396
8849
4396
8849
1626
9519
7353
5952
11659
5952
9484
5042
5572
5042
6995
5042
13883
5042
6118
5042
10626
5263
11792
5263
8821
6946
4651
9121
13724
11026
9495
13958
5632
13958
4138
11653
9265
11653
2316
3252
8795
4812
7734
4812
2970
9019
6730
9065
9674
9065
9675
9065
1669
1671
6000
10946
6510
4922
4345
4922
8880
12740
6173
7026
13900
7026
12807
3057
2240
3057
11131
2205
10375
2205
5531
2205
12482
2205
6573
2205
4258
10085
10817
10085
497
15
3920
184
7877
184
12767
184
12806
184
9635
9017
9584
9017
9903
1933
13808
1933
1650
1651
9580
9011
3422
9011
1552
1556
1555
1556
5873
5354
5092
7366
3787
7366
11123
7366
6574
7366
4353
8093
9433
13647
10337
7336
5478
7336
5489
7336
5505
7336
6950
7336
9854
7336
4076
8361
3665
8361
5959
10901
10961
10901
4934
10901
11053
6004
2524
10300
12243
8960
20
310
459
310
479
310
10259
6412
9773
6412
8786
6412
4206
1951
6404
1951
1629
1633
3395
1971
13685
1971
13640
1971
13792
1971
4987
1971
8178
1971
2819
9035
4393
9872
6033
13571
8706
9700
1508
1048
1399
1048
684
671
13
671
25
671
522
671
700
671
9686
12770
12111
12770
9628
12770
4672
12770
13190
3509
6855
3509
6226
1064
12657
11348
718
709
19
709
383
709
90
149
4294
2155
10279
2155
3750
5985
8604
9105
10748
9105
7698
8589
10227
8589
8107
8589
12711
8658
12485
8658
6799
12497
10708
9567
6776
9567
9183
9567
11546
5183
14083
5183
11619
6494
2411
2434
12414
14129
11286
14129
6837
7654
8111
7654
7843
5666
5219
5666
12906
2479
4667
2479
1787
10191
1772
10191
5497
5476
14076
10432
11520
8274
4895
9171
12120
5213
11291
5213
4508
5213
1733
8552
1744
8552
11346
12423
10946
12423
5440
12423
6008
12423
12502
6134
12338
12094
1467
1063
1064
1167
9090
9569
3656
9569
5176
9515
7045
9515
7045
9515
10371
8845
6420
7278
12713
8587
4322
11651
4339
12499
1549
9539
3379
9539
10824
10578
4776
10578
5484
1869
10352
1869
1843
1869
8036
9141
9129
415
7161
415
12616
415
3639
415
12602
415
10837
13262
9798
13262
3633
13262
5752
5281
14052
6164
5136
6164
8788
8156
10594
4575
3618
4575
10832
4575
6092
11596
12090
5636
12090
5636
9515
5636
4537
4530
6219
4530
1394
1088
582
631
448
631
5827
10672
13391
10672
1579
9904
8900
9904
11665
9904
12464
10462
10471
10462
1839
1849
2996
3038
7424
11755
5721
8343
9097
8343
2101
2099
2075
2099
6722
6702
7261
6702
3562
2835
3257
2835
3800
2492
3716
2492
6651
9537
2804
9037
6277
6672
7107
6672
11799
8198
12450
8198
8858
8198
8903
8198
13784
8198
13730
8198
1060
1525
2561
6462
5228
7444
12737
5560
13730
5560
7350
12178
2145
7194
1686
1692
13578
10702
1821
10702
12922
10702
9279
8448
3568
8448
11462
11461
764
202
13637
4832
2825
9302
12328
6578
250
560
49
560
74
560
8478
12720
2431
12720
11869
13980
11988
9039
4892
1931
4840
1931
8974
12288
6839
10087
3225
10087
12045
12328
14022
12328
4303
3334
8723
3334
10267
3334
3576
9015
6693
9015
2571
9015
3448
9015
2008
9015
13159
9015
8502
9015
13233
9015
2460
9015
5687
9015
5693
9015
8307
9015
2104
9015
7544
9015
4619
9015
8487
9015
9132
9015
11538
9015
1973
9015
2471
9015
11653
9015
2479
9015
7105
9015
4657
9015
2952
9015
5291
9015
2436
9015
3017
9015
9175
9015
3806
9015
1630
1631
7757
1631
3148
9069
4148
9069
1964
4862
7954
10052
7953
10052
3379
5471
4121
10851
4121
3138
4121
9542
11256
1118
1140
2068
10494
12765
10494
1002
1297
1251
1297
6468
7316
7173
9067
1438
1254
3231
2881
3781
2881
8713
6432
1560
10089
10655
10089
6987
11097
11329
11328
5836
5302
5329
5302
10576
2829
12535
2829
5312
2829
2805
3991
2264
3709
2280
12256
1673
1679
1678
1679
792
543
206
543
540
543
38
543
606
543
101
543
1798
1820
1824
1820
1463
882
4554
1381
8364
1381
5241
1381
5356
3331
4338
3331
8656
3331
9480
7001
13695
13645
5117
13645
5098
13645
6064
13529
6064
13529
10551
9560
8318
9560
3110
9560
4656
9560
10531
9560
6255
9560
8322
9560
3213
9560
2742
9560
7506
9560
4609
9560
4607
9560
3118
9560
3470
9560
4595
9560
10540
9560
3253
9560
2827
9560
3290
9560
10520
9560
4597
9560
10524
9560
4613
9560
10516
9560
7086
9560
10536
9560
5276
9560
5255
9560
9040
9560
3104
9560
7525
9560
5752
9560
2649
9560
2782
9560
4615
9560
4617
9560
9054
9560
7486
9560
3797
9560
10517
9560
9041
9560
6712
9560
8320
9560
10537
9560
10569
9560
10515
9560
2749
9560
3809
9560
10542
9560
4577
9560
9037
9560
10541
9560
9034
9560
2621
9560
8312
9560
3803
9560
4640
9560
8324
9560
11579
9560
3107
9560
6285
9560
10947
1634
6930
1634
9380
1634
14155
1634
3314
11099
10416
11099
12349
13796
13612
13526
8851
13526
6050
13526
1749
1756
2223
10490
10493
10490
13990
6089
748
487
12478
13799
397
391
4411
1934
11151
1934
9903
1934
5099
1934
13336
13178
13370
13178
2251
3278
550
157
1946
1979
1999
1979
12693
3400
11356
12461
11542
12461
2560
3691
5479
10926
1050
998
1007
998
6646
7046
8813
4942
13925
6052
5101
6052
5108
6052
6115
6052
9313
10816
5197
14080
3285
14080
4869
11720
1644
11288
9982
11288
9984
11288
5563
6087
2060
2057
1938
2057
6515
6926
11060
5022
6149
5569
13754
5569
8910
5569
7357
11046
3354
8965
2663
2671
9282
2671
5151
8919
1828
4221
6088
5515
4108
2300
12606
2300
12498
9213
13287
10134
11599
10134
6465
4207
7703
6816
6120
8829
9907
8829
12466
8686
7805
12596
11332
12596
12407
9476
13976
9476
12406
9476
8832
8827
5997
6490
12625
13399
13995
6191
14061
6191
12696
8911
9852
2556
11921
2556
9429
2556
8782
2556
8825
2556
11720
9666
4207
9666
13479
4344
4863
4209
3550
4209
4813
2651
7272
2651
10909
2651
13801
5567
2923
2933
4864
2933
9319
2933
12118
12755
12002
8917
7936
8310
3170
8310
1627
9985
6550
8188
2845
11497
4407
5537
10396
5537
9459
5537
3471
2633
7454
2633
8397
2951
3100
2951
10089
9060
466
71
216
71
359
71
5102
4416
9509
4416
5119
4416
11777
5904
9395
5904
10954
5904
13501
5904
5022
5904
6939
5904
9258
9184
11025
11001
7361
9636
2643
7099
821
109
3335
13396
3947
7097
5716
7097
4725
10164
4247
9281
13400
3155
5449
3155
57
396
158
784
4624
11423
7541
11423
6298
13094
6309
13094
8513
13094
2602
4102
12522
12651
6199
12651
1856
13581
2410
2431
3632
4273
5144
8935
5145
8935
13506
2971
12246
2971
11751
2971
13839
11499
7028
5539
5599
5539
14041
5539
12101
4890
5298
13184
11675
13184
7213
13184
6376
7187
8596
7187
10322
3007
4339
3007
11536
3007
10307
3007
3845
2255
3718
2255
10399
11658
5127
11658
13837
11658
5380
4772
5047
13572
6521
13572
12578
13572
13854
6571
9791
11589
13318
11589
6596
12105
6455
4800
6749
7152
5345
3202
3260
13060
6710
13060
13876
6146
12576
4424
10414
4424
13891
4424
2806
11845
898
900
964
900
4259
12935
10256
12935
11369
5806
8633
5806
12128
8098
11651
8098
4245
8651
10836
8651
5127
11587
5715
13224
2682
13224
11297
11274
9960
12171
4137
7189
4140
7189
12418
6505
5483
6505
5037
6505
9330
7706
13562
7706
3871
9094
3405
9094
11130
11091
7365
11552
13453
11552
6059
11552
5587
6101
4475
12141
8363
12686
3784
12686
4582
12829
12208
12829
11451
6400
5930
6400
6526
10312
7818
9895
9525
5644
12226
5644
9929
14100
11525
6250
10170
3993
12552
12919
978
1026
4773
2367
12108
13730
10586
12965
13109
12965
12418
6541
12449
11343
2321
8755
11980
12917
13750
12310
9295
2347
13355
2347
3337
2105
7309
2105
804
332
3923
1387
12306
1387
6978
6914
9746
8596
10216
8596
5832
8596
12241
12827
10800
6824
4335
3559
4335
3559
13045
12911
3535
12911
4892
9712
4841
9712
3284
2487
6277
2487
362
348
1430
865
6232
1425
2617
10541
11406
11448
8974
11448
12036
7271
12227
7271
9332
7271
6566
8174
11489
8174
13880
8174
12507
8174
8828
8174
8781
10914
2646
3927
14048
11198
8241
11198
7068
5238
9
65
637
65
575
65
6229
3467
12132
12037
7779
5997
11351
5997
7295
10824
4293
9178
4289
9178
549
24
9255
2818
4768
2818
2809
2818
4902
13680
4906
13680
3322
3447
3814
3447
7690
12039
3922
12039
13853
10400
11019
5999
5334
6312
5759
6312
7197
6312
13140
7205
6334
3015
3235
3015
5834
8461
2486
8461
3387
13756
10250
4570
537
5251
537
11830
537
10017
537
5682
537
4856
4178
5926
4178
9543
7436
4510
7436
8979
7436
6143
3826
9923
3826
12333
4508
4529
4508
10280
7676
6955
2117
5073
2117
2686
2706
8473
2706
5755
2706
7949
7466
13384
7466
13727
5454
7266
7550
10754
7550
677
163
436
163
689
163
1190
1221
1506
1221
1310
1221
14102
11189
11197
11189
2313
10505
5265
10505
3940
10505
11899
493
3052
493
1751
12069
12314
12069
8536
7091
9197
7091
6195
12015
3274
12067
3274
12067
7050
14045
3065
1032
6292
5268
9631
5268
13428
3627
13435
3627
7413
11187
4641
4602
5659
8256
6713
10571
10655
10571
5095
11152
3752
7241
7288
7241
5433
7324
9819
7324
6511
7324
3180
10584
10727
10584
10483
1204
4954
3221
13670
3221
3304
2376
4292
2376
1700
1714
1708
1714
9614
7503
9068
7503
2276
3695
3623
8328
4706
8328
2641
9999
7099
9999
8725
13069
9347
13069
9790
13069
963
874
10899
10277
6387
13015
13264
13015
235
359
276
359
705
359
5836
13067
13993
13945
12011
13945
445
126
133
126
3682
10279
8593
8042
6844
8042
1729
9238
10766
9238
5247
9997
10542
9997
2621
9997
224
749
373
749
5240
7064
12759
7064
1969
1987
2023
1987
730
692
607
692
6124
12448
10387
12448
3553
12448
1688
1687
1684
1687
774
140
9466
12198
13161
13037
8700
13037
13064
13037
5172
7034
7990
7579
6507
9268
4329
9268
13172
7577
11932
7577
12511
8720
4985
1886
3207
1886
13309
13039
10156
13039
9027
8288
7685
8288
9038
8288
8909
9454
8907
9454
11736
9454
10219
10203
996
1222
1311
1222
1142
1509
1226
1509
1255
1509
6936
7284
2183
13141
11391
11686
6081
11686
5536
11829
1388
1460
9453
9806
1620
6203
5206
6203
1615
6203
2514
3898
8494
3898
2438
11919
7363
11965
5979
4336
9127
12343
3889
12343
8494
12343
5159
11310
13609
11917
8892
11917
7216
10146
12823
4061
1041
1069
1445
1069
864
1069
11699
11827
3662
11827
13665
11034
3280
11911
8428
11911
2555
13271
5785
7922
8511
7922
4683
3476
5290
3476
8450
3476
12797
12184
12183
12184
13256
6279
10737
6279
7961
5712
9117
5712
7583
5712
1427
1236
13878
11064
8102
12658
8694
12658
3108
8497
4296
8497
2462
13105
12590
12589
12590
12589
4426
7812
4426
7812
7388
12060
11704
5093
12116
5093
11763
5093
3599
3598
3599
3598
12348
6584
9158
12845
10689
12845
2964
12845
9154
12845
2314
12845
9652
12845
2190
12845
2204
12845
9132
12845
9658
12845
7164
12845
7600
12845
6306
12845
9142
12845
12720
12845
7187
12845
2305
12845
2274
12845
2510
2514
2464
13330
10186
11935
10186
11935
5939
5895
5429
5895
5322
9644
13813
4366
10240
8499
8684
8499
4231
8499
4253
8499
5852
8499
4251
8499
1733
8499
1906
8499
3659
8499
10860
8499
8555
8499
4254
8499
6863
8499
3668
8499
5875
8499
1693
8499
4240
8499
6878
8499
5869
8499
6375
8499
6885
8499
5814
8499
4227
8499
4249
8499
10852
8499
6887
8499
8668
8499
10249
8499
8116
8499
4261
8499
10236
8499
10242
8499
13134
8499
7729
8499
1710
8499
4246
8499
1783
8499
5866
8499
4237
8499
5844
8499
4235
8499
10238
8499
10239
8499
8134
8499
7712
8499
1769
8499
1719
8499
12998
8499
10855
8499
8135
8499
10164
8499
1744
8499
5853
8499
10256
8499
12934
8499
9729
8499
8121
8499
12366
8499
3076
8499
5802
8499
12197
8499
12670
8499
2258
12587
6322
12587
9646
12587
9153
12587
1913
12587
8010
12587
10127
12587
2050
12587
8023
12587
6741
12587
5294
12587
2008
12587
2328
12587
7605
12587
10123
12587
8446
12587
10674
12587
2268
12587
2148
12587
8024
12587
3443
12587
6738
12587
10669
12587
6763
12587
4048
12587
10664
12587
7976
12587
3533
12587
9145
12587
2154
12587
6304
12587
9148
12587
2188
12587
3329
12587
7986
12587
10668
12587
6765
12587
10681
12587
9162
12587
7975
12587
2171
12587
9653
12587
2333
12587
9135
12587
7983
12587
2285
12587
1996
12587
12876
12587
10126
12587
8022
12587
7602
12587
2291
12587
3510
12587
7981
12587
10682
12587
8466
12587
7179
12587
2345
12587
8017
12587
10696
12587
9130
12587
8026
12587
8429
12587
2125
12587
6316
12587
541
304
78
304
575
304
9291
12274
7686
12274
6467
13171
13414
2713
9053
2713
13252
8423
2579
8423
2260
8423
5742
8423
6750
8423
13234
8423
2954
8423
3428
8423
2953
8423
2097
8423
5295
8423
13116
8423
9144
8423
2156
8423
9166
8423
2484
8423
12841
8423
3032
8423
9161
8423
2103
8423
8006
8423
6737
8423
2597
8423
2146
8423
3523
8423
6748
8423
2011
8423
9169
8423
2012
8423
8457
8423
3031
8423
2262
8423
9168
8423
2079
8423
8458
8423
3436
8423
12866
8423
2355
8423
2596
8423
3025
8423
2127
8423
2442
8423
8436
8423
5749
8423
2808
8423
8019
8423
2461
8423
6324
8423
2418
6277
11604
12552
7316
12552
2041
2040
2022
2040
6791
10101
8539
10101
5062
11060
11082
11060
12249
11060
6023
5459
3125
2167
13391
2167
468
707
719
707
491
147
368
147
3081
1596
6108
12064
13064
8103
13273
8103
12724
13445
7579
13445
759
276
371
276
243
276
232
276
297
276
790
276
93
276
279
276
5615
11184
12145
11184
13918
11184
11399
9001
8336
9001
8585
13091
6827
13091
4847
13091
13614
13537
12008
13537
4941
4938
8770
4938
9990
7843
7443
7843
3352
5462
1797
5977
1797
6124
5482
10387
5482
3553
5482
10378
10935
12650
2305
6374
2305
3246
5743
3200
5743
1523
829
4296
2147
3730
2147
146
435
13550
5457
1350
1160
13533
10919
3067
3098
6515
10965
8182
8179
8191
8179
8823
8179
12021
9046
1760
9710
1772
9710
4740
2039
3407
2039
7642
10686
3153
10686
10327
4968
13203
2848
3170
2848
5667
12312
4524
12312
3096
12312
10867
10829
13454
2074
4121
2074
5422
3417
13266
3417
5965
3417
10617
3045
6733
3045
498
172
174
172
767
172
8202
7345
7799
7345
11050
7345
11095
7345
12531
3065
2130
3065
10303
10911
3845
12034
4635
12034
5468
5994
9555
1371
1380
931
7301
10827
4695
2868
4686
2868
11581
10310
5438
10917
9866
1896
9462
1896
5068
1896
8843
1896
8815
8177
1708
1723
1716
1723
5428
6911
8159
2724
2603
2724
4276
2724
9366
2724
3048
12824
2552
12824
13656
13599
8595
3888
13010
3888
3785
3888
2338
3804
2511
4085
7980
9625
5751
9625
6430
8490
9801
6827
10943
2317
12395
2317
3556
2317
2522
2523
5909
2523
9771
12914
8639
6310
5343
6310
9830
6917
13674
6917
4797
12541
1460
1118
1581
5649
7046
5649
10309
6919
4388
6965
14056
5647
2450
3073
13919
8926
8249
8926
5376
8081
13544
12250
14059
11203
8407
6686
12647
6686
7815
13701
11395
13701
7709
6829
10799
6829
13385
6829
13304
12400
8345
12400
2759
9680
5003
8816
3383
9470
2160
13518
7853
9546
1612
9546
1425
1255
11154
6078
9972
11277
1605
11277
5920
12505
6932
12505
7760
12505
12324
12505
13764
12505
5956
12505
3431
13189
4423
13705
11116
9440
13461
9097
8701
9097
7792
6935
4427
3199
4620
3240
4620
11751
11584
780
767
6438
8013
12258
8013
8493
8013
539
224
11975
9501
10241
13152
1622
7060
1578
4429
4431
4429
10335
12571
12006
12571
8188
12571
4597
2452
4613
2452
4694
13596
1567
13596
2634
13596
8572
13187
5311
13187
9286
9099
13262
9099
9808
3405
5346
3405
9918
13845
9342
13390
11421
13390
6898
13390
8029
7184
10760
7184
11282
11279
10467
11279
4493
13983
5546
13983
5546
2726
2743
6989
11069
2090
5470
11094
6552
9880
11015
6468
12277
4974
12189
12129
7171
10840
7171
10843
7171
3120
6274
6723
6274
11838
11505
8976
11505
12288
11505
2696
5680
2946
13301
8904
6587
3164
5018
9377
2544
11489
2544
12507
2544
8828
2544
12252
2544
766
366
222
366
12166
7592
12573
7592
9352
6845
9775
6845
7726
6845
3473
12584
1574
1575
1573
1575
10534
2678
10533
2678
1947
9647
4151
9647
838
950
960
950
11794
12152
10794
8494
4833
2025
3258
2025
9298
9649
11574
9649
1806
1828
1830
1828
12151
6658
7065
6658
7006
6589
2913
11571
5261
11571
2771
11571
6698
11571
2734
11571
2521
11571
11787
11571
11557
11571
13159
11571
13061
11571
7062
11571
2677
11571
5245
11571
2989
11571
3923
11571
3463
11571
2483
11571
12953
11571
8996
11571
13058
11571
10016
11571
5698
11571
10489
11571
9559
11571
9059
11571
8992
11571
13040
11571
3426
11571
2435
11571
3916
11571
7082
11571
2668
11571
10500
11571
6236
11571
10015
11571
7453
11571
9126
11571
3543
11571
13111
11571
2647
11571
7087
11571
6666
11571
2898
11571
10022
11571
2586
11571
7074
11571
3577
11571
11632
11571
3590
11571
3462
11571
2931
11571
2631
11571
2633
11571
12911
11571
5238
11571
3467
11571
7094
11571
7480
11571
8300
11571
2744
11571
2883
11571
10498
11571
7448
11571
2504
11571
2912
11571
6241
11571
13043
7105
9709
7105
11304
2564
4994
2564
2563
2564
13389
13284
13333
2291
13422
2291
14137
12187
8978
12187
11796
12187
579
101
11598
5625
13988
5625
13984
5625
3981
7498
3985
7498
787
480
8697
2763
11358
2763
12505
2763
10358
11067
12548
12279
4599
2396
3220
2396
12225
13790
10637
11824
8573
3127
11359
4445
12284
4445
1752
10198
10395
11037
8879
11037
9899
11037
4869
2176
3325
2176
9957
10448
14095
10448
3259
8702
8415
11914
6688
11914
10095
11914
3376
11914
9079
11914
6725
11914
7121
11914
6731
11914
1819
4195
6789
6343
5053
11541
3274
11541
12067
11541
13610
5501
562
245
834
1177
1355
1177
1230
1177
9604
2978
3942
2978
1418
1073
14134
11250
8962
11250
14131
11250
8886
12203
10253
13305
5927
13305
906
907
7117
2741
3945
2741
9278
11400
13642
11039
6000
5440
2723
10078
3670
7141
13173
7141
11463
9457
9357
8578
11620
8578
800
786
12291
9743
4165
3233
7330
7287
180
86
12407
9482
13976
9482
12406
9482
4355
11312
4677
7574
4709
7574
13088
4751
10448
7039
2801
13208
5873
7252
13390
7963
14182
11141
1541
3727
13034
10733
13034
6333
8462
7624
8462
8253
6198
11994
6198
6644
6198
13444
8672
6940
8672
3859
8672
9973
7037
7427
7037
1919
1952
3771
7289
5905
6448
9862
10343
5093
9459
3507
3584
4575
3584
2202
3271
7780
1764
8187
1764
2803
3560
6924
10658
12136
10658
10722
10658
11715
3508
2919
10589
2948
4696
3326
11105
12259
7329
11056
7329
1563
1003
912
1197
912
1336
912
1438
1524
1485
1480
1049
1480
1113
1480
13282
8432
13674
3783
13226
13064
7764
8150
8767
8150
5439
8150
10484
9994
1651
1652
4116
4655
13519
4655
11650
7067
10085
7067
5590
5108
11203
5108
7400
5108
13899
12091
7530
7069
8348
7069
5568
7810
210
108
7755
13273
6634
7015
6634
7015
4456
7015
3190
10552
4653
10552
5967
10274
6515
10274
11191
11171
6137
11171
8517
7933
8538
7933
5462
4848
6981
4848
1543
507
550
11334
2775
12677
2775
11031
2775
9838
2775
9345
2775
10969
2775
9642
5710
8163
7327
2164
3296
12982
10587
9360
10845
5334
3251
5759
3251
1737
1744
13029
9064
13143
9064
14141
3801
11876
3801
56
512
1643
12432
12146
12432
3185
12432
13006
12001
7803
6041
5797
8068
262
621
593
621
152
621
1955
4151
10693
10497
11481
10497
9029
10497
8313
10497
7900
10497
10595
10497
4598
10497
5738
10497
7868
10497
4594
10497
4572
10497
5719
10497
9062
10497
7891
10497
4638
10497
4590
10497
13344
10497
3721
10497
7888
10497
3571
10497
8303
10497
7954
10497
10529
10497
7906
10497
8305
10497
4646
10497
4580
10497
6299
10497
9020
10497
7110
10497
7953
10497
2648
10497
4610
10497
7084
10497
10534
10497
10526
10497
7522
10497
13165
10497
7114
10497
3298
10497
9030
10497
7897
10497
10533
10497
7517
10497
7088
10497
3442
10497
7113
10497
3860
10497
10628
10497
11898
10497
7894
10497
9019
10497
9035
10497
7493
10497
8332
10497
4592
10497
5723
10497
7497
10497
2339
10497
7150
10497
3645
10497
3322
10497
3657
10497
9033
10497
3814
10497
13081
10497
10577
10497
448
384
13431
2299
6386
2299
2823
2902
12098
2902
11429
2902
2246
10499
13397
4786
5367
5355
5106
13589
9457
13589
8642
10160
6831
10160
2111
4171
3175
10084
3217
10084
1195
1191
1242
1402
1315
1402
3908
3955
9171
3955
4914
3955
5133
10423
13136
6328
8430
6288
9640
6288
8995
7449
7077
7449
11801
3655
5524
3655
5544
3655
5578
3655
12198
3655
10960
3655
609
349
1389
1424
863
864
862
864
6793
6720
8015
6720
1059
848
11120
12578
5072
12578
13793
12578
12295
12046
6929
2602
10305
2602
13838
2602
8168
2602
9816
2602
11866
7199
11070
6005
9841
13586
9385
13586
4958
13586
1854
4133
12153
7197
1778
5853
7269
13338
13423
13338
5890
8038
7264
9242
3549
12462
9407
7753
13575
7753
13405
7753
2832
9034
538
748
2261
7447
12782
7447
12673
12672
10930
12672
9888
9392
13875
9392
4392
9392
7814
6071
8726
12702
7719
3572
11770
3572
13923
9921
9930
9921
9963
9534
11928
13235
3596
13235
4302
13235
12643
4823
9506
13899
8937
13899
1673
1680
1678
1680
5108
6115
8822
9831
10999
9831
1033
1417
5640
6169
5640
6169
1936
4913
11742
9907
8899
9907
7011
9907
3211
11490
9411
1819
9829
1819
4848
1819
10937
1819
12351
9320
13443
10288
3384
9909
2833
2830
12533
2830
13662
2830
11325
2830
5397
2227
3319
2227
13464
2227
10792
3710
3234
3710
5353
3710
11596
11816
14106
6167
4248
10720
11855
10720
10383
3758
13778
4285
8763
4285
5928
4285
8761
4285
13638
4285
5617
5591
13951
5591
6156
5591
9501
5591
12521
5591
6860
11926
13964
8203
2057
4022
5479
6499
12708
3191
13121
3191
5370
8584
3174
4325
4362
4325
4580
8277
11670
8277
10283
6423
1840
7659
8000
12097
2158
12097
7520
12097
9044
12097
2401
12097
4126
12097
2350
12097
2477
12097
2097
12097
8024
12097
8369
12097
8545
12097
2066
12097
7561
12097
5698
12097
8500
12097
5705
12097
8452
12097
7615
12097
5256
12097
2271
12097
9164
12097
9073
12097
8353
12097
8568
12097
1730
12097
12035
12097
9069
12097
4209
12097
7577
12097
2365
12097
2173
12097
14051
6137
9919
6137
2693
7588
5023
10328
5023
10328
1914
12099
2521
12099
10677
12099
9609
12099
10615
12099
8477
12099
2459
12099
3587
12099
10714
12099
2253
12099
2353
12099
2146
12099
10159
12099
7975
12099
7167
12099
2302
12099
10616
12099
3951
12099
2221
12099
1863
12099
10573
12099
2391
12099
8552
12099
9189
12099
2402
12099
2045
12099
10592
12099
2553
12099
2239
12099
6344
12099
5628
6139
8621
7657
6857
7657
510
2
1065
1536
2856
13292
5595
13896
4415
1980
7012
1980
6098
1980
11754
1980
5094
1980
13962
1980
5030
4981
5005
4981
2628
8279
11965
3399
3339
9728
3695
9728
7714
7682
12386
12494
9420
4380
1442
1079
1322
1079
865
1079
863
1079
9976
9973
7929
9564
2730
9564
2646
13317
3484
6497
12240
6651
2830
9591
561
274
6865
2082
11469
2082
10053
7094
5706
7094
5287
4583
4629
4583
2604
10167
832
1042
10795
13097
12452
13097
10777
8505
3291
9189
3864
9189
5047
5909
6549
5909
11669
5909
10354
5909
6521
5909
12716
13099
1417
875
2419
5320
12682
5907
100
358
5135
13996
13389
9187
4794
5831
8036
10115
8093
10169
5322
11494
4414
5534
12451
2921
4284
2921
6360
9152
4110
9152
11467
7731
8147
7731
3508
7731
5818
8571
13080
10256
13443
10256
10870
10256
5969
5921
1117
1205
881
1205
1105
1205
1208
1205
11837
11702
4989
11702
3760
11702
8245
8914
5627
8914
14094
5175
2619
2621
4952
13717
6605
5564
4442
7828
8090
7556
6804
7556
13644
5973
8625
6755
13185
6755
7715
8541
6857
8541
12272
13999
13510
7918
10746
7918
13968
11178
12378
11178
11181
11178
8413
5728
10652
5728
2779
5728
2383
5728
8422
5728
2882
5728
9639
5728
2901
5728
8417
5728
7966
5728
3441
5728
7959
5728
9116
5728
7144
5728
2292
5728
2332
5728
8421
5728
7148
5728
10645
5728
9118
5728
2479
5728
2835
5728
2881
5728
2868
5728
10651
5728
9629
5728
10640
5728
7965
5728
7969
5728
7967
5728
8416
5728
2239
5728
7964
5728
8425
5728
7156
5728
7578
5728
9430
8824
13907
6596
13969
6596
9517
6596
6369
10139
11311
10139
3830
4347
11144
13692
12638
13692
3396
13692
14123
12490
5203
12490
3829
12490
1839
4204
7363
4349
13671
4349
11708
10137
13287
10137
4818
10137
3472
10137
11599
10137
1825
10137
7621
10137
3277
10137
1805
10137
1712
10137
3851
10137
1689
10137
1694
10137
11948
10137
1683
10137
9202
10137
1717
10137
3456
10137
7642
10137
4137
10137
13451
10137
3153
10137
3188
10137
2486
10137
3693
10137
3694
10137
3799
10137
6803
10137
7660
10137
1782
10137
1905
10137
7643
10137
4167
10137
4147
10137
7211
10137
3205
10137
4155
10137
4736
10137
1759
10137
3818
10137
1947
10137
1735
10137
4145
10137
6802
10137
8486
10137
3411
10137
3265
10137
4138
10137
3701
10137
4140
10137
3501
10137
4180
10137
1849
10137
3202
10137
4178
10137
13091
10137
13189
10137
4151
10137
7655
10137
1743
10137
8060
10137
1788
10137
1701
10137
4162
10137
1766
10137
3373
8400
4042
8400
1528
1056
5301
12816
12609
13880
12608
13880
11454
13880
3380
12948
12926
4618
12926
6267
12926
12993
12926
3617
12926
14108
8250
5140
5130
11884
5130
13986
5130
1661
10461
2644
8312
1248
1506
1352
1506
1450
1506
6084
12674
13480
802
322
10597
11578
10689
11578
2787
11578
7467
11578
7080
11578
10678
11578
6771
11578
12932
11578
6303
11578
13124
11578
10527
11578
3006
11578
3426
11578
3043
11578
7542
11578
10645
11578
3152
11578
2877
11578
2814
11578
2361
11578
2294
11578
10538
11578
2570
11578
2974
11578
12876
11578
13015
11578
12230
11578
2238
11578
7230
11578
7098
11578
7505
11578
3615
11578
5803
13046
5333
13046
11249
6160
9515
6160
556
153
715
713
528
713
6073
6461
11007
9355
13600
13563
13600
13563
4778
2480
12241
2480
1900
7640
12916
2198
13335
2198
5530
5033
5810
10755
4414
11462
3666
10041
4071
10041
6768
7178
12887
3537
4758
3537
4054
10596
4029
10596
11378
11672
6647
11672
4482
11672
2430
4758
860
1310
1504
1310
5935
4861
13187
10071
5416
5392
11758
11432
4787
13001
6865
13001
5364
13001
12734
13001
9759
13001
13095
13001
9766
13001
2101
2100
2075
2100
113
55
8311
7480
10525
7480
1839
1850
5084
5063
12972
6256
13054
6256
9558
5242
9272
7670
3136
7670
13790
13738
5568
13738
11541
9853
9020
10005
10526
10005
1869
1870
1884
1870
4696
10651
3173
10651
7045
7425
6643
7425
3300
9091
8538
9091
5528
11094
11129
11094
5526
11094
13294
3853
4904
3853
2569
10135
8069
10135
9186
13315
6326
13315
1508
1502
1345
1502
1343
1502
8231
13994
1649
11300
2035
5340
3565
5340
9719
5340
9730
5340
13144
5340
13243
5340
11793
5340
9720
5340
10185
5340
10189
5340
8089
5340
2294
5340
7242
5340
2445
5340
7221
5340
2155
5340
10191
5340
8578
5340
10193
5340
9725
5340
13022
5340
13063
5340
6797
7968
8509
6759
11010
8573
3815
8573
6946
8573
13383
8573
1944
11901
12556
5941
10841
9748
11518
5514
11518
5514
9964
8964
9544
5179
4302
12754
11041
6443
5472
6443
4532
5177
5194
5177
12611
10348
1670
9984
2177
6757
13030
12866
8495
12866
14114
6193
8962
6193
8826
4345
9412
4345
4921
9796
5842
6782
1897
1902
4918
1902
11024
5905
5962
5905
10940
5905
13298
9185
8599
8509
11389
8509
2295
12836
3458
12836
10684
12836
9660
12836
10678
12836
10697
12836
10665
12836
2001
12836
9656
12836
13327
12836
9651
12836
10680
12836
8008
12836
8455
12836
8459
12836
2033
12836
8453
12836
8004
12836
2162
12836
8443
12836
10672
12836
2347
12836
2167
12836
6310
12836
9649
12836
10117
12836
2191
12836
5748
12836
9645
12836
4657
12836
5296
12836
10706
12836
7174
12836
9662
12836
1601
1602
9978
1602
4187
10117
3242
10117
11419
11946
11839
5103
6186
5103
10440
5103
12521
5103
4448
5103
4676
10111
4659
10111
12735
3510
12369
13858
7807
13858
8905
13858
4335
3558
4832
3558
3559
3558
8644
10653
778
764
570
808
787
196
1083
1266
5463
5971
12567
5971
9729
8521
10772
8521
13750
9851
11959
8934
4943
2421
2408
2421
5326
10119
8869
3772
11860
3772
11897
3772
6407
10165
8642
10165
3771
13237
2992
7938
5879
5370
7333
5370
13698
5370
9782
5370
5425
5370
5973
5370
11398
4843
13573
4843
4915
4843
13155
13095
11962
8507
5248
10007
10506
10007
9566
10007
3928
10007
9561
10007
2381
10007
7875
10007
10510
10007
9002
10007
3043
10007
3564
10007
10019
10007
7073
10007
8292
10007
9565
10007
9017
10007
2588
10007
13323
10007
8287
10007
13545
2819
2809
2819
1978
4134
8513
7620
9442
5013
6095
5013
5508
5013
12387
7427
2663
2680
5917
2680
790
234
10203
9222
3714
10021
9620
10021
1631
4179
1446
1082
2277
2276
3319
2276
2119
3321
2778
7493
5506
12026
7927
8332
9246
8332
9235
8332
7047
7429
7048
7429
3547
1830
5464
1830
1171
1196
9425
13458
11486
10009
9574
10009
6653
14074
10443
5175
10443
7768
9359
3198
6348
7275
6348
8093
10757
13259
10193
13341
2191
4201
2191
4077
8362
3719
8362
10803
10782
2996
13218
36
357
112
461
4132
10073
3226
10073
6439
11412
12199
11412
4984
9382
1412
961
1437
961
1526
961
12234
10759
5116
5081
3707
2980
2979
2980
484
191
457
191
25
191
323
191
13561
9357
8160
9357
6314
12208
3602
12208
13768
6009
6968
6009
8904
10410
6807
7195
10759
7195
3082
6388
6770
8603
3890
8504
3890
818
402
4732
10631
3407
10631
12544
3854
13149
3854
10790
3854
5232
7445
6838
3287
6556
6021
5995
8776
3074
5222
11360
12412
7015
12412
3292
1921
1920
1921
5510
6007
6048
6007
13647
6007
8269
11208
2509
4592
7428
3737
10865
5357
6894
5357
6449
5357
13031
8018
9339
8018
186
539
838
940
918
940
9902
6073
8880
6073
831
1483
1410
1483
830
1483
13449
5382
12747
5382
13537
5382
1621
3201
9014
7139
9014
13104
13026
8481
6740
7614
6740
13500
6740
3456
3455
14156
4498
12387
4498
5209
4498
12432
4498
8981
4498
9938
13870
1854
13584
1773
4131
4181
4131
4949
5359
3847
2402
3361
2402
9025
10495
3029
10495
13045
10495
3192
10495
3324
10495
4576
10495
10053
10495
9024
10495
2780
10495
4608
10495
3186
10495
5717
10495
11570
10495
8311
10495
7090
10495
2694
10495
8315
10495
11393
10495
7892
10495
13072
10495
2683
10495
7072
10495
10525
10495
6691
10495
2659
10495
3511
10495
13082
10495
12982
10495
7529
10495
6229
10495
3281
10495
2930
10495
8997
10495
3724
10495
10501
10495
3575
10495
2676
10495
4568
10495
3471
10495
9009
10495
4581
10495
5275
10495
2627
10495
5706
10495
7454
10495
10632
10495
10038
10495
9556
10495
7905
10495
4591
10495
4654
10495
4579
10495
3038
10495
2829
10495
2743
10495
3233
10495
10499
10495
7068
10495
11324
10495
3425
10495
10620
10495
10083
10495
3535
10495
4606
10495
10779
7655
6384
7655
10208
7655
12177
11836
7697
5796
5824
5796
7696
5796
6832
4036
8131
8108
5857
8108
12192
1423
4562
1423
5345
10740
1430
863
11614
12946
10269
12946
6151
8230
5162
5150
6978
13470
13777
5984
1350
992
1319
992
5982
4329
3873
4329
4281
7696
5339
9104
13160
9104
8177
6495
9520
9514
4175
2355
13372
2355
6070
8844
5561
8844
13875
8844
12328
8844
13368
5748
5343
5748
9527
9941
14086
9941
8831
4327
8782
4327
10534
8275
7897
8275
4438
13715
13775
13715
1246
1151
4332
4933
3306
7848
5934
9340
3684
3302
8693
3302
2583
3899
13326
3899
6598
12095
9494
6135
9337
4810
523
113
4915
13573
4915
13573
2406
3599
4849
4252
12071
9370
2970
13508
2137
4963
2601
2850
4790
2850
4272
2247
4929
2247
7226
2247
3594
2247
5606
6119
4387
13894
4963
7751
4474
6165
405
444
154
444
328
444
9954
12300
12280
12300
12278
12300
12470
4574
2218
4287
1444
888
12992
12901
13079
12901
2921
3100
11561
8606
6880
8606
12408
9971
9343
5851
2580
4042
11710
11754
13129
6410
9327
6410
9329
6410
13239
4062
3837
4062
94
215
531
215
427
655
123
655
5635
6111
2397
8991
11447
8991
1853
4289
3489
11866
13937
6117
2266
2267
3155
2267
11551
10770
11552
10770
11550
10770
13210
8390
10733
8390
11255
6631
10093
2870
10098
2870
4427
9905
4363
11573
8806
11573
9848
11573
7017
8901
6985
10361
3756
4199
12131
13286
10980
13286
550
790
11257
11964
5591
13847
3822
12606
5337
12606
7235
12606
2595
2596
7623
2596
3167
4459
4449
8288
1429
971
869
13711
10960
8311
8300
8315
8300
1010
1038
10186
3147
4739
3147
5155
4447
8942
4447
812
107
12500
7173
9184
7173
9188
7173
12396
12390
14129
12390
8829
11035
8685
4753
8709
9761
754
594
577
594
804
594
769
594
566
594
549
594
558
594
556
594
64
594
791
594
721
594
592
594
816
594
12423
2797
2795
2797
8045
2478
4065
2478
6869
4197
3601
4197
8867
5038
4730
12991
4247
2200
5020
13707
10251
6849
13468
13104
10919
13104
5903
13104
3667
2045
6361
2045
1640
3074
6057
1848
11768
1848
3548
1848
13956
5068
7127
7107
10404
9858
8856
9858
9539
9526
3477
11509
11344
11509
9742
12185
11679
12185
7711
12185
9254
3039
4753
3039
8588
3039
5636
5627
5712
7121
11251
8946
6845
12230
13437
12230
11880
11065
11880
11065
2073
2098
9379
5420
5951
5420
8778
5420
11851
5420
10373
11019
6552
11019
11322
2723
13532
2723
2710
2723
11893
2723
2874
2896
6144
12275
11041
11017
11456
11507
9531
5629
5188
5629
2580
3803
2312
5886
13927
11521
12435
11521
6611
11521
1855
1868
1846
1868
6470
13289
6504
13289
6778
7109
10612
7109
5047
2524
6972
2524
12578
2524
12706
2524
5046
2524
11697
12844
12863
12844
3114
12844
13360
12844
3144
12844
3867
12844
2266
12844
13516
12844
11712
12844
12987
12844
12577
12844
13795
6585
12038
6585
6419
6847
7298
6847
11847
6847
8652
9645
9289
9645
11365
11934
7127
11934
6710
11934
10091
11934
10097
11934
12859
11934
4602
11934
5923
5894
12025
7786
13895
7786
12523
7786
6591
7786
6122
7786
3762
2065
6840
2065
6013
11011
2206
4659
14033
7017
14099
7017
4618
4588
13535
4588
5875
13014
13134
13014
294
326
368
326
5974
7325
13635
7325
7809
11109
1845
10585
3406
10585
13334
10585
2145
10847
1708
1724
1716
1724
1510
990
1319
990
1160
990
2831
3231
13916
7011
6443
10849
4759
4682
4555
159
5676
159
11424
159
12176
7380
10391
7380
7393
7380
1065
1074
6585
11107
6585
11107
11519
489
8274
489
4217
7981
4133
7981
8468
9026
7580
9026
13206
9026
5471
2073
2072
2073
10851
2073
3138
2073
13942
11121
13942
11121
9290
4657
9295
4657
2620
7065
7026
7019
11436
11332
12492
5292
7927
7913
9246
7913
9235
7913
8229
11173
2523
5723
11363
11362
4458
11362
12665
7035
7042
7035
4872
13535
8236
7823
11648
7823
8870
5978
1978
6361
10389
9455
13763
9455
9898
9455
312
340
637
340
6899
7285
7311
13447
6440
13447
4795
4187
8276
12776
12506
12776
13253
12776
12891
12776
2975
12776
10554
12776
7062
12776
6253
12776
2908
12776
10045
12776
2862
12776
13123
12776
12879
12776
8006
12776
3522
12776
3585
12776
10140
12776
3022
12776
13007
12776
9230
12776
10581
12776
2445
12776
2492
12776
2713
12776
2868
12776
7449
12776
9564
12776
8390
12776
7495
12776
13323
12776
9998
12776
10142
12776
9693
8412
14116
14102
10427
14102
3374
6960
3378
13797
7347
5044
7347
6047
7347
4396
7347
8849
7347
6960
7347
14124
1678
8798
1678
6519
1678
10985
1678
13534
2575
5430
2575
8162
2575
2537
2575
8995
3917
12538
3917
4301
9292
3069
4918
10951
4918
9381
4918
1896
4918
1543
1544
8049
12362
13283
12362
13279
10825
7330
10915
708
701
727
701
7088
4556
7497
4556
2598
4828
6980
8175
1737
1743
10323
10969
6436
8130
13816
1763
1754
1763
6016
10967
3507
3583
4612
3583
11655
8208
11655
8208
5491
10283
9823
10283
5522
10283
2960
3784
13297
10880
12251
11776
10285
11776
10284
11776
1564
2827
2828
12995
2828
3694
10692
3205
10692
13520
7204
7313
7204
6383
3025
12347
3025
5042
7349
13723
3760
2085
3708
11985
14142
4507
14142
2913
10504
2220
10504
7867
10504
3565
10504
7496
10504
10695
10504
9006
10504
7970
10504
7471
10504
3444
10504
12873
10504
9086
10504
3531
10504
8290
10504
3892
10504
7878
10504
6681
10504
10019
10504
7870
10504
5757
10504
7215
10504
10046
10504
7565
10504
6716
10504
9579
10504
2519
10504
2078
10504
7514
10504
12274
10504
10682
10504
2461
10504
9662
10504
12604
6428
10879
6428
9444
12014
3682
3176
12662
7583
6029
10323
5020
10323
7769
10937
5314
3816
3648
2127
4170
2127
5470
5455
5470
5455
5810
4731
3085
9978
4995
10939
1953
3234
10487
820
8989
820
1742
1741
4378
1741
9261
3279
12180
3279
10776
3279
13535
3617
13535
3617
1946
1978
1999
1978
409
363
17
363
6846
9723
5373
9723
14025
12332
13948
12332
4220
8063
1822
8063
4267
2541
4263
2541
12103
12104
4775
4670
4205
4670
2960
13307
1232
1228
1404
1228
11726
4480
14071
4480
13627
6939
3625
5761
1532
1100
4230
13185
13702
12509
11152
12509
5542
12509
9444
8836
5160
11230
12795
7861
2367
7861
839
1337
837
1337
13432
3905
3039
3905
13583
6504
12706
6504
10329
6504
10465
11275
4512
11275
10466
11275
9937
10428
9505
10428
11696
10428
8828
12507
8828
12507
13052
6323
4185
6323
2151
9095
3961
2952
3100
2952
11975
12521
5485
6937
10597
11844
10599
11844
2283
11844
2081
11844
7932
11844
9619
11844
10621
11844
8391
11844
2129
11844
2488
11844
2403
11844
7945
11844
6721
11844
7916
11844
2170
11844
7944
11844
8367
11844
3435
11844
12868
11844
7920
11844
8398
11844
7561
11844
2500
11844
9597
11844
8379
11844
7124
11844
9070
11844
8394
11844
2304
11844
2063
11844
10618
11844
5709
11844
8399
11844
9596
11844
7137
11844
8402
11844
10616
11844
9606
11844
7538
11844
6281
11844
7565
11844
7567
11844
7142
11844
2015
11844
12969
11844
9105
11844
10584
11844
7922
11844
6279
11844
10101
11844
13034
11844
7933
11844
3191
11844
7918
11844
9091
11844
8390
11844
10585
11844
7919
11844
2115
11844
7937
11844
6284
11844
3806
11844
9600
11844
2357
11844
1572
4425
11204
4425
690
686
8143
12934
10877
12934
8720
12934
484
475
367
475
4097
12573
10363
6967
5551
6967
9881
6967
10371
6967
11103
6967
6217
9894
14179
9894
12474
5645
12525
5645
2657
2652
2612
2652
1034
1065
150
148
176
148
242
708
747
708
717
708
17
708
11574
12964
8867
2563
13671
2563
12484
11606
5574
11606
11461
11606
5064
11606
12896
6283
12896
6283
4697
9629
3195
9629
5447
6880
9355
6880
10933
6880
4325
3605
13921
9886
6267
6692
13780
13594
3474
13594
5026
13594
2756
2764
220
132
276
132
11570
2744
2743
2744
11005
7758
3731
8866
7359
11390
10393
9420
2547
9627
12632
6825
1765
1775
4799
4640
5394
5858
13555
5858
2196
5858
11612
5858
13759
5526
2540
2543
4267
2543
1570
8754
7658
8033
1384
1464
13281
6915
8666
13263
4441
11991
13810
6969
7404
6969
7021
6969
4220
10181
4204
10181
8676
9264
3836
6197
11974
6197
8865
1942
5061
1942
9891
1942
9451
1942
9951
7038
10778
1837
4186
1837
9426
12194
5041
5486
7361
5486
966
913
924
913
7270
6753
7274
6753
3018
8579
12445
12444
10319
5975
7746
6447
5943
6447
9220
13322
9704
13322
6349
13322
7389
13926
1587
5173
3094
5173
6204
5173
6907
7288
13531
7288
7310
7288
10903
6449
7331
5930
1636
12598
7720
7740
7720
11779
9458
5813
8577
13465
8577
6840
5331
2654
8284
11270
6199
11267
6199
4801
5820
4257
5820
13601
5820
5909
13486
5012
1962
1956
1962
3410
1962
9827
1962
613
614
1552
1553
3308
4847
12712
8503
4783
13489
1661
1662
3715
4585
3115
4585
13651
5109
12245
5109
6616
5109
3776
5291
8508
5291
2821
8324
568
87
5906
3261
6925
3261
1742
1754
8187
1754
7287
3570
8672
3570
1779
1790
13441
10659
9724
10659
4360
1936
4368
1936
1932
1936
5476
1936
1989
10588
4029
10588
13292
10588
5450
7328
12952
10657
4238
10657
5289
10657
1800
3550
11676
3138
2903
9042
1390
1409
950
1409
11102
13929
4403
13929
9845
1999
4372
1999
1980
1999
7025
5121
12175
5121
722
705
482
705
203
705
3320
10682
6395
10682
3328
10113
4129
10113
7100
7068
7501
7068
1641
1642
12403
12316
12173
12316
8090
9234
4752
9234
3313
9234
7253
9234
13236
9234
8597
9234
3670
9234
1903
9234
4750
9234
13213
9234
7684
9234
3871
9234
7693
9234
3664
9234
13346
9234
4737
9234
4746
9234
4726
9234
13251
9234
3286
9234
5339
9234
12976
9234
6373
9234
3536
9234
8086
9234
13283
9234
3171
9234
8565
9234
3267
9234
13276
9234
4745
9234
3327
9234
13291
9234
13160
9234
1814
9234
4732
9234
5812
9234
1823
9234
13173
9234
13141
9234
3405
9234
13097
9234
8571
9234
12185
9234
4757
9234
13437
9234
7686
9234
13418
9234
3673
9234
12812
9234
4740
9234
3497
9234
13374
9234
13366
9234
4755
9234
3674
9234
3407
9234
4754
9234
13177
9234
8592
9234
11403
5107
14004
5107
1889
4849
718
352
363
352
5235
6657
11145
5065
9426
9855
6062
5019
12139
14179
5641
8922
12236
12654
14101
12654
9642
6682
7588
6682
10362
11068
411
328
844
845
3826
12188
7012
8812
5101
8812
5094
8812
13962
8812
9542
2691
7497
9932
13981
5036
5011
5036
5011
10177
7499
7909
7499
3827
13889
1450
1072
7502
2753
7507
2753
4479
12278
4083
2590
7208
2590
13267
9648
14082
7423
9952
7423
7900
10003
10526
10003
2626
6659
13925
6588
5108
6588
6115
6588
9446
5017
10600
2554
3105
2554
4346
4960
13668
4960
4419
4960
5688
509
5683
509
13667
6050
13297
13156
7434
10449
4306
9353
3711
10077
3122
10077
540
367
488
367
2542
13247
585
471
10219
10199
9404
4361
8913
13886
2428
10197
11062
11038
13053
10079
6387
10079
1036
1341
5791
10753
3685
4021
11863
5035
13923
5035
5625
5035
11259
10447
11850
10447
5005
6003
5846
12156
9761
12156
2616
2622
2620
2622
9532
5648
14073
5648
9611
2436
10610
2436
13757
5542
6129
13863
11194
13863
13908
13863
5354
3519
5358
3519
13740
6556
12496
6556
13733
6556
8607
6828
1631
6828
4679
10640
3485
10640
3418
7755
11667
7755
6529
7755
13770
7755
9853
7755
9822
6918
7231
7596
10707
7596
8066
7596
10176
7596
8031
7596
7217
7596
5886
7596
7720
7596
4254
1872
5888
1872
5887
5855
1039
1049
1351
1049
13332
2442
2426
2442
6215
14169
4534
14169
1428
1521
5800
11654
5473
2215
5502
2215
4986
2215
2205
2215
6609
6079
11771
6079
3086
10480
2698
2701
493
319
7739
6731
13085
6731
10662
6731
2581
13188
11396
13672
5014
13672
4690
2382
4111
2382
3776
10670
4116
10670
7373
14081
11166
14081
3680
14081
8115
7651
8111
7651
4651
9098
5744
9098
6102
6077
3378
11278
9932
10425
722
720
723
720
9369
8706
8749
8706
8744
8706
10804
8094
1740
8094
3782
10050
3782
10050
2565
2922
8149
2922
4252
5353
4428
6927
2462
11694
2462
13581
8466
4136
8466
4875
8550
11745
9820
2323
4937
8781
8676
7744
9331
3342
13193
6425
9509
9930
4445
9930
12637
3482
11366
3482
5516
5458
10356
5458
4951
4323
4760
2157
3592
2157
5665
4504
12121
4504
9282
13722
3824
3193
4520
9975
1653
9975
8265
9975
7401
14029
14060
14029
4444
14029
4953
4939
3741
4939
4343
4939
13772
6480
10442
8241
1547
8241
14086
8241
4743
11316
4460
9486
5397
3362
814
688
220
688
694
688
815
688
10847
10731
14056
6181
4101
5264
2071
7256
10180
6670
6694
6670
6364
6670
4586
6670
12028
6670
10029
6670
10701
6670
7148
6670
6236
6670
7137
6670
6359
6670
7898
6670
7164
6670
10518
6670
8451
6670
7209
6670
2347
6670
9099
6670
10670
6670
8347
6670
6445
13463
8190
4915
13641
4915
8193
4915
3397
4969
12584
4969
11035
4969
1833
9174
1826
9174
4536
8271
14180
8271
9107
10556
10902
10828
12687
813
3920
813
11983
6640
6197
6640
14001
6113
716
706
394
706
783
146
5234
8233
11194
8793
10918
9865
8178
2110
3336
12254
4825
11308
11444
579
277
5200
14026
14083
14026
6076
8205
10384
8205
10380
8205
13766
8205
1531
878
3908
4002
4873
4002
9171
4002
8163
4880
1841
4283
11656
13580
4175
4692
4141
4692
8594
4692
11318
4692
3241
4692
3483
4692
12944
4692
8531
4692
5807
4692
2552
4692
3648
4692
3745
4692
8559
4692
12650
4692
3204
4692
2059
4692
5793
4692
13332
4692
13211
4692
2426
4692
13425
4692
3521
4692
2054
4692
6383
4692
8566
4692
2595
4692
4158
4692
6374
4692
4160
4692
13242
4692
4170
4692
3603
4692
6371
4692
13209
4692
6830
4692
3454
4692
11904
4692
6376
4692
12292
4692
4182
4692
13324
4692
13030
4692
13372
4692
3412
4692
8581
4692
12988
4692
13065
4692
3509
4692
3331
4692
2431
4692
12919
4692
8596
4692
8584
4692
3176
4692
8579
4692
8577
4692
8550
4692
4161
4692
6823
4692
8575
4692
12347
4692
13300
4692
11949
2207
12485
2207
10320
2207
5431
2207
12803
3055
9727
3055
6376
8436
13372
8436
13166
9291
9333
9291
13394
9291
1345
1316
1344
1316
866
1316
2110
3730
1463
1208
1082
1208
13025
7461
2359
7461
3243
7461
2579
7461
9633
7461
2785
7461
2891
7461
7595
7461
12741
7461
3906
7461
3534
7461
9112
7461
2897
7461
2968
7461
2888
7461
9087
7461
8402
7461
2476
7461
2957
7461
2529
7461
7535
7461
3577
7461
2735
7461
7942
7461
12935
7461
2376
7461
2828
7461
2985
7461
2345
7461
3925
7461
7494
7461
3938
7461
10335
2810
12006
2810
8188
2810
6008
2810
2824
2858
13483
2858
7351
4967
2645
11579
2330
2339
7697
6345
7696
6345
1979
4193
8813
4782
5547
9451
1045
1258
3311
13626
13296
13174
5899
13174
12401
12271
1840
4757
10437
4443
9510
4443
9507
4443
2411
3107
6944
1716
7784
1716
3220
2374
5265
2374
8682
9201
2186
7177
9180
7179
8648
7179
10471
11284
11180
3841
7005
3841
5352
12436
8610
12436
10802
12436
6074
11081
779
762
2320
4759
11813
4759
4854
4759
10828
4759
5575
12205
793
789
8878
11577
13893
11577
12205
11577
13840
13818
11638
4093
5766
4093
1779
6843
4759
13437
443
283
357
283
133
283
2733
9246
5058
13731
9449
13731
12060
13731
9809
12466
10291
12466
2319
3843
12551
12550
2673
11503
2646
11324
6030
9396
5231
12676
698
198
172
198
5499
11013
1273
1115
12742
12241
8728
12241
6451
12241
2276
13355
13939
5623
2537
3863
2556
3863
997
1469
826
1469
1358
1469
7339
1808
1796
1808
8834
1860
11767
1860
11101
1860
3548
1860
12710
12042
13269
7103
8007
7103
4920
13545
13737
13545
3549
13545
10996
13629
3668
13364
4246
13364
1963
2005
8834
1884
9866
1884
5068
1884
8843
1884
2247
4653
9328
13258
6876
13258
3622
13258
3186
2883
4581
2883
5505
13779
9244
8060
8755
8060
3825
14072
11813
11812
4854
11812
10828
11812
10209
9188
382
651
141
651
440
211
478
211
293
211
54
211
5422
5908
13266
5908
5965
5908
4580
3528
8332
3528
11111
11103
2581
11922
583
169
1441
1084
6042
8184
3188
9661
3701
9661
12596
12706
2203
3875
5381
10843
7823
13837
1031
980
2145
4078
8608
13098
4199
13098
2762
7935
5554
13681
5541
13681
12030
13681
12593
3115
5307
3115
12887
3115
10199
10168
13901
7013
10741
7919
2230
7919
5584
11179
4678
7965
4681
7965
3555
5729
8009
5729
10137
5729
11589
3439
4713
10138
5294
7081
6677
7081
6379
7081
6809
7081
7889
7081
9021
7081
6268
7081
7904
7081
7104
7081
7204
7081
8327
7081
1911
7081
5054
3474
10801
7686
9294
7686
8655
7686
9326
9745
1526
836
8936
7829
3051
1043
1149
1147
1503
1147
1309
1147
2279
13418
4156
2017
10767
2017
4096
7911
10657
7911
13878
10345
7023
7827
7022
7827
10657
2516
13280
2516
3128
4348
8220
13776
9468
13776
5114
13776
4026
7917
4019
7917
5434
7310
12315
5727
5602
11177
4897
3748
5306
3748
4451
6168
5449
10287
6745
10574
2687
9156
2111
3673
12016
10252
12128
8141
7787
10963
7763
1703
1697
1703
9973
5661
4498
5661
4874
4770
10317
10289
5102
9908
9509
9908
8917
9908
7119
2685
7504
2685
5025
7343
6970
7343
11280
1588
6633
3768
2797
13379
9280
9727
10230
9727
7392
13972
6483
13376
6484
13376
8150
13376
10763
7658
6425
7658
799
373
6726
2985
3942
2985
7286
8105
7297
8105
2108
7589
2359
7589
2172
7589
2284
7589
4674
7589
2048
7589
9200
7589
3149
7589
2220
7589
10709
7589
8469
7589
13023
7589
10714
7589
2006
7589
2232
7589
7617
7589
2166
7589
10719
7589
3152
7589
2061
7589
10712
7589
2293
7589
2474
7589
2385
7589
2267
7589
9174
7589
9175
7589
6833
12812
7266
12812
7261
12812
6850
12812
6851
12812
12914
12812
8108
12812
12596
10329
6108
6498
13408
6498
5576
11150
8570
12922
5896
8654
2030
4740
7840
14139
14142
14139
13476
10810
2544
11706
3405
7552
4757
7552
3200
5745
8508
5745
4828
7274
13376
7274
11007
10933
9307
2325
10225
2325
13509
2325
2257
2325
13671
8171
2226
3973
9302
12098
9302
12098
6172
6138
6174
6138
1898
10327
12927
7587
9664
7587
9665
7587
8442
7587
6315
7587
10677
7587
10704
7587
8465
7587
10683
7587
5746
7587
3578
7587
11906
7587
2066
7587
3522
7587
3024
7587
3544
7587
12997
7587
9167
7587
9139
7587
9160
7587
8440
7587
2529
7587
3461
7587
2052
7587
2513
7587
10114
7587
8448
7587
8018
7587
10659
7587
8444
7587
5747
7587
10118
7587
3113
7845
6127
6592
6121
6592
9051
8278
7903
8278
6882
9729
6820
8069
6393
6810
12590
6810
12589
6810
1530
957
8496
8015
12124
6933
9834
6933
6512
6933
13739
6933
13523
6933
5983
6933
1141
919
890
919
4297
2238
4870
2238
803
465
12049
11550
11467
11466
12572
12503
5079
12503
485
195
531
195
819
195
86
195
686
195
7707
6327
4775
6327
9276
3497
10228
3497
11800
3497
908
994
1246
994
4047
10592
7999
10592
11345
12324
11677
11676
5024
11676
11067
11676
2727
3945
2707
8316
2766
3425
12313
4495
4501
4495
1588
4495
2217
3965
12654
11241
12381
5201
5202
5201
3111
13270
8554
6329
7580
13042
13206
13042
6728
13042
2694
10498
2683
10498
7612
7150
8101
7150
5327
7150
2085
8067
11891
5451
2176
4161
4358
12579
6537
12579
12215
8444
12430
13764
13798
13764
12429
13764
9708
7198
2212
4631
278
93
9212
8037
5318
8037
5326
8037
12110
8037
13089
8037
10173
8037
8518
8037
5325
8037
13192
8037
9217
8037
9215
8037
8106
2503
8115
2503
13375
12174
5971
12174
11287
11271
13291
6289
13366
6289
8997
7448
10501
7448
3224
9623
4139
9623
6467
3665
5571
13755
6114
13755
12675
3824
12715
3824
7907
2788
3251
2788
6067
8194
4225
2704
2687
2704
4421
4410
10450
12284
5174
12284
5904
5396
8224
11436
8225
11436
8222
11436
8690
3645
10844
3645
5372
3645
2131
2140
2122
2140
3517
6287
4014
6287
4320
13331
6104
6574
11219
11205
1331
1403
1395
1403
1758
8039
1770
8039
3861
6252
5699
6252
10928
12577
10915
12577
7674
5246
11717
5246
7089
5246
6597
6963
3747
6963
6590
6963
8898
6963
2715
2716
7119
2716
5964
4328
6957
5453
4110
2107
8067
2107
5638
14105
12146
14105
4517
14105
13333
2345
13321
2345
2499
5747
3568
5747
13146
2485
13264
2485
12365
12862
11042
10325
8609
7585
13345
7585
9287
7585
8680
8109
7334
9780
3742
7847
10899
9792
12085
6786
4185
6786
3084
7849
8727
9725
6847
9725
13715
10380
4270
8107
6709
2365
3870
2365
11018
10981
5591
3473
8594
5749
2059
5749
7739
8121
8714
8121
887
1404
885
1404
10962
10913
9840
10913
11042
10913
12633
8173
1421
1422
1528
862
1413
1529
6858
10823
5855
10823
6162
13835
1102
993
1411
993
938
993
9484
6118
9484
6118
10097
3005
3422
3005
5042
2257
2174
2257
3158
2884
3145
2884
10259
13374
12673
13374
9773
13374
2251
3728
7255
12832
12735
12832
6395
12832
6402
12832
8648
12832
10935
10285
37
162
12254
11942
11815
11942
12652
2860
13483
2860
10755
2860
4731
2860
12379
2808
2448
4052
11720
4720
497
492
16
492
2193
4288
12789
600
7955
600
11853
600
12184
600
6569
7361
6568
7361
7796
7361
13625
12022
9783
12022
4885
12022
10275
12022
12547
3625
6940
3625
3859
3625
13281
3625
6915
3625
13499
3625
13544
3864
5458
3864
2799
8336
9707
6285
14184
11221
11296
11221
13615
13547
5523
6008
13785
6008
12523
6008
5509
6008
10361
6008
11299
11207
10429
11207
8947
14062
9524
14062
9521
14062
4471
12575
14082
12575
12385
13769
4408
13769
10752
7960
4318
13357
10298
13357
8757
13357
1861
1883
11413
5643
14082
5643
9952
5643
13605
4094
12373
6913
11633
6913
10963
6913
3755
12530
5324
2115
4122
2115
212
51
214
51
644
51
9417
13383
9456
13671
13706
13671
11477
13671
13833
13671
8872
13671
13796
13671
2995
8035
2688
11344
5138
11209
5139
11209
13915
3844
12165
9226
5842
6823
3289
13435
10551
3017
4609
3017
13427
3445
6407
3445
605
805
4503
4497
207
333
10862
13183
2517
6380
5895
6380
11417
11416
12614
11416
7147
11416
9409
9386
4405
6981
5551
6981
10376
6981
13983
6981
5546
6981
5297
3212
4560
1035
3385
9715
8065
10204
8065
13211
8019
2704
9610
13321
8017
13171
8017
8945
13766
13995
13766
14025
13766
6601
13766
12526
13766
9897
13766
4335
5358
4832
5358
3559
5358
12257
4423
6612
4423
1935
9431
3224
9093
4153
9093
11647
6325
4086
2373
3665
2373
14104
3465
14133
11273
11277
11273
7586
8366
10655
8366
4165
8011
12626
11890
7894
3925
7493
3925
826
1436
828
1436
1498
1436
5833
10786
11517
10786
5831
10786
7435
4499
10461
4499
8206
11063
4975
8800
6506
8772
12263
12183
3885
5226
9049
12416
11925
12416
6276
12416
5726
12416
2926
12416
5784
12416
6321
12416
11320
12416
3034
12416
7133
12416
8443
12416
2951
12416
7241
12416
9063
12416
2577
12416
1274
1068
13786
13783
5677
1044
46
129
4323
10861
3601
13369
3122
2588
9627
2588
1690
1685
11054
1685
6043
1685
9861
1685
12293
13624
11738
13624
4811
9643
9753
9643
11594
7428
14126
7428
9491
13757
9923
13757
5631
13757
671
356
9030
10008
9019
10008
11671
6583
3324
2504
3511
2504
7012
5094
7012
5094
11478
3823
7184
8424
5305
4651
7264
4651
2697
2703
11451
12273
4595
12890
6285
12890
9642
7130
6200
14140
5655
14140
11644
13022
8727
13022
13546
5431
8958
12221
14136
12221
14139
12221
1340
1225
956
1225
849
1225
1969
1985
1971
1985
6783
12207
6339
12207
1988
12207
3489
12207
3370
12207
13164
12207
5758
12207
5823
12207
8042
12207
6348
12207
14002
13962
8747
9358
3850
13366
1355
1187
8078
6349
14138
6204
12675
6204
1420
1083
11576
11575
5623
5610
6390
6347
3702
4596
10261
4596
8662
3697
9320
3697
8620
3697
2441
11530
6784
11530
12699
11530
7599
11530
10080
11530
7478
11530
2983
11530
8330
11530
2851
11530
10010
11530
2650
11530
2668
11530
7873
11530
10039
11530
2398
11530
7993
11530
2927
11530
8440
11530
9207
11530
6235
11530
13113
11530
9168
11530
2915
11530
2965
11530
5758
11530
13107
11530
7602
11530
9569
11530
7922
11530
4556
11530
2503
11530
10822
10758
4317
12344
12471
12209
1967
4755
2942
5386
4379
11033
360
625
130
625
249
625
12062
7175
11761
7175
8142
7175
3401
10347
3316
6758
7276
6758
10831
9749
10237
9749
3588
9749
9497
7825
2309
3974
4527
5178
7570
3939
4009
3939
12651
7033
6308
7915
5284
7915
274
197
3035
5725
8418
5725
3610
5725
7576
5725
9633
5725
2235
5725
2349
5725
7970
5725
10639
5725
3004
5725
9641
5725
2981
5725
13059
5725
3014
5725
4634
5725
7958
5725
10638
5725
2967
5725
10636
5725
2813
5725
2222
5725
2915
5725
10643
5725
5285
5725
11937
5725
2849
5725
3015
5725
7577
5725
7574
5725
10111
5725
4687
7969
4681
7969
6132
11175
14118
4461
5205
4461
9464
11130
11861
11130
2791
5780
4688
7967
4677
7967
7742
5792
5969
5792
12070
11832
5280
3996
12375
3996
4636
3996
11635
12942
9327
12942
3654
7283
6447
9747
6678
7880
9026
7880
7702
7692
10690
13280
1682
10204
5521
10349
12648
14145
9896
9453
11414
9453
11155
9453
3733
9453
13930
9453
11156
9453
13775
3211
12335
3211
9487
3211
2670
7504
1698
1704
7763
1704
1776
1788
12619
3568
4880
3568
7630
10583
11971
10583
1387
1330
6500
7323
11224
11862
11226
11862
11211
11862
4113
7937
10727
7937
4762
8508
12398
13774
7372
13774
11843
13774
11639
3639
3640
3639
13197
7063
7562
7063
13054
7063
10069
7063
12981
7063
9338
4256
13337
10118
13037
10118
98
693
3516
7939
11115
3548
2416
3140
13491
6861
12101
3674
7753
3674
10794
8602
7076
1421
10028
1421
1302
1181
995
1181
753
203
2541
10620
7593
12508
7609
12508
13202
12508
9124
12508
7590
12508
12443
12508
12497
12508
6759
12508
11938
12508
6112
6075
5557
6075
5564
6075
23
241
753
241
9931
10427
3391
10427
7616
2837
12497
2837
3760
6938
562
278
1399
911
4334
2942
5000
2942
4337
2942
5948
2942
9812
2942
4911
2942
8658
2240
4992
2962
10389
2962
13763
2962
9898
2962
2455
13245
6684
10493
7607
10493
8520
10493
3644
10493
2910
10493
8547
10493
6669
10493
6664
10493
12841
10493
9598
10493
6225
10493
10681
10493
10037
10493
7453
10493
9160
10493
10666
10493
7534
10493
2973
10493
8310
10493
3015
10493
7550
10493
6279
10493
8578
10493
6288
10493
8277
10493
8521
10493
10021
10493
8278
10493
10133
10493
12848
10493
2894
10493
9177
10493
13452
2422
6542
2422
13469
2422
11829
2422
2340
4111
9283
12602
2640
2636
2615
2636
3880
10429
11076
6030
5507
6030
5517
6030
3086
7443
13720
2936
11631
2936
5795
9628
4124
9628
9186
9628
10144
9628
9210
9628
4114
9628
12106
9628
10147
9628
9667
9628
4106
9628
4132
9628
9681
9628
3226
9628
4101
9628
6326
9628
6785
9628
4103
9628
12010
9628
3839
9628
9678
9628
4130
9628
9683
9628
3197
9628
5771
9628
8489
9628
3328
9628
10157
9628
4129
9628
13222
9628
10723
9628
4661
9628
8030
9628
4690
9628
4105
9628
4099
9628
3634
9628
9209
9628
3162
9628
10716
9628
9181
9628
3810
9628
2093
9628
5762
9628
7194
9628
3691
9628
9666
9628
8462
9628
10139
9628
10119
9628
10770
9628
3843
9628
10138
9628
8035
9628
4111
9628
9150
9628
7369
2790
6053
2790
9400
2790
7786
2790
4748
2754
4743
2754
8180
7757
5405
5882
4898
5882
13728
2662
9768
2662
4190
2662
13814
2662
7655
7193
822
105
5897
5857
10352
7782
3861
2553
4623
2553
12559
5859
2641
2642
2637
2642
14188
9522
14117
9522
13773
6968
3857
2999
4265
2999
12744
7759
5173
8942
151
687
728
687
525
687
178
687
7370
2138
11993
2138
13692
2138
2139
2138
7380
8207
7380
8207
2867
4686
4365
4829
6517
4829
6001
4829
2236
10968
13459
9022
13450
9022
11357
9022
12138
14180
6551
3750
2324
3750
9515
6163
2075
4919
6134
8221
7824
8221
4222
5296
4208
5296
11337
11336
9413
4965
6534
4917
3378
1554
1990
4310
9489
9903
5589
9903
8937
9903
10412
9903
5004
7348
5017
7348
8197
7348
11857
3770
4241
3770
5472
9840
3092
1590
1741
1753
1754
1753
2000
4827
6527
4911
2820
8344
4427
8209
2137
3682
5970
3682
7756
3682
13772
3682
6164
13971
9767
5351
4815
5351
6896
5351
6944
6493
1720
6493
1497
1089
1301
1089
12390
5184
2756
3982
11645
13348
1663
9977
8264
9977
4095
12772
4035
12772
4650
12800
10741
12800
3062
12800
10748
12800
9788
6429
3256
8416
3112
8416
9262
7653
9715
7653
9877
9870
5040
13558
8855
13558
6038
13558
6505
5950
4417
5060
13678
6133
9032
12093
10014
12093
8835
12424
11615
12424
8827
12424
6162
6620
11601
5214
11600
5214
11367
11366
6487
4935
12766
8273
6810
8273
7397
8890
13542
3322
8058
3322
8056
3322
6888
6427
14048
14024
8241
14024
5233
9979
13495
10938
9657
10655
1563
10655
932
927
6489
3530
871
1367
872
1367
5591
11108
6473
7740
7748
7740
2177
4658
1621
1622
13753
11772
962
885
2562
13484
160
368
4977
11800
6136
5105
13447
5840
3651
10696
4134
10696
2944
4589
9231
9183
11769
5903
7240
13093
6816
13093
4901
4845
4901
4845
250
264
657
264
533
264
12810
11424
11657
11424
3263
2872
4071
2872
8741
9296
2316
12366
4212
10163
10761
10163
5143
7018
10607
4587
10634
4587
11565
13924
8140
10848
6452
10848
10274
10848
13311
4274
1580
5171
1576
5171
6862
4112
2450
4080
2622
4552
5580
13873
4435
13873
13957
13873
5579
13873
13931
13873
4430
13808
5589
13808
5577
13808
8937
13808
10412
13808
6113
13808
12532
13662
14014
5141
2176
3194
1696
1701
1958
10751
5059
5979
6097
5979
5515
5979
8208
5979
4230
8575
361
431
3097
14170
704
327
150
327
490
327
38
327
475
327
3277
10133
3202
10133
263
120
166
120
9305
9214
12312
12336
8718
5870
6892
5870
3741
4343
3741
4343
6649
6195
1556
6195
1888
1922
3380
9950
11859
7770
2090
13748
4791
8530
10398
5977
7780
5977
9901
5977
11134
5977
5442
6445
6471
6445
10926
6445
5207
14071
5942
9351
7029
7410
13951
7410
5624
7410
2699
10195
1987
3157
4470
4448
12651
4448
541
542
9615
10030
9110
10030
15
88
2087
4198
1564
7631
12135
5037
11781
10445
11780
10445
6363
2501
13137
2501
5109
13408
1492
1478
1224
1478
9448
5039
7270
6751
13254
6751
3387
8832
10634
10075
10600
10075
1513
1505
1115
1505
12787
11508
10785
11508
13716
8862
12714
8862
905
999
5474
11018
13628
11018
2568
3719
6920
6848
5915
6848
7751
6848
923
914
1329
914
159
399
3332
5522
4404
5069
6085
5069
11065
5015
11612
13473
9442
9859
6095
9859
5508
9859
1677
6655
14177
6655
1855
1858
1847
1858
9465
5067
600
106
762
753
1808
1810
9875
9857
11744
9857
13647
9857
1562
7108
4148
2055
4139
2055
7570
11602
10072
11602
9580
11602
9617
11602
2752
11602
10125
11602
11752
11602
9613
11602
2169
11602
8401
11602
3986
11602
9622
11602
7532
11602
3845
11602
3106
11602
3941
11602
8403
11602
9599
11602
3284
11602
3260
11602
9604
11602
4009
11602
7527
11602
3966
11602
6701
11602
8384
11602
3711
11602
4639
11602
9603
11602
6266
11602
3980
11602
11995
11602
3714
11602
3849
11602
9584
11602
3971
11602
7952
11602
9602
11602
10093
11602
10098
11602
3122
11602
10103
11602
13074
11602
9620
11602
3942
11602
3422
11602
9122
11602
6275
11602
3427
11602
6277
11602
10078
11602
3955
11602
9591
11602
11934
11602
9627
11602
3973
11602
3965
11602
9610
11602
8380
11602
9612
11602
3718
11602
4991
13570
6994
13884
11753
9882
9638
6696
6757
6696
11545
5628
14026
5628
2711
7495
7518
7495
6408
8583
12514
8583
1657
4505
6649
5189
3863
13424
1592
5211
3909
5211
4510
5211
6608
3856
11630
3856
13909
3856
11370
3856
13905
3856
1349
1405
940
1405
836
1405
4543
5217
6213
5217
5218
5217
7051
12427
11385
12018
7172
10508
2696
10508
2231
10508
12645
12620
4355
12620
13811
6424
4852
2338
3750
2338
11698
5152
10441
5152
7033
5152
12415
5219
6797
6772
903
1006
3624
6800
11926
6800
12430
12429
12430
12429
2567
3657
7524
4571
3945
4571
14018
13984
5867
5265
5396
5265
12512
5187
3606
9563
3987
9563
12979
10602
10472
9974
11045
12493
9878
12493
9879
12493
6028
12493
13815
12493
11046
12493
818
3
2
3
11446
11445
7320
4824
1611
9533
6481
5406
9681
8347
9666
8347
13446
9175
10742
9175
1795
1809
1411
1078
1194
1078
4949
4914
5235
9925
11195
12537
11195
2575
3957
1627
4541
13751
3720
5016
3720
12455
3720
8204
3720
6351
7208
4837
4250
4200
9130
1745
9130
3829
14120
3911
14120
12076
8349
6594
8204
13877
4400
760
346
354
346
12337
570
12343
570
2151
4079
1663
14160
6216
14160
8985
14160
8622
12968
13142
12968
2834
4034
1979
4312
7764
13494
8767
13494
13831
13494
4988
11751
4362
11751
8233
13908
11970
9898
3649
2612
4159
2612
8057
2612
2651
2612
514
513
5954
8758
7749
5854
3944
7866
9042
7866
9036
3529
2768
3529
4817
9033
1276
1526
13565
7754
4809
5766
10810
5766
11944
2225
2196
2225
13624
2225
13134
10772
12433
6122
6157
6122
13488
10800
4820
10800
9940
11696
12315
5736
9611
9063
10607
9063
3265
2091
4162
2091
1
44
642
44
129
44
13691
6602
9455
8861
13887
11655
6093
11655
6584
11655
13861
12108
12299
12108
7019
12108
9949
7836
5250
1034
5103
5091
1568
8095
10788
12938
8604
12938
10789
12938
10781
12938
5328
12938
8583
12938
6189
13973
14018
13973
6604
11848
9910
11848
6141
11848
8158
13824
4617
3438
3809
3438
4576
2912
3724
2912
848
849
13788
6508
12469
6508
13695
6508
11126
6508
5117
6508
5098
6508
13967
10424
10955
9372
12440
10083
10179
10083
11654
10083
955
1391
1392
1391
6893
9766
1396
1202
14052
12696
8242
12696
3057
1462
9883
9854
11127
5064
9361
7946
13492
7946
11227
12655
7828
12655
7412
12655
4791
3182
9550
1589
13421
13108
13263
13108
2278
3769
1073
872
5259
1045
470
128
252
128
688
128
5774
11938
5408
5898
8157
5898
12692
5898
5199
14073
3193
14073
5604
3749
5596
3749
11199
3749
13117
12848
8602
12848
10994
8786
10997
8786
12610
8786
171
323
699
323
13866
10366
1163
1443
1500
1443
1069
1443
516
152
182
712
296
712
6999
11093
5899
5372
9428
10336
11822
6083
5558
6083
4003
7901
3972
7901
13182
7300
9364
7300
7749
7300
11715
11968
1787
12751
4868
12751
5399
12751
3752
12751
10262
12751
4892
12751
4294
12751
5401
12751
3479
12751
10269
12751
8727
12751
8716
12751
13229
12751
10279
12751
9357
12751
3550
12751
12300
14008
4838
3581
11854
3581
10365
5034
136
167
366
167
329
167
5858
4031
13888
13871
11146
13871
4724
10122
10150
10122
11719
9736
1257
1224
977
1224
12231
12445
13977
12445
9498
12445
13721
5974
6022
13471
6112
5563
5583
5563
2608
2611
2652
2611
13975
8913
11643
8913
11991
8913
1877
4136
8574
9219
4255
9265
10816
9265
9292
9265
7059
12195
4538
12195
6992
13635
6084
8823
4883
6336
5414
6336
8403
8285
10098
8285
1165
1113
1238
1217
942
1217
863
1217
6814
9217
4689
2239
4659
2239
12320
4203
3154
9211
9731
9211
14003
7412
6374
2274
4182
2274
5804
3000
9311
3000
9706
3000
4810
3000
13712
4277
1990
4142
9304
6366
3986
13018
3966
13018
2796
11427
8564
3792
2251
11620
3156
4584
3208
4584
7286
3535
5407
3535
5406
3535
5271
7093
3816
7093
9621
8325
3569
8325
1431
1458
1520
1458
1420
1458
1534
1458
1538
1458
1441
1458
1417
1458
1422
1458
1522
1458
9246
9235
9246
9235
4844
8380
11430
11429
5204
14084
5553
9406
5531
9406
11999
9406
5442
4162
10926
4162
4884
2789
12493
2789
1784
8026
1789
8026
12631
8981
544
61
2334
4279
8403
2911
11995
2911
2661
11493
5077
5533
7392
5533
8306
9018
9026
9018
8220
3293
9468
3293
14005
3293
11163
3293
5099
3293
3358
1661
703
680
149
680
12066
10862
3551
13723
3067
3132
12325
13339
12325
11948
8014
7655
8014
2541
11583
2526
3262
1545
1546
2070
3242
1566
761
279
13343
3786
7318
3786
34
395
2645
3940
2481
12981
11394
12380
9941
12380
12630
4494
10708
7183
6776
7183
9183
7183
11688
3047
2136
3047
6910
3415
8161
3415
4931
3415
1274
1517
1015
1517
1209
1517
3050
1119
13726
13684
2322
4702
1796
1795
1781
1795
2224
3139
5153
12175
14073
12175
2378
3814
11479
14035
12352
14035
12471
8195
7783
1998
5036
1998
8794
1998
5011
1998
12286
12823
3629
12823
5970
2145
6480
2145
2138
2145
13306
3640
3725
3640
5787
3640
3732
3640
8516
8445
8510
8445
10494
1377
6884
12913
13746
11347
11611
11347
13785
11347
5958
2307
5884
2307
3778
2307
9873
6530
5532
6530
11051
6530
11089
6530
13657
6530
11098
6530
12172
3174
7815
3174
11887
3174
11384
3174
4436
11349
11195
11349
7406
11204
13844
6575
13642
7776
11916
2165
3240
2165
5946
13462
4487
12285
3887
1961
1937
1961
13718
1961
5901
5876
204
254
202
254
2990
3236
5752
12130
11824
12130
4858
10832
12535
10575
11817
8751
8771
8751
13616
8751
12063
8751
1423
1246
10916
13608
8739
13608
13631
13608
9918
13862
10595
4578
4594
4578
1358
828
7660
7606
4167
7606
2029
3407
8795
6832
7734
6832
13479
6832
10331
6832
9210
2173
9667
2173
9977
14151
14160
14151
82
75
18
75
1712
7991
1717
7991
2603
2732
12620
2732
10949
12033
11979
5993
371
317
447
317
289
317
295
317
14125
4462
331
806
2820
4672
14003
7390
9471
7390
11591
7390
7828
7390
10424
7390
3967
10530
3252
10530
6110
11758
6613
11758
11603
11861
13950
11861
13889
11861
8649
7230
7271
7230
14021
4432
8072
9108
13493
9108
2763
2766
2746
2766
5488
5988
13325
2393
3804
2393
4820
8655
11460
9612
7299
9612
5621
11183
2539
8696
9755
8104
3121
12063
953
1504
1427
1504
1013
1504
2592
12786
2533
12786
3437
12786
2050
12786
8551
12786
2028
12786
2916
12786
8346
12786
8326
12786
7572
12786
2170
12786
2128
12786
8417
12786
5750
12786
2472
12786
2314
12786
1949
12786
2014
12786
7617
12786
2062
12786
2387
12786
8453
12786
3893
12786
3462
12786
2506
12786
2487
12786
7498
12786
2478
12786
6786
12786
6278
12786
13639
4087
7225
4087
2634
4087
3341
9956
6066
6862
11352
6862
6565
6862
6901
6862
5063
6862
5668
7844
8697
2746
9344
2746
10265
2746
12620
2746
6974
13673
7129
2282
3282
2282
1032
1252
782
173
5828
2315
3685
7275
13765
8848
2737
5744
3343
9518
2049
12861
6774
12861
1975
12861
1923
12861
1874
12861
12912
12861
2505
12861
2032
12861
1928
12861
2582
12861
10717
12861
3541
12861
1866
12861
2549
12861
2007
12861
7207
12861
7209
12861
7205
12861
2082
12861
13108
12861
8480
12861
9177
12861
3019
3518
4601
2594
10629
2594
8830
8185
8830
8185
5499
5001
4018
7509
3434
7509
67
816
526
635
642
635
9993
10418
10416
11207
10416
5176
14111
14140
14111
13221
13063
13259
13063
610
750
493
750
7331
10890
6925
11786
4867
10273
10777
7934
11482
7934
4038
7521
4011
7521
1087
884
10298
3125
11682
3125
590
369
12984
2461
4161
2461
2726
7507
11664
8938
8940
8938
4023
507
3639
507
506
411
5204
8968
13718
5518
1909
9744
3141
2027
4312
2027
10247
10207
4697
7964
4684
7964
12495
5956
11120
5046
5072
5046
13793
5046
11835
10221
13417
10221
4843
10221
2546
10221
13672
6942
7447
1171
3700
3076
13213
7573
13177
7573
8846
11022
5409
2526
12339
2526
13572
2526
5909
2526
12539
5612
13219
13033
11716
13033
930
843
1664
9988
966
1360
959
1360
1415
1360
891
1360
896
1360
898
1360
957
1360
889
1360
12703
2894
7928
2894
3383
1577
10278
10209
9802
10209
13654
10344
13654
10344
1562
12758
10089
12758
1333
1301
1336
1301
845
1301
8132
13175
12707
11823
13620
11823
3398
11823
1890
1893
1870
1893
12391
13935
6158
13935
4453
13935
1725
1726
1720
1726
13303
13199
7374
7362
8862
7362
4770
6344
6848
6344
5664
6209
6333
11913
10576
11913
10575
11913
568
782
2940
12347
12096
4490
14122
4490
13564
2777
4744
2777
2775
2777
7385
12204
12203
12204
8909
12349
11736
12349
175
89
10270
4816
4520
6207
10464
6207
14151
6207
1606
11285
7442
11285
9599
13323
7527
13323
1585
6221
7064
6221
7341
10942
5066
4926
9860
4926
5507
4926
5517
4926
5538
4926
10869
13130
8710
13130
12360
7022
6626
7022
1712
8427
1701
8427
13590
9876
13590
9876
8150
6890
13346
6273
7686
6273
13492
8620
11330
11325
7410
12583
13830
5097
5111
5097
4790
2859
13483
2859
13946
5099
4983
7332
5421
13196
8787
13196
5413
13196
6352
11981
905
915
945
915
13056
8493
107
398
11381
11380
11817
6416
8771
6416
4973
6416
1803
8429
1789
8429
9543
1593
14190
1593
5345
3361
2801
7541
3209
2546
13573
2546
13686
2546
6424
8556
2161
5724
9437
8828
9440
8828
6462
10271
5120
11174
14029
11174
3223
7914
4089
7914
3811
7914
4077
7914
4092
7914
4090
7914
11916
7914
4088
7914
7554
7914
2058
7914
4075
7914
4063
7914
3715
7914
4652
7914
3515
7914
3156
7914
3780
7914
4070
7914
4068
7914
4069
7914
3208
7914
3219
7914
3689
7914
3690
7914
13240
7914
4072
7914
4060
7914
4084
7914
12701
7914
13214
7914
11714
7914
3848
7914
4073
7914
3276
7914
4074
7914
3199
7914
3255
7914
4644
7914
3340
7914
5284
7914
4091
7914
13308
7914
4647
7914
3240
7914
3872
7914
3846
7914
4096
7914
3495
7914
3278
7914
11497
7914
3476
7914
3271
7914
10657
7914
4078
7914
3115
7914
3212
7914
3719
7914
4034
7914
3236
7914
4411
2067
11151
2067
4420
2067
5099
2067
7822
5568
5613
7824
5596
7824
4040
2661
2652
2661
12728
8918
14098
14018
12119
14018
12771
501
12768
501
3135
2047
4193
2047
519
397
91
80
140
80
11215
7400
7665
2394
13255
2394
12234
10205
1599
5662
5666
5662
9978
5662
7240
13081
5313
13081
6816
13081
10269
7250
7289
7250
3551
5472
11248
10436
11789
2566
8153
2566
2539
2566
8156
2566
1964
4208
3637
2174
6143
2174
9491
2174
9923
2174
5129
2174
4443
2174
11641
11592
7048
5632
6179
5632
7693
13013
13283
13013
4121
10676
8067
10676
3953
10550
3967
10550
13214
7098
5284
7098
7850
10466
1607
10466
2822
3145
6891
2998
2947
2998
10598
7505
9078
7505
1934
8189
7818
2139
5543
2139
5091
2139
7968
6706
3482
6706
4928
2795
5440
2795
11347
2795
7590
2532
4085
2532
7360
8187
8200
8187
3172
2961
3230
2961
9890
5538
2739
11498
587
742
2527
13472
3165
4946
8731
12185
7571
13418
7571
7334
8152
7314
10241
10958
10241
5943
10241
5950
10241
13803
4836
4988
4836
13682
4836
7800
4836
4938
9306
569
486
10910
13103
13566
13103
10911
13103
4521
12150
273
675
763
156
9381
8670
7409
13872
12201
13872
11217
13872
5378
11329
1812
8480
1826
8480
10064
6241
13208
6241
412
746
87
746
173
746
782
746
10245
4185
10872
4185
10852
9690
10280
9690
12412
13700
3256
8425
4685
8425
12438
3813
12023
3813
4447
3813
11481
6676
7114
6676
5523
6550
12523
6550
10361
6550
6075
11098
7351
6466
6497
6466
11805
11327
414
329
486
329
1439
844
8164
5893
4905
5893
6918
5893
8721
11933
1723
1732
11785
14037
14045
14037
1467
1428
6266
12843
12859
12843
1413
868
3637
5095
5129
5095
4443
5095
5456
11810
731
727
409
727
479
727
410
727
2517
8091
3751
8091
8639
10706
6879
10706
2922
3173
1269
1039
1011
1039
1549
11252
12682
11963
11553
13194
3018
11574
355
11
11815
7312
12408
6205
11690
6205
9544
11287
4527
11287
1755
1766
12210
6088
5087
6088
13922
6088
12447
3586
5919
6436
4922
6436
8753
6436
2653
13179
1965
4754
2568
13177
8688
8640
5845
8640
6866
8640
3294
10476
11289
9983
11289
3163
7174
6396
7174
12122
6271
1379
883
10295
13391
8734
13391
11380
13391
1727
1746
13724
13663
6506
4866
13665
4866
13480
4866
9667
10056
3197
10056
509
508
14044
12345
14070
12345
12550
12345
6590
6577
6997
6577
7338
12252
13309
12963
9216
12963
11254
9893
14011
9893
9946
9893
13958
9893
6115
9893
1263
1286
943
1286
6766
8449
6343
8449
8033
8449
6772
8449
11981
8449
7203
8449
11789
4300
8863
12574
10439
12287
9945
12287
6983
13686
9825
4901
8766
4901
7754
4901
9438
8199
3367
13300
4203
13300
5670
1594
7925
5690
7581
5690
9723
3615
7702
3615
10846
12179
5799
6284
9204
6284
5157
12177
12171
12177
12046
12177
582
35
593
35
384
35
889
1229
5699
9038
10050
9038
13840
12289
9446
8197
11760
5306
13290
5306
3794
2125
3706
2125
10220
8447
13580
8447
8104
8447
11652
810
12780
810
4102
8034
5569
6579
4922
8753
4922
8753
4350
11345
2992
3222
10955
10922
3217
2076
8109
2076
12190
7042
10304
12103
9818
12103
11756
4946
11158
4946
5543
4946
6955
4946
9758
8064
5086
6056
13710
6056
5073
6056
10241
13150
14027
12329
3793
3027
7668
3027
7294
10812
13845
13791
2945
9068
6787
6324
3176
6324
11057
13689
11016
6503
5982
6503
3873
6503
3228
2577
7585
2577
5674
3915
6659
3915
331
318
9657
10088
1891
1894
6070
12327
6578
12327
13195
12933
3127
12933
3201
3440
7934
3440
6990
11843
5608
13937
13996
13937
13971
13937
6270
12810
12839
12810
4003
12810
3984
12810
3960
12810
9106
12810
3972
12810
3958
12810
3950
12810
3970
12810
5715
12810
13203
12810
6272
12810
3948
12810
3968
12810
7140
12810
5266
12810
3181
12810
6709
12810
6707
12810
9090
12810
3981
12810
3992
12810
7936
12810
3170
12810
2711
12810
11525
12810
3975
12810
2700
12810
3656
12810
3477
12810
3932
12810
3103
12810
3977
12810
3954
12810
6739
12810
8387
12810
9076
12810
7931
12810
3988
12810
3870
12810
13347
12810
5277
12810
4007
12810
11831
12810
5271
12810
3245
12810
4055
12810
3985
12810
7941
12810
3962
12810
2682
12810
3976
12810
3994
12810
7938
12810
3816
12810
13307
12810
7935
12810
11344
12810
7946
12810
3518
12810
5269
12810
2265
12810
552
133
359
689
11049
1777
11061
1777
7798
1777
7780
1777
13658
10324
11184
9472
2257
12592
4256
7584
9703
12013
9698
12013
9219
12013
12945
10503
9096
10503
2771
10503
9626
10503
10031
10503
7576
10503
2384
10503
7673
10503
2268
10503
12140
10503
8293
10503
11821
10503
10036
10503
8394
10503
2346
10503
2918
10503
7887
10503
2468
10503
5707
10503
2889
10503
9111
10503
2826
10503
13115
10503
10513
10503
9011
10503
10134
10503
8042
10503
12866
10503
2980
10503
5747
10503
9563
10503
7866
10503
3163
9662
9306
9662
7202
2726
8475
2726
2728
2726
8034
2726
3072
2893
3993
2893
11910
8588
2329
8659
13340
3806
13036
3806
11701
7277
5854
7277
6027
6922
7350
6922
3956
9568
9103
9568
13706
5026
8872
5026
13796
5026
7299
7279
8988
290
8847
11042
8138
8657
11386
12498
13380
9724
4852
2340
2289
2340
13487
6812
3475
3607
3491
3607
13556
8682
8724
8682
1848
1859
1860
1859
12761
3907
13326
3907
6652
9538
4652
10579
11714
10579
807
362
6902
10577
13489
10577
13955
13918
3118
2593
3803
2593
13997
4412
11705
4412
10430
4412
3827
4412
13950
4412
8629
3718
1118
1062
1522
1062
6793
7203
11878
12081
5649
12081
12554
9632
10840
9632
10935
10284
3409
4051
4066
4051
3717
4051
2423
4051
9216
4051
8598
4051
13195
4051
13298
4051
12223
4051
13432
4051
3116
4051
8510
4051
13219
4051
3805
4051
3291
4051
2583
4051
12851
4051
8501
4051
13326
4051
13238
4051
2514
4051
3127
4051
13424
4051
1894
4051
12918
4051
13158
11918
6453
5802
12321
585
12690
585
12824
585
11974
10444
1007
1498
1966
10194
9749
10194
5368
7702
13440
7702
5038
11556
12014
11556
11492
11828
3663
10074
4601
10074
4844
4776
4679
7156
4691
7156
4157
4071
9213
4071
12018
4071
9500
6142
6882
12659
7639
3729
3478
3729
2327
12588
5115
5014
12423
2809
2810
2809
7305
8592
6875
8592
13181
8592
3505
6278
9752
6278
5949
9716
4939
9716
5573
11731
604
199
1203
1114
2671
3311
12597
12682
8205
12682
9067
7494
13187
7494
9836
10316
12424
10316
3870
5260
13347
5260
5202
14119
14166
14119
8973
14119
4499
14119
5221
6654
12760
4033
7632
4033
12446
12657
12379
8498
9060
8329
7108
8329
5151
5104
11626
5104
9722
9237
12817
9237
1734
9237
7683
9237
1838
9237
9713
9237
7675
9237
7679
9237
8551
9237
6817
9237
6813
9237
9266
9237
9717
9237
9711
9237
7687
9237
12140
9237
6379
9237
7247
9237
7249
9237
1811
9237
13442
9237
9251
9237
1802
9237
7232
9237
6808
9237
5335
9237
8079
9237
6370
9237
7233
9237
12903
9237
1907
9237
1786
9237
8568
9237
8073
9237
1973
9237
8552
9237
1872
9237
13364
9237
9267
9237
1011
1351
10609
11670
12779
1532
12830
1532
4572
9998
7897
9998
7859
1612
7499
11480
11913
11480
9637
13068
11650
13068
5375
6316
13168
6316
1653
14159
7438
14159
10479
14159
12629
14159
14169
14159
6654
14159
924
1466
1369
1466
958
1466
1206
1466
1366
1466
964
1466
1139
1466
919
1466
8020
10654
9136
10654
4177
3520
13377
4230
11798
4230
2539
4230
6792
9150
5663
7432
4980
2411
11435
2411
13409
2411
4376
2411
6003
2411
672
168
733
168
1457
1085
12378
5581
14015
5581
12422
4275
5940
4275
12557
4275
8760
4275
9816
4275
9512
8933
4793
4122
11059
8810
11363
14089
1374
1127
1142
1127
1161
1127
1511
1127
3681
10278
3681
10278
4412
11425
869
1223
7789
4844
11597
4844
9397
4844
10990
4844
10347
4844
6942
4844
10240
9239
12282
9239
9106
8327
7946
8327
6559
13782
6472
12199
7046
14086
10091
8287
9612
8287
7251
9215
5302
7578
4658
7578
2525
4606
13297
9269
13358
9269
9966
8963
3091
185
455
11744
5513
9963
8252
14130
8252
8221
11156
11764
12449
11729
12449
12012
8574
5223
9983
1603
9983
7441
9983
551
127
132
127
8775
12447
10945
12447
6931
12447
5873
7672
11138
4390
6247
7462
8284
7462
8756
6444
4406
12753
1871
1912
6617
5600
5650
11640
12171
11640
1783
9267
1769
9267
14119
6194
12196
12197
10880
12197
13156
12197
5160
13963
5856
13038
7717
13038
6861
13038
3326
4991
658
644
573
644
9030
8289
9033
8289
5712
4573
10202
5239
11718
5239
9504
11199
4623
2589
4596
2589
14034
13986
13449
13382
13559
13382
13367
2182
13349
2182
4351
2182
13272
2182
63
530
10595
3457
3860
3457
3793
8046
13151
8046
2208
8046
3776
8046
7677
8046
6363
8046
3650
8046
6360
8046
6367
8046
13578
8046
12467
8046
4116
8046
3203
8046
7668
8046
8059
8046
8070
8046
4110
8046
6356
8046
4108
8046
7646
8046
1821
8046
7665
8046
13387
8046
13519
8046
13454
8046
7667
8046
7639
8046
3200
8046
3478
8046
6357
8046
13255
8046
13430
8046
13137
8046
4125
8046
8052
8046
7666
8046
2569
8046
7647
8046
6353
8046
4115
8046
8071
8046
13373
8046
13515
8046
7645
8046
6358
8046
3667
8046
6362
8046
3196
8046
4121
8046
13330
8046
3073
8046
7659
8046
7640
8046
12606
8046
6361
8046
13247
8046
12922
8046
8069
8046
8067
8046
8508
8046
13245
8046
3182
8046
8879
4964
7355
4964
11178
4964
12209
4964
8195
4964
5774
9179
11450
11449
12350
112
11700
112
10081
9581
13192
9581
5243
1033
11549
13426
2815
11447
8062
11447
2956
11447
2839
11447
7910
11447
7945
11447
5735
11447
5681
11447
2876
11447
5671
11447
7955
11447
9641
11447
7452
11447
8377
11447
12884
11447
4665
11447
2745
11447
10500
11447
3523
11447
3544
11447
2772
11447
2994
11447
12971
11447
8522
11447
13077
11447
10126
11447
12939
11447
10521
11447
9999
11447
7651
11447
2872
11447
7462
11447
4891
3735
4305
3735
7745
3735
9791
8345
13318
8345
6098
11753
11754
11753
8721
9177
13155
9177
6116
12640
7396
12640
13847
12640
8280
5237
9931
11197
14103
11197
11989
11197
1425
1522
6645
14063
11455
14063
13768
5998
11779
12038
5606
11188
1749
12670
1926
9600
1883
9600
5989
12480
4173
12068
11513
5267
12457
8001
10720
8001
11426
5185
14047
5185
14072
5185
14177
4509
4870
2273
4287
2273
1908
13429
2182
9103
9856
5983
14159
4507
4954
13637
5067
8843
3
788
11268
9513
1542
4521
12149
4521
8935
13989
1141
889
4516
5215
4518
5215
4515
5215
1611
5215
11775
5269
4845
5269
4901
5269
365
536
476
536
5878
12425
7735
12425
12019
12425
5194
3285
3680
3312
11185
3312
9479
13881
7378
13881
8902
13881
11014
4934
1958
8097
5052
11659
12834
10142
7281
10142
11516
11588
8281
11588
11707
1396
7067
1396
3151
9013
3808
9013
1610
1611
11729
13481
13846
6074
13827
6074
4404
6074
5930
2265
12273
2265
10890
2265
4164
7188
6739
12731
13666
2245
11026
2245
12740
2245
13663
2245
2845
3781
4977
11682
1184
1111
915
1111
891
995
958
995
1000
995
945
995
8817
9802
11047
9802
11484
9802
4961
2412
4980
2412
4376
2412
12581
2412
544
801
108
403
13877
13829
3675
3938
9147
3938
4314
8099
11524
11657
2447
13496
4365
4332
10350
4332
6517
4332
6001
4332
13779
4332
13865
13826
10217
3638
7121
7490
8601
12918
6100
4362
6045
4362
9467
4362
5075
4362
5836
9260
5952
13499
4119
2357
13320
2357
7785
3549
11958
3549
11880
3549
8188
3549
12026
3549
664
661
14
661
395
661
3223
12828
4089
12828
3811
12828
4077
12828
4092
12828
4090
12828
11916
12828
4088
12828
2058
12828
4075
12828
4063
12828
10656
12828
3715
12828
4652
12828
3515
12828
3156
12828
4070
12828
4068
12828
4069
12828
3208
12828
12920
12828
4664
12828
3219
12828
3689
12828
3690
12828
13240
12828
4072
12828
4060
12828
4084
12828
12701
12828
13214
12828
11714
12828
3848
12828
4073
12828
3276
12828
4074
12828
3199
12828
3255
12828
4644
12828
3340
12828
5284
12828
4091
12828
10690
12828
13308
12828
4647
12828
3240
12828
3872
12828
3846
12828
4096
12828
3495
12828
3278
12828
11497
12828
3476
12828
3271
12828
10657
12828
4078
12828
3115
12828
3212
12828
3719
12828
3236
12828
9399
12556
11452
12556
4356
2000
9845
2000
10984
2000
1980
2000
10850
9081
10894
9081
12976
7926
1899
1911
10105
5716
5283
5716
7324
5716
1776
1789
2547
3569
5481
13618
1025
970
1026
970
14001
7816
6636
7816
5577
7816
7832
7816
6631
7816
