6624
6274
6624
2610
2264
9533
6875
6876
9255
10399
5562
7816
5562
8547
1711
8785
1711
1714
1711
1654
1711
1713
7318
891
7318
880
7768
1768
1292
1261
7936
1648
5947
2079
5947
8506
1984
10072
1984
1983
3946
8891
9081
1831
5720
8418
5720
3046
2578
2465
2578
2545
7813
2374
522
630
522
222
9798
8199
2721
2718
2721
2764
5237
1433
1227
1211
3795
2148
1086
9013
1086
1061
3107
3073
134
119
3173
3145
4825
2323
4825
2213
4104
1388
4674
9378
4674
7688
835
834
9574
9205
2508
2189
5613
1955
5116
7574
5116
2597
1379
1309
2431
7969
2431
4417
2431
2427
2431
4191
5430
4104
5430
7769
242
241
1964
1950
9627
8194
2877
2898
2877
2872
9374
3006
9061
2732
8955
723
992
3513
992
9307
7851
4145
3874
5618
3625
2302
6247
8452
6247
7658
8236
7354
9923
9948
9923
4426
9923
3455
9923
9960
9923
6712
9923
9961
9923
4437
9923
6474
9923
3689
9923
6819
9923
3320
9923
1864
9923
6079
9923
9949
9923
3776
9923
3707
9923
5905
9923
3359
9923
2543
9923
2839
9923
9957
9923
3724
9923
5602
9923
2629
9923
1878
9923
2941
9923
6715
9923
6762
9923
3695
9923
5888
9923
2907
9923
2782
9923
4422
9923
3380
9923
2115
9923
4976
9923
2805
9923
985
9923
3771
9923
3198
2284
2228
5582
7692
5582
8503
740
739
327
326
7330
7345
4246
1340
4246
1394
927
5214
927
8151
927
9248
927
3926
927
3925
9768
9746
4937
2723
7890
9971
1753
1705
1753
1741
7788
1660
1800
1762
2650
8721
2650
9187
2650
8041
2650
8128
9576
10124
7105
9992
2703
2702
2703
3587
5418
4100
5418
3532
8809
8819
5651
10032
5651
7959
5651
7133
5651
9134
5651
7957
5651
8002
5204
8912
5204
7406
2052
8227
2052
3974
2052
8810
2052
3972
2052
8163
2052
9619
8744
8136
4309
8533
4309
1468
1359
1332
9681
9694
9681
9696
9681
8318
6794
7449
4016
1003
4016
996
4440
3319
4440
7609
1066
1053
2691
7257
2691
7225
2691
9234
2691
8173
2691
9612
6756
8297
6756
3950
6017
2253
6017
2368
5690
7646
5690
3150
8117
8128
1370
1334
1370
1375
10239
10289
9948
2446
4736
6466
4736
6469
4220
1124
4220
1139
9173
10148
9173
10148
726
6687
5288
1069
5288
1058
9107
9122
1550
7961
1550
1542
1550
7950
1550
7945
6476
3340
1603
1539
1603
1541
8431
3273
4968
8441
4968
2878
634
360
634
304
290
32
5832
7768
5832
9989
8508
4156
1591
1590
1591
1589
5899
1902
5899
8502
4426
2865
1473
3444
1473
1474
1473
3460
1473
1471
6606
9381
6606
2341
5350
3023
5350
6910
5403
1255
5403
1277
9537
4156
3255
10024
3255
3257
6957
7869
3642
7979
8721
6729
2131
9580
2131
2120
2131
8086
7632
3179
5391
1252
5391
1230
3515
7116
8578
2505
7699
1553
12
1148
1137
1148
1119
3081
3080
8180
10174
8180
3450
6295
2548
6295
2538
2208
2148
6080
2448
10281
9285
10281
866
10281
10328
10281
864
9540
7176
3920
9641
2744
3812
2744
3876
5523
4131
5523
8580
4988
7737
4988
7829
7737
2893
5746
7748
5746
4340
2809
2808
3747
2759
8703
7136
8650
3129
4842
5641
4842
2593
9639
944
1819
5601
1819
1725
5268
3993
5268
8195
5268
10191
6641
8474
6641
8478
8691
8716
4377
1984
9511
4055
9511
4054
6376
7737
6376
8552
696
695
3374
3368
3061
3054
2955
7209
2955
2956
8877
737
8877
7394
8877
3506
10227
9791
7427
9333
7427
2117
7427
9335
10022
1996
10022
4375
6060
2603
7257
3812
8160
3450
1678
1682
1678
3542
141
142
6514
7834
6514
9073
8028
9230
8028
7145
8028
3417
8028
7227
6128
7684
6128
8477
7492
3891
6069
4778
6069
2491
303
554
303
555
8169
3995
8169
7286
8169
10188
8169
8202
8169
7281
5995
4740
5995
4392
9641
10281
9641
7289
7194
5271
7583
3104
1558
1534
1558
1517
9144
8062
5095
2533
5095
2547
5280
9412
5280
7611
10314
8286
4969
7608
4969
8441
4804
6473
4804
2259
4228
1216
4228
1230
3385
3334
10279
8873
10279
7391
8500
2587
8453
3132
4960
3707
4960
2805
7156
7167
489
479
489
525
7717
1591
2829
8168
2829
9626
2829
3992
2829
10303
2829
10295
7367
8298
2902
2901
3486
10157
1444
1447
1444
1417
9610
9622
9610
9630
5487
4119
5487
8627
8559
1694
6534
10001
6534
9983
6919
9812
5358
7577
5358
2988
6088
3719
9509
9147
9509
8018
9509
9143
9509
6870
9509
10084
2153
2138
2153
4183
8188
897
2200
3409
2200
2136
2200
2217
2200
4178
8570
1598
1140
1129
1679
9018
1679
1567
8658
7079
8411
6903
10317
10343
4980
3194
4980
3215
5269
7167
2773
2766
3928
8899
3928
705
3928
704
4195
3486
4195
7174
4195
4196
4195
5265
7387
7423
7387
6883
5812
8512
5812
8518
7563
6932
7563
6402
7563
9486
7563
989
7563
8648
7563
3719
7563
5463
7563
9495
7563
8636
7563
3597
7563
9899
7563
1423
7563
2205
7563
3814
5260
10226
4716
2099
4716
2337
574
613
574
518
574
204
3365
3346
1857
1746
8168
10306
6068
2494
6068
2242
7545
8542
7545
8520
2111
2087
7612
2707
3535
9995
7449
35
3343
3340
1659
8668
1659
1656
1659
9839
1659
7045
7219
9646
7219
3538
7219
901
253
61
3121
3138
3121
8820
3121
8805
408
377
3466
8716
6120
2883
6120
2837
8020
10059
5467
7752
5467
8621
595
275
595
357
1670
7183
1670
9609
1670
1411
1670
7215
8579
2826
3072
3058
3072
3074
8216
8248
8216
7320
7760
1343
90
76
7310
683
7310
3869
2559
2428
2559
2463
10210
10260
10155
8249
10155
9676
10155
5200
10155
8860
10155
8296
7597
2798
4917
2553
4917
7607
7769
1362
5571
7731
5571
1609
5728
8467
5728
7673
2570
2498
1249
1248
1249
1241
7522
103
4665
1968
4665
1990
8004
8745
8004
8045
8004
6758
8004
2142
4036
10091
4036
10091
4147
1542
9385
1389
9935
6711
8046
10085
6037
8572
6037
5640
6037
3686
6146
2938
6146
2866
8137
8161
9507
10100
9580
5333
5493
4121
5493
4122
3144
3121
3144
7153
4643
1965
4643
1940
10241
9633
10241
9636
10241
10296
3885
116
8902
7427
8902
10375
2275
8730
2275
2281
38
5438
1391
5438
7738
8829
10214
6864
10087
10406
96
10379
10384
10379
9330
4329
3785
4329
6924
5501
4126
5501
4127
4402
7813
4402
7790
2453
2559
2453
3650
8339
5179
8339
8341
8339
9341
8339
8346
2500
10033
2500
2159
2500
7086
2500
8700
9679
8895
9679
5200
7916
7079
7393
5202
7393
5202
4596
3765
4596
1783
9343
786
228
548
478
279
7833
2645
4685
7824
4685
5890
5217
5218
5217
5218
3843
2781
7898
8674
7898
3544
7898
7021
7780
1327
1808
1799
7401
7531
9072
4276
9072
3441
9072
3510
2579
2506
7338
10244
4554
4355
4554
1867
1731
1685
748
7508
949
8652
949
938
8304
3500
8304
8313
8304
7422
9121
1243
6884
7908
6884
9501
5633
2262
5136
2550
5136
2675
2396
2398
2396
2389
5047
5942
5047
7873
8773
8803
1126
1127
1126
1111
2411
8141
2411
8179
2411
7168
9988
2415
2658
2444
10178
8843
5410
6950
5410
1276
2089
2068
2089
7129
1975
10194
1975
1909
1975
9629
2354
2345
2354
2210
1378
1309
9365
9369
9365
6807
5698
3134
5698
4205
3865
1955
1421
967
4448
3306
4448
3348
815
813
2845
2821
2845
2846
2146
6777
2146
8756
2146
8033
2037
8772
2037
8118
2037
3861
9535
9549
4184
4185
8533
1470
215
42
1206
1205
1206
1193
1493
1466
1493
1492
272
271
9980
8066
3187
7194
3187
8064
3187
8125
3187
5270
3187
4197
3187
7204
10170
8792
488
621
488
218
1438
1428
6275
2571
6275
2626
7165
7198
6548
7889
6548
2327
8598
3212
5064
2632
5064
4893
5371
1142
5371
1166
1501
1490
8446
3158
2718
2709
2718
9140
2718
9555
2718
9554
6496
6974
6496
7892
7143
3845
7143
3861
9193
10246
9894
3434
9894
3435
4741
3756
4741
8607
7321
686
7321
8258
1728
1680
10395
803
10395
9762
2863
2854
2863
2864
1571
1570
1571
1516
9138
1646
4952
2801
4952
6846
6454
7841
6454
7709
8224
8858
8224
3479
9866
3487
9201
8139
8897
685
9482
9106
10225
7287
3049
3027
3049
3044
676
8334
3394
10156
3394
10156
477
301
316
387
1633
5241
1633
1625
1633
5240
1633
4042
6847
9833
1410
4035
1410
1522
4397
2248
9588
10404
7185
7194
7185
5270
7185
7204
5084
2477
5084
2518
6396
10158
6396
10086
8822
8228
1114
1095
6354
6818
6354
2839
8189
3924
5975
8522
5975
3735
7472
8357
7472
8355
6089
6785
4164
4165
4164
10127
4164
9607
5421
9076
5421
1338
3356
3275
3356
3258
4322
1613
4322
9079
2420
7157
2420
2418
1698
1640
1698
1697
334
333
3167
3141
2883
2827
4
9110
8015
617
630
617
402
10218
8865
10218
7353
10218
10270
6636
6785
6636
3651
9864
3779
3455
3248
8671
4413
8671
4413
5808
8540
5808
7712
5252
5253
5252
5253
409
369
409
635
3539
1958
2730
2723
7602
3241
9896
3580
7924
1882
5731
6943
5731
6960
7529
171
1487
9561
1487
8139
1487
1492
1487
8078
5444
9385
5444
1380
3193
3212
3193
3189
4694
2027
4694
3687
7232
903
7232
9637
8718
8047
3775
1932
7299
6750
7299
6749
2446
2409
2446
8683
2446
2414
2446
8034
3201
3200
3201
2923
6153
2930
6153
4429
6200
4972
6200
4436
1313
1315
1313
1293
501
477
501
541
4363
1768
9909
7780
9909
7691
8100
895
2088
7129
2088
2083
8053
7179
8053
10159
3138
7329
3138
9249
3138
10176
3138
10173
8863
10291
8863
10291
10335
10356
10335
3543
4656
3729
4656
7747
5679
9101
5679
6990
5679
7007
3931
9302
3931
9299
8335
60
9187
6729
7941
2698
1272
1245
5558
4143
5558
1531
4345
1666
10146
8242
10146
10250
10146
6817
10146
2666
6895
6899
2533
2528
4008
3956
4008
9168
4008
7161
4008
2979
7752
949
8845
8335
2598
2596
7879
10010
435
347
435
392
8011
9156
479
268
1351
1315
1351
8054
1351
8070
1351
5209
6111
5659
6111
2788
4383
3752
9618
4046
9618
7270
9618
7258
6774
3418
6774
6902
2068
9808
2068
6411
2068
8079
3110
6719
3110
5341
6999
10010
6932
9856
5659
3579
5659
3578
5659
4194
4434
3240
8883
7398
229
22
7657
2894
1467
1458
1390
1387
2120
8162
2120
7242
2120
10253
2120
8196
8730
8786
8730
9226
8730
2181
8730
8782
2671
2445
5670
8444
5670
3291
4231
1295
4231
1274
7859
9501
8241
7407
972
9131
972
970
972
8717
3894
9
734
8965
7344
10315
7344
7463
7344
7379
4724
7781
4724
2340
4308
7842
4308
6967
1812
1811
9394
1603
9049
1658
9625
9650
2897
2864
2897
2882
9167
10088
9167
10168
9167
3737
9167
8759
8420
1688
7870
9994
7870
7044
9356
3690
9356
1724
5857
1901
5857
6736
10144
3634
3856
3285
10099
2390
2822
2697
2822
4420
5473
4122
5473
9055
9505
3510
8710
10009
9266
7308
9266
3969
9266
9657
9812
1061
7507
8955
7507
7515
9937
7913
9937
4159
9937
7010
8031
7218
21
6131
4422
6131
3198
4041
8851
8986
2677
8986
1131
8986
1145
3130
2967
3130
3136
9633
709
9633
707
2080
7002
2080
9996
8108
3733
2295
2293
2295
2290
6208
3382
6208
7616
6912
2991
4414
9854
2682
10165
2682
8776
2682
7220
2682
2644
981
978
981
946
6785
2770
10157
2641
9548
2966
7577
2984
4000
3151
3953
7434
3953
10382
5603
1803
5550
4318
5550
3459
9442
6993
9442
9468
9442
8647
2551
2423
8623
2025
10101
8198
10101
8805
10101
9242
1261
1247
1261
10071
51
4211
3073
839
9739
2767
4193
2767
10008
407
377
714
9755
5591
1576
5591
1531
7789
2516
1899
1898
1899
8664
3764
8162
3764
7242
3764
10253
3764
8196
1832
1738
1832
1740
2590
2573
8793
8801
8793
8801
4506
7578
4506
3064
2376
2350
280
478
1333
8743
1333
9174
1333
1322
9911
9371
6526
5887
6526
4378
8966
157
6743
971
5323
6724
3118
3094
2060
2056
2060
2054
2662
2651
2662
2415
5678
9101
8801
1623
7619
2991
9286
878
9286
877
1995
1956
7212
3679
7212
898
7212
9767
8738
9165
8738
9564
2069
2021
5141
2656
5141
2742
2128
8729
2128
8774
2128
5331
1398
9021
1398
1395
9940
6985
9940
8634
9940
7883
2787
2761
1281
1269
1281
1284
4300
5554
4300
8601
4253
1391
4253
1338
806
7523
9027
1130
7373
10363
4576
1777
3784
2017
3784
9817
3784
3425
1746
1743
1746
1742
1523
10144
1523
1408
1523
1521
1523
1520
3911
9610
3911
7232
3911
10251
3911
10246
8315
10335
8315
856
8315
8328
1055
1047
961
8028
961
960
6765
8260
6765
3583
9092
9985
2513
9166
2513
8044
2513
2514
2513
8147
7878
10010
7878
4149
8428
6941
5819
1865
5819
8528
7042
4365
7042
4366
7025
7068
2623
3410
2623
2621
2623
7028
8551
3639
8551
3477
8551
7976
1134
1110
5124
2670
5124
3461
5362
4060
5362
2990
7481
790
7481
9726
8590
2167
1613
1559
6540
3728
6540
7625
9974
2705
10184
6794
10184
8209
1430
5217
1430
5218
1430
8717
1430
9123
1430
8723
1430
9826
8767
9206
423
426
423
363
1562
8712
1562
9162
1562
1564
6264
2206
6264
2278
7174
10157
3266
3242
2710
10146
2710
8173
2710
7252
4989
8473
4989
7608
5075
2575
5075
2566
7509
57
5711
7837
5711
8616
3705
1924
8682
3639
10233
7347
5984
2229
5984
2304
1947
1912
1947
1913
9130
9855
9130
8742
9130
9159
2986
7107
2986
2980
1007
9286
1007
8238
9760
1787
9760
5348
9760
1789
1720
1669
1720
1719
6616
4892
6616
6073
6052
2467
6052
2240
7461
7477
8152
8153
1651
1634
1651
1656
10186
9181
10186
8780
10186
7224
1418
6765
1418
5221
9976
2257
3027
2977
3027
3029
654
560
654
655
4905
2446
8787
6747
4024
1347
1690
1635
1690
1639
2428
7274
2428
8214
2428
5258
2428
4047
2017
10314
2017
7385
2017
3512
2017
8257
2017
8276
8513
1857
8513
7898
8513
2767
8513
1899
8513
7878
8513
2363
8513
4612
8513
2635
8513
9492
8513
2928
8513
4343
8513
9484
8513
6976
8513
2775
8513
2049
8513
9496
8513
3264
8513
4726
8513
2796
8513
6995
8513
7904
8513
9483
8513
7889
8513
3534
8513
2838
8513
5652
8513
1607
8513
2589
8513
7915
8513
3494
8513
2680
8513
9467
8513
3681
8513
7894
8513
6708
8513
3351
8513
2469
8513
7857
8513
9489
8513
9472
8513
9955
8513
3214
8513
7899
8513
7877
8513
6982
8513
7902
8513
9488
8513
3289
8513
7876
8513
9476
8513
2478
8513
9473
8513
3817
8513
2327
8513
6407
8513
1933
8513
7884
8513
3282
8513
3233
8513
2904
8513
3361
8513
9477
8513
5686
8513
9475
8513
6981
3092
3084
5382
1234
5382
1251
9903
9929
6704
7866
371
432
371
398
8662
7955
5964
4383
5964
2110
4175
4176
9118
8009
2966
2967
2966
2961
5289
1083
5289
1070
2793
2795
2793
8021
2793
7965
2793
7956
108
1582
1566
6284
2525
6284
6735
9523
9142
9523
9142
2738
2661
2738
2737
2247
9829
2247
2226
5753
8570
5753
9465
5800
7724
5800
7700
3286
3301
3286
3276
3286
9608
3286
2951
622
409
622
632
2801
2799
9790
8266
1307
5211
1307
1285
10316
3722
10316
764
5169
3819
5169
2790
4492
3092
4492
9977
5515
7807
5515
7739
8944
10395
6994
3142
5642
5643
1038
1027
1038
8185
2041
9177
2041
3677
2041
9595
2041
9198
5028
8642
5028
4458
156
4295
9387
4295
9410
4080
1237
4080
1209
1101
1077
258
257
5160
9393
5160
3839
4427
4428
4427
4428
10259
8833
6607
4778
6607
2214
1093
1094
1093
1081
6956
2375
9399
6957
9399
6965
9399
9457
9399
3446
9399
6963
9399
5738
9399
5548
9399
7742
9399
5291
9399
6955
9399
9086
9399
9066
9399
7843
9399
6950
9399
6958
9399
6962
9399
8612
9399
6960
9399
8610
9399
9432
9399
4314
9399
6948
9399
6949
9399
6961
2211
2199
9332
780
126
8268
6388
792
7518
7078
3074
1764
1711
1764
3873
1764
7984
1764
9545
3832
7946
3832
6998
3832
8638
3899
9346
8755
9177
8755
9182
8755
9595
7842
1457
7119
6743
6220
3385
6220
9448
1953
5324
1953
9965
1953
1892
7988
1486
2000
1959
4737
4612
4737
2049
9748
151
3221
3208
3221
2853
14
727
8962
9106
6863
9106
6863
6477
3178
940
9540
940
8003
940
8059
940
929
9244
9646
5180
9329
5180
8934
5180
3638
6831
7930
7294
6706
4699
8623
4699
2107
4069
1084
4069
1099
8391
3881
6908
3085
4632
1897
4632
1787
3995
8224
4128
6700
4376
1924
2605
2517
6377
9727
6377
3883
6377
7503
6377
10393
10289
10373
10289
10311
697
8961
4060
2985
8403
1022
8403
1016
8350
47
8876
10285
1010
1018
1010
7163
1010
1009
1010
893
7426
3958
7426
8925
7256
6794
7256
8853
7256
10254
1911
3582
1911
10216
7968
1736
9014
955
871
870
10272
7384
10272
10318
5920
3705
5920
8514
10077
8065
2253
2249
8288
7401
8288
8308
2300
2297
2300
2292
2921
3603
2921
4424
2475
9504
1784
1663
5747
7699
5747
8535
7736
2502
1240
1207
1240
1241
3523
7345
3746
6748
3746
10381
2755
2690
2755
2688
663
5
3613
3154
5117
3689
5117
3724
3430
7090
6581
2662
245
482
3332
3771
3399
9571
7440
753
1087
1063
1087
1076
5795
9989
5795
7795
3106
3602
3106
3599
3106
3601
8204
3616
8204
3616
9221
9251
6104
7870
6104
7882
5946
9417
5946
9062
7937
7061
7937
7953
7937
7076
4788
7772
4788
9075
4890
2594
132
3947
8297
9998
2396
5236
5237
2944
2946
2944
6742
3720
2062
9560
8093
1226
1228
1226
1211
4851
2473
4851
2236
3562
3815
3562
9914
6409
8109
9659
720
6652
6690
10036
7098
1705
8807
1705
1714
1705
1654
346
312
346
404
4017
1003
4017
1014
1067
1057
1067
1068
3690
1721
6757
1448
6016
2357
6016
2367
8116
5267
8116
8121
8116
8132
3014
2975
3014
2976
3651
2778
7674
3296
7825
2176
8475
2765
3418
7632
3418
2623
3418
4376
3418
8475
3418
7724
3418
3319
3418
6680
3418
7676
3418
4940
3418
7609
3418
2027
3418
7697
3418
7622
3418
7645
3418
2299
3418
8443
3418
7664
3418
7684
3418
8516
3418
2338
3418
8494
3418
7725
3418
7700
3418
7708
3418
2560
3418
3785
3418
2079
3418
3796
3418
8477
3418
7693
3418
7723
3418
7667
3418
8445
3418
7644
3418
2660
3418
3818
3418
8476
3418
9401
3418
7705
3418
8543
3418
7603
3418
8460
3418
7670
3418
3716
3418
7671
3418
8509
3418
3748
3418
7710
3418
3622
3418
8506
3418
8440
3418
2479
3418
7660
3418
7680
3418
3841
3418
6924
3418
8505
3418
7704
3418
7624
3418
3778
3418
8435
3418
3791
3418
3693
3418
3687
3418
9392
3418
7722
683
8349
525
399
8921
8339
6561
3494
6561
2469
6309
4927
6309
3704
2024
8037
2024
3861
2024
10105
9672
10288
9672
10365
1149
1147
1149
1132
3582
7265
3582
9617
3582
6879
8237
9672
6246
8453
6246
3171
4813
2356
4813
7640
4247
8507
4247
1354
9723
807
9968
3773
9968
4138
9968
3853
9968
2549
9968
3842
9968
2769
9968
3323
926
924
926
925
10034
8708
4936
2720
3244
7244
3244
3996
3244
10221
9590
10101
4768
2334
4768
8491
2175
7978
2175
7080
2175
9117
2175
2227
2876
2849
5874
8559
5874
7839
9689
7440
5625
2200
8605
2452
439
264
439
424
439
367
7448
8344
3438
8315
165
75
3501
3451
6329
3692
6329
3838
6402
6403
9735
67
9878
9886
4037
1703
4146
4147
6036
5639
6036
7910
8047
2130
2184
8730
2184
6414
8136
9232
8136
8200
8136
8222
6147
2909
6147
2942
3034
3022
5885
6711
3493
7299
3493
7299
3728
2060
5304
1181
5304
1191
7554
1328
3571
2508
3571
3775
3571
9399
3571
5625
3571
2309
3571
1854
3571
1031
3571
3738
3571
1236
3571
7696
3571
8523
3571
9052
3571
1579
3571
1404
3571
7695
3571
2112
3571
2366
3571
1290
3571
1372
3571
7701
3571
7686
3571
1385
3571
1968
3571
6925
3571
2371
3571
7711
3571
2028
3571
7728
3571
1377
3571
2492
3571
3727
3571
6939
3571
1436
3571
1320
3571
1276
3571
9054
3571
1990
3571
6916
3571
1840
3571
2076
3571
1723
3571
3655
3571
2239
611
407
8639
2895
9691
3953
6689
727
6689
5192
6689
865
2973
2974
2973
10094
2973
7181
2973
2970
4780
2312
4780
2256
4898
2605
4898
2638
8217
10209
8217
10209
7685
7851
7685
7788
7685
2208
7685
8559
7685
7833
7685
2551
7685
7736
7685
3287
7685
3184
7685
3231
7685
1845
7685
7749
7685
6947
7685
1820
7685
7817
7685
7751
7685
2477
7685
2884
7685
2224
7685
2813
7685
7809
7685
5629
7685
1676
7685
1587
7685
7743
7685
3389
7685
2337
7685
3349
7685
2790
7685
7844
7685
6972
7685
8631
4833
7644
4833
3778
8484
3192
823
822
7596
9900
4916
7665
4916
2554
9155
2845
9155
8116
9155
8747
9155
7151
6719
3097
5339
5272
5339
8125
2164
2131
2164
2132
5865
7788
5865
8559
10349
9688
10349
5184
10349
747
2322
2273
1192
1193
1192
1155
10403
7492
10403
7489
10403
7491
10403
7490
10403
7498
10403
7493
10403
7487
10403
7494
6572
7789
6572
7827
3698
2906
7643
2346
585
196
585
427
585
515
3633
8272
3633
10339
3633
3574
3633
7362
9788
10309
9788
7358
5137
2727
5137
7909
2397
6397
2397
8797
2397
6398
2397
2389
5046
2039
5046
3554
3410
2511
1127
1128
1127
1112
548
225
3312
3302
3312
8024
10050
8043
7665
2448
1455
1431
5004
3265
5004
3237
4522
1500
4522
3516
8464
3044
6429
1402
6429
3452
6502
1502
6502
4315
1539
1410
1539
1538
9661
9673
9661
10297
9661
912
3273
3229
3273
3271
4769
8483
4769
2334
10312
8307
10312
10354
7917
4175
7917
7981
7917
7049
7917
9831
9855
9568
4597
1784
4597
9402
5843
1847
5843
9982
5216
10093
4760
2332
4760
2380
8973
9943
4088
1218
4088
1196
10291
9676
10291
5200
10291
8296
2639
1731
2639
2598
2639
1995
2639
2605
2639
6900
2639
4111
2639
4118
2639
4130
2639
4110
2639
1141
2639
1986
2639
1403
2639
1237
2639
4357
2639
4740
2639
2321
2639
1097
2639
1606
2639
2105
2639
1483
2639
1502
2639
1085
2639
1065
2639
2050
2639
4400
2639
6035
2639
4364
2639
1340
2639
7575
2639
4315
2639
2565
2639
4339
2639
2075
2639
1394
2639
1936
2639
1106
2639
4095
2639
4359
2639
3835
2639
4126
2639
1164
2639
1823
2639
1175
2639
4127
2639
2206
2639
3858
2639
6406
2639
4392
2639
1209
2639
2638
2639
2278
2639
4113
2639
1970
2639
1122
2639
6737
2639
1904
2639
4150
2639
1848
2639
1199
2639
8423
2639
4258
2639
4337
2639
1782
2639
2471
2639
4096
2639
1299
2363
2346
5020
3342
5020
3335
1030
1024
3487
6661
3487
9382
6811
3549
4449
7746
4449
3305
5486
4118
5486
4126
1775
5323
1775
1774
1775
1781
1775
8040
2484
2462
4612
8670
4612
7922
4545
9081
4545
1818
5168
3767
5168
3866
118
7070
10019
7070
10019
7157
2399
7157
6416
882
9735
8260
7400
8260
10181
8260
8888
8260
8889
7716
9996
9453
4145
7366
7386
4563
8603
4563
8597
948
8029
948
938
749
748
1931
6968
7059
1993
7059
10072
2345
9560
2345
8764
2345
7130
2345
8734
2345
8715
9034
2705
7980
2233
8269
8901
8269
8295
2008
2006
2008
1978
149
126
1405
3799
1405
8919
6228
3164
6228
3794
4120
9485
4120
9487
4120
8646
9273
8902
9273
8244
9273
8892
3467
7580
6900
1555
6853
7450
6853
8939
10261
6717
5466
7719
5466
9426
2464
10152
2464
2449
5188
672
5188
8283
5535
4141
5535
4135
1018
3899
1018
9180
1018
1008
1018
10398
4068
1100
4068
1079
8358
882
2383
2374
7079
1837
4717
3720
4717
2098
7960
8117
7960
8721
7960
9575
7960
2709
3155
8087
3155
6401
3155
10090
3155
8083
3155
3594
3155
7162
1856
1830
2231
10058
2231
2100
2231
2179
2231
2102
9312
7440
9312
7437
9312
751
1248
5190
1248
5191
1248
9566
1248
8068
1894
1893
1894
1638
7804
1887
533
541
533
459
8280
7409
8280
6806
6195
4436
6195
3261
7969
7088
3812
10233
3812
8237
3812
10250
3812
6854
3812
10206
2308
3535
2308
5637
2308
4803
183
182
862
8949
862
705
8095
7187
7386
7414
7386
10371
4583
3614
4583
1790
5928
3672
5928
3546
9844
6778
9844
6959
9844
1366
4870
2238
4870
6474
3218
3221
3218
2912
3558
3533
3558
3960
2930
2862
6345
3651
6345
2727
9186
663
5931
4378
5931
4381
7724
1799
5241
8814
2228
2174
2228
2097
6668
8327
6668
10378
6668
729
6483
8456
6483
9977
4859
2206
4859
2471
7112
8038
7112
7134
6008
7911
6008
3770
4200
8709
4153
1572
193
192
9414
7754
9709
830
9709
838
374
258
374
526
374
472
6363
2939
6363
3840
6820
6821
1181
1179
3048
3026
3679
3561
4657
3576
4657
3803
1486
9173
1486
8084
1486
10081
1486
10148
1486
4030
1486
4029
7434
7462
7434
6764
7434
801
7434
9715
3444
3445
8635
1073
5011
3379
5011
3358
5775
1579
5775
6944
2447
2409
2447
2408
9166
10190
200
43
2854
2820
2854
8036
9357
9938
9357
5904
5856
9071
5856
3772
4879
2582
4879
2627
6463
6739
6688
3572
6688
733
6688
730
3857
2038
2918
2911
2918
2912
4752
9853
4752
6858
3230
3226
5894
8577
5894
1934
549
202
6231
8447
6231
7627
9846
6835
1928
1919
1928
8681
1928
9124
4941
7109
4941
6821
29
1325
1324
1325
933
6308
9407
6308
7672
5335
5336
2195
2194
2195
2145
2896
2863
7656
3096
1466
8031
1466
7138
1466
1479
1466
5222
5053
2212
5053
4837
5100
9478
5100
2532
3670
7384
3670
10318
6383
10222
6549
8454
6549
2272
432
643
432
241
9416
1950
1161
1158
1535
6383
1535
10142
1535
5225
1535
8146
4111
1369
59
6445
4121
6445
5316
3659
8921
7694
1951
8495
3330
4924
2645
10196
7262
4529
3654
4529
7766
7098
3163
4602
9044
4602
5611
934
9627
934
8205
934
8174
934
3962
9048
1553
8252
5185
6422
8643
6422
5347
176
175
772
771
8447
3165
10164
3497
6497
8464
6497
7678
2635
5643
7033
7106
460
268
6732
1204
6799
8654
1342
4024
1342
6394
1342
942
1342
4023
9218
10188
4275
6402
4275
9495
4472
8446
4472
7679
2402
7157
2402
2391
5189
667
2329
2276
10370
806
10370
8931
7355
10316
7355
7376
6974
3044
2147
2141
2147
2149
6184
3263
6184
8424
0
8084
10167
2036
9379
2036
1959
1073
1063
1073
1052
9780
10312
1207
1206
1207
1192
1885
1882
1885
1645
10058
4173
10058
7189
10058
5243
3186
2948
3186
2950
8930
8341
8930
6813
275
274
1234
1222
3808
2151
10166
2667
5224
8787
212
211
7952
10082
891
3513
5455
1358
5455
3452
3731
2691
3731
8124
3731
7250
5539
1481
5539
1503
7741
1603
2495
2155
10194
8208
903
733
903
900
850
9700
1843
1698
1843
1846
6637
7601
6637
9057
10075
10170
10075
3582
10075
7229
10075
10089
8064
5272
8371
131
3975
10302
8918
5181
4354
1680
4089
1217
4089
1194
6164
3374
6164
4432
2
97
78
3357
3275
3357
3258
8854
6707
7274
8865
7274
7353
7274
3581
7274
10270
3421
3422
6322
6581
6322
8478
1865
1747
3166
3157
3166
3162
9870
3562
8896
8309
645
53
9471
1150
677
8334
6846
7758
4396
2250
9230
10086
610
404
6397
10107
3984
3985
9492
2228
1946
8022
1946
1914
1946
4161
1946
10015
9960
1658
2987
5206
2987
6393
2987
6392
2987
10004
9040
2985
7090
9814
1006
999
7285
7364
7285
681
9598
8786
9598
9226
9598
2126
9598
8782
6617
7828
6617
6083
8289
7453
1214
1202
4264
5316
4264
1415
93
121
259
35
761
7490
3267
3246
5705
3108
3711
2422
8525
1425
6965
4338
7051
1524
10203
10257
9774
7302
9774
9666
9774
7350
9469
9102
366
646
366
406
8382
1504
8993
1316
8993
4232
8993
3663
8766
3039
6943
9471
9210
9603
8938
8941
8938
844
1795
1716
1795
8187
7905
2877
1044
1035
9001
1005
9001
997
9886
7576
2104
2085
5152
2800
5152
2772
4461
3291
4461
6480
4284
7805
4284
1419
2246
7190
2246
4182
9462
2060
7013
8667
9990
6557
2615
2466
2615
2463
3287
3159
781
104
3800
6866
3800
6865
3753
1806
9568
8117
9568
9187
9568
9575
6985
7916
2542
2421
1306
1307
1306
1284
3964
3965
8075
9183
8075
9586
4509
8625
4509
8630
7989
2068
6175
3323
6175
3260
914
3657
914
9544
914
3416
504
356
504
513
504
278
2967
9590
2967
9197
2967
9202
2967
9800
2967
4002
2967
4003
858
9752
1625
8136
1625
7254
1625
4040
7265
7367
7265
10313
7265
7374
7265
3968
7265
7306
1874
1846
2016
10080
2016
7228
2016
8748
2016
8749
2016
8772
2016
8050
9884
2678
9293
10344
7243
8208
8910
6703
4481
7746
4481
7732
3319
3256
6712
2521
9776
862
9776
7484
9776
855
9238
7267
9238
9643
9238
8826
4052
7211
8362
6872
3026
3027
3026
4058
8124
4048
9301
10348
6024
7784
6024
8620
2309
2265
8786
10115
3210
2910
3210
3205
2766
2764
2766
2733
2993
667
2993
9732
4878
9415
4878
2574
6211
7610
6211
7617
6669
2245
3591
6748
5315
7925
5315
4124
5315
3489
5764
7741
5764
6787
5953
6702
5953
4389
6000
7682
6000
7668
2220
2198
3001
7112
3001
5207
3001
5208
3001
3878
7576
9059
6660
10044
331
655
331
330
3550
10087
3603
2906
2938
2826
6041
7736
6041
8582
8141
8166
1642
8018
1642
7146
1642
10083
1642
6870
1642
6781
3040
10121
3040
3626
3040
7266
3040
9785
1515
1495
1515
1511
8987
1090
4131
1413
702
9751
4619
1964
4619
9949
6828
7596
6828
9384
4208
4209
2525
2488
9267
3572
3473
9964
8323
7434
8323
10382
9737
65
7506
827
7506
829
9319
7440
9319
7442
2910
9155
2910
2853
46
5911
4376
5911
7710
6680
2166
3293
3178
4789
9075
4789
3608
605
525
605
623
605
269
3819
7008
3819
3504
3819
3503
7132
7143
7199
7241
6300
4925
6300
2654
6253
6692
6253
8617
350
307
350
405
2786
2703
2786
2777
1920
4167
1920
8678
1920
9105
1920
9124
3301
2953
3301
8758
9740
93
807
7523
9026
2530
9857
1825
9857
7043
9857
9498
4577
7936
4577
7868
4577
9094
3238
3227
1747
1832
1747
1742
5784
1729
5784
1815
8542
1765
1172
1151
7414
10384
7414
10383
7414
778
6592
8642
6592
8649
8615
2249
9287
3451
9287
10377
3678
10184
3678
7256
3678
7264
3678
10238
5108
2613
5108
2585
1021
1012
5031
3294
5031
7681
9711
7450
9711
7455
9711
776
4507
4491
4507
3090
2377
7566
438
388
438
649
10112
9210
10112
9194
10112
7201
6527
2030
6527
5889
8967
137
878
876
10371
10383
10371
9765
8865
8880
1854
1830
8055
8093
7961
9125
4365
4367
1315
1279
1315
1314
6155
9090
6155
4430
1918
10075
1918
1917
2230
2174
2230
2097
7384
10358
7384
6703
3773
2201
8281
7389
8281
10229
2928
2859
7806
965
3195
6959
1896
1693
4121
9485
4121
9487
4121
8653
2466
10116
2466
2514
2466
10135
6901
3625
6901
1378
6901
4397
6901
1114
6901
1390
6901
2376
6901
1101
6901
3690
6901
1030
6901
1044
6901
9853
6901
6873
6901
5313
6901
1371
6901
1217
6901
3854
6901
988
6901
1847
6901
6746
6901
1022
6901
2310
6901
9934
6901
1291
6901
1054
6901
1271
6901
4143
6901
1142
6901
7750
6901
1580
6901
1133
6901
3821
6901
2222
6901
1969
6901
1724
6901
1576
6901
6695
6901
1769
6901
1319
6901
1166
6901
1016
6901
5319
6901
1231
6901
1253
6901
1437
6901
5312
6901
4134
6901
10020
6901
1556
6901
9982
6901
6741
6901
1860
6901
1002
6901
3790
6901
1082
6901
1071
6901
9952
6901
6702
6901
6858
6901
974
6901
1935
6901
1194
6901
1174
6901
4389
6901
4115
6901
1531
8398
9486
8398
7858
6838
6841
6838
6840
6838
6839
4072
1117
4072
1098
4702
2098
4702
2066
5464
6997
5464
4112
4629
7696
4629
7695
8843
7330
8843
3973
8843
9292
2535
2526
6893
1114
6893
1101
6893
1030
6893
1044
6893
1022
6893
1291
6893
2243
6893
1054
6893
1142
6893
7750
6893
9951
6893
1133
6893
3580
6893
1166
6893
1002
6893
1071
6893
6792
6893
974
6893
1174
6893
1531
365
276
365
619
365
357
4343
1667
8333
9718
8333
805
8333
10385
789
9343
789
7482
7714
7861
9402
1692
7364
8897
7364
7391
7071
9988
9329
791
7839
1883
8261
3670
7122
2977
7122
3028
3829
7092
2218
2200
3902
7352
8885
8285
8885
1687
4807
2309
4807
3738
9741
1066
9741
9935
9741
1214
9741
9990
9741
1100
9741
1020
9741
1605
9741
4312
9741
4399
9741
5623
9741
6776
9741
1341
9741
1123
9741
1250
9741
923
9741
1043
9741
1419
9741
3516
9741
1783
9741
4384
9741
1005
9741
3729
9741
4141
9741
1879
9741
4116
9741
9742
9741
5601
9741
1176
9741
1841
9741
1294
9741
1401
9741
1673
1930
1921
10142
10179
7981
3706
7981
3706
3228
7276
3228
10171
3228
5270
3228
7244
3228
3997
7197
8152
7197
7243
7197
1908
7197
9214
4385
7053
9147
9558
9457
7886
9036
2861
5639
5640
1108
9011
1108
1078
5172
7735
5172
6718
4489
3142
2048
9935
2048
3473
5021
3802
5021
9962
1031
1024
6537
9462
6537
8609
2486
2464
2486
2466
6810
7931
9710
7460
411
621
411
216
411
220
10205
8853
10205
7445
1447
9264
1447
9257
1447
6751
1447
8219
5484
6672
5484
9067
4557
1813
4557
1770
9892
9458
3579
10008
8307
7509
7163
8107
7163
9587
7163
8090
6273
2604
6273
2481
5006
3237
5006
3223
8466
3054
250
40
9961
1735
123
1495
1466
1495
4031
5214
3680
5214
3680
564
487
564
323
8535
4342
499
355
499
511
499
284
4761
3625
4761
3854
2843
2818
2843
2817
9869
9382
2357
2254
2166
2149
2166
2133
2865
2831
2865
2847
5044
9958
5044
8597
153
154
9195
7529
7145
8204
7145
3616
7145
3963
7145
3393
7145
8768
7145
10134
8928
8359
8928
7452
8928
809
6568
7675
6568
9415
1152
1138
1152
1120
6312
8489
6312
8492
6887
3380
3411
2700
3658
3443
3658
10336
3658
10333
3658
3906
9486
7032
164
231
230
9862
9372
3570
3775
3570
3738
3570
1236
3570
9052
3570
8421
3570
1579
3570
1372
3570
7595
3570
1968
3570
2371
3570
2028
3570
6657
3570
9054
3570
6916
3570
1840
3570
9963
3570
2076
3570
1723
8007
4421
5973
4386
5973
6468
5306
1194
5306
1174
7556
1301
4781
2255
4781
3526
9991
2434
481
297
6412
9553
264
263
7594
4010
7183
8143
4914
2537
4914
2555
3559
1374
1635
1626
1635
8049
4858
9440
4858
9434
6649
9713
8486
2435
6588
8579
6588
6704
3329
3312
3329
3311
3402
7237
3402
1628
6867
10400
6867
7513
6867
9730
3500
6857
3453
1429
9484
7034
9484
9502
9484
3694
9779
10364
3036
7122
3036
3030
3147
3132
9228
7246
4144
9519
4144
7073
6034
9109
2885
3486
2885
7174
2885
2846
2885
5265
2186
2143
2186
8688
8134
3917
8134
3917
6432
9080
6432
8622
6499
3031
6499
3047
924
8259
924
8151
924
3929
924
3926
924
3925
4519
1532
4519
1503
4934
9395
4934
2675
3246
9535
3246
4427
3246
3243
4772
7624
4772
3778
6244
8449
6244
8448
2287
2286
1615
1611
1542
1523
1542
4034
9668
717
5876
7693
5876
7723
60
9727
738
9727
8364
3877
8902
3877
9653
3877
8244
3877
8892
3877
9279
1967
1960
2874
2869
7023
3502
9989
1747
9377
9061
9377
6060
9377
7717
9377
6884
9377
5633
9377
5603
9377
3728
9377
7643
9377
2535
9377
9892
9377
3559
9377
4107
9377
4092
9377
7702
9377
2523
9377
9417
9377
4869
9377
7647
9377
1182
9377
3688
9377
9062
9377
4105
9377
3754
9377
9973
9377
9386
9377
4353
9377
4923
9377
6918
9377
4109
9377
3577
9377
4100
9377
3449
9377
7625
9377
6933
9377
6978
9377
3825
9377
2602
9377
9046
9377
3532
9377
4578
9377
9403
9377
4579
9377
9411
9377
9938
9377
2553
9377
7688
9377
7669
9377
4361
9377
7607
9377
4094
9377
7719
9377
5904
9377
6461
9377
6789
9377
6768
9377
9426
9377
3459
9377
4102
9377
4022
9377
4097
9377
4083
9377
4341
9377
7707
9377
4317
9377
5644
9377
2215
300
458
2625
2617
3016
3015
3691
3210
6722
1292
6722
1938
6722
7858
6722
6997
6722
4106
6722
3635
6722
6720
6722
4112
6722
1985
6722
6721
6722
1190
6722
4103
6722
6759
6722
1813
6722
5308
6722
3448
6722
5309
6722
4101
6722
1770
6722
9954
6722
1302
6722
7912
6722
3723
6722
6097
6722
1872
6722
1758
5342
3093
68
6569
2582
6569
2494
6014
4397
6014
2310
2319
2315
1189
1192
1189
1156
8114
8777
5073
2622
5073
8462
8747
8111
3703
7081
3650
2438
3650
8089
3650
9204
3650
9203
2026
10120
2026
8037
2026
10118
2026
9818
2026
8079
2026
10105
6797
7914
30
8920
9710
3309
3308
6560
9064
6560
8600
9972
7008
9972
3504
9972
3503
7676
3161
10182
8192
10182
10198
10182
10215
9781
5204
9781
8252
9781
691
9781
7420
5207
9186
5207
2994
4891
2587
5234
1020
5234
1015
2946
6767
2946
3717
2946
3567
2946
10247
1224
1213
1224
3913
5944
2053
6692
4208
6692
6693
6692
7006
3578
4193
8515
964
1987
1923
3721
3517
9698
9737
157
79
8642
3298
4903
5650
4903
2620
4850
2635
4850
2589
6627
9496
6627
2680
2267
2262
9959
1684
3508
6867
3508
7462
3508
8943
5755
7702
5755
4341
6332
2797
6332
2771
6399
10261
6399
9253
6399
8191
6399
7282
6399
9792
6580
4905
6580
5653
3431
7090
387
25
127
7441
9770
7441
8939
2795
2702
2795
2737
8206
7436
6106
2767
6106
9477
9470
1170
4107
1382
9871
8411
4677
1929
4677
5886
4173
7193
9220
10227
293
292
3104
3100
3104
3076
7082
8019
9444
1659
9739
100
1910
7283
1910
5242
1910
3596
1910
8167
2293
8020
2293
9167
2293
5249
2293
2291
10073
1506
10073
1492
15
870
9738
9016
1310
1786
5610
5921
3744
5921
3714
7734
1707
2301
9097
2920
3698
2920
2919
9309
11
3744
1921
554
295
554
459
554
458
312
391
175
174
7972
4393
1241
1206
1241
1224
3809
1566
859
3905
5475
9088
5475
9080
2238
7070
2238
3492
2238
7018
2747
3485
2747
10065
2747
10057
2747
2708
6517
1905
6517
1780
10268
7360
10268
6827
10268
9685
6830
9099
5181
774
620
533
620
529
9814
10117
9814
8761
9814
1631
9246
7424
9246
7260
8390
1981
657
7446
7296
7323
8625
3049
3377
3373
8874
8280
8874
8279
7424
7436
5605
9937
7254
8249
7254
10211
7254
9678
7254
9655
7254
10172
7254
10200
4374
8669
3955
10153
3955
10137
3955
9631
4061
2991
6783
6784
6783
9820
6783
2449
8351
7502
8351
7476
8351
9730
1011
1010
1011
1000
1766
1755
1766
1750
2210
2195
2210
8030
1993
1911
1993
10145
879
8372
9104
8680
276
275
6221
3386
6221
8413
7062
3404
7062
3404
9446
2347
752
7511
2001
9934
2001
9952
3220
2918
517
555
5325
1916
6745
9668
6745
7488
6745
701
6745
10297
1335
8679
1335
939
1335
5212
1335
7994
1938
1887
8795
9621
941
9540
941
8003
941
8059
941
929
8272
9689
8272
751
8272
10351
2642
2640
2642
3620
10298
10320
10298
9290
2515
2486
2515
10032
2515
7959
2515
7957
2040
6864
2040
3550
2040
1996
2040
10055
4081
1210
4081
1232
8946
848
6763
2540
6763
6075
1100
1077
6996
7941
1053
1046
1053
1057
369
637
369
428
8313
8342
8313
6857
5161
3411
5161
9393
4452
7664
4452
7670
1525
5239
1525
5238
1525
3676
1525
8788
9816
1909
7375
6871
6954
2646
4255
1333
4255
8652
6818
9842
4609
1938
4609
6720
10290
3977
10290
6691
10290
3978
7416
8921
7416
8919
7416
9327
1020
1012
5030
3364
5030
3349
1605
1593
10026
3804
6552
9446
6552
9425
4118
6665
9175
10076
1168
1167
1168
3959
3662
7879
3662
6999
3662
4148
2911
9155
2911
2913
6293
4925
6293
2531
5910
8539
5910
3643
6681
10277
3513
3557
9853
2092
4882
3808
4882
6655
9024
1179
3787
7014
3787
3552
3787
7810
6301
2658
6301
2542
4948
2800
4948
2815
4749
7683
4749
6468
1921
4167
1921
8678
1921
9105
1921
9124
5786
1730
5786
9063
3300
2956
3300
2949
3253
3244
3253
3206
6238
3167
6238
4486
5405
4096
5405
1299
1475
9173
1475
8084
1475
10148
1475
1451
2784
2783
10387
734
10387
7483
6040
7669
6040
5644
10024
3228
10024
7164
10024
7144
10024
5338
10260
7298
8140
9244
8140
7515
8140
4021
8140
3538
3041
9247
3041
10137
4417
7088
4130
1426
1188
1187
1188
1156
9733
3137
3682
3371
8705
2056
5018
3347
5018
3342
7504
58
5525
6757
5525
7721
5993
2335
5993
6971
717
8963
3211
2910
3211
3205
3767
2756
6210
5010
6210
6972
5766
7741
5766
1726
2764
3652
2764
2735
3590
7990
6001
7629
6001
7682
2221
2201
5248
2180
3000
4012
6661
7813
6661
1800
6661
8570
6661
9444
6661
9446
6661
9979
6661
8571
6661
9466
6661
8558
6661
3669
6661
9443
6661
7836
6661
9452
6661
8568
6661
1096
6661
7790
6661
8561
6661
9465
6661
7803
6661
1392
6661
9438
6661
3412
6661
7848
6661
1178
6661
9430
6661
4108
6661
1121
6661
1144
6661
1107
6661
1255
6661
3769
6661
9425
6661
3576
6661
2216
6661
9459
6661
2557
6661
8557
6661
1210
6661
8576
6661
9440
6661
8554
6661
7799
6661
1297
6661
7828
6661
1400
6661
1277
6661
3751
6661
1197
6661
2074
6661
7756
6661
9450
6661
9434
6661
9436
6661
7776
6661
3803
6661
2586
6661
7796
6661
8628
6661
2628
6661
8567
6661
6083
6661
7830
6661
1232
6661
7797
6661
1321
6661
3826
6661
1165
2953
8217
2953
10209
2953
2952
2953
3998
7109
2684
5938
2034
5938
1997
621
402
420
653
420
333
10384
6853
10384
3910
10384
3909
10384
9716
3551
2678
3551
9917
4862
2508
7574
2455
3428
9997
7815
2251
4092
1204
47
2014
1979
2014
2009
6319
3818
6319
8476
8378
1617
4480
7633
4480
8448
8911
8322
8911
3565
8911
8917
8126
8148
6026
9955
6026
2327
9478
2454
8784
8859
8784
9236
8784
10217
8784
8816
8784
2135
8784
8154
4027
1418
9300
7388
9300
10372
9253
3987
9253
3423
6873
9950
6873
8663
9572
8091
3024
3020
7748
1553
7949
2174
283
48
3738
2251
1304
1287
4286
7807
4286
3741
780
779
5542
8533
5542
9033
898
9255
898
8188
9690
10347
5615
9939
6287
8604
6287
8545
3801
3464
3801
3465
3801
7067
2244
2152
833
832
4823
2214
4823
2325
397
1
3175
3153
3175
3768
1876
1749
1876
8426
3966
6756
9589
9738
6707
5199
6707
10374
916
890
5967
3853
5967
9096
3793
9809
1755
1705
1755
5322
1755
8733
8764
2173
6729
2390
6802
7897
6802
9095
6802
7895
1339
1308
2399
2400
2399
10212
9211
8802
10309
10335
10309
858
10309
7432
4469
6418
4469
9091
5192
7497
5192
722
10399
739
2332
2302
3623
2019
150
85
10207
8845
10207
7445
10207
10254
2106
2082
9000
921
8953
718
10051
6394
1137
7219
1137
8140
1137
1136
1137
902
4460
6481
4460
6417
5127
2672
5127
8490
1046
1028
1046
1040
6419
3162
8249
8867
4532
9394
4532
1581
1004
1000
1004
994
368
425
368
434
4599
9956
4599
8530
769
51
10352
9688
3986
3670
9041
1462
7091
9819
5987
6473
5987
7863
9660
717
9660
7488
9660
912
1944
1914
1944
1915
7177
9200
9455
1652
760
3889
1216
1202
4266
8585
4266
8563
9559
9189
3710
3266
3710
4936
3710
3808
3710
3603
3710
3787
3710
4488
3710
5658
3710
8493
3710
4424
3710
3080
3710
7677
3710
5340
3710
5641
3710
2614
3710
2318
3710
6466
3710
3062
3710
3606
3710
8457
3710
3347
3710
3202
3710
2581
3710
7630
3710
1901
3710
4505
3710
1797
3710
1929
3710
3627
3710
2875
3710
2277
3710
5886
3710
3568
3710
4433
3710
3672
3710
2743
3710
6733
3710
2726
3710
4410
3710
2676
3710
2792
3710
3665
3710
3325
3710
3342
3710
1858
3710
3585
3710
6655
3710
3335
3710
9409
3710
4207
3710
3217
3710
5344
3710
1759
3710
6736
3710
6481
3710
3708
3710
3759
3710
5664
3710
6417
3710
6469
3710
3546
3710
5621
3710
6740
3710
2593
3710
2336
3710
4485
3710
5630
6267
2571
6267
4839
2705
2696
2705
2694
7103
2704
7050
2090
8370
97
4488
3141
4663
5614
4663
1988
8856
8262
7276
7284
7276
8212
3164
3154
8066
8114
8066
3637
8066
8757
8066
1917
4356
10017
3322
3270
10049
8141
10049
8783
10049
8135
6166
7862
6166
7907
3420
10325
3420
7336
1117
1091
6357
2938
6357
3683
4167
10075
4167
4045
8359
815
8359
814
4049
4050
4394
4395
9308
6676
5087
6078
5087
6075
5087
6076
6709
3768
491
482
491
370
8894
10364
3397
5261
9231
9238
2312
2274
6844
9761
6844
9913
2455
2457
2455
2441
890
914
890
9510
890
9524
890
885
788
787
7927
10014
1236
1221
9561
10097
2539
2418
2539
10027
5226
5227
3730
1592
2273
2264
2273
2184
2273
4181
2273
9841
7740
2528
3883
10405
444
327
444
461
4645
7695
4645
1968
4512
4511
4512
9066
5495
4120
5495
4123
7992
2143
851
9748
9383
890
8379
1852
6976
1771
5067
6059
5067
2607
3845
7297
3845
7258
3845
7248
4683
2033
4683
3725
4468
8446
4468
7633
7835
1803
3184
5678
3184
6990
3184
7007
9008
4145
5149
2775
5149
2796
6186
4439
6186
3262
9345
768
9345
771
9345
779
9345
786
9345
784
9345
10407
9345
776
9345
774
8086
9252
2034
2010
4187
10026
7395
9779
7395
10326
8931
7452
8931
3548
8931
9339
813
7522
3863
2500
6457
7748
6457
5320
8227
8232
9591
9744
4926
3439
9363
1044
9363
1054
936
9164
1973
1894
1973
1972
7058
7996
8292
9696
8292
8312
8292
3739
8775
9224
8775
3862
8775
10199
3718
7364
3718
8857
3718
10278
43
768
767
5635
3763
5635
2382
5038
3126
5038
5696
1028
8075
1028
896
1028
1039
1028
10265
6589
5662
6589
3333
8539
7014
8539
4162
8539
7810
10356
862
10356
3656
10356
9342
10356
8343
1169
1152
1169
1167
7654
3124
1464
1465
1464
1450
3671
10014
5101
3726
5101
2610
8455
3112
498
521
498
289
498
618
7696
1690
3383
3307
1160
1158
1160
1157
4437
7025
4437
7016
9718
812
9718
811
9718
8942
4110
1343
5093
7740
5093
8604
7585
2617
246
429
6777
5252
6777
10169
6777
2130
6777
5253
5854
9035
5854
1869
81
4792
2218
4792
2240
96
9322
792
9164
927
7129
2041
7129
1996
5918
7029
5918
7921
7202
1627
2856
2828
2856
3762
2155
2138
2155
2144
3822
934
3822
935
737
9756
7347
10322
7347
8273
4727
9969
3231
3226
9397
1583
6230
3183
6230
4475
2894
2855
2894
2887
4940
6811
4940
3697
4940
7114
3308
3286
5896
9449
5896
9851
9725
823
9725
8362
9725
833
9725
828
3897
13
4201
9483
6821
4419
526
425
526
373
3363
3356
3363
10074
1180
1153
1639
9147
1639
9143
1639
8069
1639
6870
1639
10084
1639
6781
4138
1462
8148
3876
10345
9707
10345
3490
699
9757
4622
1969
4622
1935
7565
9023
7565
7043
7565
9498
7565
1666
6048
2237
6048
8461
345
314
345
403
4193
2698
1484
1476
2775
2765
5447
1341
5447
1386
7436
18
4697
5617
4697
2071
5010
3371
3446
6404
6672
948
3598
7199
3598
3793
3598
5256
6218
8495
6218
7663
4871
6474
4871
2567
2931
7829
2931
8593
588
611
588
638
588
189
5930
9062
5930
3577
3345
7034
3345
9502
3345
3694
5240
8814
3008
5205
3008
7173
3008
9582
3533
3617
3533
8354
3533
10377
9184
9589
7726
1702
7543
1616
5134
2743
5134
2676
2394
8795
2394
5334
2394
2392
2394
8145
2049
3475
2049
3474
2049
9508
1124
1113
8812
7424
7035
9511
2633
2624
6886
2789
9688
9319
9688
9710
9688
752
5658
3579
5658
3578
5658
4194
2410
2394
2410
2413
4312
6754
4312
6755
1362
9507
1362
1360
1362
1337
1362
5235
5411
4100
5411
4097
530
281
180
16
2356
2254
2167
2161
2167
2133
2698
2683
2698
6849
2698
10057
1420
967
1883
1882
1883
1645
7858
1221
7914
9933
9068
2995
9068
9093
989
982
1075
8101
1075
9579
1075
1074
1075
10266
4594
9958
4594
3772
4556
1813
4556
1872
7781
2176
7353
7365
7400
10249
7400
8311
5579
1615
5579
9397
8306
8324
8306
1621
1730
1683
9761
7699
9761
2570
9761
1421
9761
4383
9761
6757
9761
4120
9761
1856
9761
3230
9761
2525
9761
8535
9761
3411
9761
5605
9761
9041
9761
7726
9761
2110
9761
8501
9761
6061
9761
2550
9761
7727
9761
3757
9761
2212
9761
4837
9761
2909
9761
4942
9761
4439
9761
1732
9761
9395
9761
990
9761
6464
9761
2002
9761
2229
9761
9393
9761
3194
9761
2035
9761
2358
9761
3859
9761
2714
9761
9398
9761
9390
9761
8488
9761
8512
9761
7731
9761
2304
9761
2468
9761
2241
9761
3696
9761
1609
9761
7721
9761
6735
9761
2612
9761
3839
9761
5839
9761
9029
9761
4142
9761
3215
9761
1439
9761
3262
9761
4123
9761
1355
9761
2675
9761
3827
9761
9032
9761
8518
9761
2942
9761
1939
9761
2077
5007
3748
5007
7680
4273
1421
4273
990
8467
3026
162
73
10162
9788
10162
7311
10162
7288
9120
9130
3037
7122
3037
3030
9635
3917
1845
1838
3146
3131
905
904
4034
7169
4034
1520
8044
9240
2187
4183
2187
2137
2493
2492
6144
2929
6144
6953
2438
8809
2438
8773
2438
4186
2438
8074
2438
8751
5453
7690
5453
1367
5500
9052
5500
8527
10169
8097
9979
1573
9503
5665
551
305
6866
7481
1382
1376
1382
1311
2501
2159
2501
2503
5559
4144
5559
7794
7761
1708
1718
1670
1718
8724
7311
6769
8214
10218
1289
1285
1289
10071
8487
3246
1863
1827
2728
2716
5570
9743
5570
1608
2571
2504
8006
10110
9088
949
9791
9301
9791
10341
638
191
5307
1175
5307
1199
7557
1381
3973
7345
10192
8823
10192
8163
10192
9619
2110
2086
3068
7128
3068
3621
9518
4191
6485
7837
6485
3086
9905
6730
9905
7691
9412
4012
6343
7845
6343
3713
3120
2964
3120
8026
2467
2187
6121
7653
6121
7618
653
654
653
384
8021
8060
7489
3888
6072
2588
1671
1600
8172
8251
8172
8182
8172
9784
3464
7103
5773
6759
5773
9954
612
435
8410
8428
8410
8415
4981
3222
4981
7743
10288
10312
9842
9110
9842
6820
9842
7052
10100
1336
8633
3241
2812
2811
2812
9978
7807
1427
1897
1693
9525
10011
8698
9576
8698
9146
8698
8727
8698
9570
8698
4038
8698
7127
5261
8261
5261
3986
5261
8246
6648
3220
6648
8480
4839
2188
1822
9954
1822
9850
6365
4940
6365
8443
4714
8629
4714
3575
4155
8763
4155
1409
5333
2121
2193
10147
2193
2170
9910
9009
2487
2157
2487
6822
2487
8726
2487
9188
6536
5885
6536
3868
1323
9571
3484
2416
1446
1443
1446
1417
7629
2355
2201
2136
2201
6470
7702
1600
6465
10046
3088
3087
3639
9980
3639
9980
8571
1491
1141
1129
2138
2124
2138
2142
5398
1251
5398
1274
8728
10063
8728
9171
10325
10349
10325
743
8493
2529
4806
3738
4806
2366
9941
5603
9941
4107
9941
4092
9941
4105
9941
3754
9941
9973
9941
4353
9941
4109
9941
4100
9941
6978
9941
4578
9941
4579
9941
4361
9941
4094
9941
5904
9941
6461
9941
4102
9941
4022
9941
4097
9941
4083
9941
4341
5281
3000
5281
3002
6443
4112
6443
5463
1533
1515
7196
3737
9146
9185
6385
7415
10235
8289
10235
7364
10235
682
9037
1835
1598
1540
1598
1537
7154
2689
8501
1599
5055
2495
5055
2207
4961
2883
4961
2874
5829
4363
5829
1866
8438
2823
5902
7727
5902
3859
362
634
362
354
694
7486
3376
9374
3376
8431
3376
7583
3376
2902
3376
7597
3376
2579
3376
2730
3376
5679
3376
7577
3376
2787
3376
9026
3376
2218
3376
7594
3376
7574
3376
3024
3376
7585
3376
2467
3376
8418
3376
9376
3376
2711
3376
3263
3376
3607
3376
5616
3376
7586
3376
7573
3376
9375
3376
4212
3376
7587
3376
2070
3376
7593
3376
6475
3376
3119
3376
3386
3376
5661
3376
3745
3376
2311
3376
9373
3376
2260
3376
2556
3376
3788
3376
8424
3376
6904
3376
7571
3376
5699
3376
6906
3376
7578
3376
2240
3376
2597
3376
3046
3376
3064
3376
8414
3376
3288
3376
2988
3376
1992
3376
7592
3376
8413
3376
2113
3376
3341
3376
3182
3376
3837
3376
3360
3376
8425
3376
6898
3376
9381
3376
3413
3376
2341
3376
7589
3605
1718
7609
3247
234
233
10116
10149
3060
3050
2118
3979
6374
4972
6374
3199
6061
2603
5955
3623
5955
4388
484
406
7222
7236
1662
7090
1662
1661
1662
3849
8161
10146
7452
814
5313
10011
5313
4025
6516
1756
6516
1780
261
260
10223
8885
10223
3942
3069
7128
3069
2965
9247
8184
9247
7390
216
215
2995
9506
656
7495
3128
3130
3128
2965
7297
3523
7297
3973
7297
10230
8582
2154
5272
7271
5272
9260
5272
8202
1787
1688
5744
6900
5744
4339
8325
7433
8325
680
3921
10264
5809
4363
5809
6694
8418
3036
3475
3750
2523
2488
2746
3624
2746
10065
2746
6849
2746
10057
8651
3139
9939
8682
9939
3477
9939
7976
627
221
627
402
1513
1495
1513
1507
6640
6799
6640
6090
8690
9528
9017
1024
598
508
598
614
5351
3024
5351
7573
4424
2911
6922
7869
8562
3131
6255
4576
6255
8521
6604
5919
6604
3732
172
62
8720
9164
2130
3877
2130
10213
5390
1217
5390
1231
315
389
3295
3856
3080
3057
10114
1148
9533
9819
9533
5250
8947
866
6997
1331
8181
7295
1682
3676
1682
3733
6081
6082
4972
3211
4221
1172
4221
1139
9648
9301
9648
9297
9648
10310
6474
2164
1551
1542
1551
1546
4734
3756
4734
8629
724
723
1767
1755
1767
1751
8430
6927
8613
2010
2832
2831
2832
10041
2899
2898
2899
2881
1590
8006
1590
5227
1590
8056
1590
7131
1590
4032
6963
4153
8746
8099
8746
8099
2651
3421
2651
2395
2651
7191
2651
2665
8523
4577
5703
8455
5650
5651
2027
2012
2418
2399
2418
3804
6796
9051
7677
3161
10171
3996
9981
966
9772
10352
9772
8879
9772
745
5206
666
5206
7159
3017
3015
7283
3525
7283
10308
7283
10255
7283
9806
4441
3365
4441
3352
1428
1430
1428
973
329
560
2690
3456
2690
2643
2092
8005
2092
7104
2092
9126
5691
3150
5691
7634
4014
2997
4014
8471
1371
1368
1064
1053
1064
1063
6754
1447
135
136
9927
7768
9927
7760
9927
7769
9927
1467
9927
4128
9927
5885
9927
2308
9927
1161
9927
2220
9927
1172
9927
2357
9927
1967
9927
1987
9927
2301
9927
7748
9927
6802
9927
2106
9927
1124
9927
7781
9927
1084
9927
1809
9927
2367
9927
1139
9927
2078
9927
1298
9927
7782
9927
1099
9927
4129
9927
7584
9927
1118
9927
7795
9927
4117
9927
1049
9927
1273
9927
9087
9927
1399
9927
1941
9927
4140
9927
6405
9927
7767
9927
1850
9927
1069
9927
7755
9927
9942
9927
1196
9927
4125
9927
2340
9927
2630
9927
3868
9927
2575
9927
1058
9927
4340
9927
2566
9927
4360
9927
5320
5877
9071
5877
3628
3876
10233
3876
8825
3876
9258
3876
8840
9060
2425
9494
7988
9494
9519
9494
9528
9789
6782
9789
9687
1966
1953
436
460
436
265
7903
4180
7903
6980
7850
2348
1793
1837
1793
1695
9376
2515
2582
5646
9128
2664
6945
8664
741
8371
8995
2222
8995
1016
8995
1002
7331
9291
7331
7339
3247
9535
3247
4427
3247
4428
3247
3239
1738
4036
1738
10091
1738
1716
1738
7152
414
316
414
514
9623
7272
9069
1509
9466
1885
8234
877
2286
2231
2286
2097
4244
3635
4244
5308
952
950
952
931
7891
2984
7408
750
1801
1762
8207
7341
8207
8243
8207
10245
7263
6775
1623
10155
1623
8850
1623
8222
6107
2767
6107
2796
9882
3551
4106
1306
4676
3744
4676
1965
1084
1064
10248
7355
6173
7757
6173
7745
8073
4036
8073
8108
8073
8763
8073
10091
5114
6763
5114
2477
6983
2458
3755
4155
3755
8073
8899
9698
8899
10332
5508
4130
5508
4127
8832
7329
2613
2450
7015
3153
8342
6867
8342
8351
2430
7969
2430
4417
2430
9518
2430
2427
4332
7846
4332
1587
5431
1392
5431
9438
4399
2305
2562
2497
1710
1711
1710
1653
6626
2586
6626
6083
2266
2275
2266
2182
9759
2069
9759
2059
9759
3168
9759
2998
9464
1877
7245
7253
2947
2946
2947
2952
9080
1326
7772
2166
9295
8271
5721
6910
5721
7678
7934
9994
7934
9994
7519
115
1986
1923
457
215
457
557
9496
2669
2720
2718
2720
3624
3944
3908
3944
9693
1252
1240
5578
1567
2964
10138
2964
10160
2964
2958
1877
1754
1877
1750
9527
9347
3967
3968
6706
6707
917
914
917
9510
917
10386
917
7113
5793
8557
5793
3751
5966
4383
5966
2229
10211
10239
10211
8915
10211
10338
3284
7074
3284
3664
5738
6973
10382
801
10382
3949
10382
797
7599
2223
8678
10002
5801
3668
5801
9946
4287
8585
4287
8595
3615
1610
7532
135
665
15
2753
2749
2753
3404
2753
3701
6286
4890
6286
2609
2800
2799
5249
2180
3542
5238
3542
3676
3542
8788
8127
1641
7460
7481
7460
10403
9676
10353
1703
1704
1703
7251
1703
10267
1703
8798
6027
4398
6027
3836
1650
1633
1650
1634
3052
3039
3052
3051
4026
4027
10240
694
10240
10294
9907
3376
9907
3805
9581
7189
1691
9509
1691
1644
8192
8206
353
533
6092
2713
7469
795
8819
3847
5428
3559
5428
4102
4319
9129
4319
7065
4319
7102
7176
930
10032
7985
3264
3242
10237
10272
1217
1203
685
8350
4267
7771
4267
1419
8473
2863
2711
3484
2711
3482
2711
5655
7823
2330
6266
2495
6266
2568
5710
4212
5710
3064
9208
10154
9208
10141
2984
4008
2984
2980
6614
4865
6614
6073
9131
6788
1578
1560
3987
7381
3987
10323
5986
7581
5986
2303
7328
5204
7328
690
7328
3991
4949
9390
4949
3696
4748
2372
4748
2115
1721
1718
1721
1669
8603
1806
8550
2163
5623
2257
2107
2082
2173
9618
2173
7222
2173
9229
2173
2209
2173
9227
2173
2172
1136
9632
1136
4021
1136
901
5126
2671
5126
2547
1047
1046
1047
1029
5378
1162
5378
1177
9674
8962
7480
8951
7480
732
1508
1494
1508
1507
8591
1685
6541
7825
6541
3709
1431
5236
1431
4026
1431
6403
4815
2322
4815
2356
7862
3367
1095
1076
1095
1089
3786
1559
4574
1853
4574
7838
1280
1269
1280
1283
10354
8920
969
972
969
963
1744
1678
1744
1739
9640
8207
5787
4354
5787
9391
4301
1483
4301
6406
8248
3897
9052
956
10276
7393
10276
8284
10276
5202
4238
3555
4238
1294
1809
1802
804
8366
3910
784
9539
9550
960
9230
960
3417
960
6788
960
7227
4293
9082
4293
4136
2819
3993
2819
8195
2819
10191
2819
7214
2819
2852
328
319
328
410
5513
7721
5513
1439
9611
10405
5662
3273
4504
4505
2061
8706
2061
2055
2374
3515
2374
8689
2374
5941
2374
2227
1955
1947
1955
9534
1955
9531
1358
1333
7002
2040
6118
6119
8018
8069
6524
7906
6524
9970
6929
4019
8964
150
8753
8085
8753
10126
8800
8190
8800
10285
2678
9056
7417
687
5140
2722
5140
2742
9284
3797
1269
1268
1269
1259
10357
8938
10357
8346
10357
10381
10357
9326
980
978
980
946
8405
1030
8405
1044
4001
3151
7749
1498
7948
2141
5551
8581
5551
7786
3938
9789
2550
2423
2603
2583
2603
2511
716
9755
1260
9566
1260
3914
1260
3915
1260
5196
7882
2701
4210
3057
3766
8313
3766
3952
3993
3994
494
620
494
517
494
296
10153
8293
10153
7323
5767
3809
5767
10003
5590
10000
5590
9743
2591
2577
2591
2546
10274
8300
10274
9306
10274
9315
3525
7367
3525
7387
3525
8264
3525
7372
3525
3951
8711
8105
2473
2185
89
69
2255
2252
9637
10406
7229
7245
7229
7238
7229
3595
9264
8219
7302
677
8030
9830
8030
2194
8030
2349
8030
10078
441
610
441
312
6130
2907
6130
4422
4040
9625
4040
8813
4040
8817
4416
8661
3131
3130
3131
2966
2081
7716
2081
8416
2081
7572
5682
3173
5682
9445
78
8984
1043
8984
1037
9933
9526
9933
7065
3208
8169
3208
10092
736
10407
7346
7371
7346
7463
4726
9969
4230
1304
4230
1288
4543
1866
4543
6674
9396
956
1773
1763
1773
1752
8240
7411
227
226
9925
1856
9925
3230
9925
2525
9925
8535
9925
3411
9925
7726
9925
8501
9925
6061
9925
2550
9925
7727
9925
3757
9925
5606
9925
2212
9925
2909
9925
4942
9925
4439
9925
1732
9925
9395
9925
5838
9925
6464
9925
9393
9925
3194
9925
2035
9925
3370
9925
3859
9925
2714
9925
9390
9925
8488
9925
8512
9925
2468
9925
6735
9925
2612
9925
3839
9925
4142
9925
3215
9925
3262
9925
4123
9925
1355
9925
2675
9925
3827
9925
8518
9925
2942
5897
1899
5897
9472
1288
1270
3896
8
8421
4577
3854
7001
3854
7864
3854
3498
7871
1078
2365
2255
2365
3831
7039
8694
5822
4357
5822
4364
2857
10034
2857
8716
2857
2913
968
961
968
963
9089
9506
9089
659
342
341
3918
9787
9354
9877
8975
3080
8975
1797
8975
1858
8010
7136
9918
7974
9918
8644
9918
7922
1350
1351
1350
1347
1403
1363
6110
5659
6110
2802
7697
1547
4436
3224
3111
3085
2659
2442
2343
2052
6776
2022
4565
7712
4565
8521
1391
1387
5148
3461
5148
8555
7622
2202
2121
3877
2121
7267
2121
9643
2121
8826
8731
8756
2670
2445
7209
2947
7209
6742
8808
4044
5671
7664
5671
8494
2072
2023
3930
3931
2558
2539
2558
2433
9541
2464
7940
9523
10280
8838
10280
7292
10108
8811
10108
9241
10108
9629
2385
2175
7727
3424
5533
8580
5533
6771
988
980
547
548
547
430
547
429
547
223
547
428
5598
7697
5598
3841
842
8964
6855
8255
7792
2203
9275
7503
9275
10392
4218
1141
4218
1122
1902
6945
1902
1900
1902
1701
1829
1828
1829
1745
1268
9566
1268
8098
4585
9443
4585
7776
8093
2096
9510
3657
9510
9544
6193
4435
6193
3260
2444
2410
2444
7089
2444
8683
2444
2414
7437
753
5446
4232
5446
7718
4696
5616
4696
2070
3447
6404
3153
3152
3153
3137
3200
2892
9609
10180
6201
4435
6201
9090
4654
7751
4654
7819
8101
9611
8101
868
8101
9593
10365
8307
10365
8920
10365
8903
4048
7261
10386
9557
10386
8357
10386
3618
2679
2677
463
52
6138
8639
6138
4423
8038
9169
6909
7851
6909
7788
6909
2208
6909
8559
6909
7833
6909
2551
6909
7736
6909
6036
6909
3287
6909
3819
6909
7839
6909
7734
6909
6763
6909
3662
6909
2244
6909
3184
6909
3231
6909
5010
6909
1845
6909
8582
6909
7823
6909
7749
6909
6947
6909
3222
6909
3364
6909
1820
6909
7817
6909
3743
6909
7751
6909
2477
6909
7840
6909
2884
6909
2774
6909
8565
6909
3148
6909
4613
6909
7819
6909
2871
6909
1833
6909
2224
6909
4938
6909
2813
6909
7809
6909
3169
6909
4921
6909
3180
6909
1727
6909
5629
6909
1676
6909
3280
6909
7846
6909
2099
6909
1587
6909
7774
6909
7743
6909
3389
6909
3700
6909
2337
6909
3349
6909
3259
6909
2518
6909
2790
6909
7844
6909
2029
6909
6972
6909
7818
6909
8631
3495
958
5883
9852
8659
10006
6634
2784
6634
2811
9111
1668
5292
1101
5292
1082
2808
2706
1579
1563
8670
1944
7926
3475
1237
1208
2731
4937
2731
9967
5227
8146
5730
8469
5730
7661
203
202
5086
8445
5086
3693
6049
9087
6049
2566
6394
3822
8149
3679
8149
1102
8149
9634
8149
742
825
7530
1411
9796
1411
9216
1411
10150
4835
3530
4835
8491
674
8321
3396
2401
7683
2177
1658
10045
1658
1656
1658
9839
7468
3548
3354
4199
3354
6987
3354
6988
2975
2973
2975
2972
3089
3082
8857
681
7277
10303
5420
4104
5420
1399
8067
8795
8067
8178
8067
2392
4357
1830
6167
3568
6167
4433
5379
1176
5379
1163
2421
2420
2421
2402
1116
1091
6356
6733
6356
3708
4166
10025
5718
3061
5718
5345
190
189
1559
7952
1559
1552
1559
10044
8444
10023
3635
1368
4992
8431
4992
3263
7512
55
7645
2822
6494
3060
6494
3079
7320
43
4740
2176
8679
8741
6456
1606
6456
4150
1570
1497
1570
1569
8226
3454
8226
7316
8226
7324
5863
7696
5863
6925
4927
3439
937
8720
937
8042
937
8035
10209
10235
10209
10243
5
9153
10126
9200
7298
578
520
578
199
578
515
1204
1168
1204
1201
5845
9960
5845
1849
2144
2127
2144
2123
9680
7477
6187
3231
6187
3259
8087
8120
4186
8819
5359
9374
5359
7577
8558
956
3275
8217
3275
3254
3275
3999
5066
8499
5066
9413
6977
3037
9579
9591
9579
9600
5370
1123
5370
1143
1500
1490
7663
3304
7488
700
1453
1444
391
55
2465
10143
2465
8052
2465
2449
7088
2407
10197
7322
10197
8253
10197
5230
5534
7750
5534
4134
5919
4639
5919
6968
5919
4640
115
7978
9139
2299
2261
9311
737
2232
2156
2232
8113
2232
7186
2232
8104
861
9737
6487
7583
6487
5699
2536
9984
2536
9953
3811
3967
3811
3525
3811
3395
3811
3970
1239
1207
1239
1228
6156
4976
6156
3198
5179
8966
1316
1280
4366
4367
8056
10110
4157
4158
6367
7635
6367
9057
544
551
544
484
8866
8877
8866
10337
4653
1929
4653
3627
4700
2067
4700
7847
4070
1097
4070
1085
3154
3157
3154
3139
7805
1427
1895
1694
3196
2891
8094
9207
1009
8107
1009
1008
1009
9179
4059
2986
8349
48
2443
2410
2443
2408
6194
4434
6194
3238
99
68
9400
1571
9353
9403
9353
5904
3900
9747
3853
2093
10167
9215
9819
2181
7120
2466
881
879
6467
9553
6467
3852
6219
3377
6219
9962
1932
1918
1932
1948
8278
8292
1999
9949
1999
5888
1774
7147
7068
3188
2485
6783
2485
2462
939
5214
939
3680
939
9223
939
3962
758
3891
4544
1863
4544
1824
9599
9241
9599
9629
5170
2875
5170
3708
4079
1210
4079
1197
2648
9077
5057
7650
5057
8458
4386
2088
5159
7735
5159
7821
9035
1834
9700
9748
6387
8329
6387
7438
6387
7429
6812
3746
6812
715
6812
3507
6812
844
2344
10054
2344
2339
2344
8715
4458
4459
8886
8890
4611
7761
4611
7853
224
223
1404
1364
6501
7713
6501
7800
4778
2167
9154
3820
4521
9933
4521
7854
1548
4146
1548
7966
1548
3407
398
369
2866
2848
2165
2134
2165
6413
2165
4179
6438
9433
6438
5310
160
5864
8523
5864
6925
6493
3060
6493
4214
8443
2701
9196
9611
9196
8780
7037
8695
10035
8733
7146
7178
3689
2595
5005
3264
5005
3233
7664
3307
1454
8595
1454
8408
8465
2487
130
125
6571
8590
6571
5647
1191
1184
2321
2273
6728
2718
5348
3014
1077
1067
1077
1076
9431
2284
9431
3385
9431
4131
9431
3801
9431
3623
9431
1863
9431
2571
9431
9933
9431
4355
9431
2722
9431
4415
9431
9090
9431
9479
9431
10003
9431
9481
9431
1851
9431
2940
9431
1557
9431
3726
9431
4398
9431
6771
9431
3358
9431
3260
9431
2791
9431
2326
9431
9919
9431
1824
9431
9096
9431
6780
9431
1971
9431
1584
9431
2925
8536
1472
9830
2343
2143
8753
2143
4409
2143
2123
168
81
1496
8207
1496
9640
1496
6747
1496
9265
3311
3302
3311
8017
3311
8752
6310
4924
6310
8489
1203
1168
1203
1201
1150
1147
1150
1132
3572
3679
3572
10399
3572
698
6698
7579
4889
2221
4889
2328
8648
1464
3719
7103
3719
3465
3719
7067
9750
138
57
426
294
426
354
907
3960
2886
2885
2886
6400
2886
7158
2886
7141
10088
8775
2185
2143
2185
8688
6410
1626
1847
1700
5884
9852
3035
3034
10300
8883
10300
3736
10300
8265
6633
7597
6633
8425
9847
1449
6338
4942
6338
3696
5305
1182
5305
4022
7555
1329
10388
7479
10388
3907
10388
7474
6401
4001
3429
7240
3502
3191
319
383
7439
40
3353
3298
3400
7272
1636
1627
7684
2857
27
8485
3189
673
8321
9417
7005
9417
9451
6393
9732
6393
668
9854
7024
9854
3492
9854
7018
3581
10248
3581
3536
3581
10282
3581
2509
3581
3979
6430
9433
6430
1401
1540
1410
1540
1538
313
390
6613
2569
6613
9493
3015
2975
3015
3009
23
2983
2981
2983
670
4770
7774
4770
2337
7824
2013
7675
2189
8474
2766
3263
3248
4759
2287
4759
2332
2025
2024
2025
7990
6720
1692
1616
1611
5340
3083
64
122
6947
1772
3245
3244
3245
3206
53
8997
1227
8997
2789
8997
1256
6318
2730
6318
2711
9736
66
1158
9803
1158
8702
1158
1147
240
239
2626
2617
2174
2179
2174
9556
2174
9151
3652
7257
3652
8126
3652
9577
3652
10129
3652
7225
3652
8173
5624
2198
3409
2192
5875
1895
5875
5612
8604
2452
6562
2469
6562
7899
8922
8926
8922
3629
8922
3610
2754
2690
2754
2688
8640
8665
3757
2540
3757
6075
3757
6076
7017
7977
3283
3703
3283
9997
3283
7093
5756
7702
5756
4353
4779
2321
4779
3835
6690
3977
6690
6691
6690
3978
9856
8690
9856
9519
9856
7073
4852
2474
4852
9050
3561
8371
5794
1862
5794
9391
6105
7870
6105
6085
6418
3158
8205
8852
2796
2786
6651
8235
6651
6816
6651
6815
2963
2964
2963
2960
9429
1964
9429
9948
9429
1501
9429
3455
9429
2238
9429
6818
9429
3689
9429
1864
9429
6079
9429
2285
9429
1672
9429
2719
9429
3776
9429
8637
9429
6786
9429
3359
9429
2362
9429
2323
9429
9957
9429
5602
9429
2941
9429
6762
9429
3695
9429
5888
9429
4422
9429
2115
9429
4976
9429
2805
9429
985
9429
9743
9429
2567
9429
2045
9429
1849
9734
9347
8516
1777
3408
1763
520
206
520
531
3331
3328
7247
7263
10023
10077
10023
3163
10023
8032
10023
8732
6582
9948
6582
6715
9297
10348
6330
3692
6330
2806
2945
3678
2945
6742
9222
8283
1704
10224
1704
3401
1704
8815
1704
8221
2997
9068
2997
3419
9245
10214
1912
3582
1912
10216
7295
10227
7295
3975
7295
3699
7080
7989
3994
7314
3994
6760
872
871
872
8365
7959
9541
2922
2857
2604
2517
3956
671
3956
3390
5957
2074
5957
9450
9420
2088
9821
8797
7970
8703
8279
7380
8279
7380
3607
5275
3607
8602
3607
3573
8626
3037
5606
9937
497
480
497
618
8983
1036
8983
1042
4119
959
4708
2111
4708
2072
9015
2459
6832
7930
4078
1161
4078
1196
6899
3173
6899
8578
6899
7737
6899
8598
6899
3832
6899
3048
6899
9462
6899
1874
6899
6692
6899
8625
6899
3682
6899
7740
6899
8562
6899
7850
6899
8550
6899
2670
6899
7824
6899
8604
6899
8626
6899
8560
6899
8569
6899
7779
6899
8552
6899
7837
6899
3636
6899
8589
6899
3366
6899
7849
6899
7791
6899
8617
6899
3614
6899
7735
6899
7826
6899
9445
6899
8548
6899
6718
6899
7814
6899
8616
6899
7784
6899
3461
6899
3086
6899
7775
6899
7746
6899
8609
6899
5890
6899
2472
6899
7829
6899
8545
6899
8583
6899
9084
6899
9435
6899
3850
6899
7732
6899
8553
6899
7820
6899
7757
6899
8630
6899
1790
6899
8546
6899
8566
6899
8555
6899
7777
6899
7821
6899
8593
6899
8620
6899
3305
6899
7745
4631
1937
4631
6780
8392
1980
9887
2639
9601
9222
3477
9980
9263
7283
5476
7720
5476
4116
10048
1795
1785
1662
2474
2185
8327
3884
8945
804
8945
8952
791
7517
5514
3769
5514
8576
7128
2961
7128
10139
3297
2955
3297
3185
7069
7120
9331
8930
9331
8933
2212
2199
3908
8302
6995
8676
6995
4205
6995
3133
8259
3928
8259
3904
4294
1467
4294
6405
7841
1592
9408
2151
2516
2486
2516
7985
2516
7957
3831
2352
4256
7780
4256
7753
3222
3218
750
7508
803
7527
7060
2954
9922
6970
6257
3823
6257
1869
7979
8007
8270
6388
1743
1740
1743
1739
1526
1535
1526
8760
7376
10363
4573
6947
4573
3700
2042
4169
2042
2003
5641
2522
9283
699
9283
912
4491
7927
4491
3671
4491
7035
2640
8828
2640
3715
2640
10256
1029
1028
1029
1025
5019
3386
5019
3341
1765
1755
1765
1751
1102
9256
1102
9647
5178
7529
292
437
292
288
8754
8764
1336
5211
1336
8061
468
254
468
472
468
642
6523
3539
6523
3522
5326
1916
8963
162
6746
968
8796
8881
4450
3306
4450
3336
4503
3108
4503
5343
2373
2064
9777
7410
9777
9326
6591
3217
6591
5664
8541
959
1171
1138
1171
1154
5032
6480
5032
7634
5099
2480
5099
2531
3669
2527
1022
1013
623
399
623
628
6603
8457
6603
3759
6550
7823
6550
5629
1476
1475
1476
1452
5406
1272
5406
1294
4423
2859
10001
2053
1097
1087
3660
7432
5785
9465
5785
8557
7415
762
7415
766
7415
5232
7415
5183
7208
7235
256
60
5912
6946
5912
3522
8614
1370
3828
1292
3828
3651
3828
9486
3828
1938
3828
9478
3828
4106
3828
8648
3828
4112
3828
1985
3828
9493
3828
2552
3828
5463
3828
9495
3828
1190
3828
8636
3828
7911
3828
7874
3828
3632
3828
5308
3828
3448
3828
2489
3828
5309
3828
4101
3828
2370
3828
3807
3828
1770
3828
1423
3828
3646
3828
9850
3828
7909
3828
3814
3828
3547
3828
1758
4798
6680
4798
7622
7131
9596
4880
7599
4880
9405
9328
791
9328
8934
1957
1946
1957
1944
3229
3253
3229
3225
10232
7315
4733
7803
4733
7830
3302
2953
3302
8758
9176
939
723
9750
10037
1534
282
281
1606
1596
6473
2350
4132
1413
4199
10040
8142
3761
4628
1941
4628
1903
1641
10210
1641
7251
1641
7262
1641
10267
1641
8798
6819
9842
6042
2569
6042
3632
3680
8189
3680
7279
3680
928
5314
5315
5765
9394
5765
4354
701
700
6373
3202
6373
3217
9415
5646
9902
3570
9902
6658
9902
7568
10040
3300
693
7420
8407
1030
8407
1022
6212
7620
6212
7623
1514
1495
1514
1511
4869
2498
10313
7387
3592
1448
6678
3474
355
401
355
631
3002
3001
72
2929
2861
2257
2258
2257
2235
2524
2488
9522
3478
9845
9761
237
236
9428
2447
4860
9434
4860
9436
487
321
3527
6805
8706
9559
8706
8765
8706
9584
8706
10125
5526
7842
5526
7739
10011
8029
5743
9452
5743
9459
667
4
4090
1195
4090
1177
4285
4312
4285
7805
3328
3312
3328
3326
3617
726
3617
6701
5616
7687
5616
6525
5616
5926
4482
3280
4482
3349
2614
2450
454
460
454
623
454
267
5113
9467
5113
2478
6984
6744
9813
1715
915
890
915
917
6174
7598
6174
7616
8074
8102
8361
6872
8361
820
3965
10299
3965
3933
4051
7276
4051
7244
4051
3997
1083
1073
2318
2270
2318
2317
2318
2316
6711
1947
6711
1945
9302
3903
1875
1749
3176
7099
3176
3768
3176
7083
3176
5277
9632
9644
7264
9276
7264
7305
7264
9656
1624
10155
1624
7308
1624
8256
9229
9618
9229
9618
3943
3944
10195
2829
7933
2483
2541
2421
2541
7986
9443
1793
10074
3245
10074
3258
782
781
5540
4138
5540
7914
7816
1509
849
848
6025
3773
6025
4398
8125
8794
4518
3716
4518
8505
7998
8046
7998
8746
7998
5273
6800
9856
8381
1801
8381
9464
6753
6403
3985
2393
3985
10321
417
320
417
528
4013
9068
4013
3419
1063
1057
1063
1062
2330
2353
2330
2281
5190
8762
7284
3458
4265
988
4265
6746
687
8348
1215
1202
2706
2694
2706
2758
5704
5698
5704
3117
5151
2801
5151
8474
4462
3290
4462
4474
6964
7053
8929
7452
8524
1598
9002
5623
9002
923
9002
997
4817
4837
4817
2358
4243
1378
4243
1319
4530
1671
4530
9079
10165
9212
8233
7355
143
70
1756
9987
1756
5608
7904
1838
1794
1695
1794
1791
1045
1035
7052
7109
469
368
469
431
469
248
8298
3766
8298
10380
3712
4051
2105
2082
10076
10190
10076
8147
762
3888
5225
10179
1235
1222
5454
6778
5454
8611
8372
90
2456
2441
2456
2460
6321
2743
6321
2726
3422
9821
3422
10107
3320
8674
3320
4198
3320
3544
8909
9335
8909
9771
4098
1267
4098
1296
8043
2836
6143
6718
6143
8593
2494
2188
4033
1506
147
148
2310
2265
4646
9466
4646
8568
9885
9911
3497
8134
3497
9635
3497
3921
3497
3919
3497
3923
5496
8558
5496
8628
10340
7318
10340
9564
10340
8238
6165
7888
6165
7907
4355
1812
4355
3408
4355
1798
3974
8232
7951
8697
8065
2948
5548
4139
465
371
465
236
465
486
892
7318
892
8234
8855
10271
7742
8635
2977
2974
2977
3021
2977
9585
2977
7181
3732
1957
1864
1831
3799
9739
7275
8235
7275
8837
7990
10072
7990
8037
7990
10118
7990
10132
9758
8089
9758
9204
9758
9203
9758
7192
4837
5637
4837
7855
4510
1379
4510
1304
827
826
10080
9578
8213
8281
10308
9670
935
8189
935
3497
935
7279
935
928
4925
2424
1341
1306
6731
7101
5198
7363
2338
4746
2338
9490
6808
2080
6808
9976
6808
1582
6808
1420
6808
10000
6808
2333
6808
1482
6808
6969
6808
2213
6808
1608
2401
7395
2401
8186
9209
10162
50
4471
6708
4471
3289
9838
959
3637
8777
9775
9636
9775
9615
9775
707
7647
2713
5636
3763
5636
2368
2634
7120
5133
9407
5133
2647
2393
761
2393
7458
2393
3851
8776
7220
8776
7220
1123
1109
4274
6402
4274
1423
6421
5347
6421
7901
511
556
8251
10229
4601
1786
4601
6780
3277
3161
9039
2302
771
769
4538
7728
4538
1723
7354
8268
7354
6716
6975
7933
7089
8034
9346
10404
8085
9208
8290
3528
6185
3230
6185
3262
7913
9497
7396
8911
7396
6384
4593
1785
4593
1760
3846
10282
1884
1645
1884
1881
7836
1591
270
433
5847
4578
5847
6461
2367
2331
8977
1548
8977
6408
8977
8459
2855
7156
2855
5269
2855
2820
2855
9565
2156
3737
2156
9236
2156
10217
2156
2135
399
539
5895
9455
5895
9449
4112
953
1162
1150
9708
799
3668
1794
3483
3484
3483
3484
2194
10225
2194
2209
2194
2172
2194
2171
2194
5245
6558
6037
6558
5641
5334
9621
1324
3399
1324
1323
1324
9157
1324
1322
9320
5197
2909
2899
4790
5624
4790
7893
4888
7669
4888
2215
8456
3101
6679
3750
3820
1535
3820
8760
4567
3776
4567
5602
7153
3138
7153
7187
7153
8088
7200
6652
7200
3976
7200
3488
7200
2125
10009
2733
306
476
6232
6994
6232
3183
6299
2654
6299
2739
1919
1910
1919
4045
4751
2112
4751
2371
1534
1512
1534
7169
7586
3141
7695
1883
6444
4119
6444
8549
8494
3368
4942
2781
6857
8351
1182
1179
3039
3955
3039
7231
3039
7266
3039
9785
9483
3308
9483
9503
9483
7020
9999
2694
3463
5943
9277
3501
9277
9287
3688
1829
4620
9416
4620
3645
6344
7744
6344
2725
2387
8317
7725
1681
5012
3359
5012
3771
381
87
3346
2955
3346
3350
3209
3206
3209
3207
4713
2103
4713
3807
318
384
7566
2329
7566
1500
7566
1250
7566
1419
7566
1233
7566
9840
7566
3619
7566
4141
7566
975
7566
1176
7566
5310
7566
3555
7566
3471
7566
1163
7566
1725
7566
4135
6670
6671
6670
6671
7435
39
5999
2301
5999
2367
2776
3652
2776
2736
5932
2072
5932
2030
8634
8658
3445
1443
2219
2200
6659
6785
6659
6402
6659
2267
6659
2034
6659
7858
6659
989
6659
6997
6659
5883
6659
3635
6659
3719
6659
6720
6659
6800
6659
2569
6659
2103
6659
6071
6659
6721
6659
4103
6659
1997
6659
3789
6659
3597
6659
6759
6659
9848
6659
1813
6659
2532
6659
2727
6659
1612
6659
4390
6659
9954
6659
1302
6659
2205
6659
7912
6659
3770
6659
1872
4868
3795
4868
9408
4587
1871
4587
9404
7111
9987
3549
2690
205
549
5774
1725
5774
1673
5242
8799
8810
8844
1076
1075
1076
1068
35
2649
10099
2649
8041
2649
9140
8537
1827
2033
2013
1497
8769
1497
4030
1497
1518
1497
4029
3183
8651
3183
7015
1360
1359
4310
6967
4310
7808
2412
10049
4684
3832
4684
7824
4439
3274
5689
3146
5689
4204
1422
5217
1422
960
1422
10102
10358
758
10358
8924
1369
1361
1369
1334
4555
1796
4555
1859
2098
2089
8305
7427
8305
10375
10147
9791
10147
7287
10147
3699
10147
5246
10147
5245
9558
9574
9558
7202
9558
10117
6885
2222
9197
10101
9452
1555
7036
2661
7147
10122
1974
5242
1974
3596
1974
8167
1974
8791
2355
2210
2355
9536
2355
7997
10320
7433
7329
676
7329
8262
7329
7350
9364
1731
9364
2598
9364
1995
9364
2605
9364
6900
9364
4111
9364
4118
9364
4130
9364
4110
9364
1141
9364
1986
9364
1403
9364
1237
9364
4357
9364
4740
9364
2321
9364
9015
9364
1097
9364
1606
9364
2105
9364
1483
9364
1502
9364
1085
9364
1065
9364
2050
9364
4400
9364
6035
9364
4364
9364
1340
9364
7575
9364
4315
9364
2565
9364
4339
9364
2075
9364
1394
9364
1936
9364
1106
9364
4095
9364
4359
9364
3835
9364
4126
9364
1164
9364
1823
9364
1175
9364
4127
9364
2206
9364
3858
9364
6406
9364
4392
9364
1209
9364
2638
9364
2278
9364
4113
9364
1970
9364
1122
9364
6737
9364
1904
9364
4150
9364
1848
9364
1199
9364
8423
9364
4258
9364
4337
9364
1782
9364
2471
9364
4096
9364
1299
9071
1691
739
9744
7402
3500
7402
9334
958
941
958
951
2867
2848
9122
9534
9122
8714
9122
9531
2588
7105
2588
10027
2588
7123
2588
6055
814
813
1799
1775
1799
1763
7889
2152
3864
1603
1732
1685
1637
1636
9575
6729
6843
2539
8893
8909
8893
3824
447
526
447
255
447
642
10130
2686
4393
2247
8348
45
4338
1601
8901
8910
8901
759
8901
757
3163
8095
3163
8094
3163
2945
3163
8088
1380
1310
8005
10042
8005
10042
5429
1371
5429
10020
4401
2383
4401
5332
4664
5613
4664
3645
8838
9287
8838
8356
8838
6701
5502
7806
5502
986
906
9768
906
9235
9950
7038
2887
2842
2887
2868
9384
1857
9384
7898
9384
2767
9384
1899
9384
7878
9384
2363
9384
4612
9384
2635
9384
9492
9384
2928
9384
4343
9384
9484
9384
6976
9384
2775
9384
2049
9384
9496
9384
3264
9384
2796
9384
6995
9384
7904
9384
7889
9384
3534
9384
2838
9384
5652
9384
1607
9384
2589
9384
7915
9384
3494
9384
2680
9384
9467
9384
3681
9384
7856
9384
7894
9384
6708
9384
3351
9384
3127
9384
2469
9384
7857
9384
9489
9384
9472
9384
9955
9384
3214
9384
7899
9384
7877
9384
7902
9384
9488
9384
3289
9384
7876
9384
9476
9384
2478
9384
6905
9384
9473
9384
3817
9384
2327
9384
6407
9384
1933
9384
7884
9384
3282
9384
3233
9384
2904
9384
3361
9384
9477
9384
9475
9384
6981
363
634
363
294
3145
3144
3145
3136
1846
1753
1846
8063
1846
9570
1846
7127
2568
2505
3884
113
6865
7481
10391
3656
10391
855
10391
5197
2274
2184
2274
2246
5572
7699
5572
1609
1258
1228
1258
8673
1258
7996
5719
3061
5719
3056
7521
114
7778
1558
2112
7121
2112
9500
7611
3001
1668
1665
1668
10067
7458
7490
1483
1464
3197
2896
3197
3196
7228
2005
626
535
626
532
8159
7265
6059
2592
4194
10008
6157
7657
6157
7639
1317
1280
4367
1892
8057
927
4156
4155
4156
8073
8588
2918
6366
4940
6366
7645
3122
3136
3122
3113
8867
7375
8867
10236
8867
10252
3071
3040
3071
3077
3364
3346
8170
8206
8170
10215
6070
3457
6070
3491
7544
6976
7544
7894
8412
9453
3919
9641
3534
1951
9183
894
5278
3007
5811
1809
5811
4360
2537
2527
8649
7060
8649
10030
6486
5340
6486
7630
2810
2758
10119
8809
10119
8803
9867
8409
9867
6850
1820
1734
7195
9628
4387
2007
8568
1952
6386
6703
6928
6476
6928
3374
6928
1728
6928
4363
6928
5659
6928
3856
6928
4414
6928
3720
6928
6799
6928
2938
6928
3293
6928
3744
6928
3322
6928
3863
6928
3383
6928
4972
6928
1578
6928
4436
6928
2385
6928
1453
6928
2866
6928
3353
6928
2922
6928
1756
6928
4925
6928
3277
6928
2098
6928
2051
6928
1965
6928
2802
6928
6090
6928
5627
6928
2908
6928
3199
6928
1614
6928
5634
6928
1866
6928
3457
6928
2268
6928
1674
6928
2654
6928
3261
6928
1905
6928
2480
6928
1780
6928
1481
6928
1532
6928
2788
6928
2632
6928
1940
6928
3714
6928
3792
6928
3683
6928
2066
6928
2359
6928
1585
6928
6694
6928
1503
6928
5628
6928
2531
6928
6674
6928
5318
6928
4133
6928
2739
6928
4893
6928
4432
6928
2601
5349
3024
5349
3046
5094
2533
5094
2608
9145
9804
9145
9804
3384
3307
4805
7815
4805
8619
8887
10331
8887
7397
7700
1768
1463
1465
1463
1450
7653
2827
1688
1635
1688
1664
6079
2448
5056
6680
5056
8460
10331
7416
8179
10212
4219
1121
4219
1144
1445
5237
1445
4026
1445
1417
1445
7054
4978
2866
4978
2908
6535
5944
6535
4384
2893
2887
2893
2889
1549
4146
1549
7051
1549
4154
1549
7966
2838
9999
2838
3549
9163
9174
9897
6927
2901
2886
2901
2881
5853
1862
5853
9422
5900
3787
5900
1901
6466
6863
6466
7022
3476
9939
2745
2747
2745
2698
5477
5313
5477
4115
7450
9726
7503
3899
7503
8956
1660
8668
1660
1657
1660
7045
1660
7055
7220
3620
86
91
86
8326
771
3062
3054
6078
2420
8178
7319
8019
1434
6119
2897
8580
1444
1669
1670
1669
10067
7491
44
2818
2821
2818
3761
295
33
7573
3013
3957
916
3957
920
4979
2867
4979
2940
5270
5271
5956
2050
5956
2075
3606
2430
3375
3368
8627
948
2954
9144
2954
7209
2954
10131
2954
8017
5607
7936
2996
9038
4841
8545
4841
8553
1828
1738
1828
1740
5259
7304
2763
2759
6515
9073
6515
8573
8692
8704
5994
4391
5994
2361
6642
4942
6642
2714
1337
1307
1337
1336
5327
8808
6747
3493
6747
10203
6747
10232
6747
7259
6747
10284
8797
9258
8797
9259
8797
5263
8560
2720
6920
4093
9977
3097
10187
8247
2199
2196
2199
2160
7631
3165
5392
1255
5392
1232
2132
9580
2132
7155
2132
2134
2132
8051
8722
10109
3641
3642
3641
7951
8569
3326
9673
699
1680
4154
1680
1686
7708
1478
1139
1129
3082
8767
3082
8719
3082
3084
3082
9538
9722
7507
9722
730
9722
7514
4257
3604
4257
6673
4970
6119
4970
2873
10121
8241
10121
675
10121
8220
5279
9373
5279
2988
6256
3765
6256
1841
2783
2777
2783
2734
1527
9777
1527
1519
3254
7285
3254
3718
3254
10235
3254
10243
7377
842
9023
1825
196
195
8499
2451
5908
5873
5908
5612
3296
3300
3296
8065
3296
8032
3296
8732
8432
7685
4959
2769
4959
2791
3514
8161
1592
1589
1592
1604
5831
9070
5831
4358
2517
8671
2517
4416
2517
4413
2517
2482
6294
9060
6294
4894
2830
7277
2830
3992
2830
3391
2830
7216
2051
2007
1965
1952
5652
2430
9936
1134
9936
1021
9936
1117
9936
1083
9936
1162
9936
1003
9936
1056
9936
1014
9936
7738
9936
1036
9936
7786
9936
996
9936
2381
9936
1070
9936
1098
9936
1042
8954
697
9375
2822
4318
4319
2627
2618
1368
1361
1368
1334
3624
2710
3624
2735
5409
1290
5409
1276
3875
3871
3875
9341
8818
8851
10098
6765
1617
9008
1617
1611
2285
2228
2090
2041
2090
2091
2692
2681
2692
2643
6946
1961
8763
8180
8763
4035
8763
9216
8763
9225
8996
1017
9062
9454
9062
6952
62
7104
7132
5205
2978
991
5216
991
960
991
6395
991
5215
8745
9172
7852
2505
10156
7334
10156
9282
10156
7325
6795
6796
6795
3283
6795
6892
5581
4315
5581
4150
7779
3095
1943
8429
1943
1702
2580
2500
950
9145
950
10093
950
8739
950
6878
1003
995
221
457
6874
2069
6874
6877
6874
9978
6874
6923
394
58
2265
2246
2265
2182
6625
2478
6625
9475
3023
3020
173
396
9254
9774
8783
8166
8830
7301
8830
9664
8517
1325
10068
2003
1985
1982
1388
1348
1388
1312
9934
1958
2013
2016
2013
1979
7246
6775
7246
7255
4330
3730
4330
8606
2432
4417
2432
9518
2432
2427
9296
10285
2499
8025
8340
5183
7759
7881
5561
7851
5561
7846
3794
3175
7309
5203
541
544
2560
2502
565
183
565
509
1291
1261
2797
2786
4675
3775
4675
1990
4105
1306
834
833
4824
3530
4824
2324
1712
10123
1712
3733
2243
2150
7770
2065
9082
1441
10273
8901
10273
8295
2569
2498
3756
2061
1250
1225
1303
1281
2722
2713
5757
4345
5757
7766
7016
3502
10154
10185
5298
1142
5298
1133
8661
2559
9651
3990
9109
7992
4025
937
4904
2622
4904
7649
1581
1563
5943
7063
5943
7053
384
28
5233
1021
5233
1014
3540
3747
3540
8579
3540
3539
3540
4345
3540
8623
3540
7789
3540
6704
3540
7842
3540
7825
3540
8605
3540
7815
3540
7807
3540
8613
3540
7772
3540
2107
3540
4119
3540
2929
3540
9428
3540
3668
3540
7778
3540
8588
3540
8627
3540
6946
3540
7852
3540
7770
3540
6953
3540
9463
3540
7827
3540
8549
3540
6967
3540
7834
3540
3709
3540
7739
3540
8574
3540
3522
3540
6778
3540
7753
3540
9946
3540
7808
3540
3741
3540
7812
3540
6959
3540
9073
3540
7832
3540
7845
3540
3654
3540
7822
3540
8619
3540
9075
3540
7766
3540
3749
3540
7811
3540
3713
3540
7785
3540
1366
3540
3608
3540
2816
3540
6914
3540
3782
3540
3667
3540
7802
3540
5600
3540
8587
3540
8611
3540
7763
3540
8573
2729
2724
1223
1206
1223
1187
2802
2799
9865
6828
7530
98
7817
2899
3103
4209
3103
9811
9536
2379
9536
2379
6705
7459
6705
7406
6705
692
3050
3029
3050
3043
1652
1634
1652
1657
8151
7239
7462
800
4174
2293
5965
8608
5965
9983
6051
7852
6051
7802
1409
4035
1409
1522
3177
10036
3177
4200
3177
7962
3177
3174
3091
3084
3091
3075
666
665
10060
3427
10060
7207
10060
5328
10224
9654
3616
7311
3616
7312
3616
6770
6090
6728
6090
6725
6090
6726
5617
5618
8190
7357
6285
2524
6285
9437
5381
1235
5381
1218
2419
7157
2419
4187
2419
2412
2419
4188
4998
3266
4998
5664
2873
7866
105
7518
105
7024
7070
5125
2671
5125
2740
1561
1565
1561
10066
1135
7219
1135
7232
1135
8140
1135
10251
5712
4210
5712
3105
4816
2308
4816
2357
6243
8452
6243
8449
8681
1917
923
917
4933
2719
4933
6715
1757
1708
9895
6474
9895
4132
9895
8526
9895
9932
9895
2372
10226
10272
10226
3983
686
8348
2707
2747
2707
2695
6265
2560
6265
8460
8552
3203
7175
9291
5361
4061
5361
2990
5074
2623
5074
3693
3704
2436
6013
4397
6013
2376
10090
2945
10113
10153
10113
8184
10113
8155
9534
8736
8113
7196
5985
2303
5985
7640
7482
786
1956
9534
1956
4375
1956
8714
1956
9827
9177
9595
9493
2603
1282
1269
1282
1283
7860
1648
7860
1761
10145
9817
10145
3563
10145
10216
10145
3971
1607
1594
9103
9111
9050
2163
8419
1844
5828
8540
5828
7689
962
8028
962
954
3912
3913
7869
1095
7041
2577
1994
1993
1994
4375
9624
8200
9091
4459
1477
9201
1477
9211
1477
8802
1477
9594
1477
10097
514
650
568
471
568
431
568
249
9801
922
5407
1298
5407
1273
352
484
352
476
3109
3075
10202
10261
10202
9792
10202
6833
10251
7507
10251
9637
10251
733
10251
4020
3785
1610
7000
2026
1096
1087
6953
2901
2661
2397
2661
2665
5660
10007
1054
1047
2119
2118
2119
3536
2119
2509
2119
9663
2119
8245
8314
8332
1389
1348
1389
1312
8802
9264
8802
9257
8802
8219
8729
9231
8729
10154
8729
10185
186
185
6764
8944
6764
8342
6764
8945
2078
7013
2078
8640
2078
7000
536
637
536
546
7628
2824
5142
2549
5142
2657
7211
10138
5669
8444
5669
8498
9463
1510
2256
2252
609
263
609
367
982
979
982
946
2552
2432
3526
2263
3743
2862
8707
9149
8707
661
9626
10295
9626
10295
5527
3592
5527
8581
7733
4108
7880
1126
1908
9295
1908
8175
1908
9669
1908
9616
1908
6879
1908
9667
7798
2154
4212
3072
1262
1247
1262
1264
2294
9798
2294
4173
2294
9581
2294
10088
2294
5244
1831
1832
1831
1745
5592
7878
5592
6407
4415
10019
4415
10031
848
8958
4373
7954
6784
8214
6784
5258
6784
4047
7423
9708
7423
6764
7423
3949
7300
8240
7300
8239
7300
9664
7253
3395
7253
3968
7253
3970
9577
8148
557
217
8406
1031
8406
2492
8873
5186
74
4042
4043
6132
4430
6132
2925
8099
3228
6199
3230
6199
3215
8032
10061
3765
7860
2681
8776
2681
9212
2681
2644
285
45
715
714
6911
2057
5680
4486
5680
4203
971
8204
971
3616
971
3583
971
10134
8242
8870
9058
10039
430
229
430
550
4232
1310
6775
3658
6775
3934
6775
8872
6775
3933
4299
4312
4299
4135
7587
3210
7868
7938
1811
1776
4435
3224
8457
3097
2821
3993
2821
8847
2821
7234
7363
8294
4566
6947
4566
1833
5820
1856
5820
5605
7713
1452
5668
4199
5668
6987
5668
6988
5483
9067
5483
8563
9506
9149
9506
660
3895
10
6112
6819
6112
3707
7008
3505
7008
3505
1352
1346
8012
7154
8012
7154
7345
5201
7345
9298
7345
8276
2059
10039
2059
2057
4725
4726
735
6686
6931
9494
9395
9130
9395
9550
202
13
2366
2352
7620
3274
8976
1874
8976
8410
8976
8626
8976
7777
2157
2128
2157
2127
2070
2021
2672
2445
5445
7718
5445
1367
2777
3652
2777
2736
7942
7978
7942
7080
7942
9117
1271
1245
3999
10268
3999
7348
4695
3775
4695
2028
3932
10244
7383
3798
7751
1962
5549
6918
5549
3459
4586
1867
4586
1851
3774
2148
451
371
451
240
451
421
840
8373
7567
2783
7790
2288
7888
3272
1853
1829
1900
1898
2589
7041
2589
7935
8334
61
2386
762
2386
10360
4344
1667
8709
10077
8709
8032
7308
9289
6894
2286
8844
7393
8844
8301
3347
3299
7231
10153
7231
8193
628
536
628
539
9504
2460
6856
816
9799
10248
9799
8233
9799
3846
9799
10253
9799
5257
5463
976
5688
3164
5688
4204
3129
3120
3129
2965
3202
2893
9276
7447
10249
8315
2079
8696
2079
6952
3395
7317
4836
2363
4836
9955
826
7530
9958
7860
7184
1623
7593
4010
4913
9026
4913
2556
5290
1082
5290
1071
343
342
343
649
5085
8445
5085
2479
8672
1972
7538
1875
10360
7425
10360
766
4165
8808
6355
2940
6355
2841
5974
9420
5974
3648
1115
1089
1115
1105
3548
9725
3548
6856
3548
9724
5732
6958
5732
6934
5799
7724
5799
7704
7601
2770
2976
2973
2976
7122
5251
8784
6033
7823
6033
8631
267
266
8133
8150
4143
1485
4647
7804
4647
1966
3496
8784
3496
2125
3058
3059
3058
3051
10138
8830
10138
10175
5497
9396
5497
6673
3454
10201
7471
7487
1689
1635
1689
1639
210
41
8821
8842
2457
2559
2457
2439
8198
8832
8198
10176
6098
8475
6098
8440
7925
9525
4321
8636
4321
1612
5422
1377
5422
1320
9347
128
9550
2416
2844
2821
4185
2484
7397
3659
7397
9327
5213
935
2709
10146
2709
7213
2709
8144
2709
8176
3847
10248
3847
8233
3847
3846
3847
7365
3847
10270
7510
713
7510
7516
4990
3220
4990
8473
5846
4579
5846
6461
7837
3072
1572
1570
1572
1516
6274
7872
6274
6986
6274
6057
9649
3525
4742
7813
4742
7803
7322
7349
9202
10160
3276
7249
9129
9160
7164
5339
1719
1670
1719
8724
5065
2590
5065
2604
4951
7612
4951
2804
3636
1920
10185
3877
7646
3131
9975
2306
5637
5638
5043
9857
5043
1859
8777
1629
462
463
462
487
8589
3162
6539
6884
6539
7625
1502
1491
5372
1163
5372
1143
1429
1430
1429
973
8225
5223
6455
4152
6455
5320
10072
1911
10072
1910
5560
6800
5560
3814
1873
8419
1873
1834
836
835
2561
2502
4826
2211
4826
2322
10277
6668
10277
8303
1290
1261
1085
1064
3796
2527
3963
10140
913
9700
913
10362
5797
1853
5797
1816
3754
1735
7771
981
5569
7717
5569
9973
5115
5087
5115
2476
7528
101
7014
4372
2757
2692
2757
2693
1251
1225
4283
9406
4283
7707
5722
3047
5722
3056
507
520
507
198
8123
4048
1707
1649
1707
1706
10089
7229
10089
7229
6023
2318
6023
2277
6876
2092
584
617
584
621
584
219
138
139
9256
740
9256
10399
8831
9300
7244
7276
7244
7276
9634
9767
4408
3855
4408
2326
9294
10344
5432
9083
5432
9085
8908
9320
8908
854
8908
3543
4331
5319
4331
1556
5499
9052
5499
7686
7935
2572
7935
2572
8341
6689
8341
6688
8341
10391
8341
3541
8341
883
8341
6686
8341
6687
8341
6685
3945
8891
87
9551
3372
7827
2591
990
984
7106
5648
7106
2545
1213
1205
1213
1186
4263
1438
4263
1415
8477
2892
7332
5192
7332
3960
7399
7433
5580
9979
5580
7796
742
3561
2581
2500
7892
3631
7892
3630
1802
1764
1802
1775
951
950
951
931
1065
1053
1729
1683
9078
1952
4015
920
4015
996
9119
6744
3983
3985
6755
6753
5627
2202
9636
8960
2050
2008
2103
2085
3626
675
3626
9652
3626
6815
10059
9581
10059
5244
10059
5243
8607
2374
2652
2661
2652
2416
2409
2394
2409
2413
1043
1033
8956
5177
302
477
2177
2095
2177
5622
5692
9488
5692
5686
6944
4338
2091
9177
2091
7210
2091
9182
4442
7674
4442
7662
8994
1005
8994
1015
8235
8319
1372
1368
4245
1379
4245
1396
1419
965
3256
10024
3256
3257
5783
1731
5783
1823
4222
1141
4222
1164
4971
3219
523
216
523
557
4425
2900
1552
4034
1552
1529
9526
9129
9526
7102
6605
2342
6605
2114
6254
3103
6254
7004
4297
4136
4297
8601
6296
8493
6296
2614
2908
2877
5517
9419
5517
9410
3294
3285
5830
7700
5830
8543
3516
1513
10234
3633
2831
5335
2831
2828
2831
7094
2831
9141
5352
3023
5352
8468
6475
6847
6475
7941
6475
6848
9906
6774
9677
8325
8561
1765
6921
7009
725
8960
4735
2080
4735
2115
7630
3072
3640
2850
8757
1880
6082
2457
6082
2440
8182
673
1681
1668
1681
4154
10183
9799
9973
1554
7413
8314
7413
3638
7413
8331
3922
3923
3604
1327
695
62
2956
2947
2956
2957
5818
9037
5818
8537
8409
9893
5271
7271
5271
9260
5271
8202
8652
936
8652
8720
8652
9163
8652
8743
8652
9825
8652
9567
2607
2451
10236
10275
6375
3200
6375
4977
5954
6859
5954
6702
3997
10221
243
242
5763
1672
5763
9957
5996
4400
5996
4392
4840
9413
4840
3758
2994
2993
2994
665
9524
9527
5745
9048
5745
9031
2477
2475
2477
6983
2477
6074
8324
7430
8324
7456
2109
2086
8162
8831
8162
9642
8162
9682
8162
10359
8162
8848
7451
38
1661
9814
1661
1696
3474
2006
7221
8171
6062
2508
6062
2239
310
392
7618
2865
3119
3094
3078
4004
3078
4006
3078
3077
3078
4005
9904
3571
471
434
471
373
8581
1473
7490
3889
5282
7611
5282
7621
1777
1648
1777
1761
10128
9227
388
24
9893
7713
9893
9926
9893
6787
9893
6942
9893
6824
9893
7709
4547
3688
4547
3754
3485
2686
5893
8502
5893
7698
4962
2884
4962
2871
10383
788
10383
3910
10383
2116
8502
9469
8502
1886
8502
1934
5838
9940
8429
1891
6464
1973
2900
2886
2900
2881
2853
7151
2853
7149
2853
10092
1589
4033
1589
1499
1589
8014
1589
4032
5901
7726
5901
7727
3386
3334
9800
9614
1407
10136
7693
1884
10115
10147
112
6384
5182
6384
8917
2347
2344
2347
2282
10250
8870
5096
2534
5096
2609
8719
8766
7155
5333
2202
2136
2202
2217
2202
2192
2202
4178
7701
1767
5054
7599
5054
8458
5389
7858
5389
4101
2129
2120
2129
8774
3079
7072
3079
7064
3079
7101
3648
8705
3648
8009
3648
9115
10361
7388
10361
10372
7638
2858
1142
1126
8572
7910
4982
3743
4982
7743
9863
6834
6484
8456
6484
7652
7723
1694
7546
1800
7546
8561
5537
4143
5537
6790
5810
4359
5810
6737
3536
10361
3536
10361
2811
2798
5262
7291
377
376
377
636
3465
4418
6639
2719
6639
2782
4848
2635
4848
7899
1821
1820
1821
1727
8689
2373
8097
10213
7610
3314
6197
3231
6197
3222
4196
10165
4196
8776
4196
7220
4196
2641
3059
3040
3059
3039
41
3443
7383
3443
10355
3443
9697
509
407
509
543
7433
6379
7433
9713
8022
8096
3366
3350
6122
9473
6122
2904
3157
3144
3157
3155
7498
3892
3070
7128
3070
3621
4154
3542
4154
1524
8171
10300
8171
8823
8171
3972
1672
1599
6364
2838
6364
9476
4715
7809
4715
2099
6071
2588
1844
1846
1844
7061
1844
7076
1844
5609
7312
6769
9650
7375
9650
10236
9650
3432
5887
1958
401
354
7762
7949
3886
775
1298
1262
1709
8698
1709
1649
4035
8160
4035
1406
4035
5228
4035
10136
4035
8165
4035
8790
904
7292
6145
2902
6145
3745
9386
9485
9386
8646
5568
3842
5568
1557
8045
6758
8045
6758
2572
2490
9549
3209
9079
1560
9465
1683
619
282
619
363
7520
108
2276
2275
2276
2191
1233
1222
2719
6728
2719
6727
2719
6726
5223
7338
5223
3658
5223
3965
185
182
8215
3938
8215
7349
535
377
535
537
7687
10016
7273
8249
7273
10172
7273
3860
7273
10200
10061
2949
4666
1967
4666
1987
8853
9677
8900
8316
8900
7442
8900
8903
34
2429
9758
2429
5648
2502
2159
2502
2503
1381
9016
1381
1287
8063
1653
83
4353
1680
4400
2331
6163
3322
6163
4432
1125
1113
2395
7191
2395
7191
5135
3711
5135
3704
7034
7060
9059
7768
9059
4104
9059
7760
9059
7769
9059
1467
9059
4128
9059
5885
9059
2308
9059
1161
9059
2220
9059
1172
9059
2357
9059
4144
9059
1967
9059
9989
9059
1987
9059
2301
9059
7748
9059
6802
9059
2106
9059
1124
9059
7781
9059
1084
9059
1809
9059
1235
9059
2367
9059
1139
9059
7759
9059
1303
9059
2078
9059
1298
9059
7782
9059
1722
9059
1099
9059
4129
9059
4152
9059
1118
9059
7795
9059
4117
9059
1049
9059
1273
9059
9087
9059
1399
9059
1941
9059
1218
9059
4140
9059
6405
9059
7767
9059
1903
9059
1850
9059
4114
9059
1069
9059
7755
9059
1196
9059
4125
9059
2340
9059
2630
9059
3868
9059
1254
9059
2575
9059
1058
9059
4340
9059
7794
9059
2566
9059
4360
9059
5320
998
915
998
9801
7849
1693
10143
2120
5867
9049
5867
9044
816
7525
379
535
9070
1771
7782
1660
3866
2761
1976
1974
1976
1909
9495
1441
9157
8057
9366
1023
5588
9400
5588
4316
4923
3484
4923
3481
4923
5655
933
3399
933
926
933
1323
933
8057
8811
10194
5649
2516
4686
2044
4686
3575
5412
1292
5412
7912
4595
1784
4595
9404
1361
1336
1361
1332
1074
9196
1074
868
1074
869
286
285
4311
1501
4311
1482
7915
8672
7915
8655
6183
3320
6183
3359
2058
6911
2058
9058
2058
7729
8083
4001
2689
3456
2689
5337
6973
1510
10091
8180
10091
9216
10091
9225
7667
2266
1457
1432
1457
1459
252
251
5368
5291
5368
6935
9675
10293
9675
10293
8549
983
2637
5639
2637
8572
2637
3686
3634
7303
8445
2482
6495
8418
6495
7578
389
44
7644
2354
7479
849
7479
852
2163
2165
2163
2132
10129
8779
1205
906
1205
8781
1205
9217
1205
10231
1887
1646
1887
1881
5844
1848
5844
1782
1568
1535
1568
1569
2145
10225
2145
3975
2145
9220
2145
3699
2145
5246
2145
5245
2846
2829
2846
7234
5709
3109
5709
3105
7511
56
4991
5662
4991
3265
3274
3229
3274
3256
9949
1921
7166
4040
296
295
7357
10331
7357
7397
4277
1438
4277
8510
8688
10106
8688
5255
8688
5254
8688
2123
8463
3073
6276
2625
6276
9064
4950
3411
4950
9390
5003
8487
5003
3249
1649
9146
1649
1630
1649
10124
7459
7475
3494
2162
3033
3022
6635
2773
6635
3801
6058
9992
6058
7117
8158
2666
2183
7091
2183
5250
2183
3806
2183
6414
2497
2157
2497
2503
1412
8760
1412
10150
5388
4094
5388
4083
7470
10385
8820
9774
8820
8839
3456
8124
3456
8123
3456
5264
3456
7226
2422
2402
2422
2426
5457
4110
5457
4113
4320
7874
4320
1612
3098
8459
9658
731
7186
5248
6395
6396
508
556
508
284
4834
7683
4834
9975
675
8319
8668
10045
8483
2177
824
821
5291
9812
8
9112
6811
9112
7114
10330
10347
2974
9592
2974
7223
2974
2971
3355
3356
3355
2957
1867
1793
7553
1356
7600
2721
3977
9692
1588
1515
1588
8434
2732
2738
2732
2669
5976
2051
5976
3714
2799
2703
2799
2795
195
194
5303
4092
5303
4022
5250
5251
6896
4937
6896
2069
6896
3267
6896
2287
6896
3377
6896
2784
6896
2221
6896
2332
6896
2582
6896
3196
6896
4013
6896
2494
6896
2627
6896
6874
6896
5660
6896
6876
6896
4971
6896
4425
6896
2328
6896
3321
6896
6682
6896
6852
6896
9962
6896
3235
6896
2242
6896
3369
6896
2380
6896
6077
6896
5667
8846
10203
8846
7315
8336
839
6347
2730
6347
8425
2384
6893
2384
1016
2384
9928
121
4346
10043
4346
7030
4346
7066
4346
9520
7230
2946
8102
3847
6129
2922
6129
3199
8029
9572
8029
9163
8029
8743
8029
8059
8029
9567
6918
1458
6202
8481
6202
7639
4039
7166
2688
3456
2688
2687
2463
10183
2463
8102
2463
2514
2463
8751
6854
8272
6854
10339
10321
761
10321
7421
10321
7404
273
272
9274
10392
3776
1843
4584
1757
4584
6697
1270
1259
1270
10071
979
5216
979
6395
979
5215
979
945
2445
2409
2445
2406
5777
4343
5777
7884
7803
2061
1893
8793
1893
8077
1893
8791
7750
1446
8637
1551
10275
8306
10275
9769
2549
2425
151
152
4209
3100
841
840
1838
1699
1838
8699
1838
1836
1259
1224
1259
1243
4655
8575
4655
3628
604
397
604
172
604
626
1901
6945
1901
1900
1901
1701
7791
1890
5589
1615
5589
9400
3112
3101
3112
3102
9808
7248
5337
5264
5337
7216
2197
2160
2197
2191
2483
7110
2483
9134
2483
2461
2483
8002
2668
10166
2668
5262
2668
4190
2668
2666
1327
1333
1327
933
6930
7886
10258
10301
7218
7247
7218
9628
8799
8822
8799
4041
8799
8818
8732
10061
7621
3003
2122
5254
1392
1387
3855
7917
2364
2346
2071
2021
5672
3374
5672
3383
378
408
378
543
9355
6995
9355
1607
9355
9881
8974
1896
8974
8470
8974
1942
10390
727
10390
8947
10390
7480
5139
2728
5139
9047
970
7145
970
971
1279
3918
1279
5193
1279
8098
1279
5194
321
0
321
381
10120
10145
6447
8558
6447
3412
8497
2454
9033
1485
1810
1805
1537
8763
1537
1409
9098
940
959
941
959
951
3909
784
7872
7033
4564
6695
4564
1769
8422
1140
8422
8551
8422
1234
8422
916
8422
3730
8422
6672
8422
9069
8422
8603
8422
1391
8422
10001
8422
8614
8422
3592
8422
1215
8422
9071
8422
9958
8422
1251
8422
1729
8422
8581
8422
5887
8422
9070
8422
8624
8422
8606
8422
3649
8422
4395
8422
889
8422
8585
8422
3414
8422
9067
8422
4358
8422
920
8422
1195
8422
4378
8422
8597
8422
8563
8422
1295
8422
1815
8422
3772
8422
8608
8422
4381
8422
8564
8422
1675
8422
8575
8422
9076
8422
3628
8422
1177
8422
8595
8422
9065
8422
1274
8422
1338
8422
5311
8422
9983
7048
7100
2820
2819
2820
5267
2820
8121
2820
8132
5821
1854
5821
7701
7238
3595
7238
3595
8712
9154
8404
2058
7301
8240
6786
1448
422
398
422
375
3132
3130
3132
2966
3199
2892
5317
10073
5317
4033
5317
8014
5317
4032
2680
2443
9573
7206
7293
3715
6910
3025
5681
5679
5681
3182
9243
7316
2082
2040
2082
2084
4002
7211
3929
3931
3524
1932
1783
1663
7939
9810
7758
6996
7758
9833
9926
1227
9926
7752
9926
7804
9926
1339
9926
7835
9926
7761
9926
1966
9926
1358
9926
6059
9926
1317
9926
4387
9926
1853
9926
6966
9926
986
9926
1267
9926
3436
9926
7793
9926
1402
9926
3452
9926
8621
9926
7831
9926
7853
9926
1296
9926
1816
9926
1393
9926
7783
2527
2419
2527
2520
2254
2210
2254
2233
5552
1500
5552
4141
1278
1246
9265
8846
2296
2292
2296
2290
9467
2433
7881
9849
2592
8671
2592
8661
2592
2546
9013
1064
1830
1828
1830
1745
1517
1497
1517
4031
8985
8488
8985
4123
8985
1355
1349
1322
1349
1347
6109
5658
6109
2792
6938
8598
6938
3682
6938
7740
6938
8562
6938
7824
6938
8560
6938
7779
6938
7837
6938
3636
6938
7791
6938
8617
6938
3614
6938
7826
6938
9445
6938
6718
6938
7814
6938
3461
6938
7775
6938
8609
6938
2472
6938
7829
6938
8545
6938
8583
6938
9435
6938
7732
6938
7820
6938
7757
6938
8630
6938
8566
6938
7777
6938
7821
6938
3305
8009
9156
4575
6721
4575
1770
1094
1075
1094
1088
1745
1678
1745
1738
7001
7942
75
2660
2442
805
7524
2062
9126
2062
2055
5661
7866
1056
1047
6993
8672
8316
754
2669
2674
2669
2406
7210
7330
7210
3523
7210
3454
7210
9243
7210
3521
7210
10230
6766
6413
8943
8945
8943
798
4229
1288
4229
1275
1818
1735
4302
1483
4302
1502
8239
7411
7861
1457
1954
1945
1954
1948
2375
8689
2375
5941
2375
5622
2375
2094
4505
3063
9051
8556
8965
144
6525
4377
978
6396
978
950
978
5215
9497
9111
1996
1912
1996
3677
1763
1711
1763
10048
1763
9813
2828
2829
2828
2641
7040
3410
7040
3410
9924
8446
9924
4576
9924
8484
9924
2930
9924
4924
9924
4396
9924
1902
9924
3588
9924
7642
9924
7679
9924
7698
9924
8489
9924
8492
9924
7703
9924
7605
9924
8448
9924
7689
9924
7641
9924
7604
8617
7927
8617
3671
8617
7035
9285
9674
9090
3211
2023
1994
2023
4170
5707
7896
5707
7004
3265
3242
10117
7202
10117
7202
6967
1470
3706
10059
3706
5247
5076
6072
5076
3810
8527
8645
684
8349
5360
7891
5360
6979
7673
3049
644
259
644
436
2985
2980
2985
3005
6542
5632
6542
7787
7287
7366
7287
3527
7287
7309
3013
2975
3013
7124
6615
6975
6615
4864
8592
5657
8592
6991
8592
4192
5369
7742
5369
6940
10318
758
10318
6386
1499
10081
1499
1518
1499
10151
1432
1418
1432
1433
5873
4365
5873
3829
1560
1565
1560
10066
7907
3327
1797
1773
7026
2692
2712
2650
2712
7960
9852
7042
9852
3829
3243
3187
3243
3245
7319
8269
7319
9792
7319
7335
7319
3423
7319
6717
4739
6469
4739
5621
4958
9435
4958
3850
1569
6383
1569
10142
1569
5225
1569
1518
8680
3882
1722
1684
4814
2358
4814
9398
9199
3897
9132
2090
3051
3955
3051
3041
3051
10113
3051
7231
2965
2967
2965
2961
8203
10234
8150
3254
7267
8848
6103
2806
6103
3684
6050
8461
6050
8462
1627
5231
1627
8804
1627
9269
1627
3860
6177
3322
6177
3261
8077
9606
10131
8752
4176
3706
9732
2981
9732
669
3090
3082
2617
2584
2617
2510
4328
1614
4328
5318
3285
10023
3285
9810
6091
2712
616
430
616
632
6987
3609
8191
6833
1692
1642
1692
1644
664
9186
8828
9272
8828
6389
5419
1400
5419
1321
3614
1688
5380
1237
5380
4095
7478
33
9951
5313
9951
6746
9951
4143
9951
1576
9951
1437
9951
4134
9951
1556
9951
1082
9951
1194
8660
7982
4906
5652
4906
2680
2943
7618
2943
2914
5258
5259
1580
1563
8669
1947
7608
2897
3541
872
3541
10394
3541
10392
104
7531
95
5729
3033
5729
8469
5802
1840
5802
3655
5640
7120
5640
4185
4490
3095
594
423
594
512
2641
8168
2641
2640
2641
9626
2641
10295
8756
2121
9773
683
9773
7417
9773
7340
9773
7419
10204
8278
4082
1209
4082
1199
10039
2042
6809
7931
9105
8681
4618
7694
4618
5919
5162
2838
5162
9477
4451
6476
4451
3383
1334
939
1334
5213
1334
7994
5324
5326
6744
970
8794
2817
888
887
790
9345
4296
7713
4296
6714
49
2514
3581
2514
2119
9330
780
9330
3886
9330
8353
6297
2542
6297
6836
575
205
575
613
575
201
5516
4130
5516
7575
7840
2745
3517
8688
3830
1270
3830
1283
9622
904
3257
3228
3257
3712
3257
8133
3257
8130
1524
1523
1524
5239
1524
5238
1524
8156
1929
1920
466
525
466
460
466
266
2002
1954
751
7511
7374
8298
6955
7887
7061
8699
7061
8699
3783
3811
3783
10163
3783
4044
6222
3354
6222
7663
942
3822
942
930
8271
9691
8271
9690
8271
10330
4254
1378
4254
1390
18
4413
2583
404
403
404
390
9883
6850
9883
7569
5182
767
4630
1936
4630
1904
7735
2824
2476
2475
2476
6983
2476
6074
3745
2861
10206
9672
1012
1011
1012
1004
5474
8517
5474
8534
8352
46
4062
7594
4062
9373
3996
10279
3996
7310
3996
7284
3996
9773
713
712
5997
4391
5997
8482
7081
3664
3763
7917
8875
8885
3818
2645
2302
2293
2302
2297
868
867
2957
3275
2957
2952
8624
1327
2229
7762
2229
9456
2229
5619
5922
3643
5922
9947
5604
8508
5604
1826
7255
3658
7255
8866
7255
10245
7425
6713
2606
2605
7971
4393
1242
9775
1242
10292
1242
908
1242
9213
4375
10075
4375
1912
9318
7491
3954
761
3954
763
3954
765
1225
1241
1225
1211
5235
10100
6408
1549
7442
754
3330
3312
3330
3311
8514
1960
5945
2078
5945
3868
3432
10252
3499
7983
6331
3843
6331
7648
4023
4024
4023
4024
1706
9576
1706
1710
1706
9185
1706
4038
10027
10047
10027
3804
6877
2221
6877
2494
6877
6682
6877
9984
6877
6077
65
123
9257
8225
10222
8876
10222
9296
10222
8190
9485
9098
305
59
5754
1730
5754
8524
3569
2284
3569
3385
3569
2773
3569
3343
3569
4131
3569
3773
3569
1930
3569
6797
3569
1786
3569
3809
3569
3801
3569
3623
3569
4138
3569
1863
3569
2571
3569
4839
3569
3853
3569
2626
3569
4355
3569
2867
3569
8580
3569
2722
3569
4415
3569
4435
3569
5668
3569
4344
3569
6274
3569
1867
3569
2549
3569
3855
3569
9090
3569
9479
3569
10003
3569
1937
3569
3379
3569
9481
3569
4430
3569
1414
3569
1851
3569
4362
3569
2940
3569
3842
3569
1557
3569
3726
3569
4398
3569
2769
3569
7854
3569
9448
3569
3323
3569
6771
3569
3358
3569
3260
3569
3836
3569
2791
3569
2326
3569
9919
3569
2610
3569
1824
3569
9096
3569
6780
3569
1971
3569
2742
3569
1584
3569
4388
3569
2925
4892
2587
6283
9984
6283
2600
8641
9505
8641
3441
8641
8675
2756
2692
2756
2693
3722
7425
6691
7396
10081
8769
2794
2795
2794
8021
2794
7965
2794
7956
837
831
3560
8310
4827
3526
4827
6004
5963
8532
5963
8522
218
217
3797
9740
6650
6651
6703
7431
3105
3599
3105
3601
5796
4358
5796
1815
6721
1829
5341
3085
2328
2276
1198
1185
3692
2720
6578
6274
6578
9479
4935
2658
4935
6832
925
9627
925
7239
925
3925
925
8174
925
8852
1614
1610
6245
8650
6245
6994
5626
2202
3318
3363
3318
3256
3627
1962
8606
1550
9438
1362
1133
1110
5123
2672
5123
9047
8957
712
2624
2615
2624
2510
9532
9149
9532
9569
2176
2095
2176
5622
2875
2849
538
428
538
546
3580
6901
3580
6791
6431
6997
6431
5309
5983
9398
5983
2304
4528
5578
4528
3864
1541
1410
1541
3542
8115
7190
206
455
6508
3668
6508
3667
6015
2311
6015
2260
4771
2338
4771
7624
7173
2978
7826
7859
7826
9491
7826
7908
6263
8550
6263
7784
7107
6393
7107
2983
7107
6392
7107
2982
8476
2738
3338
3330
4667
4612
4667
7915
1113
1095
1113
1111
6579
8493
6579
3606
6400
10133
6353
8579
6353
7812
9413
2592
4163
4164
3401
10187
5083
2600
5083
6077
4915
9077
4915
2555
7595
5646
1634
1625
1634
1630
9219
10231
7686
947
3393
10140
7923
7975
4782
2328
4782
6682
2277
2203
337
386
9843
4345
9843
6704
9843
7842
9843
7825
9843
7807
9843
8613
9843
2107
9843
2929
9843
9428
9843
8627
9843
9463
9843
7827
9843
8549
9843
7834
9843
3522
9843
6778
9843
7753
9843
9946
9843
7808
9843
7812
9843
7845
9843
3654
9843
7822
9843
8619
9843
9075
9843
3749
9843
7811
9843
3713
9843
2816
9843
3782
9843
3667
9843
7802
9843
8573
4849
5642
4849
8465
5886
1954
255
254
6658
2508
6658
5625
6658
2309
6658
1854
6658
7696
6658
7695
6658
2112
6658
2366
6658
7701
6658
7686
6658
6925
6658
7711
6658
7728
6658
2492
6658
3727
6658
1990
6658
3655
6658
2239
3887
27
474
213
474
209
6411
4046
6411
7270
6411
7258
6411
7248
4145
6660
4145
7950
4145
9513
4145
9125
4145
7945
4145
10082
32
3568
3373
8135
8179
2884
2827
6035
2619
9387
1452
449
368
449
471
449
252
5063
6035
5063
2565
7666
2167
6570
4839
6570
4415
1456
1432
1456
6772
1190
1184
2320
2319
2320
2270
2320
2316
1494
1466
1494
1480
613
531
3649
9074
4687
3524
4687
2044
5215
5216
5215
5216
4183
2122
4183
2124
4183
10106
4183
5255
8919
8339
8919
8936
3310
3357
3310
3301
8534
7925
8534
4124
8534
3489
6559
8590
6559
8600
3412
983
6311
7833
6311
4921
1151
1152
1151
1132
6453
1576
6453
5319
6500
3016
6500
3031
8223
8863
10079
2691
5866
9960
5866
3695
817
816
4520
8594
4520
5554
532
174
532
542
3867
10378
3867
728
3867
3528
3588
2905
1977
9816
1977
10080
1977
1976
182
5
9156
2054
9367
9370
2864
2847
2864
2868
9194
8869
5045
9956
5045
3834
7144
7185
4762
3625
4762
2376
356
426
7715
1691
5171
9034
5171
2878
2039
10022
7365
8894
7365
10326
360
551
360
358
4498
3118
4498
5342
1032
9017
1032
1013
5648
2428
5648
10119
5648
8131
5022
3365
5022
3337
10341
10379
10341
9699
1099
1077
3387
5665
10000
1514
4433
3326
8884
7395
1406
5229
4384
2093
56
6773
1808
6773
2658
6773
3118
6773
6831
6773
2253
6773
3613
6773
2876
6773
3698
6773
2104
6773
2542
6773
9857
6773
4489
6773
5342
6773
6072
6773
3284
6773
5662
6773
1895
6773
4778
6773
1785
6773
2810
6773
2797
6773
2729
6773
2561
6773
5649
6773
3265
6773
5873
6773
6809
6773
3763
6773
6829
6773
2919
6773
3810
6773
3777
6773
2636
6773
3143
6773
1796
6773
5614
6773
1988
6773
3333
6773
2382
6773
1737
6773
1760
6773
3087
6773
6836
6773
3306
6773
5612
6773
1859
6773
2214
6773
5697
6773
2752
6773
2325
6773
3108
6773
4431
6773
3237
6773
5343
6773
3336
6773
6825
6773
2771
6773
2032
6773
1868
6773
3223
6773
3290
6773
2368
6773
2880
6773
3348
6773
4474
6773
2491
2346
2344
2346
2282
4610
1760
4610
1868
5097
3711
5097
2534
7072
3630
3838
2724
9401
2430
2209
8796
2209
8177
2209
8868
7848
1463
3901
7533
114
9338
7460
9338
10397
7121
7129
8262
9677
8262
678
880
879
798
7519
9393
2755
1776
1774
1776
1781
1776
8040
1776
6724
733
724
733
3538
4723
4740
4723
3858
7343
7372
3219
3221
3219
2912
4546
9961
4546
1864
10163
8822
10163
8818
3893
24
26
7982
1638
5485
7752
5485
7831
8864
10271
6829
9099
3367
3363
3367
3355
6902
7632
6902
2623
6902
4376
6902
8475
6902
7724
6902
3319
6902
6680
6902
7676
6902
4940
6902
7609
6902
2027
6902
7697
6902
7622
6902
7645
6902
2299
6902
8443
6902
7664
6902
7684
6902
8516
6902
2338
6902
8494
6902
7725
6902
7700
6902
7631
6902
7708
6902
2560
6902
3785
6902
2079
6902
3796
6902
8477
6902
7693
6902
7723
6902
7667
6902
8445
6902
7644
6902
2660
6902
3818
6902
8476
6902
9401
6902
7705
6902
8543
6902
8436
6902
7603
6902
8460
6902
7670
6902
3716
6902
7671
6902
8509
6902
3748
6902
7710
6902
3622
6902
8506
6902
8440
6902
2479
6902
7660
6902
7680
6902
3841
6902
6924
6902
8505
6902
7704
6902
7624
6902
3778
6902
8435
6902
3791
6902
3693
6902
3687
6902
7722
4638
7804
4638
6463
3156
7165
3156
10090
3156
3594
3156
7182
3156
7162
1855
1854
1855
7728
4122
955
6154
3196
6154
4971
8389
1146
1314
3918
1314
3917
1314
5193
1314
10264
1314
5194
4071
1097
4071
1106
4701
3832
4701
7775
4364
1765
8054
10164
8096
3882
6196
8481
6196
7615
9815
8793
9815
8801
9815
9606
4197
8794
9608
7249
7385
7413
7385
3442
4693
4613
4693
2029
9502
10030
10041
2682
10041
5335
10041
7094
10041
9141
3194
2890
5443
4106
5443
4103
1909
7283
1909
5242
1909
8159
635
429
869
867
10353
10370
10353
6663
5465
9386
5465
7719
7962
8709
9445
3176
2534
2528
9310
685
2919
2911
10193
5231
10193
8804
10193
9269
10010
7952
10010
6660
10010
9513
7547
5602
7547
1878
5536
6932
5536
8648
860
3905
9828
10192
3537
3541
3810
2456
8282
3950
6209
8494
6209
7603
6671
2258
4872
3808
4872
2581
7564
7590
3589
2024
3777
2023
2999
2998
5776
4344
5776
1824
2932
8438
10018
2650
1485
1486
1485
1475
2774
2765
7110
7133
8636
1595
9820
7240
9421
6973
8139
1479
708
707
6039
4869
6039
5644
9699
9332
9699
10383
9699
3886
6822
10063
4129
1426
4202
7075
4621
1989
4621
7698
1648
7085
1648
1630
10025
1893
6897
6909
8847
10240
8847
10258
9487
9098
3344
3343
9600
8188
9185
8789
6346
2774
6346
4938
8337
773
4347
8509
4347
8505
10375
8337
10375
2117
9321
854
9321
7484
9321
5197
7138
9237
4791
5624
4791
9993
5909
3787
5909
3627
448
622
448
234
448
372
3821
1601
1465
9173
1465
10167
1465
4028
1465
7987
1465
7126
7655
3094
7201
8869
8454
2248
6446
4120
6446
990
8496
3309
8496
5665
8496
5665
3232
7025
3232
7023
3232
7016
4750
3720
4750
2385
4803
8657
213
210
3299
2955
3299
3185
9143
9558
146
1536
1526
1536
1409
7193
7210
7584
2573
5855
1895
5855
1785
8548
3115
1178
1169
9165
7318
5029
3284
5029
3348
5102
2535
5102
6768
3672
2018
1019
1018
1019
8075
1019
7163
1019
10265
6598
3147
6598
5696
2154
2138
2154
4183
340
316
340
650
10008
2746
2895
2887
2895
10070
5336
2642
2196
2139
2196
8023
6533
5944
6533
6776
1326
933
1326
943
1443
9264
1443
8225
1443
6751
6420
8625
8250
656
8303
8327
8303
6656
7167
2818
4553
1797
4553
6740
4600
6720
4600
3448
9454
7013
9454
8640
7356
911
7356
7485
9749
134
4276
8675
770
769
6277
2625
6277
2524
10299
10333
10299
3906
8291
7454
3844
2063
3185
2949
3185
2948
1886
8659
7834
1658
2035
2010
9344
6377
9344
3541
3709
2295
759
7492
2847
2834
2847
3762
7049
2339
7049
10046
7394
9697
1340
1308
6730
9843
8388
1357
2353
8030
2353
2339
2400
3984
2400
8214
2400
10237
2400
5259
2400
3983
4470
3289
4470
3282
2636
5643
192
191
5158
2839
5158
2941
8774
9231
8774
10154
8774
8162
8932
7456
8999
1352
8999
9053
8999
1353
6883
3949
6883
799
5634
2307
4459
3428
4459
7081
4459
7074
7950
10037
8003
9572
3165
3157
3165
3140
1866
1748
2548
2425
779
777
3976
10219
5977
4390
5977
2370
852
851
7991
9548
7187
3151
4395
2360
4511
9480
9456
5620
9456
5620
8895
8916
8895
10367
6845
7758
2454
2453
2454
2441
433
644
433
558
9829
8113
9829
2145
9829
7186
9829
8104
3457
2155
6320
7833
6320
4938
5456
7753
5456
8611
3321
3273
4479
8589
4479
7732
6863
2040
4644
7839
4644
7751
5494
9386
5494
3449
3143
3129
9299
702
9299
9305
6718
2849
2311
2265
9232
8850
2496
2487
2496
2490
8368
88
4058
2973
4058
2977
1754
1705
1754
1741
4531
1671
4531
8591
778
9765
8765
9192
4608
9466
4608
7797
7092
1963
9042
2230
6428
1386
6428
1401
8258
3560
2283
2193
2283
8030
3873
9813
1796
1773
7906
1984
9373
2987
7027
9514
1963
1916
1963
3882
8380
1873
2408
2394
2408
10069
6801
9724
6801
8950
324
323
4478
6419
4478
3283
7286
7310
7286
9773
1005
999
2331
2353
2331
2281
6738
9991
6738
9953
5191
8762
9212
2640
1348
10164
1348
1315
1348
5209
1945
8022
1945
1914
1945
4161
1945
7180
100
120
5706
3092
5706
3109
6793
3467
6793
6698
6793
6699
9831
8740
8743
9176
6966
2705
3707
2748
5077
6071
5077
2489
8526
9429
9430
1330
5203
6805
5150
2774
5150
2813
2704
3587
2704
2708
889
886
7814
7971
7814
4180
2015
1979
2015
2003
3729
1890
2540
6078
3802
3339
7958
7983
1983
1910
1983
1974
7739
1442
5541
8531
5541
8538
10152
3764
10152
9799
8785
8807
9751
149
4907
2660
4907
9401
9447
9089
9447
695
6623
2607
6623
2538
10301
694
10301
10315
10301
7371
3025
3027
3025
4058
2263
2183
2263
2245
4091
1203
8369
94
558
262
2616
2511
2616
2584
1305
1287
6986
6058
6986
6058
6328
8560
6328
8546
8912
9338
2245
2232
2245
7190
3419
9506
3419
9093
5614
1955
8360
709
4673
2002
4673
9029
4050
9651
4050
3989
4050
8218
4103
1388
3174
7153
3174
3163
7266
7296
7266
9662
1626
8744
1626
7254
1626
4039
1626
1632
6710
6709
6710
6709
102
6176
4434
6176
3324
8076
10111
9932
4426
9932
2080
9932
9976
9932
1582
9932
9960
9932
6712
9932
9961
9932
4437
9932
1420
9932
3320
9932
9949
9932
10000
9932
3707
9932
2543
9932
2839
9932
3724
9932
2629
9932
1878
9932
6715
9932
2333
9932
2907
9932
1482
9932
6969
9932
2782
9932
3380
9932
2213
9932
5906
9932
3771
9932
3198
9932
1608
9817
9807
4177
2169
2297
2294
2297
10046
3212
3209
3212
3204
1516
1497
1516
4031
6662
8500
6662
7657
6662
7665
6662
8464
6662
7694
6662
9972
6662
4210
6662
5919
6662
3732
6662
8456
6662
3384
6662
7653
6662
3023
6662
3109
6662
7618
6662
7610
6662
6910
6662
7678
6662
8468
6662
2622
6662
8461
6662
7639
6662
8470
6662
8479
6662
7617
6662
1942
6662
8498
6662
6480
6662
7634
6662
2303
6662
7640
2222
2201
8704
2776
6002
4395
6002
8608
7118
6743
5524
8576
5524
3826
5929
2033
5929
8532
7505
59
4861
8465
4861
2470
3552
4162
5239
10144
5239
1408
5239
1521
2526
2419
2526
2520
2743
2663
9726
6868
9726
3879
9726
10402
3042
3051
3042
3038
1640
1641
1640
1627
5316
983
1179
1171
1179
1153
6513
7834
6513
3667
2765
2764
2765
2733
3681
3128
700
9757
219
218
3373
3303
3373
3372
5009
3691
5009
3232
7575
1446
6787
1562
6682
2257
1997
9107
1997
8669
425
539
425
540
129
10033
9547
2912
9155
2912
2853
7130
2194
4881
2221
4881
2242
8616
3057
9724
7502
9419
1426
1604
5226
1604
8006
1604
8056
1604
1529
1922
8114
1922
10028
1922
4045
6229
3613
6229
4474
6302
4905
6302
4922
4939
2754
4758
9039
4758
2378
9174
927
6590
8598
6590
8552
8540
1771
1170
1152
1170
1167
159
160
1057
1040
1057
1051
539
637
8317
759
8317
7431
8317
9706
6767
10298
6767
7305
6767
7333
6551
2299
6551
7667
9701
823
9701
9709
9701
6801
9701
9729
9025
1346
4109
1343
1159
1158
1159
1157
2785
2777
2785
2704
1474
8076
1474
3405
1474
3406
1474
1451
5404
1291
5404
1271
3661
9331
3661
9703
4031
1496
4031
8076
4031
3405
4031
3406
3140
3144
3140
8026
8041
2391
8041
2390
6141
2919
6141
4431
4108
1370
4678
3725
4678
9947
6869
7567
6869
9880
6869
9372
9249
10207
415
341
415
649
2504
2507
2504
2158
10045
7993
5506
3449
5506
6789
6860
7121
6323
2741
6323
2725
9811
3070
3507
843
9410
1445
8211
10290
902
9644
902
901
4819
7643
4819
9411
2268
2262
6628
7651
6628
8479
829
826
3789
2435
7764
1488
1842
1698
1842
1837
7314
6705
7314
6390
7314
7351
1385
1382
5576
6787
5576
7709
8000
8052
3577
2015
7953
8699
1988
1923
9757
153
9441
1574
10102
6752
9840
2230
10334
8302
10307
8908
10307
10324
2574
2496
5208
2994
5208
664
5414
1290
5414
1320
1072
1061
3619
1066
3619
9935
3619
1272
3619
1055
3619
1214
3619
9990
3619
3473
3619
5944
3619
1100
3619
1020
3619
1605
3619
4312
3619
4399
3619
5623
3619
6776
3619
1116
3619
7805
3619
1341
3619
1123
3619
923
3619
3765
3619
7771
3619
1043
3619
3516
3619
1810
3619
1783
3619
1198
3619
4384
3619
1005
3619
3729
3619
9433
3619
3545
3619
7747
3619
1879
3619
7720
3619
4116
3619
9742
3619
1926
3619
1037
3619
10005
3619
1015
3619
5601
3619
997
3619
4151
3619
1841
3619
1079
3619
1386
3619
7706
3619
1294
3619
1401
3619
3564
3619
1673
3619
1143
2391
6399
2391
6416
6880
6881
6798
8654
5131
8486
5131
9060
1121
1109
2416
2396
2416
3421
2416
2395
2416
7191
8949
861
8748
9816
1343
1335
1343
942
6733
2757
361
533
361
534
361
395
9912
8508
9912
3843
9912
7602
9912
5642
9912
6908
9912
7674
9912
5087
9912
8455
9912
9918
9912
7683
9912
4386
9912
1548
9912
8465
9912
8485
9912
9975
9912
2476
9912
5626
9912
7666
9912
7655
9912
8496
9912
8540
9912
1989
9912
4382
9912
8437
9912
7633
9912
2031
9912
8452
9912
8472
9912
7598
9912
7662
9912
8449
9912
7658
9912
4411
9912
2470
9912
8459
9912
7712
9912
7616
9912
8442
9912
4429
9912
6468
9912
7648
9912
8521
9837
8438
9837
1266
9837
1300
4473
6418
4473
4475
2350
2345
2350
2283
2403
2391
2403
2404
1426
972
1426
1422
9378
9458
4315
1510
7911
2250
209
208
4591
1786
4591
1851
1365
1337
1365
1361
1968
1960
7099
5274
8815
8247
3878
9169
3878
7134
7032
6732
7406
9338
4603
8514
4603
5611
4550
1808
4550
1796
637
366
8300
8305
2288
2231
2288
7981
2288
4176
2288
9831
8253
9789
6423
7891
6423
3007
7784
2197
1736
8073
1736
8724
9126
4168
9126
3612
9126
2064
9126
10053
10337
9311
10337
3506
10337
10355
10337
846
773
52
6530
2002
6530
2035
3481
3482
6382
3896
6382
8293
6382
7390
6817
6854
9479
5651
10003
1601
39
9784
10229
1440
969
1440
9010
8574
2422
1144
1130
9707
9712
9707
3702
9707
9336
10394
3883
10394
3883
10394
868
10394
880
10394
877
10394
874
5905
5907
2204
2196
2204
2161
5052
2212
5052
2241
9876
3562
9876
2933
3249
3193
1937
1885
4753
2371
4753
6916
4800
5626
4800
7604
80
235
50
485
432
485
235
7190
8784
7190
2156
9140
9161
5284
9412
5284
2997
10160
10182
10160
8170
6289
2614
6289
2593
6462
1951
7151
8111
6
8504
1508
357
530
357
426
3509
3780
7705
1659
4964
9972
4964
7653
2116
8939
2815
2707
9874
6796
3378
6896
3378
9920
6362
9375
6362
3837
3126
3096
10397
10401
1825
7968
4152
1571
3461
7071
3461
7012
1674
1602
658
1
9786
6687
9786
9721
429
485
429
486
6124
7645
6124
8435
8024
8046
8024
8746
8024
8099
8024
8758
6518
1905
6518
1940
2237
7897
2237
9095
2237
7895
2949
2944
2949
7230
2949
7249
2748
2746
2748
2699
8416
9996
8416
9996
336
652
336
317
6482
3117
6482
3099
10013
2750
10190
2119
4984
3216
4984
9043
7113
9557
7113
9152
552
433
552
434
552
247
314
313
6075
6076
6075
6076
4711
2105
4711
2075
8175
9649
5989
7850
5989
7826
5264
3420
5264
4049
5264
7293
5264
10269
5264
10256
4421
2689
4421
2834
3379
9551
3379
7999
1448
1435
1448
6772
6601
7779
6601
8548
5089
2590
5089
2574
5354
3016
5354
3012
6538
7826
6538
8609
4975
3588
4975
7605
8726
10063
1173
1151
8543
1748
6593
8649
6593
3813
8184
3896
2835
2689
2835
2836
2136
9153
2136
8085
2136
9546
2136
2139
5396
1252
5396
1275
2047
9934
2047
4389
6084
2554
6084
2653
3086
3083
1107
1092
9770
7467
9770
776
8565
8671
8565
4416
8565
4413
6925
1660
9148
7156
9148
8064
9148
8125
9148
4197
9148
8770
6252
3103
6252
4490
7198
7209
9996
10022
3227
3188
3227
3191
1554
7961
1554
10037
1554
1544
4731
3463
4731
2109
721
8967
6471
4390
6471
3646
4224
1178
4224
1165
4808
7815
4808
3608
207
455
1685
1543
1685
1686
10038
10058
2217
7995
9964
7926
9964
6678
9964
9508
3292
6477
3292
4203
8436
8592
7133
2464
1596
1590
1596
5317
3370
3318
4189
8842
6371
3249
6371
8480
6064
7792
6064
3774
8164
7293
3472
9964
3066
2963
3066
2962
691
7461
8322
5182
5275
5276
6510
1850
6510
4360
1643
7146
1643
8049
1643
10083
1643
3586
3359
3315
6837
6838
9481
2905
9880
3559
9880
9941
9880
3688
9880
9378
9880
4225
703
9751
8397
2000
5952
3857
5952
2039
1665
7183
1665
1411
1665
10180
7455
9343
7455
3909
7455
8353
7225
7252
2927
7638
2927
2914
9966
2419
8654
8692
8654
9114
5741
7878
5741
8412
7539
1086
7539
1679
7539
1398
7539
2000
7539
1455
7539
2036
7539
1006
7539
1108
7539
1876
7539
916
7539
7565
7539
1484
7539
1533
7539
2081
7539
1616
7539
1875
7539
1045
7539
1617
7539
1943
7539
6894
7539
1873
7539
1381
7539
1125
7539
998
7539
2058
7539
1588
7539
1278
7539
1032
7539
889
7539
1305
7539
1072
7539
1440
7539
1173
7539
1980
7539
9370
7539
1356
7539
1788
7539
3414
7539
921
7539
1597
7539
1238
7539
1301
7539
1461
7539
1357
7539
1329
7539
1397
7539
1383
7539
1981
7539
1017
7539
1146
7539
1424
7539
1200
7539
1504
7539
1852
7539
1779
7539
1733
7539
1328
7539
1023
7539
1183
7539
887
7539
1384
7539
3881
7539
1059
7539
1090
7539
1906
7539
1219
7539
1257
3602
7078
2740
9988
2740
7036
2740
5654
3924
9661
3924
9283
3529
6669
8585
968
1917
10170
1917
10089
1917
1880
9994
2747
2992
2984
2992
7107
10085
3712
10085
8133
10085
8130
6646
2937
6646
2840
586
227
586
616
586
624
8696
7990
9427
966
877
876
1081
1075
1081
1062
6713
6866
223
8
4100
1262
4053
4054
4670
9442
4670
3524
8363
8957
8363
711
9227
10178
9227
10228
9227
9645
3148
3132
2565
2501
1255
1239
6868
839
6868
882
6868
870
6868
3883
6868
851
6868
716
6868
861
6868
3900
6868
9734
6868
723
6868
739
6868
3884
6868
700
6868
703
6868
863
6868
3905
6868
876
6868
857
6868
706
6868
729
6868
5177
6868
3907
6868
712
4659
1995
4659
1986
5434
9438
5434
4108
5111
8605
5111
3782
6587
2873
6587
2939
2436
2408
2436
2405
9292
8883
9292
3426
9292
7368
7775
9482
7775
7005
7775
6862
7242
5257
42
4857
2565
4857
2471
3879
734
3879
727
3879
697
3879
879
3879
5179
3879
3561
3879
5178
3879
9346
3879
848
3879
840
3879
725
3879
3901
3879
721
3879
710
3879
718
3879
845
3879
730
3879
843
3879
855
3879
867
3879
873
3879
884
2260
2248
6620
6079
6620
2543
1716
3394
1716
10187
1716
10224
1716
8815
1716
8157
1716
8197
9379
7687
9379
6525
9379
5926
4335
3653
4335
1618
5724
8466
5724
7673
7931
9112
7931
3697
8345
8351
8345
801
8345
10389
9086
4019
3941
8230
1980
1973
8008
10087
2269
2264
2269
2183
2269
4181
2269
2314
9746
145
8835
7321
8835
10287
7012
7036
2543
2424
2726
2715
3752
8005
3752
7104
3752
9126
3752
10042
262
10
577
522
577
474
3657
9734
8740
9167
4679
3636
4679
5890
5656
9568
5656
9128
5656
9159
6888
3663
6790
6791
6567
2579
6567
7585
2654
2444
8927
774
9809
2119
5153
7601
5153
9045
5200
10353
4011
3000
2696
2682
2696
4196
1374
1335
1374
1375
955
940
955
8029
1061
1041
1061
1052
6751
6765
6751
6752
8383
8436
8383
8440
2358
2254
4444
3351
4444
3282
8992
3343
8992
4131
8992
1414
2585
9966
2585
6840
5694
3681
5694
9488
6942
3844
6942
7800
6942
7787
6942
2768
6942
2803
6942
2725
6942
6714
111
543
638
543
188
3870
2899
9066
8645
9439
10013
1960
9104
1960
4166
1960
8660
1960
10052
1960
7918
1960
7047
9744
130
7856
4580
9370
9383
9370
886
467
558
467
260
467
367
8231
8874
8231
8868
3859
1777
1804
3873
1804
7984
1804
1781
1804
9545
7894
3408
7894
1811
7894
7048
4241
1339
4241
1317
809
7526
2095
7143
2095
8080
2095
10062
2095
9151
8308
834
8308
838
2280
10088
2280
10168
2280
2170
2280
8759
1969
1949
744
7505
9359
3752
9359
7668
9359
9793
7334
7342
4558
1810
4558
1841
7170
6411
2714
2712
2839
2755
767
53
3717
657
3717
7337
3717
7369
3717
6827
3261
3240
7057
7998
5716
3106
5716
3079
6260
2113
6260
2341
7159
2993
9134
8728
3583
10307
3583
944
3583
10181
1724
4346
4812
5634
4812
5628
9642
9273
8228
7343
8228
8264
8228
3951
6458
7832
6458
3749
2981
3898
2981
3390
6611
6060
6611
4869
5980
6829
5980
2382
6269
8578
6269
8583
8556
3365
8556
2111
8556
5698
8556
2883
8556
2533
8556
4434
8556
2671
8556
3106
8556
3034
8556
2383
8556
4941
8556
3238
8556
2874
8556
5615
8556
6419
8556
3164
8556
3146
8556
1897
8556
3060
8556
1787
8556
2800
8556
2473
8556
2255
8556
2072
8556
3200
8556
5348
8556
3283
8556
3831
8556
4491
8556
3375
8556
3794
8556
3526
8556
3079
8556
3090
8556
6091
8556
4892
8556
6462
8556
2815
8556
2740
8556
2236
8556
4865
8556
6004
8556
6684
8556
1789
8556
4204
8556
2772
8556
5332
8556
3117
8556
6073
8556
2030
8556
3362
8556
4214
8556
2608
8556
3816
8556
3324
8556
5889
8556
3045
8556
2564
8556
3337
8556
3352
8556
2923
8556
2547
8556
2369
8556
3099
8556
2837
8556
4977
4188
10026
9433
1370
682
8352
9007
1020
9007
1037
10019
2165
4467
3607
4467
3288
1130
1127
1130
1115
5120
3757
5120
2612
7486
32
1434
7338
1434
3964
1434
6775
1434
3932
9705
735
5068
6059
5068
8599
8594
1505
6544
9976
6544
2362
3563
3425
7179
9200
3055
8626
6700
9499
6653
1633
2961
4052
2961
9202
2961
2960
2961
4003
5960
6776
5960
3472
5804
3753
5804
9422
442
313
442
403
7928
7997
3281
3286
3281
2950
152
787
7482
5969
2284
5969
3853
8195
3994
6280
4865
6280
2564
2806
2793
6095
8437
6095
7648
1656
7993
1656
1696
7466
8946
7466
853
3398
6664
3398
2852
4020
9277
4020
9268
5088
2586
9307
7472
9307
3557
4168
10060
6358
2791
6358
2841
1118
1091
3545
2351
3612
10060
662
16
7535
1484
1694
1643
1694
1638
122
3449
982
4487
8651
3333
3327
986
977
3769
1429
7305
7399
7305
9782
9596
9623
9596
3400
9596
3556
9596
9602
5554
1490
614
293
614
362
2252
2247
2252
2235
3007
2992
3522
1924
4004
4005
4004
4005
2556
2431
1266
1249
710
7532
3760
2785
4216
1121
4216
1107
9564
9736
2594
2578
2594
2546
6217
3375
6217
3337
10305
9293
10305
9294
10305
8871
5685
5686
5596
1729
5596
1675
3597
1456
9755
163
6889
8488
4698
9522
10402
3885
10402
807
10402
813
10402
791
10402
803
10402
826
10402
816
10402
798
10402
793
10402
795
10402
800
10402
819
10402
8366
10402
810
10402
821
10402
9730
10402
831
5448
4106
5448
1302
9261
9691
9261
9690
9261
10330
8839
677
8839
9281
8839
9666
10339
9312
10339
8900
8329
7498
8402
1045
8714
8736
4339
10021
2084
2091
2084
8008
2084
10055
8036
2819
8036
3762
6047
6802
6047
9087
6136
7905
6136
4423
8147
9240
8981
1219
4410
2348
4046
8226
9888
2753
9888
8502
9888
9924
9888
6408
9888
9912
9888
3382
9888
7637
9888
1826
4137
1435
4137
1459
4633
7849
4633
3614
10242
10280
10242
9262
10242
9638
3134
8676
3134
3133
10047
3429
10047
9820
10047
9832
10047
2544
7885
4158
7885
4158
3898
3
3780
3781
7005
7022
9566
1242
9566
3913
1286
5193
1286
3914
1286
9787
1286
3915
1286
5196
3307
3286
3307
3310
5665
9822
1952
1963
1952
1892
109
801
800
4571
7835
4571
7838
9398
2354
4304
8571
4304
7848
7348
8291
7348
7360
1741
1704
1741
1712
4728
2104
4728
6830
738
5178
9333
8337
10030
3313
9594
9228
3916
9635
966
991
966
962
5917
9450
5917
3803
793
7518
646
303
646
551
646
271
646
553
646
294
646
281
3833
2639
3833
9364
7843
7009
2064
2052
2064
10192
2064
9191
6778
1365
2371
2092
4501
7583
4501
6906
9055
1325
8961
140
6521
8551
6521
5887
4438
4439
7865
3642
7865
7951
7865
3640
1092
1093
1092
1080
4493
8617
4493
3086
8806
8181
8806
8827
8806
7280
9281
8262
5643
2484
5643
7069
5643
2634
5643
2510
136
5146
2775
5146
7902
1027
1007
1027
9275
9835
9857
9835
1737
9835
3087
5037
3119
5037
6904
9778
10369
9778
3553
9313
8921
3936
8887
5937
2034
5937
3807
7946
3590
9823
1059
5247
5249
863
9740
3813
3334
10198
8239
10198
5187
4582
1790
4582
7777
2289
7017
3768
7153
3768
7135
718
8963
9603
9309
2382
2375
5440
4111
5440
1403
4690
3566
4690
3675
2441
2411
2441
3650
6779
9659
6779
3558
6779
7497
6779
732
5017
7571
5017
3341
9272
10349
9272
656
9272
744
10056
10067
3206
8169
3206
3996
7795
9092
7795
7923
7795
8632
1905
7940
1905
9514
1905
9142
6852
2762
1187
1155
1187
1186
4418
8016
845
8368
6204
4437
6204
4976
8104
5248
4651
3636
4651
9084
730
10406
4236
1300
4236
1318
7340
6649
7340
8310
4720
2106
4720
2340
9390
2707
8246
10273
6237
8447
6237
3171
4947
7840
4947
2790
3788
2442
3890
30
10168
9798
1989
6993
1989
9468
1989
8647
2075
2019
9351
7851
9351
3662
8424
3226
883
882
7874
1560
3851
7421
3851
3593
4562
6695
4562
9982
7625
2178
8016
2737
8016
2708
6116
2753
6116
8442
10054
7130
1356
4255
4430
2894
1167
1148
1167
1154
4117
957
4613
7974
4613
8644
4613
7922
208
12
6770
9788
3114
3066
3114
3116
8972
3690
8972
1860
495
186
495
509
495
181
5674
7677
5674
6417
453
261
453
558
453
424
5825
8561
5825
3751
2362
2347
2676
2436
1394
1389
8309
7512
2124
9208
2124
9153
2124
9546
2124
10149
9682
10359
9682
10359
1049
1029
6759
1602
8734
9830
8734
4172
8734
10078
8441
10007
6268
7852
6268
7811
6491
8464
6491
4210
7019
7062
5842
8421
5842
1840
7178
1628
7326
691
7326
5185
7326
3991
4746
7039
4746
7037
5988
7863
5988
7873
4523
1501
4523
10000
8220
6816
6450
7778
6450
3749
6503
9463
6503
7808
1576
1572
9206
3071
3272
3229
3272
10074
2141
8731
2141
8045
2141
9172
2141
6758
2141
8033
2141
8735
7642
6728
7642
6725
7642
6727
5128
6581
5128
8486
1138
1137
1138
1128
4995
3321
4995
3369
3632
2154
10315
7392
10315
6390
7515
3900
5069
2476
5069
7637
3699
10302
1201
1187
1201
3959
4180
7980
3313
9144
3313
3302
3313
10131
3313
8017
341
388
5060
6712
5060
2629
1193
3911
1193
1186
2323
2273
6573
4890
6573
8451
1506
7233
1506
8119
1506
8129
5376
1164
5376
1175
9114
8710
9114
7097
5968
4384
5968
9840
4899
9376
4899
2597
822
821
6708
6709
6708
6710
6708
7075
4832
3836
4832
2326
6631
4924
6631
7642
2734
2736
2734
2674
10087
3677
6288
8605
6288
7827
9425
7903
10282
6385
10282
2386
593
237
593
486
593
421
897
3501
7920
7992
8676
9542
9848
1558
3737
8833
3737
8199
2972
3008
2972
10094
2972
2970
2972
7148
7747
1961
5736
7816
5736
7764
428
552
428
431
606
626
606
396
1414
6984
1414
9119
1414
7056
671
7205
5080
2602
5080
6768
5295
1114
5295
1133
4028
7140
3390
8216
3390
2978
3492
10019
4169
7197
4169
9620
4169
5328
6391
5188
6391
8869
8377
1588
9512
937
9512
945
2424
2420
2424
2403
3351
3296
10021
1561
5426
1404
5426
1385
6403
1418
6403
991
6350
3747
6350
7812
3427
2005
1110
1093
1110
1105
4160
1736
9418
1140
9418
8551
9418
1134
9418
1234
9418
1021
9418
916
9418
1117
9418
3730
9418
6672
9418
9069
9418
8603
9418
1391
9418
10001
9418
8614
9418
3592
9418
1083
9418
1215
9418
1162
9418
9071
9418
1003
9418
9958
9418
1251
9418
1729
9418
8581
9418
5887
9418
9070
9418
1056
9418
8624
9418
8641
9418
8606
9418
4395
9418
889
9418
8585
9418
3414
9418
9067
9418
1014
9418
4358
9418
920
9418
1195
9418
4378
9418
7738
9418
1036
9418
8597
9418
8563
9418
1295
9418
7786
9418
1815
9418
3772
9418
8608
9418
4381
9418
996
9418
8564
9418
1675
9418
8575
9418
9076
9418
3628
9418
1177
9418
8595
9418
1070
9418
9065
9418
1274
9418
1098
9418
1338
9418
5311
9418
1042
9418
9983
4289
3447
4289
1436
8264
10350
5175
9489
5175
3214
7711
1344
5509
9981
5509
9419
2823
2697
2823
4420
7361
8290
7361
728
7074
7093
1768
1753
1768
1751
9491
9501
1936
1885
9890
8428
9890
8417
7984
10048
973
970
973
8717
973
9123
973
8723
1813
1812
1813
7100
9030
2745
5024
8495
5024
3331
3905
9752
1034
1028
1034
1019
6998
3589
8749
9816
8948
857
7125
2131
287
286
9405
2150
10174
7322
10174
5230
10174
9288
2480
2456
9803
7087
9803
9543
6816
674
6816
8251
9984
2459
5481
4117
5481
4125
4382
2018
393
54
6933
1575
174
17
10253
8196
10253
8196
10095
1623
8882
8893
8882
8892
555
297
9018
1549
4705
2070
4705
2113
4075
1116
4075
1123
7964
10068
3989
3990
1851
1709
2236
7948
2236
10029
8284
8301
9860
7596
9461
1153
8417
6938
1273
1258
10332
9323
10332
9704
2599
2598
400
544
400
360
2532
2530
643
244
7800
1476
7753
1346
7381
2387
7381
756
1890
1650
1890
1881
1788
8420
1788
1778
9986
3433
7298
10317
7298
8854
7298
6706
7298
9294
7298
9778
3127
3096
10176
676
10176
8856
2460
2461
2460
2439
4362
1877
8052
7199
8052
3793
8052
8103
6152
8484
6152
8485
9248
8205
9248
8194
482
244
5461
4109
5461
9426
1312
1293
1312
8039
4124
8685
232
20
6904
3115
8862
7356
8862
9684
3192
3189
3192
3188
2469
6034
2469
3517
2469
7920
2117
7441
7233
8834
7233
3935
7233
1528
10065
2710
5577
9397
5577
1581
9957
1681
3576
1925
4784
2244
4784
2224
3405
10111
148
5253
2145
5300
1180
5300
1145
2749
7019
2948
2944
2948
3678
7550
1440
7603
3314
2882
4195
2882
2856
9653
8859
9653
8859
376
366
376
547
119
5789
1728
5789
6674
7591
3246
8480
3219
4911
6080
4911
5653
8823
7290
7473
846
4323
1613
4323
9460
5507
3769
5507
8554
10137
8213
10137
8293
269
479
3506
845
3030
3042
3030
3028
4141
1473
1699
1640
6031
2285
6031
2333
8131
5260
8131
3396
8131
3848
1632
4040
6108
5658
6108
3585
6415
10143
6415
10143
8208
9670
8208
9694
8208
8312
8208
3739
8208
9806
2180
10276
2180
8796
2180
9233
2180
8177
2180
8868
7407
20
2862
2854
2862
2860
10140
3930
10140
3929
10140
9665
95
4953
3866
4953
6845
5000
3455
5000
4437
1737
4156
3248
4427
3248
9549
3248
3243
3248
4428
8460
2155
9127
9987
6315
4923
6315
7607
4764
3709
4764
8619
1155
3911
1155
1135
7142
8767
7142
8766
7142
3052
7819
1982
412
648
412
317
8469
3015
5211
8134
5211
3921
5211
1286
5211
3916
5878
3729
5878
3564
9192
3427
9192
7207
9192
5328
10111
7247
10111
7195
10111
7188
630
483
630
633
9712
794
2160
8718
2160
10104
2160
2139
2160
5331
1427
1430
1427
973
3018
8470
3414
2305
5619
7003
8532
2018
8599
7933
7678
3036
10392
10398
10392
9728
2417
10049
2417
4187
2417
4188
2417
2398
2028
2012
5041
6719
5041
3126
2169
10213
1492
8119
1492
1479
5941
7116
7558
1397
1583
1568
1583
1538
6335
7744
6335
2803
9087
2153
5308
1350
2940
2832
3724
2454
4894
2529
5752
7881
5752
1722
2727
2716
9946
1805
5231
9797
1221
1188
1221
1223
8488
3272
8663
7955
5879
8539
5879
7715
4856
2473
4856
2564
1717
1682
1717
1715
2792
2700
44
3434
6037
3434
3710
3434
3685
8645
980
8512
1835
6695
1806
3093
3070
3093
4057
7444
7458
7444
7471
7444
8937
6586
9375
6586
5661
2437
3650
2437
9758
570
368
570
251
5383
1235
5383
1254
470
300
470
534
311
310
2188
2144
2188
2137
8200
7307
8153
10204
8153
2004
8153
9271
6100
7612
6100
7613
6053
9993
6053
4412
10109
2156
3101
3067
3101
3065
7679
5275
7679
8602
7679
3573
10336
3798
10336
9697
9226
8806
3038
10112
3038
3041
3038
10113
3038
7172
5859
1902
5859
7703
8468
3013
8683
9998
6241
3167
6241
3147
5008
3214
5008
3233
3240
3239
3240
3190
9149
662
9149
9169
6725
10018
5345
6731
5345
7072
5345
7064
921
915
4931
6831
4931
2729
5870
9444
5870
7797
596
478
596
356
1563
8712
1563
9137
1563
1564
1563
9529
2871
3641
2871
6992
9067
957
7857
3590
7857
3589
9944
8650
9944
4905
9944
6994
9944
8639
9944
6974
9944
7905
9944
3691
9944
5650
9944
7891
9944
6092
9944
7862
9944
6977
9944
4059
9944
5624
9944
6418
9944
4423
9944
6473
9944
3183
9944
3103
9944
7888
9944
7892
9944
2071
9944
7907
9944
4490
9944
3232
9944
7906
9944
3007
9944
3813
9944
6979
9944
5645
9944
7863
9944
2780
9944
7896
9944
2937
9944
1927
9944
8643
9944
4213
9944
5942
9944
3123
9944
5653
9944
2259
9944
2840
9944
7004
9944
5347
9944
6282
9944
4412
9944
2620
9944
7901
9944
4922
1545
7169
1545
1520
3010
2985
2697
2682
2697
4196
2168
2146
2168
2133
6011
2260
6011
3413
603
481
603
620
4775
6682
4775
2380
8111
2819
1612
1559
7659
3112
1449
1435
1449
6772
3694
10030
6435
4116
6435
5310
3656
7500
3656
704
265
38
2622
3410
2622
7077
2622
7011
5657
7934
2020
2024
2020
7059
6566
5645
6566
4412
7670
3340
8926
7443
5363
9040
5363
7661
2216
2190
9764
9897
9764
8432
9764
6897
1760
1707
9459
1561
8437
2758
9093
659
2512
2513
2512
2140
7043
7046
2645
2651
2645
7986
9555
10099
1597
1567
9038
696
9038
9447
9796
7334
9796
7268
9796
9282
364
280
364
423
364
356
1769
1767
10396
9762
10396
802
4539
8591
4539
1818
3226
3191
3226
3225
944
3438
944
10309
944
7358
944
8311
4252
1372
4252
7711
6224
7677
6224
3347
9101
8684
7372
3766
7372
10380
4455
5010
4455
3389
2004
8292
1522
10144
1522
10197
1522
8146
8727
8063
4084
1214
4084
1198
5397
1271
5397
1253
2137
8711
2137
2124
2137
4409
2137
9133
2046
5888
2046
2045
10180
7269
8940
716
9970
6525
9970
10016
3087
3083
7213
8158
6990
7947
1106
1092
8792
7265
8275
8344
10319
714
10319
3591
10319
3507
518
531
518
629
6742
7264
6742
6767
6742
10238
6742
10247
1399
1313
5322
8737
1332
3497
1332
3962
10400
815
10400
9723
10400
824
10400
837
10400
817
10400
829
10400
812
10400
820
5164
2807
5164
9045
755
7437
755
8316
7065
7095
6951
4174
2663
2651
2663
2415
2488
2485
2488
7110
2488
8002
2339
10125
2339
4172
2339
2349
2339
3673
9489
2893
9794
872
1916
3811
1916
8791
1833
1807
6647
9972
6647
7613
31
8697
8007
9010
1413
876
9736
9766
8453
9766
2590
9766
7619
9766
9034
9766
7656
9766
8495
9766
8447
9766
9040
9766
8466
9766
3220
9766
7654
9766
8467
9766
8487
9766
9412
9766
7629
9766
7599
9766
8473
9766
3111
9766
3354
9766
7663
9766
7675
9766
3331
9766
2997
9766
2604
9766
9415
9766
7611
9766
7620
9766
7601
9766
3294
9766
8463
9766
3033
9766
7621
9766
7673
9766
7608
9766
2574
9766
3249
9766
658
9766
8441
9766
9405
9766
8480
9766
8469
9766
7659
9766
2807
9766
2878
9766
7682
9766
7623
9766
2481
9766
7650
9766
7635
9766
7668
9766
3171
9766
9045
9766
7636
9766
7606
9766
9424
9766
9407
9766
2647
9766
7626
9766
7681
9766
7661
9766
8471
9766
7672
9766
8458
9766
9057
9766
7627
7808
1491
1780
1652
1898
9509
1244
9121
1244
7058
1244
7973
1244
1229
3952
804
3952
10396
2926
9481
2926
2925
5602
1762
7731
1571
5924
5873
5924
1988
5529
6786
5529
1482
8622
1345
3741
967
2304
2289
2304
6951
2304
8701
506
272
506
357
506
553
6836
6838
9472
1651
3149
3145
3149
3122
9240
9252
6913
6852
6913
9978
5184
750
8396
2036
9578
9599
9578
8811
2683
3620
2683
2686
7085
8053
7085
7147
7085
1631
2468
2187
238
49
7290
2017
8354
9786
8354
8356
7975
1719
6189
8487
6189
7620
4371
9965
4064
1056
4064
1070
1014
1004
5472
1352
5472
9055
8089
8131
3067
2963
3067
2962
8871
9778
7251
8824
7421
3890
10135
3764
8037
10118
8037
10118
6046
3632
6046
2205
8146
9623
8146
8800
8146
3936
8146
3937
8146
3939
6137
3194
6137
3827
4047
10218
4136
4137
9570
4037
3044
3029
3044
3043
7493
3890
3448
5610
10404
169
4865
2616
10359
8911
10359
6384
7438
6865
7438
7444
7438
7493
9669
8271
6339
7600
6339
3760
7501
837
7501
832
4843
4863
4843
3758
1267
1249
2761
2760
2761
2685
3685
6037
3685
3266
3685
4936
3685
3808
3685
3603
3685
3787
3685
4488
3685
5658
3685
8493
3685
4424
3685
3080
3685
7677
3685
5340
3685
5641
3685
2614
3685
2318
3685
6466
3685
3606
3685
8457
3685
3347
3685
3202
3685
2581
3685
7630
3685
1901
3685
4505
3685
1797
3685
1929
3685
3627
3685
2875
3685
2277
3685
5886
3685
3568
3685
4433
3685
3672
3685
2743
3685
6733
3685
2726
3685
4410
3685
2676
3685
2792
3685
3665
3685
3325
3685
3342
3685
1858
3685
3585
3685
6655
3685
3335
3685
9409
3685
4207
3685
3217
3685
5344
3685
1759
3685
6736
3685
6481
3685
3708
3685
3759
3685
5664
3685
6417
3685
6469
3685
3546
3685
5621
3685
6740
3685
2593
3685
2336
3685
4485
3685
5630
4217
1106
4217
1122
5760
8535
5760
8501
6216
3568
6216
3335
5597
1727
5597
1676
9955
6669
9955
6670
9955
6671
3214
3213
3596
8159
987
980
7728
1721
5769
4344
5769
10003
7571
3298
3006
4008
3006
3009
3554
6711
5522
4132
5522
6969
6004
2199
8702
10114
8702
10114
6664
7214
9692
8909
9692
3824
8629
2087
2557
2434
2224
6470
4885
2238
4885
2213
8807
8187
3643
4365
3643
4366
3643
7092
7633
3179
10188
8849
7410
8346
7410
6748
9978
10013
9978
7867
5147
6091
5147
2740
1026
1010
1026
1019
5036
7656
5036
7654
1472
3445
1472
1474
1472
1471
1319
3830
5402
4095
5402
4096
5329
5330
2189
2164
2189
2137
7698
1950
3917
910
3917
10286
967
961
967
963
2858
8691
2858
3466
2858
10034
2858
2913
5916
1995
5916
2050
2914
2905
6684
2906
5833
1865
5833
8542
2781
2776
2781
2734
6439
8517
6439
8544
3665
1844
1287
1270
1287
1284
3306
3281
9172
9252
5898
1899
5898
1933
5780
5738
5780
6937
344
438
344
315
8489
2443
6304
9948
6304
2543
6555
2267
6555
3547
9021
1365
10378
8336
10378
8936
10378
9717
9662
7403
1924
1918
1924
1922
1529
9596
1529
1506
1602
1539
1602
1541
7487
3887
648
652
9214
7243
9214
7243
6978
9461
4535
1578
4535
1674
8761
9205
8557
1720
2629
2618
10292
3558
10292
907
10292
9658
2702
2744
2702
8137
2702
7235
445
612
445
309
2053
2042
2053
2090
8088
9207
2100
7170
10097
7218
10097
5222
6188
3259
6188
7844
9006
6762
9006
3380
9006
985
4466
3287
4466
3280
1040
896
1040
7150
1040
1039
1040
1050
9044
1690
2335
2300
5195
6779
5195
909
938
936
938
8720
938
9825
938
8035
7094
7137
7349
7361
7349
10329
5583
3615
5583
7692
4928
7635
4928
9424
1941
1884
6805
7409
6805
6806
9546
10126
3980
7373
3980
10316
4269
989
4269
1423
1752
10035
1752
1717
1752
5322
1752
5321
1001
1000
1001
995
562
541
562
302
562
400
1879
1772
10269
8828
1210
1189
766
765
3716
1489
4260
5314
4260
975
519
296
519
555
7056
10098
7056
7118
7056
8001
5717
7892
5717
4213
993
992
993
891
993
9170
5612
7014
5612
3552
2011
1977
2011
2009
6168
3682
6168
8569
4358
1747
8914
8924
8914
757
5545
4144
5545
4140
8068
3912
7278
4050
8858
7344
4486
3165
5449
4105
5449
3532
8120
3138
1657
7085
1657
7993
7467
780
7467
3910
7467
7482
6020
7850
6020
7814
10262
8882
10067
1411
10067
1412
3021
9601
3021
9194
3021
672
163
164
2489
2483
154
9306
9315
9306
9315
3172
7818
8781
905
8781
7516
8781
9638
5228
5229
2241
2166
3804
3429
3804
9820
3804
2400
3804
9832
239
238
1238
1208
1859
1746
16
4280
8596
4280
8584
7812
2754
3969
8256
4095
1239
786
785
2807
2706
1301
1246
1301
9824
571
625
571
178
5563
7778
5563
9463
1870
3859
1870
5839
9544
8369
3960
3617
3960
3451
124
910
7332
910
3797
1293
1260
1293
1286
6970
6476
6970
3374
6970
1728
6970
5659
6970
3856
6970
3322
6970
1578
6970
4436
6970
1453
6970
2866
6970
2922
6970
4925
6970
3277
6970
2098
6970
2051
6970
5627
6970
1614
6970
1866
6970
3457
6970
6798
6970
1780
6970
1481
6970
1532
6970
2632
6970
1940
6970
3792
6970
3683
6970
2359
6970
5628
6970
2531
6970
2739
6970
2601
7279
10220
1507
1480
1507
1512
5377
1166
5377
1174
1048
1029
1048
1041
5632
2269
2031
2011
5699
4208
5699
5700
5699
7006
8934
3885
8519
1463
6959
2891
8772
10108
8295
759
8295
8914
8295
7429
6180
7898
6180
3264
8080
9618
8080
9229
8080
10128
9614
2958
2108
2086
3181
7632
9073
9523
9073
7027
4747
2285
4747
2372
7327
6812
7327
10319
9557
9735
10148
7246
3988
7354
1577
1499
1577
1569
4920
2552
4920
3789
167
930
5214
930
3680
930
925
930
9223
9207
3678
7392
7464
4268
3519
4268
8584
1218
1203
9342
10387
9342
6686
320
382
7832
1555
7899
2487
1789
1664
3842
1595
631
292
2609
2452
8376
1779
8903
9710
8903
3480
8850
10239
8850
8915
8850
10338
7270
7297
6979
3006
4403
3831
4403
5332
4350
7854
4350
1584
8060
2702
9616
9261
5427
1404
5427
1372
6160
3745
6160
7589
58
3426
7398
3161
3186
3161
3156
2452
2453
2452
2437
8891
10369
8891
3553
1619
9724
9234
9651
9234
3989
9234
8218
7259
10257
6841
6842
5492
5313
5492
974
8069
1622
4515
3825
4515
4317
7995
8023
6169
8569
6169
7757
513
640
4391
2296
6028
4399
6028
3545
4642
1967
4642
1941
8128
7213
8128
8144
896
8100
896
9195
8677
7999
10271
8285
10271
1687
4288
1436
4288
9432
3325
3269
1230
1220
5220
5221
3736
7398
7746
3299
5737
9069
5737
7786
7523
109
28
70
2315
9533
2315
9841
2315
2314
918
3416
918
884
3968
7317
1878
1766
854
8959
3207
8169
3207
10092
1186
9610
1186
9193
1186
10242
1186
8781
5309
1345
4204
3122
6824
3865
6824
6956
6824
7741
6824
7806
6824
3453
6824
7792
6824
2808
6824
7841
6824
7816
6824
7798
6824
3774
6824
2607
6824
2548
6824
7764
6824
2335
6824
5632
6824
2789
6824
7744
6824
6971
6824
2563
6824
2067
6824
2741
6824
1726
6824
2673
6824
4864
6824
7847
6824
8547
6824
6823
6824
1256
6824
2538
6824
7838
3073
3058
3073
3074
6675
9427
101
1481
1462
9584
9192
7613
2701
3342
3339
7430
7522
3440
7563
3440
6722
5016
7670
5016
7671
4625
1986
4625
1970
4874
3863
4874
3457
7562
1383
268
19
5768
1580
5768
3821
1509
10073
1509
1494
3937
8887
9868
6795
9868
9874
9181
8367
10214
8242
10214
10250
10214
6817
7947
3139
5936
2035
5936
2077
2772
2766
2934
2823
2519
10026
2519
2412
2519
8071
5246
8231
7720
5315
5813
4364
5813
6737
492
616
492
524
3674
7015
5104
2537
5104
2611
7651
2712
2152
6766
2152
2142
2152
4179
2152
8725
1461
1431
1461
9847
3825
1508
7418
7432
9586
8370
7205
3898
9671
7367
9671
10313
9671
7374
9325
7
2677
2447
4795
2218
4795
2311
8017
8062
6117
8443
6117
9392
7690
1373
1357
9014
1357
4255
1166
1149
4116
1326
9161
8158
9161
8144
9161
8176
383
2
8452
3128
10216
9681
10216
10308
10216
9669
10216
10255
10216
9806
5851
1769
5851
1860
2850
2851
2850
2834
2903
2896
2903
4425
8609
2178
7582
8511
297
34
9898
7564
9898
6683
4237
1317
4237
1296
10123
9790
10123
10223
10123
8855
10123
10156
10123
8864
8247
3943
8247
8875
8247
3942
6236
4488
6236
4485
583
518
583
475
5890
1957
5788
3754
5788
4353
4946
7840
4946
2813
3234
9053
2891
2855
2891
2888
8049
7202
8049
1637
8049
10117
8049
8761
8049
7171
8049
8771
4359
1794
5186
8350
1309
1289
1309
1311
6149
4426
6149
2941
8394
1257
5683
3184
5683
3180
9241
9263
5468
4113
5468
4258
6834
6907
6834
2841
6834
6835
8859
9301
8859
9297
8859
10310
7291
7319
4370
9965
3189
9148
3189
10070
10244
8889
2472
2185
8356
6688
8356
9722
4066
1066
4066
1079
1016
1001
8870
10322
8870
8273
7250
4049
7250
8164
7250
7278
7303
8876
7303
9296
7303
7357
7303
3936
7303
6666
7420
7461
69
6067
7675
6067
9405
8167
8799
1858
1746
7883
7937
3992
3391
3992
3391
874
873
4635
1897
4635
3816
1914
3783
1914
1907
9011
1092
5926
4377
1781
1795
1781
10122
7388
768
7388
736
7388
8917
9468
8655
3927
3902
3927
8862
2306
7049
2306
2298
7730
9474
2602
2588
1246
7058
1246
7973
1246
8673
1246
1229
2529
2417
2529
2520
8657
9995
8657
9995
540
433
2924
6684
2924
2923
3740
6820
3740
7052
3740
8015
9562
10060
8752
2947
7845
2721
589
624
589
226
3835
2252
1104
7212
1104
8149
1104
899
1104
1103
10246
10280
10246
904
10246
9630
8941
716
795
7520
4086
1198
4086
1176
8187
10317
8187
7294
8187
8854
8187
10187
8187
9654
6991
7044
2044
2015
9670
3953
9670
10347
6087
3464
6087
7067
6087
7067
9335
9711
9335
7441
5166
3767
5166
8439
4379
7063
5357
6979
5357
8643
8879
5184
5488
4118
5488
4258
5663
10012
5663
4198
9569
660
6950
4093
7003
5620
7368
5180
7368
1991
1761
1710
1761
7085
7718
1389
4292
1468
4292
8510
220
557
2214
2204
5645
2506
4495
3111
4495
7659
5512
8525
5512
8515
6226
7681
6226
7627
7863
7017
7863
4174
7863
8701
4227
1214
4227
1233
2006
1975
2006
7197
9498
9515
9053
3192
9100
9108
3224
3221
3224
3225
1557
1554
9592
7378
567
509
567
378
567
184
946
937
946
945
4447
3366
4447
3305
3011
3009
3011
3005
3696
2785
10118
1911
6010
4400
6010
3835
5697
3114
8110
10076
1377
1309
3585
2785
6564
2468
6564
2241
8529
981
8924
7438
8924
7431
2657
2655
8602
7939
5048
9492
5048
7876
2021
1994
2021
4170
5622
2179
5622
2096
2172
7236
7671
3297
3654
1566
1489
1493
1489
1478
6240
4488
6240
9409
2859
8691
2859
3466
2859
2860
2859
8708
747
746
3241
3239
3241
3190
7337
7370
45
197
3
920
915
7897
10029
1807
1804
1807
1791
4930
2659
4930
9967
10125
7221
10125
7210
10125
3862
10125
10199
5871
1904
5871
1782
5218
6788
2870
7979
2870
6992
8472
2835
9189
9828
9189
9191
9189
9613
9644
9747
7139
1135
7822
1749
6093
2810
6093
2752
6584
6704
6584
6953
8193
7412
3436
6739
5437
9385
5437
9389
7446
7454
8201
9795
8201
7292
1702
1642
1702
3424
6101
4941
6101
2815
9224
8171
1629
1624
1629
7237
3100
3078
3100
3065
6655
2163
3053
3052
3053
3042
8138
9234
6038
7666
6038
2470
10385
6856
10385
817
10385
8950
10385
7496
4148
4149
3565
9711
3565
8326
3565
8927
10366
6713
10366
763
10366
8338
10270
8880
4896
7789
4896
7811
3335
3329
5940
2028
5940
2076
2941
2832
7533
143
9646
9750
5727
8467
5727
3033
3543
735
3543
3656
3543
3742
3726
2526
5230
3938
2752
7062
2752
3701
1220
1188
1220
1223
4918
2552
4918
2532
7598
3269
2879
8439
5792
4357
5792
1823
4854
2474
4854
2580
1609
1595
8118
7228
6505
7904
6505
7894
9516
7115
9516
9530
6018
4410
6018
5630
1452
9228
1452
8802
1452
1443
7662
3346
2161
8718
2161
6777
2161
10104
2161
5331
4525
1580
4525
1556
2619
2615
2619
2512
3416
9734
5040
8455
5040
7655
5417
1303
5417
1298
7787
2250
6575
7585
6575
9376
4938
2723
928
3924
2325
2269
5862
7782
5862
1903
1195
1159
5001
7609
5001
3748
244
18
10286
9284
10286
7332
10286
10328
9152
3618
6248
5698
6248
3146
8461
2153
10347
7423
10347
6883
3315
3255
3315
3317
7513
6868
7513
3879
2878
2833
4993
8431
4993
3360
4766
8414
4766
9381
5210
5211
8509
1586
3504
3505
2507
2131
2507
8000
2507
6415
2507
8025
3031
3014
4140
1472
6030
4399
6030
9840
358
406
8130
4051
10133
2846
9514
1642
3108
3091
7682
2360
2181
10147
2181
2170
1228
1224
1228
1212
6405
1445
5238
5239
5238
5239
2577
2465
2577
10047
9657
9289
5301
1181
5301
1180
10344
9304
10344
9695
3574
748
3574
10352
4786
2220
4786
6802
7551
1424
5749
8570
5749
9459
5948
2106
5948
2078
9953
2526
524
548
524
224
7767
1369
5882
9455
5882
1757
7317
8282
7317
3948
7317
8297
2789
2762
10284
6812
10284
10319
5293
1083
5293
1098
7590
8500
7590
7612
7590
7657
7590
3092
7590
2211
7590
2322
7590
7665
7590
8464
7590
7694
7590
1896
7590
9972
7590
3345
7590
2356
7590
4210
7590
8444
7590
5919
7590
3732
7590
8456
7590
7653
7590
9977
7590
3023
7590
7646
7590
7618
7590
7638
7590
7610
7590
8497
7590
3105
7590
2237
7590
7678
7590
8468
7590
3010
7590
2622
7590
2914
7590
2108
7590
7613
7590
7651
7590
8461
7590
8481
7590
2073
7590
7615
7590
2554
7590
2804
7590
7639
7590
8470
7590
8479
7590
3415
7590
3150
7590
7617
7590
7652
7590
1942
7590
8498
7590
3291
7590
7614
7590
6480
7590
7634
7590
2303
7590
7640
7590
8462
7590
7649
7590
2653
7590
3019
7590
2779
94
71
8481
3224
4910
5652
4910
9467
4126
977
3152
8095
3152
8094
3152
6401
3152
8088
3152
8120
2461
2438
2461
2462
6127
2922
6127
2908
9686
9704
9686
6677
6906
3082
446
310
446
347
5460
7760
5460
7767
8027
891
8027
9583
1677
3662
1677
1676
9571
934
7258
8226
7428
7525
8878
746
3815
3795
3815
2801
3815
1784
3815
6581
3815
5894
3815
4354
3815
1615
3815
3767
3815
9060
3815
8536
3815
9420
3815
9408
3815
1380
3815
1581
3815
3866
3815
9413
3815
6845
3815
9419
3815
9410
3815
4894
3815
987
3815
8507
3815
1862
3815
1300
3815
1871
3815
4863
3815
3645
3815
6673
3815
3566
3815
2334
3815
3530
3815
2279
3815
4316
3815
9422
6192
7602
6192
8484
865
864
8092
1624
5469
9430
5469
8628
9315
10379
9315
9699
4378
2014
5267
5268
843
8964
7966
4147
1903
1690
7793
1838
1850
5607
1850
7938
3949
6857
3949
9340
3748
3227
10362
9703
7738
1363
4987
7817
4987
3743
8619
2352
2234
2232
2234
8722
2234
4177
2234
8713
8286
8907
8286
8906
339
338
339
651
7801
6667
5599
7697
5599
7725
7380
8922
7380
10376
1891
1650
1891
1888
5532
4138
5532
6771
7623
3318
2207
2168
9807
9295
9807
9669
9807
9667
885
9527
10257
8877
10257
10337
5026
7862
5026
3813
8577
9469
8577
1886
1147
1148
1147
1128
1036
1026
2073
2023
10052
5325
6958
9471
6739
7940
6739
7027
6739
3437
1402
1350
2481
2459
5319
1592
1329
9020
1329
976
5480
986
5480
7831
8789
10210
8789
10196
8789
9650
8789
8813
8789
9805
9684
8965
6814
9688
6814
10368
2342
4385
2342
6964
2342
4379
8507
1345
7076
1699
4967
6809
4967
2880
5823
1856
5823
8512
7710
1953
8266
5199
8266
10374
2509
3980
7360
7399
4542
8543
4542
7722
4249
3635
4249
5309
1772
1754
1772
1752
9108
8698
4615
3476
4615
6462
5287
1055
5287
1043
1934
7924
1519
10357
7986
2402
7986
8041
9031
1561
7369
7446
9160
7160
8427
8453
8427
2590
8427
7619
8427
9034
8427
7656
8427
8495
8427
8447
8427
9040
8427
8466
8427
3220
8427
7654
8427
8467
8427
8487
8427
9412
8427
7629
8427
7599
8427
8473
8427
3111
8427
3354
8427
7663
8427
7675
8427
3331
8427
2997
8427
2604
8427
9415
8427
7611
8427
7620
8427
7601
8427
3294
8427
8463
8427
3033
8427
7621
8427
7673
8427
7608
8427
2574
8427
3249
8427
8441
8427
9405
8427
8480
8427
8469
8427
7659
8427
9038
8427
2807
8427
2878
8427
7682
8427
7623
8427
2481
8427
7650
8427
7635
8427
7668
8427
3171
8427
9045
8427
7636
8427
7606
8427
9424
8427
9407
8427
2647
8427
7626
8427
7681
8427
7661
8427
8471
8427
7672
8427
8458
8427
9057
8427
7627
7877
9536
7877
7928
7877
2379
10127
10163
9859
9910
5850
1857
5850
6976
5903
9078
5903
9851
2851
2830
2851
3398
2851
3392
9169
663
9169
2994
8492
2421
4944
3747
4944
2816
3236
4971
3236
3235
10322
8309
10322
10351
6442
7690
6442
8544
9028
1204
1532
1514
1599
1540
1599
1537
5891
3534
5891
1933
2890
2855
2890
2888
2788
2761
6234
3184
6234
7818
1397
1395
7650
6557
7703
1663
1460
3592
1460
8641
2127
3764
2127
8774
8737
1715
3676
8160
3676
1407
3676
7269
3676
8165
5106
3669
9782
657
9782
8275
5677
8589
5677
9445
9971
8066
10181
7400
10181
7400
1322
934
1322
1332
5399
4094
5399
4097
1469
1451
5332
2288
7691
3747
7691
8579
7691
7780
7691
3539
7691
8623
7691
7789
7691
8605
7691
7815
7691
7772
7691
4119
7691
3668
7691
7778
7691
8588
7691
6946
7691
7852
7691
7770
7691
6953
7691
6967
7691
3709
7691
7739
7691
8574
7691
3741
7691
6959
7691
9073
7691
7832
7691
7766
7691
7785
7691
1366
7691
3608
7691
5600
7691
8587
7691
8611
7691
7763
2192
9598
3117
3101
4755
6875
4755
2287
1164
1149
4114
1331
9889
9911
9889
3268
4876
5645
4876
2620
2768
6847
2768
6996
2768
6848
1823
1720
2936
9974
2936
2934
5244
7193
9180
9587
5772
1728
5772
1674
7578
3050
8699
8727
8699
9552
8632
9985
2813
2798
7721
1442
5934
4382
5934
2031
359
484
359
306
359
358
5519
7750
5519
1437
13
4206
3066
166
167
9872
3471
266
265
6826
7932
6207
3375
6207
3362
8107
892
8173
7257
8173
7257
6073
2483
211
210
1184
1171
1184
1156
7115
9551
1480
1496
1480
8076
1480
8082
7508
54
5014
3331
5014
7623
7431
6866
7431
3954
7431
7493
6342
2728
6342
7600
3441
6754
1308
1307
1308
1289
3734
8923
1862
4356
1862
7970
1862
3469
6325
4936
6325
3585
7744
2778
71
1231
1220
2737
2744
2737
2665
2248
2234
2248
2225
5221
7338
5221
8260
5221
3964
5221
3932
3972
7290
7809
2020
894
892
894
9274
10139
8172
10139
10177
10139
7217
10139
2959
450
245
450
422
450
370
10104
8729
856
9754
9117
7989
8851
8863
8851
3966
5609
7953
3424
3402
3424
1647
7271
7286
4351
1532
4351
1585
7955
1644
8374
7565
8061
3920
8061
3919
8061
3922
8061
1314
6161
8639
6161
3691
5452
3559
5452
4109
2018
2037
2018
7059
2427
2429
2427
2404
9916
3805
1383
1374
3160
3186
3160
7135
8788
8156
8890
8306
8890
9769
338
337
6840
6843
3028
10112
3028
3021
3028
9585
3028
7172
1417
7119
1417
7118
1417
6751
1417
7108
4390
2375
9236
10259
2492
2188
3169
3125
7352
9686
7352
9684
7352
7483
7352
7485
1008
1007
1008
892
10106
10135
2405
8067
2405
2407
4475
6709
4475
4202
4475
6710
4921
2443
1749
1744
1749
1750
1948
1913
1948
1915
931
926
931
9145
931
8739
931
6878
6735
7872
6735
6986
6735
6056
4272
1420
4272
6762
1345
4024
1345
10051
1345
4023
1345
943
1882
1629
1882
1889
9553
9562
9553
8750
431
250
775
0
8768
9209
6971
2330
6425
7619
6425
7606
8255
9780
8255
10365
4605
5905
4605
3695
505
378
505
187
2030
2014
2632
2619
8813
8817
8813
8817
2699
2683
2699
8112
2699
10103
6181
7898
6181
3361
8081
2037
1363
1359
1363
9507
1363
1351
1363
5235
3180
3179
8936
8938
8936
5179
8936
3871
8936
6813
9914
5613
9914
9385
9914
9394
9914
9416
9914
3753
9914
9402
9914
8486
9914
9397
9914
8438
9914
9981
9914
2562
9914
9396
9914
9400
9914
8474
9914
8499
9914
3604
9914
3648
9914
8483
9914
9387
9914
1266
9914
1354
9914
9391
9914
8478
9914
9404
9914
3675
9914
9389
9914
3758
9914
3644
9914
8439
9914
2324
9914
1318
9914
8491
4313
6918
4313
9046
10278
9310
10278
10327
784
781
2240
2147
7773
7867
4281
7806
4281
3453
5807
3792
5807
6694
3806
9819
1300
1265
1253
1240
2563
2497
1871
1843
8365
5178
3961
5190
3961
1213
3961
5191
3961
8068
4055
4056
4055
4056
911
6677
6715
9120
6715
9539
6715
7096
6982
4580
3168
6068
3168
3110
3168
6569
3168
6238
3168
5038
3168
2812
3168
6634
3168
2731
3168
2536
3168
4889
3168
6283
3168
5083
3168
4782
3168
6154
3168
6598
3168
6738
3168
4881
3168
5041
3168
6241
3168
4775
3168
6913
3168
2903
3168
4930
3168
4755
3168
2936
3168
2825
3168
5714
3168
4496
3168
2935
3168
6348
3168
5119
3168
6583
3168
6489
3168
5062
3168
5002
1697
1703
1697
1641
2010
2016
2010
1977
2545
2428
2545
2544
8833
7386
8833
8279
8833
6805
8833
7380
8833
8861
2612
2450
4484
3607
4484
7571
10063
2127
2449
9799
2449
3847
8343
7472
8343
6689
8343
10390
8343
8354
8343
9719
8916
8931
8916
805
8916
808
556
285
4333
8637
4333
1608
7262
3946
7262
8886
7262
3945
8121
8142
1622
6756
1622
8863
1622
10291
1622
10211
1622
9678
1622
9655
6021
7814
6021
8620
9304
9701
9304
1620
9304
9317
332
654
332
318
4398
2266
3020
4058
3020
2972
6848
9833
4639
7921
8072
8092
5489
8541
5489
8534
8780
1038
8780
9250
8898
7415
6172
7602
6172
7598
125
2583
9175
2583
3598
2583
8110
2583
2544
10141
9238
10141
10185
1940
1884
9742
1554
9137
9162
9046
9072
8385
1183
3981
8884
7096
9550
953
931
953
932
1000
8738
1000
1009
1000
10340
1000
893
1727
1667
5155
2773
5155
2722
764
3887
3714
9107
3714
4374
3714
9122
9339
811
7389
674
7389
675
7389
7407
7054
4027
1211
1192
1211
1212
10389
8944
10389
798
3839
2824
2717
2709
2717
9555
2717
9161
2717
9554
10407
2
4261
3495
4261
3519
7829
2862
1792
1836
1792
1695
7902
2738
10255
9671
7282
5261
8597
1842
155
156
6547
4414
6547
5627
10110
9596
10093
10162
10093
3963
10093
944
2093
3515
2093
7132
2093
2373
2093
8005
2093
2094
2093
10042
274
37
9805
10260
1437
1425
9216
8180
9216
8180
8760
1406
8760
5228
8760
7303
8760
8790
9004
1032
3188
7164
3188
7144
3188
9148
3188
5338
6962
6989
8522
2088
4464
3622
4464
7660
5629
2261
187
185
187
181
2101
7170
5702
9409
5702
4207
10326
760
10326
3531
537
180
537
185
537
543
2038
10022
2038
4170
8769
8119
1041
1034
1041
1040
2916
2876
2916
3698
8449
3142
6686
734
6686
7485
375
369
375
538
5858
4576
5858
7703
8612
9474
2833
10041
2833
2835
6595
3143
6595
5697
8545
2594
1175
1170
5914
7747
5914
1926
9168
8248
9168
7173
9168
7206
2780
8710
2780
8704
2780
7097
6306
6735
6306
2612
2898
2845
2898
2885
4973
2867
4973
9481
7579
6928
9891
9909
9891
3540
9891
6730
5781
9959
5781
8528
4307
8519
4307
8531
1926
9980
1926
9136
9490
6465
9962
3330
9020
984
3304
3281
3304
3350
7135
7165
7135
4000
7135
7203
7135
7162
7135
3666
17
2149
8731
2149
6766
2149
8033
2149
8735
2149
4179
2149
8725
1024
1011
1024
1025
5034
6904
5034
7592
7411
8325
7411
6380
9678
10211
9678
10211
7658
9548
7658
4206
1683
1543
1683
1686
1468
1457
2067
2025
6923
6875
6923
7875
6923
6696
8563
981
2760
3731
2760
8021
2760
10079
3216
3210
3594
4000
705
703
7559
1455
5761
1731
5761
4337
1512
5224
1512
1496
1512
9597
1512
8129
2597
2595
9655
9679
1645
3402
1645
8072
1645
8109
6214
3682
6214
3366
6006
4396
6006
7604
2769
2748
5273
8099
9460
1591
9861
3440
4007
7275
4007
6650
7570
7582
7570
9945
7570
9930
7570
9931
6666
6782
6666
9687
2226
7196
2226
2173
2226
7186
9992
2583
5557
9033
5557
8503
2522
4184
2522
2485
2522
7069
2522
2634
9188
10152
3004
7593
3556
7299
3556
3493
3556
1527
3556
3468
3556
3935
5312
1344
3046
3025
3137
8087
3137
6401
3137
8198
3137
8083
3137
8805
3137
9242
2087
2084
2087
7964
2087
5329
2087
4171
6044
2208
6044
8582
8144
8176
8144
8176
8583
2624
4134
4137
10401
752
10401
750
10401
744
10401
746
10401
7495
10401
753
10401
754
8717
8723
8717
8723
10329
3867
120
7223
6391
9969
9116
9969
9521
1488
1493
1488
1478
7500
861
7453
37
3339
2954
3339
3313
1663
3430
1663
3431
1663
6410
1663
1661
10179
3556
3871
7466
3871
7473
3871
3907
7854
1505
1961
5326
1961
8680
1961
8660
1961
4371
1961
4370
1961
7918
2055
4168
2055
3612
2055
4169
2055
10053
3
4598
3448
4598
1758
7102
7160
9371
8533
9371
1438
9371
9049
9371
3705
9371
3857
9371
9048
9371
4121
9371
9036
9371
4891
9371
1730
9371
2728
9371
9037
9371
2613
9371
3615
9371
9035
9371
2474
9371
8524
9371
9039
9371
2219
9371
8537
9371
2763
9371
2580
9371
9050
9371
7628
9371
1352
9371
2672
9371
2637
9371
7600
9371
9033
9371
8514
9371
2039
9371
4122
9371
8454
9371
9042
9371
5316
9371
4939
9371
2585
9371
3870
9371
3760
9371
9055
9371
9030
9371
3554
9371
9044
9371
9053
9371
2870
9371
2342
9371
9031
9371
1468
9371
3216
9371
2114
9371
3823
9371
2272
9371
2378
9371
9047
9371
1353
9371
8490
9371
1869
9371
5611
9371
9063
9371
3250
9371
1415
9371
9043
9371
8510
9371
7692
9371
8450
9371
8503
9064
2504
7029
1918
7918
7982
8230
7361
8230
10329
746
7504
4533
9959
4533
3864
7336
10349
7336
10346
7336
7359
4240
1392
4240
1400
2281
2193
2281
2280
7896
3075
1806
1776
1806
1804
995
994
995
919
8741
8061
2656
2655
3622
3166
10355
9331
10355
7479
10355
7466
1069
1060
1128
1104
1128
1119
6791
6792
2398
8141
2398
8783
2398
8821
2398
8135
2398
4189
2398
8841
5138
3713
5138
8587
8952
803
10266
8188
10266
9591
10266
9647
5654
7071
5201
7382
4446
9448
4010
5207
4010
5206
4010
5208
4010
10004
3697
9999
1060
1041
1060
1052
6750
3746
6750
3591
6750
7377
6803
7576
6803
9927
5696
3115
308
307
5585
9441
5585
8594
1376
8061
1376
8039
2694
2681
2694
2695
2333
2305
5193
5195
10294
7371
899
898
899
741
4822
8615
4822
2320
1714
1713
1714
1713
832
831
2261
2234
2261
2258
6621
7740
6621
7820
1839
1698
1839
1836
8218
10304
3792
1794
4897
2633
4897
8451
9825
8042
7930
9120
7930
8693
9542
9548
3940
8230
2724
2649
2724
2717
1981
1931
1981
1973
1981
4639
1981
4640
5543
8536
5543
9387
5726
3034
5726
3045
9084
1962
3727
2295
9448
3304
1080
1081
1080
1068
496
470
496
519
1295
1263
4671
6464
4671
9029
4101
1226
9252
6690
9252
8211
9252
3488
9252
9663
9252
8254
6148
4426
6148
2907
10346
7408
10346
8878
10346
10368
5565
8636
5565
9848
8048
9181
8048
9190
579
617
579
523
10296
8838
10296
9270
4038
10124
6872
819
2434
2405
2434
2433
4093
1240
5110
8574
5110
3782
3437
9142
9818
9808
9605
9624
9605
9232
5436
1403
5436
1394
10020
1364
7447
7451
10264
10281
10264
7289
9666
7439
5927
1985
5927
1997
2952
10268
2952
3717
2952
7348
2952
3567
3926
3927
2307
2298
2307
4182
10029
2165
5740
9421
5740
6949
1247
1248
1247
3961
4863
2616
9423
9431
9423
2655
8656
6860
8656
6861
2741
2662
6479
3345
6479
3384
7495
23
5992
4410
5992
2336
9694
8323
6644
6092
6644
2780
8694
6467
4718
2338
4718
8506
3064
3053
3371
3363
3371
3303
6370
3870
6370
2870
8357
918
8357
6685
690
9680
4067
1084
4067
1069
1017
9802
1017
999
6066
2580
6066
2637
8166
2400
6511
7782
6511
1850
521
437
5187
7435
6359
2788
6359
3683
4149
1536
3468
10284
3683
2757
4845
5649
4845
2636
6227
6481
6227
4485
9696
8323
4226
1234
4226
1215
4730
2103
4730
2370
2007
2006
2007
1978
720
8967
3252
3253
3252
3209
6470
6777
6470
8023
1556
1551
947
8652
947
938
473
408
473
407
6292
2589
6292
9475
9664
7435
7158
2844
1594
5317
1594
1604
7635
2732
3512
10345
6459
6900
6459
1606
3645
1928
8434
1586
4883
2561
4883
2491
5167
2787
5167
3837
4420
5335
4420
2828
4420
7137
5356
9374
5356
7573
6600
7646
6600
7652
6379
685
6379
687
6379
684
6379
682
6379
7453
6553
2279
6553
2324
241
7
560
27
3663
2900
3488
10219
5835
7734
5835
1845
3084
3071
3084
4057
8724
4036
8724
1716
8724
7152
4087
1215
4087
1195
8186
8263
5394
7730
5394
6961
2134
2130
2134
2121
5049
4725
5049
7876
6086
6087
5748
9048
5748
3615
5949
4387
5949
2067
4986
2929
4986
8588
10342
10370
10342
6663
7615
3240
8287
7464
3599
3600
3532
1281
8414
2295
7542
1533
6673
947
3075
3059
3075
3076
427
197
2989
4059
4710
3623
4710
9096
5266
7277
5266
3992
5266
3391
10212
3984
10212
8261
10212
10237
10212
10273
10212
3983
7967
7111
7967
9127
10017
1743
4192
9994
5815
7801
3469
8010
698
697
6378
3894
6378
7461
6378
7459
6378
7464
6378
7463
2114
2053
8319
50
4127
6675
3460
3445
9488
3125
3362
3316
6126
7684
6126
3791
6907
3569
6907
2655
8026
3121
8026
2958
9582
9199
3124
3069
3124
3116
1676
1547
4623
1936
4623
1970
6478
9484
6478
3351
4801
2208
4801
2244
6249
7655
6249
7658
5286
1056
5286
1042
728
9753
4738
5621
4738
2336
7191
2389
7987
7126
7987
7126
9141
5336
4793
5625
4793
2239
3289
3158
8506
2089
61
4966
8472
4966
7605
10031
8004
9323
735
9323
9342
7077
2584
7150
8100
7150
9589
7150
8365
7203
2945
8267
8286
8267
3512
3823
1778
6531
10001
6531
4381
3480
7460
9703
8933
3382
3371
5092
6079
5092
3724
6608
4891
6608
8450
4428
3204
1441
5236
1441
4026
1441
7054
1441
1416
2206
2168
2905
2886
2905
2882
10007
10050
10007
7154
10007
8012
10007
2872
5027
3856
5027
3353
1146
9027
1146
1113
8576
1442
9435
2748
1037
1026
7910
2512
4590
1847
4590
3790
8293
7403
4767
3727
4767
6916
7786
7095
7786
7160
1734
3755
1734
1719
4551
1808
4551
1868
3862
8171
812
810
8301
8922
8301
10376
9124
10002
7404
10366
4248
3604
4248
8507
10367
9723
10367
8333
10367
808
9362
1072
8238
992
8238
881
8238
880
1972
1974
1972
1893
4682
5886
4682
3546
2414
9998
9833
2746
6881
1964
6881
9923
6881
1501
6881
2238
6881
6808
6881
2285
6881
9895
6881
1672
6881
2719
6881
8637
6881
6786
6881
3338
6881
2362
6881
2323
6881
6882
6881
9743
6881
2567
6881
2045
6881
1849
2390
6399
2390
9258
2390
9259
2390
5263
5130
2548
5130
2673
110
1120
1119
1120
1112
3417
10086
5416
1297
5416
1321
1424
969
9612
9251
6939
4018
403
438
403
389
6758
7200
2351
2345
2351
2283
8989
9486
8989
3719
8989
1190
1068
1062
1068
1051
4018
1012
9075
2198
7766
1600
3882
5241
3882
5240
3882
5327
3882
4042
3882
10127
3882
9607
8210
9662
8210
7323
9753
155
7993
8744
7993
7166
7993
1632
7993
1631
4513
7714
4513
3446
7316
5201
7316
9298
7316
8276
9382
7733
9382
9388
10303
9781
10303
7326
8001
6743
2576
2575
4405
2284
4405
3855
10364
760
10364
10366
10364
3593
390
57
5574
9979
5574
7836
3948
8913
3749
1596
8905
835
8905
8923
2272
2263
624
409
624
430
4787
2308
4787
2220
7009
1593
7938
9108
4030
10151
3141
3120
3141
3140
8040
8053
6140
8588
2313
4182
1088
9579
1088
10266
1088
899
1088
1103
7525
107
5504
9981
5504
987
4662
3865
4662
7783
7
5118
2711
5118
3788
3323
3270
7239
9299
7239
3903
6861
7121
92
2506
9547
2506
8700
2506
2158
9289
9679
9289
9678
380
381
670
669
5081
2480
5081
2601
1416
5217
1416
7119
1416
5218
1416
8001
1416
7108
1416
9826
3391
7328
3391
7313
9237
5223
6390
693
6390
7459
6390
8912
3609
3186
7605
2848
5424
1341
5424
3555
659
17
5255
10116
5255
10116
3350
2956
3350
3355
3403
3848
9716
789
6351
4941
6351
2837
1111
1094
1111
1112
2426
2429
2426
2404
3452
1373
4161
8096
10083
7184
6413
3496
857
9754
2968
7223
7182
7203
9116
9132
6630
6090
6630
2739
5734
4314
5734
5547
7921
9971
4325
5578
4325
3786
3288
3159
5972
3728
5972
9417
2736
8126
2736
9577
2736
10129
2736
2668
7475
34
502
626
502
173
8825
8237
8825
10206
10327
6649
10327
684
10327
689
8674
10012
679
7451
2140
9166
2140
8044
2140
8745
2140
8045
2140
8147
9409
3129
1200
1160
1153
1138
1153
1120
6313
2551
6313
4921
9714
828
4181
2313
8937
7489
133
117
1504
1476
1504
9380
5061
2629
5061
2567
4955
2787
4955
6475
5374
1140
5374
1162
8440
2750
3268
8533
3268
1438
3268
9049
3268
3705
3268
3857
3268
9048
3268
4121
3268
9036
3268
4891
3268
1730
3268
2728
3268
9037
3268
2613
3268
3615
3268
9035
3268
2474
3268
8524
3268
9039
3268
2219
3268
8537
3268
2763
3268
2580
3268
9050
3268
7628
3268
1352
3268
2672
3268
2637
3268
7600
3268
9033
3268
8514
3268
2039
3268
4122
3268
8454
3268
9042
3268
5316
3268
4939
3268
2585
3268
3870
3268
3760
3268
9055
3268
9030
3268
7591
3268
3554
3268
9044
3268
9053
3268
2870
3268
2342
3268
9031
3268
1468
3268
3216
3268
2114
3268
3823
3268
2272
3268
2378
3268
9047
3268
1353
3268
8490
3268
1869
3268
5611
3268
9063
3268
3250
3268
1415
3268
9043
3268
8510
3268
7692
3268
8450
3268
8503
6490
8616
6490
8630
9839
7055
2842
2818
2842
2844
2842
6400
2842
7141
6618
9437
6618
2611
307
394
4809
2259
4809
7893
8221
9790
8221
6707
8221
8855
8221
8864
8221
10343
6451
1605
6451
9742
7162
10090
7162
10090
2988
2986
9204
10119
4744
3648
4744
8483
7324
10201
6272
6036
6272
8565
1574
1570
1574
1517
10324
10356
10324
9321
4431
2895
3116
2963
3116
3113
1815
4157
1815
7885
1815
7900
1089
1081
1089
1088
8968
7632
8968
7708
8968
3716
6528
3732
6528
3415
8014
7131
6114
9435
6114
8546
1354
1349
975
958
6771
1449
2378
2351
655
383
655
410
4508
3106
4508
3090
1396
1395
2674
2668
2674
10069
2825
9974
2825
6852
2126
8181
2126
9675
2126
10262
2126
8827
2126
7280
2126
10293
8736
4161
8736
10015
5173
7817
5173
2871
9288
8253
9771
5181
9771
770
9771
8927
3677
1908
3677
8153
3677
9214
5107
3810
5107
6837
10172
8867
5676
7676
5676
7660
9982
1839
731
7533
7341
3443
7341
10336
3237
3227
1748
1832
1748
1742
1949
10025
1949
6653
1949
10052
1949
8686
1949
4368
4721
2105
4721
3858
9391
1720
271
36
4578
1652
6935
8635
808
807
4234
1291
4234
1319
3891
26
8244
8893
8426
1773
7876
6465
7876
7039
7876
7037
9403
1692
9350
3841
9350
6924
7123
2545
10189
8841
510
437
510
289
632
246
632
538
3850
2759
3903
702
3903
10332
3903
6676
7755
947
8842
10212
6892
3365
6892
2111
6892
5698
6892
2883
6892
2533
6892
4434
6892
2671
6892
3106
6892
3034
6892
2383
6892
4941
6892
3238
6892
2874
6892
6419
6892
3164
6892
3146
6892
1897
6892
3060
6892
1787
6892
3017
6892
2800
6892
2473
6892
2255
6892
2072
6892
3200
6892
5348
6892
3831
6892
4491
6892
3476
6892
3375
6892
3794
6892
3526
6892
3079
6892
3090
6892
6091
6892
4892
6892
6462
6892
2815
6892
2740
6892
2236
6892
4865
6892
6004
6892
6684
6892
1789
6892
4204
6892
2772
6892
5332
6892
3117
6892
6073
6892
2030
6892
3362
6892
4214
6892
2608
6892
3816
6892
3324
6892
5889
6892
3045
6892
2564
6892
3337
6892
3352
6892
2923
6892
2547
6892
2369
6892
3099
6892
2837
6892
4977
4342
8712
4342
9137
4342
1565
4342
9529
1275
1258
9268
3572
9268
7514
5441
1354
5441
9389
8332
7517
4691
9918
4691
2031
8399
1200
2440
2411
2440
2439
9881
9897
9881
8432
9607
9266
4207
3069
9480
965
6827
10320
6827
7399
6206
8413
6206
3360
8106
9815
8106
9815
323
463
3204
2843
3204
3207
8988
1108
4703
2049
4703
7857
4073
1099
4073
1118
4650
9938
4650
7688
2249
2225
2249
2233
2937
2826
7235
8829
7235
8203
7235
10214
3772
1662
3934
9683
3519
982
7944
9113
599
510
599
615
10159
10193
4877
7595
9827
1913
416
315
416
516
9879
9891
2370
2063
4453
3384
4453
7617
4500
4491
4500
3099
8960
165
6520
9935
6520
1926
2066
6998
2066
8638
2066
4380
7045
10045
2643
5264
2643
7216
2359
7917
5144
2550
5144
3757
9095
10029
8969
5616
8969
7593
8969
1992
9280
10301
9476
2823
6762
984
8804
8836
434
253
434
642
8312
8318
1052
1046
1052
1051
6307
2670
6307
7820
3781
6773
7063
8706
2665
6397
2665
3876
2665
9821
2665
6398
4306
8519
4306
3511
1927
8066
753
7512
800
7521
4570
5838
4570
8518
10161
7312
10161
6770
10161
7288
1284
1268
1284
1285
9762
8366
8273
8896
8273
8900
8273
10351
1740
1704
1740
1712
2917
2874
2917
6684
3858
2065
561
329
561
655
7215
10180
6687
7510
6687
725
6687
708
1992
1984
4559
7701
4559
3655
9358
1964
9358
5906
3914
3915
3914
3915
964
991
964
962
309
393
2448
2519
2448
2413
2379
9560
2379
8055
2379
8754
649
387
649
650
9260
8835
8716
8036
9769
7430
9769
1621
372
409
9474
1185
6782
3799
6782
841
6782
9313
10043
10066
4658
1930
4658
9919
6849
3485
8980
1453
8980
3277
8980
4133
9269
9797
4411
2347
3047
3026
1835
1828
1835
1814
3136
3121
3136
10101
3136
9614
2086
10068
2086
2084
2086
5329
8034
3422
8034
2395
6134
2928
6134
2904
4044
9266
6007
7787
6007
6971
4006
4007
6667
4356
6667
7919
2554
2432
2227
2173
2227
2096
984
979
984
9512
4579
1839
10191
8847
5556
7731
5556
4142
9792
6833
3557
9720
3557
3618
7973
7996
5594
4343
5594
6407
572
257
572
472
711
710
3761
7344
3761
10240
3761
9280
3761
3479
2685
3731
2685
2642
7083
5274
3217
3211
6915
8599
2292
8020
2292
9167
2292
5247
2292
2291
1264
1248
1264
1260
4214
3037
2596
7105
2596
7106
2596
6055
2596
7117
6398
10107
4021
4020
4021
900
3489
4025
1654
7298
1654
8221
7464
7478
4172
2343
678
8335
678
7445
8665
8696
10373
8929
10373
809
10373
1621
1696
1636
1696
8771
1696
1655
3358
3315
9411
2249
9810
7165
9810
7182
9810
2950
9810
3666
6333
2802
6333
6798
10028
8757
8917
772
8917
7441
8917
5181
1585
1575
819
7534
6638
3843
6638
7642
4902
5650
4902
6282
4829
2320
4829
5647
2960
10182
2960
8170
2960
7217
2960
2959
6701
6688
6055
9992
5961
4386
5961
4382
8155
7390
214
213
137
84
236
235
5385
4092
5385
4083
10015
7180
2804
2794
2969
7223
2969
7339
5806
1845
5806
1833
3280
3160
6693
9811
3095
3068
3095
3067
486
238
9841
2313
8643
3013
3807
2020
6281
2623
6281
2560
9440
2506
3629
6853
3629
2116
3702
8345
5072
9493
5072
2489
7639
3213
1208
1207
1208
1189
639
457
639
208
8554
966
1565
1526
1565
1568
1131
1115
2148
2146
2148
2141
5121
9061
79
9437
2591
8596
1428
6546
7622
6546
7667
5343
3104
6723
8109
7484
860
7484
8948
1436
1425
10005
1562
8685
10011
9217
10242
88
74
7171
8127
257
256
5365
4061
5365
7929
5714
4211
5714
5345
6498
6974
6498
6977
40
2716
7960
2716
2649
3260
3241
5839
9940
7022
2083
8448
4487
8448
3674
8448
8586
6261
2277
6261
6655
6433
8622
6433
9085
9942
4104
9942
9414
9942
4144
9942
9989
9942
1235
9942
1303
9942
1722
9942
4152
9942
1218
9942
1903
9942
4114
9942
1254
9942
7794
335
334
335
653
9136
4167
4773
7774
4773
8631
9047
2663
3269
3499
3269
7057
3269
3252
2980
2983
2980
3956
2980
2982
2980
2979
7097
10009
1726
4346
6610
8565
6610
2518
5981
8607
5981
8618
1543
1525
1543
1524
2459
2460
2459
2440
4043
7308
4043
3969
4043
9657
349
435
349
309
8033
8058
6133
7657
6133
7638
9938
1953
7497
3901
3158
3155
3158
4200
3158
7098
10064
2710
4636
7726
4636
1939
10220
6745
10220
9660
2470
2186
5471
7686
5471
9054
4372
1650
1245
1259
1245
1229
5925
5918
5925
7906
7422
9334
7252
3633
8872
10299
10096
3598
6198
7587
6198
8424
2305
2297
2305
2298
8098
1242
8098
3914
8098
10263
10158
7400
10158
10181
10158
8888
9547
10076
9547
10096
3990
3574
3990
7362
4847
2561
4847
2636
1263
1247
1263
1264
4213
3602
4213
3601
4213
3600
5185
7475
5593
8508
5593
6408
7084
3153
1015
1001
10380
3500
10380
802
10380
8320
4065
1054
4065
1071
3951
10350
8355
8358
8355
883
7974
1945
983
979
983
9512
5538
9041
5538
9032
3742
6689
3742
3617
3742
3557
3742
3520
8621
1330
2553
2432
456
213
456
639
2600
2596
7732
3160
5601
1734
7799
2515
1889
5240
1889
7245
1889
7238
1889
4043
1889
3595
9985
1669
5646
2164
5646
10033
5646
7086
5646
8700
10175
7300
7637
2592
4496
3089
4496
5341
3647
7041
8803
8884
8803
8186
8803
3982
8750
9828
8750
9191
8750
9613
5143
2551
5143
6763
2644
9221
2644
4049
2644
8164
2644
7278
2644
8138
2644
9612
10094
7175
10094
2971
10094
7339
9530
9551
1331
1324
1331
932
5321
8737
6741
2223
2348
2344
2348
2282
2479
2456
8791
4041
8791
8818
8791
8228
8791
1622
945
10093
945
8035
1408
10197
6952
7000
9629
9263
6225
7676
6225
7671
2005
10204
2005
8208
2005
2004
2005
9271
10066
3820
10066
1412
4454
3364
4454
3389
4085
1178
4085
1197
796
7457
4290
6746
4290
1437
9336
3508
9336
8345
3913
10241
3913
9775
3913
906
3913
9219
963
8028
963
954
5510
6789
5510
7707
7846
1594
5837
7904
5837
7856
2511
2513
2511
2140
3836
6670
3836
3529
437
290
4251
1371
4251
5312
8274
8289
1283
1268
1283
1279
1521
3634
4548
6721
4548
9850
754
7509
5165
9034
5165
2807
9029
1925
7064
3631
7064
3631
7371
6705
7371
8287
1778
1657
1778
1761
9102
10006
1611
1552
1611
1530
8112
10064
8112
10064
6012
8454
6012
2378
7483
8953
7483
701
7668
2286
1458
1432
1458
1459
5344
3104
6724
7147
2159
2128
2159
2129
475
549
475
201
5620
7080
5620
9139
2057
2054
8553
2522
8600
3721
8600
7920
8600
3518
254
253
2621
7011
9899
6785
9899
3651
9899
2267
9899
9478
9899
2034
9899
5884
9899
2569
9899
9493
9899
2552
9899
2103
9899
6071
9899
1997
9899
3789
9899
7911
9899
7874
9899
3632
9899
9848
9899
2532
9899
2727
9899
1612
9899
2489
9899
4390
9899
2370
9899
3807
9899
3646
9899
3770
9899
9850
9899
7909
9899
3547
2170
8833
2170
8199
625
535
5587
4152
5587
7794
9620
3784
1544
1523
1544
4034
6242
4489
6242
3143
9158
2042
4774
7629
4774
7650
3586
7178
4932
9395
4932
2714
3695
8662
3695
8663
3695
7038
4999
8598
4999
7745
922
917
922
919
5868
9049
5868
3823
6434
9430
6434
8567
8459
3093
2872
2851
2872
2836
9519
9150
7820
2424
997
922
5713
8463
5713
7626
8470
3006
8511
9944
8511
9834
3725
1954
6334
2782
6334
2805
4895
6072
4895
5649
3336
3329
260
259
3102
3078
3102
3065
3029
3038
3029
3028
7688
1925
7463
7486
1700
8698
1700
1647
1653
10210
1653
10196
1653
9805
1653
1654
217
11
2179
9229
2179
10128
2179
2180
3435
3685
8644
8670
7445
7449
5942
5943
6694
1807
5299
1140
5299
1134
1222
1188
1222
1223
2750
10130
2750
3624
2750
10064
2750
8112
2803
2794
5232
3800
5232
6713
5751
4340
5751
7754
7549
5883
7549
1985
5567
9742
5567
10005
3566
2011
10229
7411
10229
6381
1297
1262
2791
2700
6656
729
6656
3528
8479
2652
5888
1959
5790
9961
5790
9957
10002
8114
10002
3637
10002
10028
3009
2972
3009
7124
304
303
7660
3159
1503
1489
6576
8500
6576
7649
1450
7082
1450
4028
1450
5220
1450
7987
1450
5219
1450
7126
5373
6957
5373
6917
1196
1159
2326
2307
2178
9560
2178
8055
2178
8754
2178
2095
8531
1456
1154
1137
1154
1135
4765
2366
4765
3727
6314
9428
6314
8587
2019
7059
2019
2026
1491
1487
1491
1477
8608
2230
7669
2162
3316
3255
3316
3317
5042
7656
5042
7659
5628
2261
6506
7835
6506
7793
1573
1516
1573
1577
5860
1783
5860
3564
9077
2541
10231
9768
10231
8201
10231
10296
7323
8281
4743
2059
4743
6876
3239
3187
3239
3245
4526
6989
2861
2854
2861
2860
9203
10119
9150
1475
9945
8650
9945
6974
9945
8642
9945
7891
9945
6977
9945
8649
9945
3103
9945
7888
9945
7892
9945
4490
9945
3007
9945
6979
9945
7896
9945
8643
9945
4213
9945
3123
9945
7004
9945
5347
9945
7901
8478
2715
3415
2014
5869
8516
5869
7705
7828
2594
145
146
9191
9613
9191
9613
5212
5213
7141
10133
3404
2699
4785
2224
4785
5629
8907
9322
8907
7469
8907
9336
8907
7457
6406
1458
459
301
9587
9749
9901
3720
9901
3863
9901
4972
9901
2385
9901
1756
9901
1965
9901
2802
9901
2268
9901
1674
9901
1905
9901
2480
9901
3714
9901
2066
9901
6694
9901
1503
9901
6674
9901
4133
9901
3491
9901
4893
4407
5634
4407
2359
5423
1380
5423
1318
9500
7050
6099
7785
6099
2816
8132
5268
1631
9625
1631
7177
1631
10193
1631
7179
1631
8813
1631
8817
6032
9975
6032
4411
8199
8227
8199
8279
8199
8844
8199
7380
8199
8861
4142
1498
1708
1649
1708
1706
7680
3218
8673
9121
9521
3478
2939
2822
2758
2704
2758
2687
5733
7764
5733
7800
10012
3252
7527
110
10217
10259
10217
10259
5880
5894
5880
9402
5798
1857
5798
7884
2881
4195
2881
2885
98
4912
2556
4912
3788
7592
3128
6414
8786
6414
8806
6414
2125
1311
1293
1311
8039
550
232
5462
1358
5462
8621
6151
8485
6151
4429
169
170
8051
8086
7965
8060
4074
1100
4074
1116
4361
1877
4704
4727
4704
7857
3150
3122
3203
3205
3203
2889
8861
8280
9239
8197
9631
8193
3077
7275
3077
10121
3077
3626
3077
6650
7289
9674
7289
7332
7289
864
8090
10398
8090
10398
8285
825
8285
8905
6190
8633
6190
7888
7617
3367
199
198
3191
3208
3191
10070
2478
9504
2478
2458
1852
1834
4125
977
9009
4890
9009
2495
9009
1865
9009
3711
9009
8525
9009
8542
9009
8515
9009
9959
9009
2312
9009
4926
9009
8539
9009
2633
9009
5578
9009
3786
9009
1316
9009
8541
9009
2033
9009
3864
9009
2568
9009
6119
9009
8517
9009
2873
9009
3704
9009
2256
9009
4232
9009
3692
9009
8534
9009
7715
9009
3838
9009
2534
9009
8504
9009
2806
9009
8532
9009
3643
9009
8519
9009
2609
9009
4391
9009
7690
9009
3740
9009
7718
9009
8529
9009
2207
9009
8522
9009
3663
9009
3725
9009
8531
9009
2939
9009
8451
9009
9956
9009
8528
9009
8520
9009
9947
9009
3684
9009
2361
9009
3653
9009
3511
9009
6003
9009
8482
9009
1618
9009
8530
9009
1367
9009
8538
9009
3834
9009
8544
9009
3840
9009
3735
9556
8080
6905
9453
6905
4201
6905
5685
6905
9969
3998
3999
9795
7510
7943
2296
1779
1778
9316
736
2608
2451
3933
9683
5530
6786
5530
6969
5817
1863
5817
4362
7382
8907
7382
8906
2531
2530
866
863
10103
10130
3816
1891
8265
7368
566
371
566
239
9617
9261
181
180
8939
9726
8758
8217
8758
10209
8758
3712
8758
8150
8758
3998
5174
7905
5174
7865
7075
9733
7075
7083
531
456
531
633
2673
2435
6989
1551
7985
6783
4381
2038
5482
4117
5482
7755
9913
7699
9913
2570
9913
1421
9913
4383
9913
6757
9913
4120
9913
9041
9913
2110
9913
9925
9913
4837
9913
990
9913
2002
9913
2229
9913
2358
9913
9398
9913
7731
9913
2304
9913
2241
9913
3696
9913
1609
9913
7721
9913
9029
9913
1439
9913
9032
9913
1939
9913
2077
8013
8081
6113
3801
6113
2769
1353
1349
1400
1313
8881
7393
8881
8284
8881
5202
4616
3534
4616
7915
2340
2065
3904
9698
3904
9308
3904
704
1035
1034
1035
1026
1759
1707
5025
3385
5025
3379
405
435
405
393
7124
3008
7124
9168
7124
7161
7124
7148
5518
4129
5518
6405
7362
749
7362
10352
7362
6814
2907
2877
9404
7111
9404
9127
9404
5608
7712
1807
4298
4134
4298
6792
886
9524
886
885
9765
777
1770
1767
8243
8866
4540
5606
4540
1732
4233
1292
4233
1302
9554
10099
3824
8918
3824
770
3824
2117
8618
7859
8618
9491
8618
7031
3675
2025
5105
3796
5105
2479
7204
10171
9162
1412
8451
2516
2827
4195
2827
2696
9956
7860
9324
8362
9324
8361
9324
7428
4794
2219
4794
9050
5852
7822
5852
7763
977
952
977
978
651
652
651
385
6440
7711
6440
9054
8490
2423
5779
1726
5779
1816
7581
7762
7581
9456
7581
7003
4756
7581
4756
7614
2892
2888
2892
2889
191
4
1817
7725
1817
7722
1530
10073
1530
1529
592
372
592
550
592
230
10136
10174
7652
3114
1462
1474
1462
1450
2151
8004
2151
2144
7409
789
7409
787
7409
3629
7409
783
5330
2041
2190
8711
2190
2196
2190
4409
2190
8666
1320
1282
3235
3192
117
6937
4153
1518
6747
1518
3556
458
299
7561
1398
5759
4339
5759
4337
4205
4206
6674
9092
6674
7975
6674
8632
6825
7932
2771
2721
8413
3373
1277
1246
10283
8325
5770
3821
5770
1724
9182
9198
2528
2417
2528
2519
7757
3269
7116
7143
9954
1681
8630
3050
4875
9440
4875
2628
4624
1937
4624
1971
20
424
436
424
628
3123
3114
5318
1550
2113
7050
2113
6860
2113
6861
10134
9639
9513
10044
1482
1470
2935
5660
2935
2934
6340
2780
6340
6086
7237
10155
7237
7273
3341
3339
7956
10079
1860
10017
1860
7136
5573
9441
5573
9460
325
462
325
320
9545
9813
9545
9813
4279
9082
4279
8596
7607
2447
3970
7306
5257
10361
5257
3980
9822
3310
546
366
1869
7916
1869
7883
9235
8201
909
907
909
720
909
7497
7994
8741
4514
8504
4514
3511
3959
3911
3959
1154
198
197
7477
31
3324
3270
9602
8800
8827
7295
6326
4936
6326
2726
6988
10040
3162
3156
3162
3152
2451
2453
2451
2437
4327
1578
4327
5318
2618
2615
2618
2512
5450
4107
5450
4105
5503
4128
5503
4125
9508
6679
6019
2318
6019
5630
2314
2313
6842
6843
8119
7299
8119
9640
8119
8846
8119
9604
8078
10097
8892
8902
8892
8902
6178
5663
6178
7615
1628
7273
1628
8789
4641
7693
4641
7710
7268
5198
2490
2465
2490
6822
2490
8726
2490
9171
4392
2296
855
8959
5491
9088
5491
3495
8256
3947
8256
8282
8256
3948
9921
1272
9921
5944
9921
7805
9921
5314
9921
7771
9921
9840
9921
3472
9921
9433
9921
3545
9921
7747
9921
10005
9921
1725
9921
3564
6426
1402
6426
1393
7350
678
7350
10283
7403
22
4606
6873
4606
1935
3979
10361
4270
989
4270
5463
9123
9131
226
225
776
775
4957
2768
4957
2803
1733
1666
9341
10388
8935
793
8935
8347
7391
684
7391
8310
7391
688
7908
7031
1880
1624
1880
7253
1880
7238
1798
7048
4259
7771
4259
975
1209
1189
3841
7879
3841
6999
3841
4148
8294
8303
8294
9314
7831
957
25
1346
1349
1346
943
6736
1662
10177
673
10177
8251
1423
969
9987
1706
7288
6769
4476
3622
2406
8067
2406
10069
2630
2619
2032
2011
5631
7903
2099
2089
8528
7913
8528
4160
8528
7010
3182
3176
6968
7029
9683
913
9683
7405
1039
8100
1039
10208
1039
9178
55
2413
2411
2413
2398
5708
7896
5708
4213
8771
8127
9083
1362
2242
2150
5544
1467
5544
4140
8915
10289
1587
1586
3978
9692
5219
5220
5219
5220
2546
5648
2546
10047
1302
1281
2723
2669
2723
2717
1229
3961
1229
1212
1868
1842
348
311
348
347
7811
2624
9919
1956
8667
8696
9797
9293
9797
9294
9797
8871
1713
10123
8849
7321
8849
10287
3097
3070
3097
3100
2610
6082
5458
7760
5458
4114
2012
1977
2012
2009
5611
1894
3805
9374
3805
8431
3805
7583
3805
2902
3805
7597
3805
2579
3805
2730
3805
5679
3805
7577
3805
2787
3805
9026
3805
2218
3805
7594
3805
7574
3805
3024
3805
7585
3805
2467
3805
8418
3805
9376
3805
2711
3805
3263
3805
3607
3805
5616
3805
7586
3805
7573
3805
9375
3805
4212
3805
7587
3805
2070
3805
7593
3805
6475
3805
3119
3805
3386
3805
5661
3805
3745
3805
2311
3805
9373
3805
2260
3805
2556
3805
3788
3805
8424
3805
6904
3805
7571
3805
5699
3805
6906
3805
7578
3805
2240
3805
2597
3805
3046
3805
3064
3805
8414
3805
3288
3805
2988
3805
1992
3805
7592
3805
8413
3805
2113
3805
3341
3805
3182
3805
3837
3805
3360
3805
8425
3805
9381
3805
3413
3805
2341
3805
7589
6980
7972
6980
7971
7269
7363
7269
10277
7269
3941
7269
3940
7269
7342
6159
7587
6159
7589
4094
1225
4349
6933
4349
3825
440
355
440
614
440
287
8059
7176
2433
2429
2433
2407
5387
1236
5387
6948
3022
2976
3022
3020
4056
4057
8366
9731
2498
2157
2498
2507
8157
10223
6716
9318
6716
8299
6057
6058
1620
823
1620
1619
1620
8330
7260
9325
6170
4433
6170
3325
8782
10115
8070
5210
3171
3149
10243
682
10243
10278
10243
8274
1942
1891
9628
7341
9628
8243
9628
10245
9215
10203
9215
10232
9215
7255
9215
7259
8687
8705
4278
1421
4278
1439
929
10161
929
8091
929
9804
1002
995
7358
858
7358
3660
4919
2535
4919
2553
1751
10035
1751
1717
1751
5322
1751
5321
4534
7874
4534
6759
9063
1744
10333
852
10333
3661
10333
8904
10333
853
82
1567
1536
1567
1583
9767
8961
7900
3605
1888
6409
1888
8092
1888
6723
1888
1889
7853
1651
1790
1664
5194
5195
2334
2300
9045
9439
9045
7773
9045
6851
8386
7647
8386
1182
6969
1444
7280
10274
2693
2681
2693
2687
7095
1487
6804
6662
6804
9943
9615
8201
8762
1205
5700
6693
5653
2431
8520
1803
2701
4419
2701
2684
6960
7880
8079
10120
8079
10120
6179
7610
6179
5663
5156
7647
2638
2515
5367
6919
5367
9457
8433
2863
4884
2562
4884
9408
9947
1920
7047
10025
7136
1744
1593
1590
1593
1589
8610
7871
9097
7943
2849
4421
2849
2872
9643
9273
1538
5226
1538
8056
1538
1522
9171
9188
2782
2781
5889
1957
1601
1539
1601
4155
8498
3297
6448
3412
6448
8554
9022
1226
6596
8650
6596
3123
2133
9580
2133
7155
2133
2134
2133
8051
5393
1231
5393
1253
9432
9480
8723
971
1176
1169
8546
2793
333
559
2915
3603
2915
2875
9538
9206
7217
8812
7217
7260
7217
10215
3083
8767
3083
8719
3083
4053
3083
4055
3083
4056
3083
9538
6685
3657
6685
884
7689
1748
5401
1273
5401
1254
3664
9997
3664
9997
1471
1469
1328
976
2667
8236
2667
6855
2667
3988
6305
2660
6305
3818
6554
7792
6554
5632
5338
5339
2198
3409
2198
2160
2198
7995
1925
1919
1925
1922
10150
6681
10150
8215
10150
3941
10150
5228
10150
3940
113
2762
2760
2762
2685
10215
8240
10215
5187
8693
9539
8693
7096
1837
1753
1837
1697
3045
3025
6643
7651
6643
2779
1510
1494
1510
1507
4864
2616
7572
7002
8638
3590
8701
2231
5778
4345
5778
5600
2520
2418
2520
8071
5521
1420
5521
4132
7719
953
3684
5657
3684
6991
3684
4192
5310
1342
1646
6409
1646
3402
1646
8072
1646
6723
9585
9222
9585
7201
9585
672
9930
6080
9930
4905
9930
6994
9930
5918
9930
6081
9930
5650
9930
6092
9930
7862
9930
4059
9930
4458
9930
3183
9930
3813
9930
5645
9930
4475
9930
2780
9930
6086
9930
5653
9930
2840
9930
6282
9930
4412
9930
2620
9930
4922
3215
3213
2687
2691
2687
8124
2687
8123
2687
7226
10228
10276
6917
7887
706
9746
3555
3830
6348
4937
6348
2784
10348
7414
10348
10371
7429
7492
6005
4396
6005
4411
7502
6868
7502
3879
10393
878
10393
881
10393
869
10393
875
3439
9988
3439
7012
3439
5654
2225
2195
2225
2226
66
127
6665
9838
3063
7142
3063
3053
184
183
9597
7233
7100
3408
7100
3408
996
922
7053
6412
7053
8013
7053
3852
2655
2444
763
7489
3713
2724
534
400
534
459
4242
1340
4242
8423
1375
8679
1375
1376
1375
5212
1375
7994
954
7145
954
929
9368
998
5586
3516
5586
4151
277
46
4549
1820
4549
3700
8232
3426
8232
3736
8232
8265
516
438
3587
8137
3587
9221
3587
7208
3587
3514
3587
8138
3587
9612
8299
8317
8299
7494
1978
1975
1978
1976
3868
2007
4445
7674
4445
7679
818
7534
5695
3817
2584
9175
2584
2463
2584
8110
2584
10096
2056
9559
2056
2064
2056
9192
3620
3715
3620
7261
4463
3284
4463
3290
4688
2080
4688
2045
6879
9649
8950
7513
8950
7502
9003
1049
9003
2630
9003
1058
76
6752
8260
6752
3934
6752
8872
6752
3933
7895
7948
10046
2091
10046
10125
10
1062
10186
1062
8101
1062
1074
1062
8048
1805
1776
1805
1804
4012
7112
4012
8707
4012
9532
4012
3878
6941
3173
6941
8578
6941
7737
6941
3832
6941
9462
6941
1874
6941
6692
6941
8625
6941
7850
6941
8550
6941
2670
6941
8604
6941
8626
6941
8569
6941
8552
6941
8589
6941
3366
6941
7849
6941
7735
6941
8548
6941
8616
6941
7784
6941
3086
6941
7746
6941
5890
6941
9084
6941
3850
6941
8553
6941
1790
6941
8546
6941
8555
6941
8593
6941
8620
6941
7745
2349
2343
2094
7116
7335
3987
745
7504
8991
3669
8991
1096
8991
1107
288
9
9388
7813
9388
1800
9388
8570
9388
9444
9388
9446
9388
9979
9388
8571
9388
9466
9388
8558
9388
3669
9388
9443
9388
7836
9388
9452
9388
8568
9388
1096
9388
7790
9388
8561
9388
9465
9388
7803
9388
1392
9388
9438
9388
3412
9388
7848
9388
1178
9388
9430
9388
1121
9388
1144
9388
1107
9388
1255
9388
3769
9388
3576
9388
2216
9388
9459
9388
8557
9388
1210
9388
8576
9388
9440
9388
8554
9388
7799
9388
1297
9388
7828
9388
1400
9388
1277
9388
5631
9388
3751
9388
1197
9388
2074
9388
7756
9388
9450
9388
9434
9388
9436
9388
7776
9388
3803
9388
2586
9388
7796
9388
8628
9388
2628
9388
8567
9388
6083
9388
7830
9388
1232
9388
7797
9388
1321
9388
3826
9388
1165
5566
3809
5566
1557
3567
657
3567
7360
3567
7370
830
7506
830
828
4820
2253
4820
2325
1296
1263
3790
1651
3888
28
9567
9176
2564
2497
6657
6919
6657
6943
6657
7714
6657
6922
6657
6929
6657
3447
6657
6920
6657
6931
6657
6944
6657
6921
6657
6930
6657
8527
6657
9421
6657
4511
6657
7730
6657
6935
6657
4526
6657
6937
6657
6917
6657
6936
6657
6926
6657
6940
6657
5547
6657
6934
3942
3944
1254
1239
7999
3303
2278
2197
5435
7769
5435
7767
7932
8677
7932
9516
7774
2175
3751
1831
472
425
7011
7040
783
782
9473
2869
3139
3137
3139
8026
10199
8227
10199
3974
10199
8810
10044
1545
1082
1073
6870
6781
107
9250
9727
9250
872
9303
7408
9303
5184
9303
745
171
118
5725
8466
5725
7626
4334
3842
4334
1584
8344
7465
6859
9858
8834
7327
4668
9918
4668
1989
4483
6477
4483
3279
3337
3329
7241
3581
9291
12
5112
6081
5112
6282
3538
3900
2950
2944
2950
3276
2950
3611
2950
2951
3003
2987
3003
4010
8165
10174
8165
10174
5951
2051
5951
2066
7548
4355
7548
4362
6065
6037
6065
2581
3601
7078
5742
7832
5742
3654
5274
3152
2991
2987
2991
7107
279
47
602
620
602
470
602
298
10070
7156
10070
5269
10070
2820
10070
9565
6213
3377
6213
3369
4846
5642
4846
7641
5990
2364
5990
8618
3593
3800
3593
8340
3593
8937
3593
763
7224
9794
7224
895
652
653
652
559
3471
1055
3471
1116
3471
1500
3471
3765
3471
1233
3471
1810
3471
1198
3471
1926
3471
1037
3471
975
3471
6667
3471
1015
3471
997
3471
9921
3471
5310
3471
3555
3471
4151
3471
1163
3471
1079
3471
1386
3471
9908
3471
4135
3471
1143
7454
36
1664
9814
1664
1696
6372
8477
6372
7680
8655
1919
4198
7021
8321
49
3925
3927
692
691
386
26
8584
968
4133
1449
6043
7798
6043
2563
8143
3394
8143
9239
8143
8157
7496
7506
7496
8361
7496
7501
7496
9729
4637
3436
4637
7853
9875
9895
9738
64
3368
3355
3368
3372
3303
3357
3303
3301
3250
3193
4799
5627
4799
2268
722
721
4732
2108
4732
7614
6251
6692
6251
7779
301
23
7189
7221
7189
9224
7189
10199
161
82
6472
3646
6472
3770
5355
8468
5355
3019
4974
2930
4974
3588
10350
8304
10350
7402
9139
9556
9139
10062
9139
9151
5913
8551
5913
8575
797
7519
3291
3177
9337
839
6085
6087
2834
2830
2834
5337
6290
4891
6290
2613
8185
874
8185
875
7847
2085
5836
7761
5836
7793
3510
6755
629
456
629
483
3837
2756
9858
8656
9858
9500
6602
4490
6602
3123
5098
9026
5098
7574
6924
1550
6529
3539
6529
8613
8564
1574
4422
2858
10328
5192
10328
3533
10328
7480
1555
1544
1555
1546
3388
9484
3388
9483
1439
1428
4225
9061
4225
6060
4225
7717
4225
6884
4225
5633
4225
3728
4225
7643
4225
2535
4225
7702
4225
2523
4225
9417
4225
4869
4225
7647
4225
1182
4225
4318
4225
9062
4225
9386
4225
4923
4225
6918
4225
3577
4225
3449
4225
7625
4225
6933
4225
3825
4225
2602
4225
3532
4225
9403
4225
9411
4225
9938
4225
2553
4225
7688
4225
7669
4225
7607
4225
7719
4225
6789
4225
6768
4225
9426
4225
3459
4225
9406
4225
7707
4225
5644
4225
2215
7636
3091
5647
2190
1684
1543
1684
7066
4497
3111
4497
7636
9785
8213
9785
8210
3646
2288
1023
1013
5033
5685
5033
6708
5933
2073
5933
3415
9995
2246
9317
818
2814
3723
7540
1597
5816
7689
5816
1826
10084
10095
3530
6670
3530
6671
3530
3529
6481
3175
2739
2652
2958
9254
2958
8830
2958
8839
2958
10175
5243
7193
867
8367
3817
3124
1675
1547
569
638
569
190
569
473
1824
7923
1824
9985
9652
8241
4712
2074
4712
7830
480
290
5998
2301
5998
7781
230
229
8025
10143
6125
9476
6125
9473
7616
3316
3369
3318
4190
7291
402
633
5013
3361
5013
6981
4985
9036
4985
3870
6509
1756
6509
3792
3360
3315
1183
9024
1183
1151
8174
8194
3462
6874
4151
1574
6361
3740
6361
3840
6074
9504
3076
3040
3076
3078
5265
10195
6233
5679
6233
7586
9965
4163
9965
9815
9965
8106
3258
3244
3258
3254
4943
2763
4943
9030
8575
1961
1145
1130
3518
6034
5904
9986
5904
7954
251
250
2906
2882
2906
2898
10086
9639
10086
8204
6298
2481
6298
7672
2205
2162
7152
8108
6461
1709
887
886
9713
9338
9713
6378
1163
1150
3380
8677
3380
7115
3380
9530
4113
1330
6381
7424
6381
9325
6381
5187
3482
3483
4617
7694
4617
1942
5285
1031
5285
6929
5090
6080
5090
6081
608
379
608
625
608
179
8505
1514
4965
2876
4965
2880
5051
2312
5051
6003
7704
1792
7108
10098
4592
1759
4592
6736
5415
1295
5415
9076
3869
3560
3869
7419
7912
1244
1959
1946
1959
1944
9369
9019
7031
2292
6507
5603
6507
4361
103
9076
1282
810
7526
4527
7843
4527
4526
3860
3946
3860
8886
3860
3945
3860
10252
3860
6871
1970
1949
2279
2197
9745
141
9360
4107
9360
4102
1364
1351
1364
10100
1364
1360
1071
1060
8958
161
4314
7861
8739
10161
6789
964
4680
5885
4680
1987
642
256
8814
7254
3628
1890
3317
3356
3317
3257
1122
1109
5199
8288
5199
9714
5199
830
5199
3958
410
645
410
461
5132
3789
5132
7909
2392
3397
2392
7282
2392
7192
2392
8122
10201
8278
10201
8267
9802
1001
6577
2626
6577
9479
7785
2793
10057
10065
10057
10065
10252
10275
1197
1185
2327
2266
901
900
8212
10279
3880
7716
3880
6911
3880
9058
3880
2093
3880
7729
3798
8368
4828
2216
4828
7756
1841
1839
2259
2251
6619
4892
6619
2608
838
833
838
7501
9380
1489
893
9588
893
8107
2505
2507
2505
2158
1979
1976
1979
8748
1979
8749
1979
9578
7743
2890
2270
2183
7526
111
3733
3943
3733
8875
3733
7269
3733
3942
6142
4424
6142
3202
9258
10202
8042
8091
4099
1267
4099
1256
10311
8928
10311
8932
4669
9442
4669
9078
4032
4033
4032
4033
6878
9804
7765
7864
7315
6750
7315
6749
1384
9025
1384
1374
4660
5614
4660
2032
8373
99
8906
792
8906
7469
8906
3702
6407
1549
3423
8269
3423
8269
4406
2385
4406
2359
2575
2496
9115
8011
4178
7995
527
410
4019
1033
672
9309
6392
5189
6392
9732
3491
9854
582
627
582
211
7476
827
7476
814
7476
6856
7476
822
7476
832
7476
6872
7476
808
7476
811
2735
8126
2735
2668
2735
8779
8826
9273
9877
8430
9877
8432
9706
7498
6327
8560
6327
8555
3450
6681
3450
8230
3503
7026
4326
8606
4326
9065
3352
3296
4831
2310
4831
6741
7180
3783
1415
6984
1415
7056
1415
7963
821
7531
5294
1114
5294
1101
6632
5087
6632
8492
4908
3796
4908
9401
6699
7580
37
5959
2112
5959
2076
3573
7939
7957
9541
2425
2403
2425
2426
7606
2992
2971
6391
650
651
650
386
5256
9809
6279
2563
6279
4864
5970
2111
5970
2369
3631
7142
2142
7200
2142
3496
7641
2521
322
397
9704
8343
9704
3742
5078
9478
5078
6071
3708
2832
1202
1168
1202
1201
5119
9991
5119
2659
1129
1127
1129
1115
1347
935
1347
8054
1347
8070
1347
5209
6737
1802
4477
6419
4477
3794
247
39
9787
910
9787
10286
2407
9758
2407
2392
6492
8463
6492
7636
7169
5224
7169
10142
7169
10222
7169
9597
7169
8129
7514
740
7514
8954
7514
742
7028
7077
8442
10041
4994
3267
4994
3321
2840
7026
2840
3505
6259
9042
6259
2342
5841
8516
5841
7704
8257
10345
6427
4103
6427
5308
10122
10305
10122
8187
10122
8798
7160
1477
4607
6873
4607
3790
9721
725
9721
8360
9721
8363
140
83
3271
3253
3271
8746
3271
10085
777
87
4956
2808
4956
2768
6270
2633
6270
2568
5979
6956
5979
3844
6813
6377
6813
8358
6813
9776
6813
10387
6813
9722
6813
10390
6813
918
6813
9721
6936
7880
9834
3874
9834
6080
9834
7870
9834
8642
9834
5918
9834
8633
9834
6081
9834
7882
9834
8649
9834
9091
9834
2109
9834
7865
9834
4475
9834
6085
9834
9993
9834
7873
9834
7893
2074
2019
6768
6082
2361
2348
8971
5918
8971
4059
8971
1927
8318
9707
8318
3490
1058
1048
8425
2778
7624
2175
7875
3061
7875
9974
7875
6477
7875
9991
7875
3147
7875
2287
7875
3377
7875
2784
7875
2332
7875
2582
7875
3196
7875
2627
7875
4425
7875
2811
7875
5341
7875
2328
7875
3321
7875
3802
7875
3126
7875
3031
7875
3235
7875
9967
7875
7929
7875
2380
7875
3279
976
952
976
953
3779
3780
3779
3381
9595
8152
9595
7243
9595
9214
1933
7924
1933
10006
4757
9039
4757
9042
3115
3066
3115
3116
1816
4157
1816
7885
1816
7900
503
203
503
613
9352
5603
9352
4579
5824
9081
5824
9464
10306
7328
10306
7313
5675
3288
5675
3182
2125
8181
2125
10274
2125
9675
2125
8882
2826
2696
2826
4420
4561
3753
4561
1871
3852
8081
1395
1313
1395
1348
1998
5615
1998
5889
9756
166
8735
8058
6890
3414
2381
2355
6788
3583
6788
8889
8840
8236
8840
8255
2442
9998
2442
2410
2442
7089
8330
834
8330
9714
490
372
490
233
4340
4342
7236
10178
7236
10228
7236
9645
6851
10013
9271
8267
4409
8105
4652
7791
4652
9084
9836
8511
3770
2330
9565
8770
1276
1244
2233
8722
2233
9829
2233
4177
10304
9772
10304
6734
4581
3665
4581
1759
7756
2263
7117
7123
9449
1689
9754
159
3759
3095
1904
1689
7794
1509
709
706
844
843
8105
9598
6205
7844
6205
6972
2298
2294
2298
2280
6522
3705
6522
3554
8962
168
7004
9511
7004
10014
4502
8457
4502
5344
2372
2062
5664
3212
4429
2891
2666
8236
2666
8237
2666
7347
2666
6855
2666
3988
1091
1080
1091
1089
6769
3928
6769
3904
4305
7848
4305
3826
6597
8453
6597
7654
10055
8755
9282
8294
2043
9892
2043
3577
10293
8300
10293
9306
10293
9315
8547
1558
1177
1169
1103
898
1103
1102
1103
8778
1050
9184
1050
738
1050
8365
1050
10208
8310
9713
6760
6705
6760
8277
7216
3420
7216
9626
7216
10269
7216
10306
7216
10256
3223
3218
1951
5325
1951
4166
1951
7047
1951
8686
1951
4369
7339
7378
802
7527
4719
2107
4719
7770
2065
6412
2065
8706
2065
8013
2065
3852
729
9753
9054
1331
9389
1363
10405
91
1742
1678
1742
1739
10369
9701
10369
9324
3889
29
7864
2227
4572
8520
4572
3834
1990
1928
9747
133
2213
2204
7046
9537
7137
5337
9451
9482
9451
6862
9850
1734
9096
9522
9096
9132
9096
9158
5555
4142
5555
9032
7304
3981
7304
8263
7304
3982
4348
3785
4348
8509
10368
752
10368
755
10368
3480
9262
711
9262
7516
563
461
563
326
8338
766
5439
8614
5439
7738
289
288
8848
7396
8848
3977
6898
3001
8401
1943
6780
1689
4005
8172
4005
10177
4689
3777
4689
2032
8982
2598
8982
1085
8982
1065
10263
6779
10263
909
5684
3279
5684
5667
1647
1640
1647
1628
6833
7381
6833
10323
2595
2578
2595
7106
2686
8829
2686
9245
2686
8203
2686
7261
9730
7524
6916
7001
6916
7765
707
706
8393
2081
2923
2857
2251
2247
2251
2234
3521
10201
8715
8734
8715
8734
3778
2306
2290
2294
2290
10038
2290
2101
2290
2102
10078
3673
2085
7964
2085
5330
2085
4171
2085
2083
396
172
1913
3783
1913
1907
873
8370
7884
3605
7884
4158
1836
1697
1836
1814
3135
6995
4057
3077
4057
3621
8367
89
8156
10150
6056
6057
6717
8270
6717
6716
5079
2523
5079
2602
3389
3309
3389
3387
3389
7020
3054
3030
3054
3053
4170
1993
4170
10120
4170
9818
4170
8079
9223
9248
661
9569
3096
3068
3096
3069
5805
8603
5805
9070
3611
9608
3458
5186
3458
10327
3458
7391
278
277
4159
4160
6094
2810
6094
2797
6349
2763
6349
4939
8194
6745
8194
9660
6583
5660
6583
4425
5386
1236
5386
6920
1109
1093
1109
1111
8666
9133
9719
9344
421
432
421
375
9424
2646
4900
7799
4900
2628
4853
8550
4853
2472
9997
9810
7188
7263
2962
10139
2962
2960
3544
10012
5978
6956
5978
2335
7534
132
7919
7970
7919
3469
1586
1577
1586
1498
2547
2422
9693
3734
9693
9702
1695
1637
1695
7171
1695
8771
1695
1655
3282
7939
3282
5276
2715
7960
2715
2649
681
8352
3700
1827
5070
2525
5070
6061
3653
1593
5157
3850
5157
7821
6563
7772
6563
7802
5366
6930
5366
9086
8923
8925
4179
8115
33
8387
1384
9135
8755
84
1725
4346
5059
6712
5059
3689
194
14
373
270
373
536
2848
2847
2848
4421
1566
1536
1566
1564
7020
9822
3262
3248
9967
2646
4811
2268
4811
5628
1435
1422
1435
8019
1435
5220
1435
5219
6278
2562
6278
4863
9426
4255
8219
6752
6449
7841
6449
8547
8686
6653
8686
6653
8595
1427
6612
2570
6612
6061
9663
10290
7168
8809
7168
5260
7168
8773
7168
3396
7168
4186
7168
3403
2982
670
2982
9563
6545
5626
6545
7666
576
520
576
195
576
427
1079
1067
142
3142
3120
3142
3140
9233
8843
9604
3493
9604
3468
10265
1027
10265
9586
10265
894
9298
7385
4661
5613
4661
3566
4404
9446
4404
7790
7248
2017
7248
9817
7248
3563
7248
3971
189
188
5575
7836
5575
9452
1386
1382
5109
2585
5109
8490
3407
7051
6862
6863
8904
847
900
9267
900
897
853
851
9824
1265
3881
8416
3881
7572
3881
3880
6417
3177
1840
1792
9381
7001
9381
7765
9381
3498
8002
8728
5505
8515
5505
8529
7524
106
7929
3003
7018
10031
3758
2522
3939
6666
2271
5631
2271
7756
1070
1060
11
8816
9653
4681
4613
4681
7819
10053
8750
1366
1337
8933
8341
4316
1515
1157
8702
1157
3959
1157
7087
1157
9543
10295
9272
10295
6389
6317
9061
6317
4923
6882
4132
6882
2372
8998
1006
1059
1035
1059
9012
1735
1718
1735
3755
4009
7594
9125
1545
6749
3591
6749
842
6948
4091
7405
850
7405
3661
7405
10362
9606
1622
2352
2353
2352
2283
553
274
2415
2396
2415
2397
395
299
7030
10056
8229
10314
9826
10102
8302
7426
8302
8923
8302
9702
811
810
1425
972
1425
1422
4239
1303
4239
1399
4552
3665
4552
6740
3861
3784
3861
2005
1971
1949
590
622
590
231
590
550
9361
1305
9074
8641
4419
3731
4419
10064
4419
8112
4419
10103
3381
3107
3381
1808
3381
2658
3381
3118
3381
2253
3381
3613
3381
2876
3381
3698
3381
2104
3381
2542
3381
9857
3381
4489
3381
6810
3381
5342
3381
6830
3381
6072
3381
3284
3381
5662
3381
1895
3381
4778
3381
6832
3381
1785
3381
2810
3381
2797
3381
2729
3381
2561
3381
5649
3381
3265
3381
5873
3381
3763
3381
2919
3381
3810
3381
3777
3381
2636
3381
3143
3381
1796
3381
5614
3381
1988
3381
6837
3381
3333
3381
2382
3381
1737
3381
1760
3381
3087
3381
3306
3381
5612
3381
1859
3381
2214
3381
5697
3381
2752
3381
2325
3381
3108
3381
6826
3381
4431
3381
3237
3381
5343
3381
3336
3381
2771
3381
2032
3381
1868
3381
3223
3381
3290
3381
2368
3381
2880
3381
3348
3381
4474
3381
2491
294
556
294
641
6599
8562
6599
8548
6380
677
6380
7439
6380
678
6532
3857
6532
2114
1442
1447
1442
1416
10372
768
10372
3565
10372
9316
5091
7665
5091
8497
5177
9749
9717
840
7706
7801
73
3673
7222
3673
2209
3673
2171
5103
2549
5103
3726
5050
2207
5050
6003
9665
8259
4802
7889
4802
3494
719
718
4729
3844
4729
7847
3233
7023
3233
7068
3233
7016
6258
9472
6258
6982
9142
1643
7192
8261
7192
3986
7192
2401
7192
10226
7192
8246
6469
2063
2904
2900
9407
2434
3907
9756
9851
4373
9851
7944
9851
3433
9450
2008
7127
4037
3298
3300
3298
3185
5906
5907
6460
1605
6460
4151
8328
859
8328
860
587
228
587
224
587
624
178
177
4191
8067
6369
7865
6369
2937
7614
2061
528
462
689
7417
3478
9158
3478
9158
8415
6938
6823
6975
3361
3316
3074
3059
3074
3076
4203
3176
4150
1573
6360
6733
6360
2792
9731
92
4707
2104
4707
3777
4077
1161
4077
1172
8176
2667
8176
4190
6076
2539
10132
10145
9695
1620
9695
818
5814
7768
5814
1809
3608
2274
2933
3795
2933
5613
2933
9385
2933
9394
2933
2801
2933
1784
2933
6581
2933
5894
2933
9416
2933
4354
2933
6846
2933
3753
2933
9402
2933
8486
2933
1615
2933
3767
2933
9397
2933
8438
2933
9981
2933
9060
2933
2562
2933
9396
2933
9400
2933
8536
2933
8474
2933
9420
2933
9408
2933
1380
2933
8499
2933
1581
2933
3604
2933
3648
2933
3866
2933
8483
2933
9413
2933
9387
2933
9419
2933
9410
2933
1266
2933
4894
2933
987
2933
8507
2933
1862
2933
1300
2933
1871
2933
4863
2933
3645
2933
6673
2933
1354
2933
9391
2933
3566
2933
8478
2933
9404
2933
3675
2933
2334
2933
3530
2933
2279
2933
9389
2933
3758
2933
4316
2933
3644
2933
8439
2933
2324
2933
9422
2933
1318
2933
7588
2933
8491
7541
1733
5958
2110
5958
2077
5739
4316
5739
3644
6480
3175
3531
10366
2816
2745
2115
4698
2115
9116
2115
9158
9952
1928
1826
9537
1826
7968
3125
3145
3125
3113
4873
3863
4873
2632
2998
8707
2998
9532
347
391
347
404
3479
7346
3479
7379
4457
8496
4457
3382
9434
2186
6926
4091
9729
824
9729
822
8566
3125
6388
6387
6388
9318
6388
7494
5058
7637
5058
7641
1595
5317
1595
1604
2647
2541
222
457
7634
4487
7634
3674
7634
8586
139
1686
1525
1686
1665
3644
1488
8435
2869
3251
3250
1923
1983
1923
1922
757
3892
6250
3119
6250
5699
6303
8479
6303
2653
7067
4418
4976
3203
106
8277
7478
263
262
3085
4053
3085
4055
3085
3102
3085
4056
6683
3384
6683
3109
6683
6910
6683
6662
6683
5663
6683
7581
6468
2062
5834
9037
5834
9035
3290
3177
2913
2845
2913
2856
6291
8500
6291
8497
8725
8115
7149
8116
3511
1488
2836
7174
2836
10195
2836
2643
2135
9648
5395
8612
5395
6926
3470
7570
3372
3357
3372
10074
7226
7250
7456
7468
7456
7470
1666
1668
1666
10043
1666
7030
1666
9520
542
177
8320
8366
3459
1473
3043
3052
3043
3038
6645
7882
6645
2840
7494
3893
8695
6467
6512
7715
6512
8530
8586
7015
6368
7628
6368
2870
9436
2168
4158
3755
6663
8931
6663
7470
6663
3872
6488
4212
6488
6906
2951
7230
3065
4004
3065
4006
3065
4005
3065
2962
2223
2152
2223
6470
77
5950
9420
5950
3675
6003
2204
5276
7135
2742
2662
9849
1598
7977
8701
7977
8701
3600
3058
3553
7428
3553
6872
3553
1620
2990
2986
5991
6884
5991
7643
4709
2108
4709
2073
3213
2910
3213
3204
7087
7139
4844
8583
4844
8553
4672
8568
4672
3576
4102
1364
1715
9609
1715
10123
1715
7215
1715
8143
4029
10151
6139
2928
6139
9489
8039
1279
8039
1314
6871
10373
6871
10311
9251
8829
9251
10234
8836
3945
8836
8890
9477
7019
9477
3404
9477
2751
2725
2715
8913
8916
8913
10367
7240
7274
4336
7717
4336
6933
9290
7448
9290
7369
8346
3507
8346
8940
9085
1369
6337
7845
6337
7785
1294
1263
8209
8853
2566
2501
831
7528
4821
5633
4821
9411
1848
1700
5564
9848
5564
3814
3791
2901
908
907
908
731
6622
8499
6622
4894
2262
2245
2262
2182
7776
1709
2435
2405
2435
2406
9563
2981
8647
8672
3803
1956
3750
1978
1256
1226
7010
9103
6697
1793
1982
1983
1982
1972
6792
1463
3621
4004
3621
10139
3621
4007
8742
2664
7855
3535
7855
4803
1119
7212
1119
1136
1119
8149
1119
902
5202
5180
5202
1991
2054
8765
2054
4169
2054
9584
2054
9189
2389
8821
2389
7319
2389
4189
2389
10189
5129
2741
5129
2673
636
427
636
456
636
194
636
455
9065
1562
8951
721
1078
1067
1078
1080
6727
10018
5347
3014
2096
2052
2096
3845
10208
1038
10208
895
9213
10241
6940
7871
8990
1125
4589
1872
4589
1758
994
8738
994
10340
994
993
994
8027
3872
806
3872
9718
7909
3483
7909
5656
7038
1639
10376
3610
10376
7443
9372
9377
7101
3631
1962
9104
1962
5324
1962
4371
1962
4370
1962
7918
5655
5656
9720
883
2586
2558
6437
7733
6437
8567
956
940
956
951
7093
3156
2695
2644
2695
3587
5584
9069
5584
8564
9593
7224
1547
4146
1547
1541
1547
3407
2282
2193
2282
10054
2282
8734
2282
8715
9043
2890
4777
9492
4777
7877
5848
9444
5848
7776
8439
2833
10343
9304
10343
9695
6489
4211
6489
3089
7172
7201
7172
9603
9667
9681
6262
2205
6262
3547
10398
9346
351
308
351
405
7021
3271
8555
2716
1564
1526
1564
1568
4810
2299
4810
7644
4537
1722
4537
7795
9728
5177
3278
3277
5982
2383
5982
2369
7485
7488
7485
719
8684
7084
9963
1031
9963
1404
9963
1290
9963
1385
9963
1377
9963
6939
9963
1436
9963
1320
9963
1276
680
7448
680
3895
680
7446
680
7447
2139
5252
2139
8097
2139
2126
5364
7619
5364
7621
5715
7630
5715
4505
5071
6060
5071
2523
3701
2751
7648
2786
5122
9496
5122
7902
1199
1160
618
401
1132
1120
1132
1105
3638
8345
3638
8935
6807
9936
6807
8422
6807
9019
10200
8860
3693
7935
3693
2572
3693
3647
2337
9490
2337
8694
5197
859
5197
7499
9715
797
330
329
4901
6035
4901
2638
7465
19
1655
7177
1655
7179
1655
10159
1655
10122
5962
6466
5962
3672
9697
7479
9697
9703
828
827
6629
6092
6629
4922
8664
3424
6702
2038
4838
9990
4838
3545
4893
7935
4893
2572
4893
3647
2978
7331
2978
6391
3546
2013
3723
3828
3723
6659
6282
2595
5547
4139
7536
1173
9993
2147
1584
1575
607
619
607
273
607
553
10351
8920
10351
7442
4022
1184
669
14
3056
3036
3498
7942
4171
10068
85
8154
9279
6389
8250
6389
744
6389
10346
6054
2570
6054
2468
4097
1244
660
6
3610
2116
6096
2753
6096
8437
8196
8831
8196
9682
8196
10359
2805
2794
5384
1250
5384
1233
3094
3068
3094
3067
7443
785
3349
3297
3433
1888
2250
2225
2250
2235
2303
6951
2303
7977
4588
3776
4588
1849
5923
4376
5923
3687
4867
2211
4867
2237
1243
5190
1243
3912
1243
1242
3520
3537
2291
10059
7886
1048
1834
1835
1834
1791
3762
2830
3762
6664
3762
3392
3762
2852
712
9745
6135
2909
6135
3827
8035
924
8035
9209
8035
3963
8035
3393
4045
7229
4045
10089
4045
8792
4045
1880
10062
3845
2555
2431
10338
10342
10267
10305
7306
7343
7306
3951
985
9512
8400
1906
2439
2438
2439
7168
8353
779
6781
7237
2388
6387
2388
8317
2388
756
4063
1066
4063
1055
1013
1011
1013
1004
2684
2642
2684
2683
5595
1675
5595
9065
4412
2187
6914
3219
5183
7471
5183
765
4215
3019
9278
7447
9278
9656
3687
1932
1265
1249
1265
1264
5686
7947
5686
8684
4649
1966
4649
7783
6858
9858
9743
1572
2003
7197
2003
1915
1950
1963
1950
6653
1950
8686
1950
4368
6223
3354
6223
3294
10069
10166
10069
8795
10069
5334
10069
5262
10069
4190
10069
8145
7866
10050
7866
7154
7866
8012
7866
2850
3782
6840
3782
6842
3782
6839
943
3822
943
930
443
487
443
324
9056
9081
9056
1379
9056
9442
9056
8590
9056
1613
9056
1181
9056
8615
9056
2625
9056
1304
9056
9455
9056
1216
9056
1180
9056
9088
9056
1671
9056
1801
9056
9464
9056
9080
9056
1252
9056
8591
9056
1288
9056
3495
9056
1191
9056
2524
9056
2537
9056
9082
9056
3756
9056
1757
9056
9078
9056
8607
9056
9079
9056
2364
9056
3524
9056
1818
9056
2320
9056
9441
9056
8594
9056
5554
9056
8622
9056
4136
9056
8629
9056
1230
9056
2677
9056
2044
9056
9460
9056
9064
9056
1396
9056
1275
9056
3519
9056
1131
9056
9437
9056
8596
9056
8600
9056
9077
9056
8618
9056
9083
9056
8584
9056
5647
9056
1145
9056
9449
9056
9851
9056
9085
9056
6697
9056
2555
9056
3575
9056
8601
9056
2611
7044
2695
1991
9328
1991
8331
4568
1800
4568
9443
9349
9890
9094
9100
5145
8475
5145
8476
8805
8198
8805
8198
4887
2216
4887
9436
3849
6410
2664
2397
10092
3995
10092
9218
10092
8142
10092
5267
10092
7281
6557
2275
6557
2307
367
436
367
399
5163
6810
5163
2752
10297
9686
10297
911
1285
1286
1285
8098
7006
9811
7006
9811
1090
1078
3667
5607
3667
7868
3667
9094
5666
3319
5666
7603
7214
7234
1051
10186
1051
8048
1051
7150
1051
1050
965
961
965
962
8978
1938
8978
5884
3915
10292
3915
908
8311
859
8311
7418
8311
856
2368
2331
6761
4890
6761
9910
6761
7715
6761
2609
6761
7690
6761
7718
6761
3653
6761
3511
6761
3834
6761
8544
4083
1221
3771
3328
7754
9849
515
207
515
629
3528
8339
3528
841
3528
9337
4580
7967
4580
9517
1274
1258
2258
2232
2258
3706
2258
8740
8283
42
846
845
10071
1260
10071
1243
6677
3742
7796
1508
3205
2843
3205
3207
1906
1702
188
15
7963
6744
6891
5623
8408
9074
2380
2355
8841
8269
8841
7335
8841
3423
9259
8840
7234
9781
7234
7314
7234
7326
7234
6760
3935
7327
4692
7809
4692
2029
8331
3508
8331
793
8331
796
5442
1339
5442
1393
7945
10037
4341
4342
6850
1227
6850
3865
6850
7752
6850
6956
6850
7804
6850
6463
6850
7741
6850
7806
6850
3453
6850
1339
6850
7835
6850
7761
6850
1966
6850
1358
6850
7792
6850
2808
6850
7841
6850
7816
6850
6059
6850
1317
6850
4387
6850
7798
6850
7713
6850
3774
6850
1853
6850
2607
6850
3844
6850
2548
6850
6787
6850
7764
6850
986
6850
7800
6850
1267
6850
2335
6850
5632
6850
7787
6850
2789
6850
7793
6850
1402
6850
2768
6850
7744
6850
6971
6850
2563
6850
2067
6850
2741
6850
3452
6850
6915
6850
1726
6850
8621
6850
2803
6850
2673
6850
7831
6850
7853
6850
4864
6850
1296
6850
7847
6850
1816
6850
8547
6850
2725
6850
1256
6850
1393
6850
7709
6850
2538
6850
7838
6850
6714
6850
7783
6903
8508
6903
3843
6903
8446
6903
7602
6903
4576
6903
5642
6903
7674
6903
8484
6903
2930
6903
4924
6903
4396
6903
5087
6903
8455
6903
2753
6903
9918
6903
1902
6903
7683
6903
4386
6903
1548
6903
8465
6903
8485
6903
9975
6903
8502
6903
2476
6903
6408
6903
5626
6903
7666
6903
3588
6903
7655
6903
8496
6903
8540
6903
1989
6903
7642
6903
4382
6903
7679
6903
8437
6903
7633
6903
7698
6903
8489
6903
2031
6903
8452
6903
8472
6903
7598
6903
7662
6903
8492
6903
7703
6903
8449
6903
7658
6903
3382
6903
7605
6903
4411
6903
8448
6903
2470
6903
7637
6903
8459
6903
7712
6903
7689
6903
7616
6903
7641
6903
8442
6903
4429
6903
1826
6903
6468
6903
7648
6903
7604
6903
8521
4123
955
8979
1086
9270
7510
9270
8363
9475
7033
9475
6058
4627
1969
4627
9952
9392
8592
7342
10334
7342
9693
799
7521
4722
7825
4722
7770
1814
1795
1814
1703
732
3901
461
462
461
382
974
958
1355
1325
3892
25
6115
8472
6115
8442
10310
10341
4569
1801
4569
6697
8015
6821
8015
6821
177
6
7983
10024
1739
1682
1739
1712
1958
1946
1958
1948
9552
9570
2824
2831
2824
2697
9327
8373
2675
2436
7073
7988
4797
2219
4797
2272
9
3827
2859
4560
1810
4560
1879
9458
9107
9458
4374
9458
9122
5826
1864
5826
1878
7207
9620
284
283
8263
2393
8263
10321
2369
2060
4499
5342
4499
5343
4432
3327
1098
1087
8959
158
36
6934
9470
6519
3865
6519
4387
647
654
4235
8423
4235
1299
6772
7082
6772
7987
6772
5219
6772
7140
8245
8254
2360
9536
2360
7049
2360
7928
2360
2379
9279
8305
9279
9306
8970
7749
8970
3169
8970
1587
7626
3063
2076
2022
5023
3336
5023
6825
1033
1034
1033
1025
8297
8913
4763
8414
4763
3413
3259
3247
2841
2757
7516
710
5840
4359
5840
1848
4996
3323
4996
3358
6452
3730
6452
8564
7161
8248
7161
5205
7161
9573
8222
7307
5375
6955
5375
6936
4954
7597
4954
6475
10016
2016
1505
1493
1505
1511
3270
3252
3270
3271
2979
3390
2979
7205
201
200
6609
2637
6609
8450
6271
7736
6271
6036
4818
8615
4818
2364
3630
3043
591
611
591
193
591
473
7640
2350
4182
2280
4182
2181
9783
7256
688
7419
10004
2993
10004
666
3413
2351
5062
2627
5062
6077
9205
9605
9205
8222
7325
5198
4745
8482
4745
3735
385
30
1575
1517
1575
1577
7181
9592
7181
2968
4830
5633
4830
2215
7997
2226
4517
8504
4517
1618
820
819
529
458
52
10014
3102
2959
9246
2959
10198
179
178
5296
6922
5296
8610
7922
7974
7922
7974
5425
1390
5425
10020
7604
2274
5254
10116
4783
9976
4783
2323
2970
7175
2970
2969
3279
3160
5971
9462
5971
7775
5082
4893
5082
2601
9873
9893
9873
7569
22
452
243
452
422
452
643
2317
2315
3490
3702
3490
794
3392
5266
4324
3786
4324
3653
5735
5548
5735
6931
7474
3506
3451
3513
3451
3537
4162
1888
1112
1104
1112
1088
6352
7628
6352
4939
3618
6685
10006
1646
8675
6753
3327
7998
3327
3499
3327
7958
3327
8024
8824
8221
668
5189
7873
7949
7873
5620
2518
2482
9406
9072
8423
3830
884
8369
3906
852
3906
10362
3906
847
7126
1434
5907
4373
5907
9986
5907
7944
7378
41
1771
1754
1771
1752
4541
8537
4541
9063
1528
1527
9032
1485
6815
674
6815
9784
9099
9118
9099
8687
9099
9115
4258
949
8733
8785
8733
1714
8733
1713
9832
6784
5176
3216
5176
3250
1393
1388
7707
1429
2123
7200
2123
10149
9917
9081
9917
1379
9917
9442
9917
8590
9917
1613
9917
1181
9917
8615
9917
2625
9917
6954
9917
1304
9917
9455
9917
1216
9917
1180
9917
9088
9917
1671
9917
1801
9917
9464
9917
9080
9917
1252
9917
8591
9917
1288
9917
3495
9917
1191
9917
2524
9917
2537
9917
9082
9917
3756
9917
1757
9917
9078
9917
8607
9917
9079
9917
2364
9917
3524
9917
1818
9917
2320
9917
9441
9917
8594
9917
5554
9917
8622
9917
4136
9917
8629
9917
1230
9917
2677
9917
2044
9917
9460
9917
9064
9917
1396
9917
1275
9917
3519
9917
1131
9917
9437
9917
8596
9917
8600
9917
9077
9917
8618
9917
9083
9917
8584
9917
5647
9917
1145
9917
9449
9917
9851
9917
9085
9917
6697
9917
2555
9917
3575
9917
8601
9917
2611
5673
4201
5673
6981
641
283
641
292
9613
3784
4380
7946
3113
9590
3113
2964
3113
9197
3113
9800
4614
6462
4614
3816
1401
1350
2482
2461
2482
8071
1935
1883
8880
2386
8880
8898
8798
8824
6949
9494
6748
10388
6748
8933
5328
3427
2341
4385
2341
6964
2341
4379
1338
1308
9752
147
10151
9215
10302
7366
10302
3527
10302
5203
1827
1743
1827
1736
10107
6399
413
337
413
651
248
247
5608
9517
131
72
8628
948
864
863
3814
1513
580
522
580
212
580
627
7729
10039
5531
1481
5531
4133
1892
1633
1892
4164
1892
9815
1892
8106
7802
2153
3739
8323
9314
6668
3958
6801
3958
1619
2530
2417
2530
2519
2817
3761
2817
8849
2817
7281
1310
1289
1310
1311
6203
3238
6203
4977
6150
3839
6150
2942
8050
10108
8103
5256
4360
1792
2462
8074
2462
10183
2462
10152
2462
8751
3151
10184
3151
10207
3151
9783
3151
10173
10245
7341
10245
7341
8860
10289
8860
10342
4706
2109
4706
2071
4076
1124
4076
1118
8177
8874
9931
7870
9931
6912
9931
8639
9931
7905
9931
3691
9931
8633
9931
7882
9931
5624
9931
6418
9931
4423
9931
6473
9931
3463
9931
2109
9931
2071
9931
7907
9931
3232
9931
7906
9931
7865
9931
9970
9931
7863
9931
2937
9931
1927
9931
2259
9931
9993
9931
7873
9931
7893
6077
2573
8091
3930
8091
3929
8091
925
8091
9665
6191
8633
6191
3232
4369
4163
4369
8106
3190
3187
3190
9148
8869
8281
8869
6382
5478
6672
5478
8624
2235
8722
2235
9829
2235
2169
2235
8713
7249
2953
7419
687
144
80
5758
1582
5758
1672
5939
2027
5939
2079
3505
2693
7552
1278
1219
1160
1219
9028
5302
1216
5302
1191
2733
2674
2733
2735
10126
2126
5229
3936
5229
3937
5229
3939
5881
4578
5881
9403
2798
2703
2798
8016
2880
2835
6416
3397
6416
7282
6416
7192
6416
8122
8482
2177
9113
9138
10213
10259
10213
9648
10213
9653
10213
8859
10213
8154
6404
1445
10377
3537
10377
9344
10377
9307
2423
2403
2423
2426
1387
1312
1387
1376
392
56
3406
8082
3575
2020
8518
1802
1630
7273
1630
8789
3099
3093
3032
5348
2182
7091
2182
5251
2182
3806
2182
6414
7681
3178
1413
9119
1413
7056
1413
1416
1413
7963
9583
8372
6239
7586
6239
7592
5861
7788
5861
7734
2860
2856
2860
8036
9645
8843
6504
6963
6504
6921
8462
2504
9151
10062
4929
9424
4929
2647
4524
1582
4524
8637
919
10386
919
7113
919
993
919
8027
5002
3267
5002
3235
559
29
2869
8043
2869
8012
2869
2850
9190
7224
10124
1653
7140
7247
7140
7195
7140
7188
10374
7401
10374
836
10374
9714
10374
8925
6574
7799
6574
7828
8109
1625
1194
1159
9702
7528
2324
2269
6009
2256
6009
2361
1451
7246
1451
1434
7661
3011
2162
2146
2162
2132
597
176
597
379
597
542
1618
1530
8817
9269
8817
8836
8530
5610
3314
3255
3314
3317
483
376
1367
1365
1490
1487
1490
1477
233
232
2628
2618
4317
4319
1156
10114
1156
1155
1156
7139
6316
9428
6316
8574
7777
1844
9528
9150
6585
2902
6585
5661
2942
2865
19
2751
2688
8646
8653
9422
1766
10285
9777
10285
1519
1257
1208
1257
9022
5750
8524
5750
9031
5803
9946
5803
7763
6696
4937
6696
3167
6696
4211
6696
4060
6696
6719
6696
2896
6696
3267
6696
3016
6696
4061
6696
3000
6696
2659
6696
3089
6696
3002
6696
5660
6696
2059
6696
4971
6696
6852
6696
5345
6696
4486
6696
2934
6696
9953
6696
9962
6696
5696
6696
3047
6696
2600
6696
2242
6696
3369
6696
4203
6696
2998
6696
2990
6696
3056
6696
3012
6696
5667
10323
2388
9225
9796
601
618
601
291
601
615
2567
2501
6654
6741
48
2888
2842
2888
2868
2790
2762
3564
1691
4909
3606
4909
2676
7589
2895
5791
7822
5791
5600
8837
6816
8510
1441
3334
3311
3334
3310
1693
9509
1693
1643
9515
9537
9908
9741
4337
1599
6336
2804
6336
2779
8347
7469
4139
1472
8129
8787
6102
3740
6102
3684
1701
8664
8202
8835
6029
2362
6029
2333
4855
8578
4855
2472
1638
8793
1638
8801
1638
9147
1638
8077
1638
10095
3242
3243
3242
3190
10238
10298
10238
9278
9920
3061
9920
3167
9920
4211
9920
9974
9920
6477
9920
4060
9920
6719
9920
2896
9920
9991
9920
3147
9920
3016
9920
4061
9920
3000
9920
2659
9920
3089
9920
3002
9920
2059
9920
2811
9920
5341
9920
3802
9920
3126
9920
9984
9920
5345
9920
9978
9920
4486
9920
2934
9920
3031
9920
9953
9920
5696
9920
3047
9920
2600
9920
9967
9920
7929
9920
4203
9920
2998
9920
2990
9920
3056
9920
3279
9920
3012
2587
2578
2587
10027
6436
8614
6436
5311
291
480
2868
10133
2868
2851
2868
7158
957
941
957
954
1723
1684
1546
1534
1546
1545
9133
8753
4776
2363
4776
7877
3584
8411
7148
9199
7148
7173
8925
1619
6565
2579
6565
2467
5872
7723
5872
7705
9198
9243
9198
7324
9198
3521
7821
2755
3655
1805
2713
2650
2713
2717
5209
5210
8471
696
8471
9447
6543
2267
6543
7911
6726
10018
5346
6977
5346
7901
1610
1552
1610
1530
2097
2068
2097
10038
2097
2100
2097
2101
3012
3005
8593
2864
1433
5223
1433
5221
5621
2178
2022
2026
2022
1994
8601
1464
2620
7040
2620
7028
1498
1486
1498
1499
5039
3118
5039
5697
8538
1446
2171
7236
7672
2558
545
303
7844
3272
4291
9495
4291
3597
1105
1094
1105
1104
3834
7937
3834
6985
3834
8634
1762
1764
1762
1710
5511
4128
5511
4129
7709
1583
794
7520
2510
2513
2510
2140
9334
9731
7359
743
2045
2015
2837
2754
4250
8624
4250
5311
4303
8648
4303
3597
756
3893
4977
3203
7066
1525
7066
1665
326
645
10149
6652
10149
3976
10149
8211
10149
3488
10149
9663
10149
8245
1520
9623
1520
3400
1520
7303
1520
9602
8276
7382
7370
7465
9685
8291
2646
9855
2646
9128
2646
7986
2646
8742
8751
10183
8751
10183
419
318
419
647
5644
3721
5644
9109
6992
3640
2215
2190
1687
835
1687
7426
1687
825
1687
8308
4494
5340
4494
5344
8942
8359
1330
1324
1330
932
5320
1596
6740
1799
8888
10307
8790
8215
5479
7780
5479
8627
4456
8496
4456
7662
6927
6036
6927
3819
6927
7839
6927
7734
6927
6763
6927
3662
6927
2244
6927
5010
6927
8582
6927
7823
6927
3222
6927
3364
6927
3743
6927
7840
6927
2774
6927
8565
6927
4613
6927
7819
6927
2871
6927
1833
6927
4938
6927
3169
6927
4921
6927
3180
6927
1727
6927
3280
6927
7846
6927
2099
6927
7774
6927
3700
6927
3259
6927
2518
6927
2029
6927
7818
8567
1342
2063
2055
2063
2056
4388
2008
9929
2495
9929
1865
9929
3711
9929
8525
9929
8542
9929
8515
9929
9959
9929
2312
9929
8539
9929
2633
9929
5578
9929
3786
9929
4927
9929
1316
9929
8541
9929
2033
9929
3864
9929
2568
9929
6119
9929
8517
9929
2873
9929
3704
9929
2256
9929
4232
9929
3692
9929
8534
9929
3838
9929
2534
9929
8504
9929
2806
9929
8532
9929
3643
9929
8519
9929
4391
9929
3740
9929
8529
9929
2207
9929
8522
9929
3663
9929
3725
9929
8531
9929
2939
9929
8451
9929
9956
9929
8528
9929
8520
9929
8433
9929
9947
9929
3684
9929
2361
9929
6003
9929
8482
9929
1618
9929
8530
9929
1367
9929
8538
9929
3840
9929
3735
3225
7185
3225
3208
3225
5338
8395
1238
3991
7406
298
481
7086
7125
2593
2591
6835
2773
6835
3343
6835
9968
6835
1930
6835
1786
6835
3809
6835
4839
6835
2626
6835
2867
6835
8580
6835
4435
6835
4344
6835
6274
6835
1867
6835
3855
6835
1937
6835
3379
6835
4430
6835
1414
6835
4362
6835
7854
6835
9448
6835
9423
6835
3836
6835
2610
6835
2742
6835
2841
6835
4388
9012
1048
1849
1700
4003
10138
4003
10138
2538
2529
3950
8304
3950
7402
9543
10114
1782
1659
5277
9733
8620
2319
8620
2270
8620
2317
7976
9136
225
21
2601
2596
7379
3894
5600
9103
5600
4159
5553
7575
5553
6406
3133
7991
4634
7849
4634
7791
875
873
5459
4111
5459
4110
8868
8881
7292
3501
7292
6701
1915
1908
1915
1907
8587
2663
2083
6864
2083
3550
2083
6411
2083
9135
9638
9745
8058
3496
4368
4369
1318
1280
9242
8820
6158
4431
6158
3223
2471
2186
8713
10109
5470
4114
5470
7755
3198
2894
7227
10158
1667
10056
1667
7066
1667
9520
7457
795
2925
2858
5311
1342
704
703
3595
10291
3595
3966
3595
8223
3686
7910
9630
7532
5687
3173
5687
8566
6215
3802
6215
5667
1644
7146
1644
7184
1644
8049
1644
3586
1
3348
3299
1479
8207
1479
9640
1479
9265
1479
7255
9529
9154
7307
3860
6063
3795
6063
2279
8163
7290
3005
4008
3005
7124
5762
8501
5762
1732
7887
1110
8145
8178
6045
7798
6045
3774
7568
3571
4135
4137
1511
1480
1511
1512
9179
9588
3923
9661
3923
9283
4866
2236
4866
6004
8700
7125
8653
952
370
398
2521
2486
2521
2485
2778
2776
2778
2734
5520
8525
5520
8538
1459
8031
1459
7138
1459
1433
1459
5222
7649
5651
8183
874
2158
2128
2158
2129
6594
3345
6594
8498
6083
2455
7412
21
5915
9919
5915
4388
8544
1344
1174
1170
5353
4060
5353
3012
5400
1272
5400
1250
6556
9990
1470
3444
1470
1465
1470
1469
1470
3460
7007
7084
10219
9675
10219
10262
10219
10293
204
203
3666
7198
5667
10040
5667
3609
3305
3281
7134
662
9159
2664
9647
9277
9647
897
5035
3681
5035
3817
1025
1010
1025
1019
8458
2276
4886
3773
4886
4415
5849
1879
5849
6667
8611
1373
4223
1144
4223
1165
5782
6965
5782
1723
9170
9583
9943
7612
9943
3092
9943
2211
9943
2322
9943
1896
9943
3345
9943
2356
9943
8444
9943
9977
9943
7646
9943
7638
9943
8497
9943
3105
9943
2237
9943
2914
9943
2108
9943
7613
9943
7651
9943
5663
9943
8481
9943
2073
9943
7615
9943
2554
9943
2804
9943
3415
9943
3150
9943
7581
9943
7652
9943
3291
9943
7614
9943
8462
9943
7649
9943
2653
9943
3019
9943
2779
7867
2699
1600
1540
1600
1537
7588
10007
1553
1544
1553
1546
2889
2843
2889
2842
9057
2783
6806
782
6806
787
6806
3610
5693
8562
5693
8566
4443
3283
4443
3352
464
242
464
643
464
370
7281
8224
573
175
573
625
573
542
5196
10263
2336
2300
8384
1876
9915
3418
1373
1335
1373
1375
2029
2012
8778
741
3715
10325
3715
9772
3715
7336
3715
6734
5701
4207
5701
3759
2102
7170
765
7487
5154
6091
5154
2772
8521
1842
2653
2446
7055
1626
6961
9470
2700
2760
2700
2684
5638
2184
1042
1033
281
277
281
640
3179
3174
3179
7099
3179
7083
3179
5277
10381
8930
10381
3875
743
7505
418
319
418
527
4536
1579
4536
6962
10230
9292
7333
679
9928
3625
9928
1378
9928
4397
9928
1390
9928
2376
9928
3690
9928
9853
9928
6873
9928
1371
9928
1217
9928
3854
9928
988
9928
1847
9928
2310
9928
9934
9928
1271
9928
1580
9928
3821
9928
2222
9928
1969
9928
1724
9928
6695
9928
1769
9928
1319
9928
5319
9928
1231
9928
1253
9928
5312
9928
10020
9928
9982
9928
6741
9928
1860
9928
3790
9928
6859
9928
9952
9928
6702
9928
1935
9928
4389
9928
4115
1803
1764
1803
1775
7893
9995
7893
5638
1750
1741
1750
1717
9763
6895
9763
8428
9763
8417
3982
7395
7838
1772
9005
1021
9005
1036
3848
2401
4465
3287
4465
3180
10363
7425
10363
764
10363
5232
67
124
7901
2976
1791
1655
1791
1814
7398
7413
7398
3442
4262
988
4262
974
9348
9973
9348
4341
1212
1213
1212
1193
785
112
4096
1245
2611
2455
6097
9439
6097
7773
6097
6851
5610
3430
5610
3431
5610
1661
5610
3849
8197
10156
2458
2440
6981
3367
9501
2290
5433
1396
5433
9083
10042
2037
9900
8513
9900
9453
299
31
600
355
600
286
3159
10036
3159
3155
3159
4200
3159
7962
10247
7305
10247
679
5498
9396
5498
987
3057
3042
3057
7142
158
77
8889
913
8889
8908
8889
10324
8889
7405
6839
9966
6022
2321
6022
2278
8122
9253
1621
3548
4648
6464
4648
1939
7261
3633
7261
3989
7261
10304
6171
3266
6171
3325
4389
6678
4389
6679
4054
3071
8364
870
8071
6783
8071
7168
3170
3169
6714
1431
2544
7274
2544
3793
2544
7241
9520
10043
9520
10043
10105
10132
4485
3154
3547
2203
9793
8427
5546
8536
5546
3644
7537
1679
5723
4214
5723
3045
7810
4372
170
4282
3453
4282
6714
1872
1843
9305
6676
128
129
9619
10300
406
394
406
405
912
911
3962
3920
3962
3919
3962
3922
3962
928
3962
10220
6972
3314
4474
4202
4474
6710
2404
2399
2404
6416
1344
10051
1344
942
1344
4023
6734
6814
6734
9303
8759
8775
9687
1405
9687
841
9687
9717
10254
9677
10254
10283
2631
2630
5630
7980
5630
7972
5630
7971
9983
3752
9499
964
5413
4101
5413
7912
9804
924
10173
8845
10173
10205
2708
2744
2708
8137
2708
7208
2708
3514
8082
9215
8770
2817
6182
3455
6182
3320
774
773
7351
8277
7783
1982
1758
1708
1939
1887
9621
8821
9621
10189
8254
9300
8254
9682
4271
8549
4271
3741
6424
9040
6424
7606
455
200
455
549
493
353
493
395
4604
6946
4604
8573
932
926
932
9157
932
9571
999
994
999
919
4922
2652
9340
10395
8296
8895
7390
7412
1881
1629
1881
1889
3840
2756
7517
102
7830
2087
4997
3362
4997
3324
6324
4926
6324
3838
2009
1975
2009
8772
2009
8118
2009
8050
3735
8011
3735
8687
7272
8834
7272
3935
7272
1528
10256
3420
10256
3420
7745
3247
8852
3902
8852
8862
54
9806
9671
63
156
63
126
63
118
63
164
63
81
63
160
63
72
63
86
63
83
63
75
63
146
63
129
63
80
63
152
63
136
63
148
63
119
63
154
63
167
63
70
63
125
63
79
63
117
63
82
63
84
63
142
63
73
63
139
63
77
63
85
63
170
5618
9970
633
376
2450
2457
2450
2437
2503
2499
2503
2129
2503
8000
2503
6415
3326
3499
3326
7958
3326
8024
3326
7057
5451
1385
5451
1377
6162
3333
6162
6826
500
611
500
192
8062
2957
895
894
895
8183
4352
1614
4352
1585
3178
10023
3178
3174
3019
3011
4640
7890
249
248
2316
2315
2491
2151
8779
3812
5490
8541
5490
8529
7818
3149
2573
2577
2573
2490
1861
5815
1861
5601
24
3425
3512
3425
8257
3425
8229
2239
2147
8375
1788
7954
9138
3971
9807
5222
9237
1299
1265
1232
1220
7996
3961
4516
8571
4516
7796
382
51
7313
9680
7313
3991
7763
1766
116
5297
1134
5297
1117
9517
1647
6123
8435
6123
3791
476
305
8023
5252
8023
2195
8023
10169
8023
5253
317
385
10221
7285
10221
3718
4626
1930
4626
1971
581
627
581
209
581
214
1673
1602
5245
8231
3442
8332
3442
3638
6341
2729
6341
2771
7432
3543
5935
8623
5935
8613
3340
2954
3340
3313
7499
857
2759
2685
2759
4419
10287
686
10287
3560
10287
7340
847
8958
5263
10202
7560
1461
6676
9705
6676
6677
10082
3820
1907
3811
1907
8175
1907
9616
1907
6879
7797
8662
7797
9950
7797
8663
1185
1171
1185
1157
2770
8016
2770
2750
4983
9036
4983
9043
5528
6757
5528
9041
7114
9999
7114
9999
7569
6850
8708
8747
8708
7151
8708
7149
5771
10005
5771
1673
5015
6476
5015
3353
7722
1721
8631
2306
9654
10271
9654
8266
7627
3166
2203
2161
2203
2191
2150
8004
2150
2149
2077
2022
9531
9827
512
278
512
640
354
544
354
545
1143
1126
8573
1894
4945
3760
4945
9030
2191
8730
2191
9598
7692
1573
5331
8047
1321
1282
5408
1297
5408
1277
6235
3613
6235
4489
1478
9201
1478
9211
1478
9561
1478
8802
1478
9594
1478
8078
4963
3819
4963
2884
9326
8966
4796
5625
4796
2309
8450
2521
8503
1505
3826
1456
2852
5266
9656
3895
7206
7320
5827
3688
5827
4361
6441
5312
6441
4115
2779
10009
2779
8692
640
279
5283
3002
5283
7929
8491
2354
1608
1594
7580
4363
7580
2938
7580
3744
7580
3383
7580
3353
7580
9922
7580
6090
7580
2908
7580
3199
7580
5634
7580
2654
7580
3261
7580
2788
7580
1585
7580
9901
7580
5318
7580
4432
9019
9418
9178
9195
5892
5894
5892
9416
4115
1326
615
362
615
401
1165
1149
1531
1513
4754
9853
4754
3854
