8841
11876
8838
11876
5295
11876
8832
9923
8496
4301
9344
11285
10731
11285
10230
11285
10222
11285
2122
1953
9448
12410
8789
12410
11765
9768
5503
7001
3660
7001
604
706
408
706
6584
3926
8708
8687
5765
7226
8258
7226
2426
2424
2411
2424
8876
2370
9121
9637
8557
8514
319
5355
11809
10918
11809
100
1620
3897
8087
8508
5679
1181
1164
1014
1164
1108
1164
976
1164
8094
5822
2684
2685
2683
2685
2335
2337
979
1137
1107
1137
3695
3712
1883
1884
11184
11549
5571
11549
2617
2618
2419
2618
5283
2618
9016
10015
10963
8362
12448
8362
682
643
709
643
303
1475
1221
1228
1227
1228
11416
9354
2304
9354
964
1112
980
1106
11662
10573
3400
7761
6493
7761
9900
11459
12359
10252
12359
10252
1839
1840
1833
1840
5997
6337
4302
6337
6146
6655
3559
6655
479
481
5716
3440
3438
3440
3251
4899
8257
10379
11906
10379
12483
10379
12399
12387
4310
4366
2925
7238
9609
7238
6037
10409
6437
10409
63
5297
11211
10569
3913
3938
6458
7716
3408
7716
6475
7750
3356
7750
5662
10603
12459
10363
8746
3587
3584
3587
3070
11051
3122
11051
483
484
4816
7098
55
234
8525
8253
8543
8253
4482
8144
3232
5037
11171
6230
4548
4613
9171
9116
541
797
798
797
1963
2116
3624
11546
6017
11546
4340
11546
7923
7922
9189
12258
4895
8612
3683
11806
5301
11806
1466
1623
1467
1623
3942
5709
5712
5709
10219
5709
9775
5709
75
5264
3739
3759
2287
2288
1919
1920
4086
5663
8690
5663
9326
5663
4146
5663
4413
4525
11892
10996
3258
3865
10125
3865
12217
3865
9774
2844
10198
2844
2804
2844
12335
2844
1066
1089
937
1089
9947
9860
9879
9860
8257
11879
6823
11879
12478
11879
2333
11879
5991
4271
4266
4271
8164
6971
321
370
4550
8263
103
181
2146
2246
1943
2246
3509
3518
3505
3518
8587
9142
6968
9142
6967
9142
3114
12199
9715
4378
12296
4378
9720
4378
11737
4378
9247
4378
1591
1565
1671
1565
10563
8309
9272
7877
4331
6007
4945
6007
10073
10559
9469
11473
1918
1923
1922
1923
1115
1022
4311
4356
1908
1909
1904
1909
4833
11857
4667
5948
2525
2540
2534
2540
851
761
552
761
6571
11061
10554
11061
8801
10353
11810
11762
3411
6732
7526
6732
3818
3855
4405
6316
5136
6316
7174
9030
266
1502
882
616
747
616
362
369
368
369
10916
9870
5122
3177
3178
3177
2983
8924
5808
8924
12126
7614
5431
6912
5563
6912
4771
3803
8671
3803
9235
3803
9309
3803
10253
5143
2433
10787
8501
5254
12267
5254
354
1340
2466
2501
2451
2501
337
1841
10669
4192
4189
4192
10636
4192
10692
4192
3570
7630
6145
7630
9807
9806
8376
9806
9334
9806
4343
5653
9197
9175
3752
3769
5946
7331
5923
7331
12328
9776
10813
9776
10774
9776
10254
9776
2329
9512
3111
3148
8665
9205
10157
9205
9254
9205
3201
9205
3764
3773
1342
1343
3234
3395
11176
11122
7875
11122
8886
12516
8744
5425
2601
5425
9310
9758
9310
9758
10780
3207
10873
3207
8765
3207
9810
3207
9405
9841
9401
9841
1677
1656
1672
1656
9424
9397
10313
9397
2369
9397
11665
8196
8197
8196
3003
11050
2984
11050
1189
1037
928
1037
8739
10262
6872
4114
5072
4114
5047
4114
5378
4114
862
764
501
764
506
764
9048
6665
3742
6665
3693
7848
11483
11469
8810
11469
9599
8989
9004
8989
9027
7751
10706
4487
5247
4347
4308
4347
10994
11503
2332
11503
11508
11503
10987
11503
8306
12067
8305
12067
1920
1921
11969
4795
4868
4795
7908
7907
8196
8279
2947
8279
2632
8279
4631
8279
2556
8279
5100
8279
2708
8279
7403
8279
5935
8279
2640
8279
2515
8279
5832
8279
2530
8279
3072
8279
2805
8279
2821
8279
2658
8279
3144
8279
2751
8279
2693
8279
2679
8279
2508
8279
5159
8279
2579
8279
2535
8279
4409
8279
4226
8279
4320
8279
2567
8279
5028
8279
2787
8279
5614
8279
4664
8279
3003
8279
2899
8279
5148
8279
4540
8279
2841
8279
2828
8279
2615
8279
2523
8279
5171
8279
5580
8279
12121
8279
2550
8279
4562
8279
3025
8279
2774
8279
2431
8279
2592
8279
2984
8279
4610
8279
2887
8279
3048
8279
9075
8279
4365
8279
4702
8279
3128
8279
5233
8279
2924
8279
2490
8279
4478
8279
4177
8279
2759
8279
2721
8279
2875
8279
3623
5513
4596
5977
10579
5977
4730
5977
8736
9364
4940
4020
9738
4020
10359
10944
5914
7320
9028
7320
11005
9939
320
1229
8384
8352
11878
8352
3079
12196
4350
4408
2476
2896
12158
6611
3808
6611
12286
12265
476
778
8866
2335
9627
6178
3531
6178
6542
5214
2833
7035
8831
12472
3365
7543
6483
7543
158
95
10312
10810
12360
10810
11419
10810
5078
6421
6433
6421
3504
3499
3471
3499
170
2124
10056
8282
3179
4840
3164
4840
3180
4840
8673
4840
8122
8334
173
100
146
100
0
100
0
100
171
100
174
100
128
100
35
100
145
100
285
100
105
100
147
100
172
100
3513
6156
2399
10866
322
321
3912
3995
11699
9692
981
1094
1002
1094
1105
1094
1013
1094
11015
12486
9421
5329
9017
7295
8831
4820
11957
4820
4512
4646
7866
4646
5462
4646
8563
4646
11216
11204
4775
12412
12419
12412
5582
8972
5597
8972
5559
8945
2722
8945
6975
9605
11379
11365
2975
3008
2965
3008
3276
6527
12224
10057
2214
2151
1980
2151
7993
6084
7879
6084
3117
4480
11616
4480
3296
3420
3419
3420
2487
5791
8382
5791
3669
4973
4030
6517
12147
6517
2714
2729
2702
2729
2138
2011
1871
2011
347
1317
5182
6392
5126
6392
2937
2947
1131
980
2290
2291
67
4385
5990
4482
11642
4271
5232
3626
7890
6880
7890
12462
5384
7834
5384
7115
11088
6346
11088
12235
5444
8520
5444
829
815
817
815
2049
2174
1821
2174
39
52
11758
12301
877
576
9702
2956
5454
2956
2918
2956
2955
2956
4864
7160
4917
7160
8325
11013
4026
5003
10377
11988
2798
5092
12235
11660
2018
2019
2149
2019
7775
6754
7536
6754
4050
4043
3931
4043
2942
2978
2980
2978
5581
9575
2840
9575
4509
4510
4456
4510
3750
4969
10063
10046
8368
10046
8366
10046
6965
3190
9839
3190
12389
3190
9371
3190
4796
3190
4087
3190
12160
6986
10609
6986
11261
6986
7964
11174
10627
9093
6043
3231
9164
3231
3200
3231
4287
4286
4159
4286
4634
4657
4571
4657
4899
9002
9030
9002
4864
9002
3524
9002
4724
9002
3303
9002
8259
9002
12168
9002
6469
9002
8333
9002
5765
9002
4917
9002
3814
9002
12214
9002
3539
9002
9069
9002
8318
9002
7137
9002
8304
9002
7192
9002
8342
9002
7151
9002
8314
9002
6987
9002
6989
9002
8258
9002
3690
9002
5097
9002
8287
9002
3770
9002
12131
9002
3407
9002
3709
9002
9009
9002
8260
9002
12034
9002
8262
9002
8261
9002
12146
9002
12173
9002
3472
9002
8322
9002
8332
9002
3460
9002
9545
9542
1405
1584
1759
1584
10940
10925
8512
4596
294
293
5720
6147
6150
6147
10080
6147
10298
10283
2148
2078
10337
11831
5121
6029
4334
6029
6349
7693
6359
7693
8653
9233
3054
3091
6987
6208
6989
6208
9730
10631
8190
10631
9718
10631
2762
2784
8389
10780
10331
10780
12384
10780
129
179
8263
12091
9047
12091
12165
12091
8265
12091
4366
7427
5030
7427
1355
1637
1741
1637
10225
10212
10221
10212
11354
10212
8159
10505
2850
10505
3873
6764
3947
6764
3577
3580
11357
3580
9234
6033
12259
6033
11717
6033
2473
5617
2505
5617
7548
4959
5466
9229
1920
2197
1978
2197
1945
1946
239
1882
5019
4694
4693
4694
3394
4694
3318
3338
5962
6293
6292
6293
1802
2154
2051
2154
3758
7170
8833
11843
9486
11843
9322
2966
5366
2966
4059
6797
10060
6797
1976
2150
2260
2150
40
54
5039
7511
7515
7511
5609
8443
2852
8443
11868
8383
11323
4738
11796
4738
2602
4738
2574
2599
10085
2599
11952
2599
2579
5521
2592
5521
234
458
9550
10908
2138
2010
2281
8110
9479
8110
6954
4667
4572
4667
12144
4667
2477
4918
4103
4137
3148
5874
8485
5874
5033
8004
6413
8004
4792
12322
1927
2083
8771
10847
12398
10847
11417
10847
2125
2186
1971
2186
9829
8710
4813
11573
1040
1093
967
1093
5491
11249
2914
2913
2485
2913
4180
11940
3544
6166
1354
1674
1697
1674
1694
1674
9390
8731
11412
8731
4721
8731
12385
8731
4345
8731
4307
8731
7578
10382
3909
10382
4528
10442
5184
10442
11986
8125
10259
10234
3209
8680
8249
8680
7883
8680
3223
8680
10890
10856
10324
10856
1840
2259
1826
2259
1856
2259
1888
2259
1831
2259
5497
5496
1432
1435
1721
1435
4055
10000
8202
10000
4640
5904
4678
5904
6024
7974
4249
7974
4120
8911
12298
12264
9881
10878
2802
10094
2737
2733
2719
2733
4383
8080
9130
3326
3301
3326
2625
2649
11323
9284
11746
9284
10269
9332
2806
9781
4979
7119
5129
7119
5467
4544
6870
4544
8218
4544
10773
4544
10757
4544
10768
4544
5685
5682
8588
8213
3463
7141
2824
2825
2797
2825
428
725
432
725
595
725
2358
5333
8835
5333
8069
4726
2323
12458
11510
12458
8118
12458
4949
7788
4017
7788
11007
2373
2372
2373
5259
8827
5400
11355
11216
10067
5947
10475
4962
10475
3609
3610
6585
10398
4003
10398
6955
4878
2863
2869
1011
1183
1196
1183
4502
5914
10726
2903
9295
2903
10912
8757
11826
8757
1887
2138
2160
2138
4516
6281
3450
6140
10133
11939
9240
11939
10162
10145
9054
8422
6525
8422
1383
1673
1690
1673
4166
7471
6069
7471
9704
5734
5732
5734
3221
4856
12241
7109
7102
7109
3862
5249
2661
5249
5636
7063
7065
7063
201
8901
5679
7128
9086
7128
10969
11496
2738
2755
9461
5355
10937
5355
10068
12027
10075
12027
36
58
8173
8169
11751
8169
11769
8169
151
13
2459
2473
3314
5698
1824
2209
2055
2209
4381
4438
6952
4438
8600
8203
8400
8589
8400
8589
6539
7792
4024
7792
3279
12185
439
724
594
724
585
724
2014
2180
1839
2180
1834
2180
854
700
471
700
745
700
9298
10172
11912
9539
11913
9539
8853
2320
486
489
12046
2289
5221
8391
3611
3620
5312
3620
4053
6785
12127
6785
12189
10544
2800
5577
10260
10726
2464
10726
11799
10726
12393
10726
3621
3624
11762
11333
10234
11333
8760
11333
9835
11333
11398
11333
5258
12493
8860
12493
5671
6055
5126
6055
2455
5607
3430
3796
5178
3796
10714
10694
11328
10202
9607
10515
4883
12293
2963
3034
8187
3034
11712
3034
8614
3034
5496
9793
9813
9793
12340
9793
11792
8173
12323
8173
8171
8173
2638
5548
2660
5548
10224
2940
10226
2940
8709
2940
10730
2940
3316
7136
386
721
391
721
602
721
9498
10959
1128
1062
224
1
3289
3294
284
8871
2412
10667
10705
10667
1636
1349
8798
8120
12323
8120
9453
8120
11794
8120
8407
8120
8172
8120
8080
4426
10919
10918
11476
10918
10941
10918
9468
10918
721
656
683
656
6088
7501
7516
7501
3673
3689
10745
9265
9358
9265
12313
11722
7862
7079
5834
7079
4187
10423
5195
10423
4591
4847
2783
2873
11613
2873
4878
11677
9864
10738
10882
8746
6833
8746
5322
8720
5322
8720
1186
1169
984
1169
2697
11936
9022
11936
2771
11936
2723
11936
3336
11936
8402
11936
2704
11936
5802
11936
2493
11936
6550
11936
2853
11936
5973
11936
2792
11936
5820
11936
3861
11936
5033
11936
4679
11936
5065
11936
12164
11936
2752
11936
4706
11936
2948
11936
4461
11936
4377
11936
4488
11936
2876
11936
2760
11936
2893
11936
4958
11936
4427
11936
3130
11936
5643
11936
2812
11936
4966
11936
2795
11936
5589
11936
5924
11936
3348
11936
4084
11936
5595
11936
6462
11936
4333
11936
4214
11936
3946
11936
3141
11936
5141
11936
7905
11936
3364
11936
4665
11936
2827
11936
9018
11936
3424
11936
3418
11936
4838
11936
4257
11936
4529
11936
3966
11936
4984
11936
3040
11936
6413
11936
4144
11936
4639
11936
4248
11936
9014
11936
7477
11936
5586
11936
1400
1670
1547
1670
479
889
451
889
465
889
8070
4908
1559
1558
1493
1558
7143
8014
6152
8014
10610
8524
3221
3267
4777
3267
5056
3267
5705
3267
4149
4151
4158
4151
6421
12103
8026
12103
4495
12103
7739
12103
7678
12103
3341
12103
4428
12103
6496
12103
6793
12103
7966
12103
7599
12103
6798
12103
6449
12103
6552
12103
7745
12103
6277
12103
7399
12103
6173
12103
3329
12103
6169
12103
6012
12103
6614
12103
8053
12103
7169
12103
10018
12103
7927
12103
7072
12103
6366
12103
7808
12103
6593
12103
6078
12103
7642
12103
6811
12103
3908
12103
7561
12103
5875
12103
6547
12103
6393
12103
7928
12103
6657
12103
7560
12103
6613
12103
6810
12103
6015
12103
7164
12103
6770
12103
6553
12103
7166
12103
6079
12103
7680
12103
11170
12117
5884
7287
4642
7287
2395
11003
5017
8626
3723
11092
5749
11092
3980
3987
3900
3987
12358
9349
12358
9349
11988
9489
6821
9489
10370
9489
6824
10969
3534
3538
824
814
831
814
2606
2632
3025
10439
3048
10439
1886
1887
7170
8026
4728
8026
10084
3380
9135
3380
8510
3380
4173
6065
11283
11232
8877
11444
10839
11384
10838
11384
3763
5088
4399
4520
4453
4520
3328
6477
10161
5013
1900
2215
1895
2215
9108
11659
3213
3257
5102
3257
4628
4631
5663
4161
9789
4161
3484
4780
4379
9012
1492
1559
1507
1559
1598
1583
1286
1583
1281
1583
5057
7522
5273
6824
1821
1822
1636
1348
11269
10657
81
231
2949
6218
5816
6218
3917
6571
3874
5174
10544
5783
2886
5783
12338
4399
5161
4399
4514
4399
5386
4925
10921
4925
4716
4925
10294
4925
8124
4925
1816
2212
1825
2212
156
272
11702
10596
10206
9255
12352
11329
9151
3526
3496
3526
6151
3526
3494
4866
8720
2435
2434
2435
9383
2435
8296
8298
3855
6601
3833
6601
5368
8638
2750
2765
2761
2765
5634
7053
2986
7053
2318
9523
12356
10820
165
247
5733
3744
8619
3744
10683
10646
4105
5204
10886
11812
2825
2859
2855
2859
3245
11214
8070
9688
4149
4150
4147
4150
8551
4810
1419
1580
1519
1580
8348
3246
10711
3246
934
1160
925
1160
11421
10840
7404
8038
4861
8038
4877
8767
10940
9424
12468
9424
3298
6507
7528
6507
9219
9200
1436
1515
1471
1515
6329
7681
4836
7681
242
490
3077
3083
3079
3083
12266
11656
12266
11656
2220
1885
1879
1885
11221
9615
11304
3018
9261
3018
2980
3018
5369
3018
3398
3410
5679
10031
11193
10031
4669
10031
11197
10031
3298
10031
6425
10031
4704
10031
4500
10031
10568
10031
6689
10031
4597
10031
7520
10031
4608
10031
4683
10031
3423
10031
3069
10031
4477
10031
10041
10031
7550
10031
10055
10031
7528
10031
4034
10031
3099
10031
3393
10031
6511
10031
4651
10031
2831
8159
713
811
825
811
1759
1748
1501
1748
9126
9081
11671
9081
5366
5365
2129
1942
4238
6388
7112
6388
4092
6448
7924
6448
3021
12184
398
699
601
699
393
699
2621
6889
2612
6889
10981
10973
11865
10973
10303
10291
10306
10291
4015
4022
11495
8794
12092
9600
3788
6629
7140
6629
560
573
799
573
5047
6872
5047
6872
6539
7574
4051
7574
10877
11425
9948
11425
1343
1344
4655
6258
4675
6258
9133
9661
10983
9502
9935
9502
11869
9502
9751
9215
424
692
419
692
589
692
4081
7486
5091
7486
4674
7346
4661
7346
586
587
426
433
432
433
4567
6276
4522
6276
4787
5122
8712
5122
3167
5122
9327
5122
9441
11971
11468
11971
11483
11971
3192
12224
6597
7821
3835
7821
3220
3217
3210
3217
10377
11513
8850
11513
3454
3456
6133
3456
11458
10795
11462
10795
12400
10795
12328
9828
491
765
496
765
578
765
4097
4104
8132
4104
8630
4104
3387
7737
7524
7737
3454
9068
6133
9068
3019
4944
4261
6361
4648
9123
2068
2157
1786
2157
3983
4010
4398
5469
6049
5050
9339
4418
3659
5762
12149
7310
3469
3478
3480
3478
8684
3121
9256
3121
8647
3121
6281
7668
4799
7668
10974
6845
5666
7917
6966
7917
8530
7917
9106
6199
9655
6199
9643
6199
3643
5503
1360
1361
1639
1367
576
862
516
862
4908
6017
11199
6017
6365
6017
4438
4559
4550
4559
12470
8319
8354
8319
11779
5473
10837
5473
11364
5473
5709
3980
9766
3980
9753
3980
10715
3980
4551
12200
5881
7280
4462
7280
3509
3508
5492
3508
9466
9445
9852
9385
9850
9385
10299
9385
9088
5061
2559
2566
1779
1780
5016
4074
3204
4074
4357
6684
4394
6684
2049
2155
2109
2155
1819
2155
4279
6350
8112
6490
5334
10335
3238
3387
3429
3447
5226
3447
3727
3725
3581
3725
1118
991
329
418
2969
2999
12441
9836
5289
9836
11164
11143
5902
11143
4625
5921
9393
4787
9368
4787
8162
4787
4895
11254
3028
3062
3065
3062
4524
6306
4440
6306
3800
3833
10738
12315
10772
12315
10775
12315
10729
12315
11445
12315
9412
12315
4795
9472
4828
9472
5940
7357
5950
7357
2992
5635
12180
9650
1131
977
10277
9816
5657
4188
5656
4188
11246
4188
9685
4188
11238
4188
10665
4188
9372
12362
4834
12362
5112
7604
6126
7604
2717
6902
2753
6902
3781
3813
84
8886
12514
2401
4494
4495
4476
4495
2644
2654
1730
1432
1306
1432
9255
9730
6430
7706
5049
7706
5026
11037
8494
11037
2544
11037
12267
10613
12267
10613
10555
7394
9080
7394
484
485
2546
2556
1520
1551
2696
2697
4292
4340
6121
8095
4463
10419
4493
10419
9757
11297
1291
1292
4444
4569
1445
1446
1269
1446
9165
9106
3663
3672
3676
3672
3798
3829
5390
11787
12164
7082
5643
7082
6247
9975
4641
9975
2565
2578
4450
5051
4536
4603
4583
4603
4301
8235
4918
8235
2566
8235
2647
8235
5431
8235
5677
8235
5563
8235
2616
8235
5567
8235
5596
8235
3014
8235
5959
8235
4663
8235
5573
8235
2543
8235
7913
8235
5448
8235
4890
8235
3147
8235
4407
8235
6273
8235
2489
8235
2520
8235
4815
8235
6024
8235
2557
8235
6360
8235
2531
8235
5616
8235
12216
8235
2878
8235
3092
8235
2657
8235
4185
8235
5827
8235
5610
8235
2507
8235
2537
8235
8077
8235
4249
8235
5426
8235
2584
8235
2920
8235
4595
8235
2629
8235
4911
8235
3001
8235
5970
8235
7923
8235
4971
8235
4432
8235
6866
8235
4225
8235
3123
8235
2595
8235
5584
8235
2983
8235
5808
8235
4120
8235
4523
8235
2839
8235
6295
8235
4458
8235
4637
8235
5442
8235
2691
8235
341
1848
10633
10124
2416
8695
10235
8695
6489
8474
3813
10500
5038
10500
3098
10525
5236
10525
6064
4996
4669
7367
4597
7367
324
1793
5483
5719
2636
2664
2652
2664
9227
8602
1771
1624
1510
1624
2348
9942
3895
6586
3650
3645
3593
3645
47
229
4944
5843
5213
5843
9950
11264
10163
11264
8863
11880
4305
12406
12418
12406
5001
12406
269
2127
4935
12314
991
1088
936
1088
1065
1088
1118
1088
5638
3052
5829
3052
273
2125
245
502
246
508
936
1085
1065
1085
10594
3884
10585
3884
11210
3884
1307
1721
1723
1721
8857
2324
8092
10189
12257
4311
4282
4311
6988
7943
5740
7943
10676
12225
10335
12409
4830
12409
8792
12409
3605
7011
5515
7011
5425
5285
5316
5285
10817
5285
5315
5285
1778
1781
4670
6268
5984
6268
4265
9139
3498
8572
9409
11810
9291
2437
5359
2437
40
238
9006
12082
10120
8504
2468
2470
4794
2470
9686
9651
11268
3595
6846
3595
4740
3595
9726
3595
7848
5752
3704
5752
1271
1277
1275
1277
4452
4573
9744
5459
10691
5459
11843
10899
11489
10899
6197
7658
6192
7658
6942
9076
3680
3702
3678
3702
5229
4227
5228
4227
8602
8545
8602
8545
2873
11550
5782
10005
5575
10005
2609
2608
2594
2608
2774
6927
2759
6927
225
6
11388
3466
11759
3466
8067
3466
10766
3466
8068
3466
3361
6749
3333
6749
2863
5590
4967
9058
2724
11552
5139
11552
9045
11552
2534
2547
2541
2547
4206
6351
6298
7676
6325
7676
12146
6633
3472
6633
3030
9074
10252
10802
11396
10802
10818
10802
1294
1295
420
423
1605
1260
9777
2415
11749
2415
6850
5411
5349
5411
2936
2949
944
1208
3008
11193
9496
4832
7035
8290
9012
8290
5174
8290
3412
8290
6274
8290
4012
8290
5946
8290
5156
8290
8478
8290
4118
8290
3362
8290
3334
8290
11159
8290
9612
8290
2921
8290
8130
8290
4057
8290
3971
8290
6016
8290
4954
8290
5958
8290
4082
8290
6362
8290
4859
8290
4048
8290
6298
8290
10036
8290
3377
8290
3073
8290
5807
8290
8228
8290
6491
8290
3925
8290
9013
8290
10038
8290
3346
8290
2872
8290
4259
8290
10033
8290
4684
8290
5162
8290
3151
8290
4642
8290
3907
8290
5838
8290
6325
8290
4474
8290
11637
8290
9613
8290
6590
8290
4116
12234
12412
8725
12422
8725
5134
8725
5000
8725
916
1214
1211
1214
933
1214
8158
8131
8154
8131
8155
8131
1904
2191
1982
2191
2102
2191
1883
2175
2008
2175
3274
6529
4731
6529
3354
6529
3440
10059
12152
7674
4370
7674
2856
9700
1215
972
941
972
1127
972
2238
2100
2729
2727
11672
2727
9170
2727
11673
2727
2882
8980
2885
8980
3324
6519
3870
6519
5832
9561
3048
9561
8749
11401
4820
11970
12506
11970
6977
3464
3441
3464
4411
4445
4389
4445
4378
4385
9189
4385
131
202
12219
11700
8831
4812
9228
9188
1371
1372
3398
3412
10706
4472
11310
4472
1895
1896
8078
5327
5291
5327
9915
9883
9921
9883
11877
8813
905
766
554
766
23
11904
9511
9495
11927
9495
9514
9495
2449
2831
5450
2831
3933
7568
3820
3886
8540
8506
4240
6400
7431
6400
1375
1680
1691
1680
1806
2088
1810
2088
3483
3497
9788
10138
11615
2811
2496
2811
5983
5982
9526
8833
2663
2666
2646
2666
4181
5181
3344
7882
3344
7882
3892
6584
6120
6584
2775
10745
5320
10745
11373
10745
3316
5240
6361
6027
4852
6027
5819
8476
11013
11774
11800
11774
5354
11774
3514
7152
3164
4994
5209
4994
4364
7433
12161
7433
4385
5100
4657
4659
4878
4659
6950
4659
9717
11266
5598
8458
5578
8458
4783
4215
4212
4215
4784
4215
9697
4215
4505
4502
4471
4502
2682
6895
2660
6895
1026
1054
1126
1054
3547
6149
2616
5535
2629
5535
206
9550
3619
9010
664
568
4943
11371
10815
11371
10264
11371
3979
6111
9211
3182
9773
3182
10708
3182
3174
3182
11739
3182
9888
9418
9877
9418
5091
7704
5094
7704
1505
1707
1720
1707
8163
10451
5901
10451
2547
2554
2553
2554
5100
7396
4409
7396
3368
4967
427
428
7131
10126
2320
12507
2316
12507
2314
12507
2322
12507
2325
12507
2319
12507
2318
12507
9543
12507
12177
9104
11823
10772
5147
4123
8523
4123
9110
4123
1262
1263
3230
4068
3571
3572
6159
3572
4835
4139
11332
4139
435
436
334
1282
4659
4669
9347
10220
9347
10220
4433
6304
7093
6304
2666
2678
770
401
8753
10849
3259
3313
12237
3313
1111
1053
1021
1053
10286
9834
11744
11256
9773
11256
3170
11256
2867
8595
12017
8468
8196
4703
2947
4703
2632
4703
4631
4703
2556
4703
5100
4703
2708
4703
7403
4703
5935
4703
2640
4703
2515
4703
5832
4703
2530
4703
3072
4703
2805
4703
4171
4703
2821
4703
2658
4703
3144
4703
2751
4703
2693
4703
2679
4703
2508
4703
5159
4703
2579
4703
2535
4703
4409
4703
4226
4703
4320
4703
2567
4703
2787
4703
5614
4703
4664
4703
3003
4703
2899
4703
5148
4703
4540
4703
2841
4703
2828
4703
2615
4703
2523
4703
5171
4703
5580
4703
12121
4703
2550
4703
4562
4703
3025
4703
2774
4703
2431
4703
2592
4703
2984
4703
4610
4703
2887
4703
3048
4703
4365
4703
4702
4703
3128
4703
5233
4703
2924
4703
2490
4703
4478
4703
4177
4703
2759
4703
2721
4703
2875
4703
1814
1815
3884
7606
9046
7606
6873
10713
7569
6799
3935
6799
2644
2656
182
8884
1915
2101
12135
7162
6162
7162
11414
11775
9356
9814
8720
9311
11986
9311
5322
9311
8726
9311
5321
9311
2586
2597
33
355
9251
11278
12458
12454
8250
12454
8251
12454
510
513
1882
2220
10969
10931
5021
10931
9481
10931
4292
8102
9534
2326
2323
2326
2321
2326
1580
1625
1685
1625
4172
7993
3940
4058
1936
1937
9205
3225
11256
3225
12160
10073
10609
10073
11674
10073
2342
11861
9943
11861
10599
7429
11233
7429
10602
7429
525
821
843
821
8644
10625
19
256
4789
9227
5464
9227
5460
9227
4479
9227
2558
2564
2563
2564
11380
8702
8729
8702
6830
8702
2791
10461
12210
10461
12256
4076
9194
4076
10129
4957
2503
5619
6687
6686
3518
3545
3546
3545
8885
8829
8707
8672
8133
8672
4067
4106
4112
4106
8210
10450
5152
10450
7310
10390
5892
10390
8559
6435
9708
10069
12370
4946
9701
10103
241
1892
10025
12051
5593
9992
5782
9992
3703
3695
9681
3695
3449
3454
3431
3454
2752
7021
2760
7021
178
9551
3696
8072
4508
5893
10630
2498
12008
2498
2452
2498
259
1935
319
317
10267
9340
9387
9340
11798
9340
11861
12475
11862
12475
11860
12475
11689
12235
2772
12235
9176
12235
2068
2069
2092
2069
1784
2069
1797
2073
2136
2073
1426
1427
11361
5690
10769
5690
8693
5690
8555
7484
7090
7344
5947
7344
10265
11308
10852
11308
2625
2647
863
848
3905
7576
6118
7576
4273
11581
7118
7117
3879
6533
8046
8045
4148
11247
332
1287
32
153
149
118
1812
1817
1816
1817
4603
4673
3595
3602
3599
3602
11449
5318
10323
5318
2384
5318
25
11905
3960
7558
6107
7558
1961
2228
2161
2228
12290
8645
71
4451
6274
2700
2708
286
404
9907
11457
4375
6339
4324
6339
1925
2163
1977
2163
2098
2163
1502
1403
4010
7805
4947
7805
227
6838
2461
4897
9938
10377
8252
8796
5088
7183
5104
7183
2711
5431
11748
2417
11339
2417
3272
11929
3057
5830
11884
6818
1926
1928
11185
7853
11186
7853
3881
12177
9670
9639
4251
5206
3579
3720
9704
3720
5494
3746
4983
3746
10682
10644
8623
10644
6963
10644
4143
5677
8138
5677
8568
8089
12312
12298
3485
9151
3544
4864
3494
3524
10213
9743
11734
9743
11980
9743
8988
8370
3268
3871
9836
10260
8504
12037
8594
12037
9062
12037
8777
9426
2857
5598
1952
2251
2144
2251
5456
12272
12325
8689
10681
4265
4264
4265
4151
11216
2239
2237
2217
2237
1917
2237
5040
3432
3433
3432
617
734
618
734
367
734
4098
6965
1114
1067
3107
3153
3246
3244
9225
3244
12513
2399
147
177
754
731
561
731
5650
5648
11008
6826
3845
3901
36
8134
7742
3394
7742
4315
5158
11832
10885
11415
5707
8193
5707
4723
5707
5704
5707
10755
5707
10232
5707
3096
6222
7256
6222
6003
7413
4322
7413
6527
8481
4389
8341
12238
10594
948
1133
5734
3757
3753
3757
11902
2308
4929
5176
6533
10488
8483
10488
9468
10348
5954
5953
11927
11926
6092
5039
267
675
4487
8620
3748
7930
127
208
6871
10195
8679
10195
10218
10195
3271
8624
10024
7775
102
188
1927
2162
1977
2162
5925
7325
5917
7325
2698
10407
10571
10567
62
5299
3587
3589
1873
1874
9460
9438
12428
9438
11014
11446
2277
11446
9388
11386
10672
11685
10672
11685
11443
9852
6181
8024
6184
8024
1399
1400
3585
11732
10722
11732
12355
10789
10649
9150
543
544
2479
2481
2484
2481
1957
1958
4380
4424
944
945
3744
3767
5240
6498
3323
6498
7151
8016
8260
8016
11230
8526
3746
6185
11253
6185
9695
6185
11244
6185
3636
3638
8687
5023
4946
5023
10741
5023
4207
5168
10288
10241
12497
8744
8848
8744
5476
3179
11624
2532
2516
2532
5923
11105
11637
11105
3736
6671
3742
6671
7548
10557
12031
6740
3379
6740
3034
3036
9192
3036
8183
3036
8184
3036
3188
4081
10648
8248
8629
11684
11833
9862
9068
3794
10709
10696
10709
10696
2500
9022
9202
5963
10727
4200
4158
4200
10732
4200
9113
12156
8492
3296
10712
5728
2784
6920
5436
6920
4421
4531
4332
6009
4371
6009
1504
1593
1318
1593
8161
8307
11223
7879
8191
7879
8522
7879
9136
7134
9136
7134
3782
7622
3814
7622
11013
5115
11791
5115
2387
5115
9194
12019
2958
2985
9029
9588
5587
9588
1030
1161
969
1161
922
1161
10996
9520
10994
9520
9527
9520
8526
5979
9155
5979
12250
7909
12250
7909
1309
1590
1600
1590
1549
1590
9406
8277
6875
8277
8762
8277
5577
12016
6571
12016
11168
12016
10053
12016
11166
12016
11178
12016
11173
12016
11635
12016
6468
12016
7963
12016
6545
12016
5250
12016
4952
12016
5809
12016
6566
12016
7875
12016
7536
12016
7861
12016
4799
12016
11162
12016
7995
12016
5929
12016
5912
12016
6001
12016
6427
12016
6035
12016
5252
12016
5902
12016
12024
11130
2851
11130
3103
7863
3118
12159
2451
2453
2442
2453
9527
9937
11892
9937
9601
8987
6406
8987
2143
1966
1956
1966
9898
11467
3607
3626
10223
10724
3389
6701
4948
6701
8101
11075
10042
11075
8543
8538
9212
4349
9226
4349
10680
4349
4294
4349
4481
4489
2325
11897
11219
9623
4100
6415
5957
10546
5956
10546
7091
10546
5977
12108
11642
12108
7522
12108
6415
12108
4874
12108
4239
12108
3962
12108
5443
12108
5080
12108
3086
12108
5932
12108
2881
12108
6485
12108
4919
12108
7535
12108
3105
12108
6526
12108
4678
12108
5620
12108
5583
12108
9039
12108
5139
12108
3012
12108
6000
12108
4083
12108
8343
12108
6461
12108
5561
12108
5437
12108
9045
12108
5611
12108
5824
12108
4430
12108
6280
12108
1810
2132
12341
10270
4925
3209
1433
1534
1291
1534
5772
11042
6994
11042
8636
6955
4578
6955
8765
9399
3016
3028
3017
3028
6816
3163
8824
3163
3162
3163
4182
4255
4588
5916
944
948
2314
11494
3924
7581
10066
7581
4351
4854
5738
5736
9802
9715
4351
6323
11691
9161
8299
8360
12132
7312
5915
7312
538
541
181
69
95
69
52
69
179
69
54
69
58
69
13
69
1
69
229
69
6
69
202
69
317
69
71
69
177
69
208
69
188
69
204
69
184
69
114
69
227
69
115
69
205
69
190
69
185
69
306
69
76
69
21
69
92
69
282
69
63
69
297
69
98
69
60
69
94
69
0
69
326
69
230
69
320
69
99
69
203
69
183
69
175
69
180
69
106
69
86
69
292
69
14
69
97
69
65
69
64
69
57
69
191
69
26
69
189
69
93
69
300
69
196
69
12
69
59
69
228
69
314
69
207
69
187
69
178
69
284
69
74
69
22
69
217
69
43
69
87
69
107
69
277
69
148
69
10
69
91
69
111
69
281
69
219
69
89
69
109
69
23
69
279
69
96
69
193
69
2
69
56
69
8
69
182
69
51
69
197
69
323
69
116
69
201
69
72
69
199
69
186
69
206
69
75
69
83
69
29
69
192
69
198
69
66
69
28
69
24
69
143
69
194
69
7
69
283
69
73
69
303
69
176
69
110
69
280
69
85
69
90
69
11
69
62
69
44
69
88
69
278
69
108
69
77
69
84
69
311
69
200
69
195
69
25
69
3974
4012
5468
5467
143
9951
3647
4724
12159
9043
3608
6880
11701
12160
10553
9592
5599
9592
8871
2353
163
249
2578
12247
2717
12247
307
1790
10659
4546
4437
4546
9260
4546
9224
4546
4192
7919
3739
6197
4194
5075
11515
9510
3391
6711
5049
6711
1842
1843
12172
12142
8318
12142
8266
12142
8304
12142
8342
12142
8314
12142
8332
12142
6166
7643
6154
7643
4107
6405
12477
12471
11863
12471
11886
12471
12174
3041
6463
7739
4734
7739
2236
1934
3269
5130
5444
6933
2784
6933
9813
5494
5497
5494
5393
5494
11346
5494
5396
5494
8809
2265
8130
7976
8489
7976
4139
4233
4237
4233
5917
5906
4680
5906
404
407
1199
951
327
1798
3210
3219
3211
3219
9834
10236
9382
10236
9409
10236
9398
10236
11398
10236
1435
1533
1292
1533
1433
1533
11422
10854
3543
6164
3795
6627
8196
7302
5171
7302
7885
9705
11889
11983
10995
11983
3665
5770
8604
5042
4000
4002
7087
7958
5950
7958
5368
9286
3198
4093
3253
3324
9232
10096
948
949
10541
8995
5940
7359
5978
7359
712
652
744
652
8814
12436
11854
12436
1813
1814
3681
5741
3140
7272
4465
7272
9204
9675
2508
11023
2490
11023
3952
3972
9076
5858
8079
5858
3875
11168
779
545
8893
2381
1321
1322
4321
6342
4367
6342
3409
6482
1266
1530
1445
1530
1597
1530
11750
4789
8763
8221
8756
8221
12339
8221
2969
2997
774
547
3229
8006
12037
5876
3152
5876
571
783
836
783
4199
10228
8087
7593
3901
7593
3948
6766
3956
6766
8102
11115
4337
11115
3237
3389
12014
3449
5481
3449
11324
3449
11326
3449
3060
3070
8304
6375
10029
6375
8290
10531
3866
3945
3229
8317
1712
1594
1371
1594
3561
9642
5707
12020
3306
5105
10246
2964
2889
2964
8723
2964
12042
2964
12002
4557
4648
4557
9186
4557
11944
4557
5062
6019
4372
6019
8383
9480
12489
9480
10358
9480
8353
9480
5823
7245
2945
7245
4667
4696
11467
11821
2368
11821
10945
11821
2723
6910
2752
6910
4591
4594
3851
3911
3898
3911
3728
7191
12334
9722
10047
11176
1790
1791
3700
6984
4288
4332
10630
2499
5452
2499
2452
2499
11682
2499
11780
4284
10261
4284
11378
4284
10263
4284
11390
4284
5648
7090
10565
7090
5499
3680
3578
3680
5068
7369
4446
7369
3730
3731
2761
2786
2781
2786
3151
5868
5838
5868
4271
7403
3438
5717
2430
11158
11205
4885
6842
10321
9947
10321
10333
10321
8686
2954
12329
2954
10051
11578
3798
3827
10229
11299
4444
4567
4962
10492
6944
10492
8769
5386
2777
5446
9816
12332
10858
8328
5288
8328
1265
1266
4602
5935
9951
9950
6858
8610
4022
6778
5128
6778
269
674
6591
11039
3909
11039
11633
11592
10380
12480
9638
10044
9638
10044
12212
5621
12209
5621
3065
3060
3009
3060
2688
2699
2672
2699
3352
6756
3342
6756
3854
10417
3831
10417
3359
6747
3331
6747
4001
7815
12021
7815
1251
1511
1451
1511
1247
1511
6098
8493
2540
2549
5177
6086
4164
6086
462
463
1501
1404
10881
11431
8770
11431
10323
11431
8758
2517
9851
2517
9737
2517
10241
5457
5371
5457
5370
5457
5372
5457
10913
5457
11358
5457
11356
5457
3116
8580
10543
11930
3884
6808
3834
6808
3560
9961
3563
9961
11874
7835
9507
7835
9930
7835
170
671
1500
1406
10669
4229
10685
4229
10636
4229
8786
10897
2787
6929
2774
6929
2378
11911
10157
9137
9254
9137
5686
9137
8392
7373
6275
7373
1543
1642
1512
1642
8135
7968
6353
7968
6459
7723
3427
7723
4260
8336
12198
5760
9208
5760
11262
5760
223
204
3695
3710
11509
5216
9440
5216
10923
5216
9700
5582
9091
5582
9095
5582
10607
11206
4510
4644
3121
3135
3136
3135
778
735
474
735
852
735
146
184
9442
10864
8778
10864
10884
10864
12309
10187
4682
6243
5081
6243
3513
6154
9931
11848
11908
2309
2966
12253
2277
9537
9208
10113
2819
5579
164
251
6148
8430
5725
8430
3445
6132
4136
6453
8349
6453
10731
4116
10230
4116
10249
4116
2574
2585
4046
9988
5152
9988
329
1826
11436
9366
4880
9366
10357
10946
10960
10946
2755
8938
5441
8938
2470
2894
3894
8167
5669
8587
10668
8587
5670
8587
8879
2398
281
8865
11302
10673
8725
5247
5161
5247
6110
6555
3973
6555
8160
10025
4332
7107
8267
7107
11338
9271
11410
9271
5395
9271
4057
7800
4048
7800
10215
9774
10727
11318
1308
1309
11595
7048
12486
12044
2404
12044
9544
12044
217
5308
6848
3612
9362
8194
2703
2718
404
405
5701
10180
9265
2867
10201
2867
11330
2867
10991
2267
6065
7981
7112
7981
11444
8759
8764
8759
1459
1485
1454
1485
3220
3273
3271
3273
723
893
4469
5881
5089
3303
3302
3303
5200
3303
9904
4713
700
638
690
638
8722
5278
9777
5278
9822
5278
11455
12375
947
1187
942
1187
4441
6314
4527
6314
8213
3269
9201
3269
3256
3269
8618
3269
9841
10210
12053
10210
10778
10210
10745
9301
974
1117
2913
2932
2935
2932
6091
7465
4168
7465
9332
9804
10183
10669
6326
5256
5510
5256
3671
3687
5500
3687
6568
8926
4034
8926
3456
7616
10212
10703
7518
4849
5642
7077
3085
7077
11264
2426
2427
2426
11270
2426
9713
2426
8490
8112
8113
8112
4609
4625
4600
4625
4479
12002
44
10957
10628
5609
8540
5609
966
1040
381
382
8724
8712
53
114
310
227
6543
4931
1737
1733
773
449
440
449
2726
5563
9212
4354
10680
4354
8596
4354
12257
4354
7110
11100
6035
11100
1079
1032
1036
1032
10675
10659
11194
7898
5250
7898
4186
7455
10049
7455
1847
1856
2190
1856
1797
2133
1788
2133
1783
2133
4399
4397
4346
4397
2746
2771
2624
2640
74
5266
4201
4205
4190
4205
4511
4512
4479
4512
4361
11240
8605
3372
3243
3372
10633
3372
9596
4745
11192
11181
10379
10994
11515
10994
11435
12374
8776
8773
8334
3259
3209
3259
8249
3259
5695
3259
7884
3259
2815
2846
4638
10437
4494
10437
8806
12447
12464
12447
4082
7714
5162
7714
3193
3198
3195
3198
165
2690
5553
2680
5553
11809
11966
10819
11966
11801
11966
3273
7530
4313
4364
11227
6479
3413
6479
11228
6479
10122
6479
10048
9020
449
450
11992
11696
11992
11696
5381
9408
9863
9408
5382
9408
3437
4772
3486
3485
9760
3485
7882
3345
5693
3345
5687
3345
8682
3345
5688
3345
6102
6101
237
1875
4684
7289
4642
7289
153
170
3080
9114
1175
1155
1120
1155
1019
1155
3987
3989
287
1264
11842
9891
9897
9891
5372
5371
5372
5371
736
626
590
626
8868
10967
10993
9487
10985
9487
2356
9487
5332
9487
10810
9347
10813
9347
10254
9347
1728
1752
1632
1752
8194
8146
10689
8146
3840
8146
8156
8157
1908
2214
2216
2214
8763
9356
8756
9356
12339
9356
2582
6887
2571
6887
1876
1877
10840
10812
5286
10812
275
1497
2430
2515
11357
5401
9845
11411
7837
11411
9512
11969
9511
11969
11858
11969
4184
5193
7530
6509
3297
6509
1178
1148
929
1148
10159
11699
9895
9378
9396
9378
9909
9378
11819
9378
11814
9378
12314
4802
4128
4142
4984
6071
4144
6071
9399
10832
10873
10832
10870
10832
3235
6463
8854
8803
2844
2857
2855
2857
3890
3924
10375
12045
8182
9192
5761
7224
3667
7224
8323
4175
8657
4175
4957
3402
7134
3402
3345
3402
968
1122
12408
8769
3982
6565
1240
1241
2786
2801
9301
2801
8659
2801
11736
2801
10777
11327
1122
1027
884
874
91
8855
10094
8516
11581
5998
3865
4030
343
1308
9623
4460
9043
4460
10562
4460
9181
10077
8593
10621
4595
10465
4911
10465
4039
6804
4004
6804
897
753
555
753
11722
9223
11308
9223
10245
9223
9732
9223
10227
9223
11723
9223
317
2271
5669
6039
10668
6039
11204
4953
10067
4953
9670
4953
9271
3541
9287
3541
3505
3541
4993
10935
10352
10935
12476
10935
8259
7210
12168
7210
11867
11832
2964
3006
10142
3006
10647
3006
8897
2366
9268
11718
4998
6299
8410
6299
3212
3221
3211
3221
3196
7997
10341
8389
2821
8449
2490
8449
5401
10717
1353
1354
11285
8070
9759
8070
9790
8070
9782
8070
3511
6158
9875
10868
11656
12207
11653
12207
9087
12207
2994
12213
445
682
584
682
4994
9315
12344
9315
10240
9315
11772
9315
4511
4648
4555
4648
2581
2593
2594
2593
4853
12302
877
577
795
577
8687
8670
4946
8670
10741
8670
8724
8670
10722
2262
3523
6176
3533
6176
5118
8952
7092
8952
10059
11641
8586
5222
8367
5222
8368
5222
11148
4707
12089
4707
5698
3317
5013
3317
3319
3317
3315
3317
3430
8591
5040
8591
6322
7964
6321
7964
5986
7964
9833
12348
1132
981
4647
4677
2905
2919
10031
11154
8214
11243
10674
11243
3071
5864
5887
5864
164
5238
8641
5166
10582
10559
6206
5736
6206
11685
2459
8610
2459
2448
2459
10672
2459
10643
4288
10104
4288
10105
4288
4290
4288
2735
2739
3697
6988
4025
6537
10603
7113
4174
7113
9100
7113
9669
7113
12305
10760
11420
11953
8752
11953
8761
11953
5314
2643
8598
2643
2627
2643
11710
2643
4585
4598
4600
4598
8797
12421
8800
12421
5037
8041
4091
8041
9394
12411
9415
12411
778
830
856
830
475
830
12002
5897
4648
5897
9186
5897
4774
5897
8221
8219
790
863
8371
10048
9636
10048
9121
10048
2942
2976
5006
7180
8117
7180
4388
12190
464
705
460
705
855
705
11487
5339
9626
6774
3346
6774
6432
6431
3562
3570
8805
8324
6538
11086
7551
11086
8807
4830
5194
4830
12276
10107
3693
3691
3676
3691
2789
7025
2767
7025
12285
2958
2953
2958
2918
2958
188
9555
3252
7549
6692
4916
5269
8837
120
12293
12269
8689
12269
8181
12269
1399
1612
3624
12123
4340
12123
3675
12123
3639
12123
3605
12123
5750
12123
6480
12123
4037
12123
5763
12123
3625
12123
5774
12123
3426
12123
7534
12123
7193
12123
3630
12123
5515
12123
8385
12123
2814
2815
2439
2815
302
301
10795
10770
3484
3493
3495
3493
9619
11164
10931
9887
9444
9887
2432
5323
11605
5854
12139
4736
9911
10906
10351
10906
8826
8817
55
115
9781
2835
9774
2835
2804
2835
4791
9491
10993
9491
9494
9491
2352
9491
1183
1098
961
1098
1026
1098
1126
1098
3556
3560
9418
9322
9855
9322
9410
9322
10814
9322
11363
9322
2213
2107
492
495
1830
2047
2046
2047
2016
2047
1227
1541
1468
1541
1223
1541
6829
11405
4034
9565
9060
9565
5217
2968
5817
2968
8564
2968
2970
2968
4387
4441
8731
4381
10821
4381
2712
2723
3317
3336
6064
4979
1721
1436
1293
1436
9731
11197
10624
11197
2515
5415
2523
5415
3450
3782
11801
11797
2560
11628
11777
10224
1798
1799
9405
8721
4188
8135
10754
12321
4085
4127
11315
4127
10655
4127
4918
11019
2507
11019
6281
11633
2596
5531
2613
5531
4040
4049
2043
2045
1839
2045
1835
2045
2263
11375
5708
6115
5710
6115
9716
6115
157
4105
5009
8620
4470
12288
4470
11275
4470
3137
4470
12512
2393
12224
4963
10062
4963
11145
10455
3754
4728
1886
2105
6536
7786
8479
7786
8128
8660
11827
10876
1707
1689
1504
1689
1319
1689
7134
3328
9136
3328
4766
3328
3300
3328
8556
9099
1730
1722
1723
1722
1188
1095
1081
1095
5884
7954
4474
7954
8468
12078
5327
10289
4205
4211
2614
6891
2598
6891
7090
8962
4616
8962
12448
11482
4761
11482
8816
11482
9824
11342
1582
1564
1571
1564
8648
9239
3515
6168
7551
8060
4014
8060
30
358
2565
12266
4216
6023
7993
7699
6406
7699
9424
10858
8774
10858
12429
10858
313
3763
5185
8708
10741
3410
12138
2718
12138
4953
12138
12186
12138
2622
12138
8121
12138
4491
12138
4241
12138
8337
12138
8388
12138
12228
12138
10566
12138
3000
12138
2487
12138
4905
12138
2891
12138
8465
12138
3096
12138
5562
12138
8382
12138
10572
12138
7092
12138
5187
12138
8480
12138
7519
12138
2790
12138
9007
12092
4236
7437
10065
7437
9928
12430
5495
5498
11980
5498
172
205
1367
1697
1716
1697
5968
5967
8270
8269
4412
4535
9396
9374
9400
9374
139
190
9179
8303
4386
12195
1210
1205
3975
5111
1229
1230
472
479
776
479
6457
11101
6466
11101
4530
6675
4560
6675
9838
10272
10831
10272
2590
2616
8800
11479
9779
4085
4088
4085
210
5787
10553
954
1002
1215
1016
6184
7932
6982
7932
8817
10359
10970
10359
10361
10359
144
185
797
796
890
796
518
796
308
306
4269
5994
9920
9910
12432
9910
2311
11874
4885
6181
9077
6181
11202
6181
76
3101
3112
9246
3112
7033
5027
4500
6240
4477
6240
11805
10245
5474
10245
4871
10245
9335
12320
6623
6642
7145
6642
2436
2441
2444
2441
8674
9766
2075
2207
1779
2207
4232
5149
3443
3809
47
286
4724
7228
5765
7228
5042
3763
3749
3763
9166
3763
5043
3763
5660
5659
3896
3928
6102
6100
1559
1683
1415
1683
1619
1618
1326
1618
9367
3430
9276
3430
2276
10998
5041
7585
3830
7585
8403
11804
12495
11804
1338
1339
3753
9165
1378
1381
10670
9711
4354
6327
5226
3779
5715
3779
8991
11947
3641
11947
8226
11947
6286
11947
4565
11947
1219
1476
5992
4982
4453
6951
5007
6592
5190
6592
9022
7894
2493
7894
4140
4251
8632
4251
3164
3167
5209
3167
8785
9880
8715
5400
12345
5400
173
10929
11463
2801
2800
5449
2800
3056
5832
7141
8983
9021
8983
12049
7096
5952
7096
882
612
878
598
2438
12283
532
760
527
760
850
760
5248
11071
5882
11071
7515
6705
5069
6705
9889
10302
6142
9627
11236
9118
8840
11509
5142
6411
4169
6411
2568
5519
2555
5519
2954
2981
11331
2981
453
707
457
707
591
707
9870
9404
12501
9404
9449
9404
4408
8273
5990
8273
2678
8273
3070
8273
2549
8273
2568
8273
2879
8273
4990
8273
8380
8273
5569
8273
8326
8273
2788
8273
8329
8273
2521
8273
5801
8273
2648
8273
4475
8273
5558
8273
4331
8273
12170
8273
2514
8273
3122
8273
8392
8273
2425
8273
2596
8273
2840
8273
2694
8273
2613
8273
8276
8273
5440
8273
5574
8273
12143
8273
8310
8273
3145
8273
5434
8273
12148
8273
2474
8273
6275
8273
2429
8273
2555
8273
2529
8273
5892
8273
5445
8273
12024
8273
2633
8273
2655
8273
4945
8273
4612
8273
2410
8273
12192
8273
8404
8273
8271
8273
4235
8273
5933
8273
2583
8273
2536
8273
4688
8273
11645
8273
3921
3936
12229
5812
4316
4368
1232
1233
5800
7236
2945
7236
8290
11544
2344
9933
9535
9933
2357
9933
5105
7718
6483
7718
8670
3194
9264
3194
12343
7867
12343
7867
3257
3875
9694
3875
550
838
771
838
9525
9929
5996
4261
4155
4261
299
3119
3157
9762
3157
9677
3157
8192
3157
370
371
6962
6961
4268
12230
195
8892
5425
9808
5353
9808
4668
4690
12366
11805
1337
1338
4424
6318
4406
6318
14
5274
10779
9747
6033
5673
11254
5673
9138
5673
6032
5673
9153
5673
4806
5673
4584
9155
4311
4358
6199
7187
4881
7187
1678
1655
1676
1655
4516
8402
1039
1172
965
1172
10688
5435
5431
7857
6866
7857
5573
11545
12216
11545
4668
5946
3508
3516
3542
3516
4304
4376
11461
11453
4580
10579
4301
11132
6360
11132
4049
7801
4008
7801
9538
10373
10935
4893
4801
4893
4936
4893
8295
4893
915
926
789
759
567
759
511
824
853
824
3803
3842
3838
3842
2435
9300
12373
9300
5357
9300
9341
9300
6814
2358
7827
2358
9051
7771
3571
7640
3525
7640
4644
10403
5224
10403
11203
10563
10583
10563
9070
10563
7295
7321
5912
7321
479
480
8585
10090
3575
8934
3500
8934
521
522
4795
12444
4828
12444
4349
4406
2476
2898
9505
10369
9207
10609
3001
9984
2983
9984
616
617
4657
4619
4570
4619
8084
5957
3691
8259
2483
9040
4064
7846
7518
12194
11771
11761
8573
8372
10667
2512
2517
2512
2511
2512
2413
2512
12031
6722
8346
6722
9360
10191
2519
2530
11654
8485
8701
5703
3062
8345
4377
7417
4333
7417
11332
9756
12245
5669
1285
1471
1281
1471
1725
1457
1329
1619
12045
8198
2364
8198
9505
8198
11721
2714
9305
2714
2713
2714
65
5304
5613
7044
5608
7044
3746
3753
5732
3753
1568
1566
1573
1566
8866
11875
5996
4250
7100
4250
9826
11314
373
374
3116
9778
3109
3146
6951
6950
3843
3905
4108
7492
4083
7492
10908
10881
5654
4416
4419
4416
9679
4416
9159
4416
3467
3476
10137
10619
2220
2202
2008
2202
1880
2202
6198
7666
6196
7666
8144
10413
4464
10413
2488
5625
2506
5625
8583
2458
2447
2458
5451
2458
568
835
914
835
2877
2882
5329
12361
5176
12361
5330
12361
5717
3458
10649
3458
9193
3458
10095
3458
3839
3823
9316
3823
10977
2412
4515
4563
1900
2104
11217
9066
1033
990
1015
990
4543
4609
9721
4609
2014
2044
2043
2044
1838
2044
10302
9826
11817
9826
10342
9826
4623
5931
8108
12504
10674
8562
7906
6278
4564
6278
2699
2704
887
788
845
788
2416
6852
2551
6852
6106
7554
3859
7554
2619
5314
2059
2060
2140
2060
3724
3735
3763
4881
4300
7407
6356
7407
1418
1685
1519
1685
2981
8182
10330
10325
12452
10325
8175
10325
10820
5713
10826
5713
11793
5713
12321
3915
5713
3915
10752
3915
11755
3915
1871
2031
2027
2031
8402
6256
7905
6256
5736
7195
12204
7195
1208
1084
3044
5849
3097
5849
8855
2316
11331
11304
4118
7488
4082
7488
5934
7348
8491
7348
372
375
3016
12226
12331
11274
9116
3290
9175
3290
3288
3290
8538
3131
8254
3131
8505
3131
8391
12405
5218
12405
4306
12405
2929
12229
3669
12163
4183
4186
10824
9818
191
8888
2135
2068
1797
2068
5779
7949
6998
7949
9661
6247
9666
6247
2112
2013
4141
10183
3262
7727
5002
7727
5381
9838
9863
9838
5382
9838
8317
8464
4930
7377
4539
7377
9227
9133
9471
9452
9471
9452
731
898
910
898
4433
6308
7961
6308
11696
2674
2663
2674
8584
2674
9169
2674
5360
10690
4915
10690
10721
10690
6857
10690
9285
10690
5172
10690
8583
5453
3651
3662
3658
3662
4131
5132
9342
11972
6830
11972
10772
4579
10775
4579
10315
4579
11445
4579
12364
4579
10297
4579
2559
2568
4685
9965
5971
9965
11495
7831
12166
7260
3050
7260
5506
8412
3630
8412
450
586
875
586
9104
3960
11207
3960
5011
3960
1607
1736
1280
1736
1608
1736
1293
1736
1285
1736
2132
2173
1806
2173
2050
2173
11472
10893
11776
11998
11368
11998
8067
11998
8143
8497
6569
7811
3922
7811
5131
6743
12151
6743
11235
11668
9093
4054
10071
4054
9131
4054
7150
6639
7146
6639
12332
3506
10751
3506
11344
3506
9787
3506
1607
1730
1732
1730
4713
11435
4066
11435
8784
11435
3189
4097
9221
4097
5944
11551
3666
11551
4700
11551
11887
10982
6839
10982
12471
9462
8808
9462
9485
9462
9724
9701
9103
6623
9101
6623
4804
6623
5616
8454
5610
8454
5297
11400
1366
1694
1425
1694
11278
4237
10152
4237
10165
4237
9299
4237
10906
12425
10916
12425
1810
2199
1805
2199
2422
12404
10892
12404
10889
12404
4448
4998
9099
6937
3897
6588
3061
3072
10270
12316
12374
12316
9872
12316
10853
12316
9892
12316
11945
12316
2302
2303
971
1191
12360
10312
12360
10312
10284
4064
4877
4064
1669
1647
1667
1647
4914
7647
8344
7647
2236
2089
142
5281
2576
10702
2576
2418
2576
2587
2576
5019
12081
12194
6715
5101
6715
2060
2061
2050
2061
1809
2061
4185
6401
4249
6401
3243
9108
3032
3045
2398
11519
8169
9129
3120
9129
8601
9129
8664
9129
477
826
852
826
4899
9047
12185
9047
3829
9047
4864
9047
3524
9047
4724
9047
4332
9047
3303
9047
12190
9047
3782
9047
4242
9047
12168
9047
6469
9047
8333
9047
5765
9047
4917
9047
3814
9047
3539
9047
4031
9047
3923
9047
8256
9047
7137
9047
7192
9047
7151
9047
6987
9047
4566
9047
6282
9047
6989
9047
3690
9047
5097
9047
3770
9047
12131
9047
3407
9047
3709
9047
3996
9047
12034
9047
4371
9047
6124
9047
12146
9047
3954
9047
12173
9047
3472
9047
4410
9047
8322
9047
4045
9047
3460
9047
2087
2030
2028
2030
1870
2030
2553
2558
2541
2558
3813
9955
3828
9955
4511
5463
3650
3652
3657
3652
236
1872
7999
7708
4843
7708
1040
1158
967
1158
3601
5509
3726
6193
3965
3970
4711
9414
12468
9414
8715
5071
12345
5071
5399
5071
11973
5071
3146
7270
5887
7270
1231
1234
11203
5802
10583
5802
9070
5802
9253
5479
2862
8313
9767
3941
10217
3941
4007
3941
11320
3941
4513
4553
4551
4553
3343
5101
10096
3468
10134
3468
9152
3468
9149
3468
19
3648
5772
5810
7241
5821
7241
11511
12457
10942
12457
7032
9056
6327
7678
4358
7678
12021
7597
8385
7597
1584
1757
1554
1757
1193
1145
1103
1145
2593
2606
2604
2606
5117
11111
3292
11111
5168
6371
4240
6371
12111
7656
3756
7656
4550
9078
10056
10535
12148
11149
11155
11149
3089
3102
3090
3102
2959
2993
2972
2993
8227
8790
1216
1083
9232
10134
12333
12319
4669
6266
4651
6266
9797
8225
1719
1445
1279
1445
10236
3839
5478
3839
12450
9920
2312
9920
9930
9920
547
877
791
877
6847
6862
3604
6862
4012
7564
4048
7564
9113
4330
8226
8991
3121
8552
9288
9740
9273
9740
3706
5745
6297
11027
4335
11027
8868
2341
4162
9671
3822
3819
3784
3819
8635
9184
879
871
875
871
11014
11009
11441
5375
2745
2742
2735
2742
9912
9895
733
810
631
810
8578
8534
668
562
9798
10728
10850
9343
12454
9483
9530
10963
6867
2493
8556
2493
5697
5696
11213
11655
490
491
2662
10433
9742
10152
5116
11721
5116
11721
126
9145
3481
10097
3481
3471
3481
12122
5019
12006
5019
2118
1959
3340
3341
6492
3341
2709
5557
2717
5557
4381
4436
4439
4436
3638
9584
5776
9584
741
657
684
657
9691
6105
10121
6105
10125
6105
4028
6105
11318
4201
11686
4201
12263
4201
10203
4201
11321
4201
4576
4741
913
912
567
912
3218
4858
2669
11185
1343
1579
1427
1579
1578
1563
1429
1563
9543
11498
2914
2930
4839
2930
5674
7126
6407
7126
10959
8777
8324
8777
9498
8777
3722
10396
6985
10396
10241
4876
5371
4876
5372
4876
5374
4876
8714
4876
12347
4876
2981
3024
9261
3024
5367
3024
8130
7451
4259
7451
5318
2775
9394
2775
9392
2775
9415
2775
11460
5342
5484
5482
5484
5482
3943
6550
4348
4393
981
1136
1105
1136
2510
5789
2492
5789
8767
8748
8120
12270
2782
2805
5174
6561
9626
6561
2368
8851
3158
5164
2214
2002
1995
2002
10803
10736
12330
10736
3628
3634
3633
3634
9556
11323
3279
6494
4068
6700
3262
6700
3015
7059
5634
7059
97
9529
9484
12439
2321
12439
11492
12439
3232
4906
8319
11934
9463
11934
1387
1668
1698
1668
1392
1668
223
10351
10916
6327
4428
7094
4428
69
1217
5
1217
4
1217
50
1217
945
1099
2820
2853
6819
8807
5219
8807
4999
8807
6043
6042
8899
4770
4107
4171
1509
1560
4876
3089
5456
3089
8140
7138
2678
5546
2655
5546
12363
11415
4832
12397
11935
12397
4165
6075
5676
6075
3244
3370
3368
3370
3188
5197
8622
5724
3370
6467
493
494
493
719
578
719
3796
3798
3432
3798
3444
6130
3573
8432
1083
966
9139
8244
34
354
8152
8153
1982
2165
1906
2165
11149
11537
2365
10979
12456
10979
2543
6883
2557
6883
5345
5405
5343
5405
5344
5405
11975
5405
2865
2863
5450
2863
1389
1669
1698
1669
1746
1421
1413
1421
2324
11935
11851
11935
12168
6216
3690
6216
3872
4032
8085
4032
1928
1929
1925
1929
10107
10598
7429
7985
5170
7985
4893
4760
3222
3277
9709
3277
2903
2909
2484
2909
244
1903
6993
6992
3133
5154
4015
5243
92
8861
5183
7103
4328
7103
4291
4292
4264
4292
2416
11748
10049
10021
3943
6551
12311
10677
12311
10677
355
1350
3059
5644
12001
9275
6273
7390
4523
7390
5181
7450
6063
7450
2337
2359
9942
2359
9945
2359
9941
2359
9940
2359
9943
2359
9946
2359
9944
2359
4583
4582
4537
4582
36
352
3027
7069
3039
7069
1265
1516
1597
1516
8174
8028
9048
8028
4043
5086
11816
10830
11211
8163
9647
8163
11657
8163
10099
12189
10091
12189
10088
12189
564
704
756
704
489
720
485
720
580
720
10923
9434
10171
9242
9259
9242
1411
1771
1745
1771
1976
1986
8476
11608
8467
11608
5818
11608
8652
8583
11715
8583
10958
8209
12446
8209
3749
8628
3281
3360
8811
11811
11256
10117
9539
9533
4770
9533
9536
9533
11924
11339
3499
3536
5721
3536
9909
10344
6541
10484
8343
10484
2576
2581
2563
2581
3306
6457
3081
11654
4948
6446
4080
6446
5165
6386
4258
6386
2354
6814
4940
10162
3205
4935
9832
4935
161
21
10788
9799
2757
5567
158
168
828
809
823
809
2465
2466
11753
2466
2450
2466
4618
4621
4570
4621
11386
8179
10271
8179
11763
8179
10743
8179
11764
8179
12176
7532
229
6834
5714
3900
3840
3900
8674
3900
8828
10953
11660
12186
9084
12186
9648
12186
862
701
503
701
12298
3016
9286
3016
9297
3016
6215
7220
5758
7220
2701
9305
5701
3248
6089
7461
4163
7461
3944
9686
4226
10429
5148
10429
8856
8850
11919
8850
3050
7073
12191
7073
2859
5594
3677
3683
11840
3683
4356
8036
7962
8036
1352
1353
11748
10707
10771
10707
12498
10707
9177
11222
4484
5885
4719
3528
3498
3528
5470
4717
1427
1578
1341
1578
1346
1578
11927
4868
10365
4868
8595
2879
10091
2879
10088
2879
10126
3307
7130
3307
3301
3307
7132
3307
2607
2622
10670
10648
2370
8296
12516
8296
2381
8296
2398
8296
4770
8296
12046
8296
2378
8296
12511
8296
5282
8296
12513
8296
5279
8296
12519
8296
2367
8296
12510
8296
2388
8296
2273
8296
2279
8296
2278
8296
2383
8296
12514
8296
2362
8296
2371
8296
2403
8296
12509
8296
12515
8296
2385
8296
5292
8296
2374
8296
8325
8296
2405
8296
8107
8296
12500
8296
2363
8296
2275
8296
2382
8296
2360
8296
2390
8296
2395
8296
5287
8296
8108
8296
2276
8296
2361
8296
2287
8296
12512
8296
2377
8296
10848
8636
10293
8636
11403
8636
4542
8636
7831
9428
9433
9428
11465
9428
2858
5596
3740
8034
12204
8034
3446
3807
12244
11731
155
92
10812
10783
12019
5147
8680
9171
1805
1806
5658
5657
539
540
11235
11218
10641
9684
10032
7335
5926
7335
10272
5208
159
9162
3748
3765
3748
282
8772
10280
8755
10280
4586
8634
3850
3851
11282
3851
9218
3851
3848
3851
4137
8294
7090
8294
4186
8294
5173
8294
5014
8294
4222
8294
5239
8294
10534
8294
6108
8294
9616
8294
5851
8294
4278
8294
6944
8294
9609
8294
7147
8294
152
112
4893
3173
6986
7940
3719
7940
3478
5029
668
892
896
892
2381
12489
9947
12489
9948
12489
12436
9902
12481
9902
9488
8798
12426
8798
9487
11477
9491
11477
3521
6650
4991
6650
2349
6816
5197
6444
12197
6444
11940
6384
4247
6384
10363
10357
9523
10357
2315
10357
4819
6232
5836
6232
6161
11065
3549
11065
10191
3120
9746
3120
3104
3120
5373
3120
2973
3014
6980
12015
6981
12015
10581
8267
1312
1589
1600
1589
4577
5969
4074
6092
12256
6092
7874
7873
4310
6003
6837
6836
3625
5517
5515
5517
5894
7903
6944
7903
6
11924
10151
12271
11269
12271
4582
5973
3162
4791
12482
4791
3415
3422
9127
12155
9665
12155
11212
12155
8891
11448
8123
5084
10847
11388
11402
11388
8141
7869
9455
9436
2368
9436
11838
9436
11907
9436
298
392
4153
4990
5192
6661
3576
6661
5214
10486
4046
10486
11882
10346
3499
3534
4719
3534
5117
7755
6488
7755
9892
9872
9892
9872
12378
5392
5338
5392
1740
1398
2726
9629
3828
6600
3856
6600
3135
4483
4486
4483
9715
4343
10682
4343
9720
4343
11737
4343
6963
4343
51
11507
5167
3203
5198
3203
12279
3203
3171
3203
2535
5421
2550
5421
484
729
489
729
767
729
2763
2792
2999
5840
9035
5840
10885
9845
9441
9845
8781
9845
4772
5178
3797
5178
9320
5178
2811
11527
11454
10310
10887
10310
9393
3169
9368
3169
8162
3169
8724
3169
1004
1186
952
1186
984
1186
12377
9393
8406
6214
12491
2379
8618
9201
8618
9201
11958
6828
8642
5646
9256
5646
9739
5646
8647
5646
11729
5646
9282
5646
2952
5820
722
907
555
907
4131
5156
3751
3777
3237
3391
4272
6329
1212
944
4812
12448
8836
12448
11505
12448
9111
3298
5727
5726
12185
7765
3407
7765
6017
6333
4299
6333
12150
10577
3488
6651
3522
6651
4556
4682
187
8900
2649
5544
2659
5544
262
1399
10177
11686
3469
12154
3036
3038
3729
7189
8236
10011
12025
10011
1
11925
1862
1865
2835
7859
10229
10698
1701
1751
1395
1751
12159
8246
11219
8246
1857
2139
2012
2139
8854
2330
3351
6496
3340
6496
3529
8018
6165
8018
3762
8528
5043
8528
8604
8528
5603
9633
4414
8410
3716
4904
9324
9749
1070
943
9551
10734
3591
3636
3631
3636
2665
2681
4097
5166
3252
8083
6274
11140
5958
11140
12453
4305
2328
9927
4028
11281
3642
7005
5505
7005
755
730
558
730
9129
3159
3119
3159
9449
10914
12295
3850
9823
2464
10276
2464
10258
2464
9797
8683
4520
4521
4417
4521
3267
3861
6144
7632
3568
7632
6415
7124
5082
7124
8697
9292
2860
11617
4389
11603
11943
4275
11943
4275
3680
5738
8571
5738
9154
5738
11229
5738
9148
10082
5073
6975
1248
1251
2453
9032
5999
7419
4335
7419
3380
6730
3401
6730
12144
5918
538
539
11967
2432
10257
2432
11820
2432
10891
2432
4244
5667
2477
8380
3020
3026
5508
10394
3635
10394
8539
4874
1710
1588
1271
1588
1276
1588
5263
8257
10803
12014
3596
3628
3631
3628
1818
2213
1823
2213
5963
5959
6956
5959
4546
4617
4071
5033
2512
2522
2518
2522
10563
10548
1866
1867
4125
8536
2361
5293
3029
6942
9422
11743
1767
1766
1408
1766
4234
4242
4388
4434
4631
9586
4664
9586
2768
11689
6088
7500
6408
7500
12293
5694
8689
5694
8181
5694
11253
10607
9695
10607
11244
10607
9507
10367
9509
10367
5164
11055
3139
11055
11355
3583
11351
3583
9250
3583
10791
3583
4521
4452
4400
4452
4660
4663
8569
4133
4125
4133
5016
8508
3185
8508
10951
4709
1848
1849
5265
11906
6844
11906
4613
6264
4930
6264
9462
12380
12226
10136
6102
3319
12237
3319
5700
3319
8749
10843
161
2422
11993
12497
8387
5572
8447
2826
8447
9109
7515
10827
11779
5742
7202
3708
7202
12002
9186
12002
9186
12153
11663
4058
6793
3990
6793
10788
10719
8600
7566
12162
7566
2597
5525
2585
5525
3817
3888
2137
1997
1996
1997
211
63
1257
1258
7568
8062
6567
8062
6105
9054
3684
12168
598
859
873
859
8334
12236
5696
12236
5693
12236
5695
12236
5687
12236
5688
12236
8000
7999
4317
6297
1205
1199
6834
8662
6586
10501
11173
10501
2594
2604
2603
2604
4405
7423
5183
7423
3785
10079
6190
7654
9649
7654
916
1076
933
1076
2813
5613
5231
5230
4170
6037
1344
1686
1427
1686
1699
1686
6586
8960
5602
10128
8586
10063
771
793
10791
11351
10791
11351
9524
8823
1933
2170
2159
2170
1988
2170
10684
10590
8558
10590
5585
10471
5593
10471
9904
4066
2554
2574
2564
2574
299
297
11689
10109
577
767
498
767
12410
9416
2265
9416
11487
9416
10911
9416
2454
2821
9733
12239
3468
7145
10713
8217
9666
5899
8861
2314
4429
7398
4533
7398
6828
5337
2266
5337
12398
5337
5713
10752
5713
10752
749
885
887
885
2896
8915
9041
8915
2714
2737
9736
2737
4903
12463
11853
12463
1934
1995
1987
1995
11388
11776
165
98
4027
6539
3737
7172
9345
11268
2302
11268
2853
8456
5586
8456
4346
9785
346
1314
4129
4822
4646
4679
2371
11909
12015
3562
10098
3562
3168
8735
2653
2668
2637
2668
770
400
2832
8121
5325
2917
1295
1296
8524
8478
8509
8478
11667
8478
1612
1735
1738
1735
12232
11199
2931
2943
222
4093
6688
8005
6688
10802
10762
3202
4078
9194
4078
942
1190
5485
3504
5487
3504
5649
11582
5647
11582
9603
11582
3565
8941
9610
9601
12362
11361
2112
2036
2035
2036
9651
10053
10078
10053
9652
10053
7549
6523
4823
6523
11622
5795
8480
5795
6479
4977
3861
6513
3348
6513
3940
4056
8209
9889
10338
9889
397
399
393
399
2642
2658
9672
3991
8211
3991
11797
9330
10819
9330
6140
7608
3806
7608
8585
12050
5914
7291
4491
7291
3548
3552
3540
3552
3682
11276
1024
1055
1116
1055
4161
4184
4140
4184
8118
8819
7833
8819
1727
1718
1726
1718
9103
12052
9101
12052
3472
6615
3460
6615
3451
3790
7548
7547
2674
2676
2673
2676
8488
7031
3199
6425
10155
11258
6942
8466
10381
8839
478
827
856
827
852
827
4090
7697
4110
7697
1673
1652
1662
1652
4586
9237
12164
3095
3040
3095
6351
7439
5022
7439
10378
11862
9940
11862
2344
11862
11870
11862
2675
2706
12502
5316
2389
5316
5489
10635
5489
10635
6108
7556
3964
7556
3161
4462
4621
4653
9150
9097
5717
9097
10095
9097
10731
11306
1773
1626
1684
1626
949
1058
3236
3235
3183
3235
11441
10287
4607
6254
6270
6254
12430
10921
10357
10921
3536
6143
1386
1744
1641
1744
3911
7578
2481
2478
2469
2478
4736
4047
9094
4047
4041
4047
3756
7664
3760
7664
3890
5007
2450
8652
3464
3474
5922
9571
4692
9571
12487
11490
4098
11350
4087
11350
9849
11350
11251
4414
4420
4414
12011
4414
3701
8970
454
455
8532
9064
3230
4948
4079
4108
11405
9824
12386
9824
8811
9824
6474
8052
7527
8052
1257
1259
1253
1259
339
437
3934
11017
6587
11017
4125
4129
4089
4129
11990
11757
11374
11757
885
876
548
876
2732
2750
2731
2750
2703
2716
2715
2716
1905
1908
17
3988
6575
3998
6575
2847
7046
5186
7046
4174
10653
64
5306
11310
12288
883
603
1122
1041
1027
1041
8516
5787
8500
5787
9667
5787
3456
4921
9364
9754
10247
9754
6874
9754
8179
9251
10695
10160
8684
12001
11925
12046
4507
4635
12331
11316
9088
4165
3110
3144
10347
8779
10114
3253
10133
3253
12252
3253
9178
3253
11271
3253
9240
3253
1022
1059
1115
1059
2101
2164
1981
2164
1911
2164
6182
8936
6163
8936
4342
4404
5677
6061
4225
6061
214
332
11989
9368
10972
10948
1928
2239
1924
2239
233
454
2906
2922
9428
12357
8873
2378
3402
6473
4840
5017
4994
5017
2728
5559
2370
11007
10618
3983
3929
3983
6114
3983
6113
3983
11642
7283
12134
7283
3710
9986
5751
9986
8582
6542
12227
6542
9198
6542
12390
7844
2271
5350
6849
5350
5491
5490
6068
4118
1460
1486
1455
1486
11740
5361
11753
5361
11335
5361
6123
9085
5945
5944
11983
10977
55
1330
1331
9862
10295
10319
10295
3243
6692
9130
6692
8345
3087
3086
3087
12188
7685
8381
7685
3336
6503
3364
6503
3965
5199
6471
6469
6002
4374
3508
3514
3517
3514
11391
11965
12499
11965
2419
11965
1388
1391
4301
9611
4918
9611
2566
9611
2647
9611
5431
9611
5677
9611
5563
9611
2616
9611
5567
9611
5596
9611
3014
9611
5959
9611
4663
9611
5573
9611
2543
9611
7913
9611
4890
9611
3147
9611
4407
9611
6273
9611
2489
9611
2520
9611
4094
9611
4815
9611
6024
9611
2557
9611
6360
9611
2531
9611
5616
9611
12216
9611
2878
9611
3092
9611
2657
9611
4185
9611
5827
9611
5610
9611
2507
9611
2537
9611
8077
9611
4249
9611
5426
9611
2584
9611
2920
9611
4595
9611
2629
9611
4911
9611
3001
9611
5970
9611
7923
9611
4971
9611
4432
9611
6866
9611
4225
9611
3123
9611
2595
9611
5584
9611
2983
9611
5808
9611
4120
9611
4523
9611
2839
9611
6295
9611
4458
9611
4637
9611
5442
9611
2691
9611
2672
11695
1863
1864
2270
4762
210
60
232
451
5230
6050
5227
6050
5229
6050
2837
10035
3281
3362
607
742
390
742
602
742
11873
8809
10946
8763
5259
5258
12163
8928
6597
7618
5191
7618
5653
12049
8102
8440
6326
8440
3821
6122
1080
1007
11515
9527
5635
7057
3026
7057
5319
2761
2732
2761
3807
6605
3788
6605
11
5276
11281
4040
8140
4040
10149
4040
6540
6781
6546
6781
4552
10119
3234
8395
8881
12511
12305
11337
1236
1462
1461
1462
8624
11694
2343
8148
4999
8148
2338
8148
4699
4752
3307
6459
4426
7094
4384
7094
5955
7094
12516
11964
2782
5573
5350
5351
2272
5351
5992
4300
3191
3196
3192
3196
3639
7000
5502
7000
8786
9406
3921
3934
12106
8207
10663
4590
10664
4590
4552
4590
6948
4590
9037
7234
9041
7234
4617
7382
4564
7382
8336
7442
10064
7442
3434
12240
5061
7475
6094
7475
11316
9250
8675
9250
9312
9250
7845
9250
11734
9250
146
9598
11567
1312
1313
5475
10679
10836
10822
933
936
1203
936
919
936
9711
2848
12255
2848
4177
8905
8100
7067
12174
7067
2728
2751
1936
2242
2258
2242
12176
3352
9168
3352
5619
7896
2494
7896
2370
11910
71
5268
6286
6285
11481
8753
11495
8753
2909
2907
2482
2907
3277
3279
3285
3279
9446
12376
11487
12376
9890
12376
8628
10141
449
627
5719
4719
5482
4719
11273
4719
5486
4719
5484
4719
10185
4719
9764
3309
3233
3309
11308
10170
2835
2877
2802
2877
9902
12379
3226
3263
469
472
4149
5996
4148
5996
2462
8518
9223
4155
4138
4155
3422
7540
3297
7540
6947
10663
87
8875
4121
7505
8315
7505
12368
11780
11361
9764
10769
9764
8750
9764
8693
9764
531
532
8073
7212
5758
7212
8493
4843
4778
4843
4475
10427
4490
10427
11304
9261
11304
9261
1309
1310
9779
10709
3823
3892
3893
3892
10904
9376
9848
9376
9389
9376
1348
1601
1426
1601
2933
8177
4520
11230
31
243
153
94
11517
8842
2610
2630
12165
6051
8318
6051
1975
1976
2131
1976
1799
2052
1804
2052
2051
2052
10292
9358
9375
9358
11399
9358
11409
9358
2830
5603
4874
10511
6000
10511
2590
2614
9817
9797
9811
9797
2733
5569
2012
2112
12485
11887
8131
7956
4708
7956
11341
9288
9317
9288
9795
9288
3045
5847
3026
5847
11979
11822
5335
11822
4794
2890
2915
2890
10635
10098
6980
10098
12317
10098
9549
10874
11166
7978
7110
7978
5267
2332
4614
7363
6280
7363
5913
5908
5155
5908
10014
10521
11379
10238
3629
3641
12155
7409
5993
7409
4398
12343
779
546
6862
6860
275
670
4432
9971
4523
9971
11343
11293
9697
8570
4547
4607
9255
8190
3231
5055
7102
8231
8307
8691
5477
8691
8398
8691
886
880
884
880
3973
7784
4024
7784
10654
10617
10645
10617
10130
10617
8163
11033
8129
11033
11871
11958
2686
2693
7841
11690
4436
4548
4928
4548
6949
4548
9698
4548
8470
8091
1133
1194
1205
1194
1205
1194
3995
8499
7136
8499
5590
8499
5881
8499
5609
8499
3989
8499
5111
8499
3970
8499
4617
8499
6088
8499
3149
8499
3401
8499
3075
8499
3039
8499
7906
8499
5182
8499
5800
8499
5062
8499
6602
8499
8109
8499
2845
8499
5823
8499
6544
8499
4060
8499
4633
8499
5592
8499
2510
8499
4675
8499
12145
8499
2861
8499
3376
8499
4923
8499
3285
3282
3265
3282
3310
3334
10676
12218
5054
6637
5192
6637
4157
6355
10559
4698
3769
4698
4973
4698
4969
4698
9081
4698
5051
4698
5736
4698
8336
4698
5222
4698
4049
4698
6588
4698
9078
4698
12155
4698
7172
4698
9085
4698
5944
4698
5755
4698
3988
4698
3804
4698
5993
4698
10064
4698
3740
4698
12171
4698
11630
4698
3963
4698
4842
4698
3998
4698
6993
4698
12204
4698
9061
4698
6127
4698
4247
4698
4902
4698
3666
4698
10555
4698
4008
4698
5220
4698
5747
4698
4370
4698
5764
4698
7178
4698
9080
4698
8783
12422
2538
2543
1195
950
4520
4577
4583
4577
9462
9460
405
406
2308
12508
2309
12508
2310
12508
9532
12508
2313
12508
2307
12508
2311
12508
11777
10226
5244
6923
5245
6923
12304
10682
8590
8541
5003
10001
4054
10001
4959
6768
3872
6768
4188
4223
8695
5281
2575
5281
10216
5281
6462
7729
3424
7729
5063
5140
5402
3670
3671
3670
9012
7379
5958
7379
8388
8008
757
748
2840
12141
2987
12141
11645
12141
3154
5878
4476
5878
2426
2430
2428
2430
3959
3952
3882
3952
3750
4914
9165
9655
3423
8420
7528
8420
5405
3591
3590
3591
12213
7252
9036
7252
1532
1528
1514
1528
12413
10904
2363
2364
4314
4315
4281
4315
3370
4734
3062
5856
4261
11166
10693
11707
11294
11707
6859
11713
4704
6249
4651
6249
2622
7015
2638
7015
4724
7947
8322
7947
12202
9049
10100
9049
2269
9470
5262
10990
2975
2974
2971
2974
8083
6758
11954
6758
5235
12073
3600
5507
4285
7913
9537
6841
2385
6841
8847
6841
3082
3125
10318
11392
4914
7649
5024
7649
8851
11517
2281
11517
5292
11517
11953
10791
11782
10791
10605
12133
9143
9127
5243
6776
3955
6776
215
336
6122
11084
5157
11084
2762
5448
11407
5388
12232
6365
3387
7733
3376
7733
8092
3080
9280
3080
3076
3080
4312
8326
1404
1405
2764
2788
4231
4239
2275
11912
6990
6204
3704
6204
9914
10320
12431
10320
1583
1529
1515
1529
2817
6939
10220
3213
3206
3213
9820
3213
5246
11638
3073
5866
5837
5866
9808
7825
9333
7825
9328
7825
10554
11156
36
240
1921
1994
1993
1994
1978
1994
11339
2283
4106
4099
10106
4099
6038
4099
9144
4099
1637
1739
1612
1739
1614
1739
1636
1739
1334
1739
1740
1739
3647
3660
11446
11421
11448
11421
10889
11421
53
235
8626
9211
2932
5810
9688
9665
12166
7262
5093
7262
10690
2479
2480
2479
2498
11178
3957
3962
3640
5780
2897
5631
2510
5631
2150
2018
10612
11208
2062
2063
1803
2063
2051
2063
5936
7353
4687
7353
3153
11591
3792
11029
8142
11029
4483
4491
3785
3817
3824
3817
11761
12331
10749
12331
1264
1265
4075
8338
4784
4783
4784
4783
10578
11147
4626
5925
4223
7966
4922
7966
2910
11623
4757
5218
11224
3837
8366
3837
3555
6174
3531
6174
3926
7599
4732
7599
4810
6806
6805
6806
8874
8782
10341
10331
3102
3110
3108
3110
10073
12128
1549
1607
1634
1607
9914
9912
12431
9912
3264
3383
3385
3383
5716
3443
3778
3443
9743
3721
9250
3721
4330
6013
7404
6013
276
669
9694
8560
3173
5477
7912
4322
11369
6870
2078
2079
1780
2079
2075
2079
4076
6088
11293
3004
11711
3004
9278
3004
5364
3004
9294
3004
12297
3004
4349
5065
8813
9441
5339
9441
9448
9441
10786
9732
8757
9381
10855
9381
1788
2092
2576
2577
2569
2577
3826
7820
6596
7820
9642
7646
6158
7646
12218
12201
265
676
4362
11298
4021
6779
5242
6779
2499
8329
10690
2467
11740
2467
11753
2467
11335
2467
3842
9046
12463
5334
11955
5334
3074
11038
10042
11038
1868
1869
5667
8575
2743
7840
4604
11647
8896
5282
2977
7251
5816
7251
3645
3592
5405
3592
330
1280
10801
4543
11381
4543
10790
4543
10768
4543
9311
2440
5210
2440
3882
3951
3958
3951
2065
2135
11444
12442
10906
12442
8845
12442
9949
12442
8215
8214
402
403
2667
2698
11627
2698
11982
9283
10865
9283
3189
4096
4722
4096
3692
5755
791
790
10643
10093
2719
2734
11614
10002
2872
10002
1872
1873
2502
2509
4113
10681
10750
10681
12230
8542
11701
3705
9207
3705
4569
7368
4538
7368
1971
2248
1949
2248
4677
5903
6945
5903
4215
4236
7917
7973
4236
7973
3277
3281
3285
3281
5092
6936
5447
6936
3113
3140
11812
10233
9842
10233
9854
10233
510
511
4459
5869
3150
5869
942
1082
4193
11159
10726
2914
2486
2914
513
514
4649
6267
4687
6267
8335
7969
7101
7969
4876
8092
3131
5873
3149
5873
4963
8003
7129
8003
9069
12165
3173
12403
4884
12417
8251
12417
5895
9972
4692
9972
7864
7085
5857
7085
3664
3675
5604
8444
5583
8444
11009
8384
12496
8384
2385
8384
8711
8692
11013
12496
2386
12496
5157
11026
8142
11026
5886
4890
10008
8232
8233
8232
1896
1901
1900
1901
1282
1283
2846
10522
10034
10522
1980
2137
5982
6294
7372
6294
8859
2322
3629
3642
211
342
4620
5940
2540
2548
2547
2548
2345
9945
6097
8605
12199
4693
2473
4693
2654
4693
8474
4693
4996
4693
4673
4693
2894
4693
4849
4693
4460
4693
4441
4693
2882
4693
5594
4693
5885
4693
6003
4693
6329
4693
7999
4693
5613
4693
2706
4693
4404
4693
5559
4693
4843
4693
2614
4693
5810
4693
4322
4693
5196
4693
5608
4693
2791
4693
2770
4693
2582
4693
4606
4693
2598
4693
2677
4693
6089
4693
2885
4693
5922
4693
5821
4693
2923
4693
9029
4693
2505
4693
8134
4693
5587
4693
6271
4693
2561
4693
2722
4693
4218
4693
2756
4693
5636
4693
7862
4693
5641
4693
2571
4693
12210
4693
4527
4693
4927
4693
4163
4693
5939
4693
4246
4693
2689
4693
5834
4693
8165
4693
5895
4693
2641
4693
2634
4693
4836
4693
7065
4693
3127
4693
4692
4693
3217
9057
9188
9057
11694
9057
6099
9057
8167
7596
4923
7596
3829
6809
3814
6809
8178
6034
5448
6928
5442
6928
3006
3055
10116
3055
928
1119
2608
2607
2593
2607
5073
4228
1751
1648
1472
1648
6193
7657
3760
7657
12026
6763
3968
6763
4285
4321
3712
9000
4866
9000
6181
9000
5149
9000
3905
9000
6539
9000
4069
9000
4649
9000
4369
9000
6047
9000
4051
9000
3718
9000
5224
9000
3322
9000
7545
9000
2773
2783
2779
2783
1296
1535
1434
1535
1550
1535
9398
9382
9398
9382
2267
9442
10339
9442
8800
9442
4455
9731
6358
7694
6376
7694
3220
3218
3210
3218
7878
9234
9714
9680
12172
7406
8304
7406
5978
6257
7904
6257
4063
10284
4062
10284
9858
10284
12056
10284
8397
10284
8813
8781
8789
8781
5340
8781
9895
10332
10344
10332
9912
10332
5959
7959
6273
7959
12139
9094
3057
12164
420
421
3699
3722
11809
11791
11800
11791
228
1262
9480
9911
10360
9911
2766
11173
10573
3477
8517
3477
10575
3477
4399
4417
5247
4417
11655
7918
7547
6753
7537
6753
6199
7667
6197
7667
4027
4044
1668
1649
1665
1649
3689
11120
5757
11120
8327
6380
4245
6380
11958
5004
2266
5004
8771
5004
10190
3065
10691
3065
6869
3065
9279
3065
12515
11014
3953
3950
3882
3950
12362
5110
12372
5110
8750
5110
2897
5632
5800
5632
8804
9475
2997
7250
2982
7250
251
1370
9117
9067
4485
4492
4843
7738
3394
7738
5432
6905
5428
6905
11411
9827
11803
9827
9377
9827
10281
9827
9387
9827
5384
5383
5384
5383
2776
5443
11823
11422
11445
11422
1370
1373
5385
6875
5481
10229
12177
3961
9173
3961
4173
5080
5829
7261
5833
7261
8890
9505
3227
3388
12294
3448
11305
3448
3429
3448
10204
3448
10680
9212
10680
9212
10597
8496
7868
8496
7874
8496
7870
8496
7871
8496
4874
6018
5010
6018
4119
6410
5032
6410
8635
4974
1084
1029
10635
3507
5489
3507
8599
3507
5492
3507
4629
5125
1897
1900
7880
6083
6096
6083
10265
10792
10811
10792
11395
10792
423
424
7113
4187
5949
7358
4685
7358
8855
2315
12009
11203
12203
5859
3338
11169
4944
11169
5893
11169
2985
11169
5075
11169
3389
11169
11185
11169
9629
11169
4822
11169
4948
11169
6459
11169
5940
11169
5213
11169
5253
11169
4210
11169
2843
11169
12215
11169
5978
11169
3862
11169
5248
11169
5585
11169
5811
11169
3400
11169
2491
11169
5831
11169
4530
11169
5882
11169
4119
11169
5593
11169
4357
11169
5244
11169
6493
11169
4394
11169
5121
11169
7904
11169
11190
11169
4913
11169
4560
11169
7087
11169
11186
11169
4819
11169
2661
11169
5032
11169
7533
11169
5133
11169
5165
11169
4258
11169
11184
11169
9622
11169
2927
11169
5782
11169
9630
11169
3427
11169
5427
11169
5836
11169
5615
11169
5575
11169
6531
11169
5950
11169
5433
11169
2995
11169
5245
11169
4080
11169
4334
11169
9625
11169
5571
11169
11596
6246
1938
2096
2258
2096
10860
12327
8837
4788
9527
4788
11508
4788
3263
7726
6691
7726
3310
8333
3654
5765
10158
9710
5100
7376
4540
7376
3032
5213
8878
11391
11915
6842
2384
6842
6478
7544
3293
7544
913
789
1865
1888
2235
1888
3978
5087
3855
12109
3833
12109
4056
12109
3474
12109
6355
12109
4220
12109
4879
12109
3575
12109
7916
12109
12169
12109
3902
12109
4985
12109
6095
12109
7476
12109
4337
12109
5175
12109
6973
12109
3922
12109
6090
12109
3462
12109
8150
12109
4298
12109
2269
10943
3824
6121
3783
6121
10289
9363
11808
9363
9370
9363
3194
3199
6046
3199
0
1814
2188
2232
2188
12427
9409
12440
9409
3623
5514
1817
2193
2057
2193
826
808
827
808
838
802
788
802
11690
2762
9185
2762
2749
2762
10642
2762
10258
2465
3328
6478
3987
3988
5881
7288
4641
7288
12253
10116
3004
10116
10142
10116
10647
10116
945
947
1082
947
12399
12382
8888
11504
3281
3361
3186
6456
6872
4113
5072
4113
5379
4113
3534
3537
10085
11653
161
167
529
833
850
833
2946
6217
2926
6217
5637
7899
5642
7899
11269
10658
517
860
867
860
4175
4180
10626
4180
5662
4180
1931
1932
10963
4761
4897
9612
3991
9612
9626
9612
9624
9612
6464
9612
10043
9612
2847
9612
6572
9612
12246
9612
5186
9612
5884
9612
6964
9612
5934
9612
5923
9612
9621
9612
8491
9612
6868
9612
9072
12158
1694
1577
1356
1577
1351
1577
3219
3276
3218
3276
1950
1970
2145
1970
3916
6570
9479
5362
2340
8860
2349
8860
2351
8860
2336
8860
2342
8860
2354
8860
2344
8860
2346
8860
3515
3774
10175
10676
10699
10676
10184
10676
10179
10676
10182
10676
10169
10676
1031
1010
6692
6691
4020
4025
11258
4025
11255
4025
9198
4025
9233
3258
9252
3258
5102
3258
4758
3258
12228
11095
10566
11095
1829
2158
2016
2158
600
606
605
606
9700
9687
5045
7460
6090
7460
12011
5654
10110
6541
8283
6541
2289
2635
2617
2635
12499
2635
5284
2635
9896
8768
8330
8768
841
785
572
785
5901
8923
5951
8923
5232
8037
11167
8037
10738
10706
11743
10706
11792
10706
10729
10706
11794
10706
8172
10706
3780
3804
6131
7613
3442
7613
3059
5253
9901
5144
11961
5144
152
4205
4210
12408
4716
11603
4750
10148
11235
4185
6062
4225
6062
10126
3306
7133
3306
12012
3306
7130
3306
10180
8637
3248
8637
5706
8637
4273
5999
1313
1592
1600
1592
1708
1592
2335
8297
2353
8297
2341
8297
5258
8297
5263
8297
2348
8297
5267
8297
5261
8297
5265
8297
2345
8297
2339
8297
5272
8297
9546
8297
8863
8297
5270
8297
2350
8297
12517
8297
2905
2921
11254
12018
10968
10354
9506
10354
4093
6447
5135
6447
4187
6387
5005
6387
261
543
1373
1375
1369
1375
1323
1324
2010
2182
1867
2182
1870
2182
1067
1101
1200
1101
2694
5566
8404
5566
6166
9015
6154
9015
5029
9015
4321
9015
8174
9015
3523
9015
3730
9015
6036
9015
8147
9015
3736
9015
5211
9015
4009
9015
3262
9015
12157
9015
5995
9015
4670
9015
6438
9015
4865
9015
7961
9015
3152
9015
5074
9015
5960
9015
6525
9015
3068
9015
6180
9015
5090
9015
3993
9015
3242
7525
3479
3490
7532
3350
7531
3350
8535
3350
8895
11474
9875
9379
3299
6508
4735
6508
3206
9252
9642
12106
4364
12106
6431
12106
3960
12106
3888
12106
6324
12106
3342
12106
4930
12106
4005
12106
4981
12106
8075
12106
12111
12106
12129
12106
3826
12106
3756
12106
3379
12106
8346
12106
4293
12106
12161
12106
4995
12106
5753
12106
5928
12106
3367
12106
8406
12106
4443
12106
6359
12106
5195
12106
5005
12106
3568
12106
4860
12106
4250
4922
11646
8264
12264
3017
8638
3017
9286
3017
11304
3017
9261
3017
5367
3017
4847
11941
3945
11941
4696
11941
5812
11941
8345
11941
4108
11941
6541
11941
4614
11941
2904
11941
8115
11941
12134
11941
3304
11941
4640
11941
6938
11941
2724
11941
2996
11941
5604
11941
4534
11941
3138
11941
2740
11941
5010
11941
2785
11941
3357
11941
5082
11941
2829
11941
6348
11941
3347
11941
6484
11941
4253
11941
4391
11941
2842
11941
2809
11941
8318
6052
12131
6052
10210
11319
1844
1845
5603
2843
10570
2843
9668
2843
2716
11580
4996
7127
5196
7127
9477
8776
9904
8776
10544
11933
4424
11933
4963
11933
4406
11933
5966
11933
2682
11933
12174
11933
12093
11933
2638
11933
2660
11933
6048
11933
8081
11933
5439
11933
2701
10205
3304
10512
6484
10512
1696
1667
1390
1667
1698
1667
1380
1661
1690
1661
1693
1661
2705
2719
2720
2719
6067
7470
4167
7470
10794
5664
2919
7049
12231
7049
917
920
8826
4877
4063
4877
10361
4877
4062
4877
8397
4877
326
5309
5966
10397
5118
10397
5273
8841
5264
5263
2401
8758
2412
8758
1425
1692
4618
4630
4627
4630
1724
1719
1443
1719
2298
2299
920
1065
9155
8143
3823
3891
3893
3891
3078
8254
4549
4614
9085
9989
6127
9989
9264
9262
2124
1971
2145
1971
10094
5578
7859
5578
5760
7211
5750
7211
399
718
606
718
12293
5697
12325
5697
4017
8939
3964
8939
2073
2074
2068
2074
1787
2074
4319
12296
8819
10364
11514
10364
9516
10364
11888
10364
8592
10604
154
2407
2408
2406
2408
8468
12062
8997
12062
4381
4437
4435
4437
2117
1962
2718
5556
5562
5556
9924
11852
2656
5547
2639
5547
7532
3351
7531
3351
8535
3351
4130
5196
1228
1465
1473
1465
5959
8425
5970
8425
1675
1644
1679
1644
11284
10142
3370
6466
4793
12299
10599
10574
11669
10574
10602
10574
2589
2590
2580
2590
4925
9353
10837
10821
8066
10821
11802
10821
9548
12513
328
326
11500
11850
2455
5608
267
2128
2727
2752
628
733
360
733
949
1068
1084
1068
279
8870
4456
10030
4031
6560
3954
6560
1997
1999
1916
1999
9793
10737
5491
10737
67
230
2425
5352
2429
5352
458
465
464
465
1401
1402
891
516
4931
7795
4021
7795
4616
7381
5068
7381
6023
7441
4861
7441
8213
3268
9201
3268
3256
3268
12167
8513
11924
5279
4908
4907
10925
10917
1947
2179
2257
2179
225
5023
10668
1844
1847
8282
6782
3968
6782
12475
8806
6820
8806
9497
8806
10192
10175
8170
11767
2116
2210
9372
4848
8858
2317
7848
11928
6156
11928
7141
11928
5762
11928
5503
11928
11929
11928
5158
11928
3638
11928
7191
11928
3924
11928
4211
11928
6467
11928
5243
11928
3807
11928
4434
11928
4047
11928
4300
11928
3641
11928
3660
11928
5729
11928
6091
11928
6190
11928
6458
11928
3732
11928
7876
11928
10066
11928
6167
11928
7998
11928
3889
11928
3955
11928
3555
11928
8507
11928
9649
11928
3707
11928
7173
11928
5201
11928
6286
11928
4029
11928
3390
11928
6356
11928
4892
11928
4055
11928
4254
11928
3832
11928
3531
11928
4168
11928
7523
11928
8202
11928
4198
11928
5776
11928
5079
11928
7158
11928
3869
11928
4565
11928
5743
11928
3408
11928
3788
11928
5756
11928
3668
11928
3330
11928
6141
11928
6990
11928
3704
11928
3358
11928
7140
11928
6128
11928
5234
11928
11146
4751
2006
2231
1894
2231
1891
2231
11504
9924
2365
9924
7826
9924
10371
9924
7
12519
10270
12300
12374
12300
11945
12300
1579
1643
1686
1643
3490
6634
3473
6634
5084
8122
5692
8122
5015
8122
5142
6440
4196
6440
2754
10385
5045
10445
6095
10445
12015
3561
10098
3561
3327
4821
10976
12469
2334
12469
10370
12469
8856
12469
9230
3700
3682
3700
9734
3700
3981
4059
3317
3337
8557
11196
5103
11196
949
1069
1010
1069
6939
11634
6323
7428
4376
7428
1355
1356
4452
4574
32
357
8731
9335
3758
7171
1801
1802
10959
11849
9498
11849
2504
5618
2475
5618
12381
12367
2666
2679
2500
12215
2457
2822
5722
8503
5208
5685
5681
5685
3224
5685
9846
4138
10269
4138
9830
4138
10304
4138
3747
4917
11677
4668
6951
4668
4658
4668
12254
4668
9133
8469
9340
10751
9529
8836
461
464
10295
10848
3373
8050
6488
8050
11601
4737
9452
9886
9458
9886
5143
11352
11781
11352
10250
11352
11768
11352
4759
11352
11366
11352
6993
7944
5764
7944
3938
6798
3990
6798
1177
996
9776
3883
11731
3883
4896
3883
5114
3883
2667
11576
10935
10907
4936
10907
8178
11279
158
3325
10472
9061
10472
9776
8650
152
113
12472
8816
4762
8816
8836
8816
2748
11579
9295
11309
8893
10877
9799
10215
5356
10215
322
320
6485
10502
3304
10502
6835
8661
871
592
583
592
101
3899
8600
2998
5844
3027
5844
11281
11263
271
673
6818
11955
3163
11955
8830
11955
316
315
11650
12124
235
461
6567
8061
6546
8061
2664
2663
5314
2663
8598
2663
11710
2663
12148
7436
4235
7436
2676
2709
373
687
611
687
5838
8473
5318
5319
11431
5319
9392
5319
2423
5319
8386
7559
6107
7559
4536
4604
5651
4604
10102
10068
8157
10123
8607
10123
8608
10123
5742
7201
5746
7201
9541
8828
9486
11846
9853
4126
6042
3230
9164
3230
6066
3230
3200
3230
2499
2508
4519
4451
4400
4451
11704
10630
161
216
1125
1166
1184
1166
1121
1166
6324
7393
4443
7393
1381
1640
1376
1640
4949
7787
5085
7787
3679
10614
3530
3550
10605
12125
7520
8051
3393
8051
704
784
837
784
11710
2653
6840
2653
2652
2653
8561
11954
4831
11954
12136
11954
10682
9189
8623
9189
4283
9189
5652
9189
12108
5235
11941
5235
3156
10716
3781
3814
6588
7603
6127
7603
6872
10750
8748
10750
11995
10750
9403
10750
5047
10750
5378
10750
3933
7569
7404
12087
5672
12087
9617
12087
1951
2204
2144
2204
9288
8651
3800
3834
3575
6177
3532
6177
5952
5095
495
497
491
497
4701
4706
9728
11253
4204
4220
2516
11144
5426
6900
2691
6900
5111
9572
6544
9572
5013
3316
5699
3316
3320
3316
3315
3316
11269
10139
2937
2948
2632
5540
2640
5540
8298
9545
2957
9005
10110
10076
3161
4461
4393
6683
4369
6683
10941
10922
11010
2281
2280
2281
5023
4073
5669
4073
8164
4073
5670
4073
349
1323
4702
11557
5233
11557
9091
10058
4731
6528
6741
6528
3275
6528
2964
3007
2965
3007
12366
5474
3196
7996
4882
6518
12147
6518
11644
11635
5591
7032
12438
9419
11420
11782
11807
11782
3592
5504
10998
2365
2364
2365
1261
1451
1447
1451
5897
5896
8253
12110
2718
12110
2622
12110
8246
12110
8100
12110
5949
12110
4136
12110
12228
12110
4685
12110
3000
12110
2487
12110
4905
12110
11661
12110
4934
12110
2891
12110
5118
12110
3096
12110
8236
12110
10572
12110
10586
12110
2638
12110
2695
12110
2886
12110
12181
12110
8242
12110
10584
12110
5187
12110
2660
12110
6344
12110
2790
12110
5439
12110
8349
12110
5411
8285
6529
8285
7993
8285
7879
8285
8987
8285
3626
8285
6880
8285
7919
8285
6627
8285
3735
8285
5509
8285
5772
8285
6551
8285
7578
8285
5351
8285
5514
8285
6478
8285
7525
8285
7171
8285
7569
8285
3293
8285
3793
8285
4252
8285
6591
8285
7931
8285
7150
8285
6538
8285
3571
8285
5410
8285
3384
8285
6159
8285
3711
8285
6215
8285
3935
8285
5769
8285
7146
8285
6161
8285
3403
8285
3525
8285
8044
8285
5777
8285
4092
8285
3396
8285
8073
8285
6532
8285
7551
8285
6406
8285
8996
8285
5779
8285
7615
8285
7177
8285
3772
8285
7190
8285
3549
8285
6202
8285
5758
8285
6994
8285
6535
8285
6598
8285
6998
8285
4014
8285
9631
8285
3909
8285
7924
8285
3723
8285
5749
8285
1436
1532
1284
1532
1598
1532
10258
8730
10587
2977
5819
2977
4126
4943
3548
3551
3540
3551
4490
7292
5892
7292
8631
9695
9685
9124
6352
11087
5109
11087
2217
2134
2159
2134
3978
3992
4096
4103
4073
4103
348
1320
5582
8975
2838
8975
3231
4069
4400
4450
4518
4450
4341
4390
9534
11514
6972
10106
1229
1546
1234
1546
1244
1546
4647
4676
11771
11362
12027
9602
4340
9602
9010
9602
3560
9602
5131
9602
8361
9602
5676
9602
8136
9602
8471
9602
3488
9602
12119
9602
4299
9602
4121
9602
3426
9602
3522
9602
3968
9602
5446
8942
11173
8942
3705
6207
5737
6207
5333
9500
9513
9500
11883
9500
2355
9500
1785
1786
8634
4658
10663
4658
4571
4658
4241
6395
5187
6395
3716
12214
835
781
570
781
3547
6148
4026
6536
8707
10761
5578
8459
2826
8459
6117
7573
5046
7573
9520
10974
9937
10974
2148
2077
1782
2077
2957
2990
5088
7186
8174
7186
8324
8793
11849
8793
9523
9515
9522
9515
9224
9202
10675
9202
5953
12193
12049
12193
5095
12193
2706
7856
2722
7856
1373
1374
4756
3392
10011
11125
2928
11125
10809
8249
4668
5947
2763
2791
4309
4377
1133
1004
4719
3517
3509
3517
1112
1028
3765
5729
286
1813
2549
5422
2536
5422
8326
6008
4331
6008
5119
11080
7911
11080
9272
7878
5646
3084
3079
3084
5078
6420
4965
6420
12436
9423
12481
9423
7931
6662
3772
6662
2781
10788
11695
11672
10274
10265
6962
6960
11370
3156
10782
3156
10785
3156
3104
3156
672
556
423
425
419
425
4155
4260
11239
4260
8379
4260
10092
4260
4192
11213
8777
9871
5392
5391
8839
9524
2365
9524
2362
9524
8114
9524
2985
7054
5811
7054
8838
11968
11882
11968
11484
11968
8565
3743
10089
3743
7174
3743
9167
3743
3415
3421
4351
5203
7136
6499
3360
6499
1457
1458
1452
1458
10159
11698
8739
4792
11778
9746
9780
9720
886
879
482
879
9291
11727
4840
3178
3167
3178
10057
8355
10062
8355
11200
8355
3636
3639
6479
5169
339
1844
9196
9145
9399
3208
10765
3208
10873
3208
12354
3208
9810
3208
10870
3208
8691
9757
3180
9757
10547
7416
4323
7416
2876
5784
2827
5784
163
99
797
865
790
865
3113
5173
971
1193
353
1337
1932
1933
9869
9398
9420
9398
3017
3029
6869
3029
10898
12391
11430
12391
6092
6091
9531
6823
3109
3147
2991
11531
11960
9901
9469
9901
10141
6190
12220
6190
9693
6190
1029
960
3105
6231
3138
6231
4596
5978
10579
5978
4730
5978
8553
3852
3844
3852
9724
3852
10531
11110
519
758
524
758
849
758
9702
12285
3412
6735
3362
6735
878
600
769
600
4436
7908
5577
9589
10039
9589
3316
5014
1828
1831
1728
1715
1743
1715
7098
4407
5985
4407
6322
4407
9878
11443
10842
11383
9371
11383
1073
1025
6034
4195
11279
4195
4141
4195
12292
4195
2359
12483
5258
12483
11004
12483
8084
5956
11287
7847
8991
12022
10016
12022
9629
6915
5433
6915
11006
11004
2148
2075
1859
1860
8070
8539
5987
8539
8603
8539
9201
9172
8588
9172
8618
9172
4294
4348
4336
4348
4481
4488
12474
5120
12461
5120
10048
8013
7142
8013
5146
8523
4234
4241
10068
9638
9689
9638
10075
9638
2473
6941
5608
6941
513
515
509
515
8568
8088
2871
2874
3225
5026
9443
10890
2857
5599
10214
9767
2513
2521
7096
10424
5203
10424
9402
11803
9910
11817
9348
8688
134
203
8176
6338
7910
6338
2815
9031
3289
3293
7926
7925
4859
11543
2872
11543
9613
11543
3137
8615
5968
5966
1283
1284
1493
1415
5282
6839
8843
6839
8403
6839
8846
6839
3745
8174
5355
2422
12496
2422
12496
2422
11328
10200
10830
9291
11360
9291
5358
9291
8128
9291
8685
9291
2981
3033
3004
3033
966
1118
11786
2617
2602
2617
8481
7780
3527
7631
6145
7631
12365
9794
12365
9794
5924
7330
4665
7330
3267
3862
4415
4522
8698
12284
598
599
417
599
1755
1738
10967
6819
10117
10081
12251
10693
101
183
6860
3623
6861
3623
5406
3623
3621
3623
125
175
3451
5038
9325
11334
11460
11334
12295
11282
9486
10349
10962
10349
12055
10349
4964
10489
4325
10489
1077
1003
4816
7097
4856
9626
4858
9626
9115
9626
966
1115
8006
10543
4931
10543
4030
10543
5185
10543
6457
10543
3474
10543
6355
10543
5507
10543
3642
10543
6466
10543
4220
10543
6326
10543
4879
10543
3688
10543
12135
10543
12147
10543
3575
10543
6995
10543
6481
10543
7916
10543
12169
10543
3902
10543
4021
10543
12140
10543
6095
10543
8119
10543
3500
10543
5242
10543
7476
10543
6879
10543
4337
10543
3667
10543
5175
10543
6973
10543
6569
10543
3708
10543
6162
10543
6183
10543
3922
10543
6191
10543
6090
10543
3462
10543
4298
10543
6570
7810
10060
7810
1734
1724
2390
12502
477
478
3913
3937
11436
5298
8808
12428
8791
12428
5811
7237
2927
7237
12162
8204
10651
12112
2339
2340
138
180
8897
2367
2665
2682
4555
7866
9018
5825
4838
5825
11982
3588
9472
9439
1303
1617
12082
10012
2408
2409
1458
1459
1242
1459
1453
1459
5650
5649
154
276
11950
7064
3011
7064
3717
3715
3679
3715
9
106
663
856
869
856
1829
1830
9671
5159
10653
5159
6152
8365
9026
8365
3738
5733
9704
5733
4355
6326
3519
6652
6146
6652
10312
10255
11824
10255
2478
2904
173
86
10625
4270
4265
4270
8629
4270
9219
4270
58
11873
4502
5913
8611
6970
4848
3166
12344
3166
12383
3166
4834
3166
10240
3166
11772
3166
306
2298
4556
4681
1860
1861
1117
1038
930
1038
975
1038
901
763
551
763
5832
8431
3072
8431
5110
4853
11243
6324
10686
6324
12471
11493
11498
11493
2314
11493
2742
2770
9843
10815
11608
7066
4835
4145
11754
4145
10748
4145
10764
4145
11930
4805
12109
4805
4803
4805
2997
6219
3013
6219
2852
7897
2845
7897
12403
3164
4714
3164
7843
3164
10327
3164
8161
3164
8747
10835
12409
4398
5375
4398
10287
4398
10825
4398
11978
4398
12388
4398
2481
2906
2902
2906
294
12455
12433
10576
9624
8500
9624
9242
9195
169
2121
9802
11737
904
575
552
575
11998
10723
10752
11336
10754
11336
12198
9620
9208
9620
8549
9620
356
1342
12236
3405
3386
3405
8822
10968
5270
10968
9513
9488
10362
9488
5331
9488
11795
9348
4106
4172
4170
4172
3534
3539
3191
6041
2436
2443
9243
2443
270
1500
89
8852
6460
5089
7117
3197
6045
3197
3195
3197
11675
3197
11471
5370
3960
6562
4011
6562
3103
7864
12082
10438
9040
10438
10012
10438
3565
10438
5798
10438
434
435
9473
9407
2143
2255
1794
1795
8479
8206
5149
7452
6345
7452
9416
9377
12376
9377
3260
7133
5606
11521
11600
11521
1790
1797
1796
1797
9118
8176
8542
8176
1958
2226
2142
2226
32
245
264
1503
9202
5964
11405
5341
11811
5341
9432
5341
2978
3019
3018
3019
8721
5481
11392
5481
10844
5481
9401
5481
12359
5481
5307
11963
5303
11963
11460
11963
2141
2049
9068
3793
11636
6389
4965
6449
7517
6449
5075
6070
4822
6070
4849
3375
10530
4742
8156
8158
8567
8158
8608
8158
12162
11693
12162
11693
11318
4202
5660
4202
10203
4202
10710
4202
11321
4202
4402
4515
4518
4515
68
2123
1131
979
9814
9796
9353
9796
9812
9796
1823
2109
2582
6888
2598
6888
163
250
9314
10151
9464
8743
8761
8743
10557
12032
3754
5024
11754
11328
10748
11328
10764
11328
3686
12198
2871
2876
514
829
509
829
853
829
12447
4775
3311
3342
9145
3482
10072
3482
9653
3482
3480
3482
6986
8299
12027
8299
6017
8299
5760
8299
6565
8299
12123
8299
3560
8299
10535
8299
5086
8299
4165
8299
6050
8299
12158
8299
5131
8299
5506
8299
3836
8299
6182
8299
5006
8299
6163
8299
12021
8299
8463
8299
10540
8299
5034
8299
4869
8299
10578
8299
5676
8299
3808
8299
5064
8299
8136
8299
3563
8299
8117
8299
3488
8299
4851
8299
12026
8299
3719
8299
5502
8299
4299
8299
4989
8299
6186
8299
12206
8299
4256
8299
4121
8299
8315
8299
10588
8299
12151
8299
5766
8299
3522
8299
3416
8299
3968
8299
4221
8299
55
346
4117
8639
2962
12277
10598
5997
7873
5997
10597
5997
2739
2741
12267
2741
11191
2741
4418
4423
12320
4423
10744
4423
11359
4423
9193
9689
10581
12172
2844
2858
2855
2858
1072
1035
8995
10426
10030
10426
8357
10426
5081
10426
8104
10426
5754
10426
8878
12510
1731
1716
1729
1716
4452
4930
385
386
4558
9260
8044
8039
4092
8039
2607
2621
4272
8168
4198
6060
5079
6060
8639
12259
1629
1622
1586
1622
3314
5699
5104
8023
6180
8023
7930
8937
6164
8937
4960
10520
3332
10520
8882
2388
5268
11892
5473
4439
7867
4439
4793
4439
11297
5016
10696
5016
4802
5016
10709
5016
5680
5016
10695
5016
3212
8588
8298
11006
12304
8623
5455
2935
2915
2935
8849
9538
5039
7462
4164
7462
1911
1916
1915
1916
9172
11221
9174
11221
4382
5954
2987
9987
11645
9987
6841
11878
8121
2868
12228
2868
12176
7531
2703
2717
12315
4622
10854
4622
11406
4622
10841
4622
3042
8115
5007
10399
6570
10399
9072
4879
219
5307
168
2120
9022
7047
2893
7047
12009
10593
12009
10593
10217
9270
4007
9270
10214
9270
1722
1434
1611
1434
2828
5786
2875
5786
6329
7414
4322
7414
240
483
7109
7108
685
641
727
641
3161
5248
10180
10161
3249
10161
4875
10161
8745
8715
11427
8715
11329
11317
9818
11317
10739
11317
338
1294
4071
7129
11850
10919
11984
10919
9906
10919
3246
3243
9225
3243
3107
3154
2884
11548
5641
7078
5834
7078
2573
2582
739
644
593
644
2222
2153
2161
2153
335
1836
12292
10150
6136
6135
6136
6135
3673
3688
8185
9241
3536
4863
3494
3523
10190
9744
10824
10739
2287
12501
2990
7056
8126
7056
98
9526
9759
10643
10197
10643
2396
5277
4145
4909
2733
2760
4915
5360
4915
5360
6104
6552
6109
6552
2697
7854
2704
7854
9090
10022
4065
4291
5189
4291
5261
8862
2864
11611
171
7848
6991
5743
6991
5185
7184
6183
7184
132
53
10990
10976
1710
1688
1273
1688
1922
2084
18
4584
4581
4537
4581
3874
4031
8840
2270
2659
5549
2680
5549
3058
3086
3614
3615
4039
6790
5096
6790
577
857
868
857
11908
10958
5017
12256
3204
12256
11434
11808
326
1245
4447
6273
6572
7812
3925
7812
2519
11624
4603
4674
11169
11157
8885
2273
11307
5718
8274
5718
11305
5718
3429
5718
3151
5867
4474
5867
11942
5290
10900
5290
2280
5290
10938
7832
3879
6534
301
362
3269
5131
3659
3661
3649
3661
1204
1070
79
233
4597
7343
4608
7343
11198
7483
9086
7483
2460
2489
2513
2520
3639
8411
5506
8411
3595
3600
3596
3600
9474
9451
3629
5506
7880
10418
5151
10418
8743
12345
8745
12345
4712
12345
5459
8550
8201
10010
8153
5894
8158
5894
8155
5894
220
668
2565
2579
9129
3132
8552
3132
10615
3132
5718
3453
3455
3453
892
910
561
910
1609
1608
1550
1608
12234
10104
4444
4568
2862
5585
2403
11516
3798
3828
9160
9126
3961
6777
6540
6777
674
904
905
904
4203
8327
11156
6807
9796
9725
10191
5458
10707
2563
5281
2563
2418
2563
2562
2563
3158
12134
2603
2609
2588
2609
4280
4335
6192
7659
3734
7659
12180
10074
10932
10898
3021
8100
136
5143
5476
4760
5476
2414
6851
12416
6851
6349
9980
5195
9980
3362
6748
3334
6748
2002
2006
1902
2006
6037
7994
5077
7994
2121
1954
4764
12074
4831
8561
4831
8561
4883
8181
2128
2146
2219
2146
2095
2082
10547
8240
9028
8240
9057
4882
4858
9059
9115
9059
12361
8700
9373
8700
9850
8700
11783
8700
10299
8700
671
750
909
750
2532
10495
5649
10530
5647
10530
5937
10530
12340
9813
12340
9813
2124
1950
4623
5932
189
8883
8680
10188
4727
10188
10207
10188
8394
10188
10234
10714
10239
10714
10248
10714
11333
3816
9362
3816
11732
3650
3586
3650
11981
3650
8649
3650
9396
9833
9400
9833
11819
9833
11727
11715
2424
11146
10118
4704
10083
4704
4951
4704
1882
1883
8135
7967
6036
7967
3259
3314
8612
9138
5976
6269
4671
6269
12240
3836
8400
3836
12035
3836
2877
2881
4574
6303
4532
6303
4078
4124
12087
12075
3900
8551
10090
9103
1981
2167
1913
2167
8235
8992
6862
6861
4179
9069
4547
4606
963
1125
10145
3975
3959
3975
10639
3975
12179
9672
9426
9829
8773
9829
11805
9829
5474
9829
9871
9829
4871
9829
8253
7275
5839
7275
12405
9390
5120
9450
4417
4419
4359
4419
2417
2553
10707
2553
2552
2553
2562
2553
300
1221
3747
12135
3469
3479
3480
3479
10661
10616
3406
6485
4209
6345
6431
7703
4870
7703
9532
10340
9862
5468
9361
5468
10319
5468
3089
3101
3090
3101
6271
7669
4527
7669
3744
6198
3716
3730
5931
7957
4708
7957
5979
6259
4654
6259
11416
11714
3594
11714
2305
11714
1875
1878
8100
5846
3000
5846
10567
6628
3787
6628
4242
6372
8256
6372
5946
11112
5934
11112
1587
1527
1531
1527
5822
7242
12231
7242
1745
1769
1496
1769
10948
4993
5296
4993
5295
4993
8284
4993
3648
5771
12179
9645
8212
9645
9092
9645
9437
11989
5381
11989
8478
5640
12155
7434
4370
7434
9725
5102
3206
5102
8394
5102
3255
5102
12291
3942
549
749
1968
2233
1764
1763
1407
1763
4009
6583
3993
6583
4468
4500
254
1924
9002
9595
12185
9595
3829
9595
4332
9595
12190
9595
3782
9595
4242
9595
5780
9595
4031
9595
3923
9595
8266
9595
4566
9595
6282
9595
8331
9595
3996
9595
4371
9595
6124
9595
3954
9595
12033
9595
4410
9595
4045
9595
12099
9595
2969
2998
11888
8834
12466
12445
12467
12445
3650
3651
5403
3651
9450
11430
5066
11430
9754
9220
10184
9220
10182
9220
3223
9220
2907
5801
2434
11986
10284
5072
12337
5072
4718
5072
9346
5072
8170
11751
6436
11625
4255
6402
4888
6402
12519
8814
1063
1152
1113
1152
1075
1152
940
1152
5657
4189
8639
4189
5656
4189
10665
4189
11717
4189
5362
10311
11900
10311
11438
10311
2280
10311
11836
10311
11215
11167
2390
2391
3060
5857
11979
9884
5335
9884
5772
7946
6998
7946
4544
4558
5469
4558
8225
4558
8683
4558
1294
1609
1611
1609
5673
8318
159
169
11378
10800
6977
3463
3441
3463
4862
6636
5241
6636
2123
1951
5482
3509
9827
3509
11273
3509
5484
3509
8109
7673
4372
7673
3061
3071
10546
4576
4517
4576
3918
4005
11984
9461
2939
9702
12486
10981
12490
10981
4104
5045
10786
10227
4704
7305
4683
7305
8524
11194
8509
11194
11667
11194
2291
6850
3614
6850
8538
9073
10831
12344
3338
6497
7533
6497
1209
1197
1209
1197
3580
9210
2929
5811
10324
12351
259
538
2951
2982
3397
3400
11325
5167
1437
1710
3591
3637
3592
3637
2706
5430
2677
5430
2460
2491
8107
12505
11632
11604
3056
5831
8898
9926
3745
3768
4142
6412
4981
6412
3688
7223
5761
7223
9883
10301
9873
10301
8180
11072
3999
11072
9502
8804
8289
8804
8821
8804
3890
3923
7995
11045
6427
11045
5494
5727
5490
5727
9306
5727
4780
3519
6978
3519
4102
4981
1893
2085
4343
4379
4383
4379
3238
6464
4904
6670
3741
6670
307
377
8516
10576
9667
10576
9595
8308
4251
4252
3841
6591
5208
11744
3224
11744
4824
11744
7867
6952
8683
6952
12343
6952
11288
6952
5472
6952
10967
5194
4999
5194
12048
4800
5513
10558
3689
10558
6351
10558
5206
10558
6405
10558
5130
10558
4093
10558
3710
10558
6537
10558
3570
10558
6623
10558
7189
10558
7145
10558
6122
10558
3934
10558
3722
10558
6534
10558
5771
10558
5157
10558
6179
10558
9044
10558
4035
10558
3527
10558
6587
10558
5135
10558
6194
10558
6157
10558
5508
10558
5751
10558
5052
10558
3910
10558
5767
10558
6200
10558
5757
10558
4941
10558
3335
10558
6863
10558
3635
10558
7880
10558
3373
10558
4297
10558
3969
10558
4013
10558
5022
10558
5151
10558
6985
10558
8005
10558
5123
10558
4901
10558
5511
10558
3771
10558
6145
10558
3489
10558
6996
10558
5768
10558
4052
10558
5117
10558
6096
10558
6488
10558
5778
10558
3792
10558
3292
10558
6160
10558
11931
10558
8142
10558
5409
10558
8582
4015
3944
4015
4691
7315
12132
7315
2153
2142
2118
2142
4598
5949
9711
8247
1433
1587
1288
1587
1548
1587
9271
9712
2467
12007
12244
12013
4546
4616
6147
8988
11940
8988
4906
8988
4698
8988
3361
8988
6148
8988
8365
8988
3411
8988
3333
8988
4090
8988
6139
8988
5773
8988
5725
8988
3325
8988
3567
8988
5142
8988
7143
8988
3378
8988
6138
8988
4110
8988
6152
8988
4196
8988
4700
8988
7526
8988
4169
8988
6465
8988
3775
8988
10590
8256
9146
8256
8810
11468
5410
7849
9631
7849
472
736
467
736
745
736
1504
1582
1315
1582
1615
1582
10134
12153
10652
12153
5042
8537
3749
8537
9166
8537
5043
8537
12234
9113
10093
9113
5987
9113
8603
9113
5988
9113
8736
8278
1692
1677
1364
1677
1359
1677
5584
9587
2839
9587
2693
5554
2679
5554
4313
4363
7146
6641
7615
6641
2527
2535
9542
9938
12493
9938
1867
2087
4350
4409
8580
3111
3102
3111
3115
3111
4885
6182
5726
6182
9077
6182
8545
10606
10979
10366
11504
10366
11625
7713
6815
10993
9376
10271
2520
11102
2531
11102
4120
11102
3111
3149
8880
8774
4857
3860
4855
3860
1324
1325
3070
9025
2879
9025
5801
9025
8404
9025
4688
9025
1400
1703
1753
1703
701
813
834
813
3748
7931
12386
9865
10912
9865
9432
9865
748
883
792
883
1212
942
9790
9759
9790
9759
1640
1385
8717
11990
5668
5666
3817
5112
4869
7625
3522
7625
11280
9180
9656
11658
10627
11658
3021
3027
2709
5564
2692
5564
10713
4353
10701
4353
4352
4353
2618
2619
11965
2619
2635
2619
2420
2619
1130
930
929
930
11490
11476
1641
1397
5308
10882
4734
7745
6487
7745
6431
7491
4109
7491
11583
11561
12469
10356
10966
10356
10980
6817
904
851
11477
11458
3817
8266
12199
6225
3127
6225
3865
4898
9542
10378
11004
10378
9467
12424
288
1818
8291
11923
6838
6837
2858
5597
5712
9769
3202
5146
1230
1236
1234
1236
10787
10704
3446
3806
5690
10192
5683
10192
5684
10192
8006
6721
12169
6721
12154
8371
5658
5656
9820
9803
4441
6313
4404
6313
4421
4530
3266
3870
4649
7322
4705
7322
8337
7772
8388
7772
5205
4714
4841
4714
9417
9855
12480
12477
2319
12477
11890
12477
767
728
488
728
580
728
5089
3304
3302
3304
5200
3304
8536
5678
4143
5678
8138
5678
3388
11131
3425
11131
1935
1938
8466
11605
5852
11605
8472
11605
11329
11290
9818
11290
9767
11290
10739
11290
10217
11290
11320
11290
3218
3274
9806
5708
12291
5708
294
292
1075
1178
940
1178
3824
3841
6123
3841
9374
8193
3753
3758
3752
3758
6544
7802
4060
7802
1324
1595
1704
1595
42
723
780
723
10565
5647
540
818
844
818
847
818
2419
2420
11770
2420
5271
11881
12509
2389
4779
8401
6978
8401
8581
8401
313
312
11745
9773
3802
5157
150
82
162
359
2687
2690
5124
10674
3751
3776
5171
10408
4478
10408
3153
10568
10577
10568
3913
3939
3625
5516
236
466
12246
7239
5807
7239
8492
10020
2470
2893
12462
9437
7834
9437
10255
11938
546
844
864
844
1695
1672
1365
1672
1618
1742
1320
1742
1793
1794
9640
7099
254
526
5097
6454
12131
6454
3490
6660
3574
6660
9902
10347
3570
10487
6157
10487
10703
3435
11319
3435
3428
3435
8668
3435
205
8891
5189
6962
11513
11506
2333
11506
9531
11506
9277
10114
4151
4262
4155
4262
9315
11745
11609
4739
724
645
681
645
3177
6432
7118
6432
6045
6432
5209
10863
4232
8130
8581
6153
11953
8675
11782
8675
8196
6244
5233
6244
11728
11277
8883
10909
336
1290
1924
1925
9681
3692
3676
3692
675
552
5362
12441
11942
12441
11440
12441
11836
12441
5580
9995
2887
9995
12266
2598
9102
2598
4496
4643
2674
2677
4033
7546
12145
7546
596
647
588
647
3930
8075
4262
4919
5083
7724
3425
7724
1730
1430
10587
8467
9847
11995
4540
7374
4562
7374
9684
11665
12112
11665
2834
2830
2807
2830
4906
8042
4090
8042
12439
12408
12424
12408
4272
4958
3216
9228
11816
11360
2527
8494
5992
10581
5457
8642
5173
10480
5070
10480
4961
3339
3940
4057
3602
3605
11456
4976
8788
4976
4736
4046
9094
4046
4041
4046
2854
10510
2458
2488
3266
12147
3492
3575
8537
5006
2993
10043
10148
8592
9744
12260
10691
12260
9279
12260
8806
5221
12464
5221
5003
7789
4023
7789
3966
8951
11276
11701
2378
11016
2954
2953
5455
2953
962
1087
918
1087
6168
7165
8139
7165
5361
12242
11300
12242
11725
12242
2930
9236
1432
1433
8338
7696
8355
7696
4271
7404
11302
11248
2700
2707
12322
3222
5225
3222
10765
3222
4825
3222
12354
3222
9810
3222
3970
7557
4033
7557
14
4349
8105
9281
5317
1287
1293
1548
1293
10736
11307
9885
10879
10632
10622
2909
9096
1926
1927
12301
4283
4275
4283
11943
4283
8528
6983
10138
3542
9712
3542
9287
3542
3505
3542
3178
7118
10325
10286
8199
10286
9237
4593
9156
4593
9158
4593
4767
4593
6946
4593
9157
4593
2127
2219
2221
2219
1206
956
411
412
2625
2648
397
398
2433
8705
1505
1504
10260
10742
10275
10742
3915
7885
164
97
3016
3009
2965
3009
9294
2963
9296
2963
12297
2963
12312
2963
430
431
3539
7155
8260
7155
10533
6296
2729
2728
9170
2728
11673
2728
1496
1411
977
978
1194
978
1210
978
1539
1506
1431
1506
5611
9580
2842
9580
12469
11481
10966
11481
10244
11341
4663
8961
4911
8961
895
571
566
571
2641
6892
2634
6892
3925
7594
3907
7594
311
2301
12263
4212
10135
4212
11280
4212
9696
4212
4472
4505
8408
4505
4243
6036
1954
1955
4840
3185
11297
3185
10696
3185
10709
3185
3750
6179
299
298
2613
5532
2633
5532
1775
1776
1851
1852
11488
10930
4
70
50
70
3178
10137
5719
3498
3471
3498
5486
3498
10185
3498
9509
12450
9931
12450
9917
5328
7863
11024
11604
11024
9059
8386
4855
8386
5573
8446
5448
8446
4276
9187
7568
7567
12369
10775
214
65
2720
2736
2744
2736
3250
3323
3447
3781
3779
3781
5607
7040
2488
7040
9831
10805
2073
2205
1789
2205
2414
8722
9384
8722
9682
11664
964
1039
3198
4094
12316
4835
9805
4835
10243
4835
12319
11994
8709
11994
8713
11994
8706
11994
5092
8457
2880
8457
5121
6028
11190
6028
10316
10853
3543
6163
3917
4000
9808
9321
12502
9321
2391
9321
10781
9321
2464
2916
11777
2916
10730
2916
4890
7300
4637
7300
4145
4234
4217
4234
8545
4815
4790
4815
4387
4442
5652
4382
4362
4382
5574
6934
5445
6934
5737
6209
3733
6209
5494
5493
3497
8950
3477
8950
10829
11370
5411
9610
6529
9610
7993
9610
7879
9610
3626
9610
6880
9610
7919
9610
6627
9610
3735
9610
5509
9610
5772
9610
6551
9610
7578
9610
5351
9610
5514
9610
6478
9610
7525
9610
7171
9610
7569
9610
3293
9610
3793
9610
4252
9610
6591
9610
7931
9610
7150
9610
6538
9610
3571
9610
5410
9610
3384
9610
6159
9610
3711
9610
6215
9610
3935
9610
5769
9610
7146
9610
6161
9610
3403
9610
3525
9610
8044
9610
5777
9610
4092
9610
3396
9610
8073
9610
6532
9610
7551
9610
5779
9610
7615
9610
7177
9610
3772
9610
7190
9610
3549
9610
6202
9610
5758
9610
6994
9610
6535
9610
6598
9610
6998
9610
4014
9610
9631
9610
3909
9610
7924
9610
3616
9610
3723
9610
5749
9610
909
574
558
574
2119
1957
4251
11597
3132
4475
3382
11089
3374
11089
11666
3415
3413
3415
11228
3415
10122
3415
10955
9492
6163
7644
3563
7644
5198
4067
9289
4067
10718
4067
12273
4067
10720
4067
12279
4067
82
2222
1117
975
1130
975
939
975
8198
9417
9916
9417
337
434
2340
8216
9936
8216
9108
4968
3617
9044
7839
9044
11885
2343
5986
5985
1254
1257
1270
1271
11382
12337
2942
2979
2980
2979
10943
5336
12363
4723
10194
10678
5063
4932
4768
4932
1449
1481
1440
1481
9366
8711
8734
8711
9351
8711
8718
8711
9251
10165
12479
11942
5102
3256
8653
3256
4758
3256
1818
1819
10584
2849
8255
2849
12301
11313
4275
11313
10284
11313
11943
11313
4113
4160
10750
4160
2264
11960
10956
11960
2263
11960
5304
5303
3312
7535
8321
7043
2850
7043
175
8880
3746
3754
11244
3754
8631
3754
9247
10656
8113
8111
10084
8111
5210
2436
12309
2436
11774
2713
5115
2713
12404
2713
8737
2713
10683
11688
8682
3278
6091
7510
7998
7510
8701
5704
1732
1727
10107
10597
8
5269
1035
1100
1202
1100
253
1376
4643
7286
4493
7286
4553
10118
405
712
599
712
389
698
602
698
3109
12183
165
248
3985
3986
2913
2931
2934
2931
5309
8627
1791
2067
2066
2067
1796
2067
12005
9302
3306
6458
11242
11225
3144
9983
4478
9983
3821
8149
2608
2625
2620
2625
675
901
904
901
4036
8933
4485
5882
7171
8027
6202
8027
6477
6476
2347
2348
401
607
605
607
4525
10564
3538
10564
4022
10564
4010
10564
3813
10564
3871
10564
7930
10564
5979
10564
4489
10564
4854
10564
6164
10564
5994
10564
5164
10564
3777
10564
2943
10564
4977
10564
3490
10564
2990
10564
5038
10564
3828
10564
4124
10564
4898
10564
12166
10564
6328
10564
3473
10564
4654
10564
3050
10564
3459
10564
4947
10564
5008
10564
4691
10564
4960
10564
12211
10564
3417
10564
7430
10564
6414
10564
4425
10564
5888
10564
6585
10564
4003
10564
12132
10564
3856
10564
8126
10564
4176
10564
5093
10564
4972
10564
8409
10564
5915
10564
5119
10564
3332
10564
3564
10564
3139
10564
3554
10564
5128
10564
7115
10564
3903
10564
6429
10564
3574
10564
4038
10564
4650
10564
7911
10564
12191
10564
6486
10564
6346
10564
4605
10564
4918
10404
2920
10404
3816
12295
9650
4035
10074
4035
3986
4035
4959
6506
3337
6506
3801
8400
2298
3611
3609
3611
2326
10374
10997
10374
2319
10374
10728
4894
10723
4894
9783
4894
5044
4894
11479
11454
9470
11454
7111
7982
6035
7982
961
1011
12349
4295
4308
4295
2131
1939
212
64
1110
1064
915
916
11397
9359
8742
9359
3637
6995
2211
2065
2113
2065
8499
12104
8636
4585
10167
4585
2757
5568
9829
9272
10242
9272
9825
9272
4715
9272
3260
3308
3228
3308
6047
7480
6368
7480
3656
9245
4133
5674
9214
12220
4894
4867
9760
4867
11382
4718
6151
3527
5722
3527
5274
5273
3241
8519
3183
8519
3624
8910
9397
12381
10858
12381
5288
12381
9386
12381
1341
1347
1345
1347
12253
10647
12253
10647
295
1811
9474
3247
11745
10708
4563
6290
5961
6290
3445
6131
2288
8766
10914
8766
12501
8766
974
1128
1113
1063
9729
3193
8625
3193
6046
3193
10147
3193
12193
11640
9926
10949
12407
9369
8203
9090
8204
9090
9673
9090
2479
2483
2485
2483
15
2786
2802
10201
2802
8659
2802
11736
2802
9518
9934
9521
9934
541
622
6065
12105
7568
12105
5579
12105
7997
12105
7547
12105
4374
12105
2734
12105
3961
12105
3392
12105
7864
12105
8176
12105
5857
12105
4238
12105
2789
12105
7521
12105
4729
12105
5917
12105
6106
12105
6354
12105
7112
12105
7537
12105
4473
12105
6470
12105
6540
12105
6475
12105
5605
12105
3859
12105
5642
12105
6069
12105
6567
12105
3356
12105
6546
12105
4213
12105
3305
12105
2728
5558
9416
10300
12376
10300
8767
9403
5481
8274
8883
2279
20
3219
9191
6361
7690
6345
7690
8274
12294
2799
5576
876
868
795
868
4071
4119
3397
3401
8159
8984
8313
8984
10349
11464
891
517
3562
10040
11257
6045
11340
10727
11760
10727
9318
10727
6413
6072
4144
6072
11371
4141
4835
4141
10799
4141
2509
7893
2495
7893
10346
4801
11484
4801
12476
4801
8377
11412
1262
1557
1635
1557
1707
1571
1316
1571
1615
1571
10863
10831
2317
12455
12459
12455
9508
12455
9438
8756
4858
4857
6164
8435
3564
8435
1763
1760
1423
1760
8350
5402
8358
5402
11974
5402
9290
5402
2267
8778
5336
8778
8797
8778
3836
6610
3808
6610
8405
11851
1476
1466
1465
1466
10852
10811
1182
1142
983
1142
10974
11497
5328
5372
10326
5372
9637
12130
12154
12130
5435
2745
5317
2745
2744
2745
8643
2745
4713
9892
4066
9892
8784
9892
8861
8808
12092
12061
10012
12061
3996
6580
8265
6580
4426
4427
4384
4427
5955
4427
10171
10666
3762
3764
3765
3764
73
5259
6137
7619
3791
7619
3804
8929
6139
8929
12089
4846
37
57
9243
2451
2450
2451
6103
10155
8827
12474
2336
12474
9497
12474
3165
8747
5696
6102
8122
6102
5695
6102
9684
4640
12112
4640
8197
4640
4269
5993
4772
4771
4162
4170
9221
4170
3256
3266
4777
3266
5056
3266
4776
3266
5446
11182
2455
5606
11341
3797
9316
3797
9317
3797
9795
3797
3244
3371
12278
3371
12315
4511
4467
4511
4466
4511
12248
4511
3911
10554
915
921
487
488
12350
5198
12452
12427
11470
12427
2307
12427
10069
7137
8373
7137
8573
7137
1807
1810
10901
9373
10329
9373
11204
8304
9639
8304
6471
6468
5392
5485
5389
5485
4891
5485
9283
5345
8661
5345
7840
2772
5776
5775
2463
6938
11217
9641
4613
7366
5974
7366
12401
4997
4231
4238
2764
2789
4216
6024
3895
6587
5883
7953
7084
7953
1180
986
10842
4098
4623
5930
10573
11179
9635
11179
10575
11179
9605
10532
12016
10532
11156
10532
12032
10532
11625
10532
10536
10532
11620
10532
508
509
6456
7707
4887
7707
4408
11036
5990
11036
1594
1653
1660
1653
9172
8222
8670
12290
603
605
769
605
3409
6481
4323
6341
4905
6341
2548
2557
9114
3105
12203
3105
8244
4964
9067
4964
8243
4964
3737
9048
2669
2696
2688
2696
3322
6759
7545
6759
9182
9107
9205
8555
9761
11296
1069
1057
1031
1057
11587
6865
4969
7648
3775
7648
11690
5449
2780
5449
9185
5449
10642
5449
5390
5389
3965
3971
1635
1278
78
237
5888
7271
3139
7271
3687
5742
9623
5070
9043
5070
10562
5070
9859
10223
10317
10223
10804
10223
4000
4001
5300
11837
6121
5041
8147
7598
6125
7598
10952
9465
2347
10985
4729
7301
5891
7301
5230
4226
5227
4226
5229
4226
11205
9077
1368
1369
3083
3130
5567
6926
5442
6926
2013
2200
1849
2200
1854
2200
2712
2724
1015
1009
10096
3467
10134
3467
9149
3467
6977
3467
4076
6089
4364
7677
6324
7677
1661
1650
1663
1650
2547
2546
2539
2546
1197
1167
1185
1167
982
1167
958
1167
3064
3075
1106
1134
980
1134
1009
1134
1001
1134
4990
6370
4235
6370
3034
3042
3033
3042
12220
11209
11234
11209
8707
12307
4064
12313
581
582
3380
6712
3376
6712
9905
10315
12438
10315
333
420
9945
7830
2346
7830
9619
11163
2896
11028
8137
11028
8738
5324
2234
2040
1846
2040
2039
2040
8504
5853
8466
5853
11951
5853
9062
5853
5852
5853
8472
5853
3484
3494
3495
3494
5973
9591
4665
9591
11757
3655
10767
3655
8358
3655
11974
3655
12181
8339
7519
8339
4921
9952
10013
9952
2891
5805
8382
5805
5202
9670
3498
12202
117
677
678
677
9933
5219
11862
5219
9150
3457
9193
3457
10095
3457
2866
5581
3390
7736
7523
7736
5664
8323
9308
8323
9326
8323
8666
8323
5665
8323
4146
8323
4152
6360
3350
6773
3864
6773
2281
9455
11893
9455
24
11908
4436
4549
4928
4549
6949
4549
9698
4549
5668
7916
9690
7916
249
1368
11178
9962
5793
9962
1463
1464
1225
1464
2643
2644
2631
2644
490
794
495
794
7116
7114
4077
5135
3652
3665
3664
3665
8672
9289
9300
2449
2807
2449
5150
7487
4887
7487
4617
7347
4675
7347
9155
9660
5513
12097
3689
12097
6351
12097
5206
12097
6405
12097
5130
12097
4093
12097
3710
12097
6537
12097
3570
12097
6623
12097
7189
12097
7145
12097
6122
12097
3934
12097
3722
12097
6534
12097
5771
12097
5157
12097
6179
12097
9044
12097
4035
12097
3527
12097
6587
12097
5135
12097
6194
12097
6157
12097
5508
12097
5751
12097
5052
12097
9011
12097
3910
12097
5767
12097
6200
12097
5757
12097
4941
12097
3335
12097
6863
12097
3635
12097
7880
12097
3373
12097
4297
12097
3969
12097
4013
12097
5022
12097
5151
12097
6985
12097
8005
12097
5123
12097
4901
12097
5511
12097
3771
12097
6145
12097
3489
12097
6996
12097
5768
12097
4052
12097
5117
12097
6096
12097
6488
12097
5778
12097
3792
12097
3292
12097
6160
12097
11931
12097
8142
12097
5409
12097
8595
10099
3736
8415
3819
12238
6362
7979
8477
7979
4677
5909
4643
5909
4568
6277
4526
6277
1909
2203
2000
2203
10866
2414
8758
2414
9728
11244
4285
4320
9615
11153
7152
11153
12156
11153
4567
11153
4368
11153
3476
11153
5007
11153
4921
11153
4914
11153
6570
11153
4059
11153
11196
11153
7996
11153
4522
11153
5024
11153
3768
11153
3519
11153
11198
11153
4053
11153
6146
11153
3503
11153
9079
11153
4956
11153
5190
11153
3766
11153
10028
11153
8344
11153
9086
11153
6568
11153
4392
11153
10060
11153
3559
11153
8335
11153
10026
11153
3885
11153
3811
11153
7176
11153
5048
11153
7101
11153
12127
11153
12114
5863
3074
5863
11447
11432
5995
7408
6353
7408
9835
10239
3207
3216
3214
3216
5568
7020
5560
7020
3057
12166
418
419
7964
7963
4443
7378
4539
7378
10356
4786
12404
9837
3388
7728
5069
7728
3239
12169
9756
12223
2803
2885
248
510
4823
8009
6108
8009
12195
6307
4403
6307
3153
5879
2901
5622
2504
5622
10251
9817
5972
7356
4686
7356
5856
10491
3126
10491
2576
2594
2588
2594
4815
6248
4595
6248
793
791
749
791
184
8887
3715
3732
9385
11792
2702
6855
8514
8498
8577
8498
5103
8498
5731
8565
9127
6016
9665
6016
11212
6016
1258
1441
1253
1441
1439
1441
10332
10322
5365
8185
9278
8185
9608
4699
4652
4699
1635
1279
6543
5060
1843
2041
1847
2041
2039
2041
9260
9224
9260
9224
2559
2567
4622
9721
10773
9721
10757
9721
11369
9721
5257
11778
3728
7192
11181
4954
10582
4954
4980
4954
4005
6803
8075
6803
9705
3912
3858
3912
9706
3912
9209
3912
5130
6769
11931
6769
9749
3386
3309
3386
8190
3386
3435
3446
3778
3446
4288
4331
1617
1536
1709
1536
1302
1536
530
832
850
832
846
832
9012
6317
6325
6317
2976
8529
4864
8019
7151
8019
2089
1980
2096
1980
2401
9851
8768
9851
2402
9851
4158
4280
4290
4280
6584
12021
12003
9748
3056
12170
11345
6980
11286
6980
3487
6980
9745
6980
5122
3176
3166
3176
10265
10786
10811
10786
11395
10786
3670
3684
3686
3684
1458
1460
1243
1460
1239
1460
5830
7074
3045
7074
2859
5593
3389
6725
3427
6725
1218
1216
9355
9807
9355
9807
9129
3158
3119
3158
9776
8375
1208
961
4559
8342
3242
8482
9111
3299
8820
10954
3014
6221
3001
6221
12410
12378
10903
12378
9890
12378
1812
2194
2232
2194
2110
2194
230
6833
3122
11532
3145
11532
5158
6006
7876
6006
4288
7876
9857
12392
12396
12392
248
1912
4881
7188
7159
7188
3036
3039
4311
4357
6405
7495
5135
7495
4916
7741
5094
7741
1200
1114
10192
10699
5434
7858
8404
7858
6623
6813
3792
6813
3845
3902
12199
11060
4460
11060
211
2308
10343
4916
7770
8111
7770
5250
10483
11162
10483
1311
1312
4422
5958
3268
3872
3633
3629
3596
3629
8725
4346
10837
4346
11364
4346
10827
4346
2325
9534
4487
4486
12288
4486
11275
4486
3136
4486
695
662
619
662
196
8895
11324
3431
11326
3431
5040
3431
10740
3431
1129
1023
9055
10549
8640
8584
556
557
4580
5976
8512
5976
4395
7906
8794
9433
11296
9152
3439
9152
10199
9152
10174
9152
2476
2897
9692
11671
11241
11671
141
191
8672
8164
10720
8164
12004
8164
8886
9777
8118
8405
3059
5643
2348
2349
5331
12451
10975
12451
2355
12451
505
795
775
795
3698
5739
914
913
664
913
1473
1463
2757
5244
3456
5153
4982
7104
4328
7104
2711
5432
4958
7418
4333
7418
4815
11135
4637
11135
4274
4310
4318
4310
365
368
9814
3206
8219
3206
9353
3206
11938
3206
9812
3206
12306
3206
4901
7010
5511
7010
3844
3845
3815
3845
11822
9396
10624
8197
10663
5919
10664
5919
6948
5919
2430
2514
2865
2864
5450
2864
2544
6884
8495
6884
3924
7582
6128
7582
1715
1691
1385
1691
8872
8799
3974
4011
2137
1981
8152
8154
9139
8243
5896
7311
4638
7311
11249
9162
3506
9162
9306
9162
11742
9162
12230
12048
3443
4985
5769
11041
6994
11041
3839
12286
600
601
10659
5968
4437
5968
9260
5968
9224
5968
3485
5723
1804
2064
1800
2064
2062
2064
4301
6336
7913
6336
3367
7760
3399
7760
1116
1024
1081
1008
3836
6595
8136
6595
9458
9429
3008
5835
9454
9850
10289
8686
11808
8686
8709
8686
9370
8686
3155
11219
3896
3927
2820
2854
10545
2854
10899
10305
12054
10305
5763
7227
5766
7227
5037
6702
4886
6702
11209
12111
12154
9636
2985
5815
2995
5815
3283
6493
12445
5209
4714
5209
7843
5209
9881
5209
10327
5209
5498
3749
5727
3749
7035
8086
3412
8086
4897
8086
4012
8086
5946
8086
5156
8086
3991
8086
4118
8086
11159
8086
2921
8086
6464
8086
4057
8086
4954
8086
5958
8086
4082
8086
6362
8086
2847
8086
6572
8086
4048
8086
6298
8086
5186
8086
6964
8086
3925
8086
5934
8086
9013
8086
2872
8086
5923
8086
9621
8086
10009
8086
8491
8086
6868
8086
9613
8086
6590
8086
9
42
8611
5163
3590
3633
3631
3633
4153
5028
12330
11324
4348
4394
9524
12460
9935
12460
2113
2048
452
453
3791
7621
6596
7621
5384
3168
9393
3168
5383
3168
11989
3168
9459
3168
1530
1521
1516
1521
2213
2108
2979
3023
8887
2278
4416
4532
4876
5179
8700
5179
5930
7340
4670
7340
10057
4082
11200
4082
10087
4082
10380
10997
1415
1416
5290
10275
10311
10275
114
6829
8342
6672
4566
6672
9098
9021
4250
6328
9887
9861
3768
7935
3766
7935
119
1014
1005
5613
9583
5587
9583
4316
4367
5275
5296
7869
7868
2519
2531
12309
12289
5029
6645
3523
6645
873
604
623
604
10882
3586
2261
3586
3585
3586
6297
10434
5203
10434
1680
1654
1569
1654
11996
10242
6467
7717
6458
7717
5888
11070
5093
11070
1558
1772
1414
1772
4725
3115
1896
2177
2104
2177
1983
2177
12327
11389
10279
11389
11520
11449
8775
11449
974
1113
9512
10964
9927
10964
10365
10964
12346
9344
9357
9344
9352
9344
8852
9484
3383
5036
1224
1227
5991
9117
8566
8533
8566
8533
8373
9628
1930
1993
1989
1993
6130
7609
3787
7609
18
26
3989
6796
4060
6796
9727
9183
2642
2659
12045
9888
8799
9888
11612
3100
3046
3100
2350
2351
1632
1713
4556
12129
11337
12263
12300
12263
9511
8818
100
780
9951
10640
4049
7563
4902
7563
1862
1863
8884
10771
4103
4136
3179
3181
11352
3181
3180
3181
8673
3181
3979
6112
4658
4666
4572
4666
3176
3240
3233
3240
11400
11372
9465
11372
11271
10133
11271
10133
9397
10846
10036
10452
10038
10452
9727
11259
2959
2994
2972
2994
1185
1092
982
1092
2330
8838
4652
11574
1558
1746
1494
1746
6003
7426
4404
7426
1318
1319
4173
11198
587
686
427
686
432
686
6974
4079
8554
4079
4072
4079
5488
11345
10958
11485
4655
8965
4633
8965
2816
5616
10770
4501
9343
4501
10706
4501
11311
4501
11214
6689
8521
6689
1063
1139
1113
1139
4994
7881
3171
7881
238
1879
7111
11636
9414
11977
12465
11977
4233
5182
3514
7151
5217
2967
4924
2967
2970
2967
3232
8314
4622
4554
4501
4554
2379
11844
209
6195
6194
10335
9413
4829
9413
8792
9413
15
262
10193
5464
5983
5981
5180
4727
10047
11639
2463
2812
9550
2383
4079
4109
9520
8826
9937
8826
3916
10066
4472
4471
3137
4471
4026
4949
3398
3411
2830
2832
2449
2832
2907
5800
8319
4063
128
189
1640
1638
1368
1638
1743
1638
4127
4128
4089
4128
5307
9325
11971
10857
11452
10857
1349
1700
1717
1700
3516
6167
11188
4811
9381
5497
11410
5497
1207
1202
5206
7438
5022
7438
1352
1355
4952
9562
7861
9562
8771
11402
10883
11402
3461
6620
7148
6620
3430
3785
3784
3785
11641
12126
9071
12126
5411
5412
5351
5412
458
459
3308
3327
3301
3327
10825
10801
10256
10801
6118
7579
9034
7579
12050
6624
4804
6624
8587
8132
3197
6430
5583
8453
2842
8453
3320
4831
3276
6526
10076
10056
10592
10056
9120
10056
777
854
869
854
11929
6744
3330
6744
4029
6516
3869
6516
8000
7998
10079
10585
4043
4053
1363
1639
1358
1639
3595
3601
3628
3601
9686
10078
1016
1130
10898
10894
10910
10894
9662
2946
9634
2946
12281
2946
2379
11845
8802
11845
3483
7150
6829
2264
8811
2264
2902
5454
8309
8920
2891
8920
8850
11956
5265
11956
33
244
900
887
8574
8509
1555
1545
1408
1545
11696
2673
8584
2673
10660
2673
2684
2673
8072
8071
159
93
459
460
8594
9134
10714
12219
11724
12219
5698
3318
3319
3318
5699
3318
10161
3318
4701
4708
9344
9790
10230
9790
10222
9790
8317
8463
4000
8463
2399
10867
2400
10867
3511
6157
8681
10718
10194
10184
9423
8740
5330
8740
4929
8740
9878
8740
4772
8671
9629
7022
5244
7022
181
9552
12371
11781
4512
4647
5462
4647
8563
4647
7865
4647
7535
9991
3357
9991
4926
11273
6121
3889
3697
6987
936
1175
917
1175
11730
11303
5463
4656
4634
4656
7865
4656
4116
4287
11306
4287
6960
4287
1886
2235
1871
2235
1859
2235
4319
11269
4581
4597
9024
11575
296
295
3871
10462
4898
10462
8219
8701
10255
8701
5720
6146
6150
6146
10080
6146
4025
6538
2653
2669
2637
2669
2799
12216
1194
1181
1005
1181
5057
7520
157
68
11336
5714
9489
10932
10947
10932
4646
4678
3967
7553
8085
7553
8813
11959
8809
11959
8810
11959
10971
11959
2616
5530
2595
5530
2293
5313
12120
8479
2705
2703
2672
2703
302
300
3036
8101
543
779
2335
2336
121
562
841
896
841
12302
10129
4817
10129
9324
10129
5178
3824
3822
3824
12285
2957
5454
2957
2918
2957
2955
2957
4515
4564
9769
10108
9735
10108
9741
10108
11972
9312
10747
9312
136
196
3774
7161
5108
7161
495
496
1317
1318
9616
5898
5137
5898
6000
10414
4391
10414
1884
2022
2021
2022
2008
2022
11718
2448
8641
2448
12289
2448
11720
2448
10700
2448
9248
2448
3566
3571
9337
5225
4800
10047
9119
10047
11236
10047
5443
8955
2785
8955
7094
7399
4526
7399
149
12
4450
4566
2382
11518
3786
3826
10619
9109
10616
9109
3193
9109
10620
9109
9490
9471
5076
9471
414
772
409
772
12103
12079
6983
12079
3023
12079
8096
12079
79
59
2777
5447
8124
5387
11977
9823
11977
9823
2718
6901
2707
6901
3611
9128
2297
9128
12203
9063
977
1163
950
1163
978
1163
1195
1163
4625
5922
1314
1610
1615
1610
913
895
665
895
7998
7709
7523
7709
3463
3473
245
1905
2558
2559
2542
2559
4420
4413
4360
4413
11263
12139
9699
12139
9703
12139
10136
3061
8550
3061
3009
3061
11683
3061
3601
5508
5159
10416
4226
10416
11179
10540
6194
7663
6200
7663
4735
6757
3322
6757
2538
11626
8796
8785
8815
8785
3535
6144
4606
6253
6271
6253
4207
8230
9645
11177
174
4621
4654
1300
1301
10364
9915
4286
4325
1746
1745
1495
1745
2764
2787
9933
4999
8539
5062
2292
2293
5316
11985
5353
11985
9769
9735
9769
9735
3691
5750
10210
5716
10703
5716
3428
5716
8668
5716
6590
6589
3659
5761
12278
9136
3338
11148
4944
11148
5893
11148
6533
11148
2985
11148
5075
11148
3389
11148
11185
11148
9629
11148
4822
11148
4948
11148
6459
11148
5940
11148
5213
11148
5253
11148
4210
11148
2843
11148
12215
11148
5978
11148
3862
11148
5248
11148
5585
11148
5811
11148
3400
11148
2491
11148
5831
11148
4530
11148
5882
11148
4119
11148
5593
11148
4357
11148
5244
11148
6493
11148
4394
11148
5121
11148
7904
11148
11190
11148
4913
11148
4560
11148
7087
11148
11186
11148
4819
11148
2661
11148
5032
11148
7533
11148
5133
11148
5165
11148
4258
11148
11184
11148
9622
11148
2927
11148
5782
11148
9630
11148
3427
11148
5427
11148
5836
11148
5615
11148
5575
11148
6531
11148
5950
11148
5433
11148
2995
11148
5245
11148
4080
11148
4334
11148
9625
11148
5571
11148
3283
8337
10274
11395
3084
3122
8146
3838
3797
3838
9236
5217
4161
4183
4174
4183
12177
11207
4261
6362
8656
10186
8656
10186
10103
3818
9675
3818
3785
3818
8553
3818
2607
11629
11939
12136
9710
3469
11248
3469
11703
3469
3470
3469
1931
2217
3330
6746
3358
6746
3861
6514
3946
6514
8464
6720
3416
6720
1119
1189
10820
5478
9834
5478
9382
5478
9398
5478
12392
5478
3043
3050
10760
12268
11337
12268
12287
12268
1742
1613
1616
1613
4168
6087
4198
6087
6328
7679
6346
7679
3063
10054
5222
7822
3804
7822
12167
6524
1076
1071
1207
1071
1207
1071
3481
3503
1906
1907
4270
5121
12093
12076
8480
12076
5948
9960
5969
9960
12303
6871
10246
5456
12010
5456
8723
5456
12042
5456
11439
5456
3881
3965
3958
3965
8782
10896
9105
9079
8546
9079
9163
9079
5851
7265
3097
7265
10548
2944
10572
2944
9177
9662
9510
9501
8825
9501
10984
9501
9506
9501
1187
1097
1190
1097
1102
1097
2574
11610
1218
1131
11727
11716
10129
3285
9709
3285
4676
5907
4636
5907
1507
1631
4442
6279
4446
6279
5168
7977
4939
7977
4154
6352
10814
10237
573
751
840
751
1424
1754
1585
1754
3795
6626
3013
5848
3044
5848
9788
9287
3691
5751
10692
10685
3470
10097
54
11867
3697
3701
4118
7489
4954
7489
4612
7349
5933
7349
10650
10618
12387
12349
8753
12349
12382
12349
11408
12349
8727
12349
4579
5466
10981
2427
10995
2427
10178
2427
9210
8571
10541
9970
3000
7255
8081
7255
4437
4547
4545
4547
10115
9652
2575
11752
10753
11752
3950
3955
441
442
3739
6196
9546
2334
748
886
9199
3459
6136
3459
2554
2573
2564
2573
3626
7012
5514
7012
10993
8824
8835
8824
10909
11440
4314
4312
4282
4312
9707
10064
8378
10064
4547
4608
5461
11750
9552
12514
1110
1180
927
1180
2816
5614
2563
2569
2553
2569
4579
4578
10836
4578
2676
11587
8380
5630
5801
5630
4374
7424
4390
7424
3043
3051
3860
6767
3948
6767
9030
7653
8288
7653
2618
2603
4738
2603
9284
2603
2420
2603
8157
4556
9186
4556
8607
4556
8567
4556
4774
4556
8888
2362
9053
8316
8315
8316
12357
12346
10862
12346
12056
12346
8317
9053
8317
9053
8417
4697
2350
9941
12001
8601
5029
6638
4865
6638
12411
9819
5644
7081
3096
7081
3655
3671
3656
3671
3728
3740
10532
12057
6996
7948
5778
7948
3991
6794
4057
6794
892
754
9503
11984
8330
11984
11208
5052
10070
5052
10600
5052
8880
2371
86
8889
10920
10330
6275
6263
4612
6263
10694
3920
11317
3920
11290
3920
11724
3920
10310
10844
12402
10844
5741
7200
6193
7200
2994
2996
11423
9839
10988
2266
4660
4664
37
241
8758
11719
8655
4134
4722
4134
4434
6309
5201
6309
12157
5877
3152
5877
5240
8007
3295
8007
8144
10436
8129
10436
11963
3584
5145
3584
5694
5693
7172
8029
7178
8029
163
11314
4940
9807
4940
11741
4940
8697
4940
12275
4940
386
387
150
61
4150
4152
5996
4152
12283
12255
4613
8208
8386
8208
4011
8208
5974
8208
3906
8208
6107
8208
4539
8208
4388
4433
9481
5294
8537
12171
2512
2516
2428
2516
274
1498
8644
8629
372
373
176
8872
3892
3895
6120
3895
11988
10966
10990
10966
8856
10966
8716
9346
12448
9486
11855
9486
8099
8147
5018
12031
11652
12031
8502
12031
4124
7502
6414
7502
10614
5034
10612
5034
10857
11338
5760
7215
3675
7215
7867
9310
12343
9310
5472
9310
5968
4873
7904
10393
4560
10393
949
1196
1084
1196
1084
1196
1608
1307
12296
4396
2288
8845
11911
8845
2909
2908
2482
2908
9671
10599
5268
5267
5154
5890
9042
5890
5080
7123
5082
7123
12184
7068
8101
7068
2815
2847
2474
11522
12024
11522
9301
10201
2818
2856
2824
2856
8700
8684
5257
8684
705
640
737
640
9692
8392
9126
8392
11241
8392
5701
3249
9900
10913
8705
12373
9277
10171
7917
7990
5193
7990
915
1211
6351
4755
9044
4755
4297
4755
5767
10428
5768
10428
17
266
11389
10733
10266
11326
883
882
768
882
12046
12499
7909
8084
12250
8084
4845
8084
10646
2878
10099
2878
3514
3529
3535
4869
9177
9634
12272
9280
4998
7385
4873
7385
6355
7445
4220
7445
4044
7791
5211
7791
12484
12000
6816
4903
9517
4903
7829
4903
12482
4903
9152
8517
9750
10649
10156
10649
12262
10649
2941
11670
2941
11670
955
1033
4555
8156
8754
10825
12324
9357
7713
7472
11183
7472
2585
6886
2570
6886
193
8902
4891
9798
4117
8178
3273
3355
3320
3355
10926
12452
9447
12452
8116
12452
2648
5543
2655
5543
3962
8421
6541
8421
11240
6282
8084
6282
4990
6334
4945
6334
2496
2810
10119
9082
3821
4859
4300
7106
7876
7106
1245
1246
2458
5246
8314
6695
8332
6695
951
1034
4015
4021
9870
10292
12425
10292
10871
10292
8823
11499
4958
7682
4966
7682
12214
6213
6989
6213
9860
9394
8782
9394
2865
2866
2823
2866
703
639
688
639
1231
1232
5092
4765
2869
4765
6065
4765
2949
4765
7568
4765
5579
4765
7997
4765
4563
4765
7547
4765
4374
4765
2848
4765
5925
4765
2734
4765
3961
4765
2977
4765
4390
4765
3392
4765
7864
4765
8176
4765
2741
4765
5857
4765
4238
4765
2789
4765
5976
4765
5447
4765
7521
4765
4429
4765
4729
4765
5917
4765
3143
4765
5127
4765
6106
4765
12249
4765
6354
4765
4166
4765
7910
4765
7112
4765
7537
4765
2880
4765
4473
4765
6470
4765
6540
4765
4680
4765
5816
4765
6475
4765
4036
4765
2767
4765
2901
4765
5605
4765
5637
4765
4671
4765
5891
4765
4533
4765
5961
4765
3859
4765
5675
4765
5642
4765
6069
4765
6567
4765
3356
4765
6546
4765
4213
4765
2504
4765
2475
4765
3305
4765
3085
4765
4589
10032
8850
12478
6844
12478
11000
12478
10128
5788
296
228
3010
11612
10696
3204
9757
3204
3171
3204
5247
4344
8703
4344
3135
4484
5645
4484
11909
9536
11910
9536
10957
11420
3290
3365
12
11008
9605
6080
447
448
441
448
3528
3533
12316
4117
9832
4117
9864
10729
2106
2017
1827
2017
2016
2017
9891
9367
9859
9367
5160
9367
11988
10947
10978
10947
4504
8166
3307
5083
3847
6125
2501
2503
2453
2503
316
314
11214
5018
3801
8586
8400
6602
4773
6602
12035
6602
4541
7904
4581
5974
2411
2425
3618
5410
272
1499
3458
7139
4148
7874
3917
6572
3058
3088
4369
6004
4327
6004
5328
9900
8795
9900
8747
5380
2973
3013
59
10956
1350
1741
1639
1741
5197
6443
4069
6443
4257
6383
4984
6383
2014
2015
1837
2015
3796
3799
3432
3799
5057
7521
6850
9011
5349
9011
8323
4162
4111
4162
5260
10978
4628
4632
4878
12254
8089
6110
8088
6110
8090
6110
12265
11231
12219
11231
9315
3174
4880
8749
11840
8749
11204
11190
10067
11190
9639
11190
4983
8633
5495
8633
11209
8293
2908
2925
8126
7058
12191
7058
9540
9528
5292
9528
11893
9528
10054
12043
2320
11891
3722
11091
5052
11091
7925
9683
12258
4429
8080
4429
6135
7617
38
239
1944
2240
2252
2240
6196
8033
3741
8033
3830
8927
3805
8927
2781
2780
2769
2780
2604
2631
2620
2631
4042
6545
11453
10784
10888
10784
10314
10784
3671
3686
5500
3686
5329
5257
5176
5257
5371
5257
10288
5257
5330
5257
5640
7076
10033
7076
3054
3092
2968
3003
9841
12318
12314
10632
10160
10632
4895
10632
8735
4978
8348
4978
9791
4978
10758
4978
12156
6014
4368
6014
1208
1184
1125
1184
1196
1184
5217
2969
5817
2969
2972
2969
8564
2969
2050
2172
1808
2172
3779
3444
3435
3444
3261
3384
21
9541
4510
9001
2264
11380
11475
11380
6042
3232
9164
3232
6066
3232
3200
3232
8146
6120
3797
6120
3160
4465
1216
974
7116
4956
149
117
224
8508
4077
3202
4077
4296
9226
4691
10460
4650
10460
4778
6687
3537
6173
8401
6173
5663
8655
9789
8655
9180
12241
6428
5091
3254
7548
12252
7548
9178
7548
10595
7548
5646
11702
1287
1288
6046
11257
10679
4784
5661
4784
11272
4784
7525
8055
3384
8055
9046
7607
8180
7607
3845
5190
2642
2657
4195
5231
2586
2596
4690
7354
11647
7354
37
353
319
318
1697
1428
1357
1428
5181
6391
4245
6391
7617
9098
9147
9098
6134
9098
7529
3329
6492
3329
160
6126
7577
6119
7577
1874
2026
1878
2026
2024
2026
2637
2646
2620
2646
2441
2820
2819
2820
10262
10765
4145
7116
4244
7116
9880
10288
9894
10288
10901
10288
8793
11827
12366
11827
155
11292
11246
11272
11246
3537
6169
3553
6169
1112
1052
1028
1052
9258
9238
9451
10859
3247
10859
6404
7698
7473
7698
4925
3214
5084
3214
5691
3214
5015
3214
5071
5499
3579
5499
4941
6203
3771
6203
2832
2840
5246
5792
7045
5792
3551
3555
5677
11083
4971
11083
3378
7734
6465
7734
4106
4107
4072
4107
12217
9691
4042
4947
5598
8971
8313
8971
569
570
914
570
240
1889
10857
11410
4847
9570
5932
9570
8380
11018
8329
11018
680
646
716
646
3253
5008
4040
4048
8857
2325
2530
5420
2535
5420
4293
7914
12161
7914
3442
6612
8160
6612
5886
4729
429
430
2975
2973
2971
2973
12117
8281
4703
8281
5028
8281
12072
8281
526
890
531
890
2070
2072
1792
2072
1796
2072
8892
2403
6438
6422
5067
6422
9270
8140
11755
8140
235
1868
3562
6159
10907
10869
10875
10869
9528
5326
2810
4733
5577
8448
11150
8448
3355
8388
4630
4649
3820
3887
11841
10903
10558
11999
2477
4913
3601
8507
11380
11773
3464
7142
11233
11669
10272
5681
8701
10755
1932
2169
2159
2169
8503
3496
2112
2234
1855
2234
4265
4224
10679
4224
5661
4224
11272
4224
5569
6924
5440
6924
2866
12228
2921
8912
5807
8912
11763
9782
10743
9782
11764
9782
11418
9331
6039
6038
7176
7175
335
429
4531
10441
7096
10441
2373
10381
12044
10381
4770
10381
8384
10381
2376
10381
12488
10381
4833
10381
12485
10381
5145
8732
2538
2544
3512
3565
9337
4825
46
4313
6298
2729
2726
11672
2726
11673
2726
8606
2726
3310
3333
568
569
5599
7030
11180
7030
3092
9560
8077
9560
10801
8218
2686
2694
10716
4455
9762
4455
4454
4455
4847
10470
4678
10470
4023
7783
3956
7783
6975
11034
6389
11034
11841
5338
9890
5338
4390
7397
4429
7397
4260
4966
926
973
1191
973
937
973
10153
10049
10130
10049
9480
10940
2379
10940
2376
10940
6093
7512
6408
7512
5744
7205
5753
7205
6034
12233
11279
12233
10150
12233
2446
10127
11964
2416
8722
2416
12251
11294
2939
2959
2960
2959
1903
1904
1822
2056
2049
2056
2055
2056
2579
5522
2567
5522
5454
2918
5454
2918
2668
2667
2646
2667
6362
6026
6964
6026
7566
8065
6569
8065
11435
11996
11945
11996
8230
8477
4938
9320
8704
9320
4937
9320
1347
1429
1699
1429
10631
11666
5977
7364
4614
7364
1727
1505
1332
1505
3702
6989
12510
11917
2278
11903
2715
2738
2735
2738
10093
4289
10104
4289
11267
4289
5987
4289
5988
4289
10105
4289
7881
8665
10854
10211
10770
10211
9343
10211
10763
10211
10296
10211
9507
2312
11997
10873
11285
11267
4554
4599
10167
4599
1288
1289
1558
1749
11649
10556
9794
9295
11977
9295
9823
9295
9323
9295
10808
9295
9495
12466
10955
12466
6149
7635
3569
7635
2600
2613
4418
4359
9335
4359
4308
4359
9241
3037
2963
3037
8187
3037
8614
3037
8164
6972
12266
10085
2836
5604
4268
4272
5991
4272
11796
11746
256
1386
12504
10697
10735
10697
11735
10697
357
1352
9125
9035
4152
10578
9111
3297
9221
8611
61
1491
4077
7921
2437
2462
11715
2462
11716
2462
8617
2462
2139
2014
12088
8306
350
1326
10697
2525
2533
2525
9257
2525
2524
2525
2315
9928
10372
9928
9508
9928
909
755
5110
9763
10084
8490
9135
8490
5342
8350
9325
8350
9336
8350
8589
4844
4773
4844
12007
2471
12242
2471
2468
2471
10868
9809
9379
9809
12353
9809
6947
10664
8528
3766
12289
11720
12289
11720
4233
4245
2883
11606
8575
8527
3309
3264
10176
3264
6159
8017
3549
8017
4656
6945
464
737
582
737
459
737
4394
6319
5133
6319
4525
11052
4425
11052
3853
3910
4829
8754
8792
8754
6529
3880
6532
3880
265
2129
10848
10251
9413
10251
8244
12188
9067
12188
8243
12188
2215
2103
463
703
582
703
855
703
3410
7762
8337
7762
2139
2043
2042
2043
2548
11609
4244
5668
10118
5917
4950
5917
9646
5917
10920
8199
8175
8199
4620
4685
11775
9779
9369
9779
3205
9779
10793
9779
2134
1990
1989
1990
3695
3711
5738
5737
4360
9160
1025
1046
1073
1046
371
376
375
376
11179
8361
5777
7233
5779
7233
9680
3933
9658
3933
8515
3933
4006
3933
10574
8276
2742
5440
11918
2327
9181
10608
5270
10368
3172
12350
2952
5821
11885
9936
2471
2899
5502
7002
5774
7002
1997
1998
1981
1998
1914
1998
2011
2195
1863
2195
4416
7093
2798
5574
4544
4618
4634
4618
8496
4302
8722
11749
11416
3627
5404
3627
2306
3627
5922
8986
5939
8986
12226
11683
8362
11466
11482
11466
3662
8258
9404
2434
10292
2434
9375
2434
8076
2434
8242
10547
11384
12352
10282
12352
3371
3425
5493
3747
9162
3747
8597
3747
7156
3747
105
207
3251
5207
3886
7590
4923
7590
8606
9170
12087
8351
12038
8351
8536
5676
4143
5676
6044
5676
492
493
526
527
6477
7752
5101
7752
4172
5148
3443
3808
9659
11630
10916
8764
9949
8764
821
632
758
632
12391
10261
9440
9427
9456
9427
8570
11217
4783
11217
4784
11217
9735
3929
9765
3929
5710
3929
9716
3929
123
187
4147
5658
3660
7229
3668
7229
466
467
9381
5395
5384
9875
5383
9875
9459
9875
1337
1614
10305
9842
2776
2795
11991
8268
8272
8268
8270
8268
12107
8268
11479
11456
4339
4373
4317
4373
3507
3513
3510
3513
3336
6504
3348
6504
8005
6710
5123
6710
2330
11882
10381
10376
11415
4896
8193
4896
4723
4896
137
178
10939
11478
2329
9511
1430
1596
1611
1596
4820
8797
6468
11121
11575
11121
5945
5943
12484
10358
9503
10358
12444
7843
6034
4191
9234
4191
12259
4191
8654
4191
11717
4191
11930
12080
5432
6911
5560
6911
1577
1562
1428
1562
5267
11508
5943
7332
5928
7332
8542
9119
4489
7284
5164
7284
9160
4540
10159
4540
3941
3984
5708
3984
9716
3984
5711
3984
4316
4369
3402
6474
4535
6680
4575
6680
3759
12140
3855
12140
3833
12140
8102
12140
3767
12140
7566
12140
4056
12140
3705
12140
5504
12140
4882
12140
5045
12140
7099
12140
5742
12140
4985
12140
5761
12140
5737
12140
5746
12140
3363
12140
5510
12140
6155
12140
3532
12140
3733
12140
7538
12140
5505
12140
2083
1991
1990
1991
1977
1991
3360
6731
3401
6731
4890
10406
4458
10406
2859
10566
6432
4090
2096
2159
2566
5518
2557
5518
6457
7719
6481
7719
4342
4403
1234
1235
9388
11387
10944
11447
3216
3254
3271
3254
3110
3143
2388
10999
5315
10999
8848
10999
2268
6827
9490
9905
5076
9905
5226
3778
5715
3778
5812
11062
9039
11062
8246
6235
4491
6235
10253
10250
8674
9753
10644
9141
4875
5706
6132
11562
5592
11562
2861
11562
9165
3756
9654
3756
10687
10654
4135
6095
930
931
4130
5177
5709
3979
12239
3979
11237
3979
10623
3979
10615
9065
5382
5381
5382
5381
2747
5441
2708
6907
2693
6907
4461
7279
4488
7279
11996
9825
10823
10798
6265
7352
5936
7352
9066
8320
9641
8320
9148
8320
351
1329
10354
9477
9918
9477
4448
4560
2020
2021
2114
2021
3611
6848
2296
6848
2900
5626
2506
5626
3759
7665
3767
7665
3029
3067
3066
3067
3333
6751
3325
6751
3181
11728
5493
11697
12051
3475
7142
3475
5219
4782
7824
4782
5654
4415
9679
4415
4420
4415
9159
4415
1388
1389
10872
11967
11815
11967
3264
6489
3385
6489
7108
6349
4208
6349
6347
6349
7836
9913
8116
9913
11325
12273
12183
11171
12183
11171
3236
3234
3183
3234
374
740
615
740
611
740
9740
9218
3327
3382
3440
3442
4567
6255
4608
6255
6116
3916
3919
3916
11447
11428
2993
3000
12474
8783
12461
8783
5034
7196
3719
7196
3942
9733
10219
9733
9775
9733
9917
10326
8347
10326
5899
11564
8469
11564
4769
11564
11584
11564
8875
12509
11264
2411
2407
2411
9713
2411
2406
2411
12043
3094
3093
3094
3744
9649
1217
933
4358
6012
4329
6012
3724
3736
11287
10634
4286
4323
1240
1243
2775
2781
5319
2781
8889
12515
4287
7912
4159
7912
7139
6614
7144
6614
4016
5211
323
1240
11396
11393
1209
1206
284
6426
6424
5067
6424
12126
6630
3789
6630
5232
9599
5003
9599
3526
9599
7917
9599
5921
9599
3884
9599
3497
9599
5619
9599
8341
9599
5039
9599
5193
9599
4677
9599
4535
9599
4690
9599
2898
9599
4054
9599
6130
9599
8083
9599
7515
9599
5856
9599
9046
9599
11647
9599
4236
9599
4228
9599
3477
9599
3388
9599
2822
9599
11954
9599
3834
9599
3421
9599
9031
9599
4363
9599
3860
9599
4643
9599
8105
9599
5835
9599
2946
9599
5083
9599
6945
9599
3425
9599
5177
9599
3015
9599
4463
9599
9033
9599
4164
9599
3948
9599
3126
9599
5980
9599
6495
9599
8180
9599
3787
9599
3501
9599
4023
9599
5634
9599
2494
9599
2986
9599
3142
9599
9008
9599
4920
9599
3999
9599
4326
9599
3956
9599
2926
9599
5069
9599
4493
9599
4575
9599
528
529
3653
5767
1426
1699
1717
1699
9030
8331
12091
8331
12142
8331
8259
8331
12214
8331
8258
8331
9009
8331
8260
8331
8262
8331
8261
8331
8288
8331
4468
4498
305
304
6464
7732
5162
7732
74
237
469
9106
11201
9655
11201
4183
4185
12124
5638
3208
3212
9302
3212
9304
3212
10725
3212
11970
9448
8748
9388
9403
9388
9847
9388
9816
3505
11344
3505
9787
3505
5193
6081
4228
6081
12272
11733
9096
5127
12009
5127
5299
11436
6938
5794
2809
5794
2346
11884
9895
12355
10344
12355
9912
12355
1432
1598
1293
1598
3070
7263
12170
7263
3582
3728
3727
3728
2220
2023
2021
2023
1881
2023
3757
6200
3957
3963
1885
2009
2114
2009
2311
9507
10848
5470
10293
5470
11403
5470
3983
4009
2150
2149
11485
10338
9913
10338
12446
10338
4695
9966
5927
9966
10717
6877
8698
6877
8669
6877
8310
7309
12149
7309
3225
5049
5501
3648
3649
3648
9867
10190
10309
10190
12010
10190
2539
2542
2541
2542
5298
8734
3677
8734
4880
8734
12367
10231
5360
10231
4654
10528
4650
10528
141
4593
5901
2019
2020
2160
2020
12121
7971
11170
7971
469
470
3265
3283
3288
3283
4859
8914
1109
1153
1061
1153
1176
1153
2790
6922
5439
6922
3684
3707
4204
4222
12275
11741
12275
11741
10646
10091
2802
10683
9187
9140
2730
9281
3685
5757
8688
9784
11759
9784
8068
9784
529
530
12205
3953
3878
3953
11708
3953
12222
3953
4423
4541
4545
4541
3895
8098
8887
10900
2996
7253
5824
7253
3467
7144
1747
1599
3144
9956
3128
9956
2458
2487
2010
2183
1869
2183
4469
11601
4189
8577
11750
5460
2077
2198
2094
2198
9351
8698
12308
8698
11385
8698
8718
8698
12200
8238
5920
8238
9442
11818
78
349
12194
6716
8395
6716
3334
6750
3346
6750
2342
11885
2551
2575
6853
2575
8119
9978
3532
9978
10780
12354
2864
5589
3033
3046
3037
3046
377
384
383
384
2151
1984
2103
1984
11199
4339
6365
4339
4907
4339
3007
3057
3005
3057
10015
10008
2591
2605
8580
8548
5131
6761
12026
6761
8481
10536
11633
10536
11638
10536
11634
10536
11636
10536
11171
10536
9017
10536
10052
10536
7474
10536
8484
10536
9027
10536
8488
10536
11632
10536
8487
10536
10551
10536
9024
10536
5222
10420
9085
10420
380
381
8287
7655
9009
7655
9262
9729
258
1388
559
840
799
840
4590
4691
8151
8607
11520
9947
11921
9947
9633
9055
10570
9055
5601
9055
3799
3830
1327
1328
5972
7362
4615
7362
2341
2342
4544
4570
8225
4570
8683
4570
11288
4570
10100
5720
3694
5746
4480
11565
2599
11565
2873
11565
4445
11565
2811
11565
11581
11565
2532
11565
11608
11565
11603
11565
11582
11565
2698
11565
11580
11565
11576
11565
11579
11565
11144
11565
2409
11565
11611
11565
10530
11565
11146
11565
4576
11565
11605
11565
11597
11565
5853
11565
4699
11565
2854
11565
3100
11565
11574
11565
11610
11565
11587
11565
2810
11565
2425
11565
11606
11565
11609
11565
8276
11565
4373
11565
11601
11565
2870
11565
3031
11565
11593
11565
2623
11565
11598
11565
11151
11565
4645
11565
11588
11565
2754
11565
11599
11565
11596
11565
4303
11565
2794
11565
2545
11565
2572
11565
2884
11565
2725
11565
11577
11565
2410
11565
10533
11565
11590
11565
4279
11565
11594
11565
11595
11565
2991
11565
11586
11565
2662
11565
2928
11565
11145
11565
9596
11565
6405
7514
6096
7514
2113
2053
2821
10499
5614
10499
2566
5524
2584
5524
947
1174
1111
1174
1021
1174
4701
7087
5144
3677
1076
934
8179
11292
3597
3598
442
739
447
739
584
739
3148
5871
4464
5871
2501
2500
2452
2500
5050
8001
7429
8001
2687
2692
7848
8226
6156
8226
5762
8226
5503
8226
3638
8226
3807
8226
3641
8226
3660
8226
5729
8226
6190
8226
10022
8226
6458
8226
9021
8226
10066
8226
6167
8226
3889
8226
9649
8226
7173
8226
6356
8226
4892
8226
4055
8226
10017
8226
6283
8226
5776
8226
5743
8226
5756
8226
3668
8226
3330
8226
6990
8226
3704
8226
5234
8226
6627
11032
6598
11032
7908
6265
5941
6265
8566
6265
10925
5288
8774
5288
3226
3262
3875
6106
10821
4435
4793
4435
1216
971
5697
5695
9390
12368
8377
12368
1463
1513
1227
1513
1222
1513
3927
11054
4004
11054
10787
5358
3874
4842
9620
7213
5753
7213
10694
3893
3839
3893
11317
3893
11724
3893
10750
8141
10269
8141
9928
10960
4047
6788
4055
6788
4601
10662
1025
997
1073
997
935
997
1077
997
11500
9896
8772
5376
5377
5376
2940
2939
2916
2939
3673
3690
3194
10148
8665
10148
10173
10148
9254
10148
10109
2776
2772
2776
9176
2776
2779
2776
7926
12180
2400
8843
2402
8843
2396
8843
2394
8843
8253
7080
5644
7080
5262
5261
2215
2260
2214
2260
1938
2260
1889
2260
1894
2260
2236
2260
412
828
858
828
3556
8119
7522
10395
6461
10395
3207
4875
2737
2758
2750
2758
4166
7125
5675
7125
9950
12040
2832
2841
9796
10207
4114
4274
4276
4274
9300
5602
2807
5602
2696
11186
151
166
11303
11705
9752
11705
11295
11705
4900
6974
10864
8719
8742
8719
11582
4753
9187
4304
12276
4304
11245
4304
2782
5572
3450
6139
9300
9268
3635
7004
5778
7004
8899
10915
2442
2454
2446
2454
246
1910
5027
2870
9056
2870
2864
2870
5251
2870
10228
10177
10733
10177
8069
10177
12034
7797
4045
7797
5166
8511
4966
7443
4214
7443
5965
7383
6272
7383
1503
1755
1756
1755
4304
4905
12411
2806
9358
2806
10796
2806
5320
2806
2967
5250
8879
10735
4207
7110
2437
8590
273
672
5407
5406
10936
12434
9457
12434
10872
12434
3335
10518
3292
10518
426
427
592
593
443
593
447
593
10843
9351
11413
9351
10850
10823
8740
8170
6095
6058
6973
6058
5935
8427
4610
8427
2137
1982
2099
1982
1840
2046
2042
2046
2549
11991
8380
11991
5569
11991
2788
11991
5125
11991
2648
11991
2514
11991
2694
11991
2613
11991
5440
11991
5574
11991
4490
11991
6275
11991
5445
11991
2633
11991
2655
11991
5600
11991
8275
11991
2410
11991
4235
11991
5933
11991
3303
7764
3407
7764
15
263
2738
11661
1411
1510
1556
1510
673
905
722
905
9901
8752
665
567
6838
11416
11907
9540
2654
5545
2689
5545
11905
2310
1831
2106
4227
6076
5678
6076
3620
3619
9128
3619
7838
3619
5348
3619
4731
3353
4731
3353
9331
9276
5160
9276
9317
9276
4020
4027
3931
4027
10035
11558
6624
11558
10034
11558
7997
6693
7521
6693
9554
10819
139
9313
11330
702
654
743
654
5159
7986
10086
7986
9367
9258
6958
4928
1975
2243
1940
2243
12396
10839
3936
4763
12105
4763
4764
4763
2767
4763
5675
4763
12023
4763
8751
9844
8554
4809
11722
4149
10170
4149
9732
4149
10227
4149
11723
4149
8696
4149
2825
2860
2856
2860
3674
6215
3335
6502
11931
6502
3190
4111
5664
4111
8666
4111
5665
4111
9431
8762
12096
12088
1794
2171
2066
2171
3499
3535
5721
3535
3386
3409
11666
3409
11227
3409
10131
3409
4977
7754
6486
7754
9216
9199
3290
3363
1710
1687
1274
1687
1711
1687
12207
6890
2612
6890
252
1919
2480
2485
2486
2485
38
351
3803
6123
5715
6123
10954
10941
11833
9361
3981
5085
4074
6068
6974
6068
4809
6068
10589
6068
12052
8160
9097
8160
2950
12246
3163
9490
6817
9490
4903
9490
8127
9350
10986
10970
5232
9618
5003
9618
7917
9618
5921
9618
3884
9618
3497
9618
5619
9618
8341
9618
5039
9618
5193
9618
4677
9618
4535
9618
4690
9618
2898
9618
4054
9618
6130
9618
8083
9618
7515
9618
5856
9618
9046
9618
11647
9618
4236
9618
4228
9618
3477
9618
3388
9618
2822
9618
11954
9618
3834
9618
3421
9618
9031
9618
4363
9618
3860
9618
4643
9618
8105
9618
5835
9618
2946
9618
5083
9618
6945
9618
3425
9618
5177
9618
3015
9618
4463
9618
9033
9618
11648
9618
4164
9618
3948
9618
3126
9618
5980
9618
6495
9618
8180
9618
3787
9618
3501
9618
4023
9618
5634
9618
2494
9618
2986
9618
3142
9618
10571
9618
4920
9618
3999
9618
4326
9618
3956
9618
2926
9618
5069
9618
4493
9618
4575
9618
2973
3015
2836
12249
2469
2476
10629
2476
4912
2476
8576
2476
328
327
10673
10652
10158
10652
1910
1911
5883
9017
3326
7527
667
896
911
896
3254
3252
9178
3252
10595
3252
3806
10440
3831
10440
4257
6385
4248
6385
4119
6445
4080
6445
6587
11064
3910
11064
9322
5368
2279
11900
8803
4936
12476
4936
4397
4519
6952
4519
3326
3379
1435
1531
1289
1531
1548
1531
4780
4779
2906
2923
2732
2768
2769
2768
3487
8635
11968
8295
4993
8295
11659
6472
9058
6472
4968
6472
2466
11704
1725
1452
12182
11237
1285
1286
9183
5886
11259
5886
5645
5886
8613
5886
19
22
1836
1839
128
9758
4400
9785
4400
9310
4400
4344
4400
3616
8921
4844
7611
3810
7611
5788
5251
2627
2637
2636
2637
10953
12462
10964
12462
2327
12462
5034
8035
7193
8035
708
651
714
651
1498
1764
1767
1764
4050
6543
3932
6543
5105
11097
6472
11097
6115
3982
10618
3982
3929
3982
6113
3982
1637
1426
1729
1426
9793
9306
4457
7282
4497
7282
5928
7334
5035
7334
12263
9685
10135
9685
9696
9685
895
836
565
836
3133
12157
11206
7159
8534
7159
4798
7159
11011
2376
2375
2376
31
356
11844
10936
10351
10936
1984
1985
1894
1985
1890
1985
6880
7889
5509
7889
5945
9608
9359
11368
6195
5064
12253
3005
3004
3005
10647
3005
11284
3005
2788
8948
5440
8948
4423
12250
28
11899
6153
6142
4779
6142
6979
6142
4074
4071
3201
4071
3363
10466
7538
10466
4371
6681
4410
6681
6833
2261
2034
2042
1858
2042
3536
4970
389
390
4454
4509
8408
4509
4959
9007
5635
9007
8131
9007
5830
9007
6323
9007
5105
9007
4376
9007
9040
9007
5931
9007
3045
9007
3391
9007
3026
9007
6037
9007
3790
9007
6143
9007
3337
9007
3550
9007
4964
9007
5041
9007
5060
9007
3872
9007
3927
9007
6430
9007
4708
9007
4325
9007
3365
9007
8166
9007
3565
9007
7921
9007
8320
9007
4498
9007
5049
9007
3830
9007
6472
9007
4528
9007
5972
9007
3904
9007
5184
9007
5020
9007
6483
9007
4459
9007
3967
9007
4039
9007
5798
9007
2989
9007
8085
9007
4872
9007
9052
9007
6437
9007
4826
9007
3150
9007
4686
9007
3520
9007
5077
9007
4004
9007
5096
9007
3129
9007
11948
9007
4561
9007
4862
9007
5241
9007
9038
9007
4615
9007
3805
9007
4942
9007
4975
9007
5212
9007
2382
9547
3216
12252
4656
4652
4618
4652
3160
4463
629
803
839
803
1618
1704
1490
1704
162
255
9239
11251
9719
11251
4626
5924
943
1170
1039
1170
965
1170
1204
1170
11352
3189
12004
3189
4897
7038
5186
7038
3533
6175
3558
6175
10220
8653
9347
8653
9803
8653
4103
5097
2271
2272
4977
11525
4960
11525
10236
9316
5388
9316
10833
9316
10308
9316
8731
10779
11780
10779
10261
10779
10263
10779
16
260
4636
7298
4497
7298
945
946
1007
946
3888
7601
3906
7601
3914
3998
7529
8053
6487
8053
4919
6030
5010
6030
4525
5237
3773
5237
3538
5237
4010
5237
3813
5237
3871
5237
7930
5237
5979
5237
4489
5237
4854
5237
6164
5237
5994
5237
5164
5237
3777
5237
2943
5237
4977
5237
12133
5237
3490
5237
2990
5237
5038
5237
3828
5237
4124
5237
4898
5237
12166
5237
6328
5237
3473
5237
4654
5237
3050
5237
3459
5237
4947
5237
5008
5237
4691
5237
4960
5237
12211
5237
3417
5237
7430
5237
6414
5237
4425
5237
5888
5237
6585
5237
4003
5237
12132
5237
3856
5237
8126
5237
4176
5237
5093
5237
4972
5237
8409
5237
5915
5237
5119
5237
3332
5237
3564
5237
3139
5237
3554
5237
5128
5237
7115
5237
3903
5237
6429
5237
3574
5237
4038
5237
4650
5237
7911
5237
12191
5237
6486
5237
6346
5237
4605
5237
5285
2651
9321
2651
10807
2651
9800
2651
10798
10763
3481
3500
311
1248
3992
7571
9034
7571
10726
4839
12329
4839
11902
10928
699
655
718
655
541
542
537
542
5603
9664
5603
9664
11994
2942
4839
2942
5691
10809
5692
10809
8123
10809
7919
6397
4252
6397
735
637
830
637
3112
4819
6984
6205
5735
6205
5207
6512
12145
6512
9624
11614
9104
10052
11207
10052
5011
10052
11861
7824
9936
7824
2338
7824
4842
6522
9061
6522
9421
5330
6537
8977
3969
8977
11431
2730
11421
2730
2423
2730
5286
2730
202
9556
2805
7026
2787
7026
124
45
217
2276
11896
11278
9697
10152
9697
4073
4101
6970
4101
7920
4101
6969
4101
8409
11085
4605
11085
8537
4941
3551
3553
3406
3419
4406
6364
4905
6364
8169
4479
9275
4479
8664
4479
5461
4479
4385
5989
1986
1987
1938
1987
11187
8287
1704
1591
1321
1591
1616
1591
8144
12017
5948
12017
3148
12017
3395
12017
2896
12017
5214
12017
6140
12017
5204
12017
5050
12017
2999
12017
7429
12017
4531
12017
3324
12017
3972
12017
6482
12017
3928
12017
7096
12017
8485
12017
8163
12017
5969
12017
9032
12017
6297
12017
6456
12017
5999
12017
5203
12017
4335
12017
3806
12017
3870
12017
4046
12017
10040
12017
6352
12017
3051
12017
12043
12017
9035
12017
3382
12017
5901
12017
4970
12017
3521
12017
4991
12017
3461
12017
2988
12017
6129
12017
8210
12017
3359
12017
5150
12017
3573
12017
3854
12017
3331
12017
7148
12017
9037
12017
5170
12017
3997
12017
3093
12017
3831
12017
4464
12017
3949
12017
5109
12017
8129
12017
5152
12017
5951
12017
4887
12017
9041
12017
5107
12017
8137
12017
3374
12017
5965
12017
6272
12017
4295
12003
5948
9578
5951
9578
979
1135
1107
1135
2966
2975
12280
2975
8891
2385
8485
3124
12043
3124
11474
10905
9457
10905
81
43
1716
1695
1425
1695
934
1179
925
1179
2844
2836
2834
2836
3883
3881
10666
3881
8375
3881
11709
3881
2353
2354
12196
12036
3928
9999
6129
9999
8561
4735
4831
4735
12136
4735
10087
10062
10195
4314
11303
4314
9752
4314
4277
4314
10151
11250
1778
1779
5272
8822
2503
11615
2621
7014
2639
7014
12303
8679
5602
2816
2439
2816
5285
2650
11966
2650
9330
2650
10807
2650
1248
1249
5129
7120
4167
7120
8896
10753
9188
12176
11694
12176
6099
12176
2739
8501
1084
1031
3066
8079
5689
5687
5733
9654
8328
4915
10830
4915
11816
4915
7174
7173
9364
9337
8277
9337
8278
9337
302
793
845
550
845
1382
1662
1377
1662
1693
1662
3820
8136
11591
10508
12150
10508
2530
5416
2523
5416
4706
9566
5924
9566
11422
11406
3603
3609
5311
3609
3317
3335
3511
3563
4262
6354
3688
10447
3708
10447
4218
10387
4246
10387
10069
4823
8372
4823
9628
4823
9249
9230
388
389
3284
4960
3967
7785
5212
7785
1283
1514
1598
1514
9395
10842
4522
7391
9079
7391
5590
10456
2845
10456
10956
11376
2796
2828
1503
1401
5400
3579
11351
3579
11316
3579
12331
3579
5398
3579
4134
4132
8569
4132
4619
4662
10822
4453
4398
4453
9817
4453
9811
4453
11700
6116
3816
6116
12286
6116
11260
6116
9939
11927
9929
11927
2331
11927
276
1496
7170
7169
10052
10478
11643
10478
3707
7203
5743
7203
11459
11358
3465
5054
11383
11768
12217
10121
8075
6792
12120
6792
8282
8471
6986
8471
3624
8471
6017
8471
5760
8471
6565
8471
5086
8471
4165
8471
6050
8471
3675
8471
12158
8471
3639
8471
5506
8471
3836
8471
6182
8471
3605
8471
5006
8471
6163
8471
12021
8471
5750
8471
5034
8471
4869
8471
3808
8471
5064
8471
3563
8471
8117
8471
4851
8471
6480
8471
12026
8471
3719
8471
4037
8471
5502
8471
5763
8471
4989
8471
6186
8471
12206
8471
3625
8471
4256
8471
5774
8471
7534
8471
7193
8471
8315
8471
3630
8471
12151
8471
5766
8471
5515
8471
8385
8471
3416
8471
4221
8471
2577
2600
2589
2600
4354
8109
2454
5186
3991
8063
6572
8063
2432
8128
2645
2661
3980
12179
628
732
361
732
11276
11261
10260
8709
11799
8709
8127
8709
5325
8709
12393
8709
2813
5612
5257
8663
11835
10875
2572
11524
10759
10217
9418
12039
9855
12039
10930
12039
10350
12039
9410
12039
5065
7422
4377
7422
6475
7749
3305
7749
10118
10083
10118
10083
9279
10691
9279
10691
9074
12143
5125
12143
5581
12143
4490
12143
12149
12143
5600
12143
3002
12143
2987
12143
2851
12143
6983
10018
2590
2615
465
746
581
746
4566
6676
6282
6676
8695
9293
8476
3031
8467
3031
9003
3031
5818
3031
9844
4086
10851
4086
9853
4086
10834
4086
9664
10570
6149
7633
3774
7633
5801
10410
11645
10410
2436
2442
9243
2442
12299
4536
10662
4536
10744
4536
1361
1678
1692
1678
676
900
901
900
3564
6658
3554
6658
4720
11711
3146
6229
4457
6229
5723
7927
7144
7927
8652
8617
3055
9033
12218
3291
198
8874
6195
3760
4102
5032
3587
11982
5478
9765
5711
5710
12197
7504
6407
7504
5469
11288
2516
2523
1205
952
11466
9859
2653
2688
2670
2688
407
408
403
408
295
402
3583
3582
3577
3582
1398
1731
1735
1731
9365
10246
10065
11648
11594
6943
12518
5292
7143
8011
6138
8011
9130
8521
9756
4243
10186
4243
8632
4243
8656
4243
12513
2400
4150
4154
4200
4154
774
548
11945
12341
8153
4683
8158
4683
8154
4683
4594
5911
4676
5911
4337
6332
4298
6332
12434
10257
6285
6284
12314
5680
11183
7474
5732
5731
5223
9166
3434
8367
2853
8904
2812
8904
3269
3868
3889
7586
3832
7586
5499
3717
3714
3717
4414
4528
12453
12418
8325
2387
10020
8082
8475
8082
3042
5827
3921
3935
2947
7235
2924
7235
11371
11754
9114
9632
10762
3439
9792
3439
5053
3439
11353
3439
8134
6706
5180
8394
327
385
10025
10541
9020
10541
11165
10541
4792
8682
4825
8682
4992
8682
3185
4900
9538
10380
12503
10380
5306
11460
968
1074
12489
12488
3620
3621
9128
3621
5347
3621
3622
3621
12193
7095
10375
12456
5197
8357
5154
8357
6473
8357
3263
8357
9049
8357
9000
8357
6691
8357
4574
8357
6131
8357
3299
8357
5739
8357
3442
8357
6265
8357
3741
8357
12197
8357
6184
8357
9042
8357
5936
8357
9034
8357
10561
8357
4852
8357
4024
8357
3381
8357
12200
9156
4582
5972
3816
3858
3849
3858
3807
6604
3832
6604
5641
7902
7065
7902
1257
1605
1252
1605
3725
3741
7134
3423
9136
3423
4766
3423
1811
1812
4355
5201
9132
11211
1193
1146
1103
1146
5394
5393
9882
9873
12252
9178
12252
9178
622
819
847
819
537
819
4470
4482
3134
4482
9212
4342
4291
4342
8596
4342
1500
1759
1747
1759
3257
3876
9694
3876
11491
9421
9908
9421
11411
10267
8770
9392
11520
9392
8775
9392
4964
7684
4942
7684
4304
4375
968
1073
2528
11593
5108
11049
11607
11049
7881
3202
3204
3202
3508
3515
3542
3515
10340
11470
2766
2793
10016
8990
5027
10034
9056
10034
10128
10034
1264
1267
1605
1261
10289
12333
11434
12333
2746
5436
5014
11127
3366
11127
4016
4019
8520
9084
627
872
879
872
5900
7319
4633
7319
12517
9940
11677
5945
6950
5945
12254
5945
10111
5945
12144
5945
6953
5945
9066
11621
10082
11621
9641
11621
4206
11621
9818
11755
9807
11755
12352
11755
9355
11755
8376
11755
2358
9517
2352
9517
10341
10294
9515
8791
9504
8791
8281
8280
12059
8280
1499
1407
10312
12328
9884
12328
12360
12328
10314
12328
11419
12328
40
4588
8310
4195
4197
7847
4197
9138
4197
9153
4197
10213
7845
12342
10782
12214
6668
7192
6668
67
288
2771
6917
2760
6917
4342
4405
71
35
71
35
120
35
76
35
76
35
142
35
126
35
223
35
282
35
282
35
222
35
225
35
101
35
132
35
136
35
14
35
14
35
119
35
121
35
224
35
284
35
284
35
74
35
74
35
141
35
139
35
124
35
277
35
277
35
137
35
281
35
281
35
279
35
279
35
221
35
144
35
8
35
8
35
133
35
125
35
130
35
72
35
72
35
75
35
75
35
103
35
122
35
135
35
140
35
7
35
7
35
283
35
283
35
73
35
73
35
280
35
280
35
11
35
11
35
123
35
226
35
102
35
88
35
88
35
278
35
278
35
104
35
127
35
134
35
131
35
138
35
129
35
9369
3172
11414
3172
3165
3172
308
2525
2539
2534
2539
9452
11441
9429
11441
9471
11441
10854
11381
11406
11381
10841
11381
4821
6737
5113
6737
8279
10560
10607
4798
9436
12423
11836
12423
78
12134
6233
3138
6233
2862
9029
3345
3398
3386
3398
3852
3906
8148
12449
4782
12449
11831
9869
10928
9869
12446
9869
8224
12071
8997
12071
4622
4634
4578
4634
285
87
4104
4164
12454
9903
12198
9208
12198
9208
3110
3145
10978
6821
9140
6002
4274
6002
11245
6002
10143
6002
3928
6574
3997
6574
10681
7872
4135
6093
9642
7629
6144
7629
5886
5171
3752
3770
152
107
1243
1244
1237
1244
4131
12131
277
9199
9147
9292
9755
11741
9755
2700
5428
2412
2511
8768
2511
4710
2511
3699
8486
8519
8346
10875
12407
10880
12407
11442
12407
10353
12413
6845
12413
11497
12413
4101
4166
9786
11315
4503
4636
10805
10209
3313
3270
10188
3270
8902
10163
3843
3904
3963
6558
4842
6558
9638
10028
5145
8717
503
504
280
8868
214
331
43
10952
3516
8344
5833
8484
8552
10591
4096
4850
4134
4850
1945
2166
2221
2166
2296
2297
6588
6576
3998
6576
2714
2715
2705
2715
778
777
473
777
1910
2238
1915
2238
3745
8117
9057
7533
2814
10670
8728
5305
10551
7045
12505
11786
2282
11786
674
553
8096
7072
3049
7072
4738
2588
9284
2588
10702
2588
2587
2588
3002
9985
2987
9985
10621
11223
3580
3682
10717
3682
9267
3682
8658
3682
1929
1992
1990
1992
10940
12465
10915
12465
11825
12465
2890
2937
2934
2937
2761
8621
10939
12438
2367
2368
1315
1316
2034
2035
2012
2035
974
1109
2454
5610
9134
11951
7189
8935
6194
8935
11629
2623
2591
2623
1297
1550
6181
8021
6165
8021
8226
8429
8990
8429
2866
5580
2863
10036
1263
1553
1268
1553
1597
1553
5160
12390
300
2290
11668
12211
10117
12211
11218
12211
2856
2862
2823
2862
8852
2319
3876
4033
5313
3617
3613
3617
2013
2037
2036
2037
1853
2037
4627
4628
9203
4628
8176
7686
6354
7686
6955
4583
5471
4583
1197
957
412
413
171
148
9419
10296
11478
10296
12415
10296
10298
11789
2710
5434
5659
7102
12268
7102
11291
7102
3951
5242
10053
11643
3661
6993
1497
1767
1769
1767
11232
9086
9179
9086
4224
4293
3809
6606
3825
6606
6565
7799
5086
7799
5276
5275
9731
10641
4940
8582
9738
8582
10654
12148
10645
12148
10130
12148
12377
8162
9210
9154
8660
9243
10704
9243
5358
9243
6857
9243
9285
9243
5172
9243
4152
4861
3493
3521
10325
8760
8199
8760
1071
1086
3257
3874
9691
3874
10121
3874
10140
3874
53
347
500
501
3452
6137
9754
10179
4981
7468
4109
7468
77
9532
3176
3241
4978
3241
3272
3348
3482
3488
12375
9405
4976
9405
2497
2505
10349
11842
8645
3195
3194
3195
8667
3195
8646
3195
10229
11322
10908
2423
8770
2423
1360
1363
2340
11860
9946
11860
3170
6043
3405
3407
12367
10721
7522
6704
4083
6704
3293
6510
3403
6510
1340
1636
1345
1636
9220
9197
2817
2852
8626
8396
5957
6286
5956
6286
7091
6286
12388
10837
12388
10837
11437
10837
9385
12323
1495
1412
9879
8770
9829
4147
10227
4147
8696
4147
4210
7458
5165
7458
3041
11631
12110
11631
12047
4807
4808
4807
2493
7895
2812
7895
5754
8906
3865
4029
8882
10817
10949
11491
12460
11491
10983
11491
2274
11491
2543
6882
2537
6882
8095
7584
3905
7584
454
457
3343
4851
6066
9164
6066
9164
6435
7476
6434
7476
6040
7476
11586
4748
4509
8152
421
691
589
691
5679
8433
6425
8433
8532
4208
2624
2639
4123
7506
4091
7506
9526
10962
11380
9342
9500
9482
12451
9482
1995
1996
1980
1996
617
694
366
694
4189
4178
8655
4178
186
8876
2478
11598
11992
10660
3476
11099
11152
11099
9281
2743
6856
2743
9736
2743
4419
4421
4361
4421
291
1272
8066
12338
5682
3260
9764
3260
5215
3260
5683
3260
10188
4777
11239
4156
8531
4156
5202
4156
10092
4156
4269
5995
556
908
750
908
11247
11239
94
8858
6534
11572
3969
11572
5388
10244
10308
10244
10828
10244
12223
10153
10186
10153
8656
10153
5751
10432
5757
10432
10878
8741
8513
6568
6524
6568
4933
6568
4574
6674
6265
6674
3926
9019
3938
9019
7170
9019
4058
9019
3827
9019
7616
9019
6463
9019
4728
9019
5967
9019
6327
9019
4358
9019
7094
9019
4223
9019
4734
9019
3537
9019
4922
9019
3351
9019
5896
9019
8168
9019
3154
9019
4568
9019
8401
9019
3776
9019
6983
9019
7114
9019
8498
9019
5723
9019
3023
9019
6112
9019
7139
9019
3887
9019
7144
9019
3553
9019
4662
9019
3868
9019
4019
9019
7529
9019
3990
9019
5078
9019
6487
9019
6976
9019
6104
9019
4837
9019
8096
9019
4329
9019
4526
9019
12175
9019
4695
9019
3812
9019
4638
9019
4494
9019
3098
9019
4732
9019
4889
9019
3340
9019
4965
9019
6492
9019
5236
9019
6433
9019
8356
9019
8311
9019
7517
9019
4476
9019
6109
9019
3049
9019
5927
9019
3409
6480
3300
7529
3187
4084
8300
12070
8301
12070
10082
12121
11217
12121
3451
3791
3372
3377
4521
4517
4402
4517
5485
5483
3589
5343
8662
5343
11982
5343
247
1360
4341
4392
4645
7290
9870
9375
10874
9375
4412
4534
8203
3990
8204
3990
11693
3990
1217
1215
10176
7131
4386
5184
2135
2070
2136
2070
5087
6581
3939
6581
2934
12281
587
596
431
596
595
596
4513
4552
4551
4552
9123
9647
5001
8312
2294
2295
4561
7360
4615
7360
3648
5773
3478
4991
46
329
564
837
911
837
11715
12008
11716
12008
8617
12008
1491
1418
4729
7955
4473
7955
5056
9708
5705
9708
10123
4790
3447
3450
3448
3450
3237
3390
4099
5078
5304
11374
8391
12395
5218
12395
4306
12395
982
1185
1209
1185
6115
6114
3063
3069
6426
7701
5090
7701
2959
2992
2970
2992
12260
3103
3090
3103
11687
3103
963
1111
7035
10454
10036
10454
3383
6487
8532
6347
11964
2551
5277
2551
9822
2551
4777
5056
4777
5056
6824
2331
5296
2331
11882
2331
1083
964
10077
3977
10608
3977
3979
3977
9657
3977
234
1866
1023
1171
946
1171
1129
1171
1080
1171
3380
12116
3387
12116
3886
12116
6132
12116
6247
12116
4462
12116
2998
12116
3027
12116
2897
12116
6626
12116
3088
12116
6093
12116
4033
12116
2852
12116
6408
12116
7516
12116
4641
12116
6376
12116
5900
12116
2945
12116
4655
12116
5126
12116
2492
12116
2707
6909
2695
6909
3125
7277
5851
7277
12050
9101
8511
6408
4980
6408
3619
6863
4363
6020
4326
6020
12479
9479
2599
11535
9204
8553
779
798
536
798
760
812
822
812
3452
9071
559
560
10050
6378
4221
6378
2313
9509
2521
5414
2514
5414
3689
11118
5768
11118
6971
7920
11879
9463
11506
9463
2273
10983
9378
4007
9833
4007
11756
4007
9821
4007
9329
10225
10280
5047
5377
5047
3261
8134
137
3474
6622
3462
6622
4000
12119
9053
12119
10045
12119
10050
12119
3608
6879
8165
7307
5895
7307
4157
6356
8402
7671
4529
7671
6689
7740
3393
7740
3061
3073
9132
11657
4129
5129
508
891
513
891
5820
7248
2948
7248
10305
11404
9854
11404
3519
9564
3503
9564
3747
5108
3457
3461
3867
3948
1617
1581
1301
1581
1478
1581
4866
11165
6361
11165
8095
11165
4644
11165
6181
11165
5149
11165
3905
11165
4393
11165
5197
11165
5154
11165
4904
11165
6539
11165
6473
11165
3263
11165
9049
11165
3837
11165
6691
11165
4574
11165
3992
11165
4069
11165
6345
11165
6198
11165
5674
11165
6131
11165
3299
11165
5739
11165
4532
11165
3701
11165
6196
11165
3529
11165
6110
11165
4649
11165
7142
11165
4369
11165
3442
11165
6265
11165
4735
11165
3741
11165
12197
11165
6047
11165
6184
11165
3973
11165
9042
11165
4051
11165
6165
11165
6118
11165
4327
11165
6368
11165
5936
11165
4431
11165
3557
11165
4687
11165
3718
11165
9034
11165
5224
11165
6407
11165
3322
11165
4705
11165
6982
11165
10561
11165
4852
11165
4024
11165
7545
11165
3381
11165
3073
5855
9013
5855
4281
4316
4318
4316
10634
9678
3208
3220
3222
3220
2755
7016
2753
7016
1815
2058
2232
2058
2057
2058
210
338
11909
10313
2372
10313
49
5
8900
2374
9774
2834
10198
2834
9266
2834
12335
2834
9618
8998
3726
6192
2894
5803
2923
5803
9131
9656
8998
9597
923
1000
1030
1000
969
1000
922
1000
3665
5769
2440
2814
2808
2814
150
10
3645
3653
3652
3653
5463
5462
8083
6775
3860
6775
2540
2550
5648
5938
10194
10182
9554
8325
4223
6366
7114
6366
1795
2071
2070
2071
2066
2071
1111
1021
1243
1455
1238
1455
1453
1455
2831
5587
3448
3451
3455
3451
207
9554
11661
7024
5562
7024
1752
1696
1397
1696
4237
4230
4141
4230
3866
12026
670
559
5441
6930
2793
6930
3082
3126
2498
2507
1941
1974
2147
1974
8798
9453
2145
2256
4512
9132
8215
8579
11685
2469
8610
2469
2467
2469
10672
2469
6946
9666
9157
9666
2920
8413
5808
8413
8889
10892
4696
7341
5932
7341
6438
7481
5074
7481
3694
3709
4380
5133
5402
3663
3655
3663
12008
5452
3685
5759
298
1805
8575
4888
10601
4888
11161
11155
11896
7826
11894
7826
3091
5865
3071
5865
12327
11763
11706
11679
7530
6742
3350
6742
4449
6271
8219
11937
11938
11937
8220
11937
1322
1671
1706
1671
1616
1671
4368
10412
4392
10412
1674
1657
1574
1657
1418
1419
2835
2883
2803
2883
12233
11676
12195
6301
8410
6301
7962
7965
4440
7965
11812
9831
9842
9831
9854
9831
4624
5926
2238
2099
309
1807
1748
1750
85
8881
3112
3138
10822
9811
10822
9811
4679
7089
4639
7089
10800
9314
8703
9314
11367
9314
10806
9314
2822
10497
9031
10497
3501
10497
2142
2227
1957
2227
1074
1157
970
1157
4451
4562
5499
3679
3578
3679
7906
7370
5989
7370
10172
3822
3823
3822
8651
3822
9273
3822
9496
10934
750
722
672
722
1083
963
10820
5712
10303
5712
10290
5712
10746
5712
10826
5712
11793
5712
5120
5066
8182
8183
12501
9949
11016
9949
3221
8609
2355
2356
11309
11300
7550
11534
6511
11534
5463
8563
4807
12029
12083
12029
3888
7818
3826
7818
12492
6853
8846
6853
2673
2700
2688
2700
10278
12394
12226
3059
8550
3059
3009
3059
4907
4337
12232
4337
2542
2561
6848
7838
2295
7838
11664
6805
6573
6805
12186
10464
2886
10464
11573
11040
6427
11040
9246
9727
2138
2028
2027
2028
9869
9857
9420
9857
4484
5884
12159
10562
4528
10402
4561
10402
587
588
430
588
12190
6311
4410
6311
971
1192
8858
2318
11937
9304
9674
8373
8630
6968
8120
9801
10795
9801
9343
9801
5926
7336
4689
7336
4886
6723
6690
6723
4160
4268
4264
4268
2858
5595
2441
2456
2443
2456
8633
3752
11697
3752
8597
3752
7156
3752
9385
11794
9688
12161
9127
12161
228
6835
11223
12030
8191
12030
8522
12030
3926
7808
3938
7808
7930
7929
8633
8619
3738
8619
3214
5702
3126
6227
3142
6227
156
91
10223
5040
10777
5040
11349
5040
10285
5040
10776
5040
3303
7747
6469
7747
4996
11066
4927
11066
32
111
2351
6815
5345
3590
5346
3590
3632
3590
11975
3590
6415
7493
4108
7493
3343
4934
11983
12484
1596
1538
1298
1538
60
5300
362
363
8562
4351
8214
4351
4353
4351
8579
4351
281
10215
10198
11418
3437
9362
3437
761
786
575
786
1502
1756
1748
1756
11513
12470
11872
12470
200
8893
4851
7756
6480
7756
11488
10345
3031
10485
4376
6340
4325
6340
10640
2407
12420
9435
9893
9435
2472
2891
5673
5672
3046
5829
1639
1366
5921
7328
4690
7328
1749
1682
1414
1682
6550
7778
3946
7778
9884
10888
4647
5155
8560
8090
12097
8369
12084
8369
8544
9640
8620
5645
11275
5645
3136
5645
5356
9274
2286
8403
11002
8403
9303
9771
8876
2369
3698
3719
9244
12205
435
680
440
680
585
680
11453
12363
10888
12363
10314
12363
9523
10372
11886
10372
3478
4892
10242
8690
4715
8690
10816
8690
8593
8191
3803
3843
3844
3843
6097
11680
10839
10259
10282
10259
10838
10259
4229
7984
6036
7984
772
417
1068
992
3338
11133
6493
11133
10876
9846
883
878
11469
11452
8781
11452
3391
11129
6472
11129
3975
4017
3983
12120
6247
7317
5900
7317
12233
8245
1604
1447
1443
1447
7912
7910
2332
9519
4521
5980
5575
11108
5571
11108
8733
5404
4447
5118
4893
11414
4483
4490
8562
4350
8214
4350
8579
4350
8544
4350
3827
6593
3887
6593
6050
6074
5676
6074
3366
7766
5113
7766
4854
11047
5119
11047
3517
5725
5393
4983
11346
4983
5396
4983
11980
4983
9866
10303
9680
3921
3891
3921
9658
3921
8515
3921
10320
9400
2459
2474
9620
7221
8406
7221
4757
4306
3710
8982
6985
8982
3055
5833
12400
11462
12400
11462
46
219
5507
7006
3642
7006
8748
10269
10904
10269
11995
10269
9848
10269
9389
10269
3208
3210
9302
3210
9304
3210
2313
9932
10745
2804
9313
2804
8299
8359
12077
8359
4234
5165
3628
3635
3770
6188
9009
6188
7310
8272
12030
8272
11161
8272
3280
6495
11208
12204
10070
12204
10600
12204
732
679
696
679
1221
1222
2946
5813
2986
5813
12125
8302
10027
8302
4863
7627
3569
7627
1666
1645
1570
1645
4180
4258
9614
12083
722
897
4439
6958
3019
3025
10652
9149
2747
2774
10836
10790
6474
9027
11313
4276
6871
4276
8679
4276
5655
4276
5024
7933
3766
7933
5073
6976
11459
9867
10913
9867
11471
9867
5476
3180
9749
9718
2773
11184
110
10991
12414
10273
501
507
505
507
10046
10552
859
823
413
823
858
823
3101
3113
9246
3113
2528
2537
5214
11553
3972
11553
4963
7711
5055
7711
10540
6643
3488
6643
4228
11056
5177
11056
2337
12461
12475
12461
2336
12461
10965
12461
4821
6739
6690
6739
9239
4361
9747
4361
4359
4361
9719
4361
5974
9585
5943
9585
2956
2988
212
334
1709
1539
1305
1539
1478
1539
6105
6104
4165
6418
4121
6418
5498
3762
3755
3762
9840
11795
9175
9111
9171
9111
12218
9111
3287
9111
9676
9111
10622
7880
8593
7880
12156
6010
5048
6010
9168
8535
5190
11078
3885
11078
11491
9894
9908
9894
9373
5374
1275
1276
11386
4199
9376
4199
11387
4199
2426
2431
2740
6919
5437
6919
1606
1737
2018
2034
1888
2034
2584
5526
2595
5526
1340
1341
3987
7565
11503
9498
4788
9498
10205
11738
790
864
881
864
11404
10777
9109
7516
3706
5744
2457
5239
617
695
368
695
363
695
677
914
1378
1379
7841
9185
4652
4962
10177
10135
10904
11945
9430
11945
12202
6150
8144
8224
5948
8224
3148
8224
3395
8224
2896
8224
5214
8224
6140
8224
5204
8224
5050
8224
2999
8224
7429
8224
4531
8224
3324
8224
3972
8224
6482
8224
3928
8224
7096
8224
8485
8224
8163
8224
5969
8224
9032
8224
6297
8224
6456
8224
5999
8224
5203
8224
4335
8224
3806
8224
3870
8224
4046
8224
6352
8224
3051
8224
12043
8224
9035
8224
3382
8224
5901
8224
4970
8224
3521
8224
4991
8224
3461
8224
2988
8224
6129
8224
8210
8224
3359
8224
5150
8224
3573
8224
3854
8224
3331
8224
7148
8224
9037
8224
5170
8224
3997
8224
3093
8224
3831
8224
4464
8224
3949
8224
5109
8224
8129
8224
5152
8224
5951
8224
4887
8224
9041
8224
5107
8224
8137
8224
3374
8224
5965
8224
6272
8224
3177
3187
3192
3187
4657
4660
4572
4660
4050
5099
12075
12069
8351
12069
5306
8728
10977
11856
4455
4507
4506
4507
10971
11483
10237
11343
11363
11343
5363
11343
3473
8963
3459
8963
922
923
148
9549
9693
9009
9214
9009
2134
1977
4227
10534
2846
10534
7549
10534
10035
10534
2509
10534
4821
10534
5997
10534
4442
10534
4949
10534
12126
10534
6624
10534
4302
10534
10034
10534
4886
10534
5068
10534
2911
10534
3366
10534
6690
10534
5113
10534
10537
10534
3097
10534
609
610
378
610
383
610
905
762
553
762
157
89
4438
4448
4401
4448
4382
4388
9141
4388
10611
4388
10101
4388
5729
7157
7158
7157
31
109
2940
2961
11994
2961
6995
7887
5505
7887
5232
6022
4326
6022
162
17
23
279
8894
8289
4242
9954
9069
9954
5000
4721
4978
12278
10206
12278
5988
5987
5988
5987
1109
1061
2322
2323
4867
3492
6981
3492
1363
1364
9860
9415
10321
9415
10896
9415
4078
12197
8902
2405
3468
7146
2955
2950
2938
2950
2632
5538
2615
5538
8654
12292
12346
4065
9357
4065
4263
4065
9352
4065
2147
1975
2130
1975
6490
6714
3377
6714
2881
8979
5604
8979
4031
6520
7137
6520
3032
3044
5012
12066
10149
9699
518
519
9404
5322
8076
5322
11875
11859
9650
10060
10074
10060
3986
10060
6531
6530
3132
4477
8519
3417
1210
1014
4818
4817
4818
4817
5492
5491
2711
2722
1801
1804
11371
10748
8751
10851
3545
6161
8730
9323
8750
8736
2681
6898
2692
6898
3512
4837
4088
9786
4203
4218
12313
11723
5572
8455
2793
8455
1473
1468
9044
8916
11266
3321
9242
3321
4955
3321
3250
3321
5479
3783
9238
3783
9217
3783
3784
3783
11985
10807
10817
10807
4239
6399
6348
6399
10711
3228
5686
3228
2840
5796
2851
5796
889
482
457
482
9093
4055
9656
4055
10071
4055
981
1105
956
1105
10593
10583
1733
1723
1607
1723
6860
3607
3599
3607
5407
3607
2489
10449
2507
10449
5885
10389
8165
10389
1209
1013
8869
8830
10869
12389
252
520
11821
11434
12423
11434
10686
11242
1404
1554
1759
1554
1507
1773
1417
1773
10612
10070
9184
3548
5724
3548
4974
3548
9787
3548
11412
11790
7113
7112
10821
9339
2643
2642
2626
2642
8119
9964
6155
9964
10127
10628
5092
12102
2869
12102
2949
12102
4563
12102
2848
12102
5925
12102
2977
12102
4390
12102
2741
12102
5976
12102
5447
12102
4429
12102
3143
12102
5127
12102
12249
12102
7910
12102
2880
12102
4680
12102
5816
12102
4036
12102
2901
12102
5637
12102
4671
12102
5891
12102
4533
12102
5961
12102
2504
12102
3085
12102
160
96
6840
8598
9023
8465
3199
6426
2674
2675
2673
2675
5054
6616
5188
6616
1463
1469
1468
1469
1226
1469
221
1572
1621
1576
1621
3060
8077
10206
5689
12288
11275
12288
11275
4496
4641
3901
9997
10037
9997
56
11877
9887
10861
10893
10861
8572
6151
10830
8677
10830
8677
8685
8677
5464
11944
9263
11944
9156
4591
4552
4591
4767
4591
5920
4591
7516
8048
7524
8048
9412
10850
9856
10850
9705
3914
3858
3914
9706
3914
9209
3914
5741
7194
5735
7194
2906
4952
502
505
3849
9222
3205
8707
10736
11305
4659
4670
11332
4140
8657
4140
4894
6981
3487
6981
3175
3236
3233
3236
12291
10219
4115
4281
4277
4281
11721
2705
2671
2705
5116
2705
9770
2705
144
12349
8648
1788
1789
1784
1789
3961
7555
6106
7555
9867
11813
10309
11813
12010
11813
8752
11807
221
193
10183
10636
3715
3734
9556
8107
2391
5315
11916
5315
7578
6800
3935
6800
359
1378
3053
3096
10897
10324
9431
10324
2953
2951
2938
2951
3680
3698
8571
3698
6876
3698
2580
2592
8139
7167
4860
7167
5830
11547
11948
11547
4850
6438
2500
5620
8633
5223
6156
8953
6167
8953
11473
12386
11475
12386
3729
10041
4178
7430
12212
5624
2892
5624
11685
2468
2467
2468
6858
2468
608
609
1207
924
976
1108
11355
3577
5071
3577
11351
3577
10791
3577
99
9530
5820
7060
4838
7060
10832
10813
565
566
4084
6699
7477
6699
233
1862
2738
2756
692
650
715
650
9489
11495
10947
11495
3920
9714
7907
11188
5941
11188
5942
11188
4856
4855
6155
8437
6162
8437
2664
11992
12153
11662
9661
4769
331
426
3227
6462
10308
10833
10308
10833
1606
1732
1953
2208
2233
2208
9734
10146
2768
2778
9313
2778
12418
11978
12449
11978
6955
6954
3482
5192
4184
4254
8536
4143
8536
4143
5239
7891
2495
7891
5512
4803
3355
3403
6049
6047
12005
10725
5990
11074
8392
11074
8110
9898
5379
5378
11857
8802
2380
8802
2964
3090
5456
3090
10124
3369
8605
3369
11680
3369
3245
3369
150
4100
6414
3449
9193
5716
9193
5111
6786
3970
6786
947
1188
1008
1188
8865
10980
3876
6108
2127
1945
2958
2984
10318
9401
9819
5356
10796
5356
5320
5356
145
2437
2463
2438
2463
12290
3191
8625
3191
8678
3191
10181
3191
3842
6129
3610
5347
2299
5347
3466
5487
4891
5487
2186
2221
2126
2221
2278
11010
2126
1947
6976
6078
6433
6078
385
768
391
768
770
768
769
768
9849
9371
12244
5114
5216
11418
9427
11418
5058
11418
12435
11418
3259
7135
4727
7135
10207
7135
3255
7135
5167
12245
12350
12245
12273
12245
118
1508
1509
1508
5409
5408
4013
11104
4052
11104
4785
8772
2843
10516
5615
10516
394
395
80
343
4243
5020
3369
3373
4501
4513
5461
4513
6093
6056
5671
6056
6133
3795
3786
3795
677
894
10999
12487
9544
12487
340
1297
2678
5552
2694
5552
2935
2929
2912
2929
4160
5991
8141
5991
12240
4773
10173
10157
6185
6184
9311
2808
2818
2808
8752
8745
9464
8745
6532
11530
6535
11530
6550
6549
2434
9266
2806
9266
1074
970
1203
970
962
970
142
2
2846
5790
5239
5790
2736
2747
2743
2747
545
847
863
847
4380
4425
11920
2328
1729
1425
7751
7774
6494
7774
12502
9800
11784
9800
9328
9800
5916
7324
5930
7324
112
1509
1520
1509
6460
3302
2619
2627
2603
2627
5921
8931
6945
8931
11154
11583
11153
11583
9607
11583
3201
6066
11427
4712
6182
8025
6186
8025
2393
10702
10753
10702
9293
10702
7177
9981
7190
9981
1282
1285
10631
11227
9769
3899
9735
3899
3840
3899
9741
3899
1831
1832
1827
1832
155
271
4973
7219
12113
7219
603
873
878
873
2913
2933
2930
2933
80
232
5703
12244
5704
12244
10784
12244
3897
8180
9262
8625
5110
10194
8298
8849
8297
8849
7430
10430
7115
10430
4254
7988
5234
7988
10114
10595
9282
9256
9282
9256
11803
4926
9815
4926
10281
4926
3311
7537
8510
8113
2685
2711
10112
2711
11681
2711
6854
2711
10805
12053
5302
5301
2487
7041
12187
7041
962
1147
918
1147
10798
11311
10171
11709
4720
9278
2726
5562
2917
8713
9350
8713
8738
8713
10211
10167
4542
10167
2877
2880
10989
10884
7129
6452
4136
6452
8591
6133
3431
6133
2483
2910
2912
2910
4760
4759
6855
10112
4113
4264
4065
4264
1683
1627
1420
1627
4224
6964
6586
11620
11164
11620
10553
11620
6806
11620
12124
11620
5599
11620
11640
11620
10549
11620
5981
11620
11639
11620
10556
11620
7110
11620
7527
11620
5829
11620
10024
11620
6404
11620
11175
11620
7084
11620
3246
3245
9225
3245
8690
9308
11283
11706
2316
11863
2765
2766
2758
2766
38
56
6358
7449
4219
7449
4524
7389
6270
7389
691
649
726
649
72
5271
227
1254
9074
7070
12192
7070
10153
10645
9758
9247
9310
9247
11301
9247
3465
4865
1547
1753
8572
3525
9151
3525
8503
3525
3084
5888
437
438
9229
4587
4586
4587
5465
4587
9269
4587
8211
8210
9644
8210
11720
10672
5238
10672
11418
4938
12379
10829
10347
10829
4997
10829
4267
4297
1841
2190
1855
2190
8322
6997
12333
5366
12394
5366
10845
5366
11433
5366
8706
5366
3217
3272
9228
3272
6099
3272
9227
9616
10792
11340
6848
3613
2294
3613
3282
3359
6545
7804
6566
7804
8551
4037
9682
4037
1618
1706
1718
1706
2462
2496
2463
2496
10342
10328
473
474
4517
11151
3075
5861
3088
5861
2949
7950
5127
7950
8
215
335
9312
3738
7845
3738
4983
3738
11734
3738
9116
3289
9175
3289
12201
3289
3291
3289
3287
3289
9676
3289
10878
12377
9439
12377
12443
12377
4160
8644
4451
6275
3284
8492
2424
2429
209
340
12310
10689
12310
10689
3130
11566
5643
11566
3449
9216
9750
9216
12262
9216
4673
7345
5939
7345
4081
7485
6067
7485
890
534
5770
8417
4364
8417
3960
8417
6536
8417
6324
8417
8206
8417
3342
8417
4930
8417
4005
8417
8075
8417
12129
8417
8208
8417
5943
8417
4293
8417
12161
8417
9604
8417
5928
8417
3367
8417
4443
8417
6359
8417
5195
8417
5005
8417
8205
8417
4904
7198
5739
7198
4483
5137
1003
935
1071
935
6116
3918
3919
3918
10359
11426
9950
12500
3654
3667
8555
8044
6455
8044
8115
7259
3086
7259
39
236
8627
6846
3598
6846
2919
5628
2900
5628
3883
3959
12222
3959
9911
9457
11845
9457
4537
4580
11635
7372
1251
1603
1245
1603
1605
1603
1604
1603
6459
7722
3400
7722
1769
1768
1409
1768
9615
6771
7550
6771
12157
6242
4499
6242
8559
6434
2404
11889
7145
6640
3489
6640
2456
8321
324
380
10058
5583
10061
5583
917
1079
11373
10796
3703
3694
9681
3694
8591
3455
3431
3455
1785
1788
3720
3726
3581
3726
4505
10624
4280
4333
4003
6801
4038
6801
5038
9968
3459
9968
2558
2565
2569
2565
2318
11886
11312
9723
3518
3544
3541
3544
10924
10336
10137
10620
11293
8187
8186
8187
9296
8187
7907
4610
8533
4610
4393
7402
4431
7402
10900
11438
1175
1162
1120
1162
1019
1162
1177
1162
11877
9446
10917
9386
2369
9386
2372
9386
1610
1600
1505
1600
5323
6857
12514
2402
4848
3224
12383
3224
4834
3224
8151
8567
1237
1238
1214
938
1201
938
1799
1800
4470
4496
4509
4496
874
663
179
8885
9377
9815
2967
5636
2870
11569
345
1311
133
528
531
3521
10493
3573
10493
2836
2887
2305
2306
7095
6305
5252
6305
3080
8594
9382
9835
10286
9835
10043
5850
5639
5850
4348
7961
470
471
8246
7273
5839
7273
10245
8696
117
2117
3952
3973
8237
8236
8239
8236
1613
1333
4927
11022
4246
11022
3042
3048
8546
9105
8546
9105
7844
5480
4937
5480
4162
8557
3395
6718
3374
6718
10010
9976
8082
9976
8518
6867
2630
5534
2605
5534
160
269
3022
8096
1391
1393
1387
1393
3415
6483
12211
7705
6429
7705
7403
6343
4320
6343
2546
2555
8329
9958
2474
9958
10302
12356
11817
12356
10342
12356
3080
3107
3115
3107
8548
3107
8547
3107
10236
3840
5478
3840
9614
12047
10982
9919
12488
9919
12487
9919
3038
7951
3011
7951
11970
8789
11175
11150
10684
4214
8378
4214
8558
4214
3902
7592
3922
7592
2656
6894
2681
6894
406
744
599
744
604
744
12277
9739
670
909
799
909
1238
1239
4717
10744
5161
10744
10797
10744
4514
10744
3592
3646
3643
3646
3894
6585
3819
3820
3783
3820
3634
5777
9113
4329
3896
4995
9949
12491
2377
12491
11177
10526
12033
10526
9654
9643
2933
5807
8730
2480
9794
2480
5360
2480
4915
2480
10721
2480
12365
2480
11425
11399
10321
11399
11518
11399
11268
3596
11714
3596
3627
3596
9726
3596
8489
8228
11448
5286
11014
5286
9391
5286
5402
3657
5403
3657
2876
9593
5595
9593
4456
9042
11213
11161
12032
11602
3067
5851
1960
2250
2161
2250
382
741
609
741
613
741
11904
2313
3718
5748
9891
10317
4837
7642
4889
7642
5333
9494
10985
9494
378
379
4363
7675
8105
7675
10175
9130
9763
9130
3228
9130
12375
12359
4976
12359
1590
1522
1540
1522
8663
3077
9256
3077
9739
3077
9190
3077
11729
3077
9282
3077
312
1801
9152
3465
3441
3465
2792
6932
2795
6932
451
452
2383
11520
12258
4384
10656
4444
4396
4444
4518
4444
11252
4444
4139
4232
4237
4232
1389
1390
5491
11742
2411
10538
10086
9075
8513
3969
6524
3969
4933
3969
3602
5510
3069
7269
3099
7269
3923
10006
3996
10006
4378
8546
5223
5043
7846
11760
4635
7303
4681
7303
9329
10221
3198
4092
8837
10987
9484
9467
8250
9467
9478
9467
3918
4003
2152
2115
1329
1330
9439
8724
10835
8724
8741
8724
12443
8724
12414
8724
3064
7862
4012
6564
3971
6564
10259
10248
106
8854
3447
3780
3778
3780
12409
5161
4345
5161
12388
5161
11437
5161
4307
5161
5000
5161
11714
3631
3627
3631
5346
3631
3632
3631
2668
2686
2683
2686
8112
6491
9236
5817
12318
3429
10209
3429
11354
3429
9329
3429
10778
3429
8845
2380
2377
2380
576
861
867
861
6584
3925
8383
9879
10922
9879
11984
9879
9461
10307
8743
5399
11372
5399
11651
9622
8258
7225
3690
7225
1024
1056
1116
1056
7877
4174
5656
4174
8323
4174
11477
11823
11462
11823
5488
11286
8473
5837
9535
3162
3780
6597
4422
4538
11514
11510
8692
4987
8692
4987
3504
5721
4974
5721
8622
5721
2801
2799
5449
2799
6147
6656
3567
6656
5858
11043
11585
11043
12380
12360
12428
12360
9840
11759
5896
7313
4695
7313
7097
6322
3977
4013
9482
8241
1064
987
2556
5520
2567
5520
4086
4088
11366
4088
12371
4088
8740
12342
10023
10016
8341
6678
4535
6678
4857
9115
1960
1961
3392
6708
6470
6708
8379
8531
11401
12308
11837
12308
5301
12308
9828
11756
875
583
8273
8270
352
1334
8352
10360
10973
10360
9919
10360
6843
10360
2239
1930
4866
6647
7641
6647
4216
5022
3395
7715
6456
7715
2262
11981
3644
11981
3585
11981
12504
2533
6851
2533
2286
2533
2397
2533
3115
3117
8548
3117
3103
3117
8547
3117
2186
1972
1947
1972
4310
4365
9324
3344
3486
3484
9760
3484
5616
9581
2839
9581
260
1394
11493
11480
9437
9863
8185
11712
271
2126
9124
4204
11246
4204
11238
4204
4190
4204
11610
4744
234
49
100
49
321
49
293
49
231
49
238
49
170
49
301
49
286
49
112
49
243
49
240
49
235
49
315
49
216
49
276
49
245
49
250
49
233
49
312
49
298
49
248
49
237
49
42
49
244
49
295
49
241
49
61
49
239
49
117
49
318
49
304
49
263
49
327
49
255
49
288
49
331
49
329
49
271
49
232
49
335
49
236
49
269
49
252
49
267
49
254
49
213
49
290
49
273
49
259
49
261
49
246
49
333
49
257
49
220
49
275
49
242
49
218
49
324
49
307
49
341
49
339
49
265
49
309
49
337
49
12128
7937
5747
7937
12187
9023
777
745
663
745
3217
9168
6230
6239
7084
6239
3258
3866
3877
3866
8149
7588
6125
7588
12041
10995
4413
4526
9920
9909
12432
9909
11971
10277
9845
10277
11452
10277
7837
10277
10945
11838
370
747
375
747
384
747
8624
6099
12130
7623
12028
7623
2978
3021
3018
3021
10733
5660
4199
5660
8069
5660
5170
7454
5109
7454
5964
5962
3444
3810
6068
5150
3
4
6406
7497
7924
7497
8253
12098
8309
12098
8246
12098
6528
12098
7129
12098
8100
12098
8240
12098
5949
12098
2707
12098
4323
12098
5118
12098
8236
12098
11622
12098
2611
12098
2886
12098
12181
12098
6344
12098
4961
12098
8349
12098
5971
12098
7616
6811
3812
6811
5731
10089
5897
12132
2979
10610
10377
10370
11000
10370
6466
7743
12169
7743
11579
5438
3567
7639
6152
7639
9804
9299
4126
9299
9805
9299
11347
9299
10756
9299
10264
9299
1333
1720
1726
1720
929
1075
8544
4355
12257
4355
10560
12072
4609
4624
4599
4624
2501
2502
2453
2502
115
6831
4374
7412
7910
7412
2890
9039
10677
12237
12243
12237
3223
12237
3561
8260
4658
4620
4570
4620
4461
6223
3141
6223
7840
9176
4851
6727
3426
6727
9332
9805
12245
5670
5009
7464
8338
7464
3870
11570
3949
11570
4775
8377
8783
8377
2522
2529
2837
5591
120
182
1214
939
915
939
8650
3878
5954
5952
5954
5952
1912
1913
9206
9158
1939
2244
1975
2244
9426
9853
8776
9853
10879
9853
11451
9853
1133
1210
8527
4249
10601
4249
4910
4249
4558
6949
4442
6315
5030
6315
3818
3856
2374
11913
2367
11907
3857
3847
3815
3847
12208
11622
9191
8195
4666
4689
2222
1960
2665
5426
5967
11137
8311
11137
3168
8348
9327
8348
8694
8348
11180
8488
1260
1442
1438
1442
11905
9930
474
475
4183
5151
2395
8864
257
1931
6110
6554
7545
6554
11189
10024
5513
7852
6863
7852
6489
3396
3887
3908
4732
3908
4513
9206
3030
5641
11008
2329
9806
9775
8241
8407
11977
11777
9823
11777
10808
11777
890
535
12171
7182
7178
7182
12439
9431
12437
9431
9804
9742
9805
9742
11347
9742
1557
1604
1267
1604
12215
2895
4913
2895
11423
4796
1739
1606
1755
1606
192
8897
3107
3152
1207
1078
331
1833
1984
2156
1893
2156
10724
3433
4771
3433
8671
3433
9307
3433
10776
3433
9309
3433
7191
6666
7173
6666
11897
11890
11891
11890
11895
11890
2128
1944
10127
10580
5853
10481
12433
10341
12420
10341
2573
2584
5612
9993
2838
9993
6101
11271
6100
11271
5700
11271
9216
10102
9001
4645
4469
4645
7846
9318
6527
11619
11174
11619
6281
11619
5577
11619
6571
11619
6586
11619
5982
11619
10557
11619
7863
11619
5858
11619
11168
11619
11176
11619
5446
11619
6494
11619
6975
11619
11166
11619
6939
11619
11178
11619
6806
11619
11173
11619
5599
11619
11194
11619
5606
11619
10554
11619
6468
11619
11163
11619
4811
11619
5246
11619
6545
11619
10556
11619
6474
11619
5250
11619
7110
11619
7527
11619
7095
11619
5829
11619
5833
11619
4952
11619
6404
11619
5809
11619
6566
11619
6436
11619
7875
11619
7536
11619
7861
11619
8483
11619
11162
11619
11183
11619
5883
11619
7995
11619
7111
11619
10550
11619
4814
11619
11180
11619
5929
11619
10039
11619
5912
11619
6001
11619
6427
11619
6035
11619
7084
11619
5252
11619
11172
11619
5902
11619
8169
3134
3121
3134
9275
3134
8601
3134
521
713
849
713
3912
3996
6834
10865
3513
6155
8691
8673
4488
7296
4639
7296
2905
2920
1122
1042
1027
1042
10789
10759
10238
10759
2879
8461
5574
8461
2651
2671
2650
2671
314
2292
10613
2740
8501
2740
4507
5892
3696
8073
2491
7036
9630
7036
1252
1253
27
2265
5340
9495
7834
8828
7834
2327
7834
3321
6532
6179
10468
3771
10468
5006
7179
6186
7179
720
636
729
636
1441
1482
1450
1482
5279
2284
12306
8220
2971
10587
5309
3603
3597
3603
4002
7814
4037
7814
4006
4051
12516
2396
2160
2114
322
5977
9606
11642
9606
4847
9606
7522
9606
6415
9606
3945
9606
4696
9606
5812
9606
8345
9606
4874
9606
4108
9606
4239
9606
3962
9606
5443
9606
5080
9606
6541
9606
4614
9606
2904
9606
8115
9606
3086
9606
12134
9606
5932
9606
2881
9606
6485
9606
3304
9606
4919
9606
7535
9606
4640
9606
6938
9606
3105
9606
2724
9606
6526
9606
4678
9606
2996
9606
5604
9606
4534
9606
3138
9606
5620
9606
5583
9606
9039
9606
2740
9606
5010
9606
5139
9606
2785
9606
3357
9606
3012
9606
6000
9606
5082
9606
2829
9606
7562
9606
4083
9606
8343
9606
6348
9606
3347
9606
6461
9606
5561
9606
6484
9606
5437
9606
4253
9606
9045
9606
4391
9606
5611
9606
5824
9606
2842
9606
4430
9606
2809
9606
6280
9606
11383
11366
2788
8946
5445
8946
10154
11687
4830
4829
10356
10938
4577
4672
3561
3569
3313
3312
7135
3312
2869
9576
5579
9576
6041
6040
10578
10045
5228
5227
10083
4702
4950
4702
3777
8957
3157
4459
10667
2428
2427
2428
2511
2428
11270
2428
1878
1886
2218
1886
3566
3573
2363
11894
2887
7028
2875
7028
4227
9558
4186
9558
2939
2955
2960
2955
12135
7163
6183
7163
4424
6300
7092
6300
10737
10712
11742
10712
1462
1487
1456
1487
1928
2098
4602
5934
5755
7209
5747
7209
4722
12251
11774
2701
5115
2701
11966
2701
9330
2701
5148
7992
30
51
2142
2143
2119
2143
4516
8103
921
1207
3084
12175
6111
7551
5098
7551
323
5311
1249
1250
4625
8390
2489
8450
5610
8450
12458
4884
2010
2029
2028
2029
2086
2029
2151
2003
2002
2003
11389
8069
12504
12495
11519
12495
4591
4595
12387
8703
12382
8703
9390
8703
11790
8703
12385
8703
8727
8703
2308
10926
8589
12035
9785
11301
916
917
9196
10072
2199
2090
3700
6985
5314
11710
5314
11710
1208
1121
3133
11616
8711
8669
4287
4285
4159
4285
1971
2176
1948
2176
12020
3944
9755
3944
6103
3944
3352
11020
8386
11020
10894
11408
10894
11408
2966
2965
2889
2965
5979
9568
4605
9568
6185
5104
6016
7432
6298
7432
10572
7244
8081
7244
3550
7153
1339
1572
1601
1572
1700
1572
1873
2184
1878
2184
2009
2184
10809
7883
6044
8138
4471
4503
4506
4503
5589
8967
5586
8967
8809
11487
10243
11347
2989
10506
9038
10506
2322
11895
11593
5418
5967
11114
4568
11114
3941
4050
4028
4050
309
394
4470
4469
9183
4469
11259
4469
8613
4469
10064
6374
4247
6374
4270
5010
9651
12034
10115
12034
10332
10290
7882
10131
3278
10131
3344
10131
8125
2818
2806
2818
5321
2818
5025
2818
3777
11529
2943
11529
2990
11529
2215
1902
5662
9100
220
1495
11330
8659
772
623
9211
3183
8396
3183
3175
3183
8399
3183
3035
12174
2833
2838
6112
7561
4019
7561
3926
8994
3938
8994
7170
8994
4058
8994
3827
8994
7616
8994
6463
8994
4728
8994
5967
8994
6327
8994
4358
8994
7094
8994
4223
8994
4734
8994
3537
8994
4922
8994
3351
8994
5896
8994
8168
8994
3154
8994
4568
8994
8401
8994
3776
8994
6983
8994
7114
8994
8498
8994
5723
8994
3023
8994
6112
8994
7139
8994
3887
8994
7144
8994
3553
8994
4662
8994
3868
8994
4019
8994
7529
8994
3990
8994
5078
8994
6487
8994
6976
8994
6104
8994
4837
8994
8096
8994
4329
8994
4526
8994
12175
8994
4695
8994
3812
8994
4638
8994
4494
8994
6201
8994
3098
8994
4732
8994
4889
8994
3340
8994
4965
8994
6492
8994
5236
8994
6433
8994
8356
8994
8311
8994
7517
8994
4476
8994
6109
8994
3049
8994
5927
8994
11381
10773
5147
4122
8523
4122
9110
4122
12125
7700
6414
7700
7547
8059
3859
8059
9708
9674
8637
9240
5709
9181
12491
4833
9743
9704
11274
9704
11316
9704
5398
9704
5444
8451
5576
8451
12372
10769
3453
3787
10266
10803
3252
7550
3253
3325
8511
11192
11338
5495
11410
5495
5395
5495
5393
5495
5397
5495
4756
4813
616
628
369
628
8712
9327
8712
9327
3458
5188
9865
10855
2545
11526
9122
8126
3544
6165
8794
4061
968
1030
8205
10476
9515
8812
9504
8812
388
391
4075
6404
9142
4980
3159
4473
9730
3413
8190
3413
9718
3413
12278
3413
3552
3559
11935
9882
10934
9882
11471
11356
132
197
3089
4725
2885
10458
12210
10458
9530
8832
8497
5983
11230
5983
4797
5983
8872
2363
2199
2091
9426
9411
8773
9411
9871
9411
3851
6118
7831
11378
4061
11378
11465
11378
2212
2059
2053
2059
4194
5074
2798
2826
6988
7942
5745
7942
1009
1001
11509
5058
9434
5058
2270
5058
10902
5058
10233
11354
7859
8500
3003
10474
3025
10474
2560
2571
2120
1967
2143
1967
4107
6406
8254
12114
9073
12114
8505
12114
4435
4545
10662
4545
12282
4545
10637
4545
3091
7257
3038
7257
9265
2824
9799
2824
10719
2824
9274
2824
3953
3957
3881
3957
3163
5076
10980
5076
3219
8573
12397
9459
315
1778
11718
2447
8641
2447
12289
2447
11720
2447
10700
2447
9248
2447
8692
3703
4987
3703
4986
3703
3678
3703
8632
10687
1350
1351
5717
10095
5717
10095
6129
8419
3854
8419
12211
7730
3417
7730
7885
9706
3692
5753
8677
9285
3672
3669
3657
3669
4538
7380
5136
7380
6543
5139
2776
12210
4453
4572
4571
4572
455
685
746
685
1559
1420
1416
1420
12027
6632
8361
6632
9435
8124
11257
11675
4594
6250
4632
6250
12492
10235
34
3286
3287
213
1492
4679
5905
4706
5905
6023
7975
4888
7975
8895
2275
8108
2286
12039
2889
9338
2889
11231
9658
3154
5875
12175
5875
3225
8005
1452
1477
1244
1477
3717
10612
1764
1423
1470
1423
9078
6261
5944
6261
9197
9676
1201
1110
231
1851
2751
7018
2759
7018
4321
7410
5995
7410
11295
4318
11730
4318
4277
4318
4536
4602
5651
4602
3672
3673
3658
3673
12512
2394
303
8996
5253
7083
5831
7083
2341
9943
11267
8603
8395
8189
4590
4695
4156
6358
10569
12025
9647
12025
11657
12025
7159
9051
3866
3946
8506
12187
10628
12187
10580
12187
601
702
395
702
859
708
416
708
8698
6859
5812
7246
5824
7246
4085
8569
3181
8569
3457
5106
8874
2382
966
1120
10566
11116
10586
11116
1022
1047
1115
1047
12299
12282
5199
6765
3947
6765
6485
10504
3357
10504
433
597
872
597
10919
2601
9461
2601
10116
3053
3007
3053
9118
6376
4800
6376
9119
6376
1959
1965
2153
1965
6190
7651
7158
7651
3051
5842
9035
5842
1819
1824
1823
1824
8519
4886
10026
11030
3885
11030
9548
9737
2351
7828
9941
7828
4289
4327
3640
5779
2762
2785
5473
5472
11182
11175
9924
9917
10366
9917
5602
9668
9907
10924
4673
6251
4606
6251
4709
8787
5021
8787
9476
8787
3028
3063
3065
3063
243
492
3759
7661
6191
7661
3083
3128
3799
3832
10557
6755
7536
6755
11296
3471
5487
3471
10174
3471
4059
9574
4053
9574
4355
4411
8266
7600
6124
7600
3102
3109
3108
3109
1451
1544
1442
1544
1250
1544
2697
11142
3966
11142
9014
11142
12422
12399
4775
12399
12419
12399
3781
3812
8881
11800
2723
6903
2704
6903
8514
6368
8577
6368
5103
6368
11660
5445
9084
5445
9648
5445
10897
5385
8506
12024
10628
12024
10580
12024
8372
9061
9674
9061
669
561
9828
9821
11178
11539
7861
11539
4604
5936
764
633
697
633
3193
8559
1083
968
11497
9473
8801
9473
12264
6869
8638
6869
9286
6869
9297
6869
3951
3967
1082
965
1039
965
1123
965
11012
9503
5835
7267
9033
7267
5174
12115
3362
12115
8091
12115
8130
12115
3971
12115
6016
12115
3346
12115
10033
12115
3151
12115
4642
12115
3907
12115
6325
12115
5822
9050
4356
9050
5444
9050
3091
9050
2784
9050
2649
9050
5607
9050
5061
9050
2597
9050
4255
9050
4594
9050
5582
9050
2585
9050
2919
9050
6023
9050
3146
9050
4330
9050
3038
9050
2630
9050
4607
9050
4676
9050
2874
9050
5026
9050
4674
9050
3071
9050
5597
9050
2690
9050
8494
9050
2488
9050
5568
9050
5576
9050
5432
9050
2659
9050
4632
9050
2544
9050
2605
9050
5612
9050
5436
9050
5428
9050
4636
9050
4861
9050
4888
9050
2838
9050
4122
9050
11950
9050
5560
9050
3011
9050
4524
9050
4457
9050
8046
9050
2680
9050
6094
9050
12231
9050
4497
9050
7962
9050
6270
9050
4440
9050
5059
9050
8495
9050
5887
9050
2900
9050
4661
9050
2506
9050
2570
9050
321
1783
12337
6873
4718
6873
12349
6873
9346
6873
616
618
667
564
10367
7836
2310
7836
9521
7836
964
1129
11970
9469
11959
9469
109
10989
3129
11536
11948
11536
3481
3501
5741
9604
9642
9604
6984
9604
4142
9604
6158
9604
6431
9604
6168
9604
12163
9604
6193
9604
3888
9604
3352
9604
4187
9604
9620
9604
4981
9604
12130
9604
4109
9604
3826
9604
6144
9604
12031
9604
8293
9604
3756
9604
6349
9604
3379
9604
3760
9604
8346
9604
6137
9604
3791
9604
5744
9604
4995
9604
5753
9604
5735
9604
8406
9604
6596
9604
5035
9604
12028
9604
3399
9604
8139
9604
3568
9604
4870
9604
4860
9604
12395
11364
4449
5068
1849
1850
2724
8944
5561
8944
5196
6085
4163
6085
3242
5123
3076
3079
3047
3079
8209
12396
10338
12396
8293
7650
4860
7650
6591
7816
6598
7816
3912
3994
11261
11674
2992
9122
4492
7294
5913
7294
4231
4240
9162
11205
9533
11512
6841
11512
6839
11512
11516
11512
10999
11512
2380
11512
12490
11512
6843
11512
1508
1561
1589
1567
1592
1567
9886
10319
5605
6940
2475
6940
8173
3136
11767
3136
11751
3136
8684
3136
10603
4181
4175
4181
9100
4181
9669
4181
1851
1854
1230
1456
1235
1456
1477
1456
1124
1020
2932
5809
10864
11397
3643
5502
4953
7034
4406
7034
5966
7034
7129
7034
10566
7034
12187
7034
4961
7034
7519
7034
5971
7034
5690
5215
3651
3659
3658
3659
4624
5928
6039
4100
4096
4100
10106
4100
4250
8335
3662
5763
2466
4794
11309
4794
11725
4794
8125
2445
2435
2445
5321
2445
5025
2445
8875
11784
1358
1359
4952
7052
5809
7052
2316
9522
4510
5081
12518
10945
5328
9365
9917
9365
8795
9365
3852
6127
11478
11833
12438
11833
12415
11833
4064
4115
11313
4115
7172
6664
3740
6664
6471
6470
3528
3531
12233
6049
4191
6049
10634
6049
2564
2586
2577
2586
1290
1548
3280
3367
1120
1019
12225
5200
12200
4767
164
252
2556
5424
2550
5424
12515
2277
1722
1709
1430
1709
2186
2257
577
578
9827
12317
4284
12303
3995
6578
8167
6578
3077
3082
3078
3082
1813
1816
11867
8810
3711
6211
8073
6211
8395
6697
4988
6697
3850
9204
11282
9204
9218
9204
2497
12212
4105
4168
6542
4023
6824
10972
8841
10972
4503
4638
12175
8439
5236
8439
278
8866
3234
3394
2267
12506
2266
12506
2268
12506
2269
12506
11871
12506
3955
6556
4029
6556
10046
10026
10059
7615
9071
7615
11656
11952
9087
11952
12183
8925
8487
8925
8719
5255
11795
5255
4019
6547
6104
6547
7177
8031
6202
8031
2212
2140
2048
2140
2606
2633
5204
7466
5107
7466
2750
2749
2744
2749
8609
9174
470
690
745
690
4898
11093
5128
11093
1314
1315
2398
11002
1640
1384
11713
9681
9245
9681
6877
9681
11265
9681
5235
5012
9606
5012
17
267
794
499
4879
6608
4985
6608
2967
11950
3755
8631
8804
8780
2908
2927
2755
8291
8159
8291
2578
8291
2656
8291
5598
8291
12213
8291
5132
8291
8410
8291
2681
8291
4653
8291
2922
8291
8338
8291
3140
8291
4492
8291
2709
8291
5169
8291
5913
8291
2621
8291
2717
8291
8101
8291
4873
8291
4245
8291
4403
8291
5441
8291
2692
8291
4375
8291
2639
8291
5155
8291
8321
8291
8390
8291
2826
8291
12212
8291
2612
8291
4324
8291
3074
8291
9036
8291
10042
8291
4592
8291
4988
8291
8188
8291
2850
8291
2753
8291
3818
3854
1132
982
7909
10159
11298
10159
12250
10159
10653
11233
10653
11233
1735
1728
1633
1728
466
776
777
776
12399
10298
9868
10298
2727
5560
10604
7523
6687
7523
6098
7523
3029
9013
11940
6381
4196
6381
4142
6441
5005
6441
4097
9088
10106
9088
6038
9088
9144
9088
612
615
384
615
2860
10038
2883
5782
2974
3011
5482
5489
4926
5489
2291
5349
3615
5349
1935
1936
4609
4626
4600
4626
4953
7688
6344
7688
10936
11828
1746
1681
1412
1681
4415
4524
8222
3864
9174
3864
8393
3864
10732
10203
125
6938
8908
5611
8908
5788
2845
7033
2845
10802
9792
5674
7121
6047
7121
244
500
242
1895
11574
4746
8686
4720
9738
12227
4200
4206
4202
4206
9763
10169
3313
3310
7135
3310
6048
7478
8349
7478
12199
12122
4849
12122
5594
12122
5885
12122
2706
12122
4404
12122
5559
12122
4843
12122
2614
12122
5810
12122
4322
12122
5196
12122
5608
12122
2791
12122
2582
12122
4606
12122
6089
12122
2885
12122
2505
12122
8134
12122
5587
12122
2561
12122
5636
12122
7862
12122
5641
12122
3394
12122
4527
12122
4927
12122
5939
12122
2689
12122
5895
12122
2641
12122
4692
12122
2387
8847
11914
8847
130
9510
12473
11881
12473
8825
12473
4573
6288
5960
6288
5266
5265
12268
10710
371
689
611
689
625
689
8171
8172
6473
7539
3299
7539
5187
7456
6048
7456
4525
10391
8409
10391
8793
4871
3892
3897
3838
3897
5755
11571
11630
11571
10717
11229
9267
11229
8658
11229
3769
8145
6147
8145
11940
8145
9081
8145
7172
8145
9085
8145
5944
8145
12128
8145
5755
8145
3988
8145
3361
8145
5993
8145
3411
8145
10064
8145
3740
8145
12171
8145
3333
8145
4090
8145
3963
8145
4842
8145
12204
8145
3325
8145
6127
8145
5142
8145
7143
8145
4902
8145
12152
8145
12113
8145
6138
8145
4110
8145
4196
8145
5747
8145
7526
8145
4169
8145
6465
8145
9080
8145
7141
10422
4892
10422
865
850
4973
7217
5764
7217
12403
8398
1724
1437
11588
5570
10728
3486
10723
3486
9783
3486
5044
3486
3251
3346
5653
4431
5095
4431
5954
4431
10856
5691
2800
2872
2610
2629
1016
929
2903
2902
5361
2902
11300
2902
11725
2902
5973
8423
7905
8423
9049
6654
3557
6654
7130
6460
7132
6460
2048
2141
27
254
3930
4039
2648
5541
2633
5541
3282
3357
519
525
523
525
455
456
1311
1549
12196
10120
5858
11632
5822
7062
11950
7062
12505
11785
358
1358
10019
10014
4553
4589
4599
4589
4267
4299
10837
10827
5503
6999
3638
6999
9378
9355
874
869
880
869
13
11918
4689
7387
5975
7387
4218
7447
4836
7447
8894
2360
5914
12093
3410
12093
4424
12093
4963
12093
5644
12093
12186
12093
10548
12093
5055
12093
4491
12093
4241
12093
2682
12093
2707
12093
8337
12093
8388
12093
4323
12093
11631
12093
5562
12093
12025
12093
7034
12093
8382
12093
5839
12093
2611
12093
7092
12093
6048
12093
8081
12093
10792
4158
11760
4158
4115
4158
9090
8202
9714
8515
1275
1635
1270
1635
4018
7793
5046
7793
3607
4901
3982
6566
3678
9249
4263
10731
9352
10731
12324
10731
1475
1474
1542
1474
2650
2684
2670
2684
9546
8856
325
323
4352
10680
1903
2216
2238
2216
4170
4176
8148
4757
4782
4757
2889
11284
4943
11332
10815
11332
4086
11332
10756
11332
5097
7508
8261
7508
3277
3280
3288
3280
9446
10911
1182
1143
983
1143
3169
10173
83
8878
243
1897
846
822
533
822
11873
11841
4900
10589
78
116
11258
10110
11255
10110
9198
10110
2360
11854
8821
11854
12405
12385
610
658
614
658
523
524
4395
4446
4382
4386
9141
4386
10611
4386
10101
4386
3270
3331
2903
2912
2485
2912
3491
3567
2447
4827
3098
10383
3049
10383
3014
10443
5827
10443
1078
925
1875
1876
1951
1952
11394
9333
3743
7177
9383
8726
5060
10004
5212
10004
8217
8544
9748
8544
10701
8544
4352
8544
297
2304
4593
5900
9349
2732
10783
2732
2730
2732
11765
2732
10790
10757
11391
5284
10076
6540
10592
6540
9120
6540
2078
2080
1781
2080
1777
2080
3162
5332
1848
1855
1854
1855
1546
1473
1725
1473
3899
8212
5685
5683
8525
8505
11365
12291
10789
12291
10238
12291
5453
2460
8541
2460
2448
2460
5451
2460
4629
4911
8733
3594
917
1203
8785
10901
226
201
10594
3885
10079
3885
11210
3885
2615
5528
2592
5528
2324
9496
8819
9496
8405
9496
293
372
3273
4731
4646
4680
10124
7518
8605
7518
11680
7518
3245
7518
1029
1060
1068
1060
960
1060
12332
9788
10751
9788
11344
9788
8570
4216
4783
4216
4212
4216
10705
4710
6859
11265
6033
6032
6033
6032
6101
3320
6100
3320
12236
3320
5702
3320
11185
6896
2661
6896
11362
10213
10749
10213
10874
10871
151
213
8678
8667
2904
8918
9039
8918
18
258
5963
6292
6199
8475
4569
8475
5240
8475
6149
8475
8072
8475
5168
8475
4081
8475
6197
8475
6988
8475
4916
8475
4979
8475
3809
8475
4982
8475
7771
8475
4881
8475
5745
8475
4682
8475
5199
8475
5087
8475
3774
8475
10030
8475
4863
8475
5112
8475
3939
8475
3323
8475
8111
8475
5153
8475
10032
8475
5091
8475
3419
8475
5054
8475
4405
8475
5129
8475
5108
8475
6192
8475
5759
8475
5926
8475
3734
8475
5192
8475
4538
8475
4689
8475
3569
8475
5188
8475
4240
8475
5081
8475
5975
8475
4611
8475
6067
8475
5136
8475
7431
8475
5183
8475
4018
8475
3873
8475
3825
8475
3947
8475
6126
8475
6117
8475
5740
8475
3576
8475
6119
8475
5754
8475
4939
8475
4167
8475
4328
8475
5094
8475
5046
8475
2107
2232
2141
2232
3298
10524
6511
10524
2663
2665
2646
2665
5325
8738
9359
8067
10306
10746
3584
3644
8681
10720
1407
1470
1856
1857
3051
9974
3093
9974
7117
8000
6045
8000
3191
8000
11675
8000
8235
8234
12090
8234
3711
7207
5749
7207
4787
8694
5581
8442
5600
8442
2502
8382
10140
10125
6179
8959
6160
8959
5989
7395
8109
7395
6551
7781
6535
7781
5231
5229
1192
1104
1016
928
2647
5536
2629
5536
12153
7148
9635
7148
3157
4457
12202
10080
8331
12064
12033
12064
520
521
8093
8094
6024
7440
6360
7440
2992
5634
1249
1517
1442
1517
11964
11012
5282
11012
12495
11012
12492
11012
11976
11012
1381
1383
1377
1383
10374
12459
6526
8057
3347
8057
6585
7605
3903
7605
8602
5233
10606
5233
4790
5233
4482
4494
2644
2655
9226
8596
12227
11255
11256
6428
3195
6428
3067
5093
4138
8657
9308
8657
4146
8657
6692
5002
11263
4042
9699
4042
3931
4042
9703
4042
3524
6171
3539
6171
5106
6618
5191
6618
8291
11949
11507
11489
2077
2081
2095
2081
1774
2081
11429
11349
5590
8969
5592
8969
964
1124
1193
1103
12256
4075
4072
4075
10138
3546
3506
3546
9712
3546
9287
3546
10927
10334
379
614
383
614
613
614
7403
6685
5028
6685
9857
10282
47
4763
12065
9789
10626
3717
3724
3681
3724
1206
1015
96
9543
3022
9003
4466
4467
4466
4467
9672
9092
8864
12492
12498
12492
10632
4130
4089
4130
2213
1825
1811
1825
3182
3226
10176
3226
2910
5798
292
1231
5718
9232
6354
7692
4213
7692
2993
3001
2116
1964
1962
1964
12495
9384
10969
9444
5294
9444
10972
9444
9476
9444
2961
2971
12280
2971
8582
8283
1962
2229
2210
2229
8865
2345
1826
1827
12224
11200
2013
2181
1852
2181
6481
7542
3363
7542
8862
6844
2334
6844
8832
11855
10921
12384
2009
2185
1876
2185
1004
1018
953
1018
5596
8973
5584
8973
72
2094
2093
9825
10794
4715
10794
10816
10794
3687
3696
3693
3696
3552
3557
4850
6436
31
6970
4105
5163
4105
8132
4105
7920
4105
6968
4105
6967
4105
8496
4945
384
611
608
611
8046
11081
5059
11081
8628
9693
10671
10638
7518
4972
2114
2008
4613
12101
6984
12101
4142
12101
6168
12101
12163
12101
6193
12101
3352
12101
4187
12101
9620
12101
8386
12101
12130
12101
4011
12101
4109
12101
6144
12101
12031
12101
5974
12101
5943
12101
6349
12101
3760
12101
3906
12101
6137
12101
3791
12101
12120
12101
5744
12101
5735
12101
6596
12101
5035
12101
12028
12101
3399
12101
6107
12101
4539
12101
8139
12101
4870
12101
9544
8820
12290
8646
3757
6201
8342
11946
8262
11946
7836
12446
9367
9329
3010
3098
9448
9890
2133
2148
2065
2148
11898
8840
3939
7575
6119
7575
7484
8046
6455
8046
8699
10767
10315
11424
8619
9214
7114
6393
8498
6393
1074
1156
970
1156
3240
3238
3184
3238
9072
3789
1379
1380
1301
1302
414
416
410
416
666
565
3764
3772
10307
11796
7152
11068
3559
11068
5365
5364
8533
5941
4054
11123
4920
11123
7872
7870
4791
9513
5332
9513
9467
12437
8347
8795
3855
6599
3902
6599
2456
9630
6806
7806
6566
7806
4315
4371
9799
2797
10719
2797
2780
2797
9274
2797
3706
4989
3507
3511
3510
3511
8167
9614
3131
9614
3360
9614
12104
9614
4564
9614
5207
9614
5989
9614
12116
9614
6358
9614
4372
9614
4219
9614
5671
9614
7524
9614
1310
1540
1549
1540
1708
1540
1363
1365
1359
1365
4814
7338
5929
7338
4157
11215
11899
11502
1917
1918
10681
4266
12276
4266
11439
10309
9690
6966
12045
9877
9925
9877
9899
9877
8670
3170
3169
3170
9824
5397
5341
5397
12368
10263
434
773
448
773
3113
5839
2366
9425
12457
9425
9898
9425
6355
6330
4298
6330
145
199
8820
8353
901
787
621
787
11659
3427
9058
3427
4968
3427
2976
5819
11670
5819
2765
2764
2749
2764
5733
3745
8619
3745
3607
5512
6826
5205
11926
5205
2719
12267
3228
6097
4184
5175
12413
9848
1632
1714
1743
1714
3637
8262
2961
4924
9266
9751
4290
9143
8665
9254
1892
1894
977
1096
978
1096
1195
1096
4498
6237
4459
6237
11464
10886
9897
10886
4354
5030
6986
7939
4989
7939
8803
10352
8787
11472
8286
11472
3980
12162
6826
6825
3114
3141
9407
10279
11432
10279
11426
10279
10354
9907
9918
9907
9758
4401
4344
4401
11301
4401
3520
6649
4862
6649
6033
6064
12018
6064
6032
6064
4112
6064
2
12518
12451
12400
11486
12400
3120
3119
11687
3119
10144
3119
11692
3119
1233
1543
1477
1543
1461
1543
11806
11385
11837
11385
12369
11445
11954
7776
6495
7776
865
846
866
846
8390
7326
4592
7326
3410
6733
4934
6733
921
969
1071
969
1030
969
4284
5652
4319
5652
10205
10196
11400
11973
8745
11973
11788
11973
3422
7758
5036
7758
4128
5142
6123
3802
3434
3802
1837
1838
9836
11799
2751
6913
2721
6913
1108
1138
976
1138
5317
7841
8643
7841
10688
7841
4577
5970
4191
4193
9678
4193
11676
4193
8245
4193
9032
11540
4970
11540
8137
11540
10653
10602
8871
10362
1748
1424
1403
1424
442
443
3754
6186
1272
1275
135
186
4230
4247
3077
8525
7150
8015
3525
8015
5466
6947
9269
6947
3379
6729
3399
6729
6937
2494
6867
2494
4827
2494
9223
8379
3466
9761
5509
7008
5777
7008
104
206
8687
9264
12370
9264
12004
9264
2522
2527
2526
2527
8725
4308
12391
4308
10263
4308
3283
12206
4548
4612
438
681
585
681
8829
8252
8823
8252
12460
8252
4366
7420
5997
7420
505
506
285
2650
5116
2479
2482
2484
2482
80
5663
5662
6293
5960
6956
5960
1633
1632
310
2931
9037
8615
8613
4095
7923
3384
7768
3396
7768
8492
3295
10619
10087
10620
10087
10661
10087
8384
11868
4255
6054
5672
6054
7999
7499
6089
7499
75
45
290
9779
10695
6939
10514
10549
10514
2600
2611
5370
9297
9900
9297
12039
9297
11356
9297
5949
11106
8236
11106
1595
1646
1664
1646
6154
7637
3558
7637
3034
3035
8183
3035
11678
3035
8184
3035
305
38
177
8899
4407
11076
4432
11076
2457
10545
6568
6784
12127
6784
7923
6416
4971
6416
870
855
581
855
11514
9922
8405
9922
10015
12058
8993
12058
3621
3625
130
83
11240
7091
2951
5823
11801
5354
5253
11058
5836
11058
103
11598
7860
282
2347
3729
7190
2956
2986
9270
3931
11290
3931
27
29
5774
7231
5766
7231
48
2122
156
273
6979
6978
5708
9716
5708
9716
10208
9750
5738
5735
5679
8363
11193
8363
7152
8363
4669
8363
12156
8363
4567
8363
11197
8363
4368
8363
3476
8363
3298
8363
6425
8363
5007
8363
4921
8363
4914
8363
6570
8363
4059
8363
11196
8363
7996
8363
4522
8363
5024
8363
4704
8363
4500
8363
3768
8363
3519
8363
11198
8363
6689
8363
4053
8363
4597
8363
6146
8363
3503
8363
9079
8363
4608
8363
4956
8363
5190
8363
3766
8363
4683
8363
3423
8363
8344
8363
9086
8363
6568
8363
4392
8363
3069
8363
10060
8363
4477
8363
3559
8363
8335
8363
3885
8363
10055
8363
7528
8363
12150
8363
3811
8363
7176
8363
4034
8363
9060
8363
5048
8363
3099
8363
7101
8363
3393
8363
12127
8363
6511
8363
2461
12209
4153
4278
381
684
609
684
1718
1705
1490
1705
3702
3713
3703
3713
2783
11588
2253
2245
1941
2245
5254
2754
2716
2754
11191
2754
4515
8409
11333
3849
12321
3849
5713
3849
10752
3849
6957
6956
3155
3160
3118
3160
4504
5915
4666
4687
4182
4256
9663
10572
11220
10572
3934
11139
4035
11139
9839
10253
12389
10253
12260
10144
4662
7333
5927
7333
2912
9177
6468
6726
7527
6726
9826
8376
9192
3030
3017
3030
11678
3030
8184
3030
4585
5651
10662
5651
12282
5651
10637
5651
9443
10268
12342
10785
9929
7842
4040
6544
5178
3801
3433
3801
3307
5141
1218
1132
3769
6189
12171
6189
5305
8358
12326
8358
9336
8358
9315
3175
3166
3175
2373
11825
4397
4402
4344
4402
1847
2196
2234
2196
1842
2196
2096
1988
1987
1988
9740
3857
12295
3857
3848
3857
2907
2924
9480
10351
6430
7496
7921
7496
11592
11128
5252
11128
12037
11063
3730
11063
3068
11063
8993
11063
8233
11063
376
693
615
693
2046
2187
1832
2187
2820
11599
3114
3142
4562
11109
4610
11109
8364
9518
7931
9590
6161
9590
10930
11471
10345
11471
10933
11471
2465
11740
896
572
563
572
1272
1273
10334
12339
4289
7875
218
667
4309
5119
4327
6005
4852
6005
2443
8540
11730
9752
1409
1410
6092
8261
2100
2000
1996
2000
429
432
1412
1413
3847
6124
8834
8250
2323
8250
11895
8250
7833
8250
289
1270
8194
12336
2957
2989
3602
5511
1133
1209
9660
4797
4541
7905
3408
6738
3358
6738
4581
5975
204
8896
5899
11596
8469
11596
4769
11596
3135
4485
4486
4485
12406
4345
4897
11079
6868
11079
7921
6419
4826
6419
11502
11501
3290
3364
2771
6918
2792
6918
3721
5730
9030
6667
7192
6667
6478
7753
3396
7753
1131
976
4130
4198
12511
11914
9872
9395
10316
9395
11306
6959
3857
3846
3815
3846
18
259
4181
4259
11994
12280
5366
12280
4765
4764
5994
11136
6328
11136
212
9846
9843
9411
9843
10304
9843
2699
5427
10875
3205
10851
3205
10880
3205
10834
3205
11442
3205
4217
9148
3507
3512
3510
3512
1361
1362
4312
4372
8566
5942
9747
9719
9747
9719
4243
5170
3764
3771
3345
3397
3385
3397
3591
3640
3633
3640
124
192
7996
6694
7520
6694
7136
6500
5207
6500
9230
9207
10146
9207
9231
9207
3674
8406
3780
6596
3937
7809
8147
7809
3353
3354
10188
8618
4557
12149
8401
7928
5723
7928
12284
4986
9689
10571
10102
10571
10075
10571
10577
10490
3069
10490
8111
7763
3419
7763
11852
10350
10366
10350
4302
6335
4278
6335
3553
6657
4837
6657
10291
10824
10290
10824
9
41
4812
9440
7141
10017
11929
10017
5158
10017
7191
10017
3924
10017
4211
10017
9627
10017
6467
10017
5243
10017
4434
10017
4047
10017
4300
10017
6091
10017
3732
10017
7876
10017
7998
10017
3955
10017
3555
10017
3707
10017
5201
10017
4029
10017
3390
10017
4254
10017
3832
10017
3531
10017
4168
10017
7523
10017
4198
10017
5079
10017
7158
10017
3869
10017
4565
10017
3408
10017
3788
10017
3358
10017
6128
10017
8362
5160
5216
5160
11482
5160
5058
5160
3875
8085
1406
1552
1599
1552
2668
2687
2683
2687
9553
2390
4873
7384
4672
7384
10021
7444
4222
7444
8529
5816
11670
5816
2941
5816
8517
9635
5651
5650
11785
2419
11796
2419
6215
7232
5769
7232
1478
1431
1304
1431
3941
3932
11290
3932
957
958
2445
2444
5210
2444
411
414
8328
8685
9200
4269
10625
4269
8629
4269
4268
4269
5287
11915
8611
6969
10322
10306
1534
1526
1533
1526
9465
11788
676
551
4414
7092
5504
7003
3667
7003
1290
1291
3190
11287
10761
11287
12307
11287
8133
11287
5859
5836
9063
5836
9632
5836
11599
4754
1907
2001
1982
2001
2000
2001
9922
9921
9516
9921
11621
4303
4273
4303
553
554
11224
8368
4197
6973
11480
11824
11839
11824
10918
10889
11834
10889
6984
7936
5744
7936
11247
4273
10598
4273
7873
4273
10597
4273
8531
4273
4413
4527
1015
955
3713
3718
290
411
2219
1973
1944
1973
3258
3867
3877
3867
2600
2612
12441
10276
5289
10276
10989
2268
11292
5661
12500
8844
2857
5600
9414
10258
10846
10258
12465
10258
9386
10258
9784
10199
11322
10199
2636
6840
8853
8251
3891
3894
6120
3894
926
1200
4548
4611
3675
7214
5763
7214
502
503
4589
5035
9778
9762
3479
12146
3584
3585
11859
6820
4866
6646
9049
6646
11577
5828
6122
11053
3910
11053
1953
1969
1968
1969
4909
10601
10986
10361
10735
2397
11778
3116
3104
3116
5373
3116
5130
7779
6534
7779
5275
5295
5925
7329
4671
7329
11433
10845
11433
10845
12034
7782
3954
7782
1898
1899
544
629
863
629
864
629
12317
8599
4660
4665
8700
11310
10782
11310
10829
11310
4127
4135
10693
4135
11294
4135
11728
4135
5689
5688
3465
12028
1942
2247
2146
2247
2685
2710
6855
2710
11681
2710
4058
7560
6112
7560
2568
5523
2583
5523
12411
5320
315
365
140
198
4156
8381
6139
8441
6138
8441
5085
6795
7565
6795
1020
1044
1124
1044
1946
2241
2221
2241
5156
7513
4954
7513
215
66
9205
3229
9137
3229
9839
12371
10869
12371
4796
12371
5976
6291
5961
6291
6815
2352
7828
2352
2508
10448
2899
10448
3527
10388
3489
10388
1610
1708
1720
1708
2816
5615
7031
8966
10550
8966
5394
11346
9500
11486
8335
6031
5048
6031
3530
3549
9417
9338
12394
9338
10845
9338
9410
9338
11433
9338
7963
7425
6001
7425
2517
2518
9257
2518
2524
2518
2413
2518
5620
10507
2809
10507
8900
10872
12007
10629
12007
10629
12249
10477
2880
10477
12472
10902
4812
10902
3981
4060
1304
1305
8571
3699
9154
3699
6876
3699
3681
3699
5156
6439
11159
6439
11837
11962
5302
11962
11840
11962
11880
8825
11508
8825
1866
1871
1870
1871
9366
11357
8734
11357
5399
11357
11973
11357
12260
11692
3847
4732
11215
10065
1541
1489
1513
1489
5332
5331
1633
1729
1602
1729
3467
7143
10043
7254
12246
7254
12007
4912
3950
3954
2796
2827
8182
11678
2091
2062
2059
2062
8212
8211
16
261
8478
8470
11776
9783
11368
9783
5255
9783
9792
9783
8067
9783
4972
8049
6486
8049
2666
2680
10812
2731
2713
2731
12358
2731
5655
10218
4202
10684
3796
3786
8591
3786
6132
8913
4756
12173
3312
3332
10760
11280
12316
11280
11337
11280
12287
11280
12201
3284
3291
3284
3265
3284
3286
3284
10882
8649
3644
8649
6832
8649
8710
9326
3587
8733
9380
8733
766
902
762
902
8078
8127
5291
8127
2483
2911
11658
12033
11473
8729
2264
8729
1464
1488
1469
1488
9913
9420
11829
9420
3957
3964
2473
12006
2654
12006
4996
12006
4673
12006
2894
12006
4460
12006
4441
12006
2882
12006
6003
12006
6329
12006
7999
12006
5613
12006
2770
12006
2598
12006
2677
12006
5922
12006
5821
12006
2923
12006
9029
12006
6271
12006
2722
12006
4218
12006
2756
12006
2571
12006
12210
12006
4163
12006
4246
12006
5834
12006
8165
12006
2634
12006
4836
12006
7065
12006
3127
12006
2273
2274
5857
7264
3085
7264
12040
12041
2405
12041
10567
9008
183
9548
11222
2945
9662
2945
11220
2945
5026
4070
11903
11893
11900
11893
3757
6202
39
12189
10586
11929
6515
3869
6515
314
1224
11638
5793
9088
4971
4438
4449
4401
4449
4395
4389
4336
4389
2147
2253
7520
9607
10552
9607
7550
9607
11160
9607
4651
9607
11789
11367
12097
8947
11999
8947
9107
6525
8195
6525
9112
6525
3737
10055
5331
9499
9291
5238
2988
11082
9037
11082
3914
3997
865
849
534
849
5914
12118
5644
12118
5055
12118
4136
12118
4685
12118
11661
12118
4934
12118
5839
12118
2695
12118
4489
7297
5915
7297
12280
2972
2960
2972
6437
6423
4826
6423
2879
8460
5600
8460
9553
11394
5099
5098
10362
12426
9499
12426
3364
7541
3418
7541
8321
7037
12209
7037
7616
6613
7139
6613
5087
7570
6117
7570
12302
10633
4817
10633
4818
10633
4286
4324
445
446
12284
9734
4987
9734
4919
7691
6348
7691
2968
3002
2011
2032
2031
2032
1864
2032
3054
3093
9249
9231
11773
10749
11376
10749
2263
10749
8642
9190
1868
1870
1020
1043
1124
1043
4203
4219
10946
10927
9402
10281
9477
8784
360
630
9723
10140
9772
10140
8676
10140
3535
6145
481
870
880
870
2682
6899
2695
6899
2823
9091
3166
3233
9809
3233
10758
3233
4238
6398
4213
6398
12450
9914
11501
9914
9493
9914
4621
4655
5589
9577
5595
9577
8275
8956
11187
8288
8807
12453
5194
12453
5479
5226
10233
5226
9238
5226
10225
5226
10221
5226
9217
5226
3538
6172
3574
6172
2614
5539
2634
5539
7138
4041
8884
2395
12449
5001
1106
1144
980
1144
2275
11011
2482
12009
122
20
28
3476
8978
3503
8978
1766
1761
1545
1761
6949
9698
6949
9698
2135
2066
2974
3012
4181
4927
11606
5781
10734
9257
11735
9257
11328
10655
3311
7536
4241
7459
6344
7459
725
648
686
648
11874
11864
9932
11864
9683
6573
4135
6094
5180
3255
4007
4028
11312
4028
9772
4028
4628
4633
4309
6000
4104
4163
1772
1628
1682
1628
9501
9904
12473
9904
11144
4749
4201
4209
4212
4209
5248
6234
4819
6234
12020
10166
6050
6442
4256
6442
5075
6382
4258
6382
11922
8292
3402
6475
9099
2495
8518
2495
4827
2495
8657
8632
7100
8632
1082
1204
1082
1204
1476
1220
9173
5011
3482
3489
7534
3349
12151
3349
2609
2626
2627
2626
1713
1701
6068
6067
5279
12498
1828
1829
11243
11226
5064
8032
7193
8032
1112
1050
1028
1050
1802
1803
7925
9682
11518
11001
9867
12010
11642
7285
4640
7285
6835
9380
10865
9380
438
439
3900
3985
392
770
397
770
116
10971
9413
10293
9418
9410
3300
7528
3020
9018
12269
12243
10211
4586
4542
4586
8239
9083
4295
4296
6873
4296
5369
5367
3637
6996
3170
3200
5686
3200
2748
2794
11618
2794
9050
9617
3035
10033
4589
11584
3732
6212
6990
6212
4953
7683
8242
7683
3337
6505
3365
6505
12180
4036
3985
4036
5646
3081
3078
3081
1222
1223
8655
4179
4140
4179
3528
3532
9438
8765
10334
8765
394
397
2624
2638
1298
1299
2977
7900
5637
7900
3477
11098
10571
11098
8757
5394
9865
5394
9882
9874
16
24
2922
7051
8177
7051
8364
9521
3371
3424
2758
2767
10929
12054
3927
6603
3904
6603
10189
9246
5179
9246
9280
9246
11733
9246
3916
6569
11246
11238
11246
11238
8821
11987
4133
5082
93
8859
8484
11585
12319
11331
10237
11331
8713
11331
11363
11331
8706
11331
5363
11331
2799
5575
2581
2589
2588
2589
3189
6046
9264
6046
9172
8393
1214
1176
10992
2269
5199
6787
4018
6787
1491
1507
1519
1507
11866
10912
3974
4902
22
11901
6199
8201
4569
8201
5240
8201
6149
8201
8072
8201
5168
8201
4081
8201
6197
8201
6988
8201
4916
8201
4979
8201
3809
8201
4982
8201
4881
8201
5745
8201
4682
8201
5199
8201
5087
8201
3774
8201
10030
8201
4863
8201
5112
8201
3939
8201
3323
8201
8111
8201
5153
8201
10032
8201
5091
8201
7159
8201
3419
8201
5054
8201
4405
8201
5129
8201
5108
8201
6192
8201
5926
8201
3734
8201
5192
8201
4538
8201
4689
8201
3569
8201
5188
8201
4240
8201
5081
8201
5975
8201
4611
8201
6067
8201
5136
8201
7431
8201
5183
8201
4018
8201
3873
8201
3825
8201
3947
8201
6126
8201
6117
8201
5740
8201
12137
8201
3576
8201
6119
8201
5754
8201
4939
8201
4167
8201
4328
8201
5094
8201
5046
8201
407
769
620
769
9341
5357
9341
5357
119
143
4726
10732
10228
10732
133
194
9923
12055
8816
12055
10762
10208
9792
10208
11353
10208
10771
5280
630
361
5821
7061
5636
7061
2737
2757
2715
2757
6140
8903
3461
8903
232
1859
944
1123
6157
8436
6160
8436
0
8869
7474
7473
539
842
847
842
5174
6559
3971
6559
8256
10029
11934
8755
11901
2307
2932
12231
2471
2901
10181
10147
6285
6283
2647
5542
2657
5542
4557
4684
1297
1298
4386
4432
4150
4153
4200
4153
10759
11320
1401
1629
1756
1629
9299
4244
7100
4244
8680
3265
9709
3265
4656
6944
4931
7798
4056
7798
9319
10156
2867
2871
2801
2871
10856
5692
30
246
6851
2524
2285
2524
11735
2524
5401
9267
11174
10421
11640
10421
4124
7503
6429
7503
11298
4845
8892
10178
4110
7469
4169
7469
11721
2720
9771
2720
11738
2720
5116
2720
9770
2720
11516
11865
2404
11865
2736
2746
2745
2746
2300
5310
7877
10665
363
364
5810
7050
2923
7050
208
8873
3856
9990
3903
9990
40
350
3898
9034
10185
5486
10185
5486
6837
5346
3594
5346
4631
8428
4702
8428
1255
1256
437
440
4627
4629
9203
4629
3556
4872
3735
10392
7190
10392
10347
8171
12401
8171
2451
2452
2442
2452
10216
2418
11747
2418
11343
9294
11184
10517
5245
10517
6148
7634
3775
7634
6065
7122
5675
7122
9809
9791
11375
11771
11376
11771
8729
11771
79
345
5175
6057
6973
6057
10376
12479
9135
10084
9135
10084
2456
5605
2741
8940
2767
8940
9649
7652
7173
7652
3684
3708
10307
2602
2601
2602
12001
8664
707
642
738
642
3685
5758
673
555
8320
7970
5020
7970
4944
5841
2995
5841
3545
9052
3516
4889
10022
8064
10066
8064
5501
3647
3649
3647
6854
11681
6854
11681
3634
5776
797
866
881
866
979
1107
1015
1107
6482
10527
3382
10527
536
537
5975
7365
4611
7365
4543
4601
5750
7204
4989
7204
10677
12012
3260
12012
12243
12012
12311
12012
1402
1586
1756
1586
8238
8237
4619
5939
10252
5053
12318
5053
11393
5053
9831
5053
10818
5053
9378
8697
10195
11295
4827
8556
4827
8556
5893
9977
9625
9977
2675
6866
2686
2695
12270
4454
3156
4454
4467
4454
4466
4454
3958
8097
3827
6810
3812
6810
3762
8578
4569
6262
4611
6262
1736
1734
1737
1734
4635
11035
4499
11035
1192
1140
1104
1140
8345
3106
3105
3106
2462
2497
11704
2497
5452
2497
11682
2497
377
378
12271
10611
5243
6780
4047
6780
8151
8608
9134
12150
10120
12150
9547
9948
11626
2545
2528
2545
12027
6631
12158
6631
3512
3564
5457
3076
2962
3076
11856
8330
4154
6353
10272
4824
5112
7819
3825
7819
861
831
853
831
512
831
8217
12257
9748
12257
10701
12257
5124
12257
4197
4225
9624
10007
10038
10007
4725
8547
12178
12152
2791
6925
2770
6925
3005
3058
3047
3058
10822
4571
4578
4571
10251
4571
9811
4571
3721
7174
3714
7174
2293
7839
3613
7839
11879
10986
11506
10986
9483
9466
12417
9466
2518
2519
2513
2519
10097
9653
2460
2490
2922
5806
2892
5806
2301
3597
9345
3597
11757
3656
12308
3656
11385
3656
8699
3656
10234
10754
10239
10754
10248
10754
8901
5287
12409
12388
12409
12388
1016
941
940
941
5513
7013
4901
7013
4318
4313
4282
4313
3153
11160
10044
11160
8363
11160
6987
7941
3709
7941
4462
5870
3149
5870
414
415
1121
959
12517
2344
8711
3678
3578
3678
4680
7088
5891
7088
11628
2572
2548
2572
3112
3139
10336
10316
9885
10316
3081
3123
3063
3068
5405
5501
3593
5501
3603
6847
2300
6847
268
1501
6016
7915
6964
7915
2755
11922
3294
11922
6477
11922
8159
11922
12184
11922
5181
11922
2656
11922
5598
11922
12247
11922
12207
11922
12213
11922
5009
11922
12195
11922
12194
11922
5132
11922
4998
11922
8313
11922
5101
11922
8410
11922
2681
11922
4653
11922
2922
11922
8177
11922
8338
11922
3140
11922
4492
11922
5578
11922
2709
11922
8355
11922
5169
11922
5913
11922
2621
11922
8327
11922
8101
11922
4873
11922
4465
11922
4245
11922
12188
11922
4403
11922
5441
11922
2692
11922
5572
11922
4375
11922
2793
11922
2639
11922
5155
11922
8321
11922
4672
11922
8390
11922
2826
11922
12114
11922
8189
11922
12212
11922
12209
11922
2612
11922
8381
11922
4324
11922
3074
11922
9036
11922
10042
11922
4592
11922
2892
11922
4988
11922
2850
11922
2753
11922
6063
11922
4197
5079
1494
1414
11898
9456
9344
10230
9344
10230
3551
3554
2690
6908
5428
6908
4403
6363
4375
6363
6464
7735
3377
7735
4867
9121
1603
1725
1734
1725
11891
9478
2321
9478
4161
4182
4175
4182
11330
11736
8839
11511
11512
11511
1641
1396
12338
10797
972
1149
1127
1149
5009
6409
5132
6409
6626
7823
6602
7823
10617
11170
11325
12279
7862
5860
3127
5860
3248
3215
3249
3215
5706
3215
9277
3215
746
727
456
727
591
727
3501
3502
212
333
2031
2033
1865
2033
1861
2033
2304
2305
9253
9217
6274
8416
3334
8416
12246
8416
3377
8416
3073
8416
5884
8416
5807
8416
4259
8416
11637
8416
8229
8416
9177
9663
482
875
884
875
12322
9709
10678
9709
5225
9709
10179
9709
4992
9709
11920
11858
10799
10764
3654
3666
306
1237
10952
11427
4379
5136
8269
12068
8268
12068
11251
9679
11804
9822
12416
9822
7525
8054
8044
8054
12036
9062
4484
4497
3444
3811
1715
1690
1714
1690
4025
8999
4653
7355
4672
7355
135
10610
5637
8574
5637
1006
1036
4935
8654
3799
3831
2803
2886
5064
7662
8117
7662
4532
7960
4431
7960
4114
12276
5124
12276
4534
11141
6280
11141
4626
5923
3665
5768
4419
4412
4360
4412
140
8790
4785
7832
4785
4786
4785
3463
3472
11196
11119
11198
11119
3779
3445
3435
3445
5694
3385
3309
3385
5687
3385
12477
9508
10374
9508
11634
11600
11744
11739
3583
3727
3721
3727
5182
6379
4219
6379
3160
4464
6879
6878
2309
10337
4607
6252
4674
6252
7
3952
5128
9338
8186
11936
5063
10300
9387
2309
9447
2731
6856
3867
3949
1273
1274
4717
5471
8636
5471
10797
5471
4514
5471
10277
12340
6958
8566
9698
8566
8168
6015
4329
6015
2998
7249
5823
7249
4209
5109
8645
9225
8348
9225
8646
9225
12274
9225
9717
4955
11214
11652
5060
10463
5096
10463
6551
7790
6538
7790
3506
3547
3548
3547
877
867
876
867
6461
10509
6484
10509
11370
4466
10782
4466
10785
4466
10627
10071
9408
12383
689
660
693
660
11307
11302
12294
11302
10204
11302
3984
10627
1342
1345
11194
11650
3600
3608
3599
3608
2297
5312
8343
7552
2684
6854
2345
2346
4229
7991
5074
7991
2671
2702
2701
2702
3182
3227
3240
3227
4924
8564
742
807
698
807
885
881
791
881
9241
8184
8187
8184
11712
8184
10350
10933
4844
9998
10037
9998
2586
2595
2775
9313
2769
9313
8712
8678
9327
8678
8694
8678
7533
8056
6531
8056
11820
11816
10891
11816
10868
10711
9379
10711
3168
10711
12353
10711
1192
1141
1104
1141
4587
4701
9158
4701
9157
4701
9213
4701
10712
8597
3319
3311
7135
3311
1338
1576
1601
1576
9455
8078
9425
8078
11617
2884
2883
2884
9299
8656
10907
10880
2440
2438
5359
2438
20
264
9551
8108
4043
4052
9450
10910
5066
10910
3239
12181
628
696
630
696
8663
8647
11705
11245
8627
4740
3597
4740
2317
12420
10355
12420
4659
4671
154
48
4508
8129
3172
8708
2643
2645
2631
2645
3321
6531
5218
5134
5221
5134
11822
11819
7116
7115
9348
10766
8356
8047
7517
8047
3663
3664
3657
3664
1251
1518
1246
1518
1442
1518
3930
4920
2899
8414
2924
8414
380
383
9475
9454
5031
9454
1384
1712
1714
1712
2874
8462
5576
8462
5071
3578
11357
3578
1210
1195
4507
5891
11992
2672
2671
2672
8640
2672
2796
2829
8131
10479
8166
10479
3769
7168
4969
7168
199
9553
5563
7023
5567
7023
6877
3697
3682
3697
12271
10101
1840
2016
2139
2016
5475
11272
3318
3340
4850
6437
10098
3556
3540
3556
1190
1102
963
1116
9339
11359
12508
8831
8364
8831
5483
3495
3486
3495
5486
3495
3645
3654
3652
3654
9843
10756
2814
2813
2438
2813
2921
5804
9621
5804
1733
1726
1732
1726
241
486
9784
11726
9422
9412
1508
1519
5609
7039
2492
7039
10619
3188
10616
3188
6974
3188
4809
3188
10589
3188
9831
10778
2830
2833
2449
2833
11866
8811
1619
1666
1328
1666
1705
1666
12138
11932
12098
11932
12118
11932
3735
6210
3723
6210
9933
9497
8216
9497
11461
10314
8319
4062
3914
3999
1373
1740
1638
1740
9472
9881
8166
7299
4498
7299
5290
5325
10311
5325
9600
12063
12082
12063
2676
2725
10542
2725
11206
7158
8534
7158
4798
7158
1937
2168
1986
2168
2258
2168
4519
4447
4401
4447
4378
4387
10644
4387
10611
4387
3092
9563
5827
9563
10295
11403
19
257
2237
2236
1922
2236
2785
8949
5437
8949
11381
11369
2929
9609
4099
4826
5994
11090
7911
11090
12015
3566
3491
3566
5507
7888
6879
7888
3064
3074
1948
1949
2770
8452
2756
8452
4455
4508
4506
4508
11775
8133
9369
8133
10793
8133
11881
10984
767
717
487
717
10957
9464
2954
2980
11331
2980
3743
7176
9868
8727
2514
5413
2429
5413
10613
11191
12019
4121
5146
4121
5017
8554
1767
1555
3977
7562
2531
6864
2537
6864
316
3406
3418
6103
9182
3158
4478
3008
3010
3007
3010
8072
7206
5745
7206
4035
10453
4013
10453
5594
9579
9029
9579
7102
10132
6961
5988
6960
5988
6959
5988
11899
2311
4078
4965
8740
3104
5374
3104
8714
3104
12347
3104
9762
4456
4454
4456
9677
4456
8192
4456
687
659
740
659
10650
6113
2649
5537
2630
5537
7830
11853
11884
11853
8830
11853
1241
1242
11399
11373
11409
11373
1126
1026
8833
10929
11489
10929
12055
10929
11278
4217
10165
4217
9742
4217
11280
4217
2968
4838
2657
6897
5426
6897
576
853
8721
12330
11392
12330
9401
12330
10276
10808
215
9077
6180
11202
6180
11350
8666
3647
5774
4178
7431
12277
11729
10711
4818
159
220
8702
10747
5375
8066
4305
8066
8754
8066
12418
8066
8312
8066
6002
5183
4293
6025
6359
6025
3024
3022
2979
3022
283
9764
12311
2077
2111
2093
2111
12088
8305
8994
8305
6479
5117
4412
4533
2468
2472
4794
2472
1452
1453
2952
9036
2090
2051
2140
2051
763
805
787
805
5962
5961
6292
5961
6957
5961
5514
7850
9631
7850
4854
11048
4425
11048
5485
5484
8662
5344
3588
5344
4350
4410
73
5929
7318
5902
7318
10617
10086
3975
4018
6156
7636
3555
7636
12216
11107
2878
11107
11343
9296
12178
10555
3187
4083
2794
11556
5051
6673
5220
6673
305
303
1885
2024
2020
2024
4917
6187
3770
6187
9746
10154
5458
10154
5373
10154
9846
10243
9830
10243
7842
5021
12270
12248
942
1081
4233
4246
7035
9582
2847
9582
3276
3859
9213
6946
3111
3150
4201
8532
9771
2744
11738
2744
10196
2744
2731
2744
11707
9179
11277
9179
3541
3765
3755
3765
2525
2526
2518
2526
8992
12086
12095
12086
5453
2461
8541
2461
2448
2461
5451
2461
9783
9760
10208
9760
9319
9760
12262
9760
8243
8242
9117
8242
3215
9717
1421
1770
1681
1770
9450
9868
10932
9868
11157
12089
5729
8434
6167
8434
7098
6321
9189
9163
2134
1978
2097
1978
3397
3399
12025
9028
9222
9209
5041
7583
3904
7583
759
782
912
782
4423
6957
4620
4686
4180
4257
3560
7628
4869
7628
3155
3161
3118
3161
37
12421
12402
9470
12402
10943
12402
10887
12402
2677
5429
2689
5429
1955
2223
1967
2223
126
176
9151
5722
9151
5722
9074
11077
12170
11077
2470
9621
2515
11559
2431
11559
4177
11559
1320
1321
33
110
8314
6703
12173
6703
5061
6417
4122
6417
4343
4380
4383
4380
280
7191
6669
3732
6669
3493
3520
11481
11465
2874
8985
5597
8985
706
653
710
653
121
85
11277
6044
12251
6044
1259
1450
1448
1450
6836
3632
5404
3632
3594
3632
11235
5162
10081
5162
105
3589
11975
8661
11975
10865
11975
2362
9935
9528
9935
7826
9935
11512
9935
2472
7861
2539
2538
2526
2538
4598
5950
11188
4799
154
90
2956
2987
167
2119
10574
8275
157
275
3284
6492
7869
4267
7870
4267
4266
4267
3117
3151
1004
995
953
995
9883
9876
8630
6967
5397
5396
1816
2110
10053
10482
6545
10482
1325
1664
1704
1664
1706
1664
9910
10342
871
594
448
594
2140
2050
3268
3873
3046
11577
11015
11289
4133
5675
12013
9244
4896
9244
5114
9244
8612
9153
9765
9741
11475
9432
2151
1983
10944
12366
9473
12366
2667
2689
10938
9858
8227
9858
2408
2410
4967
3426
9108
3426
4065
4294
4296
4294
6863
7851
5409
7851
2710
5433
8728
11974
9336
11974
9755
12221
3661
6994
6473
7748
3381
7748
3976
5152
6200
7181
4941
7181
3920
3940
3984
3940
2011
2201
1865
2201
1860
2201
4585
4584
5471
4584
8177
7240
9036
7240
8870
2339
8087
10019
4366
10019
5037
10019
4137
10019
4227
10019
4123
10019
3901
10019
2997
10019
7090
10019
2846
10019
7549
10019
4186
10019
10035
10019
3125
10019
2509
10019
4821
10019
5947
10019
5173
10019
5014
10019
5997
10019
5894
10019
2982
10019
4616
10019
5678
10019
4442
10019
5070
10019
4949
10019
12126
10019
6624
10019
3013
10019
2925
10019
10049
10019
4844
10019
4302
10019
4222
10019
5085
10019
4823
10019
10034
10019
4017
10019
7565
10019
5239
10019
4962
10019
3044
10019
6108
10019
9616
10019
5137
10019
5851
10019
3810
10019
4886
10019
5068
10019
3994
10019
4446
10019
3789
10019
5030
10019
4278
10019
2911
10019
3964
10019
2495
10019
6944
10019
9609
10019
4091
10019
3366
10019
6690
10019
5113
10019
3097
10019
10037
10019
3030
5642
6565
7807
4037
7807
8560
4034
8568
4034
2048
2054
2053
2054
1905
1906
8842
10375
10376
10375
4935
4895
4117
4895
3143
6228
4473
6228
12421
11455
11479
11455
8788
11455
2797
2796
2779
2796
3529
6659
3557
6659
4138
7100
8141
7100
2608
2624
2626
2624
895
911
666
911
3945
7777
6526
7777
2609
2620
2619
2620
4653
7327
8390
7327
1394
1641
4545
10565
11196
10405
4956
10405
9934
11847
9931
11847
10950
11847
11319
3438
5053
3438
8668
3438
9782
10197
4598
5951
8586
11224
8586
11224
2860
5592
3312
7534
2261
6832
461
462
5496
3755
9813
3755
5495
3755
12340
3755
1217
1212
4132
6096
4776
5705
9305
9770
3853
8483
6111
8343
5099
8343
8798
12369
9453
12369
8407
12369
1232
1512
1477
1512
8336
7411
5993
7411
11925
11770
465
591
870
591
5728
10164
3843
3903
3793
6812
7615
6812
5070
6236
5137
6236
10991
10887
3266
3869
4421
4529
1066
998
937
998
10982
9906
9503
9906
2604
2610
2589
2610
2894
5623
2505
5623
8098
8099
6323
10415
5184
10415
3733
7660
6191
7660
8186
12297
7097
7962
5985
7962
5897
5224
9161
12178
11225
12178
11226
12178
5443
8954
2829
8954
985
1066
5938
5937
368
619
618
619
364
619
8732
8699
8717
8699
11374
8699
365
366
11221
9060
10119
8239
3786
3825
11611
5588
4450
4565
3020
12192
5822
12038
4356
12038
5444
12038
3091
12038
2784
12038
2649
12038
5607
12038
5061
12038
2597
12038
4255
12038
4594
12038
5582
12038
2585
12038
2919
12038
6023
12038
3146
12038
4330
12038
3038
12038
2630
12038
4607
12038
4676
12038
2874
12038
5026
12038
4674
12038
3071
12038
5597
12038
2690
12038
8494
12038
2488
12038
7404
12038
5568
12038
5576
12038
8482
12038
5432
12038
2659
12038
4632
12038
2544
12038
2605
12038
5612
12038
5436
12038
5428
12038
4636
12038
4861
12038
4888
12038
5672
12038
2838
12038
4122
12038
11950
12038
5560
12038
3011
12038
4524
12038
4457
12038
8046
12038
2680
12038
6094
12038
12231
12038
4497
12038
7962
12038
6270
12038
4440
12038
5059
12038
8495
12038
5887
12038
2900
12038
4661
12038
2506
12038
2570
12038
6143
9979
4872
9979
2036
2038
1850
2038
1854
2038
5479
5715
9258
5715
3436
5715
9768
9736
9349
9736
10783
9736
11738
9736
10196
9736
9303
9736
3197
4887
9879
10323
10333
10323
10835
12370
5380
12370
10273
12370
4427
7401
4529
7401
3651
3649
3593
3649
11
3715
3733
8539
4326
5614
10529
2841
10529
69
1218
70
1218
5
1218
1064
999
1109
999
1061
999
1176
999
1700
1568
1614
1568
1336
1568
10369
9916
2364
9916
11894
9916
9925
9916
3725
7193
12417
8786
9903
8786
1186
1168
984
1168
8170
11769
1372
1660
1691
1660
1712
1660
4449
6270
11695
11673
9680
3913
11231
3913
3858
3913
4005
6802
4995
6802
586
595
872
595
3646
8322
5487
10185
11789
11766
1379
1663
1693
1663
1588
1479
1444
1479
11197
6241
4500
6241
3864
6772
6525
6772
9495
12467
9492
12467
10964
12467
2999
10498
2988
10498
5179
3137
11310
3137
12359
11396
2502
2510
6846
3599
6847
3599
4740
3599
3604
3599
1335
1336
5141
7721
3424
7721
3308
9135
10909
5289
11942
5289
5977
7371
4696
7371
11472
10895
403
710
599
710
624
710
3951
3966
2409
4338
11262
8549
3802
10009
5856
7266
9033
7266
2440
2439
5359
2439
6130
9963
3834
9963
2916
5455
12329
5455
3541
9728
4166
12023
12102
12023
2475
12023
11832
7837
9441
7837
11821
11433
12423
11433
3131
5862
3075
5862
10044
11152
4549
8491
12208
10584
7535
6745
3347
6745
900
757
888
757
3829
7817
8266
7817
2581
2580
2569
2580
10172
3784
8651
3784
9276
3784
9273
3784
4353
10686
12395
11802
8179
9219
6626
6625
12095
12090
10684
9707
6432
4091
10249
10222
11466
11429
9859
11429
10317
11429
10890
9324
12351
9324
10268
9324
5138
9324
1224
1225
1430
1478
4139
4231
4217
4231
9220
3286
10734
2285
2795
6931
2827
6931
5659
4190
9272
4190
10710
4190
11291
4190
12235
9648
8077
7278
3123
7278
10635
3510
6980
3510
5489
3510
8599
3510
9076
5852
9705
3978
10077
3978
10608
3978
9222
3978
9657
3978
8529
11162
11670
11162
2941
11162
9020
7641
12163
11560
12129
11560
5035
11560
3033
3043
3037
3043
9832
10799
9142
6407
10582
6407
11192
6407
3378
6713
7526
6713
3041
7256
5734
6195
3720
6195
4178
5077
592
709
446
709
584
709
3950
3956
2290
6849
3614
6849
2910
9041
833
801
832
801
9801
5465
7109
6348
9064
6348
6347
6348
6489
6488
2622
11542
2611
11542
4961
11542
5933
9953
4688
9953
772
620
402
620
819
804
820
804
1241
1454
1453
1454
9096
9070
9430
9389
8873
9449
9411
9830
3867
3947
6435
8315
6041
8315
6434
8315
4132
5107
2371
2372
4408
12107
5990
12107
9074
12107
2678
12107
2568
12107
4990
12107
12141
12107
8326
12107
8329
12107
2521
12107
9025
12107
4475
12107
5558
12107
5581
12107
4331
12107
12170
12107
3122
12107
8392
12107
2425
12107
2596
12107
8310
12107
3145
12107
5434
12107
12148
12107
2474
12107
2429
12107
2555
12107
2529
12107
5892
12107
12024
12107
4945
12107
4612
12107
3002
12107
12192
12107
2583
12107
2851
12107
2536
12107
9659
12113
2982
7247
9609
7247
4579
4555
9801
4555
3972
11117
3949
11117
4445
7670
4317
10533
34
242
476
477
4222
6377
4278
6377
3582
3729
3727
3729
4894
3480
3470
3480
4684
7308
11637
7308
4215
8964
4252
8964
4417
4420
4359
4420
9340
11344
11005
11484
4270
5048
8136
7591
8385
7591
3976
4008
9470
10339
8115
7952
3012
7952
1374
1569
1369
1569
1712
1569
5264
11872
8890
2276
9078
6260
5220
6260
12078
8223
8224
8223
8998
9598
2994
2995
5158
11021
5201
11021
29
11898
10716
9677
3687
5743
8898
2361
4468
4499
8224
8997
8470
5639
1323
1616
8812
9485
9354
9345
8733
9345
8827
10965
3405
3408
3838
3896
3898
3896
5762
7216
5756
7216
2978
3020
3018
3020
2108
2057
2054
2057
10931
11835
9444
11835
9360
5373
12455
9893
10155
9198
1355
1357
1351
1357
1370
1371
7868
5992
7870
5992
4266
5992
7871
5992
5707
6103
3211
6103
2658
5551
2679
5551
11787
3487
11998
3487
5391
3487
5389
3487
9798
3487
3272
3347
5619
10435
2898
10435
11159
6390
4259
6390
4137
6450
4123
6450
4991
6644
7148
6644
3101
3114
3108
3114
4079
6069
209
62
10224
12329
2917
12329
10226
12329
10742
12329
5324
12329
9350
12329
123
11386
12305
10271
12305
11387
12305
10844
10818
868
580
499
580
2651
8640
10860
10274
9442
8771
4781
8771
4022
8300
5237
8300
8302
8300
8231
4207
4202
4207
12241
4207
10132
4207
9
11576
4747
4101
11183
6198
7934
6982
7934
421
422
11003
8846
2284
8846
10657
4395
10139
4395
10656
4395
4396
4395
11250
4395
11252
4395
489
888
483
888
749
888
794
888
795
888
774
888
6462
8040
7477
8040
8375
9259
8621
2773
2743
2773
9185
2773
12396
10838
8780
4929
5031
4929
12397
9372
5383
9372
11737
11730
9780
11730
3995
4808
7136
4808
3380
4808
3387
4808
5590
4808
3886
4808
3794
4808
6132
4808
8167
4808
5881
4808
5609
4808
3989
4808
5111
4808
3131
4808
6247
4808
3970
4808
3360
4808
4617
4808
4462
4808
6088
4808
2998
4808
3149
4808
3027
4808
3401
4808
3075
4808
3039
4808
7906
4808
2897
4808
5182
4808
5800
4808
4564
4808
5062
4808
6626
4808
6602
4808
3088
4808
5207
4808
5989
4808
8109
4808
6093
4808
4033
4808
2852
4808
6408
4808
7516
4808
4641
4808
6358
4808
6376
4808
2845
4808
5900
4808
5823
4808
6544
4808
4372
4808
4060
4808
2945
4808
4219
4808
4655
4808
4633
4808
5592
4808
2510
4808
4675
4808
12145
4808
5671
4808
5126
4808
2861
4808
2492
4808
7524
4808
3376
4808
4923
4808
5080
7457
4253
7457
4114
4148
10170
4148
12313
4148
8235
12094
8992
12094
12223
9690
10186
9690
5319
2769
2730
2769
983
1182
11147
7446
4221
7446
5966
7386
5971
7386
2947
5814
2984
5814
12378
9402
5338
9402
8592
4778
582
688
462
688
3982
6567
3185
3192
9729
3192
8625
3192
10147
3192
10761
11325
12307
11325
8133
11325
95
8857
2786
2803
2804
2803
325
4132
4177
1132
984
3182
4756
3236
4756
3055
5834
46
330
2818
2855
2824
2855
5303
12326
8732
12326
10876
10304
11503
8801
4788
8801
2996
6220
3012
6220
10123
9619
10606
9619
11195
9619
4194
4984
3227
6461
9184
3540
5724
3540
3504
3540
4974
3540
3279
3356
2822
7892
2494
7892
226
3886
6594
6602
6594
4822
6073
5032
6073
9245
12261
5300
11413
3453
5191
8495
6885
2570
6885
11732
5403
8350
5403
11981
5403
9290
5403
1724
1438
1604
1438
12392
10826
4397
4518
6952
4518
3187
5090
8152
8155
3372
3378
12507
12494
1191
1090
973
1090
2141
2055
2054
2055
9322
5369
3417
11134
4972
11134
9549
2287
12447
12419
4957
4766
9270
10149
5020
7983
5077
7983
1132
983
7882
3271
3222
3271
3278
3271
3344
3271
3848
3844
9235
3844
11901
10920
10997
8118
511
512
794
498
9722
2865
2867
2865
9751
2865
8616
2865
2019
2027
2105
2027
3263
6696
4069
6696
2675
8404
9298
9273
2733
2759
5667
4910
283
8867
3683
8718
8749
8718
11413
8718
12014
10740
4030
6557
5242
6557
10564
10027
2742
5245
11474
11820
11828
11820
2375
11820
7875
7105
6001
7105
10166
10671
12221
10671
10168
10671
1438
1439
3440
8585
11658
11646
88
5272
8660
5359
10704
5359
12373
5359
5358
5359
5357
5359
9341
5359
3852
6126
1280
1281
4504
8165
1499
1747
1764
1747
5033
6451
4084
6451
2393
2587
11752
2587
2394
2587
1807
1808
160
268
190
8894
2640
5550
2658
5550
9542
9535
5455
2938
2915
2938
3280
3366
7569
6789
4014
6789
5919
10111
2727
5561
4921
10519
3811
10519
12348
11312
11756
11312
9821
11312
1755
1547
4387
4440
80
44
5702
5700
6080
7494
6436
7494
4254
6059
5079
6059
8097
4933
12496
11834
8847
11834
11918
10955
11443
11783
2848
7042
5605
7042
9721
4627
4554
4627
2758
11649
66
5302
3617
3618
7838
3618
7839
3618
5348
3618
2685
2712
10112
2712
11681
2712
6854
2712
10187
2446
2444
2446
9248
2446
5311
2300
3670
3685
3686
3685
5465
9269
5465
9269
7138
6546
12139
6546
3452
6138
971
1127
3147
9982
4458
9982
5213
7075
5831
7075
12003
10701
1877
2025
2009
2025
2024
2025
3426
6724
3416
6724
9611
12095
5448
12095
12133
7467
4176
7467
10532
8374
11589
8374
2713
9303
5144
4880
6425
10400
7996
10400
2908
2926
7131
7130
9314
12304
497
579
857
579
8870
2338
9851
12416
10867
12416
2373
4711
9536
4711
10915
4711
926
1201
4481
5883
3641
8932
12269
3301
10677
3301
10175
3301
10699
3301
10169
3301
12311
3301
891
775
500
775
5303
9336
8717
9336
3918
4004
12039
8723
4970
8968
9815
11348
9402
11348
8198
11488
9916
11488
11998
5044
11197
7304
4683
7304
2503
8137
8602
11195
3250
3322
2521
5417
2529
5417
9105
4443
8546
4443
9089
4443
5652
4383
4362
4383
2710
2721
2925
5799
2911
5799
9427
11407
12435
11407
8210
9567
3997
9567
9827
5492
10277
5492
9621
10446
6868
10446
10552
10386
3811
10386
3543
6162
9407
10852
11428
10852
11426
10852
4075
4110
312
388
4951
4950
9497
12464
10961
12464
304
631
9934
9493
9509
9493
9932
9493
45
8829
8815
8823
8815
8823
8815
4849
11523
2561
11523
2571
11523
2834
2837
2808
2837
1303
1304
1845
1846
8787
9885
8286
9885
1781
1782
1775
1782
562
563
5025
5321
5025
5321
5297
11961
9465
11961
9464
11961
4867
3491
6981
3491
6814
8835
6527
9594
11602
9594
5263
2333
2439
2817
2819
2817
3197
6429
3923
7580
6124
7580
10686
11691
100
50
272
50
247
50
355
50
256
50
317
50
118
50
249
50
251
50
227
50
358
50
306
50
354
50
352
50
112
50
297
50
332
50
336
50
342
50
326
50
357
50
320
50
216
50
276
50
346
50
292
50
359
50
262
50
300
50
61
50
266
50
228
50
314
50
353
50
349
50
351
50
356
50
260
50
347
50
338
50
334
50
343
50
340
50
323
50
213
50
258
50
41
50
350
50
345
50
264
50
220
50
303
50
275
50
330
50
268
50
218
50
253
50
287
50
274
50
270
50
291
50
311
50
344
50
289
50
348
50
11352
4722
4088
4722
4879
6619
3462
6619
1608
1306
3169
5686
5681
5686
3224
5686
4824
5686
9365
2962
12042
2962
12312
2962
4373
7435
12179
9644
9092
9644
10671
10639
4179
5187
3810
7610
3789
7610
10279
10743
5353
9328
3010
3099
5062
6021
6376
6021
2645
2660
8778
12398
6827
12398
2654
6893
2641
6893
2405
12490
8844
12490
9064
4213
7108
4213
4208
4213
12219
11260
12215
11538
2491
11538
765
634
579
634
1040
967
934
967
924
967
9873
12372
9874
12372
9876
12372
3453
3788
9555
10216
3241
3239
3184
3239
3188
4080
3371
6484
4205
6344
5018
6690
11652
6690
8502
6690
2841
10457
5580
10457
3318
4961
598
858
12357
11377
10862
11377
12056
11377
11590
5533
102
4006
6117
10202
4125
4802
4125
10160
4125
10200
4125
5680
4125
9786
4125
1976
2258
9356
12005
9812
12005
9733
3974
11237
3974
3959
3974
10623
3974
3125
7274
5173
7274
10669
8593
10685
8593
158
218
10178
11270
11289
11270
1308
1634
1610
1634
1613
1634
3053
10042
4588
4705
27
253
3314
3315
9051
11607
2800
11613
3976
5096
8107
2282
1062
1213
1128
1213
1180
1213
938
1213
8121
8480
2597
5529
2605
5529
991
1048
1118
1048
9597
10494
2593
2591
2580
2591
10244
9317
2953
2952
2938
2952
3369
7519
2651
2670
2652
2670
7830
11870
7828
11870
7829
11870
7827
11870
11336
10715
3067
5236
1246
1247
12511
2386
1727
1490
8278
3223
8739
3223
10247
3223
6874
3223
325
324
4909
10588
8527
10588
4910
10588
1950
2206
2256
2206
3196
7995
1769
1422
1410
1422
444
445
10954
10937
5143
12004
8307
12004
5477
12004
10250
12004
4759
12004
8398
12004
10687
10130
5008
10467
3332
10467
7835
12432
9493
12432
9289
9221
10718
9221
4111
9221
10720
9221
3436
9724
3518
3543
3542
3543
4587
4951
5065
7400
4427
7400
2035
2039
1855
2039
9082
4592
8238
4592
9083
4592
4276
4282
4115
4282
8695
11747
320
2294
12182
10623
4959
9006
5635
9006
8131
9006
5830
9006
6323
9006
5105
9006
4376
9006
9040
9006
5931
9006
3045
9006
3391
9006
3026
9006
6037
9006
3790
9006
6143
9006
3337
9006
3550
9006
4964
9006
5041
9006
5060
9006
3872
9006
3927
9006
6430
9006
4708
9006
4325
9006
3365
9006
8166
9006
3565
9006
7921
9006
8320
9006
4498
9006
5049
9006
3830
9006
6472
9006
4528
9006
5972
9006
3904
9006
5184
9006
5020
9006
6483
9006
4459
9006
3967
9006
4039
9006
5798
9006
2989
9006
8085
9006
4872
9006
6437
9006
4826
9006
3150
9006
4686
9006
3520
9006
5077
9006
4004
9006
5096
9006
3129
9006
11948
9006
4561
9006
4862
9006
5241
9006
9038
9006
4615
9006
3805
9006
4942
9006
4975
9006
5212
9006
4280
4334
5260
9546
8528
6982
9689
10075
9689
10075
444
447
11713
3693
6877
3693
11265
3693
12261
3693
2628
11590
9630
8976
5615
8976
12234
10105
4496
4642
2805
7027
2828
7027
5798
9557
9038
9557
9687
5584
10058
5584
10177
9696
156
9637
6152
8371
6152
9636
6152
9858
10862
11232
6433
8303
6433
11706
6433
5169
8958
5021
8286
10951
8286
8612
5228
4806
5228
216
1493
4557
5895
3497
7149
2374
2375
3879
6535
10014
12060
2628
2641
4906
8043
6465
8043
11350
9789
11781
9789
11768
9789
11366
9789
5665
9789
7113
7111
12012
8510
1023
1045
1129
1045
8262
8919
1637
1717
1731
1717
5206
6396
5151
6396
9502
12481
8814
12481
2360
12481
6856
8643
6856
8643
8723
12042
8723
12042
3891
3890
3822
3890
11698
11241
4603
4675
8769
8739
9406
8739
8762
8739
9435
8739
5385
8739
9778
8192
88
3267
12145
9055
10550
8264
7803
4045
7803
3613
3614
2292
3614
11517
10371
5326
10371
11511
10371
10847
4891
5337
4891
5004
4891
11402
4891
11457
11451
10924
11451
6691
7769
3381
7769
3600
3630
2130
1941
1490
1702
4531
11126
6272
11126
2746
5437
11186
7855
5427
7855
278
757
884
12505
12497
12499
12497
2392
12497
7476
7498
6090
7498
3767
7185
5185
7185
8676
9772
8676
9772
1498
1408
34
108
8859
9516
11668
8356
11218
8356
10081
8356
5673
5671
2472
2892
11348
9745
3698
5740
9206
9157
47
287
1820
1823
1808
1809
4283
6963
3156
3155
3116
3155
9146
8378
10800
4263
12337
4263
11766
4263
10806
4263
8716
4263
162
77
2497
2504
2239
2097
9237
5920
6689
6728
3423
6728
409
410
9140
4309
4274
4309
11245
4309
10143
4309
3213
3877
3878
3877
9244
3877
1013
954
308
307
11404
10266
10285
10266
5508
7009
5511
7009
5261
11919
6136
6134
4206
4279
3846
3907
10988
10883
12361
8714
3495
6979
941
1151
932
1151
12509
11916
4347
4352
4295
4352
12315
8408
4467
8408
12248
8408
549
550
6166
8020
6180
8020
5668
8530
304
2095
216
666
11697
3751
3546
3751
10164
3751
11517
8114
1820
1821
10689
3848
3849
3848
12336
3848
12310
3848
8231
9146
9180
9146
10132
9146
10610
11667
3214
5701
8389
11997
10331
11997
12384
11997
7863
8487
8252
8347
8815
8347
3342
11138
3367
11138
12188
7415
4324
7415
1205
1198
9801
10193
185
8898
10779
9802
2914
2934
4839
2934
8080
5955
4193
4196
5568
6916
5436
6916
1267
1268
9265
12334
10676
3300
12237
3300
33
4407
11059
6295
11059
3117
11594
10187
10700
1202
1072
5125
7323
8310
7323
3412
6736
6491
6736
12190
6312
6282
6312
9555
12512
3035
3040
12185
7773
8333
7773
10596
10561
9065
10561
10591
10561
3100
10401
12427
10308
12440
10308
9191
9112
4632
7339
4661
7339
3209
5180
7883
5180
7884
5180
10055
3761
5859
5838
9063
5838
9632
5838
535
843
866
843
11394
2421
9328
2421
1939
1940
1744
1743
1391
1743
8277
10247
8355
7712
4988
7712
9358
5025
6185
6183
11944
4774
1783
1784
4418
4362
12320
4362
10779
4362
11359
4362
5819
5818
10928
11829
10337
11829
9447
11829
6831
6830
263
549
4475
11069
3145
11069
2936
11595
3369
3374
5470
4514
10283
11390
11457
11450
10924
11450
8341
6677
8105
6677
916
1177
5606
10551
5969
11103
5965
11103
9395
4087
111
10992
10231
11753
10744
4537
5471
4537
3405
5113
3802
6598
8302
8301
9781
12335
1263
1269
1267
1269
12334
8616
4546
5965
9766
7926
5714
7926
8140
7926
9753
7926
2065
2136
1852
1853
3231
4988
8877
2377
3120
3118
10144
3118
11692
3118
10154
3118
3524
6648
12146
6648
3002
5826
12192
5826
7866
7865
9521
9931
1497
1409
1535
1525
1575
1525
4820
8800
2958
2983
11655
8271
5762
7222
3668
7222
3392
6707
7521
6707
3203
9194
5016
9194
4100
6413
9123
9625
9132
9625
3894
3922
3790
11073
3805
11073
290
1820
5919
12144
3421
7759
6495
7759
6529
3404
3403
3404
11480
11461
11839
11461
2882
8981
5594
8981
4129
4144
12281
11220
4179
4253
9097
4804
6954
6953
9432
11826
4801
3165
8295
3165
5205
3165
4841
3165
10861
10834
5375
10256
10287
10256
10893
9849
9861
9849
10895
9849
288
409
10959
9430
8805
9430
1198
953
5730
9167
3705
7938
5746
7938
9161
6325
11242
6325
11226
6325
8367
8366
12040
9713
10163
9713
8844
9713
9888
10278
9877
10278
5727
3750
3546
3750
10845
10814
10278
10814
3582
3716
3679
3716
8095
7587
3837
7587
2435
5210
2433
5210
4195
5073
10632
5073
3726
6191
1326
1327
3083
3129
8173
5461
8120
5461
11767
5461
11769
5461
2699
9045
10189
3108
5179
3108
9280
3108
11733
3108
2469
2477
10629
2477
4912
2477
8576
2477
8526
5984
8497
5984
4797
5984
7189
9957
5052
9957
1959
2249
2254
2249
12242
8576
4076
6090
5028
6369
12121
6369
3159
4474
939
940
6480
3414
12206
3414
1386
1387
4256
6403
10588
6403
6158
7645
6168
7645
2499
6868
4934
6717
7519
6717
9707
8558
1892
1893
2963
3047
2962
3047
2125
1948
4408
7672
8326
7672
9942
7829
2349
7829
12348
12275
9821
12275
4667
4814
4215
4235
12238
11210
3457
3462
9057
12151
2789
6935
5447
6935
746
738
457
738
452
738
3640
5778
10626
9669
4559
5220
1203
1017
3448
9072
3455
9072
11466
10804
9230
3706
10146
3706
9231
3706
5500
3706
4865
6621
5106
6621
8508
4095
3199
4095
9408
4834
3669
5756
11012
12485
5055
8340
12181
8340
11281
9703
3694
5747
515
817
861
817
4320
11025
4365
11025
612
613
608
613
211
341
2320
2321
11693
9673
5894
7086
9616
7086
10899
10318
11463
10318
2763
2790
8233
8993
2577
9102
11713
3676
3655
3676
12261
3676
10810
10774
9211
3184
8396
3184
3175
3184
8399
3184
2837
11180
2933
5808
9456
11830
753
903
907
903
6852
2552
11748
2552
2283
2552
4629
5929
3663
3658
5403
3658
9005
2991
2936
2991
8346
7702
4870
7702
4347
12011
1403
1585
1750
1585
12470
8227
8354
8227
4214
6373
4248
6373
3006
3056
3005
3056
257
536
1381
1382
10301
12353
3323
6760
3873
6760
10021
10537
4882
11113
7538
11113
108
10988
8353
9468
1880
1881
3907
7595
6590
7595
4505
4504
4471
4504
12008
11682
2414
11735
10809
7884
3937
6582
3993
6582
3076
3078
3047
3078
9215
5450
9722
5450
2445
5450
8616
5450
5337
5390
5004
5390
3229
5069
2702
8606
2339
9946
8577
5103
8577
5103
9337
4992
6147
7154
5725
7154
5809
7243
11162
7243
149
4604
8311
4501
4551
10211
4551
3062
11948
6105
3943
9107
3943
8195
3943
9112
3943
7566
8418
4056
8418
467
468
7864
5880
3143
5880
122
84
3782
8010
3460
8010
3653
3668
6116
3917
3919
3917
9445
5138
10868
5138
10301
5138
10859
5138
3734
7197
5740
7197
7844
8704
6852
2562
2284
2562
12498
2562
5280
2562
5712
5711
255
528
4982
7405
4939
7405
153
274
4714
10327
4714
10327
5138
4883
1201
927
104
2219
2252
10089
3737
5730
3737
3714
3737
6361
8104
8095
8104
4644
8104
10048
8104
4393
8104
4904
8104
3837
8104
3992
8104
6345
8104
6198
8104
5674
8104
4532
8104
3701
8104
6196
8104
3529
8104
6110
8104
7142
8104
8160
8104
4735
8104
3973
8104
6165
8104
6118
8104
4327
8104
6368
8104
4431
8104
3557
8104
4687
8104
6407
8104
4705
8104
6982
8104
4602
5933
203
8882
6434
5059
6040
5059
5918
4700
10111
4700
6953
4700
2708
6906
2721
6906
3819
3821
3783
3821
4448
4561
7842
9476
8284
9476
9353
9812
9353
9812
1278
1597
1437
1597
3776
7164
4889
7164
4573
6302
7093
6302
5127
5627
2901
5627
8867
11883
3351
6770
3868
6770
4534
10411
4430
10411
12277
3066
6869
3066
9190
3066
3492
3574
9312
11734
9312
11734
9844
9832
10851
9832
10861
9832
9853
9832
12463
9458
11955
9458
4260
6359
1692
1676
1695
1676
1362
1676
11978
11437
4182
5126
1752
1472
1713
1472
1395
1472
6477
8188
12184
8188
5181
8188
12207
8188
5009
8188
12195
8188
12194
8188
4998
8188
8313
8188
5101
8188
8395
8188
8177
8188
5578
8188
8355
8188
8327
8188
4465
8188
12188
8188
5572
8188
2793
8188
4672
8188
12114
8188
12209
8188
8381
8188
2892
8188
6063
8188
4447
6272
3354
6741
11266
8568
9195
8568
4955
8568
2546
8495
10690
6858
6571
7813
6806
7813
3603
3604
5310
3604
4439
4550
4558
4550
5132
7482
6063
7482
5931
7342
4686
7342
10905
10891
11913
10891
2375
10891
10379
9506
9519
9506
8863
9506
1888
2012
2149
2012
42
2152
1781
2076
2075
2076
1776
2076
1406
1762
1747
1762
12480
7833
10997
7833
597
726
422
726
589
726
8590
5451
7913
9967
6295
9967
11229
6876
1012
932
5721
10100
1394
1395
10113
9659
8549
9659
520
523
4303
8074
2869
2888
12249
2888
3653
5766
11193
11563
10055
11563
3099
11563
3421
7725
5083
7725
3920
9131
1879
1880
11334
9290
12326
9290
9081
7375
9080
7375
4346
4319
8703
4319
3167
10181
10
11920
9838
10240
4682
6245
10032
6245
11755
8674
5569
7019
5558
7019
9710
3452
5718
3452
11248
3452
11703
3452
10596
3133
10591
3133
3134
3133
10615
3133
11168
9994
11578
9994
2403
2404
8667
12274
5155
5910
4592
5910
5287
11921
4220
7980
7916
7980
2573
2583
8248
12208
8247
12208
12255
12208
607
683
387
683
391
683
10631
11228
127
214
3186
6455
1768
1765
1422
1765
3241
3242
3186
3242
5266
9531
3433
3434
3428
3434
11619
11589
10145
10115
10638
10115
10639
10115
3174
8399
8621
10642
4780
8581
4780
8581
218
1494
1919
1922
2459
2475
3493
3522
3479
4862
341
441
11813
9360
3165
8161
395
396
2626
2628
2610
2628
4020
4026
3932
4026
3666
8909
3207
9277
10774
9277
10254
9277
2778
8520
328
678
752
2255
2225
1956
2225
52
11866
3868
6553
6109
6553
11928
10023
1786
1787
12020
10168
5050
7479
5107
7479
12072
12059
3464
5241
5269
8863
4435
10675
4188
7101
1738
1630
1703
1630
5960
6289
5984
6289
1125
1165
1184
1165
1121
1165
959
1165
7916
7987
5175
7987
1845
2189
2234
2189
7878
11717
11302
11703
3274
3275
3270
7538
2825
2861
4116
4159
11340
4159
11760
4159
9318
4159
8248
2850
12283
2850
8247
2850
209
339
3081
5887
9200
11236
11684
11236
1612
1633
1753
1633
7152
8022
8344
8022
10886
9854
9872
4715
10853
4715
9892
4715
1841
1842
1117
1051
930
1051
975
1051
931
1051
9268
9248
12225
3305
6460
3305
11965
2636
7825
2636
2635
2636
2421
2636
2361
11869
3580
3681
3581
3681
8261
7509
8332
7509
293
1785
9428
12056
9018
7071
3040
7071
9552
10705
318
360
5271
5270
11345
8622
11286
8622
9745
8622
180
8879
5480
9307
4010
11096
4038
11096
941
1049
932
1049
5204
7463
5150
7463
10110
10592
231
444
3759
8150
8102
8150
3767
8150
8006
8150
4931
8150
4030
8150
5185
8150
6457
8150
7566
8150
5507
8150
3705
8150
3642
8150
6466
8150
5504
8150
6326
8150
3688
8150
4882
8150
12135
8150
5045
8150
7099
8150
12147
8150
6995
8150
6481
8150
5742
8150
5761
8150
4021
8150
5737
8150
5746
8150
8119
8150
3363
8150
3500
8150
5242
8150
6879
8150
3667
8150
5510
8150
6155
8150
3532
8150
6569
8150
3708
8150
3733
8150
6162
8150
6183
8150
6191
8150
7538
8150
5505
8150
4463
6224
3142
6224
5274
10951
2464
2486
9794
2486
9323
2486
12365
2486
9373
12347
4810
4038
11664
4038
6573
4038
4599
4623
9203
4623
3326
7526
6166
9016
5088
9016
4573
9016
4068
9016
12037
9016
5916
9016
4229
9016
6154
9016
7530
9016
8135
9016
5029
9016
3422
9016
9054
9016
4635
9016
4321
9016
4044
9016
3350
9016
8174
9016
3937
9016
4681
9016
3523
9016
3730
9016
6036
9016
8149
9016
5930
9016
9048
9016
4367
9016
5036
9016
4433
9016
8147
9016
3533
9016
6125
9016
3297
9016
7093
9016
3736
9016
5211
9016
4009
9016
3262
9016
12157
9016
8486
9016
5995
9016
6426
9016
4670
9016
6438
9016
4865
9016
7961
9016
6597
9016
3152
9016
5104
9016
5074
9016
5106
9016
3864
9016
5002
9016
5960
9016
6525
9016
6353
9016
3068
9016
6180
9016
4499
9016
5191
9016
5090
9016
5984
9016
3742
9016
3993
9016
3558
9016
5067
9016
3835
9016
6866
5565
2691
5565
4553
4588
4587
4588
2591
11586
6467
7744
3390
7744
3646
6998
151
4267
4298
4938
4937
4938
4937
4341
4391
10109
2777
7840
2777
2778
2777
5802
8930
2948
8930
6137
7620
12028
7620
277
5260
1774
2094
1465
1542
1219
1542
6143
7624
3520
7624
7133
7132
10863
11772
3995
6579
3989
6579
5149
7453
6368
7453
730
906
574
906
4102
4169
4508
4639
728
635
717
635
8735
10206
9791
10206
5138
10206
10758
10206
2696
11627
8901
8775
342
1300
4813
9024
4813
9024
9068
3792
10300
11798
8779
9864
12379
9864
4997
9864
9124
4203
11238
4203
4190
4203
6627
8438
3793
8438
1254
1255
11201
11187
9643
11187
11151
4743
3485
3483
9145
3483
10072
3483
9653
3483
3308
3343
12012
3343
1923
2192
1993
2192
11580
5555
3876
6107
1617
1611
1300
1611
2415
2534
5278
2534
10697
2534
2533
2534
4460
10431
5885
10431
11818
8742
10884
8742
6049
6048
8720
9341
5322
9341
8726
9341
5276
9481
11859
10961
900
771
7909
4422
4361
4422
4845
4422
4785
5377
11846
9897
10962
9897
5411
6881
5410
6881
12458
11492
155
270
9602
12077
9423
10299
5347
5407
3622
5407
11904
10950
3977
4014
5327
9370
4789
8151
10193
8151
796
774
523
774
5224
7314
4705
7314
1983
2178
1898
2178
4292
12232
4224
4852
9163
9089
4077
4120
3147
11044
3123
11044
3612
5348
2295
5348
11787
5488
5391
5488
5389
5488
2084
1979
1918
1979
1978
1979
3238
6465
11168
8426
7780
8426
8492
12137
20
265
317
1219
5787
10039
10883
11417
4211
7689
6356
7689
4137
6077
5678
6077
4230
5195
344
1303
5308
10722
12018
4173
6032
4173
4112
4173
26
11902
166
2118
2817
2851
113
1963
2152
1963
5682
10176
9773
10176
10708
10176
5215
10176
11739
10176
5684
10176
9501
8805
12473
8805
2736
2748
2745
2748
3809
6609
5153
6609
4022
7796
4947
7796
9311
2807
9266
2807
90
8853
8759
2433
12442
2433
11967
2433
12434
2433
10727
11321
3963
6563
4902
6563
11299
10158
10698
10158
11726
10158
472
590
854
590
468
590
3190
8681
2712
10542
1511
1484
1518
1484
9295
2484
2480
2484
8201
8200
10199
10174
10199
10174
4134
11283
5134
4307
9195
3879
4955
3879
3877
3879
2299
3622
3609
3622
12456
9925
10371
9925
2522
2528
2526
2528
3605
7007
3630
7007
2664
2683
2670
2683
2950
8081
8833
11957
11507
11957
8836
11957
8832
11957
8840
11957
12011
9159
3619
9631
8634
6948
4044
7794
4009
7794
4284
9780
11999
12084
4230
4248
8867
2350
134
425
715
597
715
10162
4016
3944
4016
10638
4016
10639
4016
2748
5439
9743
5732
5498
5732
2471
2900
11163
7316
5912
7316
11688
10088
9638
10013
12130
7638
3568
7638
9488
12401
12426
12401
9316
9298
4502
5912
1856
1858
2461
2492
4663
8424
5970
8424
4892
6653
6141
6653
5036
7767
5002
7767
3790
11046
4975
11046
11663
10575
2931
9038
2725
11554
10045
6331
4299
6331
2527
2536
3583
3581
3577
3581
11876
10365
9939
10365
10373
10365
11232
10605
8303
10605
11679
10605
1713
1698
1396
1698
3889
11057
6128
11057
10622
8522
5241
8012
4975
8012
8110
5291
2366
5291
4347
4360
9747
4360
8648
4360
9719
4360
917
919
8650
11708
1447
1448
1438
1448
9023
8255
4549
4615
1082
1080
8289
5031
11987
5031
4666
4688
4863
7626
3576
7626
10262
9810
10794
5665
112
678
723
678
12381
12365
3213
12217
3066
12203
3289
3292
8230
8489
4128
8349
10202
10692
10200
10692
11315
10692
1194
994
11313
4277
12303
4277
10218
4277
3853
3909
8145
9026
12100
9026
3439
6977
9761
6977
10199
6977
10174
6977
9889
9866
10328
9866
3024
3032
3037
3032
4415
4523
4530
6320
5133
6320
3862
3863
10736
10204
10930
12312
10345
12312
9338
12312
10933
12312
2401
11976
2399
11976
2393
11976
4422
4539
5323
5172
375
625
2146
2147
2129
2147
1256
1449
1439
1449
1448
1449
8283
9120
7872
7871
6002
6001
9082
11637
9083
11637
8237
11637
3130
6226
3141
6226
9645
8265
12445
12443
2006
2007
2085
2007
1984
2007
5449
2798
2797
2798
12459
10355
4409
11067
4365
11067
6470
7746
3305
7746
5141
7720
3418
7720
11872
6822
6686
7524
8493
7524
10604
7524
1062
1154
1128
1154
938
1154
4315
4370
2669
9014
4563
6679
4533
6679
4085
4089
3181
4089
9469
11475
11835
11442
10849
11382
10894
11382
11408
11382
1694
1574
1353
1574
10141
11234
9693
11234
9864
9856
333
1828
10835
3171
5380
3171
3172
3171
10273
3171
1196
993
10860
10249
12483
11000
9938
11000
9675
3853
9701
3853
8553
3853
3857
3853
10724
3428
11327
3428
11349
3428
9307
3428
10285
3428
10776
3428
11458
12364
11462
12364
12400
12364
10917
12429
8365
11094
8675
5398
9454
9878
4275
5655
11758
5655
3953
9173
5125
7337
4688
7337
2606
2634
11784
10781
3446
3805
5144
5145
11962
5145
3235
3393
963
1126
5879
6238
4477
6238
10660
9169
318
1774
3515
3775
4016
12127
848
839
544
839
10531
12085
9926
9908
11499
9908
2274
9908
5334
8792
6542
4024
8149
7589
3835
7589
4543
9203
9721
9203
9137
6098
3899
3930
7926
3930
2422
9391
433
589
586
589
5771
7230
5767
7230
11365
12222
11731
12222
10238
12222
12013
12222
4896
12222
12355
12222
3203
3201
7881
3201
2549
5423
2555
5423
10353
9847
6845
9847
11497
9847
4486
4481
3134
4481
4291
4341
4336
4341
3437
3436
4938
3436
8704
3436
4937
3436
1187
1173
45
291
6469
6709
12173
6709
9143
11212
1434
1537
1596
1537
1299
1537
11509
11505
2734
11555
2741
11555
4036
11555
9453
9422
8241
9422
6482
7757
3359
7757
7171
6663
3772
6663
81
1901
2005
2003
2005
6860
5515
6861
5515
5406
5515
11847
11979
9223
5202
4147
5202
2123
2145
2144
2145
12356
11793
3725
3742
9013
7901
10033
7901
4582
5971
5467
4793
8218
4793
8066
4793
10768
4793
313
311
2441
2455
2443
2455
6428
6427
2808
2819
2444
2819
3662
5764
9837
12358
8737
12358
1376
1377
1536
1523
1581
1523
5153
6617
5188
6617
5591
7033
8222
7545
8609
7545
8393
7545
10320
11814
12425
8076
8766
8076
3270
3330
8669
8658
1018
989
1198
989
8692
5500
4987
5500
4986
5500
3656
5500
2212
2211
1798
2211
2199
2211
1804
2211
2833
2839
6536
9996
4011
9996
1836
1837
2088
2230
2060
2230
5893
7293
5882
7293
4154
4942
10220
8676
9347
8676
9803
8676
6971
4102
4073
4102
5163
4102
6969
4102
81
344
8817
10860
11934
10860
10970
10860
8772
10860
10361
10860
10849
11943
10894
11943
11408
11943
3538
6170
3554
6170
3978
3993
12206
8058
7534
8058
2509
5797
2911
5797
7565
9569
3994
9569
9860
11409
10877
11409
9547
11409
11939
6511
8561
6511
7617
4975
9147
4975
6134
4975
12300
12287
882
608
5510
3606
400
602
600
602
10052
10051
10052
10051
4899
6521
7137
6521
2740
8943
5561
8943
9363
11363
4559
9603
5938
9603
5072
5124
6873
5124
8512
4730
8736
6874
3992
7572
4051
7572
3751
8139
1912
1915
11719
2413
9737
2413
8615
4468
9183
4468
5645
4468
2529
5419
2536
5419
2930
2941
10166
12182
12221
12182
10168
12182
860
697
507
697
10374
9504
1885
2218
1872
2218
12041
11015
11711
2970
2961
2970
9278
2970
5364
2970
4728
7166
3776
7166
5299
11840
9915
9474
9921
9474
7825
2652
9321
2652
9800
2652
2421
2652
3906
7602
4995
7602
5427
6904
5433
6904
606
743
601
743
396
743
1295
1575
1596
1575
1550
1575
250
1917
3552
3558
9247
11252
296
494
816
857
816
578
816
1215
1012
1079
1006
6537
9573
4052
9573
3072
10459
3128
10459
9374
11379
11415
11379
4042
4045
4193
5005
5459
3064
3028
3064
10136
3064
11683
3064
3492
3576
3851
6119
11429
10285
11333
12310
5468
10768
448
585
583
585
174
200
4367
6682
7961
6682
8713
8706
8713
8706
3203
4072
4067
4072
9529
10923
6142
6141
1613
1332
9687
9095
9539
12468
2376
12468
8802
12468
10360
12468
4630
4651
719
806
816
806
3240
3237
3184
3237
1834
1835
9440
12435
10902
12435
11830
12435
1791
1792
1631
1684
1417
1684
8087
8106
4366
8106
5037
8106
4123
8106
3901
8106
2997
8106
3125
8106
5947
8106
5894
8106
2982
8106
4616
8106
5678
8106
5070
8106
3013
8106
2925
8106
4844
8106
5085
8106
4823
8106
4017
8106
7565
8106
4962
8106
3044
8106
5137
8106
3810
8106
3994
8106
4446
8106
3789
8106
5030
8106
3964
8106
2495
8106
4091
8106
10037
8106
4601
10637
1345
1346
222
195
1391
1392
6404
7695
7995
7695
9314
5189
4263
5189
3437
9235
10689
9235
12336
9235
12310
9235
5361
11725
5361
11725
1620
1520
41
1520
3053
3097
2631
11651
2813
5611
8565
7178
10089
7178
9167
7178
3324
10469
3331
10469
1214
937
1201
937
10588
10050
4232
6035
3670
11262
4472
4506
8408
4506
250
518
61
664
5999
7421
6352
7421
7537
11568
3356
11568
3006
3054
10116
3054
30
4662
10503
8311
10503
2940
2960
8686
2960
10164
7156
10640
2406
4312
6295
8079
8472
9487
10939
9491
10939
11926
4828
8818
4828
11858
4828
3491
3568
5504
7886
6995
7886
15
25
3738
8604
2353
9944
2628
2662
10539
2662
1793
1796
5053
9319
3159
7084
2596
5527
2583
5527
5480
10776
3672
3674
3664
3674
1457
1461
1244
1461
1465
1467
1220
1467
11317
11724
11317
11724
3988
6791
4008
6791
10131
10122
3846
8385
9012
8445
6490
8445
9626
8445
10043
8445
4859
8445
10036
8445
10038
8445
4684
8445
5162
8445
4474
8445
9109
7517
4973
12100
4969
12100
5051
12100
5736
12100
8336
12100
5222
12100
4049
12100
6588
12100
9078
12100
4906
12100
12155
12100
3804
12100
6148
12100
6139
12100
3998
12100
6993
12100
5725
12100
9061
12100
3567
12100
4247
12100
3666
12100
4008
12100
3378
12100
5220
12100
4700
12100
4370
12100
3775
12100
5764
12100
7178
12100
4554
4600
10167
4600
9079
7392
4392
7392
10296
10841
8735
10758
8735
10758
4619
4661
4127
4131
8569
4131
3177
3186
3176
3186
3702
6990
2301
2302
1745
1556
11285
4290
6961
4290
6960
4290
6959
4290
4630
4650
4353
4816
5386
8123
4716
8123
5387
8123
11997
10870
8719
8068
3545
6160
11993
8737
10892
8737
2916
2915
2486
2915
1740
1602
436
716
440
716
594
716
1330
1675
1702
1675
11897
11888
9534
11888
11345
9787
10267
9787
9387
9787
11348
9787
11798
9787
4156
4836
3692
5754
5802
8917
2893
8917
10212
8668
2720
2735
9736
2735
10283
10806
3700
3704
10936
11815
4294
5986
1277
1444
1711
1444
67
289
2447
2457
2446
2457
3024
8574
11848
5335
10950
5335
238
473
9215
2823
2445
2823
12334
2823
3157
4458
3468
7147
1696
1665
1393
1665
4296
8215
3353
11931
3275
11931
8521
8502
522
825
849
825
843
825
79
10666
3882
12205
3882
11709
3882
3878
3882
9259
3882
11708
3882
5579
7029
2848
7029
5607
9559
5612
9559
527
533
531
533
3871
10473
5008
10473
486
487
921
922
5255
11353
8259
7208
3709
7208
5293
8821
9524
8821
2274
8821
3239
3416
3132
4476
9700
10061
9095
10061
310
309
734
661
694
661
10879
8751
11450
8751
4211
7989
5234
7989
9452
10836
9429
10836
9471
10836
11424
10836
10297
10836
9081
6287
5051
6287
11705
10143
10832
10254
2481
2905
2902
2905
2289
8848
11917
8848
2282
8848
1191
1091
973
1091
7847
4806
301
1775
8710
4146
9191
12167
9182
12167
9905
12415
2149
2160
8637
3250
10133
3250
11271
3250
3215
3250
9319
12262
9319
12262
9297
9279
5139
8907
2716
2753
2974
7065
12239
10650
12182
10650
921
1077
11996
10816
9250
3714
3579
3714
3230
7477
9019
12096
261
2131
12346
9352
12346
9352
16
6428
4870
3517
3530
3547
3530
10380
8364
12494
8364
5741
8205
6158
8205
8207
8205
6536
8205
12101
8205
4584
8512
8869
12517
6814
2357
6816
2357
11884
2357
6815
2357
1734
1443
2950
5824
8387
5353
10307
5353
3707
7218
5756
7218
10231
11335
2122
2144
1968
2144
2783
5571
12236
3406
3413
3406
8146
3898
3893
3898
9216
9196
10535
6783
5086
6783
2120
1956
2003
2004
1899
2004
1983
2004
9463
8397
862
834
860
834
504
834
9664
2842
5601
2842
9331
9795
11166
10513
11639
10513
9668
5601
10833
10828
4519
4516
4402
4516
213
665
5672
6053
6094
6053
4262
4939
3768
8030
7176
8030
3372
3376
2937
11645
76
5262
1439
1440
1255
1440
8185
8614
4095
7924
972
1150
1127
1150
2498
2506
10343
8175
7836
8175
10337
8175
3282
3358
4067
8630
2121
1968
1967
1968
4122
7507
5059
7507
8263
12099
8267
12099
8264
12099
11177
12099
10029
12099
4391
10425
4430
10425
9252
4758
9252
4758
3445
8142
2150
2113
2259
2113
10614
10600
11926
4841
4868
4841
6825
4841
4789
9263
5460
9263
197
8877
9320
9309
5122
10661
433
792
418
792
423
792
449
792
482
792
3212
4776
1776
1777
3264
3261
3226
3261
4151
4157
5202
4157
8327
7448
8381
7448
5980
7388
4575
7388
4644
5889
9042
5889
2871
2875
5376
12324
8755
12324
1954
2224
1967
2224
4191
4194
9678
4194
11676
4194
8245
4194
4814
11644
4416
5252
5558
6914
5434
6914
3837
7612
6131
7612
6624
8922
107
11005
4853
3368
4978
3368
4817
3368
4818
3368
4492
7281
4465
7281
2217
1989
1988
1989
4877
5379
8799
9899
3929
3981
3984
3981
2116
2161
2117
2161
2890
2936
2935
2936
11494
11839
11498
11839
8812
11839
9098
7140
3244
6471
3368
6471
3361
6734
3411
6734
8089
6109
8088
6109
8090
6109
10856
5015
6064
6063
3842
6128
263
2130
39
348
3432
3800
3801
3800
4503
4637
926
985
3254
3251
3215
3251
4101
4167
4068
6698
5090
6698
10890
12325
12351
12325
10268
12325
2432
12309
8705
12309
5357
12309
583
584
255
1926
6494
11189
8790
8716
7832
8716
4786
8716
9451
8750
9873
8750
9874
8750
9466
8750
9876
8750
3846
4923
9276
9253
6972
9144
2780
2779
2768
2779
2881
5785
2829
5785
2697
4768
9022
4768
2771
4768
2723
4768
3336
4768
8402
4768
2704
4768
5802
4768
2493
4768
6550
4768
2853
4768
5973
4768
2792
4768
5820
4768
3861
4768
5033
4768
4679
4768
5065
4768
12164
4768
2752
4768
4706
4768
2948
4768
4461
4768
4377
4768
4488
4768
2876
4768
2760
4768
2893
4768
4958
4768
4427
4768
3130
4768
5643
4768
2812
4768
4966
4768
2795
4768
5589
4768
5924
4768
3348
4768
4084
4768
5595
4768
6462
4768
4333
4768
4214
4768
3946
4768
3141
4768
5141
4768
7905
4768
3364
4768
4665
4768
2827
4768
9018
4768
3424
4768
8999
4768
3418
4768
4838
4768
4257
4768
4529
4768
3966
4768
4984
4768
3040
4768
6413
4768
4144
4768
4639
4768
4248
4768
9014
4768
7477
4768
5586
4768
9731
10651
8087
6577
3994
6577
4379
4430
147
2310
8116
9518
8116
11864
8116
2478
2928
11623
2928
8849
9525
5635
7055
2989
7055
131
3833
6607
4985
6607
1714
1693
10973
11500
12000
11500
2765
2763
2749
2763
10607
4860
8578
4860
11513
8354
12478
8354
6822
8354
2496
2809
172
11810
9362
8760
9362
10833
9362
11407
9362
11398
9362
10376
10942
1538
1524
1537
1524
11377
11758
8221
12306
874
581
480
581
3454
6136
9054
6548
5211
6548
9901
8761
9843
10264
4111
4112
11287
4112
1199
988
1034
988
12444
12414
10327
12414
10742
10730
12238
10037
10585
10037
2777
9613
7549
6501
5014
6501
3058
3085
2279
2280
11824
11419
8498
6079
6976
6079
4210
7687
11190
7687
1670
1651
1630
1651
5350
3616
2272
3616
11883
10975
12364
10297
12364
10297
1179
1159
1078
1159
3618
5409
2328
9514
12457
11836
9363
5363
4920
11124
3999
11124
2512
2513
2428
2513
9102
9087
2153
2254
10340
12440
2307
12440
8175
12440
10094
9667
9510
9918
10368
9918
8822
9918
8825
9918
911
756
4239
6394
4253
6394
9229
9213
5465
9213
9269
9213
10893
11423
9861
11423
10895
11423
10992
8788
1619
1570
1702
1570
1327
1570
908
899
711
899
7879
6082
7919
6082
2354
7827
9944
7827
5707
9738
9292
9738
11741
9738
12275
9738
5703
3211
9302
3211
10755
3211
11937
3211
12005
3211
10232
3211
6831
2263
1331
1679
1705
1679
1702
1679
1688
1658
1687
1658
4289
4328
4922
7680
8168
7680
6463
7731
8356
7731
3019
9125
9233
9694
9252
9694
9723
9694
9772
9694
8676
9694
4758
9694
4956
6367
7101
6367
5596
8974
2878
8974
3373
6719
5123
6719
12407
10793
3466
3470
11299
3470
10698
3470
11726
3470
5726
11202
3043
3049
9938
11515
11956
11515
2333
11515
2831
5586
1334
1335
10275
12393
2381
6843
6842
6843
11001
6843
9105
9080
9089
9080
8702
11980
11342
11980
11972
11980
5341
11980
3636
5505
1890
1891
9651
5212
10078
5212
9652
5212
551
621
8835
2355
3082
3127
2578
11533
12207
11533
5169
11533
7912
7911
8000
8332
7430
9959
4176
9959
1217
962
9929
8284
10373
8284
8759
9383
12442
9383
9445
9443
9451
9443
3247
9443
5154
11528
3701
11528
10561
11528
4099
5067
1719
1711
1437
1711
12019
9110
2778
2782
2773
2782
9759
5475
9790
5475
10197
5475
671
558
407
624
818
800
842
800
4356
6011
4330
6011
3327
3381
3439
3441
3438
3441
3699
3723
11167
9004
10658
4336
10139
4336
11250
4336
5189
4336
5316
9544
2388
9544
12497
9544
5835
7268
3015
7268
12183
11172
11643
11172
4813
11172
10051
11172
2645
10539
6524
3968
8097
3968
2303
9726
9345
9726
8006
7710
7476
7710
8352
10333
8383
10333
10348
10333
11490
10333
9896
10333
9906
10333
9939
12503
2330
12503
5273
12503
9541
12503
2327
12503
5275
12503
2328
12503
2329
12503
2554
2560
2542
2560
4899
6752
8333
6752
3800
3835
3235
5094
8760
11398
8760
11398
12327
11764
3022
12191
2424
11145
11158
11145
1601
1573
1614
1573
1335
1573
1908
2102
8473
8229
8477
8229
11614
8229
2268
4781
4624
5927
366
367
4485
4493
3713
5749
2747
5442
12466
5382
12467
5382
3436
3815
9235
3815
3841
6590
5666
5234
6966
5234
8530
5234
8989
10496
8998
10496
9597
10496
11647
7351
5980
7351
392
393
12406
5000
2898
5633
2926
5633
1317
1615
4979
8002
7431
8002
2687
2691
1869
2086
3150
5872
3129
5872
3883
3958
12222
3958
4913
5629
2927
5629
2951
8093
210
337
3039
7258
3088
7258
2560
2570
3550
11031
4872
11031
3383
6486
4209
6346
11702
10615
750
711
557
711
5088
8233
4573
8233
4068
8233
12037
8233
5916
8233
4229
8233
7530
8233
8135
8233
3422
8233
9054
8233
4635
8233
4044
8233
9015
8233
3350
8233
3937
8233
4681
8233
8149
8233
5930
8233
9048
8233
4367
8233
5036
8233
4433
8233
3533
8233
6125
8233
3297
8233
7093
8233
6426
8233
6597
8233
5104
8233
5106
8233
3864
8233
5002
8233
6353
8233
4499
8233
5191
8233
5984
8233
3742
8233
3558
8233
5067
8233
3835
8233
1552
1758
1762
1758
10108
3976
10618
3976
10608
3976
6114
3976
1897
1898
4541
4605
12362
8693
12362
8693
9137
5057
10148
5057
3140
7276
12114
7276
57
11871
7087
9973
9625
9973
5660
11291
1203
918
844
820
542
820
892
799
669
799
3590
3643
5501
3643
12450
12431
11502
12431
1833
1834
9894
10329
4590
4692
194
8890
138
2843
10523
5585
10523
1942
1943
12328
9820
10083
9646
9220
3288
10129
3288
5734
3739
3720
3739
239
476
6274
7361
8491
7361
12358
11765
1446
1480
1553
1480
1889
1890
3945
6762
3962
6762
6856
10688
10322
10214
9866
10214
4434
6310
6284
6310
12265
3919
11700
3919
3915
3919
11260
3919
12184
5845
12213
5845
10310
9840
12402
9840
5739
7199
3718
7199
4314
4317
4281
4317
129
5559
7017
2756
7017
663
852
2623
11541
5771
7945
6996
7945
1492
1417
1544
1483
1517
1483
1593
1659
1689
1659
234
3
321
3
293
3
231
3
238
3
170
3
301
3
286
3
168
3
243
3
240
3
235
3
167
3
113
3
315
3
245
3
250
3
233
3
169
3
312
3
82
3
298
3
248
3
237
3
42
3
244
3
295
3
68
3
241
3
239
3
117
3
318
3
304
3
166
3
263
3
327
3
255
3
288
3
331
3
329
3
271
3
232
3
335
3
236
3
269
3
252
3
267
3
254
3
290
3
273
3
259
3
261
3
246
3
333
3
48
3
257
3
242
3
324
3
307
3
341
3
339
3
265
3
309
3
337
3
2383
2384
8103
6280
3586
3593
5343
3593
8649
3593
5344
3593
10108
9657
5935
7350
4664
7350
7997
7490
6069
7490
5685
5684
292
2296
9862
4542
9886
4542
9361
4542
11424
4542
12364
4542
10297
4542
12381
2450
8677
2450
5172
2450
2408
9596
10538
9596
11770
5283
8254
8543
8254
8543
12186
10003
2790
10003
1215
915
11247
10092
4204
4221
10378
12482
9535
12482
2766
11618
11661
6921
5439
6921
415
714
858
714
410
714
9355
9334
3915
4006
3932
4006
4517
4575
5457
9282
1225
1226
5981
9969
4811
9969
5916
7306
4681
7306
4027
5046
10784
10232
2904
10444
5620
10444
4480
10384
3474
6635
3500
6635
4357
6357
4334
6357
11496
12476
5296
12476
7842
12476
2415
2541
2417
2541
5278
2541
2552
2541
9880
11439
10901
11439
10329
11439
5355
11801
8320
7972
4942
7972
12510
2392
4593
5902
1913
1914
3458
3460
297
1252
