11876
8841
11876
8838
11876
5295
9923
8832
4301
8496
11285
9344
11285
10731
11285
10230
11285
10222
1953
2122
12410
9448
12410
8789
9768
11765
7001
5503
7001
3660
706
604
706
408
3926
6584
8687
8708
7226
5765
7226
8258
2424
2426
2424
2411
2370
8876
9637
9121
8514
8557
319
11809
5355
11809
10918
1620
100
8087
3897
5679
8508
1164
1181
1164
1014
1164
1108
1164
976
5822
8094
2685
2684
2685
2683
2337
2335
1137
979
1137
1107
3712
3695
1884
1883
11549
11184
11549
5571
2618
2617
2618
2419
2618
5283
10015
9016
8362
10963
8362
12448
643
682
643
709
1475
303
1228
1221
1228
1227
9354
11416
9354
2304
1112
964
1106
980
10573
11662
7761
3400
7761
6493
11459
9900
10252
12359
10252
12359
1840
1839
1840
1833
6337
5997
6337
4302
6655
6146
6655
3559
481
479
3440
5716
3440
3438
4899
3251
10379
8257
10379
11906
10379
12483
12387
12399
4366
4310
7238
2925
7238
9609
10409
6037
10409
6437
5297
63
10569
11211
3938
3913
7716
6458
7716
3408
7750
6475
7750
3356
10603
5662
10363
12459
3587
8746
3587
3584
11051
3070
11051
3122
484
483
7098
4816
234
55
8253
8525
8253
8543
8144
4482
5037
3232
6230
11171
4613
4548
9116
9171
797
541
797
798
2116
1963
11546
3624
11546
6017
11546
4340
7922
7923
12258
9189
8612
4895
11806
3683
11806
5301
1623
1466
1623
1467
5709
3942
5709
5712
5709
10219
5709
9775
5264
75
3759
3739
2288
2287
1920
1919
5663
4086
5663
8690
5663
9326
5663
4146
4525
4413
10996
11892
3865
3258
3865
10125
3865
12217
2844
9774
2844
10198
2844
2804
2844
12335
1089
1066
1089
937
9860
9947
9860
9879
11879
8257
11879
6823
11879
12478
11879
2333
4271
5991
4271
4266
6971
8164
370
321
8263
4550
181
103
2246
2146
2246
1943
3518
3509
3518
3505
9142
8587
9142
6968
9142
6967
12199
3114
4378
9715
4378
12296
4378
9720
4378
11737
4378
9247
1565
1591
1565
1671
8309
10563
7877
9272
6007
4331
6007
4945
10559
10073
11473
9469
1923
1918
1923
1922
1022
1115
4356
4311
1909
1908
1909
1904
11857
4833
5948
4667
2540
2525
2540
2534
761
851
761
552
11061
6571
11061
10554
10353
8801
11762
11810
6732
3411
6732
7526
3855
3818
6316
4405
6316
5136
9030
7174
1502
266
616
882
616
747
369
362
369
368
9870
10916
3177
5122
3177
3178
8924
2983
8924
5808
7614
12126
6912
5431
6912
5563
3803
4771
3803
8671
3803
9235
3803
9309
5143
10253
10787
2433
5254
8501
5254
12267
1340
354
2501
2466
2501
2451
1841
337
4192
10669
4192
4189
4192
10636
4192
10692
7630
3570
7630
6145
9806
9807
9806
8376
9806
9334
5653
4343
9175
9197
3769
3752
7331
5946
7331
5923
9776
12328
9776
10813
9776
10774
9776
10254
9512
2329
3148
3111
9205
8665
9205
10157
9205
9254
9205
3201
3773
3764
1343
1342
3395
3234
11122
11176
11122
7875
12516
8886
5425
8744
5425
2601
9758
9310
9758
9310
3207
10780
3207
10873
3207
8765
3207
9810
9841
9405
9841
9401
1656
1677
1656
1672
9397
9424
9397
10313
9397
2369
8196
11665
8196
8197
11050
3003
11050
2984
1037
1189
1037
928
10262
8739
4114
6872
4114
5072
4114
5047
4114
5378
764
862
764
501
764
506
6665
9048
6665
3742
7848
3693
11469
11483
11469
8810
8989
9599
8989
9004
7751
9027
4487
10706
4347
5247
4347
4308
11503
10994
11503
2332
11503
11508
11503
10987
12067
8306
12067
8305
1921
1920
4795
11969
4795
4868
7907
7908
8279
8196
8279
2947
8279
2632
8279
4631
8279
2556
8279
5100
8279
2708
8279
7403
8279
5935
8279
2640
8279
2515
8279
5832
8279
2530
8279
3072
8279
2805
8279
2821
8279
2658
8279
3144
8279
2751
8279
2693
8279
2679
8279
2508
8279
5159
8279
2579
8279
2535
8279
4409
8279
4226
8279
4320
8279
2567
8279
5028
8279
2787
8279
5614
8279
4664
8279
3003
8279
2899
8279
5148
8279
4540
8279
2841
8279
2828
8279
2615
8279
2523
8279
5171
8279
5580
8279
12121
8279
2550
8279
4562
8279
3025
8279
2774
8279
2431
8279
2592
8279
2984
8279
4610
8279
2887
8279
3048
8279
9075
8279
4365
8279
4702
8279
3128
8279
5233
8279
2924
8279
2490
8279
4478
8279
4177
8279
2759
8279
2721
8279
2875
5513
3623
5977
4596
5977
10579
5977
4730
9364
8736
4020
4940
4020
9738
10944
10359
7320
5914
7320
9028
9939
11005
1229
320
8352
8384
8352
11878
12196
3079
4408
4350
2896
2476
6611
12158
6611
3808
12265
12286
778
476
2335
8866
6178
9627
6178
3531
5214
6542
7035
2833
12472
8831
7543
3365
7543
6483
95
158
10810
10312
10810
12360
10810
11419
6421
5078
6421
6433
3499
3504
3499
3471
2124
170
8282
10056
4840
3179
4840
3164
4840
3180
4840
8673
8334
8122
100
173
100
146
100
0
100
0
100
171
100
174
100
128
100
35
100
145
100
285
100
105
100
147
100
172
6156
3513
10866
2399
321
322
3995
3912
9692
11699
1094
981
1094
1002
1094
1105
1094
1013
12486
11015
5329
9421
7295
9017
4820
8831
4820
11957
4646
4512
4646
7866
4646
5462
4646
8563
11204
11216
12412
4775
12412
12419
8972
5582
8972
5597
8945
5559
8945
2722
9605
6975
11365
11379
3008
2975
3008
2965
6527
3276
10057
12224
2151
2214
2151
1980
6084
7993
6084
7879
4480
3117
4480
11616
3420
3296
3420
3419
5791
2487
5791
8382
4973
3669
6517
4030
6517
12147
2729
2714
2729
2702
2011
2138
2011
1871
1317
347
6392
5182
6392
5126
2947
2937
980
1131
2291
2290
67
5990
4385
11642
4482
5232
4271
7890
3626
7890
6880
5384
12462
5384
7834
11088
7115
11088
6346
5444
12235
5444
8520
815
829
815
817
2174
2049
2174
1821
52
39
12301
11758
576
877
2956
9702
2956
5454
2956
2918
2956
2955
7160
4864
7160
4917
11013
8325
5003
4026
11988
10377
5092
2798
11660
12235
2019
2018
2019
2149
6754
7775
6754
7536
4043
4050
4043
3931
2978
2942
2978
2980
9575
5581
9575
2840
4510
4509
4510
4456
4969
3750
10046
10063
10046
8368
10046
8366
3190
6965
3190
9839
3190
12389
3190
9371
3190
4796
3190
4087
6986
12160
6986
10609
6986
11261
11174
7964
9093
10627
3231
6043
3231
9164
3231
3200
4286
4287
4286
4159
4657
4634
4657
4571
9002
4899
9002
9030
9002
4864
9002
3524
9002
4724
9002
3303
9002
8259
9002
12168
9002
6469
9002
8333
9002
5765
9002
4917
9002
3814
9002
12214
9002
3539
9002
9069
9002
8318
9002
7137
9002
8304
9002
7192
9002
8342
9002
7151
9002
8314
9002
6987
9002
6989
9002
8258
9002
3690
9002
5097
9002
8287
9002
3770
9002
12131
9002
3407
9002
3709
9002
9009
9002
8260
9002
12034
9002
8262
9002
8261
9002
12146
9002
12173
9002
3472
9002
8322
9002
8332
9002
3460
9542
9545
1584
1405
1584
1759
10925
10940
4596
8512
293
294
6147
5720
6147
6150
6147
10080
10283
10298
2078
2148
11831
10337
6029
5121
6029
4334
7693
6349
7693
6359
9233
8653
3091
3054
6208
6987
6208
6989
10631
9730
10631
8190
10631
9718
2784
2762
10780
8389
10780
10331
10780
12384
179
129
12091
8263
12091
9047
12091
12165
12091
8265
7427
4366
7427
5030
1637
1355
1637
1741
10212
10225
10212
10221
10212
11354
10505
8159
10505
2850
6764
3873
6764
3947
3580
3577
3580
11357
6033
9234
6033
12259
6033
11717
5617
2473
5617
2505
4959
7548
9229
5466
2197
1920
2197
1978
1946
1945
1882
239
4694
5019
4694
4693
4694
3394
3338
3318
6293
5962
6293
6292
2154
1802
2154
2051
7170
3758
11843
8833
11843
9486
2966
9322
2966
5366
6797
4059
6797
10060
2150
1976
2150
2260
54
40
7511
5039
7511
7515
8443
5609
8443
2852
8383
11868
4738
11323
4738
11796
4738
2602
2599
2574
2599
10085
2599
11952
5521
2579
5521
2592
458
234
10908
9550
2010
2138
8110
2281
8110
9479
4667
6954
4667
4572
4667
12144
4918
2477
4137
4103
5874
3148
5874
8485
8004
5033
8004
6413
12322
4792
2083
1927
10847
8771
10847
12398
10847
11417
2186
2125
2186
1971
8710
9829
11573
4813
1093
1040
1093
967
11249
5491
2913
2914
2913
2485
11940
4180
6166
3544
1674
1354
1674
1697
1674
1694
8731
9390
8731
11412
8731
4721
8731
12385
8731
4345
8731
4307
10382
7578
10382
3909
10442
4528
10442
5184
8125
11986
10234
10259
8680
3209
8680
8249
8680
7883
8680
3223
10856
10890
10856
10324
2259
1840
2259
1826
2259
1856
2259
1888
2259
1831
5496
5497
1435
1432
1435
1721
10000
4055
10000
8202
5904
4640
5904
4678
7974
6024
7974
4249
8911
4120
12264
12298
10878
9881
10094
2802
2733
2737
2733
2719
8080
4383
3326
9130
3326
3301
2649
2625
9284
11323
9284
11746
9332
10269
9781
2806
7119
4979
7119
5129
4544
5467
4544
6870
4544
8218
4544
10773
4544
10757
4544
10768
5682
5685
8213
8588
7141
3463
2825
2824
2825
2797
725
428
725
432
725
595
5333
2358
5333
8835
4726
8069
12458
2323
12458
11510
12458
8118
7788
4949
7788
4017
2373
11007
2373
2372
8827
5259
11355
5400
10067
11216
10475
5947
10475
4962
3610
3609
10398
6585
10398
4003
4878
6955
2869
2863
1183
1011
1183
1196
5914
4502
2903
10726
2903
9295
8757
10912
8757
11826
2138
1887
2138
2160
6281
4516
6140
3450
11939
10133
11939
9240
10145
10162
8422
9054
8422
6525
1673
1383
1673
1690
7471
4166
7471
6069
5734
9704
5734
5732
4856
3221
7109
12241
7109
7102
5249
3862
5249
2661
7063
5636
7063
7065
8901
201
7128
5679
7128
9086
11496
10969
2755
2738
5355
9461
5355
10937
12027
10068
12027
10075
58
36
8169
8173
8169
11751
8169
11769
13
151
2473
2459
5698
3314
2209
1824
2209
2055
4438
4381
4438
6952
8203
8600
8589
8400
8589
8400
7792
6539
7792
4024
12185
3279
724
439
724
594
724
585
2180
2014
2180
1839
2180
1834
700
854
700
471
700
745
10172
9298
9539
11912
9539
11913
2320
8853
489
486
2289
12046
8391
5221
3620
3611
3620
5312
6785
4053
6785
12127
10544
12189
5577
2800
10726
10260
10726
2464
10726
11799
10726
12393
3624
3621
11333
11762
11333
10234
11333
8760
11333
9835
11333
11398
12493
5258
12493
8860
6055
5671
6055
5126
5607
2455
3796
3430
3796
5178
10694
10714
10202
11328
10515
9607
12293
4883
3034
2963
3034
8187
3034
11712
3034
8614
9793
5496
9793
9813
9793
12340
8173
11792
8173
12323
8173
8171
5548
2638
5548
2660
2940
10224
2940
10226
2940
8709
2940
10730
7136
3316
721
386
721
391
721
602
10959
9498
1062
1128
1
224
3294
3289
8871
284
10667
2412
10667
10705
1349
1636
8120
8798
8120
12323
8120
9453
8120
11794
8120
8407
8120
8172
4426
8080
10918
10919
10918
11476
10918
10941
10918
9468
656
721
656
683
7501
6088
7501
7516
3689
3673
9265
10745
9265
9358
11722
12313
7079
7862
7079
5834
10423
4187
10423
5195
4847
4591
2873
2783
2873
11613
11677
4878
10738
9864
8746
10882
8746
6833
8720
5322
8720
5322
1169
1186
1169
984
11936
2697
11936
9022
11936
2771
11936
2723
11936
3336
11936
8402
11936
2704
11936
5802
11936
2493
11936
6550
11936
2853
11936
5973
11936
2792
11936
5820
11936
3861
11936
5033
11936
4679
11936
5065
11936
12164
11936
2752
11936
4706
11936
2948
11936
4461
11936
4377
11936
4488
11936
2876
11936
2760
11936
2893
11936
4958
11936
4427
11936
3130
11936
5643
11936
2812
11936
4966
11936
2795
11936
5589
11936
5924
11936
3348
11936
4084
11936
5595
11936
6462
11936
4333
11936
4214
11936
3946
11936
3141
11936
5141
11936
7905
11936
3364
11936
4665
11936
2827
11936
9018
11936
3424
11936
3418
11936
4838
11936
4257
11936
4529
11936
3966
11936
4984
11936
3040
11936
6413
11936
4144
11936
4639
11936
4248
11936
9014
11936
7477
11936
5586
1670
1400
1670
1547
889
479
889
451
889
465
4908
8070
1558
1559
1558
1493
8014
7143
8014
6152
8524
10610
3267
3221
3267
4777
3267
5056
3267
5705
4151
4149
4151
4158
12103
6421
12103
8026
12103
4495
12103
7739
12103
7678
12103
3341
12103
4428
12103
6496
12103
6793
12103
7966
12103
7599
12103
6798
12103
6449
12103
6552
12103
7745
12103
6277
12103
7399
12103
6173
12103
3329
12103
6169
12103
6012
12103
6614
12103
8053
12103
7169
12103
10018
12103
7927
12103
7072
12103
6366
12103
7808
12103
6593
12103
6078
12103
7642
12103
6811
12103
3908
12103
7561
12103
5875
12103
6547
12103
6393
12103
7928
12103
6657
12103
7560
12103
6613
12103
6810
12103
6015
12103
7164
12103
6770
12103
6553
12103
7166
12103
6079
12103
7680
12117
11170
7287
5884
7287
4642
11003
2395
8626
5017
11092
3723
11092
5749
3987
3980
3987
3900
9349
12358
9349
12358
9489
11988
9489
6821
9489
10370
10969
6824
3538
3534
814
824
814
831
2632
2606
10439
3025
10439
3048
1887
1886
8026
7170
8026
4728
3380
10084
3380
9135
3380
8510
6065
4173
11232
11283
11444
8877
11384
10839
11384
10838
5088
3763
4520
4399
4520
4453
6477
3328
5013
10161
2215
1900
2215
1895
11659
9108
3257
3213
3257
5102
4631
4628
4161
5663
4161
9789
4780
3484
9012
4379
1559
1492
1559
1507
1583
1598
1583
1286
1583
1281
7522
5057
6824
5273
1822
1821
1348
1636
10657
11269
231
81
6218
2949
6218
5816
6571
3917
5174
3874
5783
10544
5783
2886
4399
12338
4399
5161
4399
4514
4925
5386
4925
10921
4925
4716
4925
10294
4925
8124
2212
1816
2212
1825
272
156
10596
11702
9255
10206
11329
12352
3526
9151
3526
3496
3526
6151
4866
3494
2435
8720
2435
2434
2435
9383
8298
8296
6601
3855
6601
3833
8638
5368
2765
2750
2765
2761
7053
5634
7053
2986
9523
2318
10820
12356
247
165
3744
5733
3744
8619
10646
10683
5204
4105
11812
10886
2859
2825
2859
2855
11214
3245
9688
8070
4150
4149
4150
4147
4810
8551
1580
1419
1580
1519
3246
8348
3246
10711
1160
934
1160
925
10840
11421
8038
7404
8038
4861
8767
4877
9424
10940
9424
12468
6507
3298
6507
7528
9200
9219
1515
1436
1515
1471
7681
6329
7681
4836
490
242
3083
3077
3083
3079
11656
12266
11656
12266
1885
2220
1885
1879
9615
11221
3018
11304
3018
9261
3018
2980
3018
5369
3410
3398
10031
5679
10031
11193
10031
4669
10031
11197
10031
3298
10031
6425
10031
4704
10031
4500
10031
10568
10031
6689
10031
4597
10031
7520
10031
4608
10031
4683
10031
3423
10031
3069
10031
4477
10031
10041
10031
7550
10031
10055
10031
7528
10031
4034
10031
3099
10031
3393
10031
6511
10031
4651
8159
2831
811
713
811
825
1748
1759
1748
1501
9081
9126
9081
11671
5365
5366
1942
2129
6388
4238
6388
7112
6448
4092
6448
7924
12184
3021
699
398
699
601
699
393
6889
2621
6889
2612
10973
10981
10973
11865
10291
10303
10291
10306
4022
4015
8794
11495
9600
12092
6629
3788
6629
7140
573
560
573
799
6872
5047
6872
5047
7574
6539
7574
4051
11425
10877
11425
9948
1344
1343
6258
4655
6258
4675
9661
9133
9502
10983
9502
9935
9502
11869
9215
9751
692
424
692
419
692
589
7486
4081
7486
5091
7346
4674
7346
4661
587
586
433
426
433
432
6276
4567
6276
4522
5122
4787
5122
8712
5122
3167
5122
9327
11971
9441
11971
11468
11971
11483
12224
3192
7821
6597
7821
3835
3217
3220
3217
3210
11513
10377
11513
8850
3456
3454
3456
6133
10795
11458
10795
11462
10795
12400
9828
12328
765
491
765
496
765
578
4104
4097
4104
8132
4104
8630
7737
3387
7737
7524
9068
3454
9068
6133
4944
3019
6361
4261
9123
4648
2157
2068
2157
1786
4010
3983
5469
4398
5050
6049
4418
9339
5762
3659
7310
12149
3478
3469
3478
3480
3121
8684
3121
9256
3121
8647
7668
6281
7668
4799
6845
10974
7917
5666
7917
6966
7917
8530
6199
9106
6199
9655
6199
9643
5503
3643
1361
1360
1367
1639
862
576
862
516
6017
4908
6017
11199
6017
6365
4559
4438
4559
4550
8319
12470
8319
8354
5473
11779
5473
10837
5473
11364
3980
5709
3980
9766
3980
9753
3980
10715
12200
4551
7280
5881
7280
4462
3508
3509
3508
5492
9445
9466
9385
9852
9385
9850
9385
10299
5061
9088
2566
2559
1780
1779
4074
5016
4074
3204
6684
4357
6684
4394
2155
2049
2155
2109
2155
1819
6350
4279
6490
8112
10335
5334
3387
3238
3447
3429
3447
5226
3725
3727
3725
3581
991
1118
418
329
2999
2969
9836
12441
9836
5289
11143
11164
11143
5902
5921
4625
4787
9393
4787
9368
4787
8162
11254
4895
3062
3028
3062
3065
6306
4524
6306
4440
3833
3800
12315
10738
12315
10772
12315
10775
12315
10729
12315
11445
12315
9412
9472
4795
9472
4828
7357
5940
7357
5950
5635
2992
9650
12180
977
1131
9816
10277
4188
5657
4188
5656
4188
11246
4188
9685
4188
11238
4188
10665
12362
9372
12362
4834
7604
5112
7604
6126
6902
2717
6902
2753
3813
3781
8886
84
2401
12514
4495
4494
4495
4476
2654
2644
1432
1730
1432
1306
9730
9255
7706
6430
7706
5049
11037
5026
11037
8494
11037
2544
10613
12267
10613
12267
7394
10555
7394
9080
485
484
2556
2546
1551
1520
2697
2696
4340
4292
8095
6121
10419
4463
10419
4493
11297
9757
1292
1291
4569
4444
1446
1445
1446
1269
9106
9165
3672
3663
3672
3676
3829
3798
11787
5390
7082
12164
7082
5643
9975
6247
9975
4641
2578
2565
5051
4450
4603
4536
4603
4583
8235
4301
8235
4918
8235
2566
8235
2647
8235
5431
8235
5677
8235
5563
8235
2616
8235
5567
8235
5596
8235
3014
8235
5959
8235
4663
8235
5573
8235
2543
8235
7913
8235
5448
8235
4890
8235
3147
8235
4407
8235
6273
8235
2489
8235
2520
8235
4815
8235
6024
8235
2557
8235
6360
8235
2531
8235
5616
8235
12216
8235
2878
8235
3092
8235
2657
8235
4185
8235
5827
8235
5610
8235
2507
8235
2537
8235
8077
8235
4249
8235
5426
8235
2584
8235
2920
8235
4595
8235
2629
8235
4911
8235
3001
8235
5970
8235
7923
8235
4971
8235
4432
8235
6866
8235
4225
8235
3123
8235
2595
8235
5584
8235
2983
8235
5808
8235
4120
8235
4523
8235
2839
8235
6295
8235
4458
8235
4637
8235
5442
8235
2691
1848
341
10124
10633
8695
2416
8695
10235
8474
6489
10500
3813
10500
5038
10525
3098
10525
5236
4996
6064
7367
4669
7367
4597
1793
324
5719
5483
2664
2636
2664
2652
8602
9227
1624
1771
1624
1510
9942
2348
6586
3895
3645
3650
3645
3593
229
47
5843
4944
5843
5213
11264
9950
11264
10163
11880
8863
12406
4305
12406
12418
12406
5001
2127
269
12314
4935
1088
991
1088
936
1088
1065
1088
1118
3052
5638
3052
5829
2125
273
502
245
508
246
1085
936
1085
1065
3884
10594
3884
10585
3884
11210
1721
1307
1721
1723
2324
8857
10189
8092
4311
12257
4311
4282
7943
6988
7943
5740
12225
10676
12409
10335
12409
4830
12409
8792
7011
3605
7011
5515
5285
5425
5285
5316
5285
10817
5285
5315
1781
1778
6268
4670
6268
5984
9139
4265
8572
3498
11810
9409
2437
9291
2437
5359
238
40
12082
9006
8504
10120
2470
2468
2470
4794
9651
9686
3595
11268
3595
6846
3595
4740
3595
9726
5752
7848
5752
3704
1277
1271
1277
1275
4573
4452
5459
9744
5459
10691
10899
11843
10899
11489
7658
6197
7658
6192
9076
6942
3702
3680
3702
3678
4227
5229
4227
5228
8545
8602
8545
8602
11550
2873
10005
5782
10005
5575
2608
2609
2608
2594
6927
2774
6927
2759
6
225
3466
11388
3466
11759
3466
8067
3466
10766
3466
8068
6749
3361
6749
3333
5590
2863
9058
4967
11552
2724
11552
5139
11552
9045
2547
2534
2547
2541
6351
4206
7676
6298
7676
6325
6633
12146
6633
3472
9074
3030
10802
10252
10802
11396
10802
10818
1295
1294
423
420
1260
1605
2415
9777
2415
11749
5411
6850
5411
5349
2949
2936
1208
944
11193
3008
4832
9496
8290
7035
8290
9012
8290
5174
8290
3412
8290
6274
8290
4012
8290
5946
8290
5156
8290
8478
8290
4118
8290
3362
8290
3334
8290
11159
8290
9612
8290
2921
8290
8130
8290
4057
8290
3971
8290
6016
8290
4954
8290
5958
8290
4082
8290
6362
8290
4859
8290
4048
8290
6298
8290
10036
8290
3377
8290
3073
8290
5807
8290
8228
8290
6491
8290
3925
8290
9013
8290
10038
8290
3346
8290
2872
8290
4259
8290
10033
8290
4684
8290
5162
8290
3151
8290
4642
8290
3907
8290
5838
8290
6325
8290
4474
8290
11637
8290
9613
8290
6590
12234
4116
8725
12412
8725
12422
8725
5134
8725
5000
1214
916
1214
1211
1214
933
8131
8158
8131
8154
8131
8155
2191
1904
2191
1982
2191
2102
2175
1883
2175
2008
6529
3274
6529
4731
6529
3354
10059
3440
7674
12152
7674
4370
9700
2856
972
1215
972
941
972
1127
2100
2238
2727
2729
2727
11672
2727
9170
2727
11673
8980
2882
8980
2885
6519
3324
6519
3870
9561
5832
9561
3048
11401
8749
11970
4820
11970
12506
3464
6977
3464
3441
4445
4411
4445
4389
4385
4378
4385
9189
202
131
11700
12219
4812
8831
9188
9228
1372
1371
3412
3398
4472
10706
4472
11310
1896
1895
5327
8078
5327
5291
9883
9915
9883
9921
8813
11877
766
905
766
554
11904
23
9495
9511
9495
11927
9495
9514
2831
2449
2831
5450
7568
3933
3886
3820
8506
8540
6400
4240
6400
7431
1680
1375
1680
1691
2088
1806
2088
1810
3497
3483
10138
9788
2811
11615
2811
2496
5982
5983
8833
9526
2666
2663
2666
2646
5181
4181
7882
3344
7882
3344
6584
3892
6584
6120
10745
2775
10745
5320
10745
11373
5240
3316
6027
6361
6027
4852
8476
5819
11774
11013
11774
11800
11774
5354
7152
3514
4994
3164
4994
5209
7433
4364
7433
12161
5100
4385
4659
4657
4659
4878
4659
6950
11266
9717
8458
5598
8458
5578
4215
4783
4215
4212
4215
4784
4215
9697
4502
4505
4502
4471
6895
2682
6895
2660
1054
1026
1054
1126
6149
3547
5535
2616
5535
2629
9550
206
9010
3619
568
664
11371
4943
11371
10815
11371
10264
6111
3979
3182
9211
3182
9773
3182
10708
3182
3174
3182
11739
9418
9888
9418
9877
7704
5091
7704
5094
1707
1505
1707
1720
10451
8163
10451
5901
2554
2547
2554
2553
7396
5100
7396
4409
4967
3368
428
427
10126
7131
12507
2320
12507
2316
12507
2314
12507
2322
12507
2325
12507
2319
12507
2318
12507
9543
9104
12177
10772
11823
4123
5147
4123
8523
4123
9110
1263
1262
4068
3230
3572
3571
3572
6159
4139
4835
4139
11332
436
435
1282
334
4669
4659
10220
9347
10220
9347
6304
4433
6304
7093
2678
2666
401
770
10849
8753
3313
3259
3313
12237
1053
1111
1053
1021
9834
10286
11256
11744
11256
9773
11256
3170
8595
2867
8468
12017
4703
8196
4703
2947
4703
2632
4703
4631
4703
2556
4703
5100
4703
2708
4703
7403
4703
5935
4703
2640
4703
2515
4703
5832
4703
2530
4703
3072
4703
2805
4703
4171
4703
2821
4703
2658
4703
3144
4703
2751
4703
2693
4703
2679
4703
2508
4703
5159
4703
2579
4703
2535
4703
4409
4703
4226
4703
4320
4703
2567
4703
2787
4703
5614
4703
4664
4703
3003
4703
2899
4703
5148
4703
4540
4703
2841
4703
2828
4703
2615
4703
2523
4703
5171
4703
5580
4703
12121
4703
2550
4703
4562
4703
3025
4703
2774
4703
2431
4703
2592
4703
2984
4703
4610
4703
2887
4703
3048
4703
4365
4703
4702
4703
3128
4703
5233
4703
2924
4703
2490
4703
4478
4703
4177
4703
2759
4703
2721
4703
2875
1815
1814
7606
3884
7606
9046
10713
6873
6799
7569
6799
3935
2656
2644
8884
182
2101
1915
7162
12135
7162
6162
11775
11414
9814
9356
9311
8720
9311
11986
9311
5322
9311
8726
9311
5321
2597
2586
355
33
11278
9251
12454
12458
12454
8250
12454
8251
513
510
2220
1882
10931
10969
10931
5021
10931
9481
8102
4292
2326
9534
2326
2323
2326
2321
1625
1580
1625
1685
7993
4172
4058
3940
1937
1936
3225
9205
3225
11256
10073
12160
10073
10609
10073
11674
11861
2342
11861
9943
7429
10599
7429
11233
7429
10602
821
525
821
843
10625
8644
256
19
9227
4789
9227
5464
9227
5460
9227
4479
2564
2558
2564
2563
8702
11380
8702
8729
8702
6830
10461
2791
10461
12210
4076
12256
4076
9194
4957
10129
5619
2503
6686
6687
3545
3518
3545
3546
8829
8885
8672
8707
8672
8133
4106
4067
4106
4112
10450
8210
10450
5152
10390
7310
10390
5892
6435
8559
10069
9708
4946
12370
10103
9701
1892
241
12051
10025
9992
5593
9992
5782
3695
3703
3695
9681
3454
3449
3454
3431
7021
2752
7021
2760
9551
178
8072
3696
5893
4508
2498
10630
2498
12008
2498
2452
1935
259
317
319
9340
10267
9340
9387
9340
11798
12475
11861
12475
11862
12475
11860
12235
11689
12235
2772
12235
9176
2069
2068
2069
2092
2069
1784
2073
1797
2073
2136
1427
1426
5690
11361
5690
10769
5690
8693
7484
8555
7344
7090
7344
5947
11308
10265
11308
10852
2647
2625
848
863
7576
3905
7576
6118
11581
4273
7117
7118
6533
3879
8045
8046
11247
4148
1287
332
32
153
118
149
1817
1812
1817
1816
4673
4603
3602
3595
3602
3599
5318
11449
5318
10323
5318
2384
11905
25
7558
3960
7558
6107
2228
1961
2228
2161
8645
12290
71
6274
4451
2708
2700
404
286
11457
9907
6339
4375
6339
4324
2163
1925
2163
1977
2163
2098
1403
1502
7805
4010
7805
4947
6838
227
4897
2461
10377
9938
8796
8252
7183
5088
7183
5104
5431
2711
2417
11748
2417
11339
11929
3272
5830
3057
6818
11884
1928
1926
7853
11185
7853
11186
12177
3881
9639
9670
5206
4251
3720
3579
3720
9704
3746
5494
3746
4983
10644
10682
10644
8623
10644
6963
5677
4143
5677
8138
8089
8568
12298
12312
9151
3485
4864
3544
3524
3494
9743
10213
9743
11734
9743
11980
8370
8988
3871
3268
10260
9836
12037
8504
12037
8594
12037
9062
9426
8777
5598
2857
2251
1952
2251
2144
12272
5456
8689
12325
4265
10681
4265
4264
11216
4151
2237
2239
2237
2217
2237
1917
3432
5040
3432
3433
734
617
734
618
734
367
6965
4098
1067
1114
3153
3107
3244
3246
3244
9225
2399
12513
177
147
731
754
731
561
5648
5650
6826
11008
3901
3845
36
7742
8134
7742
3394
5158
4315
10885
11832
5707
11415
5707
8193
5707
4723
5707
5704
5707
10755
5707
10232
6222
3096
6222
7256
7413
6003
7413
4322
8481
6527
8341
4389
10594
12238
1133
948
3757
5734
3757
3753
2308
11902
5176
4929
10488
6533
10488
8483
10348
9468
5953
5954
11926
11927
5039
6092
675
267
8620
4487
7930
3748
208
127
10195
6871
10195
8679
10195
10218
8624
3271
7775
10024
188
102
2162
1927
2162
1977
7325
5925
7325
5917
10407
2698
10567
10571
5299
62
3589
3587
1874
1873
9438
9460
9438
12428
11446
11014
11446
2277
11386
9388
11685
10672
11685
10672
9852
11443
8024
6181
8024
6184
1400
1399
11732
3585
11732
10722
10789
12355
9150
10649
544
543
2481
2479
2481
2484
1958
1957
4424
4380
945
944
3767
3744
6498
5240
6498
3323
8016
7151
8016
8260
8526
11230
6185
3746
6185
11253
6185
9695
6185
11244
3638
3636
5023
8687
5023
4946
5023
10741
5168
4207
10241
10288
8744
12497
8744
8848
3179
5476
2532
11624
2532
2516
11105
5923
11105
11637
6671
3736
6671
3742
10557
7548
6740
12031
6740
3379
3036
3034
3036
9192
3036
8183
3036
8184
4081
3188
8248
10648
11684
8629
9862
11833
3794
9068
10696
10709
10696
10709
9022
2500
5963
9202
4200
10727
4200
4158
4200
10732
12156
9113
3296
8492
5728
10712
6920
2784
6920
5436
4531
4421
6009
4332
6009
4371
1593
1504
1593
1318
8307
8161
7879
11223
7879
8191
7879
8522
7134
9136
7134
9136
7622
3782
7622
3814
5115
11013
5115
11791
5115
2387
12019
9194
2985
2958
9588
9029
9588
5587
1161
1030
1161
969
1161
922
9520
10996
9520
10994
9520
9527
5979
8526
5979
9155
7909
12250
7909
12250
1590
1309
1590
1600
1590
1549
8277
9406
8277
6875
8277
8762
12016
5577
12016
6571
12016
11168
12016
10053
12016
11166
12016
11178
12016
11173
12016
11635
12016
6468
12016
7963
12016
6545
12016
5250
12016
4952
12016
5809
12016
6566
12016
7875
12016
7536
12016
7861
12016
4799
12016
11162
12016
7995
12016
5929
12016
5912
12016
6001
12016
6427
12016
6035
12016
5252
12016
5902
11130
12024
11130
2851
7863
3103
12159
3118
2453
2451
2453
2442
9937
9527
9937
11892
8987
9601
8987
6406
1966
2143
1966
1956
11467
9898
3626
3607
10724
10223
6701
3389
6701
4948
11075
8101
11075
10042
8538
8543
4349
9212
4349
9226
4349
10680
4349
4294
4489
4481
11897
2325
9623
11219
6415
4100
10546
5957
10546
5956
10546
7091
12108
5977
12108
11642
12108
7522
12108
6415
12108
4874
12108
4239
12108
3962
12108
5443
12108
5080
12108
3086
12108
5932
12108
2881
12108
6485
12108
4919
12108
7535
12108
3105
12108
6526
12108
4678
12108
5620
12108
5583
12108
9039
12108
5139
12108
3012
12108
6000
12108
4083
12108
8343
12108
6461
12108
5561
12108
5437
12108
9045
12108
5611
12108
5824
12108
4430
12108
6280
2132
1810
10270
12341
3209
4925
1534
1433
1534
1291
11042
5772
11042
6994
6955
8636
6955
4578
9399
8765
3028
3016
3028
3017
3163
6816
3163
8824
3163
3162
4255
4182
5916
4588
948
944
11494
2314
7581
3924
7581
10066
4854
4351
5736
5738
9715
9802
6323
4351
9161
11691
8360
8299
7312
12132
7312
5915
541
538
69
181
69
95
69
52
69
179
69
54
69
58
69
13
69
1
69
229
69
6
69
202
69
317
69
71
69
177
69
208
69
188
69
204
69
184
69
114
69
227
69
115
69
205
69
190
69
185
69
306
69
76
69
21
69
92
69
282
69
63
69
297
69
98
69
60
69
94
69
0
69
326
69
230
69
320
69
99
69
203
69
183
69
175
69
180
69
106
69
86
69
292
69
14
69
97
69
65
69
64
69
57
69
191
69
26
69
189
69
93
69
300
69
196
69
12
69
59
69
228
69
314
69
207
69
187
69
178
69
284
69
74
69
22
69
217
69
43
69
87
69
107
69
277
69
148
69
10
69
91
69
111
69
281
69
219
69
89
69
109
69
23
69
279
69
96
69
193
69
2
69
56
69
8
69
182
69
51
69
197
69
323
69
116
69
201
69
72
69
199
69
186
69
206
69
75
69
83
69
29
69
192
69
198
69
66
69
28
69
24
69
143
69
194
69
7
69
283
69
73
69
303
69
176
69
110
69
280
69
85
69
90
69
11
69
62
69
44
69
88
69
278
69
108
69
77
69
84
69
311
69
200
69
195
69
25
4012
3974
5467
5468
9951
143
4724
3647
9043
12159
6880
3608
12160
11701
9592
10553
9592
5599
2353
8871
249
163
12247
2578
12247
2717
1790
307
4546
10659
4546
4437
4546
9260
4546
9224
7919
4192
6197
3739
5075
4194
9510
11515
6711
3391
6711
5049
1843
1842
12142
12172
12142
8318
12142
8266
12142
8304
12142
8342
12142
8314
12142
8332
7643
6166
7643
6154
6405
4107
12471
12477
12471
11863
12471
11886
3041
12174
7739
6463
7739
4734
1934
2236
5130
3269
6933
5444
6933
2784
5494
9813
5494
5497
5494
5393
5494
11346
5494
5396
2265
8809
7976
8130
7976
8489
4233
4139
4233
4237
5906
5917
5906
4680
407
404
951
1199
1798
327
3219
3210
3219
3211
10236
9834
10236
9382
10236
9409
10236
9398
10236
11398
1533
1435
1533
1292
1533
1433
10854
11422
6164
3543
6627
3795
7302
8196
7302
5171
9705
7885
11983
11889
11983
10995
5770
3665
5042
8604
4002
4000
7958
7087
7958
5950
9286
5368
4093
3198
3324
3253
10096
9232
949
948
8995
10541
7359
5940
7359
5978
652
712
652
744
12436
8814
12436
11854
1814
1813
5741
3681
7272
3140
7272
4465
9675
9204
11023
2508
11023
2490
3972
3952
5858
9076
5858
8079
11168
3875
545
779
2381
8893
1322
1321
6342
4321
6342
4367
6482
3409
1530
1266
1530
1445
1530
1597
4789
11750
8221
8763
8221
8756
8221
12339
2997
2969
547
774
8006
3229
5876
12037
5876
3152
783
571
783
836
10228
4199
7593
8087
7593
3901
6766
3948
6766
3956
11115
8102
11115
4337
3389
3237
3449
12014
3449
5481
3449
11324
3449
11326
3070
3060
6375
8304
6375
10029
10531
8290
3945
3866
8317
3229
1594
1712
1594
1371
9642
3561
12020
5707
5105
3306
2964
10246
2964
2889
2964
8723
2964
12042
4557
12002
4557
4648
4557
9186
4557
11944
6019
5062
6019
4372
9480
8383
9480
12489
9480
10358
9480
8353
7245
5823
7245
2945
4696
4667
11821
11467
11821
2368
11821
10945
6910
2723
6910
2752
4594
4591
3911
3851
3911
3898
7191
3728
9722
12334
11176
10047
1791
1790
6984
3700
4332
4288
2499
10630
2499
5452
2499
2452
2499
11682
4284
11780
4284
10261
4284
11378
4284
10263
4284
11390
7090
5648
7090
10565
3680
5499
3680
3578
7369
5068
7369
4446
3731
3730
2786
2761
2786
2781
5868
3151
5868
5838
7403
4271
5717
3438
11158
2430
4885
11205
10321
6842
10321
9947
10321
10333
2954
8686
2954
12329
11578
10051
3827
3798
11299
10229
4567
4444
10492
4962
10492
6944
5386
8769
5446
2777
12332
9816
8328
10858
8328
5288
1266
1265
5935
4602
9950
9951
8610
6858
6778
4022
6778
5128
674
269
11039
6591
11039
3909
11592
11633
12480
10380
10044
9638
10044
9638
5621
12212
5621
12209
3060
3065
3060
3009
2699
2688
2699
2672
6756
3352
6756
3342
10417
3854
10417
3831
6747
3359
6747
3331
7815
4001
7815
12021
1511
1251
1511
1451
1511
1247
8493
6098
2549
2540
6086
5177
6086
4164
463
462
1404
1501
11431
10881
11431
8770
11431
10323
2517
8758
2517
9851
2517
9737
5457
10241
5457
5371
5457
5370
5457
5372
5457
10913
5457
11358
5457
11356
8580
3116
11930
10543
6808
3884
6808
3834
9961
3560
9961
3563
7835
11874
7835
9507
7835
9930
671
170
1406
1500
4229
10669
4229
10685
4229
10636
10897
8786
6929
2787
6929
2774
11911
2378
9137
10157
9137
9254
9137
5686
7373
8392
7373
6275
1642
1543
1642
1512
7968
8135
7968
6353
7723
6459
7723
3427
8336
4260
5760
12198
5760
9208
5760
11262
204
223
3710
3695
5216
11509
5216
9440
5216
10923
5582
9700
5582
9091
5582
9095
11206
10607
4644
4510
3135
3121
3135
3136
735
778
735
474
735
852
184
146
10864
9442
10864
8778
10864
10884
10187
12309
6243
4682
6243
5081
6154
3513
11848
9931
2309
11908
12253
2966
9537
2277
10113
9208
5579
2819
251
164
8430
6148
8430
5725
6132
3445
6453
4136
6453
8349
4116
10731
4116
10230
4116
10249
2585
2574
9988
4046
9988
5152
1826
329
9366
11436
9366
4880
10946
10357
10946
10960
8938
2755
8938
5441
2894
2470
8167
3894
8587
5669
8587
10668
8587
5670
2398
8879
8865
281
10673
11302
5247
8725
5247
5161
6555
6110
6555
3973
10025
8160
7107
4332
7107
8267
9271
11338
9271
11410
9271
5395
7800
4057
7800
4048
9774
10215
11318
10727
1309
1308
7048
11595
12044
12486
12044
2404
12044
9544
5308
217
3612
6848
8194
9362
2718
2703
405
404
10180
5701
2867
9265
2867
10201
2867
11330
2267
10991
7981
6065
7981
7112
8759
11444
8759
8764
1485
1459
1485
1454
3273
3220
3273
3271
893
723
5881
4469
3303
5089
3303
3302
3303
5200
4713
9904
638
700
638
690
5278
8722
5278
9777
5278
9822
12375
11455
1187
947
1187
942
6314
4441
6314
4527
3269
8213
3269
9201
3269
3256
3269
8618
10210
9841
10210
12053
10210
10778
9301
10745
1117
974
2932
2913
2932
2935
7465
6091
7465
4168
9804
9332
10669
10183
5256
6326
5256
5510
3687
3671
3687
5500
8926
6568
8926
4034
7616
3456
10703
10212
4849
7518
7077
5642
7077
3085
2426
11264
2426
2427
2426
11270
2426
9713
8112
8490
8112
8113
4625
4609
4625
4600
12002
4479
10957
44
5609
10628
5609
8540
1040
966
382
381
8712
8724
114
53
227
310
4931
6543
1733
1737
449
773
449
440
5563
2726
4354
9212
4354
10680
4354
8596
4354
12257
11100
7110
11100
6035
1032
1079
1032
1036
10659
10675
7898
11194
7898
5250
7455
4186
7455
10049
1856
1847
1856
2190
2133
1797
2133
1788
2133
1783
4397
4399
4397
4346
2771
2746
2640
2624
5266
74
4205
4201
4205
4190
4512
4511
4512
4479
11240
4361
3372
8605
3372
3243
3372
10633
4745
9596
11181
11192
10994
10379
10994
11515
12374
11435
8773
8776
3259
8334
3259
3209
3259
8249
3259
5695
3259
7884
2846
2815
10437
4638
10437
4494
12447
8806
12447
12464
7714
4082
7714
5162
3198
3193
3198
3195
165
5553
2690
5553
2680
11966
11809
11966
10819
11966
11801
7530
3273
4364
4313
6479
11227
6479
3413
6479
11228
6479
10122
9020
10048
450
449
11696
11992
11696
11992
9408
5381
9408
9863
9408
5382
4772
3437
3485
3486
3485
9760
3345
7882
3345
5693
3345
5687
3345
8682
3345
5688
6101
6102
1875
237
7289
4684
7289
4642
170
153
9114
3080
1155
1175
1155
1120
1155
1019
3989
3987
1264
287
9891
11842
9891
9897
5371
5372
5371
5372
626
736
626
590
10967
8868
9487
10993
9487
10985
9487
2356
9487
5332
9347
10810
9347
10813
9347
10254
1752
1728
1752
1632
8146
8194
8146
10689
8146
3840
8157
8156
2214
1908
2214
2216
9356
8763
9356
8756
9356
12339
6887
2582
6887
2571
1877
1876
10812
10840
10812
5286
1497
275
2515
2430
5401
11357
11411
9845
11411
7837
11969
9512
11969
9511
11969
11858
5193
4184
6509
7530
6509
3297
1148
1178
1148
929
11699
10159
9378
9895
9378
9396
9378
9909
9378
11819
9378
11814
4802
12314
4142
4128
6071
4984
6071
4144
10832
9399
10832
10873
10832
10870
6463
3235
8803
8854
2857
2844
2857
2855
3924
3890
12045
10375
9192
8182
7224
5761
7224
3667
4175
8323
4175
8657
3402
4957
3402
7134
3402
3345
1122
968
8769
12408
6565
3982
1241
1240
2801
2786
2801
9301
2801
8659
2801
11736
11327
10777
1027
1122
874
884
8855
91
8516
10094
5998
11581
4030
3865
1308
343
4460
9623
4460
9043
4460
10562
10077
9181
10621
8593
10465
4595
10465
4911
6804
4039
6804
4004
753
897
753
555
9223
11722
9223
11308
9223
10245
9223
9732
9223
10227
9223
11723
2271
317
6039
5669
6039
10668
4953
11204
4953
10067
4953
9670
3541
9271
3541
9287
3541
3505
10935
4993
10935
10352
10935
12476
7210
8259
7210
12168
11832
11867
3006
2964
3006
10142
3006
10647
2366
8897
11718
9268
6299
4998
6299
8410
3221
3212
3221
3211
7997
3196
8389
10341
8449
2821
8449
2490
10717
5401
1354
1353
8070
11285
8070
9759
8070
9790
8070
9782
6158
3511
10868
9875
12207
11656
12207
11653
12207
9087
12213
2994
682
445
682
584
9315
4994
9315
12344
9315
10240
9315
11772
4648
4511
4648
4555
2593
2581
2593
2594
12302
4853
577
877
577
795
8670
8687
8670
4946
8670
10741
8670
8724
2262
10722
6176
3523
6176
3533
8952
5118
8952
7092
11641
10059
5222
8586
5222
8367
5222
8368
4707
11148
4707
12089
3317
5698
3317
5013
3317
3319
3317
3315
8591
3430
8591
5040
7964
6322
7964
6321
7964
5986
12348
9833
981
1132
4677
4647
2919
2905
11154
10031
11243
8214
11243
10674
5864
3071
5864
5887
164
8641
5238
10582
5166
6206
10559
6206
5736
2459
11685
2459
8610
2459
2448
2459
10672
4288
10643
4288
10104
4288
10105
4288
4290
2739
2735
6988
3697
6537
4025
7113
10603
7113
4174
7113
9100
7113
9669
10760
12305
11953
11420
11953
8752
11953
8761
2643
5314
2643
8598
2643
2627
2643
11710
4598
4585
4598
4600
12421
8797
12421
8800
8041
5037
8041
4091
12411
9394
12411
9415
830
778
830
856
830
475
5897
12002
5897
4648
5897
9186
5897
4774
8219
8221
863
790
10048
8371
10048
9636
10048
9121
2976
2942
7180
5006
7180
8117
12190
4388
705
464
705
460
705
855
5339
11487
6774
9626
6774
3346
6431
6432
3570
3562
8324
8805
11086
6538
11086
7551
4830
8807
4830
5194
10107
12276
3691
3693
3691
3676
7025
2789
7025
2767
2958
12285
2958
2953
2958
2918
9555
188
7549
3252
4916
6692
8837
5269
120
12269
12293
12269
8689
12269
8181
1612
1399
12123
3624
12123
4340
12123
3675
12123
3639
12123
3605
12123
5750
12123
6480
12123
4037
12123
5763
12123
3625
12123
5774
12123
3426
12123
7534
12123
7193
12123
3630
12123
5515
12123
8385
2815
2814
2815
2439
301
302
10770
10795
3493
3484
3493
3495
11164
9619
9887
10931
9887
9444
5323
2432
5854
11605
4736
12139
10906
9911
10906
10351
8817
8826
115
55
2835
9781
2835
9774
2835
2804
9491
4791
9491
10993
9491
9494
9491
2352
1098
1183
1098
961
1098
1026
1098
1126
3560
3556
9322
9418
9322
9855
9322
9410
9322
10814
9322
11363
2107
2213
495
492
2047
1830
2047
2046
2047
2016
1541
1227
1541
1468
1541
1223
11405
6829
9565
4034
9565
9060
2968
5217
2968
5817
2968
8564
2968
2970
4441
4387
4381
8731
4381
10821
2723
2712
3336
3317
4979
6064
1436
1721
1436
1293
11197
9731
11197
10624
5415
2515
5415
2523
3782
3450
11797
11801
11628
2560
10224
11777
1799
1798
8721
9405
8135
4188
12321
10754
4127
4085
4127
11315
4127
10655
11019
4918
11019
2507
11633
6281
5531
2596
5531
2613
4049
4040
2045
2043
2045
1839
2045
1835
11375
2263
6115
5708
6115
5710
6115
9716
157
5009
4105
4470
8620
4470
12288
4470
11275
4470
3137
2393
12512
4963
12224
4963
10062
10455
11145
4728
3754
2105
1886
7786
6536
7786
8479
8660
8128
10876
11827
1689
1707
1689
1504
1689
1319
3328
7134
3328
9136
3328
4766
3328
3300
9099
8556
1722
1730
1722
1723
1095
1188
1095
1081
7954
5884
7954
4474
12078
8468
10289
5327
4211
4205
6891
2614
6891
2598
8962
7090
8962
4616
11482
12448
11482
4761
11482
8816
11342
9824
1564
1582
1564
1571
9239
8648
6168
3515
8060
7551
8060
4014
358
30
12266
2565
6023
4216
7699
7993
7699
6406
10858
9424
10858
8774
10858
12429
313
5185
3763
10741
8708
12138
3410
12138
2718
12138
4953
12138
12186
12138
2622
12138
8121
12138
4491
12138
4241
12138
8337
12138
8388
12138
12228
12138
10566
12138
3000
12138
2487
12138
4905
12138
2891
12138
8465
12138
3096
12138
5562
12138
8382
12138
10572
12138
7092
12138
5187
12138
8480
12138
7519
12138
2790
12092
9007
7437
4236
7437
10065
12430
9928
5498
5495
5498
11980
205
172
1697
1367
1697
1716
5967
5968
8269
8270
4535
4412
9374
9396
9374
9400
190
139
8303
9179
12195
4386
1205
1210
5111
3975
1230
1229
479
472
479
776
11101
6457
11101
6466
6675
4530
6675
4560
10272
9838
10272
10831
2616
2590
11479
8800
4085
9779
4085
4088
210
10553
5787
1002
954
1016
1215
7932
6184
7932
6982
10359
8817
10359
10970
10359
10361
185
144
796
797
796
890
796
518
306
308
5994
4269
9910
9920
9910
12432
11874
2311
6181
4885
6181
9077
6181
11202
76
3112
3101
3112
9246
5027
7033
6240
4500
6240
4477
10245
11805
10245
5474
10245
4871
12320
9335
6642
6623
6642
7145
2441
2436
2441
2444
9766
8674
2207
2075
2207
1779
5149
4232
3809
3443
286
47
7228
4724
7228
5765
3763
5042
3763
3749
3763
9166
3763
5043
5659
5660
3928
3896
6100
6102
1683
1559
1683
1415
1618
1619
1618
1326
3430
9367
3430
9276
10998
2276
7585
5041
7585
3830
11804
8403
11804
12495
1339
1338
9165
3753
1381
1378
9711
10670
6327
4354
3779
5226
3779
5715
11947
8991
11947
3641
11947
8226
11947
6286
11947
4565
1476
1219
4982
5992
6951
4453
6592
5007
6592
5190
7894
9022
7894
2493
4251
4140
4251
8632
3167
3164
3167
5209
9880
8785
5400
8715
5400
12345
173
11463
10929
2800
2801
2800
5449
5832
3056
8983
7141
8983
9021
7096
12049
7096
5952
612
882
598
878
12283
2438
760
532
760
527
760
850
11071
5248
11071
5882
6705
7515
6705
5069
10302
9889
9627
6142
9118
11236
11509
8840
6411
5142
6411
4169
5519
2568
5519
2555
2981
2954
2981
11331
707
453
707
457
707
591
9404
9870
9404
12501
9404
9449
8273
4408
8273
5990
8273
2678
8273
3070
8273
2549
8273
2568
8273
2879
8273
4990
8273
8380
8273
5569
8273
8326
8273
2788
8273
8329
8273
2521
8273
5801
8273
2648
8273
4475
8273
5558
8273
4331
8273
12170
8273
2514
8273
3122
8273
8392
8273
2425
8273
2596
8273
2840
8273
2694
8273
2613
8273
8276
8273
5440
8273
5574
8273
12143
8273
8310
8273
3145
8273
5434
8273
12148
8273
2474
8273
6275
8273
2429
8273
2555
8273
2529
8273
5892
8273
5445
8273
12024
8273
2633
8273
2655
8273
4945
8273
4612
8273
2410
8273
12192
8273
8404
8273
8271
8273
4235
8273
5933
8273
2583
8273
2536
8273
4688
8273
11645
3936
3921
5812
12229
4368
4316
1233
1232
7236
5800
7236
2945
11544
8290
9933
2344
9933
9535
9933
2357
7718
5105
7718
6483
3194
8670
3194
9264
7867
12343
7867
12343
3875
3257
3875
9694
838
550
838
771
9929
9525
4261
5996
4261
4155
299
3157
3119
3157
9762
3157
9677
3157
8192
371
370
6961
6962
12230
4268
8892
195
9808
5425
9808
5353
4690
4668
11805
12366
1338
1337
6318
4424
6318
4406
5274
14
9747
10779
5673
6033
5673
11254
5673
9138
5673
6032
5673
9153
5673
4806
9155
4584
4358
4311
7187
6199
7187
4881
1655
1678
1655
1676
8402
4516
1172
1039
1172
965
5435
10688
7857
5431
7857
6866
11545
5573
11545
12216
5946
4668
3516
3508
3516
3542
4376
4304
11453
11461
10579
4580
11132
4301
11132
6360
7801
4049
7801
4008
10373
9538
4893
10935
4893
4801
4893
4936
4893
8295
926
915
759
789
759
567
824
511
824
853
3842
3803
3842
3838
9300
2435
9300
12373
9300
5357
9300
9341
2358
6814
2358
7827
7771
9051
7640
3571
7640
3525
10403
4644
10403
5224
10563
11203
10563
10583
10563
9070
7321
7295
7321
5912
480
479
10090
8585
8934
3575
8934
3500
522
521
12444
4795
12444
4828
4406
4349
2898
2476
10369
9505
10609
9207
9984
3001
9984
2983
617
616
4619
4657
4619
4570
5957
8084
8259
3691
9040
2483
7846
4064
12194
7518
11761
11771
8372
8573
2512
10667
2512
2517
2512
2511
2512
2413
6722
12031
6722
8346
10191
9360
2530
2519
8485
11654
5703
8701
8345
3062
7417
4377
7417
4333
9756
11332
5669
12245
1471
1285
1471
1281
1457
1725
1619
1329
8198
12045
8198
2364
8198
9505
2714
11721
2714
9305
2714
2713
5304
65
7044
5613
7044
5608
3753
3746
3753
5732
1566
1568
1566
1573
11875
8866
4250
5996
4250
7100
11314
9826
374
373
9778
3116
3146
3109
6950
6951
3905
3843
7492
4108
7492
4083
10881
10908
4416
5654
4416
4419
4416
9679
4416
9159
3476
3467
10619
10137
2202
2220
2202
2008
2202
1880
7666
6198
7666
6196
10413
8144
10413
4464
5625
2488
5625
2506
2458
8583
2458
2447
2458
5451
835
568
835
914
2882
2877
12361
5329
12361
5176
12361
5330
3458
5717
3458
10649
3458
9193
3458
10095
3823
3839
3823
9316
2412
10977
4563
4515
2104
1900
9066
11217
990
1033
990
1015
4609
4543
4609
9721
2044
2014
2044
2043
2044
1838
9826
10302
9826
11817
9826
10342
5931
4623
12504
8108
8562
10674
6278
7906
6278
4564
2704
2699
788
887
788
845
6852
2416
6852
2551
7554
6106
7554
3859
5314
2619
2060
2059
2060
2140
3735
3724
4881
3763
7407
4300
7407
6356
1685
1418
1685
1519
8182
2981
10325
10330
10325
12452
10325
8175
5713
10820
5713
10826
5713
11793
3915
12321
3915
5713
3915
10752
3915
11755
2031
1871
2031
2027
6256
8402
6256
7905
7195
5736
7195
12204
1084
1208
5849
3044
5849
3097
2316
8855
11304
11331
7488
4118
7488
4082
7348
5934
7348
8491
375
372
12226
3016
11274
12331
3290
9116
3290
9175
3290
3288
3131
8538
3131
8254
3131
8505
12405
8391
12405
5218
12405
4306
12229
2929
12163
3669
4186
4183
9818
10824
8888
191
2068
2135
2068
1797
7949
5779
7949
6998
6247
9661
6247
9666
2013
2112
10183
4141
7727
3262
7727
5002
9838
5381
9838
9863
9838
5382
8464
8317
7377
4930
7377
4539
9133
9227
9452
9471
9452
9471
898
731
898
910
6308
4433
6308
7961
2674
11696
2674
2663
2674
8584
2674
9169
10690
5360
10690
4915
10690
10721
10690
6857
10690
9285
10690
5172
5453
8583
3662
3651
3662
3658
5132
4131
11972
9342
11972
6830
4579
10772
4579
10775
4579
10315
4579
11445
4579
12364
4579
10297
2568
2559
9965
4685
9965
5971
7831
11495
7260
12166
7260
3050
8412
5506
8412
3630
586
450
586
875
3960
9104
3960
11207
3960
5011
1736
1607
1736
1280
1736
1608
1736
1293
1736
1285
2173
2132
2173
1806
2173
2050
10893
11472
11998
11776
11998
11368
11998
8067
8497
8143
7811
6569
7811
3922
6743
5131
6743
12151
11668
11235
4054
9093
4054
10071
4054
9131
6639
7150
6639
7146
3506
12332
3506
10751
3506
11344
3506
9787
1730
1607
1730
1732
11435
4713
11435
4066
11435
8784
4097
3189
4097
9221
11551
5944
11551
3666
11551
4700
10982
11887
10982
6839
9462
12471
9462
8808
9462
9485
9701
9724
6623
9103
6623
9101
6623
4804
8454
5616
8454
5610
11400
5297
1694
1366
1694
1425
4237
11278
4237
10152
4237
10165
4237
9299
12425
10906
12425
10916
2199
1810
2199
1805
12404
2422
12404
10892
12404
10889
4998
4448
6937
9099
6588
3897
3072
3061
12316
10270
12316
12374
12316
9872
12316
10853
12316
9892
12316
11945
2303
2302
1191
971
10312
12360
10312
12360
4064
10284
4064
4877
1647
1669
1647
1667
7647
4914
7647
8344
2089
2236
142
2576
5281
2576
10702
2576
2418
2576
2587
12081
5019
6715
12194
6715
5101
2061
2060
2061
2050
2061
1809
6401
4185
6401
4249
9108
3243
3045
3032
11519
2398
9129
8169
9129
3120
9129
8601
9129
8664
826
477
826
852
9047
4899
9047
12185
9047
3829
9047
4864
9047
3524
9047
4724
9047
4332
9047
3303
9047
12190
9047
3782
9047
4242
9047
12168
9047
6469
9047
8333
9047
5765
9047
4917
9047
3814
9047
3539
9047
4031
9047
3923
9047
8256
9047
7137
9047
7192
9047
7151
9047
6987
9047
4566
9047
6282
9047
6989
9047
3690
9047
5097
9047
3770
9047
12131
9047
3407
9047
3709
9047
3996
9047
12034
9047
4371
9047
6124
9047
12146
9047
3954
9047
12173
9047
3472
9047
4410
9047
8322
9047
4045
9047
3460
2030
2087
2030
2028
2030
1870
2558
2553
2558
2541
9955
3813
9955
3828
5463
4511
3652
3650
3652
3657
1872
236
7708
7999
7708
4843
1158
1040
1158
967
5509
3601
6193
3726
3970
3965
9414
4711
9414
12468
5071
8715
5071
12345
5071
5399
5071
11973
7270
3146
7270
5887
1234
1231
5802
11203
5802
10583
5802
9070
5479
9253
8313
2862
3941
9767
3941
10217
3941
4007
3941
11320
4553
4513
4553
4551
5101
3343
3468
10096
3468
10134
3468
9152
3468
9149
19
5772
3648
7241
5810
7241
5821
12457
11511
12457
10942
9056
7032
7678
6327
7678
4358
7597
12021
7597
8385
1757
1584
1757
1554
1145
1193
1145
1103
2606
2593
2606
2604
11111
5117
11111
3292
6371
5168
6371
4240
7656
12111
7656
3756
9078
4550
10535
10056
11149
12148
11149
11155
3102
3089
3102
3090
2993
2959
2993
2972
8790
8227
1083
1216
10134
9232
12319
12333
6266
4669
6266
4651
8225
9797
1445
1719
1445
1279
3839
10236
3839
5478
9920
12450
9920
2312
9920
9930
877
547
877
791
6862
6847
6862
3604
7564
4012
7564
4048
4330
9113
8991
8226
8552
3121
9740
9288
9740
9273
5745
3706
11027
6297
11027
4335
2341
8868
9671
4162
3819
3822
3819
3784
9184
8635
871
879
871
875
11009
11014
5375
11441
2742
2745
2742
2735
9895
9912
810
733
810
631
8534
8578
562
668
10728
9798
9343
10850
9483
12454
10963
9530
2493
6867
2493
8556
5696
5697
11655
11213
491
490
10433
2662
10152
9742
11721
5116
11721
5116
126
3481
9145
3481
10097
3481
3471
5019
12122
5019
12006
1959
2118
3341
3340
3341
6492
5557
2709
5557
2717
4436
4381
4436
4439
9584
3638
9584
5776
657
741
657
684
6105
9691
6105
10121
6105
10125
6105
4028
4201
11318
4201
11686
4201
12263
4201
10203
4201
11321
4741
4576
912
913
912
567
4858
3218
11185
2669
1579
1343
1579
1427
1563
1578
1563
1429
11498
9543
2930
2914
2930
4839
7126
5674
7126
6407
8777
10959
8777
8324
8777
9498
10396
3722
10396
6985
4876
10241
4876
5371
4876
5372
4876
5374
4876
8714
4876
12347
3024
2981
3024
9261
3024
5367
7451
8130
7451
4259
2775
5318
2775
9394
2775
9392
2775
9415
5342
11460
5482
5484
5482
5484
6550
3943
4393
4348
1136
981
1136
1105
5789
2510
5789
2492
8748
8767
12270
8120
2805
2782
6561
5174
6561
9626
8851
2368
5164
3158
2002
2214
2002
1995
10736
10803
10736
12330
3634
3628
3634
3633
11323
9556
6494
3279
6700
4068
6700
3262
7059
3015
7059
5634
9529
97
12439
9484
12439
2321
12439
11492
4906
3232
11934
8319
11934
9463
1668
1387
1668
1698
1668
1392
223
10916
10351
4428
6327
4428
7094
1217
69
1217
5
1217
4
1217
50
1099
945
2853
2820
8807
6819
8807
5219
8807
4999
6042
6043
4770
8899
4171
4107
1560
1509
3089
4876
3089
5456
7138
8140
5546
2678
5546
2655
11415
12363
12397
4832
12397
11935
6075
4165
6075
5676
3370
3244
3370
3368
5197
3188
5724
8622
6467
3370
494
493
719
493
719
578
3798
3796
3798
3432
6130
3444
8432
3573
966
1083
8244
9139
354
34
8153
8152
2165
1982
2165
1906
11537
11149
10979
2365
10979
12456
6883
2543
6883
2557
5405
5345
5405
5343
5405
5344
5405
11975
2863
2865
2863
5450
1669
1389
1669
1698
1421
1746
1421
1413
11935
2324
11935
11851
6216
12168
6216
3690
4032
3872
4032
8085
1929
1928
1929
1925
10598
10107
7985
7429
7985
5170
4760
4893
3277
3222
3277
9709
2909
2903
2909
2484
1903
244
6992
6993
5154
3133
5243
4015
8861
92
7103
5183
7103
4328
4292
4291
4292
4264
11748
2416
10021
10049
6551
3943
10677
12311
10677
12311
1350
355
5644
3059
9275
12001
7390
6273
7390
4523
7450
5181
7450
6063
2359
2337
2359
9942
2359
9945
2359
9941
2359
9940
2359
9943
2359
9946
2359
9944
4582
4583
4582
4537
352
36
7069
3027
7069
3039
1516
1265
1516
1597
8028
8174
8028
9048
5086
4043
10830
11816
8163
11211
8163
9647
8163
11657
12189
10099
12189
10091
12189
10088
704
564
704
756
720
489
720
485
720
580
9434
10923
9242
10171
9242
9259
1771
1411
1771
1745
1986
1976
11608
8476
11608
8467
11608
5818
8583
8652
8583
11715
8209
10958
8209
12446
8628
3749
3360
3281
11811
8811
10117
11256
9533
9539
9533
4770
9533
9536
11339
11924
3536
3499
3536
5721
10344
9909
10484
6541
10484
8343
2581
2576
2581
2563
6457
3306
11654
3081
6446
4948
6446
4080
6386
5165
6386
4258
6814
2354
10162
4940
4935
3205
4935
9832
21
161
9799
10788
5567
2757
168
158
809
828
809
823
2466
2465
2466
11753
2466
2450
4621
4618
4621
4570
8179
11386
8179
10271
8179
11763
8179
10743
8179
11764
7532
12176
6834
229
3900
5714
3900
3840
3900
8674
10953
8828
12186
11660
12186
9084
12186
9648
701
862
701
503
3016
12298
3016
9286
3016
9297
7220
6215
7220
5758
9305
2701
3248
5701
7461
6089
7461
4163
9686
3944
10429
4226
10429
5148
8850
8856
8850
11919
7073
3050
7073
12191
5594
2859
3683
3677
3683
11840
8036
4356
8036
7962
1353
1352
10707
11748
10707
10771
10707
12498
11222
9177
5885
4484
3528
4719
3528
3498
4717
5470
1578
1427
1578
1341
1578
1346
4868
11927
4868
10365
2879
8595
2879
10091
2879
10088
3307
10126
3307
7130
3307
3301
3307
7132
2622
2607
10648
10670
8296
2370
8296
12516
8296
2381
8296
2398
8296
4770
8296
12046
8296
2378
8296
12511
8296
5282
8296
12513
8296
5279
8296
12519
8296
2367
8296
12510
8296
2388
8296
2273
8296
2279
8296
2278
8296
2383
8296
12514
8296
2362
8296
2371
8296
2403
8296
12509
8296
12515
8296
2385
8296
5292
8296
2374
8296
8325
8296
2405
8296
8107
8296
12500
8296
2363
8296
2275
8296
2382
8296
2360
8296
2390
8296
2395
8296
5287
8296
8108
8296
2276
8296
2361
8296
2287
8296
12512
8296
2377
8636
10848
8636
10293
8636
11403
8636
4542
9428
7831
9428
9433
9428
11465
5596
2858
8034
3740
8034
12204
3807
3446
11731
12244
92
155
10783
10812
5147
12019
9171
8680
1806
1805
5657
5658
540
539
11218
11235
9684
10641
7335
10032
7335
5926
5208
10272
159
3748
9162
3748
3765
282
10280
8772
10280
8755
8634
4586
3851
3850
3851
11282
3851
9218
3851
3848
8294
4137
8294
7090
8294
4186
8294
5173
8294
5014
8294
4222
8294
5239
8294
10534
8294
6108
8294
9616
8294
5851
8294
4278
8294
6944
8294
9609
8294
7147
112
152
3173
4893
7940
6986
7940
3719
5029
3478
892
668
892
896
12489
2381
12489
9947
12489
9948
9902
12436
9902
12481
8798
9488
8798
12426
11477
9487
11477
9491
6650
3521
6650
4991
6816
2349
6444
5197
6444
12197
6384
11940
6384
4247
10357
10363
10357
9523
10357
2315
6232
4819
6232
5836
11065
6161
11065
3549
3120
10191
3120
9746
3120
3104
3120
5373
3014
2973
12015
6980
12015
6981
8267
10581
1589
1312
1589
1600
5969
4577
6092
4074
6092
12256
7873
7874
6003
4310
6836
6837
5517
3625
5517
5515
7903
5894
7903
6944
11924
6
12271
10151
12271
11269
5973
4582
4791
3162
4791
12482
3422
3415
12155
9127
12155
9665
12155
11212
11448
8891
5084
8123
11388
10847
11388
11402
7869
8141
9436
9455
9436
2368
9436
11838
9436
11907
392
298
4990
4153
6661
5192
6661
3576
10486
5214
10486
4046
10346
11882
3534
3499
3534
4719
7755
5117
7755
6488
9872
9892
9872
9892
5392
12378
5392
5338
1398
1740
9629
2726
6600
3828
6600
3856
4483
3135
4483
4486
4343
9715
4343
10682
4343
9720
4343
11737
4343
6963
11507
51
3203
5167
3203
5198
3203
12279
3203
3171
5421
2535
5421
2550
729
484
729
489
729
767
2792
2763
5840
2999
5840
9035
9845
10885
9845
9441
9845
8781
5178
4772
5178
3797
5178
9320
11527
2811
10310
11454
10310
10887
3169
9393
3169
9368
3169
8162
3169
8724
1186
1004
1186
952
1186
984
9393
12377
6214
8406
2379
12491
9201
8618
9201
8618
6828
11958
5646
8642
5646
9256
5646
9739
5646
8647
5646
11729
5646
9282
5820
2952
907
722
907
555
5156
4131
3777
3751
3391
3237
6329
4272
944
1212
12448
4812
12448
8836
12448
11505
3298
9111
5726
5727
7765
12185
7765
3407
6333
6017
6333
4299
10577
12150
6651
3488
6651
3522
4682
4556
8900
187
5544
2649
5544
2659
1399
262
11686
10177
12154
3469
3038
3036
7189
3729
10011
8236
10011
12025
11925
1
1865
1862
7859
2835
10698
10229
1751
1701
1751
1395
8246
12159
8246
11219
2139
1857
2139
2012
2330
8854
6496
3351
6496
3340
8018
3529
8018
6165
8528
3762
8528
5043
8528
8604
9633
5603
8410
4414
4904
3716
9749
9324
943
1070
10734
9551
3636
3591
3636
3631
2681
2665
5166
4097
8083
3252
11140
6274
11140
5958
4305
12453
9927
2328
11281
4028
7005
3642
7005
5505
730
755
730
558
3159
9129
3159
3119
10914
9449
3850
12295
2464
9823
2464
10276
2464
10258
8683
9797
4521
4520
4521
4417
3861
3267
7632
6144
7632
3568
7124
6415
7124
5082
9292
8697
11617
2860
11603
4389
4275
11943
4275
11943
5738
3680
5738
8571
5738
9154
5738
11229
10082
9148
6975
5073
1251
1248
9032
2453
7419
5999
7419
4335
6730
3380
6730
3401
5918
12144
539
538
2432
11967
2432
10257
2432
11820
2432
10891
5667
4244
8380
2477
3026
3020
10394
5508
10394
3635
4874
8539
1588
1710
1588
1271
1588
1276
8257
5263
12014
10803
3628
3596
3628
3631
2213
1818
2213
1823
5959
5963
5959
6956
4617
4546
5033
4071
2522
2512
2522
2518
10548
10563
1867
1866
8536
4125
5293
2361
6942
3029
11743
9422
1766
1767
1766
1408
4242
4234
4434
4388
9586
4631
9586
4664
11689
2768
7500
6088
7500
6408
5694
12293
5694
8689
5694
8181
10607
11253
10607
9695
10607
11244
10367
9507
10367
9509
11055
5164
11055
3139
3583
11355
3583
11351
3583
9250
3583
10791
4452
4521
4452
4400
4663
4660
4133
8569
4133
4125
8508
5016
8508
3185
4709
10951
1849
1848
11906
5265
11906
6844
6264
4613
6264
4930
12380
9462
10136
12226
3319
6102
3319
12237
3319
5700
10843
8749
161
11993
2422
8387
12497
8447
5572
8447
2826
7515
9109
11779
10827
7202
5742
7202
3708
9186
12002
9186
12002
11663
12153
6793
4058
6793
3990
10719
10788
7566
8600
7566
12162
5525
2597
5525
2585
3888
3817
1997
2137
1997
1996
63
211
1258
1257
8062
7568
8062
6567
9054
6105
12168
3684
859
598
859
873
12236
8334
12236
5696
12236
5693
12236
5695
12236
5687
12236
5688
7999
8000
6297
4317
1199
1205
8662
6834
10501
6586
10501
11173
2604
2594
2604
2603
7423
4405
7423
5183
10079
3785
7654
6190
7654
9649
1076
916
1076
933
5613
2813
5230
5231
6037
4170
1686
1344
1686
1427
1686
1699
8960
6586
10128
5602
10063
8586
793
771
11351
10791
11351
10791
8823
9524
2170
1933
2170
2159
2170
1988
10590
10684
10590
8558
10471
5585
10471
5593
4066
9904
2574
2554
2574
2564
297
299
10109
11689
767
577
767
498
9416
12410
9416
2265
9416
11487
9416
10911
2821
2454
12239
9733
7145
3468
8217
10713
5899
9666
2314
8861
7398
4429
7398
4533
5337
6828
5337
2266
5337
12398
10752
5713
10752
5713
885
749
885
887
8915
2896
8915
9041
2737
2714
2737
9736
12463
4903
12463
11853
1995
1934
1995
1987
11776
11388
98
165
6539
4027
7172
3737
11268
9345
11268
2302
8456
2853
8456
5586
9785
4346
1314
346
4822
4129
4679
4646
11909
2371
3562
12015
3562
10098
8735
3168
2668
2653
2668
2637
400
770
8121
2832
2917
5325
1296
1295
8478
8524
8478
8509
8478
11667
1735
1612
1735
1738
11199
12232
2943
2931
222
6688
4093
6688
8005
10762
10802
4078
3202
4078
9194
1190
942
3504
5485
3504
5487
11582
5649
11582
5647
11582
9603
8941
3565
9601
9610
11361
12362
2036
2112
2036
2035
10053
9651
10053
10078
10053
9652
6523
7549
6523
4823
5795
11622
5795
8480
4977
6479
6513
3861
6513
3348
4056
3940
9889
8209
9889
10338
399
397
399
393
2658
2642
3991
9672
3991
8211
9330
11797
9330
10819
7608
6140
7608
3806
12050
8585
7291
5914
7291
4491
3552
3548
3552
3540
11276
3682
1055
1024
1055
1116
4184
4161
4184
4140
8819
8118
8819
7833
1718
1727
1718
1726
12052
9103
12052
9101
6615
3472
6615
3460
3790
3451
7547
7548
2676
2674
2676
2673
7031
8488
6425
3199
11258
10155
8466
6942
8839
10381
827
478
827
856
827
852
7697
4090
7697
4110
1652
1673
1652
1662
9237
4586
3095
12164
3095
3040
7439
6351
7439
5022
11862
10378
11862
9940
11862
2344
11862
11870
2706
2675
5316
12502
5316
2389
10635
5489
10635
5489
7556
6108
7556
3964
4462
3161
4653
4621
9097
9150
9097
5717
9097
10095
11306
10731
1626
1773
1626
1684
1058
949
3235
3236
3235
3183
10287
11441
6254
4607
6254
6270
10921
12430
10921
10357
6143
3536
1744
1386
1744
1641
7578
3911
2478
2481
2478
2469
4047
4736
4047
9094
4047
4041
7664
3756
7664
3760
5007
3890
8652
2450
3474
3464
9571
5922
9571
4692
11490
12487
11350
4098
11350
4087
11350
9849
4414
11251
4414
4420
4414
12011
8970
3701
455
454
9064
8532
4948
3230
4108
4079
9824
11405
9824
12386
9824
8811
8052
6474
8052
7527
1259
1257
1259
1253
437
339
11017
3934
11017
6587
4129
4125
4129
4089
11757
11990
11757
11374
876
885
876
548
2750
2732
2750
2731
2716
2703
2716
2715
1908
1905
17
6575
3988
6575
3998
7046
2847
7046
5186
10653
4174
5306
64
12288
11310
603
883
1041
1122
1041
1027
5787
8516
5787
8500
5787
9667
4921
3456
9754
9364
9754
10247
9754
6874
9251
8179
10160
10695
12001
8684
12046
11925
4635
4507
11316
12331
4165
9088
3144
3110
8779
10347
3253
10114
3253
10133
3253
12252
3253
9178
3253
11271
3253
9240
1059
1022
1059
1115
2164
2101
2164
1981
2164
1911
8936
6182
8936
6163
4404
4342
6061
5677
6061
4225
332
214
9368
11989
10948
10972
2239
1928
2239
1924
454
233
2922
2906
12357
9428
2378
8873
6473
3402
5017
4840
5017
4994
5559
2728
11007
2370
3983
10618
3983
3929
3983
6114
3983
6113
7283
11642
7283
12134
9986
3710
9986
5751
6542
8582
6542
12227
6542
9198
7844
12390
5350
2271
5350
6849
5490
5491
4118
6068
1486
1460
1486
1455
5361
11740
5361
11753
5361
11335
9085
6123
5944
5945
10977
11983
55
1331
1330
10295
9862
10295
10319
6692
3243
6692
9130
3087
8345
3087
3086
7685
12188
7685
8381
6503
3336
6503
3364
5199
3965
6469
6471
4374
6002
3514
3508
3514
3517
11965
11391
11965
12499
11965
2419
1391
1388
9611
4301
9611
4918
9611
2566
9611
2647
9611
5431
9611
5677
9611
5563
9611
2616
9611
5567
9611
5596
9611
3014
9611
5959
9611
4663
9611
5573
9611
2543
9611
7913
9611
4890
9611
3147
9611
4407
9611
6273
9611
2489
9611
2520
9611
4094
9611
4815
9611
6024
9611
2557
9611
6360
9611
2531
9611
5616
9611
12216
9611
2878
9611
3092
9611
2657
9611
4185
9611
5827
9611
5610
9611
2507
9611
2537
9611
8077
9611
4249
9611
5426
9611
2584
9611
2920
9611
4595
9611
2629
9611
4911
9611
3001
9611
5970
9611
7923
9611
4971
9611
4432
9611
6866
9611
4225
9611
3123
9611
2595
9611
5584
9611
2983
9611
5808
9611
4120
9611
4523
9611
2839
9611
6295
9611
4458
9611
4637
9611
5442
9611
2691
11695
2672
1864
1863
4762
2270
60
210
451
232
6050
5230
6050
5227
6050
5229
10035
2837
3362
3281
742
607
742
390
742
602
8809
11873
8763
10946
5258
5259
8928
12163
7618
6597
7618
5191
12049
5653
8440
8102
8440
6326
6122
3821
1007
1080
9527
11515
7057
5635
7057
3026
2761
5319
2761
2732
6605
3807
6605
3788
5276
11
4040
11281
4040
8140
4040
10149
6781
6540
6781
6546
10119
4552
8395
3234
12511
8881
11337
12305
1462
1236
1462
1461
11694
8624
8148
2343
8148
4999
8148
2338
4752
4699
6459
3307
7094
4426
7094
4384
7094
5955
11964
12516
5573
2782
5351
5350
5351
2272
4300
5992
3196
3191
3196
3192
7000
3639
7000
5502
9406
8786
3934
3921
8207
12106
4590
10663
4590
10664
4590
4552
4590
6948
7234
9037
7234
9041
7382
4617
7382
4564
7442
8336
7442
10064
12240
3434
7475
5061
7475
6094
9250
11316
9250
8675
9250
9312
9250
7845
9250
11734
146
11567
9598
1313
1312
10679
5475
10822
10836
936
933
936
1203
936
919
2848
9711
2848
12255
8905
4177
7067
8100
7067
12174
2751
2728
2242
1936
2242
2258
3352
12176
3352
9168
7896
5619
7896
2494
11910
2370
5268
71
6285
6286
8753
11481
8753
11495
2907
2909
2907
2482
3279
3277
3279
3285
12376
9446
12376
11487
12376
9890
10141
8628
627
449
4719
5719
4719
5482
4719
11273
4719
5486
4719
5484
4719
10185
3309
9764
3309
3233
10170
11308
2877
2835
2877
2802
12379
9902
3263
3226
472
469
5996
4149
5996
4148
8518
2462
4155
9223
4155
4138
7540
3422
7540
3297
10663
6947
8875
87
7505
4121
7505
8315
11780
12368
9764
11361
9764
10769
9764
8750
9764
8693
532
531
7212
8073
7212
5758
4843
8493
4843
4778
10427
4475
10427
4490
9261
11304
9261
11304
1310
1309
10709
9779
3892
3823
3892
3893
9376
10904
9376
9848
9376
9389
1601
1348
1601
1426
8177
2933
11230
4520
243
31
94
153
8842
11517
2630
2610
6051
12165
6051
8318
1976
1975
1976
2131
2052
1799
2052
1804
2052
2051
9358
10292
9358
9375
9358
11399
9358
11409
5603
2830
10511
4874
10511
6000
2614
2590
9797
9817
9797
9811
5569
2733
2112
2012
11887
12485
7956
8131
7956
4708
9288
11341
9288
9317
9288
9795
5847
3045
5847
3026
11822
11979
11822
5335
2890
4794
2890
2915
10098
10635
10098
6980
10098
12317
10874
9549
7978
11166
7978
7110
2332
5267
7363
4614
7363
6280
5908
5913
5908
5155
10521
10014
10238
11379
3641
3629
7409
12155
7409
5993
12343
4398
546
779
6860
6862
670
275
9971
4432
9971
4523
11293
11343
8570
9697
4607
4547
8190
9255
5055
3231
8231
7102
8691
8307
8691
5477
8691
8398
880
886
880
884
7784
3973
7784
4024
10617
10654
10617
10645
10617
10130
11033
8163
11033
8129
11958
11871
2693
2686
11690
7841
4548
4436
4548
4928
4548
6949
4548
9698
8091
8470
1194
1133
1194
1205
1194
1205
8499
3995
8499
7136
8499
5590
8499
5881
8499
5609
8499
3989
8499
5111
8499
3970
8499
4617
8499
6088
8499
3149
8499
3401
8499
3075
8499
3039
8499
7906
8499
5182
8499
5800
8499
5062
8499
6602
8499
8109
8499
2845
8499
5823
8499
6544
8499
4060
8499
4633
8499
5592
8499
2510
8499
4675
8499
12145
8499
2861
8499
3376
8499
4923
3282
3285
3282
3265
3334
3310
12218
10676
6637
5054
6637
5192
6355
4157
4698
10559
4698
3769
4698
4973
4698
4969
4698
9081
4698
5051
4698
5736
4698
8336
4698
5222
4698
4049
4698
6588
4698
9078
4698
12155
4698
7172
4698
9085
4698
5944
4698
5755
4698
3988
4698
3804
4698
5993
4698
10064
4698
3740
4698
12171
4698
11630
4698
3963
4698
4842
4698
3998
4698
6993
4698
12204
4698
9061
4698
6127
4698
4247
4698
4902
4698
3666
4698
10555
4698
4008
4698
5220
4698
5747
4698
4370
4698
5764
4698
7178
4698
9080
12422
8783
2543
2538
950
1195
4577
4520
4577
4583
9460
9462
406
405
12508
2308
12508
2309
12508
2310
12508
9532
12508
2313
12508
2307
12508
2311
10226
11777
6923
5244
6923
5245
10682
12304
8541
8590
10001
5003
10001
4054
6768
4959
6768
3872
4223
4188
5281
8695
5281
2575
5281
10216
7729
6462
7729
3424
5140
5063
3670
5402
3670
3671
7379
9012
7379
5958
8008
8388
748
757
12141
2840
12141
2987
12141
11645
5878
3154
5878
4476
2430
2426
2430
2428
3952
3959
3952
3882
4914
3750
9655
9165
8420
3423
8420
7528
3591
5405
3591
3590
7252
12213
7252
9036
1528
1532
1528
1514
10904
12413
2364
2363
4315
4314
4315
4281
4734
3370
5856
3062
11166
4261
11707
10693
11707
11294
11713
6859
6249
4704
6249
4651
7015
2622
7015
2638
7947
4724
7947
8322
9049
12202
9049
10100
9470
2269
10990
5262
2974
2975
2974
2971
6758
8083
6758
11954
12073
5235
5507
3600
7913
4285
6841
9537
6841
2385
6841
8847
3125
3082
11392
10318
7649
4914
7649
5024
11517
8851
11517
2281
11517
5292
10791
11953
10791
11782
12133
10605
9127
9143
6776
5243
6776
3955
336
215
11084
6122
11084
5157
5448
2762
5388
11407
6365
12232
7733
3387
7733
3376
3080
8092
3080
9280
3080
3076
8326
4312
1405
1404
2788
2764
4239
4231
11912
2275
6204
6990
6204
3704
10320
9914
10320
12431
1529
1583
1529
1515
6939
2817
3213
10220
3213
3206
3213
9820
11638
5246
5866
3073
5866
5837
7825
9808
7825
9333
7825
9328
11156
10554
240
36
1994
1921
1994
1993
1994
1978
2283
11339
4099
4106
4099
10106
4099
6038
4099
9144
1739
1637
1739
1612
1739
1614
1739
1636
1739
1334
1739
1740
3660
3647
11421
11446
11421
11448
11421
10889
235
53
9211
8626
5810
2932
9665
9688
7262
12166
7262
5093
2479
10690
2479
2480
11178
2498
3962
3957
5780
3640
5631
2897
5631
2510
2018
2150
11208
10612
2063
2062
2063
1803
2063
2051
7353
5936
7353
4687
11591
3153
11029
3792
11029
8142
4491
4483
3817
3785
3817
3824
12331
11761
12331
10749
1265
1264
8338
4075
4783
4784
4783
4784
11147
10578
5925
4626
7966
4223
7966
4922
11623
2910
5218
4757
3837
11224
3837
8366
6174
3555
6174
3531
7599
3926
7599
4732
6806
4810
6806
6805
8782
8874
10331
10341
3110
3102
3110
3108
12128
10073
1607
1549
1607
1634
9912
9914
9912
12431
3383
3264
3383
3385
3443
5716
3443
3778
3721
9743
3721
9250
6013
4330
6013
7404
669
276
8560
9694
5477
3173
4322
7912
6870
11369
2079
2078
2079
1780
2079
2075
6088
4076
3004
11293
3004
11711
3004
9278
3004
5364
3004
9294
3004
12297
5065
4349
9441
8813
9441
5339
9441
9448
9732
10786
9381
8757
9381
10855
2092
1788
2577
2576
2577
2569
7820
3826
7820
6596
7646
9642
7646
6158
12201
12218
676
265
11298
4362
6779
4021
6779
5242
8329
2499
2467
10690
2467
11740
2467
11753
2467
11335
9046
3842
5334
12463
5334
11955
11038
3074
11038
10042
1869
1868
8575
5667
7840
2743
11647
4604
5282
8896
7251
2977
7251
5816
3592
3645
3592
5405
1280
330
4543
10801
4543
11381
4543
10790
4543
10768
2440
9311
2440
5210
3951
3882
3951
3958
2135
2065
12442
11444
12442
10906
12442
8845
12442
9949
8214
8215
403
402
2698
2667
2698
11627
9283
11982
9283
10865
4096
3189
4096
4722
5755
3692
790
791
10093
10643
2734
2719
10002
11614
10002
2872
1873
1872
2509
2502
10681
4113
10681
10750
8542
12230
3705
11701
3705
9207
7368
4569
7368
4538
2248
1971
2248
1949
5903
4677
5903
6945
4236
4215
7973
7917
7973
4236
3281
3277
3281
3285
6936
5092
6936
5447
3140
3113
10233
11812
10233
9842
10233
9854
511
510
5869
4459
5869
3150
1082
942
11159
4193
2914
10726
2914
2486
514
513
6267
4649
6267
4687
7969
8335
7969
7101
8092
4876
5873
3131
5873
3149
8003
4963
8003
7129
12165
9069
12403
3173
12417
4884
12417
8251
9972
5895
9972
4692
7085
7864
7085
5857
3675
3664
8444
5604
8444
5583
8384
11009
8384
12496
8384
2385
8692
8711
12496
11013
12496
2386
11026
5157
11026
8142
4890
5886
8232
10008
8232
8233
1901
1896
1901
1900
1283
1282
10522
2846
10522
10034
2137
1980
6294
5982
6294
7372
2322
8859
3642
3629
342
211
5940
4620
2548
2540
2548
2547
9945
2345
8605
6097
4693
12199
4693
2473
4693
2654
4693
8474
4693
4996
4693
4673
4693
2894
4693
4849
4693
4460
4693
4441
4693
2882
4693
5594
4693
5885
4693
6003
4693
6329
4693
7999
4693
5613
4693
2706
4693
4404
4693
5559
4693
4843
4693
2614
4693
5810
4693
4322
4693
5196
4693
5608
4693
2791
4693
2770
4693
2582
4693
4606
4693
2598
4693
2677
4693
6089
4693
2885
4693
5922
4693
5821
4693
2923
4693
9029
4693
2505
4693
8134
4693
5587
4693
6271
4693
2561
4693
2722
4693
4218
4693
2756
4693
5636
4693
7862
4693
5641
4693
2571
4693
12210
4693
4527
4693
4927
4693
4163
4693
5939
4693
4246
4693
2689
4693
5834
4693
8165
4693
5895
4693
2641
4693
2634
4693
4836
4693
7065
4693
3127
4693
4692
9057
3217
9057
9188
9057
11694
9057
6099
7596
8167
7596
4923
6809
3829
6809
3814
6034
8178
6928
5448
6928
5442
3055
3006
3055
10116
1119
928
2607
2608
2607
2593
4228
5073
1648
1751
1648
1472
7657
6193
7657
3760
6763
12026
6763
3968
4321
4285
9000
3712
9000
4866
9000
6181
9000
5149
9000
3905
9000
6539
9000
4069
9000
4649
9000
4369
9000
6047
9000
4051
9000
3718
9000
5224
9000
3322
9000
7545
2783
2773
2783
2779
1535
1296
1535
1434
1535
1550
9382
9398
9382
9398
9442
2267
9442
10339
9442
8800
9731
4455
7694
6358
7694
6376
3218
3220
3218
3210
9234
7878
9680
9714
7406
12172
7406
8304
6257
5978
6257
7904
10284
4063
10284
4062
10284
9858
10284
12056
10284
8397
8781
8813
8781
8789
8781
5340
10332
9895
10332
10344
10332
9912
7959
5959
7959
6273
9094
12139
12164
3057
421
420
3722
3699
11791
11809
11791
11800
1262
228
9911
9480
9911
10360
11173
2766
3477
10573
3477
8517
3477
10575
4417
4399
4417
5247
7918
11655
6753
7547
6753
7537
7667
6199
7667
6197
4044
4027
1649
1668
1649
1665
11120
3689
11120
5757
6380
8327
6380
4245
5004
11958
5004
2266
5004
8771
3065
10190
3065
10691
3065
6869
3065
9279
11014
12515
3950
3953
3950
3882
5110
12362
5110
12372
5110
8750
5632
2897
5632
5800
9475
8804
7250
2997
7250
2982
1370
251
9067
9117
4492
4485
7738
4843
7738
3394
6905
5432
6905
5428
9827
11411
9827
11803
9827
9377
9827
10281
9827
9387
5383
5384
5383
5384
5443
2776
11422
11823
11422
11445
1373
1370
6875
5385
10229
5481
3961
12177
3961
9173
5080
4173
7261
5829
7261
5833
9505
8890
3388
3227
3448
12294
3448
11305
3448
3429
3448
10204
9212
10680
9212
10680
8496
10597
8496
7868
8496
7874
8496
7870
8496
7871
6018
4874
6018
5010
6410
4119
6410
5032
4974
8635
1029
1084
3507
10635
3507
5489
3507
8599
3507
5492
5125
4629
1900
1897
6083
7880
6083
6096
10792
10265
10792
10811
10792
11395
424
423
4187
7113
7358
5949
7358
4685
2315
8855
11203
12009
5859
12203
11169
3338
11169
4944
11169
5893
11169
2985
11169
5075
11169
3389
11169
11185
11169
9629
11169
4822
11169
4948
11169
6459
11169
5940
11169
5213
11169
5253
11169
4210
11169
2843
11169
12215
11169
5978
11169
3862
11169
5248
11169
5585
11169
5811
11169
3400
11169
2491
11169
5831
11169
4530
11169
5882
11169
4119
11169
5593
11169
4357
11169
5244
11169
6493
11169
4394
11169
5121
11169
7904
11169
11190
11169
4913
11169
4560
11169
7087
11169
11186
11169
4819
11169
2661
11169
5032
11169
7533
11169
5133
11169
5165
11169
4258
11169
11184
11169
9622
11169
2927
11169
5782
11169
9630
11169
3427
11169
5427
11169
5836
11169
5615
11169
5575
11169
6531
11169
5950
11169
5433
11169
2995
11169
5245
11169
4080
11169
4334
11169
9625
11169
5571
6246
11596
2096
1938
2096
2258
12327
10860
4788
8837
4788
9527
4788
11508
7726
3263
7726
6691
8333
3310
5765
3654
9710
10158
7376
5100
7376
4540
5213
3032
11391
8878
6842
11915
6842
2384
7544
6478
7544
3293
789
913
1888
1865
1888
2235
5087
3978
12109
3855
12109
3833
12109
4056
12109
3474
12109
6355
12109
4220
12109
4879
12109
3575
12109
7916
12109
12169
12109
3902
12109
4985
12109
6095
12109
7476
12109
4337
12109
5175
12109
6973
12109
3922
12109
6090
12109
3462
12109
8150
12109
4298
10943
2269
6121
3824
6121
3783
9363
10289
9363
11808
9363
9370
3199
3194
3199
6046
0
2188
1814
2188
2232
9409
12427
9409
12440
5514
3623
2193
1817
2193
2057
808
826
808
827
802
838
802
788
2762
11690
2762
9185
2762
2749
2762
10642
2465
10258
6478
3328
3988
3987
7288
5881
7288
4641
10116
12253
10116
3004
10116
10142
10116
10647
947
945
947
1082
12382
12399
11504
8888
3361
3281
6456
3186
4113
6872
4113
5072
4113
5379
3537
3534
11653
10085
167
161
833
529
833
850
6217
2946
6217
2926
7899
5637
7899
5642
10658
11269
860
517
860
867
4180
4175
4180
10626
4180
5662
1932
1931
4761
10963
9612
4897
9612
3991
9612
9626
9612
9624
9612
6464
9612
10043
9612
2847
9612
6572
9612
12246
9612
5186
9612
5884
9612
6964
9612
5934
9612
5923
9612
9621
9612
8491
9612
6868
12158
9072
1577
1694
1577
1356
1577
1351
3276
3219
3276
3218
1970
1950
1970
2145
6570
3916
5362
9479
8860
2340
8860
2349
8860
2351
8860
2336
8860
2342
8860
2354
8860
2344
8860
2346
3774
3515
10676
10175
10676
10699
10676
10184
10676
10179
10676
10182
10676
10169
1010
1031
6691
6692
4025
4020
4025
11258
4025
11255
4025
9198
3258
9233
3258
9252
3258
5102
3258
4758
11095
12228
11095
10566
2158
1829
2158
2016
606
600
606
605
9687
9700
7460
5045
7460
6090
5654
12011
6541
10110
6541
8283
2635
2289
2635
2617
2635
12499
2635
5284
8768
9896
8768
8330
785
841
785
572
8923
5901
8923
5951
8037
5232
8037
11167
10706
10738
10706
11743
10706
11792
10706
10729
10706
11794
10706
8172
3804
3780
7613
6131
7613
3442
5253
3059
5144
9901
5144
11961
152
4210
4205
4716
12408
4750
11603
11235
10148
6062
4185
6062
4225
3306
10126
3306
7133
3306
12012
3306
7130
8637
10180
8637
3248
8637
5706
5999
4273
1592
1313
1592
1600
1592
1708
8297
2335
8297
2353
8297
2341
8297
5258
8297
5263
8297
2348
8297
5267
8297
5261
8297
5265
8297
2345
8297
2339
8297
5272
8297
9546
8297
8863
8297
5270
8297
2350
8297
12517
2921
2905
12018
11254
10354
10968
10354
9506
6447
4093
6447
5135
6387
4187
6387
5005
543
261
1375
1373
1375
1369
1324
1323
2182
2010
2182
1867
2182
1870
1101
1067
1101
1200
5566
2694
5566
8404
9015
6166
9015
6154
9015
5029
9015
4321
9015
8174
9015
3523
9015
3730
9015
6036
9015
8147
9015
3736
9015
5211
9015
4009
9015
3262
9015
12157
9015
5995
9015
4670
9015
6438
9015
4865
9015
7961
9015
3152
9015
5074
9015
5960
9015
6525
9015
3068
9015
6180
9015
5090
9015
3993
7525
3242
3490
3479
3350
7532
3350
7531
3350
8535
11474
8895
9379
9875
6508
3299
6508
4735
9252
3206
12106
9642
12106
4364
12106
6431
12106
3960
12106
3888
12106
6324
12106
3342
12106
4930
12106
4005
12106
4981
12106
8075
12106
12111
12106
12129
12106
3826
12106
3756
12106
3379
12106
8346
12106
4293
12106
12161
12106
4995
12106
5753
12106
5928
12106
3367
12106
8406
12106
4443
12106
6359
12106
5195
12106
5005
12106
3568
12106
4860
4922
4250
8264
11646
3017
12264
3017
8638
3017
9286
3017
11304
3017
9261
3017
5367
11941
4847
11941
3945
11941
4696
11941
5812
11941
8345
11941
4108
11941
6541
11941
4614
11941
2904
11941
8115
11941
12134
11941
3304
11941
4640
11941
6938
11941
2724
11941
2996
11941
5604
11941
4534
11941
3138
11941
2740
11941
5010
11941
2785
11941
3357
11941
5082
11941
2829
11941
6348
11941
3347
11941
6484
11941
4253
11941
4391
11941
2842
11941
2809
6052
8318
6052
12131
11319
10210
1845
1844
2843
5603
2843
10570
2843
9668
11580
2716
7127
4996
7127
5196
8776
9477
8776
9904
11933
10544
11933
4424
11933
4963
11933
4406
11933
5966
11933
2682
11933
12174
11933
12093
11933
2638
11933
2660
11933
6048
11933
8081
11933
5439
10205
2701
10512
3304
10512
6484
1667
1696
1667
1390
1667
1698
1661
1380
1661
1690
1661
1693
2719
2705
2719
2720
7470
6067
7470
4167
5664
10794
7049
2919
7049
12231
920
917
4877
8826
4877
4063
4877
10361
4877
4062
4877
8397
5309
326
10397
5966
10397
5118
8841
5273
5263
5264
8758
2401
8758
2412
1692
1425
4630
4618
4630
4627
1719
1724
1719
1443
2299
2298
1065
920
8143
9155
3891
3823
3891
3893
8254
3078
4614
4549
9989
9085
9989
6127
9262
9264
1971
2124
1971
2145
5578
10094
5578
7859
7211
5760
7211
5750
718
399
718
606
5697
12293
5697
12325
8939
4017
8939
3964
2074
2073
2074
2068
2074
1787
12296
4319
10364
8819
10364
11514
10364
9516
10364
11888
10604
8592
154
2408
2407
2408
2406
12062
8468
12062
8997
4437
4381
4437
4435
1962
2117
5556
2718
5556
5562
11852
9924
5547
2656
5547
2639
3351
7532
3351
7531
3351
8535
5196
4130
1465
1228
1465
1473
8425
5959
8425
5970
1644
1675
1644
1679
10142
11284
6466
3370
12299
4793
10574
10599
10574
11669
10574
10602
2590
2589
2590
2580
9353
4925
10821
10837
10821
8066
10821
11802
12513
9548
326
328
11850
11500
5608
2455
2128
267
2752
2727
733
628
733
360
1068
949
1068
1084
8870
279
10030
4456
6560
4031
6560
3954
1999
1997
1999
1916
10737
9793
10737
5491
230
67
5352
2425
5352
2429
465
458
465
464
1402
1401
516
891
7795
4931
7795
4021
7381
4616
7381
5068
7441
6023
7441
4861
3268
8213
3268
9201
3268
3256
8513
12167
5279
11924
4907
4908
10917
10925
2179
1947
2179
2257
225
10668
5023
1847
1844
6782
8282
6782
3968
8806
12475
8806
6820
8806
9497
10175
10192
11767
8170
2210
2116
4848
9372
2317
8858
11928
7848
11928
6156
11928
7141
11928
5762
11928
5503
11928
11929
11928
5158
11928
3638
11928
7191
11928
3924
11928
4211
11928
6467
11928
5243
11928
3807
11928
4434
11928
4047
11928
4300
11928
3641
11928
3660
11928
5729
11928
6091
11928
6190
11928
6458
11928
3732
11928
7876
11928
10066
11928
6167
11928
7998
11928
3889
11928
3955
11928
3555
11928
8507
11928
9649
11928
3707
11928
7173
11928
5201
11928
6286
11928
4029
11928
3390
11928
6356
11928
4892
11928
4055
11928
4254
11928
3832
11928
3531
11928
4168
11928
7523
11928
8202
11928
4198
11928
5776
11928
5079
11928
7158
11928
3869
11928
4565
11928
5743
11928
3408
11928
3788
11928
5756
11928
3668
11928
3330
11928
6141
11928
6990
11928
3704
11928
3358
11928
7140
11928
6128
11928
5234
4751
11146
2231
2006
2231
1894
2231
1891
9924
11504
9924
2365
9924
7826
9924
10371
12519
7
12300
10270
12300
12374
12300
11945
1643
1579
1643
1686
6634
3490
6634
3473
8122
5084
8122
5692
8122
5015
6440
5142
6440
4196
10385
2754
10445
5045
10445
6095
3561
12015
3561
10098
4821
3327
12469
10976
12469
2334
12469
10370
12469
8856
3700
9230
3700
3682
3700
9734
4059
3981
3337
3317
11196
8557
11196
5103
1069
949
1069
1010
11634
6939
7428
6323
7428
4376
1356
1355
4574
4452
357
32
9335
8731
7171
3758
1802
1801
11849
10959
11849
9498
5618
2504
5618
2475
12367
12381
2679
2666
12215
2500
2822
2457
8503
5722
5685
5208
5685
5681
5685
3224
4138
9846
4138
10269
4138
9830
4138
10304
4917
3747
4668
11677
4668
6951
4668
4658
4668
12254
8469
9133
10751
9340
8836
9529
464
461
10848
10295
8050
3373
8050
6488
4737
11601
9886
9452
9886
9458
11352
5143
11352
11781
11352
10250
11352
11768
11352
4759
11352
11366
7944
6993
7944
5764
6798
3938
6798
3990
996
1177
3883
9776
3883
11731
3883
4896
3883
5114
11576
2667
10907
10935
10907
4936
11279
8178
158
10472
3325
10472
9061
8650
9776
113
152
8816
12472
8816
4762
8816
8836
11579
2748
11309
9295
10877
8893
10215
9799
10215
5356
320
322
10502
6485
10502
3304
8661
6835
592
871
592
583
101
8600
3899
5844
2998
5844
3027
11263
11281
673
271
11955
6818
11955
3163
11955
8830
315
316
12124
11650
461
235
8061
6567
8061
6546
2663
2664
2663
5314
2663
8598
2663
11710
7436
12148
7436
4235
2709
2676
687
373
687
611
8473
5838
5319
5318
5319
11431
5319
9392
5319
2423
7559
8386
7559
6107
4604
4536
4604
5651
10068
10102
10123
8157
10123
8607
10123
8608
7201
5742
7201
5746
8828
9541
11846
9486
4126
9853
3230
6042
3230
9164
3230
6066
3230
3200
2508
2499
4451
4519
4451
4400
10630
11704
216
161
1166
1125
1166
1184
1166
1121
7393
6324
7393
4443
1640
1381
1640
1376
7787
4949
7787
5085
10614
3679
3550
3530
12125
10605
8051
7520
8051
3393
784
704
784
837
2653
11710
2653
6840
2653
2652
11954
8561
11954
4831
11954
12136
9189
10682
9189
8623
9189
4283
9189
5652
5235
12108
5235
11941
10716
3156
3814
3781
7603
6588
7603
6127
10750
6872
10750
8748
10750
11995
10750
9403
10750
5047
10750
5378
7569
3933
12087
7404
12087
5672
12087
9617
2204
1951
2204
2144
8651
9288
3834
3800
6177
3575
6177
3532
5095
5952
497
495
497
491
4706
4701
11253
9728
4220
4204
11144
2516
6900
5426
6900
2691
9572
5111
9572
6544
3316
5013
3316
5699
3316
3320
3316
3315
10139
11269
2948
2937
5540
2632
5540
2640
9545
8298
9005
2957
10076
10110
4461
3161
6683
4393
6683
4369
10922
10941
2281
11010
2281
2280
4073
5023
4073
5669
4073
8164
4073
5670
1323
349
11557
4702
11557
5233
10058
9091
6528
4731
6528
6741
6528
3275
3007
2964
3007
2965
5474
12366
7996
3196
6518
4882
6518
12147
11635
11644
7032
5591
9419
12438
11782
11420
11782
11807
5504
3592
2365
10998
2365
2364
1451
1261
1451
1447
5896
5897
12110
8253
12110
2718
12110
2622
12110
8246
12110
8100
12110
5949
12110
4136
12110
12228
12110
4685
12110
3000
12110
2487
12110
4905
12110
11661
12110
4934
12110
2891
12110
5118
12110
3096
12110
8236
12110
10572
12110
10586
12110
2638
12110
2695
12110
2886
12110
12181
12110
8242
12110
10584
12110
5187
12110
2660
12110
6344
12110
2790
12110
5439
12110
8349
8285
5411
8285
6529
8285
7993
8285
7879
8285
8987
8285
3626
8285
6880
8285
7919
8285
6627
8285
3735
8285
5509
8285
5772
8285
6551
8285
7578
8285
5351
8285
5514
8285
6478
8285
7525
8285
7171
8285
7569
8285
3293
8285
3793
8285
4252
8285
6591
8285
7931
8285
7150
8285
6538
8285
3571
8285
5410
8285
3384
8285
6159
8285
3711
8285
6215
8285
3935
8285
5769
8285
7146
8285
6161
8285
3403
8285
3525
8285
8044
8285
5777
8285
4092
8285
3396
8285
8073
8285
6532
8285
7551
8285
6406
8285
8996
8285
5779
8285
7615
8285
7177
8285
3772
8285
7190
8285
3549
8285
6202
8285
5758
8285
6994
8285
6535
8285
6598
8285
6998
8285
4014
8285
9631
8285
3909
8285
7924
8285
3723
8285
5749
1532
1436
1532
1284
1532
1598
8730
10258
2977
10587
2977
5819
4943
4126
3551
3548
3551
3540
7292
4490
7292
5892
9695
8631
9124
9685
11087
6352
11087
5109
2134
2217
2134
2159
3992
3978
4103
4096
4103
4073
1320
348
8975
5582
8975
2838
4069
3231
4450
4400
4450
4518
4390
4341
11514
9534
10106
6972
1546
1229
1546
1234
1546
1244
4676
4647
11362
11771
9602
12027
9602
4340
9602
9010
9602
3560
9602
5131
9602
8361
9602
5676
9602
8136
9602
8471
9602
3488
9602
12119
9602
4299
9602
4121
9602
3426
9602
3522
9602
3968
8942
5446
8942
11173
6207
3705
6207
5737
9500
5333
9500
9513
9500
11883
9500
2355
1786
1785
4658
8634
4658
10663
4658
4571
6395
4241
6395
5187
12214
3716
781
835
781
570
6148
3547
6536
4026
10761
8707
8459
5578
8459
2826
7573
6117
7573
5046
10974
9520
10974
9937
2077
2148
2077
1782
2990
2957
7186
5088
7186
8174
8793
8324
8793
11849
9515
9523
9515
9522
9202
9224
9202
10675
12193
5953
12193
12049
12193
5095
7856
2706
7856
2722
1374
1373
3392
4756
11125
10011
11125
2928
8249
10809
5947
4668
2791
2763
4377
4309
1004
1133
3517
4719
3517
3509
1028
1112
5729
3765
1813
286
5422
2549
5422
2536
6008
8326
6008
4331
11080
5119
11080
7911
7878
9272
3084
5646
3084
3079
6420
5078
6420
4965
9423
12436
9423
12481
6662
7931
6662
3772
10788
2781
11672
11695
10265
10274
6960
6962
3156
11370
3156
10782
3156
10785
3156
3104
556
672
425
423
425
419
4260
4155
4260
11239
4260
8379
4260
10092
11213
4192
9871
8777
5391
5392
9524
8839
9524
2365
9524
2362
9524
8114
7054
2985
7054
5811
11968
8838
11968
11882
11968
11484
3743
8565
3743
10089
3743
7174
3743
9167
3421
3415
5203
4351
6499
7136
6499
3360
1458
1457
1458
1452
11698
10159
4792
8739
9746
11778
9720
9780
879
886
879
482
11727
9291
3178
4840
3178
3167
8355
10057
8355
10062
8355
11200
3639
3636
5169
6479
1844
339
9145
9196
3208
9399
3208
10765
3208
10873
3208
12354
3208
9810
3208
10870
9757
8691
9757
3180
7416
10547
7416
4323
5784
2876
5784
2827
99
163
865
797
865
790
5173
3113
1193
971
1337
353
1933
1932
9398
9869
9398
9420
3029
3017
3029
6869
12391
10898
12391
11430
6091
6092
6823
9531
3147
3109
11531
2991
9901
11960
9901
9469
6190
10141
6190
12220
6190
9693
960
1029
6231
3105
6231
3138
5978
4596
5978
10579
5978
4730
3852
8553
3852
3844
3852
9724
11110
10531
758
519
758
524
758
849
12285
9702
6735
3412
6735
3362
600
878
600
769
7908
4436
9589
5577
9589
10039
5014
3316
1831
1828
1715
1728
1715
1743
4407
7098
4407
5985
4407
6322
11443
9878
11383
10842
11383
9371
1025
1073
4195
6034
4195
11279
4195
4141
4195
12292
12483
2359
12483
5258
12483
11004
5956
8084
7847
11287
12022
8991
12022
10016
6915
9629
6915
5433
11004
11006
2075
2148
1860
1859
8539
8070
8539
5987
8539
8603
9172
9201
9172
8588
9172
8618
4348
4294
4348
4336
4488
4481
5120
12474
5120
12461
8013
10048
8013
7142
8523
5146
4241
4234
9638
10068
9638
9689
9638
10075
6941
2473
6941
5608
515
513
515
509
8088
8568
2874
2871
5026
3225
10890
9443
5599
2857
9767
10214
2521
2513
10424
7096
10424
5203
11803
9402
11817
9910
8688
9348
203
134
6338
8176
6338
7910
9031
2815
3293
3289
7925
7926
11543
4859
11543
2872
11543
9613
8615
3137
5966
5968
1284
1283
1415
1493
6839
5282
6839
8843
6839
8403
6839
8846
8174
3745
2422
5355
2422
12496
2422
12496
10200
11328
9291
10830
9291
11360
9291
5358
9291
8128
9291
8685
3033
2981
3033
3004
1118
966
2617
11786
2617
2602
7780
8481
7631
3527
7631
6145
9794
12365
9794
12365
7330
5924
7330
4665
3862
3267
4522
4415
12284
8698
599
598
599
417
1738
1755
6819
10967
10081
10117
10693
12251
183
101
3623
6860
3623
6861
3623
5406
3623
3621
175
125
5038
3451
11334
9325
11334
11460
11282
12295
10349
9486
10349
10962
10349
12055
10489
4964
10489
4325
1003
1077
7097
4816
9626
4856
9626
4858
9626
9115
1115
966
10543
8006
10543
4931
10543
4030
10543
5185
10543
6457
10543
3474
10543
6355
10543
5507
10543
3642
10543
6466
10543
4220
10543
6326
10543
4879
10543
3688
10543
12135
10543
12147
10543
3575
10543
6995
10543
6481
10543
7916
10543
12169
10543
3902
10543
4021
10543
12140
10543
6095
10543
8119
10543
3500
10543
5242
10543
7476
10543
6879
10543
4337
10543
3667
10543
5175
10543
6973
10543
6569
10543
3708
10543
6162
10543
6183
10543
3922
10543
6191
10543
6090
10543
3462
10543
4298
7810
6570
7810
10060
1724
1734
12502
2390
478
477
3937
3913
5298
11436
12428
8808
12428
8791
7237
5811
7237
2927
8204
12162
12112
10651
2340
2339
180
138
2367
8897
2682
2665
7866
4555
5825
9018
5825
4838
3588
11982
9439
9472
1617
1303
10012
12082
2409
2408
1459
1458
1459
1242
1459
1453
5649
5650
276
154
7064
11950
7064
3011
3715
3717
3715
3679
106
9
856
663
856
869
1830
1829
5159
9671
5159
10653
8365
6152
8365
9026
5733
3738
5733
9704
6326
4355
6652
3519
6652
6146
10255
10312
10255
11824
2904
2478
86
173
4270
10625
4270
4265
4270
8629
4270
9219
11873
58
5913
4502
6970
8611
3166
4848
3166
12344
3166
12383
3166
4834
3166
10240
3166
11772
2298
306
4681
4556
1861
1860
1038
1117
1038
930
1038
975
763
901
763
551
8431
5832
8431
3072
4853
5110
6324
11243
6324
10686
11493
12471
11493
11498
11493
2314
2770
2742
10815
9843
7066
11608
4145
4835
4145
11754
4145
10748
4145
10764
4805
11930
4805
12109
4805
4803
6219
2997
6219
3013
7897
2852
7897
2845
3164
12403
3164
4714
3164
7843
3164
10327
3164
8161
10835
8747
4398
12409
4398
5375
4398
10287
4398
10825
4398
11978
4398
12388
2906
2481
2906
2902
294
12433
12455
9624
10576
9624
8500
9195
9242
2121
169
11737
9802
575
904
575
552
10723
11998
11336
10752
11336
10754
9620
12198
9620
9208
9620
8549
1342
356
3405
12236
3405
3386
10968
8822
10968
5270
9488
9513
9488
10362
9488
5331
9348
11795
4172
4106
4172
4170
3539
3534
6041
3191
2443
2436
2443
9243
1500
270
8852
89
5089
6460
3197
7117
3197
6045
3197
3195
3197
11675
5370
11471
6562
3960
6562
4011
7864
3103
10438
12082
10438
9040
10438
10012
10438
3565
10438
5798
435
434
9407
9473
2255
2143
1795
1794
8206
8479
7452
5149
7452
6345
9377
9416
9377
12376
7133
3260
11521
5606
11521
11600
1797
1790
1797
1796
8176
9118
8176
8542
2226
1958
2226
2142
245
32
1503
264
5964
9202
5341
11405
5341
11811
5341
9432
3019
2978
3019
3018
5481
8721
5481
11392
5481
10844
5481
9401
5481
12359
11963
5307
11963
5303
11963
11460
2049
2141
3793
9068
6389
11636
6449
4965
6449
7517
6070
5075
6070
4822
3375
4849
4742
10530
8158
8156
8158
8567
8158
8608
11693
12162
11693
12162
4202
11318
4202
5660
4202
10203
4202
10710
4202
11321
4515
4402
4515
4518
2123
68
979
1131
9796
9814
9796
9353
9796
9812
2109
1823
6888
2582
6888
2598
250
163
10151
9314
8743
9464
8743
8761
12032
10557
5024
3754
11328
11754
11328
10748
11328
10764
12198
3686
2876
2871
829
514
829
509
829
853
4775
12447
3342
3311
3482
9145
3482
10072
3482
9653
3482
3480
8299
6986
8299
12027
8299
6017
8299
5760
8299
6565
8299
12123
8299
3560
8299
10535
8299
5086
8299
4165
8299
6050
8299
12158
8299
5131
8299
5506
8299
3836
8299
6182
8299
5006
8299
6163
8299
12021
8299
8463
8299
10540
8299
5034
8299
4869
8299
10578
8299
5676
8299
3808
8299
5064
8299
8136
8299
3563
8299
8117
8299
3488
8299
4851
8299
12026
8299
3719
8299
5502
8299
4299
8299
4989
8299
6186
8299
12206
8299
4256
8299
4121
8299
8315
8299
10588
8299
12151
8299
5766
8299
3522
8299
3416
8299
3968
8299
4221
346
55
8639
4117
12277
2962
5997
10598
5997
7873
5997
10597
2741
2739
2741
12267
2741
11191
4423
4418
4423
12320
4423
10744
4423
11359
9689
9193
12172
10581
2858
2844
2858
2855
1035
1072
10426
8995
10426
10030
10426
8357
10426
5081
10426
8104
10426
5754
12510
8878
1716
1731
1716
1729
4930
4452
386
385
9260
4558
8039
8044
8039
4092
2621
2607
8168
4272
6060
4198
6060
5079
12259
8639
1622
1629
1622
1586
5699
3314
8023
5104
8023
6180
8937
7930
8937
6164
10520
4960
10520
3332
2388
8882
11892
5268
4439
5473
4439
7867
4439
4793
5016
11297
5016
10696
5016
4802
5016
10709
5016
5680
5016
10695
8588
3212
11006
8298
8623
12304
2935
5455
2935
2915
9538
8849
7462
5039
7462
4164
1916
1911
1916
1915
11221
9172
11221
9174
5954
4382
9987
2987
9987
11645
11878
6841
2868
8121
2868
12228
7531
12176
2717
2703
4622
12315
4622
10854
4622
11406
4622
10841
8115
3042
10399
5007
10399
6570
4879
9072
5307
219
2120
168
7047
9022
7047
2893
10593
12009
10593
12009
9270
10217
9270
4007
9270
10214
1434
1722
1434
1611
5786
2828
5786
2875
7414
6329
7414
4322
483
240
7108
7109
641
685
641
727
5248
3161
10161
10180
10161
3249
10161
4875
8715
8745
8715
11427
11317
11329
11317
9818
11317
10739
1294
338
7129
4071
10919
11850
10919
11984
10919
9906
3243
3246
3243
9225
3154
3107
11548
2884
7078
5641
7078
5834
2582
2573
644
739
644
593
2153
2222
2153
2161
1836
335
10150
12292
6135
6136
6135
6136
3688
3673
9241
8185
4863
3536
3523
3494
9744
10190
10739
10824
12501
2287
7056
2990
7056
8126
9526
98
10643
9759
10643
10197
5277
2396
4909
4145
2760
2733
5360
4915
5360
4915
6552
6104
6552
6109
7854
2697
7854
2704
10022
9090
4291
4065
4291
5189
8862
5261
11611
2864
171
6991
7848
6991
5743
7184
5185
7184
6183
132
53
10976
10990
1688
1710
1688
1273
2084
1922
18
4581
4584
4581
4537
4031
3874
2270
8840
5549
2659
5549
2680
3086
3058
3615
3614
6790
4039
6790
5096
857
577
857
868
10958
11908
12256
5017
12256
3204
11808
11434
1245
326
6273
4447
7812
6572
7812
3925
11624
2519
4674
4603
11157
11169
2273
8885
5718
11307
5718
8274
5718
11305
5718
3429
5867
3151
5867
4474
5290
11942
5290
10900
5290
2280
7832
10938
6534
3879
362
301
5131
3269
3661
3659
3661
3649
1070
1204
233
79
7343
4597
7343
4608
7483
11198
7483
9086
2489
2460
2520
2513
8411
3639
8411
5506
3600
3595
3600
3596
9451
9474
5506
3629
10418
7880
10418
5151
12345
8743
12345
8745
12345
4712
8550
5459
10010
8201
5894
8153
5894
8158
5894
8155
668
220
2579
2565
3132
9129
3132
8552
3132
10615
3453
5718
3453
3455
910
892
910
561
1608
1609
1608
1550
10104
12234
4568
4444
5585
2862
11516
2403
3828
3798
9126
9160
6777
3961
6777
6540
904
674
904
905
8327
4203
6807
11156
9725
9796
5458
10191
2563
10707
2563
5281
2563
2418
2563
2562
12134
3158
2609
2603
2609
2588
4335
4280
7659
6192
7659
3734
10074
12180
10898
10932
8100
3021
136
5476
5143
5476
4760
6851
2414
6851
12416
9980
6349
9980
5195
6748
3362
6748
3334
2006
2002
2006
1902
7994
6037
7994
5077
1954
2121
12074
4764
8561
4831
8561
4831
8181
4883
2146
2128
2146
2219
2082
2095
8240
10547
8240
9028
4882
9057
9059
4858
9059
9115
8700
12361
8700
9373
8700
9850
8700
11783
8700
10299
750
671
750
909
10495
2532
10530
5649
10530
5647
10530
5937
9813
12340
9813
12340
1950
2124
5932
4623
8883
189
10188
8680
10188
4727
10188
10207
10188
8394
10714
10234
10714
10239
10714
10248
3816
11333
3816
9362
3650
11732
3650
3586
3650
11981
3650
8649
9833
9396
9833
9400
9833
11819
11715
11727
11146
2424
4704
10118
4704
10083
4704
4951
1883
1882
7967
8135
7967
6036
3314
3259
9138
8612
6269
5976
6269
4671
3836
12240
3836
8400
3836
12035
2881
2877
6303
4574
6303
4532
4124
4078
12075
12087
8551
3900
9103
10090
2167
1981
2167
1913
8992
8235
6861
6862
9069
4179
4606
4547
1125
963
3975
10145
3975
3959
3975
10639
9672
12179
9829
9426
9829
8773
9829
11805
9829
5474
9829
9871
9829
4871
7275
8253
7275
5839
9390
12405
9450
5120
4419
4417
4419
4359
2553
2417
2553
10707
2553
2552
2553
2562
1221
300
12135
3747
3479
3469
3479
3480
10616
10661
6485
3406
6345
4209
7703
6431
7703
4870
10340
9532
5468
9862
5468
9361
5468
10319
3101
3089
3101
3090
7669
6271
7669
4527
6198
3744
3730
3716
7957
5931
7957
4708
6259
5979
6259
4654
11714
11416
11714
3594
11714
2305
1878
1875
5846
8100
5846
3000
6628
10567
6628
3787
6372
4242
6372
8256
11112
5946
11112
5934
1527
1587
1527
1531
7242
5822
7242
12231
1769
1745
1769
1496
4993
10948
4993
5296
4993
5295
4993
8284
5771
3648
9645
12179
9645
8212
9645
9092
11989
9437
11989
5381
5640
8478
7434
12155
7434
4370
5102
9725
5102
3206
5102
8394
5102
3255
3942
12291
749
549
2233
1968
1763
1764
1763
1407
6583
4009
6583
3993
4500
4468
1924
254
9595
9002
9595
12185
9595
3829
9595
4332
9595
12190
9595
3782
9595
4242
9595
5780
9595
4031
9595
3923
9595
8266
9595
4566
9595
6282
9595
8331
9595
3996
9595
4371
9595
6124
9595
3954
9595
12033
9595
4410
9595
4045
9595
12099
2998
2969
8834
11888
12445
12466
12445
12467
3651
3650
3651
5403
11430
9450
11430
5066
9220
9754
9220
10184
9220
10182
9220
3223
5801
2907
11986
2434
5072
10284
5072
12337
5072
4718
5072
9346
11751
8170
11625
6436
6402
4255
6402
4888
8814
12519
1152
1063
1152
1113
1152
1075
1152
940
4189
5657
4189
8639
4189
5656
4189
10665
4189
11717
10311
5362
10311
11900
10311
11438
10311
2280
10311
11836
11167
11215
2391
2390
5857
3060
9884
11979
9884
5335
7946
5772
7946
6998
4558
4544
4558
5469
4558
8225
4558
8683
1609
1294
1609
1611
8318
5673
169
159
10800
11378
3463
6977
3463
3441
6636
4862
6636
5241
1951
2123
3509
5482
3509
9827
3509
11273
3509
5484
7673
8109
7673
4372
3071
3061
4576
10546
4576
4517
4005
3918
9461
11984
9702
2939
10981
12486
10981
12490
5045
4104
10227
10786
7305
4704
7305
4683
11194
8524
11194
8509
11194
11667
6850
2291
6850
3614
9073
8538
12344
10831
6497
3338
6497
7533
1197
1209
1197
1209
9210
3580
5811
2929
12351
10324
538
259
2982
2951
3400
3397
5167
11325
1710
1437
3637
3591
3637
3592
5430
2706
5430
2677
2491
2460
12505
8107
11604
11632
5831
3056
9926
8898
3768
3745
6412
4142
6412
4981
7223
3688
7223
5761
10301
9883
10301
9873
11072
8180
11072
3999
8804
9502
8804
8289
8804
8821
3923
3890
11045
7995
11045
6427
5727
5494
5727
5490
5727
9306
3519
4780
3519
6978
4981
4102
2085
1893
4379
4343
4379
4383
6464
3238
6670
4904
6670
3741
377
307
10576
8516
10576
9667
8308
9595
4252
4251
6591
3841
11744
5208
11744
3224
11744
4824
6952
7867
6952
8683
6952
12343
6952
11288
6952
5472
5194
10967
5194
4999
4800
12048
10558
5513
10558
3689
10558
6351
10558
5206
10558
6405
10558
5130
10558
4093
10558
3710
10558
6537
10558
3570
10558
6623
10558
7189
10558
7145
10558
6122
10558
3934
10558
3722
10558
6534
10558
5771
10558
5157
10558
6179
10558
9044
10558
4035
10558
3527
10558
6587
10558
5135
10558
6194
10558
6157
10558
5508
10558
5751
10558
5052
10558
3910
10558
5767
10558
6200
10558
5757
10558
4941
10558
3335
10558
6863
10558
3635
10558
7880
10558
3373
10558
4297
10558
3969
10558
4013
10558
5022
10558
5151
10558
6985
10558
8005
10558
5123
10558
4901
10558
5511
10558
3771
10558
6145
10558
3489
10558
6996
10558
5768
10558
4052
10558
5117
10558
6096
10558
6488
10558
5778
10558
3792
10558
3292
10558
6160
10558
11931
10558
8142
10558
5409
4015
8582
4015
3944
7315
4691
7315
12132
2142
2153
2142
2118
5949
4598
8247
9711
1587
1433
1587
1288
1587
1548
9712
9271
12007
2467
12013
12244
4616
4546
8988
6147
8988
11940
8988
4906
8988
4698
8988
3361
8988
6148
8988
8365
8988
3411
8988
3333
8988
4090
8988
6139
8988
5773
8988
5725
8988
3325
8988
3567
8988
5142
8988
7143
8988
3378
8988
6138
8988
4110
8988
6152
8988
4196
8988
4700
8988
7526
8988
4169
8988
6465
8988
3775
8256
10590
8256
9146
11468
8810
7849
5410
7849
9631
736
472
736
467
736
745
1582
1504
1582
1315
1582
1615
12153
10134
12153
10652
8537
5042
8537
3749
8537
9166
8537
5043
9113
12234
9113
10093
9113
5987
9113
8603
9113
5988
8278
8736
1677
1692
1677
1364
1677
1359
9587
5584
9587
2839
5554
2693
5554
2679
4363
4313
6641
7146
6641
7615
2535
2527
9938
9542
9938
12493
2087
1867
4409
4350
3111
8580
3111
3102
3111
3115
6182
4885
6182
5726
6182
9077
10606
8545
10366
10979
10366
11504
7713
11625
10993
6815
10271
9376
11102
2520
11102
2531
11102
4120
3149
3111
8774
8880
3860
4857
3860
4855
1325
1324
9025
3070
9025
2879
9025
5801
9025
8404
9025
4688
1703
1400
1703
1753
813
701
813
834
7931
3748
9865
12386
9865
10912
9865
9432
883
748
883
792
942
1212
9759
9790
9759
9790
1385
1640
11990
8717
5666
5668
5112
3817
7625
4869
7625
3522
9180
11280
11658
9656
11658
10627
3027
3021
5564
2709
5564
2692
4353
10713
4353
10701
4353
4352
2619
2618
2619
11965
2619
2635
2619
2420
930
1130
930
929
11476
11490
1397
1641
10882
5308
7745
4734
7745
6487
7491
6431
7491
4109
11561
11583
10356
12469
10356
10966
6817
10980
851
904
11458
11477
8266
3817
6225
12199
6225
3127
4898
3865
10378
9542
10378
11004
12424
9467
1818
288
11923
8291
6837
6838
5597
2858
9769
5712
5146
3202
1236
1230
1236
1234
10704
10787
3806
3446
10192
5690
10192
5683
10192
5684
6721
8006
6721
12169
8371
12154
5656
5658
9803
9820
6313
4441
6313
4404
4530
4421
3870
3266
7322
4649
7322
4705
7772
8337
7772
8388
4714
5205
4714
4841
9855
9417
12477
12480
12477
2319
12477
11890
728
767
728
488
728
580
3304
5089
3304
3302
3304
5200
5678
8536
5678
4143
5678
8138
11131
3388
11131
3425
1938
1935
11605
8466
11605
5852
11605
8472
11290
11329
11290
9818
11290
9767
11290
10739
11290
10217
11290
11320
3274
3218
5708
9806
5708
12291
292
294
1178
1075
1178
940
3841
3824
3841
6123
8193
9374
3758
3753
3758
3752
7802
6544
7802
4060
1595
1324
1595
1704
723
42
723
780
5647
10565
818
540
818
844
818
847
2420
2419
2420
11770
11881
5271
2389
12509
8401
4779
8401
6978
8401
8581
312
313
9773
11745
5157
3802
82
150
359
162
2690
2687
10674
5124
3776
3751
10408
5171
10408
4478
10568
3153
10568
10577
3939
3913
5516
3625
466
236
7239
12246
7239
5807
10020
8492
2893
2470
9437
12462
9437
7834
11938
10255
844
546
844
864
1672
1695
1672
1365
1742
1618
1742
1320
1794
1793
7099
9640
526
254
6454
5097
6454
12131
6660
3490
6660
3574
10347
9902
10487
3570
10487
6157
3435
10703
3435
11319
3435
3428
3435
8668
8891
205
6962
5189
11506
11513
11506
2333
11506
9531
10114
9277
4262
4151
4262
4155
11745
9315
4739
11609
645
724
645
681
6432
3177
6432
7118
6432
6045
10863
5209
8130
4232
6153
8581
8675
11953
8675
11782
6244
8196
6244
5233
11277
11728
10909
8883
1290
336
1925
1924
3692
9681
3692
3676
552
675
12441
5362
12441
11942
12441
11440
12441
11836
9995
5580
9995
2887
2598
12266
2598
9102
4643
4496
2677
2674
7546
4033
7546
12145
647
596
647
588
8075
3930
4919
4262
7724
5083
7724
3425
1430
1730
8467
10587
11995
9847
7374
4540
7374
4562
11665
9684
11665
12112
2830
2834
2830
2807
8042
4906
8042
4090
12408
12439
12408
12424
4958
4272
9228
3216
11360
11816
8494
2527
10581
5992
8642
5457
10480
5173
10480
5070
3339
4961
4057
3940
3605
3602
4976
11456
4976
8788
4046
4736
4046
9094
4046
4041
10510
2854
2488
2458
12147
3266
3575
3492
5006
8537
10043
2993
8592
10148
12260
9744
12260
10691
12260
9279
5221
8806
5221
12464
7789
5003
7789
4023
8951
3966
11701
11276
11016
2378
2953
2954
2953
5455
1087
962
1087
918
7165
6168
7165
8139
12242
5361
12242
11300
12242
11725
9236
2930
1433
1432
7696
8338
7696
8355
7404
4271
11248
11302
2707
2700
3222
12322
3222
5225
3222
10765
3222
4825
3222
12354
3222
9810
7557
3970
7557
4033
14
8105
4349
5317
9281
1293
1287
1293
1548
11307
10736
10879
9885
10622
10632
9096
2909
1927
1926
4283
12301
4283
4275
4283
11943
6983
8528
3542
10138
3542
9712
3542
9287
3542
3505
7118
3178
10286
10325
10286
8199
4593
9237
4593
9156
4593
9158
4593
4767
4593
6946
4593
9157
2219
2127
2219
2221
956
1206
412
411
2648
2625
398
397
8705
2433
1504
1505
10742
10260
10742
10275
7885
3915
97
164
3009
3016
3009
2965
2963
9294
2963
9296
2963
12297
2963
12312
431
430
7155
3539
7155
8260
6296
10533
2728
2729
2728
9170
2728
11673
1411
1496
978
977
978
1194
978
1210
1506
1539
1506
1431
9580
5611
9580
2842
11481
12469
11481
10966
11341
10244
8961
4663
8961
4911
571
895
571
566
6892
2641
6892
2634
7594
3925
7594
3907
2301
311
4212
12263
4212
10135
4212
11280
4212
9696
4505
4472
4505
8408
6036
4243
1955
1954
3185
4840
3185
11297
3185
10696
3185
10709
6179
3750
298
299
5532
2613
5532
2633
1776
1775
1852
1851
10930
11488
70
4
70
50
10137
3178
3498
5719
3498
3471
3498
5486
3498
10185
12450
9509
12450
9931
5328
9917
11024
7863
11024
11604
8386
9059
8386
4855
8446
5573
8446
5448
9187
4276
7567
7568
10775
12369
65
214
2736
2720
2736
2744
3323
3250
3781
3447
3781
3779
7040
5607
7040
2488
10805
9831
2205
2073
2205
1789
8722
2414
8722
9384
11664
9682
1039
964
4094
3198
4835
12316
4835
9805
4835
10243
11994
12319
11994
8709
11994
8713
11994
8706
8457
5092
8457
2880
6028
5121
6028
11190
10853
10316
6163
3543
4000
3917
9321
9808
9321
12502
9321
2391
9321
10781
2916
2464
2916
11777
2916
10730
7300
4890
7300
4637
4234
4145
4234
4217
4815
8545
4815
4790
4442
4387
4382
5652
4382
4362
6934
5574
6934
5445
6209
5737
6209
3733
5493
5494
8950
3497
8950
3477
11370
10829
9610
5411
9610
6529
9610
7993
9610
7879
9610
3626
9610
6880
9610
7919
9610
6627
9610
3735
9610
5509
9610
5772
9610
6551
9610
7578
9610
5351
9610
5514
9610
6478
9610
7525
9610
7171
9610
7569
9610
3293
9610
3793
9610
4252
9610
6591
9610
7931
9610
7150
9610
6538
9610
3571
9610
5410
9610
3384
9610
6159
9610
3711
9610
6215
9610
3935
9610
5769
9610
7146
9610
6161
9610
3403
9610
3525
9610
8044
9610
5777
9610
4092
9610
3396
9610
8073
9610
6532
9610
7551
9610
5779
9610
7615
9610
7177
9610
3772
9610
7190
9610
3549
9610
6202
9610
5758
9610
6994
9610
6535
9610
6598
9610
6998
9610
4014
9610
9631
9610
3909
9610
7924
9610
3616
9610
3723
9610
5749
574
909
574
558
1957
2119
11597
4251
4475
3132
11089
3382
11089
3374
3415
11666
3415
3413
3415
11228
3415
10122
9492
10955
7644
6163
7644
3563
4067
5198
4067
9289
4067
10718
4067
12273
4067
10720
4067
12279
2222
82
975
1117
975
1130
975
939
9417
8198
9417
9916
434
337
8216
2340
8216
9936
4968
9108
9044
3617
9044
7839
2343
11885
5985
5986
1257
1254
1271
1270
12337
11382
2979
2942
2979
2980
5336
10943
4723
12363
10678
10194
4932
5063
4932
4768
1481
1449
1481
1440
8711
9366
8711
8734
8711
9351
8711
8718
10165
9251
11942
12479
3256
5102
3256
8653
3256
4758
1819
1818
2849
10584
2849
8255
11313
12301
11313
4275
11313
10284
11313
11943
4160
4113
4160
10750
11960
2264
11960
10956
11960
2263
5303
5304
7535
3312
7043
8321
7043
2850
8880
175
3754
3746
3754
11244
3754
8631
10656
9247
8111
8113
8111
10084
2436
5210
2436
12309
2713
11774
2713
5115
2713
12404
2713
8737
11688
10683
3278
8682
7510
6091
7510
7998
5704
8701
1727
1732
10597
10107
5269
8
1100
1035
1100
1202
1376
253
7286
4643
7286
4493
10118
4553
712
405
712
599
698
389
698
602
12183
3109
248
165
3986
3985
2931
2913
2931
2934
8627
5309
2067
1791
2067
2066
2067
1796
9302
12005
6458
3306
11225
11242
9983
3144
9983
4478
8149
3821
2625
2608
2625
2620
901
675
901
904
8933
4036
5882
4485
8027
7171
8027
6202
6476
6477
2348
2347
607
401
607
605
10564
4525
10564
3538
10564
4022
10564
4010
10564
3813
10564
3871
10564
7930
10564
5979
10564
4489
10564
4854
10564
6164
10564
5994
10564
5164
10564
3777
10564
2943
10564
4977
10564
3490
10564
2990
10564
5038
10564
3828
10564
4124
10564
4898
10564
12166
10564
6328
10564
3473
10564
4654
10564
3050
10564
3459
10564
4947
10564
5008
10564
4691
10564
4960
10564
12211
10564
3417
10564
7430
10564
6414
10564
4425
10564
5888
10564
6585
10564
4003
10564
12132
10564
3856
10564
8126
10564
4176
10564
5093
10564
4972
10564
8409
10564
5915
10564
5119
10564
3332
10564
3564
10564
3139
10564
3554
10564
5128
10564
7115
10564
3903
10564
6429
10564
3574
10564
4038
10564
4650
10564
7911
10564
12191
10564
6486
10564
6346
10564
4605
10404
4918
10404
2920
12295
3816
4035
9650
4035
10074
4035
3986
6506
4959
6506
3337
8400
3801
3611
2298
3611
3609
10374
2326
10374
10997
10374
2319
4894
10728
4894
10723
4894
9783
4894
5044
11454
11479
11454
9470
7982
7111
7982
6035
1011
961
4295
12349
4295
4308
1939
2131
64
212
1064
1110
916
915
9359
11397
9359
8742
6995
3637
2065
2211
2065
2113
12104
8499
4585
8636
4585
10167
5568
2757
9272
9829
9272
10242
9272
9825
9272
4715
3308
3260
3308
3228
7480
6047
7480
6368
9245
3656
5674
4133
12220
9214
4867
4894
4867
9760
4718
11382
3527
6151
3527
5722
5273
5274
8519
3241
8519
3183
8910
3624
12381
9397
12381
10858
12381
5288
12381
9386
1347
1341
1347
1345
10647
12253
10647
12253
1811
295
3247
9474
10708
11745
6290
4563
6290
5961
6131
3445
8766
2288
8766
10914
8766
12501
1128
974
1063
1113
3193
9729
3193
8625
3193
6046
3193
10147
11640
12193
10949
9926
9369
12407
9090
8203
9090
8204
9090
9673
2483
2479
2483
2485
15
2802
2786
2802
10201
2802
8659
2802
11736
9934
9518
9934
9521
622
541
12105
6065
12105
7568
12105
5579
12105
7997
12105
7547
12105
4374
12105
2734
12105
3961
12105
3392
12105
7864
12105
8176
12105
5857
12105
4238
12105
2789
12105
7521
12105
4729
12105
5917
12105
6106
12105
6354
12105
7112
12105
7537
12105
4473
12105
6470
12105
6540
12105
6475
12105
5605
12105
3859
12105
5642
12105
6069
12105
6567
12105
3356
12105
6546
12105
4213
12105
3305
5558
2728
10300
9416
10300
12376
9403
8767
8274
5481
2279
8883
20
9191
3219
7690
6361
7690
6345
12294
8274
5576
2799
868
876
868
795
4119
4071
3401
3397
8984
8159
8984
8313
11464
10349
517
891
10040
3562
6045
11257
10727
11340
10727
11760
10727
9318
6072
6413
6072
4144
4141
11371
4141
4835
4141
10799
7893
2509
7893
2495
4801
10346
4801
11484
4801
12476
11412
8377
1557
1262
1557
1635
1571
1707
1571
1316
1571
1615
10831
10863
12455
2317
12455
12459
12455
9508
8756
9438
4857
4858
8435
6164
8435
3564
1760
1763
1760
1423
5402
8350
5402
8358
5402
11974
5402
9290
8778
2267
8778
5336
8778
8797
6610
3836
6610
3808
11851
8405
1466
1476
1466
1465
10811
10852
1142
1182
1142
983
11497
10974
5372
5328
5372
10326
12130
9637
12130
12154
2745
5435
2745
5317
2745
2744
2745
8643
9892
4713
9892
4066
9892
8784
8808
8861
12061
12092
12061
10012
6580
3996
6580
8265
4427
4426
4427
4384
4427
5955
10666
10171
3764
3762
3764
3765
5259
73
7619
6137
7619
3791
8929
3804
8929
6139
4846
12089
57
37
2451
9243
2451
2450
10155
6103
12474
8827
12474
2336
12474
9497
8747
3165
6102
5696
6102
8122
6102
5695
4640
9684
4640
12112
4640
8197
5993
4269
4771
4772
4170
4162
4170
9221
3266
3256
3266
4777
3266
5056
3266
4776
11182
5446
5606
2455
3797
11341
3797
9316
3797
9317
3797
9795
3371
3244
3371
12278
4511
12315
4511
4467
4511
4466
4511
12248
10554
3911
921
915
488
487
5198
12350
12427
12452
12427
11470
12427
2307
7137
10069
7137
8373
7137
8573
1810
1807
9373
10901
9373
10329
8304
11204
8304
9639
6468
6471
5485
5392
5485
5389
5485
4891
5345
9283
5345
8661
2772
7840
5775
5776
6938
2463
9641
11217
7366
4613
7366
5974
4997
12401
4238
4231
2789
2764
6024
4216
6587
3895
7953
5883
7953
7084
986
1180
4098
10842
5930
4623
11179
10573
11179
9635
11179
10575
10532
9605
10532
12016
10532
11156
10532
12032
10532
11625
10532
10536
10532
11620
509
508
7707
6456
7707
4887
11036
4408
11036
5990
1653
1594
1653
1660
8222
9172
12290
8670
605
603
605
769
6481
3409
6341
4323
6341
4905
2557
2548
3105
9114
3105
12203
4964
8244
4964
9067
4964
8243
9048
3737
2696
2669
2696
2688
6759
3322
6759
7545
9107
9182
8555
9205
11296
9761
1057
1069
1057
1031
6865
11587
7648
4969
7648
3775
5449
11690
5449
2780
5449
9185
5449
10642
5389
5390
3971
3965
1278
1635
237
78
7271
5888
7271
3139
5742
3687
5070
9623
5070
9043
5070
10562
10223
9859
10223
10317
10223
10804
4001
4000
11837
5300
5041
6121
7598
8147
7598
6125
9465
10952
10985
2347
7301
4729
7301
5891
4226
5230
4226
5227
4226
5229
9077
11205
1369
1368
3130
3083
6926
5567
6926
5442
2200
2013
2200
1849
2200
1854
2724
2712
1009
1015
3467
10096
3467
10134
3467
9149
3467
6977
6089
4076
7677
4364
7677
6324
1650
1661
1650
1663
2546
2547
2546
2539
1167
1197
1167
1185
1167
982
1167
958
3075
3064
1134
1106
1134
980
1134
1009
1134
1001
6370
4990
6370
4235
3042
3034
3042
3033
11209
12220
11209
11234
12307
8707
12313
4064
582
581
6712
3380
6712
3376
10315
9905
10315
12438
420
333
7830
9945
7830
2346
11163
9619
11028
2896
11028
8137
5324
8738
2040
2234
2040
1846
2040
2039
5853
8504
5853
8466
5853
11951
5853
9062
5853
5852
5853
8472
3494
3484
3494
3495
9591
5973
9591
4665
3655
11757
3655
10767
3655
8358
3655
11974
8339
12181
8339
7519
9952
4921
9952
10013
5805
2891
5805
8382
9670
5202
12202
3498
677
117
677
678
5219
9933
5219
11862
3457
9150
3457
9193
3457
10095
5581
2866
7736
3390
7736
7523
8323
5664
8323
9308
8323
9326
8323
8666
8323
5665
8323
4146
6360
4152
6773
3350
6773
3864
9455
2281
9455
11893
11908
24
4549
4436
4549
4928
4549
6949
4549
9698
7916
5668
7916
9690
1368
249
9962
11178
9962
5793
1464
1463
1464
1225
2644
2643
2644
2631
794
490
794
495
7114
7116
5135
4077
3665
3652
3665
3664
9289
8672
2449
9300
2449
2807
7487
5150
7487
4887
7347
4617
7347
4675
9660
9155
12097
5513
12097
3689
12097
6351
12097
5206
12097
6405
12097
5130
12097
4093
12097
3710
12097
6537
12097
3570
12097
6623
12097
7189
12097
7145
12097
6122
12097
3934
12097
3722
12097
6534
12097
5771
12097
5157
12097
6179
12097
9044
12097
4035
12097
3527
12097
6587
12097
5135
12097
6194
12097
6157
12097
5508
12097
5751
12097
5052
12097
9011
12097
3910
12097
5767
12097
6200
12097
5757
12097
4941
12097
3335
12097
6863
12097
3635
12097
7880
12097
3373
12097
4297
12097
3969
12097
4013
12097
5022
12097
5151
12097
6985
12097
8005
12097
5123
12097
4901
12097
5511
12097
3771
12097
6145
12097
3489
12097
6996
12097
5768
12097
4052
12097
5117
12097
6096
12097
6488
12097
5778
12097
3792
12097
3292
12097
6160
12097
11931
12097
8142
12097
5409
10099
8595
8415
3736
12238
3819
7979
6362
7979
8477
5909
4677
5909
4643
6277
4568
6277
4526
2203
1909
2203
2000
2414
10866
2414
8758
11244
9728
4320
4285
11153
9615
11153
7152
11153
12156
11153
4567
11153
4368
11153
3476
11153
5007
11153
4921
11153
4914
11153
6570
11153
4059
11153
11196
11153
7996
11153
4522
11153
5024
11153
3768
11153
3519
11153
11198
11153
4053
11153
6146
11153
3503
11153
9079
11153
4956
11153
5190
11153
3766
11153
10028
11153
8344
11153
9086
11153
6568
11153
4392
11153
10060
11153
3559
11153
8335
11153
10026
11153
3885
11153
3811
11153
7176
11153
5048
11153
7101
11153
12127
5863
12114
5863
3074
11432
11447
7408
5995
7408
6353
10239
9835
3216
3207
3216
3214
7020
5568
7020
5560
12166
3057
419
418
7963
7964
7378
4443
7378
4539
4786
10356
9837
12404
7728
3388
7728
5069
12169
3239
12223
9756
2885
2803
510
248
8009
4823
8009
6108
6307
12195
6307
4403
5879
3153
5622
2901
5622
2504
9817
10251
7356
5972
7356
4686
10491
5856
10491
3126
2594
2576
2594
2588
6248
4815
6248
4595
791
793
791
749
8887
184
3732
3715
11792
9385
6855
2702
8498
8514
8498
8577
8498
5103
8565
5731
6016
9127
6016
9665
6016
11212
1441
1258
1441
1253
1441
1439
10322
10332
8185
5365
8185
9278
4699
9608
4699
4652
1279
1635
5060
6543
2041
1843
2041
1847
2041
2039
9224
9260
9224
9260
2567
2559
9721
4622
9721
10773
9721
10757
9721
11369
11778
5257
7192
3728
4954
11181
4954
10582
4954
4980
6803
4005
6803
8075
3912
9705
3912
3858
3912
9706
3912
9209
6769
5130
6769
11931
3386
9749
3386
3309
3386
8190
3446
3435
3446
3778
4331
4288
1536
1617
1536
1709
1536
1302
832
530
832
850
832
846
6317
9012
6317
6325
8529
2976
8019
4864
8019
7151
1980
2089
1980
2096
9851
2401
9851
8768
9851
2402
4280
4158
4280
4290
12021
6584
9748
12003
12170
3056
6980
11345
6980
11286
6980
3487
6980
9745
3176
5122
3176
3166
10786
10265
10786
10811
10786
11395
3684
3670
3684
3686
1460
1458
1460
1243
1460
1239
7074
5830
7074
3045
5593
2859
6725
3389
6725
3427
1216
1218
9807
9355
9807
9355
3158
9129
3158
3119
8375
9776
961
1208
8342
4559
8482
3242
3299
9111
10954
8820
6221
3014
6221
3001
12378
12410
12378
10903
12378
9890
2194
1812
2194
2232
2194
2110
6833
230
11532
3122
11532
3145
6006
5158
6006
7876
7876
4288
12392
9857
12392
12396
1912
248
7188
4881
7188
7159
3039
3036
4357
4311
7495
6405
7495
5135
7741
4916
7741
5094
1114
1200
10699
10192
7858
5434
7858
8404
6813
6623
6813
3792
3902
3845
11060
12199
11060
4460
211
10343
2308
7770
4916
7770
8111
10483
5250
10483
11162
1312
1311
5958
4422
3872
3268
3629
3633
3629
3596
4346
8725
4346
10837
4346
11364
4346
10827
9534
2325
4486
4487
4486
12288
4486
11275
4486
3136
662
695
662
619
8895
196
3431
11324
3431
11326
3431
5040
3431
10740
1023
1129
10549
9055
8584
8640
557
556
5976
4580
5976
8512
7906
4395
9433
8794
9152
11296
9152
3439
9152
10199
9152
10174
2897
2476
11671
9692
11671
11241
191
141
8164
8672
8164
10720
8164
12004
9777
8886
8405
8118
5643
3059
2349
2348
12451
5331
12451
10975
12451
2355
795
505
795
775
5739
3698
913
914
913
664
1463
1473
5244
2757
5153
3456
7104
4982
7104
4328
5432
2711
7418
4958
7418
4333
11135
4815
11135
4637
4310
4274
4310
4318
368
365
3206
9814
3206
8219
3206
9353
3206
11938
3206
9812
3206
12306
7010
4901
7010
5511
3845
3844
3845
3815
9396
11822
8197
10624
5919
10663
5919
10664
5919
6948
2514
2430
2864
2865
2864
5450
6884
2544
6884
8495
7582
3924
7582
6128
1691
1715
1691
1385
8799
8872
4011
3974
1981
2137
8154
8152
8243
9139
7311
5896
7311
4638
9162
11249
9162
3506
9162
9306
9162
11742
12048
12230
4985
3443
11041
5769
11041
6994
12286
3839
601
600
5968
10659
5968
4437
5968
9260
5968
9224
5723
3485
2064
1804
2064
1800
2064
2062
6336
4301
6336
7913
7760
3367
7760
3399
1024
1116
1008
1081
6595
3836
6595
8136
9429
9458
5835
3008
9850
9454
8686
10289
8686
11808
8686
8709
8686
9370
11219
3155
3927
3896
2854
2820
2854
10545
10305
10899
10305
12054
7227
5763
7227
5766
6702
5037
6702
4886
12111
11209
9636
12154
5815
2985
5815
2995
6493
3283
5209
12445
5209
4714
5209
7843
5209
9881
5209
10327
3749
5498
3749
5727
8086
7035
8086
3412
8086
4897
8086
4012
8086
5946
8086
5156
8086
3991
8086
4118
8086
11159
8086
2921
8086
6464
8086
4057
8086
4954
8086
5958
8086
4082
8086
6362
8086
2847
8086
6572
8086
4048
8086
6298
8086
5186
8086
6964
8086
3925
8086
5934
8086
9013
8086
2872
8086
5923
8086
9621
8086
10009
8086
8491
8086
6868
8086
9613
8086
6590
42
9
5163
8611
3633
3590
3633
3631
5028
4153
11324
12330
4394
4348
12460
9524
12460
9935
2048
2113
453
452
7621
3791
7621
6596
3168
5384
3168
9393
3168
5383
3168
11989
3168
9459
1521
1530
1521
1516
2108
2213
3023
2979
2278
8887
4532
4416
5179
4876
5179
8700
7340
5930
7340
4670
4082
10057
4082
11200
4082
10087
10997
10380
1416
1415
10275
5290
10275
10311
6829
114
6672
8342
6672
4566
9021
9098
6328
4250
9861
9887
7935
3768
7935
3766
119
1005
1014
9583
5613
9583
5587
4367
4316
5296
5275
7868
7869
2531
2519
12289
12309
6645
5029
6645
3523
604
873
604
623
3586
10882
3586
2261
3586
3585
10434
6297
10434
5203
1654
1680
1654
1569
10242
11996
7717
6467
7717
6458
11070
5888
11070
5093
1772
1558
1772
1414
3115
4725
2177
1896
2177
2104
2177
1983
11389
12327
11389
10279
11449
11520
11449
8775
1113
974
10964
9512
10964
9927
10964
10365
9344
12346
9344
9357
9344
9352
9484
8852
5036
3383
1227
1224
9117
5991
8533
8566
8533
8566
9628
8373
1993
1930
1993
1989
7609
6130
7609
3787
26
18
6796
3989
6796
4060
9183
9727
2659
2642
9888
12045
9888
8799
3100
11612
3100
3046
2351
2350
1713
1632
12129
4556
12263
11337
12263
12300
8818
9511
780
100
10640
9951
7563
4049
7563
4902
1863
1862
10771
8884
4136
4103
3181
3179
3181
11352
3181
3180
3181
8673
6112
3979
4666
4658
4666
4572
3240
3176
3240
3233
11372
11400
11372
9465
10133
11271
10133
11271
10846
9397
10452
10036
10452
10038
11259
9727
2994
2959
2994
2972
1092
1185
1092
982
8838
2330
11574
4652
1746
1558
1746
1494
7426
6003
7426
4404
1319
1318
11198
4173
686
587
686
427
686
432
4079
6974
4079
8554
4079
4072
11345
5488
11485
10958
8965
4655
8965
4633
5616
2816
4501
10770
4501
9343
4501
10706
4501
11311
6689
11214
6689
8521
1139
1063
1139
1113
7881
4994
7881
3171
1879
238
11636
7111
11977
9414
11977
12465
5182
4233
7151
3514
2967
5217
2967
4924
2967
2970
8314
3232
4554
4622
4554
4501
11844
2379
209
6194
6195
9413
10335
9413
4829
9413
8792
262
15
5464
10193
5981
5983
4727
5180
11639
10047
2812
2463
2383
9550
4109
4079
8826
9520
8826
9937
10066
3916
4471
4472
4471
3137
4949
4026
3411
3398
2832
2830
2832
2449
5800
2907
4063
8319
189
128
1638
1640
1638
1368
1638
1743
4128
4127
4128
4089
9325
5307
10857
11971
10857
11452
1700
1349
1700
1717
6167
3516
4811
11188
5497
9381
5497
11410
1202
1207
7438
5206
7438
5022
1355
1352
9562
4952
9562
7861
11402
8771
11402
10883
6620
3461
6620
7148
3785
3430
3785
3784
12126
11641
12126
9071
5412
5411
5412
5351
459
458
3327
3308
3327
3301
10801
10825
10801
10256
7579
6118
7579
9034
6624
12050
6624
4804
8132
8587
6430
3197
8453
5583
8453
2842
4831
3320
6526
3276
10056
10076
10056
10592
10056
9120
854
777
854
869
6744
11929
6744
3330
6516
4029
6516
3869
7998
8000
10585
10079
4053
4043
1639
1363
1639
1358
3601
3595
3601
3628
10078
9686
1130
1016
10894
10898
10894
10910
2946
9662
2946
9634
2946
12281
11845
2379
11845
8802
7150
3483
2264
6829
2264
8811
5454
2902
8920
8309
8920
2891
11956
8850
11956
5265
244
33
887
900
8509
8574
1545
1555
1545
1408
2673
11696
2673
8584
2673
10660
2673
2684
8071
8072
93
159
460
459
9134
8594
12219
10714
12219
11724
3318
5698
3318
3319
3318
5699
3318
10161
4708
4701
9790
9344
9790
10230
9790
10222
8463
8317
8463
4000
10867
2399
10867
2400
6157
3511
10718
8681
10184
10194
8740
9423
8740
5330
8740
4929
8740
9878
8671
4772
7022
9629
7022
5244
9552
181
11781
12371
4647
4512
4647
5462
4647
8563
4647
7865
9991
7535
9991
3357
11273
4926
3889
6121
6987
3697
1175
936
1175
917
11303
11730
4656
5463
4656
4634
4656
7865
4287
4116
4287
11306
4287
6960
2235
1886
2235
1871
2235
1859
11269
4319
4597
4581
11575
9024
295
296
10462
3871
10462
4898
8701
8219
8701
10255
6146
5720
6146
6150
6146
10080
6538
4025
2669
2653
2669
2637
12216
2799
1181
1194
1181
1005
7520
5057
68
157
5714
11336
10932
9489
10932
10947
4678
4646
7553
3967
7553
8085
11959
8813
11959
8809
11959
8810
11959
10971
5530
2616
5530
2595
5313
2293
8479
12120
2703
2705
2703
2672
300
302
8101
3036
779
543
2336
2335
121
841
562
841
896
10129
12302
10129
4817
10129
9324
3824
5178
3824
3822
2957
12285
2957
5454
2957
2918
2957
2955
4564
4515
10108
9769
10108
9735
10108
9741
9312
11972
9312
10747
196
136
7161
3774
7161
5108
496
495
1318
1317
5898
9616
5898
5137
10414
6000
10414
4391
2022
1884
2022
2021
2022
2008
2448
11718
2448
8641
2448
12289
2448
11720
2448
10700
2448
9248
3571
3566
5225
9337
10047
4800
10047
9119
10047
11236
8955
5443
8955
2785
7399
7094
7399
4526
12
149
4566
4450
11518
2382
3826
3786
9109
10619
9109
10616
9109
3193
9109
10620
9471
9490
9471
5076
772
414
772
409
12079
12103
12079
6983
12079
3023
12079
8096
59
79
5447
2777
5387
8124
9823
11977
9823
11977
6901
2718
6901
2707
9128
3611
9128
2297
9063
12203
1163
977
1163
950
1163
978
1163
1195
5922
4625
1610
1314
1610
1615
895
913
895
665
7709
7998
7709
7523
3473
3463
1905
245
2559
2558
2559
2542
4413
4420
4413
4360
12139
11263
12139
9699
12139
9703
3061
10136
3061
8550
3061
3009
3061
11683
5508
3601
10416
5159
10416
4226
10540
11179
7663
6194
7663
6200
6757
4735
6757
3322
11626
2538
8785
8796
8785
8815
6144
3535
6253
4606
6253
6271
8230
4207
11177
9645
174
4654
4621
1301
1300
9915
10364
4325
4286
1745
1746
1745
1495
2787
2764
4999
9933
5062
8539
2293
2292
11985
5316
11985
5353
9735
9769
9735
9769
5750
3691
5716
10210
5716
10703
5716
3428
5716
8668
6589
6590
5761
3659
9136
12278
11148
3338
11148
4944
11148
5893
11148
6533
11148
2985
11148
5075
11148
3389
11148
11185
11148
9629
11148
4822
11148
4948
11148
6459
11148
5940
11148
5213
11148
5253
11148
4210
11148
2843
11148
12215
11148
5978
11148
3862
11148
5248
11148
5585
11148
5811
11148
3400
11148
2491
11148
5831
11148
4530
11148
5882
11148
4119
11148
5593
11148
4357
11148
5244
11148
6493
11148
4394
11148
5121
11148
7904
11148
11190
11148
4913
11148
4560
11148
7087
11148
11186
11148
4819
11148
2661
11148
5032
11148
7533
11148
5133
11148
5165
11148
4258
11148
11184
11148
9622
11148
2927
11148
5782
11148
9630
11148
3427
11148
5427
11148
5836
11148
5615
11148
5575
11148
6531
11148
5950
11148
5433
11148
2995
11148
5245
11148
4080
11148
4334
11148
9625
11148
5571
8337
3283
11395
10274
3122
3084
3838
8146
3838
3797
5217
9236
4183
4161
4183
4174
11207
12177
6362
4261
10186
8656
10186
8656
3818
10103
3818
9675
3818
3785
3818
8553
11629
2607
12136
11939
3469
9710
3469
11248
3469
11703
3469
3470
2217
1931
6746
3330
6746
3358
6514
3861
6514
3946
6720
8464
6720
3416
1189
1119
5478
10820
5478
9834
5478
9382
5478
9398
5478
12392
3050
3043
12268
10760
12268
11337
12268
12287
1613
1742
1613
1616
6087
4168
6087
4198
7679
6328
7679
6346
10054
3063
7822
5222
7822
3804
6524
12167
1071
1076
1071
1207
1071
1207
3503
3481
1907
1906
5121
4270
12076
12093
12076
8480
9960
5948
9960
5969
6871
12303
5456
10246
5456
12010
5456
8723
5456
12042
5456
11439
3965
3881
3965
3958
10896
8782
9079
9105
9079
8546
9079
9163
7265
5851
7265
3097
2944
10548
2944
10572
9662
9177
9501
9510
9501
8825
9501
10984
9501
9506
1097
1187
1097
1190
1097
1102
11610
2574
1131
1218
11716
11727
3285
10129
3285
9709
5907
4676
5907
4636
1631
1507
6279
4442
6279
4446
7977
5168
7977
4939
6352
4154
10237
10814
751
573
751
840
1754
1424
1754
1585
6626
3795
5848
3013
5848
3044
9287
9788
5751
3691
10685
10692
10097
3470
11867
54
3701
3697
7489
4118
7489
4954
7349
4612
7349
5933
10618
10650
12349
12387
12349
8753
12349
12382
12349
11408
12349
8727
5466
4579
2427
10981
2427
10995
2427
10178
8571
9210
9970
10541
7255
3000
7255
8081
4547
4437
4547
4545
9652
10115
11752
2575
11752
10753
3955
3950
442
441
6196
3739
2334
9546
886
748
3459
9199
3459
6136
2573
2554
2573
2564
7012
3626
7012
5514
8824
10993
8824
8835
11440
10909
4312
4314
4312
4282
10064
9707
10064
8378
4608
4547
11750
5461
12514
9552
1180
1110
1180
927
5614
2816
2569
2563
2569
2553
4578
4579
4578
10836
11587
2676
5630
8380
5630
5801
7424
4374
7424
4390
3051
3043
6767
3860
6767
3948
7653
9030
7653
8288
2603
2618
2603
4738
2603
9284
2603
2420
4556
8157
4556
9186
4556
8607
4556
8567
4556
4774
2362
8888
8316
9053
8316
8315
12346
12357
12346
10862
12346
12056
9053
8317
9053
8317
4697
8417
9941
2350
8601
12001
6638
5029
6638
4865
9819
12411
7081
5644
7081
3096
3671
3655
3671
3656
3740
3728
12057
10532
7948
6996
7948
5778
6794
3991
6794
4057
754
892
11984
9503
11984
8330
5052
11208
5052
10070
5052
10600
2371
8880
8889
86
10330
10920
6263
6275
6263
4612
3920
10694
3920
11317
3920
11290
3920
11724
10844
10310
10844
12402
7200
5741
7200
6193
2996
2994
9839
11423
2266
10988
4664
4660
241
37
11719
8758
4134
8655
4134
4722
6309
4434
6309
5201
5877
12157
5877
3152
8007
5240
8007
3295
10436
8144
10436
8129
3584
11963
3584
5145
5693
5694
8029
7172
8029
7178
163
4940
11314
4940
9807
4940
11741
4940
8697
4940
12275
387
386
61
150
4152
4150
4152
5996
12255
12283
8208
4613
8208
8386
8208
4011
8208
5974
8208
3906
8208
6107
8208
4539
4433
4388
5294
9481
12171
8537
2516
2512
2516
2428
1498
274
8629
8644
373
372
8872
176
3895
3892
3895
6120
10966
11988
10966
10990
10966
8856
9346
8716
9486
12448
9486
11855
8147
8099
12031
5018
12031
11652
12031
8502
7502
4124
7502
6414
5034
10614
5034
10612
11338
10857
7215
5760
7215
3675
9310
7867
9310
12343
9310
5472
4873
5968
10393
7904
10393
4560
1196
949
1196
1084
1196
1084
1307
1608
4396
12296
8845
2288
8845
11911
2908
2909
2908
2482
10599
9671
5267
5268
5890
5154
5890
9042
7123
5080
7123
5082
7068
12184
7068
8101
2847
2815
11522
2474
11522
12024
10201
9301
2856
2818
2856
2824
8684
8700
8684
5257
640
705
640
737
8392
9692
8392
9126
8392
11241
3249
5701
10913
9900
12373
8705
10171
9277
7990
7917
7990
5193
1211
915
4755
6351
4755
9044
4755
4297
10428
5767
10428
5768
266
17
10733
11389
11326
10266
882
883
882
768
12499
12046
8084
7909
8084
12250
8084
4845
2878
10646
2878
10099
3529
3514
4869
3535
9634
9177
9280
12272
7385
4998
7385
4873
7445
6355
7445
4220
7791
4044
7791
5211
12000
12484
4903
6816
4903
9517
4903
7829
4903
12482
8517
9152
10649
9750
10649
10156
10649
12262
11670
2941
11670
2941
1033
955
8156
4555
10825
8754
9357
12324
7472
7713
7472
11183
6886
2585
6886
2570
8902
193
9798
4891
8178
4117
3355
3273
3355
3320
12452
10926
12452
9447
12452
8116
5543
2648
5543
2655
8421
3962
8421
6541
6282
11240
6282
8084
6334
4990
6334
4945
2810
2496
9082
10119
4859
3821
7106
4300
7106
7876
1246
1245
5246
2458
6695
8314
6695
8332
1034
951
4021
4015
10292
9870
10292
12425
10292
10871
11499
8823
7682
4958
7682
4966
6213
12214
6213
6989
9394
9860
9394
8782
2866
2865
2866
2823
639
703
639
688
1232
1231
4765
5092
4765
2869
4765
6065
4765
2949
4765
7568
4765
5579
4765
7997
4765
4563
4765
7547
4765
4374
4765
2848
4765
5925
4765
2734
4765
3961
4765
2977
4765
4390
4765
3392
4765
7864
4765
8176
4765
2741
4765
5857
4765
4238
4765
2789
4765
5976
4765
5447
4765
7521
4765
4429
4765
4729
4765
5917
4765
3143
4765
5127
4765
6106
4765
12249
4765
6354
4765
4166
4765
7910
4765
7112
4765
7537
4765
2880
4765
4473
4765
6470
4765
6540
4765
4680
4765
5816
4765
6475
4765
4036
4765
2767
4765
2901
4765
5605
4765
5637
4765
4671
4765
5891
4765
4533
4765
5961
4765
3859
4765
5675
4765
5642
4765
6069
4765
6567
4765
3356
4765
6546
4765
4213
4765
2504
4765
2475
4765
3305
4765
3085
10032
4589
12478
8850
12478
6844
12478
11000
5788
10128
228
296
11612
3010
3204
10696
3204
9757
3204
3171
4344
5247
4344
8703
4484
3135
4484
5645
9536
11909
9536
11910
11420
10957
3365
3290
11008
12
6080
9605
448
447
448
441
3533
3528
4117
12316
4117
9832
10729
9864
2017
2106
2017
1827
2017
2016
9367
9891
9367
9859
9367
5160
10947
11988
10947
10978
8166
4504
5083
3307
6125
3847
2503
2501
2503
2453
314
316
5018
11214
8586
3801
6602
8400
6602
4773
6602
12035
7904
4541
5974
4581
2425
2411
5410
3618
1499
272
7139
3458
7874
4148
6572
3917
3088
3058
6004
4369
6004
4327
9900
5328
9900
8795
5380
8747
3013
2973
10956
59
1741
1350
1741
1639
6443
5197
6443
4069
6383
4257
6383
4984
2015
2014
2015
1837
3799
3796
3799
3432
7521
5057
9011
6850
9011
5349
4162
8323
4162
4111
10978
5260
4632
4628
12254
4878
6110
8089
6110
8088
6110
8090
11231
12265
11231
12219
3174
9315
8749
4880
8749
11840
11190
11204
11190
10067
11190
9639
8633
4983
8633
5495
8293
11209
2925
2908
7058
8126
7058
12191
9528
9540
9528
5292
9528
11893
12043
10054
11891
2320
11091
3722
11091
5052
9683
7925
4429
12258
4429
8080
7617
6135
239
38
2240
1944
2240
2252
8033
6196
8033
3741
8927
3830
8927
3805
2780
2781
2780
2769
2631
2604
2631
2620
6545
4042
10784
11453
10784
10888
10784
10314
3686
3671
3686
5500
5257
5329
5257
5176
5257
5371
5257
10288
5257
5330
7076
5640
7076
10033
3092
3054
3003
2968
12318
9841
10632
12314
10632
10160
10632
4895
4978
8735
4978
8348
4978
9791
4978
10758
6014
12156
6014
4368
1184
1208
1184
1125
1184
1196
2969
5217
2969
5817
2969
2972
2969
8564
2172
2050
2172
1808
3444
3779
3444
3435
3384
3261
9541
21
9001
4510
11380
2264
11380
11475
3232
6042
3232
9164
3232
6066
3232
3200
6120
8146
6120
3797
4465
3160
974
1216
4956
7116
117
149
224
4077
8508
4077
3202
9226
4296
10460
4691
10460
4650
6687
4778
6173
3537
6173
8401
8655
5663
8655
9789
12241
9180
5091
6428
7548
3254
7548
12252
7548
9178
7548
10595
11702
5646
1288
1287
11257
6046
4784
10679
4784
5661
4784
11272
8055
7525
8055
3384
7607
9046
7607
8180
5190
3845
2657
2642
5231
4195
2596
2586
7354
4690
7354
11647
353
37
318
319
1428
1697
1428
1357
6391
5181
6391
4245
9098
7617
9098
9147
9098
6134
3329
7529
3329
6492
160
7577
6126
7577
6119
2026
1874
2026
1878
2026
2024
2646
2637
2646
2620
2820
2441
2820
2819
10765
10262
7116
4145
7116
4244
10288
9880
10288
9894
10288
10901
11827
8793
11827
12366
155
11246
11292
11246
11272
6169
3537
6169
3553
1052
1112
1052
1028
9238
9258
10859
9451
10859
3247
7698
6404
7698
7473
3214
4925
3214
5084
3214
5691
3214
5015
5499
5071
5499
3579
6203
4941
6203
3771
2840
2832
5792
5246
5792
7045
3555
3551
11083
5677
11083
4971
7734
3378
7734
6465
4107
4106
4107
4072
9691
12217
4947
4042
8971
5598
8971
8313
570
569
570
914
1889
240
11410
10857
9570
4847
9570
5932
11018
8380
11018
8329
646
680
646
716
5008
3253
4048
4040
2325
8857
5420
2530
5420
2535
7914
4293
7914
12161
6612
3442
6612
8160
4729
5886
430
429
2973
2975
2973
2971
8281
12117
8281
4703
8281
5028
8281
12072
890
526
890
531
2072
2070
2072
1792
2072
1796
2403
8892
6422
6438
6422
5067
8140
9270
8140
11755
1868
235
6159
3562
10869
10907
10869
10875
5326
9528
4733
2810
8448
5577
8448
11150
8388
3355
4649
4630
3887
3820
10903
11841
11999
10558
4913
2477
8507
3601
11773
11380
7142
3464
11669
11233
5681
10272
10755
8701
2169
1932
2169
2159
3496
8503
2234
2112
2234
1855
4224
4265
4224
10679
4224
5661
4224
11272
6924
5569
6924
5440
12228
2866
8912
2921
8912
5807
9782
11763
9782
10743
9782
11764
9331
11418
6038
6039
7175
7176
429
335
10441
4531
10441
7096
10381
2373
10381
12044
10381
4770
10381
8384
10381
2376
10381
12488
10381
4833
10381
12485
8732
5145
2544
2538
3565
3512
4825
9337
46
6298
4313
2726
2729
2726
11672
2726
11673
2726
8606
3333
3310
569
568
7030
5599
7030
11180
9560
3092
9560
8077
8218
10801
2694
2686
4455
10716
4455
9762
4455
4454
10470
4847
10470
4678
7783
4023
7783
3956
11034
6975
11034
6389
5338
11841
5338
9890
7397
4390
7397
4429
4966
4260
973
926
973
1191
973
937
10049
10153
10049
10130
10940
9480
10940
2379
10940
2376
7512
6093
7512
6408
7205
5744
7205
5753
12233
6034
12233
11279
12233
10150
10127
2446
2416
11964
2416
8722
11294
12251
2959
2939
2959
2960
1904
1903
2056
1822
2056
2049
2056
2055
5522
2579
5522
2567
2918
5454
2918
5454
2667
2668
2667
2646
6026
6362
6026
6964
8065
7566
8065
6569
11996
11435
11996
11945
8477
8230
9320
4938
9320
8704
9320
4937
1429
1347
1429
1699
11666
10631
7364
5977
7364
4614
1505
1727
1505
1332
6989
3702
11917
12510
11903
2278
2738
2715
2738
2735
4289
10093
4289
10104
4289
11267
4289
5987
4289
5988
4289
10105
8665
7881
10211
10854
10211
10770
10211
9343
10211
10763
10211
10296
2312
9507
10873
11997
11267
11285
4599
4554
4599
10167
1289
1288
1749
1558
10556
11649
9295
9794
9295
11977
9295
9823
9295
9323
9295
10808
12466
9495
12466
10955
7635
6149
7635
3569
2613
2600
4359
4418
4359
9335
4359
4308
3037
9241
3037
2963
3037
8187
3037
8614
6972
8164
10085
12266
5604
2836
4272
4268
4272
5991
11746
11796
1386
256
10697
12504
10697
10735
10697
11735
1352
357
9035
9125
10578
4152
3297
9111
8611
9221
1491
61
7921
4077
2462
2437
2462
11715
2462
11716
2462
8617
2014
2139
8306
12088
1326
350
2525
10697
2525
2533
2525
9257
2525
2524
9928
2315
9928
10372
9928
9508
755
909
9763
5110
8490
10084
8490
9135
8350
5342
8350
9325
8350
9336
4844
8589
4844
4773
2471
12007
2471
12242
2471
2468
9809
10868
9809
9379
9809
12353
10664
6947
3766
8528
11720
12289
11720
12289
4245
4233
11606
2883
8527
8575
3264
3309
3264
10176
8017
6159
8017
3549
6945
4656
737
464
737
582
737
459
6319
4394
6319
5133
11052
4525
11052
4425
3910
3853
8754
4829
8754
8792
3880
6529
3880
6532
2129
265
10251
10848
10251
9413
12188
8244
12188
9067
12188
8243
2103
2215
703
463
703
582
703
855
7762
3410
7762
8337
2043
2139
2043
2042
11609
2548
5668
4244
5917
10118
5917
4950
5917
9646
8199
10920
8199
8175
4685
4620
9779
11775
9779
9369
9779
3205
9779
10793
1990
2134
1990
1989
3711
3695
5737
5738
9160
4360
1046
1025
1046
1073
376
371
376
375
8361
11179
7233
5777
7233
5779
3933
9680
3933
9658
3933
8515
3933
4006
8276
10574
5440
2742
2327
11918
10608
9181
10368
5270
12350
3172
5821
2952
9936
11885
2899
2471
7002
5502
7002
5774
1998
1997
1998
1981
1998
1914
2195
2011
2195
1863
7093
4416
5574
2798
4618
4544
4618
4634
4302
8496
11749
8722
3627
11416
3627
5404
3627
2306
8986
5922
8986
5939
11683
12226
11466
8362
11466
11482
8258
3662
2434
9404
2434
10292
2434
9375
2434
8076
10547
8242
12352
11384
12352
10282
3425
3371
3747
5493
3747
9162
3747
8597
3747
7156
207
105
5207
3251
7590
3886
7590
4923
9170
8606
8351
12087
8351
12038
5676
8536
5676
4143
5676
6044
493
492
527
526
7752
6477
7752
5101
5148
4172
3808
3443
11630
9659
8764
10916
8764
9949
632
821
632
758
10261
12391
9427
9440
9427
9456
11217
8570
11217
4783
11217
4784
3929
9735
3929
9765
3929
5710
3929
9716
187
123
5658
4147
7229
3660
7229
3668
467
466
5395
9381
9875
5384
9875
5383
9875
9459
1614
1337
9842
10305
2795
2776
8268
11991
8268
8272
8268
8270
8268
12107
11456
11479
4373
4339
4373
4317
3513
3507
3513
3510
6504
3336
6504
3348
6710
8005
6710
5123
11882
2330
10376
10381
4896
11415
4896
8193
4896
4723
178
137
11478
10939
9511
2329
1596
1430
1596
1611
8797
4820
11121
6468
11121
11575
5943
5945
10358
12484
10358
9503
7843
12444
4191
6034
4191
9234
4191
12259
4191
8654
4191
11717
12080
11930
6911
5432
6911
5560
1562
1577
1562
1428
11508
5267
7332
5943
7332
5928
9119
8542
7284
4489
7284
5164
4540
9160
4540
10159
3984
3941
3984
5708
3984
9716
3984
5711
4369
4316
6474
3402
6680
4535
6680
4575
12140
3759
12140
3855
12140
3833
12140
8102
12140
3767
12140
7566
12140
4056
12140
3705
12140
5504
12140
4882
12140
5045
12140
7099
12140
5742
12140
4985
12140
5761
12140
5737
12140
5746
12140
3363
12140
5510
12140
6155
12140
3532
12140
3733
12140
7538
12140
5505
1991
2083
1991
1990
1991
1977
6731
3360
6731
3401
10406
4890
10406
4458
10566
2859
4090
6432
2159
2096
5518
2566
5518
2557
7719
6457
7719
6481
4403
4342
1235
1234
11387
9388
11447
10944
3254
3216
3254
3271
3143
3110
10999
2388
10999
5315
10999
8848
6827
2268
9905
9490
9905
5076
3778
5226
3778
5715
11062
5812
11062
9039
6235
8246
6235
4491
10250
10253
9753
8674
9141
10644
5706
4875
11562
6132
11562
5592
11562
2861
3756
9165
3756
9654
10654
10687
6095
4135
931
930
5177
4130
3979
5709
3979
12239
3979
11237
3979
10623
9065
10615
5381
5382
5381
5382
5441
2747
6907
2708
6907
2693
7279
4461
7279
4488
9825
11996
10798
10823
7352
6265
7352
5936
8320
9066
8320
9641
8320
9148
1329
351
9477
10354
9477
9918
4560
4448
2021
2020
2021
2114
6848
3611
6848
2296
5626
2900
5626
2506
7665
3759
7665
3767
3067
3029
3067
3066
6751
3333
6751
3325
11728
3181
11697
5493
3475
12051
3475
7142
4782
5219
4782
7824
4415
5654
4415
9679
4415
4420
4415
9159
1389
1388
11967
10872
11967
11815
6489
3264
6489
3385
6349
7108
6349
4208
6349
6347
9913
7836
9913
8116
12273
11325
11171
12183
11171
12183
3234
3236
3234
3183
740
374
740
615
740
611
9218
9740
3382
3327
3442
3440
6255
4567
6255
4608
3916
6116
3916
3919
11428
11447
3000
2993
8783
12474
8783
12461
7196
5034
7196
3719
9733
3942
9733
10219
9733
9775
10326
9917
10326
8347
11564
5899
11564
8469
11564
4769
11564
11584
12509
8875
2411
11264
2411
2407
2411
9713
2411
2406
3094
12043
3094
3093
9649
3744
933
1217
6012
4358
6012
4329
3736
3724
10634
11287
4323
4286
1243
1240
2781
2775
2781
5319
12515
8889
7912
4287
7912
4159
6614
7139
6614
7144
5211
4016
1240
323
11393
11396
1206
1209
284
6424
6426
6424
5067
6630
12126
6630
3789
9599
5232
9599
5003
9599
3526
9599
7917
9599
5921
9599
3884
9599
3497
9599
5619
9599
8341
9599
5039
9599
5193
9599
4677
9599
4535
9599
4690
9599
2898
9599
4054
9599
6130
9599
8083
9599
7515
9599
5856
9599
9046
9599
11647
9599
4236
9599
4228
9599
3477
9599
3388
9599
2822
9599
11954
9599
3834
9599
3421
9599
9031
9599
4363
9599
3860
9599
4643
9599
8105
9599
5835
9599
2946
9599
5083
9599
6945
9599
3425
9599
5177
9599
3015
9599
4463
9599
9033
9599
4164
9599
3948
9599
3126
9599
5980
9599
6495
9599
8180
9599
3787
9599
3501
9599
4023
9599
5634
9599
2494
9599
2986
9599
3142
9599
9008
9599
4920
9599
3999
9599
4326
9599
3956
9599
2926
9599
5069
9599
4493
9599
4575
529
528
5767
3653
1699
1426
1699
1717
8331
9030
8331
12091
8331
12142
8331
8259
8331
12214
8331
8258
8331
9009
8331
8260
8331
8262
8331
8261
8331
8288
4498
4468
304
305
7732
6464
7732
5162
74
469
237
11201
9106
11201
9655
4185
4183
5638
12124
3212
3208
3212
9302
3212
9304
3212
10725
9448
11970
9388
8748
9388
9403
9388
9847
3505
9816
3505
11344
3505
9787
6081
5193
6081
4228
11733
12272
5127
9096
5127
12009
11436
5299
5794
6938
5794
2809
11884
2346
12355
9895
12355
10344
12355
9912
1598
1432
1598
1293
7263
3070
7263
12170
3728
3582
3728
3727
2023
2220
2023
2021
2023
1881
6200
3757
3963
3957
2009
1885
2009
2114
9507
2311
5470
10848
5470
10293
5470
11403
4009
3983
2149
2150
10338
11485
10338
9913
10338
12446
9966
4695
9966
5927
6877
10717
6877
8698
6877
8669
7309
8310
7309
12149
5049
3225
3648
5501
3648
3649
10190
9867
10190
10309
10190
12010
2542
2539
2542
2541
8734
5298
8734
3677
8734
4880
10231
12367
10231
5360
10528
4654
10528
4650
141
5901
4593
2020
2019
2020
2160
7971
12121
7971
11170
470
469
3283
3265
3283
3288
8914
4859
1153
1109
1153
1061
1153
1176
6922
2790
6922
5439
3707
3684
4222
4204
11741
12275
11741
12275
10091
10646
10683
2802
9140
9187
9281
2730
5757
3685
9784
8688
9784
11759
9784
8068
530
529
3953
12205
3953
3878
3953
11708
3953
12222
4541
4423
4541
4545
8098
3895
10900
8887
7253
2996
7253
5824
7144
3467
1599
1747
9956
3144
9956
3128
2487
2458
2183
2010
2183
1869
11601
4469
8577
4189
5460
11750
2198
2077
2198
2094
8698
9351
8698
12308
8698
11385
8698
8718
8238
12200
8238
5920
11818
9442
349
78
6716
12194
6716
8395
6750
3334
6750
3346
11885
2342
2575
2551
2575
6853
9978
8119
9978
3532
12354
10780
5589
2864
3046
3033
3046
3037
384
377
384
383
1984
2151
1984
2103
4339
11199
4339
6365
4339
4907
3057
3007
3057
3005
10008
10015
2605
2591
8548
8580
6761
5131
6761
12026
10536
8481
10536
11633
10536
11638
10536
11634
10536
11636
10536
11171
10536
9017
10536
10052
10536
7474
10536
8484
10536
9027
10536
8488
10536
11632
10536
8487
10536
10551
10536
9024
10420
5222
10420
9085
381
380
7655
8287
7655
9009
9729
9262
1388
258
840
559
840
799
4691
4590
8607
8151
9947
11520
9947
11921
9055
9633
9055
10570
9055
5601
3830
3799
1328
1327
7362
5972
7362
4615
2342
2341
4570
4544
4570
8225
4570
8683
4570
11288
5720
10100
5746
3694
11565
4480
11565
2599
11565
2873
11565
4445
11565
2811
11565
11581
11565
2532
11565
11608
11565
11603
11565
11582
11565
2698
11565
11580
11565
11576
11565
11579
11565
11144
11565
2409
11565
11611
11565
10530
11565
11146
11565
4576
11565
11605
11565
11597
11565
5853
11565
4699
11565
2854
11565
3100
11565
11574
11565
11610
11565
11587
11565
2810
11565
2425
11565
11606
11565
11609
11565
8276
11565
4373
11565
11601
11565
2870
11565
3031
11565
11593
11565
2623
11565
11598
11565
11151
11565
4645
11565
11588
11565
2754
11565
11599
11565
11596
11565
4303
11565
2794
11565
2545
11565
2572
11565
2884
11565
2725
11565
11577
11565
2410
11565
10533
11565
11590
11565
4279
11565
11594
11565
11595
11565
2991
11565
11586
11565
2662
11565
2928
11565
11145
11565
9596
7514
6405
7514
6096
2053
2113
10499
2821
10499
5614
5524
2566
5524
2584
1174
947
1174
1111
1174
1021
7087
4701
3677
5144
934
1076
11292
8179
3598
3597
739
442
739
447
739
584
5871
3148
5871
4464
2500
2501
2500
2452
8001
5050
8001
7429
2692
2687
8226
7848
8226
6156
8226
5762
8226
5503
8226
3638
8226
3807
8226
3641
8226
3660
8226
5729
8226
6190
8226
10022
8226
6458
8226
9021
8226
10066
8226
6167
8226
3889
8226
9649
8226
7173
8226
6356
8226
4892
8226
4055
8226
10017
8226
6283
8226
5776
8226
5743
8226
5756
8226
3668
8226
3330
8226
6990
8226
3704
8226
5234
11032
6627
11032
6598
6265
7908
6265
5941
6265
8566
5288
10925
5288
8774
3262
3226
6106
3875
4435
10821
4435
4793
971
1216
5695
5697
12368
9390
12368
8377
1513
1463
1513
1227
1513
1222
11054
3927
11054
4004
5358
10787
4842
3874
7213
9620
7213
5753
3893
10694
3893
3839
3893
11317
3893
11724
8141
10750
8141
10269
10960
9928
6788
4047
6788
4055
10662
4601
997
1025
997
1073
997
935
997
1077
9896
11500
5376
8772
5376
5377
2939
2940
2939
2916
3690
3673
10148
3194
10148
8665
10148
10173
10148
9254
2776
10109
2776
2772
2776
9176
2776
2779
12180
7926
8843
2400
8843
2402
8843
2396
8843
2394
7080
8253
7080
5644
5261
5262
2260
2215
2260
2214
2260
1938
2260
1889
2260
1894
2260
2236
828
412
828
858
8119
3556
10395
7522
10395
6461
4875
3207
2758
2737
2758
2750
7125
4166
7125
5675
12040
9950
2841
2832
10207
9796
4274
4114
4274
4276
5602
9300
5602
2807
11186
2696
166
151
11705
11303
11705
9752
11705
11295
6974
4900
8719
10864
8719
8742
4753
11582
4304
9187
4304
12276
4304
11245
5572
2782
6139
3450
9268
9300
7004
3635
7004
5778
10915
8899
2454
2442
2454
2446
1910
246
2870
5027
2870
9056
2870
2864
2870
5251
10177
10228
10177
10733
10177
8069
7797
12034
7797
4045
8511
5166
7443
4966
7443
4214
7383
5965
7383
6272
1755
1503
1755
1756
4905
4304
2806
12411
2806
9358
2806
10796
2806
5320
5250
2967
10735
8879
7110
4207
8590
2437
672
273
5406
5407
12434
10936
12434
9457
12434
10872
10518
3335
10518
3292
427
426
593
592
593
443
593
447
9351
10843
9351
11413
10823
10850
8170
8740
6058
6095
6058
6973
8427
5935
8427
4610
1982
2137
1982
2099
2046
1840
2046
2042
11991
2549
11991
8380
11991
5569
11991
2788
11991
5125
11991
2648
11991
2514
11991
2694
11991
2613
11991
5440
11991
5574
11991
4490
11991
6275
11991
5445
11991
2633
11991
2655
11991
5600
11991
8275
11991
2410
11991
4235
11991
5933
7764
3303
7764
3407
263
15
11661
2738
1510
1411
1510
1556
905
673
905
722
8752
9901
567
665
11416
6838
9540
11907
5545
2654
5545
2689
2310
11905
2106
1831
6076
4227
6076
5678
3619
3620
3619
9128
3619
7838
3619
5348
3353
4731
3353
4731
9276
9331
9276
5160
9276
9317
4027
4020
4027
3931
11558
10035
11558
6624
11558
10034
6693
7997
6693
7521
10819
9554
139
11330
9313
654
702
654
743
7986
5159
7986
10086
9258
9367
4928
6958
2243
1975
2243
1940
10839
12396
4763
3936
4763
12105
4763
4764
4763
2767
4763
5675
4763
12023
9844
8751
4809
8554
4149
11722
4149
10170
4149
9732
4149
10227
4149
11723
4149
8696
2860
2825
2860
2856
6215
3674
6502
3335
6502
11931
4111
3190
4111
5664
4111
8666
4111
5665
8762
9431
12088
12096
2171
1794
2171
2066
3535
3499
3535
5721
3409
3386
3409
11666
3409
11227
3409
10131
7754
4977
7754
6486
9199
9216
3363
3290
1687
1710
1687
1274
1687
1711
6890
12207
6890
2612
1919
252
2485
2480
2485
2486
351
38
6123
3803
6123
5715
10941
10954
9361
11833
5085
3981
6068
4074
6068
6974
6068
4809
6068
10589
8160
12052
8160
9097
12246
2950
9490
3163
9490
6817
9490
4903
9350
8127
10970
10986
9618
5232
9618
5003
9618
7917
9618
5921
9618
3884
9618
3497
9618
5619
9618
8341
9618
5039
9618
5193
9618
4677
9618
4535
9618
4690
9618
2898
9618
4054
9618
6130
9618
8083
9618
7515
9618
5856
9618
9046
9618
11647
9618
4236
9618
4228
9618
3477
9618
3388
9618
2822
9618
11954
9618
3834
9618
3421
9618
9031
9618
4363
9618
3860
9618
4643
9618
8105
9618
5835
9618
2946
9618
5083
9618
6945
9618
3425
9618
5177
9618
3015
9618
4463
9618
9033
9618
11648
9618
4164
9618
3948
9618
3126
9618
5980
9618
6495
9618
8180
9618
3787
9618
3501
9618
4023
9618
5634
9618
2494
9618
2986
9618
3142
9618
10571
9618
4920
9618
3999
9618
4326
9618
3956
9618
2926
9618
5069
9618
4493
9618
4575
3015
2973
12249
2836
2476
2469
2476
10629
2476
4912
2476
8576
327
328
10652
10673
10652
10158
1911
1910
9017
5883
7527
3326
896
667
896
911
3252
3254
3252
9178
3252
10595
10440
3806
10440
3831
6385
4257
6385
4248
6445
4119
6445
4080
11064
6587
11064
3910
5368
9322
11900
2279
4936
8803
4936
12476
4519
4397
4519
6952
3379
3326
1531
1435
1531
1289
1531
1548
4779
4780
2923
2906
2768
2732
2768
2769
8635
3487
8295
11968
8295
4993
6472
11659
6472
9058
6472
4968
11704
2466
1452
1725
11237
12182
1286
1285
5886
9183
5886
11259
5886
5645
5886
8613
22
19
1839
1836
128
4400
9758
4400
9785
4400
9310
4400
4344
8921
3616
7611
4844
7611
3810
5251
5788
2637
2627
2637
2636
12462
10953
12462
10964
12462
2327
8035
5034
8035
7193
651
708
651
714
1764
1498
1764
1767
6543
4050
6543
3932
11097
5105
11097
6472
3982
6115
3982
10618
3982
3929
3982
6113
1426
1637
1426
1729
9306
9793
7282
4457
7282
4497
7334
5928
7334
5035
9685
12263
9685
10135
9685
9696
836
895
836
565
12157
3133
7159
11206
7159
8534
7159
4798
2376
11011
2376
2375
356
31
10936
11844
10936
10351
1985
1984
1985
1894
1985
1890
7889
6880
7889
5509
9608
5945
11368
9359
5064
6195
3005
12253
3005
3004
3005
10647
3005
11284
8948
2788
8948
5440
12250
4423
11899
28
6142
6153
6142
4779
6142
6979
4071
4074
4071
3201
10466
3363
10466
7538
6681
4371
6681
4410
2261
6833
2042
2034
2042
1858
4970
3536
390
389
4509
4454
4509
8408
9007
4959
9007
5635
9007
8131
9007
5830
9007
6323
9007
5105
9007
4376
9007
9040
9007
5931
9007
3045
9007
3391
9007
3026
9007
6037
9007
3790
9007
6143
9007
3337
9007
3550
9007
4964
9007
5041
9007
5060
9007
3872
9007
3927
9007
6430
9007
4708
9007
4325
9007
3365
9007
8166
9007
3565
9007
7921
9007
8320
9007
4498
9007
5049
9007
3830
9007
6472
9007
4528
9007
5972
9007
3904
9007
5184
9007
5020
9007
6483
9007
4459
9007
3967
9007
4039
9007
5798
9007
2989
9007
8085
9007
4872
9007
9052
9007
6437
9007
4826
9007
3150
9007
4686
9007
3520
9007
5077
9007
4004
9007
5096
9007
3129
9007
11948
9007
4561
9007
4862
9007
5241
9007
9038
9007
4615
9007
3805
9007
4942
9007
4975
9007
5212
9547
2382
12252
3216
4652
4656
4652
4618
4463
3160
803
629
803
839
1704
1618
1704
1490
255
162
11251
9239
11251
9719
5924
4626
1170
943
1170
1039
1170
965
1170
1204
3189
11352
3189
12004
7038
4897
7038
5186
6175
3533
6175
3558
8653
10220
8653
9347
8653
9803
5097
4103
2272
2271
11525
4977
11525
4960
9316
10236
9316
5388
9316
10833
9316
10308
10779
8731
10779
11780
10779
10261
10779
10263
260
16
7298
4636
7298
4497
946
945
946
1007
7601
3888
7601
3906
3998
3914
8053
7529
8053
6487
6030
4919
6030
5010
5237
4525
5237
3773
5237
3538
5237
4010
5237
3813
5237
3871
5237
7930
5237
5979
5237
4489
5237
4854
5237
6164
5237
5994
5237
5164
5237
3777
5237
2943
5237
4977
5237
12133
5237
3490
5237
2990
5237
5038
5237
3828
5237
4124
5237
4898
5237
12166
5237
6328
5237
3473
5237
4654
5237
3050
5237
3459
5237
4947
5237
5008
5237
4691
5237
4960
5237
12211
5237
3417
5237
7430
5237
6414
5237
4425
5237
5888
5237
6585
5237
4003
5237
12132
5237
3856
5237
8126
5237
4176
5237
5093
5237
4972
5237
8409
5237
5915
5237
5119
5237
3332
5237
3564
5237
3139
5237
3554
5237
5128
5237
7115
5237
3903
5237
6429
5237
3574
5237
4038
5237
4650
5237
7911
5237
12191
5237
6486
5237
6346
5237
4605
2651
5285
2651
9321
2651
10807
2651
9800
10763
10798
3500
3481
1248
311
7571
3992
7571
9034
4839
10726
4839
12329
10928
11902
655
699
655
718
542
541
542
537
9664
5603
9664
5603
2942
11994
2942
4839
10809
5691
10809
5692
10809
8123
6397
7919
6397
4252
637
735
637
830
4819
3112
6205
6984
6205
5735
6512
5207
6512
12145
11614
9624
10052
9104
10052
11207
10052
5011
7824
11861
7824
9936
7824
2338
6522
4842
6522
9061
5330
9421
8977
6537
8977
3969
2730
11431
2730
11421
2730
2423
2730
5286
9556
202
7026
2805
7026
2787
124
217
45
11896
2276
9697
11278
9697
10152
4101
4073
4101
6970
4101
7920
4101
6969
11085
8409
11085
4605
4941
8537
3553
3551
3419
3406
6364
4406
6364
4905
4479
8169
4479
9275
4479
8664
4479
5461
5989
4385
1987
1986
1987
1938
8287
11187
1591
1704
1591
1321
1591
1616
12017
8144
12017
5948
12017
3148
12017
3395
12017
2896
12017
5214
12017
6140
12017
5204
12017
5050
12017
2999
12017
7429
12017
4531
12017
3324
12017
3972
12017
6482
12017
3928
12017
7096
12017
8485
12017
8163
12017
5969
12017
9032
12017
6297
12017
6456
12017
5999
12017
5203
12017
4335
12017
3806
12017
3870
12017
4046
12017
10040
12017
6352
12017
3051
12017
12043
12017
9035
12017
3382
12017
5901
12017
4970
12017
3521
12017
4991
12017
3461
12017
2988
12017
6129
12017
8210
12017
3359
12017
5150
12017
3573
12017
3854
12017
3331
12017
7148
12017
9037
12017
5170
12017
3997
12017
3093
12017
3831
12017
4464
12017
3949
12017
5109
12017
8129
12017
5152
12017
5951
12017
4887
12017
9041
12017
5107
12017
8137
12017
3374
12017
5965
12017
6272
12003
4295
9578
5948
9578
5951
1135
979
1135
1107
2975
2966
2975
12280
2385
8891
3124
8485
3124
12043
10905
11474
10905
9457
43
81
1695
1716
1695
1425
1179
934
1179
925
2836
2844
2836
2834
3881
3883
3881
10666
3881
8375
3881
11709
2354
2353
12036
12196
9999
3928
9999
6129
4735
8561
4735
4831
4735
12136
10062
10087
4314
10195
4314
11303
4314
9752
4314
4277
11250
10151
1779
1778
8822
5272
11615
2503
7014
2621
7014
2639
8679
12303
2816
5602
2816
2439
2650
5285
2650
11966
2650
9330
2650
10807
1249
1248
7120
5129
7120
4167
10753
8896
12176
9188
12176
11694
12176
6099
8501
2739
1031
1084
8079
3066
5687
5689
9654
5733
4915
8328
4915
10830
4915
11816
7173
7174
9337
9364
9337
8277
9337
8278
302
845
793
845
550
1662
1382
1662
1377
1662
1693
8136
3820
10508
11591
10508
12150
5416
2530
5416
2523
9566
4706
9566
5924
11406
11422
3609
3603
3609
5311
3335
3317
3563
3511
6354
4262
10447
3688
10447
3708
10387
4218
10387
4246
4823
10069
4823
8372
4823
9628
9230
9249
389
388
4960
3284
7785
3967
7785
5212
1514
1283
1514
1598
10842
9395
7391
4522
7391
9079
10456
5590
10456
2845
11376
10956
2828
2796
1401
1503
3579
5400
3579
11351
3579
11316
3579
12331
3579
5398
4132
4134
4132
8569
4662
4619
4453
10822
4453
4398
4453
9817
4453
9811
6116
11700
6116
3816
6116
12286
6116
11260
11927
9939
11927
9929
11927
2331
1496
276
7169
7170
10478
10052
10478
11643
7203
3707
7203
5743
11358
11459
5054
3465
11768
11383
10121
12217
6792
8075
6792
12120
8471
8282
8471
6986
8471
3624
8471
6017
8471
5760
8471
6565
8471
5086
8471
4165
8471
6050
8471
3675
8471
12158
8471
3639
8471
5506
8471
3836
8471
6182
8471
3605
8471
5006
8471
6163
8471
12021
8471
5750
8471
5034
8471
4869
8471
3808
8471
5064
8471
3563
8471
8117
8471
4851
8471
6480
8471
12026
8471
3719
8471
4037
8471
5502
8471
5763
8471
4989
8471
6186
8471
12206
8471
3625
8471
4256
8471
5774
8471
7534
8471
7193
8471
8315
8471
3630
8471
12151
8471
5766
8471
5515
8471
8385
8471
3416
8471
4221
2600
2577
2600
2589
8109
4354
5186
2454
8063
3991
8063
6572
8128
2432
2661
2645
12179
3980
732
628
732
361
11261
11276
8709
10260
8709
11799
8709
8127
8709
5325
8709
12393
5612
2813
8663
5257
10875
11835
11524
2572
10217
10759
12039
9418
12039
9855
12039
10930
12039
10350
12039
9410
7422
5065
7422
4377
7749
6475
7749
3305
10083
10118
10083
10118
10691
9279
10691
9279
12143
9074
12143
5125
12143
5581
12143
4490
12143
12149
12143
5600
12143
3002
12143
2987
12143
2851
10018
6983
2615
2590
746
465
746
581
6676
4566
6676
6282
9293
8695
3031
8476
3031
8467
3031
9003
3031
5818
4086
9844
4086
10851
4086
9853
4086
10834
10570
9664
7633
6149
7633
3774
10410
5801
10410
11645
2442
2436
2442
9243
4536
12299
4536
10662
4536
10744
1678
1361
1678
1692
900
676
900
901
6658
3564
6658
3554
11711
4720
6229
3146
6229
4457
7927
5723
7927
7144
8617
8652
9033
3055
3291
12218
8874
198
3760
6195
5032
4102
11982
3587
9765
5478
5710
5711
7504
12197
7504
6407
11288
5469
2523
2516
952
1205
9859
11466
2688
2653
2688
2670
408
407
408
403
402
295
3582
3583
3582
3577
1731
1398
1731
1735
10246
9365
11648
10065
6943
11594
5292
12518
8011
7143
8011
6138
8521
9130
4243
9756
4243
10186
4243
8632
4243
8656
2400
12513
4154
4150
4154
4200
548
774
12341
11945
4683
8153
4683
8158
4683
8154
5911
4594
5911
4676
6332
4337
6332
4298
10257
12434
6284
6285
5680
12314
7474
11183
5731
5732
9166
5223
8367
3434
8904
2853
8904
2812
3868
3269
7586
3889
7586
3832
3717
5499
3717
3714
4528
4414
12418
12453
2387
8325
8082
10020
8082
8475
5827
3042
3935
3921
7235
2947
7235
2924
11754
11371
9632
9114
3439
10762
3439
9792
3439
5053
3439
11353
6706
8134
8394
5180
385
327
10541
10025
10541
9020
10541
11165
8682
4792
8682
4825
8682
4992
4900
3185
10380
9538
10380
12503
11460
5306
1074
968
12488
12489
3621
3620
3621
9128
3621
5347
3621
3622
7095
12193
12456
10375
8357
5197
8357
5154
8357
6473
8357
3263
8357
9049
8357
9000
8357
6691
8357
4574
8357
6131
8357
3299
8357
5739
8357
3442
8357
6265
8357
3741
8357
12197
8357
6184
8357
9042
8357
5936
8357
9034
8357
10561
8357
4852
8357
4024
8357
3381
9156
12200
5972
4582
3858
3816
3858
3849
6604
3807
6604
3832
7902
5641
7902
7065
1605
1257
1605
1252
3741
3725
3423
7134
3423
9136
3423
4766
1812
1811
5201
4355
11211
9132
1146
1193
1146
1103
5393
5394
9873
9882
9178
12252
9178
12252
819
622
819
847
819
537
4482
4470
4482
3134
4342
9212
4342
4291
4342
8596
1759
1500
1759
1747
3876
3257
3876
9694
9421
11491
9421
9908
10267
11411
9392
8770
9392
11520
9392
8775
7684
4964
7684
4942
4375
4304
1073
968
11593
2528
11049
5108
11049
11607
3202
7881
3202
3204
3515
3508
3515
3542
11470
10340
2793
2766
8990
10016
10034
5027
10034
9056
10034
10128
1267
1264
1261
1605
12333
10289
12333
11434
5436
2746
11127
5014
11127
3366
4019
4016
9084
8520
872
627
872
879
7319
5900
7319
4633
9940
12517
5945
11677
5945
6950
5945
12254
5945
10111
5945
12144
5945
6953
11621
9066
11621
10082
11621
9641
11621
4206
11755
9818
11755
9807
11755
12352
11755
9355
11755
8376
9517
2358
9517
2352
10294
10341
8791
9515
8791
9504
8280
8281
8280
12059
1407
1499
12328
10312
12328
9884
12328
12360
12328
10314
12328
11419
40
8310
4588
4197
4195
4197
7847
4197
9138
4197
9153
7845
10213
10782
12342
6668
12214
6668
7192
288
67
6917
2771
6917
2760
4405
4342
35
71
35
71
35
120
35
76
35
76
35
142
35
126
35
223
35
282
35
282
35
222
35
225
35
101
35
132
35
136
35
14
35
14
35
119
35
121
35
224
35
284
35
284
35
74
35
74
35
141
35
139
35
124
35
277
35
277
35
137
35
281
35
281
35
279
35
279
35
221
35
144
35
8
35
8
35
133
35
125
35
130
35
72
35
72
35
75
35
75
35
103
35
122
35
135
35
140
35
7
35
7
35
283
35
283
35
73
35
73
35
280
35
280
35
11
35
11
35
123
35
226
35
102
35
88
35
88
35
278
35
278
35
104
35
127
35
134
35
131
35
138
35
129
3172
9369
3172
11414
3172
3165
308
2539
2525
2539
2534
11441
9452
11441
9429
11441
9471
11381
10854
11381
11406
11381
10841
6737
4821
6737
5113
10560
8279
4798
10607
12423
9436
12423
11836
78
6233
12134
6233
3138
9029
2862
3398
3345
3398
3386
3906
3852
12449
8148
12449
4782
9869
11831
9869
10928
9869
12446
12071
8224
12071
8997
4634
4622
4634
4578
87
285
4164
4104
9903
12454
9208
12198
9208
12198
3145
3110
6821
10978
6002
9140
6002
4274
6002
11245
6002
10143
6574
3928
6574
3997
7872
10681
6093
4135
7629
9642
7629
6144
5171
5886
3770
3752
107
152
1244
1243
1244
1237
12131
4131
277
9147
9199
9755
9292
9755
11741
5428
2700
2511
2412
2511
8768
2511
4710
8486
3699
8346
8519
12407
10875
12407
10880
12407
11442
12413
10353
12413
6845
12413
11497
4166
4101
11315
9786
4636
4503
10209
10805
3270
3313
3270
10188
10163
8902
3904
3843
6558
3963
6558
4842
10028
9638
8717
5145
504
503
8868
280
331
214
10952
43
8344
3516
8484
5833
10591
8552
4850
4096
4850
4134
2166
1945
2166
2221
2297
2296
6576
6588
6576
3998
2715
2714
2715
2705
777
778
777
473
2238
1910
2238
1915
8117
3745
7533
9057
10670
2814
5305
8728
7045
10551
11786
12505
11786
2282
553
674
7072
8096
7072
3049
2588
4738
2588
9284
2588
10702
2588
2587
9985
3002
9985
2987
11223
10621
3682
3580
3682
10717
3682
9267
3682
8658
1992
1929
1992
1990
12465
10940
12465
10915
12465
11825
2937
2890
2937
2934
8621
2761
12438
10939
2368
2367
1316
1315
2035
2034
2035
2012
1109
974
5610
2454
11951
9134
8935
7189
8935
6194
2623
11629
2623
2591
1550
1297
8021
6181
8021
6165
8429
8226
8429
8990
5580
2866
10036
2863
1553
1263
1553
1268
1553
1597
12390
5160
2290
300
12211
11668
12211
10117
12211
11218
2862
2856
2862
2823
2319
8852
4033
3876
3617
5313
3617
3613
2037
2013
2037
2036
2037
1853
4628
4627
4628
9203
7686
8176
7686
6354
4583
6955
4583
5471
957
1197
413
412
148
171
10296
9419
10296
11478
10296
12415
11789
10298
5434
2710
7102
5659
7102
12268
7102
11291
5242
3951
11643
10053
6993
3661
1767
1497
1767
1769
9086
11232
9086
9179
4293
4224
6606
3809
6606
3825
7799
6565
7799
5086
5275
5276
10641
9731
8582
4940
8582
9738
12148
10654
12148
10645
12148
10130
8162
12377
9154
9210
9243
8660
9243
10704
9243
5358
9243
6857
9243
9285
9243
5172
4861
4152
3521
3493
8760
10325
8760
8199
1086
1071
3874
3257
3874
9691
3874
10121
3874
10140
347
53
501
500
6137
3452
10179
9754
7468
4981
7468
4109
9532
77
3241
3176
3241
4978
3348
3272
3488
3482
9405
12375
9405
4976
2505
2497
11842
10349
3195
8645
3195
3194
3195
8667
3195
8646
11322
10229
2423
10908
2423
8770
1363
1360
11860
2340
11860
9946
6043
3170
3407
3405
10721
12367
6704
7522
6704
4083
6510
3293
6510
3403
1636
1340
1636
1345
9197
9220
2852
2817
8396
8626
6286
5957
6286
5956
6286
7091
10837
12388
10837
12388
10837
11437
12323
9385
1412
1495
8770
9879
4147
9829
4147
10227
4147
8696
7458
4210
7458
5165
11631
3041
11631
12110
4807
12047
4807
4808
7895
2493
7895
2812
8906
5754
4029
3865
10817
8882
11491
10949
11491
12460
11491
10983
11491
2274
6882
2543
6882
2537
7584
8095
7584
3905
457
454
4851
3343
9164
6066
9164
6066
7476
6435
7476
6434
7476
6040
4748
11586
8152
4509
691
421
691
589
8433
5679
8433
6425
4208
8532
2639
2624
7506
4123
7506
4091
10962
9526
9342
11380
9482
9500
9482
12451
1996
1995
1996
1980
694
617
694
366
4178
4189
4178
8655
8876
186
11598
2478
10660
11992
11099
3476
11099
11152
2743
9281
2743
6856
2743
9736
4421
4419
4421
4361
1272
291
12338
8066
3260
5682
3260
9764
3260
5215
3260
5683
4777
10188
4156
11239
4156
8531
4156
5202
4156
10092
5995
4269
908
556
908
750
11239
11247
8858
94
11572
6534
11572
3969
10244
5388
10244
10308
10244
10828
10153
12223
10153
10186
10153
8656
10432
5751
10432
5757
8741
10878
6568
8513
6568
6524
6568
4933
6674
4574
6674
6265
9019
3926
9019
3938
9019
7170
9019
4058
9019
3827
9019
7616
9019
6463
9019
4728
9019
5967
9019
6327
9019
4358
9019
7094
9019
4223
9019
4734
9019
3537
9019
4922
9019
3351
9019
5896
9019
8168
9019
3154
9019
4568
9019
8401
9019
3776
9019
6983
9019
7114
9019
8498
9019
5723
9019
3023
9019
6112
9019
7139
9019
3887
9019
7144
9019
3553
9019
4662
9019
3868
9019
4019
9019
7529
9019
3990
9019
5078
9019
6487
9019
6976
9019
6104
9019
4837
9019
8096
9019
4329
9019
4526
9019
12175
9019
4695
9019
3812
9019
4638
9019
4494
9019
3098
9019
4732
9019
4889
9019
3340
9019
4965
9019
6492
9019
5236
9019
6433
9019
8356
9019
8311
9019
7517
9019
4476
9019
6109
9019
3049
9019
5927
6480
3409
7529
3300
4084
3187
12070
8300
12070
8301
12121
10082
12121
11217
3791
3451
3377
3372
4517
4521
4517
4402
5483
5485
5343
3589
5343
8662
5343
11982
1360
247
4392
4341
7290
4645
9375
9870
9375
10874
4534
4412
3990
8203
3990
8204
3990
11693
1215
1217
7131
10176
5184
4386
2070
2135
2070
2136
6581
5087
6581
3939
12281
2934
596
587
596
431
596
595
4552
4513
4552
4551
9647
9123
8312
5001
2295
2294
7360
4561
7360
4615
5773
3648
4991
3478
329
46
837
564
837
911
12008
11715
12008
11716
12008
8617
1418
1491
7955
4729
7955
4473
9708
5056
9708
5705
4790
10123
3450
3447
3450
3448
3390
3237
5078
4099
11374
5304
12395
8391
12395
5218
12395
4306
1185
982
1185
1209
6114
6115
3069
3063
7701
6426
7701
5090
2992
2959
2992
2970
3103
12260
3103
3090
3103
11687
1111
963
10454
7035
10454
10036
6487
3383
6347
8532
2551
11964
2551
5277
2551
9822
5056
4777
5056
4777
2331
6824
2331
5296
2331
11882
964
1083
3977
10077
3977
10608
3977
3979
3977
9657
1866
234
1171
1023
1171
946
1171
1129
1171
1080
12116
3380
12116
3387
12116
3886
12116
6132
12116
6247
12116
4462
12116
2998
12116
3027
12116
2897
12116
6626
12116
3088
12116
6093
12116
4033
12116
2852
12116
6408
12116
7516
12116
4641
12116
6376
12116
5900
12116
2945
12116
4655
12116
5126
12116
2492
6909
2707
6909
2695
7277
3125
7277
5851
9101
12050
6408
8511
6408
4980
6863
3619
6020
4363
6020
4326
9479
12479
11535
2599
8553
9204
798
779
798
536
812
760
812
822
9071
3452
560
559
6378
10050
6378
4221
9509
2313
5414
2521
5414
2514
11118
3689
11118
5768
7920
6971
9463
11879
9463
11506
10983
2273
4007
9378
4007
9833
4007
11756
4007
9821
10225
9329
5047
10280
5047
5377
8134
3261
137
6622
3474
6622
3462
12119
4000
12119
9053
12119
10045
12119
10050
6879
3608
7307
8165
7307
5895
6356
4157
7671
8402
7671
4529
7740
6689
7740
3393
3073
3061
11657
9132
5129
4129
891
508
891
513
7248
5820
7248
2948
11404
10305
11404
9854
9564
3519
9564
3503
5108
3747
3461
3457
3948
3867
1581
1617
1581
1301
1581
1478
11165
4866
11165
6361
11165
8095
11165
4644
11165
6181
11165
5149
11165
3905
11165
4393
11165
5197
11165
5154
11165
4904
11165
6539
11165
6473
11165
3263
11165
9049
11165
3837
11165
6691
11165
4574
11165
3992
11165
4069
11165
6345
11165
6198
11165
5674
11165
6131
11165
3299
11165
5739
11165
4532
11165
3701
11165
6196
11165
3529
11165
6110
11165
4649
11165
7142
11165
4369
11165
3442
11165
6265
11165
4735
11165
3741
11165
12197
11165
6047
11165
6184
11165
3973
11165
9042
11165
4051
11165
6165
11165
6118
11165
4327
11165
6368
11165
5936
11165
4431
11165
3557
11165
4687
11165
3718
11165
9034
11165
5224
11165
6407
11165
3322
11165
4705
11165
6982
11165
10561
11165
4852
11165
4024
11165
7545
11165
3381
5855
3073
5855
9013
4316
4281
4316
4318
9678
10634
3220
3208
3220
3222
7016
2755
7016
2753
2058
1815
2058
2232
2058
2057
338
210
10313
11909
10313
2372
5
49
2374
8900
2834
9774
2834
10198
2834
9266
2834
12335
8998
9618
6192
3726
5803
2894
5803
2923
9656
9131
9597
8998
1000
923
1000
1030
1000
969
1000
922
5769
3665
2814
2440
2814
2808
10
150
3653
3645
3653
3652
5462
5463
6775
8083
6775
3860
2550
2540
5938
5648
10182
10194
8325
9554
6366
4223
6366
7114
2071
1795
2071
2070
2071
2066
1021
1111
1455
1243
1455
1238
1455
1453
5587
2831
3451
3448
3451
3455
9554
207
7024
11661
7024
5562
1696
1752
1696
1397
4230
4237
4230
4141
12026
3866
559
670
6930
5441
6930
2793
3126
3082
2507
2498
1974
1941
1974
2147
9453
8798
2256
2145
9132
4512
8579
8215
2469
11685
2469
8610
2469
2467
2469
10672
9666
6946
9666
9157
8413
2920
8413
5808
10892
8889
7341
4696
7341
5932
7481
6438
7481
5074
3709
3694
5133
4380
3663
5402
3663
3655
5452
12008
5759
3685
1805
298
4888
8575
4888
10601
11155
11161
7826
11896
7826
11894
5865
3091
5865
3071
11763
12327
11679
11706
6742
7530
6742
3350
6271
4449
11937
8219
11937
11938
11937
8220
1671
1322
1671
1706
1671
1616
10412
4368
10412
4392
1657
1674
1657
1574
1419
1418
2883
2835
2883
2803
11676
12233
6301
12195
6301
8410
7965
7962
7965
4440
9831
11812
9831
9842
9831
9854
5926
4624
2099
2238
1807
309
1750
1748
8881
85
3138
3112
9811
10822
9811
10822
7089
4679
7089
4639
9314
10800
9314
8703
9314
11367
9314
10806
10497
2822
10497
9031
10497
3501
2227
2142
2227
1957
1157
1074
1157
970
4562
4451
3679
5499
3679
3578
7370
7906
7370
5989
3822
10172
3822
3823
3822
8651
3822
9273
10934
9496
722
750
722
672
963
1083
5712
10820
5712
10303
5712
10290
5712
10746
5712
10826
5712
11793
5066
5120
8183
8182
9949
12501
9949
11016
8609
3221
2356
2355
11300
11309
11534
7550
11534
6511
8563
5463
12029
4807
12029
12083
7818
3888
7818
3826
6853
12492
6853
8846
2700
2673
2700
2688
12394
10278
3059
12226
3059
8550
3059
3009
4337
4907
4337
12232
2561
2542
7838
6848
7838
2295
6805
11664
6805
6573
10464
12186
10464
2886
11040
11573
11040
6427
9727
9246
2028
2138
2028
2027
9857
9869
9857
9420
5884
4484
10562
12159
10402
4528
10402
4561
588
587
588
430
6311
12190
6311
4410
1192
971
2318
8858
9304
11937
8373
9674
6968
8630
9801
8120
9801
10795
9801
9343
7336
5926
7336
4689
6723
4886
6723
6690
4268
4160
4268
4264
5595
2858
2456
2441
2456
2443
3752
8633
3752
11697
3752
8597
3752
7156
11794
9385
12161
9688
12161
9127
6835
228
12030
11223
12030
8191
12030
8522
7808
3926
7808
3938
7929
7930
8619
8633
8619
3738
5702
3214
6227
3126
6227
3142
91
156
5040
10223
5040
10777
5040
11349
5040
10285
5040
10776
7747
3303
7747
6469
11066
4996
11066
4927
111
32
6815
2351
3590
5345
3590
5346
3590
3632
3590
11975
7493
6415
7493
4108
4934
3343
12484
11983
1538
1596
1538
1298
5300
60
363
362
4351
8562
4351
8214
4351
4353
4351
8579
281
10198
10215
3437
11418
3437
9362
786
761
786
575
1756
1502
1756
1748
12470
11513
12470
11872
8893
200
7756
4851
7756
6480
10345
11488
10485
3031
6340
4376
6340
4325
2407
10640
9435
12420
9435
9893
2891
2472
5672
5673
5829
3046
1366
1639
7328
5921
7328
4690
1682
1749
1682
1414
7778
6550
7778
3946
10888
9884
5155
4647
8090
8560
8369
12097
8369
12084
9640
8544
5645
8620
5645
11275
5645
3136
9274
5356
8403
2286
8403
11002
9771
9303
2369
8876
3719
3698
12205
9244
680
435
680
440
680
585
12363
11453
12363
10888
12363
10314
10372
9523
10372
11886
4892
3478
8690
10242
8690
4715
8690
10816
8191
8593
3843
3803
3843
3844
11680
6097
10259
10839
10259
10282
10259
10838
7984
4229
7984
6036
417
772
992
1068
11133
3338
11133
6493
9846
10876
878
883
11452
11469
11452
8781
11129
3391
11129
6472
4017
3975
12120
3983
7317
6247
7317
5900
8245
12233
1447
1604
1447
1443
7910
7912
9519
2332
5980
4521
11108
5575
11108
5571
5404
8733
5118
4447
11414
4893
4490
4483
4350
8562
4350
8214
4350
8579
4350
8544
6593
3827
6593
3887
6074
6050
6074
5676
7766
3366
7766
5113
11047
4854
11047
5119
5725
3517
4983
5393
4983
11346
4983
5396
4983
11980
10303
9866
3921
9680
3921
3891
3921
9658
3921
8515
9400
10320
2474
2459
7221
9620
7221
8406
4306
4757
8982
3710
8982
6985
5833
3055
11462
12400
11462
12400
219
46
7006
5507
7006
3642
10269
8748
10269
10904
10269
11995
10269
9848
10269
9389
3210
3208
3210
9302
3210
9304
9932
2313
2804
10745
2804
9313
8359
8299
8359
12077
5165
4234
3635
3628
6188
3770
6188
9009
8272
7310
8272
12030
8272
11161
6495
3280
12204
11208
12204
10070
12204
10600
679
732
679
696
1222
1221
5813
2946
5813
2986
8302
12125
8302
10027
7627
4863
7627
3569
1645
1666
1645
1570
4258
4180
12083
9614
897
722
6958
4439
3025
3019
9149
10652
2774
2747
10790
10836
9027
6474
4276
11313
4276
6871
4276
8679
4276
5655
7933
5024
7933
3766
6976
5073
9867
11459
9867
10913
9867
11471
3180
5476
9718
9749
11184
2773
10991
110
10273
12414
507
501
507
505
10552
10046
823
859
823
413
823
858
3113
3101
3113
9246
2537
2528
11553
5214
11553
3972
7711
4963
7711
5055
6643
10540
6643
3488
11056
4228
11056
5177
12461
2337
12461
12475
12461
2336
12461
10965
6739
4821
6739
6690
4361
9239
4361
9747
4361
4359
4361
9719
9585
5974
9585
5943
2988
2956
334
212
1539
1709
1539
1305
1539
1478
6104
6105
6418
4165
6418
4121
3762
5498
3762
3755
11795
9840
9111
9175
9111
9171
9111
12218
9111
3287
9111
9676
7880
10622
7880
8593
6010
12156
6010
5048
8535
9168
11078
5190
11078
3885
9894
11491
9894
9908
5374
9373
1276
1275
4199
11386
4199
9376
4199
11387
2431
2426
6919
2740
6919
5437
1737
1606
2034
2018
2034
1888
5526
2584
5526
2595
1341
1340
7565
3987
9498
11503
9498
4788
11738
10205
864
790
864
881
10777
11404
7516
9109
5744
3706
5239
2457
695
617
695
368
695
363
914
677
1379
1378
9185
7841
4962
4652
10135
10177
11945
10904
11945
9430
6150
12202
8224
8144
8224
5948
8224
3148
8224
3395
8224
2896
8224
5214
8224
6140
8224
5204
8224
5050
8224
2999
8224
7429
8224
4531
8224
3324
8224
3972
8224
6482
8224
3928
8224
7096
8224
8485
8224
8163
8224
5969
8224
9032
8224
6297
8224
6456
8224
5999
8224
5203
8224
4335
8224
3806
8224
3870
8224
4046
8224
6352
8224
3051
8224
12043
8224
9035
8224
3382
8224
5901
8224
4970
8224
3521
8224
4991
8224
3461
8224
2988
8224
6129
8224
8210
8224
3359
8224
5150
8224
3573
8224
3854
8224
3331
8224
7148
8224
9037
8224
5170
8224
3997
8224
3093
8224
3831
8224
4464
8224
3949
8224
5109
8224
8129
8224
5152
8224
5951
8224
4887
8224
9041
8224
5107
8224
8137
8224
3374
8224
5965
8224
6272
3187
3177
3187
3192
4660
4657
4660
4572
5099
4050
12069
12075
12069
8351
8728
5306
11856
10977
4507
4455
4507
4506
11483
10971
11343
10237
11343
11363
11343
5363
8963
3473
8963
3459
923
922
9549
148
9009
9693
9009
9214
1977
2134
10534
4227
10534
2846
10534
7549
10534
10035
10534
2509
10534
4821
10534
5997
10534
4442
10534
4949
10534
12126
10534
6624
10534
4302
10534
10034
10534
4886
10534
5068
10534
2911
10534
3366
10534
6690
10534
5113
10534
10537
10534
3097
610
609
610
378
610
383
762
905
762
553
89
157
4448
4438
4448
4401
4388
4382
4388
9141
4388
10611
4388
10101
7157
5729
7157
7158
109
31
2961
2940
2961
11994
7887
6995
7887
5505
6022
5232
6022
4326
162
23
17
279
8289
8894
9954
4242
9954
9069
4721
5000
12278
4978
12278
10206
5987
5988
5987
5988
1061
1109
2323
2322
3492
4867
3492
6981
1364
1363
9415
9860
9415
10321
9415
10896
12197
4078
2405
8902
7146
3468
2950
2955
2950
2938
5538
2632
5538
2615
12292
8654
4065
12346
4065
9357
4065
4263
4065
9352
1975
2147
1975
2130
6714
6490
6714
3377
8979
2881
8979
5604
6520
4031
6520
7137
3044
3032
12066
5012
9699
10149
519
518
5322
9404
5322
8076
11859
11875
10060
9650
10060
10074
10060
3986
6530
6531
4477
3132
3417
8519
1014
1210
4817
4818
4817
4818
5491
5492
2722
2711
1804
1801
10748
11371
10851
8751
6161
3545
9323
8730
8736
8750
6898
2681
6898
2692
4837
3512
9786
4088
4218
4203
11723
12313
8455
5572
8455
2793
1468
1473
8916
9044
3321
11266
3321
9242
3321
4955
3321
3250
3783
5479
3783
9238
3783
9217
3783
3784
10807
11985
10807
10817
6399
4239
6399
6348
3228
10711
3228
5686
5796
2840
5796
2851
482
889
482
457
4055
9093
4055
9656
4055
10071
1105
981
1105
956
10583
10593
1723
1733
1723
1607
3607
6860
3607
3599
3607
5407
10449
2489
10449
2507
10389
5885
10389
8165
1013
1209
8830
8869
12389
10869
520
252
11434
11821
11434
12423
11242
10686
1554
1404
1554
1759
1773
1507
1773
1417
10070
10612
3548
9184
3548
5724
3548
4974
3548
9787
11790
11412
7112
7113
9339
10821
2642
2643
2642
2626
9964
8119
9964
6155
10628
10127
12102
5092
12102
2869
12102
2949
12102
4563
12102
2848
12102
5925
12102
2977
12102
4390
12102
2741
12102
5976
12102
5447
12102
4429
12102
3143
12102
5127
12102
12249
12102
7910
12102
2880
12102
4680
12102
5816
12102
4036
12102
2901
12102
5637
12102
4671
12102
5891
12102
4533
12102
5961
12102
2504
12102
3085
96
160
8598
6840
8465
9023
6426
3199
2675
2674
2675
2673
6616
5054
6616
5188
1469
1463
1469
1468
1469
1226
221
1621
1572
1621
1576
8077
3060
5689
10206
11275
12288
11275
12288
4641
4496
9997
3901
9997
10037
11877
56
10861
9887
10861
10893
6151
8572
8677
10830
8677
10830
8677
8685
11944
5464
11944
9263
4591
9156
4591
4552
4591
4767
4591
5920
8048
7516
8048
7524
10850
9412
10850
9856
3914
9705
3914
3858
3914
9706
3914
9209
7194
5741
7194
5735
4952
2906
505
502
9222
3849
8707
3205
11305
10736
4670
4659
4140
11332
4140
8657
6981
4894
6981
3487
3236
3175
3236
3233
10219
12291
4281
4115
4281
4277
2705
11721
2705
2671
2705
5116
2705
9770
144
8648
12349
1789
1788
1789
1784
7555
3961
7555
6106
11813
9867
11813
10309
11813
12010
11807
8752
193
221
10636
10183
3734
3715
8107
9556
5315
2391
5315
11916
6800
7578
6800
3935
1378
359
3096
3053
10324
10897
10324
9431
2951
2953
2951
2938
3698
3680
3698
8571
3698
6876
2592
2580
7167
8139
7167
4860
11547
5830
11547
11948
6438
4850
5620
2500
5223
8633
8953
6156
8953
6167
12386
11473
12386
11475
10041
3729
7430
4178
5624
12212
5624
2892
2468
11685
2468
2467
2468
6858
609
608
924
1207
1108
976
3577
11355
3577
5071
3577
11351
3577
10791
9530
99
7060
5820
7060
4838
10813
10832
566
565
6699
4084
6699
7477
1862
233
2756
2738
650
692
650
715
11495
9489
11495
10947
9714
3920
11188
7907
11188
5941
11188
5942
4855
4856
8437
6155
8437
6162
11992
2664
11662
12153
4769
9661
426
331
6462
3227
10833
10308
10833
10308
1732
1606
2208
1953
2208
2233
10146
9734
2778
2768
2778
9313
11978
12418
11978
12449
6954
6955
5192
3482
4254
4184
4143
8536
4143
8536
7891
5239
7891
2495
4803
5512
3403
3355
6047
6049
10725
12005
11074
5990
11074
8392
9898
8110
5378
5379
8802
11857
8802
2380
3090
2964
3090
5456
3369
10124
3369
8605
3369
11680
3369
3245
150
6414
4100
9193
3449
9193
5716
6786
5111
6786
3970
1188
947
1188
1008
10980
8865
6108
3876
1945
2127
2984
2958
9401
10318
5356
9819
5356
10796
5356
5320
145
2463
2437
2463
2438
3191
12290
3191
8625
3191
8678
3191
10181
6129
3842
5347
3610
5347
2299
5487
3466
5487
4891
2221
2186
2221
2126
11010
2278
1947
2126
6078
6976
6078
6433
768
385
768
391
768
770
768
769
9371
9849
5114
12244
11418
5216
11418
9427
11418
5058
11418
12435
7135
3259
7135
4727
7135
10207
7135
3255
12245
5167
12245
12350
12245
12273
1508
118
1508
1509
5408
5409
11104
4013
11104
4052
8772
4785
10516
2843
10516
5615
395
394
343
80
5020
4243
3373
3369
4513
4501
4513
5461
6056
6093
6056
5671
3795
6133
3795
3786
894
677
12487
10999
12487
9544
1297
340
5552
2678
5552
2694
2929
2935
2929
2912
5991
4160
5991
8141
4773
12240
10157
10173
6184
6185
2808
9311
2808
2818
8745
8752
8745
9464
11530
6532
11530
6535
6549
6550
9266
2434
9266
2806
970
1074
970
1203
970
962
2
142
5790
2846
5790
5239
2747
2736
2747
2743
847
545
847
863
4425
4380
2328
11920
1425
1729
7774
7751
7774
6494
9800
12502
9800
11784
9800
9328
7324
5916
7324
5930
1509
112
1509
1520
3302
6460
2627
2619
2627
2603
8931
5921
8931
6945
11583
11154
11583
11153
11583
9607
6066
3201
4712
11427
8025
6182
8025
6186
10702
2393
10702
10753
10702
9293
9981
7177
9981
7190
1285
1282
11227
10631
3899
9769
3899
9735
3899
3840
3899
9741
1832
1831
1832
1827
271
155
7219
4973
7219
12113
873
603
873
878
2933
2913
2933
2930
232
80
12244
5703
12244
5704
12244
10784
8180
3897
8625
9262
10194
5110
8849
8298
8849
8297
10430
7430
10430
7115
7988
4254
7988
5234
10595
10114
9256
9282
9256
9282
4926
11803
4926
9815
4926
10281
7537
3311
8113
8510
2711
2685
2711
10112
2711
11681
2711
6854
12053
10805
5301
5302
7041
2487
7041
12187
1147
962
1147
918
11311
10798
11709
10171
9278
4720
5562
2726
8713
2917
8713
9350
8713
8738
10167
10211
10167
4542
2880
2877
10884
10989
6452
7129
6452
4136
6133
8591
6133
3431
2910
2483
2910
2912
4759
4760
10112
6855
4264
4113
4264
4065
1627
1683
1627
1420
6964
4224
11620
6586
11620
11164
11620
10553
11620
6806
11620
12124
11620
5599
11620
11640
11620
10549
11620
5981
11620
11639
11620
10556
11620
7110
11620
7527
11620
5829
11620
10024
11620
6404
11620
11175
11620
7084
3245
3246
3245
9225
9308
8690
11706
11283
11863
2316
2766
2765
2766
2758
56
38
7449
6358
7449
4219
7389
4524
7389
6270
649
691
649
726
5271
72
1254
227
7070
9074
7070
12192
10645
10153
9247
9758
9247
9310
9247
11301
4865
3465
1753
1547
3525
8572
3525
9151
3525
8503
5888
3084
438
437
4587
9229
4587
4586
4587
5465
4587
9269
8210
8211
8210
9644
10672
11720
10672
5238
4938
11418
10829
12379
10829
10347
10829
4997
4297
4267
2190
1841
2190
1855
6997
8322
5366
12333
5366
12394
5366
10845
5366
11433
5366
8706
3272
3217
3272
9228
3272
6099
9616
9227
11340
10792
3613
6848
3613
2294
3359
3282
7804
6545
7804
6566
4037
8551
4037
9682
1706
1618
1706
1718
2496
2462
2496
2463
10328
10342
474
473
11151
4517
5861
3075
5861
3088
7950
2949
7950
5127
8
335
215
3738
9312
3738
7845
3738
4983
3738
11734
3289
9116
3289
9175
3289
12201
3289
3291
3289
3287
3289
9676
12377
10878
12377
9439
12377
12443
8644
4160
6275
4451
8492
3284
2429
2424
340
209
10689
12310
10689
12310
11566
3130
11566
5643
9216
3449
9216
9750
9216
12262
7345
4673
7345
5939
7485
4081
7485
6067
534
890
8417
5770
8417
4364
8417
3960
8417
6536
8417
6324
8417
8206
8417
3342
8417
4930
8417
4005
8417
8075
8417
12129
8417
8208
8417
5943
8417
4293
8417
12161
8417
9604
8417
5928
8417
3367
8417
4443
8417
6359
8417
5195
8417
5005
8417
8205
7198
4904
7198
5739
5137
4483
935
1003
935
1071
3918
6116
3918
3919
11426
10359
12500
9950
3667
3654
8044
8555
8044
6455
7259
8115
7259
3086
236
39
6846
8627
6846
3598
5628
2919
5628
2900
3959
3883
3959
12222
9457
9911
9457
11845
4580
4537
7372
11635
1603
1251
1603
1245
1603
1605
1603
1604
7722
6459
7722
3400
1768
1769
1768
1409
6771
9615
6771
7550
6242
12157
6242
4499
6434
8559
11889
2404
6640
7145
6640
3489
8321
2456
380
324
5583
10058
5583
10061
1079
917
10796
11373
3694
3703
3694
9681
3455
8591
3455
3431
1788
1785
3726
3720
3726
3581
10624
4505
4333
4280
6801
4003
6801
4038
9968
5038
9968
3459
2565
2558
2565
2569
11886
2318
9723
11312
3544
3518
3544
3541
10336
10924
10620
10137
8187
11293
8187
8186
8187
9296
4610
7907
4610
8533
7402
4393
7402
4431
11438
10900
1162
1175
1162
1120
1162
1019
1162
1177
9446
11877
9386
10917
9386
2369
9386
2372
1600
1610
1600
1505
6857
5323
2402
12514
3224
4848
3224
12383
3224
4834
8567
8151
1238
1237
938
1214
938
1201
1800
1799
4496
4470
4496
4509
663
874
8885
179
9815
9377
5636
2967
11569
2870
1311
345
133
531
528
10493
3521
10493
3573
2887
2836
2306
2305
6305
7095
6305
5252
8594
3080
9835
9382
9835
10286
5850
10043
5850
5639
7961
4348
471
470
7273
8246
7273
5839
8696
10245
2117
117
3973
3952
8236
8237
8236
8239
1333
1613
11022
4927
11022
4246
3048
3042
9105
8546
9105
8546
5480
7844
5480
4937
8557
4162
6718
3395
6718
3374
9976
10010
9976
8082
6867
8518
5534
2630
5534
2605
269
160
8096
3022
1393
1391
1393
1387
6483
3415
7705
12211
7705
6429
6343
7403
6343
4320
2555
2546
9958
8329
9958
2474
12356
10302
12356
11817
12356
10342
3107
3080
3107
3115
3107
8548
3107
8547
3840
10236
3840
5478
12047
9614
9919
10982
9919
12488
9919
12487
7951
3038
7951
3011
8789
11970
11150
11175
4214
10684
4214
8378
4214
8558
7592
3902
7592
3922
6894
2656
6894
2681
744
406
744
599
744
604
9739
12277
909
670
909
799
1239
1238
10744
4717
10744
5161
10744
10797
10744
4514
3646
3592
3646
3643
6585
3894
3820
3819
3820
3783
5777
3634
4329
9113
4995
3896
12491
9949
12491
2377
10526
11177
10526
12033
9643
9654
5807
2933
2480
8730
2480
9794
2480
5360
2480
4915
2480
10721
2480
12365
11399
11425
11399
10321
11399
11518
3596
11268
3596
11714
3596
3627
3596
9726
8228
8489
5286
11448
5286
11014
5286
9391
3657
5402
3657
5403
9593
2876
9593
5595
9042
4456
11161
11213
11602
12032
5851
3067
2250
1960
2250
2161
741
382
741
609
741
613
2313
11904
5748
3718
10317
9891
7642
4837
7642
4889
9494
5333
9494
10985
379
378
7675
4363
7675
8105
9130
10175
9130
9763
9130
3228
12359
12375
12359
4976
1522
1590
1522
1540
3077
8663
3077
9256
3077
9739
3077
9190
3077
11729
3077
9282
1801
312
3465
9152
3465
3441
6932
2792
6932
2795
452
451
11520
2383
4384
12258
4444
10656
4444
4396
4444
4518
4444
11252
4232
4139
4232
4237
1390
1389
11742
5491
10538
2411
9075
10086
3969
8513
3969
6524
3969
4933
5510
3602
7269
3069
7269
3099
10006
3923
10006
3996
8546
4378
5043
5223
11760
7846
7303
4635
7303
4681
10221
9329
4092
3198
10987
8837
9467
9484
9467
8250
9467
9478
4003
3918
2115
2152
1330
1329
8724
9439
8724
10835
8724
8741
8724
12443
8724
12414
7862
3064
6564
4012
6564
3971
10248
10259
8854
106
3780
3447
3780
3778
5161
12409
5161
4345
5161
12388
5161
11437
5161
4307
5161
5000
3631
11714
3631
3627
3631
5346
3631
3632
2686
2668
2686
2683
6491
8112
5817
9236
3429
12318
3429
10209
3429
11354
3429
9329
3429
10778
2380
8845
2380
2377
861
576
861
867
3925
6584
9879
8383
9879
10922
9879
11984
10307
9461
5399
8743
5399
11372
9622
11651
7225
8258
7225
3690
1056
1024
1056
1116
4174
7877
4174
5656
4174
8323
11823
11477
11823
11462
11286
5488
5837
8473
3162
9535
6597
3780
4538
4422
11510
11514
4987
8692
4987
8692
5721
3504
5721
4974
5721
8622
2799
2801
2799
5449
6656
6147
6656
3567
11043
5858
11043
11585
12360
12380
12360
12428
11759
9840
7313
5896
7313
4695
6322
7097
4013
3977
8241
9482
987
1064
5520
2556
5520
2567
4088
4086
4088
11366
4088
12371
12342
8740
10016
10023
6678
8341
6678
4535
9115
4857
1961
1960
6708
3392
6708
6470
8531
8379
12308
11401
12308
11837
12308
5301
11756
9828
583
875
8270
8273
1334
352
10360
8352
10360
10973
10360
9919
10360
6843
1930
2239
6647
4866
6647
7641
5022
4216
7715
3395
7715
6456
11981
2262
11981
3644
11981
3585
2533
12504
2533
6851
2533
2286
2533
2397
3117
3115
3117
8548
3117
3103
3117
8547
1972
2186
1972
1947
4365
4310
3344
9324
3484
3486
3484
9760
9581
5616
9581
2839
1394
260
11480
11493
9863
9437
11712
8185
2126
271
4204
9124
4204
11246
4204
11238
4204
4190
4744
11610
49
234
49
100
49
321
49
293
49
231
49
238
49
170
49
301
49
286
49
112
49
243
49
240
49
235
49
315
49
216
49
276
49
245
49
250
49
233
49
312
49
298
49
248
49
237
49
42
49
244
49
295
49
241
49
61
49
239
49
117
49
318
49
304
49
263
49
327
49
255
49
288
49
331
49
329
49
271
49
232
49
335
49
236
49
269
49
252
49
267
49
254
49
213
49
290
49
273
49
259
49
261
49
246
49
333
49
257
49
220
49
275
49
242
49
218
49
324
49
307
49
341
49
339
49
265
49
309
49
337
7937
12128
7937
5747
9023
12187
745
777
745
663
9168
3217
6239
6230
6239
7084
3866
3258
3866
3877
7588
8149
7588
6125
10995
12041
4526
4413
9909
9920
9909
12432
10277
11971
10277
9845
10277
11452
10277
7837
11838
10945
747
370
747
375
747
384
6099
8624
7623
12130
7623
12028
3021
2978
3021
3018
5660
10733
5660
4199
5660
8069
7454
5170
7454
5109
5962
5964
3810
3444
5150
6068
4
3
7497
6406
7497
7924
12098
8253
12098
8309
12098
8246
12098
6528
12098
7129
12098
8100
12098
8240
12098
5949
12098
2707
12098
4323
12098
5118
12098
8236
12098
11622
12098
2611
12098
2886
12098
12181
12098
6344
12098
4961
12098
8349
12098
5971
6811
7616
6811
3812
10089
5731
12132
5897
10610
2979
10370
10377
10370
11000
7743
6466
7743
12169
5438
11579
7639
3567
7639
6152
9299
9804
9299
4126
9299
9805
9299
11347
9299
10756
9299
10264
1720
1333
1720
1726
1075
929
4355
8544
4355
12257
12072
10560
4624
4609
4624
4599
2502
2501
2502
2453
6831
115
7412
4374
7412
7910
9039
2890
12237
10677
12237
12243
12237
3223
8260
3561
4620
4658
4620
4570
6223
4461
6223
3141
9176
7840
6727
4851
6727
3426
9805
9332
5670
12245
7464
5009
7464
8338
11570
3870
11570
3949
8377
4775
8377
8783
2529
2522
5591
2837
182
120
939
1214
939
915
3878
8650
5952
5954
5952
5954
1913
1912
9158
9206
2244
1939
2244
1975
9853
9426
9853
8776
9853
10879
9853
11451
1210
1133
4249
8527
4249
10601
4249
4910
6949
4558
6315
4442
6315
5030
3856
3818
11913
2374
11907
2367
3847
3857
3847
3815
11622
12208
8195
9191
4689
4666
1960
2222
5426
2665
11137
5967
11137
8311
8348
3168
8348
9327
8348
8694
8488
11180
1442
1260
1442
1438
9930
11905
475
474
5151
4183
8864
2395
1931
257
6554
6110
6554
7545
10024
11189
7852
5513
7852
6863
3396
6489
3908
3887
3908
4732
9206
4513
5641
3030
2329
11008
9775
9806
8407
8241
11777
11977
11777
9823
11777
10808
535
890
7182
12171
7182
7178
9431
12439
9431
12437
9742
9804
9742
9805
9742
11347
1604
1557
1604
1267
2895
12215
2895
4913
4796
11423
1606
1739
1606
1755
8897
192
3152
3107
1078
1207
1833
331
2156
1984
2156
1893
3433
10724
3433
4771
3433
8671
3433
9307
3433
10776
3433
9309
6666
7191
6666
7173
11890
11897
11890
11891
11890
11895
1944
2128
10580
10127
10481
5853
10341
12433
10341
12420
2584
2573
9993
5612
9993
2838
11271
6101
11271
6100
11271
5700
10102
9216
4645
9001
4645
4469
9318
7846
11619
6527
11619
11174
11619
6281
11619
5577
11619
6571
11619
6586
11619
5982
11619
10557
11619
7863
11619
5858
11619
11168
11619
11176
11619
5446
11619
6494
11619
6975
11619
11166
11619
6939
11619
11178
11619
6806
11619
11173
11619
5599
11619
11194
11619
5606
11619
10554
11619
6468
11619
11163
11619
4811
11619
5246
11619
6545
11619
10556
11619
6474
11619
5250
11619
7110
11619
7527
11619
7095
11619
5829
11619
5833
11619
4952
11619
6404
11619
5809
11619
6566
11619
6436
11619
7875
11619
7536
11619
7861
11619
8483
11619
11162
11619
11183
11619
5883
11619
7995
11619
7111
11619
10550
11619
4814
11619
11180
11619
5929
11619
10039
11619
5912
11619
6001
11619
6427
11619
6035
11619
7084
11619
5252
11619
11172
11619
5902
3134
8169
3134
3121
3134
9275
3134
8601
713
521
713
849
3996
3912
10865
6834
6155
3513
8673
8691
7296
4488
7296
4639
2920
2905
1042
1122
1042
1027
10759
10789
10759
10238
8461
2879
8461
5574
2671
2651
2671
2650
2292
314
2740
10613
2740
8501
5892
4507
8073
3696
7036
2491
7036
9630
1253
1252
27
5340
2265
7834
9495
7834
8828
7834
2327
6532
3321
10468
6179
10468
3771
7179
5006
7179
6186
636
720
636
729
1482
1441
1482
1450
2284
5279
8220
12306
10587
2971
3603
5309
3603
3597
7814
4002
7814
4037
4051
4006
2396
12516
2114
2160
322
9606
5977
9606
11642
9606
4847
9606
7522
9606
6415
9606
3945
9606
4696
9606
5812
9606
8345
9606
4874
9606
4108
9606
4239
9606
3962
9606
5443
9606
5080
9606
6541
9606
4614
9606
2904
9606
8115
9606
3086
9606
12134
9606
5932
9606
2881
9606
6485
9606
3304
9606
4919
9606
7535
9606
4640
9606
6938
9606
3105
9606
2724
9606
6526
9606
4678
9606
2996
9606
5604
9606
4534
9606
3138
9606
5620
9606
5583
9606
9039
9606
2740
9606
5010
9606
5139
9606
2785
9606
3357
9606
3012
9606
6000
9606
5082
9606
2829
9606
7562
9606
4083
9606
8343
9606
6348
9606
3347
9606
6461
9606
5561
9606
6484
9606
5437
9606
4253
9606
9045
9606
4391
9606
5611
9606
5824
9606
2842
9606
4430
9606
2809
9606
6280
11366
11383
8946
2788
8946
5445
11687
10154
4829
4830
10938
10356
4672
4577
3569
3561
3312
3313
3312
7135
9576
2869
9576
5579
6040
6041
10045
10578
5227
5228
4702
10083
4702
4950
8957
3777
4459
3157
2428
10667
2428
2427
2428
2511
2428
11270
1886
1878
1886
2218
3573
3566
11894
2363
7028
2887
7028
2875
9558
4227
9558
4186
2955
2939
2955
2960
7163
12135
7163
6183
6300
4424
6300
7092
10712
10737
10712
11742
1487
1462
1487
1456
2098
1928
5934
4602
7209
5755
7209
5747
12251
4722
2701
11774
2701
5115
2701
11966
2701
9330
7992
5148
51
30
2143
2142
2143
2119
8103
4516
1207
921
12175
3084
7551
6111
7551
5098
5311
323
1250
1249
8390
4625
8450
2489
8450
5610
4884
12458
2029
2010
2029
2028
2029
2086
2003
2151
2003
2002
8069
11389
12495
12504
12495
11519
4595
4591
8703
12387
8703
12382
8703
9390
8703
11790
8703
12385
8703
8727
10926
2308
12035
8589
11301
9785
917
916
10072
9196
2090
2199
6985
3700
11710
5314
11710
5314
1121
1208
11616
3133
8669
8711
4285
4287
4285
4159
2176
1971
2176
1948
3944
12020
3944
9755
3944
6103
11020
3352
11020
8386
11408
10894
11408
10894
2965
2966
2965
2889
9568
5979
9568
4605
5104
6185
7432
6016
7432
6298
7244
10572
7244
8081
7153
3550
1572
1339
1572
1601
1572
1700
2184
1873
2184
1878
2184
2009
7883
10809
8138
6044
4503
4471
4503
4506
8967
5589
8967
5586
11487
8809
11347
10243
10506
2989
10506
9038
11895
2322
5418
11593
11114
5967
11114
4568
4050
3941
4050
4028
394
309
4469
4470
4469
9183
4469
11259
4469
8613
6374
10064
6374
4247
5010
4270
12034
9651
12034
10115
10290
10332
10131
7882
10131
3278
10131
3344
2818
8125
2818
2806
2818
5321
2818
5025
11529
3777
11529
2943
11529
2990
1902
2215
9100
5662
1495
220
8659
11330
623
772
3183
9211
3183
8396
3183
3175
3183
8399
12174
3035
2838
2833
7561
6112
7561
4019
8994
3926
8994
3938
8994
7170
8994
4058
8994
3827
8994
7616
8994
6463
8994
4728
8994
5967
8994
6327
8994
4358
8994
7094
8994
4223
8994
4734
8994
3537
8994
4922
8994
3351
8994
5896
8994
8168
8994
3154
8994
4568
8994
8401
8994
3776
8994
6983
8994
7114
8994
8498
8994
5723
8994
3023
8994
6112
8994
7139
8994
3887
8994
7144
8994
3553
8994
4662
8994
3868
8994
4019
8994
7529
8994
3990
8994
5078
8994
6487
8994
6976
8994
6104
8994
4837
8994
8096
8994
4329
8994
4526
8994
12175
8994
4695
8994
3812
8994
4638
8994
4494
8994
6201
8994
3098
8994
4732
8994
4889
8994
3340
8994
4965
8994
6492
8994
5236
8994
6433
8994
8356
8994
8311
8994
7517
8994
4476
8994
6109
8994
3049
8994
5927
10773
11381
4122
5147
4122
8523
4122
9110
7700
12125
7700
6414
8059
7547
8059
3859
9674
9708
9240
8637
9181
5709
4833
12491
9704
9743
9704
11274
9704
11316
9704
5398
8451
5444
8451
5576
10769
12372
3787
3453
10803
10266
7550
3252
3325
3253
11192
8511
5495
11338
5495
11410
5495
5395
5495
5393
5495
5397
4813
4756
628
616
628
369
9327
8712
9327
8712
5188
3458
10855
9865
11526
2545
8126
9122
6165
3544
4061
8794
1030
968
10476
8205
8812
9515
8812
9504
391
388
6404
4075
4980
9142
4473
3159
3413
9730
3413
8190
3413
9718
3413
12278
3559
3552
9882
11935
9882
10934
11356
11471
197
132
4725
3089
10458
2885
10458
12210
8832
9530
5983
8497
5983
11230
5983
4797
2363
8872
2091
2199
9411
9426
9411
8773
9411
9871
6118
3851
11378
7831
11378
4061
11378
11465
2059
2212
2059
2053
5074
4194
2826
2798
7942
6988
7942
5745
1001
1009
5058
11509
5058
9434
5058
2270
5058
10902
11354
10233
8500
7859
10474
3003
10474
3025
2571
2560
1967
2120
1967
2143
6406
4107
12114
8254
12114
9073
12114
8505
4545
4435
4545
10662
4545
12282
4545
10637
7257
3091
7257
3038
2824
9265
2824
9799
2824
10719
2824
9274
3957
3953
3957
3881
5076
3163
5076
10980
8573
3219
9459
12397
1778
315
2447
11718
2447
8641
2447
12289
2447
11720
2447
10700
2447
9248
3703
8692
3703
4987
3703
4986
3703
3678
10687
8632
1351
1350
10095
5717
10095
5717
8419
6129
8419
3854
7730
12211
7730
3417
9706
7885
5753
3692
9285
8677
3669
3672
3669
3657
7380
4538
7380
5136
5139
6543
12210
2776
4572
4453
4572
4571
685
455
685
746
1420
1559
1420
1416
6632
12027
6632
8361
8124
9435
11675
11257
6250
4594
6250
4632
10235
12492
34
3287
3286
1492
213
5905
4679
5905
4706
7975
6023
7975
4888
2275
8895
2286
8108
2889
12039
2889
9338
9658
11231
5875
3154
5875
12175
8005
3225
1477
1452
1477
1244
10612
3717
1423
1764
1423
1470
6261
9078
6261
5944
9676
9197
1110
1201
1851
231
7018
2751
7018
2759
7410
4321
7410
5995
4318
11295
4318
11730
4318
4277
4602
4536
4602
5651
3673
3672
3673
3658
2394
12512
8996
303
7083
5253
7083
5831
9943
2341
8603
11267
8189
8395
4695
4590
6358
4156
12025
10569
12025
9647
12025
11657
9051
7159
3946
3866
12187
8506
12187
10628
12187
10580
702
601
702
395
708
859
708
416
6859
8698
7246
5812
7246
5824
8569
4085
8569
3181
5106
3457
2382
8874
1120
966
11116
10566
11116
10586
1047
1022
1047
1115
12282
12299
6765
5199
6765
3947
10504
6485
10504
3357
597
433
597
872
2601
10919
2601
9461
3053
10116
3053
3007
6376
9118
6376
4800
6376
9119
1965
1959
1965
2153
7651
6190
7651
7158
5842
3051
5842
9035
1824
1819
1824
1823
4886
8519
11030
10026
11030
3885
9737
9548
7828
2351
7828
9941
4327
4289
5779
3640
2785
2762
5472
5473
11175
11182
9917
9924
9917
10366
9668
5602
10924
9907
6251
4673
6251
4606
8787
4709
8787
5021
8787
9476
3063
3028
3063
3065
492
243
7661
3759
7661
6191
3128
3083
3832
3799
6755
10557
6755
7536
3471
11296
3471
5487
3471
10174
9574
4059
9574
4053
4411
4355
7600
8266
7600
6124
3109
3102
3109
3108
1544
1451
1544
1442
1544
1250
11142
2697
11142
3966
11142
9014
12399
12422
12399
4775
12399
12419
3812
3781
11800
8881
6903
2723
6903
2704
6368
8514
6368
8577
6368
5103
5445
11660
5445
9084
5445
9648
5385
10897
12024
8506
12024
10628
12024
10580
9061
8372
9061
9674
561
669
9821
9828
11539
11178
11539
7861
5936
4604
633
764
633
697
8559
3193
968
1083
9473
11497
9473
8801
6869
12264
6869
8638
6869
9286
6869
9297
3967
3951
965
1082
965
1039
965
1123
9503
11012
7267
5835
7267
9033
12115
5174
12115
3362
12115
8091
12115
8130
12115
3971
12115
6016
12115
3346
12115
10033
12115
3151
12115
4642
12115
3907
12115
6325
9050
5822
9050
4356
9050
5444
9050
3091
9050
2784
9050
2649
9050
5607
9050
5061
9050
2597
9050
4255
9050
4594
9050
5582
9050
2585
9050
2919
9050
6023
9050
3146
9050
4330
9050
3038
9050
2630
9050
4607
9050
4676
9050
2874
9050
5026
9050
4674
9050
3071
9050
5597
9050
2690
9050
8494
9050
2488
9050
5568
9050
5576
9050
5432
9050
2659
9050
4632
9050
2544
9050
2605
9050
5612
9050
5436
9050
5428
9050
4636
9050
4861
9050
4888
9050
2838
9050
4122
9050
11950
9050
5560
9050
3011
9050
4524
9050
4457
9050
8046
9050
2680
9050
6094
9050
12231
9050
4497
9050
7962
9050
6270
9050
4440
9050
5059
9050
8495
9050
5887
9050
2900
9050
4661
9050
2506
9050
2570
1783
321
6873
12337
6873
4718
6873
12349
6873
9346
618
616
564
667
7836
10367
7836
2310
7836
9521
1129
964
9469
11970
9469
11959
10989
109
11536
3129
11536
11948
3501
3481
9604
5741
9604
9642
9604
6984
9604
4142
9604
6158
9604
6431
9604
6168
9604
12163
9604
6193
9604
3888
9604
3352
9604
4187
9604
9620
9604
4981
9604
12130
9604
4109
9604
3826
9604
6144
9604
12031
9604
8293
9604
3756
9604
6349
9604
3379
9604
3760
9604
8346
9604
6137
9604
3791
9604
5744
9604
4995
9604
5753
9604
5735
9604
8406
9604
6596
9604
5035
9604
12028
9604
3399
9604
8139
9604
3568
9604
4870
9604
4860
11364
12395
5068
4449
1850
1849
8944
2724
8944
5561
6085
5196
6085
4163
5123
3242
3079
3076
3079
3047
12396
8209
12396
10338
7650
8293
7650
4860
7816
6591
7816
6598
3994
3912
11674
11261
9122
2992
7294
4492
7294
5913
4240
4231
11205
9162
11512
9533
11512
6841
11512
6839
11512
11516
11512
10999
11512
2380
11512
12490
11512
6843
1561
1508
1567
1589
1567
1592
10319
9886
6940
5605
6940
2475
3136
8173
3136
11767
3136
11751
3136
8684
4181
10603
4181
4175
4181
9100
4181
9669
1854
1851
1456
1230
1456
1235
1456
1477
1020
1124
5809
2932
11397
10864
5502
3643
7034
4953
7034
4406
7034
5966
7034
7129
7034
10566
7034
12187
7034
4961
7034
7519
7034
5971
5215
5690
3659
3651
3659
3658
5928
4624
4100
6039
4100
4096
4100
10106
8335
4250
5763
3662
4794
2466
4794
11309
4794
11725
2445
8125
2445
2435
2445
5321
2445
5025
11784
8875
1359
1358
7052
4952
7052
5809
9522
2316
5081
4510
10945
12518
9365
5328
9365
9917
9365
8795
6127
3852
11833
11478
11833
12438
11833
12415
4115
4064
4115
11313
6664
7172
6664
3740
6470
6471
3531
3528
6049
12233
6049
4191
6049
10634
2586
2564
2586
2577
1548
1290
3367
3280
1019
1120
5200
12225
4767
12200
252
164
5424
2556
5424
2550
2277
12515
1709
1722
1709
1430
2257
2186
578
577
12317
9827
12303
4284
6578
3995
6578
8167
3082
3077
3082
3078
1816
1813
8810
11867
6211
3711
6211
8073
6697
8395
6697
4988
9204
3850
9204
11282
9204
9218
12212
2497
4168
4105
4023
6542
10972
6824
10972
8841
4638
4503
8439
12175
8439
5236
8866
278
3394
3234
12506
2267
12506
2266
12506
2268
12506
2269
12506
11871
6556
3955
6556
4029
10026
10046
7615
10059
7615
9071
11952
11656
11952
9087
8925
12183
8925
8487
5255
8719
5255
11795
6547
4019
6547
6104
8031
7177
8031
6202
2140
2212
2140
2048
2633
2606
7466
5204
7466
5107
2749
2750
2749
2744
9174
8609
690
470
690
745
11093
4898
11093
5128
1315
1314
11002
2398
1384
1640
9681
11713
9681
9245
9681
6877
9681
11265
5012
5235
5012
9606
267
17
499
794
6608
4879
6608
4985
11950
2967
8631
3755
8780
8804
2927
2908
8291
2755
8291
8159
8291
2578
8291
2656
8291
5598
8291
12213
8291
5132
8291
8410
8291
2681
8291
4653
8291
2922
8291
8338
8291
3140
8291
4492
8291
2709
8291
5169
8291
5913
8291
2621
8291
2717
8291
8101
8291
4873
8291
4245
8291
4403
8291
5441
8291
2692
8291
4375
8291
2639
8291
5155
8291
8321
8291
8390
8291
2826
8291
12212
8291
2612
8291
4324
8291
3074
8291
9036
8291
10042
8291
4592
8291
4988
8291
8188
8291
2850
8291
2753
3854
3818
982
1132
10159
7909
10159
11298
10159
12250
11233
10653
11233
10653
1728
1735
1728
1633
776
466
776
777
10298
12399
10298
9868
5560
2727
7523
10604
7523
6687
7523
6098
9013
3029
6381
11940
6381
4196
6441
4142
6441
5005
9088
4097
9088
10106
9088
6038
9088
9144
615
612
615
384
10038
2860
5782
2883
3011
2974
5489
5482
5489
4926
5349
2291
5349
3615
1936
1935
4626
4609
4626
4600
7688
4953
7688
6344
11828
10936
1681
1746
1681
1412
4524
4415
3864
8222
3864
9174
3864
8393
10203
10732
125
8908
6938
8908
5611
2845
5788
2845
7033
9792
10802
7121
5674
7121
6047
500
244
1895
242
4746
11574
4720
8686
12227
9738
4206
4200
4206
4202
10169
9763
3310
3313
3310
7135
7478
6048
7478
8349
12122
12199
12122
4849
12122
5594
12122
5885
12122
2706
12122
4404
12122
5559
12122
4843
12122
2614
12122
5810
12122
4322
12122
5196
12122
5608
12122
2791
12122
2582
12122
4606
12122
6089
12122
2885
12122
2505
12122
8134
12122
5587
12122
2561
12122
5636
12122
7862
12122
5641
12122
3394
12122
4527
12122
4927
12122
5939
12122
2689
12122
5895
12122
2641
12122
4692
8847
2387
8847
11914
130
12473
9510
12473
11881
12473
8825
6288
4573
6288
5960
5265
5266
10710
12268
689
371
689
611
689
625
8172
8171
7539
6473
7539
3299
7456
5187
7456
6048
10391
4525
10391
8409
4871
8793
3897
3892
3897
3838
11571
5755
11571
11630
11229
10717
11229
9267
11229
8658
8145
3769
8145
6147
8145
11940
8145
9081
8145
7172
8145
9085
8145
5944
8145
12128
8145
5755
8145
3988
8145
3361
8145
5993
8145
3411
8145
10064
8145
3740
8145
12171
8145
3333
8145
4090
8145
3963
8145
4842
8145
12204
8145
3325
8145
6127
8145
5142
8145
7143
8145
4902
8145
12152
8145
12113
8145
6138
8145
4110
8145
4196
8145
5747
8145
7526
8145
4169
8145
6465
8145
9080
10422
7141
10422
4892
850
865
7217
4973
7217
5764
8398
12403
1437
1724
5570
11588
3486
10728
3486
10723
3486
9783
3486
5044
3346
3251
4431
5653
4431
5095
4431
5954
5691
10856
2872
2800
2629
2610
929
1016
2902
2903
2902
5361
2902
11300
2902
11725
8423
5973
8423
7905
6654
9049
6654
3557
6460
7130
6460
7132
2141
2048
254
27
4039
3930
5541
2648
5541
2633
3357
3282
525
519
525
523
456
455
1549
1311
10120
12196
11632
5858
7062
5822
7062
11950
11785
12505
1358
358
10014
10019
4589
4553
4589
4599
4299
4267
10827
10837
6999
5503
6999
3638
9355
9378
869
874
869
880
11918
13
7387
4689
7387
5975
7447
4218
7447
4836
2360
8894
12093
5914
12093
3410
12093
4424
12093
4963
12093
5644
12093
12186
12093
10548
12093
5055
12093
4491
12093
4241
12093
2682
12093
2707
12093
8337
12093
8388
12093
4323
12093
11631
12093
5562
12093
12025
12093
7034
12093
8382
12093
5839
12093
2611
12093
7092
12093
6048
12093
8081
4158
10792
4158
11760
4158
4115
8202
9090
8515
9714
1635
1275
1635
1270
7793
4018
7793
5046
4901
3607
6566
3982
9249
3678
10731
4263
10731
9352
10731
12324
1474
1475
1474
1542
2684
2650
2684
2670
8856
9546
323
325
10680
4352
2216
1903
2216
2238
4176
4170
4757
8148
4757
4782
11284
2889
11332
4943
11332
10815
11332
4086
11332
10756
7508
5097
7508
8261
3280
3277
3280
3288
10911
9446
1143
1182
1143
983
10173
3169
8878
83
1897
243
822
846
822
533
11841
11873
10589
4900
116
78
10110
11258
10110
11255
10110
9198
11854
2360
11854
8821
12385
12405
658
610
658
614
524
523
4446
4395
4386
4382
4386
9141
4386
10611
4386
10101
3331
3270
2912
2903
2912
2485
3567
3491
4827
2447
10383
3098
10383
3049
10443
3014
10443
5827
925
1078
1876
1875
1952
1951
9333
11394
7177
3743
8726
9383
10004
5060
10004
5212
8544
8217
8544
9748
8544
10701
8544
4352
2304
297
5900
4593
2732
9349
2732
10783
2732
2730
2732
11765
10757
10790
5284
11391
6540
10076
6540
10592
6540
9120
2080
2078
2080
1781
2080
1777
5332
3162
1855
1848
1855
1854
1473
1546
1473
1725
8212
3899
5683
5685
8505
8525
12291
11365
12291
10789
12291
10238
2460
5453
2460
8541
2460
2448
2460
5451
4911
4629
3594
8733
1203
917
10901
8785
201
226
3885
10594
3885
10079
3885
11210
5528
2615
5528
2592
9496
2324
9496
8819
9496
8405
372
293
4731
3273
4680
4646
7518
10124
7518
8605
7518
11680
7518
3245
1060
1029
1060
1068
1060
960
9788
12332
9788
10751
9788
11344
4216
8570
4216
4783
4216
4212
4710
10705
11265
6859
6032
6033
6032
6033
3320
6101
3320
6100
3320
12236
3320
5702
6896
11185
6896
2661
10213
11362
10213
10749
10871
10874
213
151
8667
8678
8918
2904
8918
9039
258
18
6292
5963
8475
6199
8475
4569
8475
5240
8475
6149
8475
8072
8475
5168
8475
4081
8475
6197
8475
6988
8475
4916
8475
4979
8475
3809
8475
4982
8475
7771
8475
4881
8475
5745
8475
4682
8475
5199
8475
5087
8475
3774
8475
10030
8475
4863
8475
5112
8475
3939
8475
3323
8475
8111
8475
5153
8475
10032
8475
5091
8475
3419
8475
5054
8475
4405
8475
5129
8475
5108
8475
6192
8475
5759
8475
5926
8475
3734
8475
5192
8475
4538
8475
4689
8475
3569
8475
5188
8475
4240
8475
5081
8475
5975
8475
4611
8475
6067
8475
5136
8475
7431
8475
5183
8475
4018
8475
3873
8475
3825
8475
3947
8475
6126
8475
6117
8475
5740
8475
3576
8475
6119
8475
5754
8475
4939
8475
4167
8475
4328
8475
5094
8475
5046
2232
2107
2232
2141
10524
3298
10524
6511
2665
2663
2665
2646
8738
5325
8067
9359
10746
10306
3644
3584
10720
8681
1470
1407
1857
1856
9974
3051
9974
3093
8000
7117
8000
6045
8000
3191
8000
11675
8234
8235
8234
12090
7207
3711
7207
5749
8694
4787
8442
5581
8442
5600
8382
2502
10125
10140
8959
6179
8959
6160
7395
5989
7395
8109
7781
6551
7781
6535
5229
5231
1104
1192
928
1016
5536
2647
5536
2629
7148
12153
7148
9635
4457
3157
10080
12202
12064
8331
12064
12033
521
520
8094
8093
7440
6024
7440
6360
5634
2992
1517
1249
1517
1442
11012
11964
11012
5282
11012
12495
11012
12492
11012
11976
1383
1381
1383
1377
12459
10374
8057
6526
8057
3347
7605
6585
7605
3903
5233
8602
5233
10606
5233
4790
4494
4482
2655
2644
8596
9226
11255
12227
6428
11256
6428
3195
5093
3067
8657
4138
8657
9308
8657
4146
5002
6692
4042
11263
4042
9699
4042
3931
4042
9703
6171
3524
6171
3539
6618
5106
6618
5191
11949
8291
11489
11507
2081
2077
2081
2095
2081
1774
11349
11429
8969
5590
8969
5592
1124
964
1103
1193
4075
12256
4075
4072
3546
10138
3546
3506
3546
9712
3546
9287
10334
10927
614
379
614
383
614
613
6685
7403
6685
5028
10282
9857
47
12065
4763
10626
9789
3724
3717
3724
3681
1015
1206
9543
96
9003
3022
4467
4466
4467
4466
9092
9672
12492
8864
12492
12498
4130
10632
4130
4089
1825
2213
1825
1811
3226
3182
3226
10176
5798
2910
1231
292
9232
5718
7692
6354
7692
4213
3001
2993
1964
2116
1964
1962
9384
12495
9444
10969
9444
5294
9444
10972
9444
9476
2971
2961
2971
12280
8283
8582
2229
1962
2229
2210
2345
8865
1827
1826
11200
12224
2181
2013
2181
1852
7542
6481
7542
3363
6844
8862
6844
2334
11855
8832
12384
10921
2185
2009
2185
1876
1018
1004
1018
953
8973
5596
8973
5584
72
2093
2094
10794
9825
10794
4715
10794
10816
3696
3687
3696
3693
3557
3552
6436
4850
31
4105
6970
4105
5163
4105
8132
4105
7920
4105
6968
4105
6967
4945
8496
611
384
611
608
11081
8046
11081
5059
9693
8628
10638
10671
4972
7518
2008
2114
12101
4613
12101
6984
12101
4142
12101
6168
12101
12163
12101
6193
12101
3352
12101
4187
12101
9620
12101
8386
12101
12130
12101
4011
12101
4109
12101
6144
12101
12031
12101
5974
12101
5943
12101
6349
12101
3760
12101
3906
12101
6137
12101
3791
12101
12120
12101
5744
12101
5735
12101
6596
12101
5035
12101
12028
12101
3399
12101
6107
12101
4539
12101
8139
12101
4870
8820
9544
8646
12290
6201
3757
11946
8342
11946
8262
12446
7836
9329
9367
3098
3010
9890
9448
2148
2133
2148
2065
8840
11898
7575
3939
7575
6119
8046
7484
8046
6455
10767
8699
11424
10315
9214
8619
6393
7114
6393
8498
1156
1074
1156
970
3238
3240
3238
3184
3789
9072
1380
1379
1302
1301
416
414
416
410
565
666
3772
3764
11796
10307
11068
7152
11068
3559
5364
5365
5941
8533
11123
4054
11123
4920
7870
7872
9513
4791
9513
5332
12437
9467
8795
8347
6599
3855
6599
3902
9630
2456
7806
6806
7806
6566
4371
4315
2797
9799
2797
10719
2797
2780
2797
9274
4989
3706
3511
3507
3511
3510
9614
8167
9614
3131
9614
3360
9614
12104
9614
4564
9614
5207
9614
5989
9614
12116
9614
6358
9614
4372
9614
4219
9614
5671
9614
7524
1540
1310
1540
1549
1540
1708
1365
1363
1365
1359
7338
4814
7338
5929
11215
4157
11502
11899
1918
1917
4266
10681
4266
12276
10309
11439
6966
9690
9877
12045
9877
9925
9877
9899
3170
8670
3170
3169
5397
9824
5397
5341
10263
12368
773
434
773
448
5839
3113
9425
2366
9425
12457
9425
9898
6330
6355
6330
4298
199
145
8353
8820
787
901
787
621
3427
11659
3427
9058
3427
4968
5819
2976
5819
11670
2764
2765
2764
2749
3745
5733
3745
8619
5512
3607
5205
6826
5205
11926
12267
2719
6097
3228
5175
4184
9848
12413
1714
1632
1714
1743
8262
3637
4924
2961
9751
9266
9143
4290
9254
8665
1894
1892
1096
977
1096
978
1096
1195
6237
4498
6237
4459
10886
11464
10886
9897
5030
4354
7939
6986
7939
4989
10352
8803
11472
8787
11472
8286
12162
3980
6825
6826
3141
3114
10279
9407
10279
11432
10279
11426
9907
10354
9907
9918
4401
9758
4401
4344
4401
11301
6649
3520
6649
4862
6064
6033
6064
12018
6064
6032
6064
4112
12518
2
12400
12451
12400
11486
3119
3120
3119
11687
3119
10144
3119
11692
1543
1233
1543
1477
1543
1461
11385
11806
11385
11837
11445
12369
7776
11954
7776
6495
846
865
846
866
7326
8390
7326
4592
6733
3410
6733
4934
969
921
969
1071
969
1030
5652
4284
5652
4319
10196
10205
11973
11400
11973
8745
11973
11788
7758
3422
7758
5036
5142
4128
3802
6123
3802
3434
1838
1837
11799
9836
6913
2751
6913
2721
1138
1108
1138
976
7841
5317
7841
8643
7841
10688
5970
4577
4193
4191
4193
9678
4193
11676
4193
8245
11540
9032
11540
4970
11540
8137
10602
10653
10362
8871
1424
1748
1424
1403
443
442
6186
3754
1275
1272
186
135
4247
4230
8525
3077
8015
7150
8015
3525
6947
5466
6947
9269
6729
3379
6729
3399
2494
6937
2494
6867
2494
4827
8379
9223
9761
3466
7008
5509
7008
5777
206
104
9264
8687
9264
12370
9264
12004
2527
2522
2527
2526
4308
8725
4308
12391
4308
10263
12206
3283
4612
4548
681
438
681
585
8252
8829
8252
8823
8252
12460
7420
4366
7420
5997
506
505
285
5116
2650
2482
2479
2482
2484
80
5662
5663
5960
6293
5960
6956
1632
1633
310
9037
2931
8613
8615
7923
4095
7768
3384
7768
3396
3295
8492
10087
10619
10087
10620
10087
10661
11868
8384
6054
4255
6054
5672
7499
7999
7499
6089
75
290
45
10695
9779
10514
6939
10514
10549
2611
2600
9297
5370
9297
9900
9297
12039
9297
11356
11106
5949
11106
8236
1646
1595
1646
1664
7637
6154
7637
3558
3035
3034
3035
8183
3035
11678
3035
8184
305
38
8899
177
11076
4407
11076
4432
10545
2457
6784
6568
6784
12127
6416
7923
6416
4971
855
870
855
581
9922
11514
9922
8405
12058
10015
12058
8993
3625
3621
83
130
7091
11240
5823
2951
5354
11801
11058
5253
11058
5836
103
7860
11598
2347
282
7190
3729
2986
2956
3931
9270
3931
11290
29
27
7231
5774
7231
5766
2122
48
273
156
6978
6979
9716
5708
9716
5708
9750
10208
5735
5738
8363
5679
8363
11193
8363
7152
8363
4669
8363
12156
8363
4567
8363
11197
8363
4368
8363
3476
8363
3298
8363
6425
8363
5007
8363
4921
8363
4914
8363
6570
8363
4059
8363
11196
8363
7996
8363
4522
8363
5024
8363
4704
8363
4500
8363
3768
8363
3519
8363
11198
8363
6689
8363
4053
8363
4597
8363
6146
8363
3503
8363
9079
8363
4608
8363
4956
8363
5190
8363
3766
8363
4683
8363
3423
8363
8344
8363
9086
8363
6568
8363
4392
8363
3069
8363
10060
8363
4477
8363
3559
8363
8335
8363
3885
8363
10055
8363
7528
8363
12150
8363
3811
8363
7176
8363
4034
8363
9060
8363
5048
8363
3099
8363
7101
8363
3393
8363
12127
8363
6511
12209
2461
4278
4153
684
381
684
609
1705
1718
1705
1490
3713
3702
3713
3703
11588
2783
2245
2253
2245
1941
2754
5254
2754
2716
2754
11191
8409
4515
3849
11333
3849
12321
3849
5713
3849
10752
6956
6957
3160
3155
3160
3118
5915
4504
4687
4666
4256
4182
10572
9663
10572
11220
11139
3934
11139
4035
10253
9839
10253
12389
10144
12260
7333
4662
7333
5927
9177
2912
6726
6468
6726
7527
8376
9826
3030
9192
3030
3017
3030
11678
3030
8184
5651
4585
5651
10662
5651
12282
5651
10637
10268
9443
10785
12342
7842
9929
6544
4040
3801
5178
3801
3433
5141
3307
1132
1218
6189
3769
6189
12171
8358
5305
8358
12326
8358
9336
3175
9315
3175
3166
11825
2373
4402
4397
4402
4344
2196
1847
2196
2234
2196
1842
1988
2096
1988
1987
3857
9740
3857
12295
3857
3848
2924
2907
10351
9480
7496
6430
7496
7921
11128
11592
11128
5252
11063
12037
11063
3730
11063
3068
11063
8993
11063
8233
693
376
693
615
2187
2046
2187
1832
11599
2820
3142
3114
11109
4562
11109
4610
9518
8364
9590
7931
9590
6161
11471
10930
11471
10345
11471
10933
11740
2465
572
896
572
563
1273
1272
12339
10334
7875
4289
667
218
5119
4309
6005
4327
6005
4852
8540
2443
9752
11730
1410
1409
8261
6092
2000
2100
2000
1996
432
429
1413
1412
6124
3847
8250
8834
8250
2323
8250
11895
8250
7833
1270
289
12336
8194
2989
2957
5511
3602
1209
1133
4797
9660
7905
4541
6738
3408
6738
3358
5975
4581
8896
204
11596
5899
11596
8469
11596
4769
4485
3135
4485
4486
4345
12406
11079
4897
11079
6868
6419
7921
6419
4826
11501
11502
3364
3290
6918
2771
6918
2792
5730
3721
6667
9030
6667
7192
7753
6478
7753
3396
976
1131
4198
4130
11914
12511
9395
9872
9395
10316
6959
11306
3846
3857
3846
3815
259
18
4259
4181
12280
11994
12280
5366
4764
4765
11136
5994
11136
6328
212
9843
9846
9843
9411
9843
10304
5427
2699
3205
10875
3205
10851
3205
10880
3205
10834
3205
11442
9148
4217
3512
3507
3512
3510
1362
1361
4372
4312
5942
8566
9719
9747
9719
9747
5170
4243
3771
3764
3397
3345
3397
3385
3640
3591
3640
3633
192
124
6694
7996
6694
7520
6500
7136
6500
5207
9207
9230
9207
10146
9207
9231
8406
3674
6596
3780
7809
3937
7809
8147
3354
3353
8618
10188
12149
4557
7928
8401
7928
5723
4986
12284
10571
9689
10571
10102
10571
10075
10490
10577
10490
3069
7763
8111
7763
3419
10350
11852
10350
10366
6335
4302
6335
4278
6657
3553
6657
4837
10824
10291
10824
10290
41
9
9440
4812
10017
7141
10017
11929
10017
5158
10017
7191
10017
3924
10017
4211
10017
9627
10017
6467
10017
5243
10017
4434
10017
4047
10017
4300
10017
6091
10017
3732
10017
7876
10017
7998
10017
3955
10017
3555
10017
3707
10017
5201
10017
4029
10017
3390
10017
4254
10017
3832
10017
3531
10017
4168
10017
7523
10017
4198
10017
5079
10017
7158
10017
3869
10017
4565
10017
3408
10017
3788
10017
3358
10017
6128
5160
8362
5160
5216
5160
11482
5160
5058
8085
3875
1552
1406
1552
1599
2687
2668
2687
2683
2390
9553
7384
4873
7384
4672
7444
10021
7444
4222
5816
8529
5816
11670
5816
2941
9635
8517
5650
5651
2419
11785
2419
11796
7232
6215
7232
5769
1431
1478
1431
1304
3932
3941
3932
11290
958
957
2444
2445
2444
5210
414
411
8685
8328
4269
9200
4269
10625
4269
8629
4269
4268
11915
5287
6969
8611
10306
10322
1526
1534
1526
1533
11788
9465
551
676
7092
4414
7003
5504
7003
3667
1291
1290
11287
3190
11287
10761
11287
12307
11287
8133
5836
5859
5836
9063
5836
9632
4754
11599
2001
1907
2001
1982
2001
2000
9921
9922
9921
9516
4303
11621
4303
4273
554
553
8368
11224
6973
4197
11824
11480
11824
11839
10889
10918
10889
11834
7936
6984
7936
5744
4273
11247
4273
10598
4273
7873
4273
10597
4273
8531
4527
4413
955
1015
3718
3713
411
290
1973
2219
1973
1944
3867
3258
3867
3877
2612
2600
10276
12441
10276
5289
2268
10989
5661
11292
8844
12500
5600
2857
10258
9414
10258
10846
10258
12465
10258
9386
10199
9784
10199
11322
6840
2636
8251
8853
3894
3891
3894
6120
1200
926
4611
4548
7214
3675
7214
5763
503
502
5035
4589
9762
9778
12146
3479
3585
3584
6820
11859
6646
4866
6646
9049
5828
11577
11053
6122
11053
3910
1969
1953
1969
1968
10601
4909
10361
10986
2397
10735
3116
11778
3116
3104
3116
5373
7779
5130
7779
6534
5295
5275
7329
5925
7329
4671
10845
11433
10845
11433
7782
12034
7782
3954
1899
1898
629
544
629
863
629
864
8599
12317
4665
4660
11310
8700
11310
10782
11310
10829
4135
4127
4135
10693
4135
11294
4135
11728
5688
5689
12028
3465
2247
1942
2247
2146
2710
2685
2710
6855
2710
11681
7560
4058
7560
6112
5523
2568
5523
2583
5320
12411
365
315
198
140
8381
4156
8441
6139
8441
6138
6795
5085
6795
7565
1044
1020
1044
1124
2241
1946
2241
2221
7513
5156
7513
4954
66
215
3229
9205
3229
9137
12371
9839
12371
10869
12371
4796
6291
5976
6291
5961
2352
6815
2352
7828
10448
2508
10448
2899
10388
3527
10388
3489
1708
1610
1708
1720
5615
2816
8966
7031
8966
10550
11346
5394
11486
9500
6031
8335
6031
5048
3549
3530
9338
9417
9338
12394
9338
10845
9338
9410
9338
11433
7425
7963
7425
6001
2518
2517
2518
9257
2518
2524
2518
2413
10507
5620
10507
2809
10872
8900
10629
12007
10629
12007
10477
12249
10477
2880
10902
12472
10902
4812
4060
3981
1305
1304
3699
8571
3699
9154
3699
6876
3699
3681
6439
5156
6439
11159
11962
11837
11962
5302
11962
11840
8825
11880
8825
11508
1871
1866
1871
1870
11357
9366
11357
8734
11357
5399
11357
11973
11692
12260
4732
3847
10065
11215
1489
1541
1489
1513
5331
5332
1729
1633
1729
1602
7143
3467
7254
10043
7254
12246
4912
12007
3954
3950
2827
2796
11678
8182
2062
2091
2062
2059
8211
8212
261
16
8470
8478
9783
11776
9783
11368
9783
5255
9783
9792
9783
8067
8049
4972
8049
6486
2680
2666
2731
10812
2731
2713
2731
12358
10218
5655
10684
4202
3786
3796
3786
8591
8913
6132
12173
4756
3332
3312
11280
10760
11280
12316
11280
11337
11280
12287
3284
12201
3284
3291
3284
3265
3284
3286
8649
10882
8649
3644
8649
6832
9326
8710
8733
3587
8733
9380
902
766
902
762
8127
8078
8127
5291
2911
2483
12033
11658
8729
11473
8729
2264
1488
1464
1488
1469
9420
9913
9420
11829
3964
3957
12006
2473
12006
2654
12006
4996
12006
4673
12006
2894
12006
4460
12006
4441
12006
2882
12006
6003
12006
6329
12006
7999
12006
5613
12006
2770
12006
2598
12006
2677
12006
5922
12006
5821
12006
2923
12006
9029
12006
6271
12006
2722
12006
4218
12006
2756
12006
2571
12006
12210
12006
4163
12006
4246
12006
5834
12006
8165
12006
2634
12006
4836
12006
7065
12006
3127
2274
2273
7264
5857
7264
3085
12041
12040
12041
2405
9008
10567
9548
183
2945
11222
2945
9662
2945
11220
4070
5026
11893
11903
11893
11900
6202
3757
39
10586
12189
6515
11929
6515
3869
1224
314
5793
11638
4971
9088
4449
4438
4449
4401
4389
4395
4389
4336
2253
2147
9607
7520
9607
10552
9607
7550
9607
11160
9607
4651
11367
11789
8947
12097
8947
11999
6525
9107
6525
8195
6525
9112
10055
3737
9499
5331
5238
9291
11082
2988
11082
9037
3997
3914
849
865
849
534
12118
5914
12118
5644
12118
5055
12118
4136
12118
4685
12118
11661
12118
4934
12118
5839
12118
2695
7297
4489
7297
5915
2972
12280
2972
2960
6423
6437
6423
4826
8460
2879
8460
5600
11394
9553
5098
5099
12426
10362
12426
9499
7541
3364
7541
3418
7037
8321
7037
12209
6613
7616
6613
7139
7570
5087
7570
6117
10633
12302
10633
4817
10633
4818
4324
4286
446
445
9734
12284
9734
4987
7691
4919
7691
6348
3002
2968
2032
2011
2032
2031
2032
1864
3093
3054
9231
9249
10749
11773
10749
11376
10749
2263
9190
8642
1870
1868
1043
1020
1043
1124
4219
4203
10927
10946
10281
9402
8784
9477
630
360
10140
9723
10140
9772
10140
8676
6145
3535
870
481
870
880
6899
2682
6899
2695
9091
2823
3233
3166
3233
9809
3233
10758
6398
4238
6398
4213
9914
12450
9914
11501
9914
9493
4655
4621
9577
5589
9577
5595
8956
8275
8288
11187
12453
8807
12453
5194
5226
5479
5226
10233
5226
9238
5226
10225
5226
10221
5226
9217
6172
3538
6172
3574
5539
2614
5539
2634
4041
7138
2395
8884
5001
12449
1144
1106
1144
980
11011
2275
12009
2482
122
28
20
8978
3476
8978
3503
1761
1766
1761
1545
9698
6949
9698
6949
2066
2135
3012
2974
4927
4181
5781
11606
9257
10734
9257
11735
10655
11328
7536
3311
7459
4241
7459
6344
648
725
648
686
11864
11874
11864
9932
6573
9683
6094
4135
3255
5180
4028
4007
4028
11312
4028
9772
4633
4628
6000
4309
4163
4104
1628
1772
1628
1682
9904
9501
9904
12473
4749
11144
4209
4201
4209
4212
6234
5248
6234
4819
10166
12020
6442
6050
6442
4256
6382
5075
6382
4258
8292
11922
6475
3402
2495
9099
2495
8518
2495
4827
8632
8657
8632
7100
1204
1082
1204
1082
1220
1476
5011
9173
3489
3482
3349
7534
3349
12151
2626
2609
2626
2627
1701
1713
6067
6068
12498
5279
1829
1828
11226
11243
8032
5064
8032
7193
1050
1112
1050
1028
1803
1802
9682
7925
11001
11518
12010
9867
7285
11642
7285
4640
9380
6835
9380
10865
439
438
3985
3900
770
392
770
397
10971
116
10293
9413
9410
9418
7528
3300
9018
3020
12243
12269
4586
10211
4586
4542
9083
8239
4296
4295
4296
6873
5367
5369
6996
3637
3200
3170
3200
5686
2794
2748
2794
11618
9617
9050
10033
3035
11584
4589
6212
3732
6212
6990
7683
4953
7683
8242
6505
3337
6505
3365
4036
12180
4036
3985
3081
5646
3081
3078
1223
1222
4179
8655
4179
4140
3532
3528
8765
9438
8765
10334
397
394
2638
2624
1299
1298
7900
2977
7900
5637
11098
3477
11098
10571
5394
8757
5394
9865
9874
9882
24
16
7051
2922
7051
8177
9521
8364
3424
3371
2767
2758
12054
10929
6603
3927
6603
3904
9246
10189
9246
5179
9246
9280
9246
11733
6569
3916
11238
11246
11238
11246
11987
8821
5082
4133
8859
93
11585
8484
11331
12319
11331
10237
11331
8713
11331
11363
11331
8706
11331
5363
5575
2799
2589
2581
2589
2588
6046
3189
6046
9264
8393
9172
1176
1214
2269
10992
6787
5199
6787
4018
1507
1491
1507
1519
10912
11866
4902
3974
11901
22
8201
6199
8201
4569
8201
5240
8201
6149
8201
8072
8201
5168
8201
4081
8201
6197
8201
6988
8201
4916
8201
4979
8201
3809
8201
4982
8201
4881
8201
5745
8201
4682
8201
5199
8201
5087
8201
3774
8201
10030
8201
4863
8201
5112
8201
3939
8201
3323
8201
8111
8201
5153
8201
10032
8201
5091
8201
7159
8201
3419
8201
5054
8201
4405
8201
5129
8201
5108
8201
6192
8201
5926
8201
3734
8201
5192
8201
4538
8201
4689
8201
3569
8201
5188
8201
4240
8201
5081
8201
5975
8201
4611
8201
6067
8201
5136
8201
7431
8201
5183
8201
4018
8201
3873
8201
3825
8201
3947
8201
6126
8201
6117
8201
5740
8201
12137
8201
3576
8201
6119
8201
5754
8201
4939
8201
4167
8201
4328
8201
5094
8201
5046
769
407
769
620
5357
9341
5357
9341
143
119
10732
4726
10732
10228
194
133
12055
9923
12055
8816
10208
10762
10208
9792
10208
11353
5280
10771
361
630
7061
5821
7061
5636
2757
2737
2757
2715
8903
6140
8903
3461
1859
232
1123
944
8436
6157
8436
6160
8869
0
7473
7474
842
539
842
847
6559
5174
6559
3971
10029
8256
8755
11934
2307
11901
12231
2932
2901
2471
10147
10181
6283
6285
5542
2647
5542
2657
4684
4557
1298
1297
4432
4386
4153
4150
4153
4200
11320
10759
1629
1401
1629
1756
4244
9299
4244
7100
3265
8680
3265
9709
6944
4656
7798
4931
7798
4056
10156
9319
2871
2867
2871
2801
5692
10856
246
30
2524
6851
2524
2285
2524
11735
9267
5401
10421
11174
10421
11640
7503
4124
7503
6429
4845
11298
10178
8892
7469
4110
7469
4169
2720
11721
2720
9771
2720
11738
2720
5116
2720
9770
11865
11516
11865
2404
2746
2736
2746
2745
5310
2300
10665
7877
364
363
7050
5810
7050
2923
8873
208
9990
3856
9990
3903
350
40
9034
3898
5486
10185
5486
10185
5346
6837
5346
3594
8428
4631
8428
4702
1256
1255
440
437
4629
4627
4629
9203
4872
3556
10392
3735
10392
7190
8171
10347
8171
12401
2452
2451
2452
2442
2418
10216
2418
11747
9294
11343
10517
11184
10517
5245
7634
6148
7634
3775
7122
6065
7122
5675
9791
9809
11771
11375
11771
11376
11771
8729
345
79
6057
5175
6057
6973
12479
10376
10084
9135
10084
9135
5605
2456
8940
2741
8940
2767
7652
9649
7652
7173
3708
3684
2602
10307
2602
2601
8664
12001
642
707
642
738
5758
3685
555
673
7970
8320
7970
5020
5841
4944
5841
2995
9052
3545
4889
3516
8064
10022
8064
10066
3647
5501
3647
3649
11681
6854
11681
6854
5776
3634
866
797
866
881
1107
979
1107
1015
10527
6482
10527
3382
537
536
7365
5975
7365
4611
4601
4543
7204
5750
7204
4989
12012
10677
12012
3260
12012
12243
12012
12311
1586
1402
1586
1756
8237
8238
5939
4619
5053
10252
5053
12318
5053
11393
5053
9831
5053
10818
8697
9378
11295
10195
8556
4827
8556
4827
9977
5893
9977
9625
6866
2675
2695
2686
4454
12270
4454
3156
4454
4467
4454
4466
8097
3958
6810
3827
6810
3812
8578
3762
6262
4569
6262
4611
1734
1736
1734
1737
11035
4635
11035
4499
1140
1192
1140
1104
3106
8345
3106
3105
2497
2462
2497
11704
2497
5452
2497
11682
378
377
10611
12271
6780
5243
6780
4047
8608
8151
12150
9134
12150
10120
9948
9547
2545
11626
2545
2528
6631
12027
6631
12158
3564
3512
3076
5457
3076
2962
8330
11856
6353
4154
4824
10272
7819
5112
7819
3825
831
861
831
853
831
512
12257
8217
12257
9748
12257
10701
12257
5124
4225
4197
10007
9624
10007
10038
8547
4725
12152
12178
6925
2791
6925
2770
3058
3005
3058
3047
4571
10822
4571
4578
4571
10251
4571
9811
7174
3721
7174
3714
7839
2293
7839
3613
10986
11879
10986
11506
9466
9483
9466
12417
2519
2518
2519
2513
9653
10097
2490
2460
5806
2922
5806
2892
3597
2301
3597
9345
3656
11757
3656
12308
3656
11385
3656
8699
10754
10234
10754
10239
10754
10248
5287
8901
12388
12409
12388
12409
941
1016
941
940
7013
5513
7013
4901
4313
4318
4313
4282
11160
3153
11160
10044
11160
8363
7941
6987
7941
3709
5870
4462
5870
3149
415
414
959
1121
2344
12517
3678
8711
3678
3578
7088
4680
7088
5891
2572
11628
2572
2548
3139
3112
10316
10336
10316
9885
3123
3081
3068
3063
5501
5405
5501
3593
6847
3603
6847
2300
1501
268
7915
6016
7915
6964
11922
2755
11922
3294
11922
6477
11922
8159
11922
12184
11922
5181
11922
2656
11922
5598
11922
12247
11922
12207
11922
12213
11922
5009
11922
12195
11922
12194
11922
5132
11922
4998
11922
8313
11922
5101
11922
8410
11922
2681
11922
4653
11922
2922
11922
8177
11922
8338
11922
3140
11922
4492
11922
5578
11922
2709
11922
8355
11922
5169
11922
5913
11922
2621
11922
8327
11922
8101
11922
4873
11922
4465
11922
4245
11922
12188
11922
4403
11922
5441
11922
2692
11922
5572
11922
4375
11922
2793
11922
2639
11922
5155
11922
8321
11922
4672
11922
8390
11922
2826
11922
12114
11922
8189
11922
12212
11922
12209
11922
2612
11922
8381
11922
4324
11922
3074
11922
9036
11922
10042
11922
4592
11922
2892
11922
4988
11922
2850
11922
2753
11922
6063
5079
4197
1414
1494
9456
11898
10230
9344
10230
9344
3554
3551
6908
2690
6908
5428
6363
4403
6363
4375
7735
6464
7735
3377
9121
4867
1725
1603
1725
1734
9478
11891
9478
2321
4182
4161
4182
4175
11736
11330
11511
8839
11511
11512
1396
1641
10797
12338
1149
972
1149
1127
6409
5009
6409
5132
7823
6626
7823
6602
11170
10617
12279
11325
5860
7862
5860
3127
3215
3248
3215
3249
3215
5706
3215
9277
727
746
727
456
727
591
3502
3501
333
212
2033
2031
2033
1865
2033
1861
2305
2304
9217
9253
8416
6274
8416
3334
8416
12246
8416
3377
8416
3073
8416
5884
8416
5807
8416
4259
8416
11637
8416
8229
9663
9177
875
482
875
884
9709
12322
9709
10678
9709
5225
9709
10179
9709
4992
11858
11920
10764
10799
3666
3654
1237
306
11427
10952
5136
4379
12068
8269
12068
8268
9679
11251
9822
11804
9822
12416
8054
7525
8054
8044
9062
12036
4497
4484
3811
3444
1690
1715
1690
1714
8999
4025
7355
4653
7355
4672
135
5637
10610
5637
8574
1036
1006
8654
4935
3831
3799
2886
2803
7662
5064
7662
8117
7960
4532
7960
4431
12276
4114
12276
5124
11141
4534
11141
6280
5923
4626
5768
3665
4412
4419
4412
4360
140
4785
8790
4785
7832
4785
4786
3472
3463
11119
11196
11119
11198
3445
3779
3445
3435
3385
5694
3385
3309
3385
5687
9508
12477
9508
10374
11600
11634
11739
11744
3727
3583
3727
3721
6379
5182
6379
4219
4464
3160
6878
6879
10337
2309
6252
4607
6252
4674
7
5128
3952
8186
9338
5063
11936
9387
10300
9447
2309
6856
2731
3949
3867
1274
1273
5471
4717
5471
8636
5471
10797
5471
4514
12340
10277
8566
6958
8566
9698
6015
8168
6015
4329
7249
2998
7249
5823
5109
4209
9225
8645
9225
8348
9225
8646
9225
12274
4955
9717
11652
11214
10463
5060
10463
5096
7790
6551
7790
6538
3547
3506
3547
3548
867
877
867
876
10509
6461
10509
6484
4466
11370
4466
10782
4466
10785
10071
10627
12383
9408
660
689
660
693
11302
11307
11302
12294
11302
10204
10627
3984
1345
1342
11650
11194
3608
3600
3608
3599
5312
2297
7552
8343
6854
2684
2346
2345
7991
4229
7991
5074
2702
2671
2702
2701
3227
3182
3227
3240
8564
4924
807
742
807
698
881
885
881
791
8184
9241
8184
8187
8184
11712
10933
10350
9998
4844
9998
10037
2595
2586
9313
2775
9313
2769
8678
8712
8678
9327
8678
8694
8056
7533
8056
6531
11816
11820
11816
10891
10711
10868
10711
9379
10711
3168
10711
12353
1141
1192
1141
1104
4701
4587
4701
9158
4701
9157
4701
9213
8597
10712
3311
3319
3311
7135
1576
1338
1576
1601
8078
9455
8078
9425
2884
11617
2884
2883
8656
9299
10880
10907
2438
2440
2438
5359
264
20
8108
9551
4052
4043
10910
9450
10910
5066
12181
3239
696
628
696
630
8647
8663
11245
11705
4740
8627
4740
3597
12420
2317
12420
10355
4671
4659
48
154
8129
4508
8708
3172
2645
2643
2645
2631
6531
3321
5134
5218
5134
5221
11819
11822
7115
7116
10766
9348
8047
8356
8047
7517
3664
3663
3664
3657
1518
1251
1518
1246
1518
1442
4920
3930
8414
2899
8414
2924
383
380
9454
9475
9454
5031
1712
1384
1712
1714
8462
2874
8462
5576
3578
5071
3578
11357
1195
1210
5891
4507
2672
11992
2672
2671
2672
8640
2829
2796
10479
8131
10479
8166
7168
3769
7168
4969
9553
199
7023
5563
7023
5567
3697
6877
3697
3682
10101
12271
2016
1840
2016
2139
11272
5475
3340
3318
6437
4850
3556
10098
3556
3540
1102
1190
1116
963
11359
9339
8831
12508
8831
8364
3495
5483
3495
3486
3495
5486
3654
3645
3654
3652
10756
9843
2813
2814
2813
2438
5804
2921
5804
9621
1726
1733
1726
1732
486
241
11726
9784
9412
9422
1519
1508
7039
5609
7039
2492
3188
10619
3188
10616
3188
6974
3188
4809
3188
10589
10778
9831
2833
2830
2833
2449
8811
11866
1666
1619
1666
1328
1666
1705
11932
12138
11932
12098
11932
12118
6210
3735
6210
3723
9497
9933
9497
8216
10314
11461
4062
8319
3999
3914
1740
1373
1740
1638
9881
9472
7299
8166
7299
4498
5325
5290
5325
10311
12063
9600
12063
12082
2725
2676
2725
10542
7158
11206
7158
8534
7158
4798
2168
1937
2168
1986
2168
2258
4447
4519
4447
4401
4387
4378
4387
10644
4387
10611
9563
3092
9563
5827
11403
10295
257
19
2236
2237
2236
1922
8949
2785
8949
5437
11369
11381
9609
2929
4826
4099
11090
5994
11090
7911
3566
12015
3566
3491
7888
5507
7888
6879
3074
3064
1949
1948
8452
2770
8452
2756
4508
4455
4508
4506
8133
11775
8133
9369
8133
10793
10984
11881
717
767
717
487
9464
10957
2980
2954
2980
11331
7176
3743
8727
9868
5413
2514
5413
2429
11191
10613
4121
12019
4121
5146
8554
5017
1555
1767
7562
3977
6864
2531
6864
2537
316
3418
3406
9182
6103
4478
3158
3010
3008
3010
3007
7206
8072
7206
5745
10453
4035
10453
4013
9579
5594
9579
9029
10132
7102
5988
6961
5988
6960
5988
6959
2311
11899
4965
4078
3104
8740
3104
5374
3104
8714
3104
12347
4456
9762
4456
4454
4456
9677
4456
8192
659
687
659
740
6113
10650
5537
2649
5537
2630
11853
7830
11853
11884
11853
8830
1242
1241
11373
11399
11373
11409
1026
1126
10929
8833
10929
11489
10929
12055
4217
11278
4217
10165
4217
9742
4217
11280
4838
2968
6897
2657
6897
5426
853
576
12330
8721
12330
11392
12330
9401
10808
10276
215
6180
9077
6180
11202
8666
11350
5774
3647
7431
4178
11729
12277
4818
10711
220
159
10747
8702
8066
5375
8066
4305
8066
8754
8066
12418
8066
8312
5183
6002
6025
4293
6025
6359
3022
3024
3022
2979
283
12311
9764
2111
2077
2111
2093
8305
12088
8305
8994
5117
6479
4533
4412
2472
2468
2472
4794
1453
1452
9036
2952
2051
2090
2051
2140
805
763
805
787
5961
5962
5961
6292
5961
6957
7850
5514
7850
9631
11048
4854
11048
4425
5484
5485
5344
8662
5344
3588
4410
4350
73
7318
5929
7318
5902
10086
10617
4018
3975
7636
6156
7636
3555
11107
12216
11107
2878
9296
11343
10555
12178
4083
3187
11556
2794
6673
5051
6673
5220
303
305
2024
1885
2024
2020
6187
4917
6187
3770
10154
9746
10154
5458
10154
5373
10243
9846
10243
9830
5021
7842
12248
12270
1081
942
4246
4233
9582
7035
9582
2847
3859
3276
6946
9213
3150
3111
8532
4201
2744
9771
2744
11738
2744
10196
2744
2731
9179
11707
9179
11277
3765
3541
3765
3755
2526
2525
2526
2518
12086
8992
12086
12095
2461
5453
2461
8541
2461
2448
2461
5451
9760
9783
9760
10208
9760
9319
9760
12262
8242
8243
8242
9117
9717
3215
1770
1421
1770
1681
9868
9450
9868
10932
12089
11157
8434
5729
8434
6167
6321
7098
9163
9189
1978
2134
1978
2097
3399
3397
9028
12025
9209
9222
7583
5041
7583
3904
782
759
782
912
6957
4423
4686
4620
4257
4180
7628
3560
7628
4869
3161
3155
3161
3118
37
12402
12421
12402
9470
12402
10943
12402
10887
5429
2677
5429
2689
2223
1955
2223
1967
176
126
5722
9151
5722
9151
11077
9074
11077
12170
9621
2470
11559
2515
11559
2431
11559
4177
1321
1320
110
33
6703
8314
6703
12173
6417
5061
6417
4122
4380
4343
4380
4383
280
6669
7191
6669
3732
3520
3493
11465
11481
8985
2874
8985
5597
653
706
653
710
85
121
6044
11277
6044
12251
1450
1259
1450
1448
3632
6836
3632
5404
3632
3594
5162
11235
5162
10081
105
11975
3589
11975
8661
11975
10865
9935
2362
9935
9528
9935
7826
9935
11512
7861
2472
2538
2539
2538
2526
5950
4598
4799
11188
90
154
2987
2956
2119
167
8275
10574
275
157
6492
3284
4267
7869
4267
7870
4267
4266
3151
3117
995
1004
995
953
9876
9883
6967
8630
5396
5397
2110
1816
10482
10053
10482
6545
1664
1325
1664
1704
1664
1706
10342
9910
594
871
594
448
2050
2140
3873
3268
11577
3046
11289
11015
5675
4133
9244
12013
9244
4896
9244
5114
9153
8612
9741
9765
9432
11475
1983
2151
12366
10944
12366
9473
2689
2667
9858
10938
9858
8227
2410
2408
3426
4967
3426
9108
4294
4065
4294
4296
7851
6863
7851
5409
5433
2710
11974
8728
11974
9336
12221
9755
6994
3661
7748
6473
7748
3381
5152
3976
7181
6200
7181
4941
3940
3920
3940
3984
2201
2011
2201
1865
2201
1860
4584
4585
4584
5471
7240
8177
7240
9036
2339
8870
10019
8087
10019
4366
10019
5037
10019
4137
10019
4227
10019
4123
10019
3901
10019
2997
10019
7090
10019
2846
10019
7549
10019
4186
10019
10035
10019
3125
10019
2509
10019
4821
10019
5947
10019
5173
10019
5014
10019
5997
10019
5894
10019
2982
10019
4616
10019
5678
10019
4442
10019
5070
10019
4949
10019
12126
10019
6624
10019
3013
10019
2925
10019
10049
10019
4844
10019
4302
10019
4222
10019
5085
10019
4823
10019
10034
10019
4017
10019
7565
10019
5239
10019
4962
10019
3044
10019
6108
10019
9616
10019
5137
10019
5851
10019
3810
10019
4886
10019
5068
10019
3994
10019
4446
10019
3789
10019
5030
10019
4278
10019
2911
10019
3964
10019
2495
10019
6944
10019
9609
10019
4091
10019
3366
10019
6690
10019
5113
10019
3097
10019
10037
5642
3030
7807
6565
7807
4037
4034
8560
4034
8568
2054
2048
2054
2053
1906
1905
10375
8842
10375
10376
4895
4935
4895
4117
6228
3143
6228
4473
11455
12421
11455
11479
11455
8788
2796
2797
2796
2779
6659
3529
6659
3557
7100
4138
7100
8141
2624
2608
2624
2626
911
895
911
666
7777
3945
7777
6526
2620
2609
2620
2619
7327
4653
7327
8390
1641
1394
10565
4545
10405
11196
10405
4956
11847
9934
11847
9931
11847
10950
3438
11319
3438
5053
3438
8668
10197
9782
5951
4598
11224
8586
11224
8586
5592
2860
7534
3312
6832
2261
462
461
3755
5496
3755
9813
3755
5495
3755
12340
1212
1217
6096
4132
5705
4776
9770
9305
8483
3853
8343
6111
8343
5099
12369
8798
12369
9453
12369
8407
1512
1232
1512
1477
7411
8336
7411
5993
11770
11925
591
465
591
870
10164
5728
3903
3843
6812
3793
6812
7615
6236
5070
6236
5137
10887
10991
3869
3266
4529
4421
998
1066
998
937
9906
10982
9906
9503
2610
2604
2610
2589
5623
2894
5623
2505
8099
8098
10415
6323
10415
5184
7660
3733
7660
6191
12297
8186
7962
7097
7962
5985
5224
5897
12178
9161
12178
11225
12178
11226
8954
5443
8954
2829
1066
985
5937
5938
619
368
619
618
619
364
8699
8732
8699
8717
8699
11374
366
365
9060
11221
8239
10119
3825
3786
5588
11611
4565
4450
12192
3020
12038
5822
12038
4356
12038
5444
12038
3091
12038
2784
12038
2649
12038
5607
12038
5061
12038
2597
12038
4255
12038
4594
12038
5582
12038
2585
12038
2919
12038
6023
12038
3146
12038
4330
12038
3038
12038
2630
12038
4607
12038
4676
12038
2874
12038
5026
12038
4674
12038
3071
12038
5597
12038
2690
12038
8494
12038
2488
12038
7404
12038
5568
12038
5576
12038
8482
12038
5432
12038
2659
12038
4632
12038
2544
12038
2605
12038
5612
12038
5436
12038
5428
12038
4636
12038
4861
12038
4888
12038
5672
12038
2838
12038
4122
12038
11950
12038
5560
12038
3011
12038
4524
12038
4457
12038
8046
12038
2680
12038
6094
12038
12231
12038
4497
12038
7962
12038
6270
12038
4440
12038
5059
12038
8495
12038
5887
12038
2900
12038
4661
12038
2506
12038
2570
9979
6143
9979
4872
2038
2036
2038
1850
2038
1854
5715
5479
5715
9258
5715
3436
9736
9768
9736
9349
9736
10783
9736
11738
9736
10196
9736
9303
4887
3197
10323
9879
10323
10333
12370
10835
12370
5380
12370
10273
7401
4427
7401
4529
3649
3651
3649
3593
11
3733
3715
4326
8539
10529
5614
10529
2841
1218
69
1218
70
1218
5
999
1064
999
1109
999
1061
999
1176
1568
1700
1568
1614
1568
1336
9916
10369
9916
2364
9916
11894
9916
9925
7193
3725
8786
12417
8786
9903
1168
1186
1168
984
11769
8170
1660
1372
1660
1691
1660
1712
6270
4449
11673
11695
3913
9680
3913
11231
3913
3858
6802
4005
6802
4995
595
586
595
872
8322
3646
10185
5487
11766
11789
1663
1379
1663
1693
1479
1588
1479
1444
6241
11197
6241
4500
6772
3864
6772
6525
12467
9495
12467
9492
12467
10964
10498
2999
10498
2988
3137
5179
3137
11310
11396
12359
2510
2502
3599
6846
3599
6847
3599
4740
3599
3604
1336
1335
7721
5141
7721
3424
9135
3308
5289
10909
5289
11942
7371
5977
7371
4696
10895
11472
710
403
710
599
710
624
3966
3951
4338
2409
8549
11262
10009
3802
7266
5856
7266
9033
2439
2440
2439
5359
9963
6130
9963
3834
5455
2916
5455
12329
9728
3541
12023
4166
12023
12102
12023
2475
7837
11832
7837
9441
11433
11821
11433
12423
5862
3131
5862
3075
11152
10044
8491
4549
10584
12208
6745
7535
6745
3347
757
900
757
888
7817
3829
7817
8266
2580
2581
2580
2569
3784
10172
3784
8651
3784
9276
3784
9273
10686
4353
11802
12395
9219
8179
6625
6626
12090
12095
9707
10684
4091
6432
10222
10249
11429
11466
11429
9859
11429
10317
9324
10890
9324
12351
9324
10268
9324
5138
1225
1224
1478
1430
4231
4139
4231
4217
3286
9220
2285
10734
6931
2795
6931
2827
4190
5659
4190
9272
4190
10710
4190
11291
9648
12235
7278
8077
7278
3123
3510
10635
3510
6980
3510
5489
3510
8599
5852
9076
3978
9705
3978
10077
3978
10608
3978
9222
3978
9657
11162
8529
11162
11670
11162
2941
7641
9020
11560
12163
11560
12129
11560
5035
3043
3033
3043
3037
10799
9832
6407
9142
6407
10582
6407
11192
6713
3378
6713
7526
7256
3041
6195
5734
6195
3720
5077
4178
709
592
709
446
709
584
3956
3950
6849
2290
6849
3614
9041
2910
801
833
801
832
5465
9801
6348
7109
6348
9064
6348
6347
6488
6489
11542
2622
11542
2611
11542
4961
9953
5933
9953
4688
620
772
620
402
804
819
804
820
1454
1241
1454
1453
9070
9096
9389
9430
9449
8873
9830
9411
3947
3867
8315
6435
8315
6041
8315
6434
5107
4132
2372
2371
12107
4408
12107
5990
12107
9074
12107
2678
12107
2568
12107
4990
12107
12141
12107
8326
12107
8329
12107
2521
12107
9025
12107
4475
12107
5558
12107
5581
12107
4331
12107
12170
12107
3122
12107
8392
12107
2425
12107
2596
12107
8310
12107
3145
12107
5434
12107
12148
12107
2474
12107
2429
12107
2555
12107
2529
12107
5892
12107
12024
12107
4945
12107
4612
12107
3002
12107
12192
12107
2583
12107
2851
12107
2536
12113
9659
7247
2982
7247
9609
4555
4579
4555
9801
11117
3972
11117
3949
7670
4445
10533
4317
242
34
477
476
6377
4222
6377
4278
3729
3582
3729
3727
3480
4894
3480
3470
7308
4684
7308
11637
8964
4215
8964
4252
4420
4417
4420
4359
11344
9340
11484
11005
5048
4270
7591
8136
7591
8385
4008
3976
10339
9470
7952
8115
7952
3012
1569
1374
1569
1369
1569
1712
11872
5264
2276
8890
6260
9078
6260
5220
8223
12078
8223
8224
9598
8998
2995
2994
11021
5158
11021
5201
11898
29
9677
10716
5743
3687
2361
8898
4499
4468
8997
8224
5639
8470
1616
1323
9485
8812
9345
9354
9345
8733
10965
8827
3408
3405
3896
3838
3896
3898
7216
5762
7216
5756
3020
2978
3020
3018
2057
2108
2057
2054
11835
10931
11835
9444
5373
9360
9893
12455
9198
10155
1357
1355
1357
1351
1371
1370
5992
7868
5992
7870
5992
4266
5992
7871
6103
5707
6103
3211
5551
2658
5551
2679
3487
11787
3487
11998
3487
5391
3487
5389
3487
9798
3347
3272
10435
5619
10435
2898
6390
11159
6390
4259
6450
4137
6450
4123
6644
4991
6644
7148
3114
3101
3114
3108
6069
4079
62
209
12329
10224
12329
2917
12329
10226
12329
10742
12329
5324
12329
9350
123
12305
11386
12305
10271
12305
11387
10818
10844
580
868
580
499
8640
2651
10274
10860
8771
9442
8771
4781
8300
4022
8300
5237
8300
8302
4207
8231
4207
4202
4207
12241
4207
10132
9
4747
11576
11183
4101
7934
6198
7934
6982
422
421
8846
11003
8846
2284
4395
10657
4395
10139
4395
10656
4395
4396
4395
11250
4395
11252
888
489
888
483
888
749
888
794
888
795
888
774
8040
6462
8040
7477
9259
8375
2773
8621
2773
2743
2773
9185
10838
12396
4929
8780
4929
5031
9372
12397
9372
5383
11730
11737
11730
9780
4808
3995
4808
7136
4808
3380
4808
3387
4808
5590
4808
3886
4808
3794
4808
6132
4808
8167
4808
5881
4808
5609
4808
3989
4808
5111
4808
3131
4808
6247
4808
3970
4808
3360
4808
4617
4808
4462
4808
6088
4808
2998
4808
3149
4808
3027
4808
3401
4808
3075
4808
3039
4808
7906
4808
2897
4808
5182
4808
5800
4808
4564
4808
5062
4808
6626
4808
6602
4808
3088
4808
5207
4808
5989
4808
8109
4808
6093
4808
4033
4808
2852
4808
6408
4808
7516
4808
4641
4808
6358
4808
6376
4808
2845
4808
5900
4808
5823
4808
6544
4808
4372
4808
4060
4808
2945
4808
4219
4808
4655
4808
4633
4808
5592
4808
2510
4808
4675
4808
12145
4808
5671
4808
5126
4808
2861
4808
2492
4808
7524
4808
3376
4808
4923
7457
5080
7457
4253
4148
4114
4148
10170
4148
12313
12094
8235
12094
8992
9690
12223
9690
10186
2769
5319
2769
2730
1182
983
7446
11147
7446
4221
7386
5966
7386
5971
5814
2947
5814
2984
9402
12378
9402
5338
4778
8592
688
582
688
462
6567
3982
3192
3185
3192
9729
3192
8625
3192
10147
11325
10761
11325
12307
11325
8133
8857
95
2803
2786
2803
2804
325
4177
4132
984
1132
4756
3182
4756
3236
5834
3055
330
46
2855
2818
2855
2824
12326
5303
12326
8732
10304
10876
8801
11503
8801
4788
6220
2996
6220
3012
9619
10123
9619
10606
9619
11195
4984
4194
6461
3227
3540
9184
3540
5724
3540
3504
3540
4974
3356
3279
7892
2822
7892
2494
226
6594
3886
6594
6602
6073
4822
6073
5032
12261
9245
11413
5300
5191
3453
6885
8495
6885
2570
5403
11732
5403
8350
5403
11981
5403
9290
1438
1724
1438
1604
10826
12392
4518
4397
4518
6952
5090
3187
8155
8152
3378
3372
12494
12507
1090
1191
1090
973
2055
2141
2055
2054
5369
9322
11134
3417
11134
4972
2287
9549
12419
12447
4766
4957
10149
9270
7983
5020
7983
5077
983
1132
3271
7882
3271
3222
3271
3278
3271
3344
3844
3848
3844
9235
10920
11901
8118
10997
512
511
498
794
2865
9722
2865
2867
2865
9751
2865
8616
2027
2019
2027
2105
6696
3263
6696
4069
8404
2675
9273
9298
2759
2733
4910
5667
8867
283
8718
3683
8718
8749
8718
11413
10740
12014
6557
4030
6557
5242
10027
10564
5245
2742
11820
11474
11820
11828
11820
2375
7105
7875
7105
6001
10671
10166
10671
12221
10671
10168
1439
1438
8585
3440
11646
11658
5272
88
5359
8660
5359
10704
5359
12373
5359
5358
5359
5357
5359
9341
6126
3852
1281
1280
8165
4504
1747
1499
1747
1764
6451
5033
6451
4084
2587
2393
2587
11752
2587
2394
1808
1807
268
160
8894
190
5550
2640
5550
2658
9535
9542
2938
5455
2938
2915
3366
3280
6789
7569
6789
4014
10111
5919
5561
2727
10519
4921
10519
3811
11312
12348
11312
11756
11312
9821
1547
1755
4440
4387
44
80
5700
5702
7494
6080
7494
6436
6059
4254
6059
5079
4933
8097
11834
12496
11834
8847
10955
11918
11783
11443
7042
2848
7042
5605
4627
9721
4627
4554
11649
2758
5302
66
3618
3617
3618
7838
3618
7839
3618
5348
2712
2685
2712
10112
2712
11681
2712
6854
2446
10187
2446
2444
2446
9248
2300
5311
3685
3670
3685
3686
9269
5465
9269
5465
6546
7138
6546
12139
6138
3452
1127
971
9982
3147
9982
4458
7075
5213
7075
5831
10701
12003
2025
1877
2025
2009
2025
2024
6724
3426
6724
3416
12095
9611
12095
5448
7467
12133
7467
4176
8374
10532
8374
11589
9303
2713
4880
5144
10400
6425
10400
7996
2926
2908
7130
7131
12304
9314
579
497
579
857
2338
8870
12416
9851
12416
10867
4711
2373
4711
9536
4711
10915
1201
926
5883
4481
8932
3641
3301
12269
3301
10677
3301
10175
3301
10699
3301
10169
3301
12311
775
891
775
500
9336
5303
9336
8717
4004
3918
8723
12039
8968
4970
11348
9815
11348
9402
11488
8198
11488
9916
5044
11998
7304
11197
7304
4683
8137
2503
11195
8602
3322
3250
5417
2521
5417
2529
4443
9105
4443
8546
4443
9089
4383
5652
4383
4362
2721
2710
5799
2925
5799
2911
11407
9427
11407
12435
9567
8210
9567
3997
5492
9827
5492
10277
10446
9621
10446
6868
10386
10552
10386
3811
6162
3543
10852
9407
10852
11428
10852
11426
4110
4075
388
312
4950
4951
12464
9497
12464
10961
631
304
9493
9934
9493
9509
9493
9932
45
8815
8829
8815
8823
8815
8823
11523
4849
11523
2561
11523
2571
2837
2834
2837
2808
1304
1303
1846
1845
9885
8787
9885
8286
1782
1781
1782
1775
563
562
5321
5025
5321
5025
11961
5297
11961
9465
11961
9464
3491
4867
3491
6981
8835
6814
9594
6527
9594
11602
2333
5263
2817
2439
2817
2819
6429
3197
7580
3923
7580
6124
11691
10686
50
100
50
272
50
247
50
355
50
256
50
317
50
118
50
249
50
251
50
227
50
358
50
306
50
354
50
352
50
112
50
297
50
332
50
336
50
342
50
326
50
357
50
320
50
216
50
276
50
346
50
292
50
359
50
262
50
300
50
61
50
266
50
228
50
314
50
353
50
349
50
351
50
356
50
260
50
347
50
338
50
334
50
343
50
340
50
323
50
213
50
258
50
41
50
350
50
345
50
264
50
220
50
303
50
275
50
330
50
268
50
218
50
253
50
287
50
274
50
270
50
291
50
311
50
344
50
289
50
348
4722
11352
4722
4088
6619
4879
6619
3462
1306
1608
5686
3169
5686
5681
5686
3224
5686
4824
2962
9365
2962
12042
2962
12312
7435
4373
9644
12179
9644
9092
10639
10671
5187
4179
7610
3810
7610
3789
10743
10279
9328
5353
3099
3010
6021
5062
6021
6376
2660
2645
12398
8778
12398
6827
6893
2654
6893
2641
12490
2405
12490
8844
4213
9064
4213
7108
4213
4208
11260
12219
11538
12215
11538
2491
634
765
634
579
967
1040
967
934
967
924
12372
9873
12372
9874
12372
9876
3788
3453
10216
9555
3239
3241
3239
3184
4080
3188
6484
3371
6344
4205
6690
5018
6690
11652
6690
8502
10457
2841
10457
5580
4961
3318
858
598
11377
12357
11377
10862
11377
12056
5533
11590
102
6117
4006
4125
10202
4125
4802
4125
10160
4125
10200
4125
5680
4125
9786
2258
1976
12005
9356
12005
9812
3974
9733
3974
11237
3974
3959
3974
10623
7274
3125
7274
5173
8593
10669
8593
10685
218
158
11270
10178
11270
11289
1634
1308
1634
1610
1634
1613
10042
3053
4705
4588
253
27
3315
3314
11607
9051
11613
2800
5096
3976
2282
8107
1213
1062
1213
1128
1213
1180
1213
938
8480
8121
5529
2597
5529
2605
1048
991
1048
1118
10494
9597
2591
2593
2591
2580
9317
10244
2952
2953
2952
2938
7519
3369
2670
2651
2670
2652
11870
7830
11870
7828
11870
7829
11870
7827
10715
11336
5236
3067
1247
1246
2386
12511
1490
1727
3223
8278
3223
8739
3223
10247
3223
6874
324
325
10588
4909
10588
8527
10588
4910
2206
1950
2206
2256
7995
3196
1422
1769
1422
1410
445
444
10937
10954
12004
5143
12004
8307
12004
5477
12004
10250
12004
4759
12004
8398
10130
10687
10467
5008
10467
3332
12432
7835
12432
9493
9221
9289
9221
10718
9221
4111
9221
10720
9724
3436
3543
3518
3543
3542
4951
4587
7400
5065
7400
4427
2039
2035
2039
1855
4592
9082
4592
8238
4592
9083
4282
4276
4282
4115
11747
8695
2294
320
10623
12182
9006
4959
9006
5635
9006
8131
9006
5830
9006
6323
9006
5105
9006
4376
9006
9040
9006
5931
9006
3045
9006
3391
9006
3026
9006
6037
9006
3790
9006
6143
9006
3337
9006
3550
9006
4964
9006
5041
9006
5060
9006
3872
9006
3927
9006
6430
9006
4708
9006
4325
9006
3365
9006
8166
9006
3565
9006
7921
9006
8320
9006
4498
9006
5049
9006
3830
9006
6472
9006
4528
9006
5972
9006
3904
9006
5184
9006
5020
9006
6483
9006
4459
9006
3967
9006
4039
9006
5798
9006
2989
9006
8085
9006
4872
9006
6437
9006
4826
9006
3150
9006
4686
9006
3520
9006
5077
9006
4004
9006
5096
9006
3129
9006
11948
9006
4561
9006
4862
9006
5241
9006
9038
9006
4615
9006
3805
9006
4942
9006
4975
9006
5212
4334
4280
9546
5260
6982
8528
10075
9689
10075
9689
447
444
3693
11713
3693
6877
3693
11265
3693
12261
11590
2628
8976
9630
8976
5615
10105
12234
4642
4496
7027
2805
7027
2828
9557
5798
9557
9038
5584
9687
5584
10058
9696
10177
156
6152
9637
6152
8371
6152
9636
10862
9858
6433
11232
6433
8303
6433
11706
8958
5169
8286
5021
8286
10951
5228
8612
5228
4806
1493
216
5895
4557
7149
3497
2375
2374
6535
3879
12060
10014
2641
2628
8043
4906
8043
6465
9789
11350
9789
11781
9789
11768
9789
11366
9789
5665
7111
7113
8510
12012
1045
1023
1045
1129
8919
8262
1717
1637
1717
1731
6396
5206
6396
5151
12481
9502
12481
8814
12481
2360
8643
6856
8643
6856
12042
8723
12042
8723
3890
3891
3890
3822
11241
11698
4675
4603
8739
8769
8739
9406
8739
8762
8739
9435
8739
5385
8192
9778
88
12145
3267
10550
9055
7803
8264
7803
4045
3614
3613
3614
2292
10371
11517
10371
5326
10371
11511
4891
10847
4891
5337
4891
5004
4891
11402
11451
11457
11451
10924
7769
6691
7769
3381
3630
3600
1941
2130
1702
1490
11126
4531
11126
6272
5437
2746
7855
11186
7855
5427
278
884
757
12497
12505
12497
12499
12497
2392
7498
7476
7498
6090
7185
3767
7185
5185
9772
8676
9772
8676
1408
1498
108
34
9516
8859
8356
11668
8356
11218
8356
10081
5671
5673
2892
2472
9745
11348
5740
3698
9157
9206
287
47
1823
1820
1809
1808
6963
4283
3155
3156
3155
3116
8378
9146
4263
10800
4263
12337
4263
11766
4263
10806
4263
8716
77
162
2504
2497
2097
2239
5920
9237
6728
6689
6728
3423
410
409
4309
9140
4309
4274
4309
11245
4309
10143
3877
3213
3877
3878
3877
9244
954
1013
307
308
10266
11404
10266
10285
7009
5508
7009
5511
11919
5261
6134
6136
4279
4206
3907
3846
10883
10988
8714
12361
6979
3495
1151
941
1151
932
11916
12509
4352
4347
4352
4295
8408
12315
8408
4467
8408
12248
550
549
8020
6166
8020
6180
8530
5668
2095
304
666
216
3751
11697
3751
3546
3751
10164
8114
11517
1821
1820
3848
10689
3848
3849
3848
12336
3848
12310
9146
8231
9146
9180
9146
10132
11667
10610
5701
3214
11997
8389
11997
10331
11997
12384
8487
7863
8347
8252
8347
8815
11138
3342
11138
3367
7415
12188
7415
4324
1198
1205
10193
9801
8898
185
9802
10779
2934
2914
2934
4839
5955
8080
4196
4193
6916
5568
6916
5436
1268
1267
12334
9265
3300
10676
3300
12237
33
11059
4407
11059
6295
11594
3117
10700
10187
1072
1202
7323
5125
7323
8310
6736
3412
6736
6491
6312
12190
6312
6282
12512
9555
3040
3035
7773
12185
7773
8333
10561
10596
10561
9065
10561
10591
10401
3100
10308
12427
10308
12440
9112
9191
7339
4632
7339
4661
5180
3209
5180
7883
5180
7884
3761
10055
5838
5859
5838
9063
5838
9632
843
535
843
866
2421
11394
2421
9328
1940
1939
1743
1744
1743
1391
10247
8277
7712
8355
7712
4988
5025
9358
6183
6185
4774
11944
1784
1783
4362
4418
4362
12320
4362
10779
4362
11359
5818
5819
11829
10928
11829
10337
11829
9447
6830
6831
549
263
11069
4475
11069
3145
11595
2936
3374
3369
4514
5470
11390
10283
11450
11457
11450
10924
6677
8341
6677
8105
1177
916
10551
5606
11103
5969
11103
5965
4087
9395
10992
111
11753
10231
4537
10744
4537
5471
5113
3405
6598
3802
8301
8302
12335
9781
1269
1263
1269
1267
8616
12334
5965
4546
7926
9766
7926
5714
7926
8140
7926
9753
2136
2065
1853
1852
4988
3231
2377
8877
3118
3120
3118
10144
3118
11692
3118
10154
6648
3524
6648
12146
5826
3002
5826
12192
7865
7866
9931
9521
1409
1497
1525
1535
1525
1575
8800
4820
2983
2958
8271
11655
7222
5762
7222
3668
6707
3392
6707
7521
9194
3203
9194
5016
6413
4100
9625
9123
9625
9132
3922
3894
11073
3790
11073
3805
1820
290
12144
5919
7759
3421
7759
6495
3404
6529
3404
3403
11461
11480
11461
11839
8981
2882
8981
5594
4144
4129
11220
12281
4253
4179
4804
9097
6953
6954
11826
9432
3165
4801
3165
8295
3165
5205
3165
4841
10834
10861
10256
5375
10256
10287
9849
10893
9849
9861
9849
10895
409
288
9430
10959
9430
8805
953
1198
9167
5730
7938
3705
7938
5746
6325
9161
6325
11242
6325
11226
8366
8367
9713
12040
9713
10163
9713
8844
10278
9888
10278
9877
3750
5727
3750
3546
10814
10845
10814
10278
3716
3582
3716
3679
7587
8095
7587
3837
5210
2435
5210
2433
5073
4195
5073
10632
6191
3726
1327
1326
3129
3083
5461
8173
5461
8120
5461
11767
5461
11769
9045
2699
3108
10189
3108
5179
3108
9280
3108
11733
2477
2469
2477
10629
2477
4912
2477
8576
5984
8526
5984
8497
5984
4797
9957
7189
9957
5052
2249
1959
2249
2254
8576
12242
6090
4076
6369
5028
6369
12121
4474
3159
940
939
3414
6480
3414
12206
1387
1386
6403
4256
6403
10588
7645
6158
7645
6168
6868
2499
6717
4934
6717
7519
8558
9707
1893
1892
3047
2963
3047
2962
1948
2125
7672
4408
7672
8326
7829
9942
7829
2349
12275
12348
12275
9821
4814
4667
4235
4215
11210
12238
3462
3457
12151
9057
6935
2789
6935
5447
738
746
738
457
738
452
5778
3640
9669
10626
5220
4559
1017
1203
9072
3448
9072
3455
10804
11466
3706
9230
3706
10146
3706
9231
3706
5500
6621
4865
6621
5106
4095
8508
4095
3199
4834
9408
5756
3669
12485
11012
8340
5055
8340
12181
9703
11281
5747
3694
817
515
817
861
11025
4320
11025
4365
613
612
613
608
341
211
2321
2320
9673
11693
7086
5894
7086
9616
10318
10899
10318
11463
2790
2763
8993
8233
9102
2577
3676
11713
3676
3655
3676
12261
10774
10810
3184
9211
3184
8396
3184
3175
3184
8399
11180
2837
5808
2933
11830
9456
903
753
903
907
2552
6852
2552
11748
2552
2283
5929
4629
3658
3663
3658
5403
2991
9005
2991
2936
7702
8346
7702
4870
12011
4347
1585
1403
1585
1750
8227
12470
8227
8354
6373
4214
6373
4248
3056
3006
3056
3005
536
257
1382
1381
12353
10301
6760
3323
6760
3873
10537
10021
11113
4882
11113
7538
10988
108
9468
8353
1881
1880
7595
3907
7595
6590
4504
4505
4504
4471
11682
12008
11735
2414
7884
10809
6582
3937
6582
3993
3078
3076
3078
3047
5450
9215
5450
9722
5450
2445
5450
8616
5390
5337
5390
5004
5069
3229
8606
2702
9946
2339
5103
8577
5103
8577
4992
9337
7154
6147
7154
5725
7243
5809
7243
11162
149
8311
4604
4551
4501
4551
10211
11948
3062
3943
6105
3943
9107
3943
8195
3943
9112
8418
7566
8418
4056
468
467
5880
7864
5880
3143
84
122
8010
3782
8010
3460
3668
3653
3917
6116
3917
3919
5138
9445
5138
10868
5138
10301
5138
10859
7197
3734
7197
5740
8704
7844
2562
6852
2562
2284
2562
12498
2562
5280
5711
5712
528
255
7405
4982
7405
4939
274
153
10327
4714
10327
4714
4883
5138
927
1201
104
2252
2219
3737
10089
3737
5730
3737
3714
8104
6361
8104
8095
8104
4644
8104
10048
8104
4393
8104
4904
8104
3837
8104
3992
8104
6345
8104
6198
8104
5674
8104
4532
8104
3701
8104
6196
8104
3529
8104
6110
8104
7142
8104
8160
8104
4735
8104
3973
8104
6165
8104
6118
8104
4327
8104
6368
8104
4431
8104
3557
8104
4687
8104
6407
8104
4705
8104
6982
5933
4602
8882
203
5059
6434
5059
6040
4700
5918
4700
10111
4700
6953
6906
2708
6906
2721
3821
3819
3821
3783
4561
4448
9476
7842
9476
8284
9812
9353
9812
9353
1597
1278
1597
1437
7164
3776
7164
4889
6302
4573
6302
7093
5627
5127
5627
2901
11883
8867
6770
3351
6770
3868
10411
4534
10411
4430
3066
12277
3066
6869
3066
9190
3574
3492
11734
9312
11734
9312
9832
9844
9832
10851
9832
10861
9832
9853
9458
12463
9458
11955
6359
4260
1676
1692
1676
1695
1676
1362
11437
11978
5126
4182
1472
1752
1472
1713
1472
1395
8188
6477
8188
12184
8188
5181
8188
12207
8188
5009
8188
12195
8188
12194
8188
4998
8188
8313
8188
5101
8188
8395
8188
8177
8188
5578
8188
8355
8188
8327
8188
4465
8188
12188
8188
5572
8188
2793
8188
4672
8188
12114
8188
12209
8188
8381
8188
2892
8188
6063
6272
4447
6741
3354
8568
11266
8568
9195
8568
4955
8495
2546
6858
10690
7813
6571
7813
6806
3604
3603
3604
5310
4550
4439
4550
4558
7482
5132
7482
6063
7342
5931
7342
4686
10891
10905
10891
11913
10891
2375
9506
10379
9506
9519
9506
8863
2012
1888
2012
2149
2152
42
2076
1781
2076
2075
2076
1776
1762
1406
1762
1747
7833
12480
7833
10997
726
597
726
422
726
589
5451
8590
9967
7913
9967
6295
6876
11229
932
1012
10100
5721
1395
1394
9659
10113
9659
8549
523
520
8074
4303
2888
2869
2888
12249
5766
3653
11563
11193
11563
10055
11563
3099
7725
3421
7725
5083
9131
3920
1880
1879
9290
11334
9290
12326
7375
9081
7375
9080
4319
4346
4319
8703
10181
3167
11920
10
10240
9838
6245
4682
6245
10032
8674
11755
7019
5569
7019
5558
3452
9710
3452
5718
3452
11248
3452
11703
3133
10596
3133
10591
3133
3134
3133
10615
9994
11168
9994
11578
2404
2403
12274
8667
5910
5155
5910
4592
11921
5287
7980
4220
7980
7916
2583
2573
12208
8248
12208
8247
12208
12255
683
607
683
387
683
391
11228
10631
127
214
6455
3186
1765
1768
1765
1422
3242
3241
3242
3186
9531
5266
3434
3433
3434
3428
11589
11619
10115
10145
10115
10638
10115
10639
8399
3174
10642
8621
8581
4780
8581
4780
1494
218
1922
1919
2475
2459
3522
3493
4862
3479
441
341
9360
11813
8161
3165
396
395
2628
2626
2628
2610
4026
4020
4026
3932
8909
3666
9277
3207
9277
10774
9277
10254
8520
2778
328
752
678
2225
2255
2225
1956
11866
52
6553
3868
6553
6109
10023
11928
1787
1786
10168
12020
7479
5050
7479
5107
12059
12072
5241
3464
8863
5269
10675
4435
7101
4188
1630
1738
1630
1703
6289
5960
6289
5984
1165
1125
1165
1184
1165
1121
1165
959
7987
7916
7987
5175
2189
1845
2189
2234
11717
7878
11703
11302
3275
3274
7538
3270
2861
2825
4159
4116
4159
11340
4159
11760
4159
9318
2850
8248
2850
12283
2850
8247
339
209
5887
3081
11236
9200
11236
11684
1633
1612
1633
1753
8022
7152
8022
8344
9854
10886
4715
9872
4715
10853
4715
9892
1842
1841
1051
1117
1051
930
1051
975
1051
931
9248
9268
3305
12225
3305
6460
2636
11965
2636
7825
2636
2635
2636
2421
11869
2361
3681
3580
3681
3581
7509
8261
7509
8332
1785
293
12056
9428
7071
9018
7071
3040
10705
9552
360
318
5270
5271
8622
11345
8622
11286
8622
9745
8879
180
9307
5480
11096
4010
11096
4038
1049
941
1049
932
7463
5204
7463
5150
10592
10110
444
231
8150
3759
8150
8102
8150
3767
8150
8006
8150
4931
8150
4030
8150
5185
8150
6457
8150
7566
8150
5507
8150
3705
8150
3642
8150
6466
8150
5504
8150
6326
8150
3688
8150
4882
8150
12135
8150
5045
8150
7099
8150
12147
8150
6995
8150
6481
8150
5742
8150
5761
8150
4021
8150
5737
8150
5746
8150
8119
8150
3363
8150
3500
8150
5242
8150
6879
8150
3667
8150
5510
8150
6155
8150
3532
8150
6569
8150
3708
8150
3733
8150
6162
8150
6183
8150
6191
8150
7538
8150
5505
6224
4463
6224
3142
10951
5274
2486
2464
2486
9794
2486
9323
2486
12365
12347
9373
4038
4810
4038
11664
4038
6573
4623
4599
4623
9203
7526
3326
9016
6166
9016
5088
9016
4573
9016
4068
9016
12037
9016
5916
9016
4229
9016
6154
9016
7530
9016
8135
9016
5029
9016
3422
9016
9054
9016
4635
9016
4321
9016
4044
9016
3350
9016
8174
9016
3937
9016
4681
9016
3523
9016
3730
9016
6036
9016
8149
9016
5930
9016
9048
9016
4367
9016
5036
9016
4433
9016
8147
9016
3533
9016
6125
9016
3297
9016
7093
9016
3736
9016
5211
9016
4009
9016
3262
9016
12157
9016
8486
9016
5995
9016
6426
9016
4670
9016
6438
9016
4865
9016
7961
9016
6597
9016
3152
9016
5104
9016
5074
9016
5106
9016
3864
9016
5002
9016
5960
9016
6525
9016
6353
9016
3068
9016
6180
9016
4499
9016
5191
9016
5090
9016
5984
9016
3742
9016
3993
9016
3558
9016
5067
9016
3835
5565
6866
5565
2691
4588
4553
4588
4587
11586
2591
7744
6467
7744
3390
6998
3646
151
4298
4267
4937
4938
4937
4938
4391
4341
2777
10109
2777
7840
2777
2778
8930
5802
8930
2948
7620
6137
7620
12028
5260
277
2094
1774
1542
1465
1542
1219
7624
6143
7624
3520
7132
7133
11772
10863
6579
3995
6579
3989
7453
5149
7453
6368
906
730
906
574
4169
4102
4639
4508
635
728
635
717
10206
8735
10206
9791
10206
5138
10206
10758
11627
2696
8775
8901
1300
342
9024
4813
9024
4813
3792
9068
11798
10300
9864
8779
9864
12379
9864
4997
4203
9124
4203
11238
4203
4190
8438
6627
8438
3793
1255
1254
11187
11201
11187
9643
4743
11151
3483
3485
3483
9145
3483
10072
3483
9653
3343
3308
3343
12012
2192
1923
2192
1993
5555
11580
6107
3876
1611
1617
1611
1300
2534
2415
2534
5278
2534
10697
2534
2533
10431
4460
10431
5885
8742
11818
8742
10884
6048
6049
9341
8720
9341
5322
9341
8726
9481
5276
10961
11859
771
900
4422
7909
4422
4361
4422
4845
5377
4785
9897
11846
9897
10962
6881
5411
6881
5410
11492
12458
270
155
12077
9602
10299
9423
5407
5347
5407
3622
10950
11904
4014
3977
9370
5327
8151
4789
8151
10193
774
796
774
523
7314
5224
7314
4705
2178
1983
2178
1898
12232
4292
4852
4224
9089
9163
4120
4077
11044
3147
11044
3123
5348
3612
5348
2295
5488
11787
5488
5391
5488
5389
1979
2084
1979
1918
1979
1978
6465
3238
8426
11168
8426
7780
12137
8492
265
20
1219
317
10039
5787
11417
10883
7689
4211
7689
6356
6077
4137
6077
5678
5195
4230
1303
344
10722
5308
4173
12018
4173
6032
4173
4112
11902
26
2118
166
2851
2817
1963
113
1963
2152
10176
5682
10176
9773
10176
10708
10176
5215
10176
11739
10176
5684
8805
9501
8805
12473
2748
2736
2748
2745
6609
3809
6609
5153
7796
4022
7796
4947
2807
9311
2807
9266
8853
90
2433
8759
2433
12442
2433
11967
2433
12434
11321
10727
6563
3963
6563
4902
10158
11299
10158
10698
10158
11726
590
472
590
854
590
468
8681
3190
10542
2712
1484
1511
1484
1518
2484
9295
2484
2480
8200
8201
10174
10199
10174
10199
11283
4134
4307
5134
3879
9195
3879
4955
3879
3877
3622
2299
3622
3609
9925
12456
9925
10371
2528
2522
2528
2526
7007
3605
7007
3630
2683
2664
2683
2670
8081
2950
11957
8833
11957
11507
11957
8836
11957
8832
11957
8840
9159
12011
9631
3619
6948
8634
7794
4044
7794
4009
9780
4284
12084
11999
4248
4230
2350
8867
134
715
425
715
597
4016
10162
4016
3944
4016
10638
4016
10639
5439
2748
5732
9743
5732
5498
2900
2471
7316
11163
7316
5912
10088
11688
10013
9638
7638
12130
7638
3568
12401
9488
12401
12426
9298
9316
5912
4502
1858
1856
2492
2461
8424
4663
8424
5970
6653
4892
6653
6141
7767
5036
7767
5002
11046
3790
11046
4975
10575
11663
9038
2931
11554
2725
6331
10045
6331
4299
2536
2527
3581
3583
3581
3577
10365
11876
10365
9939
10365
10373
10605
11232
10605
8303
10605
11679
1698
1713
1698
1396
11057
3889
11057
6128
8522
10622
8012
5241
8012
4975
5291
8110
5291
2366
4360
4347
4360
9747
4360
8648
4360
9719
919
917
11708
8650
1448
1447
1448
1438
8255
9023
4615
4549
1080
1082
5031
8289
5031
11987
4688
4666
7626
4863
7626
3576
9810
10262
5665
10794
678
112
678
723
12365
12381
12217
3213
12203
3066
3292
3289
8489
8230
8349
4128
10692
10202
10692
10200
10692
11315
994
1194
4277
11313
4277
12303
4277
10218
3909
3853
9026
8145
9026
12100
6977
3439
6977
9761
6977
10199
6977
10174
9866
9889
9866
10328
3032
3024
3032
3037
4523
4415
6320
4530
6320
5133
3863
3862
10204
10736
12312
10930
12312
10345
12312
9338
12312
10933
11976
2401
11976
2399
11976
2393
4539
4422
5172
5323
625
375
2147
2146
2147
2129
1449
1256
1449
1439
1449
1448
9120
8283
7871
7872
6001
6002
11637
9082
11637
9083
11637
8237
6226
3130
6226
3141
8265
9645
12443
12445
2007
2006
2007
2085
2007
1984
2798
5449
2798
2797
10355
12459
11067
4409
11067
4365
7746
6470
7746
3305
7720
5141
7720
3418
6822
11872
7524
6686
7524
8493
7524
10604
1154
1062
1154
1128
1154
938
4370
4315
9014
2669
6679
4563
6679
4533
4089
4085
4089
3181
11475
9469
11442
11835
11382
10849
11382
10894
11382
11408
1574
1694
1574
1353
11234
10141
11234
9693
9856
9864
1828
333
3171
10835
3171
5380
3171
3172
3171
10273
993
1196
10249
10860
11000
12483
11000
9938
3853
9675
3853
9701
3853
8553
3853
3857
3428
10724
3428
11327
3428
11349
3428
9307
3428
10285
3428
10776
12364
11458
12364
11462
12364
12400
12429
10917
11094
8365
5398
8675
9878
9454
5655
4275
5655
11758
9173
3953
7337
5125
7337
4688
2634
2606
10781
11784
3805
3446
5145
5144
5145
11962
3393
3235
1126
963
6238
5879
6238
4477
9169
10660
1774
318
3775
3515
12127
4016
839
848
839
544
12085
10531
9908
9926
9908
11499
9908
2274
8792
5334
4024
6542
7589
8149
7589
3835
9203
4543
9203
9721
6098
9137
3930
3899
3930
7926
9391
2422
589
433
589
586
7230
5771
7230
5767
12222
11365
12222
11731
12222
10238
12222
12013
12222
4896
12222
12355
3201
3203
3201
7881
5423
2549
5423
2555
9847
10353
9847
6845
9847
11497
4481
4486
4481
3134
4341
4291
4341
4336
3436
3437
3436
4938
3436
8704
3436
4937
1173
1187
291
45
6709
6469
6709
12173
11212
9143
1537
1434
1537
1596
1537
1299
11505
11509
11555
2734
11555
2741
11555
4036
9422
9453
9422
8241
7757
6482
7757
3359
6663
7171
6663
3772
81
2005
1901
2005
2003
5515
6860
5515
6861
5515
5406
11979
11847
5202
9223
5202
4147
2145
2123
2145
2144
11793
12356
3742
3725
7901
9013
7901
10033
5971
4582
4793
5467
4793
8218
4793
8066
4793
10768
311
313
2455
2441
2455
2443
6427
6428
2819
2808
2819
2444
5764
3662
12358
9837
12358
8737
1377
1376
1523
1536
1523
1581
6617
5153
6617
5188
7033
5591
7545
8222
7545
8609
7545
8393
11814
10320
8076
12425
8076
8766
3330
3270
8658
8669
989
1018
989
1198
5500
8692
5500
4987
5500
4986
5500
3656
2211
2212
2211
1798
2211
2199
2211
1804
2839
2833
9996
6536
9996
4011
1837
1836
2230
2088
2230
2060
7293
5893
7293
5882
4942
4154
8676
10220
8676
9347
8676
9803
4102
6971
4102
4073
4102
5163
4102
6969
344
81
10860
8817
10860
11934
10860
10970
10860
8772
10860
10361
11943
10849
11943
10894
11943
11408
6170
3538
6170
3554
3993
3978
8058
12206
8058
7534
5797
2509
5797
2911
9569
7565
9569
3994
11409
9860
11409
10877
11409
9547
6511
11939
6511
8561
4975
7617
4975
9147
4975
6134
12287
12300
608
882
3606
5510
602
400
602
600
10051
10052
10051
10052
6521
4899
6521
7137
8943
2740
8943
5561
11363
9363
9603
4559
9603
5938
5124
5072
5124
6873
4730
8512
6874
8736
7572
3992
7572
4051
8139
3751
1915
1912
2413
11719
2413
9737
4468
8615
4468
9183
4468
5645
5419
2529
5419
2536
2941
2930
12182
10166
12182
12221
12182
10168
697
860
697
507
9504
10374
2218
1885
2218
1872
11015
12041
2970
11711
2970
2961
2970
9278
2970
5364
7166
4728
7166
3776
11840
5299
9474
9915
9474
9921
2652
7825
2652
9321
2652
9800
2652
2421
7602
3906
7602
4995
6904
5427
6904
5433
743
606
743
601
743
396
1575
1295
1575
1596
1575
1550
1917
250
3558
3552
11252
9247
296
816
494
816
857
816
578
1012
1215
1006
1079
9573
6537
9573
4052
10459
3072
10459
3128
11379
9374
11379
11415
4045
4042
5005
4193
3064
5459
3064
3028
3064
10136
3064
11683
3576
3492
6119
3851
10285
11429
12310
11333
10768
5468
585
448
585
583
200
174
6682
4367
6682
7961
8706
8713
8706
8713
4072
3203
4072
4067
10923
9529
6141
6142
1332
1613
9095
9687
12468
9539
12468
2376
12468
8802
12468
10360
4651
4630
806
719
806
816
3237
3240
3237
3184
1835
1834
12435
9440
12435
10902
12435
11830
1792
1791
1684
1631
1684
1417
8106
8087
8106
4366
8106
5037
8106
4123
8106
3901
8106
2997
8106
3125
8106
5947
8106
5894
8106
2982
8106
4616
8106
5678
8106
5070
8106
3013
8106
2925
8106
4844
8106
5085
8106
4823
8106
4017
8106
7565
8106
4962
8106
3044
8106
5137
8106
3810
8106
3994
8106
4446
8106
3789
8106
5030
8106
3964
8106
2495
8106
4091
8106
10037
10637
4601
1346
1345
195
222
1392
1391
7695
6404
7695
7995
5189
9314
5189
4263
9235
3437
9235
10689
9235
12336
9235
12310
11725
5361
11725
5361
1520
1620
1520
41
3097
3053
11651
2631
5611
2813
7178
8565
7178
10089
7178
9167
10469
3324
10469
3331
937
1214
937
1201
10050
10588
6035
4232
11262
3670
4506
4472
4506
8408
518
250
664
61
7421
5999
7421
6352
11568
7537
11568
3356
3054
3006
3054
10116
30
10503
4662
10503
8311
2960
2940
2960
8686
7156
10164
2406
10640
6295
4312
8472
8079
10939
9487
10939
9491
4828
11926
4828
8818
4828
11858
3568
3491
7886
5504
7886
6995
25
15
8604
3738
9944
2353
2662
2628
2662
10539
1796
1793
9319
5053
7084
3159
5527
2596
5527
2583
10776
5480
3674
3672
3674
3664
1461
1457
1461
1244
1467
1465
1467
1220
11724
11317
11724
11317
6791
3988
6791
4008
10122
10131
8385
3846
8445
9012
8445
6490
8445
9626
8445
10043
8445
4859
8445
10036
8445
10038
8445
4684
8445
5162
8445
4474
7517
9109
12100
4973
12100
4969
12100
5051
12100
5736
12100
8336
12100
5222
12100
4049
12100
6588
12100
9078
12100
4906
12100
12155
12100
3804
12100
6148
12100
6139
12100
3998
12100
6993
12100
5725
12100
9061
12100
3567
12100
4247
12100
3666
12100
4008
12100
3378
12100
5220
12100
4700
12100
4370
12100
3775
12100
5764
12100
7178
4600
4554
4600
10167
7392
9079
7392
4392
10841
10296
10758
8735
10758
8735
4661
4619
4131
4127
4131
8569
3186
3177
3186
3176
6990
3702
2302
2301
1556
1745
4290
11285
4290
6961
4290
6960
4290
6959
4650
4630
4816
4353
8123
5386
8123
4716
8123
5387
10870
11997
8068
8719
6160
3545
8737
11993
8737
10892
2915
2916
2915
2486
1602
1740
716
436
716
440
716
594
1675
1330
1675
1702
11888
11897
11888
9534
9787
11345
9787
10267
9787
9387
9787
11348
9787
11798
4836
4156
5754
3692
8917
5802
8917
2893
8668
10212
2735
2720
2735
9736
10806
10283
3704
3700
11815
10936
5986
4294
1444
1277
1444
1711
289
67
2457
2447
2457
2446
8574
3024
5335
11848
5335
10950
473
238
2823
9215
2823
2445
2823
12334
4458
3157
7147
3468
1665
1696
1665
1393
8215
4296
11931
3353
11931
3275
8502
8521
825
522
825
849
825
843
79
3882
10666
3882
12205
3882
11709
3882
3878
3882
9259
3882
11708
7029
5579
7029
2848
9559
5607
9559
5612
533
527
533
531
10473
3871
10473
5008
487
486
922
921
11353
5255
7208
8259
7208
3709
8821
5293
8821
9524
8821
2274
3416
3239
4476
3132
10061
9700
10061
9095
309
310
661
734
661
694
8751
10879
8751
11450
7989
4211
7989
5234
10836
9452
10836
9429
10836
9471
10836
11424
10836
10297
6287
9081
6287
5051
10143
11705
10254
10832
2905
2481
2905
2902
8848
2289
8848
11917
8848
2282
1091
1191
1091
973
4806
7847
1775
301
4146
8710
12167
9191
12167
9182
12415
9905
2160
2149
3250
8637
3250
10133
3250
11271
3250
3215
12262
9319
12262
9319
9279
9297
8907
5139
2753
2716
7065
2974
10650
12239
10650
12182
1077
921
10816
11996
3714
9250
3714
3579
7477
3230
12096
9019
2131
261
9352
12346
9352
12346
16
4870
6428
3530
3517
3530
3547
8364
10380
8364
12494
8205
5741
8205
6158
8205
8207
8205
6536
8205
12101
8512
4584
12517
8869
2357
6814
2357
6816
2357
11884
2357
6815
1443
1734
5824
2950
5353
8387
5353
10307
7218
3707
7218
5756
11335
10231
2144
2122
2144
1968
5571
2783
3406
12236
3406
3413
3898
8146
3898
3893
9196
9216
6783
10535
6783
5086
1956
2120
2004
2003
2004
1899
2004
1983
8397
9463
834
862
834
860
834
504
2842
9664
2842
5601
9795
9331
10513
11166
10513
11639
5601
9668
10828
10833
4516
4519
4516
4402
665
213
6053
5672
6053
6094
4939
4262
8030
3768
8030
7176
3376
3372
11645
2937
5262
76
1440
1439
1440
1255
8614
8185
7924
4095
1150
972
1150
1127
2506
2498
8175
10343
8175
7836
8175
10337
3358
3282
8630
4067
1968
2121
1968
1967
7507
4122
7507
5059
12099
8263
12099
8267
12099
8264
12099
11177
12099
10029
10425
4391
10425
4430
4758
9252
4758
9252
8142
3445
2113
2150
2113
2259
10600
10614
4841
11926
4841
4868
4841
6825
9263
4789
9263
5460
8877
197
9309
9320
10661
5122
792
433
792
418
792
423
792
449
792
482
4776
3212
1777
1776
3261
3264
3261
3226
4157
4151
4157
5202
7448
8327
7448
8381
7388
5980
7388
4575
5889
4644
5889
9042
2875
2871
12324
5376
12324
8755
2224
1954
2224
1967
4194
4191
4194
9678
4194
11676
4194
8245
11644
4814
5252
4416
6914
5558
6914
5434
7612
3837
7612
6131
8922
6624
11005
107
3368
4853
3368
4978
3368
4817
3368
4818
7281
4492
7281
4465
1989
2217
1989
1988
5379
4877
9899
8799
3981
3929
3981
3984
2161
2116
2161
2117
2936
2890
2936
2935
11839
11494
11839
11498
11839
8812
7140
9098
6471
3244
6471
3368
6734
3361
6734
3411
6109
8089
6109
8088
6109
8090
5015
10856
6063
6064
6128
3842
2130
263
348
39
3800
3432
3800
3801
4637
4503
985
926
3251
3254
3251
3215
4167
4101
6698
4068
6698
5090
12325
10890
12325
12351
12325
10268
12309
2432
12309
8705
12309
5357
584
583
1926
255
11189
6494
8716
8790
8716
7832
8716
4786
8750
9451
8750
9873
8750
9874
8750
9466
8750
9876
4923
3846
9253
9276
9144
6972
2779
2780
2779
2768
5785
2881
5785
2829
4768
2697
4768
9022
4768
2771
4768
2723
4768
3336
4768
8402
4768
2704
4768
5802
4768
2493
4768
6550
4768
2853
4768
5973
4768
2792
4768
5820
4768
3861
4768
5033
4768
4679
4768
5065
4768
12164
4768
2752
4768
4706
4768
2948
4768
4461
4768
4377
4768
4488
4768
2876
4768
2760
4768
2893
4768
4958
4768
4427
4768
3130
4768
5643
4768
2812
4768
4966
4768
2795
4768
5589
4768
5924
4768
3348
4768
4084
4768
5595
4768
6462
4768
4333
4768
4214
4768
3946
4768
3141
4768
5141
4768
7905
4768
3364
4768
4665
4768
2827
4768
9018
4768
3424
4768
8999
4768
3418
4768
4838
4768
4257
4768
4529
4768
3966
4768
4984
4768
3040
4768
6413
4768
4144
4768
4639
4768
4248
4768
9014
4768
7477
4768
5586
10651
9731
6577
8087
6577
3994
4430
4379
147
8116
2310
8116
9518
8116
11864
2928
2478
2928
11623
9525
8849
7055
5635
7055
2989
131
6607
3833
6607
4985
1693
1714
11500
10973
11500
12000
2763
2765
2763
2749
4860
10607
4860
8578
8354
11513
8354
12478
8354
6822
2809
2496
172
9362
11810
9362
8760
9362
10833
9362
11407
9362
11398
10942
10376
1524
1538
1524
1537
11758
11377
12306
8221
581
874
581
480
6136
3454
6548
9054
6548
5211
8761
9901
10264
9843
4112
4111
4112
11287
988
1199
988
1034
12414
12444
12414
10327
10730
10742
10037
12238
10037
10585
9613
2777
6501
7549
6501
5014
3085
3058
2280
2279
11419
11824
6079
8498
6079
6976
7687
4210
7687
11190
1651
1670
1651
1630
3616
5350
3616
2272
10975
11883
10297
12364
10297
12364
1159
1179
1159
1078
5409
3618
9514
2328
11836
12457
5363
9363
11124
4920
11124
3999
2513
2512
2513
2428
9087
9102
2254
2153
12440
10340
12440
2307
12440
8175
9667
10094
9918
9510
9918
10368
9918
8822
9918
8825
756
911
6394
4239
6394
4253
9213
9229
9213
5465
9213
9269
11423
10893
11423
9861
11423
10895
8788
10992
1570
1619
1570
1702
1570
1327
899
908
899
711
6082
7879
6082
7919
7827
2354
7827
9944
9738
5707
9738
9292
9738
11741
9738
12275
3211
5703
3211
9302
3211
10755
3211
11937
3211
12005
3211
10232
2263
6831
1679
1331
1679
1705
1679
1702
1658
1688
1658
1687
4328
4289
7680
4922
7680
8168
7731
6463
7731
8356
9125
3019
9694
9233
9694
9252
9694
9723
9694
9772
9694
8676
9694
4758
6367
4956
6367
7101
8974
5596
8974
2878
6719
3373
6719
5123
10793
12407
3470
3466
3470
11299
3470
10698
3470
11726
11202
5726
3049
3043
11515
9938
11515
11956
11515
2333
5586
2831
1335
1334
12393
10275
6843
2381
6843
6842
6843
11001
9080
9105
9080
9089
11980
8702
11980
11342
11980
11972
11980
5341
5505
3636
1891
1890
5212
9651
5212
10078
5212
9652
621
551
2355
8835
3127
3082
11533
2578
11533
12207
11533
5169
7911
7912
8332
8000
9959
7430
9959
4176
962
1217
8284
9929
8284
10373
9383
8759
9383
12442
9443
9445
9443
9451
9443
3247
11528
5154
11528
3701
11528
10561
5067
4099
1711
1719
1711
1437
9110
12019
2782
2778
2782
2773
5475
9759
5475
9790
5475
10197
558
671
624
407
800
818
800
842
6011
4356
6011
4330
3381
3327
3441
3439
3441
3438
3723
3699
9004
11167
4336
10658
4336
10139
4336
11250
4336
5189
9544
5316
9544
2388
9544
12497
7268
5835
7268
3015
11172
12183
11172
11643
11172
4813
11172
10051
10539
2645
3968
6524
3968
8097
9726
2303
9726
9345
7710
8006
7710
7476
10333
8352
10333
8383
10333
10348
10333
11490
10333
9896
10333
9906
12503
9939
12503
2330
12503
5273
12503
9541
12503
2327
12503
5275
12503
2328
12503
2329
2560
2554
2560
2542
6752
4899
6752
8333
3835
3800
5094
3235
11398
8760
11398
8760
11764
12327
12191
3022
11145
2424
11145
11158
1573
1601
1573
1614
1573
1335
2102
1908
8229
8473
8229
8477
8229
11614
4781
2268
5927
4624
367
366
4493
4485
5749
3713
5442
2747
5382
12466
5382
12467
3815
3436
3815
9235
6590
3841
5234
5666
5234
6966
5234
8530
10496
8989
10496
8998
10496
9597
7351
11647
7351
5980
393
392
5000
12406
5633
2898
5633
2926
1615
1317
8002
4979
8002
7431
2691
2687
2086
1869
5872
3150
5872
3129
3958
3883
3958
12222
5629
4913
5629
2927
8093
2951
337
210
7258
3039
7258
3088
2570
2560
11031
3550
11031
4872
6486
3383
6346
4209
10615
11702
711
750
711
557
8233
5088
8233
4573
8233
4068
8233
12037
8233
5916
8233
4229
8233
7530
8233
8135
8233
3422
8233
9054
8233
4635
8233
4044
8233
9015
8233
3350
8233
3937
8233
4681
8233
8149
8233
5930
8233
9048
8233
4367
8233
5036
8233
4433
8233
3533
8233
6125
8233
3297
8233
7093
8233
6426
8233
6597
8233
5104
8233
5106
8233
3864
8233
5002
8233
6353
8233
4499
8233
5191
8233
5984
8233
3742
8233
3558
8233
5067
8233
3835
1758
1552
1758
1762
3976
10108
3976
10618
3976
10608
3976
6114
1898
1897
4605
4541
8693
12362
8693
12362
5057
9137
5057
10148
7276
3140
7276
12114
11871
57
9973
7087
9973
9625
11291
5660
918
1203
820
844
820
542
799
892
799
669
3643
3590
3643
5501
12431
12450
12431
11502
1834
1833
10329
9894
4692
4590
8890
194
138
10523
2843
10523
5585
1943
1942
9820
12328
9646
10083
3288
9220
3288
10129
3739
5734
3739
3720
476
239
7361
6274
7361
8491
11765
12358
1480
1446
1480
1553
1890
1889
6762
3945
6762
3962
10688
6856
10214
10322
10214
9866
6310
4434
6310
6284
3919
12265
3919
11700
3919
3915
3919
11260
5845
12184
5845
12213
9840
10310
9840
12402
7199
5739
7199
3718
4317
4314
4317
4281
129
7017
5559
7017
2756
852
663
11541
2623
7945
5771
7945
6996
1417
1492
1483
1544
1483
1517
1659
1593
1659
1689
3
234
3
321
3
293
3
231
3
238
3
170
3
301
3
286
3
168
3
243
3
240
3
235
3
167
3
113
3
315
3
245
3
250
3
233
3
169
3
312
3
82
3
298
3
248
3
237
3
42
3
244
3
295
3
68
3
241
3
239
3
117
3
318
3
304
3
166
3
263
3
327
3
255
3
288
3
331
3
329
3
271
3
232
3
335
3
236
3
269
3
252
3
267
3
254
3
290
3
273
3
259
3
261
3
246
3
333
3
48
3
257
3
242
3
324
3
307
3
341
3
339
3
265
3
309
3
337
2384
2383
6280
8103
3593
3586
3593
5343
3593
8649
3593
5344
9657
10108
7350
5935
7350
4664
7490
7997
7490
6069
5684
5685
2296
292
4542
9862
4542
9886
4542
9361
4542
11424
4542
12364
4542
10297
2450
12381
2450
8677
2450
5172
9596
2408
9596
10538
5283
11770
8543
8254
8543
8254
10003
12186
10003
2790
915
1215
10092
11247
4221
4204
12482
10378
12482
9535
11618
2766
6921
11661
6921
5439
714
415
714
858
714
410
9334
9355
4006
3915
4006
3932
4575
4517
9282
5457
1226
1225
9969
5981
9969
4811
7306
5916
7306
4681
5046
4027
10232
10784
10444
2904
10444
5620
10384
4480
6635
3474
6635
3500
6357
4357
6357
4334
12476
11496
12476
5296
12476
7842
2541
2415
2541
2417
2541
5278
2541
2552
11439
9880
11439
10901
11439
10329
11801
5355
7972
8320
7972
4942
2392
12510
5902
4593
1914
1913
3460
3458
1252
297
