200
280
89
280
1763
1914
3158
1914
2091
2694
3562
3634
4899
2110
3195
2886
648
425
3660
1268
1272
1268
4623
4532
4593
4532
1098
1778
1216
4772
983
2882
1171
1359
3477
2449
2164
4547
3649
2807
4819
4751
1882
2432
2435
2432
3088
2432
3341
2257
3857
4827
726
3131
2120
3131
3122
1728
2440
1728
1833
2655
4618
2655
3940
2436
2504
2436
2605
2723
3184
910
3798
910
118
288
1914
1908
2268
2553
2659
2553
1158
1281
4021
4424
3262
4424
4086
1771
3323
2103
2991
4488
2682
4488
2877
2625
3743
3628
984
730
4334
1147
4433
1147
4140
1396
4971
1396
3290
1396
3391
2688
3517
2688
2088
2688
2826
2812
1937
1784
1936
1784
2051
4054
1465
4054
3743
4723
1235
1274
4511
1274
3291
1274
3717
3249
4464
4390
3282
1319
4861
1319
4781
1319
2187
4805
1608
1392
1498
2816
3538
2816
4705
4069
4728
4069
338
95
75
95
78
95
358
95
46
95
256
95
74
95
77
95
236
161
205
161
248
345
427
383
394
383
643
452
3283
997
2889
739
1155
5018
1782
5018
4988
3956
3395
3956
2130
2026
3774
2026
4601
3799
2490
3799
779
780
4580
3457
4777
1527
3878
1845
4371
4158
2665
4158
4420
4158
2406
4158
2450
4158
4262
4158
4042
1734
2440
1734
1563
1734
4483
4303
4372
4303
2674
3843
4599
3843
3735
3952
3925
903
4574
903
4641
903
20
369
2022
742
3432
4065
3432
1422
973
1419
973
2528
973
2716
1327
3835
3257
3833
3257
1352
4851
3585
4851
4928
4851
4138
4695
2608
4695
3430
4695
1093
2131
1598
4927
2224
219
2462
219
2305
219
1791
219
3904
1588
3364
1588
3703
1588
3588
1725
1609
3655
4937
3655
1890
3436
611
417
4196
4178
2461
4178
879
4178
875
4178
1062
4178
882
4178
2638
4178
4423
4178
4387
4178
3841
4178
4386
4178
3871
4178
3969
4178
3380
4178
4887
1139
3362
1139
2867
1139
2109
1139
2512
1139
2635
700
887
700
4161
700
2220
700
2909
700
2042
700
4973
1180
861
1653
1167
1653
4431
3723
3905
3723
4305
3723
2796
3723
3597
3723
2939
3723
2786
3723
2690
4137
4382
4137
616
617
511
617
2153
2634
2607
3110
1131
1370
1767
1370
3535
1370
1861
3886
1851
3886
3772
3694
1670
1481
2723
989
2723
989
4890
4872
2680
1474
3328
1474
3958
1474
4687
4156
2391
4156
2539
4156
3937
4156
3233
4156
1937
4156
2052
4156
1438
4156
2957
4156
3806
4156
2375
4156
1943
4156
2310
4156
2211
4156
1936
4156
2892
4156
3676
4156
3565
4156
1267
4156
3707
4156
3708
4156
995
4156
2941
4156
2460
4156
2933
4156
2213
4156
3980
4156
909
4156
1276
4156
2035
4156
2232
4156
2567
4156
3818
3449
2611
3449
3450
3449
1337
1519
4064
1519
1855
1519
1145
1519
3806
3807
4573
4431
4608
4431
1007
4431
850
931
1541
3882
4833
3882
1170
3882
3188
747
1417
747
701
463
4031
4210
772
4210
1958
4210
766
4210
593
447
585
447
3750
4440
3029
4440
2258
4440
4408
2799
2692
2799
1224
2457
3333
2457
4119
1367
1109
711
1097
5008
2079
2956
4077
2956
381
580
1602
1594
4933
1594
1175
1594
2587
4338
3221
4338
3416
4519
4136
4297
916
4297
1512
4297
4424
2952
2064
2952
550
663
470
663
1717
2843
1625
1623
3650
1623
4346
3553
2678
966
3788
966
4065
1105
3949
3688
3400
3812
3684
3812
3277
3812
2604
3103
1780
3625
3361
1555
3730
1555
3192
2628
1482
962
4577
962
3906
962
3882
2249
1708
2249
1379
1091
3169
4996
1600
4996
5003
4996
98
165
634
476
3631
4905
1122
1468
3548
1468
4474
1468
789
1468
1483
1468
942
1468
4932
3816
1738
3816
3601
5011
979
5011
1033
5011
3600
5011
3799
1067
1628
4987
2889
4987
2764
3445
3444
3445
4020
3445
1329
4830
4141
4470
844
1443
842
1443
1986
1979
3349
1979
3973
1940
1803
1940
3281
3830
2814
3830
347
340
256
340
2957
4199
909
4199
4732
4667
4374
4257
4137
1194
2799
1194
3830
1194
4629
1194
794
1194
3245
1194
1110
1194
1136
1194
4258
1194
2783
1194
4495
1194
4165
1194
4371
1194
2785
1194
1027
1194
4566
1194
3720
1194
2795
1194
4251
1194
2792
1194
2791
1194
4314
1194
3509
1194
4326
1194
2789
1194
4351
1194
4044
1194
964
1194
4009
1194
3967
4368
4493
4368
3952
3951
4690
3951
3928
3927
1368
2021
4068
2021
3113
1857
1587
1857
2872
1857
1911
1857
28
241
639
600
1137
4321
4383
4321
3226
3225
1579
3225
1640
1155
901
1155
2660
2228
977
2228
1158
1282
2437
3403
1617
1772
4034
1772
4897
4883
4896
3680
1644
2868
4998
1405
4100
1405
2362
3153
2024
3153
4373
1223
4610
1223
3235
2811
3017
3639
214
212
969
4629
4658
4629
1705
4701
3981
944
3615
1776
5023
1776
2501
3508
3900
1286
723
1286
1507
4004
161
145
315
145
2748
1391
734
1391
736
1391
4021
2314
4730
2314
3050
2314
2228
1015
4689
1015
3377
2431
2096
4655
3080
4655
1311
4655
4515
4466
3805
4466
4481
2245
2124
4891
1587
4891
2872
4891
409
701
2415
4265
2675
4265
1359
3132
3866
3132
1757
3132
3218
1580
2616
1580
3768
1580
2620
1763
2523
1763
5003
1763
1336
1539
3140
1539
3775
1539
2868
3136
922
3136
3665
3136
344
228
229
228
108
228
253
228
46
228
55
228
3693
1188
4588
1188
4069
3765
1816
3765
2169
3765
2079
3765
1238
3765
4077
3765
2073
3765
4559
3765
1287
3765
772
3765
2074
3765
4630
3765
1239
3765
1294
3765
2072
3765
2078
3765
4041
3765
1138
3765
766
3765
1054
3765
2242
3765
1815
3765
4771
3765
4667
2647
762
1070
3630
3410
4824
3410
4653
2234
3241
2234
409
454
4368
2919
4427
2919
3356
4763
3894
4763
4797
4763
3171
2874
170
182
4778
3998
941
3998
4312
4196
1024
4196
3624
3514
1974
3514
3049
3514
2558
938
2529
2881
2936
2308
3648
4842
4145
4842
3469
4842
511
375
4791
1547
4837
4783
2427
1096
270
217
4551
4448
4568
4448
1726
4448
2391
2225
2232
2225
1274
3228
1474
3228
932
3228
4312
3228
1132
3228
806
3228
915
3228
1137
3228
3825
3228
1026
3228
881
3228
1071
3228
1116
3228
1477
3228
1161
3228
1197
3228
965
3228
3320
3228
4606
3228
826
3228
4684
3228
4383
3228
3511
3228
1134
3228
657
690
832
2403
2651
2639
2652
2639
2556
2639
3936
3811
3810
3811
2484
2680
1752
3868
1985
4120
3398
2153
4549
3004
1234
4039
4288
961
2152
961
4926
2508
2518
2508
1033
1092
1094
1092
3892
3314
3279
4350
2853
4094
3613
4094
3993
4094
4546
4285
2463
4285
2513
4930
717
5021
1630
5021
1491
4486
4512
4486
1401
2445
1139
2830
3084
2830
1041
2830
679
677
389
677
573
677
375
403
404
403
616
403
1075
712
2316
788
3931
716
4539
2951
1080
2951
968
2927
972
2927
1671
4615
598
596
692
530
649
530
2062
2410
2332
2410
4947
3234
1395
3234
1118
3234
4108
1849
3586
1849
3756
1849
3415
3919
5031
3919
2162
936
4036
4863
1768
4863
1304
3874
1303
1482
769
2514
2617
2514
4670
4577
750
755
3496
1059
3663
1790
1020
1790
3635
2998
3007
2998
4625
2998
4301
823
3436
4742
4776
4742
3532
4742
2090
1486
9
60
260
60
168
60
996
3881
1453
3881
1543
1987
816
932
4780
3308
1859
3308
3592
3308
1200
4334
2265
4334
4490
4334
3634
3431
2006
3431
4527
4416
3484
4416
2215
1243
1207
794
969
794
1208
2132
115
298
194
298
6
25
4221
3245
1102
3245
2835
4622
4643
4622
4834
4622
1564
4791
191
190
152
190
150
190
2648
3647
4213
3647
857
2765
2296
2136
851
4687
4499
2139
1063
2653
4266
2653
415
451
2092
2180
4736
2588
4703
3728
4652
3728
1699
4498
4747
4498
3033
4498
987
2725
4123
250
2894
250
2893
250
4000
4400
933
4400
3956
1131
2985
2327
4041
2327
3878
4795
4906
2519
4091
2474
2225
3359
4281
3359
2233
3359
2550
3359
1942
3359
4170
3359
3454
3359
3520
3359
3476
3359
4398
3359
3786
3778
1215
3268
3194
4060
2449
2370
1648
2370
2542
2370
2384
2370
2767
2370
2535
2370
1641
1634
3224
2481
4688
2481
3789
2481
1196
2481
1776
3914
1423
3914
570
505
510
505
2599
4293
1824
1952
2672
1952
2477
1952
1712
4022
3873
1843
2007
1843
4141
4133
1182
4611
2913
158
1240
158
4151
158
4183
158
1867
3734
260
353
780
905
2481
4562
3510
2594
2099
2594
2691
3845
1228
1799
1944
1799
1496
1799
1672
1799
2253
1799
4707
1799
289
279
169
279
3860
3527
3825
1457
1161
1457
1137
4281
826
4281
2367
3188
4998
745
4998
1933
4998
2819
1956
4027
4026
3593
1029
1174
1029
2044
891
4436
891
418
696
1928
4076
4075
4076
755
2468
751
2468
3363
3392
2350
3392
4112
3392
3204
3319
3203
3319
2780
1249
3164
4923
3275
3274
2415
3784
4734
2091
3448
2091
2101
2091
1381
3147
1377
3147
3159
3147
1403
3396
466
386
601
386
784
2555
3502
2555
1427
1628
3419
3771
4216
3281
4848
2105
2669
3908
4168
3908
4110
3908
4237
3908
781
2623
1391
1037
1394
1037
2006
1882
3671
2359
1172
4149
4089
4149
2558
1449
1856
3519
4446
1807
3254
3474
4796
3474
3744
3474
3462
2268
2708
2268
4531
2268
154
13
2380
4174
923
4174
3107
4672
3815
4672
4750
4672
4259
2778
4260
2778
3081
1694
3557
3481
2277
3481
3325
3370
4858
3370
1994
3370
1737
1886
2688
1110
1135
1110
846
2914
4675
4108
4091
4307
4380
4307
689
435
389
435
83
204
4779
1723
4020
3653
3607
3180
4994
3180
4668
4582
4949
3139
631
466
3961
2728
1436
3742
3725
3674
3725
852
1655
1001
3588
1346
3588
3786
4727
974
975
1428
975
4352
4312
2874
4895
4128
4651
4002
4651
4783
3327
3594
3327
2491
3327
834
1257
716
1432
4615
4261
2970
4261
371
174
361
174
88
174
4032
3468
775
1816
1707
4705
3622
4080
3757
4080
2940
2392
1963
2392
2960
2392
2974
2784
2986
2784
2060
2784
2282
3091
3292
3091
4885
3091
2070
2319
1817
2319
1866
2274
2860
4823
1760
3555
3625
1625
5010
1625
3908
1103
314
85
199
85
3645
1812
2663
2396
2175
2396
3883
2147
1724
1688
1727
1688
4097
1688
3269
2281
4813
2281
1740
3105
4677
2908
2946
2908
3514
3623
4823
1553
3114
1553
3120
1553
2428
2771
80
123
3212
3022
1082
3022
4881
3022
4789
3022
4093
3022
2738
3022
4724
3594
4777
2845
1148
4526
1750
2734
4888
2734
2863
2734
628
473
533
473
4407
4325
4000
4325
248
346
5021
3367
710
3367
1094
3367
714
3367
1856
3026
5027
2527
1844
4543
3392
3391
410
558
605
558
603
558
303
238
62
238
225
238
4648
3286
2119
2004
1342
2004
3124
2004
417
691
2335
3776
831
3776
3824
1508
4849
1508
3324
2092
2007
2092
1895
2092
3408
4384
2239
4384
3409
4384
4925
4901
3681
4901
830
834
832
834
4653
4636
1210
1639
1114
1153
1348
3223
1876
1680
4115
3405
3239
3405
1279
2547
4102
2547
1571
3772
4844
3772
3552
3772
1881
4683
1177
4683
3544
4683
576
390
614
390
470
390
1981
2096
1408
1403
3163
3155
3157
3155
3161
3155
3234
1225
3234
1225
2195
3282
223
307
1413
1927
1613
1927
3058
4021
3466
3857
1577
3857
3470
3857
4752
1951
4057
3194
632
409
3113
4867
896
3418
4206
1263
4206
1569
3940
2612
3940
1567
3940
4549
1830
1076
3979
1853
4573
3280
1000
1861
3443
3862
3443
3513
3443
3751
3443
1826
3443
1538
3443
551
520
3977
892
4562
1445
3845
1445
4310
1445
4633
1445
817
1445
4463
1445
1256
1445
4447
1445
1252
1445
889
1445
1129
1445
3344
1445
970
1445
4555
1445
940
1445
4587
1445
914
1445
4469
1445
4406
1445
1219
1445
899
1445
3568
1445
1254
1445
4550
1445
3283
1445
1156
1445
3418
1445
854
1445
3198
1445
1263
1445
934
1445
3782
1445
4336
1445
1236
1445
3447
3067
2715
3067
1191
3067
3738
4144
4014
4642
3312
4642
4848
2486
4659
2987
3018
2987
962
828
2549
828
3946
1514
1147
4189
1113
4189
4504
4189
1025
4189
3854
4189
1106
4189
4262
4189
2184
4514
3490
4514
3405
1998
4129
1998
3550
1998
45
231
750
2790
1959
2059
4548
2059
2413
2059
3545
2059
2971
2059
4067
4435
808
4435
1126
2849
4515
2482
2881
4990
1618
4990
2879
4990
3242
1410
2710
3070
347
339
4057
3188
4992
1765
3298
1765
2253
4787
1135
1136
3472
1136
3875
3763
1734
3539
4818
3580
1160
1132
2682
1013
4116
1013
3055
4459
3525
4691
3350
4691
3362
4855
931
859
1253
859
467
439
482
439
398
439
618
439
76
200
72
304
1291
2243
1739
2194
1739
2194
1202
351
1451
351
1519
3021
2868
2857
3665
2857
3665
2857
2737
2857
4803
4767
2443
2336
2979
4739
2940
2300
4479
4125
4479
1934
5001
2336
2067
3262
4730
2986
2391
2247
2391
730
5033
2443
5033
2103
1314
1320
1314
760
2776
768
2776
3243
3092
4849
4801
131
314
530
593
558
593
4278
4046
3794
4046
2399
4046
2557
4046
2935
4046
2815
4046
936
867
2458
867
732
4965
2364
4965
2024
4965
3153
2286
4975
2286
700
698
2228
2223
2234
2223
1014
2223
2654
2223
2648
2223
1275
2223
2397
2223
4540
2223
4365
2223
4522
2223
4213
2223
1164
2223
2646
2223
2642
2223
4499
2223
2643
2223
930
2223
4478
2223
4444
2223
4394
2223
813
2223
955
2223
2229
2223
4689
2223
2151
2223
1020
2223
2231
2223
1278
2223
4176
2223
3710
2223
1817
2405
4492
2405
1882
1868
3564
1868
2435
1868
2129
4992
2877
4992
3389
1811
3037
1811
1975
1811
3452
2155
3896
2155
3893
2155
2021
2282
4809
1228
408
406
648
406
1443
3547
3830
3547
2473
3547
4249
3547
1244
3547
2389
3547
1057
3547
2374
3547
4456
3547
2208
3547
1214
3547
1248
3547
1023
3547
2918
3547
4183
3547
2540
3547
4401
3547
2566
2772
4042
3096
1344
3096
2603
3096
251
35
335
35
36
35
2512
4887
2512
4887
3074
2188
1445
1647
2929
870
3027
870
2179
2580
2393
2763
843
2539
2455
1245
4125
1245
1706
4755
1846
4755
4289
4218
4410
4218
924
4409
1271
4409
2356
3243
2112
3243
3116
3243
708
1431
269
270
3817
4104
4743
4104
3090
4104
2711
1308
3942
1308
4857
1308
270
216
4451
4364
924
4364
4002
1881
1158
3987
894
753
2699
3486
1565
3790
3803
3790
4806
3790
1338
3059
3756
3059
921
825
960
825
1507
4253
3724
3482
1896
3482
3888
3482
1505
4663
201
317
320
317
1996
1874
4646
1874
486
485
487
485
464
485
645
485
675
485
3162
1919
1759
3849
1515
1234
4594
1234
1839
1234
1976
2070
3023
2070
1705
2070
451
449
451
449
673
449
682
449
4547
3461
1280
3461
4779
2421
4822
2421
4066
2421
1729
2421
1341
2421
3760
1866
3766
1866
3106
1866
3170
1602
2444
1545
3238
2839
4467
3791
4467
3264
4043
388
436
448
436
541
436
575
490
1563
3122
4545
1052
2573
1052
1889
1862
3108
1862
2850
1862
2365
1606
3441
1606
2413
2379
4233
2379
2270
2340
2729
2193
2353
2193
4103
5007
5023
5007
3802
4779
4789
4779
3296
3126
3318
3126
2740
3126
4093
3126
2738
3126
1030
1056
1458
1056
2500
4670
4748
4670
4712
4670
2405
2758
879
2758
4428
2758
2313
2758
3479
2758
967
2758
1650
2758
1199
2758
863
2758
4226
2758
2568
2758
4092
2758
2533
2758
4314
2758
4191
2758
4236
2758
3285
2758
521
518
3305
2991
2174
2991
4514
2224
2070
2224
2817
2169
1824
2169
2180
4310
4413
4310
4391
4310
3061
4501
1309
4501
1180
3717
4144
3717
1390
3717
704
703
2584
2929
4644
2929
721
3005
1991
1313
4682
1313
2104
4580
3848
3160
2709
748
4518
4197
2662
4197
3242
3315
635
465
3634
2438
2429
2261
1139
795
4043
795
3083
795
1316
795
357
349
1188
3820
2647
3820
1195
3820
897
3820
4361
3820
4309
3820
3945
3820
1176
3820
1212
3820
4184
3820
1199
3820
829
3820
1460
3820
822
3820
1187
3820
4398
3820
1085
3244
1754
1750
3780
4859
2717
4666
2719
4666
2276
4666
3387
1889
4396
4082
1497
4455
2170
4455
1105
1617
741
1617
4999
1617
3287
4256
1142
4256
2084
4256
288
283
203
283
14
283
4972
3177
130
308
1799
2764
1527
801
1987
801
2845
801
3707
2031
2213
2031
4033
3937
3919
3741
906
2709
2012
3387
3388
3387
4645
1873
2382
2218
2383
2218
3236
3235
1330
3235
3213
1233
1920
4914
1091
3875
1582
3875
4956
3875
4708
3706
719
3706
4699
4608
3156
2515
1333
754
2854
754
3118
754
5004
754
2074
4278
3214
1300
504
548
1593
3702
4916
3702
1407
1609
3804
1609
3621
3224
4694
1154
1525
1154
1436
3169
4480
4402
3611
4402
1301
4402
249
251
1758
1897
1453
3991
4001
3991
1618
1404
3467
1404
1619
1404
4756
2717
3558
3929
2015
3929
792
926
330
318
116
318
450
423
556
423
410
423
945
3993
4576
2160
4203
4305
4203
4396
4005
3905
2160
263
341
220
206
4613
1500
3776
833
830
833
2671
4258
1140
4258
2408
2315
3929
2003
4129
2003
2713
4648
2189
4648
3605
4648
1152
922
5033
3421
3316
3421
4580
1008
990
1351
4655
3444
2987
3444
2991
3444
801
3444
2992
3444
4483
3444
968
3444
2677
3444
1146
3444
4410
3444
2678
3444
4595
3444
3788
3444
2682
3444
4458
3444
2674
3444
1157
3444
4116
3444
4248
3444
2675
3444
1662
3444
4609
3444
1046
3444
2689
3444
1064
3444
4599
3444
1198
3444
4372
3444
4294
3444
972
3444
1290
3444
3577
2461
4467
4417
4859
1201
1897
1201
1571
1201
4811
1201
3767
1201
4865
1201
2020
2122
2345
2238
3608
2238
1836
2238
552
506
208
135
337
135
4058
3193
3542
3340
3066
3340
3069
3340
1550
3379
943
4633
3727
4633
1471
4633
1446
4111
3693
1195
4570
1195
3747
3758
3637
3758
3924
3758
4907
4879
3870
4686
2747
2126
4962
2126
3091
4062
1869
4062
2227
2387
2227
2387
4787
1148
1228
1148
4686
1148
1496
1148
1672
1148
4707
1148
3560
3218
4630
2235
971
2235
39
176
164
176
3412
4375
3835
4814
3832
4814
3836
4814
3914
2875
1929
2875
1614
1398
3078
2706
1702
3515
2494
2702
1355
2010
1207
4560
4702
4560
3036
1513
3097
1513
4660
1513
2468
4487
2776
4487
1792
4487
2050
4487
2236
4487
2388
4487
4014
3438
3662
3438
1990
3438
3303
1014
2657
1014
1047
1014
466
385
2588
2820
1694
2820
2827
2820
4620
2244
3616
2244
2875
3261
3172
3261
290
276
170
276
3758
2177
3254
4759
4796
4759
3744
4759
997
702
2647
702
1243
702
2136
702
2914
702
2784
702
2764
702
2783
702
2569
702
1438
702
2329
702
2142
702
1957
702
838
702
2322
702
2321
702
2949
702
2802
702
2137
702
991
702
849
702
2207
702
2291
702
3707
702
2931
702
4295
702
2407
702
1645
702
1247
702
827
702
2453
702
884
702
883
702
1454
702
1460
702
2935
702
2369
702
2034
702
2464
702
2920
702
3846
702
2210
702
2039
702
836
702
3386
2937
4518
2937
2449
3709
1787
3709
3156
2741
4775
3764
5030
1098
4163
2959
4260
2959
4069
4345
2078
4345
3068
1693
4758
3618
2192
3618
2866
1548
1733
1548
1902
1548
720
3483
2635
3484
2635
2553
2913
2919
2913
2555
2913
2776
2913
4197
2913
2937
2913
2313
2913
4392
2913
4306
2913
3522
2913
4357
2913
4626
2913
4264
2913
4231
2913
790
2913
4275
2913
4563
2913
1942
2913
827
2913
4267
2913
4272
2913
2934
2913
4681
2913
4821
2913
4270
2913
4319
2913
2924
2913
804
2913
2464
2913
2465
2913
4557
2913
1265
2913
2394
2913
4642
2087
3365
4732
4131
4732
2848
4732
3060
4732
2794
4234
1804
4234
4915
3695
3696
3695
4872
3473
4922
3473
3246
3473
989
1329
2498
1329
4910
1329
4930
3970
3143
3970
4085
3970
1115
1475
784
1475
4172
1475
4298
1475
789
1475
1634
3297
4059
3297
3702
3701
4897
3701
1088
3489
693
411
396
411
426
405
529
405
624
405
2299
2036
774
949
3208
3746
1367
4898
4926
4898
2518
4898
1988
2262
4849
1537
3859
806
3086
806
2348
806
3370
4604
4703
4604
3071
4604
3648
3654
4145
3654
3469
3654
4761
1724
1072
1669
951
802
1819
802
4990
3742
1930
3742
2309
887
2640
887
2217
2032
3584
2032
3598
2577
3059
2266
1823
2992
3015
2992
4572
2992
3741
4942
2524
4942
1634
1104
3194
1104
3193
1104
1635
1104
5035
1104
2891
1104
1637
1104
2205
1104
381
570
591
570
584
570
32
271
100
271
1660
2900
3442
3569
2550
4185
1002
4185
4226
4185
814
4185
4745
4185
3684
1554
3277
1554
3401
1554
4654
3624
2410
1209
2936
1209
2470
1209
2551
1209
4108
4523
3586
4523
3756
4523
3466
4688
1577
4688
4737
4688
4836
4688
3470
4688
1863
4688
3193
5028
896
2497
4255
2996
81
343
2593
2560
3416
2273
61
58
295
58
10
58
3434
2783
3286
4546
4589
4546
3047
4546
394
486
3374
3462
1932
1601
1931
1601
3493
1601
1992
2422
816
817
1606
2289
4841
4826
4841
4826
4548
1051
4102
1051
3232
3121
3125
3121
3388
3121
3084
2426
4661
3967
3209
3648
2721
1861
2434
1718
1180
1595
3738
1595
204
188
4898
3466
4846
2733
2855
3079
3247
3079
693
441
4614
3040
1807
3593
3792
3593
3732
3593
3609
2489
2493
2489
2807
1660
1044
1660
1493
1660
2366
2746
1034
2746
1638
2746
3983
4798
2591
4798
4785
3262
3424
3262
3423
3262
2162
2654
1612
4974
3610
4974
4786
1838
2838
1838
2837
1838
308
113
147
113
312
113
3861
2742
1474
3577
1477
3577
348
281
49
281
3185
3266
4999
3266
4486
4296
2576
4296
1923
1217
4909
1217
2685
4495
4700
4495
2975
4165
2803
4165
3627
1915
1920
1915
1203
3959
1433
1633
1392
4940
4961
4940
1604
4940
627
694
2724
2695
3111
2695
4753
2695
2726
2695
2875
2618
1777
2618
1424
2618
2432
3635
4019
3913
4841
3087
3714
2970
2074
2473
2161
2473
4087
2701
870
2297
1456
2297
1154
809
4417
809
3868
1337
3549
1337
1541
3422
4833
3422
1170
3422
3978
1352
3587
1352
1952
2462
1956
2462
2392
2462
2396
2462
2790
2462
1660
2462
2154
2462
2398
2462
4193
2462
2769
2462
2158
2462
1945
2462
4598
2462
2641
2462
2150
2462
2780
2462
2563
2462
1946
2462
1805
2462
4301
2462
2928
2462
2390
2462
2917
2462
3909
2462
2566
2462
2393
2462
2048
2462
2395
2462
1955
2462
2316
2462
2781
2462
1354
4073
372
83
1190
2121
4885
2121
3950
1202
3918
1202
4890
3289
1554
4719
4942
4926
3594
1844
4837
1844
2491
1844
2428
2466
3201
4640
4614
3426
2734
1735
2734
1735
1361
1356
4397
2648
3963
2648
2787
2648
2844
2967
136
230
1449
2040
2733
2593
1894
2593
1744
2593
3838
3733
3303
3733
1047
3733
4438
1206
1271
1206
4579
2079
4507
2079
2777
4299
948
4299
3959
4136
1532
4136
3238
1677
2193
1677
3042
1677
2846
1677
2592
1677
1119
3992
1018
3992
4552
3992
3278
3992
355
214
1132
879
4606
879
725
3900
3901
3900
4486
2569
1128
2624
1257
840
2452
840
4111
255
1444
255
110
201
4297
4221
293
23
134
23
69
23
4094
3996
2539
1785
1937
1785
2826
1275
3558
3497
2015
3497
1658
3783
4610
3783
1539
1529
3004
4157
3010
4157
3008
4157
2483
4157
2250
4157
4597
4157
165
336
15
336
119
336
1387
3560
1227
3560
3561
3560
953
957
4373
957
3855
921
4503
921
1512
921
596
373
3060
3273
1347
2500
4005
4225
4302
4225
2831
4225
2085
4225
3672
4483
3867
3003
1347
4748
4674
1315
3166
4946
1388
4946
2344
818
1120
818
1415
3313
4995
3313
3827
3313
2188
1160
1308
1160
3074
1160
3376
1160
3346
1160
4678
1717
2434
1717
1878
1717
3890
444
3272
444
4375
2404
2064
2404
2240
2154
2966
2154
2980
2154
2736
2609
2314
2897
2370
2897
2218
2897
844
2897
2137
2897
3488
2897
2215
2897
842
2897
1441
2897
4180
2897
3872
2897
1667
2897
2457
433
1790
433
2564
433
3769
433
1788
433
1230
433
4263
433
3383
433
2301
433
1800
433
1789
433
1231
433
29
350
4979
4969
1747
2195
1594
4870
1637
5027
4886
1126
1218
1126
4938
1126
4903
1126
2128
1126
1560
4786
3844
3056
158
45
1573
3606
1538
3862
1538
3862
2201
1312
3052
1699
1122
1703
1122
1850
1238
3507
1238
1550
2351
1585
3866
3641
3602
3527
1461
4304
1461
3225
1702
3557
1702
4439
4413
4698
3010
1076
2513
1591
2513
1323
3300
433
414
1473
824
1801
824
1948
824
1378
769
2141
4161
897
4161
3211
4161
4269
4161
4315
4161
3598
4637
3849
1875
2731
1875
2983
2398
1810
2398
2808
2398
4835
1706
873
3233
2108
4714
3102
4714
3211
4212
1492
4212
4295
4212
859
222
4479
222
867
222
1245
222
4409
222
4364
222
840
222
856
222
991
222
874
222
863
222
871
222
3964
222
1248
222
4240
222
841
222
4279
222
877
222
869
222
1250
222
4173
222
1242
222
4269
222
839
222
2241
4442
1951
2148
4604
1235
2876
1387
4886
3873
1590
3873
1916
3873
982
3491
4031
2334
4031
833
1937
1356
1741
4866
1741
2016
1741
3317
4274
3716
1177
2439
1177
3354
1177
4551
3617
4757
3617
4568
3617
2677
4249
4294
4249
1468
3889
1475
3889
3508
4659
3734
4659
4725
4659
2511
4866
1842
4491
1808
4491
425
475
478
475
3455
3750
2211
1244
1936
1244
3032
1820
3851
1820
3025
1820
2996
4207
4363
4207
986
4794
793
291
275
197
275
5002
4981
1155
5017
4705
4679
3085
4679
4728
4679
3899
4886
3765
2056
4486
2056
949
2056
4031
2056
3633
2056
2161
2056
3752
2056
971
2056
3195
3944
1758
1592
1758
2349
4530
3536
4530
3716
4770
1111
4770
648
426
2022
2862
1743
2606
1379
1897
1340
3129
1340
4865
1340
830
1193
831
1193
359
248
308
297
167
297
2701
3201
4762
3201
2094
3201
3340
2052
3267
2052
1252
4428
934
4428
776
777
1039
777
2633
1444
1446
1444
1048
3351
3353
3351
4060
1421
1743
2602
1743
2602
3917
2866
2615
2866
2356
4848
2112
4848
3116
4848
2254
4003
943
852
3727
852
1471
852
2165
943
1455
4554
4001
4554
1370
3500
180
177
102
177
185
177
4632
2313
4575
2313
3957
2005
4088
2005
2506
2005
1310
4569
1523
4569
2704
4569
4798
835
1288
835
2999
835
1283
835
1776
1929
931
856
2381
856
3091
3404
3205
1991
835
3897
3547
503
453
687
645
687
2800
4181
4532
1169
4435
1169
1052
1169
4212
1169
4207
1169
4244
1169
1100
1169
3521
1169
967
1169
1230
1169
4496
1169
4188
1169
1099
1169
1214
1169
884
1169
4497
1169
1101
1169
4280
1169
917
1169
4603
1169
4379
1169
4243
1169
4500
1169
1935
3154
902
3154
3159
3154
1095
3609
1832
1224
1922
1764
4735
3031
2352
1709
3571
1709
1871
1709
4440
4392
760
4392
757
4392
1429
2889
202
294
90
294
367
294
168
294
2259
4766
207
160
102
160
895
2617
1685
4193
1005
4193
1822
4193
1485
4193
898
1261
1467
1261
1422
2750
1438
2721
3513
1722
4010
3700
1515
1193
2300
3308
4463
2979
4463
2067
4463
2059
4047
2155
4047
2160
4047
3593
4047
4491
4047
1224
4047
4341
4047
4472
4047
4527
4047
1664
4047
1279
4047
1665
4047
4542
4047
3578
4047
865
4047
1174
4047
1002
4047
4571
4047
948
4047
1112
4047
814
4047
3518
4047
4102
4047
2156
4047
3864
4047
4233
4047
1055
4047
4745
4047
4607
4047
3484
4047
1812
3398
3989
3398
1827
3398
1300
4341
1697
4341
4465
4341
1239
2233
2805
2233
2522
3148
1381
3148
1221
1218
45
207
4978
2873
4156
125
756
760
837
2217
2515
1742
2202
1742
1314
4032
3921
4032
762
981
4839
3669
3974
4352
3922
4352
1825
4352
4871
3724
3909
1654
4142
2838
3773
3537
974
1983
4698
2700
4698
4925
4036
1766
4036
3943
1019
4559
1019
3313
1746
182
284
293
284
296
284
2758
560
428
442
2411
2660
2977
2660
3617
1489
1169
4153
4155
4153
2252
4122
4473
4122
4541
4122
3793
4077
2082
4077
3761
4077
1327
1701
2421
1297
4815
3475
4767
1970
1852
1970
2832
1970
2495
1970
3863
1970
4050
3329
3692
3329
1876
3329
1838
1473
446
595
1838
1695
1569
4932
2120
4932
727
4932
975
1618
1427
1618
3038
3548
3456
3548
4360
3548
1490
3548
1116
4318
826
4318
3925
3693
4574
3693
4641
3693
2172
2915
2399
2915
962
2633
870
2633
921
2633
1658
2633
1456
2633
2044
2633
4529
2633
996
2633
2045
2633
1459
2633
4114
2633
4454
2633
956
2633
3368
2633
3973
2633
1455
2633
960
2633
2453
2633
1453
2633
953
2633
4113
2633
4288
2633
2454
2633
4436
2633
4373
2633
4610
2633
2152
2633
1656
2633
1458
2633
4001
2633
803
2633
2380
2633
923
2633
892
4371
2690
4371
4864
3098
2716
1040
4934
1040
3912
1040
4941
1593
2025
4955
395
412
4539
1079
4369
1079
2206
288
287
171
287
3436
4740
3222
4740
2052
1466
2567
1466
3187
3595
2885
3595
5009
3595
4976
4115
729
4115
4977
4115
3089
2844
1335
2844
3910
2356
985
2735
65
61
2126
3861
3622
3861
4931
3861
3946
3718
2043
1648
1991
1967
2818
1967
1386
4978
4989
4978
3160
2202
3166
2202
3379
3051
3923
3051
1078
1121
807
968
3724
4819
3646
4819
713
3601
2725
2352
2696
2337
240
268
347
268
263
268
96
268
139
268
11
268
235
268
107
268
873
1462
254
362
73
191
142
191
2529
3771
4539
3823
4539
2669
2785
2821
2785
4729
4594
4647
4594
3417
4594
2019
4888
2615
4888
3816
2275
1545
2275
3678
1624
2555
3554
2772
3554
4258
3554
777
3554
3322
3554
4504
3554
1958
3554
4624
3554
4215
3554
4452
3554
1180
3209
4144
3209
1390
3209
370
335
342
335
728
1569
4956
1569
477
483
654
483
542
483
2481
2677
4142
3104
4642
4620
1714
4620
4360
2475
216
240
267
240
344
240
3468
2329
2342
1087
866
2548
1643
1635
4878
1913
3781
4832
4517
4472
3668
3915
1674
1959
2177
3633
4477
3633
2172
3633
2576
3633
2418
3633
2196
2098
4670
2693
3044
2693
3906
2693
1961
4451
2246
4451
1814
4451
520
662
449
662
495
662
3809
1266
4030
1266
3218
3217
2616
3217
3768
3217
4381
4289
4802
3032
3219
1577
4601
4527
3464
4527
2271
4527
169
179
4534
3838
4256
4244
4508
4244
4344
2669
3378
2669
2990
2669
3887
898
4016
898
1908
2724
3139
2724
1735
2724
1910
2724
3773
2724
1276
1262
2232
1262
3603
3036
379
457
582
457
470
457
1014
2537
955
2537
1961
3660
2063
3660
949
1273
766
1273
1840
851
1676
851
4004
1027
4143
1027
1356
1560
4866
1560
2016
1560
1032
1783
952
1783
925
1783
1702
3529
3671
4788
1695
1497
1690
1497
3866
3275
1171
3275
1757
3275
3900
3785
2355
1996
4990
4973
1930
4973
2375
2209
2211
2209
1952
2554
3574
1900
3826
1900
1912
1900
3624
4505
1847
4505
3112
1992
5011
3677
3367
3677
3790
2104
1888
2104
4758
2104
3019
4306
4746
4306
3405
4129
3405
4129
4948
3206
2514
1733
4964
1733
1899
1733
4018
1733
4923
3735
1373
3735
4842
3356
2205
1426
70
65
1905
2861
3387
2718
3108
2718
391
376
598
376
800
904
4879
4840
3207
4840
3997
2595
1336
2595
3775
2595
1728
3844
3539
3844
4763
4726
3164
4919
792
1289
2974
2051
2168
2051
2060
2051
1091
3202
3960
3202
154
209
239
209
6
198
560
695
449
659
551
659
2859
2601
2068
3352
3538
3352
3353
3352
982
1422
1110
3337
2244
3337
4357
3337
2945
3337
2961
3337
2561
3337
3458
3337
2552
3337
3202
4894
3685
4894
203
5
1160
4588
4883
4839
1593
4839
4916
4839
2355
4646
3189
2526
4869
3366
3879
3366
4884
3366
4851
2851
4132
3027
196
286
88
286
4462
2061
4460
2061
3001
2061
2514
4920
4018
4920
1303
3044
2874
3362
1922
3362
4046
269
1452
269
1451
269
2304
269
4195
269
4147
269
782
2522
2474
2904
2538
2904
3382
3620
857
861
718
2852
1550
3247
1550
2009
1550
2311
2146
812
2397
4679
1100
4476
1100
1039
2564
770
2564
625
484
3843
4175
2956
4175
1015
4175
823
4175
2547
4175
4479
4175
3709
4175
4554
4175
1113
4175
3522
4175
3720
4175
2664
4175
4353
4175
1439
4175
1187
4175
4182
4175
853
4175
3823
3541
4154
407
1344
3968
1563
3968
2650
4130
1984
1817
3009
1817
3740
4941
3570
4941
3578
2142
502
647
1673
1256
3422
3326
1807
4290
3792
4290
3732
4290
522
668
633
668
215
320
327
320
1641
4062
4063
2973
4447
2972
4447
1666
4447
4586
3038
2599
4324
3310
432
4501
1185
4200
1185
2771
1252
2466
1252
2312
1252
4478
3322
2159
3322
1437
3392
4632
2088
4632
1525
3389
2861
1720
3433
1720
3779
3650
323
93
131
93
4740
4217
1305
4217
982
3183
2739
3115
724
4954
1375
3807
2898
1938
2898
2759
2898
2306
2898
139
154
4076
3373
4969
3373
3421
3981
2870
3981
1109
1032
2606
1887
4256
1113
4443
1113
1184
4403
2250
4403
4274
1802
346
115
191
115
130
115
4003
2558
4619
2558
3938
2558
1684
2558
2572
2558
2683
1806
4338
4202
4334
4202
4256
4202
4679
4202
4620
4202
1087
4202
4639
4202
4443
4202
4067
4202
3801
4202
998
4202
4313
4202
4241
4202
1072
4202
4433
4202
3288
4202
4422
4202
4429
4202
3687
4202
4254
4202
4363
4202
1040
4704
2065
1949
2248
1949
3334
4019
1325
4019
2433
4019
5006
1036
2133
1036
3051
3974
4893
3904
1429
2882
735
3174
2620
2626
2620
3776
844
2091
4540
3309
4540
3632
3146
3632
3146
3879
3397
2151
2541
3710
2541
2438
3564
4891
3142
3686
4619
223
310
4078
2968
3
1
1857
4794
4847
4794
1816
785
949
785
3931
2366
1728
4027
3567
4027
2574
1957
3661
1957
3911
1957
3393
3851
1765
1921
1765
1921
3639
1658
2984
1658
1813
1658
4524
4331
1667
4331
310
293
303
293
202
293
3105
4739
4820
4739
1556
4739
3092
3526
1334
3526
1551
3526
2771
1456
2466
1456
2312
1456
341
208
154
208
71
208
12
208
1556
4820
1148
2044
309
301
2432
3061
4625
3061
3432
4986
5035
4986
3182
4986
2056
1452
4411
3522
4427
3522
627
421
4026
1840
1038
1840
3253
1840
1535
1840
1530
1840
3121
1879
3121
1879
2367
2362
2828
4083
3534
4083
1696
4083
84
199
4089
4238
2403
838
3898
838
2923
838
386
469
385
469
540
469
622
469
3835
2115
3832
2115
3836
2115
4178
232
954
232
2637
232
1226
232
3897
3898
1459
2373
1458
2373
3728
2981
4471
4397
4090
4091
2822
4091
2579
4091
730
3558
4976
3558
2869
3558
2422
3019
2190
3019
2191
3019
218
247
2247
2974
2169
2326
949
2326
3982
4042
2416
1809
612
657
596
661
391
661
616
661
3974
1664
3922
1664
1825
1664
192
178
2532
502
2061
2322
1508
915
1522
915
2040
2038
2384
2038
4468
2650
1842
2183
1063
2389
4509
2389
1122
4357
3294
4357
4470
2073
4133
2073
4592
2073
4700
4566
2813
4566
4124
889
932
4421
3320
4421
3981
3982
5032
3982
432
413
4571
1031
3864
1031
4462
2415
4460
2415
3001
2415
1489
4268
2995
4268
1690
1801
217
267
3618
3793
1404
4127
3230
4127
2086
750
749
750
1367
3487
2508
3487
2623
3158
5003
3158
4290
1795
4380
1795
4656
1304
4649
1304
4731
1304
908
4051
1997
4051
3985
3986
420
467
1220
3279
4520
3279
4635
3279
4451
3769
2463
3769
13
234
1331
3240
3449
3824
3148
1754
1589
1754
4310
4072
4469
4072
1642
1474
2760
938
2760
932
2760
2914
2760
4526
2760
1132
2760
806
2760
852
2760
861
2760
915
2760
1137
2760
1003
2760
3825
2760
1163
2760
1026
2760
881
2760
4135
2760
4404
2760
1071
2760
1024
2760
1116
2760
1477
2760
1161
2760
4227
2760
1197
2760
965
2760
3320
2760
4606
2760
826
2760
4684
2760
4383
2760
3511
2760
1167
2760
1134
2760
1327
2089
109
43
4795
873
1332
873
4744
873
3736
873
3070
2583
2841
2583
4852
2583
3490
3321
866
1251
1606
4937
720
4708
2062
4708
3571
2338
2590
2338
3117
2338
4633
1646
854
1646
386
482
3669
3546
3603
3097
3807
862
3937
862
3017
2685
3006
2685
1970
4570
5001
4997
3190
4997
2459
2220
3872
2220
2558
1129
2701
866
3251
866
3057
866
4762
866
1691
866
2519
2287
1225
2287
994
2287
2939
2777
1860
3542
639
443
3024
1298
3328
4365
2484
4365
3674
3164
2745
3164
1605
3164
3256
434
1943
2141
2460
2141
15
186
2502
2835
3304
3818
4124
4529
3500
1748
1362
1748
3962
1748
4809
4769
65
291
2688
4105
4748
4680
2081
2066
2582
2066
4071
2066
720
2479
4863
4754
4810
4754
2595
2943
1772
4954
2855
2852
986
2440
242
56
246
56
47
56
2259
2062
721
2062
4285
2
2927
2
4206
2
2763
2
4421
2
959
2
2400
2
1021
2
1022
2
2565
2
4552
2
1448
2
2544
2
917
2
2948
2
4340
2
1265
2
1343
3361
307
303
1575
2856
2840
2344
1521
2344
2430
2344
2522
2521
2830
2769
609
589
3519
2824
2170
2240
3249
2279
1745
2279
672
666
554
666
502
550
1555
4660
2595
1010
4458
4250
1662
4250
2123
3583
2077
2321
2001
3760
1553
3089
420
398
4582
1137
2266
1137
2823
1137
4969
1585
1374
1585
978
1585
3717
4837
1732
4837
1745
4837
3805
3338
3021
4477
3443
4522
910
1413
3431
3073
1128
1075
3510
2982
3244
3415
5025
3415
82
197
4878
2014
2061
2793
2075
2793
2810
2793
751
2793
4688
1498
1946
4385
4475
4385
597
528
2175
2158
2168
2986
3253
2487
4062
3066
3837
3835
2687
1945
2606
2818
1977
2818
4117
4869
2421
4676
4596
4548
2131
3852
3178
3852
4991
1922
4099
1922
2919
3440
1245
3440
1051
3440
2785
3440
2209
3440
1646
3440
4309
3440
1440
3440
2938
3440
4376
3440
2649
3440
1025
3440
2320
3440
4565
3440
2632
3440
2757
3440
2053
3440
850
1003
3939
4854
1211
3479
1004
3479
4104
3943
3438
1833
4070
1833
4466
897
4200
897
22
249
3138
3062
1482
3344
4577
3344
3044
3344
3950
1451
4508
3521
3250
3521
300
296
2361
4863
3856
5017
1926
2626
1926
4765
4733
3875
3685
2131
1400
5016
1400
2387
2546
2146
2546
1264
2546
3427
2097
3691
2097
3276
2097
1151
1150
1854
4586
2368
3220
3189
3220
1501
1683
3609
3777
988
3777
1449
2542
2026
4938
4358
4316
1166
4316
3865
1504
3427
4515
1533
4515
3691
4515
3471
2008
2173
4434
1858
3287
4950
3141
463
387
3209
4145
4078
2164
3440
504
4510
4462
3090
3817
3090
3817
4445
4300
4329
4300
4604
4511
3734
1968
3800
1968
3427
4141
1533
4141
3100
1541
3223
3100
4873
3100
4862
3100
3475
2429
4726
2429
4749
2429
3929
3550
4235
967
4581
967
2890
1620
294
59
89
59
8
59
166
319
163
319
328
319
4804
2840
835
2452
2753
2879
3978
1362
948
4393
4745
4393
4691
1044
1088
4720
4150
597
193
189
4879
1366
1371
1366
1505
2658
2970
2957
1671
2957
2668
2957
801
2921
4595
2921
1198
2921
4234
431
920
431
3024
4639
4860
4846
1376
4846
2744
4846
4571
2456
4607
2456
1527
4694
1987
4694
2845
4694
2245
4192
3623
4192
4105
4192
2671
4192
4216
4192
2803
4192
1847
1974
2695
4598
1298
4598
3975
3949
1925
3949
3570
3949
3917
2019
1421
746
745
746
3163
4904
3157
4904
3161
4904
3327
4381
3039
4381
2651
3806
2556
3806
647
379
1059
3802
1150
3802
2203
3802
1914
3113
1910
3113
3130
3113
2527
742
1635
742
1595
1373
1886
1981
1879
1981
1321
3887
4591
3887
4635
3887
3252
4087
4882
4087
3704
4087
3385
3375
695
588
1516
1115
4805
4228
4698
4228
1297
4228
1833
4228
4669
4228
1184
4228
4778
4228
4260
4228
3988
4228
3842
4228
1299
4228
548
660
475
660
3364
1183
2516
1183
2669
3720
2684
3720
4193
1650
1391
1389
1394
1389
2851
3437
1730
3437
4799
3437
5027
3185
3186
3185
3187
3185
3403
1322
4064
1322
4784
1322
4911
3252
2729
1038
2353
1038
4339
2809
4106
3641
213
173
4567
2664
4489
2664
430
706
2578
970
1268
3256
4560
3256
809
3256
957
3256
1466
3256
785
3256
900
3256
2788
3256
1006
3256
4821
3256
4415
3256
4631
3256
815
3256
4386
3256
958
3256
4603
3256
2774
3256
3643
1326
3675
1326
3101
1326
3599
3879
2011
3879
296
285
69
285
195
285
4406
900
3418
900
2495
3840
3453
3452
3859
1522
3086
1522
2348
1522
1044
1061
1493
1061
3580
4407
3581
4407
4525
4407
2308
992
2382
992
2383
992
2551
992
452
459
459
501
675
501
776
783
1284
783
2825
4746
1503
4746
1984
1526
4368
3456
4569
3456
4632
3456
4746
3456
4697
3456
4575
3456
1130
3456
4518
3456
3294
3456
4411
3456
3652
3456
4427
3456
4337
3456
4388
3456
37
242
354
242
261
242
3031
4101
1864
3921
1748
3957
1419
3658
5000
3658
1931
2027
714
2027
3772
1851
2194
1851
1739
1851
845
996
1858
1142
1115
4626
3502
4626
2723
2817
989
2817
2836
2817
124
211
4505
4361
4445
4361
4895
1564
4887
1564
1764
1564
3498
1564
950
1564
607
455
1287
4412
3752
4412
4987
1397
3698
1397
812
1146
266
337
153
337
239
337
94
337
1992
2100
4622
4443
3381
4443
1519
4067
733
528
374
3398
4213
57
246
3206
3429
1597
3429
1173
3429
4341
2550
4359
2550
4952
1904
3990
2720
922
913
980
913
1636
913
314
309
4498
959
4467
959
3543
2437
3128
2437
2123
2437
1706
2185
2597
2185
1846
2185
1688
2252
199
103
309
103
91
103
3438
3664
2676
3809
4673
2641
1488
2641
417
422
698
422
413
422
635
422
658
422
420
422
418
422
2343
2256
1557
2256
4664
2256
41
348
1722
4804
1307
2806
873
2949
3147
4949
4959
4949
217
334
216
334
344
334
97
334
3424
1558
3423
1558
3141
4055
4915
4055
3295
4055
3612
4482
2267
4482
1565
2113
3619
2113
4806
2113
2630
2887
715
2887
5029
2887
2679
2802
226
181
3142
1898
837
2375
4021
4425
4730
4425
3050
4425
1850
2585
965
875
4606
875
2036
2137
2298
2137
2107
4614
3655
3646
3648
3646
1584
4737
3556
4737
3145
4908
2520
4908
3151
4908
4836
1321
2730
1321
2198
1321
3252
3251
4882
3251
3704
3251
1308
4760
3036
3642
4660
3642
2171
3642
3334
3642
2354
3642
228
57
231
57
53
57
54
57
52
57
368
57
1404
4980
3230
4980
1275
4284
4394
4284
3755
3754
2230
1240
4328
1240
2318
1240
2586
1824
3780
1769
703
416
695
416
532
416
630
416
641
416
2162
1279
2873
3304
3787
3304
4968
3304
3350
1986
2107
1158
2799
3795
1029
3795
1249
3795
2373
3795
2038
3795
4250
3795
4361
3795
4412
3795
4356
3795
4190
3795
2212
3795
2328
3795
4272
3795
3854
3795
885
3795
2638
3795
869
3795
4905
4095
2344
820
4323
820
2587
1487
1405
4953
3026
3014
962
1793
2922
1793
2722
2498
2605
2498
1067
3801
3874
3801
2264
3801
2720
1982
3845
937
4406
937
405
538
578
538
2888
741
2175
2075
412
693
3076
4559
3077
4559
4741
4559
206
187
3858
2413
3233
2451
1267
2451
2
446
3934
717
4140
1361
4971
1361
3290
1361
2683
2926
4294
2926
3889
220
4151
220
4402
2922
304
295
66
295
90
295
1717
2833
4908
4880
2908
4335
1890
4776
593
481
465
481
474
481
583
481
3714
1818
1718
4536
4678
4536
1878
4536
1542
3748
951
2945
4634
2945
5
33
121
33
14
33
807
1164
2625
3298
3852
3298
2129
3298
2862
2504
1569
2504
4611
1542
3109
1542
1330
1542
3988
3008
2694
2683
3903
2683
3659
2683
484
477
1513
2150
2801
2150
2323
2150
4832
3129
263
266
77
266
354
224
1688
4473
1162
2400
1299
2400
1549
4833
2724
1546
1104
1097
2755
1097
624
399
4040
2304
2685
2795
3679
2795
3171
3498
3662
4014
3662
4014
0
608
5006
1415
2133
1415
3932
709
3095
3075
1681
2801
763
764
1434
1073
2569
372
3889
372
2915
372
1452
372
4159
372
3414
3413
1568
1338
3589
1338
872
2646
3857
4808
1352
3585
1352
3585
3150
3137
1761
1760
764
1089
1509
2251
2697
2251
2423
2251
3382
1583
3569
2642
3637
2642
3924
2642
2622
4860
1410
4975
1204
4975
353
277
61
277
9
277
358
153
96
153
2754
2219
2298
2302
2298
4555
1141
1156
1141
2642
4171
2770
4171
3391
1287
3517
1287
2088
1287
2819
4008
4332
4309
4509
4309
1713
3504
5022
1777
5024
1777
221
196
756
758
4868
3683
210
162
106
162
3155
3150
4662
4579
4591
1220
2131
2129
706
424
3401
3400
3170
4933
1508
1685
2739
3926
1481
929
2165
929
4643
1856
4792
1856
3259
1521
1146
3451
1290
3451
238
274
192
274
986
1344
938
4353
861
4353
1274
1062
4404
1062
2766
991
2201
5032
3149
5032
3305
1943
2174
1943
3760
4654
3766
4654
3106
4654
1121
4152
4120
1479
2720
1479
3834
3833
1770
3833
4958
3833
2447
4123
3237
3922
4803
1852
842
1440
1787
1440
4411
4264
4388
4264
1915
4876
2426
4669
1041
4669
1520
4669
4126
1835
1876
1835
1410
2748
3315
2748
3678
4982
4082
3945
4588
3945
1478
1066
4010
4780
4740
1005
26
157
763
4115
3599
3239
3599
3677
3678
1627
3678
715
3678
3425
3678
2361
2870
728
2870
726
2870
1437
1074
4424
2230
2249
2230
755
2230
4514
2230
2070
2230
2238
2230
4375
2230
2061
2230
2066
2230
4676
2230
758
2230
1068
2230
4245
2230
1962
2230
1966
2230
1143
2230
1964
2230
4616
2230
2064
2230
751
2230
4634
2230
1039
2230
770
2230
4654
3049
3245
1119
4817
3414
1002
2303
2108
3859
730
2015
2864
2015
4977
2015
95
323
268
323
3582
4013
4805
1081
4157
1081
1297
1081
4539
1081
4704
1081
1833
1081
4425
1081
4669
1081
4567
1081
1296
1081
1184
1081
919
1081
4418
1081
4489
1081
2480
1081
4369
1081
3064
1081
1293
1081
4778
1081
1162
1081
2994
1081
4260
1081
4618
1081
3842
1081
941
1081
1080
1081
1159
1081
1299
1081
414
689
442
689
445
689
419
689
4739
3510
2261
4555
2083
4555
2166
4555
528
665
615
665
4716
3828
3829
3828
4022
4508
2349
4508
3536
4508
2460
1938
1883
2825
2862
2612
2754
2753
3480
1571
4770
4138
4545
3211
1133
3211
939
429
1107
5020
253
210
106
210
3560
2616
630
456
669
456
586
456
4870
1584
3657
1584
1653
2531
3991
2531
2032
2531
4244
2531
4264
2531
3945
2531
2325
2531
4232
2531
2925
2531
2791
2531
1050
2531
841
2531
2756
2531
2377
2531
848
2531
1241
2531
2930
2531
2420
4410
1679
4410
1741
3684
3726
1491
4687
4356
3937
4356
414
692
445
692
513
692
2475
4231
4746
4231
3895
3896
3029
4567
3455
4567
2258
4567
930
1021
1020
1021
3267
3408
1677
857
4003
857
1683
857
1684
857
2176
1068
4661
1068
4493
1068
703
381
75
239
139
239
4827
3892
4808
3892
3503
3892
3942
3892
4857
3892
1561
3892
1840
1505
2964
2310
2263
2310
3694
4126
2194
4126
3602
3671
4095
3671
4921
3671
2023
3671
3941
3503
3273
940
3504
940
446
627
717
979
1631
979
3133
4873
3040
4000
3426
4000
1504
4000
1689
2165
3279
4378
705
699
548
377
4913
2867
1544
4601
4127
3834
3870
1944
1972
776
313
306
193
306
207
180
3195
5035
115
133
162
133
205
133
1361
1343
2016
1343
765
772
1387
1190
1227
1190
3561
1190
4982
3331
4985
3331
3212
2607
3439
2607
2738
2607
2125
3345
1586
4936
1586
4936
1778
5012
5036
5012
2630
5012
4011
4729
3065
1699
3657
1578
4523
4480
4402
2057
1115
790
789
790
4539
1172
4704
1172
4228
1172
4425
1172
4567
1172
1296
1172
919
1172
4418
1172
4489
1172
1293
1172
4259
1172
1162
1172
4618
1172
3953
1172
941
1172
1080
1172
4366
1172
1159
1172
4576
3612
2853
3612
3613
3612
858
4677
4742
2828
4944
1755
4397
3825
3963
3825
2787
3825
987
1092
1932
5013
1932
2403
2211
3897
2211
2923
2211
3752
3753
1053
3753
2829
1823
2098
4358
1479
4358
4510
4460
3317
4302
2157
1176
4377
1176
524
499
389
499
460
499
2755
5010
454
461
465
461
421
461
658
461
649
461
533
461
396
461
603
461
1829
3616
2234
3531
1275
3531
4113
849
3284
1936
4023
1386
4769
3870
1555
2599
3097
2599
3394
2599
3771
2678
3541
2678
3013
2678
453
472
4807
1707
890
1707
3384
1707
241
53
2968
2049
2164
2049
1494
2049
872
4587
1618
3230
2884
3230
1849
2414
3299
1291
4238
4190
1293
4190
1940
4098
1223
4098
961
4098
3881
4098
891
4098
4174
4098
828
4098
825
4098
1056
4098
3991
4098
887
4098
2297
4098
3783
4098
957
4098
4554
4098
2373
4098
1793
4098
849
4098
4399
4098
868
4098
2374
4098
886
4098
2534
4098
4219
4098
3822
4098
2533
4098
4229
4098
1789
4098
4516
4098
2210
4098
2632
4098
4340
4098
928
4098
4220
4098
3869
4317
1332
3303
2282
2859
3292
2859
4885
2859
1392
1382
4961
1382
1604
1382
341
332
206
332
102
332
1144
2510
4555
4224
3568
4224
4775
4722
245
244
123
316
320
316
323
316
126
316
3419
3013
4469
1794
1236
1794
4339
1305
2734
2834
1735
2834
3537
2834
238
278
370
278
128
278
1522
3867
1967
1961
69
62
1435
5036
123
313
63
313
131
313
3728
2331
2368
3607
743
3607
1418
3607
4389
4275
4575
4275
4132
3057
3580
1127
3581
1127
4525
1127
3462
4476
2708
4476
4531
4476
2267
2345
1070
5022
1089
5022
1069
5022
3487
4836
2928
2896
4120
2684
3990
2684
22
192
463
594
697
594
2113
1716
718
2408
2281
4715
1353
4715
4054
3310
4495
3310
818
3310
1019
3310
4072
3310
4316
3310
4354
3310
4286
3310
4564
3310
797
3310
4362
3310
1058
3310
4081
3310
804
3310
3920
3310
928
3310
4379
3310
866
1163
2707
2671
2650
2892
4335
2892
1478
2892
3075
3000
3072
3000
1710
3000
1565
4773
1867
1712
4725
1712
1153
3165
3169
3165
901
3165
2306
1788
909
1788
4590
4533
1898
2503
300
290
800
4623
165
311
186
311
313
311
4969
3336
1374
3336
978
3336
2269
784
641
427
184
159
765
771
3722
4446
1673
2045
1097
1427
2122
3357
1903
3357
3358
3357
944
908
2735
908
1233
4245
4324
4245
3956
3332
3535
3332
4907
3207
2821
4216
4851
1730
2163
3676
2243
3905
1487
3905
1675
3905
808
1492
4593
1492
3405
4911
4129
4911
3550
4911
3274
2108
3606
2108
1573
2108
2030
734
3133
4862
2335
845
1670
845
3351
4079
1463
4079
1224
1022
4542
1022
2020
1903
307
300
944
1997
1892
1997
2732
1997
2628
3891
3699
3891
1428
3891
4628
3565
946
3565
1868
3672
1996
3672
3668
3672
4038
3672
1302
3672
1865
4743
2597
1496
4835
1496
1846
1496
1633
1780
1484
1270
1570
1739
3781
1739
4901
4029
2560
1026
2943
1026
1010
1026
3982
1563
191
237
1972
778
2241
3663
1572
2611
1319
4647
2542
2536
2145
2536
4793
3212
4694
3037
1359
1572
1585
1572
1514
1665
3718
1665
3485
1665
1809
914
1470
914
2571
914
1970
1267
3762
3216
654
479
480
479
1183
1576
4785
1576
3424
1576
1784
2532
2653
2532
891
2532
2900
2532
856
2532
2537
2532
2926
2532
4271
2532
4251
2532
2294
2532
4521
2532
4343
2532
4246
2532
3955
2532
4280
2532
2465
2532
4311
2532
4488
4150
2031
4150
1195
4150
2937
4150
2959
4150
4296
4150
4165
4150
2404
4150
4207
4150
2896
4150
2292
4150
1017
4150
2371
4150
3822
4150
2762
4150
4441
4150
839
4150
2950
1459
1953
1459
3863
1459
4623
4504
998
4504
3672
2690
3126
2114
4914
3630
1907
3630
2284
3630
1379
728
4683
2349
350
73
3280
4782
782
1086
1760
2199
1584
2199
707
705
4949
1910
1240
226
1791
226
115
264
315
264
141
264
4855
1082
2867
1082
1909
1082
4253
2975
4087
4762
3261
4964
5005
4964
2509
4964
374
401
615
401
2482
2676
3338
2676
3011
2676
1608
1368
1604
1368
2654
2905
4333
2905
4832
4811
1736
3108
429
415
636
637
4349
1259
4438
1259
1315
4396
3748
4396
767
2565
770
2565
2586
2672
4080
4843
702
568
597
568
2891
2725
1711
1871
1711
3886
3029
1699
1962
4747
1962
3033
1962
24
347
3778
2336
4727
2336
3306
2336
653
474
3367
5006
5012
5006
2017
2357
3977
1966
1623
1178
744
1178
1933
1178
2479
2332
3352
1467
2593
3045
2595
3045
3198
2207
3311
1043
4903
1590
2860
3114
893
2630
725
3350
3349
1626
1419
2134
1419
4076
1374
2699
3690
3901
3690
4911
4882
997
3199
4206
3199
4428
3199
4072
3199
1646
3199
900
3199
937
3199
1141
3199
4224
3199
1794
3199
2207
3199
2212
3199
3343
3199
1165
3199
2214
3199
2208
3199
2371
3199
876
3199
2294
3199
878
3199
2042
3199
864
3199
4230
3199
3885
3199
3520
3199
848
3199
4239
3199
4348
3199
4419
3199
853
3199
847
3199
880
3199
4282
3199
4060
4059
5028
4059
2204
4059
216
338
97
338
774
1292
2333
1470
3201
4595
2696
4595
3172
1381
1424
1381
1855
1973
4710
1973
651
445
123
321
15
321
368
321
327
321
212
194
210
194
106
194
4480
1296
3611
1296
1301
1296
222
221
3607
3975
4994
3975
749
2663
4523
3611
4205
4168
4342
4168
3434
4168
2025
1171
1393
1171
512
592
4711
1989
3107
1989
4750
1989
940
2212
899
2212
4024
4037
1093
1931
5014
1931
4029
1747
1369
1747
4683
3536
3935
4114
3817
1184
1865
1184
4454
4399
1656
4399
269
344
3222
3532
1939
2216
4160
2216
3477
3584
4708
2936
2409
2936
2618
4959
3154
4959
1085
5000
2097
2176
855
1211
3231
3571
2987
2932
2944
2932
3059
2823
3664
4542
4070
4542
2581
4542
2830
998
3794
2172
3078
4537
4600
4537
2835
1828
4643
1828
4792
1828
1633
2755
3811
3938
109
229
4880
4777
3099
4777
1880
4777
1731
4822
4671
4591
190
143
312
143
3457
1510
1518
1510
2066
2305
3506
2305
1998
3081
4882
3081
3365
3081
1995
3081
1581
2013
3255
2013
2676
2794
1883
4015
4010
1859
3706
2382
2408
2382
427
382
444
453
1742
3119
3142
3119
4657
1049
3016
1049
5028
1414
1779
1414
1418
1414
345
315
322
315
150
315
3620
3074
4843
3074
3817
2707
4743
2707
3090
2707
2639
2291
2303
2291
2962
2291
2048
2291
2339
765
2605
765
2786
2386
1769
1599
3480
1599
4038
1678
1302
1678
2366
2127
2129
2127
3175
2127
4033
3578
5008
3699
1427
3699
4767
4736
3840
4736
1852
4736
1596
4929
1358
1345
2613
1345
2283
1345
4932
1331
1738
1331
2206
3190
1340
4583
4680
4583
4447
3343
3344
3343
552
664
671
664
4374
4313
3064
1834
4940
3944
4069
2961
4477
2961
851
1004
157
156
758
2788
767
2788
1547
4673
1723
4673
4733
4673
2607
4673
1729
4673
2503
2000
1891
2000
2116
2000
2849
2712
72
202
1999
1503
4045
1503
1286
830
3690
830
3689
830
1285
830
1881
1671
3544
1671
4128
1671
2747
4119
4962
4119
3588
2163
1965
2163
3551
2163
4765
3505
3981
1892
1126
4815
1529
3068
1012
3068
1011
3068
3453
4374
3895
4374
4484
4374
1750
2716
1548
2716
4888
2716
2863
2716
3393
927
4802
927
2056
4040
4998
1408
4100
1408
2093
951
4871
1896
4533
4349
1318
4349
3406
4349
4025
3491
1501
1684
3027
3305
2584
3305
4644
3305
2825
2081
3886
3794
3750
3794
423
498
619
498
583
498
3270
4922
2829
3015
4860
3382
1376
3382
2744
3382
1725
1303
1558
1303
3551
1303
1817
4328
4434
4328
2075
4328
776
4328
3000
4328
951
4328
2962
4328
3506
4328
4585
4328
767
4328
1819
4328
4536
3291
998
1230
4584
1230
3132
2119
2252
2074
4473
2074
1506
2074
2378
3707
738
3707
1490
3386
1724
1870
1727
1870
4097
1870
1255
874
1060
874
4586
4563
942
4563
3251
2584
3240
3936
1721
3936
3032
919
3851
919
3025
919
3103
1531
2003
1531
3216
1531
4912
1531
2727
1531
1416
1616
1621
1616
3365
4132
4131
4132
2848
4132
2367
3176
485
510
652
510
299
289
4029
1753
4874
1753
1720
3823
4780
3823
2997
881
3860
881
3932
2416
2571
4955
3755
1385
3755
2621
3755
2677
2938
2674
2938
3051
1825
4914
4877
3432
1612
3595
1612
740
1612
1929
3172
651
419
3445
272
3653
272
464
471
3845
1165
4463
1165
2687
3788
4016
3712
1574
2505
1682
4630
2132
4991
1413
4991
3173
4991
3882
1310
3396
3163
4950
4915
2673
2068
4418
4292
1293
4292
3654
3716
4724
2491
5016
5002
3178
5002
2525
5002
2629
5002
1191
4829
1687
4469
1954
4469
4535
4469
4807
811
890
811
4045
811
1883
811
4472
1057
2796
1057
4896
3127
1456
868
2044
868
2717
2578
4760
2578
3376
2578
4006
2578
2276
2578
725
2699
4297
4241
3553
4241
317
305
93
305
127
305
4713
2343
2114
2190
4751
4454
2843
4454
2833
4454
4293
4200
4324
4200
3651
4200
415
487
406
404
711
1607
2132
1607
1032
1607
1616
1607
523
540
1434
5034
3970
4088
455
462
2859
3961
1126
1867
1806
2944
3927
3739
4445
3739
3503
2711
5002
4988
1473
956
1801
956
1948
956
1915
3563
3266
2029
4993
2029
1397
3270
2876
3270
2769
799
3268
3780
1409
3780
4935
3780
4991
3496
4099
3496
2121
1565
1496
1672
1496
1672
3140
3997
4891
1891
294
252
363
252
3776
843
1270
843
1663
843
3501
843
82
227
2712
3903
3342
3903
2102
3903
1075
952
124
105
47
105
3983
2259
1978
2259
2750
4086
3658
4086
2751
4086
1784
4164
4199
4164
2225
4164
2136
4164
2031
4164
1785
4164
1244
4164
1466
4164
1262
4164
2209
4164
862
4164
2141
4164
2451
4164
4356
4164
1788
4164
2037
4164
1439
4164
3839
4164
3759
4164
3708
4164
2046
4164
2544
4164
2448
4164
2295
4164
4081
4164
1450
4164
3285
4164
1464
4164
1241
4164
4277
4164
2899
4164
2916
4164
2912
4164
2033
4164
4715
4662
1566
4662
3815
4711
903
3492
931
3492
936
3492
2765
3492
1257
3492
4546
3492
3351
3492
2300
3492
2548
3492
4451
3492
2546
3492
2452
3492
4358
3492
4349
3492
2381
3492
819
3492
1255
3492
1009
3492
1253
3492
2455
3492
1213
3492
1166
3492
2766
3492
2797
3492
924
3492
4355
3492
2458
3492
4125
3492
1060
3492
1652
3492
1463
3492
4438
3492
1271
3492
2463
3492
4026
1676
1677
1676
1038
1676
1530
1676
4467
4252
4082
4252
4274
4252
4317
4252
1045
4252
3650
2368
746
2368
2359
1905
2360
1905
214
236
106
236
3357
3730
792
1207
443
384
4562
4209
3845
4209
4310
4209
4633
4209
817
4209
4463
4209
1256
4209
4447
4209
1252
4209
838
4209
889
4209
1129
4209
3344
4209
970
4209
4555
4209
940
4209
4587
4209
914
4209
4469
4209
4406
4209
1219
4209
899
4209
3568
4209
1254
4209
4550
4209
3283
4209
1156
4209
3418
4209
854
4209
3198
4209
1263
4209
934
4209
3782
4209
4336
4209
1236
4209
4655
4494
1064
4494
485
507
588
507
584
507
1799
2043
2598
2590
1296
4271
2994
4271
3115
1332
3926
1332
3731
1332
2703
2178
3428
3427
1368
1357
1497
2966
1300
4418
1697
4418
4465
4418
4519
4439
2273
4439
3644
4439
2234
2467
4478
2467
1321
4520
1630
5016
1215
4048
4764
1336
3408
2962
2239
2962
3409
2962
2378
2296
738
2296
4605
3082
53
75
2479
2470
2062
2470
2147
2381
4663
2381
2317
2381
2485
2973
4945
3910
1911
3910
2005
3086
3488
2292
2215
2292
2045
2374
4436
2374
28
184
1432
1630
1638
1630
1837
2419
966
3459
1940
3459
4321
3459
788
3459
1261
3459
1100
3459
4403
3459
4566
3459
4171
3459
1794
3459
4563
3459
3839
3459
935
3459
4558
3459
4367
3459
4308
3459
79
263
4861
3576
4781
3576
1680
3267
2492
3267
3692
3267
1581
1216
3972
1216
3355
2184
1678
3572
2991
2931
735
2747
2748
2747
1615
2747
1152
3665
4222
1212
4329
1212
2515
4847
2741
4847
3910
4847
2112
4847
3465
4847
80
54
3394
2171
3501
1663
3501
1663
3474
2989
1861
2989
3862
2989
3513
2989
1826
2989
56
299
16
15
672
437
508
437
670
437
3022
812
3126
812
4017
3043
3150
3590
2358
3590
4737
2730
560
591
2594
1045
2884
3467
1092
3178
1093
3178
1707
2427
3085
2427
4728
2427
4388
3966
975
5026
2529
5026
2753
5026
4829
816
3447
816
3363
816
2350
816
4112
816
1725
4605
1558
4605
3551
4605
3587
3962
1295
2780
2819
2780
4189
3
1202
3
4153
3
1119
3
821
3
929
3711
947
3711
2742
2739
1365
2739
4864
2739
1824
2563
2672
2563
1292
2563
2477
2563
2111
2270
1894
2270
3235
2997
2502
4643
2436
2496
1805
2903
2852
3259
3247
3259
2009
3259
4094
4389
3043
4389
3626
4389
4291
4235
2847
4070
1108
1876
2492
3018
4344
3977
3368
2290
4947
4461
2576
2645
886
923
886
1323
2267
3530
2267
592
578
531
578
4719
1532
1540
1532
1775
4963
1678
4406
3636
4406
1776
3184
712
3184
5017
3184
4265
218
3653
218
4218
218
4249
218
1084
218
4146
218
1703
4747
1201
1536
3126
807
2341
807
1877
807
3265
807
3931
2539
2037
995
2037
3686
2572
1132
882
881
882
4618
2665
1080
2665
3746
3747
4721
3747
4651
3989
1698
4572
1927
3171
4984
3171
4023
1611
4694
1975
615
402
1866
2082
1765
3296
1921
3296
3345
3296
4653
4627
4772
3381
3797
3381
4621
3381
2989
3973
3951
4551
4898
3470
1190
3292
1341
4066
1341
4066
722
723
2155
2910
3518
2910
2602
4682
1887
4682
2489
2086
5015
2086
1333
2086
5004
2086
4466
4184
4039
4184
4377
1199
3994
1199
453
464
1900
1690
4716
1690
1993
1690
2767
2459
2107
3374
781
1114
3206
1349
1597
1349
1173
1349
3778
3419
4727
3419
3420
3419
2749
1770
2093
1239
4123
27
4173
27
1494
1280
1828
3682
3176
731
3680
3407
3127
3407
3638
3407
269
52
3497
4912
1893
4912
1397
1227
4363
4295
1403
3157
4762
3686
1691
3686
4902
4861
1363
3894
18
169
4679
4496
4067
4496
1174
2545
2156
2545
4540
4166
2644
4166
3905
4084
2971
4084
4019
3855
2878
1925
781
3833
3832
3038
1942
2947
1942
4770
2608
3764
1853
4722
1853
3339
1853
3976
3923
4683
1063
1712
1063
703
584
304
36
310
36
149
36
47
36
225
36
3110
3065
4733
3065
3505
3065
2397
1447
4499
1447
813
1447
2636
1447
1913
4793
1759
4793
2723
774
989
774
1548
774
2836
774
4925
4907
1766
4907
1768
4907
775
1946
3635
819
3007
819
4625
819
3837
3836
608
631
2177
2985
3034
3412
2263
3412
1040
1072
2585
4697
1971
4697
3048
4697
1414
4994
1622
4994
1744
2111
1396
4925
3770
532
2279
3416
4678
3416
1601
1076
3495
1076
1747
4781
3646
3888
349
193
156
193
357
193
32
193
4461
2399
3834
1586
1770
1586
4958
1586
4628
4135
2575
4135
18
254
860
4499
2127
1767
1924
1767
208
331
3147
3130
3148
3130
4959
3130
1589
3130
1775
4957
40
215
894
2614
1274
2149
1654
4170
4496
4170
2469
4170
1269
4170
2401
4170
1258
4170
4208
4170
2824
2643
3014
2643
3491
2643
3421
1582
127
63
761
768
1857
911
4904
2855
3137
2855
2358
2855
2028
1928
2098
4346
1982
4346
1985
4346
625
626
1351
1168
4853
1168
3942
1168
2011
1168
4917
1168
709
710
3612
3608
2403
2923
2403
2923
1168
2832
602
391
1999
4807
4910
2836
613
638
3041
2065
1065
4893
1597
4893
860
865
2424
2682
1511
2682
1564
1543
1059
1759
1150
1759
2203
1759
4048
1090
1411
1090
345
108
271
108
244
108
156
108
272
108
99
108
355
108
40
108
360
108
2412
2407
4801
1714
1537
1714
3824
1714
1441
2894
4823
4761
1349
4761
83
99
3333
3545
611
521
2287
4812
4302
2157
2583
2686
5005
1378
3167
1378
1655
1645
4474
1645
2216
132
3697
132
1420
3399
2752
3399
3779
1934
507
569
630
569
539
569
3407
3643
2345
4323
1836
4323
4347
4323
2992
4186
4223
4186
3367
3614
985
3149
1193
1219
3667
2130
1529
1174
1012
1174
1011
1174
2437
4064
582
378
2546
1247
4960
1181
3774
1181
1444
18
3199
18
4162
18
167
147
4636
4545
4627
4545
3524
4545
1681
3985
2167
3985
1536
4703
4405
2412
3884
1796
3471
4825
4440
827
2811
1480
244
78
3912
3111
3429
1371
3526
1983
3739
4148
2375
1439
3980
1439
2580
2416
2686
2416
3808
2416
4714
1708
915
1792
4684
1792
3802
4881
1679
4404
1954
4404
4535
4404
2531
602
1981
4109
1311
4109
1399
1384
1281
930
1282
930
2806
930
1642
2888
3563
1574
1372
1574
2268
4360
5008
1619
975
1619
4889
3549
3915
3214
1996
3214
4646
3214
4804
2430
2604
2727
95
322
329
322
3855
916
3820
29
3673
29
2222
29
3819
29
3119
3099
339
326
331
326
138
326
433
513
1419
5025
2826
4575
1658
2534
4529
2534
803
2534
343
167
173
167
73
167
21
167
3240
2253
2496
2253
1721
2253
3255
1581
3255
1581
1213
912
2797
912
3329
3328
4424
2325
1068
2325
1008
4458
2181
4458
1042
4458
4637
1071
2419
1071
4706
1071
4221
4188
4581
4188
4008
1018
2976
1018
4783
3411
3594
3411
149
134
195
134
447
567
423
567
812
1488
1749
2112
3197
2803
4488
1084
4303
1084
3843
1084
966
1084
2927
1084
1013
1084
4234
1084
1266
1084
4250
1084
2921
1084
2926
1084
3451
1084
2932
1084
2938
1084
4494
1084
2931
1084
4186
1084
3528
1084
2925
1084
4449
1084
3573
1084
3984
1084
4092
1084
1269
1084
815
1084
4502
1084
1800
1084
2920
1084
4452
1084
3920
1084
4553
1084
4273
1084
4741
2839
503
582
1108
2880
3546
3668
4754
3668
747
4100
1623
4100
4704
4685
4778
4685
1742
2116
3701
3208
4812
3208
3916
1568
3916
1568
2563
1941
2003
3847
3325
3831
3729
3831
782
534
628
4942
907
4119
907
938
4376
4526
4376
595
543
3695
4853
3402
2365
634
636
4900
993
855
1455
3410
3525
2528
2499
3334
4149
3950
341
86
187
86
266
86
185
86
3155
2020
2441
2020
2716
786
1743
3453
3205
3453
1708
1523
455
534
4699
4602
3579
4287
3642
1024
4794
969
761
2810
3672
4433
2362
732
4954
3681
1614
3681
4052
3681
4760
1494
3376
1494
4006
1494
4667
1078
4466
1078
4039
1078
4498
1078
2594
1078
4501
1078
1154
1078
926
1078
4417
1078
2820
1078
4225
1078
793
1078
3693
1078
4505
1078
4588
1078
4570
1078
2344
1078
4407
1078
4000
1078
4200
1078
1063
1078
4323
1078
4377
1078
4266
1078
4332
1078
1120
1078
4445
1078
798
1078
3994
1078
933
1078
4329
1078
4509
1078
4069
2557
4486
2557
1816
2557
2169
2557
2079
2557
1238
2557
4031
2557
4077
2557
2073
2557
4559
2557
1287
2557
772
2557
1239
2557
1294
2557
2072
2557
2805
2557
2078
2557
2161
2557
2963
2557
4041
2557
1138
2557
3752
2557
2242
2557
971
2557
4771
2557
1053
2557
1222
3145
983
736
1201
3719
1251
1649
2221
1649
609
645
3319
2107
1352
2107
3585
2107
4013
2107
3336
2107
4980
3674
1980
4617
3323
4734
4489
4232
2480
4232
4794
1143
4973
1390
2426
1294
1041
1294
1520
1294
3431
4721
2940
1805
2982
1805
2960
1805
1511
2411
476
489
587
489
3117
1035
2002
1035
3273
4657
3619
3803
4389
4267
1130
4267
5028
743
4947
1372
1917
1372
1395
1372
463
450
441
450
627
450
462
450
2114
3112
2318
1791
907
1376
3217
3880
1818
2668
4637
899
1837
899
1749
3116
2391
3839
1478
3839
3715
4140
1252
2214
899
2214
1803
2549
3656
3430
13
333
209
333
181
333
3777
5015
2493
5015
1095
5015
2072
1958
971
1958
1552
4510
4664
4510
4713
4510
1481
3727
1197
1657
4276
1657
3459
655
888
655
2687
4301
2054
4301
4812
1186
3575
1186
2018
1186
4014
2099
3662
2099
1990
2099
3096
3253
2106
3253
2861
1323
4738
1323
3433
1323
2266
4408
2823
4408
4668
4408
2424
977
52
97
1517
3534
3997
1182
3775
1182
2249
2328
1964
2328
2411
1255
977
1255
2977
1255
3257
3325
513
428
921
4219
956
4219
3005
1288
2259
1288
3035
2681
2494
3810
211
149
224
149
2043
2145
4526
4456
1163
4456
4719
4665
1540
4665
1203
4665
1559
3557
4346
4255
246
72
1098
1627
1965
960
4774
2719
2004
3107
322
312
130
312
2578
2674
914
2208
854
2208
3437
1964
3374
1964
3105
2847
4820
2847
1556
2847
4537
2831
669
621
553
621
4615
4380
3714
4380
3932
2525
4672
4478
2706
4478
4600
4478
2987
3528
1046
3528
3912
4753
3366
3365
833
2453
414
604
4886
1363
1590
1363
1916
1363
2824
2334
3014
2334
3314
2950
4656
3946
4649
3946
4731
3946
748
749
2489
749
5015
749
2488
749
2267
1836
4755
4707
3795
609
1862
3447
930
1006
1278
1006
1399
1065
1229
1065
1105
4993
3390
4993
3186
4993
2856
3063
2008
3063
4825
3063
1809
1002
2571
1002
2333
1002
3614
3853
5030
3853
1609
1923
4697
4272
4337
4272
2188
2168
3074
2168
1715
2168
3121
1832
1879
1832
4711
1832
1737
1832
4750
1832
3941
3942
1988
1855
4709
3925
1513
2928
2966
2928
2323
2928
2953
2928
1808
2928
1999
890
4040
4159
3948
4159
2930
4159
3959
4661
1540
4661
4846
1894
1844
4489
2178
4489
1499
4489
2591
1686
2143
2378
2041
2378
2226
2378
4390
4251
2670
4251
1340
4712
4287
4214
3740
3227
4951
3227
4614
1157
3865
1157
3946
4444
3485
4444
4522
2543
4444
2543
3233
2759
3707
2759
2296
2759
2933
2759
2213
2759
2844
2090
793
4327
4505
4327
2344
4327
4407
4327
4537
4327
4051
2714
4972
1407
1502
1682
3533
1682
504
531
449
497
589
497
472
497
66
89
172
89
260
89
1596
4068
4876
3280
3563
3280
4892
3280
4976
3239
3152
3239
859
3770
2224
3770
1785
3770
2456
3770
2932
3770
868
3770
3711
3770
4267
3770
1028
3770
864
3770
2666
3770
4326
3770
1106
3770
2656
3770
3841
3770
1442
3770
3876
3770
3578
1017
1112
1017
2104
2181
3583
3582
3543
3582
4611
2247
3236
2247
1330
2247
2185
2174
2698
2174
2226
2219
76
37
3974
1130
3237
1130
2562
2645
3411
4506
3552
3767
481
488
3666
612
2782
612
1664
4305
771
2934
768
2934
1338
3586
1469
2384
2652
2384
2556
2384
111
26
339
64
3790
1888
3790
1888
2693
2792
4408
2792
3215
3076
1777
1416
5019
1416
3437
2708
1029
273
4185
273
1031
273
2216
273
3902
273
1786
273
3360
2480
2501
4725
1219
2371
3283
2371
2700
2983
3654
2439
4139
4897
4199
707
4364
707
3554
707
4331
707
1657
707
4219
707
4320
707
4282
707
3095
3072
4596
2796
1168
4803
3415
1412
4659
3378
1288
2227
2999
2227
908
1545
1997
1545
2843
3714
4819
3714
2833
3714
3144
3543
3110
3090
4733
3090
3505
3090
2310
3759
3676
3759
343
142
213
142
3287
1009
1142
1009
2084
1009
638
559
631
601
3340
2239
3985
2770
3357
2280
2765
863
2458
863
903
2447
931
2447
936
2447
2765
2447
1257
2447
4546
2447
3351
2447
2300
2447
2548
2447
4451
2447
2546
2447
2452
2447
4358
2447
4349
2447
3492
2447
2381
2447
819
2447
1255
2447
1009
2447
2372
2447
1253
2447
2455
2447
1213
2447
1166
2447
2766
2447
2797
2447
924
2447
4355
2447
2458
2447
4125
2447
1060
2447
1463
2447
4438
2447
1271
2447
2463
2447
836
2447
3628
4693
4782
4693
1962
4420
3506
4420
1194
111
1103
111
3992
111
4167
111
4619
2946
3938
2946
2572
2946
432
555
2246
2063
1814
2063
1667
2942
629
630
4986
1608
4049
1608
4696
2853
2492
4050
3996
4394
3043
4394
3626
4394
1069
3168
2530
3168
4116
2925
4599
2925
1835
4518
2485
4518
3581
4339
4818
4339
4667
3928
4466
3928
4498
3928
4501
3928
1154
3928
926
3928
3693
3928
4588
3928
4570
3928
4000
3928
4200
3928
4252
3928
1063
3928
4323
3928
4327
3928
4377
3928
4266
3928
4332
3928
1120
3928
4222
3928
798
3928
3994
3928
933
3928
4329
3928
4509
3928
138
146
3585
3384
4928
3384
4732
4116
100
21
2749
4958
1495
4681
789
4681
4446
3792
2596
2076
4687
3708
2908
3708
2391
3708
2539
3708
3937
3708
1937
3708
2052
3708
2898
3708
2957
3708
2375
3708
1943
3708
1066
3708
2310
3708
2211
3708
1936
3708
3676
3708
3565
3708
1267
3708
995
3708
2941
3708
3980
3708
909
3708
1276
3708
2035
3708
2232
3708
2567
3708
3504
3371
3900
3983
722
3983
3345
3439
4939
3439
1602
1111
4933
1111
1175
1111
2086
757
366
203
904
4552
4702
4552
4127
3480
1770
3480
3936
3796
229
358
3012
2072
1312
2072
4933
4903
1181
4903
2102
1985
3210
1985
4842
4797
655
522
2968
4571
2164
4571
1280
4571
3934
3181
2009
3247
2009
3247
2825
2582
4795
872
3892
872
1043
872
4744
872
3914
3174
1416
3174
3798
3174
2952
4179
1188
4179
3881
4179
2778
4179
1013
4179
4197
4179
840
4179
2915
4179
1027
4179
3521
4179
2905
4179
2293
4179
2895
4179
1016
4179
4556
4179
847
4179
2033
4179
1389
3219
4931
3219
3266
1614
4993
1614
4365
1149
4522
1149
405
392
475
392
377
392
1643
3934
1612
1399
3610
1399
2498
2586
940
876
4587
876
29
81
2661
2767
4519
3645
2273
3645
3644
3645
2021
4885
1211
4330
4453
4330
2314
2376
1449
2376
4384
2376
4455
2376
2218
2376
824
2376
2217
2376
1462
2376
898
2376
3660
2376
2051
2376
4290
2376
844
2376
4091
2376
1251
2376
929
2376
2049
2376
1211
2376
1004
2376
4380
2376
3488
2376
2215
2376
842
2376
1787
2376
947
2376
2140
2376
1272
2376
3872
2376
4524
2376
1465
2376
1694
1668
4974
4961
4908
3084
1880
3084
2684
2791
4143
2791
381
669
652
669
590
669
3971
4757
1209
3488
3461
2372
1820
2805
439
516
633
516
544
516
4830
4821
771
4821
4665
4592
1256
2294
914
2294
3891
1411
3369
1411
1281
948
1282
948
2806
948
1536
3071
4718
2182
1848
2182
4788
1328
4856
1328
4056
1328
4016
2255
197
10
643
644
4525
3581
4525
3581
2167
2323
1506
4541
3172
5005
383
438
382
438
517
438
670
438
1500
1099
4639
1099
3435
2186
1238
2958
1138
2958
4534
2657
89
87
37
87
68
87
1580
3619
3304
1549
3450
1549
3801
1214
4429
1214
427
683
645
683
2517
3574
2513
3143
3130
4934
5027
3390
4663
4628
2251
4628
3003
1674
1685
1674
1822
1674
547
546
2096
3649
1306
3649
4662
1719
1082
4765
4881
4765
4789
4765
3583
1145
3543
1145
3128
1145
4983
2627
163
120
116
120
183
120
4672
3078
1344
3494
2118
3494
1513
1681
1513
1681
599
672
25
39
257
39
151
39
4204
954
4169
954
531
581
3674
2288
2745
2288
846
995
4663
1453
2317
1453
3883
1453
4583
3523
1528
3523
4513
3523
580
620
591
620
671
620
3019
4198
4389
4198
4575
4198
3502
4198
3652
4198
4427
4198
4430
4198
4975
2363
731
2363
2364
2363
4867
1334
4867
1334
1834
1950
1476
4020
3862
3455
3751
3455
1538
3455
4826
1525
3850
1525
4841
1525
1263
4263
4336
4263
1270
4124
1663
4124
3501
4124
831
4124
4829
4653
3447
4653
2715
4653
3996
4369
4017
4369
351
166
3034
2964
354
124
1579
1001
696
577
424
577
626
577
3821
3941
1358
3941
2283
3941
2115
1847
1888
1847
2274
1831
4350
3568
4378
3568
1123
3568
4459
4354
4597
4354
1208
3381
4090
204
325
331
325
2156
4226
3864
4226
2891
3182
2354
1325
4923
3255
1595
3255
4919
3255
4341
4283
1664
4283
2262
808
1973
808
4714
1534
2548
871
1255
871
2847
2581
3324
3323
2007
3323
1895
3323
4640
4437
2993
4437
855
1253
1643
3186
1998
4131
3828
1727
2484
3958
4938
3657
1221
3657
554
508
763
2619
780
1430
2255
2574
4422
884
3075
4613
3072
4613
1710
4613
27
371
3446
1839
2482
1116
3338
1116
3011
1116
1366
4785
3930
3376
3119
1880
4164
44
2135
44
1843
2084
3076
3791
3077
3791
857
1112
2709
2488
1783
1033
913
1033
988
1033
1782
1033
1781
1033
1210
1033
5024
1033
4812
3372
3575
3372
2018
3372
3695
4857
3793
1803
2082
1803
1831
1803
2204
745
2080
2071
3604
3805
3054
3805
3670
4921
2421
3294
247
253
1884
3363
5034
4989
963
4989
4613
3020
2623
2523
976
1365
845
2455
1719
1528
807
814
2637
262
1232
262
1314
2941
3921
2941
705
524
43
96
4285
3964
1206
3964
4316
3964
4079
3964
1259
3964
1247
3964
912
3964
1258
3964
3745
3964
958
3964
4194
3964
888
3964
4418
2568
1159
2568
970
878
4587
878
1500
4242
4255
4242
1829
4242
905
1107
902
1107
1830
2649
4567
2649
724
2143
3249
4834
1732
4834
1745
4834
4673
2390
3682
4474
2681
4474
4528
4474
1408
3627
4970
3627
1566
1557
3040
2078
3426
2078
1504
2078
3579
4291
1570
4865
4609
4449
1064
4449
1983
1810
4854
2494
3683
2494
3093
2494
1868
4038
3624
3288
1974
3288
3049
3288
641
394
626
654
650
654
3784
4248
1806
4248
2794
4248
4030
4248
56
257
3024
4658
992
2215
3754
1751
3330
1751
1037
3821
4544
2260
1235
4377
4511
4377
3291
4377
1829
2573
4031
883
3227
3358
1503
4071
4942
2518
1767
3535
1767
3535
450
679
605
679
1588
3269
733
2030
3873
3324
3975
3740
845
1254
3276
1533
1527
800
4826
800
1875
800
1543
800
1780
3779
3898
3477
2923
3477
811
1295
4483
1804
1474
4286
4383
4286
3784
4223
1772
4052
2066
4485
1964
4485
4073
3976
2505
3976
4816
3976
918
1034
4943
3293
722
599
673
1217
3972
2340
4422
2260
4422
2425
4422
1317
1301
409
656
412
656
631
656
639
656
2095
1697
380
529
2906
110
4155
110
4167
110
2051
2138
2538
2138
2065
4616
1284
4616
2429
2083
2022
726
4936
3729
1586
3729
3596
3729
2830
2917
1811
2917
460
556
3435
2589
4035
2420
1634
1629
3347
3963
4532
3460
4196
3460
4325
3460
4409
3460
825
3460
2554
3460
783
3460
4626
3460
2467
3460
4084
3460
1018
3460
4449
3460
1798
3460
3885
3460
1464
3460
2559
3460
2471
3460
1823
4550
3015
4550
4572
4550
382
682
775
3909
2798
3909
241
139
3764
1965
4722
1965
1568
1965
3589
1965
4107
1965
3916
1965
3146
2737
752
2737
3728
3046
1665
3597
3000
2469
4585
2469
4645
2341
4086
2524
1382
3364
3816
3042
3022
813
1709
2335
2338
2335
1711
2335
3002
2335
2381
1248
2455
1248
3332
3318
233
20
4181
1028
955
1028
70
66
99
24
1437
2493
3736
4534
2474
1798
2942
1798
1959
4415
4542
4415
3018
2990
2733
4774
2111
4774
1894
4774
1559
2277
110
80
308
302
237
302
152
302
1955
2902
761
2566
773
2566
4471
2787
4763
4749
962
2144
870
2144
921
2144
1658
2144
1456
2144
2044
2144
4529
2144
996
2144
2045
2144
1459
2144
4454
2144
956
2144
3368
2144
3973
2144
1455
2144
960
2144
1453
2144
1803
2144
953
2144
4113
2144
4436
2144
4373
2144
1030
2144
4610
2144
1656
2144
1458
2144
4001
2144
803
2144
954
233
1786
233
2445
3161
4970
3161
1119
2906
2429
2562
2166
2562
2680
2675
3329
2675
3958
2675
4342
2976
1122
4270
3019
4270
2817
2477
647
408
531
408
624
408
512
408
4007
4967
4995
4967
2217
2293
3488
2293
233
370
1842
4457
644
599
2866
3138
691
561
577
561
547
561
2346
2972
1642
1637
1097
1085
5026
1085
1355
3589
1163
4521
1071
4521
4790
3083
2609
2729
1892
2729
3149
2729
990
2011
1070
3917
981
3917
2619
3917
3260
3917
1904
1575
3293
1575
4924
1575
4381
1662
553
572
1547
3215
1723
3215
1729
3215
3261
3260
3168
3260
3642
1213
2992
3573
4122
3573
2180
2821
4413
2821
4391
2821
1486
3518
2967
3518
4617
3518
4384
1448
3660
1448
4380
2535
1835
1666
2441
2358
1145
4710
336
144
316
144
4004
2779
892
2779
2693
2779
2669
2779
904
2779
4217
2779
2685
2779
2949
2779
4008
2779
1127
2779
2684
2779
2690
2779
1207
2779
969
2779
4408
2779
4658
2779
2804
2779
4382
2779
2679
2779
4700
2779
1135
2779
1140
2779
2813
2779
787
2779
4143
2779
4702
2779
2692
2779
3472
2779
4110
2779
1548
2269
3123
2269
4425
2324
1159
2324
3296
2740
3296
2740
2196
3990
4901
4874
4443
1025
4429
1025
3933
3493
3951
4568
2095
4465
3331
3787
3606
4849
3275
4849
3719
4656
833
842
1741
3277
2342
1495
2092
4266
4413
4266
653
635
3647
3566
867
3566
4218
3566
3753
3566
4292
3566
882
3566
2545
3566
4188
3566
2214
3566
2792
3566
4330
3566
2902
3566
4319
3566
829
3566
2295
3566
4516
3566
2472
3566
2457
3902
4416
3902
2547
3902
2379
3902
4203
3902
2635
3902
1051
3902
4299
3902
2142
3902
4393
3902
2456
3902
2303
3902
1022
3902
1057
3902
2910
3902
2545
3902
4084
3902
1017
3902
4283
3902
4415
3902
1050
3902
4201
3902
4343
3902
4362
3902
1016
3902
3458
3902
4308
3902
4320
3902
3890
3902
2691
953
1677
1673
1683
1673
1684
1673
2254
1673
1823
2161
1698
2161
1237
3144
2200
3144
1303
3906
4876
3562
3563
3562
4892
3562
1562
3675
2702
1501
3810
1501
3796
1501
1663
846
1484
846
1670
846
506
646
510
646
671
646
1799
2460
3056
1689
2487
1689
1535
1689
2347
1689
1756
1350
3301
1350
3302
1350
2357
3420
3629
3420
4824
3420
3943
2963
1682
2963
1960
2963
2941
2046
1276
2046
3831
4678
2600
2597
254
92
1309
1200
2655
2909
4306
2909
2917
2909
3573
2909
4395
2909
4351
2909
3969
2909
2570
2909
382
494
672
494
549
494
3402
3737
4543
4429
2703
4429
3315
2364
1204
2364
2497
1333
3094
1333
3655
3469
2712
3341
3342
3341
2102
3341
2778
4195
1273
4195
2649
4195
2918
4195
1797
4195
4432
4195
1979
3524
3525
3524
1472
1454
4517
3335
4514
2318
2070
2318
2238
2318
2061
2318
2066
2318
1962
2318
951
2318
2064
2318
3999
2318
1036
4943
4963
4943
4562
2042
3568
2042
3481
1317
4118
1317
2624
3166
1926
3166
3979
3978
1919
3978
1591
3978
3318
4889
2740
4889
2861
4696
4738
4696
3591
4696
929
2901
1004
2901
4601
4538
3464
4538
2271
4538
434
527
1256
864
1129
864
299
259
257
259
4859
4844
4981
3162
3395
3162
2742
1715
3098
1715
1365
1715
2154
2895
4002
3544
1477
3713
3064
2561
3988
2561
638
625
685
625
2737
2854
3135
2854
2507
2854
701
613
690
613
694
613
693
613
692
613
474
613
628
613
410
613
901
1600
3316
4976
918
1638
373
397
404
397
391
397
3332
2197
3296
2197
2740
2197
3760
2346
1716
2346
1279
1050
865
1050
1349
3120
687
648
416
648
415
648
644
648
4867
2342
3243
2342
4847
2342
1765
4939
1921
4939
3217
1860
2601
1860
3961
1860
2596
1509
3245
4155
1701
3041
2089
3041
2834
3041
3529
2064
2414
2064
3030
2064
3970
4818
3957
4818
1665
4201
2386
4201
234
137
181
137
1121
3984
3739
3984
3080
1306
1311
1306
387
388
496
388
721
3070
858
2702
858
2275
858
3810
858
3796
858
3769
4240
2546
4240
819
4240
4355
4240
1186
1302
4632
4319
4337
4319
4384
3383
4524
3383
3582
1877
2013
3971
3972
3971
4058
3189
521
667
577
667
1870
3700
1393
1385
1383
1237
1669
4497
3020
4497
1048
3538
589
579
472
579
471
579
433
651
1644
4704
4631
1162
4631
2784
4167
4202
4167
711
3173
3366
2848
1616
1613
2880
1613
1086
1935
996
3822
4113
3822
3979
1752
1919
1752
1591
1752
843
4113
3933
3665
3615
3632
3615
1632
3615
1181
1175
54
126
371
164
365
164
3868
1999
3549
1999
4875
1999
2418
2058
1960
2058
1364
3826
3330
1756
4505
829
3994
829
4716
4699
3829
4699
1993
4699
3234
4906
25
364
27
364
254
364
365
364
49
42
41
42
1715
3346
4666
3197
3733
3197
4297
3854
4433
3854
2746
1924
3852
1924
3576
1869
3576
1869
407
641
4035
4590
595
515
534
515
388
515
4217
4187
1127
4187
2361
2120
2029
1229
3279
4332
1123
4332
519
468
491
468
3210
3342
3422
3064
3435
3064
1369
4918
1972
775
3123
775
4698
4624
4669
4624
2041
1082
4789
1082
4789
26
357
3341
2166
3000
2978
3311
4744
1257
841
2300
841
4647
1506
4011
1506
835
837
2227
837
2311
837
2117
2007
1035
3901
3231
3901
351
46
587
574
4787
2162
4755
2162
4769
2162
1672
2162
244
11
244
11
1177
4128
3497
1893
3497
1893
3812
2713
3337
920
1141
920
4079
920
3877
920
4229
920
822
920
3871
920
4247
920
2912
920
1610
3561
103
292
1701
1502
2089
1502
3082
3895
4130
2544
2567
2544
2087
2173
2182
2173
3608
4347
5018
3848
2624
3848
5017
3848
3174
3848
4996
1918
1762
1918
4513
1661
2619
2615
1077
2615
1668
2933
2827
2933
4622
2822
1812
4288
3989
4288
1827
4288
4318
0
1262
0
1795
0
4385
0
4284
0
1793
0
1259
0
4177
0
4419
0
4553
0
524
545
74
94
107
94
3746
1309
3073
1309
4721
1309
3628
2826
4723
2826
3410
2826
1000
2826
1986
2826
3349
2826
118
121
2121
4806
3214
4041
2095
4041
4761
3058
4097
3058
623
492
526
492
4717
2984
2511
2016
4410
4092
1046
4092
4742
1517
3812
2189
3706
2383
2315
2383
2812
2971
657
658
2049
2538
4963
2012
4957
2012
4096
2012
240
330
338
330
166
330
2105
2700
2000
2700
230
354
4136
4503
153
67
12
67
4791
1729
4515
3011
3326
4609
2186
4609
2589
4609
1939
3697
3869
2085
2871
3301
1733
1972
4920
1972
3062
1972
1902
1972
4134
2637
4074
2637
3924
1293
3442
1293
3190
744
362
129
198
129
289
129
3067
1976
1406
3804
1774
3804
3351
4279
4358
4279
3696
3295
1067
1477
3874
1477
2264
1477
2834
3533
3193
1779
1398
4948
4052
4948
4122
4030
1599
3254
3482
1324
3416
1324
2119
1740
1350
1740
3124
1740
255
243
227
243
20
243
2678
1269
2689
1269
3853
4985
3425
4985
2908
2448
3806
2448
3844
1535
629
553
4839
4810
2073
2666
4041
2666
3384
4045
2743
1358
238
34
178
34
36
34
2298
2213
2299
2213
4481
1821
3474
3751
2634
885
2643
885
946
2575
3966
2662
3729
4858
4598
4564
3356
2501
1363
2501
2610
2501
2694
1161
3309
1161
3659
1161
1048
2673
4808
4756
4808
4756
1561
4756
3103
2495
2727
2495
3847
2495
5020
3798
1424
3798
2041
738
13
102
104
102
1553
3248
3089
3248
1841
3248
3516
1318
99
256
1518
1042
3258
4972
1626
4972
1774
4972
2347
2333
1398
1364
1375
1364
4052
1364
2057
2454
2549
2454
2309
2454
968
815
1146
815
4651
1046
1827
1046
2269
4778
4948
1597
3683
3965
3093
3965
4913
1909
2384
4453
2384
4453
4900
2200
4691
2689
3649
2689
4570
1460
1422
5031
2751
5031
3363
2350
3363
2350
3630
3629
3639
1963
2982
1963
2984
1963
1813
1963
1849
3030
4179
598
3238
2254
3042
2254
2592
2254
1401
4970
870
2533
4114
2533
4061
988
1733
4910
4400
3666
4307
3666
4203
3666
1206
3666
1949
3666
790
3666
3531
3666
1492
3666
3343
3666
4494
3666
1941
3666
2046
3666
3640
3666
796
3666
4009
3666
4220
3666
4138
3448
3656
3448
2110
1518
4768
1518
2278
1518
2528
2751
4671
4635
450
389
4930
1573
3143
1573
4085
1573
1462
1260
3872
1260
1874
3213
3915
3213
4987
1215
3698
1215
613
634
3701
3575
2119
3662
1342
3662
2115
4758
4823
4011
3114
4011
3120
4011
4953
1917
896
1083
2618
1589
2521
1589
1381
1589
699
410
4015
3085
2235
2301
2810
2301
3509
2301
2924
2301
1947
2301
2768
2301
3947
3637
4838
2697
4838
2697
1832
1138
2688
4205
4390
4205
3514
4205
892
4205
4253
4205
2693
4205
904
4205
4217
4205
1127
4205
2684
4205
2690
4205
4658
4205
4382
4205
2679
4205
4700
4205
1135
4205
1140
4205
4702
4205
2692
4205
4048
4944
4464
2804
754
761
2722
761
395
519
4687
2295
3565
2295
424
571
3688
994
118
49
31
49
2149
4227
4276
4227
258
172
2195
1335
4781
1335
4902
1335
2269
2248
898
3454
4290
3454
1319
1524
4729
1524
3417
1524
2693
4314
2667
4314
2179
1469
3808
1469
1475
4151
3849
1341
1913
1341
2014
1341
4636
3333
4627
3333
3241
3333
860
4436
1486
2965
3680
1737
1746
1737
1854
4584
961
3200
4416
3200
1136
3200
1052
3200
4345
3200
1266
3200
1185
3200
4224
3200
799
3200
4270
3200
1260
3200
1450
3200
4322
3200
3745
3200
4432
3200
4561
3200
4895
4878
1764
4878
3498
4878
4060
1420
1425
1420
1884
3350
1630
2629
1631
2629
3486
3689
3901
3689
2076
3501
2697
3501
2423
3501
3904
1906
1382
1906
3703
1906
2856
1562
2008
1562
4825
1562
3221
1675
2336
4373
3307
4373
1144
3908
3673
4192
3673
2779
3673
608
587
3360
4259
4920
1902
4920
1902
1576
1566
2238
1023
1966
1023
3493
3495
1125
3495
477
562
571
562
525
562
1297
1277
919
1277
834
1787
3719
4649
2360
4856
706
440
3649
1493
2481
955
3312
1990
3224
4674
3621
4674
1196
4674
3966
4172
4198
4172
1040
2798
2237
4191
1054
4191
4800
1041
383
640
451
640
487
640
904
3509
1140
3509
2188
3860
2188
3860
3346
3860
359
152
224
69
272
205
4701
1120
1976
1120
3023
1120
3058
3050
4677
2229
2946
2229
40
127
3313
3638
4583
4507
709
3600
2443
2869
784
2924
778
2924
434
607
1168
1713
3847
1713
2604
1713
2500
1544
4748
1544
4712
1544
3335
4343
4607
4343
3445
136
3697
136
885
136
4053
136
4315
136
4899
2502
4768
2502
1617
3715
4034
3715
2695
1162
1268
2893
4054
2893
1443
2893
1243
2893
4307
2893
3709
2893
2032
2893
1261
2893
4331
2893
2038
2893
2220
2893
3479
2893
1440
2893
2536
2893
2292
2893
3711
2893
1649
2893
4330
2893
2138
2893
1798
2893
2293
2893
1448
2893
2901
2893
3383
2893
1260
2893
3877
2893
2034
2893
3955
2893
3705
2893
3499
2893
3263
2893
3478
2893
3057
4644
1748
2506
4073
4142
2505
4142
4816
4142
4693
3007
3411
4461
3046
4461
3935
4689
4943
4896
4924
4896
1978
4751
4512
1717
4512
4533
3317
1318
3317
3406
3317
1968
1166
4446
1166
1837
4706
4936
4899
1586
4899
3596
4899
1851
1826
4675
3756
2553
939
4137
939
4265
939
2951
939
1457
939
4174
939
2379
939
2305
939
874
939
1212
939
2543
939
2958
939
878
939
2448
939
1246
939
821
939
3263
939
1083
980
4424
3999
2249
3999
755
3999
1817
3999
4676
3999
2075
3999
758
3999
1068
3999
776
3999
3000
3999
4245
3999
1966
3999
1143
3999
1964
3999
2071
3999
2248
3999
3506
3999
2077
3999
751
3999
4492
3999
4634
3999
1039
3999
4585
3999
767
3999
770
3999
1819
3999
503
624
201
175
301
175
127
175
1143
797
1819
797
2562
2309
1638
3175
1934
1933
3315
1615
1522
1822
3771
3752
3541
3752
3013
3752
2588
2661
1668
2661
2827
2661
3004
2918
3523
2918
1713
3935
3060
3935
4696
3613
1065
1173
1
84
3482
3644
3694
1538
2194
1538
1739
1538
4786
3237
2838
3237
2837
3237
208
163
64
163
11
163
911
3012
3449
1700
4801
1700
1537
1700
1354
3385
4816
3385
4368
4183
3652
4183
3063
1189
1873
4525
1877
4525
3265
4525
1921
1383
2125
1383
1462
3877
2049
3877
3507
1971
3755
3302
2804
4326
4110
4326
3273
3016
1205
2517
4139
2517
1989
1984
3420
3306
3913
4382
4503
4382
2117
1895
387
491
1327
3502
3533
3502
575
537
2483
4163
1840
850
1676
850
1345
1561
4440
4298
4830
4298
4368
4298
2268
4298
1122
4298
760
4298
4632
4298
4586
4298
4746
4298
771
4298
778
4298
927
4298
4697
4298
768
4298
1130
4298
4518
4298
757
4298
3294
4298
1495
4298
4411
4298
4337
4298
4370
4298
942
4298
3141
4117
4915
4117
3295
4117
4605
3893
1862
2715
4491
4362
3518
4362
3725
1901
4936
1901
4997
4007
1178
4007
3515
4411
3030
4411
846
947
1519
3506
2251
2317
1334
789
2417
789
1599
4796
2614
2509
1714
4718
2087
1064
4718
1064
1848
1064
200
8
1350
1342
765
773
3574
2860
3826
2860
1912
2860
4640
4102
2337
4102
4101
4102
215
329
126
329
119
329
368
329
3228
3229
2158
2050
2100
3869
2190
3869
2191
3869
3497
2600
3216
2600
1893
2600
3947
3924
2105
1854
4848
1854
4880
1854
3099
1854
1880
1854
1872
1854
2097
4493
1026
2638
881
2638
1487
1197
1291
1197
1675
1197
1906
1346
3226
1346
2815
2237
379
478
399
478
2197
4012
2153
2385
3663
2385
2770
2385
2644
2385
2773
2385
945
2877
724
2302
2339
766
155
47
1326
4600
56
118
364
118
461
650
686
650
26
32
4109
3517
3406
4481
3516
4481
4734
4016
2101
4016
1320
4016
895
762
4468
2306
3986
1058
3710
1058
2027
4075
3181
4075
3005
2999
4766
2999
4831
4799
2150
2756
3903
3309
1925
4951
3570
4951
817
4230
4463
4230
4263
4230
3198
4230
1426
2752
2204
2752
748
2175
2488
2175
2800
2644
439
564
509
564
1957
3918
1081
3918
4405
3918
3887
3661
1714
1848
4261
2935
1818
2935
3821
2613
4847
4800
973
3242
1085
3242
2387
2766
2146
2766
1264
2766
2510
3118
2737
3118
4591
1048
4520
1048
2897
2135
1413
4984
2880
4984
3299
2587
903
877
1060
877
708
1640
4454
4229
4288
4229
1415
1598
4995
1598
3827
1598
1687
1679
467
633
637
633
557
633
2078
4395
2242
4395
4940
3246
431
525
2654
2762
2229
2762
1233
3651
1324
1858
2436
1721
2809
1485
1305
1485
3867
1485
3721
3797
4672
1829
2706
1829
1326
1829
754
756
2086
756
3597
3483
3940
3939
2504
3939
3925
4599
4638
4599
4850
999
1209
3980
1995
3704
3412
2077
4537
935
1120
935
4759
4731
937
395
3348
395
5023
752
4062
3069
3132
3124
4482
1054
1411
1409
1073
715
128
342
3396
2442
1736
2850
255
68
4974
1604
2577
4596
2419
4596
4706
4596
2247
2060
4658
2789
2679
2789
787
2789
1495
2947
132
195
249
261
243
261
367
261
764
2446
1845
4638
1043
4638
4744
4638
4028
1864
4024
1864
1037
2283
704
552
4867
1551
4080
3621
3620
3621
3811
860
3070
860
4619
860
2841
860
4852
860
4437
2773
218
355
4667
2222
926
2222
793
2222
3739
2222
4148
2222
4313
1101
4214
1101
2655
3540
3998
3540
2951
3540
2959
3540
2329
3540
4403
3540
2664
3540
2400
3540
4190
3540
4292
3540
4271
3540
2665
3540
2407
3540
4685
3540
4232
3540
4354
3540
2568
3540
2324
3540
2561
3540
4631
3540
1277
3540
2187
3540
2656
3540
1947
3540
2401
3540
2954
3540
2782
3540
4894
3093
739
3698
1628
3698
3699
3698
3611
3579
1317
3579
4061
1095
3706
2226
718
2226
3967
2797
2176
2797
4493
2797
1497
2980
349
119
32
119
1674
2939
4032
2483
3452
4445
3082
4445
549
517
1763
4945
3158
4945
1534
2704
3215
3077
745
1417
2752
1417
945
918
4278
4246
2476
4246
84
40
4407
4215
4317
4215
2118
5007
3135
980
3135
3632
3135
1370
3587
1059
4900
1151
4900
3326
2242
2186
2242
2589
2242
2113
3766
4695
1012
4804
1133
1521
1133
2894
366
2135
366
2256
2246
3763
3762
3202
3762
476
563
385
563
523
563
1469
2651
865
1016
1112
1016
3130
3773
3284
3283
3220
1402
1773
1402
2025
2621
1624
1775
4985
1775
3325
4724
4858
4724
1994
4724
1234
4222
1015
4053
1790
4053
3647
4053
2139
4053
2537
4053
3322
4053
2541
4053
4284
4053
4171
4053
1021
4053
3531
4053
2905
4053
2467
4053
4166
4053
1447
4053
1006
4053
2543
4053
1149
4053
1028
4053
1058
4053
2762
4053
2540
4053
2377
4053
4236
4053
3813
4053
4322
4053
4565
4053
4247
4053
2039
4053
3476
4053
4426
4053
698
547
1144
1152
3223
3222
4873
3222
4862
3222
3785
1285
723
1285
2973
924
2972
924
1666
924
2428
2698
936
869
2548
869
4622
2579
4983
1406
1626
1406
424
480
440
480
525
480
1014
2540
2646
2540
4043
2093
1564
2093
3083
2093
1316
2093
3951
1687
1726
1687
4344
1156
3378
1156
2990
1156
1906
3226
1906
3226
1026
4423
1161
4423
3489
4690
4720
4690
893
262
9
3010
2069
1480
4304
2478
4304
1918
2124
644
675
1875
3850
1598
1920
3747
3442
3115
3060
3397
3060
4869
3060
3926
3060
4884
3060
3731
3060
3621
3789
4435
4177
4681
4177
4283
4177
4187
4177
1277
4177
4450
4177
4612
4177
1870
3446
4602
1007
3379
3947
2351
3947
3923
3947
1335
1841
3840
1837
4803
1837
220
265
550
576
1389
3622
1557
1552
4825
3815
1575
3815
3439
4093
4338
1102
4257
1102
4334
1102
4256
1102
4679
1102
4620
1102
1087
1102
4083
1102
4639
1102
4443
1102
4067
1102
3801
1102
4508
1102
4476
1102
4623
1102
998
1102
1072
1102
4545
1102
786
1102
4433
1102
4214
1102
808
1102
4242
1102
3288
1102
4422
1102
4429
1102
4584
1102
1133
1102
4363
1102
4581
1102
4593
1102
2661
2221
3523
2994
4717
1813
1198
4502
1290
4502
3224
4650
1196
4650
1843
4260
3287
4260
4017
3626
3274
1556
3606
1556
1573
1556
3584
2140
2145
2140
2942
2140
4453
2140
2221
2140
750
2393
2955
2393
194
141
702
500
1337
4784
4257
1106
3288
1106
2714
2179
2846
2179
2272
2179
4732
965
3886
2258
135
112
188
112
331
112
1531
2424
1402
2441
2290
2441
2139
2369
2820
2369
2490
3464
795
798
4046
245
1273
245
4040
245
3559
245
756
2955
3737
3738
3441
3738
1049
4517
3371
4517
3601
2028
1932
2028
3181
2028
714
2028
4946
2520
1079
4147
4624
4147
3540
4147
4448
3360
1856
3360
3067
3023
240
328
273
22
362
282
92
282
259
282
7
282
2705
2988
1157
1800
972
1800
1461
1030
3344
3885
4550
3885
1143
4558
4585
4558
3861
4864
4352
4276
1074
1117
1722
3377
3549
1883
1752
1883
4012
1883
4850
1883
4875
1883
3939
4835
4868
4835
2978
4475
2080
4475
749
751
249
128
3524
3241
3799
2264
780
1433
716
1433
753
1433
1075
1433
717
1433
709
1433
764
1433
1073
1433
1074
1433
5036
1433
1086
1433
1114
1433
1083
1433
762
1433
918
1433
1152
1433
893
1433
4061
1433
1109
1433
713
1433
1124
1433
708
1433
1210
1433
3233
4081
1066
4081
2155
3458
4527
3458
2289
4909
4937
4909
3372
4716
407
554
1637
3187
1578
3656
1761
3656
3436
3435
4776
3435
3532
3435
3971
1726
4104
2418
3321
3320
2184
3320
3028
3320
1380
3744
2765
1250
1253
1250
2218
2034
4303
2761
802
2761
2795
2761
2058
2761
2954
2761
791
2761
4557
2761
4500
2761
232
82
4684
4387
3511
4387
927
804
942
804
4293
3652
4324
3652
3651
3652
4927
1722
3680
1722
4877
1722
3127
1722
3638
1722
1907
1722
221
365
4437
4333
527
680
388
680
1328
4112
906
4061
49
48
51
48
50
48
733
1204
736
1204
3244
3258
5000
3258
340
117
4370
2464
2600
1846
1108
1109
1366
3424
3688
1354
2519
1354
1225
1354
1620
3441
2627
3441
1628
3369
1428
3369
3192
3369
1928
2025
4075
2025
844
3955
947
3955
4793
2738
3557
4668
2277
4668
4118
4668
2445
2360
3157
2360
4970
2360
2442
2360
3677
4023
5034
4023
3614
4023
4559
4367
1815
4367
2832
1953
3566
704
1003
4556
1167
4556
3782
3520
1236
3520
4608
1842
1853
1842
1943
1450
2933
1450
3758
2815
1218
2622
4938
2622
2128
2622
4997
1401
1178
1401
3339
4107
4491
4308
1055
4308
3799
3994
1304
3994
4992
1151
3298
1151
3375
3221
2842
3221
3907
3221
1929
2626
3798
2626
1402
1395
4117
4884
2881
3179
2753
3179
2807
4401
2979
4401
2067
4401
1061
4401
3307
4401
4688
4578
4826
3393
3087
3393
3850
3393
907
3140
2744
3140
441
496
2541
430
2910
430
2138
430
4239
430
3463
430
3572
4355
3636
4355
2969
4355
4887
3264
2109
3264
2512
3264
3389
1198
3037
1198
1975
1198
3664
2241
4070
2241
2581
2241
1531
4809
1329
2187
4425
2656
1296
2656
3562
2435
4955
1348
1385
1348
2621
1348
3642
3418
4695
1011
858
2458
1831
3761
2622
2744
2079
2320
2161
2320
4124
4125
484
623
3421
4956
2055
2652
816
4610
406
615
376
615
3987
3988
1307
3988
198
7
3555
4764
4870
4764
1578
4764
251
90
105
90
20
90
1635
2885
3801
4280
3288
4280
4944
4935
2228
2377
2773
2377
444
551
4501
822
4323
822
1200
4372
2265
4372
4490
4372
2828
933
3534
933
1696
933
2126
4931
2126
4931
3092
2417
1551
2417
1709
1704
1711
1704
3404
1980
3576
1980
1869
1980
3492
4173
73
150
21
150
2950
4606
1953
4606
3863
4606
451
652
459
652
472
652
683
652
1900
3829
1965
826
4440
1483
4830
1483
760
1483
3019
1483
1115
1483
784
1483
771
1483
778
1483
927
1483
4389
1483
768
1483
757
1483
1495
1483
3502
1483
2223
1939
941
1797
4366
1797
2471
1797
3327
3485
4594
4121
3952
3721
3489
3721
4090
3858
2822
3858
2579
3858
2922
1651
2645
1651
2640
1651
2641
1246
4057
984
5011
2133
2887
2133
4105
3679
892
4351
3472
4351
3081
3598
2648
4236
4540
4236
1024
3640
1116
3640
1546
971
3095
971
4953
1118
2183
4427
4457
4427
3248
4427
3507
3048
1647
1242
4209
1242
473
605
411
605
688
605
697
605
2340
2156
2260
2156
2425
2156
2840
2687
3375
2687
3259
2687
2430
2687
2842
2687
3907
2687
3244
4983
1898
4790
1891
4790
2116
4790
3111
3095
4753
3095
2726
3095
3404
1698
3576
1698
1869
1698
3289
1579
4922
1579
3246
1579
1238
2406
2242
2406
3954
4405
419
649
513
649
1554
1540
262
258
1094
1093
37
363
68
363
2017
4824
4708
2775
1562
3101
4471
2152
3347
2152
2871
2285
1287
2402
1138
2402
107
71
1558
3551
1558
3551
5018
1621
712
1621
952
1621
1423
1621
3527
3864
1480
3864
2478
3864
3096
4838
2106
4838
600
686
413
686
398
686
601
686
1539
4544
1011
4544
2710
2841
4142
2837
4979
978
1524
4589
4840
3604
1371
3604
3625
4065
3297
4065
3933
713
4595
2920
1644
1124
3812
3054
3340
3409
2363
4950
4966
4950
753
1069
2601
2721
3880
2721
3136
2858
3135
2858
5036
5029
2620
1762
3165
1762
2873
4952
3787
4952
4968
4952
2152
2640
4930
3133
3373
3133
1160
2679
2002
2598
1396
1766
518
535
577
535
678
535
2585
4700
1971
4700
3048
4700
1157
4452
4609
4452
3373
4085
12
104
655
639
4945
1587
2163
2048
3321
1135
2184
1135
3028
1135
4350
4294
4378
4294
4578
4294
889
848
1254
848
4011
3417
4310
4239
1156
4239
1070
1077
1378
1077
3722
4471
579
566
495
566
4873
4831
1348
4831
1553
2829
3089
2829
1841
2829
2812
4320
2047
4320
2346
2485
417
674
546
674
678
674
1071
3841
965
3841
2069
1947
1299
1947
3218
3837
1090
3837
414
642
422
642
699
642
419
642
656
642
607
642
2869
2864
360
74
1905
4738
4114
1446
2144
1446
4288
1446
1651
1446
923
1446
1114
901
956
1789
3368
1789
60
30
295
30
4657
1060
3371
1060
3016
1060
1351
2604
2011
2604
4917
2604
3788
3920
4372
3920
2392
1442
1889
1850
3108
1850
2850
1850
895
209
185
67
185
3572
2054
3636
2054
2969
2054
719
2409
938
4134
4526
4134
852
4134
861
4134
1003
4134
1163
4134
1024
4134
1167
4134
3196
4134
4978
4968
3944
4890
1868
2095
1186
2095
4038
2095
4996
3156
1762
3156
1653
1226
4321
1226
1457
1226
4281
1226
1655
1226
4318
1226
4421
1226
4353
1226
1792
1226
4376
1226
4456
1226
4286
1226
4521
1226
1454
1226
4556
1226
3640
1226
4441
1226
1231
1226
2911
1226
57
223
4083
3687
4508
3687
4476
3687
4623
3687
4545
3687
786
3687
808
3687
4584
3687
1133
3687
4581
3687
4593
3687
689
573
184
356
4590
3406
1689
854
1927
1222
4984
1222
1832
4618
984
3152
3323
2101
3565
3285
995
3285
250
14
4952
4924
4764
3775
1620
3402
3258
3402
4983
3402
81
55
2775
2551
2409
2551
1686
1283
3983
1283
2526
1773
2368
1773
1622
1773
4929
1360
4068
1360
2183
2953
2240
2953
2801
2953
4457
2953
2980
2953
411
458
441
458
3079
2842
4184
2450
2390
2450
4814
4768
4802
3025
3035
4528
3131
1738
1567
1738
3617
4028
245
138
473
681
462
681
543
681
448
681
4051
2846
3180
4971
2957
1464
2941
1464
950
2109
3856
2354
4810
2354
3512
2354
4569
4430
2205
2204
4512
909
3726
909
600
509
443
509
555
509
2001
3106
3555
3556
3614
963
2890
1626
2952
2395
2468
2395
2319
2395
2405
2395
802
2395
2404
2395
777
2395
2564
2395
1949
2395
2322
2395
2321
2395
2793
2395
783
2395
2945
2395
2565
2395
2788
2395
2325
2395
2328
2395
4420
2395
4485
2395
2469
2395
1023
2395
797
2395
4558
2395
4475
2395
4401
2395
4182
2395
2053
2395
759
2395
2472
2395
2570
2395
4561
2395
4311
2395
993
4850
1237
4850
2200
4850
2397
3813
1164
3813
606
420
1515
2151
3446
2151
4121
2151
2005
3102
1820
1815
1769
3552
1625
1622
3399
1622
1297
2401
1184
2401
3777
4103
1117
4103
925
4103
3461
1652
3716
3722
1216
3722
2439
3722
3797
3722
3354
3722
268
131
3553
3250
3470
1744
3219
1744
3448
1320
1105
4034
2888
4034
3821
976
2743
976
4035
3726
3152
729
4543
1656
2178
1656
1499
1656
1435
2005
2348
1205
4916
3892
4709
4005
1187
4332
1187
2578
1458
2173
4492
2199
2198
2081
972
2582
972
4071
972
3591
3433
3980
1241
2035
1241
4338
821
4334
821
1003
4441
4135
4441
902
1377
2658
3883
903
4269
1652
4269
987
3117
1647
4162
4715
4664
4655
4211
2987
4211
2991
4211
801
4211
2992
4211
4483
4211
4122
4211
968
4211
2677
4211
4289
4211
2415
4211
1146
4211
2683
4211
4410
4211
2678
4211
2676
4211
4595
4211
3788
4211
2682
4211
4458
4211
2674
4211
1157
4211
4116
4211
2675
4211
4609
4211
1046
4211
2689
4211
1064
4211
4599
4211
1198
4211
4372
4211
4294
4211
972
4211
1290
4211
4850
1885
3020
4254
4291
4254
1829
4254
2886
740
3508
3800
4725
3800
779
1693
4363
3045
4363
586
539
29
100
365
361
1611
1393
4989
1393
2839
1140
3215
1140
2444
737
2362
737
1204
737
1951
4684
1189
4684
4752
4684
1068
4182
4245
4182
711
1179
712
1179
1639
1179
1117
1179
3968
2106
2603
2106
1400
3395
2525
3395
2004
4750
1601
4979
3495
4979
1242
6
4162
6
2055
2556
1719
4383
1661
4383
4507
4383
44
51
2849
2102
4946
3151
1771
1221
3741
1221
1517
2813
1700
2813
3257
1994
1969
4337
1692
4337
2781
2552
3574
3401
1364
3401
1516
787
1572
3450
2274
4549
3618
4549
2093
3842
4800
1520
1096
3953
3468
3953
1830
3953
4459
3953
1834
3953
3523
3953
4106
2023
1086
902
4638
4574
476
493
574
493
622
493
4965
990
2286
990
694
688
421
688
4894
4868
4448
4025
2809
1955
1005
1955
1305
1955
3355
3028
906
2376
1441
425
614
426
614
1384
1369
1229
1369
1603
1369
1339
3109
1111
3354
5022
1424
851
3846
4349
1258
1009
1258
3500
3204
3587
3204
3182
2883
1217
2117
1581
2117
3255
2117
3081
4735
2707
4342
2816
2800
2673
2800
4579
4513
4066
1988
1731
1988
230
170
2270
4143
4544
4143
2857
2722
2854
2722
3118
2722
2858
2722
3828
4097
337
116
78
116
11
116
117
116
3055
2250
2090
3034
1980
3034
1594
1761
610
585
4934
2726
1223
3348
4299
3348
3451
3348
912
3348
4685
3348
4387
3348
2916
3348
4414
3348
4426
3348
3478
3348
1641
1418
1087
917
4584
917
1574
4816
4439
4391
834
3198
2227
1264
2499
2433
3225
4118
1821
2814
3372
1993
429
549
4370
1490
4569
2659
4169
1786
1542
3995
795
4702
2812
4204
3723
4204
2155
4204
3593
4204
4491
4204
1224
4204
4341
4204
4527
4204
1279
4204
4542
4204
3578
4204
865
4204
1174
4204
1002
4204
4571
4204
948
4204
1112
4204
814
4204
3518
4204
3335
4204
3333
4204
4102
4204
2156
4204
3864
4204
3846
4204
4233
4204
4745
4204
4607
4204
3484
4204
2594
4450
933
4450
5010
5009
3191
5009
728
1567
1582
1567
1310
1020
1523
1020
2704
1020
423
536
585
536
2255
1276
3661
1276
3911
1276
695
590
2410
2311
2470
2311
3220
2878
1773
2878
4963
3670
4957
3670
4096
3670
1129
4348
934
4348
736
1394
2030
1394
1615
1394
3627
1907
850
4001
2163
1272
4335
4277
1938
4277
774
941
1153
1782
1431
1782
652
671
288
38
121
38
4
38
1796
4322
2231
4322
3715
1205
4971
1205
913
1423
3615
1423
4103
1423
1498
3353
431
418
1130
2465
3652
2465
800
4634
1531
2428
3818
1736
2611
1736
3450
1736
1435
3425
1357
1355
1360
1355
1362
3203
3336
4928
3063
4717
4752
4717
4022
3954
4530
3954
2444
2024
3331
3330
4968
3330
3407
1969
3675
1969
932
4386
3511
4386
1884
1191
1901
1732
384
565
555
565
633
565
3754
2871
1083
3632
4722
4675
4107
4675
3286
2692
4589
2692
3047
2692
3526
2808
4855
4841
2867
4841
1909
4841
2517
1912
3984
359
4146
359
2967
2231
4617
2231
2965
2231
4735
2696
3848
1388
1588
4813
2754
2884
2998
3636
1526
3511
1989
3511
3009
3511
1329
1039
366
31
14
31
3899
1916
4701
1080
1976
1080
3319
3265
3268
1570
1755
1570
1409
1570
3831
2434
4141
1263
1659
1263
3487
3210
2199
3210
3052
4585
3012
4585
3053
4585
4365
4315
3884
4315
1372
4892
3183
3667
3415
3667
3658
3667
1459
4516
4114
4516
4210
3948
2956
3948
2327
3948
2235
3948
4345
3948
4296
3948
2473
3948
2233
3948
1019
3948
785
3948
2326
3948
4412
3948
3753
3948
2961
3948
2958
3948
883
3948
2058
3948
2666
3948
4191
3948
4395
3948
4246
3948
4367
3948
2320
3948
2406
3948
2402
3948
2948
3948
2236
3948
796
3948
2559
3948
4612
3948
2287
2018
4980
2745
753
2530
4152
4146
4148
4146
406
616
594
448
458
448
3065
3033
92
151
944
2353
3149
2353
2736
2353
3021
1960
2646
4565
4689
4565
1315
1463
3995
1463
3749
1463
3104
3428
4828
3428
4544
2425
1828
4468
2681
4468
4528
4468
3496
2203
1560
4828
2202
3465
4650
1047
1384
1596
1229
1596
1603
1596
3316
4977
1510
4370
4538
4370
606
523
1096
2954
3008
2954
2256
2330
4560
4044
2802
4044
4187
4044
4208
4044
3270
1592
247
106
4369
4089
2091
3659
1147
3814
2402
3814
964
3814
2394
3814
810
3814
1107
5019
1781
5019
3359
606
828
606
46
235
4037
2995
4055
3311
3926
3311
3397
3878
4884
3878
2245
2670
440
678
650
678
418
678
379
393
378
393
614
393
380
393
1313
3001
4382
964
2692
964
4111
76
4098
76
1232
76
2398
791
3061
2265
369
70
224
70
342
70
223
70
225
70
2614
1899
5005
1899
3197
3434
4529
2210
3461
3745
1463
3745
1816
2948
1682
2948
3623
2667
992
2035
3721
4621
4834
4792
1154
805
798
805
3954
4366
1676
4033
1673
4033
2010
1559
1568
1559
3916
1559
1588
1743
3473
1743
927
4557
3294
4557
3377
3530
4126
3692
4822
4741
4066
4741
1341
4741
2583
3808
4211
1476
4967
4106
4582
4329
2266
4329
2149
3871
3713
3871
2045
2632
1455
2632
2602
1977
3022
1290
3982
3231
3494
3231
1967
3884
2330
3884
2643
2636
4444
2636
357
16
352
16
4965
3696
2286
3696
2520
4913
1222
4913
3151
4913
4135
1472
4546
958
2797
958
3234
2511
3949
2511
4845
3134
4842
2610
125
50
2427
4597
1062
611
3200
611
4384
4180
4455
4180
824
4180
2217
4180
1462
4180
898
4180
3660
4180
2051
4180
2904
4180
4290
4180
1251
4180
929
4180
1467
4180
1211
4180
1004
4180
1787
4180
947
4180
1272
4180
4524
4180
4470
1159
4133
1159
4592
1159
258
367
1945
2757
1541
4752
1549
4752
3361
2499
3730
2499
2280
2499
5007
5004
2497
5004
752
5004
4945
2872
3670
3631
2396
2307
2431
2691
3300
2691
3385
2691
3530
2691
3907
2691
602
511
811
1278
3045
2232
3068
2232
1918
1911
4780
4017
1859
4017
3592
4017
2342
4771
3374
4531
3681
1768
4772
3516
3797
3516
4621
3516
2339
767
3176
4966
2364
4966
1713
2705
1610
2876
3546
3512
2169
2236
772
2236
2742
1196
1583
1196
976
1196
1001
1347
1906
1347
3226
1347
2118
2603
2127
2125
1924
2125
2981
4438
2331
4438
4506
4438
4447
4419
3782
4419
3144
3128
4217
4208
2813
4208
4245
2053
1966
2053
425
470
250
171
3595
4049
5035
4049
2883
4049
4888
2863
4888
2863
2431
3299
3300
3299
3530
3299
716
1192
2498
770
4404
4074
3229
4074
1969
3009
993
1731
2200
1731
1383
1731
3368
4340
953
4340
532
586
2695
2316
1095
5023
1117
5023
2134
1774
4820
3507
1740
3507
1689
946
3748
3749
1854
1819
3930
4006
610
653
2248
1284
1074
925
25
88
299
88
122
88
2185
2312
530
676
679
676
545
676
460
676
3593
3890
4233
3890
3443
1271
527
541
4633
853
1254
853
3724
4002
1896
4002
3888
4002
1430
1781
1935
1781
795
942
3428
3691
2335
1484
3935
3872
2327
2631
2319
2631
2297
2631
1031
2631
875
2631
1176
2631
4275
2631
2903
2631
2037
2631
4166
2631
3528
2631
2324
2631
2901
2631
1101
2631
1250
2631
4348
2631
3278
2631
1833
4432
1950
4432
3308
3307
4923
4871
4919
4871
1373
4871
171
4
4893
2516
4013
4645
2012
3232
4692
3017
2314
3705
4455
3705
4268
4233
4028
4233
2288
1380
1605
1380
1802
3876
4266
3876
1148
934
3620
1339
1583
1339
4843
1339
2165
1471
1339
3236
4012
1703
999
1703
1885
1703
350
213
2515
2512
2741
2512
3465
2512
3254
1088
1380
1088
2886
3610
3432
3610
1436
708
2134
2105
792
2486
792
3264
792
1872
792
1316
792
3100
1170
387
684
594
684
519
684
1619
1930
3179
1930
1087
4603
4639
4603
1294
796
4771
796
4442
4176
4181
4176
3986
4176
4333
4176
3884
4176
461
618
559
618
421
643
706
643
642
643
983
2126
3757
4931
3757
3645
1827
4455
3499
2218
3499
824
3499
1795
3499
3454
3499
2275
4852
3242
3316
737
3316
334
183
710
5013
2629
5013
3600
5013
1470
1167
2416
1167
4666
1478
3733
1478
3061
4490
4717
3006
2510
2507
98
368
3891
2749
3369
2749
3443
4524
2890
2151
4247
2231
4247
3973
928
1656
928
3232
3312
3125
3312
3388
3312
1313
4388
4462
4388
1155
1094
3609
1094
5022
1094
1107
1094
3615
1094
1179
1094
268
130
321
130
1546
1710
2598
3002
3117
3002
1871
3002
3413
3603
2853
3603
103
114
4431
1055
1751
3125
713
714
2026
2128
755
759
758
759
1312
3053
4578
1123
132
155
3742
1605
189
101
316
101
313
101
3314
3863
2302
2299
2226
2299
3162
1591
2228
4160
2234
4160
2639
4160
1014
4160
2654
4160
2648
4160
1275
4160
2397
4160
4540
4160
4365
4160
4522
4160
1164
4160
2646
4160
2642
4160
4499
4160
2643
4160
1796
4160
930
4160
4478
4160
4444
4160
4394
4160
813
4160
955
4160
2229
4160
4689
4160
2385
4160
2151
4160
1020
4160
2231
4160
1278
4160
3710
4160
2197
1865
999
1865
1885
1865
4008
4009
1127
4009
3816
2592
1968
3732
44
41
1426
3191
1629
3191
1779
3191
1425
3191
475
400
592
400
581
400
4083
4379
4476
4379
4404
3969
1134
3969
3894
4024
4797
4024
2610
4024
2420
1954
1182
1330
4015
4728
4879
1203
3429
1203
3207
1203
3599
4917
3306
3355
3786
3355
4650
3736
719
3194
1425
3545
2047
4838
2596
522
544
1183
3423
3473
1353
607
533
2099
2960
334
324
163
324
4773
3205
3803
3205
265
360
3529
2463
2414
2463
3030
2463
889
847
1219
847
2338
831
3690
831
3689
831
3002
831
2989
3782
1056
3272
1079
3272
862
3272
4300
3272
2536
3272
876
3272
871
3272
4485
3272
4423
3272
3814
3272
2636
3272
4273
3272
3269
2001
4813
2001
1353
2001
3079
3907
3603
3394
3056
1670
2487
1670
1535
1670
1704
1670
4838
1670
3400
3276
3277
3276
3145
950
2520
950
1734
3567
4929
4902
1357
4902
4068
4902
1893
1995
3762
1995
1886
3786
3121
3786
1879
3786
43
12
4655
4553
2689
4553
3271
3490
3413
3993
2072
2559
4771
2559
2363
2743
4966
2743
127
327
4941
4139
2617
4018
1378
4018
3260
4018
2257
4509
2261
4509
2083
4509
1838
1948
3682
1667
4528
1667
507
514
669
514
572
514
4703
3035
3071
3035
4652
3035
219
28
3643
4692
3675
4692
3101
4692
1213
4194
4355
4194
362
122
1648
3263
1251
3263
1208
1210
2878
3570
4473
2899
3676
2899
4541
2899
2057
4220
960
4220
4830
1265
778
1265
2718
3080
4029
3916
4874
3916
4918
3916
1415
4995
1415
4995
1514
3039
3718
3039
2705
1511
1124
1636
1073
5030
632
575
2249
2472
4434
2472
1751
3388
4604
4464
4536
4464
1405
2290
3123
3912
4709
4641
2073
2476
4889
4875
1124
1632
2988
2977
2882
4962
1615
4962
2193
2272
4629
2907
3998
2907
4487
2907
3783
2907
4393
2907
1165
2907
4497
2907
4502
2907
3813
2907
3705
2907
430
526
919
2782
3842
2782
2279
1878
2718
1311
4697
2394
4430
2394
1139
4802
501
670
673
670
3667
4960
3858
2786
4774
2276
179
17
289
17
259
17
196
148
4065
4999
5009
4999
1510
2567
4538
2567
2337
2993
4101
2993
2256
1814
3893
4484
4665
1659
1201
2490
1036
4096
231
77
2735
2732
1720
3592
1956
810
637
622
618
622
2998
2969
1857
3024
1516
3024
412
396
1322
2191
4648
3047
3725
3596
3352
1465
2122
4817
1903
4817
3358
4817
1429
1428
2201
2736
1343
2355
3730
2355
2280
2355
3577
3463
820
3463
2451
3463
4399
3463
4279
3463
2761
3463
1704
2423
699
603
4956
3960
2206
2205
701
697
454
697
2229
2039
3041
2080
726
727
2052
2916
2310
2916
2691
3472
1576
4713
1700
1696
926
2388
798
2388
1904
1884
3293
1884
4967
1884
4924
1884
3631
1884
227
260
1197
1231
3320
1231
1267
2912
2933
2912
3180
3290
3231
1871
3379
3977
2351
3977
3073
3977
3208
3977
4721
3977
3976
3977
1607
4099
3700
4336
4121
4336
3248
1808
2420
4535
2642
3476
4394
3476
3669
4775
3856
4775
1526
1692
1989
1692
794
4414
2326
4414
2934
4414
1099
4414
805
4414
2307
4414
759
4414
1038
1530
1038
1530
2148
803
1189
803
4752
803
4431
4359
1452
3559
2213
2033
2035
2033
2357
3743
3629
3743
4824
3743
1901
1745
3722
3018
2110
4035
3489
4035
3735
4035
4720
4035
4768
4035
2278
4035
4063
2263
3066
2263
1860
2263
1434
2289
3899
4937
3899
1923
3899
4676
2570
1962
2570
4562
880
970
880
2452
839
2766
839
155
225
474
619
4458
4273
2675
4273
265
107
4759
2703
4649
2703
4109
2088
3913
1512
1461
2380
754
2339
2722
2339
4669
2471
3842
2471
2734
1516
1735
1516
3537
1516
3113
1516
811
4745
1090
3768
2989
4110
3712
3911
3641
2017
4921
2017
2865
2017
3514
3278
4110
3278
526
542
4063
2484
3542
2484
3069
2484
445
460
428
460
604
460
1034
1631
1192
1631
981
5024
2446
5024
2530
5024
4736
2827
4693
4625
2631
629
779
3159
501
495
640
495
1009
888
1166
888
2244
4243
1072
4243
786
4243
4422
4243
4077
2930
3794
2930
2713
2170
2189
2170
3605
2170
1489
1134
4037
1134
4028
1134
1758
3781
1286
832
4798
832
1285
832
1283
832
4854
2094
3965
2094
1331
2710
2496
2710
1721
2710
2560
923
2943
923
1010
923
2002
3628
3271
4723
3271
4782
3271
4175
512
3957
1890
4088
1890
2506
1890
2719
4078
4756
4078
2276
4078
2580
855
2686
855
3808
855
2347
855
1903
2006
3227
2006
1193
3284
832
3284
4674
1507
3995
1507
3749
1507
1209
836
2653
3819
4400
3819
4325
3819
809
3819
818
3819
1185
3819
2389
3819
4300
3819
959
3819
820
3819
935
3819
4215
3819
4450
3819
805
3819
3876
3819
2388
3819
2768
3819
1908
1749
3139
1749
1910
1749
3183
3774
1412
3774
872
4607
227
168
2626
5003
3334
2167
1325
2167
2433
2167
157
352
2997
2478
1978
2591
4905
2865
2023
2865
4055
3731
93
91
4550
4282
4336
4282
974
3192
3052
1299
911
1299
3053
1299
4845
4056
2857
2605
4964
2605
2858
2605
1899
2605
612
583
1239
4612
1294
4612
1131
2123
1767
2123
3535
2123
4676
4561
4634
4561
894
2685
4237
4008
4237
1207
4237
969
4237
4408
4237
2821
4237
2813
4237
787
4237
4143
4237
2814
4237
3472
4237
3759
632
4194
632
2907
632
858
2055
1164
4426
1278
4426
1128
4763
3347
3475
3347
1472
3196
4007
3827
4620
4500
4083
4500
1585
1757
4158
4154
4231
4154
886
4154
4186
4154
1649
4154
1149
4154
4201
4154
877
4154
4277
4154
880
4154
3380
4154
3370
4652
2703
1499
4514
4311
2238
4311
4338
4262
1133
4262
5016
5014
710
5014
4047
4169
4442
2159
340
140
339
140
135
140
146
140
985
4827
3930
4808
3930
1345
3930
3177
3170
3804
3170
4648
4581
1524
4581
4986
1610
4049
1610
39
19
88
19
148
19
1045
4398
2831
4398
3460
610
2438
3088
4058
4893
3703
2981
1236
2331
1236
4506
1236
1753
3339
4918
3339
1756
3471
3302
3471
2285
3471
231
79
3825
3380
1134
3380
1328
1705
2350
1705
2728
1876
2601
1876
3880
1876
806
2911
852
2911
915
2911
1657
2911
4814
2278
2760
1232
4134
1232
4074
1232
3602
4845
4095
4845
4921
4845
2023
4845
4498
2768
2085
2768
4138
4671
2608
4671
3430
4671
385
557
1730
1307
4799
1307
2000
1872
1008
3484
2181
3484
1042
3484
2094
1691
4788
2009
4856
2009
3134
2009
2851
3865
1730
3865
4831
3865
1913
2731
2014
2731
647
380
4904
3591
3590
3591
2198
1863
3790
2192
1888
2192
3604
3605
4920
3123
1754
3123
3138
3123
1902
3123
2863
3123
4482
1053
4726
2196
4815
2196
4749
2196
4027
2347
2714
2347
2846
2347
2272
2347
1530
2347
1322
3055
3112
3055
1931
1125
2029
1603
4573
3710
4608
3710
1007
3710
1544
2271
1289
2781
2983
2781
1810
2781
2808
2781
752
3094
2724
1312
3403
2819
2262
2819
4064
2819
1855
2819
4710
2819
4784
2819
226
109
2790
2774
4673
4593
4927
2284
2314
3478
1272
3478
4790
1316
1103
98
3673
98
1069
3167
466
685
413
685
467
685
443
685
